日期,开盘,最高,最低,收盘,成交量,成交额,换手率,涨跌幅
2019-01-02,1.97,1.98,1.95,1.95,15599321.0,30621842.35,0.163163,-1.015227
2019-01-03,1.96,1.97,1.95,1.96,17364218.0,34055920.13,0.181623,0.51282
2019-01-04,1.95,2.0,1.94,2.0,32180309.0,63655059.65,0.336594,2.040814
2019-01-07,2.01,2.04,2.0,2.03,41607980.0,84004327.8,0.435204,1.499999
2019-01-08,2.02,2.03,2.0,2.02,26882971.0,54130150.71,0.281186,-0.49261
2019-01-09,2.01,2.04,2.01,2.02,52275794.0,105903364.26,0.546786,0.0
2019-01-10,2.02,2.02,2.0,2.0,31590038.0,63394514.14,0.33042,-0.990098
2019-01-11,2.0,2.02,2.0,2.02,31446557.0,63214980.05,0.32892,0.999999
2019-01-14,2.01,2.03,2.01,2.03,36143094.0,73145999.52,0.378044,0.495049
2019-01-15,2.02,2.03,2.01,2.02,30091900.0,60830102.18,0.31475,-0.49261
2019-01-16,2.02,2.03,2.01,2.02,23500576.0,47437304.76,0.245808,0.0
2019-01-17,2.02,2.06,2.0,2.03,64154470.0,130299664.0,0.671033,0.495049
2019-01-18,2.02,2.08,2.01,2.06,105037925.0,215807272.7,1.098659,1.477831
2019-01-21,2.06,2.07,2.04,2.05,60035614.0,123439353.18,0.627951,-0.485436
2019-01-22,2.06,2.06,2.02,2.03,31223251.0,63502604.53,0.326584,-0.975609
2019-01-23,2.02,2.03,2.01,2.02,21211100.0,42832816.0,0.22186,-0.49261
2019-01-24,2.02,2.03,2.01,2.02,27602695.0,55672008.66,0.288714,0.0
2019-01-25,2.02,2.02,2.0,2.01,27991028.0,56349644.28,0.292776,-0.495049
2019-01-28,2.02,2.03,2.0,2.0,22119745.0,44572299.7,0.231365,-0.497512
2019-01-29,2.0,2.01,1.95,1.99,40937846.0,80891270.64,0.428195,-0.499999
2019-01-30,1.98,1.99,1.97,1.97,18607405.0,36832079.9,0.194627,-1.005024
2019-01-31,1.98,2.0,1.96,1.98,36326080.0,72002412.6,0.379958,0.507614
2019-02-01,1.97,2.01,1.97,2.01,30008480.0,59791181.0,0.313878,1.51515
2019-02-11,2.01,2.04,2.01,2.04,37641388.0,76308055.65,0.393715,1.492536
2019-02-12,2.03,2.05,2.02,2.05,41160133.0,83936978.12,0.43052,0.490196
2019-02-13,2.05,2.09,2.04,2.09,96605340.0,200087548.68,1.010457,1.951218
2019-02-14,2.08,2.09,2.06,2.07,51374197.0,106316620.83,0.537356,-0.956937
2019-02-15,2.07,2.08,2.05,2.05,35677133.0,73678812.98,0.37317,-0.966183
2019-02-18,2.06,2.12,2.06,2.11,97847052.0,204167227.35,1.023445,2.926826
2019-02-19,2.1,2.12,2.08,2.1,70484411.0,147939129.1,0.737242,-0.473933
2019-02-20,2.11,2.17,2.11,2.14,111037456.0,237585609.92,1.161412,1.904771
2019-02-21,2.14,2.15,2.11,2.12,82002497.0,175118340.85,0.857717,-0.93459
2019-02-22,2.12,2.14,2.09,2.14,82112240.0,173302798.61,0.858864,0.943407
2019-02-25,2.16,2.35,2.16,2.35,344345008.0,781249837.03,3.601725,9.813074
2019-02-26,2.36,2.5,2.31,2.37,352060944.0,846277536.42,3.68243,0.851063
2019-02-27,2.33,2.41,2.31,2.35,160208804.0,378562447.77,1.675726,-0.843881
2019-02-28,2.35,2.39,2.34,2.37,117352720.0,277424745.12,1.227467,0.851063
2019-03-01,2.38,2.39,2.33,2.38,96334358.0,227158414.73,1.007623,0.421951
2019-03-04,2.38,2.45,2.38,2.42,210989048.0,510707961.27,2.206869,1.68067
2019-03-05,2.4,2.46,2.38,2.46,171506574.0,415064076.71,1.793897,1.652891
2019-03-06,2.47,2.56,2.45,2.56,252911932.0,636132784.99,2.645368,4.065037
2019-03-07,2.55,2.82,2.53,2.82,440436784.0,1217452096.15,4.60681,10.15625
2019-03-08,2.94,3.06,2.8,2.83,943333024.0,2773146096.91,9.866923,0.35461
2019-03-11,2.82,2.85,2.71,2.84,392257824.0,1089821808.53,4.102875,0.353357
2019-03-12,2.83,2.87,2.78,2.86,344167456.0,973524460.66,3.599867,0.704225
2019-03-13,2.85,2.85,2.71,2.75,255637579.0,707737844.75,2.673877,-3.84615
2019-03-14,2.69,2.78,2.55,2.59,226826781.0,600589241.78,2.372526,-5.818185
2019-03-15,2.6,2.64,2.56,2.62,141678612.0,370699228.61,1.481907,1.1583
2019-03-18,2.64,2.68,2.63,2.68,131326178.0,349911234.04,1.373624,2.290083
2019-03-19,2.68,2.69,2.63,2.66,109792709.0,291323922.07,1.148392,-0.746268
2019-03-20,2.66,2.66,2.61,2.64,98106005.0,258790790.05,1.026153,-0.751879
2019-03-21,2.67,2.74,2.65,2.67,195673356.0,527323176.19,2.046673,1.136363
2019-03-22,2.66,2.67,2.61,2.65,114364040.0,301580796.0,1.196207,-0.749063
2019-03-25,2.61,2.63,2.58,2.58,112064768.0,292133072.52,1.172157,-2.641516
2019-03-26,2.59,2.61,2.5,2.51,109795781.0,279510976.99,1.148424,-2.713176
2019-03-27,2.52,2.55,2.49,2.51,72231370.0,181571938.28,0.755514,0.0
2019-03-28,2.51,2.51,2.47,2.47,68600559.0,170779043.74,0.717537,-1.593624
2019-03-29,2.48,2.56,2.47,2.56,129919128.0,328456471.68,1.358907,3.643721
2019-04-01,2.61,2.76,2.59,2.74,256542605.0,692365439.32,2.683343,7.031253
2019-04-02,2.74,2.74,2.66,2.73,220627371.0,596037521.68,2.307683,-0.364963
2019-04-03,2.69,2.73,2.68,2.72,126585399.0,343203127.15,1.324038,-0.3663
2019-04-04,2.74,2.79,2.68,2.72,195570156.0,533847105.46,2.045593,0.0
2019-04-08,2.72,2.82,2.69,2.74,238022821.0,653778206.78,2.489633,0.735293
2019-04-09,2.73,2.73,2.66,2.7,118499317.0,319133164.97,1.23946,-1.459853
2019-04-10,2.69,2.7,2.64,2.67,129661850.0,344941630.44,1.356216,-1.11111
2019-04-11,2.68,2.7,2.64,2.64,90574148.0,241449302.15,0.947373,-1.123594
2019-04-12,2.64,2.66,2.6,2.62,76625937.0,200993815.48,0.80148,-0.757584
2019-04-15,2.69,2.71,2.62,2.62,89713452.0,238821040.5,0.93837,0.0
2019-04-16,2.61,2.73,2.59,2.72,218221413.0,587146796.11,2.282517,3.816799
2019-04-17,2.7,2.72,2.67,2.69,115198474.0,310065863.65,1.204934,-1.10294
2019-04-18,2.68,2.74,2.65,2.66,127609718.0,343426954.29,1.334752,-1.115241
2019-04-19,2.65,2.67,2.62,2.67,86671375.0,229358382.66,0.906551,0.375939
2019-04-22,2.67,2.68,2.62,2.63,82264955.0,217562323.37,0.860462,-1.498126
2019-04-23,2.62,2.64,2.6,2.6,77242294.0,201808166.07,0.807927,-1.140692
2019-04-24,2.62,2.62,2.57,2.61,58840862.0,152831037.2,0.615454,0.384615
2019-04-25,2.59,2.6,2.5,2.5,87628726.0,223829950.98,0.916565,-4.214555
2019-04-26,2.5,2.52,2.48,2.49,75416845.0,188209866.05,0.788833,-0.4
2019-04-29,2.5,2.5,2.43,2.44,69263450.0,170955191.63,0.724471,-2.00803
2019-04-30,2.44,2.51,2.44,2.5,50875401.0,126514695.47,0.532138,2.459014
2019-05-06,2.45,2.45,2.28,2.32,112854395.0,267788937.71,1.180416,-7.200003
2019-05-07,2.33,2.37,2.31,2.36,71071927.0,166856548.11,0.743387,1.724136
2019-05-08,2.31,2.4,2.3,2.37,58391898.0,138137120.28,0.610758,0.423728
2019-05-09,2.35,2.38,2.34,2.36,34691417.0,81931365.37,0.36286,-0.42194
2019-05-10,2.37,2.41,2.34,2.41,67671503.0,161463704.65,0.70782,2.118652
2019-05-13,2.39,2.4,2.36,2.37,38052185.0,90458436.6,0.398012,-1.659759
2019-05-14,2.35,2.37,2.34,2.35,36447865.0,85881734.4,0.381232,-0.843881
2019-05-15,2.36,2.39,2.35,2.38,42009830.0,99685937.22,0.439408,1.276605
2019-05-16,2.37,2.48,2.37,2.45,97882165.0,239709865.6,1.023812,2.941174
2019-05-17,2.45,2.46,2.36,2.36,62536000.0,150053532.0,0.654104,-3.673476
2019-05-20,2.36,2.38,2.31,2.37,50400201.0,118387133.78,0.527168,0.423728
2019-05-21,2.37,2.46,2.36,2.43,69945104.0,169408806.59,0.731601,2.531653
2019-05-22,2.44,2.47,2.42,2.43,55315800.0,135082036.0,0.578583,0.0
2019-05-23,2.41,2.43,2.39,2.39,32360311.0,77919141.09,0.338477,-1.646089
2019-05-24,2.38,2.43,2.37,2.38,37287890.0,89253118.32,0.390018,-0.41841
2019-05-27,2.38,2.43,2.37,2.42,42565666.0,102356000.56,0.445222,1.68067
2019-05-28,2.41,2.44,2.39,2.41,47017498.0,113576722.32,0.491786,-0.413223
2019-05-29,2.41,2.45,2.4,2.43,42318752.0,102619042.27,0.442639,0.829875
2019-05-30,2.4,2.43,2.38,2.42,53845335.0,129340620.74,0.563203,0.833333
2019-05-31,2.41,2.43,2.39,2.41,43168546.0,104312084.86,0.451527,-0.413223
2019-06-03,2.41,2.42,2.38,2.38,39656238.0,95011308.93,0.41479,-1.244812
2019-06-04,2.37,2.4,2.34,2.35,37395281.0,88438444.34,0.391141,-1.260513
2019-06-05,2.37,2.38,2.36,2.36,27694237.0,65663093.69,0.289672,0.425532
2019-06-06,2.36,2.37,2.32,2.33,33467757.0,78474105.22,0.350061,-1.271185
2019-06-10,2.34,2.36,2.32,2.35,42564312.0,99878513.92,0.445207,0.858368
2019-06-11,2.35,2.43,2.35,2.43,58394893.0,140492908.9,0.61079,3.404262
2019-06-12,2.42,2.47,2.41,2.44,74864476.0,182918658.57,0.783055,0.411522
2019-06-13,2.43,2.44,2.41,2.43,36757487.0,89107724.16,0.38447,-0.409836
2019-06-14,2.44,2.51,2.42,2.45,85536507.0,210609488.36,0.894681,0.823044
2019-06-17,2.43,2.46,2.4,2.41,56024309.0,135867141.82,0.585994,-1.632651
2019-06-18,2.42,2.44,2.41,2.43,39372111.0,95446362.07,0.411818,0.829875
2019-06-19,2.47,2.48,2.43,2.44,47412786.0,116222130.26,0.495921,0.411522
2019-06-20,2.44,2.49,2.43,2.47,83135423.0,204678449.22,0.869567,1.229507
2019-06-21,2.48,2.56,2.47,2.5,98456143.0,247251573.56,1.029816,1.214574
2019-06-24,2.49,2.53,2.48,2.5,52388935.0,130997281.15,0.547969,0.0
2019-06-25,2.5,2.55,2.5,2.52,120354334.0,303274091.27,1.258863,0.799999
2019-06-26,2.49,2.5,2.45,2.46,66987048.0,165663155.86,0.70066,-2.38095
2019-06-27,2.47,2.49,2.46,2.47,56912413.0,140773038.48,0.595283,0.406504
2019-06-28,2.47,2.48,2.45,2.46,47382687.0,116852359.97,0.495606,-0.404858
2019-07-01,2.48,2.51,2.47,2.49,84184139.0,209428022.86,0.880536,1.219511
2019-07-02,2.48,2.48,2.44,2.46,58730224.0,144313852.85,0.614297,-1.204818
2019-07-03,2.47,2.47,2.41,2.42,47518500.0,115586419.0,0.497026,-1.626015
2019-07-04,2.43,2.44,2.39,2.41,42515692.0,102768655.96,0.444699,-0.413223
2019-07-05,2.41,2.42,2.38,2.4,35436555.0,84731625.55,0.370654,-0.414937
2019-07-08,2.39,2.4,2.31,2.33,69846178.0,163633655.34,0.730566,-2.916674
2019-07-09,2.33,2.34,2.31,2.33,31554478.0,73330303.91,0.330048,0.0
2019-07-10,2.33,2.34,2.3,2.3,33099233.0,76712640.9,0.346206,-1.287552
2019-07-11,2.32,2.35,2.31,2.33,37646690.0,87815907.65,0.393771,1.304347
2019-07-12,2.32,2.34,2.31,2.34,28042533.0,65283151.56,0.293315,0.429184
2019-07-15,2.33,2.37,2.31,2.35,49110356.0,115060983.67,0.513677,0.42735
2019-07-16,2.35,2.37,2.35,2.36,26280689.0,61996439.04,0.274887,0.425532
2019-07-17,2.36,2.36,2.34,2.35,28871344.0,67847647.35,0.301984,-0.423728
2019-07-18,2.35,2.38,2.34,2.34,39695505.0,93492798.74,0.415201,-0.425532
2019-07-19,2.36,2.42,2.36,2.4,92821622.0,222300013.73,0.970881,2.564111
2019-07-22,2.39,2.39,2.33,2.35,65645059.0,154481179.42,0.686624,-2.083341
2019-07-23,2.34,2.35,2.33,2.34,29503718.0,69007493.82,0.308598,-0.425532
2019-07-24,2.34,2.37,2.34,2.35,33274906.0,78414797.01,0.348044,0.42735
2019-07-25,2.35,2.36,2.33,2.35,27932038.0,65417576.92,0.292159,0.0
2019-07-26,2.34,2.35,2.32,2.35,30829012.0,71976587.08,0.3225,0.0
2019-07-29,2.34,2.35,2.32,2.32,28695958.0,66791488.56,0.300149,-1.276595
2019-07-30,2.33,2.35,2.32,2.33,40906897.0,95559283.68,0.4279,0.431
2019-07-31,2.33,2.33,2.29,2.32,45484646.0,105137541.4,0.4758,-0.4292
2019-08-01,2.31,2.32,2.3,2.31,31838908.0,73534416.75,0.333,-0.431
2019-08-02,2.29,2.3,2.28,2.29,40029893.0,91530369.86,0.4187,-0.8658
2019-08-05,2.27,2.29,2.25,2.26,44692095.0,101497605.45,0.4675,-1.31
2019-08-06,2.24,2.25,2.15,2.18,63729412.0,139901371.78,0.6666,-3.5398
2019-08-07,2.19,2.25,2.18,2.24,67605919.0,150328694.75,0.7071,2.7523
2019-08-08,2.24,2.27,2.24,2.25,36402138.0,81874314.93,0.3808,0.4464
2019-08-09,2.26,2.26,2.22,2.22,32858176.0,73460110.29,0.3437,-1.3333
2019-08-12,2.23,2.24,2.2,2.23,32127902.0,71249268.42,0.336,0.4504
2019-08-13,2.22,2.23,2.2,2.22,24372850.0,53943345.5,0.2549,-0.4484
2019-08-14,2.24,2.25,2.22,2.23,29111600.0,64960694.26,0.3045,0.4504
2019-08-15,2.2,2.23,2.18,2.21,31257781.0,68816782.42,0.3269,-0.8969
2019-08-16,2.22,2.23,2.2,2.21,23310426.0,51610038.46,0.2438,0.0
2019-08-19,2.22,2.26,2.21,2.25,42954120.0,95997104.8,0.4493,1.81
2019-08-20,2.25,2.29,2.24,2.26,48912374.0,110896467.98,0.5116,0.4444
2019-08-21,2.26,2.26,2.24,2.24,29928300.0,67251788.0,0.313,-0.885
2019-08-22,2.25,2.26,2.22,2.23,22661410.0,50636498.3,0.237,-0.4464
2019-08-23,2.23,2.27,2.22,2.25,35594625.0,80004548.0,0.3723,0.8969
2019-08-26,2.22,2.24,2.21,2.24,37781033.0,84219688.36,0.3952,-0.4444
2019-08-27,2.23,2.28,2.23,2.26,67364202.0,152389647.15,0.7046,0.8929
2019-08-28,2.27,2.27,2.25,2.27,41277180.0,93287809.78,0.4317,0.4425
2019-08-29,2.27,2.27,2.25,2.25,28365102.0,63982439.5,0.2967,-0.8811
2019-08-30,2.26,2.27,2.22,2.24,47073353.0,105566801.43,0.4924,-0.4444
2019-09-02,2.24,2.27,2.23,2.26,65505331.0,147105195.47,0.6852,0.8929
2019-09-03,2.25,2.26,2.23,2.23,47646398.0,106595567.86,0.4984,-1.3274
2019-09-04,2.23,2.25,2.23,2.25,59919673.0,134165119.93,0.6267,0.8969
2019-09-05,2.26,2.3,2.25,2.28,110939342.0,253463256.5,1.1604,1.3333
2019-09-06,2.29,2.29,2.26,2.27,55016470.0,125007445.4,0.5755,-0.4386
2019-09-09,2.29,2.3,2.27,2.28,66436952.0,151415999.31,0.6949,0.4405
2019-09-10,2.29,2.34,2.28,2.31,96616803.0,222794606.48,1.0106,1.3158
2019-09-11,2.31,2.32,2.28,2.3,72895694.0,167460518.2,0.7625,-0.4329
2019-09-12,2.3,2.34,2.28,2.33,94391923.0,218782762.95,0.9873,1.3043
2019-09-16,2.34,2.38,2.32,2.33,89150671.0,209518549.09,0.9325,0.0
2019-09-17,2.33,2.33,2.26,2.27,69939315.0,159879155.3,0.7315,-2.5751
2019-09-18,2.26,2.28,2.23,2.24,64319904.0,144724600.97,0.6728,-1.3216
2019-09-19,2.24,2.25,2.2,2.24,51558366.0,114560946.2,0.5393,0.0
2019-09-20,2.23,2.25,2.22,2.24,43174528.0,96463768.61,0.4516,0.0
2019-09-23,2.23,2.24,2.2,2.22,44320637.0,97886583.58,0.4636,-0.8929
2019-09-24,2.22,2.23,2.2,2.21,31983351.0,70883440.54,0.3345,-0.4504
2019-09-25,2.21,2.21,2.19,2.2,31882885.0,69976355.15,0.3335,-0.4525
2019-09-26,2.19,2.2,2.17,2.18,35578999.0,77611871.83,0.3721,-0.9091
2019-09-27,2.17,2.2,2.16,2.19,27382189.0,59702263.13,0.2864,0.4587
2019-09-30,2.18,2.19,2.16,2.17,22616800.0,49166899.0,0.2366,-0.9132
2019-10-08,2.16,2.19,2.16,2.18,21511462.0,46813398.86,0.225,0.4608
2019-10-09,2.17,2.18,2.16,2.18,15974415.0,34705027.55,0.1671,0.0
2019-10-10,2.18,2.19,2.17,2.19,16515699.0,36065294.22,0.1727,0.4587
2019-10-11,2.19,2.2,2.18,2.2,18281040.0,40061956.5,0.1912,0.4566
2019-10-14,2.2,2.23,2.2,2.21,38018237.0,84235318.24,0.3977,0.4545
2019-10-15,2.21,2.22,2.18,2.19,28719948.0,63087448.12,0.3004,-0.905
2019-10-16,2.19,2.2,2.17,2.17,25684255.0,56038115.36,0.2686,-0.9132
2019-10-17,2.17,2.23,2.17,2.2,41030208.0,90120645.14,0.4292,1.3825
2019-10-18,2.19,2.2,2.16,2.16,31789670.0,69213717.05,0.3325,-1.8182
2019-10-21,2.17,2.17,2.15,2.17,25927459.0,56056639.44,0.2712,0.463
2019-10-22,2.17,2.19,2.16,2.18,29412189.0,64009438.47,0.3076,0.4608
2019-10-23,2.17,2.18,2.16,2.17,15377600.0,33377540.0,0.1608,-0.4587
2019-10-24,2.18,2.22,2.16,2.21,49221495.0,107862239.11,0.5148,1.8433
2019-10-25,2.19,2.2,2.17,2.19,37449461.0,81647700.91,0.3917,-0.905
2019-10-28,2.18,2.19,2.17,2.19,31215092.0,68100906.61,0.3265,0.0
2019-10-29,2.19,2.19,2.16,2.16,24209000.0,52590713.0,0.2532,-1.3699
2019-10-30,2.16,2.17,2.15,2.16,24822851.0,53580046.65,0.2596,0.0
2019-10-31,2.16,2.17,2.15,2.17,19370627.0,41870833.24,0.2026,0.463
2019-11-01,2.16,2.19,2.15,2.18,33586711.0,72819299.69,0.3513,0.4608
2019-11-04,2.17,2.19,2.17,2.17,20867923.0,45440235.91,0.2183,-0.4587
2019-11-05,2.17,2.19,2.17,2.18,28759500.0,62681451.0,0.3008,0.4608
2019-11-06,2.18,2.19,2.17,2.18,26135093.0,56938732.68,0.2734,0.0
2019-11-07,2.18,2.18,2.16,2.17,16838823.0,36550664.69,0.1761,-0.4587
2019-11-08,2.18,2.18,2.17,2.17,21693466.0,47188303.22,0.2269,0.0
2019-11-11,2.17,2.17,2.13,2.14,33241805.0,71453981.75,0.3477,-1.3825
2019-11-12,2.14,2.15,2.13,2.14,20945134.0,44813669.36,0.2191,0.0
2019-11-13,2.15,2.15,2.12,2.13,25774966.0,54907980.02,0.2696,-0.4673
2019-11-14,2.13,2.13,2.12,2.12,17212962.0,36552817.44,0.18,-0.4695
2019-11-15,2.12,2.13,2.1,2.11,21627573.0,45780095.76,0.2262,-0.4717
2019-11-18,2.11,2.11,2.08,2.11,24714867.0,51832827.03,0.2585,0.0
2019-11-19,2.1,2.14,2.09,2.14,23492640.0,49849554.54,0.2457,1.4218
2019-11-20,2.14,2.14,2.12,2.12,13976605.0,29730031.65,0.1462,-0.9346
2019-11-21,2.12,2.12,2.1,2.12,13961645.0,29512353.95,0.146,0.0
2019-11-22,2.12,2.15,2.11,2.13,28028962.0,59715250.46,0.2932,0.4717
2019-11-25,2.13,2.19,2.12,2.18,62008946.0,134458230.58,0.6486,2.3474
2019-11-26,2.18,2.19,2.14,2.16,49970315.0,107809805.36,0.5227,-0.9174
2019-11-27,2.16,2.16,2.14,2.15,24928394.0,53553432.81,0.2607,-0.463
2019-11-28,2.14,2.15,2.13,2.13,15708715.0,33572595.95,0.1643,-0.9302
2019-11-29,2.13,2.14,2.12,2.13,19465654.0,41476783.27,0.2036,0.0
2019-12-02,2.13,2.15,2.12,2.13,24698519.0,52818440.77,0.2583,0.0
2019-12-03,2.13,2.14,2.12,2.14,16571236.0,35357611.68,0.1733,0.4695
2019-12-04,2.13,2.15,2.13,2.14,17155750.0,36715999.4,0.1794,0.0
2019-12-05,2.15,2.16,2.14,2.15,20150088.0,43376204.2,0.2108,0.4673
2019-12-06,2.15,2.16,2.14,2.16,13776651.0,29664790.65,0.1441,0.4651
2019-12-09,2.17,2.19,2.16,2.17,29744516.0,64509433.56,0.3111,0.463
2019-12-10,2.17,2.23,2.16,2.19,81520704.0,179460227.0,0.8527,0.9217
2019-12-11,2.18,2.2,2.17,2.19,35901858.0,78288276.39,0.3755,0.0
2019-12-12,2.2,2.22,2.18,2.19,35133067.0,77113067.29,0.3675,0.0
2019-12-13,2.19,2.2,2.18,2.2,37315955.0,81852613.4,0.3903,0.4566
2019-12-16,2.22,2.22,2.19,2.2,41696678.0,91626713.82,0.4361,0.0
2019-12-17,2.2,2.24,2.19,2.23,113354649.0,251264278.85,1.1856,1.3636
2019-12-18,2.22,2.23,2.2,2.22,53827094.0,119323684.74,0.563,-0.4484
2019-12-19,2.21,2.22,2.2,2.21,30623127.0,67713653.52,0.3203,-0.4504
2019-12-20,2.22,2.22,2.2,2.2,39679021.0,87640275.17,0.415,-0.4525
2019-12-23,2.2,2.21,2.16,2.17,39944695.0,86997079.45,0.4178,-1.3636
2019-12-24,2.17,2.26,2.16,2.25,132910835.0,295637803.09,1.3902,3.6866
2019-12-25,2.24,2.25,2.21,2.23,88567450.0,197483208.35,0.9264,-0.8889
2019-12-26,2.23,2.3,2.22,2.26,117673236.0,265767096.37,1.2308,1.3453
2019-12-27,2.25,2.4,2.25,2.33,211809353.0,490484352.39,2.2154,3.0973
2019-12-30,2.3,2.39,2.29,2.36,149045355.0,348460211.19,1.559,1.2876
2019-12-31,2.34,2.36,2.31,2.33,82482417.0,192274731.5,0.8627,-1.2712
2020-01-02,2.36,2.37,2.33,2.34,101987652.0,240134673.0,1.0668,0.4292
2020-01-03,2.35,2.35,2.32,2.32,73546737.0,171474718.94,0.7693,-0.8547
2020-01-06,2.32,2.35,2.31,2.33,73489291.0,171543511.03,0.7687,0.431
2020-01-07,2.33,2.37,2.32,2.34,76948902.0,180146090.05,0.8049,0.4292
2020-01-08,2.33,2.35,2.3,2.32,79061763.0,184156476.85,0.827,-0.8547
2020-01-09,2.33,2.34,2.31,2.33,50252350.0,116763442.0,0.5256,0.431
2020-01-10,2.32,2.33,2.28,2.3,51752637.0,119028853.73,0.5413,-1.2876
2020-01-13,2.3,2.3,2.26,2.29,40774603.0,92994048.93,0.4265,-0.4348
2020-01-14,2.3,2.34,2.3,2.3,58071866.0,134809249.99,0.6074,0.4367
2020-01-15,2.32,2.33,2.28,2.29,48324193.0,111078062.97,0.5055,-0.4348
2020-01-16,2.3,2.33,2.29,2.3,41730897.0,96360658.45,0.4365,0.4367
2020-01-17,2.31,2.32,2.28,2.29,35945816.0,82476793.31,0.376,-0.4348
2020-01-20,2.28,2.32,2.28,2.31,37716710.0,86689383.82,0.3583,0.8734
2020-01-21,2.3,2.31,2.23,2.25,64132646.0,145346138.27,0.6093,-2.5974
2020-01-22,2.23,2.26,2.2,2.26,55198536.0,123152378.97,0.5244,0.4444
2020-01-23,2.23,2.25,2.19,2.21,58696365.0,130203841.65,0.5576,-2.2124
2020-02-03,1.99,1.99,1.99,1.99,40658600.0,80910614.0,0.3863,-9.9548
2020-02-04,1.86,2.0,1.86,1.96,121352240.0,237440617.63,1.1528,-1.5075
2020-02-05,1.96,2.02,1.96,2.0,85731053.0,171321008.22,0.8144,2.0408
2020-02-06,2.01,2.02,1.97,2.01,78960518.0,157537487.35,0.7501,0.5
2020-02-07,2.0,2.0,1.98,1.99,50070086.0,99585409.04,0.4757,-0.995
2020-02-10,1.99,2.03,1.98,2.03,62780741.0,126181882.02,0.5964,2.01
2020-02-11,2.03,2.08,2.02,2.05,63017860.0,129276366.85,0.5987,0.9852
2020-02-12,2.04,2.1,2.04,2.08,65712395.0,135818428.65,0.6243,1.4634
2020-02-13,2.07,2.08,2.05,2.06,57675798.0,119013439.74,0.5479,-0.9615
2020-02-14,2.05,2.1,2.04,2.08,75183878.0,155916813.44,0.7142,0.9709
2020-02-17,2.07,2.14,2.06,2.13,98109237.0,206305539.86,0.932,2.4039
2020-02-18,2.12,2.15,2.11,2.14,77453052.0,164863532.24,0.7358,0.4695
2020-02-19,2.14,2.18,2.14,2.14,62652552.0,134985356.83,0.5952,0.0
2020-02-20,2.14,2.16,2.12,2.16,56326911.0,120655877.12,0.5351,0.9346
2020-02-21,2.15,2.18,2.15,2.16,55201205.0,119196471.68,0.5244,0.0
2020-02-24,2.16,2.16,2.12,2.15,71025923.0,152024276.86,0.6747,-0.463
2020-02-25,2.12,2.13,2.09,2.13,90294364.0,190899274.9,0.8578,-0.9302
2020-02-26,2.12,2.18,2.1,2.17,121495188.0,261214749.29,1.1542,1.8779
2020-02-27,2.16,2.19,2.14,2.15,64654684.0,139645881.68,0.6142,-0.9217
2020-02-28,2.11,2.13,2.06,2.06,106746037.0,222842606.71,1.0141,-4.1861
2020-03-02,2.06,2.15,2.06,2.13,89302315.0,188453344.01,0.8484,3.3981
2020-03-03,2.15,2.17,2.12,2.13,71496822.0,153221052.06,0.6792,0.0
2020-03-04,2.13,2.16,2.11,2.16,74288362.0,159058602.06,0.7057,1.4084
2020-03-05,2.17,2.21,2.15,2.2,129284574.0,281860997.52,1.2282,1.8518
2020-03-06,2.18,2.19,2.16,2.17,63666208.0,138298419.79,0.6048,-1.3636
2020-03-09,2.14,2.15,2.1,2.1,74928600.0,158935401.0,0.7118,-3.2258
2020-03-10,2.09,2.15,2.07,2.14,98131980.0,206518135.13,0.9322,1.9048
2020-03-11,2.15,2.15,2.11,2.11,59206600.0,126160328.0,0.5625,-1.4019
2020-03-12,2.09,2.1,2.07,2.08,60331093.0,125726885.65,0.5731,-1.4218
2020-03-13,2.02,2.08,2.0,2.06,67480207.0,137507084.76,0.6411,-0.9615
2020-03-16,2.07,2.09,2.03,2.04,56676523.0,117002980.1,0.5384,-0.9709
2020-03-17,2.02,2.06,2.01,2.04,48865566.0,99231607.31,0.4642,0.0
2020-03-18,2.04,2.05,2.01,2.01,49670912.0,100919705.23,0.4719,-1.4706
2020-03-19,1.99,2.01,1.96,1.98,70836492.0,140383107.87,0.6729,-1.4925
2020-03-20,1.99,2.01,1.97,2.0,62528379.0,124323746.25,0.594,1.0101
2020-03-23,1.97,1.98,1.96,1.97,35200923.0,69303448.08,0.3344,-1.5
2020-03-24,1.99,2.01,1.98,2.01,40882880.0,81663911.21,0.3884,2.0305
2020-03-25,2.04,2.06,2.01,2.03,43885055.0,89035756.63,0.4169,0.995
2020-03-26,2.01,2.02,1.99,1.99,30153463.0,60478196.31,0.2865,-1.9704
2020-03-27,2.01,2.02,1.99,2.0,41192440.0,82525119.95,0.3913,0.5025
2020-03-30,1.98,1.99,1.97,1.99,26102225.0,51641969.5,0.248,-0.5
2020-03-31,2.0,2.01,1.98,1.99,29112487.0,57931262.76,0.2766,0.0
2020-04-01,1.98,2.01,1.98,1.99,28485052.0,56781064.43,0.2706,0.0
2020-04-02,1.98,2.0,1.97,2.0,30963299.0,61399070.07,0.2941,0.5025
2020-04-03,1.99,2.0,1.98,1.98,17025866.0,33855831.68,0.1617,-1.0
2020-04-07,2.0,2.03,2.0,2.03,48923331.0,98648706.31,0.4648,2.5252
2020-04-08,2.02,2.04,2.0,2.03,41117374.0,83217611.26,0.3906,0.0
2020-04-09,2.04,2.04,2.02,2.02,26294350.0,53381994.0,0.2498,-0.4926
2020-04-10,2.03,2.04,2.0,2.0,23833659.0,48029562.0,0.2264,-0.9901
2020-04-13,2.0,2.01,1.99,2.0,23836971.0,47706821.0,0.2264,0.0
2020-04-14,2.01,2.03,2.0,2.02,33843138.0,68345951.18,0.3215,1.0
2020-04-15,2.02,2.02,1.99,2.0,31139870.0,62373489.0,0.2958,-0.9901
2020-04-16,1.99,2.01,1.98,2.0,25747440.0,51381175.6,0.2446,0.0
2020-04-17,2.0,2.01,1.99,1.99,26475455.0,52886597.45,0.2515,-0.5
2020-04-20,1.99,2.0,1.98,2.0,26813405.0,53451797.95,0.2547,0.5025
2020-04-21,1.99,2.0,1.98,1.98,24912829.0,49380745.42,0.2367,-1.0
2020-04-22,1.98,1.99,1.97,1.99,25348922.0,50277021.56,0.2408,0.5051
2020-04-23,1.99,2.0,1.98,1.99,22714742.0,45086223.68,0.2158,0.0
2020-04-24,1.99,1.99,1.96,1.97,27212393.0,53650433.64,0.2585,-1.005
2020-04-27,1.97,1.98,1.95,1.95,31047544.0,60979457.93,0.2949,-1.0152
2020-04-28,1.96,1.96,1.89,1.91,45185967.0,86724373.36,0.4293,-2.0513
2020-04-29,1.91,1.92,1.91,1.92,20096167.0,38498772.97,0.1909,0.5236
2020-04-30,1.92,1.94,1.92,1.94,22136602.0,42825971.08,0.2103,1.0417
2020-05-06,1.92,1.95,1.91,1.94,41936755.0,80998906.05,0.3984,0.0
2020-05-07,1.93,1.94,1.92,1.93,26236778.0,50557057.76,0.2492,-0.5155
2020-05-08,1.93,1.95,1.92,1.94,38807557.0,75130936.34,0.3687,0.5181
2020-05-11,1.94,1.96,1.94,1.96,41459023.0,80807954.27,0.3939,1.0309
2020-05-12,1.95,1.96,1.93,1.94,30368255.0,58938732.92,0.2885,-1.0204
2020-05-13,1.94,1.95,1.92,1.94,21636944.0,41812600.92,0.2055,0.0
2020-05-14,1.93,1.94,1.92,1.92,17154752.0,33020366.84,0.163,-1.0309
2020-05-15,1.93,1.93,1.92,1.92,17984595.0,34574094.4,0.1709,0.0
2020-05-18,1.92,1.95,1.91,1.94,48085980.0,93074892.06,0.4568,1.0417
2020-05-19,1.95,1.96,1.93,1.93,35087505.0,68015718.65,0.3333,-0.5155
2020-05-20,1.93,1.94,1.9,1.91,48571000.0,93109096.0,0.4614,-1.0363
2020-05-21,1.91,1.92,1.89,1.89,34966467.0,66567163.97,0.3322,-1.0471
2020-05-22,1.88,1.89,1.87,1.88,38534380.0,72289618.21,0.3661,-0.5291
2020-05-25,1.87,1.88,1.86,1.87,22984529.0,42977826.94,0.2184,-0.5319
2020-05-26,1.87,1.89,1.87,1.88,22986731.0,43154764.22,0.2184,0.5348
2020-05-27,1.88,1.89,1.87,1.87,20267520.0,37967899.4,0.1925,-0.5319
2020-05-28,1.88,1.89,1.86,1.88,31185810.0,58590220.05,0.2963,0.5348
2020-05-29,1.88,1.89,1.86,1.89,30801320.0,57873998.5,0.2926,0.5319
2020-06-01,1.89,1.93,1.88,1.92,44858887.0,85773894.5,0.4262,1.5873
2020-06-02,1.92,1.93,1.9,1.93,43590417.0,83572482.71,0.4141,0.5208
2020-06-03,1.93,1.94,1.91,1.91,39679110.0,76413226.25,0.3769,-1.0363
2020-06-04,1.92,1.93,1.91,1.92,30844756.0,59247173.52,0.293,0.5236
2020-06-05,1.92,1.92,1.9,1.91,33190850.0,63408964.9,0.3153,-0.5208
2020-06-08,1.93,1.98,1.92,1.96,77534986.0,151530242.95,0.7366,2.6178
2020-06-09,1.95,1.96,1.93,1.94,46698408.0,90639257.91,0.4436,-1.0204
2020-06-10,1.95,1.97,1.92,1.93,50736529.0,98306671.64,0.482,-0.5155
2020-06-11,1.94,1.95,1.92,1.93,62097753.0,120320277.55,0.5899,0.0
2020-06-12,1.91,1.95,1.89,1.95,97561153.0,187666835.95,0.9268,1.0363
2020-06-15,1.94,1.94,1.91,1.92,51983824.0,99900631.27,0.4938,-1.5385
2020-06-16,1.92,1.95,1.91,1.94,59070912.0,114132019.74,0.5612,1.0417
2020-06-17,1.93,1.93,1.91,1.92,46281808.0,88776672.98,0.4397,-1.0309
2020-06-18,1.92,1.96,1.91,1.95,63589315.0,123665034.32,0.6041,1.5625
2020-06-19,1.94,1.95,1.92,1.95,51342526.0,99511751.48,0.4877,0.0
2020-06-22,1.94,1.96,1.93,1.93,38775155.0,75364119.72,0.3684,-0.5155
2020-06-23,1.93,1.94,1.92,1.92,35927455.0,69219023.87,0.3413,-0.5181
2020-06-24,1.92,1.93,1.91,1.91,29651350.0,56802955.5,0.2817,-0.5208
2020-06-29,1.91,1.95,1.91,1.95,71720569.0,138809411.91,0.6813,2.0942
2020-06-30,1.95,1.95,1.93,1.93,36898812.0,71594583.48,0.3505,-1.0256
2020-07-01,1.95,1.99,1.94,1.99,101813319.0,200649537.77,0.9672,3.1088
2020-07-02,1.98,2.06,1.97,2.04,151248914.0,304964216.75,1.4368,2.5126
2020-07-03,2.05,2.09,2.03,2.05,126964032.0,261842844.52,1.2061,0.4902
2020-07-06,2.08,2.25,2.08,2.24,241221745.0,525391909.07,2.2916,9.2683
2020-07-07,2.29,2.34,2.18,2.19,248979340.0,558891672.83,2.3653,-2.2321
2020-07-08,2.18,2.34,2.17,2.3,228398663.0,517064773.01,2.1698,5.0228
2020-07-09,2.33,2.38,2.27,2.34,229925810.0,534452090.3,2.1843,1.7391
2020-07-10,2.31,2.31,2.24,2.26,157463450.0,359118590.88,1.4959,-3.4188
2020-07-13,2.3,2.41,2.29,2.39,257850464.0,607963312.98,2.4496,5.7522
2020-07-14,2.35,2.38,2.28,2.33,191461223.0,445455932.31,1.8189,-2.5105
2020-07-15,2.33,2.35,2.23,2.25,134268531.0,305734061.88,1.2755,-3.4335
2020-07-16,2.24,2.28,2.16,2.16,131885646.0,293011828.93,1.2529,-4.0
2020-07-17,2.16,2.19,2.12,2.15,95448057.0,206208926.62,0.9067,-0.463
2020-07-20,2.16,2.25,2.15,2.25,112842866.0,249726143.51,1.072,4.6512
2020-07-21,2.25,2.28,2.22,2.24,86003555.0,193111813.55,0.817,-0.4444
2020-07-22,2.3,2.34,2.23,2.24,125467357.0,286200748.29,1.1919,0.0
2020-07-23,2.23,2.26,2.2,2.24,92965161.0,207088786.46,0.8832,0.0
2020-07-24,2.22,2.25,2.15,2.16,113676949.0,249935224.39,1.0799,-3.5714
2020-07-27,2.19,2.24,2.15,2.22,112892363.0,248879662.75,1.0725,2.7778
2020-07-28,2.28,2.33,2.24,2.26,187620781.0,428810094.24,1.7824,1.8018
2020-07-29,2.24,2.26,2.19,2.26,111343423.0,247911666.94,1.0578,0.0
2020-07-30,2.26,2.26,2.22,2.23,80010277.0,178941486.43,0.7601,-1.3274
2020-07-31,2.23,2.31,2.22,2.28,146983064.0,334307025.37,1.3963,2.2422
2020-08-03,2.27,2.3,2.26,2.29,131921171.0,301190134.1,1.2532,0.4386
2020-08-04,2.3,2.34,2.26,2.31,170572737.0,392735276.35,1.6204,0.8734
2020-08-05,2.31,2.32,2.27,2.32,133019630.0,305844645.05,1.2637,0.4329
2020-08-06,2.32,2.55,2.31,2.48,460463808.0,1114874783.2,4.3744,6.8966
2020-08-07,2.5,2.52,2.37,2.41,267960951.0,653793028.27,2.5456,-2.8226
2020-08-10,2.38,2.39,2.32,2.34,138666449.0,325925354.26,1.3173,-2.9046
2020-08-11,2.35,2.39,2.28,2.28,147127896.0,344077783.75,1.3977,-2.5641
2020-08-12,2.25,2.26,2.2,2.25,113720165.0,253335968.15,1.0803,-1.3158
2020-08-13,2.24,2.27,2.24,2.26,71473097.0,161298970.85,0.679,0.4444
2020-08-14,2.27,2.28,2.24,2.28,65339035.0,148102988.37,0.6207,0.885
2020-08-17,2.27,2.33,2.26,2.33,95934551.0,221259981.33,0.9114,2.193
2020-08-18,2.34,2.38,2.33,2.35,94376215.0,222014313.15,0.8966,0.8584
2020-08-19,2.38,2.4,2.35,2.37,123783835.0,294376057.6,1.1759,0.8511
2020-08-20,2.35,2.35,2.3,2.31,81377878.0,188871970.19,0.7731,-2.5316
2020-08-21,2.31,2.34,2.3,2.32,54857183.0,127206547.9,0.5211,0.4329
2020-08-24,2.32,2.32,2.28,2.29,55676890.0,127837288.1,0.5289,-1.2931
2020-08-25,2.3,2.31,2.25,2.26,57948344.0,131781084.03,0.5505,-1.31
2020-08-26,2.26,2.27,2.22,2.23,60507497.0,135851362.8,0.5748,-1.3274
2020-08-27,2.25,2.27,2.24,2.26,40762840.0,91930241.46,0.3872,1.3453
2020-08-28,2.26,2.31,2.24,2.31,67060413.0,152642960.61,0.6371,2.2124
2020-08-31,2.31,2.36,2.28,2.29,110139557.0,255869135.34,1.0463,-0.8658
2020-09-01,2.3,2.34,2.29,2.34,90162679.0,208743638.44,0.8565,2.1834
2020-09-02,2.32,2.33,2.26,2.29,84479975.0,193660604.24,0.8026,-2.1368
2020-09-03,2.28,2.32,2.26,2.27,55344000.0,126626339.02,0.5258,-0.8734
2020-09-04,2.25,2.33,2.24,2.32,92737010.0,212320070.99,0.881,2.2026
2020-09-07,2.35,2.39,2.34,2.34,166811569.0,394485971.79,1.5847,0.8621
2020-09-08,2.36,2.37,2.32,2.37,98119276.0,230700475.79,0.9321,1.2821
2020-09-09,2.34,2.42,2.34,2.39,166982519.0,398347141.26,1.5863,0.8439
2020-09-10,2.42,2.43,2.29,2.3,134965758.0,317368872.87,1.2822,-3.7657
2020-09-11,2.28,2.32,2.26,2.3,66681786.0,152817728.35,0.6335,0.0
2020-09-14,2.32,2.34,2.3,2.31,59492584.0,137856323.88,0.5652,0.4348
2020-09-15,2.31,2.34,2.29,2.32,50075536.0,116026876.16,0.4757,0.4329
2020-09-16,2.31,2.32,2.28,2.29,54365100.0,124904643.77,0.5165,-1.2931
2020-09-17,2.29,2.31,2.26,2.28,50863800.0,116008665.95,0.4832,-0.4367
2020-09-18,2.3,2.37,2.29,2.35,109226621.0,254965505.65,1.0376,3.0702
2020-09-21,2.38,2.46,2.37,2.38,172935140.0,416513939.99,1.6429,1.2766
2020-09-22,2.35,2.4,2.34,2.36,94198545.0,223401346.55,0.8949,-0.8403
2020-09-23,2.36,2.37,2.29,2.3,87339840.0,202870194.0,0.8297,-2.5424
2020-09-24,2.29,2.29,2.22,2.24,95346329.0,214914901.33,0.9058,-2.6087
2020-09-25,2.24,2.26,2.22,2.24,45586445.0,102057469.4,0.4331,0.0
2020-09-28,2.24,2.25,2.21,2.23,39944130.0,88912484.42,0.3795,-0.4464
2020-09-29,2.24,2.27,2.23,2.24,53515112.0,120392643.32,0.5084,0.4484
2020-09-30,2.25,2.25,2.21,2.23,36800792.0,82068151.16,0.3496,-0.4464
2020-10-09,2.27,2.29,2.25,2.27,59077784.0,134190291.34,0.5612,1.7937
2020-10-12,2.28,2.32,2.28,2.31,59706667.0,137461597.79,0.5672,1.7621
2020-10-13,2.31,2.32,2.25,2.27,56966375.0,129479200.5,0.5412,-1.7316
2020-10-14,2.26,2.29,2.25,2.26,42090916.0,95455387.24,0.3999,-0.4405
2020-10-15,2.27,2.27,2.25,2.25,30648667.0,69260824.67,0.2912,-0.4425
2020-10-16,2.26,2.27,2.24,2.25,38842055.0,87575075.75,0.369,0.0
2020-10-19,2.26,2.3,2.25,2.26,49997700.0,113708941.0,0.475,0.4444
2020-10-20,2.26,2.26,2.23,2.25,39616422.0,88814443.56,0.3764,-0.4425
2020-10-21,2.27,2.28,2.24,2.26,34947051.0,78874272.75,0.332,0.4444
2020-10-22,2.25,2.26,2.23,2.24,35572768.0,79807402.88,0.3379,-0.885
2020-10-23,2.24,2.25,2.22,2.22,31131604.0,69602619.83,0.2957,-0.8929
2020-10-26,2.23,2.23,2.2,2.22,31546510.0,69952365.1,0.2997,0.0
2020-10-27,2.21,2.22,2.19,2.21,37506810.0,82705173.26,0.3563,-0.4505
2020-10-28,2.21,2.22,2.16,2.22,41007888.0,89915275.15,0.3896,0.4525
2020-10-29,2.19,2.21,2.18,2.19,32551702.0,71410659.38,0.3092,-1.3514
2020-10-30,2.21,2.23,2.16,2.17,53540431.0,117500447.32,0.5086,-0.9132
2020-11-02,2.17,2.18,2.16,2.18,46831679.0,101642779.98,0.4449,0.4608
2020-11-03,2.18,2.28,2.18,2.26,105014101.0,235577206.7,0.9976,3.6697
2020-11-04,2.26,2.28,2.24,2.26,66020255.0,148983722.76,0.6272,0.0
2020-11-05,2.27,2.29,2.26,2.28,63911682.0,145376311.17,0.6072,0.885
2020-11-06,2.28,2.32,2.28,2.29,71304912.0,163708648.74,0.6774,0.4386
2020-11-09,2.31,2.38,2.31,2.35,165041209.0,388021771.15,1.5679,2.6201
2020-11-10,2.36,2.43,2.34,2.38,197471390.0,471434769.36,1.876,1.2766
2020-11-11,2.38,2.45,2.36,2.4,174284399.0,420506398.09,1.6557,0.8403
2020-11-12,2.39,2.42,2.36,2.4,104309825.0,249741829.34,0.9909,0.0
2020-11-13,2.4,2.47,2.39,2.42,154107240.0,373590307.98,1.464,0.8333
2020-11-16,2.44,2.66,2.44,2.66,302325712.0,783274988.79,2.8721,9.9174
2020-11-17,2.66,2.72,2.53,2.57,566904864.0,1484193198.2,5.3856,-3.3835
2020-11-18,2.54,2.72,2.53,2.63,436374608.0,1146762666.93,4.1455,2.3346
2020-11-19,2.58,2.67,2.54,2.67,292179536.0,760108139.33,2.7757,1.5209
2020-11-20,2.67,2.74,2.61,2.73,458571344.0,1228202278.12,4.3564,2.2472
2020-11-23,2.77,2.86,2.71,2.75,528872848.0,1474523342.79,5.0243,0.7326
2020-11-24,2.7,2.8,2.65,2.77,366287120.0,995171047.99,3.4797,0.7273
2020-11-25,2.78,2.82,2.64,2.64,280746144.0,760463257.27,2.6671,-4.6931
2020-11-26,2.64,2.69,2.6,2.68,201856437.0,534768386.36,1.9176,1.5152
2020-11-27,2.69,2.7,2.58,2.67,241160429.0,636296688.16,2.291,-0.3731
2020-11-30,2.7,2.84,2.68,2.7,415082432.0,1145619990.53,3.9433,1.1236
2020-12-01,2.69,2.75,2.64,2.72,203854906.0,550283622.33,1.9366,0.7407
2020-12-02,2.75,2.81,2.7,2.73,223242523.0,614320831.45,2.1208,0.3676
2020-12-03,2.7,2.71,2.62,2.64,218748791.0,580966879.73,2.0781,-3.2967
2020-12-04,2.64,2.68,2.62,2.67,140850924.0,373601244.35,1.3381,1.1364
2020-12-07,2.67,2.7,2.56,2.57,190207915.0,496536284.48,1.807,-3.7453
2020-12-08,2.55,2.58,2.51,2.53,129600042.0,328803810.27,1.2312,-1.5564
2020-12-09,2.55,2.58,2.51,2.51,123360805.0,312940900.32,1.1719,-0.7905
2020-12-10,2.49,2.51,2.44,2.51,125275038.0,310491270.65,1.1901,0.0
2020-12-11,2.59,2.61,2.44,2.48,192919952.0,487908188.64,1.8327,-1.1952
2020-12-14,2.43,2.47,2.4,2.45,110483955.0,268880785.64,1.0496,-1.2097
2020-12-15,2.43,2.44,2.39,2.42,86667449.0,209147006.12,0.8233,-1.2245
2020-12-16,2.44,2.48,2.41,2.43,103089264.0,252170653.39,0.9793,0.4132
2020-12-17,2.43,2.57,2.42,2.55,191653374.0,480140370.45,1.8207,4.9383
2020-12-18,2.56,2.61,2.54,2.57,185009084.0,477228423.21,1.7576,0.7843
2020-12-21,2.58,2.63,2.55,2.61,178380330.0,461039131.61,1.6946,1.5564
2020-12-22,2.57,2.58,2.44,2.47,178330565.0,448966866.01,1.6941,-5.364
2020-12-23,2.45,2.53,2.44,2.49,121065435.0,300529279.95,1.1501,0.8097
2020-12-24,2.53,2.58,2.5,2.53,127091255.0,322446605.65,1.2074,1.6064
2020-12-25,2.53,2.62,2.5,2.6,157787116.0,406282626.16,1.499,2.7668
2020-12-28,2.62,2.65,2.59,2.6,172303307.0,451036794.21,1.6369,0.0
2020-12-29,2.61,2.62,2.5,2.51,137939155.0,350719174.21,1.3104,-3.4615
2020-12-30,2.5,2.58,2.49,2.55,101025917.0,257293609.23,0.9597,1.5936
2020-12-31,2.54,2.6,2.53,2.57,119436029.0,306874932.45,1.1346,0.7843
2021-01-04,2.58,2.66,2.57,2.64,208487915.0,547166655.25,1.9806,2.7237
2021-01-05,2.62,2.65,2.59,2.63,148829377.0,389914477.56,1.4139,-0.3788
2021-01-06,2.68,2.7,2.58,2.61,153116605.0,402276669.64,1.4546,-0.7605
2021-01-07,2.59,2.74,2.59,2.7,280031616.0,749848828.02,2.6603,3.4483
2021-01-08,2.72,2.77,2.63,2.77,293651104.0,792236911.43,2.7897,2.5926
2021-01-11,2.73,2.73,2.53,2.54,349412256.0,916908254.45,3.3194,-8.3032
2021-01-12,2.49,2.54,2.45,2.53,164122997.0,408856690.36,1.5592,-0.3937
2021-01-13,2.54,2.6,2.48,2.49,177482874.0,451169740.5,1.6861,-1.581
2021-01-14,2.49,2.5,2.4,2.42,163672987.0,398658070.05,1.5549,-2.8112
2021-01-15,2.44,2.48,2.42,2.43,94474952.0,231089503.15,0.8975,0.4132
2021-01-18,2.42,2.45,2.38,2.44,101239095.0,245084234.85,0.9618,0.4115
2021-01-19,2.43,2.44,2.39,2.41,91175805.0,219694494.72,0.8662,-1.2295
2021-01-20,2.41,2.47,2.4,2.46,112431866.0,274156966.98,1.0681,2.0747
2021-01-21,2.47,2.55,2.44,2.53,164964047.0,413976888.86,1.5672,2.8455
2021-01-22,2.53,2.55,2.49,2.51,120603386.0,303263416.83,1.1457,-0.7905
2021-01-25,2.51,2.58,2.5,2.52,128241899.0,325896895.91,1.2183,0.3984
2021-01-26,2.51,2.55,2.44,2.48,110922363.0,276321510.94,1.0538,-1.5873
2021-01-27,2.47,2.49,2.42,2.42,88754237.0,216554870.28,0.8432,-2.4194
2021-01-28,2.39,2.4,2.31,2.34,127549764.0,300314658.82,1.2117,-3.3058
2021-01-29,2.36,2.38,2.28,2.29,87518001.0,203086678.47,0.8314,-2.1368
2021-02-01,2.29,2.34,2.28,2.33,69580293.0,160987263.39,0.661,1.7467
2021-02-02,2.33,2.33,2.29,2.3,62811223.0,144746944.8,0.5967,-1.2876
2021-02-03,2.29,2.31,2.23,2.27,94667436.0,215069924.38,0.8993,-1.3043
2021-02-04,2.28,2.28,2.2,2.24,87772405.0,196366071.43,0.8338,-1.3216
2021-02-05,2.24,2.27,2.21,2.23,77077776.0,172697123.21,0.7322,-0.4464
2021-02-08,2.26,2.31,2.24,2.29,84613930.0,192740676.0,0.8038,2.6906
2021-02-09,2.31,2.36,2.31,2.35,92095425.0,215617733.42,0.8749,2.6201
2021-02-10,2.35,2.46,2.33,2.44,143427495.0,344439189.0,1.3626,3.8298
2021-02-18,2.68,2.68,2.63,2.68,372639104.0,996625782.4,3.5401,9.8361
2021-02-19,2.68,2.79,2.64,2.76,495174528.0,1343404544.32,4.7041,2.9851
2021-02-22,2.99,3.04,2.96,3.04,241179246.0,730000914.6,2.2912,10.1449
2021-02-23,3.09,3.34,3.04,3.2,1177601568.0,3752275205.78,11.1872,5.2632
2021-02-24,3.13,3.17,3.01,3.05,658491872.0,2033710597.89,6.2557,-4.6875
2021-02-25,3.21,3.24,3.06,3.07,544688448.0,1701918259.89,5.1745,0.6557
2021-02-26,2.9,3.07,2.85,2.97,445604000.0,1321352102.24,4.2332,-3.2573
2021-03-01,2.96,3.01,2.9,2.99,386818048.0,1144509827.28,3.6748,0.6734
2021-03-02,2.95,2.95,2.79,2.82,435357536.0,1234208857.47,4.1359,-5.6856
2021-03-03,2.86,2.9,2.82,2.87,305006336.0,872850649.63,2.8976,1.773
2021-03-04,2.82,3.07,2.79,2.92,486304896.0,1412211489.48,4.6199,1.7422
2021-03-05,2.82,2.89,2.74,2.86,315074880.0,883111297.8,2.9932,-2.0548
2021-03-08,2.92,2.94,2.81,2.81,239944446.0,689379238.83,2.2795,-1.7483
2021-03-09,2.81,3.08,2.73,2.96,532561792.0,1559682831.5,5.0593,5.3381
2021-03-10,2.91,2.98,2.84,2.88,299353248.0,870498253.32,2.8438,-2.7027
2021-03-11,2.88,3.14,2.87,3.1,571320848.0,1729133418.57,5.4275,7.6389
2021-03-12,3.04,3.05,2.97,3.02,389672208.0,1170510486.45,3.7019,-2.5806
2021-03-15,3.04,3.1,2.98,3.04,306704880.0,933078174.0,2.9137,0.6623
2021-03-16,3.01,3.02,2.9,2.94,283576192.0,836673960.68,2.694,-3.2895
2021-03-17,2.88,2.92,2.82,2.9,211844812.0,606450905.11,2.0125,-1.3605
2021-03-18,2.94,2.96,2.85,2.85,170696365.0,492324873.47,1.6216,-1.7241
2021-03-19,2.8,2.87,2.79,2.86,176489149.0,500520575.08,1.6766,0.3509
2021-03-22,2.84,2.91,2.83,2.87,146816024.0,420819113.82,1.3947,0.3497
2021-03-23,2.88,2.9,2.77,2.78,176224646.0,495586272.44,1.6741,-3.1359
2021-03-24,2.72,2.77,2.65,2.66,188581105.0,507140044.12,1.7915,-4.3165
2021-03-25,2.63,2.7,2.63,2.64,101587584.0,270896301.22,0.9651,-0.7519
2021-03-26,2.64,2.7,2.64,2.7,117637728.0,314372865.2,1.1176,2.2727
2021-03-29,2.71,2.72,2.66,2.7,103706485.0,278339364.24,0.9852,0.0
2021-03-30,2.69,2.74,2.64,2.72,121681970.0,327422822.0,1.156,0.7407
2021-03-31,2.69,2.7,2.65,2.67,83166428.0,221821600.66,0.7901,-1.8382
2021-04-01,2.67,2.7,2.65,2.69,80986747.0,216611897.46,0.7694,0.7491
2021-04-02,2.69,2.73,2.65,2.71,121028393.0,325869633.37,1.1498,0.7435
2021-04-06,2.74,2.78,2.72,2.73,136226859.0,374739301.13,1.2942,0.738
2021-04-07,2.7,2.76,2.68,2.75,120211037.0,327507886.13,1.142,0.7326
2021-04-08,2.78,3.03,2.77,2.94,567492320.0,1665175598.19,5.3912,6.9091
2021-04-09,2.9,2.91,2.83,2.85,299813504.0,859263078.99,2.8482,-3.0612
2021-04-12,2.84,2.87,2.78,2.8,189868607.0,535601314.57,1.8037,-1.7544
2021-04-13,2.79,2.82,2.76,2.82,117105110.0,327576215.67,1.1125,0.7143
2021-04-14,2.82,2.84,2.77,2.82,113402255.0,318203716.17,1.0773,0.0
2021-04-15,2.85,2.94,2.83,2.93,294394064.0,849334215.63,2.7967,3.9007
2021-04-16,2.99,3.01,2.89,2.9,254836059.0,749849011.79,2.4209,-1.0239
2021-04-19,2.88,2.97,2.86,2.95,257274979.0,752504820.8,2.4441,1.7241
2021-04-20,2.92,2.92,2.87,2.88,210778428.0,609786699.89,2.0024,-2.3729
2021-04-21,2.84,2.85,2.79,2.83,140009176.0,394430539.16,1.3301,-1.7361
2021-04-22,2.86,2.89,2.81,2.82,132352831.0,376972583.05,1.2573,-0.3534
2021-04-23,2.8,2.85,2.79,2.83,132997670.0,374955837.9,1.2635,0.3546
2021-04-26,2.87,2.96,2.86,2.9,315967472.0,921288603.52,3.0017,2.4735
2021-04-27,2.95,2.98,2.9,2.95,320882992.0,946545003.17,3.0484,1.7241
2021-04-28,2.88,2.88,2.83,2.87,201757008.0,576596219.28,1.9167,-2.7119
2021-04-29,2.93,2.94,2.87,2.91,178666005.0,519710173.1,1.6973,1.3937
2021-04-30,2.89,2.9,2.81,2.85,179586706.0,512232314.18,1.7061,-2.0619
2021-05-06,2.91,2.98,2.91,2.95,330329504.0,975252291.05,3.1381,3.5088
2021-05-07,3.01,3.08,2.98,3.01,398042672.0,1204411529.83,3.7814,2.0339
2021-05-10,3.15,3.31,3.11,3.31,711265040.0,2331404348.85,6.757,9.9668
2021-05-11,3.23,3.24,3.09,3.15,707687744.0,2241699132.51,6.723,-4.8338
2021-05-12,3.15,3.21,3.12,3.17,362708864.0,1147832970.8,3.4457,0.6349
2021-05-13,3.07,3.08,2.96,2.99,391858080.0,1181006951.77,3.7226,-5.6782
2021-05-14,2.99,3.0,2.91,2.96,283297568.0,833074291.54,2.6913,-1.0033
2021-05-17,2.93,3.0,2.91,2.97,235377445.0,695038229.35,2.2361,0.3378
2021-05-18,3.01,3.04,2.98,3.01,229177089.0,690928565.22,2.1772,1.3468
2021-05-19,2.95,2.95,2.92,2.94,179847722.0,528548707.46,1.7085,-2.3256
2021-05-20,2.8,2.92,2.78,2.89,272460928.0,773808249.98,2.5884,-1.7007
2021-05-21,2.87,2.94,2.86,2.91,157083198.0,455331613.57,1.4923,0.692
2021-05-24,2.86,2.91,2.85,2.87,125350968.0,360667097.86,1.1908,-1.3746
2021-05-25,2.89,2.93,2.86,2.92,127883319.0,370667505.83,1.2149,1.7422
2021-05-26,2.9,2.94,2.88,2.92,133470114.0,387909945.54,1.268,0.0
2021-05-27,2.92,2.92,2.89,2.9,92170423.0,267171304.19,0.8756,-0.6849
2021-05-28,2.95,3.0,2.91,2.93,190906079.0,564001068.67,1.8136,1.0345
2021-05-31,2.91,2.92,2.88,2.89,133884813.0,387347987.33,1.2719,0.0
2021-06-01,2.87,2.9,2.84,2.9,158542397.0,454938750.33,1.5061,0.346
2021-06-02,2.88,2.9,2.83,2.84,131813698.0,376929839.1,1.2522,-2.069
2021-06-03,2.83,2.9,2.82,2.88,143513474.0,411643063.03,1.3634,1.4085
2021-06-04,2.83,2.87,2.8,2.84,129502176.0,366100053.93,1.2303,-1.3889
2021-06-07,2.84,2.86,2.81,2.83,103554917.0,293832301.1,0.9838,-0.3521
2021-06-08,2.83,2.84,2.76,2.8,121377593.0,338848785.37,1.1531,-1.0601
2021-06-09,2.8,2.83,2.78,2.82,88853397.0,249637339.67,0.8441,0.7143
2021-06-10,2.81,2.84,2.8,2.83,118976681.0,335726370.5,1.1303,0.3546
2021-06-11,2.83,2.86,2.8,2.83,122355405.0,346577763.73,1.1624,0.0
2021-06-15,2.81,2.83,2.72,2.73,147496121.0,406691831.05,1.4012,-3.5336
2021-06-16,2.71,2.76,2.71,2.73,112097418.0,307294507.45,1.0649,0.0
2021-06-17,2.73,2.76,2.72,2.72,67622537.0,184960339.11,0.6424,-0.3663
2021-06-18,2.71,2.74,2.63,2.73,127024793.0,340744559.81,1.2067,0.3676
2021-06-21,2.71,2.73,2.68,2.68,82010475.0,221705153.0,0.7791,-1.8315
2021-06-22,2.72,2.75,2.7,2.74,85468938.0,233338336.89,0.8119,2.2388
2021-06-23,2.74,2.76,2.7,2.74,88278433.0,241403386.74,0.8386,0.0
2021-06-24,2.75,2.77,2.73,2.73,79793393.0,219032019.04,0.758,-0.365
2021-06-25,2.74,2.83,2.73,2.82,152245530.0,425000190.25,1.4463,3.2967
2021-06-28,2.81,2.82,2.75,2.76,92530914.0,257489147.5,0.879,-2.1277
2021-06-29,2.76,2.77,2.7,2.7,78027562.0,212516432.02,0.7413,-2.1739
2021-06-30,2.7,2.73,2.69,2.72,59715224.0,161692886.13,0.5673,0.7407
2021-07-01,2.73,2.74,2.66,2.67,70791800.0,190992469.0,0.6725,-1.8382
2021-07-02,2.72,2.83,2.71,2.77,209874065.0,583090279.56,1.9938,3.7453
2021-07-05,2.79,2.92,2.78,2.86,285727472.0,822573818.56,2.7144,3.2491
2021-07-06,2.87,2.9,2.82,2.87,163155460.0,467467171.03,1.55,0.3497
2021-07-07,2.85,2.92,2.83,2.91,195744958.0,563610953.56,1.8596,1.3937
2021-07-08,2.9,2.93,2.85,2.86,156573720.0,452145481.39,1.4874,-1.7182
2021-07-09,2.85,3.02,2.84,2.98,380511088.0,1128559921.62,3.6148,4.1958
2021-07-12,3.05,3.16,2.99,3.02,367770720.0,1128987912.73,3.4938,1.3423
2021-07-13,3.05,3.09,2.99,3.07,244418692.0,747157831.86,2.322,1.6556
2021-07-14,3.08,3.08,2.97,2.97,188926514.0,569001943.28,1.7948,-3.2573
2021-07-15,2.97,3.08,2.96,3.06,197610511.0,597497505.53,1.8773,3.0303
2021-07-16,3.06,3.12,3.04,3.07,272536176.0,839752584.96,2.5891,0.3268
2021-07-19,3.06,3.15,3.05,3.08,244463341.0,757969439.39,2.3224,0.3257
2021-07-20,3.02,3.06,2.95,3.04,201544088.0,606629897.94,1.9147,-1.2987
2021-07-21,3.08,3.19,3.08,3.16,302094400.0,951011612.6,2.8699,3.9474
2021-07-22,3.13,3.48,3.12,3.4,613386016.0,2046353512.83,5.8271,7.5949
2021-07-23,3.36,3.71,3.36,3.65,818547408.0,2942917931.55,7.7761,7.3529
2021-07-26,3.7,3.72,3.54,3.61,611481904.0,2220102962.01,5.809,-1.0959
2021-07-27,3.83,3.97,3.6,3.66,1216564304.0,4718724768.5,11.5573,1.385
2021-07-28,3.49,3.67,3.29,3.53,859852368.0,2989550651.2,8.1685,-3.5519
2021-07-29,3.61,3.65,3.47,3.58,493498800.0,1757520212.86,4.6882,1.4164
2021-07-30,3.61,3.81,3.53,3.68,531767184.0,1947775614.78,5.0517,2.7933
2021-08-02,3.64,3.73,3.52,3.64,432434624.0,1562815343.15,4.1081,-1.087
2021-08-03,3.59,3.65,3.45,3.5,348422624.0,1231969457.29,3.31,-3.8462
2021-08-04,3.52,3.64,3.49,3.62,277788352.0,995324124.4,2.639,3.4286
2021-08-05,3.56,3.57,3.38,3.43,402541648.0,1389235889.81,3.8241,-5.2486
2021-08-06,3.42,3.61,3.41,3.57,367824448.0,1303422247.32,3.4943,4.0816
2021-08-09,3.52,3.6,3.44,3.59,255671990.0,901762706.86,2.4289,0.5602
2021-08-10,3.59,3.64,3.51,3.55,226161358.0,806985342.09,2.1485,-1.1142
2021-08-11,3.57,3.62,3.52,3.6,226902780.0,813805138.83,2.1556,1.4085
2021-08-12,3.6,3.85,3.57,3.73,411519872.0,1542116498.26,3.9094,3.6111
2021-08-13,3.78,3.79,3.69,3.76,278857168.0,1044504312.01,2.6491,0.8043
2021-08-16,3.9,3.98,3.7,3.7,388320416.0,1478151035.06,3.689,-1.5957
2021-08-17,3.68,3.88,3.66,3.72,464550304.0,1754080974.95,4.4132,0.5405
2021-08-18,3.66,3.69,3.53,3.64,375999840.0,1352595376.04,3.572,-2.1505
2021-08-19,3.61,3.63,3.47,3.6,310841040.0,1104609923.69,2.953,-1.0989
2021-08-20,3.57,3.77,3.51,3.69,340223088.0,1237260800.84,3.2321,2.5
2021-08-23,3.77,3.85,3.65,3.69,381447744.0,1419282294.46,3.6237,0.0
2021-08-24,3.7,3.81,3.69,3.73,421260784.0,1580775001.3,4.0019,1.084
2021-08-25,3.76,3.78,3.61,3.78,458152464.0,1699241089.27,4.3524,1.3405
2021-08-26,3.76,4.05,3.74,3.84,636046144.0,2483505101.69,6.0424,1.5873
2021-08-27,3.8,3.94,3.79,3.93,512060320.0,1990457287.18,4.8645,2.3438
2021-08-30,4.01,4.05,3.91,4.0,585494576.0,2334094362.13,5.5622,1.7812
2021-08-31,3.97,4.36,3.9,4.25,706923840.0,2910136257.05,6.7157,6.25
2021-09-01,4.22,4.43,3.95,3.97,745012816.0,3092395847.78,7.0776,-6.5882
2021-09-02,3.91,4.17,3.91,4.12,460759424.0,1871282598.06,4.3772,3.7783
2021-09-03,4.1,4.45,4.05,4.12,494170848.0,2078287125.02,4.6946,0.0
2021-09-06,4.18,4.2,3.98,4.07,350040048.0,1419667537.5,3.3254,-1.2136
2021-09-07,4.07,4.18,4.01,4.17,445137568.0,1831792693.74,4.2288,2.457
2021-09-08,4.14,4.32,4.1,4.25,414597872.0,1749602074.17,3.9387,1.9185
2021-09-09,4.23,4.49,4.17,4.48,628972032.0,2722751117.41,5.9752,5.4118
2021-09-10,4.45,4.93,4.4,4.86,1001459328.0,4791275133.58,9.5138,8.4821
2021-09-13,5.03,5.35,5.03,5.35,724882384.0,3842524997.15,6.8863,10.0823
2021-09-14,5.38,5.72,5.27,5.3,1382840704.0,7487486854.89,13.1369,-0.9346
2021-09-15,5.24,5.43,5.08,5.31,718368144.0,3789627900.72,6.8244,0.1887
2021-09-16,5.36,5.41,4.94,4.98,737657056.0,3799356547.79,7.0077,-6.2147
2021-09-17,4.96,4.98,4.51,4.65,671610832.0,3184995123.96,6.3803,-6.6265
2021-09-22,4.55,4.79,4.51,4.69,471791872.0,2198300499.02,4.482,0.8602
2021-09-23,4.76,4.8,4.57,4.64,401502928.0,1880180134.58,3.8142,-1.0661
2021-09-24,4.64,4.7,4.36,4.41,471570496.0,2119300100.22,4.4799,-4.9569
2021-09-27,4.4,4.43,3.97,3.97,623497376.0,2550284001.27,5.9232,-9.9773
2021-09-28,3.96,4.12,3.92,4.05,348537168.0,1400993709.2,3.3111,2.0151
2021-09-29,4.0,4.1,3.84,3.88,332581584.0,1312435326.75,3.1595,-4.1975
2021-09-30,3.91,3.94,3.84,3.91,260862879.0,1017521469.91,2.4782,0.7732
2021-10-08,4.0,4.07,3.79,3.85,299745744.0,1164856882.31,2.8476,-1.5345
2021-10-11,3.85,3.87,3.72,3.85,257165493.0,978945146.35,2.4431,0.0
2021-10-12,3.84,3.85,3.56,3.64,368394656.0,1353622471.64,3.4997,-5.4545
2021-10-13,3.68,3.78,3.6,3.74,314225536.0,1160724260.69,2.9851,2.7473
2021-10-14,3.79,4.06,3.78,3.98,474512576.0,1863252618.87,4.5078,6.4171
2021-10-15,4.03,4.24,4.02,4.15,564596496.0,2346065738.02,5.3636,4.2714
2021-10-18,4.28,4.57,4.17,4.57,587633792.0,2588988290.31,5.5825,10.1205
2021-10-19,4.53,4.63,4.47,4.57,500846656.0,2276270796.96,4.758,0.0
2021-10-20,4.39,4.43,4.22,4.34,467961088.0,2029538706.68,4.4456,-5.0328
2021-10-21,4.46,4.5,4.3,4.31,394578832.0,1732397876.95,3.7485,-0.6912
2021-10-22,4.26,4.37,4.04,4.07,434762880.0,1817459755.1,4.1302,-5.5684
2021-10-25,4.06,4.21,3.99,4.14,314712832.0,1292151560.88,2.9897,1.7199
2021-10-26,4.18,4.26,4.08,4.11,299232816.0,1238085920.85,2.8427,-0.7246
2021-10-27,4.08,4.13,3.9,3.93,351543664.0,1397255341.18,3.3396,-4.3796
2021-10-28,3.92,3.93,3.61,3.7,429838912.0,1595449346.46,4.0834,-5.8524
2021-10-29,3.69,3.74,3.64,3.69,277291168.0,1023643993.01,2.6342,-0.2703
2021-11-01,3.67,3.73,3.63,3.67,249064957.0,916306260.4,2.3661,-0.542
2021-11-02,3.67,3.69,3.48,3.57,333443664.0,1193073577.4,3.1677,-2.7248
2021-11-03,3.57,3.65,3.51,3.65,254746457.0,911119484.97,2.4201,2.2409
2021-11-04,3.6,3.6,3.52,3.54,277674960.0,985708622.99,2.6379,-3.0137
2021-11-05,3.45,3.48,3.38,3.4,351906736.0,1203140416.21,3.3431,-3.9548
2021-11-08,3.46,3.52,3.45,3.5,257469966.0,898401146.69,2.4459,2.9412
2021-11-09,3.53,3.54,3.41,3.43,187981056.0,647476560.12,1.7858,-2.0
2021-11-10,3.4,3.42,3.28,3.4,289357824.0,966657184.52,2.7489,-0.8746
2021-11-11,3.37,3.44,3.35,3.44,247258401.0,841486765.52,2.3489,1.1765
2021-11-12,3.46,3.58,3.38,3.4,373033616.0,1291039678.63,3.5438,-1.1628
2021-11-15,3.42,3.44,3.32,3.36,190092451.0,636963456.05,1.8059,-1.1765
2021-11-16,3.34,3.36,3.22,3.23,312714256.0,1028564459.61,2.9708,-3.869
2021-11-17,3.22,3.31,3.21,3.28,184918225.0,605256606.18,1.7567,1.548
2021-11-18,3.25,3.34,3.23,3.3,223277304.0,735976603.27,2.1211,0.6098
2021-11-19,3.31,3.52,3.25,3.5,417103968.0,1413606135.41,3.9625,6.0606
2021-11-22,3.47,3.55,3.46,3.48,315540128.0,1103008094.34,2.9976,-0.5714
2021-11-23,3.48,3.66,3.47,3.57,365718352.0,1308730077.89,3.4743,2.5862
2021-11-24,3.57,3.59,3.48,3.59,241228132.0,853829715.03,2.2917,0.5602
2021-11-25,3.59,3.65,3.59,3.63,236919334.0,856414252.42,2.2507,1.1142
2021-11-26,3.57,3.62,3.52,3.52,229654087.0,816656259.53,2.1817,-3.0303
2021-11-29,3.4,3.52,3.35,3.47,257915738.0,889536750.98,2.4502,-1.4205
2021-11-30,3.5,3.57,3.42,3.43,215359034.0,750754705.61,2.0459,-1.1527
2021-12-01,3.4,3.49,3.38,3.48,168937751.0,580766146.24,1.6049,1.4577
2021-12-02,3.44,3.49,3.42,3.45,142161426.0,490762585.71,1.3505,-0.8621
2021-12-03,3.46,3.53,3.39,3.5,240866707.0,833964480.79,2.2882,1.4493
2021-12-06,3.49,3.64,3.47,3.53,351620480.0,1254346618.07,3.3404,0.8571
2021-12-07,3.58,3.61,3.43,3.51,242103370.0,848275673.98,2.3,-0.5666
2021-12-08,3.55,3.74,3.54,3.66,444804256.0,1620546528.22,4.2256,4.2735
2021-12-09,3.7,3.71,3.62,3.68,266068564.0,974824607.43,2.5276,0.5464
2021-12-10,3.68,3.68,3.6,3.64,234602903.0,853464106.51,2.2287,-1.087
2021-12-13,3.63,3.69,3.58,3.65,230211106.0,834224441.02,2.187,0.2747
2021-12-14,3.61,3.62,3.51,3.53,255433081.0,907425048.97,2.4266,-3.2877
2021-12-15,3.5,3.53,3.48,3.49,145455460.0,509310734.44,1.3818,-1.1331
2021-12-16,3.5,3.57,3.48,3.57,206371473.0,729856334.27,1.9605,2.2923
2021-12-17,3.6,3.79,3.59,3.68,457203968.0,1691088933.21,4.3434,3.0812
2021-12-20,3.65,3.69,3.55,3.56,253412199.0,913420867.7,2.4074,-3.2609
2021-12-21,3.55,3.64,3.54,3.63,166516867.0,598423835.22,1.5819,1.9663
2021-12-22,3.65,3.66,3.58,3.61,150083533.0,540619370.45,1.4258,-0.551
2021-12-23,3.62,3.66,3.59,3.65,198844659.0,723346386.62,1.889,1.108
2021-12-24,3.65,3.65,3.53,3.55,196335913.0,700894718.7,1.8652,-2.7397
2021-12-27,3.53,3.54,3.49,3.51,124033077.0,435452258.27,1.1783,-1.1268
2021-12-28,3.54,3.55,3.49,3.52,103824076.0,364436497.05,0.9863,0.2849
2021-12-29,3.5,3.53,3.48,3.49,104669056.0,366103517.51,0.9943,-0.8523
2021-12-30,3.48,3.49,3.44,3.45,146618960.0,507865694.64,1.3929,-1.1461
2021-12-31,3.45,3.5,3.41,3.48,126002719.0,436043121.47,1.197,0.8696
2022-01-04,3.48,3.55,3.44,3.53,179205005.0,628346921.2,1.7024,1.4368
2022-01-05,3.54,3.55,3.45,3.49,126781303.0,442762350.57,1.2044,-1.1331
2022-01-06,3.47,3.5,3.44,3.5,110227311.0,383350867.28,1.0472,0.2865
2022-01-07,3.48,3.59,3.47,3.55,220436855.0,778827730.47,2.0941,1.4286
2022-01-10,3.56,3.65,3.55,3.58,192227724.0,690017861.73,1.8261,0.8451
2022-01-11,3.58,3.62,3.56,3.58,149644840.0,536702979.74,1.4216,0.0
2022-01-12,3.61,3.84,3.61,3.83,584759744.0,2188435810.81,5.5552,6.9832
2022-01-13,3.99,4.13,3.88,3.91,678976976.0,2700663541.72,6.4502,2.0888
2022-01-14,3.87,3.88,3.67,3.69,505141040.0,1886521363.08,4.7988,-5.6266
2022-01-17,3.66,3.74,3.59,3.71,311199536.0,1139105680.21,2.9564,0.542
2022-01-18,3.73,3.77,3.68,3.71,249625431.0,928654419.55,2.3714,0.0
2022-01-19,3.68,3.77,3.63,3.67,211780630.0,782687719.1,2.0119,-1.0782
2022-01-20,3.7,3.86,3.69,3.74,286264656.0,1075303960.91,2.7195,1.9074
2022-01-21,3.74,3.79,3.7,3.78,245015082.0,917976636.14,2.3276,1.0695
2022-01-24,3.75,3.75,3.62,3.66,191921190.0,701996505.1,1.8232,-3.1746
2022-01-25,3.61,3.63,3.38,3.4,280315408.0,983180835.38,2.663,-7.1038
2022-01-26,3.45,3.65,3.44,3.61,313231088.0,1116554085.47,2.9757,6.1765
2022-01-27,3.62,3.62,3.43,3.45,203839542.0,713991528.66,1.9365,-4.4321
2022-01-28,3.48,3.48,3.25,3.35,247809088.0,827173168.72,2.3542,-2.8986
2022-02-07,3.4,3.52,3.4,3.47,211672021.0,734165248.0,2.0109,3.5821
2022-02-08,3.49,3.56,3.43,3.54,194298798.0,679122587.13,1.8458,2.0173
2022-02-09,3.53,3.89,3.51,3.89,672571456.0,2553234905.35,6.3894,9.887
2022-02-10,4.01,4.13,3.9,3.94,791876704.0,3174642373.93,7.5228,1.2853
2022-02-11,4.03,4.07,3.89,3.92,455896432.0,1813864334.6,4.331,-0.5076
2022-02-14,3.8,4.01,3.77,3.86,373836656.0,1457907308.9,3.5514,-1.5306
2022-02-15,3.88,3.9,3.76,3.82,243075854.0,927620869.3,2.3092,-1.0363
2022-02-16,3.82,3.84,3.8,3.81,197922943.0,755943067.31,1.8803,-0.2618
2022-02-17,3.81,3.9,3.78,3.84,248598160.0,955143372.71,2.3617,0.7874
2022-02-18,3.8,3.95,3.79,3.94,311034192.0,1211396844.97,2.9548,2.6042
2022-02-21,3.92,3.94,3.82,3.87,218769868.0,844563230.87,2.0783,-1.7766
2022-02-22,3.85,3.88,3.78,3.87,248237336.0,950797293.03,2.3582,0.0
2022-02-23,3.85,3.89,3.82,3.84,181514595.0,698555331.55,1.7244,-0.7752
2022-02-24,3.8,3.95,3.74,3.84,435805472.0,1682934989.2,4.1401,0.0
2022-02-25,3.84,3.97,3.82,3.83,317942880.0,1238360590.73,3.0204,-0.2604
2022-02-28,3.88,3.99,3.81,3.95,309883088.0,1210589600.0,2.9439,3.1332
2022-03-01,3.96,3.97,3.85,3.89,228386326.0,887459264.0,2.1697,-1.519
2022-03-02,3.93,4.07,3.89,3.98,407308032.0,1620625600.0,3.8694,2.3136
2022-03-03,4.04,4.38,4.04,4.3,889984768.0,3812975200.0,8.4548,8.0402
2022-03-04,4.22,4.36,4.1,4.17,622264592.0,2622853440.0,5.9115,-3.0233
2022-03-07,4.37,4.43,4.17,4.23,496170512.0,2113103920.0,4.7136,1.4388
2022-03-08,4.1,4.14,3.88,4.03,483488880.0,1946140096.0,4.5931,-4.7281
2022-03-09,3.96,4.05,3.71,3.9,352195312.0,1376963424.0,3.3458,-3.2258
2022-03-10,3.93,3.94,3.77,3.87,237232780.0,917405056.0,2.2537,-0.7692
2022-03-11,3.82,3.94,3.74,3.91,201496894.0,773348432.0,1.9142,1.0336
2022-03-14,3.84,3.9,3.64,3.65,251487721.0,947007520.0,2.3891,-6.6496
2022-03-15,3.59,3.59,3.3,3.32,350831152.0,1205543792.0,3.3329,-9.0411
2022-03-16,3.39,3.49,3.25,3.47,272416352.0,920334496.0,2.5879,4.5181
2022-03-17,3.53,3.59,3.47,3.52,221927671.0,781905712.0,2.1083,1.4409
2022-03-18,3.52,3.71,3.51,3.67,224710969.0,812200693.23,2.1347,4.2614
2022-03-21,3.69,3.71,3.56,3.62,176545645.0,640687337.05,1.6772,-1.3624
2022-03-22,3.6,3.79,3.55,3.78,259181490.0,962181350.39,2.4622,4.4199
2022-03-23,3.74,3.78,3.7,3.75,135167211.0,504531142.54,1.2841,-0.7937
2022-03-24,3.8,3.91,3.77,3.87,254889207.0,983722116.92,2.4214,3.2
2022-03-25,3.86,3.92,3.73,3.73,191786551.0,729455048.01,1.822,-3.6176
2022-03-28,3.68,3.8,3.64,3.74,153464774.0,571479394.01,1.4579,0.2681
2022-03-29,3.75,3.82,3.72,3.77,161378690.0,608528140.96,1.5331,0.8021
2022-03-30,3.79,3.81,3.73,3.81,140494694.0,529338893.25,1.3347,1.061
2022-03-31,3.78,3.8,3.67,3.72,151739907.0,565692737.78,1.4415,-2.3622
2022-04-01,3.68,3.73,3.64,3.7,104210808.0,384342848.12,0.99,-0.5376
2022-04-06,3.69,3.84,3.62,3.81,195057372.0,727136545.47,1.853,2.973
2022-04-07,3.77,3.89,3.75,3.85,227266106.0,871114324.4,2.159,1.0499
2022-04-08,3.83,4.14,3.75,4.04,384966016.0,1524475307.11,3.6572,4.9351
2022-04-11,3.98,4.09,3.94,3.98,292197008.0,1174704168.55,2.7759,-1.4851
2022-04-12,3.93,4.05,3.91,4.02,161474834.0,643012245.32,1.534,1.005
2022-04-13,4.04,4.4,4.02,4.24,463086816.0,1958960372.73,4.3993,5.4726
2022-04-14,4.28,4.45,4.17,4.36,380555040.0,1651081671.8,3.6152,2.8302
2022-04-15,4.29,4.36,4.05,4.1,386872752.0,1628219466.26,3.6753,-5.9633
2022-04-18,4.1,4.12,3.98,4.0,200026859.0,808354368.2,1.9002,-2.439
2022-04-19,4.05,4.15,4.04,4.08,168596552.0,689597354.81,1.6017,2.0
2022-04-20,4.05,4.06,3.86,3.9,237690054.0,937338894.97,2.258,-4.4118
2022-04-21,3.86,3.88,3.64,3.67,267816936.0,999621859.36,2.5442,-5.8974
2022-04-22,3.67,3.77,3.61,3.74,210085773.0,774283311.57,1.9958,1.9074
2022-04-25,3.65,3.65,3.38,3.41,276986832.0,963671494.33,2.6314,-8.8235
2022-04-26,3.41,3.44,3.23,3.26,243481813.0,805558875.25,2.3131,-4.3988
2022-04-27,3.18,3.44,3.15,3.44,181254366.0,602631566.8,1.7219,5.5215
2022-04-28,3.42,3.49,3.33,3.4,158218853.0,537045958.8,1.5031,-1.1628
2022-04-29,3.45,3.52,3.37,3.5,176581428.0,609020754.24,1.6775,2.9412
2022-05-05,3.49,3.56,3.46,3.54,147842741.0,521177579.56,1.4045,1.1429
2022-05-06,3.46,3.46,3.28,3.32,267153300.0,896301765.82,2.5379,-6.2147
2022-05-09,3.27,3.33,3.22,3.27,210803763.0,688198573.9,2.0026,-1.506
2022-05-10,3.19,3.24,3.11,3.24,283937040.0,901528563.15,2.6974,-0.9174
2022-05-11,3.2,3.33,3.2,3.26,250028659.0,818917660.73,2.3753,0.6173
2022-05-12,3.24,3.26,3.18,3.2,181059230.0,582149062.58,1.7201,-1.8405
2022-05-13,3.2,3.22,3.13,3.21,217330638.0,690709217.45,2.0646,0.3125
2022-05-16,3.24,3.26,3.2,3.25,157609433.0,509463706.45,1.4973,1.2461
2022-05-17,3.25,3.3,3.25,3.3,180847571.0,592968990.0,1.718,1.5385
2022-05-18,3.3,3.31,3.22,3.25,165532174.0,538997261.31,1.5725,-1.5152
2022-05-19,3.19,3.22,3.17,3.22,185490225.0,592551295.07,1.7621,-0.9231
2022-05-20,3.25,3.36,3.24,3.35,340247200.0,1122813478.96,3.2323,4.0373
2022-05-23,3.29,3.33,3.23,3.29,264858695.0,869741650.73,2.5161,1.2308
2022-05-24,3.29,3.29,3.17,3.17,227358794.0,734150638.69,2.1599,-3.6474
2022-05-25,3.16,3.22,3.15,3.2,148794462.0,474365813.07,1.4135,0.9464
2022-05-26,3.18,3.24,3.15,3.22,145962850.0,466578525.46,1.3866,0.625
2022-05-27,3.24,3.25,3.17,3.2,158609038.0,510060682.76,1.5068,-0.6211
2022-05-30,3.21,3.23,3.18,3.21,111858810.0,358123424.31,1.0627,0.3125
2022-05-31,3.2,3.23,3.17,3.23,132651641.0,424046026.15,1.2602,0.6231
2022-06-01,3.21,3.22,3.17,3.19,125214486.0,399578825.62,1.1895,-1.2384
2022-06-02,3.18,3.26,3.17,3.25,197710405.0,638572796.24,1.8782,1.8809
2022-06-06,3.27,3.47,3.26,3.45,392921568.0,1323352765.11,3.7327,6.1538
2022-06-07,3.44,3.5,3.4,3.45,260239842.0,896531554.68,2.4723,0.0
2022-06-08,3.5,3.52,3.39,3.48,242484430.0,838823834.59,2.3036,0.8696
2022-06-09,3.48,3.61,3.43,3.57,360441616.0,1273262792.03,3.4242,2.5862
2022-06-10,3.52,3.72,3.5,3.7,358526544.0,1301994392.05,3.406,3.6415
2022-06-13,3.65,3.72,3.5,3.58,403533248.0,1452591387.37,3.8335,-3.2432
2022-06-14,3.51,3.56,3.4,3.54,337181776.0,1172420760.06,3.2032,-1.1173
2022-06-15,3.55,3.6,3.51,3.52,252053512.0,898188848.53,2.3945,-0.565
2022-06-16,3.52,3.59,3.48,3.48,188295779.0,663188040.96,1.7888,-1.1364
2022-06-17,3.44,3.53,3.41,3.5,196174982.0,683822669.65,1.8636,0.5747
2022-06-20,3.48,3.49,3.36,3.38,313572912.0,1065112565.59,2.9789,-3.4286
2022-06-21,3.36,3.39,3.27,3.3,262353764.0,868529124.34,2.4923,-2.3669
2022-06-22,3.3,3.34,3.27,3.28,175981161.0,582027007.87,1.6718,-0.6061
2022-06-23,3.27,3.32,3.23,3.32,207284675.0,678424322.27,1.9692,1.2195
2022-06-24,3.28,3.28,3.23,3.27,233353735.0,760128633.58,2.2168,-1.506
2022-06-27,3.26,3.32,3.25,3.29,201772044.0,664453038.72,1.9168,0.6116
2022-06-28,3.3,3.36,3.28,3.36,214225754.0,711445627.31,2.0351,2.1277
2022-06-29,3.35,3.36,3.22,3.25,243375116.0,800496806.99,2.312,-3.2738
2022-06-30,3.25,3.28,3.25,3.26,146272088.0,477310605.98,1.3896,0.3077
2022-07-01,3.24,3.27,3.22,3.25,138130134.0,448211589.17,1.3122,-0.3067
2022-07-04,3.25,3.26,3.23,3.25,129611984.0,420432115.76,1.2313,0.0
2022-07-05,3.25,3.34,3.24,3.31,211173558.0,695987296.58,2.0061,1.8462
2022-07-06,3.27,3.28,3.19,3.22,211546491.0,681123324.56,2.0097,-2.719
2022-07-07,3.22,3.28,3.2,3.26,135294640.0,439117444.4,1.2853,1.2422
2022-07-08,3.3,3.31,3.22,3.24,119075895.0,387003488.49,1.1312,-0.6135
2022-07-11,3.21,3.22,3.16,3.18,152812232.0,486059023.76,1.4517,-1.8519
2022-07-12,3.17,3.21,3.16,3.18,134846117.0,429182097.48,1.281,0.0
2022-07-13,3.17,3.17,3.11,3.13,201624773.0,632550202.37,1.9154,-1.5723
2022-07-14,3.13,3.13,3.06,3.08,160330063.0,494275651.19,1.5231,-1.5974
2022-07-15,3.05,3.06,2.96,2.97,213106275.0,641306360.6,2.0245,-3.5714
2022-07-18,2.98,3.09,2.98,3.08,147814013.0,450161373.22,1.4042,3.7037
2022-07-19,3.09,3.11,3.06,3.08,106171023.0,327477281.03,1.0086,0.0
2022-07-20,3.08,3.1,3.07,3.08,87882229.0,271028291.61,0.8349,0.0
2022-07-21,3.07,3.1,3.05,3.07,126569035.0,389725906.81,1.2024,-0.3247
2022-07-22,3.07,3.09,3.01,3.05,105090372.0,320505017.3,0.9984,-0.6515
2022-07-25,3.05,3.07,3.01,3.03,85760100.0,260241537.76,0.8147,-0.6557
2022-07-26,3.03,3.07,3.0,3.06,91599779.0,278506287.12,0.8702,0.9901
2022-07-27,3.05,3.07,3.03,3.05,65561026.0,199869528.19,0.6228,-0.3268
2022-07-28,3.1,3.13,3.03,3.05,180210738.0,553815736.45,1.712,0.0
2022-07-29,3.04,3.07,3.02,3.03,130644118.0,397113555.92,1.2411,-0.6557
2022-08-01,3.04,3.06,3.02,3.04,131483907.0,399461548.16,1.2491,0.33
2022-08-02,3.02,3.02,2.88,2.93,214662375.0,629044416.66,2.0393,-3.6184
2022-08-03,2.91,2.96,2.89,2.9,121832565.0,356594243.01,1.1574,-1.0239
2022-08-04,2.9,2.92,2.86,2.9,98597903.0,285346862.64,0.9367,0.0
2022-08-05,2.9,2.97,2.89,2.97,123065426.0,360900440.8,1.1691,2.4138
2022-08-08,2.95,2.99,2.94,2.99,82026218.0,243618358.33,0.7792,0.6734
2022-08-09,2.98,3.01,2.97,2.99,85442235.0,255921375.65,0.8117,0.0
2022-08-10,3.0,3.09,2.99,3.04,150014471.0,457534346.28,1.4251,1.6722
2022-08-11,3.06,3.08,3.04,3.08,113136446.0,346064444.75,1.0748,1.3158
2022-08-12,3.07,3.13,3.05,3.12,160443589.0,498276890.17,1.5242,1.2987
2022-08-15,3.1,3.13,3.09,3.11,122026898.0,378957254.65,1.1592,-0.3205
2022-08-16,3.1,3.13,3.09,3.12,126329381.0,392953499.64,1.2001,0.3215
2022-08-17,3.13,3.14,3.09,3.12,96869588.0,301367902.87,0.9203,0.0
2022-08-18,3.11,3.12,3.06,3.07,101902808.0,314026670.29,0.9681,-1.6026
2022-08-19,3.08,3.09,3.04,3.05,94370620.0,289589034.8,0.8965,-0.6515
2022-08-22,3.05,3.12,3.03,3.11,121517290.0,374451788.61,1.1544,1.9672
2022-08-23,3.1,3.12,3.07,3.08,89984515.0,277803071.1,0.8548,-0.9646
2022-08-24,3.1,3.11,3.02,3.02,124265125.0,379170016.25,1.1805,-1.9481
2022-08-25,3.03,3.1,3.0,3.09,151359797.0,463789741.65,1.4379,2.3179
2022-08-26,3.1,3.12,3.05,3.07,98101202.0,302791201.28,0.932,-0.6472
2022-08-29,3.03,3.03,2.97,3.01,135157895.0,405883268.64,1.284,-1.9544
2022-08-30,3.0,3.01,2.94,2.97,138803018.0,411818562.51,1.3186,-1.3289
2022-08-31,2.95,2.95,2.88,2.9,151152748.0,439307191.39,1.4359,-2.3569
2022-09-01,2.88,2.91,2.87,2.89,82043671.0,237190645.22,0.7794,-0.3448
2022-09-02,2.88,2.89,2.86,2.89,82873993.0,238353424.83,0.7873,0.0
2022-09-05,2.88,2.92,2.86,2.92,70659977.0,203988159.02,0.6713,1.0381
2022-09-06,2.92,2.95,2.91,2.95,107411755.0,315004615.33,1.0204,1.0274
2022-09-07,2.94,3.02,2.92,3.01,189752658.0,566758589.66,1.8026,2.0339
2022-09-08,3.0,3.0,2.96,2.97,99717582.0,296913785.97,0.9473,-1.3289
2022-09-09,3.01,3.04,2.99,3.02,143205026.0,432334968.51,1.3604,1.6835
2022-09-13,3.03,3.05,2.97,2.98,108166822.0,324986871.56,1.0276,-1.3245
2022-09-14,2.93,2.97,2.91,2.94,87089858.0,255913479.03,0.8273,-1.3423
2022-09-15,2.95,2.96,2.88,2.9,100936447.0,293946402.47,0.9589,-1.3605
2022-09-16,2.89,2.89,2.77,2.78,181274700.0,512758782.0,1.7221,-4.1379
2022-09-19,2.78,2.8,2.74,2.77,78019143.0,215594391.37,0.7412,-0.3597
2022-09-20,2.78,2.81,2.77,2.79,56489999.0,157614522.75,0.5367,0.722
2022-09-21,2.78,2.83,2.74,2.81,72183440.0,201139323.7,0.6857,0.7168
2022-09-22,2.78,2.82,2.76,2.78,58221042.0,162775728.76,0.5531,-1.0676
2022-09-23,2.81,2.85,2.77,2.79,92036953.0,258546812.98,0.8743,0.3597
2022-09-26,2.77,2.77,2.64,2.65,144513139.0,388054939.49,1.3729,-5.0179
2022-09-27,2.63,2.68,2.61,2.68,70823969.0,186906252.45,0.6728,1.1321
2022-09-28,2.66,2.66,2.6,2.61,61655698.0,161616106.92,0.5857,-2.6119
2022-09-29,2.65,2.66,2.59,2.6,57985500.0,152059633.15,0.5509,-0.3831
2022-09-30,2.6,2.64,2.6,2.61,58782468.0,153913837.23,0.5584,0.3846
2022-10-10,2.62,2.64,2.57,2.58,72970641.0,190286538.4,0.6932,-1.1494
2022-10-11,2.59,2.61,2.56,2.6,59561484.0,154163031.78,0.5658,0.7752
2022-10-12,2.61,2.7,2.61,2.7,154098467.0,409894014.35,1.4639,3.8462
2022-10-13,2.67,2.7,2.66,2.68,81404216.0,217974992.86,0.7733,-0.7407
2022-10-14,2.69,2.73,2.68,2.72,90281453.0,244793399.01,0.8577,1.4925
2022-10-17,2.7,2.72,2.68,2.7,83082850.0,224342120.76,0.7893,-0.7353
2022-10-18,2.71,2.72,2.68,2.69,68309278.0,183843697.52,0.6489,-0.3704
2022-10-19,2.68,2.69,2.64,2.65,67239794.0,179007252.92,0.6388,-1.487
2022-10-20,2.64,2.66,2.6,2.62,73385440.0,192733469.32,0.6972,-1.1321
2022-10-21,2.64,2.66,2.63,2.64,66100219.0,174864043.71,0.6279,0.7634
2022-10-24,2.66,2.69,2.6,2.62,82473066.0,218406494.18,0.7835,-0.7576
2022-10-25,2.61,2.64,2.56,2.61,65754270.0,170764765.23,0.6247,-0.3817
2022-10-26,2.61,2.65,2.6,2.63,67805605.0,178336890.1,0.6441,0.7663
2022-10-27,2.65,2.69,2.65,2.67,109190778.0,291486170.45,1.0373,1.5209
2022-10-28,2.64,2.65,2.56,2.57,127362107.0,329319219.1,1.2099,-3.7453
2022-10-31,2.56,2.57,2.5,2.52,86033030.0,217644600.2,0.8173,-1.9455
2022-11-01,2.52,2.59,2.52,2.59,87498135.0,223779175.41,0.8312,2.7778
2022-11-02,2.59,2.63,2.58,2.63,99600791.0,259952092.93,0.9462,1.5444
2022-11-03,2.61,2.65,2.6,2.64,78672460.0,206776162.75,0.7474,0.3802
2022-11-04,2.65,2.72,2.64,2.71,119423492.0,321361091.91,1.1345,2.6515
2022-11-07,2.85,2.95,2.81,2.9,436633362.0,1257787376.14,4.148,7.0111
2022-11-08,2.86,2.88,2.83,2.87,168480025.0,480707692.04,1.6006,-1.0345
2022-11-09,2.93,2.95,2.87,2.9,175684055.0,511045590.01,1.669,1.0453
2022-11-10,2.89,2.89,2.84,2.87,102201480.0,292220293.03,0.9709,-1.0345
2022-11-11,2.99,3.05,2.95,2.96,275345336.0,822328630.49,2.6158,3.1359
2022-11-14,2.99,3.0,2.93,2.94,139744052.0,413527843.44,1.3276,-0.6757
2022-11-15,2.92,2.96,2.9,2.95,136532990.0,401210001.5,1.2971,0.3401
2022-11-16,2.95,2.97,2.92,2.95,102072967.0,300523290.41,0.9697,0.0
2022-11-17,2.92,2.93,2.88,2.91,95262508.0,276555287.12,0.905,-1.3559
2022-11-18,2.9,2.91,2.86,2.88,86230783.0,248888955.32,0.8192,-1.0309
2022-11-21,2.85,2.85,2.81,2.84,74760429.0,211598630.36,0.7102,-1.3889
2022-11-22,2.84,2.9,2.83,2.87,72303104.0,206959198.7,0.6869,1.0563
2022-11-23,2.87,2.92,2.85,2.89,71837453.0,207769108.64,0.6825,0.6969
2022-11-24,2.9,2.91,2.87,2.88,44527440.0,128626829.2,0.423,-0.346
2022-11-25,2.88,2.94,2.86,2.93,97860039.0,284892960.88,0.9297,1.7361
2022-11-28,2.9,2.9,2.85,2.88,88746962.0,255100656.82,0.8431,-1.7065
2022-11-29,2.88,2.94,2.87,2.94,91674864.0,267723835.66,0.8709,2.0833
2022-11-30,2.93,2.96,2.91,2.93,90246388.0,265576630.04,0.8573,-0.3401
2022-12-01,3.0,3.02,2.94,2.94,107714680.0,320194527.1,1.0233,0.3413
2022-12-02,2.95,2.96,2.89,2.91,70106079.0,204491267.78,0.666,-1.0204
2022-12-05,2.93,3.07,2.92,3.03,258939360.0,780138803.63,2.4599,4.1237
2022-12-06,3.02,3.06,2.99,3.06,136124213.0,413067913.57,1.2932,0.9901
2022-12-07,3.05,3.07,3.0,3.01,89206087.0,269951642.08,0.8475,-1.634
2022-12-08,3.02,3.08,3.01,3.07,134993033.0,411180422.75,1.2824,1.9934
2022-12-09,3.14,3.28,3.11,3.27,527573703.0,1685447395.32,5.0119,6.5147
2022-12-12,3.27,3.27,3.27,3.27,,,,
2022-12-13,3.27,3.27,3.27,3.27,,,,
2022-12-14,3.27,3.27,3.27,3.27,,,,
2022-12-15,3.27,3.27,3.27,3.27,,,,
2022-12-16,3.27,3.27,3.27,3.27,,,,
2022-12-19,3.27,3.27,3.27,3.27,,,,
2022-12-20,3.27,3.27,3.27,3.27,,,,
2022-12-21,3.27,3.27,3.27,3.27,,,,
2022-12-22,3.27,3.27,3.27,3.27,,,,
2022-12-23,3.27,3.27,3.27,3.27,,,,
2022-12-26,2.94,3.19,2.94,3.09,433740846.0,1321281660.01,4.1205,-5.5046
2022-12-27,3.06,3.11,3.0,3.05,212193507.0,648011257.78,2.0158,-1.2945
2022-12-28,3.02,3.16,3.0,3.1,226206736.0,701993901.88,2.149,1.6393
2022-12-29,3.08,3.12,3.05,3.08,100357506.0,309091798.36,0.9534,-0.6452
2022-12-30,3.09,3.14,3.08,3.12,99214205.0,308856814.6,0.9425,1.2987
2023-01-03,3.11,3.19,3.05,3.16,142209642.0,443683547.04,1.351,1.2821
2023-01-04,3.16,3.16,3.08,3.09,104109573.0,323253823.84,0.989,-2.2152
2023-01-05,3.08,3.1,3.05,3.05,104131712.0,319367491.8,0.9892,-1.2945
2023-01-06,3.05,3.08,3.02,3.04,83978800.0,256389020.0,0.7978,-0.3279
2023-01-09,3.07,3.2,3.06,3.19,260906074.0,824111187.54,2.4786,4.9342
2023-01-10,3.19,3.22,3.15,3.19,126893942.0,404783535.46,1.2055,0.0
2023-01-11,3.21,3.35,3.2,3.29,243305144.0,803221543.35,2.3114,3.1348
2023-01-12,3.34,3.38,3.27,3.32,194297854.0,644616951.02,1.8458,0.9119
2023-01-13,3.32,3.38,3.29,3.34,134576031.0,447756644.64,1.2785,0.6024
2023-01-16,3.34,3.36,3.27,3.34,162830173.0,541612780.2,1.5469,0.0
2023-01-17,3.34,3.42,3.33,3.42,180455883.0,611623079.41,1.7143,2.3952
2023-01-18,3.47,3.58,3.46,3.5,205174570.0,722170562.59,1.9491,2.3392
2023-01-19,3.48,3.54,3.42,3.53,135486740.0,472244853.43,1.2871,0.8571
2023-01-20,3.51,3.58,3.49,3.52,158026281.0,558311782.09,1.5012,-0.2833
2023-01-30,3.56,3.59,3.42,3.43,193345331.0,671588417.54,1.8368,-2.5568
2023-01-31,3.42,3.5,3.38,3.49,143310438.0,496700811.92,1.3614,1.7493
2023-02-01,3.5,3.63,3.49,3.59,240769253.0,863330566.79,2.2873,2.8653
2023-02-02,3.58,3.6,3.47,3.56,184918218.0,650679629.55,1.7567,-0.8357
2023-02-03,3.5,3.52,3.44,3.5,137561230.0,477993817.32,1.3068,-1.6854
2023-02-06,3.44,3.45,3.39,3.42,129368383.0,441822576.28,1.229,-2.2857
2023-02-07,3.43,3.46,3.4,3.43,80448741.0,275489223.45,0.7643,0.2924
2023-02-08,3.43,3.45,3.37,3.37,110293281.0,374601265.91,1.0478,-1.7493
2023-02-09,3.37,3.4,3.36,3.4,76382270.0,258618087.94,0.7256,0.8902
2023-02-10,3.39,3.39,3.32,3.34,120189805.0,402813142.87,1.1418,-1.7647
2023-02-13,3.34,3.4,3.31,3.37,141568898.0,474335836.86,1.3449,0.8982
2023-02-14,3.42,3.5,3.4,3.41,189011070.0,650918098.61,1.7956,1.1869
2023-02-15,3.42,3.5,3.38,3.4,153325302.0,526315401.18,1.4566,-0.2933
2023-02-16,3.36,3.39,3.24,3.28,195373904.0,651506245.2,1.856,-3.5294
2023-02-17,3.33,3.4,3.32,3.33,116433563.0,390721866.32,1.1061,1.5244
2023-02-20,3.35,3.47,3.34,3.46,196367300.0,672785454.91,1.8655,3.9039
2023-02-21,3.49,3.56,3.46,3.5,202833396.0,712426947.24,1.9269,1.1561
2023-02-22,3.51,3.52,3.44,3.46,106026802.0,368008044.97,1.0072,-1.1429
2023-02-23,3.44,3.47,3.41,3.43,89918015.0,309010803.42,0.8542,-0.8671
2023-02-24,3.4,3.43,3.38,3.4,89579079.0,304284495.57,0.851,-0.8746
2023-02-27,3.36,3.41,3.35,3.36,94400212.0,318530895.6,0.8968,-1.1765
2023-02-28,3.36,3.4,3.35,3.38,70540844.0,237952859.52,0.6701,0.5952
2023-03-01,3.39,3.46,3.37,3.45,93395436.0,319908224.79,0.8873,2.071
2023-03-02,3.5,3.5,3.43,3.45,107541994.0,372990988.73,1.0216,0.0
2023-03-03,3.43,3.45,3.37,3.42,96327156.0,327730144.02,0.9151,-0.8696
2023-03-06,3.41,3.41,3.33,3.35,152217791.0,510014105.94,1.4461,-2.0468
2023-03-07,3.35,3.44,3.32,3.34,139179324.0,471461880.05,1.3222,-0.2985
2023-03-08,3.31,3.34,3.28,3.33,95263450.0,314699530.8,0.905,-0.2994
2023-03-09,3.34,3.37,3.29,3.32,70320584.0,233298223.17,0.668,-0.3003
2023-03-10,3.29,3.33,3.25,3.28,90698152.0,297858961.51,0.8616,-1.2048
2023-03-13,3.26,3.31,3.24,3.29,89305356.0,292452492.52,0.8484,0.3049
2023-03-14,3.28,3.36,3.27,3.28,113552760.0,375833435.31,1.0787,-0.304
2023-03-15,3.29,3.31,3.26,3.28,78038152.0,256178298.25,0.7414,0.0
2023-03-16,3.24,3.24,3.13,3.13,159240981.0,504667217.48,1.5128,-4.5732
2023-03-17,3.15,3.24,3.14,3.18,153961213.0,492597796.56,1.4626,1.5974
2023-03-20,3.19,3.26,3.19,3.21,94148834.0,303982555.58,0.8944,0.9434
2023-03-21,3.23,3.23,3.18,3.21,79328167.0,253791317.68,0.7536,0.0
2023-03-22,3.21,3.23,3.18,3.19,80058447.0,256146540.98,0.7606,-0.6231
2023-03-23,3.18,3.26,3.17,3.25,118907080.0,383033417.13,1.1296,1.8809
2023-03-24,3.26,3.32,3.22,3.29,118828760.0,389023170.44,1.1289,1.2308
2023-03-27,3.28,3.3,3.22,3.26,81098441.0,263661466.94,0.7704,-0.9119
2023-03-28,3.26,3.3,3.21,3.23,73489700.0,239214365.0,0.6981,-0.9202
2023-03-29,3.24,3.25,3.17,3.19,71467778.0,228360983.77,0.6789,-1.2384
2023-03-30,3.19,3.21,3.15,3.2,60734397.0,192612108.93,0.577,0.3135
2023-03-31,3.19,3.25,3.19,3.22,60955940.0,196349402.59,0.5791,0.625
2023-04-03,3.21,3.22,3.18,3.2,91621309.0,292898491.93,0.8704,-0.6211
2023-04-04,3.18,3.2,3.16,3.17,82391094.0,261303604.58,0.7827,-0.9375
2023-04-06,3.18,3.23,3.16,3.22,116317900.0,372891023.62,1.105,1.5773
2023-04-07,3.22,3.23,3.17,3.17,77663128.0,247319346.45,0.7378,-1.5528
2023-04-10,3.17,3.2,3.15,3.16,58860149.0,186452714.77,0.5592,-0.3155
2023-04-11,3.17,3.21,3.1,3.2,156124640.0,493251242.05,1.4832,1.2658
2023-04-12,3.2,3.3,3.19,3.29,207615256.0,677984401.28,1.9723,2.8125
2023-04-13,3.29,3.32,3.25,3.27,116672708.0,383594875.28,1.1084,-0.6079
2023-04-14,3.33,3.36,3.32,3.36,168258122.0,562395562.78,1.5984,2.7523
2023-04-17,3.34,3.46,3.31,3.45,232509597.0,792629223.5,2.2088,2.6786
2023-04-18,3.43,3.48,3.41,3.45,126160792.0,434672894.47,1.1985,0.0
2023-04-19,3.47,3.54,3.46,3.49,198299985.0,696257905.31,1.8838,1.1594
2023-04-20,3.48,3.49,3.42,3.48,116641631.0,402364858.65,1.1081,-0.2865
2023-04-21,3.45,3.5,3.42,3.42,96531869.0,333286850.12,0.917,-1.7241
2023-04-24,3.4,3.46,3.33,3.36,140105364.0,474685316.03,1.331,-1.7544
2023-04-25,3.36,3.38,3.27,3.31,118006440.0,391708088.5,1.1211,-1.4881
2023-04-26,3.26,3.35,3.25,3.3,113497245.0,374102126.6,1.0782,-0.3021
2023-04-27,3.29,3.31,3.24,3.27,119914760.0,392061956.2,1.1392,-0.9091
2023-04-28,3.3,3.34,3.27,3.29,109993150.0,363162334.5,1.0449,0.6116
2023-05-04,3.29,3.35,3.27,3.32,139867926.0,464465701.57,1.3287,0.9119
2023-05-05,3.32,3.32,3.2,3.22,140013022.0,453420645.29,1.3301,-3.012
2023-05-08,3.23,3.33,3.22,3.33,166541840.0,549573219.91,1.5821,3.4161
2023-05-09,3.31,3.33,3.23,3.24,166307318.0,544209379.17,1.5799,-2.7027
2023-05-10,3.23,3.25,3.19,3.2,118961822.0,381707750.61,1.1301,-1.2346
2023-05-11,3.19,3.2,3.13,3.14,137107400.0,432461620.46,1.3025,-1.875
2023-05-12,3.1,3.11,2.98,2.99,247779787.0,748250843.18,2.3539,-4.7771
2023-05-15,3.0,3.04,2.95,3.03,119566804.0,357504533.74,1.1359,1.3378
2023-05-16,3.03,3.04,2.99,3.0,69838005.0,210304377.05,0.6635,-0.9901
2023-05-17,2.97,2.99,2.95,2.97,73818399.0,219356332.63,0.7013,-1.0
2023-05-18,3.0,3.02,2.97,2.98,78766703.0,235709833.11,0.7483,0.3367
2023-05-19,2.98,3.0,2.95,2.97,76928080.0,228809976.85,0.7308,-0.3356
2023-05-22,2.97,2.98,2.95,2.97,67945296.0,201583114.2,0.6455,0.0
2023-05-23,2.97,2.97,2.92,2.92,80279707.0,236288222.54,0.7627,-1.6835
2023-05-24,2.91,2.93,2.89,2.89,67723756.0,196799751.2,0.6434,-1.0274
2023-05-25,2.87,2.89,2.84,2.87,72296175.0,206924826.59,0.6868,-0.692
2023-05-26,2.86,2.95,2.84,2.94,87278030.0,252952993.91,0.8291,2.439
2023-05-29,2.94,2.96,2.92,2.94,79899945.0,234839994.19,0.759,0.0
2023-05-30,2.93,2.94,2.88,2.93,59445657.0,173107028.2,0.5647,-0.3401
2023-05-31,2.92,2.92,2.89,2.9,60328960.0,175332317.24,0.5731,-1.0239
2023-06-01,2.91,2.95,2.89,2.92,75440319.0,220672160.88,0.7167,0.6897
2023-06-02,2.9,2.95,2.89,2.94,115916769.0,339619907.72,1.1012,2.439
2023-06-05,2.93,2.95,2.92,2.94,63643760.0,186894266.8,0.6046,0.0
2023-06-06,2.94,2.96,2.9,2.91,67628506.0,198361786.18,0.6425,-1.0204
2023-06-07,2.9,2.93,2.89,2.9,53263754.0,154772973.61,0.506,-0.3436
2023-06-08,2.9,2.92,2.88,2.91,51566662.0,149702727.63,0.4899,0.3448
2023-06-09,2.92,2.93,2.91,2.91,57571221.0,167990543.2,0.5469,0.0
2023-06-12,2.91,2.92,2.88,2.91,69754138.0,202183583.92,0.6627,0.0
2023-06-13,2.9,2.91,2.87,2.89,60482964.0,174670801.16,0.5746,-0.6873
2023-06-14,2.91,2.93,2.89,2.9,77490541.0,225740595.24,0.7362,0.346
2023-06-15,2.91,2.93,2.89,2.93,59337499.0,172542759.9,0.5637,1.0345
2023-06-16,2.93,2.97,2.92,2.96,98238964.0,289550056.4,0.9333,1.0239
2023-06-19,2.95,2.95,2.89,2.9,92125533.0,268153992.06,0.8752,-2.027
2023-06-20,2.9,2.91,2.86,2.88,93844611.0,270693287.8,0.8915,-0.6897
2023-06-21,2.88,2.89,2.83,2.84,77910201.0,222724233.29,0.7401,-1.3889
2023-06-26,2.81,2.86,2.79,2.8,77709968.0,218971128.39,0.7382,-1.4085
2023-06-27,2.81,2.89,2.8,2.88,88491046.0,252722772.05,0.8407,2.8571
2023-06-28,2.87,2.89,2.84,2.88,52844972.0,151385781.12,0.502,0.0
2023-06-29,2.86,2.88,2.83,2.84,79951246.0,227902125.89,0.7595,-1.3889
2023-06-30,2.84,2.89,2.83,2.89,76945797.0,220831812.41,0.731,1.7606
2023-07-03,2.9,3.03,2.9,3.0,201762487.0,604595153.28,1.9167,3.8062
2023-07-04,3.03,3.04,2.98,3.0,94733703.0,284113589.67,0.9,0.0
2023-07-05,2.98,3.04,2.97,3.02,117401471.0,354378761.81,1.1153,0.6667
2023-07-06,3.01,3.03,2.98,3.0,82214980.0,247036333.42,0.781,-0.6623
2023-07-07,2.99,3.04,2.98,3.02,96157858.0,289204269.16,0.9135,0.6667
2023-07-10,3.02,3.05,3.01,3.03,78364363.0,237529804.14,0.7445,0.3311
2023-07-11,3.03,3.05,3.0,3.03,57728183.0,174633567.66,0.5484,0.0
2023-07-12,3.02,3.05,3.01,3.02,76102271.0,230351363.29,0.723,-0.33
2023-07-13,3.05,3.11,3.04,3.1,156547123.0,483803873.53,1.4872,2.649
2023-07-14,3.13,3.18,3.11,3.15,181994449.0,573784565.19,1.7289,1.6129
2023-07-17,3.13,3.14,3.06,3.08,107959627.0,333180387.84,1.0256,-2.2222
2023-07-18,3.08,3.11,3.05,3.09,68973042.0,212453052.99,0.6552,0.3247
2023-07-19,3.09,3.12,3.08,3.1,68634905.0,212712729.45,0.652,0.3236
2023-07-20,3.11,3.17,3.1,3.13,120157269.0,376806978.36,1.1415,0.9677
2023-07-21,3.11,3.14,3.09,3.11,71961100.0,223882455.0,0.6836,-0.639
2023-07-24,3.09,3.11,3.07,3.08,57761217.0,178152527.36,0.5487,-0.9646
2023-07-25,3.1,3.2,3.1,3.18,139431150.0,441079351.0,1.3246,3.2468
2023-07-26,3.2,3.21,3.16,3.19,90066788.0,287261005.68,0.8556,0.3145
2023-07-27,3.2,3.24,3.18,3.2,81652293.0,262317919.51,0.7757,0.3135
2023-07-28,3.18,3.23,3.15,3.22,95672829.0,305961670.8,0.9089,0.625
2023-07-31,3.24,3.3,3.23,3.25,115009611.0,375259561.24,1.0926,0.9317
2023-08-01,3.29,3.39,3.26,3.31,193963601.0,644191121.01,1.8426,1.8462
2023-08-02,3.28,3.31,3.25,3.27,116286782.0,380324061.58,1.1047,-1.2085
2023-08-03,3.23,3.26,3.2,3.25,106223918.0,342689427.32,1.0091,-0.6116
2023-08-04,3.27,3.34,3.26,3.27,115350170.0,379988343.58,1.0958,0.6154
2023-08-07,3.26,3.27,3.23,3.26,77297725.0,250992096.05,0.7343,-0.3058
2023-08-08,3.25,3.29,3.21,3.28,82504380.0,268214848.75,0.7838,0.6135
2023-08-09,3.25,3.25,3.21,3.22,67858759.0,219083910.19,0.6447,-1.8293
2023-08-10,3.22,3.24,3.2,3.21,60262886.0,193739596.06,0.5725,-0.3106
2023-08-11,3.21,3.23,3.14,3.15,86821197.0,275730347.06,0.8248,-1.8692
2023-08-14,3.11,3.21,3.1,3.21,101019140.0,319643858.85,0.9597,1.9048
2023-08-15,3.2,3.22,3.16,3.2,73513302.0,234771317.18,0.6984,-0.3115
2023-08-16,3.17,3.24,3.15,3.21,91511886.0,293332632.0,0.8694,0.3125
2023-08-17,3.19,3.21,3.13,3.17,119152971.0,376958290.23,1.1319,-1.2461
2023-08-18,3.19,3.2,3.11,3.13,89214071.0,281864584.07,0.8475,-1.2618
2023-08-21,3.12,3.2,3.11,3.13,100419703.0,316473206.05,0.954,0.0
2023-08-22,3.14,3.18,3.11,3.16,97006529.0,305200661.66,0.9216,0.9585
2023-08-23,3.16,3.17,3.09,3.09,79234110.0,247494189.48,0.7527,-2.2152
2023-08-24,3.1,3.2,3.1,3.18,145399163.0,460326002.87,1.3813,2.9126
2023-08-25,3.16,3.17,3.09,3.1,140885100.0,438262062.8,1.3384,-2.5157
2023-08-28,3.24,3.27,3.16,3.19,160772460.0,514979057.0,1.5273,2.9032
2023-08-29,3.17,3.21,3.15,3.19,122916733.0,391470243.07,1.1677,0.0
2023-08-30,3.2,3.27,3.2,3.22,139132751.0,449124202.02,1.3218,0.9404
2023-08-31,3.23,3.28,3.2,3.21,108595875.0,351807248.87,1.0317,-0.3106
2023-09-01,3.22,3.35,3.22,3.33,272625051.0,901211040.52,2.5899,3.7383
2023-09-04,3.37,3.48,3.35,3.44,286235998.0,979968359.49,2.7192,3.3033
2023-09-05,3.42,3.43,3.37,3.4,146691757.0,497348860.05,1.3936,-1.1628
2023-09-06,3.37,3.41,3.36,3.38,93831847.0,317418637.53,0.8914,-0.5882
2023-09-07,3.37,3.38,3.31,3.33,106898380.0,356869667.6,1.0155,-1.4793
2023-09-08,3.32,3.35,3.3,3.31,68729046.0,228112889.26,0.6529,-0.6006
2023-09-11,3.31,3.37,3.3,3.34,96111905.0,321098735.7,0.9131,0.9063
2023-09-12,3.35,3.38,3.3,3.3,80686969.0,268139442.61,0.7665,-1.1976
2023-09-13,3.29,3.33,3.28,3.31,89818800.0,296552423.27,0.8533,0.303
2023-09-14,3.3,3.36,3.3,3.35,104630634.0,349185180.79,0.994,1.2085
2023-09-15,3.36,3.44,3.33,3.35,137794800.0,465570609.99,1.309,0.0
2023-09-18,3.36,3.36,3.28,3.34,92792114.0,308325171.31,0.8815,-0.2985
2023-09-19,3.33,3.37,3.32,3.37,92766968.0,310825277.83,0.8813,0.8982
2023-09-20,3.36,3.36,3.31,3.31,86555267.0,287778349.77,0.8223,-1.7804
2023-09-21,3.3,3.32,3.27,3.28,85880879.0,282293182.33,0.8159,-0.9063
2023-09-22,3.28,3.3,3.23,3.25,103860639.0,337961179.75,0.9867,-0.9146
2023-09-25,3.25,3.3,3.24,3.24,85654329.0,279158698.33,0.8137,-0.3077
2023-09-26,3.24,3.25,3.21,3.22,71585546.0,230852544.28,0.6801,-0.6173
2023-09-27,3.21,3.23,3.18,3.2,94515700.0,302560140.0,0.8979,-0.6211
2023-09-28,3.21,3.22,3.19,3.19,66782088.0,213613415.72,0.6344,-0.3125
2023-10-09,3.19,3.23,3.14,3.22,103386548.0,330077908.7,0.9822,0.9404
2023-10-10,3.22,3.23,3.16,3.17,70220143.0,223925084.6,0.6671,-1.5528
2023-10-11,3.18,3.19,3.13,3.14,69078404.0,217839540.56,0.6562,-0.9464
2023-10-12,3.14,3.23,3.14,3.22,88997680.0,284078409.8,0.8455,2.5478
2023-10-13,3.2,3.2,3.15,3.16,66806900.0,211680965.5,0.6347,-1.8634
2023-10-16,3.17,3.18,3.12,3.14,68176890.0,214088508.6,0.6477,-0.6329
2023-10-17,3.14,3.15,3.07,3.11,72250745.0,224297911.4,0.6864,-0.9554
2023-10-18,3.1,3.13,3.08,3.08,54118358.0,167758868.17,0.5141,-0.9646
2023-10-19,3.08,3.1,3.05,3.05,60657555.0,186393839.4,0.5762,-0.974
2023-10-20,3.05,3.07,3.03,3.03,57407800.0,174906365.0,0.5454,-0.6557
2023-10-23,3.02,3.02,2.93,2.94,73890406.0,219365983.29,0.702,-2.9703
2023-10-24,2.94,3.0,2.94,2.99,70481900.0,209174663.65,0.6696,1.7007
2023-10-25,3.04,3.09,3.04,3.05,80419277.0,246436195.25,0.764,2.0067
2023-10-26,3.04,3.06,2.98,3.04,71657746.0,216501854.46,0.6807,-0.3279
2023-10-27,3.03,3.1,3.02,3.08,69034705.0,211710747.45,0.6558,1.3158
2023-10-30,3.08,3.14,3.08,3.12,93353800.0,290146105.0,0.8869,1.2987
2023-10-31,3.14,3.15,3.09,3.11,63824150.0,198643766.5,0.6063,-0.3205
2023-11-01,3.13,3.13,3.09,3.09,42086435.0,130504029.15,0.3998,-0.6431
2023-11-02,3.1,3.13,3.05,3.06,73007500.0,225460989.0,0.6936,-0.9709
2023-11-03,3.07,3.09,3.05,3.06,64018900.0,196311137.0,0.6082,0.0
2023-11-06,3.07,3.08,3.01,3.03,145807850.0,441192929.0,1.3852,-0.9804
2023-11-07,3.01,3.03,2.98,3.01,104481129.0,313493842.71,0.9926,-0.6601
2023-11-08,2.99,3.0,2.95,2.97,138266951.0,411366508.96,1.3135,-1.3289
2023-11-09,2.95,2.99,2.95,2.97,81535609.0,242339732.73,0.7746,0.0
2023-11-10,2.96,2.98,2.95,2.97,56522400.0,167673652.5,0.537,0.0
2023-11-13,2.98,3.02,2.96,3.01,84696527.0,253494250.09,0.8046,1.3468
2023-11-14,3.02,3.03,2.99,3.0,61549255.0,184816019.5,0.5847,-0.3322
2023-11-15,3.03,3.08,3.03,3.08,154133017.0,471533905.51,1.4643,2.6667
2023-11-16,3.07,3.07,3.02,3.02,80296354.0,243742933.62,0.7628,-1.9481
2023-11-17,3.01,3.02,2.98,3.01,63838850.0,191710618.0,0.6065,-0.3311
2023-11-20,3.02,3.03,2.99,3.01,75106006.0,225921948.06,0.7135,0.0
2023-11-21,3.03,3.08,3.02,3.06,124314041.0,380418697.81,1.181,1.6611
2023-11-22,3.05,3.06,3.01,3.02,59462500.0,180395424.98,0.5649,-1.3072
2023-11-23,3.01,3.04,3.0,3.03,56820930.0,171507546.65,0.5398,0.3311
2023-11-24,3.03,3.05,3.02,3.03,50009968.0,151539102.99,0.4751,0.0
2023-11-27,3.03,3.04,2.99,3.01,65838540.0,198074306.8,0.6255,-0.6601
2023-11-28,3.01,3.02,2.99,3.02,47178355.0,141689520.55,0.4482,0.3322
2023-11-29,3.03,3.1,3.03,3.06,162985034.0,500332998.76,1.5483,1.3245
2023-11-30,3.06,3.06,3.01,3.04,94072959.0,285280144.18,0.8937,-0.6536
2023-12-01,3.04,3.06,3.01,3.05,68593910.0,208290222.56,0.6516,0.3289
2023-12-04,3.1,3.13,3.08,3.09,145571705.0,452498514.72,1.3829,1.3115
2023-12-05,3.05,3.06,3.02,3.02,94473105.0,287091502.15,0.8975,-2.2654
2023-12-06,3.01,3.05,3.0,3.04,75412109.0,228501654.95,0.7164,0.6623
2023-12-07,3.03,3.04,3.01,3.03,62451783.0,188821279.53,0.5933,-0.3289
2023-12-08,3.03,3.05,3.02,3.03,57784700.0,175172132.25,0.549,0.0
2023-12-11,3.02,3.04,2.97,3.04,92317350.0,276912757.5,0.877,0.33
2023-12-12,3.03,3.03,3.0,3.02,55083057.0,165886986.2,0.5233,-0.6579
2023-12-13,3.01,3.02,2.97,2.97,75955711.0,227236774.28,0.7216,-1.6556
2023-12-14,2.99,3.01,2.95,2.97,80444577.0,239417630.92,0.7642,0.0
2023-12-15,2.99,3.0,2.96,2.97,80280196.0,239357632.77,0.7627,0.0
2023-12-18,2.95,2.97,2.9,2.91,97673090.0,285172139.79,0.9279,-2.0202
2023-12-19,2.9,2.92,2.88,2.9,52966289.0,153559671.0,0.5032,-0.3436
2023-12-20,2.9,2.93,2.9,2.91,49302333.0,143859019.03,0.4684,0.3448
2023-12-21,2.9,2.92,2.87,2.91,62992079.0,182597680.52,0.5984,0.0
2023-12-22,2.91,2.96,2.88,2.94,87756237.0,256855737.22,0.8337,1.0309
2023-12-25,2.93,2.97,2.92,2.96,65111426.0,192147558.91,0.6186,0.6803
2023-12-26,2.97,3.01,2.96,3.0,105210285.0,315292699.0,0.9995,1.3514
2023-12-27,2.99,3.16,2.99,3.15,250269328.0,773420460.2,2.3775,5.0
2023-12-28,3.18,3.3,3.17,3.25,279014621.0,909097893.43,2.6506,3.1746
2023-12-29,3.21,3.33,3.21,3.28,189223691.0,619632934.42,1.7976,0.9231
2024-01-02,3.29,3.33,3.26,3.31,161516735.0,533690744.23,1.5344,0.9146
2024-01-03,3.28,3.31,3.23,3.26,171185506.0,557708875.28,1.6263,-1.5106
2024-01-04,3.25,3.28,3.21,3.27,121752233.0,394365385.32,1.1566,0.3067
2024-01-05,3.26,3.3,3.22,3.25,99719316.0,325426297.82,0.9473,-0.6116
2024-01-08,3.26,3.3,3.23,3.24,140502431.0,458249519.69,1.3348,-0.3077
2024-01-09,3.25,3.36,3.21,3.32,175698279.0,580333448.55,1.6691,2.4691
2024-01-10,3.31,3.32,3.26,3.27,114039215.0,374571963.67,1.0834,-1.506
2024-01-11,3.26,3.29,3.24,3.26,94600665.0,308756030.9,0.8987,-0.3058
2024-01-12,3.25,3.33,3.24,3.28,99532811.0,327711551.14,0.9456,0.6135
2024-01-15,3.29,3.3,3.26,3.28,66344400.0,217387993.0,0.6303,0.0
2024-01-16,3.27,3.29,3.22,3.28,88460072.0,288365326.17,0.8404,0.0
2024-01-17,3.28,3.28,3.17,3.18,122423050.0,393993815.55,1.163,-3.0488
2024-01-18,3.15,3.16,3.03,3.14,174331427.0,537998570.98,1.6561,-1.2579
2024-01-19,3.15,3.17,3.06,3.08,113825500.0,353139972.0,1.0813,-1.9108
2024-01-22,3.08,3.1,2.91,2.95,127109012.0,383924600.96,1.2075,-4.2208
2024-01-23,2.93,2.96,2.86,2.92,219913446.0,636851360.72,2.0892,-1.0169
2024-01-24,2.95,3.02,2.88,3.01,182925324.0,539949145.1,1.7378,3.0822
2024-01-25,3.04,3.12,3.03,3.12,158363551.0,489124143.74,1.5044,3.6545
2024-01-26,3.12,3.2,3.1,3.16,144524781.0,457290217.42,1.373,1.2821
2024-01-29,3.17,3.2,3.11,3.12,113992400.0,358179204.0,1.0829,-1.2658
2024-01-30,3.11,3.13,3.03,3.05,107429984.0,332261192.36,1.0206,-2.2436
2024-01-31,3.06,3.09,3.01,3.02,131648700.0,401599097.0,1.2507,-0.9836
2024-02-01,3.0,3.15,2.98,3.06,184135525.0,564671306.49,1.7493,1.3245
2024-02-02,3.05,3.1,2.94,3.02,178896106.0,542430455.76,1.6995,-1.3072
2024-02-05,3.0,3.09,2.94,2.99,214796900.0,645712056.3,2.0406,-0.9934
2024-02-06,2.98,3.19,2.95,3.18,211639102.0,655157640.93,2.0106,6.3545
2024-02-07,3.18,3.27,3.16,3.27,217748563.0,701959879.02,2.0686,2.8302
2024-02-08,3.25,3.35,3.2,3.24,233461860.0,769146954.87,2.2179,-0.9174
2024-02-19,3.27,3.33,3.19,3.32,206327768.0,678134891.03,1.9601,2.4691
2024-02-20,3.3,3.42,3.28,3.37,194232928.0,651668721.5,1.8452,1.506
2024-02-21,3.37,3.42,3.32,3.34,173757242.0,585697540.91,1.6507,-0.8902
2024-02-22,3.33,3.41,3.3,3.4,167236831.0,562859578.54,1.5887,1.7964
2024-02-23,3.4,3.47,3.38,3.43,161523974.0,552853805.53,1.5345,0.8824
2024-02-26,3.41,3.43,3.29,3.3,179278020.0,599910763.92,1.7031,-3.7901
2024-02-27,3.28,3.31,3.24,3.29,191221033.0,626620792.21,1.8166,-0.303
2024-02-28,3.27,3.3,3.22,3.22,165783472.0,541180419.04,1.5749,-2.1277
2024-02-29,3.2,3.28,3.18,3.28,181963329.0,590699320.83,1.7286,1.8634
2024-03-01,3.27,3.28,3.22,3.26,165745249.0,538090613.37,1.5746,-0.6098
2024-03-04,3.28,3.31,3.22,3.25,151066097.0,492468855.62,1.4351,-0.3067
2024-03-05,3.24,3.29,3.22,3.26,153814071.0,500495978.96,1.4612,0.3077
2024-03-06,3.24,3.31,3.23,3.28,177384202.0,581513975.51,1.6851,0.6135
2024-03-07,3.31,3.61,3.3,3.52,728720892.0,2566160335.05,6.9228,7.3171
2024-03-08,3.58,3.8,3.5,3.8,807244606.0,2943925202.36,7.6687,7.9545
2024-03-11,3.79,3.79,3.56,3.66,651324243.0,2379380760.21,6.1875,-3.6842
2024-03-12,3.65,3.67,3.49,3.54,506927854.0,1801502230.74,4.8158,-3.2787
2024-03-13,3.52,3.59,3.48,3.57,361537979.0,1281694243.44,3.4346,0.8475
2024-03-14,3.81,3.93,3.75,3.79,934949149.0,3592980717.52,8.8819,6.1625
2024-03-15,3.77,4.06,3.69,4.0,802399515.0,3119978074.53,7.6227,5.5409
2024-03-18,4.01,4.08,3.91,3.95,559082711.0,2221017442.99,5.3112,-1.25
2024-03-19,3.92,4.03,3.87,3.89,399202830.0,1573537230.99,3.7924,-1.519
2024-03-20,3.84,3.97,3.82,3.9,403495839.0,1568635536.0,3.8332,0.2571
2024-03-21,3.95,3.99,3.88,3.94,351483199.0,1381617684.77,3.339,1.0256
2024-03-22,3.84,3.88,3.76,3.81,338221589.0,1291422159.86,3.2131,-3.2995
2024-03-25,3.79,3.92,3.79,3.82,285650995.0,1100429167.15,2.7136,0.2625
2024-03-26,3.81,3.82,3.69,3.76,265098131.0,993953258.41,2.5184,-1.5707
2024-03-27,3.75,3.83,3.73,3.77,249334984.0,943668307.42,2.3687,0.266
2024-03-28,3.75,3.96,3.75,3.91,355978985.0,1380623333.6,3.3818,3.7135
2024-03-29,3.95,3.99,3.9,3.97,334796121.0,1322701047.45,3.1805,1.5345
2024-04-01,4.04,4.11,3.89,3.97,410348595.0,1641049023.0,3.8983,0.0
2024-04-02,3.95,4.06,3.93,3.97,304488692.0,1213177840.97,2.8926,0.0
2024-04-03,4.03,4.18,3.96,4.11,630698914.0,2566181577.19,5.9916,3.5264
2024-04-08,4.15,4.44,4.09,4.12,737533717.0,3117888699.98,7.0065,0.2433
2024-04-09,4.1,4.17,4.05,4.11,359395490.0,1476206466.31,3.4142,-0.2427
2024-04-10,4.12,4.32,4.07,4.24,439733256.0,1838408455.85,4.1774,3.163
2024-04-11,4.13,4.28,4.04,4.16,388800846.0,1617420377.68,3.6936,-1.8868
2024-04-12,4.2,4.25,4.11,4.19,328852817.0,1375651321.2,3.1241,0.7212
2024-04-15,4.12,4.18,3.97,4.18,355488150.0,1454431940.81,3.3771,-0.2387
2024-04-16,4.13,4.19,3.96,4.0,333212890.0,1360720174.11,3.1655,-4.3062
2024-04-17,3.98,4.13,3.95,4.12,286742874.0,1162368751.16,2.724,3.0
2024-04-18,4.1,4.29,4.08,4.28,384843840.0,1618774552.81,3.656,3.8835
2024-04-19,4.29,4.44,4.17,4.23,408566835.0,1753065266.75,3.8813,-1.1682
2024-04-22,4.29,4.33,4.03,4.05,374233558.0,1559233362.86,3.5552,-4.2553
2024-04-23,3.95,3.96,3.77,3.81,411964196.0,1588379558.98,3.9136,-5.9259
2024-04-24,3.8,3.89,3.78,3.88,253226755.0,971611141.69,2.4056,1.8373
2024-04-25,3.84,3.94,3.8,3.9,199113723.0,771091700.17,1.8916,0.5155
2024-04-26,3.93,4.04,3.92,4.03,354620950.0,1413189843.47,3.3689,3.3333
2024-04-29,4.0,4.04,3.87,4.02,371238295.0,1468205571.94,3.5267,-0.2481
2024-04-30,4.08,4.12,4.02,4.04,252987961.0,1028894422.56,2.4034,0.4975
2024-05-06,3.97,4.07,3.92,4.07,273110290.0,1094148913.06,2.5945,0.7426
2024-05-07,4.08,4.12,3.99,4.0,259735906.0,1052459687.24,2.4675,-1.7199
2024-05-08,3.96,3.99,3.91,3.93,189477228.0,747589186.41,1.8,-1.75
2024-05-09,3.91,4.11,3.9,4.07,282326422.0,1139265977.87,2.6821,3.5623
2024-05-10,4.12,4.17,4.03,4.13,252336324.0,1034484032.23,2.3972,1.4742
2024-05-13,4.06,4.12,3.99,4.09,195680251.0,794270817.77,1.8589,-0.9685
2024-05-14,4.14,4.18,4.07,4.15,274969519.0,1135734758.26,2.6122,1.467
2024-05-15,4.1,4.18,4.06,4.1,236657490.0,975352409.85,2.2482,-1.2048
2024-05-16,4.15,4.19,4.01,4.04,313890514.0,1284213606.56,2.9819,-1.4634
2024-05-17,4.04,4.11,3.99,4.11,237770202.0,961813059.08,2.2588,1.7327
2024-05-20,4.3,4.39,4.21,4.35,588956846.0,2539466019.65,5.595,5.8394
2024-05-21,4.35,4.38,4.15,4.18,354421184.0,1501667140.98,3.367,-3.908
2024-05-22,4.18,4.19,4.06,4.1,269426900.0,1109939407.0,2.5595,-1.9139
2024-05-23,3.95,3.97,3.89,3.93,264955707.0,1043405842.66,2.517,-4.1463
2024-05-24,3.91,4.02,3.9,3.95,185182052.0,735889161.0,1.7592,0.5089
2024-05-27,3.95,4.03,3.95,4.02,147876749.0,590949642.81,1.4048,1.7722
2024-05-28,4.06,4.12,4.02,4.04,216890784.0,883131309.15,2.0604,0.4975
2024-05-29,4.01,4.22,4.0,4.15,321553963.0,1330425716.59,3.0547,2.7228
2024-05-30,4.13,4.13,3.95,3.98,293770298.0,1185567682.78,2.7908,-4.0964
2024-05-31,3.95,4.0,3.93,3.96,168853267.0,669362325.3,1.6041,-0.5025
2024-06-03,3.92,3.94,3.82,3.87,179209588.0,695166296.88,1.7025,-2.2727
2024-06-04,3.88,3.94,3.85,3.91,140826353.0,548656334.58,1.3378,1.0336
2024-06-05,3.82,3.83,3.77,3.78,181889243.0,690103723.89,1.7279,-3.3248
2024-06-06,3.82,3.85,3.79,3.81,163297860.0,623821794.8,1.5513,0.7937
2024-06-07,3.79,3.84,3.73,3.79,174451768.0,661047297.11,1.6573,1.6086
2024-06-11,3.71,3.74,3.66,3.73,169603932.0,628209540.04,1.6112,-1.5831
2024-06-12,3.7,3.76,3.69,3.74,146120875.0,544399700.5,1.3881,0.2681
2024-06-13,3.72,3.72,3.58,3.63,214930991.0,781863461.27,2.0418,-2.9412
2024-06-14,3.6,3.66,3.58,3.65,139328654.0,505471158.25,1.3236,0.551
2024-06-17,3.62,3.65,3.54,3.55,158710475.0,567160417.75,1.5077,-2.7397
2024-06-18,3.55,3.59,3.53,3.57,123787965.0,441334451.0,1.176,0.5634
2024-06-19,3.57,3.63,3.56,3.6,130344500.0,469147014.0,1.2383,0.8403
2024-06-20,3.61,3.65,3.56,3.58,127459675.0,458857018.98,1.2108,-0.5556
2024-06-21,3.59,3.65,3.56,3.58,131823701.0,474571509.58,1.2523,0.0
2024-06-24,3.48,3.54,3.45,3.51,141873225.0,496794478.59,1.3478,-1.9553
2024-06-25,3.5,3.62,3.5,3.57,158196383.0,562943249.38,1.5028,1.7094
2024-06-26,3.55,3.6,3.48,3.6,125361639.0,443127605.0,1.1909,0.8403
2024-06-27,3.57,3.57,3.49,3.51,117574706.0,414200146.06,1.1169,-2.5
2024-06-28,3.5,3.63,3.48,3.61,167598206.0,599889352.94,1.5922,2.849
2024-07-01,3.6,3.71,3.59,3.69,158183094.0,578080950.34,1.5027,2.2161
2024-07-02,3.68,3.73,3.66,3.68,121045200.0,446492488.0,1.1499,-0.271
2024-07-03,3.69,3.71,3.63,3.67,88612850.0,324951104.5,0.8418,-0.2717
2024-07-04,3.71,3.74,3.61,3.62,128481174.0,472633959.33,1.2206,-1.3624
2024-07-05,3.61,3.7,3.59,3.69,125858249.0,459174172.89,1.1956,1.9337
2024-07-08,3.69,3.73,3.67,3.68,178685907.0,660760607.88,1.6975,-0.271
2024-07-09,3.66,3.77,3.64,3.76,165570554.0,615165307.1,1.5729,2.1739
2024-07-10,3.74,3.76,3.6,3.62,181773475.0,669637111.09,1.7268,-3.7234
2024-07-11,3.66,3.78,3.64,3.76,200205453.0,745907191.39,1.9019,3.8674
2024-07-12,3.73,3.74,3.64,3.65,197586086.0,726118143.47,1.877,-2.9255
2024-07-15,3.63,3.69,3.6,3.65,133872321.0,489643317.93,1.2718,0.0
2024-07-16,3.62,3.65,3.58,3.61,127786789.0,461312883.13,1.214,-1.0959
2024-07-17,3.6,3.61,3.48,3.5,183905135.0,648167357.5,1.7471,-3.0471
2024-07-18,3.46,3.48,3.38,3.47,159235654.0,546400313.07,1.5127,-0.8571
2024-07-19,3.38,3.4,3.32,3.38,171538299.0,576501294.57,1.6296,-2.5937
2024-07-22,3.35,3.37,3.28,3.3,148791303.0,492045907.17,1.4135,-2.3669
2024-07-23,3.29,3.31,3.14,3.15,225077932.0,722758880.08,2.1382,-4.5455
2024-07-24,3.14,3.2,3.11,3.13,146310319.0,460135614.7,1.3899,-0.6349
2024-07-25,3.05,3.1,3.0,3.03,202837360.0,616236077.75,1.9269,-3.1949
2024-07-26,3.05,3.11,3.04,3.08,152435988.0,469521490.04,1.4481,1.6502
2024-07-29,3.09,3.11,3.06,3.08,105100670.0,323721562.1,0.9984,0.0
2024-07-30,3.05,3.05,3.02,3.04,134083227.0,406804413.78,1.2738,-1.2987
2024-07-31,3.06,3.15,3.05,3.15,200253479.0,622768031.63,1.9024,3.6184
2024-08-01,3.19,3.22,3.14,3.16,238936148.0,760178193.26,2.2699,0.3175
2024-08-02,3.1,3.14,3.08,3.11,144998506.0,451027519.45,1.3775,-1.5823
2024-08-05,3.08,3.13,3.05,3.05,195913788.0,603174887.1,1.8612,-1.9293
2024-08-06,3.05,3.1,3.03,3.06,174473237.0,533304092.31,1.6575,0.3279
2024-08-07,3.05,3.1,3.03,3.07,149020434.0,458759117.58,1.4157,0.3268
2024-08-08,3.06,3.09,3.03,3.07,129014665.0,394756596.99,1.2256,0.0
2024-08-09,3.09,3.14,3.08,3.08,188498456.0,585880491.45,1.7907,0.3257
2024-08-12,3.08,3.1,3.06,3.08,85468579.0,263225006.53,0.8119,0.0
2024-08-13,3.1,3.11,3.04,3.07,116384657.0,356441253.95,1.1056,-0.3247
2024-08-14,3.07,3.07,3.02,3.03,110783635.0,337146769.05,1.0524,-1.3029
2024-08-15,3.03,3.1,3.0,3.08,161244553.0,493000976.05,1.5318,1.6502
2024-08-16,3.1,3.14,3.07,3.08,154276054.0,478502637.32,1.4656,0.0
2024-08-19,3.08,3.14,3.07,3.12,150371905.0,469173148.55,1.4285,1.2987
2024-08-20,3.13,3.14,3.06,3.06,121051305.0,373045024.45,1.15,-1.9231
2024-08-21,3.06,3.1,3.04,3.09,121949620.0,375797402.55,1.1585,0.9804
2024-08-22,3.08,3.1,3.05,3.06,112044100.0,343867270.0,1.0644,-0.9709
2024-08-23,3.05,3.11,3.04,3.09,122736084.0,377434661.67,1.166,0.9804
2024-08-26,3.12,3.15,3.07,3.12,136843200.0,424287821.0,1.3,0.9709
2024-08-27,3.1,3.11,3.05,3.06,111914504.0,343807763.24,1.0632,-1.9231
2024-08-28,3.07,3.12,3.03,3.05,213288672.0,654703872.52,2.0262,-0.3268
2024-08-29,3.03,3.08,3.0,3.06,184837671.0,563999212.4,1.7559,0.3279
2024-08-30,3.05,3.15,3.03,3.11,240787984.0,744874900.71,2.2875,1.634
2024-09-02,3.08,3.09,3.02,3.02,227095787.0,691409715.62,2.1574,-2.8939
2024-09-03,3.02,3.04,3.01,3.02,121459203.0,367125059.09,1.1538,0.0
2024-09-04,2.97,2.98,2.89,2.91,261255408.0,762639889.74,2.4819,-3.6424
2024-09-05,2.91,2.96,2.89,2.93,161658103.0,473063154.71,1.5357,0.6873
2024-09-06,2.94,2.97,2.91,2.94,134086376.0,394821134.78,1.2738,0.3413
2024-09-09,2.91,2.92,2.88,2.92,123300768.0,357710879.17,1.1713,-0.6803
2024-09-10,2.93,2.93,2.86,2.91,124681340.0,360681107.62,1.1845,-0.3425
2024-09-11,2.89,2.91,2.86,2.88,119300633.0,343401170.93,1.1333,-1.0309
2024-09-12,2.89,2.96,2.88,2.93,195498982.0,572859321.97,1.8572,1.7361
2024-09-13,2.96,2.98,2.94,2.95,151307782.0,447132584.0,1.4374,0.6826
2024-09-18,2.95,2.97,2.9,2.95,110537079.0,324294064.26,1.0501,0.0
2024-09-19,2.95,3.09,2.93,3.09,266090773.0,806828716.65,2.5278,4.7458
2024-09-20,3.09,3.18,3.06,3.17,250319733.0,785200826.41,2.378,2.589
2024-09-23,3.15,3.19,3.13,3.15,153293505.0,483968596.48,1.4563,-0.6309
2024-09-24,3.17,3.29,3.17,3.28,253555617.0,819204862.68,2.4087,4.127
2024-09-25,3.36,3.4,3.27,3.28,277494016.0,927939571.8,2.6362,0.0
2024-09-26,3.27,3.44,3.26,3.44,231446756.0,776362584.2,2.1987,4.878
2024-09-27,3.52,3.6,3.47,3.56,301923044.0,1065677163.82,2.8682,3.4884
2024-09-30,3.69,3.87,3.61,3.86,507771775.0,1907059665.89,4.8238,8.427
2024-10-08,4.23,4.25,3.67,3.88,687009287.0,2712711249.51,6.5265,0.5181
2024-10-09,3.77,3.77,3.49,3.51,447608281.0,1611951679.9,4.2522,-9.5361
2024-10-10,3.52,3.71,3.48,3.6,315147264.0,1133324035.22,2.9939,2.5641
2024-10-11,3.63,3.65,3.45,3.51,225386140.0,799868257.02,2.1411,-2.5
2024-10-14,3.52,3.63,3.51,3.6,233580385.0,836052825.7,2.219,2.5641
2024-10-15,3.58,3.58,3.45,3.46,221634793.0,778250653.64,2.1055,-3.8889
2024-10-16,3.4,3.52,3.4,3.47,150948104.0,522948114.03,1.434,0.289
2024-10-17,3.49,3.52,3.4,3.4,149593045.0,517793867.1,1.4211,-2.0173
2024-10-18,3.41,3.54,3.4,3.48,225037390.0,778412453.88,2.1378,2.3529
2024-10-21,3.51,3.57,3.47,3.52,241611596.0,852042764.49,2.2953,1.1494
2024-10-22,3.49,3.54,3.47,3.52,197107747.0,692202970.33,1.8725,0.0
2024-10-23,3.52,3.57,3.49,3.54,224710479.0,792902032.74,2.1347,0.5682
2024-10-24,3.5,3.51,3.45,3.49,167115868.0,580117900.64,1.5876,-1.4124
2024-10-25,3.47,3.5,3.45,3.47,165827289.0,575797432.87,1.5753,-0.5731
2024-10-28,3.47,3.56,3.46,3.56,260820798.0,920361357.57,2.4778,2.5937
2024-10-29,3.53,3.54,3.37,3.39,442276899.0,1517867509.82,4.2016,-4.7753
2024-10-30,3.38,3.41,3.34,3.38,201150800.0,678202306.0,1.9109,-0.295
2024-10-31,3.37,3.42,3.35,3.4,220762454.0,749152089.29,2.0972,0.5917
2024-11-01,3.38,3.59,3.37,3.52,505922801.0,1773309303.39,4.8062,3.5294
2024-11-04,3.53,3.55,3.44,3.55,296844802.0,1039285072.45,2.82,0.8523
2024-11-05,3.52,3.65,3.5,3.64,399660589.0,1436874535.6,3.7967,2.5352
2024-11-06,3.65,3.67,3.58,3.6,331964933.0,1203272269.42,3.1536,-1.0989
2024-11-07,3.53,3.65,3.47,3.65,394751384.0,1408268017.22,3.7501,1.3889
2024-11-08,3.72,3.77,3.58,3.6,414207571.0,1512841477.66,3.9349,-1.3699
2024-11-11,3.56,3.58,3.5,3.55,297216011.0,1051289214.53,2.8235,-1.3889
2024-11-12,3.53,3.58,3.44,3.47,325702977.0,1145484824.09,3.0941,-2.2535
2024-11-13,3.43,3.51,3.42,3.47,194246307.0,672109021.98,1.8453,0.0
2024-11-14,3.44,3.46,3.36,3.36,240158570.0,817745079.33,2.2815,-3.17
2024-11-15,3.37,3.41,3.35,3.35,187627001.0,634050262.21,1.7824,-0.2976
2024-11-18,3.35,3.42,3.32,3.37,242677924.0,818836879.25,2.3054,0.597
2024-11-19,3.37,3.4,3.34,3.4,172281331.0,581133414.59,1.6367,0.8902
2024-11-20,3.39,3.41,3.36,3.4,167346675.0,566940767.32,1.5898,0.0
2024-11-21,3.39,3.42,3.37,3.39,140584687.0,476110211.06,1.3355,-0.2941
2024-11-22,3.38,3.39,3.29,3.29,205468177.0,685086015.93,1.9519,-2.9499
2024-11-25,3.29,3.32,3.25,3.28,124798078.0,410133172.64,1.1856,-0.304
2024-11-26,3.27,3.3,3.26,3.26,99528846.0,326374706.59,0.9455,-0.6098
2024-11-27,3.27,3.29,3.18,3.29,156546876.0,505647956.53,1.4872,0.9202
2024-11-28,3.27,3.3,3.26,3.26,124315165.0,407921702.1,1.181,-0.9119
2024-11-29,3.26,3.32,3.25,3.3,154072799.0,507313896.33,1.4637,1.227
2024-12-02,3.38,3.48,3.37,3.47,408777997.0,1406353945.22,3.8833,5.1515
2024-12-03,3.47,3.48,3.4,3.47,211774854.0,728363160.55,2.0118,0.0
2024-12-04,3.48,3.51,3.44,3.46,191176190.0,664945774.95,1.8162,-0.2882
2024-12-05,3.45,3.47,3.42,3.45,129254604.0,444957482.76,1.2279,-0.289
2024-12-06,3.44,3.5,3.44,3.49,215003477.0,748184407.58,2.0425,1.1594
2024-12-09,3.49,3.55,3.48,3.5,190912940.0,671317400.98,1.8136,0.2865
2024-12-10,3.58,3.61,3.49,3.5,228085606.0,807594589.38,2.1668,0.0
2024-12-11,3.5,3.6,3.48,3.58,269974003.0,962137590.03,2.5647,2.2857
2024-12-12,3.59,3.6,3.54,3.58,215260259.0,768879135.28,2.0449,0.0
2024-12-13,3.55,3.56,3.43,3.45,550747306.0,1909551001.76,5.232,-3.6313
2024-12-16,3.44,3.49,3.43,3.45,185053016.0,638455734.86,1.758,0.0
2024-12-17,3.45,3.47,3.39,3.4,149715729.0,513770048.6,1.4223,-1.4493
2024-12-18,3.4,3.42,3.35,3.36,160890374.0,543843143.64,1.5284,-1.1765
2024-12-19,3.32,3.33,3.29,3.32,181694752.0,601317357.14,1.7261,-1.1905
2024-12-20,3.31,3.33,3.27,3.28,163905646.0,538866391.11,1.5571,-1.2048
2024-12-23,3.29,3.33,3.28,3.29,144229129.0,476494725.3,1.3702,0.3049
2024-12-24,3.29,3.33,3.28,3.33,120096715.0,397015164.88,1.1409,1.2158
2024-12-25,3.33,3.35,3.3,3.31,119119215.0,395826340.3,1.1316,-0.6006
2024-12-26,3.31,3.33,3.28,3.29,97095650.0,320903758.5,0.9224,-0.6042
2024-12-27,3.29,3.32,3.28,3.31,107821078.0,356514008.4,1.0243,0.6079
2024-12-30,3.31,3.33,3.29,3.31,86318120.0,285702085.0,0.82,0.0
2024-12-31,3.3,3.32,3.22,3.23,180299034.0,588010765.13,1.7128,-2.4169
2025-01-02,3.23,3.26,3.16,3.18,163786588.0,526540855.01,1.556,-1.548
2025-01-03,3.19,3.3,3.18,3.21,248807919.0,808014626.44,2.3636,0.9434
2025-01-06,3.22,3.28,3.17,3.23,169964967.0,548989247.38,1.6146,0.6231
2025-01-07,3.23,3.29,3.2,3.28,152329409.0,495805720.15,1.4471,1.548
2025-01-08,3.27,3.27,3.17,3.22,156561817.0,503409899.47,1.4873,-1.8293
2025-01-09,3.22,3.24,3.19,3.22,100651155.0,323575877.05,0.9562,0.0
2025-01-10,3.23,3.28,3.22,3.22,162555785.0,527937650.39,1.5443,0.0
2025-01-13,3.21,3.29,3.17,3.28,169901083.0,552554811.93,1.614,1.8634
2025-01-14,3.26,3.32,3.25,3.31,177236917.0,582750574.11,1.6837,0.9146
2025-01-15,3.3,3.32,3.26,3.27,123605200.0,405626468.0,1.1742,-1.2085
2025-01-16,3.3,3.35,3.29,3.34,202267380.0,672466951.55,1.9215,2.1407
2025-01-17,3.33,3.34,3.3,3.33,103647087.0,344528247.84,0.9846,-0.2994
2025-01-20,3.33,3.34,3.29,3.29,116719400.0,386236915.0,1.1088,-1.2012
2025-01-21,3.3,3.31,3.26,3.28,87530000.0,287028693.0,0.8315,-0.304
2025-01-22,3.28,3.28,3.23,3.24,84492136.0,274190418.29,0.8027,-1.2195
2025-01-23,3.26,3.31,3.23,3.23,131762510.0,430817537.4,1.2517,-0.3086
2025-01-24,3.24,3.28,3.23,3.27,104235700.0,339091398.0,0.9902,1.2384
2025-01-27,3.26,3.31,3.26,3.27,110394588.0,363198500.88,1.0487,0.0
2025-02-05,3.29,3.3,3.25,3.27,119040278.0,389352592.06,1.1309,0.0
2025-02-06,3.29,3.33,3.28,3.33,154032880.0,509266194.05,1.4633,1.8349
2025-02-07,3.33,3.39,3.32,3.38,216657641.0,728439573.51,2.0582,1.5015
2025-02-10,3.39,3.44,3.37,3.4,153821062.0,522009241.12,1.4613,0.5917
2025-02-11,3.41,3.45,3.38,3.4,187757409.0,640633191.03,1.7837,0.0
2025-02-12,3.39,3.39,3.32,3.35,199083487.0,666547917.87,1.8913,-1.4706
2025-02-13,3.36,3.38,3.33,3.33,125141016.0,419755579.92,1.1888,-0.597
2025-02-14,3.35,3.37,3.33,3.36,119343006.0,400020663.16,1.1337,0.9009
2025-02-17,3.34,3.34,3.29,3.31,151693267.0,501905953.77,1.4411,-1.4881
2025-02-18,3.3,3.31,3.25,3.26,136413816.0,448118667.5,1.2959,-1.5106
2025-02-19,3.27,3.28,3.23,3.24,146343686.0,475404557.81,1.3902,-0.6135
2025-02-20,3.24,3.26,3.23,3.25,124101783.0,402569217.83,1.179,0.3086
2025-02-21,3.25,3.28,3.24,3.25,155497675.0,505960957.75,1.4772,0.0
2025-02-24,3.24,3.26,3.22,3.25,130921759.0,424954119.36,1.2437,0.0
2025-02-25,3.24,3.25,3.2,3.2,131078444.0,422159504.22,1.2452,-1.5385
2025-02-26,3.22,3.3,3.21,3.26,244191513.0,798014410.68,2.3198,1.875
2025-02-27,3.27,3.29,3.23,3.25,126289010.0,410866438.19,1.1997,-0.3067
2025-02-28,3.24,3.25,3.2,3.21,120452150.0,388566849.64,1.1443,-1.2308
2025-03-03,3.22,3.26,3.21,3.24,122731435.0,397917860.35,1.1659,0.9346
2025-03-04,3.23,3.24,3.21,3.24,78715245.0,253945387.3,0.7478,0.0
2025-03-05,3.23,3.27,3.21,3.27,144214557.0,467185092.35,1.37,0.9259
2025-03-06,3.3,3.35,3.29,3.31,225782843.0,750381682.53,2.1449,1.2232
2025-03-07,3.32,3.38,3.31,3.35,232411101.0,779505074.6,2.2079,1.2085
2025-03-10,3.37,3.38,3.32,3.37,188827534.0,632490116.09,1.7938,0.597
2025-03-11,3.33,3.38,3.31,3.38,172891352.0,579819455.92,1.6424,0.2967
2025-03-12,3.41,3.47,3.39,3.45,312292394.0,1071482801.91,2.9667,2.071
2025-03-13,3.45,3.49,3.41,3.45,212421974.0,730802986.69,2.018,0.0
2025-03-14,3.5,3.53,3.47,3.52,328363939.0,1151082645.4,3.1194,2.029
2025-03-17,3.5,3.53,3.47,3.48,178473367.0,623165154.31,1.6955,-1.1364
2025-03-18,3.51,3.57,3.48,3.5,251305487.0,885790434.5,2.3874,0.5747
2025-03-19,3.5,3.51,3.45,3.51,164949516.0,575404956.48,1.567,0.2857
2025-03-20,3.57,3.58,3.52,3.52,184945320.0,655642330.2,1.757,0.2849
2025-03-21,3.51,3.55,3.45,3.46,194980136.0,682352230.42,1.8523,-1.7045
2025-03-24,3.47,3.68,3.46,3.62,552443648.0,1989822551.21,5.2481,4.6243
2025-03-25,3.65,3.75,3.59,3.63,445826780.0,1629831642.76,4.2353,0.2762
2025-03-26,3.7,3.78,3.59,3.6,534842144.0,1972708174.39,5.0809,-0.8264
2025-03-27,3.54,3.57,3.49,3.52,310709860.0,1095366052.34,2.9517,-2.2222
2025-03-28,3.51,3.53,3.46,3.5,216826600.0,757130898.0,2.0598,-0.5682
2025-03-31,3.47,3.47,3.38,3.43,236131700.0,807352924.0,2.2432,-2.0
2025-04-01,3.45,3.48,3.43,3.44,165361605.0,571248157.63,1.5709,0.2915
2025-04-02,3.43,3.46,3.41,3.42,116835266.0,401008301.29,1.1098,-0.5814
2025-04-03,3.38,3.4,3.34,3.35,189264992.0,637182466.28,1.7978,-2.0468
2025-04-07,3.08,3.12,3.02,3.02,343257800.0,1043628244.45,3.2605,-9.8507
2025-04-08,3.0,3.02,2.9,2.95,397372621.0,1167407680.62,3.7746,-2.3179
2025-04-09,2.9,2.97,2.81,2.96,358841076.0,1037681609.99,3.4085,0.339
2025-04-10,3.05,3.07,3.0,3.03,339093224.0,1027962310.72,3.221,2.3649
2025-04-11,3.0,3.04,2.99,3.01,217336114.0,654482579.5,2.0644,-0.6601
2025-04-14,3.05,3.13,3.05,3.11,340073316.0,1053732100.94,3.2303,3.3223
2025-04-15,3.11,3.11,3.05,3.07,169297641.0,519463882.87,1.6081,-1.2862
2025-04-16,3.07,3.08,3.01,3.05,152727731.0,463927669.45,1.4507,-0.6515
2025-04-17,3.06,3.08,3.04,3.04,160087197.0,488862582.3,1.5206,-0.3279
2025-04-18,3.04,3.08,3.03,3.07,143600635.0,439466725.12,1.364,0.9868
2025-04-21,3.07,3.2,3.06,3.19,283846951.0,892985873.24,2.6962,3.9088
2025-04-22,3.19,3.22,3.16,3.19,213138184.0,679054277.92,2.0246,0.0
2025-04-23,3.18,3.21,3.15,3.18,191080659.0,607138861.08,1.815,-0.3135
2025-04-24,3.18,3.2,3.14,3.16,144135340.0,455930631.0,1.3691,-0.6289
2025-04-25,3.17,3.2,3.15,3.16,131632160.0,418188023.8,1.2503,0.0
2025-04-28,3.16,3.19,3.14,3.17,123527240.0,390742810.83,1.1734,0.3165
2025-04-29,3.17,3.19,3.15,3.18,131094819.0,415673985.23,1.2452,0.3155
2025-04-30,3.18,3.18,3.16,3.16,114279204.0,361931083.68,1.0855,-0.6289
2025-05-06,3.18,3.21,3.16,3.21,139824372.0,446482589.81,1.3282,1.5823
2025-05-07,3.24,3.25,3.19,3.2,134389435.0,431555099.48,1.2765,-0.3115
2025-05-08,3.19,3.21,3.18,3.2,95161375.0,304349831.0,0.9039,0.0
2025-05-09,3.2,3.21,3.16,3.17,100505364.0,319594326.14,0.9547,-0.9375
2025-05-12,3.19,3.24,3.18,3.23,139882684.0,448798721.75,1.3287,1.8927
2025-05-13,3.24,3.25,3.21,3.23,105227405.0,339889733.1,0.9995,0.0
2025-05-14,3.23,3.27,3.23,3.27,133733865.0,434878965.12,1.2703,1.2384
2025-05-15,3.26,3.27,3.2,3.21,121594539.0,392714018.8,1.155,-1.8349
2025-05-16,3.21,3.23,3.18,3.18,102725020.0,328542090.02,0.9758,-0.9346
2025-05-19,3.18,3.2,3.16,3.19,76262000.0,242689078.0,0.7244,0.3145
2025-05-20,3.19,3.2,3.18,3.18,82678981.0,263521138.58,0.7853,-0.3135
2025-05-21,3.19,3.23,3.18,3.23,122812955.0,393930924.09,1.1666,1.5723
2025-05-22,3.21,3.22,3.18,3.18,99177733.0,316496749.02,0.9421,-1.548
2025-05-23,3.18,3.2,3.15,3.15,104738580.0,332365269.73,0.9949,-0.9434
2025-05-26,3.17,3.21,3.16,3.18,115522920.0,367769582.18,1.0973,0.9524
2025-05-27,3.18,3.19,3.13,3.14,117913370.0,371130083.75,1.12,-1.2579
2025-05-28,3.15,3.16,3.14,3.14,51472712.0,161881112.68,0.4889,0.0
2025-05-29,3.14,3.19,3.13,3.18,124752440.0,394984787.61,1.185,1.2739
2025-05-30,3.17,3.19,3.15,3.17,82604406.0,261729103.53,0.7846,-0.3145
2025-06-03,3.18,3.2,3.17,3.18,81851046.0,260743482.28,0.7775,0.3155
2025-06-04,3.19,3.24,3.18,3.22,139732332.0,449723210.18,1.3273,1.2579
2025-06-05,3.22,3.22,3.17,3.19,125978822.0,401888658.96,1.1966,-0.9317
2025-06-06,3.2,3.26,3.2,3.25,234316024.0,759536849.85,2.2257,1.8809
2025-06-09,3.24,3.25,3.21,3.24,142230832.0,459955999.8,1.351,-0.3077
2025-06-10,3.26,3.28,3.22,3.25,170410805.0,554083792.02,1.6187,0.3086
2025-06-11,3.24,3.31,3.24,3.29,179902743.0,590835400.04,1.7089,1.2308
2025-06-12,3.28,3.31,3.27,3.31,125271043.0,412666330.47,1.1899,0.6079
2025-06-13,3.31,3.32,3.27,3.29,136378098.0,448949355.71,1.2954,-0.6042
2025-06-16,3.29,3.32,3.27,3.29,118298500.0,389624642.0,1.1237,0.0
2025-06-17,3.3,3.32,3.29,3.3,82128865.0,271118476.5,0.7801,0.304
2025-06-18,3.3,3.31,3.27,3.3,87442200.0,287636672.0,0.8306,0.0
2025-06-19,3.29,3.3,3.24,3.25,111157878.0,362727434.67,1.0559,-1.5152
2025-06-20,3.25,3.27,3.24,3.25,83186832.0,270496675.68,0.7902,0.0
2025-06-23,3.15,3.2,3.14,3.16,118008308.0,373450420.31,1.1209,0.3175
2025-06-24,3.17,3.21,3.16,3.19,119424541.0,381437526.79,1.1344,0.9494
2025-06-25,3.2,3.21,3.17,3.2,110124588.0,351229767.09,1.046,0.3135
2025-06-26,3.2,3.26,3.2,3.22,145709095.0,470005755.95,1.3841,0.625
2025-06-27,3.26,3.37,3.25,3.33,295937222.0,985537233.66,2.811,3.4161
2025-06-30,3.4,3.42,3.32,3.34,284415557.0,954718412.38,2.7016,0.3003
2025-07-01,3.34,3.41,3.29,3.4,270567659.0,903942209.21,2.5701,1.7964
2025-07-02,3.38,3.48,3.36,3.44,320323219.0,1096509664.36,3.0427,1.1765
2025-07-03,3.47,3.48,3.41,3.44,203565574.0,700357238.51,1.9336,0.0
2025-07-04,3.42,3.43,3.38,3.39,198936388.0,677145637.79,1.8897,-1.4535
2025-07-07,3.38,3.42,3.37,3.4,162291695.0,552405383.45,1.5416,0.295
2025-07-08,3.4,3.44,3.39,3.41,145222025.0,496113870.5,1.3794,0.2941
2025-07-09,3.47,3.5,3.31,3.33,371463354.0,1256582431.08,3.5284,-2.346
2025-07-10,3.33,3.39,3.32,3.38,210132361.0,706753379.47,1.996,1.5015
2025-07-11,3.38,3.47,3.38,3.42,265030792.0,906712127.0,2.5175,1.1834
2025-07-14,3.42,3.47,3.42,3.43,189217100.0,651150396.0,1.7973,0.2924
2025-07-15,3.42,3.44,3.36,3.38,160573768.0,544901009.04,1.5253,-1.4577
2025-07-16,3.38,3.39,3.33,3.34,159164682.0,533285589.88,1.5119,-1.1834
2025-07-17,3.35,3.35,3.32,3.34,115511985.0,385218943.05,1.0972,0.0
2025-07-18,3.35,3.41,3.34,3.38,195942454.0,662379334.88,1.8612,1.1976
2025-07-21,3.4,3.52,3.4,3.52,360384444.0,1251662351.66,3.4232,4.142
2025-07-22,3.52,3.64,3.5,3.64,386262177.0,1378379496.92,3.669,3.4091
2025-07-23,3.7,3.79,3.63,3.65,449493342.0,1659084754.76,4.2696,0.2747
2025-07-24,3.65,3.79,3.62,3.74,367924518.0,1364087867.79,3.4948,2.4658
2025-07-25,3.71,3.74,3.65,3.68,249744490.0,920056683.89,2.3723,-1.6043
2025-07-28,3.66,3.67,3.54,3.63,247216002.0,893751474.63,2.3482,-1.3587
2025-07-29,3.61,3.64,3.57,3.62,145920481.0,526247508.91,1.3861,-0.2755
2025-07-30,3.62,3.66,3.61,3.64,236818315.0,859918074.15,2.2495,0.5525
2025-07-31,3.56,3.57,3.46,3.48,325677948.0,1141818090.56,3.0935,-4.3956
2025-08-01,3.47,3.53,3.46,3.51,172276840.0,602644548.7,1.6364,0.8621
2025-08-04,3.5,3.56,3.48,3.53,164239499.0,578063559.05,1.5601,0.5698
2025-08-05,3.54,3.73,3.53,3.66,337675946.0,1231529920.42,3.2075,3.6827
2025-08-06,3.73,4.03,3.72,4.03,815553293.0,3228143234.6,7.7468,10.1093
2025-08-07,4.05,4.16,3.94,4.02,889811105.0,3587747494.24,8.4521,-0.2481
2025-08-08,3.99,4.08,3.95,4.03,393954922.0,1581697317.54,3.7421,0.2488
2025-08-11,4.05,4.1,3.99,4.05,432539661.0,1749733290.28,4.1086,0.4963
2025-08-12,4.05,4.08,3.96,4.04,324394026.0,1306381401.78,3.0813,-0.2469
2025-08-13,4.08,4.27,4.06,4.26,627257610.0,2625761429.99,5.9582,5.4455
2025-08-14,4.21,4.31,4.18,4.19,457198788.0,1936864652.65,4.3428,-1.6432
2025-08-15,4.19,4.33,4.17,4.32,390310902.0,1670477621.61,3.7075,3.1026
2025-08-18,4.21,4.3,4.08,4.25,567284459.0,2387994994.2,5.3885,-1.6204
2025-08-19,4.27,4.29,4.09,4.11,445294460.0,1858367711.5,4.2298,-3.2941
2025-08-20,4.12,4.25,4.1,4.19,342265754.0,1430697641.99,3.2511,1.9465
2025-08-21,4.18,4.24,4.14,4.16,235417270.0,981965561.3,2.2362,-0.716
2025-08-22,4.14,4.19,4.1,4.15,244393010.0,1012283611.78,2.3214,-0.2404
2025-08-25,4.28,4.46,4.26,4.41,507186333.0,2216775984.61,4.8176,6.2651
2025-08-26,4.4,4.48,4.32,4.45,333407456.0,1468489786.64,3.167,0.907
2025-08-27,4.45,4.53,4.32,4.33,348579406.0,1542037790.92,3.3111,-2.6966
2025-08-28,4.31,4.39,4.21,4.36,309151326.0,1330901227.76,2.9366,0.6928
2025-08-29,4.4,4.55,4.35,4.51,422847644.0,1896290602.55,4.0165,3.4404
2025-09-01,4.56,4.67,4.45,4.59,474834986.0,2165299305.58,4.5104,1.7738
2025-09-02,4.6,4.62,4.42,4.51,399694011.0,1797408334.09,3.6952,-1.7429
2025-09-03,4.59,4.64,4.41,4.45,373777569.0,1687316166.6,3.4556,-1.3304
2025-09-04,4.45,4.54,4.16,4.23,435466230.0,1881415287.77,4.0259,-4.9438
2025-09-05,4.2,4.47,4.18,4.46,364891157.0,1590779594.89,3.3735,5.4374
2025-09-08,4.46,4.47,4.32,4.34,307030177.0,1346627649.77,2.8385,-2.6906
2025-09-09,4.35,4.47,4.32,4.34,321160067.0,1407850306.64,2.9692,0.0
2025-09-10,4.29,4.35,4.23,4.33,238624572.0,1024800621.75,2.2061,-0.2304
2025-09-11,4.35,4.49,4.34,4.44,277906594.0,1229387316.35,2.5693,2.5404
2025-09-12,4.5,4.83,4.49,4.74,569152766.0,2652400263.75,5.2619,6.7568
2025-09-15,4.7,4.78,4.64,4.66,353046395.0,1659028633.44,3.264,-1.6878
2025-09-16,4.74,4.77,4.45,4.59,433578741.0,1968495403.17,4.0085,-1.5021
2025-09-17,4.53,4.67,4.49,4.63,298963277.0,1366642075.76,2.7639,0.8715
2025-09-18,4.5,4.5,4.32,4.39,388236573.0,1721477028.8,3.5893,-5.1836
2025-09-19,4.37,4.46,4.34,4.45,239774437.0,1060042830.87,2.2167,1.3667
2025-09-22,4.49,4.51,4.32,4.38,222546953.0,973776179.61,2.0194,-1.573
2025-09-23,4.39,4.42,4.21,4.3,281820983.0,1210172391.24,2.5572,-1.8265
2025-09-24,4.27,4.34,4.22,4.31,220799207.0,943961208.07,1.985,0.2326
2025-09-25,4.6,4.73,4.52,4.66,771181170.0,3589111785.87,6.9328,8.1206
2025-09-26,4.68,4.9,4.64,4.76,518123912.0,2477239676.92,4.6579,2.1459
2025-09-29,4.83,5.18,4.79,5.16,568509777.0,2835261158.65,5.1019,8.4034
2025-09-30,5.25,5.48,5.17,5.36,557224511.0,2970051351.49,5.0007,3.876
2025-10-09,5.72,5.9,5.69,5.9,491198435.0,2868449517.61,4.4081,10.0746
2025-10-10,5.91,6.35,5.79,5.88,833436631.0,5013850318.81,7.4795,-0.339
2025-10-13,5.59,5.88,5.55,5.79,625769569.0,3561350879.27,5.6158,-1.5306
2025-10-14,5.98,5.98,5.42,5.48,585460263.0,3331375703.61,5.2541,-5.3541
2025-10-15,5.52,5.6,5.36,5.59,439375222.0,2408575374.68,3.9431,2.0073
2025-10-16,5.53,5.6,5.31,5.43,394993356.0,2156398405.54,3.5448,-2.8623
2025-10-17,5.45,5.48,5.2,5.22,358884574.0,1905521785.39,3.2207,-3.8674
2025-10-20,5.27,5.35,5.2,5.27,298307387.0,1571862238.46,2.6771,0.9579
2025-10-21,5.3,5.49,5.26,5.44,381467960.0,2069598743.46,3.4234,3.2258
2025-10-22,5.26,5.44,5.22,5.41,242270125.0,1298858929.13,2.1742,-0.5515
2025-10-23,5.4,5.52,5.33,5.51,231637465.0,1255235709.62,2.0788,1.8484
2025-10-24,5.59,5.75,5.51,5.7,366829432.0,2055691950.09,3.292,3.4483
2025-10-27,5.82,6.0,5.78,5.86,391260820.0,2299060233.78,3.5113,2.807
2025-10-28,5.6,5.61,5.27,5.27,892752855.0,4798266472.03,8.0118,-10.0683
2025-10-29,5.37,5.54,5.3,5.54,485152638.0,2637630514.9,4.3539,5.1233
2025-10-30,5.48,5.66,5.44,5.52,392409502.0,2184791285.1,3.5216,-0.361
2025-10-31,5.47,5.53,5.27,5.29,393120731.0,2106220771.61,3.528,-4.1667
2025-11-03,5.26,5.27,5.05,5.18,343618747.0,1759272195.08,3.0837,-2.0794
2025-11-04,5.1,5.15,4.97,5.04,278618575.0,1407177183.81,2.5004,-2.7027
2025-11-05,4.96,5.15,4.93,5.11,242210735.0,1223101606.39,2.1737,1.3889
2025-11-06,5.15,5.28,5.13,5.28,285045366.0,1487005656.7,2.5581,3.3268
2025-11-07,5.23,5.27,5.17,5.21,192216384.0,1004169003.74,1.725,-1.3258
2025-11-10,5.28,5.33,5.21,5.25,230602473.0,1213255860.76,2.0695,0.7678
2025-11-11,5.32,5.37,5.15,5.17,227557292.0,1189551190.52,2.0422,-1.5238
2025-11-12,5.16,5.29,5.06,5.21,228236111.0,1187833632.75,2.0482,0.7737
2025-11-13,5.31,5.45,5.31,5.4,379595318.0,2045354982.14,3.4066,3.6468
2025-11-14,5.32,5.36,5.25,5.29,206101528.0,1095695388.88,1.8496,-2.037
2025-11-17,5.25,5.28,5.16,5.19,183802943.0,957189456.87,1.6495,-1.8904
2025-11-18,5.15,5.16,5.0,5.04,241310168.0,1222523015.63,2.1656,-2.8902
2025-11-19,5.04,5.14,5.03,5.12,145256161.0,737942624.61,1.3036,1.5873
2025-11-20,5.12,5.19,5.06,5.1,188243392.0,964955087.05,1.6893,-0.3906
2025-11-21,5.0,5.01,4.81,4.84,296933961.0,1453504064.28,2.6648,-5.098
2025-11-24,4.85,4.94,4.82,4.87,200484113.0,979452425.52,1.7992,1.6701
2025-11-25,4.92,5.04,4.9,4.99,183244562.0,913323594.77,1.6445,2.4641
2025-11-26,5.0,5.14,5.0,5.04,211756028.0,1074265640.44,1.9003,1.002
2025-11-27,5.12,5.16,5.06,5.07,159280966.0,813399949.99,1.4294,0.5952
2025-11-28,5.06,5.13,5.02,5.1,166067195.0,844414939.43,1.4903,0.5917
2025-12-01,5.3,5.54,5.29,5.42,473834989.0,2570061371.14,4.2523,6.2745
2025-12-02,5.36,5.42,5.28,5.41,227488716.0,1220120640.69,2.0415,-0.1845
2025-12-03,5.4,5.6,5.38,5.54,336316529.0,1846219537.79,3.0182,2.403
2025-12-04,5.71,5.77,5.61,5.63,376665237.0,2140569906.75,3.3803,1.6245
2025-12-05,5.61,5.84,5.6,5.84,424874214.0,2442292388.43,3.8129,3.73
2025-12-08,5.86,5.86,5.61,5.76,409992372.0,2336283985.46,3.6794,-1.3699
2025-12-09,5.7,5.7,5.41,5.47,404564962.0,2227636619.61,3.6307,-5.0347
2025-12-10,5.54,5.56,5.44,5.48,201458301.0,1104750176.31,1.8079,0.1828
2025-12-11,5.54,5.59,5.35,5.35,248236075.0,1354194620.54,2.2277,-2.3723
2025-12-12,5.49,5.51,5.39,5.45,260421409.0,1420459802.75,2.3371,1.8692
2025-12-15,5.35,5.47,5.3,5.39,203606574.0,1101299522.7,1.8272,-1.1009
2025-12-16,5.35,5.4,5.18,5.24,233643839.0,1230449884.65,2.0968,-2.7829
2025-12-17,5.26,5.47,5.24,5.43,255038916.0,1368278007.39,2.2888,3.626
2025-12-18,5.4,5.55,5.36,5.4,157004756.0,857026265.18,1.409,-0.5525
2025-12-19,5.4,5.5,5.33,5.46,172748894.0,938731814.66,1.5503,1.1111
2025-12-22,5.5,5.58,5.48,5.55,235457810.0,1305399814.4,2.1131,1.6484
2025-12-23,5.55,5.64,5.5,5.52,236270671.0,1312937560.88,2.1203,-0.5405
2025-12-24,5.6,5.64,5.51,5.56,249889596.0,1386566319.88,2.2426,0.7246
2025-12-25,5.5,5.56,5.43,5.52,206000467.0,1128391770.81,1.8487,-0.7194
2025-12-26,5.64,5.98,5.62,5.93,589746518.0,3425294689.22,5.2925,7.4275
2025-12-29,6.11,6.14,5.72,5.73,594365534.0,3482368400.18,5.334,-3.3727
2025-12-30,5.56,5.85,5.55,5.8,352390747.0,2015219594.43,3.1624,1.2216
2025-12-31,5.79,6.2,5.76,6.01,540814387.0,3265062145.78,4.8534,3.6207
2026-01-05,5.76,5.85,5.66,5.82,744951982.0,4290371056.47,6.6854,-3.1614
2026-01-06,5.98,6.05,5.85,5.92,582852105.0,3459823941.42,5.2307,1.7182
2026-01-07,5.93,6.0,5.78,5.83,536518333.0,3161698605.42,4.8148,-1.5203
2026-01-08,5.76,5.89,5.66,5.7,514345350.0,2964653774.74,4.6159,-2.2298
2026-01-09,5.67,5.98,5.65,5.91,520480240.0,3055288865.13,4.6709,3.6842
2026-01-12,6.01,6.05,5.86,5.93,443224916.0,2629685791.8,3.9776,0.3384
2026-01-13,5.93,6.18,5.9,5.98,500107924.0,3024449244.63,4.4881,0.8432
2026-01-14,6.03,6.25,6.03,6.12,570335445.0,3505044201.28,5.1183,2.3411
2026-01-15,6.11,6.35,6.06,6.13,585361534.0,3628648525.08,5.2532,0.1634
2026-01-16,6.14,6.39,6.08,6.12,606289242.0,3786346139.11,5.441,-0.1631
2026-01-19,6.13,6.15,5.8,5.92,485326664.0,2871640555.08,4.3554,-3.268
2026-01-20,5.99,6.1,5.8,6.04,478053617.0,2841430233.32,4.2902,2.027
2026-01-21,6.02,6.25,5.96,6.21,484391892.0,2969997587.91,4.347,2.8146
2026-01-22,6.15,6.24,6.08,6.24,439371545.0,2708040418.46,3.943,0.4831
2026-01-23,6.32,6.86,6.26,6.86,867568770.0,5756810877.9,7.7858,9.9359
2026-01-26,7.3,7.55,7.1,7.55,1116182405.0,8256639149.24,10.0169,10.0583
2026-01-27,7.52,8.06,7.21,7.59,1288377142.0,9887248276.61,11.5622,0.5298
2026-01-28,7.73,8.35,7.46,8.35,1120271747.0,8998920572.07,10.0536,10.0132
2026-01-29,8.92,9.19,8.23,9.19,1596332976.0,14140077799.89,14.3259,10.0599
2026-01-30,8.8,9.08,8.27,8.27,979502546.0,8367812455.22,8.7903,-10.0109
2026-02-02,7.44,7.44,7.44,7.44,82363400.0,612783696.0,0.7391,-10.0363
2026-02-03,7.09,7.95,6.88,7.84,1422388614.0,10233640840.57,12.7648,5.3763
2026-02-04,8.08,8.09,7.49,7.66,965848258.0,7501068855.47,8.6677,-2.2959
2026-02-05,7.43,7.54,7.09,7.19,739374541.0,5379284883.61,6.6353,-6.1358
2026-02-06,6.93,7.28,6.79,7.11,641246870.0,4547910535.68,5.7547,-1.1127
2026-02-09,7.29,7.31,7.16,7.21,434764274.0,3137017334.67,3.9017,1.4065
2026-02-10,7.22,7.3,7.08,7.11,405035059.0,2905218339.85,3.6349,-1.387
2026-02-11,7.06,7.29,7.04,7.18,436415929.0,3139994787.32,3.9165,0.9845
2026-02-12,7.18,7.39,7.16,7.22,496442013.0,3617370491.61,4.4552,0.5571
2026-02-13,7.11,7.2,7.03,7.05,358331107.0,2546070120.57,3.2157,-2.3546
2026-02-24,7.25,7.68,7.21,7.51,658843348.0,4923230912.86,5.9126,6.5248
2026-02-25,7.52,7.85,7.42,7.73,668368644.0,5144863523.1,5.9981,2.9294
2026-02-26,7.76,7.79,7.54,7.59,462453887.0,3531777214.83,4.1502,-1.8111
2026-02-27,7.53,7.94,7.51,7.93,662465452.0,5159622421.34,5.9451,4.4796
2026-03-02,8.11,8.68,7.75,8.42,843478192.0,6788948837.31,7.5696,6.1791
2026-03-03,8.14,8.21,7.72,7.76,656308967.0,5242868583.25,5.8899,-7.8385
2026-03-04,7.5,7.92,7.46,7.74,386902807.0,2989791056.92,3.4722,-0.2577
2026-03-05,7.83,7.86,7.56,7.66,335312422.0,2575565032.24,3.0092,-1.0336
2026-03-06,7.52,7.63,7.37,7.47,321884546.0,2409647147.93,2.8887,-2.4804
2026-03-09,7.25,7.33,7.1,7.28,353226076.0,2545317409.23,3.1699,-2.5435
2026-03-10,7.4,7.43,7.28,7.32,244666404.0,1797136628.06,2.1957,0.5495
2026-03-11,7.37,7.39,7.17,7.22,277108361.0,2008015768.94,2.4868,-1.3661
2026-03-12,7.16,7.28,7.1,7.15,257122724.0,1846031900.93,2.3075,-0.9695
2026-03-13,7.1,7.2,6.93,6.95,352344650.0,2485256045.08,3.162,-2.7972
2026-03-16,6.84,6.86,6.46,6.65,486939126.0,3230490312.47,4.3699,-4.3165
2026-03-17,6.68,6.78,6.58,6.59,266608573.0,1783733830.44,2.3926,-0.9023
2026-03-18,6.56,6.62,6.41,6.5,287039962.0,1862168469.89,2.576,-1.3657
2026-03-19,6.25,6.34,6.03,6.08,429192723.0,2645550901.53,3.8517,-6.4615
2026-03-20,6.17,6.19,5.94,5.96,315289661.0,1915458838.86,2.8295,-1.9737
2026-03-23,5.81,5.89,5.54,5.59,455900140.0,2604271902.2,4.0914,-6.2081
2026-03-24,5.77,5.81,5.59,5.81,410396491.0,2348590606.55,3.683,3.9356
2026-03-25,5.95,6.03,5.88,5.91,394339299.0,2347297282.27,3.5389,1.7212
2026-03-26,5.9,5.95,5.74,5.78,253466451.0,1480576533.94,2.2747,-2.1997
