日期,开盘,最高,最低,收盘,成交量,成交额,换手率,涨跌幅
2019-01-02,20.85,22.42,20.4,22.02,14118089,305516611.45,5.167994,4.36019
2019-01-03,21.8,23.35,21.67,22.3,18324577,415862140.3,6.707799,1.271566
2019-01-04,21.82,22.85,21.75,22.5,13728713,306508763.74,5.025461,0.896864
2019-01-07,22.57,23.19,22.22,22.99,17341226,395576629.0,6.347839,2.177777
2019-01-08,22.7,22.72,22.0,22.15,13638814,303668389.19,4.992553,-3.653763
2019-01-09,22.27,22.39,21.92,21.93,8502978,188559006.72,3.112556,-0.993225
2019-01-10,21.88,22.14,21.76,21.8,5908700,129548866.05,2.162908,-0.5928
2019-01-11,21.89,22.54,21.89,22.44,10650464,237447399.43,3.898653,2.935786
2019-01-14,22.4,22.43,21.6,21.8,7695965,168500669.01,2.674556,-2.852056
2019-01-15,21.91,22.08,21.67,22.01,5062260,110803499.12,1.759272,0.963307
2019-01-16,22.01,22.03,21.6,21.75,3842643,83768296.86,1.326933,-1.181282
2019-01-17,21.75,21.8,21.5,21.5,3310995,71485019.36,1.143345,-1.149425
2019-01-18,21.5,21.76,21.48,21.66,3411899,73795578.44,1.178189,0.744185
2019-01-21,21.67,21.95,21.67,21.94,4155929,90820380.73,1.435116,1.292709
2019-01-22,21.99,22.02,21.55,21.67,2980002,64731508.41,1.029047,-1.230631
2019-01-23,21.57,21.66,21.33,21.45,2495989,53570654.72,0.861909,-1.015225
2019-01-24,21.45,21.89,21.34,21.59,4329841,93849322.14,1.495171,0.652678
2019-01-25,21.46,21.63,21.1,21.13,4043417,86484864.76,1.396263,-2.13062
2019-01-28,21.14,21.37,21.02,21.02,3030104,64240154.88,1.046348,-0.520581
2019-01-29,21.0,21.0,20.32,20.54,3622383,74624842.87,1.250873,-2.283537
2019-01-30,20.54,20.91,20.51,20.57,2399596,49698843.46,0.828623,0.14605
2019-01-31,20.56,20.75,20.44,20.51,2741659,56430388.55,0.946743,-0.291684
2019-02-01,20.58,21.0,20.58,20.99,3312985,69221299.31,1.144032,2.34032
2019-02-11,21.0,21.45,21.0,21.42,3516837,74930643.53,1.214426,2.048596
2019-02-12,21.43,21.55,21.26,21.52,4010253,85922184.23,1.384811,0.466855
2019-02-13,21.5,22.19,21.48,22.12,9141366,200968661.78,3.156675,2.788106
2019-02-14,22.18,22.22,21.85,22.03,6704142,147593018.27,2.315059,-0.406872
2019-02-15,21.99,22.2,21.84,22.13,6411258,141384073.92,2.213921,0.453919
2019-02-18,22.7,22.77,22.21,22.65,9808261,220611334.93,3.386966,2.349754
2019-02-19,22.63,24.92,22.43,24.92,35265414,843732657.83,12.177771,10.02208
2019-02-20,24.71,24.71,23.97,24.54,27482884,669452983.76,9.490326,-1.524876
2019-02-21,24.14,25.08,24.0,24.07,25435314,621607925.2,8.783264,-1.915245
2019-02-22,24.15,24.6,23.76,24.44,17089502,414347041.19,5.901307,1.537187
2019-02-25,24.64,25.85,24.44,25.62,29880676,752061225.35,10.318326,4.828152
2019-02-26,25.4,25.5,24.85,24.93,22666159,569464162.24,7.827025,-2.69321
2019-02-27,24.78,26.16,24.75,25.18,24170916,617710532.97,8.346645,1.002808
2019-02-28,25.22,25.59,24.88,25.02,10786238,270919245.3,3.724679,-0.635424
2019-03-01,25.03,25.25,24.6,24.89,10285934,255406424.63,3.551915,-0.519589
2019-03-04,25.05,25.78,25.05,25.27,18711500,474751188.94,6.461412,1.526722
2019-03-05,25.38,26.57,25.26,26.3,24591417,636214187.22,8.491851,4.075974
2019-03-06,26.55,26.55,25.68,26.03,19900558,516431304.05,6.872014,-1.02661
2019-03-07,26.03,26.67,25.76,26.34,21966318,577723653.65,7.585358,1.190931
2019-03-08,25.63,27.91,25.38,26.26,29544501,795209680.63,10.202238,-0.30372
2019-03-11,26.65,27.49,26.34,27.15,19916623,537514875.47,6.877562,3.389183
2019-03-12,27.18,29.65,26.88,28.56,30068410,840792748.09,10.383154,5.19337
2019-03-13,28.33,29.19,26.48,26.9,28005494,783783210.07,9.670792,-5.812325
2019-03-14,26.59,26.86,25.48,25.72,15776254,410123564.03,5.447819,-4.386618
2019-03-15,25.92,26.15,25.68,25.95,8780736,227769364.43,3.032143,0.894251
2019-03-18,26.02,26.49,25.72,26.45,9013986,236109191.48,3.112689,1.926782
2019-03-19,26.5,27.25,26.25,26.79,10672915,286272480.27,3.685546,1.285445
2019-03-20,26.72,26.72,25.9,26.28,8944412,234540475.62,3.088664,-1.903696
2019-03-21,26.33,26.66,26.18,26.48,8663356,229426671.36,2.99161,0.761031
2019-03-22,26.69,26.7,26.21,26.53,7683936,203619508.5,2.653399,0.188826
2019-03-25,26.18,27.76,25.93,27.06,20294229,550721523.84,7.007956,1.997734
2019-03-26,27.11,27.25,25.68,25.72,13590175,356676060.11,4.694627,-4.951959
2019-03-27,25.82,25.99,25.1,25.39,6787345,172791161.4,2.344639,-1.283048
2019-03-28,25.41,25.91,25.0,25.13,6688071,170872240.45,2.308683,-1.024026
2019-03-29,25.2,25.88,25.2,25.86,8153539,209089483.21,2.814554,2.9049
2019-04-01,26.01,27.58,26.01,27.24,18129612,486124782.83,6.258236,5.336423
2019-04-02,29.0,29.0,27.28,27.48,28580292,801276886.88,9.865749,0.881056
2019-04-03,27.2,27.79,26.89,27.38,14036326,382897828.1,4.845257,-0.363902
2019-04-04,27.38,28.13,27.03,27.9,19939447,552561299.72,6.88298,1.899198
2019-04-08,27.73,27.8,26.64,26.93,17449707,473031063.33,6.023536,-3.4767
2019-04-09,26.86,27.05,26.36,26.78,7014724,187561763.85,2.421442,-0.556998
2019-04-10,26.58,26.73,26.16,26.45,7003626,184906030.69,2.417611,-1.232263
2019-04-11,26.68,26.88,26.06,26.17,6824288,180408423.92,2.355704,-1.058604
2019-04-12,26.16,26.27,25.88,26.11,4593938,119635805.82,1.5858,-0.229268
2019-04-15,26.19,27.13,26.19,26.87,13028049,347817336.18,4.499244,2.910763
2019-04-16,26.75,27.26,26.34,27.2,13884909,373365051.18,4.795162,1.228135
2019-04-17,27.1,27.38,26.92,27.0,10212639,276809144.63,3.526941,-0.735297
2019-04-18,27.01,27.34,26.61,26.92,8848337,238679271.59,2.979235,-0.296296
2019-04-19,26.8,27.12,26.67,26.98,6266483,168453997.95,2.109924,0.222881
2019-04-22,27.2,27.28,26.35,26.35,8154311,218894096.39,2.745556,-2.33506
2019-04-23,26.3,26.55,25.56,25.65,7440580,192487753.43,2.505243,-2.656549
2019-04-24,25.75,25.94,25.5,25.91,4331679,111544565.7,1.458476,1.013646
2019-04-25,25.81,25.97,24.92,24.97,6330234,160776667.01,2.131389,-3.627945
2019-04-26,24.95,25.39,24.71,24.85,5724877,143354008.25,1.927566,-0.480572
2019-04-29,25.1,25.27,23.33,23.88,6517226,158512783.87,2.19435,-3.903425
2019-04-30,23.6,24.08,23.5,23.85,5750044,137003980.88,1.936039,-0.125623
2019-05-06,23.31,23.31,21.47,21.56,9083687,200721556.31,3.058477,-9.601681
2019-05-07,21.57,22.08,21.47,21.75,3930726,85632212.0,1.323475,0.881264
2019-05-08,21.45,22.07,21.06,21.86,4589370,99680906.11,1.545241,0.50575
2019-05-09,21.5,22.05,21.5,21.73,3816629,83408275.35,1.287911,-0.594698
2019-05-10,21.95,22.95,21.45,22.75,8149592,182430766.0,2.750058,4.693974
2019-05-13,22.65,23.36,22.43,22.81,6277732,143778416.97,2.118404,0.263734
2019-05-14,22.35,23.4,22.33,22.94,7712871,177880877.92,2.602688,0.56993
2019-05-15,23.22,23.29,22.85,23.17,5791757,133559691.87,1.954413,1.002613
2019-05-16,23.49,25.49,23.45,24.67,20992042,521571422.43,7.083709,6.473888
2019-05-17,23.89,25.08,23.89,24.19,13473192,329151048.21,4.546493,-1.945681
2019-05-20,24.88,26.08,24.51,25.04,14330901,360315224.48,4.835925,3.51385
2019-05-21,25.15,25.7,24.16,25.67,15356242,385299196.63,5.181923,2.515971
2019-05-22,25.63,25.63,24.51,25.05,13361713,334356713.78,4.508875,-2.415274
2019-05-23,25.28,27.41,25.09,25.67,23797122,619626594.7,8.030276,2.475053
2019-05-24,25.0,25.2,23.81,23.99,15137385,370700655.93,5.108071,-6.544606
2019-05-27,23.98,26.15,23.81,26.0,18759453,474523805.38,6.330328,8.378492
2019-05-28,25.8,26.0,25.3,25.86,13790878,353707018.35,4.653695,-0.538459
2019-05-29,25.59,26.2,25.41,25.74,12564109,324789867.15,4.239725,-0.193878
2019-05-30,25.31,26.38,24.73,25.53,15097227,383833744.39,5.094519,-0.815847
2019-05-31,25.21,26.15,25.15,25.86,17543937,452827745.43,5.920155,1.292597
2019-06-03,26.01,26.04,24.78,25.12,13082652,329954276.65,4.414706,-2.861561
2019-06-04,24.78,24.95,23.68,24.17,11729333,285050822.52,3.958032,-3.78185
2019-06-05,24.31,24.65,23.88,24.03,7816163,189945971.59,2.637544,-0.579228
2019-06-06,24.01,24.05,23.0,23.19,8015107,187702988.91,2.668588,-3.495631
2019-06-10,23.47,23.71,23.2,23.46,5719998,134417537.04,1.904443,1.164289
2019-06-11,23.4,24.43,23.01,24.18,9512421,226782855.56,3.167111,3.069059
2019-06-12,24.02,24.5,23.87,24.05,7091768,171376369.12,2.361167,-0.537639
2019-06-13,24.05,24.21,23.91,24.1,5366855,129017980.95,1.786866,0.207905
2019-06-14,24.05,24.58,23.6,23.65,6597138,158959279.46,2.196483,-1.867223
2019-06-17,23.42,23.42,23.0,23.25,4967903,115350575.34,1.654037,-1.69133
2019-06-18,23.36,23.46,23.09,23.25,3736501,87057804.65,1.244048,0.0
2019-06-19,23.61,23.85,23.44,23.48,5046518,119199923.28,1.680212,0.989245
2019-06-20,23.4,23.85,23.11,23.77,6265234,147913859.93,2.085977,1.235098
2019-06-21,23.85,24.38,23.33,24.21,8033654,193660598.26,2.674763,1.851067
2019-06-24,24.22,24.56,24.01,24.25,6129398,148679163.05,2.040751,0.165225
2019-06-25,24.26,24.29,23.53,23.79,6228610,148564101.9,2.073783,-1.896904
2019-06-26,23.75,24.01,23.5,23.82,4131952,98416144.53,1.375712,0.126098
2019-06-27,23.89,24.15,23.74,23.82,5628856,134531531.17,1.874098,0.0
2019-06-28,23.7,23.8,23.19,23.23,5136775,119921071.68,1.710262,-2.476911
2019-07-01,23.55,24.06,23.55,23.96,6950704,165835988.91,1.898295,3.142486
2019-07-02,24.02,24.38,24.0,24.05,5487983,132489636.14,1.498814,0.375627
2019-07-03,24.09,24.24,23.67,24.02,4687551,112039031.0,1.280209,-0.124735
2019-07-04,23.96,24.66,23.86,24.31,11974464,291510246.43,3.270326,1.207323
2019-07-05,24.24,24.35,23.9,24.07,4970078,119539388.38,1.35737,-0.987247
2019-07-08,24.0,24.0,23.02,23.04,6430241,150062244.03,1.756152,-4.279181
2019-07-09,23.01,23.29,22.6,23.18,3600129,82657636.33,0.983225,0.607636
2019-07-10,23.3,23.66,23.03,23.25,2921040,68135440.98,0.79776,0.301983
2019-07-11,23.25,23.6,23.1,23.4,4116641,96193308.66,1.124289,0.64516
2019-07-12,23.5,23.81,23.2,23.7,3751028,88462208.69,1.024437,1.282056
2019-07-15,23.51,23.98,23.22,23.86,4831764,114574045.42,1.319595,0.675105
2019-07-16,23.9,24.07,23.71,23.84,3978105,94975596.67,1.086454,-0.083824
2019-07-17,23.74,24.09,23.56,23.71,4392068,104723318.6,1.19951,-0.545307
2019-07-18,23.5,23.5,23.0,23.04,4082277,94683159.99,1.114904,-2.825804
2019-07-19,23.04,23.45,23.04,23.31,2854899,66458128.97,0.779697,1.171869
2019-07-22,23.45,23.45,22.6,22.6,4369387,99482586.24,1.193316,-3.045899
2019-07-23,22.6,22.85,22.6,22.75,1874163,42614793.43,0.51185,0.663715
2019-07-24,22.87,23.1,22.81,22.95,2756828,63321262.84,0.752913,0.879124
2019-07-25,23.12,23.12,22.8,22.99,2499716,57351667.31,0.682693,0.174288
2019-07-26,23.06,23.11,22.86,23.01,2382879,54815859.18,0.6508,0.087
2019-07-29,23.02,23.26,22.95,23.1,2132029,49254476.72,0.582275,0.391135
2019-07-30,22.93,23.23,22.93,22.99,2403462,55505760.0,0.6564,-0.4762
2019-07-31,23.1,23.1,22.8,22.93,2092550,47935087.69,0.5715,-0.261
2019-08-01,22.72,22.86,22.63,22.7,2327765,52880927.86,0.6357,-1.0031
2019-08-02,21.01,22.17,21.01,21.97,4820543,105624284.85,1.3165,-3.2159
2019-08-05,21.81,22.37,21.6,21.97,2678021,59015934.58,0.7314,0.0
2019-08-06,21.64,21.64,20.6,21.31,4220864,89540909.59,1.1528,-3.0041
2019-08-07,21.49,21.55,21.2,21.31,1895199,40489381.35,0.5176,0.0
2019-08-08,21.31,21.75,21.31,21.43,2158971,46429877.65,0.5896,0.5631
2019-08-09,21.5,21.61,20.96,21.03,2415995,51340895.05,0.6598,-1.8665
2019-08-12,21.01,21.34,20.76,21.33,2355320,49569252.16,0.6433,1.4265
2019-08-13,21.22,21.45,21.06,21.42,1918375,40873957.41,0.5239,0.4219
2019-08-14,21.63,21.72,21.35,21.43,2347601,50468445.63,0.6411,0.0467
2019-08-15,20.95,21.38,20.8,21.33,2036694,43055379.75,0.5562,-0.4666
2019-08-16,21.33,21.83,21.31,21.54,3165176,68240184.56,0.8644,0.9845
2019-08-19,21.56,22.25,21.54,22.2,5491681,120733463.0,1.4998,3.0641
2019-08-20,22.1,22.4,22.0,22.21,4281974,94880826.33,1.1694,0.045
2019-08-21,22.1,22.2,21.9,21.99,3183459,69996367.7,0.8694,-0.9905
2019-08-22,22.06,22.45,22.05,22.3,4917023,109522251.19,1.3603,1.4097
2019-08-23,22.25,22.25,21.7,21.82,5391606,118032495.25,1.4916,-2.1525
2019-08-26,21.28,21.7,21.18,21.53,2768088,59497668.67,0.7658,-1.3291
2019-08-27,21.71,22.12,21.62,21.97,3904636,85611625.96,1.0803,2.0437
2019-08-28,21.93,22.53,21.9,22.1,5345287,118651174.83,1.4788,0.5917
2019-08-29,22.15,22.49,22.02,22.26,5100361,113753267.99,1.4111,0.724
2019-08-30,22.35,22.77,22.26,22.55,8461791,190422793.02,2.341,1.3028
2019-09-02,22.69,23.4,22.6,23.21,11635089,269284575.56,3.219,2.9268
2019-09-03,23.19,23.19,22.7,22.99,9119334,209327600.56,2.523,-0.9479
2019-09-04,22.88,22.99,22.55,22.81,7358956,167551714.37,2.0359,-0.783
2019-09-05,22.9,23.35,22.78,22.98,11371650,262348671.64,3.1461,0.7453
2019-09-06,23.01,23.64,22.96,23.22,10108635,235188940.36,2.7967,1.0444
2019-09-09,23.37,23.6,23.15,23.59,10600451,247776990.03,2.9327,1.5935
2019-09-10,23.63,23.94,23.09,23.33,11465922,268522023.06,3.1722,-1.1022
2019-09-11,23.33,23.96,23.1,23.43,11556157,271549453.24,3.1971,0.4286
2019-09-12,23.61,24.88,23.57,23.96,20649640,498526423.31,5.7129,2.2621
2019-09-16,24.0,24.56,23.75,24.41,18493476,447896331.35,5.1164,1.8781
2019-09-17,24.23,24.23,23.2,23.42,12424618,294129970.75,3.4374,-4.0557
2019-09-18,23.47,23.58,23.04,23.13,6077182,141408549.58,1.6813,-1.2383
2019-09-19,23.19,24.15,23.06,23.97,10714591,252769592.95,2.9643,3.6316
2019-09-20,24.09,24.1,23.55,23.73,8064830,191735368.32,2.2312,-1.0013
2019-09-23,23.69,24.18,23.38,23.85,10090932,240782451.89,2.7918,0.5057
2019-09-24,24.12,24.97,24.12,24.4,20210915,496744796.28,5.5915,2.3061
2019-09-25,24.11,24.12,23.35,23.4,12229941,289302749.34,3.3835,-4.0984
2019-09-26,23.41,23.6,22.33,22.34,9914786,226418704.64,2.743,-4.5299
2019-09-27,22.34,22.59,22.2,22.37,5023507,112546963.73,1.3898,0.1343
2019-09-30,22.37,22.59,22.08,22.09,4016985,89317257.74,1.1113,-1.2517
2019-10-08,22.1,22.25,21.8,21.84,3600324,79306674.24,0.9961,-1.1317
2019-10-09,21.8,22.05,21.6,22.01,3248339,70789624.26,0.8987,0.7784
2019-10-10,21.81,22.17,21.81,22.09,3211292,70847554.4,0.8884,0.3635
2019-10-11,22.18,22.35,21.86,22.19,3690209,81710174.36,1.0209,0.4527
2019-10-14,22.33,22.62,22.3,22.34,3983707,89460260.42,1.1021,0.676
2019-10-15,22.16,22.16,21.7,21.74,4599574,100405539.31,1.2725,-2.6858
2019-10-16,21.78,21.87,21.68,21.7,2620399,56986665.99,0.725,-0.184
2019-10-17,21.82,21.98,21.68,21.74,2306679,50308653.28,0.6382,0.1843
2019-10-18,21.88,21.88,21.25,21.35,3248670,69856318.69,0.8988,-1.7939
2019-10-21,21.3,21.57,21.06,21.41,2170427,46240479.48,0.6005,0.281
2019-10-22,21.57,21.68,21.41,21.62,2095842,45260460.39,0.5798,0.9809
2019-10-23,21.62,21.77,21.3,21.4,2101453,45223657.22,0.5814,-1.0176
2019-10-24,21.4,21.49,21.26,21.31,1898300,40533518.0,0.5252,-0.4206
2019-10-25,21.35,21.4,21.1,21.36,2286444,48533897.3,0.6325,0.2346
2019-10-28,21.39,21.93,21.39,21.87,4219691,91838246.15,1.1674,2.3876
2019-10-29,21.91,21.93,21.51,21.56,3069636,66531205.26,0.8492,-1.4175
2019-10-30,21.5,21.54,21.21,21.36,2098984,44816888.06,0.5807,-0.9276
2019-10-31,21.36,21.49,21.12,21.15,2098568,44690124.82,0.5806,-0.9832
2019-11-01,21.28,21.51,21.15,21.43,1791560,38298020.53,0.4956,1.3239
2019-11-04,21.42,21.64,21.42,21.49,2394369,51553912.71,0.6624,0.28
2019-11-05,21.69,21.95,21.65,21.8,4080073,89108913.63,1.1287,1.4425
2019-11-06,21.9,22.32,21.8,21.9,5647899,124814339.89,1.5625,0.4587
2019-11-07,21.87,22.06,21.64,21.86,2845882,62142890.3,0.7873,-0.1826
2019-11-08,21.97,22.06,21.49,21.56,3556994,77297485.95,0.984,-1.3724
2019-11-11,21.55,21.55,21.03,21.12,3096146,65614871.92,0.8565,-2.0408
2019-11-12,21.12,21.2,20.58,20.96,3220186,67165165.93,0.8908,-0.7576
2019-11-13,20.9,20.94,20.63,20.84,1761434,36547381.68,0.4873,-0.5725
2019-11-14,20.84,21.17,20.75,21.08,2482596,52096031.1,0.6868,1.1516
2019-11-15,20.99,21.11,20.68,20.75,2009106,41924307.33,0.5558,-1.5655
2019-11-18,20.79,21.03,20.71,20.85,1530780,31925522.7,0.4235,0.4819
2019-11-19,20.85,21.06,20.85,21.01,2441645,51220853.3,0.6755,0.7674
2019-11-20,21.0,21.36,20.97,21.1,3158772,66812912.27,0.8739,0.4284
2019-11-21,21.24,21.46,21.1,21.4,3749062,79929830.94,1.0372,1.4218
2019-11-22,21.58,21.64,21.03,21.17,3404644,72275782.88,0.9419,-1.0748
2019-11-25,21.27,21.3,20.76,20.85,2667172,55750567.87,0.7379,-1.5116
2019-11-26,20.86,20.98,20.86,20.88,1271718,26584007.98,0.3518,0.1439
2019-11-27,20.88,21.06,20.83,20.95,1602611,33553437.81,0.4434,0.3353
2019-11-28,20.92,21.0,20.73,20.74,1747305,36358937.7,0.4834,-1.0024
2019-11-29,20.76,20.9,20.61,20.74,1416472,29353119.04,0.3919,0.0
2019-12-02,20.73,20.92,20.73,20.88,1662457,34649691.82,0.4599,0.675
2019-12-03,20.9,20.99,20.7,20.99,1812028,37736714.86,0.5013,0.5268
2019-12-04,20.9,21.73,20.84,21.38,5012205,106718241.48,1.3866,1.858
2019-12-05,21.34,21.49,21.21,21.45,3858668,82521574.34,1.0675,0.3274
2019-12-06,21.43,21.62,21.3,21.59,3868455,83129453.55,1.0702,0.6527
2019-12-09,21.6,22.54,21.57,22.07,8983568,198656665.19,2.4853,2.2232
2019-12-10,22.09,22.14,21.65,21.94,6371330,139050616.44,1.7626,-0.589
2019-12-11,21.86,21.99,21.66,21.66,3839500,83660035.01,1.0622,-1.2762
2019-12-12,21.7,22.3,21.7,22.22,9554070,211532453.63,2.6431,2.5854
2019-12-13,22.6,22.6,21.87,22.24,8958992,198410797.24,2.4785,0.09
2019-12-16,22.26,23.18,22.07,23.08,14252938,324440339.37,3.943,3.777
2019-12-17,23.2,23.75,22.8,23.09,17949600,417382383.61,4.9657,0.0433
2019-12-18,23.1,24.8,22.9,23.81,22114742,527556994.57,6.1179,3.1182
2019-12-19,24.09,24.09,23.44,23.67,11748319,279024121.45,3.2501,-0.588
2019-12-20,23.79,23.83,23.07,23.1,9546889,223797419.1,2.6411,-2.4081
2019-12-23,22.81,24.2,22.76,23.53,16137954,383154281.39,4.4645,1.8615
2019-12-24,23.71,24.1,23.22,24.01,13214378,314242438.26,3.6557,2.0399
2019-12-25,23.79,24.77,23.7,24.08,16776750,406729480.52,4.6412,0.2915
2019-12-26,24.21,24.26,23.75,24.17,13036321,312918093.81,3.6064,0.3738
2019-12-27,24.19,25.99,24.19,24.75,33054473,827327930.39,9.1444,2.3997
2019-12-30,25.05,26.77,24.87,25.53,28916862,743824478.34,7.9997,3.1515
2019-12-31,25.14,25.49,24.95,25.24,14750450,371339326.71,4.0806,-1.1359
2020-01-02,25.5,26.02,25.1,25.66,17604720,449974453.03,4.8703,1.664
2020-01-03,25.5,27.28,25.43,26.79,29971121,797416803.95,8.2914,4.4037
2020-01-06,27.5,28.35,26.61,26.77,36735511,1010277619.52,10.1627,-0.0747
2020-01-07,26.81,27.5,26.38,26.97,23542476,631572469.43,6.5129,0.7471
2020-01-08,27.0,27.78,26.8,27.25,22893335,624899393.25,6.2626,1.0382
2020-01-09,26.9,26.9,26.3,26.54,19266998,511913343.35,5.2706,-2.6055
2020-01-10,26.37,26.68,26.11,26.4,12941093,341006708.81,3.5267,-0.5275
2020-01-13,23.8,25.38,23.8,24.99,48431745,1184436575.07,13.1985,-5.3409
2020-01-14,25.45,25.6,24.6,24.72,27222853,681909033.72,7.4187,-1.0804
2020-01-15,24.65,25.16,24.28,24.92,18179691,450883232.93,4.9543,0.8091
2020-01-16,24.88,26.1,24.83,25.54,24896025,636671687.5,6.7846,2.488
2020-01-17,25.43,25.75,25.08,25.25,11724435,297112850.31,3.1951,-1.1355
2020-01-20,25.33,26.57,25.25,26.16,20096043,522234405.21,5.4765,3.604
2020-01-21,26.15,26.84,25.71,26.26,20028233,529018721.7,5.4581,0.3823
2020-01-22,26.05,27.12,25.84,26.84,20123653,535119151.92,5.4841,2.2087
2020-01-23,26.55,27.99,26.0,26.75,30999166,840626524.87,8.4478,-0.3353
2020-02-03,24.08,24.08,24.08,24.08,3891100,93697688.0,1.0604,-9.9813
2020-02-04,22.2,25.2,22.2,24.49,24331967,586196724.32,6.6309,1.7027
2020-02-05,24.45,26.94,24.36,26.5,34213570,884051121.08,9.3238,8.2074
2020-02-06,26.5,27.51,26.12,26.75,35459655,951241886.3,9.6634,0.9434
2020-02-07,26.82,27.78,26.4,26.99,31898594,864353752.62,8.693,0.8972
2020-02-10,27.79,27.92,26.38,26.77,27012347,727488219.47,7.3614,-0.8151
2020-02-11,26.5,26.59,25.4,25.72,22558653,584295627.24,6.1477,-3.9223
2020-02-12,25.79,26.63,25.53,26.51,22126394,578404309.64,6.0299,3.0715
2020-02-13,26.37,26.51,25.73,25.86,18905486,493138326.37,5.1521,-2.4519
2020-02-14,26.05,27.9,25.8,27.38,37829515,1016299696.19,10.3092,5.8778
2020-02-17,27.7,29.53,27.7,29.3,42698259,1232616331.31,11.6361,7.0124
2020-02-18,28.5,28.93,28.0,28.79,43061089,1229005883.46,11.7349,-1.7406
2020-02-19,28.84,28.84,27.9,28.08,27457247,776483149.75,7.4826,-2.4661
2020-02-20,28.27,29.98,28.13,29.84,39237488,1149717011.0,10.6929,6.2678
2020-02-21,29.51,30.31,29.3,29.69,36787118,1095819038.86,10.0252,-0.5027
2020-02-24,30.1,30.98,29.58,30.0,32350537,971737653.0,8.8161,1.0441
2020-02-25,29.4,33.0,29.13,33.0,54048352,1688805205.63,14.7292,10.0
2020-02-26,32.9,35.8,31.7,33.4,56354169,1891418183.03,15.3576,1.2121
2020-02-27,34.0,34.78,31.88,32.6,37667755,1250983044.94,10.2652,-2.3952
2020-02-28,30.19,31.5,29.34,29.34,38467317,1161417097.81,10.4831,-10.0
2020-03-02,29.58,30.49,28.51,30.14,27862249,829538102.57,7.593,2.7267
2020-03-03,30.95,31.88,30.0,30.32,27620144,854996149.17,7.527,0.5972
2020-03-04,29.75,30.98,29.35,30.2,19116900,574874863.0,5.2097,-0.3958
2020-03-05,30.61,30.85,29.77,30.2,21204989,642157283.04,5.7788,0.0
2020-03-06,29.58,30.99,29.35,30.59,21952467,669645044.74,5.9825,1.2914
2020-03-09,29.9,30.5,28.78,28.8,21323033,632595875.31,5.8109,-5.8516
2020-03-10,28.74,31.23,28.72,31.14,32395986,974667165.92,8.8285,8.125
2020-03-11,31.49,33.28,30.71,30.83,38519190,1233027239.79,10.4972,-0.9955
2020-03-12,30.18,30.99,29.7,30.12,20297630,612743391.88,5.5315,-2.3029
2020-03-13,28.51,30.94,28.46,30.8,25100867,751984378.37,6.8405,2.2576
2020-03-16,31.08,31.2,28.89,29.05,23781251,717967910.8,6.4808,-5.6818
2020-03-17,29.8,30.32,28.81,29.94,21602294,641255067.77,5.887,3.0637
2020-03-18,30.1,30.66,29.03,29.1,21946519,657836658.31,5.9808,-2.8056
2020-03-19,29.3,29.57,28.4,29.19,18855930,546941738.73,5.1386,0.3093
2020-03-20,29.45,29.69,28.46,28.66,13875288,400414957.52,3.7813,-1.8157
2020-03-23,27.38,27.75,25.79,25.79,21929805,578168313.13,5.9763,-10.014
2020-03-24,26.38,26.47,24.76,26.0,16952229,434740729.75,4.6198,0.8143
2020-03-25,26.58,26.75,26.01,26.3,11810439,311765438.17,3.2186,1.1538
2020-03-26,26.3,26.44,25.75,25.8,8631651,224854625.63,2.3529,-1.9011
2020-03-27,26.3,26.33,25.31,25.41,8208328,211821261.66,2.2375,-1.5116
2020-03-30,24.66,25.26,23.88,24.73,11232543,275726437.13,3.0619,-2.6761
2020-03-31,25.15,25.38,24.8,25.03,7932546,198944561.04,2.1618,1.2131
2020-04-01,25.08,25.62,24.71,25.03,9141883,231158636.95,2.4914,0.0
2020-04-02,24.88,25.78,24.88,25.78,9647537,245110487.33,2.6292,2.9964
2020-04-03,25.79,25.86,25.23,25.31,7083382,180626217.14,1.9304,-1.8231
2020-04-07,26.12,27.8,26.11,27.25,20135160,546072706.74,5.4873,7.665
2020-04-08,26.91,27.84,26.8,27.55,14974098,411632414.66,4.0808,1.1009
2020-04-09,27.73,29.11,27.53,28.22,16375533,465475099.22,4.4627,2.4319
2020-04-10,28.2,28.78,27.36,27.44,13510764,377027534.25,3.682,-2.764
2020-04-13,27.76,29.19,27.75,28.54,17223324,491059545.4,4.6937,4.0087
2020-04-14,28.7,28.98,28.26,28.81,14466152,414284156.12,3.9423,0.946
2020-04-15,28.81,29.31,28.45,28.76,14488490,418863841.88,3.9484,-0.1735
2020-04-16,28.49,29.07,28.48,28.78,12173952,350652791.67,3.3177,0.0695
2020-04-17,28.97,29.42,28.85,29.11,13906819,404990670.0,3.7899,1.1466
2020-04-20,29.12,30.66,29.01,30.42,22761866,683811792.83,6.2031,4.5002
2020-04-21,30.45,30.79,29.57,30.24,20704902,623635700.56,5.6425,-0.5917
2020-04-22,29.8,30.07,29.4,29.77,12510475,372110067.34,3.4094,-1.5542
2020-04-23,29.73,30.17,29.19,29.23,13989508,413823646.62,3.8124,-1.8139
2020-04-24,29.25,29.7,28.32,28.69,13100967,378328308.28,3.5703,-1.8474
2020-04-27,28.86,29.28,28.53,28.77,8778820,253872989.23,2.3924,0.2788
2020-04-28,28.7,28.74,26.63,28.43,13237529,371235035.61,3.6075,-1.1818
2020-04-29,28.65,30.25,28.59,29.76,19154178,567628003.28,5.2199,4.6782
2020-04-30,29.93,30.52,29.6,30.51,22849091,691595174.13,6.2269,2.5202
2020-05-06,30.48,30.93,29.84,30.71,23778814,722702885.76,6.4802,0.6555
2020-05-07,30.45,30.63,29.95,30.02,16030843,483734132.65,4.3688,-2.2468
2020-05-08,30.29,31.19,30.07,31.0,27817024,855141460.07,7.5807,3.2645
2020-05-11,30.7,31.0,30.22,30.71,18730582,574299364.59,5.1045,-0.9355
2020-05-12,30.71,30.91,30.12,30.54,13550092,414287739.23,3.6927,-0.5536
2020-05-13,30.39,31.2,30.31,30.64,15566552,479807754.77,4.2422,0.3274
2020-05-14,30.4,31.47,29.91,31.18,24842823,763852543.15,6.7702,1.7624
2020-05-15,31.35,31.55,30.79,31.15,23289732,726114043.24,6.347,-0.0962
2020-05-18,30.99,33.28,30.8,31.64,30980144,993430683.86,8.4428,1.573
2020-05-19,31.78,32.11,31.4,31.98,18983821,603027556.37,5.1735,1.0746
2020-05-20,31.97,31.97,30.34,30.84,20558600,642176047.92,5.6027,-3.5647
2020-05-21,30.97,31.78,29.97,31.78,23206841,716316154.55,6.3244,3.048
2020-05-22,31.8,33.92,31.66,32.53,42998499,1418660112.03,11.718,2.36
2020-05-25,32.17,32.29,30.7,31.17,24331367,765238800.86,6.6308,-4.1808
2020-05-26,31.17,32.11,30.91,31.79,17974700,566348212.86,4.8985,1.9891
2020-05-27,31.75,34.85,31.52,33.76,46582330,1567725471.04,12.6947,6.1969
2020-05-28,33.34,33.59,32.18,33.0,30528803,1002513612.33,8.3198,-2.2512
2020-05-29,32.87,34.53,32.17,34.07,29907179,994779528.12,8.1504,3.2424
2020-06-01,34.22,34.97,33.78,34.34,31120580,1071505888.2,8.481,0.7925
2020-06-02,34.34,35.84,33.92,34.71,35571652,1247888220.05,9.6941,1.0775
2020-06-03,34.31,35.28,34.1,34.32,27158491,940934116.29,7.4013,-1.1236
2020-06-04,34.5,34.59,33.42,33.93,18676647,633379837.01,5.0898,-1.1364
2020-06-05,33.61,34.2,33.53,33.72,12998503,439445918.74,3.5424,-0.6189
2020-06-08,34.16,34.61,33.68,33.76,14772414,504160475.0,4.0258,0.1186
2020-06-09,33.67,33.72,32.82,33.2,17337749,575983819.01,4.7249,-1.6588
2020-06-10,33.2,34.3,32.94,34.19,19701458,667445596.23,5.3691,2.9819
2020-06-11,34.18,35.35,33.91,34.46,25465582,883522437.2,6.9399,0.7897
2020-06-12,33.63,34.98,33.6,34.74,19219633,659846093.83,5.2378,0.8125
2020-06-15,35.51,35.78,34.51,34.76,24914602,873377034.25,6.7898,0.0576
2020-06-16,34.0,34.6,33.69,34.57,25486719,869384982.38,6.9457,-0.5466
2020-06-17,34.58,34.62,33.95,34.1,14404982,491964928.84,3.9257,-1.3596
2020-06-18,34.1,34.12,32.98,33.02,19877417,660955727.8,5.417,-3.1671
2020-06-19,32.86,33.76,32.51,33.65,15503790,515115003.14,4.2251,1.9079
2020-06-22,33.7,34.65,33.6,34.34,18988339,647944082.65,5.1747,2.0505
2020-06-23,35.04,35.68,33.0,33.1,47149822,1621906264.58,12.853,-3.611
2020-06-24,33.13,33.43,31.5,31.9,30021649,964926130.96,8.1839,-3.6254
2020-06-29,31.98,32.82,31.47,32.25,16500744,532169598.39,4.4981,1.0972
2020-06-30,32.25,32.3,31.57,32.03,16549488,528506764.8,4.5114,-0.6822
2020-07-01,31.82,32.68,31.7,32.18,17552881,564666139.11,4.7849,0.4683
2020-07-02,32.18,32.58,31.86,32.53,16842462,543812871.38,4.5912,1.0876
2020-07-03,32.5,32.5,31.99,32.29,15614795,503224194.41,4.2566,-0.7378
2020-07-06,32.0,34.45,32.0,33.85,32850712,1095728061.78,8.9551,4.8312
2020-07-07,34.04,35.68,33.55,34.94,42319989,1473071645.06,11.5364,3.2201
2020-07-08,34.74,38.43,34.62,38.43,55344858,2055239112.21,15.087,9.9886
2020-07-09,39.65,40.65,38.51,39.26,58834539,2319199850.84,16.0383,2.1598
2020-07-10,38.4,38.68,37.16,37.4,50370294,1902704628.55,13.7309,-4.7376
2020-07-13,37.39,38.57,36.87,38.55,35034746,1325794395.76,9.5504,3.0749
2020-07-14,38.55,39.77,37.8,39.08,36388265,1412535024.66,9.9194,1.3748
2020-07-15,39.08,39.18,37.15,37.21,25990031,985073996.67,7.0849,-4.7851
2020-07-16,37.01,38.1,35.2,35.69,22962472,846056733.51,6.2596,-4.0849
2020-07-17,35.78,36.85,35.28,36.32,16591010,600254950.35,4.5227,1.7652
2020-07-20,36.5,38.7,36.5,38.59,28733985,1092300699.37,7.8329,6.25
2020-07-21,38.5,38.5,37.11,37.63,19103624,721031187.9,5.2076,-2.4877
2020-07-22,37.32,39.49,37.3,38.12,24553949,948780684.65,6.6934,1.3022
2020-07-23,38.15,39.96,37.6,39.4,40785480,1589582079.49,11.1181,3.3578
2020-07-24,39.4,41.0,38.31,38.44,51504722,2048017469.72,14.0401,-2.4365
2020-07-27,38.0,38.3,36.02,37.5,25663114,960278378.54,6.9957,-2.4454
2020-07-28,37.8,38.38,37.14,37.95,17278030,652771429.69,4.71,1.2
2020-07-29,38.0,41.75,37.77,41.75,43426651,1753763538.59,11.8381,10.0132
2020-07-30,45.58,45.93,44.5,45.93,27847750,1266699999.67,7.5913,10.012
2020-07-31,46.0,49.7,45.93,46.49,99309305,4696887584.72,27.0716,1.2192
2020-08-03,48.53,51.14,48.53,51.14,34721247,1739241900.79,9.465,10.0022
2020-08-04,56.25,56.25,56.25,56.25,2700786,151919212.5,0.7362,9.9922
2020-08-05,61.88,61.88,61.88,61.88,5029736,311240063.68,1.3711,10.0089
2020-08-06,68.07,68.07,68.07,68.07,1496869,101891872.83,0.408,10.0032
2020-08-07,74.0,74.88,70.0,74.88,81028196,5953100266.79,22.0882,10.0044
2020-08-10,79.99,82.37,77.77,77.86,111606761,8980971280.66,30.4239,3.9797
2020-08-11,75.2,84.59,73.02,80.18,107043464,8502768548.65,29.18,2.9797
2020-08-12,78.1,78.1,72.16,72.16,66418499,4865020244.75,18.1056,-10.0025
2020-08-13,69.0,72.18,65.81,67.41,80116354,5497109247.52,21.8397,-6.5826
2020-08-14,67.07,68.66,63.18,66.0,66332542,4390030809.14,18.0822,-2.0917
2020-08-17,66.01,71.99,64.01,68.78,69066825,4702229908.83,18.8276,4.2121
2020-08-18,68.0,71.8,67.0,68.83,64168274,4427183838.06,17.4922,0.0727
2020-08-19,67.6,67.6,64.44,64.8,50506132,3322219351.9,13.7679,-5.855
2020-08-20,62.63,62.89,59.88,61.12,51283542,3148910238.41,13.9799,-5.679
2020-08-21,61.51,61.92,58.45,59.32,42158936,2535825842.97,11.4925,-2.945
2020-08-24,59.2,60.11,58.55,59.7,29242266,1735809981.78,7.9408,0.6406
2020-08-25,60.4,60.46,56.32,56.81,41324529,2390605067.62,11.2218,-4.8409
2020-08-26,56.96,58.78,56.6,57.25,40283764,2317590726.3,10.9392,0.7745
2020-08-27,56.84,58.8,55.33,58.08,35295452,2019500783.05,9.5846,1.4498
2020-08-28,58.66,59.66,58.0,58.82,34957164,2058263371.08,9.4927,1.2741
2020-08-31,59.3,61.71,58.2,61.25,44574185,2673298509.67,12.1043,4.1312
2020-09-01,60.8,62.28,60.0,60.54,37967788,2321588178.55,10.3103,-1.1592
2020-09-02,60.0,60.0,56.2,56.92,38607666,2225750037.18,10.484,-5.9795
2020-09-03,56.96,58.0,56.0,57.05,22815649,1297587300.85,6.1957,0.2284
2020-09-04,55.78,56.1,54.78,55.78,21362757,1182187729.0,5.8011,-2.2261
2020-09-07,55.35,55.66,52.19,52.4,30475734,1637380780.54,8.2758,-6.0595
2020-09-08,52.99,52.99,51.29,52.14,19232639,1000592702.25,5.2227,-0.4962
2020-09-09,51.5,54.54,51.41,53.03,31936311,1706031344.96,8.6724,1.7069
2020-09-10,53.0,53.01,50.21,50.6,22785651,1174479104.19,6.1875,-4.5823
2020-09-11,50.6,51.4,49.5,50.91,17562710,884495074.92,4.7692,0.6126
2020-09-14,51.15,51.66,49.89,50.43,17289367,876665392.19,4.695,-0.9428
2020-09-15,50.45,52.69,49.85,52.69,27729295,1431629003.29,7.53,4.4815
2020-09-16,52.03,52.15,50.61,51.02,18597032,951995155.47,5.0501,-3.1695
2020-09-17,50.44,51.68,49.57,51.26,16028677,811634471.09,4.3526,0.4704
2020-09-18,51.11,53.25,51.02,52.84,25629694,1340714860.94,6.9598,3.0823
2020-09-21,53.09,55.88,52.8,55.22,33879760,1856727510.79,9.2002,4.5042
2020-09-22,54.02,54.43,52.98,53.16,19778928,1057994976.73,5.371,-3.7305
2020-09-23,53.25,53.79,52.25,53.6,14998896,794330422.71,4.073,0.8277
2020-09-24,52.97,53.18,51.27,51.55,15172246,791315397.82,4.1201,-3.8246
2020-09-25,51.71,52.55,50.88,51.77,11958153,619655097.16,3.2473,0.4268
2020-09-28,51.78,52.2,50.12,50.14,12443642,629898652.35,3.3791,-3.1485
2020-09-29,50.38,52.15,50.38,51.4,15471621,794805326.12,4.2014,2.513
2020-09-30,51.87,54.2,51.87,52.6,19374185,1024201145.2,5.2611,2.3346
2020-10-09,54.0,54.0,53.0,53.47,15876315,847450809.24,4.3113,1.654
2020-10-12,53.45,55.54,53.15,55.45,25059364,1372480238.93,6.8049,3.703
2020-10-13,55.48,56.49,54.54,56.29,24154655,1349712917.02,6.5593,1.5149
2020-10-14,58.27,61.68,58.26,58.81,43445152,2579998060.31,11.7977,4.4768
2020-10-15,59.0,64.69,57.2,64.69,61163199,3827227737.98,16.6091,9.9983
2020-10-16,65.7,65.74,61.66,61.98,44038680,2773922139.31,11.9588,-4.1892
2020-10-19,62.11,65.0,60.7,62.79,33730520,2124838667.98,9.1596,1.3069
2020-10-20,62.25,62.29,59.45,60.58,27422297,1655131886.29,7.4466,-3.5197
2020-10-21,60.67,61.7,58.73,58.93,20515735,1226504508.96,5.5711,-2.7237
2020-10-22,58.2,59.66,56.86,58.64,17256688,1003727471.37,4.6861,-0.4921
2020-10-23,58.66,60.7,58.0,59.27,21007743,1253275300.73,5.7047,1.0744
2020-10-26,58.36,59.75,57.0,59.0,14769047,864428056.44,4.0104,-0.4555
2020-10-27,58.3,59.67,58.02,58.99,13569453,797971589.61,3.6847,-0.0169
2020-10-28,59.01,59.38,57.0,58.25,15085265,874470843.31,4.0963,-1.2544
2020-10-29,57.5,59.27,57.01,58.28,17088151,1001088769.73,4.6402,0.0515
2020-10-30,58.38,60.9,58.38,59.15,26996739,1616082765.44,7.3308,1.4928
2020-11-02,59.18,59.58,56.36,57.08,21841128,1249776884.73,5.9308,-3.4996
2020-11-03,57.0,57.98,55.55,57.62,17932659,1019164740.19,4.8695,0.946
2020-11-04,57.86,57.86,56.28,56.56,13900142,790510933.98,3.7745,-1.8396
2020-11-05,56.72,57.49,56.37,56.92,13547316,770773440.99,3.6787,0.6365
2020-11-06,56.92,57.38,54.0,54.4,22697991,1258077463.61,6.1635,-4.4273
2020-11-09,54.41,57.36,53.45,56.99,25376547,1421367878.72,6.8908,4.761
2020-11-10,57.0,57.75,56.05,56.51,16197355,919105402.21,4.3983,-0.8423
2020-11-11,56.5,56.73,54.0,54.09,16818829,922325913.47,4.567,-4.2824
2020-11-12,54.0,54.54,53.6,54.15,8992130,485258767.24,2.4417,0.1109
2020-11-13,54.0,54.94,53.13,54.53,9952620,539487554.92,2.7026,0.7018
2020-11-16,54.6,54.76,53.53,53.8,9295158,500773017.71,2.524,-1.3387
2020-11-17,53.8,54.46,53.11,54.1,10189506,547851108.98,2.7669,0.5576
2020-11-18,53.9,54.06,53.0,53.01,11474372,611990299.71,3.1158,-2.0148
2020-11-19,53.02,54.0,51.55,53.61,16477201,873783367.16,4.4743,1.1319
2020-11-20,53.3,54.49,53.0,53.6,10860311,583828628.45,2.949,-0.0187
2020-11-23,53.78,54.78,52.83,53.99,13447967,723033564.43,3.6517,0.7276
2020-11-24,54.87,59.14,54.55,57.27,34465511,1952399104.19,9.3589,6.0752
2020-11-25,57.27,57.27,55.03,55.12,19625058,1096956775.1,5.329,-3.7541
2020-11-26,55.12,56.85,55.03,56.06,18334272,1031124264.29,4.9785,1.7054
2020-11-27,56.07,57.15,55.11,56.39,16999496,957271005.48,4.6161,0.5887
2020-11-30,56.55,57.49,55.66,56.32,15947372,902002774.88,4.3304,-0.1241
2020-12-01,56.2,56.62,55.5,56.6,12638911,708644579.95,3.432,0.4972
2020-12-02,56.65,58.66,56.65,58.19,23127746,1338856129.85,6.2802,2.8092
2020-12-03,58.63,58.63,57.18,57.28,13596670,783218807.61,3.6921,-1.5638
2020-12-04,56.9,57.2,55.6,56.29,13087982,736618911.86,3.5539,-1.7284
2020-12-07,56.28,57.1,55.8,55.82,9516003,536228817.41,2.584,-0.835
2020-12-08,55.5,56.09,54.8,54.9,9189902,509835832.2,2.4955,-1.6482
2020-12-09,54.78,55.55,53.7,54.53,11975855,653345318.47,3.252,-0.674
2020-12-10,53.81,54.25,53.0,53.13,12088188,646858158.0,3.2825,-2.5674
2020-12-11,53.25,53.91,52.83,53.22,8929291,475544026.54,2.4247,0.1694
2020-12-14,53.22,54.38,52.46,54.1,8686413,468327574.85,2.3587,1.6535
2020-12-15,54.01,54.3,53.59,53.72,5880550,316387658.03,1.5968,-0.7024
2020-12-16,53.71,53.71,51.88,51.91,12892380,675426220.9,3.5008,-3.3693
2020-12-17,51.91,52.45,50.19,51.92,11775594,605437395.76,3.1976,0.0193
2020-12-18,52.28,53.2,51.96,51.98,8548542,448231040.38,2.3213,0.1156
2020-12-21,51.99,52.82,51.12,52.67,8873680,464050904.92,2.4096,1.3274
2020-12-22,52.33,52.45,51.0,51.02,11750440,605689617.15,3.1907,-3.1327
2020-12-23,51.02,51.46,50.22,51.28,10893787,553945738.04,2.9581,0.5096
2020-12-24,51.19,54.22,51.1,52.99,22125315,1177458539.9,6.008,3.3346
2020-12-25,52.9,52.9,51.37,51.94,10298057,535690527.66,2.7964,-1.9815
2020-12-28,51.5,52.3,50.6,50.7,10096674,517031536.32,2.7417,-2.3874
2020-12-29,50.79,51.52,50.71,50.79,7373156,376287484.9,2.0021,0.1775
2020-12-30,50.64,50.67,49.0,49.85,12710095,632677914.35,3.4513,-1.8508
2020-12-31,49.85,51.22,49.61,50.91,12434605,629093923.78,3.3765,2.1264
2021-01-04,50.95,54.3,50.95,53.78,25659365,1368496360.8,6.9676,5.6374
2021-01-05,53.58,57.42,52.9,55.42,30713621,1688544609.39,8.3401,3.0495
2021-01-06,55.19,55.36,53.8,54.08,17793959,967382717.22,4.8318,-2.4179
2021-01-07,54.14,54.24,52.3,52.95,15888510,843287767.26,4.3144,-2.0895
2021-01-08,52.88,52.88,51.5,51.69,12341058,641311694.29,3.3511,-2.3796
2021-01-11,51.73,53.86,51.72,52.75,17267958,915858887.88,4.689,2.0507
2021-01-12,52.2,54.13,51.6,53.5,16484624,880012913.61,4.4763,1.4218
2021-01-13,53.39,53.97,52.76,52.9,13070937,695382396.06,3.5493,-1.1215
2021-01-14,53.0,53.34,50.55,51.15,13592971,699332819.26,3.6911,-3.3081
2021-01-15,51.33,51.94,50.5,51.18,8597144,439451354.79,2.3345,0.0587
2021-01-18,51.14,51.99,50.6,51.55,8141921,419549779.92,2.2109,0.7229
2021-01-19,51.42,54.5,50.58,52.38,16693849,868079602.12,4.5331,1.6101
2021-01-20,51.74,52.2,51.1,51.47,8785126,452966317.18,2.3855,-1.7373
2021-01-21,51.31,53.43,51.1,52.8,15907045,836101438.97,4.3194,2.584
2021-01-22,52.8,52.8,51.43,51.68,10424041,541240116.56,2.8306,-2.1212
2021-01-25,51.5,52.5,50.91,51.02,10996175,565474311.47,2.9859,-1.2771
2021-01-26,50.8,50.8,49.5,49.82,12449432,620512691.81,3.3806,-2.352
2021-01-27,49.82,50.35,49.36,49.71,5579726,277554459.75,1.5151,-0.2208
2021-01-28,49.47,50.06,49.0,49.05,6835347,337055901.05,1.8561,-1.3277
2021-01-29,49.39,49.41,44.26,45.28,16643077,766025241.4,4.5193,-7.686
2021-02-01,45.05,45.1,43.26,43.37,11867494,519651857.29,3.2225,-4.2182
2021-02-02,43.37,43.95,42.64,43.93,8518058,371164641.17,2.313,1.2912
2021-02-03,44.0,44.2,41.75,41.98,10545935,450377562.08,2.8637,-4.4389
2021-02-04,41.75,42.95,40.6,41.57,8958572,373824772.14,2.4326,-0.9767
2021-02-05,41.75,42.43,41.5,41.75,6153436,257738727.5,1.6709,0.433
2021-02-08,41.83,42.08,40.68,40.73,6437794,264355674.73,1.7481,-2.4431
2021-02-09,40.74,41.78,40.1,41.65,7311040,301374743.37,1.9853,2.2588
2021-02-10,41.67,42.86,41.45,42.44,7945929,336066234.77,2.1577,1.8968
2021-02-18,42.97,46.0,42.95,44.56,13422136,601844089.45,3.6447,4.9953
2021-02-19,44.99,45.75,44.14,45.33,9240920,417576935.59,2.5093,1.728
2021-02-22,45.34,45.48,44.44,44.45,10099828,452994688.13,2.7425,-1.9413
2021-02-23,44.1,45.16,43.11,44.11,8438169,371826313.1,2.2913,-0.7649
2021-02-24,44.1,45.41,43.81,44.71,8245673,368897601.23,2.2391,1.3602
2021-02-25,45.68,48.68,45.45,47.0,18603150,876419464.13,5.0515,5.1219
2021-02-26,45.6,46.69,45.2,45.49,9751769,444579715.25,2.648,-3.2128
2021-03-01,45.55,45.91,44.72,45.78,7888105,356550155.86,2.142,0.6375
2021-03-02,45.73,46.5,44.8,45.2,7554486,342519537.03,2.0514,-1.2669
2021-03-03,44.88,45.28,44.17,45.1,6456093,288561782.92,1.7531,-0.2212
2021-03-04,45.14,45.48,44.4,44.4,7388427,332069525.58,2.0063,-1.5521
2021-03-05,44.18,44.79,43.3,44.22,5996564,263220091.67,1.6283,-0.4054
2021-03-08,44.45,45.25,43.23,43.27,6493484,287643250.63,1.7633,-2.1483
2021-03-09,42.91,42.93,40.18,40.97,8902530,368837767.92,2.4174,-5.3155
2021-03-10,41.63,41.82,40.49,40.74,4950957,202542883.91,1.3444,-0.5614
2021-03-11,40.74,41.29,40.68,41.26,5278921,216717498.99,1.4335,1.2764
2021-03-12,41.3,42.4,40.83,41.76,6152607,255526664.15,1.6707,1.2118
2021-03-15,41.41,41.49,40.5,40.82,5137474,209937028.05,1.395,-2.251
2021-03-16,41.3,41.85,40.9,41.27,3907531,161271970.01,1.0611,1.1024
2021-03-17,41.28,41.73,40.8,41.45,4507182,186110006.76,1.2239,0.4362
2021-03-18,41.42,41.97,41.11,41.72,4462196,185421175.45,1.2117,0.6514
2021-03-19,41.28,42.08,40.78,41.53,6175310,256002462.14,1.6769,-0.4554
2021-03-22,41.48,42.5,41.25,42.29,6619046,278568361.93,1.7974,1.83
2021-03-23,42.31,42.59,41.55,41.67,4445518,186839744.89,1.2071,-1.4661
2021-03-24,41.5,45.58,40.71,44.39,12050031,518350999.85,3.2721,6.5275
2021-03-25,43.2,44.16,42.68,43.44,8354731,363049776.71,2.2687,-2.1401
2021-03-26,43.2,43.21,42.35,42.69,7665212,328019416.93,2.0814,-1.7265
2021-03-29,44.38,45.22,43.62,43.82,13004872,576753056.7,3.5314,2.647
2021-03-30,43.36,44.86,43.0,43.89,9609969,423783757.04,2.6095,0.1597
2021-03-31,44.08,44.45,43.07,43.2,6636247,289549883.87,1.802,-1.5721
2021-04-01,43.0,43.11,42.5,42.96,5701013,244118462.16,1.5481,-0.5556
2021-04-02,43.03,44.18,42.83,43.5,6465881,280772216.18,1.7558,1.257
2021-04-06,43.59,44.36,43.21,44.03,7013342,308276605.89,1.9044,1.2184
2021-04-07,43.4,43.4,42.68,42.75,8200898,351558320.0,2.2269,-2.9071
2021-04-08,42.52,43.76,42.22,42.62,6655658,285488731.47,1.8073,-0.3041
2021-04-09,42.5,42.98,41.92,41.98,4806738,203644655.96,1.3052,-1.5016
2021-04-12,41.9,42.08,40.9,40.91,5412642,223647101.61,1.4698,-2.5488
2021-04-13,40.86,41.76,40.86,41.2,3693667,152048411.71,1.003,0.7089
2021-04-14,41.4,41.53,41.02,41.45,3459870,142767151.85,0.9395,0.6068
2021-04-15,41.45,41.5,41.04,41.12,2889611,118968896.58,0.7847,-0.7961
2021-04-16,41.12,41.8,40.9,41.53,5135575,212512384.61,1.3945,0.9971
2021-04-19,41.53,42.87,41.41,42.52,8257075,349047514.3,2.2421,2.3838
2021-04-20,42.53,42.83,42.07,42.08,6304633,267611797.45,1.712,-1.0348
2021-04-21,41.97,42.67,41.24,42.06,5555374,233299204.36,1.5085,-0.0475
2021-04-22,41.83,42.48,41.76,41.92,4912241,206719761.25,1.3339,-0.3329
2021-04-23,42.13,42.25,41.52,41.63,4705017,196890304.24,1.2776,-0.6918
2021-04-26,41.64,41.84,41.0,41.01,5444453,224918115.77,1.4784,-1.4893
2021-04-27,40.83,40.84,40.26,40.34,5302481,214402045.54,1.4398,-1.6337
2021-04-28,40.3,40.84,40.2,40.71,4448306,180445789.34,1.1254,0.9172
2021-04-29,40.67,41.35,40.45,40.9,4734456,193437103.35,1.1978,0.4667
2021-04-30,40.94,41.02,40.3,40.62,3957474,160371295.95,1.0012,-0.6846
2021-05-06,40.65,41.3,40.64,40.7,4158144,169993240.97,1.052,0.1969
2021-05-07,40.71,40.89,40.26,40.31,4164518,168387520.78,1.0536,-0.9582
2021-05-10,40.31,40.39,38.08,38.35,10259996,398801506.67,2.5957,-4.8623
2021-05-11,38.35,40.37,38.35,39.93,8699237,341418254.62,2.2009,4.1199
2021-05-12,39.8,39.83,39.1,39.5,4260718,167625513.95,1.0779,-1.0769
2021-05-13,39.23,39.97,39.06,39.12,4722117,186373157.28,1.1947,-0.962
2021-05-14,39.14,40.2,39.11,40.04,6918404,275375945.74,1.7503,2.3517
2021-05-17,40.43,40.99,40.1,40.17,6349516,256878872.31,1.6064,0.3247
2021-05-18,40.1,40.8,39.6,40.59,6515149,263556231.2,1.6483,1.0456
2021-05-19,40.6,40.77,40.24,40.69,5440530,220619659.83,1.3764,0.2464
2021-05-20,40.7,41.29,40.45,40.8,6816935,279091939.08,1.7246,0.2703
2021-05-21,40.98,41.26,40.29,40.48,5354592,218193029.59,1.3547,-0.7843
2021-05-24,40.5,41.87,40.5,41.67,10011769,413859399.02,2.5329,2.9397
2021-05-25,41.72,44.72,41.27,43.29,19130650,822928107.66,4.84,3.8877
2021-05-26,43.35,43.96,42.88,43.11,12781948,555785653.79,3.2338,-0.4158
2021-05-27,43.82,44.75,43.75,44.01,13528026,597486514.37,3.4225,2.0877
2021-05-28,44.07,44.35,43.18,43.49,8779153,383841833.88,2.2211,-1.1815
2021-05-31,43.61,44.8,43.61,44.52,11936004,530466848.47,3.0197,2.3684
2021-06-01,44.68,44.82,44.2,44.3,8193803,364403449.41,2.073,-0.4942
2021-06-02,44.29,44.3,42.75,42.87,10184094,440845472.72,2.5765,-3.228
2021-06-03,42.93,43.35,42.66,42.67,5554755,238730500.91,1.4053,-0.4665
2021-06-04,42.66,42.98,42.27,42.76,4710914,201054833.44,1.1918,0.2109
2021-06-07,42.95,43.5,42.65,42.97,5930114,255336979.04,1.5003,0.4911
2021-06-08,43.05,43.2,42.51,43.14,5756469,246949618.78,1.4564,0.3956
2021-06-09,43.13,43.85,42.55,42.63,7941665,341864720.76,2.0092,-1.1822
2021-06-10,42.34,43.2,42.2,43.2,8293831,355869231.04,2.0983,1.3371
2021-06-11,43.28,43.35,42.05,42.09,7658980,325245921.65,1.9377,-2.5694
2021-06-15,42.25,42.69,41.89,42.21,5027539,212974608.3,1.2719,0.2851
2021-06-16,42.41,44.79,42.41,44.11,20583152,905098117.45,5.2074,4.5013
2021-06-17,44.5,44.5,42.9,43.84,14081997,612248678.21,3.5627,-0.6121
2021-06-18,44.01,45.33,43.8,44.85,17731039,793008741.04,4.4859,2.3038
2021-06-21,44.76,45.47,44.3,45.31,14618055,658013346.24,3.6983,1.0256
2021-06-22,45.5,45.6,44.25,44.43,11094948,496135847.17,2.807,-1.9422
2021-06-23,44.44,45.2,43.65,44.52,10012341,444922019.91,2.5331,0.2026
2021-06-24,44.54,45.0,43.71,43.74,8141325,359620430.96,2.0597,-1.752
2021-06-25,43.78,43.82,42.86,43.4,7519639,324902561.08,1.9024,-0.7773
2021-06-28,43.38,44.25,43.12,43.66,6393472,279864424.23,1.6175,0.5991
2021-06-29,43.69,44.48,42.88,42.96,7267474,316473045.32,1.8386,-1.6033
2021-06-30,42.91,43.2,42.58,43.07,6033678,259124624.51,1.5265,0.2561
2021-07-01,43.1,43.34,41.25,41.41,9130169,385032762.15,2.3099,-3.8542
2021-07-02,41.25,41.25,40.01,40.22,7958251,321164343.41,2.0134,-2.8737
2021-07-05,40.15,41.13,40.15,40.9,4902241,199434730.66,1.2402,1.6907
2021-07-06,40.9,41.41,40.71,41.04,4796861,196674485.98,1.2136,0.3423
2021-07-07,41.0,41.32,40.7,41.2,4349046,178660551.93,1.1003,0.3899
2021-07-08,41.29,42.29,41.2,41.86,7406357,310075003.02,1.8738,1.6019
2021-07-09,41.9,41.95,41.27,41.71,4878883,202537447.45,1.2343,-0.3583
2021-07-12,42.06,42.5,41.71,42.21,6472504,272742083.26,1.6375,1.1988
2021-07-13,42.22,42.24,41.31,41.41,6350964,264361831.12,1.6068,-1.8953
2021-07-14,41.27,41.27,40.31,40.63,5980149,243439828.32,1.5129,-1.8836
2021-07-15,40.51,40.93,39.88,40.37,6305721,253762122.41,1.5953,-0.6399
2021-07-16,40.35,42.37,40.09,41.89,11996141,499603510.07,3.035,3.7652
2021-07-19,41.95,42.3,41.18,41.48,6199427,257404071.61,1.5684,-0.9788
2021-07-20,41.19,41.71,40.66,41.14,6336942,260725431.33,1.6032,-0.8197
2021-07-21,41.39,41.85,41.15,41.5,7840726,325536159.03,1.9837,0.8751
2021-07-22,41.15,41.48,40.8,41.01,7518515,308551912.93,1.9021,-1.1807
2021-07-23,41.19,41.56,40.5,41.2,8894002,365709474.89,2.2501,0.4633
2021-07-26,41.1,42.2,40.68,41.26,11916099,495291865.17,3.0147,0.1456
2021-07-27,42.0,45.21,41.7,43.92,32176673,1398953927.45,8.1405,6.4469
2021-07-28,43.04,43.3,40.95,41.6,16804767,703088263.64,4.2515,-5.2823
2021-07-29,41.99,43.32,41.57,42.79,15804962,672353235.84,3.9986,2.8606
2021-07-30,43.48,43.48,42.26,42.76,11997231,513177555.93,3.0352,-0.0701
2021-08-02,42.61,44.57,42.29,44.47,20116793,885262343.66,5.0894,3.9991
2021-08-03,44.46,45.36,43.43,43.55,17429259,771622405.11,4.4095,-2.0688
2021-08-04,43.39,44.45,43.3,43.93,10834089,476815596.1,2.741,0.8726
2021-08-05,44.0,47.48,43.78,45.96,34097348,1556467127.2,8.6265,4.621
2021-08-06,46.07,48.35,45.3,47.79,31507327,1470749131.16,7.9712,3.9817
2021-08-09,47.75,48.39,46.33,47.02,19919286,938935195.53,5.0395,-1.6112
2021-08-10,46.88,48.26,45.99,46.53,27021465,1279781399.38,6.8363,-1.0421
2021-08-11,46.32,46.5,45.5,45.88,16297760,748057901.53,4.1232,-1.3969
2021-08-12,45.95,47.72,45.31,46.9,21366301,994626665.12,5.4056,2.2232
2021-08-13,46.91,47.44,45.59,45.97,15824773,734480339.95,4.0036,-1.9829
2021-08-16,46.03,46.85,44.6,44.78,14635968,670209788.93,3.7028,-2.5886
2021-08-17,44.56,45.56,44.26,44.43,13002036,582446763.5,3.2894,-0.7816
2021-08-18,44.21,45.08,43.75,44.66,11041154,490973687.74,2.7934,0.5177
2021-08-19,44.4,45.42,43.89,45.19,12773230,573893100.45,3.2316,1.1867
2021-08-20,45.35,46.4,44.66,45.75,13688947,624917268.03,3.4627,1.2392
2021-08-23,45.9,47.2,45.9,46.64,15365662,717558173.66,3.8869,1.9454
2021-08-24,46.0,46.17,44.8,45.9,16032210,729024481.84,4.0555,-1.5866
2021-08-25,45.8,46.28,45.33,45.59,8120485,370271276.78,2.0541,-0.6754
2021-08-26,45.31,46.25,44.32,44.32,12620194,571270241.76,3.1924,-2.7857
2021-08-27,44.0,44.1,42.3,42.68,16627458,714718044.92,4.0793,-3.7004
2021-08-30,42.72,44.64,42.7,43.21,14253325,621265310.95,3.4969,1.2418
2021-08-31,43.5,43.59,41.38,42.36,13569321,572248758.27,3.329,-1.9671
2021-09-01,42.36,43.0,41.54,42.62,11792086,498376414.17,2.893,0.6138
2021-09-02,42.35,42.35,41.63,41.89,8556486,358234742.44,2.0992,-1.7128
2021-09-03,41.89,42.65,41.89,42.07,8273336,349212619.74,2.0297,0.4297
2021-09-06,42.0,42.84,41.52,42.65,7889400,335152075.24,1.9356,1.3787
2021-09-07,42.63,43.13,42.35,42.76,7263024,310340938.67,1.7819,0.2579
2021-09-08,42.76,42.92,42.12,42.45,7560995,321065478.57,1.855,-0.725
2021-09-09,42.33,42.9,42.01,42.57,7501604,318290002.85,1.8404,0.2827
2021-09-10,42.57,42.8,42.11,42.64,7527625,319926269.76,1.8468,0.1644
2021-09-13,42.68,42.75,41.96,42.08,6998558,295119612.64,1.717,-1.3133
2021-09-14,42.05,42.44,41.31,41.31,7982500,334345397.5,1.9584,-1.8298
2021-09-15,41.31,41.63,40.83,41.51,6267583,258404117.46,1.5377,0.4841
2021-09-16,41.52,43.78,41.42,42.38,15107339,648198336.42,3.7064,2.0959
2021-09-17,43.3,43.6,42.08,42.51,10038283,428885132.34,2.4628,0.3067
2021-09-22,42.01,42.06,41.48,41.91,5547503,232019972.05,1.361,-1.4114
2021-09-23,41.85,42.83,41.85,42.62,6730581,285474508.98,1.6513,1.6941
2021-09-24,42.63,42.78,42.03,42.45,6234219,263945248.68,1.5295,-0.3989
2021-09-27,42.45,42.75,41.33,41.53,6133589,256975950.55,1.5048,-2.1673
2021-09-28,41.34,42.13,41.24,41.29,5017654,208428942.58,1.231,-0.5779
2021-09-29,41.0,41.28,40.0,40.03,7396892,298073498.04,1.8147,-3.0516
2021-09-30,40.31,40.69,40.14,40.41,3742103,151239059.93,0.9181,0.9493
2021-10-08,40.69,41.1,40.52,40.68,3677247,149849033.26,0.9022,0.6682
2021-10-11,40.88,41.92,40.72,41.44,6053644,251066622.57,1.4852,1.8682
2021-10-12,41.27,41.27,40.6,40.9,3902601,159218400.61,0.9574,-1.3031
2021-10-13,40.9,41.17,40.4,41.08,3456506,140893839.76,0.848,0.4401
2021-10-14,41.08,41.23,40.72,41.16,3258135,133741532.07,0.7993,0.1947
2021-10-15,41.33,41.99,41.15,41.5,5592631,232574456.91,1.3721,0.826
2021-10-18,41.51,41.51,40.98,41.5,4018118,165515032.89,0.9858,0.0
2021-10-19,41.5,41.5,41.05,41.14,2987160,122950045.89,0.7329,-0.8675
2021-10-20,41.2,41.33,40.8,40.8,3651305,149844704.53,0.8958,-0.8264
2021-10-21,40.8,41.1,40.5,40.54,3192759,130043877.23,0.7833,-0.6373
2021-10-22,40.58,40.95,40.51,40.58,2567361,104485027.48,0.6299,0.0987
2021-10-25,40.7,41.12,40.25,40.95,3362435,137107900.15,0.8249,0.9118
2021-10-26,41.0,41.16,40.76,40.89,3309440,135504156.35,0.8119,-0.1465
2021-10-27,40.88,41.36,40.0,40.14,4801406,194206403.62,1.178,-1.8342
2021-10-28,40.15,40.28,39.04,39.06,6264575,246953856.3,1.5369,-2.6906
2021-10-29,39.06,39.76,38.86,39.62,3576561,141050165.47,0.8775,1.4337
2021-11-01,39.62,39.98,39.2,39.79,3104092,123378242.07,0.7615,0.4291
2021-11-02,39.94,40.67,39.94,40.53,7511065,303552161.08,1.8427,1.8598
2021-11-03,40.56,40.56,39.88,40.18,3902791,156421205.28,0.9575,-0.8636
2021-11-04,40.18,40.64,39.91,40.3,4515423,182247446.75,1.1078,0.2987
2021-11-05,40.29,41.99,40.15,41.07,9889156,407389894.74,2.4262,1.9107
2021-11-08,40.91,40.96,40.2,40.75,4354503,176380390.29,1.0683,-0.7792
2021-11-09,40.7,41.68,40.58,41.29,6123605,252442970.59,1.5023,1.3252
2021-11-10,41.2,41.7,40.89,41.37,4823916,198963592.85,1.1835,0.1938
2021-11-11,41.37,41.48,40.95,41.1,4626729,190216579.48,1.1351,-0.6526
2021-11-12,40.0,40.18,39.02,40.08,12073786,479411245.95,2.9621,-2.4818
2021-11-15,40.08,40.56,39.82,39.91,5992060,240158618.79,1.4701,-0.4242
2021-11-16,39.91,39.98,39.1,39.16,7480596,294880982.91,1.8353,-1.8792
2021-11-17,39.4,39.54,38.99,39.53,4698118,184674615.52,1.1526,0.9448
2021-11-18,39.54,39.76,39.18,39.58,4810143,189914091.68,1.1801,0.1265
2021-11-19,39.51,39.65,39.3,39.61,3764222,148710033.03,0.9235,0.0758
2021-11-22,39.95,40.17,39.65,39.87,5734639,228861564.3,1.4069,0.6564
2021-11-23,39.87,40.18,39.8,39.95,5049326,201746736.1,1.2388,0.2007
2021-11-24,40.04,40.13,39.61,39.79,4139125,164831317.83,1.0155,-0.4005
2021-11-25,39.8,39.97,39.42,39.44,4389073,174067684.62,1.0768,-0.8796
2021-11-26,39.6,39.66,39.2,39.23,3946145,155121946.48,0.9681,-0.5325
2021-11-29,38.96,39.38,38.6,39.11,4360321,170067894.14,1.0697,-0.3059
2021-11-30,39.05,39.79,39.05,39.2,6303898,248807728.02,1.5466,0.2301
2021-12-01,39.15,39.5,38.88,39.0,5436840,212206270.18,1.3339,-0.5102
2021-12-02,39.01,39.01,38.74,38.8,4210303,163511287.99,1.0329,-0.5128
2021-12-03,38.85,39.44,38.85,39.29,5315079,208600624.88,1.304,1.2629
2021-12-06,39.2,39.5,38.89,39.02,5406658,211360470.7,1.3264,-0.6872
2021-12-07,39.18,39.25,38.61,38.83,4693357,182219420.32,1.1514,-0.4869
2021-12-08,38.95,39.2,38.75,39.14,4024600,157305689.63,0.9874,0.7984
2021-12-09,39.14,39.5,39.03,39.42,6580705,258674516.35,1.6145,0.7154
2021-12-10,39.57,39.8,39.13,39.31,5701635,224895065.92,1.3988,-0.279
2021-12-13,39.21,39.73,39.2,39.39,4021698,158459751.99,0.9867,0.2035
2021-12-14,39.42,39.63,39.33,39.6,4758555,188180293.3,1.1674,0.5331
2021-12-15,39.6,39.68,39.15,39.19,4451893,175122638.57,1.0922,-1.0354
2021-12-16,39.35,39.54,39.2,39.51,4294505,169443711.28,1.0536,0.8165
2021-12-17,39.48,39.48,39.0,39.06,4475800,175062139.98,1.0981,-1.139
2021-12-20,39.05,39.14,38.77,38.79,3674342,142757993.7,0.9014,-0.6912
2021-12-21,38.7,39.0,38.66,39.0,3437414,133528621.64,0.8433,0.5414
2021-12-22,39.41,39.59,39.03,39.15,4469966,175296352.98,1.0966,0.3846
2021-12-23,39.33,39.33,38.82,38.87,4672121,182108077.95,1.1462,-0.7152
2021-12-24,38.83,38.87,38.35,38.5,4985905,192102649.12,1.2232,-0.9519
2021-12-27,38.4,38.62,38.39,38.5,2380156,91644600.95,0.5839,0.0
2021-12-28,38.5,38.94,38.45,38.84,3375036,130621522.7,0.828,0.8831
2021-12-29,38.8,39.69,38.55,39.54,8688675,340643213.23,2.1316,1.8023
2021-12-30,39.5,39.5,39.11,39.22,5473771,215042578.65,1.3429,-0.8093
2021-12-31,39.2,39.4,38.96,39.25,4812285,188570965.49,1.1806,0.0765
2022-01-04,39.25,39.73,39.16,39.54,6027978,237902642.15,1.4789,0.7389
2022-01-05,39.5,39.66,38.83,39.01,5073161,198550678.53,1.2446,-1.3404
2022-01-06,38.8,39.1,38.66,38.88,3426084,133213861.1,0.8405,-0.3332
2022-01-07,38.94,39.08,38.65,38.67,4196524,163085499.99,1.0296,-0.5401
2022-01-10,38.66,38.9,38.43,38.78,2913580,112700262.03,0.7148,0.2845
2022-01-11,38.8,38.98,38.59,38.64,2845512,110268321.96,0.6981,-0.361
2022-01-12,38.62,38.8,38.56,38.8,2567243,99326819.16,0.6298,0.4141
2022-01-13,38.87,38.97,38.51,38.54,2692481,104133126.29,0.6606,-0.6701
2022-01-14,38.52,38.65,37.76,37.86,5971895,228020558.9,1.4651,-1.7644
2022-01-17,37.95,38.4,37.95,38.37,3886316,148475829.01,0.9535,1.3471
2022-01-18,38.55,38.56,38.19,38.4,2903373,111226825.39,0.7123,0.0782
2022-01-19,38.39,38.39,37.96,38.02,2545840,96992661.48,0.6246,-0.9896
2022-01-20,38.05,38.15,37.03,37.2,4907410,183827648.74,1.204,-2.1568
2022-01-21,37.18,37.18,36.73,36.75,3360463,124027365.09,0.8244,-1.2097
2022-01-24,36.74,37.12,36.63,36.92,2140332,78982263.24,0.5251,0.4626
2022-01-25,36.94,37.68,36.5,36.51,3761406,139567937.22,0.9228,-1.1105
2022-01-26,36.51,36.83,35.08,35.6,4490372,160866866.56,1.1016,-2.4925
2022-01-27,35.59,35.59,34.08,34.15,5159589,178217894.15,1.2658,-4.073
2022-01-28,34.41,34.58,33.8,34.49,3252799,111577244.66,0.798,0.9956
2022-02-07,35.5,35.75,35.01,35.26,3001163,105867066.64,0.7363,2.2325
2022-02-08,35.33,35.34,34.9,35.29,2131835,74911607.8,0.523,0.0851
2022-02-09,35.38,35.61,35.18,35.58,2165858,76928933.04,0.5314,0.8218
2022-02-10,35.61,35.65,35.27,35.37,2025185,71802504.86,0.4969,-0.5902
2022-02-11,35.35,35.42,34.81,34.81,2563531,89827950.82,0.6289,-1.5833
2022-02-14,34.8,35.51,34.69,35.13,2918921,102715551.16,0.7161,0.9193
2022-02-15,35.06,35.44,35.02,35.35,1881799,66391232.89,0.4617,0.6262
2022-02-16,35.33,35.43,35.22,35.37,1743084,61604814.24,0.4276,0.0566
2022-02-17,35.3,35.9,35.11,35.57,3467872,123190645.7,0.8508,0.5655
2022-02-18,35.28,35.79,35.08,35.58,2297167,81219826.75,0.5636,0.0281
2022-02-21,35.7,36.6,35.58,36.44,5860191,212946583.8,1.4377,2.4171
2022-02-22,36.38,36.4,35.77,36.03,3470729,124929156.35,0.8515,-1.1251
2022-02-23,36.09,36.46,35.86,36.33,3583892,129834138.86,0.8793,0.8326
2022-02-24,36.39,39.43,36.16,38.16,17642140,666923253.28,4.3283,5.0372
2022-02-25,37.9,37.9,36.86,37.16,7969960,296834005.77,1.9553,-2.6205
2022-02-28,37.57,38.09,37.1,37.26,5824289,218596562.0,1.4289,0.2691
2022-03-01,37.26,37.47,36.77,37.24,4197300,156058218.0,1.0297,-0.0537
2022-03-02,37.1,37.24,36.74,36.9,3289056,121392199.0,0.8069,-0.913
2022-03-03,36.91,37.04,36.29,36.36,4012192,146669152.0,0.9843,-1.4634
2022-03-04,36.26,36.7,36.14,36.2,3144406,114364680.0,0.7714,-0.44
2022-03-07,36.39,36.39,34.74,34.93,4668215,164617891.0,1.1453,-3.5083
2022-03-08,34.78,35.08,33.99,34.02,3881421,133824235.0,0.9519,-2.6052
2022-03-09,34.48,34.69,32.49,33.9,5591122,189136350.0,1.3713,-0.3527
2022-03-10,34.47,34.96,34.36,34.5,4073693,141040720.0,0.9991,1.7699
2022-03-11,34.51,35.02,33.67,34.91,4085471,140581295.0,1.002,1.1884
2022-03-14,34.59,35.52,34.44,34.58,4146359,145105392.0,1.0169,-0.9453
2022-03-15,34.69,34.69,32.82,32.87,4375460,147320062.0,1.0731,-4.9451
2022-03-16,33.32,33.49,31.71,33.32,4945564,162086468.0,1.2129,1.369
2022-03-17,33.53,33.98,33.38,33.5,4284057,144434967.0,1.0507,0.5402
2022-03-18,33.49,33.77,33.22,33.55,2604817,87374973.9,0.6388,0.1493
2022-03-21,34.93,36.79,34.83,35.4,12617399,453930974.66,3.0945,5.5142
2022-03-22,35.0,35.68,34.56,34.65,5599608,195212144.19,1.3733,-2.1186
2022-03-23,34.51,35.0,34.23,34.66,3923394,136053354.02,0.9622,0.0289
2022-03-24,34.53,34.53,33.95,33.97,3321950,113353817.91,0.8147,-1.9908
2022-03-25,34.19,34.31,33.79,33.85,2650360,90243101.43,0.65,-0.3533
2022-03-28,33.78,33.78,33.02,33.22,2894132,96273464.21,0.7098,-1.8612
2022-03-29,33.49,33.54,32.85,32.94,2558466,84848716.37,0.6275,-0.8429
2022-03-30,33.03,33.49,32.96,33.49,2745380,91407914.12,0.6733,1.6697
2022-03-31,33.42,33.55,33.11,33.14,2091031,69619770.12,0.5128,-1.0451
2022-04-01,32.85,33.33,32.85,33.17,1691616,56034986.71,0.4149,0.0905
2022-04-06,33.15,34.8,32.96,34.1,4787751,162805294.12,1.1742,2.8037
2022-04-07,34.0,35.1,33.8,34.24,6198042,214501602.31,1.5201,0.4106
2022-04-08,34.33,34.51,33.59,33.84,3856714,130700421.47,0.9459,-1.1682
2022-04-11,33.6,33.79,32.36,32.52,3738052,123186675.42,0.9168,-3.9007
2022-04-12,32.36,33.1,32.36,33.07,2584185,84657748.21,0.6338,1.6913
2022-04-13,33.07,33.2,32.6,32.62,2083747,68243385.38,0.5111,-1.3607
2022-04-14,32.68,32.93,32.52,32.79,2336718,76503236.92,0.5731,0.5212
2022-04-15,32.75,32.75,31.8,31.98,3283683,105668542.86,0.8053,-2.4703
2022-04-18,32.0,32.34,31.82,32.27,2110555,67881497.08,0.5176,0.9068
2022-04-19,32.8,33.05,32.27,32.33,2571055,83838954.74,0.6306,0.1859
2022-04-20,31.96,32.62,31.96,32.12,2548946,82179866.75,0.6251,-0.6496
2022-04-21,31.96,32.25,30.4,30.46,4608809,143978411.74,1.1303,-5.1681
2022-04-22,30.18,30.37,29.71,30.01,3497749,104861921.22,0.8578,-1.4773
2022-04-25,29.57,29.57,27.1,27.22,6599677,185929149.77,1.6186,-9.2969
2022-04-26,27.19,27.38,25.8,25.8,5800898,153750902.0,1.4227,-5.2168
2022-04-27,25.5,26.78,25.01,26.74,6203405,160929396.51,1.5214,3.6434
2022-04-28,26.91,27.19,26.31,26.68,5499001,146894389.36,1.3487,-0.2244
2022-04-29,26.91,27.76,26.86,27.67,5208377,143051567.73,1.2774,3.7106
2022-05-05,27.66,28.48,27.5,28.19,4845336,136478955.85,1.1883,1.8793
2022-05-06,27.7,28.35,27.45,28.17,3864034,108409019.78,0.9477,-0.0709
2022-05-09,28.21,29.1,28.04,28.6,3529785,101237996.4,0.8657,1.5264
2022-05-10,28.1,28.97,28.0,28.77,3476773,99693953.7,0.8527,0.5944
2022-05-11,28.96,29.38,28.76,28.76,5300171,154089243.98,1.2999,-0.0348
2022-05-12,28.49,29.08,28.44,28.91,3169254,91586110.08,0.7773,0.5216
2022-05-13,28.96,29.3,28.88,29.02,2285485,66313518.41,0.5605,0.3805
2022-05-16,29.13,29.57,29.12,29.17,3702988,108431399.59,0.9082,0.5169
2022-05-17,29.5,29.5,28.9,29.43,3036666,88932753.27,0.7448,0.8913
2022-05-18,29.49,30.09,29.3,29.94,4538200,135254683.3,1.113,1.7329
2022-05-19,29.4,30.2,29.4,29.87,3962546,118263978.36,0.9718,-0.2338
2022-05-20,29.87,30.5,29.85,30.4,3998263,121117974.06,0.9806,1.7744
2022-05-23,30.4,30.53,30.08,30.5,3061186,92809333.31,0.7508,0.3289
2022-05-24,30.5,31.4,29.5,29.52,6823150,207823837.03,1.6734,-3.2131
2022-05-25,29.4,30.25,29.4,30.01,3294596,98694729.68,0.808,1.6599
2022-05-26,30.02,30.99,29.83,30.61,4663194,142389529.44,1.1437,1.9993
2022-05-27,30.64,30.89,30.1,30.23,3259429,99242039.89,0.7994,-1.2414
2022-05-30,30.23,30.68,30.06,30.56,2968231,90319718.33,0.728,1.0916
2022-05-31,30.3,30.61,30.02,30.39,5362921,162930410.29,1.3153,-0.5563
2022-06-01,30.19,30.65,30.15,30.29,4329984,131516132.74,1.062,-0.3291
2022-06-02,30.45,31.15,30.3,30.9,5440307,167380195.92,1.3343,2.0139
2022-06-06,30.91,31.57,30.82,31.29,5003692,156225604.03,1.2272,1.2621
2022-06-07,31.33,31.33,30.74,31.04,4034590,124961169.17,0.9895,-0.799
2022-06-08,31.05,31.64,30.56,31.07,5168397,160993658.09,1.2676,0.0966
2022-06-09,31.07,31.26,30.31,30.4,3869420,118852668.08,0.949,-2.1564
2022-06-10,30.28,30.82,30.09,30.76,3462249,105993305.89,0.8491,1.1842
2022-06-13,30.53,31.07,30.5,30.87,3299897,101840130.42,0.8093,0.3576
2022-06-14,30.8,30.83,29.77,30.6,4866669,146947772.1,1.1936,-0.8746
2022-06-15,30.65,31.45,30.56,30.85,4793461,149038254.66,1.1756,0.817
2022-06-16,30.7,31.35,30.55,31.01,3726844,115704047.1,0.914,0.5186
2022-06-17,31.0,31.2,30.3,30.83,3852362,118516962.38,0.9448,-0.5805
2022-06-20,30.74,32.24,30.71,31.5,7642465,240945598.76,1.8744,2.3724
2022-06-21,31.44,31.44,30.7,30.93,5291992,164197695.64,1.2979,-1.8095
2022-06-22,30.8,30.98,29.91,29.92,5259066,159599831.85,1.2898,-3.2654
2022-06-23,29.81,31.19,29.81,31.1,6619372,202851942.15,1.6234,3.9439
2022-06-24,31.19,32.45,31.19,31.85,9791235,312691077.62,2.4014,2.4116
2022-06-27,31.88,32.13,31.53,31.66,4454396,141374553.55,1.0925,-0.5965
2022-06-28,31.67,32.29,31.57,32.2,5770398,184769506.53,1.4152,1.7056
2022-06-29,32.29,32.55,31.45,31.54,6195546,198394160.81,1.5195,-2.0497
2022-06-30,31.48,31.96,31.39,31.56,4058608,128510766.32,0.9954,0.0634
2022-07-01,31.6,31.92,31.36,31.6,3096171,97967549.64,0.7594,0.1267
2022-07-04,31.5,31.84,30.84,31.66,5619736,176978847.62,1.3783,0.1899
2022-07-05,31.78,31.78,31.03,31.39,3740106,117447247.38,0.9173,-0.8528
2022-07-06,31.25,31.6,30.81,31.09,3404711,106149051.39,0.835,-0.9557
2022-07-07,31.1,31.58,30.88,31.3,3478401,108917014.87,0.8531,0.6755
2022-07-08,31.3,31.64,31.12,31.19,3126654,98096927.25,0.7668,-0.3514
2022-07-11,31.19,31.35,30.03,30.41,3364063,102311407.74,0.8251,-2.5008
2022-07-12,30.1,30.25,29.13,29.13,6453715,190271726.09,1.5828,-4.2091
2022-07-13,29.14,29.45,28.92,29.05,3208461,93400833.45,0.7869,-0.2746
2022-07-14,29.04,29.58,28.97,29.33,3096392,90863039.9,0.7594,0.9639
2022-07-15,29.3,29.53,28.9,29.1,3063356,89601673.04,0.7513,-0.7842
2022-07-18,29.1,29.57,29.1,29.51,2600065,76427236.42,0.6377,1.4089
2022-07-19,29.68,29.98,29.46,29.92,3167942,94392196.4,0.777,1.3894
2022-07-20,29.92,32.9,29.89,32.41,20223137,647207017.81,4.9598,8.3222
2022-07-21,32.16,32.3,31.78,31.99,9893221,316867157.95,2.4264,-1.2959
2022-07-22,31.9,32.38,31.4,31.66,5714966,181893947.7,1.4016,-1.0316
2022-07-25,31.82,32.06,30.74,30.83,5206479,162320326.43,1.2769,-2.6216
2022-07-26,30.77,30.98,30.3,30.55,5258483,160328014.81,1.2298,-0.9082
2022-07-27,30.68,30.96,30.28,30.52,4973641,151989726.49,1.1632,-0.0982
2022-07-28,30.62,31.55,30.46,31.3,7130692,222673289.5,1.6677,2.5557
2022-07-29,31.1,31.27,30.8,30.97,5056451,156700664.28,1.1826,-1.0543
2022-08-01,31.0,32.2,30.91,31.57,8549404,270279202.85,1.9995,1.9374
2022-08-02,31.7,33.9,31.26,33.14,25038199,819348624.4,5.8559,4.9731
2022-08-03,32.5,35.0,31.52,34.46,30590646,1034510914.81,7.1545,3.9831
2022-08-04,34.47,34.47,32.93,33.02,16995044,567485019.61,3.9748,-4.1788
2022-08-05,32.98,34.37,32.61,33.85,16660942,557634664.02,3.8966,2.5136
2022-08-08,33.72,33.77,33.0,33.17,9722258,323376545.9,2.2738,-2.0089
2022-08-09,32.77,33.1,32.1,32.85,12189872,396623926.52,2.8509,-0.9647
2022-08-10,32.85,33.46,32.58,32.97,7743916,255734439.49,1.8111,0.3653
2022-08-11,33.02,33.16,32.59,32.76,7637048,250609719.58,1.7861,-0.6369
2022-08-12,32.57,32.57,31.89,31.9,9143887,293313357.42,2.1386,-2.6252
2022-08-15,31.8,32.12,31.56,32.09,5556259,176960359.38,1.2995,0.5956
2022-08-16,31.97,32.13,31.75,31.9,4192071,133817597.29,0.9804,-0.5921
2022-08-17,32.01,32.12,31.57,32.09,5410196,172532193.97,1.2653,0.5956
2022-08-18,32.09,32.56,31.83,32.45,6671590,214809591.95,1.5603,1.1218
2022-08-19,32.45,32.75,31.58,31.59,6966310,223524238.98,1.6293,-2.6502
2022-08-22,31.58,31.58,30.8,31.11,5065000,157444362.43,1.1846,-1.5195
2022-08-23,31.11,31.55,30.62,30.73,4578909,141472465.44,1.0709,-1.2215
2022-08-24,30.8,30.8,29.57,29.78,6494381,195182468.27,1.5189,-3.0914
2022-08-25,29.78,30.04,29.64,29.94,3273364,97732552.57,0.7656,0.5373
2022-08-26,30.05,30.13,29.8,29.86,2622132,78546739.97,0.6133,-0.2672
2022-08-29,29.6,30.12,29.31,29.96,2556782,76358260.39,0.598,0.3349
2022-08-30,30.0,30.84,30.0,30.69,5465469,166645301.72,1.2783,2.4366
2022-08-31,30.68,31.2,30.11,30.13,4133910,125761811.22,0.9668,-1.8247
2022-09-01,29.98,30.31,29.69,29.69,3002749,90073970.82,0.7023,-1.4603
2022-09-02,29.68,32.5,29.66,31.86,16514760,520530483.93,3.8624,7.3089
2022-09-05,31.86,32.27,30.9,31.36,10897718,343310550.29,2.5487,-1.5694
2022-09-06,31.1,32.36,30.83,31.93,9598637,303364285.84,2.2449,1.8176
2022-09-07,31.94,31.94,31.33,31.39,6204692,195301944.84,1.4511,-1.6912
2022-09-08,31.41,31.58,30.9,30.93,4123204,128687025.29,0.9643,-1.4654
2022-09-09,30.8,31.11,30.63,30.87,3286118,101435141.68,0.7686,-0.194
2022-09-13,30.88,31.27,30.81,30.93,2902675,89891749.33,0.6789,0.1944
2022-09-14,30.5,30.82,30.3,30.53,3215604,98221884.97,0.7521,-1.2932
2022-09-15,30.6,30.74,29.77,29.97,4626464,139551047.07,1.082,-1.8343
2022-09-16,29.8,30.36,29.57,29.73,3481017,104299961.98,0.8141,-0.8008
2022-09-19,29.88,30.1,29.6,29.77,2727947,81443882.57,0.638,0.1345
2022-09-20,29.76,30.78,29.7,30.05,3328903,100371071.99,0.7786,0.9405
2022-09-21,29.81,30.0,29.33,29.82,2687970,79686875.3,0.6287,-0.7654
2022-09-22,29.8,30.44,29.61,30.05,4031590,121451226.15,0.9429,0.7713
2022-09-23,29.93,30.33,28.92,28.92,4694316,138371940.34,1.2066,-3.7604
2022-09-26,28.92,28.92,27.6,27.65,4373181,122698237.3,1.1241,-4.3914
2022-09-27,27.62,28.2,27.6,28.09,2720541,75789532.85,0.6971,1.5913
2022-09-28,28.0,28.09,26.99,26.99,3254953,89452683.14,0.834,-3.916
2022-09-29,27.21,27.55,26.5,26.61,4371105,117762920.08,1.12,-1.4079
2022-09-30,26.7,26.8,26.37,26.43,3077997,81646428.77,0.7887,-0.6764
2022-10-10,26.67,26.91,26.12,26.17,2984382,79058340.16,0.7647,-0.9837
2022-10-11,26.14,26.3,25.98,26.27,2322799,60778596.47,0.5952,0.3821
2022-10-12,26.26,26.93,26.02,26.92,3429069,90905099.73,0.8786,2.4743
2022-10-13,26.72,27.48,26.67,27.19,3474641,94398735.28,0.8903,1.003
2022-10-14,27.2,27.66,27.2,27.6,3281121,90241883.53,0.8407,1.5079
2022-10-17,27.55,28.38,27.48,28.14,4166968,116893386.02,1.0677,1.9565
2022-10-18,28.17,28.2,27.68,27.94,3321702,92647575.3,0.8511,-0.7107
2022-10-19,27.92,28.02,27.58,27.59,2598129,72153937.01,0.6657,-1.2527
2022-10-20,27.4,28.18,27.24,27.82,4442446,123329556.54,1.1383,0.8336
2022-10-21,28.0,28.0,27.6,27.65,2568871,71347692.4,0.6582,-0.6111
2022-10-24,27.89,28.65,27.3,27.52,5230731,146756081.8,1.3403,-0.4702
2022-10-25,27.39,28.0,27.1,27.66,3593661,99198053.19,0.9208,0.5087
2022-10-26,27.71,28.2,27.11,28.08,5396041,150692625.99,1.3826,1.5184
2022-10-27,28.05,28.27,27.84,27.96,3524946,98924365.87,0.9032,-0.4274
2022-10-28,27.8,28.0,26.91,27.02,4117586,112948784.27,1.0551,-3.3619
2022-10-31,27.02,28.39,26.89,28.12,6244936,174347548.18,1.6002,4.0711
2022-11-01,28.29,28.59,28.02,28.47,5061176,143352900.63,1.2968,1.2447
2022-11-02,28.47,28.75,28.25,28.58,4478103,127784792.57,1.1474,0.3864
2022-11-03,28.41,30.98,28.13,30.71,19915712,596001333.13,5.1031,7.4528
2022-11-04,30.98,32.45,30.4,30.45,25299713,790668478.65,6.4826,-0.8466
2022-11-07,30.4,30.4,29.82,29.88,13608574,408962098.47,3.487,-1.8719
2022-11-08,29.88,30.25,29.68,29.99,6662009,199433833.61,1.707,0.3681
2022-11-09,29.99,30.05,29.5,29.51,5611349,166537856.24,1.4378,-1.6005
2022-11-10,29.35,29.66,29.25,29.38,4886661,143825237.09,1.2521,-0.4405
2022-11-11,29.79,29.95,29.45,29.52,6457199,191560130.72,1.6546,0.4765
2022-11-14,29.55,30.1,29.38,29.84,6655064,198506978.64,1.7052,1.084
2022-11-15,29.95,30.23,29.71,30.23,7242527,217331241.37,1.8558,1.307
2022-11-16,30.24,30.68,29.95,30.11,7079790,214552654.72,1.8141,-0.397
2022-11-17,29.91,30.13,29.39,30.09,5117050,152159277.18,1.3112,-0.0664
2022-11-18,30.12,30.31,29.33,29.4,4844917,144344090.19,1.2414,-2.2931
2022-11-21,29.31,29.68,29.22,29.48,2892804,85409995.08,0.7412,0.2721
2022-11-22,29.48,30.05,29.29,29.3,4690674,138733096.75,1.2019,-0.6106
2022-11-23,29.2,29.46,28.55,28.89,4722357,136548103.56,1.2106,-1.3993
2022-11-24,28.8,29.05,28.61,28.72,2558171,73619293.63,0.6558,-0.5884
2022-11-25,28.71,29.28,28.61,28.79,2591969,74653040.05,0.6645,0.2437
2022-11-28,28.31,29.67,28.31,29.61,7491141,219905508.42,1.9204,2.8482
2022-11-29,29.63,29.87,29.44,29.79,4055022,120362732.77,1.0395,0.6079
2022-11-30,29.95,30.96,29.6,30.28,8820750,267436104.29,2.2612,1.6448
2022-12-01,30.28,30.48,30.08,30.17,4784176,144642990.91,1.2265,-0.3633
2022-12-02,30.18,30.37,30.12,30.12,2640030,79796369.22,0.6768,-0.1657
2022-12-05,30.13,30.44,30.1,30.41,4319284,130820883.48,1.1073,0.9628
2022-12-06,30.26,30.4,30.02,30.15,3172036,95814150.41,0.8132,-0.855
2022-12-07,30.1,30.27,29.88,29.9,3108633,93329626.78,0.7969,-0.8292
2022-12-08,29.89,29.97,29.18,29.27,5188243,152836676.79,1.33,-2.107
2022-12-09,29.25,30.95,29.14,29.71,18910602,572487459.54,4.8478,1.5032
2022-12-12,30.34,30.66,29.77,29.82,7570868,228500131.86,1.9408,0.3702
2022-12-13,29.7,29.91,29.2,29.24,4859725,143463243.17,1.2458,-1.945
2022-12-14,29.27,29.8,29.21,29.29,3122582,91979261.76,0.8005,0.171
2022-12-15,29.39,29.69,29.1,29.29,3216876,94657899.98,0.8247,0.0
2022-12-16,29.17,29.26,28.81,28.93,2661813,77101586.83,0.6824,-1.2291
2022-12-19,28.93,29.09,28.32,28.42,2466003,70524885.69,0.6322,-1.7629
2022-12-20,28.47,28.61,28.17,28.3,2476328,70281456.98,0.6348,-0.4222
2022-12-21,28.31,28.47,27.68,27.97,2558439,71627808.31,0.6559,-1.1661
2022-12-22,27.97,28.17,27.71,27.86,1865637,52173971.48,0.4783,-0.3933
2022-12-23,27.86,28.08,27.54,27.71,1780602,49470472.46,0.4565,-0.5384
2022-12-26,27.7,28.16,27.6,28.16,1703656,47754785.96,0.4367,1.624
2022-12-27,28.25,28.3,28.06,28.26,1709320,48180497.85,0.4382,0.3551
2022-12-28,28.33,28.34,27.9,27.98,1810567,50788522.66,0.4641,-0.9908
2022-12-29,27.96,28.41,27.89,27.98,1961612,55235143.76,0.5029,0.0
2022-12-30,27.9,28.12,27.6,28.08,2355439,65786870.89,0.6038,0.3574
2023-01-03,28.14,28.68,28.01,28.55,3111136,88617362.81,0.7976,1.6738
2023-01-04,28.55,28.8,28.38,28.45,2619401,74811514.57,0.6715,-0.3503
2023-01-05,28.4,28.63,28.37,28.61,2329780,66403343.8,0.5973,0.5624
2023-01-06,28.55,28.7,28.41,28.55,2243797,64089567.05,0.5752,-0.2097
2023-01-09,28.55,28.88,28.55,28.66,2589783,74355741.76,0.6639,0.3853
2023-01-10,28.66,28.7,28.41,28.46,1770341,50460768.37,0.4538,-0.6978
2023-01-11,28.55,28.66,28.09,28.11,2194232,62299040.58,0.5625,-1.2298
2023-01-12,28.25,28.67,28.16,28.23,1970036,55949808.26,0.505,0.4269
2023-01-13,28.21,28.39,27.94,28.12,2066831,58080530.66,0.5298,-0.3897
2023-01-16,28.1,28.63,28.05,28.51,2766104,78828779.04,0.7091,1.3869
2023-01-17,28.5,28.97,28.45,28.78,2978233,85741549.44,0.7635,0.947
2023-01-18,28.91,28.94,28.7,28.84,2115926,61017964.26,0.5424,0.2085
2023-01-19,28.72,29.29,28.72,29.26,3259911,94853219.05,0.8357,1.4563
2023-01-20,29.2,29.54,29.16,29.34,3105771,91110263.16,0.7962,0.2734
2023-01-30,29.55,30.19,29.55,29.95,5825746,174502062.42,1.4935,2.0791
2023-01-31,29.92,30.03,29.71,29.95,2875862,86022209.28,0.7372,0.0
2023-02-01,29.95,30.25,29.9,30.14,3294858,99128917.44,0.8447,0.6344
2023-02-02,30.18,30.47,29.92,29.95,3770447,113524294.99,0.9666,-0.6304
2023-02-03,29.96,30.15,29.69,30.05,4256075,127195908.81,1.0911,0.3339
2023-02-06,29.9,30.33,29.81,30.2,3673482,110630822.1,0.9417,0.4992
2023-02-07,30.2,30.2,29.93,30.1,2831264,85077538.87,0.7258,-0.3311
2023-02-08,30.09,30.18,29.71,29.75,2781440,83105258.31,0.713,-1.1628
2023-02-09,29.75,30.45,29.65,30.43,5777471,174774464.12,1.4811,2.2857
2023-02-10,30.46,31.13,30.27,30.46,6732512,206509340.64,1.7259,0.0986
2023-02-13,30.45,31.1,30.31,30.89,5788682,178523818.75,1.484,1.4117
2023-02-14,31.12,31.37,30.78,30.86,5783107,179668786.73,1.4825,-0.0971
2023-02-15,30.87,31.76,30.78,31.6,10180632,320353226.17,2.6099,2.3979
2023-02-16,31.4,32.69,31.39,31.75,17307358,553488681.93,4.4368,0.4747
2023-02-17,31.54,31.93,30.78,30.9,9210678,286732940.38,2.3612,-2.6772
2023-02-20,30.79,31.12,30.61,31.04,5089570,157258956.31,1.3047,0.4531
2023-02-21,31.05,32.3,30.86,31.41,12210849,385770044.38,3.1303,1.192
2023-02-22,31.1,33.36,31.07,33.36,27324912,891499659.05,7.0049,6.2082
2023-02-23,33.18,33.18,32.26,32.35,16787243,548129392.71,4.3035,-3.0276
2023-02-24,32.06,34.28,32.06,33.94,28421129,952905233.64,7.2859,4.915
2023-02-27,33.7,34.64,33.16,33.34,21185714,717681669.74,5.4311,-1.7678
2023-02-28,33.0,33.76,32.9,33.65,12222820,408175384.26,3.1334,0.9298
2023-03-01,33.42,33.7,32.88,33.57,13199262,439302967.49,3.3837,-0.2377
2023-03-02,33.4,34.5,32.92,33.0,15793881,531892320.68,4.0489,-1.6979
2023-03-03,32.87,33.39,32.78,32.98,9486719,313830596.0,2.432,-0.0606
2023-03-06,33.13,33.98,33.0,33.04,14038874,470249434.28,3.5986,0.1819
2023-03-07,33.0,33.1,31.78,31.81,13739063,443901857.91,3.5217,-3.7228
2023-03-08,31.83,33.1,31.75,32.76,10278158,335029669.87,2.6346,2.9865
2023-03-09,33.0,33.04,32.15,32.48,6643879,216033619.64,1.703,-0.8547
2023-03-10,32.3,33.14,32.13,32.32,8605264,280354024.78,2.2058,-0.4926
2023-03-13,31.88,32.46,31.78,32.45,5892222,189537050.49,1.5103,0.4022
2023-03-14,32.27,33.93,32.01,33.48,21526045,721095444.78,5.5178,3.1741
2023-03-15,33.1,33.33,32.78,33.05,9943874,328466022.09,2.5489,-1.2843
2023-03-16,32.73,33.29,31.92,31.99,8164991,264756309.3,2.0929,-3.2073
2023-03-17,32.07,33.68,32.07,33.23,13095459,433907973.72,3.3568,3.8762
2023-03-20,32.9,33.23,32.28,32.36,8617423,281328305.73,2.2089,-2.6181
2023-03-21,32.54,33.1,32.41,32.99,8913891,292353847.51,2.2849,1.9468
2023-03-22,32.8,33.4,32.61,33.38,8162530,269912209.63,2.0923,1.1822
2023-03-23,33.38,34.38,33.2,34.37,17339701,587555960.46,4.4447,2.9658
2023-03-24,34.2,34.56,33.51,34.0,13627111,463281692.8,3.493,-1.0765
2023-03-27,34.1,34.29,32.89,33.25,11486360,383544738.24,2.9443,-2.2059
2023-03-28,33.1,33.16,32.33,32.37,8596895,280832597.5,2.2036,-2.6466
2023-03-29,32.4,32.54,31.6,32.16,7371969,236111577.17,1.8897,-0.6487
2023-03-30,32.3,32.35,31.38,31.72,6105434,193865408.63,1.565,-1.3682
2023-03-31,31.75,32.04,31.55,31.91,4638326,147600306.18,1.1889,0.599
2023-04-03,31.95,35.1,31.91,35.1,20580141,705236079.08,5.2753,9.9969
2023-04-04,35.98,36.8,35.6,36.28,39574475,1428066314.32,10.1441,3.3618
2023-04-06,36.27,36.75,35.63,36.08,24821509,895040445.44,6.3625,-0.5513
2023-04-07,36.1,36.28,35.25,35.91,13742307,490737711.68,3.5226,-0.4712
2023-04-10,36.08,36.55,35.23,35.28,17002733,610172301.81,4.3583,-1.7544
2023-04-11,35.6,35.76,34.6,35.2,10707793,375611196.04,2.7447,-0.2268
2023-04-12,35.21,35.58,34.9,35.3,11021613,388347561.52,2.8252,0.2841
2023-04-13,35.59,36.36,34.94,35.36,21066733,752946805.07,5.4,0.17
2023-04-14,35.35,35.67,34.51,35.03,11585950,406104722.36,2.9698,-0.9333
2023-04-17,35.04,35.92,34.63,35.16,10469354,369685946.78,2.6836,0.3711
2023-04-18,34.9,34.93,33.51,34.09,13432067,456652232.15,3.443,-3.0432
2023-04-19,34.26,34.36,33.74,33.86,7895339,268801086.04,2.0238,-0.6747
2023-04-20,33.86,34.38,33.72,34.11,7355334,250259049.75,1.8854,0.7383
2023-04-21,34.14,35.49,33.55,34.4,16664420,578374114.04,4.2716,0.8502
2023-04-24,34.25,34.25,32.6,32.72,12354662,409060537.39,3.1669,-4.8837
2023-04-25,32.72,33.25,32.0,32.25,9228962,300800581.04,2.3657,-1.4364
2023-04-26,32.23,32.98,31.83,31.93,7675380,247581339.91,1.9674,-0.9922
2023-04-27,31.8,32.52,30.73,32.49,8503919,270746749.56,2.1798,1.7538
2023-04-28,32.23,32.74,32.16,32.59,5469114,177781507.55,1.4019,0.3078
2023-05-04,32.35,32.88,32.1,32.36,5011297,162707515.49,1.2845,-0.7057
2023-05-05,32.36,32.36,31.62,31.87,4557010,145522101.37,1.1681,-1.5142
2023-05-08,31.88,33.29,31.88,33.02,7837909,257656519.41,2.0091,3.6084
2023-05-09,32.99,33.19,32.34,32.41,6234478,203911457.56,1.5981,-1.8474
2023-05-10,32.56,32.6,32.11,32.55,4070690,131769234.82,1.0434,0.432
2023-05-11,32.58,32.62,31.91,32.08,4189304,134763711.04,1.0738,-1.4439
2023-05-12,32.08,32.25,31.9,32.13,3032216,97272288.45,0.7772,0.1559
2023-05-15,32.13,32.55,31.38,32.54,4912235,157247831.7,1.2592,1.2761
2023-05-16,32.52,33.1,32.2,32.66,4848536,158173787.96,1.2428,0.3688
2023-05-17,32.48,33.13,32.35,33.0,5189094,170648378.6,1.3301,1.041
2023-05-18,33.22,33.5,32.9,33.48,7489515,249022751.57,1.9198,1.4545
2023-05-19,33.48,34.15,33.18,33.87,8805047,297974780.19,2.257,1.1649
2023-05-22,33.91,34.05,32.81,32.82,7349361,243669911.76,1.8839,-3.1001
2023-05-23,32.78,32.78,32.11,32.11,4305274,139562875.98,1.1036,-2.1633
2023-05-24,32.06,32.75,32.0,32.17,3174714,102667093.94,0.8138,0.1869
2023-05-25,32.19,32.64,31.8,32.28,3904465,125775259.35,1.0008,0.3419
2023-05-26,32.28,32.44,31.85,32.32,2666500,85920037.0,0.6835,0.1239
2023-05-29,32.44,32.88,32.22,32.32,3806689,123903293.19,0.9758,0.0
2023-05-30,32.0,32.36,31.5,32.35,4858859,155108658.84,1.2455,0.0928
2023-05-31,32.32,32.75,32.16,32.72,4914541,159665152.38,1.2597,1.1437
2023-06-01,32.68,33.18,32.23,33.0,6012821,197373608.92,1.5413,0.8557
2023-06-02,32.48,32.48,30.81,31.59,14120837,443042145.09,3.6196,-4.2727
2023-06-05,31.22,31.64,31.12,31.31,4687017,147061020.31,1.2014,-0.8864
2023-06-06,31.21,31.3,30.44,30.78,5055168,156052016.33,1.2958,-1.6927
2023-06-07,30.6,31.0,30.51,30.69,2759066,84751252.7,0.7072,-0.2924
2023-06-08,30.69,30.83,30.1,30.22,3697097,111979625.44,0.9477,-1.5314
2023-06-09,30.21,30.38,29.84,30.15,5173770,155512686.19,1.3262,-0.2316
2023-06-12,30.15,30.38,30.01,30.11,3717774,112189888.75,0.953,-0.1327
2023-06-13,30.13,30.31,30.06,30.27,3181759,96126790.62,0.8156,0.5314
2023-06-14,30.34,30.38,30.12,30.18,3526061,106648283.36,0.9038,-0.2973
2023-06-15,30.16,30.42,30.1,30.28,4160529,125948090.12,1.0665,0.3313
2023-06-16,30.27,30.76,30.26,30.69,6721253,205604788.84,1.7229,1.354
2023-06-19,31.0,33.76,30.96,33.76,16186625,541535794.09,4.1491,10.0033
2023-06-20,35.22,37.14,34.3,37.14,67066562,2420605332.45,17.1911,10.0118
2023-06-21,37.8,40.37,37.8,39.24,72446221,2818522411.6,18.5701,5.6543
2023-06-26,39.0,39.55,35.63,35.96,50340853,1873879885.2,12.9038,-8.3588
2023-06-27,36.11,36.52,35.2,35.62,29024388,1037759395.36,7.4398,-0.9455
2023-06-28,35.68,36.25,33.88,34.84,30312177,1051167677.82,7.7699,-2.1898
2023-06-29,34.73,35.32,34.6,34.88,19848013,693431983.85,5.0876,0.1148
2023-06-30,34.58,35.44,34.45,35.16,19005966,664512211.88,4.6486,0.8028
2023-07-03,34.8,35.4,34.5,35.01,15932368,556776345.04,4.0839,-0.4266
2023-07-04,35.05,36.64,34.8,36.43,40051707,1430086122.58,10.2664,4.056
2023-07-05,35.73,35.73,34.45,34.51,31542605,1100866228.03,8.0853,-5.2704
2023-07-06,34.57,35.66,34.57,35.02,19890385,698514504.58,4.8649,1.4778
2023-07-07,34.9,35.36,34.3,34.6,12140188,421384773.96,2.9693,-1.1993
2023-07-10,34.8,35.66,34.64,34.8,16493319,578437656.68,4.0341,0.578
2023-07-11,35.09,36.3,35.09,35.89,29080472,1040017857.37,7.1127,3.1322
2023-07-12,35.8,36.37,34.88,35.04,23584065,840277757.59,5.7684,-2.3683
2023-07-13,34.5,35.0,33.14,34.99,20404508,704048537.63,4.9907,-0.1427
2023-07-14,34.78,34.79,34.15,34.28,14328745,492218394.12,3.5046,-2.0292
2023-07-17,34.1,34.26,33.7,34.07,7895546,267503476.82,1.9312,-0.6126
2023-07-18,34.0,34.27,33.66,33.89,8155449,277221965.95,1.9947,-0.5283
2023-07-19,33.88,34.05,33.52,33.78,6271699,211694318.93,1.534,-0.3246
2023-07-20,33.77,33.93,33.06,33.18,8423432,282022323.24,2.0603,-1.7762
2023-07-21,33.15,33.41,32.99,33.17,5433520,180653260.04,1.329,-0.0301
2023-07-24,33.17,33.56,33.08,33.33,4607716,153797196.57,1.127,0.4824
2023-07-25,33.59,33.7,33.35,33.69,6407658,214947901.5,1.5672,1.0801
2023-07-26,33.53,33.57,32.13,32.59,11598029,378991743.27,2.8367,-3.2651
2023-07-27,32.66,32.99,32.33,32.46,6248522,204396592.42,1.5283,-0.3989
2023-07-28,32.3,32.76,32.11,32.7,5563162,180878557.31,1.3607,0.7394
2023-07-31,32.55,33.28,32.52,33.18,6178157,204119242.85,1.5111,1.4679
2023-08-01,33.02,33.16,32.8,32.85,4407419,145020083.35,1.078,-0.9946
2023-08-02,32.77,33.03,32.55,32.68,4176366,136568571.55,1.0215,-0.5175
2023-08-03,32.68,32.77,32.41,32.55,3579615,116626699.11,0.8755,-0.3978
2023-08-04,32.5,32.99,32.5,32.93,4998447,163952999.12,1.2226,1.1674
2023-08-07,32.94,33.2,32.93,33.04,4588160,151569289.03,1.1222,0.334
2023-08-08,33.03,33.05,32.5,32.71,3394825,110992686.75,0.8303,-0.9988
2023-08-09,32.7,32.78,32.3,32.37,3441172,111613217.18,0.8417,-1.0394
2023-08-10,32.23,32.54,32.23,32.3,2226690,72075079.45,0.5446,-0.2162
2023-08-11,32.35,32.44,31.66,31.66,4818844,154044364.88,1.1786,-1.9814
2023-08-14,31.35,31.95,31.31,31.92,3693148,116935932.42,0.9033,0.8212
2023-08-15,31.92,31.99,31.23,31.54,3324385,104942860.98,0.8131,-1.1905
2023-08-16,31.55,31.59,30.85,30.86,4946551,153674640.1,1.2099,-2.156
2023-08-17,30.87,31.88,30.73,31.69,5678567,178680871.93,1.3889,2.6896
2023-08-18,32.73,32.88,31.37,31.38,8673511,278595466.78,2.1214,-0.9782
2023-08-21,31.02,32.01,30.56,30.61,6548125,204412054.68,1.6016,-2.4538
2023-08-22,30.64,31.2,30.37,31.14,5538713,170669059.79,1.3547,1.7315
2023-08-23,30.86,31.03,30.35,30.4,3904624,119561957.9,0.955,-2.3764
2023-08-24,30.4,30.67,29.78,30.33,4655762,140932436.36,1.1387,-0.2303
2023-08-25,30.29,30.32,29.38,29.55,5512750,164196212.5,1.3483,-2.5717
2023-08-28,30.9,31.05,29.96,30.04,7790617,238646701.03,1.9055,1.6582
2023-08-29,29.9,30.9,29.8,30.77,5100731,156192913.69,1.2476,2.4301
2023-08-30,31.06,31.7,30.99,31.09,7821282,244882595.02,1.913,1.04
2023-08-31,30.81,31.28,30.75,30.92,3897958,120836161.61,0.9534,-0.5468
2023-09-01,30.93,31.25,30.73,31.12,3920266,121412728.64,0.9588,0.6468
2023-09-04,31.11,31.78,30.98,31.75,7299828,229904468.46,1.7854,2.0244
2023-09-05,32.02,32.47,31.61,31.7,9210669,294965858.15,2.2528,-0.1575
2023-09-06,31.31,32.88,31.3,32.72,15521136,503760985.48,3.7963,3.2177
2023-09-07,32.66,32.7,31.89,31.9,8652354,279125357.46,2.1163,-2.5061
2023-09-08,31.8,34.15,31.7,33.9,23636607,787014298.25,5.7812,6.2696
2023-09-11,33.73,33.75,32.95,33.3,16200870,538635016.15,3.9625,-1.7699
2023-09-12,33.3,33.3,32.55,32.72,9658495,317333710.31,2.3623,-1.7417
2023-09-13,32.6,32.76,31.66,31.9,10231828,328450461.65,2.5026,-2.5061
2023-09-14,31.9,32.65,31.7,31.95,8156917,262142314.25,1.9951,0.1567
2023-09-15,31.95,32.17,31.37,31.66,6108856,193584713.6,1.4941,-0.9077
2023-09-18,31.5,31.78,31.2,31.4,4571044,143842195.35,1.118,-0.8212
2023-09-19,31.21,31.35,30.45,30.53,6280084,192571983.76,1.536,-2.7707
2023-09-20,30.47,30.66,30.2,30.22,3789477,115004378.05,0.9269,-1.0154
2023-09-21,30.11,30.59,30.05,30.3,3530389,107171050.09,0.8635,0.2647
2023-09-22,30.3,30.85,30.15,30.8,4722460,144407908.72,1.1551,1.6502
2023-09-25,30.92,30.97,30.43,30.65,3785482,116004356.06,0.9259,-0.487
2023-09-26,30.49,30.62,30.3,30.41,3101230,94332608.17,0.7585,-0.783
2023-09-27,30.38,30.6,30.24,30.42,3089272,94064718.22,0.7556,0.0329
2023-09-28,30.45,31.09,30.42,30.96,5475054,168964389.54,1.3391,1.7751
2023-10-09,30.96,32.41,30.96,31.84,10430688,332947807.25,2.5512,2.8424
2023-10-10,31.61,32.34,31.47,32.2,7098523,227366766.84,1.7362,1.1307
2023-10-11,32.18,32.47,31.91,32.09,6708120,215931033.61,1.6407,-0.3416
2023-10-12,32.08,32.54,31.9,32.45,7062915,227808734.99,1.7275,1.1218
2023-10-13,32.29,32.97,32.08,32.31,7931242,257852854.44,1.9399,-0.4314
2023-10-16,32.31,32.48,31.6,31.86,5791983,185130244.28,1.4166,-1.3928
2023-10-17,31.77,32.72,31.44,32.34,10410791,335588768.64,2.5463,1.5066
2023-10-18,32.02,32.27,31.69,31.75,5283060,168582418.61,1.2922,-1.8244
2023-10-19,31.6,32.81,31.5,31.82,8228668,265647515.98,2.0126,0.2205
2023-10-20,31.83,32.42,31.03,31.12,7771715,245582504.96,1.9009,-2.1999
2023-10-23,31.1,32.01,30.61,31.21,8752459,274435229.92,2.1407,0.2892
2023-10-24,31.0,31.43,30.15,31.07,7062045,217880615.71,1.7273,-0.4486
2023-10-25,31.26,32.32,31.18,32.03,9063226,289972578.91,2.2168,3.0898
2023-10-26,31.8,32.46,31.39,32.45,10251571,329356060.23,2.5074,1.3113
2023-10-27,32.48,32.55,31.68,32.13,8817299,282758319.03,2.1566,-0.9861
2023-10-30,31.92,33.0,31.55,32.74,11069990,359059314.23,2.7076,1.8985
2023-10-31,32.72,33.27,32.5,33.07,12956766,427802741.91,3.1691,1.0079
2023-11-01,32.93,35.13,32.69,33.8,22674806,767394256.46,5.546,2.2074
2023-11-02,33.43,36.29,33.05,34.83,40990447,1437742162.73,10.0257,3.0473
2023-11-03,35.5,38.31,35.5,38.31,40623979,1540140539.38,9.9361,9.9914
2023-11-06,37.55,37.55,36.11,36.89,57399001,2104176289.15,14.0391,-3.7066
2023-11-07,36.44,36.44,35.3,35.77,41810906,1492431172.1,10.2264,-3.0361
2023-11-08,35.78,36.63,35.63,35.98,33481420,1206804970.51,8.1891,0.5871
2023-11-09,35.7,35.9,34.0,34.35,32522064,1128672888.27,7.9545,-4.5303
2023-11-10,34.36,34.8,34.1,34.44,17790303,612605451.59,4.3513,0.262
2023-11-13,34.22,35.24,34.21,35.05,19599213,683163502.81,4.7937,1.7712
2023-11-14,34.81,34.98,34.5,34.84,16642447,577744144.96,4.0705,-0.5991
2023-11-15,35.01,35.28,34.5,35.13,17734337,619755144.92,4.3243,0.8324
2023-11-16,35.39,36.45,35.21,35.57,33005380,1184454274.86,8.0479,1.2525
2023-11-17,35.56,35.56,34.33,34.92,17949857,625767442.11,4.3768,-1.8274
2023-11-20,34.7,35.37,34.58,35.27,16449549,575294796.32,4.011,1.0023
2023-11-21,35.01,35.17,34.05,34.27,18791550,648279090.14,4.5821,-2.8353
2023-11-22,34.28,34.52,33.63,33.63,12132649,413257709.18,2.9584,-1.8675
2023-11-23,33.5,34.27,33.33,34.01,10452668,353379790.61,2.5487,1.1299
2023-11-24,33.81,34.0,33.32,33.39,8601358,288887405.7,2.0973,-1.823
2023-11-27,33.16,33.76,33.13,33.7,6939300,232883179.63,1.6921,0.9284
2023-11-28,33.66,33.86,33.4,33.77,5911529,198922525.28,1.4414,0.2077
2023-11-29,33.85,33.98,33.51,33.57,6139801,207199510.89,1.4971,-0.5922
2023-11-30,33.47,33.51,32.82,33.28,8147465,270057832.96,1.9866,-0.8639
2023-12-01,33.21,33.35,32.91,33.31,6198717,205554225.39,1.5115,0.0901
2023-12-04,33.39,33.57,33.11,33.17,6366262,212109504.23,1.5523,-0.4203
2023-12-05,33.11,33.11,32.18,32.19,8614698,280201204.36,2.1006,-2.9545
2023-12-06,32.1,32.26,31.76,31.87,6739482,215467260.65,1.6433,-0.9941
2023-12-07,31.87,32.07,31.66,31.96,5446022,173400522.47,1.3279,0.2824
2023-12-08,31.96,32.23,31.85,31.87,5545362,177410782.66,1.3522,-0.2816
2023-12-11,31.77,32.34,31.56,32.3,5732359,183519050.23,1.3978,1.3492
2023-12-12,32.23,32.59,32.21,32.45,5504519,178555590.36,1.3422,0.4644
2023-12-13,32.45,32.52,32.0,32.05,4497511,145075264.08,1.0967,-1.2327
2023-12-14,32.06,32.27,31.76,31.76,4035700,129106722.0,0.984,-0.9048
2023-12-15,31.75,31.93,31.43,31.54,4006607,126768593.17,0.977,-0.6927
2023-12-18,31.52,31.52,30.95,31.01,3880087,120924741.28,0.9461,-1.6804
2023-12-19,30.93,31.18,30.82,31.11,2786404,86478418.01,0.6794,0.3225
2023-12-20,31.1,31.17,30.51,30.55,3683554,113367691.36,0.8982,-1.8001
2023-12-21,30.33,30.9,30.2,30.77,3747597,114530812.34,0.9138,0.7201
2023-12-22,30.77,31.05,30.55,30.68,4787703,147488275.85,1.1674,-0.2925
2023-12-25,30.57,31.05,30.46,30.98,3214912,99387297.92,0.7839,0.9778
2023-12-26,30.87,30.94,30.3,30.41,3416687,104114112.88,0.8331,-1.8399
2023-12-27,30.42,30.75,30.39,30.68,2914244,89144412.8,0.7106,0.8879
2023-12-28,30.67,31.35,30.48,31.2,5547566,172305274.65,1.3527,1.6949
2023-12-29,31.32,31.68,31.2,31.58,5017520,157967349.4,1.2235,1.2179
2024-01-02,31.61,31.95,31.28,31.29,5038602,159321694.96,1.2286,-0.9183
2024-01-03,31.29,31.44,31.0,31.16,3353039,104561572.68,0.8176,-0.4155
2024-01-04,31.16,31.37,30.81,30.97,3153991,98092869.28,0.7691,-0.6098
2024-01-05,31.1,31.1,30.27,30.45,4223212,129331946.48,1.0298,-1.679
2024-01-08,30.41,30.42,29.79,29.89,3730251,111747938.43,0.9096,-1.8391
2024-01-09,29.95,30.14,29.45,29.72,3745888,111744919.48,0.9134,-0.5688
2024-01-10,29.53,29.72,28.79,28.99,4606664,134455250.6,1.1233,-2.4563
2024-01-11,28.89,29.68,28.88,29.6,3491440,102590572.92,0.8513,2.1042
2024-01-12,29.63,30.39,29.53,30.1,6433313,193047887.89,1.5687,1.6892
2024-01-15,29.79,29.89,29.28,29.47,3821412,112890145.11,0.9318,-2.093
2024-01-16,29.89,29.89,29.05,29.46,2633935,77340244.9,0.6422,-0.0339
2024-01-17,29.45,29.55,28.79,28.79,2497586,72800437.83,0.6089,-2.2743
2024-01-18,28.31,28.59,27.57,28.45,6060975,169706922.38,1.4777,-1.181
2024-01-19,28.44,28.79,28.1,28.25,3773437,107360422.98,0.92,-0.703
2024-01-22,28.26,28.26,26.18,26.4,6189881,168630192.31,1.5091,-6.5487
2024-01-23,26.39,26.88,26.01,26.64,4547501,120855747.61,1.1087,0.9091
2024-01-24,26.7,26.85,25.1,26.29,16248230,420063647.62,3.6799,-1.3138
2024-01-25,26.28,27.17,26.04,27.16,11027714,295051917.22,2.4976,3.3092
2024-01-26,27.14,27.31,26.78,26.87,6143053,165695630.58,1.3913,-1.0677
2024-01-29,26.84,27.1,26.16,26.18,4774559,126482655.08,1.0813,-2.5679
2024-01-30,26.11,26.63,25.71,25.72,5581931,146138703.8,1.2642,-1.7571
2024-01-31,25.65,25.65,24.2,24.28,7586454,188757939.75,1.7182,-5.5988
2024-02-01,24.46,24.84,24.13,24.33,5726069,139979922.98,1.2968,0.2059
2024-02-02,24.3,24.59,22.14,23.04,10621627,247431308.61,2.4056,-5.3021
2024-02-05,23.04,23.09,21.01,21.35,10833120,237250152.96,2.4535,-7.3351
2024-02-06,21.28,23.45,21.01,23.2,11297960,253519237.68,2.5588,8.6651
2024-02-07,23.26,24.73,23.25,24.4,12663500,308284911.56,2.868,5.1724
2024-02-08,24.51,25.89,24.51,24.95,12108360,306480834.79,2.7423,2.2541
2024-02-19,25.25,25.75,25.1,25.49,10403767,264466625.36,2.3562,2.1643
2024-02-20,25.4,25.7,24.89,25.6,6589149,166822298.83,1.4923,0.4315
2024-02-21,25.49,26.35,25.14,25.66,8163594,210807687.39,1.8489,0.2344
2024-02-22,25.66,26.29,25.6,26.2,7356004,191701926.34,1.666,2.1044
2024-02-23,26.21,26.66,26.07,26.57,8491096,223995428.43,1.9231,1.4122
2024-02-26,26.6,27.33,26.48,26.88,8711644,234371392.42,1.973,1.1667
2024-02-27,26.8,28.25,26.7,28.2,13610404,376528726.72,3.0825,4.9107
2024-02-28,28.33,28.4,26.45,26.47,16189948,447127452.75,3.6667,-6.1348
2024-02-29,26.11,27.53,26.08,27.49,10474035,284791457.27,2.3722,3.8534
2024-03-01,27.49,28.22,27.4,28.16,11081486,309319187.81,2.5097,2.4372
2024-03-04,28.2,28.43,27.74,28.06,8402661,235707700.3,1.903,-0.3551
2024-03-05,28.05,28.3,27.75,27.91,7586093,212714429.18,1.7181,-0.5346
2024-03-06,27.8,28.05,27.31,27.85,7597883,210483533.27,1.7208,-0.215
2024-03-07,27.82,28.13,27.14,27.14,6737106,186018034.2,1.5258,-2.5494
2024-03-08,27.14,28.32,27.01,27.84,9363513,258912524.29,2.1206,2.5792
2024-03-11,27.78,28.0,27.43,27.99,6849838,190327174.1,1.5514,0.5388
2024-03-12,28.01,28.57,27.89,28.29,8900080,251348369.82,2.0157,1.0718
2024-03-13,28.31,29.19,28.25,28.87,12707276,365622254.41,2.8779,2.0502
2024-03-14,28.7,28.76,27.93,28.21,7941154,225148829.86,1.7985,-2.2861
2024-03-15,28.2,29.0,28.04,29.0,10386295,296991616.98,2.3523,2.8004
2024-03-18,29.02,29.45,28.8,29.42,13194050,385195807.4,2.9882,1.4483
2024-03-19,29.21,30.15,29.13,29.54,14985997,444281255.82,3.394,0.4079
2024-03-20,29.37,30.18,29.29,30.05,14318236,426552200.9,3.2428,1.7265
2024-03-21,30.9,31.44,30.2,30.7,25629614,790984630.86,5.8046,2.1631
2024-03-22,30.3,30.67,29.68,29.9,16448950,494656661.85,3.7254,-2.6059
2024-03-25,29.76,31.64,29.6,30.27,18620308,575567747.49,4.2171,1.2375
2024-03-26,31.64,33.3,31.64,33.3,63912050,2114572291.2,14.4748,10.0099
2024-03-27,32.8,32.8,29.97,29.98,65092588,1976525398.29,14.7422,-9.97
2024-03-28,29.0,32.98,29.0,32.28,66106183,2072001786.59,14.9717,7.6718
2024-03-29,31.39,32.34,30.5,31.95,46777059,1471167348.71,10.5941,-1.0223
2024-04-01,32.03,32.18,31.03,31.51,31805174,1002492829.37,7.2032,-1.3772
2024-04-02,31.41,33.0,31.32,32.64,46007523,1482956408.27,10.4198,3.5862
2024-04-03,32.17,33.55,30.96,32.64,43683116,1410238370.86,9.8934,0.0
2024-04-08,32.0,32.03,30.55,30.63,27517286,858694325.9,6.2321,-6.1581
2024-04-09,30.4,31.12,29.53,29.89,18356143,552801612.12,4.1573,-2.4159
2024-04-10,29.61,29.73,28.29,28.83,20323966,586146630.53,4.603,-3.5463
2024-04-11,28.58,29.14,28.22,28.29,12205978,349396199.49,2.7644,-1.873
2024-04-12,28.35,28.84,28.35,28.44,9111288,260157074.14,2.0635,0.5302
2024-04-15,28.22,29.06,27.56,28.77,13275452,378049226.62,3.0066,1.1603
2024-04-16,28.38,28.6,26.38,26.39,16040736,436985514.44,3.6329,-8.2725
2024-04-17,26.8,27.87,26.8,27.69,11414487,314276956.39,2.5852,4.9261
2024-04-18,27.69,28.58,27.49,28.11,12434563,349628385.8,2.8162,1.5168
2024-04-19,27.87,29.68,27.79,29.03,18535048,532801798.17,4.1978,3.2729
2024-04-22,29.14,29.36,28.3,28.73,12544849,362380016.11,2.8412,-1.0334
2024-04-23,28.43,29.07,28.28,28.28,9879755,282385677.25,2.2376,-1.5663
2024-04-24,28.26,29.31,28.1,29.31,15114326,439125184.02,3.4231,3.6421
2024-04-25,27.55,27.94,26.68,27.22,22078475,604019313.7,5.0003,-7.1307
2024-04-26,27.17,27.88,27.12,27.58,14100485,389320071.47,3.1935,1.3226
2024-04-29,27.6,29.09,27.6,28.69,14240337,404744334.68,3.2252,4.0247
2024-04-30,28.79,28.87,27.72,27.8,10541289,295741601.64,2.3874,-3.1021
2024-05-06,28.03,28.55,28.02,28.2,9288245,262920513.96,2.1036,1.4388
2024-05-07,28.25,29.37,27.96,28.8,15861358,455853836.11,3.5923,2.1277
2024-05-08,28.51,29.68,28.12,29.09,16871025,485779068.82,3.8209,1.0069
2024-05-09,28.55,29.18,28.53,29.08,13560936,391586577.59,3.0713,-0.0344
2024-05-10,28.93,29.36,28.59,28.7,10480730,302835992.94,2.3737,-1.3067
2024-05-13,28.4,28.4,27.5,27.77,10172882,282692300.64,2.304,-3.2404
2024-05-14,27.79,28.09,27.65,27.8,5168874,143876034.95,1.1706,0.108
2024-05-15,27.75,27.91,27.3,27.44,6074000,167692751.0,1.3756,-1.295
2024-05-16,27.51,27.9,27.24,27.3,6501379,179287930.4,1.4724,-0.5102
2024-05-17,27.5,27.83,27.21,27.8,7381141,203842104.46,1.6717,1.8315
2024-05-20,27.58,28.3,27.58,27.98,6857139,192155501.97,1.553,0.6475
2024-05-21,27.99,28.08,27.47,27.62,5052018,139753012.98,1.1442,-1.2866
2024-05-22,27.56,27.71,27.28,27.38,6153003,168580588.7,1.3935,-0.8689
2024-05-23,27.38,27.5,26.97,27.01,7406424,201519724.69,1.6774,-1.3514
2024-05-24,27.05,27.15,26.45,26.5,7170805,191170520.4,1.624,-1.8882
2024-05-27,26.5,26.76,25.92,26.75,6337659,166354597.36,1.4354,0.9434
2024-05-28,26.79,27.15,26.52,26.75,5229728,140587987.22,1.1844,0.0
2024-05-29,27.12,27.42,26.51,26.7,5008100,134629572.0,1.1342,-0.1869
2024-05-30,26.5,26.92,26.26,26.77,4937499,131934321.14,1.1182,0.2622
2024-05-31,25.18,25.9,25.09,25.65,12851700,329110060.93,2.9107,-3.6439
2024-06-03,25.61,26.01,25.27,25.45,6581314,168183229.86,1.4905,-0.7797
2024-06-04,25.35,25.64,25.2,25.61,4786668,121916746.55,1.0841,0.6287
2024-06-05,25.62,26.71,25.62,25.96,9876960,259131940.39,2.2369,1.3667
2024-06-06,25.9,26.02,25.01,25.07,9008014,228289269.17,2.0401,-3.4284
2024-06-07,25.07,25.41,24.87,25.17,5086522,127691277.14,1.152,0.3989
2024-06-11,25.17,25.58,24.85,25.53,6061715,153398373.95,1.3729,1.4303
2024-06-12,25.63,25.76,25.42,25.55,4878811,124791806.22,1.105,0.0783
2024-06-13,25.6,25.75,25.31,25.43,4808661,122623670.13,1.0891,-0.4697
2024-06-14,25.3,25.66,25.23,25.59,4996869,127308324.15,1.1317,0.6292
2024-06-17,25.58,25.87,25.42,25.6,4715327,121135591.68,1.0679,0.0391
2024-06-18,25.63,26.09,25.51,25.99,6828658,176992158.18,1.5466,1.5234
2024-06-19,26.29,26.49,25.9,25.98,6632523,172992451.13,1.5021,-0.0385
2024-06-20,25.75,25.88,25.19,25.21,6816101,174069332.9,1.5437,-2.9638
2024-06-21,25.21,25.32,24.88,25.11,3863466,96899276.54,0.875,-0.3967
2024-06-24,24.99,25.0,24.0,24.04,6546129,160157405.26,1.4826,-4.2613
2024-06-25,24.04,24.18,23.4,23.67,5471108,130181212.67,1.2391,-1.5391
2024-06-26,23.67,24.6,23.42,24.59,6004663,144464445.57,1.3599,3.8868
2024-06-27,24.55,24.55,23.84,23.87,4101300,99086901.0,0.9289,-2.928
2024-06-28,23.85,24.56,23.78,24.18,4823400,117245583.26,1.0924,1.2987
2024-07-01,24.18,24.45,23.91,24.39,3929826,95109566.54,0.89,0.8685
2024-07-02,24.4,24.53,24.2,24.28,3323500,80967680.0,0.7527,-0.451
2024-07-03,24.29,24.38,23.98,24.06,2564228,61842091.4,0.5807,-0.9061
2024-07-04,24.0,24.19,23.53,23.58,3260620,77611110.55,0.7385,-1.995
2024-07-05,23.5,23.87,23.25,23.73,3101000,73073114.59,0.7023,0.6361
2024-07-08,23.7,23.7,22.92,23.02,4147517,96568286.5,0.9393,-2.992
2024-07-09,22.99,23.73,22.85,23.65,5127405,119712359.78,1.1613,2.7368
2024-07-10,23.2,23.77,22.65,23.5,6849425,159901983.0,1.5513,-0.6342
2024-07-11,23.79,24.16,23.77,24.06,5159839,123886026.22,1.1686,2.383
2024-07-12,24.0,24.24,23.82,24.19,4331307,104202714.59,0.981,0.5403
2024-07-15,25.5,26.03,24.96,25.19,17919984,456690643.78,4.0585,4.1339
2024-07-16,24.67,25.63,24.55,25.3,11504712,289260939.9,2.6056,0.4367
2024-07-17,25.11,25.27,24.81,24.81,6208257,154940176.36,1.406,-1.9368
2024-07-18,24.54,25.09,24.32,24.98,6163229,152790745.28,1.3958,0.6852
2024-07-19,24.89,25.3,24.8,25.15,5198103,130661757.98,1.1773,0.6805
2024-07-22,25.24,25.42,24.95,25.12,4717177,118645566.03,1.0683,-0.1193
2024-07-23,25.08,25.08,24.44,24.49,3853400,95481337.0,0.8727,-2.508
2024-07-24,24.47,24.74,24.19,24.21,4051288,98923549.3,0.9175,-1.1433
2024-07-25,24.5,24.5,23.95,24.14,3162087,76485203.32,0.7161,-0.2891
2024-07-26,24.2,24.98,24.2,24.9,5714170,141385531.27,1.2941,3.1483
2024-07-29,24.8,25.6,24.79,25.35,7087400,179193423.0,1.6052,1.8072
2024-07-30,25.38,26.74,25.3,26.14,16716800,437098582.73,3.786,3.1164
2024-07-31,26.56,26.56,25.7,26.2,14512777,377613723.08,3.2869,0.2295
2024-08-01,26.14,26.72,26.01,26.33,12019936,317941207.59,2.7223,0.4962
2024-08-02,26.0,27.11,25.86,26.03,14871459,394109183.14,3.3681,-1.1394
2024-08-05,25.64,26.56,24.93,24.93,11061531,283262899.92,2.5052,-4.2259
2024-08-06,25.3,25.9,24.95,25.44,7730940,195890798.24,1.7509,2.0457
2024-08-07,25.62,26.71,25.61,26.25,14812693,388727833.15,3.3548,3.184
2024-08-08,26.05,26.05,25.28,25.35,9915475,252850290.45,2.2457,-3.4286
2024-08-09,25.36,25.49,24.91,24.95,5479376,137839930.4,1.241,-1.5779
2024-08-12,24.76,24.85,24.27,24.42,5252400,128473688.0,1.1896,-2.1242
2024-08-13,24.4,24.59,24.23,24.56,3177600,77570612.0,0.7197,0.5733
2024-08-14,24.56,24.56,24.3,24.33,2635401,64288307.4,0.5969,-0.9365
2024-08-15,24.25,24.89,24.13,24.47,4624600,113545003.0,1.0474,0.5754
2024-08-16,24.38,24.53,24.08,24.08,4315895,104732889.5,0.9775,-1.5938
2024-08-19,24.09,24.44,24.01,24.26,2981019,72366512.2,0.6751,0.7475
2024-08-20,24.31,24.35,23.82,23.97,3175150,76180788.0,0.7191,-1.1954
2024-08-21,23.8,24.07,23.67,23.73,2246680,53625161.0,0.5088,-1.0013
2024-08-22,23.72,23.88,23.35,23.4,3381011,79744628.43,0.7657,-1.3906
2024-08-23,23.4,23.6,23.26,23.51,2766350,64814788.5,0.6265,0.4701
2024-08-26,23.51,23.65,23.31,23.41,2145751,50364209.38,0.486,-0.4254
2024-08-27,23.41,23.41,22.88,23.04,3188700,73486132.0,0.7222,-1.5805
2024-08-28,23.12,23.25,22.97,22.99,2435255,56183319.0,0.5515,-0.217
2024-08-29,22.99,23.43,22.88,23.28,3195300,74149050.0,0.7237,1.2614
2024-08-30,23.25,23.9,23.25,23.58,5508519,130313481.01,1.2476,1.2887
2024-09-02,23.58,23.65,23.06,23.07,3872593,90335741.3,0.8771,-2.1628
2024-09-03,23.2,23.42,23.06,23.37,3448400,80262381.0,0.781,1.3004
2024-09-04,23.18,23.6,23.13,23.44,3500850,82062223.0,0.7929,0.2995
2024-09-05,23.49,23.88,23.49,23.69,3740791,88610120.78,0.8472,1.0666
2024-09-06,23.7,23.77,23.13,23.17,3594150,83921215.0,0.814,-2.195
2024-09-09,23.17,23.25,22.91,22.95,2750174,63351484.54,0.6229,-0.9495
2024-09-10,23.0,23.16,22.51,22.92,3962732,90236069.8,0.8975,-0.1307
2024-09-11,22.79,22.98,22.66,22.76,2635200,60087409.0,0.5968,-0.6981
2024-09-12,22.76,22.98,22.6,22.62,2666100,60740133.0,0.6038,-0.6151
2024-09-13,22.62,22.7,22.4,22.46,2471389,55695186.16,0.5597,-0.7073
2024-09-18,22.46,22.56,22.13,22.48,2666629,59598940.25,0.6039,0.089
2024-09-19,22.78,22.89,22.32,22.67,5189091,117584813.71,1.1752,0.8452
2024-09-20,23.29,23.76,22.81,23.17,10530086,245256492.27,2.3849,2.2056
2024-09-23,22.87,23.28,22.82,23.07,6208384,143021467.41,1.4061,-0.4316
2024-09-24,23.11,23.52,22.7,23.52,11002859,255050246.46,2.4919,1.9506
2024-09-25,23.73,24.11,23.61,23.65,10411770,248260703.75,2.3581,0.5527
2024-09-26,23.58,24.16,23.48,24.15,10117049,241471290.31,2.2913,2.1142
2024-09-27,24.32,25.6,24.32,25.37,15598312,389822188.68,3.5327,5.0518
2024-09-30,26.23,27.91,26.14,27.9,29953751,816545201.97,6.7839,9.9724
2024-10-08,30.69,30.69,28.13,30.67,37136595,1115358060.12,8.4107,9.9283
2024-10-09,30.3,30.3,27.73,27.82,25696946,742355804.8,5.8198,-9.2925
2024-10-10,27.83,29.03,27.61,28.06,17990953,510051340.48,4.0746,0.8627
2024-10-11,28.01,28.01,26.18,26.6,14639013,394184655.25,3.3154,-5.2031
2024-10-14,26.75,27.85,26.55,27.72,15472318,422555139.6,3.5042,4.2105
2024-10-15,27.65,28.13,27.06,27.32,13210716,365204045.91,2.992,-1.443
2024-10-16,27.11,27.3,26.63,26.9,9842554,265597520.15,2.2223,-1.5373
2024-10-17,27.0,27.62,26.89,26.92,10582283,288033759.89,2.3893,0.0743
2024-10-18,26.92,28.48,26.72,27.89,18619998,515480275.42,4.204,3.6033
2024-10-21,28.4,29.68,28.24,29.25,26611745,776061656.76,6.0084,4.8763
2024-10-22,29.25,29.35,28.5,28.78,15519625,446627203.8,3.504,-1.6068
2024-10-23,28.8,29.68,28.73,28.99,17257484,504641637.59,3.8964,0.7297
2024-10-24,28.88,28.94,28.2,28.37,9841569,279997694.9,2.222,-2.1387
2024-10-25,27.9,28.53,27.89,28.2,12026985,339511891.62,2.7155,-0.5992
2024-10-28,28.21,28.66,28.12,28.34,10842786,307091570.23,2.4481,0.4965
2024-10-29,28.34,28.75,27.9,27.92,11784775,332077708.79,2.6608,-1.482
2024-10-30,27.88,28.25,27.71,28.0,9231712,258188270.08,2.0843,0.2865
2024-10-31,28.0,28.5,27.5,28.31,13945070,391594004.39,3.1485,1.1071
2024-11-01,28.29,28.29,26.94,27.03,14498654,396726452.05,3.2735,-4.5214
2024-11-04,27.04,28.1,27.04,27.8,10710552,296791687.82,2.4182,2.8487
2024-11-05,27.77,28.99,27.74,28.72,16694931,477299837.13,3.7694,3.3094
2024-11-06,29.08,29.77,28.61,29.06,24065123,702321208.44,5.4334,1.1838
2024-11-07,29.01,29.86,28.65,29.55,19552637,573069351.41,4.4146,1.6862
2024-11-08,29.56,31.99,29.42,30.73,39496474,1219730854.42,8.9176,3.9932
2024-11-11,30.99,31.85,30.46,31.46,31844067,996194511.36,7.1898,2.3755
2024-11-12,31.22,32.23,30.87,31.15,37254165,1171612260.36,8.4113,-0.9854
2024-11-13,30.81,31.6,30.49,30.95,22597761,701289309.13,5.1021,-0.6421
2024-11-14,30.8,30.91,29.91,29.93,15261253,463454398.78,3.4457,-3.2956
2024-11-15,29.78,30.3,29.02,29.07,12731832,376591004.73,2.8746,-2.8734
2024-11-18,29.04,29.29,28.01,28.17,13705780,390025058.87,3.0945,-3.096
2024-11-19,28.21,29.51,28.21,29.25,17666421,509056122.64,3.9887,3.8339
2024-11-20,29.0,29.93,28.8,29.69,13981053,413150100.19,3.1567,1.5043
2024-11-21,29.39,30.68,29.31,30.36,20386688,617750654.94,4.6029,2.2567
2024-11-22,30.19,30.19,28.78,28.83,14651754,432686776.89,3.3081,-5.0395
2024-11-25,28.83,29.0,28.02,28.7,11743601,334362015.8,2.6515,-0.4509
2024-11-26,28.67,28.99,28.22,28.25,6829356,194889140.82,1.5419,-1.5679
2024-11-27,28.25,29.31,27.76,29.23,13779505,396144932.02,3.1112,3.469
2024-11-28,29.29,30.49,29.2,29.48,16953009,502371650.01,3.8277,0.8553
2024-11-29,29.5,30.08,29.13,29.7,16384800,487146245.56,3.6994,0.7463
2024-12-02,29.58,29.84,29.38,29.66,12175816,361046609.36,2.7491,-0.1347
2024-12-03,29.65,29.65,28.92,29.18,10191399,298093739.86,2.301,-1.6183
2024-12-04,29.18,29.46,28.11,28.24,18550140,527594816.15,4.1883,-3.2214
2024-12-05,28.24,28.88,28.12,28.69,8772253,250188439.02,1.9806,1.5935
2024-12-06,28.88,29.31,28.59,28.97,11480030,332169787.43,2.592,0.9759
2024-12-09,28.7,28.88,28.34,28.5,7903668,225994282.5,1.7845,-1.6224
2024-12-10,29.25,29.38,28.86,29.03,14727778,429070037.3,3.3253,1.8596
2024-12-11,29.01,30.15,28.92,29.58,14104169,414257760.47,3.1845,1.8946
2024-12-12,29.5,29.97,29.29,29.72,11438450,338658451.0,2.5826,0.4733
2024-12-13,29.53,29.58,28.93,28.97,11170920,326453936.79,2.5222,-2.5236
2024-12-16,28.87,28.97,28.3,28.4,9212699,262951714.4,2.0801,-1.9676
2024-12-17,28.4,28.66,27.83,27.91,9960692,280150057.19,2.2489,-1.7254
2024-12-18,28.05,28.27,27.78,28.12,5777200,162136949.0,1.3044,0.7524
2024-12-19,27.89,28.31,27.74,28.24,6135328,172006082.69,1.3852,0.4267
2024-12-20,28.25,28.54,28.07,28.31,6126475,173540065.46,1.3832,0.2479
2024-12-23,28.28,28.39,27.52,27.54,7444205,207367319.9,1.6808,-2.7199
2024-12-24,27.65,27.78,27.23,27.67,5310475,146234799.15,1.199,0.472
2024-12-25,27.68,27.7,27.0,27.19,5581751,152168610.21,1.2603,-1.7347
2024-12-26,27.25,27.6,27.17,27.48,4779748,131529610.52,1.0792,1.0666
2024-12-27,27.6,28.09,27.42,27.63,6580101,183099101.73,1.4857,0.5459
2024-12-30,27.63,27.77,27.22,27.45,4548031,125099281.74,1.0269,-0.6515
2024-12-31,27.45,27.53,26.51,26.54,8357184,224661802.93,1.8869,-3.3151
2025-01-02,26.67,26.67,25.29,25.61,8472525,219563460.16,1.9129,-3.5041
2025-01-03,25.61,25.87,25.18,25.28,6845300,174521363.16,1.5455,-1.2886
2025-01-06,25.28,25.48,25.0,25.07,5241519,131748254.7,1.1834,-0.8307
2025-01-07,25.18,25.49,25.03,25.48,4394296,111079208.66,0.9921,1.6354
2025-01-08,25.4,25.48,24.63,25.21,5299746,132867185.26,1.1966,-1.0597
2025-01-09,25.1,25.57,25.0,25.49,4352877,110457254.92,0.9828,1.1107
2025-01-10,25.44,25.77,25.03,25.06,3895350,99008327.0,0.8795,-1.6869
2025-01-13,24.88,25.27,24.7,25.14,3239736,81020799.6,0.7315,0.3192
2025-01-14,25.26,26.03,25.09,25.91,5612833,144060762.35,1.2673,3.0628
2025-01-15,25.91,25.92,25.53,25.63,4383389,112524250.37,0.9897,-1.0807
2025-01-16,25.15,25.69,24.6,24.95,12066290,302530006.23,2.7243,-2.6531
2025-01-17,24.82,25.08,24.5,24.92,7173593,177601574.87,1.6197,-0.1202
2025-01-20,24.99,25.17,24.77,25.03,4517618,112999474.56,1.02,0.4414
2025-01-21,25.08,25.17,24.79,25.0,4010431,99971858.31,0.9055,-0.1199
2025-01-22,24.91,24.97,24.6,24.86,3624114,89899043.01,0.8183,-0.56
2025-01-23,25.0,25.29,24.66,24.68,6504400,162461353.89,1.4686,-0.7241
2025-01-24,24.66,24.99,24.54,24.94,4914292,122192000.16,1.1096,1.0535
2025-01-27,25.04,25.25,24.68,24.72,3924502,97681376.24,0.8861,-0.8821
2025-02-05,25.0,25.49,24.88,25.29,7291210,184089686.3,1.6462,2.3058
2025-02-06,25.34,25.88,25.11,25.88,7690181,197467938.05,1.7363,2.3329
2025-02-07,25.88,26.46,25.79,26.1,9830145,256925673.1,2.2195,0.8501
2025-02-10,26.26,26.55,26.12,26.47,7885181,208248238.76,1.7803,1.4176
2025-02-11,26.48,26.74,26.08,26.42,8137894,214472654.74,1.8374,-0.1889
2025-02-12,26.4,26.54,26.2,26.5,5857510,154622964.06,1.3225,0.3028
2025-02-13,26.51,26.6,26.1,26.13,6656743,174785553.5,1.503,-1.3962
2025-02-14,26.0,26.24,25.88,26.19,6042312,157609917.63,1.3642,0.2296
2025-02-17,26.2,26.47,26.1,26.18,6453533,169587996.56,1.4571,-0.0382
2025-02-18,26.2,26.27,25.47,25.6,5913800,153206430.2,1.339,-2.2154
2025-02-19,25.6,26.16,25.6,26.16,5877096,152870870.03,1.3307,2.1875
2025-02-20,26.16,26.49,26.01,26.44,6626737,174202771.1,1.5005,1.0703
2025-02-21,26.41,26.66,26.31,26.66,7581637,201038078.01,1.7167,0.8321
2025-02-24,26.64,27.29,26.51,27.05,10864412,293064767.3,2.46,1.4629
2025-02-25,26.92,27.2,26.6,26.98,7626571,205589839.31,1.7269,-0.2588
2025-02-26,26.98,27.22,26.88,27.11,7076396,191585629.22,1.6023,0.4818
2025-02-27,27.01,27.32,26.5,26.86,8329353,223252406.81,1.886,-0.9222
2025-02-28,26.6,26.85,26.02,26.06,7494718,197373781.23,1.697,-2.9784
2025-03-03,26.04,26.53,25.9,26.08,6128347,161070150.76,1.3876,0.0767
2025-03-04,26.07,26.97,25.96,26.77,8179487,217450647.4,1.852,2.6457
2025-03-05,26.75,27.1,26.58,26.98,8309573,223555317.76,1.8815,0.7845
2025-03-06,27.2,27.21,26.8,26.99,7837022,211823720.12,1.7745,0.0371
2025-03-07,27.1,27.49,26.88,27.1,10452310,284354479.62,2.3667,0.4076
2025-03-10,27.12,27.5,27.0,27.12,7251510,197109266.88,1.6419,0.0738
2025-03-11,27.02,27.85,26.84,27.63,12034519,330356268.39,2.7249,1.8805
2025-03-12,27.64,27.89,27.39,27.45,7892423,217378395.24,1.7871,-0.6515
2025-03-13,27.35,27.47,26.91,27.2,6513003,176553522.35,1.4747,-0.9107
2025-03-14,27.19,27.31,26.9,27.26,7289452,198042984.84,1.6505,0.2206
2025-03-17,27.27,27.34,27.01,27.05,5826150,158198988.0,1.3192,-0.7704
2025-03-18,27.08,27.24,26.92,26.98,5219246,140965890.26,1.1818,-0.2588
2025-03-19,27.12,27.14,26.7,26.76,5461655,146450045.39,1.2367,-0.8154
2025-03-20,26.69,27.0,26.53,26.74,5286430,141585332.1,1.197,-0.0747
2025-03-21,26.53,27.02,26.48,26.54,6859505,182998464.25,1.5532,-0.7479
2025-03-24,26.68,26.74,25.43,25.88,9802110,253942263.88,2.2195,-2.4868
2025-03-25,25.88,26.3,25.71,25.91,5466180,142338697.2,1.2377,0.1159
2025-03-26,25.91,26.06,25.73,25.81,3517313,91103186.18,0.7964,-0.386
2025-03-27,25.66,25.99,25.2,25.88,5811124,149238365.62,1.3158,0.2712
2025-03-28,25.88,26.0,25.58,25.61,3322079,85445759.56,0.7522,-1.0433
2025-03-31,25.49,25.71,25.1,25.31,4619500,117251122.12,1.046,-1.1714
2025-04-01,25.41,25.81,25.36,25.58,3510605,89781403.83,0.7949,1.0668
2025-04-02,25.59,25.76,25.41,25.52,2727000,69669625.26,0.6175,-0.2346
2025-04-03,25.4,25.73,25.32,25.47,3428763,87460836.23,0.7764,-0.1959
2025-04-07,24.5,24.89,22.92,22.92,11013467,259000864.52,2.4937,-10.0118
2025-04-08,22.59,23.62,22.59,23.17,9493489,220407379.22,2.1496,1.0908
2025-04-09,23.18,24.75,22.83,24.45,12076102,290349847.72,2.7343,5.5244
2025-04-10,24.6,24.9,24.24,24.45,8236647,202681011.09,1.865,0.0
2025-04-11,24.25,26.9,24.2,26.9,18243732,479022337.99,4.1309,10.0204
2025-04-14,26.9,26.9,26.19,26.33,19888748,526232753.56,4.5033,-2.119
2025-04-15,26.19,26.37,25.67,25.69,8489599,219288492.26,1.9223,-2.4307
2025-04-16,25.62,25.86,25.01,25.37,7563799,192073835.84,1.7126,-1.2456
2025-04-17,25.16,25.68,25.08,25.39,5255027,133837405.5,1.1899,0.0788
2025-04-18,25.47,26.01,25.25,25.42,6066511,155201489.26,1.3736,0.1182
2025-04-21,25.5,26.08,25.36,25.81,7180508,184770858.31,1.6259,1.5342
2025-04-22,25.7,25.77,25.48,25.54,4776528,122356134.0,1.0815,-1.0461
2025-04-23,25.65,26.44,25.58,26.09,10810830,281024482.52,2.4479,2.1535
2025-04-24,26.0,26.4,25.76,25.87,7284405,189506041.99,1.6494,-0.8432
2025-04-25,25.99,26.1,25.71,25.77,4298637,111354801.67,0.9733,-0.3865
2025-04-28,25.9,26.31,25.47,25.49,3789731,97347519.17,0.8581,-1.0865
2025-04-29,25.49,25.67,25.35,25.55,2580236,65907422.88,0.5842,0.2354
2025-04-30,25.53,25.76,25.52,25.55,3302794,84600412.7,0.7478,0.0
2025-05-06,25.69,25.91,25.66,25.9,5063332,130755472.47,1.1465,1.3699
2025-05-07,26.27,26.78,25.96,26.6,13422239,353947828.86,3.0391,2.7027
2025-05-08,26.5,27.35,26.3,27.18,15445922,414338973.36,3.4974,2.1805
2025-05-09,27.24,27.32,26.55,26.95,10711489,287810295.34,2.4254,-0.8462
2025-05-12,27.0,28.22,26.7,27.58,19183094,529124416.01,4.3436,2.3377
2025-05-13,27.6,27.73,26.82,26.9,12540408,340609708.55,2.8395,-2.4656
2025-05-14,26.88,27.04,26.62,26.77,7373629,197500443.81,1.6696,-0.4833
2025-05-15,26.78,26.92,26.21,26.27,6756650,178828740.34,1.5299,-1.8678
2025-05-16,26.23,26.86,26.23,26.28,5679456,150660159.46,1.286,0.0381
2025-05-19,26.86,27.18,26.6,26.99,11371520,306218095.02,2.5748,2.7017
2025-05-20,27.17,27.25,26.77,26.86,7162750,192909693.45,1.6218,-0.4817
2025-05-21,26.87,27.95,26.87,27.25,13600785,373800697.65,3.0796,1.452
2025-05-22,27.02,27.7,26.9,27.09,9536350,260132610.95,2.1593,-0.5872
2025-05-23,26.95,27.15,26.51,26.53,7580200,202864163.5,1.7164,-2.0672
2025-05-26,26.52,26.89,26.4,26.87,4973377,132624902.78,1.1261,1.2816
2025-05-27,26.86,27.44,26.56,27.27,8025201,216917514.82,1.8171,1.4886
2025-05-28,27.2,27.4,26.95,27.24,5542102,150653624.58,1.2549,-0.11
2025-05-29,27.09,27.76,27.06,27.7,10948141,301822036.26,2.4789,1.6887
2025-05-30,27.56,28.18,27.4,27.8,13114814,364650145.55,2.9695,0.361
2025-06-03,27.8,28.25,27.61,27.68,13176200,368128166.02,2.9834,-0.4317
2025-06-04,27.54,27.98,27.37,27.49,8892765,244881814.2,2.0136,-0.6864
2025-06-05,27.5,27.64,27.23,27.51,6756655,185406273.24,1.5299,0.0728
2025-06-06,27.58,27.68,27.2,27.22,5913055,161902576.23,1.3389,-1.0542
2025-06-09,27.25,27.53,27.25,27.48,6830848,187330809.34,1.5467,0.9552
2025-06-10,27.48,27.81,27.11,27.2,8451870,231481667.35,1.9137,-1.0189
2025-06-11,27.2,27.35,27.06,27.17,5273001,143381715.15,1.1939,-0.1103
2025-06-12,27.11,27.12,26.7,26.71,6673511,179307459.69,1.5111,-1.693
2025-06-13,26.81,26.95,26.2,26.49,15478521,410036781.68,3.5047,-0.8237
2025-06-16,26.49,27.03,25.95,26.95,9333942,249341087.68,2.1134,1.7365
2025-06-17,26.9,27.09,26.62,27.07,6282200,168801623.12,1.4225,0.4453
2025-06-18,26.99,27.24,26.83,27.13,6793300,184013500.0,1.5382,0.2216
2025-06-19,27.11,27.11,26.57,26.76,5708672,152833578.83,1.2926,-1.3638
2025-06-20,26.74,26.76,26.44,26.49,4655469,123746819.51,1.0541,-1.009
2025-06-23,26.6,27.57,26.58,27.49,13838160,376799197.08,3.1333,3.775
2025-06-24,27.2,27.43,27.03,27.35,9044803,246811400.31,2.048,-0.5093
2025-06-25,27.35,28.06,27.3,28.01,19155933,533046827.23,4.3374,2.4132
2025-06-26,27.97,28.81,27.8,28.04,21900803,619533354.78,4.9589,0.1071
2025-06-27,27.98,28.4,27.94,27.98,13576336,381680341.35,3.074,-0.214
2025-06-30,28.13,28.78,28.06,28.69,17810107,508989059.95,4.0327,2.5375
2025-07-01,28.69,28.7,28.3,28.45,11181977,318447457.99,2.5319,-0.8365
2025-07-02,28.4,28.4,27.89,28.0,10250491,287765126.72,2.321,-1.5817
2025-07-03,27.93,28.88,27.9,28.31,12057000,342825018.1,2.73,1.1071
2025-07-04,28.2,28.3,27.82,27.96,8534459,239129978.2,1.9271,-1.2363
2025-07-07,27.89,27.97,27.65,27.8,5272721,146526075.69,1.1906,-0.5722
2025-07-08,27.79,27.89,27.71,27.77,7623873,211884493.49,1.7215,-0.1079
2025-07-09,27.75,27.88,27.58,27.68,7502912,208065484.53,1.6942,-0.3241
2025-07-10,27.56,27.7,27.36,27.6,7183850,197621945.0,1.6221,-0.289
2025-07-11,27.63,27.89,27.56,27.78,7594182,210756241.5,1.7148,0.6522
2025-07-14,27.74,27.79,27.5,27.57,5600000,154661205.0,1.2645,-0.7559
2025-07-15,27.6,27.99,27.26,27.41,7931497,218363712.78,1.7909,-0.5803
2025-07-16,27.4,27.65,27.35,27.61,5397300,148678885.5,1.2187,0.7297
2025-07-17,27.61,28.0,27.5,28.0,7973500,221877398.5,1.8004,1.4125
2025-07-18,28.0,28.2,27.82,28.1,8143557,228436136.2,1.8388,0.3571
2025-07-21,28.11,28.26,28.01,28.19,6959850,195910494.23,1.5715,0.3203
2025-07-22,28.2,28.49,28.01,28.1,9053266,255571159.88,2.0442,-0.3193
2025-07-23,28.01,28.34,27.87,28.05,8953853,251217541.92,2.0218,-0.1779
2025-07-24,28.01,28.49,27.91,28.42,9770078,276319361.02,2.2061,1.3191
2025-07-25,28.42,28.68,28.3,28.48,9853345,280461636.92,2.2249,0.2111
2025-07-28,28.47,28.78,28.35,28.66,9442391,270428010.7,2.1321,0.632
2025-07-29,28.67,29.35,28.48,29.35,19120368,554487252.86,4.3174,2.4075
2025-07-30,29.35,32.29,29.21,31.4,73698792,2328544826.54,16.6413,6.9847
2025-07-31,30.85,31.2,30.0,30.15,46040064,1406603962.43,10.3959,-3.9809
2025-08-01,30.35,30.4,29.5,29.67,21414145,637612427.83,4.8353,-1.592
2025-08-04,29.6,30.28,29.57,30.08,24174086,724698361.99,5.4585,1.3819
2025-08-05,30.43,31.13,30.39,30.57,29414262,902189208.24,6.6418,1.629
2025-08-06,30.3,31.11,30.3,30.89,26708514,823479812.12,6.0308,1.0468
2025-08-07,30.8,30.99,30.37,30.76,17265744,529217600.27,3.8986,-0.4208
2025-08-08,30.69,31.13,30.53,30.58,18168998,559753585.2,4.1026,-0.5852
2025-08-11,30.58,31.09,30.46,30.87,17094883,527381519.68,3.86,0.9483
2025-08-12,30.8,30.94,30.17,30.52,16755244,510336291.81,3.7834,-1.1338
2025-08-13,30.49,30.85,30.3,30.56,13404227,409655249.29,3.0267,0.1311
2025-08-14,30.56,30.6,29.74,29.82,15311004,460206339.13,3.4572,-2.4215
2025-08-15,29.82,30.26,29.74,30.21,12375965,371434095.65,2.7945,1.3078
2025-08-18,30.3,30.78,30.22,30.63,16621515,507892068.23,3.7532,1.3903
2025-08-19,30.99,31.21,30.3,30.41,14314699,437671683.13,3.2323,-0.7183
2025-08-20,30.41,31.58,30.28,31.48,32035314,998648750.91,7.2336,3.5186
2025-08-21,31.51,32.2,30.95,31.28,22973794,720824046.6,5.1875,-0.6353
2025-08-22,31.11,31.82,31.04,31.79,20270779,637394635.51,4.5772,1.6304
2025-08-25,32.0,33.98,31.71,33.08,44455374,1449966220.14,10.0381,4.0579
2025-08-26,33.45,33.75,32.6,32.66,30437228,1006394067.01,6.8735,-1.2696
2025-08-27,32.67,32.98,31.8,31.8,25721217,834187957.07,5.8085,-2.6332
2025-08-28,32.87,34.14,32.06,33.06,49515876,1645353100.27,11.182,3.9623
2025-08-29,33.02,33.76,32.62,32.96,32931381,1090865654.3,7.4368,-0.3025
2025-09-01,33.03,33.1,32.18,32.5,21821624,708557734.11,4.9279,-1.3956
2025-09-02,33.49,33.85,32.05,32.84,34241887,1125075928.81,7.7327,1.0462
2025-09-03,32.5,32.51,30.08,30.25,33363818,1030595077.85,7.5344,-7.8867
2025-09-04,30.26,30.3,28.5,29.0,27139344,797157493.68,6.1288,-4.1322
2025-09-05,29.07,29.36,28.73,29.3,14492253,421490868.12,3.2727,1.0345
2025-09-08,29.49,30.73,29.24,30.51,22602514,676547552.81,5.1042,4.1297
2025-09-09,30.34,30.38,29.51,29.61,14676532,438568770.39,3.3143,-2.9499
2025-09-10,29.6,30.3,29.52,29.78,11284319,338058223.1,2.5483,0.5741
2025-09-11,29.65,30.18,29.4,30.17,13905983,415998108.5,3.1403,1.3096
2025-09-12,30.18,30.45,29.96,30.0,12184731,368037188.97,2.7516,-0.5635
2025-09-15,30.04,30.1,29.69,29.77,8685960,258904049.42,1.9615,-0.7667
2025-09-16,29.78,30.1,29.58,29.92,8726732,260489860.34,1.9707,0.5039
2025-09-17,29.92,29.92,29.53,29.68,8799069,261231535.43,1.9871,-0.8021
2025-09-18,29.68,30.2,29.07,29.33,16240738,482832004.94,3.6676,-1.1792
2025-09-19,29.35,30.08,29.34,29.41,9761228,289469710.39,2.2043,0.2728
2025-09-22,29.41,29.53,29.06,29.33,7879409,230784549.28,1.7794,-0.272
2025-09-23,29.33,29.44,28.41,29.0,12533970,360974604.94,2.8305,-1.1251
2025-09-24,28.99,29.53,28.63,29.53,10459204,305783433.06,2.362,1.8276
2025-09-25,29.98,30.68,29.82,30.09,17940960,540148382.87,4.0515,1.8964
2025-09-26,29.96,30.25,29.54,29.58,9624659,287470264.84,2.1735,-1.6949
2025-09-29,29.61,29.7,28.96,29.44,9695713,283738478.25,2.1895,-0.4733
2025-09-30,29.56,29.99,29.46,29.92,9550159,284995113.44,2.1567,1.6304
2025-10-09,30.0,30.3,29.8,30.19,13332411,401462453.96,3.0108,0.9024
2025-10-10,30.18,30.18,29.7,29.75,10164870,303749070.45,2.2955,-1.4574
2025-10-13,28.96,30.14,28.8,30.12,12555717,373122267.06,2.8354,1.2437
2025-10-14,30.13,30.55,29.64,29.7,13224100,397032489.99,2.9863,-1.3944
2025-10-15,29.66,29.99,29.28,29.98,8837898,262931751.06,1.9958,0.9428
2025-10-16,29.9,30.01,29.41,29.48,7834669,231994458.97,1.7693,-1.6678
2025-10-17,29.9,30.4,29.04,29.08,16656429,495614136.85,3.7615,-1.3569
2025-10-20,29.45,30.08,29.35,29.71,12646053,375988143.02,2.8558,2.1664
2025-10-21,29.6,30.15,29.59,29.72,8232700,244992904.32,1.8592,0.0337
2025-10-22,29.52,29.68,29.1,29.28,9605600,281360195.5,2.1692,-1.4805
2025-10-23,29.08,29.2,28.6,29.1,8260011,238009449.9,1.8653,-0.6148
2025-10-24,29.3,30.26,29.28,29.99,17742583,531861655.3,4.0067,3.0584
2025-10-27,30.2,30.58,29.91,30.55,19199514,581395460.6,4.3357,1.8673
2025-10-28,30.35,30.95,30.28,30.74,15363887,471489547.22,3.4696,0.6219
2025-10-29,30.8,31.1,30.54,30.82,12311054,378962391.44,2.7802,0.2602
2025-10-30,30.83,30.85,30.43,30.44,11115694,340214129.2,2.5102,-1.233
2025-10-31,30.4,30.5,29.99,30.11,10611573,320202374.48,2.3964,-1.0841
2025-11-03,30.01,30.9,29.81,30.79,15096411,459155999.78,3.4092,2.2584
2025-11-04,30.7,30.72,29.98,30.23,9250661,280049661.96,2.089,-1.8188
2025-11-05,30.2,30.35,29.85,30.08,7913538,238199611.88,1.7871,-0.4962
2025-11-06,30.31,30.43,29.89,30.06,8859877,266371691.09,2.0008,-0.0665
2025-11-07,30.0,30.6,29.8,30.45,14265365,432597082.42,3.2215,1.2974
2025-11-10,30.4,30.78,30.24,30.57,11374785,347176140.76,2.5687,0.3941
2025-11-11,30.66,30.84,30.06,30.09,10717325,325623231.09,2.4203,-1.5702
2025-11-12,30.06,30.8,29.53,30.43,12755564,382690489.77,2.8805,1.1299
2025-11-13,30.27,31.0,29.89,30.81,18564145,570632221.27,4.1923,1.2488
2025-11-14,30.61,30.86,30.33,30.35,9234800,282555395.62,2.0855,-1.493
2025-11-17,30.37,30.81,30.2,30.64,10999037,335598695.28,2.4839,0.9555
2025-11-18,30.41,30.5,29.82,30.25,10550215,317509952.6,2.3825,-1.2728
2025-11-19,30.21,30.34,29.66,29.75,8680235,259383041.67,1.9602,-1.6529
2025-11-20,29.75,30.17,29.66,29.77,6968100,207959835.0,1.5736,0.0672
2025-11-21,29.45,30.13,28.81,29.03,12919503,377982616.38,2.9176,-2.4857
2025-11-24,29.32,30.59,29.15,30.46,18687313,561338934.65,4.2201,4.9259
2025-11-25,30.66,30.85,30.29,30.54,14474700,443275956.0,3.2688,0.2626
2025-11-26,30.54,30.84,30.0,30.05,10673854,322697050.56,2.4104,-1.6045
2025-11-27,29.88,30.76,29.83,30.52,13649000,416538639.0,3.0823,1.5641
2025-11-28,30.6,30.9,30.41,30.77,10556571,323864038.39,2.3839,0.8191
2025-12-01,30.82,31.47,30.82,31.28,15920025,497294640.42,3.5952,1.6575
2025-12-02,31.17,31.3,30.91,31.1,9673096,300735183.54,2.1844,-0.5754
2025-12-03,30.98,31.12,30.35,30.55,12665916,388263831.34,2.8603,-1.7685
2025-12-04,30.34,31.15,30.32,31.05,14266694,440202084.27,3.2218,1.6367
2025-12-05,30.85,31.49,30.73,31.4,17362765,541887114.26,3.921,1.1272
2025-12-08,31.5,32.36,31.41,31.57,27947605,890084882.44,6.3113,0.5414
2025-12-09,31.37,32.13,31.29,31.75,19200059,609234363.42,4.3359,0.5702
2025-12-10,31.6,32.44,31.34,31.98,18171314,579489013.3,4.1036,0.7244
2025-12-11,32.14,32.6,31.77,31.8,22195430,714707005.69,5.0123,-0.5629
2025-12-12,31.57,32.24,31.52,31.64,20064374,639955985.31,4.5311,-0.5031
2025-12-15,31.54,32.2,31.14,31.74,16623284,528081599.35,3.754,0.3161
2025-12-16,32.1,32.76,30.89,32.2,29801658,949379920.61,6.73,1.4493
2025-12-17,32.16,33.0,31.66,32.12,24341417,784854046.83,5.4969,-0.2484
2025-12-18,31.8,32.97,31.66,32.45,29169644,949486204.79,6.5873,1.0274
2025-12-19,32.37,33.39,32.31,33.12,28631172,945798636.74,6.4657,2.0647
2025-12-22,33.9,36.43,33.66,36.43,30327587,1085042650.37,6.8488,9.994
2025-12-23,36.83,37.52,34.17,34.45,80793196,2871637484.47,18.2452,-5.4351
2025-12-24,33.61,37.65,33.61,37.35,79789417,2904574773.29,18.0185,8.418
2025-12-25,36.5,39.93,36.46,38.34,84004118,3210448624.47,18.9703,2.6506
2025-12-26,39.0,42.17,38.34,42.17,114722384,4737074486.91,25.9073,9.9896
2025-12-29,41.0,43.2,40.88,41.72,108076097,4542532907.83,24.4064,-1.0671
2025-12-30,40.35,44.2,39.6,41.3,102058616,4231044016.11,23.0475,-1.0067
2025-12-31,40.33,45.43,40.33,45.43,92749659,4051736937.3,20.9453,10.0
2026-01-05,49.8,49.97,45.49,49.97,118714526,5684711045.21,26.8088,9.9934
2026-01-06,49.98,54.97,49.98,54.97,74803236,3994802076.15,16.8925,10.006
2026-01-07,58.8,60.47,56.58,57.7,147488686,8589423972.81,33.3068,4.9663
2026-01-08,55.88,62.5,53.95,59.69,136867622,7868525618.97,30.9083,3.4489
2026-01-09,59.1,63.19,57.81,60.82,121613821,7352153877.89,27.4636,1.8931
2026-01-12,62.3,66.9,60.82,66.9,117718041,7626503193.06,26.5838,9.9967
2026-01-13,64.0,65.5,60.21,60.21,50952917,3116227363.68,11.5065,-10.0
2026-01-14,54.3,60.22,54.19,54.23,121626049,6759872970.68,27.4663,-9.9319
2026-01-15,52.67,53.9,50.3,52.33,103725470,5379186373.96,23.4239,-3.5036
2026-01-16,52.53,53.2,49.78,49.93,73435382,3741039494.15,16.5836,-4.5863
2026-01-19,49.5,50.48,49.38,49.43,48458989,2417802817.04,10.9433,-1.0014
2026-01-20,49.43,49.95,46.69,47.62,59555166,2852676155.15,13.4491,-3.6617
2026-01-21,47.3,48.44,46.51,46.6,37294213,1763401939.44,8.422,-2.142
2026-01-22,46.61,48.0,46.18,47.54,50444786,2388231649.93,11.3917,2.0172
2026-01-23,47.2,50.42,46.59,49.69,91827937,4507803423.63,20.7371,4.5225
2026-01-26,49.0,49.0,45.02,45.32,73102977,3392842277.58,16.5086,-8.7945
2026-01-27,45.32,46.18,44.39,45.65,39199854,1772389337.28,8.8523,0.7282
2026-01-28,45.7,45.85,44.39,44.63,28825783,1292723463.67,6.5096,-2.2344
2026-01-29,44.37,45.36,44.0,44.34,28272279,1263877278.18,6.3846,-0.6498
2026-01-30,44.29,44.56,43.15,43.67,24824039,1085403930.87,5.6059,-1.5111
2026-02-02,43.86,44.56,43.11,43.94,23135818,1012643221.36,5.2247,0.6183
2026-02-03,43.76,44.98,43.22,44.75,40432971,1794385455.17,9.1308,1.8434
2026-02-04,44.46,45.73,44.07,44.88,34835528,1561116079.47,7.8668,0.2905
2026-02-05,44.0,44.98,43.77,44.27,23955404,1060680467.25,5.4098,-1.3592
2026-02-06,44.54,45.18,43.63,44.11,29180267,1297665380.57,6.5897,-0.3614
2026-02-09,44.72,45.11,44.37,44.99,27425551,1229546323.83,6.1934,1.995
2026-02-10,45.01,45.03,43.69,44.08,20138121,890164756.16,4.5477,-2.0227
2026-02-11,44.6,44.65,43.51,43.55,20165412,887988864.21,4.5539,-1.2024
2026-02-12,43.25,43.78,43.1,43.1,15612625,676570309.65,3.5257,-1.0333
2026-02-13,43.11,43.37,42.52,42.54,14248767,611909562.75,3.2177,-1.2993
2026-02-24,42.96,43.35,42.62,42.65,13897094,597084193.97,3.1383,0.2586
2026-02-25,42.65,43.79,42.4,43.53,17958952,776913310.81,4.0556,2.0633
2026-02-26,43.24,44.05,43.11,43.76,16688552,729257141.06,3.7687,0.5284
2026-02-27,43.88,44.17,43.5,43.8,16040930,702637239.94,3.6225,0.0914
2026-03-02,44.6,47.01,43.75,45.65,80090709,3648683725.69,18.0866,4.2237
2026-03-03,45.4,45.47,41.09,41.09,57334549,2433725592.67,12.9476,-9.989
2026-03-04,40.8,42.17,40.61,41.59,26786034,1116161002.34,6.049,1.2168
2026-03-05,42.16,42.5,41.17,41.88,22504992,938306164.24,5.0822,0.6973
2026-03-06,41.48,42.48,41.35,41.82,17393945,728381205.21,3.928,-0.1433
2026-03-09,42.3,46.0,42.1,44.84,87953504,3936285679.47,19.8622,7.2214
2026-03-10,44.01,44.98,43.51,44.31,57475568,2538124539.43,12.9795,-1.182
2026-03-11,44.44,45.9,44.0,45.65,57241003,2593700530.55,12.9265,3.0241
2026-03-12,45.01,45.1,43.31,43.85,40428134,1783287418.93,9.1297,-3.943
2026-03-13,43.36,48.24,41.95,45.7,67931039,3091482903.81,15.3406,4.2189
2026-03-16,45.75,48.0,45.12,47.99,72457103,3399652214.27,16.3627,5.0109
2026-03-17,48.0,48.01,46.2,46.56,48120669,2248641963.22,10.8669,-2.9798
2026-03-18,47.43,47.7,45.08,47.08,44119399,2047299679.64,9.9633,1.1168
2026-03-19,45.44,46.17,44.5,44.6,32976651,1497017870.33,7.447,-5.2676
2026-03-20,44.76,45.0,40.66,41.18,40598227,1725760151.12,9.1681,-7.6682
2026-03-23,39.38,39.71,37.15,37.61,38475543,1478182413.66,8.6888,-8.6693
2026-03-24,38.12,38.48,36.64,37.94,27897628,1045647142.85,6.3,0.8774
2026-03-25,37.96,38.98,37.96,38.29,24227205,931662012.06,5.4711,0.9225
2026-03-26,39.0,39.28,36.66,36.99,26808750,1004320487.61,6.0542,-3.3951
