日期,开盘,最高,最低,收盘,成交量,成交额,换手率,涨跌幅
2019-01-02,10.73,10.83,10.53,10.54,1216280,12991951.0,2.413254,-1.587302
2019-01-03,10.68,10.75,10.41,10.44,1222060,12919721.0,2.424722,-0.94877
2019-01-04,10.39,10.67,10.28,10.6,1673860,17651215.0,3.321151,1.532575
2019-01-07,10.6,10.83,10.6,10.76,1636755,17589978.61,3.24753,1.509433
2019-01-08,10.72,10.85,10.67,10.82,1450868,15647817.8,2.878706,0.557616
2019-01-09,10.81,11.12,10.7,10.73,2075240,22572194.6,4.11754,-0.831794
2019-01-10,10.83,10.87,10.72,10.8,1305660,14083760.52,2.590595,0.652383
2019-01-11,10.82,11.09,10.76,10.92,1890680,20632491.8,3.751349,1.11111
2019-01-14,10.93,10.93,10.61,10.63,1641060,17612958.6,3.256071,-2.655677
2019-01-15,10.7,10.84,10.57,10.81,1467560,15712167.8,2.911825,1.693324
2019-01-16,10.89,10.98,10.81,10.89,1891960,20623829.2,3.753889,0.740055
2019-01-17,10.92,10.92,10.73,10.75,1180520,12741986.0,2.342302,-1.285586
2019-01-18,10.9,10.9,10.7,10.83,1214500,13094537.0,2.409722,0.744185
2019-01-21,10.84,10.95,10.74,10.87,1288940,13948783.8,2.557421,0.369344
2019-01-22,10.8,10.84,10.6,10.66,1277220,13670531.0,2.534167,-1.931923
2019-01-23,10.7,10.72,10.51,10.56,971280,10297478.0,1.927143,-0.938081
2019-01-24,10.65,10.73,10.55,10.61,1071153,11414737.75,2.125304,0.473478
2019-01-25,10.58,10.7,10.37,10.4,1204080,12754264.0,2.389048,-1.979265
2019-01-28,10.52,10.67,10.36,10.4,1292140,13623806.6,2.56377,0.0
2019-01-29,10.31,10.4,9.89,10.1,1485680,15013158.6,2.947778,-2.884608
2019-01-30,10.1,10.16,9.8,9.81,1134960,11339630.6,2.251905,-2.871287
2019-01-31,9.81,10.0,9.6,9.6,1165120,11448627.6,2.311746,-2.140673
2019-02-01,9.72,9.96,9.72,9.94,776300,7679644.0,1.540278,3.541658
2019-02-11,10.01,10.23,9.9,10.21,1022960,10373874.6,2.029683,2.716302
2019-02-12,10.24,10.46,10.18,10.33,1325920,13634219.6,2.630794,1.175317
2019-02-13,10.4,10.47,10.26,10.41,1389180,14453111.0,2.75631,0.774443
2019-02-14,10.51,10.6,10.31,10.41,1409260,14771218.2,2.796151,0.0
2019-02-15,10.47,10.48,10.3,10.39,1440240,15005303.8,2.857619,-0.192118
2019-02-18,10.5,10.71,10.42,10.71,1799880,19117396.2,3.57119,3.079881
2019-02-19,10.81,10.83,10.52,10.69,2181500,23324986.2,4.179119,-0.186746
2019-02-20,10.73,11.4,10.54,10.99,4480440,48948156.4,8.583218,2.806363
2019-02-21,10.85,11.66,10.71,11.47,8195530,91269765.2,15.700249,4.367611
2019-02-22,11.21,12.62,11.19,12.62,11220180,135549106.4,21.494598,10.02615
2019-02-25,13.0,13.3,12.2,12.76,18766478,238148910.05,35.951107,1.109353
2019-02-26,12.48,12.68,12.25,12.3,9381460,116353800.0,17.972146,-3.605016
2019-02-27,12.1,12.96,12.07,12.41,8933654,111406827.94,17.11428,0.894306
2019-02-28,12.45,12.8,12.02,12.03,8044560,99067610.4,15.189787,-3.062048
2019-03-01,12.06,12.15,11.83,11.96,3324040,39721812.6,6.276473,-0.581876
2019-03-04,11.95,12.26,11.95,12.09,5314960,64314457.8,10.03574,1.086957
2019-03-05,11.96,12.35,11.95,12.3,5116460,62384524.2,9.660931,1.736973
2019-03-06,12.4,12.49,12.17,12.38,5373900,66302022.4,10.147031,0.650406
2019-03-07,12.36,12.68,12.21,12.55,6971700,86872780.4,13.164007,1.373183
2019-03-08,12.1,12.39,11.59,11.64,5658300,68288945.2,10.684037,-7.250995
2019-03-11,11.67,12.14,11.67,12.14,2968580,35510206.2,5.605291,4.295532
2019-03-12,12.25,12.62,12.18,12.4,6157900,76278511.6,11.627384,2.141675
2019-03-13,12.38,12.56,12.11,12.12,3919940,48393189.2,7.401655,-2.258062
2019-03-14,12.07,12.29,11.72,11.8,2899580,34599909.4,5.475005,-2.640261
2019-03-15,11.8,12.29,11.74,11.88,3421800,41045466.2,6.461064,0.677965
2019-03-18,11.93,12.24,11.82,12.24,3296100,39697976.6,6.223716,3.0303
2019-03-19,12.28,12.44,12.15,12.43,5281220,65041470.4,9.972032,1.552292
2019-03-20,12.4,12.56,12.2,12.49,4292680,53102130.2,8.105465,0.482699
2019-03-21,12.49,12.83,12.42,12.47,4639220,58371079.4,8.759804,-0.160124
2019-03-22,12.5,12.88,12.32,12.81,5330720,67506826.6,10.065498,2.726545
2019-03-25,12.65,12.79,12.45,12.7,3448880,43557867.0,6.512196,-0.858709
2019-03-26,12.75,12.76,12.18,12.43,3334900,41393842.6,6.296979,-2.12598
2019-03-27,12.77,13.6,12.43,13.4,9274895,121200191.45,17.512913,7.803695
2019-03-28,13.03,14.0,13.03,13.78,11010195,149467334.2,20.789518,2.835822
2019-03-29,13.58,13.96,13.32,13.78,7050934,96298518.18,13.313617,0.0
2019-04-01,13.78,14.4,13.6,14.06,13301713,185585285.99,25.116376,2.031935
2019-04-02,14.05,14.19,13.75,13.91,9442320,131586603.2,17.829046,-1.06686
2019-04-03,13.75,14.2,13.52,14.0,7767880,107676263.2,14.667359,0.647018
2019-04-04,14.08,15.4,13.96,14.68,16253459,237177668.42,30.689881,4.857145
2019-04-08,14.72,15.0,14.43,14.85,14147359,208165923.02,26.71313,1.158039
2019-04-09,14.71,15.08,14.45,14.67,10101279,148397138.42,19.073297,-1.212123
2019-04-10,14.41,16.14,14.14,16.14,15163514,230481385.81,28.63184,10.02044
2019-04-11,16.39,17.5,15.91,15.91,23601315,395206786.71,44.564147,-1.425028
2019-04-12,15.43,17.5,15.3,17.5,24321776,398194365.26,45.924526,9.993715
2019-04-15,17.4,18.01,16.97,17.4,23367076,409959869.05,44.121856,-0.571431
2019-04-16,17.4,17.87,17.1,17.63,18933574,330526312.8,35.75049,1.321836
2019-04-17,17.87,18.02,16.35,17.5,18976255,330528520.82,35.831081,-0.737375
2019-04-18,17.33,17.81,17.24,17.32,17374471,304133312.29,32.806582,-1.028573
2019-04-19,17.32,17.93,17.2,17.32,16666158,291959336.44,31.469141,0.0
2019-04-22,17.34,18.1,17.34,17.48,18815983,331926245.63,35.528454,0.923787
2019-04-23,17.0,18.05,16.15,17.33,20628088,358391717.86,38.950082,-0.858121
2019-04-24,17.35,17.39,16.89,16.9,9656496,165175118.8,18.233455,-2.481248
2019-04-25,17.02,17.13,15.21,15.21,13708608,222731072.37,25.884677,-9.999998
2019-04-26,14.6,15.34,14.58,15.17,10621848,159207123.36,20.056238,-0.262985
2019-04-29,15.25,15.49,14.31,14.51,12115457,180946360.67,22.87648,-4.350691
2019-04-30,14.73,14.85,13.7,14.4,12044219,171508312.3,22.741968,-0.758102
2019-05-06,14.08,14.08,12.96,13.5,8178311,108906446.66,15.442337,-6.249998
2019-05-07,13.69,13.69,12.88,13.1,8667225,114979884.38,16.365507,-2.96296
2019-05-08,12.8,13.34,12.22,13.19,8090998,103642910.33,15.277472,0.687017
2019-05-09,12.92,13.25,12.6,12.6,6035320,77830693.67,11.395928,-4.47308
2019-05-10,12.73,13.27,12.7,13.21,8047189,104527275.47,15.194751,4.841267
2019-05-13,13.08,14.35,12.85,13.83,10799367,146334995.72,20.391431,4.693413
2019-05-14,13.44,13.83,13.32,13.39,6510613,88309099.88,12.293379,-3.181487
2019-05-15,13.55,13.66,13.37,13.57,5076100,68635160.4,9.584723,1.344282
2019-05-16,13.48,13.8,13.38,13.48,4912686,66568260.12,9.276164,-0.663229
2019-05-17,13.55,13.57,12.3,12.56,6637894,85806597.78,12.533712,-6.82492
2019-05-20,12.58,12.7,11.55,12.2,5709079,69010436.8,10.779918,-2.866247
2019-05-21,12.32,13.2,12.3,12.94,7272620,93601290.8,13.732206,6.065572
2019-05-22,13.16,13.55,12.92,13.01,6028260,79680885.8,11.388619,0.540963
2019-05-23,13.08,13.28,12.68,12.78,4500432,58695901.16,8.502238,-1.767875
2019-05-24,13.12,13.4,12.82,13.05,4682158,61333373.96,8.845556,2.11268
2019-05-27,13.09,13.16,12.61,13.14,5091006,65859549.73,9.617954,0.689656
2019-05-28,12.96,13.39,12.91,12.91,4291806,56436574.74,8.108101,-1.750384
2019-05-29,12.83,13.09,12.83,12.95,3239656,41989505.94,6.120374,0.309837
2019-05-30,12.97,13.19,12.83,12.96,3075506,39967548.96,5.810261,0.077222
2019-05-31,13.09,13.43,12.96,13.26,5074117,67229243.78,9.586047,2.314816
2019-06-03,13.22,13.88,13.18,13.67,7265039,98795717.88,13.725148,3.092005
2019-06-04,13.55,13.63,12.77,12.96,5490100,72524116.0,10.371924,-5.193855
2019-06-05,13.0,13.17,12.71,12.71,3167139,41010094.11,5.983375,-1.929012
2019-06-06,12.7,12.77,12.01,12.2,3601240,44421862.6,6.80348,-4.01259
2019-06-10,12.3,12.54,12.1,12.34,2423220,29881231.0,4.577959,1.147544
2019-06-11,12.38,12.95,12.33,12.91,3786980,48107312.2,7.154381,4.619123
2019-06-12,12.94,13.02,12.78,12.87,3246554,41812254.32,6.133406,-0.309837
2019-06-13,12.94,13.44,12.77,13.18,5301552,69857238.28,10.015718,2.408706
2019-06-14,13.2,13.37,12.68,12.68,3945905,51460346.51,7.454623,-3.793627
2019-06-17,12.72,13.08,12.5,12.69,2998034,38297808.48,5.663901,0.475055
2019-06-18,12.6,12.82,12.51,12.64,1862040,23553678.8,3.517775,-0.394005
2019-06-19,12.84,13.04,12.83,12.84,2816120,36346416.0,5.320228,1.582277
2019-06-20,12.82,13.28,12.61,13.11,3666160,47646120.6,6.926128,2.1028
2019-06-21,13.21,13.34,13.05,13.07,3658604,48279719.4,6.911853,-0.30511
2019-06-24,13.06,14.31,13.06,14.1,9808562,135409019.16,18.530384,7.880648
2019-06-25,13.78,13.83,13.22,13.35,7185535,96544328.77,13.574948,-5.319149
2019-06-26,13.0,13.2,13.0,13.14,2956300,38752665.0,5.585057,-1.573034
2019-06-27,13.15,13.24,13.04,13.08,2783808,36536094.3,5.259184,-0.456624
2019-06-28,13.08,13.08,12.53,12.66,3197640,40702631.05,6.040997,-3.21101
2019-07-01,12.85,12.99,12.82,12.93,2796100,36123413.0,5.282406,2.132705
2019-07-02,13.03,13.03,12.86,13.0,2834195,36642863.25,5.354375,0.541374
2019-07-03,13.0,13.53,12.8,13.38,6636495,88234606.85,12.537699,2.923078
2019-07-04,13.37,13.43,13.11,13.35,3722700,49427875.4,7.032943,-0.224213
2019-07-05,13.25,13.47,13.1,13.39,3415791,45353138.87,6.453129,0.299625
2019-07-08,13.34,13.35,12.75,12.75,3206055,41472984.75,6.056895,-4.779689
2019-07-09,12.72,12.97,12.72,12.87,1695829,21761945.65,3.203769,0.941176
2019-07-10,12.78,13.13,12.78,12.89,2198040,28544551.4,4.152548,0.155404
2019-07-11,12.95,13.51,12.94,13.35,4281743,56431724.08,8.08909,3.568658
2019-07-12,13.7,13.7,13.15,13.21,5784877,77743987.74,10.928818,-1.048692
2019-07-15,13.09,13.96,13.09,13.72,5939540,80291261.28,11.221008,3.860713
2019-07-16,13.67,13.76,13.43,13.58,4552060,61730159.16,8.599774,-1.020411
2019-07-17,13.49,13.61,13.35,13.37,3800540,51097188.0,7.179999,-1.546392
2019-07-18,13.38,13.38,12.98,13.1,2775090,36443367.88,5.242714,-2.019443
2019-07-19,13.1,13.39,13.1,13.2,2454539,32552071.15,4.637127,0.763354
2019-07-22,13.2,13.26,12.55,12.58,3593117,45797596.56,6.788134,-4.696969
2019-07-23,12.5,12.93,12.5,12.85,1985484,25321991.12,3.750986,2.146267
2019-07-24,13.0,13.19,12.87,13.1,2434160,31849884.2,4.598627,1.945525
2019-07-25,13.13,13.54,13.13,13.37,3873784,51695534.08,7.318372,2.061065
2019-07-26,13.3,13.88,13.26,13.67,6622840,90168065.72,12.5119,2.2438
2019-07-29,13.77,13.95,13.58,13.89,6202040,85362656.2,11.716925,1.609365
2019-07-30,13.81,14.13,13.8,13.85,6397980,89219971.4,12.0871,-0.288
2019-07-31,13.8,13.8,13.42,13.46,7606480,103454197.2,14.3702,-2.8159
2019-08-01,13.6,14.81,13.5,13.95,12201467,172667944.94,23.0511,3.6404
2019-08-02,13.48,13.55,13.05,13.4,7797543,104300531.2,14.7312,-3.9427
2019-08-05,13.1,13.39,12.85,12.86,5257504,68904600.19,9.9325,-4.0299
2019-08-06,12.48,12.59,12.02,12.24,5445744,67133350.72,10.2881,-4.8212
2019-08-07,12.35,12.52,12.27,12.34,3477280,43103469.0,6.5693,0.817
2019-08-08,12.34,12.44,12.22,12.29,2764624,34005855.4,5.2229,-0.4052
2019-08-09,12.4,12.4,11.7,11.84,3972185,47739819.5,7.5043,-3.6615
2019-08-12,11.83,12.1,11.83,12.1,2154578,25752683.8,4.0704,2.1959
2019-08-13,12.03,12.09,11.9,11.94,1739825,20806357.0,3.2869,-1.3223
2019-08-14,12.09,12.2,12.03,12.1,2018364,24463801.44,3.8131,1.34
2019-08-15,11.83,12.16,11.6,12.16,2627944,31221152.12,4.9647,0.4959
2019-08-16,12.16,12.2,12.03,12.08,2070600,25078409.02,3.9118,-0.6579
2019-08-19,12.21,12.45,12.15,12.4,3354878,41420866.9,6.3381,2.649
2019-08-20,12.58,12.77,12.33,12.46,3526180,44145896.2,6.6617,0.4839
2019-08-21,12.4,12.46,12.3,12.32,1859564,22979908.6,3.5131,-1.1236
2019-08-22,12.32,12.58,12.32,12.45,2589060,32232269.8,4.8913,1.0552
2019-08-23,12.5,12.59,12.4,12.46,2203720,27522591.8,4.1633,0.0803
2019-08-26,12.01,12.31,12.01,12.19,2367800,28839143.8,4.4733,-2.1669
2019-08-27,12.19,12.73,12.19,12.45,3250369,40586167.86,6.1406,2.1329
2019-08-28,12.54,12.63,12.43,12.48,1749940,21874137.4,3.306,0.241
2019-08-29,12.45,12.62,12.33,12.39,1928600,23954768.0,3.6435,-0.7211
2019-08-30,12.5,12.68,12.32,12.36,3042300,38075119.0,5.7475,-0.2421
2019-09-02,12.29,12.56,12.23,12.51,2985591,37163529.52,5.6404,1.2136
2019-09-03,12.51,12.63,12.34,12.58,2770563,34722763.77,5.2342,0.5595
2019-09-04,12.59,12.76,12.5,12.63,3342732,42094453.32,6.3151,0.3975
2019-09-05,12.67,12.79,12.6,12.72,4194947,53316285.71,7.9251,0.7126
2019-09-06,12.73,12.77,12.54,12.67,2524424,31949417.08,4.7692,-0.3931
2019-09-09,12.78,12.86,12.68,12.81,3282708,41983063.63,6.2017,1.105
2019-09-10,12.81,12.98,12.79,12.93,2766692,35655578.06,5.2268,0.9368
2019-09-11,13.0,13.19,12.74,12.75,2971242,38462075.82,5.6133,-1.3921
2019-09-12,12.83,12.95,12.69,12.85,2080860,26675577.8,3.9312,0.7843
2019-09-16,12.86,13.11,12.86,12.97,2893840,37619224.4,5.4671,0.9339
2019-09-17,13.0,13.0,12.53,12.63,2618688,33386694.29,4.9472,-2.6214
2019-09-18,12.63,13.51,12.61,13.01,6867468,90425384.18,12.9741,3.0087
2019-09-19,13.03,13.12,12.79,13.06,4049117,52395283.42,7.6496,0.3843
2019-09-20,13.08,13.43,13.08,13.38,5680381,75360221.67,10.7314,2.4502
2019-09-23,13.26,13.27,12.93,13.1,3440049,44918361.61,6.499,-2.0927
2019-09-24,13.09,13.16,12.95,12.97,2572900,33593114.0,4.8607,-0.9924
2019-09-25,12.96,13.09,12.75,12.75,2535072,32665812.24,4.7893,-1.6962
2019-09-26,12.77,12.88,12.27,12.33,2685320,33440127.8,5.0731,-3.2941
2019-09-27,12.3,12.46,12.28,12.39,1557840,19291444.4,2.9431,0.4866
2019-09-30,12.39,12.56,12.35,12.37,1216590,15113472.68,2.2984,-0.1614
2019-10-08,12.42,12.72,12.36,12.6,1846980,23156864.8,3.4893,1.8593
2019-10-09,12.57,12.85,12.47,12.85,2070441,26278107.08,3.9115,1.9841
2019-10-10,12.86,13.21,12.82,13.19,3874961,50705511.96,7.3206,2.6459
2019-10-11,13.19,13.27,13.02,13.1,4139491,54473968.77,7.8203,-0.6823
2019-10-14,13.22,13.55,13.13,13.46,5302800,71007266.02,10.0181,2.7481
2019-10-15,13.39,13.55,13.19,13.42,4062140,54212151.8,7.6742,-0.2972
2019-10-16,13.44,13.72,13.37,13.53,5621736,76069202.44,10.6206,0.8197
2019-10-17,13.76,13.78,13.11,13.18,5509501,73245661.2,10.4086,-2.5868
2019-10-18,13.19,13.23,12.85,12.94,3517767,45961308.04,6.6458,-1.8209
2019-10-21,12.78,13.15,12.73,13.03,2578449,33421342.52,4.8712,0.6955
2019-10-22,13.04,13.4,13.0,13.34,3600836,47631746.84,6.8027,2.3791
2019-10-23,13.44,13.55,13.21,13.29,2807580,37586569.8,5.3041,-0.3748
2019-10-24,13.29,13.55,13.22,13.28,1992240,26625411.22,3.7637,-0.0752
2019-10-25,13.35,13.38,13.09,13.38,1884902,24997260.68,3.561,0.753
2019-10-28,13.29,13.43,13.11,13.35,2498108,33170354.28,4.7194,-0.2242
2019-10-29,13.33,13.33,13.06,13.09,1572860,20734389.8,2.9715,-1.9476
2019-10-30,12.98,13.13,12.62,12.75,2254569,28908013.07,4.2593,-2.5974
2019-10-31,12.75,12.85,12.49,12.69,1460000,18482605.0,2.7582,-0.4706
2019-11-01,12.66,12.75,12.5,12.65,2239900,28331366.76,4.2316,-0.3152
2019-11-04,12.62,12.74,12.59,12.64,1515000,19161590.0,2.8621,-0.079
2019-11-05,12.63,12.77,12.48,12.73,1523760,19231616.2,2.8787,0.712
2019-11-06,12.76,13.12,12.62,13.01,2997367,38658092.16,5.6626,2.1995
2019-11-07,13.0,13.58,12.92,13.3,4723394,62487880.06,8.9235,2.2291
2019-11-08,13.3,13.36,13.15,13.2,2553760,33830302.4,4.8246,-0.7519
2019-11-11,13.06,13.34,13.02,13.08,2896160,38259239.4,5.4714,-0.9091
2019-11-12,13.25,13.29,12.85,13.1,2376900,31117560.6,4.4905,0.1529
2019-11-13,13.14,13.55,13.01,13.47,4786860,64163738.4,9.0434,2.8244
2019-11-14,13.47,13.68,13.2,13.49,5466398,73522871.66,10.3271,0.1485
2019-11-15,13.46,13.68,13.37,13.44,3299517,44661218.74,6.2335,-0.3706
2019-11-18,13.46,13.74,13.42,13.7,3225585,43905294.2,6.0938,1.9345
2019-11-19,13.76,13.78,13.52,13.62,3513377,47961614.57,6.6375,-0.5839
2019-11-20,13.52,13.86,13.5,13.69,3047797,41801573.75,5.7579,0.5139
2019-11-21,13.52,13.94,13.51,13.82,3659580,50325459.2,6.9137,0.9496
2019-11-22,13.83,14.82,13.73,14.1,8077000,114346082.97,15.2591,2.0261
2019-11-25,13.8,14.0,13.09,13.32,8010876,107560629.02,15.1342,-5.5319
2019-11-26,13.23,14.45,13.2,14.07,10667141,149659863.12,20.1524,5.6306
2019-11-27,13.89,14.1,13.55,13.8,5840541,81015249.06,11.034,-1.919
2019-11-28,13.72,13.86,13.63,13.69,2490903,34198492.35,4.7058,-0.7971
2019-11-29,13.7,14.05,13.61,13.96,3330320,46276252.2,6.2917,1.9722
2019-12-02,13.96,14.3,13.6,14.12,6150520,86443311.0,11.6196,1.1461
2019-12-03,14.07,14.13,13.81,14.13,3271800,45735734.0,6.1811,0.0708
2019-12-04,14.04,14.31,13.99,14.28,4354963,61773262.83,8.2274,1.0616
2019-12-05,14.28,14.4,14.0,14.2,5291103,75093159.14,9.996,-0.5602
2019-12-06,14.2,14.24,14.02,14.15,3295140,46486800.0,6.2252,-0.3521
2019-12-09,14.22,14.38,14.0,14.3,5026627,71314005.56,9.4963,1.0601
2019-12-10,14.25,14.25,13.91,14.11,4228223,59515586.51,7.988,-1.3287
2019-12-11,14.09,14.16,13.88,13.92,2867600,40208374.01,5.4175,-1.3466
2019-12-12,13.92,14.32,13.86,14.15,4400096,62140621.76,8.3127,1.6523
2019-12-13,14.27,14.56,14.16,14.48,4705240,67612777.6,8.8892,2.3322
2019-12-16,14.56,15.88,14.51,15.42,8439834,129382769.92,15.9446,6.4917
2019-12-17,15.35,16.96,15.28,16.96,8793879,143858780.01,16.6134,9.987
2019-12-18,17.02,17.46,16.63,17.39,8261157,141400122.55,15.607,2.5354
2019-12-19,17.69,17.69,16.86,17.24,5232872,90138663.48,9.886,-0.8626
2019-12-20,17.23,17.56,16.91,17.16,5307509,91572300.89,10.027,-0.464
2019-12-23,17.58,18.6,17.38,18.27,7571000,136842324.6,14.3032,6.4685
2019-12-24,18.1,19.7,18.1,19.7,10237335,193114599.88,19.3404,7.827
2019-12-25,19.3,20.0,19.2,19.2,6558138,127539652.66,12.3897,-2.5381
2019-12-26,19.28,19.64,18.8,19.36,5332580,102319038.6,10.0743,0.8333
2019-12-27,19.4,20.1,18.8,19.48,7583060,148297055.6,14.326,0.6198
2019-12-30,19.45,19.7,19.0,19.5,9029591,174761234.77,17.0587,0.1027
2019-12-31,19.5,19.5,18.58,18.8,6492935,122223706.35,12.2665,-3.5897
2020-01-02,18.86,19.15,18.59,19.06,4678571,88159012.68,8.8388,1.383
2020-01-03,19.05,19.13,18.7,18.88,3178220,60021002.4,6.0043,-0.9444
2020-01-06,18.98,19.96,18.85,19.96,5508295,107826672.83,10.4063,5.7203
2020-01-07,20.15,20.3,19.1,19.58,4274647,84178098.04,8.0757,-1.9038
2020-01-08,19.64,19.77,19.11,19.14,3526450,68081633.6,6.6622,-2.2472
2020-01-09,19.58,20.0,19.23,19.48,8823637,172776073.97,16.6697,1.7764
2020-01-10,19.81,21.43,19.81,21.43,5113684,108636405.48,9.6608,10.0103
2020-01-13,21.8,22.42,21.1,22.38,7879204,172565629.04,14.8854,4.433
2020-01-14,22.03,22.5,21.93,22.28,3312980,73430366.2,6.2589,-0.4468
2020-01-15,22.51,23.08,21.1,21.66,7889860,173792059.6,14.9056,-2.7828
2020-01-16,21.66,22.0,20.85,21.18,3687503,78230944.34,6.9664,-2.2161
2020-01-17,21.48,21.79,21.09,21.18,2723500,58175119.4,5.1452,0.0
2020-01-20,21.45,21.7,20.85,21.15,3829324,80780074.6,7.2344,-0.1416
2020-01-21,21.14,21.98,20.5,21.0,5260200,110022779.7,9.9376,-0.7092
2020-01-22,21.0,21.25,20.68,21.18,2449500,51250488.2,4.6276,0.8571
2020-01-23,21.5,21.59,20.53,21.0,3795100,78963137.23,7.1697,-0.8499
2020-02-03,19.0,19.4,18.9,19.0,8942734,169525297.01,16.8947,-9.5238
2020-02-04,18.08,20.34,18.08,20.25,3777740,75346383.4,7.1369,6.5789
2020-02-05,20.17,21.6,20.17,20.95,2503023,52786317.1,4.6214,3.4568
2020-02-06,20.54,21.39,20.5,20.99,4195160,87576680.2,7.7457,0.1909
2020-02-07,20.85,21.04,20.43,20.6,2404200,49718957.95,1.8624,-1.858
2020-02-10,20.6,21.27,20.6,20.9,2593145,54476973.85,2.0088,1.4563
2020-02-11,20.9,21.6,20.58,21.05,2950763,61550779.69,2.2858,0.7177
2020-02-12,21.29,22.88,21.01,22.55,3790413,83095787.37,2.9363,7.1259
2020-02-13,22.19,23.55,22.19,23.03,4142018,95624366.32,3.2086,2.1286
2020-02-14,22.91,23.48,22.1,22.23,2334194,52934342.88,1.8082,-3.4737
2020-02-17,22.5,22.5,21.6,21.92,2943556,64330719.2,2.2802,-1.3945
2020-02-18,21.92,22.08,21.6,21.92,2835840,61716333.4,2.1968,0.0
2020-02-19,21.99,22.03,21.3,21.31,2723650,58837754.7,2.1099,-2.7828
2020-02-20,21.35,21.75,21.25,21.44,2443980,52477712.8,1.8932,0.61
2020-02-21,21.5,22.1,21.22,21.7,3234800,69938006.2,2.5059,1.2127
2020-02-24,21.54,21.87,21.0,21.35,4038360,86342016.87,3.1062,-1.6129
2020-02-25,21.04,21.27,20.0,21.09,2709960,56570582.2,2.0844,-1.2178
2020-02-26,21.24,21.48,20.82,20.85,2491760,52711494.71,1.9166,-1.138
2020-02-27,20.86,21.4,20.55,20.94,1820381,38194494.21,1.4002,0.4317
2020-02-28,20.88,20.88,19.79,20.0,3246640,65521644.2,2.4972,-4.489
2020-03-02,20.03,21.98,20.03,21.95,4123914,88324955.55,3.172,9.75
2020-03-03,22.34,22.35,21.71,21.98,3537300,77947052.4,2.7208,0.1367
2020-03-04,22.19,23.3,21.88,22.82,4189407,95406597.63,3.2224,3.8217
2020-03-05,22.5,24.22,22.5,23.78,4533999,107096839.2,3.4874,4.2068
2020-03-06,23.8,24.14,23.0,24.01,2748661,65550473.8,2.1142,0.9672
2020-03-09,23.69,24.15,22.61,23.02,4162449,97889035.04,3.2016,-4.1233
2020-03-10,23.37,23.69,22.6,23.49,2850280,66451451.4,2.1924,2.0417
2020-03-11,23.53,24.35,22.68,22.76,3319258,77268027.66,2.5531,-3.1077
2020-03-12,22.8,23.01,21.74,22.04,2974548,65433219.16,2.2879,-3.1634
2020-03-13,21.3,22.19,20.63,22.08,2102768,44804105.24,1.6174,0.1815
2020-03-16,22.75,23.28,21.65,21.86,3275180,74121858.2,2.5192,-0.9964
2020-03-17,22.05,23.2,20.81,23.0,3206821,70338471.27,2.4666,5.215
2020-03-18,23.11,23.69,22.45,22.85,3061842,70336329.6,2.3551,-0.6522
2020-03-19,23.0,23.91,22.37,23.63,8301288,189298269.36,6.3851,3.4136
2020-03-20,24.0,25.99,24.0,25.99,7893148,200368051.92,6.0712,9.9873
2020-03-23,25.3,26.4,24.5,24.56,11239603,283880242.62,8.6452,-5.5021
2020-03-24,24.67,25.8,24.31,25.05,5386500,134465660.0,4.1431,1.9951
2020-03-25,26.0,27.56,24.95,27.56,10666556,282557025.6,8.2044,10.02
2020-03-26,27.78,27.78,26.48,26.65,8688060,232629909.5,6.6826,-3.3019
2020-03-27,26.9,27.53,26.3,26.88,7475087,200712080.72,5.7496,0.863
2020-03-30,26.5,26.64,25.0,25.69,5642080,145978647.4,4.3397,-4.4271
2020-03-31,26.0,27.5,25.81,26.69,5370300,143068405.2,4.1307,3.8926
2020-04-01,26.59,26.59,25.2,26.0,4214660,110029967.04,3.2418,-2.5852
2020-04-02,25.94,28.6,25.8,28.6,8720100,242460167.45,6.7072,10.0
2020-04-03,29.82,31.46,29.2,31.46,5984461,184404436.86,4.6031,10.0
2020-04-07,32.88,34.61,31.78,34.61,9144597,306540223.78,7.0338,10.0127
2020-04-08,35.48,36.41,31.15,32.0,17192772,557782595.0,13.2242,-7.5412
2020-04-09,31.0,31.57,28.8,30.0,12651600,370833078.9,9.7312,-6.25
2020-04-10,28.85,29.5,27.9,28.86,8573420,245907081.8,6.5944,-3.8
2020-04-13,28.5,29.4,27.33,27.46,6739055,190666071.15,5.1835,-4.851
2020-04-14,27.88,27.98,26.14,26.93,6817216,181965888.96,5.2436,-1.9301
2020-04-15,26.9,26.96,26.0,26.3,5023300,132456245.2,3.8638,-2.3394
2020-04-16,26.06,26.7,25.83,26.29,4324580,113543633.05,3.3263,-0.038
2020-04-17,26.35,26.53,25.95,25.96,3281940,85736088.9,2.5244,-1.2552
2020-04-20,26.06,27.28,25.69,27.05,8656578,227782377.58,6.6584,4.1988
2020-04-21,26.7,27.43,26.56,27.13,5529080,149326960.2,4.2528,0.2957
2020-04-22,26.93,27.4,26.71,27.15,4403500,119440034.6,3.387,0.0737
2020-04-23,27.04,27.4,25.41,25.85,8734482,229931514.28,6.7183,-4.7882
2020-04-24,25.99,26.26,23.27,23.27,9884262,242617449.6,7.6027,-9.9807
2020-04-27,22.45,22.75,20.94,20.94,5659620,120636456.2,4.3532,-10.0129
2020-04-28,18.85,19.52,18.85,18.85,17920858,338293471.8,13.7842,-9.9809
2020-04-29,18.2,18.26,16.97,16.97,15871312,276474813.32,12.2077,-9.9735
2020-04-30,16.96,17.27,16.78,16.99,9849032,168291336.87,7.5756,0.1179
2020-05-06,16.85,17.3,16.42,17.2,8935464,151891597.62,6.8729,1.236
2020-05-07,17.39,17.4,16.66,16.82,8475574,143636711.56,6.5192,-2.2093
2020-05-08,16.9,17.18,16.76,17.16,8047957,136798173.32,6.0071,2.0214
2020-05-11,17.25,17.96,17.06,17.65,11446428,200857703.7,8.5437,2.8555
2020-05-12,17.52,17.98,17.48,17.72,9779342,173855427.07,7.2994,0.3966
2020-05-13,17.61,17.72,17.3,17.41,5491550,95846328.85,4.099,-1.7494
2020-05-14,17.54,17.62,16.94,16.94,5150255,88293095.68,3.8442,-2.6996
2020-05-15,16.91,17.25,16.9,17.0,3982020,67881628.2,2.9722,0.3542
2020-05-18,16.9,16.98,16.5,16.7,4546921,76040901.7,3.3939,-1.7647
2020-05-19,16.86,16.95,16.42,16.7,4385012,73094831.66,3.273,0.0
2020-05-20,16.71,16.91,16.53,16.79,3770570,63065206.02,2.8144,0.5389
2020-05-21,16.73,16.88,16.11,16.69,6180265,101589466.26,4.613,-0.5956
2020-05-22,16.46,16.69,16.06,16.56,5792633,94668962.66,4.3237,-0.7789
2020-05-25,16.4,16.58,16.22,16.45,2703400,44201997.0,2.0178,-0.6642
2020-05-26,16.5,16.57,16.34,16.51,3070524,50474817.61,2.2859,0.3647
2020-05-27,16.44,16.54,16.33,16.45,2385466,39220725.0,1.7759,-0.3634
2020-05-28,16.43,16.43,16.1,16.16,2298996,37320930.44,1.7116,-1.7629
2020-05-29,16.17,16.34,15.98,16.15,2530798,41001338.29,1.8841,-0.0619
2020-06-01,16.2,17.05,16.06,16.99,6528408,109197140.46,4.8603,6.0549
2020-06-02,17.1,17.27,16.59,16.7,6663846,112129039.16,4.9611,-1.7069
2020-06-03,16.85,16.87,16.61,16.71,5835854,97637555.56,4.3447,0.0599
2020-06-04,16.89,17.05,16.68,17.03,6684405,112392960.96,4.9764,1.915
2020-06-05,16.99,17.15,16.73,17.01,5535913,93691785.71,4.1214,-0.1174
2020-06-08,17.09,17.26,16.87,17.01,3862585,65747172.65,2.8756,0.0
2020-06-09,17.04,17.04,16.84,16.89,2656940,44908006.4,1.978,-0.7055
2020-06-10,16.96,17.25,16.82,17.05,3881394,66028664.61,2.8896,0.9473
2020-06-11,17.1,17.12,16.84,16.9,3061380,51948968.8,2.2791,-0.8798
2020-06-12,16.65,17.05,16.46,17.01,3044908,51282679.01,2.2669,0.6509
2020-06-15,17.03,17.04,16.8,16.84,3406000,57685228.81,2.5357,-0.9994
2020-06-16,16.94,17.07,16.84,17.05,2922879,49449924.74,2.176,1.247
2020-06-17,17.05,17.98,16.93,17.6,8389743,147603831.91,6.246,3.2258
2020-06-18,17.66,17.66,17.27,17.43,4073145,70750351.34,3.0324,-0.9659
2020-06-19,17.44,17.47,17.16,17.21,3081334,53146771.08,2.294,-1.2622
2020-06-22,17.1,17.28,17.0,17.13,2441367,41831338.1,1.8175,-0.4648
2020-06-23,17.04,17.15,16.94,16.95,2443186,41598246.76,1.8189,-1.0508
2020-06-24,16.99,17.14,16.81,17.0,2138104,36246608.88,1.5918,0.295
2020-06-29,17.07,17.1,16.69,16.71,2089963,35100980.73,1.5559,-1.7059
2020-06-30,16.8,16.82,16.61,16.7,2102666,35072741.0,1.5654,-0.0598
2020-07-01,16.69,16.69,16.18,16.5,2870319,47352996.32,2.1369,-1.1976
2020-07-02,16.52,16.72,16.31,16.72,3000015,49803439.68,2.2326,1.3333
2020-07-03,16.69,16.82,16.57,16.8,2941685,49210012.95,2.1892,0.4785
2020-07-06,16.9,17.35,16.85,17.28,6108488,104608976.88,4.5459,2.8572
2020-07-07,17.41,17.78,17.12,17.55,8076033,141226402.98,6.0101,1.5625
2020-07-08,17.63,19.31,17.56,19.31,7968072,149206705.88,5.9297,10.0285
2020-07-09,20.58,21.24,20.2,21.24,21483723,450249194.45,15.9879,9.9948
2020-07-10,20.7,21.25,20.38,20.79,12562070,260057140.57,9.3485,-2.1186
2020-07-13,20.5,22.8,20.5,21.95,15337010,330679591.08,11.4136,5.5796
2020-07-14,21.51,21.9,20.68,21.09,11353658,241218206.38,8.4493,-3.918
2020-07-15,21.13,22.18,20.9,20.92,10470830,224965627.31,7.7923,-0.8061
2020-07-16,20.54,20.78,18.83,18.83,12288979,241028419.09,9.1453,-9.9904
2020-07-17,18.3,18.61,17.15,17.37,9993753,176307591.75,7.4372,-7.7536
2020-07-20,17.4,17.87,17.2,17.84,6238858,109324750.09,4.6429,2.7058
2020-07-21,17.82,17.98,17.45,17.61,4137714,73103004.69,3.0792,-1.2892
2020-07-22,17.68,17.96,17.52,17.82,4757862,84634220.3,3.5407,1.1925
2020-07-23,17.56,17.64,16.78,17.35,5770348,99512356.47,4.2942,-2.6375
2020-07-24,17.28,17.59,16.54,16.76,5229351,89443248.17,3.8916,-3.4006
2020-07-27,16.76,16.93,16.22,16.41,3624973,59666089.66,2.6977,-2.0883
2020-07-28,16.48,16.79,16.48,16.68,2817715,46894444.3,2.0969,1.6453
2020-07-29,16.76,16.97,16.41,16.95,3599796,60315719.64,2.6789,1.6187
2020-07-30,16.98,17.66,16.85,17.38,5277541,91260993.38,3.9275,2.5369
2020-07-31,17.38,17.47,17.05,17.31,3632021,62710212.15,2.7029,-0.4028
2020-08-03,17.32,17.91,17.31,17.88,4766617,84495298.08,3.5473,3.2929
2020-08-04,17.98,18.35,17.67,17.7,4475656,79987567.24,3.3307,-1.0067
2020-08-05,17.69,17.69,17.25,17.51,3440767,59968797.07,2.5606,-1.0734
2020-08-06,17.54,17.68,17.01,17.32,3361484,58039107.71,2.5016,-1.0851
2020-08-07,17.38,17.38,16.65,16.87,3384032,57292427.18,2.5184,-2.5982
2020-08-10,16.95,17.29,16.67,17.2,3235015,55230051.79,2.4075,1.9561
2020-08-11,17.24,17.35,16.77,16.78,2848918,48588653.61,2.1201,-2.4419
2020-08-12,16.87,17.06,16.5,17.06,3012087,50298670.68,2.2416,1.6687
2020-08-13,17.16,17.37,17.01,17.06,2771281,47614266.7,2.0624,0.0
2020-08-14,17.0,17.15,16.8,17.12,2309124,39200756.18,1.7184,0.3517
2020-08-17,17.28,18.79,17.21,18.3,8827909,158977607.3,6.5696,6.8925
2020-08-18,18.22,18.44,17.83,17.93,6946827,125559527.97,5.1697,-2.0219
2020-08-19,17.93,18.98,17.72,18.71,10025191,185406254.72,7.4606,4.3503
2020-08-20,18.48,18.68,18.13,18.4,5299197,97322879.44,3.9436,-1.6569
2020-08-21,18.48,19.18,18.35,18.73,7113464,133599302.7,5.2938,1.7935
2020-08-24,18.7,18.7,18.01,18.15,4987353,91194742.48,3.7115,-3.0966
2020-08-25,18.18,18.2,17.74,17.79,3961359,70886136.29,2.948,-1.9835
2020-08-26,17.71,17.94,17.11,17.18,4046343,70695671.42,3.0112,-3.4289
2020-08-27,17.18,17.43,16.95,17.43,2458818,42305853.68,1.8298,1.4552
2020-08-28,17.47,17.62,17.13,17.5,2408046,41820478.78,1.792,0.4016
2020-08-31,17.61,17.93,17.48,17.56,2450217,43440269.19,1.8234,0.3429
2020-09-01,17.54,17.55,17.22,17.34,2036739,35257544.38,1.5157,-1.2528
2020-09-02,17.36,17.42,17.06,17.34,2262910,39033616.48,1.684,0.0
2020-09-03,17.32,17.34,17.05,17.11,1777531,30471291.65,1.3228,-1.3264
2020-09-04,16.81,17.34,16.74,17.25,1875156,32009362.55,1.3955,0.8182
2020-09-07,17.26,17.51,17.0,17.07,1959999,33743266.7,1.4586,-1.0435
2020-09-08,17.07,17.19,16.82,17.1,1999270,33909846.27,1.4878,0.1757
2020-09-09,16.96,17.07,16.55,16.61,2646639,44409233.25,1.9696,-2.8655
2020-09-10,16.66,16.88,15.82,15.83,2800127,45568328.9,2.0838,-4.696
2020-09-11,15.74,16.4,15.7,16.4,1646178,26167401.08,1.2251,3.6008
2020-09-14,16.31,16.47,16.2,16.29,1205695,19682334.41,0.8973,-0.6707
2020-09-15,16.31,16.31,16.01,16.13,1230006,19829589.56,0.9154,-0.9822
2020-09-16,16.12,16.33,16.0,16.09,1186284,19147352.89,0.8828,-0.248
2020-09-17,16.19,16.19,15.81,15.9,1634447,26018144.5,1.2163,-1.1809
2020-09-18,15.84,16.3,15.84,16.22,1495222,24069463.85,1.1127,2.0126
2020-09-21,16.26,16.37,16.03,16.22,1224972,19878262.6,0.9116,0.0
2020-09-22,16.19,16.19,15.9,15.92,1063600,17023822.39,0.7915,-1.8496
2020-09-23,16.0,16.07,15.89,15.98,927190,14789999.18,0.69,0.3769
2020-09-24,15.9,15.92,15.48,15.48,1650337,25837449.03,1.2282,-3.1289
2020-09-25,15.49,15.63,15.01,15.05,1644100,25051151.8,1.2235,-2.7778
2020-09-28,15.05,15.25,14.73,14.8,1105263,16540603.87,0.8225,-1.6611
2020-09-29,14.85,15.05,14.78,14.92,882671,13191175.95,0.6371,0.8108
2020-09-30,14.92,15.07,14.67,14.91,1200500,17879354.0,0.8665,-0.067
2020-10-09,15.05,15.33,15.05,15.25,1093899,16660325.77,0.7895,2.2803
2020-10-12,15.31,15.63,15.31,15.61,1446041,22450476.37,1.0437,2.3607
2020-10-13,15.61,15.61,15.29,15.51,1325937,20463177.91,0.957,-0.6406
2020-10-14,15.59,15.59,15.31,15.36,996613,15339433.3,0.7193,-0.9671
2020-10-15,15.38,15.41,15.18,15.18,819300,12491141.0,0.5913,-1.1719
2020-10-16,15.15,15.31,15.09,15.24,718968,10928281.37,0.5189,0.3953
2020-10-19,15.35,15.48,15.01,15.1,1396066,21171669.6,1.0076,-0.9186
2020-10-20,15.08,15.25,14.91,15.25,1927646,29001685.6,1.3913,0.9934
2020-10-21,15.24,15.24,14.81,14.98,1746700,26224264.0,1.2607,-1.7705
2020-10-22,15.1,15.58,14.81,15.46,3714965,56855349.96,2.6814,3.2043
2020-10-23,15.37,15.43,14.92,15.06,2081981,31614235.62,1.5027,-2.5873
2020-10-26,15.0,15.0,14.58,14.81,1687599,24997200.06,1.2181,-1.66
2020-10-27,14.81,15.02,14.81,15.0,1098447,16389658.52,0.7928,1.2829
2020-10-28,14.93,14.94,14.66,14.78,1194500,17646777.0,0.8622,-1.4667
2020-10-29,14.64,14.65,14.39,14.43,1907253,27709593.34,1.3766,-2.3681
2020-10-30,14.4,14.53,13.58,13.68,2823100,39492796.47,2.0376,-5.1975
2020-11-02,13.68,13.84,13.51,13.68,1120247,15299449.94,0.8086,0.0
2020-11-03,13.91,14.08,13.73,14.0,1414124,19760364.54,1.0207,2.3392
2020-11-04,14.06,14.45,13.96,14.28,2023277,28808437.3,1.4603,2.0
2020-11-05,14.35,14.94,14.28,14.84,2944076,43150558.82,2.1249,3.9216
2020-11-06,14.86,15.0,14.63,14.72,1768374,26103097.36,1.2764,-0.8086
2020-11-09,14.74,14.87,14.71,14.8,1832108,27104962.22,1.3224,0.5435
2020-11-10,14.89,15.28,14.72,15.08,2392709,35977769.69,1.727,1.8919
2020-11-11,15.02,15.13,14.88,14.96,1547257,23168812.22,1.1168,-0.7958
2020-11-12,15.09,15.23,14.87,15.13,1802520,27182745.0,1.301,1.1364
2020-11-13,15.12,15.27,15.1,15.2,1584210,24060872.56,1.1434,0.4627
2020-11-16,15.25,15.43,15.14,15.37,1799070,27522343.14,1.2985,1.1184
2020-11-17,15.37,15.59,15.29,15.37,1824400,28138237.0,1.3168,0.0
2020-11-18,15.37,15.62,15.36,15.61,1929336,29964751.8,1.3925,1.5615
2020-11-19,15.59,15.67,15.25,15.48,2169382,33534988.78,1.5658,-0.8328
2020-11-20,15.5,15.56,15.29,15.55,1223100,18904665.0,0.8828,0.4522
2020-11-23,15.5,15.54,15.2,15.21,1881070,28858038.3,1.3577,-2.1865
2020-11-24,15.19,15.29,14.95,15.02,1498360,22553581.2,1.0815,-1.2492
2020-11-25,15.02,15.15,14.72,14.72,1264000,18856781.0,0.9123,-1.9973
2020-11-26,14.77,14.77,14.45,14.56,1021862,14901922.0,0.7376,-1.087
2020-11-27,14.62,14.65,14.22,14.48,893874,12874115.64,0.6452,-0.5495
2020-11-30,14.5,14.65,14.49,14.55,838374,12214205.74,0.6051,0.4834
2020-12-01,14.54,14.63,14.41,14.61,1058162,15379042.34,0.7638,0.4124
2020-12-02,14.48,15.3,14.48,15.02,2469206,36888244.96,1.7822,2.8063
2020-12-03,15.0,15.0,14.81,14.88,894268,13309644.88,0.6455,-0.9321
2020-12-04,14.89,14.99,14.76,14.95,870374,12979337.57,0.6282,0.4704
2020-12-07,14.92,15.14,14.9,14.94,1046000,15715121.64,0.755,-0.0669
2020-12-08,14.94,14.96,14.67,14.78,921339,13638682.15,0.665,-1.071
2020-12-09,14.84,14.86,14.28,14.28,1230500,17802395.0,0.8881,-3.3829
2020-12-10,14.25,14.6,14.15,14.54,773300,11129724.0,0.5581,1.8207
2020-12-11,14.53,14.53,14.11,14.2,823291,11749149.61,0.5942,-2.3384
2020-12-14,14.15,14.33,14.05,14.33,531200,7551084.0,0.3834,0.9155
2020-12-15,14.27,14.31,14.13,14.23,421000,5985154.0,0.3039,-0.6978
2020-12-16,14.4,14.4,13.91,13.91,880600,12369707.4,0.6356,-2.2488
2020-12-17,13.96,13.98,13.56,13.83,921677,12644484.72,0.6652,-0.5751
2020-12-18,13.83,13.92,13.66,13.83,559481,7715314.23,0.4038,0.0
2020-12-21,13.73,13.93,13.52,13.81,878020,12029945.6,0.6337,-0.1446
2020-12-22,13.77,13.77,13.2,13.2,1456845,19527914.28,1.0515,-4.4171
2020-12-23,13.2,13.25,12.9,13.05,906405,11859840.3,0.6542,-1.1364
2020-12-24,13.05,13.1,12.6,12.69,1270600,16285671.0,0.9171,-2.7586
2020-12-25,12.62,12.85,12.55,12.78,933100,11873108.0,0.6735,0.7092
2020-12-28,12.78,12.8,12.28,12.44,1011057,12626560.8,0.7298,-2.6604
2020-12-29,12.5,13.16,12.34,12.96,1979657,25465675.06,1.4289,4.1801
2020-12-30,12.95,13.43,12.71,13.35,1731600,22836342.0,1.2498,3.0093
2020-12-31,13.32,13.74,13.32,13.74,1400673,19059142.09,1.011,2.9213
2021-01-04,13.8,14.05,13.47,13.52,1383365,18832116.65,0.9985,-1.6012
2021-01-05,13.52,13.71,13.38,13.47,709440,9593668.26,0.512,-0.3698
2021-01-06,13.42,13.6,13.08,13.11,938200,12422815.2,0.6772,-2.6726
2021-01-07,13.12,13.12,12.62,12.67,996134,12712493.94,0.719,-3.3562
2021-01-08,12.66,13.36,12.4,13.22,1369034,17784341.64,0.9881,4.341
2021-01-11,13.23,13.23,12.79,12.82,996400,12846771.0,0.7192,-3.0257
2021-01-12,12.78,13.47,12.78,13.11,1189136,15690418.36,0.8583,2.2621
2021-01-13,13.13,13.15,12.8,12.89,788147,10155759.93,0.5688,-1.6781
2021-01-14,12.81,13.09,12.74,12.9,884360,11403422.14,0.6383,0.0776
2021-01-15,12.9,13.1,12.87,12.94,710967,9230179.53,0.5131,0.3101
2021-01-18,12.89,13.35,12.89,13.24,1139950,14985110.23,0.8228,2.3184
2021-01-19,13.28,13.71,13.09,13.51,1844811,24856511.54,1.3315,2.0393
2021-01-20,13.51,13.52,13.2,13.27,820360,10899005.4,0.5921,-1.7765
2021-01-21,13.41,13.48,13.01,13.28,1081400,14424667.4,0.7805,0.0754
2021-01-22,13.22,13.5,12.94,13.49,1408860,18710498.6,1.0169,1.5813
2021-01-25,13.4,13.53,13.11,13.23,931831,12370811.32,0.6726,-1.9274
2021-01-26,13.23,13.31,12.81,12.91,770139,10020571.95,0.5559,-2.4187
2021-01-27,12.9,13.19,12.79,13.06,663910,8658180.84,0.4792,1.1619
2021-01-28,12.96,13.03,12.83,12.89,571760,7375922.8,0.4127,-1.3017
2021-01-29,13.0,13.44,12.87,13.27,1495426,19696461.31,1.0793,2.948
2021-02-01,13.32,13.88,13.15,13.73,1852729,25266000.58,1.3372,3.4665
2021-02-02,13.81,13.82,13.45,13.69,1064701,14480266.3,0.7685,-0.2913
2021-02-03,13.56,13.77,13.48,13.56,713541,9704141.77,0.515,-0.9496
2021-02-04,13.44,13.94,13.44,13.94,1509682,20701080.14,1.0896,2.8024
2021-02-05,13.97,14.39,13.0,13.6,2315537,32632705.63,1.6713,-2.439
2021-02-08,13.5,13.6,13.0,13.35,1486169,19650217.58,1.0726,-1.8382
2021-02-09,14.69,14.69,14.69,14.69,807074,11855917.06,0.5825,10.0375
2021-02-10,16.1,16.14,14.88,15.14,14938446,232161913.82,10.7819,3.0633
2021-02-18,15.12,16.65,14.82,16.65,11925452,189524929.0,8.6073,9.9736
2021-02-19,16.77,17.87,16.08,17.29,14665321,249037195.26,10.5848,3.8438
2021-02-22,16.92,17.13,16.61,16.95,8475901,142875389.25,6.1175,-1.9665
2021-02-23,16.96,17.13,15.9,16.2,7351672,120049465.27,5.3061,-4.4248
2021-02-24,16.01,17.23,15.87,16.77,8174660,134730212.62,5.9001,3.5185
2021-02-25,16.6,18.06,16.31,16.83,10668646,181589980.39,7.6975,0.3578
2021-02-26,16.66,17.5,16.22,16.92,8273238,138399941.2,5.9393,0.5348
2021-03-01,16.99,17.48,16.65,17.06,9333634,159047070.71,6.7006,0.8274
2021-03-02,17.11,17.55,16.52,16.67,7517984,126830494.22,5.3971,-2.286
2021-03-03,16.55,16.55,16.01,16.4,5324850,86643769.49,3.8227,-1.6197
2021-03-04,16.2,16.37,15.52,15.64,5848031,92927718.84,4.1983,-4.6341
2021-03-05,15.59,16.07,15.25,15.99,5669123,88953583.16,4.0699,2.2379
2021-03-08,15.85,16.63,15.71,16.3,5904044,95200562.42,4.2376,1.9387
2021-03-09,16.11,17.16,15.8,16.23,9180554,151257972.18,6.5893,-0.4294
2021-03-10,16.3,16.6,15.15,15.4,8392359,132550657.09,6.0236,-5.114
2021-03-11,15.15,15.87,15.15,15.69,5359779,83266347.19,3.847,1.8831
2021-03-12,15.66,15.7,15.22,15.6,3084997,47631701.3,2.2142,-0.5736
2021-03-15,15.3,15.49,15.08,15.23,3160881,48261342.96,2.2687,-2.3718
2021-03-16,15.25,15.88,15.16,15.87,4975385,77528041.14,3.5711,4.2022
2021-03-17,15.78,17.46,15.43,17.46,13792973,230930734.18,9.8998,10.0189
2021-03-18,17.4,17.72,16.85,17.0,17274690,299116191.93,12.3988,-2.6346
2021-03-19,17.0,17.97,16.8,17.75,15136835,264518175.74,10.8644,4.4118
2021-03-22,17.48,17.88,17.26,17.75,9934653,175021577.68,7.1306,0.0
2021-03-23,17.56,17.56,16.7,17.2,8275220,141408662.29,5.9395,-3.0986
2021-03-24,17.54,17.54,15.48,15.48,13528202,216524704.05,9.7203,-10.0
2021-03-25,14.84,15.41,14.49,14.69,7953101,119028342.72,5.7145,-5.1034
2021-03-26,14.7,16.16,14.66,16.16,12357997,194270193.32,8.8795,10.0068
2021-03-29,16.5,17.78,16.13,17.78,19571850,339228313.92,14.0627,10.0248
2021-03-30,11.06,11.96,10.46,10.8,37307548,415784487.46,16.7539,-1.9964
2021-03-31,11.06,11.88,10.26,11.88,35794800,402708899.97,16.0745,10.0
2021-04-01,11.77,12.7,11.1,11.24,41277443,492289088.68,18.5364,-5.3872
2021-04-02,10.93,11.31,10.12,10.12,36327700,379360151.87,16.3136,-9.9644
2021-04-06,9.86,9.88,9.5,9.81,24924784,241868768.53,11.1929,-3.0632
2021-04-07,9.75,10.19,9.63,10.1,20946624,206706622.73,9.4065,2.9562
2021-04-08,10.0,10.1,9.8,9.85,13516812,133733629.05,6.07,-2.4752
2021-04-09,9.71,9.84,9.62,9.78,9375915,91095297.3,4.2104,-0.7107
2021-04-12,9.79,9.84,9.64,9.68,8026103,77932273.79,3.6043,-1.0225
2021-04-13,9.65,9.65,8.72,8.93,15523961,140857831.93,6.9713,-7.7479
2021-04-14,8.8,9.26,8.74,9.08,8889224,80242943.2,3.9919,1.6797
2021-04-15,8.94,9.02,8.81,8.93,6510004,57945333.88,2.9234,-1.652
2021-04-16,8.88,9.29,8.8,9.15,7871323,71237455.33,3.5348,2.4636
2021-04-19,9.11,9.23,9.08,9.14,6211040,56808803.4,2.7892,-0.1093
2021-04-20,9.1,9.17,8.96,8.99,6830000,61738925.6,3.0671,-1.6411
2021-04-21,8.99,9.09,8.89,9.08,4640616,41786221.0,2.084,1.0011
2021-04-22,9.08,9.1,8.82,8.87,5888515,52592640.11,2.6443,-2.3128
2021-04-23,8.86,9.36,8.73,9.34,14328966,130972539.24,6.4347,5.2988
2021-04-26,9.2,9.28,9.1,9.24,8522221,78083325.46,3.8271,-1.0707
2021-04-27,9.23,9.5,9.03,9.09,6519840,60014240.4,2.9279,-1.6234
2021-04-28,8.96,8.97,8.76,8.81,6056837,53563117.09,2.7199,-3.0803
2021-04-29,8.77,8.88,8.7,8.7,3953840,34662142.6,1.7755,-1.2486
2021-04-30,8.65,8.7,8.28,8.35,6628572,55816325.2,2.9767,-4.023
2021-05-06,8.42,8.45,8.28,8.35,2629798,21968442.58,1.181,0.0
2021-05-07,8.35,8.38,8.24,8.25,3202624,26592822.48,1.4382,-1.1976
2021-05-10,8.25,8.3,8.07,8.1,3940793,32024239.49,1.7697,-1.8182
2021-05-11,8.08,8.21,8.05,8.21,2919959,23821282.01,1.3113,1.358
2021-05-12,8.21,8.3,8.11,8.29,3053339,25091722.57,1.3712,0.9744
2021-05-13,8.2,8.32,8.18,8.2,2877696,23708972.92,1.2923,-1.0856
2021-05-14,8.21,8.36,8.21,8.32,3354890,27807695.06,1.5066,1.4634
2021-05-17,8.32,8.33,8.15,8.19,3046484,24975654.48,1.3681,-1.5625
2021-05-18,8.19,8.4,8.15,8.4,3530095,29271528.05,1.5853,2.5641
2021-05-19,8.41,8.42,8.25,8.26,3182335,26386502.9,1.4291,-1.6667
2021-05-20,8.25,8.44,8.15,8.41,4083580,33800219.4,1.8338,1.816
2021-05-21,8.37,8.37,8.23,8.27,2944216,24388241.52,1.3222,-1.6647
2021-05-24,8.25,8.31,8.24,8.27,1750336,14472285.56,0.786,0.0
2021-05-25,8.28,8.34,8.22,8.33,2364870,19572164.71,1.062,0.7255
2021-05-26,8.32,8.38,8.28,8.34,2608075,21754075.3,1.1712,0.12
2021-05-27,8.37,8.39,8.3,8.35,2372763,19786150.39,1.0655,0.1199
2021-05-28,8.35,8.37,8.22,8.31,2847637,23582474.09,1.2788,-0.479
2021-05-31,8.33,8.33,8.24,8.32,2522332,20908602.16,1.1327,0.1203
2021-06-01,8.31,8.39,8.24,8.35,3505912,29197108.84,1.5744,0.3606
2021-06-02,8.33,8.33,8.16,8.25,3648074,30013884.92,1.6382,-1.1976
2021-06-03,8.18,8.24,8.18,8.23,2475740,20305946.2,1.1118,-0.2424
2021-06-04,8.21,8.21,8.13,8.14,2350320,19171794.2,1.0555,-1.0936
2021-06-07,8.16,8.18,8.12,8.15,1587900,12933104.2,0.7131,0.1229
2021-06-08,8.18,8.33,8.13,8.24,3305739,27189385.07,1.4845,1.1043
2021-06-09,8.33,8.33,8.23,8.26,2075435,17156677.2,0.932,0.2427
2021-06-10,8.24,8.26,8.18,8.24,2285620,18783849.4,1.0264,-0.2421
2021-06-11,8.19,8.27,8.18,8.24,2090769,17209078.98,0.9389,0.0
2021-06-15,8.24,8.24,8.13,8.13,2033664,16606043.32,0.9133,-1.335
2021-06-16,8.13,8.15,8.06,8.08,1659439,13439839.93,0.7452,-0.615
2021-06-17,8.08,8.08,7.76,7.8,4497699,35339969.2,2.0198,-3.4653
2021-06-18,7.77,7.89,7.75,7.84,2083253,16257432.89,0.9355,0.5128
2021-06-21,7.81,7.86,7.81,7.84,1713653,13420601.13,0.7695,0.0
2021-06-22,7.84,7.87,7.73,7.79,2177146,16987413.48,0.9777,-0.6378
2021-06-23,7.8,8.57,7.77,8.57,6718380,56135313.36,3.017,10.0128
2021-06-24,8.66,9.12,8.57,8.89,22456284,199132066.39,10.0844,3.734
2021-06-25,8.59,8.73,8.47,8.54,10063455,86345379.08,4.5192,-3.937
2021-06-28,8.51,8.7,8.4,8.5,6492441,55434367.41,2.9156,-0.4684
2021-06-29,8.58,9.28,8.32,9.02,13895362,121257865.24,6.24,6.1176
2021-06-30,8.95,8.95,8.74,8.75,8088740,71216822.26,3.6324,-2.9933
2021-07-01,8.74,8.98,8.51,8.76,7813795,68472126.17,3.5089,0.1143
2021-07-02,8.65,8.96,8.59,8.86,7285424,63866062.24,3.2712,1.1416
2021-07-05,8.85,8.92,8.71,8.75,5694782,50196736.72,2.557,-1.2415
2021-07-06,8.82,8.84,8.5,8.8,5757933,49778841.94,2.5853,0.5714
2021-07-07,8.71,8.85,8.66,8.76,3691792,32391758.99,1.6576,-0.4545
2021-07-08,8.74,8.74,8.54,8.58,3751967,32285417.22,1.6847,-2.0548
2021-07-09,8.52,8.62,8.45,8.59,2651272,22608676.6,1.1904,0.1166
2021-07-12,8.62,8.7,8.51,8.59,3213660,27652410.6,1.443,0.0
2021-07-13,8.56,8.82,8.5,8.73,5556096,48506561.35,2.4947,1.6298
2021-07-14,8.76,8.94,8.61,8.79,5873577,51509185.42,2.6373,0.6873
2021-07-15,8.78,8.78,8.56,8.64,4109957,35560682.0,1.8454,-1.7065
2021-07-16,8.67,8.68,8.5,8.59,3333504,28504564.32,1.4968,-0.5787
2021-07-19,8.57,8.57,8.2,8.21,4449640,37199346.03,1.9979,-4.4237
2021-07-20,8.09,8.24,8.01,8.23,1975980,16087086.4,0.8872,0.2436
2021-07-21,8.26,8.29,8.16,8.28,2128500,17505112.2,0.9557,0.6075
2021-07-22,8.27,8.35,8.17,8.27,1584480,13074750.4,0.7114,-0.1208
2021-07-23,8.33,8.33,8.08,8.1,2804460,22927260.0,1.2592,-2.0556
2021-07-26,8.03,8.15,7.87,7.92,2827460,22610809.32,1.2695,-2.2222
2021-07-27,7.92,7.99,7.86,7.91,1904702,15094567.7,0.8552,-0.1263
2021-07-28,7.9,7.9,7.5,7.57,2972741,22719792.47,1.3348,-4.2984
2021-07-29,7.59,7.66,7.54,7.6,3834460,29043776.8,1.7217,0.3963
2021-07-30,7.59,7.62,7.5,7.61,2455663,18571841.11,1.1026,0.1316
2021-08-02,7.57,7.85,7.52,7.77,3137352,24192061.52,1.4087,2.1025
2021-08-03,7.77,7.84,7.73,7.75,2188000,17009186.2,0.9824,-0.2574
2021-08-04,7.78,7.78,7.65,7.74,1390608,10753133.36,0.6244,-0.129
2021-08-05,7.73,7.85,7.6,7.78,3285702,25367339.82,1.4753,0.5168
2021-08-06,7.77,7.83,7.65,7.74,2354916,18214128.96,1.0574,-0.5141
2021-08-09,7.74,7.81,7.65,7.8,2251996,17499191.84,1.0112,0.7752
2021-08-10,7.74,7.98,7.74,7.92,3000161,23670850.24,1.3471,1.5385
2021-08-11,7.92,8.0,7.86,7.89,1823340,14438076.04,0.8187,-0.3788
2021-08-12,7.87,7.91,7.82,7.83,1942641,15249034.07,0.8723,-0.7605
2021-08-13,7.83,7.88,7.74,7.76,1939682,15110045.17,0.8709,-0.894
2021-08-16,7.77,7.93,7.76,7.8,1769985,13838742.23,0.7947,0.5155
2021-08-17,7.8,7.82,7.6,7.61,2406239,18486757.11,1.0804,-2.4359
2021-08-18,7.61,7.68,7.56,7.66,1687916,12872794.2,0.7579,0.657
2021-08-19,7.66,7.69,7.61,7.62,1206512,9213262.36,0.5417,-0.5222
2021-08-20,7.61,7.62,7.5,7.54,1443880,10890720.2,0.6483,-1.0499
2021-08-23,7.54,7.71,7.54,7.65,1490084,11392286.8,0.6691,1.4589
2021-08-24,7.68,7.76,7.65,7.7,1370148,10557326.92,0.6152,0.6536
2021-08-25,7.68,7.74,7.63,7.7,1741320,13406576.2,0.7819,0.0
2021-08-26,7.72,7.73,7.56,7.57,1786025,13645068.01,0.8019,-1.6883
2021-08-27,7.59,7.79,7.52,7.67,2914963,22220800.67,1.3088,1.321
2021-08-30,7.59,7.66,7.52,7.53,2341020,17739657.16,1.0511,-1.8253
2021-08-31,7.53,7.56,7.42,7.53,2235296,16705083.99,1.0037,0.0
2021-09-01,7.54,7.69,7.47,7.62,3028045,22985331.8,1.3596,1.1952
2021-09-02,7.64,7.7,7.57,7.66,1979404,15093575.57,0.8888,0.5249
2021-09-03,7.67,7.71,7.61,7.64,1963220,15030222.59,0.8815,-0.2611
2021-09-06,7.65,7.73,7.6,7.71,1929628,14792932.68,0.8664,0.9162
2021-09-07,7.82,7.82,7.69,7.72,2141305,16538732.23,0.9615,0.1297
2021-09-08,7.7,7.81,7.68,7.77,2788152,21628347.5,1.2519,0.6477
2021-09-09,7.78,7.97,7.76,7.83,3737256,29404862.13,1.6781,0.7722
2021-09-10,7.84,7.84,7.71,7.74,2309742,17938877.62,1.0371,-1.1494
2021-09-13,7.77,7.77,7.68,7.71,1867671,14427988.99,0.8386,-0.3876
2021-09-14,7.71,7.76,7.61,7.62,1944000,14951688.0,0.8729,-1.1673
2021-09-15,7.61,7.64,7.56,7.62,1397915,10636361.56,0.6277,0.0
2021-09-16,7.62,7.72,7.6,7.61,1881192,14393734.84,0.8447,-0.1312
2021-09-17,7.68,7.68,7.46,7.53,2860387,21527265.72,1.2843,-1.0512
2021-09-22,7.46,7.58,7.44,7.54,1364500,10238829.2,0.6127,0.1328
2021-09-23,7.54,7.67,7.52,7.62,1504720,11451473.0,0.6756,1.061
2021-09-24,7.6,7.6,7.5,7.51,1750020,13191150.6,0.7858,-1.4436
2021-09-27,7.51,7.56,7.42,7.46,1680541,12556269.77,0.7546,-0.6658
2021-09-28,7.46,7.47,7.41,7.45,1416136,10536796.88,0.6359,-0.134
2021-09-29,7.46,7.5,7.15,7.16,2584456,18761283.96,1.1604,-3.8926
2021-09-30,7.17,7.29,7.17,7.27,1073580,7791635.2,0.482,1.5363
2021-10-08,7.37,7.45,7.26,7.43,1263510,9331561.94,0.5673,2.2008
2021-10-11,7.51,7.54,7.4,7.41,1151372,8584199.72,0.517,-0.2692
2021-10-12,7.41,7.46,7.27,7.34,1068901,7836376.79,0.4799,-0.9447
2021-10-13,7.31,7.47,7.31,7.37,902670,6651174.56,0.4053,0.4087
2021-10-14,7.38,7.45,7.38,7.42,806280,5984682.4,0.362,0.6784
2021-10-15,7.36,7.46,7.36,7.38,659860,4876694.72,0.2963,-0.5391
2021-10-18,7.38,7.38,7.29,7.34,982585,7198086.2,0.4412,-0.542
2021-10-19,7.34,7.38,7.26,7.28,1205580,8807410.4,0.5413,-0.8174
2021-10-20,7.28,7.3,7.24,7.25,643116,4672798.72,0.2888,-0.4121
2021-10-21,7.43,7.43,7.23,7.25,1102472,8020715.88,0.495,0.0
2021-10-22,7.24,7.25,7.2,7.2,560020,4046664.2,0.2515,-0.6897
2021-10-25,7.26,7.26,7.2,7.21,555454,4010084.74,0.2494,0.1389
2021-10-26,7.25,7.27,7.2,7.27,821932,5933702.58,0.3691,0.8322
2021-10-27,7.29,7.29,7.15,7.17,1653854,11860354.32,0.7426,-1.3755
2021-10-28,7.17,7.21,6.9,6.93,1727476,12061042.6,0.7756,-3.3473
2021-10-29,6.95,7.0,6.9,6.98,695928,4841269.44,0.3125,0.7215
2021-11-01,6.99,7.07,6.92,7.04,654232,4586696.84,0.2938,0.8596
2021-11-02,7.02,7.05,6.87,6.93,1286130,8921956.6,0.5775,-1.5625
2021-11-03,6.93,7.62,6.9,7.3,5077460,37669420.19,2.2798,5.3391
2021-11-04,7.2,7.35,7.1,7.13,2997308,21456322.14,1.3458,-2.3288
2021-11-05,7.14,7.22,7.13,7.15,1198060,8571024.8,0.5379,0.2805
2021-11-08,7.14,7.18,7.08,7.17,784262,5601724.38,0.3521,0.2797
2021-11-09,7.18,7.21,7.16,7.18,862902,6198201.42,0.3874,0.1395
2021-11-10,7.2,7.2,7.11,7.19,810536,5798855.48,0.3639,0.1393
2021-11-11,7.21,7.42,7.18,7.39,2689560,19751696.44,1.2076,2.7816
2021-11-12,7.35,7.43,7.32,7.38,1347718,9934357.84,0.6051,-0.1353
2021-11-15,7.39,7.5,7.34,7.47,1563036,11616916.76,0.7018,1.2195
2021-11-16,7.46,7.55,7.4,7.41,1254160,9347953.63,0.5631,-0.8032
2021-11-17,7.43,7.52,7.43,7.47,1127000,8409891.2,0.506,0.8097
2021-11-18,7.48,7.5,7.34,7.34,1579958,11715075.12,0.7094,-1.7403
2021-11-19,7.4,7.45,7.31,7.42,1044136,7723146.24,0.4688,1.0899
2021-11-22,7.41,7.46,7.36,7.45,1028432,7629741.44,0.4618,0.4043
2021-11-23,7.5,7.52,7.43,7.47,1190700,8893930.6,0.5346,0.2685
2021-11-24,7.49,7.52,7.42,7.45,1295654,9674025.39,0.5818,-0.2677
2021-11-25,7.45,7.5,7.41,7.46,1103989,8219417.83,0.4957,0.1342
2021-11-26,7.46,7.46,7.32,7.34,1321600,9726150.2,0.5934,-1.6086
2021-11-29,7.27,7.3,7.22,7.24,1254800,9110106.6,0.5634,-1.3624
2021-11-30,7.26,7.45,7.25,7.33,1674328,12274042.22,0.7518,1.2431
2021-12-01,7.34,7.55,7.32,7.55,3634580,27233401.76,1.6319,3.0014
2021-12-02,7.52,7.54,7.45,7.47,1861120,13944616.8,0.8357,-1.0596
2021-12-03,7.5,7.51,7.42,7.48,1056900,7885625.6,0.4746,0.1339
2021-12-06,7.47,7.47,7.3,7.3,2222180,16375839.8,0.9978,-2.4064
2021-12-07,7.35,7.4,7.24,7.28,1401352,10217006.2,0.6292,-0.274
2021-12-08,7.28,7.35,7.24,7.31,934240,6827540.24,0.4195,0.4121
2021-12-09,7.34,7.42,7.3,7.41,1351529,9968079.55,0.6068,1.368
2021-12-10,7.47,7.67,7.45,7.56,3825960,28937643.6,1.7179,2.0243
2021-12-13,7.56,7.65,7.49,7.51,2143140,16152085.6,0.9623,-0.6614
2021-12-14,7.48,7.55,7.45,7.52,1671140,12536977.6,0.7504,0.1332
2021-12-15,7.54,7.54,7.48,7.51,1559540,11702904.2,0.7002,-0.133
2021-12-16,7.51,7.54,7.47,7.53,1453956,10922497.04,0.6528,0.2663
2021-12-17,7.53,7.54,7.45,7.46,1286508,9616824.2,0.5776,-0.9296
2021-12-20,7.46,7.52,7.43,7.45,1375740,10277905.4,0.6177,-0.134
2021-12-21,7.4,7.56,7.36,7.53,2800380,21056197.4,1.2574,1.0738
2021-12-22,7.55,7.64,7.52,7.63,3226140,24530046.4,1.4486,1.328
2021-12-23,7.64,7.67,7.5,7.52,2525864,19046453.64,1.1341,-1.4417
2021-12-24,7.56,7.56,7.45,7.51,1845528,13853685.84,0.8287,-0.133
2021-12-27,7.49,7.76,7.49,7.72,4677933,35838535.63,2.1004,2.7963
2021-12-28,7.72,7.79,7.61,7.72,3955040,30555820.8,1.7758,0.0
2021-12-29,7.7,8.08,7.69,7.9,5965760,47115777.06,2.6787,2.3316
2021-12-30,7.87,8.02,7.78,7.91,3376061,26649026.05,1.5159,0.1266
2021-12-31,7.9,7.97,7.84,7.86,2746537,21648896.42,1.2332,-0.6321
2022-01-04,7.89,7.98,7.83,7.94,4379428,34708198.44,1.9664,1.0178
2022-01-05,7.92,7.96,7.79,7.85,2869272,22509129.88,1.2883,-1.1335
2022-01-06,7.88,7.9,7.81,7.87,1643940,12926490.4,0.7381,0.2548
2022-01-07,7.85,7.91,7.71,7.72,2530060,19756007.4,1.136,-1.906
2022-01-10,7.75,7.92,7.73,7.89,2185568,17146853.16,0.9813,2.2021
2022-01-11,7.87,8.1,7.87,7.92,4137780,33053187.8,1.8579,0.3802
2022-01-12,7.94,8.03,7.89,8.0,3646760,29137464.8,1.6374,1.0101
2022-01-13,8.0,8.04,7.92,7.95,2331760,18591399.8,1.047,-0.625
2022-01-14,7.94,8.07,7.88,8.04,3849920,30713884.48,1.7286,1.1321
2022-01-17,8.22,8.28,7.74,7.91,5397355,42874260.32,2.4234,-1.6169
2022-01-18,7.95,7.96,7.74,7.81,3071920,24004003.0,1.3793,-1.2642
2022-01-19,7.81,7.91,7.78,7.84,1888536,14817335.12,0.848,0.3841
2022-01-20,7.83,7.88,7.6,7.61,2758732,21245068.16,1.2387,-2.9337
2022-01-21,7.64,7.74,7.57,7.61,2344938,17862861.82,1.0529,0.0
2022-01-24,7.61,7.63,7.46,7.46,1531180,11498422.8,0.6875,-1.9711
2022-01-25,7.5,7.5,7.14,7.18,2336788,17017516.68,1.0492,-3.7534
2022-01-26,7.23,7.3,7.14,7.19,1306099,9418025.23,0.5864,0.1393
2022-01-27,7.23,7.23,7.02,7.03,1788000,12661611.81,0.8028,-2.2253
2022-01-28,7.04,7.16,7.04,7.11,1285860,9144628.24,0.5774,1.138
2022-02-07,7.18,7.23,7.13,7.18,1173400,8433691.6,0.5269,0.9845
2022-02-08,7.16,7.29,7.1,7.25,1497760,10842213.56,0.6725,0.9749
2022-02-09,7.26,7.39,7.23,7.33,1429948,10465023.04,0.6421,1.1034
2022-02-10,7.31,7.34,7.23,7.3,1258305,9157701.4,0.565,-0.4093
2022-02-11,7.31,7.31,7.16,7.18,1412900,10182864.2,0.6344,-1.6438
2022-02-14,7.18,7.25,7.12,7.24,764596,5513001.84,0.3433,0.8357
2022-02-15,7.24,7.25,7.12,7.17,1188460,8533126.0,0.5336,-0.9669
2022-02-16,7.19,7.25,7.16,7.25,1195660,8632025.8,0.5369,1.1158
2022-02-17,7.25,7.29,7.21,7.22,1232742,8919181.52,0.5535,-0.4138
2022-02-18,7.26,7.26,7.16,7.23,1490980,10786691.6,0.6695,0.1385
2022-02-21,7.25,7.36,7.2,7.34,1736731,12685516.89,0.7798,1.5214
2022-02-22,7.3,7.36,7.24,7.27,1284560,9352322.2,0.5768,-0.9537
2022-02-23,7.25,7.41,7.24,7.39,1668942,12269073.74,0.7494,1.6506
2022-02-24,7.38,7.38,7.07,7.17,2475140,17838924.11,1.1114,-2.977
2022-02-25,7.23,7.3,7.17,7.19,1296220,9375894.6,0.582,0.2789
2022-02-28,7.22,7.22,6.97,7.15,1730709,12241092.0,0.7771,-0.5563
2022-03-01,7.17,7.32,7.13,7.3,2005440,14484164.0,0.9005,2.0979
2022-03-02,7.21,7.37,7.21,7.33,1458460,10683404.0,0.6549,0.411
2022-03-03,7.31,7.48,7.31,7.42,1854700,13756553.0,0.8328,1.2278
2022-03-04,7.36,7.44,7.3,7.35,1384567,10190167.0,0.6217,-0.9434
2022-03-07,7.28,7.34,7.24,7.25,1030220,7505252.0,0.4626,-1.3605
2022-03-08,7.25,7.26,7.11,7.18,1934260,13900678.0,0.8685,-0.9655
2022-03-09,7.2,7.59,6.89,7.09,4867357,35349395.0,2.1855,-1.2535
2022-03-10,7.09,7.28,7.06,7.08,3364211,24059162.0,1.5106,-0.141
2022-03-11,7.04,7.08,6.74,7.05,2142480,14781948.0,0.962,-0.4237
2022-03-14,7.03,7.05,6.85,6.85,1480273,10282597.0,0.6647,-2.8369
2022-03-15,6.86,6.86,6.51,6.58,2991583,19853769.0,1.3432,-3.9416
2022-03-16,6.73,7.05,6.53,6.74,2972292,20005137.0,1.3346,2.4316
2022-03-17,6.78,6.87,6.72,6.76,2365200,16056563.0,1.062,0.2967
2022-03-18,6.72,6.81,6.72,6.81,1579612,10708064.38,0.7093,0.7396
2022-03-21,6.81,7.15,6.77,7.01,3065076,21386912.6,1.3762,2.9369
2022-03-22,7.07,7.08,6.93,7.04,1242088,8700237.16,0.5577,0.428
2022-03-23,7.08,7.11,7.01,7.07,1062676,7488414.84,0.4771,0.4261
2022-03-24,7.07,7.11,6.99,7.1,1290172,9093798.28,0.5793,0.4243
2022-03-25,7.15,7.38,7.08,7.35,4137521,30202028.39,1.8578,3.5211
2022-03-28,7.34,7.46,7.2,7.37,2225873,16379046.03,0.9994,0.2721
2022-03-29,7.36,7.44,7.31,7.44,2123320,15702380.84,0.9534,0.9498
2022-03-30,7.44,7.49,7.37,7.44,2288196,17033886.12,1.0274,0.0
2022-03-31,7.47,7.7,7.38,7.67,3649568,27727044.2,1.6387,3.0914
2022-04-01,7.64,7.72,7.58,7.67,3341468,25594446.94,1.5003,0.0
2022-04-06,7.71,8.44,7.66,8.44,10073941,83014460.32,4.5206,10.0391
2022-04-07,9.27,9.28,8.5,8.65,41899966,381435280.54,18.8023,2.4882
2022-04-08,8.98,9.52,8.1,8.24,33997346,298220368.17,15.256,-4.7399
2022-04-11,7.67,8.04,7.46,7.99,21879654,169741740.78,9.8183,-3.034
2022-04-12,7.7,8.79,7.62,8.36,32142871,272893300.87,14.4239,4.6308
2022-04-13,8.02,8.09,7.52,7.52,14631100,111760275.8,6.5656,-10.0478
2022-04-14,7.11,7.2,6.77,6.79,21677626,148975911.78,9.7277,-9.7074
2022-04-15,6.66,6.8,6.61,6.63,9077464,60841679.46,4.0734,-2.3564
2022-04-18,6.51,6.66,6.51,6.63,4416120,29087306.6,1.9817,0.0
2022-04-19,6.62,6.67,6.52,6.57,4824550,31774946.1,2.165,-0.905
2022-04-20,6.58,6.6,6.33,6.4,6401474,41517610.58,2.8726,-2.5875
2022-04-21,6.4,6.41,6.12,6.17,5864706,36534282.46,2.6317,-3.5938
2022-04-22,6.12,6.29,6.05,6.14,3766156,23178969.2,1.69,-0.4862
2022-04-25,6.09,6.09,5.6,5.66,4748520,27828759.0,2.1309,-7.8176
2022-04-26,5.64,5.72,5.44,5.5,4231046,23589878.72,1.8986,-2.8269
2022-04-27,5.65,5.94,5.44,5.68,5325810,30078796.5,2.3899,3.2727
2022-04-28,5.64,5.64,5.35,5.37,4478984,24532515.6,2.0099,-5.4577
2022-04-29,5.46,5.6,5.4,5.55,3895470,21498423.56,1.7481,3.352
2022-05-05,5.55,5.72,5.48,5.65,3305229,18580770.93,1.4832,1.8018
2022-05-06,5.63,5.63,5.47,5.52,2746620,15191375.4,1.2325,-2.3009
2022-05-09,5.5,5.7,5.47,5.67,2719140,15354198.4,1.2202,2.7174
2022-05-10,5.59,5.78,5.55,5.75,2471590,14102409.2,1.1091,1.4109
2022-05-11,5.75,5.87,5.71,5.72,3059960,17719901.0,1.3731,-0.5217
2022-05-12,5.67,5.79,5.65,5.78,2412800,13869522.0,1.0827,1.049
2022-05-13,5.81,5.92,5.77,5.83,2273580,13279015.6,1.0202,0.8651
2022-05-16,5.85,5.88,5.76,5.8,1482420,8619994.8,0.6652,-0.5146
2022-05-17,5.84,5.84,5.66,5.78,1878680,10779524.4,0.843,-0.3448
2022-05-18,5.79,5.88,5.74,5.83,2160380,12625055.6,0.9694,0.8651
2022-05-19,5.76,5.87,5.72,5.87,2124307,12383215.67,0.9533,0.6861
2022-05-20,5.91,5.91,5.83,5.9,1825520,10737301.4,0.8192,0.5111
2022-05-23,6.05,6.14,5.96,6.1,3812280,23072056.0,1.7107,3.3898
2022-05-24,6.71,6.71,6.71,6.71,3209388,21534993.48,1.4402,10.0
2022-05-25,6.79,6.79,6.1,6.5,15840116,101979454.9,7.1081,-3.1297
2022-05-26,6.45,6.69,6.21,6.33,9802880,62627397.66,4.3989,-2.6154
2022-05-27,6.31,6.4,6.14,6.27,7864589,49054085.34,3.5292,-0.9479
2022-05-30,6.2,6.31,6.11,6.19,4984100,30797342.6,2.2366,-1.2759
2022-05-31,6.28,6.28,6.05,6.16,3971552,24341905.84,1.7822,-0.4847
2022-06-01,6.16,6.35,6.12,6.19,5323356,33154321.88,2.3888,0.487
2022-06-02,6.17,6.19,6.04,6.13,3598164,21996914.92,1.6146,-0.9693
2022-06-06,6.16,6.43,6.13,6.33,7017643,44017379.89,3.1491,3.2626
2022-06-07,6.31,6.32,6.07,6.15,5443820,33542802.0,2.4429,-2.8436
2022-06-08,6.15,6.17,5.98,6.09,3430237,20861735.51,1.5393,-0.9756
2022-06-09,6.25,6.26,5.98,6.0,3508312,21437768.76,1.5743,-1.4778
2022-06-10,5.96,6.08,5.92,6.03,2335778,14073802.33,1.0482,0.5
2022-06-13,5.98,6.07,5.96,6.03,1433350,8614790.2,0.6432,0.0
2022-06-14,6.0,6.04,5.9,6.03,2492270,14870676.8,1.1184,0.0
2022-06-15,6.2,6.2,6.05,6.05,3096748,18909663.52,1.3896,0.3317
2022-06-16,6.02,6.14,6.0,6.08,2199280,13362837.8,0.9869,0.4959
2022-06-17,6.05,6.11,5.99,6.06,2337036,14139708.36,1.0487,-0.3289
2022-06-20,6.08,6.15,6.06,6.14,2409824,14712426.04,1.0814,1.3201
2022-06-21,6.13,6.2,6.09,6.19,2591588,15939485.4,1.1629,0.8143
2022-06-22,6.3,6.81,6.25,6.81,26748599,180335702.76,12.0031,10.0162
2022-06-23,6.72,6.79,6.42,6.62,23046862,150965129.24,10.342,-2.79
2022-06-24,6.49,6.55,6.38,6.41,12199798,78701034.1,5.4745,-3.1722
2022-06-27,6.48,6.65,6.42,6.52,10274342,66829864.3,4.6105,1.7161
2022-06-28,6.45,6.52,6.33,6.52,7622218,49047188.98,3.4204,0.0
2022-06-29,6.49,6.51,6.27,6.27,6673312,42531379.36,2.9946,-3.8344
2022-06-30,6.29,6.35,6.26,6.34,4357040,27504774.6,1.9552,1.1164
2022-07-01,6.34,6.38,6.25,6.32,3013700,19032303.64,1.3524,-0.3155
2022-07-04,6.32,6.43,6.3,6.42,4032082,25684199.88,1.8094,1.5823
2022-07-05,6.5,6.5,6.28,6.34,3336660,21203159.44,1.4973,-1.2461
2022-07-06,6.34,6.4,6.26,6.38,3534906,22406125.42,1.5863,0.6309
2022-07-07,6.36,6.4,6.32,6.33,2910512,18489006.08,1.3061,-0.7837
2022-07-08,6.33,6.45,6.31,6.41,3757396,24058254.52,1.6861,1.2638
2022-07-11,6.39,6.45,6.28,6.38,3467652,22031748.48,1.5561,-0.468
2022-07-12,6.39,6.39,6.24,6.24,3268016,20549156.07,1.4665,-2.1944
2022-07-13,6.28,6.48,6.2,6.47,5114888,32584793.71,2.2952,3.6859
2022-07-14,6.48,7.1,6.39,6.57,11474052,76780944.28,5.1489,1.5456
2022-07-15,6.4,6.67,6.15,6.16,8003320,50484232.2,3.5914,-6.2405
2022-07-18,6.15,6.45,6.14,6.28,5384791,34011947.48,2.4164,1.9481
2022-07-19,6.33,6.5,6.25,6.4,4332839,27713831.4,1.9443,1.9108
2022-07-20,6.37,6.44,6.37,6.41,3298666,21144981.56,1.4802,0.1563
2022-07-21,6.42,6.62,6.4,6.55,6783878,44340020.06,3.0442,2.1841
2022-07-22,6.56,6.68,6.44,6.5,4064104,26607201.2,1.8237,-0.7634
2022-07-25,6.48,6.58,6.46,6.55,3291520,21517402.0,1.477,0.7692
2022-07-26,7.21,7.21,7.21,7.21,3958734,28542472.14,1.7764,10.0763
2022-07-27,7.93,7.93,7.93,7.93,5533627,43881662.11,2.4832,9.9861
2022-07-28,8.19,8.19,7.53,7.63,39697474,312323511.16,17.8138,-3.7831
2022-07-29,7.5,7.52,7.19,7.26,23301273,170896840.76,10.4562,-4.8493
2022-08-01,7.2,7.3,7.05,7.15,14526983,103813959.04,6.5187,-1.5152
2022-08-02,7.04,7.09,6.5,6.62,17044945,114032909.49,7.6486,-7.4126
2022-08-03,6.62,6.97,6.55,6.67,14804818,100106630.19,6.6434,0.7553
2022-08-04,6.76,6.76,6.48,6.66,9219296,60776131.8,4.137,-0.1499
2022-08-05,6.66,6.69,6.52,6.55,6031267,39664701.95,2.7064,-1.6517
2022-08-08,6.58,6.71,6.52,6.7,6155261,40938313.49,2.7621,2.2901
2022-08-09,6.73,6.73,6.58,6.64,5264600,34869566.91,2.3624,-0.8955
2022-08-10,6.74,6.77,6.66,6.71,6339360,42515005.07,2.8447,1.0542
2022-08-11,6.62,6.98,6.62,6.9,11204609,76417128.19,5.0279,2.8316
2022-08-12,6.89,7.05,6.82,6.93,6863588,47677051.72,3.0799,0.4348
2022-08-15,6.96,7.05,6.84,7.04,6297193,43939667.94,2.8258,1.5873
2022-08-16,7.01,7.09,6.95,7.03,5313481,37265469.62,2.3843,-0.142
2022-08-17,7.03,7.1,6.97,7.07,6346920,44669898.6,2.8481,0.569
2022-08-18,7.07,7.25,7.01,7.18,8035100,57564108.98,3.6056,1.5559
2022-08-19,7.19,7.47,7.08,7.1,9425481,68141594.21,4.2295,-1.1142
2022-08-22,7.04,7.22,7.04,7.09,5390311,38286057.61,2.4188,-0.1408
2022-08-23,7.06,7.27,7.05,7.19,5887449,42028008.73,2.6419,1.4104
2022-08-24,7.21,7.25,6.96,6.98,4864921,34371685.88,2.183,-2.9207
2022-08-25,7.0,7.09,6.84,6.96,4988940,34660131.4,2.2387,-0.2865
2022-08-26,6.99,7.1,6.88,6.9,2847400,19832150.0,1.2777,-0.8621
2022-08-29,6.81,7.16,6.74,7.14,5376780,37891713.2,2.4127,3.4783
2022-08-30,7.19,7.2,7.06,7.13,4289068,30531469.52,1.9246,-0.1401
2022-08-31,7.12,7.12,6.78,6.84,4666032,32140247.88,2.0938,-4.0673
2022-09-01,6.85,7.2,6.78,6.91,11703580,82285833.2,5.2518,1.0234
2022-09-02,6.98,7.08,6.83,7.07,6438820,45012413.4,2.8893,2.3155
2022-09-05,7.07,7.24,7.03,7.2,5938060,42523063.6,2.6646,1.8388
2022-09-06,7.19,7.22,7.08,7.2,5724050,41001024.2,2.5686,0.0
2022-09-07,7.55,7.92,7.07,7.15,18179876,133101412.0,8.1579,-0.6944
2022-09-08,6.95,7.85,6.93,7.44,22947675,168074066.23,10.2974,4.0559
2022-09-09,7.26,7.51,7.1,7.37,14760463,107569960.84,6.6235,-0.9409
2022-09-13,7.41,7.55,7.24,7.3,11903975,87720524.25,5.3417,-0.9498
2022-09-14,7.17,8.03,7.14,8.03,19220265,148032849.28,8.6248,10.0
2022-09-15,8.02,8.76,7.7,8.15,41909661,340462096.36,18.8062,1.4944
2022-09-16,7.98,8.32,7.49,8.13,26171667,207955915.42,11.7441,-0.2454
2022-09-19,7.91,8.49,7.82,8.1,22998996,187672863.61,10.3204,-0.369
2022-09-20,8.06,8.31,7.7,8.29,21012922,169389701.86,9.4292,2.3457
2022-09-21,8.09,8.21,7.8,8.01,15327772,123073150.82,6.8781,-3.3776
2022-09-22,7.99,8.15,7.55,7.64,16579427,129127526.41,7.4397,-4.6192
2022-09-23,7.56,7.6,7.13,7.18,14694457,108067640.87,6.5939,-6.0209
2022-09-26,7.03,7.12,6.66,6.68,13678254,93262853.6,6.1379,-6.9638
2022-09-27,6.7,6.89,6.65,6.81,7260382,49086261.1,3.258,1.9461
2022-09-28,6.81,7.38,6.76,6.88,11345428,79697492.16,5.0911,1.0279
2022-09-29,6.8,7.02,6.72,6.8,7434462,50869385.18,3.3361,-1.1628
2022-09-30,6.78,6.91,6.62,6.83,6236352,42279864.85,2.7984,0.4412
2022-10-10,6.83,6.88,6.4,6.41,7435499,48971905.69,3.3365,-6.1493
2022-10-11,6.4,6.54,6.33,6.54,4264740,27508647.8,1.9142,2.0281
2022-10-12,6.54,6.76,6.44,6.76,4841028,31961269.73,2.1729,3.3639
2022-10-13,6.76,6.84,6.62,6.64,5466322,36500340.52,2.4535,-1.7751
2022-10-14,6.64,6.95,6.64,6.85,6831875,46688058.0,3.0665,3.1627
2022-10-17,6.83,7.02,6.8,7.0,5062360,35090610.0,2.2722,2.1898
2022-10-18,7.04,7.05,6.92,7.0,3452380,24116959.4,1.5496,0.0
2022-10-19,7.03,7.18,6.94,7.11,5777920,40886695.0,2.5934,1.5714
2022-10-20,7.09,7.17,7.02,7.06,3579200,25395968.0,1.6065,-0.7032
2022-10-21,7.12,7.12,6.97,7.08,3215103,22671041.13,1.4431,0.2833
2022-10-24,7.02,7.3,7.02,7.08,5288680,37950771.4,2.3738,0.0
2022-10-25,7.11,7.11,6.8,6.99,3710460,25890352.75,1.6654,-1.2712
2022-10-26,7.0,7.14,7.0,7.08,2855780,20171732.2,1.2818,1.2876
2022-10-27,7.08,7.2,7.05,7.13,3004440,21452623.4,1.3485,0.7062
2022-10-28,7.17,7.17,6.77,6.8,3490860,24173521.75,1.5669,-4.6283
2022-10-31,6.68,6.87,6.62,6.69,3049940,20573098.6,1.369,-1.6176
2022-11-01,6.72,6.78,6.65,6.77,2602015,17479298.0,1.1679,1.1958
2022-11-02,6.76,7.45,6.73,7.45,13082585,95005315.43,5.8721,10.0443
2022-11-03,7.43,8.2,7.37,8.2,22698291,177832279.97,10.1881,10.0671
2022-11-04,8.19,8.44,7.84,7.94,33082202,265581083.73,14.8488,-3.1707
2022-11-07,7.87,8.18,7.75,8.01,23624834,188179774.38,10.6039,0.8816
2022-11-08,8.02,8.07,7.7,7.93,17163812,134903392.95,7.7039,-0.9988
2022-11-09,8.01,8.72,7.93,8.44,27285798,228201066.62,12.2471,6.4313
2022-11-10,8.54,9.1,8.36,8.8,25063340,219596507.4,11.2496,4.2654
2022-11-11,8.95,9.0,8.42,8.49,18243165,158038105.15,8.1884,-3.5227
2022-11-14,8.5,8.7,8.26,8.35,11175871,94643242.67,5.0163,-1.649
2022-11-15,8.37,8.82,8.37,8.8,13186920,114109627.6,5.9189,5.3892
2022-11-16,8.9,8.94,8.5,8.66,8899420,77182670.2,3.9945,-1.5909
2022-11-17,8.68,8.68,8.4,8.65,6411800,55062393.2,2.8779,-0.1155
2022-11-18,8.91,9.51,8.42,8.9,35253238,317322107.87,15.8233,2.8902
2022-11-21,8.81,9.79,8.81,9.79,25933523,241339315.7,11.6402,10.0
2022-11-22,10.77,10.77,10.7,10.77,19326084,208138642.68,8.6743,10.0102
2022-11-23,11.75,11.85,11.07,11.85,27237664,317727269.83,12.2253,10.0279
2022-11-24,12.0,13.04,10.81,13.04,56904482,667073050.89,25.5408,10.0422
2022-11-25,12.5,12.64,11.74,11.74,58987610,706792552.19,26.4758,-9.9693
2022-11-28,11.55,11.84,10.78,11.33,47064911,531789361.46,21.1245,-3.4923
2022-11-29,10.91,11.76,10.81,11.28,43238527,485480023.82,19.4061,-0.4413
2022-11-30,10.97,11.33,10.22,10.31,38445612,409643378.07,17.255,-8.5993
2022-12-01,10.35,10.75,10.15,10.64,28944270,303612161.76,12.9906,3.2008
2022-12-02,10.41,10.87,10.39,10.71,24115765,257193487.52,10.8235,0.6579
2022-12-05,10.58,10.87,10.44,10.57,19410785,206378315.0,8.7119,-1.3072
2022-12-06,10.57,11.07,10.21,10.97,25035178,266807868.86,11.2362,3.7843
2022-12-07,10.86,11.68,10.67,11.14,35024708,390980825.38,15.7196,1.5497
2022-12-08,11.16,11.25,10.33,10.7,21166059,225707092.87,9.4997,-3.9497
2022-12-09,10.6,10.64,9.81,10.05,23881038,243431157.54,10.7182,-6.0748
2022-12-12,10.11,10.44,9.96,10.22,12197015,124700525.0,5.4742,1.6915
2022-12-13,10.4,10.4,9.91,9.98,12522025,126905958.9,5.6201,-2.3483
2022-12-14,10.01,10.98,10.01,10.98,42719362,463167648.59,19.1731,10.02
2022-12-15,10.64,11.62,10.64,11.3,36015983,402187453.92,16.1645,2.9144
2022-12-16,11.08,11.49,10.75,10.88,18163900,201209036.8,8.1522,-3.7168
2022-12-19,10.89,11.06,10.56,10.8,11514625,124897161.65,5.1679,-0.7353
2022-12-20,10.77,10.8,10.09,10.29,15108840,156554498.06,6.7811,-4.7222
2022-12-21,10.36,10.79,10.22,10.6,16349649,172717253.01,7.338,3.0126
2022-12-22,10.61,10.65,10.0,10.03,13012650,133073222.0,5.8403,-5.3774
2022-12-23,10.0,10.21,9.7,10.11,10227466,102286747.44,4.5902,0.7976
2022-12-26,10.6,10.6,9.18,9.89,20746650,204438599.52,9.3114,-2.1761
2022-12-27,9.85,10.19,9.72,9.99,15019060,149871416.4,6.7408,1.0111
2022-12-28,9.95,9.99,9.24,9.4,16255806,154492612.34,7.2959,-5.9059
2022-12-29,9.68,9.93,9.36,9.53,15147300,146450451.6,6.7983,1.383
2022-12-30,9.5,9.64,9.3,9.51,8723608,82893344.2,3.9153,-0.2099
2023-01-03,9.35,9.72,9.35,9.62,7834184,74624131.72,3.5161,1.1567
2023-01-04,9.61,9.82,9.49,9.55,6578744,63297274.72,2.9526,-0.7277
2023-01-05,9.61,10.08,9.49,9.81,12203202,119946626.02,5.4768,2.7225
2023-01-06,9.69,10.79,9.69,10.79,14987259,157096343.72,6.7263,9.9898
2023-01-09,11.0,11.5,10.78,10.8,36362220,403288916.71,16.3195,0.0927
2023-01-10,10.9,10.99,10.37,10.52,20614279,218206092.31,9.2517,-2.5926
2023-01-11,10.58,10.95,10.21,10.65,19489574,206375810.67,8.747,1.2357
2023-01-12,10.66,10.67,10.09,10.2,16807431,172295183.52,7.5432,-4.2254
2023-01-13,10.14,10.2,9.92,9.93,8936784,89267474.52,4.0109,-2.6471
2023-01-16,10.0,10.3,9.86,9.92,8099860,81068207.2,3.6352,-0.1007
2023-01-17,9.91,10.03,9.72,9.82,7273912,71495945.26,3.2646,-1.0081
2023-01-18,9.77,9.79,9.52,9.55,5962240,57168334.4,2.6759,-2.7495
2023-01-19,9.51,9.65,9.41,9.51,4552653,43409310.54,2.0432,-0.4188
2023-01-20,9.51,9.74,9.51,9.64,4637054,44726554.62,2.0811,1.367
2023-01-30,9.82,9.97,9.7,9.85,10901320,107223996.4,4.8925,2.1784
2023-01-31,9.83,9.83,9.32,9.55,12166130,116147896.8,5.4602,-3.0457
2023-02-01,9.56,10.25,9.53,10.02,18199112,179564961.24,8.1678,4.9215
2023-02-02,9.91,10.06,9.8,9.96,10311298,102030978.38,4.6277,-0.5988
2023-02-03,9.98,10.0,9.77,9.95,6842503,67462655.18,3.0709,-0.1004
2023-02-06,10.2,10.2,9.71,9.79,10018460,99477538.8,4.4963,-1.608
2023-02-07,9.81,10.15,9.75,10.05,12412173,124432674.35,5.5706,2.6558
2023-02-08,10.06,10.3,9.97,10.14,12295883,125213183.73,5.5184,0.8955
2023-02-09,10.13,10.21,9.86,10.0,12285860,122776089.4,5.5139,-1.3807
2023-02-10,9.96,9.96,9.62,9.76,10353435,101114101.34,4.6467,-2.4
2023-02-13,9.64,10.11,9.64,10.09,10807292,107608547.57,4.8503,3.3811
2023-02-14,10.22,10.62,9.86,10.03,17658583,180164364.99,7.9252,-0.5946
2023-02-15,10.09,10.19,9.98,10.09,9724490,97956781.42,4.3644,0.5982
2023-02-16,10.09,10.2,9.63,9.71,8792632,87252372.52,3.9462,-3.7661
2023-02-17,9.69,9.82,9.52,9.58,4956312,47888796.2,2.2242,-1.3388
2023-02-20,9.55,9.65,9.42,9.64,4181732,39802282.56,1.8766,0.6263
2023-02-21,9.62,9.62,9.4,9.52,6120808,58061414.6,2.7468,-1.2448
2023-02-22,9.47,9.63,9.4,9.54,3886553,37090488.64,1.7441,0.2101
2023-02-23,9.54,9.82,9.54,9.74,6430780,62411938.8,2.8859,2.0964
2023-02-24,9.72,9.73,9.4,9.45,6254800,59446938.6,2.8069,-2.9774
2023-02-27,9.5,9.52,9.33,9.36,3477520,32716853.6,1.5606,-0.9524
2023-02-28,9.33,9.45,9.33,9.44,2438200,22890868.52,1.0942,0.8547
2023-03-01,9.44,9.48,9.38,9.48,2673599,25226785.65,1.1998,0.4237
2023-03-02,9.47,9.47,9.21,9.22,5087760,47321830.8,2.2832,-2.7426
2023-03-03,9.23,9.32,9.09,9.23,3647640,33581438.8,1.6369,0.1085
2023-03-06,9.28,9.34,9.11,9.3,4311720,39744707.0,1.9349,0.7584
2023-03-07,9.28,9.28,8.98,8.98,4462960,40606645.4,2.0028,-3.4409
2023-03-08,8.93,9.09,8.88,9.08,3231760,29164628.6,1.4503,1.1136
2023-03-09,9.15,9.15,8.98,8.99,2314440,20959785.4,1.0386,-0.9912
2023-03-10,8.89,8.99,8.83,8.85,3743840,33243570.18,1.6801,-1.5573
2023-03-13,8.81,8.91,8.69,8.76,2905540,25433907.8,1.3039,-1.0169
2023-03-14,8.99,8.99,8.48,8.59,3652140,31516270.0,1.6389,-1.9406
2023-03-15,8.62,8.79,8.62,8.72,2506700,21847438.0,1.1249,1.5134
2023-03-16,8.73,8.85,8.57,8.61,3168100,27489613.0,1.4217,-1.2615
2023-03-17,8.66,8.72,8.6,8.61,1851900,16015753.8,0.8311,0.0
2023-03-20,8.61,8.73,8.46,8.7,3683400,31737054.0,1.653,1.0453
2023-03-21,8.69,8.91,8.62,8.84,3991263,35089801.46,1.7911,1.6092
2023-03-22,8.87,9.06,8.85,8.94,3270203,29293485.96,1.4675,1.1312
2023-03-23,8.9,9.01,8.88,8.94,2038184,18194544.32,0.9147,0.0
2023-03-24,8.97,9.37,8.82,8.89,9254102,83806887.76,4.1529,-0.5593
2023-03-27,8.87,8.89,8.63,8.69,6768166,58970461.62,3.0373,-2.2497
2023-03-28,8.75,8.78,8.47,8.48,4333909,36943145.27,1.9449,-2.4166
2023-03-29,8.48,8.48,8.32,8.35,3461880,29022929.2,1.5536,-1.533
2023-03-30,8.4,8.4,8.23,8.29,2675575,22160300.1,1.2007,-0.7186
2023-03-31,8.34,8.61,8.3,8.58,4149120,35353603.4,1.862,3.4982
2023-04-03,8.5,8.62,8.46,8.53,3296300,28140292.5,1.4793,-0.5828
2023-04-04,8.51,8.53,8.27,8.28,3102780,25940937.4,1.392,-2.9308
2023-04-06,8.28,8.35,8.19,8.25,2346380,19371613.6,1.0527,-0.3623
2023-04-07,8.3,8.41,8.25,8.39,2040020,17024699.0,0.9152,1.697
2023-04-10,8.39,8.4,7.99,8.06,5992956,48557580.24,2.6887,-3.9333
2023-04-11,8.07,8.07,7.82,7.99,3734384,29686404.32,1.6754,-0.8685
2023-04-12,8.03,8.28,7.95,8.25,4751433,38820651.41,2.1317,3.2541
2023-04-13,8.2,8.27,8.13,8.14,2176700,17792499.0,0.9766,-1.3333
2023-04-14,8.13,8.24,8.13,8.18,1475392,12074628.0,0.6619,0.4914
2023-04-17,8.18,8.47,8.15,8.2,3585713,29715956.4,1.6087,0.2445
2023-04-18,8.21,8.45,8.11,8.37,4073540,33764549.6,1.8276,2.0732
2023-04-19,8.31,8.77,8.29,8.66,7528197,64622461.58,3.3775,3.4648
2023-04-20,8.61,8.67,8.48,8.57,4989516,42641812.7,2.2385,-1.0393
2023-04-21,8.57,8.8,8.52,8.65,6900980,59873161.0,3.0961,0.9335
2023-04-24,8.73,8.74,8.32,8.42,4180988,35275096.88,1.8758,-2.659
2023-04-25,8.42,8.49,8.0,8.12,3349300,27389144.6,1.5026,-3.5629
2023-04-26,8.15,8.57,8.09,8.51,6160557,51746483.89,2.7639,4.803
2023-04-27,8.5,8.6,8.36,8.38,3570680,30245357.4,1.602,-1.5276
2023-04-28,8.4,8.58,8.38,8.56,2440079,20739471.66,1.0947,2.148
2023-05-04,8.52,8.63,8.49,8.53,2339700,20015832.0,1.0497,-0.3505
2023-05-05,8.6,8.61,8.26,8.32,2965080,24802259.8,1.3303,-2.4619
2023-05-08,8.32,8.37,8.16,8.33,2323104,19181860.32,1.0422,0.1202
2023-05-09,8.29,8.52,8.1,8.45,4920590,40996691.0,2.2076,1.4406
2023-05-10,8.45,9.3,8.44,9.3,15934793,144385009.03,7.149,10.0592
2023-05-11,9.39,9.75,8.95,9.22,24134881,225572556.14,10.8279,-0.8602
2023-05-12,9.16,9.34,9.02,9.14,13348282,122067054.92,5.9886,-0.8677
2023-05-15,9.29,10.05,9.18,10.05,23443481,226374456.81,10.5177,9.9562
2023-05-16,10.3,11.06,9.99,10.09,34197720,357272328.94,15.3425,0.398
2023-05-17,9.88,10.27,9.86,10.19,20019103,202139943.62,8.9814,0.9911
2023-05-18,10.11,10.28,9.58,9.68,18916264,184806698.74,8.4866,-5.0049
2023-05-19,9.69,9.77,9.54,9.72,8638318,83629713.0,3.8755,0.4132
2023-05-22,9.66,9.77,9.5,9.73,7738756,74740760.04,3.4719,0.1029
2023-05-23,9.71,9.93,9.51,9.55,8796344,85043905.24,3.9464,-1.8499
2023-05-24,9.54,9.95,9.42,9.8,10042339,98008240.14,4.5054,2.6178
2023-05-25,9.8,10.24,9.58,9.78,12806651,126512983.97,5.7456,-0.2041
2023-05-26,9.82,9.85,9.48,9.73,7237088,70092972.68,3.2469,-0.5112
2023-05-29,9.69,9.69,9.4,9.44,6003038,57058059.4,2.6932,-2.9805
2023-05-30,9.45,9.64,9.3,9.54,5860740,55623724.2,2.6294,1.0593
2023-05-31,9.45,9.59,9.36,9.45,3683226,34863175.5,1.6524,-0.9434
2023-06-01,9.53,9.77,9.33,9.67,6075328,58320489.12,2.7256,2.328
2023-06-02,9.64,10.2,9.57,10.05,12634328,125508686.21,5.6683,3.9297
2023-06-05,10.19,10.19,9.83,9.88,6966000,69126679.0,3.1252,-1.6915
2023-06-06,9.87,10.44,9.79,9.96,15145996,152725852.32,6.7951,0.8097
2023-06-07,9.84,9.9,9.52,9.56,11354700,109457947.0,5.0942,-4.0161
2023-06-08,9.63,9.75,9.5,9.57,6412254,61644391.6,2.8768,0.1046
2023-06-09,9.57,9.61,9.39,9.57,3940260,37432379.2,1.7678,0.0
2023-06-12,9.49,10.05,9.44,9.94,8052028,78895919.4,3.6125,3.8662
2023-06-13,9.94,10.74,9.89,10.74,17764809,184317304.61,7.97,8.0483
2023-06-14,10.65,10.9,10.42,10.75,17798584,190170883.64,7.9852,0.0931
2023-06-15,10.86,11.05,10.64,10.9,17605098,191223431.52,7.8984,1.3953
2023-06-16,10.84,11.16,10.36,10.48,14705500,158285019.56,6.5975,-3.8532
2023-06-19,10.65,10.65,10.2,10.31,8691340,89722149.12,3.8993,-1.6221
2023-06-20,10.25,10.44,10.09,10.09,5480588,55805064.6,2.4588,-2.1339
2023-06-21,10.35,10.98,10.23,10.39,19698756,208327838.0,8.8377,2.9732
2023-06-26,10.46,11.43,10.46,11.43,25590547,284133294.49,11.481,10.0096
2023-06-27,12.39,12.57,11.82,12.57,16756733,205635662.69,7.5178,9.9738
2023-06-28,13.04,13.83,12.1,12.37,55820060,721460666.58,25.0432,-1.5911
2023-06-29,11.98,12.49,11.46,11.65,37868676,449859940.35,16.9894,-5.8205
2023-06-30,11.58,12.82,11.47,12.82,26847419,324919477.65,12.0353,10.0429
2023-07-03,14.09,14.1,13.84,14.1,11336600,159478263.56,5.0861,9.9844
2023-07-04,15.33,15.51,14.25,14.7,55299141,827398152.49,24.7899,4.2553
2023-07-05,14.23,16.16,13.81,13.98,48643857,719178031.5,21.8064,-4.898
2023-07-06,13.27,14.8,13.04,14.44,41241767,572455073.11,18.4881,3.2904
2023-07-07,13.92,15.4,13.62,14.88,39846765,586276531.79,17.8628,3.0471
2023-07-10,14.88,15.1,13.75,14.56,30137711,432392709.7,13.5103,-2.1505
2023-07-11,14.26,14.98,13.9,14.16,25123657,359512647.5,11.2626,-2.7473
2023-07-12,14.16,14.17,13.24,13.6,26723691,362189598.96,11.9799,-3.9548
2023-07-13,13.36,13.72,13.23,13.35,19642127,264059203.18,8.8053,-1.8382
2023-07-14,13.03,13.51,12.68,13.24,18022470,237411375.84,8.0792,-0.824
2023-07-17,13.25,13.65,13.16,13.26,16496247,221283814.57,7.395,0.1511
2023-07-18,13.22,13.63,13.09,13.38,13976865,187149553.82,6.2656,0.905
2023-07-19,13.18,13.3,12.58,12.94,15635687,201510277.85,7.0056,-3.2885
2023-07-20,12.98,13.11,12.62,12.66,9688777,124632318.32,4.3411,-2.1638
2023-07-21,12.46,13.09,12.46,12.86,9262220,119167206.04,4.1499,1.5798
2023-07-24,12.8,13.22,12.62,13.09,9983200,130005186.0,4.473,1.7885
2023-07-25,13.1,13.18,12.6,12.97,10669594,136889083.59,4.7805,-0.9167
2023-07-26,12.8,12.93,12.5,12.58,7497265,95003368.94,3.3591,-3.0069
2023-07-27,12.4,12.79,12.4,12.48,6282783,78976374.21,2.815,-0.7949
2023-07-28,12.35,12.51,12.17,12.33,6843514,84386325.85,3.0662,-1.2019
2023-07-31,12.26,12.41,12.0,12.09,9236516,112534288.87,4.1384,-1.9465
2023-08-01,12.09,12.1,11.81,11.93,6863831,81866552.48,3.0133,-1.3234
2023-08-02,11.89,13.12,11.78,13.12,14757347,185059250.44,6.4787,9.9749
2023-08-03,13.3,13.4,12.71,12.97,24509513,319028811.09,10.7225,-1.1433
2023-08-04,12.84,12.99,12.51,12.63,18081216,228993732.65,7.9103,-2.6214
2023-08-07,12.38,12.63,12.13,12.54,18289755,228327894.62,8.0015,-0.7126
2023-08-08,12.54,12.8,12.21,12.36,17689605,221243920.63,7.3434,-1.4354
2023-08-09,12.2,12.54,12.13,12.35,11674137,144140889.98,4.8462,-0.0809
2023-08-10,12.3,12.77,12.0,12.65,17759586,221220929.78,7.3724,2.4291
2023-08-11,12.78,13.09,12.34,12.36,19003292,242545301.36,7.8887,-2.2925
2023-08-14,12.46,12.88,12.19,12.75,15391678,192331096.76,6.3894,3.1553
2023-08-15,12.69,13.09,12.2,12.28,13237479,166805717.03,5.4952,-3.6863
2023-08-16,12.23,12.32,11.28,11.5,19971183,234126766.48,8.2816,-6.3518
2023-08-17,11.42,11.75,11.19,11.61,12232960,140410311.58,5.0728,0.9565
2023-08-18,11.59,11.61,10.94,10.95,12897445,143951783.83,5.3483,-5.6848
2023-08-21,10.95,11.3,10.9,10.93,7596700,83782956.46,3.1502,-0.1826
2023-08-22,10.94,11.11,10.7,10.94,5273371,57378742.8,2.1868,0.0915
2023-08-23,10.94,11.67,10.75,11.03,15016930,168922301.19,6.2272,0.8227
2023-08-24,11.11,11.33,10.82,11.09,9791848,108545515.57,4.0605,0.544
2023-08-25,10.95,11.02,10.56,10.68,8516949,91639203.84,3.5318,-3.697
2023-08-28,11.26,11.26,10.77,10.8,8044089,88459135.3,3.3357,1.1236
2023-08-29,10.95,11.88,10.8,11.88,13218465,151945806.2,5.4814,10.0
2023-08-30,11.88,12.15,11.68,11.94,15647107,186785441.33,6.4885,0.5051
2023-08-31,11.94,11.99,11.68,11.74,7656320,90320805.86,3.1749,-1.675
2023-09-01,11.73,11.96,11.68,11.84,6169697,72888084.39,2.5584,0.8518
2023-09-04,12.25,12.5,11.86,12.06,11014751,132323953.12,4.5676,1.8581
2023-09-05,12.1,12.49,11.97,12.31,15647164,191557656.32,6.4886,2.073
2023-09-06,12.31,12.57,12.12,12.54,13150506,162615854.43,5.4532,1.8684
2023-09-07,12.49,12.59,12.08,12.1,7324544,89775698.52,3.0373,-3.5088
2023-09-08,12.3,12.3,10.89,11.24,15382681,175615469.67,6.3789,-7.1074
2023-09-11,11.24,11.44,11.07,11.34,8882069,100059302.08,3.6832,0.8897
2023-09-12,11.32,11.62,11.23,11.52,5377581,61840008.96,2.23,1.5873
2023-09-13,11.47,11.59,11.19,11.31,5123026,57956939.76,2.1244,-1.8229
2023-09-14,11.27,11.4,11.1,11.25,3708324,41563717.33,1.5378,-0.5305
2023-09-15,11.34,11.75,11.27,11.3,6693828,76484162.3,2.7758,0.4444
2023-09-18,11.27,11.59,11.18,11.43,4448240,50765617.82,1.8446,1.1504
2023-09-19,11.39,11.42,11.11,11.14,3575376,39984358.06,1.4826,-2.5372
2023-09-20,11.3,11.38,11.03,11.05,3820290,42753970.14,1.5842,-0.8079
2023-09-21,11.01,11.23,10.9,10.97,3014293,33187553.97,1.25,-0.724
2023-09-22,10.92,11.32,10.92,11.29,3999771,44806282.68,1.6586,2.917
2023-09-25,11.26,11.42,11.05,11.18,3873259,43311921.24,1.6062,-0.9743
2023-09-26,11.15,11.24,11.0,11.02,2693018,29844577.24,1.1167,-1.4311
2023-09-27,11.08,11.36,10.93,11.14,3857710,43147809.6,1.5997,1.0889
2023-09-28,11.21,11.37,11.18,11.32,2880151,32522823.88,1.1943,1.6158
2023-10-09,11.32,11.4,11.15,11.2,3817558,42916985.47,1.5831,-1.0601
2023-10-10,11.58,11.78,10.75,10.76,10599159,116648993.55,4.3953,-3.9286
2023-10-11,10.76,10.87,10.63,10.7,5674537,60989971.25,2.3531,-0.5576
2023-10-12,10.83,11.37,10.68,11.12,8070581,89062983.28,3.3467,3.9252
2023-10-13,11.06,11.06,10.54,10.55,6171010,65942580.57,2.559,-5.1259
2023-10-16,10.53,10.63,10.27,10.36,4406203,45735044.99,1.8272,-1.8009
2023-10-17,10.38,10.46,10.25,10.36,2704205,27912276.75,1.1214,0.0
2023-10-18,10.25,10.36,10.2,10.2,2925702,29995630.63,1.2132,-1.5444
2023-10-19,10.14,10.47,10.08,10.24,3240039,33471008.82,1.3436,0.3922
2023-10-20,10.23,10.39,10.15,10.2,2711543,27852971.57,1.1244,-0.3906
2023-10-23,10.35,10.4,9.89,9.92,5390325,54257766.83,2.2353,-2.7451
2023-10-24,10.0,10.48,10.0,10.37,4744930,48779647.91,1.9676,4.5363
2023-10-25,10.24,10.48,10.22,10.32,3105688,32121959.4,1.2879,-0.4822
2023-10-26,10.11,10.3,9.93,10.08,4774321,47984010.58,1.9798,-2.3256
2023-10-27,10.07,10.38,9.95,10.32,4926962,50276969.06,2.0431,2.381
2023-10-30,10.23,10.38,9.95,10.2,5085951,51437996.23,2.109,-1.1628
2023-10-31,10.1,10.25,9.99,10.06,3494502,35274893.5,1.4491,-1.3725
2023-11-01,10.05,10.32,10.05,10.23,3391314,34596411.64,1.4063,1.6899
2023-11-02,10.21,10.38,10.06,10.08,3205854,32581521.03,1.3294,-1.4663
2023-11-03,10.02,10.93,10.02,10.6,11416900,120971579.43,4.7344,5.1587
2023-11-06,10.61,11.04,10.61,10.87,10536331,113805751.64,4.3692,2.5472
2023-11-07,10.85,10.88,10.69,10.81,4781360,51623798.2,1.9827,-0.552
2023-11-08,10.77,10.86,10.6,10.71,5323448,57060511.12,2.2075,-0.9251
2023-11-09,10.67,10.96,10.67,10.76,5413237,58510806.98,2.2448,0.4669
2023-11-10,10.68,10.77,10.48,10.56,3915436,41335072.78,1.6237,-1.8587
2023-11-13,10.68,10.8,10.54,10.77,3782970,40547524.3,1.5687,1.9886
2023-11-14,10.85,11.16,10.65,10.9,6559240,71585770.2,2.72,1.2071
2023-11-15,11.0,11.09,10.86,10.95,3605609,39469650.81,1.4952,0.4587
2023-11-16,10.95,11.18,10.82,11.05,6345369,70116828.45,2.6313,0.9132
2023-11-17,10.98,12.16,10.8,11.9,30079943,355111191.91,12.4735,7.6923
2023-11-20,12.28,12.87,12.08,12.3,31165933,386514936.63,12.9239,3.3613
2023-11-21,12.3,12.5,12.03,12.32,18205221,223991250.69,7.5493,0.1626
2023-11-22,12.27,12.37,11.94,11.95,10131992,122327556.6,4.2015,-3.0032
2023-11-23,11.91,12.34,11.9,12.19,6944525,84367357.07,2.8798,2.0084
2023-11-24,12.1,12.25,11.9,11.94,5668143,68111508.59,2.3505,-2.0509
2023-11-27,11.83,12.09,11.71,11.78,5865168,69375353.06,2.4322,-1.34
2023-11-28,11.78,11.87,11.6,11.68,5742230,67261808.47,2.3812,-0.8489
2023-11-29,11.65,12.06,11.5,11.76,7364047,87005683.77,3.0537,0.6849
2023-11-30,11.76,11.82,11.43,11.57,5482800,63551866.77,2.2736,-1.6156
2023-12-01,11.59,11.79,11.5,11.56,4811885,56088508.95,1.9954,-0.0864
2023-12-04,11.5,11.72,10.88,11.2,12093560,135486544.17,5.015,-3.1142
2023-12-05,11.16,11.22,10.98,10.99,5435479,60284551.59,2.254,-1.875
2023-12-06,10.95,11.2,10.95,11.06,4782213,52942583.42,1.9831,0.6369
2023-12-07,11.07,11.07,10.79,10.9,4194982,45683920.4,1.7396,-1.4467
2023-12-08,10.98,10.98,10.66,10.71,4861394,52389665.48,2.0159,-1.7431
2023-12-11,10.7,10.95,10.63,10.87,5210580,56314965.6,2.1607,1.4939
2023-12-12,10.87,10.95,10.75,10.83,2727380,29484309.6,1.131,-0.368
2023-12-13,10.79,10.85,10.71,10.76,2289200,24651330.0,0.9493,-0.6464
2023-12-14,10.76,10.81,10.63,10.65,2904107,31106246.64,1.2043,-1.0223
2023-12-15,10.65,10.7,10.57,10.6,2113172,22452079.48,0.8763,-0.4695
2023-12-18,10.58,10.61,10.37,10.4,2467700,25879957.0,1.0233,-1.8868
2023-12-19,10.5,10.5,10.22,10.45,2055200,21402280.0,0.8522,0.4808
2023-12-20,10.46,10.51,10.31,10.32,2018068,20958466.68,0.8369,-1.244
2023-12-21,10.33,10.65,10.15,10.45,3571116,37047924.45,1.4809,1.2597
2023-12-22,10.46,10.51,10.22,10.25,3118000,32195106.0,1.293,-1.9139
2023-12-25,10.24,10.25,10.1,10.13,2037320,20699117.4,0.8448,-1.1707
2023-12-26,10.13,10.22,9.9,9.95,2576200,25754304.0,1.0683,-1.7769
2023-12-27,9.95,10.14,9.9,10.05,3310360,33178870.8,1.3727,1.005
2023-12-28,10.01,10.85,10.0,10.58,8191246,86110326.6,3.3967,5.2736
2023-12-29,10.56,10.99,10.42,10.95,9497028,101903850.76,3.9382,3.4972
2024-01-02,10.86,11.09,10.72,10.78,5678891,61771233.13,2.3549,-1.5525
2024-01-03,10.76,10.76,10.39,10.48,5323347,55980868.09,2.2075,-2.7829
2024-01-04,10.46,10.63,10.35,10.46,3106783,32403089.46,1.2883,-0.1908
2024-01-05,10.78,10.87,10.24,10.27,6250821,65757276.76,2.5921,-1.8164
2024-01-08,10.15,10.44,10.04,10.05,4338361,44283314.2,1.799,-2.1422
2024-01-09,10.17,10.31,10.04,10.14,3168740,32181412.4,1.314,0.8955
2024-01-10,10.11,10.2,9.91,10.07,2717626,27379183.98,1.1269,-0.6903
2024-01-11,10.07,10.48,9.98,10.43,5027401,51603218.98,2.0848,3.575
2024-01-12,10.33,10.7,10.3,10.38,4085921,42936287.11,1.6943,-0.4794
2024-01-15,10.36,10.36,10.01,10.18,3418820,34856544.8,1.4177,-1.9268
2024-01-16,10.23,10.3,10.03,10.19,2800980,28388879.2,1.1615,0.0982
2024-01-17,10.2,10.2,9.71,9.72,3699003,36699876.11,1.5339,-4.6124
2024-01-18,9.81,9.81,9.33,9.6,4335565,41279606.38,1.7979,-1.2346
2024-01-19,9.6,9.89,9.54,9.59,3564983,34538873.95,1.4783,-0.1042
2024-01-22,9.59,9.64,8.79,8.84,4190300,38370931.4,1.7376,-7.8206
2024-01-23,8.84,8.86,8.55,8.8,4016530,35143404.8,1.6656,-0.4525
2024-01-24,8.98,9.0,8.5,8.87,3643776,31913308.25,1.511,0.7955
2024-01-25,8.85,9.07,8.71,9.07,3409869,30457740.32,1.414,2.2548
2024-01-26,9.1,9.22,9.0,9.03,3049106,27781615.18,1.2644,-0.441
2024-01-29,9.13,9.13,8.56,8.59,4162540,36224112.2,1.7261,-4.8726
2024-01-30,8.55,8.79,8.27,8.29,3631270,30711923.96,1.5058,-3.4924
2024-01-31,8.49,8.52,7.77,7.78,4904600,39535987.0,2.0338,-6.152
2024-02-01,7.77,7.9,7.55,7.77,6110054,47164800.07,2.5337,-0.1285
2024-02-02,7.68,7.89,6.99,7.2,7624405,55861433.72,3.1617,-7.3359
2024-02-05,7.12,7.13,6.48,6.48,4796841,31725436.93,1.9892,-10.0
2024-02-06,5.83,6.16,5.83,5.84,15033317,88450711.15,6.234,-9.8765
2024-02-07,5.87,5.96,5.26,5.38,20445127,112831682.63,8.4782,-7.8767
2024-02-08,5.33,5.92,5.25,5.87,18775354,105849063.16,7.7858,9.1078
2024-02-19,5.96,6.29,5.96,6.25,14447970,88671226.89,5.9913,6.4736
2024-02-20,6.28,6.72,6.09,6.65,8859828,57114860.64,3.674,6.4
2024-02-21,6.55,7.01,6.43,6.7,8409008,57396577.15,3.487,0.7519
2024-02-22,6.71,6.97,6.66,6.97,5239535,35886328.62,2.1727,4.0299
2024-02-23,6.96,7.47,6.95,7.44,10229715,74629546.18,4.2421,6.7432
2024-02-26,7.45,7.84,7.33,7.66,9464740,71810713.0,3.9248,2.957
2024-02-27,7.6,7.95,7.47,7.95,6929902,53895836.94,2.8737,3.7859
2024-02-28,8.0,8.12,7.16,7.16,13465401,101911988.57,5.5838,-9.9371
2024-02-29,6.9,7.42,6.85,7.33,8164500,58994937.2,3.3857,2.3743
2024-03-01,7.5,7.55,7.24,7.43,6712500,49660094.0,2.6117,1.3643
2024-03-04,7.51,7.55,7.05,7.3,7803517,56383079.23,3.0362,-1.7497
2024-03-05,7.23,7.29,6.95,6.98,8134642,57331234.1,3.165,-4.3836
2024-03-06,7.01,7.25,6.95,7.15,5810840,41314434.2,2.2609,2.4355
2024-03-07,7.23,7.32,7.03,7.08,7175063,51634040.15,2.7917,-0.979
2024-03-08,7.06,7.14,6.97,7.07,3705240,26170689.6,1.4416,-0.1412
2024-03-11,7.09,7.78,7.09,7.78,4483298,33805367.32,1.7444,10.0424
2024-03-12,8.56,8.56,8.56,8.56,2716329,23251776.24,1.0569,10.0257
2024-03-13,9.42,9.42,9.42,9.42,3040636,28642791.12,1.183,10.0467
2024-03-14,9.36,9.37,8.48,8.7,40966792,361854867.87,15.9393,-7.6433
2024-03-15,8.37,8.64,8.14,8.2,28499967,234991902.81,11.0887,-5.7471
2024-03-18,8.35,8.57,8.29,8.49,26208651,220760597.05,10.1972,3.5366
2024-03-19,8.41,8.5,8.26,8.26,16975757,141769448.48,6.6049,-2.7091
2024-03-20,8.27,9.09,8.26,9.09,13342517,117243958.1,5.1913,10.0484
2024-03-21,9.19,9.36,8.82,8.95,34016958,307227350.19,13.2352,-1.5402
2024-03-22,8.95,9.27,8.9,9.18,31793582,290721022.13,12.3702,2.5698
2024-03-25,8.92,9.46,8.76,8.81,24862082,225868063.3,9.6733,-4.0305
2024-03-26,8.81,9.69,8.76,9.4,33330561,309172112.94,12.9682,6.6969
2024-03-27,9.1,9.2,8.46,8.47,24694475,217426029.7,9.6081,-9.8936
2024-03-28,7.88,8.58,7.88,8.43,19478814,162519437.03,7.5788,-0.4723
2024-03-29,8.43,8.68,8.21,8.33,10957226,91414618.32,4.2632,-1.1862
2024-04-01,8.28,9.16,8.28,8.93,27644642,249922093.72,10.7559,7.2029
2024-04-02,8.98,9.37,8.86,9.19,30609250,278239275.02,11.9094,2.9115
2024-04-03,9.18,9.58,8.9,9.02,20700826,188618064.95,8.0542,-1.8498
2024-04-08,9.01,9.38,8.72,8.73,15136123,135703816.88,5.8891,-3.2151
2024-04-09,8.7,9.6,8.7,9.6,15483104,145310316.26,6.0241,9.9656
2024-04-10,10.07,10.56,9.66,9.96,52754371,538360527.15,20.5255,3.75
2024-04-11,8.96,9.46,8.96,9.26,35428675,325963664.74,13.7845,-7.0281
2024-04-12,9.0,9.06,8.33,8.43,30777965,264718195.82,11.975,-8.9633
2024-04-15,8.26,8.26,7.59,7.59,20470923,159249305.69,7.9648,-9.9644
2024-04-16,7.37,7.51,6.84,6.85,16850903,119047106.02,6.5563,-9.7497
2024-04-17,7.03,7.54,7.03,7.54,8449050,62334627.1,3.2873,10.073
2024-04-18,7.62,7.75,7.31,7.53,16184687,121926502.69,6.2971,-0.1326
2024-04-19,7.5,7.95,7.35,7.87,17609204,134646103.38,6.8513,4.5153
2024-04-22,7.64,7.77,7.48,7.53,10224275,77491667.54,3.978,-4.3202
2024-04-23,7.63,7.73,7.39,7.49,8838827,67209034.94,3.439,-0.5312
2024-04-24,7.51,7.58,7.43,7.55,7861987,59036679.89,3.0589,0.8011
2024-04-25,7.5,7.68,7.4,7.54,7616968,57651000.18,2.9636,-0.1325
2024-04-26,7.5,7.63,7.42,7.56,8450609,63718236.33,3.2879,0.2653
2024-04-29,7.55,7.9,7.53,7.87,11807503,91943227.85,4.594,4.1005
2024-04-30,7.99,8.02,7.67,7.78,8751640,68201966.2,3.4051,-1.1436
2024-05-06,7.96,8.13,7.85,8.08,11245160,89783803.8,4.3752,3.856
2024-05-07,8.04,8.47,7.98,8.31,13428913,110620529.74,5.2249,2.8465
2024-05-08,8.27,8.27,8.05,8.08,8735791,70936180.73,3.3989,-2.7677
2024-05-09,8.28,8.7,8.24,8.31,14671213,123626571.37,5.7082,2.8465
2024-05-10,8.3,8.36,8.06,8.11,9791680,79810174.8,3.8097,-2.4067
2024-05-13,7.91,8.09,7.71,7.95,8552273,67575252.07,3.3275,-1.9729
2024-05-14,7.97,8.06,7.93,7.95,4807920,38398968.04,1.8707,0.0
2024-05-15,7.96,7.99,7.86,7.86,3905660,30938536.6,1.5196,-1.1321
2024-05-16,7.88,8.1,7.88,8.0,6320125,50675946.7,2.459,1.7812
2024-05-17,8.1,8.1,7.92,8.08,5283632,42318895.96,2.0557,1.0
2024-05-20,8.07,8.18,7.96,7.98,5678480,45654929.8,2.2094,-1.2376
2024-05-21,7.98,8.78,7.92,8.78,14961878,129221171.24,5.8213,10.0251
2024-05-22,8.96,9.39,8.95,9.1,44637729,408177403.9,17.3675,3.6446
2024-05-23,8.82,8.9,8.52,8.54,26051599,226066630.55,10.1361,-6.1538
2024-05-24,8.55,8.84,8.34,8.42,17206680,146209487.4,6.6947,-1.4052
2024-05-27,8.42,8.7,8.34,8.6,19346851,164978346.57,7.5274,2.1378
2024-05-28,8.42,8.49,8.22,8.26,13828081,114655391.45,5.3802,-3.9535
2024-05-29,8.18,8.52,7.9,8.49,16595631,137035759.61,6.457,2.7845
2024-05-30,8.42,8.42,8.07,8.09,12062089,99124578.16,4.6931,-4.7114
2024-05-31,8.02,8.15,7.96,8.12,7975361,64247178.28,3.103,0.3708
2024-06-03,8.12,8.19,7.49,7.72,12614970,98154222.48,4.9082,-4.9261
2024-06-04,7.58,7.6,7.05,7.3,10656884,77466676.4,4.1464,-5.4404
2024-06-05,7.36,7.36,7.15,7.2,6231612,45204244.36,2.4246,-1.3699
2024-06-06,7.19,7.28,6.85,6.91,9228700,64386566.0,3.5907,-4.0278
2024-06-07,6.95,7.15,6.95,7.11,6163293,43536699.99,2.398,2.8944
2024-06-11,7.11,7.14,6.93,7.14,4293164,30290403.03,1.6704,0.4219
2024-06-12,7.14,7.27,7.1,7.26,4845660,34966795.2,1.8853,1.6807
2024-06-13,7.24,7.29,7.11,7.16,4355600,31236076.0,1.6947,-1.3774
2024-06-14,7.15,7.25,7.05,7.25,3214784,23108503.76,1.2508,1.257
2024-06-17,7.2,7.27,7.12,7.18,3665616,26321023.36,1.4262,-0.9655
2024-06-18,7.16,7.28,7.12,7.28,3854075,27913695.69,1.4995,1.676
2024-06-19,7.28,7.35,7.23,7.3,3694800,26949993.59,1.4376,0.2747
2024-06-20,7.29,7.3,7.06,7.09,4255100,30424051.0,1.6556,-2.8767
2024-06-21,7.05,7.12,6.97,7.01,3402660,23912555.4,1.3239,-1.1283
2024-06-24,6.98,6.98,6.64,6.67,5064200,34247704.0,1.9704,-4.8502
2024-06-25,6.69,6.8,6.68,6.72,3713900,25032284.0,1.445,0.7496
2024-06-26,6.72,6.95,6.64,6.95,4134426,28179835.18,1.6086,3.4226
2024-06-27,6.94,7.02,6.83,6.84,3681580,25504771.4,1.4324,-1.5827
2024-06-28,6.84,6.96,6.79,6.83,3118700,21471528.0,1.2134,-0.1462
2024-07-01,6.82,6.99,6.8,6.96,4237180,29275574.8,1.6486,1.9034
2024-07-02,6.96,7.66,6.91,7.38,12731718,93407698.06,4.9536,6.0345
2024-07-03,7.28,7.73,7.13,7.46,14713685,109001305.89,5.7248,1.084
2024-07-04,7.2,7.45,7.12,7.12,10040520,72594063.4,3.9065,-4.5576
2024-07-05,7.06,7.09,6.91,7.02,5696687,39914089.0,2.2165,-1.4045
2024-07-08,7.0,7.72,6.94,7.72,19841271,151865911.36,7.7198,9.9715
2024-07-09,7.74,8.48,7.68,7.95,36377248,286786256.49,14.1536,2.9793
2024-07-10,7.77,7.79,7.53,7.59,20581461,156929724.47,8.0078,-4.5283
2024-07-11,7.69,8.2,7.6,7.85,27000472,212490187.56,10.5053,3.4256
2024-07-12,7.81,7.83,7.55,7.58,16536181,127013120.75,6.4339,-3.4395
2024-07-15,7.61,7.65,7.35,7.39,10191018,75628707.46,3.9651,-2.5066
2024-07-16,7.35,7.41,7.16,7.29,9329300,67677433.0,3.6298,-1.3532
2024-07-17,7.3,7.31,7.03,7.06,8807593,62753741.98,3.4268,-3.155
2024-07-18,6.94,6.96,6.75,6.92,9484718,65164607.67,3.6903,-1.983
2024-07-19,6.9,7.02,6.8,6.95,6340800,43970415.0,2.4671,0.4335
2024-07-22,6.93,7.01,6.88,6.99,4882661,33980427.68,1.8997,0.5755
2024-07-23,6.92,7.1,6.92,6.92,7109661,49666092.0,2.7662,-1.0014
2024-07-24,6.75,6.98,6.75,6.86,5669491,39023625.9,2.2059,-0.8671
2024-07-25,6.81,6.88,6.61,6.76,6222020,41971485.4,2.4208,-1.4577
2024-07-26,6.75,6.86,6.74,6.83,3929300,26744006.0,1.5288,1.0355
2024-07-29,6.82,6.95,6.72,6.92,4245400,29040669.0,1.6518,1.3177
2024-07-30,7.02,7.05,6.85,6.93,3905400,27026732.0,1.5195,0.1445
2024-07-31,6.95,7.12,6.91,7.1,6657233,46898872.0,2.5902,2.4531
2024-08-01,7.11,7.14,7.01,7.04,5050920,35633184.0,1.9652,-0.8451
2024-08-02,6.99,7.05,6.91,6.91,5096533,35567946.68,1.9829,-1.8466
2024-08-05,6.82,6.98,6.71,6.72,6058092,41435019.76,2.3571,-2.7496
2024-08-06,6.84,6.88,6.74,6.83,3896700,26476645.0,1.5161,1.6369
2024-08-07,6.83,6.88,6.77,6.81,3123700,21267270.0,1.2154,-0.2928
2024-08-08,6.81,6.84,6.67,6.78,3532816,23886322.6,1.3745,-0.4405
2024-08-09,6.79,6.84,6.73,6.73,3027822,20541177.08,1.1781,-0.7375
2024-08-12,6.73,6.73,6.51,6.56,4548396,30045649.32,1.7697,-2.526
2024-08-13,6.56,6.67,6.5,6.66,3185292,21048983.28,1.2393,1.5244
2024-08-14,6.65,6.71,6.62,6.7,2539404,16948690.16,0.988,0.6006
2024-08-15,6.65,6.76,6.57,6.74,3407240,22835613.2,1.3257,0.597
2024-08-16,6.74,6.82,6.69,6.69,3110800,20994480.0,1.2103,-0.7418
2024-08-19,6.68,6.72,6.59,6.68,2224400,14836992.0,0.8655,-0.1495
2024-08-20,6.66,6.69,6.45,6.45,3919144,25618830.96,1.5249,-3.4431
2024-08-21,6.45,6.62,6.4,6.56,3470980,22663756.6,1.3505,1.7054
2024-08-22,6.56,6.74,6.51,6.56,5262188,34878556.56,2.0474,0.0
2024-08-23,6.53,6.54,6.32,6.39,4377780,28036499.2,1.7033,-2.5915
2024-08-26,6.39,6.62,6.39,6.61,4628900,30395665.4,1.801,3.4429
2024-08-27,6.61,6.64,6.41,6.44,3246300,21020908.0,1.2631,-2.5719
2024-08-28,6.4,6.55,6.36,6.48,2636820,17052819.8,1.0259,0.6211
2024-08-29,6.47,6.62,6.42,6.58,3219220,21148288.4,1.2525,1.5432
2024-08-30,6.42,6.68,6.4,6.6,7196763,47272908.2,2.8001,0.304
2024-09-02,6.56,6.88,6.54,6.56,6761200,45111321.57,2.6306,-0.6061
2024-09-03,6.5,6.77,6.48,6.67,5561715,36957062.15,2.1639,1.6768
2024-09-04,6.63,6.93,6.58,6.75,9008354,61016860.68,3.5049,1.1994
2024-09-05,6.71,6.78,6.66,6.74,4457000,29957511.0,1.7341,-0.1481
2024-09-06,6.73,6.73,6.56,6.56,4468300,29576974.97,1.7385,-2.6706
2024-09-09,6.5,6.6,6.5,6.54,2661255,17402745.05,1.0354,-0.3049
2024-09-10,6.53,6.59,6.44,6.55,2189155,14224804.15,0.8518,0.1529
2024-09-11,6.54,6.66,6.51,6.62,3407021,22488058.63,1.3256,1.0687
2024-09-12,6.61,6.64,6.49,6.49,3219312,21144126.48,1.2526,-1.9637
2024-09-13,6.48,6.53,6.26,6.27,3448760,21935236.6,1.3418,-3.3898
2024-09-18,6.26,6.29,6.08,6.15,3336513,20504009.17,1.2982,-1.9139
2024-09-19,6.15,6.35,6.15,6.33,3517480,22097979.4,1.3686,2.9268
2024-09-20,6.32,6.33,6.18,6.22,2564420,15974436.2,0.9978,-1.7378
2024-09-23,6.21,6.26,6.14,6.24,1973920,12302594.0,0.768,0.3215
2024-09-24,6.29,6.5,6.27,6.49,5051437,32323308.65,1.9654,4.0064
2024-09-25,6.52,6.69,6.52,6.58,5802996,38455582.62,2.2578,1.3867
2024-09-26,6.58,6.75,6.52,6.74,4685431,31199397.52,1.823,2.4316
2024-09-27,6.8,7.1,6.79,6.98,10313871,71519070.17,4.0129,3.5608
2024-09-30,7.24,7.63,7.03,7.57,16459901,121423088.28,6.4042,8.4527
2024-10-08,8.3,8.3,7.43,7.96,20807036,163621374.87,8.0956,5.1519
2024-10-09,7.79,7.79,7.16,7.16,13830784,102226213.68,5.3812,-10.0503
2024-10-10,7.16,7.33,6.99,7.15,7988660,57273730.98,3.1082,-0.1397
2024-10-11,7.1,7.15,6.81,6.88,8213093,57131003.1,3.1955,-3.7762
2024-10-14,6.98,7.17,6.88,7.14,6473056,45639622.16,2.5185,3.7791
2024-10-15,7.07,7.19,7.0,7.01,4749507,33695655.43,1.8479,-1.8207
2024-10-16,6.94,7.07,6.9,6.95,4555619,31817698.79,1.7725,-0.8559
2024-10-17,7.01,7.12,6.92,6.92,4632380,32594211.0,1.8024,-0.4317
2024-10-18,6.92,7.11,6.9,7.04,6647956,46608479.88,2.5866,1.7341
2024-10-21,7.04,7.3,7.04,7.24,7940536,57108606.92,3.0895,2.8409
2024-10-22,7.18,7.57,7.16,7.45,8820962,65053458.02,3.432,2.9006
2024-10-23,7.42,8.2,7.42,8.2,10838716,87674062.4,4.2171,10.0671
2024-10-24,8.28,8.29,7.75,7.89,34117128,269667694.14,13.2742,-3.7805
2024-10-25,7.85,8.5,7.78,8.2,34786428,284996234.87,13.5346,3.929
2024-10-28,8.22,8.43,8.0,8.15,21021788,170725146.92,8.1791,-0.6098
2024-10-29,8.13,8.14,7.72,7.75,17847857,140143603.78,6.9442,-4.908
2024-10-30,7.72,7.84,7.64,7.75,9381928,72512354.72,3.6503,0.0
2024-10-31,7.68,7.86,7.65,7.72,12173793,94372682.92,4.7366,-0.3871
2024-11-01,7.68,8.0,7.45,7.47,12383120,94643778.64,4.818,-3.2383
2024-11-04,7.45,7.66,7.36,7.66,6917720,52434963.4,2.6915,2.5435
2024-11-05,7.66,7.78,7.6,7.71,9869061,75973744.33,3.8398,0.6527
2024-11-06,7.75,8.0,7.71,7.76,13984432,109868570.3,5.441,0.6485
2024-11-07,7.8,8.05,7.73,8.0,14466304,115052076.08,5.6285,3.0928
2024-11-08,8.15,8.44,8.01,8.26,23497302,193489262.89,9.1423,3.25
2024-11-11,8.12,8.71,8.09,8.58,22658642,191733288.01,8.816,3.8741
2024-11-12,8.74,9.44,8.74,9.44,12049474,112336793.29,4.6882,10.0233
2024-11-13,9.35,9.35,8.5,8.91,43512413,381653331.82,16.9297,-5.6144
2024-11-14,8.62,8.75,8.32,8.37,22726480,193245470.6,8.8424,-6.0606
2024-11-15,8.27,8.46,8.09,8.1,14405100,119253714.86,5.6047,-3.2258
2024-11-18,8.2,8.6,7.84,8.47,22358315,185265409.0,8.6991,4.5679
2024-11-19,8.63,9.29,8.47,8.74,30661045,269411004.52,11.9295,3.1877
2024-11-20,8.89,9.6,8.88,9.23,32372279,297745915.06,12.5953,5.6064
2024-11-21,9.15,9.44,8.99,9.06,24977317,229420201.53,9.7181,-1.8418
2024-11-22,9.04,9.88,9.04,9.32,36216168,343667855.65,14.0909,2.8698
2024-11-25,9.1,9.65,8.94,9.45,27361285,253936079.64,10.6457,1.3948
2024-11-26,9.36,9.55,8.91,8.99,19462193,177431269.75,7.5723,-4.8677
2024-11-27,9.89,9.89,9.89,9.89,6825425,67503453.25,2.6556,10.0111
2024-11-28,10.88,10.88,10.49,10.55,30696956,331869149.24,11.9435,6.6734
2024-11-29,10.9,11.61,10.3,11.61,61993994,690074843.03,24.1205,10.0474
2024-12-02,11.0,11.25,10.45,10.45,63698071,677379759.04,24.7835,-9.9914
2024-12-03,9.95,10.14,9.61,9.69,48183983,473053765.06,18.7473,-7.2727
2024-12-04,9.52,9.69,9.33,9.44,26794325,254278219.52,10.4251,-2.58
2024-12-05,9.38,9.65,9.36,9.64,19387390,184813585.84,7.5432,2.1186
2024-12-06,9.59,9.78,9.39,9.68,18783365,180380272.65,7.3082,0.4149
2024-12-09,9.6,9.85,9.5,9.72,19214600,185943000.34,7.476,0.4132
2024-12-10,9.91,9.95,9.58,9.61,19775529,192236505.67,7.6942,-1.1317
2024-12-11,9.51,9.77,9.5,9.67,14361377,137961724.16,5.5877,0.6243
2024-12-12,9.62,9.67,9.44,9.54,13177604,125972649.72,5.1271,-1.3444
2024-12-13,9.52,9.52,9.17,9.18,18133538,168776608.72,7.0554,-3.7736
2024-12-16,9.24,9.25,8.9,8.98,13006784,117608976.7,5.0606,-2.1786
2024-12-17,8.98,9.01,8.57,8.59,11339925,99175176.3,4.4121,-4.343
2024-12-18,8.59,8.75,8.44,8.68,8606200,74335663.0,3.3485,1.0477
2024-12-19,8.6,8.71,8.56,8.69,7780836,67305113.12,3.0273,0.1152
2024-12-20,8.7,8.86,8.69,8.8,6647526,58432611.84,2.5864,1.2658
2024-12-23,8.85,8.85,8.45,8.47,9034747,77628766.89,3.5152,-3.75
2024-12-24,8.52,8.6,8.34,8.41,6275426,52878742.88,2.4416,-0.7084
2024-12-25,8.32,8.42,8.03,8.1,9506996,77489714.64,3.699,-3.6861
2024-12-26,8.09,8.28,8.03,8.23,5634485,46245771.33,2.1923,1.6049
2024-12-27,8.23,8.55,8.21,8.35,7272440,61043607.8,2.8295,1.4581
2024-12-30,8.3,8.58,8.15,8.38,11471843,96214675.25,4.4634,0.3593
2024-12-31,8.37,8.54,8.19,8.22,6927967,57795212.81,2.6955,-1.9093
2025-01-02,8.17,8.45,8.12,8.26,9925260,82581228.0,3.8617,0.4866
2025-01-03,8.29,8.47,8.0,8.08,11042361,90634005.59,4.2963,-2.1792
2025-01-06,8.06,8.09,7.68,7.97,7566500,59990267.0,2.944,-1.3614
2025-01-07,7.96,8.16,7.96,8.16,6120580,49514541.2,2.3814,2.3839
2025-01-08,8.18,8.42,8.06,8.4,10111800,83599295.0,3.9343,2.9412
2025-01-09,8.3,8.43,8.24,8.27,6497107,54091313.75,2.5279,-1.5476
2025-01-10,8.54,8.64,8.25,8.29,10551460,88140393.6,4.1053,0.2418
2025-01-13,8.38,8.45,8.02,8.35,6699120,55322307.2,2.6065,0.7238
2025-01-14,8.38,9.19,8.35,8.92,34653858,310473338.32,13.483,6.8263
2025-01-15,8.76,8.79,8.44,8.49,23530155,201051211.09,9.1551,-4.8206
2025-01-16,8.48,8.62,8.35,8.49,12348960,104545548.6,4.8047,0.0
2025-01-17,8.4,8.47,8.2,8.2,9910320,82052369.4,3.8559,-3.4158
2025-01-20,8.21,8.29,8.1,8.27,7044627,57823885.14,2.7409,0.8537
2025-01-21,8.36,8.47,8.3,8.41,9057821,75870114.51,3.5242,1.6929
2025-01-22,8.41,8.42,8.2,8.2,6345400,52555379.0,2.4689,-2.497
2025-01-23,8.27,8.35,8.11,8.12,6197120,51129064.4,2.4112,-0.9756
2025-01-24,8.0,8.1,7.9,8.06,6760740,54317056.8,2.6305,-0.7389
2025-01-27,8.12,8.18,7.97,8.02,4449300,35917098.8,1.7311,-0.4963
2025-02-05,8.05,8.27,8.04,8.13,5436261,44189579.89,2.1151,1.3716
2025-02-06,8.13,8.76,8.09,8.7,18003775,153055055.59,7.0049,7.0111
2025-02-07,8.7,9.18,8.6,8.86,22680068,202945876.75,8.8243,1.8391
2025-02-10,8.75,9.05,8.74,8.99,11866067,105169195.46,4.6168,1.4673
2025-02-11,8.99,9.38,8.91,9.34,20182148,185923477.53,7.8524,3.8932
2025-02-12,9.27,9.32,9.1,9.28,13096476,120270484.67,5.0955,-0.6424
2025-02-13,9.28,9.45,8.95,8.96,16683480,152842174.6,6.4912,-3.4483
2025-02-14,8.95,9.04,8.78,8.82,10239108,90748491.66,3.9838,-1.5625
2025-02-17,8.85,8.88,8.72,8.84,8318426,73197670.76,3.2365,0.2268
2025-02-18,8.84,9.02,8.69,8.75,11777126,104078006.86,4.5822,-1.0181
2025-02-19,8.71,8.84,8.7,8.82,6080415,53431127.15,2.3658,0.8
2025-02-20,8.8,8.96,8.8,8.88,6772951,60308042.43,2.6352,0.6803
2025-02-21,8.88,8.96,8.75,8.82,8882357,78634223.74,3.4559,-0.6757
2025-02-24,8.8,8.83,8.56,8.7,8138458,70493184.2,3.1665,-1.3605
2025-02-25,8.62,8.72,8.55,8.61,4975232,42932481.0,1.9358,-1.0345
2025-02-26,8.62,8.88,8.62,8.82,7237290,63501932.0,2.8159,2.439
2025-02-27,8.83,9.18,8.81,9.0,14984323,135014433.51,5.8301,2.0408
2025-02-28,8.93,9.24,8.9,8.94,19233693,174648200.31,7.4834,-0.6667
2025-03-03,8.93,9.64,8.82,9.45,30530527,285347327.85,11.8787,5.7047
2025-03-04,9.16,9.25,8.95,9.05,18710280,169502855.36,7.2798,-4.2328
2025-03-05,9.05,9.62,9.05,9.53,31747858,299644254.03,12.3524,5.3039
2025-03-06,9.5,9.79,9.37,9.66,22569065,216372735.19,8.7811,1.3641
2025-03-07,9.6,9.8,9.41,9.55,18447777,176588620.74,7.1776,-1.1387
2025-03-10,10.35,10.51,10.35,10.51,28813885,302230665.03,11.2108,10.0524
2025-03-11,10.57,11.25,10.13,10.95,57777309,614446825.18,22.4799,4.1865
2025-03-12,10.64,11.32,10.64,11.13,38431295,424862333.04,14.9528,1.6438
2025-03-13,11.01,12.21,11.0,11.85,35307804,412174330.19,13.7375,6.469
2025-03-14,11.73,11.84,11.09,11.21,24738389,279642364.53,9.6252,-5.4008
2025-03-17,11.11,11.32,10.78,11.12,20299238,224047736.69,7.898,-0.8029
2025-03-18,11.22,11.89,10.5,10.63,36921442,407781704.22,14.3653,-4.4065
2025-03-19,10.6,10.63,10.17,10.29,25305733,261779941.05,9.8459,-3.1985
2025-03-20,10.27,10.45,10.02,10.09,20880604,212193876.83,8.1242,-1.9436
2025-03-21,10.15,10.19,9.8,9.88,13600441,135257775.08,5.2916,-2.0813
2025-03-24,9.85,9.93,9.65,9.9,14418668,141037590.82,5.61,0.2024
2025-03-25,9.77,9.88,9.37,9.55,15386572,146724356.34,5.9866,-3.5354
2025-03-26,9.6,9.6,9.36,9.42,10336301,97710926.39,4.0216,-1.3613
2025-03-27,9.35,9.44,9.16,9.19,11502080,106824542.35,4.4752,-2.4416
2025-03-28,9.22,9.23,8.88,8.94,10131660,91374929.0,3.942,-2.7203
2025-03-31,8.93,8.93,8.63,8.83,10133372,88732222.53,3.9427,-1.2304
2025-04-01,8.89,8.99,8.8,8.91,9013528,80148792.22,3.507,0.906
2025-04-02,8.99,9.2,8.84,8.88,9635080,86759363.0,3.7488,-0.3367
2025-04-03,8.7,8.95,8.7,8.77,6376700,56147004.0,2.481,-1.2387
2025-04-07,8.3,8.31,7.89,7.89,6928200,55295894.0,2.6956,-10.0342
2025-04-08,8.68,8.68,8.41,8.68,10110800,87700063.0,3.9339,10.0127
2025-04-09,8.5,8.5,7.81,8.45,25729316,208441624.7,10.0107,-2.6498
2025-04-10,8.52,8.77,8.36,8.54,18258959,157092669.38,7.1042,1.0651
2025-04-11,8.52,8.98,8.47,8.78,15695620,137849498.4,6.1068,2.8103
2025-04-14,8.9,9.18,8.84,9.03,14828281,133953591.22,5.7694,2.8474
2025-04-15,9.11,9.38,8.94,9.04,12869500,117463920.0,5.0072,0.1107
2025-04-16,9.01,9.1,8.68,8.79,11032080,97730847.2,4.2923,-2.7655
2025-04-17,8.78,8.94,8.71,8.9,6971342,61916779.12,2.7124,1.2514
2025-04-18,9.01,9.34,8.94,9.21,19744804,181181969.15,7.6823,3.4831
2025-04-21,9.22,9.29,9.05,9.22,12024410,110471592.83,4.6784,0.1086
2025-04-22,9.15,9.19,9.01,9.04,8063000,73049460.4,3.1371,-1.9523
2025-04-23,9.02,9.11,8.94,9.06,8184070,73883556.29,3.1842,0.2212
2025-04-24,8.63,9.38,8.47,9.15,26543220,238269058.08,10.3274,0.9934
2025-04-25,9.16,9.17,8.93,8.96,11821128,106379013.4,4.5993,-2.0765
2025-04-28,8.96,9.76,8.86,9.51,23829923,222901364.04,9.2717,6.1384
2025-04-29,9.4,9.72,9.28,9.65,17510700,167992546.29,6.813,1.4721
2025-04-30,9.78,9.78,9.16,9.16,22611530,212059494.7,8.7976,-5.0777
2025-05-06,9.2,9.56,9.2,9.55,14641690,137876712.4,5.6968,4.2576
2025-05-07,9.65,9.72,9.39,9.5,11732344,111796176.68,4.5648,-0.5236
2025-05-08,9.5,9.54,9.4,9.43,9105861,86107271.63,3.5429,-0.7368
2025-05-09,9.45,9.59,9.3,9.36,9119483,85803860.43,3.5482,-0.7423
2025-05-12,9.49,9.7,9.43,9.54,9524292,90766855.92,3.7057,1.9231
2025-05-13,9.6,10.49,9.49,10.49,49699415,505746800.48,19.3369,9.9581
2025-05-14,10.31,10.52,10.17,10.29,38077942,392092134.46,14.8153,-1.9066
2025-05-15,10.32,10.32,9.81,9.85,21393662,213188467.66,8.3238,-4.276
2025-05-16,9.86,10.32,9.86,10.13,26266083,265572169.97,10.2195,2.8426
2025-05-19,10.03,10.34,9.79,10.27,25545483,257933008.51,9.9392,1.382
2025-05-20,10.26,10.34,10.05,10.25,13579460,138432065.4,5.2835,-0.1947
2025-05-21,10.19,10.75,10.13,10.72,34673685,364050239.73,13.4908,4.5854
2025-05-22,10.52,10.58,10.16,10.28,23970213,247871850.78,9.3263,-4.1045
2025-05-23,11.22,11.31,11.22,11.31,24868552,281086970.35,9.6758,10.0195
2025-05-26,11.34,12.44,10.93,11.66,67505063,778890772.87,26.2647,3.0946
2025-05-27,11.71,12.83,11.71,12.83,23857654,297568330.62,9.2825,10.0343
2025-05-28,13.87,13.87,12.32,12.54,76622014,1007717325.14,29.8119,-2.2603
2025-05-29,12.28,13.4,12.1,12.35,54075213,677625605.23,21.0395,-1.5152
2025-05-30,11.75,11.96,11.12,11.12,56681484,638682575.21,22.0535,-9.9595
2025-06-03,11.02,11.21,10.86,10.92,32408438,355647330.83,12.6094,-1.7986
2025-06-04,11.0,11.89,10.82,11.52,41868823,478699930.57,16.2902,5.4945
2025-06-05,11.47,11.62,11.25,11.39,26957290,307421617.44,10.4885,-1.1285
2025-06-06,11.45,12.1,11.21,11.95,39977413,470762302.62,15.5543,4.9166
2025-06-09,12.3,13.15,12.3,13.15,17659613,228046693.25,6.871,10.0418
2025-06-10,13.15,14.47,12.5,13.63,70903540,941193190.6,27.587,3.6502
2025-06-11,13.52,14.0,12.66,12.71,51988329,688368677.31,20.2275,-6.7498
2025-06-12,12.36,12.98,12.36,12.72,36160338,459614303.35,14.0692,0.0787
2025-06-13,12.52,12.96,12.45,12.55,25737714,324502842.7,10.014,-1.3365
2025-06-16,12.44,12.87,12.38,12.58,21734954,272969722.0,8.4566,0.239
2025-06-17,12.58,12.64,12.03,12.31,27910028,343497485.9,10.8592,-2.1463
2025-06-18,12.09,13.36,11.96,12.81,38360467,483606177.7,14.9252,4.0617
2025-06-19,12.96,13.42,12.2,12.32,40387601,516359990.45,15.7139,-3.8251
2025-06-20,12.32,13.55,12.22,13.55,46321823,623343852.16,18.0228,9.9838
2025-06-23,13.47,14.91,13.17,14.91,71007574,983648608.82,27.6275,10.0369
2025-06-24,15.08,16.4,14.71,16.4,69905689,1109235354.91,27.1987,9.9933
2025-06-25,17.11,18.04,17.1,18.04,81164371,1440013109.23,31.5792,10.0
2025-06-26,17.5,19.8,16.88,18.83,87298247,1618018226.85,33.9658,4.3792
2025-06-27,20.3,20.71,19.22,19.7,103320931,2093195049.96,40.1999,4.6203
2025-06-30,19.44,20.15,18.5,19.96,81227419,1566560770.15,31.6038,1.3198
2025-07-01,19.01,19.31,17.96,17.96,52862573,965042488.84,20.5676,-10.02
2025-07-02,16.92,18.1,16.34,16.34,62895917,1053035663.36,24.4714,-9.02
2025-07-03,16.42,17.15,15.73,16.94,62368319,1026735176.46,24.2661,3.672
2025-07-04,16.51,16.8,15.9,16.22,46565600,755324046.2,18.1176,-4.2503
2025-07-07,16.23,16.45,16.12,16.36,25827958,420665615.24,10.0491,0.8631
2025-07-08,16.93,17.0,16.1,16.35,49979439,821914401.79,19.4459,-0.0611
2025-07-09,16.38,16.96,16.15,16.5,41719835,687470803.94,16.2323,0.9174
2025-07-10,16.34,16.35,15.58,15.67,33226285,524439374.98,12.9276,-5.0303
2025-07-11,15.54,15.79,15.42,15.66,20276848,316879253.49,7.8893,-0.0638
2025-07-14,15.68,15.71,15.32,15.56,16771956,260058113.52,6.5256,-0.6386
2025-07-15,15.6,15.62,15.09,15.2,19928523,303998086.28,7.7537,-2.3136
2025-07-16,15.18,15.55,15.18,15.24,14066379,215293927.34,5.4729,0.2632
2025-07-17,15.22,15.8,15.13,15.72,23837096,370528965.96,9.2745,3.1496
2025-07-18,15.8,16.72,15.77,16.55,49322047,802511187.36,19.1901,5.2799
2025-07-21,16.4,18.05,16.21,17.69,50027258,857479175.25,19.4645,6.8882
2025-07-22,17.29,17.98,16.83,16.93,44271158,765765734.11,17.2249,-4.2962
2025-07-23,16.59,16.89,16.42,16.72,24094084,401242323.89,9.3745,-1.2404
2025-07-24,16.72,17.21,16.48,16.56,22109922,370403180.58,8.6025,-0.9569
2025-07-25,16.57,16.72,16.36,16.4,16094108,265226507.24,6.2619,-0.9662
2025-07-28,16.4,17.04,16.38,17.0,22058936,371910610.4,8.5826,3.6585
2025-07-29,16.9,17.13,16.0,16.28,27248876,449731807.48,10.6019,-4.2353
2025-07-30,16.29,16.34,15.63,15.73,19143000,303633040.12,7.4481,-3.3784
2025-07-31,15.93,16.48,15.9,16.0,16539756,267309769.72,6.4352,1.7165
2025-08-01,15.88,16.2,15.85,15.87,9775100,156175642.0,3.8033,-0.8125
2025-08-04,15.74,16.28,15.52,16.23,11459131,183518638.44,4.4585,2.2684
2025-08-05,16.23,16.43,16.05,16.36,11778000,191227199.4,4.5826,0.801
2025-08-06,17.0,17.23,16.4,16.58,39807786,661960369.98,15.4883,1.3447
2025-08-07,16.3,16.3,15.86,16.01,20683691,330749253.8,8.0476,-3.4379
2025-08-08,15.87,16.01,15.75,15.78,10391743,164337281.25,4.0432,-1.4366
2025-08-11,15.77,16.08,15.7,15.94,11201720,178510539.6,4.3583,1.0139
2025-08-12,15.95,16.02,15.48,15.54,15098865,235865238.62,5.8746,-2.5094
2025-08-13,15.54,15.67,15.47,15.56,10877304,168940824.2,4.2321,0.1287
2025-08-14,15.5,15.57,15.1,15.23,15960540,244249046.64,6.2099,-2.1208
2025-08-15,15.24,16.38,15.18,16.03,28580441,453355736.03,11.12,5.2528
2025-08-18,16.07,17.47,15.92,17.09,45400282,759512265.48,17.6642,6.6126
2025-08-19,17.1,18.07,16.76,17.63,48310440,842452155.39,18.7965,3.1597
2025-08-20,17.32,17.57,16.99,17.19,21941440,377680435.6,8.5369,-2.4957
2025-08-21,17.19,17.19,16.31,16.39,23116017,384040944.26,8.9939,-4.6539
2025-08-22,16.39,16.52,16.21,16.4,13769664,225039453.56,5.3575,0.061
2025-08-25,16.5,16.83,16.27,16.41,18999140,313148490.8,7.3921,0.061
2025-08-26,16.36,16.37,16.15,16.18,12552200,203877138.0,4.8838,-1.4016
2025-08-27,16.1,16.25,15.65,15.65,17276911,276591968.27,6.7221,-3.2756
2025-08-28,15.66,15.78,15.08,15.69,15003654,232012251.49,5.8376,0.2556
2025-08-29,15.68,16.89,15.5,16.65,36737449,603499849.83,14.2937,6.1185
2025-09-01,16.73,18.32,16.45,18.32,48642559,854901898.42,18.9257,10.03
2025-09-02,18.88,20.15,18.61,20.15,26318180,517483354.24,10.2398,9.9891
2025-09-03,19.8,20.47,18.7,19.08,69824126,1349728664.43,27.167,-5.3102
2025-09-04,18.68,20.61,18.68,19.37,70263519,1374582165.73,27.338,1.5199
2025-09-05,18.75,21.31,18.59,21.31,71842952,1444198767.13,27.9525,10.0155
2025-09-08,20.8,20.99,19.32,20.21,62493952,1256302959.85,24.315,-5.1619
2025-09-09,19.35,22.23,19.35,22.23,68241143,1427453291.12,26.5511,9.9951
2025-09-10,21.5,23.73,21.13,22.65,79972844,1774349019.06,31.1156,1.8893
2025-09-11,22.67,22.78,21.3,21.89,57416686,1251758766.03,22.3395,-3.3554
2025-09-12,21.47,21.6,19.8,20.43,52718472,1093758710.97,20.5116,-6.6697
2025-09-15,19.99,20.98,19.93,20.63,32441358,667656992.21,12.6222,0.979
2025-09-16,20.33,20.43,19.53,20.13,32637171,650975585.76,12.6984,-2.4237
2025-09-17,20.13,20.63,19.9,20.25,31293382,634770839.85,12.1756,0.5961
2025-09-18,20.11,20.35,19.3,19.79,27872766,554705199.65,10.8447,-2.2716
2025-09-19,19.74,19.99,19.4,19.4,19270394,378966713.72,7.4977,-1.9707
2025-09-22,19.22,19.77,18.85,19.68,15604629,303366532.38,6.0714,1.4433
2025-09-23,19.67,19.86,18.56,19.0,17511473,333950578.89,6.8133,-3.4553
2025-09-24,18.9,19.33,18.09,18.72,25186200,469358148.2,9.7994,-1.4737
2025-09-25,18.65,18.79,18.45,18.58,13214560,245885570.2,5.1415,-0.7479
2025-09-26,18.4,18.65,18.22,18.31,16211840,297947508.6,6.3077,-1.4532
2025-09-29,18.2,18.79,18.2,18.58,12284560,228181235.6,4.7796,1.4746
2025-09-30,20.44,20.44,19.32,19.4,33038226,651651475.38,12.8544,4.4133
2025-10-09,19.73,20.28,19.57,19.99,36494080,726842007.04,14.199,3.0412
2025-10-10,20.14,20.15,18.91,19.01,23938531,459296542.06,9.3139,-4.9025
2025-10-13,17.75,18.89,17.55,18.73,17254725,316920291.9,6.7134,-1.4729
2025-10-14,18.05,18.26,17.67,17.7,24966960,447222363.4,9.7141,-5.4992
2025-10-15,17.33,18.01,16.39,17.9,19849607,339707777.98,7.723,1.1299
2025-10-16,17.69,17.69,16.87,16.91,17308711,296720386.81,6.7344,-5.5307
2025-10-17,16.93,17.14,16.74,16.85,10418960,176459801.8,4.0538,-0.3548
2025-10-20,16.93,17.43,16.93,17.31,12680725,218231467.2,4.9338,2.73
2025-10-21,17.32,17.32,16.96,17.28,10362584,177713926.12,4.0318,-0.1733
2025-10-22,17.16,17.38,17.07,17.16,7402460,127208037.6,2.8801,-0.6944
2025-10-23,17.3,17.62,17.08,17.61,14837829,258446765.51,5.7731,2.6224
2025-10-24,18.0,18.01,17.5,17.51,13912806,245208649.2,5.4132,-0.5679
2025-10-27,17.55,17.67,17.35,17.51,11149422,195114288.26,4.338,0.0
2025-10-28,17.45,17.81,17.21,17.54,13075964,228674951.52,5.0876,0.1713
2025-10-29,17.44,18.24,17.16,18.17,24915100,446137931.68,9.6939,3.5918
2025-10-30,18.2,18.29,17.77,17.77,16984612,305830467.32,6.6083,-2.2014
2025-10-31,17.72,18.45,17.72,18.1,17365380,316377087.2,6.7565,1.8571
2025-11-03,18.0,18.4,17.28,17.46,15531200,272439015.6,6.0428,-3.5359
2025-11-04,17.45,17.45,16.85,17.06,11876900,202825019.6,4.621,-2.291
2025-11-05,16.89,17.57,16.78,17.51,12587760,218211693.6,4.8976,2.6377
2025-11-06,17.71,17.84,17.26,17.55,11306740,198945966.8,4.3992,0.2284
2025-11-07,17.61,18.0,17.36,17.72,12219579,216491995.19,4.7544,0.9687
2025-11-10,17.75,17.9,17.53,17.72,7893319,139701154.46,3.0711,0.0
2025-11-11,17.73,18.07,17.62,17.8,9352759,167203334.82,3.6389,0.4515
2025-11-12,17.7,18.03,17.5,17.99,11022640,196600617.2,4.2887,1.0674
2025-11-13,17.9,19.1,17.82,18.86,29983736,560453403.13,11.666,4.836
2025-11-14,18.65,20.75,18.3,20.75,48294897,953789958.53,18.7905,10.0212
2025-11-17,20.0,21.19,19.41,20.99,55220719,1122336384.17,21.4851,1.1566
2025-11-18,21.8,22.6,19.97,20.8,58931626,1259830046.43,22.929,-0.9052
2025-11-19,19.82,20.45,18.76,18.91,35086250,680763935.25,13.6513,-9.0865
2025-11-20,18.97,19.7,18.81,19.04,26544488,510661755.97,10.3279,0.6875
2025-11-21,18.26,18.42,17.14,17.14,22406479,390398768.22,8.7179,-9.979
2025-11-24,17.02,17.59,16.0,17.11,21560655,358725818.5,8.3888,-0.175
2025-11-25,17.0,17.23,16.7,16.91,15415720,262144052.4,5.9979,-1.1689
2025-11-26,16.89,16.97,16.46,16.49,13126325,219005144.5,5.1072,-2.4837
2025-11-27,16.49,16.97,16.43,16.65,14303732,240139777.76,5.5653,0.9703
2025-11-28,16.61,16.91,16.54,16.91,12001360,201586002.4,4.6695,1.5616
2025-12-01,16.92,17.18,16.65,16.72,12511280,210857468.2,4.8679,-1.1236
2025-12-02,16.6,16.64,16.36,16.39,8959300,147397289.4,3.4859,-1.9737
2025-12-03,16.4,16.5,16.1,16.19,7924911,128657557.66,3.0834,-1.2203
2025-12-04,16.19,16.19,15.72,15.8,10270140,163328940.0,3.9959,-2.4089
2025-12-05,15.81,16.19,15.65,16.19,7953007,127035511.56,3.0943,2.4684
2025-12-08,16.19,16.36,16.12,16.24,7114380,115648925.2,2.768,0.3088
2025-12-09,16.16,16.27,16.12,16.19,6155600,99637068.0,2.395,-0.3079
2025-12-10,16.1,16.34,16.08,16.25,5866160,95013702.8,2.2824,0.3706
2025-12-11,16.18,16.3,15.92,15.92,6276120,100876959.4,2.4419,-2.0308
2025-12-12,15.98,16.0,15.8,15.88,5978080,95030783.2,2.3259,-0.2513
2025-12-15,15.77,15.97,15.69,15.7,4998380,78988151.6,1.9448,-1.1335
2025-12-16,15.65,15.68,15.23,15.3,6634800,102022940.25,2.5815,-2.5478
2025-12-17,15.3,15.65,15.21,15.59,5940220,91492173.0,2.3112,1.8954
2025-12-18,15.5,15.69,15.37,15.39,4820460,74811282.8,1.8755,-1.2829
2025-12-19,15.42,15.69,15.42,15.64,5522999,86051936.83,2.1489,1.6244
2025-12-22,15.79,15.99,15.68,15.86,5680825,89961114.05,2.2103,1.4066
2025-12-23,15.9,16.19,15.8,16.03,8605521,137622022.27,3.3482,1.0719
2025-12-24,16.0,16.35,15.9,16.27,10015835,162610706.05,3.8969,1.4972
2025-12-25,16.29,16.61,16.25,16.55,10767700,177007113.4,4.1895,1.721
2025-12-26,16.51,16.77,16.38,16.63,13619500,225608283.0,5.299,0.4834
2025-12-29,16.5,16.62,16.26,16.34,8088639,132521119.04,3.1471,-1.7438
2025-12-30,16.25,16.31,16.0,16.12,8729400,140936695.0,3.3964,-1.3464
2025-12-31,16.13,16.35,15.82,16.14,7042020,113160167.0,2.7399,0.1241
2026-01-05,16.18,16.72,16.06,16.67,12021600,197708914.0,4.6773,3.2838
2026-01-06,16.67,17.05,16.66,16.88,14220948,239618789.52,5.5331,1.2597
2026-01-07,16.81,16.97,16.51,16.58,12900040,215681780.6,5.0191,-1.7773
2026-01-08,16.48,16.84,16.46,16.6,8056200,134373815.4,3.1345,0.1206
2026-01-09,16.6,16.71,16.46,16.68,8796559,146212206.62,3.4225,0.4819
2026-01-12,16.73,17.15,16.69,17.02,11576788,196437428.64,4.5043,2.0384
2026-01-13,16.99,17.09,16.53,16.6,10992020,184799726.4,4.2767,-2.4677
2026-01-14,16.78,17.66,16.56,17.25,24329420,418239453.0,9.466,3.9157
2026-01-15,17.29,18.71,17.17,18.0,37024403,663678645.23,14.4054,4.3478
2026-01-16,18.0,18.33,17.62,17.75,24016569,430161850.53,9.3443,-1.3889
2026-01-19,17.73,18.59,17.68,18.08,24066243,437955606.96,9.3636,1.8592
2026-01-20,17.98,18.3,17.35,17.45,15780113,277183537.15,6.1397,-3.4845
2026-01-21,17.35,17.7,17.06,17.59,10775840,188497366.8,4.1926,0.8023
2026-01-22,17.56,17.66,17.23,17.25,10245810,177805056.8,3.9864,-1.9329
2026-01-23,17.65,18.35,17.65,18.18,24725218,445697449.88,9.62,5.3913
2026-01-26,18.19,18.6,17.84,18.12,21114465,384910966.3,8.2152,-0.33
2026-01-27,18.1,18.1,16.91,17.42,15477458,267807670.36,6.0219,-3.8631
2026-01-28,17.31,17.7,16.81,16.88,12993547,221515951.68,5.0555,-3.0999
2026-01-29,16.88,16.93,16.37,16.4,9030312,149998479.68,3.5135,-2.8436
2026-01-30,16.3,16.5,15.95,16.27,7732960,125260398.4,3.0087,-0.7927
2026-02-02,16.28,16.46,15.8,15.8,7225500,116151992.0,2.8113,-2.8888
2026-02-03,15.94,16.12,15.64,15.78,10253320,161971200.49,3.9893,-0.1266
2026-02-04,15.69,15.85,15.43,15.67,10306848,160918970.0,4.0102,-0.6971
2026-02-05,15.56,15.68,15.4,15.49,6489500,100566818.0,2.5249,-1.1487
2026-02-06,15.41,16.04,15.36,15.78,10134163,159914360.4,3.943,1.8722
2026-02-09,15.94,15.99,15.73,15.85,5927600,93770627.4,2.3063,0.4436
2026-02-10,15.81,15.88,15.71,15.73,4554080,71816092.2,1.7719,-0.7571
2026-02-11,15.73,15.76,15.51,15.56,5753360,89604855.4,2.2385,-1.0807
2026-02-12,15.56,15.62,15.37,15.53,4576681,71003444.44,1.7807,-0.1928
2026-02-13,15.43,15.84,15.43,15.61,5148679,80679637.05,2.0032,0.5151
2026-02-24,15.68,15.92,15.65,15.83,5164028,81620042.44,2.0092,1.4094
2026-02-25,15.85,16.03,15.73,16.0,6273577,100149521.29,2.4409,1.0739
2026-02-26,16.13,16.13,15.5,15.61,10144700,159607064.0,3.9471,-2.4375
2026-02-27,15.56,15.72,15.56,15.71,4947731,77477135.29,1.9251,0.6406
2026-03-02,15.31,15.55,14.85,14.87,11916847,179537861.4,4.6366,-5.3469
2026-03-03,14.9,15.75,14.9,15.09,12159624,186569490.37,4.731,1.4795
2026-03-04,14.82,15.08,14.65,14.7,7242412,107398955.0,2.8179,-2.5845
2026-03-05,14.98,15.44,14.81,15.19,9896753,149769508.52,3.8506,3.3333
2026-03-06,15.07,15.19,14.96,14.99,5858692,88088877.06,2.2795,-1.3167
2026-03-09,14.8,14.84,14.4,14.76,7944740,115980122.07,3.0911,-1.5344
2026-03-10,14.86,15.02,14.85,14.94,4231840,63170210.0,1.6465,1.2195
2026-03-11,15.0,15.43,14.86,15.11,8412975,127703647.0,3.2733,1.1379
2026-03-12,15.0,15.04,14.75,14.78,5930000,88051896.0,2.3072,-2.184
2026-03-13,14.66,15.09,14.65,14.79,5119900,76441451.0,1.992,0.0677
2026-03-16,14.79,15.55,14.71,15.35,12473834,189537589.79,4.8533,3.7863
2026-03-17,15.35,15.65,14.94,14.98,8394145,128024328.7,3.266,-2.4104
2026-03-18,14.99,15.05,14.6,14.75,5827660,85839474.4,2.2674,-1.5354
2026-03-19,14.56,14.65,14.27,14.3,5558449,80213439.86,2.1627,-3.0508
2026-03-20,14.35,14.59,14.01,14.01,6090430,87106380.4,2.3697,-2.028
2026-03-23,13.78,14.04,13.27,13.39,6676058,90845019.48,2.5975,-4.4254
2026-03-24,13.65,13.8,13.26,13.79,5840352,79082901.16,2.2724,2.9873
