日期,开盘,最高,最低,收盘,成交量,成交额,换手率,涨跌幅
2019-01-02,16.43,16.98,16.3,16.66,3557826,59469405.63,5.317306,2.208593
2019-01-03,16.75,17.24,16.3,16.52,4285699,72090714.3,6.40514,-0.840332
2019-01-04,16.25,18.17,16.0,17.71,7499167,129761113.31,11.207789,7.203382
2019-01-07,17.51,18.2,17.28,17.71,6454742,114248098.4,9.646857,0.0
2019-01-08,17.58,17.65,17.01,17.45,3780968,65522385.58,5.6508,-1.468088
2019-01-09,17.35,17.9,17.06,17.07,4599078,80684065.83,6.873496,-2.177656
2019-01-10,16.83,17.71,16.83,17.36,3393577,58516684.5,5.071829,1.698892
2019-01-11,17.35,18.06,17.32,17.61,2972577,52539187.26,4.442629,1.440092
2019-01-14,17.65,17.68,16.86,17.28,2333100,40053102.0,3.486906,-1.873935
2019-01-15,17.04,17.29,16.94,17.18,1332600,22825911.0,1.991621,-0.578706
2019-01-16,17.12,17.3,17.06,17.06,1182600,20291349.0,1.767441,-0.698492
2019-01-17,17.06,17.07,16.48,16.48,1604300,26875788.0,2.397687,-3.399765
2019-01-18,16.57,16.65,16.24,16.54,1335161,22008113.72,1.995449,0.364086
2019-01-21,16.81,16.98,16.59,16.75,951249,15972971.12,1.421678,1.269644
2019-01-22,16.62,17.09,16.55,16.85,1062700,17900103.17,1.588245,0.597017
2019-01-23,16.85,16.85,16.22,16.58,1451000,23794475.51,2.168574,-1.602377
2019-01-24,16.55,16.91,16.29,16.78,1508000,25151301.0,2.253763,1.206277
2019-01-25,16.7,16.76,16.21,16.25,1135200,18670165.0,1.696599,-3.158526
2019-01-28,16.3,16.55,16.18,16.39,767941,12564622.71,1.147717,0.861535
2019-01-29,16.22,16.39,15.0,15.73,957641,15091962.93,1.431231,-4.026845
2019-01-30,15.3,15.68,15.18,15.21,831000,12843908.0,1.241961,-3.305782
2019-01-31,15.21,15.56,14.83,15.29,954857,14518847.44,1.42707,0.525969
2019-02-01,15.23,15.79,15.23,15.71,718100,11199676.0,1.073228,2.746894
2019-02-11,15.71,16.88,15.56,16.8,2267358,37563030.08,3.388652,6.938251
2019-02-12,16.83,17.73,16.67,17.35,3695596,64029674.92,5.523208,3.273816
2019-02-13,17.84,19.09,17.81,19.09,6718309,125390228.13,10.040767,10.02882
2019-02-14,19.09,21.0,18.88,21.0,9070096,186108766.01,13.555602,10.00524
2019-02-15,21.1,21.2,20.01,20.41,5199969,107546953.04,7.771551,-2.809525
2019-02-18,20.41,22.0,20.16,21.47,7945702,166790073.31,11.875153,5.19353
2019-02-19,21.11,21.9,20.61,21.33,3679837,77791684.19,5.499656,-0.65207
2019-02-20,21.3,21.82,20.55,21.58,2971496,63115991.24,4.441013,1.172058
2019-02-21,21.72,23.73,21.35,22.04,4708080,106444958.12,7.036404,2.131608
2019-02-22,23.0,23.4,20.86,21.86,5741315,124842951.25,8.580613,-0.816698
2019-02-25,22.95,23.01,21.7,22.37,7740109,171511805.18,11.567886,2.333029
2019-02-26,22.09,22.11,21.08,21.35,4468718,96612751.2,6.678668,-4.55968
2019-02-27,20.8,21.25,19.96,20.41,5240041,107722473.65,7.83144,-4.402812
2019-02-28,20.45,21.19,20.4,20.53,4054212,84330142.02,6.059173,0.587951
2019-03-01,20.85,21.0,20.44,20.77,1944800,40289466.0,2.906577,1.16902
2019-03-04,20.9,22.4,20.9,21.28,5379307,116782917.11,8.039578,2.455466
2019-03-05,21.32,21.97,21.18,21.92,2793288,60413797.73,4.174675,3.007516
2019-03-06,22.24,22.34,21.38,21.77,3277184,71371755.72,4.897876,-0.684305
2019-03-07,21.75,21.91,21.39,21.74,2885812,62398707.8,4.312955,-0.137807
2019-03-08,21.59,21.79,20.44,20.44,2487000,52612969.15,3.716916,-5.979757
2019-03-11,20.5,21.46,20.5,21.46,2008326,42045460.77,3.001519,4.990208
2019-03-12,21.49,21.78,21.05,21.6,2875474,61764147.61,4.297505,0.652383
2019-03-13,21.8,22.53,20.28,20.3,4903268,105639920.25,7.32812,-6.018524
2019-03-14,20.4,20.66,19.09,19.4,3947185,78335858.88,5.899218,-4.433496
2019-03-15,20.01,21.15,20.01,21.05,4091954,84888529.1,6.11558,8.505153
2019-03-18,20.85,21.46,20.75,21.06,2769618,58338733.91,4.139299,0.047507
2019-03-19,21.25,21.96,21.25,21.51,2744748,59344615.43,4.10213,2.136756
2019-03-20,19.89,20.69,19.36,19.59,7960349,156916525.34,11.897043,-8.926081
2019-03-21,19.36,20.67,19.36,20.34,5962633,119413403.2,8.911381,3.828484
2019-03-22,20.75,21.7,20.38,20.4,6129041,128981228.9,9.160084,0.294983
2019-03-25,21.36,21.77,19.5,19.62,6998091,145996252.17,10.458912,-3.823524
2019-03-26,20.4,21.36,19.53,20.02,8799870,181177143.03,13.151739,2.038734
2019-03-27,19.79,20.48,19.41,19.59,5142857,102087445.08,7.686195,-2.147854
2019-03-28,19.6,20.1,18.42,18.42,5085800,98164621.56,7.600921,-5.972435
2019-03-29,18.6,20.1,18.6,20.0,6255617,121391542.23,9.349257,8.577633
2019-04-01,20.8,20.9,20.12,20.32,6134340,125479546.44,9.168004,1.599998
2019-04-02,20.75,20.83,19.99,20.02,4194800,85584678.0,6.269288,-1.476374
2019-04-03,20.45,20.48,19.81,20.17,3645799,73200379.81,5.448785,0.749249
2019-04-04,20.29,20.29,19.65,19.84,3605508,71740802.44,5.388568,-1.636093
2019-04-08,20.0,20.06,19.02,19.23,3875109,75195530.45,5.791497,-3.0746
2019-04-09,19.23,20.11,18.83,19.98,5737159,113160759.02,8.574402,3.900156
2019-04-10,19.66,20.48,19.5,19.87,4832234,96894974.59,7.221957,-0.550544
2019-04-11,19.88,20.32,19.45,19.5,3086719,61465080.41,4.613219,-1.862108
2019-04-12,19.28,19.48,18.88,19.1,2353827,45026511.88,3.517884,-2.05128
2019-04-15,19.35,19.77,19.0,19.17,2301309,44711203.95,3.439394,0.36649
2019-04-16,19.11,20.26,19.05,20.15,3498578,69276147.5,5.228757,5.112152
2019-04-17,20.38,22.16,20.0,21.46,6266869,133454553.98,9.366073,6.501238
2019-04-18,21.18,21.33,20.66,20.93,3332368,69962307.82,4.98035,-2.469705
2019-04-19,20.92,21.6,20.46,21.24,4108692,86703923.51,6.140596,1.481125
2019-04-22,21.21,21.88,21.15,21.29,3386981,72720229.13,5.061971,0.23541
2019-04-23,21.35,21.35,20.35,20.65,2742694,56854340.74,4.09906,-3.006112
2019-04-24,20.68,21.63,20.68,21.49,3461298,73388660.06,5.173041,4.067798
2019-04-25,21.6,21.63,20.28,20.62,2561600,53732414.0,3.828408,-4.048389
2019-04-26,20.61,21.17,20.3,20.97,2211100,46123628.0,3.304573,1.697374
2019-04-29,20.69,20.94,18.97,19.25,2622122,51652657.18,3.918861,-8.20219
2019-04-30,19.2,19.52,19.02,19.11,1339950,25740457.97,2.002606,-0.72727
2019-05-06,18.68,18.68,17.2,17.2,2091028,37125275.52,3.125121,-9.994766
2019-05-07,17.38,17.9,16.8,17.71,1769414,31142033.88,2.644456,2.965106
2019-05-08,17.24,18.17,17.24,17.74,1108326,19788069.18,1.656435,0.1694
2019-05-09,17.78,18.2,17.68,17.83,1059699,19069987.95,1.58376,0.507329
2019-05-10,18.17,18.93,17.53,18.75,1756747,32385743.44,2.625525,5.159843
2019-05-13,18.6,19.1,18.39,18.95,1171071,22096626.06,1.75021,1.066671
2019-05-14,18.65,19.25,18.65,19.02,1025400,19528173.0,1.532499,0.369391
2019-05-15,19.17,19.41,18.93,19.09,1082600,20716566.06,1.617987,0.368032
2019-05-16,19.01,19.24,18.75,19.11,1050069,19951569.93,1.569368,0.104769
2019-05-17,19.25,19.25,18.2,18.51,1141946,21365588.76,1.706682,-3.139719
2019-05-20,18.4,19.32,18.0,19.13,1542017,28999214.52,2.304603,3.349535
2019-05-21,19.05,19.3,18.86,19.15,1125077,21555747.88,1.68147,0.10455
2019-05-22,19.11,19.56,18.98,19.4,1218313,23532058.01,1.820815,1.305483
2019-05-23,19.12,19.44,18.5,18.85,1011589,19275329.95,1.511858,-2.835048
2019-05-24,18.7,19.11,18.65,18.83,711160,13405952.39,1.062856,-0.106103
2019-05-27,18.83,19.83,18.6,19.63,1171199,22735843.48,1.750401,4.248536
2019-05-28,19.79,19.82,19.39,19.39,1006800,19704414.0,1.504701,-1.222617
2019-05-29,19.41,19.82,19.41,19.66,962100,18956592.0,1.437895,1.392473
2019-05-30,19.42,19.93,19.02,19.91,1067599,20901248.96,1.595567,1.271618
2019-05-31,19.89,20.3,19.6,19.66,1192461,23718263.43,1.782178,-1.25565
2019-06-03,19.7,20.44,19.43,19.98,2051793,40784711.8,3.066482,1.627669
2019-06-04,20.01,20.46,19.53,19.77,2238892,44830757.03,3.346109,-1.051046
2019-06-05,19.8,21.75,19.8,20.52,4314806,89160450.4,6.448641,3.793627
2019-06-06,20.35,20.8,18.47,19.08,3157418,61779095.95,4.718881,-7.017546
2019-06-10,18.52,20.9,18.52,20.22,3481940,69674505.84,5.203891,5.97484
2019-06-11,20.22,20.99,19.81,20.99,4082737,83357338.45,6.101805,3.808113
2019-06-12,21.4,23.09,21.02,23.09,8781461,198671984.85,13.124226,10.00477
2019-06-13,24.25,25.4,24.23,25.4,2908596,72095668.0,4.347007,10.00433
2019-06-14,26.5,26.88,22.86,22.86,13437376,329596453.8,20.082668,-9.999996
2019-06-17,20.6,21.88,20.6,21.16,7448405,157105245.51,11.131924,-7.436574
2019-06-18,14.51,15.05,14.36,14.68,5698266,83821350.0,6.083053,-2.652517
2019-06-19,15.13,15.4,14.56,14.56,6716006,100281343.62,7.169518,-0.817438
2019-06-20,14.45,16.02,14.45,15.49,10764336,166794938.27,11.49122,6.387358
2019-06-21,15.3,16.17,14.81,15.85,10732229,168482139.93,11.456945,2.324084
2019-06-24,15.86,16.28,15.43,15.59,7098312,111993731.67,7.57764,-1.64038
2019-06-25,15.75,16.15,15.5,15.76,6579719,104243140.47,7.024028,1.090443
2019-06-26,15.43,15.75,15.12,15.43,5312840,82152763.61,5.6716,-2.093908
2019-06-27,15.36,16.5,15.36,16.13,8830819,141625498.95,9.427138,4.536609
2019-06-28,16.01,16.13,15.33,15.6,5189826,81361411.59,5.54028,-3.285795
2019-07-01,15.98,16.15,15.8,16.02,7090859,113205980.75,7.569684,2.692308
2019-07-02,16.02,16.04,15.63,15.82,4240954,66982318.06,4.527333,-1.248444
2019-07-03,15.83,15.83,15.0,15.03,4116005,63006029.02,4.393947,-4.993679
2019-07-04,15.14,15.48,15.01,15.08,3400819,51842637.68,3.630466,0.332669
2019-07-05,15.08,15.19,14.7,15.15,3499262,52274998.93,3.735557,0.464189
2019-07-08,15.05,15.05,14.0,14.18,3705498,53186278.1,3.955719,-6.402636
2019-07-09,14.17,14.41,14.15,14.24,1904819,27144498.36,2.033446,0.423127
2019-07-10,14.27,14.34,13.94,14.09,1800779,25531703.55,1.92238,-1.053368
2019-07-11,14.18,14.38,14.12,14.24,1914838,27311299.4,2.044141,1.064582
2019-07-12,14.25,14.37,14.05,14.08,1981167,28137375.45,2.114949,-1.123595
2019-07-15,14.13,14.6,13.73,14.3,2982942,42347744.41,3.184371,1.562502
2019-07-16,14.28,14.57,14.19,14.47,1992599,28735826.9,2.127153,1.188812
2019-07-17,14.47,14.66,14.28,14.32,2031799,29346254.6,2.169,-1.036631
2019-07-18,14.2,14.41,13.88,13.9,1996000,28085967.8,2.130784,-2.932961
2019-07-19,13.98,14.35,13.92,14.13,2009799,28494506.04,2.145515,1.65468
2019-07-22,14.2,14.3,13.54,13.58,1848708,25529679.0,1.973546,-3.892429
2019-07-23,13.58,14.25,13.58,14.19,2379941,33277633.73,2.540651,4.491897
2019-07-24,14.19,14.55,14.08,14.35,2899028,41713103.44,3.094791,1.12756
2019-07-25,14.42,14.73,14.31,14.53,2831598,41163639.37,3.022808,1.254351
2019-07-26,14.51,14.67,14.37,14.49,1685207,24393187.03,1.799,-0.2753
2019-07-29,14.52,14.61,14.1,14.37,2013189,28951607.29,2.149134,-0.828156
2019-07-30,14.44,14.68,14.06,14.49,2603568,37938502.76,2.7794,0.8351
2019-07-31,14.44,15.44,14.43,15.29,6329122,95123155.71,6.7565,5.5211
2019-08-01,15.02,15.42,14.92,15.4,4886564,73984994.75,5.2165,0.7194
2019-08-02,15.0,15.12,14.71,14.96,4137558,61808054.31,4.417,-2.8571
2019-08-05,14.99,15.31,14.76,15.18,4197405,63340545.94,4.4808,1.4706
2019-08-06,14.55,14.99,14.48,14.94,3958037,58535381.34,4.2253,-1.581
2019-08-07,14.98,15.68,14.95,15.48,7561821,116468935.46,8.0724,3.6145
2019-08-08,15.4,15.69,15.1,15.64,5820386,89650143.19,6.2134,1.0336
2019-08-09,15.54,15.66,14.86,15.15,4717500,71878845.54,5.0361,-3.133
2019-08-12,15.15,15.45,14.82,15.44,3670920,55631674.2,3.9188,1.9142
2019-08-13,15.3,15.3,14.9,15.12,2975437,44899907.03,3.1764,-2.0725
2019-08-14,15.4,15.45,15.03,15.08,3918737,59753093.31,4.1834,-0.2646
2019-08-15,14.52,14.63,14.17,14.48,4575782,65724204.56,4.8848,-3.9788
2019-08-16,14.42,14.55,14.29,14.35,3090385,44596040.9,3.2991,-0.8978
2019-08-19,14.79,15.79,14.51,15.79,7950720,122287853.93,8.4876,10.0348
2019-08-20,16.99,17.37,16.4,16.55,19889064,336192175.08,21.2321,4.8132
2019-08-21,17.09,18.21,16.82,18.21,15797894,280312015.93,16.8647,10.0302
2019-08-22,18.1,19.66,18.0,18.58,18443909,347354964.52,19.6894,2.0319
2019-08-23,18.39,20.38,18.28,19.7,14437365,279537030.32,15.4123,6.028
2019-08-26,19.01,20.34,18.82,19.26,12149576,236305275.21,12.97,-2.2335
2019-08-27,19.55,19.84,19.22,19.7,10913055,213171080.31,11.65,2.2845
2019-08-28,19.75,19.75,18.28,19.04,11006197,210353834.67,11.7494,-3.3503
2019-08-29,19.27,19.37,18.6,19.05,7882213,149695322.78,8.4145,0.0525
2019-08-30,19.05,19.08,18.0,18.45,8888432,165120159.91,9.4886,-3.1496
2019-09-02,18.6,20.3,18.42,19.65,18984088,375924115.14,20.266,6.5041
2019-09-03,19.71,19.87,18.51,18.91,16589772,314565828.98,17.71,-3.7659
2019-09-04,18.83,19.36,18.63,19.1,9470205,179967550.05,10.1097,1.0048
2019-09-05,19.4,21.01,19.11,20.62,12923286,264459596.08,13.796,7.9581
2019-09-06,20.41,21.8,19.9,21.04,14318027,298187213.5,15.2849,2.0369
2019-09-09,20.96,21.11,20.48,21.07,8436662,175897409.42,9.0064,0.1426
2019-09-10,20.7,20.99,20.02,20.37,7366936,150772327.52,7.8644,-3.3223
2019-09-11,20.4,20.71,19.62,19.85,5185945,103640714.88,5.5361,-2.5528
2019-09-12,19.8,20.04,19.3,19.86,3746065,73989122.99,3.999,0.0504
2019-09-16,19.85,20.13,19.0,19.71,5408061,106568793.49,5.7733,-0.7553
2019-09-17,19.4,19.75,18.5,18.76,6304153,120156871.22,6.7299,-4.8199
2019-09-18,18.77,19.0,18.6,18.67,2893954,54239021.14,3.0894,-0.4797
2019-09-19,18.85,19.99,18.6,19.83,8381909,163218526.02,8.9479,6.2132
2019-09-20,19.8,20.52,19.61,20.43,8425300,169843874.6,8.9942,3.0257
2019-09-23,20.35,20.83,19.8,20.44,5270945,107381606.25,5.6269,0.0489
2019-09-24,20.5,20.98,20.15,20.31,5928560,121874748.0,6.3289,-0.636
2019-09-25,20.31,21.81,20.09,20.94,8842523,187123989.72,9.4396,3.1019
2019-09-26,20.92,21.13,18.91,19.05,9194780,179396946.79,9.8157,-9.0258
2019-09-27,19.35,20.85,19.0,20.79,9225795,186282806.61,9.8488,9.1339
2019-09-30,20.97,21.22,19.21,20.55,7378732,148498949.92,7.877,-1.1544
2019-10-08,20.34,20.38,19.0,19.09,5866531,114389901.88,6.2627,-7.1046
2019-10-09,19.3,19.49,18.8,19.26,2419214,46052825.06,2.5826,0.8905
2019-10-10,19.33,20.14,19.12,19.88,3792593,74398762.35,4.0487,3.2191
2019-10-11,20.0,20.15,19.28,19.62,2715330,53405626.52,2.8987,-1.3078
2019-10-14,20.48,21.58,20.12,21.58,7335153,153048046.16,7.8305,9.9898
2019-10-15,21.31,23.74,21.12,23.19,12014188,270266853.92,12.8255,7.4606
2019-10-16,22.55,24.58,22.05,23.7,9327907,216663865.84,9.9578,2.1992
2019-10-17,24.01,24.5,23.0,23.7,6191740,145796890.4,6.6099,0.0
2019-10-18,23.55,23.55,22.07,22.2,7231517,164160800.76,7.7198,-6.3291
2019-10-21,22.48,22.55,21.5,22.37,4696371,104218862.05,5.0135,0.7658
2019-10-22,22.37,22.68,21.9,22.67,4491431,100579996.26,4.7947,1.3411
2019-10-23,22.66,22.7,21.7,21.97,4103420,90455919.48,4.3805,-3.0878
2019-10-24,21.97,22.36,21.52,22.19,3140380,69029925.6,3.3524,1.0014
2019-10-25,22.06,22.17,21.43,21.77,3033360,65981009.98,3.2382,-1.8927
2019-10-28,21.9,22.18,21.2,21.42,6244220,134148687.4,6.6659,-1.6077
2019-10-29,21.99,21.99,20.8,20.85,4652802,99037884.1,4.967,-2.6611
2019-10-30,20.79,20.79,20.02,20.3,3301508,67258007.0,3.5244,-2.6379
2019-10-31,20.41,20.69,20.12,20.18,2860920,58252722.8,3.0541,-0.5911
2019-11-01,20.38,20.67,20.2,20.4,2600245,53185408.6,2.7758,1.0902
2019-11-04,20.35,21.98,20.34,21.3,6094760,129559558.84,6.5063,4.4118
2019-11-05,21.35,21.65,20.71,21.39,3928560,82926792.4,4.1938,0.4225
2019-11-06,21.2,21.35,20.28,20.37,4272130,88414569.3,4.5606,-4.7686
2019-11-07,20.19,21.28,20.06,20.97,4029257,83560617.39,4.3013,2.9455
2019-11-08,21.06,21.5,20.7,20.85,2617220,55137075.86,2.794,-0.5722
2019-11-11,20.82,21.14,20.28,20.67,2761000,57213441.83,2.9474,-0.8633
2019-11-12,20.93,20.93,19.93,20.75,2960780,60353926.4,3.1607,0.387
2019-11-13,20.7,20.7,19.95,20.15,2686729,54312413.73,2.8682,-2.8916
2019-11-14,20.2,20.78,20.06,20.62,2801100,57454659.0,2.9903,2.3325
2019-11-15,20.69,20.8,19.4,19.46,4246380,84236473.0,4.5331,-5.6256
2019-11-18,19.46,19.88,19.02,19.11,4563580,88178075.8,4.8717,-1.7986
2019-11-19,19.23,19.62,19.0,19.56,3005877,58261294.34,3.2089,2.3548
2019-11-20,19.43,19.65,19.22,19.29,2105017,40887956.76,2.2472,-1.3804
2019-11-21,19.1,19.4,18.88,19.19,1785000,34231956.6,1.9055,-0.5184
2019-11-22,18.92,19.34,18.2,18.58,3840956,72262719.8,4.1003,-3.1787
2019-11-25,18.86,18.86,17.87,18.18,2933660,53591556.4,3.1318,-2.1529
2019-11-26,18.18,18.44,17.66,17.93,2090880,37682222.8,2.2321,-1.3751
2019-11-27,17.83,18.47,17.83,18.11,2838100,51537086.6,3.0297,1.0039
2019-11-28,18.05,19.85,18.05,19.25,6949971,133303699.77,7.4193,6.2949
2019-11-29,19.4,19.5,18.69,19.01,3447664,65316847.28,3.6805,-1.2468
2019-12-02,18.85,19.2,18.8,18.95,2651881,50353940.32,2.831,-0.3156
2019-12-03,18.79,19.2,18.72,19.19,2304067,43840389.22,2.4597,1.2665
2019-12-04,18.93,19.65,18.81,19.48,2538771,49128730.76,2.7102,1.5112
2019-12-05,19.57,20.02,19.3,19.8,2953401,58184526.87,3.1528,1.6427
2019-12-06,19.8,20.15,19.72,19.96,2192260,43664072.0,2.3403,0.8081
2019-12-09,20.1,20.24,19.8,19.88,2042820,40900585.4,2.1808,-0.4008
2019-12-10,19.99,20.05,19.68,19.8,2364380,46952015.6,2.524,-0.4024
2019-12-11,19.92,19.92,19.11,19.39,3593295,69731569.84,3.8359,-2.0707
2019-12-12,19.51,19.65,19.1,19.2,2527360,48983644.6,2.698,-0.9799
2019-12-13,19.58,19.58,19.13,19.29,1755661,33853883.02,1.8742,0.4688
2019-12-16,19.32,19.94,19.24,19.85,2939520,57596292.18,3.138,2.9031
2019-12-17,19.9,21.21,19.7,20.46,5383220,110663615.89,5.7467,3.073
2019-12-18,20.22,20.62,19.83,20.05,4577724,92434394.88,4.8868,-2.0039
2019-12-19,19.8,20.0,19.56,19.65,3992244,78665251.97,4.2618,-1.995
2019-12-20,19.67,19.97,19.32,19.32,2778720,54171930.0,2.9664,-1.6794
2019-12-23,19.0,19.01,17.8,17.97,6130430,111934383.61,6.5444,-6.9876
2019-12-24,17.97,18.37,17.96,18.24,2575780,46766109.0,2.7497,1.5025
2019-12-25,18.38,18.75,18.26,18.49,2973478,55095249.2,3.1743,1.3706
2019-12-26,18.77,18.86,18.36,18.54,2462593,45804295.31,2.6289,0.2704
2019-12-27,18.71,18.72,18.09,18.13,2379808,43779392.6,2.5405,-2.2114
2019-12-30,18.0,18.16,17.64,18.1,2923971,52505945.36,3.1214,-0.1655
2019-12-31,17.85,18.29,17.85,18.16,1829579,33162153.17,1.9531,0.3315
2020-01-02,18.23,18.78,18.16,18.64,3456787,63959554.47,3.6902,2.6432
2020-01-03,18.44,18.6,18.03,18.28,3895017,71033243.08,4.158,-1.9313
2020-01-06,18.16,18.67,18.13,18.5,3372263,62285037.48,3.6,1.2035
2020-01-07,18.42,18.77,18.42,18.64,2974548,55324026.68,3.1754,0.7568
2020-01-08,18.64,20.09,18.47,19.46,9292677,179651682.15,9.9202,4.3991
2020-01-09,19.32,19.53,19.03,19.28,6418917,123879089.77,6.8524,-0.925
2020-01-10,19.32,19.91,19.15,19.45,5008426,97678986.62,5.3466,0.8817
2020-01-13,19.55,20.97,19.38,20.65,8772324,177168754.72,7.5237,6.1697
2020-01-14,20.3,22.7,20.18,21.68,9732241,206857203.97,8.3469,4.9879
2020-01-15,21.31,21.68,20.72,21.34,7699789,162823671.49,6.6038,-1.5683
2020-01-16,21.26,22.15,20.35,20.99,6886035,144613320.32,5.9059,-1.6401
2020-01-17,20.93,21.0,20.1,20.34,5736249,116991231.93,6.1236,-3.0967
2020-01-20,20.32,20.9,20.15,20.84,3992341,82072260.38,4.2619,2.4582
2020-01-21,20.66,20.85,19.98,20.01,4087426,82899169.1,4.3634,-3.9827
2020-01-22,20.0,20.56,19.71,20.37,3609100,72844399.8,3.7976,1.7991
2020-01-23,20.38,20.38,18.6,18.89,4803200,93553000.0,5.0541,-7.2656
2020-02-03,17.0,17.0,17.0,17.0,411800,7000600.0,0.4333,-10.0053
2020-02-04,15.3,16.7,15.3,16.13,6735523,107946144.4,7.0873,-5.1177
2020-02-05,16.35,16.84,16.0,16.39,4183080,68959775.6,4.4016,1.6119
2020-02-06,16.35,16.84,16.16,16.77,3677953,60933142.98,3.87,2.3185
2020-02-07,16.73,17.38,16.65,17.27,3692900,63037288.2,3.8858,2.9815
2020-02-10,17.17,17.9,17.0,17.62,3375907,59048553.85,3.5522,2.0266
2020-02-11,17.6,17.74,17.32,17.4,2570153,45018309.93,2.7044,-1.2486
2020-02-12,17.27,18.48,17.26,18.25,4268304,76680334.33,4.4912,4.8851
2020-02-13,18.16,18.5,17.96,18.05,2783303,50483485.35,2.9287,-1.0959
2020-02-14,17.98,18.28,17.66,17.8,2421460,43500271.2,2.5479,-1.385
2020-02-17,17.96,19.58,17.91,19.58,7294434,138606697.81,7.6754,10.0
2020-02-18,20.06,20.58,19.29,20.13,9188351,182812424.75,9.6682,2.809
2020-02-19,19.8,20.1,19.41,19.6,5564195,110193381.16,5.8548,-2.6329
2020-02-20,19.36,19.75,19.17,19.72,5532971,107692246.34,5.822,0.6122
2020-02-21,19.95,20.26,19.58,20.08,5562450,111071597.04,5.853,1.8256
2020-02-24,20.16,22.03,20.0,21.71,9534983,200657752.49,10.033,8.1175
2020-02-25,20.82,22.79,19.93,22.21,11002850,236268387.67,11.5775,2.3031
2020-02-26,21.7,22.57,20.71,20.9,6854636,148762719.81,7.2126,-5.8982
2020-02-27,20.9,21.53,20.31,20.85,4395671,92254720.33,4.6253,-0.2392
2020-02-28,19.66,20.56,19.66,19.89,4650468,93401800.08,4.8934,-4.6043
2020-03-02,20.28,21.2,20.11,20.9,4278526,88608434.56,4.502,5.0779
2020-03-03,21.32,21.98,20.72,21.26,6909543,148014688.81,7.2704,1.7225
2020-03-04,20.9,21.5,20.55,21.05,4017288,84526307.83,4.2271,-0.9878
2020-03-05,21.88,22.0,21.0,21.04,4446087,94792687.25,4.6783,-0.0475
2020-03-06,20.72,21.16,20.49,20.61,3896920,80958251.13,4.1005,-2.0437
2020-03-09,20.35,21.55,20.26,20.7,6044947,127000776.59,6.3607,0.4367
2020-03-10,20.09,22.47,19.75,22.12,9254442,197308235.06,9.7378,6.8599
2020-03-11,22.47,22.6,21.07,21.13,8568444,187460303.64,9.016,-4.4756
2020-03-12,20.5,20.85,19.96,20.25,5106293,104225718.47,5.373,-4.1647
2020-03-13,18.56,19.99,18.56,19.27,5001114,96543717.8,5.2623,-4.8395
2020-03-16,19.7,19.7,17.66,17.86,5011600,94453198.2,5.2734,-7.3171
2020-03-17,18.28,18.45,17.25,18.07,3441499,61403555.97,3.6212,1.1758
2020-03-18,18.25,18.52,17.61,17.63,3196377,58051984.27,3.3633,-2.435
2020-03-19,17.81,18.45,17.41,18.32,3136599,56133772.14,3.3004,3.9138
2020-03-20,18.52,18.67,18.1,18.47,2355878,43252003.4,2.4789,0.8188
2020-03-23,17.91,18.99,17.7,17.88,3114659,56610003.42,3.2773,-3.1944
2020-03-24,18.34,18.39,17.67,18.34,3304800,59921731.07,3.4774,2.5727
2020-03-25,18.7,18.95,18.34,18.63,3885881,72429113.81,4.0888,1.5812
2020-03-26,18.37,18.54,17.85,17.94,2932302,53221580.4,3.0855,-3.7037
2020-03-27,18.2,18.29,17.41,17.47,2814228,50203859.14,2.9612,-2.6199
2020-03-30,17.03,17.08,16.16,16.31,4496599,74025725.98,4.7315,-6.64
2020-03-31,16.56,17.1,16.3,16.4,3428140,57235468.08,3.6072,0.5518
2020-04-01,16.29,16.8,16.18,16.42,2565512,42405180.48,2.6995,0.122
2020-04-02,16.45,16.89,16.36,16.89,3278622,54431708.12,3.4499,2.8624
2020-04-03,16.83,17.0,16.53,16.61,2249580,37714647.0,2.3671,-1.6578
2020-04-07,16.98,17.29,16.82,17.07,4291693,73202074.0,4.5158,2.7694
2020-04-08,16.99,17.28,16.9,17.17,3361500,57631750.6,3.5371,0.5858
2020-04-09,17.25,17.53,17.14,17.2,2680400,46334449.0,2.8204,0.1747
2020-04-10,16.94,17.0,15.89,16.21,6380508,104179328.28,6.7138,-5.7558
2020-04-13,16.14,16.14,15.52,15.56,2802980,43980713.0,2.9494,-4.0099
2020-04-14,15.61,15.9,15.61,15.83,2582480,40758056.4,2.7174,1.7352
2020-04-15,15.83,15.94,15.6,15.64,2218960,35026341.4,2.3349,-1.2002
2020-04-16,15.6,15.87,15.38,15.82,2721103,42777809.31,2.8632,1.1509
2020-04-17,15.84,16.14,15.73,15.84,2795236,44602836.84,2.9412,0.1264
2020-04-20,15.84,16.07,15.8,16.04,2135902,34171088.48,2.2475,1.2626
2020-04-21,16.06,16.08,15.63,15.91,2144400,33958229.6,2.2564,-0.8105
2020-04-22,15.86,16.07,15.63,16.02,2427620,38753505.4,2.5544,0.6914
2020-04-23,16.12,16.12,15.61,15.69,2599330,41056420.3,2.7351,-2.0599
2020-04-24,15.74,15.85,15.35,15.46,2145520,33237501.0,2.2576,-1.4659
2020-04-27,15.46,15.57,15.05,15.08,2076268,31770159.92,2.1847,-2.458
2020-04-28,15.12,15.25,13.73,14.24,5117700,73322003.0,5.385,-5.5703
2020-04-29,14.39,14.51,14.06,14.13,2554100,36396124.6,2.6875,-0.7725
2020-04-30,14.17,14.69,14.16,14.64,3675040,53405490.2,3.867,3.6093
2020-05-06,14.55,15.03,14.45,15.0,3230288,47687067.4,3.399,2.459
2020-05-07,15.1,15.51,14.63,14.72,4908645,73678253.14,5.165,-1.8667
2020-05-08,14.87,15.24,14.8,14.95,3071765,46217564.93,3.2322,1.5625
2020-05-11,15.05,15.13,14.75,14.86,2764462,41340331.72,2.9088,-0.602
2020-05-12,14.85,14.88,14.51,14.81,2586840,38032929.6,2.7219,-0.3365
2020-05-13,14.93,14.93,14.52,14.71,3175140,46514118.5,3.341,-0.6752
2020-05-14,14.6,14.64,14.21,14.32,3130720,45106918.4,3.2942,-2.6513
2020-05-15,14.35,14.43,14.16,14.17,3254188,46526591.0,3.4242,-1.0475
2020-05-18,14.22,14.22,13.81,13.89,2803054,39124103.83,2.9495,-1.976
2020-05-19,13.96,14.34,13.96,14.34,3156535,44871909.73,3.3214,3.2397
2020-05-20,14.23,14.49,14.03,14.08,2659700,37834250.12,2.7986,-1.8131
2020-05-21,14.2,14.29,13.81,13.83,2525180,35305757.0,2.6571,-1.7756
2020-05-22,13.83,13.91,13.52,13.54,2869920,39186881.4,3.0198,-2.0969
2020-05-25,13.54,13.65,13.17,13.27,2578400,34292983.0,2.7131,-1.9941
2020-05-26,13.32,13.79,13.31,13.69,2685460,36573479.8,2.8257,3.165
2020-05-27,13.77,13.78,13.43,13.49,2166248,29324275.64,2.2794,-1.4609
2020-05-28,13.45,13.48,13.1,13.38,2235968,29679547.84,2.3528,-0.8154
2020-05-29,13.4,13.62,13.2,13.5,2170678,29289932.46,2.2841,0.8969
2020-06-01,13.58,14.11,13.54,14.06,3389977,47245450.33,3.567,4.1482
2020-06-02,14.08,14.37,14.02,14.21,2636835,37549589.48,2.7746,1.0669
2020-06-03,14.33,14.4,14.03,14.07,2132640,30306504.2,2.244,-0.9852
2020-06-04,14.15,14.28,14.06,14.13,1665688,23597609.88,1.7527,0.4264
2020-06-05,14.07,14.22,14.01,14.09,1504980,21214284.6,1.5836,-0.2831
2020-06-08,14.18,14.64,14.13,14.49,4758803,68787078.02,5.0073,2.8389
2020-06-09,14.48,14.53,14.16,14.23,2803900,40061021.92,2.9503,-1.7943
2020-06-10,14.23,14.24,13.81,13.9,2504724,34915033.99,2.6355,-2.319
2020-06-11,14.0,14.26,13.83,13.92,2156735,30286792.46,2.2694,0.1439
2020-06-12,13.61,14.05,13.53,13.98,1700040,23527740.8,1.7888,0.431
2020-06-15,13.99,14.09,13.8,13.82,2020560,28106599.0,2.1261,-1.1445
2020-06-16,13.92,14.19,13.92,14.18,2779912,39168647.52,2.9251,2.6049
2020-06-17,14.2,14.45,14.13,14.28,3877540,55367807.0,4.0801,0.7052
2020-06-18,14.23,14.38,14.2,14.31,2800860,40064890.28,2.9471,0.2101
2020-06-19,14.3,14.35,14.13,14.16,2260200,32154965.0,2.3782,-1.0482
2020-06-22,14.15,14.74,14.15,14.55,6221348,90241042.58,6.5463,2.7542
2020-06-23,14.56,15.0,14.37,14.98,7321357,107884592.31,7.7037,2.9553
2020-06-24,14.9,15.63,14.77,15.49,8089777,124110395.23,8.5123,3.7508
2020-06-29,15.6,15.96,15.11,15.55,6957787,108019854.43,7.3212,0.3873
2020-06-30,15.59,15.63,15.31,15.48,4799151,74086809.89,5.0498,-0.4502
2020-07-01,15.42,16.5,15.33,15.96,8036532,128045948.69,8.4563,3.1008
2020-07-02,15.94,17.27,15.82,17.15,8649230,144623661.9,9.101,7.4561
2020-07-03,17.1,17.14,16.43,16.56,6098874,101372120.23,6.4174,-3.4402
2020-07-06,16.91,17.48,16.82,17.27,7346866,126009206.3,7.7306,4.2874
2020-07-07,17.6,17.85,17.17,17.3,7119600,124413334.23,7.4914,0.1737
2020-07-08,17.33,17.88,17.13,17.85,5670292,99012376.84,5.9664,3.1792
2020-07-09,17.71,19.64,17.61,19.64,13973136,269166532.24,14.7029,10.028
2020-07-10,20.15,20.56,18.47,18.91,14164464,276498730.44,14.9043,-3.7169
2020-07-13,19.01,19.42,18.55,19.2,6762195,128036669.88,7.1154,1.5336
2020-07-14,19.07,19.45,18.45,18.8,6120380,115877564.26,6.44,-2.0833
2020-07-15,18.85,18.93,17.5,17.67,5725221,103135976.81,6.0242,-6.0106
2020-07-16,18.25,18.48,16.68,16.71,6216120,109314058.0,6.5408,-5.4329
2020-07-17,16.89,17.18,16.41,17.09,3958180,66694133.2,4.1649,2.2741
2020-07-20,17.45,18.12,17.38,17.92,5424490,96625492.2,5.7078,4.8566
2020-07-21,17.97,18.09,17.39,17.79,5161300,91310982.6,5.4309,-0.7254
2020-07-22,17.62,17.87,17.43,17.52,3891251,68629492.08,4.0945,-1.5177
2020-07-23,17.47,19.27,17.35,19.27,14745505,279665721.33,15.5156,9.9886
2020-07-24,19.61,20.23,18.34,18.64,15582833,304446177.31,16.3967,-3.2693
2020-07-27,19.13,19.3,17.12,17.73,8602122,157964435.86,9.0514,-4.882
2020-07-28,18.22,18.34,16.86,17.17,6161831,107661773.08,6.4837,-3.1585
2020-07-29,17.01,18.89,17.01,18.89,5137592,93019990.32,5.4059,10.0175
2020-07-30,18.61,19.28,18.22,18.65,11329112,211988154.82,11.9208,-1.2705
2020-07-31,18.45,19.24,18.18,18.53,5791628,107109166.68,6.0941,-0.6434
2020-08-03,18.72,19.88,18.69,19.44,9263928,178404876.8,9.7478,4.911
2020-08-04,19.45,19.85,18.21,18.3,6913149,130056441.69,7.2742,-5.8642
2020-08-05,18.46,18.7,18.02,18.49,4458287,81775567.09,4.6911,1.0383
2020-08-06,18.3,19.96,18.17,19.52,10175601,196534678.08,10.7071,5.5706
2020-08-07,19.76,20.1,19.17,19.95,9175281,180123237.21,9.6545,2.2029
2020-08-10,19.7,21.92,19.46,19.46,14192246,291962143.05,14.9335,-2.4561
2020-08-11,19.81,20.22,18.51,18.7,8044963,153969600.87,8.4651,-3.9054
2020-08-12,18.51,18.67,17.1,17.51,6655713,118347479.97,7.0033,-6.3636
2020-08-13,17.59,17.69,16.9,16.98,6340000,108898136.2,6.6711,-3.0268
2020-08-14,16.99,18.68,16.93,18.19,9254529,166527353.35,9.7379,7.126
2020-08-17,17.9,18.39,17.57,18.2,6847763,123727703.69,7.2054,0.055
2020-08-18,18.37,18.37,17.49,17.63,8636200,153301668.23,7.3653,-3.1319
2020-08-19,17.4,19.35,17.26,18.68,11641204,214278553.49,9.9281,5.9558
2020-08-20,18.12,18.37,17.42,17.62,8682059,154068100.1,7.4044,-5.6745
2020-08-21,17.64,17.78,17.31,17.55,4162233,73263951.6,3.5497,-0.3973
2020-08-24,17.56,17.94,16.93,17.71,4589454,80021069.9,3.9141,0.9117
2020-08-25,17.56,18.09,17.47,17.91,6243295,111144289.8,5.3245,1.1293
2020-08-26,18.1,18.1,17.21,17.44,4330940,75854636.52,3.6936,-2.6242
2020-08-27,17.45,18.24,17.25,17.89,4835976,85901615.06,4.1243,2.5803
2020-08-28,17.98,18.7,17.9,18.28,6999169,128419374.3,5.9692,2.18
2020-08-31,18.2,18.8,18.12,18.64,6354089,117463170.6,5.419,1.9694
2020-09-01,18.6,19.89,18.42,19.53,11984463,231456233.9,10.2208,4.7747
2020-09-02,19.29,20.09,19.01,19.95,11061180,216738518.84,9.4334,2.1505
2020-09-03,19.73,20.28,19.16,19.47,9170699,180622974.28,7.8211,-2.406
2020-09-04,18.89,19.93,18.89,19.72,6917276,135617310.96,5.8993,1.284
2020-09-07,19.61,20.48,19.15,20.45,10624088,212082958.42,9.0606,3.7018
2020-09-08,20.16,20.28,19.5,20.16,7788289,154840986.83,6.6422,-1.4181
2020-09-09,19.82,21.48,19.51,20.34,14756274,303345246.79,12.5847,0.8929
2020-09-10,20.07,20.07,17.5,17.64,11024442,207298466.6,9.4021,-13.2743
2020-09-11,17.5,18.54,17.38,18.2,5918260,107051268.8,5.0473,3.1746
2020-09-14,18.26,19.02,17.86,18.76,5685460,105898938.2,4.8488,3.0769
2020-09-15,18.8,19.08,18.36,18.55,4639508,86579535.24,3.9568,-1.1194
2020-09-16,18.55,18.74,18.07,18.23,3630196,66435760.52,3.096,-1.7251
2020-09-17,18.31,18.97,18.2,18.57,4303544,79721982.77,3.6702,1.8651
2020-09-18,18.57,19.45,18.37,19.3,6880547,130770072.15,5.868,3.9311
2020-09-21,19.2,20.35,19.12,20.0,8906022,177659883.34,7.5954,3.6269
2020-09-22,19.71,20.12,19.57,19.8,6360920,125985680.8,5.4248,-1.0
2020-09-23,19.7,19.79,19.16,19.62,4712200,91521923.0,4.0188,-0.9091
2020-09-24,19.31,19.38,18.3,18.3,5342186,100220309.0,4.556,-6.7278
2020-09-25,18.51,19.3,18.0,18.37,4719170,87099299.0,4.0247,0.3825
2020-09-28,18.1,18.39,17.56,17.68,3543520,63582411.2,3.0221,-3.7561
2020-09-29,17.94,19.06,17.66,18.8,6012840,111783293.4,5.128,6.3348
2020-09-30,18.81,21.2,18.55,20.4,16246269,328486360.82,13.8555,8.5106
2020-10-09,20.51,21.35,20.28,21.2,16623601,346367513.6,14.1773,3.9216
2020-10-12,20.8,25.44,20.61,25.44,31043254,729004272.39,26.4749,20.0
2020-10-13,24.04,25.3,23.83,24.25,23353088,571135665.2,19.9164,-4.6777
2020-10-14,24.02,26.39,23.62,25.13,22596972,564844400.1,19.2716,3.6289
2020-10-15,24.61,24.61,22.8,23.38,15738271,371474506.26,13.4222,-6.9638
2020-10-16,23.49,24.12,23.0,23.7,11675125,275861433.13,9.957,1.3687
2020-10-19,23.8,25.0,23.36,24.22,14494167,352535675.3,12.3612,2.1941
2020-10-20,24.03,25.4,23.18,25.04,15132405,369486922.8,12.9055,3.3856
2020-10-21,24.7,24.77,22.66,23.1,13598920,324005605.0,11.5977,-7.7476
2020-10-22,22.81,23.44,21.92,23.0,10336360,234413455.6,8.8153,-0.4329
2020-10-23,23.7,27.6,23.24,27.6,32371905,857737552.52,27.6081,20.0
2020-10-26,28.25,29.36,26.4,27.09,33848596,935476133.08,28.8674,-1.8478
2020-10-27,27.11,27.95,25.41,25.95,25917949,689010231.83,22.1039,-4.2082
2020-10-28,25.91,26.7,24.85,26.3,22968142,590986821.86,19.5881,1.3487
2020-10-29,25.15,25.78,23.8,25.11,18138321,453081366.78,15.4691,-4.5247
2020-10-30,25.29,25.75,23.39,23.95,15601943,386539481.05,13.306,-4.6197
2020-11-02,23.85,24.46,23.07,24.39,10231440,245661519.6,8.7258,1.8372
2020-11-03,24.27,24.6,23.67,24.36,10035133,242214092.91,8.5584,-0.123
2020-11-04,24.55,24.77,23.15,23.82,8866900,211364527.4,7.2009,-2.2167
2020-11-05,23.81,24.25,23.31,24.1,9519560,227647104.77,7.731,1.1755
2020-11-06,24.29,24.39,22.39,22.39,11611980,267267636.0,9.4303,-7.0954
2020-11-09,22.52,23.73,22.3,23.15,9203980,212807672.2,7.4747,3.3944
2020-11-10,23.43,23.44,22.72,22.88,6407540,147514521.4,5.2037,-1.1663
2020-11-11,22.35,22.67,21.53,21.56,8635660,189185928.8,7.0131,-5.7692
2020-11-12,21.66,21.93,21.3,21.5,5558680,119997736.2,4.5143,-0.2783
2020-11-13,21.56,22.56,21.38,22.02,7167580,157679454.8,5.8209,2.4186
2020-11-16,22.04,22.4,21.79,22.28,4758160,105170198.4,3.8642,1.1807
2020-11-17,22.28,22.4,21.25,21.75,5229960,113243058.6,4.2473,-2.3788
2020-11-18,21.55,22.11,21.4,21.61,3588129,77727891.28,2.9091,-0.6437
2020-11-19,21.61,22.83,21.3,22.58,9141684,203619677.01,7.4117,4.4887
2020-11-20,22.54,22.66,21.77,22.16,7282824,161245949.4,5.9046,-1.8601
2020-11-23,22.07,22.08,21.03,21.5,7969156,170919345.64,6.4611,-2.9783
2020-11-24,21.47,22.8,21.31,21.82,7955580,175560663.4,6.4501,1.4884
2020-11-25,21.81,22.77,21.72,21.9,7193700,159789487.6,5.8324,0.3666
2020-11-26,21.6,23.48,21.49,23.18,13644980,310089711.4,11.0628,5.8447
2020-11-27,22.85,23.87,22.63,23.75,14219400,331513044.0,11.5285,2.459
2020-11-30,23.8,23.8,22.86,23.07,9558268,221528713.36,7.7494,-2.8632
2020-12-01,23.05,23.23,22.55,22.84,6993860,160372009.4,5.6703,-0.997
2020-12-02,22.86,23.27,22.61,23.05,5596000,128458141.0,4.537,0.9194
2020-12-03,22.81,22.88,21.6,21.6,8967936,198470539.16,7.2708,-6.2907
2020-12-04,21.6,22.1,21.33,21.9,4872604,105943930.8,3.9505,1.3889
2020-12-07,21.88,25.97,21.88,24.73,23281760,576759452.0,18.8759,12.9224
2020-12-08,24.74,28.37,24.74,26.76,27981660,753015787.26,22.6864,8.2087
2020-12-09,28.1,28.59,25.61,26.86,22478987,606491030.45,18.225,0.3737
2020-12-10,27.0,27.35,26.1,27.0,12562630,335555388.9,10.1853,0.5212
2020-12-11,27.01,27.18,25.72,25.73,10781662,281989415.46,8.7413,-4.7037
2020-12-14,26.16,27.07,25.6,26.63,11508250,304201486.67,9.3304,3.4979
2020-12-15,26.4,31.79,26.1,30.98,23448817,694403921.13,19.0113,16.335
2020-12-16,30.0,30.26,28.61,29.72,16997937,500458206.88,13.7812,-4.0671
2020-12-17,29.29,29.45,28.2,28.88,11133215,319299189.9,9.0263,-2.8264
2020-12-18,28.7,29.46,28.08,29.02,12447037,355995679.52,10.0915,0.4848
2020-12-21,28.88,28.89,26.7,28.7,13828987,387006979.3,11.212,-1.1027
2020-12-22,28.19,30.2,28.14,28.5,13853457,405035717.47,11.2318,-0.6969
2020-12-23,29.01,31.8,28.44,30.2,14972039,447445050.36,12.1387,5.9649
2020-12-24,29.4,33.55,29.0,32.27,18694339,594427383.58,15.1566,6.8543
2020-12-25,31.5,32.21,30.3,31.0,13421783,420451497.24,10.8818,-3.9355
2020-12-28,31.14,32.44,29.79,30.74,9901213,307729691.37,8.0275,-0.8387
2020-12-29,30.5,33.33,30.5,32.01,11752127,374690636.28,9.5281,4.1314
2020-12-30,31.41,31.57,29.0,31.25,10744199,329435962.31,8.7109,-2.3743
2020-12-31,31.0,31.3,29.51,30.07,11083397,336124620.25,8.986,-3.776
2021-01-04,30.27,32.83,30.27,32.14,13296083,424223547.12,10.7799,6.8839
2021-01-05,32.03,34.35,31.38,32.39,14127269,463311642.44,11.4538,0.7778
2021-01-06,31.0,32.28,30.35,30.7,12065460,375754409.05,9.7822,-5.2177
2021-01-07,30.57,31.2,29.22,29.3,12796922,387244944.58,10.3752,-4.5603
2021-01-08,29.72,29.86,27.05,27.38,11579091,324803049.45,9.3878,-6.5529
2021-01-11,27.93,28.91,27.03,27.87,8098206,226296688.12,6.5753,1.7896
2021-01-12,27.86,30.5,27.7,30.49,9340800,276784387.85,7.5842,9.4008
2021-01-13,30.52,31.35,29.99,30.81,6970532,214087903.18,5.6597,1.0495
2021-01-14,30.94,31.58,29.52,30.05,6038543,183070349.98,4.8631,-2.4667
2021-01-15,29.5,31.0,28.81,30.88,7117537,213279327.2,5.7321,2.7621
2021-01-18,31.49,33.49,30.8,33.0,9135964,295061980.32,7.3576,6.8653
2021-01-19,32.55,32.65,30.1,30.16,10507896,326461733.78,8.4625,-8.6061
2021-01-20,30.16,33.33,28.93,33.29,12447756,391610893.86,10.0247,10.378
2021-01-21,33.29,34.12,32.29,32.99,10683531,356478092.66,8.6039,-0.9012
2021-01-22,36.5,39.1,35.0,36.33,19381986,723149492.72,15.6092,10.1243
2021-01-25,37.5,39.6,36.47,37.3,14820632,565931557.77,11.9357,2.67
2021-01-26,37.16,39.24,35.38,36.5,15372367,571403026.73,12.38,-2.1448
2021-01-27,36.08,37.8,35.0,37.59,10323863,377474328.41,8.3143,2.9863
2021-01-28,36.0,36.44,33.22,33.39,13235265,457173150.53,10.6589,-11.1732
2021-01-29,33.7,35.27,32.68,33.64,9844344,334191379.56,7.9281,0.7487
2021-02-01,33.62,34.42,32.52,34.25,7500392,251986959.2,6.0404,1.8133
2021-02-02,33.9,35.1,32.38,34.95,7272950,244978872.33,5.8572,2.0438
2021-02-03,34.32,35.99,33.04,35.36,8073867,280308115.35,6.5022,1.1731
2021-02-04,34.6,35.33,33.0,34.15,7348629,249061943.82,5.9182,-3.4219
2021-02-05,34.14,34.85,31.45,31.45,6712184,223278182.27,5.4056,-7.9063
2021-02-08,31.37,33.99,30.22,33.0,7552978,245002602.9,6.0827,4.9285
2021-02-09,33.3,35.6,32.65,35.14,7960749,275686010.2,6.4111,6.4848
2021-02-10,35.23,35.76,33.01,34.28,8189559,278776171.76,6.5954,-2.4474
2021-02-18,34.63,36.3,33.58,35.29,8348775,292912325.9,6.7236,2.9463
2021-02-19,35.36,35.73,33.69,34.97,6348098,220502983.98,5.1124,-0.9068
2021-02-22,35.31,38.88,35.08,37.12,9831531,364352262.92,7.9178,6.1481
2021-02-23,36.8,39.58,36.25,39.15,9343938,358671063.72,7.5251,5.4688
2021-02-24,39.15,40.44,38.18,39.38,8637904,339761688.85,6.9565,0.5875
2021-02-25,39.95,40.81,37.72,40.09,7589600,298990610.33,6.1122,1.8029
2021-02-26,38.53,41.1,38.38,38.51,7048342,277682286.57,5.6763,-3.9411
2021-03-01,38.89,41.66,37.69,41.49,7221492,289162901.51,5.8158,7.7382
2021-03-02,41.4,44.81,41.1,43.6,9564698,414537516.3,7.7029,5.0856
2021-03-03,42.88,45.41,42.8,43.63,6933562,306071481.33,5.5839,0.0688
2021-03-04,44.85,44.87,41.6,42.05,5749326,246902388.49,4.6302,-3.6214
2021-03-05,41.29,42.85,40.0,40.72,6365675,261930080.3,5.1266,-3.1629
2021-03-08,41.0,41.72,36.0,36.57,8244043,316802597.04,6.6393,-10.1916
2021-03-09,36.57,38.75,34.9,37.45,8347490,308140311.95,6.7226,2.4063
2021-03-10,37.33,38.83,37.26,38.47,4134556,158147775.0,3.3297,2.7236
2021-03-11,38.28,39.0,37.18,37.81,4156028,157677972.35,3.347,-1.7156
2021-03-12,37.5,38.16,36.5,36.8,3856200,143655215.08,3.1056,-2.6713
2021-03-15,36.26,37.27,35.66,36.16,3697126,134835825.48,2.9775,-1.7391
2021-03-16,36.57,36.57,34.76,35.91,3839987,136508039.53,3.0925,-0.6914
2021-03-17,35.93,36.48,35.01,36.03,2554239,91598169.98,2.057,0.3342
2021-03-18,36.11,38.74,36.11,38.22,4831145,181997314.47,3.8907,6.0783
2021-03-19,37.6,38.83,37.13,38.16,3965132,150364734.68,3.1933,-0.157
2021-03-22,38.0,44.28,38.0,41.98,6439948,262736347.94,5.1864,10.0105
2021-03-23,41.45,42.42,40.34,40.5,4486581,184950640.57,3.6132,-3.5255
2021-03-24,40.5,41.94,40.34,41.5,4007307,165196692.62,3.2273,2.4691
2021-03-25,40.6,42.23,39.85,40.74,3330776,136672858.1,2.6824,-1.8313
2021-03-26,41.0,43.83,40.94,42.68,4423715,188628897.89,3.5626,4.7619
2021-03-29,42.43,43.5,41.75,42.76,2584359,109906531.97,2.0813,0.1874
2021-03-30,42.87,43.92,42.26,43.28,2896880,124953347.4,2.333,1.2161
2021-03-31,43.0,43.0,40.1,40.56,4692911,192260572.8,3.7794,-6.2847
2021-04-01,40.56,41.8,39.29,39.4,4634238,186251314.36,3.7322,-2.86
2021-04-02,39.93,40.95,39.45,40.15,2463321,99179909.6,1.9838,1.9036
2021-04-06,40.5,42.49,40.5,42.24,4008338,168168367.75,3.2281,5.2055
2021-04-07,42.35,42.35,40.87,40.93,2394776,98883352.17,1.9286,-3.1013
2021-04-08,40.8,42.17,40.31,40.68,3519851,144784636.06,2.8347,-0.6108
2021-04-09,40.81,43.15,40.2,42.98,5434775,227534063.98,4.3769,5.6539
2021-04-12,43.89,44.0,40.2,41.32,5525429,229422754.45,4.4585,-3.8623
2021-04-13,41.0,41.7,39.66,39.85,3777732,152882430.37,3.0483,-3.5576
2021-04-14,39.99,40.99,37.95,38.95,8463981,330212983.68,6.8297,-2.2585
2021-04-15,39.09,39.5,38.5,39.35,3568546,139609540.28,2.8795,1.027
2021-04-16,39.52,39.68,38.6,39.26,2850763,111682477.85,2.3003,-0.2287
2021-04-19,38.96,40.9,38.58,40.9,3865926,154580262.66,3.1195,4.1773
2021-04-20,40.33,41.5,40.33,41.03,3012461,123400976.53,2.4308,0.3178
2021-04-21,40.9,42.66,40.21,42.0,3112991,129503974.38,2.5119,2.3641
2021-04-22,42.0,44.85,41.98,44.19,6965966,304976224.94,5.6209,5.2143
2021-04-23,43.71,45.85,42.44,45.57,8080977,358596894.15,6.5206,3.1229
2021-04-26,45.52,46.97,45.05,46.41,5302977,244739986.94,4.279,1.8433
2021-04-27,46.34,46.61,45.42,46.15,3484068,160429658.98,2.8113,-0.5602
2021-04-28,46.18,48.2,45.87,47.51,3962519,187597167.48,3.1974,2.9469
2021-04-29,47.2,47.33,45.6,46.38,3318062,153592548.6,2.6774,-2.3784
2021-04-30,46.7,46.7,44.0,44.1,4841001,217467116.0,3.9063,-4.9159
2021-05-06,44.42,44.97,43.7,43.94,4748620,209831425.21,3.8317,-0.3628
2021-05-07,44.03,44.49,42.99,43.7,3491318,152553148.55,2.8172,-0.5462
2021-05-10,42.67,43.78,42.15,42.86,3052392,130821119.11,2.463,-1.9222
2021-05-11,42.56,43.12,41.85,42.0,3391040,143343006.16,2.7363,-2.0065
2021-05-12,41.93,42.86,41.78,42.41,2321079,98380781.05,1.8729,0.9762
2021-05-13,41.96,42.7,41.64,42.07,2218325,93346194.02,1.79,-0.8017
2021-05-14,42.07,45.16,42.07,44.66,5385039,237602508.85,4.3452,6.1564
2021-05-17,44.78,47.7,44.63,46.01,5428138,251207520.15,4.38,3.0228
2021-05-18,45.78,46.95,45.2,46.22,2689980,123857331.11,2.1706,0.4564
2021-05-19,46.15,46.6,45.0,45.3,2211351,100890326.75,1.7844,-1.9905
2021-05-20,45.67,46.8,44.3,46.41,3490956,159044631.3,2.8169,2.4503
2021-05-21,46.0,46.4,44.8,45.85,2945498,134137151.8,2.3768,-1.2066
2021-05-24,45.56,46.6,44.95,46.15,2883881,132103663.79,2.327,0.6543
2021-05-25,46.47,49.2,45.85,48.6,4763360,227885881.8,3.8436,5.3088
2021-05-26,48.6,49.47,48.1,48.84,3821367,186617837.61,3.0835,0.4938
2021-05-27,48.85,49.02,47.53,48.41,2858645,138026080.41,2.3067,-0.8804
2021-05-28,48.65,50.71,48.41,49.45,3806607,189341372.79,3.0716,2.1483
2021-05-31,49.44,54.45,49.44,54.02,4886025,256193931.47,3.9426,9.2417
2021-06-01,54.0,54.07,51.54,52.6,4169570,220225956.94,3.3645,-2.6287
2021-06-02,52.61,53.44,52.13,52.83,2649727,139771097.44,2.1381,0.4373
2021-06-03,52.21,53.14,51.18,51.48,2446236,127618612.39,1.9739,-2.5554
2021-06-04,51.2,54.36,51.2,53.13,2817355,150321365.57,2.2734,3.2051
2021-06-07,53.9,57.0,53.2,55.84,3522586,194786145.01,2.8424,5.1007
2021-06-08,55.25,55.76,52.25,53.5,4019753,216340160.22,3.2436,-4.1905
2021-06-09,53.88,56.5,53.39,54.6,3602054,197540962.38,2.9065,2.0561
2021-06-10,54.6,57.7,53.13,55.51,4723051,264066132.95,3.8111,1.6667
2021-06-11,34.66,35.88,32.88,33.63,6980235,238639831.29,3.5203,-2.9437
2021-06-15,33.5,35.46,33.3,34.63,5783684,200515735.99,2.9168,2.9735
2021-06-16,35.03,35.23,33.83,34.09,4710853,161697584.36,2.3758,-1.5593
2021-06-17,34.17,37.57,34.16,36.37,9697293,351098748.59,4.8905,6.6882
2021-06-18,38.0,38.0,35.7,36.3,8012298,294230978.94,4.0408,-0.1925
2021-06-21,36.2,37.39,35.6,37.28,5445087,200291555.6,2.7461,2.6997
2021-06-22,37.66,41.59,36.61,40.85,9311433,369841175.48,4.6959,9.5762
2021-06-23,40.1,41.78,40.0,40.6,7503958,305469217.06,3.7844,-0.612
2021-06-24,40.48,42.79,39.8,42.38,6455976,269153957.03,3.2559,4.3842
2021-06-25,42.0,43.5,41.18,42.0,5818325,245140966.19,2.9343,-0.8966
2021-06-28,41.2,42.72,41.13,41.99,5206932,218096046.8,2.626,-0.0238
2021-06-29,41.89,42.98,40.5,42.05,5213840,217776084.26,2.6294,0.1429
2021-06-30,41.93,43.78,41.93,43.45,5590247,240745838.01,2.8193,3.3294
2021-07-01,43.4,43.45,40.1,41.0,8160776,337266884.44,4.1156,-5.6387
2021-07-02,40.4,40.88,37.79,39.51,7989803,311920468.74,4.0294,-3.6341
2021-07-05,39.5,40.8,38.3,40.21,6787418,269091596.78,3.423,1.7717
2021-07-06,40.6,40.6,37.99,39.5,7149164,278344532.48,3.6055,-1.7657
2021-07-07,39.04,41.57,38.6,41.12,5954936,243413143.66,3.0032,4.1013
2021-07-08,41.7,46.31,41.11,45.06,9046538,400646064.5,4.5623,9.5817
2021-07-09,45.24,45.78,43.99,44.18,5451087,242753354.56,2.7491,-1.953
2021-07-12,44.72,46.49,43.7,45.19,5625640,255431037.79,2.8371,2.2861
2021-07-13,45.35,46.86,44.7,46.59,4863094,223893315.4,2.4526,3.098
2021-07-14,46.59,47.6,45.28,45.59,4562580,210403373.3,2.301,-2.1464
2021-07-15,45.12,46.18,43.63,45.92,4363092,196373434.95,2.2004,0.7238
2021-07-16,45.9,47.5,44.87,45.71,4759832,220114380.92,2.4005,-0.4573
2021-07-19,44.99,46.32,44.99,46.0,3555163,162531553.8,1.7929,0.6344
2021-07-20,45.11,45.96,43.73,45.41,5458629,244032259.37,2.7529,-1.2826
2021-07-21,45.4,47.55,44.2,47.52,6184405,288639081.16,3.1189,4.6466
2021-07-22,47.4,47.8,44.9,45.98,5949231,274297398.79,3.0003,-3.2407
2021-07-23,46.37,46.75,45.0,46.01,3769462,172385350.59,1.901,0.0652
2021-07-26,45.6,47.8,44.6,45.08,6148249,284060151.15,3.1007,-2.0213
2021-07-27,45.11,46.88,41.0,41.3,8512015,377875006.27,4.2928,-8.3851
2021-07-28,41.0,43.83,39.55,42.4,6488703,273643153.61,3.2724,2.6634
2021-07-29,43.02,46.96,43.02,45.91,7252942,330554745.26,3.6578,8.2783
2021-07-30,46.38,46.71,43.36,44.51,6246938,279568926.0,3.1505,-3.0494
2021-08-02,44.68,46.9,43.85,46.48,6287252,285032845.69,3.1708,4.426
2021-08-03,46.13,46.32,42.79,43.11,7201827,318286843.04,3.632,-7.2504
2021-08-04,42.9,44.69,42.68,43.5,6101956,268158344.59,3.0773,0.9047
2021-08-05,43.89,45.88,41.0,45.15,10806363,468409172.0,5.4499,3.7931
2021-08-06,45.15,45.3,42.85,43.4,6855325,299561487.78,3.4573,-3.876
2021-08-09,43.45,51.48,43.45,50.72,15325488,732579778.01,7.7289,16.8664
2021-08-10,49.36,53.2,49.36,50.78,17245212,881072435.19,8.1374,0.1183
2021-08-11,51.89,51.89,49.5,50.78,9773204,492638973.58,4.6116,0.0
2021-08-12,50.67,50.67,47.69,49.49,7914830,385808653.63,3.7347,-2.5404
2021-08-13,49.5,51.16,48.0,50.4,7431052,370811486.15,3.5065,1.8388
2021-08-16,50.4,52.0,49.11,50.4,7054016,357743486.0,3.3285,0.0
2021-08-17,49.63,52.77,49.63,49.97,6352324,323341261.08,2.9974,-0.8532
2021-08-18,50.13,54.31,49.18,53.0,9041351,473141668.37,4.2663,6.0636
2021-08-19,53.9,58.22,52.51,57.29,10517148,592891394.73,4.9627,8.0943
2021-08-20,57.0,59.88,55.0,57.98,8197704,474127417.95,3.8682,1.2044
2021-08-23,58.0,60.88,56.63,58.75,6633072,391091836.91,3.1299,1.328
2021-08-24,57.0,59.5,54.81,57.55,9298971,527384278.82,4.3879,-2.0426
2021-08-25,57.3,59.47,56.78,58.81,4789947,280319705.12,2.2602,2.1894
2021-08-26,59.0,60.96,57.46,58.16,5243915,310120737.42,2.4744,-1.1053
2021-08-27,57.0,59.31,56.48,57.93,4205433,240708852.85,1.9844,-0.3955
2021-08-30,58.38,60.48,57.01,59.67,5259546,308793582.27,2.4818,3.0036
2021-08-31,59.5,61.67,58.11,58.37,5138320,305890172.82,2.4246,-2.1786
2021-09-01,57.8,58.76,53.5,56.65,6745092,378943071.73,3.1828,-2.9467
2021-09-02,56.17,58.64,55.72,56.6,3694669,210609923.62,1.7434,-0.0883
2021-09-03,56.06,57.6,52.18,54.0,7123699,385601991.05,3.3614,-4.5936
2021-09-06,53.84,55.78,52.52,55.32,3599906,196572733.01,1.6987,2.4444
2021-09-07,55.32,60.6,54.4,59.95,6760252,397040407.92,3.1899,8.3695
2021-09-08,60.28,60.3,56.3,56.95,4595683,265728985.8,2.1685,-5.0042
2021-09-09,55.5,57.9,53.31,56.3,6360655,350898765.68,3.0014,-1.1414
2021-09-10,56.68,58.85,55.78,56.43,6694347,382515945.5,3.1588,0.2309
2021-09-13,57.0,57.19,51.0,53.3,8559098,454621900.12,4.0387,-5.5467
2021-09-14,54.3,55.86,53.11,53.5,4837263,263002471.42,2.2825,0.3752
2021-09-15,53.61,54.35,52.67,53.07,2931264,156774713.49,1.3832,-0.8037
2021-09-16,53.25,54.87,52.5,52.7,4229426,226253424.46,1.9957,-0.6972
2021-09-17,52.7,53.88,51.36,53.38,2604581,138005526.44,1.229,1.2903
2021-09-22,52.91,55.0,52.25,53.92,3804614,204967254.36,1.7953,1.0116
2021-09-23,54.0,54.92,52.5,54.05,2876501,154155982.25,1.3573,0.2411
2021-09-24,53.43,54.44,52.86,54.09,2196528,118232385.8,1.0365,0.074
2021-09-27,53.78,54.4,50.5,50.94,3886057,202345583.2,1.8337,-5.8236
2021-09-28,50.49,54.28,50.4,53.05,4279464,227998297.88,2.0193,4.1421
2021-09-29,53.26,53.31,49.02,49.1,3299451,167210663.82,1.5569,-7.4458
2021-09-30,48.91,53.8,48.91,52.85,5029723,260284306.45,2.3734,7.6375
2021-10-08,54.19,54.19,50.5,50.77,3287923,170452586.07,1.5515,-3.9357
2021-10-11,51.0,52.0,49.68,50.08,4218171,215148126.54,1.9904,-1.3591
2021-10-12,49.88,50.37,46.2,46.84,4528417,216496355.99,2.1368,-6.4696
2021-10-13,47.0,48.5,45.11,48.11,5337971,248307361.64,2.5188,2.7114
2021-10-14,47.79,52.8,47.49,51.65,5325009,272207491.05,2.5127,7.3581
2021-10-15,52.37,52.37,50.77,51.64,2051124,105436315.33,0.9679,-0.0194
2021-10-18,51.42,53.99,51.25,53.8,3945955,210042749.75,1.862,4.1828
2021-10-19,54.2,54.32,52.7,52.91,3365141,178770991.97,1.5879,-1.6543
2021-10-20,52.38,54.0,52.1,53.0,3896570,206782996.44,1.8387,0.1701
2021-10-21,52.93,54.2,51.8,52.24,2588059,136611594.6,1.2212,-1.434
2021-10-22,52.48,52.79,51.1,51.83,1749616,90437116.9,0.8256,-0.7848
2021-10-25,53.18,54.2,51.0,51.15,4274526,223256396.97,2.017,-1.312
2021-10-26,51.69,52.49,50.4,50.67,4003264,205770687.68,1.889,-0.9384
2021-10-27,51.0,52.99,50.73,52.35,4228895,219493572.93,1.9955,3.3156
2021-10-28,52.4,52.4,50.7,51.02,2768616,142557134.08,1.3064,-2.5406
2021-10-29,50.77,51.69,48.69,51.43,3283722,165524416.6,1.5495,0.8036
2021-11-01,51.05,51.9,48.91,50.22,3159788,160390206.58,1.491,-2.3527
2021-11-02,50.22,54.79,50.22,52.68,6044779,322867708.13,2.8523,4.8984
2021-11-03,52.53,52.68,49.15,50.45,5139565,258399807.54,2.4252,-4.2331
2021-11-04,50.4,52.27,50.0,51.6,3668345,187961010.29,1.731,2.2795
2021-11-05,52.37,52.53,50.0,50.26,2689019,136234816.66,1.2689,-2.5969
2021-11-08,50.11,51.11,49.78,50.87,2335062,117684679.5,1.1018,1.2137
2021-11-09,51.0,56.75,50.56,56.38,9680613,528887530.02,4.5679,10.8315
2021-11-10,57.73,58.51,55.36,56.12,5370537,304976736.43,2.5342,-0.4612
2021-11-11,55.93,56.78,54.35,55.2,3030533,167058074.19,1.43,-1.6393
2021-11-12,55.2,57.56,54.87,57.15,3881141,218541429.7,1.8314,3.5326
2021-11-15,56.6,58.24,53.8,54.88,4610562,256361059.52,2.1756,-3.972
2021-11-16,55.39,55.41,52.02,52.75,3985172,211608915.31,1.8805,-3.8812
2021-11-17,52.16,53.09,51.2,51.75,2891422,150056722.6,1.3644,-1.8957
2021-11-18,52.0,53.29,49.38,52.88,4614502,237714260.01,2.1741,2.1836
2021-11-19,52.17,54.28,51.36,53.7,3189087,168907799.57,1.5025,1.5507
2021-11-22,53.99,54.38,53.2,54.15,2322095,125166688.24,1.094,0.838
2021-11-23,53.99,54.97,53.16,53.9,1878873,101144946.14,0.8852,-0.4617
2021-11-24,53.69,54.7,53.01,53.94,2307782,123928787.54,1.0873,0.0742
2021-11-25,54.58,56.51,53.92,54.77,3379386,186648873.72,1.5922,1.5387
2021-11-26,54.14,56.98,54.14,56.38,4056030,227420260.2,1.911,2.9396
2021-11-29,56.36,59.99,55.99,59.96,7944529,466359961.46,3.743,6.3498
2021-11-30,60.1,62.0,59.01,61.44,5466826,333036414.77,2.5757,2.4683
2021-12-01,61.0,61.99,58.2,58.3,4425273,261316310.17,2.085,-5.1107
2021-12-02,58.0,58.26,54.88,54.9,5175069,288877021.01,2.4382,-5.8319
2021-12-03,55.0,56.5,54.9,55.49,3060088,170248291.67,1.4418,1.0747
2021-12-06,55.01,56.43,54.58,55.1,2716374,150586185.95,1.2798,-0.7028
2021-12-07,55.1,55.44,51.31,52.39,4438555,232448609.65,2.0912,-4.9183
2021-12-08,52.7,55.25,52.16,53.93,2824986,152962741.1,1.331,2.9395
2021-12-09,53.67,53.98,51.8,52.42,3867807,202434261.92,1.8223,-2.7999
2021-12-10,51.85,52.99,51.61,52.56,3526544,184126440.83,1.6615,0.2671
2021-12-13,52.56,52.84,50.77,52.32,3107845,160806835.1,1.4643,-0.4566
2021-12-14,53.0,56.36,52.5,55.06,5865433,322856955.37,2.7635,5.237
2021-12-15,55.06,55.77,53.69,55.02,3134563,171333812.94,1.4768,-0.0726
2021-12-16,54.95,55.36,54.21,54.64,1348614,73672043.81,0.6356,-0.6907
2021-12-17,54.6,54.6,52.68,53.21,2014948,107518555.09,0.9447,-2.6171
2021-12-20,52.9,53.48,51.3,51.37,2126568,110375072.06,0.997,-3.458
2021-12-21,51.26,52.5,51.1,51.7,1700559,88058877.62,0.7973,0.6424
2021-12-22,52.02,53.08,51.32,52.61,1337212,70105015.84,0.6269,1.7602
2021-12-23,52.58,52.58,50.99,51.43,2305834,119084852.5,1.0811,-2.2429
2021-12-24,51.5,51.71,48.89,49.5,3152989,157368159.21,1.4783,-3.7527
2021-12-27,49.49,50.97,49.32,50.1,1703032,85538876.87,0.7985,1.2121
2021-12-28,50.0,51.56,49.6,51.4,1948661,98918242.92,0.9136,2.5948
2021-12-29,51.21,53.99,51.01,53.25,3403847,181262305.56,1.5959,3.5992
2021-12-30,52.89,55.26,52.88,53.75,2602738,140604008.66,1.2203,0.939
2021-12-31,53.74,55.21,53.6,54.38,2468589,134769305.96,1.1574,1.1721
2022-01-04,54.98,55.03,53.29,53.8,2856605,154862407.0,1.3393,-1.0666
2022-01-05,53.56,54.24,50.85,50.91,3375130,175640186.76,1.5824,-5.3717
2022-01-06,51.29,51.29,48.5,48.88,4538079,225576637.81,2.1277,-3.9874
2022-01-07,48.86,50.37,48.1,48.81,5012810,247922420.54,2.3459,-0.1432
2022-01-10,48.03,49.75,46.59,49.4,3730350,180535812.77,1.7457,1.2088
2022-01-11,49.89,49.99,48.56,48.85,1812197,89309153.77,0.8481,-1.1134
2022-01-12,49.34,53.97,48.69,53.15,5177410,269824902.44,2.4229,8.8025
2022-01-13,53.53,54.2,52.3,53.39,2641871,141624369.62,1.2271,0.4516
2022-01-14,51.27,55.39,51.27,55.35,3743673,203636375.04,1.7389,3.6711
2022-01-17,55.2,55.55,54.2,54.76,1954885,107136051.38,0.908,-1.0659
2022-01-18,54.57,55.46,52.8,53.39,2440066,130741697.25,1.1334,-2.5018
2022-01-19,52.85,54.89,52.6,53.57,3020495,161605879.17,1.403,0.3371
2022-01-20,53.24,53.86,50.75,52.7,3189416,164630448.48,1.4814,-1.624
2022-01-21,51.99,51.99,49.01,50.24,5330637,270690408.81,2.476,-4.6679
2022-01-24,50.24,53.7,50.0,53.1,2564966,134804291.27,1.1914,5.6927
2022-01-25,53.0,54.3,51.09,51.09,1652659,86392008.25,0.7676,-3.7853
2022-01-26,52.2,52.2,50.01,50.7,2166747,109538479.67,1.0064,-0.7634
2022-01-27,51.37,51.84,50.36,50.62,1548305,78854401.16,0.7192,-0.1578
2022-01-28,50.62,50.7,43.66,47.96,8792011,419867381.95,4.0838,-5.2548
2022-02-07,48.79,49.9,45.78,45.98,4695707,220818829.89,2.1811,-4.1284
2022-02-08,45.99,46.39,45.08,45.92,2522959,115462805.31,1.1719,-0.1305
2022-02-09,45.92,46.13,44.58,45.76,2627113,119010503.17,1.2203,-0.3484
2022-02-10,47.02,47.26,45.05,45.48,2697307,124082137.46,1.2529,-0.6119
2022-02-11,45.22,45.22,43.02,43.83,3735885,163315920.02,1.7353,-3.628
2022-02-14,42.18,43.84,42.04,42.51,3920891,167138568.71,1.8212,-3.0116
2022-02-15,42.58,43.86,41.7,43.22,3504244,150212433.92,1.6277,1.6702
2022-02-16,43.25,43.26,41.8,41.99,2235043,94767447.97,1.0381,-2.8459
2022-02-17,42.05,43.13,41.81,42.59,2426382,103199065.76,1.127,1.4289
2022-02-18,42.34,42.34,40.74,40.95,4145152,170631397.4,1.9254,-3.8507
2022-02-21,41.35,41.57,40.15,40.55,4063678,165273191.59,1.8875,-0.9768
2022-02-22,40.0,40.5,38.67,39.55,4492836,176071577.16,2.0869,-2.4661
2022-02-23,39.82,43.05,39.67,42.1,4282252,177914664.48,1.989,6.4475
2022-02-24,42.09,43.5,41.4,42.75,6499962,276762613.59,3.0191,1.5439
2022-02-25,43.1,45.29,42.44,44.76,5283691,233047172.45,2.4542,4.7018
2022-02-28,44.2,46.8,44.0,45.81,3379657,153384661.0,1.5698,2.3458
2022-03-01,46.0,46.3,45.17,45.78,1777554,81185198.0,0.8257,-0.0655
2022-03-02,45.78,46.18,44.56,45.97,1931687,87989246.0,0.8972,0.415
2022-03-03,46.5,46.6,44.57,44.88,1642462,73892970.0,0.7629,-2.3711
2022-03-04,44.57,45.15,43.5,43.87,2388824,105525582.0,1.1096,-2.2504
2022-03-07,44.53,44.53,42.28,42.6,2091805,89857553.0,0.9716,-2.8949
2022-03-08,43.0,43.39,41.2,41.7,2740571,115155119.0,1.273,-2.1127
2022-03-09,41.84,43.39,40.17,42.22,3508909,147085124.0,1.6298,1.247
2022-03-10,43.5,44.58,42.51,44.33,3913549,172185893.0,1.8178,4.9976
2022-03-11,43.5,44.85,43.03,44.57,2311150,101799155.0,1.0735,0.5414
2022-03-14,44.94,45.18,43.18,43.56,2245269,99003327.0,1.0429,-2.2661
2022-03-15,43.17,43.85,42.02,42.05,2902635,124901243.0,1.3482,-3.4665
2022-03-16,42.97,43.74,41.2,43.54,2335126,99431781.0,1.0846,3.5434
2022-03-17,44.05,45.98,43.7,45.08,2749995,123682372.0,1.2773,3.537
2022-03-18,44.78,46.25,43.83,45.15,2382796,108047156.76,1.1068,0.1553
2022-03-21,45.12,47.71,44.67,47.67,3118971,146071370.27,1.4487,5.5814
2022-03-22,47.0,49.19,46.8,48.58,2380749,115067712.4,1.1058,1.909
2022-03-23,48.29,49.49,47.4,49.06,2263815,110345423.91,1.0515,0.9881
2022-03-24,48.83,48.99,47.62,48.1,1322379,63728731.98,0.6142,-1.9568
2022-03-25,48.11,48.5,46.8,46.9,1557013,74108658.82,0.7232,-2.4948
2022-03-28,46.8,47.4,44.3,47.11,3047989,138899695.17,1.4158,0.4478
2022-03-29,46.64,47.58,46.34,46.55,1152324,54028376.28,0.5352,-1.1887
2022-03-30,47.0,47.36,46.0,46.81,1078205,50379245.34,0.5008,0.5585
2022-03-31,46.81,47.3,45.2,45.85,1540390,70997325.64,0.7155,-2.0508
2022-04-01,45.76,46.49,45.34,45.53,955431,43862125.35,0.4438,-0.6979
2022-04-06,46.19,46.19,44.21,44.24,1119706,50093943.74,0.5201,-2.8333
2022-04-07,44.33,44.6,42.0,42.66,2288030,98999323.24,1.0628,-3.5714
2022-04-08,42.5,43.06,41.4,41.86,2185072,91819634.5,1.0149,-1.8753
2022-04-11,41.89,42.32,40.7,41.0,2160865,88951770.1,1.0037,-2.0545
2022-04-12,41.0,41.39,40.2,40.57,1113520,45344896.53,0.5172,-1.0488
2022-04-13,39.99,40.48,38.7,38.7,1551108,61186625.6,0.7205,-4.6093
2022-04-14,38.73,39.56,37.5,37.9,2899809,111059979.9,1.3469,-2.0672
2022-04-15,37.9,38.25,36.62,36.87,1993086,73999504.39,0.9258,-2.7177
2022-04-18,36.16,40.0,36.16,39.51,2704922,104993615.41,1.2564,7.1603
2022-04-19,39.76,41.98,39.24,41.63,3270750,133513519.34,1.5192,5.3657
2022-04-20,41.64,44.0,41.24,41.52,4175490,178259510.43,1.9395,-0.2642
2022-04-21,41.51,42.25,39.18,39.57,3025500,121970485.92,1.4053,-4.6965
2022-04-22,40.34,40.34,37.32,38.53,2520533,96407183.25,1.1708,-2.6283
2022-04-25,38.78,40.9,37.85,38.91,4982437,195811755.2,2.3143,0.9862
2022-04-26,39.29,40.5,37.0,38.6,4210705,164058359.97,1.9558,-0.7967
2022-04-27,38.16,42.08,37.61,42.0,3478866,139193376.4,1.6159,8.8083
2022-04-28,41.25,43.02,40.6,41.12,3126832,130741648.58,1.4524,-2.0952
2022-04-29,41.6,44.0,40.7,43.1,3135860,134754190.29,1.4566,4.8152
2022-05-05,43.73,48.98,43.25,47.99,4468627,210176693.16,2.0756,11.3457
2022-05-06,46.99,48.3,45.91,47.02,2830386,133194299.02,1.3147,-2.0213
2022-05-09,47.02,48.39,46.66,48.18,2710424,129493007.85,1.259,2.467
2022-05-10,48.0,51.02,47.57,49.25,3366834,167666939.96,1.5638,2.2208
2022-05-11,49.73,50.49,48.22,48.39,2802046,137488602.06,1.3015,-1.7462
2022-05-12,47.7,49.2,47.69,48.33,2173247,104962599.85,1.0094,-0.124
2022-05-13,48.24,48.98,47.77,48.33,1632502,78591338.48,0.7583,0.0
2022-05-16,49.0,49.61,47.67,48.28,1802024,87297532.72,0.837,-0.1035
2022-05-17,48.59,49.89,47.61,49.61,2312628,113525401.8,1.0742,2.7548
2022-05-18,49.81,50.27,48.93,49.13,1281208,63327388.64,0.5951,-0.9675
2022-05-19,48.6,49.85,48.0,49.77,1928009,93978878.78,0.8955,1.3027
2022-05-20,49.51,50.12,48.23,49.15,1735104,85319067.02,0.8059,-1.2457
2022-05-23,49.61,49.61,48.35,48.96,1990401,97260963.05,0.9245,-0.3866
2022-05-24,48.69,52.0,48.33,48.9,3605769,182160325.4,1.6748,-0.1225
2022-05-25,48.73,49.4,48.28,48.83,1279016,62542821.83,0.5941,-0.1431
2022-05-26,48.51,51.66,47.58,51.04,4069537,203640617.25,1.8902,4.5259
2022-05-27,50.99,51.32,48.88,49.08,2551400,127748499.52,1.1851,-3.8401
2022-05-30,49.56,51.86,49.08,51.3,2495263,126361573.68,1.1609,4.5232
2022-05-31,51.56,52.84,50.69,52.3,2304222,119752845.55,1.072,1.9493
2022-06-01,52.3,55.36,52.0,53.57,3095618,167664469.04,1.4402,2.4283
2022-06-02,53.37,55.27,53.18,54.78,1923973,105183497.76,0.8951,2.2587
2022-06-06,54.82,57.68,54.1,55.63,3701341,206689221.1,1.722,1.5517
2022-06-07,40.0,40.43,38.05,38.19,4547326,176402259.32,1.5111,-3.7065
2022-06-08,38.47,39.1,38.02,38.8,3437969,132692686.88,1.1425,1.5973
2022-06-09,38.54,39.58,38.02,38.57,3408840,132887119.99,1.1328,-0.5928
2022-06-10,38.02,40.5,38.01,40.4,5262251,209110243.94,1.7487,4.7446
2022-06-13,40.38,40.39,38.96,39.98,4684243,185775429.4,1.5566,-1.0396
2022-06-14,39.47,39.48,37.7,38.15,5009837,191531894.89,1.6648,-4.5773
2022-06-15,38.15,38.75,37.55,38.15,3066447,116918596.87,1.019,0.0
2022-06-16,38.15,38.67,37.61,38.35,2639962,100631716.88,0.8773,0.5242
2022-06-17,38.02,38.78,37.68,38.7,3043710,116634867.98,1.0114,0.9126
2022-06-20,38.68,40.09,38.47,39.81,4060611,161347603.95,1.3494,2.8682
2022-06-21,39.98,39.98,38.47,38.69,2542103,99133930.28,0.8448,-2.8134
2022-06-22,38.69,39.44,38.3,38.55,1847640,71640329.28,0.614,-0.3619
2022-06-23,38.43,41.86,38.11,41.52,7505827,302455189.97,2.4942,7.7043
2022-06-24,41.95,44.0,41.76,42.3,6123802,262545729.35,2.035,1.8786
2022-06-27,42.48,43.58,41.68,43.14,3539922,151131881.51,1.1763,1.9858
2022-06-28,43.11,43.14,41.8,42.25,3216271,135986823.94,1.0688,-2.0631
2022-06-29,42.3,42.46,41.01,41.09,3299862,136585839.58,1.0966,-2.7456
2022-06-30,40.85,41.92,40.84,41.51,2169317,89984905.64,0.7209,1.0221
2022-07-01,41.86,42.29,40.93,41.04,2114383,87820262.12,0.7026,-1.1323
2022-07-04,41.08,43.0,40.5,42.86,3254462,138144685.36,1.0815,4.4347
2022-07-05,42.7,43.15,40.85,41.43,4012147,167430868.56,1.3333,-3.3364
2022-07-06,41.38,42.25,40.7,41.44,1983424,82106991.94,0.6591,0.0241
2022-07-07,41.94,42.8,41.31,42.55,3651787,153933541.23,1.2135,2.6786
2022-07-08,42.61,42.8,39.36,40.09,5735717,232689749.0,1.906,-5.7814
2022-07-11,40.09,41.0,39.47,40.85,3854757,154924842.52,1.281,1.8957
2022-07-12,40.67,40.85,39.1,39.79,3093599,123250448.18,1.028,-2.5949
2022-07-13,39.53,40.18,39.34,39.54,1661034,65906601.89,0.552,-0.6283
2022-07-14,39.74,40.98,39.48,40.68,2377941,96420992.43,0.7902,2.8832
2022-07-15,40.71,41.68,39.5,39.61,2569801,103367237.18,0.854,-2.6303
2022-07-18,40.0,40.0,38.68,39.13,3093651,120983336.83,1.028,-1.2118
2022-07-19,39.21,39.6,38.57,39.03,2862183,111947768.16,0.9511,-0.2556
2022-07-20,39.03,39.98,38.7,39.84,3161172,125135482.47,1.0505,2.0753
2022-07-21,39.9,41.55,39.5,39.95,5322602,217050554.12,1.7687,0.2761
2022-07-22,39.99,40.68,38.73,39.31,2835299,111733484.27,0.9422,-1.602
2022-07-25,39.31,41.14,39.0,39.98,3234635,129163989.22,1.0749,1.7044
2022-07-26,39.45,41.0,39.04,39.69,2847131,113254962.74,0.9461,-0.7254
2022-07-27,39.4,40.8,39.29,40.1,2053250,82450420.61,0.6823,1.033
2022-07-28,40.21,40.97,39.51,40.69,3115573,125851171.03,1.0353,1.4713
2022-07-29,40.44,40.87,39.03,39.5,3073156,122255513.39,1.0212,-2.9246
2022-08-01,39.21,39.99,38.8,39.74,2948410,116631474.02,0.9798,0.6076
2022-08-02,39.74,40.54,38.44,38.71,4127448,162198723.56,1.3716,-2.5918
2022-08-03,38.97,41.35,38.52,40.2,5949188,240703935.28,1.9769,3.8491
2022-08-04,40.5,41.5,39.5,40.92,4700856,192108072.9,1.5621,1.791
2022-08-05,40.98,41.2,39.51,40.35,4372506,175410638.61,1.453,-1.393
2022-08-08,40.21,42.57,40.02,42.2,5739484,240063233.61,1.9073,4.5849
2022-08-09,42.1,46.35,41.26,45.55,12036602,529515464.33,3.9998,7.9384
2022-08-10,45.8,47.14,45.33,46.72,8837409,411020482.68,2.9367,2.5686
2022-08-11,46.93,47.01,44.98,46.11,5025206,230084155.51,1.6699,-1.3057
2022-08-12,45.91,46.27,44.24,44.8,4507843,202169537.0,1.498,-2.841
2022-08-15,44.98,45.25,44.43,45.01,3026826,135601666.89,1.0058,0.4688
2022-08-16,45.11,47.43,45.1,46.48,4992369,232346629.22,1.659,3.2659
2022-08-17,46.3,46.52,45.11,45.22,3768091,171637875.52,1.2522,-2.7108
2022-08-18,45.31,46.63,45.16,45.94,3596406,165914475.12,1.1951,1.5922
2022-08-19,45.94,47.98,45.5,47.01,5605563,262842616.62,1.8628,2.3291
2022-08-22,47.01,47.81,45.7,46.84,4334911,202973996.7,1.4405,-0.3616
2022-08-23,46.65,49.88,46.53,49.4,5472041,267513651.44,1.8184,5.4654
2022-08-24,49.51,49.64,47.5,48.9,4034999,195299034.54,1.3409,-1.0121
2022-08-25,48.7,48.94,45.05,45.25,5801762,268640885.13,1.928,-7.4642
2022-08-26,45.51,48.36,45.16,45.25,6599375,308731125.11,2.193,0.0
2022-08-29,45.15,47.36,44.08,44.76,5947991,270964479.03,1.9765,-1.0829
2022-08-30,45.0,45.16,43.58,44.18,4056255,180113029.04,1.3479,-1.2958
2022-08-31,44.41,44.78,42.59,42.93,3687521,159620472.27,1.2254,-2.8293
2022-09-01,43.46,45.15,42.65,43.7,3135570,138601029.88,1.042,1.7936
2022-09-02,44.44,44.8,42.66,44.03,2668418,116472061.67,0.8867,0.7551
2022-09-05,44.03,44.25,42.9,43.35,2453540,106620080.35,0.8153,-1.5444
2022-09-06,43.5,45.85,43.05,45.3,3479651,156778434.1,1.1563,4.4983
2022-09-07,45.2,46.18,44.7,45.2,2317432,105326392.01,0.7701,-0.2208
2022-09-08,45.2,45.82,44.53,45.58,2557996,115845521.18,0.85,0.8407
2022-09-09,45.8,46.05,44.66,45.0,1653800,74680817.3,0.5496,-1.2725
2022-09-13,44.53,47.35,44.53,46.94,3658188,170742907.88,1.2156,4.3111
2022-09-14,46.17,48.98,45.76,47.95,4715355,224846115.44,1.5653,2.1517
2022-09-15,48.0,48.46,45.3,46.02,3269051,152315008.98,1.0852,-4.025
2022-09-16,45.73,48.1,45.68,47.08,3762375,178389977.78,1.2489,2.3033
2022-09-19,46.99,48.48,46.51,46.74,2687089,127489728.54,0.892,-0.7222
2022-09-20,47.2,47.87,46.32,46.95,1365763,64014146.59,0.4534,0.4493
2022-09-21,46.95,47.22,45.37,45.9,2158621,99404097.28,0.7166,-2.2364
2022-09-22,45.63,49.41,45.11,48.62,4781278,228977699.83,1.5872,5.9259
2022-09-23,48.9,49.95,47.81,49.56,4999889,245853226.61,1.6597,1.9334
2022-09-26,49.46,51.29,48.11,48.98,5809744,289581951.59,1.9286,-1.1703
2022-09-27,49.0,49.4,47.31,48.88,3342218,161136738.15,1.1095,-0.2042
2022-09-28,48.75,50.16,48.3,48.95,4330435,213170434.39,1.4375,0.1432
2022-09-29,49.28,49.58,47.5,47.89,3705584,178759167.48,1.2301,-2.1655
2022-09-30,48.56,48.56,45.01,45.44,4812691,220536342.83,1.5976,-5.1159
2022-10-10,46.46,47.13,44.55,45.1,3313611,151542454.21,1.1,-0.7482
2022-10-11,44.94,45.72,43.7,43.79,2818242,125179805.29,0.9355,-2.9047
2022-10-12,43.99,44.07,41.6,44.05,3649061,156532715.69,1.2113,0.5937
2022-10-13,43.94,48.01,43.49,47.07,5458322,255700443.62,1.8119,6.8558
2022-10-14,47.0,47.5,45.83,46.77,2817139,131667997.74,0.9352,-0.6373
2022-10-17,47.59,48.2,47.0,47.28,2287050,108620313.63,0.7592,1.0904
2022-10-18,47.28,49.21,46.8,48.93,3319570,161368259.89,1.1019,3.4898
2022-10-19,48.3,49.18,47.81,48.65,1962460,94950897.31,0.6514,-0.5722
2022-10-20,48.3,48.5,46.06,47.5,2661226,125772502.83,0.8834,-2.3638
2022-10-21,47.17,47.63,46.11,47.3,1908854,89770682.46,0.6337,-0.4211
2022-10-24,48.75,54.11,48.75,53.71,11650792,613908876.13,3.8675,13.5518
2022-10-25,53.02,53.98,52.41,53.1,6928435,368109844.1,2.2999,-1.1357
2022-10-26,52.0,52.45,49.66,51.61,12379992,631395350.84,4.1096,-2.806
2022-10-27,50.2,50.89,48.18,48.81,7804774,385880274.85,2.5908,-5.4253
2022-10-28,47.99,52.45,47.99,50.7,9424167,478121059.18,3.1284,3.8722
2022-10-31,50.71,52.78,48.6,52.59,7168097,369625034.22,2.3795,3.7278
2022-11-01,52.48,53.38,50.9,51.89,5634964,293145091.3,1.8706,-1.3311
2022-11-02,51.2,52.38,49.36,50.0,6574468,330630712.97,2.1824,-3.6423
2022-11-03,49.58,52.49,49.52,51.49,5290566,271740100.91,1.7562,2.98
2022-11-04,51.0,52.13,49.81,50.41,5364942,269790449.36,1.7809,-2.0975
2022-11-07,50.3,50.59,48.7,48.89,4861848,240305323.62,1.6139,-3.0153
2022-11-08,48.19,48.46,45.5,47.89,7434602,350380626.04,2.468,-2.0454
2022-11-09,47.62,49.8,47.5,48.22,4639818,226421911.6,1.5402,0.6891
2022-11-10,48.18,48.52,47.06,48.45,3355962,160506273.98,1.114,0.477
2022-11-11,49.0,49.68,46.53,47.96,4701231,224860694.06,1.5606,-1.0114
2022-11-14,47.6,47.79,45.17,46.58,7127607,328243772.45,2.366,-2.8774
2022-11-15,46.41,47.15,45.77,47.15,4874927,226878714.23,1.6183,1.2237
2022-11-16,46.8,47.3,45.41,45.42,4811136,221651613.36,1.5971,-3.6691
2022-11-17,45.0,46.85,44.6,46.74,5265702,241950920.94,1.748,2.9062
2022-11-18,46.8,46.99,45.61,46.12,2610229,120831393.59,0.8665,-1.3265
2022-11-21,45.8,47.9,45.0,46.95,4875536,229438816.29,1.6185,1.7997
2022-11-22,46.69,47.16,45.62,45.9,2806861,129664311.48,0.9318,-2.2364
2022-11-23,45.72,46.75,44.33,46.23,4105184,187075516.7,1.3627,0.719
2022-11-24,46.67,46.88,45.57,45.95,1895650,87881080.18,0.6293,-0.6057
2022-11-25,45.94,46.26,44.98,45.0,2251279,102018910.0,0.7473,-2.0675
2022-11-28,45.02,46.79,44.8,46.5,5225107,241819547.48,1.7345,3.3333
2022-11-29,46.58,46.66,44.94,45.18,4582959,208154415.5,1.5213,-2.8387
2022-11-30,45.2,45.28,42.52,43.82,6503949,282333968.28,2.159,-3.0102
2022-12-01,43.89,44.26,42.97,43.63,4594477,200950911.69,1.5252,-0.4336
2022-12-02,43.59,44.39,43.13,43.73,3318052,145289491.44,1.1014,0.2292
2022-12-05,43.95,43.95,41.87,42.17,5758952,244553907.87,1.9117,-3.5673
2022-12-06,41.75,42.99,40.32,42.82,8345108,347342531.93,2.7702,1.5414
2022-12-07,42.55,44.95,42.42,42.92,5400795,236358997.9,1.7928,0.2335
2022-12-08,42.92,44.1,41.61,42.82,6323708,270638605.41,2.0992,-0.233
2022-12-09,42.52,43.77,41.23,42.37,9561396,408586773.75,3.1739,-1.0509
2022-12-12,42.49,44.25,42.05,43.53,4763568,206204151.53,1.5813,2.7378
2022-12-13,43.52,44.04,43.04,43.2,2447060,106153607.39,0.8123,-0.7581
2022-12-14,43.21,43.9,42.4,42.51,2216628,95025209.13,0.7358,-1.5972
2022-12-15,42.3,42.84,41.62,42.27,2046475,86266029.51,0.6793,-0.5646
2022-12-16,41.83,42.26,40.8,41.06,2616193,108396952.79,0.8685,-2.8626
2022-12-19,39.99,41.2,39.4,39.56,4670871,186850237.5,1.5505,-3.6532
2022-12-20,39.93,40.95,39.39,40.56,3126901,126341277.19,1.038,2.5278
2022-12-21,40.51,40.95,39.81,40.0,2315896,93048722.83,0.7688,-1.3807
2022-12-22,40.01,40.15,38.79,38.9,4223880,166272719.2,1.4021,-2.75
2022-12-23,38.85,39.28,38.65,38.78,2151509,83629960.75,0.7142,-0.3085
2022-12-26,39.76,40.68,38.84,40.22,3419175,136745403.01,1.135,3.7133
2022-12-27,40.52,41.58,40.0,41.45,3791429,155912963.27,1.2586,3.0582
2022-12-28,41.43,42.16,40.99,41.16,2511064,104056687.12,0.8336,-0.6996
2022-12-29,40.89,43.41,40.81,42.75,6110351,259589671.04,2.0284,3.863
2022-12-30,42.76,43.5,42.15,42.48,3678172,156962984.06,1.221,-0.6316
2023-01-03,42.31,44.48,42.02,43.83,5113425,223906722.76,1.6793,3.178
2023-01-04,44.15,44.58,42.88,43.34,2896752,126551421.65,0.9513,-1.118
2023-01-05,43.34,43.78,42.83,43.0,3395545,146553006.08,1.1151,-0.7845
2023-01-06,43.0,43.36,42.22,42.27,3633032,155213287.92,1.1931,-1.6977
2023-01-09,42.3,42.59,39.8,40.11,10254651,417417625.53,3.3677,-5.11
2023-01-10,40.12,40.41,38.82,39.99,3863121,153645397.03,1.2687,-0.2992
2023-01-11,40.15,40.43,38.91,39.15,5732470,225474557.1,1.8826,-2.1005
2023-01-12,39.42,39.82,38.18,38.38,5119920,198873036.14,1.6814,-1.9668
2023-01-13,38.32,38.36,33.73,34.66,21499279,755299974.43,7.0606,-9.6925
2023-01-16,34.53,36.7,34.08,36.21,14855377,526374184.47,4.8787,4.472
2023-01-17,36.28,38.76,36.08,37.5,11793548,443543302.14,3.8731,3.5626
2023-01-18,37.65,37.78,36.48,37.59,3961571,148291601.65,1.301,0.24
2023-01-19,37.52,39.66,37.28,39.49,9832144,383311950.53,3.229,5.0545
2023-01-20,39.89,39.89,38.59,38.71,4414403,172457453.89,1.4497,-1.9752
2023-01-30,39.8,40.46,38.78,39.88,6587798,260334442.33,2.1635,3.0225
2023-01-31,39.47,40.28,39.46,39.84,3121172,124451274.63,1.025,-0.1003
2023-02-01,39.86,39.86,38.78,39.61,4545590,178674160.13,1.4928,-0.5773
2023-02-02,39.8,40.08,38.4,38.49,5867884,228795652.6,1.9271,-2.8276
2023-02-03,38.55,38.94,38.2,38.86,3386364,130592405.6,1.1121,0.9613
2023-02-06,38.44,39.4,38.25,38.57,3156097,122031947.27,1.0365,-0.7463
2023-02-07,38.54,38.59,37.29,38.0,5179378,195651107.46,1.701,-1.4778
2023-02-08,37.95,38.08,36.43,36.5,8025048,295476712.17,2.6355,-3.9474
2023-02-09,36.43,37.55,36.12,37.21,5303244,196115663.59,1.7416,1.9452
2023-02-10,37.23,37.64,36.68,37.32,4899795,182022521.86,1.6091,0.2956
2023-02-13,37.42,38.1,36.81,36.92,5304949,197960138.87,1.7422,-1.0718
2023-02-14,36.93,37.19,36.09,36.62,4810101,175418531.45,1.5797,-0.8126
2023-02-15,36.62,36.96,36.22,36.3,3617931,132062949.68,1.1882,-0.8738
2023-02-16,36.21,36.83,35.53,36.2,4813896,174270216.01,1.5809,-0.2755
2023-02-17,35.97,36.28,35.63,35.75,4723315,169883320.84,1.5512,-1.2431
2023-02-20,35.7,35.95,35.07,35.58,4164087,147767218.97,1.3675,-0.4755
2023-02-21,35.58,37.21,35.58,36.17,6449005,235280463.96,2.1179,1.6582
2023-02-22,36.1,37.17,35.82,36.32,4334633,158444954.35,1.4235,0.4147
2023-02-23,36.25,37.49,36.08,36.93,4849822,178917632.28,1.5927,1.6795
2023-02-24,36.98,38.37,36.95,37.64,7539220,284616985.04,2.476,1.9226
2023-02-27,37.28,39.1,37.1,37.68,7411200,283395028.91,2.4339,0.1063
2023-02-28,37.69,37.93,36.88,37.76,4174840,156306453.59,1.3711,0.2123
2023-03-01,37.74,37.82,36.98,37.37,3478850,129838351.54,1.1425,-1.0328
2023-03-02,37.38,38.45,37.17,37.65,4543314,172023287.93,1.4921,0.7493
2023-03-03,37.49,37.89,37.08,37.42,2911069,108847044.08,0.956,-0.6109
2023-03-06,37.79,39.51,37.78,38.76,8420141,327442261.3,2.7653,3.581
2023-03-07,38.69,38.78,37.51,37.61,4361395,165846192.83,1.4323,-2.967
2023-03-08,37.5,38.47,37.31,37.82,3405689,129321235.6,1.1185,0.5584
2023-03-09,37.82,37.95,37.09,37.18,2545845,95233060.63,0.8361,-1.6922
2023-03-10,36.88,37.3,36.05,36.42,3558929,129487985.5,1.1688,-2.0441
2023-03-13,36.1,36.64,35.62,35.7,3138101,112682743.91,1.0306,-1.9769
2023-03-14,35.51,35.93,34.1,34.8,6671215,231045938.08,2.1909,-2.521
2023-03-15,34.82,35.96,34.1,34.38,5737608,200612442.73,1.8843,-1.2069
2023-03-16,34.08,34.48,33.48,33.71,3516448,119201329.72,1.1548,-1.9488
2023-03-17,33.81,34.19,32.81,33.06,5044732,167632529.58,1.6567,-1.9282
2023-03-20,33.09,33.56,32.62,32.99,4006134,131789573.1,1.3157,-0.2117
2023-03-21,33.08,33.8,32.71,33.27,4801638,159153376.65,1.5769,0.8487
2023-03-22,33.29,33.49,32.27,32.47,5478807,179169866.76,1.7993,-2.4046
2023-03-23,32.21,32.73,31.8,32.41,4935351,159231247.17,1.6208,-0.1848
2023-03-24,32.42,32.42,31.12,31.56,8769837,275501036.46,2.8801,-2.6226
2023-03-27,31.26,32.08,30.98,31.8,5583515,176622372.33,1.8337,0.7605
2023-03-28,31.8,31.82,31.05,31.05,3271642,102439369.85,1.0744,-2.3585
2023-03-29,30.88,31.28,30.5,30.97,3833358,118347386.41,1.2589,-0.2576
2023-03-30,31.01,31.91,30.84,31.7,5198464,163987046.14,1.7072,2.3571
2023-03-31,31.66,31.9,31.24,31.46,2575012,81076357.6,0.8457,-0.7571
2023-04-03,31.46,32.23,31.41,32.13,4631673,147696414.83,1.5211,2.1297
2023-04-04,32.15,32.66,30.72,30.97,6549414,205742290.95,2.1509,-3.6103
2023-04-06,31.0,31.56,30.4,31.46,6463595,200429133.61,2.1227,1.5822
2023-04-07,31.38,31.45,30.66,31.24,6183609,192429120.34,2.0308,-0.6993
2023-04-10,31.11,31.55,31.0,31.25,3492972,109026937.56,1.1471,0.032
2023-04-11,31.25,32.12,30.85,31.5,8922228,280756772.2,2.9302,0.8
2023-04-12,31.36,31.57,30.44,30.47,6919306,213088720.75,2.2724,-3.2698
2023-04-13,30.39,30.57,29.71,30.12,5573235,167658246.1,1.8303,-1.1487
2023-04-14,30.3,30.77,29.5,30.61,7035602,212728946.0,2.3106,1.6268
2023-04-17,30.56,30.77,29.85,30.08,5059458,152683577.05,1.6616,-1.7315
2023-04-18,29.96,31.52,29.95,30.75,10811068,335154757.47,3.5505,2.2274
2023-04-19,30.75,30.83,29.91,30.07,4715423,142116864.58,1.5486,-2.2114
2023-04-20,30.08,30.08,29.18,29.45,4324930,127227897.02,1.4204,-2.0619
2023-04-21,29.4,30.09,28.86,28.96,4781945,140969426.23,1.5717,-1.6638
2023-04-24,29.08,29.87,28.38,28.59,7586528,219456360.95,2.4935,-1.2776
2023-04-25,28.85,28.9,27.68,28.05,6169291,173218509.05,2.0277,-1.8888
2023-04-26,27.49,29.61,27.48,28.98,12033256,348638830.32,3.5174,3.3155
2023-04-27,29.05,30.2,28.45,29.82,8700338,256393994.99,2.5432,2.8986
2023-04-28,29.9,29.94,29.17,29.35,5943695,174524904.18,1.7374,-1.5761
2023-05-04,29.35,29.49,28.66,28.84,4724816,136893132.87,1.3811,-1.7376
2023-05-05,28.86,28.9,27.6,28.32,6910693,194464533.09,2.0201,-1.8031
2023-05-08,28.53,28.78,28.09,28.4,4366206,124085272.33,1.2763,0.2825
2023-05-09,28.41,28.45,26.96,27.04,8033902,220852622.1,2.3484,-4.7887
2023-05-10,27.29,27.65,26.81,27.43,5737238,156367905.72,1.677,1.4423
2023-05-11,27.43,28.04,27.28,27.63,4317415,119538539.1,1.262,0.7291
2023-05-12,27.73,28.1,27.15,27.16,3219462,88722078.86,0.9411,-1.701
2023-05-15,27.21,27.62,27.0,27.52,3818422,104220179.36,1.1162,1.3255
2023-05-16,27.52,27.77,27.36,27.51,4467680,123163743.4,1.3059,-0.0363
2023-05-17,27.45,27.86,27.1,27.82,4744223,130961037.16,1.3868,1.1269
2023-05-18,27.83,27.88,27.0,27.24,5345985,146109497.87,1.5627,-2.0848
2023-05-19,27.4,28.27,27.15,28.1,7468376,207745796.13,2.1831,3.1571
2023-05-22,28.09,28.4,27.65,28.3,5083235,142706242.2,1.4859,0.7117
2023-05-23,28.3,28.57,27.86,27.91,4265218,120435363.22,1.2468,-1.3781
2023-05-24,27.85,28.08,27.4,27.61,5214163,144437918.22,1.5241,-1.0749
2023-05-25,27.6,27.69,26.88,27.12,5607877,152864964.65,1.6392,-1.7747
2023-05-26,20.8,20.87,19.91,20.3,8345779,169313909.85,1.8766,-2.2629
2023-05-29,20.39,20.85,20.01,20.57,11901138,243120378.6,2.676,1.33
2023-05-30,20.42,20.91,20.25,20.59,7096317,145746915.84,1.5956,0.0972
2023-05-31,20.59,20.8,20.3,20.3,6062651,124250572.8,1.3632,-1.4085
2023-06-01,20.36,21.42,20.2,21.18,12275312,257389995.12,2.7601,4.335
2023-06-02,21.18,21.55,21.13,21.25,7144066,152623530.13,1.6064,0.3305
2023-06-05,21.24,21.4,20.55,20.55,7145340,148700995.68,1.6067,-3.2941
2023-06-06,20.46,20.78,19.76,19.86,9470148,189572370.94,2.1294,-3.3577
2023-06-07,19.95,19.99,19.2,19.29,6753317,131076762.29,1.5185,-2.8701
2023-06-08,19.32,19.49,18.67,18.69,8394414,158753640.53,1.8875,-3.1104
2023-06-09,18.67,18.98,18.66,18.98,7390524,139005306.36,1.6618,1.5516
2023-06-12,19.0,19.06,18.25,18.48,9596525,177021751.42,2.1578,-2.6344
2023-06-13,18.41,18.52,18.14,18.37,6158842,112839618.97,1.3848,-0.5952
2023-06-14,18.37,18.37,17.96,18.0,6284434,113599568.89,1.4131,-2.0142
2023-06-15,18.0,18.82,17.88,18.78,9064049,167539883.95,2.0381,4.3333
2023-06-16,18.7,19.3,18.58,19.19,7490769,141939533.95,1.6843,2.1832
2023-06-19,19.21,19.86,19.02,19.7,10692963,209489540.95,2.4043,2.6576
2023-06-20,19.6,23.64,19.6,22.74,50154292,1132065148.69,11.2774,15.4315
2023-06-21,22.63,23.19,21.65,21.65,35645206,792978900.71,8.0149,-4.7933
2023-06-26,21.25,21.59,20.44,20.79,19835559,414380675.37,4.4601,-3.9723
2023-06-27,20.87,22.42,20.87,21.68,19992487,436450208.75,4.4954,4.2809
2023-06-28,21.46,21.98,20.73,21.19,16688748,353419611.26,3.7525,-2.2601
2023-06-29,20.97,22.78,20.83,22.23,25065958,552859682.5,5.6362,4.908
2023-06-30,22.07,23.52,21.93,22.91,26713434,609937068.3,6.0066,3.0589
2023-07-03,23.06,23.48,22.61,22.62,18855787,432356662.99,4.2398,-1.2658
2023-07-04,22.79,23.1,22.52,22.64,12471019,283386014.3,2.8042,0.0884
2023-07-05,22.63,22.92,22.3,22.42,9355886,211008656.64,2.1037,-0.9717
2023-07-06,22.42,22.55,21.99,22.09,10724124,238212629.87,2.4114,-1.4719
2023-07-07,22.07,22.18,21.2,21.3,15083467,325563219.35,3.3916,-3.5763
2023-07-10,21.3,21.66,21.15,21.2,8518752,181868892.36,1.9155,-0.4695
2023-07-11,21.26,22.05,21.26,21.86,11880787,257701334.94,2.6714,3.1132
2023-07-12,21.82,21.91,21.28,21.35,8040187,172763965.34,1.8079,-2.333
2023-07-13,21.47,21.6,20.98,21.04,9048785,191520434.51,2.0347,-1.452
2023-07-14,20.92,20.92,19.8,19.92,21489850,434745774.26,4.8321,-5.3232
2023-07-17,19.9,20.04,19.49,19.74,8787147,173735715.86,1.9758,-0.9036
2023-07-18,19.69,19.83,19.32,19.72,9681572,189502532.43,2.1769,-0.1013
2023-07-19,19.63,19.68,19.21,19.33,7920366,153409655.68,1.7809,-1.9777
2023-07-20,19.36,19.55,19.02,19.02,7469365,143609847.39,1.6795,-1.6037
2023-07-21,19.02,19.17,18.75,18.82,5522700,104682003.5,1.2418,-1.0515
2023-07-24,18.75,18.9,18.4,18.55,8056270,149894136.31,1.8115,-1.4346
2023-07-25,18.7,18.86,18.56,18.85,7372923,138202119.28,1.6578,1.6173
2023-07-26,18.8,18.99,18.5,18.56,7402475,138637560.15,1.6645,-1.5385
2023-07-27,18.65,18.83,18.48,18.54,6507254,121375509.05,1.4632,-0.1078
2023-07-28,18.54,18.58,18.17,18.53,7040615,129303595.04,1.5831,-0.0539
2023-07-31,18.59,18.7,18.38,18.45,8660185,160509516.37,1.9473,-0.4317
2023-08-01,18.45,18.88,18.38,18.69,13359264,248801240.38,3.0039,1.3008
2023-08-02,18.65,18.79,18.51,18.75,8360460,156093155.72,1.8799,0.321
2023-08-03,18.62,18.83,18.58,18.73,6338434,118486950.57,1.4252,-0.1067
2023-08-04,18.79,19.33,18.74,19.21,12043273,229658532.13,2.708,2.5627
2023-08-07,19.3,19.32,18.76,18.87,8247698,156934121.14,1.8545,-1.7699
2023-08-08,18.86,18.87,18.46,18.69,7166966,133505524.31,1.6115,-0.9539
2023-08-09,18.68,18.9,18.42,18.84,4956076,92934702.81,1.1144,0.8026
2023-08-10,18.81,19.14,18.7,19.11,5268550,99951133.76,1.1847,1.4331
2023-08-11,19.09,19.14,18.69,18.7,5975380,112600848.26,1.3436,-2.1455
2023-08-14,18.6,18.62,18.1,18.51,6353756,116494481.62,1.4287,-1.016
2023-08-15,18.4,18.59,18.06,18.34,5308587,96930468.49,1.1937,-0.9184
2023-08-16,18.34,18.45,17.9,17.91,4564330,82707036.99,1.0263,-2.3446
2023-08-17,17.85,19.28,17.8,19.23,17284847,325912664.1,3.8866,7.3702
2023-08-18,19.23,19.74,18.97,19.01,12035672,232881285.36,2.7063,-1.144
2023-08-21,18.58,19.18,18.06,19.03,12932748,242243329.98,2.908,0.1052
2023-08-22,19.04,19.5,18.8,19.41,10781011,206575164.5,2.4241,1.9968
2023-08-23,19.26,19.68,19.1,19.15,9051107,175593415.89,2.0352,-1.3395
2023-08-24,19.23,19.37,18.68,18.8,6826265,129363234.33,1.5349,-1.8277
2023-08-25,18.68,19.04,17.98,18.09,7526163,138021249.7,1.6923,-3.7766
2023-08-28,19.05,19.35,17.3,17.54,9748471,178352788.96,2.192,-3.0404
2023-08-29,17.31,18.95,17.3,18.69,10851267,199744393.28,2.4399,6.5564
2023-08-30,18.79,19.25,18.48,18.73,7887095,148722503.41,1.7734,0.214
2023-08-31,18.75,18.75,18.17,18.18,6935064,127093526.3,1.5594,-2.9365
2023-09-01,18.25,18.3,17.7,17.82,6883646,123208370.34,1.5478,-1.9802
2023-09-04,17.9,18.39,17.71,18.35,6313184,113839309.63,1.4195,2.9742
2023-09-05,18.3,19.5,18.21,19.19,20024448,384114313.52,4.5026,4.5777
2023-09-06,19.09,19.98,18.86,19.8,15096861,294195825.31,3.3946,3.1787
2023-09-07,20.02,20.15,19.08,19.11,10167687,197857427.65,2.2862,-3.4848
2023-09-08,19.03,20.48,19.01,20.04,18191207,363648617.87,4.0904,4.8666
2023-09-11,19.9,19.98,19.5,19.83,12177338,240879829.22,2.7381,-1.0479
2023-09-12,19.71,19.92,19.51,19.53,6673481,131430448.34,1.5006,-1.5129
2023-09-13,19.53,19.61,19.05,19.16,6717320,129500515.59,1.5092,-1.8945
2023-09-14,19.16,19.17,18.7,18.82,6693591,126155707.93,1.5038,-1.7745
2023-09-15,18.82,19.59,18.7,19.27,6828619,130632267.52,1.5342,2.3911
2023-09-18,19.2,19.37,18.93,19.12,4706192,90023282.9,1.0573,-0.7784
2023-09-19,19.08,19.2,18.61,18.64,5466560,102960026.46,1.2282,-2.5105
2023-09-20,18.52,18.74,18.16,18.21,5199073,95449432.98,1.1681,-2.3069
2023-09-21,18.2,18.32,17.82,17.93,5201095,93636493.32,1.1685,-1.5376
2023-09-22,17.77,18.58,17.75,18.49,5452701,99525627.18,1.225,3.1233
2023-09-25,18.4,18.5,18.17,18.33,2626033,47940873.4,0.59,-0.8653
2023-09-26,18.28,18.44,17.8,17.86,5242993,94278941.45,1.1779,-2.5641
2023-09-27,17.86,18.33,17.75,18.05,4132972,74898289.76,0.9285,1.0638
2023-09-28,18.07,18.4,18.05,18.28,3896052,71040686.62,0.8753,1.2742
2023-10-09,18.42,18.48,18.0,18.32,5530249,101112122.68,1.2425,0.2188
2023-10-10,18.3,18.58,18.17,18.24,3733045,68395632.48,0.8387,-0.4367
2023-10-11,18.24,18.41,18.07,18.22,3525240,64252846.87,0.792,-0.1096
2023-10-12,18.3,18.35,18.01,18.32,4187925,76224483.2,0.9409,0.5488
2023-10-13,18.29,18.3,17.95,18.03,3380108,61029438.63,0.7594,-1.583
2023-10-16,18.16,18.33,17.87,17.94,4316670,77980502.82,0.9698,-0.4992
2023-10-17,17.91,18.0,17.7,17.86,3100870,55273048.22,0.6967,-0.4459
2023-10-18,17.74,17.84,17.4,17.47,3298876,57869947.08,0.7411,-2.1837
2023-10-19,17.48,17.87,17.42,17.58,3750656,66174037.77,0.8426,0.6297
2023-10-20,17.45,17.56,16.97,16.98,5092392,87645265.56,1.1441,-3.413
2023-10-23,17.0,17.0,16.44,16.53,3675306,61242180.1,0.8257,-2.6502
2023-10-24,15.8,15.8,14.51,15.49,13196803,201232247.87,2.9649,-6.2916
2023-10-25,15.74,16.36,15.71,15.79,6963011,111532973.98,1.5644,1.9367
2023-10-26,15.81,16.11,15.44,16.04,5039142,79398166.82,1.1321,1.5833
2023-10-27,16.04,16.79,15.82,16.68,5882976,96338941.12,1.3217,3.99
2023-10-30,16.59,17.08,16.36,16.72,5081256,85121281.06,1.1416,0.2398
2023-10-31,16.73,16.85,16.38,16.45,3265373,53987786.91,0.7336,-1.6148
2023-11-01,16.42,16.88,16.35,16.56,3439156,57284191.66,0.7727,0.6687
2023-11-02,16.74,16.77,16.2,16.27,3142117,51405959.83,0.7059,-1.7512
2023-11-03,16.24,16.72,16.24,16.53,4177596,69209231.1,0.9386,1.598
2023-11-06,16.55,17.29,16.54,17.17,6097800,103832225.58,1.37,3.8717
2023-11-07,17.17,17.19,16.86,16.95,4038012,68625939.92,0.9072,-1.2813
2023-11-08,16.87,17.06,16.68,16.78,4497131,75660616.84,1.0104,-1.0029
2023-11-09,16.78,16.98,16.67,16.72,3278577,55011927.16,0.7366,-0.3576
2023-11-10,16.77,16.8,16.46,16.64,2760419,45973764.55,0.6202,-0.4785
2023-11-13,16.73,17.47,16.55,17.36,8252112,140931255.82,1.854,4.3269
2023-11-14,17.5,18.21,17.21,17.55,9865071,174774895.94,2.2164,1.0945
2023-11-15,17.65,17.78,17.41,17.45,5566242,97783623.17,1.2505,-0.5698
2023-11-16,17.4,17.49,17.07,17.08,3654163,63007108.01,0.821,-2.1203
2023-11-17,17.09,17.33,16.95,17.24,3572248,61319469.3,0.8026,0.9368
2023-11-20,17.25,18.03,17.03,17.94,8383766,148314893.64,1.8836,4.0603
2023-11-21,17.88,17.95,17.35,17.38,6194350,108848970.68,1.3917,-3.1215
2023-11-22,17.38,17.5,17.09,17.1,3795223,65486073.2,0.8527,-1.611
2023-11-23,17.13,17.58,17.08,17.46,3719170,64708075.48,0.8356,2.1053
2023-11-24,17.4,17.44,16.91,17.08,5013845,85754721.05,1.1264,-2.1764
2023-11-27,17.0,17.3,16.93,17.1,3276520,56022441.95,0.7361,0.1171
2023-11-28,17.15,18.0,17.03,17.59,6991070,122983115.54,1.5707,2.8655
2023-11-29,17.5,18.4,17.47,17.79,9852154,177091478.83,2.2135,1.137
2023-11-30,17.69,17.81,17.21,17.4,5420666,94528430.27,1.2178,-2.1922
2023-12-01,17.3,17.38,16.93,16.97,6733084,114760241.54,1.5127,-2.4713
2023-12-04,16.98,17.17,16.85,16.95,3067775,52178859.34,0.6892,-0.1179
2023-12-05,16.95,16.96,16.58,16.58,3087696,51640245.98,0.6937,-2.1829
2023-12-06,16.7,16.97,16.5,16.68,2779346,46708049.31,0.6244,0.6031
2023-12-07,16.75,16.75,16.18,16.33,4695760,76806992.44,1.055,-2.0983
2023-12-08,16.33,16.47,16.1,16.23,4100967,66594020.92,0.9214,-0.6124
2023-12-11,16.13,16.49,15.84,16.41,4846567,78254281.17,1.0889,1.1091
2023-12-12,16.4,16.56,16.2,16.3,2465821,40338025.37,0.554,-0.6703
2023-12-13,16.32,16.49,16.01,16.01,3124055,50649635.23,0.7019,-1.7791
2023-12-14,16.05,16.24,15.9,15.96,2284380,36616297.68,0.5132,-0.3123
2023-12-15,15.96,16.11,15.72,15.78,2438234,38698789.12,0.5478,-1.1278
2023-12-18,15.75,15.75,15.36,15.46,3973492,61671904.97,0.8927,-2.0279
2023-12-19,15.47,15.5,14.42,14.65,13516302,199835674.34,3.0367,-5.2393
2023-12-20,14.68,14.75,13.99,14.06,7869047,112211593.06,1.7679,-4.0273
2023-12-21,14.08,14.6,13.95,14.45,8096989,115584825.57,1.8191,2.7738
2023-12-22,14.5,15.03,14.4,14.75,8351201,122942398.02,1.8762,2.0761
2023-12-25,14.85,15.75,14.78,15.0,8476682,129173464.8,1.9044,1.6949
2023-12-26,15.06,15.1,14.45,14.6,7713940,112695650.96,1.7331,-2.6667
2023-12-27,14.55,14.72,14.27,14.44,6245408,89890529.98,1.4031,-1.0959
2023-12-28,14.49,15.12,14.35,14.99,10666635,158349222.8,2.3964,3.8089
2023-12-29,14.99,15.18,14.6,14.77,12957631,192488747.52,2.9111,-1.4676
2024-01-02,14.78,15.14,14.71,14.73,7493388,111772559.35,1.6835,-0.2708
2024-01-03,14.71,14.85,14.09,14.26,10694317,152843391.68,2.4027,-3.1908
2024-01-04,14.22,14.24,13.79,13.91,8450069,117682913.94,1.8807,-2.4544
2024-01-05,13.88,14.03,13.56,13.62,6734076,92645038.8,1.4988,-2.0848
2024-01-08,13.6,13.65,13.18,13.2,5484666,73343769.04,1.2207,-3.0837
2024-01-09,13.24,13.47,13.12,13.32,5864610,77842598.28,1.3053,0.9091
2024-01-10,13.26,13.46,12.97,13.1,5630697,74178148.58,1.2532,-1.6517
2024-01-11,13.07,13.45,12.99,13.32,6489873,85867784.94,1.4444,1.6794
2024-01-12,13.23,13.46,13.13,13.13,5394904,71546171.2,1.2007,-1.4264
2024-01-15,13.16,13.19,12.75,12.83,7339609,94708806.36,1.6336,-2.2848
2024-01-16,12.79,12.94,12.52,12.78,7402803,93968153.5,1.6476,-0.3897
2024-01-17,12.72,12.81,12.27,12.28,5836276,72832607.86,1.299,-3.9124
2024-01-18,12.27,12.4,11.84,12.25,8475226,102543953.94,1.8863,-0.2443
2024-01-19,12.19,12.42,11.9,11.92,8189402,98681776.15,1.8227,-2.6939
2024-01-22,11.9,11.97,11.05,11.18,11716747,135234947.6,2.6078,-6.2081
2024-01-23,11.28,11.51,10.9,11.39,10848032,122766628.74,2.4144,1.8784
2024-01-24,11.43,11.58,10.85,11.31,9286350,103750299.03,2.0669,-0.7024
2024-01-25,11.44,11.7,11.15,11.63,9830766,112940301.96,2.188,2.8294
2024-01-26,11.63,11.7,11.22,11.25,7438100,84996268.89,1.6555,-3.2674
2024-01-29,11.35,11.43,10.89,10.99,7309683,80801480.03,1.6269,-2.3111
2024-01-30,10.88,11.02,10.53,10.55,7559359,81345626.59,1.6825,-4.0036
2024-01-31,10.24,10.72,9.94,9.99,11688062,119899786.84,2.6014,-5.3081
2024-02-01,10.06,10.09,9.64,9.73,9958769,97971309.92,2.2165,-2.6026
2024-02-02,9.74,9.93,8.75,9.09,15667643,145299016.59,3.4871,-6.5776
2024-02-05,9.0,9.15,7.9,8.17,16398487,136927977.27,3.6498,-10.121
2024-02-06,7.85,8.82,7.7,8.6,17930075,148243547.99,3.9907,5.2632
2024-02-07,8.62,9.28,8.55,8.89,16560698,147892633.71,3.6859,3.3721
2024-02-08,8.88,10.44,8.88,10.4,24242874,242682890.68,5.3957,16.9854
2024-02-19,10.25,10.44,9.68,9.98,25488959,253526888.65,5.6731,-4.0385
2024-02-20,9.85,9.85,9.55,9.8,17114060,166432862.46,3.8091,-1.8036
2024-02-21,9.7,10.27,9.57,9.94,19466552,194698043.73,4.3327,1.4286
2024-02-22,9.9,10.2,9.9,10.15,12308754,124102795.05,2.7396,2.1127
2024-02-23,10.23,10.41,10.03,10.4,14470081,148081525.36,3.2206,2.4631
2024-02-26,10.53,10.86,10.35,10.61,16710762,176744909.69,3.7193,2.0192
2024-02-27,10.61,11.25,10.5,11.15,17378508,188868279.58,3.8679,5.0895
2024-02-28,11.3,11.69,10.36,10.4,25025790,277542439.74,5.57,-6.7265
2024-02-29,10.3,10.85,10.27,10.82,14031491,149379614.47,3.123,4.0385
2024-03-01,10.8,11.09,10.73,10.99,11822787,128968785.83,2.6314,1.5712
2024-03-04,11.1,11.27,10.75,10.97,11666127,128033518.87,2.5965,-0.182
2024-03-05,10.93,11.14,10.58,10.69,13340510,144163972.66,2.9692,-2.5524
2024-03-06,10.59,10.94,10.39,10.76,10823219,115140121.53,2.4089,0.6548
2024-03-07,10.85,10.95,10.37,10.39,10751382,114424434.62,2.3929,-3.4387
2024-03-08,10.39,10.58,10.31,10.52,10708033,111804911.86,2.3833,1.2512
2024-03-11,10.6,10.95,10.54,10.95,13109652,140879621.31,2.9178,4.0875
2024-03-12,11.01,11.31,10.9,11.21,16413785,182883229.28,3.6532,2.3744
2024-03-13,11.25,11.47,11.06,11.3,11154606,125530573.89,2.4827,0.8029
2024-03-14,11.24,11.3,10.87,11.01,11062301,122393767.02,2.4621,-2.5664
2024-03-15,10.99,11.15,10.88,11.14,9038281,99616428.45,2.0116,1.1807
2024-03-18,11.19,11.37,11.08,11.34,10945783,122755175.97,2.4362,1.7953
2024-03-19,11.38,11.4,11.22,11.23,9957434,112442743.94,2.2162,-0.97
2024-03-20,11.26,11.34,11.16,11.34,9908541,111658097.35,2.2053,0.9795
2024-03-21,11.32,11.42,11.07,11.26,10497840,118025080.94,2.3365,-0.7055
2024-03-22,11.14,11.26,10.77,10.84,9852883,107619377.24,2.193,-3.73
2024-03-25,10.84,10.84,10.26,10.29,10596370,111645140.42,2.3584,-5.0738
2024-03-26,10.3,10.44,10.09,10.29,9602852,98945750.02,2.1373,0.0
2024-03-27,10.28,10.35,9.52,9.54,11494940,113448019.51,2.5584,-7.2886
2024-03-28,9.57,10.07,9.57,9.91,12635742,124674875.04,2.8123,3.8784
2024-03-29,9.91,10.03,9.69,9.84,6109050,60050472.6,1.3597,-0.7064
2024-04-01,9.93,10.18,9.9,10.13,9620131,96623957.04,2.1412,2.9472
2024-04-02,10.11,10.15,9.83,10.0,8363412,83432385.5,1.8614,-1.2833
2024-04-03,9.96,9.98,9.69,9.71,8277076,80857440.68,1.8422,-2.9
2024-04-08,9.74,9.75,9.23,9.24,8900938,83948946.33,1.9811,-4.8404
2024-04-09,9.42,9.58,9.32,9.55,9046191,85786890.53,2.0134,3.355
2024-04-10,9.61,9.64,9.14,9.23,7473775,69389608.66,1.6634,-3.3508
2024-04-11,9.23,9.31,9.05,9.07,8083826,74034252.77,1.7992,-1.7335
2024-04-12,9.06,9.15,8.83,8.87,10257552,91672327.94,2.283,-2.2051
2024-04-15,8.9,9.11,8.47,8.61,11608541,101553695.98,2.5837,-2.9312
2024-04-16,8.53,8.59,7.91,7.94,14431818,116921418.57,3.2121,-7.7816
2024-04-17,8.06,8.57,8.05,8.54,14108296,118178082.13,3.1401,7.5567
2024-04-18,8.53,8.75,8.3,8.51,11317528,96619229.48,2.5189,-0.3513
2024-04-19,8.39,8.54,8.33,8.41,8491950,71394150.12,1.8901,-1.1751
2024-04-22,8.03,8.52,7.91,8.38,14754047,121480378.21,3.2838,-0.3567
2024-04-23,8.39,8.66,8.39,8.54,9701123,82797625.71,2.1592,1.9093
2024-04-24,8.51,8.87,8.47,8.85,9177174,80288931.3,2.0426,3.63
2024-04-25,8.84,8.93,8.72,8.85,7717891,68159167.44,1.7178,0.0
2024-04-26,8.83,9.09,8.76,9.06,9217488,82853132.75,2.0515,2.3729
2024-04-29,9.09,9.42,9.08,9.37,9027292,83794564.3,2.0092,3.4216
2024-04-30,9.46,9.49,9.02,9.12,8526639,78179503.3,1.8978,-2.6681
2024-05-06,9.25,9.4,9.17,9.19,7720507,71590106.72,1.7184,0.7675
2024-05-07,9.19,9.58,9.14,9.55,14127139,133083977.72,3.1443,3.9173
2024-05-08,9.49,9.57,9.27,9.3,8847901,83273745.58,1.9693,-2.6178
2024-05-09,9.27,11.16,9.27,11.16,32893478,344553765.38,7.3211,20.0
2024-05-10,11.16,11.16,10.3,10.45,48432998,511310281.34,10.7797,-6.362
2024-05-13,10.35,10.38,10.03,10.23,21395941,218164677.65,4.7621,-2.1053
2024-05-14,10.24,10.38,9.88,9.96,19051307,191277062.74,4.2402,-2.6393
2024-05-15,10.03,10.33,9.93,9.93,21616248,218713527.5,4.8111,-0.3012
2024-05-16,10.0,10.09,9.71,9.78,17775332,175494155.37,3.9563,-1.5106
2024-05-17,9.8,10.09,9.65,10.08,16039479,159594251.32,3.5699,3.0675
2024-05-20,10.2,10.46,10.0,10.43,22543809,232450715.24,5.0176,3.4722
2024-05-21,10.22,10.39,10.09,10.27,14785800,150634034.91,3.2909,-1.534
2024-05-22,10.22,10.51,10.13,10.4,15007130,154917040.33,3.3401,1.2658
2024-05-23,10.38,10.53,10.22,10.27,16768040,174016549.2,3.7321,-1.25
2024-05-24,10.19,10.38,10.0,10.07,11336458,115134542.38,2.5232,-1.9474
2024-05-27,10.04,10.1,9.62,9.91,14664225,143276518.28,3.2638,-1.5889
2024-05-28,9.8,9.92,9.61,9.83,7991141,78359505.67,1.7786,0.2039
2024-05-29,9.83,10.07,9.62,9.66,9682004,95271005.48,2.1549,-1.7294
2024-05-30,9.6,10.06,9.42,9.99,17292701,168839328.86,3.8488,3.4161
2024-05-31,9.97,11.1,9.93,10.53,37867262,398620520.18,8.4281,5.4054
2024-06-03,10.52,10.59,10.15,10.29,17006544,175326069.24,3.7851,-2.2792
2024-06-04,10.29,11.19,9.84,11.16,37870170,399492678.69,8.4288,8.4548
2024-06-05,11.19,12.11,11.02,11.47,51816080,603573408.06,11.5327,2.7778
2024-06-06,11.33,11.62,10.76,10.79,35027055,390152212.56,7.796,-5.9285
2024-06-07,10.8,11.28,10.59,10.84,23063394,251901137.23,5.1332,0.4634
2024-06-11,10.99,11.76,10.61,11.74,33814160,383622095.69,7.526,8.3026
2024-06-12,11.66,12.49,11.48,11.74,39468708,470481450.27,8.7845,0.0
2024-06-13,11.73,12.18,11.58,12.15,26745627,317688247.13,5.9528,3.4923
2024-06-14,11.96,12.06,11.6,11.95,19410525,229700421.18,4.3202,-1.6461
2024-06-17,11.8,11.87,11.5,11.64,16581696,193446767.94,3.6906,-2.5941
2024-06-18,11.6,11.8,11.46,11.74,12409217,144909784.48,2.7619,0.8591
2024-06-19,11.69,11.72,11.0,11.02,23001943,258367052.79,5.1195,-6.1329
2024-06-20,11.03,11.07,10.6,10.6,13884440,150009773.85,3.0903,-3.8113
2024-06-21,10.62,10.75,10.25,10.53,13030642,136550411.92,2.9002,-0.6604
2024-06-24,10.5,10.73,10.23,10.25,10596730,110777234.86,2.3585,-2.6591
2024-06-25,10.24,10.36,9.99,10.17,8275628,83913949.0,1.8419,-0.7805
2024-06-26,10.1,10.6,10.06,10.58,10512201,108896328.59,2.3397,4.0315
2024-06-27,10.48,10.5,9.68,9.72,16034863,161262922.27,3.5689,-8.1285
2024-06-28,9.75,10.21,9.72,9.94,14118439,141084311.28,3.1423,2.2634
2024-07-01,9.9,10.04,9.51,9.69,10122209,97955094.3,2.2529,-2.5151
2024-07-02,9.66,9.72,9.49,9.52,7160570,68573306.04,1.5937,-1.7544
2024-07-03,9.57,9.78,9.3,9.74,10162542,97014010.26,2.2619,2.3109
2024-07-04,9.7,9.74,9.26,9.31,8188284,77240644.72,1.8225,-4.4148
2024-07-05,9.28,9.4,9.19,9.33,4296582,40031609.5,0.9563,0.2148
2024-07-08,9.26,9.27,8.87,8.91,8483630,76251286.9,1.8882,-4.5016
2024-07-09,8.89,9.07,8.5,8.99,12796281,112022717.54,2.8481,0.8979
2024-07-10,8.97,9.11,8.68,8.7,8427062,74661096.86,1.8756,-3.2258
2024-07-11,8.88,9.6,8.88,9.35,13808200,128441987.7,3.0733,7.4713
2024-07-12,9.3,9.44,9.26,9.31,6074510,56667898.7,1.352,-0.4278
2024-07-15,9.29,9.3,9.02,9.14,5956940,54451299.9,1.3258,-1.826
2024-07-16,9.12,9.59,9.03,9.47,10061232,94651845.56,2.2393,3.6105
2024-07-17,9.48,9.64,9.32,9.33,6825320,64247124.8,1.5191,-1.4784
2024-07-18,9.23,9.54,9.08,9.46,7395869,69023318.91,1.6461,1.3934
2024-07-19,9.38,9.85,9.37,9.72,7984790,77199885.2,1.7772,2.7484
2024-07-22,9.67,9.85,9.6,9.69,5799915,56343149.68,1.2909,-0.3086
2024-07-23,9.67,9.76,9.43,9.44,5095904,48978131.7,1.1342,-2.58
2024-07-24,9.4,9.67,9.4,9.43,5608245,53290502.55,1.2482,-0.1059
2024-07-25,9.44,9.7,9.35,9.57,5169300,49333300.3,1.1505,1.4846
2024-07-26,9.53,9.99,9.53,9.93,9461092,93016315.01,2.1058,3.7618
2024-07-29,10.0,10.23,9.94,9.97,9418499,94718079.31,2.0963,0.4028
2024-07-30,9.9,10.32,9.9,10.19,10746429,109180229.75,2.3918,2.2066
2024-07-31,10.29,10.65,10.07,10.63,16255368,168315774.25,3.618,4.318
2024-08-01,10.56,10.88,10.5,10.63,13269277,141959637.49,2.9533,0.0
2024-08-02,10.58,10.82,10.33,10.38,11584460,122283922.0,2.5784,-2.3518
2024-08-05,10.38,10.51,9.92,9.95,11047140,112360302.29,2.4588,-4.1426
2024-08-06,10.09,10.7,10.05,10.48,13808010,143540093.06,3.0732,5.3266
2024-08-07,10.49,10.81,10.38,10.67,12670080,134599683.53,2.82,1.813
2024-08-08,10.6,10.6,10.11,10.14,10383092,106509352.96,2.311,-4.9672
2024-08-09,10.2,10.58,10.05,10.17,8347716,85496544.36,1.8579,0.2959
2024-08-12,10.17,10.2,9.77,9.81,7384580,73034511.2,1.6436,-3.5398
2024-08-13,9.81,9.93,9.7,9.91,4651047,45676032.86,1.0352,1.0194
2024-08-14,9.91,10.02,9.82,9.84,3718130,36858511.9,0.8275,-0.7064
2024-08-15,9.82,10.04,9.73,9.86,5036317,49833935.0,1.1209,0.2033
2024-08-16,9.94,9.95,9.58,9.58,6436990,62792492.4,1.4327,-2.8398
2024-08-19,9.3,9.49,9.15,9.45,7932760,74133985.64,1.7618,-1.357
2024-08-20,9.52,9.53,9.26,9.33,4240289,39697533.43,0.9417,-1.2698
2024-08-21,9.29,9.52,9.23,9.34,3150764,29586036.32,0.6998,0.1072
2024-08-22,9.28,9.49,9.22,9.25,3901035,36412015.05,0.8664,-0.9636
2024-08-23,9.21,9.29,9.1,9.2,3443120,31620296.0,0.7647,-0.5405
2024-08-26,9.2,9.39,9.2,9.22,3217919,29873684.17,0.7147,0.2174
2024-08-27,9.22,9.23,8.98,9.08,3390080,30701227.5,0.7529,-1.5184
2024-08-28,9.09,9.26,9.02,9.18,2125712,19483418.97,0.4721,1.1013
2024-08-29,9.18,9.47,9.14,9.41,4431773,41505779.82,0.9843,2.5054
2024-08-30,9.41,9.75,9.36,9.59,5384944,51832301.12,1.196,1.9129
2024-09-02,9.58,9.73,9.46,9.47,4629020,44368026.21,1.0281,-1.2513
2024-09-03,9.43,9.63,9.43,9.47,2768200,26342308.0,0.6148,0.0
2024-09-04,9.42,9.61,9.4,9.55,2720030,25903786.9,0.6041,0.8448
2024-09-05,9.56,9.68,9.5,9.55,2833701,27149996.5,0.6293,0.0
2024-09-06,9.54,9.61,9.23,9.24,3340410,31301377.1,0.7419,-3.2461
2024-09-09,9.22,9.35,9.15,9.21,2707894,24971511.06,0.6014,-0.3247
2024-09-10,9.31,9.31,9.09,9.23,3333500,30706735.3,0.7403,0.2172
2024-09-11,9.23,9.32,9.17,9.28,2407110,22268164.1,0.5346,0.5417
2024-09-12,9.29,9.44,9.23,9.24,2147040,20025199.8,0.4768,-0.431
2024-09-13,9.22,9.28,8.92,8.93,4072697,36847221.25,0.9045,-3.355
2024-09-18,8.91,8.98,8.71,8.85,2565664,22663221.48,0.5698,-0.8959
2024-09-19,8.9,9.19,8.83,9.06,3969182,35836717.63,0.8815,2.3729
2024-09-20,9.05,9.11,8.8,8.85,3584722,31919354.94,0.7961,-2.3179
2024-09-23,8.87,8.98,8.8,8.8,2939060,26072433.2,0.6527,-0.565
2024-09-24,8.81,9.12,8.77,9.12,6119385,55027744.46,1.3591,3.6364
2024-09-25,9.33,9.65,9.3,9.4,10391916,98657377.65,2.308,3.0702
2024-09-26,9.54,9.63,9.28,9.63,7994705,75772914.96,1.7756,2.4468
2024-09-27,9.79,10.66,9.71,10.43,15486405,158016759.82,3.4394,8.3074
2024-09-30,10.9,12.21,10.9,12.05,24530345,284559051.25,5.448,15.5321
2024-10-08,14.44,14.44,13.02,14.03,32694950,448950370.38,7.2613,16.4315
2024-10-09,13.61,13.62,12.01,12.1,24671879,316744132.86,5.4794,-13.7562
2024-10-10,12.24,12.81,12.0,12.01,18035109,224061725.85,4.0055,-0.7438
2024-10-11,12.02,12.03,11.05,11.2,13941632,159362865.95,3.0963,-6.7444
2024-10-14,11.36,12.18,11.25,11.97,16889313,198541843.53,3.751,6.875
2024-10-15,11.85,12.5,11.61,11.91,15832788,191032762.06,3.5163,-0.5013
2024-10-16,11.7,12.06,11.6,11.79,10832134,128141799.6,2.4057,-1.0076
2024-10-17,11.85,12.73,11.85,12.12,17522544,214948456.82,3.8916,2.799
2024-10-18,12.0,12.98,11.98,12.5,20360448,251362906.29,4.5219,3.1353
2024-10-21,13.0,15.0,12.75,15.0,34240499,497904720.26,7.6045,20.0
2024-10-22,15.69,15.69,14.16,14.34,61508868,907728959.23,13.6606,-4.4
2024-10-23,13.9,15.5,13.9,14.83,47280454,689897641.48,10.5006,3.417
2024-10-24,14.22,14.42,13.68,13.91,26698654,374256644.02,5.9296,-6.2036
2024-10-25,13.84,14.34,13.84,14.04,16642197,234750196.17,3.6961,0.9346
2024-10-28,14.06,14.83,14.04,14.36,24842680,356510758.06,5.5174,2.2792
2024-10-29,14.26,14.55,13.78,13.81,18666020,262402006.82,4.1456,-3.8301
2024-10-30,13.35,13.85,13.16,13.37,17824684,239389867.5,3.9587,-3.1861
2024-10-31,13.46,13.67,13.11,13.47,16335102,219111723.58,3.6279,0.7479
2024-11-01,13.4,13.46,12.4,12.45,22228224,283261315.01,4.9367,-7.5724
2024-11-04,12.57,12.89,12.48,12.74,9417680,119662319.56,2.0916,2.3293
2024-11-05,12.8,13.8,12.61,13.6,20752548,278240316.78,4.609,6.7504
2024-11-06,13.75,14.06,13.31,13.54,21176235,289279682.94,4.7031,-0.4412
2024-11-07,13.7,13.92,13.57,13.83,17466272,240195531.2,3.8791,2.1418
2024-11-08,13.85,14.5,13.85,13.99,20921885,297211515.34,4.6466,1.1569
2024-11-11,13.96,14.64,13.95,14.5,19423427,279862364.03,4.3138,3.6455
2024-11-12,14.63,14.8,14.05,14.24,16127778,233140901.53,3.5819,-1.7931
2024-11-13,14.06,14.25,13.72,14.01,13828827,192849970.94,3.0713,-1.6152
2024-11-14,14.01,14.05,13.41,13.45,11084077,151667525.21,2.4617,-3.9971
2024-11-15,13.38,13.5,12.52,12.6,17701310,229284213.32,3.9313,-6.3197
2024-11-18,12.65,12.76,11.92,12.29,14401940,176536363.58,3.1986,-2.4603
2024-11-19,12.25,12.59,12.16,12.51,11905276,147502519.62,2.6441,1.7901
2024-11-20,12.49,12.63,12.34,12.52,9724773,121258035.02,2.1598,0.0799
2024-11-21,12.52,12.67,12.24,12.44,8109159,100985055.16,1.801,-0.639
2024-11-22,12.36,12.51,11.8,11.81,9889367,120237145.17,2.1964,-5.0643
2024-11-25,12.0,12.08,11.65,12.06,8911915,105653192.7,1.9793,2.1169
2024-11-26,12.07,12.22,11.74,11.77,8716680,104076113.5,1.9359,-2.4046
2024-11-27,11.73,12.47,11.48,12.46,14297087,172133134.86,3.1753,5.8624
2024-11-28,12.88,13.84,12.72,12.92,25199869,334287565.43,5.5967,3.6918
2024-11-29,12.92,13.17,12.67,12.79,18627836,239980100.28,4.1371,-1.0062
2024-12-02,12.95,12.95,12.36,12.59,18152301,227540196.88,4.0315,-1.5637
2024-12-03,12.6,12.68,12.24,12.37,11019173,136579776.04,2.4473,-1.7474
2024-12-04,12.38,12.45,12.0,12.1,9695581,118187568.56,2.1533,-2.1827
2024-12-05,12.08,12.64,12.03,12.62,13209578,163799839.62,2.9337,4.2975
2024-12-06,12.61,12.7,12.24,12.48,10626876,132368477.66,2.3601,-1.1094
2024-12-09,12.44,12.47,12.12,12.29,8531647,104568028.51,1.8948,-1.5224
2024-12-10,12.7,12.79,12.37,12.41,13101246,164489906.61,2.9097,0.9764
2024-12-11,12.43,12.85,12.43,12.71,14276240,180526243.06,3.1706,2.4174
2024-12-12,12.88,14.33,12.76,13.28,25565868,341867960.25,5.678,4.4847
2024-12-13,13.28,13.28,12.55,12.75,23241193,296703830.9,5.1617,-3.991
2024-12-16,12.6,12.6,12.2,12.31,12205624,150845392.7,2.7108,-3.451
2024-12-17,12.23,12.34,11.71,11.75,11061786,132081904.86,2.4567,-4.5491
2024-12-18,11.86,12.04,11.55,11.72,9248280,109005968.32,2.054,-0.2553
2024-12-19,11.6,11.81,11.48,11.77,8020335,93347777.76,1.7813,0.4266
2024-12-20,11.77,12.07,11.69,11.85,8125660,96506855.98,1.8046,0.6797
2024-12-23,11.82,11.85,11.51,11.55,12284827,142895640.95,2.7284,-2.5316
2024-12-24,11.61,11.86,11.43,11.62,8054228,93732967.7,1.7888,0.6061
2024-12-25,11.57,11.88,11.26,11.84,11855320,136740166.4,2.633,1.8933
2024-12-26,11.66,12.65,11.62,12.27,19337398,237528683.44,4.2947,3.6318
2024-12-27,12.33,12.5,11.84,11.96,14887402,180346790.4,3.3064,-2.5265
2024-12-30,11.87,12.0,11.55,11.75,8982346,106064135.03,1.9949,-1.7559
2024-12-31,11.77,11.83,11.18,11.2,12368360,140906207.2,2.7469,-4.6809
2025-01-02,11.48,11.48,10.67,10.81,10888902,120800278.33,2.4183,-3.4821
2025-01-03,10.84,10.87,10.2,10.24,12432999,131190969.18,2.7613,-5.2729
2025-01-06,10.14,10.46,9.98,10.27,8050210,82490706.9,1.7879,0.293
2025-01-07,10.26,10.76,10.2,10.76,9372855,98790631.31,2.0816,4.7712
2025-01-08,10.75,10.76,10.16,10.49,10455150,109498853.8,2.322,-2.5093
2025-01-09,10.49,10.93,10.35,10.71,8966252,96195338.16,1.9913,2.0972
2025-01-10,10.66,10.99,10.23,10.24,12678212,135192986.92,2.8157,-4.3884
2025-01-13,10.18,10.37,9.91,10.25,7746422,78783629.6,1.7204,0.0977
2025-01-14,10.33,10.84,10.17,10.82,9455900,100036019.25,2.1001,5.561
2025-01-15,10.7,10.9,10.53,10.56,8281934,88025425.7,1.8394,-2.403
2025-01-16,10.62,10.88,10.46,10.82,11725814,125478838.42,2.6042,2.4621
2025-01-17,10.72,11.05,10.53,10.87,18259638,198178053.64,4.0553,0.4621
2025-01-20,10.77,11.0,10.54,10.72,19774540,212018739.99,4.3918,-1.3799
2025-01-21,10.75,10.82,10.36,10.49,12522976,131906685.38,2.7813,-2.1455
2025-01-22,10.42,10.65,10.31,10.47,10148421,106056482.62,2.2539,-0.1907
2025-01-23,10.65,10.77,10.28,10.3,9622243,101445116.28,2.137,-1.6237
2025-01-24,10.31,10.45,10.18,10.41,9511910,98347381.38,2.1125,1.068
2025-01-27,10.45,10.52,9.98,10.01,8821564,89601353.63,1.9592,-3.8425
2025-02-05,10.07,10.25,10.0,10.08,8591465,86896137.3,1.9081,0.6993
2025-02-06,10.03,10.64,9.9,10.62,13308951,138149576.61,2.9558,5.3571
2025-02-07,10.63,10.83,10.49,10.68,11266166,120358062.82,2.5021,0.565
2025-02-10,10.72,11.07,10.54,10.89,15406192,167065787.8,3.4216,1.9663
2025-02-11,10.87,10.87,10.6,10.73,7930552,84930177.6,1.7613,-1.4692
2025-02-12,10.72,10.93,10.68,10.9,8349627,90473508.86,1.8544,1.5843
2025-02-13,10.89,10.94,10.68,10.74,8174398,88213017.46,1.8155,-1.4679
2025-02-14,10.71,10.85,10.57,10.68,7536371,80466359.3,1.6738,-0.5587
2025-02-17,10.68,10.86,10.66,10.74,10816719,116408136.34,2.4023,0.5618
2025-02-18,10.8,11.21,10.51,10.59,18072016,197205502.4,4.0137,-1.3966
2025-02-19,10.8,12.68,10.8,12.6,67508852,808501845.82,14.9932,18.9802
2025-02-20,12.4,12.91,12.05,12.87,56790255,711516912.0,12.6127,2.1429
2025-02-21,13.4,15.33,12.66,14.4,81404819,1130009495.26,18.0794,11.8881
2025-02-24,13.86,14.39,13.45,14.03,52914676,737959971.67,11.7519,-2.5694
2025-02-25,13.51,14.23,13.5,13.8,31700610,440899392.03,7.0405,-1.6393
2025-02-26,13.96,14.83,13.5,14.38,37609246,534556591.33,8.3527,4.2029
2025-02-27,14.39,14.66,13.63,13.91,26729750,373256372.96,5.9365,-3.2684
2025-02-28,13.8,13.87,13.08,13.13,25922281,344810830.67,5.7571,-5.6075
2025-03-03,12.93,13.97,12.76,13.35,23847933,320745706.82,5.2964,1.6756
2025-03-04,13.43,14.77,13.27,14.57,40975889,587164404.14,9.1004,9.1386
2025-03-05,14.69,15.15,14.33,14.54,24306759,355727581.79,5.3983,-0.2059
2025-03-06,14.45,15.06,14.37,14.62,22424360,330080880.19,4.9803,0.5502
2025-03-07,14.49,15.7,14.45,15.08,39954719,608187674.68,8.8736,3.1464
2025-03-10,15.35,16.55,15.35,15.95,36083417,579611038.38,8.0138,5.7692
2025-03-11,15.4,16.95,15.38,16.4,32754040,535976959.99,7.2744,2.8213
2025-03-12,16.45,17.25,16.05,16.24,33286548,549807823.01,7.3927,-0.9756
2025-03-13,16.02,16.72,15.8,16.49,26403607,429589956.84,5.864,1.5394
2025-03-14,16.46,16.49,15.45,16.0,26454356,418266846.84,5.8753,-2.9715
2025-03-17,15.88,16.0,15.48,15.77,15372751,242435197.71,3.4142,-1.4375
2025-03-18,15.9,16.35,15.37,15.41,19523190,307670427.82,4.3359,-2.2828
2025-03-19,15.5,15.74,15.01,15.46,15489848,238263155.28,3.4402,0.3245
2025-03-20,15.41,15.92,15.24,15.57,15385356,241239202.94,3.417,0.7115
2025-03-21,15.49,15.8,15.2,15.33,12882927,198498428.32,2.8612,-1.5414
2025-03-24,15.2,15.38,14.3,14.71,18437630,272690755.52,4.0949,-4.0444
2025-03-25,14.69,15.65,14.61,15.05,19538131,297897124.71,4.3393,2.3114
2025-03-26,14.87,15.28,14.75,14.9,9662678,144998090.9,2.146,-0.9967
2025-03-27,14.85,15.0,14.47,14.6,8546515,125425263.16,1.8981,-2.0134
2025-03-28,14.61,15.12,14.47,14.59,7274940,107220080.55,1.6157,-0.0685
2025-03-31,14.47,14.5,13.9,14.17,11646019,164445357.27,2.5865,-2.8787
2025-04-01,14.17,14.75,14.17,14.41,10741173,155149604.44,2.3855,1.6937
2025-04-02,14.36,14.57,14.14,14.21,7855107,112477603.0,1.7446,-1.3879
2025-04-03,14.07,14.54,13.89,14.11,8753099,123995703.55,1.944,-0.7037
2025-04-07,13.52,13.81,11.86,12.3,19603645,252049051.85,4.3538,-12.8278
2025-04-08,12.3,13.05,12.3,12.66,18861965,238733236.07,4.1891,2.9268
2025-04-09,12.5,13.89,11.98,13.64,21329674,281636587.58,4.7372,7.7409
2025-04-10,13.89,14.33,13.74,13.8,14498448,203327093.68,3.22,1.173
2025-04-11,13.58,14.58,13.58,14.42,18336820,261641801.75,4.0725,4.4928
2025-04-14,14.58,14.7,14.02,14.06,14914661,212878150.0,3.3124,-2.4965
2025-04-15,14.06,14.17,13.22,13.68,15293888,207089354.08,3.3967,-2.7027
2025-04-16,13.58,13.94,13.27,13.45,8572047,116148050.94,1.9038,-1.6813
2025-04-17,13.31,14.0,13.31,13.32,8001344,109031912.77,1.777,-0.9665
2025-04-18,13.3,13.45,13.15,13.21,5026080,66698954.4,1.1163,-0.8258
2025-04-21,13.2,13.5,13.14,13.33,5485121,73378855.69,1.2182,0.9084
2025-04-22,13.33,13.99,13.21,13.54,14491489,197487413.16,3.2184,1.5754
2025-04-23,13.57,13.75,13.28,13.43,11581257,156346264.6,2.5721,-0.8124
2025-04-24,13.47,14.0,13.25,13.77,16548675,225827306.45,3.6753,2.5316
2025-04-25,13.7,14.24,13.52,14.0,13051587,182366172.15,2.8987,1.6703
2025-04-28,14.0,14.2,13.75,14.01,9146450,127845207.66,2.0314,0.0714
2025-04-29,13.9,14.16,13.74,14.03,7763640,108486501.62,1.7242,0.1428
2025-04-30,13.98,14.33,13.92,14.05,9215349,130117589.6,2.0467,0.1426
2025-05-06,14.11,14.44,13.73,14.03,14495290,203031791.14,3.2193,-0.1423
2025-05-07,14.31,15.4,14.02,15.0,28678026,420576157.4,6.3692,6.9138
2025-05-08,14.85,15.08,14.47,14.94,20717599,305663684.35,4.6012,-0.4
2025-05-09,14.89,15.57,14.15,15.24,29802177,444827491.33,6.6188,2.008
2025-05-12,14.78,15.79,14.65,15.7,24987039,386132729.14,5.5494,3.0184
2025-05-13,15.6,15.68,14.89,14.96,18380796,278718812.5,4.0822,-4.7134
2025-05-14,14.94,14.94,14.43,14.56,12327833,180310020.92,2.7379,-2.6738
2025-05-15,14.52,14.95,14.41,14.59,9873323,145076602.65,2.1928,0.206
2025-05-16,14.52,14.9,14.21,14.23,8407081,121785869.66,1.8671,-2.4674
2025-05-19,14.19,14.33,13.92,13.99,8019977,112622632.91,1.7812,-1.6866
2025-05-20,13.86,14.01,13.81,13.87,6758111,93876615.58,1.5009,-0.8578
2025-05-21,13.82,14.07,13.52,14.04,9719520,134089507.46,2.1586,1.2257
2025-05-22,13.98,14.25,13.31,13.36,13842963,190672222.31,3.0744,-4.8433
2025-05-23,13.32,13.6,13.22,13.23,7322393,98099902.65,1.6262,-0.9731
2025-05-26,13.21,13.4,13.11,13.39,5763506,76331459.48,1.28,1.2094
2025-05-27,13.38,13.57,13.25,13.39,5949824,79559500.02,1.3214,0.0
2025-05-28,13.39,13.75,13.36,13.49,7991563,108221869.02,1.7749,0.7468
2025-05-29,13.58,13.72,13.52,13.63,5318675,72454752.62,1.1812,1.0378
2025-05-30,13.6,13.71,13.38,13.45,4497861,60792253.79,0.9989,-1.3206
2025-06-03,13.31,13.62,13.28,13.33,6415508,85907007.59,1.4248,-0.8922
2025-06-04,13.32,13.5,13.31,13.34,4331287,57866848.02,0.9619,0.075
2025-06-05,13.34,13.51,13.21,13.47,7280235,97490909.0,1.6169,0.9745
2025-06-06,13.39,13.48,13.27,13.3,5437240,72567423.43,1.2076,-1.2621
2025-06-09,13.31,13.63,13.31,13.56,7228778,97802331.56,1.6055,1.9549
2025-06-10,13.59,13.59,13.12,13.23,7090849,94608646.69,1.5748,-2.4336
2025-06-11,13.16,13.25,12.85,13.12,10672045,139351030.91,2.3702,-0.8314
2025-06-12,13.0,13.16,12.78,12.8,8547846,110547396.22,1.8984,-2.439
2025-06-13,12.78,12.84,12.31,12.37,15592267,194904062.78,3.4629,-3.3594
2025-06-16,12.32,12.52,12.26,12.43,10425507,129042270.15,2.3154,0.485
2025-06-17,12.47,12.65,12.2,12.26,12132656,150135179.64,2.6946,-1.3677
2025-06-18,12.21,12.33,12.1,12.33,9363049,114317518.39,2.0795,0.571
2025-06-19,12.37,12.57,12.19,12.26,13749404,169883567.99,3.0536,-0.5677
2025-06-20,12.21,12.35,11.94,11.95,8485800,102740595.0,1.8846,-2.5285
2025-06-23,11.9,12.36,11.88,12.35,9522675,116288154.35,2.1149,3.3473
2025-06-24,12.37,12.65,12.29,12.64,10425359,130512400.04,2.3154,2.3482
2025-06-25,12.64,12.92,12.55,12.84,18954344,241867980.08,4.2096,1.5823
2025-06-26,12.87,13.5,12.85,13.0,26520299,350147786.92,5.89,1.2461
2025-06-27,12.93,13.15,12.92,12.98,12644804,164777668.05,2.8083,-0.1538
2025-06-30,13.02,13.57,13.0,13.4,16800871,224872135.08,3.7313,3.2357
2025-07-01,13.4,13.48,13.13,13.24,9417090,124758922.13,2.0915,-1.194
2025-07-02,13.15,13.27,12.91,13.0,9501896,123763569.56,2.1103,-1.8127
2025-07-03,13.0,13.25,12.93,13.01,7342935,95836108.15,1.6308,0.0769
2025-07-04,12.98,13.01,12.67,12.78,8140500,104216666.0,1.8079,-1.7679
2025-07-07,12.79,12.98,12.68,12.94,6053904,77868787.64,1.3445,1.252
2025-07-08,12.93,13.15,12.83,12.98,10631506,138197986.84,2.3612,0.3091
2025-07-09,13.0,13.2,12.89,12.91,7964205,103816789.11,1.7688,-0.5393
2025-07-10,12.89,12.97,12.68,12.71,9012982,115217097.32,2.0017,-1.5492
2025-07-11,12.73,12.96,12.68,12.92,10871967,139340710.29,2.4146,1.6522
2025-07-14,12.9,13.01,12.79,12.8,8754989,112829449.4,1.9444,-0.9288
2025-07-15,12.83,12.87,12.34,12.5,10618272,133367854.66,2.3582,-2.3438
2025-07-16,12.51,13.24,12.45,12.87,20226949,262229847.49,4.4922,2.96
2025-07-17,12.88,13.18,12.73,13.15,13546327,176092015.89,3.0085,2.1756
2025-07-18,13.08,13.2,12.97,13.16,8396272,109993697.92,1.8647,0.076
2025-07-21,13.19,13.22,13.0,13.07,9628790,126200426.5,2.1385,-0.6839
2025-07-22,13.1,13.19,12.93,13.01,9361784,122129871.46,2.0792,-0.4591
2025-07-23,13.07,13.18,12.78,12.91,14088022,182044574.7,3.1288,-0.7686
2025-07-24,12.87,13.59,12.83,13.55,25507781,339984234.33,5.6651,4.9574
2025-07-25,13.82,16.0,13.81,15.85,70717142,1048889405.65,15.7057,16.9742
2025-07-28,15.65,16.87,15.46,16.38,71890006,1173457112.53,15.9662,3.3438
2025-07-29,16.51,17.95,16.4,17.42,66844008,1145470914.03,14.8455,6.3492
2025-07-30,17.71,18.07,17.0,17.25,47462246,824676738.37,10.541,-0.9759
2025-07-31,17.29,18.1,17.08,17.22,42031410,740348845.3,9.3348,-0.1739
2025-08-01,16.89,17.1,16.4,16.65,37964375,634730083.19,8.4316,-3.3101
2025-08-04,16.56,17.65,16.5,17.3,35971380,617744268.68,7.989,3.9039
2025-08-05,17.26,17.35,16.83,17.0,23015517,392087880.96,5.1116,-1.7341
2025-08-06,16.88,17.5,16.88,17.05,23559226,405711486.63,5.2323,0.2941
2025-08-07,17.1,17.23,16.61,16.83,19054457,321394009.33,4.2318,-1.2903
2025-08-08,16.69,17.6,16.67,17.31,23751697,407934474.38,5.2751,2.852
2025-08-11,17.45,20.0,17.21,19.12,58793503,1121089791.32,13.0576,10.4564
2025-08-12,18.94,19.28,18.25,18.42,33920561,634358515.23,7.5335,-3.6611
2025-08-13,18.42,19.08,18.26,18.93,26972169,503956654.8,5.9903,2.7687
2025-08-14,18.81,18.87,17.42,17.54,31330110,560154638.36,6.9582,-7.3428
2025-08-15,17.63,20.16,17.43,19.88,48750773,928025799.99,10.8272,13.3409
2025-08-18,20.54,21.27,19.88,19.98,51632367,1061754797.15,11.4671,0.503
2025-08-19,19.29,20.53,18.35,20.28,42115552,833871131.48,9.3535,1.5015
2025-08-20,19.73,20.18,19.12,20.0,33629532,661659895.91,7.4689,-1.3807
2025-08-21,20.1,20.17,19.01,19.22,22786664,441405991.35,5.0607,-3.9
2025-08-22,19.2,20.08,19.08,19.84,25787336,506603992.71,5.7272,3.2258
2025-08-25,19.72,19.84,18.71,18.95,30418491,580673187.05,6.7557,-4.4859
2025-08-26,19.2,19.2,18.4,18.46,20377483,380422937.53,4.5257,-2.5858
2025-08-27,18.46,21.2,18.37,19.3,52492159,1051381096.13,11.6581,4.5504
2025-08-28,19.11,19.88,18.45,19.06,34444344,656892309.88,7.6498,-1.2435
2025-08-29,19.1,20.2,18.65,20.0,40954914,801275120.16,9.0958,4.9318
2025-09-01,21.46,22.72,21.01,21.57,67539195,1478188426.74,14.9999,7.85
2025-09-02,21.71,21.9,18.28,18.81,66700532,1301473312.98,14.8137,-12.7955
2025-09-03,18.62,18.96,18.07,18.26,33619318,619958042.77,7.4666,-2.924
2025-09-04,18.49,18.7,16.82,17.27,36737668,650398777.42,8.1591,-5.4217
2025-09-05,17.31,18.58,17.26,18.45,32392950,582319219.37,7.1942,6.8327
2025-09-08,18.3,18.39,17.39,17.61,26028323,459851808.96,5.7807,-4.5528
2025-09-09,17.58,17.69,16.88,16.94,20860038,359686494.26,4.6329,-3.8047
2025-09-10,17.09,17.31,16.74,16.94,16545182,280816191.14,3.6746,0.0
2025-09-11,16.84,18.58,16.74,18.3,32067690,573850317.99,7.122,8.0283
2025-09-12,18.15,18.97,17.9,18.34,21314113,395177825.18,4.7337,0.2186
2025-09-15,18.36,18.95,18.0,18.37,19878318,365279654.46,4.4148,0.1636
2025-09-16,18.3,18.87,18.0,18.68,18432418,340587981.36,4.0937,1.6875
2025-09-17,18.52,18.91,17.94,18.36,22463276,411387363.68,4.9889,-1.7131
2025-09-18,18.43,19.35,18.2,18.55,34115915,645067464.75,7.5769,1.0349
2025-09-19,18.29,19.35,18.29,18.95,32895941,625939619.83,7.3059,2.1563
2025-09-22,18.7,19.15,18.17,18.53,29276948,543960620.85,6.5022,-2.2164
2025-09-23,18.51,19.08,17.35,18.04,25766874,462590761.94,5.7226,-2.6444
2025-09-24,17.89,18.17,17.45,18.09,13374997,239487939.86,2.9705,0.2772
2025-09-25,18.01,18.33,17.9,18.07,18027265,326302480.6,4.0037,-0.1106
2025-09-26,18.0,18.3,16.84,16.91,25519569,443875634.68,5.6677,-6.4195
2025-09-29,17.11,19.1,17.0,18.7,47922964,876581376.04,10.6433,10.5855
2025-09-30,21.01,22.44,20.65,22.44,37125536,814629764.36,8.2453,20.0
2025-10-09,21.9,22.34,20.91,21.7,75133216,1626716105.52,16.6865,-3.2977
2025-10-10,21.65,21.65,20.47,20.63,31684224,663253404.24,7.0368,-4.9309
2025-10-13,19.16,20.88,19.0,20.26,31501457,632499954.24,6.9962,-1.7935
2025-10-14,20.62,20.7,19.28,19.4,21384445,424559027.42,4.7493,-4.2448
2025-10-15,19.4,20.6,19.07,20.37,29907227,600033924.99,6.6422,5.0
2025-10-16,20.41,20.88,20.17,20.27,23580219,484422265.84,5.237,-0.4909
2025-10-17,20.1,20.21,18.58,18.64,23940330,459013150.98,5.317,-8.0414
2025-10-20,19.06,19.64,18.81,19.41,16039192,310459872.59,3.5622,4.1309
2025-10-21,19.47,19.95,19.36,19.79,15754167,310120946.73,3.4989,1.9578
2025-10-22,19.68,19.88,19.0,19.86,18378643,358562460.54,4.0818,0.3537
2025-10-23,19.58,19.96,19.22,19.93,16704065,327824758.37,3.7098,0.3525
2025-10-24,19.96,20.68,19.86,20.23,20246570,410833129.2,4.4966,1.5053
2025-10-27,20.6,24.0,19.87,23.8,56947908,1260430560.62,12.6477,17.6471
2025-10-28,23.37,23.58,22.76,23.3,39732347,919561051.72,8.8242,-2.1008
2025-10-29,23.25,25.12,23.16,24.32,41921929,1018305275.65,9.3105,4.3777
2025-10-30,25.4,27.89,25.0,27.23,64246182,1726523253.54,14.2686,11.9655
2025-10-31,27.25,27.78,25.86,26.25,38687500,1027308808.95,8.5922,-3.599
2025-11-03,25.8,25.98,24.77,25.51,28461081,721050263.67,6.321,-2.819
2025-11-04,25.38,26.31,25.0,25.74,31412990,803692617.06,6.9766,0.9016
2025-11-05,25.36,25.75,24.61,24.97,24207520,605202523.85,5.3763,-2.9915
2025-11-06,24.97,26.24,24.23,25.76,34592445,873943786.93,7.6827,3.1638
2025-11-07,25.28,26.5,24.89,25.42,23620333,605361801.76,5.2459,-1.3199
2025-11-10,25.3,25.75,24.26,25.34,29535511,732879910.38,6.5596,-0.3147
2025-11-11,25.4,26.7,24.3,24.6,29866955,752504793.02,6.6332,-2.9203
2025-11-12,24.3,24.75,23.71,24.35,20373445,492298849.83,4.5248,-1.0163
2025-11-13,24.2,24.5,23.61,23.91,20307013,487773875.49,4.51,-1.807
2025-11-14,23.75,23.93,23.14,23.18,14216950,333402687.29,3.1575,-3.0531
2025-11-17,23.33,23.79,22.99,23.1,12824968,298704556.02,2.8483,-0.3451
2025-11-18,23.05,23.33,22.61,22.89,13043417,298415357.3,2.8968,-0.9091
2025-11-19,22.87,22.89,22.36,22.46,11079142,249844290.41,2.4606,-1.8785
2025-11-20,23.35,23.9,22.0,22.28,16726710,378516867.67,3.7149,-0.8014
2025-11-21,21.59,22.0,20.5,20.82,21065837,444354858.74,4.6786,-6.553
2025-11-24,20.88,23.53,20.88,22.51,30394695,680548175.04,6.7504,8.1172
2025-11-25,24.01,25.45,23.03,24.43,48092451,1174482803.07,10.681,8.5295
2025-11-26,24.38,25.47,23.8,24.59,44546610,1101885124.19,9.8935,0.6549
2025-11-27,24.05,25.1,23.9,23.93,28376366,691712319.4,6.3022,-2.684
2025-11-28,25.35,27.2,25.3,25.77,50065767,1304581871.88,11.1192,7.6891
2025-12-01,26.03,26.7,25.25,25.96,40789356,1053469950.18,9.059,0.7373
2025-12-02,25.12,25.97,24.8,25.87,31908305,810391091.81,7.0866,-0.3467
2025-12-03,26.3,28.85,25.8,27.41,73806978,2040648391.73,16.392,5.9528
2025-12-04,27.43,27.8,25.12,25.43,51292151,1338714562.63,11.3916,-7.2236
2025-12-05,25.11,26.14,24.88,25.77,32356137,828497121.08,7.186,1.337
2025-12-08,26.02,26.31,25.15,25.65,34126806,875053125.98,7.5793,-0.4657
2025-12-09,25.65,27.58,25.63,26.6,37941054,1015083927.52,8.4264,3.7037
2025-12-10,26.18,26.63,25.38,25.69,23650041,607871730.96,5.2525,-3.4211
2025-12-11,25.71,25.74,24.8,24.85,20705782,519912441.87,4.5986,-3.2698
2025-12-12,24.79,26.3,24.51,26.2,30060764,773036476.48,6.6763,5.4326
2025-12-15,25.87,27.7,25.2,27.07,41848971,1119468395.65,9.2943,3.3206
2025-12-16,26.85,26.85,25.12,25.8,30690018,793866391.87,6.816,-4.6915
2025-12-17,26.01,27.86,25.88,27.86,50253173,1360737395.78,11.1608,7.9845
2025-12-18,27.44,28.19,26.76,27.1,41165383,1131955380.23,9.1425,-2.7279
2025-12-19,27.41,27.93,24.79,25.0,56301559,1460570857.1,12.5041,-7.7491
2025-12-22,25.0,25.99,24.68,25.31,27683182,700577267.47,6.1482,1.24
2025-12-23,25.06,26.18,24.03,25.2,32978932,828282387.9,7.3244,-0.4346
2025-12-24,25.31,30.24,25.3,30.24,63231879,1829968428.72,14.0433,20.0
2025-12-25,30.02,30.95,29.29,30.27,76992876,2332315765.07,17.0995,0.0992
2025-12-26,29.51,30.92,29.05,30.0,54947614,1653516342.47,12.2034,-0.892
2025-12-29,29.67,31.34,29.31,31.15,62255664,1892517247.07,13.8265,3.8333
2025-12-30,30.85,30.86,29.16,29.42,48393803,1440170086.78,10.7479,-5.5538
2025-12-31,29.55,30.1,28.77,29.76,35835195,1059307449.04,7.9587,1.1557
2026-01-05,30.17,30.75,29.22,29.66,36892460,1103324628.53,8.1935,-0.336
2026-01-06,29.67,31.2,29.48,31.06,50962788,1549180955.84,11.3184,4.7202
2026-01-07,30.86,33.74,29.78,32.89,64148005,2038212475.27,14.2468,5.8918
2026-01-08,32.08,35.0,31.46,34.35,55007002,1820550108.11,12.2166,4.439
2026-01-09,34.38,37.99,33.41,34.21,59558361,2094577890.6,13.2274,-0.4076
2026-01-12,34.85,36.98,34.23,36.08,49236567,1765795781.34,10.9351,5.4662
2026-01-13,35.0,35.74,31.59,33.07,48272529,1603582574.06,10.721,-8.3426
2026-01-14,33.16,34.38,31.6,32.23,42550260,1400883299.81,9.4501,-2.5401
2026-01-15,31.94,32.42,30.88,31.33,31668389,996642235.74,7.0333,-2.7924
2026-01-16,31.8,32.0,30.83,30.88,23324185,727823653.93,5.1801,-1.4363
2026-01-19,30.9,32.8,30.38,32.5,32782118,1049460959.49,7.2807,5.2461
2026-01-20,32.5,32.58,30.02,30.43,28200515,872599207.76,6.2631,-6.3692
2026-01-21,30.01,31.32,29.77,30.68,23346463,714182261.07,5.1851,0.8216
2026-01-22,30.55,31.49,30.42,30.93,19075877,589546227.68,4.2366,0.8149
2026-01-23,30.94,32.8,30.6,32.09,36381076,1157679730.96,8.08,3.7504
2026-01-26,32.48,32.48,30.12,30.27,26070158,803716072.2,5.79,-5.6715
2026-01-27,30.13,31.88,28.88,31.41,28054907,858719535.25,6.2308,3.7661
2026-01-28,31.09,31.43,29.7,30.21,22980796,695918136.91,5.1039,-3.8204
2026-01-29,30.06,31.0,29.13,29.58,18582448,560997575.56,4.127,-2.0854
2026-01-30,28.81,29.9,27.88,28.76,21020828,601616784.49,4.6686,-2.7721
2026-02-02,29.06,30.13,28.9,28.98,18685344,551389866.66,4.1499,0.765
2026-02-03,29.48,29.7,28.7,29.69,17718422,517817887.04,3.9351,2.45
2026-02-04,29.4,29.5,28.31,28.94,19989196,578276731.9,4.4394,-2.5261
2026-02-05,28.81,29.45,28.41,28.87,14520064,418663141.93,3.2248,-0.2419
2026-02-06,28.45,29.5,28.25,28.64,13890234,402456420.9,3.0849,-0.7967
2026-02-09,29.1,32.4,29.1,31.32,43237647,1337985593.82,9.6027,9.3575
2026-02-10,30.69,30.95,28.81,29.15,33512534,987870839.5,7.4429,-6.9285
2026-02-11,29.0,29.8,28.7,28.73,14681786,427373389.5,3.2607,-1.4408
2026-02-12,28.71,29.99,28.5,29.66,20008585,588642132.29,4.4438,3.237
2026-02-13,29.15,30.1,28.88,29.28,14916572,441188108.03,3.3129,-1.2812
2026-02-24,29.63,30.86,29.5,30.18,19080272,578728974.75,4.2376,3.0738
2026-02-25,30.4,32.2,30.08,31.72,28491217,897833735.95,6.3277,5.1027
2026-02-26,31.75,33.53,30.95,33.37,33921365,1099100499.06,7.5337,5.2018
2026-02-27,32.8,34.25,31.96,33.95,30279364,1004576987.09,6.7248,1.7381
2026-03-02,33.07,34.18,32.6,32.88,26533976,882641750.57,5.893,-3.1517
2026-03-03,32.91,32.99,30.69,30.76,23771188,747262477.18,5.2794,-6.4477
2026-03-04,30.3,31.94,29.96,30.46,22146094,682580768.85,4.9185,-0.9753
2026-03-05,31.08,31.59,30.0,30.55,16828277,518873150.55,3.7374,0.2955
2026-03-06,30.48,31.55,30.21,30.8,14432660,447734119.35,3.2054,0.8183
2026-03-09,29.62,29.78,28.01,29.1,20609568,593472096.29,4.5772,-5.5195
2026-03-10,30.14,30.76,29.59,29.9,14717060,442776366.48,3.2685,2.7491
2026-03-11,30.3,30.88,29.13,29.24,16170780,482879514.47,3.5914,-2.2074
2026-03-12,29.2,29.51,28.0,28.23,15256653,434527325.73,3.3884,-3.4542
2026-03-13,28.05,28.3,26.99,27.1,15706307,432123923.74,3.4882,-4.0028
2026-03-16,27.11,27.46,26.37,27.3,12921460,347867786.81,2.8698,0.738
2026-03-17,27.37,27.48,25.48,25.53,19552379,509007452.4,4.3424,-6.4835
2026-03-18,25.78,26.19,25.26,26.12,11789965,303992770.91,2.6185,2.311
2026-03-19,25.78,25.95,25.28,25.42,9772758,249964768.53,2.1705,-2.6799
2026-03-20,25.59,25.8,24.39,24.45,13621499,339517613.16,3.0252,-3.8159
2026-03-23,23.88,24.49,22.8,23.0,16267735,383202759.95,3.6129,-5.9305
2026-03-24,23.73,23.75,22.48,23.39,15994295,369102148.38,3.5522,1.6957
2026-03-25,23.39,23.85,23.15,23.42,13223796,310532526.98,2.9369,0.1283
2026-03-26,23.45,23.62,22.7,22.9,11557094,267621483.86,2.5667,-2.2203
