日期,开盘,最高,最低,收盘,成交量,成交额,换手率,涨跌幅
2019-01-02,16.84,17.86,16.6,17.57,3421736,58940251.34,3.394675,1.914153
2019-01-03,17.25,18.4,17.24,18.0,4320979,77739076.46,4.286807,2.447355
2019-01-04,17.2,18.13,17.11,17.98,4064299,71795201.42,4.032157,-0.111114
2019-01-07,17.98,18.58,17.91,18.46,4419657,80728188.22,4.384705,2.66963
2019-01-08,18.29,18.33,17.8,17.9,2637694,47527575.47,2.616834,-3.033583
2019-01-09,17.9,17.96,17.61,17.69,2482520,44223545.0,2.407933,-1.173179
2019-01-10,17.61,17.94,17.61,17.71,1299100,23114307.2,1.260069,0.11305
2019-01-11,17.71,18.08,17.68,18.08,2033916,36430207.99,1.972807,2.08922
2019-01-14,18.04,18.78,18.02,18.12,3103763,56721926.36,3.01051,0.221244
2019-01-15,18.1,18.3,17.77,18.3,1777914,32151390.48,1.724497,0.993369
2019-01-16,18.11,18.28,17.8,17.87,1689447,30434839.2,1.638688,-2.349718
2019-01-17,17.86,18.04,17.4,17.45,1448514,25580779.92,1.404993,-2.350308
2019-01-18,17.43,17.7,17.24,17.59,1215700,21239243.0,1.179174,0.802289
2019-01-21,17.58,17.68,17.38,17.49,1144314,20076736.82,1.109933,-0.568507
2019-01-22,17.69,17.69,17.31,17.41,771062,13478576.38,0.747895,-0.457404
2019-01-23,17.26,17.43,17.0,17.21,998200,17170444.0,0.968209,-1.148769
2019-01-24,17.29,17.72,17.21,17.55,1749942,30744022.87,1.697365,1.975597
2019-01-25,17.41,17.58,17.16,17.25,1130190,19572783.2,1.096233,-1.709398
2019-01-28,16.85,16.85,15.98,16.11,3305854,54080347.46,3.20653,-6.608692
2019-01-29,16.01,16.21,15.69,15.95,970596,15484703.9,0.941434,-0.993177
2019-01-30,15.9,16.17,15.85,15.86,797100,12750136.0,0.773151,-0.564264
2019-01-31,15.86,16.16,15.73,15.86,1038300,16592231.0,1.007104,0.0
2019-02-01,15.9,16.38,15.9,16.34,999212,16200199.56,0.969191,3.026485
2019-02-11,16.45,16.68,16.37,16.68,1229080,20342543.52,1.192152,2.080784
2019-02-12,16.65,16.88,16.52,16.77,1211418,20302649.42,1.175021,0.539569
2019-02-13,16.78,17.8,16.78,17.42,2808753,48812480.04,2.724364,3.875967
2019-02-14,17.45,17.55,17.3,17.47,1535662,26737408.94,1.489523,0.287022
2019-02-15,17.59,17.73,17.42,17.5,1711150,30044862.5,1.659739,0.171727
2019-02-18,17.7,18.23,17.55,18.17,3064643,54942622.01,2.972566,3.828572
2019-02-19,18.12,19.08,17.9,19.06,5656418,104561338.16,5.486471,4.89818
2019-02-20,18.5,19.4,18.45,19.4,6410583,121160761.74,6.217977,1.783841
2019-02-21,18.96,19.34,18.56,18.68,5985152,113372309.28,5.805328,-3.711337
2019-02-22,18.6,18.94,18.48,18.87,3189000,59844712.0,3.093187,1.017133
2019-02-25,18.97,19.66,18.94,19.61,6169032,119245659.1,5.983683,3.921567
2019-02-26,19.58,19.58,18.93,19.0,4630771,89021023.76,4.49164,-3.110661
2019-02-27,18.8,19.99,18.8,19.02,5594157,108532755.72,5.426081,0.105266
2019-02-28,19.02,19.28,18.9,19.07,2451815,46819334.9,2.37815,0.262877
2019-03-01,19.11,19.39,18.8,19.06,2015072,38307465.76,1.954529,-0.05244
2019-03-04,19.14,19.68,19.14,19.35,4284219,83285381.59,4.1555,1.521516
2019-03-05,19.39,20.97,19.3,20.71,6521388,131057148.53,6.325453,7.028417
2019-03-06,20.65,20.86,20.04,20.52,5113356,104226996.14,4.959725,-0.917425
2019-03-07,20.54,20.93,20.2,20.61,4498369,92866087.51,4.363216,0.438597
2019-03-08,20.17,21.75,19.73,20.43,7129362,148450956.34,6.91516,-0.873364
2019-03-11,20.44,21.78,20.44,21.64,6334936,135347489.0,6.144603,5.922658
2019-03-12,21.99,22.78,21.33,22.16,7361782,161106436.7,7.140597,2.40296
2019-03-13,22.03,22.68,21.05,21.38,6012472,132385645.9,5.831827,-3.519859
2019-03-14,21.4,21.4,20.01,20.3,4292500,87851961.5,4.163532,-5.05145
2019-03-15,20.35,20.73,20.18,20.46,2333494,47756234.66,2.263384,0.788177
2019-03-18,20.11,20.74,20.11,20.68,3057454,62541835.55,2.965593,1.075275
2019-03-19,20.57,21.0,20.17,20.39,4084606,84107286.58,3.961884,-1.402326
2019-03-20,20.54,20.57,19.73,20.14,3461519,69534694.34,3.357518,-1.226091
2019-03-21,20.17,20.55,20.1,20.27,2830910,57497815.9,2.745855,0.645487
2019-03-22,20.27,20.49,19.83,20.49,2563122,51820415.5,2.486113,1.085344
2019-03-25,20.09,20.94,20.09,20.65,4848494,100313568.0,4.702821,0.780868
2019-03-26,20.75,20.87,19.63,19.65,3038894,61146296.66,2.94759,-4.842615
2019-03-27,19.82,19.98,19.33,19.49,1963807,38376729.08,1.904804,-0.814249
2019-03-28,19.49,19.79,19.4,19.4,1526700,29928335.0,1.48083,-0.461776
2019-03-29,19.55,20.15,19.2,20.04,2680056,53210540.4,2.599534,3.298976
2019-04-01,20.21,21.49,20.21,21.15,5960449,124033219.63,5.781367,5.538916
2019-04-02,23.27,23.27,23.27,23.27,2828960,65829899.2,2.743964,10.02364
2019-04-03,23.59,25.5,23.31,24.4,15845749,388293149.87,15.369664,4.856034
2019-04-04,23.91,26.84,23.4,25.53,21016349,531534411.09,20.384913,4.631152
2019-04-08,25.0,25.22,23.5,24.0,12059425,292675468.67,11.6971,-5.992952
2019-04-09,23.51,24.24,22.81,23.4,6850760,161271486.56,6.644929,-2.500001
2019-04-10,23.7,24.18,23.0,23.5,5031258,119291590.62,4.880094,0.427352
2019-04-11,23.3,23.79,22.89,22.95,3794342,88177836.2,3.680341,-2.340422
2019-04-12,22.8,23.1,22.36,22.68,3185649,72466490.97,3.089936,-1.176473
2019-04-15,23.0,23.65,22.7,23.0,4145608,96226062.56,4.021053,1.410933
2019-04-16,23.07,23.45,22.06,23.4,4747493,108283111.74,4.604855,1.739129
2019-04-17,23.48,24.4,23.21,24.2,6494990,155211600.72,6.299848,3.418808
2019-04-18,24.0,24.25,23.3,23.3,4041500,95436326.56,3.920073,-3.719014
2019-04-19,23.16,23.28,22.62,23.15,3410290,78203595.7,3.307828,-0.643775
2019-04-22,23.39,23.5,22.75,22.94,2393681,55372334.44,2.321763,-0.907123
2019-04-23,22.73,22.9,21.88,21.95,3274610,73144169.5,3.176224,-4.315605
2019-04-24,21.82,22.27,21.31,22.22,2607649,57029849.26,2.529302,1.230062
2019-04-25,22.13,22.22,21.2,21.21,2331349,50607031.55,2.261304,-4.545456
2019-04-26,21.1,21.75,21.1,21.33,1547043,33164082.29,1.500562,0.565775
2019-04-29,21.42,21.57,20.4,20.5,2660203,55126313.16,2.580277,-3.891232
2019-04-30,20.68,20.95,20.18,20.54,1620046,33306402.98,1.571372,0.195126
2019-05-06,19.94,19.97,18.49,18.49,3207146,61396561.23,3.110787,-9.980531
2019-05-07,18.61,18.72,18.22,18.56,1981208,36698643.46,1.921683,0.378581
2019-05-08,18.04,18.78,17.89,18.49,1933613,35729208.29,1.875518,-0.377153
2019-05-09,18.45,18.66,18.27,18.43,2055837,38003719.23,1.994069,-0.324497
2019-05-10,18.56,19.69,18.19,19.6,4025706,76799741.81,3.904754,6.348345
2019-05-13,19.3,19.55,19.06,19.45,3086292,59616786.18,2.993564,-0.765304
2019-05-14,19.17,19.88,19.0,19.49,3338100,65312755.45,3.237807,0.20565
2019-05-15,19.75,19.79,19.4,19.79,2535615,49731210.2,2.459432,1.539257
2019-05-16,19.9,21.2,19.81,20.46,5251617,108167526.67,5.093832,3.385539
2019-05-17,20.01,20.67,19.63,19.76,3441617,69581780.33,3.338214,-3.421304
2019-05-20,20.05,20.39,19.81,20.28,2955479,59454099.7,2.866682,2.631581
2019-05-21,20.4,21.15,19.91,21.08,4470378,91705536.81,4.336066,3.944769
2019-05-22,21.0,21.05,20.42,20.61,3706319,76831950.83,3.594963,-2.229598
2019-05-23,20.74,21.18,19.96,20.17,4467540,92527630.61,4.333313,-2.134888
2019-05-24,19.62,19.88,18.88,18.93,3995662,76925949.78,3.875612,-6.147743
2019-05-27,18.93,19.82,18.86,19.73,3302239,64018907.29,3.203023,4.226092
2019-05-28,19.77,20.45,19.74,20.02,4479201,90131227.84,4.344623,1.469848
2019-05-29,20.28,20.65,20.05,20.41,3730936,76227255.28,3.61884,1.948049
2019-05-30,20.39,20.8,19.88,20.57,4286924,87372244.8,4.158123,0.783929
2019-05-31,20.62,20.91,20.2,20.28,3566634,73118247.82,3.459475,-1.409815
2019-06-03,20.23,20.59,19.8,20.24,2695696,54413976.94,2.614704,-0.197243
2019-06-04,20.3,20.44,19.49,19.84,2499234,49929138.52,2.424145,-1.976283
2019-06-05,20.11,20.27,19.87,19.97,2262800,45367266.0,2.194814,0.655238
2019-06-06,19.93,20.07,18.84,19.0,2956542,56755615.6,2.867713,-4.857283
2019-06-10,19.16,19.38,19.0,19.26,1592600,30647545.0,1.54475,1.368422
2019-06-11,19.28,19.89,18.92,19.78,2808635,54887101.03,2.72425,2.699898
2019-06-12,19.71,20.32,19.63,20.28,3329309,66695329.75,3.22928,2.527806
2019-06-13,20.28,20.3,19.82,20.18,2216227,44476818.98,2.14964,-0.493098
2019-06-14,20.18,20.44,19.28,19.3,2517752,50055638.23,2.442106,-4.360758
2019-06-17,19.38,19.44,19.02,19.17,1550079,29732854.12,1.503507,-0.673571
2019-06-18,19.24,19.36,19.04,19.24,1067550,20495262.56,1.035475,0.365152
2019-06-19,19.7,19.8,19.38,19.41,1736879,34019814.05,1.684694,0.883576
2019-06-20,19.43,19.97,19.26,19.94,2375828,46804964.92,2.304446,2.730555
2019-06-21,20.01,20.41,19.98,20.33,2679669,54265295.26,2.599158,1.955865
2019-06-24,20.38,20.5,20.03,20.35,2125834,43091835.8,2.061963,0.098379
2019-06-25,20.35,20.35,19.61,20.07,2334900,46500374.0,2.264748,-1.375925
2019-06-26,20.09,20.33,19.97,20.23,1622700,32711662.0,1.573946,0.797209
2019-06-27,20.23,20.42,20.08,20.23,2293600,46446414.0,2.224689,0.0
2019-06-28,20.24,20.28,19.71,19.95,1797751,35919870.8,1.743738,-1.384077
2019-07-01,20.28,20.65,20.21,20.53,3267679,66859738.99,3.169502,2.907268
2019-07-02,20.5,20.64,20.25,20.45,2255100,46105570.41,2.187346,-0.389673
2019-07-03,20.3,20.45,19.95,20.01,1788500,35985011.0,1.734765,-2.151592
2019-07-04,20.11,20.46,20.01,20.26,2121418,42947269.75,2.05768,1.249375
2019-07-05,20.21,20.23,19.9,20.03,1751290,35143970.14,1.698673,-1.13524
2019-07-08,20.14,20.15,18.91,19.08,2524662,48657854.25,2.448809,-4.742889
2019-07-09,18.72,19.1,18.22,18.41,2638927,48961860.37,2.55964,-3.511531
2019-07-10,18.6,18.6,18.07,18.19,1364300,25017179.0,1.32331,-1.194999
2019-07-11,18.22,18.37,17.77,17.99,1812809,32821382.35,1.758343,-1.099509
2019-07-12,17.99,18.38,17.71,18.22,1553044,28183901.08,1.506383,1.278486
2019-07-15,18.2,18.99,17.9,18.9,2523541,46953333.34,2.447721,3.732164
2019-07-16,18.8,18.85,18.61,18.71,1420977,26640571.98,1.378284,0.053467
2019-07-17,18.73,18.95,18.6,18.8,1322831,24799490.63,1.283087,0.481027
2019-07-18,18.66,18.83,18.31,18.35,1057407,19577447.25,1.025637,-2.393611
2019-07-19,18.35,18.69,18.26,18.37,1017013,18751989.81,0.986457,0.108994
2019-07-22,18.39,18.4,17.66,17.66,1209721,21621952.66,1.173375,-3.865002
2019-07-23,17.66,17.97,17.66,17.97,991029,17689517.2,0.961254,1.755376
2019-07-24,18.01,18.76,18.01,18.47,1657750,30570551.5,1.607943,2.782415
2019-07-25,18.48,18.78,18.48,18.62,1512527,28245746.92,1.467083,0.812136
2019-07-26,18.66,18.95,18.51,18.77,1310432,24582170.99,1.2711,0.8056
2019-07-29,18.79,19.08,18.61,18.79,1271788,23988175.99,1.233577,0.106555
2019-07-30,18.85,19.14,18.75,18.87,1562722,29691845.46,1.5158,0.4258
2019-07-31,19.16,19.16,18.86,18.94,1069857,20314850.55,1.0377,0.371
2019-08-01,18.76,18.99,18.66,18.93,1401441,26369788.4,1.3593,-0.0528
2019-08-02,18.69,18.69,18.3,18.47,1320373,24386098.29,1.2807,-2.43
2019-08-05,18.41,18.88,18.21,18.47,1307500,24268047.0,1.2682,0.0
2019-08-06,18.12,18.25,17.11,17.65,2683916,47376346.1,2.6033,-4.4396
2019-08-07,17.68,17.79,17.25,17.33,1439625,25265438.33,1.3964,-1.813
2019-08-08,17.46,17.75,17.35,17.48,1173144,20556077.44,1.1379,0.8655
2019-08-09,17.58,17.67,17.11,17.17,1044792,18139332.93,1.0134,-1.7735
2019-08-12,17.29,17.53,17.15,17.51,1044012,18073900.36,1.0126,1.9802
2019-08-13,17.36,17.59,17.3,17.38,1111092,19371085.72,1.0777,-0.7424
2019-08-14,17.6,17.84,17.52,17.63,1258523,22243471.87,1.2207,1.4384
2019-08-15,17.02,17.7,17.02,17.63,1394362,24154111.32,1.3525,0.0
2019-08-16,17.48,17.88,17.48,17.63,1905623,33742321.37,1.8484,0.0
2019-08-19,17.53,18.15,17.5,18.09,2893200,51722731.0,2.8063,2.6092
2019-08-20,18.02,18.19,17.79,17.97,2288158,41218926.52,2.2194,-0.6634
2019-08-21,17.98,17.98,17.75,17.85,1578200,28196634.76,1.5308,-0.6678
2019-08-22,18.0,18.16,17.79,18.15,2301900,41425858.23,2.2327,1.6807
2019-08-23,18.01,18.12,17.75,17.84,1820714,32549207.28,1.766,-1.708
2019-08-26,17.58,17.62,17.36,17.46,1303154,22775773.04,1.264,-2.1301
2019-08-27,17.57,17.98,17.53,17.9,1646968,29332915.74,1.5975,2.52
2019-08-28,17.8,18.3,17.78,18.06,2316068,41907623.04,2.2465,0.8939
2019-08-29,18.05,18.27,18.01,18.18,1970700,35731141.32,1.9115,0.6645
2019-08-30,18.27,18.48,17.9,18.02,2802742,51122350.86,2.7185,-0.8801
2019-09-02,18.19,18.88,18.14,18.74,3893586,72519539.1,3.7766,3.9956
2019-09-03,18.61,19.07,18.49,18.98,3317207,62147494.53,3.2175,1.2807
2019-09-04,18.88,19.14,18.7,19.09,2775600,52562098.57,2.6922,0.5796
2019-09-05,19.05,19.45,19.01,19.05,3629094,69636863.77,3.5201,-0.2095
2019-09-06,19.24,19.58,19.08,19.35,3021186,58486686.38,2.9304,1.5748
2019-09-09,19.6,19.92,19.3,19.87,3229669,63711544.17,3.1326,2.6873
2019-09-10,19.93,20.14,19.68,19.87,2616996,52080237.31,2.5384,0.0
2019-09-11,19.87,20.15,19.6,19.93,2959640,58771302.52,2.8707,0.302
2019-09-12,20.18,21.07,19.83,20.76,7450337,153137929.11,7.2265,4.1646
2019-09-16,20.56,20.77,20.27,20.55,4799164,98361173.43,4.655,-1.0116
2019-09-17,20.36,20.47,19.31,19.4,4293929,84727356.09,4.1649,-5.5961
2019-09-18,19.42,19.55,19.18,19.28,1673300,32385368.82,1.623,-0.6186
2019-09-19,19.31,19.79,19.15,19.7,2094300,40900246.63,2.0314,2.1784
2019-09-20,19.8,20.25,19.71,19.98,3451810,69088803.94,3.3481,1.4213
2019-09-23,19.86,20.24,19.62,19.96,2890315,57771303.76,2.8035,-0.1001
2019-09-24,20.2,20.49,20.04,20.17,3420270,69313710.94,3.3175,1.0521
2019-09-25,19.96,19.96,19.46,19.58,2707901,53290203.64,2.6265,-2.9251
2019-09-26,19.78,19.78,18.55,18.55,2601100,49344982.0,2.5229,-5.2605
2019-09-27,18.56,18.95,18.41,18.65,1807508,33809431.04,1.7532,0.5391
2019-09-30,18.69,18.72,18.0,18.07,1903884,34891342.84,1.8467,-3.1099
2019-10-08,18.12,18.49,17.73,17.84,1533354,27689582.18,1.4873,-1.2728
2019-10-09,17.6,17.97,17.55,17.9,1126881,20053929.2,1.093,0.3363
2019-10-10,17.99,18.23,17.78,18.13,1276962,23070698.34,1.2386,1.2849
2019-10-11,18.09,18.25,17.84,18.15,1812562,32756369.54,1.7581,0.1103
2019-10-14,18.3,18.55,18.25,18.41,1619399,29820720.37,1.5707,1.4325
2019-10-15,18.38,18.38,18.01,18.16,1473800,26760101.0,1.4295,-1.358
2019-10-16,18.29,18.29,18.04,18.15,1020800,18515059.0,0.9901,-0.0551
2019-10-17,18.51,18.89,18.32,18.4,2621597,48760224.03,2.5428,1.3774
2019-10-18,18.2,18.31,17.8,18.07,2052262,37047752.46,1.9906,-1.7935
2019-10-21,17.86,18.0,17.66,17.87,1032103,18389370.99,1.0011,-1.1068
2019-10-22,18.0,18.16,17.92,18.15,906657,16376587.18,0.8794,1.5669
2019-10-23,18.1,18.26,18.02,18.1,741400,13455230.0,0.7191,-0.2755
2019-10-24,18.15,18.15,17.79,17.96,939796,16887530.8,0.9116,-0.7735
2019-10-25,17.98,18.17,17.7,17.98,879300,15725616.0,0.8529,0.1114
2019-10-28,18.07,18.5,18.01,18.4,1874898,34311840.32,1.8186,2.3359
2019-10-29,18.44,18.48,18.26,18.38,1496853,27503188.78,1.4519,-0.1087
2019-10-30,18.36,18.43,17.92,17.97,2050123,37219090.28,1.9885,-2.2307
2019-10-31,17.9,18.21,17.9,18.02,1608445,29112132.2,1.5601,0.2782
2019-11-01,18.02,18.32,17.85,18.3,1527812,27710617.6,1.4819,1.5538
2019-11-04,18.4,18.4,17.8,17.93,2508100,45272171.0,2.4327,-2.0219
2019-11-05,17.97,18.04,17.47,17.61,2747133,48532327.08,2.6646,-1.7847
2019-11-06,17.58,17.87,17.49,17.52,1387680,24505886.4,1.346,-0.5111
2019-11-07,17.52,17.63,17.35,17.41,1648762,28799215.32,1.5992,-0.6279
2019-11-08,17.49,17.75,17.42,17.48,1119696,19679162.04,1.0861,0.4021
2019-11-11,17.4,17.4,16.84,16.85,1815700,30867051.04,1.7611,-3.6041
2019-11-12,16.86,16.97,16.63,16.84,921000,15444044.0,0.8933,-0.0593
2019-11-13,16.9,16.9,16.66,16.74,736700,12327118.0,0.7146,-0.5938
2019-11-14,16.79,16.88,16.65,16.84,752400,12628600.0,0.7298,0.5974
2019-11-15,16.85,16.95,16.64,16.65,730800,12233025.0,0.7088,-1.1283
2019-11-18,16.65,16.8,16.55,16.73,641400,10702285.0,0.6221,0.4805
2019-11-19,16.7,17.15,16.7,17.1,1168489,19805914.81,1.1334,2.2116
2019-11-20,17.12,17.31,17.06,17.13,1077835,18514545.9,1.0455,0.1754
2019-11-21,17.08,17.39,17.0,17.26,1053000,18144659.0,1.0214,0.7589
2019-11-22,17.26,17.59,17.14,17.17,1445008,25074455.48,1.4016,-0.5214
2019-11-25,17.22,17.45,17.02,17.19,997838,17197435.68,0.9679,0.1165
2019-11-26,17.29,17.29,17.04,17.05,1051100,18029859.0,1.0195,-0.8144
2019-11-27,16.91,17.17,16.91,17.05,656700,11198458.0,0.637,0.0
2019-11-28,17.17,17.21,16.95,17.0,458318,7819640.82,0.4445,-0.2933
2019-11-29,17.01,17.01,16.5,16.96,516700,8735036.0,0.5012,-0.2353
2019-12-02,16.99,17.29,16.96,17.07,725900,12432761.0,0.7041,0.6486
2019-12-03,16.96,17.68,16.91,17.52,1478562,25716789.2,1.4341,2.6362
2019-12-04,17.32,17.65,17.3,17.48,950962,16610661.76,0.9224,-0.2283
2019-12-05,17.48,17.71,17.48,17.64,1244500,21930091.0,1.2071,0.9153
2019-12-06,17.64,17.82,17.56,17.8,939876,16623822.44,0.9116,0.907
2019-12-09,17.8,17.96,17.67,17.76,815062,14506750.78,0.7906,-0.2247
2019-12-10,17.67,17.89,17.58,17.76,785000,13903253.0,0.7614,0.0
2019-12-11,17.75,17.85,17.57,17.59,686480,12128203.4,0.6659,-0.9572
2019-12-12,17.67,17.8,17.54,17.61,842094,14881534.8,0.8168,0.1137
2019-12-13,17.75,17.86,17.51,17.8,1549700,27459936.0,1.5031,1.0789
2019-12-16,17.8,19.11,17.8,18.75,4083432,75720442.15,3.9607,5.3371
2019-12-17,18.51,19.15,18.48,18.87,3730603,70367192.14,3.6185,0.64
2019-12-18,19.0,20.05,18.8,19.53,7382247,144098265.57,7.1604,3.4976
2019-12-19,19.87,19.87,19.31,19.41,3790685,73911316.82,3.6768,-0.6144
2019-12-20,19.4,19.47,18.9,18.9,2841662,54539264.82,2.7563,-2.6275
2019-12-23,18.98,19.47,18.71,18.94,3834672,73582893.48,3.7195,0.2116
2019-12-24,19.0,19.33,18.89,19.26,2219384,42473538.26,2.1527,1.6895
2019-12-25,19.27,19.44,18.96,19.06,2513338,48175731.56,2.4378,-1.0384
2019-12-26,19.06,19.26,19.02,19.23,2183700,41811293.0,2.1181,0.8919
2019-12-27,21.0,21.15,19.88,21.15,13870847,291148033.24,13.4541,9.9844
2019-12-30,21.09,23.27,20.88,22.59,21181093,473496444.78,20.5447,6.8085
2019-12-31,21.79,22.1,21.47,21.68,11287210,245127600.43,10.9481,-4.0283
2020-01-02,21.99,22.8,21.76,22.16,9660513,214389002.35,9.3703,2.214
2020-01-03,22.33,24.38,22.26,24.38,8592736,203034517.72,8.3346,10.018
2020-01-06,26.82,26.82,25.22,25.9,24328327,645492916.89,23.5974,6.2346
2020-01-07,26.61,28.49,25.21,27.3,30347124,816783007.73,29.4353,5.4054
2020-01-08,26.25,28.63,26.25,26.42,22012389,600645737.23,21.351,-3.2234
2020-01-09,26.0,27.7,25.9,26.71,14383887,384538482.56,13.9517,1.0976
2020-01-10,26.86,26.87,25.22,25.62,11572273,298618329.84,11.2246,-4.0809
2020-01-13,25.62,26.22,25.28,26.06,7239937,187159606.3,7.0224,1.7174
2020-01-14,26.3,26.3,25.5,25.98,6329285,163389598.95,6.1391,-0.307
2020-01-15,26.0,26.26,25.22,25.89,5811849,149928861.37,5.6372,-0.3464
2020-01-16,25.7,26.94,25.51,26.37,10322010,273190268.05,10.0119,1.854
2020-01-17,26.5,26.5,25.41,25.67,6582470,169804698.95,6.3847,-2.6545
2020-01-20,25.4,26.94,25.23,26.73,8051890,211806450.78,7.81,4.1293
2020-01-21,26.64,27.77,25.95,26.35,7359548,196923068.01,7.1384,-1.4216
2020-01-22,25.81,27.58,25.6,27.42,8137945,217531395.98,7.8934,4.0607
2020-01-23,27.0,29.53,26.86,28.03,13070756,370759294.31,12.678,2.2247
2020-02-03,25.23,25.25,25.23,25.23,1911700,48232484.0,1.8543,-9.9893
2020-02-04,23.1,26.47,23.1,25.45,11082451,278292373.72,10.7495,0.872
2020-02-05,24.81,28.0,24.71,28.0,15390074,414751899.48,14.9277,10.0196
2020-02-06,28.01,30.0,27.69,29.39,16275766,475295636.45,15.7868,4.9643
2020-02-07,29.01,31.2,28.0,29.4,15661239,459690276.93,15.1907,0.034
2020-02-10,29.5,30.6,28.6,28.91,11694226,342168331.29,11.3429,-1.6667
2020-02-11,28.8,28.91,27.0,27.55,9538771,263820075.24,9.2522,-4.7043
2020-02-12,27.32,28.56,27.1,28.4,15932183,446047209.49,15.4535,3.0853
2020-02-13,28.3,28.3,26.99,27.22,11595537,317857028.38,11.2471,-4.1549
2020-02-14,27.27,28.07,27.12,27.67,10513940,290389560.69,10.198,1.6532
2020-02-17,27.81,28.75,27.42,28.73,13267829,376645991.58,12.8692,3.8309
2020-02-18,28.54,29.65,28.2,29.39,13489988,392124503.33,13.0847,2.2972
2020-02-19,28.88,28.98,27.7,27.82,11787399,332901464.16,11.4332,-5.342
2020-02-20,27.8,28.65,27.08,28.38,10576868,296136914.38,10.2591,2.0129
2020-02-21,28.3,30.29,27.69,29.47,16163431,472417788.08,15.6778,3.8407
2020-02-24,29.72,31.2,28.97,31.09,18439447,558447295.8,17.8854,5.4971
2020-02-25,30.0,32.49,29.0,32.25,18386398,560226381.25,17.834,3.7311
2020-02-26,31.4,31.94,29.04,29.3,14168809,434386303.75,13.7431,-9.1473
2020-02-27,29.66,29.85,28.0,28.57,7770287,224396958.42,7.5368,-2.4915
2020-02-28,27.02,27.37,25.71,25.72,9296400,246238197.03,9.0171,-9.9755
2020-03-02,26.13,26.8,25.82,26.48,5217455,137713207.59,5.0607,2.9549
2020-03-03,27.12,27.74,26.41,26.63,6591157,179013586.98,6.3931,0.5665
2020-03-04,26.63,26.95,25.83,26.42,5059200,133638149.0,4.9072,-0.7886
2020-03-05,26.99,27.15,25.99,26.5,5165630,137051322.96,5.0104,0.3028
2020-03-06,26.0,26.75,25.75,26.48,3672985,97383283.64,3.5626,-0.0755
2020-03-09,25.8,26.27,24.78,24.82,5534500,141106702.0,5.3682,-6.2689
2020-03-10,24.5,26.42,24.5,26.38,6265146,159697755.5,6.0769,6.2853
2020-03-11,26.55,27.88,26.2,26.46,8479000,230420814.74,8.2242,0.3033
2020-03-12,25.61,26.16,25.08,25.5,4746078,121691501.14,4.6035,-3.6281
2020-03-13,24.05,25.49,23.98,24.99,4579662,113158762.67,4.4421,-2.0
2020-03-16,25.12,25.32,22.9,23.26,5266600,127301548.0,5.1084,-6.9228
2020-03-17,23.72,23.98,21.98,23.02,4579981,105017954.05,4.4424,-1.0318
2020-03-18,23.3,23.65,22.3,22.49,4327700,100492043.0,4.1977,-2.3023
2020-03-19,22.76,23.15,22.0,22.95,4164443,94483536.87,4.0393,2.0454
2020-03-20,23.24,23.38,22.41,22.95,3223726,73733555.2,3.1269,0.0
2020-03-23,22.38,22.67,21.57,21.68,4335000,96140952.0,4.2048,-5.5338
2020-03-24,22.13,22.38,21.0,21.9,4357626,95047107.48,4.2267,1.0148
2020-03-25,22.46,22.95,22.32,22.47,4542326,102486512.48,4.4059,2.6027
2020-03-26,22.45,22.64,22.08,22.16,2898400,64679955.0,2.8113,-1.3796
2020-03-27,22.49,22.68,22.09,22.29,2907892,65116990.31,2.0818,0.5866
2020-03-30,21.78,21.93,21.1,21.55,3258229,69907408.17,2.3326,-3.3199
2020-03-31,21.89,23.31,21.8,22.77,5972800,135244710.0,4.2761,5.6613
2020-04-01,22.53,23.14,22.32,22.47,4169823,95102802.14,2.9853,-1.3175
2020-04-02,22.5,23.38,22.34,23.32,4989649,114725713.03,3.5722,3.7828
2020-04-03,23.3,23.37,22.71,22.93,3335922,76658208.26,2.3883,-1.6724
2020-04-07,23.84,25.22,23.84,24.79,7889642,194508856.61,5.6484,8.1116
2020-04-08,24.38,25.12,24.38,24.89,5210075,129440371.6,3.73,0.4034
2020-04-09,25.0,25.47,24.7,24.81,4139798,103563744.0,2.9638,-0.3214
2020-04-10,24.84,25.22,24.43,24.64,4250785,105139699.02,3.0432,-0.6852
2020-04-13,24.3,24.64,23.79,24.39,2673600,64832839.59,1.9141,-1.0146
2020-04-14,24.69,24.96,24.39,24.96,3116900,77134328.35,2.2315,2.337
2020-04-15,24.92,25.24,24.74,24.74,3078185,76981926.89,2.2037,-0.8814
2020-04-16,24.77,25.1,24.4,24.83,2737623,67865562.27,1.9599,0.3638
2020-04-17,24.99,25.55,24.9,25.01,4144100,104535726.0,2.9669,0.7249
2020-04-20,25.0,26.17,24.96,26.03,5263375,135080165.77,3.7682,4.0784
2020-04-21,26.05,26.38,25.41,25.72,4879190,126038471.07,3.4931,-1.1909
2020-04-22,25.36,26.14,25.21,25.99,4276723,109614745.87,3.0618,1.0498
2020-04-23,26.2,26.32,25.55,25.68,3767961,97796915.8,2.6976,-1.1928
2020-04-24,25.51,25.78,24.51,24.7,4058962,101730557.98,2.9059,-3.8162
2020-04-27,24.98,25.47,24.5,24.73,2876500,72014058.0,2.0594,0.1215
2020-04-28,25.0,25.33,23.84,25.0,3644078,90348388.69,2.6089,1.0918
2020-04-29,25.09,26.0,24.87,25.97,4885062,125207320.08,3.4973,3.88
2020-04-30,26.18,26.85,25.82,26.78,5936500,157082706.96,4.2501,3.119
2020-05-06,26.67,27.43,26.38,27.26,5953724,160325024.66,4.2624,1.7924
2020-05-07,27.09,28.27,26.77,27.83,6749660,186663572.48,4.8322,2.091
2020-05-08,27.95,28.77,27.73,28.74,7502759,212257954.45,5.3714,3.2699
2020-05-11,29.22,29.97,28.62,29.11,8916075,260661650.35,6.3832,1.2874
2020-05-12,29.0,29.66,28.58,29.07,6007623,174154148.85,4.301,-0.1374
2020-05-13,28.98,29.68,28.8,29.45,5188685,152064505.61,3.7147,1.3072
2020-05-14,29.14,29.59,29.01,29.22,4471162,131034175.88,3.201,-0.781
2020-05-15,29.51,30.15,29.2,29.2,5438562,160969386.12,3.8936,-0.0684
2020-05-18,28.99,29.82,28.55,28.78,7744700,225840574.0,5.5446,-1.4384
2020-05-19,28.98,29.21,28.09,28.55,7118262,203444682.23,5.0961,-0.7992
2020-05-20,28.66,28.88,27.68,27.86,4694135,132260104.91,3.3606,-2.4168
2020-05-21,28.17,28.38,27.55,27.73,4093400,114403229.0,2.9306,-0.4666
2020-05-22,28.02,30.15,27.9,28.46,11108629,322885756.16,7.9529,2.6325
2020-05-25,28.4,28.49,26.65,26.76,7723600,211363692.0,5.5295,-5.9733
2020-05-26,27.2,28.43,26.88,28.22,7227913,200303935.0,5.1746,5.4559
2020-05-27,28.49,29.8,28.2,28.76,8004200,232232304.0,5.7304,1.9135
2020-05-28,28.79,28.99,27.32,28.1,6067701,170611934.22,4.344,-2.2949
2020-05-29,27.86,28.7,27.53,28.36,5389400,151868703.0,3.8584,0.9253
2020-06-01,28.8,29.18,28.36,28.86,5454702,157392063.23,3.9052,1.763
2020-06-02,28.75,30.25,28.75,29.08,9694485,285985526.58,6.9405,0.7623
2020-06-03,28.27,28.86,27.66,28.21,8986685,253277922.8,6.4338,-2.9917
2020-06-04,28.24,28.28,27.2,27.29,5638300,155755666.0,4.0366,-3.2612
2020-06-05,27.49,27.93,27.12,27.61,4023200,111056140.0,2.8803,1.1726
2020-06-08,28.1,28.6,27.38,27.38,4597000,128081859.38,2.4488,-0.833
2020-06-09,27.62,27.94,27.24,27.91,2965800,81926114.0,1.5799,1.9357
2020-06-10,27.88,28.69,27.7,28.23,4858267,137498772.04,2.588,1.1465
2020-06-11,28.36,30.56,28.11,30.09,12650100,376606097.03,6.7387,6.5887
2020-06-12,21.1,21.55,20.63,21.55,12354569,260089006.65,4.7009,1.2688
2020-06-15,21.8,21.85,20.65,20.65,13977301,293380347.98,5.3184,-4.1763
2020-06-16,20.45,20.66,20.19,20.46,8595028,175259025.72,3.2704,-0.9201
2020-06-17,20.52,20.7,20.3,20.54,6554231,134237686.99,2.4939,0.391
2020-06-18,20.55,20.55,19.68,19.77,9584320,191241291.0,3.6469,-3.7488
2020-06-19,19.82,20.12,19.61,20.07,5863076,116319563.4,2.2309,1.5174
2020-06-22,20.16,20.59,20.0,20.59,7832941,159055535.13,2.9804,2.5909
2020-06-23,20.85,21.18,20.14,20.16,12050767,248424744.42,4.5853,-2.0884
2020-06-24,20.2,20.2,19.66,19.88,7185776,142726538.96,2.7342,-1.3889
2020-06-29,19.7,20.03,19.52,19.95,4341040,86092170.98,1.6518,0.3521
2020-06-30,20.0,20.35,19.89,20.35,6010650,120810748.7,2.2871,2.005
2020-07-01,20.4,20.42,19.9,20.07,5513193,110954836.98,2.0978,-1.3759
2020-07-02,20.06,20.44,19.9,20.18,5616425,113297901.68,2.1371,0.5481
2020-07-03,20.16,20.2,19.82,20.1,6897667,138009355.15,2.6246,-0.3964
2020-07-06,20.1,20.88,20.1,20.73,11217360,230192988.8,4.2682,3.1343
2020-07-07,20.72,22.29,20.65,21.78,17180451,369186052.85,6.5372,5.0651
2020-07-08,21.76,23.88,21.72,23.37,17821661,407843470.29,6.7812,7.3003
2020-07-09,23.36,23.69,22.88,23.32,15570351,362637789.03,5.9245,-0.214
2020-07-10,23.33,23.98,23.05,23.41,12465741,293471492.3,4.7432,0.3859
2020-07-13,23.6,25.52,23.6,25.01,14088217,348745991.55,5.3606,6.8347
2020-07-14,25.11,25.29,23.88,24.25,12341927,302753996.21,4.6961,-3.0388
2020-07-15,24.58,24.7,22.97,23.03,11084640,260754718.28,4.2177,-5.0309
2020-07-16,23.11,23.54,21.98,21.98,9923580,226666800.13,3.7759,-4.5593
2020-07-17,22.21,22.8,21.93,22.47,7294373,162959928.83,2.7755,2.2293
2020-07-20,22.53,23.61,22.22,23.47,11723397,269004618.44,4.4608,4.4504
2020-07-21,23.4,23.43,22.11,22.45,11590402,261391656.97,4.4102,-4.346
2020-07-22,22.4,23.0,22.03,22.51,7433446,168344020.82,2.8284,0.2673
2020-07-23,22.22,22.96,22.1,22.92,9966249,225785339.89,3.7922,1.8214
2020-07-24,22.91,24.28,22.25,22.38,17127531,402203136.11,6.5171,-2.356
2020-07-27,22.49,22.63,20.19,20.84,14606591,307016659.24,5.5578,-6.8811
2020-07-28,20.81,21.24,20.68,20.86,5553727,116134962.57,2.1132,0.096
2020-07-29,20.87,22.95,20.6,22.95,15058866,332589794.33,5.7299,10.0192
2020-07-30,24.28,24.88,23.61,24.43,26386771,641933380.77,10.0402,6.4488
2020-07-31,24.51,25.43,23.36,23.58,24648203,598071779.49,9.3787,-3.4793
2020-08-03,24.0,25.94,24.0,25.94,18109785,453849903.76,6.8908,10.0085
2020-08-04,27.88,28.53,26.42,27.17,40720479,1129455016.0,15.4942,4.7417
2020-08-05,27.0,29.6,26.25,28.47,31045146,883218092.25,11.8127,4.7847
2020-08-06,27.88,28.98,26.96,27.64,24851856,691968354.05,9.4562,-2.9153
2020-08-07,27.3,27.3,25.68,26.6,21116776,555752164.51,8.035,-3.7627
2020-08-10,26.39,27.22,25.74,25.99,13647341,360118675.21,5.1928,-2.2932
2020-08-11,26.06,26.28,25.0,25.12,12218536,314996196.61,4.6492,-3.3474
2020-08-12,25.08,25.37,23.75,24.55,10974816,268380947.32,4.1759,-2.2691
2020-08-13,24.55,25.31,24.3,24.83,9626880,238666890.22,3.663,1.1405
2020-08-14,24.64,25.72,24.63,25.7,7649953,191998262.8,2.9108,3.5038
2020-08-17,26.0,26.67,25.69,25.99,10141400,265574811.84,3.8588,1.1284
2020-08-18,25.85,27.15,25.67,26.58,10896344,288991058.83,4.1461,2.2701
2020-08-19,26.53,27.27,26.0,26.25,10770399,287595865.55,4.0982,-1.2415
2020-08-20,25.96,26.66,25.0,25.46,6422457,165609287.79,2.4438,-3.0095
2020-08-21,25.74,25.83,25.21,25.46,4482720,114279335.66,1.7057,0.0
2020-08-24,25.8,26.11,25.46,26.08,5256747,136162442.86,2.0002,2.4352
2020-08-25,26.2,26.58,24.9,24.98,6991255,179271911.79,2.6602,-4.2178
2020-08-26,24.9,24.95,23.3,23.49,9318847,223471383.12,3.5458,-5.9648
2020-08-27,23.41,24.3,23.15,23.95,4668287,110813643.9,1.7763,1.9583
2020-08-28,24.09,24.57,23.85,24.4,5656645,137051947.82,2.1524,1.8789
2020-08-31,24.4,24.65,24.11,24.16,5712787,139248096.7,2.1737,-0.9836
2020-09-01,24.15,24.57,23.87,24.4,4703527,114296326.8,1.7897,0.9934
2020-09-02,24.39,24.54,23.86,24.24,4833789,117036205.0,1.8393,-0.6557
2020-09-03,24.21,24.24,23.33,23.49,5721667,135142208.94,2.1771,-3.0941
2020-09-04,23.1,24.07,23.05,24.0,4448725,105085902.9,1.6927,2.1711
2020-09-07,23.98,24.34,23.65,23.66,5468220,131386805.8,2.0807,-1.4167
2020-09-08,23.8,24.27,23.3,24.19,4072341,97420401.22,1.5495,2.2401
2020-09-09,23.97,25.8,23.2,25.12,11141912,276836633.04,4.2395,3.8446
2020-09-10,25.1,25.1,21.69,22.19,11209811,261046677.9,4.2654,-11.664
2020-09-11,22.0,22.61,21.03,22.39,5885600,128031988.8,2.2395,0.9013
2020-09-14,22.39,23.18,22.1,22.79,4516680,102713059.4,1.7186,1.7865
2020-09-15,22.89,23.37,22.65,22.93,3509828,80760943.07,1.3355,0.6143
2020-09-16,22.94,23.1,22.22,22.41,4331007,97477947.11,1.648,-2.2678
2020-09-17,22.45,23.05,22.1,22.95,4582786,103602957.72,1.7438,2.4096
2020-09-18,24.2,27.54,24.14,26.38,28850214,769680368.61,10.9776,14.9455
2020-09-21,25.43,26.8,25.31,25.77,20323889,526517541.71,7.7333,-2.3124
2020-09-22,25.55,25.66,24.88,24.98,10021805,252879956.54,3.8133,-3.0656
2020-09-23,25.22,25.22,24.61,24.98,7261661,180770411.54,2.7631,0.0
2020-09-24,24.78,24.88,24.0,24.02,5999337,146260346.37,2.2828,-3.8431
2020-09-25,24.27,24.39,23.55,23.6,5686160,135872370.2,2.1636,-1.7485
2020-09-28,23.7,23.87,23.23,23.28,3736751,87582249.4,1.4218,-1.3559
2020-09-29,23.46,24.58,23.32,23.96,6893333,165676680.24,2.6229,2.921
2020-09-30,24.0,24.78,23.82,24.24,7990880,193622676.6,3.0405,1.1686
2020-10-09,24.62,25.14,24.32,24.98,7989518,198359902.38,3.04,3.0528
2020-10-12,25.06,25.98,24.71,25.98,11822836,300579115.2,4.4986,4.0032
2020-10-13,25.83,25.86,25.41,25.52,8031944,205366989.72,3.0562,-1.7706
2020-10-14,25.66,26.3,25.38,25.55,7480908,192516902.25,2.8465,0.1176
2020-10-15,25.49,27.15,25.02,26.6,16598454,436631076.0,6.3157,4.1096
2020-10-16,26.6,26.6,25.32,25.89,10004448,259585673.63,3.8067,-2.6692
2020-10-19,25.93,26.93,25.63,26.47,11186440,295782448.36,4.2565,2.2402
2020-10-20,26.3,26.53,25.33,26.14,8238820,212760154.2,3.1349,-1.2467
2020-10-21,26.14,26.14,25.2,25.23,5640920,143918476.38,2.1464,-3.4813
2020-10-22,25.2,25.5,24.71,25.25,3954680,99523350.2,1.5048,0.0793
2020-10-23,25.32,25.75,24.81,24.92,4817099,122084140.75,1.8329,-1.3069
2020-10-26,24.71,25.25,24.55,24.91,3524260,87815961.2,1.341,-0.0401
2020-10-27,24.71,25.6,24.71,25.6,4639860,117529099.4,1.7655,2.77
2020-10-28,25.46,25.55,24.76,25.36,5071760,127817257.0,1.9298,-0.9375
2020-10-29,24.9,25.25,23.96,24.06,6508934,160413947.7,2.4767,-5.1262
2020-10-30,24.24,24.74,23.5,23.5,6021660,144973754.8,2.2913,-2.3275
2020-11-02,23.57,24.15,23.3,24.08,4898166,116663935.26,1.8638,2.4681
2020-11-03,24.15,24.71,24.09,24.58,3607944,88408865.32,1.3728,2.0764
2020-11-04,24.7,24.85,24.14,24.73,3248084,79762317.36,1.2359,0.6103
2020-11-05,24.81,25.23,24.44,25.13,4405187,109768252.4,1.6762,1.6175
2020-11-06,25.08,25.67,24.85,25.3,4920431,124103658.74,1.8722,0.6765
2020-11-09,25.3,26.07,25.07,26.0,6922833,178489116.96,2.6342,2.7668
2020-11-10,25.8,25.99,25.4,25.61,4487700,115173255.8,1.7076,-1.5
2020-11-11,25.61,25.67,24.41,24.47,4679747,116396812.95,1.7807,-4.4514
2020-11-12,24.42,24.8,24.16,24.31,2878840,70189876.4,1.0954,-0.6539
2020-11-13,24.2,24.81,23.92,24.7,2844633,69623041.46,1.0824,1.6043
2020-11-16,24.69,24.87,24.32,24.57,2247162,55117745.38,0.855,-0.5263
2020-11-17,24.57,24.67,23.85,24.3,2897530,69948020.5,1.1025,-1.0989
2020-11-18,24.28,24.75,24.08,24.18,2366800,57569556.9,0.9006,-0.4938
2020-11-19,24.19,24.72,23.83,24.65,3509400,85666430.12,1.3353,1.9438
2020-11-20,24.7,24.98,24.22,24.35,3332820,81461256.4,1.2681,-1.217
2020-11-23,24.48,24.48,23.9,24.03,3940900,94964949.8,1.4995,-1.3142
2020-11-24,24.05,24.21,23.52,23.59,5634880,134197049.2,2.1441,-1.831
2020-11-25,23.63,24.06,23.5,23.63,3788760,90047540.4,1.4416,0.1696
2020-11-26,23.58,23.75,23.22,23.24,3519096,82331188.52,1.339,-1.6504
2020-11-27,23.26,23.62,23.1,23.56,3248362,76056490.37,1.236,1.3769
2020-11-30,23.79,23.79,23.2,23.32,4243374,99193556.92,1.6146,-1.0187
2020-12-01,23.22,23.57,23.22,23.4,2553900,59752386.6,0.9718,0.3431
2020-12-02,23.4,23.72,23.34,23.44,3669980,86397657.0,1.3964,0.1709
2020-12-03,23.58,23.66,23.26,23.33,3193820,74787739.0,1.2153,-0.4693
2020-12-04,23.29,23.58,23.2,23.37,2041297,47636036.39,0.7767,0.1715
2020-12-07,23.37,23.52,22.74,22.78,3502700,80906900.7,1.3328,-2.5246
2020-12-08,22.89,22.92,22.6,22.72,2493240,56754083.8,0.9487,-0.2634
2020-12-09,22.75,22.77,21.77,21.81,4687599,103930948.94,1.7836,-4.0053
2020-12-10,21.83,22.12,21.61,22.08,2510951,54977956.03,0.9554,1.238
2020-12-11,22.2,22.24,21.41,21.63,2538520,55097805.0,0.9659,-2.038
2020-12-14,21.68,21.88,21.43,21.77,1683481,36564551.58,0.6406,0.6472
2020-12-15,21.82,22.25,21.75,21.88,2290120,50307436.8,0.8714,0.5053
2020-12-16,21.94,21.94,21.26,21.47,2652308,56962537.36,1.0092,-1.8739
2020-12-17,21.44,22.02,20.93,22.0,3422860,73638676.4,1.3024,2.4686
2020-12-18,21.9,22.08,21.71,21.85,2318560,50663660.4,0.8822,-0.6818
2020-12-21,21.75,21.97,21.48,21.89,2254540,49151987.4,0.8579,0.1831
2020-12-22,21.82,21.88,21.11,21.16,2919446,62778270.98,1.1109,-3.3349
2020-12-23,21.1,21.5,21.1,21.48,2343520,49995245.2,0.8917,1.5123
2020-12-24,21.49,22.88,21.39,22.41,6828286,152761303.06,2.5982,4.3296
2020-12-25,22.23,22.37,21.72,21.93,3886080,85299167.2,1.4787,-2.1419
2020-12-28,21.8,22.06,21.16,21.2,3643120,77884077.4,1.3862,-3.3288
2020-12-29,21.31,22.5,21.29,21.86,4145714,91322102.14,1.5775,3.1132
2020-12-30,21.8,22.38,21.6,22.25,2700634,59734629.82,1.0276,1.7841
2020-12-31,22.27,22.77,22.27,22.73,3505835,79325301.56,1.334,2.1573
2021-01-04,22.81,23.71,22.76,23.2,6028312,140420923.36,2.2938,2.0678
2021-01-05,23.1,23.95,22.78,23.5,7136833,166660534.61,2.7156,1.2931
2021-01-06,23.1,23.29,22.74,22.76,4629797,106154347.6,1.757,-3.1489
2021-01-07,22.77,22.91,22.1,22.35,3822960,85580135.4,1.4296,-1.8014
2021-01-08,22.26,22.77,21.78,22.53,3172769,70878551.73,1.1865,0.8054
2021-01-11,23.89,25.55,23.86,24.04,14699070,361480627.07,5.4969,6.7022
2021-01-12,24.04,24.66,23.5,24.31,9499229,231027689.79,3.5524,1.1231
2021-01-13,24.32,25.25,23.83,25.21,11194110,277799567.0,4.1862,3.7022
2021-01-14,24.92,25.57,24.6,24.81,8002659,200757584.41,2.9927,-1.5867
2021-01-15,24.81,25.09,24.1,24.4,5049212,123817114.6,1.8882,-1.6526
2021-01-18,24.55,25.96,24.55,25.82,10125605,256864322.43,3.7866,5.8197
2021-01-19,25.61,25.95,25.06,25.19,7149512,181076871.64,2.6736,-2.44
2021-01-20,25.08,25.25,24.59,25.05,4993626,124526928.42,1.8674,-0.5558
2021-01-21,25.05,25.48,24.78,24.95,5493700,138082963.6,2.0544,-0.3992
2021-01-22,24.72,24.8,23.78,24.04,6595589,159408974.74,2.4665,-3.6473
2021-01-25,23.8,24.37,23.58,23.6,4519860,108482202.74,1.6903,-1.8303
2021-01-26,23.51,23.79,23.4,23.66,3468980,81936557.8,1.2973,0.2542
2021-01-27,23.75,23.76,22.72,22.77,4752780,109291251.5,1.7774,-3.7616
2021-01-28,22.5,22.98,22.18,22.3,3339986,75202788.98,1.249,-2.0641
2021-01-29,22.5,22.72,21.59,21.87,3848000,84933561.84,1.439,-1.9283
2021-02-01,21.55,22.4,21.55,22.35,2969827,65434282.58,1.1106,2.1948
2021-02-02,22.35,22.61,21.86,22.4,4141692,91931859.21,1.5488,0.2237
2021-02-03,22.33,22.33,21.69,22.03,3483510,76412761.49,1.3027,-1.6518
2021-02-04,22.03,22.33,21.0,22.32,4923199,106342397.14,1.8411,1.3164
2021-02-05,22.09,22.35,21.51,21.82,2981202,65170439.3,1.1149,-2.2401
2021-02-08,21.82,21.92,21.38,21.66,1621298,35249227.08,0.6063,-0.7333
2021-02-09,21.56,22.61,21.56,22.37,3135055,69446330.0,1.1724,3.2779
2021-02-10,22.26,22.42,22.15,22.3,1773006,39486199.42,0.663,-0.3129
2021-02-18,22.41,22.9,22.41,22.51,2930305,66305781.6,1.0958,0.9417
2021-02-19,22.53,23.03,22.45,23.03,3122210,71136693.54,1.1676,2.3101
2021-02-22,23.0,23.05,22.66,22.79,3554658,81062693.01,1.3293,-1.0421
2021-02-23,22.62,22.64,22.12,22.24,3001182,67050049.26,1.1223,-2.4133
2021-02-24,22.25,22.7,22.03,22.19,2697479,60345355.83,1.0088,-0.2248
2021-02-25,22.69,24.27,22.68,23.17,8232781,192204834.49,3.0787,4.4164
2021-02-26,22.36,23.11,22.36,22.48,4893202,110628347.5,1.8299,-2.978
2021-03-01,22.41,22.94,22.41,22.91,3116180,70778594.6,1.1653,1.9128
2021-03-02,22.9,23.44,22.56,23.29,4661839,107287030.83,1.7434,1.6587
2021-03-03,23.08,23.62,22.9,23.42,3665537,85440604.9,1.3708,0.5582
2021-03-04,23.29,23.43,22.77,22.83,3542393,81743716.93,1.3247,-2.5192
2021-03-05,22.61,23.45,22.52,23.35,2963920,68489347.36,1.1084,2.2777
2021-03-08,23.47,23.88,22.86,22.87,3530980,82446477.27,1.3205,-2.0557
2021-03-09,22.8,23.16,21.58,22.32,4234499,94786661.06,1.5835,-2.4049
2021-03-10,22.65,22.71,21.99,22.02,2331390,51754178.8,0.8719,-1.3441
2021-03-11,22.04,22.28,21.81,22.24,1933114,42665153.2,0.7229,0.9991
2021-03-12,22.29,22.29,21.63,21.66,2443760,53592825.6,0.9139,-2.6079
2021-03-15,21.66,21.76,21.12,21.23,2453718,52403851.88,0.9176,-1.9852
2021-03-16,21.22,21.47,21.2,21.35,1541834,32857162.3,0.5766,0.5652
2021-03-17,21.34,21.62,21.15,21.49,1169080,25115587.4,0.4372,0.6557
2021-03-18,21.5,21.77,21.26,21.53,1587540,34123817.7,0.5937,0.1861
2021-03-19,21.32,21.6,21.19,21.55,1388150,29697494.5,0.5191,0.0929
2021-03-22,21.47,22.08,21.47,21.97,1943010,42492344.07,0.7266,1.949
2021-03-23,22.01,22.32,21.76,21.85,1911706,42124544.52,0.7149,-0.5462
2021-03-24,21.85,22.54,21.75,22.4,2370053,52462984.83,0.8863,2.5172
2021-03-25,22.21,22.47,22.04,22.31,1949436,43454048.36,0.729,-0.4018
2021-03-26,22.29,23.1,22.28,22.97,3905189,88872104.74,1.4604,2.9583
2021-03-29,25.25,25.55,23.76,23.94,13204959,324449458.06,4.9382,4.2229
2021-03-30,24.04,24.57,23.9,24.52,9234061,224549147.7,3.4532,2.4227
2021-03-31,24.21,24.78,24.21,24.65,5768147,141536820.37,2.1571,0.5302
2021-04-01,24.44,25.08,24.43,24.9,5221560,129773992.8,1.9527,1.0142
2021-04-02,24.51,25.18,24.51,24.8,4694680,116661882.6,1.7556,-0.4016
2021-04-06,24.9,25.5,24.73,25.3,6364767,160421708.25,2.3802,2.0161
2021-04-07,25.13,25.43,24.99,25.15,3831860,96585501.4,1.433,-0.5929
2021-04-08,25.14,25.87,25.13,25.41,4858839,124070144.38,1.817,1.0338
2021-04-09,25.32,25.6,25.07,25.19,4296870,108567657.6,1.6069,-0.8658
2021-04-12,25.25,25.8,24.88,25.03,4348520,110373898.0,1.6262,-0.6352
2021-04-13,24.93,25.17,24.65,24.75,3334725,82793777.37,1.2471,-1.1187
2021-04-14,24.81,25.35,24.73,25.25,3141420,78880490.3,1.1748,2.0202
2021-04-15,25.16,25.51,25.0,25.31,2700524,68280745.18,1.0099,0.2376
2021-04-16,25.3,25.58,25.2,25.46,2323740,59074909.8,0.869,0.5927
2021-04-19,25.71,25.76,25.01,25.6,4613456,117580143.7,1.7253,0.5499
2021-04-20,25.53,25.86,25.21,25.4,3892580,99599544.04,1.4557,-0.7813
2021-04-21,25.25,26.5,25.11,25.46,6406884,165407165.14,2.3959,0.2362
2021-04-22,25.18,26.01,25.1,25.95,6493942,166460191.14,2.4285,1.9246
2021-04-23,25.82,26.0,25.06,25.2,4210860,107099740.36,1.5747,-2.8902
2021-04-26,25.25,26.2,25.1,25.58,6317632,162269648.95,2.3626,1.5079
2021-04-27,25.58,25.72,24.4,25.08,6283832,156605727.74,2.3499,-1.9547
2021-04-28,25.19,25.43,24.82,25.04,3879404,97409363.32,1.4507,-0.1595
2021-04-29,24.81,25.88,24.81,25.54,4845251,123449575.27,1.8119,1.9968
2021-04-30,25.45,26.2,25.33,25.8,5162828,133794673.77,1.9307,1.018
2021-05-06,25.91,27.16,25.71,26.81,7263883,193627760.78,2.7164,3.9147
2021-05-07,26.6,26.7,25.8,25.81,6059319,157987190.15,2.266,-3.73
2021-05-10,25.61,25.79,24.0,25.0,8514458,209626806.1,3.1841,-3.1383
2021-05-11,24.66,25.11,24.42,25.0,3757634,93162531.26,1.4052,0.0
2021-05-12,24.93,26.36,24.78,26.23,5614451,143871995.85,2.0996,4.92
2021-05-13,25.95,26.43,25.76,25.85,2731908,71166754.68,1.0216,-1.4487
2021-05-14,26.15,27.15,25.87,26.9,5761414,153388981.21,2.1545,4.0619
2021-05-17,27.08,27.88,26.92,27.08,6433362,175948094.08,2.3829,0.6691
2021-05-18,26.9,27.75,26.6,27.35,3797149,103546581.68,1.4064,0.997
2021-05-19,27.66,29.0,27.21,28.85,8552068,242953326.6,3.1676,5.4845
2021-05-20,28.94,28.94,28.21,28.48,5452655,155539724.98,2.0196,-1.2825
2021-05-21,28.28,29.24,28.28,28.72,5548736,159409655.74,2.0552,1.7357
2021-05-24,28.48,29.1,27.73,28.95,5651727,161577221.51,2.0933,0.8008
2021-05-25,28.86,29.24,28.5,29.0,5127588,148405308.16,1.8992,0.1727
2021-05-26,29.0,31.25,29.0,30.5,8289957,253020040.81,3.0705,5.1724
2021-05-27,30.44,30.98,30.02,30.5,5719047,174052359.48,2.1183,0.0
2021-05-28,30.58,31.19,30.33,30.93,4673527,143829419.84,1.731,1.4098
2021-05-31,31.0,31.6,30.2,31.45,6154948,191203956.86,2.2797,1.6812
2021-06-01,31.58,31.6,30.65,30.7,5140359,159404764.44,1.9039,-2.3847
2021-06-02,30.65,31.09,30.33,30.62,3915040,120245200.0,1.4501,-0.2606
2021-06-03,30.62,31.18,29.93,29.99,4695513,143077143.23,1.7392,-2.0575
2021-06-04,30.12,30.79,29.5,30.42,4532464,137322185.44,1.6788,1.4338
2021-06-07,30.68,31.49,30.31,30.54,3453395,106563511.91,1.2791,0.3945
2021-06-08,30.43,31.1,30.08,30.66,3154444,96561424.87,1.1684,0.3929
2021-06-09,30.79,31.48,30.1,30.39,3636410,111476138.02,1.3469,-0.8806
2021-06-10,30.3,30.85,30.1,30.61,4013129,122411147.85,1.4864,0.7239
2021-06-11,30.88,31.03,30.0,30.22,3699940,112535248.64,1.3704,-1.2741
2021-06-15,30.22,32.28,29.8,32.1,7819719,246455908.47,2.8963,6.221
2021-06-16,31.8,32.28,30.5,30.54,5122904,160126423.82,1.8975,-4.8598
2021-06-17,30.9,35.66,30.89,35.3,13664169,465459492.5,5.0611,15.5861
2021-06-18,34.52,35.4,33.18,34.1,9809346,334086308.52,3.6333,-3.3994
2021-06-21,33.8,34.29,33.02,34.01,7455879,251870445.76,2.7616,-0.2639
2021-06-22,34.03,34.15,32.6,33.17,6907564,228319714.16,2.5585,-2.4699
2021-06-23,32.8,33.9,32.5,33.6,5789184,192979176.73,2.1443,1.2964
2021-06-24,33.6,34.64,32.81,34.53,7362650,250610423.91,2.7271,2.7679
2021-06-25,34.18,34.33,32.98,33.59,6725773,225049803.22,2.4912,-2.7223
2021-06-28,33.73,33.86,33.0,33.69,4108875,137514992.12,1.5219,0.2977
2021-06-29,33.69,33.8,31.79,31.9,7637324,246500309.57,2.8288,-5.3131
2021-06-30,31.8,34.51,31.68,34.11,7555231,254036518.72,2.7984,6.9279
2021-07-01,34.11,34.48,32.05,32.3,7081489,235533507.72,2.6229,-5.3064
2021-07-02,32.36,33.36,32.15,32.43,4967131,162221900.64,1.8398,0.4025
2021-07-05,32.33,32.66,30.8,31.9,7300007,230785659.22,2.7039,-1.6343
2021-07-06,31.9,32.07,30.66,31.25,4667230,144935067.44,1.7287,-2.0376
2021-07-07,30.86,31.8,30.6,31.58,3364385,105455325.7,1.2461,1.056
2021-07-08,31.49,33.8,31.2,32.73,6235817,204301809.49,2.306,3.6415
2021-07-09,32.38,32.47,30.91,31.6,4972843,156341419.81,1.839,-3.4525
2021-07-12,31.88,32.12,30.99,31.5,4229677,133648442.41,1.5642,-0.3165
2021-07-13,31.49,32.24,30.4,30.71,4975404,153925292.98,1.8399,-2.5079
2021-07-14,30.61,31.38,30.3,30.5,5181820,159220579.72,1.9163,-0.6838
2021-07-15,30.52,30.78,29.88,30.22,3692915,111713421.58,1.3657,-0.918
2021-07-16,30.24,31.14,30.0,30.52,3828829,117191038.42,1.4159,0.9927
2021-07-19,30.62,32.61,30.6,31.3,7110885,225064229.93,2.6296,2.5557
2021-07-20,31.3,31.68,30.81,31.42,3698288,115529361.2,1.3676,0.3834
2021-07-21,31.5,34.35,31.29,33.01,8976191,296428421.03,3.3194,5.0605
2021-07-22,33.69,33.95,32.42,33.35,6356399,209911273.66,2.3506,1.03
2021-07-23,33.0,33.18,32.35,32.94,4280258,140409985.6,1.5829,-1.2294
2021-07-26,32.66,33.34,31.43,32.31,4883133,158033220.53,1.8058,-1.9126
2021-07-27,32.57,34.45,32.03,32.86,7848129,263356391.67,2.9023,1.7023
2021-07-28,32.45,33.23,30.8,32.59,6020715,194135136.02,2.2265,-0.8217
2021-07-29,33.25,33.89,32.75,33.8,6966137,233439096.76,2.5761,3.7128
2021-07-30,33.57,34.01,32.72,33.26,5316520,176151562.92,1.9661,-1.5976
2021-08-02,33.6,35.6,33.6,35.53,10697207,373396759.15,3.9559,6.825
2021-08-03,35.27,37.48,35.02,36.36,10436786,383499285.8,3.8596,2.3361
2021-08-04,36.65,39.44,36.6,39.2,10136813,390821414.28,3.7486,7.8108
2021-08-05,39.19,39.48,38.2,38.36,6372816,246178966.76,2.3567,-2.1429
2021-08-06,38.67,38.77,36.48,37.11,5629603,209274719.07,2.0819,-3.2586
2021-08-09,36.88,37.49,35.86,36.7,3893354,142143897.91,1.4398,-1.1048
2021-08-10,36.48,38.25,36.43,37.4,5346851,199902561.26,1.9773,1.9074
2021-08-11,37.95,39.31,36.4,38.75,6735980,257898599.88,2.491,3.6096
2021-08-12,38.75,39.6,37.72,38.86,6116778,236517505.57,2.262,0.2839
2021-08-13,38.88,46.62,38.41,46.06,18114265,782332422.26,6.6988,18.528
2021-08-16,44.06,46.45,42.62,45.98,13229914,588660391.0,4.8925,-0.1737
2021-08-17,45.69,52.11,45.31,49.0,14540078,715488215.55,5.377,6.5681
2021-08-18,48.97,50.5,47.8,49.46,8550887,420212414.34,3.1622,0.9388
2021-08-19,49.17,50.79,47.6,49.59,8100615,396007884.96,2.9957,0.2628
2021-08-20,48.52,49.1,47.29,48.92,6062347,292629235.74,2.2419,-1.3511
2021-08-23,47.54,50.06,46.5,50.05,8987638,436174070.58,3.3142,2.3099
2021-08-24,49.99,51.45,48.31,49.16,5599055,278248101.97,2.0646,-1.7782
2021-08-25,48.2,49.3,47.65,48.85,3487288,168334030.68,1.2859,-0.6306
2021-08-26,48.85,50.48,46.5,46.6,6432694,308128911.77,2.372,-4.6059
2021-08-27,46.19,47.9,45.8,46.95,4946656,232346618.68,1.8241,0.7511
2021-08-30,47.88,47.88,44.86,45.5,5973373,274011465.25,2.2027,-3.0884
2021-08-31,45.75,45.86,43.2,44.38,6325397,279349213.57,2.3325,-2.4615
2021-09-01,44.3,44.44,41.25,42.53,6236437,265981679.52,2.2997,-4.1685
2021-09-02,42.54,42.85,41.38,42.05,4398318,184774888.26,1.6219,-1.1286
2021-09-03,42.05,43.86,41.08,42.97,8182951,350707266.47,3.0174,2.1879
2021-09-06,43.21,46.96,42.18,46.22,6491834,289842921.83,2.3939,7.5634
2021-09-07,45.66,45.7,42.97,43.89,6908538,303840644.96,2.5475,-5.0411
2021-09-08,43.25,45.12,43.25,43.97,3833841,169622519.9,1.4137,0.1823
2021-09-09,43.75,43.82,41.5,42.5,3749080,159026456.42,1.3825,-3.3432
2021-09-10,42.68,43.59,41.7,43.23,2929867,125046616.12,1.0804,1.7176
2021-09-13,43.27,43.45,40.7,42.05,5347744,221683402.15,1.972,-2.7296
2021-09-14,42.4,42.8,40.87,41.05,3580143,149199620.99,1.3202,-2.3781
2021-09-15,41.11,41.43,40.2,40.56,2765456,112293985.5,1.0198,-1.1937
2021-09-16,40.73,42.28,40.07,40.19,3002824,124345918.9,1.1073,-0.9122
2021-09-17,40.6,42.56,40.19,41.91,4030792,166991567.37,1.4863,4.2797
2021-09-22,40.89,42.88,39.41,42.34,3681434,151791631.7,1.3575,1.026
2021-09-23,42.0,43.3,41.88,42.5,3620165,153881325.24,1.3349,0.3779
2021-09-24,42.59,43.18,41.5,41.56,3031803,128646642.25,1.118,-2.2118
2021-09-27,41.86,42.9,40.89,41.39,2266428,95111032.82,0.8357,-0.409
2021-09-28,41.01,44.8,41.01,43.88,6089512,266027946.0,2.2455,6.0159
2021-09-29,43.34,43.99,41.5,42.91,3662277,155899676.26,1.3505,-2.2106
2021-09-30,42.91,44.46,42.31,42.45,2963224,127687021.75,1.0927,-1.072
2021-10-08,42.93,42.96,41.08,41.12,2395147,100067509.86,0.8832,-3.1331
2021-10-11,41.0,42.91,40.1,42.16,2999319,125811710.88,1.106,2.5292
2021-10-12,41.75,42.03,37.25,37.8,7458908,292191904.82,2.7454,-10.3416
2021-10-13,38.37,38.92,36.83,38.68,4669999,177735736.99,1.7189,2.328
2021-10-14,38.7,41.18,38.3,39.23,5452035,218357890.9,2.0067,1.4219
2021-10-15,39.0,41.3,38.9,40.66,3738199,151741767.37,1.3759,3.6452
2021-10-18,40.97,41.16,38.0,38.48,5326260,207432155.6,1.9604,-5.3615
2021-10-19,38.53,39.68,38.28,39.28,3470300,135610446.02,1.2773,2.079
2021-10-20,39.34,39.53,38.42,38.72,1893834,73478777.25,0.6971,-1.4257
2021-10-21,38.54,38.73,37.61,38.03,2055176,78247843.87,0.7564,-1.782
2021-10-22,38.03,38.6,37.47,37.5,2341975,88745018.46,0.862,-1.3936
2021-10-25,37.5,38.4,37.1,38.4,4413013,166696686.66,1.6243,2.4
2021-10-26,38.4,39.94,37.8,38.45,3694558,142997525.58,1.3599,0.1302
2021-10-27,38.6,39.75,38.6,39.6,3902054,153572432.06,1.4362,2.9909
2021-10-28,39.59,39.59,37.81,37.85,2361245,90827466.38,0.8691,-4.4192
2021-10-29,38.35,41.17,37.72,40.39,4787076,190577747.27,1.762,6.7107
2021-11-01,40.75,41.09,39.13,40.55,3856386,154960554.4,1.4194,0.3961
2021-11-02,40.26,42.0,40.25,41.03,3735275,154155899.08,1.3748,1.1837
2021-11-03,40.86,42.3,40.41,41.29,3592258,148777560.32,1.3222,0.6337
2021-11-04,41.09,42.45,40.81,42.01,3309880,138700940.22,1.2183,1.7438
2021-11-05,42.1,43.81,42.06,43.21,4729779,204103586.85,1.7409,2.8565
2021-11-08,43.06,43.2,42.32,43.0,2526512,108082825.15,0.9299,-0.486
2021-11-09,43.04,43.27,41.82,43.0,2667411,113273581.86,0.9818,0.0
2021-11-10,43.0,44.62,42.7,43.91,3461924,151429011.32,1.2742,2.1163
2021-11-11,43.8,44.38,42.32,42.79,3269926,140893794.72,1.2036,-2.5507
2021-11-12,42.32,44.23,42.32,43.87,3411576,149041237.36,1.2557,2.524
2021-11-15,43.97,45.16,43.55,44.42,4013966,178230258.61,1.4774,1.2537
2021-11-16,44.01,44.6,43.61,43.73,2307633,102037198.33,0.8494,-1.5534
2021-11-17,44.09,44.73,42.93,44.5,2679686,117829079.28,0.9863,1.7608
2021-11-18,44.12,44.59,43.25,43.94,2551565,112170115.04,0.9392,-1.2584
2021-11-19,43.8,45.42,43.75,44.92,3287872,147816253.3,1.2102,2.2303
2021-11-22,44.92,47.17,44.71,46.6,4854902,225551771.54,1.7869,3.74
2021-11-23,46.71,48.49,45.01,45.45,4255345,195670160.83,1.5663,-2.4678
2021-11-24,45.22,46.84,43.41,43.59,4463859,200562758.73,1.6423,-4.0924
2021-11-25,44.03,44.4,42.0,42.88,3801779,162320164.54,1.3987,-1.6288
2021-11-26,42.71,43.39,41.14,41.63,2946189,123197292.1,1.0839,-2.9151
2021-11-29,41.0,43.29,40.76,42.91,3072448,129390872.48,1.1304,3.0747
2021-11-30,43.0,45.28,42.81,44.02,4341053,191097265.82,1.5971,2.5868
2021-12-01,44.5,44.68,43.39,44.44,2416890,106639261.51,0.8892,0.9541
2021-12-02,44.7,44.7,43.3,43.6,1899954,82865873.03,0.699,-1.8902
2021-12-03,43.33,44.67,42.8,44.29,2548274,111109601.5,0.9373,1.5826
2021-12-06,44.0,44.49,42.85,42.95,1739239,75518527.5,0.6397,-3.0255
2021-12-07,43.16,43.39,41.0,41.9,2791216,117043591.21,1.0267,-2.4447
2021-12-08,41.9,42.73,41.66,42.38,1021707,43383704.33,0.3758,1.1456
2021-12-09,42.34,42.78,41.76,42.65,2102340,88911773.72,0.7733,0.6371
2021-12-10,42.33,42.64,41.6,41.75,1623722,68053229.35,0.5972,-2.1102
2021-12-13,41.8,42.6,41.19,42.3,2079439,87148279.29,0.7649,1.3174
2021-12-14,41.89,43.38,41.88,42.3,1390528,59391757.3,0.5115,0.0
2021-12-15,42.22,42.82,41.72,41.77,931700,39316215.0,0.3427,-1.253
2021-12-16,41.79,42.24,40.97,41.2,1386111,57287156.74,0.5098,-1.3646
2021-12-17,41.18,41.48,40.44,40.51,1707590,69757646.04,0.6281,-1.6748
2021-12-20,40.2,41.49,40.1,40.44,1436378,58424774.05,0.5283,-0.1728
2021-12-21,40.47,41.25,40.38,40.46,1053942,42799547.36,0.3877,0.0495
2021-12-22,40.64,45.67,40.15,44.77,5368520,234834707.69,1.9747,10.6525
2021-12-23,46.0,46.57,44.6,45.0,7555698,345305453.21,2.7792,0.5137
2021-12-24,45.15,45.35,42.5,43.22,5489313,237942891.02,2.0191,-3.9556
2021-12-27,43.86,45.36,43.01,44.1,4181409,185400945.94,1.538,2.0361
2021-12-28,44.8,45.04,43.84,44.82,2679778,119232792.84,0.9857,1.6327
2021-12-29,44.5,44.82,43.7,44.5,2120732,93605793.42,0.7801,-0.714
2021-12-30,44.3,45.43,43.86,45.12,2304598,103243178.4,0.8477,1.3933
2021-12-31,45.13,46.2,44.5,46.0,2477241,113236374.2,0.9112,1.9504
2022-01-04,46.6,46.66,44.47,44.51,3239434,147774432.59,1.1915,-3.2391
2022-01-05,44.81,45.5,41.57,41.93,3896746,165153299.57,1.4333,-5.7965
2022-01-06,41.86,42.35,41.0,41.51,2180351,90748917.93,0.7937,-1.0017
2022-01-07,41.76,41.76,39.85,40.09,3400978,137608955.37,1.2381,-3.4209
2022-01-10,39.8,40.17,38.68,39.46,4250821,167442280.15,1.3917,-1.5715
2022-01-11,39.39,39.94,38.2,38.47,4104682,159812649.74,1.3439,-2.5089
2022-01-12,38.6,39.39,38.19,39.0,3657891,141773201.44,1.1976,1.3777
2022-01-13,39.31,39.7,37.7,37.7,2617719,100181553.3,0.857,-3.3333
2022-01-14,37.88,40.28,37.17,39.83,5191911,202732620.01,1.6998,5.6499
2022-01-17,40.1,43.76,39.81,42.88,6367093,270860138.46,2.0846,7.6575
2022-01-18,43.25,45.68,42.84,44.0,7196593,319940040.1,2.3561,2.6119
2022-01-19,44.17,45.2,43.0,43.38,4802497,210595642.45,1.5723,-1.4091
2022-01-20,43.39,43.55,41.4,41.52,3760939,157941807.33,1.2313,-4.2877
2022-01-21,41.65,42.27,40.13,40.36,3444967,141075983.71,1.1279,-2.7938
2022-01-24,40.6,40.74,39.78,40.11,1958501,78911559.67,0.6412,-0.6194
2022-01-25,40.27,40.69,39.01,39.11,2364879,93616102.24,0.7743,-2.4931
2022-01-26,39.13,40.23,39.01,39.46,2544293,100763163.46,0.833,0.8949
2022-01-27,39.51,40.5,38.71,39.0,2599109,101868976.75,0.8509,-1.1657
2022-01-28,38.9,39.9,37.52,39.53,3221015,124967096.31,1.0546,1.359
2022-02-07,40.0,40.32,38.27,38.7,3357958,130324010.97,1.0992,-2.0997
2022-02-08,38.98,39.0,37.08,37.61,2777269,104484705.78,0.9091,-2.8165
2022-02-09,37.5,39.3,37.3,39.16,1677010,64480223.08,0.5489,4.1212
2022-02-10,39.02,39.25,38.02,38.29,1952847,74960088.73,0.6392,-2.2217
2022-02-11,38.23,38.29,36.76,37.54,3201160,119302937.43,1.0478,-1.9587
2022-02-14,37.13,37.65,36.01,36.73,2840000,104129136.38,0.9296,-2.1577
2022-02-15,36.76,38.2,36.36,37.85,2567995,96050214.58,0.8406,3.0493
2022-02-16,37.92,39.58,37.39,38.42,2368264,91114088.6,0.7752,1.5059
2022-02-17,38.37,38.87,38.05,38.7,1843147,70889419.61,0.6033,0.7288
2022-02-18,38.5,39.53,38.05,38.67,2192013,85203939.25,0.7175,-0.0775
2022-02-21,38.89,39.76,38.89,39.01,2263492,88835514.16,0.7409,0.8792
2022-02-22,39.18,39.18,37.66,38.1,2087174,79376780.28,0.6832,-2.3327
2022-02-23,38.37,40.88,38.33,40.78,4183933,166826300.0,1.3695,7.0341
2022-02-24,40.5,41.0,39.38,40.28,3321340,133937831.3,1.0871,-1.2261
2022-02-25,40.47,40.9,39.75,40.51,2447887,98820334.96,0.8012,0.571
2022-02-28,40.53,40.84,39.99,40.6,2430008,98333764.0,0.7954,0.2222
2022-03-01,40.85,41.65,39.91,41.4,2997250,123433858.0,0.981,1.9704
2022-03-02,41.36,41.39,39.84,40.3,1814501,73204885.0,0.5939,-2.657
2022-03-03,40.1,40.65,39.86,40.21,1987491,79917212.0,0.6505,-0.2233
2022-03-04,40.09,40.32,39.05,39.35,2349991,93033037.0,0.7692,-2.1388
2022-03-07,39.27,39.28,37.18,37.62,2348085,89223546.0,0.7686,-4.3964
2022-03-08,38.04,38.38,35.63,36.3,3437034,125667049.0,1.125,-3.5088
2022-03-09,36.0,36.89,33.6,35.63,3652727,129541454.0,1.1956,-1.8457
2022-03-10,36.63,37.16,36.17,36.72,1912277,70384301.0,0.6259,3.0592
2022-03-11,36.14,37.23,35.2,37.15,4160249,150401164.0,1.3617,1.171
2022-03-14,36.55,36.87,35.28,35.32,2789635,99830628.0,0.9131,-4.926
2022-03-15,35.18,35.18,33.38,33.54,3541292,120852173.0,1.1591,-5.0396
2022-03-16,34.0,35.34,32.5,34.85,2484480,84446321.0,0.8132,3.9058
2022-03-17,35.0,36.3,35.0,35.21,1901535,67941730.0,0.6224,1.033
2022-03-18,35.1,36.2,35.01,36.2,2544714,90968312.72,0.8329,2.8117
2022-03-21,36.3,37.7,36.01,37.03,2648167,97967716.57,0.8668,2.2928
2022-03-22,36.8,37.39,36.38,36.89,1395000,51418858.4,0.4566,-0.3781
2022-03-23,36.84,37.49,36.41,37.26,1247833,46345072.39,0.4084,1.003
2022-03-24,37.48,37.48,36.5,36.96,1057424,38929438.88,0.3461,-0.8052
2022-03-25,36.92,37.38,36.08,36.18,1255193,45909816.23,0.4108,-2.1104
2022-03-28,36.18,36.18,34.96,35.75,1589583,56404972.83,0.5203,-1.1885
2022-03-29,35.76,36.36,35.35,35.54,831140,29735787.8,0.272,-0.5874
2022-03-30,35.89,36.7,35.25,36.45,1063025,38529672.05,0.3479,2.5605
2022-03-31,36.4,37.32,35.9,36.46,1238965,45269007.84,0.4055,0.0274
2022-04-01,36.09,36.43,35.17,35.35,1842558,65513869.56,0.6031,-3.0444
2022-04-06,35.59,36.04,34.0,34.35,1892455,65609105.0,0.6194,-2.8289
2022-04-07,34.99,35.78,33.66,33.86,2635495,90557027.5,0.8626,-1.4265
2022-04-08,33.57,33.91,32.89,33.1,3021300,100000862.0,0.9889,-2.2445
2022-04-11,33.0,33.08,30.65,31.2,3513909,110360132.39,1.1502,-5.7402
2022-04-12,31.01,32.95,30.5,32.64,3295414,104064877.61,1.0786,4.6154
2022-04-13,32.47,33.15,31.65,32.31,1345856,43636774.08,0.4405,-1.011
2022-04-14,32.44,32.97,31.54,31.79,1283193,41051988.08,0.42,-1.6094
2022-04-15,31.78,31.78,30.23,31.2,2568858,79311712.68,0.8408,-1.8559
2022-04-18,31.6,32.57,30.56,32.51,2095447,66757231.79,0.6859,4.1987
2022-04-19,32.96,33.03,31.2,31.42,1761953,56308682.69,0.5767,-3.3528
2022-04-20,31.38,32.05,31.23,31.45,1340275,42344456.46,0.4387,0.0955
2022-04-21,31.34,31.9,30.7,31.2,1454658,45285178.55,0.4761,-0.7949
2022-04-22,31.05,31.2,29.5,30.19,2455260,74890791.52,0.8036,-3.2372
2022-04-25,29.88,29.88,27.54,27.6,2907442,83320233.1,0.9516,-8.579
2022-04-26,28.16,28.18,26.37,26.71,2502742,68095652.11,0.8192,-3.2246
2022-04-27,27.23,30.17,26.66,29.85,3364177,95679200.23,1.1011,11.7559
2022-04-28,29.97,32.18,29.2,30.54,4178758,128940435.19,1.3678,2.3116
2022-04-29,30.71,32.56,30.6,32.41,2797044,88347483.04,0.9155,6.1231
2022-05-05,32.42,33.89,31.83,32.95,2418981,80343257.26,0.7918,1.6662
2022-05-06,32.0,33.1,31.82,32.43,1419888,46150392.13,0.4648,-1.5781
2022-05-09,32.42,33.52,32.0,33.48,1845276,60845268.58,0.604,3.2377
2022-05-10,33.3,33.98,32.71,33.31,1361152,45824997.1,0.4455,-0.5078
2022-05-11,33.2,35.2,33.2,34.25,2309603,79876292.44,0.756,2.822
2022-05-12,34.3,35.0,33.72,33.91,1822009,62437863.82,0.5964,-0.9927
2022-05-13,33.91,34.37,33.5,33.66,1143185,38635031.7,0.3742,-0.7372
2022-05-16,33.91,34.6,33.68,34.16,1732035,59384520.59,0.5669,1.4854
2022-05-17,34.07,34.44,33.59,34.15,769087,26153766.49,0.2499,-0.0293
2022-05-18,34.55,34.56,33.84,34.2,888631,30441598.46,0.2888,0.1464
2022-05-19,33.78,34.76,33.7,34.73,1119144,38509193.86,0.3636,1.5497
2022-05-20,34.25,35.12,33.6,34.49,2386335,81353437.25,0.7753,-0.691
2022-05-23,34.38,34.4,33.17,34.06,2217901,74530711.47,0.7191,-1.2467
2022-05-24,34.05,34.32,33.03,33.15,2225663,74364624.87,0.7216,-2.6718
2022-05-25,33.0,33.54,32.81,33.31,891060,29590600.8,0.2889,0.4827
2022-05-26,33.9,36.12,32.98,34.04,3800364,130655905.45,1.2322,2.1915
2022-05-27,34.53,34.86,33.8,33.96,2263980,77611260.63,0.7332,-0.235
2022-05-30,34.35,34.71,33.31,34.56,2594283,87935406.44,0.8402,1.7668
2022-05-31,34.8,35.84,34.05,35.67,2891190,101457305.6,0.9364,3.2118
2022-06-01,35.68,36.42,35.16,35.7,2168050,77644127.94,0.7022,0.0841
2022-06-02,25.25,26.18,25.1,26.1,4526825,116722556.87,1.0472,3.2028
2022-06-06,26.0,28.71,25.68,27.97,10294319,287777989.12,2.3815,7.1648
2022-06-07,27.76,28.94,27.5,28.69,5953777,168742116.66,1.3773,2.5742
2022-06-08,28.67,29.0,28.08,28.84,3786117,108148849.29,0.8759,0.5228
2022-06-09,28.7,29.19,28.01,28.8,4559984,130594206.6,1.0549,-0.1387
2022-06-10,28.74,29.05,27.88,28.8,3703880,106056073.43,0.8569,0.0
2022-06-13,28.7,31.68,28.4,30.8,10317985,316432593.18,2.387,6.9444
2022-06-14,30.5,30.5,29.1,29.96,5802614,172759218.69,1.3424,-2.7273
2022-06-15,30.0,31.09,29.84,29.97,4419359,134155474.85,1.0224,0.0334
2022-06-16,29.77,30.16,29.13,29.5,5190885,153396952.95,1.2009,-1.5682
2022-06-17,29.62,31.73,29.22,31.53,9443960,291325357.04,2.1848,6.8814
2022-06-20,31.52,33.88,31.3,33.35,9613348,319838458.62,2.2239,5.7723
2022-06-21,33.88,33.88,31.61,31.75,7483162,241522206.63,1.7311,-4.7976
2022-06-22,32.2,32.48,31.68,31.7,6012382,192544453.26,1.3909,-0.1575
2022-06-23,31.7,35.29,31.59,34.14,12335021,416030050.62,2.8536,7.6972
2022-06-24,34.49,34.97,33.5,34.27,8321945,286404965.6,1.9252,0.3808
2022-06-27,34.25,34.9,32.61,33.04,6644072,220711442.08,1.537,-3.5891
2022-06-28,33.03,33.17,32.32,32.68,7621422,248837661.28,1.7631,-1.0896
2022-06-29,32.81,33.47,32.25,32.99,7649241,251482206.7,1.7696,0.9486
2022-06-30,33.0,34.43,32.18,34.39,8429547,280740103.14,1.9501,4.2437
2022-07-01,34.25,34.25,32.8,33.12,5294353,175604783.31,1.2248,-3.6929
2022-07-04,33.17,36.76,33.17,35.96,16396155,580200917.93,3.7931,8.5749
2022-07-05,35.96,36.66,35.2,35.75,6951982,249538314.58,1.6083,-0.584
2022-07-06,35.75,36.1,34.3,35.11,7176523,251172236.73,1.6602,-1.7902
2022-07-07,34.82,36.5,34.5,35.92,7443076,266289239.44,1.7219,2.307
2022-07-08,36.09,36.2,34.47,34.8,5626734,196312883.4,1.3017,-3.118
2022-07-11,34.61,34.94,33.88,34.5,4622188,158708167.13,1.0693,-0.8621
2022-07-12,34.68,34.97,33.62,33.75,4474082,153175323.28,1.035,-2.1739
2022-07-13,33.95,34.68,33.1,33.72,4467164,150917120.49,1.0334,-0.0889
2022-07-14,33.78,36.3,33.31,34.8,6756669,238053443.15,1.5631,3.2028
2022-07-15,35.02,36.21,34.23,35.09,5075876,180367140.32,1.1742,0.8333
2022-07-18,35.33,35.33,33.2,34.39,6878610,235307827.4,1.5913,-1.9949
2022-07-19,34.27,36.0,34.01,34.6,5989528,210443436.66,1.3856,0.6106
2022-07-20,34.65,35.63,34.23,34.35,4288079,148914242.86,0.992,-0.7225
2022-07-21,34.17,35.36,33.9,34.02,4727611,162988912.98,1.0937,-0.9607
2022-07-22,34.07,34.88,33.2,33.66,4253392,143583805.72,0.984,-1.0582
2022-07-25,33.68,33.97,32.09,32.79,7848300,256384363.0,1.8156,-2.5847
2022-07-26,32.79,33.09,31.61,32.23,5694608,183034108.16,1.3174,-1.7078
2022-07-27,32.22,33.85,31.8,33.52,5872532,194744539.8,1.3585,4.0025
2022-07-28,33.52,34.2,33.01,33.24,4152774,139665105.63,0.9607,-0.8353
2022-07-29,33.08,34.19,33.06,34.0,5460290,184878892.58,1.2632,2.2864
2022-08-01,34.33,35.57,33.78,34.74,6903646,239303551.88,1.5971,2.1765
2022-08-02,34.49,35.0,33.66,34.39,5535286,190409417.27,1.2805,-1.0075
2022-08-03,34.59,35.99,34.0,35.01,9244402,327050938.65,2.1386,1.8028
2022-08-04,35.3,35.39,33.93,34.28,6327450,218748007.22,1.4638,-2.0851
2022-08-05,34.33,35.73,34.2,35.28,6770624,237837864.79,1.5663,2.9172
2022-08-08,34.68,34.9,33.2,34.49,6928496,237519283.22,1.5987,-2.2392
2022-08-09,34.88,36.27,34.3,36.18,8701724,311095171.69,2.0078,4.9
2022-08-10,35.99,37.66,35.6,37.28,8877270,327771783.99,2.0483,3.0404
2022-08-11,37.18,38.52,37.18,37.84,7415873,280158150.51,1.7111,1.5021
2022-08-12,37.81,37.86,33.2,33.54,15885940,553610253.96,3.6655,-11.3636
2022-08-15,33.55,33.66,32.5,33.1,9479741,312931488.3,2.1873,-1.3119
2022-08-16,33.39,34.16,32.7,32.93,5824018,193559539.5,1.3438,-0.5136
2022-08-17,32.92,33.05,31.37,32.34,13293009,425415546.39,3.0672,-1.7917
2022-08-18,32.3,34.15,32.01,33.89,6599862,220081092.64,1.5228,4.7928
2022-08-19,33.77,34.3,33.12,33.17,5008920,168920667.06,1.1557,-2.1245
2022-08-22,33.17,33.17,31.68,31.91,7468101,239403276.64,1.7232,-3.7986
2022-08-23,31.96,32.08,31.36,31.55,5913761,186877857.22,1.3645,-1.1282
2022-08-24,31.85,31.85,30.0,30.16,9553687,291632793.47,2.2044,-4.4057
2022-08-25,30.25,30.67,29.55,30.18,5331402,160123456.38,1.2302,0.0663
2022-08-26,30.2,31.69,30.2,30.81,4879603,151540103.28,1.1259,2.0875
2022-08-29,30.4,33.39,30.0,32.66,7283656,237429506.32,1.6806,6.0045
2022-08-30,32.72,34.22,32.45,32.84,5355941,178326078.05,1.2358,0.5511
2022-08-31,32.65,33.14,30.98,31.58,6011604,190789286.73,1.3871,-3.8368
2022-09-01,31.67,32.09,30.9,31.18,2982516,93517207.16,0.6882,-1.2666
2022-09-02,31.15,33.2,30.93,32.51,4387066,140757665.23,1.0123,4.2656
2022-09-05,32.4,32.87,31.7,32.22,4002852,129039570.85,0.9236,-0.892
2022-09-06,32.23,33.52,32.05,33.31,4706044,155214147.1,1.0859,3.383
2022-09-07,32.96,35.34,32.83,35.0,8663400,300581174.64,1.999,5.0736
2022-09-08,35.09,35.37,34.01,34.16,3575500,123289224.84,0.825,-2.4
2022-09-09,34.1,34.2,33.4,33.7,2024043,68325438.47,0.467,-1.3466
2022-09-13,33.99,34.7,33.66,34.23,2094286,71595062.63,0.4832,1.5727
2022-09-14,34.07,34.07,33.04,33.22,2434513,81202871.18,0.5606,-2.9506
2022-09-15,33.04,33.56,31.7,32.42,6059130,196642460.37,1.3952,-2.4082
2022-09-16,32.39,32.55,31.4,31.61,4630197,147137671.41,1.0662,-2.4985
2022-09-19,31.5,31.9,30.6,31.07,4099491,127244382.08,0.944,-1.7083
2022-09-20,31.31,32.65,31.18,32.35,3759120,121015936.1,0.8656,4.1197
2022-09-21,32.29,32.52,31.74,32.06,2518461,80874194.28,0.5799,-0.8964
2022-09-22,32.02,32.95,31.65,32.46,3599703,116780542.11,0.8289,1.2477
2022-09-23,32.8,32.8,30.91,31.54,4056294,128051170.87,0.934,-2.8343
2022-09-26,31.03,32.38,30.5,31.94,3710294,118185356.66,0.8543,1.2682
2022-09-27,32.2,32.46,31.14,31.74,2549577,80913371.05,0.5871,-0.6262
2022-09-28,31.84,31.87,30.53,30.61,2383247,73738122.81,0.5488,-3.5602
2022-09-29,30.96,31.53,30.66,31.27,1846244,57688211.34,0.4251,2.1562
2022-09-30,31.14,31.16,29.8,30.3,3450773,104813804.73,0.7946,-3.102
2022-10-10,29.88,30.29,28.77,29.7,3354936,98409426.01,0.7725,-1.9802
2022-10-11,29.82,30.18,28.85,29.07,1981963,58262376.22,0.4564,-2.1212
2022-10-12,28.79,30.0,28.53,29.9,4501621,131840224.32,1.0366,2.8552
2022-10-13,29.51,30.34,29.5,29.7,2389715,71831165.42,0.5503,-0.6689
2022-10-14,29.95,30.78,29.26,30.69,2976228,90097197.07,0.7051,3.3333
2022-10-17,30.66,31.69,30.1,31.01,2126811,65840376.87,0.5039,1.0427
2022-10-18,31.02,31.74,30.8,31.14,3854856,120762706.8,0.9133,0.4192
2022-10-19,31.29,32.0,31.07,31.6,3321780,105516136.85,0.787,1.4772
2022-10-20,31.29,31.58,30.2,30.43,3751604,114907631.76,0.8888,-3.7025
2022-10-21,30.25,30.75,29.91,30.41,2382348,72330903.22,0.5644,-0.0657
2022-10-24,30.51,32.19,30.49,31.56,5545737,175581985.97,1.3139,3.7817
2022-10-25,31.31,32.23,30.87,32.02,5631656,178484212.9,1.3342,1.4575
2022-10-26,31.91,33.07,31.53,32.41,4932602,160171262.89,1.1686,1.218
2022-10-27,32.45,32.68,31.7,31.78,3162952,101404332.95,0.7494,-1.9438
2022-10-28,31.78,31.99,31.15,31.3,2543991,80679752.8,0.6027,-1.5104
2022-10-31,31.09,32.14,31.01,31.79,2920945,92907266.3,0.692,1.5655
2022-11-01,32.12,32.43,31.3,31.99,4232313,135066248.25,1.0026,0.6291
2022-11-02,32.38,32.94,31.79,32.24,4236393,137191136.59,1.0036,0.7815
2022-11-03,31.98,32.67,31.66,32.42,4164140,134059218.4,0.9865,0.5583
2022-11-04,32.38,32.38,30.7,32.1,8694484,275178719.86,2.0597,-0.987
2022-11-07,31.2,31.57,29.7,30.75,12348128,376831530.23,2.9251,-4.2056
2022-11-08,30.85,30.85,29.45,29.9,7093923,211893569.05,1.6804,-2.7642
2022-11-09,29.65,30.5,29.4,30.03,4721418,141689771.74,1.1184,0.4348
2022-11-10,29.8,30.2,29.4,29.9,4048305,120647480.58,0.959,-0.4329
2022-11-11,30.24,31.63,30.23,31.16,7129034,221299220.12,1.6886,4.214
2022-11-14,31.15,31.74,30.21,30.45,4262660,130706748.78,1.0096,-2.2786
2022-11-15,30.75,31.4,30.19,30.89,3620248,111809195.09,0.8575,1.445
2022-11-16,31.01,31.34,30.7,30.99,2229181,69072310.11,0.528,0.3237
2022-11-17,31.06,31.06,30.0,30.85,2564003,78141498.37,0.6073,-0.4518
2022-11-18,31.05,31.08,29.85,30.02,4566543,138322746.88,1.0816,-2.6904
2022-11-21,30.03,30.79,29.76,30.38,2650621,80679760.4,0.6278,1.1992
2022-11-22,30.29,30.38,29.58,29.7,3431758,102731711.24,0.8128,-2.2383
2022-11-23,29.7,29.8,28.8,29.72,2631309,77223492.6,0.6232,0.0673
2022-11-24,29.59,29.92,29.4,29.83,1677773,49831790.04,0.3974,0.3701
2022-11-25,29.95,29.95,28.83,29.1,2982385,86832430.6,0.7064,-2.4472
2022-11-28,28.6,29.08,27.91,28.93,5150031,146934620.56,1.2198,-0.5842
2022-11-29,29.01,29.1,28.0,28.77,3116604,89678553.02,0.7381,-0.5531
2022-11-30,28.92,28.93,28.3,28.52,3244692,92605423.32,0.7684,-0.869
2022-12-01,28.63,29.74,28.53,29.38,4277368,125275190.85,1.013,3.0154
2022-12-02,29.25,29.6,28.91,29.01,1614030,47017576.74,0.3822,-1.2594
2022-12-05,28.91,29.14,28.62,29.0,1715208,49462344.79,0.4062,-0.0345
2022-12-06,29.01,29.05,28.41,28.88,2801135,80380803.66,0.6634,-0.4138
2022-12-07,28.72,29.24,28.2,28.96,4208160,121023269.67,0.9966,0.277
2022-12-08,28.85,29.05,28.53,28.84,1968767,56672613.29,0.4663,-0.4144
2022-12-09,28.67,29.23,28.5,29.0,2429075,70123121.43,0.5753,0.5548
2022-12-12,28.89,29.38,28.61,29.16,1170476,33933207.53,0.2772,0.5517
2022-12-13,29.11,29.38,28.77,28.9,1151721,33335034.91,0.2728,-0.8916
2022-12-14,29.03,29.52,28.92,29.08,1490920,43584330.04,0.3531,0.6228
2022-12-15,29.07,29.43,28.85,29.35,1108552,32433890.02,0.2625,0.9285
2022-12-16,29.25,30.2,29.0,29.59,3998900,118811531.62,0.947,0.8177
2022-12-19,29.59,30.17,29.22,30.03,3717465,111223918.96,0.8804,1.487
2022-12-20,30.03,30.38,29.11,29.46,1957892,57918729.37,0.4637,-1.8981
2022-12-21,29.47,29.75,28.72,29.42,2116346,62091295.64,0.5012,-0.1358
2022-12-22,29.42,29.57,28.8,29.08,953979,27737209.48,0.2259,-1.1557
2022-12-23,29.14,29.16,28.69,28.76,821839,23703398.62,0.1946,-1.1004
2022-12-26,28.9,29.68,28.7,29.56,2033796,59730233.04,0.4816,2.7816
2022-12-27,30.0,30.0,29.25,29.47,2418279,71320468.52,0.5726,-0.3045
2022-12-28,29.56,29.7,29.01,29.33,873165,25572172.94,0.2068,-0.4751
2022-12-29,29.11,29.38,28.71,28.73,2018220,58447180.6,0.4779,-2.0457
2022-12-30,28.74,28.89,27.73,27.8,2569847,72609651.53,0.6085,-3.237
2023-01-03,27.8,30.17,27.47,29.61,5974786,174874993.12,1.4147,6.5108
2023-01-04,29.62,30.07,29.28,29.42,2383632,70621062.12,0.5644,-0.6417
2023-01-05,29.28,29.88,28.41,28.79,5343531,153922114.56,1.2653,-2.1414
2023-01-06,28.79,28.88,28.4,28.81,2168525,62349603.22,0.5135,0.0695
2023-01-09,28.87,29.62,28.45,28.46,3554482,103230497.25,0.8417,-1.2149
2023-01-10,28.47,28.68,28.06,28.1,4146358,117183248.32,0.9818,-1.2649
2023-01-11,28.45,28.95,28.31,28.34,3517637,100672354.98,0.8329,0.8541
2023-01-12,28.51,28.66,28.25,28.57,2421990,69067190.71,0.5735,0.8116
2023-01-13,28.6,28.8,27.8,28.22,3117923,87498359.6,0.7383,-1.2251
2023-01-16,28.2,29.32,28.16,28.88,3869815,112057435.37,0.9163,2.3388
2023-01-17,28.88,30.45,28.75,29.58,4072556,121754079.98,0.9643,2.4238
2023-01-18,29.6,29.66,29.12,29.49,1792900,52801071.4,0.4245,-0.3043
2023-01-19,29.34,29.9,29.16,29.86,1964040,58067769.6,0.4651,1.2547
2023-01-20,29.86,30.29,29.7,29.84,2153347,64503444.4,0.5099,-0.067
2023-01-30,30.02,30.94,30.02,30.43,3579068,109135396.56,0.8475,1.9772
2023-01-31,30.25,30.91,30.16,30.64,2485698,76197432.13,0.5886,0.6901
2023-02-01,30.53,30.96,30.33,30.6,2324034,71308949.99,0.5503,-0.1305
2023-02-02,30.75,30.94,30.17,30.19,2106627,64168963.66,0.4988,-1.3399
2023-02-03,30.17,31.12,30.15,30.7,2734468,83896737.8,0.6475,1.6893
2023-02-06,30.62,31.0,30.36,30.68,3401079,104383455.8,0.8051,-0.0651
2023-02-07,30.8,30.9,30.3,30.5,1434947,43734382.1,0.3397,-0.5867
2023-02-08,30.51,30.58,29.9,30.01,1731217,52163615.41,0.4098,-1.6066
2023-02-09,29.95,31.22,29.82,30.91,2991775,91652040.16,0.7082,2.999
2023-02-10,30.91,31.1,30.08,30.45,2855540,87105278.6,0.6759,-1.4882
2023-02-13,30.45,30.85,30.37,30.5,2719396,83102111.92,0.6437,0.1642
2023-02-14,30.67,31.65,30.57,30.81,5201306,161900955.72,1.2312,1.0164
2023-02-15,30.77,31.19,30.7,31.09,3309597,102762626.28,0.7834,0.9088
2023-02-16,31.19,31.27,30.32,30.55,3580167,110634087.41,0.8475,-1.7369
2023-02-17,30.55,30.67,29.54,29.58,3120064,93325256.2,0.7385,-3.1751
2023-02-20,29.5,29.82,29.23,29.55,2306920,68032203.0,0.5461,-0.1014
2023-02-21,29.72,30.23,29.23,29.57,3869722,114846771.1,0.916,0.0677
2023-02-22,29.5,30.1,29.31,29.61,3802500,112906422.67,0.9001,0.1353
2023-02-23,29.8,29.87,29.36,29.7,2505032,74331818.32,0.593,0.304
2023-02-24,29.85,29.85,29.33,29.51,2975555,87934098.73,0.7043,-0.6397
2023-02-27,29.37,30.08,29.05,29.2,5015735,147672467.67,1.1873,-1.0505
2023-02-28,29.59,30.16,29.35,30.1,5392980,161129734.4,1.2766,3.0822
2023-03-01,30.1,32.78,30.02,32.09,15613317,495445171.78,3.6948,6.6113
2023-03-02,32.29,33.28,31.22,31.77,18861369,609571851.49,4.4635,-0.9972
2023-03-03,32.08,33.6,31.58,32.75,18083674,596876300.43,4.2794,3.0847
2023-03-06,33.04,33.04,32.2,32.7,5075295,165130573.65,1.2011,-0.1527
2023-03-07,32.68,32.87,31.69,31.7,4684864,149978765.61,1.1087,-3.0581
2023-03-08,31.71,32.15,31.4,32.0,2847932,90747829.44,0.674,0.9464
2023-03-09,32.17,32.25,31.21,31.43,3600189,113397066.57,0.852,-1.7813
2023-03-10,31.18,31.49,30.76,30.9,3923319,121642168.96,0.9284,-1.6863
2023-03-13,30.7,31.29,30.54,30.93,4549116,140428855.55,1.0765,0.0971
2023-03-14,30.93,31.3,30.62,31.04,4007302,124255150.67,0.9483,0.3556
2023-03-15,31.02,31.18,29.95,30.08,4867534,147963789.94,1.1519,-3.0928
2023-03-16,29.96,30.35,29.31,29.34,3027720,90049199.06,0.7165,-2.4601
2023-03-17,29.54,29.94,29.29,29.46,4090949,120687319.1,0.9681,0.409
2023-03-20,29.48,29.62,28.5,28.96,7269259,210454525.44,1.7202,-1.6972
2023-03-21,28.83,29.44,28.83,29.38,2822347,82465452.53,0.6679,1.4503
2023-03-22,29.29,29.9,29.12,29.85,2891720,85586801.1,0.6843,1.5997
2023-03-23,29.71,30.17,29.67,29.94,2691013,80394280.86,0.6368,0.3015
2023-03-24,29.95,31.25,29.84,30.61,6755846,207807130.24,1.5986,2.2378
2023-03-27,30.7,31.06,29.7,29.91,4587468,138341398.52,1.0855,-2.2868
2023-03-28,29.92,30.02,28.8,28.95,5245455,152809088.92,1.2412,-3.2096
2023-03-29,29.25,29.28,28.61,29.04,3092463,89186155.1,0.7318,0.3109
2023-03-30,29.0,29.05,28.37,28.51,3708084,105943803.58,0.8774,-1.8251
2023-03-31,28.5,29.06,28.31,28.95,4156383,119634247.47,0.9835,1.5433
2023-04-03,28.81,29.39,28.63,29.07,6349626,183899202.09,1.5025,0.4145
2023-04-04,29.3,29.3,28.32,28.8,6154484,176344814.47,1.4563,-0.9288
2023-04-06,28.68,28.68,28.2,28.3,8375128,237519831.26,1.9818,-1.7361
2023-04-07,28.58,28.76,28.06,28.27,4228842,119602867.56,1.0007,-0.106
2023-04-10,28.27,28.69,27.61,27.65,5963068,167020121.8,1.411,-2.1931
2023-04-11,27.85,27.93,27.33,27.9,5074548,140224446.4,1.2008,0.9042
2023-04-12,27.75,28.29,27.7,27.96,4619995,129353166.92,1.0932,0.2151
2023-04-13,27.84,28.11,27.39,27.45,3906462,107856783.17,0.9244,-1.824
2023-04-14,27.45,27.8,26.75,26.91,5725809,154868771.41,1.3549,-1.9672
2023-04-17,26.97,27.17,26.42,26.67,6882882,184083441.91,1.6287,-0.8919
2023-04-18,26.85,27.67,26.55,27.4,7854889,214638977.31,1.8589,2.7372
2023-04-19,27.4,27.4,26.2,26.72,7488231,199788648.04,1.7721,-2.4818
2023-04-20,26.6,27.6,26.6,27.1,7384927,199549097.38,1.7477,1.4222
2023-04-21,27.09,27.32,26.39,26.41,6447000,172083246.0,1.5257,-2.5461
2023-04-24,26.4,26.79,26.11,26.51,4287960,113432027.54,1.0148,0.3786
2023-04-25,26.4,27.11,25.67,26.98,7374983,194466077.23,1.7453,1.7729
2023-04-26,26.76,28.2,26.7,28.15,8452392,233220080.97,2.0003,4.3365
2023-04-27,27.98,28.8,27.62,28.55,6760098,192484232.14,1.5998,1.421
2023-04-28,28.32,29.51,28.29,28.56,4399563,127200010.68,1.0412,0.035
2023-05-04,28.3,28.8,28.03,28.33,2901669,82468964.71,0.6867,-0.8053
2023-05-05,28.48,28.54,27.42,27.91,3252706,90569963.73,0.7698,-1.4825
2023-05-08,27.78,28.25,27.56,27.91,2280076,63555088.24,0.5396,0.0
2023-05-09,27.7,27.93,27.42,27.48,2007103,55455991.19,0.475,-1.5407
2023-05-10,27.3,27.75,27.13,27.41,2011475,55194226.56,0.476,-0.2547
2023-05-11,27.53,29.3,27.48,28.77,5249960,151007599.6,1.234,4.9617
2023-05-12,28.79,28.88,27.06,27.2,4571505,126721971.7,1.0746,-5.4571
2023-05-15,27.3,28.65,27.07,28.61,4757953,133604820.82,1.1181,5.1838
2023-05-16,28.29,28.88,28.03,28.46,3175176,90369759.59,0.7461,-0.5243
2023-05-17,28.3,28.64,28.22,28.42,1668609,47386154.26,0.3921,-0.1405
2023-05-18,28.43,28.9,28.16,28.42,2174762,61986881.8,0.5111,0.0
2023-05-19,28.23,28.64,27.91,28.5,2079389,59064277.7,0.4886,1.2433
2023-05-22,28.35,29.06,28.3,28.57,2433369,69705008.04,0.5718,0.2456
2023-05-23,28.31,29.04,28.16,28.68,2506724,71813112.06,0.5699,0.385
2023-05-24,28.49,28.98,28.41,28.73,1866957,53680262.34,0.4245,0.1743
2023-05-25,28.8,29.1,28.02,28.27,2652646,75410175.2,0.6031,-1.6011
2023-05-26,28.39,28.49,27.92,28.26,1803198,50865899.94,0.41,-0.0354
2023-05-29,28.26,28.68,27.9,27.94,1943102,54755222.24,0.4418,-1.1323
2023-05-30,27.86,28.54,27.73,28.45,2428984,68244832.64,0.5523,1.8253
2023-05-31,28.43,28.52,27.88,28.19,1792410,50445570.04,0.4075,-0.9139
2023-06-01,28.17,28.35,27.9,28.07,1529877,43011965.75,0.3471,-0.4257
2023-06-02,28.19,28.67,28.06,28.48,2565967,72884457.95,0.5822,1.4606
2023-06-05,28.48,28.97,28.48,28.88,3008654,86567203.13,0.6827,1.4045
2023-06-06,28.68,28.87,28.05,28.05,2422652,68483464.98,0.5497,-2.874
2023-06-07,28.0,28.24,27.9,28.11,1124293,31491910.6,0.2551,0.2139
2023-06-08,27.96,28.21,27.71,27.89,1611020,44948021.8,0.3656,-0.7826
2023-06-09,27.95,28.48,27.76,28.46,2503671,70976795.76,0.5681,2.0437
2023-06-12,28.45,30.16,28.34,29.99,8918724,264449482.58,2.0237,5.376
2023-06-13,29.8,29.97,29.19,29.58,3430913,101192591.58,0.7785,-1.3671
2023-06-14,29.6,29.64,28.01,28.93,6147374,175968378.78,1.3949,-2.1974
2023-06-15,28.87,29.35,28.63,29.2,3201199,93090273.42,0.7264,0.9333
2023-06-16,29.01,30.19,28.93,29.8,5109558,151960450.85,1.1594,2.0548
2023-06-19,30.29,32.33,30.2,31.55,12050438,379066799.95,2.7343,5.8725
2023-06-20,31.53,32.2,31.05,31.85,7638435,242090172.24,1.7332,0.9509
2023-06-21,31.55,31.8,31.06,31.32,3731597,117255122.1,0.8467,-1.6641
2023-06-26,31.07,31.66,30.58,31.17,4555689,141964520.57,1.0337,-0.4789
2023-06-27,31.01,31.66,30.68,31.48,4467250,139753526.06,1.0137,0.9945
2023-06-28,31.4,31.55,30.62,30.99,3422889,105758002.1,0.7767,-1.5565
2023-06-29,31.17,32.65,30.77,31.88,7303651,231879962.58,1.6546,2.8719
2023-06-30,31.82,32.8,31.66,32.47,5963606,192737237.27,1.3512,1.8507
2023-07-03,32.71,33.45,31.9,32.11,6508465,211571529.7,1.4744,-1.1087
2023-07-04,32.07,34.51,31.8,34.29,13769220,464417411.6,3.1193,6.7892
2023-07-05,34.12,34.95,32.9,33.18,8700765,292736092.45,1.9711,-3.2371
2023-07-06,32.87,33.46,32.3,32.41,5982471,195793800.66,1.3553,-2.3207
2023-07-07,32.25,33.79,32.23,33.19,8438309,279033950.47,1.9116,2.4067
2023-07-10,33.3,34.28,32.71,32.85,5620391,186527288.72,1.2733,-1.0244
2023-07-11,33.37,34.29,32.69,33.28,10317528,343298421.64,2.337,1.309
2023-07-12,33.29,33.7,32.52,32.67,6045931,200214523.7,1.3694,-1.8329
2023-07-13,32.92,33.22,32.28,32.7,5025933,164099492.19,1.1384,0.0918
2023-07-14,32.71,32.71,31.93,32.08,3520280,113493410.1,0.7974,-1.896
2023-07-17,32.25,32.62,32.01,32.53,3832702,123880052.69,0.8681,1.4027
2023-07-18,32.37,33.28,32.31,32.77,4607040,151618448.4,1.0435,0.7378
2023-07-19,32.76,33.08,32.14,32.35,2098963,68058789.56,0.4754,-1.2817
2023-07-20,32.3,32.45,31.55,31.7,3662874,116787203.7,0.8297,-2.0093
2023-07-21,31.69,32.14,31.6,31.92,2035930,64991880.4,0.4611,0.694
2023-07-24,31.68,32.66,31.58,32.0,1838532,58894412.84,0.4164,0.2506
2023-07-25,32.01,32.69,32.01,32.2,2968572,96083420.01,0.6724,0.625
2023-07-26,32.2,32.39,31.59,31.69,2146842,68252596.78,0.4863,-1.5839
2023-07-27,31.84,32.1,31.0,31.19,2545535,79652166.98,0.5766,-1.5778
2023-07-28,31.0,31.74,30.92,31.4,2447523,76746613.7,0.5544,0.6733
2023-07-31,31.4,32.88,31.37,32.17,3299471,106395116.68,0.7473,2.4522
2023-08-01,32.17,32.68,32.1,32.42,2127139,69035265.21,0.4818,0.7771
2023-08-02,32.3,32.58,31.98,32.13,1692049,54408993.27,0.3833,-0.8945
2023-08-03,32.01,32.23,31.3,31.46,2453335,77431335.74,0.5557,-2.0853
2023-08-04,31.76,32.1,31.26,31.87,1631011,51833334.15,0.3694,1.3032
2023-08-07,32.04,32.55,31.87,32.26,2668270,86202564.0,0.6044,1.2237
2023-08-08,32.27,32.54,31.54,31.77,2597720,83060611.2,0.5885,-1.5189
2023-08-09,31.98,32.26,31.45,31.66,2475516,78580036.16,0.5608,-0.3462
2023-08-10,31.53,31.78,30.37,31.38,5052276,156113516.16,1.1446,-0.8844
2023-08-11,31.5,31.87,31.02,31.24,2208397,69177081.25,0.5003,-0.4461
2023-08-14,31.24,31.57,30.82,31.35,1549985,48153364.56,0.3511,0.3521
2023-08-15,31.32,31.63,30.89,31.02,1328297,41382624.14,0.3009,-1.0526
2023-08-16,30.82,31.2,30.44,30.46,1509170,46295809.0,0.3419,-1.8053
2023-08-17,30.46,32.46,30.3,31.84,4018240,127126337.24,0.9103,4.5305
2023-08-18,31.77,32.14,31.03,31.05,2631499,83176610.58,0.5961,-2.4812
2023-08-21,31.05,31.59,30.46,30.49,2820014,86812523.8,0.6389,-1.8035
2023-08-22,30.88,30.88,30.31,30.76,2444718,74922729.16,0.5538,0.8855
2023-08-23,30.76,30.76,29.96,30.1,2269747,68687115.25,0.5098,-2.1456
2023-08-24,30.09,30.53,29.71,30.25,1733032,52327116.19,0.3893,0.4983
2023-08-25,30.33,30.39,29.74,29.91,1836620,55054032.55,0.4125,-1.124
2023-08-28,31.01,31.28,30.21,30.21,3958774,121021533.36,0.8891,1.003
2023-08-29,30.18,32.2,30.09,31.46,5468754,171688124.5,1.2282,4.1377
2023-08-30,31.69,32.18,31.59,31.65,2630248,83761185.15,0.5907,0.6039
2023-08-31,31.65,31.98,31.45,31.85,1906248,60480655.58,0.4281,0.6319
2023-09-01,31.59,32.15,31.52,31.56,1588240,50309669.78,0.3567,-0.9105
2023-09-04,31.82,31.83,31.08,31.54,2229504,69938631.54,0.5008,-0.0634
2023-09-05,31.31,31.95,31.31,31.51,1828720,57771403.8,0.4108,-0.0951
2023-09-06,31.35,32.13,31.19,31.99,3728420,119042940.24,0.8375,1.5233
2023-09-07,32.02,32.02,31.11,31.15,3114710,97922850.14,0.6996,-2.6258
2023-09-08,31.39,32.42,30.96,32.1,6630963,211774214.9,1.4894,3.0498
2023-09-11,32.19,32.22,30.44,30.7,8335919,257021898.45,1.8724,-4.3614
2023-09-12,30.87,30.87,29.37,30.55,6325199,190662474.94,1.4208,-0.4886
2023-09-13,30.22,30.57,29.81,30.01,3343312,100719507.89,0.7508,-1.7676
2023-09-14,30.05,30.42,29.99,30.04,2012890,60785222.45,0.4521,0.1
2023-09-15,30.12,30.26,29.44,29.7,2647207,78668318.53,0.5945,-1.1318
2023-09-18,29.7,29.88,29.29,29.49,2224508,65809178.89,0.4996,-0.7071
2023-09-19,29.49,29.49,29.08,29.21,1756497,51364734.34,0.3945,-0.9495
2023-09-20,29.21,29.45,29.02,29.07,1672620,48803215.2,0.3756,-0.4793
2023-09-21,29.08,29.32,28.9,28.98,1486972,43216208.34,0.3339,-0.3096
2023-09-22,28.95,29.5,28.76,29.46,2041532,59790422.45,0.4585,1.6563
2023-09-25,29.46,30.0,29.14,29.16,2275371,66910989.88,0.511,-1.0183
2023-09-26,29.06,29.28,28.88,28.98,1558960,45264144.4,0.3501,-0.6173
2023-09-27,28.88,29.19,28.7,28.98,1510975,43746093.98,0.3393,0.0
2023-09-28,29.15,29.4,28.95,29.35,1608176,47092419.88,0.3612,1.2767
2023-10-09,29.47,29.99,29.27,29.95,3022147,89975928.32,0.6787,2.0443
2023-10-10,30.05,30.25,29.88,30.05,2403180,72248290.9,0.5397,0.3339
2023-10-11,30.06,30.75,30.02,30.51,3451715,105280171.39,0.7752,1.5308
2023-10-12,30.6,30.74,30.22,30.3,2142833,65045169.35,0.4812,-0.6883
2023-10-13,30.28,30.43,29.84,29.93,2405653,72433697.91,0.5403,-1.2211
2023-10-16,30.03,30.09,29.16,29.6,3195440,94802720.3,0.7176,-1.1026
2023-10-17,29.69,29.74,29.14,29.63,1963896,57829711.48,0.441,0.1014
2023-10-18,29.59,29.6,28.38,28.61,4624357,133121449.31,1.0384,-3.4425
2023-10-19,28.65,29.1,28.46,28.76,2453197,70823787.32,0.5508,0.5243
2023-10-20,28.67,29.1,28.01,28.02,2807180,79752837.08,0.6303,-2.573
2023-10-23,28.04,28.3,27.45,27.62,2561648,71220533.28,0.5752,-1.4276
2023-10-24,27.66,28.25,27.39,28.06,2710077,75532503.67,0.6085,1.593
2023-10-25,28.8,30.88,28.8,29.98,11564067,346528114.89,2.5966,6.8425
2023-10-26,29.7,30.28,28.71,30.14,5925825,176326168.16,1.3306,0.5337
2023-10-27,30.06,30.45,29.7,30.2,3928783,118509828.56,0.8822,0.1991
2023-10-30,29.95,30.32,29.45,30.21,3245153,97209922.23,0.7287,0.0331
2023-10-31,30.18,30.24,29.7,29.91,2160431,64590362.99,0.4851,-0.993
2023-11-01,29.85,29.94,29.25,29.44,2812433,82877056.68,0.6315,-1.5714
2023-11-02,29.4,29.5,28.58,28.61,3942475,113832488.19,0.8853,-2.8193
2023-11-03,28.81,29.45,28.67,29.26,2833649,82750819.53,0.6363,2.2719
2023-11-06,29.58,30.47,29.35,30.35,5826128,174853088.21,1.3082,3.7252
2023-11-07,30.18,30.85,29.91,30.7,4141278,126407653.08,0.9299,1.1532
2023-11-08,30.75,30.76,30.02,30.13,2349008,71271255.14,0.5275,-1.8567
2023-11-09,30.21,30.41,29.98,30.13,1675098,50537512.78,0.3761,0.0
2023-11-10,30.07,30.35,29.97,30.27,1903912,57521708.64,0.4275,0.4647
2023-11-13,30.45,30.98,30.17,30.92,4763668,146119342.88,1.0696,2.1473
2023-11-14,30.92,31.08,30.69,31.0,4154787,128463593.14,0.9329,0.2587
2023-11-15,31.07,31.67,30.99,31.5,5030834,157775669.42,1.1296,1.6129
2023-11-16,31.25,32.3,31.25,31.85,9313693,297705195.25,2.0913,1.1111
2023-11-17,31.75,32.83,31.67,32.56,8025840,259459957.87,1.8021,2.2292
2023-11-20,32.36,32.64,31.82,32.13,8610780,277283466.79,1.9335,-1.3206
2023-11-21,32.16,32.29,31.51,31.59,4078861,130221409.62,0.9159,-1.6807
2023-11-22,31.4,31.73,30.78,30.84,3542140,110166664.4,0.7954,-2.3742
2023-11-23,30.8,31.22,30.57,31.21,2546570,78772830.7,0.5718,1.1997
2023-11-24,31.13,31.3,30.51,30.88,2669694,82162427.22,0.5995,-1.0574
2023-11-27,30.98,31.9,30.7,31.78,5429468,170826670.46,1.2191,2.9145
2023-11-28,31.61,32.05,31.53,31.79,3119622,99040954.56,0.7005,0.0315
2023-11-29,31.68,31.9,31.22,31.31,3140228,98933802.42,0.7051,-1.5099
2023-11-30,31.31,31.31,30.48,30.85,2296426,70704826.99,0.5156,-1.4692
2023-12-01,30.99,31.02,30.37,30.79,2201291,67677090.64,0.4943,-0.1945
2023-12-04,30.89,30.98,30.31,30.53,2089616,64125503.08,0.4692,-0.8444
2023-12-05,30.5,30.59,29.87,29.9,2434184,73198920.52,0.5466,-2.0635
2023-12-06,29.8,30.09,29.61,29.9,1885024,56346513.84,0.4233,0.0
2023-12-07,29.9,30.06,29.38,29.72,3405624,100957834.52,0.7647,-0.602
2023-12-08,29.72,30.14,29.46,29.95,2941392,87782430.84,0.66,0.7739
2023-12-11,30.02,30.89,29.58,30.76,4458375,135419919.81,1.0003,2.7045
2023-12-12,30.7,31.62,30.55,31.39,4469874,140294952.96,1.0029,2.0481
2023-12-13,31.26,31.78,31.0,31.01,3553793,111462609.83,0.7974,-1.2106
2023-12-14,31.06,31.46,30.62,30.66,2607812,80711433.88,0.5851,-1.1287
2023-12-15,30.66,30.87,30.23,30.38,2911801,88969410.89,0.6533,-0.9132
2023-12-18,30.41,30.62,29.9,30.07,3017798,91303896.48,0.6771,-1.0204
2023-12-19,30.09,30.25,29.62,30.13,1857439,55695728.79,0.4168,0.1995
2023-12-20,30.19,30.5,29.64,29.66,2153956,64709048.24,0.4833,-1.5599
2023-12-21,29.65,29.98,28.95,29.7,3211440,94580037.24,0.7206,0.1349
2023-12-22,29.56,29.85,29.25,29.41,2231901,65971013.23,0.5008,-0.9764
2023-12-25,29.57,29.93,29.33,29.71,3073407,91341951.04,0.6896,1.0201
2023-12-26,29.59,29.76,29.0,29.2,2162903,63060426.65,0.4853,-1.7166
2023-12-27,29.29,29.55,29.0,29.46,1668365,48896661.95,0.3743,0.8904
2023-12-28,29.44,30.11,29.18,29.87,3178746,94476993.44,0.7132,1.3917
2023-12-29,29.86,31.24,29.71,31.02,3943283,121003536.1,0.8848,3.85
2024-01-02,30.8,31.25,30.38,30.39,2679324,82424750.72,0.6012,-2.0309
2024-01-03,30.29,30.45,29.55,29.78,2452220,73181565.12,0.5502,-2.0072
2024-01-04,29.85,29.85,29.01,29.11,2921375,85273032.87,0.6551,-2.2498
2024-01-05,29.11,29.29,28.45,28.58,2990400,86321757.8,0.6706,-1.8207
2024-01-08,28.58,28.61,27.88,27.91,2964144,83174983.04,0.6647,-2.3443
2024-01-09,27.9,28.03,27.46,27.5,3117977,86279499.69,0.6992,-1.469
2024-01-10,27.51,27.75,26.8,27.45,2489208,67812297.34,0.5582,-0.1818
2024-01-11,27.34,28.13,27.05,28.0,2186880,60921416.6,0.4904,2.0036
2024-01-12,28.17,28.38,27.36,27.6,2845590,78900903.3,0.6381,-1.4286
2024-01-15,27.5,27.7,27.06,27.26,2412904,65954588.86,0.5411,-1.2319
2024-01-16,27.16,27.3,26.8,27.15,1970700,53162670.02,0.4419,-0.4035
2024-01-17,27.19,27.2,26.52,26.52,2059400,55341800.6,0.4618,-2.3204
2024-01-18,26.6,26.66,25.75,26.51,2777028,72463802.63,0.6228,-0.0377
2024-01-19,26.51,26.91,26.1,26.17,1976208,52009650.18,0.4432,-1.2825
2024-01-22,26.07,26.18,24.42,24.58,4321029,108936433.5,0.969,-6.0757
2024-01-23,24.73,25.74,24.44,25.2,5287041,133437509.56,1.1856,2.5224
2024-01-24,25.33,25.56,24.3,25.47,3625340,90276413.64,0.813,1.0714
2024-01-25,25.56,26.42,25.33,26.37,4676862,121466194.58,1.0484,3.5336
2024-01-26,26.1,26.22,25.25,25.3,3958176,101144489.86,0.8873,-4.0576
2024-01-29,25.4,25.54,24.38,24.55,3953974,97671978.62,0.8864,-2.9644
2024-01-30,24.48,24.65,23.74,24.03,2714118,65618096.92,0.6084,-2.1181
2024-01-31,23.74,23.87,22.88,23.5,5358040,125141507.5,1.2011,-2.2056
2024-02-01,23.3,23.94,22.84,23.5,3821578,89447230.03,0.8547,0.0
2024-02-02,23.54,23.69,22.13,22.96,4276873,97739414.63,0.9565,-2.2979
2024-02-05,22.85,23.84,21.45,23.2,5697843,128963965.55,1.2743,1.0453
2024-02-06,22.99,25.49,22.71,25.15,6122661,150296435.47,1.3694,8.4052
2024-02-07,25.1,27.27,25.0,26.9,6348584,168790011.03,1.4199,6.9583
2024-02-08,26.99,28.58,26.51,26.97,7709445,214724978.98,1.7242,0.2602
2024-02-19,27.32,27.5,26.21,26.58,4500335,119782753.28,1.0065,-1.4461
2024-02-20,26.67,26.75,25.62,26.16,5278026,137130812.92,1.1805,-1.5801
2024-02-21,25.86,27.03,25.7,26.04,4566619,120133948.62,1.0213,-0.4587
2024-02-22,26.05,26.62,25.9,26.22,4171572,109566673.04,0.933,0.6912
2024-02-23,26.25,26.38,25.62,26.15,6532752,169570173.42,1.4611,-0.267
2024-02-26,26.0,26.56,25.86,25.96,6515764,170108407.99,1.4573,-0.7266
2024-02-27,25.86,26.91,25.72,26.87,7464704,196776132.38,1.6695,3.5054
2024-02-28,26.98,27.03,24.95,24.99,10396750,270050910.44,2.3253,-6.9967
2024-02-29,24.7,26.09,24.56,25.75,8495503,217295440.8,1.9001,3.0412
2024-03-01,25.74,26.04,25.47,25.92,7094867,183009046.12,1.5868,0.6602
2024-03-04,25.9,26.19,25.44,25.57,6971452,179251687.04,1.5592,-1.3503
2024-03-05,25.57,25.66,24.76,25.01,7670351,193634571.85,1.7155,-2.1901
2024-03-06,24.9,25.23,24.21,25.05,5552431,137580108.28,1.2418,0.1599
2024-03-07,25.0,25.17,24.29,24.3,4985025,123183106.0,1.1149,-2.994
2024-03-08,24.39,24.98,24.1,24.87,5927531,145391055.14,1.3257,2.3457
2024-03-11,24.85,24.85,24.4,24.72,7895103,194159649.91,1.7658,-0.6031
2024-03-12,24.71,25.12,24.6,24.95,7464094,185383673.09,1.6694,0.9304
2024-03-13,25.08,25.97,25.01,25.64,13735479,352200337.68,3.072,2.7655
2024-03-14,25.41,25.76,24.72,24.89,9658252,243494839.38,2.1601,-2.9251
2024-03-15,24.89,25.15,24.43,25.12,6489543,160569068.9,1.4514,0.9241
2024-03-18,25.15,25.75,24.9,25.7,10261425,261044663.75,2.295,2.3089
2024-03-19,25.78,26.59,25.7,25.97,13284993,347907211.86,2.9712,1.0506
2024-03-20,26.1,26.94,25.99,26.28,8973881,236772829.66,2.007,1.1937
2024-03-21,26.29,26.36,25.51,25.77,8253542,213100333.27,1.8459,-1.9406
2024-03-22,25.78,25.78,25.1,25.45,7655323,194979391.12,1.7121,-1.2418
2024-03-25,25.3,26.18,25.2,25.21,10137223,260896477.07,2.2672,-0.943
2024-03-26,25.21,26.08,25.0,25.47,11669564,299861995.89,2.6099,1.0313
2024-03-27,25.68,25.84,24.14,24.16,11293725,278001348.56,2.5259,-5.1433
2024-03-28,24.18,25.94,24.05,25.44,12260404,308344650.64,2.7421,5.298
2024-03-29,27.25,28.18,25.91,28.12,27100301,736687412.76,6.0611,10.5346
2024-04-01,28.2,28.55,26.7,27.81,20465100,559734775.09,4.5767,-1.1024
2024-04-02,27.51,27.51,26.64,27.08,12683904,342587942.43,2.8366,-2.625
2024-04-03,26.88,26.88,25.82,26.32,9666758,253412736.74,2.1618,-2.8065
2024-04-08,26.17,27.14,26.04,26.68,11343641,303629617.04,2.5368,1.3678
2024-04-09,27.1,27.85,27.07,27.43,18696523,512506116.34,4.1812,2.8111
2024-04-10,27.0,27.52,26.62,26.9,8676864,233347124.44,1.9404,-1.9322
2024-04-11,26.77,27.1,26.12,26.23,6905022,183008336.47,1.5442,-2.4907
2024-04-12,26.24,26.49,25.95,26.25,6532606,171294168.9,1.4609,0.0762
2024-04-15,26.06,26.27,25.33,25.72,8528826,219549675.18,1.9073,-2.019
2024-04-16,25.61,25.94,24.73,25.11,9183398,232686948.21,2.0537,-2.3717
2024-04-17,25.5,26.09,25.44,26.09,8258872,212262549.23,1.847,3.9028
2024-04-18,26.03,27.64,25.37,26.74,15806642,421554176.14,3.5352,2.4914
2024-04-19,26.55,28.59,26.24,27.98,20296345,560671988.8,4.5393,4.6372
2024-04-22,27.75,28.97,27.28,28.56,18429458,524389772.18,4.1218,2.0729
2024-04-23,28.27,28.71,27.82,28.23,8626514,243006071.22,1.9293,-1.1555
2024-04-24,28.04,29.41,28.01,29.36,12142803,349593948.11,2.7158,4.0028
2024-04-25,29.01,29.78,28.73,29.04,8706004,254276767.39,1.9471,-1.0899
2024-04-26,28.73,30.46,28.73,29.59,12698093,378173589.96,2.84,1.8939
2024-04-29,29.79,30.37,29.27,30.23,10730699,320496546.82,2.3999,2.1629
2024-04-30,30.17,30.81,29.23,29.26,11048104,330047673.88,2.4709,-3.2087
2024-05-06,29.55,30.19,29.42,29.97,11370234,339694323.83,2.543,2.4265
2024-05-07,29.7,30.08,29.38,29.68,6909592,205616800.32,1.5453,-0.9676
2024-05-08,29.6,29.6,29.01,29.06,5728414,167458474.0,1.2812,-2.0889
2024-05-09,28.99,29.96,28.78,29.71,7955211,234527789.07,1.7792,2.2368
2024-05-10,30.6,31.89,30.3,31.29,18903831,589884332.0,4.2278,5.3181
2024-05-13,31.5,31.55,30.14,30.36,13088948,402438919.29,2.9273,-2.9722
2024-05-14,30.13,31.33,30.13,30.44,8210707,252593567.2,1.8363,0.2635
2024-05-15,30.3,30.9,29.78,30.51,7286316,221784526.24,1.6296,0.23
2024-05-16,30.53,31.1,29.92,30.03,6409718,194239556.64,1.4335,-1.5733
2024-05-17,30.03,30.55,29.66,30.41,5218943,157256029.56,1.1637,1.2654
2024-05-20,30.18,31.65,29.95,30.74,7553016,233868618.04,1.6842,1.0852
2024-05-21,30.7,30.7,29.9,30.02,5883355,177689759.55,1.3119,-2.3422
2024-05-22,29.99,30.39,29.71,30.02,5045795,151320632.35,1.1251,0.0
2024-05-23,29.98,30.16,28.9,28.99,8767261,256908131.31,1.9549,-3.431
2024-05-24,28.92,29.27,28.25,28.29,6519850,186716198.1,1.4538,-2.4146
2024-05-27,28.58,28.62,28.0,28.57,6055552,171135487.4,1.3503,0.9897
2024-05-28,28.29,28.95,28.09,28.57,4522598,129125166.24,1.0084,0.0
2024-05-29,28.6,29.13,28.17,28.38,3666358,104343139.26,0.8175,-0.665
2024-05-30,28.35,28.72,27.93,28.44,3635008,103314010.08,0.8084,0.2114
2024-05-31,28.42,29.66,28.42,29.41,6298840,184693336.0,1.3994,3.4107
2024-06-03,29.43,29.71,29.06,29.58,5393912,158860204.92,1.1983,0.578
2024-06-04,29.7,29.78,28.8,29.16,5123530,149527782.64,1.1382,-1.4199
2024-06-05,29.15,30.19,29.02,29.42,7305558,216965170.76,1.6228,0.8916
2024-06-06,29.36,29.6,28.43,28.57,5658805,163405122.6,1.257,-2.8892
2024-06-07,28.85,28.97,27.96,28.26,4054567,114867661.3,0.9007,-1.0851
2024-06-11,28.01,28.42,27.6,28.39,5291206,148309558.29,1.1754,0.46
2024-06-12,28.0,28.24,27.64,27.96,4541400,126819985.0,1.0088,-0.2853
2024-06-13,27.91,28.45,27.79,28.18,4421063,124606160.88,0.9821,0.7868
2024-06-14,28.18,29.42,27.93,29.35,9023551,261577992.79,2.0044,4.1519
2024-06-17,29.28,29.63,29.07,29.27,6699096,196374477.81,1.4881,-0.2726
2024-06-18,29.23,30.29,29.1,29.88,9356661,280387079.03,2.0784,2.084
2024-06-19,29.97,30.15,29.4,29.41,4643728,137582012.13,1.0315,-1.573
2024-06-20,29.41,29.8,28.93,28.94,5088326,149414885.04,1.1303,-1.5981
2024-06-21,28.84,29.64,28.82,29.35,4898140,143533956.32,1.088,1.4167
2024-06-24,29.1,30.44,29.1,29.39,11071257,331172636.97,2.4593,0.1363
2024-06-25,29.17,29.86,28.7,28.98,6265872,182950681.7,1.3919,-1.395
2024-06-26,28.88,29.91,28.53,29.9,5238004,153516539.42,1.1635,3.1746
2024-06-27,29.7,29.93,28.96,29.02,5680789,166855423.6,1.2619,-2.9431
2024-06-28,28.88,30.14,28.8,29.85,7136794,212386664.88,1.5853,2.8601
2024-07-01,29.85,30.2,28.58,29.68,7893093,230715009.73,1.7533,-0.5695
2024-07-02,29.45,29.55,28.56,28.69,5785049,167109439.55,1.2851,-3.3356
2024-07-03,28.66,28.69,26.97,27.68,9698107,267557710.8,2.1543,-3.5204
2024-07-04,27.71,28.1,27.18,27.32,5219745,144381375.53,1.1595,-1.3006
2024-07-05,27.23,27.49,26.51,27.34,4677890,125990810.3,1.0391,0.0732
2024-07-08,28.5,29.35,28.25,28.7,11628069,335723683.39,2.583,4.9744
2024-07-09,28.69,29.98,28.45,29.93,12482635,366756379.08,2.7728,4.2857
2024-07-10,30.0,31.34,29.79,30.42,12754342,391422639.8,2.8332,1.6372
2024-07-11,30.67,31.0,29.85,30.6,13408009,408535914.51,2.9784,0.5917
2024-07-12,30.8,30.97,30.22,30.78,7913443,241996303.54,1.7579,0.5882
2024-07-15,31.44,31.81,30.77,30.98,10662064,332469314.2,2.3684,0.6498
2024-07-16,32.2,32.94,31.45,32.03,22364686,716177388.82,4.968,3.3893
2024-07-17,31.7,31.78,30.58,30.77,15276660,472803654.06,3.3935,-3.9338
2024-07-18,30.22,30.66,29.93,30.55,8381841,253893553.25,1.8619,-0.715
2024-07-19,30.21,31.2,30.15,30.54,7664806,235680775.74,1.7026,-0.0327
2024-07-22,30.57,30.95,30.13,30.43,7738596,236028150.76,1.719,-0.3602
2024-07-23,30.49,30.5,29.25,29.28,7652502,227989443.66,1.6999,-3.7792
2024-07-24,29.27,29.86,28.87,29.03,5901400,172795035.44,1.3109,-0.8538
2024-07-25,28.81,29.3,28.26,28.85,5774118,165839277.26,1.2826,-0.62
2024-07-26,28.8,30.68,28.7,30.62,11469100,345488976.96,2.5477,6.1352
2024-07-29,30.8,31.1,30.39,30.53,9137840,280295854.25,2.0298,-0.2939
2024-07-30,30.38,30.63,29.92,30.28,6164850,186384839.7,1.3694,-0.8189
2024-07-31,30.54,30.82,29.96,30.66,12138106,370039718.36,2.6963,1.255
2024-08-01,30.69,31.08,30.42,30.51,11304678,347162179.1,2.5112,-0.4892
2024-08-02,30.1,30.45,29.65,29.81,8910258,267074379.37,1.9793,-2.2943
2024-08-05,29.5,29.98,28.04,28.1,10267832,296282132.51,2.2808,-5.7363
2024-08-06,28.48,28.9,27.92,28.25,7420279,209737466.04,1.6483,0.5338
2024-08-07,28.41,29.55,28.37,29.0,9517240,275762597.42,2.1141,2.6549
2024-08-08,29.3,29.48,27.85,28.0,13019807,367237949.84,2.8923,-3.4483
2024-08-09,28.24,28.75,27.95,28.5,7767462,220282640.5,1.7255,1.7857
2024-08-12,28.55,29.18,28.31,28.57,6752415,193719687.66,1.5,0.2456
2024-08-13,28.47,29.0,28.38,28.99,5328194,153288295.66,1.1836,1.4701
2024-08-14,28.95,29.01,28.35,28.45,3781172,107958795.52,0.84,-1.8627
2024-08-15,27.52,28.66,27.12,27.99,10833679,302000155.37,2.4058,-1.6169
2024-08-16,27.99,28.25,27.34,27.61,6901561,191621445.78,1.5326,-1.3576
2024-08-19,27.62,28.14,27.55,27.89,4479842,125085700.5,0.9948,1.0141
2024-08-20,27.85,27.95,27.36,27.74,4349500,119963648.04,0.9659,-0.5378
2024-08-21,27.59,28.09,27.52,27.83,3876522,108137980.42,0.8608,0.3244
2024-08-22,27.83,27.99,27.42,27.6,3109858,85915134.22,0.6906,-0.8264
2024-08-23,27.51,27.79,27.32,27.67,4307881,118874863.39,0.9566,0.2536
2024-08-26,27.7,27.79,26.78,26.8,6185488,167531206.42,1.3736,-3.1442
2024-08-27,26.68,26.89,26.46,26.66,4181900,111632683.0,0.9287,-0.5224
2024-08-28,26.65,27.1,26.55,26.77,3106835,83423818.6,0.6899,0.4126
2024-08-29,26.55,27.22,26.5,27.01,4231832,114058176.34,0.9398,0.8965
2024-08-30,27.0,28.64,26.91,28.2,7708719,215987810.5,1.7119,4.4058
2024-09-02,28.05,28.27,27.61,27.66,5001558,139605784.24,1.1044,-1.9149
2024-09-03,27.68,28.65,27.67,28.49,6029802,170786265.96,1.3315,3.0007
2024-09-04,28.28,28.66,28.1,28.44,3599056,102365180.34,0.7947,-0.1755
2024-09-05,28.44,29.3,28.38,29.19,6041151,175295107.8,1.334,2.6371
2024-09-06,29.18,29.34,28.78,28.92,4288403,124550881.62,0.947,-0.925
2024-09-09,28.66,29.0,28.52,28.65,3073810,88340903.24,0.6788,-0.9336
2024-09-10,28.68,28.99,28.39,28.87,2856692,82038823.68,0.6308,0.7679
2024-09-11,28.72,29.1,28.71,28.86,3066730,88534282.66,0.6772,-0.0346
2024-09-12,28.98,29.14,28.51,28.76,2432438,70114095.54,0.5371,-0.3465
2024-09-13,28.69,28.95,28.42,28.63,3105061,88993187.84,0.6857,-0.452
2024-09-18,28.63,28.91,28.34,28.65,2406846,68916659.22,0.5315,0.0699
2024-09-19,28.75,29.17,28.21,28.55,4010821,115165778.85,0.8857,-0.349
2024-09-20,28.77,29.04,28.28,28.59,3259370,93374040.82,0.7197,0.1401
2024-09-23,28.36,29.05,28.33,28.86,3681017,106074455.36,0.8128,0.9444
2024-09-24,28.86,29.51,28.43,29.51,7302206,212903189.78,1.6125,2.2523
2024-09-25,29.55,29.95,29.31,29.37,7828444,231527917.63,1.7287,-0.4744
2024-09-26,29.29,29.99,29.15,29.97,7473116,220945166.62,1.6502,2.0429
2024-09-27,30.48,31.86,30.4,31.42,14036451,436234251.28,3.0995,4.8382
2024-09-30,32.4,35.85,31.9,35.46,21793879,737702165.88,4.8125,12.8581
2024-10-08,42.49,42.49,35.7,40.93,35550503,1378687748.89,7.8503,15.4258
2024-10-09,38.28,39.19,35.92,36.85,24784835,932253228.34,5.473,-9.9682
2024-10-10,37.68,38.0,35.01,36.0,18639436,679057068.32,4.116,-2.3066
2024-10-11,35.78,36.21,33.72,34.94,13689655,477145486.5,3.0229,-2.9444
2024-10-14,34.94,36.6,34.47,36.36,13019423,463323440.75,2.8749,4.0641
2024-10-15,36.16,36.95,35.16,35.22,11150752,401854265.92,2.4623,-3.1353
2024-10-16,34.48,35.82,34.31,35.01,7677837,269145788.35,1.6954,-0.5963
2024-10-17,35.38,35.61,34.5,34.64,10128260,356074098.48,2.2365,-1.0568
2024-10-18,34.32,37.76,34.18,36.73,18556108,669952348.29,4.0976,6.0335
2024-10-21,36.74,38.43,36.53,37.4,19566973,735612696.39,4.3208,1.8241
2024-10-22,37.61,37.64,35.92,36.38,13900402,506347537.32,3.0695,-2.7273
2024-10-23,36.28,37.58,36.13,36.64,11686736,431540751.28,2.5807,0.7147
2024-10-24,36.06,36.87,35.87,36.11,8408898,305053932.88,1.8569,-1.4465
2024-10-25,36.2,37.1,35.91,36.97,10989121,402910582.07,2.4266,2.3816
2024-10-28,37.12,37.36,36.28,36.67,10149158,372659745.26,2.2411,-0.8115
2024-10-29,36.71,37.65,36.36,36.95,12361608,458395106.86,2.7297,0.7636
2024-10-30,36.29,37.08,35.72,36.3,11562000,420756141.8,2.5531,-1.7591
2024-10-31,36.2,36.99,35.45,36.74,10639008,386369444.76,2.3493,1.2121
2024-11-01,36.66,36.9,35.09,35.13,11566518,411934664.35,2.5541,-4.3821
2024-11-04,35.13,36.56,35.1,36.09,8168723,294606991.85,1.8038,2.7327
2024-11-05,36.3,39.05,36.01,38.9,19403444,734771249.52,4.2847,7.7861
2024-11-06,39.55,39.99,38.06,38.46,17690618,691308572.29,3.9064,-1.1311
2024-11-07,37.9,39.12,37.66,38.71,11163512,427867699.44,2.4651,0.65
2024-11-08,38.98,40.44,38.72,39.74,15883512,630606051.51,3.5074,2.6608
2024-11-11,39.92,41.59,38.55,41.23,17834270,717644499.04,3.9382,3.7494
2024-11-12,40.85,41.01,38.68,39.28,15293028,607582062.57,3.377,-4.7296
2024-11-13,38.8,39.7,38.53,39.6,8597458,337280067.52,1.8985,0.8147
2024-11-14,39.6,40.35,38.8,38.95,9468047,373739709.98,2.0907,-1.6414
2024-11-15,38.83,39.38,38.1,38.18,7969965,309193001.61,1.7599,-1.9769
2024-11-18,38.2,38.98,37.39,37.6,9419225,358569620.44,2.08,-1.5191
2024-11-19,37.91,38.89,37.01,38.32,8481454,321331941.72,1.8729,1.9149
2024-11-20,38.16,38.7,37.73,38.48,7703355,294504408.39,1.7011,0.4175
2024-11-21,38.29,38.49,37.16,37.73,9214069,348744717.22,2.0346,-1.9491
2024-11-22,37.86,37.9,35.52,35.54,11899035,435663005.4,2.6275,-5.8044
2024-11-25,35.88,36.02,34.73,35.57,6823444,241571029.45,1.5068,0.0844
2024-11-26,35.44,35.82,35.1,35.33,4157979,147543515.06,0.9182,-0.6747
2024-11-27,35.1,36.99,34.91,36.98,7700747,278488178.38,1.7005,4.6703
2024-11-28,37.42,38.18,37.01,37.05,8642972,324820855.99,1.9085,0.1893
2024-11-29,37.21,38.86,36.76,38.55,11504776,437630613.72,2.5405,4.0486
2024-12-02,38.75,39.3,38.06,39.16,12135176,470531705.37,2.6797,1.5824
2024-12-03,39.15,39.4,38.41,39.16,7761160,301604009.2,1.7138,0.0
2024-12-04,38.83,39.48,38.5,38.81,6254915,243954543.14,1.3812,-0.8938
2024-12-05,38.48,39.06,38.21,38.73,7624000,294162563.32,1.6835,-0.2061
2024-12-06,38.7,40.12,38.5,39.74,9854050,389245984.15,2.176,2.6078
2024-12-09,39.68,40.78,39.29,40.55,11705878,471332120.3,2.5849,2.0382
2024-12-10,41.87,42.29,40.78,40.85,13189558,546152445.12,2.9125,0.7398
2024-12-11,40.8,42.36,40.8,42.18,12407327,518702541.21,2.7398,3.2558
2024-12-12,42.48,42.64,41.34,42.01,10378698,434906503.07,2.2918,-0.403
2024-12-13,41.66,42.56,41.15,41.46,20708884,866637510.35,4.5729,-1.3092
2024-12-16,41.48,41.88,40.52,40.69,11651185,480014798.48,2.5728,-1.8572
2024-12-17,40.65,41.11,39.94,40.12,7249665,293475517.15,1.6009,-1.4008
2024-12-18,40.21,40.56,39.61,39.95,7374462,295309454.1,1.6284,-0.4237
2024-12-19,39.42,40.41,39.21,40.2,5187138,207455762.55,1.1454,0.6258
2024-12-20,40.2,41.15,39.86,40.66,5703852,231608626.44,1.2595,1.1443
2024-12-23,40.54,40.8,39.73,39.92,7828750,313977922.92,1.7287,-1.82
2024-12-24,39.92,41.35,39.88,41.02,7320184,298681341.52,1.6164,2.7555
2024-12-25,41.02,41.18,40.4,40.89,5048252,206144925.16,1.1148,-0.3169
2024-12-26,40.9,41.68,40.68,41.35,5560623,229431594.76,1.2279,1.125
2024-12-27,41.45,42.2,41.0,41.61,7415652,310127376.8,1.6375,0.6288
2024-12-30,41.38,42.97,41.24,42.31,7407304,313056382.25,1.6319,1.6823
2024-12-31,42.19,42.6,41.8,41.8,7564534,318836809.66,1.6666,-1.2054
2025-01-02,41.5,42.0,37.84,38.36,15730827,621772967.75,3.4658,-8.2297
2025-01-03,38.5,38.78,37.2,37.41,10935584,413622918.63,2.4093,-2.4765
2025-01-06,37.27,38.33,37.1,37.77,7818254,295165134.66,1.7225,0.9623
2025-01-07,37.77,38.77,37.19,38.62,6337743,240560384.26,1.3963,2.2505
2025-01-08,38.36,38.62,36.14,37.25,9838482,365785340.4,2.1676,-3.5474
2025-01-09,37.15,37.56,36.43,37.06,5737632,213401727.52,1.2641,-0.5101
2025-01-10,36.92,38.33,36.79,36.95,6688955,251462049.4,1.4737,-0.2968
2025-01-13,36.83,37.44,36.32,36.9,5395053,199088599.81,1.1886,-0.1353
2025-01-14,37.06,38.86,36.6,38.6,7407651,281242383.19,1.632,4.607
2025-01-15,38.53,38.64,37.65,37.92,4566384,174013014.92,1.006,-1.7617
2025-01-16,38.08,39.01,37.72,38.16,5555436,212561335.66,1.223,0.6329
2025-01-17,38.0,38.89,37.78,38.52,4074367,156326417.67,0.8969,0.9434
2025-01-20,38.57,40.33,38.57,39.68,6905261,273404022.53,1.5201,3.0114
2025-01-21,40.06,40.98,39.09,40.79,8030118,322687327.5,1.7677,2.7974
2025-01-22,40.79,41.27,39.71,40.12,6424905,258109152.6,1.4144,-1.6426
2025-01-23,40.5,40.78,39.53,39.56,6484469,259614466.21,1.4275,-1.3958
2025-01-24,39.5,40.6,39.42,40.24,5634545,225916753.6,1.2404,1.7189
2025-01-27,40.56,40.77,39.7,40.15,5897952,237450595.78,1.2984,-0.2237
2025-02-05,40.5,40.86,39.61,40.08,5410429,218273218.59,1.191,-0.1743
2025-02-06,39.97,41.54,39.73,41.38,7428994,303598629.9,1.6354,3.2435
2025-02-07,41.68,46.21,41.41,45.16,20738447,912344969.83,4.5653,9.1348
2025-02-10,45.44,45.95,43.84,44.58,15797104,703587462.5,3.4775,-1.2843
2025-02-11,44.62,45.2,43.7,44.25,8910644,395005231.13,1.9616,-0.7402
2025-02-12,44.08,44.86,43.88,44.75,9846852,436888463.26,2.1677,1.1299
2025-02-13,44.72,45.15,42.37,42.46,15241287,659822683.61,3.3552,-5.1173
2025-02-14,42.41,43.87,42.38,43.1,9550619,412036983.11,2.1025,1.5073
2025-02-17,43.77,43.8,42.76,43.2,8258088,356839569.88,1.8179,0.232
2025-02-18,42.86,43.28,41.87,42.25,8175902,348395800.54,1.7998,-2.1991
2025-02-19,42.29,43.98,42.12,43.88,9233193,400359964.41,2.0326,3.858
2025-02-20,43.86,44.35,43.23,44.15,7025481,308584216.84,1.5466,0.6153
2025-02-21,44.27,44.8,43.61,44.52,9733804,430605854.66,2.1428,0.8381
2025-02-24,45.08,45.45,44.15,44.58,8722750,390288299.61,1.9202,0.1348
2025-02-25,43.81,46.65,43.73,45.89,14980159,686565430.59,3.2977,2.9385
2025-02-26,45.56,45.99,44.76,45.42,8607920,391479500.26,1.8949,-1.0242
2025-02-27,45.5,46.17,43.04,43.43,11241716,492766298.23,2.4747,-4.3813
2025-02-28,43.21,43.43,41.02,41.12,10095483,423378998.56,2.2224,-5.3189
2025-03-03,41.28,42.07,40.68,41.09,6502621,268998106.55,1.4315,-0.073
2025-03-04,40.73,42.43,40.73,41.59,6519962,272290817.06,1.4353,1.2168
2025-03-05,41.66,42.48,41.26,42.29,5210204,218300340.56,1.147,1.6831
2025-03-06,42.44,42.97,42.2,42.3,6658296,283042258.66,1.4657,0.0236
2025-03-07,42.16,43.65,42.1,42.67,7578303,325702270.64,1.6683,0.8747
2025-03-10,42.44,42.67,41.2,41.63,6695472,279354206.36,1.4739,-2.4373
2025-03-11,41.41,42.11,41.1,41.55,4813742,199378127.56,1.0597,-0.1922
2025-03-12,41.7,42.2,41.21,41.63,6113371,255467789.29,1.3458,0.1925
2025-03-13,41.63,41.78,40.47,40.9,6207836,254711484.52,1.3666,-1.7535
2025-03-14,40.75,41.84,40.58,41.67,4929512,204161396.56,1.0852,1.8826
2025-03-17,41.99,42.18,41.27,41.57,4020357,167925674.5,0.885,-0.24
2025-03-18,41.7,42.2,41.0,41.23,5976757,247625081.58,1.3157,-0.8179
2025-03-19,41.11,41.96,40.68,41.62,6676460,275617743.57,1.4697,0.9459
2025-03-20,41.43,42.85,41.42,42.49,7766730,329032719.88,1.7098,2.0903
2025-03-21,42.13,43.39,41.06,41.67,6994989,295087979.89,1.5399,-1.9299
2025-03-24,41.5,41.94,40.0,40.7,6975273,284527294.97,1.5355,-2.3278
2025-03-25,40.6,40.96,39.9,40.06,4524305,182250871.38,0.996,-1.5725
2025-03-26,40.08,40.76,40.0,40.06,3742357,151005305.58,0.8238,0.0
2025-03-27,40.01,41.2,39.76,40.77,4424257,180121875.59,0.9739,1.7723
2025-03-28,40.85,41.44,40.63,40.8,3302461,135309378.6,0.727,0.0736
2025-03-31,40.79,41.89,40.69,41.35,5427054,224314998.9,1.1947,1.348
2025-04-01,41.68,41.74,40.7,40.71,4418935,182339674.9,0.9728,-1.5478
2025-04-02,40.73,41.86,40.68,41.34,5115857,211670163.72,1.1262,1.5475
2025-04-03,41.01,41.63,39.8,40.2,5915327,238220625.02,1.3022,-2.7576
2025-04-07,38.12,39.0,35.53,36.55,10582532,395066220.85,2.3296,-9.0796
2025-04-08,37.24,38.59,37.08,37.63,8478490,319570766.67,1.8664,2.9549
2025-04-09,37.73,40.87,37.2,39.41,12740829,499825351.63,2.8047,4.7303
2025-04-10,40.25,40.66,39.6,40.16,8724109,351583636.84,1.9205,1.9031
2025-04-11,39.87,41.75,39.8,41.53,7508907,307369779.56,1.653,3.4114
2025-04-14,41.51,41.77,39.75,39.8,9236852,374097777.11,2.0334,-4.1657
2025-04-15,39.85,39.98,38.95,39.5,5913443,233069225.81,1.3018,-0.7538
2025-04-16,39.39,39.68,38.82,39.3,3333152,130729802.01,0.7338,-0.5063
2025-04-17,38.99,39.9,38.91,39.57,4043595,160023453.87,0.8902,0.687
2025-04-18,40.0,41.27,39.99,40.85,6290456,256877333.36,1.3872,3.2348
2025-04-21,40.74,41.3,40.61,40.82,3687607,150682230.59,0.8132,-0.0734
2025-04-22,40.71,41.12,40.2,41.0,4265644,173783507.4,0.9407,0.441
2025-04-23,41.18,41.38,40.3,40.9,9141952,373016070.9,2.0161,-0.2439
2025-04-24,40.85,40.95,40.01,40.63,4683777,189710647.54,1.0329,-0.6601
2025-04-25,40.78,42.4,40.76,42.21,10099176,421361850.42,2.2272,3.8888
2025-04-28,41.9,43.24,41.65,42.53,8269956,353126029.3,1.8238,0.7581
2025-04-29,42.5,42.5,41.31,41.81,4599277,192473843.65,1.0143,-1.6929
2025-04-30,41.75,42.82,41.75,42.55,4564273,193949354.46,1.0066,1.7699
2025-05-06,42.6,43.66,42.6,43.49,8989983,388888482.92,1.9826,2.2092
2025-05-07,43.95,44.29,42.79,43.05,6687791,290516347.1,1.4749,-1.0117
2025-05-08,42.87,43.95,42.78,43.54,4947501,215004532.97,1.0911,1.1382
2025-05-09,43.7,43.88,42.7,42.88,4904288,210807402.28,1.0815,-1.5158
2025-05-12,43.18,44.34,42.95,43.96,7421640,325832458.4,1.6367,2.5187
2025-05-13,44.0,44.02,42.9,43.05,5451945,236012005.1,1.2023,-2.0701
2025-05-14,42.94,44.05,42.9,43.38,4430536,192543208.92,0.9771,0.7666
2025-05-15,43.38,43.59,42.61,42.64,3102407,133119271.95,0.6842,-1.7059
2025-05-16,42.53,43.04,42.3,42.4,3107138,132557165.14,0.6852,-0.5629
2025-05-19,42.49,42.97,42.25,42.76,2892806,123249186.55,0.638,0.8491
2025-05-20,42.78,43.35,42.66,42.95,3172717,136435692.69,0.6997,0.4443
2025-05-21,42.86,43.77,42.86,43.24,3283723,142004691.78,0.7242,0.6752
2025-05-22,43.18,43.78,42.7,43.44,4659760,202482221.52,1.0276,0.4625
2025-05-23,43.14,44.34,42.73,43.5,7681762,336162117.34,1.6726,0.1381
2025-05-26,43.51,44.08,42.95,43.13,4991478,216584817.7,1.0868,-0.8506
2025-05-27,43.12,43.88,42.68,42.72,3946060,169972407.8,0.8592,-0.9506
2025-05-28,42.72,45.35,42.72,45.1,12729955,568043326.99,2.7718,5.5712
2025-05-29,44.86,45.55,44.58,45.4,9127976,412136063.36,1.9875,0.6652
2025-05-30,45.12,45.8,44.55,44.95,4848070,217661992.69,1.0556,-0.9912
2025-06-03,44.78,46.09,44.78,45.99,9139833,417905664.32,1.9901,2.3137
2025-06-04,45.74,46.79,45.73,46.05,7637603,353339274.08,1.663,0.1305
2025-06-05,45.83,45.9,44.93,45.13,8540509,387156263.19,1.8596,-1.9978
2025-06-06,45.07,45.61,44.84,45.05,4446666,200385862.14,0.966,-0.1773
2025-06-09,45.0,45.15,44.28,44.45,4918081,219158638.85,1.0685,-1.3319
2025-06-10,44.45,44.77,43.97,44.16,5401340,239829142.04,1.1753,-0.6524
2025-06-11,44.25,44.46,43.9,44.04,4549456,200770332.11,0.99,-0.2717
2025-06-12,43.9,44.42,43.62,44.14,6067900,268037213.8,1.3204,0.2271
2025-06-13,44.13,45.35,43.81,44.42,14729980,654480408.22,3.2052,0.6343
2025-06-16,44.35,45.06,44.06,44.47,8136937,362414820.81,1.7706,0.1126
2025-06-17,44.64,45.13,44.28,44.88,6731199,301891604.27,1.4647,0.922
2025-06-18,44.68,46.04,44.6,45.94,7151915,325660535.37,1.5562,2.3619
2025-06-19,45.67,46.27,45.52,45.82,6235384,286895223.62,1.3568,-0.2612
2025-06-20,32.36,32.69,32.08,32.33,7208171,233246245.96,1.1204,-0.1236
2025-06-23,32.2,32.44,31.67,32.16,8272898,264778024.55,1.2858,-0.5258
2025-06-24,32.31,34.7,32.31,33.74,15806817,534917271.67,2.4568,4.9129
2025-06-25,33.58,33.87,33.27,33.6,10347285,346890189.55,1.6083,-0.4149
2025-06-26,33.53,34.15,33.35,33.66,8214792,277162484.25,1.2768,0.1786
2025-06-27,33.93,35.56,33.58,34.82,14872557,516986840.11,2.3116,3.4462
2025-06-30,34.9,35.43,34.4,35.0,12584344,440157551.43,1.956,0.5169
2025-07-01,35.05,35.29,34.5,34.83,9968739,347371896.2,1.5494,-0.4857
2025-07-02,34.66,34.69,33.98,34.17,10368774,355244608.44,1.6116,-1.8949
2025-07-03,34.29,34.94,34.13,34.54,6422421,221395853.5,0.9982,1.0828
2025-07-04,34.49,34.6,33.89,34.06,7398056,252986423.16,1.1499,-1.3897
2025-07-07,34.0,34.38,33.74,34.07,5631250,191763778.26,0.8753,0.0294
2025-07-08,34.06,34.53,33.9,34.21,6388940,218910598.78,0.993,0.4109
2025-07-09,34.78,34.9,34.01,34.43,9418883,324496586.79,1.464,0.6431
2025-07-10,34.35,35.16,34.16,34.58,9829461,341465702.91,1.5278,0.4357
2025-07-11,34.53,34.85,34.28,34.38,6427841,221790615.96,0.9991,-0.5784
2025-07-14,34.41,34.49,33.91,33.97,6736510,229991280.46,1.047,-1.1926
2025-07-15,33.95,34.27,33.4,34.09,8042127,272434334.17,1.25,0.3533
2025-07-16,34.08,34.3,33.72,33.87,5435896,184589443.64,0.8449,-0.6454
2025-07-17,33.78,34.29,33.78,34.27,5740600,196045353.81,0.8922,1.181
2025-07-18,34.41,34.6,34.0,34.48,7571830,259791201.93,1.1769,0.6128
2025-07-21,34.48,35.14,34.34,34.97,8807924,306430169.24,1.369,1.4211
2025-07-22,35.0,36.18,34.92,35.44,10591463,377398741.34,1.6462,1.344
2025-07-23,35.44,35.97,34.86,35.69,8506264,301671550.88,1.3221,0.7054
2025-07-24,35.67,35.9,35.41,35.84,6043025,215321793.67,0.9393,0.4203
2025-07-25,36.09,36.61,35.26,35.81,9969913,359087146.77,1.5496,-0.0837
2025-07-28,35.63,36.36,35.15,36.19,8305835,299112785.64,1.291,1.0612
2025-07-29,36.18,36.61,35.91,36.32,6742363,243745506.36,1.048,0.3592
2025-07-30,36.3,36.78,35.96,36.18,7399642,268338839.7,1.1501,-0.3855
2025-07-31,36.05,36.49,35.1,35.28,9300176,332647599.16,1.4455,-2.4876
2025-08-01,35.38,35.88,35.2,35.76,6995376,249346943.16,1.0873,1.3605
2025-08-04,35.58,36.56,35.48,36.09,9514800,344140978.12,1.4789,0.9228
2025-08-05,36.18,37.29,36.03,37.0,12491364,461581910.4,1.9415,2.5215
2025-08-06,37.0,37.84,36.82,37.73,8742855,327028526.57,1.3589,1.973
2025-08-07,37.69,37.78,36.85,37.05,7496717,278729086.77,1.1652,-1.8023
2025-08-08,37.0,37.49,36.9,37.05,9263390,344068423.8,1.4398,0.0
2025-08-11,37.35,37.73,36.9,37.02,10083749,375358556.63,1.5673,-0.081
2025-08-12,37.07,37.21,36.45,36.89,8199800,301328646.8,1.2745,-0.3512
2025-08-13,36.91,37.3,36.7,37.17,8120414,300630267.38,1.2621,0.759
2025-08-14,37.18,37.22,36.0,36.17,9615005,350440613.94,1.4944,-2.6903
2025-08-15,36.06,36.38,35.9,36.29,9340093,337784389.14,1.4517,0.3318
2025-08-18,36.27,36.91,35.96,36.61,10642307,388508178.42,1.6541,0.8818
2025-08-19,36.71,37.42,36.5,36.62,10380027,382854670.81,1.6133,0.0273
2025-08-20,36.62,37.13,36.21,37.11,8091082,297034796.17,1.2576,1.3381
2025-08-21,37.18,37.35,36.63,36.8,7481442,276512036.86,1.1628,-0.8354
2025-08-22,36.83,37.55,36.7,37.55,10426735,387881520.52,1.6206,2.038
2025-08-25,37.7,37.82,37.0,37.48,13456955,502585256.4,2.0916,-0.1864
2025-08-26,37.39,37.58,37.04,37.09,8514834,317485482.15,1.3234,-1.0406
2025-08-27,37.18,38.38,36.68,36.76,15184730,571154085.86,2.3471,-0.8897
2025-08-28,37.41,38.5,37.06,38.5,20650385,782681119.91,3.1919,4.7334
2025-08-29,38.6,38.79,38.01,38.32,13122743,502655349.68,2.0284,-0.4675
2025-09-01,38.35,38.54,37.05,37.57,17663585,663689608.05,2.7303,-1.9572
2025-09-02,37.5,37.5,35.3,35.84,20402295,737027671.36,3.1536,-4.6047
2025-09-03,36.0,36.33,34.75,35.23,13076679,461854581.13,2.0213,-1.702
2025-09-04,35.33,35.68,34.2,34.72,11726644,409871746.6,1.8126,-1.4476
2025-09-05,34.67,35.48,34.35,35.4,9497963,332825167.24,1.4681,1.9585
2025-09-08,35.45,36.64,35.3,36.38,12852380,464561634.16,1.9866,2.7684
2025-09-09,36.4,36.74,35.22,35.47,9393145,335870469.34,1.4519,-2.5014
2025-09-10,35.35,35.86,35.1,35.2,8274647,293552575.42,1.279,-0.7612
2025-09-11,35.1,36.42,34.82,36.35,10960446,393197585.53,1.6942,3.267
2025-09-12,36.3,36.33,34.95,35.01,16721667,592060769.8,2.5847,-3.6864
2025-09-15,35.28,35.35,34.88,35.06,8273601,290185000.95,1.2788,0.1428
2025-09-16,34.93,35.56,34.8,35.51,8342115,293694255.66,1.2894,1.2835
2025-09-17,35.53,36.62,35.26,36.42,12607304,455999171.17,1.9487,2.5627
2025-09-18,36.3,36.89,35.71,36.02,11781902,428203054.81,1.8211,-1.0983
2025-09-19,35.92,36.27,35.69,36.13,7518010,270399189.85,1.1621,0.3054
2025-09-22,36.13,36.68,35.5,36.31,9153194,330565964.07,1.4148,0.4982
2025-09-23,36.16,36.4,34.84,35.38,10794705,382055930.72,1.6685,-2.5613
2025-09-24,35.26,36.86,35.11,36.81,13651219,496843264.36,2.1101,4.0418
2025-09-25,36.82,36.99,36.16,36.31,8309209,303689298.12,1.2844,-1.3583
2025-09-26,36.25,36.37,35.71,35.75,5894480,211598815.7,0.9111,-1.5423
2025-09-29,35.96,35.96,34.83,35.2,13868082,487385211.41,2.1436,-1.5385
2025-09-30,35.31,35.59,35.09,35.43,7871928,278159243.69,1.2168,0.6534
2025-10-09,35.44,36.62,35.33,36.18,11408701,411719321.79,1.7634,2.1169
2025-10-10,35.99,36.28,35.27,35.43,9652285,344054668.53,1.4919,-2.073
2025-10-13,34.91,34.98,33.14,33.33,25223493,850896962.24,3.8988,-5.9272
2025-10-14,33.52,33.7,32.55,32.64,15097431,498540390.84,2.3336,-2.0702
2025-10-15,32.82,32.99,32.17,32.94,8422095,275039269.13,1.3018,0.9191
2025-10-16,32.82,32.9,32.23,32.3,10241433,332639323.02,1.583,-1.9429
2025-10-17,32.33,32.56,31.61,31.7,8504800,272316491.35,1.3146,-1.8576
2025-10-20,32.1,32.2,31.63,31.76,6743571,214878605.29,1.0424,0.1893
2025-10-21,31.9,32.72,31.88,32.31,8643136,279758529.28,1.336,1.7317
2025-10-22,32.6,32.95,32.36,32.63,8432111,275727796.33,1.3033,0.9904
2025-10-23,32.2,32.32,30.94,31.73,18202687,571193031.5,2.8136,-2.7582
2025-10-24,31.94,32.41,31.58,32.39,14861299,475280512.42,2.2971,2.0801
2025-10-27,32.99,33.65,32.72,32.85,21326954,705354387.83,3.2965,1.4202
2025-10-28,32.85,33.45,32.46,32.59,13532791,445314180.57,2.0918,-0.7915
2025-10-29,32.67,32.95,32.4,32.89,11896710,388756382.62,1.8389,0.9205
2025-10-30,32.72,33.06,32.5,32.5,11953205,390813064.75,1.8476,-1.1858
2025-10-31,32.51,32.68,32.03,32.08,10595976,341011171.23,1.6378,-1.2923
2025-11-03,32.08,32.17,31.44,31.8,12313992,390720847.62,1.9034,-0.8728
2025-11-04,31.76,31.83,31.05,31.25,9985405,312918710.44,1.5434,-1.7296
2025-11-05,31.0,31.39,30.83,31.21,7962752,247903813.62,1.2308,-0.128
2025-11-06,31.3,32.17,31.17,32.03,15086982,477814813.56,2.332,2.6274
2025-11-07,31.93,32.2,31.76,32.05,10027540,320960768.88,1.55,0.0624
2025-11-10,32.15,32.4,31.93,32.35,8870670,285762295.88,1.3714,0.936
2025-11-11,32.4,32.47,31.89,31.95,7792826,249938858.43,1.2048,-1.2365
2025-11-12,31.81,32.2,31.72,32.13,6578068,210472942.45,1.0157,0.5634
2025-11-13,32.16,32.35,31.96,32.25,7857869,252815548.93,1.2133,0.3735
2025-11-14,32.03,32.2,31.49,31.5,8815150,280587178.55,1.3611,-2.3256
2025-11-17,31.45,31.64,31.14,31.5,6115790,192179776.86,0.9443,0.0
2025-11-18,31.41,31.45,31.11,31.4,6554867,205283252.35,1.0121,-0.3175
2025-11-19,31.4,31.66,31.3,31.45,5237338,164806193.05,0.8087,0.1592
2025-11-20,31.6,32.08,31.33,31.75,7872508,249722755.99,1.2155,0.9539
2025-11-21,31.72,32.26,31.44,31.79,10520235,334706845.34,1.6243,0.126
2025-11-24,32.14,32.15,31.46,31.7,8451922,267874570.97,1.305,-0.2831
2025-11-25,31.8,32.1,31.51,31.95,10329682,329426109.68,1.5949,0.7886
2025-11-26,31.93,32.1,31.2,31.49,13056607,411880662.34,2.016,-1.4397
2025-11-27,31.38,31.52,31.14,31.17,9013631,281777303.0,1.3917,-1.0162
2025-11-28,31.14,31.28,30.67,30.92,14306197,441408830.57,2.2089,-0.8021
2025-12-01,31.05,31.55,30.91,31.43,14577947,455306973.35,2.2509,1.6494
2025-12-02,31.27,31.28,30.36,30.54,17729812,542962230.36,2.7375,-2.8317
2025-12-03,30.55,32.09,30.23,31.53,19347523,602576462.57,2.9873,3.2417
2025-12-04,31.26,32.06,31.14,31.56,13020747,410574291.25,2.0104,0.0951
2025-12-05,31.31,32.17,31.28,32.1,17751980,565384194.38,2.7409,1.711
2025-12-08,32.38,32.6,31.85,31.93,20220396,652130856.45,3.1221,-0.5296
2025-12-09,31.68,31.92,30.87,30.99,19687754,616431765.38,3.0398,-2.9439
2025-12-10,30.82,31.65,30.8,31.04,13968661,435171977.98,2.1568,0.1613
2025-12-11,31.05,31.47,30.68,30.7,10054140,311339252.4,1.5524,-1.0954
2025-12-12,30.68,32.18,30.68,31.78,23085715,730856744.47,3.5645,3.5179
2025-12-15,31.82,31.89,31.06,31.09,14331811,449966633.06,2.2129,-2.1712
2025-12-16,31.62,31.98,31.24,31.55,17412217,551016933.41,2.6885,1.4796
2025-12-17,31.28,32.07,30.82,31.8,19562016,614987165.05,3.0204,0.7924
2025-12-18,31.48,33.65,31.41,32.74,39685830,1300133240.41,6.1276,2.956
2025-12-19,32.53,33.39,32.53,33.09,21899670,723806959.97,3.3813,1.069
2025-12-22,33.48,33.48,32.92,33.05,20234050,670689347.11,3.1242,-0.1209
2025-12-23,33.1,33.16,32.1,32.26,17916364,581778374.5,2.7663,-2.3903
2025-12-24,32.15,33.05,32.12,32.91,18943392,621008155.97,2.9249,2.0149
2025-12-25,32.9,33.75,32.78,33.63,25115839,837086185.81,3.8779,2.1878
2025-12-26,33.63,34.69,33.33,34.15,29297783,996658388.55,4.5236,1.5462
2025-12-29,34.1,34.16,33.49,33.5,23898744,806119745.71,3.69,-1.9034
2025-12-30,33.39,35.17,33.3,34.04,31002496,1060955921.46,4.7868,1.6119
2025-12-31,33.89,35.19,33.7,34.91,32329807,1119148791.25,4.9918,2.5558
2026-01-05,35.35,37.66,34.82,36.45,45426084,1641502093.35,7.0139,4.4113
2026-01-06,36.28,43.7,35.94,42.33,71932017,2832281156.8,11.1064,16.1317
2026-01-07,41.0,41.1,39.69,40.79,54979552,2219724772.16,8.4889,-3.6381
2026-01-08,40.05,42.36,39.7,41.57,46338663,1910039501.18,7.1548,1.9122
2026-01-09,41.69,43.99,40.72,42.68,51668871,2195184463.53,7.9778,2.6702
2026-01-12,43.99,48.0,42.85,46.3,59682050,2724342684.73,9.215,8.4817
2026-01-13,45.01,45.05,40.28,40.68,63642029,2654323248.28,9.8264,-12.1382
2026-01-14,41.02,42.64,40.4,40.9,47619233,1973102203.94,7.3473,0.5408
2026-01-15,40.51,40.9,39.18,39.78,40610250,1617146778.65,6.2659,-2.7384
2026-01-16,40.09,40.37,39.03,39.14,28725487,1131894770.71,4.4322,-1.6088
2026-01-19,38.81,40.3,38.81,39.93,27375688,1087129808.08,4.2239,2.0184
2026-01-20,40.02,40.2,38.6,39.22,21406510,838630189.73,3.3029,-1.7781
2026-01-21,39.0,39.78,38.92,39.35,19497159,768028757.43,3.0083,0.3315
2026-01-22,39.46,40.5,39.3,39.95,26169150,1044776901.34,4.0377,1.5248
2026-01-23,40.0,42.49,39.96,41.97,42171707,1745301454.52,6.5068,5.0563
2026-01-26,41.56,41.56,39.39,39.49,28875573,1159113918.32,4.4553,-5.909
2026-01-27,39.14,40.5,39.05,40.09,19705558,788297769.54,3.0404,1.5194
2026-01-28,40.5,40.5,39.2,39.54,15646385,618390350.65,2.4141,-1.3719
2026-01-29,39.44,39.98,38.6,38.6,18873711,740407129.45,2.9121,-2.3773
2026-01-30,38.56,39.11,37.3,38.8,23925841,915492285.12,3.6916,0.5181
2026-02-02,38.6,38.9,37.41,37.43,15672893,596776947.3,2.4182,-3.5309
2026-02-03,38.12,38.28,37.72,38.21,15848655,602887786.13,2.4453,2.0839
2026-02-04,38.22,38.55,37.72,38.33,13743410,523672600.29,2.1205,0.3141
2026-02-05,38.08,38.4,37.62,37.88,10886842,413326588.79,1.6798,-1.174
2026-02-06,37.71,38.04,37.1,37.1,14475409,543093009.75,2.2335,-2.0591
2026-02-09,37.76,38.23,37.51,37.96,11424147,433269689.93,1.7627,2.3181
2026-02-10,38.17,38.19,37.5,37.5,10358770,390013593.05,1.5983,-1.2118
2026-02-11,37.76,37.92,37.35,37.46,7300558,274531203.56,1.1264,-0.1067
2026-02-12,37.36,37.59,37.2,37.37,7342497,274434337.02,1.1329,-0.2403
2026-02-13,37.37,37.5,36.86,36.88,8828045,328183929.37,1.3621,-1.3112
2026-02-24,37.12,37.5,37.0,37.02,8069841,300495058.92,1.2451,0.3796
2026-02-25,37.3,37.64,36.92,37.47,10717485,401189160.16,1.6536,1.2156
2026-02-26,37.46,38.16,37.24,38.08,13642268,516258708.83,2.1049,1.628
2026-02-27,38.07,38.18,37.68,37.82,9956458,377181034.97,1.5362,-0.6828
2026-03-02,38.02,38.76,37.58,38.61,23321764,892008368.28,3.5984,2.0888
2026-03-03,38.35,38.43,35.03,35.08,27458546,1001052087.29,4.2367,-9.1427
2026-03-04,35.01,35.69,34.9,35.14,11605800,409338548.32,1.7907,0.171
2026-03-05,35.76,35.9,34.8,35.1,11930683,420650453.0,1.8408,-0.1138
2026-03-06,35.0,35.72,34.88,35.38,8412859,297596072.6,1.298,0.7977
2026-03-09,35.35,36.68,35.0,36.4,17821599,639206506.19,2.7498,2.883
2026-03-10,36.4,37.29,36.4,36.73,10588065,389189854.61,1.6337,0.9066
2026-03-11,36.73,36.84,36.3,36.35,9043796,330085921.89,1.3954,-1.0346
2026-03-12,36.2,36.35,35.61,35.85,7768955,279187487.66,1.1987,-1.3755
2026-03-13,35.79,36.45,35.33,35.67,7423615,266110695.66,1.1454,-0.5021
2026-03-16,35.76,35.95,34.86,35.2,10273409,362002589.47,1.5851,-1.3176
2026-03-17,35.3,35.45,34.36,34.39,9225034,321039124.44,1.4234,-2.3011
2026-03-18,34.5,34.74,34.13,34.61,7829697,269842759.51,1.2081,0.6397
2026-03-19,34.21,34.27,33.77,34.0,8021710,272685450.1,1.2377,-1.7625
2026-03-20,34.02,34.26,32.97,32.97,10758182,360328607.79,1.6599,-3.0294
2026-03-23,32.4,32.69,31.08,31.37,13932224,444020560.55,2.1496,-4.8529
2026-03-24,31.88,31.98,31.33,31.83,9066147,286717787.42,1.3988,1.4664
2026-03-25,31.98,32.69,31.97,32.45,8063248,261844202.7,1.2441,1.9478
2026-03-26,32.7,32.7,31.89,32.19,6790442,218965288.18,1.0477,-0.8012
