日期,开盘,最高,最低,收盘,成交量,成交额,换手率,涨跌幅
2019-01-02,10.0,10.18,9.92,10.01,13420967,134928558.0,0.633815,-0.49702
2019-01-03,10.02,10.16,9.66,9.78,19181232,188713889.0,0.905847,-2.297707
2019-01-04,9.76,9.87,9.65,9.71,17033342,165985237.0,0.804412,-0.715743
2019-01-07,9.79,10.32,9.74,10.22,22970998,230298324.0,1.084822,5.252319
2019-01-08,10.2,10.41,10.02,10.06,17446655,177312815.0,0.823931,-1.565556
2019-01-09,10.12,10.2,9.88,9.93,19743291,198256048.0,0.932391,-1.292248
2019-01-10,9.95,10.27,9.89,10.1,15646395,158019769.0,0.738912,1.711985
2019-01-11,10.1,10.35,10.05,10.14,14544688,147982219.0,0.686883,0.396039
2019-01-14,10.12,10.2,9.92,10.13,10025681,101094051.0,0.47347,-0.098622
2019-01-15,10.1,10.38,10.05,10.29,15120287,155220202.0,0.714066,1.579465
2019-01-16,10.34,10.44,10.24,10.28,12556986,129477651.0,0.593013,-0.097184
2019-01-17,10.32,10.35,10.1,10.11,9622553,98102288.0,0.454432,-1.653697
2019-01-18,10.16,10.26,10.03,10.25,10311882,104955767.0,0.486986,1.384771
2019-01-21,10.25,10.37,10.15,10.27,9148929,93858754.0,0.432065,0.195126
2019-01-22,10.29,10.29,9.85,10.01,16058976,160714353.0,0.758396,-2.531648
2019-01-23,9.95,10.09,9.9,10.06,9787393,97770789.0,0.462217,0.499502
2019-01-24,10.06,10.23,9.94,10.06,11562964,116881012.0,0.546069,0.0
2019-01-25,10.1,10.28,10.0,10.19,12267814,124817599.0,0.579356,1.292238
2019-01-28,10.23,10.5,10.2,10.27,14086339,146161607.0,0.665237,0.785092
2019-01-29,10.23,10.23,10.02,10.11,12104135,122149767.0,0.571626,-1.557943
2019-01-30,10.12,10.15,9.84,9.88,8668786,86627619.0,0.40939,-2.274971
2019-01-31,9.87,10.17,9.83,10.17,12370774,124162075.0,0.584219,2.935222
2019-02-01,10.15,10.34,10.15,10.3,13261314,135970099.0,0.626275,1.27827
2019-02-11,10.36,10.55,10.32,10.48,14017545,146638418.0,0.661988,1.747566
2019-02-12,10.44,10.68,10.43,10.53,14157719,149433386.0,0.668608,0.477101
2019-02-13,10.51,10.86,10.47,10.81,25612239,274333600.0,1.209556,2.659076
2019-02-14,10.77,10.9,10.62,10.82,21331896,229655990.0,1.007414,0.0925
2019-02-15,10.79,10.97,10.64,10.68,19363802,208998751.0,0.914469,-1.293895
2019-02-18,10.76,11.1,10.73,11.09,28583674,312366273.0,1.349884,3.83895
2019-02-19,11.22,11.25,10.76,10.85,29995865,327535953.0,1.416576,-2.16411
2019-02-20,10.84,10.9,10.61,10.87,16948007,182238043.0,0.800382,0.184327
2019-02-21,11.08,11.96,11.06,11.55,71298116,827432887.0,3.367104,6.255753
2019-02-22,11.67,12.1,11.47,12.05,50637258,598276961.0,2.39138,4.329004
2019-02-25,12.56,12.95,12.31,12.4,70810404,887207747.0,3.344071,2.904559
2019-02-26,12.46,12.46,11.93,12.0,52307120,634973857.0,2.470241,-3.225803
2019-02-27,12.0,12.2,11.59,11.8,39473386,470098015.0,1.864158,-1.666665
2019-02-28,11.77,11.92,11.6,11.7,26816697,314681924.0,1.266437,-0.847461
2019-03-01,11.84,11.87,11.58,11.82,26166219,306427096.0,1.235718,1.02564
2019-03-04,11.94,12.27,11.88,11.99,50335158,609164783.0,2.377113,1.438241
2019-03-05,11.92,12.25,11.82,12.24,37560074,454151832.0,1.773801,2.085071
2019-03-06,12.26,12.3,11.76,11.98,47080330,562503987.0,2.223402,-2.124185
2019-03-07,11.81,11.86,11.43,11.58,58459961,678538403.0,2.760813,-3.338895
2019-03-08,11.45,11.97,11.32,11.49,50710032,592067069.0,2.394817,-0.777203
2019-03-11,11.49,12.02,11.46,12.0,41690548,490977934.0,1.968866,4.438644
2019-03-12,11.85,12.15,11.81,11.96,41271655,494538428.0,1.949083,-0.333333
2019-03-13,12.0,12.05,11.51,11.57,28427952,333702179.0,1.34253,-3.260873
2019-03-14,11.44,11.66,11.39,11.52,19262415,221502169.0,0.909681,-0.432146
2019-03-15,11.53,11.67,11.42,11.49,13452759,155322926.0,0.635316,-0.260423
2019-03-18,11.52,11.83,11.48,11.81,20017126,233669793.0,0.945323,2.785036
2019-03-19,11.75,12.06,11.74,11.97,24918239,297160399.0,1.176781,1.354783
2019-03-20,11.95,11.96,11.54,11.89,24211142,285204031.0,1.143388,-0.668337
2019-03-21,12.2,12.7,11.91,12.48,67045511,828558074.0,3.166271,4.962146
2019-03-22,12.47,12.65,12.16,12.63,44022562,547996919.0,2.078997,1.201928
2019-03-25,12.34,12.77,12.29,12.34,33323815,417653729.0,1.573741,-2.29612
2019-03-26,12.48,12.5,11.92,11.97,26994985,329126799.0,1.274857,-2.998378
2019-03-27,12.15,13.17,11.98,12.95,72036110,923420963.0,3.401956,8.187131
2019-03-28,12.82,13.36,12.61,13.1,58779148,768338130.0,2.775887,1.158306
2019-03-29,13.0,13.3,12.7,13.24,44886248,586865035.0,2.119785,1.068698
2019-04-01,13.31,13.75,13.1,13.54,51823544,697581880.0,2.447403,2.265862
2019-04-02,13.46,13.56,13.19,13.27,35438037,472898048.0,1.673584,-1.994088
2019-04-03,13.19,13.29,12.95,13.22,26772118,351038339.0,1.264331,-0.376791
2019-04-04,13.33,13.35,13.03,13.21,26966061,354957921.0,1.27349,-0.075645
2019-04-08,13.34,13.38,12.82,12.98,29649699,386140390.0,1.400226,-1.741109
2019-04-09,12.92,13.26,12.88,13.17,20030355,262588181.0,0.945947,1.463795
2019-04-10,13.17,13.17,12.88,13.03,15738267,204483998.0,0.74325,-1.063025
2019-04-11,13.07,13.32,12.74,13.15,30571457,398406355.0,1.443757,0.920951
2019-04-12,13.25,13.68,13.09,13.09,41194399,551722646.0,1.945432,-0.45627
2019-04-15,13.39,14.22,13.3,13.7,49854098,685271909.0,2.354392,4.660043
2019-04-16,13.74,14.56,13.43,14.49,50206037,708355637.0,2.371013,5.766423
2019-04-17,14.49,14.66,14.04,14.1,41793031,594717303.0,1.973703,-2.691507
2019-04-18,14.1,14.27,13.93,13.98,16874130,237280482.0,0.796892,-0.85107
2019-04-19,13.98,14.15,13.68,14.09,16769704,233430256.0,0.79196,0.786843
2019-04-22,14.1,14.26,13.81,13.86,17916205,251964312.0,0.846105,-1.632367
2019-04-23,13.88,14.05,13.55,13.8,22236209,306440959.0,1.05012,-0.432897
2019-04-24,13.83,13.93,13.52,13.76,16017495,219439227.0,0.756437,-0.289855
2019-04-25,13.56,14.24,13.56,13.78,32963320,459689656.0,1.556714,0.145345
2019-04-26,13.8,14.09,13.6,13.78,20103870,279042026.0,0.949418,0.0
2019-04-29,13.65,13.94,12.8,12.98,26459605,353403562.0,1.249572,-5.805517
2019-04-30,12.98,13.44,12.98,13.27,14245053,188849375.0,0.672732,2.234214
2019-05-06,12.59,12.75,11.94,11.96,30212396,371669836.0,1.4268,-9.871894
2019-05-07,12.03,12.29,11.88,12.18,18264410,220682177.0,0.862549,1.839467
2019-05-08,11.98,12.53,11.7,12.39,19066375,234322037.0,0.900422,1.724138
2019-05-09,12.28,12.6,12.07,12.12,13428985,165039240.0,0.634193,-2.17918
2019-05-10,12.3,13.33,12.05,13.33,31109625,399089378.0,1.469172,9.983499
2019-05-13,13.0,13.27,12.9,13.05,16284989,212885176.0,0.769069,-2.100523
2019-05-14,12.69,13.1,12.58,12.88,22404625,286882734.0,1.058073,-1.302683
2019-05-15,13.0,13.06,12.81,12.99,16041861,207962098.0,0.757587,0.854035
2019-05-16,12.98,13.02,12.46,12.76,19883989,252047986.0,0.939034,-1.770589
2019-05-17,12.8,13.2,12.6,12.66,20433449,263734351.0,0.964983,-0.783702
2019-05-20,12.98,13.11,12.31,12.82,19122378,244247784.0,0.903067,1.263822
2019-05-21,12.65,13.85,12.65,13.5,34502535,460034675.0,1.629405,5.304215
2019-05-22,13.67,14.37,13.52,14.02,45965775,644904360.0,2.170764,3.851855
2019-05-23,14.02,14.29,13.63,13.75,24820668,345086070.0,1.172172,-1.925823
2019-05-24,13.57,13.83,12.8,13.24,23907126,319963761.0,1.12903,-3.709093
2019-05-27,13.18,14.28,13.18,14.19,34239894,477300666.0,1.617001,7.175225
2019-05-28,14.22,14.28,13.88,13.95,22417781,313908283.0,1.058694,-1.69133
2019-05-29,13.82,14.24,13.82,13.9,19207355,268906699.0,0.90708,-0.358424
2019-05-30,13.81,14.18,13.56,13.92,20221810,280473166.0,0.953482,0.143888
2019-05-31,13.93,14.16,13.8,14.14,19517866,273451876.0,0.92029,1.580462
2019-06-03,14.11,14.62,13.85,14.25,34271734,489096664.0,1.615953,0.777933
2019-06-04,14.31,14.91,14.18,14.51,37492336,547178854.0,1.767808,1.824563
2019-06-05,14.4,14.8,14.2,14.22,27463411,395932839.0,1.294932,-1.998621
2019-06-06,13.85,13.85,12.88,12.89,28664258,375362129.0,1.351554,-7.065606
2019-06-10,12.9,13.96,12.87,13.7,29041222,393114058.0,1.369328,6.283937
2019-06-11,13.75,14.16,13.46,14.13,37852775,526023748.0,1.784803,3.138689
2019-06-12,14.0,14.23,13.91,13.96,21742580,305431571.0,1.025188,-1.203114
2019-06-13,13.93,14.14,13.75,13.93,14288890,198706898.0,0.673738,-0.214898
2019-06-14,13.91,14.09,13.74,13.85,17502313,243478237.0,0.825255,-0.574299
2019-06-17,13.88,13.93,13.6,13.61,10746400,147336707.0,0.506705,-1.732857
2019-06-18,13.69,13.81,13.48,13.52,10243114,139580364.0,0.482975,-0.661273
2019-06-19,14.55,14.55,13.83,13.86,23159203,325780918.0,1.091984,2.514787
2019-06-20,13.85,14.24,13.73,14.05,19151260,269232548.0,0.903005,1.370855
2019-06-21,14.13,14.7,14.07,14.57,34797452,502965211.0,1.640741,3.701064
2019-06-24,14.45,14.6,14.25,14.3,21748597,312895537.0,1.025472,-1.85312
2019-06-25,14.34,14.46,13.91,14.12,20172661,285384833.0,0.951165,-1.258743
2019-06-26,14.04,14.66,14.03,14.57,25277956,365826050.0,1.191885,3.186968
2019-06-27,14.92,15.84,14.91,15.39,58749640,897670755.0,2.770115,5.628007
2019-06-28,15.25,15.27,14.91,15.05,34952771,526439612.0,1.648064,-2.209228
2019-07-01,15.6,15.89,15.16,15.32,56760067,878688006.0,2.607233,1.794017
2019-07-02,15.32,15.32,14.75,14.94,37579436,562950404.0,1.726184,-2.480419
2019-07-03,14.9,15.11,14.76,15.08,23406352,349205218.0,1.075154,0.937084
2019-07-04,15.1,15.13,14.78,14.85,15319437,228394790.0,0.703687,-1.525196
2019-07-05,14.85,15.11,14.84,15.09,16045661,240437311.0,0.737046,1.61616
2019-07-08,15.07,15.29,14.71,15.27,26039563,391300695.0,1.196109,1.192845
2019-07-09,15.14,15.5,15.07,15.18,26388705,403128225.0,1.212146,-0.589392
2019-07-10,15.26,15.31,14.76,14.85,19719032,294893146.0,0.90578,-2.173913
2019-07-11,14.95,15.0,14.65,14.8,19162113,283700383.0,0.880198,-0.336702
2019-07-12,14.78,14.92,14.67,14.89,11871795,176138757.0,0.545322,0.608109
2019-07-15,14.86,15.25,14.63,15.05,19207198,287895359.0,0.882269,1.074546
2019-07-16,15.0,15.3,14.93,15.14,21181277,321348444.0,0.972947,0.598008
2019-07-17,15.18,15.44,15.06,15.13,20396003,310658622.0,0.936876,-0.066052
2019-07-18,15.0,15.0,14.35,14.4,29838572,433231901.0,1.370613,-4.824854
2019-07-19,14.48,14.62,14.39,14.49,20679285,299918979.0,0.949888,0.625001
2019-07-22,14.58,14.73,14.17,14.5,20172741,293333300.0,0.92662,0.069015
2019-07-23,14.61,14.76,14.48,14.68,19693092,288556424.0,0.904588,1.241381
2019-07-24,14.78,15.2,14.71,15.13,32482427,488697028.0,1.492057,3.065394
2019-07-25,15.98,16.64,15.71,16.64,88405588,1452340808.0,4.060847,9.980166
2019-07-26,17.28,17.88,16.88,17.39,101081328,1752466676.0,4.6431,4.5072
2019-07-29,17.5,19.13,17.5,18.77,87627042,1616878367.0,4.025085,7.935601
2019-07-30,19.5,19.5,18.72,18.9,92944437,1772838548.0,4.2693,0.6926
2019-07-31,18.71,19.3,18.7,19.0,67427030,1282948829.0,3.0972,0.5291
2019-08-01,18.97,19.28,18.82,19.28,64255201,1225248049.0,2.9515,1.4737
2019-08-02,18.91,19.35,18.27,19.1,71819949,1358922051.0,3.1553,-0.9336
2019-08-05,19.01,19.88,18.72,19.21,66821888,1288103668.0,2.9357,0.5759
2019-08-06,18.71,20.05,18.4,19.75,88751538,1703516635.0,3.8991,2.811
2019-08-07,19.7,19.7,18.86,18.97,61629654,1188588507.0,2.7076,-3.9494
2019-08-08,18.73,19.74,18.56,19.46,60385913,1156291108.0,2.6529,2.583
2019-08-09,19.52,20.84,19.37,20.04,96404015,1946947424.0,4.2353,2.9805
2019-08-12,20.0,22.04,19.58,22.04,73674245,1522967098.0,3.2367,9.98
2019-08-13,21.65,22.43,21.11,21.52,85009047,1846798505.0,3.7347,-2.3593
2019-08-14,21.99,22.36,20.88,20.93,79800073,1726951335.0,3.5059,-2.7416
2019-08-15,20.0,21.16,19.51,20.78,76748717,1546083489.0,3.3718,-0.7167
2019-08-16,20.5,21.14,20.3,20.61,57478467,1188655911.0,2.5252,-0.8181
2019-08-19,20.82,22.67,20.8,22.36,117597512,2602896622.0,5.1664,8.491
2019-08-20,22.05,22.85,21.93,22.1,79376885,1772439966.0,3.4873,-1.1628
2019-08-21,22.3,24.1,21.85,23.8,93503602,2153762425.0,4.1079,7.6923
2019-08-22,23.65,23.92,22.58,23.13,70542045,1640781709.0,3.0991,-2.8151
2019-08-23,22.88,25.18,22.55,24.39,86474395,2051218180.0,3.7991,5.4475
2019-08-26,23.91,25.75,23.73,25.7,91911524,2272704031.0,4.038,5.3711
2019-08-27,25.0,26.35,24.88,25.07,100556248,2554224509.0,4.4177,-2.4514
2019-08-28,25.17,25.7,24.67,25.21,75106267,1889766647.0,3.2996,0.5584
2019-08-29,25.21,26.28,25.2,25.96,89581339,2318696660.0,3.9356,2.975
2019-08-30,26.25,26.32,24.3,24.36,100119957,2523011268.0,4.3986,-6.1633
2019-09-02,24.34,25.83,24.15,25.29,88545154,2210652231.0,3.8901,3.8177
2019-09-03,25.16,27.5,25.15,27.5,103459471,2724014800.0,4.5453,8.7386
2019-09-04,27.02,27.1,26.31,26.98,76116852,2034185923.0,3.344,-1.8909
2019-09-05,26.72,27.82,26.3,26.3,96007991,2590298750.0,4.2179,-2.5204
2019-09-06,26.51,26.99,24.8,25.67,84793179,2188642757.0,3.7252,-2.3954
2019-09-09,25.75,26.68,25.03,26.51,73701249,1913832920.0,3.2379,3.2723
2019-09-10,26.47,26.99,25.7,25.71,70281626,1840464551.0,3.0877,-3.0177
2019-09-11,25.99,26.08,24.88,25.38,66097098,1682531274.0,2.9038,-1.2835
2019-09-12,25.54,25.66,24.81,25.43,50646562,1278141726.0,2.2251,0.197
2019-09-16,25.53,27.25,25.3,26.63,85354387,2252898469.0,3.7499,4.7188
2019-09-17,26.34,27.16,26.27,26.8,68512756,1833560640.0,3.01,0.6384
2019-09-18,27.0,27.75,25.91,27.21,74378634,2000269815.0,3.2677,1.5299
2019-09-19,27.01,28.47,26.8,28.09,81474461,2281735627.0,3.5794,3.2341
2019-09-20,28.47,29.7,28.1,28.3,99413317,2868770704.0,4.3675,0.7476
2019-09-23,28.08,29.98,27.91,29.98,77538998,2237089787.0,3.4065,5.9364
2019-09-24,29.6,29.88,28.8,29.35,64785117,1903061310.0,2.8462,-2.1014
2019-09-25,29.1,29.65,27.17,28.12,73606765,2068666283.0,3.2338,-4.1908
2019-09-26,28.0,28.6,27.02,27.68,66452938,1850289064.0,2.9195,-1.5647
2019-09-27,27.65,28.36,27.35,27.71,56034533,1561775560.0,2.4618,0.1084
2019-09-30,27.51,27.71,24.94,24.94,71626871,1870024554.0,3.1468,-9.9964
2019-10-08,25.11,26.1,24.88,24.92,63427253,1616096386.0,2.7866,-0.0802
2019-10-09,25.09,25.78,24.42,25.62,50401335,1279443056.0,2.2143,2.809
2019-10-10,25.6,26.5,25.45,26.4,59106376,1537241173.0,2.5967,3.0445
2019-10-11,27.55,28.14,26.65,27.85,83270950,2284324618.0,3.6583,5.4924
2019-10-14,27.41,28.29,27.01,27.94,65483331,1813189259.0,2.8769,0.3232
2019-10-15,27.69,27.72,25.37,25.93,78317422,2053289523.0,3.4407,-7.194
2019-10-16,25.74,26.3,25.09,25.48,39598397,1018517262.0,1.7397,-1.7354
2019-10-17,25.74,25.78,24.6,25.53,37433487,946520230.0,1.6446,0.1962
2019-10-18,25.58,26.04,24.68,24.92,36775501,933135839.0,1.6157,-2.3893
2019-10-21,25.0,25.09,23.78,24.67,34935177,852784251.0,1.5348,-1.0032
2019-10-22,25.04,25.26,24.5,24.9,30423034,756185506.0,1.3366,0.9323
2019-10-23,25.01,25.62,24.5,25.28,43661769,1102303724.0,1.9182,1.5261
2019-10-24,25.06,25.23,24.32,24.61,33195093,818733851.0,1.4584,-2.6503
2019-10-25,24.54,24.95,23.83,24.79,39600594,965215090.0,1.7398,0.7314
2019-10-28,24.95,26.58,24.85,26.55,56069720,1448619756.0,2.4633,7.0996
2019-10-29,26.5,26.5,25.0,25.57,53404456,1360883987.0,2.3462,-3.6911
2019-10-30,24.0,24.0,23.01,23.01,97812315,2266629856.0,4.2972,-10.0117
2019-10-31,22.6,23.5,22.45,22.5,55338053,1267804363.0,2.4312,-2.2164
2019-11-01,22.6,23.5,22.52,23.35,51401499,1190447848.0,2.2582,3.7778
2019-11-04,23.35,24.39,23.3,23.99,53140632,1273957941.0,2.3346,2.7409
2019-11-05,24.25,24.25,23.61,24.0,36602247,875387180.0,1.608,0.0417
2019-11-06,23.93,24.03,22.55,22.82,63843255,1474221861.0,2.8048,-4.9167
2019-11-07,22.85,23.04,22.18,22.69,47398823,1076849207.0,2.0824,-0.5697
2019-11-08,22.95,23.26,22.58,22.62,48068425,1101367137.0,2.1118,-0.3085
2019-11-11,22.29,22.97,21.8,22.41,43315322,978002621.0,1.903,-0.9284
2019-11-12,22.43,23.58,22.15,23.04,54180648,1238782258.0,2.3803,2.8112
2019-11-13,22.8,23.23,22.51,22.94,41081556,939616322.0,1.8048,-0.434
2019-11-14,23.04,23.76,22.74,23.53,58334807,1359721299.0,2.5628,2.5719
2019-11-15,23.26,23.77,23.18,23.26,46368849,1085861691.0,2.0371,-1.1475
2019-11-18,23.28,23.38,21.93,22.31,55864135,1246293821.0,2.4543,-4.0843
2019-11-19,22.31,22.5,21.89,22.49,71178481,1577255320.0,3.1271,0.8068
2019-11-20,22.35,23.05,22.28,22.42,51519596,1168456649.0,2.2634,-0.3112
2019-11-21,22.3,22.93,22.23,22.81,43695340,991280708.0,1.9197,1.7395
2019-11-22,22.84,23.05,21.96,22.2,43768948,981260286.0,1.9229,-2.6743
2019-11-25,22.02,22.1,20.91,21.58,41155384,880671377.0,1.8081,-2.7928
2019-11-26,21.67,21.93,21.1,21.72,38493803,827080888.0,1.6911,0.6487
2019-11-27,21.38,22.25,21.25,21.91,35690623,780698856.0,1.568,0.8748
2019-11-28,22.15,22.94,21.73,22.81,48813184,1096131665.0,2.1445,4.1077
2019-11-29,22.66,23.56,22.63,22.91,52435853,1213381318.0,2.3037,0.4384
2019-12-02,23.0,23.74,22.92,23.36,40929636,958559467.0,1.7982,1.9642
2019-12-03,23.26,23.55,22.57,23.38,35940323,830255725.0,1.579,0.0856
2019-12-04,23.11,23.33,22.9,23.01,30052757,694097282.0,1.3203,-1.5825
2019-12-05,23.11,23.92,22.9,23.58,46849530,1101417545.0,2.0582,2.4772
2019-12-06,23.48,23.85,23.3,23.62,29558861,694597955.0,1.2986,0.1696
2019-12-09,23.55,23.87,23.21,23.44,29819942,702074071.0,1.3101,-0.7621
2019-12-10,23.45,23.84,22.97,23.81,39346918,922146402.0,1.7286,1.5785
2019-12-11,23.84,24.85,23.77,24.28,62146491,1515068789.0,2.7303,1.974
2019-12-12,24.61,24.78,24.11,24.3,42102427,1027435055.0,1.8497,0.0824
2019-12-13,24.66,24.72,23.25,23.39,86302177,2040365574.0,3.7915,-3.7449
2019-12-16,23.61,24.09,23.28,24.04,53537330,1266104781.0,2.3521,2.779
2019-12-17,24.04,24.44,23.73,23.91,60312691,1447525373.0,2.6497,-0.5408
2019-12-18,23.92,23.92,23.13,23.3,67252074,1576525460.0,2.9546,-2.5512
2019-12-19,23.2,23.2,22.29,22.47,56356918,1274574840.0,2.4759,-3.5622
2019-12-20,22.52,22.6,22.02,22.2,34681927,772009148.0,1.5237,-1.2016
2019-12-23,22.02,22.04,20.65,20.7,76323773,1609246966.0,3.3531,-6.7568
2019-12-24,20.71,21.02,20.68,20.84,38808040,809061840.0,1.705,0.6763
2019-12-25,20.9,21.27,20.83,21.02,34713612,731451761.0,1.5251,0.8637
2019-12-26,21.0,21.14,20.69,21.06,32200266,673223258.0,1.4147,0.1903
2019-12-27,21.26,21.49,20.66,20.77,49098817,1030718677.0,2.1571,-1.377
2019-12-30,20.61,20.87,20.01,20.68,34324152,704330806.0,1.508,-0.4333
2019-12-31,20.72,21.15,20.72,20.92,41226992,860349819.0,1.8112,1.1605
2020-01-02,21.38,22.97,21.03,22.74,97498793,2152265774.0,4.2834,8.6998
2020-01-03,22.8,23.15,22.5,22.8,67222064,1536373878.0,2.9533,0.2638
2020-01-06,22.62,23.79,22.33,23.48,76493115,1781544909.0,3.3606,2.9825
2020-01-07,23.51,23.75,23.02,23.3,44759589,1039496425.0,1.9664,-0.7666
2020-01-08,23.11,23.12,22.42,22.51,41779383,951450159.0,1.8355,-3.3906
2020-01-09,22.9,23.0,22.61,23.0,34423410,786079261.0,1.5123,2.1768
2020-01-10,23.09,23.5,22.9,23.1,41145597,956207639.0,1.8077,0.4348
2020-01-13,23.22,24.45,23.05,24.32,75941510,1817789557.0,3.3363,5.2814
2020-01-14,24.35,24.43,23.75,23.88,42727532,1024187777.0,1.8772,-1.8092
2020-01-15,23.83,24.06,23.39,23.93,35769914,849783325.0,1.5715,0.2094
2020-01-16,23.94,23.94,23.48,23.6,30099024,711767053.0,1.3223,-1.379
2020-01-17,23.71,23.78,22.85,23.0,37521913,868731782.0,1.6485,-2.5424
2020-01-20,23.12,24.24,23.09,24.2,54775473,1302957342.0,2.4065,5.2174
2020-01-21,24.0,25.2,23.86,24.62,57630633,1425463476.0,2.5319,1.7355
2020-01-22,24.3,26.05,23.98,25.75,64772556,1639391171.0,2.8457,4.5898
2020-01-23,25.1,25.78,23.77,24.32,57257656,1424481779.0,2.5155,-5.5534
2020-02-03,21.89,21.89,21.89,21.89,11385100,249219839.0,0.5002,-9.9918
2020-02-04,19.9,22.58,19.86,21.55,57254300,1232655999.0,2.5154,-1.5532
2020-02-05,21.7,22.45,21.01,21.34,55144438,1199801517.0,2.4227,-0.9745
2020-02-06,21.2,22.33,20.74,21.92,56252247,1203792832.0,2.4713,2.7179
2020-02-07,22.03,23.12,21.81,22.94,61523136,1389187541.0,2.7029,4.6533
2020-02-10,22.94,23.75,22.61,23.36,46699005,1085365665.0,2.0516,1.8309
2020-02-11,23.49,23.6,22.67,23.18,48354652,1116200349.0,2.1244,-0.7705
2020-02-12,23.0,23.9,22.82,23.81,48861929,1146329251.0,2.1467,2.7179
2020-02-13,23.7,24.97,23.6,24.34,60005945,1468708005.0,2.6362,2.226
2020-02-14,24.45,26.27,24.3,25.89,79504572,2039407834.0,3.4929,6.3681
2020-02-17,25.89,28.35,25.7,28.0,86810951,2367033023.0,3.8139,8.1499
2020-02-18,28.0,28.17,27.35,27.98,54880912,1528680315.0,2.4111,-0.0714
2020-02-19,27.7,28.5,26.9,27.08,57242012,1585050566.0,2.5148,-3.2166
2020-02-20,27.46,28.3,26.88,27.95,58221736,1611299182.0,2.5579,3.2127
2020-02-21,29.3,30.68,28.83,29.28,83845692,2481513624.0,3.6836,4.7585
2020-02-24,29.66,32.21,29.66,32.21,79957967,2529014543.0,3.5128,10.0068
2020-02-25,32.01,34.27,30.38,33.69,130993795,4281408973.0,5.755,4.5948
2020-02-26,32.6,33.25,30.32,30.55,92154711,2916706284.0,4.0486,-9.3203
2020-02-27,30.5,31.95,29.61,30.99,65599304,2029987449.0,2.882,1.4403
2020-02-28,29.79,32.3,29.3,30.85,77859531,2387378736.0,3.4206,-0.4518
2020-03-02,32.1,33.94,32.09,33.94,71169019,2354378591.0,3.1267,10.0162
2020-03-03,35.7,36.8,32.54,33.88,105509687,3651728671.0,4.6354,-0.1768
2020-03-04,32.9,33.28,31.5,32.29,73628716,2381235174.0,3.2347,-4.693
2020-03-05,33.55,33.98,31.15,31.92,69948721,2262704920.0,3.0731,-1.1459
2020-03-06,30.77,31.99,30.77,31.35,36054795,1135876506.0,1.584,-1.7857
2020-03-09,30.74,32.19,29.96,30.0,49801290,1537344478.0,2.1879,-4.3062
2020-03-10,29.9,33.0,29.83,33.0,70116900,2217646701.0,3.0804,10.0
2020-03-11,33.11,34.3,32.21,33.0,65006453,2161534099.0,2.8559,0.0
2020-03-12,31.7,32.83,31.07,32.77,46642074,1488959519.0,2.0491,-0.697
2020-03-13,31.0,33.8,30.97,33.19,60155912,1956113620.0,2.6428,1.2817
2020-03-16,33.39,33.5,29.87,29.87,70998400,2215864812.0,3.1192,-10.003
2020-03-17,30.24,30.65,26.88,29.0,70880966,2018527739.0,3.114,-2.9126
2020-03-18,29.16,30.48,28.38,28.45,45260676,1330753824.0,1.9884,-1.8965
2020-03-19,28.5,30.22,27.6,29.55,48285365,1398524325.0,2.1213,3.8664
2020-03-20,30.41,30.49,28.78,29.3,36054453,1063371966.0,1.584,-0.846
2020-03-23,27.88,29.05,27.05,27.74,41533167,1167042541.0,1.8247,-5.3242
2020-03-24,28.66,28.67,25.96,27.5,43452087,1186436356.0,1.909,-0.8652
2020-03-25,28.36,29.14,27.66,28.19,52902284,1502177485.0,2.3242,2.5091
2020-03-26,28.14,28.62,27.49,27.7,31152632,872996972.0,1.3686,-1.7382
2020-03-27,28.25,28.46,27.18,27.3,26888279,747582316.0,1.1813,-1.444
2020-03-30,26.72,27.2,25.18,26.5,42467602,1102379459.0,1.8657,-2.9304
2020-03-31,26.81,27.05,25.83,26.47,29339253,775513738.0,1.289,-0.1132
2020-04-01,26.1,27.18,26.0,26.4,33131466,884990846.0,1.4556,-0.2644
2020-04-02,26.41,27.54,26.26,27.48,40127077,1084919395.0,1.7629,4.0909
2020-04-03,27.3,27.45,26.28,26.46,32744797,876360877.0,1.4386,-3.7118
2020-04-07,27.3,28.07,27.2,27.92,40315186,1118018045.0,1.7712,5.5178
2020-04-08,27.75,28.95,27.5,28.41,35625129,1011909733.0,1.5651,1.755
2020-04-09,28.74,29.45,28.4,28.73,28230365,816559844.0,1.2402,1.1264
2020-04-10,28.66,29.16,28.1,28.56,26393449,755053234.0,1.1595,-0.5917
2020-04-13,28.1,28.31,27.2,27.76,23907715,663012776.0,1.0503,-2.8011
2020-04-14,28.18,28.98,28.0,28.95,24612702,700916584.0,1.0813,4.2867
2020-04-15,29.0,29.34,28.4,28.55,22856256,661835733.0,1.0041,-1.3817
2020-04-16,28.0,28.73,27.72,28.31,16600533,468351931.0,0.7293,-0.8406
2020-04-17,29.01,29.5,28.78,28.96,29636242,865380585.0,1.302,2.296
2020-04-20,29.1,30.55,28.97,30.2,30502254,908706827.0,1.3401,4.2818
2020-04-21,29.8,31.45,29.7,31.09,35291498,1083564906.0,1.5505,2.947
2020-04-22,30.78,31.26,30.18,30.84,20464473,627921694.0,0.8991,-0.8041
2020-04-23,30.84,31.8,30.53,30.96,23650851,736935940.0,1.0391,0.3891
2020-04-24,30.96,31.5,29.73,29.87,24778612,750503596.0,1.0886,-3.5207
2020-04-27,30.06,30.63,29.0,30.17,24266412,728471951.0,1.0661,1.0043
2020-04-28,30.17,31.1,29.5,30.73,27488647,838154034.0,1.2077,1.8561
2020-04-29,31.3,32.03,30.8,30.95,30204023,950829962.0,1.327,0.7159
2020-04-30,31.5,32.61,31.14,32.46,35656112,1143544836.0,1.5665,4.8788
2020-05-06,32.25,33.12,32.03,32.96,33892444,1110813952.0,1.489,1.5404
2020-05-07,34.0,34.35,32.33,32.81,43472078,1444116491.0,1.9099,-0.4551
2020-05-08,32.6,33.34,32.18,32.35,36403726,1184138354.0,1.5993,-1.402
2020-05-11,32.45,32.61,30.88,31.4,44619250,1407046431.0,1.9603,-2.9366
2020-05-12,31.38,31.86,30.8,31.86,28791332,906323369.0,1.2649,1.465
2020-05-13,31.48,31.92,31.0,31.7,28180885,886008670.0,1.2381,-0.5022
2020-05-14,31.48,32.86,31.25,32.35,38624343,1251125149.0,1.6969,2.0505
2020-05-15,32.37,32.65,31.85,31.99,36605213,1175081981.0,1.6082,-1.1128
2020-05-18,31.11,31.35,29.26,29.44,66439730,1987827408.0,2.9189,-7.9712
2020-05-19,29.73,30.31,29.38,30.18,30040760,897383746.0,1.3198,2.5136
2020-05-20,29.99,30.27,28.91,29.25,28892951,851480047.0,1.2694,-3.0815
2020-05-21,29.36,29.38,28.0,28.2,38747637,1101731655.0,1.7023,-3.5897
2020-05-22,28.1,28.35,27.16,27.76,29782173,824853668.0,1.3084,-1.5603
2020-05-25,27.6,27.67,26.68,26.99,37100059,1001945395.0,1.6299,-2.7738
2020-05-26,27.3,27.93,27.23,27.8,29390146,810400084.0,1.2912,3.0011
2020-05-27,27.76,27.95,26.9,27.2,29466034,800599179.0,1.2945,-2.1583
2020-05-28,27.0,27.46,26.35,27.45,26191573,704810443.0,1.1507,0.9191
2020-05-29,27.17,27.25,26.64,26.8,24481643,658757437.0,1.0756,-0.9242
2020-06-01,27.15,28.68,27.15,28.51,41566640,1172096371.0,1.8261,6.3806
2020-06-02,28.55,29.02,28.27,28.79,29018702,831098345.0,1.2749,0.9821
2020-06-03,28.95,29.0,28.08,28.25,33767897,959057970.0,1.4835,-1.8757
2020-06-04,28.25,28.47,27.57,27.77,24077453,672672774.0,1.0578,-1.6991
2020-06-05,27.8,28.06,27.45,27.86,20388882,565011859.0,0.8957,0.3241
2020-06-08,28.15,28.55,27.48,27.51,35549240,993118959.0,1.5618,-1.2563
2020-06-09,27.48,27.94,27.05,27.65,31739571,879049689.0,1.3944,0.5089
2020-06-10,27.63,27.65,26.93,27.2,29334997,798622510.0,1.2888,-1.6275
2020-06-11,27.32,28.35,27.24,27.73,38666611,1077098146.0,1.6987,1.9485
2020-06-12,27.09,27.58,26.95,27.52,24954642,683208555.0,1.0963,-0.7573
2020-06-15,27.2,27.2,26.51,26.61,36169772,968447702.0,1.589,-3.3067
2020-06-16,27.05,28.44,27.05,28.41,53376194,1482331110.0,2.345,6.7644
2020-06-17,28.45,29.35,28.03,29.28,53852990,1541349259.0,2.3659,3.0623
2020-06-18,29.18,29.88,28.83,29.53,49947899,1472938896.0,2.1944,0.8538
2020-06-19,29.52,29.68,29.12,29.31,34266231,1005289798.0,1.5054,-0.745
2020-06-22,29.31,30.27,29.31,29.68,40443808,1209986276.0,1.7768,1.2624
2020-06-23,29.55,29.96,29.0,29.25,40501548,1187757499.0,1.7794,-1.4488
2020-06-24,29.36,30.1,29.12,29.88,41957314,1248866071.0,1.8433,2.1538
2020-06-29,29.7,29.75,28.77,29.02,34969112,1019795969.0,1.5363,-2.8782
2020-06-30,29.16,29.68,29.13,29.27,28832311,845946944.0,1.2667,0.8615
2020-07-01,29.45,29.56,28.5,29.1,35816057,1041568828.0,1.5678,-0.5808
2020-07-02,29.1,29.75,28.67,29.64,41153279,1210341369.0,1.8014,1.8557
2020-07-03,29.54,30.88,29.13,30.7,60900980,1831050916.0,2.6658,3.5763
2020-07-06,30.94,32.0,30.65,31.5,67773336,2125972551.0,2.9666,2.6059
2020-07-07,31.6,32.8,31.58,31.78,69673504,2239703271.0,3.0498,0.8889
2020-07-08,31.6,32.66,31.13,32.43,62705531,1994392536.0,2.7448,2.0453
2020-07-09,32.27,34.96,32.16,34.28,75336243,2538358372.0,3.2977,5.7046
2020-07-10,33.8,34.12,32.64,33.1,61973485,2065841941.0,2.7128,-3.4422
2020-07-13,33.35,35.27,33.3,34.82,65393243,2235704179.0,2.8625,5.1964
2020-07-14,34.92,34.92,32.65,33.4,56422136,1899053542.0,2.4698,-4.0781
2020-07-15,33.2,33.5,30.88,31.0,75083746,2377537562.0,3.2866,-7.1856
2020-07-16,31.43,31.48,28.73,29.23,57324774,1724202685.0,2.5093,-5.7097
2020-07-17,29.24,29.48,28.38,29.0,41486968,1204562625.0,1.816,-0.7869
2020-07-20,29.3,29.79,28.6,29.75,30622376,898335869.0,1.3404,2.5862
2020-07-21,29.83,30.28,29.36,29.87,28416023,847017474.07,1.2439,0.4034
2020-07-22,29.82,30.45,29.48,29.89,33928304,1016949472.3,1.4851,0.067
2020-07-23,29.59,29.74,28.41,28.9,45667774,1320827425.02,1.999,-3.3121
2020-07-24,28.55,28.97,26.75,27.17,51949613,1440613275.3,2.274,-5.9862
2020-07-27,27.3,27.5,26.56,27.0,26440083,714112114.31,1.1574,-0.6257
2020-07-28,27.4,27.75,26.98,27.21,25425307,693050974.29,1.1129,0.7778
2020-07-29,28.4,28.94,27.89,28.8,53727522,1530812721.98,2.3518,5.8434
2020-07-30,28.89,29.09,28.21,28.51,36747868,1049001158.33,1.6086,-1.0069
2020-07-31,28.38,29.33,28.33,28.77,34533250,997183150.95,1.5116,0.912
2020-08-03,29.02,29.48,28.88,29.27,38826474,1132499274.64,1.6996,1.7379
2020-08-04,29.33,29.46,28.38,28.59,42670347,1228642444.98,1.8678,-2.3232
2020-08-05,29.09,29.25,28.5,28.62,28463538,819500709.56,1.2459,0.1049
2020-08-06,28.58,28.58,27.89,28.22,29708971,836125908.4,1.3005,-1.3976
2020-08-07,28.22,28.42,27.08,27.52,33812902,933538209.9,1.4801,-2.4805
2020-08-10,27.46,28.03,27.09,27.9,27744462,765542058.43,1.2145,1.3808
2020-08-11,27.73,28.21,27.61,27.69,26722809,746283182.93,1.1697,-0.7527
2020-08-12,27.71,28.0,27.01,27.99,26644052,729996790.12,1.1663,1.0834
2020-08-13,28.21,28.4,27.81,27.88,22499075,632098378.96,0.9849,-0.393
2020-08-14,27.99,28.09,27.62,28.01,19373677,540142813.02,0.848,0.4663
2020-08-17,27.98,28.68,27.88,28.52,32130780,910186612.2,1.4065,1.8208
2020-08-18,28.52,28.55,27.88,28.01,38499713,1082803839.98,1.6853,-1.7882
2020-08-19,27.97,27.97,27.0,27.03,43998972,1199346539.87,1.926,-3.4988
2020-08-20,26.85,27.17,26.21,26.42,40350418,1073725092.12,1.7663,-2.2568
2020-08-21,26.59,26.68,24.79,24.94,81237287,2070212638.04,3.556,-5.6018
2020-08-24,24.89,25.5,24.02,25.2,44105521,1096260233.0,1.9306,1.0425
2020-08-25,25.21,25.69,25.04,25.6,29386482,749147102.85,1.2863,1.5873
2020-08-26,25.52,25.52,24.51,24.59,32528992,808472670.83,1.4239,-3.9453
2020-08-27,24.53,24.82,24.25,24.71,19172936,471411611.73,0.8393,0.488
2020-08-28,24.73,25.08,24.22,25.07,27886576,686750468.99,1.2207,1.4569
2020-08-31,25.1,25.48,24.77,24.81,31551022,793641094.02,1.3811,-1.0371
2020-09-01,25.0,25.25,24.97,25.11,22235105,558000038.02,0.9733,1.2092
2020-09-02,25.25,25.28,24.85,25.02,19001197,475375949.96,0.8317,-0.3584
2020-09-03,25.03,25.09,24.31,24.54,27982559,686640359.64,1.2249,-1.9185
2020-09-04,24.11,24.96,24.01,24.73,23518701,578765194.55,1.0295,0.7742
2020-09-07,24.73,24.91,24.28,24.34,19662283,483086417.17,0.8607,-1.577
2020-09-08,24.3,24.38,23.35,23.53,32963060,782808044.36,1.4429,-3.3279
2020-09-09,23.15,23.15,22.18,22.4,36210688,818152621.79,1.5851,-4.8024
2020-09-10,22.87,23.4,22.41,22.55,33407167,766487912.99,1.4623,0.6696
2020-09-11,22.51,22.87,22.19,22.73,24806411,558421743.86,1.0859,0.7982
2020-09-14,22.84,23.14,22.84,23.0,18776589,431784417.4,0.8219,1.1879
2020-09-15,22.93,23.14,22.61,22.98,15609829,357108594.79,0.6833,-0.087
2020-09-16,22.94,23.1,22.51,22.58,14788737,336258001.77,0.6473,-1.7406
2020-09-17,22.58,24.57,22.29,23.96,47626991,1125912640.53,2.0848,6.1116
2020-09-18,23.89,24.06,23.37,23.99,33138434,787575333.88,1.4506,0.1252
2020-09-21,24.37,24.92,24.13,24.34,34813406,855391329.47,1.5239,1.4589
2020-09-22,23.87,24.71,23.87,24.18,22330866,543648611.13,0.9775,-0.6574
2020-09-23,24.28,24.34,23.77,23.96,17422560,418149412.31,0.7626,-0.9098
2020-09-24,23.71,24.01,23.52,23.68,18834329,446759581.07,0.8244,-1.1686
2020-09-25,24.27,24.29,23.24,23.5,16415551,387575404.45,0.7186,-0.7601
2020-09-28,23.5,23.65,23.02,23.11,12572970,292103297.83,0.5504,-1.6596
2020-09-29,23.27,23.63,23.18,23.42,14371984,336914143.83,0.6291,1.3414
2020-09-30,23.42,23.62,23.22,23.32,12134843,284362264.48,0.5312,-0.427
2020-10-09,23.99,24.71,23.78,24.49,27576598,672108805.42,1.2071,5.0172
2020-10-12,24.84,25.38,24.72,25.24,31907560,800553724.94,1.3934,3.0625
2020-10-13,25.24,25.25,24.88,25.07,18396094,459914387.93,0.8033,-0.6735
2020-10-14,24.91,24.95,24.63,24.69,16195192,400462646.38,0.7072,-1.5158
2020-10-15,24.69,24.85,24.45,24.65,13079790,321841354.88,0.5712,-0.162
2020-10-16,24.46,24.59,24.21,24.34,13163766,320519409.17,0.5748,-1.2576
2020-10-19,24.5,24.85,24.45,24.6,16777629,413232392.18,0.7327,1.0682
2020-10-20,24.45,24.64,24.34,24.62,9083871,222573632.51,0.3967,0.0813
2020-10-21,24.7,24.71,24.11,24.24,10470740,254222274.67,0.4572,-1.5435
2020-10-22,24.12,24.12,23.7,23.94,12116977,289502699.97,0.5291,-1.2376
2020-10-23,23.88,24.15,23.1,23.2,15583471,366368709.02,0.6805,-3.0911
2020-10-26,23.0,23.54,22.62,23.05,15449976,356939564.68,0.6747,-0.6466
2020-10-27,23.05,23.24,22.78,22.92,14045618,322356989.43,0.6134,-0.564
2020-10-28,22.9,23.57,22.58,23.47,20441815,472379228.56,0.8927,2.3997
2020-10-29,23.11,24.33,23.02,23.93,24464848,585984568.05,1.0684,1.9599
2020-10-30,23.93,24.32,23.7,23.91,19467848,466639198.15,0.8501,-0.0836
2020-11-02,23.85,24.01,23.3,23.64,17908847,424158514.4,0.7821,-1.1292
2020-11-03,23.65,24.86,23.65,24.72,35006789,861301521.75,1.5287,4.5685
2020-11-04,24.74,24.79,24.2,24.46,21169262,518448350.22,0.9244,-1.0518
2020-11-05,24.77,26.79,24.77,26.39,81173858,2107074815.01,3.5448,7.8904
2020-11-06,26.39,26.75,26.19,26.62,55058641,1460010646.89,2.4043,0.8715
2020-11-09,27.07,28.58,27.07,27.93,80914997,2270541371.31,3.5335,4.9211
2020-11-10,27.96,28.0,27.2,27.62,30780591,848753458.59,1.3442,-1.1099
2020-11-11,27.62,28.08,26.65,26.72,39300038,1065754715.37,1.7162,-3.2585
2020-11-12,27.0,28.27,26.81,27.82,48012048,1330747441.5,2.0966,4.1168
2020-11-13,27.7,28.6,27.55,28.54,50141831,1418911186.29,2.1896,2.5881
2020-11-16,28.65,29.11,27.4,27.44,52185647,1460523236.63,2.2789,-3.8542
2020-11-17,27.53,28.32,26.65,28.13,42976966,1181837953.63,1.8768,2.5146
2020-11-18,27.73,28.14,27.15,27.33,30664122,846734542.9,1.3391,-2.8439
2020-11-19,27.08,27.45,26.7,27.32,22467621,607918883.01,0.9811,-0.0366
2020-11-20,27.0,27.0,26.15,26.46,33692114,891063863.04,1.4713,-3.1479
2020-11-23,26.35,27.1,26.05,26.63,23762262,631371738.24,1.0377,0.6425
2020-11-24,26.65,27.21,26.45,26.93,21032447,566358335.1,0.9185,1.1265
2020-11-25,26.99,27.31,26.5,26.5,20632262,555190039.25,0.901,-1.5967
2020-11-26,26.5,26.99,26.3,26.83,16243170,435319730.59,0.7093,1.2453
2020-11-27,26.85,27.69,26.5,27.58,30483977,830237310.87,1.3312,2.7954
2020-11-30,27.59,28.5,27.34,27.91,35693179,1006077202.2,1.5587,1.1965
2020-12-01,28.0,28.41,27.71,28.24,24708918,696044091.76,1.079,1.1824
2020-12-02,28.39,28.65,27.83,28.3,24216489,684006770.48,1.0575,0.2125
2020-12-03,28.71,29.0,28.41,28.75,29731247,857009181.19,1.2983,1.5901
2020-12-04,29.08,30.2,29.08,29.43,49298579,1465006291.02,2.1528,2.3652
2020-12-07,29.88,30.46,29.88,30.26,45183899,1367088043.02,1.9731,2.8203
2020-12-08,29.6,29.95,28.7,29.1,41802060,1221772958.62,1.8254,-3.8334
2020-12-09,28.83,29.68,28.57,28.59,34317050,1000083950.84,1.4986,-1.7526
2020-12-10,28.34,28.59,27.81,27.96,31574469,889342243.58,1.3788,-2.2036
2020-12-11,27.77,28.3,26.91,27.15,32124998,882116860.2,1.4029,-2.897
2020-12-14,27.5,27.85,27.2,27.58,17065420,470580706.43,0.7452,1.5838
2020-12-15,27.4,27.71,26.98,27.57,17556036,480642030.97,0.7667,-0.0363
2020-12-16,27.6,27.65,26.53,26.75,22669552,609498442.71,0.99,-2.9742
2020-12-17,26.7,26.92,26.41,26.85,18843848,502240170.5,0.8229,0.3738
2020-12-18,27.07,27.58,26.8,27.0,22028443,598219498.78,0.962,0.5587
2020-12-21,26.83,27.71,26.63,27.18,27652900,753021803.73,1.2076,0.6667
2020-12-22,26.9,27.0,26.0,26.03,23725471,627783299.27,1.0361,-4.2311
2020-12-23,26.35,26.38,25.0,25.48,42059935,1067254221.47,1.8367,-2.1129
2020-12-24,25.53,26.28,25.48,25.53,21802621,562524467.04,0.9521,0.1962
2020-12-25,25.54,27.64,25.53,27.5,40586759,1091263536.85,1.7724,7.7164
2020-12-28,27.3,28.66,27.26,28.16,36886423,1038064670.46,1.6108,2.4
2020-12-29,28.05,28.11,27.38,27.72,27446965,762046592.79,1.1986,-1.5625
2020-12-30,27.6,28.44,27.52,28.09,29848552,837217068.1,1.3035,1.3348
2020-12-31,28.2,28.48,27.7,28.16,23654660,666296114.49,1.033,0.2492
2021-01-04,28.8,28.99,27.33,27.91,44253389,1233095031.07,1.9325,-0.8878
2021-01-05,27.5,28.65,27.41,28.62,59110505,1654266103.49,2.5803,2.5439
2021-01-06,28.89,28.89,27.43,27.7,44196260,1234461930.88,1.9293,-3.2145
2021-01-07,27.77,28.48,27.5,28.02,38297416,1072867202.21,1.6718,1.1552
2021-01-08,28.18,29.45,27.7,29.2,57186353,1644260520.9,2.4963,4.2113
2021-01-11,29.5,30.39,28.91,29.24,67565872,2010484801.37,2.9494,0.137
2021-01-12,29.11,29.18,28.24,29.03,35430853,1019674448.51,1.5466,-0.7182
2021-01-13,28.85,30.45,28.68,30.17,60003588,1800634607.79,2.6193,3.927
2021-01-14,30.17,30.4,29.4,30.37,41911331,1259088959.61,1.8295,0.6629
2021-01-15,30.06,30.3,28.21,28.88,42010989,1225998301.69,1.8339,-4.9062
2021-01-18,28.37,29.48,28.07,28.91,33984483,980895964.33,1.4835,0.1039
2021-01-19,28.64,28.88,27.23,27.3,43583527,1218491535.63,1.9025,-5.569
2021-01-20,27.15,27.8,26.94,27.7,24831660,681441880.71,1.084,1.4652
2021-01-21,27.74,28.0,27.26,27.35,30149761,827508201.96,1.3161,-1.2635
2021-01-22,27.18,27.18,25.6,26.25,60127170,1573298217.52,2.6247,-4.0219
2021-01-25,26.2,26.65,25.38,25.61,53552123,1387801896.74,2.3377,-2.4381
2021-01-26,25.74,26.12,25.52,25.91,37540334,968141383.54,1.6387,1.1714
2021-01-27,25.83,26.4,25.62,26.28,39813753,1035500975.38,1.738,1.428
2021-01-28,25.8,26.6,25.69,25.8,32668519,854094470.25,1.4261,-1.8265
2021-01-29,25.96,26.37,25.08,25.51,39637609,1024857679.73,1.7303,-1.124
2021-02-01,23.97,23.97,22.96,23.34,79078613,1835177321.79,3.452,-8.5065
2021-02-02,23.39,23.91,23.18,23.57,33141657,780974350.5,1.4467,0.9854
2021-02-03,23.54,23.54,22.4,22.41,55460289,1269189612.54,2.421,-4.9215
2021-02-04,22.22,22.58,21.2,22.0,52520493,1144319113.24,2.2927,-1.8295
2021-02-05,22.21,22.98,22.21,22.68,33958156,771371795.96,1.4824,3.0909
2021-02-08,22.71,23.16,22.25,22.48,32297378,732366866.33,1.4099,-0.8818
2021-02-09,22.48,23.13,22.32,23.04,27740141,634472034.29,1.2109,2.4911
2021-02-10,23.02,23.82,22.9,23.32,24364525,569476120.29,1.0636,1.2153
2021-02-18,23.67,24.29,23.4,23.58,24973264,596365647.47,1.0901,1.1149
2021-02-19,23.48,24.92,23.23,24.6,36971946,898245899.64,1.6139,4.3257
2021-02-22,24.68,24.85,24.31,24.46,23887083,585738719.88,1.0427,-0.5691
2021-02-23,24.52,24.62,23.84,24.56,25601690,618909239.74,1.1176,0.4088
2021-02-24,24.62,25.68,24.62,24.95,33128523,832179461.08,1.4461,1.5879
2021-02-25,25.0,25.15,24.11,24.14,23471955,574727684.24,1.0246,-3.2465
2021-02-26,23.63,24.78,23.5,24.48,20437544,498014997.0,0.8921,1.4085
2021-03-01,24.61,26.59,24.61,26.33,55260381,1429237933.76,2.4123,7.5572
2021-03-02,26.34,26.82,25.67,25.91,31699386,829957082.76,1.3838,-1.5951
2021-03-03,25.73,26.85,25.67,26.73,36277754,960351341.82,1.5836,3.1648
2021-03-04,26.5,26.58,25.14,25.3,26598780,683615721.97,1.1611,-5.3498
2021-03-05,25.22,27.58,25.03,26.94,58837422,1575062570.52,2.5684,6.4822
2021-03-08,26.75,27.64,26.29,26.45,32462811,876589909.35,1.4171,-1.8189
2021-03-09,26.28,26.4,24.58,24.99,34776836,882237945.0,1.5181,-5.5198
2021-03-10,25.48,25.6,24.6,24.75,21718201,542448023.31,0.9481,-0.9604
2021-03-11,25.18,25.5,24.05,25.36,24929590,621699363.5,1.0882,2.4646
2021-03-12,25.13,25.3,24.31,24.8,17003873,420659504.67,0.7423,-2.2082
2021-03-15,24.4,24.4,23.25,23.47,25307709,598156814.63,1.1047,-5.3629
2021-03-16,23.63,23.88,22.66,22.93,24698825,569117080.5,1.0782,-2.3008
2021-03-17,22.94,23.3,22.8,23.05,11566952,266581370.28,0.5049,0.5233
2021-03-18,23.08,23.2,22.57,22.75,17519024,398875938.5,0.7647,-1.3015
2021-03-19,22.46,22.94,22.2,22.46,16008749,361155793.77,0.6988,-1.2747
2021-03-22,22.4,22.91,22.4,22.81,13702887,311512502.56,0.5982,1.5583
2021-03-23,22.9,23.12,22.45,22.5,15771430,357044468.24,0.6885,-1.3591
2021-03-24,22.4,22.52,22.07,22.12,14070890,312336209.39,0.6142,-1.6889
2021-03-25,22.05,22.4,21.91,22.27,11052718,245444014.47,0.4825,0.6781
2021-03-26,22.3,23.06,22.22,22.98,21166710,479329410.41,0.924,3.1881
2021-03-29,23.3,23.6,22.98,23.16,20508186,476944894.61,0.8952,0.7833
2021-03-30,23.13,23.16,22.72,23.0,12895988,295638815.15,0.5629,-0.6908
2021-03-31,23.0,23.02,22.28,22.72,14233759,322275043.49,0.6213,-1.2174
2021-04-01,22.79,23.48,22.66,23.29,18163697,421055348.11,0.7929,2.5088
2021-04-02,23.45,23.88,23.45,23.75,17162608,407253022.83,0.749,1.9751
2021-04-06,24.0,24.4,23.68,23.83,13862535,333123407.0,0.605,0.3368
2021-04-07,23.84,24.1,23.41,24.02,12614515,300902995.35,0.5505,0.7973
2021-04-08,24.2,25.37,24.16,24.42,28931640,715799915.07,1.2626,1.6653
2021-04-09,24.23,24.61,23.76,23.88,15211042,367003139.67,0.6638,-2.2113
2021-04-12,23.77,24.49,23.58,23.65,14974660,359209652.56,0.6535,-0.9631
2021-04-13,23.6,23.88,23.27,23.79,11137503,262871735.2,0.4861,0.592
2021-04-14,23.65,23.82,23.39,23.67,10133679,239071043.12,0.4423,-0.5044
2021-04-15,24.0,24.16,23.63,24.04,10215795,243917330.23,0.4458,1.5632
2021-04-16,24.3,24.38,23.83,23.88,8187332,196637140.48,0.3573,-0.6656
2021-04-19,23.66,24.26,23.44,24.22,18488963,443066811.2,0.8069,1.4238
2021-04-20,25.12,25.95,24.72,24.85,47002886,1190043699.37,2.0513,2.6012
2021-04-21,24.76,25.14,24.66,24.77,14479102,360142156.68,0.6319,-0.3219
2021-04-22,24.93,24.98,24.58,24.65,11121151,275304369.17,0.4854,-0.4845
2021-04-23,24.64,24.66,24.26,24.33,15530221,378801424.42,0.6778,-1.2982
2021-04-26,24.32,24.54,23.39,23.45,28279877,675663362.21,1.2342,-3.6169
2021-04-27,23.46,23.63,22.9,23.09,13483471,311701834.07,0.5884,-1.5352
2021-04-28,23.14,23.89,23.07,23.55,12721921,299473898.16,0.5552,1.9922
2021-04-29,23.59,23.95,23.51,23.83,10507294,249862194.22,0.4586,1.189
2021-04-30,23.99,24.24,23.21,23.33,15174157,356931293.65,0.6622,-2.0982
2021-05-06,23.45,23.85,23.45,23.68,11886775,281496575.63,0.5188,1.5002
2021-05-07,23.73,24.48,23.66,24.06,19953542,482039069.22,0.8708,1.6047
2021-05-10,24.08,24.17,23.66,24.05,10963348,262342995.81,0.4785,-0.0416
2021-05-11,23.7,24.0,23.15,23.39,17591003,412058993.19,0.7677,-2.7443
2021-05-12,23.39,23.45,22.92,23.38,11667977,270302963.23,0.5092,-0.0428
2021-05-13,23.12,23.44,22.4,22.66,19229573,438736779.76,0.8392,-3.0796
2021-05-14,22.76,23.1,22.41,23.1,13375738,305354834.23,0.5837,1.9417
2021-05-17,23.1,23.57,23.06,23.25,15190651,354716743.94,0.663,0.6494
2021-05-18,23.25,23.28,23.02,23.09,7531294,174046397.85,0.3287,-0.6882
2021-05-19,23.08,23.08,22.7,22.91,9590866,219389788.68,0.4186,-0.7796
2021-05-20,22.88,23.04,22.71,22.92,8657368,197952172.23,0.3778,0.0436
2021-05-21,23.0,23.3,22.65,22.71,9820901,224906531.06,0.4286,-0.9162
2021-05-24,22.72,22.93,22.62,22.89,10475535,238486662.21,0.4572,0.7926
2021-05-25,22.77,23.35,22.73,23.33,14337147,331484791.58,0.6257,1.9222
2021-05-26,23.38,23.46,22.94,23.02,16290293,376377708.61,0.7109,-1.3288
2021-05-27,23.1,23.61,23.0,23.48,25642801,599132265.44,1.1191,1.9983
2021-05-28,23.0,23.14,22.68,22.79,20679049,472599096.66,0.9025,-1.2565
2021-05-31,22.82,23.36,22.68,22.91,25203263,578032517.97,1.0999,0.5265
2021-06-01,22.95,23.57,22.68,23.24,27604822,640425117.17,1.2047,1.4404
2021-06-02,23.4,23.4,22.7,22.85,20794893,477091243.45,0.9075,-1.6781
2021-06-03,22.85,23.11,22.31,22.32,32313099,731415826.21,1.4102,-2.3195
2021-06-04,22.4,22.55,22.13,22.3,22578078,503128984.1,0.9853,-0.0896
2021-06-07,22.5,23.34,22.49,22.97,32064827,734138682.73,1.3994,3.0045
2021-06-08,22.99,23.1,22.48,22.6,25353130,576291112.03,1.1065,-1.6108
2021-06-09,23.03,23.22,22.57,22.69,24308381,554966772.47,1.0609,0.3982
2021-06-10,22.9,23.03,22.41,22.72,26205419,594159868.57,1.1436,0.1322
2021-06-11,22.73,23.0,22.38,22.47,30135745,679729625.8,1.3152,-1.1004
2021-06-15,22.45,22.56,22.1,22.22,21111901,470234852.93,0.9214,-1.1126
2021-06-16,22.29,22.44,21.65,21.78,20392637,449109764.91,0.89,-1.9802
2021-06-17,21.8,22.5,21.6,22.35,20272054,448247876.16,0.8847,2.6171
2021-06-18,22.4,22.62,21.75,21.91,23819459,524912240.62,1.0395,-1.9687
2021-06-21,21.75,21.85,21.52,21.69,18447682,399026533.57,0.8051,-1.0041
2021-06-22,21.71,22.25,21.56,21.98,19448025,425341461.36,0.8487,1.337
2021-06-23,21.94,22.77,21.81,22.7,40017008,897943132.63,1.7464,3.2757
2021-06-24,22.75,23.77,22.61,23.21,53773677,1255555990.08,2.3468,2.2467
2021-06-25,23.28,23.6,23.12,23.29,30748594,717127834.57,1.3419,0.3447
2021-06-28,23.36,23.78,23.23,23.55,24494094,575610640.85,1.069,1.1164
2021-06-29,23.7,23.7,23.03,23.18,20051701,466369955.9,0.8751,-1.5711
2021-06-30,23.2,23.64,23.13,23.41,18944556,444048925.68,0.8268,0.9922
2021-07-01,23.4,23.49,22.6,22.71,20113010,463290104.68,0.8778,-2.9902
2021-07-02,22.61,22.96,22.17,22.24,18782775,421641611.49,0.8158,-2.0696
2021-07-05,22.23,22.93,22.04,22.88,23240203,522130303.42,1.0094,2.8777
2021-07-06,22.97,24.59,22.82,24.03,62260897,1489037616.09,2.7041,5.0262
2021-07-07,23.92,24.16,23.63,24.0,29923001,715450326.22,1.2996,-0.1248
2021-07-08,24.04,24.53,23.86,24.26,33242279,806443952.9,1.4438,1.0833
2021-07-09,24.0,25.14,23.93,24.5,33426089,820759847.08,1.4517,0.9893
2021-07-12,24.66,25.0,24.0,24.42,34706742,853033745.09,1.5074,-0.3265
2021-07-13,24.63,24.71,24.08,24.3,26490213,643214995.17,1.1505,-0.4914
2021-07-14,24.31,24.73,23.87,23.89,28307131,685939945.1,1.2294,-1.6872
2021-07-15,23.75,23.99,23.32,23.92,23926003,565612854.59,1.0391,0.1256
2021-07-16,23.9,23.9,23.4,23.46,20792603,491363351.75,0.9031,-1.9231
2021-07-19,23.31,23.66,23.09,23.33,21051660,490172174.84,0.9143,-0.5541
2021-07-20,23.18,23.28,22.65,23.17,18857147,433899535.31,0.819,-0.6858
2021-07-21,23.28,23.68,23.23,23.51,20030975,470940383.4,0.87,1.4674
2021-07-22,23.53,24.29,23.3,23.95,28193176,673476148.69,1.2245,1.8715
2021-07-23,24.0,24.2,23.32,23.4,21640757,512479073.05,0.9399,-2.2965
2021-07-26,23.3,24.09,22.9,23.47,28705151,675142094.72,1.2467,0.2991
2021-07-27,25.3,25.82,25.19,25.82,54522199,1403009907.26,2.368,10.0128
2021-07-28,26.54,27.5,25.25,26.86,165863932,4399066498.31,7.2037,4.0279
2021-07-29,27.45,28.55,26.98,27.39,111215794,3091080111.13,4.8303,1.9732
2021-07-30,27.4,28.0,27.0,27.5,57693926,1591912033.54,2.5057,0.4016
2021-08-02,27.51,29.34,27.5,29.04,79606614,2262815980.85,3.4574,5.6
2021-08-03,28.66,29.34,28.28,28.7,51472281,1482090875.72,2.2355,-1.1708
2021-08-04,28.51,29.2,28.51,28.78,44667143,1288334336.57,1.94,0.2787
2021-08-05,29.13,29.85,28.61,28.78,39709478,1157035133.11,1.7246,0.0
2021-08-06,28.3,29.19,28.1,28.55,36459160,1039682356.6,1.5835,-0.7992
2021-08-09,28.55,29.19,28.05,28.31,29970003,852127127.19,1.3016,-0.8406
2021-08-10,28.45,28.8,27.79,28.48,31921482,905513899.64,1.3864,0.6005
2021-08-11,28.41,28.42,27.3,27.51,51411875,1422371048.37,2.2329,-3.4059
2021-08-12,27.52,27.7,27.12,27.19,33718655,921692323.8,1.4645,-1.1632
2021-08-13,27.19,27.35,26.53,26.72,33512189,899249944.33,1.4555,-1.7286
2021-08-16,26.9,27.7,26.03,26.35,54233006,1453193985.57,2.3554,-1.3847
2021-08-17,26.58,27.38,26.1,26.37,53049755,1417082135.08,2.304,0.0759
2021-08-18,25.48,25.48,24.5,25.2,61775724,1544522586.38,2.683,-4.4369
2021-08-19,25.08,25.72,24.93,25.36,32223106,817907644.03,1.3995,0.6349
2021-08-20,25.38,25.5,24.81,25.23,20359929,512579325.0,0.8843,-0.5126
2021-08-23,25.3,25.56,25.07,25.38,24007933,607803110.03,1.0427,0.5945
2021-08-24,25.27,25.27,24.67,24.93,31966187,797909103.34,1.3883,-1.773
2021-08-25,25.11,25.55,24.9,25.25,33693254,848826677.14,1.4633,1.2836
2021-08-26,25.36,25.45,24.69,24.71,29228020,728504500.86,1.2694,-2.1386
2021-08-27,24.4,25.06,24.11,24.8,30819491,757322910.12,1.3385,0.3642
2021-08-30,24.7,24.72,23.7,23.91,36693586,884638590.7,1.5937,-3.5887
2021-08-31,23.8,24.16,23.22,23.5,31974191,752645529.26,1.3887,-1.7148
2021-09-01,23.57,23.64,22.87,23.32,38881084,900652997.07,1.6887,-0.766
2021-09-02,23.5,23.5,22.92,22.98,27154976,626516610.89,1.1794,-1.458
2021-09-03,22.9,23.4,22.82,22.94,29640565,683015132.78,1.2873,-0.1741
2021-09-06,22.9,23.62,22.7,23.48,35153140,819414991.98,1.5268,2.354
2021-09-07,23.5,23.88,23.4,23.7,33039448,780797136.49,1.435,0.937
2021-09-08,23.95,24.31,23.45,23.55,42660592,1014592944.86,1.8528,-0.6329
2021-09-09,23.54,24.07,23.45,23.73,32004895,759289370.44,1.39,0.7643
2021-09-10,23.75,24.0,23.35,23.73,38003964,898019875.89,1.6506,0.0
2021-09-13,23.71,23.71,23.05,23.13,33733031,783215272.95,1.4651,-2.5284
2021-09-14,23.31,23.37,22.95,23.0,21700075,502638455.93,0.9425,-0.562
2021-09-15,23.0,23.03,22.54,22.66,26359911,597285664.52,1.1449,-1.4783
2021-09-16,23.02,23.35,22.48,22.48,30185463,689678785.39,1.311,-0.7944
2021-09-17,22.44,22.66,22.0,22.32,21537659,479079379.0,0.9354,-0.7117
2021-09-22,22.01,22.42,21.99,22.35,12775366,283988949.78,0.5549,0.1344
2021-09-23,22.35,22.6,22.25,22.38,22994883,514938779.67,0.9987,0.1342
2021-09-24,22.43,22.48,22.01,22.02,22377459,495366154.65,0.9719,-1.6086
2021-09-27,22.28,22.55,22.1,22.22,22405091,500199410.78,0.9731,0.9083
2021-09-28,22.2,22.24,21.71,21.88,19829613,433643665.13,0.8612,-1.5302
2021-09-29,21.78,21.78,21.22,21.56,22977217,493804215.95,0.9979,-1.4625
2021-09-30,21.57,21.74,21.48,21.66,13708135,296732436.51,0.5954,0.4638
2021-10-08,21.98,22.38,21.81,22.19,23737375,525144569.78,1.031,2.4469
2021-10-11,22.21,22.46,22.1,22.38,22159841,494181538.75,0.9593,0.8562
2021-10-12,22.2,22.22,21.61,21.75,21153467,461782954.54,0.9158,-2.815
2021-10-13,21.71,22.44,21.61,22.37,17748460,390995043.21,0.7683,2.8506
2021-10-14,22.31,22.36,22.01,22.16,11808996,261719352.7,0.5112,-0.9388
2021-10-15,22.01,22.28,21.7,21.81,23530607,515455376.08,1.0187,-1.5794
2021-10-18,21.76,21.93,21.6,21.8,15806640,343626609.37,0.6843,-0.0459
2021-10-19,22.6,22.81,22.31,22.67,48937113,1104143084.46,2.1185,3.9908
2021-10-20,22.8,23.11,22.35,22.42,39349333,893611494.18,1.7035,-1.1028
2021-10-21,22.41,22.85,22.27,22.71,23701270,536735882.85,1.0261,1.2935
2021-10-22,22.62,22.95,22.48,22.76,21854494,497471155.02,0.9461,0.2202
2021-10-25,22.93,22.94,22.23,22.55,25481306,572473462.26,1.1031,-0.9227
2021-10-26,22.45,23.09,22.3,22.87,34107091,774604726.55,1.4765,1.4191
2021-10-27,22.71,22.72,22.26,22.41,24187239,542505173.11,1.0471,-2.0114
2021-10-28,22.54,23.26,22.44,22.7,46991509,1074521005.22,2.0343,1.2941
2021-10-29,22.55,22.64,21.71,22.25,39600373,871280314.11,1.7143,-1.9824
2021-11-01,22.02,23.78,22.01,23.47,76535626,1774429293.62,3.3133,5.4831
2021-11-02,23.86,24.48,23.31,23.62,70061015,1671614157.28,3.033,0.6391
2021-11-03,23.87,23.91,23.03,23.29,36601408,855627943.61,1.5845,-1.3971
2021-11-04,23.39,24.0,23.39,23.68,36403293,864537243.48,1.5759,1.6745
2021-11-05,24.1,24.44,23.7,23.85,42158519,1012212199.32,1.8251,0.7179
2021-11-08,23.9,23.9,23.15,23.39,29078490,679200353.23,1.2588,-1.9287
2021-11-09,23.39,23.56,22.9,23.42,31697857,736907427.81,1.3722,0.1283
2021-11-10,23.48,23.78,23.2,23.55,31230564,733703113.22,1.352,0.5551
2021-11-11,23.52,23.84,23.27,23.73,30082567,710365298.72,1.3023,0.7643
2021-11-12,23.73,24.43,23.53,24.1,38259334,919074613.66,1.6563,1.5592
2021-11-15,24.08,24.45,23.92,24.4,37051628,897747422.74,1.604,1.2448
2021-11-16,24.51,24.88,24.07,24.1,44024632,1077211508.49,1.9059,-1.2295
2021-11-17,24.14,24.67,24.03,24.64,38601946,945082961.72,1.6711,2.2407
2021-11-18,24.69,24.84,24.36,24.65,33178649,818238882.13,1.4363,0.0406
2021-11-19,24.7,24.85,24.41,24.78,32567642,803884650.73,1.4099,0.5274
2021-11-22,24.71,25.31,24.61,25.15,38032828,953641335.04,1.6465,1.4931
2021-11-23,25.07,25.13,24.7,24.93,32452468,807981104.71,1.4049,-0.8748
2021-11-24,24.8,24.89,24.38,24.51,28871228,710821580.11,1.2499,-1.6847
2021-11-25,24.51,24.69,24.1,24.21,24489314,596170924.66,1.0602,-1.224
2021-11-26,24.18,24.37,23.88,24.09,23262001,560024479.82,1.007,-0.4957
2021-11-29,23.75,23.8,23.18,23.33,34306122,802437411.21,1.4851,-3.1548
2021-11-30,23.52,23.86,23.38,23.6,23368141,551673653.04,1.0116,1.1573
2021-12-01,23.5,23.59,23.27,23.42,19604571,458384003.57,0.8487,-0.7627
2021-12-02,23.3,23.38,22.95,22.98,21539977,498070415.39,0.9325,-1.8787
2021-12-03,22.9,23.25,22.86,23.08,22547567,519509707.18,0.9761,0.4352
2021-12-06,22.8,22.93,22.25,22.45,37768707,852582839.15,1.635,-2.7296
2021-12-07,22.65,22.74,22.31,22.62,18219243,410454758.33,0.7887,0.7572
2021-12-08,22.68,22.95,22.51,22.94,24399349,556023580.43,1.0563,1.4147
2021-12-09,22.95,23.4,22.85,23.32,27165389,630027974.46,1.176,1.6565
2021-12-10,23.24,23.25,23.02,23.16,20209255,467121295.48,0.8749,-0.6861
2021-12-13,23.29,23.7,23.1,23.7,31023046,729695716.15,1.343,2.3316
2021-12-14,23.43,23.74,23.43,23.5,18591109,438539087.26,0.8048,-0.8439
2021-12-15,23.5,23.73,23.1,23.14,21443435,499386311.57,0.9283,-1.5319
2021-12-16,23.2,23.37,23.13,23.17,12464614,289288006.93,0.5396,0.1296
2021-12-17,23.11,23.17,22.68,22.71,18564321,423617526.21,0.8037,-1.9853
2021-12-20,22.64,22.88,22.31,22.37,13799614,310949434.42,0.5974,-1.4971
2021-12-21,22.37,22.58,22.35,22.5,10923451,245262540.36,0.4729,0.5811
2021-12-22,22.55,22.94,22.51,22.74,17016881,387322047.91,0.7367,1.0667
2021-12-23,22.77,23.39,22.7,23.19,28093488,650609379.53,1.2162,1.9789
2021-12-24,23.16,23.24,22.81,23.05,20214278,464848735.73,0.8751,-0.6037
2021-12-27,22.92,23.38,22.9,23.25,15190485,353095556.03,0.6576,0.8677
2021-12-28,23.3,23.66,23.21,23.41,19869904,465298754.56,0.8602,0.6882
2021-12-29,23.38,23.63,23.1,23.12,19376382,451970388.46,0.8388,-1.2388
2021-12-30,23.12,23.89,23.12,23.61,28937141,685742871.81,1.2527,2.1194
2021-12-31,23.71,23.78,23.45,23.55,15186091,357613949.26,0.6574,-0.2541
2022-01-04,23.65,23.7,23.02,23.26,23557987,547895926.84,1.0191,-1.2314
2022-01-05,23.21,23.34,22.58,22.77,24591904,561247880.2,1.0638,-2.1066
2022-01-06,22.66,22.84,22.5,22.7,22521666,510591622.21,0.9743,-0.3074
2022-01-07,22.66,22.85,22.56,22.57,18716054,424494062.01,0.8097,-0.5727
2022-01-10,22.56,22.82,22.16,22.82,24108636,544097953.91,1.0429,1.1077
2022-01-11,22.8,22.97,22.6,22.65,17221388,392328977.66,0.745,-0.745
2022-01-12,22.73,22.79,22.53,22.69,14133175,319824229.23,0.6114,0.1766
2022-01-13,22.69,22.73,22.22,22.24,18706234,418641822.69,0.8092,-1.9833
2022-01-14,22.19,22.38,22.03,22.26,13449586,298846294.46,0.5818,0.0899
2022-01-17,22.2,22.62,22.18,22.52,17448875,392347785.29,0.7548,1.168
2022-01-18,22.59,22.85,22.48,22.63,17091283,387115229.66,0.7394,0.4885
2022-01-19,22.59,22.68,22.25,22.26,14730600,329861154.0,0.6372,-1.635
2022-01-20,22.24,22.36,21.96,21.98,18054472,399513851.31,0.781,-1.2579
2022-01-21,21.99,22.03,21.4,21.66,20688387,447826949.82,0.895,-1.4559
2022-01-24,21.58,21.66,21.34,21.58,11307781,243256942.88,0.4892,-0.3693
2022-01-25,21.5,21.64,21.16,21.16,17762543,379659506.64,0.7684,-1.9462
2022-01-26,21.16,21.3,20.36,20.56,31688768,657967485.03,1.3709,-2.8355
2022-01-27,20.26,20.84,19.41,19.72,38691738,769994164.37,1.6738,-4.0856
2022-01-28,19.83,20.06,19.24,19.55,25126785,492170531.99,1.087,-0.8621
2022-02-07,19.89,20.18,19.53,19.6,20067195,397633605.33,0.8681,0.2558
2022-02-08,19.6,19.88,19.4,19.86,16484380,324220519.06,0.7131,1.3265
2022-02-09,19.87,20.1,19.78,20.03,18712843,374341414.49,0.8095,0.856
2022-02-10,20.03,20.15,19.97,20.08,15263563,305851613.24,0.6603,0.2496
2022-02-11,20.0,20.02,19.64,19.69,18386016,364306847.08,0.7954,-1.9422
2022-02-14,19.65,19.87,19.33,19.44,14558314,284535990.56,0.6298,-1.2697
2022-02-15,19.54,19.73,19.45,19.71,11724768,230436313.75,0.5072,1.3889
2022-02-16,19.88,19.94,19.61,19.69,9960240,196357640.24,0.4309,-0.1015
2022-02-17,19.63,19.65,19.36,19.39,19089621,371321786.29,0.8258,-1.5236
2022-02-18,19.24,19.54,18.97,19.51,22678142,437783783.99,0.9811,0.6189
2022-02-21,19.43,19.58,19.38,19.58,15780155,307931323.0,0.6827,0.3588
2022-02-22,19.46,19.46,19.26,19.31,13414789,259238134.11,0.5803,-1.379
2022-02-23,19.33,19.79,19.33,19.75,16986590,334205364.97,0.7348,2.2786
2022-02-24,19.67,19.91,19.32,19.54,22092646,433079407.58,0.9557,-1.0633
2022-02-25,19.68,19.76,19.42,19.48,11749059,229828354.25,0.5083,-0.3071
2022-02-28,19.63,19.68,19.33,19.43,12324964,239407977.0,0.5332,-0.2567
2022-03-01,19.38,19.49,19.28,19.44,14873603,287906080.0,0.6434,0.0515
2022-03-02,19.36,19.36,19.2,19.29,11766924,226483615.0,0.509,-0.7716
2022-03-03,19.3,19.38,18.95,18.97,25251700,481438688.0,1.0924,-1.6589
2022-03-04,18.92,19.18,18.8,18.97,13107820,248985134.0,0.567,0.0
2022-03-07,18.96,18.96,17.9,18.02,25292818,460725392.0,1.0942,-5.0079
2022-03-08,17.91,18.17,17.48,17.58,19164701,340333696.0,0.8291,-2.4417
2022-03-09,17.6,17.84,16.49,17.19,23611907,405174624.0,1.0215,-2.2184
2022-03-10,17.5,17.65,17.31,17.38,18232674,318302624.0,0.7887,1.1053
2022-03-11,17.03,17.49,16.75,17.43,23184905,395113728.0,1.003,0.2877
2022-03-14,17.27,17.27,16.96,16.98,13021883,222996985.0,0.5633,-2.5818
2022-03-15,16.8,16.9,15.98,15.99,21188779,349156848.0,0.9166,-5.8304
2022-03-16,16.23,16.47,15.53,16.42,20904016,335597952.0,0.9043,2.6892
2022-03-17,16.73,16.94,16.63,16.72,17161255,287727936.0,0.7424,1.827
2022-03-18,16.58,16.79,16.51,16.7,13462477,224374185.14,0.5824,-0.1196
2022-03-21,16.82,16.98,16.61,16.91,14743305,248250199.58,0.6378,1.2575
2022-03-22,16.89,16.99,16.77,16.88,8815462,148495718.02,0.3814,-0.1774
2022-03-23,16.9,17.45,16.86,17.08,17807555,305472669.85,0.7704,1.1848
2022-03-24,17.0,17.08,16.71,16.77,11708069,197418902.66,0.5065,-1.815
2022-03-25,16.84,16.92,16.57,16.7,8142312,136223305.49,0.3522,-0.4174
2022-03-28,16.59,16.72,16.28,16.66,10001430,165152570.75,0.4327,-0.2395
2022-03-29,16.68,16.85,16.28,16.35,8795511,144915775.57,0.3805,-1.8607
2022-03-30,16.35,16.62,16.26,16.59,14214393,234166913.41,0.6149,1.4679
2022-03-31,16.5,16.5,16.07,16.12,16369167,265881257.84,0.7081,-2.833
2022-04-01,16.07,16.25,15.92,16.11,12014120,193401743.62,0.5197,-0.062
2022-04-06,16.13,16.14,15.77,15.96,17349349,276308841.43,0.7495,-0.9311
2022-04-07,15.95,16.39,15.86,15.9,19333514,311073964.84,0.8352,-0.3759
2022-04-08,15.9,16.0,15.51,15.97,14389206,226598581.05,0.6216,0.4403
2022-04-11,15.97,15.97,15.39,15.45,16641228,259125601.68,0.7189,-3.2561
2022-04-12,15.49,15.97,15.39,15.97,13326974,209250978.79,0.5757,3.3657
2022-04-13,15.89,16.0,15.7,15.84,7891078,124934255.31,0.3409,-0.814
2022-04-14,15.95,16.1,15.84,16.01,8906027,142342399.5,0.3848,1.0732
2022-04-15,15.88,16.38,15.87,16.3,13689414,222086388.86,0.5914,1.8114
2022-04-18,16.21,16.95,16.14,16.89,17725058,296474908.63,0.7657,3.6196
2022-04-19,16.8,16.91,16.65,16.72,12106297,202526364.27,0.523,-1.0065
2022-04-20,16.73,16.93,16.63,16.72,8379687,140533061.88,0.362,0.0
2022-04-21,16.65,16.88,16.27,16.39,9421048,155699228.66,0.407,-1.9737
2022-04-22,16.52,16.6,16.12,16.59,9569568,157177656.46,0.4134,1.2203
2022-04-25,16.35,16.4,15.59,15.6,13257618,212191605.29,0.5727,-5.9675
2022-04-26,15.6,15.79,15.15,15.2,11516480,178463080.55,0.4975,-2.5641
2022-04-27,15.09,16.36,15.03,16.29,15489361,245395777.66,0.6692,7.1711
2022-04-28,16.2,16.54,16.07,16.25,12423196,202484348.78,0.5367,-0.2455
2022-04-29,16.43,16.7,16.22,16.68,16226689,267583472.56,0.701,2.6462
2022-05-05,16.68,16.78,16.42,16.6,13281130,220809063.3,0.5738,-0.4796
2022-05-06,16.26,16.54,16.2,16.44,8374001,136898620.03,0.3618,-0.9639
2022-05-09,16.29,16.53,16.28,16.45,5678292,93320631.72,0.2453,0.0608
2022-05-10,16.28,16.85,16.2,16.8,11861270,198486374.05,0.5124,2.1277
2022-05-11,16.89,17.19,16.71,16.8,14835815,252292392.22,0.6409,0.0
2022-05-12,16.68,16.94,16.61,16.81,7733679,129929790.06,0.3341,0.0595
2022-05-13,16.87,16.91,16.67,16.8,7009017,117532290.76,0.3028,-0.0595
2022-05-16,16.82,16.89,16.59,16.64,6817983,113905643.02,0.2945,-0.9524
2022-05-17,16.56,16.72,16.46,16.65,6666815,110605638.45,0.288,0.0601
2022-05-18,16.66,16.92,16.56,16.84,8400781,140770407.59,0.3629,1.1411
2022-05-19,16.68,17.35,16.62,17.34,16960456,290540946.87,0.7325,2.9691
2022-05-20,17.36,17.74,17.11,17.27,12942636,224624184.27,0.559,-0.4037
2022-05-23,17.35,17.39,16.88,16.98,15186143,257977722.36,0.6559,-1.6792
2022-05-24,16.98,17.06,16.48,16.48,13178268,220699585.88,0.5692,-2.9446
2022-05-25,16.43,16.64,16.35,16.54,8862208,146196294.4,0.3828,0.3641
2022-05-26,16.08,16.08,15.6,15.73,11141264,175488241.1,0.4812,-1.3174
2022-05-27,15.74,15.93,15.57,15.76,9579558,150530107.01,0.4138,0.1907
2022-05-30,15.87,15.87,15.7,15.79,6236541,98318791.07,0.2694,0.1904
2022-05-31,15.78,16.34,15.6,16.24,16232337,260194612.47,0.7011,2.8499
2022-06-01,16.2,16.45,16.11,16.17,10452985,169688078.0,0.4515,-0.431
2022-06-02,16.2,16.48,16.12,16.47,12940123,211663245.71,0.5589,1.8553
2022-06-06,16.46,17.09,16.4,17.06,20016509,335815167.3,0.8645,3.5823
2022-06-07,16.9,16.98,16.6,16.67,13064825,218802087.79,0.5643,-2.286
2022-06-08,16.71,16.81,16.34,16.6,10363675,171837886.95,0.4476,-0.4199
2022-06-09,16.5,16.58,16.12,16.19,9351903,152286460.96,0.4039,-2.4699
2022-06-10,16.05,16.42,16.03,16.4,10838418,176044230.22,0.4681,1.2971
2022-06-13,16.23,16.31,15.9,16.05,15951489,256617886.68,0.689,-2.1341
2022-06-14,15.9,16.15,15.65,16.13,11459407,182136323.05,0.495,0.4984
2022-06-15,16.17,16.76,16.14,16.5,20469485,338617690.65,0.8841,2.2939
2022-06-16,16.51,16.74,16.36,16.41,10615440,175530425.2,0.4585,-0.5455
2022-06-17,16.38,16.63,16.28,16.62,11322512,186790997.83,0.489,1.2797
2022-06-20,16.66,16.79,16.56,16.64,11063774,184401388.36,0.4779,0.1203
2022-06-21,16.64,16.85,16.45,16.68,11078684,184517575.17,0.4785,0.2404
2022-06-22,16.67,16.67,16.31,16.31,11748194,192718234.93,0.5074,-2.2182
2022-06-23,16.31,16.69,16.31,16.69,12968515,214853800.12,0.5601,2.3299
2022-06-24,16.62,17.05,16.62,17.02,24069548,407520099.4,1.0396,1.9772
2022-06-27,17.15,17.26,16.84,16.95,20923327,356380610.13,0.9037,-0.4113
2022-06-28,16.91,17.22,16.66,17.17,23370654,395733386.12,1.0094,1.2979
2022-06-29,17.13,17.48,16.85,16.87,29935638,514109713.25,1.293,-1.7472
2022-06-30,16.91,17.18,16.85,16.99,13032847,221821439.62,0.5629,0.7113
2022-07-01,17.01,17.15,16.86,17.02,10729998,182562880.82,0.4634,0.1766
2022-07-04,16.95,17.01,16.7,16.85,15239603,256315787.17,0.6561,-0.9988
2022-07-05,16.85,17.0,16.37,16.56,23626861,391781142.31,1.0172,-1.7211
2022-07-06,16.56,16.64,16.4,16.59,15908351,262926891.42,0.6849,0.1812
2022-07-07,16.5,16.66,16.45,16.57,9083538,150643423.29,0.3911,-0.1206
2022-07-08,16.66,16.75,16.56,16.57,9166030,152769406.41,0.3946,0.0
2022-07-11,16.5,16.54,16.0,16.13,12502417,202132174.12,0.5383,-2.6554
2022-07-12,16.1,16.1,15.85,15.86,8927650,142200487.8,0.3844,-1.6739
2022-07-13,15.82,15.92,15.69,15.77,9117157,143809929.23,0.3925,-0.5675
2022-07-14,15.74,15.9,15.61,15.78,6868523,108460878.85,0.2957,0.0634
2022-07-15,15.77,15.92,15.55,15.55,8695589,137064704.08,0.3744,-1.4575
2022-07-18,15.58,15.9,15.5,15.86,9381162,147437404.48,0.4039,1.9936
2022-07-19,15.79,16.08,15.78,16.04,8809137,140921740.45,0.3793,1.1349
2022-07-20,16.07,16.24,15.93,15.96,10519229,169082607.67,0.4529,-0.4988
2022-07-21,15.97,16.14,15.91,15.97,7656809,122749902.07,0.3297,0.0627
2022-07-22,15.98,16.03,15.67,15.79,7764685,122892107.04,0.3343,-1.1271
2022-07-25,15.79,15.89,15.62,15.65,6593573,103531314.95,0.2839,-0.8866
2022-07-26,15.69,15.75,15.56,15.63,6014080,93839076.03,0.2589,-0.1278
2022-07-27,15.63,15.63,15.52,15.59,5372831,83644702.66,0.2313,-0.2559
2022-07-28,15.66,16.35,15.65,16.19,20015376,322891789.61,0.8617,3.8486
2022-07-29,16.19,16.28,15.86,15.89,10985688,175764027.25,0.473,-1.853
2022-08-01,15.85,16.2,15.66,16.18,10989008,176619462.32,0.4731,1.825
2022-08-02,16.01,16.03,15.6,15.88,13267238,209937417.8,0.5712,-1.8541
2022-08-03,15.76,16.16,15.75,15.87,11706034,187316770.7,0.504,-0.063
2022-08-04,16.0,16.16,15.85,16.04,9972628,159783067.0,0.4294,1.0712
2022-08-05,16.08,16.57,16.01,16.56,25105332,411282146.0,1.0809,3.2419
2022-08-08,16.62,16.68,16.29,16.52,14699946,241355610.0,0.6329,-0.2415
2022-08-09,16.48,16.66,16.26,16.64,14425118,237123069.0,0.6211,0.7264
2022-08-10,16.48,16.79,16.36,16.39,14629116,241915692.0,0.6298,-1.5024
2022-08-11,16.43,16.92,16.43,16.83,26665625,446323298.0,1.1481,2.6846
2022-08-12,16.85,17.13,16.74,16.97,26146407,444073797.0,1.1257,0.8318
2022-08-15,16.5,17.19,16.42,17.13,33896086,571571027.7,1.4594,0.9428
2022-08-16,17.18,17.6,16.89,17.44,37620229,653023798.21,1.6197,1.8097
2022-08-17,17.49,17.56,17.22,17.39,21168702,368148152.48,0.9114,-0.2867
2022-08-18,17.43,17.44,17.1,17.13,21485181,369898679.16,0.925,-1.4951
2022-08-19,17.15,17.66,17.0,17.0,22789227,394077194.06,0.9812,-0.7589
2022-08-22,17.04,17.33,16.85,17.07,13909809,238105949.01,0.5989,0.4118
2022-08-23,16.99,17.06,16.61,16.67,20506467,343242550.18,0.8829,-2.3433
2022-08-24,16.8,16.83,16.08,16.13,18548624,302982931.33,0.7986,-3.2394
2022-08-25,16.13,16.2,15.92,16.12,9406498,151005156.0,0.405,-0.062
2022-08-26,16.15,16.27,16.06,16.1,7235167,116765555.62,0.3115,-0.1241
2022-08-29,15.87,16.02,15.8,15.97,6447067,102696501.41,0.2776,-0.8075
2022-08-30,15.93,16.05,15.85,16.02,6335973,100979495.83,0.2728,0.3131
2022-08-31,16.01,16.07,15.8,15.9,7209514,114609614.33,0.3104,-0.7491
2022-09-01,15.84,15.99,15.8,15.88,5007623,79590372.72,0.2156,-0.1258
2022-09-02,15.81,15.98,15.81,15.91,5303772,84365717.97,0.2283,0.1889
2022-09-05,15.91,15.93,15.67,15.74,7155204,112567724.94,0.3081,-1.0685
2022-09-06,15.75,15.9,15.71,15.9,6044271,95476104.95,0.2602,1.0165
2022-09-07,15.81,16.0,15.77,15.86,7652174,121519744.8,0.3295,-0.2516
2022-09-08,15.84,15.86,15.51,15.53,12216153,190673405.33,0.526,-2.0807
2022-09-09,15.53,15.65,15.38,15.64,8565348,132866774.89,0.3688,0.7083
2022-09-13,15.7,15.87,15.43,15.47,10996860,171874155.46,0.4735,-1.087
2022-09-14,15.33,15.35,15.16,15.3,7473335,114105006.21,0.3218,-1.0989
2022-09-15,15.39,15.39,14.75,14.9,20061277,301377839.57,0.8637,-2.6144
2022-09-16,14.86,14.99,14.45,14.51,15776982,231976076.93,0.6793,-2.6174
2022-09-19,14.52,14.57,14.24,14.35,7917746,113757377.86,0.3409,-1.1027
2022-09-20,14.39,14.49,14.23,14.26,7471504,106910184.4,0.3217,-0.6272
2022-09-21,14.26,14.29,13.62,14.0,15509925,215252349.51,0.6678,-1.8233
2022-09-22,13.88,13.97,13.73,13.74,9610670,132837208.22,0.4138,-1.8571
2022-09-23,13.75,13.82,13.28,13.44,16864338,227631359.23,0.7261,-2.1834
2022-09-26,13.32,13.48,13.17,13.2,11119921,147885162.34,0.4788,-1.7857
2022-09-27,13.22,13.45,13.22,13.44,9482866,126763065.91,0.4083,1.8182
2022-09-28,13.41,13.41,13.12,13.12,8800815,116304346.72,0.3789,-2.381
2022-09-29,13.23,13.35,13.07,13.16,8116402,107234583.05,0.3494,0.3049
2022-09-30,13.15,13.24,13.06,13.1,6018003,79097394.85,0.2591,-0.4559
2022-10-10,13.1,13.16,12.67,12.7,9471401,121878322.02,0.4071,-3.0534
2022-10-11,12.7,12.87,12.64,12.77,6548041,83426014.25,0.2814,0.5512
2022-10-12,12.78,13.26,12.72,13.24,10732959,139399780.2,0.4613,3.6805
2022-10-13,13.21,13.42,13.1,13.28,8162080,108624134.44,0.3508,0.3021
2022-10-14,13.39,13.52,13.3,13.48,8292160,111502136.76,0.3564,1.506
2022-10-17,13.47,13.72,13.44,13.69,7716594,105165498.93,0.3317,1.5579
2022-10-18,13.83,13.83,13.56,13.72,7832633,107165613.65,0.3367,0.2191
2022-10-19,13.67,13.8,13.57,13.59,5905084,80755501.56,0.2538,-0.9475
2022-10-20,13.59,13.91,13.52,13.82,8594398,118247665.41,0.3694,1.6924
2022-10-21,13.8,13.89,13.71,13.78,5600550,77249144.4,0.2407,-0.2894
2022-10-24,13.77,13.99,13.4,13.49,8517042,116339072.57,0.3661,-2.1045
2022-10-25,13.48,13.6,13.28,13.4,6059205,81328271.2,0.2604,-0.6672
2022-10-26,13.48,14.1,13.45,13.94,14023599,194657806.16,0.6028,4.0299
2022-10-27,13.94,14.25,13.9,14.08,10858939,153167377.99,0.4667,1.0043
2022-10-28,13.79,13.98,13.49,13.5,11627725,159941295.77,0.4998,-4.1193
2022-10-31,13.51,13.99,13.51,13.87,8281707,114370693.86,0.356,2.7407
2022-11-01,13.88,14.05,13.77,14.04,7880272,109926532.35,0.3387,1.2257
2022-11-02,14.02,14.33,14.02,14.19,10065198,143276906.25,0.4326,1.0684
2022-11-03,14.12,14.38,14.06,14.33,7463400,106219700.22,0.3208,0.9866
2022-11-04,14.26,14.48,14.23,14.32,9595471,137651705.18,0.4124,-0.0698
2022-11-07,14.37,14.44,14.15,14.19,7964657,113381224.06,0.3423,-0.9078
2022-11-08,14.15,14.17,13.95,14.07,7194337,100909142.05,0.3092,-0.8457
2022-11-09,14.11,14.24,14.0,14.22,7034665,99559627.05,0.3024,1.0661
2022-11-10,14.13,14.21,13.75,13.8,9945333,138410043.57,0.4275,-2.9536
2022-11-11,14.25,14.39,14.11,14.16,13272006,188962659.32,0.5705,2.6087
2022-11-14,14.15,14.51,14.14,14.34,14185097,204077238.77,0.6097,1.2712
2022-11-15,14.27,15.08,14.23,15.0,22573888,334288660.85,0.9703,4.6025
2022-11-16,15.0,15.38,14.92,15.29,18873330,287628647.73,0.8112,1.9333
2022-11-17,15.2,15.45,14.98,15.41,13253415,201957925.7,0.5697,0.7848
2022-11-18,15.32,15.44,15.21,15.27,9475642,145314841.76,0.4073,-0.9085
2022-11-21,15.2,15.43,15.07,15.42,10659967,162518172.4,0.4582,0.9823
2022-11-22,15.37,15.82,15.31,15.5,13189976,206153969.38,0.5669,0.5188
2022-11-23,15.42,15.55,15.25,15.53,9455187,145774578.0,0.4064,0.1935
2022-11-24,15.52,15.61,15.28,15.33,6159388,94677038.9,0.2647,-1.2878
2022-11-25,15.37,15.45,15.17,15.19,5347160,81597770.94,0.2298,-0.9132
2022-11-28,15.04,15.13,14.85,15.01,7087758,106245180.66,0.3046,-1.185
2022-11-29,15.05,15.18,14.98,15.1,5425289,81924267.77,0.2332,0.5996
2022-11-30,15.14,15.18,15.0,15.09,5203685,78387279.85,0.2237,-0.0662
2022-12-01,15.21,15.29,15.0,15.02,7018377,106145200.37,0.3017,-0.4639
2022-12-02,15.03,15.15,14.9,14.92,5951981,89228190.1,0.2558,-0.6658
2022-12-05,14.94,15.27,14.94,15.26,7263462,110115566.83,0.3122,2.2788
2022-12-06,15.22,15.37,15.15,15.33,7152353,109460323.26,0.3074,0.4587
2022-12-07,15.32,15.32,14.72,14.76,14995765,224129572.96,0.6446,-3.7182
2022-12-08,14.76,14.77,14.54,14.63,8758576,127999325.27,0.3765,-0.8808
2022-12-09,14.62,14.88,14.6,14.81,9327150,137452854.42,0.4009,1.2303
2022-12-12,14.75,15.56,14.69,15.38,16450304,251085926.72,0.7071,3.8488
2022-12-13,15.33,15.45,15.18,15.22,5099270,77798700.15,0.2192,-1.0403
2022-12-14,15.37,15.49,15.07,15.1,7491485,114429721.5,0.322,-0.7884
2022-12-15,15.09,15.46,14.98,15.37,8250436,126740147.45,0.3546,1.7881
2022-12-16,15.3,15.38,15.17,15.38,7228987,110455886.12,0.3107,0.0651
2022-12-19,15.38,15.4,15.01,15.05,6398496,96604730.28,0.275,-2.1456
2022-12-20,15.03,15.16,14.81,14.89,5216455,78017484.1,0.2242,-1.0631
2022-12-21,14.84,14.98,14.7,14.81,4429653,65736456.56,0.1904,-0.5373
2022-12-22,14.93,15.22,14.8,14.86,4703400,70369500.47,0.2022,0.3376
2022-12-23,14.85,14.98,14.55,14.62,4720800,69521669.07,0.2029,-1.6151
2022-12-26,14.62,14.9,14.61,14.86,4533650,67122001.45,0.1949,1.6416
2022-12-27,14.91,14.95,14.67,14.86,4200510,62166962.2,0.1805,0.0
2022-12-28,14.85,14.89,14.68,14.73,3405011,50157463.87,0.1464,-0.8748
2022-12-29,14.69,14.79,14.5,14.54,5426476,79254055.07,0.2332,-1.2899
2022-12-30,14.64,14.7,14.38,14.41,5139728,74501641.01,0.2209,-0.8941
2023-01-03,14.46,15.21,14.15,15.18,13653933,202885221.83,0.5869,5.3435
2023-01-04,15.15,15.43,15.1,15.23,7808635,119229523.21,0.3355,0.3294
2023-01-05,15.22,15.29,15.15,15.2,5113972,77743624.09,0.2197,-0.197
2023-01-06,15.16,15.29,15.05,15.12,4580498,69388412.88,0.1968,-0.5263
2023-01-09,15.12,15.2,14.96,14.99,7377078,111011712.17,0.317,-0.8598
2023-01-10,15.05,15.15,14.91,15.01,4401312,66238356.63,0.1891,0.1334
2023-01-11,15.02,15.34,15.02,15.06,8236700,125190591.09,0.3539,0.3331
2023-01-12,14.96,15.1,14.88,14.97,4382300,65582698.0,0.1883,-0.5976
2023-01-13,14.93,15.15,14.92,15.08,3993947,59852148.15,0.1716,0.7348
2023-01-16,15.01,15.43,15.0,15.38,9910476,151943870.89,0.4258,1.9894
2023-01-17,15.43,15.75,15.34,15.6,11985695,186989598.04,0.515,1.4304
2023-01-18,15.6,15.9,15.6,15.84,11141646,175978590.19,0.4787,1.5385
2023-01-19,15.78,16.02,15.7,16.0,8956120,142665608.56,0.3848,1.0101
2023-01-20,16.02,16.1,15.93,16.04,7075549,113246677.8,0.304,0.25
2023-01-30,16.17,16.35,16.11,16.23,11132196,180656357.84,0.4783,1.1845
2023-01-31,16.24,16.3,16.12,16.15,9286962,150199941.76,0.399,-0.4929
2023-02-01,16.3,16.55,16.17,16.48,12395787,203727649.88,0.5326,2.0433
2023-02-02,16.52,16.75,16.46,16.61,13783658,229549867.58,0.5922,0.7888
2023-02-03,16.61,16.68,16.34,16.6,9482519,156349186.64,0.4074,-0.0602
2023-02-06,16.51,16.53,16.15,16.24,9261194,150743116.87,0.3979,-2.1687
2023-02-07,16.28,16.53,16.16,16.49,10191403,167730866.93,0.4379,1.5394
2023-02-08,16.55,16.72,16.4,16.48,9089129,150369674.01,0.3905,-0.0606
2023-02-09,16.43,16.85,16.38,16.83,14842371,248086251.28,0.6377,2.1238
2023-02-10,16.83,18.0,16.83,17.36,39182564,689792581.7,1.6835,3.1491
2023-02-13,17.36,18.15,17.15,18.04,32665957,582632975.41,1.4035,3.9171
2023-02-14,17.86,18.05,17.58,17.68,16018244,285040155.44,0.6882,-1.9956
2023-02-15,17.68,18.15,17.53,18.1,25978767,466073144.6,1.1162,2.3756
2023-02-16,18.02,18.55,17.7,17.85,33096131,602406798.68,1.422,-1.3812
2023-02-17,17.83,17.91,16.99,17.0,27181789,471449223.6,1.1679,-4.7619
2023-02-20,17.11,18.04,16.94,17.98,23845474,421219662.88,1.0245,5.7647
2023-02-21,17.97,18.39,17.56,17.75,18287749,328036893.81,0.7857,-1.2792
2023-02-22,17.63,17.74,17.51,17.59,6505048,114734666.07,0.2795,-0.9014
2023-02-23,17.59,17.65,17.16,17.21,10150553,175695827.89,0.4361,-2.1603
2023-02-24,17.27,17.44,17.1,17.23,9889400,170618574.84,0.4249,0.1162
2023-02-27,17.15,17.4,17.04,17.11,9085634,155965107.42,0.3904,-0.6965
2023-02-28,17.45,18.24,17.35,18.13,45658264,822103798.57,1.9617,5.9614
2023-03-01,18.03,18.41,17.96,18.38,22160607,404659831.18,0.9521,1.3789
2023-03-02,18.47,18.69,18.38,18.51,18764905,347620457.92,0.8062,0.7073
2023-03-03,18.59,18.65,18.08,18.24,17042524,311041053.16,0.7322,-1.4587
2023-03-06,18.27,18.44,18.08,18.27,15257835,278922449.28,0.6556,0.1645
2023-03-07,18.21,18.32,17.62,17.7,17609933,316155974.49,0.7566,-3.1199
2023-03-08,17.72,18.29,17.72,18.2,18263495,330870679.74,0.7847,2.8249
2023-03-09,18.23,18.38,17.97,18.23,10601103,193299597.28,0.4555,0.1648
2023-03-10,18.05,18.24,17.84,17.88,10012113,180406866.29,0.4302,-1.9199
2023-03-13,17.83,17.99,17.61,17.79,15724666,279372347.25,0.6756,-0.5034
2023-03-14,17.78,17.8,17.26,17.53,16877721,294898124.81,0.7252,-1.4615
2023-03-15,17.71,17.84,17.38,17.4,16144264,283147613.97,0.6936,-0.7416
2023-03-16,17.35,17.67,17.3,17.39,8505697,148791042.09,0.3655,-0.0575
2023-03-17,17.45,18.02,17.45,17.75,10907782,194571299.97,0.4687,2.0702
2023-03-20,18.1,18.58,17.89,18.35,24360672,445113365.75,1.0467,3.3803
2023-03-21,18.29,18.5,18.14,18.2,13316259,243833998.37,0.5721,-0.8174
2023-03-22,18.26,18.86,18.15,18.84,25211772,470708789.34,1.0832,3.5165
2023-03-23,18.86,19.96,18.68,19.61,58353884,1130678571.49,2.5072,4.087
2023-03-24,19.98,20.66,19.6,19.85,57888217,1159812557.78,2.4872,1.2239
2023-03-27,19.74,20.0,19.0,19.31,30712930,597841559.99,1.3196,-2.7204
2023-03-28,19.22,19.31,18.86,19.07,19320042,368232145.67,0.8301,-1.2429
2023-03-29,19.01,19.18,18.6,18.73,20058981,377642335.94,0.8618,-1.7829
2023-03-30,18.8,19.11,18.5,18.75,18936716,355330020.22,0.8136,0.1068
2023-03-31,18.61,18.79,18.25,18.46,18587167,343507839.76,0.7986,-1.5467
2023-04-03,18.6,19.1,18.4,19.0,24066371,453410054.95,1.034,2.9252
2023-04-04,19.01,19.29,18.8,19.02,24773093,472170809.23,1.0596,0.1053
2023-04-06,19.0,20.15,18.92,19.83,49622339,978887760.59,2.1224,4.2587
2023-04-07,19.71,19.79,19.25,19.63,21779383,424334721.99,0.9315,-1.0086
2023-04-10,19.62,20.23,19.48,19.53,29910131,592975057.11,1.2793,-0.5094
2023-04-11,19.49,19.73,19.31,19.53,19515031,380440418.2,0.8347,0.0
2023-04-12,19.6,19.95,19.47,19.76,15836653,313010403.39,0.6773,1.1777
2023-04-13,19.77,19.77,19.03,19.06,17953579,345506015.12,0.7679,-3.5425
2023-04-14,19.07,19.2,18.58,19.04,12291077,231951396.98,0.5257,-0.1049
2023-04-17,18.96,18.96,18.64,18.81,13825988,259306930.33,0.5913,-1.208
2023-04-18,18.7,18.77,18.31,18.58,15538654,287492609.13,0.6646,-1.2228
2023-04-19,18.32,18.99,18.32,18.53,17599057,327936876.97,0.7527,-0.2691
2023-04-20,18.48,19.78,18.37,19.7,38539378,745128906.53,1.6484,6.3141
2023-04-21,19.75,19.75,17.74,17.82,40900522,754373843.97,1.7494,-9.5431
2023-04-24,17.66,18.17,17.22,17.35,28917493,506893317.25,1.2368,-2.6375
2023-04-25,17.35,17.68,17.12,17.35,16832095,291836347.05,0.7199,0.0
2023-04-26,17.22,17.36,16.38,16.66,24165609,403591669.76,1.0336,-3.9769
2023-04-27,16.7,16.82,16.14,16.28,19956164,326113229.67,0.8535,-2.2809
2023-04-28,16.28,16.44,15.85,16.05,35244977,566435633.55,1.5075,-1.4128
2023-05-04,15.97,16.1,15.47,15.49,25195351,395475377.28,1.0776,-3.4891
2023-05-05,15.57,15.81,15.39,15.43,14762996,229710236.31,0.6314,-0.3873
2023-05-08,15.48,15.58,15.18,15.4,13111619,201731466.0,0.5608,-0.1944
2023-05-09,15.4,16.05,15.27,15.32,24751986,385649766.33,1.0587,-0.5195
2023-05-10,15.32,15.45,14.99,15.14,14735789,223037226.53,0.6303,-1.1749
2023-05-11,15.14,15.26,14.9,14.96,15052031,226271053.38,0.6438,-1.1889
2023-05-12,14.91,15.08,14.76,14.8,11197484,166536161.74,0.4789,-1.0695
2023-05-15,14.76,14.82,14.46,14.82,19381734,283977488.88,0.829,0.1351
2023-05-16,14.83,14.86,14.48,14.72,14766444,216150087.52,0.6316,-0.6748
2023-05-17,14.74,14.89,14.59,14.81,13897271,205031115.56,0.5944,0.6114
2023-05-18,14.84,15.19,14.78,15.01,20872076,313309575.28,0.8927,1.3504
2023-05-19,15.01,15.15,14.85,15.1,15798661,237182116.28,0.6749,0.5996
2023-05-22,15.21,15.38,15.03,15.15,13878511,210732517.63,0.5928,0.3311
2023-05-23,15.14,15.24,15.01,15.08,12408558,187655440.98,0.53,-0.462
2023-05-24,15.0,15.25,14.86,15.07,10629209,160480835.2,0.454,-0.0663
2023-05-25,15.08,15.25,14.82,15.06,11758610,176244772.71,0.5023,-0.0664
2023-05-26,14.7,14.76,14.5,14.69,9441376,138261667.31,0.4033,0.5476
2023-05-29,14.82,15.25,14.72,15.07,24706912,371999358.91,1.0554,2.5868
2023-05-30,15.07,15.25,14.88,15.25,20418906,308658666.05,0.8722,1.1944
2023-05-31,15.29,15.37,15.07,15.26,17346502,263854139.3,0.741,0.0656
2023-06-01,15.18,15.4,15.08,15.17,14662992,223705891.56,0.6263,-0.5898
2023-06-02,15.23,15.33,15.03,15.16,13608813,206100555.05,0.5813,-0.0659
2023-06-05,15.16,15.33,15.1,15.22,13812846,210121959.91,0.59,0.3958
2023-06-06,15.16,15.21,14.7,14.75,14154933,210617833.39,0.6046,-3.088
2023-06-07,14.78,14.88,14.63,14.7,8346547,123078559.1,0.3565,-0.339
2023-06-08,14.67,14.69,14.42,14.57,9625587,139950792.44,0.4112,-0.8844
2023-06-09,14.58,14.88,14.44,14.83,11732056,172073301.62,0.5011,1.7845
2023-06-12,14.85,15.09,14.75,14.92,14487979,216246133.4,0.6189,0.6069
2023-06-13,14.93,15.2,14.82,15.17,15702035,236716097.28,0.6707,1.6756
2023-06-14,15.17,15.23,14.97,15.18,13678117,206779196.31,0.5843,0.0659
2023-06-15,15.18,15.27,15.02,15.14,14229848,215200767.79,0.6078,-0.2635
2023-06-16,15.14,15.47,15.13,15.4,21737462,333524034.86,0.9285,1.7173
2023-06-19,15.4,16.32,15.09,16.11,54583116,863257733.23,2.3316,4.6104
2023-06-20,16.07,16.07,15.25,15.3,50908228,786954953.65,2.1746,-5.0279
2023-06-21,15.21,15.26,14.59,14.59,35618693,526782017.0,1.5215,-4.6405
2023-06-26,14.5,14.57,13.67,13.7,34297023,479880509.24,1.465,-6.1001
2023-06-27,13.7,14.27,13.67,14.2,23223312,326088100.46,0.992,3.6496
2023-06-28,14.18,14.2,13.67,13.91,17321516,240322369.93,0.7399,-2.0423
2023-06-29,13.89,14.0,13.81,13.86,12856744,178493364.75,0.5492,-0.3595
2023-06-30,13.83,14.25,13.83,14.2,21142991,298444371.19,0.8998,2.4531
2023-07-03,14.21,14.47,14.17,14.38,15928402,228435248.24,0.6804,1.2676
2023-07-04,14.44,14.82,14.33,14.76,20822533,305327921.41,0.8862,2.6426
2023-07-05,14.76,15.74,14.73,15.29,42043409,642038732.78,1.7893,3.5908
2023-07-06,15.34,15.87,15.2,15.51,34462758,536728694.88,1.4666,1.4388
2023-07-07,15.5,15.64,14.8,15.0,26000824,391330477.42,1.1065,-3.2882
2023-07-10,15.15,15.2,14.77,14.81,16512161,245344510.55,0.7027,-1.2667
2023-07-11,14.84,15.24,14.79,15.11,15217323,229509863.66,0.6476,2.0257
2023-07-12,15.08,15.23,14.89,14.93,14018713,211301904.98,0.5966,-1.1913
2023-07-13,15.0,15.39,14.94,15.36,18844785,287599949.74,0.802,2.8801
2023-07-14,15.45,15.8,15.35,15.58,22948351,357403150.75,0.9766,1.4323
2023-07-17,15.65,16.38,15.63,16.13,39782754,640336310.36,1.6931,3.5302
2023-07-18,16.06,16.4,16.0,16.15,28072271,454240218.57,1.1947,0.124
2023-07-19,16.15,16.25,15.87,15.94,17431713,278574219.01,0.7418,-1.3003
2023-07-20,16.0,16.05,15.41,15.45,17485765,273402646.59,0.7441,-3.074
2023-07-21,15.45,15.75,15.35,15.58,13635551,212834054.13,0.5803,0.8414
2023-07-24,15.53,15.92,15.41,15.83,18045780,284127891.05,0.768,1.6046
2023-07-25,15.98,16.86,15.88,16.5,42004579,689199356.24,1.7876,4.2325
2023-07-26,16.45,16.45,15.88,15.96,26509379,423944505.8,1.1282,-3.2727
2023-07-27,15.95,16.08,15.72,15.86,24809525,394129218.08,1.0558,-0.6266
2023-07-28,15.76,16.15,15.66,16.03,17113353,273470136.43,0.7283,1.0719
2023-07-31,16.11,16.23,15.86,15.93,21482951,344597213.25,0.9143,-0.6238
2023-08-01,15.93,16.12,15.72,16.02,15923682,254710730.67,0.6777,0.565
2023-08-02,15.9,16.2,15.78,15.94,15634010,249371980.92,0.6653,-0.4994
2023-08-03,15.86,15.97,15.43,15.86,18824014,295950015.45,0.8011,-0.5019
2023-08-04,15.88,16.24,15.88,16.0,11955325,191846450.11,0.5088,0.8827
2023-08-07,16.0,16.13,15.87,15.98,8681420,138776179.73,0.3695,-0.125
2023-08-08,15.98,16.02,15.7,15.7,8811670,139464784.32,0.375,-1.7522
2023-08-09,15.69,15.8,15.37,15.39,13663520,212098805.26,0.5815,-1.9745
2023-08-10,15.38,15.87,15.25,15.77,27939804,437697095.7,1.189,2.4691
2023-08-11,15.81,15.85,15.21,15.22,16710704,258469171.28,0.7112,-3.4876
2023-08-14,15.15,15.39,14.88,15.2,13758300,207210285.2,0.5855,-0.1314
2023-08-15,15.23,15.51,14.92,15.05,10250228,155663886.99,0.4362,-0.9868
2023-08-16,15.05,15.11,14.73,14.73,6830736,101608357.87,0.2907,-2.1262
2023-08-17,14.72,15.0,14.53,14.85,9974207,148020308.65,0.4245,0.8147
2023-08-18,14.85,15.02,14.45,14.45,9457015,138447486.35,0.4025,-2.6936
2023-08-21,14.4,14.57,14.26,14.28,10049627,144640803.92,0.4277,-1.1765
2023-08-22,14.41,14.8,14.31,14.77,14311849,207920472.61,0.6091,3.4314
2023-08-23,14.79,14.79,14.25,14.28,10343290,149021893.65,0.4402,-3.3175
2023-08-24,14.35,14.43,14.01,14.2,13527980,192312479.91,0.5757,-0.5602
2023-08-25,14.12,14.23,13.94,14.07,9101923,128089099.44,0.3874,-0.9155
2023-08-28,14.77,14.93,14.16,14.21,12737413,183707971.66,0.5421,0.995
2023-08-29,14.22,14.71,14.1,14.58,12605274,182340078.6,0.5364,2.6038
2023-08-30,14.75,15.15,14.67,14.91,15903761,237530733.7,0.6768,2.2634
2023-08-31,14.84,15.0,14.7,14.82,10592039,157170459.4,0.4508,-0.6036
2023-09-01,14.86,14.95,14.73,14.78,7211000,106947018.0,0.3069,-0.2699
2023-09-04,14.82,15.33,14.82,15.3,18852063,285670876.77,0.8023,3.5183
2023-09-05,15.35,15.62,15.25,15.42,15739138,243466481.33,0.6698,0.7843
2023-09-06,15.33,15.64,15.29,15.6,9850966,152677920.06,0.4192,1.1673
2023-09-07,15.52,15.54,15.27,15.32,11368107,174776670.83,0.4838,-1.7949
2023-09-08,15.25,15.44,15.2,15.36,5156674,79140041.22,0.2195,0.2611
2023-09-11,15.39,15.62,15.33,15.5,19007370,294836427.0,0.8089,0.9115
2023-09-12,15.5,15.75,15.41,15.43,7533640,117030146.04,0.3206,-0.4516
2023-09-13,15.45,15.46,15.1,15.26,9704796,147725911.36,0.413,-1.1017
2023-09-14,15.18,15.43,15.18,15.28,7629031,116666430.74,0.3247,0.1311
2023-09-15,15.28,15.37,15.12,15.28,11193798,170868434.16,0.4764,0.0
2023-09-18,15.22,15.31,15.08,15.18,7890780,119865704.0,0.3358,-0.6545
2023-09-19,15.22,15.22,14.95,15.16,7622335,115244980.73,0.3244,-0.1318
2023-09-20,15.09,15.32,14.99,15.25,14483849,219830772.83,0.6164,0.5937
2023-09-21,15.16,15.42,15.11,15.25,18652607,285236512.11,0.7938,0.0
2023-09-22,15.27,15.59,15.18,15.32,14129675,216962691.95,0.6013,0.459
2023-09-25,15.32,15.41,15.05,15.24,11625752,176751313.72,0.4948,-0.5222
2023-09-26,15.23,15.32,14.9,14.94,12249752,183973046.94,0.5213,-1.9685
2023-09-27,14.97,15.05,14.82,14.82,15901935,237398290.78,0.6767,-0.8032
2023-09-28,14.87,15.41,14.82,15.36,19292124,293416672.38,0.821,3.6437
2023-10-09,15.35,15.44,15.15,15.3,12443507,190174840.95,0.5291,-0.3906
2023-10-10,15.28,15.53,15.25,15.46,11411258,175824700.16,0.4852,1.0458
2023-10-11,15.44,16.06,15.4,15.94,23063595,364416762.26,0.9807,3.1048
2023-10-12,15.99,16.8,15.95,16.47,38721636,636191778.1,1.6466,3.325
2023-10-13,16.41,17.32,16.35,16.9,49866076,843452938.96,2.1205,2.6108
2023-10-16,17.0,17.04,16.73,16.89,29011198,489657188.58,1.2336,-0.0592
2023-10-17,16.87,16.98,16.41,16.57,24066076,399245737.49,1.0234,-1.8946
2023-10-18,16.61,16.61,16.24,16.48,14519150,238600372.55,0.6174,-0.5432
2023-10-19,16.31,16.63,16.3,16.35,12910315,212543700.72,0.549,-0.7888
2023-10-20,16.34,16.47,16.01,16.09,12303590,199631454.45,0.5232,-1.5902
2023-10-23,16.06,16.3,15.91,16.2,14306405,230209573.53,0.6084,0.6837
2023-10-24,16.12,16.8,16.05,16.51,27976900,461915354.9,1.1897,1.9136
2023-10-25,16.53,16.68,16.35,16.5,13603620,224463131.32,0.5785,-0.0606
2023-10-26,16.35,16.48,16.0,16.27,21950100,355355724.54,0.9334,-1.3939
2023-10-27,16.34,17.25,16.33,17.13,38020714,646764034.92,1.6168,5.2858
2023-10-30,17.13,17.97,17.13,17.84,33878066,598581976.94,1.4406,4.1448
2023-10-31,17.84,18.0,17.55,17.59,15613051,275769024.42,0.6639,-1.4013
2023-11-01,17.58,17.86,17.38,17.42,17347678,304861764.58,0.7377,-0.9665
2023-11-02,17.44,17.49,17.13,17.18,13590931,234942141.66,0.5779,-1.3777
2023-11-03,17.16,17.75,17.15,17.47,16742679,292856225.16,0.7119,1.688
2023-11-06,17.6,18.13,17.3,17.75,29814668,528952924.73,1.2678,1.6027
2023-11-07,17.79,17.95,17.54,17.72,19486556,344548129.2,0.8286,-0.169
2023-11-08,17.7,17.89,17.52,17.62,12397393,219276554.73,0.5272,-0.5643
2023-11-09,17.63,17.8,17.49,17.57,17413918,306768730.49,0.7405,-0.2838
2023-11-10,17.51,17.68,17.43,17.59,13536109,237291587.92,0.5756,0.1138
2023-11-13,17.57,17.7,17.32,17.43,13181789,230421603.29,0.5605,-0.9096
2023-11-14,17.49,17.81,17.44,17.66,16289183,287510955.92,0.6927,1.3196
2023-11-15,17.88,18.24,17.57,17.73,14003200,249181694.27,0.5955,0.3964
2023-11-16,17.67,17.8,17.5,17.51,9904278,174464627.09,0.4212,-1.2408
2023-11-17,17.48,17.61,17.43,17.57,7367400,129076921.5,0.3133,0.3427
2023-11-20,17.56,17.68,17.1,17.13,19660767,340150572.52,0.836,-2.5043
2023-11-21,17.23,17.3,16.95,16.99,21243138,362152462.06,0.9033,-0.8173
2023-11-22,16.94,17.12,16.86,16.86,11522920,195579400.95,0.49,-0.7652
2023-11-23,16.86,17.18,16.83,17.11,8058745,137454924.43,0.3427,1.4828
2023-11-24,17.06,17.14,16.77,16.84,11500269,194021943.63,0.489,-1.578
2023-11-27,16.81,17.13,16.75,17.03,15540389,263644514.94,0.6608,1.1283
2023-11-28,17.0,17.32,16.91,17.13,10907542,186674458.5,0.4638,0.5872
2023-11-29,17.17,17.42,17.1,17.18,9897854,170628354.08,0.4209,0.2919
2023-11-30,17.17,17.17,16.86,17.13,9333302,159178265.62,0.3969,-0.291
2023-12-01,17.1,17.23,16.91,17.18,9773031,166857793.56,0.4156,0.2919
2023-12-04,17.15,17.27,16.86,16.88,9924893,168216386.93,0.422,-1.7462
2023-12-05,16.88,16.92,16.53,16.54,9536599,159220871.27,0.4055,-2.0142
2023-12-06,16.5,16.7,16.46,16.57,7432438,123094557.59,0.316,0.1814
2023-12-07,16.5,16.69,16.42,16.59,9192202,152094444.99,0.3909,0.1207
2023-12-08,16.59,17.05,16.57,16.88,11905001,201410870.18,0.5062,1.748
2023-12-11,16.75,17.3,16.56,17.18,14296609,242284780.9,0.6079,1.7773
2023-12-12,17.18,17.3,17.08,17.25,11638004,200201815.78,0.4949,0.4075
2023-12-13,17.25,18.98,16.99,18.53,64265511,1168576234.54,2.7328,7.4203
2023-12-14,18.1,18.9,17.77,18.0,60516869,1103692115.63,2.5734,-2.8602
2023-12-15,18.0,18.2,17.55,17.78,25660293,456172103.71,1.0912,-1.2222
2023-12-18,17.66,17.97,17.53,17.81,22171560,395148960.88,0.9428,0.1687
2023-12-19,17.84,18.47,17.65,18.36,26519098,481811311.4,1.1277,3.0882
2023-12-20,18.35,18.35,17.84,17.86,15162685,272943595.8,0.6448,-2.7233
2023-12-21,17.8,18.2,17.65,18.06,14372957,257943377.63,0.6112,1.1198
2023-12-22,18.07,18.17,17.71,17.88,10770035,192852633.31,0.458,-0.9967
2023-12-25,17.8,17.99,17.66,17.96,9864625,175603685.35,0.4195,0.4474
2023-12-26,17.86,17.86,17.34,17.51,11784681,206276429.21,0.5011,-2.5056
2023-12-27,17.49,17.9,17.49,17.81,9518357,168817704.53,0.4047,1.7133
2023-12-28,17.88,18.03,17.72,17.99,14586587,261366913.35,0.6203,1.0107
2023-12-29,18.03,18.4,18.01,18.31,14898203,272475110.63,0.6335,1.7788
2024-01-02,18.33,18.35,17.8,17.89,15955503,287133991.15,0.6776,-2.2938
2024-01-03,17.86,17.88,17.35,17.52,15566611,273244200.38,0.6611,-2.0682
2024-01-04,17.46,17.49,17.1,17.25,15134029,260940079.01,0.6427,-1.5411
2024-01-05,17.1,17.3,16.85,16.98,11543217,197064981.55,0.4902,-1.5652
2024-01-08,16.89,16.95,16.5,16.54,12357809,205724679.08,0.5248,-2.5913
2024-01-09,16.56,17.08,16.56,16.85,10684384,179788086.29,0.4538,1.8742
2024-01-10,16.79,16.87,16.44,16.5,12834155,213242265.66,0.5451,-2.0772
2024-01-11,16.41,16.95,16.41,16.76,10474227,175838723.54,0.4448,1.5758
2024-01-12,16.68,16.75,16.37,16.43,11203111,184968967.65,0.4758,-1.969
2024-01-15,16.38,17.57,16.38,17.41,29142035,500612372.79,1.2376,5.9647
2024-01-16,17.5,17.53,16.98,17.27,12217787,210595096.04,0.5189,-0.8041
2024-01-17,17.27,17.32,16.41,16.41,13390863,224082930.2,0.5687,-4.9797
2024-01-18,16.34,16.67,15.86,16.57,16060856,260737356.61,0.6821,0.975
2024-01-19,16.59,17.22,16.56,16.68,15450256,260226225.89,0.6562,0.6639
2024-01-22,16.8,16.87,16.01,16.15,15490951,254671602.68,0.6579,-3.1775
2024-01-23,16.14,16.2,15.82,15.98,10980695,175525600.61,0.4663,-1.0526
2024-01-24,16.0,16.15,15.41,15.83,13844430,217147503.88,0.588,-0.9387
2024-01-25,15.88,16.65,15.55,16.52,15712717,256680655.08,0.6673,4.3588
2024-01-26,16.41,16.51,15.28,15.61,34626506,538443642.92,1.4706,-5.5085
2024-01-29,15.46,16.06,15.41,15.62,17459081,272556546.03,0.7415,0.0641
2024-01-30,15.28,15.29,14.64,14.73,33880816,505183762.85,1.4389,-5.6978
2024-01-31,14.66,14.88,14.29,14.35,15705893,227720855.36,0.667,-2.5798
2024-02-01,14.2,14.79,14.01,14.65,18915007,274375949.89,0.8033,2.0906
2024-02-02,14.65,14.93,13.57,13.95,18150304,257329097.26,0.7708,-4.7782
2024-02-05,14.0,14.08,13.1,13.75,24595902,335196401.95,1.0446,-1.4337
2024-02-06,13.73,14.78,13.54,14.69,20697192,296576557.2,0.879,6.8364
2024-02-07,14.74,15.1,14.41,14.69,22923971,338261917.49,0.9736,0.0
2024-02-08,14.68,15.2,14.6,15.0,19213627,287514142.43,0.816,2.1103
2024-02-19,15.3,15.72,14.92,15.68,23338124,359994527.62,0.9912,4.5333
2024-02-20,15.66,15.66,15.14,15.38,10973099,168541202.55,0.466,-1.9133
2024-02-21,15.14,15.74,15.1,15.57,12373642,192588871.33,0.5255,1.2354
2024-02-22,15.68,16.19,15.58,16.08,13523335,216518179.55,0.5743,3.2755
2024-02-23,16.22,16.43,16.0,16.29,13183937,214563159.23,0.5599,1.306
2024-02-26,16.38,16.72,16.18,16.47,14973696,247155354.85,0.6359,1.105
2024-02-27,16.45,17.11,16.37,17.1,14627956,246280028.79,0.6212,3.8251
2024-02-28,16.98,17.33,16.35,16.37,20176925,337473141.16,0.8569,-4.269
2024-02-29,16.66,17.26,16.59,17.15,19648859,334223237.19,0.8345,4.7648
2024-03-01,17.09,17.54,17.05,17.39,16395681,285067863.85,0.6963,1.3994
2024-03-04,17.4,17.73,17.28,17.38,19019010,332664608.52,0.8077,-0.0575
2024-03-05,17.33,17.72,17.13,17.4,18651029,325196224.62,0.7921,0.1151
2024-03-06,17.34,17.49,17.05,17.32,12177591,210507501.94,0.5172,-0.4598
2024-03-07,17.42,17.83,17.05,17.11,17353361,302489196.97,0.737,-1.2125
2024-03-08,17.23,18.09,17.17,17.9,23353515,413100111.41,0.9918,4.6172
2024-03-11,17.5,17.74,17.28,17.73,16055354,281121327.76,0.6819,-0.9497
2024-03-12,17.67,17.91,17.28,17.59,16036410,282011041.48,0.6811,-0.7896
2024-03-13,17.82,18.29,17.41,18.03,23200855,416987583.07,0.9853,2.5014
2024-03-14,18.1,18.1,17.3,17.42,23346913,408875073.73,0.9915,-3.3833
2024-03-15,17.4,17.5,17.1,17.48,16402580,283822770.56,0.6966,0.3444
2024-03-18,17.52,18.6,17.52,18.45,37970753,693689097.82,1.6126,5.5492
2024-03-19,18.37,18.47,17.98,18.0,16663170,302687225.92,0.7077,-2.439
2024-03-20,18.14,19.04,18.14,18.97,46011362,859488100.25,1.9541,5.3889
2024-03-21,18.78,18.99,18.25,18.3,26481512,489754223.04,1.1247,-3.5319
2024-03-22,18.29,18.48,18.0,18.19,15366493,280107716.32,0.6526,-0.6011
2024-03-25,18.14,18.31,17.72,17.78,16860785,304435293.35,0.7161,-2.254
2024-03-26,17.9,18.1,17.5,17.76,13660770,242656126.69,0.5802,-0.1125
2024-03-27,17.5,17.66,17.04,17.11,18597812,319926455.71,0.7898,-3.6599
2024-03-28,17.11,17.76,17.04,17.54,12255327,214320848.12,0.5205,2.5132
2024-03-29,17.47,17.5,17.04,17.23,20530549,352634964.84,0.8719,-1.7674
2024-04-01,17.3,17.87,16.81,17.65,21851302,382137137.12,0.928,2.4376
2024-04-02,17.72,17.75,16.9,17.05,16886362,290543382.42,0.7163,-3.3994
2024-04-03,17.06,17.22,16.82,16.88,13692582,232264019.3,0.5808,-0.9971
2024-04-08,16.8,16.92,16.51,16.53,10339454,172211475.12,0.4386,-2.0735
2024-04-09,16.55,16.66,16.2,16.51,12410842,203484646.98,0.5264,-0.121
2024-04-10,16.54,16.58,15.73,15.83,23831169,380014490.11,1.0108,-4.1187
2024-04-11,15.76,16.05,15.58,15.7,19039587,300709200.71,0.8076,-0.8212
2024-04-12,15.7,16.72,15.7,16.33,25975935,423924454.69,1.1018,4.0127
2024-04-15,16.25,16.4,15.98,16.27,17386091,281665922.98,0.7375,-0.3674
2024-04-16,16.2,16.37,15.63,15.65,20557128,326446266.99,0.872,-3.8107
2024-04-17,15.8,16.41,15.8,16.39,21564572,349472894.6,0.9147,4.7284
2024-04-18,16.39,16.8,16.05,16.56,21891934,362161336.66,0.9286,1.0372
2024-04-19,16.53,16.65,16.08,16.34,18867476,307328094.58,0.8003,-1.3285
2024-04-22,16.02,16.23,15.66,16.02,15961197,255448533.68,0.677,-1.9584
2024-04-23,16.06,16.28,15.65,15.75,14307848,226006527.56,0.6069,-1.6854
2024-04-24,15.89,16.29,15.7,16.24,16472825,264266548.45,0.6987,3.1111
2024-04-25,16.21,16.68,16.08,16.32,14531817,238664259.65,0.6164,0.4926
2024-04-26,16.41,17.04,16.34,16.83,19050571,320107511.05,0.8081,3.125
2024-04-29,17.93,18.51,17.9,18.51,60810093,1121305877.74,2.5794,9.9822
2024-04-30,18.8,19.6,18.6,19.45,75363646,1452584960.54,3.1967,5.0783
2024-05-06,19.81,19.95,19.23,19.59,42703354,834649585.96,1.8113,0.7198
2024-05-07,19.72,20.67,19.5,20.43,60125915,1222334992.16,2.5503,4.2879
2024-05-08,20.4,20.4,19.91,19.97,25602626,515614302.77,1.086,-2.2516
2024-05-09,20.06,20.24,19.8,20.02,26091986,522131702.43,1.1067,0.2504
2024-05-10,20.05,20.16,19.48,19.9,24496819,483957124.72,1.0391,-0.5994
2024-05-13,20.0,20.69,19.8,20.22,27317025,554372085.09,1.1587,1.608
2024-05-14,20.26,20.49,19.9,20.16,15763316,317280918.25,0.6686,-0.2967
2024-05-15,20.2,20.66,20.07,20.17,21070281,429349982.23,0.8937,0.0496
2024-05-16,20.57,20.93,20.35,20.52,28417569,586908557.33,1.2054,1.7353
2024-05-17,20.33,20.6,20.1,20.58,15743732,321067644.72,0.6678,0.2924
2024-05-20,20.5,21.2,20.41,21.02,28894146,603368802.31,1.222,2.138
2024-05-21,21.41,21.55,20.68,20.84,27343927,573754582.5,1.1564,-0.8563
2024-05-22,20.85,20.88,20.28,20.33,26687870,546179287.68,1.1287,-2.4472
2024-05-23,20.43,20.9,20.22,20.41,28093658,575444891.6,1.1881,0.3935
2024-05-24,19.99,20.44,19.7,19.8,15060293,301593621.23,0.6369,-0.8016
2024-05-27,19.89,20.2,19.61,20.15,17714999,353402074.98,0.7492,1.7677
2024-05-28,20.06,20.16,19.8,19.82,12222096,243545697.59,0.5169,-1.6377
2024-05-29,19.9,20.1,19.76,20.06,13789131,275398330.5,0.5832,1.2109
2024-05-30,19.92,20.23,19.64,19.95,11083721,221315566.67,0.4687,-0.5484
2024-05-31,20.01,20.32,19.74,19.78,14780943,295632325.54,0.6251,-0.8521
2024-06-03,19.78,20.67,19.78,20.17,24885753,504262285.94,1.0525,1.9717
2024-06-04,20.1,20.4,19.87,20.29,16719217,336411554.2,0.7071,0.5949
2024-06-05,20.35,20.62,20.3,20.36,14554647,298165015.1,0.6155,0.345
2024-06-06,20.56,21.17,20.01,20.06,31387740,644785657.84,1.3274,-1.4735
2024-06-07,20.0,20.4,19.68,19.9,20110691,401474215.29,0.8505,-0.7976
2024-06-11,19.68,20.4,19.64,20.15,17712033,356598360.36,0.7491,1.2563
2024-06-12,19.94,20.56,19.92,20.16,12512219,253332262.24,0.5292,0.0496
2024-06-13,20.34,20.67,20.08,20.31,20777594,423525188.41,0.8787,0.744
2024-06-14,20.3,21.77,20.16,21.48,45236513,959243928.88,1.9131,5.7607
2024-06-17,21.57,21.94,21.14,21.42,36936936,793828203.8,1.5621,-0.2793
2024-06-18,21.4,21.78,21.22,21.44,24279143,521332869.76,1.0268,0.0934
2024-06-19,21.6,21.65,20.3,20.44,40213991,829338323.92,1.7007,-4.6642
2024-06-20,20.35,20.65,20.26,20.46,24353139,499209919.97,1.0299,0.0978
2024-06-21,20.23,20.58,19.79,20.5,27243997,553921504.56,1.1522,0.1955
2024-06-24,20.29,21.16,20.29,20.54,30682221,637426831.95,1.2976,0.1951
2024-06-25,20.56,20.64,19.64,19.88,29767797,595118723.49,1.2589,-3.2132
2024-06-26,20.04,20.55,19.75,20.46,16245228,327199783.62,0.687,2.9175
2024-06-27,20.35,20.9,20.2,20.32,21588244,442169642.86,0.913,-0.6843
2024-06-28,20.2,21.43,20.16,21.06,33317879,701786882.73,1.4091,3.6417
2024-07-01,20.85,21.0,19.43,20.14,36248931,725666605.36,1.533,-4.3685
2024-07-02,20.2,20.43,19.92,20.27,25629157,518290947.11,1.0808,0.6455
2024-07-03,20.31,20.66,20.11,20.23,13448854,273060107.24,0.5671,-0.1973
2024-07-04,20.35,20.75,20.19,20.31,19592582,401214467.83,0.8262,0.3955
2024-07-05,20.2,20.29,19.42,20.03,25294578,499714391.76,1.0667,-1.3786
2024-07-08,20.02,20.33,19.9,20.11,19082850,384036728.82,0.8047,0.3994
2024-07-09,20.11,20.92,19.83,20.85,30848876,633560757.67,1.3009,3.6798
2024-07-10,21.4,22.82,21.33,22.73,61767992,1375843013.4,2.6048,9.0168
2024-07-11,22.79,23.29,22.35,23.11,51799139,1185911965.37,2.1844,1.6718
2024-07-12,22.6,23.05,22.26,22.81,30240552,687759245.08,1.2753,-1.2981
2024-07-15,22.81,22.95,22.28,22.67,22126635,499904206.89,0.9331,-0.6138
2024-07-16,22.59,23.68,22.49,23.63,44521388,1037065712.5,1.8775,4.2347
2024-07-17,23.51,23.95,22.75,22.82,34637367,805432936.0,1.4607,-3.4278
2024-07-18,22.4,22.69,21.63,22.43,30718792,681432903.1,1.2954,-1.709
2024-07-19,22.37,22.68,22.15,22.25,16156174,361590886.9,0.6813,-0.8025
2024-07-22,22.45,22.5,22.01,22.24,19260644,427842476.09,0.8122,-0.0449
2024-07-23,22.25,22.31,21.7,21.7,18041144,394423555.56,0.7608,-2.4281
2024-07-24,21.59,22.05,21.36,21.47,19714955,426188192.5,0.8314,-1.0599
2024-07-25,21.19,21.24,20.45,20.75,25370926,525776004.88,1.0699,-3.3535
2024-07-26,20.63,20.96,20.38,20.59,23650701,487537324.96,0.9974,-0.7711
2024-07-29,20.82,20.98,20.21,20.24,19632173,401331041.67,0.8279,-1.6999
2024-07-30,20.23,20.23,19.25,19.29,30026456,587753738.08,1.2662,-4.6937
2024-07-31,19.27,19.89,18.65,19.55,40780735,787989043.67,1.7197,1.3478
2024-08-01,19.7,19.78,19.13,19.57,30295653,591147271.04,1.2776,0.1023
2024-08-02,19.2,19.49,18.82,18.87,24872349,474300861.38,1.0489,-3.5769
2024-08-05,18.61,18.86,18.08,18.1,24788973,456207665.69,1.0454,-4.0806
2024-08-06,18.29,18.62,18.09,18.4,21677340,396657274.65,0.9141,1.6575
2024-08-07,18.28,18.64,18.18,18.41,12798560,236441273.62,0.5397,0.0543
2024-08-08,18.19,18.39,17.95,18.24,12845719,233598328.98,0.5417,-0.9234
2024-08-09,18.4,18.93,18.36,18.65,18107601,337904244.11,0.7636,2.2478
2024-08-12,18.5,18.78,18.31,18.43,14600459,270019549.36,0.6157,-1.1796
2024-08-13,18.43,18.9,18.4,18.82,14063736,262436800.99,0.5931,2.1161
2024-08-14,18.9,18.98,18.55,18.7,14922440,279721622.4,0.6293,-0.6376
2024-08-15,18.66,18.82,18.37,18.5,15304189,284356010.37,0.6454,-1.0695
2024-08-16,18.63,18.87,18.41,18.45,16234684,302802389.22,0.6846,-0.2703
2024-08-19,18.46,18.69,18.3,18.38,12667016,233777204.16,0.5342,-0.3794
2024-08-20,18.47,18.54,18.08,18.18,11195481,204135755.58,0.4721,-1.0881
2024-08-21,18.15,18.7,18.1,18.49,16599549,306925510.53,0.7,1.7052
2024-08-22,18.35,18.43,17.8,17.98,20563132,371747785.15,0.8672,-2.7582
2024-08-23,17.93,18.2,17.78,18.14,14529115,261357081.18,0.6127,0.8899
2024-08-26,18.2,18.24,17.86,18.06,8775559,158480318.05,0.3701,-0.441
2024-08-27,18.01,18.04,17.59,17.69,12930169,229344636.16,0.5453,-2.0487
2024-08-28,18.04,18.33,17.63,17.7,18723788,335219390.92,0.7896,0.0565
2024-08-29,17.5,17.58,16.88,17.39,26429844,456739939.27,1.1146,-1.7514
2024-08-30,17.52,18.1,17.39,17.63,30737956,547228177.2,1.2962,1.3801
2024-09-02,17.7,18.03,17.25,17.35,21854360,383373126.44,0.9216,-1.5882
2024-09-03,17.3,17.72,17.3,17.62,21287040,373449803.13,0.8977,1.5562
2024-09-04,17.25,17.55,16.96,17.42,15417903,266052664.13,0.6502,-1.1351
2024-09-05,17.46,18.19,17.3,17.83,24028538,429033311.21,1.0133,2.3536
2024-09-06,17.8,17.9,17.27,17.31,13859550,242218012.36,0.5845,-2.9164
2024-09-09,17.18,17.43,16.94,17.1,14333844,245009538.14,0.6045,-1.2132
2024-09-10,17.1,17.5,16.95,17.41,18366917,317793714.56,0.7745,1.8129
2024-09-11,17.38,17.52,17.08,17.18,10326320,178004527.63,0.4355,-1.3211
2024-09-12,17.49,17.61,16.92,16.92,14688932,251929253.41,0.6194,-1.5134
2024-09-13,16.93,17.48,16.86,17.08,13962471,240487497.52,0.5888,0.9456
2024-09-18,17.0,17.07,16.64,16.75,12480419,209582174.9,0.5263,-1.9321
2024-09-19,16.9,16.97,16.49,16.64,20150295,336086008.13,0.8497,-0.6567
2024-09-20,16.6,16.97,16.47,16.88,23863798,398899380.86,1.0063,1.4423
2024-09-23,16.8,17.21,16.61,16.73,16240191,274466302.63,0.6849,-0.8886
2024-09-24,16.69,17.67,16.69,17.56,27212056,470869352.6,1.1475,4.9611
2024-09-25,17.7,18.17,17.49,17.54,36173134,645193017.02,1.5254,-0.1139
2024-09-26,17.49,18.07,17.25,18.07,33813865,595406775.34,1.4259,3.0217
2024-09-27,18.3,19.2,18.28,19.19,20446414,384194025.1,0.8622,6.1981
2024-09-30,20.0,20.95,19.57,20.84,52717485,1073032892.93,2.2231,8.5982
2024-10-08,22.92,22.92,21.0,22.35,75527248,1659341006.39,3.185,7.2457
2024-10-09,21.5,21.73,20.28,20.38,55427501,1168801636.88,2.3374,-8.8143
2024-10-10,20.49,20.99,19.84,20.07,40041965,813440439.2,1.6886,-1.5211
2024-10-11,20.1,20.1,18.85,19.15,33356080,641760131.34,1.4066,-4.584
2024-10-14,19.02,19.68,18.68,19.66,30751954,592060647.63,1.2968,2.6632
2024-10-15,19.59,19.8,19.1,19.15,36988688,721891440.54,1.5598,-2.5941
2024-10-16,18.87,19.1,18.53,18.72,26509797,497182624.55,1.1179,-2.2454
2024-10-17,18.9,19.12,18.62,18.69,21705751,409389615.86,0.9153,-0.1603
2024-10-18,18.57,19.92,18.57,19.51,49750065,960064449.62,2.098,4.3874
2024-10-21,19.83,20.29,19.26,19.79,57176390,1130336193.1,2.4111,1.4352
2024-10-22,19.96,20.07,19.41,19.85,31905571,629873512.53,1.3455,0.3032
2024-10-23,19.84,20.48,19.59,19.99,41220965,829036010.07,1.7383,0.7053
2024-10-24,19.81,20.17,19.7,19.83,24558673,487764419.11,1.0356,-0.8004
2024-10-25,19.9,20.11,19.7,19.97,26473071,526694387.32,1.1164,0.706
2024-10-28,19.98,19.99,19.28,19.72,32149003,630305656.36,1.3557,-1.2519
2024-10-29,19.9,20.82,19.72,20.36,66426199,1353180657.98,2.8012,3.2454
2024-10-30,20.42,20.6,19.85,20.16,39943313,807064718.45,1.6844,-0.9823
2024-10-31,20.08,20.72,19.74,20.56,44239919,900208993.57,1.8656,1.9841
2024-11-01,20.38,21.49,20.29,21.24,75556004,1595047507.44,3.1862,3.3074
2024-11-04,21.19,21.98,21.02,21.3,51985115,1113420212.72,2.1922,0.2825
2024-11-05,21.3,22.85,21.13,22.63,68489459,1531093827.36,2.8882,6.2441
2024-11-06,22.71,22.88,21.7,21.89,48625611,1078106289.0,2.0506,-3.27
2024-11-07,21.9,22.58,21.75,22.2,38052172,842712316.72,1.6047,1.4162
2024-11-08,22.21,22.8,22.06,22.12,31969846,715275990.55,1.3482,-0.3604
2024-11-11,22.02,22.81,21.94,22.66,42011795,944415806.77,1.7716,2.4412
2024-11-12,22.66,22.68,22.05,22.28,33073211,737850673.21,1.3947,-1.677
2024-11-13,21.99,22.52,21.69,22.17,31925568,703017704.83,1.3463,-0.4937
2024-11-14,21.87,22.07,21.19,21.3,23798012,513431169.08,1.0036,-3.9242
2024-11-15,21.28,21.58,20.86,20.9,21666440,460070349.31,0.9137,-1.8779
2024-11-18,20.98,21.33,20.47,20.71,20544847,428570549.88,0.8664,-0.9091
2024-11-19,20.72,20.99,20.44,20.89,13912722,288525299.34,0.5867,0.8691
2024-11-20,20.89,21.31,20.69,21.21,20961319,442857459.68,0.8839,1.5318
2024-11-21,21.21,21.54,21.03,21.28,17440811,372135619.39,0.7355,0.33
2024-11-22,21.25,21.48,20.68,20.72,18111653,381951705.37,0.7638,-2.6316
2024-11-25,20.72,20.82,20.18,20.4,24283152,495511223.65,1.024,-1.5444
2024-11-26,20.35,20.8,20.35,20.57,16471859,339501111.46,0.6946,0.8333
2024-11-27,20.51,21.14,20.19,21.13,19409162,402852951.35,0.8185,2.7224
2024-11-28,21.1,21.25,20.88,21.06,13489477,283669327.86,0.5689,-0.3313
2024-11-29,21.01,21.37,20.88,21.06,23006389,485425338.73,0.9702,0.0
2024-12-02,21.07,21.55,21.01,21.26,20676624,440934327.13,0.8719,0.9497
2024-12-03,21.27,21.69,21.08,21.24,16680721,356154317.28,0.7034,-0.0941
2024-12-04,21.3,21.44,21.0,21.2,15010286,317795470.16,0.633,-0.1883
2024-12-05,21.18,21.4,21.08,21.12,12634959,268082249.13,0.5328,-0.3774
2024-12-06,21.84,22.98,21.84,22.76,65268278,1469522395.67,2.7524,7.7652
2024-12-09,22.47,22.88,21.94,22.17,28277537,630385183.62,1.1925,-2.5923
2024-12-10,22.65,23.05,21.8,22.82,46170630,1045402513.84,1.947,2.9319
2024-12-11,22.7,22.94,22.36,22.58,23602430,532655778.57,0.9953,-1.0517
2024-12-12,22.59,23.05,22.44,22.74,21489997,489455202.24,0.9062,0.7086
2024-12-13,22.58,23.05,22.25,22.29,18705870,422063993.93,0.7888,-1.9789
2024-12-16,22.4,23.8,22.32,23.6,55148252,1291511580.61,2.3256,5.8771
2024-12-17,23.65,24.95,23.4,24.53,62429665,1528048987.06,2.6327,3.9407
2024-12-18,24.65,24.9,23.88,24.45,32170723,785207428.95,1.3566,-0.3261
2024-12-19,24.09,24.82,24.01,24.69,26738295,654090801.85,1.1276,0.9816
2024-12-20,24.53,25.16,24.3,24.74,29327046,726625246.14,1.2367,0.2025
2024-12-23,24.62,25.1,24.05,24.1,25102833,611002511.05,1.0586,-2.5869
2024-12-24,24.21,24.29,23.7,24.16,21889549,524565671.27,0.9231,0.249
2024-12-25,24.1,24.56,24.06,24.36,17577591,428133272.63,0.7413,0.8278
2024-12-26,24.26,25.96,23.9,25.82,39299778,993904480.79,1.6573,5.9934
2024-12-27,25.7,25.97,25.25,25.4,25250500,645767932.66,1.0648,-1.6266
2024-12-30,25.21,25.58,24.95,25.12,25983039,653875175.34,1.0957,-1.1024
2024-12-31,25.18,25.22,23.8,24.05,37215880,900069306.47,1.5694,-4.2596
2025-01-02,23.99,24.38,23.27,23.47,30234008,718639701.89,1.275,-2.4116
2025-01-03,23.5,23.75,22.65,22.82,25586676,593071690.68,1.079,-2.7695
2025-01-06,22.78,23.08,22.43,22.65,20110842,455542616.26,0.8481,-0.745
2025-01-07,22.69,23.78,22.6,23.64,30888893,723261946.09,1.3026,4.3709
2025-01-08,23.5,24.48,23.3,24.27,26905245,645308007.13,1.1346,2.665
2025-01-09,24.72,26.7,24.68,26.18,84148464,2217756202.24,3.5486,7.8698
2025-01-10,26.04,26.04,25.19,25.43,53171028,1359052856.74,2.2422,-2.8648
2025-01-13,25.02,25.7,24.5,24.66,27821498,696926106.14,1.1732,-3.0279
2025-01-14,24.66,25.56,24.35,25.45,29338226,737288065.64,1.2372,3.2036
2025-01-15,25.22,25.45,24.74,24.95,22397365,560679904.16,0.9445,-1.9646
2025-01-16,25.19,25.37,24.68,24.95,23537036,587582103.36,0.9926,0.0
2025-01-17,24.61,27.45,24.6,27.45,75717571,2032797025.95,3.193,10.02
2025-01-20,28.36,29.89,28.16,29.06,85170773,2469503019.89,3.5917,5.8652
2025-01-21,29.15,29.48,28.82,29.28,54499313,1589166864.03,2.2983,0.7571
2025-01-22,29.78,31.17,29.09,30.8,73823277,2229706819.27,3.1131,5.1913
2025-01-23,31.42,31.66,29.46,29.96,59316423,1789814266.23,2.5014,-2.7273
2025-01-24,29.89,31.32,29.48,30.62,62820786,1911216563.99,2.6492,2.2029
2025-01-27,30.0,30.5,29.08,29.82,44457602,1325501317.6,1.8748,-2.6127
2025-02-05,29.12,29.23,26.84,26.84,61280855,1668252905.25,2.5842,-9.9933
2025-02-06,27.38,27.97,26.73,27.71,62339612,1707537864.04,2.6289,3.2414
2025-02-07,27.8,29.3,27.79,28.85,46213417,1330320469.08,1.9488,4.114
2025-02-10,28.63,29.13,28.15,28.84,31344105,900380049.0,1.3218,-0.0347
2025-02-11,28.95,29.5,28.68,29.05,28993173,844152172.01,1.2226,0.7282
2025-02-12,29.02,30.17,28.79,30.07,25583285,762493303.58,1.0789,3.5112
2025-02-13,30.0,30.57,29.41,29.61,27099000,811146240.31,1.1428,-1.5298
2025-02-14,29.61,30.1,29.34,29.58,17735945,526177717.9,0.7479,-0.1013
2025-02-17,29.33,32.46,29.3,32.22,39602462,1247963412.89,1.67,8.9249
2025-02-18,32.59,34.6,32.35,33.71,52872713,1787868092.08,2.2297,4.6245
2025-02-19,33.0,34.09,33.0,33.83,30851481,1033921107.87,1.301,0.356
2025-02-20,33.85,34.4,33.07,33.72,24276290,817203853.86,1.0237,-0.3252
2025-02-21,33.3,35.38,33.29,34.26,31036572,1078413427.06,1.3088,1.6014
2025-02-24,33.83,33.97,31.95,32.46,62551984,2045593213.21,2.6378,-5.2539
2025-02-25,31.46,32.0,31.04,31.23,49350757,1547801039.27,2.0811,-3.7893
2025-02-26,31.51,32.42,31.21,31.45,42828868,1357105419.36,1.8061,0.7045
2025-02-27,31.77,32.29,30.79,31.1,37344248,1172078328.56,1.5748,-1.1129
2025-02-28,30.48,30.76,28.6,28.77,65085908,1910334046.91,2.7447,-7.492
2025-03-03,28.67,28.8,27.59,27.91,48010443,1348604665.44,2.0246,-2.9892
2025-03-04,26.86,28.26,26.62,28.04,46357610,1273502704.15,1.9549,0.4658
2025-03-05,28.22,29.45,28.2,28.88,32051604,928627963.75,1.3516,2.9957
2025-03-06,29.09,29.3,28.58,28.85,34153091,987307288.45,1.4402,-0.1039
2025-03-07,28.56,29.18,28.38,28.7,32962054,948579701.84,1.39,-0.5199
2025-03-10,28.64,29.75,28.55,29.56,38432086,1128313101.84,1.6207,2.9965
2025-03-11,29.3,30.18,29.0,29.37,37908482,1121426619.59,1.5986,-0.6428
2025-03-12,29.39,30.04,28.53,29.4,34916056,1023465881.75,1.4724,0.1021
2025-03-13,29.48,29.9,28.88,28.93,23653806,692417765.3,0.9975,-1.5986
2025-03-14,29.05,31.47,29.0,31.12,58452498,1776910053.1,2.465,7.57
2025-03-17,31.13,31.3,29.85,30.48,35920573,1091530213.89,1.5148,-2.0566
2025-03-18,30.52,31.98,30.01,31.38,51504735,1597811059.51,2.172,2.9528
2025-03-19,30.6,30.6,28.24,28.24,88192570,2519738398.44,3.7191,-10.0064
2025-03-20,28.02,28.78,27.82,28.24,36105185,1022273816.47,1.5226,0.0
2025-03-21,28.06,28.8,27.96,28.77,38948002,1110479293.27,1.6424,1.8768
2025-03-24,28.5,29.38,28.46,29.0,27641658,799774528.92,1.1657,0.7994
2025-03-25,29.12,29.22,27.48,27.58,34079895,959648932.92,1.4372,-4.8966
2025-03-26,27.72,28.35,27.48,27.52,26522651,736040673.8,1.1185,-0.2175
2025-03-27,27.2,28.05,26.99,27.68,27067968,745799585.34,1.1415,0.5814
2025-03-28,27.46,27.95,27.46,27.75,14979837,415186922.5,0.6317,0.2529
2025-03-31,27.75,27.84,27.0,27.21,24882400,679570713.0,1.0493,-1.9459
2025-04-01,27.5,28.34,27.33,27.75,24757572,688657262.6,1.044,1.9846
2025-04-02,27.72,28.16,27.51,27.72,15804048,439182757.76,0.6665,-0.1081
2025-04-03,26.88,27.26,25.93,26.25,37514404,989070422.56,1.582,-5.303
2025-04-07,23.63,24.05,23.63,23.63,14546200,344689861.5,0.6134,-9.981
2025-04-08,24.0,24.0,21.27,21.72,77029711,1683716070.51,3.2484,-8.0829
2025-04-09,21.0,22.4,20.8,21.86,51701131,1117766876.94,2.1803,0.6446
2025-04-10,23.5,24.05,22.8,23.1,66030571,1550839059.95,2.7845,5.6725
2025-04-11,23.08,23.69,22.7,23.33,37834093,879285154.78,1.5955,0.9957
2025-04-14,23.98,24.09,22.91,23.09,34144001,797556995.0,1.4399,-1.0287
2025-04-15,23.11,23.15,22.75,22.86,18306398,419350732.03,0.772,-0.9961
2025-04-16,22.56,22.77,21.55,21.9,39688021,871707085.2,1.6737,-4.1995
2025-04-17,21.8,22.53,21.68,22.39,25395366,566022209.97,1.0709,2.2374
2025-04-18,22.5,22.99,22.49,22.9,17841089,406528873.21,0.7524,2.2778
2025-04-21,23.04,23.5,22.55,23.35,20470650,476410582.97,0.8633,1.9651
2025-04-22,23.4,23.65,23.02,23.28,17390268,405926199.55,0.7334,-0.2998
2025-04-23,23.79,24.13,23.51,23.8,27721657,661707779.76,1.169,2.2337
2025-04-24,23.79,23.94,23.32,23.38,11335720,266977109.55,0.478,-1.7647
2025-04-25,23.45,24.46,23.4,23.76,26976071,647468948.36,1.1376,1.6253
2025-04-28,23.62,24.12,23.6,23.96,16433484,393116253.38,0.693,0.8418
2025-04-29,24.26,24.8,23.97,24.11,24800528,604592645.28,1.0458,0.626
2025-04-30,24.26,24.33,23.88,24.29,18519267,447415989.67,0.781,0.7466
2025-05-06,24.57,25.45,24.54,25.44,31083904,783058718.69,1.3108,4.7345
2025-05-07,25.77,25.86,25.08,25.21,25122619,639481351.48,1.0594,-0.9041
2025-05-08,25.27,26.35,25.22,26.15,34487606,899113975.78,1.4544,3.7287
2025-05-09,26.08,26.1,25.18,25.33,21693231,552159475.76,0.9148,-3.1358
2025-05-12,25.88,26.24,25.66,26.08,23253825,602812344.79,0.9806,2.9609
2025-05-13,26.49,27.25,26.14,26.2,37280874,994732367.24,1.5721,0.4601
2025-05-14,27.0,28.81,27.0,27.78,58524295,1639653456.28,2.468,6.0305
2025-05-15,27.64,28.41,27.1,27.81,39553013,1102099512.91,1.668,0.108
2025-05-16,27.27,28.0,27.11,27.32,24932893,683513873.45,1.0514,-1.762
2025-05-19,27.32,27.33,26.52,26.88,19633632,527928947.67,0.828,-1.6105
2025-05-20,26.91,27.38,26.65,26.91,16364600,443123531.0,0.6901,0.1116
2025-05-21,26.76,27.19,26.54,27.12,16426939,441797919.25,0.6927,0.7804
2025-05-22,27.0,27.37,26.83,27.11,11875334,322293028.84,0.5008,-0.0369
2025-05-23,26.43,26.51,25.86,26.04,15557500,406824201.38,0.6561,-1.7729
2025-05-26,26.29,26.6,25.9,26.33,13063629,341341767.88,0.5509,1.1137
2025-05-27,26.22,26.25,25.09,25.49,23145241,589167136.52,0.976,-3.1903
2025-05-28,25.66,26.03,25.46,25.74,14636041,376923892.53,0.6172,0.9808
2025-05-29,26.2,27.23,26.2,26.74,27918841,751400193.52,1.1773,3.885
2025-05-30,26.36,26.52,26.01,26.2,16275628,427201572.5,0.6863,-2.0194
2025-06-03,26.2,26.36,25.81,25.83,14716185,383356886.21,0.6206,-1.4122
2025-06-04,26.0,27.35,26.0,27.3,29523823,799267503.79,1.245,5.6911
2025-06-05,27.16,28.85,26.96,28.38,40129895,1124686142.85,1.6923,3.956
2025-06-06,28.28,28.5,27.9,28.25,19314243,545761010.76,0.8145,-0.4581
2025-06-09,28.2,28.4,27.66,27.75,21458260,598756948.37,0.9049,-1.7699
2025-06-10,27.6,27.6,26.9,27.15,19689030,535989737.64,0.8303,-2.1622
2025-06-11,27.14,28.78,27.14,28.07,31613924,891131781.39,1.3332,3.3886
2025-06-12,28.02,28.48,27.95,28.15,20887671,590157534.23,0.8808,0.285
2025-06-13,28.04,28.7,27.88,28.0,19360452,546136840.02,0.8164,-0.5329
2025-06-16,27.99,29.2,27.99,28.6,28544896,822876126.46,1.2037,2.1429
2025-06-17,28.8,28.8,27.89,28.03,17807549,502921586.97,0.7509,-1.993
2025-06-18,28.01,30.29,28.0,29.75,57013180,1682190510.2,2.4043,6.1363
2025-06-19,29.8,30.05,29.03,29.18,27108197,799289018.4,1.1432,-1.916
2025-06-20,29.22,29.39,28.56,28.9,23378353,677600201.71,0.9859,-0.9596
2025-06-23,28.68,29.5,28.31,28.77,27669427,796573403.61,1.1668,-0.4498
2025-06-24,28.99,29.29,28.43,28.88,26971778,774197817.68,1.1374,0.3823
2025-06-25,29.04,29.46,28.83,29.36,24016681,699981684.42,1.0128,1.662
2025-06-26,29.66,30.3,29.41,29.5,27833881,831796292.27,1.1738,0.4768
2025-06-27,29.48,30.29,29.4,30.15,24218109,727181671.92,1.0213,2.2034
2025-06-30,30.3,30.36,29.7,30.15,24491935,735537220.3,1.0328,0.0
2025-07-01,30.0,30.54,29.67,30.5,23555624,708630079.49,0.9933,1.1609
2025-07-02,30.15,30.15,28.35,28.99,43551555,1262293888.76,1.8366,-4.9508
2025-07-03,28.68,29.95,28.67,29.87,31244592,922789894.32,1.3176,3.0355
2025-07-04,29.58,31.5,29.58,31.0,52028650,1603825851.8,2.1728,3.7831
2025-07-07,30.75,31.87,30.15,30.25,33787480,1037664043.35,1.411,-2.4194
2025-07-08,30.18,32.32,30.17,32.05,41750288,1325342793.22,1.7436,5.9504
2025-07-09,33.0,33.47,32.42,32.83,44052566,1451355514.69,1.8397,2.4337
2025-07-10,33.38,34.4,32.61,34.15,50827810,1705560215.18,2.1227,4.0207
2025-07-11,33.8,33.9,32.46,32.53,39846806,1311579264.93,1.6641,-4.7438
2025-07-14,32.45,33.11,32.35,32.91,28679037,938110606.98,1.1977,1.1682
2025-07-15,34.55,35.89,34.31,35.7,66461617,2350371004.84,2.7756,8.4777
2025-07-16,35.69,35.85,34.58,34.9,36245111,1269414031.26,1.5137,-2.2409
2025-07-17,34.65,37.65,34.61,37.46,57781395,2113436423.45,2.4131,7.3352
2025-07-18,37.6,37.8,36.01,36.5,40420669,1489641170.03,1.6881,-2.5627
2025-07-21,36.51,38.99,36.22,38.41,58261091,2187416758.03,2.4331,5.2329
2025-07-22,38.01,39.97,38.0,38.46,51133893,1987424816.74,2.1355,0.1302
2025-07-23,38.45,38.45,37.23,38.15,29929029,1127905152.56,1.2499,-0.806
2025-07-24,38.56,39.5,37.96,38.85,37116744,1443171705.19,1.5501,1.8349
2025-07-25,38.5,38.95,37.5,38.05,22968893,873848883.7,0.9592,-2.0592
2025-07-28,38.3,41.59,38.14,41.29,42604681,1715664104.16,1.7793,8.5151
2025-07-29,41.0,42.2,40.46,41.98,41943100,1733838588.83,1.7516,1.6711
2025-07-30,41.95,42.12,40.66,41.35,31868741,1315969648.99,1.3309,-1.5007
2025-07-31,41.98,43.63,41.98,42.92,45227497,1944263915.79,1.8888,3.7969
2025-08-01,41.95,42.65,39.94,41.0,48145706,1971315096.67,2.0107,-4.4734
2025-08-04,40.0,41.28,39.42,41.11,40215463,1632134031.03,1.6795,0.2683
2025-08-05,41.9,41.96,40.19,40.45,41381305,1686660485.6,1.7282,-1.6054
2025-08-06,40.3,41.8,39.98,40.32,42021749,1705937141.06,1.7549,-0.3214
2025-08-07,40.27,40.95,39.06,39.73,35299230,1402090940.26,1.4742,-1.4633
2025-08-08,39.68,40.32,39.24,39.82,27955391,1113827303.0,1.1675,0.2265
2025-08-11,39.93,40.72,39.81,40.08,33062788,1331965253.05,1.3808,0.6529
2025-08-12,39.88,40.75,39.82,40.2,31856461,1280318794.21,1.3304,0.2994
2025-08-13,40.28,42.87,40.12,42.62,67477179,2818096789.5,2.818,6.0199
2025-08-14,41.7,41.73,40.29,40.75,49007885,2007858400.84,2.0467,-4.3876
2025-08-15,40.5,44.83,40.4,44.83,76578149,3314977631.18,3.1981,10.0123
2025-08-18,45.65,46.03,44.25,44.69,80591311,3645198323.33,3.3657,-0.3123
2025-08-19,44.69,46.1,43.89,44.65,44901124,2009974276.55,1.8752,-0.0895
2025-08-20,43.61,44.63,41.76,44.42,43544729,1895819849.78,1.8185,-0.5151
2025-08-21,44.94,45.2,43.33,44.45,37492046,1663380986.4,1.5658,0.0675
2025-08-22,43.74,48.44,43.74,47.61,55736283,2620251042.11,2.3277,7.1091
2025-08-25,48.0,50.02,47.37,49.87,54376711,2650406222.17,2.2709,4.7469
2025-08-26,49.5,50.5,48.0,48.41,42053144,2058701973.95,1.7562,-2.9276
2025-08-27,48.36,50.65,47.88,48.33,44847875,2212927846.04,1.873,-0.1653
2025-08-28,48.4,52.78,47.61,52.5,52017158,2604325482.37,2.1724,8.6282
2025-08-29,52.16,53.86,50.97,53.25,37485802,1959156859.69,1.5655,1.4286
2025-09-01,52.48,54.95,52.3,54.87,42022429,2252902096.48,1.755,3.0423
2025-09-02,54.33,55.07,49.38,49.5,60759820,3132275860.37,2.5375,-9.7868
2025-09-03,49.71,51.58,48.65,50.99,37729814,1889066638.12,1.5757,3.0101
2025-09-04,51.01,52.78,45.89,46.37,71991107,3444200258.04,3.0065,-9.0606
2025-09-05,46.37,49.01,45.55,48.53,56982158,2693037478.89,2.3797,4.6582
2025-09-08,48.53,49.9,45.55,46.55,59454333,2785158287.87,2.483,-4.08
2025-09-09,45.8,47.05,45.11,45.88,36551995,1681369033.83,1.5265,-1.4393
2025-09-10,47.5,49.43,46.54,47.97,61808778,2967504098.28,2.5813,4.5554
2025-09-11,49.2,52.77,49.2,52.77,56974668,2941950765.56,2.3794,10.0063
2025-09-12,52.38,54.26,51.91,53.14,73359137,3874557580.81,3.0636,0.7012
2025-09-15,51.5,54.9,51.07,53.76,50630565,2701264648.43,2.1145,1.1667
2025-09-16,53.73,56.2,53.45,54.23,48471772,2652818060.47,2.0243,0.8743
2025-09-17,53.81,54.88,52.0,53.5,38917081,2072433374.29,1.6253,-1.3461
2025-09-18,53.55,58.01,53.08,56.39,68554227,3801654913.66,2.863,5.4019
2025-09-19,57.2,57.68,55.4,56.0,40139645,2266924284.01,1.6763,-0.6916
2025-09-22,56.38,59.95,55.23,59.5,52831420,3085644919.85,2.2064,6.25
2025-09-23,62.32,62.68,56.4,58.63,59555871,3525682945.15,2.4872,-1.4622
2025-09-24,56.4,58.0,54.98,56.3,49404832,2765242595.09,2.0633,-3.9741
2025-09-25,55.29,58.18,54.8,56.32,46672251,2647048403.52,1.9491,0.7513
2025-09-26,56.31,56.68,52.98,53.0,43039716,2333390880.55,1.7974,-5.8949
2025-09-29,52.51,54.83,52.51,54.83,33994767,1836797135.88,1.4197,3.4528
2025-09-30,55.0,55.45,53.31,54.02,33628941,1817688625.62,1.4044,-1.4773
2025-10-09,54.5,57.03,54.3,55.56,44501361,2493068274.51,1.8585,2.8508
2025-10-10,55.8,58.9,54.65,56.32,58768580,3353960924.27,2.4543,1.3679
2025-10-13,53.19,60.18,53.19,57.64,54594475,3133768689.74,2.28,2.3438
2025-10-14,59.8,61.72,55.82,56.42,60079775,3496756519.47,2.5091,-2.1166
2025-10-15,55.6,62.06,54.81,62.06,57754703,3402201417.85,2.412,9.9965
2025-10-16,61.5,62.59,60.16,60.32,45654118,2786323199.64,1.9066,-2.8037
2025-10-17,60.0,60.2,54.29,54.29,55660887,3095167844.03,2.3245,-9.9967
2025-10-20,55.0,57.0,54.04,54.72,44144232,2448230191.54,1.8436,0.792
2025-10-21,54.72,59.71,54.11,59.02,50193872,2881440295.42,2.0962,7.8582
2025-10-22,57.02,60.66,57.02,58.55,37400779,2212559594.59,1.5619,-0.7963
2025-10-23,57.95,58.98,55.08,55.7,31220267,1753384677.34,1.3038,-4.8676
2025-10-24,58.9,59.37,54.71,58.5,60249935,3457852296.52,2.5162,5.0269
2025-10-27,59.61,64.35,59.08,64.35,72686258,4544571574.32,3.0355,10.0
2025-10-28,64.05,69.73,64.0,67.39,73538891,4908332140.49,3.0712,4.7242
2025-10-29,69.21,71.46,67.9,69.32,59792270,4154164665.41,2.4971,2.8639
2025-10-30,69.35,71.99,67.0,69.5,56907206,3961205800.16,2.3766,0.2597
2025-10-31,69.9,70.5,63.8,64.3,60475705,3969174098.31,2.5256,-7.482
2025-11-03,63.34,64.27,61.5,63.68,49331551,3100463023.18,2.0602,-0.9642
2025-11-04,61.72,65.45,61.72,63.08,50331521,3215755867.42,2.102,-0.9422
2025-11-05,60.91,63.85,60.12,63.28,34552058,2137163682.78,1.443,0.3171
2025-11-06,64.18,64.76,61.77,64.4,43451158,2760908839.01,1.8146,1.7699
2025-11-07,63.6,63.85,61.17,62.55,32651912,2042842941.93,1.3636,-2.8727
2025-11-10,62.55,63.55,57.5,59.99,68618036,4097488419.25,2.8657,-4.0927
2025-11-11,60.86,60.88,58.05,58.65,37674298,2225890197.08,1.5734,-2.2337
2025-11-12,57.52,58.87,56.88,57.86,41193284,2375341524.86,1.7203,-1.347
2025-11-13,58.0,59.17,56.88,58.38,31032935,1802667601.61,1.296,0.8987
2025-11-14,56.88,57.8,56.19,56.82,25595978,1461201662.54,1.0689,-2.6721
2025-11-17,57.28,58.75,56.07,56.7,29549802,1688779418.79,1.2341,-0.2112
2025-11-18,56.2,57.98,55.62,56.25,29798101,1686152262.11,1.2444,-0.7937
2025-11-19,56.02,56.64,55.09,55.8,23113046,1293306197.38,0.9653,-0.8
2025-11-20,57.99,58.2,55.72,55.95,31629906,1785814711.57,1.3209,0.2688
2025-11-21,54.19,55.2,53.01,53.11,30642867,1650297909.55,1.2797,-5.076
2025-11-24,53.27,54.24,51.7,52.67,31446500,1659873648.8,1.3133,-0.8285
2025-11-25,53.28,57.1,53.28,55.34,47711062,2656066255.88,1.9925,5.0693
2025-11-26,54.4,58.2,54.17,57.2,50160233,2859530663.61,2.0948,3.361
2025-11-27,57.5,61.5,57.3,57.85,50311172,2999207155.05,2.1011,1.1364
2025-11-28,57.39,58.9,57.0,57.68,26416215,1528986013.12,1.1032,-0.2939
2025-12-01,57.74,59.38,55.85,58.79,36773527,2136853092.91,1.5357,1.9244
2025-12-02,58.8,60.25,57.93,58.77,29932135,1766208898.36,1.25,-0.034
2025-12-03,58.9,60.15,57.66,57.92,26085855,1533440491.12,1.0894,-1.4463
2025-12-04,57.56,58.31,55.64,57.2,32636810,1856563473.06,1.363,-1.2431
2025-12-05,57.1,57.84,55.4,57.26,26625045,1510553465.17,1.1119,0.1049
2025-12-08,57.05,60.76,56.98,59.45,45091410,2675176446.43,1.8831,3.8247
2025-12-09,59.78,65.01,59.49,63.87,59770032,3753244157.05,2.4961,7.4348
2025-12-10,63.18,63.5,59.72,61.9,39548109,2418433109.05,1.6516,-3.0844
2025-12-11,61.91,63.81,60.83,61.91,35710524,2229719931.5,1.4914,0.0162
2025-12-12,61.31,61.61,58.35,61.0,40155171,2412501768.98,1.677,-1.4699
2025-12-15,59.17,61.0,58.9,59.12,23906840,1425818045.98,0.9984,-3.082
2025-12-16,58.88,62.88,58.63,61.51,53627939,3286101293.42,2.2396,4.0426
2025-12-17,61.51,65.0,60.9,64.99,48670132,3080999219.87,2.0326,5.6576
2025-12-18,63.3,63.7,61.15,61.2,36675734,2273991701.15,1.5317,-5.8317
2025-12-19,62.06,62.24,59.61,60.43,27294849,1653437500.33,1.1399,-1.2582
2025-12-22,61.0,66.06,60.99,65.57,51016638,3268857489.86,2.1306,8.5057
2025-12-23,65.58,67.17,65.09,66.0,35784877,2360381368.96,1.4945,0.6558
2025-12-24,66.73,72.6,64.88,72.6,51827540,3598557573.4,2.1644,10.0
2025-12-25,73.0,73.0,68.98,70.68,52615947,3711218331.77,2.1974,-2.6446
2025-12-26,70.68,74.8,69.18,74.5,56182737,4045242371.45,2.3463,5.4046
2025-12-29,74.56,75.4,71.18,73.2,48966572,3568117199.23,2.045,-1.745
2025-12-30,72.44,73.4,70.59,70.76,39213060,2807715701.39,1.6376,-3.3333
2025-12-31,71.59,73.39,70.23,71.41,30841789,2210076754.45,1.288,0.9186
2026-01-05,73.5,73.86,70.95,73.25,43950266,3180764105.73,1.8355,2.5767
2026-01-06,72.7,74.58,71.03,72.05,41165858,2978681985.09,1.7192,-1.6382
2026-01-07,71.01,74.47,69.42,72.4,45782415,3293527237.8,1.912,0.4858
2026-01-08,72.3,75.8,70.5,71.44,42676820,3115706681.72,1.7823,-1.326
2026-01-09,70.0,71.41,67.92,70.62,43021249,3002134530.43,1.7967,-1.1478
2026-01-12,69.4,69.52,66.9,68.07,55908873,3791689635.42,2.3349,-3.6109
2026-01-13,67.96,69.13,65.19,66.0,48839737,3259842895.64,2.0397,-3.041
2026-01-14,66.56,67.92,65.65,66.84,40115789,2676748793.09,1.6753,1.2727
2026-01-15,66.02,68.54,65.88,68.34,39336145,2666469642.2,1.6428,2.2442
2026-01-16,69.01,70.84,67.73,68.97,44180072,3052778199.87,1.8451,0.9219
2026-01-19,67.67,70.95,66.78,70.0,41014985,2835526825.47,1.7129,1.4934
2026-01-20,70.0,70.1,67.02,68.0,38879091,2653857317.51,1.6237,-2.8571
2026-01-21,67.5,70.29,67.17,69.23,41985034,2912018490.2,1.7534,1.8088
2026-01-22,72.12,74.5,71.07,74.1,67419418,4920995482.27,2.8156,7.0345
2026-01-23,75.1,75.1,70.3,70.74,50845597,3636879720.94,2.1234,-4.5344
2026-01-26,70.7,71.73,70.01,70.48,35603565,2519969081.44,1.4869,-0.3675
2026-01-27,70.25,73.8,68.57,72.79,46011976,3304279240.58,1.9216,3.2775
2026-01-28,73.28,75.74,72.76,74.52,48603588,3610445415.45,2.0298,2.3767
2026-01-29,74.11,74.93,68.93,69.4,50927402,3625169385.29,2.1268,-6.8706
2026-01-30,66.63,70.45,65.41,68.95,48396640,3293420381.29,2.0212,-0.6484
2026-02-02,68.26,69.7,66.6,66.86,31072893,2114154248.04,1.2977,-3.0312
2026-02-03,67.67,67.84,63.38,65.86,48163961,3145879246.61,2.0114,-1.4957
2026-02-04,64.52,65.09,62.5,64.36,35442162,2256788007.41,1.4801,-2.2776
2026-02-05,63.6,64.29,63.06,63.48,21371192,1360020667.06,0.8925,-1.3673
2026-02-06,62.76,65.21,61.1,63.04,40191958,2544162808.28,1.6785,-0.6931
2026-02-09,64.5,65.75,64.04,64.89,37700653,2442802405.38,1.5745,2.9346
2026-02-10,64.98,66.88,64.5,65.55,35006223,2306853297.98,1.4619,1.0171
2026-02-11,66.01,70.0,66.01,67.22,54974279,3760312400.98,2.2959,2.5477
2026-02-12,67.23,67.23,64.51,65.82,38136977,2502383170.95,1.5927,-2.0827
2026-02-13,65.01,65.82,64.09,64.25,31544438,2041906009.79,1.3174,-2.3853
2026-02-24,65.55,68.38,65.11,67.63,47033699,3174232789.22,1.9642,5.2607
2026-02-25,67.9,69.68,67.05,69.2,43025664,2946785431.14,1.7969,2.3215
2026-02-26,69.31,74.5,67.83,73.0,74763885,5394077870.03,3.1223,5.4913
2026-02-27,70.5,72.0,68.9,69.11,50440049,3522573212.86,2.1065,-5.3288
2026-03-02,67.02,69.18,67.02,68.45,38632791,2641410292.57,1.6134,-0.955
2026-03-03,71.4,72.6,67.5,67.64,65659218,4605533887.09,2.7421,-1.1833
2026-03-04,66.63,68.16,65.1,65.87,43200766,2867830050.73,1.8042,-2.6168
2026-03-05,67.35,69.23,65.18,65.98,50686208,3402223631.46,2.1168,0.167
2026-03-06,65.5,65.99,63.28,64.0,39454659,2541391916.04,1.6477,-3.0009
2026-03-09,61.38,61.72,58.07,60.92,56177166,3349337782.48,2.3461,-4.8125
2026-03-10,62.4,64.49,62.36,64.41,54101852,3434255044.21,2.2594,5.7288
2026-03-11,65.0,65.82,63.15,63.5,40965270,2634908903.75,1.7108,-1.4128
2026-03-12,63.06,65.86,61.78,62.76,38460714,2440487050.07,1.6062,-1.1654
2026-03-13,61.79,64.68,61.77,63.44,44342091,2804699593.3,1.8518,1.0835
2026-03-16,63.75,64.91,61.73,64.39,46763473,2956824397.02,1.953,1.4975
2026-03-17,65.9,66.37,61.8,61.88,48135677,3071697376.83,2.0103,-3.8981
2026-03-18,62.23,64.28,61.72,63.5,44108275,2772130731.99,1.8421,2.618
2026-03-19,62.0,62.36,60.3,60.6,41592929,2545899849.41,1.737,-4.5669
2026-03-20,61.0,63.2,60.2,60.22,52757644,3258229454.89,2.2033,-0.6271
2026-03-23,58.4,58.82,55.39,55.85,61381712,3480312619.41,2.5634,-7.2567
2026-03-24,56.8,56.99,55.06,56.88,40795888,2289068266.36,1.7037,1.8442
2026-03-25,57.65,58.8,57.0,57.8,41720813,2419939681.0,1.7424,1.6174
2026-03-26,57.88,57.99,55.2,55.41,47562699,2680013220.4,1.9863,-4.1349
