日期,开盘,最高,最低,收盘,成交量,成交额,换手率,涨跌幅
2019-01-02,7.32,7.77,7.29,7.66,20721724,156771540.0,1.391355,3.373819
2019-01-03,7.56,8.35,7.55,7.95,43957797,352525265.0,2.951535,3.7859
2019-01-04,7.85,8.16,7.84,8.05,34006089,271805325.0,2.28333,1.257866
2019-01-07,8.03,8.71,8.03,8.45,56563002,472737767.0,3.797908,4.968939
2019-01-08,8.31,8.36,8.11,8.2,33140102,272041021.0,2.225183,-2.95858
2019-01-09,8.18,8.27,8.03,8.06,28675780,233788102.0,1.925428,-1.70731
2019-01-10,8.11,8.15,7.96,8.01,17314602,139251839.0,1.162584,-0.62035
2019-01-11,7.98,8.22,7.98,8.19,22872893,185945452.0,1.535794,2.247183
2019-01-14,8.18,8.2,7.98,8.02,14586636,117585336.0,0.979416,-2.075691
2019-01-15,7.99,8.14,7.98,8.11,13061612,105451786.0,0.877019,1.122185
2019-01-16,8.14,8.14,7.98,8.02,11997203,96468612.0,0.805549,-1.109731
2019-01-17,8.02,8.02,7.81,7.84,13558806,106992366.0,0.910402,-2.244393
2019-01-18,7.83,7.93,7.82,7.88,9506118,74875527.0,0.638286,0.510204
2019-01-21,7.91,7.95,7.83,7.86,9256376,73083633.0,0.621517,-0.253807
2019-01-22,7.83,7.95,7.76,7.82,9578703,75043429.0,0.643159,-0.508905
2019-01-23,7.8,7.89,7.77,7.88,6765758,52993961.0,0.454285,0.767263
2019-01-24,7.88,8.1,7.82,8.03,17875577,142995088.0,1.200251,1.903548
2019-01-25,8.02,8.02,7.84,7.86,9690000,76957201.0,0.650633,-2.117056
2019-01-28,7.89,7.95,7.77,7.8,7848773,61628361.0,0.527004,-0.763358
2019-01-29,7.8,7.84,7.45,7.57,14883224,112941563.0,0.99933,-2.948718
2019-01-30,7.49,7.69,7.45,7.52,7742902,58753685.0,0.519895,-0.660505
2019-01-31,7.56,7.6,7.34,7.43,9117799,68093881.0,0.612212,-1.19681
2019-02-01,7.45,7.62,7.45,7.6,8778090,66511418.0,0.589403,2.288023
2019-02-11,7.66,7.79,7.6,7.78,10130221,78201668.0,0.680191,2.368425
2019-02-12,7.8,7.87,7.73,7.82,11047963,86372502.0,0.741813,0.514138
2019-02-13,7.82,8.03,7.81,8.0,21768045,173523150.0,1.46161,2.301788
2019-02-14,7.97,8.06,7.93,7.96,13363577,106583201.0,0.897294,-0.499999
2019-02-15,7.92,8.13,7.92,7.98,18048119,144878192.0,1.211836,0.251256
2019-02-18,8.01,8.23,8.01,8.23,24910911,203237073.0,1.672637,3.132826
2019-02-19,8.24,8.97,8.13,8.97,60377758,513727637.0,4.054049,8.991504
2019-02-20,8.76,8.83,8.56,8.64,50207397,436382952.0,3.371162,-3.678929
2019-02-21,8.67,8.8,8.47,8.51,43985487,380465772.0,2.953394,-1.504631
2019-02-22,8.48,8.67,8.41,8.63,29525122,253167951.0,1.982457,1.410104
2019-02-25,8.72,9.16,8.66,9.06,65220844,583075576.0,4.379236,4.982622
2019-02-26,8.95,9.08,8.82,8.84,49121548,439989345.0,3.298253,-2.428259
2019-02-27,8.79,9.68,8.79,9.27,79858688,744791816.0,5.362091,4.864257
2019-02-28,9.39,9.47,9.1,9.32,47050309,436712163.0,3.159181,0.539366
2019-03-01,9.35,9.36,9.12,9.3,30661374,283075623.0,2.05875,-0.214587
2019-03-04,9.32,9.64,9.25,9.46,56873051,536396323.0,3.818726,1.720428
2019-03-05,9.4,9.84,9.3,9.75,57639849,551585915.0,3.870213,3.065539
2019-03-06,9.75,9.77,9.51,9.69,50573679,487305316.0,3.395756,-0.615389
2019-03-07,9.64,9.98,9.56,9.7,49913052,486957707.0,3.351399,0.103202
2019-03-08,9.47,10.45,9.26,9.72,86651316,850940043.0,5.81818,0.20619
2019-03-11,9.81,10.49,9.76,10.25,73524617,749799277.0,4.936791,5.452672
2019-03-12,10.3,11.1,10.13,10.8,91066127,958338437.0,6.114611,5.365856
2019-03-13,10.78,11.28,10.22,10.42,84890912,917836297.0,5.699978,-3.51852
2019-03-14,10.21,10.5,9.64,9.98,56303616,564248652.0,3.780491,-4.222654
2019-03-15,10.07,10.11,9.81,9.9,34090096,339674525.0,2.288971,-0.801602
2019-03-18,10.01,10.23,9.83,10.14,36762254,369796670.0,2.468392,2.42425
2019-03-19,10.2,10.44,10.07,10.31,42511602,437204496.0,2.85443,1.676529
2019-03-20,10.22,10.27,9.91,10.15,38495104,389104729.0,2.584744,-1.551899
2019-03-21,10.16,10.34,10.03,10.18,34903517,356009501.0,2.343587,0.295573
2019-03-22,10.17,10.38,10.13,10.28,41093598,421874565.0,2.759219,0.982313
2019-03-25,10.22,11.1,10.15,10.69,82799534,884176109.0,5.559553,3.988326
2019-03-26,10.6,10.74,9.86,9.94,55238385,565224695.0,3.708967,-7.015903
2019-03-27,10.0,10.07,9.65,9.8,26064903,256003028.0,1.750121,-1.408445
2019-03-28,9.84,10.2,9.82,9.88,29567036,295831727.0,1.985271,0.816326
2019-03-29,9.91,10.6,9.91,10.45,55784116,575074909.0,3.74561,5.769228
2019-04-01,10.45,11.1,10.4,10.93,75162826,816426499.0,5.046788,4.593307
2019-04-02,11.48,11.8,11.02,11.05,97415132,1105621536.0,6.540913,1.097895
2019-04-03,10.87,11.35,10.87,11.17,61578832,685114185.0,4.134694,1.085972
2019-04-04,11.17,11.26,10.98,11.06,49657831,550780211.0,3.334262,-0.984778
2019-04-08,11.11,11.15,10.58,10.83,50957965,552929789.0,3.421559,-2.079571
2019-04-09,10.83,10.95,10.65,10.82,29309252,316006702.0,1.967962,-0.092338
2019-04-10,10.74,10.74,10.48,10.63,28708194,304438937.0,1.927604,-1.756003
2019-04-11,10.74,10.87,10.5,10.63,30023840,321368898.0,2.015943,0.0
2019-04-12,10.52,10.67,10.36,10.53,22121150,232336558.0,1.485319,-0.940737
2019-04-15,10.69,10.82,10.53,10.53,25856306,276548690.0,1.736115,0.0
2019-04-16,10.55,10.83,10.34,10.8,31131396,330361079.0,2.090309,2.564107
2019-04-17,10.79,10.93,10.69,10.77,26648641,287953942.0,1.789316,-0.277775
2019-04-18,10.78,11.13,10.67,10.96,45387431,495874944.0,3.047527,1.764156
2019-04-19,10.86,10.95,10.65,10.86,25641142,276580719.0,1.721668,-0.912412
2019-04-22,10.92,10.95,10.5,10.5,24715970,263387271.0,1.659547,-3.314914
2019-04-23,10.55,10.55,10.05,10.1,29800398,303925351.0,2.00094,-3.80952
2019-04-24,10.15,10.18,9.88,10.12,18744626,188352370.0,1.258603,0.198015
2019-04-25,10.11,10.11,9.65,9.65,22597377,223104428.0,1.517295,-4.644271
2019-04-26,9.65,9.75,9.57,9.63,17459344,168702770.0,1.172303,-0.207249
2019-04-29,9.63,9.7,9.05,9.11,23619718,219327261.0,1.58594,-5.399797
2019-04-30,9.05,9.37,9.05,9.23,14278741,131857615.0,0.958742,1.317233
2019-05-06,9.06,9.06,8.43,8.5,24141549,211415591.0,1.620978,-7.908988
2019-05-07,8.55,8.72,8.48,8.65,13175985,113583615.0,0.884698,1.764701
2019-05-08,8.5,8.9,8.39,8.78,20932624,182169634.0,1.405516,1.502892
2019-05-09,8.71,8.96,8.67,8.71,16529345,145416292.0,1.109859,-0.797263
2019-05-10,8.78,9.5,8.63,9.22,31257793,282605711.0,2.098796,5.855341
2019-05-13,9.1,9.25,8.97,9.05,16625401,151377632.0,1.116308,-1.843819
2019-05-14,8.94,9.3,8.92,9.09,23104757,211525798.0,1.551363,0.441989
2019-05-15,9.13,9.2,9.08,9.18,16171015,147891454.0,1.085799,0.990101
2019-05-16,9.25,9.68,9.16,9.41,33882523,320636833.0,2.275033,2.505442
2019-05-17,9.31,9.52,8.99,9.08,24725050,229262301.0,1.660157,-3.506907
2019-05-20,9.22,9.43,9.09,9.31,20548008,190765626.0,1.379691,2.533045
2019-05-21,9.31,9.65,9.24,9.6,29013846,274184360.0,1.948127,3.11493
2019-05-22,9.58,9.62,9.38,9.49,22173529,210490727.0,1.488836,-1.14584
2019-05-23,9.49,9.8,9.43,9.45,33334481,320576498.0,2.238235,-0.421496
2019-05-24,9.17,9.26,8.95,9.01,23689049,214589936.0,1.590595,-4.65608
2019-05-27,8.99,9.37,8.9,9.32,18428253,169766751.0,1.23736,3.440616
2019-05-28,9.34,9.48,9.18,9.24,16351704,152410279.0,1.097931,-0.858368
2019-05-29,9.21,9.42,9.18,9.34,15598239,145304012.0,1.04734,1.082255
2019-05-30,9.25,9.37,9.09,9.21,14635256,134530803.0,0.98268,-1.391864
2019-05-31,9.22,9.33,9.15,9.25,11559725,106958731.0,0.776175,0.43431
2019-06-03,9.36,9.41,9.03,9.1,13467931,123921132.0,0.904301,-1.621618
2019-06-04,9.11,9.11,8.75,8.82,14549218,129339138.0,0.976903,-3.076931
2019-06-05,8.88,9.02,8.8,8.85,9964127,88690706.0,0.669039,0.340144
2019-06-06,8.8,8.85,8.52,8.58,11742625,101288351.0,0.788455,-3.050853
2019-06-10,8.6,8.75,8.59,8.66,8669403,75195785.0,0.582105,0.9324
2019-06-11,8.68,8.97,8.61,8.96,14680454,129960488.0,0.985715,3.464206
2019-06-12,8.97,9.08,8.83,8.95,13130817,117628917.0,0.881665,-0.11161
2019-06-13,8.95,9.01,8.87,8.94,9275368,82948869.0,0.622792,-0.111734
2019-06-14,8.98,9.22,8.84,8.84,21503384,194713798.0,1.443839,-1.118562
2019-06-17,8.77,8.86,8.69,8.76,8667831,75924614.0,0.581999,-0.904976
2019-06-18,8.7,8.82,8.7,8.73,5603853,49040605.0,0.376269,-0.342474
2019-06-19,8.92,8.97,8.84,8.87,12468052,110976050.0,0.837164,1.60367
2019-06-20,8.83,9.12,8.82,9.06,16683947,150344548.0,1.120239,2.142058
2019-06-21,9.1,9.33,9.07,9.3,25679620,237132742.0,1.724251,2.649004
2019-06-24,9.28,9.36,9.14,9.3,19005532,175872874.0,1.276121,0.0
2019-06-25,9.29,9.31,9.07,9.22,14615352,134295639.0,0.981344,-0.860214
2019-06-26,9.15,9.3,9.12,9.28,12106554,111573357.0,0.812891,0.650753
2019-06-27,9.26,9.35,9.17,9.2,15985592,147676435.0,1.073348,-0.862068
2019-06-28,9.16,9.16,8.9,8.99,12769314,115175774.0,0.857392,-2.282609
2019-07-01,9.16,9.28,9.13,9.23,15651350,144183730.0,1.050906,2.66963
2019-07-02,9.32,9.39,9.19,9.21,14267324,132281043.0,0.957976,-0.216679
2019-07-03,9.21,9.47,9.11,9.39,30386079,282876222.0,2.040265,1.954401
2019-07-04,9.27,9.95,9.27,9.62,59259085,570332438.0,3.978936,2.449409
2019-07-05,9.5,9.62,9.43,9.59,20793016,198068493.0,1.396142,-0.311847
2019-07-08,9.5,9.56,9.14,9.18,19436394,179992703.0,1.305052,-4.275285
2019-07-09,9.18,9.22,9.08,9.21,11662821,106861241.0,0.783097,0.326794
2019-07-10,9.23,9.39,9.11,9.16,16738058,155201110.0,1.123873,-0.54289
2019-07-11,9.16,9.26,8.96,9.05,15341566,139690077.0,1.030105,-1.20087
2019-07-12,9.08,9.16,9.03,9.09,8992058,81801190.0,0.603769,0.441989
2019-07-15,9.11,9.32,9.01,9.3,15257641,140869534.0,1.02447,2.310231
2019-07-16,9.4,9.44,9.25,9.29,12735514,118855184.0,0.855123,-0.107529
2019-07-17,9.29,9.34,9.21,9.24,10473471,97026344.0,0.703238,-0.538215
2019-07-18,9.24,9.24,9.04,9.05,10487809,95321835.0,0.704201,-2.056273
2019-07-19,9.0,9.15,9.0,9.06,8742019,79384638.0,0.586981,0.1105
2019-07-22,9.06,9.09,8.75,8.75,11494130,101896642.0,0.77177,-3.421638
2019-07-23,8.86,9.0,8.77,9.0,8697653,77445139.0,0.584002,2.857143
2019-07-24,9.03,9.21,9.0,9.13,13127622,119898970.0,0.881451,1.444446
2019-07-25,9.08,9.18,9.05,9.14,7510248,68623781.0,0.504274,0.109532
2019-07-26,9.08,9.26,9.05,9.21,12894196,118470435.0,0.8658,0.7659
2019-07-29,9.2,9.27,9.12,9.22,9452316,86814324.0,0.634673,0.10858
2019-07-30,9.18,9.28,9.18,9.19,8602474,79415669.0,0.5776,-0.3254
2019-07-31,9.21,9.24,9.09,9.2,9173557,84191886.0,0.616,0.1088
2019-08-01,9.14,9.18,9.0,9.03,9548310,86726749.0,0.6411,-1.8478
2019-08-02,8.84,8.98,8.8,8.9,8535261,75972525.0,0.5731,-1.4396
2019-08-05,8.9,9.09,8.88,8.89,9324484,83693385.0,0.6261,-0.1124
2019-08-06,8.7,8.8,8.37,8.58,13168790,113390236.0,0.8842,-3.4871
2019-08-07,8.66,8.7,8.5,8.51,6366949,54775425.0,0.4275,-0.8158
2019-08-08,8.4,8.67,8.38,8.53,9105417,77796676.0,0.6114,0.235
2019-08-09,8.57,8.61,8.26,8.33,8197318,69343385.0,0.5504,-2.3447
2019-08-12,8.38,8.45,8.31,8.45,4504572,37746497.0,0.3025,1.4406
2019-08-13,8.4,8.52,8.36,8.46,5734219,48428100.0,0.385,0.1183
2019-08-14,8.55,8.58,8.5,8.53,6131939,52376290.0,0.4117,0.8274
2019-08-15,8.35,8.55,8.28,8.51,6197220,52311270.0,0.4161,-0.2345
2019-08-16,8.47,8.65,8.47,8.55,9048342,77614100.0,0.6075,0.47
2019-08-19,8.62,8.77,8.6,8.75,13384425,116492106.0,0.8987,2.3392
2019-08-20,8.75,8.94,8.72,8.81,15453188,136345715.0,1.0376,0.6857
2019-08-21,8.8,8.86,8.73,8.8,9263559,81511913.0,0.622,-0.1135
2019-08-22,8.83,9.06,8.77,8.97,16818115,150487674.0,1.1292,1.9318
2019-08-23,8.93,9.06,8.88,8.92,11213453,100533251.0,0.7529,-0.5574
2019-08-26,8.72,8.99,8.67,8.95,11890285,105537912.0,0.7984,0.3363
2019-08-27,8.99,9.12,8.84,9.09,16312606,147592510.0,1.0953,1.5642
2019-08-28,9.07,9.24,8.99,9.04,20176830,183997564.0,1.3548,-0.5501
2019-08-29,9.04,9.16,8.98,9.03,15829531,143379399.0,1.0629,-0.1106
2019-08-30,9.1,9.24,9.03,9.24,26810216,245214693.0,1.8002,2.3256
2019-09-02,9.25,9.62,9.2,9.53,40090447,379620975.0,2.6919,3.1385
2019-09-03,9.49,9.5,9.32,9.41,24555913,231061680.0,1.6488,-1.2592
2019-09-04,9.37,9.48,9.29,9.41,17525543,164443775.0,1.1767,0.0
2019-09-05,9.45,9.77,9.41,9.44,33337814,318099892.0,2.2385,0.3188
2019-09-06,9.45,9.61,9.43,9.5,19580057,186084445.0,1.3147,0.6356
2019-09-09,9.56,9.61,9.5,9.61,20601274,197184406.0,1.3833,1.1579
2019-09-10,9.64,9.73,9.35,9.48,25113328,239028318.0,1.6862,-1.3528
2019-09-11,9.47,9.64,9.38,9.45,17620962,166745335.0,1.1832,-0.3165
2019-09-12,9.47,9.63,9.41,9.55,23503181,224225054.0,1.5781,1.0582
2019-09-16,9.54,9.64,9.5,9.55,18422500,176329428.0,1.237,0.0
2019-09-17,9.5,9.53,9.12,9.19,19997257,185992626.0,1.3427,-3.7696
2019-09-18,9.2,9.24,8.97,8.98,16087416,146435610.0,1.0802,-2.2851
2019-09-19,9.04,9.5,8.93,9.32,26767525,245949593.0,1.7973,3.7862
2019-09-20,9.26,9.28,9.14,9.17,12797820,117822710.0,0.8593,-1.6094
2019-09-23,9.16,9.24,9.02,9.09,10693977,97321320.0,0.718,-0.8724
2019-09-24,9.08,9.21,9.03,9.05,13555105,123864595.0,0.9102,-0.44
2019-09-25,8.98,9.03,8.8,8.81,13000638,115692625.0,0.8729,-2.6519
2019-09-26,8.84,8.87,8.46,8.48,18317779,157177206.0,1.2299,-3.7458
2019-09-27,8.51,8.57,8.48,8.51,8880038,75713144.0,0.5962,0.3538
2019-09-30,8.52,8.56,8.4,8.42,7455662,63199867.0,0.5006,-1.0576
2019-10-08,8.45,8.5,8.36,8.36,6997640,58910489.0,0.4699,-0.7126
2019-10-09,8.36,8.45,8.3,8.45,5639019,47343621.0,0.3786,1.0766
2019-10-10,8.46,8.53,8.43,8.51,6086525,51668976.0,0.4087,0.7101
2019-10-11,8.51,8.55,8.42,8.49,4990787,42314509.0,0.3351,-0.235
2019-10-14,8.55,8.64,8.53,8.56,7817845,67107860.0,0.5249,0.8245
2019-10-15,8.56,8.56,8.42,8.44,5678577,48042284.0,0.3813,-1.4019
2019-10-16,8.48,8.5,8.39,8.39,4859461,40962688.0,0.3263,-0.5924
2019-10-17,8.4,8.43,8.35,8.36,4575277,38330947.0,0.3072,-0.3576
2019-10-18,8.4,8.55,8.36,8.45,10789340,91203007.0,0.7244,1.0766
2019-10-21,8.4,8.43,8.3,8.38,5988172,50040670.0,0.4021,-0.8284
2019-10-22,8.38,8.45,8.31,8.4,4943754,41426661.0,0.3319,0.2387
2019-10-23,8.41,8.43,8.31,8.34,5217642,43555957.0,0.3503,-0.7143
2019-10-24,8.35,8.4,8.3,8.36,5461693,45607247.0,0.3667,0.2398
2019-10-25,8.35,8.36,8.09,8.21,12085734,99000905.0,0.8115,-1.7943
2019-10-28,8.24,8.35,8.23,8.34,8694447,72159316.0,0.5838,1.5834
2019-10-29,8.33,8.34,8.18,8.21,7796161,64284387.0,0.5235,-1.5588
2019-10-30,8.23,8.23,8.03,8.04,7997014,64576610.0,0.537,-2.0706
2019-10-31,8.05,8.08,7.91,7.92,6872914,54901615.0,0.4615,-1.4925
2019-11-01,7.92,8.05,7.92,8.01,4357871,34871881.0,0.2926,1.1364
2019-11-04,8.03,8.12,8.03,8.06,4881951,39443100.0,0.3278,0.6242
2019-11-05,8.11,8.13,8.03,8.08,4154642,33539918.0,0.279,0.2481
2019-11-06,8.09,8.26,8.08,8.12,9689856,79194727.0,0.6506,0.495
2019-11-07,8.1,8.17,8.05,8.13,4499620,36580555.0,0.3021,0.1232
2019-11-08,8.24,8.24,8.05,8.07,5605734,45582062.0,0.3764,-0.738
2019-11-11,8.02,8.07,7.9,7.91,5293211,42031044.0,0.3554,-1.9826
2019-11-12,7.88,7.95,7.79,7.85,5319425,41756148.0,0.3572,-0.7585
2019-11-13,7.93,7.93,7.82,7.86,3508713,27581722.0,0.2356,0.1274
2019-11-14,7.86,7.91,7.85,7.88,3302451,26043932.0,0.2217,0.2545
2019-11-15,7.89,7.91,7.7,7.71,4760327,37042749.0,0.3196,-2.1574
2019-11-18,7.7,7.8,7.7,7.77,3830621,29713355.0,0.2572,0.7782
2019-11-19,7.79,7.95,7.78,7.92,5212655,41087577.0,0.35,1.9305
2019-11-20,7.94,7.98,7.85,7.86,3997520,31614331.0,0.2684,-0.7576
2019-11-21,7.83,7.97,7.81,7.95,4944744,39180583.0,0.332,1.145
2019-11-22,7.92,8.04,7.85,7.89,6414453,51005276.0,0.4307,-0.7547
2019-11-25,7.85,7.99,7.8,7.96,4698074,37169944.0,0.3155,0.8872
2019-11-26,7.95,8.01,7.88,7.91,4970400,39471314.0,0.3337,-0.6281
2019-11-27,7.95,7.98,7.88,7.92,3388135,26883260.0,0.2275,0.1264
2019-11-28,7.92,7.95,7.81,7.82,4134751,32560343.0,0.2776,-1.2626
2019-11-29,7.87,7.88,7.78,7.86,3037877,23798885.0,0.204,0.5115
2019-12-02,7.87,7.9,7.82,7.85,3190974,25068272.0,0.2143,-0.1272
2019-12-03,7.85,7.87,7.77,7.86,3960062,30962057.0,0.2659,0.1274
2019-12-04,7.83,7.96,7.81,7.93,6251380,49320217.0,0.4197,0.8906
2019-12-05,7.93,8.01,7.89,7.99,6649310,52987491.0,0.4465,0.7566
2019-12-06,8.0,8.07,7.97,8.03,5880600,47142641.0,0.3949,0.5006
2019-12-09,8.08,8.12,8.01,8.03,5174760,41648418.0,0.3475,0.0
2019-12-10,8.05,8.06,7.91,7.98,5235202,41720136.0,0.3515,-0.6227
2019-12-11,7.97,8.02,7.94,7.98,4537449,36214889.0,0.3047,0.0
2019-12-12,7.97,8.03,7.96,8.01,4683757,37498903.0,0.3145,0.3759
2019-12-13,8.05,8.07,8.0,8.05,6721204,53948013.0,0.4513,0.4994
2019-12-16,8.05,8.22,8.05,8.19,14342206,117124704.0,0.963,1.7391
2019-12-17,8.25,8.38,8.19,8.28,15066214,124689518.0,1.0116,1.0989
2019-12-18,8.3,8.67,8.24,8.56,35216215,299027229.0,2.3646,3.3817
2019-12-19,8.54,8.55,8.34,8.44,17866496,150438487.0,1.1996,-1.4019
2019-12-20,8.45,8.46,8.21,8.22,14185243,117752214.0,0.9525,-2.6066
2019-12-23,8.22,8.36,8.12,8.15,10729827,88529354.0,0.7205,-0.8516
2019-12-24,8.19,8.26,8.13,8.26,6822088,55932170.0,0.4581,1.3497
2019-12-25,8.24,8.26,8.16,8.2,7589651,62255979.0,0.5096,-0.7264
2019-12-26,8.19,8.23,8.15,8.23,8539741,69973515.0,0.5734,0.3659
2019-12-27,8.26,8.52,8.24,8.29,21408794,179226619.0,1.4375,0.729
2019-12-30,8.3,8.5,8.26,8.39,15246362,127781756.0,1.0237,1.2063
2019-12-31,8.33,8.37,8.24,8.32,9687580,80459970.0,0.6505,-0.8343
2020-01-02,8.37,8.45,8.33,8.41,13671391,114888227.0,0.918,1.0817
2020-01-03,8.44,8.74,8.39,8.65,31932446,274464296.0,2.1441,2.8537
2020-01-06,8.92,9.28,8.82,9.09,59753693,541228356.0,4.0121,5.0867
2020-01-07,8.97,9.03,8.8,8.92,33521204,298013109.0,2.2508,-1.8702
2020-01-08,9.02,9.47,9.01,9.3,66228808,612456819.0,4.4469,4.2601
2020-01-09,8.95,9.04,8.82,9.02,37276365,332910947.0,2.5029,-3.0107
2020-01-10,9.0,9.0,8.75,8.78,22548198,198977012.0,1.514,-2.6608
2020-01-13,8.71,8.83,8.59,8.81,16876317,146523753.0,1.1332,0.3417
2020-01-14,8.8,8.9,8.76,8.79,13667143,120342233.0,0.9177,-0.227
2020-01-15,8.76,8.77,8.61,8.65,10846528,93998455.0,0.7283,-1.5927
2020-01-16,8.7,8.92,8.66,8.73,20140235,177549549.0,1.3523,0.9249
2020-01-17,8.8,8.8,8.63,8.67,11618490,100915856.0,0.7801,-0.6873
2020-01-20,8.68,8.94,8.64,8.9,22218845,196490436.0,1.4919,2.6528
2020-01-21,8.84,8.85,8.71,8.72,14747650,128997871.0,0.9902,-2.0225
2020-01-22,8.68,8.72,8.4,8.63,15888220,135666969.0,1.0668,-1.0321
2020-01-23,8.54,8.92,8.41,8.46,23631475,204931707.0,1.5867,-1.9699
2020-02-03,7.61,7.61,7.61,7.61,3958100,30121141.0,0.2658,-10.0473
2020-02-04,6.85,7.4,6.85,7.34,27667898,200293063.0,1.8578,-3.548
2020-02-05,7.36,8.05,7.31,7.83,30641295,236494324.0,2.0574,6.6757
2020-02-06,7.8,8.2,7.67,7.96,26332533,210504826.0,1.7681,1.6603
2020-02-07,7.98,8.18,7.9,8.0,20944125,167739818.0,1.4063,0.5025
2020-02-10,8.08,8.2,8.01,8.1,15973387,129156368.0,1.0725,1.25
2020-02-11,8.0,8.13,7.95,7.97,12897153,103305177.0,0.866,-1.6049
2020-02-12,7.97,8.14,7.87,8.09,19140802,153191988.0,1.2852,1.5057
2020-02-13,8.07,8.08,7.9,7.91,17773911,141450103.0,1.1934,-2.225
2020-02-14,7.87,8.01,7.87,7.96,14950850,118661998.0,1.0039,0.6321
2020-02-17,7.96,8.55,7.94,8.52,40119570,334337914.0,2.6938,7.0352
2020-02-18,8.52,8.66,8.39,8.5,32215094,274298305.0,2.1631,-0.2347
2020-02-19,8.53,8.56,8.35,8.35,20069052,169340887.0,1.3475,-1.7647
2020-02-20,8.4,8.6,8.31,8.6,30386781,257626749.0,2.0403,2.994
2020-02-21,8.58,8.91,8.5,8.76,41054530,358909519.0,2.7566,1.8605
2020-02-24,8.76,8.84,8.58,8.76,30082328,262145441.0,2.0199,0.0
2020-02-25,8.59,8.72,8.0,8.65,38847262,329578093.0,2.6084,-1.2557
2020-02-26,8.48,8.79,8.46,8.58,32294857,279840479.0,2.1684,-0.8092
2020-02-27,8.55,8.64,8.39,8.4,29310296,249158416.0,1.968,-2.0979
2020-02-28,8.15,8.24,7.68,7.7,42801441,339963473.0,2.8739,-8.3333
2020-03-02,7.78,7.99,7.75,7.93,19720754,155648820.0,1.3241,2.987
2020-03-03,8.08,8.26,8.0,8.09,23994829,195474203.0,1.6111,2.0177
2020-03-04,8.01,8.21,7.96,8.16,15850591,128523889.0,1.0643,0.8653
2020-03-05,8.26,8.29,8.13,8.23,23070459,189376409.0,1.5491,0.8578
2020-03-06,8.13,8.24,8.07,8.15,17477532,142182526.0,1.1735,-0.9721
2020-03-09,8.04,8.1,7.88,7.88,22391320,178585101.0,1.5035,-3.3129
2020-03-10,7.8,8.12,7.75,8.1,21229005,169117780.0,1.4254,2.7919
2020-03-11,8.12,8.46,8.08,8.19,36869181,305997411.0,2.4756,1.1111
2020-03-12,8.01,8.08,7.91,7.96,18325366,146481373.0,1.2305,-2.8083
2020-03-13,7.68,7.96,7.51,7.89,19178166,148472467.0,1.2877,-0.8794
2020-03-16,7.96,8.2,7.64,7.8,25470491,202553126.0,1.7102,-1.1407
2020-03-17,7.78,7.95,7.4,7.65,18812480,143767566.0,1.2632,-1.9231
2020-03-18,7.69,7.78,7.39,7.45,14329461,109403380.0,0.9621,-2.6144
2020-03-19,7.47,7.56,7.3,7.52,11451705,85433736.0,0.7689,0.9396
2020-03-20,7.63,7.65,7.46,7.58,9616317,72688661.0,0.6457,0.7979
2020-03-23,7.49,7.49,7.2,7.26,11655978,85347987.0,0.7826,-4.2216
2020-03-24,7.36,7.42,7.23,7.35,9174852,67388038.0,0.616,1.2397
2020-03-25,7.47,7.51,7.43,7.49,9058009,67687663.0,0.6082,1.9048
2020-03-26,7.46,7.46,7.34,7.34,7055416,52170896.0,0.4737,-2.0027
2020-03-27,7.46,7.46,7.32,7.33,6129921,45316216.0,0.4116,-0.1362
2020-03-30,7.27,7.36,7.08,7.29,9230983,66460626.0,0.6198,-0.5457
2020-03-31,7.3,7.37,7.23,7.26,6507021,47557604.0,0.4369,-0.4115
2020-04-01,7.25,7.38,7.22,7.29,6568857,48006524.0,0.4411,0.4132
2020-04-02,7.25,7.43,7.24,7.41,8410443,61862931.0,0.5647,1.6461
2020-04-03,7.42,7.42,7.3,7.31,7073302,51971441.0,0.4749,-1.3495
2020-04-07,7.43,7.68,7.42,7.6,17640177,133843227.0,1.1844,3.9672
2020-04-08,7.54,8.03,7.52,7.85,30813570,240815509.0,2.069,3.2895
2020-04-09,7.85,7.96,7.75,7.78,20538911,160945235.0,1.3791,-0.8917
2020-04-10,7.82,8.02,7.65,7.86,25896455,203415192.0,1.7388,1.0283
2020-04-13,7.77,7.85,7.57,7.74,17409079,134275312.0,1.1689,-1.5267
2020-04-14,7.77,7.8,7.67,7.78,12592509,97492526.0,0.8455,0.5168
2020-04-15,7.76,7.78,7.64,7.64,11737154,90499485.0,0.7881,-1.7995
2020-04-16,7.61,7.86,7.53,7.75,12890137,99383600.0,0.8655,1.4398
2020-04-17,7.75,7.79,7.62,7.67,9925500,76471033.0,0.6664,-1.0323
2020-04-20,7.66,7.82,7.6,7.8,15661788,121360014.0,1.0516,1.6949
2020-04-21,7.8,7.96,7.75,7.83,20610041,161730148.0,1.3839,0.3846
2020-04-22,7.75,7.8,7.64,7.77,12775744,98494697.0,0.8578,-0.7663
2020-04-23,7.78,8.43,7.71,8.15,50887763,412801466.0,3.4168,4.8906
2020-04-24,8.12,8.12,7.78,7.93,36772207,291164084.0,2.4691,-2.6994
2020-04-27,7.87,7.87,7.61,7.64,22023343,170086792.0,1.4788,-3.657
2020-04-28,7.55,7.6,7.11,7.34,18919702,139229940.0,1.2704,-3.9267
2020-04-29,7.3,7.51,7.25,7.37,10886368,80555616.0,0.731,0.4087
2020-04-30,7.42,7.54,7.39,7.51,11984412,89723862.0,0.8047,1.8996
2020-05-06,7.46,7.68,7.4,7.66,11724873,88883827.0,0.7873,1.9973
2020-05-07,7.62,7.72,7.58,7.62,10427887,79705820.0,0.7002,-0.5222
2020-05-08,7.68,7.88,7.66,7.76,16924776,131625929.0,1.1364,1.8373
2020-05-11,7.79,7.9,7.73,7.87,16306567,127545143.0,1.0949,1.4175
2020-05-12,7.87,7.95,7.75,7.81,13041978,102184988.0,0.8757,-0.7624
2020-05-13,7.79,7.87,7.77,7.8,7078302,55241292.0,0.4753,-0.128
2020-05-14,7.76,7.98,7.73,7.89,20097416,158193522.0,1.3494,1.1538
2020-05-15,7.9,7.95,7.82,7.83,11940406,94080649.0,0.8017,-0.7605
2020-05-18,7.82,8.04,7.77,7.99,27897305,222238014.0,1.8732,2.0434
2020-05-19,7.97,8.02,7.84,7.93,14239360,112596898.0,0.9561,-0.7509
2020-05-20,7.94,7.95,7.55,7.56,22017635,169914735.0,1.4784,-4.6658
2020-05-21,7.72,7.72,7.53,7.61,12745899,97072476.0,0.8558,0.6614
2020-05-22,7.6,7.89,7.56,7.6,20531655,158454959.0,1.3786,-0.1314
2020-05-25,7.59,7.67,7.43,7.48,10088188,75892388.0,0.6774,-1.5789
2020-05-26,7.48,7.58,7.46,7.56,7665442,57792716.0,0.5147,1.0695
2020-05-27,7.56,7.8,7.54,7.62,13799427,105811654.0,0.9266,0.7937
2020-05-28,7.6,7.63,7.52,7.59,8228711,62260103.0,0.5525,-0.3937
2020-05-29,7.59,7.76,7.52,7.7,12947879,98798344.0,0.8694,1.4493
2020-06-01,7.7,7.82,7.65,7.8,17937472,139443852.0,1.2044,1.2987
2020-06-02,7.79,7.94,7.76,7.85,19054731,149889612.0,1.2794,0.641
2020-06-03,7.88,7.89,7.75,7.78,14245608,111148017.0,0.9565,-0.8917
2020-06-04,7.77,7.82,7.73,7.78,8140958,63294169.0,0.5466,0.0
2020-06-05,7.78,7.87,7.72,7.8,9739171,75878880.0,0.6539,0.2571
2020-06-08,7.84,7.85,7.64,7.65,13230459,102318399.0,0.8884,-1.9231
2020-06-09,7.67,7.69,7.55,7.64,9959966,75741261.0,0.6688,-0.1307
2020-06-10,7.66,7.7,7.55,7.58,11588424,88133591.0,0.7781,-0.7853
2020-06-11,7.56,7.67,7.51,7.57,13964263,106095373.0,0.9376,-0.1319
2020-06-12,7.48,7.56,7.41,7.53,17592705,131780491.0,1.1813,-0.5284
2020-06-15,7.53,7.66,7.46,7.5,15688043,118355225.0,1.0534,-0.3984
2020-06-16,7.54,7.61,7.49,7.58,14185127,107017875.0,0.9525,1.0667
2020-06-17,7.68,7.85,7.66,7.79,39517958,306998254.0,2.6534,2.7704
2020-06-18,7.75,7.76,7.58,7.64,22858086,174724805.0,1.5348,-1.9255
2020-06-19,7.61,7.67,7.61,7.67,13176136,100605785.0,0.8847,0.3927
2020-06-22,7.66,7.75,7.66,7.73,18121985,139617576.0,1.2168,0.7823
2020-06-23,7.82,7.85,7.64,7.65,20800348,160851008.0,1.3966,-1.0349
2020-06-24,7.7,7.7,7.54,7.54,14356219,108930068.0,0.9639,-1.4379
2020-06-29,7.52,7.61,7.47,7.53,9290253,70146075.0,0.6238,-0.1326
2020-06-30,7.54,7.58,7.53,7.56,7957510,60141415.0,0.5343,0.3984
2020-07-01,7.57,7.59,7.5,7.55,11004249,82914279.0,0.7389,-0.1323
2020-07-02,7.52,7.64,7.52,7.64,18362506,139410589.0,1.2329,1.192
2020-07-03,7.65,7.74,7.65,7.73,21046317,162116357.0,1.4131,1.178
2020-07-06,7.78,8.13,7.78,8.08,46129466,367910200.0,3.0974,4.5278
2020-07-07,8.18,8.28,8.03,8.06,49158930,400798077.0,3.3008,-0.2475
2020-07-08,8.05,8.57,8.02,8.55,71143263,596279693.0,4.7769,6.0794
2020-07-09,8.6,8.84,8.45,8.61,68781552,594287484.0,4.6183,0.7017
2020-07-10,8.6,8.67,8.4,8.44,44146541,376941348.0,2.9642,-1.9744
2020-07-13,8.44,8.65,8.38,8.65,37569162,321273950.0,2.5226,2.4882
2020-07-14,8.64,8.98,8.51,8.7,54601384,476940621.0,3.6662,0.578
2020-07-15,8.8,8.85,8.3,8.37,35119000,298463758.0,2.3581,-3.7931
2020-07-16,8.38,8.51,7.96,7.98,30539355,251711903.0,2.0506,-4.6595
2020-07-17,8.01,8.27,7.98,8.12,24520839,199017969.0,1.6464,1.7544
2020-07-20,8.29,8.93,8.21,8.93,51109288,446339806.0,3.4317,9.9754
2020-07-21,9.49,9.49,8.9,9.08,104456401,954400334.05,7.0137,1.6797
2020-07-22,8.87,9.27,8.76,8.79,80261902,721668288.06,5.3892,-3.1938
2020-07-23,9.02,9.26,8.9,9.15,94412590,859423525.76,6.3393,4.0956
2020-07-24,9.11,9.48,8.85,8.9,110609163,1020973048.2,7.4268,-2.7322
2020-07-27,8.86,8.97,8.36,8.62,50517939,434096077.54,3.392,-3.1461
2020-07-28,8.61,8.83,8.47,8.62,38246537,330449362.55,2.5681,0.0
2020-07-29,8.52,8.95,8.41,8.9,48969893,427042822.53,3.2881,3.2483
2020-07-30,9.18,9.32,8.93,9.04,73042632,666976806.54,4.9044,1.573
2020-07-31,9.0,9.04,8.75,8.86,50020499,443651905.04,3.3586,-1.9912
2020-08-03,8.99,9.75,8.97,9.75,64970888,612498125.8,4.3625,10.0451
2020-08-04,10.6,10.73,10.15,10.73,157141753,1671106401.2,10.5512,10.0513
2020-08-05,11.0,11.8,10.8,11.8,109866375,1255459876.8,7.3769,9.972
2020-08-06,12.98,12.98,11.93,12.98,336482272,4272949060.7,22.593,10.0
2020-08-07,12.34,12.67,11.68,11.91,253515388,3067396905.91,17.0222,-8.2435
2020-08-10,11.3,12.19,10.93,11.05,182605238,2086315138.47,12.261,-7.2208
2020-08-11,10.8,11.31,10.7,10.81,130862962,1437187837.11,8.7868,-2.1719
2020-08-12,10.61,10.65,9.97,10.23,108752189,1109833408.45,7.3021,-5.3654
2020-08-13,10.23,10.43,10.06,10.23,70697520,724539077.74,4.747,0.0
2020-08-14,10.16,11.08,10.11,10.99,125634087,1340746030.97,8.4357,7.4291
2020-08-17,10.85,11.35,10.5,10.97,114708902,1251870002.69,7.7021,-0.182
2020-08-18,10.86,11.04,10.7,10.85,73674092,797569135.68,4.9468,-1.0939
2020-08-19,10.73,10.93,10.45,10.49,67149452,715646214.34,4.5087,-3.318
2020-08-20,10.43,11.0,10.35,10.58,66017500,705722748.36,4.4327,0.858
2020-08-21,10.4,10.71,10.16,10.28,53960304,561524564.8,3.6232,-2.8355
2020-08-24,10.28,10.5,10.03,10.18,36172269,368101850.63,2.4288,-0.9728
2020-08-25,10.13,10.2,9.63,9.77,61984964,614499387.49,4.162,-4.0275
2020-08-26,9.78,9.87,9.34,9.4,49714626,476762620.18,3.3381,-3.7871
2020-08-27,9.48,9.58,9.3,9.53,34613302,327319019.31,2.3241,1.383
2020-08-28,9.55,9.79,9.51,9.71,40254357,389837681.62,2.7029,1.8888
2020-08-31,9.75,9.91,9.72,9.81,41177209,404571940.2,2.7648,1.0299
2020-09-01,9.94,10.27,9.83,10.16,59604953,601502283.6,4.0022,3.5678
2020-09-02,10.16,10.16,9.75,9.82,46630228,460068666.47,3.131,-3.3465
2020-09-03,9.81,9.89,9.51,9.67,38461101,371253134.36,2.5825,-1.5275
2020-09-04,9.5,9.65,9.38,9.6,23189267,221103520.05,1.557,-0.7239
2020-09-07,9.54,9.61,9.18,9.28,34503577,324794652.87,2.3167,-3.3333
2020-09-08,9.3,9.42,9.22,9.35,22250282,207694859.54,1.494,0.7543
2020-09-09,9.28,9.68,9.2,9.54,45394896,430859608.76,3.048,2.0321
2020-09-10,9.56,9.59,8.85,8.94,42068619,385318234.16,2.8247,-6.2893
2020-09-11,8.83,8.97,8.72,8.92,23315835,206135401.31,1.5655,-0.2237
2020-09-14,8.93,9.0,8.81,8.88,17585323,156498806.7,1.1808,-0.4484
2020-09-15,8.9,9.11,8.84,9.05,21198424,191213308.65,1.4234,1.9144
2020-09-16,9.01,9.02,8.83,8.87,14778404,131275194.62,0.9923,-1.989
2020-09-17,8.87,8.95,8.68,8.87,20138419,177181449.06,1.3522,0.0
2020-09-18,8.89,9.13,8.85,9.1,28207917,254785885.66,1.894,2.593
2020-09-21,9.18,9.52,9.14,9.29,38895785,363207674.68,2.6116,2.0879
2020-09-22,9.15,9.23,9.04,9.1,20387219,185982669.61,1.3689,-2.0452
2020-09-23,9.1,9.14,9.0,9.08,13416949,121744339.79,0.9009,-0.2198
2020-09-24,9.04,9.04,8.75,8.8,17984050,159011990.55,1.2075,-3.0837
2020-09-25,8.83,8.96,8.74,8.89,12053413,106631467.52,0.8093,1.0227
2020-09-28,8.87,8.91,8.71,8.72,10512469,92392286.46,0.7059,-1.9123
2020-09-29,8.75,9.07,8.75,8.89,19160139,171111567.3,1.2865,1.9495
2020-09-30,8.92,9.09,8.86,9.01,20556739,185046726.16,1.3803,1.3498
2020-10-09,9.08,9.27,9.08,9.19,21551931,197642608.1,1.4471,1.9978
2020-10-12,9.24,9.44,9.16,9.38,28705584,267493741.03,1.9274,2.0675
2020-10-13,9.38,9.38,9.2,9.27,22190193,205563757.32,1.49,-1.1727
2020-10-14,9.27,9.45,9.09,9.14,22264640,206079435.34,1.495,-1.4024
2020-10-15,9.05,9.38,9.04,9.32,28777054,266137275.44,1.9322,1.9694
2020-10-16,9.31,9.31,9.1,9.18,16436266,150653246.23,1.1036,-1.5021
2020-10-19,9.19,9.28,9.08,9.13,14512400,133199061.33,0.9744,-0.5447
2020-10-20,9.07,9.11,8.85,9.07,15828586,141946787.44,1.0628,-0.6572
2020-10-21,9.05,9.07,8.83,8.86,14348814,127800349.1,0.9634,-2.3153
2020-10-22,8.86,9.03,8.86,8.97,17088030,153502537.82,1.1474,1.2415
2020-10-23,8.97,9.06,8.88,8.9,11363679,101813327.58,0.763,-0.7804
2020-10-26,8.91,8.91,8.72,8.84,10436686,92038739.9,0.7008,-0.6742
2020-10-27,8.78,8.95,8.76,8.88,8900870,79023670.31,0.5976,0.4525
2020-10-28,8.88,8.89,8.6,8.75,14907564,129911508.19,1.001,-1.464
2020-10-29,8.65,8.7,8.58,8.61,13277285,114608541.46,0.8915,-1.6
2020-10-30,8.65,8.76,8.26,8.26,20108583,170925501.13,1.3502,-4.065
2020-11-02,8.26,8.31,8.0,8.1,16478797,133605977.0,1.1065,-1.937
2020-11-03,8.13,8.53,8.12,8.46,19958664,166558064.28,1.3401,4.4444
2020-11-04,8.46,8.51,8.3,8.47,12955810,109234854.9,0.8699,0.1182
2020-11-05,8.47,8.58,8.39,8.52,14358895,121751816.75,0.9641,0.5903
2020-11-06,8.49,8.56,8.29,8.37,12097818,101678389.98,0.8123,-1.7606
2020-11-09,8.38,8.59,8.38,8.52,24001365,204101042.0,1.6116,1.7921
2020-11-10,8.58,8.58,8.37,8.41,15519183,131298571.28,1.042,-1.2911
2020-11-11,8.41,8.41,8.19,8.22,14217032,117679044.08,0.9546,-2.2592
2020-11-12,8.22,8.28,8.17,8.2,9143244,75138379.12,0.6139,-0.2433
2020-11-13,8.2,8.33,8.08,8.26,15076819,123854806.72,1.0123,0.7317
2020-11-16,8.3,8.48,8.26,8.45,17157602,144029783.47,1.152,2.3002
2020-11-17,8.45,8.5,8.3,8.34,11629540,97017344.04,0.7809,-1.3018
2020-11-18,8.33,8.55,8.33,8.45,17669439,149781533.5,1.1864,1.3189
2020-11-19,8.45,8.76,8.39,8.68,33085550,285955741.96,2.2215,2.7219
2020-11-20,8.67,8.77,8.6,8.69,19710403,170963414.53,1.3234,0.1152
2020-11-23,8.66,8.81,8.55,8.72,24531080,213133195.26,1.6471,0.3452
2020-11-24,8.72,9.03,8.7,8.87,36441219,323811119.15,2.4468,1.7202
2020-11-25,8.82,8.92,8.6,8.61,23049612,201133323.34,1.5477,-2.9312
2020-11-26,8.61,9.03,8.6,8.96,35301207,312040618.45,2.3703,4.065
2020-11-27,8.96,9.22,8.83,9.15,53467007,485758903.93,3.59,2.1205
2020-11-30,9.09,9.23,9.0,9.07,30279783,275825755.17,2.0331,-0.8743
2020-12-01,9.06,9.13,8.95,9.08,21844633,197716311.44,1.4668,0.1103
2020-12-02,9.06,9.09,8.91,8.95,21969755,197468008.72,1.4752,-1.4317
2020-12-03,8.95,8.98,8.7,8.78,22704119,199972634.53,1.5245,-1.8994
2020-12-04,8.74,8.93,8.72,8.86,14940182,131814323.86,1.0032,0.9112
2020-12-07,8.83,8.9,8.75,8.75,13409689,118197905.27,0.9004,-1.2415
2020-12-08,8.75,8.81,8.66,8.66,11847288,103422558.22,0.7955,-1.0286
2020-12-09,8.66,8.7,8.41,8.43,20291660,173477332.28,1.3625,-2.6559
2020-12-10,8.4,8.5,8.35,8.42,11037230,92917214.91,0.7411,-0.1186
2020-12-11,8.43,8.45,8.2,8.28,15536185,129013879.03,1.0432,-1.6627
2020-12-14,8.26,8.4,8.19,8.34,9736891,81005919.38,0.6538,0.7246
2020-12-15,8.34,8.41,8.27,8.38,8589037,71797445.05,0.5767,0.4796
2020-12-16,8.38,8.39,8.22,8.28,9438503,78258539.72,0.6337,-1.1933
2020-12-17,8.28,8.41,8.1,8.4,13888980,114810903.19,0.9326,1.4493
2020-12-18,8.41,8.53,8.36,8.42,12994302,109732896.98,0.8725,0.2381
2020-12-21,8.38,8.56,8.37,8.51,12569897,106732593.1,0.844,1.0689
2020-12-22,8.48,8.48,8.19,8.22,15967210,132934815.33,1.0721,-3.4078
2020-12-23,8.21,8.46,8.21,8.46,16284034,136153811.64,1.0934,2.9197
2020-12-24,8.46,8.77,8.46,8.58,32728930,282212907.85,2.1976,1.4184
2020-12-25,8.5,8.68,8.41,8.59,18883373,161313168.33,1.2679,0.1166
2020-12-28,8.63,8.73,8.45,8.59,18087974,155299315.69,1.2145,0.0
2020-12-29,8.59,8.77,8.51,8.68,20987031,182213204.63,1.4092,1.0477
2020-12-30,8.88,8.97,8.59,8.77,29334478,257391677.97,1.9697,1.0369
2020-12-31,8.7,9.0,8.68,9.0,38935603,346369421.5,2.6143,2.6226
2021-01-04,9.1,9.35,8.93,9.24,61200959,560914108.75,4.1093,2.6667
2021-01-05,9.13,9.95,9.1,9.64,92402981,879417206.75,6.2044,4.329
2021-01-06,9.5,9.82,9.36,9.46,70812347,678381129.26,4.7547,-1.8672
2021-01-07,9.36,9.44,9.0,9.17,62286161,571806329.97,4.1822,-3.0655
2021-01-08,9.07,9.15,8.74,8.82,41738398,369639380.38,2.8025,-3.8168
2021-01-11,8.87,8.98,8.5,8.51,40966401,358614960.42,2.7507,-3.5147
2021-01-12,8.48,9.36,8.46,9.36,90079267,830567187.38,6.0483,9.9882
2021-01-13,9.38,9.45,9.02,9.28,79648866,737471476.64,5.348,-0.8547
2021-01-14,9.14,9.19,8.66,8.84,49767841,440414413.53,3.3416,-4.7414
2021-01-15,8.8,8.95,8.7,8.91,32317646,285187524.07,2.17,0.7919
2021-01-18,8.91,9.29,8.88,9.25,44114075,404541639.18,2.962,3.8159
2021-01-19,9.17,9.45,9.06,9.18,40690284,373648516.29,2.7321,-0.7568
2021-01-20,9.15,9.55,9.02,9.43,57667711,538344879.9,3.8721,2.7233
2021-01-21,9.43,9.62,9.29,9.4,57626771,545326900.02,3.8693,-0.3181
2021-01-22,9.31,9.49,9.23,9.32,37187216,347363467.13,2.4969,-0.8511
2021-01-25,9.33,9.5,9.12,9.14,39201352,364546539.13,2.6322,-1.9313
2021-01-26,9.1,9.1,8.56,8.61,42526960,370106483.98,2.8555,-5.7987
2021-01-27,8.57,8.67,8.47,8.56,18402898,157265463.7,1.2357,-0.5807
2021-01-28,8.43,8.47,8.25,8.3,24096499,200870386.8,1.618,-3.0374
2021-01-29,8.34,8.4,8.03,8.16,20434667,166755140.38,1.3721,-1.6867
2021-02-01,8.15,8.24,8.1,8.18,12225400,99835657.4,0.8209,0.2451
2021-02-02,8.18,8.26,8.1,8.21,12098605,99022687.04,0.8124,0.3667
2021-02-03,8.21,8.22,7.75,7.79,26525106,209682090.17,1.781,-5.1157
2021-02-04,7.77,7.9,7.5,7.64,17533173,134275210.07,1.1773,-1.9255
2021-02-05,7.69,7.84,7.61,7.68,9859823,75717682.1,0.662,0.5236
2021-02-08,7.67,7.74,7.6,7.67,8084611,62084995.44,0.5428,-0.1302
2021-02-09,7.74,7.9,7.68,7.86,12606894,98453849.33,0.8465,2.4772
2021-02-10,7.87,7.91,7.8,7.91,10734495,84369160.36,0.7208,0.6361
2021-02-18,7.96,8.1,7.96,8.01,14712076,118032174.37,0.9878,1.2642
2021-02-19,8.0,8.17,7.94,8.17,15021910,121469006.16,1.0086,1.9975
2021-02-22,8.16,8.32,8.08,8.11,20027577,164402329.38,1.3447,-0.7344
2021-02-23,8.07,8.25,7.98,8.15,18610316,151450887.97,1.2496,0.4932
2021-02-24,8.2,8.27,8.05,8.11,14879557,121297762.6,0.9991,-0.4908
2021-02-25,8.14,8.24,8.08,8.09,13759842,111962767.83,0.9239,-0.2466
2021-02-26,8.0,8.07,7.91,7.96,12759026,101843102.03,0.8567,-1.6069
2021-03-01,7.98,8.12,7.98,8.11,10520100,84604846.12,0.7064,1.8844
2021-03-02,8.13,8.15,8.01,8.11,11700267,94357964.97,0.7856,0.0
2021-03-03,8.1,8.14,8.05,8.14,9863204,79927405.12,0.6623,0.3699
2021-03-04,8.14,8.26,8.09,8.14,20489170,167397485.2,1.3757,0.0
2021-03-05,8.11,8.18,8.04,8.17,12453596,101245424.6,0.8362,0.3686
2021-03-08,8.17,8.22,8.0,8.01,15835326,128278999.59,1.0633,-1.9584
2021-03-09,8.0,8.01,7.62,7.82,14703027,115041822.69,0.9872,-2.372
2021-03-10,7.84,7.91,7.74,7.75,7222120,56218609.94,0.4849,-0.8951
2021-03-11,7.77,7.95,7.75,7.92,8707493,68382224.48,0.5847,2.1935
2021-03-12,7.92,7.93,7.82,7.87,7416743,58299119.21,0.498,-0.6313
2021-03-15,7.81,7.94,7.81,7.93,8195817,64600265.51,0.5503,0.7624
2021-03-16,7.93,7.96,7.87,7.92,6746752,53367252.94,0.453,-0.1261
2021-03-17,7.9,8.02,7.86,7.98,9465232,75301472.48,0.6355,0.7576
2021-03-18,8.05,8.17,8.05,8.13,21249708,172756940.85,1.4268,1.8797
2021-03-19,8.1,8.3,8.08,8.21,20892576,170962989.33,1.4028,0.984
2021-03-22,8.22,8.24,8.13,8.18,11026000,90165127.0,0.7403,-0.3654
2021-03-23,8.18,8.19,8.03,8.09,10624197,85939385.15,0.7134,-1.1002
2021-03-24,8.08,8.35,8.01,8.23,18538152,151189909.75,1.2447,1.7305
2021-03-25,8.14,8.18,8.06,8.1,12994292,105411652.75,0.8725,-1.5796
2021-03-26,8.05,8.14,8.05,8.09,9166822,74251270.74,0.6155,-0.1235
2021-03-29,8.13,8.35,8.11,8.21,20555909,169232011.55,1.3802,1.4833
2021-03-30,8.14,8.35,8.13,8.28,20925061,173163128.84,1.405,0.8526
2021-03-31,8.25,8.25,8.04,8.1,16823505,136088242.28,1.1296,-2.1739
2021-04-01,8.09,8.13,7.98,8.04,11760624,94489368.55,0.7897,-0.7407
2021-04-02,8.03,8.07,7.94,8.06,8312857,66546070.8,0.5582,0.2488
2021-04-06,8.08,8.2,8.06,8.15,14568306,118569311.57,0.9782,1.1166
2021-04-07,8.18,8.18,8.1,8.15,10864351,88458631.8,0.7295,0.0
2021-04-08,8.13,8.22,8.04,8.06,12167767,98559000.05,0.817,-1.1043
2021-04-09,8.08,8.14,8.0,8.03,9332458,75138677.58,0.6266,-0.3722
2021-04-12,8.03,8.05,7.93,7.97,9567000,76546628.0,0.6424,-0.7472
2021-04-13,7.94,8.0,7.83,7.86,9518643,75007089.92,0.6391,-1.3802
2021-04-14,7.85,7.93,7.84,7.91,5590675,44177946.4,0.3754,0.6361
2021-04-15,7.92,8.06,7.84,7.99,9473632,75350193.54,0.6361,1.0114
2021-04-16,7.97,8.1,7.93,8.1,11465839,92174096.22,0.7699,1.3767
2021-04-19,8.08,8.16,8.07,8.13,13643182,110795925.75,0.9161,0.3704
2021-04-20,8.13,8.18,8.06,8.11,14449802,117411001.76,0.9702,-0.246
2021-04-21,8.11,8.2,8.07,8.13,13873851,112868006.43,0.9316,0.2466
2021-04-22,8.08,8.11,7.98,7.99,17769883,142862870.35,1.1932,-1.722
2021-04-23,7.95,8.01,7.89,7.95,9408868,74701201.5,0.6318,-0.5006
2021-04-26,7.95,8.01,7.88,7.9,9799891,77866375.37,0.658,-0.6289
2021-04-27,7.89,7.94,7.76,7.78,10888583,84963954.55,0.7311,-1.519
2021-04-28,7.77,7.83,7.71,7.83,6899577,53644698.19,0.4633,0.6427
2021-04-29,7.79,7.87,7.78,7.82,6510619,50957075.88,0.4372,-0.1277
2021-04-30,7.84,7.84,7.71,7.74,8361425,64839692.48,0.5614,-1.023
2021-05-06,7.75,7.82,7.71,7.75,7112062,55237850.5,0.4775,0.1292
2021-05-07,7.75,7.76,7.7,7.72,8479109,65475968.12,0.5693,-0.3871
2021-05-10,7.71,7.78,7.63,7.78,11462034,88340127.21,0.7696,0.7772
2021-05-11,7.75,7.89,7.73,7.87,11573072,90538430.77,0.7771,1.1568
2021-05-12,7.85,7.87,7.79,7.86,7954970,62331609.72,0.5341,-0.1271
2021-05-13,7.81,7.93,7.8,7.84,9938462,78192813.72,0.6673,-0.2545
2021-05-14,7.9,8.03,7.83,8.03,17215384,136820437.11,1.1559,2.4235
2021-05-17,8.03,8.09,7.93,7.94,15833244,126574003.88,1.0631,-1.1208
2021-05-18,7.93,8.12,7.87,8.05,17258228,138679061.89,1.1588,1.3854
2021-05-19,8.07,8.1,7.97,8.0,11823445,94902277.08,0.7939,-0.6211
2021-05-20,8.0,8.08,7.92,8.02,11212322,89879964.18,0.7528,0.25
2021-05-21,8.02,8.04,7.85,7.86,12154691,96205910.45,0.8161,-1.995
2021-05-24,7.87,8.04,7.87,7.99,11557492,92229205.66,0.776,1.6539
2021-05-25,7.99,8.17,7.97,8.12,23019098,186230331.47,1.5456,1.627
2021-05-26,8.14,8.2,8.06,8.08,16202970,131551966.23,1.0879,-0.4926
2021-05-27,8.07,8.14,8.05,8.08,12215616,98820209.34,0.8202,0.0
2021-05-28,8.09,8.14,8.03,8.07,12434985,100529131.42,0.8349,-0.1238
2021-05-31,8.07,8.18,8.05,8.16,15978428,129912564.07,1.0729,1.1152
2021-06-01,8.16,8.18,8.09,8.12,12018159,97666445.92,0.807,-0.4902
2021-06-02,8.11,8.13,7.98,8.01,12182920,98080288.03,0.818,-1.3547
2021-06-03,8.01,8.06,7.95,7.96,11148557,89176816.6,0.7486,-0.6242
2021-06-04,7.93,8.02,7.92,7.96,7461034,59455896.07,0.501,0.2519
2021-06-07,8.0,8.07,7.98,8.02,10423118,83709273.42,0.6999,0.7538
2021-06-08,8.01,8.13,7.95,8.11,15782963,126991318.82,1.0597,1.1222
2021-06-09,8.12,8.19,8.05,8.08,14447680,117163917.32,0.9701,-0.3699
2021-06-10,8.08,8.19,8.04,8.19,21955819,178960594.1,1.4742,1.3614
2021-06-11,8.19,8.19,8.0,8.02,19344953,156318620.83,1.2989,-2.0757
2021-06-15,8.01,8.06,7.92,7.95,12504243,99772891.92,0.8396,-0.8728
2021-06-16,7.93,8.03,7.89,8.0,10380039,82664297.97,0.697,0.6289
2021-06-17,8.0,8.06,7.92,7.94,11694856,93146171.56,0.7852,-0.75
2021-06-18,7.9,8.08,7.81,8.07,18760991,149951811.13,1.2597,1.6373
2021-06-21,8.05,8.28,8.03,8.27,34352113,281446463.57,2.3066,2.4783
2021-06-22,8.31,8.35,8.19,8.26,26043257,215406467.44,1.7487,-0.1209
2021-06-23,8.28,8.32,8.17,8.27,18094297,149267196.18,1.2149,0.1211
2021-06-24,8.27,8.38,8.14,8.16,17535892,144430151.79,1.1774,-1.3301
2021-06-25,8.18,8.19,8.09,8.17,12567220,102439506.6,0.8438,0.1225
2021-06-28,8.15,8.22,8.09,8.15,12879115,105002293.82,0.8648,-0.2448
2021-06-29,8.15,8.18,7.88,7.9,22273187,178135032.99,1.4955,-3.0675
2021-06-30,7.87,7.95,7.82,7.94,13387089,105700789.36,0.8989,0.5063
2021-07-01,7.94,7.97,7.75,7.75,19615768,153498502.51,1.3171,-2.3929
2021-07-02,7.76,7.78,7.65,7.69,12485296,95975352.62,0.8383,-0.7742
2021-07-05,7.67,7.8,7.67,7.8,10673700,82635884.24,0.7167,1.4304
2021-07-06,7.77,7.83,7.72,7.78,9159400,71102836.64,0.615,-0.2564
2021-07-07,7.74,7.83,7.72,7.81,8051610,62654919.0,0.5406,0.3856
2021-07-08,7.81,7.91,7.77,7.82,13472009,105463764.19,0.9046,0.128
2021-07-09,7.78,7.79,7.7,7.77,11185723,86521649.0,0.7511,-0.6394
2021-07-12,7.82,7.86,7.77,7.85,11610954,90906781.88,0.7796,1.0296
2021-07-13,7.86,7.89,7.79,7.87,9812063,76930218.82,0.6588,0.2548
2021-07-14,7.86,7.88,7.75,7.79,9562077,74488484.96,0.642,-1.0165
2021-07-15,7.82,7.85,7.75,7.79,8770886,68401168.56,0.5889,0.0
2021-07-16,7.78,7.93,7.71,7.87,20957929,164367398.75,1.4072,1.027
2021-07-19,7.88,7.89,7.8,7.87,10898878,85454513.82,0.7318,0.0
2021-07-20,7.82,7.9,7.79,7.89,10278029,80787241.81,0.6901,0.2541
2021-07-21,7.89,7.93,7.81,7.87,13912401,109420980.77,0.9341,-0.2535
2021-07-22,7.83,7.83,7.76,7.8,12961359,100955400.02,0.8703,-0.8895
2021-07-23,7.79,7.9,7.71,7.86,20844035,162637519.81,1.3996,0.7692
2021-07-26,7.86,8.04,7.79,7.94,30309667,240132547.37,2.0351,1.0178
2021-07-27,7.9,8.08,7.84,8.0,34200252,273029303.15,2.2964,0.7557
2021-07-28,7.94,7.95,7.3,7.55,28960626,220155734.78,1.9446,-5.625
2021-07-29,7.55,7.63,7.48,7.57,15978653,121129056.51,1.0729,0.2649
2021-07-30,7.56,7.59,7.49,7.53,12714068,95731535.04,0.8537,-0.5284
2021-08-02,7.5,7.67,7.43,7.62,16916357,128740514.42,1.1358,1.1952
2021-08-03,7.62,7.77,7.59,7.65,15094075,115659775.98,1.0135,0.3937
2021-08-04,7.63,7.69,7.6,7.64,11274205,86173158.03,0.757,-0.1307
2021-08-05,7.61,7.92,7.58,7.83,29384278,229399195.31,1.973,2.4869
2021-08-06,7.8,8.03,7.73,7.99,28461035,224534043.94,1.911,2.0434
2021-08-09,8.02,8.09,7.93,8.0,22734491,181826382.04,1.5265,0.1252
2021-08-10,8.0,8.23,7.97,8.09,38444873,312239516.59,2.5814,1.125
2021-08-11,8.08,8.18,8.05,8.15,23869994,193716088.5,1.6027,0.7417
2021-08-12,8.15,8.18,7.99,8.03,20083146,161886268.32,1.3485,-1.4724
2021-08-13,8.03,8.25,8.0,8.11,23285870,189044897.84,1.5635,0.9963
2021-08-16,8.13,8.2,8.02,8.04,16784125,135639842.97,1.127,-0.8631
2021-08-17,8.05,8.06,7.85,7.9,24067197,190850819.11,1.616,-1.7413
2021-08-18,7.86,8.05,7.8,7.99,19557770,155829219.61,1.3132,1.1392
2021-08-19,7.96,8.15,7.9,8.1,25936554,209248441.62,1.7415,1.3767
2021-08-20,8.09,8.17,8.03,8.13,22618364,183478216.42,1.5187,0.3704
2021-08-23,8.16,8.29,8.14,8.27,36108167,297417142.25,2.4245,1.722
2021-08-24,8.17,8.25,8.07,8.21,26246616,213931476.49,1.7623,-0.7255
2021-08-25,8.21,8.39,8.14,8.33,35841140,296988900.9,2.4065,1.4616
2021-08-26,8.92,9.16,8.88,9.16,152364664,1385941578.06,10.2305,9.964
2021-08-27,8.97,9.07,8.65,8.83,103833336,916616739.17,6.9719,-3.6026
2021-08-30,8.79,9.4,8.79,9.25,99426536,910959874.45,6.676,4.7565
2021-08-31,9.3,9.3,9.0,9.16,57806781,525883159.5,3.8814,-0.973
2021-09-01,9.12,9.48,9.0,9.21,76030285,704634556.67,5.105,0.5459
2021-09-02,9.04,9.29,9.04,9.16,49205247,450766400.18,3.3039,-0.5429
2021-09-03,9.21,9.54,9.07,9.25,56586900,527690271.54,3.7995,0.9825
2021-09-06,9.25,9.5,9.15,9.25,43412792,403273951.1,2.9149,0.0
2021-09-07,9.16,9.94,9.14,9.6,72212519,692880928.1,4.8487,3.7838
2021-09-08,9.61,9.69,9.36,9.46,51642139,489193461.46,3.4675,-1.4583
2021-09-09,9.5,9.62,9.26,9.54,42853765,405123990.92,2.8774,0.8457
2021-09-10,9.54,9.55,9.21,9.23,43346533,405206623.82,2.9105,-3.2495
2021-09-13,9.13,9.39,9.11,9.27,33510672,311591865.57,2.2501,0.4334
2021-09-14,9.25,9.73,9.21,9.35,48449593,458357211.24,3.2531,0.863
2021-09-15,9.3,9.79,9.23,9.64,50350776,477525017.2,3.3808,3.1016
2021-09-16,9.5,9.68,9.25,9.29,40624562,383536722.45,2.7277,-3.6307
2021-09-17,9.37,9.43,8.91,9.11,37495770,343247085.95,2.5176,-1.9376
2021-09-22,8.9,9.26,8.9,9.24,26621247,243783632.1,1.7875,1.427
2021-09-23,9.29,9.55,9.15,9.48,37358795,350476211.79,2.5084,2.5974
2021-09-24,9.49,9.75,9.4,9.55,46059088,441905384.48,3.0926,0.7384
2021-09-27,9.61,9.76,9.01,9.28,45360328,426248615.25,3.0457,-2.8272
2021-09-28,9.39,9.88,9.32,9.82,64343049,624552912.63,4.3203,5.819
2021-09-29,9.68,9.72,9.19,9.21,61158134,573793121.67,4.1064,-6.2118
2021-09-30,9.25,9.58,9.25,9.44,38847771,368321268.91,2.6084,2.4973
2021-10-08,9.59,9.66,9.29,9.3,34042757,321593087.34,2.2858,-1.4831
2021-10-11,9.46,10.23,9.21,10.23,81475809,812422083.01,5.4707,10.0
2021-10-12,10.14,10.34,9.85,10.11,102087064,1031796455.85,6.8546,-1.173
2021-10-13,10.09,10.1,9.1,9.11,97208865,904587722.05,6.5271,-9.8912
2021-10-14,8.7,9.17,8.65,9.0,45093859,404302767.78,3.0278,-1.2075
2021-10-15,8.9,9.9,8.9,9.9,96062731,936603614.48,6.4501,10.0
2021-10-18,10.12,10.89,10.04,10.89,89983054,961908645.82,6.0419,10.0
2021-10-19,11.03,11.22,10.62,10.75,158865373,1728832846.42,10.667,-1.2856
2021-10-20,10.88,11.06,10.59,10.95,111987714,1217510943.82,7.5194,1.8605
2021-10-21,10.55,10.62,9.89,10.3,144145973,1468255890.06,9.6786,-5.9361
2021-10-22,10.26,10.3,9.68,9.69,83884799,831522250.81,5.6324,-5.9223
2021-10-25,9.62,9.81,9.42,9.73,70526837,681479029.61,4.7355,0.4128
2021-10-26,9.64,9.77,9.46,9.51,51280198,491229457.94,3.4432,-2.261
2021-10-27,9.78,9.92,9.19,9.27,58162242,548251683.25,3.9053,-2.5237
2021-10-28,9.17,10.2,9.1,10.2,98101279,972862294.41,6.587,10.0324
2021-10-29,10.33,10.42,9.93,10.18,118746444,1209798545.07,7.9732,-0.1961
2021-11-01,10.3,10.7,10.03,10.51,99222891,1035657323.87,6.6623,3.2417
2021-11-02,10.67,10.98,10.34,10.55,110282296,1171195104.51,7.4049,0.3806
2021-11-03,10.41,10.95,10.26,10.61,87793883,936207321.34,5.8949,0.5687
2021-11-04,10.56,10.68,10.35,10.59,72725556,766343080.52,4.8831,-0.1885
2021-11-05,10.73,11.12,10.46,10.48,92792318,994606184.54,6.2305,-1.0387
2021-11-08,10.51,10.65,10.29,10.32,58857778,614126360.24,3.952,-1.5267
2021-11-09,10.2,11.25,10.2,10.95,105303152,1144806196.77,7.0706,6.1047
2021-11-10,11.1,11.22,10.8,11.02,71767781,788300497.7,4.8188,0.6393
2021-11-11,10.8,11.38,10.8,11.15,73441282,814902465.29,4.9312,1.1797
2021-11-12,11.15,11.77,11.0,11.53,83870248,958241205.39,5.6314,3.4081
2021-11-15,11.45,12.15,11.24,11.37,90941073,1058986518.38,6.1062,-1.3877
2021-11-16,11.2,11.56,10.75,10.94,80393235,892661317.92,5.398,-3.7819
2021-11-17,10.86,11.09,10.66,11.01,52178479,569283668.72,3.5035,0.6399
2021-11-18,11.0,11.4,10.83,11.22,55126117,613627662.53,3.7014,1.9074
2021-11-19,11.25,11.35,10.9,11.01,48578603,539667748.9,3.2618,-1.8717
2021-11-22,11.11,11.14,10.8,11.07,52504032,576574932.59,3.5254,0.545
2021-11-23,11.0,11.13,10.82,10.99,43457500,476412347.81,2.9179,-0.7227
2021-11-24,11.02,11.31,10.94,11.06,41178400,456323039.96,2.7649,0.6369
2021-11-25,10.99,11.07,10.51,10.61,58153562,625275325.15,3.9047,-4.0687
2021-11-26,10.52,10.72,10.46,10.69,31886091,337815163.03,2.141,0.754
2021-11-29,10.55,10.71,10.31,10.67,41448711,436566079.26,2.7831,-0.1871
2021-11-30,10.67,11.13,10.61,10.81,57735122,630687600.09,3.8766,1.3121
2021-12-01,10.8,11.1,10.66,10.81,43111768,468147474.36,2.8947,0.0
2021-12-02,10.76,10.83,10.3,10.31,55508997,581311331.42,3.7271,-4.6253
2021-12-03,10.29,10.65,10.29,10.52,38265065,402543259.0,2.5693,2.0369
2021-12-06,10.46,10.71,10.38,10.44,36275270,381476972.97,2.4357,-0.7605
2021-12-07,10.38,10.53,9.98,10.1,45074551,457583972.58,3.0265,-3.2567
2021-12-08,10.12,10.4,10.1,10.35,31128407,320379596.97,2.0901,2.4752
2021-12-09,10.31,10.4,10.22,10.31,22203529,228545569.16,1.4909,-0.3865
2021-12-10,10.27,10.3,10.05,10.15,29459545,298060976.05,1.9781,-1.5519
2021-12-13,10.1,10.13,9.95,9.99,32379033,323869342.34,2.1741,-1.5764
2021-12-14,9.92,10.17,9.9,10.01,30224813,303516222.94,2.0294,0.2002
2021-12-15,9.97,10.07,9.93,9.99,18838942,188601562.6,1.2649,-0.1998
2021-12-16,10.01,10.24,10.01,10.13,26549513,269332885.99,1.7827,1.4014
2021-12-17,10.13,10.15,9.98,10.01,24060523,241382760.36,1.6155,-1.1846
2021-12-20,9.95,10.06,9.68,9.7,29025509,285506257.63,1.9489,-3.0969
2021-12-21,9.69,9.85,9.61,9.74,18893900,183349039.5,1.2686,0.4124
2021-12-22,9.76,10.18,9.7,10.17,37616037,376445056.3,2.5257,4.4148
2021-12-23,10.11,10.37,10.06,10.36,40879485,418390489.51,2.7448,1.8682
2021-12-24,10.3,10.39,10.11,10.36,29864024,306547312.13,2.0052,0.0
2021-12-27,10.27,10.42,10.17,10.23,20971996,215741530.35,1.4082,-1.2548
2021-12-28,10.19,10.23,10.07,10.18,16351176,165683594.46,1.0979,-0.4888
2021-12-29,10.19,10.68,10.15,10.67,55101456,579208641.97,3.6998,4.8134
2021-12-30,10.5,10.77,10.47,10.61,34789201,368973990.05,2.3359,-0.5623
2021-12-31,10.62,10.92,10.55,10.68,31706336,340290491.54,2.1289,0.6598
2022-01-04,10.68,10.99,10.62,10.84,32848427,356229940.67,2.2056,1.4981
2022-01-05,10.74,10.84,10.3,10.42,35304869,370998026.27,2.3705,-3.8745
2022-01-06,10.4,10.41,10.13,10.34,22199471,228436874.27,1.4906,-0.7678
2022-01-07,10.39,10.41,9.95,9.98,29436500,298158240.85,1.9765,-3.4816
2022-01-10,9.92,10.07,9.83,9.88,20199919,200927440.16,1.3563,-1.002
2022-01-11,9.92,9.98,9.76,9.78,18194892,179545625.76,1.2217,-1.0121
2022-01-12,9.81,9.95,9.81,9.94,14730591,145536633.0,0.9891,1.636
2022-01-13,9.9,9.94,9.77,9.85,14280783,140339365.51,0.9589,-0.9054
2022-01-14,9.8,9.93,9.63,9.69,20672200,201686268.23,1.388,-1.6244
2022-01-17,9.65,9.82,9.63,9.79,13577057,132519126.22,0.9116,1.032
2022-01-18,9.79,9.79,9.43,9.49,26813545,256050195.94,1.8004,-3.0644
2022-01-19,9.47,9.56,9.18,9.27,25417744,236863455.59,1.7067,-2.3182
2022-01-20,9.27,9.36,9.11,9.13,17350019,159355504.61,1.165,-1.5102
2022-01-21,9.1,9.14,8.96,9.0,18396300,166221962.0,1.2352,-1.4239
2022-01-24,8.94,9.15,8.9,9.09,10626391,96432005.18,0.7135,1.0
2022-01-25,9.19,9.27,8.77,8.8,22357631,201576340.33,1.5012,-3.1903
2022-01-26,8.85,9.16,8.81,9.1,22229368,201402943.15,1.4926,3.4091
2022-01-27,9.1,9.19,8.89,8.92,14248791,128778487.55,0.9567,-1.978
2022-01-28,8.99,9.08,8.82,9.01,13301981,119526146.76,0.8932,1.009
2022-02-07,9.14,9.24,9.07,9.18,16730156,153251014.18,1.1233,1.8868
2022-02-08,9.2,9.27,9.07,9.27,15565449,142802574.62,1.0451,0.9804
2022-02-09,9.28,9.34,9.2,9.29,15776550,146300570.38,1.0593,0.2157
2022-02-10,9.28,9.31,9.15,9.19,12658055,116574432.0,0.8499,-1.0764
2022-02-11,9.18,9.18,9.07,9.08,11588213,105695675.33,0.7781,-1.197
2022-02-14,9.09,9.38,9.09,9.28,19068460,176919469.7,1.2803,2.2026
2022-02-15,9.25,9.38,9.21,9.36,13130857,122242780.12,0.8817,0.8621
2022-02-16,9.23,9.27,9.13,9.2,16337721,150204941.36,1.097,-1.7094
2022-02-17,9.17,9.29,9.1,9.23,15715018,144640525.44,1.0552,0.3261
2022-02-18,9.18,9.21,9.11,9.2,9782410,89615026.32,0.6568,-0.325
2022-02-21,9.21,9.33,9.15,9.28,14031188,130069042.64,0.9421,0.8696
2022-02-22,9.41,9.43,9.24,9.31,22765974,212632119.0,1.5286,0.3233
2022-02-23,9.28,9.4,9.21,9.36,18505463,172419278.21,1.2425,0.5371
2022-02-24,9.33,10.08,9.3,9.86,73159651,711141008.12,4.9123,5.3419
2022-02-25,9.59,9.71,9.52,9.63,40577427,389879018.63,2.7246,-2.3327
2022-02-28,9.66,9.78,9.57,9.6,26133730,252386390.0,1.7547,-0.3115
2022-03-01,9.6,9.79,9.51,9.73,27605909,266608593.0,1.8536,1.3542
2022-03-02,9.82,9.84,9.7,9.74,20341546,198282501.0,1.3658,0.1028
2022-03-03,9.67,9.73,9.56,9.62,22519564,216864124.0,1.5121,-1.232
2022-03-04,9.65,9.83,9.6,9.77,32066139,311822384.0,2.1531,1.5593
2022-03-07,9.8,9.85,9.5,9.52,21401090,206703178.0,1.437,-2.5589
2022-03-08,9.48,9.55,8.91,9.0,27199697,249638524.0,1.8263,-5.4622
2022-03-09,9.0,9.09,8.2,8.69,33101350,288712928.0,2.2226,-3.4444
2022-03-10,8.79,9.03,8.74,8.92,19200539,171079296.0,1.2892,2.6467
2022-03-11,8.8,8.94,8.62,8.92,15039370,131854740.0,1.0098,0.0
2022-03-14,8.91,9.29,8.76,8.97,24831732,225309953.0,1.6673,0.5605
2022-03-15,8.95,8.96,8.39,8.39,23539461,204890765.0,1.5806,-6.466
2022-03-16,8.52,8.79,8.17,8.78,24288819,207267835.0,1.6309,4.6484
2022-03-17,8.83,9.0,8.83,8.85,19730726,175475105.0,1.3248,0.7973
2022-03-18,8.85,8.95,8.82,8.92,10795754,96144068.1,0.7249,0.791
2022-03-21,8.94,9.42,8.94,9.11,25572859,234715452.18,1.7171,2.13
2022-03-22,9.14,9.29,9.04,9.18,18350756,168048011.77,1.2322,0.7684
2022-03-23,9.14,9.24,9.08,9.12,12752466,116574939.62,0.8563,-0.6536
2022-03-24,9.1,9.12,8.92,8.92,12963677,116618425.7,0.8704,-2.193
2022-03-25,8.94,9.0,8.76,8.78,13164353,116597542.86,0.8839,-1.5695
2022-03-28,8.72,8.72,8.46,8.68,13638957,117309309.03,0.9158,-1.139
2022-03-29,8.73,8.79,8.48,8.54,12825648,110648494.8,0.8612,-1.6129
2022-03-30,8.54,8.65,8.49,8.64,11753584,100856959.11,0.7892,1.171
2022-03-31,8.63,8.65,8.5,8.53,10780791,92134549.37,0.7239,-1.2731
2022-04-01,8.5,8.57,8.44,8.55,10076719,85776885.59,0.6766,0.2345
2022-04-06,8.53,8.62,8.44,8.6,11300029,96344366.17,0.7587,0.5848
2022-04-07,8.53,8.71,8.48,8.53,15737485,135290968.47,1.0567,-0.814
2022-04-08,8.52,8.55,8.3,8.39,13647012,114549678.41,0.9163,-1.6413
2022-04-11,8.37,8.48,8.16,8.48,19100716,158917367.01,1.2825,1.0727
2022-04-12,8.46,8.73,8.28,8.71,22447689,191805735.08,1.5072,2.7123
2022-04-13,8.63,8.68,8.5,8.52,13998033,120250822.43,0.9399,-2.1814
2022-04-14,8.52,8.68,8.47,8.61,13547507,116239426.34,0.9096,1.0563
2022-04-15,8.56,8.74,8.39,8.58,17593879,150716327.2,1.1813,-0.3484
2022-04-18,8.49,8.67,8.45,8.64,13132202,112677013.47,0.8818,0.6993
2022-04-19,8.62,8.85,8.6,8.8,24724618,215966370.2,1.6601,1.8519
2022-04-20,8.76,8.87,8.58,8.61,16068304,139942536.68,1.0789,-2.1591
2022-04-21,8.55,8.68,8.3,8.3,16696861,141590744.67,1.1211,-3.6005
2022-04-22,8.21,8.25,8.07,8.08,13892087,113341232.47,0.9328,-2.6506
2022-04-25,8.0,8.0,7.3,7.33,23032918,175192339.25,1.5465,-9.2822
2022-04-26,7.36,7.46,7.05,7.06,16484691,119329187.93,1.1069,-3.6835
2022-04-27,6.92,7.55,6.88,7.54,16130726,116730659.45,1.0831,6.7989
2022-04-28,7.65,7.89,7.58,7.76,21704408,168232476.36,1.4573,2.9178
2022-04-29,7.81,8.03,7.68,7.98,17756847,140330961.38,1.1923,2.8351
2022-05-05,7.99,8.28,7.92,8.12,19596081,159864921.9,1.3158,1.7544
2022-05-06,7.95,8.2,7.84,8.02,15337100,123229505.39,1.0298,-1.2315
2022-05-09,7.98,8.26,7.96,8.14,10823605,88082373.4,0.7267,1.4963
2022-05-10,8.06,8.32,8.01,8.21,14649015,120452687.0,0.9836,0.86
2022-05-11,8.24,8.42,8.21,8.22,22646868,188283626.93,1.5206,0.1218
2022-05-12,8.2,8.36,8.13,8.26,10726039,88362910.62,0.7202,0.4866
2022-05-13,8.24,8.31,8.19,8.26,8283391,68330683.02,0.5562,0.0
2022-05-16,8.27,8.39,8.21,8.27,9967297,82548201.07,0.6693,0.1211
2022-05-17,8.23,8.51,8.15,8.33,11613782,96458091.66,0.7798,0.7255
2022-05-18,8.34,8.53,8.29,8.45,14610721,123100451.45,0.981,1.4406
2022-05-19,8.35,8.45,8.29,8.42,12016902,100570742.78,0.8069,-0.355
2022-05-20,8.48,8.53,8.38,8.45,10605500,89543223.0,0.7121,0.3563
2022-05-23,8.47,8.47,8.33,8.42,11338081,95085754.23,0.7613,-0.355
2022-05-24,8.41,8.57,8.0,8.02,19482842,161817997.58,1.3082,-4.5238
2022-05-25,8.02,8.26,8.02,8.22,12011639,97997103.35,0.8065,2.4938
2022-05-26,8.27,8.54,8.21,8.41,21456962,180423028.83,1.4407,2.3114
2022-05-27,8.45,8.53,8.36,8.44,17053101,144208680.04,1.145,0.3567
2022-05-30,8.55,8.9,8.5,8.85,34063705,297942586.38,2.2872,4.8578
2022-05-31,8.85,8.92,8.75,8.87,22410471,198377806.61,1.5047,0.226
2022-06-01,8.8,9.08,8.78,8.97,22526307,202164593.09,1.5125,1.1274
2022-06-02,8.97,9.07,8.88,8.99,17362519,155713546.04,1.1658,0.223
2022-06-06,9.14,9.14,8.9,9.0,22038100,197773098.69,1.4797,0.1112
2022-06-07,8.91,9.0,8.79,8.86,18041104,160017872.32,1.2114,-1.5556
2022-06-08,8.86,8.92,8.59,8.82,18493099,161974445.26,1.2417,-0.4515
2022-06-09,8.82,8.85,8.58,8.66,13169899,114243647.34,0.8843,-1.8141
2022-06-10,8.66,8.92,8.62,8.87,16745919,148052471.13,1.1244,2.4249
2022-06-13,8.87,8.96,8.73,8.82,14938073,132131414.31,1.003,-0.5637
2022-06-14,8.78,8.82,8.5,8.8,16675575,144961317.47,1.1197,-0.2268
2022-06-15,8.78,8.93,8.73,8.79,16824800,148935123.0,1.1297,-0.1136
2022-06-16,8.78,8.89,8.68,8.73,13122094,115172063.48,0.8811,-0.6826
2022-06-17,8.72,8.83,8.61,8.82,13694698,119634321.17,0.9195,1.0309
2022-06-20,8.84,8.87,8.67,8.73,16735146,146559489.83,1.1237,-1.0204
2022-06-21,8.7,8.72,8.45,8.53,16500273,141613467.88,1.1079,-2.291
2022-06-22,8.59,8.61,8.39,8.39,12045027,102207904.77,0.8088,-1.6413
2022-06-23,8.37,8.67,8.37,8.65,16869486,144231448.8,1.1327,3.0989
2022-06-24,8.66,8.87,8.62,8.79,19899558,174839213.71,1.3362,1.6185
2022-06-27,8.81,8.85,8.73,8.73,14604294,128294845.26,0.9806,-0.6826
2022-06-28,8.77,8.9,8.7,8.9,17558143,155428389.92,1.1789,1.9473
2022-06-29,8.88,8.9,8.62,8.63,16496764,144157830.69,1.1077,-3.0337
2022-06-30,8.62,8.77,8.6,8.62,12916359,111992279.97,0.8673,-0.1159
2022-07-01,8.64,9.39,8.63,8.97,47619952,430845517.87,3.1974,4.0603
2022-07-04,9.08,9.22,8.85,9.14,33922778,308172655.58,2.2777,1.8952
2022-07-05,9.15,9.16,8.9,9.11,24868248,224584582.1,1.6698,-0.3282
2022-07-06,9.13,9.23,8.98,9.14,23530706,213996727.63,1.58,0.3293
2022-07-07,9.17,9.31,9.14,9.26,32416737,298919293.6,2.1766,1.3129
2022-07-08,9.26,9.29,9.01,9.01,23436428,213275474.65,1.5736,-2.6998
2022-07-11,9.03,9.09,8.85,9.05,16793134,150669238.11,1.1276,0.444
2022-07-12,9.03,9.04,8.84,8.84,13941697,124364246.23,0.9361,-2.3204
2022-07-13,8.86,8.93,8.74,8.91,12018258,106164674.57,0.807,0.7919
2022-07-14,8.86,9.04,8.84,8.95,12656377,113425032.4,0.8498,0.4489
2022-07-15,8.9,9.23,8.87,9.13,30528962,278572477.54,2.0499,2.0112
2022-07-18,9.16,9.22,9.0,9.21,22597125,206207250.43,1.5173,0.8762
2022-07-19,9.2,9.36,9.09,9.33,26005479,239738652.25,1.7461,1.3029
2022-07-20,9.4,9.65,9.29,9.56,44835620,427180452.63,3.0105,2.4652
2022-07-21,9.52,9.53,9.26,9.27,31752380,297097236.78,2.132,-3.0335
2022-07-22,9.26,9.44,9.14,9.28,21174216,196453471.09,1.4217,0.1079
2022-07-25,9.29,9.38,9.08,9.16,17664506,162482888.54,1.1861,-1.2931
2022-07-26,9.18,9.48,9.15,9.48,26466219,248054517.35,1.7771,3.4934
2022-07-27,9.38,9.5,9.32,9.4,19470265,182770949.38,1.3073,-0.8439
2022-07-28,9.38,9.52,9.38,9.48,24795274,234437523.56,1.6649,0.8511
2022-07-29,9.45,9.45,9.22,9.31,23353621,217573152.49,1.5681,-1.7932
2022-08-01,9.36,9.56,9.28,9.41,26567077,250914146.56,1.7838,1.0741
2022-08-02,9.6,9.65,9.13,9.23,43638475,409577665.1,2.9301,-1.9129
2022-08-03,9.14,9.9,9.09,9.8,75893909,729812175.82,5.0959,6.1755
2022-08-04,9.73,9.74,9.49,9.56,38674922,369728380.0,2.5968,-2.449
2022-08-05,9.54,9.8,9.39,9.63,34904206,333346222.0,2.3436,0.7322
2022-08-08,9.55,9.8,9.48,9.73,33455015,324906132.0,2.2463,1.0384
2022-08-09,9.72,9.73,9.52,9.72,29023151,279192412.0,1.9488,-0.1028
2022-08-10,9.63,9.87,9.55,9.72,32446349,315533786.0,2.1786,0.0
2022-08-11,9.7,9.77,9.61,9.72,26431358,255864222.0,1.7747,0.0
2022-08-12,9.72,9.73,9.49,9.53,27946468,268154218.0,1.8765,-1.9547
2022-08-15,9.48,9.59,9.47,9.56,15842280,151147136.57,1.0637,0.3148
2022-08-16,9.56,9.6,9.37,9.41,21736281,206065110.53,1.4595,-1.569
2022-08-17,9.44,9.56,9.37,9.47,14977511,141667197.37,1.0057,0.6376
2022-08-18,9.46,9.49,9.36,9.37,15913329,149586988.36,1.0685,-1.056
2022-08-19,9.38,9.47,9.15,9.15,22470767,208301874.71,1.5088,-2.3479
2022-08-22,9.15,9.29,9.06,9.23,15021777,138394667.8,1.0086,0.8743
2022-08-23,9.19,9.23,8.96,9.01,21590321,195536958.94,1.4497,-2.3835
2022-08-24,9.03,9.07,8.75,8.75,18503213,164555532.77,1.2424,-2.8857
2022-08-25,8.76,8.86,8.64,8.83,13318765,116891115.56,0.8943,0.9143
2022-08-26,8.8,8.93,8.73,8.77,12269164,108414782.29,0.8238,-0.6795
2022-08-29,8.75,8.89,8.56,8.87,11024200,96988579.68,0.7402,1.1403
2022-08-30,8.8,9.07,8.8,8.96,15609093,139443500.77,1.0481,1.0147
2022-08-31,8.98,9.06,8.82,8.96,13707426,122623862.38,0.9204,0.0
2022-09-01,8.86,8.98,8.82,8.84,8169101,72684593.05,0.5485,-1.3393
2022-09-02,8.85,9.2,8.84,9.1,25412199,230059367.64,1.7063,2.9412
2022-09-05,9.07,9.07,8.73,8.8,30040447,266175913.08,2.0171,-3.2967
2022-09-06,8.75,8.84,8.62,8.83,17512983,153356956.65,1.1759,0.3409
2022-09-07,8.81,8.81,8.71,8.74,12197559,106779388.74,0.819,-1.0193
2022-09-08,8.71,8.84,8.69,8.77,10758025,94269507.45,0.7223,0.3432
2022-09-09,8.77,8.78,8.64,8.67,10803216,93861298.83,0.7254,-1.1403
2022-09-13,8.66,8.75,8.66,8.69,7728087,67193315.74,0.5189,0.2307
2022-09-14,8.53,8.67,8.48,8.56,11132373,95309902.72,0.7475,-1.496
2022-09-15,8.6,8.61,8.26,8.33,16015511,134702439.01,1.0754,-2.6869
2022-09-16,8.33,8.41,8.16,8.17,10796234,89672882.85,0.7249,-1.9208
2022-09-19,8.16,8.23,7.98,8.05,11731606,94959804.66,0.7877,-1.4688
2022-09-20,8.09,8.22,8.09,8.15,7484500,60947201.0,0.5025,1.2422
2022-09-21,8.11,8.26,8.03,8.21,7880650,64180094.5,0.5291,0.7362
2022-09-22,8.18,8.35,8.15,8.27,10146995,84037056.7,0.6813,0.7308
2022-09-23,8.25,8.36,8.05,8.16,10179800,83599217.0,0.6835,-1.3301
2022-09-26,8.07,8.18,7.93,7.94,10937088,88051312.72,0.7344,-2.6961
2022-09-27,7.89,8.14,7.89,8.12,9693027,77718537.71,0.6508,2.267
2022-09-28,8.1,8.16,7.92,7.92,7498341,60092614.66,0.5035,-2.4631
2022-09-29,7.93,8.05,7.68,7.75,13504056,105703640.47,0.9067,-2.1465
2022-09-30,7.73,7.81,7.65,7.69,7684507,59421434.09,0.516,-0.7742
2022-10-10,7.73,7.79,7.6,7.64,6615011,51016608.58,0.4442,-0.6502
2022-10-11,7.64,7.71,7.55,7.7,5900334,45113864.12,0.3962,0.7853
2022-10-12,7.7,7.88,7.56,7.87,9077002,70055613.68,0.6095,2.2078
2022-10-13,7.78,7.99,7.78,7.92,9461511,75015151.36,0.6353,0.6353
2022-10-14,7.95,8.04,7.93,8.0,9791576,78252255.94,0.6575,1.0101
2022-10-17,7.96,8.18,7.93,8.13,11395966,92403223.3,0.7652,1.625
2022-10-18,8.27,8.29,8.17,8.19,14384505,118132965.47,0.9658,0.738
2022-10-19,8.11,8.34,8.11,8.19,13246236,109149556.14,0.8894,0.0
2022-10-20,8.19,8.3,8.06,8.21,10304945,84373677.22,0.6919,0.2442
2022-10-21,8.19,8.3,8.13,8.2,7592084,62301140.48,0.5098,-0.1218
2022-10-24,8.28,8.37,8.15,8.2,15875144,131508073.41,1.0659,0.0
2022-10-25,8.14,8.28,8.1,8.28,10846941,89130001.14,0.7283,0.9756
2022-10-26,8.26,8.64,8.24,8.54,22400468,190608282.87,1.5041,3.1401
2022-10-27,8.64,8.7,8.51,8.53,18618825,159974213.16,1.2502,-0.1171
2022-10-28,8.59,8.6,8.31,8.36,16400800,138308478.0,1.1012,-1.993
2022-10-31,8.26,8.66,8.26,8.56,17712295,151671970.7,1.1893,2.3923
2022-11-01,8.66,9.42,8.66,9.26,65489222,597801585.19,4.3973,8.1776
2022-11-02,9.25,9.77,9.19,9.67,61253115,589047164.52,4.1128,4.4276
2022-11-03,9.58,9.7,9.48,9.67,25503899,244877694.06,1.7125,0.0
2022-11-04,9.67,10.15,9.67,10.0,45359159,453259883.37,3.0456,3.4126
2022-11-07,10.0,10.29,9.93,10.09,40324242,409217423.55,2.7076,0.9
2022-11-08,10.04,10.08,9.73,9.83,35654422,351769504.47,2.394,-2.5768
2022-11-09,9.85,9.92,9.57,9.69,26155305,253258603.5,1.7562,-1.4242
2022-11-10,9.72,9.99,9.64,9.75,22369762,219221194.37,1.502,0.6192
2022-11-11,9.94,9.99,9.5,9.7,29358742,285885630.03,1.9713,-0.5128
2022-11-14,9.67,9.99,9.56,9.72,20021120,195421382.79,1.3443,0.2062
2022-11-15,9.71,9.77,9.55,9.72,16594652,160888172.82,1.1142,0.0
2022-11-16,9.85,9.92,9.7,9.74,16973265,166167015.43,1.1397,0.2058
2022-11-17,9.71,9.8,9.59,9.78,14842139,144164714.03,0.9966,0.4107
2022-11-18,9.74,9.96,9.7,9.72,17075293,167747742.04,1.1465,-0.6135
2022-11-21,9.61,10.4,9.6,10.36,56483177,575351766.9,3.7925,6.5844
2022-11-22,10.33,10.52,10.25,10.28,30985526,321330207.19,2.0805,-0.7722
2022-11-23,10.37,10.54,10.06,10.23,25684530,263532490.83,1.7246,-0.4864
2022-11-24,10.15,10.35,9.91,10.0,22171119,222462170.18,1.4887,-2.2483
2022-11-25,9.99,10.01,9.76,9.88,15813103,156203743.15,1.0618,-1.2
2022-11-28,9.8,10.03,9.7,9.95,14003542,138244277.3,0.9403,0.7085
2022-11-29,9.9,10.04,9.88,9.97,12047949,120113081.25,0.809,0.201
2022-11-30,9.96,10.18,9.9,9.92,19724605,197461836.95,1.3244,-0.5015
2022-12-01,9.88,10.02,9.86,9.88,14527790,144289690.57,0.9755,-0.4032
2022-12-02,9.81,10.19,9.81,9.94,15503520,155356350.6,1.041,0.6073
2022-12-05,9.99,10.32,9.99,10.28,26240609,268515570.51,1.7619,3.4205
2022-12-06,10.21,10.59,10.21,10.47,22915984,239428285.11,1.5387,1.8482
2022-12-07,10.45,10.45,10.07,10.13,17182604,175651988.46,1.1537,-3.2474
2022-12-08,10.3,10.37,10.16,10.22,16453717,168606828.42,1.1048,0.8885
2022-12-09,10.27,11.24,10.24,11.24,75740210,832654894.5,5.0856,9.9804
2022-12-12,11.3,11.56,11.08,11.18,68836685,777849962.39,4.622,-0.5338
2022-12-13,11.19,11.23,10.7,10.74,39140912,425877043.63,2.6281,-3.9356
2022-12-14,10.77,10.88,10.6,10.76,21834663,234367526.49,1.4661,0.1862
2022-12-15,10.63,10.8,10.53,10.57,20872901,221882921.56,1.4015,-1.7658
2022-12-16,10.48,10.64,10.37,10.57,16426140,172514658.78,1.1029,0.0
2022-12-19,10.58,10.58,9.99,10.11,24742781,252737872.83,1.6613,-4.3519
2022-12-20,10.09,10.41,10.01,10.19,16119706,165817508.01,1.0824,0.7913
2022-12-21,10.17,10.36,9.87,9.96,17889112,180114688.78,1.2012,-2.2571
2022-12-22,9.98,10.1,9.63,9.78,15821562,156628607.49,1.0623,-1.8072
2022-12-23,9.77,9.85,9.66,9.82,11249902,109840204.5,0.7554,0.409
2022-12-26,9.84,10.32,9.84,10.32,17885600,181654328.51,1.2009,5.0916
2022-12-27,10.3,11.35,10.25,11.24,49086448,538076467.81,3.2959,8.9147
2022-12-28,11.13,11.48,10.77,10.83,33025486,363985217.34,2.2175,-3.6477
2022-12-29,10.92,11.74,10.74,11.45,54737793,623887786.46,3.6754,5.7248
2022-12-30,11.51,11.74,11.31,11.6,32390248,372772660.13,2.1748,1.31
2023-01-03,11.6,12.03,11.55,11.87,38515462,456206318.57,2.5861,2.3276
2023-01-04,11.8,12.79,11.7,12.65,58730014,724591069.93,3.9434,6.5712
2023-01-05,12.65,13.18,12.35,13.14,55720681,710170405.57,3.7414,3.8735
2023-01-06,13.14,13.18,12.84,13.05,45267661,588334348.49,3.0395,-0.6849
2023-01-09,12.91,12.99,12.66,12.8,41030349,525726771.02,2.755,-1.9157
2023-01-10,12.5,13.06,12.5,12.93,31351825,402697078.56,2.1051,1.0156
2023-01-11,12.9,12.96,12.31,12.31,42091444,525242144.21,2.8262,-4.7951
2023-01-12,12.38,12.6,12.28,12.45,24537900,305355171.0,1.6476,1.1373
2023-01-13,12.65,12.65,12.05,12.21,24302248,297302227.33,1.6318,-1.9277
2023-01-16,12.3,12.33,11.99,12.14,32575550,394990252.0,2.1873,-0.5733
2023-01-17,12.24,12.25,12.01,12.15,18569900,224643730.0,1.2469,0.0824
2023-01-18,12.1,12.33,12.0,12.16,28321923,343688635.57,1.9017,0.0823
2023-01-19,12.2,12.69,12.17,12.54,35792056,446982452.11,2.4032,3.125
2023-01-20,12.41,12.55,12.12,12.25,32685602,401857410.05,2.1947,-2.3126
2023-01-30,12.33,12.73,12.28,12.47,42430888,529746130.77,2.849,1.7959
2023-01-31,12.42,12.91,12.38,12.73,47426610,602429024.16,3.1844,2.085
2023-02-01,12.71,12.71,11.75,11.98,66699352,808528272.68,4.4785,-5.8916
2023-02-02,11.98,12.17,11.91,11.97,31387136,376664742.76,2.1075,-0.0835
2023-02-03,11.9,12.15,11.9,12.1,21654551,259726394.46,1.454,1.086
2023-02-06,12.02,12.65,11.99,12.27,37090495,458270209.03,2.4904,1.405
2023-02-07,12.26,12.43,12.1,12.29,23137372,283763445.15,1.5536,0.163
2023-02-08,12.27,12.3,11.98,11.98,20320602,244582285.22,1.3644,-2.5224
2023-02-09,11.93,12.34,11.93,12.17,25331451,308482378.49,1.7009,1.586
2023-02-10,12.1,12.32,12.04,12.26,20106433,245223331.58,1.35,0.7395
2023-02-13,12.33,12.64,12.26,12.35,33251700,413245521.13,2.2327,0.7341
2023-02-14,12.31,12.39,12.15,12.24,17986603,219659870.08,1.2077,-0.8907
2023-02-15,12.24,12.43,12.16,12.29,19626047,240794776.02,1.3178,0.4085
2023-02-16,12.27,12.27,11.72,11.82,29966362,359162694.14,2.0121,-3.8242
2023-02-17,11.86,11.95,11.48,11.6,30089544,350092359.78,2.0204,-1.8613
2023-02-20,11.6,11.64,11.39,11.58,22411314,258377666.02,1.5048,-0.1724
2023-02-21,11.64,12.19,11.53,11.91,40845812,482657948.75,2.7426,2.8497
2023-02-22,11.8,12.47,11.76,12.33,48644121,594625179.73,3.2662,3.5264
2023-02-23,12.29,12.3,12.11,12.18,26812800,326809949.37,1.8003,-1.2165
2023-02-24,12.23,12.98,12.23,12.89,79374849,1009447344.62,5.3296,5.8292
2023-02-27,12.91,13.06,12.6,12.73,52906253,675678757.96,3.5524,-1.2413
2023-02-28,12.65,12.78,12.47,12.61,30171176,380507383.51,2.0258,-0.9427
2023-03-01,12.59,12.6,12.37,12.51,29847238,372304585.97,2.0041,-0.793
2023-03-02,12.5,12.63,12.25,12.37,35612376,440826032.22,2.3912,-1.1191
2023-03-03,12.29,12.46,12.27,12.29,29588567,364777134.08,1.9867,-0.6467
2023-03-06,12.35,12.5,12.26,12.31,30095305,372270529.39,2.0207,0.1627
2023-03-07,12.28,12.32,11.75,11.8,33872120,406183320.32,2.2743,-4.143
2023-03-08,11.83,12.15,11.8,12.03,25746895,308808994.34,1.7288,1.9492
2023-03-09,12.04,12.15,11.95,11.98,17774019,213782710.11,1.1934,-0.4156
2023-03-10,11.92,12.29,11.8,11.97,27909862,336171362.28,1.874,-0.0835
2023-03-13,11.85,12.33,11.8,12.25,29883345,362572050.11,2.0065,2.3392
2023-03-14,12.2,12.57,11.95,12.12,39150891,478707256.37,2.6288,-1.0612
2023-03-15,12.15,12.38,12.03,12.14,22907923,278803842.42,1.5381,0.165
2023-03-16,12.08,12.09,11.59,11.67,29445100,345732246.0,1.9771,-3.8715
2023-03-17,11.74,11.96,11.67,11.69,18442296,217275242.78,1.2383,0.1714
2023-03-20,11.67,11.69,11.36,11.4,18862978,216012341.97,1.2665,-2.4808
2023-03-21,11.56,11.7,11.48,11.65,20755415,241250852.28,1.3936,2.193
2023-03-22,11.65,11.69,11.26,11.3,34300561,392289052.93,2.3031,-3.0043
2023-03-23,11.3,11.49,11.1,11.48,24383726,276170991.31,1.6372,1.5929
2023-03-24,11.38,11.42,11.18,11.32,21872914,247213864.88,1.4687,-1.3937
2023-03-27,11.32,11.45,11.08,11.11,23229500,260633697.03,1.5597,-1.8551
2023-03-28,11.1,11.16,10.89,10.93,19812109,217539515.06,1.3303,-1.6202
2023-03-29,10.9,11.0,10.6,10.65,20836202,223331249.2,1.399,-2.5618
2023-03-30,10.65,10.75,10.56,10.61,18140573,192885542.59,1.218,-0.3756
2023-03-31,10.64,10.84,10.62,10.79,16176329,173609589.53,1.0862,1.6965
2023-04-03,10.76,11.15,10.71,11.07,24852400,273820804.0,1.6687,2.595
2023-04-04,11.06,11.14,10.88,10.96,15605876,170988375.98,1.042,-0.9937
2023-04-06,10.95,11.06,10.87,11.03,12457510,136848027.86,0.8318,0.6387
2023-04-07,11.08,11.09,10.95,10.95,13210804,145572446.71,0.8821,-0.7253
2023-04-10,10.97,11.07,10.79,10.82,13659493,149253359.26,0.9121,-1.1872
2023-04-11,10.8,11.75,10.77,11.65,64996980,738846720.75,4.3399,7.671
2023-04-12,11.63,11.85,11.29,11.38,36633955,419754866.22,2.4461,-2.3176
2023-04-13,11.38,11.42,11.0,11.06,26491822,294397275.3,1.7689,-2.812
2023-04-14,11.02,11.23,10.92,11.17,16395078,181568595.08,1.0947,0.9946
2023-04-17,11.18,11.19,10.82,11.07,18308410,200985704.12,1.2225,-0.8953
2023-04-18,11.0,11.11,10.95,10.98,14372234,158479688.68,0.9596,-0.813
2023-04-19,10.98,11.53,10.95,11.34,33629066,379708607.17,2.2454,3.2787
2023-04-20,11.3,11.32,10.96,11.0,22604939,249704982.94,1.5093,-2.9982
2023-04-21,10.87,11.2,10.63,10.65,37644997,409048317.35,2.5136,-3.1818
2023-04-24,10.62,10.68,10.21,10.38,21960049,228260477.07,1.4663,-2.5352
2023-04-25,10.31,10.58,10.13,10.28,17019197,175842376.31,1.1364,-0.9634
2023-04-26,10.3,10.58,10.23,10.35,15917075,165397107.25,1.0628,0.6809
2023-04-27,10.39,10.95,10.22,10.67,25381748,268905753.68,1.6948,3.0918
2023-04-28,10.59,10.85,10.51,10.74,15769287,168351188.27,1.0529,0.656
2023-05-04,10.67,10.99,10.63,10.76,18627511,201740133.83,1.2438,0.1862
2023-05-05,10.75,10.79,10.44,10.53,15928596,168254561.96,1.0636,-2.1375
2023-05-08,10.53,10.88,10.51,10.77,22907953,246641410.0,1.5296,2.2792
2023-05-09,10.73,10.8,10.34,10.34,25278236,265898132.62,1.6878,-3.9926
2023-05-10,10.31,10.68,10.25,10.54,17929634,187948742.15,1.1972,1.9342
2023-05-11,10.54,10.55,10.24,10.32,17285161,178336499.21,1.1541,-2.0873
2023-05-12,10.32,10.33,10.03,10.08,14152517,143345337.61,0.945,-2.3256
2023-05-15,10.05,10.64,10.0,10.57,24278271,251808556.06,1.6211,4.8611
2023-05-16,10.6,10.82,10.46,10.53,15430766,164013074.58,1.0303,-0.3784
2023-05-17,10.53,10.81,10.5,10.76,18893913,202368988.57,1.2616,2.1842
2023-05-18,10.76,10.86,10.7,10.82,14360711,154876794.04,0.9589,0.5576
2023-05-19,10.85,10.88,10.59,10.68,10974615,117030908.3,0.7328,-1.2939
2023-05-22,10.65,10.7,10.51,10.67,7378302,78493787.18,0.4927,-0.0936
2023-05-23,10.64,10.73,10.56,10.57,8154190,86686516.2,0.5445,-0.9372
2023-05-24,10.47,10.74,10.42,10.63,9965323,105878484.12,0.6654,0.5676
2023-05-25,10.59,10.84,10.57,10.72,15190599,162713665.15,1.0143,0.8467
2023-05-26,10.72,10.72,10.51,10.65,9411157,99644730.75,0.6284,-0.653
2023-05-29,10.71,11.05,10.7,10.88,23855411,259787342.81,1.5928,2.1596
2023-05-30,10.83,10.93,10.69,10.88,13078601,141346796.45,0.8733,0.0
2023-05-31,10.84,10.97,10.81,10.92,11123602,121329221.53,0.7427,0.3676
2023-06-01,10.87,11.02,10.82,10.93,13894778,152211883.31,0.9278,0.0916
2023-06-02,10.93,11.04,10.68,10.71,17583202,189591461.62,1.174,-2.0128
2023-06-05,10.68,10.77,10.63,10.63,10677700,114223716.0,0.713,-0.747
2023-06-06,10.56,10.63,10.21,10.24,18929705,195975458.55,1.2639,-3.6689
2023-06-07,10.24,10.32,10.14,10.25,11132979,114004172.43,0.7434,0.0977
2023-06-08,10.27,10.59,10.19,10.48,18001911,187480404.4,1.202,2.2439
2023-06-09,10.45,11.18,10.44,11.04,49215520,537773009.05,3.2862,5.3435
2023-06-12,11.06,11.3,10.94,10.96,24307390,269941302.47,1.623,-0.7246
2023-06-13,10.96,11.14,10.8,11.05,16405695,181092481.14,1.0954,0.8212
2023-06-14,11.03,11.1,10.95,10.99,11742458,129338947.97,0.7841,-0.543
2023-06-15,10.91,11.0,10.84,10.89,12494871,136078575.77,0.8343,-0.9099
2023-06-16,10.93,11.07,10.9,11.03,14356987,158070876.37,0.9586,1.2856
2023-06-19,10.98,11.23,10.95,11.17,19648573,219443860.32,1.3119,1.2693
2023-06-20,11.12,11.44,11.06,11.35,27184322,306769387.24,1.8151,1.6115
2023-06-21,11.34,11.39,11.11,11.13,19876604,222826299.81,1.3268,-1.9383
2023-06-26,11.01,11.2,10.77,10.8,18858703,206377943.09,1.2588,-2.965
2023-06-27,10.79,11.04,10.78,10.99,11129676,121725295.92,0.7429,1.7593
2023-06-28,10.93,11.29,10.85,11.2,27670778,308014102.93,1.847,1.9108
2023-06-29,11.2,11.55,11.15,11.44,25043866,285584285.6,1.6717,2.1429
2023-06-30,11.43,11.64,11.3,11.49,22968620,263926493.61,1.5331,0.7895
2023-07-03,11.44,11.85,11.44,11.77,32601564,383079522.81,2.1761,2.4369
2023-07-04,11.75,12.05,11.63,11.95,36811261,437190916.33,2.4571,1.5293
2023-07-05,11.88,11.95,11.7,11.73,18476583,217698383.7,1.2333,-1.841
2023-07-06,11.65,11.8,11.61,11.71,12669975,148341913.51,0.8457,-0.1705
2023-07-07,11.7,11.71,11.44,11.63,13712692,158388882.24,0.9153,-0.6832
2023-07-10,11.63,11.83,11.55,11.67,11757402,137557110.28,0.7848,0.3439
2023-07-11,11.75,11.85,11.66,11.8,16328595,191827657.25,1.0899,1.114
2023-07-12,11.81,11.87,11.2,11.24,26928488,309319490.53,1.7975,-4.7458
2023-07-13,11.24,11.38,11.03,11.12,23997131,267903802.17,1.6018,-1.0676
2023-07-14,11.1,11.15,10.91,10.99,18943106,208595768.92,1.2644,-1.1691
2023-07-17,10.97,11.08,10.88,11.04,10068183,110781634.62,0.672,0.455
2023-07-18,11.0,11.17,10.86,11.04,13022726,143445961.52,0.8693,0.0
2023-07-19,11.05,11.1,10.94,10.98,9723100,107059207.17,0.649,-0.5435
2023-07-20,10.97,11.02,10.7,10.73,11723000,127144804.0,0.7825,-2.2769
2023-07-21,10.71,10.88,10.67,10.76,10852585,116789353.37,0.7244,0.2796
2023-07-24,10.6,10.88,10.57,10.74,8015720,86380895.32,0.535,-0.1859
2023-07-25,10.85,10.95,10.76,10.92,11030000,119833767.0,0.7362,1.676
2023-07-26,10.92,10.92,10.67,10.68,11056413,119201634.46,0.738,-2.1978
2023-07-27,10.64,10.87,10.61,10.67,12052932,129079861.76,0.8045,-0.0936
2023-07-28,10.61,10.61,10.2,10.48,32637972,338962657.9,2.1786,-1.7807
2023-07-31,10.46,10.63,10.45,10.55,16202774,170896258.13,1.0815,0.6679
2023-08-01,10.55,10.55,10.46,10.53,12179497,128014792.29,0.813,-0.1896
2023-08-02,10.5,10.57,10.43,10.52,17186594,180637342.39,1.1472,-0.095
2023-08-03,10.5,10.52,10.42,10.42,10633001,111339487.11,0.7097,-0.9506
2023-08-04,10.44,10.56,10.43,10.47,11183102,117248660.0,0.7465,0.4798
2023-08-07,10.49,10.52,10.36,10.36,10585170,110260341.53,0.7066,-1.0506
2023-08-08,10.37,10.4,10.23,10.26,9198750,94594656.0,0.614,-0.9653
2023-08-09,10.21,10.32,10.21,10.25,7592117,77784051.91,0.5068,-0.0975
2023-08-10,10.34,10.62,10.34,10.5,29061656,305720511.31,1.9399,2.439
2023-08-11,10.46,10.7,10.41,10.45,19584429,206940277.88,1.3073,-0.4762
2023-08-14,10.42,10.73,10.38,10.67,22039255,233642329.75,1.4711,2.1053
2023-08-15,10.62,10.65,10.26,10.28,20303533,211277660.48,1.3553,-3.6551
2023-08-16,10.19,10.43,10.19,10.24,11448201,118071763.94,0.7642,-0.3891
2023-08-17,10.21,10.69,10.03,10.68,29334952,308050435.26,1.9581,4.2969
2023-08-18,10.6,10.95,10.6,10.78,39098338,423056159.26,2.6098,0.9363
2023-08-21,10.79,10.95,10.52,10.55,20777710,222514764.76,1.3869,-2.1336
2023-08-22,10.55,10.75,10.34,10.66,19694981,208335736.08,1.3146,1.0427
2023-08-23,10.55,10.58,10.2,10.22,19807737,204357235.15,1.3222,-4.1276
2023-08-24,10.22,10.44,10.09,10.27,13416067,137687578.49,0.8955,0.4892
2023-08-25,10.21,10.26,9.87,9.9,19383995,194160943.69,1.2939,-3.6027
2023-08-28,10.4,10.42,10.08,10.09,21446082,220388745.06,1.4315,1.9192
2023-08-29,10.07,10.56,10.06,10.52,20923642,217877584.32,1.3966,4.2616
2023-08-30,10.52,10.66,10.33,10.46,15712833,164725589.1,1.0488,-0.5703
2023-08-31,10.44,10.49,10.34,10.37,9431925,98092733.25,0.6296,-0.8604
2023-09-01,10.4,10.5,10.3,10.42,10108213,105156879.69,0.6747,0.4822
2023-09-04,10.43,10.53,10.4,10.53,13879320,145404788.0,0.9264,1.0557
2023-09-05,10.5,10.69,10.47,10.55,18552675,196564089.8,1.2384,0.1899
2023-09-06,10.52,10.77,10.39,10.71,19134407,203411724.19,1.2772,1.5166
2023-09-07,10.7,11.0,10.64,10.67,26579803,288355797.83,1.7742,-0.3735
2023-09-08,10.64,11.09,10.63,11.06,32466252,355163177.1,2.1671,3.6551
2023-09-11,11.06,11.09,10.68,10.78,34225515,368793207.88,2.2845,-2.5316
2023-09-12,10.72,10.76,10.61,10.66,15097008,161219063.58,1.0077,-1.1132
2023-09-13,10.62,10.66,10.31,10.41,21667210,225960207.5,1.4463,-2.3452
2023-09-14,10.41,10.5,10.34,10.47,11745800,122503171.0,0.784,0.5764
2023-09-15,10.42,10.66,10.39,10.48,12759312,133783185.86,0.8517,0.0955
2023-09-18,10.44,10.53,10.33,10.51,16467180,171762813.07,1.0992,0.2863
2023-09-19,10.48,10.49,10.26,10.29,16180050,167027237.5,1.08,-2.0932
2023-09-20,10.26,10.34,10.21,10.23,6961400,71472197.0,0.4647,-0.5831
2023-09-21,10.2,10.37,10.15,10.23,12341900,126576494.0,0.8238,0.0
2023-09-22,10.18,10.43,10.18,10.41,14101466,146220314.8,0.9413,1.7595
2023-09-25,10.44,10.47,10.35,10.41,9953883,103763792.04,0.6644,0.0
2023-09-26,10.36,10.45,10.29,10.31,10097800,104517546.0,0.674,-0.9606
2023-09-27,10.33,10.49,10.3,10.34,10648847,110551362.24,0.7108,0.291
2023-09-28,10.32,10.42,10.32,10.4,10491065,108945574.35,0.7003,0.5803
2023-10-09,10.39,10.62,10.36,10.57,15731282,165803999.02,1.0501,1.6346
2023-10-10,10.55,10.73,10.53,10.7,17942104,191496632.76,1.1976,1.2299
2023-10-11,10.7,10.7,10.49,10.61,16376760,173312665.12,1.093,-0.8411
2023-10-12,10.55,10.71,10.54,10.65,10843922,115375158.8,0.7238,0.377
2023-10-13,10.59,10.67,10.5,10.51,10778000,113770941.98,0.7194,-1.3146
2023-10-16,10.52,10.9,10.49,10.7,23043220,246805545.63,1.538,1.8078
2023-10-17,10.62,10.76,10.53,10.69,13021856,138592697.48,0.8691,-0.0935
2023-10-18,10.65,10.95,10.64,10.75,23808453,257564654.53,1.5891,0.5613
2023-10-19,10.65,10.87,10.61,10.67,19535267,210229119.68,1.3039,-0.7442
2023-10-20,10.59,10.65,10.14,10.21,23073055,238664511.12,1.54,-4.3112
2023-10-23,10.2,10.32,10.0,10.06,15607717,158331767.9,1.0417,-1.4691
2023-10-24,10.11,10.14,9.85,9.95,20453311,203854282.86,1.3651,-1.0934
2023-10-25,9.99,10.38,9.99,10.23,24930687,256108680.97,1.664,2.8141
2023-10-26,10.0,10.32,9.22,10.22,63565346,616267121.18,4.2426,-0.0978
2023-10-27,10.01,10.19,9.71,10.0,45095555,448441941.99,3.0099,-2.1526
2023-10-30,9.95,11.0,9.95,11.0,57363901,616971489.42,3.8287,10.0
2023-10-31,10.9,11.36,10.78,11.1,52627102,584734956.13,3.5125,0.9091
2023-11-01,11.07,11.29,10.86,10.9,29627954,327315749.53,1.9775,-1.8018
2023-11-02,10.82,10.94,10.56,10.59,24171036,258409382.94,1.6133,-2.844
2023-11-03,10.54,11.3,10.54,11.15,38522989,426256112.52,2.5712,5.288
2023-11-06,11.12,11.19,10.96,11.07,31481200,347286675.4,2.1012,-0.7175
2023-11-07,11.02,11.19,10.97,11.14,22572575,250644426.16,1.5066,0.6323
2023-11-08,11.13,11.13,10.94,11.03,18007481,198046770.32,1.2019,-0.9874
2023-11-09,11.09,11.09,10.87,10.89,15414983,168662682.46,1.0289,-1.2693
2023-11-10,10.88,10.98,10.8,10.98,11605258,126648771.78,0.7746,0.8264
2023-11-13,11.0,11.82,10.93,11.74,64432302,739881049.01,4.3005,6.9217
2023-11-14,11.8,12.01,11.6,11.8,40528914,477389221.4,2.7051,0.5111
2023-11-15,11.78,11.94,11.55,11.63,25059574,292481372.23,1.6726,-1.4407
2023-11-16,11.56,11.72,11.5,11.57,19220024,222739498.21,1.2828,-0.5159
2023-11-17,11.53,11.68,11.41,11.66,17825334,206243889.08,1.1897,0.7779
2023-11-20,11.67,11.95,11.49,11.89,28020379,329951061.13,1.8702,1.9726
2023-11-21,11.9,11.92,11.5,11.55,22310411,260022062.22,1.4891,-2.8595
2023-11-22,11.46,12.02,11.45,11.78,31989836,376231918.38,2.1351,1.9913
2023-11-23,11.7,11.97,11.64,11.78,24660084,290628608.6,1.6459,0.0
2023-11-24,11.71,11.79,11.54,11.7,16351286,190715461.29,1.0913,-0.6791
2023-11-27,11.61,11.79,11.49,11.76,16770414,195690966.03,1.1193,0.5128
2023-11-28,11.69,11.88,11.6,11.71,14492266,169856884.61,0.9673,-0.4252
2023-11-29,11.75,12.05,11.61,11.8,26662352,315628078.44,1.7796,0.7686
2023-11-30,11.76,11.84,11.25,11.3,39611174,452526060.29,2.6438,-4.2373
2023-12-01,11.3,11.42,11.2,11.38,17367291,196493385.41,1.1592,0.708
2023-12-04,11.43,12.17,11.37,12.12,48565755,576833208.51,3.2415,6.5026
2023-12-05,12.1,12.21,11.87,11.91,33183385,398557660.05,2.2148,-1.7327
2023-12-06,11.91,12.11,11.65,12.05,33865881,403750972.23,2.2603,1.1755
2023-12-07,12.02,12.85,11.96,12.58,67547867,845478248.84,4.5084,4.3983
2023-12-08,12.53,12.61,12.27,12.38,33041606,409825255.92,2.2053,-1.5898
2023-12-11,12.32,12.68,12.1,12.65,28809517,359766392.04,1.9229,2.1809
2023-12-12,12.56,12.64,12.42,12.59,18003780,225662945.84,1.2016,-0.4743
2023-12-13,12.6,12.92,11.88,12.08,51713860,640007536.09,3.4516,-4.0508
2023-12-14,12.0,12.5,11.99,12.13,22692488,277121459.79,1.5146,0.4139
2023-12-15,12.13,12.32,11.86,11.87,19437477,233858050.02,1.2973,-2.1434
2023-12-18,11.94,12.03,11.33,11.42,38214341,440657544.06,2.5506,-3.7911
2023-12-19,11.39,11.51,11.15,11.26,21644356,243621261.78,1.4446,-1.4011
2023-12-20,11.31,11.36,11.13,11.23,14111562,158735605.6,0.9419,-0.2664
2023-12-21,11.16,11.42,10.98,11.41,18965902,213520799.38,1.2659,1.6028
2023-12-22,11.59,11.98,11.48,11.8,42239746,498115791.06,2.8192,3.4181
2023-12-25,11.8,12.23,11.75,11.96,23548940,280647377.24,1.5717,1.3559
2023-12-26,11.82,11.93,11.48,11.65,21330875,248306014.47,1.4237,-2.592
2023-12-27,11.7,11.82,11.51,11.76,16374500,190740739.0,1.0929,0.9442
2023-12-28,11.72,11.75,11.1,11.35,44702747,507653310.86,2.9836,-3.4864
2023-12-29,11.3,11.92,11.22,11.74,34131851,398490698.37,2.2781,3.4361
2024-01-02,11.77,12.65,11.74,12.15,41973176,513210134.64,2.8015,3.4923
2024-01-03,12.1,12.32,11.92,12.1,25963572,314235350.81,1.7316,-0.4115
2024-01-04,12.15,12.27,11.59,11.63,31395483,373265393.85,2.0939,-3.8843
2024-01-05,11.41,11.57,10.47,10.62,69513274,755571830.57,4.6361,-8.6844
2024-01-08,10.45,10.6,10.23,10.29,26460300,274240635.55,1.7647,-3.1073
2024-01-09,10.3,10.46,10.29,10.37,15658846,162509094.94,1.0443,0.7775
2024-01-10,10.33,10.47,10.03,10.32,15195117,156345511.73,1.0134,-0.4822
2024-01-11,10.32,10.58,10.2,10.49,15850122,165862722.56,1.0571,1.6473
2024-01-12,10.5,10.59,10.33,10.49,17131643,179555893.0,1.1426,0.0
2024-01-15,10.36,10.37,9.88,10.0,34989268,352138361.2,2.3336,-4.6711
2024-01-16,9.96,9.98,9.65,9.78,27727340,271074204.15,1.8492,-2.2
2024-01-17,9.79,9.88,9.52,9.52,19690245,191068225.59,1.3132,-2.6585
2024-01-18,9.45,9.52,9.03,9.36,29269735,270448395.45,1.9521,-1.6807
2024-01-19,9.39,9.4,9.13,9.13,14997958,138452068.86,1.0003,-2.4573
2024-01-22,9.13,9.14,8.47,8.55,29131835,255914248.95,1.9428,-6.3527
2024-01-23,8.5,8.81,8.43,8.75,20906953,181170473.57,1.3943,2.3392
2024-01-24,8.79,8.91,8.5,8.88,23655152,205898851.04,1.5775,1.4857
2024-01-25,8.88,9.31,8.77,9.26,25480266,231873846.04,1.6992,4.2793
2024-01-26,9.22,9.36,9.2,9.26,17689494,164197091.8,1.1797,0.0
2024-01-29,9.27,9.44,9.08,9.08,19279524,178471160.6,1.2857,-1.9438
2024-01-30,9.06,9.15,8.88,8.99,14617593,131849038.4,0.9748,-0.9912
2024-01-31,8.94,8.94,8.38,8.43,23180889,199913583.39,1.5459,-6.2291
2024-02-01,8.32,8.6,8.24,8.34,16443580,138186453.91,1.0966,-1.0676
2024-02-02,8.34,8.5,7.64,7.93,26312753,211633505.65,1.7548,-4.9161
2024-02-05,7.86,7.86,7.14,7.32,35286733,261425862.17,2.3532,-7.6923
2024-02-06,7.29,8.05,7.08,8.05,30421105,233927585.7,2.0287,9.9727
2024-02-07,8.07,8.79,8.07,8.65,42975904,367983784.87,2.866,7.4534
2024-02-08,8.66,9.28,8.58,9.0,33965015,307235227.01,2.2651,4.0462
2024-02-19,9.1,9.17,8.75,8.89,32238779,286948893.66,2.15,-1.2222
2024-02-20,8.87,8.99,8.72,8.98,18588051,165587959.85,1.2396,1.0124
2024-02-21,8.88,9.27,8.83,9.01,23869792,216556051.43,1.5918,0.3341
2024-02-22,8.97,9.16,8.92,9.08,23380247,211555574.59,1.5592,0.7769
2024-02-23,9.09,9.39,9.0,9.36,32424206,298885541.46,2.1623,3.0837
2024-02-26,9.34,9.45,9.21,9.27,26319231,244860786.37,1.7552,-0.9615
2024-02-27,9.25,9.69,9.17,9.58,26005302,245894781.7,1.7343,3.3441
2024-02-28,9.59,9.66,9.11,9.11,32648500,307865705.74,2.1773,-4.9061
2024-02-29,9.07,9.45,9.07,9.45,24466473,228754769.99,1.6316,3.7322
2024-03-01,9.48,9.68,9.43,9.63,23952768,229630028.46,1.5974,1.9048
2024-03-04,9.64,9.64,9.44,9.6,17245672,164685114.12,1.1501,-0.3115
2024-03-05,9.55,9.79,9.49,9.59,28406079,273634344.3,1.8944,-0.1042
2024-03-06,9.51,9.56,9.34,9.49,20922725,197808241.88,1.3953,-1.0428
2024-03-07,9.49,9.63,9.35,9.35,18027479,170787177.07,1.2022,-1.4752
2024-03-08,9.3,9.45,9.29,9.43,20056800,187810466.05,1.3376,0.8556
2024-03-11,9.42,9.48,9.36,9.48,20796789,195804358.93,1.3869,0.5302
2024-03-12,9.5,9.69,9.43,9.68,26852911,256708213.46,1.7908,2.1097
2024-03-13,9.68,9.85,9.55,9.68,24137204,233939136.64,1.6097,0.0
2024-03-14,9.65,9.72,9.44,9.54,17936925,172022986.85,1.1962,-1.4463
2024-03-15,9.51,9.6,9.44,9.58,13938175,132746544.95,0.9295,0.4193
2024-03-18,9.62,9.72,9.58,9.72,22498711,217268069.84,1.5004,1.4614
2024-03-19,9.7,9.71,9.61,9.62,22196154,214183580.36,1.4802,-1.0288
2024-03-20,9.6,9.68,9.55,9.67,21278769,204848902.04,1.4191,0.5198
2024-03-21,9.7,9.78,9.54,9.73,30924645,299042344.24,2.0623,0.6205
2024-03-22,9.67,9.67,9.34,9.42,24933714,236173512.95,1.6628,-3.186
2024-03-25,9.35,9.38,9.05,9.1,26461622,244597915.87,1.7647,-3.397
2024-03-26,9.1,9.17,8.88,9.0,20011816,180600730.68,1.3346,-1.0989
2024-03-27,9.0,9.0,8.57,8.57,22644970,197639628.93,1.5102,-4.7778
2024-03-28,8.58,9.03,8.57,8.94,24295175,215135290.57,1.6202,4.3174
2024-03-29,8.92,9.08,8.85,9.06,17482665,156885312.84,1.1659,1.3423
2024-04-01,9.19,9.27,9.08,9.2,18267500,167520618.0,1.2182,1.5453
2024-04-02,9.2,9.2,9.02,9.11,14826025,135124174.5,0.9878,-0.9783
2024-04-03,9.1,9.1,8.85,8.99,15850908,142133836.29,1.056,-1.3172
2024-04-08,8.9,9.06,8.86,8.87,14675560,131203606.84,0.9777,-1.3348
2024-04-09,8.81,8.97,8.8,8.88,14762900,131124991.8,0.9835,0.1127
2024-04-10,8.83,8.87,8.59,8.69,14290576,124484301.89,0.9521,-2.1396
2024-04-11,8.61,8.78,8.61,8.67,13743565,119602789.4,0.9156,-0.2301
2024-04-12,8.66,8.73,8.45,8.48,14106640,121079941.0,0.9398,-2.1915
2024-04-15,8.5,8.79,8.49,8.64,24188929,209572935.75,1.6115,1.8868
2024-04-16,8.64,8.64,8.12,8.16,25389071,210969273.72,1.6915,-5.5556
2024-04-17,8.2,8.49,8.2,8.49,21506354,181022125.99,1.4328,4.0441
2024-04-18,8.46,8.67,8.34,8.56,22858108,194975957.45,1.5229,0.8245
2024-04-19,8.49,8.79,8.45,8.73,29656540,256269088.0,1.9758,1.986
2024-04-22,8.78,9.03,8.6,8.92,47434900,421346043.59,3.1603,2.1764
2024-04-23,8.99,9.08,8.77,8.96,44813134,401159165.99,2.9856,0.4484
2024-04-24,8.85,9.15,8.82,9.08,43168523,388577379.35,2.876,1.3393
2024-04-25,8.98,9.05,8.83,8.88,30240600,269615832.24,2.0147,-2.2026
2024-04-26,8.82,9.0,8.82,8.91,32005502,285194819.82,2.1323,0.3378
2024-04-29,8.49,8.76,8.43,8.74,44702333,386308951.3,2.9782,-1.908
2024-04-30,8.73,8.78,8.39,8.53,36206393,309121607.57,2.4122,-2.4027
2024-05-06,8.6,8.83,8.57,8.62,29097676,252069929.12,1.9386,1.0551
2024-05-07,8.62,8.78,8.55,8.75,30574504,266574718.02,2.037,1.5081
2024-05-08,8.71,8.72,8.55,8.57,21360000,183799557.0,1.4231,-2.0571
2024-05-09,8.57,8.7,8.51,8.68,26033202,224555628.32,1.7344,1.2835
2024-05-10,8.68,8.76,8.52,8.58,22208800,190852204.0,1.4796,-1.1521
2024-05-13,8.51,8.75,8.38,8.59,31514497,271154659.43,2.0996,0.1166
2024-05-14,8.58,8.83,8.55,8.75,31338902,273457015.22,2.0879,1.8626
2024-05-15,8.72,8.75,8.62,8.64,16215244,140725220.28,1.0803,-1.2571
2024-05-16,8.65,8.72,8.51,8.54,18633651,160483644.52,1.2414,-1.1574
2024-05-17,8.53,8.69,8.49,8.68,21255090,183386452.54,1.4161,1.6393
2024-05-20,8.75,8.85,8.69,8.8,30185443,265465698.88,2.011,1.3825
2024-05-21,8.84,8.87,8.68,8.75,18803200,164596452.96,1.2527,-0.5682
2024-05-22,8.72,8.92,8.7,8.84,23237006,205582859.92,1.5481,1.0286
2024-05-23,8.83,9.27,8.83,9.06,60828435,553333931.65,4.0526,2.4887
2024-05-24,8.96,9.3,8.91,9.15,52554618,481305847.39,3.5013,0.9934
2024-05-27,9.19,9.5,9.06,9.36,57366958,533790803.25,3.822,2.2951
2024-05-28,9.26,9.46,9.11,9.29,35938244,333942102.48,2.3943,-0.7479
2024-05-29,9.33,9.51,9.16,9.3,31856728,297199529.93,2.1224,0.1076
2024-05-30,9.23,9.7,9.08,9.49,56447640,535075604.65,3.7607,2.043
2024-05-31,9.46,9.74,9.39,9.66,32000686,307132591.49,2.132,1.7914
2024-06-03,9.67,9.88,9.64,9.78,39929947,390485621.91,2.6602,1.2422
2024-06-04,9.8,9.88,9.54,9.63,27001557,261393374.92,1.7989,-1.5337
2024-06-05,9.8,10.59,9.8,10.59,57769299,604549941.71,3.8488,9.9688
2024-06-06,10.33,10.43,9.9,9.92,85004761,863658834.46,5.6633,-6.3267
2024-06-07,10.0,10.29,9.71,9.83,55560519,553537172.77,3.7016,-0.9073
2024-06-11,9.73,10.04,9.51,10.01,47679893,466000825.02,3.1766,1.8311
2024-06-12,9.91,10.26,9.82,10.12,44279052,446816964.2,2.95,1.0989
2024-06-13,10.03,10.2,9.92,10.06,31155900,312885592.1,2.0757,-0.5929
2024-06-14,9.96,10.12,9.72,9.85,26431400,261311734.17,1.7609,-2.0875
2024-06-17,9.8,9.94,9.7,9.8,20754200,203183744.0,1.3827,-0.5076
2024-06-18,9.75,9.92,9.72,9.78,21595900,211648458.84,1.4388,-0.2041
2024-06-19,9.78,9.89,9.5,9.51,27010906,260643669.84,1.7995,-2.7607
2024-06-20,9.47,9.5,9.15,9.16,28676283,265390622.26,1.9105,-3.6803
2024-06-21,9.1,9.21,8.82,8.85,25689157,229897070.72,1.7115,-3.3843
2024-06-24,8.83,8.88,8.46,8.62,28704430,247937075.9,1.9108,-2.5989
2024-06-25,8.59,8.68,8.48,8.56,18731915,160796379.94,1.2469,-0.6961
2024-06-26,8.53,8.77,8.45,8.76,17752763,152826667.44,1.1818,2.3364
2024-06-27,8.7,8.7,8.45,8.45,18845400,160796246.0,1.2545,-3.5388
2024-06-28,8.34,8.79,8.32,8.62,20795421,179269198.77,1.3843,2.497
2024-07-01,8.63,8.67,8.35,8.54,21767425,184490802.53,1.449,-0.9281
2024-07-02,8.48,8.56,8.3,8.37,19837497,167369253.74,1.3205,-1.9906
2024-07-03,8.37,8.39,8.12,8.26,22401662,183711076.97,1.4912,-1.3142
2024-07-04,8.26,8.33,8.02,8.05,15312657,124629926.28,1.0193,-2.5424
2024-07-05,8.01,8.13,7.88,8.11,14237000,113870810.0,0.9477,0.7453
2024-07-08,8.07,8.07,7.76,7.79,15593938,122642567.1,1.0381,-3.9457
2024-07-09,7.76,7.9,7.65,7.87,15059481,117475175.04,1.0025,1.027
2024-07-10,7.65,7.88,7.47,7.73,29378347,225500574.9,1.9557,-1.7789
2024-07-11,7.84,8.12,7.79,8.0,21596894,171846542.4,1.4377,3.4929
2024-07-12,8.01,8.07,7.91,7.93,9679262,76971607.84,0.6443,-0.875
2024-07-15,7.95,8.12,7.93,8.01,15680407,125605675.12,1.0438,1.0088
2024-07-16,7.96,8.03,7.83,7.99,12251592,97177536.91,0.8156,-0.2497
2024-07-17,7.95,7.99,7.89,7.94,7175838,56929109.2,0.4777,-0.6258
2024-07-18,7.9,8.28,7.8,8.23,24484098,197915298.04,1.6299,3.6524
2024-07-19,8.23,8.37,8.16,8.3,16646873,137719148.63,1.1082,0.8505
2024-07-22,8.25,8.69,8.23,8.6,28570962,242377903.62,1.9019,3.6145
2024-07-23,8.58,8.64,8.32,8.32,18408584,155495668.02,1.2254,-3.2558
2024-07-24,8.27,8.83,8.25,8.68,37446578,323574933.63,2.4927,4.3269
2024-07-25,8.55,8.76,8.53,8.67,18278802,158025298.32,1.2168,-0.1152
2024-07-26,8.66,8.94,8.64,8.88,25550402,225348233.68,1.7008,2.4221
2024-07-29,8.87,8.97,8.76,8.82,15777126,139659936.72,1.0503,-0.6757
2024-07-30,8.76,9.25,8.65,9.16,33171002,299134905.24,2.2081,3.8549
2024-07-31,9.11,9.26,9.01,9.18,25700300,235194403.1,1.7108,0.2183
2024-08-01,9.18,9.65,9.15,9.25,36503358,343327449.69,2.43,0.7625
2024-08-02,9.2,9.63,9.15,9.42,37695167,356026639.71,2.5093,1.8378
2024-08-05,9.33,9.58,8.91,8.92,37122835,340299062.61,2.4712,-5.3079
2024-08-06,9.07,9.53,8.89,9.31,36470862,337014580.26,2.4278,4.3722
2024-08-07,9.31,9.42,9.15,9.25,27435200,254308485.53,1.8263,-0.6445
2024-08-08,9.21,9.21,8.79,8.8,34271452,304844788.68,2.2814,-4.8649
2024-08-09,8.82,8.92,8.55,8.58,23971515,208399046.91,1.5957,-2.5
2024-08-12,8.53,8.56,8.25,8.3,22231597,185294642.86,1.4799,-3.2634
2024-08-13,8.28,8.41,8.26,8.41,12772300,106561042.0,0.8502,1.3253
2024-08-14,8.36,8.39,8.22,8.25,14399074,119231589.5,0.9585,-1.9025
2024-08-15,8.22,8.36,8.17,8.28,12205617,100920567.08,0.8125,0.3636
2024-08-16,8.35,8.35,8.16,8.2,10872200,89312350.0,0.7237,-0.9662
2024-08-19,8.18,8.29,8.15,8.21,9543854,78449423.39,0.6353,0.122
2024-08-20,8.21,8.25,8.03,8.18,15218796,123374097.6,1.0131,-0.3654
2024-08-21,8.18,8.35,8.13,8.21,15676889,129170294.62,1.0436,0.3667
2024-08-22,8.15,8.4,8.02,8.27,17891887,147286145.27,1.191,0.7308
2024-08-23,8.27,8.29,8.08,8.13,9693199,79020637.84,0.6453,-1.6929
2024-08-26,8.13,8.15,7.98,8.04,15531332,125030290.62,1.0339,-1.107
2024-08-27,8.04,8.08,7.96,7.99,8311697,66539634.98,0.5533,-0.6219
2024-08-28,7.95,8.31,7.93,8.25,17400181,142268770.94,1.1583,3.2541
2024-08-29,8.21,9.08,8.2,8.89,40027038,349404555.47,2.6645,7.7576
2024-08-30,8.88,8.93,8.73,8.84,22035300,194675251.53,1.4668,-0.5624
2024-09-02,8.81,8.94,8.71,8.72,14949500,132151902.0,0.9952,-1.3575
2024-09-03,8.72,8.86,8.66,8.74,10694042,93604256.24,0.7119,0.2294
2024-09-04,8.67,8.75,8.42,8.47,13144892,112397680.17,0.875,-3.0892
2024-09-05,8.49,8.58,8.43,8.5,6933920,58982912.8,0.4616,0.3542
2024-09-06,8.53,8.54,8.21,8.28,13368700,111749477.0,0.8899,-2.5882
2024-09-09,8.2,8.73,8.15,8.6,23621200,200393514.0,1.5724,3.8647
2024-09-10,8.58,8.59,8.36,8.55,11860700,100485997.5,0.7895,-0.5814
2024-09-11,8.53,8.62,8.41,8.46,9719750,82803449.48,0.647,-1.0526
2024-09-12,8.49,8.56,8.41,8.43,8573000,72639355.0,0.5707,-0.3546
2024-09-13,8.49,8.84,8.47,8.54,25038400,217258921.96,1.6668,1.3049
2024-09-18,8.75,9.17,8.64,8.9,38312380,342094156.36,2.5504,4.2155
2024-09-19,8.93,9.08,8.62,9.03,27048973,239742053.59,1.8006,1.4607
2024-09-20,8.96,9.15,8.82,8.96,20985949,188509561.87,1.397,-0.7752
2024-09-23,8.98,9.36,8.96,9.08,30184706,276360036.7,2.0093,1.3393
2024-09-24,9.06,9.19,8.9,9.05,36047824,325434224.54,2.3996,-0.3304
2024-09-25,9.03,9.52,9.03,9.3,42405711,393055152.4,2.8229,2.7624
2024-09-26,9.26,9.44,9.09,9.43,30148056,280393204.94,2.0069,1.3978
2024-09-27,9.48,10.06,9.35,10.0,33059693,321254207.36,2.2007,6.0445
2024-09-30,10.5,10.93,10.08,10.91,60113850,636766134.26,4.0017,9.1
2024-10-08,12.0,12.0,11.25,11.91,85182456,1005663202.48,5.6691,9.1659
2024-10-09,11.68,12.21,11.26,11.48,65692288,764372690.56,4.372,-3.6104
2024-10-10,11.65,11.74,10.97,11.03,53947329,610200939.24,3.5904,-3.9199
2024-10-11,11.0,11.0,10.03,10.17,53402371,551204812.98,3.5541,-7.7969
2024-10-14,10.34,10.89,10.26,10.82,50758984,540084114.63,3.3782,6.3913
2024-10-15,10.67,11.15,10.6,10.9,48115484,524851594.62,3.2022,0.7394
2024-10-16,10.78,10.88,10.45,10.58,29330744,312667812.21,1.952,-2.9358
2024-10-17,10.58,10.78,10.49,10.51,29761301,315775942.13,1.9807,-0.6616
2024-10-18,10.44,11.24,10.3,10.99,40529240,437902377.4,2.6973,4.5671
2024-10-21,11.22,11.8,11.22,11.4,54679990,630281036.61,3.6391,3.7307
2024-10-22,11.25,11.38,10.79,11.04,40709940,447944546.65,2.7094,-3.1579
2024-10-23,11.05,11.65,10.96,11.35,49461320,563941776.22,3.2918,2.808
2024-10-24,11.28,11.28,10.9,11.21,26858003,297726764.68,1.7875,-1.2335
2024-10-25,11.25,11.66,11.12,11.48,40817987,468372205.48,2.7166,2.4086
2024-10-28,11.51,11.95,11.42,11.66,40873274,475842431.51,2.7202,1.5679
2024-10-29,11.65,11.94,11.34,11.37,41173827,478539941.0,2.7402,-2.4871
2024-10-30,11.23,11.64,11.15,11.31,30298791,344709041.52,2.0165,-0.5277
2024-10-31,11.35,11.41,11.12,11.39,25810908,291492403.72,1.7178,0.7073
2024-11-01,11.26,11.38,10.65,10.88,34480002,376709286.72,2.2947,-4.4776
2024-11-04,10.82,11.25,10.82,11.02,22277764,245892346.12,1.4826,1.2868
2024-11-05,11.06,11.65,11.02,11.56,46945748,538392752.46,3.1244,4.9002
2024-11-06,11.75,12.24,11.39,11.97,70858729,836631535.68,4.7159,3.5467
2024-11-07,11.67,11.8,11.37,11.66,50625975,585461920.0,3.3693,-2.5898
2024-11-08,11.75,12.19,11.7,11.91,50023008,597296106.04,3.3292,2.1441
2024-11-11,12.05,12.67,11.81,12.4,79671204,971950496.46,5.3024,4.1142
2024-11-12,12.34,12.39,11.7,11.81,58676672,704842510.43,3.9051,-4.7581
2024-11-13,11.7,11.97,11.48,11.76,30312419,354930687.67,2.0174,-0.4234
2024-11-14,11.7,11.74,11.3,11.36,28140418,322793081.64,1.8728,-3.4014
2024-11-15,11.29,11.39,10.86,10.91,30083950,335004161.68,2.0022,-3.9613
2024-11-18,10.86,11.04,10.33,10.47,36361621,385807247.91,2.42,-4.033
2024-11-19,10.47,10.6,10.23,10.58,36291688,377991213.4,2.4153,1.0506
2024-11-20,10.56,10.9,10.4,10.68,32516473,344956462.71,2.1641,0.9452
2024-11-21,10.68,10.72,10.44,10.53,26107497,275821464.82,1.7375,-1.4045
2024-11-22,10.53,10.91,10.35,10.36,45187283,480678386.16,3.0073,-1.6144
2024-11-25,10.21,10.49,10.02,10.33,32148508,327591104.8,2.1396,-0.2896
2024-11-26,10.26,10.42,10.2,10.29,18497208,190563079.9,1.231,-0.3872
2024-11-27,10.21,10.66,10.08,10.65,29778641,310441395.22,1.9819,3.4985
2024-11-28,10.64,10.96,10.54,10.57,24512085,263023747.55,1.6314,-0.7512
2024-11-29,10.5,10.73,10.34,10.64,25442838,268709046.91,1.6933,0.6623
2024-12-02,10.64,10.86,10.61,10.84,20842502,224469689.62,1.3871,1.8797
2024-12-03,10.84,10.89,10.61,10.79,18220600,195940684.27,1.2126,-0.4613
2024-12-04,10.76,10.83,10.57,10.63,15430900,164759004.0,1.027,-1.4829
2024-12-05,10.62,10.71,10.5,10.62,20057504,212386764.32,1.3349,-0.0941
2024-12-06,10.64,10.79,10.56,10.7,19968363,213398414.1,1.329,0.7533
2024-12-09,10.65,10.66,10.37,10.41,21621900,226808395.0,1.439,-2.7103
2024-12-10,10.66,10.78,10.55,10.65,29389265,313544419.92,1.9559,2.3055
2024-12-11,10.61,10.83,10.56,10.75,19029704,204103995.86,1.2665,0.939
2024-12-12,10.82,11.36,10.81,11.2,63457772,709372993.72,4.2233,4.186
2024-12-13,11.11,11.11,10.75,10.77,33397202,363709040.74,2.2227,-3.8393
2024-12-16,10.72,10.87,10.5,10.56,21343774,228354722.25,1.4205,-1.9499
2024-12-17,10.57,10.65,10.33,10.34,17256601,180796794.08,1.1485,-2.0833
2024-12-18,10.38,10.55,10.35,10.46,13483549,141258518.41,0.8974,1.1605
2024-12-19,10.35,10.5,10.3,10.43,12450700,129339880.0,0.8286,-0.2868
2024-12-20,10.4,10.64,10.37,10.53,13496400,142331989.0,0.8982,0.9588
2024-12-23,10.58,10.68,10.36,10.37,23010126,241209370.04,1.5314,-1.5195
2024-12-24,10.37,10.55,10.31,10.43,11772441,122481565.4,0.7835,0.5786
2024-12-25,10.43,10.43,9.97,10.08,24956037,252917830.31,1.6609,-3.3557
2024-12-26,10.1,10.25,9.8,9.86,40552743,405025618.19,2.6989,-2.1825
2024-12-27,9.91,10.14,9.86,9.97,26386005,264166380.81,1.7561,1.1156
2024-12-30,9.91,10.09,9.84,9.88,17009800,169353711.0,1.1321,-0.9027
2024-12-31,9.9,9.96,9.7,9.76,19557213,192038424.66,1.3016,-1.2146
2025-01-02,9.75,9.78,9.24,9.35,20652457,196460085.76,1.3745,-4.2008
2025-01-03,9.36,9.4,9.03,9.05,19534900,179448831.0,1.3001,-3.2086
2025-01-06,9.02,9.14,8.94,9.03,14091200,127200861.0,0.9357,-0.221
2025-01-07,9.03,9.39,9.01,9.39,21887760,202632401.68,1.4533,3.9867
2025-01-08,9.7,9.9,9.43,9.6,39343042,382067762.14,2.6124,2.2364
2025-01-09,9.75,10.05,9.47,9.97,40482863,399507150.87,2.688,3.8542
2025-01-10,9.98,10.43,9.89,9.98,38896000,397298451.5,2.5827,0.1003
2025-01-13,9.9,10.35,9.86,10.16,27891711,283322360.76,1.852,1.8036
2025-01-14,10.24,10.39,10.07,10.38,29482354,302545652.46,1.9576,2.1654
2025-01-15,10.3,10.36,10.1,10.27,20261178,207306456.72,1.3453,-1.0597
2025-01-16,10.24,10.37,10.11,10.18,16726374,171124903.0,1.1106,-0.8763
2025-01-17,10.15,10.36,10.09,10.28,17641035,180570386.93,1.1714,0.9823
2025-01-20,10.39,10.39,10.18,10.32,13219845,136032788.85,0.8778,0.3891
2025-01-21,10.29,10.38,10.0,10.02,18037814,181909620.04,1.1977,-2.907
2025-01-22,9.99,10.19,9.83,10.13,17099259,171818241.76,1.1354,1.0978
2025-01-23,10.17,10.28,10.05,10.05,12627782,128365272.48,0.8385,-0.7897
2025-01-24,10.06,10.28,10.04,10.07,12599270,127715452.0,0.8366,0.199
2025-01-27,10.08,10.19,9.91,9.98,9741470,97743422.6,0.6468,-0.8937
2025-02-05,10.03,10.25,9.98,10.16,14125905,143206943.14,0.938,1.8036
2025-02-06,10.15,10.44,10.08,10.4,20950179,216730341.54,1.3911,2.3622
2025-02-07,10.37,10.49,10.21,10.33,24654431,255816416.74,1.637,-0.6731
2025-02-10,10.45,10.68,10.43,10.64,29480006,311581597.13,1.9575,3.001
2025-02-11,10.55,10.63,10.31,10.36,19114400,198383471.04,1.2692,-2.6316
2025-02-12,10.3,10.45,10.27,10.44,13968400,145038745.96,0.9275,0.7722
2025-02-13,10.43,10.51,10.26,10.31,14278854,147909631.06,0.9481,-1.2452
2025-02-14,10.29,10.34,10.2,10.31,13151319,135266661.7,0.8732,0.0
2025-02-17,10.29,10.37,10.13,10.25,18245320,186704907.6,1.2115,-0.582
2025-02-18,10.27,10.29,9.97,9.98,15169800,153688413.0,1.0073,-2.6341
2025-02-19,10.0,10.53,9.98,10.48,32683398,337867314.62,2.1702,5.01
2025-02-20,10.48,10.88,10.41,10.85,43016808,459235466.5,2.8563,3.5305
2025-02-21,10.75,10.98,10.62,10.8,32079972,346629184.14,2.1301,-0.4608
2025-02-24,10.71,11.05,10.63,10.83,26398646,285305530.94,1.7529,0.2778
2025-02-25,10.7,11.06,10.68,10.87,19579941,213926944.94,1.3001,0.3693
2025-02-26,10.81,11.08,10.81,10.96,22352362,245244055.56,1.4842,0.828
2025-02-27,10.89,10.94,10.49,10.66,23161602,247559407.32,1.5379,-2.7372
2025-02-28,10.65,10.7,10.43,10.45,15909704,167806825.5,1.0564,-1.97
2025-03-03,10.45,10.67,10.35,10.52,14281160,150196491.56,0.9483,0.6699
2025-03-04,10.51,11.3,10.49,11.09,47589740,524688827.26,3.1599,5.4183
2025-03-05,11.02,11.27,10.9,10.95,26783605,295212261.89,1.7784,-1.2624
2025-03-06,10.94,11.23,10.94,11.11,27674145,307669231.5,1.8376,1.4612
2025-03-07,11.11,11.57,11.09,11.23,38647318,437914873.66,2.5662,1.0801
2025-03-10,11.32,11.61,11.28,11.51,32298310,371340593.97,2.1446,2.4933
2025-03-11,11.33,11.93,11.27,11.92,49984804,585883643.53,3.319,3.5621
2025-03-12,12.03,12.35,11.74,11.78,62932090,755608697.37,4.1787,-1.1745
2025-03-13,11.8,11.95,11.48,11.85,36242990,423676482.88,2.4065,0.5942
2025-03-14,11.84,11.92,11.48,11.65,33412892,387632566.04,2.2186,-1.6878
2025-03-17,11.65,11.65,11.44,11.51,24367474,280496940.52,1.618,-1.2017
2025-03-18,11.53,11.66,11.4,11.43,21554293,247832776.11,1.4312,-0.695
2025-03-19,11.43,11.49,11.3,11.49,16930073,193101275.46,1.1242,0.5249
2025-03-20,11.44,11.66,11.33,11.53,22374400,258427411.96,1.4857,0.3481
2025-03-21,11.45,11.57,11.27,11.33,18992120,216619389.99,1.2611,-1.7346
2025-03-24,11.35,11.39,10.71,11.0,25414565,279212974.43,1.6875,-2.9126
2025-03-25,11.0,11.23,10.91,11.09,17413497,193892592.11,1.1563,0.8182
2025-03-26,11.06,11.2,10.92,10.98,14895100,164481253.0,0.989,-0.9919
2025-03-27,11.0,11.1,10.73,11.02,12091441,132389325.41,0.8029,0.3643
2025-03-28,10.99,11.21,10.96,10.98,13517301,149792363.01,0.8975,-0.363
2025-03-31,10.88,10.93,10.63,10.89,15659639,168893526.25,1.0398,-0.8197
2025-04-01,10.95,11.38,10.9,11.13,21218898,237299787.7,1.4067,2.2039
2025-04-02,11.1,11.14,10.93,10.98,13806400,152066534.2,0.9153,-1.3477
2025-04-03,10.88,11.3,10.87,11.15,17990428,200719349.95,1.1927,1.5483
2025-04-07,10.7,10.9,10.04,10.04,25603076,266238664.24,1.6974,-9.9552
2025-04-08,10.04,10.38,10.01,10.35,23871000,244242024.96,1.5825,3.0876
2025-04-09,10.3,11.38,10.21,11.21,55180024,607657656.6,3.6582,8.3092
2025-04-10,11.0,11.34,10.9,11.12,38797671,433961719.37,2.5721,-0.8029
2025-04-11,11.07,11.63,11.03,11.47,43683457,497589008.92,2.896,3.1475
2025-04-14,11.39,11.46,11.31,11.44,27471184,312776615.16,1.8212,-0.2616
2025-04-15,11.39,11.43,11.03,11.14,23421249,261142711.19,1.5527,-2.6224
2025-04-16,11.14,11.26,10.79,11.01,20723533,227526046.67,1.3739,-1.167
2025-04-17,10.94,11.32,10.92,11.08,19440362,217383587.24,1.2888,0.6358
2025-04-18,11.04,11.28,10.91,10.94,16661600,184204703.41,1.1046,-1.2635
2025-04-21,10.94,11.28,10.86,11.26,19555442,218111929.22,1.2964,2.925
2025-04-22,11.26,11.28,11.05,11.15,13952324,155739629.5,0.925,-0.9769
2025-04-23,11.18,11.21,10.92,11.0,16994704,186953562.87,1.1267,-1.3453
2025-04-24,10.97,11.19,10.8,11.01,16278952,178610305.86,1.0792,0.0909
2025-04-25,10.89,10.93,10.58,10.79,22341795,240322464.47,1.4812,-1.9982
2025-04-28,10.76,10.85,10.63,10.66,12311217,131810376.3,0.8162,-1.2048
2025-04-29,10.64,10.94,10.58,10.72,18760532,202165607.17,1.2437,0.5629
2025-04-30,10.76,11.15,10.76,11.12,27061440,297501029.12,1.794,3.7313
2025-05-06,11.26,11.5,11.09,11.45,28904836,328008178.6,1.9163,2.9676
2025-05-07,11.58,11.96,11.48,11.75,56462209,660855192.68,3.7432,2.6201
2025-05-08,11.65,11.96,11.59,11.92,45285637,536599332.25,3.0022,1.4468
2025-05-09,11.97,12.0,11.67,11.83,36670420,434325246.66,2.4311,-0.755
2025-05-12,11.7,12.33,11.66,12.17,71650800,867404906.72,4.7501,2.874
2025-05-13,12.0,12.11,11.78,11.81,41323107,492566704.07,2.7395,-2.9581
2025-05-14,11.78,11.9,11.56,11.65,27672654,323626287.9,1.8346,-1.3548
2025-05-15,11.62,11.64,11.31,11.36,24231912,277067332.83,1.6065,-2.4893
2025-05-16,11.3,11.6,11.2,11.28,28321373,322894980.57,1.8776,-0.7042
2025-05-19,11.35,11.68,11.27,11.59,31527779,362971564.63,2.0901,2.7482
2025-05-20,11.52,11.68,11.43,11.5,22859451,263828466.3,1.5155,-0.7765
2025-05-21,11.47,11.55,11.4,11.52,17887947,205452468.18,1.1859,0.1739
2025-05-22,11.5,11.8,11.4,11.59,25756644,299594023.44,1.7075,0.6076
2025-05-23,11.45,11.6,11.36,11.41,20325500,233018734.98,1.3475,-1.5531
2025-05-26,11.44,11.5,11.23,11.31,16910848,191397856.92,1.1211,-0.8764
2025-05-27,11.29,11.35,11.07,11.28,18405660,206037447.2,1.2202,-0.2653
2025-05-28,11.26,11.28,11.09,11.15,12812529,143029513.38,0.8494,-1.1525
2025-05-29,11.15,11.31,11.09,11.26,15903623,178528976.38,1.0543,0.9865
2025-05-30,11.21,11.27,11.05,11.18,15728885,175468581.22,1.0427,-0.7105
2025-06-03,11.25,11.35,11.14,11.21,18514045,207752511.67,1.2274,0.2683
2025-06-04,11.18,11.26,11.07,11.17,19937695,222733083.05,1.3218,-0.3568
2025-06-05,11.1,11.17,10.95,11.14,21047481,233450865.57,1.3953,-0.2686
2025-06-06,11.17,11.18,10.97,11.0,20673489,228286180.4,1.3706,-1.2567
2025-06-09,11.05,11.22,11.05,11.1,20367782,226530114.9,1.3503,0.9091
2025-06-10,11.06,11.1,10.8,10.93,21306889,233013515.33,1.4125,-1.5315
2025-06-11,10.93,11.2,10.87,11.16,24995459,276999622.01,1.6564,2.1043
2025-06-12,11.15,11.15,11.0,11.03,11503104,127354485.15,0.7623,-1.1649
2025-06-13,11.15,11.5,11.09,11.39,46732474,528373007.28,3.0968,3.2638
2025-06-16,11.44,11.73,11.27,11.69,49382383,570818583.0,3.2724,2.6339
2025-06-17,11.65,11.67,11.39,11.66,26612124,306873857.04,1.7635,-0.0857
2025-06-18,11.63,11.85,11.58,11.82,36476756,428415098.45,2.4172,1.3722
2025-06-19,11.71,11.79,11.49,11.7,29982247,348482009.75,1.9868,-1.0152
2025-06-20,11.66,11.99,11.61,11.71,33948737,400027965.34,2.2497,0.0855
2025-06-23,11.9,12.21,11.77,11.96,51454451,619264768.49,3.4097,2.1349
2025-06-24,11.51,11.91,11.46,11.81,40429420,474241802.46,2.6791,-1.2542
2025-06-25,11.81,12.99,11.81,12.99,50706054,652083934.29,3.3601,9.9915
2025-06-26,14.29,14.29,14.0,14.29,51153734,729889771.44,3.3898,10.0077
2025-06-27,15.0,15.44,14.13,14.17,244639066,3569997250.52,16.2113,-0.8397
2025-06-30,13.97,15.59,13.96,15.59,229850010,3425585973.49,15.2313,10.0212
2025-07-01,15.59,16.18,14.71,15.0,235088042,3612421161.04,15.5784,-3.7845
2025-07-02,14.7,14.94,14.0,14.11,135937725,1951791646.33,9.0001,-5.9333
2025-07-03,14.2,14.38,13.84,14.05,87470861,1226127696.93,5.7912,-0.4252
2025-07-04,14.0,14.2,13.86,14.01,69277615,970865355.39,4.5867,-0.2847
2025-07-07,14.02,14.26,13.73,14.16,75461526,1062413427.31,4.9961,1.0707
2025-07-08,14.0,14.1,13.82,14.1,60981505,852637660.63,4.0374,-0.4237
2025-07-09,14.16,14.88,14.07,14.41,106202179,1537548744.66,7.0314,2.1986
2025-07-10,14.23,14.23,13.79,14.06,67609776,942529242.32,4.4763,-2.4289
2025-07-11,14.18,14.8,14.18,14.63,112455302,1636041591.62,7.4454,4.0541
2025-07-14,14.62,14.96,14.44,14.63,69434808,1017240749.61,4.5971,0.0
2025-07-15,14.51,14.76,14.32,14.5,57154471,828046735.49,3.7841,-0.8886
2025-07-16,14.34,14.53,14.29,14.36,44408844,639975855.5,2.9402,-0.9655
2025-07-17,14.36,14.89,14.33,14.82,87494583,1289080394.93,5.7928,3.2033
2025-07-18,14.85,15.28,14.71,15.18,98198272,1469924712.96,6.5015,2.4291
2025-07-21,15.25,15.64,14.98,15.3,88637065,1356342214.84,5.8684,0.7905
2025-07-22,15.25,16.08,15.12,15.54,112501317,1759004867.89,7.4484,1.5686
2025-07-23,15.25,15.25,14.76,14.78,86349378,1290305195.58,5.717,-4.8906
2025-07-24,14.65,16.26,14.6,15.85,150226537,2350419951.87,9.9461,7.2395
2025-07-25,15.7,16.08,15.46,15.58,83983956,1310059553.1,5.5604,-1.7035
2025-07-28,15.68,16.55,15.66,16.46,124881629,2024259864.76,8.2681,5.6483
2025-07-29,16.3,17.7,16.16,17.65,144757302,2465586578.07,9.584,7.2296
2025-07-30,17.85,18.3,16.89,17.39,168597775,2960786203.88,11.1624,-1.4731
2025-07-31,17.01,18.16,17.01,17.88,147270710,2618238674.02,9.7504,2.8177
2025-08-01,17.63,17.63,16.45,16.62,119563526,2018340471.06,7.916,-7.047
2025-08-04,16.3,17.5,16.25,17.06,97797617,1673658530.66,6.4749,2.6474
2025-08-05,17.08,17.58,16.76,17.03,101799764,1742656949.22,6.7399,-0.1758
2025-08-06,17.0,18.17,16.82,18.1,146056794,2595275100.9,9.6701,6.283
2025-08-07,18.03,18.05,17.31,17.55,107363881,1879947312.2,7.1083,-3.0387
2025-08-08,17.32,17.76,17.05,17.4,83378538,1448167997.79,5.5203,-0.8547
2025-08-11,17.23,17.89,17.15,17.56,88435290,1550831534.02,5.8551,0.9195
2025-08-12,17.46,17.49,16.85,16.9,89671300,1527208160.14,5.9369,-3.7585
2025-08-13,16.85,17.74,16.78,17.45,114130439,1991727257.27,7.5563,3.2544
2025-08-14,17.44,17.64,16.51,16.7,107067497,1800673516.92,7.0887,-4.298
2025-08-15,16.51,16.54,16.13,16.43,75910120,1238124290.55,5.0258,-1.6168
2025-08-18,16.43,16.96,16.33,16.93,83833572,1394125380.83,5.5504,3.0432
2025-08-19,16.88,17.03,16.51,16.66,59880557,996886945.63,3.9645,-1.5948
2025-08-20,16.58,16.86,16.45,16.6,49876782,829210303.19,3.3022,-0.3601
2025-08-21,16.65,16.74,16.33,16.35,42087601,693255578.31,2.7865,-1.506
2025-08-22,16.35,16.56,16.01,16.55,60578513,987060552.92,4.0108,1.2232
2025-08-25,16.56,16.67,16.32,16.6,76166958,1258886444.25,5.0428,0.3021
2025-08-26,16.53,16.61,16.28,16.37,51901230,851855767.24,3.4363,-1.3855
2025-08-27,16.37,16.54,15.88,15.88,57460394,933097652.53,3.8043,-2.9933
2025-08-28,16.12,16.4,15.83,16.4,69975119,1131645705.56,4.6329,3.2746
2025-08-29,16.49,17.39,16.41,17.35,140565369,2384187343.01,9.3065,5.7927
2025-09-01,17.49,17.5,16.5,16.87,91740794,1541941076.8,6.0739,-2.7666
2025-09-02,16.89,16.89,16.07,16.41,62048433,1012639789.92,4.1081,-2.7267
2025-09-03,16.47,16.51,14.77,14.77,86594927,1326654353.34,5.7332,-9.9939
2025-09-04,14.5,14.57,13.48,13.9,96196196,1350777035.63,6.3689,-5.8903
2025-09-05,13.81,14.15,13.66,14.01,47087683,658691298.71,3.1176,0.7914
2025-09-08,14.03,14.09,13.76,13.92,54783650,759830176.38,3.6271,-0.6424
2025-09-09,13.95,13.98,13.58,13.69,36351695,499988697.43,2.4068,-1.6523
2025-09-10,13.69,13.94,13.63,13.83,30998443,428933642.17,2.0523,1.0226
2025-09-11,13.85,14.11,13.7,14.07,39538168,552300625.2,2.6177,1.7354
2025-09-12,14.08,14.39,14.02,14.2,42456515,605334104.05,2.8109,0.924
2025-09-15,14.27,14.4,14.12,14.24,33176947,472660915.91,2.1966,0.2817
2025-09-16,14.2,14.26,13.99,14.2,28127029,397509548.36,1.8622,-0.2809
2025-09-17,14.14,14.17,14.02,14.13,25083946,353580043.69,1.6607,-0.493
2025-09-18,14.13,14.27,13.7,13.91,39249361,551091273.92,2.5986,-1.557
2025-09-19,13.88,14.34,13.85,14.22,48033141,683229668.43,3.1802,2.2286
2025-09-22,14.2,14.34,14.12,14.3,30224836,430245527.07,2.0011,0.5626
2025-09-23,14.33,14.39,13.87,14.18,30844208,433017545.33,2.0421,-0.8392
2025-09-24,14.1,14.27,13.91,14.25,25565777,361853406.54,1.6926,0.4937
2025-09-25,14.12,14.25,14.11,14.13,21149213,299851653.64,1.4002,-0.8421
2025-09-26,14.15,14.56,14.12,14.39,46091106,663236928.82,3.0516,1.8401
2025-09-29,14.33,14.43,13.96,14.36,32053760,454684774.53,2.1222,-0.2085
2025-09-30,14.36,15.05,14.3,14.92,59308259,876128809.66,3.9267,3.8997
2025-10-09,14.9,14.93,14.47,14.9,45852114,674920829.94,3.0339,-0.134
2025-10-10,14.87,15.35,14.81,15.03,57085361,861360693.72,3.7772,0.8725
2025-10-13,14.66,15.39,14.56,15.38,59239751,900633879.54,3.9197,2.3287
2025-10-14,15.38,15.39,15.02,15.09,44621421,675870297.85,2.9525,-1.8856
2025-10-15,15.07,15.08,14.7,14.98,31839406,473370017.3,2.1067,-0.729
2025-10-16,14.91,15.09,14.6,14.63,28172637,417063780.92,1.8641,-2.3364
2025-10-17,14.63,14.78,14.18,14.24,26843774,387628772.33,1.7762,-2.6658
2025-10-20,14.32,14.52,14.2,14.47,23480606,337694476.62,1.5536,1.6152
2025-10-21,14.55,14.8,14.45,14.48,28550898,416736164.01,1.8891,0.0691
2025-10-22,14.48,14.49,14.24,14.28,18570453,266164335.16,1.2288,-1.3812
2025-10-23,14.27,14.37,13.9,14.37,21581610,303904737.75,1.428,0.6303
2025-10-24,14.46,14.98,14.45,14.79,51118174,755623484.81,3.3823,2.9228
2025-10-27,14.7,14.78,14.52,14.63,43004181,628584029.98,2.8455,-1.0818
2025-10-28,14.7,14.99,14.52,14.83,48123501,710711219.0,3.1842,1.3671
2025-10-29,14.82,14.82,14.6,14.68,33279394,487789312.44,2.202,-1.0115
2025-10-30,14.61,14.62,14.28,14.28,36522327,527128756.44,2.4166,-2.7248
2025-10-31,14.28,14.38,14.24,14.32,18766771,268554732.71,1.2417,0.2801
2025-11-03,14.32,14.32,14.0,14.17,24921683,351388256.91,1.649,-1.0475
2025-11-04,14.11,14.15,13.88,13.96,18701595,261969828.36,1.2374,-1.482
2025-11-05,13.83,14.01,13.8,13.93,16256195,226497685.91,1.0756,-0.2149
2025-11-06,13.97,14.26,13.97,14.15,21008362,297345117.99,1.3901,1.5793
2025-11-07,14.16,14.18,14.01,14.06,16199263,227591836.09,1.0719,-0.636
2025-11-10,14.1,14.12,13.96,14.02,13421207,188050490.07,0.888,-0.2845
2025-11-11,14.07,14.07,13.92,13.94,14581184,203922697.88,0.9648,-0.5706
2025-11-12,13.93,13.94,13.6,13.73,24037905,329070030.39,1.5905,-1.5065
2025-11-13,13.72,13.82,13.66,13.79,14686410,201953912.38,0.9718,0.437
2025-11-14,13.72,13.92,13.69,13.7,19418759,268098541.44,1.2849,-0.6526
2025-11-17,14.05,14.39,14.0,14.14,53220819,754711712.95,3.5215,3.2117
2025-11-18,14.14,14.14,13.7,13.73,27730840,382821760.64,1.8349,-2.8996
2025-11-19,13.72,13.98,13.66,13.87,25657325,354989857.84,1.6977,1.0197
2025-11-20,13.8,13.9,13.57,13.6,22540485,308102041.73,1.4914,-1.9466
2025-11-21,13.36,13.75,13.16,13.4,28499211,382651443.91,1.8857,-1.4706
2025-11-24,13.4,14.15,13.36,14.13,55544024,771297317.07,3.6752,5.4478
2025-11-25,14.0,14.2,13.84,14.08,36629278,514053477.63,2.4236,-0.3539
2025-11-26,14.0,14.02,13.65,13.68,30554949,420865200.75,2.0217,-2.8409
2025-11-27,13.66,13.72,13.56,13.6,16272900,221709070.0,1.0767,-0.5848
2025-11-28,13.63,13.73,13.51,13.73,14764540,201903624.22,0.9769,0.9559
2025-12-01,13.79,14.03,13.74,13.92,22148974,307950817.78,1.4655,1.3838
2025-12-02,13.86,13.99,13.76,13.84,17762185,246650767.7,1.1753,-0.5747
2025-12-03,13.84,13.85,13.57,13.6,19221684,262319978.34,1.2718,-1.7341
2025-12-04,13.58,13.72,13.54,13.6,15363600,209249803.96,1.0166,0.0
2025-12-05,13.57,13.86,13.44,13.84,24632684,337775858.87,1.6299,1.7647
2025-12-08,13.84,14.28,13.84,14.08,40766473,575854754.59,2.6974,1.7341
2025-12-09,14.0,14.3,13.95,14.14,34774661,493137589.82,2.3009,0.4261
2025-12-10,14.1,14.34,14.01,14.28,30503838,433684662.09,2.0183,0.9901
2025-12-11,14.34,14.43,14.05,14.06,33478201,476141573.92,2.2152,-1.5406
2025-12-12,14.1,14.2,13.98,14.16,26063777,367985976.44,1.7246,0.7112
2025-12-15,14.16,14.19,13.9,13.97,23748461,333375668.99,1.5714,-1.3418
2025-12-16,13.89,13.96,13.31,13.67,40653821,551133376.54,2.6899,-2.1475
2025-12-17,13.53,13.7,13.3,13.58,25903722,348839356.98,1.714,-0.6584
2025-12-18,13.48,13.98,13.41,13.81,28952412,399317223.5,1.9157,1.6937
2025-12-19,13.75,14.2,13.74,14.01,26287933,368765668.91,1.7394,1.4482
2025-12-22,14.07,14.5,14.0,14.38,49996556,718446619.63,3.3081,2.641
2025-12-23,14.38,14.4,13.96,14.04,32892539,464793570.39,2.1764,-2.3644
2025-12-24,13.93,14.5,13.93,14.41,41461116,594306119.6,2.7434,2.6353
2025-12-25,14.41,14.85,14.37,14.73,56302000,826390801.15,3.7253,2.2207
2025-12-26,14.66,15.08,14.58,14.89,66471847,983563231.81,4.3982,1.0862
2025-12-29,14.93,15.02,14.73,14.95,46398225,691612957.9,3.07,0.403
2025-12-30,14.8,15.44,14.75,15.0,66798016,1011573376.51,4.4198,0.3344
2025-12-31,14.95,15.57,14.86,15.42,78308450,1193652064.82,5.1814,2.8
2026-01-05,15.65,16.94,15.4,16.38,158537428,2552622673.94,10.4899,6.2257
2026-01-06,16.05,18.02,15.99,18.02,125214953,2155347100.65,8.2795,10.0122
2026-01-07,19.51,19.82,18.67,19.82,98432123,1908373366.04,6.5085,9.9889
2026-01-08,20.0,21.8,18.98,21.07,340024598,6879669969.39,22.4831,6.3068
2026-01-09,20.56,22.12,20.36,20.68,265987754,5609639644.35,17.5876,-1.851
2026-01-12,20.7,22.55,20.27,21.87,243650268,5243927772.59,16.1106,5.7544
2026-01-13,21.31,21.32,19.68,19.68,113564370,2259889131.67,7.5091,-10.0137
2026-01-14,18.76,19.68,18.33,18.65,182928643,3451916628.86,12.0956,-5.2337
2026-01-15,18.59,18.64,17.72,18.02,117734733,2131162238.93,7.7848,-3.378
2026-01-16,18.2,18.3,17.56,17.75,73912548,1317528059.55,4.8872,-1.4983
2026-01-19,17.69,18.16,17.53,17.94,66753564,1191428425.01,4.4139,1.0704
2026-01-20,17.95,18.08,17.17,17.4,70357457,1227698063.64,4.6522,-3.01
2026-01-21,17.26,17.45,17.09,17.15,48698805,840539988.5,3.2201,-1.4368
2026-01-22,17.07,17.57,17.04,17.56,60990997,1061293159.97,4.0328,2.3907
2026-01-23,17.56,18.16,17.4,17.91,105079029,1877839693.29,6.948,1.9932
2026-01-26,17.91,17.93,16.93,17.17,80125856,1386712687.08,5.2981,-4.1318
2026-01-27,17.06,17.48,16.87,17.45,49787639,857883349.31,3.2921,1.6308
2026-01-28,17.4,17.52,16.97,17.06,43892071,751963125.57,2.9022,-2.235
2026-01-29,17.0,17.27,16.81,16.85,46100652,784102216.04,3.0483,-1.2309
2026-01-30,16.78,16.9,16.12,16.5,48637369,800725909.16,3.216,-2.0772
2026-02-02,16.44,16.74,16.15,16.17,31230164,513806324.12,2.065,-2.0
2026-02-03,16.28,16.68,16.23,16.67,36400499,600640555.52,2.4069,3.0921
2026-02-04,16.6,16.86,16.48,16.71,34228835,570439827.48,2.2633,0.24
2026-02-05,16.58,16.78,16.42,16.54,24124186,399475409.87,1.5951,-1.0174
2026-02-06,16.46,16.66,16.38,16.46,22789801,376685426.3,1.5069,-0.4837
2026-02-09,16.6,17.27,16.6,16.96,49352557,834099087.7,3.2633,3.0377
2026-02-10,16.98,16.99,16.69,16.89,26146700,440848700.0,1.7289,-0.4127
2026-02-11,16.9,16.95,16.76,16.8,22665156,381684009.24,1.4987,-0.5329
2026-02-12,16.81,16.87,16.68,16.81,19264059,323707602.49,1.2738,0.0595
2026-02-13,16.8,17.05,16.66,16.71,31674404,533649731.09,2.0944,-0.5949
2026-02-24,16.85,17.24,16.77,17.15,40510730,692148052.04,2.6786,2.6332
2026-02-25,17.15,17.33,16.92,17.29,45696647,786797666.5,3.0216,0.8163
2026-02-26,17.31,17.34,17.11,17.24,30891024,531478565.27,2.0426,-0.2892
2026-02-27,17.22,17.32,17.05,17.15,34164692,586774459.26,2.259,-0.522
2026-03-02,17.82,18.87,17.71,18.87,173598633,3184449157.4,11.4787,10.0292
2026-03-03,19.22,19.22,17.7,17.72,136947756,2493961975.04,9.0552,-6.0943
2026-03-04,17.21,18.84,17.11,18.62,124681009,2273990505.92,8.2441,5.079
2026-03-05,18.25,18.81,18.2,18.41,87884618,1618416018.11,5.8111,-1.1278
2026-03-06,18.3,18.31,17.71,17.85,63854777,1143675372.29,4.2222,-3.0418
2026-03-09,17.87,18.07,17.25,17.37,60001403,1053027308.55,3.9674,-2.6891
2026-03-10,17.16,17.57,17.12,17.3,48741688,842108776.16,3.2229,-0.403
2026-03-11,17.3,17.33,16.75,16.75,58548066,988939703.45,3.8713,-3.1792
2026-03-12,16.68,16.68,16.25,16.36,44260848,727474053.43,2.9266,-2.3284
2026-03-13,16.25,16.57,15.98,16.09,33377645,541079184.38,2.207,-1.6504
2026-03-16,16.01,16.29,16.01,16.19,23840731,384957649.04,1.5764,0.6215
2026-03-17,16.22,16.25,15.56,15.59,37256206,590630156.39,2.4635,-3.706
2026-03-18,15.59,15.72,15.46,15.72,22080600,344268571.3,1.46,0.8339
2026-03-19,15.55,15.62,15.03,15.15,32066812,489374507.68,2.1203,-3.626
2026-03-20,15.15,15.23,14.62,14.63,29465893,439375972.49,1.9483,-3.4323
2026-03-23,14.3,14.46,13.66,13.77,42450205,597279840.37,2.8069,-5.8783
2026-03-24,13.96,14.58,13.82,14.57,55271863,791159141.34,3.6547,5.8097
2026-03-25,14.4,15.02,14.4,14.91,47569241,701547881.4,3.1454,2.3336
2026-03-26,14.92,14.93,14.43,14.55,29530038,431254126.32,1.9526,-2.4145
