日期,开盘,最高,最低,收盘,成交量,成交额,换手率,涨跌幅
2019-01-02,5.84,5.86,5.75,5.77,6416873,37324176.0,0.269277,-0.85911
2019-01-03,5.79,5.89,5.77,5.86,7818428,45711837.0,0.328092,1.559795
2019-01-04,5.8,6.03,5.79,6.02,12069997,71675842.0,0.506504,2.730373
2019-01-07,6.05,6.11,5.99,6.09,13191452,79864384.0,0.553565,1.162794
2019-01-08,6.05,6.09,6.02,6.03,8776526,53089032.0,0.368297,-0.985221
2019-01-09,6.03,6.13,6.02,6.03,12585773,76622643.0,0.528148,0.0
2019-01-10,6.03,6.08,5.97,5.99,9018286,54306775.0,0.378443,-0.663357
2019-01-11,5.98,6.07,5.98,6.06,8889966,53699984.0,0.373058,1.168617
2019-01-14,6.05,6.11,6.05,6.07,9164516,55731514.0,0.384579,0.16502
2019-01-15,6.06,6.11,6.03,6.1,9911684,60253351.0,0.415933,0.494229
2019-01-16,6.1,6.12,6.06,6.08,8396976,51070616.0,0.35237,-0.327869
2019-01-17,6.08,6.13,6.0,6.03,11999871,72697272.0,0.503562,-0.822364
2019-01-18,6.05,6.2,6.0,6.18,22505792,138326554.0,0.944431,2.487556
2019-01-21,6.24,6.24,6.12,6.16,14468652,89305065.0,0.607161,-0.323624
2019-01-22,6.16,6.18,6.06,6.08,11986024,73294909.0,0.50298,-1.2987
2019-01-23,6.06,6.14,6.05,6.11,8388475,51178983.0,0.352013,0.493424
2019-01-24,6.11,6.15,6.06,6.12,9060725,55313605.0,0.380223,0.163662
2019-01-25,6.12,6.14,6.03,6.03,11750947,71373398.0,0.493116,-1.470583
2019-01-28,6.08,6.13,6.03,6.05,10804467,65744690.0,0.453398,0.331675
2019-01-29,6.05,6.06,5.86,5.93,12929035,76822586.0,0.542553,-1.983477
2019-01-30,5.45,5.65,5.39,5.4,38998402,215178787.0,1.636525,-8.937601
2019-01-31,5.4,5.51,5.35,5.41,17636056,95892401.0,0.740078,0.185181
2019-02-01,5.42,5.57,5.42,5.55,11876795,65294048.0,0.498397,2.587807
2019-02-11,5.58,5.7,5.56,5.69,14610249,82385354.0,0.613103,2.52252
2019-02-12,5.69,5.75,5.64,5.71,12896748,73386097.0,0.541198,0.351494
2019-02-13,5.71,5.8,5.66,5.77,16782777,96396435.0,0.704271,1.050787
2019-02-14,5.8,5.85,5.76,5.78,13793890,80006412.0,0.578846,0.173314
2019-02-15,5.77,5.82,5.71,5.73,13010301,75024449.0,0.545963,-0.865055
2019-02-18,5.77,5.88,5.76,5.87,18147348,105762275.0,0.761534,2.443279
2019-02-19,5.87,5.93,5.8,5.85,17756285,104107056.0,0.745123,-0.340715
2019-02-20,5.87,6.04,5.87,5.94,27823110,165636866.0,1.167567,1.538464
2019-02-21,5.95,6.0,5.88,5.9,23462549,139499743.0,0.98458,-0.6734
2019-02-22,5.89,5.99,5.85,5.99,20268464,120271151.0,0.850544,1.525418
2019-02-25,6.05,6.42,6.03,6.39,55620884,347893319.0,2.33407,6.677798
2019-02-26,6.37,6.6,6.3,6.41,59461278,383853350.0,2.495228,0.312989
2019-02-27,6.38,6.49,6.29,6.35,36820043,236105995.0,1.545113,-0.936037
2019-02-28,6.39,6.45,6.34,6.39,18440413,117893314.0,0.773832,0.629921
2019-03-01,6.43,6.46,6.3,6.4,22705116,144709961.0,0.952795,0.156498
2019-03-04,6.43,6.58,6.4,6.46,37505028,243359564.0,1.573858,0.937499
2019-03-05,6.42,6.58,6.37,6.58,34992394,227449127.0,1.468418,1.857583
2019-03-06,6.58,6.77,6.52,6.76,57559413,383831359.0,2.415418,2.735567
2019-03-07,6.7,7.02,6.65,6.83,71167902,487475957.0,2.986484,1.035498
2019-03-08,6.69,6.88,6.48,6.49,59575836,398273577.0,2.500035,-4.97804
2019-03-11,6.49,6.68,6.46,6.65,34574337,227888657.0,1.450874,2.465336
2019-03-12,6.68,6.77,6.57,6.67,42242617,282825287.0,1.772665,0.300752
2019-03-13,6.67,6.72,6.5,6.53,35422973,234876494.0,1.486486,-2.098948
2019-03-14,6.49,6.71,6.37,6.47,33956733,221996560.0,1.424957,-0.918843
2019-03-15,6.48,6.59,6.46,6.54,25731319,167910921.0,1.079787,1.081919
2019-03-18,6.6,6.74,6.59,6.74,37264185,248693692.0,1.563751,3.058101
2019-03-19,6.72,6.74,6.61,6.67,28012532,186840589.0,1.175515,-1.038571
2019-03-20,6.68,6.88,6.62,6.78,51229492,345483000.0,2.14979,1.649177
2019-03-21,6.77,6.91,6.71,6.79,52011880,353745075.0,2.182622,0.147489
2019-03-22,6.77,6.78,6.59,6.69,37472200,249992393.0,1.57248,-1.472753
2019-03-25,6.56,6.64,6.51,6.52,30684564,201608100.0,1.287644,-2.541107
2019-03-26,6.56,6.58,6.35,6.37,30024051,193890647.0,1.259927,-2.300615
2019-03-27,6.42,6.44,6.28,6.36,20767251,131948480.0,0.871475,-0.156982
2019-03-28,6.32,6.37,6.26,6.28,19039231,120300347.0,0.798961,-1.25786
2019-03-29,6.29,6.47,6.28,6.46,28893830,184610805.0,1.212498,2.866239
2019-04-01,6.58,6.94,6.57,6.87,73087854,496342609.0,3.067052,6.346746
2019-04-02,6.89,6.99,6.82,6.91,60657817,418382688.0,2.545439,0.582241
2019-04-03,6.85,7.05,6.82,7.03,46745126,326416715.0,1.961608,1.736619
2019-04-04,7.1,7.22,6.97,7.08,57941643,411545917.0,2.431458,0.711233
2019-04-08,7.22,7.37,7.05,7.16,70983539,511752301.0,2.978747,1.129943
2019-04-09,7.1,7.17,7.0,7.07,40917911,289822749.0,1.717076,-1.256979
2019-04-10,7.09,7.17,6.97,7.1,36816770,260054023.0,1.544976,0.424324
2019-04-11,7.1,7.16,6.87,6.89,33021285,231604354.0,1.385702,-2.957747
2019-04-12,6.89,6.98,6.82,6.86,23026765,158702450.0,0.966293,-0.43541
2019-04-15,7.03,7.12,6.83,6.84,30125314,210903705.0,1.264176,-0.291545
2019-04-16,6.79,7.14,6.79,7.14,49490399,348128161.0,2.076811,4.385961
2019-04-17,7.09,7.17,7.05,7.08,32311345,229956328.0,1.35591,-0.840335
2019-04-18,7.09,7.21,7.02,7.03,29618452,210348149.0,1.242906,-0.706211
2019-04-19,6.41,6.63,6.41,6.52,136830806,886439067.0,5.741956,-7.254626
2019-04-22,6.44,6.48,6.35,6.38,69932229,447670902.0,2.93463,-2.147237
2019-04-23,6.38,6.41,6.21,6.24,52759271,332737165.0,2.213985,-2.194363
2019-04-24,6.24,6.3,6.18,6.3,39747924,247939999.0,1.667978,0.961545
2019-04-25,6.29,6.36,6.1,6.1,48489786,302978545.0,2.034821,-3.174608
2019-04-26,6.06,6.11,5.95,5.99,37814487,228420774.0,1.586844,-1.803281
2019-04-29,5.99,6.04,5.74,5.88,39153190,230353496.0,1.643021,-1.836388
2019-04-30,5.93,6.03,5.87,6.02,32785786,195664755.0,1.37582,2.38095
2019-05-06,5.83,5.94,5.63,5.73,41068181,238756979.0,1.723381,-4.817275
2019-05-07,5.75,5.82,5.71,5.8,22576753,130427461.0,0.947409,1.221643
2019-05-08,5.7,5.84,5.67,5.8,21231868,122698481.0,0.890972,0.0
2019-05-09,5.73,5.83,5.7,5.76,16665700,96117694.0,0.699358,-0.689654
2019-05-10,5.8,5.9,5.68,5.87,26206634,152768519.0,1.099733,1.909716
2019-05-13,5.81,5.86,5.77,5.83,17955356,104267000.0,0.753477,-0.68143
2019-05-14,5.76,5.96,5.73,5.89,24473926,144052053.0,1.027022,1.029159
2019-05-15,5.88,6.07,5.88,6.02,25135540,150889771.0,1.054786,2.207133
2019-05-16,6.02,6.18,6.01,6.11,25857838,158256259.0,1.085096,1.495019
2019-05-17,6.1,6.13,5.91,5.95,24345441,146272351.0,1.02163,-2.618663
2019-05-20,5.94,5.95,5.75,5.87,21805697,127164058.0,0.915052,-1.344537
2019-05-21,5.86,6.07,5.81,6.03,19691234,117916700.0,0.826321,2.725729
2019-05-22,6.03,6.06,5.92,5.99,15155985,90715017.0,0.636004,-0.663357
2019-05-23,5.93,5.97,5.82,5.84,18000874,105677941.0,0.755387,-2.504167
2019-05-24,5.81,5.95,5.8,5.86,11481286,67352177.0,0.4818,0.342465
2019-05-27,5.86,6.03,5.84,6.0,17053883,101438866.0,0.715648,2.389076
2019-05-28,5.98,6.03,5.96,5.99,17327988,103857253.0,0.72715,-0.16667
2019-05-29,5.96,6.07,5.95,6.01,16479171,99152206.0,0.69153,0.333898
2019-05-30,5.97,6.09,5.94,6.05,23071775,138822603.0,0.968182,0.665557
2019-05-31,6.03,6.11,6.0,6.04,18354581,111207624.0,0.77023,-0.165293
2019-06-03,6.05,6.05,5.93,5.95,14964982,89489091.0,0.627989,-1.490069
2019-06-04,5.97,6.01,5.86,5.89,15545234,92132167.0,0.652339,-1.008402
2019-06-05,5.95,6.01,5.93,5.97,12424988,74200368.0,0.521401,1.358233
2019-06-06,5.95,6.04,5.9,5.96,16770632,100311145.0,0.703761,-0.1675
2019-06-10,5.96,6.09,5.9,6.09,20360248,122625283.0,0.854396,2.18121
2019-06-11,6.09,6.28,6.05,6.22,25781206,159332366.0,1.08188,2.134641
2019-06-12,6.2,6.27,6.14,6.2,25513933,158438663.0,1.070664,-0.321543
2019-06-13,6.16,6.21,6.12,6.18,14519073,89558367.0,0.609277,-0.32258
2019-06-14,6.19,6.28,6.09,6.1,21169148,131099785.0,0.88834,-1.294497
2019-06-17,6.09,6.23,6.06,6.18,14940035,92169550.0,0.626942,1.311474
2019-06-18,6.18,6.2,6.1,6.14,9737537,59868766.0,0.408625,-0.647249
2019-06-19,6.25,6.29,6.13,6.16,16710552,103656050.0,0.70124,0.325733
2019-06-20,6.16,6.26,6.12,6.24,21985541,136369012.0,0.922599,1.2987
2019-06-21,6.25,6.38,6.23,6.29,32635238,206393704.0,1.369502,0.801285
2019-06-24,6.29,6.37,6.27,6.34,19638372,124065852.0,0.824103,0.794916
2019-06-25,6.34,6.47,6.32,6.41,36676703,234337395.0,1.539098,1.104096
2019-06-26,6.35,6.37,6.29,6.3,18763386,118785892.0,0.787385,-1.716063
2019-06-27,6.32,6.51,6.3,6.48,33030794,212113755.0,1.386101,2.85714
2019-06-28,6.47,6.47,6.3,6.38,19988052,127508213.0,0.838777,-1.543208
2019-07-01,6.46,6.47,6.38,6.44,18550756,119199437.0,0.778462,0.940438
2019-07-02,6.44,6.45,6.35,6.38,19619808,125194455.0,0.823324,-0.931676
2019-07-03,6.41,6.44,6.27,6.3,19410913,122852575.0,0.814558,-1.253917
2019-07-04,6.3,6.33,6.24,6.25,13948667,87589357.0,0.585341,-0.793654
2019-07-05,6.25,6.32,6.21,6.29,12211180,76497141.0,0.512429,0.639999
2019-07-08,6.26,6.26,6.05,6.05,17456940,106965235.0,0.732561,-3.815577
2019-07-09,6.06,6.1,6.02,6.06,8543836,51792706.0,0.358533,0.165285
2019-07-10,6.05,6.07,5.91,5.94,12051534,72146818.0,0.50573,-1.980196
2019-07-11,5.99,6.04,5.96,6.0,11836205,71107597.0,0.496693,1.0101
2019-07-12,5.99,6.03,5.96,5.98,9240824,55372682.0,0.387781,-0.333333
2019-07-15,5.98,6.12,5.92,6.08,16618520,100443987.0,0.697378,1.672239
2019-07-16,6.05,6.11,6.01,6.06,10363300,62787772.0,0.434885,-0.328947
2019-07-17,6.04,6.09,5.99,6.02,12423300,75036439.0,0.52133,-0.660065
2019-07-18,6.05,6.15,5.99,6.05,17535825,106256013.0,0.735872,0.498342
2019-07-19,6.09,6.19,6.05,6.15,27808662,170441704.0,1.16696,1.652891
2019-07-22,6.09,6.1,5.84,5.87,25125470,149337475.0,1.054363,-4.552849
2019-07-23,5.88,5.9,5.81,5.86,14065787,82361453.0,0.590255,-0.170353
2019-07-24,5.86,5.94,5.85,5.87,12804563,75399639.0,0.53733,0.170644
2019-07-25,5.87,5.88,5.81,5.84,11834061,69006745.0,0.496603,-0.511069
2019-07-26,5.81,5.83,5.76,5.81,10701062,61998391.0,0.4491,-0.5137
2019-07-29,5.82,5.84,5.77,5.79,8490294,49196336.0,0.356286,-0.344234
2019-07-30,5.81,5.9,5.8,5.86,11947477,69996650.0,0.5014,1.209
2019-07-31,5.85,5.86,5.8,5.85,8374901,48855470.0,0.3514,-0.1707
2019-08-01,5.82,5.84,5.77,5.79,7346777,42592536.0,0.3083,-1.0256
2019-08-02,5.72,5.73,5.67,5.72,12981414,73951600.0,0.5448,-1.209
2019-08-05,5.7,5.78,5.67,5.69,11097700,63547814.0,0.4657,-0.5245
2019-08-06,5.6,5.64,5.46,5.52,17837678,98922650.0,0.7485,-2.9877
2019-08-07,5.54,5.66,5.54,5.62,17175632,96539145.0,0.7208,1.8116
2019-08-08,5.71,5.75,5.63,5.66,12508712,70973994.0,0.5249,0.7117
2019-08-09,5.69,5.77,5.62,5.63,11507641,65503053.0,0.4829,-0.53
2019-08-12,5.79,5.84,5.67,5.73,18354122,105419952.0,0.7702,1.7762
2019-08-13,5.7,5.84,5.7,5.83,25796046,149400035.0,1.0825,1.7452
2019-08-14,5.79,5.82,5.75,5.76,15288167,88310123.0,0.6416,-1.2007
2019-08-15,5.68,5.69,5.57,5.68,17823082,100471670.0,0.7479,-1.3889
2019-08-16,5.67,5.72,5.66,5.67,11499393,65382730.0,0.4826,-0.1761
2019-08-19,5.69,5.82,5.65,5.81,17324863,99416509.0,0.727,2.4691
2019-08-20,5.8,5.88,5.77,5.81,16594607,96809156.0,0.6964,0.0
2019-08-21,5.78,5.85,5.78,5.82,10763437,62514633.0,0.4517,0.1721
2019-08-22,5.82,5.83,5.75,5.79,13608948,78595656.0,0.5711,-0.5155
2019-08-23,5.77,5.79,5.72,5.73,11744400,67573382.0,0.4928,-1.0363
2019-08-26,5.63,5.69,5.62,5.66,13481177,76231967.0,0.5657,-1.2216
2019-08-27,5.68,5.81,5.65,5.76,19360639,111263209.0,0.8124,1.7668
2019-08-28,5.77,5.81,5.73,5.76,10750175,62012662.0,0.4511,0.0
2019-08-29,5.77,5.77,5.7,5.72,12746356,73028687.0,0.5349,-0.6945
2019-08-30,5.75,5.77,5.6,5.63,18804389,106853598.0,0.7891,-1.5734
2019-09-02,5.79,5.94,5.75,5.89,42589538,249760026.0,1.7872,4.6181
2019-09-03,5.9,5.91,5.83,5.86,22884751,134185394.0,0.9603,-0.5093
2019-09-04,5.86,5.95,5.84,5.93,27853740,164137406.0,1.1689,1.1945
2019-09-05,5.99,6.05,5.96,5.98,35512630,213463151.0,1.4902,0.8432
2019-09-06,5.98,6.02,5.91,5.95,20518961,122090012.0,0.8611,-0.5017
2019-09-09,5.98,6.0,5.93,6.0,20288250,121071570.0,0.8514,0.8403
2019-09-10,5.98,6.05,5.94,5.98,22754275,136254798.0,0.9549,-0.3333
2019-09-11,5.99,6.0,5.94,5.97,16444776,98092881.0,0.6901,-0.1672
2019-09-12,6.01,6.02,5.95,6.0,14069547,84225796.0,0.5904,0.5025
2019-09-16,6.02,6.05,5.99,6.01,18600728,112099918.0,0.7806,0.1667
2019-09-17,5.98,5.99,5.84,5.85,22025206,129913923.0,0.9243,-2.6622
2019-09-18,5.86,5.89,5.84,5.85,9411892,55163978.0,0.395,0.0
2019-09-19,5.86,5.87,5.81,5.87,11376253,66445092.0,0.4774,0.3419
2019-09-20,5.87,5.87,5.81,5.82,12411350,72430486.0,0.5208,-0.8518
2019-09-23,5.8,5.8,5.69,5.72,14609731,83521050.0,0.6131,-1.7182
2019-09-24,5.72,5.77,5.71,5.71,12527046,71843986.0,0.5257,-0.1748
2019-09-25,5.7,5.72,5.64,5.66,11507371,65335276.0,0.4829,-0.8757
2019-09-26,5.68,5.71,5.56,5.58,15899902,89620061.0,0.6672,-1.4134
2019-09-27,5.58,5.64,5.56,5.61,9254067,51917395.0,0.3883,0.5376
2019-09-30,5.62,5.64,5.54,5.54,10812627,60352548.0,0.4537,-1.2478
2019-10-08,5.55,5.61,5.55,5.57,8562916,47752462.0,0.3593,0.5415
2019-10-09,5.56,5.64,5.54,5.63,8390526,47034340.0,0.3521,1.0772
2019-10-10,5.64,5.67,5.62,5.66,9405624,53138404.0,0.3947,0.5329
2019-10-11,5.66,5.69,5.62,5.68,11533974,65291537.0,0.484,0.3534
2019-10-14,5.72,5.75,5.69,5.73,14341791,82078643.0,0.6018,0.8803
2019-10-15,5.71,5.73,5.64,5.66,11106051,62952038.0,0.4661,-1.2216
2019-10-16,5.67,5.69,5.62,5.63,9039960,51127720.0,0.3794,-0.53
2019-10-17,5.63,5.68,5.61,5.64,9616940,54225620.0,0.4036,0.1776
2019-10-18,5.65,5.67,5.55,5.59,13693941,76828537.0,0.5747,-0.8865
2019-10-21,5.61,5.64,5.57,5.64,10349798,58041707.0,0.4343,0.8944
2019-10-22,5.64,5.7,5.62,5.69,11321971,64011165.0,0.4751,0.8865
2019-10-23,5.68,5.69,5.61,5.64,9886056,55871560.0,0.4149,-0.8787
2019-10-24,5.66,5.75,5.62,5.72,15610436,88806003.0,0.6551,1.4184
2019-10-25,5.71,5.72,5.66,5.71,9353294,53279083.0,0.3925,-0.1748
2019-10-28,5.67,5.71,5.67,5.71,12920568,73521290.0,0.5422,0.0
2019-10-29,5.71,5.71,5.61,5.62,12434501,70447832.0,0.5218,-1.5762
2019-10-30,5.62,5.62,5.55,5.57,9526196,53106055.0,0.3998,-0.8897
2019-10-31,5.57,5.59,5.53,5.53,8252020,45855204.0,0.3463,-0.7181
2019-11-01,5.51,5.58,5.46,5.57,10344193,57121316.0,0.4341,0.7233
2019-11-04,5.57,5.59,5.55,5.56,7897392,43990845.0,0.3314,-0.1795
2019-11-05,5.57,5.63,5.53,5.59,11349327,63351944.0,0.4763,0.5396
2019-11-06,5.58,5.62,5.5,5.52,11850388,65881353.0,0.4973,-1.2522
2019-11-07,5.5,5.54,5.48,5.52,10899947,60008831.0,0.4574,0.0
2019-11-08,5.57,5.58,5.49,5.5,9365709,51859393.0,0.393,-0.3623
2019-11-11,5.47,5.48,5.36,5.38,13008220,70381473.0,0.5459,-2.1818
2019-11-12,5.39,5.4,5.34,5.39,8520998,45748244.0,0.3576,0.1859
2019-11-13,5.39,5.39,5.35,5.36,6537701,35098672.0,0.2743,-0.5566
2019-11-14,5.35,5.4,5.34,5.37,6698009,35956419.0,0.2811,0.1866
2019-11-15,5.36,5.37,5.27,5.27,10138869,53969348.0,0.4255,-1.8622
2019-11-18,5.26,5.32,5.22,5.32,8527492,44986575.0,0.3578,0.9488
2019-11-19,5.29,5.39,5.28,5.38,8017239,42850398.0,0.3364,1.1278
2019-11-20,5.37,5.4,5.32,5.34,7294801,39085061.0,0.3061,-0.7435
2019-11-21,5.32,5.39,5.27,5.39,7056223,37619393.0,0.2961,0.9363
2019-11-22,5.38,5.46,5.36,5.39,10148154,54864594.0,0.4259,0.0
2019-11-25,5.4,5.53,5.4,5.5,15152680,83059082.0,0.6359,2.0408
2019-11-26,5.5,5.51,5.45,5.45,14513118,79397335.0,0.609,-0.9091
2019-11-27,5.45,5.51,5.42,5.47,10063804,55018795.0,0.4223,0.367
2019-11-28,5.46,5.47,5.39,5.41,6803376,36944390.0,0.2855,-1.0969
2019-11-29,5.41,5.45,5.4,5.43,6333929,34302040.0,0.2658,0.3697
2019-12-02,5.42,5.47,5.39,5.44,7085852,38529193.0,0.2974,0.1842
2019-12-03,5.43,5.47,5.4,5.47,6073876,33020598.0,0.2549,0.5515
2019-12-04,5.45,5.51,5.44,5.51,7662838,42024482.0,0.3216,0.7313
2019-12-05,5.51,5.54,5.49,5.53,6516661,35945378.0,0.2735,0.363
2019-12-06,5.53,5.57,5.51,5.55,6445122,35721181.0,0.2705,0.3617
2019-12-09,5.56,5.59,5.54,5.57,10068287,56056113.0,0.4225,0.3604
2019-12-10,5.59,5.66,5.57,5.62,14481681,81365806.0,0.6077,0.8977
2019-12-11,5.61,5.62,5.55,5.56,8757807,48824201.0,0.3675,-1.0676
2019-12-12,5.59,5.61,5.52,5.53,8291483,46109204.0,0.3479,-0.5396
2019-12-13,5.51,5.62,5.48,5.48,17266630,95799053.0,0.7246,-0.9042
2019-12-16,5.54,5.61,5.51,5.6,16225666,90018607.0,0.6809,2.1898
2019-12-17,5.61,5.72,5.58,5.68,21094444,119873498.0,0.8852,1.4286
2019-12-18,5.7,5.72,5.66,5.68,13573416,77192882.0,0.5696,0.0
2019-12-19,5.68,5.74,5.66,5.71,12407424,70740810.0,0.5207,0.5282
2019-12-20,5.71,5.73,5.61,5.61,11833251,67191172.0,0.4966,-1.7513
2019-12-23,5.62,5.67,5.55,5.55,12621269,70805313.0,0.5296,-1.0695
2019-12-24,5.56,5.81,5.55,5.8,25766087,147126700.0,1.0812,4.5045
2019-12-25,5.78,5.83,5.69,5.77,23680244,136330573.0,0.9937,-0.5172
2019-12-26,5.81,6.03,5.81,5.99,54374554,323924121.0,2.2818,3.8128
2019-12-27,6.02,6.59,5.95,6.59,140055337,902732023.0,5.8773,10.0167
2019-12-30,6.59,6.87,6.45,6.8,127858724,853047083.0,5.3655,3.1866
2019-12-31,6.65,6.75,6.56,6.62,71537130,475353388.0,3.002,-2.6471
2020-01-02,6.69,7.1,6.68,6.85,113826425,787999680.0,4.7766,3.4743
2020-01-03,6.85,7.06,6.79,6.97,73984558,512951823.0,3.1047,1.7518
2020-01-06,6.92,7.17,6.84,6.95,86336241,605151905.0,3.623,-0.2869
2020-01-07,7.0,7.11,6.89,7.0,53404172,372341175.0,2.241,0.7194
2020-01-08,6.98,7.0,6.76,6.76,51887495,355382560.0,2.1774,-3.4286
2020-01-09,6.86,6.93,6.73,6.79,41922603,285644858.0,1.7592,0.4438
2020-01-10,6.8,6.82,6.58,6.69,50318588,336137272.0,2.1116,-1.4728
2020-01-13,6.7,6.82,6.67,6.79,32953387,222214617.0,1.3829,1.4948
2020-01-14,6.96,7.28,6.85,6.98,88691552,627066574.0,3.7218,2.7982
2020-01-15,6.96,6.99,6.77,6.86,43066988,295174063.0,1.8073,-1.7192
2020-01-16,6.8,6.91,6.72,6.78,25727070,175231964.0,1.0796,-1.1662
2020-01-17,6.78,6.95,6.68,6.91,35675213,243106363.0,1.4971,1.9174
2020-01-20,6.83,6.85,6.68,6.78,35731871,241282568.0,1.4994,-1.8813
2020-01-21,6.71,6.73,6.43,6.5,44437531,292490081.0,1.8648,-4.1298
2020-01-22,6.43,6.8,6.4,6.73,47908967,318154230.0,2.0104,3.5385
2020-01-23,6.62,6.76,6.4,6.49,36021290,236098897.0,1.5116,-3.5661
2020-02-03,5.84,5.95,5.84,5.84,33563826,196083595.0,1.4085,-10.0154
2020-02-04,5.81,5.99,5.8,5.91,46101150,271942548.0,1.9346,1.1986
2020-02-05,5.95,6.15,5.88,6.0,35008149,210660998.0,1.4691,1.5228
2020-02-06,6.0,6.08,5.91,6.03,35940383,215086749.0,1.5082,0.5
2020-02-07,6.0,6.03,5.9,6.02,30415446,181348004.0,1.2764,-0.1658
2020-02-10,5.95,6.21,5.94,6.2,33848898,205885774.0,1.4204,2.99
2020-02-11,6.16,6.24,6.1,6.11,32390659,199333693.0,1.3592,-1.4516
2020-02-12,6.12,6.31,6.08,6.25,35103474,217766955.0,1.4731,2.2913
2020-02-13,6.23,6.41,6.19,6.28,45669554,288391258.0,1.9165,0.48
2020-02-14,6.26,6.75,6.24,6.61,61012842,396581938.0,2.5603,5.2548
2020-02-17,6.58,6.7,6.5,6.7,40981837,270332719.0,1.7198,1.3616
2020-02-18,6.65,6.67,6.53,6.62,34839654,229906188.0,1.462,-1.194
2020-02-19,6.59,6.68,6.5,6.55,36839440,241844492.0,1.5459,-1.0574
2020-02-20,6.51,6.66,6.46,6.64,35783987,234948063.0,1.5016,1.374
2020-02-21,6.65,6.79,6.6,6.68,39963161,267873257.0,1.677,0.6024
2020-02-24,6.62,6.63,6.47,6.56,41398325,270600614.0,1.7372,-1.7964
2020-02-25,6.41,6.48,6.26,6.4,39274383,251126898.0,1.6481,-2.439
2020-02-26,6.34,6.54,6.31,6.37,31354172,201711873.0,1.3157,-0.4688
2020-02-27,6.41,6.45,6.3,6.34,20141259,128536357.0,0.8452,-0.471
2020-02-28,6.18,6.29,6.02,6.04,32988588,203562637.0,1.3843,-4.7319
2020-03-02,6.09,6.36,6.09,6.33,25646076,160311672.0,1.0762,4.8013
2020-03-03,6.44,6.47,6.29,6.3,27692009,176597461.0,1.1621,-0.4739
2020-03-04,6.3,6.45,6.27,6.45,20423946,130032275.0,0.8571,2.3809
2020-03-05,6.48,6.67,6.45,6.6,36812878,241661819.0,1.5448,2.3256
2020-03-06,6.52,6.56,6.46,6.48,22234132,144749409.0,0.933,-1.8182
2020-03-09,6.37,6.44,6.18,6.19,26567664,167079029.0,1.1149,-4.4753
2020-03-10,6.15,6.35,6.15,6.34,19365088,121450188.0,0.8126,2.4233
2020-03-11,6.34,6.38,6.25,6.25,18447463,116432947.0,0.7741,-1.4196
2020-03-12,6.17,6.21,6.06,6.13,19611859,120093476.0,0.823,-1.92
2020-03-13,5.89,6.22,5.81,6.08,30668032,183874136.0,1.287,-0.8157
2020-03-16,6.16,6.23,5.96,6.0,24842786,151669829.0,1.0425,-1.3158
2020-03-17,6.0,6.12,5.8,5.87,25608915,151580093.0,1.0747,-2.1667
2020-03-18,5.91,5.97,5.64,5.65,27484388,159971665.0,1.1534,-3.7479
2020-03-19,5.56,5.66,5.46,5.56,31040644,171930588.0,1.3026,-1.5929
2020-03-20,5.62,5.72,5.52,5.69,17930265,100696521.0,0.7524,2.3381
2020-03-23,5.58,5.6,5.46,5.48,20720436,114261368.0,0.8695,-3.6907
2020-03-24,5.61,5.76,5.61,5.71,21901487,124305190.0,0.9191,4.1971
2020-03-25,5.85,5.88,5.74,5.75,17695636,102538817.0,0.7426,0.7005
2020-03-26,5.73,5.74,5.63,5.67,12147025,69043767.0,0.5097,-1.3913
2020-03-27,5.72,5.8,5.66,5.66,13400154,76687633.0,0.5623,-0.1764
2020-03-30,5.6,5.65,5.52,5.59,13655545,76211348.0,0.573,-1.2367
2020-03-31,5.63,5.72,5.61,5.67,12246539,69465905.0,0.5139,1.4311
2020-04-01,5.65,5.83,5.62,5.73,14321617,82336451.0,0.601,1.0582
2020-04-02,5.68,5.83,5.68,5.83,13591559,78602151.0,0.5704,1.7452
2020-04-03,5.81,5.82,5.71,5.74,11750366,67607961.0,0.4931,-1.5437
2020-04-07,5.82,5.91,5.79,5.87,22098763,129527358.0,0.9274,2.2648
2020-04-08,5.83,5.97,5.8,5.89,20200005,119039719.0,0.8477,0.3407
2020-04-09,5.94,5.95,5.83,5.85,14830553,87041716.0,0.6223,-0.6791
2020-04-10,5.86,5.88,5.74,5.78,14020801,81185646.0,0.5884,-1.1966
2020-04-13,5.75,5.83,5.74,5.79,15493104,89697114.0,0.6502,0.173
2020-04-14,5.83,5.89,5.8,5.87,12611556,73897180.0,0.5292,1.3817
2020-04-15,5.85,5.91,5.81,5.82,12228182,71734333.0,0.5131,-0.8518
2020-04-16,5.8,5.83,5.73,5.8,9055374,52358677.0,0.38,-0.3436
2020-04-17,5.84,5.9,5.78,5.8,11014400,64409684.0,0.4622,0.0
2020-04-20,5.81,5.82,5.76,5.79,9409501,54402534.0,0.3949,-0.1724
2020-04-21,5.75,5.75,5.58,5.64,21821962,122913352.0,0.9157,-2.5907
2020-04-22,5.6,5.64,5.58,5.63,10487798,58836586.0,0.4401,-0.1773
2020-04-23,5.62,5.65,5.54,5.55,12305192,68794395.0,0.5164,-1.421
2020-04-24,5.54,5.57,5.42,5.45,13461672,73989859.0,0.5649,-1.8018
2020-04-27,5.45,5.51,5.38,5.39,13953603,76052065.0,0.5855,-1.1009
2020-04-28,5.41,5.41,5.18,5.29,16183991,85694135.0,0.6791,-1.8553
2020-04-29,5.29,5.4,5.29,5.34,11763682,62852345.0,0.4937,0.9452
2020-04-30,5.38,5.48,5.37,5.47,12829540,69760050.0,0.5384,2.4344
2020-05-06,5.41,5.48,5.39,5.47,12987598,70648319.0,0.545,0.0
2020-05-07,5.47,5.48,5.42,5.43,9537701,51883994.0,0.4002,-0.7313
2020-05-08,5.47,5.55,5.46,5.52,12039934,66227193.0,0.5052,1.6575
2020-05-11,5.52,5.55,5.46,5.48,10988185,60410441.0,0.4611,-0.7246
2020-05-12,5.49,5.49,5.32,5.34,22602111,121510933.0,0.9485,-2.5547
2020-05-13,5.34,5.36,5.27,5.36,11453011,60900427.0,0.4806,0.3745
2020-05-14,5.33,5.37,5.29,5.3,8558502,45651951.0,0.3591,-1.1194
2020-05-15,5.32,5.4,5.31,5.36,10116513,54227116.0,0.4245,1.1321
2020-05-18,5.49,5.9,5.48,5.87,57027287,326635743.0,2.3931,9.5149
2020-05-19,5.86,5.86,5.64,5.68,36597370,209351836.0,1.5358,-3.2368
2020-05-20,5.67,5.71,5.57,5.59,21773277,122345939.0,0.9137,-1.5845
2020-05-21,5.53,5.64,5.48,5.48,22120688,122711300.0,0.9283,-0.1821
2020-05-22,5.42,5.46,5.33,5.36,16596113,89416925.0,0.6964,-2.1898
2020-05-25,5.36,5.42,5.34,5.37,10132815,54403576.0,0.4252,0.1866
2020-05-26,5.37,5.49,5.37,5.48,13572709,73984552.0,0.5696,2.0484
2020-05-27,5.47,5.47,5.41,5.46,9401789,51147276.0,0.3945,-0.365
2020-05-28,5.47,5.62,5.44,5.54,17582606,97490945.0,0.7378,1.4652
2020-05-29,5.55,5.57,5.5,5.54,10761591,59506287.0,0.4516,0.0
2020-06-01,5.55,5.65,5.55,5.6,18076116,101175107.0,0.7585,1.083
2020-06-02,5.61,5.68,5.58,5.62,12770363,71931523.0,0.5359,0.3571
2020-06-03,5.63,5.73,5.56,5.58,15602429,88085356.0,0.6547,-0.7117
2020-06-04,5.58,5.61,5.51,5.53,10340129,57320751.0,0.4339,-0.8961
2020-06-05,5.53,5.59,5.51,5.58,8628609,47873147.0,0.3621,0.9042
2020-06-08,5.67,5.82,5.66,5.75,32423485,186766361.0,1.3606,3.0466
2020-06-09,5.73,5.86,5.73,5.81,28030080,162964417.0,1.1763,1.0435
2020-06-10,5.86,5.91,5.73,5.75,16334934,94583436.0,0.6855,-1.0327
2020-06-11,5.83,5.86,5.59,5.64,22515415,128029525.0,0.9448,-1.913
2020-06-12,5.55,5.57,5.49,5.54,22780888,125983557.0,0.956,-1.773
2020-06-15,5.51,5.57,5.47,5.49,16471905,90923581.0,0.6912,-0.9025
2020-06-16,5.54,5.73,5.53,5.67,22299319,125278757.0,0.9358,3.2787
2020-06-17,5.63,5.66,5.58,5.64,13505118,75807281.0,0.5667,-0.5291
2020-06-18,5.63,5.75,5.6,5.68,16893246,96017244.0,0.7089,0.7092
2020-06-19,5.69,5.72,5.65,5.72,14075187,79990790.0,0.5906,0.7042
2020-06-22,5.72,5.74,5.61,5.64,17203003,97714180.0,0.7219,-1.3986
2020-06-23,5.64,5.65,5.58,5.6,12084146,67855587.0,0.5071,-0.7092
2020-06-24,5.61,5.65,5.58,5.64,10557827,59321382.0,0.443,0.7143
2020-06-29,5.65,5.76,5.65,5.72,22400023,128095339.0,0.94,1.4184
2020-06-30,5.72,5.82,5.7,5.8,21889870,126019442.0,0.9186,1.3986
2020-07-01,5.82,6.03,5.8,5.99,41394457,245364892.0,1.7371,3.2759
2020-07-02,5.99,6.12,5.95,6.08,33725360,204146232.0,1.4152,1.5025
2020-07-03,6.07,6.29,6.06,6.12,44330294,273091031.0,1.8603,0.6579
2020-07-06,6.17,6.73,6.17,6.73,70505993,461294512.0,2.9587,9.9673
2020-07-07,7.0,7.12,6.71,6.71,81214165,562467105.0,3.4081,-0.2972
2020-07-08,6.76,7.34,6.74,7.18,80697322,568981982.0,3.3864,7.0045
2020-07-09,7.2,7.43,7.13,7.27,72903155,530398386.0,3.0593,1.2535
2020-07-10,7.19,7.26,6.96,6.99,51119037,362384762.0,2.1452,-3.8514
2020-07-13,7.35,7.69,7.34,7.69,67158729,506811810.0,2.8182,10.0143
2020-07-14,7.68,7.68,7.28,7.52,78184376,586697363.0,3.2809,-2.2107
2020-07-15,7.53,7.62,7.18,7.34,51391162,378232056.0,2.1566,-2.3936
2020-07-16,7.2,7.48,6.99,7.02,50545340,366375555.0,2.1211,-4.3597
2020-07-17,7.09,7.25,7.01,7.1,35499064,253128360.0,1.4897,1.1396
2020-07-20,7.14,7.68,7.14,7.6,60298031,450433743.0,2.5303,7.0423
2020-07-21,7.6,7.64,7.4,7.62,42018370,315467669.5,1.7633,0.2632
2020-07-22,7.85,8.06,7.61,7.67,59212880,464453138.32,2.4848,0.6562
2020-07-23,7.55,7.84,7.5,7.76,50861773,390790059.89,2.1344,1.1734
2020-07-24,7.8,8.07,7.43,7.48,75867704,590295274.73,3.1837,-3.6082
2020-07-27,7.48,8.05,7.48,7.9,72266347,568963298.78,3.0326,5.615
2020-07-28,8.1,8.31,7.86,7.97,82226311,665523292.85,3.4505,0.8861
2020-07-29,7.98,8.06,7.8,8.05,46604266,370213185.96,1.9557,1.0038
2020-07-30,8.02,8.1,7.82,7.95,43925356,349224009.29,1.8433,-1.2422
2020-07-31,7.91,8.3,7.9,8.12,52860545,429544985.03,2.2182,2.1384
2020-08-03,8.09,8.24,7.97,8.13,48895310,395442752.5,2.0518,0.1232
2020-08-04,8.16,8.23,7.92,7.97,54015384,434816024.49,2.2667,-1.968
2020-08-05,8.09,8.2,7.91,8.13,50713310,408900475.05,2.1281,2.0075
2020-08-06,8.13,8.46,8.11,8.37,69728538,577637875.38,2.9261,2.952
2020-08-07,8.39,8.44,7.95,8.04,65408855,536398503.49,2.7448,-3.9427
2020-08-10,7.8,7.86,7.6,7.75,60834141,470118153.36,2.5528,-3.607
2020-08-11,7.75,7.87,7.5,7.59,38225880,295338274.78,1.6041,-2.0645
2020-08-12,7.49,7.68,7.43,7.65,40513798,305680500.88,1.7001,0.7905
2020-08-13,7.63,7.68,7.52,7.55,19693160,149559947.75,0.8264,-1.3072
2020-08-14,7.56,7.75,7.49,7.67,18952809,144004794.91,0.7953,1.5894
2020-08-17,7.67,7.85,7.59,7.84,29112660,225474262.36,1.2217,2.2164
2020-08-18,7.86,7.95,7.75,7.82,25661690,201562037.65,1.0769,-0.2551
2020-08-19,8.0,8.13,7.88,7.89,34738255,278501939.77,1.4578,0.8951
2020-08-20,7.86,8.06,7.84,7.92,26838330,213333841.86,1.1262,0.3802
2020-08-21,7.93,8.04,7.89,7.98,17393917,138762755.07,0.7299,0.7576
2020-08-24,7.98,8.0,7.88,7.92,15749106,124675559.18,0.6609,-0.7519
2020-08-25,7.91,7.94,7.64,7.66,27814337,215054179.17,1.1672,-3.2828
2020-08-26,7.65,7.71,7.51,7.62,22777574,173423163.57,0.9558,-0.5222
2020-08-27,7.64,7.73,7.58,7.68,12986304,99512498.69,0.545,0.7874
2020-08-28,7.69,7.94,7.61,7.94,24144502,187705125.61,1.0132,3.3854
2020-08-31,8.01,8.12,7.97,8.02,30695931,246721013.41,1.2881,1.0076
2020-09-01,8.0,8.16,7.96,8.15,24794591,200373914.71,1.0405,1.6209
2020-09-02,8.11,8.18,7.97,8.03,23272684,187789519.78,0.9766,-1.4724
2020-09-03,8.0,8.01,7.85,7.99,20713234,164182118.34,0.8692,-0.4981
2020-09-04,7.82,7.95,7.74,7.88,14388614,113039824.0,0.6038,-1.3767
2020-09-07,8.01,8.67,8.01,8.5,106275517,910655939.12,4.4597,7.868
2020-09-08,8.52,8.88,8.45,8.48,77674896,671304873.25,3.2595,-0.2353
2020-09-09,8.4,8.68,8.0,8.19,59779031,501820109.53,2.5086,-3.4198
2020-09-10,8.36,9.0,8.33,8.71,97253783,853463981.33,4.0811,6.3492
2020-09-11,8.66,8.82,8.47,8.71,62845027,543543362.02,2.6372,0.0
2020-09-14,8.88,8.96,8.56,8.85,55090218,479926548.71,2.3118,1.6073
2020-09-15,8.82,9.36,8.71,9.12,83786153,764332865.76,3.516,3.0508
2020-09-16,8.95,9.27,8.9,9.1,52057666,473566619.17,2.1845,-0.2193
2020-09-17,9.05,9.05,8.6,8.88,54586939,480531389.57,2.2907,-2.4176
2020-09-18,8.94,9.18,8.86,9.09,45063370,408128167.48,1.891,2.3649
2020-09-21,9.25,9.76,9.17,9.59,83118030,792573878.45,3.488,5.5006
2020-09-22,9.3,9.48,9.16,9.24,49155265,457384346.88,2.0627,-3.6496
2020-09-23,9.26,9.45,9.14,9.23,34577505,320585942.31,1.451,-0.1082
2020-09-24,9.04,9.1,8.7,8.77,48244627,430086894.27,2.0245,-4.9837
2020-09-25,8.9,9.06,8.66,8.79,25974909,229891609.5,1.09,0.2281
2020-09-28,8.84,8.88,8.58,8.76,27682664,241598993.13,1.1617,-0.3413
2020-09-29,8.85,9.24,8.83,8.83,35604430,321349881.39,1.4941,0.7991
2020-09-30,8.88,8.91,8.52,8.54,35507716,307671004.84,1.49,-3.2843
2020-10-09,8.78,9.2,8.76,8.95,51925136,466062135.53,2.179,4.8009
2020-10-12,9.01,9.15,8.86,8.94,50659301,453753702.35,2.1259,-0.1117
2020-10-13,8.94,8.94,8.18,8.57,66601529,566810830.75,2.7949,-4.1387
2020-10-14,8.47,8.57,8.29,8.34,31012125,260578801.28,1.3014,-2.6838
2020-10-15,8.32,8.6,8.32,8.43,23935165,202458721.92,1.0044,1.0791
2020-10-16,8.43,8.56,8.37,8.44,17448452,147571238.77,0.7322,0.1186
2020-10-19,8.45,8.54,8.25,8.29,23220524,194473608.38,0.9744,-1.7773
2020-10-20,8.32,8.41,8.26,8.39,12527388,104299990.52,0.5257,1.2063
2020-10-21,8.61,8.75,8.5,8.56,39957529,344132611.11,1.6768,2.0262
2020-10-22,8.51,8.75,8.5,8.64,30518522,264285841.11,1.2807,0.9346
2020-10-23,8.56,8.66,8.42,8.48,19239456,164436110.56,0.8074,-1.8519
2020-10-26,8.42,8.48,8.16,8.38,19836127,164996070.18,0.8324,-1.1792
2020-10-27,8.37,8.43,7.99,8.35,37319285,305614619.13,1.5661,-0.358
2020-10-28,8.6,9.19,8.6,9.19,84541895,764436781.55,3.5477,10.0599
2020-10-29,9.19,9.37,9.09,9.27,70353077,649869129.08,2.9523,0.8705
2020-10-30,9.37,9.39,8.97,9.03,45004077,412383510.44,1.8885,-2.589
2020-11-02,9.15,9.55,9.15,9.41,47177501,443336546.51,1.9798,4.2082
2020-11-03,9.41,10.35,9.41,10.35,99808440,1015024816.25,4.1884,9.9894
2020-11-04,10.4,11.1,10.3,10.84,125294573,1332799271.57,5.2579,4.7343
2020-11-05,10.93,11.09,10.6,10.76,84028269,907581689.38,3.5262,-0.738
2020-11-06,10.83,11.06,10.76,10.91,64697214,705472393.73,2.7149,1.3941
2020-11-09,11.28,12.0,11.28,12.0,91139736,1064489795.04,3.8246,9.9908
2020-11-10,12.25,12.45,11.82,12.0,107601144,1304328164.24,4.5154,0.0
2020-11-11,11.9,12.75,11.85,12.1,114019331,1395584922.27,4.7847,0.8333
2020-11-12,12.06,12.36,11.56,12.12,84386223,1012332250.67,3.5412,0.1653
2020-11-13,12.13,12.28,11.67,11.86,79602488,947138719.96,3.3404,-2.1452
2020-11-16,12.05,12.93,11.98,12.42,136268106,1703590202.6,5.7183,4.7218
2020-11-17,12.13,13.13,12.03,12.28,123525991,1556479602.98,5.1836,-1.1272
2020-11-18,12.44,12.95,11.93,12.2,125902123,1570432897.62,5.2833,-0.6515
2020-11-19,12.59,12.76,11.77,12.31,90656569,1097827673.1,3.8043,0.9016
2020-11-20,12.25,13.54,12.25,13.19,158039102,2059491084.43,6.6319,7.1487
2020-11-23,13.54,14.06,13.2,13.6,160822489,2188838346.32,6.7487,3.1084
2020-11-24,13.31,14.0,13.08,14.0,119362886,1610588751.22,5.0089,2.9412
2020-11-25,13.99,14.07,12.75,12.8,130680595,1739244373.18,5.4839,-8.5714
2020-11-26,12.95,13.08,12.55,13.02,79215832,1017832862.49,3.3242,1.7188
2020-11-27,13.21,13.52,12.51,13.38,89301838,1169598468.15,3.7475,2.765
2020-11-30,13.63,14.49,13.5,13.95,119179104,1674371352.49,5.0012,4.2601
2020-12-01,13.6,13.97,13.42,13.91,62506669,860029590.62,2.623,-0.2867
2020-12-02,14.01,14.4,13.68,13.92,70185215,981971211.18,2.9452,0.0719
2020-12-03,13.65,13.71,13.06,13.24,72560817,968264671.09,3.0449,-4.8851
2020-12-04,13.01,13.76,12.99,13.7,58676255,783942253.43,2.4623,3.4743
2020-12-07,13.75,14.22,13.53,13.55,79311552,1095290986.68,3.3282,-1.0949
2020-12-08,13.5,13.67,12.88,13.38,68877800,909038747.06,2.8904,-1.2546
2020-12-09,13.38,13.58,13.04,13.04,47447585,633123679.92,1.9911,-2.5411
2020-12-10,12.9,13.03,12.46,12.83,54640720,697312560.08,2.2929,-1.6104
2020-12-11,13.4,14.0,12.6,13.03,93983824,1247470413.79,3.9439,1.5588
2020-12-14,12.67,13.08,12.32,12.78,52013514,663877451.87,2.1827,-1.9186
2020-12-15,12.59,12.85,12.23,12.52,54870020,684832796.38,2.3026,-2.0344
2020-12-16,12.75,13.05,12.45,12.83,45772878,584769099.18,1.9208,2.476
2020-12-17,12.83,13.5,12.69,13.4,99357576,1310940966.48,4.1694,4.4427
2020-12-18,13.75,13.93,13.4,13.62,83611282,1145246405.65,3.5087,1.6418
2020-12-21,13.69,14.0,13.55,13.84,80198611,1107179710.26,3.3654,1.6153
2020-12-22,13.5,13.5,12.46,12.57,126851862,1638876414.04,5.3232,-9.1763
2020-12-23,12.22,12.64,11.91,12.36,89510720,1097212178.4,3.7562,-1.6706
2020-12-24,12.49,12.6,12.12,12.16,48686450,602113481.56,2.0431,-1.6181
2020-12-25,12.0,13.13,11.96,13.11,69466948,878490937.84,2.9151,7.8125
2020-12-28,13.05,13.41,12.91,13.03,57127546,748834637.6,2.3973,-0.6102
2020-12-29,12.94,12.98,11.96,12.02,65853780,809450489.89,2.7635,-7.7513
2020-12-30,12.02,12.48,11.94,12.33,48885392,598786688.57,2.0514,2.579
2020-12-31,12.22,12.53,12.16,12.38,48388655,598188747.14,2.0306,0.4055
2021-01-04,12.33,13.4,12.3,13.3,80035169,1042123741.6,3.3586,7.4313
2021-01-05,13.31,14.63,13.18,14.32,118705397,1653976573.23,4.9813,7.6692
2021-01-06,14.8,15.29,14.66,15.06,132239612,1985583948.43,5.5493,5.1676
2021-01-07,15.09,15.5,14.98,15.28,95492886,1453462695.96,4.0073,1.4608
2021-01-08,15.78,15.88,14.95,15.6,98394874,1518402469.72,4.129,2.0942
2021-01-11,15.0,15.87,14.69,15.15,95339317,1451352516.13,4.0008,-2.8846
2021-01-12,14.68,15.4,14.6,15.29,77300799,1160128467.15,3.2438,0.9241
2021-01-13,15.37,15.85,13.99,14.11,123293732,1824927598.44,5.1739,-7.7175
2021-01-14,14.08,14.37,13.71,13.76,84878637,1192577914.43,3.5618,-2.4805
2021-01-15,14.0,14.49,13.9,14.03,63009143,895616853.14,2.6441,1.9622
2021-01-18,13.9,14.13,13.18,13.92,60337884,828150368.56,2.532,-0.784
2021-01-19,13.93,14.03,13.46,13.56,56651711,773989776.5,2.3773,-2.5862
2021-01-20,13.57,14.09,13.48,13.88,42719352,591553388.19,1.7927,2.3599
2021-01-21,13.84,14.45,13.67,14.2,60319692,852519791.71,2.5313,2.3055
2021-01-22,14.01,14.01,13.52,13.57,62775312,862245257.45,2.6343,-4.4366
2021-01-25,13.6,14.55,13.5,14.06,69664114,981644914.84,2.9234,3.6109
2021-01-26,14.06,14.12,13.03,13.45,74030796,994568322.54,3.1066,-4.3385
2021-01-27,13.4,13.54,12.68,13.08,51371380,671902996.71,2.1557,-2.7509
2021-01-28,12.46,12.96,12.32,12.47,44602549,564230765.54,1.8717,-4.6636
2021-01-29,12.69,12.79,11.98,12.23,45404353,557666437.37,1.9053,-1.9246
2021-02-01,12.2,12.65,12.12,12.5,39003155,484159108.32,1.6367,2.2077
2021-02-02,12.43,12.58,12.2,12.4,33543552,415913176.18,1.4076,-0.8
2021-02-03,12.33,12.8,12.22,12.32,51007450,636855196.44,2.1405,-0.6452
2021-02-04,12.38,12.55,11.88,12.38,49640619,605307958.69,2.0831,0.487
2021-02-05,12.39,12.5,12.05,12.09,40743441,498786503.49,1.7098,-2.3425
2021-02-08,12.5,13.16,12.34,12.93,64868053,831304257.57,2.7221,6.9479
2021-02-09,13.17,13.75,13.13,13.75,85508209,1150519236.35,3.5883,6.3418
2021-02-10,13.81,15.13,13.69,15.13,136239602,2007394447.57,5.7171,10.0364
2021-02-18,16.64,16.64,16.31,16.64,70629318,1174373857.12,2.9639,9.9802
2021-02-19,17.19,18.3,16.4,18.2,207719185,3600585490.2,8.7167,9.375
2021-02-22,19.4,19.86,18.34,18.38,240955718,4611924290.99,10.1114,0.989
2021-02-23,17.89,18.25,17.34,17.37,139733514,2496546950.55,5.8638,-5.4951
2021-02-24,17.7,18.21,16.7,16.96,123283633,2146773056.35,5.1735,-2.3604
2021-02-25,17.9,18.1,16.65,16.89,96455941,1672263118.44,4.0477,-0.4127
2021-02-26,16.0,16.45,15.6,15.7,84423404,1342573828.79,3.5427,-7.0456
2021-03-01,15.7,16.04,15.47,15.82,74855252,1179522786.41,3.1412,0.7643
2021-03-02,15.5,15.55,14.99,15.28,71884903,1097365387.83,3.0166,-3.4134
2021-03-03,15.59,16.6,15.11,16.24,99690243,1579957926.33,4.1834,6.2827
2021-03-04,15.6,15.64,15.08,15.3,78092182,1194612233.98,3.2771,-5.7882
2021-03-05,14.49,14.92,14.12,14.7,74408946,1079408060.38,3.1225,-3.9216
2021-03-08,15.11,15.22,14.2,14.22,57292395,839186519.71,2.4042,-3.2653
2021-03-09,14.14,14.55,13.4,13.79,69577564,976049083.8,2.9197,-3.0239
2021-03-10,13.8,13.84,13.35,13.48,48187129,653063639.96,2.0221,-2.248
2021-03-11,13.55,14.82,13.55,14.74,81168953,1151781647.54,3.4062,9.3472
2021-03-12,14.5,14.57,13.95,14.12,70643722,1001355732.79,2.9645,-4.2062
2021-03-15,14.29,14.73,14.01,14.31,55492590,795088663.06,2.3287,1.3456
2021-03-16,14.16,14.32,13.66,14.03,42148752,588266481.59,1.7687,-1.9567
2021-03-17,13.68,14.26,13.35,14.19,41325362,571610213.97,1.7342,1.1404
2021-03-18,14.4,14.7,14.08,14.17,54117773,779275672.41,2.271,-0.1409
2021-03-19,13.78,14.14,13.72,14.02,36090437,502524094.56,1.5145,-1.0586
2021-03-22,14.0,14.2,13.82,13.91,33264687,464980070.63,1.3959,-0.7846
2021-03-23,14.02,14.05,12.88,13.22,62074424,822254138.88,2.6049,-4.9605
2021-03-24,12.95,12.98,12.29,12.43,60720975,763823576.39,2.5481,-5.9758
2021-03-25,12.43,12.61,12.33,12.42,27640004,344755511.21,1.1599,-0.0805
2021-03-26,12.35,12.8,12.34,12.66,35854201,450788305.81,1.5046,1.9324
2021-03-29,12.76,12.76,12.43,12.63,29091012,367080124.03,1.2208,-0.237
2021-03-30,12.51,12.89,12.39,12.7,39673716,501953061.96,1.6649,0.5542
2021-03-31,12.56,12.6,12.19,12.55,39151091,486461402.3,1.6429,-1.1811
2021-04-01,12.59,12.66,12.43,12.56,24625398,309236527.95,1.0334,0.0797
2021-04-02,12.64,13.13,12.34,12.9,58175291,743093766.42,2.4413,2.707
2021-04-06,13.23,13.35,12.91,12.93,38587408,505913463.03,1.6193,0.2326
2021-04-07,12.88,13.14,12.64,13.09,33297885,429792473.32,1.3973,1.2374
2021-04-08,13.04,13.96,12.9,13.71,77768479,1053364399.34,3.2635,4.7364
2021-04-09,13.7,13.7,13.19,13.28,45400842,607510958.02,1.9052,-3.1364
2021-04-12,13.2,13.2,12.56,12.68,41345935,526298399.15,1.735,-4.5181
2021-04-13,12.58,12.83,12.44,12.64,26443542,333870511.96,1.1097,-0.3155
2021-04-14,12.69,12.79,12.51,12.65,20141460,254958498.37,0.8452,0.0791
2021-04-15,12.9,13.36,12.71,13.3,45943814,600247002.43,1.928,5.1383
2021-04-16,13.8,13.94,13.25,13.31,66097848,898321016.6,2.7737,0.0752
2021-04-19,13.01,13.85,12.84,13.75,47029046,629194520.63,1.9735,3.3058
2021-04-20,13.49,13.94,13.42,13.61,49471681,675479716.98,2.076,-1.0182
2021-04-21,13.3,13.51,13.07,13.43,32174654,427117098.85,1.3502,-1.3226
2021-04-22,13.6,13.79,13.37,13.44,36048094,489845123.33,1.5127,0.0745
2021-04-23,13.4,13.74,13.27,13.65,32962590,446583597.76,1.3832,1.5625
2021-04-26,13.97,14.92,13.88,14.48,103627301,1504738572.68,4.3486,6.0806
2021-04-27,14.97,15.15,14.43,14.79,80474986,1188217543.66,3.377,2.1409
2021-04-28,14.37,14.53,14.07,14.17,53758048,766489878.72,2.2559,-4.192
2021-04-29,14.46,14.68,14.21,14.57,59055837,856055401.3,2.4782,2.8229
2021-04-30,14.59,14.59,13.8,13.84,76529480,1074654104.39,3.2115,-5.0103
2021-05-06,14.4,14.81,14.1,14.7,89150036,1296939200.73,3.7411,6.2139
2021-05-07,15.05,15.64,14.91,15.16,96147105,1461714146.1,4.0347,3.1293
2021-05-10,15.82,16.1,15.53,15.96,141235801,2231935010.7,5.9268,5.277
2021-05-11,15.25,15.3,14.36,15.07,130053034,1928771886.3,5.4575,-5.5764
2021-05-12,14.92,15.33,14.84,15.0,58541843,879217966.77,2.4566,-0.4645
2021-05-13,14.3,14.47,13.85,13.91,82699746,1169600138.71,3.4704,-7.2667
2021-05-14,13.81,13.99,13.33,13.61,70553471,957540356.47,2.9607,-2.1567
2021-05-17,13.52,13.95,13.42,13.74,54252206,742685582.68,2.2766,0.9552
2021-05-18,13.98,14.39,13.86,14.23,60003539,849960386.66,2.518,3.5662
2021-05-19,13.98,13.99,13.75,13.9,45478341,630664685.63,1.9084,-2.319
2021-05-20,13.13,13.27,12.6,13.06,74868395,968109156.0,3.1418,-6.0432
2021-05-21,12.9,13.6,12.87,13.3,52197370,689996842.88,2.1904,1.8377
2021-05-24,13.07,13.4,12.94,13.19,35734555,470036806.91,1.4996,-0.8271
2021-05-25,13.28,13.47,12.96,13.36,45840818,607304050.82,1.9237,1.2889
2021-05-26,13.24,13.53,13.15,13.34,38781991,517844286.11,1.6274,-0.1497
2021-05-27,13.34,13.4,13.18,13.2,39094340,519188494.64,1.6406,-1.0495
2021-05-28,13.59,13.85,13.45,13.49,67667120,921656342.38,2.8396,2.197
2021-05-31,13.55,13.84,13.53,13.81,44747424,615138559.09,1.8778,2.3721
2021-06-01,13.76,14.1,13.52,13.96,47045393,650212095.23,1.9742,1.0862
2021-06-02,13.96,13.96,13.53,13.54,34607794,474098265.39,1.4523,-3.0086
2021-06-03,13.5,13.77,13.4,13.62,39380774,536779301.47,1.6526,0.5908
2021-06-04,13.11,13.7,12.96,13.55,43717937,583558421.2,1.8346,-0.514
2021-06-07,13.55,13.78,13.52,13.69,34707386,474356133.07,1.4565,1.0332
2021-06-08,13.72,13.82,13.21,13.34,46865315,627984346.63,1.9667,-2.5566
2021-06-09,13.43,13.75,13.33,13.64,38849355,527058722.55,1.6303,2.2489
2021-06-10,13.74,13.84,13.45,13.47,43078045,585720631.49,1.8077,-1.2463
2021-06-11,13.45,13.7,13.25,13.51,39587873,532320330.53,1.6613,0.297
2021-06-15,13.37,13.41,12.76,12.91,63959267,828823472.04,2.684,-4.4412
2021-06-16,12.73,12.85,12.41,12.47,46013135,579571963.63,1.9309,-3.4082
2021-06-17,12.47,12.57,12.27,12.36,33639670,417743426.89,1.4117,-0.8821
2021-06-18,11.95,12.16,11.62,12.01,55893215,668713214.92,2.3455,-2.8317
2021-06-21,11.91,12.01,11.7,11.8,31979530,379468976.76,1.342,-1.7485
2021-06-22,11.94,12.07,11.77,11.89,26444270,314955362.51,1.1097,0.7627
2021-06-23,12.09,12.13,11.91,12.04,29757495,357794515.21,1.2487,1.2616
2021-06-24,12.1,12.29,11.96,12.06,26976468,326757236.38,1.132,0.1661
2021-06-25,12.34,12.75,12.3,12.58,54703086,684385672.29,2.2956,4.3118
2021-06-28,12.51,12.54,12.17,12.24,42169464,517217033.51,1.7696,-2.7027
2021-06-29,12.1,12.24,11.86,11.91,27923646,336058958.03,1.1718,-1.7327
2021-06-30,11.9,12.03,11.82,11.93,17977494,214736520.67,0.7544,0.1679
2021-07-01,11.88,12.05,11.71,11.81,23428464,277907270.29,0.9831,-1.0059
2021-07-02,11.76,12.28,11.7,11.92,34560214,414786612.98,1.4503,0.9314
2021-07-05,12.02,12.32,11.99,12.18,37655148,458615518.24,1.5802,2.1812
2021-07-06,12.21,12.42,12.09,12.35,40046083,490831943.11,1.6805,1.3957
2021-07-07,12.01,12.41,11.91,12.33,38805511,473811075.44,1.6284,-0.1619
2021-07-08,12.78,12.88,12.42,12.44,65871869,831349407.19,2.7642,0.8921
2021-07-09,12.38,13.68,12.34,13.68,83598817,1110529503.34,3.5081,9.9678
2021-07-12,14.1,14.31,13.7,13.95,125182445,1751559074.32,5.2531,1.9737
2021-07-13,14.0,14.12,13.6,14.09,78167287,1085785219.13,3.2802,1.0036
2021-07-14,13.88,13.93,13.53,13.63,54551913,748172723.54,2.2892,-3.2647
2021-07-15,13.63,14.25,13.29,14.09,77658943,1076561558.48,3.2589,3.3749
2021-07-16,14.06,14.53,13.83,14.26,82953571,1183722607.25,3.4811,1.2065
2021-07-19,14.7,15.69,14.48,15.09,175390775,2658219630.83,7.3601,5.8205
2021-07-20,14.59,15.04,14.41,14.63,102746439,1510739786.17,4.3116,-3.0484
2021-07-21,14.74,15.23,14.65,14.98,82920021,1242811501.92,3.4796,2.3923
2021-07-22,15.04,16.05,14.78,15.64,118322444,1825183460.06,4.9653,4.4059
2021-07-23,15.7,16.96,15.51,16.16,118599794,1930595181.51,4.9769,3.3248
2021-07-26,16.7,16.9,15.51,16.14,117320262,1895893031.83,4.9232,-0.1238
2021-07-27,16.54,17.31,15.76,15.79,156956833,2613923496.78,6.5865,-2.1685
2021-07-28,15.2,15.66,14.48,14.93,101212359,1532564277.4,4.2473,-5.4465
2021-07-29,15.39,15.58,14.99,15.29,87280892,1336751244.18,3.6626,2.4113
2021-07-30,15.24,15.58,14.86,15.44,94076980,1431088297.52,3.9478,0.981
2021-08-02,15.57,16.3,15.38,16.05,117278779,1857116894.17,4.9215,3.9508
2021-08-03,15.82,15.82,14.83,14.93,88613047,1348543807.45,3.7186,-6.9782
2021-08-04,14.88,15.66,14.86,15.49,75595154,1162794498.05,3.1723,3.7508
2021-08-05,15.3,15.3,14.62,14.79,83503576,1243341836.3,3.5041,-4.519
2021-08-06,14.8,16.04,14.8,15.67,123860326,1921396268.06,5.1977,5.95
2021-08-09,15.3,15.49,14.91,15.48,77122717,1170842500.07,3.2364,-1.2125
2021-08-10,15.38,15.48,14.8,15.06,80313061,1207732372.44,3.3703,-2.7132
2021-08-11,15.15,15.36,15.02,15.11,61201189,928316372.26,2.5682,0.332
2021-08-12,15.15,15.9,14.94,15.68,105787308,1643059117.28,4.4392,3.7723
2021-08-13,15.5,16.47,15.18,16.3,133325790,2118069012.47,5.5949,3.9541
2021-08-16,16.5,16.87,15.59,15.65,112133729,1796498883.03,4.7056,-3.9877
2021-08-17,15.4,15.79,15.01,15.1,82629913,1271074310.09,3.4675,-3.5144
2021-08-18,14.85,15.13,14.55,14.91,67081801,994327136.78,2.815,-1.2583
2021-08-19,14.58,14.65,14.01,14.45,86199373,1235306977.74,3.6173,-3.0852
2021-08-20,14.21,14.43,13.88,14.3,83318716,1173916110.52,3.4964,-1.0381
2021-08-23,14.44,14.79,14.44,14.49,62719278,915310950.57,2.6319,1.3287
2021-08-24,14.62,15.03,14.55,14.65,91782857,1357809562.48,3.8516,1.1042
2021-08-25,14.58,15.55,14.56,15.53,117724021,1783807228.36,4.9402,6.0068
2021-08-26,15.39,16.29,15.31,15.7,138568026,2197781495.29,5.8149,1.0947
2021-08-27,15.81,16.74,15.46,16.66,177458956,2877285885.17,7.4469,6.1146
2021-08-30,17.12,17.28,16.35,16.68,190334449,3196076130.31,7.9872,0.12
2021-08-31,16.5,17.85,16.25,17.7,189175899,3241253598.95,7.9386,6.1151
2021-09-01,17.6,18.15,15.93,15.96,220636797,3692081734.34,9.2588,-9.8305
2021-09-02,15.6,16.86,15.56,16.58,135756524,2222061314.3,5.6969,3.8847
2021-09-03,16.61,17.38,16.01,16.47,129642736,2162065185.02,5.4403,-0.6634
2021-09-06,16.62,16.86,15.74,16.25,95685795,1551432465.19,4.0154,-1.3358
2021-09-07,16.3,16.84,16.01,16.57,102875978,1695907024.46,4.3171,1.9692
2021-09-08,16.37,17.08,16.2,16.7,106347163,1770525114.09,4.4627,0.7846
2021-09-09,16.55,17.68,16.41,17.58,150341469,2590917814.68,6.3089,5.2695
2021-09-10,17.5,18.74,17.37,18.07,170723783,3088845425.2,7.1642,2.7873
2021-09-13,18.62,19.38,18.3,19.3,169704946,3205396588.55,7.1215,6.8069
2021-09-14,18.57,18.57,17.67,17.84,152455655,2768513115.91,6.3976,-7.5648
2021-09-15,17.5,18.23,17.35,18.15,89393313,1599958300.89,3.7513,1.7377
2021-09-16,18.32,18.57,16.88,16.97,134670925,2380246075.26,5.6513,-6.5014
2021-09-17,16.82,17.28,16.01,16.49,95075369,1584707240.32,3.9897,-2.8285
2021-09-22,15.9,16.47,15.86,16.28,61092239,987511413.46,2.5637,-1.2735
2021-09-23,16.7,16.79,16.26,16.4,65528360,1084006826.6,2.7498,0.7371
2021-09-24,16.33,16.83,15.65,15.79,69355941,1120561491.94,2.9104,-3.7195
2021-09-27,15.7,15.78,14.44,14.78,82877301,1241061651.41,3.4779,-6.3965
2021-09-28,14.72,15.05,14.49,14.87,45549762,674278049.86,1.9114,0.6089
2021-09-29,14.55,14.74,13.98,14.0,56338896,803447763.85,2.3642,-5.8507
2021-09-30,14.02,14.18,13.94,14.06,44086454,619634337.48,1.85,0.4286
2021-10-08,14.31,14.36,13.91,14.17,40647955,574892962.14,1.7057,0.7824
2021-10-11,14.14,14.5,13.94,14.5,44979308,641233401.75,1.8875,2.3289
2021-10-12,14.46,14.52,13.6,13.86,47884789,672479157.33,2.0094,-4.4138
2021-10-13,13.91,14.14,13.65,14.12,30561435,426556908.34,1.2825,1.8759
2021-10-14,14.39,15.45,14.3,15.12,81477954,1208679304.24,3.4191,7.0822
2021-10-15,15.3,15.63,15.14,15.24,65190143,1001878855.35,2.7356,0.7937
2021-10-18,15.63,15.94,15.4,15.89,62373284,981239859.28,2.6174,4.2651
2021-10-19,15.72,16.08,15.45,15.99,49854504,791168605.38,2.0921,0.6293
2021-10-20,15.39,15.67,15.09,15.35,52774868,811440869.51,2.2146,-4.0025
2021-10-21,15.61,15.9,15.4,15.46,51395916,802802432.53,2.1568,0.7166
2021-10-22,15.1,15.49,14.71,14.83,55474974,835036105.08,2.3279,-4.075
2021-10-25,14.7,14.73,14.18,14.65,45133876,655912739.4,1.894,-1.2138
2021-10-26,14.75,14.77,14.28,14.45,47154376,683684582.32,1.9788,-1.3652
2021-10-27,14.41,14.44,13.86,13.9,50490243,709261563.83,2.1188,-3.8062
2021-10-28,13.61,13.77,12.94,13.18,72963519,964339807.7,3.0618,-5.1799
2021-10-29,13.12,13.18,12.96,12.98,47738454,622298881.59,2.0033,-1.5175
2021-11-01,12.91,13.1,12.79,12.95,44779844,579574356.9,1.8791,-0.2311
2021-11-02,12.96,13.04,12.27,12.54,59308190,748262741.49,2.4888,-3.166
2021-11-03,12.49,12.92,12.45,12.84,37604859,478074722.48,1.578,2.3923
2021-11-04,12.74,12.76,12.48,12.62,32666827,411905766.99,1.3708,-1.7134
2021-11-05,12.4,12.57,12.16,12.19,38159322,469831404.28,1.6013,-3.4073
2021-11-08,12.29,12.57,12.25,12.46,32216246,400605131.1,1.3519,2.2149
2021-11-09,12.47,12.56,12.42,12.5,22151993,276591551.83,0.9296,0.321
2021-11-10,12.4,12.6,12.15,12.59,38149947,469331658.94,1.6009,0.72
2021-11-11,12.51,12.65,12.37,12.62,33736802,422260276.22,1.4157,0.2383
2021-11-12,12.78,12.9,12.6,12.67,34161234,434132326.1,1.4335,0.3962
2021-11-15,12.65,12.71,12.36,12.45,26251503,327258544.45,1.1016,-1.7364
2021-11-16,12.43,12.69,12.34,12.47,27711205,347721647.83,1.1629,0.1606
2021-11-17,12.36,12.77,12.33,12.68,32536534,411208128.11,1.3654,1.684
2021-11-18,12.58,12.89,12.5,12.82,39969433,509735832.26,1.6773,1.1041
2021-11-19,12.9,13.17,12.76,13.17,48394444,627628149.37,2.0308,2.7301
2021-11-22,13.16,13.27,13.05,13.25,42251701,556402922.85,1.773,0.6074
2021-11-23,13.28,13.51,13.17,13.25,43349230,578734016.21,1.8191,0.0
2021-11-24,13.23,13.34,13.06,13.26,31489977,415814393.39,1.3214,0.0755
2021-11-25,13.3,13.55,13.27,13.39,37417972,501933684.46,1.5702,0.9804
2021-11-26,13.25,13.52,13.15,13.23,33819259,450673093.17,1.4192,-1.1949
2021-11-29,12.85,13.14,12.7,13.09,35502484,460141787.16,1.4898,-1.0582
2021-11-30,13.08,13.38,12.82,12.93,37039530,484104308.81,1.5543,-1.2223
2021-12-01,12.85,13.18,12.78,13.15,29288272,381192967.51,1.2291,1.7015
2021-12-02,13.07,13.13,12.85,12.86,34890600,451307679.62,1.4641,-2.2053
2021-12-03,12.89,13.13,12.71,13.04,34645203,448778124.46,1.4538,1.3997
2021-12-06,13.05,13.46,13.02,13.03,47722556,631121364.53,2.0026,-0.0767
2021-12-07,13.12,13.18,12.55,12.81,42881779,549430296.07,1.7995,-1.6884
2021-12-08,12.9,13.17,12.88,13.13,40768076,533094050.75,1.7108,2.498
2021-12-09,13.13,13.27,13.0,13.17,36826590,483849904.12,1.5454,0.3046
2021-12-10,13.14,13.38,13.03,13.22,36060256,477558165.21,1.5132,0.3797
2021-12-13,13.22,13.23,12.98,13.05,44061631,575048194.85,1.849,-1.2859
2021-12-14,12.95,12.96,12.63,12.67,46727690,595690324.23,1.9609,-2.9119
2021-12-15,12.61,12.71,12.52,12.54,27678693,348825734.69,1.1615,-1.026
2021-12-16,12.68,13.79,12.66,13.79,158062322,2133228158.12,6.6329,9.9681
2021-12-17,14.13,14.86,13.75,13.79,177551979,2523453045.17,7.4508,0.0
2021-12-20,13.83,13.9,12.79,12.81,112203497,1470381388.7,4.7085,-7.1066
2021-12-21,12.81,13.06,12.76,12.93,49275699,636004725.22,2.0678,0.9368
2021-12-22,13.01,13.06,12.83,12.9,40375524,521180402.91,1.6943,-0.232
2021-12-23,13.0,13.63,12.87,13.46,74300837,982207742.35,3.118,4.3411
2021-12-24,13.34,14.38,13.3,13.8,110933719,1540695036.91,4.6552,2.526
2021-12-27,13.8,14.0,13.36,13.44,56753061,775983678.04,2.3816,-2.6087
2021-12-28,13.61,14.04,13.38,13.95,62702076,862082499.17,2.6312,3.7946
2021-12-29,13.81,13.98,13.56,13.62,44490006,611600085.02,1.867,-2.3656
2021-12-30,13.62,13.7,13.47,13.56,34278895,464571263.62,1.4385,-0.4405
2021-12-31,13.54,13.73,13.45,13.61,32136606,436603629.01,1.3486,0.3687
2022-01-04,13.6,13.85,13.33,13.74,44905120,610367774.04,1.8844,0.9552
2022-01-05,13.72,14.02,13.58,13.71,49745770,687016411.22,2.0875,-0.2183
2022-01-06,13.5,14.2,13.3,13.87,64337440,885529495.8,2.6999,1.167
2022-01-07,13.75,13.87,13.51,13.53,38509315,527281127.84,1.616,-2.4513
2022-01-10,13.54,13.72,13.51,13.6,26032021,354277067.58,1.0924,0.5174
2022-01-11,13.49,13.78,13.28,13.42,46768250,633231283.69,1.9626,-1.3235
2022-01-12,13.6,14.25,13.58,14.23,107802671,1513934256.98,4.5238,6.0358
2022-01-13,14.5,14.76,14.08,14.1,93984613,1360537435.44,3.944,-0.9136
2022-01-14,13.96,14.23,13.77,13.9,55091631,767363589.46,2.3119,-1.4184
2022-01-17,13.77,13.86,13.65,13.78,33447286,460527617.42,1.4036,-0.8633
2022-01-18,13.83,14.15,13.73,14.0,42130532,590127337.19,1.768,1.5965
2022-01-19,14.01,14.1,13.61,13.77,37713786,519447172.99,1.5826,-1.6429
2022-01-20,13.99,14.14,13.79,13.98,48647484,680029680.05,2.0414,1.5251
2022-01-21,13.95,14.14,13.69,13.96,38857056,541028860.4,1.6306,-0.1431
2022-01-24,13.81,13.96,13.46,13.83,33734699,462569300.5,1.4156,-0.9312
2022-01-25,13.67,13.75,13.03,13.09,44319252,594290518.94,1.8598,-5.3507
2022-01-26,13.16,13.63,13.11,13.35,30734936,409450824.3,1.2898,1.9862
2022-01-27,13.34,13.51,12.77,12.81,33689932,440733724.98,1.4138,-4.0449
2022-01-28,12.98,13.0,12.05,12.33,47004194,580722670.18,1.9725,-3.7471
2022-02-07,12.55,13.13,12.55,13.04,38700040,500343656.9,1.624,5.7583
2022-02-08,13.08,13.29,12.88,13.27,29959653,392753658.64,1.2572,1.7638
2022-02-09,13.25,13.88,13.16,13.72,50829316,694128244.15,2.133,3.3911
2022-02-10,14.06,15.09,14.06,14.66,124499811,1829335458.48,5.2245,6.8513
2022-02-11,14.41,14.99,14.36,14.44,71861004,1053030175.39,3.0156,-1.5007
2022-02-14,14.35,14.6,14.07,14.16,50582376,722694913.98,2.1226,-1.9391
2022-02-15,14.17,14.23,13.88,14.05,36761753,515699462.85,1.5427,-0.7768
2022-02-16,14.11,14.23,13.96,14.0,32714681,460382049.37,1.3728,-0.3559
2022-02-17,14.04,14.33,13.89,14.31,45446079,645375584.22,1.9071,2.2143
2022-02-18,14.16,14.48,14.1,14.46,38244643,548530266.9,1.6049,1.0482
2022-02-21,14.42,14.46,14.2,14.38,30431408,435895619.66,1.277,-0.5533
2022-02-22,14.27,14.55,14.2,14.47,34802983,500473561.94,1.4605,0.6259
2022-02-23,14.51,14.57,14.26,14.43,35739598,514874804.9,1.4998,-0.2764
2022-02-24,14.35,14.81,14.12,14.43,70215065,1019554828.72,2.9465,0.0
2022-02-25,14.39,15.2,14.32,14.91,90309981,1351299214.31,3.7898,3.3264
2022-02-28,15.31,16.4,14.8,16.3,197032194,3130928464.0,8.2682,9.3226
2022-03-01,17.13,17.85,16.72,17.38,281115712,4840770304.0,11.7967,6.6258
2022-03-02,17.0,18.25,17.0,17.94,179384819,3196366768.0,7.5277,3.2221
2022-03-03,17.74,18.07,17.15,17.23,135423168,2379253456.0,5.6829,-3.9576
2022-03-04,17.12,17.37,16.66,16.79,105590221,1795418848.0,4.431,-2.5537
2022-03-07,17.18,17.29,16.4,16.58,84256869,1409649968.0,3.5357,-1.2507
2022-03-08,16.95,17.09,15.21,15.77,133506087,2124131616.0,5.6024,-4.8854
2022-03-09,15.5,15.67,14.35,15.13,102341243,1545588800.0,4.2946,-4.0583
2022-03-10,15.47,15.54,15.09,15.26,69673842,1067328640.0,2.9238,0.8592
2022-03-11,15.0,15.55,14.76,15.38,58512132,887905664.0,2.4554,0.7864
2022-03-14,15.0,15.23,14.65,14.74,56012279,836953120.0,2.3505,-4.1612
2022-03-15,14.52,14.67,13.77,13.8,67190280,956311424.0,2.8196,-6.3772
2022-03-16,14.05,14.56,13.34,14.37,76412341,1070349504.0,3.2066,4.1304
2022-03-17,14.58,14.71,14.3,14.35,64281543,931101520.0,2.6975,-0.1392
2022-03-18,14.45,15.03,14.31,14.98,69405788,1028495005.16,2.9125,4.3902
2022-03-21,14.88,15.02,14.52,14.73,61148503,902985473.79,2.566,-1.6689
2022-03-22,14.72,15.1,14.68,14.82,52518194,781537127.09,2.2039,0.611
2022-03-23,14.7,14.95,14.5,14.8,40817658,601381581.66,1.7129,-0.135
2022-03-24,14.96,15.19,14.67,14.85,59516739,888071842.07,2.4976,0.3378
2022-03-25,14.66,15.05,14.52,14.54,43581508,643275175.63,1.8289,-2.0875
2022-03-28,14.26,14.56,13.92,14.45,42893745,612717145.66,1.8,-0.619
2022-03-29,14.55,14.7,14.31,14.46,30297003,439685018.83,1.2714,0.0692
2022-03-30,14.49,14.62,14.34,14.56,33450883,485090867.66,1.4037,0.6916
2022-03-31,14.5,14.58,13.73,13.76,74244774,1037921859.74,3.1156,-5.4945
2022-04-01,13.64,14.19,13.59,14.02,47354948,660998975.05,1.9872,1.8895
2022-04-06,14.03,14.06,13.4,13.95,48199171,662223429.45,2.0226,-0.4993
2022-04-07,13.8,13.93,13.5,13.57,38430455,525659760.0,1.6127,-2.724
2022-04-08,13.63,14.06,13.22,13.76,47647139,650901922.62,1.9995,1.4001
2022-04-11,13.7,13.87,13.01,13.06,47573365,634002369.13,1.9964,-5.0872
2022-04-12,13.04,13.5,12.99,13.4,36664760,486496051.64,1.5386,2.6034
2022-04-13,13.36,14.36,13.31,14.18,81373394,1137739210.31,3.4147,5.8209
2022-04-14,14.2,14.67,13.91,14.51,62432902,897157508.3,2.6199,2.3272
2022-04-15,14.44,14.7,13.83,13.91,61992449,883009167.03,2.6014,-4.1351
2022-04-18,13.75,13.88,13.46,13.63,38078389,518774932.54,1.5979,-2.0129
2022-04-19,13.8,14.63,13.79,14.48,63289480,904009550.5,2.6559,6.2362
2022-04-20,14.36,14.48,13.85,13.9,54961314,774543329.55,2.3064,-4.0055
2022-04-21,13.82,14.17,13.39,13.41,45568922,628298737.87,1.9123,-3.5252
2022-04-22,13.28,13.44,12.9,13.24,36580176,482767175.98,1.535,-1.2677
2022-04-25,12.71,12.79,11.92,11.92,72270239,881407139.94,3.0327,-9.9698
2022-04-26,11.7,11.77,10.73,10.77,80392633,890963951.19,3.3736,-9.6477
2022-04-27,10.48,11.46,10.4,11.42,67843326,744336551.24,2.847,6.0353
2022-04-28,11.2,11.94,11.1,11.6,57300418,661590132.09,2.4045,1.5762
2022-04-29,11.72,12.06,11.47,11.97,48336292,568122028.7,2.0284,3.1897
2022-05-05,11.85,12.1,11.78,11.97,42774553,511833821.18,1.795,0.0
2022-05-06,11.56,11.61,11.25,11.4,35744524,409640277.15,1.5,-4.7619
2022-05-09,11.35,11.54,11.2,11.34,25358322,287851187.77,1.0641,-0.5263
2022-05-10,11.06,11.55,10.9,11.51,39524517,445632960.67,1.6586,1.4991
2022-05-11,11.44,11.92,11.39,11.57,48648424,568800361.08,2.0415,0.5213
2022-05-12,11.53,11.65,11.2,11.35,33318751,380596312.79,1.3982,-1.9015
2022-05-13,11.37,11.57,11.25,11.44,30101384,343702686.72,1.2632,0.793
2022-05-16,11.56,11.76,11.42,11.49,32195448,372116148.0,1.351,0.4371
2022-05-17,11.58,11.82,11.47,11.79,41785655,487370172.33,1.7535,2.611
2022-05-18,11.8,11.81,11.52,11.59,31551670,366585283.76,1.324,-1.6964
2022-05-19,11.35,11.57,11.15,11.53,41751019,474486083.99,1.752,-0.5177
2022-05-20,11.77,12.22,11.68,12.21,71150512,850106432.98,2.9858,5.8977
2022-05-23,12.35,12.53,12.02,12.4,72147317,890773863.62,3.0276,1.5561
2022-05-24,12.32,12.58,11.78,11.79,71594282,872446576.89,3.0044,-4.9194
2022-05-25,11.87,12.09,11.73,12.0,39843243,475871878.19,1.672,1.7812
2022-05-26,12.0,12.21,11.77,12.09,39172576,470901445.23,1.6438,0.75
2022-05-27,12.25,12.39,11.93,12.09,39739722,483332364.2,1.6676,0.0
2022-05-30,12.0,12.15,11.85,12.0,31138882,373128181.69,1.3067,0.9251
2022-05-31,11.94,12.09,11.83,12.06,44370893,532884834.87,1.862,0.5
2022-06-01,11.95,12.01,11.78,11.99,36066928,429503630.53,1.5135,-0.5804
2022-06-02,11.93,12.25,11.89,12.2,45372645,550699138.83,1.904,1.7515
2022-06-06,12.21,12.83,12.2,12.76,68540436,860136288.33,2.8762,4.5902
2022-06-07,12.68,12.79,12.4,12.54,50319787,632350131.47,2.1116,-1.7241
2022-06-08,12.58,12.89,12.48,12.82,53242319,677372293.38,2.2343,2.2329
2022-06-09,12.74,12.97,12.56,12.73,50410084,642996096.65,2.1154,-0.702
2022-06-10,12.92,13.45,12.64,13.33,81830744,1068729466.98,3.4339,4.7133
2022-06-13,13.07,13.37,12.95,13.18,66162199,869372677.01,2.7764,-1.1253
2022-06-14,12.86,12.99,12.47,12.97,63608777,811409616.36,2.6693,-1.5933
2022-06-15,12.9,13.17,12.76,12.85,55685313,722425716.6,2.3368,-0.9252
2022-06-16,12.89,13.08,12.65,12.71,38060508,488390305.98,1.5972,-1.0895
2022-06-17,12.49,12.93,12.47,12.86,45511522,579626314.46,1.9098,1.1802
2022-06-20,12.78,12.84,12.16,12.19,99828191,1238056435.35,4.1892,-5.21
2022-06-21,12.21,12.31,11.8,11.96,52315898,629372681.64,2.1954,-1.8868
2022-06-22,11.98,12.13,11.86,11.88,36799068,441010367.15,1.5442,-0.6689
2022-06-23,11.82,12.0,11.61,11.99,41877130,494445575.52,1.7573,0.9259
2022-06-24,11.87,11.95,11.78,11.8,41853861,495914454.6,1.7564,-1.5847
2022-06-27,11.82,12.23,11.75,11.99,51592427,619357175.88,2.165,1.6102
2022-06-28,12.0,12.25,11.99,12.25,46569346,565014644.98,1.9542,2.1685
2022-06-29,12.21,12.22,11.76,11.78,51088201,610423246.37,2.1439,-3.8367
2022-06-30,11.78,11.92,11.75,11.83,24324628,288526033.27,1.0208,0.4244
2022-07-01,11.73,12.05,11.58,11.96,39980190,472323158.42,1.6777,1.0989
2022-07-04,11.89,12.34,11.82,12.22,58658273,710172869.8,2.4615,2.1739
2022-07-05,12.23,12.78,12.21,12.78,105597710,1331280126.53,4.4313,4.5827
2022-07-06,12.59,12.63,11.74,11.98,109743223,1330850347.15,4.6053,-6.2598
2022-07-07,11.8,12.55,11.76,12.32,93642777,1149382320.29,3.9296,2.8381
2022-07-08,12.55,12.67,12.01,12.07,69018061,849351221.94,2.8963,-2.0292
2022-07-11,11.95,11.95,11.65,11.74,57795280,678981782.04,2.4253,-2.7341
2022-07-12,11.65,12.48,11.65,12.08,105157462,1282365560.19,4.4128,2.8961
2022-07-13,11.86,11.96,11.7,11.9,63025388,744646441.01,2.6448,-1.4901
2022-07-14,11.83,11.83,11.62,11.73,47586163,558245890.06,1.9969,-1.4286
2022-07-15,11.58,11.58,11.12,11.13,75297218,852498057.53,3.1598,-5.1151
2022-07-18,11.15,11.49,11.15,11.46,44999113,511514019.09,1.8883,2.965
2022-07-19,11.51,11.72,11.42,11.53,38692450,447117713.53,1.6237,0.6108
2022-07-20,11.49,11.69,11.46,11.66,38073627,441507211.27,1.5977,1.1275
2022-07-21,11.66,12.1,11.52,11.87,80800379,961398266.55,3.3907,1.801
2022-07-22,11.75,11.89,11.45,11.61,49568046,577178584.33,2.0801,-2.1904
2022-07-25,11.6,11.61,11.22,11.28,46747939,531079629.14,1.9617,-2.8424
2022-07-26,11.27,11.42,11.17,11.32,35691313,403220114.95,1.4977,0.3546
2022-07-27,11.23,11.3,11.18,11.23,27191422,305331172.2,1.1411,-0.7951
2022-07-28,11.33,11.46,11.25,11.36,32497119,368721696.6,1.3637,1.1576
2022-07-29,11.38,11.44,11.2,11.23,31886337,360172235.29,1.3381,-1.1444
2022-08-01,11.3,11.31,11.13,11.25,26233945,294520167.06,1.1009,0.1781
2022-08-02,11.15,11.15,10.56,10.73,47304885,510040200.2,1.9851,-4.6222
2022-08-03,10.7,10.94,10.55,10.55,32407059,348203714.0,1.3599,-1.6775
2022-08-04,10.64,10.69,10.45,10.63,21860769,231568944.0,0.9174,0.7583
2022-08-05,10.64,10.92,10.63,10.91,30166829,325316460.0,1.2659,2.6341
2022-08-08,10.84,10.99,10.78,10.96,22607676,246789848.0,0.9487,0.4583
2022-08-09,10.92,11.1,10.87,10.99,22766909,250298114.0,0.9554,0.2737
2022-08-10,10.95,11.23,10.92,11.05,27172985,301513554.0,1.1403,0.546
2022-08-11,11.16,11.3,11.05,11.28,36476193,407879059.0,1.5307,2.0814
2022-08-12,11.3,11.45,11.23,11.33,34129888,388026220.0,1.4322,0.4433
2022-08-15,11.3,11.42,11.22,11.3,27193413,307689902.35,1.1411,-0.2648
2022-08-16,11.29,11.32,11.14,11.26,25208390,283182354.78,1.0578,-0.354
2022-08-17,11.3,11.35,11.19,11.28,23171965,261048378.76,0.9724,0.1776
2022-08-18,11.24,11.26,11.08,11.11,26678975,297145169.8,1.1196,-1.5071
2022-08-19,11.16,11.21,11.0,11.02,23087954,256148582.37,0.9689,-0.8101
2022-08-22,11.02,11.37,10.9,11.33,40280672,451495039.92,1.6903,2.8131
2022-08-23,11.3,11.36,11.17,11.24,24599802,276185698.53,1.0323,-0.7944
2022-08-24,11.33,11.45,10.95,10.98,46278109,518246752.5,1.942,-2.3132
2022-08-25,10.96,11.21,10.83,11.18,32648088,360846334.69,1.37,1.8215
2022-08-26,11.22,11.26,11.03,11.11,26557880,296446138.42,1.1145,-0.6261
2022-08-29,10.9,11.05,10.73,11.0,26786752,291649933.92,1.1241,-0.9901
2022-08-30,10.99,11.01,10.78,10.86,22045121,239241497.33,0.9251,-1.2727
2022-08-31,10.83,10.86,10.56,10.65,27339184,291658843.06,1.1473,-1.9337
2022-09-01,10.61,10.72,10.55,10.58,17471281,185777740.55,0.7332,-0.6573
2022-09-02,10.55,10.6,10.51,10.57,14934061,157548303.8,0.6267,-0.0945
2022-09-05,10.5,10.69,10.5,10.65,14383093,152474304.84,0.6036,0.7569
2022-09-06,10.69,10.86,10.67,10.85,22843456,246280995.2,0.9586,1.8779
2022-09-07,10.8,11.14,10.75,11.08,39641626,437187244.97,1.6635,2.1198
2022-09-08,11.08,11.23,11.0,11.09,28437320,316362574.27,1.1933,0.0903
2022-09-09,11.18,11.45,11.18,11.28,41790125,473585830.87,1.7537,1.7133
2022-09-13,11.41,11.54,11.28,11.29,36554004,416800857.18,1.5339,0.0887
2022-09-14,11.08,11.18,11.01,11.03,25385709,281479905.83,1.0653,-2.3029
2022-09-15,11.11,11.15,10.61,10.74,33037708,357794502.58,1.3864,-2.6292
2022-09-16,10.73,10.74,10.2,10.22,47406735,492936699.14,1.9894,-4.8417
2022-09-19,10.25,10.28,9.97,10.08,25524901,256925112.04,1.0711,-1.3699
2022-09-20,10.15,10.53,10.11,10.39,27796038,287800752.36,1.1664,3.0754
2022-09-21,10.33,10.52,10.21,10.47,19641369,203556756.22,0.8242,0.77
2022-09-22,10.38,10.65,10.31,10.49,24101186,253871339.43,1.0114,0.191
2022-09-23,10.5,10.54,10.16,10.3,19434080,200886872.77,0.8155,-1.8112
2022-09-26,10.07,10.13,9.75,9.75,36446881,361361497.88,1.5295,-5.3398
2022-09-27,9.77,9.9,9.42,9.73,33094850,317790410.79,1.3888,-0.2051
2022-09-28,9.63,9.69,9.37,9.38,22781683,215562800.57,0.956,-3.5971
2022-09-29,9.5,9.62,9.27,9.33,20506339,193421574.29,0.8605,-0.533
2022-09-30,9.33,9.55,9.33,9.34,18029592,169935045.43,0.7566,0.1072
2022-10-10,9.39,9.48,9.13,9.18,20789750,193762420.02,0.8724,-1.7131
2022-10-11,9.21,9.38,9.18,9.33,18401773,170956077.42,0.7722,1.634
2022-10-12,9.34,9.55,9.11,9.51,33056719,309520405.87,1.3872,1.9293
2022-10-13,9.41,9.53,9.36,9.44,19410957,183151157.84,0.8146,-0.7361
2022-10-14,9.53,9.7,9.5,9.64,23199536,222844273.3,0.9735,2.1186
2022-10-17,9.59,9.7,9.47,9.67,18033266,172870863.01,0.7567,0.3112
2022-10-18,9.7,9.74,9.56,9.64,17467546,168552041.4,0.733,-0.3102
2022-10-19,9.62,9.73,9.5,9.54,16091490,154941034.38,0.6753,-1.0373
2022-10-20,9.5,9.63,9.37,9.55,16606027,157752340.46,0.6969,0.1048
2022-10-21,9.59,9.61,9.4,9.44,14690645,139572731.44,0.6165,-1.1518
2022-10-24,9.52,9.78,9.35,9.43,29794103,285531145.64,1.2503,-0.1059
2022-10-25,9.5,9.5,9.17,9.41,21356442,199275191.92,0.8962,-0.2121
2022-10-26,9.39,9.68,9.39,9.57,23305329,222415645.15,0.978,1.7003
2022-10-27,9.68,9.82,9.61,9.63,27952740,271572558.13,1.173,0.627
2022-10-28,9.55,9.59,9.29,9.34,28200013,265348378.29,1.1834,-3.0114
2022-10-31,9.23,9.52,9.13,9.47,23674848,221058844.15,0.9935,1.3919
2022-11-01,9.63,9.82,9.52,9.82,32480726,315933320.78,1.363,3.6959
2022-11-02,9.84,10.0,9.76,9.93,25178284,249556331.35,1.0566,1.1202
2022-11-03,9.86,10.17,9.8,9.96,23730288,236986602.42,0.9958,0.3021
2022-11-04,10.0,10.89,9.99,10.69,78684670,829184632.54,3.3019,7.3293
2022-11-07,11.02,11.29,10.92,11.03,89400077,992092932.91,3.7516,3.1805
2022-11-08,10.99,11.29,10.95,11.2,68935037,770001112.86,2.8928,1.5413
2022-11-09,11.5,11.53,11.13,11.18,54992178,619996059.41,2.3077,-0.1786
2022-11-10,11.09,11.24,10.99,11.16,47506503,527963928.17,1.9936,-0.1789
2022-11-11,11.6,11.75,11.45,11.45,83533366,968621477.7,3.5054,2.5986
2022-11-14,11.73,11.73,11.19,11.29,56043613,640452635.87,2.3518,-1.3974
2022-11-15,11.21,11.44,11.1,11.38,35576913,401599276.08,1.4929,0.7972
2022-11-16,11.35,11.41,11.24,11.31,21128889,239015474.02,0.8867,-0.6151
2022-11-17,11.2,11.22,10.95,11.17,31170268,346817844.91,1.308,-1.2378
2022-11-18,11.15,11.21,11.06,11.08,22620457,251706460.13,0.9492,-0.8057
2022-11-21,11.03,11.03,10.84,10.92,22281259,243585105.83,0.935,-1.444
2022-11-22,10.93,11.03,10.78,10.84,21790611,237129105.46,0.9144,-0.7326
2022-11-23,10.92,11.0,10.78,10.87,18316295,199316254.73,0.7686,0.2768
2022-11-24,10.94,10.99,10.84,10.89,15634083,170500440.5,0.6561,0.184
2022-11-25,10.82,10.94,10.8,10.88,14894815,162068585.64,0.625,-0.0918
2022-11-28,10.68,10.7,10.44,10.67,29228396,309731897.49,1.2265,-1.9301
2022-11-29,10.98,10.99,10.77,10.89,26678134,290789211.6,1.1195,2.0619
2022-11-30,10.87,10.95,10.76,10.9,21383347,232222757.58,0.8973,0.0918
2022-12-01,11.13,11.19,10.88,10.93,34215273,377353538.12,1.4358,0.2752
2022-12-02,10.92,10.94,10.71,10.74,20419569,220460981.58,0.8569,-1.7383
2022-12-05,10.87,11.25,10.84,11.11,47289024,523659073.8,1.9844,3.4451
2022-12-06,11.07,11.18,10.81,11.03,33825668,372051077.8,1.4195,-0.7201
2022-12-07,11.01,11.15,10.9,10.92,25133505,276823450.58,1.0547,-0.9973
2022-12-08,10.93,11.09,10.89,11.0,16465653,181061016.14,0.691,0.7326
2022-12-09,11.03,11.39,11.02,11.39,45864204,515938479.57,1.9246,3.5455
2022-12-12,11.27,11.27,10.6,10.61,75085043,810973265.01,3.1509,-6.8481
2022-12-13,10.61,10.94,10.61,10.81,33977998,367269946.24,1.4258,1.885
2022-12-14,10.86,11.09,10.81,10.86,30249308,331327996.77,1.2694,0.4625
2022-12-15,10.8,10.86,10.65,10.81,20097200,215816605.31,0.8434,-0.4604
2022-12-16,10.65,10.74,10.52,10.71,21556084,229273254.6,0.9046,-0.9251
2022-12-19,10.71,10.83,10.42,10.46,20752342,219969395.2,0.8708,-2.3343
2022-12-20,10.45,10.55,10.36,10.41,12878168,134416625.81,0.5404,-0.478
2022-12-21,10.52,10.54,10.36,10.44,11118693,116159927.13,0.4666,0.2882
2022-12-22,10.51,10.52,10.08,10.16,17124631,176053407.8,0.7186,-2.682
2022-12-23,10.06,10.2,9.93,10.11,14154652,142957126.6,0.594,-0.4921
2022-12-26,10.15,10.32,10.08,10.29,12592960,128749149.95,0.5284,1.7804
2022-12-27,10.29,10.45,10.28,10.42,10852060,112614603.2,0.4554,1.2634
2022-12-28,10.37,10.62,10.29,10.52,17121269,179610761.15,0.7185,0.9597
2022-12-29,10.41,10.46,10.26,10.27,11702740,121138705.8,0.4911,-2.3764
2022-12-30,10.34,10.36,10.15,10.2,10536732,107660779.76,0.4422,-0.6816
2023-01-03,10.18,10.47,10.07,10.43,16809644,172585262.98,0.7054,2.2549
2023-01-04,10.37,10.44,10.16,10.18,17182813,176446992.79,0.7211,-2.3969
2023-01-05,10.18,10.32,10.16,10.24,12674915,129834107.34,0.5319,0.5894
2023-01-06,10.3,10.37,10.25,10.28,13626893,140413859.5,0.5718,0.3906
2023-01-09,10.5,10.99,10.45,10.94,55748464,601219583.01,2.3394,6.4202
2023-01-10,10.88,10.97,10.77,10.86,27085307,294009854.69,1.1366,-0.7313
2023-01-11,10.98,11.06,10.89,10.95,30011592,329629678.74,1.2594,0.8287
2023-01-12,11.09,11.15,10.85,10.89,21963039,241291237.89,0.9217,-0.5479
2023-01-13,11.04,11.13,10.81,10.92,22437026,245560798.04,0.9415,0.2755
2023-01-16,10.94,11.13,10.93,11.07,27687164,305499892.43,1.1619,1.3736
2023-01-17,11.03,11.1,10.97,11.06,16263167,179410054.81,0.6825,-0.0903
2023-01-18,11.18,11.35,11.17,11.28,29876818,336591931.41,1.2537,1.9892
2023-01-19,11.19,11.5,11.15,11.44,29873462,339518672.6,1.2536,1.4184
2023-01-20,11.5,11.69,11.47,11.66,38081208,442158794.39,1.598,1.9231
2023-01-30,11.81,11.85,11.51,11.54,45157978,527176458.72,1.895,-1.0292
2023-01-31,11.51,11.7,11.48,11.54,26974738,313032887.4,1.132,0.0
2023-02-01,11.66,11.98,11.6,11.86,54358225,643309923.73,2.2811,2.773
2023-02-02,11.81,11.81,11.64,11.68,35268599,412618797.43,1.48,-1.5177
2023-02-03,11.5,11.64,11.32,11.53,35329416,404950572.29,1.4826,-1.2842
2023-02-06,11.3,11.42,11.2,11.37,24151240,272874256.2,1.0135,-1.3877
2023-02-07,11.38,11.46,11.31,11.44,18969751,216039499.41,0.796,0.6157
2023-02-08,11.48,11.57,11.31,11.32,16418423,187729709.93,0.689,-1.049
2023-02-09,11.28,11.42,11.27,11.41,18010693,204874598.07,0.7558,0.7951
2023-02-10,11.4,11.4,11.17,11.23,20205543,227546593.33,0.8479,-1.5776
2023-02-13,11.18,11.3,11.16,11.24,22552646,253213292.41,0.9464,0.089
2023-02-14,11.33,11.74,11.31,11.46,57087652,656233704.89,2.3956,1.9573
2023-02-15,11.51,11.68,11.29,11.32,39892395,457190832.41,1.674,-1.2216
2023-02-16,11.26,11.32,10.9,11.03,41156235,458490978.02,1.7271,-2.5618
2023-02-17,11.09,11.31,11.08,11.08,26233004,293081233.28,1.1008,0.4533
2023-02-20,11.16,11.51,11.09,11.47,41062218,466735008.04,1.7231,3.5199
2023-02-21,11.56,12.25,11.51,12.04,99754920,1191027681.79,4.1861,4.9695
2023-02-22,12.1,12.19,11.86,12.0,61279659,738554361.97,2.5715,-0.3322
2023-02-23,11.98,12.15,11.85,11.95,38265015,458221074.46,1.6057,-0.4167
2023-02-24,11.84,11.84,11.53,11.62,48831113,569233954.88,2.0491,-2.7615
2023-02-27,11.45,11.62,11.35,11.44,32517100,372325066.29,1.3645,-1.5491
2023-02-28,11.51,11.53,11.35,11.48,28118663,321880143.13,1.18,0.3497
2023-03-01,11.51,12.05,11.48,12.05,75484718,890208960.59,3.1676,4.9652
2023-03-02,12.06,12.08,11.77,11.78,50016803,596195431.43,2.0989,-2.2407
2023-03-03,11.86,11.86,11.65,11.8,35703926,419741392.98,1.4983,0.1698
2023-03-06,11.76,11.84,11.5,11.58,45251715,524911624.98,1.8989,-1.8644
2023-03-07,11.67,11.96,11.58,11.6,55397388,652626227.3,2.3247,0.1727
2023-03-08,11.4,11.48,11.32,11.42,40848645,465775483.35,1.7142,-1.5517
2023-03-09,11.5,11.51,11.35,11.45,23350298,267027147.36,0.9799,0.2627
2023-03-10,11.35,11.39,11.16,11.2,28820681,323947019.43,1.2094,-2.1834
2023-03-13,11.17,11.47,11.17,11.41,27094262,306619774.11,1.137,1.875
2023-03-14,11.39,11.53,11.13,11.23,39279184,443978567.73,1.6483,-1.5776
2023-03-15,11.3,11.52,11.3,11.4,30881013,352705268.87,1.2959,1.5138
2023-03-16,11.18,11.19,10.79,10.82,65220973,714501331.17,2.7369,-5.0877
2023-03-17,10.91,11.11,10.87,10.99,35851220,394697580.34,1.5045,1.5712
2023-03-20,11.04,11.09,10.91,10.98,27635354,304100041.7,1.1597,-0.091
2023-03-21,11.04,11.2,10.95,11.19,29499104,327637652.51,1.2379,1.9126
2023-03-22,11.23,11.33,11.14,11.22,21806278,244918974.28,0.9151,0.2681
2023-03-23,11.22,11.33,11.13,11.31,26206646,294994439.55,1.0997,0.8021
2023-03-24,11.33,11.38,11.21,11.36,24164700,273188618.05,1.014,0.4421
2023-03-27,11.9,12.5,11.89,12.5,150940402,1865324621.91,6.334,10.0352
2023-03-28,12.47,12.94,12.42,12.53,133943136,1690299294.33,5.6208,0.24
2023-03-29,12.72,12.72,12.44,12.52,55074068,689933779.11,2.3111,-0.0798
2023-03-30,12.5,12.61,12.31,12.56,51901408,646228244.25,2.178,0.3195
2023-03-31,12.52,12.79,12.52,12.67,45550107,577445653.02,1.9115,0.8758
2023-04-03,12.65,12.86,12.59,12.77,42458414,540709619.7,1.7817,0.7893
2023-04-04,12.82,12.82,12.66,12.78,30732286,391115773.18,1.2896,0.0783
2023-04-06,12.78,13.19,12.75,12.98,47684046,619433174.3,2.001,1.5649
2023-04-07,12.94,12.94,12.73,12.79,30193034,386175085.75,1.267,-1.4638
2023-04-10,12.76,12.97,12.72,12.79,27007647,346799936.09,1.1333,0.0
2023-04-11,12.79,12.93,12.6,12.91,36836745,471317789.91,1.5458,0.9382
2023-04-12,13.02,13.34,13.0,13.12,46628724,613404967.77,1.9567,1.6266
2023-04-13,13.13,13.34,13.01,13.13,39382729,518245153.27,1.6527,0.0762
2023-04-14,13.31,13.77,13.31,13.67,75789210,1029435287.78,3.1804,4.1127
2023-04-17,13.6,14.06,13.51,14.05,71331457,989537773.75,2.9933,2.7798
2023-04-18,14.02,14.49,13.91,14.22,54253790,768896017.27,2.2767,1.21
2023-04-19,14.21,14.72,14.14,14.56,72612142,1050442164.87,3.0471,2.391
2023-04-20,14.09,14.09,13.28,13.61,132329183,1802133537.14,5.5531,-6.5247
2023-04-21,13.6,13.63,13.2,13.23,59185668,793344999.08,2.4837,-2.7921
2023-04-24,13.41,13.53,12.95,13.04,53781111,709204996.11,2.2569,-1.4361
2023-04-25,13.12,13.15,12.5,12.69,47244795,602198714.07,1.9826,-2.684
2023-04-26,12.5,12.95,12.41,12.83,38087299,485718042.37,1.5983,1.1032
2023-04-27,12.73,13.0,12.59,12.84,30916652,396164949.1,1.2974,0.0779
2023-04-28,12.88,13.21,12.86,13.14,35853612,469868577.26,1.5046,2.3364
2023-05-04,13.1,13.29,13.02,13.23,34713497,458111836.16,1.4567,0.6849
2023-05-05,13.19,13.22,12.94,13.08,33785225,442219729.87,1.4178,-1.1338
2023-05-08,13.1,13.5,13.1,13.46,32058058,429443918.0,1.3453,2.9052
2023-05-09,13.49,13.54,13.08,13.14,42255085,561391222.94,1.7732,-2.3774
2023-05-10,13.25,13.39,13.14,13.24,33746920,447184187.82,1.4162,0.761
2023-05-11,13.19,13.19,12.9,13.03,27784732,362117592.79,1.166,-1.5861
2023-05-12,12.82,12.93,12.58,12.8,42099763,537709148.61,1.7667,-1.7652
2023-05-15,12.82,13.28,12.79,13.28,41124688,536047558.84,1.7258,3.75
2023-05-16,13.28,13.34,12.98,13.03,40130557,528852677.39,1.684,-1.8825
2023-05-17,12.98,13.03,12.83,12.89,42678653,550290464.12,1.791,-1.0744
2023-05-18,11.7,11.7,11.18,11.26,61783943,699676695.37,2.5927,-2.0017
2023-05-19,11.21,11.22,10.76,10.91,50553012,552043969.25,2.1214,-3.1083
2023-05-22,10.9,10.93,10.73,10.79,33328398,359757260.84,1.3986,-1.0999
2023-05-23,10.81,10.87,10.7,10.71,25383988,274122714.52,1.0652,-0.7414
2023-05-24,10.69,10.82,10.62,10.66,19111271,204495036.95,0.802,-0.4669
2023-05-25,10.61,10.62,10.3,10.41,33048153,344959702.64,1.3868,-2.3452
2023-05-26,10.43,10.5,10.29,10.48,16308825,169795426.23,0.6844,0.6724
2023-05-29,10.55,10.55,10.36,10.4,21040185,219637378.43,0.8829,-0.7634
2023-05-30,10.42,10.43,10.21,10.38,24240823,250282979.91,1.0172,-0.1923
2023-05-31,10.37,10.43,10.24,10.26,23584027,243463917.2,0.9897,-1.1561
2023-06-01,10.29,10.47,10.24,10.41,26226159,272258976.23,1.1006,1.462
2023-06-02,10.46,10.73,10.45,10.69,35724062,379407595.3,1.4991,2.6897
2023-06-05,10.66,10.74,10.54,10.69,22296511,237580877.97,0.9356,0.0
2023-06-06,10.69,10.82,10.53,10.6,26515475,283704802.01,1.1127,-0.8419
2023-06-07,10.6,10.68,10.47,10.52,14321007,151299897.87,0.601,-0.7547
2023-06-08,10.51,10.62,10.47,10.54,16811558,177192426.22,0.7055,0.1901
2023-06-09,10.58,10.62,10.47,10.57,21043849,221907130.88,0.8831,0.2846
2023-06-12,10.57,10.69,10.46,10.62,24075090,254495592.34,1.0103,0.473
2023-06-13,10.58,10.63,10.39,10.46,21554485,225896737.6,0.9045,-1.5066
2023-06-14,10.55,10.75,10.5,10.53,30688108,325626344.16,1.2878,0.6692
2023-06-15,10.52,10.7,10.48,10.69,30237163,320941403.86,1.2689,1.5195
2023-06-16,10.75,10.99,10.74,10.97,37452878,407134698.87,1.5717,2.6193
2023-06-19,10.95,10.95,10.47,10.54,49597969,524256678.9,2.0813,-3.9198
2023-06-20,10.61,10.73,10.5,10.55,25540918,270466568.28,1.0718,0.0949
2023-06-21,10.56,10.81,10.52,10.56,33852374,360521464.03,1.4206,0.0948
2023-06-26,10.43,10.52,10.3,10.31,26782493,277907302.14,1.1239,-2.3674
2023-06-27,10.34,10.6,10.28,10.56,26768195,279879361.84,1.1233,2.4248
2023-06-28,10.55,10.6,10.34,10.47,18247481,190473901.25,0.7657,-0.8523
2023-06-29,10.41,10.43,10.33,10.33,18668555,193264785.26,0.7834,-1.3372
2023-06-30,10.33,10.56,10.31,10.51,22659342,237288947.25,0.9509,1.7425
2023-07-03,10.58,10.98,10.57,10.82,38950601,422277513.32,1.6345,2.9496
2023-07-04,11.06,11.1,10.8,10.87,33298213,363107275.11,1.3973,0.4621
2023-07-05,10.81,11.14,10.78,11.04,46702875,513322775.32,1.9598,1.5639
2023-07-06,11.05,11.05,10.75,10.8,29708717,321977514.39,1.2467,-2.1739
2023-07-07,10.76,11.02,10.67,10.86,27483064,297787445.25,1.1533,0.5556
2023-07-10,10.93,11.06,10.88,10.9,27247556,299076030.41,1.1434,0.3683
2023-07-11,10.99,11.21,10.88,11.19,36092453,400066754.56,1.5146,2.6606
2023-07-12,11.13,11.3,11.1,11.15,23447943,262488073.42,0.984,-0.3575
2023-07-13,11.3,11.6,11.29,11.47,43103445,494495282.47,1.8088,2.87
2023-07-14,11.6,11.78,11.51,11.54,44397122,516659405.02,1.8631,0.6103
2023-07-17,11.46,11.49,11.21,11.32,25694201,290585540.09,1.0782,-1.9064
2023-07-18,11.32,11.56,11.27,11.49,20711957,237119658.66,0.8692,1.5018
2023-07-19,11.53,11.67,11.5,11.66,24758717,287141980.81,1.039,1.4795
2023-07-20,11.64,11.73,11.55,11.56,18739300,218027454.65,0.7864,-0.8576
2023-07-21,11.53,11.72,11.46,11.62,18682820,217039258.99,0.784,0.519
2023-07-24,11.58,11.73,11.45,11.49,17385245,201078456.5,0.7296,-1.1188
2023-07-25,11.64,11.8,11.64,11.68,25005496,292690381.47,1.0493,1.6536
2023-07-26,11.7,12.12,11.7,11.85,45536191,542579016.19,1.9109,1.4555
2023-07-27,11.85,11.97,11.7,11.73,22969133,271730756.09,0.9639,-1.0127
2023-07-28,11.65,11.91,11.53,11.91,25623590,301850377.61,1.0753,1.5345
2023-07-31,12.03,12.55,12.03,12.29,53194416,657561489.67,2.2322,3.1906
2023-08-01,12.46,12.58,12.38,12.56,49693979,620305283.65,2.0854,2.1969
2023-08-02,12.6,12.61,12.23,12.29,37504916,462843908.14,1.5739,-2.1497
2023-08-03,12.1,12.23,11.95,12.2,30952077,374930747.19,1.2989,-0.7323
2023-08-04,12.3,12.4,12.25,12.27,24844681,305868289.07,1.0426,0.5738
2023-08-07,12.24,12.35,12.2,12.28,21657157,265393494.22,0.9088,0.0815
2023-08-08,12.3,12.6,12.25,12.54,38831371,484716380.11,1.6295,2.1173
2023-08-09,12.45,12.52,12.3,12.34,21396798,265027996.3,0.8979,-1.5949
2023-08-10,12.34,12.47,12.3,12.45,20731961,257215563.27,0.87,0.8914
2023-08-11,12.42,12.45,12.08,12.13,32775088,400149258.72,1.3754,-2.5703
2023-08-14,11.97,12.16,11.91,12.11,23624976,284200665.66,0.9914,-0.1649
2023-08-15,12.1,12.28,12.05,12.14,22676454,275907704.45,0.9516,0.2477
2023-08-16,12.0,12.04,11.88,11.93,23763585,284042771.56,0.9972,-1.7298
2023-08-17,11.8,12.02,11.67,11.98,24216794,286726780.81,1.0162,0.4191
2023-08-18,12.05,12.1,11.85,11.87,17908771,214732888.75,0.7515,-0.9182
2023-08-21,11.85,12.02,11.78,11.78,15998407,190353946.9,0.6714,-0.7582
2023-08-22,11.82,12.05,11.82,12.01,22883476,273490040.34,0.9603,1.9525
2023-08-23,12.05,12.1,11.9,11.91,21425001,256783532.37,0.8991,-0.8326
2023-08-24,11.98,12.89,11.98,12.63,65076258,816447472.0,2.7309,6.0453
2023-08-25,12.6,12.66,12.34,12.57,37571904,469830039.35,1.5767,-0.4751
2023-08-28,13.2,13.23,12.55,12.75,52086731,664624506.38,2.1858,1.432
2023-08-29,12.7,12.88,12.56,12.85,37487980,478060468.33,1.5731,0.7843
2023-08-30,12.85,13.15,12.79,12.9,31152253,403003987.5,1.3073,0.3891
2023-08-31,12.87,13.02,12.73,12.78,23539731,302208108.5,0.9878,-0.9302
2023-09-01,12.82,13.15,12.79,12.97,32694699,425439792.0,1.372,1.4867
2023-09-04,13.2,13.38,13.11,13.27,41637663,551985422.16,1.7473,2.313
2023-09-05,13.23,13.38,13.11,13.3,27828254,368969260.82,1.1678,0.2261
2023-09-06,13.3,13.31,13.0,13.08,22977825,301433741.71,0.9642,-1.6541
2023-09-07,12.98,13.08,12.84,12.86,22451989,290415262.43,0.9422,-1.682
2023-09-08,12.82,12.95,12.76,12.82,16684920,214252666.19,0.7002,-0.311
2023-09-11,12.87,13.19,12.83,13.12,25329149,331208267.52,1.0629,2.3401
2023-09-12,13.21,13.47,13.0,13.0,24742771,326898331.28,1.0383,-0.9146
2023-09-13,13.06,13.25,12.98,13.11,23524100,308545274.34,0.9872,0.8462
2023-09-14,13.16,13.4,13.11,13.36,33439311,444871000.69,1.4032,1.9069
2023-09-15,13.5,13.77,13.39,13.46,53007825,718281678.55,2.2244,0.7485
2023-09-18,13.45,13.46,13.11,13.35,30932353,409726375.58,1.298,-0.8172
2023-09-19,13.3,13.38,13.22,13.27,18241165,242494255.4,0.7655,-0.5993
2023-09-20,13.29,13.55,13.23,13.49,33886654,455274539.31,1.422,1.6579
2023-09-21,13.4,13.47,13.14,13.14,28550800,378475082.0,1.1981,-2.5945
2023-09-22,13.12,13.21,12.79,12.86,47363832,611172003.09,1.9876,-2.1309
2023-09-25,12.84,13.06,12.78,12.94,32515901,421389748.59,1.3645,0.6221
2023-09-26,12.9,13.18,12.85,13.09,27513780,359293529.8,1.1546,1.1592
2023-09-27,13.02,13.08,12.9,12.94,20157712,261177434.76,0.8459,-1.1459
2023-09-28,12.91,13.0,12.66,12.85,28792869,368922423.74,1.2083,-0.6955
2023-10-09,12.79,12.96,12.54,12.89,22745477,290510871.6,0.9545,0.3113
2023-10-10,12.89,13.02,12.79,12.82,14475532,186540138.76,0.6074,-0.5431
2023-10-11,12.87,12.96,12.81,12.86,17775946,228890574.2,0.7459,0.312
2023-10-12,12.9,13.29,12.9,13.25,28783275,379366655.0,1.2079,3.0327
2023-10-13,13.15,13.15,12.79,13.06,27677101,358555023.02,1.1614,-1.434
2023-10-16,13.04,13.22,12.98,13.03,17188639,225200167.45,0.7213,-0.2297
2023-10-17,13.03,13.08,12.86,13.01,16740149,217238669.02,0.7025,-0.1535
2023-10-18,13.01,13.08,12.89,12.92,17398451,225535322.78,0.7301,-0.6918
2023-10-19,12.86,12.91,12.72,12.75,15853460,202925489.6,0.6653,-1.3158
2023-10-20,12.73,12.76,12.49,12.52,17594691,221726824.33,0.7383,-1.8039
2023-10-23,12.33,12.49,12.11,12.31,26463532,325962935.01,1.1105,-1.6773
2023-10-24,12.33,12.57,12.28,12.49,23869709,296711214.99,1.0017,1.4622
2023-10-25,12.63,12.97,12.62,12.7,24706522,317319545.76,1.0368,1.6813
2023-10-26,12.65,12.72,12.52,12.7,12657932,159894500.56,0.5312,0.0
2023-10-27,12.68,12.74,12.51,12.52,21498900,271140488.45,0.9022,-1.4173
2023-10-30,12.41,12.64,12.41,12.59,18506224,232059234.52,0.7766,0.5591
2023-10-31,12.58,12.69,12.41,12.56,13940798,174762809.92,0.585,-0.2383
2023-11-01,12.53,12.68,12.5,12.67,17078060,215602146.0,0.7167,0.8758
2023-11-02,12.7,12.86,12.64,12.65,12049834,153593081.99,0.5057,-0.1579
2023-11-03,12.67,12.77,12.42,12.45,24589900,309097717.0,1.0319,-1.581
2023-11-06,12.45,12.52,11.95,12.22,53622993,653456678.18,2.2502,-1.8474
2023-11-07,12.18,12.35,12.07,12.29,25882970,316570151.6,1.0862,0.5728
2023-11-08,12.26,12.26,12.06,12.11,17392500,210951021.0,0.7299,-1.4646
2023-11-09,12.08,12.19,12.07,12.13,14934915,181300334.16,0.6267,0.1652
2023-11-10,12.12,12.34,12.1,12.2,19891927,243405141.74,0.8347,0.5771
2023-11-13,12.25,12.35,12.17,12.3,14929005,182924299.3,0.6265,0.8197
2023-11-14,12.37,12.46,12.32,12.33,14391443,178167848.19,0.6039,0.2439
2023-11-15,12.47,12.6,12.41,12.48,17313211,216331339.66,0.7265,1.2165
2023-11-16,12.49,12.57,12.38,12.52,13866442,173082214.22,0.5819,0.3205
2023-11-17,12.5,12.63,12.3,12.61,20909602,260986268.65,0.8774,0.7188
2023-11-20,12.62,12.69,12.54,12.65,17880194,225805661.17,0.7503,0.3172
2023-11-21,12.75,13.04,12.74,12.83,31774997,410670130.7,1.3334,1.4229
2023-11-22,12.79,12.85,12.64,12.66,18109406,230002699.07,0.7599,-1.325
2023-11-23,12.64,12.88,12.55,12.85,19162199,244019297.03,0.8041,1.5008
2023-11-24,12.82,12.95,12.75,12.82,12962900,166552919.0,0.544,-0.2335
2023-11-27,12.8,12.83,12.62,12.73,15540599,197605743.36,0.6521,-0.702
2023-11-28,12.72,12.88,12.69,12.87,12548500,160695849.0,0.5266,1.0998
2023-11-29,12.96,12.99,12.82,12.82,11983000,154661329.99,0.5029,-0.3885
2023-11-30,12.82,12.9,12.72,12.82,15123302,193766718.63,0.6346,0.0
2023-12-01,12.85,12.94,12.79,12.88,16965098,218383702.34,0.7119,0.468
2023-12-04,13.05,13.19,12.98,13.04,24831594,325273532.28,1.042,1.2422
2023-12-05,12.94,12.99,12.76,12.77,16115737,207669505.56,0.6763,-2.0706
2023-12-06,12.71,12.96,12.69,12.94,14505425,186826805.44,0.6087,1.3312
2023-12-07,12.89,12.89,12.65,12.71,14461032,184298932.51,0.6068,-1.7774
2023-12-08,12.71,12.76,12.51,12.63,18565523,234619271.45,0.7791,-0.6294
2023-12-11,12.62,12.85,12.5,12.83,18374002,232762219.39,0.771,1.5835
2023-12-12,12.8,12.89,12.72,12.86,12316700,157912687.73,0.5169,0.2338
2023-12-13,12.84,12.84,12.63,12.66,11413879,145255495.56,0.479,-1.5552
2023-12-14,12.79,12.85,12.66,12.66,11563030,147556821.43,0.4852,0.0
2023-12-15,12.82,13.07,12.66,12.68,19509450,250367762.94,0.8187,0.158
2023-12-18,12.62,12.74,12.53,12.67,14816563,187783479.26,0.6218,-0.0789
2023-12-19,12.62,12.68,12.55,12.62,11523100,145257208.0,0.4836,-0.3946
2023-12-20,12.66,12.86,12.66,12.74,14784109,188830946.72,0.6204,0.9509
2023-12-21,12.66,12.88,12.5,12.85,21777293,276448395.49,0.9139,0.8634
2023-12-22,12.85,13.27,12.82,13.23,35492678,465970403.29,1.4894,2.9572
2023-12-25,13.22,13.71,13.16,13.68,36892658,497829784.58,1.5482,3.4014
2023-12-26,13.65,13.79,13.53,13.6,27906665,380487159.54,1.1711,-0.5848
2023-12-27,13.58,14.18,13.56,14.15,44773731,625007984.59,1.8789,4.0441
2023-12-28,14.28,14.44,14.13,14.22,49684329,708458021.22,2.0849,0.4947
2023-12-29,14.0,14.32,13.98,14.27,32775382,465280617.72,1.3754,0.3516
2024-01-02,14.28,14.92,14.27,14.72,38438625,566340037.19,1.613,3.1535
2024-01-03,14.62,14.91,14.61,14.8,27918928,412240321.92,1.1716,0.5435
2024-01-04,14.72,14.81,14.58,14.77,26699552,392324098.7,1.1204,-0.2027
2024-01-05,14.76,14.97,14.52,14.56,29387611,433875118.78,1.2332,-1.4218
2024-01-08,14.51,14.94,14.41,14.66,45899869,674237124.31,1.9261,0.6868
2024-01-09,14.62,15.2,14.61,15.05,40160753,601011468.02,1.6853,2.6603
2024-01-10,14.99,15.02,14.57,14.62,31575348,466776144.1,1.325,-2.8571
2024-01-11,14.58,14.8,14.49,14.53,33794195,493455204.26,1.4181,-0.6156
2024-01-12,14.52,14.77,14.52,14.6,20213249,296261114.42,0.8482,0.4818
2024-01-15,14.65,14.67,14.43,14.48,17866492,259752347.5,0.7497,-0.8219
2024-01-16,14.46,14.54,14.24,14.45,21527865,309881069.85,0.9034,-0.2072
2024-01-17,14.4,14.46,14.08,14.09,20078416,286539517.15,0.8426,-2.4913
2024-01-18,14.03,14.06,13.5,13.92,39001482,535296245.63,1.6367,-1.2065
2024-01-19,13.9,14.1,13.82,13.95,22953901,320550445.74,0.9632,0.2155
2024-01-22,13.94,13.96,13.19,13.29,27165309,368368125.55,1.14,-4.7312
2024-01-23,13.29,13.73,13.11,13.61,30927663,414820020.29,1.2978,2.4078
2024-01-24,13.6,14.06,13.57,14.04,30579799,423148737.94,1.2832,3.1594
2024-01-25,14.14,14.7,14.1,14.6,41548887,601154267.64,1.7436,3.9886
2024-01-26,14.6,14.69,14.44,14.58,19134062,278533473.45,0.8029,-0.137
2024-01-29,14.58,14.84,14.54,14.55,25409085,372657171.52,1.0663,-0.2058
2024-01-30,14.42,14.7,14.3,14.34,22904803,331962696.41,0.9612,-1.4433
2024-01-31,14.42,14.61,14.11,14.22,27333307,393324601.21,1.147,-0.8368
2024-02-01,14.2,14.39,14.0,14.12,24163877,343488910.84,1.014,-0.7032
2024-02-02,14.1,14.42,13.67,13.99,34206439,482750359.91,1.4354,-0.9207
2024-02-05,13.95,14.38,13.58,14.12,52830963,740169558.26,2.217,0.9292
2024-02-06,14.02,14.85,13.96,14.8,45772753,661870747.45,1.9208,4.8159
2024-02-07,14.8,15.65,14.67,15.58,56778251,861574817.16,2.3826,5.2703
2024-02-08,15.56,15.88,15.1,15.14,57510755,893758159.25,2.4134,-2.8241
2024-02-19,15.15,15.73,15.04,15.73,49508328,767166002.1,2.0776,3.897
2024-02-20,15.66,16.05,15.43,15.89,37920617,599206690.5,1.5913,1.0172
2024-02-21,15.85,16.1,15.71,15.72,33189774,528047482.95,1.3928,-1.0699
2024-02-22,15.7,16.6,15.66,16.49,42506740,688547839.87,1.7837,4.8982
2024-02-23,16.65,17.26,16.46,17.08,52460708,889384479.84,2.2015,3.5779
2024-02-26,16.98,17.02,16.12,16.27,54206391,897692913.8,2.2747,-4.7424
2024-02-27,16.16,16.43,16.1,16.26,35493287,575994456.63,1.4894,-0.0615
2024-02-28,16.2,16.39,16.03,16.03,36776779,596227307.74,1.5433,-1.4145
2024-02-29,15.99,16.68,15.97,16.65,37485014,614707346.94,1.573,3.8677
2024-03-01,16.64,16.83,16.14,16.35,47422425,777356788.26,1.99,-1.8018
2024-03-04,16.38,16.64,16.26,16.54,35989961,592629707.26,1.5103,1.1621
2024-03-05,16.54,16.69,16.32,16.37,33810067,556867233.86,1.4188,-1.0278
2024-03-06,16.32,16.95,16.28,16.78,38852159,649658161.18,1.6304,2.5046
2024-03-07,16.86,18.09,16.82,17.67,67580109,1195761042.76,2.8359,5.3039
2024-03-08,17.88,18.38,17.79,18.25,61549146,1112240816.35,2.5828,3.2824
2024-03-11,18.25,18.35,17.76,18.07,43272744,776807410.54,1.8159,-0.9863
2024-03-12,18.03,18.05,17.13,17.22,52269517,914146101.47,2.1934,-4.7039
2024-03-13,17.24,17.9,17.12,17.7,45689651,800197661.56,1.9173,2.7875
2024-03-14,18.55,19.46,18.55,19.2,93577032,1789312524.07,3.9269,8.4746
2024-03-15,18.99,19.87,18.86,19.67,88511009,1716538743.15,3.7143,2.4479
2024-03-18,19.09,19.27,18.22,18.55,120259564,2253032444.36,5.0466,-5.694
2024-03-19,18.31,19.1,18.19,18.33,84829228,1577743538.58,3.5598,-1.186
2024-03-20,18.21,18.63,18.0,18.42,57231523,1046130563.72,2.4017,0.491
2024-03-21,18.74,18.87,18.39,18.5,45831220,850729217.43,1.9233,0.4343
2024-03-22,18.4,18.4,17.72,17.8,55630170,998092767.12,2.3345,-3.7838
2024-03-25,17.74,18.74,17.71,18.36,60088349,1102128630.02,2.5215,3.1461
2024-03-26,18.3,18.4,17.95,18.3,29532196,537294253.11,1.2393,-0.3268
2024-03-27,18.28,18.67,18.16,18.17,35497584,653829066.5,1.4896,-0.7104
2024-03-28,18.21,18.69,18.04,18.54,36312928,670054375.82,1.5238,2.0363
2024-03-29,18.68,19.48,18.6,19.29,53998842,1034123886.3,2.266,4.0453
2024-04-01,19.6,19.85,18.7,19.08,55187312,1061300190.48,2.3159,-1.0886
2024-04-02,19.1,19.65,18.88,19.22,39451065,758403861.23,1.6555,0.7338
2024-04-03,19.22,20.6,19.22,20.6,72725375,1445745796.3,3.0518,7.18
2024-04-08,20.6,21.81,20.11,20.38,86605675,1820737141.49,3.6343,-1.068
2024-04-09,20.39,20.6,19.58,19.85,59379365,1183194030.79,2.4918,-2.6006
2024-04-10,19.85,20.5,19.8,20.1,53619853,1077928365.55,2.2501,1.2594
2024-04-11,19.42,20.59,19.33,20.52,62752498,1250480251.1,2.6333,2.0896
2024-04-12,20.43,20.61,19.95,20.36,47844927,971720896.93,2.0078,-0.7797
2024-04-15,20.15,20.93,19.4,20.82,52077002,1046865158.41,2.1854,2.2593
2024-04-16,20.7,20.98,19.6,19.71,49520069,1008802942.85,2.0781,-5.3314
2024-04-17,19.65,20.3,19.48,20.19,37283900,741489880.33,1.5646,2.4353
2024-04-18,20.0,21.46,19.9,21.46,66383629,1379745726.35,2.7857,6.2902
2024-04-19,21.51,22.22,20.81,21.02,69618040,1493112976.54,2.9214,-2.0503
2024-04-22,21.21,21.96,20.65,20.74,67142487,1431266212.12,2.8176,-1.3321
2024-04-23,20.33,20.34,19.27,19.31,71995100,1417078412.63,3.0212,-6.8949
2024-04-24,19.33,20.1,19.19,19.76,52833418,1037057973.05,2.2171,2.3304
2024-04-25,19.55,19.94,19.32,19.91,33576324,661553277.59,1.409,0.7591
2024-04-26,19.95,20.66,19.78,20.62,71640556,1444819838.1,3.0063,3.566
2024-04-29,20.29,20.3,19.71,20.01,54905327,1096349632.37,2.304,-2.9583
2024-04-30,20.31,20.49,19.87,20.1,46799068,947377560.21,1.9639,0.4498
2024-05-06,19.77,19.77,19.0,19.63,83482332,1614923364.02,3.5032,-2.3383
2024-05-07,19.63,19.85,19.2,19.32,51299262,1003010089.66,2.1527,-1.5792
2024-05-08,19.0,19.3,18.73,19.08,39425863,751077767.66,1.6545,-1.2422
2024-05-09,19.0,19.79,18.98,19.68,40109111,781695646.67,1.6831,3.1447
2024-05-10,19.88,20.08,19.18,19.74,51088432,999452950.35,2.1439,0.3049
2024-05-13,19.45,19.86,19.27,19.77,33788545,662663127.97,1.4179,0.152
2024-05-14,20.03,20.21,19.67,19.95,45904264,915184738.88,1.9263,0.9105
2024-05-15,19.81,20.2,19.56,19.77,40614700,808528550.6,1.7044,-0.9023
2024-05-16,19.96,20.72,19.7,19.77,66778522,1352742260.64,2.8023,0.0
2024-05-17,19.85,20.28,19.46,20.26,38661306,766832296.44,1.6224,2.4785
2024-05-20,21.0,21.49,20.72,21.28,66820669,1410607695.34,2.8041,5.0346
2024-05-21,21.29,21.5,20.29,20.54,55284007,1143298213.59,2.3199,-3.4774
2024-05-22,20.48,20.68,20.05,20.1,29427042,597334243.74,1.2349,-2.1422
2024-05-23,19.35,19.36,18.77,18.91,57891881,1101819019.74,2.4294,-5.9204
2024-05-24,18.96,19.34,18.94,19.1,27454063,527427093.3,1.1521,1.0048
2024-05-27,19.03,19.7,19.03,19.67,26095350,507953945.83,1.0951,2.9843
2024-05-28,19.84,20.15,19.68,19.76,28614470,569723884.61,1.2008,0.4575
2024-05-29,19.66,20.19,19.63,20.01,28175070,563395902.73,1.1823,1.2652
2024-05-30,19.78,19.89,19.03,19.14,34605165,672206985.46,1.4522,-4.3478
2024-05-31,18.8,18.83,18.37,18.59,30673594,570673413.12,1.2872,-0.2682
2024-06-03,18.49,18.79,18.16,18.51,26078326,481894705.56,1.0943,-0.4303
2024-06-04,18.58,18.95,18.36,18.89,23375030,436922552.78,0.9809,2.0529
2024-06-05,18.5,18.5,18.06,18.08,35598080,650215547.87,1.4938,-4.288
2024-06-06,18.34,18.78,18.28,18.47,31043617,574731853.04,1.3027,2.1571
2024-06-07,18.75,18.77,18.11,18.38,21955039,403696257.14,0.9213,-0.4873
2024-06-11,18.09,18.23,17.74,18.15,28117404,505796332.71,1.1799,-1.2514
2024-06-12,18.1,18.48,18.07,18.31,19707225,360102194.5,0.827,0.8815
2024-06-13,18.25,18.4,17.7,17.89,30060195,539742337.53,1.2614,-2.2938
2024-06-14,17.74,18.02,17.55,17.9,30132566,537885383.55,1.2645,0.0559
2024-06-17,17.88,17.99,17.25,17.28,42217100,737087919.0,1.7716,-3.4637
2024-06-18,17.5,17.6,17.23,17.46,36794597,641472472.02,1.544,1.0417
2024-06-19,17.56,17.84,17.31,17.59,26624258,468946828.25,1.1173,0.7446
2024-06-20,17.67,18.12,17.64,17.75,27536888,491151752.0,1.1556,0.9096
2024-06-21,17.85,18.46,17.79,18.07,40056512,725909194.04,1.6809,1.8028
2024-06-24,17.76,17.89,17.6,17.72,21319321,377924422.96,0.8946,-1.9369
2024-06-25,17.68,18.05,17.58,17.75,22073783,392934193.67,0.9263,0.1693
2024-06-26,17.68,17.83,17.33,17.79,17644040,310070940.92,0.7404,0.2254
2024-06-27,17.8,17.83,17.18,17.28,23415297,407459959.91,0.9826,-2.8668
2024-06-28,17.31,18.08,17.25,17.95,32389684,575220820.24,1.3592,3.8773
2024-07-01,17.95,18.48,17.83,18.39,25349146,462099719.41,1.0637,2.4513
2024-07-02,18.39,18.46,18.02,18.14,20788394,378900249.22,0.8724,-1.3594
2024-07-03,18.15,18.37,18.03,18.12,18537461,337210746.01,0.7779,-0.1103
2024-07-04,18.45,18.72,17.98,17.98,33186700,609925033.98,1.3926,-0.7726
2024-07-05,18.08,18.66,17.91,18.58,25933512,475043399.54,1.0883,3.337
2024-07-08,18.71,19.02,18.58,18.73,33622355,632418950.95,1.4109,0.8073
2024-07-09,18.68,19.41,18.66,19.38,35289791,674266139.14,1.4809,3.4704
2024-07-10,19.33,19.48,18.67,18.78,27083590,516451400.28,1.1365,-3.096
2024-07-11,18.98,19.52,18.64,19.39,29169371,560180224.86,1.2241,3.2481
2024-07-12,19.32,19.34,18.45,18.66,38102873,715579587.38,1.5989,-3.7648
2024-07-15,18.53,18.99,18.3,18.84,30359315,569865932.14,1.274,0.9646
2024-07-16,18.64,18.9,18.5,18.84,21052100,394531884.05,0.8834,0.0
2024-07-17,18.77,18.93,17.8,17.97,40960428,742880624.46,1.7189,-4.6178
2024-07-18,17.75,17.94,17.3,17.83,32287669,567068243.95,1.3549,-0.7791
2024-07-19,17.1,17.31,16.7,17.22,43850282,747178570.06,1.8401,-3.4212
2024-07-22,17.01,17.2,16.72,17.12,34798978,590774558.66,1.4603,-0.5807
2024-07-23,17.14,17.2,15.93,15.93,53557203,874961333.21,2.2475,-6.9509
2024-07-24,15.92,16.01,15.61,15.72,29444740,465131186.64,1.2356,-1.3183
2024-07-25,15.6,15.6,15.03,15.12,44055722,669826971.18,1.8488,-3.8168
2024-07-26,15.22,15.66,15.17,15.28,28332574,435617306.8,1.1889,1.0582
2024-07-29,15.4,16.05,15.33,15.87,44540612,703216199.79,1.8691,3.8613
2024-07-30,15.8,15.85,15.18,15.32,36319929,557941897.02,1.5241,-3.4657
2024-07-31,15.39,16.12,15.39,16.12,41307236,655475540.55,1.7334,5.2219
2024-08-01,16.46,16.52,16.18,16.34,40118708,656742598.89,1.6835,1.3648
2024-08-02,15.85,15.9,15.52,15.54,38795121,607575132.78,1.628,-4.896
2024-08-05,15.13,15.65,15.06,15.18,38036951,581788704.59,1.5962,-2.3166
2024-08-06,15.25,15.53,15.01,15.18,26624757,404587643.4,1.1173,0.0
2024-08-07,15.08,15.4,14.97,15.23,24646369,375376409.21,1.0343,0.3294
2024-08-08,15.12,15.18,14.94,15.02,24571500,369044144.3,1.0311,-1.3789
2024-08-09,15.15,15.65,15.14,15.4,29552905,455914142.46,1.2402,2.53
2024-08-12,15.25,15.49,15.21,15.39,18529343,284060278.57,0.7776,-0.0649
2024-08-13,15.53,15.76,15.49,15.75,25510805,398859400.34,1.0705,2.3392
2024-08-14,15.73,15.82,15.34,15.39,19387844,301446029.2,0.8136,-2.2857
2024-08-15,15.38,15.86,15.32,15.66,22710847,354839996.59,0.953,1.7544
2024-08-16,15.98,16.13,15.68,15.78,29606000,469368945.99,1.2424,0.7663
2024-08-19,15.5,16.25,15.5,16.16,32107012,516925455.17,1.3473,2.4081
2024-08-20,16.15,16.21,15.8,15.88,21078646,335982992.4,0.8845,-1.7327
2024-08-21,15.79,15.93,15.71,15.84,14298391,226172844.02,0.6,-0.2519
2024-08-22,15.8,15.85,15.46,15.58,16998909,264865539.89,0.7133,-1.6414
2024-08-23,15.46,15.74,15.4,15.52,15967783,248254830.03,0.6701,-0.3851
2024-08-26,15.78,15.86,15.36,15.74,21530890,336400768.04,0.9035,1.4175
2024-08-27,15.62,15.68,15.3,15.49,15781839,244088891.27,0.6623,-1.5883
2024-08-28,15.44,15.74,15.28,15.29,20287497,313334107.87,0.8513,-1.2912
2024-08-29,15.12,15.66,15.06,15.57,18723334,289315007.2,0.7857,1.8313
2024-08-30,15.52,15.89,15.29,15.65,30666320,478489070.8,1.2869,0.5138
2024-09-02,15.54,15.6,15.15,15.25,23330277,356966802.58,0.979,-2.5559
2024-09-03,15.23,15.67,15.2,15.5,21041611,325697060.03,0.883,1.6393
2024-09-04,15.3,15.3,14.72,14.9,34019989,508422246.48,1.4276,-3.871
2024-09-05,14.95,15.11,14.47,14.55,22093257,324694937.71,0.9271,-2.349
2024-09-06,14.65,14.77,14.47,14.5,12579072,183954786.4,0.5279,-0.3436
2024-09-09,14.36,14.4,14.12,14.3,25620692,365281765.73,1.0751,-1.3793
2024-09-10,14.42,14.47,14.11,14.26,18283143,260164936.96,0.7672,-0.2797
2024-09-11,14.25,14.34,14.05,14.29,16352785,232120120.85,0.6862,0.2104
2024-09-12,14.39,14.58,14.16,14.27,16587109,238504733.21,0.6961,-0.14
2024-09-13,14.48,14.71,14.29,14.3,21816808,316367070.78,0.9155,0.2102
2024-09-18,14.38,14.59,14.19,14.47,18005992,259706872.31,0.7556,1.1888
2024-09-19,14.47,15.32,14.28,15.3,38901049,580665623.57,1.6324,5.736
2024-09-20,15.18,15.85,15.09,15.73,35841100,559679378.47,1.504,2.8105
2024-09-23,15.65,16.0,15.57,15.63,25952233,407870029.07,1.0891,-0.6357
2024-09-24,15.78,16.3,15.64,16.11,38252029,612605564.62,1.6052,3.071
2024-09-25,16.53,17.05,16.42,16.43,44548603,743847005.08,1.8694,1.9863
2024-09-26,16.44,17.26,16.37,17.25,31339589,527693346.14,1.3151,4.9909
2024-09-27,17.77,18.0,17.56,17.87,28680440,511091556.91,1.2035,3.5942
2024-09-30,18.43,19.27,18.23,18.97,69917801,1315139400.21,2.934,6.1556
2024-10-08,20.7,20.7,18.0,18.76,92529886,1773326820.9,3.8829,-1.107
2024-10-09,18.35,18.4,17.34,17.48,58429463,1043974764.25,2.4519,-6.823
2024-10-10,17.47,18.44,17.37,17.99,52721782,945704360.81,2.2124,2.9176
2024-10-11,18.02,18.32,17.65,17.84,25245969,454064151.09,1.0594,-0.8338
2024-10-14,17.84,18.53,17.69,18.41,42336689,771023526.89,1.7766,3.1951
2024-10-15,18.41,18.41,17.59,17.61,31412353,564312133.92,1.3182,-4.3455
2024-10-16,17.44,17.77,17.26,17.49,32880355,575366117.46,1.3798,-0.6814
2024-10-17,17.68,17.71,17.09,17.12,28525188,494754548.43,1.197,-2.1155
2024-10-18,17.07,17.77,17.03,17.4,34847207,605080352.82,1.4623,1.6355
2024-10-21,18.05,18.78,18.05,18.19,67736300,1245105509.0,2.8425,4.5402
2024-10-22,18.15,18.4,17.81,18.3,32020272,582088491.91,1.3437,0.6047
2024-10-23,18.36,18.45,18.03,18.22,30285925,553142802.23,1.2709,-0.4372
2024-10-24,18.05,18.19,17.9,18.15,24009819,433364036.99,1.0075,-0.3842
2024-10-25,18.19,18.26,17.82,17.95,29545967,532170192.48,1.2399,-1.1019
2024-10-28,18.2,18.35,18.02,18.23,33706832,614091789.69,1.4145,1.5599
2024-10-29,18.23,18.34,17.92,18.03,30624149,555114540.33,1.2851,-1.0971
2024-10-30,18.02,18.34,17.8,18.06,31554054,569162428.51,1.3241,0.1664
2024-10-31,18.0,18.06,17.65,17.69,32768271,584855410.91,1.3751,-2.0487
2024-11-01,17.6,18.75,17.56,18.3,71430183,1310630232.43,2.9975,3.4483
2024-11-04,18.3,18.51,17.93,18.5,37367470,682160824.38,1.5681,1.0929
2024-11-05,18.43,19.2,18.37,19.2,47323220,894439378.97,1.9859,3.7838
2024-11-06,19.2,19.7,18.7,18.97,55100786,1059324217.81,2.3122,-1.1979
2024-11-07,18.3,18.81,18.01,18.78,59885318,1104499066.52,2.513,-1.0016
2024-11-08,19.2,19.35,18.51,18.7,47338176,892628437.55,1.9865,-0.426
2024-11-11,18.39,18.42,18.0,18.28,45199426,821472971.6,1.8967,-2.246
2024-11-12,18.05,18.64,17.75,17.88,51217822,931536117.32,2.1493,-2.1882
2024-11-13,17.78,18.25,17.75,18.03,32377921,586109553.71,1.3587,0.8389
2024-11-14,17.88,18.03,17.34,17.42,43655735,768034799.65,1.832,-3.3833
2024-11-15,17.54,17.77,17.31,17.33,30611597,536877927.18,1.2846,-0.5166
2024-11-18,17.33,17.44,16.86,17.0,38193994,654190056.73,1.6028,-1.9042
2024-11-19,17.2,17.5,17.17,17.47,30985319,537746518.07,1.3003,2.7647
2024-11-20,17.45,17.68,17.32,17.49,24094450,420717407.25,1.0111,0.1145
2024-11-21,17.45,17.62,17.28,17.54,23891275,416041180.78,1.0026,0.2859
2024-11-22,17.45,17.56,16.94,16.95,29258276,501086584.25,1.2278,-3.3637
2024-11-25,16.95,17.28,16.66,16.79,24354527,412935314.23,1.022,-0.944
2024-11-26,16.71,16.84,16.56,16.68,23727117,395945996.41,0.9957,-0.6552
2024-11-27,16.64,16.79,16.33,16.79,19188779,318433478.85,0.8052,0.6595
2024-11-28,16.77,16.77,16.52,16.65,18450651,307310426.58,0.7743,-0.8338
2024-11-29,16.68,17.0,16.55,16.84,22420798,376501165.72,0.9409,1.1411
2024-12-02,16.73,16.87,16.71,16.78,29533885,495523034.1,1.2394,-0.3563
2024-12-03,16.83,16.97,16.72,16.82,22145206,372247135.3,0.9293,0.2384
2024-12-04,17.2,17.29,16.86,16.89,31785490,541070352.08,1.3338,0.4162
2024-12-05,16.75,16.88,16.71,16.76,20876723,349961891.6,0.8761,-0.7697
2024-12-06,16.76,17.0,16.69,16.87,23114535,389780646.06,0.97,0.6563
2024-12-09,16.88,16.99,16.68,16.74,22088423,371785379.51,0.9269,-0.7706
2024-12-10,17.1,17.2,16.72,16.76,37713014,641308103.44,1.5826,0.1195
2024-12-11,16.76,17.32,16.76,17.05,39603756,675837193.21,1.6619,1.7303
2024-12-12,17.02,17.24,16.93,17.18,32253677,552511637.7,1.3535,0.7625
2024-12-13,17.02,17.04,16.39,16.42,57183565,950766777.2,2.3996,-4.4237
2024-12-16,16.4,16.51,16.24,16.37,27185904,445027287.71,1.1408,-0.3045
2024-12-17,16.31,16.62,16.31,16.38,25840483,425423079.56,1.0844,0.0611
2024-12-18,16.4,16.54,16.25,16.28,17919027,293101166.68,0.752,-0.6105
2024-12-19,16.15,16.45,15.93,16.39,19868849,322944421.4,0.8338,0.6757
2024-12-20,16.32,16.44,15.88,15.93,34324723,550072524.55,1.4404,-2.8066
2024-12-23,16.0,16.14,15.85,15.97,35255919,563500784.96,1.4795,0.2511
2024-12-24,16.0,16.37,15.91,16.34,31159212,504824894.23,1.3076,2.3168
2024-12-25,16.35,16.41,16.23,16.31,18651994,304503768.2,0.7827,-0.1836
2024-12-26,16.34,16.58,16.28,16.41,17194505,283031733.87,0.7215,0.6131
2024-12-27,16.41,16.51,16.2,16.23,21943500,357880250.0,0.9208,-1.0969
2024-12-30,16.23,16.49,16.2,16.44,23705095,388774295.29,0.9948,1.2939
2024-12-31,16.41,16.45,16.07,16.07,26776577,434127671.47,1.1236,-2.2506
2025-01-02,16.08,16.32,15.89,16.0,33752901,543022501.34,1.4164,-0.4356
2025-01-03,16.01,16.76,16.01,16.32,46440232,764754184.2,1.9488,2.0
2025-01-06,16.42,16.78,16.01,16.44,35583031,586827490.84,1.4932,0.7353
2025-01-07,16.44,17.05,16.3,17.0,47627933,804013676.46,1.9987,3.4063
2025-01-08,16.91,17.05,16.62,16.95,35887400,604638971.9,1.506,-0.2941
2025-01-09,16.91,17.24,16.83,17.2,34849201,597237830.29,1.4624,1.4749
2025-01-10,17.29,17.58,17.06,17.06,34111883,588903756.21,1.4315,-0.814
2025-01-13,16.88,17.43,16.88,17.2,33091899,570939096.94,1.3887,0.8206
2025-01-14,17.15,17.45,17.04,17.39,34538179,597131251.31,1.4494,1.1047
2025-01-15,17.36,17.5,17.05,17.15,33554634,577029340.11,1.4081,-1.3801
2025-01-16,17.35,17.68,17.33,17.55,39504358,692722327.19,1.6578,2.3324
2025-01-17,17.54,17.74,17.46,17.67,26043280,458653124.4,1.0929,0.6838
2025-01-20,17.63,17.83,17.49,17.54,25521001,449781887.23,1.071,-0.7357
2025-01-21,17.6,17.75,17.37,17.69,20719516,364128581.95,0.8695,0.8552
2025-01-22,17.64,17.74,17.5,17.69,16741179,295433982.46,0.7025,0.0
2025-01-23,17.75,17.81,17.37,17.37,26135259,458828175.09,1.0967,-1.8089
2025-01-24,17.45,17.68,17.35,17.48,22142685,387556771.85,0.9292,0.6333
2025-01-27,17.48,17.57,17.29,17.43,17823259,310819664.65,0.7479,-0.286
2025-02-05,17.49,17.53,17.11,17.23,21795010,375248706.45,0.9146,-1.1474
2025-02-06,17.4,17.53,17.17,17.29,26388598,456149392.01,1.1074,0.3482
2025-02-07,17.28,17.91,17.1,17.89,44451519,782195937.87,1.8654,3.4702
2025-02-10,17.96,18.1,17.6,17.66,39864095,710327228.45,1.6729,-1.2856
2025-02-11,17.75,17.97,17.61,17.78,36268574,645244964.46,1.522,0.6795
2025-02-12,17.63,17.67,17.27,17.37,32697737,570818620.52,1.3721,-2.306
2025-02-13,17.43,17.6,17.34,17.45,29597762,516769548.87,1.242,0.4606
2025-02-14,17.46,17.67,17.32,17.56,23863357,417438670.91,1.0014,0.6304
2025-02-17,17.37,17.37,16.83,16.86,42852873,727206098.05,1.7983,-3.9863
2025-02-18,16.88,16.93,16.53,16.64,28130015,469796729.61,1.1804,-1.3049
2025-02-19,16.64,16.67,16.42,16.48,31705961,522895192.31,1.3305,-0.9615
2025-02-20,16.42,16.61,16.34,16.53,27804426,457744108.01,1.1668,0.3034
2025-02-21,16.53,16.68,16.37,16.39,33864436,557648574.49,1.4211,-0.8469
2025-02-24,16.35,16.57,16.2,16.45,27738384,455545791.5,1.164,0.3661
2025-02-25,16.33,16.46,16.18,16.21,24365633,398002826.87,1.0225,-1.459
2025-02-26,16.23,16.57,16.23,16.38,28518789,467802101.65,1.1968,1.0487
2025-02-27,16.3,16.37,16.01,16.17,26288805,424529531.48,1.1032,-1.2821
2025-02-28,16.1,16.2,15.89,15.93,26921510,431044132.02,1.1297,-1.4842
2025-03-03,15.96,16.28,15.96,16.09,27087057,436756956.37,1.1367,1.0044
2025-03-04,16.08,16.22,15.97,16.16,20802177,335247355.48,0.8729,0.4351
2025-03-05,16.11,16.4,15.88,16.35,30386793,491189648.9,1.2751,1.1757
2025-03-06,16.8,17.14,16.68,16.79,57684475,975221386.08,2.4207,2.6911
2025-03-07,16.8,17.28,16.79,16.98,49634934,849177017.87,2.0829,1.1316
2025-03-10,16.99,17.45,16.84,17.32,42867947,735932516.72,1.7989,2.0024
2025-03-11,17.06,17.21,16.9,17.17,27618651,470999011.61,1.159,-0.8661
2025-03-12,17.33,17.52,17.13,17.4,35193239,609931343.81,1.4768,1.3395
2025-03-13,17.54,17.93,17.41,17.75,42443879,750572296.62,1.7811,2.0115
2025-03-14,18.07,18.18,17.7,17.87,49657091,888180460.19,2.0838,0.6761
2025-03-17,17.8,18.0,17.72,17.76,32068068,572019105.64,1.3457,-0.6156
2025-03-18,17.97,18.16,17.76,17.9,38311196,689061468.16,1.6077,0.7883
2025-03-19,17.92,18.04,17.75,18.03,27697809,496211986.38,1.1623,0.7263
2025-03-20,18.3,18.43,17.95,18.01,34087325,619222563.75,1.4304,-0.1109
2025-03-21,17.95,18.11,17.57,17.62,36893304,657759658.06,1.5482,-2.1655
2025-03-24,17.72,18.44,17.64,18.23,58370420,1060690647.36,2.4495,3.462
2025-03-25,18.22,18.54,18.11,18.26,37350414,682844643.94,1.5674,0.1646
2025-03-26,18.56,18.69,18.01,18.09,48859942,899039333.93,2.0504,-0.931
2025-03-27,17.85,18.04,17.56,17.62,45555042,805600685.82,1.9117,-2.5981
2025-03-28,17.57,17.66,17.28,17.32,36178389,630055944.82,1.5182,-1.7026
2025-03-31,17.25,17.36,16.88,17.01,32564882,555330902.79,1.3665,-1.7898
2025-04-01,17.1,17.14,16.88,16.94,24150710,410113925.9,1.0135,-0.4115
2025-04-02,16.93,17.08,16.77,16.91,25034934,424310398.34,1.0506,-0.1771
2025-04-03,16.68,16.77,16.49,16.64,34580719,575191307.93,1.4511,-1.5967
2025-04-07,14.98,15.11,14.98,14.98,43902378,657852885.62,1.8423,-9.976
2025-04-08,14.66,14.85,14.07,14.53,76560665,1102941787.89,3.2128,-3.004
2025-04-09,14.03,14.44,13.8,14.44,65188279,924061163.96,2.7356,-0.6194
2025-04-10,15.01,15.22,14.84,15.09,57413597,862335598.73,2.4093,4.5014
2025-04-11,15.19,15.3,14.92,15.29,39322829,594513889.94,1.6501,1.3254
2025-04-14,15.61,15.61,15.04,15.15,109827306,1671973926.13,4.6088,-0.9156
2025-04-15,15.19,15.21,14.99,15.07,50973272,767895503.51,2.139,-0.5281
2025-04-16,15.12,15.12,14.68,14.9,49887104,739593996.87,2.0935,-1.1281
2025-04-17,14.88,14.97,14.82,14.95,26013241,387681256.7,1.0916,0.3356
2025-04-18,14.95,15.09,14.83,15.0,22389927,334435259.64,0.9396,0.3344
2025-04-21,15.01,15.43,14.95,15.4,47076857,716691826.59,1.9755,2.6667
2025-04-22,15.4,15.42,15.25,15.32,38721764,593637888.1,1.6249,-0.5195
2025-04-23,15.49,15.66,15.32,15.44,53554900,829446786.35,2.2474,0.7833
2025-04-24,15.41,15.5,15.15,15.18,32202389,492105759.01,1.3513,-1.6839
2025-04-25,15.23,15.72,15.17,15.44,48513736,751951376.24,2.0358,1.7128
2025-04-28,15.3,15.61,15.29,15.56,36861463,570099981.53,1.5469,0.7772
2025-04-29,15.5,15.71,15.47,15.61,25643093,399675090.46,1.0761,0.3213
2025-04-30,15.59,15.6,15.36,15.38,26369649,407611937.42,1.1066,-1.4734
2025-05-06,15.41,15.55,15.3,15.51,34401523,532397676.35,1.4436,0.8453
2025-05-07,15.7,15.75,15.42,15.61,37569430,584991533.2,1.5766,0.6447
2025-05-08,15.49,15.58,15.44,15.53,25319926,393162408.25,1.0625,-0.5125
2025-05-09,15.54,15.61,15.45,15.6,23622252,367088932.13,0.9913,0.4507
2025-05-12,15.65,15.93,15.6,15.92,37128552,586140621.4,1.5581,2.0513
2025-05-13,15.95,16.03,15.88,15.98,24370716,389064698.26,1.0227,0.3769
2025-05-14,15.99,16.18,15.94,16.17,29549561,475302194.71,1.24,1.189
2025-05-15,16.13,16.16,15.97,15.97,24074502,386425959.13,1.0103,-1.2369
2025-05-16,16.0,16.19,15.91,16.16,19946219,320459840.1,0.837,1.1897
2025-05-19,16.11,16.14,15.76,15.83,29280068,463942268.7,1.2287,-2.0421
2025-05-20,15.86,15.94,15.82,15.82,21034852,333710619.56,0.8827,-0.0632
2025-05-21,15.87,16.08,15.85,16.04,27089118,432402000.72,1.1368,1.3906
2025-05-22,15.95,16.03,15.84,15.95,19504524,311098595.0,0.8185,-0.5611
2025-05-23,15.92,16.22,15.92,16.07,30692714,493954435.21,1.288,0.7524
2025-05-26,16.19,16.38,16.12,16.17,31650275,513840140.6,1.3282,0.6223
2025-05-27,16.29,16.32,15.88,15.92,25745283,411873908.74,1.0804,-1.5461
2025-05-28,15.92,16.03,15.88,15.91,14266046,227410148.18,0.5987,-0.0628
2025-05-29,15.85,16.06,15.8,15.97,19430855,310301934.3,0.8154,0.3771
2025-05-30,15.92,15.96,15.78,15.8,17293475,274086720.44,0.7257,-1.0645
2025-06-03,15.9,16.02,15.89,15.99,26278472,419239595.96,1.1027,1.2025
2025-06-04,15.98,16.22,15.98,16.16,24886791,401902467.4,1.0443,1.0632
2025-06-05,16.18,16.22,16.06,16.12,19758690,318915046.95,0.8292,-0.2475
2025-06-06,16.2,16.44,16.18,16.38,28262175,461875805.45,1.186,1.6129
2025-06-09,16.31,16.48,16.17,16.43,27121162,442588819.47,1.1381,0.3053
2025-06-10,16.47,16.58,16.33,16.45,27399517,450917756.65,1.1498,0.1217
2025-06-11,16.42,16.65,16.41,16.55,24919166,413060925.24,1.0457,0.6079
2025-06-12,16.52,16.68,16.46,16.61,24791863,410895511.43,1.0404,0.3625
2025-06-13,16.6,16.7,16.47,16.52,31194515,516699879.66,1.309,-0.5418
2025-06-16,16.6,16.88,16.56,16.68,36037766,601946500.95,1.5123,0.9685
2025-06-17,16.68,16.78,16.55,16.73,18742692,313033055.71,0.7865,0.2998
2025-06-18,16.77,16.78,16.51,16.68,23269061,387645462.47,0.9765,-0.2989
2025-06-19,16.66,16.71,16.45,16.5,27828096,460898875.98,1.1678,-1.0791
2025-06-20,15.54,15.59,15.2,15.31,33352323,514057042.63,1.3996,-1.2258
2025-06-23,15.3,15.54,15.15,15.16,31590744,482601878.57,1.3257,-0.9798
2025-06-24,15.27,15.54,15.22,15.39,29879694,460348847.63,1.2539,1.5172
2025-06-25,15.49,15.55,15.38,15.54,19171602,296288192.68,0.8045,0.9747
2025-06-26,15.77,16.2,15.77,15.87,47107248,753467253.3,1.9768,2.1236
2025-06-27,16.18,16.75,16.18,16.6,70962372,1174169600.67,2.9779,4.5999
2025-06-30,16.66,16.73,16.47,16.63,36484600,604614296.2,1.531,0.1807
2025-07-01,16.74,16.85,16.42,16.84,28858701,479189057.45,1.211,1.2628
2025-07-02,16.78,17.63,16.72,17.37,68660673,1189149751.24,2.8813,3.1473
2025-07-03,17.55,17.66,17.34,17.57,37814971,661787659.43,1.5869,1.1514
2025-07-04,17.39,17.45,17.06,17.1,40147311,689682976.49,1.6847,-2.675
2025-07-07,16.9,17.12,16.84,17.05,21715172,369585898.01,0.9113,-0.2924
2025-07-08,17.09,17.18,16.92,16.97,25060522,426120848.86,1.0516,-0.4692
2025-07-09,17.15,17.25,16.28,16.32,71924119,1187106693.22,3.0182,-3.8303
2025-07-10,16.33,16.44,16.28,16.4,26472401,432870918.96,1.1109,0.4902
2025-07-11,16.45,16.75,16.37,16.5,45961801,759722921.93,1.9287,0.6098
2025-07-14,16.53,16.59,16.39,16.41,36677550,603897915.5,1.5391,-0.5455
2025-07-15,16.36,16.5,16.23,16.3,24527240,401245299.0,1.0293,-0.6703
2025-07-16,16.3,16.32,16.13,16.22,19949200,323577299.0,0.8371,-0.4908
2025-07-17,16.23,16.27,16.13,16.18,21440000,346962189.72,0.8997,-0.2466
2025-07-18,16.28,16.55,16.25,16.39,41289471,677155608.42,1.7327,1.2979
2025-07-21,16.58,16.9,16.54,16.89,54098442,905899554.45,2.2702,3.0506
2025-07-22,16.89,17.33,16.8,17.33,55511828,948660208.0,2.3295,2.6051
2025-07-23,17.49,17.5,17.16,17.25,42762273,740180733.27,1.7945,-0.4616
2025-07-24,17.2,17.65,17.15,17.65,45423452,793059966.63,1.9061,2.3188
2025-07-25,17.55,17.59,17.37,17.48,26701114,466480027.28,1.1205,-0.9632
2025-07-28,17.36,17.36,16.9,17.14,47257114,809599198.46,1.9831,-1.9451
2025-07-29,17.12,17.42,17.08,17.35,41542790,716382872.76,1.7433,1.2252
2025-07-30,17.36,17.6,17.27,17.36,34512252,601833729.77,1.4483,0.0576
2025-07-31,16.9,17.0,16.62,16.69,51041897,856001455.16,2.1419,-3.8594
2025-08-01,16.74,17.13,16.72,17.03,39240435,666750763.54,1.6467,2.0371
2025-08-04,16.91,17.36,16.91,17.29,27619569,476125444.29,1.159,1.5267
2025-08-05,17.41,17.52,17.22,17.37,28300856,491934399.31,1.1876,0.4627
2025-08-06,17.3,17.55,17.29,17.47,25672984,447975051.27,1.0773,0.5757
2025-08-07,17.52,17.57,17.17,17.43,28120981,487658774.39,1.1801,-0.229
2025-08-08,17.35,17.84,17.33,17.59,37410148,658796184.7,1.5699,0.918
2025-08-11,17.85,17.9,17.55,17.77,37372337,663224350.28,1.5683,1.0233
2025-08-12,17.73,17.81,17.56,17.78,25599957,453529340.92,1.0743,0.0563
2025-08-13,17.89,18.35,17.88,18.26,50914700,927070272.9,2.1366,2.6997
2025-08-14,18.25,18.36,17.98,18.03,36980032,671494298.87,1.5518,-1.2596
2025-08-15,17.88,18.42,17.88,18.3,34767994,633290091.58,1.459,1.4975
2025-08-18,18.32,18.39,17.9,17.96,49596428,895848960.54,2.0813,-1.8579
2025-08-19,17.91,18.15,17.7,17.78,32587286,582646218.03,1.3675,-1.0022
2025-08-20,17.65,18.2,17.61,18.05,31600706,568497469.41,1.3261,1.5186
2025-08-21,18.08,18.15,17.88,17.98,24240500,436712271.0,1.0172,-0.3878
2025-08-22,17.98,18.07,17.83,17.94,27708953,496609540.61,1.1628,-0.2225
2025-08-25,18.19,18.84,18.19,18.67,67677911,1259291741.78,2.84,4.0691
2025-08-26,18.68,18.78,18.45,18.58,35500505,660926341.83,1.4897,-0.4821
2025-08-27,18.58,18.65,18.14,18.15,41079064,756975257.83,1.7238,-2.3143
2025-08-28,18.05,18.29,17.68,18.18,39468334,710826901.19,1.6562,0.1653
2025-08-29,18.25,18.8,18.25,18.65,53026821,985911072.58,2.2252,2.5853
2025-09-01,18.88,19.45,18.63,19.33,83637390,1603581639.52,3.5098,3.6461
2025-09-02,19.37,19.39,18.89,19.06,54702107,1046870712.54,2.2955,-1.3968
2025-09-03,19.43,19.6,18.85,19.11,50828612,975746143.08,2.133,0.2623
2025-09-04,19.11,19.29,18.36,18.57,49174304,918799057.67,2.0635,-2.8257
2025-09-05,18.56,19.25,18.53,19.25,42793301,812431541.17,1.7958,3.6618
2025-09-08,19.35,19.38,18.75,18.92,49083919,929791780.72,2.0598,-1.7143
2025-09-09,18.89,19.58,18.84,19.22,59822423,1152399587.02,2.5104,1.5856
2025-09-10,19.03,19.16,18.7,18.98,37496271,709506603.96,1.5735,-1.2487
2025-09-11,19.03,19.35,18.88,19.34,40767163,781691909.91,1.7107,1.8967
2025-09-12,19.47,20.59,19.42,20.3,102552626,2061499064.6,4.3035,4.9638
2025-09-15,20.05,20.36,19.94,20.01,59014814,1188194494.04,2.4765,-1.4286
2025-09-16,20.3,20.48,19.1,19.65,77340630,1512485523.18,3.2455,-1.7991
2025-09-17,19.47,19.93,19.32,19.78,48734667,955616424.92,2.0451,0.6616
2025-09-18,19.4,19.49,18.85,19.02,59271351,1138546429.44,2.4873,-3.8423
2025-09-19,19.05,19.33,18.96,19.05,33526246,640655412.18,1.4069,0.1577
2025-09-22,19.31,19.35,18.74,18.97,32860668,621770671.81,1.379,-0.4199
2025-09-23,18.93,19.32,18.56,18.96,40148476,761477300.86,1.6848,-0.0527
2025-09-24,18.86,19.36,18.76,19.29,35131784,670700811.57,1.4743,1.7405
2025-09-25,20.41,20.7,19.93,20.46,119714829,2438952140.22,5.0237,6.0653
2025-09-26,20.38,21.09,20.37,20.74,58344483,1212003800.09,2.4484,1.3685
2025-09-29,20.9,21.53,20.67,21.52,68733268,1453698273.02,2.8843,3.7608
2025-09-30,21.73,22.58,21.58,22.0,75649809,1672078430.1,3.1746,2.2305
2025-10-09,23.04,24.2,22.81,24.2,100800591,2393963901.06,4.23,10.0
2025-10-10,24.15,25.15,23.65,23.87,110099248,2659467958.19,4.6202,-1.3636
2025-10-13,22.45,23.62,22.45,23.44,83750661,1925595355.14,3.5145,-1.8014
2025-10-14,24.2,24.29,22.33,22.55,79401242,1853650916.9,3.332,-3.7969
2025-10-15,22.64,23.26,22.51,23.2,49559799,1134607169.59,2.0797,2.8825
2025-10-16,23.0,23.32,22.71,22.87,40428014,929907554.47,1.6965,-1.4224
2025-10-17,23.0,23.16,22.1,22.18,39704633,894786312.51,1.6662,-3.0171
2025-10-20,22.32,22.54,22.13,22.24,32696296,729300044.52,1.3721,0.2705
2025-10-21,22.41,23.05,22.19,22.68,41477817,943683927.47,1.7406,1.9784
2025-10-22,21.99,22.71,21.83,22.63,30565158,684954662.63,1.2826,-0.2205
2025-10-23,22.61,23.25,22.26,23.25,38517651,878472477.5,1.6164,2.7397
2025-10-24,23.55,24.2,23.02,24.2,67603118,1594106748.48,2.8369,4.086
2025-10-27,24.5,25.39,24.09,24.87,85689479,2119927059.07,3.5959,2.7686
2025-10-28,24.65,24.85,23.8,24.05,58448685,1421653324.78,2.4527,-3.2971
2025-10-29,24.26,24.9,24.21,24.8,54476350,1338172135.02,2.286,3.1185
2025-10-30,24.51,25.37,24.37,24.71,55928728,1395433154.89,2.347,-0.3629
2025-10-31,24.36,24.83,23.95,23.97,42627499,1034733496.12,1.7888,-2.9947
2025-11-03,23.87,23.88,22.7,23.38,52058068,1208323852.34,2.1846,-2.4614
2025-11-04,23.21,23.34,22.31,22.51,41562224,945216678.08,1.7441,-3.7211
2025-11-05,22.0,22.98,21.89,22.85,31417336,707605486.36,1.3184,1.5104
2025-11-06,22.88,23.6,22.75,23.56,36531170,853342913.06,1.533,3.1072
2025-11-07,23.43,23.9,23.28,23.53,28007519,661986273.48,1.1753,-0.1273
2025-11-10,23.71,24.12,23.53,23.91,35253405,839125858.58,1.4794,1.615
2025-11-11,24.06,24.3,23.43,23.79,32558189,772727049.07,1.3663,-0.5019
2025-11-12,23.69,24.42,23.52,23.93,36578255,876686975.74,1.535,0.5885
2025-11-13,24.2,24.88,24.09,24.45,51388000,1259854844.78,2.1564,2.173
2025-11-14,24.05,24.4,23.81,23.97,28639908,691780566.58,1.2018,-1.9632
2025-11-17,23.6,23.67,22.98,23.22,42227771,983448932.95,1.772,-3.1289
2025-11-18,22.98,23.01,22.47,22.67,35263447,800390347.05,1.4798,-2.3686
2025-11-19,22.76,23.5,22.72,23.34,32669483,754160606.0,1.3709,2.9554
2025-11-20,23.41,23.82,23.1,23.21,27819137,653475978.96,1.1674,-0.557
2025-11-21,22.78,22.92,22.07,22.19,35073418,786219103.54,1.4718,-4.3947
2025-11-24,22.43,22.44,21.9,22.06,28844403,639798598.35,1.2104,-0.5858
2025-11-25,22.31,22.98,22.21,22.73,31801803,721140970.36,1.3345,3.0372
2025-11-26,22.88,22.92,22.54,22.55,17310301,393044825.35,0.7264,-0.7919
2025-11-27,22.88,23.42,22.75,22.79,25702079,593234432.73,1.0786,1.0643
2025-11-28,22.91,23.24,22.68,22.98,20977944,482075642.15,0.8803,0.8337
2025-12-01,23.83,24.29,23.72,24.1,51817152,1243875400.05,2.1745,4.8738
2025-12-02,23.85,24.0,23.63,23.8,26750960,637386422.62,1.1226,-1.2448
2025-12-03,23.79,24.37,23.75,24.1,32440740,781989059.14,1.3613,1.2605
2025-12-04,25.0,25.93,24.68,25.07,75303628,1899046625.04,3.16,4.0249
2025-12-05,25.0,26.43,24.95,26.23,68424310,1767930919.1,2.8714,4.627
2025-12-08,26.41,26.49,25.74,26.3,53123168,1386808449.96,2.2293,0.2669
2025-12-09,26.05,26.05,24.95,25.19,53648935,1362409873.86,2.2513,-4.2205
2025-12-10,25.35,25.64,25.2,25.33,32302183,819454402.39,1.3555,0.5558
2025-12-11,25.68,25.87,24.92,24.97,41016590,1039734976.18,1.7212,-1.4212
2025-12-12,25.51,26.0,25.38,25.5,52943695,1356654386.54,2.2217,2.1225
2025-12-15,24.98,25.6,24.9,25.21,38432361,969894455.63,1.6128,-1.1373
2025-12-16,25.09,25.36,24.3,24.4,36177399,891301828.99,1.5181,-3.213
2025-12-17,24.55,25.27,24.45,25.02,31968209,796697752.73,1.3415,2.541
2025-12-18,24.89,25.46,24.79,24.91,23465364,588914251.5,0.9847,-0.4396
2025-12-19,24.98,25.78,24.7,25.65,35861978,911190402.38,1.5049,2.9707
2025-12-22,25.82,26.21,25.82,26.02,34144725,887672590.5,1.4328,1.4425
2025-12-23,25.96,26.38,25.72,25.92,37670359,979394848.07,1.5808,-0.3843
2025-12-24,26.18,26.22,25.67,25.97,39024554,1010702675.1,1.6376,0.1929
2025-12-25,25.71,26.05,25.38,25.9,26342111,678185930.52,1.1054,-0.2695
2025-12-26,26.36,27.66,26.31,27.47,65207862,1771093294.14,2.7364,6.0618
2025-12-29,28.1,28.2,26.54,26.59,67415596,1833328978.71,2.829,-3.2035
2025-12-30,25.9,27.28,25.82,26.95,49368392,1319590384.31,2.0717,1.3539
2025-12-31,27.01,28.3,26.95,27.64,61112689,1694456028.75,2.5645,2.5603
2026-01-05,28.01,28.3,27.55,28.07,58917984,1648400207.03,2.4724,1.5557
2026-01-06,28.58,29.37,28.36,28.96,66499212,1918452512.46,2.7906,3.1706
2026-01-07,28.83,28.96,28.23,28.54,55079871,1575615769.08,2.3114,-1.4503
2026-01-08,28.1,28.6,27.56,27.97,72288781,2028865057.52,3.0335,-1.9972
2026-01-09,27.66,28.67,27.66,28.28,58656277,1660287667.28,2.4614,1.1083
2026-01-12,28.77,28.92,27.72,28.03,64348736,1810387898.67,2.7003,-0.884
2026-01-13,27.98,29.07,27.75,28.42,73720832,2102469480.1,3.0936,1.3914
2026-01-14,29.19,30.68,29.01,30.06,109425001,3284263379.5,4.5919,5.7706
2026-01-15,30.0,31.51,29.77,30.74,77163890,2377958295.34,3.2381,2.2621
2026-01-16,30.8,32.34,30.7,30.99,84042761,2651921510.7,3.5268,0.8133
2026-01-19,30.7,30.99,29.7,30.25,61599377,1867994927.33,2.585,-2.3879
2026-01-20,30.37,30.79,28.93,30.08,59302344,1768684620.75,2.4886,-0.562
2026-01-21,29.89,30.42,29.54,30.39,71793122,2160602605.25,3.0127,1.0306
2026-01-22,30.03,30.45,29.59,30.3,46978739,1413011846.73,1.9714,-0.2962
2026-01-23,30.48,32.15,30.15,31.73,85174758,2661593075.18,3.5743,4.7195
2026-01-26,32.59,34.9,32.59,34.9,131346050,4451897749.98,5.5118,9.9905
2026-01-27,34.08,36.27,34.05,35.26,113163821,3989772541.16,4.7488,1.0315
2026-01-28,35.3,38.38,34.26,37.97,119802762,4379151380.98,5.0274,7.6858
2026-01-29,38.24,41.28,35.93,39.55,156776334,6030596657.3,6.5789,4.1612
2026-01-30,37.0,37.97,35.6,35.6,78921066,2853927101.08,3.3118,-9.9874
2026-02-02,32.04,33.37,32.04,32.04,115263071,3730272682.02,4.8369,-10.0
2026-02-03,32.02,33.49,31.01,33.1,128250605,4097437464.19,5.3819,3.3084
2026-02-04,34.29,34.29,32.8,33.39,67666514,2254469852.25,2.8396,0.8761
2026-02-05,32.71,33.13,31.11,31.83,82520665,2638761890.79,3.4629,-4.6721
2026-02-06,29.96,32.25,29.78,31.64,62025789,1940019082.48,2.6028,-0.5969
2026-02-09,32.3,32.47,31.85,32.03,40007269,1285597948.78,1.6789,1.2326
2026-02-10,32.18,32.3,31.74,31.86,28316143,905918227.61,1.1883,-0.5308
2026-02-11,31.73,33.12,31.62,32.66,39650617,1289119502.88,1.6639,2.6398
2026-02-12,32.93,33.97,32.93,33.35,46007690,1539834488.1,1.9307,2.1127
2026-02-13,32.48,32.92,31.76,31.88,48740088,1570890919.3,2.0453,-4.4078
2026-02-24,32.67,32.96,32.32,32.75,40524778,1324922820.6,1.7006,2.729
2026-02-25,33.0,34.82,32.67,34.15,61546470,2097579678.5,2.5827,4.2748
2026-02-26,34.65,34.66,33.5,33.75,51899734,1759685113.41,2.1779,-1.1713
2026-02-27,33.51,35.3,33.5,34.65,63793028,2209749734.69,2.677,2.6667
2026-03-02,34.8,36.24,33.73,36.24,82859304,2890078694.24,3.4771,4.5887
2026-03-03,35.36,35.38,33.18,33.24,88372737,3030807247.19,3.7085,-8.2781
2026-03-04,31.95,33.61,31.81,32.69,52145442,1712154937.31,2.1882,-1.6546
2026-03-05,33.23,33.33,32.0,32.46,44111315,1439449601.41,1.8511,-0.7036
2026-03-06,31.85,32.19,31.21,31.59,44512546,1409826148.94,1.8679,-2.6802
2026-03-09,30.31,31.38,29.59,31.0,58617840,1782986639.16,2.4598,-1.8677
2026-03-10,31.5,31.95,31.43,31.63,34848028,1103317022.03,1.4624,2.0323
2026-03-11,31.88,31.96,31.07,31.16,34376317,1079512069.6,1.4426,-1.4859
2026-03-12,30.95,31.38,30.36,30.55,50681136,1557387410.96,2.1268,-1.9576
2026-03-13,30.28,31.35,29.9,30.02,40288046,1231714465.56,1.6906,-1.7349
2026-03-16,29.55,29.6,27.62,28.53,81309438,2308811334.23,3.4121,-4.9634
2026-03-17,28.67,29.03,28.01,28.01,42364838,1208402228.79,1.7778,-1.8226
2026-03-18,28.03,28.18,27.14,27.54,54623764,1503851079.2,2.2922,-1.678
2026-03-19,26.45,27.08,26.0,26.12,70431386,1860730737.8,2.9556,-5.1561
2026-03-20,26.49,26.69,25.81,25.84,62631459,1647140780.6,2.6283,-1.072
2026-03-23,25.2,25.69,24.51,24.67,64282620,1612513789.67,2.6976,-4.5279
2026-03-24,25.17,25.57,24.71,25.57,51384002,1292269567.96,2.1563,3.6482
2026-03-25,26.38,26.85,26.21,26.42,63553311,1684115743.3,2.6669,3.3242
2026-03-26,25.8,26.17,24.92,25.08,65548776,1669209762.56,2.7507,-5.0719
