日期,开盘,最高,最低,收盘,成交量,成交额,换手率,涨跌幅
2019-01-02,3.53,3.53,3.49,3.5,25246903,88589453.0,0.230358,-1.408449
2019-01-03,3.51,3.55,3.48,3.52,26714991,93840739.0,0.243754,0.571428
2019-01-04,3.48,3.59,3.47,3.57,41628622,147540848.0,0.379829,1.420453
2019-01-07,3.59,3.64,3.58,3.62,49944608,180538787.0,0.455706,1.400559
2019-01-08,3.61,3.64,3.59,3.61,38167573,138047581.0,0.34825,-0.276243
2019-01-09,3.61,3.65,3.59,3.59,36529269,132515744.0,0.333301,-0.554016
2019-01-10,3.59,3.6,3.56,3.56,30785563,110104155.0,0.280894,-0.835654
2019-01-11,3.56,3.63,3.56,3.6,34248200,123273555.0,0.312488,1.123595
2019-01-14,3.6,3.63,3.58,3.59,27062912,97621170.0,0.246928,-0.277778
2019-01-15,3.59,3.64,3.57,3.62,28127124,101444532.0,0.256638,0.835654
2019-01-16,3.62,3.63,3.59,3.6,25550645,92115269.0,0.23313,-0.552486
2019-01-17,3.6,3.62,3.55,3.56,40483563,144841213.0,0.369381,-1.11111
2019-01-18,3.57,3.71,3.56,3.68,97138532,355460286.0,0.886314,3.37079
2019-01-21,3.69,3.73,3.67,3.7,65104022,240773516.0,0.594024,0.543478
2019-01-22,3.72,3.72,3.65,3.67,34459596,126843290.0,0.314417,-0.81081
2019-01-23,3.67,3.7,3.64,3.68,25867882,94966992.0,0.236024,0.272479
2019-01-24,3.68,3.69,3.63,3.66,26116405,95657933.0,0.238292,-0.543478
2019-01-25,3.67,3.69,3.66,3.67,21864863,80431413.0,0.1995,0.273224
2019-01-28,3.7,3.71,3.63,3.63,25861697,94859597.0,0.235968,-1.089917
2019-01-29,3.61,3.63,3.53,3.56,33909985,120958496.0,0.309402,-1.928379
2019-01-30,3.56,3.59,3.55,3.56,19757695,70576600.0,0.180274,0.0
2019-01-31,3.57,3.63,3.51,3.53,44954879,160460513.0,0.410179,-0.842696
2019-02-01,3.54,3.62,3.54,3.62,29532691,106069960.0,0.269463,2.549573
2019-02-11,3.62,3.68,3.62,3.68,31041098,113495325.0,0.283226,1.657464
2019-02-12,3.72,3.72,3.67,3.7,43519594,160864637.0,0.397083,0.543478
2019-02-13,3.71,3.88,3.69,3.85,134559834,512361874.0,1.227755,4.05405
2019-02-14,3.83,3.91,3.82,3.85,85523287,329681990.0,0.780334,0.0
2019-02-15,3.85,3.88,3.78,3.79,53403961,204322166.0,0.48727,-1.55844
2019-02-18,3.8,3.88,3.8,3.87,82111428,315647994.0,0.749203,2.110816
2019-02-19,3.86,3.91,3.81,3.86,85321743,329036204.0,0.778495,-0.258398
2019-02-20,3.86,3.94,3.82,3.94,109491312,426707596.0,0.999024,2.072543
2019-02-21,3.93,3.94,3.85,3.87,99316555,387047397.0,0.906187,-1.776654
2019-02-22,3.86,3.89,3.82,3.89,80770926,311409464.0,0.736972,0.516802
2019-02-25,3.91,4.15,3.91,4.13,252537144,1022398954.0,2.304206,6.169666
2019-02-26,4.14,4.4,4.07,4.2,286798896,1216020317.0,2.616818,1.694908
2019-02-27,4.23,4.3,4.14,4.21,195960158,829579696.0,1.787985,0.238101
2019-02-28,4.21,4.35,4.2,4.26,161314326,687813963.0,1.471869,1.187653
2019-03-01,4.28,4.29,4.18,4.25,106104920,447992278.0,0.968125,-0.234747
2019-03-04,4.25,4.4,4.24,4.3,200958678,867119088.0,1.833593,1.176475
2019-03-05,4.26,4.43,4.21,4.39,194903652,846052015.0,1.778345,2.093016
2019-03-06,4.44,4.61,4.38,4.58,257585665,1159438148.0,2.35027,4.32802
2019-03-07,4.55,4.89,4.48,4.69,281891232,1318919538.0,2.57204,2.40175
2019-03-08,4.52,4.58,4.24,4.32,248618956,1104695738.0,2.268456,-7.889123
2019-03-11,4.29,4.42,4.29,4.41,130943476,571406404.0,1.194758,2.083326
2019-03-12,4.42,4.47,4.32,4.38,165532518,729712320.0,1.510356,-0.680266
2019-03-13,4.37,4.4,4.3,4.3,120128847,521401124.0,1.096083,-1.826482
2019-03-14,4.28,4.39,4.19,4.24,115674098,493906822.0,1.055437,-1.395359
2019-03-15,4.25,4.32,4.22,4.29,99099535,422996487.0,0.904207,1.17925
2019-03-18,4.31,4.4,4.3,4.4,116287004,506351676.0,1.061029,2.564106
2019-03-19,4.41,4.43,4.33,4.37,91124737,398061527.0,0.831443,-0.681823
2019-03-20,4.34,4.39,4.26,4.38,116931033,505706361.0,1.066905,0.228838
2019-03-21,4.37,4.41,4.34,4.36,113081076,494715469.0,1.031777,-0.456621
2019-03-22,4.36,4.37,4.27,4.32,92148438,396950754.0,0.840783,-0.91743
2019-03-25,4.23,4.28,4.2,4.2,89085578,377444213.0,0.812837,-2.777786
2019-03-26,4.22,4.24,4.07,4.08,88432865,367084549.0,0.806882,-2.85714
2019-03-27,4.1,4.12,4.05,4.09,67134931,274704680.0,0.612554,0.245104
2019-03-28,4.08,4.13,4.04,4.06,57988759,236870426.0,0.529103,-0.733501
2019-03-29,4.06,4.2,4.04,4.19,100936918,417327909.0,0.920971,3.201973
2019-04-01,4.22,4.47,4.22,4.44,210473010,922053018.0,1.920404,5.966587
2019-04-02,4.48,4.49,4.37,4.46,176524259,781944880.0,1.610647,0.45045
2019-04-03,4.44,4.49,4.4,4.48,129886997,577861220.0,1.185118,0.44843
2019-04-04,4.68,4.79,4.5,4.55,219960793,1016155707.0,2.006972,1.562504
2019-04-08,4.58,4.79,4.55,4.64,258055998,1205581422.0,2.354562,1.978015
2019-04-09,4.6,4.61,4.4,4.5,144269647,649148973.0,1.316349,-3.017239
2019-04-10,4.48,4.5,4.42,4.47,104904499,466989825.0,0.957172,-0.666671
2019-04-11,4.46,4.47,4.32,4.34,118305939,519159263.0,1.07945,-2.908269
2019-04-12,4.33,4.36,4.26,4.3,79485961,341833170.0,0.725248,-0.921658
2019-04-15,4.38,4.46,4.34,4.35,130959688,578843425.0,1.194906,1.162784
2019-04-16,4.31,4.53,4.29,4.52,167780074,749146793.0,1.530864,3.908048
2019-04-17,4.5,4.64,4.47,4.52,143357811,651360491.0,1.308029,0.0
2019-04-18,4.54,4.6,4.47,4.47,99701840,451304692.0,0.909702,-1.106199
2019-04-19,4.47,4.54,4.37,4.54,101876562,453965402.0,0.929545,1.565999
2019-04-22,4.53,4.56,4.4,4.42,90226511,402336589.0,0.823247,-2.643169
2019-04-23,4.41,4.44,4.33,4.37,85126744,373370575.0,0.776716,-1.131226
2019-04-24,4.38,4.4,4.3,4.37,69066611,300638012.0,0.630179,0.0
2019-04-25,4.36,4.41,4.23,4.24,89587374,387056801.0,0.817416,-2.974831
2019-04-26,4.23,4.25,4.13,4.16,77913323,326582415.0,0.710899,-1.886791
2019-04-29,4.16,4.18,4.04,4.06,64311259,263811078.0,0.586791,-2.403844
2019-04-30,4.11,4.22,4.09,4.17,61992467,257764360.0,0.565633,2.709363
2019-05-06,4.0,4.06,3.77,3.87,133673225,526513624.0,1.219665,-7.194249
2019-05-07,3.87,3.92,3.81,3.86,71127409,275176188.0,0.648983,-0.258398
2019-05-08,3.79,3.84,3.74,3.79,66485805,252102792.0,0.606632,-1.81347
2019-05-09,3.77,3.81,3.73,3.76,62201190,234761332.0,0.567538,-0.791556
2019-05-10,3.78,3.86,3.7,3.85,79154376,301337900.0,0.722223,2.393615
2019-05-13,3.8,3.84,3.78,3.78,48104189,182917592.0,0.438914,-1.81818
2019-05-14,3.73,3.83,3.73,3.79,56915245,215897983.0,0.519308,0.26455
2019-05-15,3.85,3.94,3.82,3.91,85969244,333982176.0,0.784403,3.16623
2019-05-16,3.92,4.2,3.91,4.12,151271459,618209169.0,1.380235,5.370839
2019-05-17,4.07,4.1,3.9,3.97,114022501,455526347.0,1.040367,-3.640773
2019-05-20,3.92,4.05,3.86,4.03,90235086,356730802.0,0.823325,1.51134
2019-05-21,4.0,4.33,3.98,4.21,163906289,681868484.0,1.495518,4.466497
2019-05-22,4.12,4.19,4.02,4.06,106965208,438375564.0,0.975975,-3.562948
2019-05-23,4.04,4.06,3.96,3.97,63026714,252638600.0,0.57507,-2.216747
2019-05-24,3.94,4.05,3.92,3.93,65349469,260247107.0,0.596263,-1.007556
2019-05-27,3.96,4.1,3.91,4.06,94200024,378273201.0,0.859502,3.307885
2019-05-28,4.04,4.08,3.99,4.05,85123570,343565558.0,0.776687,-0.246299
2019-05-29,4.05,4.17,4.03,4.11,129959168,534394665.0,1.185777,1.48148
2019-05-30,4.06,4.11,3.98,4.07,115834161,468389707.0,1.056897,-0.973235
2019-05-31,4.05,4.09,4.01,4.02,93441823,378479567.0,0.852584,-1.228506
2019-06-03,4.0,4.02,3.89,3.9,99755074,393212817.0,0.910188,-2.985072
2019-06-04,3.91,3.93,3.81,3.85,64116993,247499793.0,0.585018,-1.282056
2019-06-05,3.89,3.91,3.84,3.85,53364715,206602945.0,0.486912,0.0
2019-06-06,3.84,3.88,3.76,3.8,67032846,256161468.0,0.611623,-1.2987
2019-06-10,3.81,3.87,3.76,3.83,71981935,275285561.0,0.65678,0.789473
2019-06-11,3.83,3.98,3.82,3.97,112328356,440490506.0,1.024909,3.655355
2019-06-12,3.97,4.14,3.95,4.03,189334948,767380690.0,1.727535,1.51134
2019-06-13,3.98,4.02,3.95,4.0,89265156,355979339.0,0.814476,-0.744422
2019-06-14,4.0,4.02,3.91,3.92,75802696,300741213.0,0.691641,-1.999998
2019-06-17,3.92,4.0,3.89,3.91,57670103,227291017.0,0.526195,-0.255102
2019-06-18,3.91,3.92,3.84,3.87,59756828,231424529.0,0.545235,-1.023023
2019-06-19,3.95,3.98,3.89,3.9,63121826,248222531.0,0.575938,0.775199
2019-06-20,3.91,3.99,3.87,3.98,93089849,367043430.0,0.849373,2.05128
2019-06-21,3.98,4.06,3.96,4.01,112687061,452819401.0,1.028182,0.753774
2019-06-24,4.01,4.05,4.0,4.01,57022334,229183932.0,0.520285,0.0
2019-06-25,4.02,4.03,3.92,3.99,62479915,248526792.0,0.570081,-0.498758
2019-06-26,3.95,3.99,3.94,3.96,41511931,164480406.0,0.378764,-0.751879
2019-06-27,3.97,4.01,3.95,3.97,47789387,190039022.0,0.436041,0.252525
2019-06-28,3.96,3.97,3.89,3.92,51556379,201982418.0,0.470412,-1.259445
2019-07-01,3.97,4.03,3.94,4.01,91233775,363235672.0,0.832438,2.295922
2019-07-02,4.0,4.01,3.98,3.99,58567305,233813152.0,0.534381,-0.498758
2019-07-03,3.98,3.99,3.92,3.94,48613782,191948788.0,0.443563,-1.253132
2019-07-04,3.96,3.97,3.9,3.93,47324805,186257418.0,0.431802,-0.253807
2019-07-05,3.94,3.95,3.9,3.92,38509093,150754525.0,0.351366,-0.254453
2019-07-08,3.9,3.9,3.76,3.78,89534297,341491711.0,0.816931,-3.571431
2019-07-09,3.78,3.8,3.75,3.79,35768453,135015337.0,0.326359,0.26455
2019-07-10,3.79,3.8,3.75,3.77,32370491,122154458.0,0.295356,-0.527704
2019-07-11,3.8,3.84,3.77,3.78,36292016,138100891.0,0.331137,0.265252
2019-07-12,3.78,3.81,3.77,3.8,30098194,114181462.0,0.274623,0.5291
2019-07-15,3.8,3.85,3.75,3.84,43824859,166924849.0,0.399868,1.052631
2019-07-16,3.82,3.86,3.81,3.82,29345958,112283958.0,0.267759,-0.520833
2019-07-17,3.82,3.83,3.8,3.81,33276334,126918792.0,0.303621,-0.26178
2019-07-18,3.81,3.84,3.78,3.78,39964120,152225367.0,0.364642,-0.787401
2019-07-19,3.8,3.85,3.79,3.81,57197679,218741157.0,0.521885,0.79365
2019-07-22,3.81,3.81,3.71,3.72,55778137,209018945.0,0.508932,-2.362202
2019-07-23,3.69,3.74,3.69,3.74,29401735,109407853.0,0.268268,0.537634
2019-07-24,3.74,3.79,3.73,3.76,32663179,122996919.0,0.298026,0.534759
2019-07-25,3.77,3.78,3.74,3.76,25954443,97588715.0,0.236814,0.0
2019-07-26,3.75,3.77,3.74,3.76,21354931,80154569.0,0.1948,0.0
2019-07-29,3.76,3.77,3.72,3.74,24941814,93346683.0,0.227575,-0.531914
2019-07-30,3.75,3.79,3.74,3.77,29905109,112754428.0,0.2729,0.8021
2019-07-31,3.76,3.77,3.74,3.75,19900474,74694888.0,0.1816,-0.5305
2019-08-01,3.74,3.75,3.7,3.71,44827846,166782881.0,0.409,-1.0667
2019-08-02,3.67,3.69,3.65,3.66,49229222,180340145.0,0.4492,-1.3477
2019-08-05,3.65,3.66,3.61,3.61,36809220,133704010.0,0.3359,-1.3661
2019-08-06,3.55,3.57,3.48,3.5,63844040,225089763.0,0.5825,-3.0471
2019-08-07,3.53,3.55,3.51,3.52,34046127,120149154.0,0.3106,0.5714
2019-08-08,3.54,3.56,3.52,3.53,29896050,105825859.0,0.2728,0.2841
2019-08-09,3.55,3.56,3.48,3.48,37939664,133440327.0,0.3462,-1.4164
2019-08-12,3.46,3.53,3.46,3.53,35238705,123388050.0,0.3215,1.4368
2019-08-13,3.5,3.55,3.5,3.53,32327816,114020727.0,0.295,0.0
2019-08-14,3.56,3.57,3.52,3.53,28878003,102300287.0,0.2635,0.0
2019-08-15,3.48,3.53,3.45,3.53,33907975,118183321.0,0.3094,0.0
2019-08-16,3.52,3.55,3.5,3.52,31559071,111440145.0,0.288,-0.2833
2019-08-19,3.54,3.61,3.53,3.61,47459561,169382146.0,0.433,2.5568
2019-08-20,3.61,3.78,3.6,3.69,110688559,410718774.0,1.0099,2.2161
2019-08-21,3.67,3.73,3.66,3.7,48032401,178133108.0,0.4383,0.271
2019-08-22,3.72,3.73,3.67,3.72,34189875,126444684.0,0.312,0.5405
2019-08-23,3.72,3.73,3.67,3.67,29141962,107713210.0,0.2659,-1.3441
2019-08-26,3.6,3.73,3.59,3.65,51212926,187136065.0,0.4673,-0.545
2019-08-27,3.66,3.73,3.65,3.7,54289181,200870245.0,0.4953,1.3699
2019-08-28,3.72,3.73,3.68,3.7,30003936,111108022.0,0.2738,0.0
2019-08-29,3.7,3.7,3.62,3.63,37912447,138282511.0,0.3459,-1.8919
2019-08-30,3.66,3.67,3.56,3.6,36180659,130745187.0,0.3301,-0.8265
2019-09-02,3.59,3.68,3.58,3.67,40528332,147801771.0,0.3698,1.9444
2019-09-03,3.68,3.68,3.62,3.64,32876520,119796929.0,0.3,-0.8174
2019-09-04,3.64,3.73,3.63,3.7,63974634,235763726.0,0.5837,1.6484
2019-09-05,3.72,3.77,3.7,3.72,78418422,293146279.0,0.7155,0.5405
2019-09-06,3.74,3.75,3.68,3.71,42675197,158282101.0,0.3894,-0.2688
2019-09-09,3.73,3.85,3.7,3.83,118345666,447842372.0,1.0798,3.2345
2019-09-10,3.8,3.82,3.77,3.79,70780338,268179474.0,0.6458,-1.0444
2019-09-11,3.8,3.82,3.78,3.8,49612701,188435086.0,0.4527,0.2639
2019-09-12,3.84,3.85,3.78,3.81,55695010,212425063.0,0.5082,0.2632
2019-09-16,3.81,3.82,3.77,3.79,43596809,165183748.0,0.3978,-0.5249
2019-09-17,3.77,3.77,3.67,3.68,59394928,220409787.0,0.5419,-2.9024
2019-09-18,3.69,3.7,3.63,3.65,39693761,145579497.0,0.3622,-0.8152
2019-09-19,3.65,3.66,3.6,3.64,54302268,196878741.0,0.4955,-0.274
2019-09-20,3.64,3.67,3.61,3.63,47770305,173893489.0,0.4359,-0.2747
2019-09-23,3.63,3.63,3.56,3.59,49049026,175733778.0,0.4475,-1.1019
2019-09-24,3.59,3.62,3.57,3.6,39507926,142119844.0,0.3605,0.2786
2019-09-25,3.59,3.59,3.54,3.56,39159006,139288757.0,0.3573,-1.1111
2019-09-26,3.57,3.57,3.51,3.52,48066196,170272504.0,0.4386,-1.1236
2019-09-27,3.52,3.56,3.52,3.54,26677406,94537938.0,0.2434,0.5682
2019-09-30,3.53,3.55,3.51,3.52,21386612,75567692.0,0.1951,-0.565
2019-10-08,3.51,3.55,3.51,3.53,22075293,77897664.0,0.2014,0.2841
2019-10-09,3.52,3.55,3.49,3.55,23700712,83575176.0,0.2163,0.5666
2019-10-10,3.55,3.57,3.54,3.56,25926914,92144014.0,0.2366,0.2817
2019-10-11,3.57,3.59,3.54,3.58,32124768,114625610.0,0.2931,0.5618
2019-10-14,3.61,3.63,3.59,3.61,36860786,133075711.0,0.3363,0.838
2019-10-15,3.6,3.6,3.55,3.56,28884661,103029025.0,0.2636,-1.385
2019-10-16,3.56,3.58,3.52,3.52,23648419,83868296.0,0.2158,-1.1236
2019-10-17,3.52,3.55,3.51,3.55,21027511,74315388.0,0.1919,0.8523
2019-10-18,3.55,3.56,3.48,3.49,30859298,108258355.0,0.2816,-1.6901
2019-10-21,3.5,3.51,3.47,3.5,18315878,63902617.0,0.1671,0.2865
2019-10-22,3.5,3.52,3.49,3.52,22694873,79476335.0,0.2071,0.5714
2019-10-23,3.51,3.52,3.48,3.48,21782569,76033523.0,0.1987,-1.1364
2019-10-24,3.48,3.51,3.47,3.5,23546870,82093574.0,0.2148,0.5747
2019-10-25,3.5,3.5,3.45,3.5,31705026,110296997.0,0.2893,0.0
2019-10-28,3.5,3.52,3.49,3.52,31330333,109800217.0,0.2859,0.5714
2019-10-29,3.51,3.52,3.45,3.46,31023009,107954225.0,0.2831,-1.7045
2019-10-30,3.46,3.46,3.41,3.42,32159380,110385464.0,0.2934,-1.1561
2019-10-31,3.41,3.43,3.38,3.39,24068796,81945686.0,0.2196,-0.8772
2019-11-01,3.39,3.43,3.37,3.42,24793153,84388030.0,0.2262,0.885
2019-11-04,3.43,3.46,3.42,3.44,26397340,90705428.0,0.2409,0.5848
2019-11-05,3.45,3.48,3.42,3.47,38230635,132034007.0,0.3488,0.8721
2019-11-06,3.46,3.47,3.41,3.42,25708730,88567174.0,0.2346,-1.4409
2019-11-07,3.43,3.46,3.42,3.44,18057732,62129971.0,0.1648,0.5848
2019-11-08,3.46,3.47,3.41,3.42,22150927,76290534.0,0.2021,-0.5814
2019-11-11,3.4,3.41,3.34,3.35,33179358,111692974.0,0.3027,-2.0468
2019-11-12,3.34,3.37,3.33,3.36,18676450,62586269.0,0.1704,0.2985
2019-11-13,3.36,3.36,3.33,3.34,17103768,57093450.0,0.1561,-0.5952
2019-11-14,3.34,3.35,3.33,3.35,17023419,56872712.0,0.1553,0.2994
2019-11-15,3.34,3.36,3.3,3.31,24535340,81796632.0,0.2239,-1.194
2019-11-18,3.3,3.32,3.28,3.31,20958063,69277791.0,0.1912,0.0
2019-11-19,3.31,3.35,3.3,3.35,17179535,57242003.0,0.1567,1.2085
2019-11-20,3.34,3.35,3.3,3.31,31089716,103275126.0,0.2837,-1.194
2019-11-21,3.3,3.3,3.27,3.3,34035267,111790052.0,0.3105,-0.3021
2019-11-22,3.29,3.34,3.28,3.32,32919076,109044903.0,0.3004,0.6061
2019-11-25,3.32,3.43,3.31,3.42,66916346,226764265.0,0.6106,3.0121
2019-11-26,3.41,3.41,3.36,3.36,46473532,156892347.0,0.424,-1.7544
2019-11-27,3.36,3.38,3.35,3.37,25677422,86429777.0,0.2343,0.2976
2019-11-28,3.37,3.37,3.34,3.34,16268579,54504673.0,0.1484,-0.8902
2019-11-29,3.34,3.35,3.27,3.28,56823501,187416548.0,0.5185,-1.7964
2019-12-02,3.28,3.3,3.26,3.27,45986936,150734921.0,0.4196,-0.3049
2019-12-03,3.25,3.31,3.25,3.29,28597651,93868763.0,0.2609,0.6116
2019-12-04,3.27,3.32,3.26,3.31,35481859,117106244.0,0.3237,0.6079
2019-12-05,3.32,3.34,3.3,3.32,31573755,104813999.0,0.2881,0.3021
2019-12-06,3.33,3.35,3.31,3.33,34076738,113355109.0,0.3109,0.3012
2019-12-09,3.33,3.36,3.32,3.35,28957427,96824024.0,0.2642,0.6006
2019-12-10,3.35,3.39,3.33,3.37,41821263,140841382.0,0.3816,0.597
2019-12-11,3.39,3.39,3.34,3.35,27703963,93045373.0,0.2528,-0.5935
2019-12-12,3.35,3.36,3.31,3.32,23352444,77807063.0,0.2131,-0.8955
2019-12-13,3.34,3.37,3.34,3.37,44526760,149392160.0,0.4063,1.506
2019-12-16,3.37,3.4,3.35,3.4,45979596,155134908.0,0.4195,0.8902
2019-12-17,3.39,3.48,3.38,3.46,78162762,269148442.0,0.7132,1.7647
2019-12-18,3.45,3.47,3.43,3.45,53001874,183109073.0,0.4836,-0.289
2019-12-19,3.45,3.48,3.44,3.46,37867883,130854573.0,0.3455,0.2899
2019-12-20,3.47,3.48,3.41,3.43,38655387,133052458.0,0.3527,-0.8671
2019-12-23,3.43,3.43,3.33,3.34,63913681,215702607.0,0.5832,-2.6239
2019-12-24,3.35,3.43,3.34,3.41,65740920,222790285.0,0.5998,2.0958
2019-12-25,3.4,3.41,3.34,3.36,59387619,200026005.0,0.5419,-1.4663
2019-12-26,3.36,3.41,3.34,3.38,62995141,212514744.0,0.5748,0.5952
2019-12-27,3.39,3.58,3.38,3.5,177268255,618116592.0,1.6174,3.5503
2019-12-30,3.48,3.56,3.47,3.54,99352913,349584424.0,0.9065,1.1429
2019-12-31,3.54,3.57,3.51,3.54,64905752,229724433.0,0.5922,0.0
2020-01-02,3.58,3.73,3.57,3.6,132363940,481122235.0,1.2077,1.6949
2020-01-03,3.62,3.64,3.58,3.6,62282697,224465950.0,0.5683,0.0
2020-01-06,3.58,3.66,3.57,3.63,93818885,340356596.0,0.856,0.8333
2020-01-07,3.63,3.67,3.59,3.61,78296791,283428201.0,0.7144,-0.551
2020-01-08,3.59,3.6,3.51,3.52,80758192,286159746.0,0.7369,-2.4931
2020-01-09,3.55,3.57,3.51,3.54,55905406,197938641.0,0.5101,0.5682
2020-01-10,3.55,3.57,3.5,3.52,47382264,167265201.0,0.4323,-0.565
2020-01-13,3.52,3.53,3.47,3.52,55701893,194856632.0,0.5082,0.0
2020-01-14,3.52,3.58,3.51,3.56,77241501,274840154.0,0.7048,1.1364
2020-01-15,3.55,3.56,3.48,3.5,52918942,185476247.0,0.4828,-1.6854
2020-01-16,3.51,3.52,3.48,3.49,41871987,146225673.0,0.382,-0.2857
2020-01-17,3.51,3.53,3.46,3.47,51109253,178391170.0,0.4663,-0.5731
2020-01-20,3.47,3.47,3.42,3.46,45705964,157616974.0,0.417,-0.2882
2020-01-21,3.45,3.46,3.37,3.39,67654746,230294303.0,0.6173,-2.0231
2020-01-22,3.38,3.39,3.33,3.38,47592567,159906319.0,0.4342,-0.295
2020-01-23,3.36,3.36,3.29,3.3,73309576,243430566.0,0.6689,-2.3669
2020-02-03,2.97,3.0,2.97,2.97,97356210,289393530.0,0.8883,-10.0
2020-02-04,2.91,3.01,2.91,2.98,100047867,298399762.0,0.9129,0.3367
2020-02-05,2.98,3.06,2.98,3.03,69025106,208990583.0,0.6298,1.6779
2020-02-06,3.05,3.09,3.0,3.06,64865706,197062694.0,0.5918,0.9901
2020-02-07,3.04,3.05,2.99,3.04,69016517,208198880.0,0.6297,-0.6536
2020-02-10,3.02,3.07,3.01,3.07,57215662,174237615.0,0.522,0.9868
2020-02-11,3.06,3.12,3.04,3.08,62473822,192982615.0,0.57,0.3257
2020-02-12,3.06,3.12,3.05,3.11,60770125,187852146.0,0.5545,0.974
2020-02-13,3.1,3.12,3.07,3.07,56295585,174062182.0,0.5137,-1.2862
2020-02-14,3.06,3.14,3.05,3.11,64021670,198979634.0,0.5841,1.3029
2020-02-17,3.11,3.18,3.1,3.17,65849949,206824364.0,0.6008,1.9293
2020-02-18,3.18,3.2,3.15,3.17,60033004,190283959.0,0.5478,0.0
2020-02-19,3.16,3.27,3.15,3.18,71166625,228249812.0,0.6493,0.3155
2020-02-20,3.2,3.24,3.17,3.23,63800566,204154653.0,0.5821,1.5723
2020-02-21,3.22,3.27,3.21,3.23,68130302,220456824.0,0.6216,0.0
2020-02-24,3.21,3.22,3.14,3.17,75147413,238218611.0,0.6857,-1.8576
2020-02-25,3.1,3.12,3.06,3.11,83512585,258492488.0,0.762,-1.8928
2020-02-26,3.07,3.25,3.07,3.19,119322368,379846251.0,0.9123,2.5724
2020-02-27,3.18,3.22,3.15,3.15,65441455,208084318.0,0.5004,-1.2539
2020-02-28,3.09,3.12,3.04,3.06,87041869,267361113.0,0.6655,-2.8571
2020-03-02,3.07,3.2,3.07,3.17,84778318,266674397.0,0.6482,3.5948
2020-03-03,3.2,3.22,3.15,3.17,78591409,250103869.0,0.6009,0.0
2020-03-04,3.15,3.2,3.14,3.19,65972247,209179669.0,0.5044,0.6309
2020-03-05,3.21,3.28,3.18,3.24,114511546,369531324.0,0.8756,1.5674
2020-03-06,3.2,3.21,3.16,3.18,83583245,265788586.0,0.6391,-1.8518
2020-03-09,3.11,3.13,3.08,3.1,80914196,251051737.0,0.6187,-2.5157
2020-03-10,3.07,3.14,3.06,3.13,67331242,208891853.0,0.5148,0.9677
2020-03-11,3.13,3.15,3.09,3.1,53603578,167355508.0,0.4099,-0.9585
2020-03-12,3.07,3.11,3.06,3.08,53488742,164415935.0,0.409,-0.6452
2020-03-13,3.0,3.08,2.95,3.05,60867099,183359596.0,0.4654,-0.974
2020-03-16,3.09,3.09,2.99,3.01,57932825,176134995.0,0.443,-1.3115
2020-03-17,3.01,3.04,2.95,3.01,54781498,163797320.0,0.4189,0.0
2020-03-18,3.0,3.03,2.96,2.97,42833240,128545388.0,0.3275,-1.3289
2020-03-19,2.95,2.98,2.91,2.95,61719214,181467654.0,0.4719,-0.6734
2020-03-20,2.97,2.99,2.92,2.96,47684623,140781603.0,0.3646,0.339
2020-03-23,2.91,2.93,2.89,2.9,55995725,162900857.0,0.4281,-2.027
2020-03-24,2.94,2.95,2.91,2.94,37908451,111162012.0,0.2898,1.3793
2020-03-25,2.98,2.99,2.95,2.97,39838817,118209317.0,0.3046,1.0204
2020-03-26,2.96,2.96,2.92,2.92,28939638,85119346.0,0.2213,-1.6835
2020-03-27,2.95,2.96,2.92,2.92,42294159,124208685.0,0.3234,0.0
2020-03-30,2.89,2.91,2.87,2.88,43415964,125192080.0,0.332,-1.3699
2020-03-31,2.9,2.91,2.86,2.88,32467216,93667435.0,0.2482,0.0
2020-04-01,2.87,2.91,2.87,2.88,26997413,77955370.0,0.2064,0.0
2020-04-02,2.87,2.92,2.86,2.92,33097431,95664499.0,0.2531,1.3889
2020-04-03,2.93,2.93,2.88,2.89,26373122,76433586.0,0.2016,-1.0274
2020-04-07,2.92,2.94,2.91,2.94,46178724,135145371.0,0.3531,1.7301
2020-04-08,2.93,2.96,2.91,2.94,36745277,107954151.0,0.281,0.0
2020-04-09,2.96,2.97,2.93,2.93,23066845,67921801.0,0.1764,-0.3401
2020-04-10,2.94,2.94,2.89,2.9,29327345,85404746.0,0.2242,-1.0239
2020-04-13,2.89,2.91,2.88,2.9,26129609,75557923.0,0.1998,0.0
2020-04-14,2.9,2.94,2.89,2.94,33367358,97453198.0,0.2551,1.3793
2020-04-15,2.95,2.95,2.91,2.91,34530044,101088168.0,0.264,-1.0204
2020-04-16,2.9,2.92,2.88,2.91,25047356,72613436.0,0.1915,0.0
2020-04-17,2.92,2.93,2.9,2.91,33043457,96415178.0,0.2527,0.0
2020-04-20,2.91,2.92,2.89,2.9,18468923,53605622.0,0.1412,-0.3436
2020-04-21,2.89,2.9,2.87,2.88,27181831,78254317.0,0.2078,-0.6897
2020-04-22,2.86,2.9,2.86,2.89,23409940,67403128.0,0.179,0.3472
2020-04-23,2.89,2.9,2.87,2.88,29489652,84933542.0,0.2255,-0.346
2020-04-24,2.87,2.88,2.85,2.86,33339187,95436471.0,0.2549,-0.6945
2020-04-27,2.86,2.87,2.84,2.85,23782460,67945812.0,0.1818,-0.3497
2020-04-28,2.84,2.85,2.74,2.77,45711872,127303339.0,0.3495,-2.807
2020-04-29,2.77,2.82,2.75,2.8,27035252,75450977.0,0.2067,1.083
2020-04-30,2.81,2.86,2.8,2.85,32865083,93099886.0,0.2513,1.7857
2020-05-06,2.81,2.87,2.81,2.86,33986569,96652958.0,0.2599,0.3509
2020-05-07,2.85,2.86,2.82,2.83,20499717,58119680.0,0.1567,-1.049
2020-05-08,2.83,2.85,2.83,2.84,22108682,62763445.0,0.169,0.3534
2020-05-11,2.85,2.86,2.82,2.83,26666477,75818610.0,0.2039,-0.3521
2020-05-12,2.83,2.83,2.79,2.79,24433554,68484081.0,0.1868,-1.4134
2020-05-13,2.79,2.8,2.78,2.79,12549933,35032223.0,0.096,0.0
2020-05-14,2.79,2.79,2.76,2.76,21226562,58882572.0,0.1623,-1.0753
2020-05-15,2.77,2.78,2.76,2.76,18639573,51611231.0,0.1425,0.0
2020-05-18,2.77,2.82,2.75,2.8,35496108,99223933.0,0.2714,1.4493
2020-05-19,2.82,2.86,2.82,2.84,40666035,115654235.0,0.3109,1.4286
2020-05-20,2.83,2.83,2.78,2.8,25061203,70305612.0,0.1916,-1.4084
2020-05-21,2.81,2.84,2.8,2.81,24752878,69695950.0,0.1893,0.3571
2020-05-22,2.79,2.8,2.76,2.76,30679853,85134685.0,0.2346,-1.7794
2020-05-25,2.76,2.78,2.75,2.76,17161114,47381141.0,0.1312,0.0
2020-05-26,2.76,2.78,2.76,2.78,19028218,52762670.0,0.1455,0.7246
2020-05-27,2.77,2.78,2.74,2.78,26938977,74294861.0,0.206,0.0
2020-05-28,2.78,2.82,2.76,2.81,50857137,142080737.0,0.3889,1.0791
2020-05-29,2.8,2.8,2.77,2.8,34958472,97347598.0,0.2673,-0.3559
2020-06-01,2.79,2.84,2.79,2.84,39965942,112626650.0,0.3056,1.4286
2020-06-02,2.83,2.84,2.81,2.83,30439269,85927953.0,0.2327,-0.3521
2020-06-03,2.83,2.86,2.82,2.82,44498525,126388029.0,0.3402,-0.3534
2020-06-04,2.84,2.84,2.81,2.82,31554658,88971620.0,0.2413,0.0
2020-06-05,2.82,2.83,2.8,2.82,31109501,87444408.0,0.2379,0.0
2020-06-08,2.84,2.89,2.83,2.85,58143405,166506367.0,0.4446,1.0638
2020-06-09,2.87,2.88,2.84,2.86,39957782,114220637.0,0.3055,0.3509
2020-06-10,2.85,2.87,2.81,2.82,38197167,108254429.0,0.2921,-1.3986
2020-06-11,2.82,2.84,2.79,2.8,39157860,110148502.0,0.2994,-0.7092
2020-06-12,2.77,2.78,2.75,2.78,78428330,216849804.0,0.5997,-0.7143
2020-06-15,2.77,2.77,2.75,2.75,43984395,121308496.0,0.3363,-1.0791
2020-06-16,2.76,2.8,2.75,2.8,50064146,139109848.0,0.3828,1.8182
2020-06-17,2.79,2.81,2.77,2.79,45678449,127325294.0,0.3493,-0.3571
2020-06-18,2.78,2.85,2.77,2.83,72571109,205033176.0,0.5549,1.4337
2020-06-19,2.83,2.84,2.8,2.82,49398025,139261254.0,0.3777,-0.3534
2020-06-22,2.81,2.84,2.81,2.82,42909025,121339288.0,0.3281,0.0
2020-06-23,2.81,2.82,2.78,2.78,35964703,100421892.0,0.275,-1.4184
2020-06-24,2.79,2.8,2.76,2.77,40042974,111033495.0,0.3062,-0.3597
2020-06-29,2.77,2.77,2.74,2.75,37766088,103991636.0,0.2888,-0.722
2020-06-30,2.76,2.77,2.75,2.76,46284175,127582145.0,0.3539,0.3636
2020-07-01,2.76,2.81,2.74,2.81,63146234,175728833.0,0.4828,1.8116
2020-07-02,2.79,2.88,2.79,2.88,120947006,344087504.0,0.9248,2.4911
2020-07-03,2.88,3.02,2.87,2.99,156812489,464406921.0,1.199,3.8194
2020-07-06,3.03,3.29,3.03,3.29,277125904,884657616.0,2.1189,10.0334
2020-07-07,3.42,3.48,3.26,3.28,306241904,1031582867.0,2.3415,-0.304
2020-07-08,3.25,3.45,3.22,3.41,264228051,884556961.0,2.0203,3.9634
2020-07-09,3.41,3.61,3.38,3.57,292143072,1019409760.0,2.2337,4.6921
2020-07-10,3.5,3.51,3.35,3.37,188436739,645211668.0,1.4408,-5.6022
2020-07-13,3.4,3.51,3.38,3.46,170681217,590707994.0,1.305,2.6706
2020-07-14,3.42,3.54,3.37,3.42,154191701,530939293.0,1.179,-1.1561
2020-07-15,3.5,3.51,3.36,3.37,131217759,448917176.0,1.0033,-1.462
2020-07-16,3.36,3.43,3.19,3.22,132967591,440731462.0,1.0167,-4.451
2020-07-17,3.21,3.24,3.1,3.15,136416448,431419790.0,1.043,-2.1739
2020-07-20,3.16,3.47,3.16,3.47,205915950,690022359.0,1.5744,10.1587
2020-07-21,3.57,3.57,3.39,3.43,186785855,647890010.69,1.4282,-1.1527
2020-07-22,3.52,3.55,3.38,3.4,157432848,545012819.38,1.2037,-0.8746
2020-07-23,3.38,3.42,3.29,3.39,133096173,448102945.05,1.0177,-0.2941
2020-07-24,3.36,3.4,3.21,3.23,144489288,476569613.78,1.1048,-4.7198
2020-07-27,3.25,3.35,3.23,3.26,120105857,394103278.25,0.9183,0.9288
2020-07-28,3.34,3.43,3.23,3.27,175860833,584318656.64,1.3446,0.3067
2020-07-29,3.26,3.31,3.19,3.29,153067623,498210568.57,1.1704,0.6116
2020-07-30,3.32,3.38,3.26,3.3,145619546,482288588.35,1.1134,0.304
2020-07-31,3.28,3.34,3.24,3.29,128601320,422586915.63,0.9833,-0.303
2020-08-03,3.3,3.37,3.27,3.37,153158723,508978312.7,1.1711,2.4316
2020-08-04,3.37,3.44,3.35,3.4,175073668,594197874.53,1.3386,0.8902
2020-08-05,3.42,3.45,3.34,3.43,152678834,518052095.5,1.1674,0.8824
2020-08-06,3.42,3.53,3.4,3.48,189120878,654492440.93,1.446,1.4577
2020-08-07,3.46,3.46,3.33,3.37,145797169,494310644.64,1.1148,-3.1609
2020-08-10,3.33,3.46,3.28,3.36,106106435,357771259.54,0.8113,-0.2967
2020-08-11,3.37,3.41,3.27,3.28,109744166,367026395.82,0.8391,-2.381
2020-08-12,3.25,3.27,3.18,3.23,100584911,323347368.65,0.7691,-1.5244
2020-08-13,3.24,3.25,3.21,3.22,62045025,200500967.83,0.4744,-0.3096
2020-08-14,3.23,3.26,3.18,3.25,69844584,224633629.51,0.534,0.9317
2020-08-17,3.25,3.33,3.24,3.31,97503613,320908891.54,0.7455,1.8462
2020-08-18,3.32,3.37,3.3,3.33,81817575,273012877.68,0.6256,0.6042
2020-08-19,3.35,3.36,3.3,3.31,76207021,254000843.24,0.5827,-0.6006
2020-08-20,3.3,3.3,3.25,3.26,60712031,198501182.06,0.4642,-1.5106
2020-08-21,3.27,3.34,3.26,3.29,65141795,215248014.23,0.4981,0.9202
2020-08-24,3.29,3.29,3.26,3.27,44452778,145450204.05,0.3399,-0.6079
2020-08-25,3.28,3.28,3.21,3.22,55182048,178899776.27,0.4219,-1.5291
2020-08-26,3.21,3.26,3.18,3.19,63525364,203737098.34,0.4857,-0.9317
2020-08-27,3.18,3.21,3.16,3.18,53755309,171081000.8,0.411,-0.3135
2020-08-28,3.16,3.2,3.11,3.2,80409193,253432133.64,0.6148,0.6289
2020-08-31,3.2,3.24,3.15,3.16,81121486,259964222.97,0.6203,-1.25
2020-09-01,3.16,3.18,3.15,3.17,49580093,156774419.76,0.3791,0.3165
2020-09-02,3.16,3.17,3.09,3.11,72694144,226823230.79,0.5558,-1.8927
2020-09-03,3.11,3.14,3.06,3.08,57471067,178280195.73,0.4394,-0.9646
2020-09-04,3.03,3.07,3.02,3.06,45302113,138076394.25,0.3464,-0.6494
2020-09-07,3.07,3.13,3.05,3.06,59695959,184471926.82,0.4564,0.0
2020-09-08,3.06,3.13,3.05,3.12,49182798,152021355.47,0.3761,1.9608
2020-09-09,3.09,3.16,3.08,3.14,83414360,261256454.53,0.6378,0.641
2020-09-10,3.15,3.16,3.04,3.04,74105697,229371416.95,0.5666,-3.1847
2020-09-11,3.05,3.06,3.02,3.05,40287352,122609946.51,0.308,0.3289
2020-09-14,3.06,3.09,3.05,3.06,32843848,100661954.2,0.2511,0.3279
2020-09-15,3.06,3.07,3.03,3.05,32220719,98242419.86,0.2464,-0.3268
2020-09-16,3.04,3.07,3.03,3.05,32741220,99954033.9,0.2503,0.0
2020-09-17,3.05,3.05,3.0,3.02,36644218,110931962.3,0.2802,-0.9836
2020-09-18,3.02,3.12,3.02,3.11,67486252,207771849.28,0.516,2.9801
2020-09-21,3.12,3.15,3.1,3.11,43063240,134396513.88,0.3293,0.0
2020-09-22,3.07,3.09,3.03,3.05,45949974,140717565.14,0.3513,-1.9293
2020-09-23,3.05,3.06,3.02,3.02,42028768,127583102.77,0.3214,-0.9836
2020-09-24,3.0,3.0,2.95,2.96,54720315,162730689.17,0.4184,-1.9868
2020-09-25,2.97,2.98,2.93,2.95,34138572,100782567.53,0.261,-0.3378
2020-09-28,2.95,2.97,2.93,2.94,26637192,78538430.63,0.2037,-0.339
2020-09-29,2.95,2.97,2.93,2.94,31032114,91530352.63,0.2373,0.0
2020-09-30,2.94,2.95,2.88,2.91,45029490,131047661.49,0.3443,-1.0204
2020-10-09,2.95,3.01,2.95,2.99,45752036,136381716.33,0.3498,2.7491
2020-10-12,3.0,3.05,2.99,3.04,51370327,155438002.18,0.3928,1.6722
2020-10-13,3.04,3.04,3.01,3.02,28250466,85389383.74,0.216,-0.6579
2020-10-14,3.02,3.02,2.97,2.97,39715107,118606979.79,0.3037,-1.6556
2020-10-15,2.97,3.01,2.96,2.97,30044845,89665985.96,0.2297,0.0
2020-10-16,2.97,3.02,2.97,2.99,34677328,103901970.52,0.2651,0.6734
2020-10-19,3.02,3.06,2.98,2.99,42665865,128672241.69,0.3262,0.0
2020-10-20,2.98,3.0,2.96,2.99,26295307,78239746.9,0.2011,0.0
2020-10-21,2.99,2.99,2.95,2.97,24074804,71522611.17,0.1841,-0.6689
2020-10-22,2.96,2.97,2.94,2.96,25299914,74754596.67,0.1934,-0.3367
2020-10-23,2.95,2.98,2.93,2.95,27231599,80572153.35,0.2082,-0.3378
2020-10-26,2.95,2.96,2.91,2.93,30979688,90836213.08,0.2369,-0.678
2020-10-27,2.92,2.94,2.91,2.93,22376819,65404997.02,0.1711,0.0
2020-10-28,2.93,2.97,2.91,2.95,38335053,112613125.79,0.2931,0.6826
2020-10-29,2.91,2.94,2.9,2.93,34747349,101336256.83,0.2657,-0.678
2020-10-30,2.93,2.95,2.85,2.87,48905970,142065031.39,0.3739,-2.0478
2020-11-02,2.87,2.93,2.87,2.9,41551369,120725934.07,0.3177,1.0453
2020-11-03,2.92,3.03,2.92,3.02,84693516,253649988.59,0.6476,4.1379
2020-11-04,3.03,3.05,2.99,3.0,49982525,150460023.81,0.3822,-0.6623
2020-11-05,3.02,3.04,3.0,3.03,47804317,144441458.29,0.3655,1.0
2020-11-06,3.03,3.08,3.02,3.07,74498784,227282232.01,0.5696,1.3201
2020-11-09,3.09,3.38,3.09,3.29,251350061,815627513.35,1.9218,7.1661
2020-11-10,3.29,3.4,3.28,3.28,214319835,713238513.94,1.6387,-0.304
2020-11-11,3.28,3.38,3.27,3.33,167168774,556558416.87,1.2782,1.5244
2020-11-12,3.31,3.35,3.26,3.28,105404093,347506122.6,0.8059,-1.5015
2020-11-13,3.29,3.36,3.24,3.31,129435549,427953869.67,0.9897,0.9146
2020-11-16,3.3,3.52,3.29,3.45,267361687,918449802.76,2.0443,4.2296
2020-11-17,3.42,3.46,3.32,3.35,179454022,607722297.64,1.3721,-2.8986
2020-11-18,3.35,3.52,3.35,3.46,221952998,766352451.0,1.6971,3.2836
2020-11-19,3.45,3.52,3.33,3.38,182785500,619699445.22,1.3976,-2.3121
2020-11-20,3.37,3.67,3.34,3.62,320464352,1127344699.94,2.4503,7.1006
2020-11-23,3.61,3.98,3.59,3.87,538563120,2066291333.1,4.1179,6.9061
2020-11-24,3.85,4.13,3.76,4.12,526321408,2092978668.3,4.0243,6.4599
2020-11-25,4.13,4.32,4.07,4.08,496613824,2063231893.48,3.7971,-0.9709
2020-11-26,4.05,4.11,3.97,4.07,327716544,1322498014.96,2.5057,-0.2451
2020-11-27,4.09,4.09,3.88,4.07,303875728,1212254292.71,2.3234,0.0
2020-11-30,4.07,4.29,4.04,4.13,399280544,1666300937.06,3.0529,1.4742
2020-12-01,4.06,4.14,4.0,4.09,236219317,960211400.5,1.8061,-0.9685
2020-12-02,4.18,4.29,4.11,4.18,256016094,1072331600.32,1.9575,2.2005
2020-12-03,4.06,4.08,3.92,3.95,289357216,1156269683.9,2.2124,-5.5024
2020-12-04,3.87,3.99,3.87,3.99,155520237,612682576.58,1.1891,1.0127
2020-12-07,4.0,4.03,3.81,3.89,210908725,822181088.13,1.6126,-2.5063
2020-12-08,3.91,3.92,3.81,3.86,126445896,489084255.29,0.9668,-0.7712
2020-12-09,3.86,3.91,3.78,3.79,133930988,514556009.94,1.024,-1.8135
2020-12-10,3.8,3.81,3.73,3.8,137059399,517153454.02,1.048,0.2639
2020-12-11,3.88,3.91,3.64,3.7,190981418,718477522.05,1.4602,-2.6316
2020-12-14,3.63,3.7,3.59,3.67,106070504,386597060.08,0.811,-0.8108
2020-12-15,3.66,3.66,3.57,3.61,89028757,321206337.52,0.6807,-1.6349
2020-12-16,3.64,3.68,3.55,3.59,94548423,342123946.99,0.7229,-0.554
2020-12-17,3.61,3.82,3.58,3.79,180601937,672173270.0,1.3809,5.571
2020-12-18,3.85,3.89,3.78,3.8,174432582,667519081.69,1.3337,0.2639
2020-12-21,3.76,3.79,3.69,3.74,150456020,561940415.64,1.1504,-1.5789
2020-12-22,3.67,3.68,3.48,3.52,183326058,657659366.53,1.4017,-5.8824
2020-12-23,3.5,3.63,3.5,3.59,122713511,437216460.31,0.9383,1.9886
2020-12-24,3.6,3.64,3.54,3.58,98453730,353008041.99,0.7528,-0.2786
2020-12-25,3.56,3.75,3.53,3.71,129379154,472591115.28,0.9892,3.6313
2020-12-28,3.7,3.81,3.67,3.72,145962253,546616415.28,1.116,0.2695
2020-12-29,3.7,3.7,3.53,3.54,139560483,500734576.62,1.0671,-4.8387
2020-12-30,3.56,3.69,3.54,3.62,113678951,413032512.5,0.8692,2.2599
2020-12-31,3.62,3.68,3.58,3.63,93121951,337950058.93,0.712,0.2762
2021-01-04,3.62,3.82,3.61,3.78,174121671,653184005.46,1.3313,4.1322
2021-01-05,3.76,3.85,3.72,3.8,157460268,594457079.07,1.2039,0.5291
2021-01-06,3.8,3.84,3.72,3.73,129338950,486651548.4,0.9889,-1.8421
2021-01-07,3.71,4.1,3.69,4.0,347012720,1377849731.09,2.6533,7.2386
2021-01-08,3.98,3.98,3.83,3.93,221534844,862105039.15,1.6939,-1.75
2021-01-11,3.86,3.86,3.56,3.6,268370552,994261659.49,2.052,-8.3969
2021-01-12,3.57,3.64,3.53,3.64,137948615,495109481.97,1.0548,1.1111
2021-01-13,3.62,3.77,3.59,3.65,160066088,590648154.82,1.2239,0.2747
2021-01-14,3.61,3.74,3.56,3.56,150476329,545030644.94,1.1505,-2.4658
2021-01-15,3.58,3.65,3.51,3.55,130263658,466438271.0,0.996,-0.2809
2021-01-18,3.55,3.61,3.51,3.59,94455015,336713212.0,0.7222,1.1268
2021-01-19,3.57,3.57,3.42,3.46,138341101,483694355.84,1.0578,-3.6212
2021-01-20,3.45,3.53,3.43,3.52,104374658,363683163.53,0.7981,1.7341
2021-01-21,3.52,3.75,3.49,3.68,236748838,863740665.16,1.8102,4.5455
2021-01-22,3.64,3.66,3.53,3.53,173015475,618891832.7,1.3229,-4.0761
2021-01-25,3.51,3.56,3.45,3.48,129022933,452010809.33,0.9865,-1.4164
2021-01-26,3.45,3.51,3.35,3.39,119000521,405960630.36,0.9099,-2.5862
2021-01-27,3.39,3.41,3.33,3.33,83415238,279691496.54,0.6378,-1.7699
2021-01-28,3.29,3.33,3.22,3.24,101216073,330231921.25,0.7739,-2.7027
2021-01-29,3.25,3.29,3.15,3.2,91488572,294599348.74,0.6995,-1.2346
2021-02-01,3.2,3.28,3.18,3.27,74474559,240363912.3,0.5694,2.1875
2021-02-02,3.26,3.29,3.22,3.26,78608569,255782781.34,0.601,-0.3058
2021-02-03,3.26,3.41,3.23,3.33,130026158,433091119.51,0.9942,2.1472
2021-02-04,3.3,3.34,3.2,3.28,102775315,335100561.3,0.7858,-1.5015
2021-02-05,3.31,3.44,3.3,3.32,162419742,546894271.42,1.2419,1.2195
2021-02-08,3.33,3.5,3.32,3.46,159648099,547427978.3,1.2207,4.2169
2021-02-09,3.5,3.58,3.48,3.56,161670314,570916656.97,1.2361,2.8902
2021-02-10,3.55,3.63,3.48,3.59,155562015,552814662.76,1.1894,0.8427
2021-02-18,3.9,3.95,3.87,3.95,373887728,1470939139.36,2.8588,10.0279
2021-02-19,3.95,4.07,3.87,4.02,395068400,1570774554.7,3.0207,1.7722
2021-02-22,4.17,4.42,4.16,4.36,494584672,2151500661.14,3.7816,8.4577
2021-02-23,4.38,4.51,4.3,4.38,427676592,1884161565.74,3.27,0.4587
2021-02-24,4.33,4.51,4.18,4.25,380399200,1644301447.66,2.9085,-2.968
2021-02-25,4.51,4.63,4.39,4.52,473177088,2141215483.73,3.6179,6.3529
2021-02-26,4.22,4.42,4.2,4.25,338546480,1454627375.87,2.5885,-5.9735
2021-03-01,4.3,4.39,4.22,4.37,268609824,1158481409.45,2.0538,2.8235
2021-03-02,4.32,4.35,4.1,4.14,267744568,1123125593.38,2.0472,-5.2632
2021-03-03,4.26,4.42,4.25,4.42,288805264,1258833788.4,2.2082,6.7633
2021-03-04,4.37,4.55,4.3,4.34,328065760,1447629318.14,2.5084,-1.81
2021-03-05,4.1,4.12,4.01,4.07,233536305,949932594.73,1.7856,-6.2212
2021-03-08,4.17,4.25,4.01,4.02,202397738,837538244.77,1.5475,-1.2285
2021-03-09,4.06,4.15,3.85,4.02,220369799,885944549.65,1.685,0.0
2021-03-10,4.03,4.05,3.91,3.97,143004485,568201783.08,1.0934,-1.2438
2021-03-11,4.05,4.37,4.03,4.37,353709072,1496653943.02,2.7045,10.0756
2021-03-12,4.48,4.57,4.37,4.44,408403664,1822875598.14,3.1227,1.6018
2021-03-15,4.54,4.74,4.46,4.53,338894336,1553855383.46,2.5912,2.027
2021-03-16,4.57,4.65,4.4,4.44,241197574,1083810896.52,1.8442,-1.9868
2021-03-17,4.34,4.38,4.26,4.31,159142877,685667489.6,1.2168,-2.9279
2021-03-18,4.4,4.44,4.26,4.27,154011525,666705879.33,1.1776,-0.9281
2021-03-19,4.15,4.21,4.07,4.15,183499682,758447497.88,1.403,-2.8103
2021-03-22,4.17,4.27,4.1,4.15,196445926,818800733.33,1.502,0.0
2021-03-23,4.16,4.17,3.9,3.94,239458169,956259695.62,1.8309,-5.0602
2021-03-24,3.83,3.87,3.69,3.7,223260385,838518149.15,1.7071,-6.0914
2021-03-25,3.71,3.81,3.69,3.74,139412907,523226861.37,1.066,1.0811
2021-03-26,3.76,3.82,3.75,3.8,113221142,428905570.9,0.8657,1.6043
2021-03-29,3.87,3.9,3.81,3.83,125397599,482555847.89,0.9588,0.7895
2021-03-30,3.82,3.86,3.73,3.82,104217079,396007231.28,0.7968,-0.2611
2021-03-31,3.76,3.79,3.71,3.77,106610577,399494293.84,0.8151,-1.3089
2021-04-01,3.79,3.85,3.73,3.83,90173567,342039670.95,0.6895,1.5915
2021-04-02,3.83,3.86,3.76,3.81,82559680,314774067.7,0.6313,-0.5222
2021-04-06,3.82,3.86,3.81,3.81,66916178,256197340.35,0.5116,0.0
2021-04-07,3.79,3.93,3.75,3.9,135970301,523346330.83,1.0396,2.3622
2021-04-08,3.92,4.1,3.9,4.0,232439051,929150458.25,1.7772,2.5641
2021-04-09,4.2,4.32,4.13,4.25,355448352,1500733415.38,2.7178,6.25
2021-04-12,4.2,4.22,4.08,4.09,211306994,875058592.48,1.6157,-3.7647
2021-04-13,4.08,4.2,4.02,4.14,165182923,680985380.74,1.263,1.2225
2021-04-14,4.19,4.27,4.11,4.17,150038096,627046124.93,1.1472,0.7246
2021-04-15,4.19,4.36,4.16,4.32,256706728,1093124054.44,1.9628,3.5971
2021-04-16,4.32,4.35,4.2,4.23,192383983,819145820.59,1.471,-2.0833
2021-04-19,4.2,4.26,4.15,4.25,149721262,632810136.43,1.1448,0.4728
2021-04-20,4.2,4.33,4.15,4.23,164576722,696576765.05,1.2584,-0.4706
2021-04-21,4.17,4.25,4.13,4.21,126192269,528730187.82,0.9649,-0.4728
2021-04-22,4.27,4.35,4.25,4.26,150707879,647723072.19,1.1523,1.1876
2021-04-23,4.26,4.3,4.2,4.28,112109965,477892185.54,0.8572,0.4695
2021-04-26,4.3,4.55,4.29,4.38,224715843,993685096.2,1.7182,2.3364
2021-04-27,4.43,4.51,4.36,4.44,163507932,725798105.4,1.2502,1.3699
2021-04-28,4.4,4.44,4.31,4.4,145335428,636917713.6,1.1112,-0.9009
2021-04-29,4.44,4.62,4.37,4.54,269789712,1215057634.59,2.0628,3.1818
2021-04-30,4.52,4.53,4.36,4.44,182677865,811632827.51,1.3968,-2.2026
2021-05-06,4.68,4.88,4.67,4.88,365865136,1761281748.54,2.7974,9.9099
2021-05-07,5.03,5.25,4.96,5.25,495169760,2536243863.59,3.7861,7.582
2021-05-10,5.4,5.78,5.27,5.78,505298288,2786087048.34,3.8635,10.0952
2021-05-11,5.53,5.98,5.41,5.78,569276272,3218585825.65,4.3527,0.0
2021-05-12,5.64,5.87,5.58,5.85,394583408,2268846076.79,3.017,1.2111
2021-05-13,5.6,5.61,5.27,5.31,491544480,2651074272.92,3.7584,-9.2308
2021-05-14,5.32,5.42,5.18,5.28,333568832,1759776907.05,2.5505,-0.565
2021-05-17,5.29,5.48,5.2,5.37,350771008,1878570063.11,2.682,1.7045
2021-05-18,5.48,5.58,5.41,5.45,256868956,1410646539.96,1.964,1.4898
2021-05-19,5.33,5.37,5.22,5.28,217388658,1149049868.02,1.6622,-3.1193
2021-05-20,4.99,5.23,4.94,5.18,261317567,1325821791.01,1.998,-1.8939
2021-05-21,5.13,5.44,5.11,5.34,228748239,1210876168.48,1.749,3.0888
2021-05-24,5.2,5.33,5.12,5.22,194817029,1013630439.94,1.4896,-2.2472
2021-05-25,5.21,5.42,5.12,5.34,209433583,1112178780.87,1.6013,2.2989
2021-05-26,5.31,5.44,5.23,5.25,232054440,1234546644.59,1.7743,-1.6854
2021-05-27,5.25,5.37,5.2,5.28,188575362,993339109.48,1.4419,0.5714
2021-05-28,5.45,5.5,5.35,5.36,273262144,1480385199.1,2.0894,1.5152
2021-05-31,5.35,5.54,5.22,5.23,262034738,1403218892.9,2.0035,-2.4254
2021-06-01,5.18,5.4,5.05,5.37,259701647,1349449193.19,1.9857,2.6769
2021-06-02,5.3,5.41,5.23,5.25,142369253,754979781.27,1.0886,-2.2346
2021-06-03,5.2,5.34,5.19,5.23,117960250,621703473.57,0.9019,-0.381
2021-06-04,5.1,5.25,5.06,5.16,160215936,822330349.82,1.225,-1.3384
2021-06-07,5.2,5.3,5.16,5.17,111314845,581344737.41,0.8511,0.1938
2021-06-08,5.14,5.2,5.06,5.07,126538501,646535604.6,0.9675,-1.9342
2021-06-09,5.08,5.25,5.08,5.19,130898453,677351465.98,1.0009,2.3669
2021-06-10,5.16,5.25,5.12,5.14,103874140,537499455.98,0.7942,-0.9634
2021-06-11,5.25,5.52,5.15,5.45,333828400,1785112673.53,2.5525,6.0311
2021-06-15,5.44,5.53,5.06,5.1,282324688,1477652416.44,2.1587,-6.422
2021-06-16,5.0,5.03,4.78,4.79,222739973,1088163914.11,1.7031,-6.0784
2021-06-17,4.78,4.93,4.77,4.85,120295866,584092191.37,0.9198,1.2526
2021-06-18,4.69,4.91,4.61,4.88,147590699,706301337.36,1.1285,0.6186
2021-06-21,4.84,4.93,4.77,4.84,116517311,564173493.11,0.8909,-0.8197
2021-06-22,4.9,4.93,4.77,4.88,113981308,554760224.51,0.8715,0.8264
2021-06-23,4.9,5.23,4.89,5.17,231769747,1174194497.15,1.7721,5.9426
2021-06-24,5.2,5.32,5.16,5.18,172508499,902126894.7,1.319,0.1934
2021-06-25,5.19,5.49,5.17,5.41,202870925,1085479568.48,1.5512,4.4402
2021-06-28,5.39,5.42,5.3,5.39,110399438,592175130.75,0.8441,-0.3697
2021-06-29,5.33,5.4,5.17,5.21,167615951,879468071.31,1.2816,-3.3395
2021-06-30,5.25,5.38,5.25,5.3,114527306,607475163.85,0.8757,1.7274
2021-07-01,5.29,5.29,5.11,5.11,124593031,645395684.42,0.9526,-3.5849
2021-07-02,5.08,5.31,5.08,5.14,150674656,781658008.49,1.1521,0.5871
2021-07-05,5.25,5.51,5.25,5.37,224786830,1213416133.87,1.7187,4.4747
2021-07-06,5.4,5.44,5.24,5.37,153666919,820140268.95,1.1749,0.0
2021-07-07,5.24,5.4,5.18,5.36,149407510,792665967.7,1.1424,-0.1862
2021-07-08,5.36,5.63,5.31,5.33,229714037,1252034310.99,1.7564,-0.5597
2021-07-09,5.29,5.86,5.25,5.86,387651424,2194564794.65,2.964,9.9437
2021-07-12,6.05,6.17,5.7,5.74,488997888,2907118749.0,3.7389,-2.0478
2021-07-13,5.79,5.85,5.65,5.77,266126517,1535060687.8,2.0348,0.5226
2021-07-14,5.74,5.78,5.45,5.49,324766432,1804194013.93,2.4832,-4.8527
2021-07-15,5.46,5.63,5.38,5.59,243745709,1345547160.02,1.8637,1.8215
2021-07-16,5.55,5.96,5.54,5.82,357009744,2083158003.91,2.7297,4.1145
2021-07-19,5.98,6.05,5.74,5.82,381585840,2249844478.93,2.9176,0.0
2021-07-20,5.61,5.69,5.51,5.67,240153413,1348673840.09,1.8362,-2.5773
2021-07-21,5.75,5.89,5.66,5.81,238322975,1377660745.01,1.8222,2.4691
2021-07-22,5.84,6.26,5.83,6.17,386971568,2348942589.42,2.9588,6.1962
2021-07-23,6.22,6.41,6.13,6.28,470211296,2964080148.42,3.5952,1.7828
2021-07-26,6.33,6.45,6.02,6.19,390315488,2446769093.1,2.9844,-1.4331
2021-07-27,6.33,6.41,5.63,5.65,468131952,2826120861.51,3.5793,-8.7237
2021-07-28,5.42,5.65,5.36,5.43,318862384,1752483005.62,2.438,-3.8938
2021-07-29,5.68,5.7,5.48,5.64,228963278,1280137850.5,1.7507,3.8674
2021-07-30,5.69,6.03,5.65,5.97,309806656,1801355301.95,2.3688,5.8511
2021-08-02,5.88,5.96,5.63,5.88,305297392,1770986811.39,2.3343,-1.5075
2021-08-03,5.78,5.83,5.4,5.53,290101152,1624618591.11,2.2181,-5.9524
2021-08-04,5.5,5.7,5.44,5.65,183308717,1028034715.77,1.4016,2.17
2021-08-05,5.57,5.57,5.4,5.47,181468117,994388846.78,1.3875,-3.1858
2021-08-06,5.48,5.7,5.47,5.64,179355236,1005996990.88,1.3714,3.1079
2021-08-09,5.56,5.8,5.49,5.74,210601155,1192736285.33,1.6103,1.773
2021-08-10,5.7,5.82,5.58,5.72,197898145,1120568378.65,1.5131,-0.3484
2021-08-11,5.82,6.02,5.8,5.94,317229712,1880710781.44,2.4255,3.8462
2021-08-12,5.94,6.34,5.89,6.22,434718224,2688249891.27,3.3239,4.7138
2021-08-13,6.18,6.32,6.08,6.3,280431936,1749485697.6,2.1442,1.2862
2021-08-16,6.38,6.44,6.05,6.11,304042016,1883975272.55,2.3247,-3.0159
2021-08-17,6.07,6.22,5.95,6.03,240078350,1461103756.07,1.8356,-1.3093
2021-08-18,5.96,6.26,5.88,6.06,245660452,1490320736.64,1.8783,0.4975
2021-08-19,5.9,5.92,5.63,5.88,298966896,1726383254.6,2.2859,-2.9703
2021-08-20,5.81,5.92,5.7,5.87,216527558,1260209046.17,1.6556,-0.1701
2021-08-23,5.91,6.04,5.88,5.93,189828328,1130316206.08,1.4514,1.0221
2021-08-24,6.0,6.12,5.96,6.01,235865872,1424400130.73,1.8034,1.3491
2021-08-25,6.24,6.61,6.1,6.61,518667216,3328997927.94,3.9657,9.9834
2021-08-26,6.72,7.27,6.61,7.22,889119328,6282216513.23,6.7982,9.2284
2021-08-27,7.27,7.65,7.16,7.25,688775552,5050932338.14,5.2664,0.4155
2021-08-30,7.36,7.76,7.36,7.62,680549824,5153317145.46,5.2035,5.1034
2021-08-31,7.55,7.88,7.47,7.8,574154688,4411283856.7,4.39,2.3622
2021-09-01,7.7,8.09,7.22,7.48,671871232,5127733294.93,5.1371,-4.1026
2021-09-02,7.59,7.99,7.51,7.88,507236208,3954197139.99,3.8783,5.3476
2021-09-03,7.87,7.98,7.52,7.59,350076480,2704017581.6,2.6767,-3.6802
2021-09-06,8.0,8.35,7.77,7.96,580237552,4711035613.27,4.4365,4.8748
2021-09-07,8.18,8.37,7.96,8.29,460223424,3778799229.47,3.5189,4.1457
2021-09-08,8.33,9.09,8.06,8.98,568114512,4898761763.0,4.3438,8.3233
2021-09-09,8.99,9.57,8.86,9.4,664421744,6092126563.93,5.0802,4.6771
2021-09-10,9.54,10.01,9.24,9.3,696078624,6681921806.21,5.3222,-1.0638
2021-09-13,9.82,10.23,9.6,10.23,812389184,8162684819.02,6.2115,10.0
2021-09-14,9.85,10.17,9.54,9.66,720372928,7099259678.29,5.508,-5.5718
2021-09-15,9.22,9.55,9.05,9.35,522980336,4855428030.84,3.9987,-3.2091
2021-09-16,9.63,9.94,9.32,9.57,541558768,5208573644.92,4.1408,2.3529
2021-09-17,9.3,10.05,9.15,9.54,558983824,5421592222.25,4.274,-0.3135
2021-09-22,9.45,9.93,9.0,9.8,497437296,4699022263.95,3.8034,2.7254
2021-09-23,10.05,10.16,9.29,9.36,486313440,4675411127.63,3.7184,-4.4898
2021-09-24,9.61,9.8,8.78,8.87,574757344,5298993553.73,4.3946,-5.235
2021-09-27,8.8,8.85,7.98,7.99,531834688,4379279577.75,4.0664,-9.9211
2021-09-28,7.95,8.54,7.95,8.4,392744752,3256983265.4,3.0029,5.1314
2021-09-29,8.4,8.43,7.86,7.92,308980736,2497448926.0,2.3625,-5.7143
2021-09-30,8.1,8.14,7.71,7.75,316013984,2481844943.93,2.4162,-2.1465
2021-10-08,7.97,8.0,7.48,7.55,290719904,2227981831.61,2.2228,-2.5806
2021-10-11,7.45,7.61,7.2,7.43,283856816,2104846230.56,2.1704,-1.5894
2021-10-12,7.48,7.55,6.94,7.1,341979968,2444327432.46,2.6148,-4.4415
2021-10-13,7.21,7.25,6.95,7.1,278037840,1971462542.34,2.1259,0.0
2021-10-14,7.02,7.26,6.85,7.09,313283104,2209246651.87,2.3954,-0.1408
2021-10-15,7.15,7.3,6.97,7.21,395262352,2824988378.87,3.0222,1.6925
2021-10-18,7.25,7.51,7.02,7.46,514529072,3756615990.48,3.9341,3.4674
2021-10-19,7.38,7.39,7.15,7.3,319877712,2324478415.09,2.4458,-2.1448
2021-10-20,7.0,7.2,6.82,7.1,379940368,2678859624.4,2.905,-2.7397
2021-10-21,7.21,7.39,7.07,7.17,365273504,2645344375.45,2.7929,0.9859
2021-10-22,7.07,7.21,6.69,6.74,467135424,3219762956.38,3.5717,-5.9972
2021-10-25,6.75,7.03,6.7,6.95,302320336,2090990856.52,2.3115,3.1157
2021-10-26,6.95,7.06,6.86,6.92,199103937,1382924499.26,1.5224,-0.4317
2021-10-27,6.82,6.9,6.36,6.51,543829392,3568930182.01,4.1581,-5.9249
2021-10-28,6.4,6.44,6.06,6.16,482453824,2991856347.36,3.6888,-5.3763
2021-10-29,6.27,6.3,6.11,6.14,274504720,1698401573.35,2.0989,-0.3247
2021-11-01,6.12,6.25,6.05,6.09,295615968,1816232882.02,2.2603,-0.8143
2021-11-02,6.09,6.13,5.76,5.91,391820624,2324871849.07,2.9959,-2.9557
2021-11-03,5.91,5.99,5.83,5.97,289904848,1714058874.87,2.2166,1.0152
2021-11-04,5.92,5.94,5.79,5.82,251137505,1466472940.8,1.9202,-2.5126
2021-11-05,5.62,5.7,5.47,5.49,402749072,2246716804.71,3.0794,-5.6701
2021-11-08,5.54,5.63,5.49,5.51,273358960,1517524428.72,2.0901,0.3643
2021-11-09,5.56,5.59,5.43,5.47,191123202,1047353924.19,1.4613,-0.726
2021-11-10,5.4,5.42,5.2,5.4,364883904,1940445497.05,2.7899,-1.2797
2021-11-11,5.4,5.51,5.35,5.47,276838288,1504268749.86,2.1167,1.2963
2021-11-12,5.53,5.65,5.31,5.32,403563616,2198506839.74,3.0857,-2.7422
2021-11-15,5.26,5.36,5.21,5.32,238363654,1262449322.91,1.8225,0.0
2021-11-16,5.26,5.35,5.18,5.2,272133312,1426726974.99,2.0807,-2.2556
2021-11-17,5.13,5.25,5.13,5.25,240942645,1255597726.23,1.8423,0.9615
2021-11-18,5.24,5.29,5.14,5.22,277928496,1452900127.92,2.125,-0.5714
2021-11-19,5.21,5.37,5.16,5.34,326153904,1723939391.02,2.4938,2.2989
2021-11-22,5.32,5.35,5.23,5.32,265606387,1406332496.27,2.0308,-0.3745
2021-11-23,5.34,5.46,5.31,5.32,408894560,2197687177.47,3.1264,0.0
2021-11-24,5.3,5.45,5.25,5.4,404253424,2168686958.84,3.0909,1.5038
2021-11-25,5.43,5.45,5.32,5.35,305796240,1642783332.22,2.3381,-0.9259
2021-11-26,5.3,5.39,5.25,5.27,255861478,1358467834.38,1.9563,-1.4953
2021-11-29,5.16,5.28,5.05,5.25,333240544,1722418747.24,2.548,-0.3795
2021-11-30,5.24,5.35,5.13,5.2,295382416,1548151324.02,2.2585,-0.9524
2021-12-01,5.17,5.31,5.15,5.28,217979299,1138714588.78,1.6667,1.5385
2021-12-02,5.25,5.33,5.2,5.29,219724659,1156219233.31,1.68,0.1894
2021-12-03,5.27,5.43,5.18,5.39,407186832,2167088712.46,3.1134,1.8904
2021-12-06,5.4,5.93,5.4,5.93,661352240,3803793333.68,5.0567,10.0186
2021-12-07,6.0,6.36,5.92,6.29,1215150752,7414831425.56,9.2911,6.0708
2021-12-08,6.31,6.66,6.09,6.45,855722768,5461335787.1,6.5429,2.5437
2021-12-09,6.35,6.44,6.25,6.3,589767648,3740310924.68,4.5094,-2.3256
2021-12-10,6.25,6.48,6.15,6.39,553095392,3507717699.16,4.229,1.4286
2021-12-13,6.39,6.57,6.27,6.39,509632736,3259240468.21,3.8967,0.0
2021-12-14,6.32,6.34,6.03,6.08,536345440,3295624994.85,4.1009,-4.8513
2021-12-15,6.03,6.14,6.0,6.01,344518192,2085325242.78,2.6342,-1.1513
2021-12-16,6.01,6.18,5.94,6.14,381602240,2315892707.65,2.9177,2.1631
2021-12-17,6.16,6.33,6.13,6.16,365904000,2270720803.51,2.7977,0.3257
2021-12-20,6.16,6.38,6.16,6.2,381469008,2384788122.33,2.9167,0.6494
2021-12-21,6.1,6.35,5.95,6.23,394018096,2426179140.33,3.0127,0.4839
2021-12-22,6.35,6.43,6.1,6.18,311054128,1938090282.34,2.3783,-0.8026
2021-12-23,6.39,6.8,6.22,6.8,984791632,6465745348.17,7.5297,10.0324
2021-12-24,6.8,6.8,6.42,6.43,569159968,3726907351.46,4.3518,-5.4412
2021-12-27,6.31,6.32,6.12,6.16,375474848,2330232380.56,2.8709,-4.1991
2021-12-28,6.13,6.28,6.03,6.21,249659789,1541542942.62,1.9089,0.8117
2021-12-29,6.16,6.16,6.05,6.05,236552200,1438648067.02,1.8087,-2.5765
2021-12-30,6.08,6.22,6.03,6.15,254626925,1559030265.7,1.9469,1.6529
2021-12-31,6.11,6.14,6.06,6.09,165144391,1005876639.17,1.2627,-0.9756
2022-01-04,6.11,6.12,6.0,6.07,220686791,1335698902.99,1.6874,-0.3284
2022-01-05,6.04,6.05,5.7,5.82,372622528,2176736409.89,2.8491,-4.1186
2022-01-06,5.8,5.93,5.77,5.86,185733531,1090537041.73,1.4201,0.6873
2022-01-07,5.86,6.06,5.82,5.99,276188816,1646520700.52,2.1117,2.2184
2022-01-10,5.97,6.17,5.93,6.09,228029209,1387071302.13,1.7435,1.6694
2022-01-11,6.11,6.3,6.07,6.23,361285200,2249007473.69,2.7624,2.2989
2022-01-12,6.33,6.38,6.13,6.25,240480963,1497278903.79,1.8387,0.321
2022-01-13,6.23,6.3,6.08,6.09,234814267,1450748365.47,1.7954,-2.56
2022-01-14,6.02,6.06,5.9,5.93,208534811,1242778985.77,1.5945,-2.6273
2022-01-17,5.86,5.91,5.76,5.86,179320758,1043239894.18,1.3711,-1.1804
2022-01-18,5.85,6.0,5.81,5.95,172650863,1021441613.05,1.3201,1.5358
2022-01-19,5.99,6.1,5.89,5.97,192336343,1154087282.98,1.4706,0.3361
2022-01-20,5.95,6.03,5.86,5.9,133454033,791796999.17,1.0204,-1.1725
2022-01-21,5.88,5.93,5.77,5.84,146279871,853668179.59,1.1185,-1.0169
2022-01-24,5.71,5.74,5.57,5.7,159748432,903348195.83,1.2214,-2.3973
2022-01-25,5.68,5.77,5.4,5.41,191711295,1067602241.82,1.4658,-5.0877
2022-01-26,5.49,5.73,5.45,5.66,242659917,1365641172.78,1.8554,4.6211
2022-01-27,5.67,5.71,5.52,5.53,146810134,824279485.93,1.1225,-2.2968
2022-01-28,5.38,5.42,5.1,5.26,314247248,1643697627.8,2.4027,-4.8825
2022-02-07,5.37,5.65,5.33,5.62,237406559,1314009397.09,1.8152,6.8441
2022-02-08,5.65,5.95,5.61,5.89,280533968,1616264300.67,2.145,4.8043
2022-02-09,6.13,6.23,6.04,6.15,422193168,2598130675.28,3.2281,4.4143
2022-02-10,6.28,6.38,6.16,6.26,410583552,2577743987.85,3.1393,1.7886
2022-02-11,6.13,6.35,6.1,6.15,300837712,1870071891.92,2.3002,-1.7572
2022-02-14,6.17,6.22,6.01,6.06,213982094,1307766613.53,1.6361,-1.4634
2022-02-15,6.09,6.13,5.91,6.02,186994649,1120368436.7,1.4298,-0.6601
2022-02-16,5.98,6.07,5.95,6.03,168926306,1016379971.48,1.2916,0.1661
2022-02-17,6.09,6.24,6.08,6.17,282292544,1741385192.97,2.1584,2.3217
2022-02-18,6.11,6.34,6.08,6.26,243859362,1523680289.0,1.8646,1.4587
2022-02-21,6.2,6.21,6.1,6.16,166341485,1022309756.58,1.2718,-1.5974
2022-02-22,6.21,6.27,6.07,6.27,276026112,1709508344.28,2.1105,1.7857
2022-02-23,6.15,6.21,6.08,6.15,243530613,1492676164.73,1.862,-1.9139
2022-02-24,6.08,6.53,6.06,6.26,638787408,4034239660.07,4.8842,1.7886
2022-02-25,6.29,6.49,6.23,6.33,509890992,3248800027.48,3.8986,1.1182
2022-02-28,6.46,6.52,6.3,6.48,357887440,2302111392.0,2.7364,2.3697
2022-03-01,6.4,6.42,6.23,6.36,325702688,2055068992.0,2.4903,-1.8519
2022-03-02,6.49,7.0,6.45,6.91,841971472,5720226816.0,6.4377,8.6478
2022-03-03,7.01,7.25,6.97,7.15,635084000,4506970112.0,4.8559,3.4732
2022-03-04,7.21,7.5,6.95,7.11,539728944,3873117488.0,4.1268,-0.5594
2022-03-07,7.39,7.43,7.17,7.3,450227744,3280391392.0,3.4424,2.6723
2022-03-08,6.9,7.0,6.57,6.71,541151120,3674048720.0,4.1377,-8.0822
2022-03-09,6.47,6.52,6.06,6.32,472152128,2986183856.0,3.6101,-5.8122
2022-03-10,6.2,6.31,6.05,6.23,307215952,1904046960.0,2.349,-1.4241
2022-03-11,6.16,6.39,5.96,6.37,353134176,2201145728.0,2.7001,2.2472
2022-03-14,6.18,6.3,6.0,6.02,278427856,1712544752.0,2.1289,-5.4945
2022-03-15,5.84,5.84,5.42,5.42,405053072,2259375536.0,3.097,-9.9668
2022-03-16,5.5,5.67,5.32,5.63,278728176,1536419776.0,2.1312,3.8745
2022-03-17,5.79,5.9,5.63,5.78,283385840,1630970384.0,2.1668,2.6643
2022-03-18,5.86,6.02,5.83,5.98,261385752,1552959414.18,1.9986,3.4602
2022-03-21,6.11,6.21,6.07,6.16,268785376,1649772975.76,2.0551,3.01
2022-03-22,6.2,6.34,6.11,6.26,248896966,1555042442.07,1.9031,1.6234
2022-03-23,6.1,6.17,6.05,6.12,212134274,1293265736.04,1.622,-2.2364
2022-03-24,6.18,6.24,6.08,6.14,230905024,1424985811.29,1.7655,0.3268
2022-03-25,6.05,6.16,5.98,6.0,184759985,1117923034.44,1.4127,-2.2801
2022-03-28,5.89,6.18,5.81,6.12,197157231,1188955512.21,1.5075,2.0
2022-03-29,6.11,6.12,6.0,6.03,128588668,778458735.8,0.9832,-1.4706
2022-03-30,5.93,5.98,5.86,5.97,196458835,1164236007.66,1.5021,-0.995
2022-03-31,5.98,6.0,5.74,5.82,202690006,1186249238.05,1.5498,-2.5126
2022-04-01,5.76,5.85,5.68,5.81,135356528,783767383.35,1.0349,-0.1718
2022-04-06,5.74,5.9,5.66,5.9,161248542,931070638.67,1.2329,1.5491
2022-04-07,5.83,5.86,5.69,5.7,149062264,858578842.3,1.1397,-3.3898
2022-04-08,5.68,5.75,5.56,5.72,129162598,732414231.2,0.9876,0.3509
2022-04-11,5.65,5.71,5.4,5.41,189814256,1047509685.29,1.4513,-5.4196
2022-04-12,5.33,5.66,5.32,5.66,159701998,881637428.67,1.2211,4.6211
2022-04-13,5.59,5.94,5.56,5.82,248184596,1437726372.88,1.8976,2.8269
2022-04-14,5.86,5.96,5.77,5.87,186537042,1095169397.93,1.4263,0.8591
2022-04-15,5.91,5.98,5.7,5.72,155847177,907130111.95,1.1916,-2.5554
2022-04-18,5.61,5.63,5.51,5.57,121314679,674071575.48,0.9276,-2.6224
2022-04-19,5.62,5.74,5.58,5.69,138980509,788252222.95,1.0626,2.1544
2022-04-20,5.64,5.65,5.4,5.43,172668154,951367173.83,1.3202,-4.5694
2022-04-21,5.41,5.47,5.25,5.28,151703803,809464664.85,1.1599,-2.7624
2022-04-22,5.17,5.3,5.1,5.25,115684288,603026161.24,0.8845,-0.5682
2022-04-25,5.13,5.14,4.73,4.73,237782715,1161503456.42,1.8181,-9.9048
2022-04-26,4.7,4.72,4.4,4.43,219403655,992380636.51,1.6776,-6.3425
2022-04-27,4.36,4.71,4.31,4.67,241686459,1102567585.37,1.8479,5.4176
2022-04-28,4.62,4.7,4.53,4.65,153489508,708436337.6,1.1736,-0.4283
2022-04-29,4.66,4.78,4.61,4.76,179647918,844185951.08,1.3736,2.3656
2022-05-05,4.67,4.75,4.62,4.71,151331496,710821847.52,1.1571,-1.0504
2022-05-06,4.54,4.54,4.43,4.46,157485776,706876437.79,1.2041,-5.3079
2022-05-09,4.4,4.54,4.38,4.51,102524500,460310585.0,0.7839,1.1211
2022-05-10,4.35,4.54,4.32,4.53,141330737,629522058.54,1.0806,0.4435
2022-05-11,4.52,4.68,4.51,4.6,169644379,782821569.9,1.2971,1.5453
2022-05-12,4.57,4.64,4.45,4.52,139699777,634644826.55,1.0681,-1.7391
2022-05-13,4.52,4.56,4.46,4.56,103986139,470226791.67,0.7951,0.885
2022-05-16,4.62,4.66,4.56,4.58,123013019,566707341.11,0.9406,0.4386
2022-05-17,4.57,4.62,4.53,4.62,107954211,495438532.22,0.8254,0.8734
2022-05-18,4.63,4.64,4.54,4.58,90333487,414020667.09,0.6907,-0.8658
2022-05-19,4.5,4.61,4.45,4.61,116713685,527436789.74,0.8924,0.655
2022-05-20,4.7,5.07,4.68,5.07,358185408,1736458512.81,2.7387,9.9783
2022-05-23,5.18,5.37,5.05,5.24,398579184,2070878688.51,3.0475,3.3531
2022-05-24,5.15,5.22,4.93,4.93,250402984,1273592788.69,1.9146,-5.916
2022-05-25,4.92,5.01,4.9,4.97,161442611,800422656.23,1.2344,0.8114
2022-05-26,5.0,5.1,4.86,5.02,172714714,860285959.1,1.3206,1.006
2022-05-27,5.06,5.11,4.96,5.02,128059035,644126089.91,0.9791,0.0
2022-05-30,5.03,5.08,4.94,5.06,121287849,611250241.96,0.9274,0.7968
2022-05-31,5.05,5.27,4.97,5.15,184589111,938318113.34,1.4114,1.7787
2022-06-01,5.05,5.06,4.97,5.02,185412252,930991017.65,1.4177,-2.5243
2022-06-02,4.98,5.06,4.95,5.04,157765886,791818656.21,1.2063,0.3984
2022-06-06,5.04,5.15,5.03,5.12,239726348,1220980848.42,1.833,1.5873
2022-06-07,5.08,5.12,5.02,5.05,188200038,953912817.18,1.439,-1.3672
2022-06-08,5.09,5.21,5.02,5.2,314602272,1613308444.87,2.4055,2.9703
2022-06-09,5.17,5.19,5.03,5.07,207816836,1058801048.32,1.589,-2.5
2022-06-10,4.98,5.18,4.95,5.15,265146587,1352279051.26,2.0273,1.5779
2022-06-13,5.08,5.18,5.02,5.08,231602778,1178747793.14,1.7708,-1.3592
2022-06-14,5.02,5.05,4.72,4.97,373898128,1829507158.68,2.8588,-2.1654
2022-06-15,4.94,5.15,4.92,5.06,344973072,1749365294.82,2.6377,1.8109
2022-06-16,5.12,5.19,5.01,5.03,248663713,1263244696.78,1.9013,-0.5929
2022-06-17,4.94,5.02,4.9,4.99,226914949,1124961428.82,1.735,-0.7952
2022-06-20,4.98,4.99,4.84,4.86,262653684,1281572875.72,2.0083,-2.6052
2022-06-21,4.85,4.87,4.74,4.77,207410139,992640931.06,1.5859,-1.8519
2022-06-22,4.78,4.82,4.69,4.7,173975979,828377853.14,1.3302,-1.4675
2022-06-23,4.69,4.77,4.61,4.76,221244478,1034931920.64,1.6916,1.2766
2022-06-24,4.74,4.75,4.68,4.74,159601996,752353752.47,1.2203,-0.4202
2022-06-27,4.75,4.86,4.73,4.8,196704591,944114517.34,1.504,1.2658
2022-06-28,4.81,4.95,4.8,4.95,285856704,1394063523.54,2.1857,3.125
2022-06-29,4.95,4.99,4.75,4.76,324287088,1567650129.5,2.4795,-3.8384
2022-06-30,4.73,4.78,4.72,4.75,148137132,703508831.64,1.1327,-0.2101
2022-07-01,4.71,4.76,4.67,4.74,113219382,533381997.89,0.8657,-0.2105
2022-07-04,4.7,4.73,4.68,4.72,103995312,489286933.57,0.7951,-0.4219
2022-07-05,4.71,4.88,4.7,4.8,237394129,1142144455.72,1.8151,1.6949
2022-07-06,4.72,4.73,4.6,4.63,212180732,985385707.73,1.6223,-3.5417
2022-07-07,4.61,4.72,4.61,4.67,110572621,515696316.76,0.8454,0.8639
2022-07-08,4.71,4.75,4.65,4.67,98126440,460686559.4,0.7503,0.0
2022-07-11,4.64,4.64,4.53,4.57,126474063,576906605.11,0.967,-2.1413
2022-07-12,4.53,4.62,4.53,4.56,86966586,397776739.4,0.6649,-0.2188
2022-07-13,4.53,4.55,4.48,4.54,99344146,448800457.7,0.7596,-0.4386
2022-07-14,4.54,4.54,4.5,4.5,71600478,323182866.07,0.5475,-0.8811
2022-07-15,4.47,4.48,4.38,4.38,113178151,500833775.34,0.8654,-2.6667
2022-07-18,4.43,4.65,4.43,4.63,196320139,895820406.01,1.5011,5.7078
2022-07-19,4.65,4.72,4.6,4.65,137278708,638720334.06,1.0496,0.432
2022-07-20,4.65,4.65,4.58,4.61,82596831,380926168.86,0.6315,-0.8602
2022-07-21,4.58,4.59,4.53,4.53,95477532,434620515.93,0.73,-1.7354
2022-07-22,4.53,4.57,4.47,4.53,87373332,395379379.48,0.6681,0.0
2022-07-25,4.75,4.78,4.58,4.61,203024804,948274261.6,1.5523,1.766
2022-07-26,4.61,4.63,4.54,4.62,86368482,396162636.43,0.6604,0.2169
2022-07-27,4.6,4.62,4.58,4.59,64448477,296339735.43,0.4928,-0.6494
2022-07-28,4.65,4.66,4.61,4.63,81638663,377798272.47,0.6242,0.8715
2022-07-29,4.65,4.72,4.61,4.67,151523691,707473066.24,1.1586,0.8639
2022-08-01,4.63,4.65,4.59,4.63,100100680,462001039.73,0.7654,-0.8565
2022-08-02,4.57,4.57,4.37,4.42,173585547,769755476.57,1.3272,-4.5356
2022-08-03,4.4,4.48,4.35,4.38,111901516,494820766.29,0.8556,-0.905
2022-08-04,4.37,4.41,4.35,4.4,78688312,344893632.0,0.6017,0.4566
2022-08-05,4.4,4.5,4.4,4.49,93122517,413810913.0,0.712,2.0455
2022-08-08,4.46,4.52,4.44,4.5,72050177,323385143.0,0.5509,0.2227
2022-08-09,4.49,4.52,4.47,4.51,80527166,361778192.0,0.6157,0.2222
2022-08-10,4.5,4.64,4.49,4.56,137490723,628132798.0,1.0513,1.1086
2022-08-11,4.58,4.61,4.55,4.59,104409847,478345460.0,0.7983,0.6579
2022-08-12,4.58,4.69,4.57,4.66,148121410,689853009.0,1.1325,1.5251
2022-08-15,4.61,4.64,4.56,4.61,113966803,525064967.52,0.8714,-1.073
2022-08-16,4.59,4.61,4.56,4.57,94839022,433970468.99,0.7251,-0.8677
2022-08-17,4.59,4.66,4.54,4.65,132462068,610902960.62,1.0128,1.7505
2022-08-18,4.64,4.66,4.56,4.57,102462683,471256341.78,0.7834,-1.7204
2022-08-19,4.54,4.55,4.47,4.49,89315717,402723821.46,0.6829,-1.1013
2022-08-22,4.47,4.64,4.43,4.63,163089373,742944754.99,1.247,3.118
2022-08-23,4.6,4.64,4.56,4.61,90877018,417614929.9,0.6948,-0.432
2022-08-24,4.69,4.75,4.6,4.61,220083626,1027747955.89,1.6828,0.0
2022-08-25,4.62,4.79,4.56,4.77,333668549,1571330737.89,2.5512,3.4707
2022-08-26,4.76,4.77,4.67,4.7,181191924,854757525.76,1.3854,-1.4675
2022-08-29,4.62,4.72,4.58,4.7,135506098,630622873.31,1.0361,0.0
2022-08-30,4.68,4.7,4.59,4.62,110313390,510271365.38,0.8435,-1.7021
2022-08-31,4.57,4.59,4.47,4.51,138823806,627568452.47,1.0614,-2.381
2022-09-01,4.49,4.53,4.46,4.48,99657936,447912989.73,0.762,-0.6652
2022-09-02,4.47,4.49,4.43,4.45,76625110,341316298.5,0.5859,-0.6696
2022-09-05,4.44,4.49,4.43,4.49,71539512,319272919.88,0.547,0.8989
2022-09-06,4.49,4.58,4.48,4.57,102599377,466560153.79,0.7845,1.7817
2022-09-07,4.55,4.99,4.53,4.93,578380659,2803858105.77,4.4223,7.8775
2022-09-08,4.9,4.95,4.77,4.88,299344964,1453405844.48,2.2888,-1.0142
2022-09-09,4.93,5.07,4.9,5.01,313783817,1569746374.82,2.3992,2.6639
2022-09-13,5.07,5.09,4.92,4.95,233079383,1166578793.57,1.7821,-1.1976
2022-09-14,4.86,4.94,4.82,4.84,144238887,702074938.27,1.1029,-2.2222
2022-09-15,4.86,4.88,4.69,4.74,156515262,745478477.68,1.1967,-2.0661
2022-09-16,4.75,4.76,4.48,4.49,237260372,1086285459.34,1.8141,-5.2743
2022-09-19,4.48,4.54,4.42,4.45,145093211,648475650.57,1.1094,-0.8909
2022-09-20,4.48,4.52,4.45,4.47,115220708,516087226.04,0.881,0.4494
2022-09-21,4.44,4.54,4.36,4.52,139078073,619597977.79,1.0634,1.1186
2022-09-22,4.47,4.53,4.45,4.47,84270536,378521128.77,0.6443,-1.1062
2022-09-23,4.47,4.51,4.38,4.4,109760207,486131204.8,0.8392,-1.566
2022-09-26,4.33,4.33,4.12,4.13,228630302,963871969.38,1.7481,-6.1364
2022-09-27,4.13,4.19,4.05,4.17,126043159,518620440.6,0.9637,0.9685
2022-09-28,4.12,4.14,4.01,4.02,129185425,524622819.89,0.9878,-3.5971
2022-09-29,4.06,4.1,4.02,4.04,89395114,362666128.22,0.6835,0.4975
2022-09-30,4.05,4.15,4.04,4.13,110054651,452225377.74,0.8415,2.2277
2022-10-10,4.12,4.19,4.07,4.08,94811406,391451288.49,0.7249,-1.2107
2022-10-11,4.11,4.14,4.05,4.11,69183766,283454377.6,0.529,0.7353
2022-10-12,4.11,4.17,4.04,4.17,116004296,476558387.2,0.887,1.4599
2022-10-13,4.22,4.26,4.18,4.2,132794040,559864661.7,1.0153,0.7194
2022-10-14,4.24,4.27,4.19,4.25,118544901,501775221.63,0.9064,1.1905
2022-10-17,4.2,4.24,4.15,4.22,122884972,516043264.71,0.9396,-0.7059
2022-10-18,4.23,4.24,4.17,4.18,83930190,352030487.18,0.6417,-0.9479
2022-10-19,4.17,4.2,4.13,4.13,66922177,278211903.75,0.5117,-1.1962
2022-10-20,4.11,4.15,4.07,4.11,65181257,267744882.17,0.4984,-0.4843
2022-10-21,4.13,4.17,4.1,4.12,60785863,251473875.75,0.4648,0.2433
2022-10-24,4.13,4.17,4.04,4.06,79444655,326099266.13,0.6074,-1.4563
2022-10-25,4.05,4.09,3.99,4.07,81610676,329327260.26,0.624,0.2463
2022-10-26,4.01,4.1,4.0,4.07,93585793,379903218.3,0.7156,0.0
2022-10-27,4.08,4.11,4.06,4.07,80483015,328912718.84,0.6154,0.0
2022-10-28,4.04,4.04,3.92,3.92,127367537,506854202.41,0.9739,-3.6855
2022-10-31,3.88,3.92,3.85,3.86,92600022,358922294.58,0.708,-1.5306
2022-11-01,3.87,3.97,3.86,3.97,77388392,303642811.18,0.5917,2.8497
2022-11-02,3.95,4.04,3.93,4.01,76884286,307032849.4,0.5879,1.0076
2022-11-03,3.98,4.07,3.96,4.01,86140144,345817281.8,0.6586,0.0
2022-11-04,4.0,4.14,4.0,4.12,134707532,550627804.51,1.03,2.7431
2022-11-07,4.18,4.29,4.16,4.24,181348567,766200301.86,1.3866,2.9126
2022-11-08,4.24,4.28,4.2,4.25,122495928,519227058.49,0.9366,0.2358
2022-11-09,4.28,4.34,4.24,4.25,121698995,521366634.26,0.9305,0.0
2022-11-10,4.21,4.25,4.17,4.23,72938969,307435571.79,0.5577,-0.4706
2022-11-11,4.35,4.38,4.29,4.34,175229254,760122628.38,1.3398,2.6005
2022-11-14,4.42,4.44,4.31,4.33,122589444,535607317.44,0.9373,-0.2304
2022-11-15,4.3,4.39,4.28,4.39,93227794,405252037.4,0.7128,1.3857
2022-11-16,4.39,4.42,4.36,4.41,92396632,405947745.01,0.7065,0.4556
2022-11-17,4.38,4.4,4.3,4.36,95550157,415101430.49,0.7306,-1.1338
2022-11-18,4.35,4.36,4.3,4.3,71196656,307688364.69,0.5444,-1.3761
2022-11-21,4.26,4.28,4.21,4.26,68232774,288983496.99,0.5217,-0.9302
2022-11-22,4.26,4.49,4.25,4.34,154615805,675629575.99,1.1822,1.8779
2022-11-23,4.35,4.48,4.33,4.38,149121031,657181567.4,1.1402,0.9217
2022-11-24,4.43,4.47,4.36,4.42,112260425,495820474.91,0.8583,0.9132
2022-11-25,4.42,4.5,4.36,4.47,119269069,531736834.75,0.9119,1.1312
2022-11-28,4.41,4.44,4.29,4.42,107662597,470209310.01,0.8232,-1.1186
2022-11-29,4.41,4.56,4.4,4.54,182725595,821258893.01,1.3971,2.7149
2022-11-30,4.5,4.54,4.46,4.47,105262607,472739118.25,0.8048,-1.5419
2022-12-01,4.58,4.59,4.48,4.5,115892236,524503573.41,0.8861,0.6711
2022-12-02,4.48,4.5,4.41,4.44,89449360,397246232.14,0.6839,-1.3333
2022-12-05,4.5,4.88,4.48,4.88,443593750,2106468842.46,3.3917,9.9099
2022-12-06,4.8,4.97,4.75,4.93,381721887,1859501081.53,2.9187,1.0246
2022-12-07,4.85,4.88,4.75,4.8,232591244,1116869742.39,1.7784,-2.6369
2022-12-08,4.76,4.81,4.72,4.79,126046527,600495666.7,0.9638,-0.2083
2022-12-09,4.76,4.94,4.76,4.91,206022656,1000365352.91,1.5753,2.5052
2022-12-12,4.84,4.85,4.7,4.73,163791085,781767911.79,1.2523,-3.666
2022-12-13,4.72,4.78,4.68,4.72,107018586,505452966.0,0.8183,-0.2114
2022-12-14,4.72,4.82,4.72,4.77,86982415,414838210.46,0.6651,1.0593
2022-12-15,4.72,4.74,4.64,4.73,93593244,438146038.43,0.7156,-0.8386
2022-12-16,4.67,4.79,4.66,4.74,76017090,359449327.46,0.5812,0.2114
2022-12-19,4.75,4.76,4.58,4.6,104229728,484160731.46,0.7969,-2.9536
2022-12-20,4.58,4.65,4.54,4.58,68229766,313299775.48,0.5217,-0.4348
2022-12-21,4.6,4.62,4.52,4.53,62042912,282939739.87,0.4744,-1.0917
2022-12-22,4.59,4.67,4.47,4.49,83063480,379622593.15,0.6351,-0.883
2022-12-23,4.45,4.51,4.4,4.5,44471661,199115138.26,0.34,0.2227
2022-12-26,4.5,4.51,4.43,4.48,51452004,229332282.88,0.3934,-0.4444
2022-12-27,4.49,4.62,4.49,4.61,73441367,336382245.83,0.5615,2.9018
2022-12-28,4.59,4.7,4.56,4.6,76221116,352882919.05,0.5828,-0.2169
2022-12-29,4.59,4.6,4.46,4.46,69057943,311172454.53,0.528,-3.0435
2022-12-30,4.52,4.53,4.46,4.47,41828933,187431594.75,0.3198,0.2242
2023-01-03,4.48,4.55,4.4,4.54,81173834,363037624.06,0.6207,1.566
2023-01-04,4.51,4.53,4.43,4.45,71682106,320750895.7,0.5481,-1.9824
2023-01-05,4.46,4.51,4.45,4.48,62669566,280384419.16,0.4792,0.6742
2023-01-06,4.47,4.55,4.46,4.5,65085878,293297803.14,0.4976,0.4464
2023-01-09,4.52,4.76,4.52,4.69,162783795,760644920.77,1.2446,4.2222
2023-01-10,4.69,4.85,4.67,4.77,153530929,733026961.36,1.1739,1.7058
2023-01-11,4.8,4.85,4.78,4.79,111940609,538627712.86,0.8559,0.4193
2023-01-12,4.82,4.84,4.76,4.79,75718640,363296712.8,0.5789,0.0
2023-01-13,4.82,4.89,4.81,4.87,109636057,531201599.64,0.8383,1.6701
2023-01-16,4.91,4.96,4.85,4.92,108832829,535716691.91,0.8321,1.0267
2023-01-17,4.91,4.91,4.84,4.89,70285591,342819744.65,0.5374,-0.6098
2023-01-18,4.9,5.07,4.89,5.01,138751687,692674814.21,1.0609,2.454
2023-01-19,4.99,5.03,4.97,5.03,70424422,352357027.75,0.5385,0.3992
2023-01-20,5.04,5.22,5.01,5.2,176522209,906405629.45,1.3497,3.3797
2023-01-30,5.29,5.32,5.18,5.26,167731544,879133051.16,1.2825,1.1538
2023-01-31,5.24,5.35,5.19,5.29,114165897,603112240.56,0.8729,0.5703
2023-02-01,5.34,5.64,5.32,5.54,232856636,1284011401.84,1.7804,4.7259
2023-02-02,5.52,5.53,5.47,5.49,121273168,666528042.52,0.9273,-0.9025
2023-02-03,5.45,5.45,5.3,5.35,138976954,742604778.27,1.0626,-2.5501
2023-02-06,5.29,5.36,5.21,5.3,104836072,553994103.65,0.8016,-0.9346
2023-02-07,5.36,5.39,5.31,5.38,78196365,418689860.35,0.5979,1.5094
2023-02-08,5.4,5.41,5.29,5.31,66199107,353427340.92,0.5062,-1.3011
2023-02-09,5.29,5.36,5.24,5.33,57494233,306230006.12,0.4396,0.3766
2023-02-10,5.33,5.33,5.24,5.27,70340300,370738992.83,0.5378,-1.1257
2023-02-13,5.25,5.35,5.22,5.32,71213174,376494520.42,0.5445,0.9488
2023-02-14,5.34,5.53,5.34,5.44,121625195,663700184.16,0.9299,2.2556
2023-02-15,5.42,5.56,5.41,5.49,119937206,659327560.88,0.917,0.9191
2023-02-16,5.48,5.49,5.23,5.28,126505707,679259943.95,0.9673,-3.8251
2023-02-17,5.31,5.46,5.29,5.34,103833914,560347631.33,0.7939,1.1364
2023-02-20,5.45,5.77,5.44,5.68,232068926,1302401543.65,1.7744,6.367
2023-02-21,5.68,5.81,5.65,5.74,151786191,868768375.47,1.1606,1.0563
2023-02-22,5.67,5.74,5.63,5.65,89214733,506101364.65,0.6821,-1.5679
2023-02-23,5.64,5.68,5.53,5.6,82113847,459201703.31,0.6278,-0.885
2023-02-24,5.56,5.58,5.46,5.49,88344165,485131364.41,0.6755,-1.9643
2023-02-27,5.46,5.51,5.42,5.45,71311812,389575646.44,0.5453,-0.7286
2023-02-28,5.49,5.54,5.43,5.53,84311785,461942299.2,0.6446,1.4679
2023-03-01,5.52,5.68,5.51,5.68,110597071,623386579.98,0.8456,2.7125
2023-03-02,5.68,5.76,5.62,5.7,102637444,584383756.89,0.7848,0.3521
2023-03-03,5.65,5.76,5.63,5.72,85697116,489225046.6,0.6552,0.3509
2023-03-06,5.73,5.88,5.6,5.69,131813200,752008169.58,1.0078,-0.5245
2023-03-07,5.69,5.85,5.64,5.72,158924258,919425217.41,1.2151,0.5272
2023-03-08,5.65,5.68,5.6,5.65,92726919,522673877.17,0.709,-1.2238
2023-03-09,5.69,5.69,5.51,5.59,81336647,454503525.63,0.6219,-1.0619
2023-03-10,5.53,5.54,5.42,5.46,90663908,496993868.22,0.6932,-2.3256
2023-03-13,5.44,5.61,5.44,5.59,107473778,594427359.69,0.8217,2.381
2023-03-14,5.58,5.8,5.57,5.62,124712566,708599791.38,0.9536,0.5367
2023-03-15,5.65,5.77,5.52,5.72,107262118,608936203.1,0.8201,1.7794
2023-03-16,5.62,5.63,5.37,5.38,175034784,958492247.83,1.3383,-5.9441
2023-03-17,5.4,5.61,5.4,5.54,119693436,662365741.64,0.9152,2.974
2023-03-20,5.55,5.68,5.55,5.56,93640515,524799890.38,0.716,0.361
2023-03-21,5.56,5.6,5.51,5.54,56205700,311600193.22,0.4297,-0.3597
2023-03-22,5.5,5.52,5.3,5.36,146434852,788593080.6,1.1196,-3.2491
2023-03-23,5.35,5.7,5.31,5.65,197094253,1092311245.69,1.507,5.4104
2023-03-24,5.62,5.68,5.52,5.62,103245022,577442042.46,0.7894,-0.531
2023-03-27,5.58,5.59,5.45,5.46,81137560,445446893.8,0.6204,-2.847
2023-03-28,5.46,5.55,5.39,5.4,72034045,392298755.68,0.5508,-1.0989
2023-03-29,5.45,5.46,5.33,5.36,63982144,343358065.72,0.4892,-0.7407
2023-03-30,5.38,5.4,5.26,5.39,65660719,349725686.85,0.502,0.5597
2023-03-31,5.38,5.55,5.36,5.52,96139250,527900169.95,0.7351,2.4119
2023-04-03,5.48,5.55,5.45,5.51,58809972,323205390.85,0.4497,-0.1812
2023-04-04,5.49,5.72,5.45,5.64,137295257,770962924.41,1.0498,2.3593
2023-04-06,5.6,5.75,5.59,5.7,96859251,551586142.89,0.7406,1.0638
2023-04-07,5.7,5.81,5.65,5.72,100610156,577747063.68,0.7693,0.3509
2023-04-10,5.7,6.02,5.7,5.91,161499326,958347439.68,1.2348,3.3217
2023-04-11,5.9,6.02,5.86,6.0,155478777,928394347.16,1.1888,1.5228
2023-04-12,6.01,6.25,6.01,6.2,163286883,1008820158.84,1.2485,3.3333
2023-04-13,6.18,6.34,6.15,6.19,167945692,1049686375.97,1.2841,-0.1613
2023-04-14,6.28,6.41,6.24,6.36,139803918,887845000.73,1.0689,2.7464
2023-04-17,6.32,6.64,6.28,6.63,200023552,1305301395.29,1.5294,4.2453
2023-04-18,6.64,6.65,6.43,6.54,134382586,875326695.24,1.0275,-1.3575
2023-04-19,6.53,6.76,6.52,6.6,137942431,915029080.2,1.0547,0.9174
2023-04-20,6.56,6.59,6.38,6.55,148148097,958485707.99,1.1327,-0.7576
2023-04-21,6.53,6.54,6.33,6.34,102376923,656835537.77,0.7828,-3.2061
2023-04-24,6.34,6.35,6.13,6.16,138434158,861822257.39,1.0585,-2.8391
2023-04-25,6.22,6.24,6.07,6.16,110242612,678345775.78,0.8429,0.0
2023-04-26,6.15,6.38,6.06,6.26,148544728,932210643.29,1.1358,1.6234
2023-04-27,6.25,6.29,6.12,6.2,74837591,463105266.2,0.5722,-0.9585
2023-04-28,6.17,6.5,6.17,6.39,137825240,878416294.47,1.0538,3.0645
2023-05-04,6.33,6.53,6.25,6.41,151202428,970654475.32,1.1561,0.313
2023-05-05,6.37,6.41,6.23,6.32,108685471,685300762.51,0.831,-1.4041
2023-05-08,6.32,6.6,6.31,6.53,164344773,1069414964.0,1.2566,3.3228
2023-05-09,6.58,6.59,6.35,6.35,145551292,938848389.31,1.1129,-2.7565
2023-05-10,6.31,6.39,6.23,6.29,86923636,548270344.24,0.6646,-0.9449
2023-05-11,6.26,6.28,6.04,6.06,153493491,938257039.31,1.1736,-3.6566
2023-05-12,6.0,6.0,5.74,5.79,185304453,1081385931.99,1.4168,-4.4554
2023-05-15,5.86,5.9,5.59,5.77,166412030,948641322.96,1.2724,-0.3454
2023-05-16,5.78,5.84,5.66,5.69,93975623,539906840.4,0.7185,-1.3865
2023-05-17,5.68,5.72,5.59,5.65,95657060,538900832.78,0.7314,-0.703
2023-05-18,5.71,5.77,5.66,5.68,67542264,386531731.95,0.5164,0.531
2023-05-19,5.65,5.69,5.54,5.59,56668773,317965530.04,0.4333,-1.5845
2023-05-22,5.57,5.64,5.5,5.61,63768190,357183187.36,0.4876,0.3578
2023-05-23,5.58,5.62,5.41,5.42,113574484,621238984.78,0.8684,-3.3868
2023-05-24,5.39,5.42,5.28,5.28,92661582,494914204.39,0.7085,-2.583
2023-05-25,5.28,5.31,5.13,5.2,102558428,533519799.24,0.7842,-1.5152
2023-05-26,5.19,5.28,5.13,5.26,69457540,361577468.5,0.5311,1.1538
2023-05-29,5.29,5.44,5.24,5.37,118129632,631785673.81,0.9032,2.0913
2023-05-30,5.35,5.49,5.3,5.46,119087051,646768204.92,0.9105,1.676
2023-05-31,5.4,5.45,5.37,5.41,75458904,408423630.77,0.577,-0.9158
2023-06-01,5.44,5.48,5.37,5.44,98394898,535498510.01,0.7523,0.5545
2023-06-02,5.48,5.66,5.45,5.65,134671062,753462615.73,1.0297,3.8603
2023-06-05,5.62,5.64,5.46,5.49,93211350,515958084.64,0.7127,-2.8319
2023-06-06,5.46,5.66,5.45,5.52,99575537,555349299.76,0.7614,0.5464
2023-06-07,5.53,5.59,5.47,5.51,50320648,278068615.69,0.3848,-0.1812
2023-06-08,5.48,5.64,5.47,5.6,70783662,394811046.01,0.5412,1.6334
2023-06-09,5.65,5.71,5.56,5.58,83838901,470475424.69,0.641,-0.3571
2023-06-12,5.59,5.63,5.53,5.6,74045451,414269130.02,0.5662,0.3584
2023-06-13,5.57,5.59,5.47,5.53,81091534,447254600.08,0.62,-1.25
2023-06-14,5.58,5.72,5.56,5.65,105779009,598125429.74,0.8088,2.17
2023-06-15,5.63,5.68,5.55,5.65,73195590,410694869.03,0.5597,0.0
2023-06-16,5.66,5.87,5.65,5.85,153593981,889303546.41,1.1744,3.5398
2023-06-19,5.8,5.8,5.58,5.64,153546122,867838928.91,1.174,-3.5897
2023-06-20,5.63,5.64,5.54,5.54,86662220,482429137.87,0.6626,-1.773
2023-06-21,5.51,5.56,5.44,5.45,59209697,325747519.16,0.4527,-1.6245
2023-06-26,5.35,5.46,5.28,5.33,76444941,410328021.81,0.5845,-2.2018
2023-06-27,5.36,5.57,5.33,5.51,84847808,463577335.41,0.6487,3.3771
2023-06-28,5.57,5.57,5.42,5.51,57239372,313059410.78,0.4377,0.0
2023-06-29,5.52,5.52,5.43,5.46,50479899,276438134.9,0.386,-0.9074
2023-06-30,5.44,5.53,5.44,5.49,51279444,281925080.09,0.3921,0.5495
2023-07-03,5.49,5.62,5.49,5.61,88549026,494321511.42,0.677,2.1858
2023-07-04,5.85,5.91,5.58,5.62,171947784,978878400.42,1.3147,0.1783
2023-07-05,5.6,5.83,5.59,5.78,214223060,1232677867.65,1.638,2.847
2023-07-06,5.85,5.85,5.63,5.65,135060694,768200190.9,1.0327,-2.2491
2023-07-07,5.66,6.22,5.66,6.06,544356084,3276414698.94,4.1622,7.2566
2023-07-10,6.0,6.19,5.86,5.86,375474768,2244644947.26,2.8709,-3.3003
2023-07-11,5.83,5.85,5.68,5.75,223579764,1282206647.38,1.7095,-1.8771
2023-07-12,5.72,5.8,5.69,5.74,164783460,945645973.49,1.2599,-0.1739
2023-07-13,5.75,5.91,5.75,5.9,202021393,1182677446.01,1.5447,2.7875
2023-07-14,5.95,6.08,5.87,5.89,205903554,1226948497.95,1.5743,-0.1695
2023-07-17,5.81,5.84,5.7,5.74,113243627,652334394.63,0.8659,-2.5467
2023-07-18,5.76,5.85,5.72,5.8,89491295,517863722.3,0.6843,1.0453
2023-07-19,5.77,5.82,5.73,5.8,77595046,448075009.67,0.5933,0.0
2023-07-20,5.8,5.98,5.79,5.86,154519496,912024363.44,1.1815,1.0345
2023-07-21,5.86,5.9,5.81,5.86,77339524,452912033.24,0.5913,0.0
2023-07-24,5.84,5.84,5.73,5.76,90906181,524909972.26,0.6951,-1.7065
2023-07-25,5.86,6.19,5.86,6.09,267747449,1623552467.88,2.0472,5.7292
2023-07-26,6.12,6.2,6.04,6.11,116701557,713600275.42,0.8923,0.3284
2023-07-27,6.11,6.23,6.06,6.11,125059118,768452913.64,0.9562,0.0
2023-07-28,6.07,6.28,6.03,6.21,157191809,969982808.44,1.2019,1.6367
2023-07-31,6.27,6.49,6.27,6.37,148436183,944457869.07,1.1349,2.5765
2023-08-01,6.4,6.5,6.28,6.33,160503315,1024393756.13,1.2272,-0.6279
2023-08-02,6.29,6.4,6.24,6.37,117933486,748494323.05,0.9017,0.6319
2023-08-03,6.34,6.37,6.24,6.33,83972695,529219041.49,0.6421,-0.6279
2023-08-04,6.4,6.46,6.29,6.31,110244673,702074446.39,0.8429,-0.316
2023-08-07,6.29,6.35,6.26,6.32,81062410,511871866.0,0.6198,0.1585
2023-08-08,6.28,6.44,6.28,6.39,80638267,514573793.56,0.6166,1.1076
2023-08-09,6.39,6.39,6.24,6.31,89178717,561847812.62,0.6819,-1.252
2023-08-10,6.35,6.37,6.3,6.31,56782553,359230471.02,0.4342,0.0
2023-08-11,6.31,6.33,6.13,6.14,98130510,608494604.37,0.7503,-2.6941
2023-08-14,6.0,6.18,5.97,6.12,92717441,565702768.31,0.7089,-0.3257
2023-08-15,6.11,6.16,6.0,6.07,67476840,410776240.65,0.5159,-0.817
2023-08-16,6.05,6.09,5.98,5.99,64853259,390778388.2,0.4959,-1.318
2023-08-17,5.96,6.06,5.89,6.04,80302138,481581923.42,0.614,0.8347
2023-08-18,6.03,6.07,5.92,5.92,72355494,433753100.03,0.5532,-1.3333
2023-08-21,5.89,5.99,5.86,5.86,52825308,313123885.44,0.4039,-1.0135
2023-08-22,5.87,5.98,5.86,5.97,86771093,514262183.5,0.6635,1.8771
2023-08-23,5.93,5.98,5.8,5.82,92993382,544350957.11,0.711,-2.5126
2023-08-24,5.85,6.04,5.84,5.94,116716101,695444327.42,0.8924,2.0619
2023-08-25,5.91,5.92,5.79,5.82,80422055,469564659.63,0.6149,-2.0202
2023-08-28,6.22,6.22,5.91,5.94,106478315,637502879.83,0.8141,2.0619
2023-08-29,5.91,5.96,5.84,5.94,129784403,765477375.18,0.9923,0.0
2023-08-30,5.94,6.05,5.85,5.89,110551989,655451552.86,0.8453,-0.8418
2023-08-31,5.9,6.02,5.87,5.92,107405157,638575608.47,0.8212,0.5093
2023-09-01,5.95,6.36,5.93,6.31,264599930,1643999353.12,2.0231,6.5878
2023-09-04,6.35,6.84,6.33,6.82,335268521,2241511139.43,2.5635,8.0824
2023-09-05,6.75,6.78,6.66,6.75,166642634,1119442957.78,1.2742,-1.0264
2023-09-06,6.74,6.79,6.6,6.77,118367850,794700587.85,0.905,0.2963
2023-09-07,6.73,6.87,6.65,6.7,126972820,856521002.32,0.9708,-1.034
2023-09-08,6.7,6.72,6.51,6.57,97101391,639699975.26,0.7424,-1.9403
2023-09-11,6.63,6.71,6.6,6.66,97719819,650119115.58,0.7472,1.3699
2023-09-12,6.7,6.73,6.55,6.56,73170142,483317983.33,0.5595,-1.5015
2023-09-13,6.54,6.68,6.5,6.6,84619270,557611276.51,0.647,0.6098
2023-09-14,6.59,6.71,6.57,6.67,107560606,717267237.45,0.8224,1.0606
2023-09-15,6.74,6.85,6.64,6.68,163150856,1097151863.68,1.2475,0.1499
2023-09-18,6.64,6.66,6.51,6.58,89948617,590300731.44,0.6877,-1.497
2023-09-19,6.57,6.65,6.55,6.61,69217724,457355190.55,0.5292,0.4559
2023-09-20,6.58,6.65,6.55,6.56,53436622,351860319.84,0.4086,-0.7564
2023-09-21,6.59,6.62,6.46,6.49,74713393,487061924.5,0.5713,-1.0671
2023-09-22,6.45,6.53,6.33,6.47,102054079,655102663.12,0.7803,-0.3082
2023-09-25,6.47,6.54,6.37,6.38,58792640,378197821.7,0.4495,-1.391
2023-09-26,6.37,6.46,6.36,6.36,55983831,358527294.62,0.4281,-0.3135
2023-09-27,6.35,6.39,6.27,6.3,71873831,453974134.75,0.5495,-0.9434
2023-09-28,6.32,6.38,6.26,6.28,64509167,406706460.63,0.4932,-0.3175
2023-10-09,6.24,6.34,6.14,6.31,74126521,464615433.45,0.5668,0.4777
2023-10-10,6.32,6.35,6.25,6.27,46889633,294814242.81,0.3585,-0.6339
2023-10-11,6.32,6.35,6.15,6.21,82953000,516672991.14,0.6343,-0.9569
2023-10-12,6.23,6.31,6.22,6.3,69135151,433729776.86,0.5286,1.4493
2023-10-13,6.25,6.26,6.09,6.11,82669153,507040455.16,0.6321,-3.0159
2023-10-16,6.13,6.17,6.04,6.06,51887330,316101704.61,0.3967,-0.8183
2023-10-17,6.07,6.08,5.99,6.04,71241814,429903598.43,0.5447,-0.33
2023-10-18,6.05,6.12,6.03,6.04,66166035,401397450.37,0.5059,0.0
2023-10-19,6.03,6.05,5.93,5.95,62469766,373878975.99,0.4776,-1.4901
2023-10-20,5.95,6.0,5.9,5.91,61170258,363998319.28,0.4677,-0.6723
2023-10-23,5.89,5.89,5.62,5.69,92499088,530065476.65,0.7072,-3.7225
2023-10-24,5.67,5.76,5.67,5.74,67787439,387779442.06,0.5183,0.8787
2023-10-25,5.9,6.1,5.86,5.9,125226660,743519690.09,0.9575,2.7875
2023-10-26,5.88,6.01,5.8,6.0,85414902,506265853.05,0.6531,1.6949
2023-10-27,5.96,6.15,5.95,6.04,88195501,534354466.09,0.6743,0.6667
2023-10-30,6.05,6.21,6.03,6.14,84838871,521564707.86,0.6487,1.6556
2023-10-31,6.12,6.22,6.12,6.2,76440396,472307761.25,0.5845,0.9772
2023-11-01,6.2,6.28,6.09,6.27,85515560,531401881.88,0.6539,1.129
2023-11-02,6.28,6.36,6.15,6.17,105316521,658479859.96,0.8053,-1.5949
2023-11-03,6.2,6.21,6.01,6.03,114815030,698742055.9,0.8779,-2.269
2023-11-06,6.07,6.09,5.85,5.87,170539500,1006200486.14,1.3039,-2.6534
2023-11-07,5.84,5.86,5.77,5.83,122421242,711947713.38,0.936,-0.6814
2023-11-08,5.83,5.83,5.72,5.76,106483608,613824821.44,0.8142,-1.2007
2023-11-09,5.77,5.79,5.72,5.77,93023125,535349446.03,0.7113,0.1736
2023-11-10,5.74,5.75,5.64,5.68,90465755,513886678.54,0.6917,-1.5598
2023-11-13,5.67,5.69,5.61,5.68,101059039,571142654.3,0.7727,0.0
2023-11-14,5.68,5.85,5.67,5.81,153941572,891865584.68,1.177,2.2887
2023-11-15,5.88,6.05,5.85,5.88,160768714,954218391.81,1.2292,1.2048
2023-11-16,5.86,5.86,5.74,5.8,86315935,500326214.59,0.66,-1.3605
2023-11-17,5.76,5.83,5.7,5.82,88316513,508860785.8,0.6753,0.3448
2023-11-20,5.85,5.85,5.71,5.76,89099081,512626812.93,0.6813,-1.0309
2023-11-21,5.76,5.93,5.75,5.84,132460731,776642071.37,1.0128,1.3889
2023-11-22,5.81,5.82,5.68,5.68,120877328,690757256.57,0.9242,-2.7397
2023-11-23,5.65,5.72,5.62,5.71,54622122,310064246.88,0.4176,0.5282
2023-11-24,5.7,5.73,5.63,5.66,65830546,373577063.3,0.5033,-0.8757
2023-11-27,5.65,5.69,5.55,5.61,89763457,502098895.16,0.6863,-0.8834
2023-11-28,5.61,5.64,5.54,5.64,72797069,406974402.42,0.5566,0.5348
2023-11-29,5.64,5.68,5.58,5.59,63100346,354491448.53,0.4825,-0.8865
2023-11-30,5.56,5.6,5.5,5.54,78514746,435321705.6,0.6003,-0.8945
2023-12-01,5.54,5.6,5.49,5.59,81105946,450200912.4,0.6201,0.9025
2023-12-04,5.6,5.68,5.45,5.48,156042486,864377754.45,1.1931,-1.9678
2023-12-05,5.41,5.44,5.32,5.34,101102457,545074260.74,0.773,-2.5547
2023-12-06,5.32,5.34,5.26,5.31,86655093,459245114.83,0.6626,-0.5618
2023-12-07,5.29,5.32,5.21,5.27,93062705,489882321.61,0.7116,-0.7533
2023-12-08,5.27,5.29,5.2,5.23,79494937,416085283.94,0.6078,-0.759
2023-12-11,5.17,5.24,5.08,5.23,121084596,622757697.11,0.9258,0.0
2023-12-12,5.19,5.24,5.13,5.23,88005212,457085402.9,0.6729,0.0
2023-12-13,5.23,5.23,5.07,5.09,94602417,484930626.41,0.7233,-2.6769
2023-12-14,5.15,5.18,5.1,5.11,61708719,316989192.66,0.4718,0.3929
2023-12-15,5.2,5.29,5.11,5.11,99850457,517018781.03,0.7635,0.0
2023-12-18,5.08,5.14,5.04,5.08,65790270,335136242.08,0.503,-0.5871
2023-12-19,5.08,5.1,5.04,5.09,64559084,327462562.5,0.4936,0.1969
2023-12-20,5.09,5.15,5.08,5.09,90627879,463868512.53,0.6929,0.0
2023-12-21,5.08,5.16,5.04,5.16,86638695,443626341.47,0.6624,1.3752
2023-12-22,5.16,5.43,5.13,5.39,241667114,1288775006.94,1.8478,4.4574
2023-12-25,5.33,5.41,5.3,5.41,108885580,584473851.67,0.8325,0.3711
2023-12-26,5.38,5.47,5.37,5.37,80146378,433321035.4,0.6128,-0.7394
2023-12-27,5.37,5.52,5.37,5.51,114492424,625950206.42,0.8754,2.6071
2023-12-28,5.57,5.64,5.55,5.58,154097107,861961793.43,1.1782,1.2704
2023-12-29,5.55,5.65,5.52,5.64,128845776,721373182.52,0.9852,1.0753
2024-01-02,5.67,5.7,5.57,5.65,146857825,827275950.61,1.1229,0.1773
2024-01-03,5.62,5.7,5.6,5.63,129482523,730922850.82,0.99,-0.354
2024-01-04,5.58,5.6,5.52,5.6,94306846,524522382.09,0.7211,-0.5329
2024-01-05,5.57,5.64,5.53,5.56,83943121,468886536.67,0.6418,-0.7143
2024-01-08,5.52,5.57,5.48,5.56,85618314,474099534.19,0.6546,0.0
2024-01-09,5.5,5.6,5.45,5.54,70040851,387713850.53,0.5355,-0.3597
2024-01-10,5.52,5.59,5.47,5.51,69318568,382685122.45,0.53,-0.5415
2024-01-11,5.5,5.52,5.43,5.46,82603077,451888712.51,0.6316,-0.9074
2024-01-12,5.43,5.61,5.41,5.52,88945021,493132776.2,0.6801,1.0989
2024-01-15,5.48,5.57,5.46,5.51,58299283,321597345.96,0.4458,-0.1812
2024-01-16,5.49,5.53,5.41,5.51,66380975,363321746.75,0.5075,0.0
2024-01-17,5.51,5.51,5.31,5.32,74928189,403975396.6,0.5729,-3.4483
2024-01-18,5.29,5.32,5.09,5.29,106538993,555392491.78,0.8146,-0.5639
2024-01-19,5.27,5.35,5.22,5.26,63440420,335042902.48,0.4851,-0.5671
2024-01-22,5.23,5.25,4.97,5.02,95501368,488761981.82,0.7302,-4.5627
2024-01-23,5.0,5.06,4.9,5.01,84214068,418801498.3,0.6439,-0.1992
2024-01-24,5.11,5.28,5.03,5.27,108911132,561839640.27,0.8327,5.1896
2024-01-25,5.25,5.65,5.23,5.64,190460217,1045309530.28,1.4563,7.0209
2024-01-26,5.6,5.8,5.58,5.73,186148469,1062041318.44,1.4233,1.5957
2024-01-29,5.85,5.95,5.73,5.75,179789877,1046536594.96,1.3747,0.349
2024-01-30,5.66,5.83,5.63,5.68,124595358,715091585.45,0.9527,-1.2174
2024-01-31,5.65,5.84,5.59,5.69,157047293,898585227.88,1.2008,0.1761
2024-02-01,5.65,5.72,5.5,5.58,124789948,699431670.85,0.9541,-1.9332
2024-02-02,5.58,5.71,5.36,5.54,132343794,737695025.6,1.0119,-0.7168
2024-02-05,5.43,5.6,5.38,5.5,140699489,773594882.11,1.0758,-0.722
2024-02-06,5.41,5.66,5.39,5.65,153604678,851728230.58,1.1745,2.7273
2024-02-07,5.63,5.73,5.55,5.73,167639690,948522924.46,1.2818,1.4159
2024-02-08,5.75,5.77,5.62,5.7,149812105,849725575.89,1.1455,-0.5236
2024-02-19,5.76,5.9,5.71,5.9,154047329,895540881.85,1.1778,3.5088
2024-02-20,5.87,5.99,5.8,5.9,121264519,716959574.98,0.9272,0.0
2024-02-21,5.92,6.15,5.9,6.02,150359295,910083565.19,1.1496,2.0339
2024-02-22,6.0,6.1,5.96,6.09,112110981,677540090.48,0.8572,1.1628
2024-02-23,6.11,6.2,6.06,6.16,116561071,716014822.62,0.8912,1.1494
2024-02-26,6.1,6.2,5.95,5.95,143438024,867267939.12,1.0967,-3.4091
2024-02-27,5.92,6.09,5.91,6.06,105543739,636500919.64,0.807,1.8487
2024-02-28,6.04,6.12,5.96,5.96,115782323,699762695.02,0.8853,-1.6502
2024-02-29,5.91,6.05,5.91,6.05,91106682,545803229.69,0.6966,1.5101
2024-03-01,6.05,6.16,6.05,6.12,94927718,581194832.03,0.7258,1.157
2024-03-04,6.15,6.25,6.11,6.22,117449745,727373311.65,0.898,1.634
2024-03-05,6.22,6.28,6.17,6.25,87236598,542664203.08,0.667,0.4823
2024-03-06,6.25,6.3,6.19,6.27,90769760,568037494.18,0.694,0.32
2024-03-07,6.28,6.65,6.26,6.48,210178253,1365743489.73,1.607,3.3493
2024-03-08,6.53,6.68,6.41,6.66,164052809,1075723905.55,1.2544,2.7778
2024-03-11,6.63,6.69,6.47,6.61,146579432,959988246.2,1.1207,-0.7508
2024-03-12,6.57,6.58,6.29,6.36,178146653,1138236733.55,1.3621,-3.7821
2024-03-13,6.34,6.51,6.25,6.44,138258834,883979601.51,1.0571,1.2579
2024-03-14,6.52,6.68,6.43,6.47,148849106,975893817.71,1.1381,0.4658
2024-03-15,6.42,6.74,6.36,6.73,202203104,1336978935.66,1.546,4.0185
2024-03-18,6.77,6.92,6.61,6.78,181763244,1230296087.63,1.3898,0.7429
2024-03-19,6.71,6.9,6.66,6.69,126451482,855694452.4,0.9669,-1.3274
2024-03-20,6.63,6.77,6.56,6.67,111587713,741770191.85,0.8532,-0.299
2024-03-21,6.8,7.03,6.71,6.91,181720038,1244697232.89,1.3894,3.5982
2024-03-22,6.87,7.05,6.83,6.9,168083222,1163826532.77,1.2852,-0.1447
2024-03-25,6.9,7.32,6.89,7.16,257900076,1851092856.99,1.9719,3.7681
2024-03-26,7.16,7.22,7.06,7.18,135164261,965926773.59,1.0335,0.2793
2024-03-27,7.13,7.25,7.06,7.1,128365687,917363420.62,0.9815,-1.1142
2024-03-28,7.1,7.2,6.96,7.11,204696485,1450203687.63,1.5651,0.1408
2024-03-29,7.16,7.41,7.16,7.4,215383094,1577275414.97,1.6468,4.0788
2024-04-01,7.49,7.5,7.16,7.22,256024354,1870953146.44,1.9576,-2.4324
2024-04-02,7.17,7.32,7.14,7.23,167724771,1211135897.51,1.2824,0.1385
2024-04-03,7.3,7.52,7.21,7.49,279016305,2064266051.73,2.1334,3.5961
2024-04-08,7.49,7.73,7.27,7.33,322542445,2429539121.42,2.4662,-2.1362
2024-04-09,7.23,7.39,7.12,7.2,214004409,1545382568.52,1.6363,-1.7735
2024-04-10,7.24,7.33,7.11,7.23,174787412,1262012119.75,1.3364,0.4167
2024-04-11,7.13,7.54,7.06,7.33,203420809,1494133238.07,1.5554,1.3831
2024-04-12,7.35,7.52,7.26,7.42,172512072,1280262780.83,1.319,1.2278
2024-04-15,7.55,7.6,7.2,7.58,264034394,1972245610.14,2.0188,2.1563
2024-04-16,7.45,7.58,7.15,7.17,217133914,1597151609.56,1.6602,-5.409
2024-04-17,7.18,7.46,7.14,7.45,179229871,1309949799.34,1.3704,3.9052
2024-04-18,7.34,7.39,7.21,7.36,164961449,1206328497.96,1.2613,-1.2081
2024-04-19,7.36,7.53,7.24,7.3,163596161,1206420408.99,1.2509,-0.8152
2024-04-22,7.39,7.62,7.3,7.31,264554051,1971770959.3,2.0228,0.137
2024-04-23,7.15,7.15,6.86,6.89,318619668,2229616201.61,2.4362,-5.7456
2024-04-24,6.9,7.08,6.86,7.08,155162693,1086570600.32,1.1864,2.7576
2024-04-25,7.06,7.44,7.02,7.35,199554396,1452332094.77,1.5258,3.8136
2024-04-26,7.26,7.58,7.25,7.53,227284602,1696898856.01,1.7378,2.449
2024-04-29,7.5,7.54,7.3,7.44,161382875,1196959464.62,1.2339,-1.1952
2024-04-30,7.47,7.68,7.41,7.42,163583734,1231229891.86,1.2508,-0.2688
2024-05-06,7.43,7.47,7.15,7.45,179209511,1313621645.81,1.3702,0.4043
2024-05-07,7.44,7.8,7.42,7.69,249547482,1909334002.87,1.908,3.2215
2024-05-08,7.61,7.72,7.5,7.63,121745505,929052790.96,0.9309,-0.7802
2024-05-09,7.63,7.98,7.61,7.92,219478324,1718952093.37,1.6781,3.8008
2024-05-10,7.96,8.05,7.79,7.9,169456723,1339727512.67,1.2957,-0.2525
2024-05-13,7.75,7.87,7.63,7.82,164597271,1276600421.42,1.2585,-1.0127
2024-05-14,7.85,7.94,7.74,7.86,141601838,1112454022.89,1.0827,0.5115
2024-05-15,7.77,7.81,7.57,7.61,144067679,1107698435.31,1.1015,-3.1807
2024-05-16,7.69,7.82,7.63,7.65,139492732,1075876179.42,1.0666,0.5256
2024-05-17,7.65,7.77,7.56,7.77,99271446,758427875.24,0.759,1.5686
2024-05-20,7.94,8.25,7.79,8.14,302824221,2433336862.81,2.3154,4.7619
2024-05-21,8.49,8.53,8.0,8.07,318998086,2635212769.35,2.4391,-0.86
2024-05-22,8.13,8.22,7.85,7.92,199418581,1603938046.53,1.5248,-1.8587
2024-05-23,7.64,7.8,7.5,7.67,192760070,1481136820.72,1.4738,-3.1566
2024-05-24,7.64,7.74,7.53,7.57,192021828,1469629178.56,1.4682,-1.3038
2024-05-27,7.61,8.03,7.6,8.01,213354160,1678514097.3,1.6313,5.8124
2024-05-28,8.09,8.35,8.01,8.13,205985942,1686153368.13,1.575,1.4981
2024-05-29,8.14,8.5,8.1,8.43,230531917,1929187129.4,1.7627,3.69
2024-05-30,8.58,8.77,8.21,8.28,262699900,2231316439.81,2.0086,-1.7794
2024-05-31,8.3,8.35,8.08,8.19,138938039,1138901250.67,1.0623,-1.087
2024-06-03,8.08,8.2,7.9,7.99,173951641,1399758182.42,1.33,-2.442
2024-06-04,7.99,8.17,7.84,8.09,196914912,1582124038.12,1.5056,1.2516
2024-06-05,8.06,8.06,7.75,7.77,180195915,1411727980.3,1.3778,-3.9555
2024-06-06,7.8,8.04,7.79,7.94,158686803,1258924055.5,1.2133,2.1879
2024-06-07,7.99,8.04,7.77,7.92,117557585,930140847.73,0.8988,-0.2519
2024-06-11,7.63,7.82,7.59,7.69,141423304,1088617010.57,1.0813,-2.904
2024-06-12,7.66,7.91,7.66,7.86,106229633,829589915.09,0.8122,2.2107
2024-06-13,7.81,7.91,7.57,7.66,131074539,1007870479.92,1.0022,-2.5445
2024-06-14,7.62,7.75,7.6,7.73,116277062,893706477.95,0.8891,0.9138
2024-06-17,7.62,7.74,7.46,7.49,147844239,1118379463.83,1.1304,-3.1048
2024-06-18,7.51,7.62,7.4,7.55,108110629,813351828.84,0.8266,0.8011
2024-06-19,7.6,7.78,7.56,7.64,117359463,902756711.42,0.8973,1.1921
2024-06-20,7.64,7.78,7.6,7.64,98203695,753152829.98,0.7483,0.0
2024-06-21,7.69,7.72,7.53,7.58,97464349,742148317.28,0.7427,-0.7853
2024-06-24,7.41,7.52,7.34,7.41,119226555,884449073.64,0.9085,-2.2427
2024-06-25,7.4,7.64,7.38,7.55,121032612,908124584.56,0.9223,1.8893
2024-06-26,7.54,7.57,7.36,7.55,103366671,770797038.75,0.7877,0.0
2024-06-27,7.49,7.52,7.32,7.35,85925315,634984486.39,0.6548,-2.649
2024-06-28,7.33,7.68,7.31,7.63,122653083,926498471.36,0.9346,3.8095
2024-07-01,7.65,7.91,7.64,7.91,121613859,948498419.19,0.9267,3.6697
2024-07-02,7.9,7.9,7.7,7.8,110951752,863757398.26,0.8455,-1.3906
2024-07-03,7.82,7.86,7.59,7.67,105558998,813246024.04,0.8044,-1.6667
2024-07-04,7.71,7.81,7.58,7.59,104167389,800888031.69,0.7938,-1.043
2024-07-05,7.58,7.72,7.48,7.69,101810957,774498596.91,0.7758,1.3175
2024-07-08,7.7,7.85,7.65,7.74,131477081,1020335281.37,1.0019,0.6502
2024-07-09,7.77,8.08,7.74,8.06,160513411,1275453424.14,1.2231,4.1344
2024-07-10,7.99,8.04,7.48,7.56,228069835,1767311343.63,1.7379,-6.2035
2024-07-11,7.57,7.87,7.35,7.8,185017198,1423771602.8,1.4099,3.1746
2024-07-12,8.1,8.3,7.87,7.92,332400816,2688574049.26,2.5329,1.5385
2024-07-15,7.9,8.2,7.79,8.05,167993312,1354018976.91,1.2801,1.6414
2024-07-16,8.01,8.08,7.85,7.91,158129742,1253602266.0,1.205,-1.7391
2024-07-17,7.85,7.87,7.32,7.34,282183482,2115127279.66,2.1503,-7.2061
2024-07-18,7.25,7.37,7.08,7.36,157482930,1137874971.29,1.2,0.2725
2024-07-19,7.23,7.32,7.09,7.26,124766237,901500463.47,0.9507,-1.3587
2024-07-22,7.26,7.46,7.21,7.42,142417622,1047815255.23,1.0852,2.2039
2024-07-23,7.4,7.45,7.0,7.01,164102107,1174336773.35,1.2505,-5.5256
2024-07-24,7.01,7.03,6.81,6.91,140542204,969939799.11,1.071,-1.4265
2024-07-25,6.85,6.88,6.67,6.73,128144107,865164169.27,0.9765,-2.6049
2024-07-26,6.71,6.94,6.69,6.82,118168612,806309957.07,0.9005,2.5564
2024-07-29,6.84,6.91,6.75,6.84,72915007,497808724.23,0.5556,0.2933
2024-07-30,6.76,6.77,6.58,6.61,126837639,841381967.38,0.9665,-3.3626
2024-07-31,6.62,6.92,6.62,6.9,124475810,845718716.1,0.9485,4.3873
2024-08-01,6.99,7.12,6.78,6.84,179908834,1251371345.86,1.3709,-0.8696
2024-08-02,6.72,6.73,6.51,6.57,203161273,1339569960.69,1.5481,-3.9474
2024-08-05,6.47,6.58,6.32,6.36,184833616,1191483589.96,1.4085,-3.1963
2024-08-06,6.4,6.44,6.26,6.38,119496288,758217387.39,0.9106,0.3145
2024-08-07,6.39,6.48,6.33,6.42,102740679,659834682.16,0.7829,0.627
2024-08-08,6.37,6.43,6.32,6.39,79891596,509362637.38,0.6088,-0.4673
2024-08-09,6.5,6.65,6.46,6.47,149345807,976476800.88,1.138,1.252
2024-08-12,6.47,6.67,6.46,6.56,119511703,784350795.23,0.9107,1.391
2024-08-13,6.59,6.64,6.48,6.56,78988922,515857221.78,0.6019,0.0
2024-08-14,6.55,6.56,6.42,6.43,71250281,461532150.55,0.5429,-1.9817
2024-08-15,6.41,6.6,6.38,6.55,105175998,686394572.48,0.8015,1.8663
2024-08-16,6.62,6.73,6.6,6.62,115971110,772121363.28,0.8837,1.0687
2024-08-19,6.7,6.9,6.68,6.81,155711327,1061302751.29,1.1865,2.8701
2024-08-20,6.86,6.86,6.65,6.7,112943980,759786285.36,0.8607,-1.6153
2024-08-21,6.7,6.8,6.66,6.79,118535116,798469043.83,0.9033,1.3433
2024-08-22,6.78,6.8,6.66,6.76,95051155,639946766.26,0.7243,-0.4418
2024-08-23,6.72,6.83,6.66,6.78,78215335,529935445.36,0.596,0.2959
2024-08-26,6.87,6.91,6.76,6.87,101264778,692366911.04,0.7717,1.3274
2024-08-27,6.86,6.94,6.82,6.89,102305902,702866334.2,0.7796,0.2911
2024-08-28,6.89,7.0,6.78,6.86,126551654,870229012.97,0.9643,-0.4354
2024-08-29,6.8,6.93,6.66,6.84,134711014,917549468.91,1.0265,-0.2915
2024-08-30,6.81,6.92,6.69,6.83,142225272,968008319.0,1.0838,-0.1462
2024-09-02,6.76,6.83,6.68,6.77,115109414,778400962.48,0.8772,-0.8785
2024-09-03,6.75,6.94,6.74,6.83,110398606,757966316.44,0.8413,0.8863
2024-09-04,6.73,6.74,6.52,6.61,133608780,885352847.4,1.0181,-3.2211
2024-09-05,6.62,6.68,6.38,6.46,133551295,866917546.49,1.0177,-2.2693
2024-09-06,6.5,6.52,6.43,6.46,68660307,444664991.86,0.5232,0.0
2024-09-09,6.38,6.41,6.24,6.34,113028627,712609590.68,0.8613,-1.8576
2024-09-10,6.35,6.38,6.2,6.3,97535765,613191158.89,0.7432,-0.6309
2024-09-11,6.28,6.3,6.13,6.25,100072391,620802871.87,0.7626,-0.7937
2024-09-12,6.3,6.41,6.23,6.31,94821576,599720714.68,0.7226,0.96
2024-09-13,6.37,6.47,6.31,6.32,105015541,670351512.91,0.8002,0.1585
2024-09-18,6.39,6.63,6.36,6.58,135340625,876205323.72,1.0313,4.1139
2024-09-19,6.59,6.98,6.54,6.98,196312940,1340243540.15,1.4959,6.079
2024-09-20,6.91,7.08,6.86,7.06,162073786,1134746979.76,1.235,1.1461
2024-09-23,6.99,7.08,6.91,7.0,110779046,775797564.95,0.8442,-0.8499
2024-09-24,7.08,7.34,7.06,7.25,196760119,1415067277.23,1.4993,3.5714
2024-09-25,7.4,7.62,7.35,7.39,225547304,1683177884.17,1.7187,1.931
2024-09-26,7.38,7.85,7.34,7.84,199524272,1519643108.53,1.5204,6.0893
2024-09-27,7.99,8.22,7.99,8.13,114575439,929381306.27,0.8731,3.699
2024-09-30,8.4,8.92,8.4,8.9,325958617,2853463408.78,2.4839,9.4711
2024-10-08,9.67,9.72,8.37,8.71,612233944,5443742105.84,4.6653,-2.1348
2024-10-09,8.5,8.5,7.93,7.99,365056483,2983608442.19,2.7818,-8.2664
2024-10-10,8.09,8.75,8.08,8.49,327788343,2766897166.84,2.4978,6.2578
2024-10-11,8.58,8.8,8.3,8.52,264888863,2272573674.92,2.0185,0.3534
2024-10-14,8.72,9.22,8.72,9.09,423082173,3815754836.39,3.2239,6.6901
2024-10-15,8.93,8.95,8.51,8.51,273428862,2387124660.75,2.0836,-6.3806
2024-10-16,8.35,8.75,8.33,8.65,192436023,1654697867.19,1.4664,1.6451
2024-10-17,8.73,8.9,8.5,8.51,183624360,1596695198.85,1.3992,-1.6185
2024-10-18,8.42,8.71,8.39,8.55,236161880,2009670814.98,1.7996,0.47
2024-10-21,8.63,8.87,8.52,8.76,228666561,1990910129.62,1.7425,2.4561
2024-10-22,8.7,8.86,8.58,8.84,171198521,1498840308.32,1.3046,0.9132
2024-10-23,8.86,8.9,8.61,8.72,189929305,1659281760.32,1.4473,-1.3575
2024-10-24,8.63,8.89,8.55,8.82,181203156,1582019948.64,1.3808,1.1468
2024-10-25,8.69,8.71,8.43,8.49,279195839,2383558505.29,2.1275,-3.7415
2024-10-28,8.52,8.71,8.51,8.58,189761154,1631605770.9,1.446,1.0601
2024-10-29,8.53,8.53,8.31,8.35,169548815,1423481087.92,1.292,-2.6807
2024-10-30,7.95,7.95,7.61,7.69,523755239,4057776575.38,3.9911,-7.9042
2024-10-31,7.65,7.78,7.58,7.63,252052395,1930421641.26,1.9207,-0.7802
2024-11-01,7.66,8.15,7.66,7.94,397514759,3154555396.61,3.0291,4.0629
2024-11-04,8.06,8.06,7.73,7.92,274049361,2144829798.45,2.0883,-0.2519
2024-11-05,7.88,8.14,7.82,8.09,271729072,2173387453.57,2.0706,2.1465
2024-11-06,8.18,8.38,8.12,8.24,302978368,2503241485.75,2.3087,1.8541
2024-11-07,8.13,8.51,8.05,8.48,296238801,2475301481.37,2.2574,2.9126
2024-11-08,8.7,8.8,8.39,8.5,301533713,2582816599.26,2.2977,0.2358
2024-11-11,8.39,8.39,8.2,8.39,227550042,1891338688.96,1.734,-1.2941
2024-11-12,8.32,8.38,8.0,8.06,290554646,2375198610.37,2.2141,-3.9333
2024-11-13,8.01,8.16,7.97,8.1,121895960,987012805.64,0.9289,0.4963
2024-11-14,8.1,8.2,7.93,7.95,136722142,1100112764.11,1.0418,-1.8519
2024-11-15,7.93,8.15,7.91,7.98,149878608,1206002482.37,1.1421,0.3774
2024-11-18,7.59,7.99,7.54,7.8,250881808,1952321055.56,1.9118,-2.2556
2024-11-19,7.8,7.95,7.73,7.94,134919207,1060917053.0,1.0281,1.7949
2024-11-20,7.98,8.12,7.88,7.91,138271942,1101092646.02,1.0537,-0.3778
2024-11-21,7.9,7.99,7.79,7.93,113600942,895414182.69,0.8657,0.2528
2024-11-22,7.9,7.96,7.63,7.65,128124241,995023040.78,0.9763,-3.5309
2024-11-25,7.64,7.76,7.5,7.57,108407114,825059470.48,0.8261,-1.0458
2024-11-26,7.53,7.67,7.48,7.57,79610605,602311932.61,0.6066,0.0
2024-11-27,7.55,7.65,7.45,7.64,96307067,729019835.58,0.7339,0.9247
2024-11-28,7.64,7.66,7.51,7.52,98575885,746194959.75,0.7512,-1.5707
2024-11-29,7.51,7.61,7.4,7.52,115711950,869330090.04,0.8817,0.0
2024-12-02,7.53,7.62,7.51,7.59,142230415,1076177997.88,1.0838,0.9309
2024-12-03,7.6,7.63,7.48,7.59,123568957,931095397.94,0.9416,0.0
2024-12-04,7.76,7.8,7.58,7.64,218884831,1682458866.49,1.6679,0.6588
2024-12-05,7.61,7.65,7.51,7.54,148401126,1119670081.52,1.1308,-1.3089
2024-12-06,7.52,7.65,7.5,7.64,155111815,1175980964.37,1.182,1.3263
2024-12-09,7.62,7.74,7.59,7.64,153599414,1177150462.89,1.1705,0.0
2024-12-10,7.83,7.99,7.65,7.67,238581656,1862855610.03,1.818,0.3927
2024-12-11,7.64,7.99,7.63,7.88,265224566,2079329988.39,2.0211,2.7379
2024-12-12,7.8,7.89,7.8,7.85,127995568,1004312610.52,0.9753,-0.3807
2024-12-13,7.8,7.84,7.58,7.6,193760308,1481785555.11,1.4765,-3.1847
2024-12-16,7.58,7.61,7.43,7.45,133375884,998446216.91,1.0163,-1.9737
2024-12-17,7.41,7.46,7.31,7.39,124705223,921715427.92,0.9503,-0.8054
2024-12-18,7.4,7.49,7.36,7.38,99188885,735176439.61,0.7558,-0.1353
2024-12-19,7.31,7.4,7.21,7.39,97712112,716008631.88,0.7446,0.1355
2024-12-20,7.39,7.44,7.26,7.28,88121486,643919972.9,0.6715,-1.4885
2024-12-23,7.28,7.39,7.26,7.29,107860873,789065309.11,0.8219,0.1374
2024-12-24,7.27,7.43,7.26,7.43,99027637,727624002.26,0.7546,1.9204
2024-12-25,7.44,7.44,7.35,7.38,60567506,447731604.99,0.4615,-0.6729
2024-12-26,7.38,7.48,7.33,7.44,80820737,599360655.27,0.6159,0.813
2024-12-27,7.36,7.45,7.27,7.28,111498955,816606805.15,0.8496,-1.087
2024-12-30,7.27,7.51,7.26,7.48,152277560,1130578484.54,1.1604,2.7473
2024-12-31,7.47,7.51,7.35,7.35,106095258,785872987.1,0.8085,-1.738
2025-01-02,7.34,7.44,7.13,7.2,130703562,953320473.46,0.996,-2.0408
2025-01-03,7.18,7.47,7.17,7.3,180001546,1321722074.9,1.3705,1.3889
2025-01-06,7.25,7.38,7.12,7.18,135571631,979783169.05,1.0323,-1.6438
2025-01-07,7.16,7.32,7.08,7.2,128898156,926997347.68,0.9814,0.2786
2025-01-08,7.19,7.19,6.96,7.07,144671025,1019112695.23,1.1015,-1.8056
2025-01-09,7.06,7.28,7.01,7.22,141622533,1017316910.6,1.0783,2.1216
2025-01-10,7.27,7.38,7.16,7.28,135467479,988232887.98,1.0315,0.831
2025-01-13,7.25,7.53,7.21,7.43,180303312,1341765607.7,1.3728,2.0604
2025-01-14,7.39,7.54,7.35,7.54,144878113,1082637728.03,1.1031,1.4805
2025-01-15,7.52,7.63,7.33,7.4,131471502,975725821.54,1.001,-1.8568
2025-01-16,7.47,7.78,7.44,7.77,261282601,2006662549.77,1.9894,5.0
2025-01-17,7.75,7.82,7.66,7.8,128245110,995445744.49,0.9765,0.3861
2025-01-20,7.85,7.88,7.71,7.76,108302970,840584752.17,0.8246,-0.5128
2025-01-21,7.78,7.8,7.64,7.67,92107408,708082945.77,0.7013,-1.1598
2025-01-22,7.68,7.72,7.58,7.69,91781238,701907211.18,0.6988,0.2608
2025-01-23,7.72,7.76,7.6,7.62,112247938,859153650.55,0.8547,-0.9103
2025-01-24,7.65,7.88,7.63,7.87,168465864,1307098502.01,1.2827,3.2808
2025-01-27,7.85,7.93,7.7,7.76,144903462,1131121781.25,1.1033,-1.3977
2025-02-05,7.82,7.89,7.72,7.84,137014704,1070901232.21,1.0432,1.0309
2025-02-06,7.86,7.89,7.64,7.65,194998526,1501712278.82,1.4847,-2.4235
2025-02-07,7.66,7.88,7.55,7.82,205187467,1587859126.43,1.5623,2.2222
2025-02-10,7.78,8.06,7.77,7.88,191160243,1517041091.3,1.4555,0.7673
2025-02-11,7.86,7.97,7.81,7.85,125674256,990395202.82,0.9569,-0.3807
2025-02-12,7.8,7.82,7.62,7.69,138858443,1067315889.81,1.0573,-2.0382
2025-02-13,7.68,7.72,7.56,7.56,140124753,1066983449.65,1.0669,-1.6905
2025-02-14,7.54,7.71,7.54,7.66,127073227,971447650.4,0.9675,1.3228
2025-02-17,7.62,7.66,7.41,7.49,187001396,1400440712.97,1.4238,-2.2193
2025-02-18,7.49,7.53,7.42,7.45,105694441,791027836.28,0.8048,-0.534
2025-02-19,7.45,7.54,7.4,7.49,108054049,805737655.25,0.8227,0.5369
2025-02-20,7.48,7.52,7.41,7.51,88016869,658062805.96,0.6702,0.267
2025-02-21,7.56,7.84,7.54,7.7,217378558,1681646025.48,1.6551,2.53
2025-02-24,7.64,7.71,7.52,7.69,138845207,1056908819.98,1.0572,-0.1299
2025-02-25,7.63,7.66,7.41,7.42,143614530,1077053413.58,1.0935,-3.5111
2025-02-26,7.42,7.54,7.35,7.41,126500058,937812265.68,0.9632,-0.1348
2025-02-27,7.41,7.41,7.16,7.23,193040157,1397185147.97,1.4698,-2.4291
2025-02-28,7.21,7.27,7.15,7.15,112463845,811049934.99,0.8563,-1.1065
2025-03-03,7.2,7.44,7.16,7.31,202935602,1489657188.06,1.5452,2.2378
2025-03-04,7.31,7.32,7.18,7.24,100915294,729257119.8,0.7684,-0.9576
2025-03-05,7.24,7.42,7.15,7.41,167596126,1225770117.99,1.2761,2.3481
2025-03-06,7.48,7.66,7.47,7.65,217610917,1658083922.5,1.6569,3.2389
2025-03-07,7.66,7.81,7.62,7.73,155591527,1207359554.57,1.1847,1.0458
2025-03-10,7.8,7.83,7.68,7.79,121477007,943133017.97,0.9249,0.7762
2025-03-11,7.7,7.72,7.56,7.72,128287939,980000500.95,0.9768,-0.8986
2025-03-12,7.72,7.84,7.71,7.74,106268610,825863743.58,0.8091,0.2591
2025-03-13,7.71,7.82,7.69,7.8,105245411,816933911.82,0.8013,0.7752
2025-03-14,7.88,7.92,7.78,7.8,119448142,933978209.32,0.9095,0.0
2025-03-17,7.77,7.85,7.68,7.69,110546814,855294285.2,0.8417,-1.4103
2025-03-18,7.73,7.83,7.68,7.75,94567471,734492972.97,0.72,0.7802
2025-03-19,7.71,7.73,7.62,7.69,85994739,659847640.92,0.6548,-0.7742
2025-03-20,7.73,7.83,7.71,7.74,106782404,830820850.95,0.8131,0.6502
2025-03-21,7.71,7.79,7.56,7.58,100001704,767152697.92,0.7614,-2.0672
2025-03-24,7.61,7.87,7.56,7.83,185365945,1440872689.05,1.4114,3.2982
2025-03-25,7.86,7.98,7.8,7.87,125572009,990250215.32,0.9561,0.5109
2025-03-26,7.9,7.97,7.67,7.68,150225928,1172058439.31,1.1438,-2.4142
2025-03-27,7.65,7.7,7.56,7.65,108694001,830896009.11,0.8276,-0.3906
2025-03-28,7.61,7.68,7.51,7.58,140304186,1062657190.63,1.0683,-0.915
2025-03-31,7.52,7.57,7.41,7.46,113849446,851008090.59,0.8669,-1.5831
2025-04-01,7.49,7.63,7.43,7.61,124520998,940555584.95,0.9481,2.0107
2025-04-02,7.57,7.62,7.44,7.46,94661915,711464072.65,0.7208,-1.9711
2025-04-03,7.4,7.41,7.15,7.17,205172086,1485656417.43,1.5622,-3.8874
2025-04-07,6.5,6.6,6.45,6.45,176584500,1143802529.98,1.3445,-10.0418
2025-04-08,6.53,6.56,6.13,6.28,358227054,2236635395.01,2.7276,-2.6357
2025-04-09,6.24,6.37,5.96,6.37,316222819,1944307227.26,2.4078,1.4331
2025-04-10,6.53,6.64,6.43,6.63,252877632,1654623973.74,1.9254,4.0816
2025-04-11,6.55,6.6,6.48,6.56,156217460,1020850503.05,1.1895,-1.0558
2025-04-14,6.62,6.68,6.56,6.58,175126488,1158945645.71,1.3334,0.3049
2025-04-15,6.57,6.57,6.41,6.45,168271933,1086216899.72,1.2812,-1.9757
2025-04-16,6.45,6.46,6.32,6.41,145291982,924621742.58,1.1063,-0.6202
2025-04-17,6.37,6.43,6.34,6.4,131056415,836876123.53,0.9979,-0.156
2025-04-18,6.37,6.42,6.34,6.4,91703054,584936899.4,0.6982,0.0
2025-04-21,6.39,6.55,6.37,6.54,153169510,991309516.89,1.1662,2.1875
2025-04-22,6.52,6.53,6.48,6.48,113835251,739502113.49,0.8668,-0.9174
2025-04-23,6.53,6.55,6.48,6.52,114372576,745295064.94,0.8708,0.6173
2025-04-24,6.53,6.55,6.44,6.48,120958178,784930721.0,0.921,-0.6135
2025-04-25,6.52,6.7,6.52,6.61,233590160,1545368116.36,1.7786,2.0062
2025-04-28,6.58,6.59,6.43,6.48,169276050,1096187183.45,1.2889,-1.9667
2025-04-29,6.44,6.46,6.38,6.42,111622090,716280935.44,0.8499,-0.9259
2025-04-30,6.43,6.44,6.39,6.4,96450023,618420247.64,0.7344,-0.3115
2025-05-06,6.43,6.49,6.42,6.49,137646880,889340010.39,1.0481,1.4063
2025-05-07,6.56,6.58,6.46,6.5,151953123,987347501.51,1.157,0.1541
2025-05-08,6.46,6.52,6.44,6.5,124127267,805496833.62,0.9451,0.0
2025-05-09,6.49,6.55,6.41,6.42,142009220,917140539.92,1.0813,-1.2308
2025-05-12,6.47,6.59,6.45,6.59,215971703,1410144763.91,1.6444,2.648
2025-05-13,6.66,6.7,6.58,6.59,178073655,1182137506.31,1.3559,0.0
2025-05-14,6.63,6.77,6.62,6.77,203691625,1363741276.25,1.5509,2.7314
2025-05-15,6.77,6.79,6.67,6.69,144227710,968929379.0,1.0982,-1.1817
2025-05-16,6.66,6.7,6.59,6.61,112471900,746109120.02,0.8564,-1.1958
2025-05-19,6.68,6.76,6.62,6.62,150769720,1005625031.93,1.148,0.1513
2025-05-20,6.62,6.66,6.59,6.63,102796980,680633368.93,0.7827,0.1511
2025-05-21,6.64,6.82,6.61,6.79,202522991,1364139562.65,1.542,2.4133
2025-05-22,6.73,6.77,6.66,6.67,122349669,819175380.29,0.9316,-1.7673
2025-05-23,6.65,6.7,6.62,6.62,92665045,617192438.19,0.7056,-0.7496
2025-05-26,6.61,6.66,6.56,6.61,88734683,586398663.42,0.6756,-0.1511
2025-05-27,6.61,6.61,6.45,6.49,156715396,1017932717.3,1.1932,-1.8154
2025-05-28,6.49,6.54,6.49,6.52,80939369,527823907.53,0.6163,0.4622
2025-05-29,6.52,6.62,6.5,6.6,104482714,687459019.84,0.7955,1.227
2025-05-30,6.57,6.59,6.5,6.54,84273806,550879308.28,0.6417,-0.9091
2025-06-03,6.63,6.73,6.58,6.68,173091398,1153140557.05,1.3179,2.1407
2025-06-04,6.68,6.75,6.65,6.68,97249217,650960416.28,0.7405,0.0
2025-06-05,6.69,6.71,6.64,6.68,98218698,655824433.43,0.7478,0.0
2025-06-06,6.69,6.77,6.68,6.73,112919480,760490666.53,0.8598,0.7485
2025-06-09,6.73,6.83,6.66,6.82,154803144,1047301755.01,1.1787,1.3373
2025-06-10,6.83,6.88,6.76,6.84,132135364,902133656.08,1.0061,0.2933
2025-06-11,6.85,7.01,6.83,6.94,142208669,987223189.37,1.0828,1.462
2025-06-12,6.94,6.98,6.9,6.92,118583099,822726688.46,0.9029,-0.2882
2025-06-13,6.92,6.95,6.8,6.8,213356430,1459774495.16,1.6206,-1.7341
2025-06-16,6.82,6.95,6.8,6.9,130901041,901912936.08,0.9943,1.4706
2025-06-17,6.89,6.95,6.85,6.93,80897485,559375567.59,0.6145,0.4348
2025-06-18,6.96,7.0,6.86,6.92,77258193,534454518.04,0.5868,-0.1443
2025-06-19,6.9,6.91,6.77,6.79,93481019,638367515.58,0.71,-1.8786
2025-06-20,6.8,6.92,6.77,6.9,103966839,715043100.46,0.7897,1.62
2025-06-23,6.87,6.95,6.85,6.91,81128394,561074702.38,0.6162,0.1449
2025-06-24,6.92,7.05,6.91,6.94,133141100,929052122.19,1.0113,0.4342
2025-06-25,6.94,6.95,6.85,6.92,129196589,889626608.31,0.9813,-0.2882
2025-06-26,6.91,7.02,6.9,6.97,144982926,1009934933.95,1.1012,0.7225
2025-06-27,7.02,7.18,7.02,7.12,194750211,1388094995.26,1.4792,2.1521
2025-06-30,7.13,7.14,7.01,7.04,153432269,1082054284.99,1.1654,-1.1236
2025-07-01,7.05,7.08,6.95,7.08,132872891,931329292.31,1.0092,0.5682
2025-07-02,7.06,7.2,7.03,7.19,179127054,1279109725.02,1.3606,1.5537
2025-07-03,7.21,7.23,7.15,7.18,114311711,820566865.52,0.8683,-0.1391
2025-07-04,7.16,7.23,7.09,7.16,118088508,845341342.51,0.8969,-0.2786
2025-07-07,7.12,7.13,7.03,7.04,121982354,862061867.21,0.9265,-1.676
2025-07-08,7.01,7.07,7.01,7.06,104395093,735259310.15,0.7929,0.2841
2025-07-09,7.09,7.11,6.97,6.98,151047107,1063950345.6,1.1473,-1.1331
2025-07-10,7.0,7.17,7.0,7.13,192319087,1368208527.73,1.4608,2.149
2025-07-11,7.14,7.39,7.12,7.27,231097691,1681463736.49,1.7553,1.9635
2025-07-14,7.22,7.32,7.18,7.18,149718471,1083954247.09,1.1372,-1.238
2025-07-15,7.18,7.25,7.06,7.15,111182283,794824321.66,0.8445,-0.4178
2025-07-16,7.11,7.17,7.09,7.11,82993986,590369450.57,0.6304,-0.5594
2025-07-17,7.11,7.2,7.09,7.14,87113385,622228920.3,0.6617,0.4219
2025-07-18,7.17,7.28,7.15,7.24,120837955,874080816.03,0.9178,1.4006
2025-07-21,7.42,7.7,7.36,7.63,299776452,2254418683.46,2.277,5.3867
2025-07-22,7.58,7.77,7.54,7.77,234178049,1794625547.6,1.7787,1.8349
2025-07-23,7.78,7.81,7.63,7.64,170940205,1314189277.05,1.2984,-1.6731
2025-07-24,7.61,7.83,7.6,7.81,201978819,1562648491.92,1.5341,2.2251
2025-07-25,7.8,7.93,7.7,7.72,179736175,1401615551.58,1.3652,-1.1524
2025-07-28,7.6,7.71,7.5,7.63,139916712,1064923589.61,1.0627,-1.1658
2025-07-29,7.63,7.73,7.62,7.71,125730597,964841501.63,0.955,1.0485
2025-07-30,7.72,7.84,7.7,7.73,134091168,1042821822.89,1.0185,0.2594
2025-07-31,7.62,7.67,7.4,7.43,176504977,1326076109.46,1.3407,-3.881
2025-08-01,7.41,7.52,7.36,7.39,95989393,712707986.35,0.7291,-0.5384
2025-08-04,7.35,7.45,7.32,7.44,97588218,720592225.72,0.7412,0.6766
2025-08-05,7.44,7.48,7.4,7.48,122327575,910345898.04,0.9291,0.5376
2025-08-06,7.47,7.58,7.45,7.53,124463211,937016822.62,0.9454,0.6684
2025-08-07,7.59,7.64,7.43,7.54,133016554,999967010.37,1.0103,0.1328
2025-08-08,7.39,7.61,7.36,7.54,144864137,1087272686.14,1.1003,1.7544
2025-08-11,7.55,7.58,7.48,7.51,127724323,960708719.89,0.9701,-0.3979
2025-08-12,7.51,7.63,7.47,7.59,134185542,1015540028.31,1.0192,1.0652
2025-08-13,7.63,7.79,7.61,7.73,196215199,1516991650.22,1.4904,1.8445
2025-08-14,7.7,7.76,7.65,7.65,151020681,1163252377.68,1.1471,-1.0349
2025-08-15,7.63,8.04,7.62,7.96,273412177,2158295720.58,2.0767,4.0523
2025-08-18,7.93,7.95,7.72,7.72,301586509,2352548496.73,2.2907,-3.0151
2025-08-19,7.73,7.8,7.6,7.63,195281739,1499777518.29,1.4833,-1.1658
2025-08-20,7.58,7.73,7.56,7.67,159636196,1220114641.01,1.2125,0.5242
2025-08-21,7.67,7.75,7.63,7.66,144437274,1109936040.43,1.0971,-0.1304
2025-08-22,7.66,7.74,7.6,7.72,152652770,1169728476.86,1.1595,0.7833
2025-08-25,7.82,8.12,7.82,8.08,372089558,2979570711.08,2.8262,4.6632
2025-08-26,8.03,8.22,7.97,8.18,236324920,1921009162.46,1.795,1.2376
2025-08-27,8.18,8.27,7.96,7.97,268557416,2178870483.59,2.0398,-2.5672
2025-08-28,7.85,7.9,7.67,7.89,313492162,2448302490.43,2.3811,-1.0038
2025-08-29,7.91,8.1,7.8,7.83,402046348,3180100749.12,3.0538,-0.7605
2025-09-01,7.93,7.97,7.77,7.85,325330613,2558271197.05,2.4711,0.2554
2025-09-02,7.9,7.97,7.75,7.83,303494608,2383104428.87,2.3052,-0.2548
2025-09-03,7.89,7.98,7.71,7.8,315093733,2470654525.22,2.3933,-0.3831
2025-09-04,7.76,7.81,7.32,7.43,346255520,2606881827.32,2.63,-4.7436
2025-09-05,7.41,7.73,7.38,7.7,245718804,1860810831.19,1.8664,3.6339
2025-09-08,7.69,7.75,7.56,7.62,189788544,1452633479.96,1.4415,-1.039
2025-09-09,7.64,7.82,7.59,7.66,222453422,1715642199.69,1.6897,0.5249
2025-09-10,7.6,7.64,7.48,7.6,155263979,1176398181.98,1.1793,-0.7833
2025-09-11,7.6,7.85,7.58,7.83,233402335,1809765798.92,1.7728,3.0263
2025-09-12,7.98,8.19,7.97,8.04,414913973,3344728704.25,3.1515,2.682
2025-09-15,8.08,8.17,8.0,8.07,236710788,1917156485.91,1.7979,0.3731
2025-09-16,8.13,8.17,7.71,7.88,360081667,2824368584.77,2.735,-2.3544
2025-09-17,7.84,7.99,7.78,7.95,207108749,1632563248.44,1.5731,0.8883
2025-09-18,7.84,7.84,7.58,7.64,284197361,2196473912.18,2.1586,-3.8994
2025-09-19,7.69,7.84,7.64,7.74,188364671,1456011326.42,1.4307,1.3089
2025-09-22,7.78,7.81,7.6,7.69,151440557,1160229340.37,1.1503,-0.646
2025-09-23,7.65,7.72,7.49,7.58,172444416,1310092116.76,1.3098,-1.4304
2025-09-24,7.53,7.61,7.44,7.6,168063192,1266007333.94,1.2765,0.2639
2025-09-25,7.68,7.76,7.56,7.61,224439924,1716670718.62,1.7047,0.1316
2025-09-26,7.56,7.72,7.53,7.62,226923259,1735675838.45,1.7236,0.1314
2025-09-29,7.69,8.18,7.64,8.15,494872564,3935294392.77,3.7588,6.9554
2025-09-30,8.13,8.27,8.09,8.24,317271927,2601337928.36,2.4099,1.1043
2025-10-09,8.49,8.69,8.32,8.68,537060471,4583376509.33,4.0793,5.3398
2025-10-10,8.58,8.82,8.48,8.62,369705241,3196898809.89,2.8081,-0.6912
2025-10-13,8.28,8.62,8.28,8.57,375291193,3169885023.98,2.8505,-0.58
2025-10-14,8.82,9.27,8.58,8.64,624172965,5545604105.0,4.7409,0.8168
2025-10-15,8.74,8.98,8.62,8.87,388002318,3417170318.04,2.9471,2.662
2025-10-16,8.8,8.98,8.62,8.72,309421379,2716464940.75,2.3502,-1.6911
2025-10-17,8.72,8.86,8.45,8.47,279847593,2408065628.03,2.1256,-1.5116
2025-10-20,8.51,8.57,8.32,8.37,233492875,1968180599.26,1.7735,-1.1806
2025-10-21,8.45,8.77,8.43,8.62,297020357,2561940694.35,2.256,2.9869
2025-10-22,8.42,8.8,8.39,8.75,282027131,2433075122.22,2.1421,1.5081
2025-10-23,8.78,9.14,8.7,9.04,470458098,4202976601.16,3.5734,3.3143
2025-10-24,9.2,9.48,9.02,9.23,415340618,3828497888.86,3.1547,2.1018
2025-10-27,9.27,9.41,9.11,9.4,403775537,3746706207.85,3.0669,1.8418
2025-10-28,9.35,9.72,9.24,9.26,461288635,4361803708.33,3.5037,-1.4894
2025-10-29,9.38,10.05,9.34,9.91,494031442,4815002359.58,3.7524,7.0194
2025-10-30,9.81,10.5,9.78,10.31,550706179,5632349811.21,4.1829,4.0363
2025-10-31,10.25,10.3,9.95,9.99,424832180,4284834928.94,3.2268,-3.1038
2025-11-03,10.14,10.22,9.75,10.17,402931315,4028579169.13,3.0605,1.8018
2025-11-04,10.16,10.39,9.76,9.85,377335607,3784215574.01,2.8661,-3.1465
2025-11-05,9.51,9.9,9.46,9.87,286561284,2770862389.56,2.1766,0.203
2025-11-06,9.87,10.86,9.83,10.86,696823304,7359065754.4,5.2927,10.0304
2025-11-07,10.7,10.99,10.65,10.75,499544339,5413642485.93,3.7943,-1.0129
2025-11-10,10.82,11.26,10.68,11.1,553630553,6085133444.23,4.2051,3.2558
2025-11-11,11.1,11.22,10.9,10.98,338138628,3720761963.55,2.5683,-1.0811
2025-11-12,10.98,11.74,10.93,11.71,584617873,6692439333.45,4.4405,6.6485
2025-11-13,11.7,12.3,11.55,12.17,616600654,7362510802.92,4.6834,3.9283
2025-11-14,11.85,12.06,11.65,11.66,450046256,5321185144.87,3.4183,-4.1906
2025-11-17,11.41,11.49,11.03,11.16,511784258,5754169326.52,3.8873,-4.2882
2025-11-18,10.91,11.05,10.62,10.75,459397217,4967088898.57,3.4894,-3.6738
2025-11-19,10.78,11.11,10.78,10.98,352875653,3859323529.38,2.6803,2.1395
2025-11-20,11.1,11.3,10.99,11.04,293002683,3263022530.68,2.2255,0.5464
2025-11-21,10.72,10.91,10.5,10.52,370727747,3958355754.8,2.8159,-4.7101
2025-11-24,10.58,10.65,10.19,10.49,333719770,3472596126.04,2.5348,-0.2852
2025-11-25,10.67,10.7,10.42,10.55,255255830,2694924052.27,1.9388,0.572
2025-11-26,10.54,10.63,10.33,10.39,213504753,2226651051.14,1.6217,-1.5166
2025-11-27,10.61,10.76,10.42,10.44,244799497,2591432350.57,1.8594,0.4812
2025-11-28,10.39,10.64,10.31,10.51,173393401,1818052770.73,1.317,0.6705
2025-12-01,10.78,10.92,10.57,10.69,357066076,3833749087.65,2.7121,1.7127
2025-12-02,10.61,10.64,10.44,10.58,163313602,1721064048.31,1.2405,-1.029
2025-12-03,10.55,11.27,10.55,11.03,402031691,4404442153.83,3.0536,4.2533
2025-12-04,11.27,11.3,10.84,10.89,316820004,3502013905.59,2.4064,-1.2693
2025-12-05,10.92,11.49,10.92,11.4,385304366,4359783648.72,2.9266,4.6832
2025-12-08,11.33,11.34,11.02,11.27,347288026,3871019701.58,2.6378,-1.1404
2025-12-09,11.14,11.15,10.48,10.59,406731192,4364775994.49,3.0893,-6.0337
2025-12-10,10.58,10.73,10.47,10.72,205557543,2183374597.23,1.5613,1.2276
2025-12-11,10.8,10.88,10.46,10.47,238714984,2539170051.44,1.8132,-2.3321
2025-12-12,10.68,10.79,10.6,10.75,316042056,3384075696.86,2.4005,2.6743
2025-12-15,10.53,10.8,10.47,10.54,204673974,2167424774.48,1.5546,-1.9535
2025-12-16,10.44,10.5,10.09,10.28,202540915,2078669240.93,1.5384,-2.4668
2025-12-17,10.38,10.66,10.32,10.59,180582240,1896950099.63,1.3716,3.0156
2025-12-18,10.59,10.77,10.51,10.53,144878522,1537548090.11,1.1004,-0.5666
2025-12-19,10.58,10.93,10.43,10.85,228500452,2457680095.84,1.7356,3.0389
2025-12-22,11.05,11.1,10.86,10.97,203505633,2235066280.87,1.5457,1.106
2025-12-23,10.89,11.25,10.85,10.97,226324631,2501412421.64,1.718,0.0
2025-12-24,11.0,11.09,10.8,11.07,216217792,2377332772.39,1.6413,0.9116
2025-12-25,10.97,10.98,10.82,10.96,161778236,1765005028.39,1.2281,-0.9937
2025-12-26,10.99,11.94,10.97,11.84,473629142,5435929758.23,3.5954,8.0292
2025-12-29,11.87,11.94,11.41,11.45,425870836,4960804154.98,3.2328,-3.2939
2025-12-30,11.13,12.12,11.12,11.99,409754352,4820315432.15,3.1105,4.7162
2025-12-31,11.99,12.38,11.96,12.22,398049375,4861601305.62,3.0216,1.9183
2026-01-05,12.72,13.3,12.61,13.02,458673305,5957356014.86,3.4818,6.5466
2026-01-06,13.28,14.18,13.28,13.97,564924030,7764393419.74,4.2884,7.2965
2026-01-07,13.96,14.24,13.62,14.05,479627163,6669834640.45,3.6409,0.5727
2026-01-08,13.7,14.05,13.48,13.65,376908247,5180916824.16,2.8611,-2.847
2026-01-09,13.49,14.3,13.49,14.05,392865127,5469608311.14,2.9823,2.9304
2026-01-12,14.34,14.44,13.62,13.85,474327718,6597287956.3,3.6007,-1.4235
2026-01-13,13.8,14.37,13.69,13.97,380848757,5340090059.45,2.8911,0.8664
2026-01-14,14.1,14.43,13.56,13.63,539974887,7522761319.94,4.099,-2.4338
2026-01-15,13.48,14.18,13.32,13.74,421352590,5805985989.93,3.1985,0.807
2026-01-16,13.75,14.09,13.1,13.26,527008746,7140959220.58,4.0006,-3.4934
2026-01-19,13.25,13.41,12.83,13.33,361276809,4764651445.32,2.7425,0.5279
2026-01-20,13.4,13.62,12.93,13.29,347086063,4604142771.69,2.6348,-0.3001
2026-01-21,13.2,13.46,13.02,13.4,267865289,3561319410.96,2.0334,0.8277
2026-01-22,13.4,13.5,13.21,13.28,274707418,3658676362.99,2.0853,-0.8955
2026-01-23,13.39,13.52,13.08,13.23,475917841,6327370440.11,3.6127,-0.3765
2026-01-26,13.46,13.86,13.33,13.4,675222124,9173107682.19,5.1257,1.285
2026-01-27,13.34,13.7,13.11,13.27,510560557,6839552676.08,3.8757,-0.9701
2026-01-28,13.45,14.6,13.13,14.6,829795766,11718403834.5,6.299,10.0226
2026-01-29,15.01,15.85,14.24,15.7,1067686227,16120934543.91,8.1049,7.5342
2026-01-30,14.7,15.01,14.13,14.13,776754492,11154511799.16,5.8964,-10.0
2026-02-02,13.01,13.6,12.72,12.72,787814097,10322166755.64,5.9804,-9.9788
2026-02-03,13.1,13.19,12.67,13.14,475032529,6143511808.57,3.606,3.3019
2026-02-04,13.37,13.54,13.22,13.44,337011723,4504126119.71,2.5583,2.2831
2026-02-05,13.13,13.26,12.36,12.64,383179127,4875000353.6,2.9087,-5.9524
2026-02-06,12.18,13.08,12.18,12.89,296306951,3783989245.38,2.2493,1.9778
2026-02-09,13.12,13.2,12.88,13.05,206139969,2684937920.87,1.5648,1.2413
2026-02-10,13.12,13.26,13.01,13.15,198249261,2603191151.16,1.5049,0.7663
2026-02-11,13.06,13.45,13.05,13.32,212624623,2825969942.2,1.614,1.2928
2026-02-12,13.26,13.44,13.2,13.21,187857021,2499123225.01,1.426,-0.8258
2026-02-13,12.97,13.09,12.66,12.69,259190406,3323093315.61,1.9675,-3.9364
2026-02-24,13.01,13.12,12.87,12.96,198410386,2578283875.31,1.5061,2.1277
2026-02-25,13.07,13.79,13.01,13.53,324128252,4369775026.4,2.4605,4.3981
2026-02-26,13.75,13.78,13.34,13.46,235503639,3179215172.1,1.7877,-0.5174
2026-02-27,13.35,13.92,13.32,13.72,273842389,3749389807.69,2.0788,1.9316
2026-03-02,13.88,14.31,13.47,14.27,476840355,6644103701.8,3.6197,4.0087
2026-03-03,14.29,14.55,13.8,13.97,451023626,6375465165.61,3.4238,-2.1023
2026-03-04,14.17,14.85,14.11,14.45,477629648,6918024474.85,3.6257,3.4359
2026-03-05,14.85,15.2,14.44,14.79,539558741,7999450823.68,4.0958,2.3529
2026-03-06,14.39,14.39,13.71,13.97,375445882,5257528565.37,2.85,-5.5443
2026-03-09,14.3,14.44,13.88,14.02,368425209,5212796311.0,2.7967,0.3579
2026-03-10,13.57,13.82,13.51,13.7,268983915,3676298349.99,2.0419,-2.2825
2026-03-11,13.76,14.06,13.68,13.96,276323190,3825460311.98,2.0976,1.8978
2026-03-12,14.2,14.9,14.03,14.76,511417496,7462568148.64,3.8822,5.7307
2026-03-13,14.7,15.0,13.97,14.08,395629478,5722503341.62,3.0033,-4.607
2026-03-16,14.18,14.25,13.06,13.54,472396490,6389817489.34,3.586,-3.8352
2026-03-17,13.59,13.92,13.0,13.02,321180158,4309592070.71,2.4381,-3.8405
2026-03-18,12.95,12.95,12.45,12.64,318151678,4024991204.17,2.4151,-2.9186
2026-03-19,12.29,12.49,11.73,11.83,379517064,4563384976.98,2.8809,-6.4082
2026-03-20,11.67,11.99,11.5,11.53,294775733,3460801453.89,2.2377,-2.5359
2026-03-23,11.02,11.47,10.89,11.05,339090321,3784355459.35,2.5741,-4.1631
2026-03-24,11.3,11.34,10.9,11.3,269955445,2997091234.12,2.0493,2.2624
2026-03-25,11.55,11.72,11.41,11.51,267057666,3086000462.56,2.0273,1.8584
2026-03-26,11.45,11.58,11.21,11.31,195867429,2229534530.36,1.4868,-1.7376
