日期,开盘,最高,最低,收盘,成交量,成交额,换手率,涨跌幅
2019-01-02,3.78,3.79,3.65,3.71,54269661,201531123.0,0.307202,-1.329786
2019-01-03,3.7,3.76,3.67,3.74,55198167,205053788.0,0.312458,0.808625
2019-01-04,3.68,3.85,3.67,3.83,86050938,325756878.0,0.487105,2.406415
2019-01-07,3.86,3.91,3.83,3.89,86104696,332815643.0,0.48741,1.566584
2019-01-08,3.9,3.9,3.85,3.85,48864480,189003642.0,0.276605,-1.028283
2019-01-09,3.86,3.93,3.83,3.86,67706590,262594368.0,0.383264,0.25974
2019-01-10,3.84,3.86,3.8,3.8,56012412,214340747.0,0.317067,-1.554403
2019-01-11,3.8,3.85,3.8,3.83,36886500,141108298.0,0.208802,0.789473
2019-01-14,3.84,3.86,3.8,3.81,46798443,179223864.0,0.26491,-0.522193
2019-01-15,3.82,3.88,3.8,3.86,67637047,259995370.0,0.382871,1.312335
2019-01-16,3.85,3.86,3.81,3.82,44385822,170009246.0,0.251253,-1.036268
2019-01-17,3.82,3.87,3.78,3.82,62554415,238961849.0,0.3541,0.0
2019-01-18,3.81,3.96,3.81,3.92,146084443,570086290.0,0.826935,2.617805
2019-01-21,3.97,3.97,3.91,3.92,87226889,342906697.0,0.493762,0.0
2019-01-22,3.91,3.92,3.85,3.86,64945633,251651428.0,0.367635,-1.530617
2019-01-23,3.85,3.89,3.83,3.89,42093087,162988903.0,0.238275,0.777208
2019-01-24,3.88,3.89,3.83,3.86,44079573,169993267.0,0.24952,-0.771214
2019-01-25,3.86,3.89,3.83,3.85,50361391,194128466.0,0.285079,-0.259067
2019-01-28,3.87,3.89,3.83,3.84,50296321,194106089.0,0.284711,-0.25974
2019-01-29,3.83,3.83,3.62,3.79,74141756,277878018.0,0.419692,-1.302082
2019-01-30,3.76,3.83,3.73,3.79,39725948,150697339.0,0.224875,0.0
2019-01-31,3.85,3.9,3.78,3.84,96143774,369817229.0,0.544238,1.31926
2019-02-01,3.86,3.91,3.83,3.9,74469736,288310841.0,0.421548,1.562505
2019-02-11,3.9,4.08,3.89,4.06,152936255,606223333.0,0.865721,4.10256
2019-02-12,4.02,4.07,4.0,4.05,121853517,491680177.0,0.689772,-0.246299
2019-02-13,4.05,4.27,4.03,4.19,221959212,922635772.0,1.256436,3.456787
2019-02-14,4.17,4.19,4.11,4.16,123751693,513397196.0,0.700517,-0.715995
2019-02-15,4.14,4.26,4.12,4.16,126120684,528038179.0,0.713927,0.0
2019-02-18,4.22,4.33,4.18,4.32,199517409,847503810.0,1.129401,3.846162
2019-02-19,4.33,4.44,4.24,4.31,196200306,850073643.0,1.110624,-0.231487
2019-02-20,4.33,4.48,4.31,4.42,252554271,1115529110.0,1.429625,2.552207
2019-02-21,4.42,4.46,4.32,4.34,196813050,865142441.0,1.114093,-1.809953
2019-02-22,4.32,4.39,4.25,4.39,158784415,684268716.0,0.898825,1.152067
2019-02-25,4.46,4.78,4.46,4.78,354506048,1638603738.0,2.00674,8.883835
2019-02-26,4.84,5.16,4.68,4.92,438482992,2139336884.0,2.482105,2.928867
2019-02-27,4.85,4.98,4.7,4.8,277150672,1348039738.0,1.568857,-2.439022
2019-02-28,4.8,4.85,4.72,4.76,137879991,658917380.0,0.780492,-0.833333
2019-03-01,4.81,4.84,4.69,4.79,145232148,691348253.0,0.82211,0.630247
2019-03-04,4.8,4.93,4.78,4.83,254063014,1233831878.0,1.438165,0.835072
2019-03-05,4.79,4.88,4.73,4.88,201652451,970100062.0,1.141487,1.035201
2019-03-06,4.88,5.13,4.88,5.07,386597472,1936281310.0,2.188398,3.893444
2019-03-07,5.04,5.34,4.96,5.15,366359584,1886848159.0,2.073838,1.577908
2019-03-08,5.04,5.04,4.7,4.76,292707248,1434626295.0,1.656917,-7.572813
2019-03-11,4.76,4.86,4.69,4.85,174785484,837404003.0,0.989402,1.890749
2019-03-12,4.86,4.95,4.76,4.85,208292278,1013753006.0,1.179073,0.0
2019-03-13,4.84,4.92,4.75,4.83,191337527,925776520.0,1.083097,-0.412371
2019-03-14,4.8,4.92,4.7,4.75,177561635,854083474.0,1.005117,-1.656313
2019-03-15,4.84,4.87,4.73,4.76,145806435,699444784.0,0.825361,0.210531
2019-03-18,4.77,4.95,4.77,4.95,233022428,1135576114.0,1.319062,3.991587
2019-03-19,4.92,4.97,4.87,4.93,165426165,811894877.0,0.936422,-0.40404
2019-03-20,4.97,4.98,4.81,4.88,161448497,790055942.0,0.913906,-1.014193
2019-03-21,4.88,4.94,4.85,4.87,180005419,880591054.0,1.01895,-0.204923
2019-03-22,4.85,4.87,4.72,4.78,179598592,857886903.0,1.016647,-1.848043
2019-03-25,4.67,4.7,4.61,4.61,179381091,834560911.0,1.015416,-3.556487
2019-03-26,4.62,4.67,4.48,4.51,135396749,619130660.0,0.766435,-2.169195
2019-03-27,4.53,4.56,4.43,4.48,91420322,409332614.0,0.5175,-0.665193
2019-03-28,4.48,4.6,4.43,4.53,104921855,473691223.0,0.593927,1.116076
2019-03-29,4.55,4.66,4.48,4.66,146238673,670800225.0,0.827808,2.869749
2019-04-01,4.69,5.03,4.69,4.95,351861168,1720709832.0,1.991768,6.223176
2019-04-02,5.0,5.15,4.88,5.03,355946592,1773494512.0,2.014894,1.61617
2019-04-03,4.98,5.05,4.91,5.01,220552843,1101627380.0,1.248476,-0.397614
2019-04-04,5.05,5.18,5.01,5.07,272054592,1383977398.0,1.54001,1.197604
2019-04-08,5.18,5.22,5.03,5.09,296337232,1514521166.0,1.677465,0.394477
2019-04-09,5.07,5.07,4.89,4.96,219986013,1090173208.0,1.245267,-2.55403
2019-04-10,4.91,4.98,4.88,4.95,124615162,614030213.0,0.705405,-0.201618
2019-04-11,4.94,5.06,4.88,4.89,167308188,830149533.0,0.947075,-1.21212
2019-04-12,4.85,4.91,4.8,4.85,102494731,496236183.0,0.580188,-0.817995
2019-04-15,4.94,4.97,4.84,4.85,117507146,577275232.0,0.665168,0.0
2019-04-16,4.81,4.96,4.76,4.96,174453714,854890697.0,0.987524,2.268044
2019-04-17,4.96,4.96,4.89,4.91,127998457,629990208.0,0.724556,-1.008068
2019-04-18,4.91,4.94,4.81,4.82,124621937,605618237.0,0.705443,-1.832987
2019-04-19,4.79,4.85,4.77,4.85,90211707,434151864.0,0.510658,0.622401
2019-04-22,4.78,4.78,4.61,4.62,221119615,1030887488.0,1.251684,-4.742269
2019-04-23,4.62,4.64,4.51,4.55,126297065,574321210.0,0.714925,-1.515145
2019-04-24,4.56,4.61,4.51,4.6,84582047,385816771.0,0.478791,1.098895
2019-04-25,4.59,4.6,4.45,4.45,101290952,457258137.0,0.573374,-3.260872
2019-04-26,4.42,4.45,4.37,4.37,77328716,340870074.0,0.437732,-1.797751
2019-04-29,4.37,4.4,4.12,4.17,117547504,497270500.0,0.665397,-4.576655
2019-04-30,4.15,4.25,4.12,4.21,69401815,291769895.0,0.39286,0.959232
2019-05-06,4.09,4.11,3.8,3.91,130374528,518945054.0,0.738006,-7.125889
2019-05-07,3.95,4.01,3.9,3.97,77051549,305448553.0,0.436163,1.534525
2019-05-08,3.88,4.02,3.85,3.97,71282299,281633251.0,0.403505,0.0
2019-05-09,3.93,4.0,3.9,3.93,58566632,230781016.0,0.331526,-1.007556
2019-05-10,3.95,4.02,3.88,4.0,90140187,358656434.0,0.510253,1.781169
2019-05-13,3.97,3.99,3.91,3.91,54647523,215954977.0,0.309341,-2.249998
2019-05-14,3.87,3.95,3.85,3.89,50340123,196745220.0,0.284959,-0.511509
2019-05-15,3.92,3.95,3.91,3.93,52626222,206993867.0,0.297899,1.028277
2019-05-16,3.94,4.07,3.93,4.05,124067242,499842141.0,0.702303,3.053438
2019-05-17,4.06,4.07,3.9,3.92,86683571,343270458.0,0.490687,-3.209879
2019-05-20,3.9,3.94,3.82,3.94,59817155,232456335.0,0.338605,0.510204
2019-05-21,3.94,4.08,3.91,4.06,102277225,411491279.0,0.578957,3.045682
2019-05-22,4.05,4.07,3.97,4.01,76088978,305276521.0,0.430714,-1.23152
2019-05-23,4.0,4.0,3.91,3.92,54216200,213479945.0,0.3069,-2.244393
2019-05-24,3.9,3.95,3.87,3.88,52305840,204042730.0,0.296086,-1.020407
2019-05-27,3.89,3.96,3.88,3.94,50955733,200035508.0,0.288443,1.54639
2019-05-28,3.93,3.96,3.89,3.95,73498380,289144260.0,0.41605,0.253807
2019-05-29,3.93,4.03,3.91,4.0,91139487,362702548.0,0.51591,1.265822
2019-05-30,3.97,4.1,3.92,4.1,165176282,667870843.0,0.935007,2.499998
2019-05-31,4.09,4.12,4.03,4.03,108798257,443204174.0,0.61587,-1.70731
2019-06-03,4.04,4.06,3.97,3.98,64940708,260223134.0,0.367608,-1.240699
2019-06-04,3.96,4.01,3.88,3.9,64334725,252310891.0,0.364177,-2.010048
2019-06-05,3.93,3.96,3.9,3.91,41771008,163971334.0,0.236452,0.25641
2019-06-06,3.91,3.92,3.86,3.86,44753160,173858232.0,0.253333,-1.278777
2019-06-10,3.89,3.93,3.86,3.91,46563706,181486222.0,0.263581,1.295342
2019-06-11,3.91,4.04,3.89,4.04,102993527,410752626.0,0.583012,3.324805
2019-06-12,4.05,4.14,4.02,4.06,131734478,538234187.0,0.745705,0.495049
2019-06-13,4.03,4.05,3.98,4.05,68776701,276603691.0,0.389322,-0.246299
2019-06-14,4.05,4.11,4.0,4.02,77518131,314054230.0,0.438804,-0.740746
2019-06-17,3.99,4.07,3.98,4.02,47674756,191842390.0,0.269871,0.0
2019-06-18,4.0,4.02,3.92,3.96,63115916,249724647.0,0.357278,-1.492536
2019-06-19,4.02,4.05,3.99,4.0,58394493,234222899.0,0.330552,1.0101
2019-06-20,4.02,4.07,3.98,4.06,95548782,385405089.0,0.54087,1.499999
2019-06-21,4.05,4.15,4.04,4.11,141210386,579826341.0,0.799345,1.231532
2019-06-24,4.12,4.21,4.09,4.16,124122826,514578824.0,0.702618,1.216538
2019-06-25,4.15,4.2,4.07,4.16,123435661,511675163.0,0.698728,0.0
2019-06-26,4.12,4.14,4.08,4.08,69344856,284602550.0,0.392538,-1.923075
2019-06-27,4.09,4.12,4.08,4.1,56397592,231421909.0,0.319248,0.490196
2019-06-28,4.0,4.01,3.95,3.96,55249241,219871800.0,0.312747,-0.751879
2019-07-01,4.01,4.03,4.0,4.03,78566384,315761474.0,0.444738,1.767681
2019-07-02,4.03,4.14,3.99,4.11,136195096,554303045.0,0.770955,1.98511
2019-07-03,4.1,4.1,4.03,4.03,89710522,363588850.0,0.507821,-1.94647
2019-07-04,4.04,4.06,4.01,4.02,55184713,222599835.0,0.312382,-0.248145
2019-07-05,4.02,4.03,3.99,4.01,31510575,126263584.0,0.178371,-0.24875
2019-07-08,3.99,4.0,3.88,3.89,70289461,275623211.0,0.397885,-2.992522
2019-07-09,3.89,3.91,3.86,3.9,39744204,154274538.0,0.224979,0.257069
2019-07-10,3.91,3.92,3.85,3.86,30727511,118975731.0,0.173938,-1.025646
2019-07-11,3.88,3.92,3.84,3.86,37788078,146632872.0,0.213906,0.0
2019-07-12,3.87,3.88,3.84,3.85,34898037,134527614.0,0.197546,-0.259067
2019-07-15,3.85,3.89,3.79,3.86,51106905,196317526.0,0.289299,0.25974
2019-07-16,3.86,3.9,3.85,3.87,35458384,137325659.0,0.200718,0.259067
2019-07-17,3.87,3.88,3.85,3.85,32267022,124620857.0,0.182653,-0.516795
2019-07-18,3.86,3.88,3.83,3.83,43997730,169618191.0,0.249056,-0.51948
2019-07-19,3.85,3.91,3.84,3.88,50853678,197308738.0,0.287866,1.305488
2019-07-22,3.86,3.87,3.74,3.75,60488848,228553933.0,0.342407,-3.350518
2019-07-23,3.76,3.78,3.75,3.78,25370136,95610169.0,0.143612,0.799999
2019-07-24,3.8,3.82,3.71,3.74,138345432,519505229.0,0.783127,-1.0582
2019-07-25,3.72,3.73,3.62,3.63,152190882,555173463.0,0.861501,-2.941174
2019-07-26,3.65,3.66,3.54,3.61,167615759,603506538.0,0.9488,-0.551
2019-07-29,3.59,3.59,3.51,3.54,150395573,532644670.0,0.851339,-1.939056
2019-07-30,3.53,3.57,3.52,3.54,92283167,327490908.0,0.5224,0.0
2019-07-31,3.53,3.66,3.47,3.62,180912223,641787180.0,1.0241,2.2599
2019-08-01,3.61,3.75,3.58,3.72,277637184,1025239407.0,1.5716,2.7624
2019-08-02,3.63,3.7,3.61,3.65,133737499,489157070.0,0.757,-1.8817
2019-08-05,3.63,3.64,3.54,3.56,130451000,469494687.0,0.7384,-2.4658
2019-08-06,3.46,3.51,3.36,3.39,162466240,556045415.0,0.9197,-4.7753
2019-08-07,3.65,3.73,3.65,3.73,290855712,1082540828.0,1.6464,10.0295
2019-08-08,3.87,4.02,3.72,3.74,590644016,2290013621.0,3.3434,0.2681
2019-08-09,3.76,3.88,3.67,3.84,320418016,1213129648.0,1.8138,2.6738
2019-08-12,3.76,3.79,3.68,3.72,173800902,647462192.0,0.9838,-3.125
2019-08-13,3.7,3.81,3.68,3.75,165592219,620802464.0,0.9374,0.8065
2019-08-14,3.78,3.9,3.71,3.85,257907254,987070757.0,1.4599,2.6667
2019-08-15,3.75,3.84,3.73,3.78,148549386,560905744.0,0.8409,-1.8182
2019-08-16,3.78,3.79,3.73,3.73,102465233,384390384.0,0.58,-1.3228
2019-08-19,3.74,3.77,3.69,3.76,119727565,447177325.0,0.6777,0.8043
2019-08-20,3.74,3.82,3.72,3.76,129322684,487222132.0,0.7321,0.0
2019-08-21,3.74,3.74,3.65,3.66,144446814,532594039.0,0.8177,-2.6596
2019-08-22,3.67,3.68,3.6,3.66,98612088,358880569.0,0.5582,0.0
2019-08-23,3.66,3.67,3.57,3.58,98830874,356399637.0,0.5594,-2.1858
2019-08-26,3.52,3.65,3.5,3.6,103847613,371647590.0,0.5878,0.5587
2019-08-27,3.6,3.67,3.59,3.67,100046667,363499288.0,0.5663,1.9444
2019-08-28,3.63,3.68,3.61,3.61,60713976,220211907.0,0.3437,-1.6349
2019-08-29,3.64,3.64,3.58,3.58,48421915,174331531.0,0.2741,-0.831
2019-08-30,3.6,3.63,3.56,3.59,69358094,249446566.0,0.3926,0.2793
2019-09-02,3.64,3.66,3.62,3.63,69422628,252486025.0,0.393,1.1142
2019-09-03,3.64,3.73,3.61,3.71,146905502,540966526.0,0.8316,2.2039
2019-09-04,3.69,3.72,3.66,3.7,87879847,324158004.0,0.4975,-0.2695
2019-09-05,3.71,3.77,3.71,3.72,155040554,578983577.0,0.8776,0.5405
2019-09-06,3.74,3.74,3.67,3.7,94988478,351029572.0,0.5377,-0.5376
2019-09-09,3.71,3.74,3.68,3.74,133658031,496091601.0,0.7566,1.0811
2019-09-10,3.73,3.87,3.72,3.77,204188961,776909481.0,1.1558,0.8021
2019-09-11,3.78,3.81,3.75,3.77,100595886,380098957.0,0.5694,0.0
2019-09-12,3.79,3.82,3.73,3.78,102098123,384670036.0,0.5779,0.2653
2019-09-16,3.87,3.89,3.81,3.83,153768809,590479162.0,0.8704,1.3228
2019-09-17,3.81,3.82,3.72,3.72,103181084,387822288.0,0.5841,-2.8721
2019-09-18,3.72,3.75,3.71,3.72,56870104,212170447.0,0.3219,0.0
2019-09-19,3.74,3.76,3.71,3.73,64825273,241894510.0,0.367,0.2688
2019-09-20,3.74,3.74,3.7,3.73,58640180,218110292.0,0.3319,0.0
2019-09-23,3.72,3.72,3.66,3.67,51365927,188935490.0,0.2908,-1.6086
2019-09-24,3.67,3.73,3.64,3.69,82391851,303506595.0,0.4664,0.545
2019-09-25,3.67,3.83,3.64,3.77,161841820,605192797.0,0.9161,2.168
2019-09-26,3.75,3.8,3.67,3.68,109480766,407743144.0,0.6197,-2.3873
2019-09-27,3.68,3.72,3.66,3.67,63529062,234099920.0,0.3596,-0.2717
2019-09-30,3.67,3.68,3.61,3.64,50825488,185646635.0,0.2877,-0.8174
2019-10-08,3.62,3.65,3.59,3.61,46442718,168229690.0,0.2629,-0.8242
2019-10-09,3.59,3.63,3.58,3.62,35253695,127265181.0,0.1996,0.277
2019-10-10,3.62,3.63,3.59,3.61,49222720,177592950.0,0.2786,-0.2762
2019-10-11,3.61,3.64,3.58,3.62,53058160,191500005.0,0.3003,0.277
2019-10-14,3.65,3.68,3.63,3.65,53775634,196564674.0,0.3044,0.8287
2019-10-15,3.66,3.66,3.59,3.6,49890763,180279747.0,0.2824,-1.3699
2019-10-16,3.6,3.61,3.56,3.56,36934495,132382459.0,0.2091,-1.1111
2019-10-17,3.55,3.57,3.54,3.56,32053225,113910890.0,0.1814,0.0
2019-10-18,3.56,3.57,3.5,3.5,43602083,153603060.0,0.2468,-1.6854
2019-10-21,3.48,3.49,3.44,3.46,37616512,129941619.0,0.2129,-1.1429
2019-10-22,3.47,3.49,3.45,3.47,33697779,116856487.0,0.1908,0.289
2019-10-23,3.48,3.48,3.44,3.45,27464836,94874377.0,0.1555,-0.5764
2019-10-24,3.45,3.47,3.44,3.46,36479528,126203361.0,0.2065,0.2899
2019-10-25,3.46,3.47,3.43,3.47,30492772,105242876.0,0.1726,0.289
2019-10-28,3.46,3.52,3.45,3.49,57675124,201313573.0,0.3265,0.5764
2019-10-29,3.49,3.49,3.44,3.44,36779106,127268989.0,0.2082,-1.4327
2019-10-30,3.41,3.44,3.39,3.4,38947726,132813311.0,0.2205,-1.1628
2019-10-31,3.41,3.43,3.38,3.4,33556965,114159238.0,0.19,0.0
2019-11-01,3.4,3.42,3.38,3.42,38371150,130599220.0,0.2172,0.5882
2019-11-04,3.42,3.47,3.41,3.45,53709878,184831080.0,0.304,0.8772
2019-11-05,3.46,3.6,3.43,3.54,104488256,366983923.0,0.5915,2.6087
2019-11-06,3.52,3.57,3.5,3.53,66343183,234538552.0,0.3755,-0.2825
2019-11-07,3.51,3.53,3.48,3.49,34294264,120114573.0,0.1941,-1.1331
2019-11-08,3.51,3.53,3.47,3.47,34486824,120500358.0,0.1952,-0.5731
2019-11-11,3.48,3.48,3.39,3.4,42211188,144381607.0,0.2389,-2.0173
2019-11-12,3.39,3.41,3.38,3.4,24917712,84618574.0,0.1411,0.0
2019-11-13,3.4,3.41,3.38,3.4,25892671,87947201.0,0.1466,0.0
2019-11-14,3.4,3.41,3.38,3.39,24191024,82018736.0,0.1369,-0.2941
2019-11-15,3.39,3.4,3.37,3.37,33794441,114447182.0,0.1913,-0.59
2019-11-18,3.37,3.39,3.36,3.38,28294095,95563283.0,0.1602,0.2967
2019-11-19,3.38,3.46,3.37,3.46,63700279,218861971.0,0.3606,2.3669
2019-11-20,3.45,3.49,3.42,3.44,45585415,157243041.0,0.258,-0.578
2019-11-21,3.43,3.44,3.4,3.41,28093366,95926385.0,0.159,-0.8721
2019-11-22,3.43,3.49,3.41,3.43,63789604,219972575.0,0.3611,0.5865
2019-11-25,3.43,3.56,3.42,3.55,132952500,466323261.0,0.7526,3.4985
2019-11-26,3.54,3.54,3.48,3.48,97438294,341114522.0,0.5516,-1.9718
2019-11-27,3.5,3.68,3.5,3.63,208253854,749891148.0,1.1789,4.3103
2019-11-28,3.6,3.65,3.57,3.58,106140917,383156068.0,0.6008,-1.3774
2019-11-29,3.58,3.61,3.53,3.56,54359035,194071978.0,0.3077,-0.5587
2019-12-02,3.55,3.57,3.48,3.5,78678517,276852697.0,0.4454,-1.6854
2019-12-03,3.48,3.53,3.47,3.51,47304574,165461738.0,0.2678,0.2857
2019-12-04,3.49,3.64,3.48,3.61,137661706,495730591.0,0.7793,2.849
2019-12-05,3.63,3.65,3.59,3.62,90908088,329040886.0,0.5146,0.277
2019-12-06,3.63,3.82,3.62,3.74,259087362,972089255.0,1.4666,3.3149
2019-12-09,3.77,3.79,3.72,3.74,102410029,384554650.0,0.5797,0.0
2019-12-10,3.74,3.8,3.72,3.76,99581540,374517425.0,0.5637,0.5348
2019-12-11,3.79,3.79,3.69,3.71,84323630,313545414.0,0.4773,-1.3298
2019-12-12,3.71,3.74,3.67,3.68,54825613,203172267.0,0.3103,-0.8086
2019-12-13,3.72,3.76,3.71,3.76,92943905,347504066.0,0.5261,2.1739
2019-12-16,3.78,3.79,3.72,3.76,71534777,267563821.0,0.4049,0.0
2019-12-17,3.78,3.88,3.76,3.82,180677063,693055038.0,1.0228,1.5957
2019-12-18,3.81,3.84,3.78,3.81,87573521,332882917.0,0.4957,-0.2618
2019-12-19,3.8,3.84,3.79,3.8,70151704,267146236.0,0.3971,-0.2625
2019-12-20,3.82,3.83,3.72,3.73,61505400,231989283.0,0.3482,-1.8421
2019-12-23,3.73,3.82,3.71,3.73,91051901,343353996.0,0.5154,0.0
2019-12-24,3.74,4.1,3.73,4.1,472942880,1881595486.0,2.6772,9.9196
2019-12-25,4.07,4.25,4.02,4.2,372875152,1547264784.0,2.1107,2.439
2019-12-26,4.2,4.23,4.08,4.16,196875066,815706143.0,1.1144,-0.9524
2019-12-27,4.18,4.53,4.14,4.33,426153968,1860573279.0,2.4123,4.0865
2019-12-30,4.35,4.5,4.3,4.38,285026192,1246707499.0,1.6134,1.1547
2019-12-31,4.34,4.43,4.27,4.36,204691223,887192407.0,1.1587,-0.4566
2020-01-02,4.39,4.45,4.31,4.37,244963122,1071796840.0,1.3867,0.2294
2020-01-03,4.42,4.57,4.32,4.48,311321312,1390300828.0,1.7623,2.5172
2020-01-06,4.46,4.65,4.44,4.49,330688304,1498800734.0,1.8719,0.2232
2020-01-07,4.45,4.49,4.37,4.42,183433059,809702807.0,1.0384,-1.559
2020-01-08,4.42,4.51,4.38,4.46,215318838,958139713.0,1.2188,0.905
2020-01-09,4.5,4.56,4.38,4.42,193060575,859266159.0,1.0929,-0.8969
2020-01-10,4.43,4.43,4.24,4.38,290615856,1259979507.0,1.6451,-0.905
2020-01-13,4.36,4.44,4.31,4.39,125401869,547547414.0,0.7099,0.2283
2020-01-14,4.45,4.83,4.42,4.71,462290816,2155462681.0,2.6169,7.2893
2020-01-15,4.67,4.74,4.53,4.56,301923376,1396000863.0,1.7091,-3.1847
2020-01-16,4.58,4.62,4.46,4.49,134602458,609638805.0,0.7619,-1.5351
2020-01-17,4.49,4.51,4.35,4.42,140555417,620242177.0,0.7956,-1.559
2020-01-20,4.41,4.42,4.31,4.38,141883754,619708973.0,0.8032,-0.905
2020-01-21,4.36,4.36,4.2,4.2,135223682,576365367.0,0.7655,-4.1096
2020-01-22,4.19,4.37,4.14,4.33,158685682,678731242.0,0.8983,3.0952
2020-01-23,4.23,4.38,4.06,4.12,182479649,768748635.0,1.033,-4.8499
2020-02-03,3.71,3.71,3.71,3.71,51791000,192144610.0,0.2932,-9.9515
2020-02-04,3.56,3.86,3.56,3.78,237353075,891719453.0,1.3436,1.8868
2020-02-05,3.86,4.15,3.8,3.97,273335792,1092496459.0,1.5473,5.0265
2020-02-06,3.9,3.99,3.83,3.97,241527981,943990955.0,1.3672,0.0
2020-02-07,3.92,3.93,3.82,3.88,143642880,556342123.0,0.8131,-2.267
2020-02-10,3.83,4.12,3.81,4.08,258733234,1029020067.0,1.4646,5.1546
2020-02-11,4.1,4.34,4.02,4.28,380750752,1590265974.0,2.1553,4.902
2020-02-12,4.22,4.71,4.18,4.71,463259552,2110681719.0,2.6224,10.0467
2020-02-13,4.92,5.18,4.72,5.02,786509984,3900679451.0,4.4522,6.5817
2020-02-14,5.11,5.52,5.05,5.42,826779440,4452099298.0,4.6801,7.9681
2020-02-17,5.31,5.43,5.24,5.4,530717456,2830266440.0,3.0042,-0.369
2020-02-18,5.33,5.42,5.17,5.25,487248480,2564927308.0,2.7581,-2.7778
2020-02-19,4.9,4.93,4.73,4.73,748946528,3572678390.0,4.2395,-9.9048
2020-02-20,4.78,4.82,4.59,4.68,460436400,2154369120.0,2.6064,-1.0571
2020-02-21,4.63,4.73,4.53,4.6,428622816,1981629932.0,2.4263,-1.7094
2020-02-24,4.53,4.54,4.26,4.41,462607552,2020436420.0,2.6187,-4.1304
2020-02-25,4.33,4.62,4.29,4.6,552691296,2475048056.0,3.1286,4.3084
2020-02-26,4.5,4.54,4.35,4.38,356247696,1575858437.0,2.0166,-4.7826
2020-02-27,4.4,4.47,4.32,4.38,212186408,932824176.0,1.2011,0.0
2020-02-28,4.23,4.31,4.04,4.07,292972928,1220531177.0,1.6584,-7.0776
2020-03-02,4.12,4.26,4.08,4.22,195945122,820265328.0,1.1092,3.6855
2020-03-03,4.26,4.41,4.23,4.27,275401808,1193197790.0,1.559,1.1848
2020-03-04,4.3,4.35,4.16,4.29,243199603,1035374170.0,1.3767,0.4684
2020-03-05,4.31,4.33,4.23,4.32,212743952,911797684.0,1.2043,0.6993
2020-03-06,4.26,4.42,4.23,4.33,310088256,1347427469.0,1.7553,0.2315
2020-03-09,4.36,4.39,4.14,4.17,260910002,1110661693.0,1.4769,-3.6951
2020-03-10,4.07,4.24,4.0,4.22,237156126,978358368.0,1.3425,1.199
2020-03-11,4.23,4.23,4.08,4.08,178124621,738453633.0,1.0083,-3.3175
2020-03-12,4.01,4.06,3.9,3.93,182786989,724205177.0,1.0347,-3.6765
2020-03-13,3.69,3.89,3.64,3.85,189694733,715434521.0,1.0738,-2.0356
2020-03-16,3.87,3.88,3.67,3.69,154480357,582710013.0,0.8745,-4.1558
2020-03-17,3.7,3.78,3.59,3.75,146541806,540991539.0,0.8295,1.626
2020-03-18,3.76,3.81,3.6,3.6,177738499,661054524.0,1.0061,-4.0
2020-03-19,3.59,3.64,3.49,3.56,164016946,583760687.0,0.9284,-1.1111
2020-03-20,3.61,3.63,3.51,3.58,108778897,388221920.0,0.6158,0.5618
2020-03-23,3.47,3.5,3.39,3.41,131989249,454823473.0,0.7471,-4.7486
2020-03-24,3.48,3.56,3.46,3.53,154611006,542287412.0,0.8752,3.5191
2020-03-25,3.62,3.64,3.56,3.6,140445916,506197323.0,0.795,1.983
2020-03-26,3.58,3.58,3.51,3.51,109077106,386483998.0,0.6174,-2.5
2020-03-27,3.55,3.56,3.46,3.47,101881471,355997358.0,0.5767,-1.1396
2020-03-30,3.41,3.46,3.38,3.43,100226007,341480200.0,0.5673,-1.1527
2020-03-31,3.46,3.49,3.39,3.47,124802052,429741769.0,0.7065,1.1662
2020-04-01,3.44,3.63,3.44,3.55,182911996,651650415.0,1.0354,2.3055
2020-04-02,3.52,3.6,3.51,3.6,113317648,403369391.0,0.6415,1.4084
2020-04-03,3.58,3.62,3.51,3.53,92618583,329663634.0,0.5243,-1.9444
2020-04-07,3.59,3.65,3.55,3.63,139206340,501317482.0,0.788,2.8329
2020-04-08,3.6,3.72,3.56,3.64,165131419,599929854.0,0.9348,0.2755
2020-04-09,3.69,3.69,3.61,3.63,94366530,343253943.0,0.5342,-0.2747
2020-04-10,3.63,3.64,3.52,3.53,94070852,336483026.0,0.5325,-2.7548
2020-04-13,3.5,3.51,3.47,3.49,50115278,174985144.0,0.2837,-1.1331
2020-04-14,3.51,3.63,3.5,3.63,134959480,483631826.0,0.764,4.0115
2020-04-15,3.62,3.62,3.56,3.57,92786917,333072368.0,0.5252,-1.6529
2020-04-16,3.54,3.59,3.53,3.55,80366577,285569313.0,0.4549,-0.5602
2020-04-17,3.57,3.62,3.55,3.57,99081905,355137736.0,0.5609,0.5634
2020-04-20,3.57,3.58,3.51,3.53,79918257,282180218.0,0.4524,-1.1204
2020-04-21,3.51,3.52,3.45,3.46,97790895,339548956.0,0.5536,-1.983
2020-04-22,3.44,3.5,3.42,3.48,59096850,205015126.0,0.3345,0.578
2020-04-23,3.5,3.52,3.45,3.47,66619692,231607839.0,0.3771,-0.2874
2020-04-24,3.46,3.49,3.42,3.43,65422696,225550672.0,0.3703,-1.1527
2020-04-27,3.43,3.48,3.4,3.42,58697892,201886150.0,0.3323,-0.2915
2020-04-28,3.42,3.43,3.27,3.35,85823538,287650672.0,0.4858,-2.0468
2020-04-29,3.34,3.37,3.32,3.35,46749107,156758957.0,0.2646,0.0
2020-04-30,3.4,3.49,3.4,3.48,101720144,351950651.0,0.5758,3.8806
2020-05-06,3.51,3.68,3.51,3.65,238465485,861275336.0,1.3499,4.8851
2020-05-07,3.61,3.68,3.6,3.61,145649034,529543462.0,0.8245,-1.0959
2020-05-08,3.65,3.7,3.59,3.65,137349400,500275325.0,0.7775,1.108
2020-05-11,3.65,3.66,3.57,3.58,105316531,380133894.0,0.5962,-1.9178
2020-05-12,3.55,3.58,3.49,3.54,77363494,273131825.0,0.4379,-1.1173
2020-05-13,3.52,3.6,3.5,3.55,81104798,288935210.0,0.4591,0.2825
2020-05-14,3.54,3.55,3.47,3.47,84517646,296026614.0,0.4784,-2.2535
2020-05-15,3.5,3.52,3.46,3.48,61182513,213789838.0,0.3463,0.2882
2020-05-18,3.5,3.59,3.45,3.56,111959939,397584632.0,0.6338,2.2988
2020-05-19,3.58,3.59,3.53,3.55,69548978,246783168.0,0.3937,-0.2809
2020-05-20,3.56,3.61,3.54,3.55,90415545,323085296.0,0.5118,0.0
2020-05-21,3.54,3.55,3.48,3.49,64922138,228160165.0,0.3675,-1.6901
2020-05-22,3.48,3.48,3.4,3.42,74194598,254923693.0,0.42,-2.0057
2020-05-25,3.42,3.45,3.35,3.37,92091129,311975371.0,0.5213,-1.462
2020-05-26,3.38,3.42,3.37,3.42,46440116,158029228.0,0.2629,1.4837
2020-05-27,3.41,3.42,3.37,3.38,44730118,151619760.0,0.2532,-1.1696
2020-05-28,3.39,3.44,3.38,3.43,66342460,226555354.0,0.3755,1.4793
2020-05-29,3.41,3.47,3.39,3.42,69581640,239482268.0,0.3939,-0.2915
2020-06-01,3.45,3.54,3.43,3.54,110038742,384270008.0,0.6229,3.5088
2020-06-02,3.54,3.56,3.5,3.52,93034781,327545214.0,0.5266,-0.565
2020-06-03,3.53,3.54,3.49,3.5,73879559,259533486.0,0.4182,-0.5682
2020-06-04,3.52,3.71,3.49,3.68,319555840,1157819472.0,1.8089,5.1429
2020-06-05,3.66,3.67,3.58,3.61,138938015,501132152.0,0.7865,-1.9022
2020-06-08,3.63,3.78,3.61,3.71,238306331,885367047.0,1.349,2.7701
2020-06-09,3.72,3.77,3.67,3.72,131064568,486846508.0,0.7419,0.2695
2020-06-10,3.7,3.72,3.61,3.62,103643700,376584072.0,0.5867,-2.6882
2020-06-11,3.65,3.71,3.59,3.61,109271476,398282711.0,0.6185,-0.2762
2020-06-12,3.53,3.59,3.51,3.57,90544037,321530740.0,0.5125,-1.108
2020-06-15,3.57,3.59,3.5,3.52,90320551,319630857.0,0.5113,-1.4006
2020-06-16,3.57,3.86,3.54,3.77,374236176,1394176728.0,2.1184,7.1023
2020-06-17,3.79,3.91,3.75,3.78,294955712,1125662295.0,1.6696,0.2653
2020-06-18,3.78,3.86,3.73,3.78,172187994,653807776.0,0.9747,0.0
2020-06-19,3.8,3.85,3.76,3.79,190258081,723141997.0,1.077,0.2646
2020-06-22,3.8,3.86,3.75,3.78,169741671,646377779.0,0.9609,-0.2639
2020-06-23,3.78,3.8,3.71,3.74,127103765,474962622.0,0.7195,-1.0582
2020-06-24,3.72,3.75,3.68,3.7,114730302,424637550.0,0.6494,-1.0695
2020-06-29,3.69,3.73,3.63,3.66,99098198,364253792.0,0.561,-1.0811
2020-06-30,3.63,3.71,3.62,3.67,87662681,322179768.0,0.4962,1.3812
2020-07-01,3.68,3.78,3.67,3.75,153872934,574934976.0,0.871,2.1798
2020-07-02,3.75,3.88,3.72,3.87,272731856,1039528596.0,1.5438,3.2
2020-07-03,3.92,4.25,3.91,4.07,404761296,1649249565.0,2.2912,5.168
2020-07-06,4.14,4.36,4.11,4.35,464360672,1984662239.0,2.6286,6.8796
2020-07-07,4.43,4.53,4.25,4.31,440633472,1930888331.0,2.4943,-0.9195
2020-07-08,4.3,4.48,4.23,4.44,423178752,1857096912.0,2.3955,3.0162
2020-07-09,4.45,4.55,4.4,4.52,359075328,1611172339.0,2.0326,1.8018
2020-07-10,4.45,4.48,4.28,4.29,325205632,1419964072.0,1.8409,-5.0885
2020-07-13,4.4,4.72,4.39,4.72,464425056,2135204544.0,2.629,10.0233
2020-07-14,4.72,4.85,4.58,4.7,562909152,2651308588.0,3.1864,-0.4237
2020-07-15,4.78,4.82,4.33,4.41,445185504,1996369247.0,2.52,-6.1702
2020-07-16,4.41,4.47,4.11,4.13,318503280,1363080906.0,1.8029,-6.3492
2020-07-17,4.12,4.2,4.05,4.12,203910257,840560445.0,1.1543,-0.2421
2020-07-20,4.18,4.52,4.15,4.5,347718336,1518844728.0,1.9683,9.2233
2020-07-21,4.58,4.6,4.4,4.46,216410104,969909943.83,1.225,-0.8889
2020-07-22,4.6,4.66,4.42,4.44,273214112,1229116338.27,1.5466,-0.4484
2020-07-23,4.39,4.53,4.35,4.44,232796310,1031091650.84,1.3178,0.0
2020-07-24,4.42,4.42,4.18,4.22,252068499,1084154894.43,1.4269,-4.955
2020-07-27,4.23,4.47,4.22,4.39,292244528,1274578115.35,1.6543,4.0284
2020-07-28,4.55,4.73,4.46,4.53,467831200,2147465485.49,2.6482,3.1891
2020-07-29,4.54,4.57,4.43,4.55,269480672,1212561446.32,1.5254,0.4415
2020-07-30,4.63,4.65,4.46,4.47,279772144,1263705549.43,1.5837,-1.7582
2020-07-31,4.36,4.45,4.31,4.4,283442160,1239882016.68,1.6045,-1.566
2020-08-03,4.43,4.55,4.36,4.54,308380832,1374993729.36,1.7456,3.1818
2020-08-04,4.69,4.8,4.59,4.68,499893120,2347753082.55,2.8297,3.0837
2020-08-05,4.65,4.9,4.53,4.85,596902816,2830076886.13,3.3789,3.6325
2020-08-06,4.87,5.01,4.78,4.92,563305728,2767941415.07,3.1887,1.4433
2020-08-07,4.9,4.91,4.7,4.76,373858976,1796357093.84,2.1163,-3.252
2020-08-10,4.65,4.66,4.51,4.57,365177504,1665840550.02,2.0671,-3.9916
2020-08-11,4.55,4.61,4.4,4.43,245200680,1107700738.23,1.388,-3.0635
2020-08-12,4.35,4.41,4.2,4.38,265571129,1143767323.8,1.5033,-1.1287
2020-08-13,4.35,4.37,4.27,4.31,134245813,579640709.5,0.7599,-1.5982
2020-08-14,4.29,4.38,4.27,4.35,108339826,469106670.85,0.6133,0.9281
2020-08-17,4.36,4.48,4.32,4.47,209939292,925607520.53,1.1884,2.7586
2020-08-18,4.49,4.54,4.43,4.45,173756349,777191324.38,0.9836,-0.4474
2020-08-19,4.46,4.52,4.42,4.42,181649310,812548439.95,1.0283,-0.6742
2020-08-20,4.55,4.61,4.46,4.48,256828538,1160276190.49,1.4538,1.3575
2020-08-21,4.48,4.54,4.4,4.48,183995759,822343818.55,1.0415,0.0
2020-08-24,4.47,4.47,4.36,4.4,148099972,652681091.84,0.8383,-1.7857
2020-08-25,4.4,4.41,4.25,4.28,176097233,758884928.91,0.9968,-2.7273
2020-08-26,4.25,4.32,4.14,4.16,152010050,641581761.02,0.8605,-2.8037
2020-08-27,4.17,4.2,4.1,4.19,131321944,544686997.19,0.7434,0.7212
2020-08-28,4.17,4.23,4.13,4.23,141598024,590740900.32,0.8015,0.9547
2020-08-31,4.27,4.39,4.27,4.28,205394064,887259642.46,1.1627,1.182
2020-09-01,4.26,4.38,4.24,4.37,174369127,755196717.32,0.987,2.1028
2020-09-02,4.33,4.34,4.2,4.23,201796074,857670127.9,1.1423,-3.2037
2020-09-03,4.23,4.25,4.17,4.19,90031294,378294798.19,0.5096,-0.9456
2020-09-04,4.13,4.18,4.1,4.17,80120207,332821311.1,0.4535,-0.4773
2020-09-07,4.15,4.23,4.1,4.12,121487152,507384020.5,0.6877,-1.199
2020-09-08,4.12,4.14,4.01,4.1,137162609,559843775.0,0.7764,-0.4854
2020-09-09,4.04,4.07,4.0,4.02,114066851,460181403.03,0.6457,-1.9512
2020-09-10,4.07,4.1,4.0,4.01,108725566,439998502.69,0.6155,-0.2488
2020-09-11,4.0,4.03,3.93,3.98,107974298,429233795.18,0.6112,-0.7481
2020-09-14,3.98,4.08,3.98,4.03,89602159,361536964.77,0.5072,1.2563
2020-09-15,4.03,4.07,4.01,4.05,74422918,301390796.53,0.4213,0.4963
2020-09-16,4.05,4.07,3.99,4.04,83969601,338201543.73,0.4753,-0.2469
2020-09-17,4.02,4.04,3.97,3.99,93642872,374442855.44,0.5301,-1.2376
2020-09-18,4.0,4.12,3.99,4.11,148910625,604695391.22,0.8429,3.0075
2020-09-21,4.13,4.14,4.05,4.07,95195755,389756492.35,0.5389,-0.9732
2020-09-22,4.04,4.05,3.95,3.98,123253237,491992155.77,0.6977,-2.2113
2020-09-23,3.96,3.98,3.93,3.94,67792117,268028393.1,0.3837,-1.005
2020-09-24,3.91,3.91,3.8,3.81,112042048,429838890.62,0.6342,-3.2995
2020-09-25,3.83,3.84,3.72,3.76,96289811,362997999.89,0.5451,-1.3123
2020-09-28,3.77,3.79,3.71,3.72,62073451,232098882.14,0.3514,-1.0638
2020-09-29,3.75,3.78,3.74,3.75,60952767,229062084.23,0.345,0.8065
2020-09-30,3.76,3.76,3.68,3.72,80178907,298262635.59,0.4539,-0.8
2020-10-09,3.82,3.9,3.8,3.88,106809842,412090112.57,0.6046,4.3011
2020-10-12,3.92,3.97,3.89,3.96,105887844,416733726.45,0.5994,2.0619
2020-10-13,3.96,3.96,3.91,3.95,62161605,244432489.72,0.3519,-0.2525
2020-10-14,3.94,3.95,3.88,3.89,64120497,250227442.13,0.363,-1.519
2020-10-15,3.89,3.93,3.88,3.89,51657215,201539835.84,0.2924,0.0
2020-10-16,3.9,3.93,3.88,3.9,60356981,235544372.33,0.3417,0.2571
2020-10-19,3.9,3.96,3.89,3.91,55726357,218701629.75,0.3154,0.2564
2020-10-20,3.9,3.99,3.87,3.98,100614042,397065339.11,0.5695,1.7903
2020-10-21,3.98,4.02,3.93,3.96,68750652,272873090.57,0.3892,-0.5025
2020-10-22,3.93,3.95,3.89,3.94,48678351,190813072.81,0.2756,-0.5051
2020-10-23,3.94,3.96,3.91,3.92,44820027,176429043.73,0.2537,-0.5076
2020-10-26,3.92,3.93,3.86,3.89,51303149,199776003.71,0.2904,-0.7653
2020-10-27,3.85,3.95,3.85,3.94,61183337,239870251.87,0.3463,1.2853
2020-10-28,3.92,3.95,3.88,3.93,61669523,241290472.09,0.3491,-0.2538
2020-10-29,3.89,4.04,3.87,4.02,149969506,597224782.36,0.8489,2.2901
2020-10-30,3.99,4.01,3.94,3.95,138549987,551698240.41,0.7843,-1.7413
2020-11-02,3.94,4.05,3.93,4.03,116373616,466808506.92,0.6588,2.0253
2020-11-03,4.05,4.24,4.03,4.19,213149416,887046392.17,1.2066,3.9702
2020-11-04,4.17,4.17,4.08,4.14,131253709,541856906.93,0.743,-1.1933
2020-11-05,4.16,4.25,4.12,4.2,158363016,663037948.33,0.8964,1.4493
2020-11-06,4.21,4.31,4.18,4.24,169442491,718427210.2,0.9592,0.9524
2020-11-09,4.29,4.39,4.22,4.34,274218160,1180526959.36,1.5523,2.3585
2020-11-10,4.31,4.31,4.2,4.22,173239985,735581864.38,0.9807,-2.765
2020-11-11,4.22,4.27,4.19,4.2,115735688,489560733.46,0.6551,-0.4739
2020-11-12,4.18,4.28,4.15,4.22,116078681,490396839.51,0.6571,0.4762
2020-11-13,4.2,4.37,4.2,4.35,302105072,1303579606.19,1.7101,3.0806
2020-11-16,4.33,4.67,4.31,4.62,528576784,2398094923.64,2.9921,6.2069
2020-11-17,4.56,4.63,4.42,4.48,354016608,1604752509.84,2.004,-3.0303
2020-11-18,4.53,4.65,4.48,4.57,316477968,1447615406.19,1.7915,2.0089
2020-11-19,4.56,4.7,4.48,4.57,269152704,1232415729.5,1.5236,0.0
2020-11-20,4.52,4.75,4.47,4.73,369710912,1717275760.22,2.0928,3.5011
2020-11-23,4.79,4.93,4.72,4.8,458354144,2212903852.22,2.5946,1.4799
2020-11-24,4.74,4.88,4.68,4.86,324173568,1548341577.42,1.835,1.25
2020-11-25,4.86,4.89,4.63,4.63,283396144,1343165372.95,1.6042,-4.7325
2020-11-26,4.66,4.67,4.49,4.58,236370781,1075436298.35,1.338,-1.0799
2020-11-27,4.57,4.62,4.44,4.57,201528563,911334402.07,1.1408,-0.2183
2020-11-30,4.55,4.74,4.54,4.59,261423664,1214558766.2,1.4798,0.4376
2020-12-01,4.58,4.63,4.47,4.61,173089399,787394771.78,0.9798,0.4357
2020-12-02,4.61,4.73,4.59,4.65,207756349,967487695.46,1.176,0.8677
2020-12-03,4.6,4.63,4.52,4.53,138620896,630831631.16,0.7847,-2.5806
2020-12-04,4.5,4.67,4.48,4.66,180135124,828353287.86,1.0197,2.8698
2020-12-07,4.66,4.71,4.56,4.56,146738322,676204001.21,0.8306,-2.1459
2020-12-08,4.55,4.59,4.46,4.49,148945598,671753295.22,0.8431,-1.5351
2020-12-09,4.5,4.65,4.48,4.53,223256198,1022096212.03,1.2638,0.8909
2020-12-10,4.49,4.52,4.33,4.38,213863244,939199892.51,1.2106,-3.3113
2020-12-11,4.46,4.51,4.27,4.31,193071205,848995749.56,1.0929,-1.5982
2020-12-14,4.4,4.7,4.35,4.64,390056736,1784125640.05,2.208,7.6566
2020-12-15,4.65,4.72,4.56,4.72,283051472,1317961892.4,1.6023,1.7241
2020-12-16,4.68,4.76,4.63,4.65,182730980,853502346.01,1.0344,-1.4831
2020-12-17,4.63,5.12,4.61,5.12,799544768,3981704443.12,4.526,10.1075
2020-12-18,5.08,5.14,4.96,5.06,643031152,3243227884.65,3.64,-1.1719
2020-12-21,5.07,5.23,4.98,5.18,582047568,2976994245.97,3.2948,2.3715
2020-12-22,5.07,5.13,4.8,4.83,593703328,2945828468.97,3.3608,-6.7568
2020-12-23,4.82,5.02,4.8,4.88,368394144,1804987638.83,2.0854,1.0352
2020-12-24,4.88,4.95,4.8,4.92,235342062,1150965489.74,1.3322,0.8197
2020-12-25,4.87,5.41,4.82,5.41,762035904,4010641723.41,4.3136,9.9593
2020-12-28,5.55,5.95,5.53,5.95,933414544,5399408403.13,5.2837,9.9815
2020-12-29,6.15,6.18,5.55,5.71,848448384,4915907011.6,4.8028,-4.0336
2020-12-30,5.86,6.02,5.63,5.86,771099040,4518790628.3,4.3649,2.627
2020-12-31,5.83,6.38,5.81,6.25,735785552,4498855891.85,4.165,6.6553
2021-01-04,6.28,6.79,6.16,6.53,765332016,4912775936.75,4.3323,4.48
2021-01-05,6.35,6.48,6.12,6.37,644761904,4056856033.84,3.6498,-2.4502
2021-01-06,6.49,6.8,6.32,6.75,671083280,4406709479.76,3.7988,5.9655
2021-01-07,6.76,7.43,6.69,7.36,998586992,7286581582.19,5.6527,9.037
2021-01-08,7.36,7.41,6.8,7.4,870495680,6177183130.73,4.9276,0.5435
2021-01-11,7.2,7.31,6.66,6.76,756501104,5267513112.63,4.2823,-8.6486
2021-01-12,6.56,7.06,6.44,6.88,607832288,4091712345.92,3.4407,1.7751
2021-01-13,6.87,7.04,6.3,6.44,683705344,4567590321.14,3.8702,-6.3953
2021-01-14,6.3,6.47,6.16,6.27,493799424,3111977640.91,2.7952,-2.6398
2021-01-15,6.3,6.47,6.1,6.36,444421664,2800458605.75,2.5157,1.4354
2021-01-18,6.2,6.33,6.07,6.24,416716736,2585222754.44,2.3589,-1.8868
2021-01-19,6.26,6.39,5.82,5.89,559869184,3414990873.4,3.1692,-5.609
2021-01-20,5.9,6.27,5.9,6.2,484385312,2963676497.76,2.7419,5.2632
2021-01-21,6.16,6.47,6.05,6.31,514155184,3238503394.38,2.9105,1.7742
2021-01-22,6.25,6.62,6.16,6.51,551942016,3542169577.5,3.1244,3.1696
2021-01-25,6.56,6.96,6.41,6.7,597989264,4003936796.45,3.385,2.9186
2021-01-26,6.59,6.67,6.21,6.28,408575824,2616752936.15,2.3128,-6.2687
2021-01-27,6.3,6.47,6.0,6.37,397186272,2473011554.2,2.2483,1.4331
2021-01-28,6.1,6.19,5.87,5.93,396809168,2391803789.99,2.2462,-6.9074
2021-01-29,6.04,6.17,5.73,6.06,343091536,2058130327.76,1.9421,2.1922
2021-02-01,6.01,6.1,5.85,5.96,276791680,1648376638.22,1.5668,-1.6502
2021-02-02,6.02,6.19,5.96,6.17,365381328,2226389589.57,2.0683,3.5235
2021-02-03,6.14,6.79,6.08,6.64,727471472,4736306909.7,4.118,7.6175
2021-02-04,6.5,6.53,6.03,6.16,510518832,3216951621.75,2.8899,-7.2289
2021-02-05,6.14,6.23,5.74,5.74,389437888,2312944058.33,2.2045,-6.8182
2021-02-08,5.75,6.15,5.62,6.08,342811856,2035580332.6,1.9405,5.9233
2021-02-09,6.09,6.51,6.06,6.39,395136256,2503196729.41,2.2367,5.0987
2021-02-10,6.48,6.71,6.28,6.58,380048768,2476501753.74,2.1513,2.9734
2021-02-18,7.24,7.24,7.09,7.24,790324880,5710415015.27,4.4738,10.0304
2021-02-19,7.15,7.28,6.83,7.13,741440896,5248876007.94,4.197,-1.5193
2021-02-22,7.54,7.84,7.45,7.6,964983936,7449215061.51,5.4624,6.5919
2021-02-23,7.35,7.84,7.28,7.47,659087760,4973669629.83,3.7309,-1.7105
2021-02-24,7.46,8.05,7.28,7.32,725839312,5528716972.79,4.1087,-2.008
2021-02-25,7.75,7.77,7.2,7.3,608474784,4579284296.49,3.4444,-0.2732
2021-02-26,6.8,6.97,6.62,6.7,576876736,3904244842.42,3.2655,-8.2192
2021-03-01,6.72,7.07,6.53,7.06,514103104,3490014191.19,2.9102,5.3731
2021-03-02,6.9,6.96,6.49,6.7,507053328,3400836998.7,2.8703,-5.0992
2021-03-03,6.69,6.95,6.63,6.82,350177328,2379707780.46,1.9822,1.791
2021-03-04,6.6,6.61,6.3,6.37,411972800,2645799153.98,2.332,-6.5982
2021-03-05,6.07,6.14,5.89,6.08,352778608,2120711545.83,1.997,-4.5526
2021-03-08,6.13,6.23,5.89,5.91,287023056,1739677040.65,1.6247,-2.7961
2021-03-09,5.9,6.13,5.6,5.96,338398704,2008472533.05,1.9156,0.846
2021-03-10,6.03,6.08,5.75,5.82,289927424,1703900847.96,1.6412,-2.349
2021-03-11,5.82,6.15,5.76,6.15,436722624,2614324748.5,2.4721,5.6701
2021-03-12,6.09,6.1,5.86,5.98,330947968,1973922303.34,1.8734,-2.7642
2021-03-15,5.91,6.1,5.87,5.96,238671040,1428214961.22,1.351,-0.3344
2021-03-16,5.94,5.96,5.65,5.72,318057216,1829292333.59,1.8004,-4.0268
2021-03-17,5.63,5.77,5.5,5.75,256021075,1450356161.75,1.4492,0.5245
2021-03-18,5.8,5.87,5.71,5.72,195895252,1131191538.05,1.1089,-0.5217
2021-03-19,5.58,5.66,5.5,5.56,219843483,1223576189.37,1.2445,-2.7972
2021-03-22,5.56,5.63,5.43,5.6,202882356,1126621694.97,1.1484,0.7194
2021-03-23,5.57,5.59,5.31,5.37,259144006,1403781440.23,1.4669,-4.1071
2021-03-24,5.29,5.41,5.16,5.19,248342897,1301886516.39,1.4058,-3.352
2021-03-25,5.19,5.31,5.18,5.23,167491628,879987246.72,0.9481,0.7707
2021-03-26,5.25,5.43,5.2,5.41,232358128,1245328242.68,1.3153,3.4417
2021-03-29,5.43,5.44,5.32,5.37,164057069,881591291.19,0.9287,-0.7394
2021-03-30,5.33,5.46,5.26,5.4,189043429,1017872670.69,1.0701,0.5587
2021-03-31,5.38,5.41,5.24,5.28,160368218,849344280.63,0.9078,-2.2222
2021-04-01,5.28,5.36,5.28,5.31,119539134,634641077.31,0.6767,0.5682
2021-04-02,5.32,5.36,5.21,5.35,169144271,896157589.58,0.9575,0.7533
2021-04-06,5.41,5.59,5.39,5.47,253017466,1387099360.23,1.4322,2.243
2021-04-07,5.45,5.6,5.37,5.6,255449491,1408899306.34,1.446,2.3766
2021-04-08,5.57,5.82,5.52,5.72,355815600,2027435149.72,2.0142,2.1429
2021-04-09,5.73,5.76,5.54,5.58,220167811,1236868853.1,1.2463,-2.4476
2021-04-12,5.7,5.85,5.59,5.65,426486832,2436907872.63,2.4142,1.2545
2021-04-13,5.65,5.75,5.52,5.55,241156486,1357393082.07,1.3651,-1.7699
2021-04-14,5.54,5.67,5.51,5.65,226407538,1267248432.97,1.2816,1.8018
2021-04-15,5.64,5.69,5.51,5.67,226015371,1265411891.75,1.2794,0.354
2021-04-16,5.74,5.75,5.56,5.59,195918260,1102670983.77,1.109,-1.4109
2021-04-19,5.55,5.81,5.48,5.77,389710576,2225066429.39,2.206,3.22
2021-04-20,5.71,5.75,5.65,5.69,228674602,1303111301.98,1.2945,-1.3865
2021-04-21,5.63,5.65,5.55,5.6,150861461,843011787.33,0.854,-1.5817
2021-04-22,5.64,5.74,5.63,5.66,205950606,1171344123.77,1.1658,1.0714
2021-04-23,5.61,5.79,5.58,5.77,292832560,1680083249.01,1.6576,1.9435
2021-04-26,5.8,5.93,5.76,5.79,327537936,1914571558.87,1.8541,0.3466
2021-04-27,5.85,5.88,5.68,5.76,250523636,1450835841.85,1.4181,-0.5181
2021-04-28,5.74,5.78,5.58,5.67,215316341,1219878782.83,1.2188,-1.5625
2021-04-29,5.71,5.82,5.6,5.78,261007787,1492226420.21,1.4775,1.94
2021-04-30,5.75,5.89,5.7,5.81,263472756,1525736216.12,1.4914,0.519
2021-05-06,6.0,6.07,5.82,5.98,411607904,2452602839.93,2.33,2.926
2021-05-07,6.01,6.4,6.01,6.22,555410096,3445472305.95,3.144,4.0134
2021-05-10,6.37,6.54,6.23,6.53,499527184,3199427468.02,2.8277,4.9839
2021-05-11,6.32,6.35,6.02,6.18,415694112,2572508528.24,2.3531,-5.3599
2021-05-12,6.11,6.26,6.06,6.18,200181016,1234333916.73,1.1332,0.0
2021-05-13,6.02,6.03,5.78,5.8,325916624,1920181491.51,1.8449,-6.1489
2021-05-14,5.8,5.86,5.67,5.76,259056565,1492009092.71,1.4664,-0.6897
2021-05-17,5.74,5.96,5.7,5.93,276024512,1612725695.99,1.5625,2.9514
2021-05-18,5.96,6.09,5.88,6.0,249339530,1495447713.31,1.4114,1.1804
2021-05-19,5.91,6.1,5.83,6.03,274677712,1650542699.25,1.5549,0.5
2021-05-20,5.76,5.78,5.67,5.72,299453232,1715083293.29,1.6951,-5.141
2021-05-21,5.74,5.95,5.72,5.82,223603700,1300576225.64,1.2657,1.7483
2021-05-24,5.78,5.8,5.61,5.63,252945419,1435131865.74,1.4318,-3.2646
2021-05-25,5.63,5.69,5.49,5.68,221483854,1244423478.08,1.2537,0.8881
2021-05-26,5.65,5.68,5.58,5.65,209733611,1180103447.43,1.1872,-0.5282
2021-05-27,5.63,5.65,5.6,5.61,182596325,1026142134.47,1.0336,-0.708
2021-05-28,5.68,5.84,5.68,5.74,344269584,1983357770.69,1.9488,2.3173
2021-05-31,5.75,5.87,5.71,5.81,250275388,1452412914.27,1.4167,1.2195
2021-06-01,5.76,5.77,5.62,5.75,219998180,1253155239.95,1.2453,-1.0327
2021-06-02,5.73,5.82,5.68,5.69,192642220,1106793465.44,1.0905,-1.0435
2021-06-03,5.68,5.81,5.66,5.71,201179419,1156484460.02,1.1388,0.3515
2021-06-04,5.61,5.75,5.5,5.67,260999401,1463589057.62,1.4774,-0.7005
2021-06-07,5.67,5.72,5.57,5.59,177120574,996863251.8,1.0026,-1.4109
2021-06-08,5.59,5.63,5.4,5.43,243840800,1338125391.96,1.3803,-2.8623
2021-06-09,5.44,5.51,5.42,5.46,112672755,615491647.11,0.6378,0.5525
2021-06-10,5.45,5.49,5.41,5.45,124308722,678064079.56,0.7037,-0.1832
2021-06-11,5.46,5.49,5.32,5.45,190510805,1029548116.19,1.0784,0.0
2021-06-15,5.4,5.44,5.16,5.17,247921086,1301137336.11,1.4034,-5.1376
2021-06-16,5.15,5.21,5.04,5.05,169452120,866213119.04,0.9592,-2.3211
2021-06-17,5.05,5.1,5.04,5.05,107516698,544437049.67,0.6086,0.0
2021-06-18,4.98,5.19,4.88,5.19,241936420,1223178619.46,1.3695,2.7723
2021-06-21,5.13,5.14,5.06,5.1,158610302,807284890.81,0.8978,-1.7341
2021-06-22,5.1,5.16,5.08,5.12,124660342,638335765.7,0.7057,0.3922
2021-06-23,5.13,5.2,5.06,5.19,186656281,961328538.16,1.0566,1.3672
2021-06-24,5.2,5.25,5.14,5.16,121321770,628504508.84,0.6868,-0.578
2021-06-25,5.17,5.44,5.17,5.36,331084880,1763711862.97,1.8742,3.876
2021-06-28,5.35,5.39,5.23,5.27,154272566,816979202.28,0.8733,-1.6791
2021-06-29,5.28,5.3,5.12,5.14,120557913,624966002.96,0.6824,-2.4668
2021-06-30,5.15,5.23,5.13,5.16,101720411,526933406.91,0.5758,0.3891
2021-07-01,5.16,5.17,5.04,5.06,102173398,520618041.66,0.5784,-1.938
2021-07-02,5.08,5.17,5.04,5.11,107846114,550941516.74,0.6105,0.9881
2021-07-05,5.14,5.62,5.14,5.59,614264640,3363908862.98,3.4771,9.3933
2021-07-06,5.56,5.82,5.51,5.71,598497712,3409471533.03,3.3879,2.6978
2021-07-07,5.57,6.28,5.51,6.2,799802224,4802394980.72,4.5274,8.5814
2021-07-08,6.1,6.45,6.06,6.29,673683184,4239545257.47,3.8135,1.4516
2021-07-09,6.17,6.89,6.15,6.65,671204816,4396496214.14,3.7995,5.7234
2021-07-12,6.69,7.1,6.61,6.9,614711232,4222012950.65,3.4797,3.7594
2021-07-13,6.82,6.82,6.4,6.55,515613312,3366076061.87,2.9187,-5.0725
2021-07-14,6.66,6.96,6.38,6.62,521886448,3455019013.58,2.9542,1.0687
2021-07-15,6.51,6.76,6.3,6.72,419504416,2746342235.85,2.3747,1.5106
2021-07-16,6.63,7.08,6.55,6.73,546858064,3740924321.65,3.0956,0.1488
2021-07-19,6.66,7.03,6.61,6.81,405522336,2776551341.63,2.2955,1.1887
2021-07-20,6.65,6.72,6.43,6.7,368186592,2420075966.43,2.0842,-1.6153
2021-07-21,6.68,7.15,6.65,7.04,530565456,3703341715.82,3.0034,5.0746
2021-07-22,7.03,7.09,6.83,6.91,353613088,2449089344.15,2.0017,-1.8466
2021-07-23,7.01,7.35,6.94,7.06,463526400,3319507085.92,2.6239,2.1708
2021-07-26,7.23,7.4,6.93,7.29,548234544,3956028109.66,3.1034,3.2578
2021-07-27,7.5,7.85,6.84,6.92,785278320,5863340849.38,4.4452,-5.0754
2021-07-28,6.67,6.94,6.39,6.48,512493984,3387457576.48,2.9011,-6.3584
2021-07-29,6.7,7.04,6.57,6.95,418177200,2851569346.18,2.3672,7.2531
2021-07-30,6.95,7.07,6.67,6.91,314796560,2154069595.77,1.782,-0.5755
2021-08-02,6.81,7.03,6.59,6.85,395546288,2677407126.47,2.2391,-0.8683
2021-08-03,6.74,6.74,6.17,6.2,555504640,3522646689.41,3.1445,-9.4891
2021-08-04,6.24,6.55,6.17,6.51,370761648,2374252259.54,2.0988,5.0
2021-08-05,6.43,6.47,6.24,6.31,306477520,1936541924.75,1.7349,-3.0722
2021-08-06,6.38,6.94,6.31,6.94,708973376,4792444321.82,4.0133,9.9842
2021-08-09,7.01,7.29,6.83,7.2,746267488,5272132430.93,4.2244,3.7464
2021-08-10,7.1,7.1,6.79,6.93,529400240,3653925811.59,2.9968,-3.75
2021-08-11,6.9,6.93,6.66,6.8,370048496,2513369665.68,2.0947,-1.8759
2021-08-12,6.8,7.1,6.68,6.98,472866976,3288548654.42,2.6767,2.6471
2021-08-13,6.9,7.35,6.81,7.26,616615952,4420573035.33,3.4905,4.0115
2021-08-16,7.24,7.35,6.92,6.93,492239216,3496685599.95,2.7864,-4.5455
2021-08-17,6.86,7.3,6.83,7.06,560328144,3985823835.1,3.1718,1.8759
2021-08-18,6.96,7.25,6.7,7.02,470646272,3288936021.6,2.6642,-0.5666
2021-08-19,6.9,6.9,6.49,6.74,519574800,3484116722.61,2.9411,-3.9886
2021-08-20,6.65,6.77,6.49,6.64,355575696,2351328101.7,2.0128,-1.4837
2021-08-23,6.67,6.82,6.57,6.74,323653776,2176211951.38,1.8321,1.506
2021-08-24,6.8,7.24,6.71,7.1,655387888,4641779118.82,3.7099,5.3412
2021-08-25,7.24,7.39,6.96,7.32,589462928,4252755315.48,3.3368,3.0986
2021-08-26,7.31,7.49,7.15,7.36,540900320,3977598716.07,3.0619,0.5464
2021-08-27,7.27,7.76,7.18,7.76,626320432,4701433217.41,3.5454,5.4348
2021-08-30,7.8,8.07,7.54,7.67,695585728,5431553151.86,3.9375,-1.1598
2021-08-31,7.57,7.83,7.41,7.82,414900560,3168021391.77,2.3486,1.9557
2021-09-01,7.75,7.83,7.04,7.28,641758064,4725043561.63,3.6328,-6.9054
2021-09-02,7.16,7.46,7.12,7.37,320888144,2359431311.07,1.8164,1.2363
2021-09-03,7.23,7.51,7.05,7.11,402796208,2913545710.99,2.2801,-3.5278
2021-09-06,7.11,7.21,6.75,7.12,329949472,2315400929.21,1.8677,0.1406
2021-09-07,7.09,7.23,7.03,7.19,332651632,2377964446.25,1.883,0.9831
2021-09-08,7.16,7.21,6.99,7.05,387376048,2741363641.18,2.1928,-1.9471
2021-09-09,7.05,7.36,7.01,7.32,441737280,3186359102.4,2.5005,3.8298
2021-09-10,7.3,8.05,7.25,7.94,1310302256,10383520390.54,7.4172,8.4699
2021-09-13,8.0,8.56,7.94,8.47,1098520416,9088567839.27,6.2184,6.6751
2021-09-14,8.2,8.26,7.85,7.89,660913792,5308188646.22,3.7412,-6.8477
2021-09-15,7.88,7.96,7.6,7.88,391858896,3063743930.44,2.2182,-0.1267
2021-09-16,7.89,8.07,7.54,7.59,492167904,3837320801.88,2.786,-3.6802
2021-09-17,7.5,7.69,6.98,7.28,545603584,3954870622.11,3.0885,-4.0843
2021-09-22,7.02,7.24,6.93,7.17,280231680,1990390390.47,1.5863,-1.511
2021-09-23,7.26,7.29,7.04,7.13,239001592,1709656036.25,1.3529,-0.5579
2021-09-24,7.13,7.18,6.78,6.82,313259968,2176836534.29,1.7733,-4.3478
2021-09-27,6.77,6.8,6.14,6.25,457764784,2904024296.02,2.5913,-8.3578
2021-09-28,6.29,6.32,6.15,6.24,210890833,1313704673.87,1.1938,-0.16
2021-09-29,6.19,6.19,5.76,5.9,331244592,1968334655.29,1.8751,-5.4487
2021-09-30,5.96,6.09,5.87,6.04,207671149,1244790703.98,1.1756,2.3729
2021-10-08,6.14,6.15,5.95,6.01,182974861,1102671784.05,1.0358,-0.4967
2021-10-11,6.13,6.41,6.07,6.35,320552960,2013089691.61,1.8145,5.6572
2021-10-12,6.35,6.39,6.17,6.33,209078417,1308474118.95,1.1835,-0.315
2021-10-13,6.25,6.31,6.2,6.26,136510078,853812106.03,0.7727,-1.1058
2021-10-14,6.3,6.48,6.29,6.45,224756088,1444290277.98,1.2723,3.0351
2021-10-15,6.49,6.71,6.36,6.4,252702492,1648628796.95,1.4305,-0.7752
2021-10-18,6.5,6.68,6.45,6.64,249427038,1640309898.46,1.4119,3.75
2021-10-19,6.59,6.68,6.49,6.65,174901568,1152403518.35,0.9901,0.1506
2021-10-20,6.5,6.71,6.4,6.56,213377506,1401894978.72,1.2079,-1.3534
2021-10-21,6.65,6.73,6.52,6.53,210437717,1391112510.22,1.1912,-0.4573
2021-10-22,6.41,6.5,6.22,6.3,227239808,1442447831.03,1.2863,-3.5222
2021-10-25,6.27,6.43,6.18,6.43,152816202,967865130.01,0.865,2.0635
2021-10-26,6.4,6.52,6.35,6.39,142385495,913510341.39,0.806,-0.6221
2021-10-27,6.38,6.44,6.21,6.25,136847028,860437231.89,0.7746,-2.1909
2021-10-28,6.17,6.2,5.87,5.95,258270919,1544036651.27,1.462,-4.8
2021-10-29,5.93,6.07,5.87,5.99,163267075,975799540.25,0.9242,0.6723
2021-11-01,5.99,6.09,5.95,6.0,131714884,790952827.87,0.7456,0.1669
2021-11-02,6.01,6.02,5.73,5.84,175290291,1029042656.72,0.9923,-2.6667
2021-11-03,5.84,5.92,5.71,5.9,124580980,724714635.36,0.7052,1.0274
2021-11-04,5.9,5.91,5.62,5.67,271077488,1551734047.3,1.5345,-3.8983
2021-11-05,5.6,5.74,5.49,5.49,240896477,1346368993.82,1.3636,-3.1746
2021-11-08,5.49,5.72,5.48,5.65,229929576,1293869045.95,1.3016,2.9144
2021-11-09,5.69,5.69,5.59,5.64,113460963,639385302.92,0.6423,-0.177
2021-11-10,5.62,5.62,5.46,5.56,147870827,815249662.07,0.837,-1.4184
2021-11-11,5.54,5.62,5.52,5.6,118520295,660272332.7,0.6709,0.7194
2021-11-12,5.63,5.68,5.53,5.55,136205670,760400455.36,0.771,-0.8929
2021-11-15,5.57,5.6,5.46,5.57,127334001,703997056.43,0.7208,0.3604
2021-11-16,5.56,5.56,5.38,5.41,180890781,989181140.99,1.024,-2.8725
2021-11-17,5.41,5.49,5.39,5.47,160249585,873190707.85,0.9071,1.1091
2021-11-18,5.44,5.58,5.41,5.53,182082994,1003640177.52,1.0307,1.0969
2021-11-19,5.55,5.69,5.52,5.69,246459241,1390567767.24,1.3951,2.8933
2021-11-22,5.7,6.02,5.7,5.88,329467520,1940223001.53,1.865,3.3392
2021-11-23,5.94,5.99,5.81,5.84,201852480,1182746735.96,1.1426,-0.6803
2021-11-24,5.84,5.97,5.77,5.94,211938600,1248946142.6,1.1997,1.7123
2021-11-25,5.94,6.07,5.86,5.88,203013532,1209458708.59,1.1492,-1.0101
2021-11-26,5.85,6.0,5.81,5.89,239205865,1415083100.32,1.3541,0.1701
2021-11-29,5.71,5.88,5.67,5.78,265335916,1529798733.35,1.502,-1.8676
2021-11-30,5.87,6.04,5.81,5.89,288488800,1709850608.55,1.633,1.9031
2021-12-01,5.89,6.16,5.86,6.1,362451504,2195806997.91,2.0517,3.5654
2021-12-02,6.12,6.18,5.97,6.02,218940119,1322714830.19,1.2393,-1.3115
2021-12-03,6.03,6.12,5.92,6.09,230565970,1392561173.35,1.3052,1.1628
2021-12-06,6.09,6.14,5.94,5.97,262765879,1589591892.81,1.4874,-1.9704
2021-12-07,6.01,6.05,5.82,5.89,219560505,1296966599.1,1.2429,-1.34
2021-12-08,5.94,6.01,5.89,5.98,177879737,1060257346.63,1.0069,1.528
2021-12-09,6.0,6.03,5.95,5.97,175556389,1049158773.01,0.9938,-0.1672
2021-12-10,5.93,5.96,5.84,5.91,159641944,941372532.69,0.9037,-1.005
2021-12-13,5.89,5.94,5.85,5.91,165039066,973130260.9,0.9342,0.0
2021-12-14,5.88,5.89,5.66,5.68,292238336,1678183806.98,1.6543,-3.8917
2021-12-15,5.65,5.7,5.59,5.61,164495483,928643857.94,0.9312,-1.2324
2021-12-16,5.61,5.73,5.6,5.72,125666357,714024961.81,0.7114,1.9608
2021-12-17,5.76,5.9,5.74,5.77,192208409,1118985107.45,1.088,0.8741
2021-12-20,5.74,5.76,5.62,5.63,125892917,712876403.01,0.7126,-2.4263
2021-12-21,5.6,5.69,5.59,5.68,92219468,519784844.62,0.522,0.8881
2021-12-22,5.68,5.68,5.61,5.62,94732646,533690419.04,0.5362,-1.0563
2021-12-23,5.65,5.69,5.63,5.66,97795836,553552976.33,0.5536,0.7117
2021-12-24,5.66,5.68,5.53,5.54,117793080,655567834.11,0.6668,-2.1201
2021-12-27,5.54,5.57,5.51,5.52,76357267,422781670.23,0.4322,-0.361
2021-12-28,5.55,5.61,5.52,5.57,97069211,539453122.41,0.5495,0.9058
2021-12-29,5.55,5.59,5.52,5.53,87720804,486746355.77,0.4966,-0.7181
2021-12-30,5.54,5.56,5.52,5.53,73716536,408493643.21,0.4173,0.0
2021-12-31,5.55,5.6,5.53,5.58,86256377,480126738.58,0.4883,0.9042
2022-01-04,5.62,5.64,5.55,5.64,112652322,630502935.0,0.6377,1.0753
2022-01-05,5.63,5.63,5.5,5.55,104094774,578365705.21,0.5892,-1.5957
2022-01-06,5.51,5.57,5.51,5.55,87428165,484334854.43,0.4949,0.0
2022-01-07,5.57,5.59,5.52,5.55,92927348,516083058.73,0.526,0.0
2022-01-10,5.54,5.59,5.52,5.58,87147373,484768583.68,0.4933,0.5405
2022-01-11,5.57,5.6,5.52,5.55,101779417,565388826.3,0.5761,-0.5376
2022-01-12,5.59,5.76,5.58,5.76,263603757,1503103822.5,1.4922,3.7838
2022-01-13,5.79,5.88,5.71,5.72,219429860,1271784813.58,1.2421,-0.6944
2022-01-14,5.7,5.7,5.58,5.62,147457218,827576335.98,0.8347,-1.7483
2022-01-17,5.58,5.61,5.52,5.57,99193962,550729232.72,0.5615,-0.8897
2022-01-18,5.56,5.63,5.52,5.58,87916866,490020729.72,0.4977,0.1795
2022-01-19,5.57,5.62,5.55,5.57,85006922,473852113.72,0.4812,-0.1792
2022-01-20,5.62,5.67,5.57,5.65,115233379,648030378.95,0.6523,1.4363
2022-01-21,5.62,5.7,5.59,5.69,118961325,674036724.01,0.6734,0.708
2022-01-24,5.69,5.71,5.6,5.66,88959255,503210500.01,0.5036,-0.5272
2022-01-25,5.61,5.66,5.46,5.46,130951349,729121566.7,0.7413,-3.5336
2022-01-26,5.47,5.52,5.46,5.5,59252110,325437340.0,0.3354,0.7326
2022-01-27,5.5,5.5,5.13,5.17,158240904,835471163.04,0.8957,-6.0
2022-01-28,5.23,5.26,5.02,5.17,103908171,535562446.27,0.5882,0.0
2022-02-07,5.26,5.4,5.25,5.39,122897596,655981773.27,0.6957,4.2553
2022-02-08,5.39,5.44,5.32,5.43,99264854,535384784.7,0.5619,0.7421
2022-02-09,5.45,5.63,5.43,5.61,163937003,911666903.3,0.928,3.3149
2022-02-10,5.65,5.87,5.65,5.79,271993008,1576894210.66,1.5397,3.2086
2022-02-11,5.79,5.87,5.74,5.79,189995005,1103655941.12,1.0755,0.0
2022-02-14,5.75,5.8,5.63,5.69,126572797,724586470.0,0.7165,-1.7271
2022-02-15,5.7,5.71,5.6,5.68,92718757,523687150.27,0.5248,-0.1757
2022-02-16,5.68,5.77,5.67,5.69,78938024,450639117.55,0.4468,0.1761
2022-02-17,5.7,5.82,5.67,5.79,139332837,804149305.68,0.7887,1.7575
2022-02-18,5.74,5.81,5.71,5.8,100171381,578580575.48,0.567,0.1727
2022-02-21,5.78,5.81,5.71,5.73,85484270,490236966.38,0.4839,-1.2069
2022-02-22,5.7,5.77,5.66,5.76,89787628,512858146.74,0.5083,0.5236
2022-02-23,5.79,5.81,5.72,5.8,118571716,685169824.72,0.6712,0.6944
2022-02-24,5.76,5.89,5.62,5.72,172718753,996628278.14,0.9777,-1.3793
2022-02-25,5.71,5.85,5.69,5.74,148512503,859014268.17,0.8407,0.3497
2022-02-28,5.77,6.05,5.77,6.01,392956384,2345048048.0,2.2244,4.7038
2022-03-01,6.0,6.01,5.84,5.92,217034017,1279899088.0,1.2286,-1.4975
2022-03-02,5.88,6.01,5.86,5.93,197990168,1177380576.0,1.1208,0.1689
2022-03-03,5.98,6.13,5.98,6.02,312767296,1899290944.0,1.7705,1.5177
2022-03-04,5.99,6.0,5.76,5.78,245042073,1440170352.0,1.3871,-3.9867
2022-03-07,5.86,5.95,5.68,5.73,218742049,1271000192.0,1.2382,-0.8651
2022-03-08,5.77,5.87,5.34,5.46,270203392,1501676240.0,1.5295,-4.712
2022-03-09,5.4,5.4,5.01,5.25,240811368,1254786688.0,1.3632,-3.8462
2022-03-10,5.35,5.39,5.2,5.28,175981935,927869888.0,0.9962,0.5714
2022-03-11,5.18,5.22,5.06,5.21,161419073,827120640.0,0.9137,-1.3258
2022-03-14,5.12,5.17,5.04,5.05,116704249,594876960.0,0.6606,-3.071
2022-03-15,5.0,5.01,4.6,4.62,252532115,1205347040.0,1.4295,-8.5149
2022-03-16,4.8,4.96,4.65,4.93,217488896,1044511376.0,1.2311,6.71
2022-03-17,5.01,5.15,4.97,5.09,186846375,945826688.0,1.0577,3.2454
2022-03-18,5.1,5.2,5.06,5.17,154564676,793683606.89,0.8749,1.5717
2022-03-21,5.22,5.31,5.16,5.22,147700580,774206158.69,0.8361,0.9671
2022-03-22,5.25,5.29,5.16,5.24,120383998,632113865.88,0.6815,0.3831
2022-03-23,5.28,5.33,5.25,5.31,135312311,716765550.14,0.766,1.3359
2022-03-24,5.31,5.5,5.29,5.44,180457209,980238379.04,1.0215,2.4482
2022-03-25,5.43,5.6,5.4,5.47,178547383,986894698.7,1.0107,0.5515
2022-03-28,5.38,5.41,5.24,5.33,108516121,577115739.18,0.6143,-2.5594
2022-03-29,5.3,5.39,5.27,5.33,75738612,403348778.74,0.4287,0.0
2022-03-30,5.36,5.36,5.23,5.3,88057909,465798480.28,0.4985,-0.5629
2022-03-31,5.31,5.32,5.18,5.21,98485315,514555822.43,0.5575,-1.6981
2022-04-01,5.2,5.31,5.13,5.28,79618789,417952055.82,0.4507,1.3436
2022-04-06,5.27,5.35,5.2,5.34,88890074,469085706.42,0.5032,1.1364
2022-04-07,5.32,5.33,5.25,5.26,63757642,336868539.92,0.3609,-1.4981
2022-04-08,5.25,5.49,5.23,5.41,157696837,845538330.3,0.8927,2.8517
2022-04-11,5.41,5.44,5.11,5.13,140887529,736160269.68,0.7975,-5.1756
2022-04-12,5.13,5.21,5.01,5.21,94199415,482198167.33,0.5332,1.5595
2022-04-13,5.18,5.58,5.17,5.45,243618982,1319651374.89,1.379,4.6065
2022-04-14,5.46,5.56,5.4,5.5,127809478,700771130.0,0.7235,0.9174
2022-04-15,5.48,5.64,5.44,5.52,178745541,992369404.92,1.0118,0.3636
2022-04-18,5.49,5.49,5.32,5.36,91359561,490423626.53,0.5172,-2.8986
2022-04-19,5.4,5.44,5.35,5.38,87770379,472440129.48,0.4968,0.3731
2022-04-20,5.36,5.37,5.16,5.18,111387007,582449584.52,0.6305,-3.7175
2022-04-21,5.17,5.18,4.88,4.92,157542936,787953369.17,0.8918,-5.0193
2022-04-22,4.87,4.98,4.78,4.95,91426259,446889182.42,0.5175,0.6098
2022-04-25,4.83,4.83,4.6,4.61,134173192,629919164.74,0.7595,-6.8687
2022-04-26,4.61,4.64,4.23,4.27,196281850,863083918.77,1.1111,-7.3753
2022-04-27,4.19,4.55,4.18,4.52,153034172,669493579.84,0.8663,5.8548
2022-04-28,4.52,4.54,4.41,4.46,120074949,537415545.35,0.6797,-1.3274
2022-04-29,4.52,4.72,4.49,4.68,137131984,632591917.28,0.7763,4.9327
2022-05-05,4.71,4.79,4.65,4.74,106092127,503007159.89,0.6006,1.2821
2022-05-06,4.6,4.62,4.51,4.55,104241826,475703872.71,0.5901,-4.0084
2022-05-09,4.5,4.57,4.45,4.5,85467646,384811767.76,0.4838,-1.0989
2022-05-10,4.42,4.49,4.32,4.44,169645448,749269794.56,0.9603,-1.3333
2022-05-11,4.44,4.65,4.42,4.53,162139044,734837100.87,0.9178,2.027
2022-05-12,4.46,4.52,4.39,4.45,111979228,498724364.33,0.6339,-1.766
2022-05-13,4.46,4.51,4.4,4.44,99046167,439622565.89,0.5607,-0.2247
2022-05-16,4.48,4.51,4.44,4.46,86912444,388740836.8,0.492,0.4505
2022-05-17,4.46,4.58,4.45,4.57,136490531,617920710.73,0.7726,2.4664
2022-05-18,4.58,4.58,4.49,4.52,87892595,397433293.32,0.4975,-1.0941
2022-05-19,4.44,4.48,4.39,4.47,123801360,548126709.49,0.7008,-1.1062
2022-05-20,4.5,4.7,4.5,4.69,222262342,1023764728.42,1.2582,4.9217
2022-05-23,4.67,4.8,4.65,4.75,141751137,669437969.85,0.8024,1.2793
2022-05-24,4.73,4.74,4.54,4.54,130623466,606455861.02,0.7394,-4.4211
2022-05-25,4.61,4.75,4.59,4.71,164945018,772053411.74,0.939,3.7445
2022-05-26,4.72,4.78,4.62,4.76,124137916,585198730.22,0.7067,1.0616
2022-05-27,4.77,4.83,4.72,4.75,124044626,592163156.93,0.7062,-0.2101
2022-05-30,4.75,4.79,4.72,4.74,83728900,397518298.82,0.4767,-0.2105
2022-05-31,4.74,4.77,4.7,4.77,98659840,468008313.14,0.5617,0.6329
2022-06-01,4.74,4.8,4.72,4.78,89521659,425897068.47,0.5096,0.2096
2022-06-02,4.76,4.85,4.74,4.84,100847308,486570912.04,0.5741,1.2552
2022-06-06,4.9,5.06,4.86,5.04,186794359,930837574.04,1.0634,4.1322
2022-06-07,5.02,5.07,4.98,5.04,109180224,547664357.14,0.6216,0.0
2022-06-08,5.05,5.18,4.96,5.17,195870259,996809498.46,1.1151,2.5794
2022-06-09,5.19,5.54,5.19,5.39,379213552,2046419064.35,2.1588,4.2553
2022-06-10,5.32,5.76,5.32,5.68,363165440,2013155714.43,2.0675,5.3803
2022-06-13,5.67,5.85,5.63,5.72,378640528,2173291603.07,2.1556,0.7042
2022-06-14,5.66,5.8,5.59,5.79,282956896,1610139235.52,1.6108,1.2238
2022-06-15,5.79,5.92,5.62,5.82,356196208,2059078722.28,2.0278,0.5181
2022-06-16,5.82,5.98,5.72,5.82,261006871,1521075162.82,1.4859,0.0
2022-06-17,5.82,6.13,5.73,6.11,506565424,3017692477.87,2.8838,4.9828
2022-06-20,6.12,6.12,5.51,5.76,742212288,4274968022.34,4.2253,-5.7283
2022-06-21,5.66,5.73,5.47,5.7,368405856,2068231284.27,2.0973,-1.0417
2022-06-22,5.75,6.27,5.72,6.12,1159755376,7084461116.11,6.6024,7.3684
2022-06-23,5.95,6.16,5.59,5.98,1018143792,5942356992.68,5.7962,-2.2876
2022-06-24,5.87,6.09,5.73,5.75,477982752,2786883867.41,2.7211,-3.8462
2022-06-27,5.66,6.06,5.6,5.98,588688656,3494227205.42,3.3513,4.0
2022-06-28,6.02,6.05,5.83,5.9,381802688,2247703131.12,2.1736,-1.3378
2022-06-29,5.86,5.93,5.71,5.72,339644064,1971483697.78,1.9336,-3.0508
2022-06-30,5.7,5.81,5.62,5.73,271837808,1558226234.41,1.5475,0.1748
2022-07-01,5.8,5.8,5.66,5.71,209051129,1195287209.73,1.1901,-0.349
2022-07-04,5.63,5.72,5.58,5.63,241418810,1360391911.87,1.3744,-1.4011
2022-07-05,5.64,5.73,5.51,5.62,244473065,1372594141.29,1.3918,-0.1776
2022-07-06,5.53,5.58,5.16,5.27,473866688,2528207812.42,2.6977,-6.2278
2022-07-07,5.24,5.43,5.22,5.37,230740834,1230087988.16,1.3136,3.2692
2022-07-08,5.42,5.63,5.41,5.51,317966644,1762376060.12,1.8101,2.6071
2022-07-11,5.47,5.49,5.27,5.31,220224770,1178664374.64,1.2537,-3.6298
2022-07-12,5.31,5.34,5.22,5.23,136722830,720557266.16,0.7783,-1.5066
2022-07-13,5.22,5.26,5.12,5.23,121022304,627778729.94,0.689,0.0
2022-07-14,5.2,5.22,5.12,5.14,167711839,866170421.38,0.9548,-1.7208
2022-07-15,5.15,5.26,5.13,5.15,164652258,855076444.95,0.9373,0.1946
2022-07-18,5.18,5.33,5.17,5.31,154955128,817581617.63,0.8821,3.1068
2022-07-19,5.29,5.31,5.2,5.24,118096421,620284341.24,0.6723,-1.3183
2022-07-20,5.26,5.44,5.25,5.44,197754515,1062082810.05,1.1258,3.8168
2022-07-21,5.43,5.98,5.38,5.98,642966451,3754984620.0,3.6603,9.9265
2022-07-22,5.7,5.78,5.51,5.56,650521826,3655372510.19,3.7033,-7.0234
2022-07-25,5.52,5.54,5.36,5.38,228091077,1238180463.43,1.2985,-3.2374
2022-07-26,5.39,5.52,5.34,5.47,159407909,870521134.42,0.9075,1.6729
2022-07-27,5.45,5.55,5.41,5.52,132425595,726536130.22,0.7539,0.9141
2022-07-28,5.56,5.56,5.46,5.48,140725876,772849549.61,0.8011,-0.7246
2022-07-29,5.46,5.48,5.38,5.39,145637793,788375116.96,0.8291,-1.6423
2022-08-01,5.34,5.45,5.18,5.44,154192170,823692955.57,0.8778,0.9276
2022-08-02,5.36,5.36,5.15,5.22,186259526,974504826.0,1.0604,-4.0441
2022-08-03,5.21,5.3,5.15,5.17,116850971,610783175.5,0.6652,-0.9579
2022-08-04,5.21,5.25,5.13,5.2,86663902,449272399.0,0.4934,0.5803
2022-08-05,5.21,5.28,5.18,5.27,93708387,490976620.0,0.5335,1.3462
2022-08-08,5.29,5.44,5.26,5.35,144101321,772385466.0,0.8204,1.518
2022-08-09,5.34,5.38,5.3,5.36,92152890,491889416.0,0.5246,0.1869
2022-08-10,5.4,5.5,5.33,5.37,146345180,791769149.0,0.8331,0.1866
2022-08-11,5.39,5.42,5.3,5.41,145104900,778758346.0,0.8261,0.7449
2022-08-12,5.4,5.5,5.37,5.46,143504640,781911628.0,0.817,0.9242
2022-08-15,5.44,5.57,5.4,5.53,229685187,1264613832.02,1.3076,1.2821
2022-08-16,5.51,5.52,5.38,5.41,173492799,940559387.14,0.9877,-2.17
2022-08-17,5.38,5.42,5.27,5.32,160470462,852865058.65,0.9135,-1.6636
2022-08-18,5.26,5.31,5.21,5.26,118081899,620173792.41,0.6722,-1.1278
2022-08-19,5.23,5.28,5.23,5.24,98872588,519165514.54,0.5629,-0.3802
2022-08-22,5.27,5.36,5.25,5.36,137579397,731116108.86,0.7832,2.2901
2022-08-23,5.35,5.41,5.3,5.33,103082475,550008223.76,0.5868,-0.5597
2022-08-24,5.33,5.4,5.13,5.15,205248819,1073036606.53,1.1685,-3.3771
2022-08-25,5.15,5.23,5.11,5.22,112990880,583802830.48,0.6432,1.3592
2022-08-26,5.22,5.27,5.18,5.19,94170972,491890383.89,0.5361,-0.5747
2022-08-29,5.11,5.15,5.05,5.14,86276081,441159685.26,0.4912,-0.9634
2022-08-30,5.15,5.15,5.06,5.09,90295828,459910268.61,0.514,-0.9728
2022-08-31,5.06,5.07,4.9,4.92,163390370,812104485.9,0.9302,-3.3399
2022-09-01,4.92,4.98,4.88,4.93,70017255,346040424.99,0.3986,0.2033
2022-09-02,4.94,4.96,4.88,4.9,74681094,365836198.97,0.4252,-0.6085
2022-09-05,4.9,4.95,4.86,4.95,72065089,353386943.65,0.4103,1.0204
2022-09-06,4.96,5.06,4.95,5.05,92374079,463775967.84,0.5259,2.0202
2022-09-07,5.03,5.13,5.02,5.12,89645954,457164969.91,0.5103,1.3861
2022-09-08,5.11,5.15,5.08,5.11,75675653,387301643.11,0.4308,-0.1953
2022-09-09,5.14,5.24,5.11,5.18,96696018,501350872.33,0.5505,1.3699
2022-09-13,5.23,5.28,5.2,5.22,121839958,638319905.61,0.6936,0.7722
2022-09-14,5.14,5.19,5.09,5.12,90493082,464196085.32,0.5152,-1.9157
2022-09-15,5.13,5.18,4.95,5.01,114221559,576726063.33,0.6503,-2.1484
2022-09-16,5.02,5.03,4.85,4.85,114679173,562934147.52,0.6529,-3.1936
2022-09-19,4.86,4.88,4.74,4.78,69658724,335064350.52,0.3966,-1.4433
2022-09-20,4.79,4.97,4.78,4.9,76615891,374400490.54,0.4362,2.5105
2022-09-21,4.89,4.92,4.83,4.9,55485137,270601882.64,0.3159,0.0
2022-09-22,4.85,4.94,4.85,4.89,59464685,291099895.64,0.3385,-0.2041
2022-09-23,4.9,4.91,4.81,4.84,67433493,327493407.32,0.3839,-1.0225
2022-09-26,4.8,4.83,4.68,4.69,88896016,422476013.44,0.5061,-3.0992
2022-09-27,4.71,4.75,4.63,4.75,71862079,336798736.53,0.4091,1.2793
2022-09-28,4.73,4.73,4.55,4.55,79163589,366258037.67,0.4507,-4.2105
2022-09-29,4.65,4.79,4.63,4.72,127258327,601473423.15,0.7245,3.7363
2022-09-30,4.72,4.85,4.69,4.72,110033197,525815867.84,0.6264,0.0
2022-10-10,4.72,4.75,4.45,4.51,138128730,634815435.83,0.7864,-4.4492
2022-10-11,4.54,4.64,4.5,4.56,81783145,372591172.61,0.4656,1.1086
2022-10-12,4.5,4.52,4.18,4.42,365006166,1579907266.2,2.0779,-3.0702
2022-10-13,4.35,4.4,4.3,4.32,189508531,822333520.6,1.0789,-2.2624
2022-10-14,4.37,4.48,4.34,4.46,254058906,1120821023.34,1.4463,3.2407
2022-10-17,4.39,4.42,4.33,4.41,182923582,799854696.63,1.0414,-1.1211
2022-10-18,4.42,4.44,4.36,4.38,122621473,538462793.1,0.6981,-0.6803
2022-10-19,4.37,4.39,4.29,4.3,144447139,625435704.05,0.8223,-1.8265
2022-10-20,4.26,4.33,4.21,4.27,106344904,452616161.82,0.6054,-0.6977
2022-10-21,4.29,4.31,4.25,4.26,79247958,339174274.66,0.4511,-0.2342
2022-10-24,4.29,4.33,4.14,4.15,162092044,685540802.51,0.9228,-2.5822
2022-10-25,4.15,4.26,4.05,4.22,134328921,560857528.23,0.7647,1.6867
2022-10-26,4.2,4.26,4.18,4.23,94583527,399923070.72,0.5385,0.237
2022-10-27,4.26,4.35,4.25,4.29,136793315,589861848.67,0.7787,1.4184
2022-10-28,4.29,4.29,4.15,4.17,104022227,437345318.46,0.5922,-2.7972
2022-10-31,4.12,4.2,4.08,4.15,79782495,330161033.16,0.4542,-0.4796
2022-11-01,4.24,4.31,4.21,4.31,137188017,584453093.84,0.781,3.8554
2022-11-02,4.31,4.42,4.28,4.38,173465758,757677204.3,0.9875,1.6241
2022-11-03,4.35,4.36,4.29,4.33,113552511,491739120.63,0.6464,-1.1416
2022-11-04,4.35,4.5,4.33,4.48,204794950,908942031.85,1.1659,3.4642
2022-11-07,4.6,4.71,4.58,4.67,303295377,1409520972.19,1.7266,4.2411
2022-11-08,4.64,4.72,4.61,4.67,149283067,695791212.4,0.8499,0.0
2022-11-09,4.74,4.78,4.61,4.62,121866061,568429107.46,0.6938,-1.0707
2022-11-10,4.59,4.6,4.51,4.56,103855913,473486529.74,0.5912,-1.2987
2022-11-11,4.7,4.75,4.65,4.68,177004983,830939988.1,1.0077,2.6316
2022-11-14,4.73,4.81,4.66,4.7,197729520,936615337.29,1.1257,0.4274
2022-11-15,4.7,4.74,4.63,4.74,118801401,557095680.55,0.6763,0.8511
2022-11-16,4.74,4.9,4.7,4.82,178884646,860657664.53,1.0184,1.6878
2022-11-17,4.78,4.8,4.7,4.75,113811093,539388701.05,0.6479,-1.4523
2022-11-18,4.73,4.77,4.69,4.69,80550199,380418740.4,0.4586,-1.2632
2022-11-21,4.67,4.67,4.57,4.66,68776906,318504730.84,0.3915,-0.6397
2022-11-22,4.62,4.71,4.61,4.64,62991287,293121103.33,0.3586,-0.4292
2022-11-23,4.66,4.69,4.61,4.63,52488721,243772736.65,0.2988,-0.2155
2022-11-24,4.67,4.68,4.63,4.64,50658561,235596732.43,0.2884,0.216
2022-11-25,4.63,4.67,4.61,4.65,49057573,227691525.69,0.2793,0.2155
2022-11-28,4.61,4.61,4.48,4.56,85769160,389227501.78,0.4883,-1.9355
2022-11-29,4.54,4.72,4.54,4.71,118690002,552671263.37,0.6757,3.2895
2022-11-30,4.71,4.75,4.66,4.66,78479167,367854722.03,0.4468,-1.0616
2022-12-01,4.73,4.81,4.73,4.74,130101996,620487542.63,0.7407,1.7167
2022-12-02,4.73,4.75,4.66,4.66,83911697,393861623.94,0.4777,-1.6878
2022-12-05,4.7,4.85,4.7,4.82,156176046,747854196.33,0.8891,3.4335
2022-12-06,4.8,4.84,4.76,4.83,87087192,418491259.21,0.4958,0.2075
2022-12-07,4.79,4.84,4.77,4.78,82604805,396097147.14,0.4703,-1.0352
2022-12-08,4.78,4.82,4.76,4.79,57850673,277091828.57,0.3293,0.2092
2022-12-09,4.78,5.03,4.76,5.01,240132891,1184607992.04,1.367,4.5929
2022-12-12,4.98,4.98,4.88,4.9,123329540,608018623.73,0.7021,-2.1956
2022-12-13,4.89,5.03,4.89,4.95,104493800,519486906.62,0.5949,1.0204
2022-12-14,4.95,5.01,4.88,4.89,81159290,399687659.1,0.462,-1.2121
2022-12-15,4.87,4.9,4.78,4.83,84417384,406716229.36,0.4806,-1.227
2022-12-16,4.77,4.82,4.75,4.79,53063122,253717102.01,0.3021,-0.8282
2022-12-19,4.81,4.84,4.63,4.67,90722770,427608085.2,0.5165,-2.5052
2022-12-20,4.64,4.66,4.58,4.62,52366726,242160944.6,0.2981,-1.0707
2022-12-21,4.65,4.66,4.58,4.6,43124834,198934960.64,0.2455,-0.4329
2022-12-22,4.64,4.65,4.51,4.53,50279800,230342723.0,0.2862,-1.5217
2022-12-23,4.5,4.56,4.48,4.54,36589745,165945206.3,0.2083,0.2208
2022-12-26,4.55,4.56,4.5,4.53,49072221,222140899.13,0.2794,-0.2203
2022-12-27,4.56,4.63,4.55,4.62,48942649,225028849.33,0.2786,1.9868
2022-12-28,4.59,4.7,4.56,4.65,64500058,299488589.76,0.3672,0.6494
2022-12-29,4.61,4.65,4.56,4.57,63129986,290036791.81,0.3594,-1.7204
2022-12-30,4.59,4.62,4.55,4.55,43416750,198767597.25,0.2472,-0.4376
2023-01-03,4.53,4.65,4.4,4.63,85900685,391788468.82,0.489,1.7582
2023-01-04,4.61,4.63,4.53,4.57,62433271,285857901.24,0.3554,-1.2959
2023-01-05,4.59,4.64,4.55,4.6,86127778,396167636.66,0.4903,0.6565
2023-01-06,4.6,4.65,4.58,4.62,86318282,398272117.84,0.4914,0.4348
2023-01-09,4.66,4.88,4.66,4.84,194703625,933340344.4,1.1084,4.7619
2023-01-10,4.85,4.89,4.79,4.83,101041824,487411633.41,0.5752,-0.2066
2023-01-11,4.87,4.93,4.85,4.87,89552624,438039127.09,0.5098,0.8282
2023-01-12,4.96,5.06,4.9,4.92,157401353,782776513.41,0.8961,1.0267
2023-01-13,4.98,5.0,4.85,4.88,103548496,507058685.4,0.5895,-0.813
2023-01-16,4.89,4.95,4.87,4.88,114331306,561018259.76,0.6509,0.0
2023-01-17,4.86,4.88,4.82,4.85,66518342,322297685.89,0.3787,-0.6148
2023-01-18,4.87,5.01,4.87,4.99,140504500,698029026.44,0.7999,2.8866
2023-01-19,4.96,5.04,4.95,5.04,81713135,409158263.28,0.4652,1.002
2023-01-20,5.05,5.17,5.04,5.13,118447674,605747955.65,0.6743,1.7857
2023-01-30,5.31,5.63,5.29,5.5,460985197,2516341772.21,2.6243,7.2125
2023-01-31,5.52,5.74,5.49,5.67,381058634,2159730919.34,2.1693,3.0909
2023-02-01,5.68,6.1,5.68,6.01,473375191,2819949204.02,2.6949,5.9965
2023-02-02,5.96,5.98,5.79,5.92,289691100,1705045051.12,1.6492,-1.4975
2023-02-03,5.85,5.92,5.75,5.89,217296270,1264892689.95,1.237,-0.5068
2023-02-06,5.8,5.8,5.6,5.71,202855353,1155044351.96,1.1548,-3.056
2023-02-07,5.74,5.97,5.66,5.89,205012233,1196266935.78,1.1671,3.1524
2023-02-08,5.87,6.0,5.8,5.83,168991921,993847016.28,0.9621,-1.0187
2023-02-09,5.8,5.88,5.75,5.84,112410906,654726980.21,0.6399,0.1715
2023-02-10,5.84,5.87,5.73,5.76,116460104,673645078.5,0.663,-1.3699
2023-02-13,5.73,5.83,5.71,5.74,131204666,756343125.66,0.7469,-0.3472
2023-02-14,5.8,6.05,5.79,5.93,321395127,1912343884.47,1.8297,3.3101
2023-02-15,5.91,6.08,5.9,5.91,168729321,1007450112.1,0.9606,-0.3373
2023-02-16,5.84,5.93,5.7,5.77,150743683,878095343.19,0.8582,-2.3689
2023-02-17,5.83,5.97,5.83,5.83,150741215,888297535.17,0.8582,1.0399
2023-02-20,5.81,6.03,5.78,5.98,216026218,1280106084.14,1.2298,2.5729
2023-02-21,5.98,6.29,5.95,6.18,389307713,2396644699.61,2.2163,3.3445
2023-02-22,6.13,6.21,6.07,6.14,141071950,867941017.7,0.8031,-0.6472
2023-02-23,6.17,6.23,6.07,6.17,147268694,904600802.03,0.8384,0.4886
2023-02-24,6.11,6.13,5.95,5.99,166313269,1000424506.11,0.9468,-2.9173
2023-02-27,5.91,5.99,5.81,5.87,143274370,844312992.02,0.8156,-2.0033
2023-02-28,5.91,5.95,5.83,5.9,92351782,543744343.87,0.5257,0.5111
2023-03-01,5.92,6.07,5.89,6.06,140681325,845529948.84,0.8009,2.7119
2023-03-02,6.08,6.17,6.03,6.09,134566356,823058182.21,0.7661,0.495
2023-03-03,6.11,6.11,5.9,5.98,129284650,770661427.24,0.736,-1.8062
2023-03-06,5.95,6.06,5.86,6.04,126567338,754926063.36,0.7205,1.0033
2023-03-07,6.03,6.16,5.96,5.97,107971562,653429137.8,0.6147,-1.1589
2023-03-08,5.85,6.0,5.83,5.97,93666852,554027550.49,0.5332,0.0
2023-03-09,6.1,6.12,5.93,5.99,106636272,641790173.71,0.6071,0.335
2023-03-10,5.9,5.95,5.87,5.87,66975915,395503719.25,0.3813,-2.0033
2023-03-13,5.87,5.98,5.83,5.92,100799850,595554294.05,0.5738,0.8518
2023-03-14,5.95,5.99,5.77,5.83,98411489,575712987.66,0.5602,-1.5203
2023-03-15,5.85,5.91,5.83,5.84,50893445,298205370.44,0.2897,0.1715
2023-03-16,5.77,5.77,5.34,5.38,316160247,1739060736.1,1.7999,-7.8767
2023-03-17,5.42,5.5,5.33,5.37,224037196,1214321733.71,1.2754,-0.1859
2023-03-20,5.37,5.52,5.31,5.35,197837992,1068633513.5,1.1263,-0.3724
2023-03-21,5.4,5.77,5.38,5.7,256461755,1436019313.3,1.46,6.5421
2023-03-22,5.7,5.84,5.68,5.82,159908755,923271192.45,0.9103,2.1053
2023-03-23,5.82,5.87,5.77,5.84,81800909,476782670.58,0.4657,0.3436
2023-03-24,5.83,5.92,5.8,5.89,108976506,640792075.25,0.6204,0.8562
2023-03-27,5.91,5.95,5.83,5.92,94352810,556540888.0,0.5371,0.5093
2023-03-28,5.91,6.0,5.86,5.89,85314188,505078154.83,0.4857,-0.5068
2023-03-29,5.89,5.97,5.89,5.93,74231566,440328672.22,0.4226,0.6791
2023-03-30,5.94,5.95,5.82,5.93,79507101,467302721.0,0.4526,0.0
2023-03-31,5.93,6.06,5.91,5.99,120373801,722668435.55,0.6853,1.0118
2023-04-03,5.99,6.0,5.84,5.91,143878399,849731321.6,0.8191,-1.3356
2023-04-04,5.89,5.95,5.85,5.94,95067459,561713760.24,0.5412,0.5076
2023-04-06,5.94,5.98,5.87,5.97,91654776,543163011.95,0.5218,0.5051
2023-04-07,5.97,6.09,5.86,5.89,121177645,724766072.26,0.6899,-1.34
2023-04-10,5.91,6.03,5.89,5.95,110168553,656994742.09,0.6272,1.0187
2023-04-11,5.97,6.15,5.92,6.12,202471670,1227536769.35,1.1526,2.8571
2023-04-12,6.15,6.24,6.11,6.17,137231971,847600216.98,0.7812,0.817
2023-04-13,6.17,6.24,6.1,6.15,107268534,661835503.79,0.6107,-0.3241
2023-04-14,6.22,6.42,6.21,6.41,236915899,1499521634.97,1.3487,4.2276
2023-04-17,6.36,6.41,6.19,6.35,219562274,1387405217.76,1.2499,-0.936
2023-04-18,6.31,6.39,6.23,6.33,110708512,699544574.42,0.6303,-0.315
2023-04-19,6.8,6.96,6.75,6.92,512130665,3544655324.66,2.9155,9.3207
2023-04-20,6.91,6.94,6.62,6.71,287381246,1933725292.56,1.636,-3.0347
2023-04-21,6.78,6.82,6.58,6.59,143645777,959305939.56,0.8178,-1.7884
2023-04-24,6.57,6.58,6.2,6.26,234596619,1486502365.95,1.3355,-5.0076
2023-04-25,6.31,6.37,6.08,6.18,147623697,913628201.27,0.8404,-1.278
2023-04-26,6.11,6.17,6.0,6.07,151302639,918507617.19,0.8613,-1.7799
2023-04-27,6.02,6.03,5.82,5.89,175998704,1037982741.75,1.0019,-2.9654
2023-04-28,5.92,6.05,5.91,5.96,170164300,1017351700.0,0.9687,1.1885
2023-05-04,5.88,5.88,5.66,5.7,280601112,1615064786.4,1.5974,-4.3624
2023-05-05,5.71,5.8,5.59,5.62,164903822,932505899.17,0.9388,-1.4035
2023-05-08,5.7,6.02,5.68,5.85,215692247,1269828548.0,1.2279,4.0925
2023-05-09,5.86,6.04,5.84,5.86,167395708,994217888.97,0.953,0.1709
2023-05-10,5.85,5.92,5.78,5.81,106391329,619646901.53,0.6057,-0.8532
2023-05-11,5.79,5.81,5.63,5.66,143391045,815941929.54,0.8163,-2.5818
2023-05-12,5.57,5.58,5.26,5.3,285850413,1533634780.52,1.6273,-6.3604
2023-05-15,5.29,5.49,5.29,5.46,115223010,620676868.65,0.656,3.0189
2023-05-16,5.46,5.49,5.4,5.42,69270071,377034070.76,0.3943,-0.7326
2023-05-17,5.35,5.41,5.31,5.35,84996568,454786852.89,0.4839,-1.2915
2023-05-18,5.44,5.49,5.37,5.4,74783152,406429341.32,0.4257,0.9346
2023-05-19,5.35,5.37,5.29,5.34,70738398,376595437.36,0.4027,-1.1111
2023-05-22,5.34,5.38,5.3,5.35,59397402,317008687.68,0.3381,0.1873
2023-05-23,5.33,5.35,5.24,5.24,78371807,413507833.44,0.4462,-2.0561
2023-05-24,5.21,5.31,5.16,5.25,70000581,366765522.39,0.3985,0.1908
2023-05-25,5.2,5.22,5.1,5.16,81432801,419496650.15,0.4636,-1.7143
2023-05-26,5.17,5.25,5.13,5.25,49755097,258575516.41,0.2833,1.7442
2023-05-29,5.28,5.3,5.22,5.25,49279453,258718343.37,0.2805,0.0
2023-05-30,5.27,5.28,5.17,5.25,49353800,257974329.0,0.281,0.0
2023-05-31,5.23,5.25,5.17,5.24,60922146,317467175.44,0.3468,-0.1905
2023-06-01,5.24,5.35,5.17,5.29,96922325,513102829.62,0.5518,0.9542
2023-06-02,5.33,5.49,5.33,5.47,153850761,837772623.49,0.8759,3.4026
2023-06-05,5.47,5.48,5.39,5.44,68290060,371111167.96,0.3888,-0.5484
2023-06-06,5.46,5.53,5.37,5.38,90122989,491924375.39,0.5131,-1.1029
2023-06-07,5.4,5.49,5.34,5.39,62668942,338668323.85,0.3568,0.1859
2023-06-08,5.37,5.47,5.36,5.41,51736993,279731504.15,0.2945,0.3711
2023-06-09,5.45,5.46,5.39,5.4,67805147,367313309.83,0.386,-0.1848
2023-06-12,5.4,5.41,5.3,5.39,92156517,493991637.75,0.5246,-0.1852
2023-06-13,5.37,5.38,5.33,5.37,51938528,278132483.42,0.2957,-0.3711
2023-06-14,5.44,5.63,5.43,5.51,227843795,1260222047.44,1.2971,2.6071
2023-06-15,5.49,5.6,5.38,5.58,163493342,898807900.99,0.9307,1.2704
2023-06-16,5.58,5.67,5.54,5.66,144411193,814065008.78,0.8221,1.4337
2023-06-19,5.65,5.67,5.45,5.49,138185557,760978120.49,0.7867,-3.0035
2023-06-20,5.49,5.57,5.44,5.52,81937501,451448666.86,0.4665,0.5464
2023-06-21,5.5,5.53,5.33,5.34,105839591,572180685.01,0.6025,-3.2609
2023-06-26,5.32,5.37,5.22,5.26,61122306,323362329.12,0.348,-1.4981
2023-06-27,5.25,5.42,5.18,5.38,109352162,579253224.85,0.6225,2.2814
2023-06-28,5.36,5.42,5.31,5.37,69543429,373006074.25,0.3959,-0.1859
2023-06-29,5.36,5.39,5.3,5.31,77866876,415151858.06,0.4433,-1.1173
2023-06-30,5.29,5.38,5.28,5.33,56449978,301145789.67,0.3195,0.3766
2023-07-03,5.37,5.57,5.35,5.56,153349673,847248720.89,0.873,4.3152
2023-07-04,5.59,5.67,5.48,5.53,79645997,440269733.99,0.4534,-0.5396
2023-07-05,5.5,5.66,5.49,5.6,126017714,705888545.15,0.7174,1.2658
2023-07-06,5.6,5.61,5.48,5.51,84257615,464774465.2,0.4797,-1.6071
2023-07-07,5.42,5.44,5.33,5.4,70718937,380424727.43,0.4026,-0.5525
2023-07-10,5.43,5.51,5.42,5.47,68901285,376326724.87,0.3922,1.2963
2023-07-11,5.47,5.54,5.41,5.53,75914485,416765832.55,0.4322,1.0969
2023-07-12,5.53,5.58,5.5,5.52,87511855,484808373.45,0.4982,-0.1808
2023-07-13,5.63,5.85,5.61,5.8,232719092,1341426182.31,1.3248,5.0725
2023-07-14,5.88,5.97,5.81,5.84,138070994,809653568.09,0.786,0.6897
2023-07-17,5.69,5.88,5.63,5.76,116316786,669224766.49,0.6622,-1.3699
2023-07-18,5.74,5.81,5.71,5.75,70198497,403950431.7,0.3996,-0.1736
2023-07-19,5.86,5.91,5.79,5.85,133444098,779651411.58,0.7597,1.7391
2023-07-20,5.85,5.94,5.81,5.85,120384139,709824791.64,0.6853,0.0
2023-07-21,5.85,5.89,5.75,5.81,74056385,430893998.42,0.4216,-0.6838
2023-07-24,5.83,5.84,5.73,5.75,57231416,330204294.84,0.3258,-1.0327
2023-07-25,5.88,6.15,5.88,5.98,147093905,878770342.72,0.8374,4.0
2023-07-26,6.01,6.08,5.95,6.03,85982783,517926814.52,0.4895,0.8361
2023-07-27,6.03,6.04,5.91,5.92,76854829,458047160.12,0.4375,-1.8242
2023-07-28,5.87,6.04,5.84,6.03,100883637,603075442.52,0.5743,1.8581
2023-07-31,6.12,6.28,6.08,6.17,157418281,975153032.63,0.8962,2.3217
2023-08-01,6.29,6.48,6.21,6.25,174587104,1107459439.2,0.9939,1.2966
2023-08-02,6.21,6.23,6.13,6.16,79832416,492903439.61,0.4545,-1.44
2023-08-03,6.1,6.14,6.03,6.1,107166151,651916227.17,0.6101,-0.974
2023-08-04,6.19,6.31,6.07,6.1,128975374,796167818.84,0.7342,0.0
2023-08-07,6.09,6.13,6.03,6.11,50832633,309465875.66,0.2894,0.1639
2023-08-08,6.11,6.19,6.02,6.14,81744656,500365830.02,0.4654,0.491
2023-08-09,6.09,6.15,6.08,6.13,43658383,267076715.96,0.2485,-0.1629
2023-08-10,6.12,6.16,6.05,6.09,52436217,319389300.21,0.2985,-0.6525
2023-08-11,6.09,6.13,5.92,5.95,91154932,546369372.41,0.5189,-2.2989
2023-08-14,5.88,5.91,5.77,5.87,82969812,485118057.96,0.4723,-1.3445
2023-08-15,5.88,5.92,5.74,5.84,62176455,361964933.88,0.354,-0.5111
2023-08-16,5.76,5.86,5.76,5.79,41325250,240366599.09,0.2353,-0.8562
2023-08-17,5.73,5.8,5.67,5.8,64707258,371023837.4,0.3684,0.1727
2023-08-18,5.84,5.84,5.67,5.67,53426459,306819978.9,0.3042,-2.2414
2023-08-21,5.66,5.74,5.63,5.64,54594627,310328039.83,0.3108,-0.5291
2023-08-22,5.69,5.88,5.68,5.82,113643123,656414829.46,0.647,3.1915
2023-08-23,5.83,5.83,5.69,5.69,86142882,494249352.92,0.4904,-2.2337
2023-08-24,5.78,5.95,5.77,5.85,110831201,649421604.96,0.6309,2.812
2023-08-25,5.8,5.87,5.75,5.8,86689695,502732688.45,0.4935,-0.8547
2023-08-28,6.05,6.09,5.7,5.73,142741803,832624885.44,0.8126,-1.2069
2023-08-29,5.76,5.84,5.63,5.77,112462975,646053697.24,0.6402,0.6981
2023-08-30,5.79,5.86,5.76,5.78,81948436,475622725.5,0.4665,0.1733
2023-08-31,5.79,5.86,5.72,5.73,59730053,344339398.03,0.34,-0.8651
2023-09-01,5.74,6.04,5.74,5.94,132265513,783392504.61,0.753,3.6649
2023-09-04,6.1,6.23,6.06,6.17,189321542,1163665678.19,1.0778,3.8721
2023-09-05,6.15,6.2,6.09,6.18,77982802,479943324.36,0.4439,0.1621
2023-09-06,6.3,6.35,6.13,6.25,127751696,798252428.79,0.7273,1.1327
2023-09-07,6.26,6.28,6.14,6.16,76994695,476410346.72,0.4383,-1.44
2023-09-08,6.14,6.15,6.07,6.08,38085829,232098119.57,0.2168,-1.2987
2023-09-11,6.1,6.25,6.09,6.19,90831844,563051253.15,0.5171,1.8092
2023-09-12,6.22,6.29,6.16,6.17,69256748,431937214.48,0.3943,-0.3231
2023-09-13,6.17,6.2,6.09,6.15,58885203,361657872.33,0.3352,-0.3241
2023-09-14,6.18,6.28,6.15,6.26,107123390,666662973.72,0.6098,1.7886
2023-09-15,6.38,6.44,6.29,6.35,153355937,978557974.7,0.873,1.4377
2023-09-18,6.35,6.38,6.19,6.25,86258060,539179005.77,0.4911,-1.5748
2023-09-19,6.23,6.31,6.19,6.3,71675879,449766503.86,0.408,0.8
2023-09-20,6.27,6.3,6.21,6.23,45180508,282058326.56,0.2572,-1.1111
2023-09-21,6.19,6.23,6.11,6.14,71167572,437775784.09,0.4051,-1.4446
2023-09-22,6.08,6.15,6.04,6.09,96707918,587816895.47,0.5505,-0.8143
2023-09-25,6.1,6.13,6.06,6.08,50229807,305920404.8,0.286,-0.1642
2023-09-26,6.09,6.16,6.05,6.08,44899104,273600321.42,0.2556,0.0
2023-09-27,6.07,6.09,5.97,6.01,84681995,509452380.17,0.4821,-1.1513
2023-09-28,6.01,6.05,5.85,5.91,98714031,584343888.38,0.562,-1.6639
2023-10-09,5.88,5.99,5.78,5.98,78141057,461332347.34,0.4448,1.1844
2023-10-10,5.98,6.0,5.87,5.89,58019500,343760137.0,0.3303,-1.505
2023-10-11,5.92,5.93,5.81,5.84,76237662,446244098.62,0.434,-0.8489
2023-10-12,5.87,5.97,5.87,5.91,74411233,440439532.91,0.4236,1.1986
2023-10-13,5.87,5.87,5.77,5.78,57296189,332256936.42,0.3262,-2.1997
2023-10-16,5.79,5.83,5.76,5.78,55092828,318788188.31,0.3136,0.0
2023-10-17,5.78,5.81,5.73,5.74,56937242,328094515.11,0.3241,-0.692
2023-10-18,5.75,5.75,5.61,5.62,74862754,424057316.85,0.4262,-2.0906
2023-10-19,5.58,5.6,5.51,5.52,65744367,364839330.24,0.3743,-1.7794
2023-10-20,5.5,5.55,5.35,5.38,111611115,604355925.04,0.6354,-2.5362
2023-10-23,5.36,5.36,5.11,5.15,107268826,558826259.92,0.6107,-4.2751
2023-10-24,5.2,5.33,5.2,5.31,107384991,565404394.33,0.6113,3.1068
2023-10-25,5.47,5.5,5.34,5.34,100426245,543442661.74,0.5717,0.565
2023-10-26,5.3,5.37,5.24,5.35,81040774,430085750.52,0.4614,0.1873
2023-10-27,5.34,5.46,5.26,5.43,94630249,511906632.06,0.5387,1.4953
2023-10-30,5.47,5.66,5.44,5.62,155464018,869679041.62,0.885,3.4991
2023-10-31,5.6,5.6,5.47,5.54,83881755,463325620.82,0.4775,-1.4235
2023-11-01,5.53,5.54,5.43,5.43,78744625,429806416.03,0.4483,-1.9856
2023-11-02,5.46,5.53,5.37,5.37,69415552,376097052.57,0.3952,-1.105
2023-11-03,5.4,5.47,5.39,5.41,69350737,375831459.87,0.3948,0.7449
2023-11-06,5.43,5.48,5.27,5.31,179804289,957429148.36,1.0236,-1.8484
2023-11-07,5.31,5.31,5.23,5.27,95329732,501328895.22,0.5427,-0.7533
2023-11-08,5.25,5.26,5.15,5.18,118961905,617804033.99,0.6772,-1.7078
2023-11-09,5.14,5.22,5.12,5.2,103142624,534655363.99,0.5872,0.3861
2023-11-10,5.18,5.18,5.12,5.15,68403388,351634968.06,0.3894,-0.9615
2023-11-13,5.17,5.24,5.15,5.23,81269718,422161229.6,0.4627,1.5534
2023-11-14,5.23,5.25,5.17,5.22,69463628,361868980.25,0.3954,-0.1912
2023-11-15,5.27,5.38,5.26,5.37,159687254,851130998.5,0.9091,2.8736
2023-11-16,5.36,5.36,5.24,5.26,78478807,413988289.45,0.4468,-2.0484
2023-11-17,5.26,5.26,5.2,5.25,49686496,259554873.2,0.2829,-0.1901
2023-11-20,5.24,5.3,5.19,5.3,71981027,378457569.57,0.4098,0.9524
2023-11-21,5.34,5.48,5.33,5.36,141509760,764366967.01,0.8056,1.1321
2023-11-22,5.36,5.4,5.3,5.3,67089300,358160697.0,0.3819,-1.1194
2023-11-23,5.29,5.33,5.25,5.32,49929607,263774030.49,0.2842,0.3774
2023-11-24,5.31,5.33,5.25,5.28,46957479,248013020.91,0.2673,-0.7519
2023-11-27,5.26,5.28,5.2,5.25,58393876,305900736.5,0.3324,-0.5682
2023-11-28,5.26,5.26,5.19,5.25,58444624,304702471.08,0.3327,0.0
2023-11-29,5.27,5.31,5.23,5.25,59282608,312323112.03,0.3375,0.0
2023-11-30,5.24,5.24,5.18,5.21,51613723,268837502.97,0.2938,-0.7619
2023-12-01,5.21,5.29,5.2,5.28,79015644,414707217.78,0.4498,1.3436
2023-12-04,5.34,5.45,5.16,5.17,248721430,1322849550.86,1.4159,-2.0833
2023-12-05,5.03,5.12,4.9,4.94,200452925,1000325690.89,1.1412,-4.4487
2023-12-06,4.92,5.07,4.91,5.02,107714253,540222422.29,0.6132,1.6194
2023-12-07,5.02,5.03,4.92,4.95,85553533,424003909.43,0.487,-1.3944
2023-12-08,4.97,4.99,4.89,4.9,80208860,395401884.98,0.4566,-1.0101
2023-12-11,4.88,4.9,4.78,4.86,144481491,698836909.19,0.8225,-0.8163
2023-12-12,4.84,4.86,4.76,4.84,118973896,572101269.84,0.6773,-0.4115
2023-12-13,4.81,4.83,4.71,4.72,109200713,520277732.24,0.6217,-2.4793
2023-12-14,4.77,4.8,4.71,4.71,89086328,422930073.88,0.5072,-0.2119
2023-12-15,4.76,4.85,4.75,4.77,129866965,624427811.33,0.7393,1.2739
2023-12-18,4.74,4.76,4.64,4.66,85424644,400502139.63,0.4863,-2.3061
2023-12-19,4.66,4.7,4.61,4.68,65434927,305265147.9,0.3725,0.4292
2023-12-20,4.7,4.78,4.69,4.71,113137997,536218018.39,0.6441,0.641
2023-12-21,4.68,4.85,4.65,4.84,119971819,573067316.17,0.683,2.7601
2023-12-22,4.84,4.97,4.8,4.9,121004616,592589939.69,0.6889,1.2397
2023-12-25,4.9,4.95,4.87,4.93,76115676,373549543.97,0.4333,0.6122
2023-12-26,4.93,4.94,4.89,4.92,56692336,278576405.28,0.3227,-0.2028
2023-12-27,4.91,5.12,4.91,5.08,151966596,765831346.53,0.8651,3.252
2023-12-28,5.11,5.25,5.1,5.16,163415379,846612481.85,0.9303,1.5748
2023-12-29,5.13,5.22,5.13,5.2,98730274,511751072.73,0.5621,0.7752
2024-01-02,5.21,5.35,5.2,5.29,129976159,687708427.3,0.7399,1.7308
2024-01-03,5.28,5.28,5.21,5.25,96315778,505480222.57,0.5483,-0.7561
2024-01-04,5.23,5.28,5.16,5.2,97638556,508672640.47,0.5558,-0.9524
2024-01-05,5.3,5.44,5.23,5.27,190577616,1014811282.46,1.0849,1.3462
2024-01-08,5.32,5.42,5.25,5.32,172496680,921390894.58,0.982,0.9488
2024-01-09,5.3,5.38,5.23,5.35,140940259,748384275.35,0.8024,0.5639
2024-01-10,5.32,5.4,5.28,5.29,99681334,530871654.69,0.5675,-1.1215
2024-01-11,5.3,5.32,5.26,5.29,90585419,479061556.66,0.5157,0.0
2024-01-12,5.27,5.35,5.24,5.32,88511963,470364492.63,0.5039,0.5671
2024-01-15,5.3,5.36,5.24,5.34,94055364,499543883.83,0.5354,0.3759
2024-01-16,5.33,5.44,5.32,5.35,113060535,606260309.94,0.6436,0.1873
2024-01-17,5.37,5.39,5.23,5.23,83154914,440819390.0,0.4734,-2.243
2024-01-18,5.19,5.29,5.06,5.24,145749076,751879480.96,0.8297,0.1912
2024-01-19,5.21,5.22,5.13,5.19,91823363,475279173.81,0.5227,-0.9542
2024-01-22,5.18,5.19,4.97,5.02,112419417,573231367.79,0.64,-3.2755
2024-01-23,5.0,5.13,4.9,5.09,89433637,449449323.51,0.5091,1.3944
2024-01-24,5.11,5.25,5.07,5.22,106844905,551046891.25,0.6083,2.554
2024-01-25,5.25,5.43,5.2,5.42,129202914,693110355.25,0.7355,3.8314
2024-01-26,5.42,5.58,5.38,5.5,171605324,945329598.56,0.9769,1.476
2024-01-29,5.49,5.54,5.44,5.48,91574800,502721097.9,0.5213,-0.3636
2024-01-30,5.44,5.53,5.41,5.43,86226011,471949628.99,0.4909,-0.9124
2024-01-31,5.4,5.48,5.34,5.37,93179095,503883143.89,0.5305,-1.105
2024-02-01,5.34,5.52,5.32,5.47,105424023,574263357.39,0.6002,1.8622
2024-02-02,5.47,5.57,5.24,5.43,127690419,695999897.86,0.7269,-0.7313
2024-02-05,5.38,5.53,5.31,5.47,149376030,811775256.23,0.8456,0.7366
2024-02-06,5.43,5.62,5.43,5.59,114029664,634321590.9,0.6455,2.1938
2024-02-07,5.6,5.65,5.51,5.57,143694068,797866961.33,0.8134,-0.3578
2024-02-08,5.59,5.68,5.54,5.68,142160659,797652303.15,0.8047,1.9749
2024-02-19,5.69,5.99,5.65,5.97,177275440,1039255412.6,1.0035,5.1056
2024-02-20,5.94,6.11,5.86,6.03,127024403,765857429.63,0.719,1.005
2024-02-21,5.99,6.12,5.98,6.0,97717222,592314308.4,0.5531,-0.4975
2024-02-22,5.98,6.15,5.95,6.14,109253640,662074366.5,0.6184,2.3333
2024-02-23,6.14,6.38,6.09,6.35,150005205,943851152.02,0.8491,3.4202
2024-02-26,6.32,6.41,6.12,6.13,119735121,746064843.14,0.6778,-3.4646
2024-02-27,6.1,6.19,6.05,6.12,128353371,785097108.64,0.7266,-0.1631
2024-02-28,6.12,6.13,6.01,6.01,127251864,770630814.5,0.7203,-1.7974
2024-02-29,5.98,6.16,5.97,6.15,106471283,648854776.06,0.6027,2.3295
2024-03-01,6.14,6.27,6.11,6.23,96091355,595302525.85,0.5439,1.3008
2024-03-04,6.29,6.36,6.24,6.28,107240355,674439313.37,0.6071,0.8026
2024-03-05,6.28,6.37,6.26,6.34,108749025,688445621.66,0.6156,0.9554
2024-03-06,6.33,6.45,6.28,6.36,97088848,619945529.52,0.5496,0.3155
2024-03-07,6.37,6.83,6.37,6.62,199225955,1331063207.52,1.1278,4.0881
2024-03-08,6.75,6.81,6.59,6.75,132833560,890236440.38,0.7519,1.9637
2024-03-11,6.72,6.84,6.65,6.77,128603695,866795977.36,0.728,0.2963
2024-03-12,6.75,6.75,6.35,6.4,188338251,1225177106.69,1.0661,-5.4653
2024-03-13,6.6,6.95,6.56,6.8,336433284,2272599092.64,1.9044,6.25
2024-03-14,7.14,7.35,7.07,7.19,298252886,2150560054.74,1.6883,5.7353
2024-03-15,7.19,7.75,7.11,7.74,298426516,2227686621.63,1.6893,7.6495
2024-03-18,7.77,7.97,7.55,7.82,313895296,2442766718.57,1.7769,1.0336
2024-03-19,7.75,7.91,7.65,7.69,214742376,1669882017.57,1.2156,-1.6624
2024-03-20,7.59,7.76,7.45,7.59,218261408,1654482429.3,1.2355,-1.3004
2024-03-21,7.76,7.83,7.64,7.74,187498143,1452016403.35,1.0614,1.9763
2024-03-22,7.62,7.65,7.4,7.48,182397003,1367331076.97,1.0325,-3.3592
2024-03-25,7.61,7.98,7.58,7.82,256779434,2002809910.23,1.4535,4.5455
2024-03-26,7.84,7.98,7.67,7.78,181115823,1410152036.0,1.0252,-0.5115
2024-03-27,7.74,8.05,7.69,7.89,218095682,1725960171.75,1.2346,1.4139
2024-03-28,7.85,8.28,7.81,8.17,205676591,1668726333.39,1.1643,3.5488
2024-03-29,8.23,8.45,8.12,8.32,232538163,1923835697.0,1.3163,1.836
2024-04-01,8.5,8.61,8.12,8.25,250429585,2086664022.73,1.4176,-0.8413
2024-04-02,8.22,8.45,8.2,8.34,175102517,1458568221.6,0.9912,1.0909
2024-04-03,8.41,8.8,8.41,8.74,300723882,2595618329.27,1.7023,4.7962
2024-04-08,8.75,9.15,8.46,8.64,400144740,3539439670.42,2.2651,-1.1442
2024-04-09,8.66,8.76,8.4,8.48,243920176,2081803122.61,1.3808,-1.8519
2024-04-10,8.54,8.85,8.48,8.74,241845979,2094938860.34,1.369,3.066
2024-04-11,8.5,9.07,8.45,8.7,260258868,2268028726.33,1.4732,-0.4577
2024-04-12,8.7,9.08,8.64,8.96,241040953,2137318785.24,1.3645,2.9885
2024-04-15,8.79,9.17,8.64,9.16,224342390,1994182567.66,1.2699,2.2321
2024-04-16,9.08,9.36,8.77,8.85,241153756,2191450916.16,1.3651,-3.3843
2024-04-17,8.8,9.05,8.62,9.04,219150448,1938100485.61,1.2405,2.1469
2024-04-18,8.97,9.47,8.89,9.47,253814377,2330649155.08,1.4368,4.7566
2024-04-19,9.47,9.82,9.3,9.48,226958643,2158917584.26,1.2847,0.1056
2024-04-22,9.63,9.87,9.15,9.19,236543347,2242142937.29,1.339,-3.0591
2024-04-23,9.0,9.06,8.56,8.6,373832547,3265572685.25,2.1161,-6.42
2024-04-24,8.56,8.88,8.56,8.85,211443228,1851119449.31,1.1969,2.907
2024-04-25,8.77,8.88,8.66,8.87,152207825,1337951288.35,0.8616,0.226
2024-04-26,8.97,9.37,8.87,9.28,287525937,2615651536.4,1.6276,4.6223
2024-04-29,9.14,9.22,8.82,9.01,271958703,2445479677.48,1.5395,-2.9095
2024-04-30,9.1,9.23,8.81,8.98,276173717,2494883468.98,1.5633,-0.333
2024-05-06,8.78,8.85,8.5,8.83,313827520,2720565831.75,1.7765,-1.6704
2024-05-07,8.87,9.15,8.79,8.83,239033159,2143518956.87,1.3531,0.0
2024-05-08,8.76,8.99,8.6,8.83,190674443,1674154344.43,1.0793,0.0
2024-05-09,8.79,9.13,8.75,9.04,194546618,1749647543.08,1.1013,2.3783
2024-05-10,9.17,9.25,8.9,9.2,203676324,1855317593.7,1.1529,1.7699
2024-05-13,9.06,9.34,8.98,9.26,172833865,1585093839.4,0.9784,0.6522
2024-05-14,9.35,9.58,9.33,9.46,233204800,2206574833.55,1.3201,2.1598
2024-05-15,9.39,9.45,9.08,9.13,215375300,1993419608.0,1.2192,-3.4884
2024-05-16,9.24,9.33,8.57,8.67,488232121,4338131692.79,2.7637,-5.0383
2024-05-17,8.8,8.81,8.39,8.69,372773037,3196111071.04,2.1101,0.2307
2024-05-20,8.95,9.15,8.58,8.94,458580359,4076065001.85,2.5959,2.8769
2024-05-21,8.92,8.98,8.35,8.42,375591139,3215226640.91,2.1261,-5.8166
2024-05-22,8.41,8.5,8.15,8.21,283605929,2352497120.93,1.6054,-2.4941
2024-05-23,8.0,8.29,7.88,8.17,264844164,2143019087.33,1.4992,-0.4872
2024-05-24,8.15,8.29,8.11,8.18,153473322,1260631718.45,0.8688,0.1224
2024-05-27,8.15,8.58,8.15,8.54,233939360,1965531603.79,1.3243,4.401
2024-05-28,8.55,8.75,8.52,8.54,182115049,1569950531.52,1.0309,0.0
2024-05-29,8.5,8.88,8.48,8.76,175097938,1531433114.4,0.9912,2.5761
2024-05-30,8.7,8.74,8.29,8.34,188322296,1595499284.46,1.066,-4.7945
2024-05-31,8.32,8.45,8.21,8.34,147544165,1228223134.3,0.8352,0.0
2024-06-03,8.33,8.43,8.08,8.17,175293292,1442935373.24,0.9923,-2.0384
2024-06-04,8.25,8.57,8.15,8.4,179985821,1507401627.05,1.0188,2.8152
2024-06-05,8.2,8.23,8.01,8.03,221866498,1792598566.46,1.2559,-4.4048
2024-06-06,8.15,8.42,8.12,8.27,207279577,1714676551.69,1.1733,2.9888
2024-06-07,8.36,8.48,8.24,8.41,174403333,1461914836.83,0.9872,1.6929
2024-06-11,8.19,8.27,8.06,8.13,169286239,1378280816.03,0.9583,-3.3294
2024-06-12,8.13,8.33,8.1,8.25,111603800,916623489.52,0.6318,1.476
2024-06-13,8.2,8.31,8.01,8.1,135102947,1097382772.94,0.7648,-1.8182
2024-06-14,8.03,8.31,7.96,8.28,136116373,1115013024.42,0.7705,2.2222
2024-06-17,8.2,8.37,8.06,8.19,118526793,974178279.6,0.6709,-1.087
2024-06-18,8.23,8.27,8.05,8.14,108964606,887363555.0,0.6168,-0.6105
2024-06-19,8.19,8.53,8.17,8.4,175024590,1468299292.08,0.9908,3.1941
2024-06-20,8.5,8.63,8.38,8.45,151781445,1289968752.55,0.8592,0.5952
2024-06-21,8.55,8.6,8.3,8.33,118205623,994416383.52,0.6691,-1.4201
2024-06-24,8.16,8.35,8.1,8.25,98791922,813988315.21,0.5592,-0.9604
2024-06-25,8.29,8.45,8.22,8.33,106708249,890664403.87,0.604,0.9697
2024-06-26,8.26,8.34,8.09,8.3,120544980,992146159.25,0.6824,-0.3601
2024-06-27,8.26,8.3,8.02,8.19,118937114,971411049.62,0.6733,-1.3253
2024-06-28,8.16,8.57,8.15,8.5,167482479,1412459258.97,0.9481,3.7851
2024-07-01,8.48,8.68,8.42,8.66,126167622,1081982712.54,0.7142,1.8824
2024-07-02,8.66,8.73,8.43,8.54,108995200,932664753.0,0.617,-1.3857
2024-07-03,8.56,8.63,8.47,8.63,89587122,766182054.99,0.5071,1.0539
2024-07-04,8.85,8.96,8.77,8.82,186143250,1650543923.95,1.0537,2.2016
2024-07-05,8.86,9.13,8.8,9.09,172436029,1548269267.27,0.9761,3.0612
2024-07-08,8.98,9.05,8.87,8.92,138453282,1239771609.11,0.7837,-0.2237
2024-07-09,8.92,9.11,8.83,9.09,132743707,1193707020.23,0.7514,1.9058
2024-07-10,9.04,9.09,8.74,8.78,144345009,1285310171.52,0.8171,-3.4103
2024-07-11,8.82,9.1,8.74,9.05,132168960,1186601875.51,0.7482,3.0752
2024-07-12,9.0,9.07,8.63,8.76,200344876,1760512773.32,1.1341,-3.2044
2024-07-15,8.89,9.25,8.81,9.13,214839718,1959089558.66,1.2161,4.2237
2024-07-16,9.05,9.21,8.99,9.17,120144239,1096387058.47,0.6801,0.4381
2024-07-17,9.08,9.16,8.46,8.56,243452577,2123014724.0,1.3781,-6.6521
2024-07-18,8.47,8.67,8.39,8.62,136136898,1159407353.98,0.7706,0.7009
2024-07-19,8.28,8.47,8.01,8.41,194462095,1620164737.41,1.1008,-2.4362
2024-07-22,8.3,8.35,8.05,8.13,167048903,1361829941.18,0.9456,-3.3294
2024-07-23,8.15,8.21,7.55,7.56,275322841,2137352096.09,1.5585,-7.0111
2024-07-24,7.55,7.57,7.34,7.43,185215722,1379359633.44,1.0484,-1.7196
2024-07-25,7.24,7.32,6.99,7.02,247974439,1761151587.62,1.4037,-5.5182
2024-07-26,7.08,7.39,7.08,7.27,188923105,1372367363.72,1.0694,3.5613
2024-07-29,7.34,7.46,7.25,7.36,123424977,907453296.74,0.6987,1.238
2024-07-30,7.31,7.31,7.07,7.16,127468128,909593811.69,0.7216,-2.7174
2024-07-31,7.24,7.51,7.16,7.47,175730264,1296194873.68,0.9947,4.3296
2024-08-01,7.64,7.7,7.49,7.52,125994398,953711632.41,0.7132,0.6693
2024-08-02,7.29,7.32,7.14,7.22,166783477,1204302783.07,0.9441,-3.9894
2024-08-05,7.11,7.24,7.01,7.03,156512081,1112002643.13,0.886,-2.6316
2024-08-06,7.03,7.12,6.9,6.98,132024404,921057193.63,0.7473,-0.7112
2024-08-07,6.98,7.17,6.9,7.09,102401685,725595240.79,0.5797,1.5759
2024-08-08,7.02,7.03,6.85,6.95,113566856,785359909.43,0.6429,-1.9746
2024-08-09,7.02,7.16,7.02,7.06,119481786,848091515.41,0.6763,1.5827
2024-08-12,7.06,7.18,7.05,7.12,78326795,556498043.4,0.4434,0.8499
2024-08-13,7.18,7.22,7.07,7.18,85546330,610570305.93,0.4842,0.8427
2024-08-14,7.17,7.23,7.06,7.1,82310815,586907986.45,0.4659,-1.1142
2024-08-15,7.08,7.27,7.02,7.23,113364910,814366707.47,0.6417,1.831
2024-08-16,7.3,7.52,7.3,7.43,173024370,1286655638.35,0.9794,2.7663
2024-08-19,7.48,7.62,7.44,7.51,115633710,872195473.1,0.6546,1.0767
2024-08-20,7.56,7.57,7.36,7.41,77398500,575338172.63,0.4381,-1.3316
2024-08-21,7.4,7.45,7.33,7.43,50283767,372628913.57,0.2846,0.2699
2024-08-22,7.48,7.49,7.3,7.44,78752757,582637998.23,0.4458,0.1346
2024-08-23,7.38,7.48,7.36,7.42,56958526,422038791.38,0.3224,-0.2688
2024-08-26,7.52,7.65,7.42,7.64,155839053,1178610045.15,0.8822,2.965
2024-08-27,7.63,7.68,7.43,7.54,97853659,738557405.35,0.5539,-1.3089
2024-08-28,7.54,7.66,7.36,7.43,97487609,728791017.86,0.5518,-1.4589
2024-08-29,7.29,7.5,7.25,7.42,77284236,572883038.71,0.4375,-0.1346
2024-08-30,7.42,7.57,7.3,7.49,132767964,988257935.25,0.7516,0.9434
2024-09-02,7.4,7.44,7.19,7.3,107539615,784999519.75,0.6087,-2.5367
2024-09-03,7.29,7.42,7.25,7.3,71698925,526966532.35,0.4059,0.0
2024-09-04,7.09,7.09,6.86,6.94,176641056,1228768541.61,0.9999,-4.9315
2024-09-05,6.98,7.02,6.85,6.92,80686520,559726680.03,0.4567,-0.2882
2024-09-06,6.97,7.02,6.91,6.91,57347200,399046751.15,0.3246,-0.1445
2024-09-09,6.84,6.84,6.59,6.71,145140397,970190521.72,0.8216,-2.8944
2024-09-10,6.76,6.79,6.63,6.72,69202728,462778073.98,0.3917,0.149
2024-09-11,6.68,6.7,6.48,6.56,137082788,899808445.0,0.776,-2.381
2024-09-12,6.6,6.63,6.53,6.57,108688458,715532509.12,0.6152,0.1524
2024-09-13,6.66,6.73,6.52,6.53,154815698,1026803718.57,0.8764,-0.6088
2024-09-18,6.62,6.79,6.58,6.74,162277363,1089425645.01,0.9186,3.2159
2024-09-19,6.77,7.2,6.7,7.16,234868647,1643085121.93,1.3295,6.2315
2024-09-20,7.2,7.48,7.15,7.44,208721474,1533169650.93,1.1815,3.9106
2024-09-23,7.39,7.55,7.35,7.39,121124070,898437536.24,0.6856,-0.672
2024-09-24,7.48,7.76,7.44,7.68,188664491,1435481952.06,1.068,3.9242
2024-09-25,7.88,8.22,7.76,7.78,230391360,1836434637.29,1.3042,1.3021
2024-09-26,7.79,8.12,7.69,8.12,175216420,1390082607.28,0.9918,4.3702
2024-09-27,8.36,8.48,8.23,8.37,131133055,1094485689.47,0.7423,3.0788
2024-09-30,8.65,8.89,8.22,8.7,499140949,4286941749.96,2.8255,3.9427
2024-10-08,9.48,9.55,8.25,8.63,618523536,5433014864.01,3.5013,-0.8046
2024-10-09,8.38,8.38,7.85,7.93,335596413,2712182958.79,1.8997,-8.1112
2024-10-10,8.01,8.39,7.95,8.2,265719616,2169026873.35,1.5041,3.4048
2024-10-11,8.25,8.25,7.98,8.05,143021609,1154059067.64,0.8096,-1.8293
2024-10-14,8.09,8.43,8.05,8.4,212338944,1762716655.92,1.202,4.3478
2024-10-15,8.3,8.3,8.0,8.01,215078687,1746029248.75,1.2175,-4.6429
2024-10-16,7.91,8.06,7.81,8.02,136259518,1084562319.31,0.7713,0.1248
2024-10-17,8.08,8.11,7.86,7.88,120758195,963629676.54,0.6836,-1.7456
2024-10-18,7.91,8.09,7.83,8.0,198828698,1579619888.75,1.1255,1.5228
2024-10-21,8.11,8.44,8.05,8.32,319543555,2649023368.7,1.8088,4.0
2024-10-22,8.22,8.35,8.07,8.33,173591287,1428160272.31,0.9826,0.1202
2024-10-23,8.26,8.3,8.06,8.2,225517659,1843832528.58,1.2766,-1.5606
2024-10-24,8.1,8.11,7.93,8.02,170160081,1362666586.81,0.9632,-2.1951
2024-10-25,8.01,8.02,7.88,7.92,167114715,1324731123.36,0.946,-1.2469
2024-10-28,7.89,7.92,7.76,7.92,166683996,1308056844.64,0.9435,0.0
2024-10-29,7.92,7.96,7.63,7.66,306016324,2382930464.1,1.7323,-3.2828
2024-10-30,7.68,7.86,7.66,7.74,170933534,1323331327.96,0.9676,1.0444
2024-10-31,7.75,7.75,7.58,7.6,187129506,1431171485.6,1.0593,-1.8088
2024-11-01,7.6,8.14,7.51,7.93,464577502,3691860673.49,2.6298,4.3421
2024-11-04,8.03,8.1,7.85,8.0,249825630,1983600929.47,1.4142,0.8827
2024-11-05,7.98,8.24,7.93,8.18,291754473,2361159126.87,1.6515,2.25
2024-11-06,8.21,8.38,8.12,8.2,292064446,2413358404.28,1.6533,0.2445
2024-11-07,7.95,8.17,7.8,8.13,288931709,2315996343.24,1.6355,-0.8537
2024-11-08,8.28,8.41,8.09,8.1,264970084,2180011255.02,1.4999,-0.369
2024-11-11,8.01,8.04,7.8,7.92,281082994,2218430554.4,1.5911,-2.2222
2024-11-12,7.83,7.98,7.61,7.68,313169657,2437559894.26,1.7727,-3.0303
2024-11-13,7.6,7.74,7.58,7.67,176939647,1354863159.0,1.0016,-0.1302
2024-11-14,7.61,7.63,7.43,7.44,201144855,1512244016.42,1.1386,-2.9987
2024-11-15,7.44,7.63,7.41,7.46,146202325,1101095614.49,0.8276,0.2688
2024-11-18,7.42,7.58,7.33,7.4,171623609,1279332082.19,0.9715,-0.8043
2024-11-19,7.54,7.65,7.44,7.64,184565672,1394765031.9,1.0448,3.2432
2024-11-20,7.65,7.66,7.56,7.61,100900379,767226199.74,0.5712,-0.3927
2024-11-21,7.6,7.64,7.56,7.61,88198066,670389150.22,0.4993,0.0
2024-11-22,7.58,7.61,7.32,7.32,132481960,985948839.75,0.7499,-3.8108
2024-11-25,7.35,7.44,7.22,7.27,105626880,773826638.6,0.5979,-0.6831
2024-11-26,7.25,7.39,7.24,7.29,68724478,501919640.84,0.389,0.2751
2024-11-27,7.25,7.3,7.14,7.3,121926065,880041697.46,0.6902,0.1372
2024-11-28,7.25,7.29,7.13,7.15,114098300,820486454.0,0.6459,-2.0548
2024-11-29,7.15,7.35,7.07,7.28,160655933,1162695771.66,0.9094,1.8182
2024-12-02,7.4,7.56,7.38,7.48,177359536,1326914402.88,1.004,2.7473
2024-12-03,7.5,7.52,7.41,7.46,100202295,747614854.18,0.5672,-0.2674
2024-12-04,7.52,7.6,7.45,7.52,130746299,984684652.33,0.7401,0.8043
2024-12-05,7.48,7.49,7.35,7.37,126828170,938541372.35,0.7179,-1.9947
2024-12-06,7.36,7.42,7.33,7.42,130936742,967444956.4,0.7412,0.6784
2024-12-09,7.42,7.47,7.33,7.39,126760227,937411652.83,0.7175,-0.4043
2024-12-10,7.58,7.68,7.38,7.4,200059103,1498911687.38,1.1325,0.1353
2024-12-11,7.41,7.57,7.34,7.5,177829306,1330400913.5,1.0066,1.3514
2024-12-12,7.48,7.52,7.43,7.5,139072170,1039949933.2,0.7872,0.0
2024-12-13,7.43,7.44,7.17,7.22,330893017,2395510179.09,1.8731,-3.7333
2024-12-16,7.18,7.22,7.1,7.13,140905802,1007260314.9,0.7976,-1.2465
2024-12-17,7.1,7.21,7.06,7.07,132301050,942706679.0,0.7489,-0.8415
2024-12-18,7.1,7.13,6.98,6.99,154700775,1089240023.58,0.8757,-1.1315
2024-12-19,6.89,7.03,6.8,7.01,126085518,877702471.84,0.7137,0.2861
2024-12-20,6.99,7.02,6.82,6.85,177910312,1221890472.58,1.0071,-2.2825
2024-12-23,6.86,6.94,6.84,6.91,158374730,1093328852.39,0.8965,0.8759
2024-12-24,6.91,6.99,6.87,6.99,126061367,874441893.28,0.7136,1.1577
2024-12-25,6.98,6.99,6.85,6.89,89460147,616825553.91,0.5064,-1.4306
2024-12-26,6.88,7.0,6.86,6.95,93620836,650081878.85,0.53,0.8708
2024-12-27,6.96,7.02,6.82,6.82,187709171,1291587479.73,1.0626,-1.8705
2024-12-30,6.83,6.87,6.77,6.81,136304110,928804211.98,0.7716,-0.1466
2024-12-31,6.79,6.8,6.65,6.65,172000920,1154594228.48,0.9736,-2.3495
2025-01-02,6.66,6.75,6.55,6.58,184609145,1230142673.73,1.045,-1.0526
2025-01-03,6.61,6.97,6.61,6.77,328432488,2243092889.14,1.8591,2.8875
2025-01-06,6.8,6.92,6.62,6.81,204092387,1390315520.72,1.1553,0.5908
2025-01-07,6.85,7.14,6.82,7.04,236199927,1657579239.91,1.337,3.3774
2025-01-08,7.04,7.04,6.86,6.95,162436659,1128947307.28,0.9195,-1.2784
2025-01-09,7.0,7.0,6.88,6.94,108483300,753512287.12,0.6141,-0.1439
2025-01-10,6.97,7.08,6.89,6.96,170133191,1191487955.76,0.9631,0.2882
2025-01-13,6.89,7.06,6.86,6.94,175740897,1225475987.31,0.9948,-0.2874
2025-01-14,6.9,7.05,6.85,7.05,201217136,1402615599.22,1.139,1.585
2025-01-15,7.01,7.05,6.81,6.9,198950742,1374568794.78,1.1262,-2.1277
2025-01-16,6.97,7.21,6.97,7.1,305579956,2174512882.12,1.7298,2.8986
2025-01-17,7.09,7.2,7.05,7.16,159925691,1139715118.95,0.9053,0.8451
2025-01-20,7.16,7.19,7.04,7.05,159137210,1127104085.5,0.9008,-1.5363
2025-01-21,7.09,7.1,6.98,7.07,107121950,755638898.34,0.6064,0.2837
2025-01-22,7.07,7.13,6.99,7.11,153527572,1085246997.72,0.8691,0.5658
2025-01-23,7.22,7.4,7.12,7.14,286761900,2084155928.5,1.6233,0.4219
2025-01-24,7.17,7.33,7.17,7.29,157742828,1144443341.91,0.8929,2.1008
2025-01-27,7.29,7.34,7.24,7.24,100347411,730257305.57,0.568,-0.6859
2025-02-05,7.31,7.35,7.19,7.22,186431546,1353063044.7,1.0553,-0.2762
2025-02-06,7.28,7.3,7.19,7.23,157277909,1136500853.23,0.8954,0.1385
2025-02-07,7.21,7.36,7.14,7.29,259496209,1881059512.89,1.4773,0.8299
2025-02-10,7.33,7.6,7.31,7.49,354101239,2646429048.75,2.0159,2.7435
2025-02-11,7.47,7.57,7.4,7.43,189787466,1418431627.09,1.0804,-0.8011
2025-02-12,7.39,7.4,7.21,7.29,197525570,1439428474.64,1.1245,-1.8843
2025-02-13,7.29,7.34,7.22,7.22,142195768,1034798933.77,0.8095,-0.9602
2025-02-14,7.26,7.34,7.22,7.32,166885726,1214849208.79,0.9501,1.385
2025-02-17,7.24,7.25,7.04,7.08,257534986,1824036318.47,1.4661,-3.2787
2025-02-18,7.04,7.06,6.92,6.94,148351087,1038634739.99,0.8445,-1.9774
2025-02-19,6.94,6.98,6.91,6.96,113626106,788228781.72,0.6469,0.2882
2025-02-20,6.94,6.96,6.88,6.93,126877431,878872985.73,0.7223,-0.431
2025-02-21,6.94,6.98,6.88,6.91,151554422,1047967603.17,0.8628,-0.2886
2025-02-24,6.9,6.94,6.82,6.92,144732773,997088422.18,0.8239,0.1447
2025-02-25,6.89,6.9,6.75,6.77,179981975,1225641926.74,1.0246,-2.1676
2025-02-26,6.79,6.92,6.78,6.85,150065293,1027733567.36,0.8543,1.1817
2025-02-27,6.83,6.84,6.7,6.76,162942737,1099503921.12,0.9276,-1.3139
2025-02-28,6.71,6.72,6.62,6.64,156648435,1045122221.05,0.8918,-1.7751
2025-03-03,6.64,6.8,6.64,6.74,146751091,989752504.03,0.8354,1.506
2025-03-04,6.7,6.8,6.68,6.79,108426426,732066908.82,0.6173,0.7418
2025-03-05,6.8,6.88,6.73,6.84,132434475,902857450.44,0.7539,0.7364
2025-03-06,6.93,7.14,6.93,7.09,326771765,2308742965.48,1.8603,3.655
2025-03-07,7.09,7.3,7.08,7.19,303825153,2197574070.74,1.7296,1.4104
2025-03-10,7.3,7.85,7.3,7.81,747275182,5657677117.4,4.2542,8.6231
2025-03-11,7.65,7.73,7.48,7.7,495890784,3774394672.58,2.8231,-1.4085
2025-03-12,7.82,7.94,7.71,7.8,413668247,3240910974.52,2.355,1.2987
2025-03-13,7.9,7.98,7.78,7.91,328851813,2591599216.49,1.8721,1.4103
2025-03-14,8.09,8.21,7.84,7.92,398984949,3176874906.57,2.2714,0.1264
2025-03-17,7.85,7.91,7.71,7.73,251414971,1952349102.81,1.4313,-2.399
2025-03-18,7.76,7.93,7.7,7.86,259782100,2034353373.6,1.4789,1.6818
2025-03-19,7.84,7.91,7.74,7.87,158865084,1244675022.36,0.9044,0.1272
2025-03-20,7.98,8.08,7.87,7.91,233414215,1858385477.39,1.3288,0.5083
2025-03-21,7.87,7.93,7.58,7.64,213049190,1645574656.43,1.2129,-3.4134
2025-03-24,7.73,8.1,7.69,8.01,432651586,3441489102.89,2.463,4.8429
2025-03-25,8.03,8.19,7.97,8.08,307438820,2485190424.42,1.7502,0.8739
2025-03-26,8.22,8.39,7.93,7.98,423444392,3455881966.2,2.4106,-1.2376
2025-03-27,7.81,7.92,7.73,7.79,266736737,2080958601.2,1.5185,-2.381
2025-03-28,7.74,7.79,7.65,7.71,168211531,1298458791.01,0.9576,-1.027
2025-03-31,7.65,7.71,7.52,7.6,176074406,1339022974.99,1.0024,-1.4267
2025-04-01,7.61,7.69,7.56,7.59,131471452,1000296244.64,0.7485,-0.1316
2025-04-02,7.56,7.61,7.5,7.53,121464532,917211788.3,0.6915,-0.7905
2025-04-03,7.34,7.38,7.2,7.23,260176749,1892012883.66,1.4812,-3.9841
2025-04-07,6.51,6.58,6.51,6.51,251079218,1635430500.18,1.4294,-9.9585
2025-04-08,6.51,6.51,6.08,6.21,542242540,3366228666.76,3.0869,-4.6083
2025-04-09,6.07,6.19,5.91,6.15,392787279,2380662124.24,2.2361,-0.9662
2025-04-10,6.46,6.68,6.37,6.58,421705398,2753404048.06,2.4007,6.9919
2025-04-11,6.56,6.66,6.48,6.59,216336816,1418147310.32,1.2316,0.152
2025-04-14,6.7,7.03,6.7,6.88,304253263,2097084615.4,1.7321,4.4006
2025-04-15,6.9,6.94,6.76,6.8,173952722,1184334439.82,0.9903,-1.1628
2025-04-16,6.8,6.8,6.56,6.65,191901100,1271982445.0,1.0925,-2.2059
2025-04-17,6.7,6.71,6.62,6.66,128582527,856382924.91,0.732,0.1504
2025-04-18,6.66,6.73,6.62,6.72,104547005,699318069.46,0.5952,0.9009
2025-04-21,6.71,6.93,6.69,6.92,154389362,1054749448.76,0.8789,2.9762
2025-04-22,6.98,7.35,6.94,7.2,438371301,3151055170.5,2.4956,4.0462
2025-04-23,7.2,7.28,7.11,7.14,227867339,1633654984.72,1.2972,-0.8333
2025-04-24,7.08,7.2,7.04,7.06,133969309,951896128.86,0.7627,-1.1204
2025-04-25,7.15,7.2,7.08,7.13,145925303,1043543678.3,0.8307,0.9915
2025-04-28,7.2,7.23,7.1,7.16,151004071,1082488189.22,0.8596,0.4208
2025-04-29,7.16,7.2,7.1,7.13,85102478,609253760.89,0.4845,-0.419
2025-04-30,7.1,7.15,7.03,7.06,116022169,820987509.85,0.6605,-0.9818
2025-05-06,7.1,7.12,7.01,7.1,144422698,1022104522.48,0.8222,0.5666
2025-05-07,7.19,7.37,7.18,7.29,277357103,2015350051.47,1.579,2.6761
2025-05-08,7.19,7.2,7.14,7.17,160130838,1147065797.39,0.9116,-1.6461
2025-05-09,7.15,7.16,7.08,7.09,115227583,819342633.47,0.656,-1.1158
2025-05-12,7.16,7.28,7.1,7.28,192935476,1393787115.73,1.0984,2.6798
2025-05-13,7.32,7.43,7.29,7.34,163486675,1204055028.36,0.9307,0.8242
2025-05-14,7.39,7.44,7.33,7.44,131024232,968313203.53,0.7459,1.3624
2025-05-15,7.41,7.42,7.26,7.31,114903916,841255037.8,0.6541,-1.7473
2025-05-16,7.3,7.37,7.25,7.32,73834865,539489399.88,0.4203,0.1368
2025-05-19,7.29,7.3,7.16,7.19,87506463,629470188.97,0.4982,-1.776
2025-05-20,7.2,7.28,7.19,7.26,89346268,646722823.64,0.5086,0.9736
2025-05-21,7.3,7.49,7.28,7.48,180778291,1339882803.63,1.0292,3.0303
2025-05-22,7.4,7.4,7.33,7.35,81693394,601557922.02,0.4651,-1.738
2025-05-23,7.33,7.36,7.23,7.23,133622862,971913677.63,0.7607,-1.6327
2025-05-26,7.31,7.5,7.31,7.41,182620041,1352945095.41,1.0396,2.4896
2025-05-27,7.38,7.42,7.15,7.18,186374860,1351003509.98,1.061,-3.1039
2025-05-28,7.18,7.28,7.18,7.22,80690768,582504932.47,0.4594,0.5571
2025-05-29,7.18,7.32,7.17,7.26,92464213,671118800.25,0.5264,0.554
2025-05-30,7.23,7.25,7.12,7.2,100004015,718802825.0,0.5693,-0.8264
2025-06-03,7.25,7.32,7.2,7.23,123244978,894996434.2,0.7016,0.4167
2025-06-04,7.28,7.52,7.27,7.38,240916837,1787483311.84,1.3715,2.0747
2025-06-05,7.37,7.45,7.27,7.3,139632603,1022148309.2,0.7949,-1.084
2025-06-06,7.38,7.6,7.37,7.59,301645528,2273218976.72,1.7172,3.9726
2025-06-09,7.54,7.57,7.42,7.5,197717716,1479556713.74,1.1256,-1.1858
2025-06-10,7.57,7.59,7.45,7.5,142911316,1072703235.36,0.8136,0.0
2025-06-11,7.49,7.76,7.47,7.73,254428478,1947337718.25,1.4484,3.0667
2025-06-12,7.67,7.87,7.64,7.84,199498850,1551507645.99,1.1357,1.423
2025-06-13,7.85,7.93,7.77,7.91,203682510,1600596579.82,1.1595,0.8929
2025-06-16,7.89,7.98,7.8,7.85,131848126,1037973575.91,0.7506,-0.7585
2025-06-17,7.85,7.89,7.81,7.82,84677066,663646234.05,0.4821,-0.3822
2025-06-18,7.83,7.86,7.73,7.82,105904777,826340239.89,0.6029,0.0
2025-06-19,7.81,7.86,7.71,7.75,105741203,822507337.46,0.602,-0.8951
2025-06-20,7.77,7.9,7.73,7.78,125298578,978469762.19,0.7133,0.3871
2025-06-23,7.81,7.95,7.79,7.85,122330913,960902459.88,0.6964,0.8997
2025-06-24,7.88,8.03,7.88,7.89,182034720,1446937624.06,1.0363,0.5096
2025-06-25,7.9,7.94,7.87,7.93,110833677,876134780.2,0.631,0.507
2025-06-26,8.0,8.23,7.95,8.15,214137812,1738683675.54,1.2191,2.7743
2025-06-27,8.09,8.42,8.02,8.3,402167801,3332383707.09,2.2895,5.0633
2025-06-30,8.3,8.44,8.24,8.42,200819231,1679313998.13,1.1432,1.4458
2025-07-01,8.52,8.53,8.3,8.52,157248360,1322958163.04,0.8952,1.1876
2025-07-02,8.5,8.72,8.45,8.64,218977845,1890164563.5,1.2466,1.4085
2025-07-03,8.71,8.72,8.54,8.66,143580823,1236281216.28,0.8174,0.2315
2025-07-04,8.55,8.68,8.41,8.54,194120668,1658139744.25,1.1051,-1.3857
2025-07-07,8.43,8.53,8.39,8.42,115751364,978715024.25,0.659,-1.4052
2025-07-08,8.49,8.58,8.42,8.54,115787227,985253948.87,0.6592,1.4252
2025-07-09,8.66,8.66,8.03,8.06,438653358,3583485584.07,2.4972,-5.6206
2025-07-10,8.02,8.12,8.02,8.07,184057531,1487217563.2,1.0478,0.1241
2025-07-11,8.11,8.3,8.08,8.12,221188752,1810432916.96,1.2592,0.6196
2025-07-14,8.13,8.19,8.1,8.1,157467491,1279583894.49,0.8964,-0.2463
2025-07-15,8.17,8.23,8.02,8.1,165297751,1342222778.7,0.941,0.0
2025-07-16,8.14,8.2,8.09,8.11,101148304,822712978.44,0.5793,0.1235
2025-07-17,8.11,8.13,8.05,8.09,103875560,838512615.6,0.5949,-0.2466
2025-07-18,8.12,8.3,8.08,8.21,217265416,1781749252.31,1.2443,1.4833
2025-07-21,8.26,8.71,8.26,8.63,326808628,2782663638.23,1.8717,5.1157
2025-07-22,8.63,9.07,8.59,9.06,359138296,3183170422.05,2.0568,4.9826
2025-07-23,9.1,9.11,8.9,9.0,228621569,2060980723.5,1.3093,-0.6623
2025-07-24,9.0,9.4,8.98,9.31,318152582,2927467515.34,1.8221,3.4444
2025-07-25,9.24,9.32,9.13,9.21,181886113,1680083428.21,1.0417,-1.0741
2025-07-28,9.11,9.2,8.91,9.16,188126237,1711349556.16,1.0774,-0.5429
2025-07-29,9.12,9.25,9.08,9.25,145316887,1333788754.15,0.8322,0.9825
2025-07-30,9.35,9.51,9.27,9.34,213798909,2006313932.19,1.2244,0.973
2025-07-31,9.06,9.21,8.87,8.94,246755596,2225430611.46,1.4132,-4.2827
2025-08-01,8.89,9.05,8.85,8.98,140853390,1265099254.1,0.8067,0.4474
2025-08-04,8.97,9.28,8.96,9.26,188127632,1715374431.89,1.0774,3.118
2025-08-05,9.27,9.4,9.16,9.38,171291420,1593060560.64,0.981,1.2959
2025-08-06,9.32,9.55,9.32,9.51,153228078,1448624314.39,0.8776,1.3859
2025-08-07,9.55,9.58,9.3,9.48,127538179,1201465901.56,0.7304,-0.3155
2025-08-08,9.5,9.88,9.49,9.76,193593700,1879009982.34,1.1087,2.9536
2025-08-11,9.88,9.89,9.71,9.82,162415841,1591529165.33,0.9302,0.6148
2025-08-12,9.79,10.0,9.7,9.85,117878385,1162754767.84,0.6751,0.3055
2025-08-13,9.96,10.64,9.94,10.59,290351266,3004092260.41,1.6629,7.5127
2025-08-14,10.6,10.9,10.58,10.67,270536927,2903816125.65,1.5494,0.7554
2025-08-15,10.54,11.3,10.52,11.11,298272829,3300276002.34,1.7082,4.1237
2025-08-18,11.3,11.36,10.75,10.77,365585661,3995498091.3,2.0937,-3.0603
2025-08-19,10.77,11.05,10.77,10.85,243029686,2645447371.26,1.3919,0.7428
2025-08-20,10.68,11.03,10.67,10.95,178316729,1941743601.19,1.0212,0.9217
2025-08-21,11.02,11.25,10.97,11.06,180332465,2002063869.02,1.0328,1.0046
2025-08-22,11.09,11.25,10.97,11.11,182615155,2023827963.27,1.0459,0.4521
2025-08-25,11.36,12.08,11.3,12.08,402373687,4748637686.06,2.3044,8.7309
2025-08-26,12.01,12.21,11.78,12.05,238854758,2872407545.1,1.3679,-0.2483
2025-08-27,12.11,12.16,11.71,11.71,239615239,2859804206.65,1.3723,-2.8216
2025-08-28,11.66,11.87,11.47,11.86,230368765,2690163227.19,1.3193,1.281
2025-08-29,11.96,12.55,11.86,12.36,255283523,3117970309.59,1.462,4.2159
2025-09-01,12.6,13.57,12.23,13.53,369215674,4792833885.31,2.1145,9.466
2025-09-02,13.6,14.1,13.35,13.82,434837559,5949051734.48,2.4904,2.1434
2025-09-03,13.97,14.1,13.2,13.65,342130192,4653620376.81,1.9594,-1.2301
2025-09-04,13.6,13.77,12.29,12.44,528559944,6747305882.5,3.0271,-8.8645
2025-09-05,12.3,12.97,12.29,12.9,326934398,4159621429.23,1.8724,3.6977
2025-09-08,13.0,13.1,12.43,12.55,289812382,3679728183.12,1.6598,-2.7132
2025-09-09,12.49,12.91,12.41,12.58,265453176,3355146803.75,1.5203,0.239
2025-09-10,12.35,12.61,12.24,12.51,183056921,2277684943.19,1.0484,-0.5564
2025-09-11,12.56,13.0,12.5,13.0,246496935,3155704095.53,1.4117,3.9169
2025-09-12,13.1,13.73,13.01,13.42,329016664,4412592114.49,1.8843,3.2308
2025-09-15,13.43,13.55,13.27,13.35,182197983,2444292748.92,1.0435,-0.5216
2025-09-16,13.57,13.63,12.69,12.99,308080552,3988701012.95,1.7644,-2.6966
2025-09-17,12.85,12.92,12.65,12.8,235302841,2997447388.33,1.3476,-1.4627
2025-09-18,12.6,12.76,12.27,12.38,266421267,3324410624.27,1.5258,-3.2813
2025-09-19,12.38,12.68,12.38,12.51,168589427,2112604858.94,0.9655,1.0501
2025-09-22,12.98,13.02,12.54,12.71,194829634,2480991967.58,1.1158,1.5987
2025-09-23,12.75,13.02,12.27,12.52,198204552,2493001286.44,1.1351,-1.4949
2025-09-24,12.46,12.7,12.34,12.62,148634776,1863107563.09,0.8512,0.7987
2025-09-25,13.7,13.88,13.48,13.87,647552586,8927625186.71,3.7086,9.9049
2025-09-26,13.66,14.26,13.63,13.8,394469872,5503625152.55,2.2592,-0.5047
2025-09-29,13.9,14.87,13.72,14.74,389771929,5570229022.44,2.2323,6.8116
2025-09-30,15.01,15.85,14.74,15.7,369887970,5700787500.73,2.1184,6.5129
2025-10-09,16.37,17.27,16.0,17.27,394493174,6621689414.22,2.2593,10.0
2025-10-10,17.09,18.0,16.4,16.72,452534720,7723915350.87,2.5917,-3.1847
2025-10-13,15.51,17.3,15.51,17.24,414280809,6811229443.86,2.3726,3.11
2025-10-14,17.8,17.81,15.7,16.01,439358265,7335796049.5,2.5162,-7.1346
2025-10-15,16.25,16.33,15.48,16.31,305389344,4857728171.36,1.749,1.8738
2025-10-16,16.1,16.17,15.56,15.7,243426365,3854945657.48,1.3941,-3.74
2025-10-17,15.73,15.85,15.0,15.04,293969379,4488875182.8,1.6836,-4.2038
2025-10-20,15.04,15.35,14.91,15.11,208901413,3155084646.79,1.1964,0.4654
2025-10-21,15.25,15.84,15.12,15.45,215725595,3350499493.36,1.2355,2.2502
2025-10-22,14.85,15.63,14.73,15.54,200825632,3079018026.01,1.1501,0.5825
2025-10-23,15.51,15.98,15.25,15.9,221668015,3471769604.1,1.2695,2.3166
2025-10-24,16.24,16.85,16.18,16.78,329217666,5450374243.38,1.8855,5.5346
2025-10-27,17.49,17.82,17.0,17.29,398640937,6923570719.68,2.2831,3.0393
2025-10-28,17.27,17.35,16.66,16.75,280920443,4759873153.65,1.6089,-3.1232
2025-10-29,16.98,17.56,16.93,17.55,283842730,4910869408.47,1.6256,4.7761
2025-10-30,17.39,18.16,17.24,17.6,308434278,5466747987.42,1.7664,0.2849
2025-10-31,17.59,17.64,16.94,17.04,202917345,3495596152.38,1.1621,-3.1818
2025-11-03,16.85,17.0,15.9,16.37,273989067,4463301022.52,1.5692,-3.9319
2025-11-04,16.15,16.3,15.56,15.73,206562804,3278521497.79,1.183,-3.9096
2025-11-05,15.3,15.99,15.1,15.84,214436222,3349000257.58,1.2281,0.6993
2025-11-06,15.9,16.6,15.9,16.57,215998906,3533713533.0,1.237,4.6086
2025-11-07,16.5,16.78,16.2,16.54,162270549,2686240749.1,0.9293,-0.1811
2025-11-10,16.78,16.96,16.2,16.36,171632625,2835751508.07,0.983,-1.0883
2025-11-11,16.52,16.63,16.0,16.11,135417611,2190245417.79,0.7756,-1.5281
2025-11-12,15.99,16.42,15.81,16.08,166453381,2680835429.28,0.9533,-0.1862
2025-11-13,16.23,17.12,16.19,16.84,305150663,5123312826.77,1.7476,4.7264
2025-11-14,16.61,17.07,16.2,16.78,198514319,3322199923.58,1.1369,-0.3563
2025-11-17,16.5,16.65,15.94,16.05,229867039,3732508300.49,1.3165,-4.3504
2025-11-18,15.9,15.97,15.33,15.56,195440526,3052045696.41,1.1193,-3.053
2025-11-19,15.55,16.05,15.5,15.88,166588500,2629983592.73,0.9541,2.0566
2025-11-20,15.96,16.12,15.75,15.79,111353776,1772966633.19,0.6377,-0.5668
2025-11-21,15.4,15.58,15.09,15.18,162184916,2482279200.73,0.9288,-3.8632
2025-11-24,15.31,15.54,15.07,15.35,162737110,2496056425.11,0.932,1.1199
2025-11-25,15.7,16.13,15.65,15.97,195534922,3122972270.6,1.1198,4.0391
2025-11-26,16.08,16.23,15.86,15.98,153223276,2460971923.02,0.8775,0.0626
2025-11-27,16.09,16.55,15.92,15.95,165428240,2685802353.54,0.9474,-0.1877
2025-11-28,15.95,16.33,15.79,16.23,148067541,2391416348.52,0.848,1.7555
2025-12-01,16.96,17.67,16.9,17.29,377375309,6511515767.91,2.1613,6.5311
2025-12-02,17.19,17.36,16.98,17.19,169316473,2904714635.73,0.9697,-0.5784
2025-12-03,17.15,17.79,17.05,17.62,249157768,4359239161.88,1.427,2.5015
2025-12-04,18.4,18.66,17.79,17.9,290205313,5285675041.93,1.662,1.5891
2025-12-05,17.88,18.55,17.87,18.42,242491180,4437320652.39,1.3888,2.905
2025-12-08,18.43,18.78,17.95,18.69,251207113,4618292293.26,1.4387,1.4658
2025-12-09,18.39,18.39,17.41,17.55,269305897,4781296677.21,1.5423,-6.0995
2025-12-10,17.55,17.79,17.39,17.63,157598078,2775300929.37,0.9026,0.4558
2025-12-11,17.83,18.15,17.38,17.46,207752455,3683758392.63,1.1898,-0.9643
2025-12-12,17.85,17.93,17.39,17.58,260422918,4585710566.54,1.4915,0.6873
2025-12-15,17.1,18.32,17.1,17.93,254516617,4580819758.59,1.4576,1.9909
2025-12-16,18.0,18.35,17.43,17.5,212917978,3793769754.31,1.2194,-2.3982
2025-12-17,17.61,18.23,17.57,18.0,190692537,3419904180.38,1.0921,2.8571
2025-12-18,17.9,18.35,17.8,17.89,141940484,2556296479.63,0.8129,-0.6111
2025-12-19,17.95,18.36,17.56,18.36,212376436,3841957935.77,1.2163,2.6272
2025-12-22,18.5,18.87,18.37,18.62,203565376,3797410242.14,1.1658,1.4161
2025-12-23,18.72,19.11,18.32,18.55,212167806,3964914799.67,1.2151,-0.3759
2025-12-24,18.75,18.84,18.35,18.68,162996180,3025114725.84,0.9335,0.7008
2025-12-25,18.45,18.75,18.21,18.7,138439146,2561003434.68,0.7929,0.1071
2025-12-26,19.04,19.99,18.98,19.75,258406453,5061761232.97,1.4799,5.615
2025-12-29,20.06,20.16,18.78,18.88,339263345,6567976932.48,1.943,-4.4051
2025-12-30,18.27,19.55,18.21,19.52,232214523,4449207630.35,1.3299,3.3898
2025-12-31,19.51,20.47,19.38,20.0,250381667,5017376582.08,1.434,2.459
2026-01-05,20.2,20.55,19.87,20.44,223048045,4527927685.54,1.2774,2.2
2026-01-06,20.79,22.03,20.7,21.68,272232975,5844133198.09,1.5591,6.0665
2026-01-07,21.9,22.46,21.5,21.97,269369315,5919746704.38,1.5427,1.3376
2026-01-08,21.55,22.4,21.29,21.68,215982051,4693743247.73,1.237,-1.32
2026-01-09,21.45,22.89,21.35,22.78,258307552,5807690697.65,1.4794,5.0738
2026-01-12,23.2,23.33,22.3,22.69,299668151,6772910202.28,1.7162,-0.3951
2026-01-13,22.63,23.26,22.36,22.8,239923628,5478325565.2,1.3741,0.4848
2026-01-14,22.85,23.94,22.85,23.3,281459116,6586878272.26,1.6119,2.193
2026-01-15,23.3,24.55,23.2,24.05,305593872,7303877652.05,1.7502,3.2189
2026-01-16,24.17,25.09,24.15,24.25,330420149,8124242906.99,1.8923,0.8316
2026-01-19,24.27,24.37,22.86,23.31,327015400,7653631314.96,1.8729,-3.8763
2026-01-20,23.33,23.6,22.28,23.07,310074383,7100233540.57,1.7758,-1.0296
2026-01-21,22.88,23.27,22.55,23.23,220745406,5087477621.11,1.2642,0.6935
2026-01-22,23.18,23.18,22.53,22.7,219224692,4990729272.3,1.2555,-2.2815
2026-01-23,22.99,23.04,22.51,22.76,250439708,5714423301.84,1.4343,0.2643
2026-01-26,23.66,24.94,23.5,24.66,473163858,11464427872.29,2.7099,8.348
2026-01-27,24.42,25.8,23.8,24.48,454561623,11264381026.92,2.6033,-0.7299
2026-01-28,24.88,26.89,24.37,26.88,499425169,12794193901.77,2.8603,9.8039
2026-01-29,27.57,28.78,25.4,27.03,650043802,17655331468.12,3.7229,0.558
2026-01-30,25.7,25.98,24.33,24.33,497696281,12355368791.76,2.8504,-9.9889
2026-02-02,21.9,23.7,21.9,22.09,535622910,12086213207.49,3.0676,-9.2067
2026-02-03,22.78,23.33,22.15,23.13,407562716,9241815267.28,2.3342,4.708
2026-02-04,24.05,24.05,23.27,23.67,246990641,5814709509.23,1.4145,2.3346
2026-02-05,23.04,23.38,21.62,22.17,330634854,7365350386.2,1.8936,-6.3371
2026-02-06,21.0,22.37,20.86,21.99,278515433,6075217814.86,1.5951,-0.8119
2026-02-09,22.46,22.5,22.0,22.42,189989202,4235722503.72,1.0881,1.9554
2026-02-10,22.49,23.0,22.33,22.55,169334753,3832861980.75,0.9698,0.5798
2026-02-11,22.5,23.55,22.48,23.21,247403564,5744727530.54,1.4169,2.9268
2026-02-12,23.2,23.64,23.03,23.16,219336425,5109773534.02,1.2562,-0.2154
2026-02-13,22.5,22.89,21.93,21.98,280186393,6234657318.67,1.6047,-5.095
2026-02-24,22.95,23.18,22.7,22.86,220547310,5059597770.57,1.2631,4.0036
2026-02-25,23.0,23.86,22.83,23.45,295178065,6919175904.08,1.6905,2.5809
2026-02-26,23.73,23.75,22.9,23.03,253480155,5869291356.85,1.4517,-1.791
2026-02-27,22.95,24.1,22.9,23.99,338388430,8035386307.41,1.938,4.1685
2026-03-02,24.4,24.88,23.34,24.8,464528887,11194769414.95,2.6604,3.3764
2026-03-03,24.3,24.56,23.36,23.48,343692971,8215430155.83,1.9684,-5.3226
2026-03-04,22.54,23.65,22.45,22.99,218236801,5038318425.57,1.2499,-2.0869
2026-03-05,23.37,23.42,22.31,22.63,227587849,5187525307.57,1.3034,-1.5659
2026-03-06,22.25,22.45,21.68,22.02,221250389,4873975212.88,1.2671,-2.6955
2026-03-09,21.1,21.5,20.28,21.24,340379059,7091991877.39,1.9494,-3.5422
2026-03-10,21.62,21.95,21.45,21.74,180888421,3927946590.8,1.036,2.354
2026-03-11,21.85,21.96,21.43,21.48,174122320,3761957069.15,0.9972,-1.196
2026-03-12,21.19,21.37,20.32,20.66,349386224,7253017560.18,2.001,-3.8175
2026-03-13,20.3,20.7,19.69,19.76,353094242,7110088049.8,2.0222,-4.3562
2026-03-16,19.2,19.58,18.8,19.36,389113131,7455538134.26,2.2285,-2.0243
2026-03-17,19.45,19.97,19.36,19.42,234501032,4615969374.12,1.343,0.3099
2026-03-18,19.38,19.54,19.03,19.41,186914403,3604828915.94,1.0705,-0.0515
2026-03-19,18.7,18.9,17.69,17.85,493643605,8965848004.67,2.8271,-8.0371
2026-03-20,17.8,18.27,17.5,17.55,304636972,5451302900.31,1.7447,-1.6807
2026-03-23,16.99,17.37,16.32,16.49,418291607,7036601719.04,2.3956,-6.0399
2026-03-24,16.91,17.38,16.7,17.37,363246438,6195329073.4,2.0803,5.3366
2026-03-25,18.02,18.45,17.75,17.89,362107155,6545036881.55,2.0738,2.9937
2026-03-26,17.9,18.08,17.4,17.49,210678638,3729370375.39,1.2066,-2.2359
