日期,开盘,最高,最低,收盘,成交量,成交额,换手率,涨跌幅
2019-07-22,91.3,97.2,66.3,74.92,58330685,4564778758.0,78.417441,202.0968
2019-07-23,70.02,78.88,70.0,74.13,23906020,1777324317.0,32.138298,-1.054459
2019-07-24,74.13,76.55,72.5,75.88,21608530,1610303284.0,29.049644,2.360718
2019-07-25,75.0,79.98,74.6,78.0,24626920,1910989436.0,33.107447,2.793889
2019-07-26,76.78,76.78,70.3,71.68,16831530,1240093724.0,22.6276,-8.1026
2019-07-29,71.0,74.9,70.9,74.58,15233656,1125368095.0,20.479518,4.045761
2019-07-30,74.4,75.9,72.3,75.1,15434911,1150816877.0,20.7501,0.6972
2019-07-31,74.98,78.5,74.48,77.27,18836308,1452148340.0,25.3228,2.8895
2019-08-01,76.01,80.5,75.6,79.8,20986740,1640911045.0,28.2137,3.2742
2019-08-02,78.0,89.14,77.62,83.87,31803531,2655811987.0,42.7554,5.1003
2019-08-05,84.5,85.91,79.3,85.66,24370858,2044588243.0,32.7632,2.1343
2019-08-06,84.0,89.95,73.8,78.7,28829476,2467241681.0,38.7572,-8.1252
2019-08-07,80.25,81.5,75.33,79.13,16459262,1291939725.0,22.1272,0.5464
2019-08-08,79.3,83.89,78.03,78.49,15390115,1240952591.0,20.6899,-0.8088
2019-08-09,79.0,79.0,74.7,74.83,13224224,1009253338.0,17.7781,-4.663
2019-08-12,74.5,75.3,71.71,73.3,9888454,723614511.0,13.2936,-2.0446
2019-08-13,72.9,74.42,72.36,73.99,8085744,594422043.0,10.8702,0.9413
2019-08-14,74.85,75.97,74.0,74.41,8136375,609671411.0,10.9382,0.5677
2019-08-15,72.4,74.42,72.01,74.11,6344409,465852964.0,8.5292,-0.4032
2019-08-16,74.66,75.49,73.67,74.18,5962029,444653471.0,8.0151,0.0945
2019-08-19,74.6,76.46,73.52,75.76,9084341,681663507.0,12.2126,2.13
2019-08-20,75.7,76.39,74.69,74.98,5811733,439009637.0,7.8131,-1.0296
2019-08-21,74.69,74.88,70.13,70.7,10486912,755280762.0,14.0982,-5.7082
2019-08-22,70.75,72.55,70.01,70.85,5979728,426840374.0,8.0389,0.2122
2019-08-23,70.99,71.32,66.66,67.34,10253197,701753618.0,13.784,-4.9541
2019-08-26,66.75,68.39,66.75,68.0,4618014,312623984.0,6.2083,0.9801
2019-08-27,68.62,69.5,67.82,69.06,5364052,368827844.0,7.2112,1.5588
2019-08-28,68.8,69.65,67.61,67.96,4318428,295643118.0,5.8055,-1.5928
2019-08-29,67.97,71.33,67.0,70.69,8940314,623133934.0,12.019,4.0171
2019-08-30,71.0,71.1,69.19,69.28,6456719,451210028.0,8.6802,-1.9946
2019-09-02,70.0,70.65,68.45,70.2,5085739,354043000.0,6.8371,1.3279
2019-09-03,69.83,75.86,69.67,74.39,11570311,851613541.0,15.5547,5.9687
2019-09-04,74.0,75.75,73.25,73.93,6592636,490673078.0,8.8629,-0.6184
2019-09-05,74.24,76.06,73.47,74.41,7574412,567674448.0,10.1827,0.6493
2019-09-06,74.74,75.86,71.77,72.1,6504305,479641835.0,8.7441,-3.1044
2019-09-09,72.7,75.78,72.26,74.89,8946474,669319306.0,12.0273,3.8696
2019-09-10,74.92,77.0,73.98,74.7,7503136,566800733.0,10.0869,-0.2537
2019-09-11,74.3,74.7,73.17,73.23,4694050,346206123.0,6.3105,-1.9679
2019-09-12,73.38,73.88,70.66,70.95,6051890,433805839.0,8.1359,-3.1135
2019-09-16,71.02,71.89,70.64,71.0,2701930,192314867.0,3.6324,0.0705
2019-09-17,71.0,71.58,68.81,68.99,3462527,241894529.0,4.6549,-2.831
2019-09-18,68.99,70.77,68.99,69.5,3110510,217061959.0,4.1816,0.7392
2019-09-19,69.33,71.49,69.32,70.29,4044468,285727256.0,5.4372,1.1367
2019-09-20,70.3,71.04,69.5,70.7,3287438,231037858.0,4.4195,0.5833
2019-09-23,70.0,71.0,68.9,70.39,3042553,212679031.0,4.0903,-0.4385
2019-09-24,70.4,74.52,70.4,73.41,8742349,639821468.0,11.7529,4.2904
2019-09-25,72.9,73.4,70.24,70.26,4817713,344319521.0,6.4767,-4.291
2019-09-26,70.6,70.72,66.5,66.72,4915553,332861045.0,6.6083,-5.0384
2019-09-27,66.89,68.97,66.89,68.3,2709350,184063973.0,3.6423,2.3681
2019-09-30,68.35,68.5,62.0,63.27,4878548,315718738.0,6.5585,-7.3646
2019-10-08,63.28,63.79,61.0,61.17,2579943,159530572.0,3.4684,-3.3191
2019-10-09,60.35,61.85,60.3,61.76,1805609,110820238.0,2.4274,0.9645
2019-10-10,61.98,62.95,61.71,62.5,1886487,117690187.0,2.5361,1.1982
2019-10-11,62.84,62.87,61.44,61.44,1677064,103819054.0,2.2546,-1.696
2019-10-14,61.8,63.57,61.33,63.08,2746837,172306666.0,3.6927,2.6693
2019-10-15,63.0,63.0,61.4,61.62,1503903,93617816.0,2.0218,-2.3145
2019-10-16,62.0,62.29,60.01,60.02,2119858,129278651.0,2.8499,-2.5966
2019-10-17,60.06,60.78,59.22,59.32,2012873,120023264.0,2.706,-1.1663
2019-10-18,59.8,62.73,59.6,60.9,3748827,230751074.0,5.0398,2.6635
2019-10-21,60.46,60.5,57.6,58.6,2796823,163991957.0,3.7599,-3.7767
2019-10-22,58.2,59.45,58.2,59.0,1821221,107266660.0,2.4484,0.6826
2019-10-23,59.0,62.88,58.59,62.14,4533775,277269953.0,6.095,5.322
2019-10-24,61.35,62.3,61.01,61.05,2464349,151648455.0,3.313,-1.7541
2019-10-25,61.34,61.42,59.36,59.98,1675257,100997316.0,2.2521,-1.7527
2019-10-28,61.03,61.99,60.8,61.55,3032434,186534764.0,4.0767,2.6175
2019-10-29,61.57,62.75,60.2,60.38,2939484,181005332.0,3.9517,-1.9009
2019-10-30,59.97,62.29,59.71,59.99,3357649,204873081.0,4.5139,-0.6459
2019-10-31,59.79,60.5,57.8,58.29,2886407,169297444.0,3.8804,-2.8338
2019-11-01,57.9,59.96,57.6,59.25,2246059,132805459.0,3.0195,1.6469
2019-11-04,60.04,61.88,60.04,61.74,3945106,241427872.0,5.3036,4.2025
2019-11-05,61.1,62.78,60.85,62.16,4187105,259500926.0,5.629,0.6803
2019-11-06,62.32,62.62,60.9,61.13,2331354,143703073.0,3.1342,-1.657
2019-11-07,60.8,64.6,60.8,63.98,5461420,345060753.0,7.3421,4.6622
2019-11-08,63.98,70.5,63.53,67.0,10201948,694671231.0,13.7151,4.7202
2019-11-11,66.92,70.2,64.5,67.63,6583904,449738557.0,8.8511,0.9403
2019-11-12,66.9,69.38,65.91,65.94,3998358,270515920.0,5.3752,-2.4989
2019-11-13,66.01,71.4,65.8,70.81,8147064,567509998.0,10.9526,7.3855
2019-11-14,70.6,73.19,69.3,70.0,6051381,429564221.0,8.1352,-1.1439
2019-11-15,69.82,72.0,69.63,70.08,4735426,335693404.0,6.3661,0.1143
2019-11-18,69.11,70.5,67.85,69.36,3277979,225869468.0,4.4068,-1.0274
2019-11-19,69.36,70.99,68.15,69.89,4700207,327328000.0,6.3188,0.7641
2019-11-20,69.0,69.4,66.57,67.5,6691639,453850684.0,8.996,-3.4197
2019-11-21,67.0,68.18,66.32,66.6,2478670,166731627.0,3.3322,-1.3333
2019-11-22,66.6,68.5,65.0,67.25,3898883,261123241.0,5.2415,0.976
2019-11-25,66.66,67.64,63.15,63.7,3809554,248656273.0,5.1214,-5.2788
2019-11-26,63.91,64.9,63.7,63.98,2001621,128579179.0,2.6909,0.4396
2019-11-27,64.29,67.45,63.17,66.08,4276271,282467082.0,5.7488,3.2823
2019-11-28,65.8,67.59,65.08,65.42,2689545,178275288.0,3.6157,-0.9988
2019-11-29,65.5,66.0,64.09,65.43,2216339,144545287.0,2.9796,0.0153
2019-12-02,65.4,67.18,65.12,65.86,2438658,161837753.0,3.2784,0.6572
2019-12-03,65.5,65.82,63.3,65.16,2599181,167917212.0,3.4942,-1.0629
2019-12-04,64.87,70.06,64.59,68.1,5644483,384519355.0,7.5882,4.512
2019-12-05,67.91,70.5,67.51,69.49,5041348,350686917.0,6.7774,2.0411
2019-12-06,69.8,70.7,69.02,69.93,2652411,185428335.0,3.5658,0.6332
2019-12-09,70.29,73.1,70.28,71.9,5330164,384395602.0,7.1657,2.8171
2019-12-10,71.53,75.11,70.1,73.65,6466261,475484434.0,8.693,2.4339
2019-12-11,72.61,74.88,71.27,72.51,4006986,292520320.0,5.3868,-1.5479
2019-12-12,72.21,74.2,71.88,72.13,3381237,247502114.0,4.5456,-0.5241
2019-12-13,73.2,73.3,70.5,71.6,2805456,200420504.0,3.7715,-0.7348
2019-12-16,71.22,74.67,71.05,74.6,3744611,274034418.0,5.0341,4.1899
2019-12-17,75.18,77.88,74.2,74.62,3890416,295240242.0,5.2301,0.0268
2019-12-18,74.6,76.85,74.5,75.47,3863381,292890616.0,5.1938,1.1391
2019-12-19,75.44,75.5,73.05,74.12,2800014,206967847.0,3.7642,-1.7888
2019-12-20,73.35,75.29,73.0,73.0,2162042,160702516.0,2.9066,-1.5111
2019-12-23,72.67,72.67,68.45,68.63,3849625,269852046.0,5.1753,-5.9863
2019-12-24,69.0,70.18,68.82,69.32,2324399,161666812.0,3.1248,1.0054
2019-12-25,69.33,73.8,69.3,73.49,3996597,289367454.0,5.3729,6.0156
2019-12-26,73.0,76.38,72.38,74.88,4150634,308711321.0,5.5799,1.8914
2019-12-27,75.0,76.19,73.01,73.39,2554624,190253422.0,3.4343,-1.9898
2019-12-30,73.1,73.31,70.72,71.35,3059032,219231912.0,4.1124,-2.7797
2019-12-31,71.44,72.29,70.72,71.61,1674325,119896783.0,2.2509,0.3644
2020-01-02,72.5,75.2,71.56,74.25,3327088,244279922.0,4.4728,3.6866
2020-01-03,74.95,76.98,74.26,74.88,3693728,278730893.0,4.9657,0.8485
2020-01-06,74.2,75.67,71.45,71.91,5689498,417761777.0,7.6487,-3.9663
2020-01-07,71.05,71.49,67.22,68.5,12717852,871097526.0,17.0974,-4.742
2020-01-08,68.01,69.5,67.8,68.84,5621765,384984781.0,7.5577,0.4963
2020-01-09,70.0,70.45,69.32,70.08,5564708,389087734.0,7.481,1.8013
2020-01-10,70.15,70.99,69.14,69.35,3678381,257424954.0,4.9451,-1.0417
2020-01-13,69.41,75.31,67.88,75.13,10084955,728609274.0,13.5578,8.3345
2020-01-14,75.15,81.66,73.66,78.3,14967721,1158813258.0,20.122,4.2194
2020-01-15,77.51,79.96,75.28,78.61,8206121,637521311.0,11.032,0.3959
2020-01-16,78.37,83.6,78.0,81.32,11736554,956416415.0,15.7782,3.4474
2020-01-17,81.5,88.39,80.1,86.73,11986658,1016490078.0,16.1144,6.6527
2020-01-20,86.78,86.78,81.8,83.49,11281718,947158512.0,15.1667,-3.7357
2020-01-21,83.69,85.6,80.38,80.43,7590866,626433667.0,10.2049,-3.6651
2020-01-22,79.0,96.3,76.8,94.0,17388469,1471356166.0,21.986,16.8718
2020-01-23,91.0,101.98,90.1,96.62,17136583,1638194512.0,21.6675,2.7872
2020-02-03,82.0,85.85,77.3,77.3,14372923,1158955948.0,18.1731,-19.9959
2020-02-04,80.6,89.68,80.11,88.04,13225221,1122911180.0,16.722,13.8939
2020-02-05,87.99,93.6,85.5,87.13,13101090,1173294272.0,16.565,-1.0336
2020-02-06,86.0,92.5,85.0,90.45,10689446,960554038.0,13.5158,3.8104
2020-02-07,90.25,108.54,88.5,108.54,17285179,1698800132.0,21.8554,20.0
2020-02-10,115.8,118.86,105.12,109.6,15629908,1752561883.0,19.7625,0.9766
2020-02-11,108.0,114.52,106.4,110.0,10225944,1134890433.0,12.9297,0.365
2020-02-12,109.0,119.85,108.0,116.05,11543728,1323376806.0,14.5959,5.5
2020-02-13,114.91,126.7,113.11,115.8,11771348,1393806797.0,14.8837,-0.2154
2020-02-14,115.89,118.77,105.0,109.16,13783926,1543222006.0,17.4284,-5.734
2020-02-17,109.0,113.2,108.03,111.3,6988883,773120975.0,8.8368,1.9604
2020-02-18,111.33,116.66,111.33,113.38,8085315,919251858.0,10.2231,1.8688
2020-02-19,113.29,119.5,109.66,112.88,9964076,1136836365.0,12.5986,-0.441
2020-02-20,112.8,114.75,102.62,107.01,12394016,1330716008.0,15.671,-5.2002
2020-02-21,105.61,109.99,104.57,105.43,9077982,972505078.0,11.4782,-1.4765
2020-02-24,106.23,110.5,102.97,109.5,9397703,1008125318.0,11.8825,3.8604
2020-02-25,106.0,113.6,105.2,110.9,10788641,1184878747.0,13.6412,1.2785
2020-02-26,109.0,109.9,97.53,98.9,11874206,1225965911.0,15.0138,-10.8206
2020-02-27,97.9,99.8,90.0,90.6,12308582,1145505799.0,15.563,-8.3923
2020-02-28,85.0,89.09,83.89,88.5,12143927,1050605661.0,15.3548,-2.3179
2020-03-02,89.9,93.42,87.8,91.29,8365586,759657877.0,10.5775,3.1525
2020-03-03,93.3,97.94,90.94,91.82,9125471,860875841.0,11.5383,0.5806
2020-03-04,89.39,91.5,85.06,87.5,7235438,636387418.0,9.1485,-4.7049
2020-03-05,90.28,93.0,88.9,90.15,7332500,664841133.0,9.2712,3.0286
2020-03-06,89.25,90.0,86.65,87.81,5239308,462838520.0,6.6246,-2.5957
2020-03-09,85.47,87.0,80.02,80.21,6782396,564028316.0,8.5757,-8.655
2020-03-10,79.88,86.08,79.88,86.08,8362502,698520933.0,10.5736,7.3183
2020-03-11,86.2,87.65,82.0,82.3,7752851,654809340.0,9.8027,-4.3913
2020-03-12,80.09,84.18,79.78,82.98,5486808,450997508.0,6.9375,0.8262
2020-03-13,79.0,88.96,78.0,86.56,11076016,942899697.0,14.0045,4.3143
2020-03-16,88.1,89.26,82.86,83.0,8951335,775275535.0,11.3181,-4.1128
2020-03-17,84.0,87.74,81.26,86.95,8230022,700372806.0,10.4061,4.759
2020-03-18,88.88,90.36,84.38,84.4,7162631,629357735.0,9.0564,-2.9327
2020-03-19,85.1,87.15,83.01,86.49,5206086,444521341.0,6.5826,2.4763
2020-03-20,87.85,88.2,84.52,85.88,4037810,347372560.0,5.1054,-0.7053
2020-03-23,83.3,83.97,74.39,76.0,7448658,588269866.0,9.4181,-11.5044
2020-03-24,78.38,79.5,70.9,76.2,6139143,465332927.0,7.7623,0.2632
2020-03-25,80.0,81.0,78.91,79.57,5497150,438882679.0,6.9506,4.4226
2020-03-26,79.31,79.99,76.7,77.61,3181061,247953612.0,4.0221,-2.4632
2020-03-27,79.01,79.8,77.6,77.85,2762335,216576359.0,3.4927,0.3092
2020-03-30,75.8,77.57,72.99,76.97,3244753,244104304.0,4.1027,-1.1304
2020-03-31,79.05,80.79,78.6,79.79,4565830,364976709.0,5.773,3.6638
2020-04-01,79.0,86.65,78.81,83.52,7420634,623696641.0,9.3827,4.6748
2020-04-02,83.15,89.96,83.15,89.36,7373439,641515707.0,9.323,6.9923
2020-04-03,89.0,89.98,86.16,86.54,3959921,348324930.0,5.0069,-3.1558
2020-04-07,89.28,91.48,87.3,87.61,4554847,406480820.0,5.7592,1.2364
2020-04-08,87.62,88.88,86.34,87.5,2857066,249570097.0,3.6125,-0.1256
2020-04-09,87.9,88.15,85.93,86.33,2075267,179563464.0,2.624,-1.3371
2020-04-10,86.33,86.85,79.53,79.85,5368081,438593628.0,6.7874,-7.5061
2020-04-13,79.0,80.6,78.25,80.1,2236719,178365797.0,2.8281,0.3131
2020-04-14,80.55,83.59,80.55,83.58,2547769,210501964.0,3.2214,4.3446
2020-04-15,83.57,86.99,82.79,84.23,3474582,295787506.0,4.3933,0.7777
2020-04-16,83.81,85.28,82.01,84.68,2064700,173503719.0,2.6106,0.5342
2020-04-17,86.0,90.16,86.0,88.0,6039905,536744313.0,7.6369,3.9206
2020-04-20,88.25,89.41,86.9,88.34,1820014,160282464.0,2.3012,0.3864
2020-04-21,87.7,87.8,85.5,86.9,2305957,199833272.0,2.9157,-1.6301
2020-04-22,86.0,90.57,85.05,89.61,3193196,285244939.0,4.0375,3.1185
2020-04-23,91.1,93.59,91.1,91.99,3415106,315329708.0,4.3181,2.656
2020-04-24,91.9,93.87,89.29,91.11,2862092,262988582.0,3.6188,-0.9566
2020-04-27,89.7,93.3,88.61,92.0,2702025,247366348.0,3.4164,0.9768
2020-04-28,91.9,97.0,77.8,94.5,6616958,604817935.0,8.3665,2.7174
2020-04-29,94.21,95.02,91.41,92.23,2466824,230479183.0,3.1191,-2.4021
2020-04-30,93.66,99.96,93.66,98.23,4760359,467630485.0,6.019,6.5055
2020-05-06,97.8,108.0,97.1,105.5,5726224,591591639.0,7.2402,7.401
2020-05-07,104.8,106.55,100.8,101.99,4112439,422115755.0,5.1998,-3.327
2020-05-08,103.6,106.0,101.01,101.36,3399146,349884729.0,4.2979,-0.6177
2020-05-11,102.23,104.95,101.01,101.1,2966420,305060211.0,3.7507,-0.2565
2020-05-12,102.33,104.88,100.0,103.5,2975083,305745343.0,3.7617,2.3739
2020-05-13,102.44,105.0,102.44,102.99,2254254,233554980.0,2.8503,-0.4928
2020-05-14,103.5,105.0,101.99,102.03,2256960,233320276.0,2.8537,-0.9321
2020-05-15,102.6,106.88,100.88,105.08,3948937,412102787.0,4.993,2.9893
2020-05-18,107.35,108.0,96.55,97.64,5668705,571772766.0,7.1675,-7.0803
2020-05-19,98.55,104.1,98.55,103.65,4532238,461240558.0,5.7306,6.1553
2020-05-20,103.5,105.8,98.66,99.77,3679509,374662215.0,4.6524,-3.7434
2020-05-21,99.69,100.19,91.68,92.0,4944102,471614411.0,6.2513,-7.7879
2020-05-22,91.21,94.39,89.8,91.97,3098330,285047408.0,3.9175,-0.0326
2020-05-25,91.8,92.45,87.49,87.57,4322498,383230446.0,5.4654,-4.7842
2020-05-26,88.6,93.47,88.3,93.39,3736280,342508807.0,4.7242,6.6461
2020-05-27,92.8,93.98,90.44,90.95,2411791,221191522.0,3.0495,-2.6127
2020-05-28,91.03,91.61,87.0,88.18,3215127,284308138.0,4.0652,-3.0456
2020-05-29,87.99,91.3,87.96,88.87,2492567,224240922.0,3.1516,0.7825
2020-06-01,90.29,95.89,90.17,95.0,3648549,342516067.0,4.6132,6.8977
2020-06-02,95.0,95.39,92.41,93.89,3677447,344383481.0,4.6498,-1.1684
2020-06-03,94.52,94.55,91.52,91.6,4285087,396085973.0,5.4181,-2.439
2020-06-04,91.98,92.22,90.0,90.21,2778935,252809101.0,3.5137,-1.5175
2020-06-05,90.21,92.2,90.2,91.93,2533982,231364280.0,3.204,1.9067
2020-06-08,92.66,93.4,90.5,90.76,2315415,212864651.0,2.9276,-1.2727
2020-06-09,90.6,92.2,89.53,90.97,2691172,244437140.0,3.4027,0.2314
2020-06-10,91.0,91.0,88.34,88.5,3554811,317657982.0,4.4947,-2.7152
2020-06-11,88.61,90.5,87.75,89.78,3974584,354357167.0,5.0255,1.4463
2020-06-12,87.18,89.38,87.18,88.2,2546756,225006091.0,3.2201,-1.7599
2020-06-15,87.52,87.89,84.27,84.3,4229143,363196133.0,5.3473,-4.4218
2020-06-16,84.99,86.78,84.89,85.54,2708584,232037634.0,3.4247,1.4709
2020-06-17,86.2,86.75,84.53,85.37,2410718,206258325.0,3.0481,-0.1987
2020-06-18,85.5,88.79,85.5,88.25,3966978,347794462.0,5.0159,3.3735
2020-06-19,88.99,89.95,87.01,89.22,2907309,257920958.0,3.676,1.0992
2020-06-22,90.83,96.28,90.83,94.19,6079568,574747664.0,7.687,5.5705
2020-06-23,93.4,97.11,93.4,97.11,5294356,507663719.0,6.6942,3.1001
2020-06-24,97.5,111.98,96.02,106.08,9737478,1009836479.0,12.3121,9.2369
2020-06-29,104.03,105.08,98.5,100.58,5920317,601470779.0,7.4857,-5.1848
2020-06-30,101.01,103.93,99.5,101.68,4837802,489114321.0,6.1169,1.0937
2020-07-01,101.3,103.5,96.3,100.03,5265185,526985202.0,6.6573,-1.6227
2020-07-02,99.7,101.5,98.98,101.21,4087130,409994228.0,5.1678,1.1796
2020-07-03,103.03,103.85,99.0,101.8,4455488,450522730.0,5.6335,0.583
2020-07-06,104.0,119.0,103.98,114.49,10417540,1156283603.0,13.172,12.798
2020-07-07,116.01,122.0,110.24,110.38,8805188,1024349114.0,11.1333,-3.5898
2020-07-08,110.08,115.37,108.8,112.98,5609363,629168299.0,7.0925,2.3555
2020-07-09,112.0,118.58,111.5,116.3,5703622,656474076.0,7.2117,2.9386
2020-07-10,114.48,119.58,113.0,117.2,5192380,605944063.0,6.5653,0.7739
2020-07-13,116.5,117.65,113.18,117.56,5465307,631068623.0,6.9103,0.3072
2020-07-14,116.8,116.88,110.0,114.38,7661047,865748714.0,9.6866,-2.705
2020-07-15,114.3,115.0,105.0,105.6,6003152,650853495.0,7.5904,-7.6762
2020-07-16,104.0,104.01,94.8,96.85,5710693,570444514.0,7.2206,-8.286
2020-07-17,98.99,98.99,93.0,94.7,3669623,349688207.0,4.6399,-2.2199
2020-07-20,94.0,96.25,90.0,95.74,3695336,346087206.0,4.6724,1.0982
2020-07-21,94.88,99.7,93.88,97.81,3651903,356484458.0,4.6175,2.1621
2020-07-22,97.33,97.65,92.84,93.15,10403835,990687579.0,2.4759,-4.7643
2020-07-23,92.85,92.98,88.0,88.27,9681823,865963139.58,2.3041,-5.2389
2020-07-24,87.67,88.65,82.69,82.72,10936512,938884276.0,2.6027,-6.2875
2020-07-27,83.06,85.4,80.05,84.6,7944397,656855458.0,1.8906,2.2727
2020-07-28,85.37,86.51,84.71,85.0,4709536,402891318.0,1.1208,0.4728
2020-07-29,85.39,89.25,84.38,88.9,8435563,742234513.0,2.0075,4.5882
2020-07-30,89.0,89.85,87.05,87.77,4486088,394585629.08,1.0676,-1.2711
2020-07-31,87.2,89.28,86.6,88.39,6117952,539055471.0,1.456,0.7064
2020-08-03,89.36,94.0,89.36,91.06,12228127,1118676146.0,2.9101,3.0207
2020-08-04,91.49,91.56,87.62,88.1,6476824,576202369.0,1.5414,-3.2506
2020-08-05,94.0,94.0,89.17,90.01,9434844,857034058.51,2.2453,2.168
2020-08-06,90.19,91.0,87.6,88.93,7255613,648884602.11,1.7267,-1.1999
2020-08-07,88.0,88.45,83.4,88.11,7296584,626291133.0,1.7364,-0.9221
2020-08-10,86.52,90.3,86.52,89.02,6531657,584079454.0,1.5544,1.0328
2020-08-11,89.04,89.34,86.53,86.6,4500359,398153764.0,1.071,-2.7185
2020-08-12,86.58,87.3,83.58,85.66,3863727,326871383.0,0.9195,-1.0854
2020-08-13,86.19,89.0,85.8,88.2,4419639,388196633.0,1.0518,2.9652
2020-08-14,88.21,89.5,87.9,88.94,4571246,406099276.0,1.0879,0.839
2020-08-17,91.63,92.43,89.54,90.0,11202253,1018318356.0,2.6659,1.1918
2020-08-18,88.51,88.52,86.0,87.16,6455107,561331945.23,1.5362,-3.1556
2020-08-19,87.2,88.0,85.73,86.24,3819991,331874380.0,0.9091,-1.0555
2020-08-20,85.18,86.6,85.05,85.11,2380995,204086944.42,0.5666,-1.3103
2020-08-21,86.08,87.2,85.6,86.3,2576754,222443936.03,0.6132,1.3982
2020-08-24,87.05,87.8,85.0,86.4,3236016,280086100.97,0.7701,0.1159
2020-08-25,86.7,86.89,83.81,84.0,3610150,306657375.0,0.8591,-2.7778
2020-08-26,84.5,85.21,81.18,81.31,4795898,399074166.0,1.1413,-3.2024
2020-08-27,81.65,83.88,80.03,83.16,4967860,407929761.08,1.1823,2.2752
2020-08-28,82.88,83.6,81.75,83.16,2667246,220898729.0,0.6348,0.0
2020-08-31,83.61,84.5,82.38,82.52,4089910,339636038.0,0.9733,-0.7696
2020-09-01,82.52,83.25,81.52,82.53,2301548,189474038.0,0.5477,0.0121
2020-09-02,83.0,83.1,82.2,82.88,2410972,199576966.0,0.5738,0.4241
2020-09-03,82.8,83.55,81.6,83.1,2484415,205515727.41,0.5912,0.2654
2020-09-04,81.8,84.96,81.8,83.69,6731327,564041162.98,1.6019,0.71
2020-09-07,83.59,83.68,79.07,79.7,6069180,491919671.0,1.4443,-4.7676
2020-09-08,79.98,79.99,77.34,77.77,4195918,327233714.0,0.9985,-2.4216
2020-09-09,77.0,77.0,72.82,73.19,5099010,379301422.0,1.2135,-5.8892
2020-09-10,74.97,76.35,73.08,73.4,5675574,425777820.0,1.3507,0.2869
2020-09-11,73.42,75.0,72.76,74.59,2976006,220144960.0,0.7082,1.6212
2020-09-14,76.58,79.96,76.5,79.05,8049770,633274253.43,1.9157,5.9794
2020-09-15,79.98,83.28,78.13,81.72,8063141,653644572.0,1.9189,3.3776
2020-09-16,81.99,82.0,78.0,79.39,4997252,399218516.0,1.1893,-2.8512
2020-09-17,79.0,82.22,78.63,81.0,7469997,601558077.0,1.7777,2.028
2020-09-18,81.4,81.91,79.88,81.21,5443187,439684173.0,1.2954,0.2593
2020-09-21,81.5,82.8,80.91,82.1,4924463,402487209.15,1.1719,1.0959
2020-09-22,81.5,81.8,79.63,80.03,3875620,313161511.73,0.9223,-2.5213
2020-09-23,81.1,85.94,80.6,83.4,9722464,811711879.0,2.3138,4.2109
2020-09-24,83.45,83.45,80.71,80.76,6948812,567232577.0,1.6537,-3.1655
2020-09-25,81.3,81.5,78.22,78.31,4710382,373067843.03,1.121,-3.0337
2020-09-28,78.5,78.97,75.43,75.7,5305651,406427214.0,1.2626,-3.3329
2020-09-29,76.66,81.0,76.6,80.19,6082123,482339931.42,1.4474,5.9313
2020-09-30,80.0,81.48,79.01,79.98,5239398,420980843.0,1.2469,-0.2619
2020-10-09,82.0,83.59,81.39,82.72,5817360,480873899.22,1.3844,3.4259
2020-10-12,82.66,85.3,82.66,84.42,8144169,686567438.0,1.9382,2.0551
2020-10-13,84.42,84.6,82.03,82.71,6255116,519164885.0,1.4886,-2.0256
2020-10-14,82.8,82.8,80.6,81.59,5855155,476343621.5,1.3934,-1.3541
2020-10-15,81.95,82.64,79.97,80.16,5080527,412680510.9,1.2091,-1.7527
2020-10-16,80.62,81.39,79.53,81.02,4340922,349949365.57,1.0331,1.0729
2020-10-19,81.89,81.95,80.01,80.93,3077083,249664083.0,0.7323,-0.1111
2020-10-20,80.12,81.99,79.6,81.79,3657021,295397838.0,0.8703,1.0626
2020-10-21,81.89,81.89,78.0,78.1,5551951,438820241.0,1.3213,-4.5116
2020-10-22,77.98,79.14,76.93,77.02,3704308,288292604.56,0.8816,-1.3828
2020-10-23,77.0,77.0,73.03,73.39,6636166,495921287.89,1.5793,-4.7131
2020-10-26,73.09,74.65,71.54,74.1,3636779,266776703.0,0.8655,0.9674
2020-10-27,73.6,74.72,73.21,74.53,2308343,171490056.82,0.5493,0.5803
2020-10-28,74.56,75.68,72.58,75.68,4538928,335796839.45,1.0802,1.543
2020-10-29,74.22,76.5,73.66,74.75,3769430,283395110.0,0.8971,-1.2289
2020-10-30,72.0,72.22,66.16,68.65,14398544,994452717.0,3.4266,-8.1605
2020-11-02,68.37,70.79,66.08,70.06,7104357,485254123.49,1.6907,2.0539
2020-11-03,70.36,75.8,70.15,74.84,8631205,639667585.23,2.0541,6.8227
2020-11-04,75.35,75.99,74.2,74.5,4160163,311529730.79,0.99,-0.4543
2020-11-05,75.93,76.59,74.6,74.95,3160231,237949295.18,0.7521,0.604
2020-11-06,75.7,75.7,74.1,74.98,3268134,244470966.5,0.7778,0.04
2020-11-09,75.61,81.91,75.61,79.23,13410882,1062432415.44,3.1915,5.6682
2020-11-10,78.8,79.7,77.6,77.97,4557234,357604778.27,1.0845,-1.5903
2020-11-11,77.59,77.61,73.25,73.8,6515011,489368085.15,1.5504,-5.3482
2020-11-12,74.92,76.85,74.37,75.0,4255360,321799475.11,1.0127,1.626
2020-11-13,74.0,77.4,73.53,77.03,4238532,322654578.98,1.0087,2.7067
2020-11-16,80.0,80.0,75.79,76.64,4697291,364055057.87,1.1179,-0.5063
2020-11-17,77.83,77.83,74.4,77.29,4638817,350975982.87,1.1039,0.8481
2020-11-18,76.86,78.13,76.5,77.25,3709132,287029955.11,0.8827,-0.0518
2020-11-19,76.91,78.78,76.11,78.04,3974643,310130103.83,0.9459,1.0227
2020-11-20,77.51,79.03,77.2,78.15,4123788,324141003.46,0.9814,0.141
2020-11-23,77.21,78.15,72.5,73.66,8738913,650113620.66,2.0797,-5.7454
2020-11-24,73.0,75.08,72.88,73.69,4272102,316368179.02,1.0167,0.0407
2020-11-25,73.7,74.58,73.02,73.22,3053577,224803187.98,0.7267,-0.6378
2020-11-26,73.0,74.3,72.82,73.32,1792542,131647108.8,0.4266,0.1366
2020-11-27,73.15,73.99,72.2,73.3,2504842,183113412.34,0.5961,-0.0273
2020-11-30,74.2,77.72,74.05,75.6,6070028,462345156.06,1.4446,3.1378
2020-12-01,75.32,77.2,75.32,77.11,3642747,279798564.03,0.8669,1.9974
2020-12-02,77.29,80.01,77.01,79.77,6013744,475855578.88,1.4312,3.4496
2020-12-03,80.9,81.78,79.75,79.88,7426143,599436798.24,1.7673,0.1379
2020-12-04,79.46,81.37,79.27,80.1,5117675,413335779.67,1.2179,0.2754
2020-12-07,80.8,82.02,80.5,81.8,7717738,629798614.41,1.8367,2.1223
2020-12-08,81.79,83.49,81.1,83.08,5702204,471899526.4,1.357,1.5648
2020-12-09,82.0,83.5,81.68,82.35,8545233,709104223.27,2.0336,-0.8787
2020-12-10,81.5,87.97,81.5,86.86,15208070,1301123126.62,3.6192,5.4766
2020-12-11,86.3,94.0,85.55,93.66,23035961,2100968527.62,5.4821,7.8287
2020-12-14,92.88,94.64,90.08,93.75,10300884,959037840.61,2.4514,0.0961
2020-12-15,94.0,94.0,91.33,91.9,6394912,593059374.23,1.5219,-1.9733
2020-12-16,92.0,92.48,86.98,90.44,8140996,729703406.33,1.9374,-1.5887
2020-12-17,89.52,90.86,88.98,89.21,4381774,393395893.93,1.0428,-1.36
2020-12-18,92.32,92.32,88.38,88.72,4553489,409735879.38,1.0836,-0.5493
2020-12-21,88.31,91.5,87.4,89.0,6072213,542701893.41,1.4451,0.3156
2020-12-22,88.1,88.6,85.2,85.2,4925742,428623673.52,1.1722,-4.2697
2020-12-23,86.4,88.1,85.58,86.0,6077059,528023913.09,1.4462,0.939
2020-12-24,86.6,86.63,84.7,85.62,5825514,500037344.88,1.3864,-0.4419
2020-12-25,84.93,86.55,82.1,82.4,5422756,456171525.08,1.2905,-3.7608
2020-12-28,82.0,83.32,80.17,80.58,5693950,463764455.46,1.3551,-2.2087
2020-12-29,80.48,83.27,80.11,81.64,3821800,313147294.66,0.9095,1.3155
2020-12-30,81.8,83.24,80.5,82.21,3989782,328024185.35,0.9495,0.6982
2020-12-31,82.3,83.48,80.8,82.88,6411799,528960835.99,1.5259,0.815
2021-01-04,83.0,83.0,80.35,81.05,7002821,568481515.42,1.6665,-2.208
2021-01-05,80.75,85.85,79.2,83.89,9956395,823899261.55,2.3694,3.504
2021-01-06,85.0,88.3,84.5,87.79,10055726,870474654.28,2.3931,4.6489
2021-01-07,87.45,89.0,83.81,83.99,8528831,735621694.19,2.0297,-4.3285
2021-01-08,84.72,93.14,83.0,91.0,11383298,1020650653.0,2.709,8.3462
2021-01-11,92.88,94.88,90.28,90.82,9063963,842640452.97,2.157,-0.1978
2021-01-12,90.47,92.98,89.0,92.07,5820254,531537451.86,1.3851,1.3763
2021-01-13,92.31,94.52,89.0,94.5,7699044,706948933.96,1.8322,2.6393
2021-01-14,94.5,101.7,94.1,98.48,11938540,1185332170.65,2.8411,4.2116
2021-01-15,97.9,102.61,97.9,99.4,9026361,908209214.35,2.1481,0.9342
2021-01-18,99.14,102.78,97.0,98.97,7010439,702375273.94,1.6684,-0.4326
2021-01-19,98.8,98.8,87.3,88.07,14804729,1359395255.01,3.5232,-11.0134
2021-01-20,88.8,92.28,88.07,89.5,6985230,629443384.12,1.6624,1.6237
2021-01-21,89.38,91.9,86.6,86.9,8510201,754610497.91,2.0253,-2.905
2021-01-22,87.0,87.34,83.97,85.12,7235832,615557202.84,1.722,-2.0483
2021-01-25,85.3,89.1,83.1,89.1,8909432,773121273.89,2.1203,4.6758
2021-01-26,88.08,91.55,85.89,86.33,7097323,629101984.7,1.689,-3.1089
2021-01-27,86.7,88.6,85.07,88.23,4498330,393903825.41,1.0705,2.2009
2021-01-28,87.0,89.69,86.01,87.18,5272616,465117707.9,1.2548,-1.1901
2021-01-29,88.78,89.78,86.01,87.51,4046631,355279868.68,0.963,0.3785
2021-02-01,87.59,88.38,83.5,87.88,6442844,551184549.26,1.5333,0.4228
2021-02-02,87.55,90.36,86.91,89.19,5569968,496906498.72,1.3255,1.4907
2021-02-03,89.89,92.98,87.09,87.2,6711461,606341286.9,1.5972,-2.2312
2021-02-04,87.81,91.5,85.58,91.45,6172533,549647813.59,1.4689,4.8739
2021-02-05,92.43,92.8,88.71,88.88,4660923,421409622.84,1.1092,-2.8103
2021-02-08,88.88,96.98,88.88,95.5,7479986,708044526.57,1.7801,7.4482
2021-02-09,96.04,96.95,93.66,96.63,5950312,568841338.57,1.4161,1.1832
2021-02-10,95.68,96.2,91.4,93.39,7608700,709270341.28,1.8107,-3.353
2021-02-18,93.39,95.77,93.32,93.88,5882404,556415860.6,1.3959,0.5247
2021-02-19,93.99,94.68,88.58,90.5,6052795,548479756.39,1.4363,-3.6003
2021-02-22,90.58,93.26,88.59,88.95,6569917,598912720.22,1.559,-1.7127
2021-02-23,88.0,90.34,85.6,86.7,6143305,537085768.58,1.4578,-2.5295
2021-02-24,86.34,87.0,83.85,84.39,8440545,717165360.18,2.0029,-2.6644
2021-02-25,84.5,84.69,78.8,78.8,9073904,741943958.86,2.1532,-6.624
2021-02-26,77.3,77.3,73.5,74.14,12304282,924013835.91,2.9197,-5.9137
2021-03-01,75.0,76.54,74.19,76.21,6148077,463370278.94,1.4589,2.792
2021-03-02,76.97,76.97,74.35,75.6,5856556,441679989.51,1.3897,-0.8004
2021-03-03,75.4,75.45,72.27,75.36,7722804,569331662.25,1.8326,-0.3175
2021-03-04,74.83,76.21,74.5,74.61,5806881,436547919.66,1.3779,-0.9952
2021-03-05,74.16,76.18,73.58,75.73,3841238,289898096.45,0.9115,1.5011
2021-03-08,76.5,76.8,74.3,74.5,5861386,440174759.31,1.3909,-1.6242
2021-03-09,74.33,75.07,70.0,70.0,6903953,495561226.81,1.6383,-6.0403
2021-03-10,71.23,71.48,68.5,68.72,4376900,305690573.29,1.0386,-1.8286
2021-03-11,69.65,72.31,69.13,71.85,5086151,361017561.82,1.2069,4.5547
2021-03-12,72.14,72.14,69.0,69.5,5008556,350185522.56,1.1885,-3.2707
2021-03-15,69.45,69.45,66.66,67.35,4629359,313753941.18,1.0985,-3.0935
2021-03-16,67.3,67.81,66.19,66.77,4916227,329450044.34,1.1666,-0.8612
2021-03-17,67.02,67.9,64.95,65.0,8023627,530387439.05,1.904,-2.6509
2021-03-18,66.0,66.75,64.35,64.67,7967097,522256990.15,1.8905,-0.5077
2021-03-19,63.98,65.97,63.5,65.97,9150747,594342002.19,2.1714,2.0102
2021-03-22,65.08,66.27,64.89,65.12,6936756,453509268.38,1.6461,-1.2885
2021-03-23,65.37,66.3,65.2,65.44,9225793,606360694.19,2.1892,0.4914
2021-03-24,65.48,66.05,64.23,64.51,5643295,366259072.31,1.3391,-1.4211
2021-03-25,64.08,64.82,63.6,64.15,4245489,272427840.67,1.0074,-0.5581
2021-03-26,64.25,66.22,63.63,66.15,7602154,494039900.79,1.8039,3.1177
2021-03-29,66.19,66.5,64.46,64.63,6190134,404065144.59,1.4689,-2.2978
2021-03-30,64.73,64.98,62.71,63.6,7276389,461478263.56,1.7266,-1.5937
2021-03-31,63.39,63.44,61.18,61.2,6843935,422225759.87,1.624,-3.7736
2021-04-01,61.57,64.27,61.2,63.85,7821139,495707447.48,1.8559,4.3301
2021-04-02,63.82,67.59,63.8,66.34,11640040,771546480.55,2.7621,3.8998
2021-04-06,66.89,67.28,65.41,66.23,4937125,327008798.11,1.1715,-0.1658
2021-04-07,66.55,67.78,65.6,67.08,6475853,432121631.87,1.5367,1.2834
2021-04-08,66.66,67.3,66.03,66.4,4183281,278186843.03,0.9927,-1.0137
2021-04-09,66.26,67.05,64.59,65.99,5167865,339272462.55,1.2263,-0.6175
2021-04-12,65.78,66.3,64.36,64.7,5003754,325714306.86,1.1874,-1.9548
2021-04-13,65.15,65.72,63.91,64.3,3856898,249198607.38,0.9152,-0.6182
2021-04-14,64.59,65.18,63.61,64.16,3598705,231248768.1,0.854,-0.2177
2021-04-15,64.35,66.82,63.75,66.52,6410468,419860854.43,1.5212,3.6783
2021-04-16,66.5,66.65,65.41,66.35,3956329,261634925.85,0.9388,-0.2556
2021-04-19,66.08,67.88,65.22,67.5,5819409,389496786.73,1.3809,1.7332
2021-04-20,66.99,68.29,66.75,66.9,4607870,311117616.18,1.0934,-0.8889
2021-04-21,66.83,66.83,65.54,65.82,3256637,214831049.14,0.7728,-1.6143
2021-04-22,65.89,67.26,65.82,66.6,3967341,264153632.36,0.9414,1.1851
2021-04-23,66.38,67.68,65.83,66.39,4020827,268369116.26,0.9541,-0.3153
2021-04-26,66.93,68.49,65.37,67.85,9479678,639727649.59,2.2495,2.1991
2021-04-27,67.8,67.8,64.28,64.95,7154914,469232411.25,1.6978,-4.2741
2021-04-28,65.05,65.59,64.4,64.61,3683203,239178279.1,0.874,-0.5235
2021-04-29,64.87,65.98,63.91,64.3,3956142,256579069.22,0.9388,-0.4798
2021-04-30,58.0,58.0,53.14,53.52,24390752,1339824669.5,5.7878,-16.7652
2021-05-06,53.8,55.0,52.0,54.73,10475104,561813727.44,2.4857,2.2608
2021-05-07,54.54,54.55,50.82,51.35,12416912,647900948.18,2.9465,-6.1758
2021-05-10,51.91,52.0,49.05,50.39,15116925,755660922.71,3.5872,-1.8695
2021-05-11,49.9,51.11,49.09,50.87,9751429,486765245.22,2.314,0.9526
2021-05-12,51.17,51.85,50.02,51.66,5180480,264602926.21,1.2293,1.553
2021-05-13,51.0,55.35,50.68,54.7,12456241,674261189.39,2.9558,5.8846
2021-05-14,55.0,55.0,53.67,54.3,5447756,295237915.82,1.2927,-0.7313
2021-05-17,54.55,55.47,53.4,54.02,6390209,346673087.05,1.5164,-0.5157
2021-05-18,53.89,54.57,53.5,53.94,4016935,216923220.27,0.9532,-0.1481
2021-05-19,54.0,54.38,53.51,53.51,3305486,178018646.91,0.7844,-0.7972
2021-05-20,53.66,54.08,52.87,53.13,5455703,291082381.79,1.2946,-0.7101
2021-05-21,53.36,55.46,53.36,54.21,7983359,436871785.99,1.8944,2.0327
2021-05-24,54.4,55.5,53.64,55.3,5931013,324647589.36,1.4074,2.0107
2021-05-25,55.24,56.49,54.86,56.23,7237241,403666332.36,1.7174,1.6817
2021-05-26,56.49,57.25,54.92,55.96,7177256,401672953.84,1.7031,-0.4802
2021-05-27,56.01,59.8,56.01,59.8,14169828,834697867.83,3.3624,6.862
2021-05-28,59.89,61.52,58.54,58.85,9656967,578321925.75,2.2915,-1.5886
2021-05-31,59.78,60.35,58.6,59.95,6936296,413313264.52,1.6459,1.8692
2021-06-01,59.5,61.97,58.85,60.22,7281945,441238352.01,1.728,0.4504
2021-06-02,59.55,59.9,57.5,57.88,7867112,459378021.93,1.8668,-3.8858
2021-06-03,57.49,58.98,57.38,57.98,3850651,224284480.49,0.9137,0.1728
2021-06-04,57.51,59.89,57.51,58.79,4908749,289212553.01,1.1648,1.397
2021-06-07,59.86,60.98,59.3,60.14,5402430,325171565.23,1.282,2.2963
2021-06-08,60.49,60.65,56.83,57.65,8131509,473027150.09,1.9296,-4.1403
2021-06-09,57.98,60.35,57.78,59.24,10032142,597290144.22,2.3806,2.758
2021-06-10,59.98,59.98,58.06,59.04,7068634,414887991.51,1.6773,-0.3376
2021-06-11,59.07,59.07,56.86,58.0,8113174,467787272.03,1.9252,-1.7615
2021-06-15,57.7,58.49,56.17,56.85,8125422,463406952.63,1.9281,-1.9828
2021-06-16,56.58,57.81,54.81,55.1,6296775,353160815.62,1.4942,-3.0783
2021-06-17,55.2,60.3,55.2,59.38,14666771,851090567.1,3.4803,7.7677
2021-06-18,60.01,62.35,58.89,61.85,14827522,901495207.95,3.5185,4.1596
2021-06-21,61.0,63.6,60.66,62.58,9124668,569152778.52,2.1652,1.1803
2021-06-22,62.76,63.3,61.01,61.36,6053333,372453688.42,1.4364,-1.9495
2021-06-23,61.66,64.02,61.31,63.59,10452109,660539676.2,2.4802,3.6343
2021-06-24,64.0,64.81,62.36,63.25,7804474,494999384.56,1.852,-0.5347
2021-06-25,62.97,63.78,61.6,62.96,6643786,417703327.66,1.5765,0.0159
2021-06-28,62.94,65.37,62.43,64.1,7833018,501863572.32,1.8587,1.8107
2021-06-29,63.73,63.98,61.39,61.66,7345257,456975875.73,1.743,-3.8066
2021-06-30,61.6,64.22,61.48,62.38,9407512,593488773.82,2.2323,1.1677
2021-07-01,61.8,62.17,60.26,60.5,7572969,461132955.11,1.797,-3.0138
2021-07-02,60.35,60.64,59.34,59.51,4807045,287725661.95,1.1407,-1.6364
2021-07-05,59.56,62.65,59.56,61.01,7371953,452271663.78,1.7493,2.5206
2021-07-06,61.69,65.8,61.5,63.16,13235694,842057785.14,3.1407,3.524
2021-07-07,62.98,63.99,60.9,63.86,8211815,515299258.84,1.9486,1.1083
2021-07-08,63.87,65.86,63.3,64.81,9056406,584769833.06,2.149,1.4876
2021-07-09,64.38,64.68,62.19,63.25,6925052,437612165.16,1.6433,-2.407
2021-07-12,63.71,64.25,62.44,63.59,7699615,487216245.92,1.8271,0.5375
2021-07-13,63.49,66.0,63.05,65.6,11047776,717736875.51,2.6216,3.1609
2021-07-14,65.05,65.5,63.36,64.5,7777610,498825632.34,1.8456,-1.6768
2021-07-15,63.89,64.98,62.66,62.86,6343303,401589384.39,1.5052,-2.5426
2021-07-16,63.28,63.98,59.0,59.01,11861069,721484926.05,2.8146,-6.1247
2021-07-19,58.98,58.98,57.02,58.0,7317547,421681762.65,1.7364,-1.7116
2021-07-20,57.8,58.65,57.48,58.21,5078257,295434630.38,1.205,0.3621
2021-07-21,58.43,61.17,58.43,60.5,8684242,520944375.11,2.0607,3.934
2021-07-22,60.5,64.47,59.78,64.0,13930256,866830000.83,3.2792,5.7851
2021-07-23,63.9,65.1,62.26,64.16,10480515,669224355.92,2.4671,0.25
2021-07-26,64.2,67.5,62.66,67.11,13983592,914255619.92,3.2917,4.5979
2021-07-27,67.31,73.28,65.77,65.78,21931599,1513888708.55,5.1627,-1.9818
2021-07-28,64.89,67.61,62.22,64.6,13381090,871560286.62,3.1499,-1.7939
2021-07-29,67.0,67.96,65.1,66.99,11536084,770087811.78,2.7156,3.6997
2021-07-30,66.89,70.16,65.75,67.47,13722255,938119925.15,3.2302,0.7165
2021-08-02,67.0,69.96,65.13,66.67,11487223,774696202.53,2.7041,-1.1857
2021-08-03,66.51,66.62,61.58,61.8,12618147,801818873.35,2.9703,-7.3046
2021-08-04,62.02,63.37,61.5,62.65,7524280,470606615.18,1.7712,1.3754
2021-08-05,62.55,63.33,60.77,61.27,8053064,496709144.03,1.8957,-2.2027
2021-08-06,61.58,62.73,60.0,60.78,7477110,454569508.73,1.7601,-0.7997
2021-08-09,60.02,61.3,58.78,60.99,8416444,502980509.81,1.9812,0.3455
2021-08-10,62.0,67.29,61.81,65.39,17240551,1121770913.32,4.0584,7.2143
2021-08-11,65.78,65.98,63.48,64.32,7425787,478278020.16,1.748,-1.6363
2021-08-12,64.33,66.48,63.5,64.4,7467095,486200415.24,1.7578,0.1244
2021-08-13,64.2,64.32,59.7,59.99,13305770,814406138.18,3.1322,-6.8478
2021-08-16,60.11,60.45,58.7,59.4,6723809,399356984.28,1.5828,-0.9835
2021-08-17,59.0,60.6,58.9,59.5,6812892,406345957.81,1.6038,0.1684
2021-08-18,59.5,59.76,56.77,56.93,10340665,597168433.21,2.4342,-4.3193
2021-08-19,57.0,57.99,56.4,57.29,4999532,287130591.29,1.1769,0.6324
2021-08-20,57.59,59.18,57.0,59.0,5624689,328197314.7,1.3241,2.9848
2021-08-23,59.33,61.34,58.0,60.68,6238194,376274797.88,1.4685,2.8475
2021-08-24,60.6,60.97,59.15,60.12,7397395,444674456.24,1.7414,-0.9229
2021-08-25,60.5,61.26,59.59,60.05,3487349,209879419.89,0.8209,-0.1164
2021-08-26,60.48,60.49,57.82,57.91,5027954,296900343.3,1.1836,-3.5637
2021-08-27,58.02,59.66,57.74,58.89,4379280,257396599.0,1.0309,1.6923
2021-08-30,57.91,63.76,56.05,63.38,16132626,994733768.83,3.7976,7.6244
2021-08-31,62.39,63.66,61.62,63.35,6770631,424667062.06,1.5938,-0.0473
2021-09-01,63.5,63.56,60.78,62.07,5872649,362592894.06,1.3824,-2.0205
2021-09-02,62.49,62.49,59.65,60.23,5546990,337121628.13,1.3058,-2.9644
2021-09-03,60.36,61.46,59.55,60.2,3972758,239831898.21,0.9352,-0.0498
2021-09-06,59.93,60.95,59.03,60.26,3563937,214217307.97,0.839,0.0997
2021-09-07,60.06,60.78,58.3,58.66,6254538,368871645.67,1.4723,-2.6552
2021-09-08,58.3,59.25,57.8,58.3,4510802,263031598.17,1.0618,-0.6137
2021-09-09,58.38,58.86,56.66,57.07,6327356,364443279.63,1.4895,-2.1098
2021-09-10,57.07,58.26,56.53,58.15,5815318,334358349.85,1.3689,1.8924
2021-09-13,57.66,58.42,56.39,56.8,8124026,463861720.35,1.9124,-2.3216
2021-09-14,56.88,57.3,56.6,57.13,3741402,212942342.89,0.8807,0.581
2021-09-15,56.68,57.49,56.38,56.66,3516035,199606040.22,0.8277,-0.8227
2021-09-16,56.8,57.45,55.08,55.31,5358596,299757471.18,1.2614,-2.3826
2021-09-17,56.18,56.74,55.17,56.25,4592574,256953727.0,1.0811,1.6995
2021-09-22,56.0,57.11,55.0,55.08,5119302,285990305.85,1.2051,-2.08
2021-09-23,55.18,56.56,54.68,55.96,3332162,186192613.38,0.7844,1.5977
2021-09-24,56.17,58.4,56.04,56.66,5151886,295719222.0,1.2128,1.2509
2021-09-27,57.34,58.11,56.77,57.75,4590636,264066633.31,1.0806,1.9238
2021-09-28,57.84,59.5,56.8,59.31,6325679,372019373.95,1.4891,2.7013
2021-09-29,58.89,60.88,58.1,60.28,6606158,394398355.34,1.5551,1.6355
2021-09-30,60.26,60.77,58.86,59.41,2929781,174532512.38,0.6897,-1.4433
2021-10-08,60.23,60.97,59.36,59.91,2571856,154287707.2,0.6054,0.8416
2021-10-11,60.18,62.61,59.73,61.6,5444516,335642314.44,1.2816,2.8209
2021-10-12,61.3,61.88,58.5,59.21,4746137,284351148.6,1.1172,-3.8799
2021-10-13,59.43,60.64,58.5,60.08,4098141,245716621.74,0.9647,1.4693
2021-10-14,60.5,60.53,58.6,59.31,3922275,232976087.26,0.9233,-1.2816
2021-10-15,59.68,59.85,58.58,58.69,3334617,197142042.42,0.785,-1.0454
2021-10-18,58.65,59.03,57.06,58.7,3231475,187657309.24,0.7607,0.017
2021-10-19,58.5,59.49,57.9,58.16,2638963,154587895.0,0.6212,-0.9199
2021-10-20,58.36,59.3,55.5,55.9,6164657,347983702.83,1.4512,-3.8858
2021-10-21,55.9,56.03,54.76,55.4,3458897,191060008.0,0.8142,-0.8945
2021-10-22,55.58,56.68,55.42,56.45,3688480,207218693.71,0.8683,1.8953
2021-10-25,56.15,57.2,54.6,57.0,6051847,337858184.25,1.4246,0.9743
2021-10-26,56.68,58.45,56.66,57.77,7174029,414152739.07,1.6888,1.3509
2021-10-27,58.51,58.66,55.66,56.6,4713867,267811499.83,1.1096,-2.0253
2021-10-28,56.58,59.67,56.31,58.3,8035404,469573232.04,1.8915,3.0035
2021-10-29,60.0,67.45,59.6,65.1,24330047,1549041789.66,5.7273,11.6638
2021-11-01,65.5,73.05,65.5,72.01,27672316,1945589888.34,6.5141,10.6144
2021-11-02,71.95,73.67,71.0,72.09,21282978,1543059385.8,5.01,0.1111
2021-11-03,72.19,73.33,70.6,72.38,10337873,743381822.36,2.4335,0.4023
2021-11-04,72.29,73.35,70.61,72.67,10758646,778398947.63,2.5326,0.4007
2021-11-05,73.66,75.28,72.0,74.33,11286832,835535639.15,2.6569,2.2843
2021-11-08,74.33,75.4,73.29,74.95,11809142,879806549.17,2.7799,0.8341
2021-11-09,75.27,79.6,74.3,76.0,12529332,962049595.42,2.9494,1.4009
2021-11-10,75.4,77.77,74.99,76.6,8197594,628397050.73,1.9297,0.7895
2021-11-11,76.62,79.2,76.62,78.7,10077244,788377279.87,2.3722,2.7415
2021-11-12,78.87,78.87,75.6,77.2,9978137,765810760.53,2.3489,-1.906
2021-11-15,76.5,78.82,75.51,76.23,7985209,614947659.23,1.8797,-1.2565
2021-11-16,76.08,76.73,73.5,74.62,9323949,699162199.84,2.1949,-2.112
2021-11-17,75.49,75.49,72.9,74.51,7050970,522055453.58,1.6598,-0.1474
2021-11-18,74.55,76.14,73.64,74.61,4765792,356005023.43,1.1219,0.1342
2021-11-19,74.51,75.57,73.18,74.86,5791857,430447927.15,1.3634,0.3351
2021-11-22,75.16,84.68,74.01,84.0,18071189,1458238578.72,4.254,12.2095
2021-11-23,82.71,85.19,82.32,84.08,10671208,896961816.67,2.512,0.0952
2021-11-24,83.4,86.18,82.48,83.8,6591639,557240781.76,1.5517,-0.333
2021-11-25,83.18,84.01,79.7,80.0,6283563,511537661.78,1.4792,-4.5346
2021-11-26,79.98,80.5,76.23,77.41,8724679,678533727.58,2.0538,-3.2375
2021-11-29,76.96,81.85,75.2,81.15,8699273,695363041.24,2.0478,4.8314
2021-11-30,81.38,82.7,80.03,82.31,5147603,418055616.49,1.2117,1.4295
2021-12-01,81.5,81.99,77.8,78.28,6224199,490585945.61,1.4652,-4.8961
2021-12-02,78.79,79.49,76.39,76.95,3986235,308386272.59,0.9384,-1.699
2021-12-03,77.77,79.05,75.5,77.17,5713143,439068128.91,1.3449,0.2859
2021-12-06,77.12,77.12,73.25,73.77,7683581,573937902.3,1.4287,-4.4059
2021-12-07,74.42,75.28,72.55,73.3,5443361,400097105.69,1.0122,-0.6371
2021-12-08,74.05,75.63,73.3,75.25,5614038,420490988.38,1.0439,2.6603
2021-12-09,75.03,77.49,75.03,76.24,7757533,593988619.98,1.4425,1.3156
2021-12-10,81.0,82.0,72.8,75.0,15963146,1204484221.99,2.9683,-1.6264
2021-12-13,74.52,74.52,71.34,73.3,9550247,694304988.63,1.7758,-2.2667
2021-12-14,73.22,74.87,72.3,73.0,4923210,362043330.25,0.9155,-0.4093
2021-12-15,73.13,77.49,73.13,76.55,8721430,663136497.32,1.6217,4.863
2021-12-16,76.66,81.45,76.66,81.01,8711543,697785686.13,1.6199,5.8263
2021-12-17,81.05,82.95,79.86,81.0,8255254,669255395.4,1.535,-0.0123
2021-12-20,80.69,83.28,79.51,81.7,7887785,644983094.54,1.4667,0.8642
2021-12-21,81.83,86.67,81.1,84.39,10374106,884799753.34,1.929,3.2925
2021-12-22,85.21,85.58,82.0,83.08,6734957,558664552.19,1.2523,-1.5523
2021-12-23,81.9,83.25,80.88,81.1,4427304,362778991.36,0.8228,-2.3832
2021-12-24,81.22,83.95,81.22,81.84,4094753,338015075.85,0.761,0.9125
2021-12-27,81.79,83.6,80.68,82.02,2812294,230460487.08,0.5227,0.2199
2021-12-28,81.98,82.88,79.51,79.85,2997041,241274355.6,0.557,-2.6457
2021-12-29,80.04,80.35,76.97,78.6,4541378,354852995.45,0.844,-1.5654
2021-12-30,78.65,84.5,78.65,84.14,6890654,573571162.46,1.2806,7.0483
2021-12-31,84.14,84.77,82.14,83.87,3696585,309414285.04,0.687,-0.3209
2022-01-04,84.1,85.87,82.99,84.5,5789773,487532504.38,1.076,0.7512
2022-01-05,84.83,85.0,79.0,81.3,7856960,636517364.07,1.4602,-3.787
2022-01-06,81.3,81.69,76.67,76.97,5975656,468020215.91,1.1106,-5.326
2022-01-07,77.1,78.98,74.88,75.48,4167234,318886435.73,0.7745,-1.9358
2022-01-10,75.98,79.62,72.33,78.7,5323279,411580268.35,0.9893,4.266
2022-01-11,78.8,78.8,76.38,77.43,3617609,280834579.83,0.6723,-1.6137
2022-01-12,76.89,79.5,76.07,77.55,2357577,182117036.04,0.4382,0.155
2022-01-13,78.0,78.0,73.0,74.18,4583689,342258309.46,0.8519,-4.3456
2022-01-14,73.5,77.45,73.0,75.5,4284071,323213702.55,0.7962,1.7795
2022-01-17,75.7,78.97,75.7,78.59,4201462,327484987.31,0.7808,4.0927
2022-01-18,78.7,84.48,77.0,81.94,6199013,510726069.95,1.1521,4.2626
2022-01-19,81.94,82.67,78.98,79.63,3103167,249646680.4,0.5767,-2.8191
2022-01-20,79.98,80.98,78.79,79.11,2157915,171997233.97,0.4011,-0.653
2022-01-21,79.19,79.4,75.89,77.2,3485492,268124792.65,0.6478,-2.4144
2022-01-24,76.81,78.8,75.71,76.14,3262091,249616698.29,0.6063,-1.3731
2022-01-25,75.92,77.5,74.6,74.87,2932067,222380978.3,0.5449,-1.668
2022-01-26,74.5,76.44,73.82,75.9,2906067,217703303.83,0.5401,1.3757
2022-01-27,76.0,76.95,73.21,73.5,3929791,292204137.5,0.7304,-3.1621
2022-01-28,73.5,75.13,71.07,71.25,3687877,269263451.99,0.6835,-3.0612
2022-02-07,72.0,75.77,71.0,71.96,3446663,249530949.17,0.6388,0.9965
2022-02-08,71.84,72.4,67.74,68.84,7070238,489238960.98,1.3103,-4.3357
2022-02-09,68.8,69.76,66.62,68.17,8143131,549562518.32,1.5092,-0.9733
2022-02-10,72.0,76.88,71.59,74.53,12213970,910439301.18,2.2636,9.3296
2022-02-11,74.48,74.63,70.35,71.48,6606960,478860176.82,1.2245,-4.0923
2022-02-14,71.45,73.96,69.89,71.06,4932125,355156757.97,0.9141,-0.5876
2022-02-15,71.86,77.25,71.86,76.3,7478184,564752696.45,1.3859,7.3741
2022-02-16,77.5,77.78,74.25,74.47,3619813,272794950.29,0.6709,-2.3984
2022-02-17,74.92,75.3,73.8,74.6,3352244,250184254.59,0.6213,0.1746
2022-02-18,74.35,75.75,73.25,74.31,3938231,293270839.47,0.7299,-0.3887
2022-02-21,74.4,76.98,74.32,74.71,4541695,342354883.46,0.8417,0.5383
2022-02-22,74.1,74.83,72.01,74.73,3930293,290067968.46,0.7284,0.0268
2022-02-23,74.0,79.96,74.0,79.07,8998384,698864073.11,1.6677,5.8076
2022-02-24,79.1,80.25,77.8,79.13,9820249,777470556.28,1.82,0.0759
2022-02-25,80.8,81.81,76.59,77.13,6385710,502342724.17,1.1835,-2.5275
2022-02-28,77.1,77.88,76.11,77.3,6431817,495574928.0,1.192,0.2204
2022-03-01,76.88,77.35,74.31,75.67,4641893,349010256.0,0.8603,-2.1087
2022-03-02,75.0,77.28,74.48,76.9,5572590,424187344.0,1.0328,1.6255
2022-03-03,77.4,79.55,76.5,77.05,7793745,605859536.0,1.4444,0.1951
2022-03-04,75.98,79.29,75.51,76.83,5900729,458726272.0,1.0936,-0.2855
2022-03-07,76.9,77.3,72.2,72.67,6334913,468287312.0,1.174,-5.4146
2022-03-08,72.99,76.08,72.45,73.1,6685470,496378416.0,1.239,0.5917
2022-03-09,73.2,76.28,71.6,73.47,7171184,528648672.0,1.329,0.5062
2022-03-10,75.0,76.95,72.81,73.78,5805443,433601712.0,1.0759,0.4219
2022-03-11,74.0,77.65,73.0,76.88,11549548,882315392.0,2.1405,4.2017
2022-03-14,75.7,76.51,73.17,74.85,6752777,505627104.0,1.2515,-2.6405
2022-03-15,73.75,76.51,71.5,74.2,8052700,602755328.0,1.4924,-0.8684
2022-03-16,75.61,75.61,70.4,74.68,8447379,613784368.0,1.5655,0.6469
2022-03-17,76.0,77.5,75.0,76.47,7811669,598624224.0,1.4477,2.3969
2022-03-18,76.66,76.79,73.9,74.5,4725132,353245351.56,0.8757,-2.5762
2022-03-21,74.4,76.53,74.11,75.8,7552240,569251642.62,1.3996,1.745
2022-03-22,75.75,77.18,73.98,74.77,5016943,378579453.05,0.9298,-1.3588
2022-03-23,74.92,74.92,72.79,73.45,4858159,355947625.45,0.9004,-1.7654
2022-03-24,72.61,73.2,71.61,72.11,3178167,229854872.93,0.589,-1.8244
2022-03-25,72.98,73.58,70.71,71.07,4725018,337708932.53,0.8757,-1.4422
2022-03-28,69.89,71.21,68.71,70.25,2852319,200353125.15,0.5286,-1.1538
2022-03-29,70.18,70.51,67.78,67.9,3265676,224555845.98,0.6052,-3.3452
2022-03-30,67.99,71.16,67.93,69.45,5231364,364344983.5,0.9695,2.2828
2022-03-31,70.0,70.0,66.67,67.3,4944224,333329096.8,0.9163,-3.0958
2022-04-01,67.4,67.4,64.48,65.17,8503603,557868726.52,1.576,-3.1649
2022-04-06,65.83,65.85,60.68,61.7,10510333,653605404.22,1.9479,-5.3245
2022-04-07,61.98,61.98,58.18,58.62,12833850,757731981.14,2.3785,-4.9919
2022-04-08,58.79,61.55,58.36,60.76,8071739,487057301.3,1.4959,3.6506
2022-04-11,60.58,60.74,58.82,59.2,4358776,260096503.15,0.8078,-2.5675
2022-04-12,58.59,59.54,56.77,58.21,7652997,441598167.98,1.4183,-1.6723
2022-04-13,59.11,59.11,55.53,55.8,4620988,262728801.91,0.8564,-4.1402
2022-04-14,55.8,57.5,54.6,56.71,5888062,329990987.29,1.0912,1.6308
2022-04-15,56.7,61.08,55.72,60.6,6201314,367068443.12,1.1493,6.8595
2022-04-18,60.67,63.33,60.0,62.64,4266740,265839684.41,0.7907,3.3663
2022-04-19,62.3,63.3,59.8,60.13,4521856,274381800.38,0.838,-4.007
2022-04-20,60.15,61.27,59.0,59.83,3924007,234908230.74,0.7272,-0.4989
2022-04-21,59.34,61.16,58.61,59.21,3165255,189335622.53,0.5866,-1.0363
2022-04-22,58.9,59.79,57.37,57.64,3625775,211158302.29,0.672,-2.6516
2022-04-25,56.86,58.5,54.81,54.91,4058332,230065013.85,0.7521,-4.7363
2022-04-26,55.6,55.6,52.0,52.1,5160413,276152917.97,0.9564,-5.1175
2022-04-27,52.0,57.33,51.16,56.8,6608679,361870206.37,1.2248,9.0211
2022-04-28,56.3,58.1,54.8,57.64,5223070,298101133.94,0.968,1.4789
2022-04-29,56.66,58.49,54.4,58.05,10869699,615676759.86,2.0145,0.7113
2022-05-05,58.79,62.26,58.0,61.0,10213469,622167899.63,1.8928,5.0818
2022-05-06,60.0,60.9,59.15,59.4,4139364,248428566.57,0.7671,-2.623
2022-05-09,59.4,62.1,58.89,59.46,4124125,249871234.5,0.7643,0.101
2022-05-10,58.94,62.22,58.39,61.47,5976379,365549279.24,1.1076,3.3804
2022-05-11,61.06,64.8,61.06,62.76,6820725,432164377.19,1.2641,2.0986
2022-05-12,62.88,66.42,62.35,65.2,6068868,394525220.58,1.1247,3.8878
2022-05-13,65.2,66.2,63.71,65.35,4492203,291638459.26,0.8325,0.2301
2022-05-16,65.6,66.23,63.22,64.08,5765058,369399376.21,1.0684,-1.9434
2022-05-17,64.2,65.45,62.79,63.14,6227048,397611647.42,1.154,-1.4669
2022-05-18,63.2,64.29,63.0,63.61,4513971,287686478.0,0.8366,0.7444
2022-05-19,62.78,65.6,62.3,65.1,4329734,280419846.17,0.8024,2.3424
2022-05-20,64.83,65.47,63.38,64.48,5083203,326234044.47,0.9421,-0.9524
2022-05-23,64.33,65.3,63.8,64.48,3560902,229507315.16,0.6599,0.0
2022-05-24,64.45,65.15,62.03,62.03,2973688,188894286.9,0.5511,-3.7996
2022-05-25,62.02,63.0,61.2,61.6,3362062,208061915.89,0.6231,-0.6932
2022-05-26,61.88,62.14,60.51,60.99,4449052,271576027.46,0.8245,-0.9903
2022-05-27,61.6,61.85,59.88,60.0,6280397,380201122.06,1.1639,-1.6232
2022-05-30,60.5,62.96,59.21,62.41,7374665,452559409.71,1.3667,4.0167
2022-05-31,62.64,64.5,61.13,64.26,7304096,462789704.1,1.3537,2.9643
2022-06-01,63.9,64.55,62.91,63.67,4519325,287216655.33,0.8376,-0.9181
2022-06-02,63.87,67.86,63.17,67.44,9251893,611887414.73,1.7146,5.9212
2022-06-06,68.0,72.85,68.0,71.08,11466052,810759242.73,2.125,5.3974
2022-06-07,70.7,70.75,68.05,68.38,7864545,543790797.72,1.4575,-3.7985
2022-06-08,68.16,69.56,67.5,69.26,7296816,501041939.0,1.3523,1.2869
2022-06-09,69.05,69.66,67.98,68.68,6800088,467030956.31,1.2602,-0.8374
2022-06-10,67.39,69.48,67.39,68.91,8305162,569635262.75,1.5392,0.3349
2022-06-13,67.8,68.59,62.83,62.93,13386716,866189265.47,2.4809,-8.678
2022-06-14,62.0,62.88,58.59,59.9,11681044,697789982.05,2.1648,-4.8149
2022-06-15,60.25,60.99,59.2,59.43,8919364,535581803.1,1.653,-0.7846
2022-06-16,59.42,61.55,59.32,60.15,6878190,417041826.1,1.2747,1.2115
2022-06-17,59.5,60.28,57.8,59.24,9860753,579722903.3,1.8275,-1.5129
2022-06-20,59.29,60.17,58.2,58.41,9382859,553274283.94,1.7389,-1.4011
2022-06-21,58.2,58.64,56.81,57.3,9007829,516010500.24,1.6694,-1.9004
2022-06-22,57.83,57.83,55.61,55.72,7513091,423794004.55,1.3924,-2.7574
2022-06-23,55.95,57.0,55.33,56.75,6742474,379407954.24,1.2496,1.8485
2022-06-24,56.82,58.1,56.5,56.88,7535936,430049583.09,1.3966,0.2291
2022-06-27,57.3,59.87,57.09,58.25,9719372,569041402.44,1.8013,2.4086
2022-06-28,58.25,59.33,57.07,58.91,9121088,532025504.99,1.6904,1.133
2022-06-29,58.91,60.98,58.21,58.98,12739480,758572265.02,2.361,0.1188
2022-06-30,59.05,61.81,58.71,60.58,8753091,529278313.15,1.6222,2.7128
2022-07-01,60.65,60.98,59.3,60.24,6786265,407204770.27,1.2577,-0.5612
2022-07-04,59.03,59.84,56.33,56.47,14659904,836591141.95,2.7169,-6.2583
2022-07-05,56.53,57.99,55.41,56.0,8366378,473027784.46,1.5505,-0.8323
2022-07-06,55.99,58.18,55.99,56.77,9065697,518865416.58,1.6775,1.375
2022-07-07,56.73,57.25,55.01,55.41,8520798,473704646.07,1.5767,-2.3956
2022-07-08,56.0,57.35,55.98,56.19,7600002,430093596.78,1.4063,1.4077
2022-07-11,55.91,55.91,53.81,54.27,7851474,430507160.99,1.4529,-3.417
2022-07-12,54.36,54.55,52.63,53.37,7601939,406128601.26,1.4067,-1.6584
2022-07-13,53.36,53.6,52.1,52.59,6718635,353685696.65,1.2432,-1.4615
2022-07-14,52.59,54.3,52.4,54.15,6700969,359260501.39,1.24,2.9663
2022-07-15,53.83,55.47,53.78,54.13,5982910,326957451.31,1.1071,-0.0369
2022-07-18,54.67,54.67,52.88,53.33,5466790,291846236.35,1.0116,-1.4779
2022-07-19,53.33,54.86,52.55,54.38,7569663,405892624.33,1.4007,1.9689
2022-07-20,54.57,55.58,53.66,54.05,9999543,543861558.85,1.8503,-0.6068
2022-07-21,53.85,60.29,53.85,57.57,22988599,1336716940.59,4.2539,6.5125
2022-07-22,57.96,58.49,55.6,55.85,10250735,580016322.69,0.9042,-2.9877
2022-07-25,56.0,57.56,55.63,56.33,7597688,429877063.36,0.6702,0.8594
2022-07-26,56.39,56.56,55.38,55.87,6070706,339093675.98,0.5355,-0.8166
2022-07-27,55.84,57.56,55.38,56.91,7149010,405620175.63,0.6306,1.8615
2022-07-28,57.11,59.18,57.04,58.22,7466760,435933274.28,0.6586,2.3019
2022-07-29,58.0,58.3,57.15,57.3,5411788,312096976.37,0.4774,-1.5802
2022-08-01,57.3,59.37,55.4,58.25,8044115,464834763.14,0.7096,1.6579
2022-08-02,57.25,59.36,57.11,58.0,9781243,570480354.17,0.8628,-0.4292
2022-08-03,57.92,59.75,57.21,58.06,9873476,576845302.29,0.8709,0.1034
2022-08-04,58.4,59.85,58.06,59.21,6956284,410948282.0,0.6136,1.9807
2022-08-05,58.97,63.13,58.66,62.91,13776946,854602552.0,1.2153,6.79
2022-08-08,63.8,64.79,60.72,61.78,13522856,834158582.0,1.1929,-1.7962
2022-08-09,61.5,64.1,60.11,63.9,9703697,598745775.0,0.856,3.4315
2022-08-10,63.81,63.81,61.22,61.65,15412702,958861572.0,1.3596,-3.5211
2022-08-11,62.5,62.98,61.3,61.52,11318207,702241751.0,0.9984,-0.2109
2022-08-12,61.59,62.11,59.58,59.6,9816099,594681541.0,0.8659,-3.1209
2022-08-15,59.69,60.5,58.33,58.51,10138676,597353323.3,0.8943,-1.8289
2022-08-16,58.56,58.68,56.33,56.45,14808050,843987343.3,1.3062,-3.5208
2022-08-17,56.57,57.19,56.06,56.41,10939034,618458050.07,0.9649,-0.0709
2022-08-18,56.39,56.67,55.58,55.95,16495130,923717206.27,1.455,-0.8155
2022-08-19,56.4,57.79,54.94,54.98,15464047,871018890.37,1.3641,-1.7337
2022-08-22,54.52,56.5,54.52,55.96,8400858,468927958.24,0.741,1.7825
2022-08-23,55.59,55.95,55.1,55.22,5760071,319101656.55,0.5081,-1.3224
2022-08-24,55.22,55.22,53.21,53.3,8087847,435380976.01,0.7134,-3.477
2022-08-25,54.01,54.67,53.59,54.17,6382943,345457609.92,0.563,1.6323
2022-08-26,54.59,54.77,53.17,53.39,6390354,343630420.31,0.5637,-1.4399
2022-08-29,52.16,55.4,52.13,54.68,8268628,449509772.31,0.7294,2.4162
2022-08-30,54.7,54.77,53.58,54.42,6349716,344645142.64,0.5601,-0.4755
2022-08-31,54.2,55.77,53.7,55.5,8224909,452695643.39,0.7255,1.9846
2022-09-01,55.2,57.57,55.2,56.48,12199428,692448302.13,1.0761,1.7658
2022-09-02,56.48,58.59,56.19,57.54,10105783,581036930.07,0.8914,1.8768
2022-09-05,57.74,57.79,55.48,56.43,9502647,538625285.15,0.8382,-1.9291
2022-09-06,56.35,56.85,54.65,55.35,9729059,537248311.13,0.8582,-1.9139
2022-09-07,55.37,59.22,55.3,58.45,11281001,652203474.67,0.9951,5.6007
2022-09-08,58.4,59.6,58.0,58.39,9886926,579498606.72,0.8721,-0.1027
2022-09-09,58.14,58.56,56.84,57.16,6835544,392273722.08,0.603,-2.1065
2022-09-13,57.05,60.1,57.0,58.21,7630215,449198488.86,0.6731,1.8369
2022-09-14,57.55,58.58,57.21,58.21,6261991,363128248.98,0.5524,0.0
2022-09-15,58.48,58.7,55.81,56.7,8794676,498327424.04,0.7758,-2.5941
2022-09-16,56.4,57.35,55.88,56.27,6325929,358733698.5,0.558,-0.7584
2022-09-19,56.11,57.26,54.4,55.09,6629397,367157895.68,0.5848,-2.097
2022-09-20,55.15,55.75,54.12,54.6,4992631,273502007.28,0.4404,-0.8895
2022-09-21,54.23,54.8,53.43,53.77,4380440,236939278.52,0.3864,-1.5201
2022-09-22,53.89,54.81,53.77,54.73,5185708,282067272.19,0.4574,1.7854
2022-09-23,54.26,54.43,52.3,52.48,7399852,393635477.58,0.6527,-4.1111
2022-09-26,52.49,52.68,51.2,52.02,5780437,299648233.24,0.5099,-0.8765
2022-09-27,52.0,53.0,51.24,52.89,4448997,232894290.73,0.3924,1.6724
2022-09-28,52.58,53.3,52.21,52.45,4414001,233290686.9,0.3894,-0.8319
2022-09-29,52.5,54.49,52.31,53.21,3934951,209868236.43,0.3471,1.449
2022-09-30,53.0,53.77,52.15,52.33,4015633,213022772.99,0.3542,-1.6538
2022-10-10,51.3,51.82,43.69,44.1,15426331,710906030.63,1.3608,-15.7271
2022-10-11,44.0,44.94,42.4,42.96,11875573,513168646.5,1.0475,-2.585
2022-10-12,42.69,44.35,41.8,44.01,12004728,513596081.59,1.0589,2.4441
2022-10-13,43.5,46.55,43.26,44.92,10705353,485469520.6,0.9443,2.0677
2022-10-14,45.6,47.88,44.92,47.09,8599418,400578484.04,0.7586,4.8308
2022-10-17,46.58,48.19,46.55,47.72,7333464,348434303.66,0.6469,1.3379
2022-10-18,48.0,48.18,46.69,46.88,5368236,253059999.1,0.4735,-1.7603
2022-10-19,46.53,47.46,46.0,46.82,6937324,324349875.61,0.6119,-0.128
2022-10-20,46.66,50.2,46.28,50.2,13448869,655543598.94,1.1863,7.2191
2022-10-21,49.2,49.66,47.86,49.09,10746343,523442293.02,0.9479,-2.2112
2022-10-24,48.6,50.5,48.58,49.71,8481363,421518196.5,0.7481,1.263
2022-10-25,49.49,50.86,48.9,49.55,6990838,347872248.0,0.6167,-0.3219
2022-10-26,49.42,53.17,48.62,52.33,13295839,688611777.48,1.1728,5.6105
2022-10-27,52.2,55.28,52.04,54.0,10677049,571312473.26,0.9418,3.1913
2022-10-28,53.03,56.18,52.98,54.1,11133438,611019604.6,0.9821,0.1852
2022-10-31,54.1,57.82,53.85,56.74,11477428,649573101.14,1.0124,4.8799
2022-11-01,56.83,59.66,56.3,57.35,12435626,718220954.64,1.0969,1.0751
2022-11-02,57.9,60.77,57.9,59.58,16320190,975731201.19,1.4396,3.8884
2022-11-03,61.31,67.8,61.31,65.9,26403907,1731080274.83,2.3291,10.6076
2022-11-04,66.15,66.6,64.4,65.51,15260782,1002136221.15,1.3462,-0.5918
2022-11-07,65.0,67.6,62.9,64.88,15350993,999577180.93,1.3541,-0.9617
2022-11-08,64.61,65.08,62.14,63.2,11919147,750505392.03,1.0514,-2.5894
2022-11-09,63.29,65.4,63.29,64.0,7994448,514979325.16,0.7052,1.2658
2022-11-10,63.79,66.28,63.31,63.81,10001348,649300775.33,0.8822,-0.2969
2022-11-11,66.0,67.34,64.5,65.84,11856630,777670639.14,1.0459,3.1813
2022-11-14,65.5,66.2,63.6,66.11,10672261,691135544.56,0.9414,0.4101
2022-11-15,66.1,72.5,65.5,71.29,14641686,1023139150.17,1.2915,7.8354
2022-11-16,71.48,71.5,67.62,68.09,9370644,649390934.11,0.8266,-4.4887
2022-11-17,68.2,74.49,66.7,72.9,12145931,855842771.73,1.0714,7.0642
2022-11-18,71.77,71.77,68.61,68.78,9800047,686979555.3,0.8645,-5.6516
2022-11-21,67.9,69.76,67.39,67.82,7685777,524296997.17,0.678,-1.3958
2022-11-22,67.59,71.15,67.53,69.57,10980660,764914930.42,0.9686,2.5804
2022-11-23,69.68,71.58,67.5,70.48,8543076,597747837.94,0.7536,1.308
2022-11-24,70.75,71.5,69.36,69.78,4329219,303517917.35,0.3819,-0.9932
2022-11-25,69.79,71.23,68.56,68.88,5037670,349540352.05,0.4444,-1.2898
2022-11-28,68.2,70.66,68.02,69.58,6542092,454892252.62,0.5771,1.0163
2022-11-29,69.85,70.64,68.7,69.99,6553588,456401839.24,0.5781,0.5892
2022-11-30,69.12,69.8,65.91,67.29,12478828,835020706.61,1.1008,-3.8577
2022-12-01,66.98,68.16,65.96,66.66,7956620,529957218.21,0.7019,-0.9362
2022-12-02,65.72,66.9,64.82,66.1,7870324,517823460.25,0.6942,-0.8401
2022-12-05,66.79,68.11,65.66,66.83,7496580,501498342.72,0.6613,1.1044
2022-12-06,67.25,69.51,66.65,68.28,7876867,537095224.43,0.6948,2.1697
2022-12-07,67.7,70.53,66.5,69.54,8033322,551625995.25,0.7086,1.8453
2022-12-08,69.96,71.3,69.26,71.0,9241577,651289545.73,0.8152,2.0995
2022-12-09,71.5,71.98,68.5,68.5,26876815,1881245776.48,2.3708,-3.5211
2022-12-12,68.52,71.56,68.26,70.51,14597657,1027673122.86,1.2877,2.9343
2022-12-13,70.2,70.36,68.3,69.41,10008532,694564080.48,0.8829,-1.5601
2022-12-14,70.71,71.03,65.3,66.01,14807846,985696655.8,1.3062,-4.8984
2022-12-15,65.99,67.94,65.5,66.51,5660971,378473725.24,0.4994,0.7575
2022-12-16,66.85,66.86,65.0,65.4,5998811,392724677.84,0.5292,-1.6689
2022-12-19,64.9,66.38,64.52,64.9,3893254,254284436.34,0.3434,-0.7645
2022-12-20,64.96,65.87,64.5,64.98,4612116,300003641.55,0.4068,0.1233
2022-12-21,64.45,65.31,64.09,64.64,3950032,255777602.47,0.3484,-0.5232
2022-12-22,64.99,65.41,63.66,64.03,5100221,328260319.75,0.4499,-0.9437
2022-12-23,64.06,64.65,62.82,63.27,3912547,249128664.64,0.3451,-1.1869
2022-12-26,63.0,64.47,62.3,62.81,5377582,338306371.97,0.4744,-0.727
2022-12-27,62.62,64.45,62.3,64.06,3758149,239566424.6,0.3314,1.9901
2022-12-28,63.5,64.79,63.44,63.59,3715281,237728515.28,0.3276,-0.7337
2022-12-29,63.71,64.17,62.53,63.65,5828944,369736061.47,0.514,0.0944
2022-12-30,63.89,63.99,62.3,62.6,4412399,277302253.67,0.3891,-1.6496
2023-01-03,62.7,63.26,61.33,62.59,8887935,554540453.81,0.7837,-0.016
2023-01-04,62.99,63.88,61.51,63.24,10780115,675368052.4,0.9506,1.0385
2023-01-05,62.88,67.15,62.6,65.13,12595806,819035202.55,1.1107,2.9886
2023-01-06,64.85,65.49,63.33,64.05,7219698,466103338.84,0.6366,-1.6582
2023-01-09,64.08,66.31,63.27,63.85,8307397,535727497.45,0.7325,-0.3123
2023-01-10,64.01,64.73,63.25,63.46,5429904,346515720.2,0.4788,-0.6108
2023-01-11,63.49,65.24,62.88,63.73,9199798,588772301.09,0.8112,0.4255
2023-01-12,64.44,64.73,62.82,63.43,6230124,395208504.7,0.5494,-0.4707
2023-01-13,63.9,63.91,60.81,61.5,9541802,588378413.35,0.8414,-3.0427
2023-01-16,61.3,62.1,60.48,61.5,12236694,749338834.32,1.079,0.0
2023-01-17,61.51,62.96,61.2,62.14,10271800,638562487.74,0.9057,1.0407
2023-01-18,62.5,62.7,61.41,62.14,6527588,404223996.46,0.5756,0.0
2023-01-19,61.99,63.0,61.4,62.97,8335129,518981527.19,0.735,1.3357
2023-01-20,63.0,64.65,62.99,64.65,7412722,474847293.1,0.6536,2.6679
2023-01-30,65.22,66.15,58.88,59.84,22652052,1382711003.62,1.9974,-7.4401
2023-01-31,57.6,57.6,54.1,55.41,28987831,1606593084.44,2.5561,-7.4031
2023-02-01,55.33,56.77,55.33,56.38,11403355,641475880.33,1.0055,1.7506
2023-02-02,56.99,57.15,56.02,56.53,10995677,622565410.87,0.9696,0.2661
2023-02-03,56.45,57.09,55.55,56.51,8596596,484258265.81,0.758,-0.0354
2023-02-06,56.52,57.16,56.31,56.88,8059709,458222803.81,0.7107,0.6548
2023-02-07,56.77,57.06,56.6,56.88,5802536,329615491.52,0.5117,0.0
2023-02-08,57.02,58.79,57.02,57.13,9904154,572694730.9,0.8733,0.4395
2023-02-09,56.82,61.09,56.24,60.96,20851589,1244837180.65,1.8354,6.704
2023-02-10,61.49,63.36,60.5,60.9,17694779,1092663075.09,1.5575,-0.0984
2023-02-13,60.02,63.3,59.67,62.85,17669282,1097812978.63,1.5553,3.202
2023-02-14,62.73,63.68,60.98,62.8,13856684,866548627.7,1.2197,-0.0796
2023-02-15,63.3,65.59,62.09,65.55,16177267,1041313519.76,1.424,4.379
2023-02-16,65.7,67.8,62.66,62.89,18000728,1166774449.61,1.5845,-4.058
2023-02-17,62.12,62.89,60.65,61.05,13830800,851795492.46,1.2174,-2.9257
2023-02-20,61.52,61.84,59.88,61.1,9130154,555393630.83,0.8037,0.0819
2023-02-21,61.01,61.44,57.35,58.28,17640278,1037533876.16,1.5527,-4.6154
2023-02-22,57.97,59.04,57.77,58.18,8094559,473106506.77,0.7125,-0.1716
2023-02-23,57.95,58.57,57.41,57.72,6047917,350554507.36,0.5324,-0.7906
2023-02-24,58.0,59.15,57.9,58.33,8370847,489006433.64,0.7368,1.0568
2023-02-27,58.31,59.28,57.5,58.0,7362996,430148572.8,0.6481,-0.5657
2023-02-28,58.65,59.27,57.07,57.77,7712337,447795562.79,0.6789,-0.3966
2023-03-01,57.38,58.31,56.58,57.48,9656617,553962514.82,0.85,-0.502
2023-03-02,57.49,58.1,56.6,56.86,8160904,466511799.61,0.7183,-1.0786
2023-03-03,57.48,57.97,56.81,57.62,11028922,633825730.74,0.9708,1.3366
2023-03-06,57.79,58.24,56.68,57.4,11699764,671383764.84,1.0298,-0.3818
2023-03-07,57.3,57.68,56.12,56.17,9033301,512907397.83,0.7951,-2.1429
2023-03-08,56.1,56.45,55.4,55.9,8060788,450241874.47,0.7095,-0.4807
2023-03-09,55.85,57.15,55.66,56.74,10357796,586010868.54,0.9117,1.5027
2023-03-10,56.09,56.77,55.42,55.88,7606128,426809840.18,0.6695,-1.5157
2023-03-13,55.6,56.15,54.65,55.52,7276131,401904331.79,0.6405,-0.6442
2023-03-14,55.06,56.19,54.65,55.99,13646567,757485536.04,1.2012,0.8465
2023-03-15,56.6,57.79,56.0,56.07,14047165,798603868.53,1.2365,0.1429
2023-03-16,55.92,57.38,55.66,56.31,12396454,701928273.13,1.0912,0.428
2023-03-17,56.38,58.69,55.55,57.92,23753985,1361427923.56,2.0909,2.8592
2023-03-20,59.01,63.75,59.01,62.59,43331935,2671273753.75,3.8142,8.0628
2023-03-21,62.6,64.41,60.91,62.06,22877909,1418275286.38,2.0138,-0.8468
2023-03-22,61.59,65.1,61.5,63.13,35754290,2263951056.23,3.1472,1.7241
2023-03-23,63.21,69.0,63.21,69.0,54561189,3652769069.91,4.8026,9.2983
2023-03-24,69.5,72.57,69.07,70.17,49553886,3502894086.42,4.3618,1.6957
2023-03-27,70.29,71.77,67.41,68.59,28767659,1983080518.71,2.5322,-2.2517
2023-03-28,68.1,69.25,64.0,64.48,30458075,2008528610.47,2.681,-5.9921
2023-03-29,64.51,70.3,63.25,68.24,33590320,2254655096.64,2.9567,5.8313
2023-03-30,70.25,72.33,68.16,70.0,38919273,2728798122.27,3.4258,2.5791
2023-03-31,69.27,69.84,67.06,69.52,26545120,1816506048.37,2.3366,-0.6857
2023-04-03,71.8,71.87,68.24,71.53,44447253,3124515895.24,3.9123,2.8913
2023-04-04,70.6,78.0,70.05,74.0,44378764,3270312707.44,3.9063,3.4531
2023-04-06,72.5,79.26,72.15,75.23,39030840,2989410403.85,3.4356,1.6622
2023-04-07,76.0,78.75,74.12,76.3,24725090,1878996729.55,2.1764,1.4223
2023-04-10,75.22,77.5,71.3,71.7,34631841,2553455706.27,3.0484,-6.0288
2023-04-11,72.16,74.88,71.45,72.6,25969959,1896392634.18,2.2859,1.2552
2023-04-12,74.5,77.66,73.04,76.41,30094610,2285832187.31,2.649,5.2479
2023-04-13,75.0,75.48,71.5,71.65,26741130,1956972372.79,2.3538,-6.2296
2023-04-14,72.28,74.65,69.75,74.19,31632121,2283414207.31,2.7843,3.545
2023-04-17,74.2,74.86,71.19,72.0,24319210,1766583762.69,2.1406,-2.9519
2023-04-18,71.4,72.43,69.45,70.68,22273739,1576331044.77,1.9606,-1.8333
2023-04-19,71.42,74.43,70.12,72.1,29934695,2168148220.13,2.6349,2.0091
2023-04-20,72.4,76.49,72.01,76.46,33644195,2518109615.94,2.9614,6.0472
2023-04-21,76.3,78.52,72.06,72.06,29831671,2233590274.13,2.6258,-5.7546
2023-04-24,72.0,72.94,68.53,69.2,24389685,1709393342.38,2.1468,-3.9689
2023-04-25,69.01,71.48,67.98,68.75,22924992,1591539374.99,2.0179,-0.6503
2023-04-26,67.8,68.05,64.0,64.2,28683122,1875095439.0,2.5247,-6.6182
2023-04-27,63.57,65.3,62.55,63.04,20055512,1277670716.09,1.7653,-1.8069
2023-04-28,58.5,62.67,58.4,60.9,33509044,2033537112.73,2.9495,-3.3947
2023-05-04,60.21,61.35,59.17,59.35,15255076,911974660.25,1.3428,-2.5452
2023-05-05,59.0,60.55,58.66,58.94,12943368,770821553.02,1.1393,-0.6908
2023-05-08,58.96,60.26,58.7,59.41,11861380,706843992.0,1.0441,0.7974
2023-05-09,59.87,59.87,57.87,57.87,15104080,889568744.07,1.3295,-2.5922
2023-05-10,58.45,58.82,56.0,56.49,15999789,912542510.26,1.4083,-2.3847
2023-05-11,57.08,57.78,55.5,55.79,9543448,537660156.02,0.84,-1.2392
2023-05-12,55.99,56.48,53.5,53.73,15307900,837968842.2,1.3474,-3.6924
2023-05-15,53.9,54.5,52.4,54.15,13377892,713774254.94,1.1776,0.7817
2023-05-16,54.37,55.14,53.21,53.81,16680254,904523303.64,1.4682,-0.6279
2023-05-17,53.87,55.98,53.3,55.15,17191408,942753822.34,1.5132,2.4902
2023-05-18,55.0,58.83,54.96,58.0,21603267,1240054044.27,1.9016,5.1677
2023-05-19,59.6,61.5,58.85,58.96,21434151,1287113678.14,1.8867,1.6552
2023-05-22,60.0,60.99,58.25,59.41,11772687,696281585.31,1.0363,0.7632
2023-05-23,59.36,59.49,57.57,57.7,9508864,552972502.67,0.837,-2.8783
2023-05-24,57.41,59.19,57.21,58.0,9271478,539790797.78,0.8161,0.5199
2023-05-25,58.68,60.24,58.09,60.1,13184889,781255446.6,1.1606,3.6207
2023-05-26,60.2,62.2,60.01,61.14,15003706,919119864.17,1.3207,1.7304
2023-05-29,62.5,64.63,62.31,62.92,26755305,1700774608.65,2.3551,2.9114
2023-05-30,61.8,64.35,60.22,63.73,17874538,1121103175.28,1.5734,1.2873
2023-05-31,63.8,64.73,63.11,63.8,13987070,894494238.03,1.2312,0.1098
2023-06-01,62.7,63.14,61.86,62.1,16862324,1052110700.77,1.4843,-2.6646
2023-06-02,62.12,62.55,59.6,60.69,15512998,941393222.91,1.3655,-2.2705
2023-06-05,60.58,61.68,59.87,60.28,14210259,860311309.87,1.2508,-0.6756
2023-06-06,60.3,61.2,59.07,59.09,10514723,630602921.58,0.9255,-1.9741
2023-06-07,58.98,60.45,57.88,59.91,12187708,723413600.0,1.0728,1.3877
2023-06-08,59.65,59.99,57.0,57.11,16376724,945463973.81,1.4415,-4.6737
2023-06-09,57.89,58.19,56.2,58.19,18710076,1065560075.45,1.6469,1.8911
2023-06-12,58.29,58.69,56.81,58.2,13962776,808437579.53,1.229,0.0172
2023-06-13,58.17,63.05,57.3,62.85,23101577,1411688696.89,2.0334,7.9897
2023-06-14,62.18,63.6,61.85,62.91,13257519,831116571.19,1.167,0.0955
2023-06-15,63.15,63.3,61.05,61.49,12210159,754305067.94,1.0748,-2.2572
2023-06-16,61.4,61.4,59.98,60.83,15758831,954464334.82,1.3871,-1.0733
2023-06-19,61.55,63.27,61.05,62.11,18394792,1145955960.08,1.6191,2.1042
2023-06-20,61.78,62.61,60.1,60.4,16815065,1023868078.7,1.4801,-2.7532
2023-06-21,60.18,60.42,58.08,58.08,13158087,774675249.03,1.1582,-3.8411
2023-06-26,57.48,57.57,55.31,56.0,14227336,802056171.23,1.2523,-3.5813
2023-06-27,56.55,56.7,55.0,56.09,11375813,635536211.34,1.0013,0.1607
2023-06-28,56.08,56.73,54.82,55.38,11171922,621408834.05,0.9834,-1.2658
2023-06-29,56.32,57.41,55.51,55.67,11281945,638331831.34,0.9931,0.5237
2023-06-30,55.8,57.68,55.4,57.42,16946032,967508824.0,1.4916,3.1435
2023-07-03,57.62,60.33,56.7,59.87,20365866,1194468511.45,1.7926,4.2668
2023-07-04,59.98,63.55,59.87,62.7,23300914,1447848307.23,2.0487,4.7269
2023-07-05,62.35,63.8,62.3,62.68,18237324,1151398155.69,1.6035,-0.0319
2023-07-06,62.4,65.1,62.0,63.72,17560142,1122887689.87,1.5439,1.6592
2023-07-07,64.02,65.17,62.68,63.7,19113602,1226496452.71,1.6805,-0.0314
2023-07-10,63.0,63.0,60.5,61.0,19245203,1181146425.43,1.6921,-4.2386
2023-07-11,60.78,62.94,60.78,61.97,22235578,1383773756.24,1.955,1.5902
2023-07-12,60.8,60.95,58.08,59.08,20335462,1205582650.37,1.788,-4.6635
2023-07-13,59.5,61.98,59.31,61.48,18371696,1123966322.07,1.6153,4.0623
2023-07-14,61.96,62.79,61.5,61.99,13133307,815860849.45,1.1547,0.8295
2023-07-17,61.8,62.6,60.03,61.1,14314413,875488956.64,1.2586,-1.4357
2023-07-18,61.25,62.12,60.16,60.17,9821163,599630675.11,0.8635,-1.5221
2023-07-19,60.43,60.54,58.1,59.19,9132642,538441962.88,0.803,-1.6287
2023-07-20,59.33,59.34,57.5,57.75,8781136,509942343.67,0.7721,-2.4328
2023-07-21,57.75,58.8,57.15,57.6,7094265,410802884.95,0.6237,-0.2597
2023-07-24,57.64,59.57,57.6,58.59,9292786,545323040.08,0.8171,1.7188
2023-07-25,59.15,59.59,58.11,59.28,8745139,516746726.45,0.7689,1.1777
2023-07-26,59.21,59.59,58.28,58.69,5481630,322321732.59,0.4817,-0.9953
2023-07-27,58.58,59.11,57.36,58.1,7557562,439743828.8,0.6641,-1.0053
2023-07-28,58.45,59.4,57.69,59.02,8057367,473700833.41,0.708,1.5835
2023-07-31,58.58,60.08,57.61,57.92,12043401,708364846.9,1.0583,-1.8638
2023-08-01,57.57,58.88,57.13,57.63,8378334,485174011.28,0.7362,-0.5007
2023-08-02,57.2,57.5,56.3,56.65,9484192,539348002.9,0.8334,-1.7005
2023-08-03,56.6,57.1,56.08,56.95,5111127,289747020.11,0.4491,0.5296
2023-08-04,57.3,58.98,56.6,58.05,9552716,550891582.06,0.8394,1.9315
2023-08-07,57.93,58.25,57.5,57.79,5375057,311134967.85,0.4723,-0.4479
2023-08-08,58.0,59.31,57.3,57.49,7410583,430844640.78,0.6512,-0.5191
2023-08-09,57.26,57.75,56.31,56.63,5205449,296809037.78,0.4574,-1.4959
2023-08-10,56.92,57.17,55.51,56.87,6335935,356319364.4,0.5568,0.4238
2023-08-11,56.52,56.99,54.4,54.55,7955232,442618955.54,0.699,-3.5708
2023-08-14,54.3,54.98,52.83,53.08,10321174,551448590.78,0.907,-2.6948
2023-08-15,53.08,53.3,50.96,51.15,15487883,801888617.22,1.361,-3.636
2023-08-16,51.0,51.15,48.2,48.75,18680599,923000833.43,1.6415,-4.6921
2023-08-17,48.12,49.68,47.98,48.81,12356810,602732830.11,1.0858,0.1231
2023-08-18,49.85,49.86,48.53,48.62,11831732,580263336.3,1.0397,-0.3893
2023-08-21,48.5,49.26,47.72,47.8,7782598,376439698.31,0.6839,-1.6865
2023-08-22,47.97,49.36,46.85,49.16,12681805,610636806.79,1.1144,2.8452
2023-08-23,48.51,49.08,48.12,48.43,8480556,412346446.88,0.7452,-1.4849
2023-08-24,49.25,50.8,48.31,49.7,15163846,753319869.48,1.3325,2.6223
2023-08-25,49.0,50.28,47.75,48.02,11550183,563203046.54,1.0149,-3.3803
2023-08-28,52.8,52.94,48.51,48.75,11969722,596344566.61,1.0518,1.5202
2023-08-29,48.72,51.19,48.33,50.8,12536463,630665934.18,1.1016,4.2051
2023-08-30,52.0,52.8,50.8,51.47,14183577,735367266.69,1.2464,1.3189
2023-08-31,51.1,52.1,51.02,51.24,9850519,506483303.18,0.8656,-0.4469
2023-09-01,51.4,52.2,50.36,51.36,7613193,390398636.56,0.669,0.2342
2023-09-04,51.11,51.7,50.76,51.62,7837352,401452827.93,0.6887,0.5062
2023-09-05,51.5,52.8,51.33,51.62,11797244,614309866.17,1.0367,0.0
2023-09-06,51.36,53.98,51.13,53.79,13369374,706401760.6,1.1748,4.2038
2023-09-07,53.48,53.78,50.72,51.5,14084342,731501355.8,1.2376,-4.2573
2023-09-08,51.4,52.41,50.99,51.65,6284994,324587860.33,0.5523,0.2913
2023-09-11,51.64,52.36,51.36,51.81,5697377,295792156.76,0.5006,0.3098
2023-09-12,51.77,52.05,51.08,51.1,5777894,296977001.7,0.5077,-1.3704
2023-09-13,51.09,51.74,50.25,50.88,6801794,345485340.53,0.5977,-0.4305
2023-09-14,50.8,51.23,50.12,50.38,5435168,275050948.47,0.4776,-0.9827
2023-09-15,50.6,52.3,50.05,51.77,11156730,576956929.82,0.9804,2.759
2023-09-18,51.54,51.54,50.02,50.98,7036617,357579969.27,0.6183,-1.526
2023-09-19,50.4,52.08,50.28,50.83,7338104,375007560.76,0.6448,-0.2942
2023-09-20,50.56,52.48,50.56,50.75,7786201,400509926.51,0.6842,-0.1574
2023-09-21,50.55,51.12,49.48,49.7,7308225,365920284.15,0.6422,-2.069
2023-09-22,49.7,51.27,49.25,51.27,8372564,424200275.46,0.7357,3.159
2023-09-25,51.0,51.28,49.81,50.0,6361111,320682569.49,0.559,-2.4771
2023-09-26,50.15,50.28,49.21,49.24,5701891,283082907.16,0.501,-1.52
2023-09-27,49.24,50.2,49.24,49.55,5065946,251853812.68,0.4452,0.6296
2023-09-28,49.58,50.15,49.31,49.7,6261870,311271260.8,0.5502,0.3027
2023-10-09,49.58,51.28,49.5,50.61,6783433,342770206.4,0.5961,1.831
2023-10-10,50.99,54.2,50.5,53.37,17976470,949477530.15,1.5796,5.4535
2023-10-11,53.18,53.99,52.88,53.74,12091772,649151095.73,1.0625,0.6933
2023-10-12,54.35,54.48,53.08,53.38,7102732,380248424.7,0.6241,-0.6699
2023-10-13,53.15,53.8,52.53,53.0,7264888,386961920.75,0.6384,-0.7119
2023-10-16,52.63,53.0,50.98,51.6,8091140,417799994.38,0.711,-2.6415
2023-10-17,51.91,52.96,50.85,52.85,7329745,381459639.59,0.6441,2.4225
2023-10-18,52.31,53.0,50.68,50.75,6375957,328517450.19,0.5603,-3.9735
2023-10-19,50.53,52.08,50.3,50.4,7679236,392868615.5,0.6748,-0.6897
2023-10-20,50.18,50.19,47.76,48.0,12095801,585746116.0,1.0629,-4.7619
2023-10-23,47.37,48.3,46.81,47.4,6708669,317589804.46,0.5895,-1.25
2023-10-24,47.8,48.74,46.82,48.19,6902059,330272219.9,0.6065,1.6667
2023-10-25,48.6,49.16,48.0,48.74,5313660,258059848.5,0.4669,1.1413
2023-10-26,48.37,49.1,48.0,48.63,5289438,256330901.66,0.4648,-0.2257
2023-10-27,48.39,50.01,48.12,49.79,7338021,361146652.67,0.6448,2.3854
2023-10-30,49.35,54.1,49.22,53.6,19838541,1046129482.22,1.7433,7.6521
2023-10-31,56.0,56.49,54.06,55.03,16200983,892786273.52,1.4236,2.6679
2023-11-01,55.16,56.5,54.98,55.27,12506517,697041256.74,1.099,0.4361
2023-11-02,55.32,56.32,55.16,55.4,8094766,451172326.75,0.7113,0.2352
2023-11-03,55.18,57.42,55.18,56.7,12108928,684629023.67,1.064,2.3466
2023-11-06,56.69,58.18,56.56,57.3,11979779,687826911.87,1.0527,1.0582
2023-11-07,57.0,58.6,56.98,57.81,10925306,633909082.01,0.96,0.8901
2023-11-08,57.36,58.48,57.08,57.54,9742633,562445223.4,0.8561,-0.467
2023-11-09,57.54,57.8,56.24,56.88,9343699,531357167.14,0.8211,-1.147
2023-11-10,56.8,57.38,56.0,56.6,7829487,443160621.77,0.688,-0.4923
2023-11-13,57.5,59.14,56.89,58.37,11392082,662562352.44,1.0011,3.1272
2023-11-14,58.01,59.37,57.78,59.12,8845746,521906810.46,0.7773,1.2849
2023-11-15,59.87,61.39,59.6,59.99,17782069,1076886962.71,1.5626,1.4716
2023-11-16,59.9,60.41,58.77,59.6,9754667,580299351.11,0.8572,-0.6501
2023-11-17,59.38,60.79,59.37,59.91,8158072,489049779.62,0.7169,0.5201
2023-11-20,60.45,60.45,57.8,57.97,13097678,766535147.94,1.1509,-3.2382
2023-11-21,57.81,59.49,57.8,58.9,10995143,646149825.08,0.9662,1.6043
2023-11-22,58.53,59.2,58.14,58.47,5885411,345319410.04,0.5172,-0.7301
2023-11-23,58.28,58.84,57.7,58.46,7201418,419335382.02,0.6328,-0.0171
2023-11-24,58.3,58.89,57.0,57.65,7089424,407947911.3,0.623,-1.3856
2023-11-27,57.33,58.2,57.16,57.88,7905317,456423920.96,0.6947,0.399
2023-11-28,58.0,58.5,57.3,57.76,5796154,335643293.64,0.5093,-0.2073
2023-11-29,58.23,58.49,57.36,58.01,6144679,355735564.14,0.54,0.4328
2023-11-30,57.97,59.05,57.38,58.98,6720770,392031301.49,0.5906,1.6721
2023-12-01,58.8,60.5,57.69,60.09,7616117,449321020.25,0.6692,1.882
2023-12-04,60.18,61.46,59.5,59.56,6916667,418117236.62,0.6078,-0.882
2023-12-05,59.36,59.88,57.77,57.82,7251982,425241855.33,0.6373,-2.9214
2023-12-06,57.95,58.48,57.57,58.05,6108745,355275964.43,0.5368,0.3978
2023-12-07,58.12,58.2,56.42,56.9,7650238,436070962.69,0.6722,-1.9811
2023-12-08,57.12,57.5,55.85,57.5,14426813,817934351.0,1.2677,1.0545
2023-12-11,57.0,60.5,56.51,59.99,12221010,716002664.34,1.0739,4.3304
2023-12-12,59.99,60.72,59.62,60.53,9781232,589082423.06,0.8595,0.9002
2023-12-13,60.4,61.26,60.06,60.15,5734911,347752307.41,0.5039,-0.6278
2023-12-14,60.97,62.92,60.6,61.59,11995713,740360503.72,1.0541,2.394
2023-12-15,62.08,62.3,59.49,60.38,9332226,562777076.41,0.82,-1.9646
2023-12-18,59.6,60.25,58.99,59.5,6665722,396599368.03,0.5857,-1.4574
2023-12-19,59.4,60.55,59.16,59.79,5487948,328479345.03,0.4822,0.4874
2023-12-20,59.7,60.24,58.7,59.0,5942043,352843976.72,0.5221,-1.3213
2023-12-21,58.5,60.76,58.06,60.11,8161233,488529556.52,0.7172,1.8814
2023-12-22,60.89,61.15,57.9,58.85,8055001,475352729.92,0.7078,-2.0962
2023-12-25,58.51,58.69,56.02,56.9,12413609,703836215.38,1.0908,-3.3135
2023-12-26,56.83,56.99,54.76,55.43,8561885,476198255.14,0.7524,-2.5835
2023-12-27,55.71,58.48,55.71,57.64,10205985,587020748.36,0.8963,3.987
2023-12-28,57.42,57.92,56.77,57.33,11193815,641708234.6,0.983,-0.5378
2023-12-29,57.59,59.59,57.14,58.76,10621446,623522170.0,0.9327,2.4943
2024-01-02,58.8,58.81,57.5,57.62,5742423,332412514.45,0.5043,-1.9401
2024-01-03,57.39,58.0,55.81,56.56,7393142,420742687.0,0.6492,-1.8396
2024-01-04,56.5,57.05,55.5,55.89,7207282,403959706.54,0.6329,-1.1846
2024-01-05,56.0,56.7,55.22,55.66,6536337,366165293.31,0.574,-0.4115
2024-01-08,55.3,56.39,54.33,54.6,8901905,489230248.5,0.7817,-1.9044
2024-01-09,55.0,57.15,55.0,56.55,10516699,594171438.83,0.9235,3.5714
2024-01-10,56.06,56.66,54.33,54.94,7007749,387947075.93,0.6154,-2.847
2024-01-11,55.0,57.2,54.54,56.98,7978925,447841713.82,0.7007,3.7131
2024-01-12,56.6,57.47,55.5,55.59,4882605,274675411.73,0.4288,-2.4395
2024-01-15,54.8,57.1,54.11,54.4,11003974,612026887.2,0.9663,-2.1407
2024-01-16,54.37,54.49,52.82,53.68,9153352,489938524.95,0.8038,-1.3235
2024-01-17,53.7,53.87,52.43,52.59,6904587,367207210.39,0.6063,-2.0306
2024-01-18,52.0,54.17,51.03,54.05,11224066,586953428.38,0.9857,2.7762
2024-01-19,54.0,55.5,53.66,55.13,9344551,511786507.42,0.8206,1.9981
2024-01-22,55.15,55.48,53.11,54.09,10393428,567719652.73,0.9127,-1.8865
2024-01-23,53.39,54.51,52.39,54.16,9903875,532825230.0,0.8697,0.1294
2024-01-24,54.33,54.5,50.1,51.97,13236434,684736426.47,1.1624,-4.0436
2024-01-25,51.75,52.24,50.57,51.67,14889623,763929795.02,1.3076,-0.5773
2024-01-26,51.0,51.0,48.51,49.8,13742804,685099899.64,1.2068,-3.6191
2024-01-29,50.28,51.49,48.13,48.63,14238946,699715216.46,1.2504,-2.3494
2024-01-30,48.48,49.43,47.2,47.44,12156046,585910370.06,1.0675,-2.447
2024-01-31,47.6,47.67,45.16,45.2,15935142,731414062.26,1.3994,-4.7218
2024-02-01,45.24,47.29,44.85,46.77,12336949,572810839.47,1.0834,3.4735
2024-02-02,46.78,47.2,43.41,44.8,13905496,626435304.28,1.2211,-4.2121
2024-02-05,44.93,45.41,42.6,44.59,16714938,737667793.7,1.4643,-0.4688
2024-02-06,45.2,47.94,43.77,47.71,13962160,647061203.72,1.2232,6.9971
2024-02-07,47.85,49.17,47.07,48.7,13045224,631641393.39,1.1429,2.075
2024-02-08,49.25,50.25,48.8,49.9,12758790,632719632.68,1.1178,2.4641
2024-02-19,51.19,52.23,50.06,51.95,14726067,756500613.33,1.2901,4.1082
2024-02-20,51.5,52.4,50.7,51.65,9853881,506310523.41,0.8633,-0.5775
2024-02-21,51.02,51.79,50.67,50.79,10018866,512841259.17,0.8777,-1.6651
2024-02-22,51.1,51.78,51.0,51.35,9602493,493355634.96,0.8412,1.1026
2024-02-23,51.9,52.22,50.4,51.61,10659833,544857502.72,0.9339,0.5063
2024-02-26,51.48,52.97,51.06,52.2,10637561,554370539.85,0.9319,1.1432
2024-02-27,51.71,53.68,51.42,53.41,11794461,620761168.47,1.0333,2.318
2024-02-28,53.44,54.26,50.76,50.77,13244567,694023675.78,1.1603,-4.9429
2024-02-29,50.71,52.73,50.43,52.2,16292477,846061773.68,1.4273,2.8166
2024-03-01,52.49,53.48,51.95,53.17,13812935,729713969.86,1.2101,1.8582
2024-03-04,54.3,55.42,53.44,54.85,16806172,916415088.53,1.4723,3.1597
2024-03-05,54.5,55.27,54.12,54.47,14578288,797410857.39,1.2772,-0.6928
2024-03-06,54.47,54.7,52.38,52.68,13126007,696317348.72,1.1499,-3.2862
2024-03-07,53.25,53.28,50.6,51.3,14651954,756372316.13,1.2836,-2.6196
2024-03-08,51.48,53.2,50.8,52.36,12908065,672521002.17,1.1308,2.0663
2024-03-11,51.58,52.18,50.58,52.07,13057643,673056432.16,1.1439,-0.5539
2024-03-12,52.04,54.26,52.04,52.98,15364108,815945261.12,1.346,1.7476
2024-03-13,53.4,54.14,52.75,52.92,10770490,574893069.04,0.9436,-0.1133
2024-03-14,52.6,52.88,50.9,51.8,12704092,654987550.68,1.113,-2.1164
2024-03-15,51.7,52.45,50.9,52.4,12261926,632700611.61,1.0742,1.1583
2024-03-18,52.4,53.16,51.6,52.7,18365866,959820701.05,1.609,0.5725
2024-03-19,52.61,52.66,48.32,48.8,36925659,1851035080.21,3.2349,-7.4004
2024-03-20,48.85,49.65,47.0,47.63,30373344,1455361279.0,2.6609,-2.3975
2024-03-21,49.4,51.2,49.0,49.67,35788376,1798624434.72,3.1353,4.283
2024-03-22,50.18,52.17,48.98,49.29,31908179,1611463781.75,2.7954,-0.765
2024-03-25,48.88,49.35,47.55,47.95,17235901,833788249.86,1.51,-2.7186
2024-03-26,48.62,49.58,46.83,47.04,19344790,925805456.13,1.6947,-1.8978
2024-03-27,46.28,46.78,45.27,45.3,14939474,684678277.75,1.3088,-3.699
2024-03-28,45.47,47.2,44.87,46.46,15572542,719923218.72,1.3643,2.5607
2024-03-29,46.33,46.33,45.05,45.95,10842564,494207381.54,0.9499,-1.0977
2024-04-01,45.72,46.75,45.34,45.8,15241330,700572293.39,1.3352,-0.3264
2024-04-02,46.33,46.52,45.52,45.75,13761442,634631943.82,1.2056,-0.1092
2024-04-03,45.64,46.38,44.71,45.27,16059827,729421811.05,1.407,-1.0492
2024-04-08,45.34,45.6,43.8,43.9,16040036,709156170.42,1.4052,-3.0263
2024-04-09,44.2,44.49,43.58,44.25,10703972,471832603.65,0.9377,0.7973
2024-04-10,44.65,44.65,42.2,43.15,20526688,880446528.3,1.7983,-2.4859
2024-04-11,45.79,49.0,45.5,47.15,51777867,2451288780.64,4.5361,9.27
2024-04-12,47.15,48.88,46.85,47.94,31212902,1502568572.69,2.7345,1.6755
2024-04-15,48.06,49.85,48.06,49.05,27104742,1332454526.9,2.3746,2.3154
2024-04-16,48.79,48.96,47.62,47.78,19713536,950999726.92,1.727,-2.5892
2024-04-17,48.5,49.57,48.21,49.5,27178537,1330266362.78,2.381,3.5998
2024-04-18,48.6,48.88,47.51,47.64,25055198,1207665807.93,2.195,-3.7576
2024-04-19,47.03,47.18,45.37,45.9,24408987,1126252872.8,2.1384,-3.6524
2024-04-22,44.94,47.18,44.03,46.73,18239390,839005783.23,1.5979,1.8083
2024-04-23,47.0,48.09,45.98,46.17,15834533,741042495.78,1.3872,-1.1984
2024-04-24,46.5,47.19,45.99,47.09,14558033,681763100.6,1.2754,1.9926
2024-04-25,46.87,48.96,46.53,48.3,19556076,938273392.44,1.7132,2.5695
2024-04-26,49.7,51.29,49.0,50.77,34192443,1722194610.48,2.9955,5.1139
2024-04-29,50.7,51.68,50.09,51.33,28993731,1478857848.02,2.5401,1.103
2024-04-30,50.5,51.8,50.5,50.91,16993942,867802928.96,1.4888,-0.8182
2024-05-06,51.97,52.4,50.58,51.05,21362391,1095559089.43,1.8715,0.275
2024-05-07,51.32,51.45,50.27,50.54,16158684,820881649.38,1.4156,-0.999
2024-05-08,50.44,51.25,49.51,50.87,17325794,876146107.82,1.5179,0.6529
2024-05-09,50.7,51.37,50.11,51.06,20864966,1058254486.98,1.8279,0.3735
2024-05-10,50.95,51.0,50.13,50.87,14310233,722689573.99,1.2537,-0.3721
2024-05-13,50.0,51.9,49.37,50.86,17763031,903616451.2,1.5562,-0.0197
2024-05-14,51.18,51.4,50.17,50.52,13397967,679354904.05,1.1738,-0.6685
2024-05-15,50.07,51.16,49.63,49.68,12636005,634937124.94,1.107,-1.6627
2024-05-16,50.1,50.2,49.07,49.21,12843719,634589970.2,1.1252,-0.9461
2024-05-17,49.0,49.59,48.29,49.46,12331614,602706517.23,1.0803,0.508
2024-05-20,49.36,50.34,49.23,50.13,16355850,813776154.12,1.4329,1.3546
2024-05-21,50.06,50.97,49.75,49.9,10532923,529539651.9,0.9228,-0.4588
2024-05-22,49.91,51.46,49.83,51.27,16818108,852755453.76,1.4734,2.7455
2024-05-23,51.5,51.76,50.54,50.8,14593455,745202374.7,1.2785,-0.9167
2024-05-24,50.75,51.42,49.7,49.75,12681207,639997459.78,1.111,-2.0669
2024-05-27,49.6,52.87,49.33,52.62,23948728,1232531414.0,2.0981,5.7688
2024-05-28,52.3,53.75,52.12,52.56,20836150,1102942494.8,1.8254,-0.114
2024-05-29,53.0,53.28,52.32,52.79,13370958,706417698.79,1.1714,0.4376
2024-05-30,52.58,53.79,52.42,52.85,17399116,923877543.69,1.5243,0.1137
2024-05-31,53.07,53.7,52.53,53.0,15614912,830012350.7,1.368,0.2838
2024-06-03,53.76,55.55,53.4,54.37,23127577,1261549669.47,2.0261,2.5849
2024-06-04,54.0,54.44,52.9,53.63,14692419,786508152.93,1.2872,-1.361
2024-06-05,53.16,53.89,52.06,52.07,19848876,1048115800.19,1.7389,-2.9088
2024-06-06,52.2,52.7,51.13,51.21,20863628,1079390963.3,1.8278,-1.0817
2024-06-07,51.55,52.09,49.86,50.6,18976260,963516942.15,1.6625,-1.1912
2024-06-11,49.56,51.33,49.3,51.11,23477208,1182346281.15,2.0568,1.0079
2024-06-12,51.54,52.49,51.32,51.6,20131902,1044958268.54,1.7637,0.9587
2024-06-13,52.23,53.32,51.5,52.7,19867753,1046171822.2,1.7406,2.1318
2024-06-14,52.5,53.15,51.6,53.0,17371108,910349196.33,1.5218,0.5693
2024-06-17,52.29,54.88,52.28,53.83,21783677,1175214310.99,1.9084,1.566
2024-06-18,54.14,54.94,53.76,54.38,16663302,905904507.4,1.4598,1.0217
2024-06-19,54.74,55.69,53.91,55.17,18923898,1037912517.69,1.6579,1.4527
2024-06-20,54.84,57.52,54.78,56.08,23590713,1325706743.68,2.0667,1.6494
2024-06-21,55.35,57.11,54.9,56.81,17643544,992592467.86,1.5457,1.3017
2024-06-24,56.5,59.35,56.21,57.13,27265598,1581796367.76,2.3887,0.5633
2024-06-25,56.7,56.9,54.01,54.96,26771752,1474026656.5,2.3454,-3.7984
2024-06-26,55.38,56.43,54.01,56.3,18205265,1007046022.46,1.5949,2.4381
2024-06-27,55.7,57.56,55.58,56.05,15023506,847297752.93,1.3162,-0.444
2024-06-28,55.6,57.65,55.27,57.16,17474206,996355702.5,1.5309,1.9804
2024-07-01,57.4,57.66,54.92,56.48,15832864,892536014.22,1.3871,-1.1896
2024-07-02,56.31,56.8,55.43,55.55,10241441,573420632.53,0.8972,-1.6466
2024-07-03,55.89,56.76,55.3,56.06,11982865,673049659.87,1.0498,0.9181
2024-07-04,56.06,56.77,55.55,56.06,10186539,571104408.93,0.8924,0.0
2024-07-05,55.6,57.81,54.9,57.31,15999733,902496173.71,1.4017,2.2298
2024-07-08,60.5,60.97,59.01,59.53,34256534,2049940680.26,3.0011,3.8737
2024-07-09,59.4,60.75,59.2,59.78,29762270,1787789032.52,2.6074,0.42
2024-07-10,59.7,61.55,59.48,60.6,22741449,1375956970.39,1.9923,1.3717
2024-07-11,61.5,62.58,60.4,62.22,23079281,1424509201.55,2.0219,2.6733
2024-07-12,61.48,64.04,61.0,63.66,23974512,1510747816.82,2.1003,2.3144
2024-07-15,64.1,66.88,63.82,64.3,25981423,1687485399.83,2.2762,1.0053
2024-07-16,64.1,65.39,64.06,65.03,20894410,1356222186.47,1.8305,1.1353
2024-07-17,65.25,65.5,63.2,63.21,22466806,1442576454.77,1.9682,-2.7987
2024-07-18,62.45,63.83,61.62,63.0,23211095,1455709978.18,2.0335,-0.3322
2024-07-19,63.01,64.25,62.79,63.01,23824877,1511708945.96,2.0872,0.0159
2024-07-22,63.28,64.65,62.76,63.93,22681601,1443051008.29,1.9871,1.4601
2024-07-23,62.8,62.82,58.63,58.8,37982971,2287053262.19,3.3276,-8.0244
2024-07-24,59.65,60.27,58.82,58.98,21668695,1290508300.58,1.8983,0.3061
2024-07-25,58.5,59.0,57.38,58.2,15555715,905251649.02,1.3615,-1.3225
2024-07-26,58.34,58.65,56.88,58.23,14056933,813249370.79,1.2303,0.0515
2024-07-29,58.11,59.1,57.96,58.0,11832885,692289802.06,1.0357,-0.395
2024-07-30,57.85,58.62,57.3,58.47,12769237,742124604.85,1.1176,0.8103
2024-07-31,58.0,60.25,57.95,59.6,20745212,1232298684.38,1.8157,1.9326
2024-08-01,60.1,60.32,59.25,59.26,16680018,996158724.21,1.4599,-0.5705
2024-08-02,58.33,58.46,56.51,56.6,22472464,1287598888.0,1.9669,-4.4887
2024-08-05,55.8,56.19,53.02,53.2,24859595,1355143238.53,2.1758,-6.0071
2024-08-06,54.4,54.64,52.6,53.17,19013791,1013559264.84,1.6642,-0.0564
2024-08-07,53.08,53.66,52.69,52.86,12932885,686794770.7,1.1319,-0.583
2024-08-08,52.6,53.79,51.89,53.24,15025622,794743886.23,1.3151,0.7189
2024-08-09,54.0,54.35,53.0,53.0,11458532,614385097.54,1.0029,-0.4508
2024-08-12,53.02,54.17,52.72,53.8,10374299,556119139.25,0.908,1.5094
2024-08-13,54.05,54.9,53.71,54.86,11302031,614330869.39,0.9892,1.9703
2024-08-14,54.99,54.99,53.73,53.75,9202386,498803256.43,0.8054,-2.0233
2024-08-15,53.55,54.8,53.3,54.1,10528201,570762494.33,0.9215,0.6512
2024-08-16,54.2,54.68,53.38,53.85,7437973,402651918.02,0.651,-0.4621
2024-08-19,53.88,56.06,53.7,55.31,15555827,859334193.35,1.3615,2.7112
2024-08-20,55.52,56.3,54.86,55.06,11389501,631241953.0,0.9969,-0.452
2024-08-21,54.68,56.08,54.68,54.83,10654595,590624725.69,0.9325,-0.4177
2024-08-22,55.0,55.16,53.39,54.16,10041865,543225151.54,0.8789,-1.222
2024-08-23,54.01,54.45,53.2,54.0,8288747,445671480.37,0.7255,-0.2954
2024-08-26,54.08,54.42,52.65,53.1,9784281,521937687.43,0.8564,-1.6667
2024-08-27,52.75,53.04,51.79,52.13,9215631,482625215.58,0.8066,-1.8267
2024-08-28,52.1,52.5,50.45,50.94,11597294,592457727.45,1.015,-2.2828
2024-08-29,50.47,51.93,49.95,51.35,11640503,594849637.75,1.0188,0.8049
2024-08-30,51.17,53.4,51.1,52.63,19392249,1021897235.13,1.6973,2.4927
2024-09-02,52.67,53.3,49.95,49.95,15514588,792289786.26,1.3579,-5.0922
2024-09-03,50.24,53.13,50.24,52.94,19038912,995509194.76,1.6664,5.986
2024-09-04,52.0,52.49,51.55,52.09,9134624,475413994.97,0.7995,-1.6056
2024-09-05,52.1,52.18,50.93,52.0,9713353,502207965.94,0.8502,-0.1728
2024-09-06,52.05,52.86,51.73,51.74,7912663,413424608.77,0.6926,-0.5
2024-09-09,51.5,52.44,50.91,51.3,7464276,383818927.18,0.6533,-0.8504
2024-09-10,51.6,51.93,50.8,51.5,7723964,397118305.48,0.676,0.3899
2024-09-11,51.35,52.07,51.15,51.81,5972855,308661213.2,0.5228,0.6019
2024-09-12,52.4,52.49,51.15,51.21,7463315,384817380.77,0.6532,-1.1581
2024-09-13,51.1,51.52,50.9,51.07,7869754,402402135.26,0.6888,-0.2734
2024-09-18,50.95,50.99,48.36,49.3,13369562,659885471.61,1.1702,-3.4658
2024-09-19,49.54,49.98,48.9,48.96,13218955,651560944.77,1.157,-0.6897
2024-09-20,49.18,50.18,48.86,49.59,9757402,482401674.78,0.854,1.2868
2024-09-23,49.29,49.96,48.46,48.5,7588199,372609217.23,0.6642,-2.198
2024-09-24,48.97,50.25,47.7,50.03,19754386,972367128.02,1.729,3.1546
2024-09-25,50.85,51.95,49.71,49.91,24168643,1229113497.13,2.1153,-0.2399
2024-09-26,50.15,52.38,49.59,52.28,25747796,1308172592.86,2.2536,4.7485
2024-09-27,53.0,59.0,52.99,57.0,23905141,1325190493.25,2.0923,9.0283
2024-09-30,59.46,66.88,59.0,66.88,63804928,4016927468.4,5.5845,17.3333
2024-10-08,80.26,80.26,74.27,80.26,95783274,7577232516.71,8.3834,20.006
2024-10-09,76.0,87.09,74.21,78.41,108605238,8659907404.84,9.5056,-2.305
2024-10-10,79.0,79.41,70.5,70.89,64775736,4753320322.7,5.6695,-9.5906
2024-10-11,68.5,69.74,64.81,65.52,51300171,3432955182.9,4.49,-7.5751
2024-10-14,65.68,67.34,63.16,66.93,58370467,3825522479.92,5.1088,2.152
2024-10-15,66.8,68.23,64.88,65.0,49697916,3313149919.17,4.3498,-2.8836
2024-10-16,62.8,63.88,61.78,62.3,44174047,2767845385.79,3.8663,-4.1538
2024-10-17,63.6,64.2,61.2,61.34,44712485,2784590256.43,3.9134,-1.5409
2024-10-18,61.42,72.0,61.41,68.95,82042628,5434431154.03,7.1807,12.4063
2024-10-21,71.08,76.18,69.0,69.93,100238380,7236046440.83,8.7733,1.4213
2024-10-22,70.0,72.56,68.0,70.94,54696596,3845481832.35,4.7873,1.4443
2024-10-23,69.8,70.3,68.28,68.65,48276495,3336992390.01,4.2254,-3.2281
2024-10-24,68.01,70.3,67.88,69.0,37732998,2608864565.84,3.3026,0.5098
2024-10-25,69.3,71.64,68.11,70.01,44036015,3066827193.32,3.8542,1.4638
2024-10-28,69.41,69.85,68.61,69.09,29164687,2014244535.04,2.5526,-1.3141
2024-10-29,69.12,70.7,67.92,67.92,42572025,2947192752.76,3.7261,-1.6934
2024-10-30,67.5,69.85,67.3,69.08,35161816,2411563908.35,3.0775,1.7079
2024-10-31,69.08,69.08,66.25,68.41,56602685,3842288920.95,4.9541,-0.9699
2024-11-01,67.4,68.07,64.54,64.55,48730613,3218330502.86,4.2651,-5.6424
2024-11-04,64.88,66.3,64.57,66.05,27993301,1839286204.32,2.4501,2.3238
2024-11-05,66.0,69.37,65.23,69.0,50079555,3406555236.75,4.3832,4.4663
2024-11-06,70.1,70.15,68.0,68.4,51762210,3578212358.74,4.5305,-0.8696
2024-11-07,67.61,70.58,67.46,70.38,44954826,3121167150.82,3.9346,2.8947
2024-11-08,72.28,74.25,70.3,70.63,66083934,4769993465.73,5.784,0.3552
2024-11-11,72.0,78.16,71.0,78.11,79487966,5947635583.18,6.9571,10.5904
2024-11-12,78.9,79.3,73.7,74.4,65396818,4967452663.67,5.7238,-4.7497
2024-11-13,73.75,75.49,72.85,75.39,43368323,3206310070.6,3.7958,1.3306
2024-11-14,74.99,75.7,71.55,71.7,38542979,2831929742.22,3.3735,-4.8945
2024-11-15,71.62,72.3,68.5,68.73,36291210,2565298846.62,3.1764,-4.1423
2024-11-18,68.72,69.19,65.77,66.2,36225625,2435111336.45,3.1706,-3.6811
2024-11-19,66.77,68.55,65.51,68.16,33109659,2219437232.47,2.8979,2.9607
2024-11-20,67.5,68.67,67.17,67.96,25146550,1706511764.98,2.2009,-0.2934
2024-11-21,67.8,68.85,66.84,67.6,26035858,1771095192.95,2.2788,-0.5297
2024-11-22,67.81,68.88,63.88,63.91,34776061,2304432048.85,3.0438,-5.4586
2024-11-25,63.6,64.3,62.0,63.63,27423529,1730585598.97,2.4002,-0.4381
2024-11-26,63.28,64.27,62.92,63.11,16349642,1038623093.09,1.431,-0.8172
2024-11-27,63.01,66.75,62.6,66.69,36897973,2406600186.59,3.2295,5.6726
2024-11-28,66.6,67.3,66.13,66.52,24738720,1648646008.24,2.1652,-0.2549
2024-11-29,66.29,68.5,65.42,67.38,30709732,2059568384.76,2.6879,1.2928
2024-12-02,68.64,69.97,68.05,69.13,30029865,2070585348.27,2.6283,2.5972
2024-12-03,69.16,69.3,67.03,68.34,24654074,1676651493.72,2.1578,-1.1428
2024-12-04,69.32,69.88,67.74,67.83,29037722,2003007727.38,2.5415,-0.7463
2024-12-05,67.1,68.78,67.0,68.3,17364977,1183224859.79,1.5199,0.6929
2024-12-06,67.91,70.53,67.7,70.18,27674019,1923939519.44,2.4222,2.7526
2024-12-09,70.0,70.38,68.3,68.82,20584826,1426373731.39,1.8017,-1.9379
2024-12-10,72.0,72.39,68.28,68.39,29954252,2097386888.65,2.6217,-0.6248
2024-12-11,68.3,70.17,68.0,68.89,24039979,1662485565.92,2.1041,0.7311
2024-12-12,68.89,69.22,67.51,68.7,28135521,1926897389.77,2.4625,-0.2758
2024-12-13,68.0,70.98,67.8,68.02,67608180,4719031243.39,5.9174,-0.9898
2024-12-16,69.63,71.51,68.38,68.95,51866864,3636136591.38,4.5396,1.3672
2024-12-17,69.83,70.9,66.7,66.87,31481972,2141559514.11,2.7554,-3.0167
2024-12-18,67.21,69.53,66.56,68.8,30645181,2090618163.59,2.6822,2.8862
2024-12-19,67.5,71.48,67.07,70.79,41139408,2871296665.37,3.6007,2.8924
2024-12-20,70.0,73.57,69.89,72.52,56832330,4085360132.96,4.9644,2.4438
2024-12-23,72.52,74.36,70.5,70.92,45610964,3293190247.52,3.9842,-2.2063
2024-12-24,71.01,72.25,69.88,72.18,31805293,2263278716.23,2.7783,1.7766
2024-12-25,72.0,74.08,71.68,72.41,37669018,2742000055.32,3.2905,0.3186
2024-12-26,72.0,80.6,71.49,79.99,101900703,7873027712.86,8.9013,10.4682
2024-12-27,79.66,79.69,75.47,75.48,77758070,6029331659.37,6.7923,-5.6382
2024-12-30,73.0,73.55,70.97,71.19,68114745,4910358820.09,5.95,-5.6836
2024-12-31,70.94,71.67,67.65,67.9,44734809,3107495548.29,3.9077,-4.6214
2025-01-02,67.83,68.39,65.3,65.93,35759060,2383660095.72,3.1236,-2.9013
2025-01-03,66.23,67.28,65.08,65.52,29537725,1955964029.35,2.5802,-0.6219
2025-01-06,65.31,65.95,63.5,63.91,21763663,1405460486.14,1.9011,-2.4573
2025-01-07,64.1,66.54,63.8,66.41,29468257,1916970837.68,2.5741,3.9118
2025-01-08,65.67,67.9,64.18,66.82,31105650,2054491734.92,2.7172,0.6174
2025-01-09,66.21,68.5,66.08,66.3,26952173,1815372589.29,2.3543,-0.7782
2025-01-10,66.0,67.37,64.08,64.2,29383452,1934535924.79,2.5667,-3.1674
2025-01-13,62.71,63.57,61.8,62.91,24282809,1523336139.77,2.1212,-2.0093
2025-01-14,63.3,66.64,62.81,66.43,30470467,1989557937.7,2.6617,5.5953
2025-01-15,66.25,66.95,65.59,66.2,20823313,1380787103.2,1.819,-0.3462
2025-01-16,66.9,67.67,64.94,66.01,25216372,1670821352.37,2.2027,-0.287
2025-01-17,65.59,67.75,65.41,66.67,23184106,1545475781.99,2.0252,0.9998
2025-01-20,67.15,68.03,66.79,67.28,20398984,1375113640.47,1.7819,0.915
2025-01-21,68.02,70.33,67.29,70.08,38976979,2690266536.79,3.4047,4.1617
2025-01-22,69.95,72.18,69.5,71.32,36385585,2591943535.5,3.1784,1.7694
2025-01-23,73.0,73.0,69.85,70.1,43539257,3110791540.65,3.8033,-1.7106
2025-01-24,70.0,71.23,69.77,70.84,27222165,1918132335.61,2.3779,1.0556
2025-01-27,71.0,71.09,68.01,68.04,25909545,1793009598.96,2.2633,-3.9526
2025-02-05,69.93,70.47,68.21,69.4,33350977,2310643853.35,2.9133,1.9988
2025-02-06,69.0,72.33,68.68,71.33,42461421,3009266617.03,3.7091,2.781
2025-02-07,71.01,74.08,70.47,72.35,53143232,3843797328.96,4.6422,1.43
2025-02-10,72.96,74.05,72.4,72.61,38811705,2833975026.84,3.3903,0.3594
2025-02-11,72.2,72.51,70.66,71.78,30507498,2179454871.58,2.6649,-1.1431
2025-02-12,71.98,72.74,70.76,72.43,41303156,2969863359.89,3.6079,0.9055
2025-02-13,72.5,72.66,69.91,70.0,35241910,2491661845.0,3.0785,-3.355
2025-02-14,69.7,74.0,69.66,73.31,55955905,4054433689.47,4.8879,4.7286
2025-02-17,74.95,76.0,73.36,74.79,48288451,3592198524.21,4.2181,2.0188
2025-02-18,74.0,75.39,71.6,71.9,36578605,2691797368.75,3.1952,-3.8642
2025-02-19,72.5,74.47,72.09,73.34,40332013,2960142979.34,3.5231,2.0028
2025-02-20,73.19,73.41,71.7,72.44,33234395,2410022126.88,2.9031,-1.2272
2025-02-21,73.0,78.46,73.0,77.01,70829587,5359593783.83,6.1871,6.3087
2025-02-24,77.7,79.64,76.47,77.67,55501680,4326030747.19,4.8482,0.857
2025-02-25,77.3,83.0,76.86,79.84,77119755,6173145324.36,6.7366,2.7939
2025-02-26,80.85,83.47,79.4,81.66,63659916,5206495816.78,5.5608,2.2796
2025-02-27,81.83,85.97,80.96,83.68,71487612,5958132788.65,6.2446,2.4737
2025-02-28,82.9,83.08,77.28,77.73,71146311,5643085999.12,6.2148,-7.1104
2025-03-03,78.57,78.97,75.55,76.25,42781835,3283002883.53,3.7371,-1.904
2025-03-04,75.03,80.49,74.9,79.73,49305401,3852337300.32,4.3069,4.5639
2025-03-05,79.0,79.68,76.98,78.35,33867532,2651059062.1,2.9584,-1.7308
2025-03-06,79.5,81.46,79.0,80.64,44074161,3529069788.39,3.85,2.9228
2025-03-07,80.0,81.34,78.34,79.62,34671704,2766630665.91,3.0287,-1.2649
2025-03-10,79.62,81.7,79.4,80.7,30449721,2455117091.28,2.6599,1.3564
2025-03-11,79.08,79.8,77.64,78.96,34057837,2679321546.87,2.975,-2.1561
2025-03-12,79.0,80.26,78.16,78.16,26616903,2107203887.36,2.325,-1.0132
2025-03-13,78.16,78.47,74.6,75.27,36212900,2751195343.73,3.1633,-3.6975
2025-03-14,75.24,77.5,74.99,77.28,28848963,2202833078.9,2.52,2.6704
2025-03-17,77.31,77.55,75.8,76.14,21527906,1645132291.72,1.8805,-1.4752
2025-03-18,76.74,79.93,76.69,78.54,32328808,2543628130.9,2.824,3.1521
2025-03-19,78.08,79.0,77.32,77.81,19336945,1507470976.52,1.6891,-0.9295
2025-03-20,77.95,78.6,76.05,76.14,22056059,1704393344.89,1.9266,-2.1463
2025-03-21,75.5,76.45,73.72,74.02,25037904,1872391227.43,2.1871,-2.7843
2025-03-24,74.1,74.57,72.67,74.26,21674113,1599134079.58,1.8933,0.3242
2025-03-25,74.26,75.57,73.7,74.9,21369247,1595647806.82,1.8667,0.8618
2025-03-26,74.4,76.18,74.3,74.8,15398311,1158152820.3,1.3451,-0.1335
2025-03-27,74.45,78.36,74.41,77.76,36899476,2837805013.76,3.2233,3.9572
2025-03-28,77.2,79.17,77.2,77.5,19971233,1561150107.59,1.7445,-0.3344
2025-03-31,76.74,78.74,76.69,78.28,22201720,1726782571.95,1.9394,1.0065
2025-04-01,78.98,79.08,76.84,77.43,19647026,1526493287.69,1.7162,-1.0858
2025-04-02,77.39,77.74,76.58,76.86,12577635,969163606.91,1.0987,-0.7361
2025-04-03,75.66,77.17,74.08,74.79,22723313,1708336818.57,1.9849,-2.6932
2025-04-07,68.0,69.5,62.0,65.5,55171909,3644560382.36,4.8194,-12.4214
2025-04-08,66.0,67.1,64.03,65.8,35771034,2342395680.07,3.1247,0.458
2025-04-09,64.5,68.5,63.14,68.0,39857936,2658050382.59,3.4817,3.3435
2025-04-10,70.74,70.99,69.01,69.97,27164041,1904134575.59,2.3728,2.8971
2025-04-11,73.46,76.17,73.08,75.06,48740061,3628660502.65,4.2576,7.2745
2025-04-14,75.06,75.98,74.25,74.6,27378008,2052945213.71,2.3915,-0.6128
2025-04-15,74.6,74.72,73.4,73.98,18473449,1365133306.7,1.6137,-0.8311
2025-04-16,74.2,74.3,71.6,72.92,23093419,1673981153.99,2.0173,-1.4328
2025-04-17,72.51,74.6,72.06,73.1,18768211,1381858345.41,1.6394,0.2468
2025-04-18,73.0,73.85,72.6,73.1,9945465,728294963.51,0.8688,0.0
2025-04-21,73.4,73.7,72.8,73.63,10549032,774120053.91,0.9215,0.725
2025-04-22,73.23,73.8,72.4,72.81,11187291,817605296.55,0.9772,-1.1137
2025-04-23,73.4,74.49,73.05,74.11,14632928,1079802478.06,1.2782,1.7855
2025-04-24,75.1,75.48,72.41,72.58,18640410,1370906214.15,1.6283,-2.0645
2025-04-25,73.02,74.18,72.58,73.56,15924033,1171807236.53,1.391,1.3502
2025-04-28,73.99,73.99,72.5,72.58,11900291,869088260.0,1.0395,-1.3322
2025-04-29,72.5,74.99,72.18,74.31,19003181,1399069804.22,1.66,2.3836
2025-04-30,74.0,76.98,74.0,76.82,24036270,1826274263.85,2.0996,3.3777
2025-05-06,77.15,78.97,76.8,78.92,24725663,1937004051.94,2.1598,2.7337
2025-05-07,80.5,80.67,78.08,78.82,20288745,1598910305.3,1.7723,-0.1267
2025-05-08,78.6,78.6,77.58,77.83,14763131,1151713554.47,1.2896,-1.256
2025-05-09,77.84,77.9,76.28,76.69,14732795,1133914395.72,1.2869,-1.4647
2025-05-12,77.26,78.95,77.26,78.55,17358780,1357177147.64,1.5163,2.4253
2025-05-13,79.55,80.33,78.43,78.81,20787973,1650005762.89,1.8159,0.331
2025-05-14,79.02,80.36,78.3,79.33,16465782,1303589347.33,1.4383,0.6598
2025-05-15,79.05,79.3,77.76,78.16,11208596,878180152.88,0.9791,-1.4749
2025-05-16,77.6,78.15,76.71,77.6,13067757,1010751688.06,1.1415,-0.7165
2025-05-19,77.61,77.7,76.4,77.19,11787407,907006236.29,1.0297,-0.5284
2025-05-20,77.01,78.46,76.56,78.11,11278647,876588637.56,0.9852,1.1919
2025-05-21,77.86,77.86,76.67,77.2,8750983,676944163.02,0.7644,-1.165
2025-05-22,77.56,78.95,77.38,78.2,15225047,1191788560.55,1.3299,1.2953
2025-05-23,77.85,78.88,76.5,76.59,14245424,1104944017.08,1.2444,-2.0588
2025-05-26,76.16,76.59,75.15,75.85,14163180,1073966884.43,1.2372,-0.9662
2025-05-27,75.51,76.48,75.5,75.84,8467689,643280268.87,0.7397,-0.0132
2025-05-28,75.81,77.1,75.67,76.3,8049865,614497386.73,0.7032,0.6065
2025-05-29,76.32,78.18,76.2,77.95,11348839,879823511.89,0.9913,2.1625
2025-05-30,77.11,77.4,75.51,76.32,12877548,981122774.68,1.1249,-1.5988
2025-06-03,77.84,82.49,77.35,80.72,42317581,3425577264.68,3.6965,5.7652
2025-06-04,80.4,81.08,79.92,80.3,17966227,1444640487.87,1.5694,-0.5203
2025-06-05,80.89,83.98,80.29,83.8,30912056,2551115483.55,2.7002,4.3587
2025-06-06,83.11,84.2,82.8,83.84,18150871,1514550408.21,1.5855,0.0477
2025-06-09,84.0,84.49,82.87,83.89,18500972,1544128779.31,1.6161,0.0596
2025-06-10,83.5,83.5,80.7,81.81,24335401,1992713355.97,2.1258,-2.4794
2025-06-11,82.0,83.35,81.59,82.04,15649706,1290295139.93,1.367,0.2811
2025-06-12,81.8,82.89,81.13,81.28,16769863,1370986018.49,1.4649,-0.9264
2025-06-13,81.0,81.41,79.0,79.0,30818341,2460454094.49,2.6921,-2.8051
2025-06-16,78.9,81.25,78.8,79.54,20036914,1602995594.79,1.7503,0.6835
2025-06-17,79.95,80.91,79.28,79.75,13930873,1111454171.93,1.2169,0.264
2025-06-18,79.5,81.57,79.2,80.55,17281256,1392452645.82,1.5096,1.0031
2025-06-19,80.56,83.1,80.56,81.3,21496841,1759706870.74,1.8778,0.9311
2025-06-20,81.21,82.68,81.12,81.57,14987384,1226351542.52,1.3092,0.3321
2025-06-23,79.0,81.5,77.45,78.01,32832525,2602438235.77,2.868,-4.3643
2025-06-24,78.85,80.17,78.48,79.05,22733172,1802533745.59,1.9858,1.3332
2025-06-25,79.23,80.88,78.29,80.78,23619927,1880573747.43,2.0633,2.1885
2025-06-26,80.81,81.4,79.8,79.8,18177259,1461410824.1,1.5878,-1.2132
2025-06-27,80.26,81.38,79.63,80.15,16819602,1354235353.16,1.4692,0.4386
2025-06-30,80.6,82.16,80.59,82.0,19874617,1619593969.64,1.7361,2.3082
2025-07-01,81.99,82.72,81.47,82.0,14068284,1153547185.23,1.2289,0.0
2025-07-02,81.6,81.96,80.19,80.26,13217405,1070537908.51,1.1546,-2.122
2025-07-03,80.67,82.32,80.51,82.3,15951537,1304172368.56,1.3934,2.5417
2025-07-04,82.0,83.16,81.1,81.62,15417233,1263298169.06,1.3467,-0.8262
2025-07-07,81.16,81.5,79.42,80.26,14008773,1123018830.71,1.2237,-1.6663
2025-07-08,80.5,83.28,80.44,82.9,20242421,1666940193.35,1.7682,3.2893
2025-07-09,82.56,83.4,80.82,81.0,16303665,1333202181.37,1.4242,-2.2919
2025-07-10,81.3,81.8,80.6,80.82,15956397,1293897738.79,1.3938,-0.2222
2025-07-11,80.85,83.28,80.5,83.03,23035916,1895583114.52,2.0122,2.7345
2025-07-14,83.1,83.88,82.16,82.71,17793811,1476471775.87,1.5543,-0.3854
2025-07-15,82.74,86.36,82.51,85.3,34711464,2943051999.12,3.0321,3.1314
2025-07-16,85.75,87.97,84.68,84.96,31353259,2698394022.3,2.7388,-0.3986
2025-07-17,84.85,86.5,84.35,86.27,19843222,1699120154.79,1.7334,1.5419
2025-07-18,85.95,86.7,85.01,85.66,15847140,1358709721.56,1.3843,-0.7071
2025-07-21,85.3,85.4,83.3,83.91,23227664,1951408894.99,2.029,-2.043
2025-07-22,83.92,84.2,83.07,83.32,18390133,1538275406.03,1.6064,-0.7031
2025-07-23,83.32,84.64,82.97,83.52,20550769,1721320231.15,1.7952,0.24
2025-07-24,83.4,83.83,82.69,83.68,24429000,2032548760.73,2.1339,0.1916
2025-07-25,83.61,85.1,82.65,84.6,26368346,2206120703.03,2.3033,1.0994
2025-07-28,84.5,86.18,83.69,85.97,31172949,2647130731.52,2.723,1.6194
2025-07-29,85.55,88.1,85.51,87.0,31346280,2726107368.71,2.7382,1.1981
2025-07-30,87.1,88.66,86.01,87.21,27312334,2382778525.33,2.3858,0.2414
2025-07-31,87.0,88.87,84.51,85.02,31014423,2685465196.97,2.7092,-2.5112
2025-08-01,85.1,85.85,81.66,82.19,29183321,2433071396.35,2.5492,-3.3286
2025-08-04,82.0,84.5,81.93,84.16,24579652,2056417448.56,2.1471,2.3969
2025-08-05,84.29,85.85,83.55,85.16,18038609,1534568538.82,1.5757,1.1882
2025-08-06,85.17,91.55,84.71,90.94,47669497,4245844915.41,4.164,6.7872
2025-08-07,91.4,93.86,91.4,92.96,40165835,3722074030.56,3.5086,2.2212
2025-08-08,92.95,93.02,91.22,91.36,21612913,1987730575.8,1.8873,-1.7212
2025-08-11,91.36,92.3,90.17,90.83,18847577,1716045439.2,1.6459,-0.5801
2025-08-12,90.77,92.06,89.81,90.16,25288063,2291309034.89,2.2083,-0.7376
2025-08-13,90.74,91.1,89.6,90.15,26583673,2397768098.42,2.3214,-0.0111
2025-08-14,90.15,91.6,88.8,88.94,34968106,3151502979.38,3.0536,-1.3422
2025-08-15,89.96,93.28,89.95,93.0,37618989,3465634377.48,3.2851,4.5649
2025-08-18,93.02,93.6,91.5,91.73,40979940,3787493032.11,3.5786,-1.3656
2025-08-19,92.33,93.07,89.5,89.6,35089728,3205167958.55,3.0642,-2.322
2025-08-20,90.47,92.87,88.33,92.86,41755778,3773037132.65,3.6463,3.6384
2025-08-21,92.88,94.94,90.81,91.18,36857017,3419729266.2,3.2185,-1.8092
2025-08-22,91.94,99.19,91.18,99.11,71805319,6876378058.28,6.2704,8.6971
2025-08-25,102.87,106.59,99.61,101.98,74715233,7626148835.62,6.5245,2.8958
2025-08-26,101.0,106.25,100.3,103.6,47991543,4985994764.46,4.1908,1.5885
2025-08-27,103.2,115.87,102.86,108.2,78187592,8569515517.65,6.8277,4.4402
2025-08-28,109.0,117.71,109.0,117.5,80976049,9229646128.29,7.0712,8.5952
2025-08-29,115.15,124.68,111.0,122.9,70332022,8155828408.42,6.1417,4.5957
2025-09-01,128.0,129.98,119.8,124.22,64423613,8008368599.03,5.6258,1.074
2025-09-02,124.55,127.18,114.01,115.4,70348241,8390027695.8,6.1431,-7.1003
2025-09-03,114.36,115.82,110.98,112.49,49835491,5648215322.89,4.3519,-2.5217
2025-09-04,112.75,112.98,101.1,102.85,67162780,7112289575.34,5.865,-8.5697
2025-09-05,104.15,108.76,102.48,108.41,50248472,5315320108.39,4.3879,5.4059
2025-09-08,110.0,112.59,108.04,109.33,45988310,5052386115.04,4.0159,0.8486
2025-09-09,110.5,112.5,107.71,107.95,40204588,4401854457.46,3.5109,-1.2622
2025-09-10,109.0,117.54,108.02,114.1,58552099,6667367575.83,5.113,5.6971
2025-09-11,110.0,119.27,108.0,117.4,78777547,8997684447.98,6.8792,2.8922
2025-09-12,117.4,122.89,116.02,118.2,66354639,7877920482.39,5.7944,0.6814
2025-09-15,120.3,121.03,116.2,117.16,42287466,4986853162.71,3.6927,-0.8799
2025-09-16,118.0,124.55,117.09,120.48,54284336,6574364949.22,4.7404,2.8337
2025-09-17,119.76,120.39,115.5,119.11,43351264,5121161587.71,3.7856,-1.1371
2025-09-18,119.52,124.55,116.57,119.01,62531463,7585970353.94,5.4605,-0.084
2025-09-19,122.17,131.54,119.66,120.59,75327646,9426904077.77,6.578,1.3276
2025-09-22,120.18,126.44,120.11,125.29,55863877,6942433229.54,4.8783,3.8975
2025-09-23,124.05,127.77,120.57,126.31,58699795,7297717212.06,5.1259,0.8141
2025-09-24,125.0,139.99,124.0,135.86,78176977,10312100710.77,6.8268,7.5608
2025-09-25,133.15,137.2,132.1,136.6,44479831,6000713850.43,3.8842,0.5447
2025-09-26,135.6,139.45,133.01,133.1,37983323,5178707826.33,3.3169,-2.5622
2025-09-29,134.66,143.88,133.0,143.65,50769723,7038909279.32,4.4335,7.9264
2025-09-30,145.8,157.97,142.5,154.8,59384622,9028981401.64,5.1857,7.7619
2025-10-09,162.0,169.9,155.78,157.08,75901410,12306816994.15,6.6281,1.4729
2025-10-10,154.0,159.0,148.55,150.06,53632206,8189039488.57,4.6834,-4.4691
2025-10-13,141.0,152.55,141.0,148.05,48688086,7213219113.17,4.2517,-1.3395
2025-10-14,151.24,155.9,143.77,147.0,51426901,7689556269.89,4.4908,-0.7092
2025-10-15,143.11,145.0,136.38,144.55,45865171,6457985399.18,4.0052,-1.6667
2025-10-16,143.5,151.0,143.2,144.6,40264866,5911915893.21,3.5161,0.0346
2025-10-17,143.15,145.45,137.81,138.0,38201918,5365666867.87,3.336,-4.5643
2025-10-20,141.98,142.99,133.66,135.15,45838667,6315068478.57,4.0028,-2.0652
2025-10-21,136.3,140.44,135.3,139.0,35121873,4875734733.93,3.067,2.8487
2025-10-22,137.5,137.87,134.7,136.36,25101972,3424355151.25,2.192,-1.7579
2025-10-23,135.88,137.2,132.33,136.42,22303875,3004703089.06,1.9477,0.044
2025-10-24,139.39,146.19,139.3,146.05,49097771,7076979204.76,4.2874,7.0591
2025-10-27,153.0,153.46,146.11,151.01,54398476,8145484175.43,4.7503,3.3961
2025-10-28,147.5,152.09,146.99,149.36,34833876,5205905759.92,3.0419,-1.0926
2025-10-29,149.0,155.5,149.0,153.3,32729927,4988411386.01,2.8581,2.6379
2025-10-30,155.0,158.88,151.21,152.0,43691161,6756662787.76,3.8153,-0.848
2025-10-31,148.01,149.0,136.3,136.3,70786084,9928715900.23,6.1814,-10.3289
2025-11-03,134.0,135.26,128.03,133.13,47736471,6257947515.31,4.1686,-2.3258
2025-11-04,134.8,134.88,128.88,130.07,32812518,4317429027.86,2.8653,-2.2985
2025-11-05,125.2,129.58,125.16,128.91,28966253,3685197269.23,2.5295,-0.8918
2025-11-06,130.58,133.41,128.96,132.31,38545543,5066112410.56,3.366,2.6375
2025-11-07,130.0,132.88,129.08,130.08,25636165,3353290907.15,2.2387,-1.6854
2025-11-10,132.01,132.82,125.0,127.8,31798804,4071395445.77,2.7768,-1.7528
2025-11-11,129.29,131.0,126.8,127.14,24086301,3104258516.73,2.1033,-0.5164
2025-11-12,125.2,127.5,122.7,124.68,27774747,3459722132.9,2.4254,-1.9349
2025-11-13,124.0,130.27,123.8,127.8,30793238,3945799722.96,2.689,2.5024
2025-11-14,124.0,124.24,121.17,121.17,29483825,3613577350.96,2.5747,-5.1878
2025-11-17,121.28,123.8,120.07,121.2,20181943,2454629886.2,1.7624,0.0248
2025-11-18,120.8,122.88,119.78,120.9,22624775,2740616114.5,1.9757,-0.2475
2025-11-19,120.1,122.07,118.68,119.4,17231731,2068680523.48,1.5048,-1.2407
2025-11-20,122.36,122.8,117.88,118.02,17885204,2138178617.51,1.5618,-1.1558
2025-11-21,114.88,117.0,113.7,113.9,23934540,2757308506.73,2.0901,-3.4909
2025-11-24,115.67,115.95,112.0,113.9,19742532,2249464315.51,1.724,0.0
2025-11-25,116.6,118.77,115.72,116.29,26293764,3075887228.08,2.2961,2.0983
2025-11-26,115.08,119.24,114.45,117.11,22175521,2605052139.26,1.9365,0.7051
2025-11-27,118.2,122.22,117.02,117.4,30073082,3601089382.03,2.6261,0.2476
2025-11-28,117.58,119.22,116.86,118.5,18261822,2156907673.25,1.5947,0.937
2025-12-01,120.0,121.1,116.97,120.45,24695279,2952408800.61,2.1565,1.6456
2025-12-02,120.06,120.26,117.54,118.16,16743606,1986826731.12,1.4621,-1.9012
2025-12-03,118.72,120.28,117.9,118.1,15807818,1879712163.37,1.3804,-0.0508
2025-12-04,117.55,120.33,116.85,119.7,16556455,1968861996.18,1.4458,1.3548
2025-12-05,119.5,120.22,117.7,119.23,18551177,2208461366.44,1.62,-0.3926
2025-12-08,120.0,124.77,119.25,123.11,29944577,3675936355.84,2.6149,3.2542
2025-12-09,123.13,124.5,122.03,123.1,22938030,2825894248.99,2.0031,-0.0081
2025-12-10,122.3,122.36,117.83,120.51,28483933,3394900657.7,2.4874,-2.104
2025-12-11,123.82,126.45,119.28,119.39,38433365,4724702542.22,3.3562,-0.9294
2025-12-12,118.88,121.5,117.72,120.4,38700465,4636449695.94,3.3795,0.846
2025-12-15,117.97,118.87,114.82,115.14,30534292,3558366586.61,2.6664,-4.3688
2025-12-16,114.5,115.84,112.62,113.57,21508363,2453623052.39,1.8782,-1.3636
2025-12-17,114.1,117.59,112.81,117.3,22516836,2600876285.33,1.9663,3.2843
2025-12-18,116.37,119.48,115.88,116.77,20147989,2369083916.0,1.7594,-0.4518
2025-12-19,119.0,119.8,116.87,117.58,21788552,2578921822.83,1.9027,0.6937
2025-12-22,118.52,121.17,118.14,120.4,24113022,2896335090.11,2.1057,2.3984
2025-12-23,120.71,122.15,119.8,121.0,21417825,2591075075.12,1.8703,0.4983
2025-12-24,120.5,122.36,119.91,121.8,20915113,2533918138.32,1.8244,0.6612
2025-12-25,122.0,123.24,120.32,121.3,18586560,2257158472.01,1.6213,-0.4105
2025-12-26,120.44,122.74,119.7,120.88,18911598,2291736954.5,1.6496,-0.3462
2025-12-29,120.88,122.59,118.66,119.12,23769875,2860079559.95,2.0734,-1.456
2025-12-30,118.98,122.44,118.5,119.91,26526937,3195267437.22,2.3139,0.6632
2025-12-31,121.0,121.1,117.72,117.8,19750088,2347258374.6,1.7228,-1.7597
2026-01-05,119.5,129.25,119.5,127.75,53377969,6697219455.93,4.656,8.4465
2026-01-06,129.0,135.63,127.05,133.52,53490577,7068415855.3,4.6659,4.5166
2026-01-07,141.0,143.29,133.1,135.7,62126566,8527476022.86,5.4191,1.6327
2026-01-08,134.5,135.88,131.5,132.08,40331930,5373015630.08,3.5181,-2.6676
2026-01-09,131.0,133.77,129.26,132.38,35701566,4697780144.94,3.1142,0.2271
2026-01-12,134.16,134.98,130.61,132.24,41204303,5457945576.53,3.5942,-0.1058
2026-01-13,132.24,134.07,128.5,129.5,36345973,4755801759.54,3.1704,-2.072
2026-01-14,131.99,135.85,130.19,132.45,52352237,6980979873.55,4.5666,2.278
2026-01-15,132.8,137.08,132.4,135.2,48006473,6470337081.72,4.1875,2.0763
2026-01-16,138.1,144.0,136.0,142.59,64618779,9066637554.94,5.6365,5.466
2026-01-19,141.5,142.0,137.1,138.9,52044889,7229000807.09,4.5397,-2.5878
2026-01-20,137.95,147.0,137.5,143.0,62402524,8965934252.52,5.4432,2.9518
2026-01-21,144.0,163.2,143.7,160.02,90353438,14053821104.12,7.8813,11.9021
2026-01-22,172.87,181.8,164.11,167.9,114081879,19457143658.84,9.9511,4.9244
2026-01-23,163.2,170.47,158.01,160.02,74383621,12036487450.79,6.4883,-4.6933
2026-01-26,158.19,169.34,158.19,164.11,68082147,11289036897.57,5.9386,2.5559
2026-01-27,162.13,170.48,155.6,169.02,66149015,10860031421.04,5.77,2.9919
2026-01-28,171.0,176.18,168.88,173.26,64991983,11220605163.67,5.6691,2.5086
2026-01-29,175.6,176.0,162.12,162.18,60253822,10043739112.78,5.2558,-6.395
2026-01-30,160.48,185.88,160.2,181.85,91432100,15888889058.22,7.9754,12.1285
2026-02-02,181.0,188.88,176.39,177.93,75981861,13766339252.29,6.6277,-2.1556
2026-02-03,184.79,188.79,175.0,182.03,68419618,12463547881.48,5.9681,2.3043
2026-02-04,175.6,175.69,164.11,170.9,56740417,9577099945.74,4.9493,-6.1144
2026-02-05,161.88,170.65,161.5,168.15,32465215,5433114062.47,2.8319,-1.6091
2026-02-06,165.0,166.96,162.8,163.54,31515210,5193818869.32,2.749,-2.7416
2026-02-09,170.88,173.8,165.87,173.45,42330156,7195903952.65,3.6924,6.0597
2026-02-10,172.5,180.0,172.11,177.5,38977643,6880679822.09,3.3999,2.335
2026-02-11,174.9,174.9,168.52,169.9,28569413,4884135852.57,2.492,-4.2817
2026-02-12,171.68,174.9,165.0,168.11,40102613,6717266030.22,3.4981,-1.0536
2026-02-13,166.8,171.1,164.23,164.6,29260081,4875817521.41,2.5523,-2.0879
2026-02-24,169.99,177.64,167.03,174.61,40382609,6969692575.71,3.5225,6.0814
2026-02-25,174.62,174.63,165.61,167.74,35992104,6047307975.26,3.1395,-3.9345
2026-02-26,167.9,168.88,163.88,165.12,34361643,5689131100.76,2.9973,-1.5619
2026-02-27,162.5,165.68,161.56,163.55,25820772,4204995601.25,2.2523,-0.9508
2026-03-02,159.03,164.56,158.26,159.44,31212432,5021299239.55,2.7226,-2.513
2026-03-03,160.06,160.96,147.67,147.89,52208958,7929787640.93,4.5541,-7.2441
2026-03-04,147.0,154.84,147.0,150.31,40725055,6178671222.68,3.5523,1.6364
2026-03-05,156.51,156.83,151.11,152.63,30201925,4637827383.4,2.6344,1.5435
2026-03-06,150.88,154.68,150.63,151.61,21090811,3209139230.02,1.8397,-0.6683
2026-03-09,145.0,149.28,140.83,148.18,36559849,5283916931.08,3.189,-2.2624
2026-03-10,152.99,154.02,150.86,152.98,30572221,4669719591.48,2.6667,3.2393
2026-03-11,154.09,154.31,149.32,149.8,25190545,3804569501.95,2.1973,-2.0787
2026-03-12,149.05,151.09,146.29,147.85,23528572,3492954220.55,2.0523,-1.3017
2026-03-13,146.77,150.45,145.24,146.5,26574876,3921210917.59,2.3181,-0.9131
2026-03-16,147.0,153.71,145.4,152.5,40965481,6145692305.64,3.5733,4.0956
2026-03-17,153.0,153.0,146.42,146.59,29952447,4463314314.88,2.6127,-3.8754
2026-03-18,150.0,153.95,148.62,153.62,47978750,7302233907.29,4.1851,4.7957
2026-03-19,150.54,153.56,148.75,149.68,38243378,5771710066.58,3.3359,-2.5648
2026-03-20,151.4,151.87,144.86,144.9,35075343,5195762803.65,3.0595,-3.1935
2026-03-23,139.99,142.38,135.91,136.8,38349982,5332637841.72,3.3452,-5.5901
2026-03-24,140.0,140.0,132.1,137.57,30040434,4070281341.15,2.6204,0.5629
2026-03-25,139.5,143.88,139.2,142.0,32579974,4614540748.23,2.8419,3.2202
2026-03-26,139.88,140.34,136.1,136.99,24847742,3429348106.55,2.1674,-3.5282
