日期,开盘,最高,最低,收盘,成交量,成交额,换手率,涨跌幅
2020-02-21,90.0,96.0,77.7,77.96,27089790,2261366024.0,74.0833,259.76
2020-02-24,74.0,77.77,67.67,76.5,18726678,1357333221.0,51.2124,-1.8728
2020-02-25,73.05,82.0,73.05,77.6,15676199,1225889769.0,42.8702,1.4379
2020-02-26,73.5,76.5,69.67,71.01,11145850,803864866.0,30.4809,-8.4923
2020-02-27,69.98,72.01,65.61,65.61,8174889,551157023.0,22.3561,-7.6046
2020-02-28,60.0,67.21,59.0,61.66,7786366,485886874.0,21.2936,-6.0204
2020-03-02,64.4,65.0,61.02,62.38,5617244,352234907.0,15.3617,1.1677
2020-03-03,63.12,66.22,62.2,62.9,6769444,433237423.0,18.5126,0.8336
2020-03-04,61.0,61.98,58.88,61.3,5825325,352640131.0,15.9307,-2.5437
2020-03-05,62.5,65.48,61.61,63.79,6615219,419128398.0,18.0908,4.062
2020-03-06,61.94,63.2,61.58,62.02,3919906,244015433.0,10.7199,-2.7747
2020-03-09,60.0,60.99,56.78,56.81,4668631,275418279.0,12.7675,-8.4005
2020-03-10,58.85,59.96,56.59,59.65,5659501,330311250.0,15.4772,4.9991
2020-03-11,58.9,59.5,55.99,56.11,5022639,289962813.0,13.7356,-5.9346
2020-03-12,54.29,56.22,54.01,54.46,2781706,152609474.0,7.6072,-2.9407
2020-03-13,50.8,56.38,50.51,54.54,4458278,238718994.0,12.1922,0.1469
2020-03-16,54.25,56.48,51.33,51.5,3634159,196885949.0,9.9384,-5.5739
2020-03-17,53.14,53.88,50.1,52.66,3638586,190582874.0,9.9506,2.2524
2020-03-18,53.88,54.44,51.67,51.8,3734359,199966557.0,10.2125,-1.6331
2020-03-19,52.3,58.87,51.88,58.85,7502832,422308025.0,20.5182,13.61
2020-03-20,60.1,60.98,57.8,58.65,6669625,396146827.0,18.2396,-0.3398
2020-03-23,55.95,57.2,51.0,51.7,5008873,269690488.0,13.6979,-11.85
2020-03-24,53.51,54.0,50.1,54.0,4155877,218114135.0,11.3652,4.4487
2020-03-25,55.4,56.8,54.16,54.61,3965372,219457667.0,10.8442,1.1296
2020-03-26,52.98,54.6,52.4,52.5,2972004,158090799.0,8.1276,-3.8638
2020-03-27,54.4,55.5,52.55,52.94,3059505,165054903.0,8.3669,0.8381
2020-03-30,50.96,51.83,49.01,50.17,3416623,170712798.0,9.3435,-5.2323
2020-03-31,51.27,51.82,49.08,49.25,2545779,127911013.0,6.962,-1.8338
2020-04-01,48.99,50.8,48.99,49.28,2214337,110133607.0,6.0556,0.0609
2020-04-02,48.59,52.25,48.49,52.16,3377215,170256651.0,9.2358,5.8442
2020-04-03,51.41,51.55,49.76,49.81,2801543,141524005.0,7.6615,-4.5054
2020-04-07,51.1,51.39,50.51,50.67,2092493,106385078.0,5.7224,1.7266
2020-04-08,50.75,52.7,50.66,51.74,3134180,162792103.0,8.5711,2.1117
2020-04-09,51.01,52.0,50.67,50.9,2371857,121144117.0,6.4864,-1.6235
2020-04-10,50.75,51.0,48.77,48.92,2324821,115127125.0,6.3578,-3.89
2020-04-13,49.0,49.2,47.32,47.4,1635791,78768890.0,4.4734,-3.1071
2020-04-14,48.03,48.5,47.58,48.22,1203776,57819457.0,3.292,1.73
2020-04-15,48.16,48.98,47.66,47.67,1686061,81475674.0,4.6109,-1.1406
2020-04-16,47.39,47.59,46.49,46.66,2272768,106643693.0,6.2154,-2.1187
2020-04-17,47.09,48.25,46.93,47.39,2483488,118142365.0,6.7917,1.5645
2020-04-20,47.0,47.33,46.5,47.09,1487736,69811023.0,4.0686,-0.633
2020-04-21,47.0,47.0,45.82,46.04,1550267,71665274.0,4.2396,-2.2298
2020-04-22,45.62,48.2,45.34,47.52,3182758,151328324.0,8.704,3.2146
2020-04-23,47.34,48.38,47.06,47.47,2064323,98416012.0,5.6454,-0.1052
2020-04-24,47.2,48.88,46.5,48.3,3018668,144597634.0,8.2552,1.7485
2020-04-27,48.1,48.28,46.76,47.01,1910331,90254594.0,5.2242,-2.6708
2020-04-28,46.78,46.78,40.0,43.16,3487206,150758315.0,9.5366,-8.1897
2020-04-29,42.99,43.4,40.75,41.02,2136742,89505267.0,5.8434,-4.9583
2020-04-30,40.76,45.68,40.76,44.12,3912755,169652476.0,10.7003,7.5573
2020-05-06,43.12,51.49,43.0,50.85,7134852,339106931.0,19.5119,15.2539
2020-05-07,50.8,50.8,48.31,48.6,5194246,255533896.0,14.2049,-4.4248
2020-05-08,48.66,50.55,48.41,48.69,4038262,198814936.0,11.0436,0.1852
2020-05-11,49.37,50.8,48.76,49.3,3622217,179632777.0,9.9058,1.2528
2020-05-12,49.99,53.99,48.51,53.9,6423283,331379256.0,17.566,9.3306
2020-05-13,53.9,56.0,52.7,52.76,6141969,332917916.0,16.7966,-2.115
2020-05-14,51.96,55.86,51.75,53.4,6225865,337538539.0,17.0261,1.213
2020-05-15,53.45,55.36,52.5,53.96,4887421,264401901.0,13.3658,1.0487
2020-05-18,55.81,56.5,53.6,54.46,6069696,335392531.0,16.599,0.9266
2020-05-19,54.1,58.58,52.53,57.67,7821634,435505284.0,21.3901,5.8942
2020-05-20,56.85,59.5,55.03,55.67,6438395,367577330.0,17.6073,-3.468
2020-05-21,55.88,56.6,51.98,52.0,4505726,243733515.0,12.3219,-6.5924
2020-05-22,52.3,58.39,51.8,58.03,7704209,422350958.0,21.0689,11.5962
2020-05-25,59.7,60.9,56.68,57.02,6707966,392159232.0,18.3445,-1.7405
2020-05-26,56.4,60.18,56.11,58.85,7292959,424733524.0,19.9443,3.2094
2020-05-27,58.09,62.43,56.79,62.09,9408669,560742676.0,25.7302,5.5055
2020-05-28,62.1,66.07,59.2,64.59,10241896,639059039.0,28.0088,4.0264
2020-05-29,62.44,64.99,57.5,58.2,11832595,731887442.0,32.359,-9.8932
2020-06-01,59.01,59.99,56.27,59.0,9068883,530667636.0,24.801,1.3746
2020-06-02,59.9,60.88,57.02,60.05,8438785,499947716.0,23.0778,1.7797
2020-06-03,59.79,61.0,57.59,57.6,7576498,446708539.0,20.7197,-4.0799
2020-06-04,57.88,58.17,54.5,55.06,6060264,339953504.0,16.5732,-4.4097
2020-06-05,55.06,57.68,54.62,56.3,4506961,254461099.0,12.3253,2.2521
2020-06-08,57.5,58.77,55.82,57.27,4724379,271676225.0,12.9199,1.7229
2020-06-09,57.27,57.6,55.06,56.9,3905109,219682178.0,10.6794,-0.6461
2020-06-10,56.58,57.36,54.8,54.91,3135300,175111241.0,8.5742,-3.4974
2020-06-11,55.0,56.97,54.29,54.84,3416569,189861587.0,9.3434,-0.1275
2020-06-12,53.0,53.95,52.68,52.9,3559269,189206230.0,9.7336,-3.5376
2020-06-15,52.8,53.48,51.01,51.09,2789252,146361107.0,7.6279,-3.4216
2020-06-16,51.55,52.8,51.36,52.77,2657283,138313871.0,7.267,3.2883
2020-06-17,52.98,52.98,51.18,51.68,2044051,106080321.0,5.5899,-2.0656
2020-06-18,51.76,53.23,51.6,52.28,2179997,114356659.0,5.9617,1.161
2020-06-19,51.87,52.77,51.58,51.97,1750421,91034139.0,4.7869,-0.593
2020-06-22,52.26,54.96,52.24,53.99,4085594,220192157.0,11.173,3.8869
2020-06-23,53.8,54.1,52.8,53.17,2100771,111877405.0,5.745,-1.5188
2020-06-24,53.5,54.85,53.05,54.22,3178929,171994208.0,8.6935,1.9748
2020-06-29,53.3,53.88,51.5,51.77,2985944,156620924.0,8.1658,-4.5186
2020-06-30,52.3,52.84,51.89,52.21,1968923,102998885.0,5.3845,0.8499
2020-07-01,52.19,52.9,50.01,50.49,2990539,153645667.0,8.1783,-3.2944
2020-07-02,50.5,55.35,50.03,54.56,5509923,293133222.0,15.0682,8.061
2020-07-03,54.44,54.98,53.09,54.12,3189810,171905194.0,8.7233,-0.8065
2020-07-06,55.2,59.95,54.12,58.99,6345534,365995469.0,17.3533,9.3015
2020-07-07,59.25,62.18,58.1,58.1,7423870,444289927.0,20.3023,-1.5087
2020-07-08,59.47,60.79,58.5,60.0,4824119,288273914.0,13.1927,3.2702
2020-07-09,60.0,64.5,59.03,62.3,6142740,380448257.0,16.7987,3.8333
2020-07-10,61.99,63.7,60.28,60.79,4454449,275093363.0,12.1817,-2.4238
2020-07-13,60.88,63.8,60.18,63.8,5186128,323412301.0,14.1827,4.9515
2020-07-14,65.13,65.98,59.8,61.81,6361770,398678805.0,17.3977,-3.1191
2020-07-15,61.7,62.0,55.98,56.39,5217179,306494958.0,14.2676,-8.7688
2020-07-16,56.6,57.18,50.88,50.99,4411465,237060303.0,12.0642,-9.5762
2020-07-17,51.07,51.99,49.11,49.8,2649688,134184606.0,7.2462,-2.3338
2020-07-20,50.29,50.94,48.45,50.94,2401223,119581311.0,6.5667,2.2892
2020-07-21,51.42,52.1,50.13,50.99,1958832,99649602.0,5.3569,0.0982
2020-07-22,50.47,51.3,50.1,50.2,2154869,109129074.0,5.893,-1.5493
2020-07-23,49.66,50.21,47.5,48.18,2950793,143143193.88,8.0696,-4.0239
2020-07-24,47.87,48.38,43.56,44.36,3134364,145301569.0,8.5716,-7.9286
2020-07-27,44.68,45.5,43.83,44.42,1383149,61690907.0,3.7825,0.1353
2020-07-28,45.78,46.47,44.84,45.48,1469310,67160023.0,4.0182,2.3863
2020-07-29,45.47,48.06,45.08,47.88,2128795,99413389.0,5.8217,5.277
2020-07-30,48.1,48.5,47.08,47.69,1779497,85067641.61,4.8664,-0.3968
2020-07-31,47.41,48.69,47.23,48.34,1881633,90445514.0,5.1458,1.363
2020-08-03,48.76,50.1,48.58,49.85,2171807,107630468.0,5.9393,3.1237
2020-08-04,49.85,50.05,47.61,48.15,2051867,100312847.0,5.6113,-3.4102
2020-08-05,50.65,50.65,48.7,49.02,2310860,114367519.13,6.3196,1.8069
2020-08-06,48.58,48.87,47.59,48.02,1701656,81954428.1,4.6536,-2.04
2020-08-07,48.15,49.67,47.81,48.41,2588119,126020575.0,7.0778,0.8122
2020-08-10,48.1,48.53,46.91,47.51,1811600,86038325.0,4.9542,-1.8591
2020-08-11,47.3,48.24,46.85,46.9,1612326,76503334.0,4.4093,-1.2839
2020-08-12,46.5,47.0,45.31,45.82,1495690,68476746.0,4.0903,-2.3028
2020-08-13,46.24,46.61,45.76,45.91,946413,43647651.0,2.5882,0.1964
2020-08-14,46.0,46.88,45.8,46.86,1245588,57875593.0,3.4063,2.0693
2020-08-17,46.79,47.17,46.06,47.09,1400418,65327106.0,3.8298,0.4908
2020-08-18,47.52,48.98,46.71,48.52,2137968,102473703.0,5.8468,3.0367
2020-08-19,47.88,48.48,47.0,47.1,1449383,69324502.0,3.9637,-2.9266
2020-08-20,46.88,47.46,45.01,45.24,1277054,58742782.55,3.4924,-3.949
2020-08-21,45.1,45.56,44.0,44.55,1762030,78986805.69,4.6182,-1.5252
2020-08-24,44.55,45.0,42.01,43.45,1444311,62459284.59,3.7855,-2.4691
2020-08-25,43.55,45.0,42.9,44.93,1380614,60715658.0,3.6185,3.4062
2020-08-26,44.42,44.87,42.39,42.87,1627644,70492965.0,4.266,-4.5849
2020-08-27,43.18,44.49,42.51,43.95,1246523,54516032.46,3.2671,2.5192
2020-08-28,43.81,44.7,43.05,44.3,1275586,56233071.0,3.3432,0.7964
2020-08-31,44.51,45.79,43.99,44.8,1432143,64578583.0,3.7536,1.1287
2020-09-01,44.79,45.4,44.12,45.0,929295,41622542.0,2.4356,0.4464
2020-09-02,45.0,45.29,44.36,44.56,851871,38078686.0,2.2327,-0.9778
2020-09-03,44.56,44.8,43.4,43.53,929075,40783477.86,2.4351,-2.3115
2020-09-04,43.3,46.5,42.74,46.42,2596669,118446142.02,6.8057,6.6391
2020-09-07,46.47,49.28,45.6,48.06,3706115,179038740.0,9.7135,3.533
2020-09-08,47.76,48.8,46.5,46.88,1699429,80333712.0,4.4541,-2.4553
2020-09-09,46.0,47.59,45.56,46.2,1699027,78926150.0,4.4531,-1.4505
2020-09-10,46.0,48.55,45.53,45.8,2041357,96231824.0,5.3503,-0.8658
2020-09-11,45.8,50.35,45.76,50.33,4097946,200046806.0,10.7405,9.8908
2020-09-14,51.41,51.97,49.41,50.1,3733996,189208611.57,9.7866,-0.457
2020-09-15,50.6,52.0,48.71,51.08,3238181,163555237.0,8.4871,1.9561
2020-09-16,50.53,51.64,48.9,49.22,1957175,97749134.0,5.1297,-3.6413
2020-09-17,48.6,51.61,48.41,51.25,2660456,134299507.0,6.9729,4.1243
2020-09-18,50.99,51.41,49.65,51.0,1936615,97892508.0,5.0758,-0.4878
2020-09-21,50.8,51.45,49.76,49.9,1359785,68630212.9,3.5639,-2.1569
2020-09-22,49.3,49.45,47.18,47.34,2225596,107154284.37,5.8332,-5.1303
2020-09-23,47.51,49.18,47.34,48.27,1458767,70493558.0,3.8234,1.9645
2020-09-24,48.27,48.72,46.02,46.36,1562838,73753783.0,4.0961,-3.9569
2020-09-25,46.44,47.29,45.98,46.37,786023,36562033.74,2.0601,0.0216
2020-09-28,46.05,46.35,44.67,45.24,813435,36941089.0,2.132,-2.4369
2020-09-29,45.78,46.66,45.6,46.0,631117,29121242.84,1.6541,1.6799
2020-09-30,46.28,46.6,45.5,45.8,531377,24456662.0,1.3927,-0.4348
2020-10-09,46.87,47.4,46.49,46.78,665592,31291230.85,1.7445,2.1397
2020-10-12,46.98,48.77,46.78,48.58,1242895,59699484.0,3.2576,3.8478
2020-10-13,48.3,49.09,47.51,48.49,1144274,55340866.0,2.9991,-0.1853
2020-10-14,48.5,48.57,47.15,47.58,870934,41419284.34,2.2827,-1.8767
2020-10-15,47.93,47.98,46.51,46.6,776225,36639236.03,2.0344,-2.0597
2020-10-16,47.1,47.28,45.55,45.81,620654,28597070.63,1.6267,-1.6953
2020-10-19,45.7,46.37,45.3,45.55,601278,27543090.0,1.5759,-0.5676
2020-10-20,45.39,45.95,44.6,45.89,582972,26309198.0,1.5279,0.7464
2020-10-21,46.18,46.18,44.82,45.18,535575,24249521.0,1.4037,-1.5472
2020-10-22,44.61,45.36,44.25,44.7,376584,16898843.98,0.987,-1.0624
2020-10-23,44.99,45.37,43.96,44.09,535356,23854299.67,1.4031,-1.3647
2020-10-26,44.09,44.58,43.42,43.48,443658,19429704.0,1.1628,-1.3835
2020-10-27,43.48,43.9,43.26,43.88,350505,15283661.44,0.9187,0.92
2020-10-28,45.76,45.87,44.61,45.15,823743,37129622.6,2.159,2.8943
2020-10-29,44.85,45.35,44.41,45.06,742733,33427660.74,1.9467,-0.1993
2020-10-30,45.1,46.19,44.52,44.92,930904,42201779.0,2.4399,-0.3107
2020-11-02,44.92,46.01,43.36,44.35,824152,36277389.43,2.1601,-1.2689
2020-11-03,44.57,46.42,44.44,46.18,1025300,46946528.3,2.6873,4.1263
2020-11-04,46.22,46.7,45.71,46.32,602080,27894201.01,1.578,0.3032
2020-11-05,47.65,47.65,46.07,46.57,696356,32470042.02,1.8251,0.5397
2020-11-06,46.61,47.51,45.9,46.38,701469,32613662.35,1.8385,-0.408
2020-11-09,47.16,49.86,46.92,49.14,2198885,107062321.09,5.7632,5.9508
2020-11-10,49.0,49.47,47.83,48.23,1081100,52430639.34,2.8335,-1.8519
2020-11-11,48.1,48.2,46.55,46.66,1121267,53003468.78,2.9388,-3.2552
2020-11-12,46.93,47.09,46.24,46.68,730372,34065975.55,1.9143,0.0429
2020-11-13,46.3,48.99,46.0,47.92,1094526,52244196.72,2.8687,2.6564
2020-11-16,47.97,48.82,47.79,48.63,834233,40387169.88,2.1865,1.4816
2020-11-17,48.18,48.6,46.3,47.28,942074,44353647.23,2.4691,-2.7761
2020-11-18,47.27,47.58,46.5,47.15,555690,26142551.58,1.4564,-0.275
2020-11-19,46.66,47.76,46.4,46.91,611425,28810451.85,1.6025,-0.509
2020-11-20,46.91,47.21,46.61,46.9,495036,23216152.82,1.2975,-0.0213
2020-11-23,47.16,47.28,45.7,45.73,975700,45117400.94,2.5573,-2.4947
2020-11-24,45.78,46.3,45.3,45.45,592710,27145637.32,1.5535,-0.6123
2020-11-25,45.55,45.8,44.44,44.48,824676,37041339.8,2.1614,-2.1342
2020-11-26,44.39,44.76,44.14,44.16,445497,19760190.46,1.1676,-0.7194
2020-11-27,44.39,44.59,44.02,44.38,446246,19762237.96,1.1696,0.4982
2020-11-30,44.77,45.15,44.15,44.69,595501,26647160.16,1.5608,0.6985
2020-12-01,45.0,45.14,44.52,45.06,511013,22975458.83,1.3393,0.8279
2020-12-02,44.95,46.2,44.68,45.76,701146,32058115.81,1.8377,1.5535
2020-12-03,45.76,46.56,45.5,45.51,677778,31137137.82,1.7764,-0.5463
2020-12-04,45.85,46.16,45.3,45.94,503855,23050806.61,1.3206,0.9448
2020-12-07,46.78,47.35,46.2,46.39,882941,41233600.67,2.3141,0.9795
2020-12-08,46.39,46.55,45.16,45.19,664874,30278344.78,1.7426,-2.5868
2020-12-09,45.21,45.39,43.55,43.77,859432,38040882.46,2.2525,-3.1423
2020-12-10,43.5,44.39,43.35,43.68,454174,19914817.79,1.1904,-0.2056
2020-12-11,44.35,44.41,42.33,42.67,749791,32229242.96,1.9652,-2.3123
2020-12-14,42.67,44.12,42.27,43.65,657394,28335643.1,1.723,2.2967
2020-12-15,43.6,44.22,42.53,42.79,629197,27182124.31,1.6491,-1.9702
2020-12-16,42.68,42.68,40.62,40.74,967999,40233400.53,2.5371,-4.7908
2020-12-17,40.78,41.4,40.2,41.3,623803,25481364.45,1.635,1.3746
2020-12-18,41.98,41.98,39.8,40.06,836513,34062700.51,2.1925,-3.0024
2020-12-21,40.08,43.36,40.02,43.15,1759938,73948142.04,4.6127,7.7134
2020-12-22,42.89,43.15,41.7,42.59,1302340,55218893.93,3.4134,-1.2978
2020-12-23,43.09,44.44,42.16,43.96,1277283,55825297.5,3.3477,3.2167
2020-12-24,43.59,44.65,43.0,43.18,803219,35055177.31,2.1052,-1.7743
2020-12-25,43.79,43.85,41.84,42.05,720963,30655382.43,1.8896,-2.617
2020-12-28,41.5,41.77,40.06,40.46,985605,40173512.38,2.5832,-3.7812
2020-12-29,40.4,41.56,40.4,40.94,727287,29830855.45,1.9062,1.1864
2020-12-30,40.73,41.48,40.71,41.07,510986,21018294.99,1.3393,0.3175
2020-12-31,40.99,44.24,40.99,43.72,1803748,77996500.28,4.7275,6.4524
2021-01-04,43.72,45.49,43.51,45.4,1329001,59710446.73,3.4832,3.8426
2021-01-05,45.4,47.1,44.8,47.03,1859902,85543232.6,4.8747,3.5903
2021-01-06,46.35,48.2,45.55,45.63,1562072,72984177.57,4.0941,-2.9768
2021-01-07,45.54,46.38,42.55,43.78,1864050,82503230.83,4.8856,-4.0544
2021-01-08,43.78,44.7,42.33,42.63,957531,41322304.37,2.5096,-2.6268
2021-01-11,42.63,43.75,41.58,42.03,874457,37296247.36,2.2919,-1.4075
2021-01-12,41.71,42.59,41.4,42.0,762248,31992109.16,1.9978,-0.0714
2021-01-13,42.1,42.5,40.5,40.94,925189,38087760.27,2.4249,-2.5238
2021-01-14,41.85,44.38,40.76,43.48,1381172,59346277.7,3.62,6.2042
2021-01-15,43.02,44.7,42.2,42.38,1439850,62407298.59,3.7738,-2.5299
2021-01-18,42.13,44.14,41.5,43.93,1230244,53303932.25,3.2244,3.6574
2021-01-19,43.5,44.44,43.19,43.2,930344,40706555.98,2.4384,-1.6617
2021-01-20,43.7,47.77,43.7,46.09,3235817,150045889.16,8.4809,6.6898
2021-01-21,46.78,46.91,44.73,46.12,2375945,109125329.95,6.2272,0.0651
2021-01-22,46.11,46.69,45.0,45.49,1400718,63994693.69,3.6712,-1.366
2021-01-25,45.1,47.88,43.6,47.8,2375959,107762218.82,6.2273,5.078
2021-01-26,48.01,48.88,46.53,47.26,1959115,93332927.62,5.1347,-1.1297
2021-01-27,46.03,47.5,45.57,46.64,1142145,53001671.75,2.9935,-1.3119
2021-01-28,46.0,47.14,45.22,46.22,944974,43768016.92,2.4767,-0.9005
2021-01-29,46.3,46.84,43.59,43.81,1114723,49843620.43,2.9216,-5.2142
2021-02-01,43.26,43.81,42.13,42.38,899176,38497670.2,2.3567,-3.2641
2021-02-02,42.3,43.5,42.13,42.84,656721,28008677.71,1.7212,1.0854
2021-02-03,42.9,43.4,41.05,41.48,929516,39026229.54,2.4362,-3.1746
2021-02-04,41.48,41.8,39.5,40.38,1103719,44448289.8,2.8928,-2.6519
2021-02-05,39.89,40.65,33.65,34.27,2788805,102864483.65,7.3093,-15.1313
2021-02-08,32.8,34.8,31.3,33.36,1707431,56435622.13,4.4751,-2.6554
2021-02-09,33.38,34.6,32.71,33.8,1042016,35040509.92,2.7311,1.3189
2021-02-10,34.0,34.4,32.75,32.95,953642,31852403.43,2.4994,-2.5148
2021-02-18,34.55,35.75,33.55,35.3,1322623,46370953.72,3.4665,7.132
2021-02-19,35.29,35.93,34.51,35.67,879950,31175562.9,2.3063,1.0482
2021-02-22,35.62,37.17,35.62,36.36,762846,27917949.31,0.9359,1.9344
2021-02-23,35.63,36.88,35.5,36.48,589259,21427700.54,0.7229,0.33
2021-02-24,38.49,40.4,37.51,39.18,2292477,90272324.61,2.8124,7.4013
2021-02-25,39.48,40.17,37.49,38.15,1768892,68330549.34,2.1701,-2.6289
2021-02-26,36.51,39.0,36.51,37.5,1104815,41775813.04,1.3554,-1.7038
2021-03-01,38.48,39.57,37.78,38.18,1151487,44278393.09,1.4127,1.8133
2021-03-02,38.86,38.9,37.85,38.3,635517,24388017.46,0.7797,0.3143
2021-03-03,38.02,38.7,37.78,38.12,727715,27715887.14,0.8928,-0.47
2021-03-04,38.46,39.44,37.7,37.74,755584,28908212.13,0.927,-0.9969
2021-03-05,37.03,38.28,37.03,38.06,559152,21171707.38,0.686,0.8479
2021-03-08,38.04,39.25,37.79,37.86,521487,20125362.97,0.6398,-0.5255
2021-03-09,37.86,37.86,35.59,35.59,831056,30408445.04,1.0195,-5.9958
2021-03-10,35.87,36.91,35.35,35.38,633249,22896948.92,0.7769,-0.5901
2021-03-11,35.58,37.9,35.31,36.8,769111,28192318.24,0.9436,4.0136
2021-03-12,36.82,37.26,35.59,35.97,699629,25258139.94,0.8583,-2.2554
2021-03-15,35.72,35.72,34.0,34.3,743387,25738680.75,0.912,-4.6428
2021-03-16,34.39,34.81,34.1,34.4,681564,23434740.11,0.8361,0.2915
2021-03-17,33.87,35.22,33.87,34.91,786015,27330177.8,0.9643,1.4826
2021-03-18,34.97,35.9,34.61,34.75,617377,21580108.67,0.7574,-0.4583
2021-03-19,34.5,35.29,34.34,34.86,419604,14616405.2,0.5148,0.3165
2021-03-22,34.75,35.7,34.7,35.54,566702,19965864.95,0.6952,1.9507
2021-03-23,35.49,36.36,35.49,35.9,606353,21816862.0,0.7439,1.0129
2021-03-24,36.3,36.3,35.27,35.4,452808,16110177.77,0.5555,-1.3928
2021-03-25,35.38,35.42,34.58,34.72,439789,15349581.29,0.5395,-1.9209
2021-03-26,34.8,35.67,33.98,35.0,562708,19469456.14,0.6903,0.8065
2021-03-29,34.83,35.72,34.54,34.68,622563,21859460.03,0.7638,-0.9143
2021-03-30,35.0,35.41,34.34,34.97,426315,14853899.05,0.523,0.8362
2021-03-31,34.41,34.99,34.14,34.9,409978,14165017.93,0.503,-0.2002
2021-04-01,34.79,36.16,33.8,35.25,1160423,40647308.36,1.4236,1.0029
2021-04-02,35.28,37.27,35.26,36.91,1552446,56915051.48,1.9046,4.7092
2021-04-06,37.28,38.61,37.01,37.37,1656370,62599768.71,2.032,1.2463
2021-04-07,37.26,37.99,36.4,37.63,1197272,44628220.36,1.4688,0.6957
2021-04-08,37.56,38.15,37.3,37.53,701994,26422767.98,0.8612,-0.2657
2021-04-09,37.53,38.63,37.35,37.71,1148426,43719793.27,1.4089,0.4796
2021-04-12,37.67,37.67,36.05,36.3,728050,26782775.98,0.8932,-3.7391
2021-04-13,36.3,36.97,35.89,36.0,553814,20147107.24,0.6794,-0.8264
2021-04-14,36.0,37.38,35.76,36.77,761452,27967114.68,0.9342,2.1389
2021-04-15,36.21,37.18,36.01,37.02,821234,30187399.24,1.0075,0.6799
2021-04-16,37.02,38.55,36.7,38.01,1104672,41616028.22,1.3552,2.6742
2021-04-19,39.27,39.5,37.72,39.18,1613728,62471229.62,1.9797,3.0781
2021-04-20,38.99,39.47,38.62,38.8,1257979,49097675.72,1.5433,-0.9699
2021-04-21,38.67,40.95,38.67,40.68,2159659,86226182.07,2.6495,4.8454
2021-04-22,40.49,40.49,38.0,38.4,3725498,144587920.87,4.5705,-5.6047
2021-04-23,38.0,38.35,36.98,37.19,2233720,83900718.04,2.7403,-3.151
2021-04-26,37.0,39.65,36.92,37.7,2856715,109316051.3,3.5046,1.3713
2021-04-27,38.27,38.36,37.0,37.49,1055742,39609398.13,1.2952,-0.557
2021-04-28,37.49,38.66,36.8,37.34,1721642,64933369.61,2.1121,-0.4001
2021-04-29,37.41,38.68,37.41,38.18,1573227,59949376.14,1.93,2.2496
2021-04-30,38.15,38.15,36.37,37.66,1827655,68577906.18,2.2422,-1.362
2021-05-06,37.6,38.15,36.89,37.7,1201958,45253134.1,1.4746,0.1062
2021-05-07,37.66,38.08,36.09,36.22,1583430,58510692.12,1.9426,-3.9257
2021-05-10,36.2,36.22,34.65,35.1,1685037,59412152.09,2.0672,-3.0922
2021-05-11,34.97,35.76,34.65,35.44,901745,31873990.79,1.1063,0.9687
2021-05-12,35.38,36.0,35.01,35.8,735836,26179149.54,0.9027,1.0158
2021-05-13,35.58,37.31,35.28,36.58,1654442,60267530.12,2.0297,2.1788
2021-05-14,36.61,37.39,36.3,37.26,927754,34325696.85,1.1382,1.8589
2021-05-17,37.3,37.97,36.65,36.75,1249098,46444590.74,1.5324,-1.3688
2021-05-18,36.7,39.13,36.33,38.54,2032921,77595103.2,2.494,4.8707
2021-05-19,38.55,39.5,38.18,38.18,1732571,67234415.72,2.1255,-0.9341
2021-05-20,38.44,39.13,37.81,38.57,1503028,57962321.24,1.8439,1.0215
2021-05-21,38.79,39.18,37.68,37.9,1339304,51338596.11,1.6431,-1.7371
2021-05-24,37.87,38.57,37.38,38.57,1152236,43897226.91,1.4136,1.7678
2021-05-25,38.58,39.1,38.18,38.9,1508887,58562392.35,1.8511,0.8556
2021-05-26,38.9,39.3,38.22,38.26,1716146,66412163.39,2.1054,-1.6452
2021-05-27,38.44,41.33,38.35,40.56,3579391,143364042.45,4.3912,6.0115
2021-05-28,40.96,43.33,40.21,41.99,4940941,207242070.39,6.0616,3.5256
2021-05-31,41.99,47.66,41.99,46.6,6631320,303217446.94,8.1354,10.9788
2021-06-01,45.52,47.52,45.52,46.3,4506875,208673514.3,5.5291,-0.6438
2021-06-02,46.46,48.38,45.7,46.29,4326572,203113062.57,5.3079,-0.0216
2021-06-03,45.89,46.57,43.77,44.2,5183709,234134343.29,6.3594,-4.515
2021-06-04,43.93,48.18,43.93,47.06,4918024,228726110.17,6.0335,6.712
2021-06-07,48.2,49.88,47.0,47.29,4807210,232112434.94,5.8975,0.4887
2021-06-08,48.1,48.8,46.5,46.89,3393951,161136763.35,4.1637,-0.8458
2021-06-09,46.87,49.27,46.87,48.45,3977859,192341107.79,4.8801,3.3269
2021-06-10,48.38,51.61,48.38,50.08,3350461,167640282.33,4.1104,3.3643
2021-06-11,49.0,49.99,47.68,47.76,3224629,156382374.56,3.956,-4.6326
2021-06-15,47.49,49.2,47.45,48.61,2655167,129185159.88,3.2574,1.7797
2021-06-16,48.2,49.91,47.11,48.18,3175446,153530685.77,3.8957,-0.8846
2021-06-17,48.58,51.85,48.39,51.14,5381859,270145719.43,6.6025,6.1436
2021-06-18,51.7,53.5,50.0,52.03,4995286,259352277.15,6.1283,1.7403
2021-06-21,52.6,53.49,51.5,52.14,3796581,198851710.18,4.6577,0.2114
2021-06-22,52.55,52.76,49.68,50.58,4104795,207939908.5,5.0358,-2.9919
2021-06-23,49.9,51.5,49.71,50.85,3949521,200073468.09,4.8453,0.5338
2021-06-24,50.97,50.97,48.05,48.28,3369791,165032227.14,4.1341,-5.0541
2021-06-25,48.61,48.8,46.0,47.1,3835804,181102617.91,4.7058,-2.4441
2021-06-28,47.79,49.87,46.7,49.05,3074493,149418820.08,3.7718,4.1401
2021-06-29,49.0,49.8,48.08,48.56,2193907,107108095.19,2.6915,-0.999
2021-06-30,49.06,55.66,49.06,54.0,6719255,354963488.62,8.2432,11.2026
2021-07-01,53.54,55.0,52.0,52.1,4221760,225797205.25,5.1793,-3.5185
2021-07-02,51.48,55.49,51.11,54.14,4898911,263011116.36,6.01,3.9155
2021-07-05,54.89,56.68,52.73,54.21,4651894,252743796.29,5.707,0.1293
2021-07-06,54.5,55.6,51.47,52.65,5630265,302761911.55,6.9073,-2.8777
2021-07-07,52.0,54.02,51.02,53.64,3350880,176838552.77,4.1109,1.8803
2021-07-08,53.8,55.3,53.18,54.5,4058481,220529192.63,4.979,1.6033
2021-07-09,53.6,54.41,51.68,52.96,3252914,171216171.65,3.9907,-2.8257
2021-07-12,53.0,53.66,52.0,53.06,2808103,148357043.58,3.445,0.1888
2021-07-13,53.06,53.06,48.01,48.27,5284634,262382472.7,6.4832,-9.0275
2021-07-14,48.26,50.04,47.88,48.56,3461923,168949162.13,4.2471,0.6008
2021-07-15,48.5,48.74,47.07,48.33,2387159,114120514.44,2.9286,-0.4736
2021-07-16,48.32,50.48,47.69,47.9,2832801,139338812.15,3.4753,-0.8897
2021-07-19,47.35,48.44,47.0,47.45,1766034,84251259.12,2.1666,-0.9395
2021-07-20,46.99,49.51,46.8,49.3,2411473,116520968.61,2.9584,3.8988
2021-07-21,49.8,54.49,49.37,53.56,5278953,275406394.65,6.4763,8.641
2021-07-22,54.0,56.41,53.5,55.89,5457003,300518567.44,6.6947,4.3503
2021-07-23,56.65,57.89,55.6,56.39,4079323,230966802.7,5.0045,0.8946
2021-07-26,57.45,59.48,55.6,58.77,5492050,316636797.72,6.7377,4.2206
2021-07-27,59.01,63.5,58.2,58.59,6873209,418276348.9,8.4321,-0.3063
2021-07-28,58.73,59.38,54.63,56.88,4778608,273504909.88,5.8624,-2.9186
2021-07-29,58.2,60.45,57.51,59.63,4085136,242177613.53,5.0117,4.8347
2021-07-30,59.0,62.3,58.5,61.8,4851014,294732033.94,5.9513,3.6391
2021-08-02,61.14,62.36,57.53,60.72,4551520,271749248.72,5.5838,-1.7476
2021-08-03,72.86,72.86,72.86,72.86,1876044,136688565.84,2.3015,19.9934
2021-08-04,77.77,87.43,77.01,87.43,16704441,1405464762.09,20.4932,19.9973
2021-08-05,87.1,95.68,87.1,89.0,14393957,1314324422.65,17.6586,1.7957
2021-08-06,92.55,93.87,85.5,86.84,7349446,648077249.02,9.0164,-2.427
2021-08-09,88.0,89.78,81.0,87.1,6732972,577735893.99,8.2601,0.2994
2021-08-10,87.48,88.88,82.11,84.31,4714055,403229486.4,5.7832,-3.2032
2021-08-11,86.16,87.9,83.08,85.9,3424035,292549510.17,4.2006,1.8859
2021-08-12,85.9,103.08,85.26,103.08,7896217,776150752.74,9.6872,20.0
2021-08-13,103.74,104.99,96.71,97.99,5896618,587433378.14,7.234,-4.9379
2021-08-16,96.32,98.18,92.5,92.8,4313502,409491341.45,5.2918,-5.2965
2021-08-17,93.32,97.9,90.0,90.88,3541730,330832707.97,4.345,-2.069
2021-08-18,91.33,94.97,88.0,89.95,3447929,312082092.11,4.2299,-1.0233
2021-08-19,90.73,96.8,89.61,91.03,5115320,472352481.87,6.2755,1.2007
2021-08-20,90.49,95.28,87.85,89.02,4241881,386186551.73,5.204,-2.2081
2021-08-23,89.09,90.69,87.0,89.54,4085582,363908305.8,5.0122,0.5841
2021-08-24,84.0,88.0,77.61,84.45,10713501,881478382.19,13.1434,-5.6846
2021-08-25,84.34,89.98,84.0,87.12,4662595,406979520.58,5.7201,3.1616
2021-08-26,86.76,86.76,82.21,82.7,3383983,284191244.09,4.1515,-5.0735
2021-08-27,82.7,85.38,81.4,83.91,3684762,309333529.27,4.5205,1.4631
2021-08-30,83.5,83.59,79.01,80.8,3034805,246367032.39,3.7231,-3.7064
2021-08-31,81.62,81.64,77.66,78.28,2249748,177317695.05,2.76,-3.1188
2021-09-01,80.28,80.28,75.33,76.56,3272086,253500462.96,4.0142,-2.1972
2021-09-02,76.0,77.0,73.8,76.3,2724947,204816160.26,3.343,-0.3396
2021-09-03,76.29,76.29,71.3,73.5,2900624,214114190.22,3.5585,-3.6697
2021-09-06,74.2,77.85,71.87,76.75,2595982,194642068.33,3.1848,4.4218
2021-09-07,75.99,77.44,74.19,74.5,2748059,206470777.19,3.3713,-2.9316
2021-09-08,74.7,75.3,73.27,74.49,2631116,195707642.37,3.2279,-0.0134
2021-09-09,75.43,75.43,71.31,72.0,2004670,145120441.92,2.4593,-3.3427
2021-09-10,72.0,76.89,70.7,75.1,3584649,265698820.25,4.3977,4.3056
2021-09-13,75.0,75.5,71.7,71.7,1830668,133556193.35,2.2459,-4.5273
2021-09-14,70.56,76.47,70.56,73.01,2353025,174958835.47,2.8867,1.8271
2021-09-15,71.88,75.89,71.08,72.43,2459883,179911476.6,3.0178,-0.7944
2021-09-16,73.43,73.43,70.21,70.7,2025755,144363334.82,2.4852,-2.3885
2021-09-17,71.9,72.68,67.5,69.69,1644643,115099069.68,2.0177,-1.4286
2021-09-22,69.0,70.39,68.0,69.5,1464763,101555401.79,1.797,-0.2726
2021-09-23,69.69,74.1,69.42,70.96,2313294,166026103.78,2.838,2.1007
2021-09-24,71.97,72.93,69.14,69.81,2270978,160934043.55,2.7861,-1.6206
2021-09-27,71.0,71.86,66.0,67.2,2234035,152597674.82,2.7407,-3.7387
2021-09-28,66.9,70.1,66.03,68.31,1945245,133602424.93,2.3864,1.6518
2021-09-29,68.9,68.9,64.51,65.88,2388344,157120552.21,2.93,-3.5573
2021-09-30,66.8,72.35,65.38,71.21,2441915,170892525.64,2.9958,8.0905
2021-10-08,71.86,72.88,68.86,69.37,1735002,121631826.57,2.1285,-2.5839
2021-10-11,69.99,74.2,69.75,70.92,2488343,178772503.61,3.0527,2.2344
2021-10-12,70.91,70.91,64.28,65.27,3374595,224702396.33,4.14,-7.9667
2021-10-13,65.5,68.35,65.5,67.67,1697298,113655107.12,2.0823,3.677
2021-10-14,67.02,68.6,66.7,67.53,1224229,82809514.39,1.5019,-0.2069
2021-10-15,67.88,74.35,66.66,72.77,2832882,203126534.3,3.4754,7.7595
2021-10-18,73.02,74.31,70.5,71.9,2892288,208070715.06,3.5483,-1.1955
2021-10-19,72.4,73.0,70.6,72.1,1641915,117765241.25,2.0143,0.2782
2021-10-20,72.18,74.47,71.16,74.01,2543037,186389887.47,3.1198,2.6491
2021-10-21,74.4,74.4,70.69,72.14,2838494,204176703.93,3.4823,-2.5267
2021-10-22,72.14,78.48,72.14,76.1,3609610,275422865.48,4.4283,5.4893
2021-10-25,76.99,86.8,74.08,84.82,6089788,492742260.2,7.471,11.4586
2021-10-26,78.0,81.47,71.36,71.95,10540238,780957662.57,12.9309,-15.1733
2021-10-27,72.46,73.69,68.83,69.98,4720932,333389118.34,5.7917,-2.738
2021-10-28,69.3,71.28,65.7,66.0,3931859,266910248.1,4.8236,-5.6873
2021-10-29,66.6,68.5,65.73,67.43,3191008,215494565.46,3.9148,2.1667
2021-11-01,67.34,69.88,66.5,67.8,3235185,219942889.35,3.969,0.5487
2021-11-02,68.1,70.0,66.35,67.09,3686991,252001516.02,4.5232,-1.0472
2021-11-03,67.87,68.84,66.38,68.1,2206907,149072076.63,2.7075,1.5054
2021-11-04,68.1,71.49,68.1,71.19,3143738,221497970.89,3.8568,4.5374
2021-11-05,71.35,74.3,69.8,69.92,2701392,193205728.45,3.3141,-1.784
2021-11-08,69.1,71.3,68.93,69.3,2114875,147639681.28,2.5945,-0.8867
2021-11-09,69.68,77.2,69.41,75.45,5043749,372329945.41,6.1877,8.8745
2021-11-10,75.45,78.54,74.62,77.45,3718719,286774481.93,4.5622,2.6508
2021-11-11,78.0,92.94,78.0,90.09,10779186,945141231.22,13.224,16.3202
2021-11-12,90.98,91.87,89.33,90.55,6195654,561630189.84,7.6009,0.5106
2021-11-15,89.8,90.66,81.5,81.5,6050862,513289612.7,7.4233,-9.9945
2021-11-16,82.0,82.0,78.23,78.38,4298296,341357646.21,5.2732,-3.8282
2021-11-17,78.38,80.14,77.95,79.0,4247783,334855703.81,5.2112,0.791
2021-11-18,79.65,81.79,78.37,78.88,4128148,330859007.73,5.0644,-0.1519
2021-11-19,78.21,80.74,78.19,78.6,3145288,248747350.99,3.8587,-0.355
2021-11-22,79.0,94.32,78.66,94.32,9617145,849120488.32,11.7984,20.0
2021-11-23,97.38,98.88,93.66,93.66,7069892,675755156.07,8.6734,-0.6997
2021-11-24,93.66,99.02,92.01,92.1,5789420,549021246.96,7.1025,-1.6656
2021-11-25,92.98,93.67,88.29,89.88,4463615,402931033.06,5.476,-2.4104
2021-11-26,89.84,90.86,87.69,89.2,3707460,330853000.29,4.5483,-0.7566
2021-11-29,90.25,94.38,88.26,92.93,4528997,415170885.95,5.5562,4.1816
2021-11-30,94.0,104.8,92.03,98.88,6628465,651474972.83,8.1319,6.4027
2021-12-01,100.01,101.78,95.46,97.55,3528774,346525876.19,4.3291,-1.3451
2021-12-02,96.19,98.78,93.6,94.08,3005912,286774422.24,3.6877,-3.5572
2021-12-03,94.08,95.9,93.2,94.16,2944291,278584843.34,3.6121,0.085
2021-12-06,93.89,95.14,89.51,90.65,2845146,260581175.04,3.4905,-3.7277
2021-12-07,91.0,91.77,83.88,85.95,3914085,337392112.23,4.8018,-5.1848
2021-12-08,88.0,90.89,87.0,90.0,2777487,247550330.53,3.4074,4.712
2021-12-09,90.1,91.97,88.56,90.57,1840250,166272991.87,2.2576,0.6333
2021-12-10,89.5,91.8,89.0,91.03,1621762,147117117.13,1.9896,0.5079
2021-12-13,91.5,92.38,88.0,90.56,1827916,163648951.58,2.2425,-0.5163
2021-12-14,90.58,95.85,89.1,93.88,2428917,225578872.13,2.9798,3.6661
2021-12-15,93.21,94.48,90.9,91.2,1732481,159834588.78,2.1254,-2.8547
2021-12-16,91.0,97.55,91.0,95.45,3046887,290754961.75,3.7379,4.6601
2021-12-17,94.56,95.45,88.0,90.6,3504035,318636574.75,4.2988,-5.0812
2021-12-20,89.87,93.98,89.0,89.01,2122497,193897216.19,2.6039,-1.755
2021-12-21,89.27,91.44,85.52,90.46,2304422,204062851.8,2.8271,1.629
2021-12-22,90.85,92.0,88.18,88.33,1659013,148599225.28,2.0353,-2.3546
2021-12-23,88.83,88.83,85.75,85.8,1434652,124292694.66,1.76,-2.8643
2021-12-24,85.85,87.49,82.8,86.52,2159727,184319077.32,2.6496,0.8392
2021-12-27,86.0,87.87,84.18,85.88,1431527,122855526.28,1.7562,-0.7397
2021-12-28,84.5,85.24,81.77,82.8,2490753,206953213.13,3.0557,-3.5864
2021-12-29,82.02,83.44,79.51,80.66,2873601,232965218.96,3.5254,-2.5845
2021-12-30,80.01,85.42,79.77,84.45,2727584,227324875.58,3.3462,4.6987
2021-12-31,84.4,88.51,83.45,88.2,2825826,246128743.43,3.4667,4.4405
2022-01-04,86.71,90.36,86.22,87.46,1859258,162953580.8,2.281,-0.839
2022-01-05,87.0,87.61,79.6,80.5,3973904,325299618.17,4.8752,-7.9579
2022-01-06,80.5,85.97,79.88,83.1,2593858,215917191.38,3.1822,3.2298
2022-01-07,82.9,84.51,77.88,78.58,2868917,227869523.49,3.5196,-5.4392
2022-01-10,78.0,79.82,75.22,78.78,1874276,146408284.6,2.2994,0.2545
2022-01-11,79.61,79.61,74.0,74.6,3596936,270972143.05,4.4128,-5.3059
2022-01-12,74.11,75.86,73.1,75.17,2353658,175428890.36,2.8875,0.7641
2022-01-13,75.21,75.63,73.12,73.51,1598714,118918254.09,1.9613,-2.2083
2022-01-14,74.29,80.15,71.96,76.81,3026137,233237979.06,3.7125,4.4892
2022-01-17,77.98,78.23,75.67,76.3,1553494,119050663.13,1.9058,-0.664
2022-01-18,76.3,77.38,73.89,75.0,2247543,169911621.76,2.7573,-1.7038
2022-01-19,74.28,75.09,71.59,72.11,2687367,195062919.17,3.2969,-3.8533
2022-01-20,72.0,72.4,67.68,68.27,3092015,214179842.62,3.7933,-5.3252
2022-01-21,68.47,68.66,66.2,66.37,2108224,141239048.44,2.5864,-2.7831
2022-01-24,65.51,69.23,65.51,68.29,1946384,132637406.15,2.3878,2.8929
2022-01-25,68.0,74.74,68.0,70.25,4879286,349158869.63,5.986,2.8701
2022-01-26,71.64,76.2,71.45,74.98,3265390,241939032.72,4.006,6.7331
2022-01-27,74.98,75.89,72.6,72.6,1750604,128843747.71,2.1477,-3.1742
2022-01-28,72.95,74.74,70.89,71.33,1613689,116723512.27,1.9797,-1.7493
2022-02-07,73.5,73.85,70.7,71.66,1273829,91580718.93,1.5627,0.4626
2022-02-08,71.8,72.35,68.57,69.7,1461219,102378829.84,1.7926,-2.7351
2022-02-09,69.7,70.05,67.08,68.09,1986093,134667042.9,2.4366,-2.3099
2022-02-10,68.58,69.2,65.6,66.4,1630537,108351316.21,2.0004,-2.482
2022-02-11,65.75,67.17,63.17,67.03,2381221,155273225.14,2.9213,0.9488
2022-02-14,64.8,66.51,62.63,64.8,2204876,143618140.17,2.705,-3.3269
2022-02-15,67.12,76.18,67.01,75.98,5210597,376165021.61,6.3924,17.2531
2022-02-16,76.0,76.0,73.95,75.08,2916369,218067314.62,3.5778,-1.1845
2022-02-17,74.66,75.73,73.05,74.74,1895177,141181137.48,2.325,-0.4529
2022-02-18,74.08,75.18,73.51,74.73,1246244,92772700.94,1.5289,-0.0134
2022-02-21,74.67,77.8,74.07,76.32,2234547,170090564.15,2.6807,2.1277
2022-02-22,75.58,75.88,73.15,75.15,1720749,128519293.62,2.0643,-1.533
2022-02-23,75.15,84.58,75.06,83.32,4257485,346657972.4,5.1075,10.8716
2022-02-24,83.32,83.33,77.81,79.53,3200211,257243997.11,3.8391,-4.5487
2022-02-25,81.63,86.68,79.04,81.1,3872756,321216079.5,4.6459,1.9741
2022-02-28,81.02,87.5,79.22,86.96,4469073,376637920.0,5.3613,7.2256
2022-03-01,86.01,86.29,82.0,83.4,2798540,235120695.0,3.3572,-4.0938
2022-03-02,83.38,83.56,80.91,82.28,2326957,190416357.0,2.7915,-1.3429
2022-03-03,82.42,82.98,80.16,80.71,1373800,111319235.0,1.6481,-1.9081
2022-03-04,79.11,83.95,78.21,81.7,2439407,199954411.0,2.9264,1.2266
2022-03-07,80.8,81.0,77.8,79.9,2048550,162125853.0,2.4575,-2.2032
2022-03-08,79.9,85.6,79.31,82.68,2961818,244682299.0,3.5531,3.4793
2022-03-09,83.8,87.35,81.0,84.66,3264754,275673744.0,3.9165,2.3948
2022-03-10,87.31,88.66,83.47,83.97,3757784,325780848.0,4.508,-0.815
2022-03-11,82.48,86.83,82.0,86.2,2005992,171056289.0,2.4065,2.6557
2022-03-14,86.85,86.88,83.8,84.03,1338902,113134111.0,1.6062,-2.5174
2022-03-15,84.03,88.52,82.33,83.59,2550472,217915473.0,3.0597,-0.5236
2022-03-16,86.32,92.33,84.16,90.91,3484242,306664688.0,4.1798,8.757
2022-03-17,93.18,94.99,86.3,87.0,4135641,371736672.0,4.9613,-4.301
2022-03-18,85.55,87.0,80.11,86.22,4378017,366033150.78,5.2521,-0.8966
2022-03-21,84.5,86.98,83.5,85.4,2206009,186776556.12,2.6464,-0.9511
2022-03-22,84.52,84.92,80.49,80.49,1780258,146253668.71,2.1357,-5.7494
2022-03-23,80.63,83.75,80.3,81.61,1659738,136405122.7,1.9911,1.3915
2022-03-24,81.42,81.5,78.88,80.69,1315427,105369028.98,1.578,-1.1273
2022-03-25,81.98,82.38,77.4,78.01,1159470,92287412.78,1.3909,-3.3214
2022-03-28,77.3,77.79,74.78,76.73,1721567,131065939.35,2.0653,-1.6408
2022-03-29,77.0,78.4,74.51,75.36,1019433,77759234.44,1.223,-1.7855
2022-03-30,76.01,79.38,74.67,78.28,1181779,92197940.49,1.4177,3.8747
2022-03-31,77.52,79.37,76.3,77.85,1114596,86405785.97,1.3371,-0.5493
2022-04-01,76.3,79.2,74.48,77.54,1594495,123127327.01,1.9128,-0.3982
2022-04-06,77.0,77.0,72.1,72.23,2544138,186286358.06,3.0521,-6.8481
2022-04-07,72.1,74.73,71.05,73.15,1828050,133115056.41,2.193,1.2737
2022-04-08,72.72,78.38,72.34,75.89,2598928,197487863.83,3.1178,3.7457
2022-04-11,75.75,77.01,72.5,75.3,1609409,119515139.34,1.9307,-0.7774
2022-04-12,73.8,76.5,73.21,75.4,985016,73737463.05,1.1817,0.1328
2022-04-13,75.0,75.88,72.83,73.2,896270,66517728.97,1.0752,-2.9178
2022-04-14,72.59,74.24,69.04,71.46,1538222,110071460.46,1.8453,-2.377
2022-04-15,70.57,71.3,69.2,70.96,953257,67173687.51,1.1436,-0.6997
2022-04-18,70.0,75.93,69.81,74.99,1220178,90714511.64,1.4638,5.6793
2022-04-19,75.2,77.31,74.11,76.68,1399029,106772803.73,1.6783,2.2536
2022-04-20,77.0,77.88,74.7,75.02,683172,51748263.1,0.8196,-2.1648
2022-04-21,74.7,76.88,72.5,73.35,912755,68291818.07,1.095,-2.2261
2022-04-22,73.0,74.8,71.5,72.0,716903,52211208.03,0.86,-1.8405
2022-04-25,70.22,71.48,65.22,65.85,1123347,77601864.81,1.3476,-8.5417
2022-04-26,64.64,65.17,52.68,53.56,5263684,301066485.48,6.3145,-18.6636
2022-04-27,53.0,55.36,50.42,53.95,4986282,262681170.96,5.9818,0.7282
2022-04-28,53.79,53.79,49.0,50.81,3861175,196585294.12,4.632,-5.8202
2022-04-29,51.36,54.22,48.66,53.21,4608285,236948206.83,5.5283,4.7235
2022-05-05,53.0,55.58,52.34,54.51,3201503,173046397.75,3.8407,2.4431
2022-05-06,52.49,55.5,52.41,54.96,2258609,122489986.02,2.7095,0.8255
2022-05-09,54.49,55.95,53.8,53.83,1113784,60831378.92,1.3361,-2.056
2022-05-10,53.0,58.44,52.45,56.95,2543098,144646999.71,3.0508,5.796
2022-05-11,57.9,60.88,56.42,59.37,2799938,166276489.72,3.3589,4.2493
2022-05-12,59.4,62.28,57.92,60.19,2749116,164438108.94,3.298,1.3812
2022-05-13,59.78,60.88,58.58,59.84,1797486,106814377.12,2.1563,-0.5815
2022-05-16,60.85,61.66,58.62,59.56,1606830,95966156.1,1.9276,-0.4679
2022-05-17,59.68,62.18,58.1,62.0,2447988,149494296.63,2.9367,4.0967
2022-05-18,62.08,63.0,61.1,61.22,1737860,107689797.55,2.0848,-1.2581
2022-05-19,60.21,64.7,60.0,63.4,2151030,134968050.62,2.5805,3.5609
2022-05-20,63.26,63.82,62.07,63.3,1330774,83812347.48,1.5965,-0.1577
2022-05-23,62.8,64.38,62.16,64.13,1298882,82394364.73,1.5582,1.3112
2022-05-24,63.94,64.95,60.01,60.49,1927594,120656468.5,2.3124,-5.676
2022-05-25,60.59,62.62,60.5,61.3,1474444,90749753.51,1.7688,1.3391
2022-05-26,61.09,61.79,59.22,60.7,1249436,75537573.18,1.4989,-0.9788
2022-05-27,61.3,61.99,58.78,59.03,1188579,71394851.15,1.4259,-2.7512
2022-05-30,59.02,60.79,58.56,60.0,1569654,93885951.28,1.883,1.6432
2022-05-31,60.8,61.97,58.08,61.78,1505151,90808463.82,1.8056,2.9667
2022-06-01,61.32,63.63,60.81,61.9,1445696,89722125.12,1.7343,0.1942
2022-06-02,61.98,65.32,61.23,64.81,2283976,145950189.79,2.74,4.7011
2022-06-06,65.7,68.8,65.33,66.15,3178581,213479014.99,3.8132,2.0676
2022-06-07,66.36,66.41,63.91,64.4,1976413,128056947.88,2.371,-2.6455
2022-06-08,64.55,65.23,61.5,62.88,2201284,138522213.69,2.6408,-2.3602
2022-06-09,63.8,66.6,62.51,63.05,2669217,172049219.73,3.2021,0.2704
2022-06-10,62.01,62.77,61.01,61.84,3251426,201378725.27,3.9005,-1.9191
2022-06-13,61.69,61.77,55.77,56.93,5144997,299149230.66,6.1722,-7.9398
2022-06-14,55.81,56.3,53.62,55.08,3216653,175747671.57,3.8588,-3.2496
2022-06-15,55.08,58.0,55.0,56.7,2794659,158391871.81,3.3526,2.9412
2022-06-16,57.41,59.52,56.5,58.05,3029164,176981279.36,3.6339,2.381
2022-06-17,57.75,58.2,55.88,56.77,2900370,164665169.71,3.4794,-2.205
2022-06-20,57.18,58.77,56.2,56.36,3447357,197334556.97,4.1356,-0.7222
2022-06-21,56.98,57.46,54.78,55.05,2336095,129723150.87,2.8025,-2.3243
2022-06-22,55.18,55.88,53.48,53.52,2182571,118970615.86,2.6183,-2.7793
2022-06-23,54.19,55.39,53.03,55.38,2543694,138417708.25,3.0515,3.4753
2022-06-24,55.74,56.48,53.7,54.72,4711799,259229170.84,5.6525,-1.1918
2022-06-27,55.1,57.99,54.95,56.7,3645833,205823759.58,4.3737,3.6184
2022-06-28,56.68,56.94,52.58,54.86,7441361,401455137.48,8.927,-3.2451
2022-06-29,54.38,57.5,54.08,54.24,6507094,363975398.09,7.8062,-1.1301
2022-06-30,54.08,57.32,54.08,56.2,5187610,289771371.35,6.2233,3.6136
2022-07-01,56.87,57.08,54.25,54.82,5096582,282527091.82,6.1141,-2.4555
2022-07-04,54.2,54.2,50.11,51.8,6078008,311962153.78,7.2914,-5.5089
2022-07-05,51.79,52.53,50.37,51.1,3523564,181120902.98,4.227,-1.3514
2022-07-06,51.28,53.87,50.66,51.88,4438140,233297117.64,5.3242,1.5264
2022-07-07,52.08,52.58,51.12,51.8,2231949,115432983.89,2.6775,-0.1542
2022-07-08,52.23,53.61,51.72,51.92,3532505,185832494.26,4.2377,0.2317
2022-07-11,51.3,51.6,49.69,50.11,2529464,127125130.59,3.0345,-2.7179
2022-07-12,50.51,50.68,48.23,48.23,2801658,136909488.06,3.361,-3.7517
2022-07-13,48.3,48.68,46.91,47.1,2762266,130765779.49,3.3137,-2.3429
2022-07-14,47.19,49.1,46.86,48.14,2700635,130633007.1,3.2398,2.2081
2022-07-15,48.0,49.47,47.5,48.18,2330230,112973524.49,2.7954,0.0831
2022-07-18,48.58,48.58,47.0,47.82,2231274,106184753.06,2.6767,-0.7472
2022-07-19,47.82,48.07,46.72,47.36,2025149,95793748.26,2.4295,-0.9619
2022-07-20,47.65,49.43,47.51,48.22,3238670,156938637.64,3.8852,1.8159
2022-07-21,48.23,52.68,47.71,50.9,6357485,324898419.17,7.6267,5.5579
2022-07-22,51.65,51.65,49.33,49.82,3349099,167868378.95,4.0177,-2.1218
2022-07-25,49.61,51.58,49.06,51.04,3049029,155140282.03,3.6577,2.4488
2022-07-26,51.17,53.38,50.2,53.14,4198503,219756849.9,5.0367,4.1144
2022-07-27,52.84,53.78,52.28,53.11,2464075,130899392.22,2.956,-0.0565
2022-07-28,53.58,55.83,53.14,55.49,3705246,203917473.81,4.445,4.4813
2022-07-29,55.49,56.49,54.49,54.83,3400692,188186879.84,4.0796,-1.1894
2022-08-01,54.24,57.45,52.28,57.3,4224958,235498254.55,5.0684,4.5048
2022-08-02,56.08,58.37,55.38,55.71,3819717,216357512.65,4.5823,-2.7749
2022-08-03,55.6,60.01,55.1,57.52,5317026,307151217.6,6.3785,3.249
2022-08-04,57.64,59.37,56.64,57.66,2905963,169185264.0,3.4861,0.2434
2022-08-05,57.86,62.28,57.34,62.03,5651382,340959613.0,6.7796,7.5789
2022-08-08,62.0,63.49,59.5,61.01,4826883,294280315.0,5.7905,-1.6444
2022-08-09,60.49,61.19,58.03,60.92,3306657,196245913.0,3.9668,-0.1475
2022-08-10,60.77,65.58,60.0,62.79,6529751,412501122.0,7.8334,3.0696
2022-08-11,62.79,64.0,61.72,62.17,3257931,203769216.0,3.9084,-0.9874
2022-08-12,61.9,62.68,58.48,58.49,4330239,260399387.0,5.1947,-5.9193
2022-08-15,58.49,60.44,58.27,58.8,3335128,197400215.06,4.001,0.53
2022-08-16,58.8,60.63,57.9,58.88,2426693,144408479.05,2.9112,0.1361
2022-08-17,59.49,59.49,57.84,58.55,2511724,147422675.11,3.0132,-0.5605
2022-08-18,58.37,63.35,57.75,62.95,4356535,268321579.98,5.2263,7.5149
2022-08-19,63.1,64.17,59.0,59.01,2885381,176187465.97,3.4614,-6.2589
2022-08-22,58.68,60.5,58.21,59.21,2325500,137807878.89,2.7898,0.3389
2022-08-23,59.15,61.4,58.73,60.14,1991184,119706359.79,2.3887,1.5707
2022-08-24,59.92,60.02,53.1,53.48,5612026,309142658.25,6.7324,-11.0742
2022-08-25,53.6,53.78,51.65,52.38,2220642,116877351.13,2.664,-2.0568
2022-08-26,52.9,53.75,51.36,51.48,1834871,96047179.21,2.2012,-1.7182
2022-08-29,50.3,53.27,49.8,52.7,1785197,93130256.9,2.1416,2.3699
2022-08-30,50.2,51.98,49.5,50.32,4109576,206849900.43,4.93,-4.5161
2022-08-31,49.72,50.6,47.95,48.06,3081350,150236780.04,3.6965,-4.4913
2022-09-01,48.05,48.88,47.61,48.0,1972861,94929607.2,2.3667,-0.1248
2022-09-02,48.09,49.98,47.8,49.12,1754857,86178593.47,2.1052,2.3333
2022-09-05,48.87,49.47,47.78,48.16,1447404,70143896.84,1.7364,-1.9544
2022-09-06,48.21,50.67,47.23,50.38,2455118,121229748.06,2.9453,4.6096
2022-09-07,50.07,54.24,50.0,53.1,3498417,185518282.27,4.1969,5.399
2022-09-08,53.0,53.71,52.02,52.33,1343740,70883596.84,1.612,-1.4501
2022-09-09,52.02,52.6,50.86,51.86,1240477,63874643.88,1.4881,-0.8981
2022-09-13,51.66,53.3,51.4,51.8,1160354,60461785.66,1.392,-0.1157
2022-09-14,50.62,52.3,50.62,51.69,1181232,60773438.92,1.4171,-0.2124
2022-09-15,51.75,52.18,49.18,50.48,1735321,87283212.7,2.0818,-2.3409
2022-09-16,50.08,51.42,49.69,49.97,1441224,73026749.19,1.729,-1.0103
2022-09-19,49.97,50.79,48.11,48.39,1230073,60307221.24,1.4756,-3.1619
2022-09-20,48.84,49.33,47.9,48.35,1027667,49862546.75,1.2328,-0.0827
2022-09-21,47.81,48.6,47.02,47.73,1024290,49066981.27,1.2288,-1.2823
2022-09-22,47.21,49.06,47.14,47.45,1182274,56863311.96,1.4183,-0.5866
2022-09-23,47.45,48.05,45.18,45.6,1860171,85878385.09,2.2315,-3.8988
2022-09-26,45.21,46.38,44.5,45.1,1106090,50225964.19,1.3269,-1.0965
2022-09-27,45.21,47.5,45.21,46.83,1363724,63680813.99,1.636,3.8359
2022-09-28,46.98,46.98,44.33,44.36,1091022,49617657.6,1.3088,-5.2744
2022-09-29,44.49,45.45,44.15,44.23,984964,43976475.27,1.1816,-0.2931
2022-09-30,44.15,44.58,41.01,41.09,2261783,95997176.18,2.7133,-7.0993
2022-10-10,41.38,41.95,39.25,39.67,1643757,66539537.69,1.9719,-3.4558
2022-10-11,40.05,40.56,37.9,38.27,1478991,57129572.68,1.7743,-3.5291
2022-10-12,38.27,41.0,38.05,40.75,1728914,68125467.47,2.0741,6.4803
2022-10-13,40.81,42.34,40.52,40.78,1504597,62501371.83,1.805,0.0736
2022-10-14,41.62,41.96,40.58,41.8,1144772,47508053.48,1.3733,2.5012
2022-10-17,41.54,43.18,41.5,42.85,1346127,57091253.14,1.6149,2.512
2022-10-18,43.2,44.0,42.3,42.38,1245307,53329070.08,1.4939,-1.0968
2022-10-19,42.34,42.69,41.44,41.67,983475,41349027.29,1.1798,-1.6753
2022-10-20,41.26,45.2,41.23,43.7,2472754,107210461.6,2.9664,4.8716
2022-10-21,42.99,45.06,42.0,44.53,2413189,105765375.7,2.895,1.8993
2022-10-24,44.96,46.11,44.3,45.41,1945686,88435484.99,2.3341,1.9762
2022-10-25,44.93,45.99,44.1,44.47,1242878,55675675.21,1.491,-2.07
2022-10-26,43.8,47.64,42.3,47.47,3764118,172923540.82,4.5156,6.7461
2022-10-27,47.8,48.64,46.65,47.33,1972157,93327930.43,2.3659,-0.2949
2022-10-28,47.28,48.49,46.26,46.67,1997672,94724846.2,2.3965,-1.3945
2022-10-31,46.33,48.69,46.33,48.4,1825322,87885117.96,2.1897,3.7069
2022-11-01,48.6,48.9,47.14,48.58,1549007,74452633.56,1.8583,0.3719
2022-11-02,48.58,50.0,48.03,48.67,1448166,71167659.3,1.7373,0.1853
2022-11-03,48.03,50.48,48.03,50.3,1995110,98739231.97,2.3934,3.3491
2022-11-04,50.0,50.93,49.42,50.3,1608631,80752499.15,1.9298,0.0
2022-11-07,50.27,50.79,48.72,49.7,1366552,67959473.14,1.6394,-1.1928
2022-11-08,50.03,50.11,48.38,49.01,955022,46734263.07,1.1457,-1.3883
2022-11-09,49.06,49.78,47.7,48.42,1275246,62142587.76,1.5298,-1.2038
2022-11-10,48.35,49.1,46.58,46.66,1717318,81381509.27,2.0602,-3.6349
2022-11-11,48.65,48.77,46.82,46.82,1635061,78133499.43,1.9615,0.3429
2022-11-14,46.91,47.9,46.0,46.27,1271389,59351444.76,1.5252,-1.1747
2022-11-15,46.27,49.89,46.27,49.52,2670839,129031726.82,3.2041,7.024
2022-11-16,49.43,51.0,48.7,49.0,1729617,85994638.52,2.0749,-1.0501
2022-11-17,49.3,50.8,47.4,50.52,2152717,105729939.74,2.5825,3.102
2022-11-18,50.29,51.17,48.3,48.3,1752185,86679262.23,2.102,-4.3943
2022-11-21,48.0,49.24,47.5,47.96,883994,42597590.88,1.0605,-0.7039
2022-11-22,47.88,48.38,46.51,46.52,1927688,90977506.25,2.3125,-3.0025
2022-11-23,46.57,47.58,44.89,45.86,1344825,61541104.14,1.6133,-1.4187
2022-11-24,46.6,46.68,45.48,45.66,721512,33190282.85,0.8656,-0.4361
2022-11-25,45.2,46.75,44.72,44.78,914940,41452004.54,1.0976,-1.9273
2022-11-28,43.8,45.1,43.8,44.29,768370,34123125.31,0.9218,-1.0942
2022-11-29,44.0,45.37,44.0,45.1,848272,38100273.57,1.0176,1.8289
2022-11-30,44.76,45.47,44.51,44.58,830082,37211179.47,0.9958,-1.153
2022-12-01,45.3,45.87,44.8,45.11,952170,43169160.13,1.1423,1.1889
2022-12-02,44.9,45.78,44.22,44.87,917117,41257357.98,1.1002,-0.532
2022-12-05,45.11,45.4,44.08,44.66,941061,41915806.6,1.1289,-0.468
2022-12-06,44.71,46.15,44.71,45.63,1258069,57172805.74,1.5092,2.172
2022-12-07,45.98,45.98,44.92,45.0,868009,39299335.72,1.0413,-1.3807
2022-12-08,45.01,45.09,43.9,44.15,737529,32673150.56,0.8848,-1.8889
2022-12-09,44.08,44.89,43.27,43.48,1602605,70364119.71,1.9226,-1.5176
2022-12-12,43.72,44.79,42.81,44.22,1254846,55194516.17,1.5054,1.7019
2022-12-13,44.04,44.23,43.27,43.3,838277,36574994.47,1.0056,-2.0805
2022-12-14,45.8,45.99,44.07,44.09,2347828,105898823.05,2.8166,1.8245
2022-12-15,44.1,47.53,43.52,45.8,3553152,164117756.64,4.2625,3.8784
2022-12-16,46.12,46.12,43.5,43.98,2184741,97271315.68,2.6209,-3.9738
2022-12-19,43.87,44.21,42.34,42.42,1157323,49901930.89,1.3884,-3.5471
2022-12-20,42.43,43.2,41.81,42.12,795252,33658962.47,0.954,-0.7072
2022-12-21,42.12,42.31,40.91,41.09,746046,30949189.24,0.895,-2.4454
2022-12-22,41.1,41.84,40.05,40.21,861248,35108078.7,1.0332,-2.1416
2022-12-23,40.19,40.28,39.5,40.1,608936,24302526.66,0.7305,-0.2736
2022-12-26,40.86,41.6,40.21,41.25,1050440,43190999.92,1.2602,2.8678
2022-12-27,41.24,42.78,40.65,42.08,1529040,63725326.83,1.8343,2.0121
2022-12-28,41.73,42.2,41.17,41.32,499043,20755936.03,0.5987,-1.8061
2022-12-29,41.48,42.04,41.05,41.11,610243,25280559.69,0.7321,-0.5082
2022-12-30,41.6,41.62,40.7,40.8,559288,22978164.44,0.6709,-0.7541
2023-01-03,40.76,42.07,40.6,41.94,1097435,45623909.62,1.3165,2.7941
2023-01-04,42.07,42.85,41.54,42.73,1229401,51969063.25,1.4748,1.8836
2023-01-05,42.68,42.94,42.13,42.81,892670,38049070.4,1.0709,0.1872
2023-01-06,42.81,44.15,42.48,43.33,1404920,61269887.06,1.6854,1.2147
2023-01-09,43.4,44.24,42.6,42.76,1629448,70486422.75,1.9548,-1.3155
2023-01-10,42.81,44.43,42.76,43.38,1434298,62677674.77,1.7206,1.45
2023-01-11,43.38,44.59,43.1,43.63,1500147,65627833.4,1.7996,0.5763
2023-01-12,43.63,43.95,43.01,43.31,697651,30239977.8,0.8369,-0.7334
2023-01-13,43.31,43.69,42.0,42.56,1078302,45876858.81,1.2936,-1.7317
2023-01-16,42.48,44.29,42.43,43.78,1379967,60100106.62,1.6555,2.8665
2023-01-17,44.16,45.28,43.76,44.44,1522253,67884012.29,1.8262,1.5075
2023-01-18,44.53,44.83,44.07,44.26,724939,32132369.87,0.8697,-0.405
2023-01-19,44.02,45.41,43.92,45.37,1126366,50682548.98,1.3512,2.5079
2023-01-20,45.5,45.81,44.71,45.13,1021261,46059509.61,1.2251,-0.529
2023-01-30,45.83,45.89,44.89,45.13,1474261,66791755.49,1.7686,0.0
2023-01-31,45.15,45.34,44.02,44.22,1408088,62500078.72,1.6892,-2.0164
2023-02-01,44.49,45.69,44.23,45.3,1761694,79386993.2,2.1134,2.4423
2023-02-02,45.3,46.47,45.3,45.58,1906378,87499794.47,2.287,0.6181
2023-02-03,45.18,46.29,44.58,45.31,1339801,60500653.89,1.6073,-0.5924
2023-02-06,45.19,45.7,44.33,45.1,1346161,60401038.81,1.6149,-0.4635
2023-02-07,45.05,45.35,44.66,45.16,904419,40676819.45,1.085,0.133
2023-02-08,45.17,45.99,44.11,44.44,1645775,73560959.87,1.9743,-1.5943
2023-02-09,44.28,47.4,43.74,46.98,3340231,153108764.67,4.0071,5.7156
2023-02-10,46.76,47.23,45.6,45.76,1904927,88149179.67,2.2852,-2.5968
2023-02-13,45.81,46.18,45.18,45.52,1536786,69873068.79,1.8436,-0.5245
2023-02-14,45.5,46.25,45.0,45.38,1158353,52701095.78,1.3896,-0.3076
2023-02-15,45.49,46.46,45.12,46.28,1884313,86400615.66,2.2605,1.9833
2023-02-16,46.21,46.67,43.97,44.39,2351341,106731138.6,2.8208,-4.0838
2023-02-17,44.5,44.92,43.4,43.4,1554338,68296133.21,1.8647,-2.2302
2023-02-20,43.4,43.72,42.43,43.72,1786940,76987944.86,2.1437,0.7373
2023-02-21,43.56,44.7,43.0,43.39,1654917,72548234.79,1.0343,-0.7548
2023-02-22,43.26,43.7,42.88,43.29,907246,39186227.35,0.567,-0.2305
2023-02-23,43.45,43.65,42.77,43.0,1023515,44183852.45,0.6397,-0.6699
2023-02-24,43.17,43.69,42.82,43.07,1079007,46656368.79,0.6744,0.1628
2023-02-27,42.65,43.04,42.08,42.24,967396,41128661.09,0.6046,-1.9271
2023-02-28,42.2,42.74,41.48,42.1,1479149,62009916.87,0.9245,-0.3314
2023-03-01,42.1,42.79,41.92,42.67,1201124,50834237.6,0.7507,1.3539
2023-03-02,42.67,43.33,42.25,42.34,1066289,45481741.19,0.6664,-0.7734
2023-03-03,42.9,43.42,42.5,43.35,1872631,80697266.16,1.1704,2.3855
2023-03-06,43.36,43.95,42.69,43.36,1477804,64103728.57,0.9236,0.0231
2023-03-07,43.36,43.64,41.88,41.88,1475469,62956597.44,0.9222,-3.4133
2023-03-08,41.88,42.85,41.66,42.76,1098684,46679849.41,0.6867,2.1012
2023-03-09,42.81,45.39,42.76,45.15,5299214,237082405.33,3.312,5.5893
2023-03-10,45.25,48.78,45.0,46.48,6735860,316065378.22,4.2099,2.9457
2023-03-13,46.5,47.46,45.6,46.65,4265056,197195697.05,2.6657,0.3657
2023-03-14,46.43,50.11,46.0,49.1,6615459,322307302.88,4.1347,5.2519
2023-03-15,49.38,50.99,48.48,49.25,5960264,295962381.76,3.7252,0.3055
2023-03-16,47.23,47.89,46.15,46.66,6025398,282962925.89,3.7659,-5.2589
2023-03-17,46.66,47.9,45.8,46.7,5064888,236405681.84,3.1656,0.0857
2023-03-20,46.45,50.5,45.17,49.8,7926402,383089484.85,4.954,6.6381
2023-03-21,49.11,50.18,48.8,49.73,3779433,186730002.57,2.3621,-0.1406
2023-03-22,50.0,50.68,48.41,49.46,3130514,154203227.94,1.9566,-0.5429
2023-03-23,49.31,50.88,48.43,50.81,5325744,264387417.12,3.3286,2.7295
2023-03-24,50.85,51.22,48.7,49.17,4331022,214769078.32,2.7069,-3.2277
2023-03-27,48.96,49.21,47.81,48.59,3314079,160891640.29,2.0713,-1.1796
2023-03-28,48.58,48.58,47.07,47.16,2336582,111272567.05,1.4604,-2.943
2023-03-29,46.99,54.98,46.81,52.35,7844722,398816031.17,4.903,11.0051
2023-03-30,52.0,52.26,50.23,51.9,5549780,285398649.74,3.4686,-0.8596
2023-03-31,51.87,53.0,50.98,52.48,3673511,191360021.26,2.2959,1.1175
2023-04-03,53.5,55.48,51.98,53.86,6857908,370648319.31,4.2862,2.6296
2023-04-04,53.88,56.5,53.43,53.6,6451032,354063576.85,4.0319,-0.4827
2023-04-06,52.6,57.24,52.3,55.0,6495178,359321441.52,4.0595,2.6119
2023-04-07,55.0,55.52,53.4,53.95,5099581,276249023.5,3.1872,-1.9091
2023-04-10,53.61,54.13,50.77,51.05,5789646,301985228.53,3.6185,-5.3753
2023-04-11,51.42,52.41,50.56,51.63,3554013,183061682.18,2.2213,1.1361
2023-04-12,51.63,52.88,51.0,52.4,4253671,222385736.11,2.6585,1.4914
2023-04-13,51.95,52.38,49.51,49.75,5284512,267443720.79,3.3028,-5.0573
2023-04-14,50.35,53.95,49.25,53.45,7147872,372302512.0,4.4674,7.4372
2023-04-17,53.48,55.0,52.51,53.76,5618733,302006725.28,3.5117,0.58
2023-04-18,53.3,53.59,51.25,52.35,3976081,207426439.4,2.4851,-2.6228
2023-04-19,52.37,57.66,51.59,55.53,9861084,541600806.55,6.1632,6.0745
2023-04-20,55.08,59.16,54.65,57.81,8632700,494317845.75,5.3954,4.1059
2023-04-21,57.34,58.65,55.27,56.48,6951604,395210670.17,4.3448,-2.3006
2023-04-24,51.0,51.0,45.18,45.18,9222221,437818349.62,5.7639,-20.0071
2023-04-25,42.51,42.51,39.01,39.73,8563571,345270839.39,5.3522,-12.0629
2023-04-26,39.4,40.72,39.0,39.85,3823090,152745317.72,2.3894,0.302
2023-04-27,39.23,40.49,37.87,38.1,3873449,150868924.65,2.4209,-4.3915
2023-04-28,38.02,40.17,38.02,39.95,3524933,139075915.48,2.2031,5.1316
2023-05-04,39.94,40.4,38.0,38.1,2738236,105908187.19,1.7114,-4.6308
2023-05-05,38.1,38.58,37.46,37.7,2379676,90266630.1,1.4873,-1.0499
2023-05-08,37.7,37.99,36.03,36.42,3807926,139541585.0,2.38,-3.3952
2023-05-09,36.63,37.28,35.69,35.7,2277537,82507791.0,1.4235,-1.9769
2023-05-10,35.89,35.89,34.21,34.96,2971321,103283133.47,1.8571,-2.0728
2023-05-11,34.9,35.27,33.66,33.74,3043244,103758155.0,1.902,-3.4897
2023-05-12,34.0,34.25,32.78,32.92,2582193,86158849.98,1.6139,-2.4303
2023-05-15,33.08,33.45,32.53,33.4,2379113,78572748.91,1.4869,1.4581
2023-05-16,33.39,34.04,33.01,33.63,2667812,89444940.36,1.6674,0.6886
2023-05-17,33.6,34.28,33.1,33.43,3060619,102941919.73,1.9129,-0.5947
2023-05-18,33.67,34.23,33.49,33.73,3588405,121408243.78,2.2428,0.8974
2023-05-19,33.99,36.3,33.8,35.77,4613483,161926852.92,2.8834,6.048
2023-05-22,35.89,36.98,35.2,35.42,3300274,118061372.41,2.0627,-0.9785
2023-05-23,35.42,35.92,34.71,35.31,2355214,83313888.63,1.472,-0.3106
2023-05-24,35.31,36.88,34.81,36.11,2833171,102226890.14,1.7707,2.2656
2023-05-25,36.2,37.32,35.87,37.08,3545308,130415180.95,2.2158,2.6862
2023-05-26,37.2,39.5,37.16,37.62,4463213,170185062.09,2.7895,1.4563
2023-05-29,37.48,38.47,36.96,37.59,2670764,100215587.49,1.6692,-0.0797
2023-05-30,37.21,37.97,36.83,37.9,2151658,80372237.62,1.3448,0.8247
2023-05-31,37.71,37.99,37.1,37.7,1920586,72130954.11,1.2004,-0.5277
2023-06-01,37.7,37.73,36.8,36.81,2824789,104749532.08,1.7655,-2.3607
2023-06-02,37.06,37.7,36.3,37.28,1989639,73966133.42,1.2435,1.2768
2023-06-05,37.48,38.1,37.28,37.47,1747792,65921462.55,1.0924,0.5097
2023-06-06,37.1,37.47,35.46,35.63,2307375,83478930.95,1.4421,-4.9106
2023-06-07,35.63,36.65,35.49,36.41,1721106,62338156.28,1.0757,2.1892
2023-06-08,36.34,36.35,34.5,34.69,2340388,82175859.03,1.4627,-4.724
2023-06-09,34.7,35.05,33.8,34.9,2441394,84059470.0,1.5259,0.6054
2023-06-12,34.7,35.33,34.56,34.66,1524609,53241561.39,0.9529,-0.6877
2023-06-13,34.65,35.61,34.2,35.53,2294841,80509654.99,1.4343,2.5101
2023-06-14,35.82,35.82,34.65,35.12,2059806,72291944.79,1.2874,-1.154
2023-06-15,35.19,35.2,34.48,34.61,1763222,61218411.13,1.102,-1.4522
2023-06-16,34.63,34.88,33.8,33.94,4017526,137208295.78,2.511,-1.9359
2023-06-19,33.98,35.18,33.6,34.97,3137120,108684282.3,1.9607,3.0348
2023-06-20,34.75,35.29,34.3,34.34,2700426,93321426.29,1.6878,-1.8015
2023-06-21,34.33,34.34,32.58,32.6,3970543,131608714.09,2.4816,-5.067
2023-06-26,32.55,32.6,30.65,31.05,4187814,131257640.36,2.6174,-4.7546
2023-06-27,31.14,31.52,30.81,31.11,1960082,60991605.5,1.2251,0.1932
2023-06-28,31.3,31.3,30.03,30.65,2424823,74302746.25,1.5155,-1.4786
2023-06-29,30.7,31.4,30.52,30.95,1961691,60959593.42,1.2261,0.9788
2023-06-30,30.79,31.85,30.7,31.58,1705926,53531104.7,1.0662,2.0355
2023-07-03,31.82,32.37,31.66,31.85,1894756,60537892.24,1.1842,0.855
2023-07-04,32.08,33.15,31.54,33.0,2875413,93525001.56,1.7971,3.6107
2023-07-05,33.02,33.42,32.54,32.7,2246225,74069019.53,1.4039,-0.9091
2023-07-06,32.86,33.32,32.46,32.93,1449973,47746335.07,0.9062,0.7034
2023-07-07,32.72,32.75,31.96,32.23,1700693,54785311.25,1.0629,-2.1257
2023-07-10,32.22,32.79,32.0,32.21,1549712,50086524.49,0.9686,-0.0621
2023-07-11,32.44,33.66,32.22,33.38,2388901,78923798.39,1.4931,3.6324
2023-07-12,33.21,33.4,32.58,32.63,1684494,55625099.39,1.0528,-2.2469
2023-07-13,32.63,34.49,32.53,34.39,4086620,138709695.39,2.5541,5.3938
2023-07-14,34.63,38.9,34.5,38.33,9383859,351795264.99,5.8649,11.4568
2023-07-17,37.85,38.71,36.0,36.99,6108459,225871356.76,3.8178,-3.496
2023-07-18,36.99,38.5,36.6,37.02,4433702,166550556.6,2.7711,0.0811
2023-07-19,36.8,37.6,36.4,36.48,2420054,89098911.47,1.5125,-1.4587
2023-07-20,36.38,36.85,35.08,35.16,2942316,105053699.14,1.8389,-3.6184
2023-07-21,35.34,35.85,34.38,35.02,2127827,74639925.7,1.3299,-0.3982
2023-07-24,34.74,35.06,34.12,34.25,1618186,55615397.93,1.0114,-2.1987
2023-07-25,34.69,34.95,34.2,34.42,2277364,78477503.67,1.4234,0.4964
2023-07-26,34.35,34.39,33.6,33.82,1897483,64389823.02,1.1859,-1.7432
2023-07-27,33.83,33.83,32.38,32.61,2607115,85773744.76,1.6294,-3.5778
2023-07-28,32.76,33.36,32.48,33.15,1897740,62669465.37,1.1861,1.6559
2023-07-31,33.39,33.48,32.97,33.26,1693927,56279365.81,1.0587,0.3318
2023-08-01,33.31,33.39,32.65,32.83,1647515,54287656.6,1.0297,-1.2928
2023-08-02,32.68,33.18,32.62,33.11,1411359,46481228.74,0.8821,0.8529
2023-08-03,33.02,33.1,32.11,32.6,2477614,80557185.98,1.5485,-1.5403
2023-08-04,32.7,33.05,32.4,32.47,1503644,49130653.73,0.9398,-0.3988
2023-08-07,32.6,32.94,31.72,31.9,2286922,73408553.11,1.4293,-1.7555
2023-08-08,32.0,32.09,31.46,31.64,1462648,46295220.48,0.9142,-0.815
2023-08-09,31.35,31.77,31.18,31.5,1047530,32975694.61,0.6547,-0.4425
2023-08-10,31.14,31.9,31.13,31.62,793696,25083390.15,0.4961,0.381
2023-08-11,32.07,32.11,30.86,30.86,1688941,52910885.42,1.0556,-2.4035
2023-08-14,30.51,31.0,30.31,30.92,1178860,36118729.67,0.7368,0.1944
2023-08-15,30.95,31.14,30.31,30.54,1317674,40377816.22,0.8235,-1.229
2023-08-16,30.5,31.0,30.06,30.07,1283871,39107974.65,0.8024,-1.539
2023-08-17,30.07,30.78,29.8,30.46,1665938,50415973.63,1.0412,1.297
2023-08-18,31.29,31.31,30.54,30.54,2168165,67134871.89,1.3551,0.2626
2023-08-21,30.54,30.76,29.59,29.65,1447753,43565894.43,0.9048,-2.9142
2023-08-22,29.78,30.04,28.65,29.85,2358342,69376864.95,1.474,0.6745
2023-08-23,29.83,29.85,28.9,28.92,1284157,37672039.02,0.8026,-3.1156
2023-08-24,28.85,29.6,28.38,28.9,1779984,51655163.68,1.1125,-0.0692
2023-08-25,28.89,28.96,27.7,27.9,2404610,67912821.69,1.5029,-3.4602
2023-08-28,29.0,29.5,25.4,25.75,6163096,165377938.77,3.8519,-7.7061
2023-08-29,25.85,27.96,25.75,27.86,4571373,123794715.95,2.8571,8.1942
2023-08-30,27.99,30.19,27.99,29.85,4582368,134415813.09,2.864,7.1429
2023-08-31,29.68,31.08,29.31,30.54,3961450,120783114.78,2.4759,2.3116
2023-09-01,30.53,30.99,29.8,30.21,2071798,62520389.74,1.2949,-1.0806
2023-09-04,30.2,30.5,29.5,30.11,1899130,56714139.25,1.187,-0.331
2023-09-05,30.0,30.99,30.0,30.42,2056929,62799500.19,1.2856,1.0296
2023-09-06,30.31,32.25,30.09,32.12,4431255,139952628.93,2.7695,5.5884
2023-09-07,32.05,32.05,30.45,30.54,3038443,94782217.52,1.899,-4.9191
2023-09-08,30.17,33.09,30.17,32.38,4414862,142073254.21,2.7593,6.0249
2023-09-11,32.23,32.24,30.86,31.0,5980944,187515407.94,3.7381,-4.2619
2023-09-12,31.15,31.88,30.96,31.45,5642486,177500677.69,3.5266,1.4516
2023-09-13,31.55,31.72,30.5,30.92,2491790,77184933.69,1.5574,-1.6852
2023-09-14,31.38,31.38,30.28,30.95,2091027,64104374.93,1.3069,0.097
2023-09-15,30.87,33.1,30.65,32.0,3863125,123081276.28,2.4145,3.3926
2023-09-18,31.68,31.89,31.07,31.46,2659226,83568748.79,1.662,-1.6875
2023-09-19,31.32,32.4,30.9,31.77,2345235,74301203.07,1.4658,0.9854
2023-09-20,31.65,31.98,30.81,31.01,2380997,74361706.35,1.4881,-2.3922
2023-09-21,31.08,31.08,30.38,30.66,1537099,47169033.14,0.9607,-1.1287
2023-09-22,30.73,31.09,29.8,30.91,2385261,72437128.52,1.4908,0.8154
2023-09-25,30.81,31.2,30.29,30.58,1988855,61046451.81,1.243,-1.0676
2023-09-26,30.33,30.73,29.89,29.93,1269266,38222340.68,0.7933,-2.1256
2023-09-27,30.0,30.65,29.7,29.9,1314714,39540674.65,0.8217,-0.1002
2023-09-28,29.73,30.85,29.73,30.47,1356346,41114327.38,0.8477,1.9064
2023-10-09,30.25,30.65,29.9,30.05,1290016,38933173.43,0.8063,-1.3784
2023-10-10,30.09,30.86,30.09,30.35,1129141,34487182.69,0.7057,0.9983
2023-10-11,30.16,31.38,30.0,31.1,1679594,51927422.3,1.0497,2.4712
2023-10-12,31.14,31.59,30.6,31.34,1763979,54830730.1,1.1025,0.7717
2023-10-13,31.41,31.53,30.92,31.06,1122609,35050016.24,0.7016,-0.8934
2023-10-16,31.15,31.24,29.68,29.85,1621687,48993368.44,1.0136,-3.8957
2023-10-17,30.0,30.2,29.33,30.08,1171055,34889068.89,0.7319,0.7705
2023-10-18,30.22,30.36,29.32,29.32,1042582,30927356.6,0.6516,-2.5266
2023-10-19,29.32,30.78,28.64,29.8,1752280,52833646.82,1.0952,1.6371
2023-10-20,29.63,30.13,28.9,29.01,1187426,34762203.71,0.7421,-2.651
2023-10-23,29.01,29.26,27.66,27.96,1132582,31910882.88,0.7079,-3.6194
2023-10-24,28.33,30.5,27.6,29.88,2263090,66842222.78,1.4144,6.867
2023-10-25,30.01,30.4,29.3,30.0,1275714,38030841.0,0.7973,0.4016
2023-10-26,29.58,30.27,29.01,30.1,1152747,34287348.8,0.7205,0.3333
2023-10-27,29.94,30.25,29.63,30.12,1943413,58216702.41,1.2146,0.0664
2023-10-30,29.66,31.57,29.3,31.42,2592362,80013222.5,1.6202,4.3161
2023-10-31,31.68,31.72,31.01,31.5,1740175,54657229.5,1.0876,0.2546
2023-11-01,31.57,31.68,31.02,31.04,1161770,36309533.59,0.7261,-1.4603
2023-11-02,31.39,31.39,30.46,30.57,1201050,36905403.31,0.7507,-1.5142
2023-11-03,30.65,32.0,30.65,31.78,2192176,69165649.24,1.3701,3.9581
2023-11-06,31.99,32.67,31.77,32.35,2049057,66195086.98,1.2807,1.7936
2023-11-07,32.23,32.58,31.91,32.19,1503863,48462328.24,0.9399,-0.4946
2023-11-08,32.23,33.62,31.92,33.05,3683754,121067629.93,2.3023,2.6716
2023-11-09,33.07,34.86,32.98,34.42,4889145,167822452.6,3.0557,4.1452
2023-11-10,34.1,36.0,33.76,33.76,4174085,144610326.5,2.6088,-1.9175
2023-11-13,33.94,34.39,33.17,33.74,3076541,103617511.11,1.9228,-0.0592
2023-11-14,33.86,34.88,33.45,34.58,2447966,84168074.22,1.53,2.4896
2023-11-15,34.7,34.9,33.81,33.96,2327710,79589885.5,1.4548,-1.7929
2023-11-16,33.52,34.41,33.52,34.15,2328079,79533415.43,1.455,0.5595
2023-11-17,34.04,37.19,33.9,35.88,5052413,181337525.44,3.1578,5.0659
2023-11-20,39.4,39.98,37.68,38.05,11532165,445063150.08,7.2076,6.0479
2023-11-21,38.09,39.69,36.66,38.93,7177874,274198750.21,4.4862,2.3127
2023-11-22,38.3,38.8,36.87,36.88,4871516,182460172.86,3.0447,-5.2659
2023-11-23,36.63,37.21,35.67,37.09,2520475,91756791.65,1.5753,0.5694
2023-11-24,36.66,36.82,34.71,34.87,2882323,102181971.34,1.8015,-5.9854
2023-11-27,34.84,35.49,34.57,35.23,2128682,74600738.84,1.3304,1.0324
2023-11-28,35.23,37.08,34.56,36.88,3356363,121536058.8,2.0977,4.6835
2023-11-29,37.06,39.38,36.8,38.69,4643964,177968448.3,2.9025,4.9078
2023-11-30,38.51,38.51,37.38,37.71,2116129,79839185.87,1.3226,-2.533
2023-12-01,37.49,38.65,36.83,38.5,1826395,68650772.18,1.1415,2.0949
2023-12-04,38.05,38.11,36.19,36.35,2511293,92812127.01,1.5696,-5.5844
2023-12-05,36.36,36.9,34.5,34.97,2319869,82733834.89,1.4499,-3.7964
2023-12-06,34.73,35.55,34.5,35.01,1897893,66325549.21,1.1862,0.1144
2023-12-07,35.01,35.5,34.74,34.86,1084397,38020473.36,0.6777,-0.4284
2023-12-08,34.8,35.7,34.78,34.88,1620440,57006614.67,1.0128,0.0574
2023-12-11,34.59,35.46,33.94,35.18,1411753,48755098.08,0.8823,0.8601
2023-12-12,35.14,35.58,34.67,34.76,1228788,43001771.93,0.768,-1.1939
2023-12-13,34.95,34.99,34.0,34.3,1070515,36819144.5,0.6691,-1.3234
2023-12-14,34.6,36.08,34.31,35.53,2862172,101427772.46,1.7889,3.586
2023-12-15,35.53,35.54,34.66,34.91,1342207,46883053.45,0.8389,-1.745
2023-12-18,34.57,34.8,33.77,33.86,1159873,39581462.92,0.7249,-3.0077
2023-12-19,33.79,35.49,33.7,35.0,1387836,48323492.76,0.8674,3.3668
2023-12-20,35.09,35.27,34.42,34.52,881530,30668442.53,0.551,-1.3714
2023-12-21,34.27,35.52,34.0,34.87,1071875,37271252.48,0.6699,1.0139
2023-12-22,35.22,35.22,33.8,33.96,1162299,39745094.58,0.7264,-2.6097
2023-12-25,33.35,34.75,33.34,34.01,882640,30000199.86,0.5516,0.1472
2023-12-26,33.86,34.33,32.73,32.9,1207907,40054583.05,0.7549,-3.2637
2023-12-27,33.26,33.85,32.84,33.5,1181354,39514082.47,0.7383,1.8237
2023-12-28,33.49,35.0,33.0,34.33,1534153,52315703.86,0.9588,2.4776
2023-12-29,34.33,35.69,34.1,35.29,1509102,52733689.56,0.9432,2.7964
2024-01-02,35.29,35.3,33.7,33.71,1520051,51840307.44,0.95,-4.4772
2024-01-03,33.76,34.0,33.25,33.55,774603,25985068.11,0.4841,-0.4746
2024-01-04,33.55,33.55,31.66,32.0,2165416,69912490.96,1.3534,-4.62
2024-01-05,31.87,32.48,31.31,31.49,1199504,38110639.2,0.7497,-1.5938
2024-01-08,31.44,31.95,31.05,31.41,1161479,36686632.36,0.7259,-0.254
2024-01-09,31.84,31.84,30.81,31.42,1066893,33293158.86,0.6668,0.0318
2024-01-10,31.16,31.54,30.31,31.09,1240650,38280373.74,0.7754,-1.0503
2024-01-11,31.13,31.53,30.92,31.27,878017,27420453.48,0.5488,0.579
2024-01-12,31.31,31.35,30.58,30.68,585890,18123491.92,0.3662,-1.8868
2024-01-15,30.5,31.12,29.88,30.04,1943718,58815526.82,1.2148,-2.086
2024-01-16,30.26,30.34,29.71,30.04,1059225,31737202.78,0.662,0.0
2024-01-17,29.67,30.25,28.85,28.9,1062163,31257211.85,0.6639,-3.7949
2024-01-18,28.76,29.59,28.32,29.46,1504992,43513705.52,0.9406,1.9377
2024-01-19,29.49,29.99,28.93,29.05,694275,20369945.29,0.4339,-1.3917
2024-01-22,28.83,29.08,26.62,27.0,1326459,36899417.64,0.829,-7.0568
2024-01-23,26.87,27.45,26.51,27.05,1580631,42635336.91,0.9879,0.1852
2024-01-24,27.32,27.49,25.88,27.16,1260505,33522480.88,0.7878,0.4067
2024-01-25,27.38,27.99,26.6,27.37,1570449,42911984.3,0.9815,0.7732
2024-01-26,27.37,27.75,26.21,26.37,1183329,31700111.04,0.7396,-3.6536
2024-01-29,26.37,26.76,24.8,24.85,1666895,42226326.78,1.0418,-5.7641
2024-01-30,21.02,23.59,21.02,22.8,4496051,103321718.26,2.81,-8.2495
2024-01-31,23.15,23.55,21.0,21.02,2905726,63264749.15,1.8161,-7.807
2024-02-01,21.44,21.82,20.08,20.43,3985645,82104906.84,2.491,-2.8069
2024-02-02,20.55,20.7,17.98,18.82,5277474,101167572.06,3.2984,-7.8806
2024-02-05,18.6,18.8,15.47,15.53,6904928,113268406.84,4.3156,-17.4814
2024-02-06,15.52,16.08,13.94,15.91,6609841,99374427.02,4.1312,2.4469
2024-02-07,16.15,16.54,14.39,15.07,5844499,90490674.64,3.6528,-5.2797
2024-02-08,15.15,17.63,14.5,17.57,5737876,92367016.67,3.5862,16.5893
2024-02-19,17.71,18.35,17.49,18.08,5676799,101828164.04,3.548,2.9027
2024-02-20,17.97,18.39,17.36,18.16,3120434,55542224.58,1.9503,0.4425
2024-02-21,18.14,19.08,17.73,18.2,4563366,84636519.62,2.8521,0.2203
2024-02-22,18.13,19.34,18.13,19.34,4296131,81635504.52,2.6851,6.2637
2024-02-23,19.48,21.05,19.41,20.89,5294991,107894224.4,3.3094,8.0145
2024-02-26,20.91,21.61,20.18,21.01,5615324,117009908.58,3.5096,0.5744
2024-02-27,20.9,21.99,20.5,21.99,4286912,91206637.78,2.6793,4.6644
2024-02-28,21.94,22.56,19.3,19.65,6557036,137841993.54,4.0981,-10.6412
2024-02-29,19.5,22.3,19.38,21.24,7096367,149826719.32,4.4352,8.0916
2024-03-01,21.35,21.85,21.05,21.68,3834302,82408760.69,2.3964,2.0716
2024-03-04,21.84,21.84,20.65,21.55,3578592,76277647.54,2.2366,-0.5996
2024-03-05,21.21,21.61,20.65,20.79,2867381,60464848.8,1.7921,-3.5267
2024-03-06,20.8,21.19,20.1,20.64,2522340,51947498.47,1.5765,-0.7215
2024-03-07,20.59,21.18,20.02,20.02,2255349,46333669.57,1.4096,-3.0039
2024-03-08,20.02,20.94,19.95,20.4,3265017,66710512.21,2.0406,1.8981
2024-03-11,20.45,20.76,20.06,20.69,2354532,48049018.34,1.4716,1.4216
2024-03-12,20.84,21.81,20.67,21.57,4080678,87084586.35,2.5504,4.2533
2024-03-13,21.65,23.23,21.65,22.38,6197419,139361006.57,3.8734,3.7552
2024-03-14,22.19,22.41,20.96,21.27,4897772,105123144.64,3.0611,-4.9598
2024-03-15,21.6,21.6,20.8,21.38,2783864,58701382.96,1.7399,0.5172
2024-03-18,21.67,21.89,21.07,21.88,3396922,73313462.11,2.1231,2.3386
2024-03-19,21.84,22.79,21.71,22.27,4614269,102980499.38,2.8839,1.7824
2024-03-20,22.3,23.15,21.88,22.95,4168166,94371167.54,2.6051,3.0534
2024-03-21,24.2,24.66,22.6,23.16,6466310,152421185.14,4.0414,0.915
2024-03-22,23.79,24.09,22.36,22.43,5331089,123381598.57,3.3319,-3.152
2024-03-25,22.27,22.52,20.88,21.05,4217555,91424279.95,2.636,-6.1525
2024-03-26,21.0,21.67,20.33,20.67,3293779,68887047.41,2.0586,-1.8052
2024-03-27,20.51,20.64,19.28,19.28,2810383,55675978.36,1.7565,-6.7247
2024-03-28,19.41,20.13,19.23,19.83,3455787,67870897.4,2.1599,2.8527
2024-03-29,19.81,20.2,19.08,19.79,3405046,66418113.31,2.1282,-0.2017
2024-04-01,19.64,20.76,19.55,20.58,3095302,62555094.24,1.9346,3.9919
2024-04-02,20.58,20.6,19.96,20.3,2647286,53751575.39,1.6546,-1.3605
2024-04-03,20.5,20.5,19.42,19.95,2376161,47229222.31,1.4851,-1.7241
2024-04-08,20.08,20.08,18.88,18.96,2425970,46798821.6,1.5162,-4.9624
2024-04-09,18.98,19.49,18.79,19.42,1858006,35690300.59,1.1613,2.4262
2024-04-10,19.38,19.42,18.2,18.54,2354544,43888943.55,1.4716,-4.5314
2024-04-11,18.2,18.88,17.98,18.53,4678897,86423120.37,2.7474,-0.0539
2024-04-12,18.28,18.97,18.23,18.5,3154726,58555146.21,1.8524,-0.1619
2024-04-15,18.43,18.73,16.66,17.0,4221413,73370923.42,2.4787,-8.1081
2024-04-16,17.04,17.04,15.3,15.46,5467109,85981425.4,3.2102,-9.0588
2024-04-17,15.46,17.24,15.46,16.87,4716463,78819774.82,2.7694,9.1203
2024-04-18,16.88,17.3,16.26,16.8,3139809,52782829.69,1.8436,-0.4149
2024-04-19,16.77,16.98,16.28,16.4,1963478,32343518.91,1.1529,-2.381
2024-04-22,16.2,16.49,15.44,16.15,2255516,36191460.05,1.3244,-1.5244
2024-04-23,16.1,16.66,15.97,16.56,2188355,36092728.91,1.285,2.5387
2024-04-24,16.56,17.06,16.4,16.96,2058062,34730059.87,1.2085,2.4155
2024-04-25,16.85,17.38,16.69,17.05,2330101,39888240.6,1.3682,0.5307
2024-04-26,18.08,19.87,17.9,19.46,6999424,132863001.86,4.1099,14.1349
2024-04-29,19.36,20.39,19.19,20.2,5168168,102502426.02,3.0346,3.8027
2024-04-30,20.11,21.04,20.0,20.6,4839996,99395429.06,2.8419,1.9802
2024-05-06,20.68,21.19,20.51,20.69,3201733,66526238.66,1.88,0.4369
2024-05-07,20.47,20.98,20.45,20.88,2416550,50281971.56,1.4189,0.9183
2024-05-08,20.95,21.1,20.23,20.45,2593324,53396083.27,1.5227,-2.0594
2024-05-09,20.8,21.1,20.49,20.95,2556533,53122571.62,1.5011,2.445
2024-05-10,21.1,21.25,20.2,20.29,2270599,46698668.31,1.3332,-3.1504
2024-05-13,20.1,20.11,19.13,19.36,3942198,76880762.11,2.3148,-4.5835
2024-05-14,19.48,19.85,19.25,19.49,2181068,42651112.5,1.2807,0.6715
2024-05-15,19.43,19.85,19.15,19.35,1348786,26347334.38,0.792,-0.7183
2024-05-16,19.52,19.96,19.45,19.54,2321668,45797108.32,1.3632,0.9819
2024-05-17,19.42,20.38,19.25,20.37,2406654,47982068.2,1.4131,4.2477
2024-05-20,20.37,20.59,19.97,20.1,1731209,34949704.86,1.0165,-1.3255
2024-05-21,19.9,20.19,19.69,20.03,1360609,27165469.96,0.7989,-0.3483
2024-05-22,19.88,20.55,19.72,20.43,2031215,41066811.78,1.1927,1.997
2024-05-23,20.9,20.93,20.06,20.07,1940513,39407447.13,1.1394,-1.7621
2024-05-24,20.22,20.35,19.3,19.39,2044818,40376000.22,1.2007,-3.3881
2024-05-27,19.49,20.25,18.93,20.17,3693740,72854773.06,2.1689,4.0227
2024-05-28,20.1,21.66,19.87,20.61,4686566,97877398.57,2.7519,2.1815
2024-05-29,20.52,21.12,20.49,20.63,2679448,55639551.46,1.5733,0.097
2024-05-30,20.38,21.13,20.1,21.05,3416185,71138867.99,2.0059,2.0359
2024-05-31,20.91,21.55,20.85,21.15,2703892,57194928.35,1.5877,0.4751
2024-06-03,20.99,21.8,20.98,21.45,4523269,96874849.01,2.656,1.4184
2024-06-04,20.88,21.04,19.91,20.48,5328178,108271689.98,3.1286,-4.5221
2024-06-05,20.37,20.9,20.02,20.13,3252549,66605451.04,1.9098,-1.709
2024-06-06,20.68,21.59,19.26,19.32,4754477,96448777.91,2.7917,-4.0238
2024-06-07,19.67,20.2,19.0,19.27,3809466,74712093.19,2.2368,-0.2588
2024-06-11,19.26,20.51,19.03,20.45,4521744,89679215.07,2.6551,6.1235
2024-06-12,20.44,20.79,20.19,20.35,3258256,66644658.13,1.9132,-0.489
2024-06-13,20.36,21.97,20.36,21.25,5863366,124080113.64,3.4428,4.4226
2024-06-14,21.2,21.5,20.56,21.46,4379097,92416770.45,2.5713,0.9882
2024-06-17,21.2,21.55,21.01,21.34,3642585,77652744.15,2.1389,-0.5592
2024-06-18,21.24,21.82,21.21,21.65,4212252,90584883.82,2.4733,1.4527
2024-06-19,21.55,21.85,21.0,21.36,3664337,78222621.87,2.1516,-1.3395
2024-06-20,21.35,23.07,21.16,22.01,7280232,162231433.42,4.2748,3.0431
2024-06-21,21.89,22.02,21.21,21.85,3819342,82869933.35,2.2426,-0.7269
2024-06-24,21.7,21.92,20.04,20.2,5136606,107542631.7,3.0161,-7.5515
2024-06-25,20.2,20.46,18.93,19.06,4823760,94375861.3,2.8324,-5.6436
2024-06-26,19.0,19.92,18.7,19.87,3601126,69895217.79,2.1145,4.2497
2024-06-27,19.78,20.06,19.06,19.08,2651003,51868632.72,1.5566,-3.9758
2024-06-28,19.12,19.82,18.95,19.27,2619048,50866100.59,1.5379,0.9958
2024-07-01,19.35,19.57,18.32,18.8,4040119,76223849.94,2.3723,-2.439
2024-07-02,18.9,18.99,18.32,18.4,2372181,44197795.8,1.3929,-2.1277
2024-07-03,18.4,18.85,18.15,18.46,2682166,49476144.6,1.5749,0.3261
2024-07-04,18.54,18.69,17.59,17.67,2487943,44766889.74,1.4609,-4.2795
2024-07-05,17.58,17.81,17.26,17.59,2628964,46049934.08,1.5437,-0.4527
2024-07-08,17.6,17.93,17.2,17.22,2353237,41089689.14,1.3818,-2.1035
2024-07-09,17.2,18.3,17.18,18.28,2984945,53171851.37,1.7527,6.1556
2024-07-10,18.01,18.49,18.01,18.22,2423189,44357462.43,1.4228,-0.3282
2024-07-11,18.61,19.1,18.45,19.04,3780781,71263589.54,2.22,4.5005
2024-07-12,19.03,19.14,18.67,18.92,2507557,47321826.75,1.4724,-0.6303
2024-07-15,19.1,19.27,18.52,18.6,1937239,36449620.87,1.1375,-1.6913
2024-07-16,18.49,19.12,18.22,19.08,2495819,46737715.45,1.4655,2.5806
2024-07-17,18.89,19.18,18.66,18.68,2094712,39485126.89,1.23,-2.0964
2024-07-18,18.52,18.56,17.7,18.26,2918807,52688498.68,1.7139,-2.2484
2024-07-19,18.21,19.23,18.0,18.93,3658847,68923993.82,2.1484,3.6692
2024-07-22,19.01,19.22,18.86,19.11,2713725,51658453.6,1.5934,0.9509
2024-07-23,18.93,19.06,17.82,17.9,2655706,48879502.55,1.5594,-6.3318
2024-07-24,18.36,18.55,17.13,17.2,4174819,73807843.4,2.4514,-3.9106
2024-07-25,17.2,17.49,16.71,17.15,2598289,44294309.0,1.5257,-0.2907
2024-07-26,17.19,17.4,16.87,17.23,2139375,36700866.92,1.2562,0.4665
2024-07-29,17.23,17.23,16.46,16.58,3294061,55150689.14,1.9342,-3.7725
2024-07-30,16.5,17.06,16.3,16.88,2550814,42710516.55,1.4978,1.8094
2024-07-31,17.0,18.05,16.63,17.98,3996233,70053194.06,2.3465,6.5166
2024-08-01,18.0,18.69,17.9,18.36,4633893,84716471.27,2.7209,2.1135
2024-08-02,18.15,18.4,17.5,17.52,3428570,61634567.2,2.0132,-4.5752
2024-08-05,17.41,17.5,16.44,16.44,3587847,60946081.2,2.1067,-6.1644
2024-08-06,16.77,16.93,16.5,16.86,2446119,40782723.96,1.4363,2.5547
2024-08-07,16.72,17.18,16.72,16.9,1967030,33308994.57,1.155,0.2372
2024-08-08,14.0,16.95,14.0,16.56,2794446,45938863.87,1.6408,-2.0118
2024-08-09,16.9,16.98,16.39,16.4,2255866,37602247.15,1.3246,-0.9662
2024-08-12,16.25,16.59,15.94,16.16,1965099,31813195.57,1.1539,-1.4634
2024-08-13,16.18,16.3,15.93,16.21,1419104,22847568.3,0.8333,0.3094
2024-08-14,16.25,16.48,16.11,16.11,1158822,18830065.04,0.6804,-0.6169
2024-08-15,16.05,16.45,15.88,16.09,1911371,30894749.87,1.1223,-0.1241
2024-08-16,16.12,16.42,16.09,16.12,2213031,35926698.21,1.2994,0.1865
2024-08-19,16.33,16.41,15.63,15.63,3101140,49478394.51,1.8209,-3.0397
2024-08-20,15.63,15.67,14.97,15.05,2587940,39425602.69,1.5196,-3.7108
2024-08-21,14.97,15.19,14.82,14.87,1943820,29088772.96,1.1414,-1.196
2024-08-22,14.87,14.99,14.66,14.7,1810893,26795476.52,1.0633,-1.1432
2024-08-23,14.8,14.8,14.36,14.5,2339849,34041589.86,1.3739,-1.3605
2024-08-26,14.45,15.12,14.45,14.83,1903666,28266887.07,1.1178,2.2759
2024-08-27,14.8,15.03,14.43,14.52,2111263,30992472.11,1.2397,-2.0904
2024-08-28,14.46,14.78,14.32,14.5,1627396,23635070.28,0.9556,-0.1377
2024-08-29,14.34,14.97,14.32,14.84,2243448,33068998.6,1.3173,2.3448
2024-08-30,14.85,15.72,14.76,15.43,2875548,44123572.44,1.6885,3.9757
2024-09-02,15.36,15.86,14.93,14.97,2782675,42416749.67,1.6339,-2.9812
2024-09-03,14.83,15.38,14.79,15.23,1997891,30234397.21,1.1731,1.7368
2024-09-04,14.93,15.35,14.86,15.16,1466200,22160895.34,0.8609,-0.4596
2024-09-05,15.32,15.36,15.01,15.15,1480431,22471914.89,0.8693,-0.066
2024-09-06,15.3,15.3,14.61,14.7,1771168,26271036.31,1.04,-2.9703
2024-09-09,14.71,14.84,14.43,14.54,1449926,21156058.75,0.8514,-1.0884
2024-09-10,14.47,14.82,14.29,14.7,1608342,23373789.91,0.9444,1.1004
2024-09-11,14.6,14.79,14.45,14.6,1208524,17682427.2,0.7096,-0.6803
2024-09-12,14.67,14.9,14.43,14.43,1225757,17987854.42,0.7197,-1.1644
2024-09-13,14.43,14.49,14.0,14.0,1817127,25773775.03,1.067,-2.9799
2024-09-18,14.14,14.18,13.64,13.9,1571893,21835900.49,0.923,-0.7143
2024-09-19,14.0,14.44,13.78,14.23,1743088,24748010.5,1.0235,2.3741
2024-09-20,14.32,14.38,13.87,14.0,1924711,27050951.79,1.1302,-1.6163
2024-09-23,14.14,14.18,13.83,13.96,1524401,21343345.91,0.8951,-0.2857
2024-09-24,14.08,14.76,13.95,14.74,3051265,43863222.05,1.7916,5.5874
2024-09-25,15.12,15.35,14.86,14.89,3520599,53189687.78,2.0672,1.0176
2024-09-26,14.89,15.63,14.84,15.63,2937161,44908998.49,1.7246,4.9698
2024-09-27,15.76,17.09,15.76,17.0,2994261,49158896.81,1.7582,8.7652
2024-09-30,18.08,20.37,17.67,20.25,8110759,154414389.88,4.7625,19.1176
2024-10-08,24.3,24.3,23.22,24.3,10148035,244995280.59,5.9587,20.0
2024-10-09,23.5,26.56,22.64,23.43,17445227,428083871.25,10.2435,-3.5802
2024-10-10,24.3,24.32,22.0,22.49,7942259,182636643.96,4.6635,-4.012
2024-10-11,22.0,22.25,20.1,20.38,7302831,153531095.44,4.2881,-9.3819
2024-10-14,20.64,21.21,19.6,21.16,7299655,149636657.07,4.2862,3.8273
2024-10-15,21.19,21.87,20.5,20.62,5065261,107253536.02,2.9742,-2.552
2024-10-16,20.05,20.56,19.82,20.02,4165879,83986211.28,2.4461,-2.9098
2024-10-17,20.23,20.6,20.01,20.09,3626676,73867455.4,2.1295,0.3497
2024-10-18,20.06,22.5,19.95,21.8,7794202,166268893.45,4.5766,8.5117
2024-10-21,22.83,23.77,22.05,23.22,10781834,248699905.05,6.3309,6.5138
2024-10-22,23.5,23.51,22.6,23.08,6186346,142448273.77,3.6325,-0.6029
2024-10-23,23.31,23.35,22.5,22.55,6141551,140713508.09,3.6062,-2.2964
2024-10-24,22.67,23.15,22.21,22.86,4042965,91781115.86,2.3739,1.3747
2024-10-25,22.86,24.68,22.7,24.22,8067721,190112468.24,4.7372,5.9493
2024-10-28,25.23,28.65,25.23,26.24,14682635,389160325.76,8.6213,8.3402
2024-10-29,26.56,26.85,25.23,25.26,8909613,230289649.6,5.2315,-3.7348
2024-10-30,25.17,25.55,24.39,24.9,5980869,148939649.77,3.5118,-1.4252
2024-10-31,24.91,26.3,24.65,25.98,8056946,207462225.5,4.7309,4.3373
2024-11-01,25.66,26.05,23.96,23.99,7888107,195597994.25,4.6317,-7.6597
2024-11-04,23.76,24.85,23.76,24.58,4988517,122148448.23,2.9292,2.4594
2024-11-05,24.58,26.0,24.3,25.93,6270885,159546085.67,3.6821,5.4923
2024-11-06,26.11,26.5,25.32,25.79,6102218,158458119.32,3.5831,-0.5399
2024-11-07,25.65,26.5,25.43,26.42,4823727,125941849.19,2.8324,2.4428
2024-11-08,27.5,28.45,26.9,26.98,8565932,236682681.35,5.0297,2.1196
2024-11-11,27.5,30.0,27.5,29.95,11405507,333164094.04,6.6971,11.0082
2024-11-12,30.46,30.46,28.8,29.2,7136627,209867853.09,4.1905,-2.5042
2024-11-13,28.94,29.7,28.48,29.69,5699284,166206612.51,3.3465,1.6781
2024-11-14,29.51,29.69,28.1,28.15,4802494,138472781.99,2.8199,-5.1869
2024-11-15,28.14,28.78,27.04,27.21,4528056,125622118.13,2.6588,-3.3393
2024-11-18,27.2,27.58,25.83,26.39,4824699,127523273.86,2.833,-3.0136
2024-11-19,26.5,27.87,26.02,27.85,4987004,134227851.78,2.9283,5.5324
2024-11-20,27.52,27.96,27.28,27.69,3610256,99532533.33,2.1199,-0.5745
2024-11-21,27.46,27.9,26.58,27.22,3688848,100845982.67,2.166,-1.6974
2024-11-22,26.99,27.55,25.02,25.08,5454759,142657539.33,3.2029,-7.8619
2024-11-25,25.88,25.88,24.51,25.4,3493688,87734914.76,2.0514,1.2759
2024-11-26,25.15,25.88,24.99,25.08,2231994,56647026.23,1.3106,-1.2598
2024-11-27,24.85,25.57,23.91,25.53,4631793,114129069.86,2.7197,1.7943
2024-11-28,25.53,26.17,25.14,25.36,3752318,96362369.4,2.2033,-0.6659
2024-11-29,25.27,26.21,24.76,25.8,3545302,90610644.16,2.0817,1.735
2024-12-02,25.74,26.21,25.6,26.02,3485519,90603300.9,2.0466,0.8527
2024-12-03,26.64,27.17,26.09,26.38,4907809,130655467.38,2.8818,1.3836
2024-12-04,26.78,27.35,25.64,25.77,4636947,122544782.22,2.7227,-2.3124
2024-12-05,25.55,26.23,25.33,25.85,3253316,84105054.62,1.9103,0.3104
2024-12-06,25.8,26.25,25.28,25.86,3774095,97303684.83,2.2161,0.0387
2024-12-09,25.85,25.91,25.18,25.62,2607118,66636139.13,1.5308,-0.9281
2024-12-10,27.0,27.01,25.92,25.96,3879419,102665389.18,2.2779,1.3271
2024-12-11,25.96,26.5,25.82,26.28,3007903,78680245.91,1.7662,1.2327
2024-12-12,26.34,26.44,25.79,26.11,2584712,67249156.18,1.5177,-0.6469
2024-12-13,26.11,26.38,25.58,26.02,3954004,102522484.37,2.3217,-0.3447
2024-12-16,25.96,26.08,24.83,25.06,3653305,93135542.22,2.1451,-3.6895
2024-12-17,25.11,25.23,24.27,24.34,2983054,73586820.52,1.7516,-2.8731
2024-12-18,24.35,25.2,23.8,24.93,2792918,68580634.97,1.6399,2.424
2024-12-19,24.61,25.09,24.34,24.95,2134196,52861816.52,1.2532,0.0802
2024-12-20,25.08,26.3,24.83,25.93,4218394,108927142.34,2.477,3.9279
2024-12-23,26.04,26.07,24.38,24.43,3353242,83974476.68,1.969,-5.7848
2024-12-24,24.77,24.92,23.93,24.65,2421399,59193436.48,1.4218,0.9005
2024-12-25,24.58,24.9,24.13,24.6,2154525,52811032.02,1.2651,-0.2028
2024-12-26,24.7,25.1,24.38,24.91,1640694,40767968.06,0.9634,1.2602
2024-12-27,24.91,25.49,24.6,24.67,2469246,61892392.89,1.4499,-0.9635
2024-12-30,24.49,24.8,23.81,24.41,1940173,47457772.38,1.1392,-1.0539
2024-12-31,24.55,24.78,23.45,23.45,2377696,56989452.84,1.3961,-3.9328
2025-01-02,23.45,23.74,22.4,22.61,2381852,54859967.44,1.3986,-3.5821
2025-01-03,22.68,22.98,21.55,21.61,2702959,60174192.49,1.5871,-4.4228
2025-01-06,21.51,21.97,21.0,21.4,2063506,44449060.07,1.2116,-0.9718
2025-01-07,21.44,22.12,21.36,22.12,2011099,43706012.96,1.1809,3.3645
2025-01-08,22.12,22.2,21.05,22.02,2332846,50675494.16,1.3698,-0.4521
2025-01-09,22.02,22.35,21.77,22.01,1913832,42382023.43,1.1238,-0.0454
2025-01-10,22.02,22.48,21.4,21.4,1938302,42676931.61,1.1381,-2.7715
2025-01-13,21.36,22.03,20.77,21.79,2099147,45155007.09,1.2326,1.8224
2025-01-14,21.79,22.88,21.72,22.88,2228711,49997924.74,1.3087,5.0023
2025-01-15,22.88,23.05,22.53,22.68,2062917,46989273.45,1.2113,-0.8741
2025-01-16,22.68,23.28,22.42,22.74,1959037,44789329.93,1.1503,0.2646
2025-01-17,22.74,23.69,22.31,23.43,2828852,65270647.46,1.661,3.0343
2025-01-20,23.48,23.65,22.97,23.39,2425093,56451859.97,1.424,-0.1707
2025-01-21,23.55,23.67,22.96,23.44,2164780,50415146.28,1.2711,0.2138
2025-01-22,23.58,23.79,23.12,23.43,1868273,43727259.38,1.097,-0.0427
2025-01-23,23.6,23.94,23.38,23.53,2578424,60986740.75,1.514,0.4268
2025-01-24,23.41,23.78,23.25,23.78,2153536,50688226.62,1.2645,1.0625
2025-01-27,23.5,23.6,22.78,23.1,3803750,88047109.54,2.2335,-2.8595
2025-02-05,23.44,23.65,22.93,23.01,3108860,72535795.75,1.8255,-0.3896
2025-02-06,23.0,23.95,22.78,23.88,3805804,89663896.6,2.2347,3.781
2025-02-07,24.01,24.26,23.48,23.78,4251596,101490650.39,2.4964,-0.4188
2025-02-10,23.78,24.15,23.6,24.09,3401351,81329694.87,1.9972,1.3036
2025-02-11,24.14,24.14,23.51,23.6,3039992,71975727.28,1.785,-2.034
2025-02-12,23.61,24.07,23.41,24.07,3532402,83992525.29,2.0742,1.9915
2025-02-13,24.07,24.14,23.47,23.53,2661315,63190880.3,1.5627,-2.2435
2025-02-14,23.69,23.75,23.21,23.4,2501661,58528852.42,1.4689,-0.5525
2025-02-17,23.48,23.68,23.1,23.33,2822245,65890393.85,1.6572,-0.2991
2025-02-18,23.39,23.64,22.29,22.41,3501745,80644568.71,2.0562,-3.9434
2025-02-19,22.5,23.56,22.23,23.56,4136083,95655926.67,2.4286,5.1316
2025-02-20,23.38,23.7,23.3,23.53,2365923,55536376.83,1.3892,-0.1273
2025-02-21,23.9,24.28,23.36,24.24,4761845,114063265.95,2.7961,3.0174
2025-02-24,24.49,25.07,24.39,24.87,6159353,152521772.33,3.6166,2.599
2025-02-25,24.43,25.23,24.4,24.9,4379732,108914507.74,2.5717,0.1206
2025-02-26,25.05,25.77,24.66,25.54,4815386,122012553.28,2.8275,2.5703
2025-02-27,25.54,26.06,24.89,25.73,4908654,125262480.69,2.8823,0.7439
2025-02-28,25.38,25.68,24.16,24.3,4218150,104411910.56,2.4768,-5.5577
2025-03-03,24.4,25.0,24.04,24.5,3351394,82318303.93,1.9679,0.823
2025-03-04,24.16,25.14,24.07,25.03,3453881,85471632.23,2.028,2.1633
2025-03-05,25.2,25.21,24.28,24.66,3203003,79183929.8,1.8807,-1.4782
2025-03-06,24.73,25.5,24.7,25.03,3832709,96368562.71,2.2505,1.5004
2025-03-07,25.1,25.48,24.71,24.88,3638190,91315334.61,2.1363,-0.5993
2025-03-10,24.68,25.07,24.51,24.67,2383913,59018416.07,1.3998,-0.8441
2025-03-11,24.59,24.83,24.34,24.72,2371481,58196369.86,1.3925,0.2027
2025-03-12,24.66,24.98,24.63,24.71,2501692,62014212.91,1.4689,-0.0405
2025-03-13,24.75,24.77,23.79,23.98,2873556,69422220.56,1.6873,-2.9543
2025-03-14,23.98,24.48,23.74,24.44,2356394,57045724.24,1.3836,1.9183
2025-03-17,24.6,24.62,24.19,24.44,2193814,53534742.9,1.2882,0.0
2025-03-18,24.51,25.25,24.46,25.01,3234458,80805487.17,1.8992,2.3322
2025-03-19,24.99,25.17,24.68,24.86,2663077,66171037.97,1.5637,-0.5998
2025-03-20,24.86,25.35,24.62,24.86,2855105,71306338.84,1.6765,0.0
2025-03-21,24.89,24.89,24.06,24.19,2885026,70148214.19,1.694,-2.6951
2025-03-24,24.2,24.36,23.17,23.68,2521710,59966071.29,1.4807,-2.1083
2025-03-25,23.66,23.96,23.33,23.5,1477277,34873873.52,0.8674,-0.7601
2025-03-26,23.5,24.02,23.5,23.73,1752342,41725282.86,1.0289,0.9787
2025-03-27,23.7,24.49,23.17,23.88,3289926,78876538.03,1.9318,0.6321
2025-03-28,24.0,25.56,24.0,24.17,5194811,128712873.57,3.0503,1.2144
2025-03-31,24.03,24.23,23.0,23.39,3865022,91297704.48,2.2695,-3.2271
2025-04-01,23.43,24.4,23.4,24.14,3570490,85993160.23,2.0965,3.2065
2025-04-02,23.94,24.75,23.94,24.49,2724942,66733171.6,1.6,1.4499
2025-04-03,24.26,24.72,23.44,23.71,2836848,68127443.13,1.6657,-3.185
2025-04-07,22.02,22.62,18.97,19.3,5364213,109733085.22,3.1498,-18.5997
2025-04-08,19.28,20.63,19.03,19.64,4281636,84676278.02,2.5141,1.7617
2025-04-09,19.24,20.96,18.36,20.76,5039012,101004654.83,2.9588,5.7026
2025-04-10,21.5,22.0,21.21,21.33,4065708,87585612.71,2.3873,2.7457
2025-04-11,21.21,23.88,21.15,22.81,7063080,160665601.11,4.1473,6.9386
2025-04-14,23.45,23.48,22.76,22.97,3748971,86314732.73,2.2013,0.7014
2025-04-15,22.83,23.2,22.64,22.9,2551763,58302064.42,1.4983,-0.3047
2025-04-16,22.74,23.13,22.01,22.4,2891909,65129405.18,1.6981,-2.1834
2025-04-17,22.06,24.05,22.06,23.4,5312786,124820878.71,3.1196,4.4643
2025-04-18,23.33,23.37,22.65,22.8,3288908,75426810.37,1.9312,-2.5641
2025-04-21,22.8,23.99,22.67,23.55,4465451,105063565.7,2.622,3.2895
2025-04-22,23.4,24.29,23.34,24.02,4973135,118226663.14,2.9201,1.9958
2025-04-23,24.11,24.11,23.63,23.92,3544798,84523596.87,2.0814,-0.4163
2025-04-24,23.97,24.05,23.42,23.71,2867131,68078466.76,1.6835,-0.8779
2025-04-25,23.77,25.36,23.44,25.29,7012867,173196992.13,4.1178,6.6639
2025-04-28,26.0,27.83,25.7,26.9,12422704,335433170.81,7.2944,6.3662
2025-04-29,27.2,28.42,26.86,27.55,10856434,300135909.19,6.3747,2.4164
2025-04-30,27.22,29.45,27.22,28.64,10569925,303212007.67,6.2064,3.9564
2025-05-06,28.64,28.79,27.85,28.62,8842758,250858307.03,5.1923,-0.0698
2025-05-07,28.93,30.65,28.71,28.93,12176310,360385936.66,7.1497,1.0832
2025-05-08,28.65,30.0,28.51,29.37,8103678,238642439.9,4.7583,1.5209
2025-05-09,29.42,29.68,28.27,28.91,6007624,172935993.71,3.5276,-1.5662
2025-05-12,28.93,29.35,28.32,28.71,5139780,147241452.06,3.018,-0.6918
2025-05-13,29.0,29.13,28.31,28.44,4665642,133766804.67,2.7396,-0.9404
2025-05-14,28.44,28.78,27.71,27.94,5400189,151452415.69,3.1709,-1.7581
2025-05-15,28.15,28.39,27.23,27.61,5066586,140333312.99,2.975,-1.1811
2025-05-16,27.49,28.23,27.44,27.8,4156828,116128795.17,2.4408,0.6882
2025-05-19,28.21,28.5,27.71,27.97,4587478,128954395.67,2.6937,0.6115
2025-05-20,28.05,28.45,27.37,28.17,3972961,110980691.75,2.3328,0.7151
2025-05-21,28.17,28.27,27.58,27.88,2943641,82074367.33,1.7284,-1.0295
2025-05-22,27.9,28.25,27.17,27.18,3842789,106092030.48,2.2564,-2.5108
2025-05-23,27.15,27.29,26.7,26.7,3223419,86988946.54,1.8927,-1.766
2025-05-26,26.77,26.99,26.48,26.67,2798045,74817028.68,1.643,-0.1124
2025-05-27,26.66,26.98,26.5,26.78,2499517,66814715.19,1.4677,0.4124
2025-05-28,26.85,26.99,26.35,26.49,2736300,72705742.65,1.6067,-1.0829
2025-05-29,26.48,27.1,26.48,27.04,3449027,92674579.41,2.0252,2.0763
2025-05-30,26.85,26.96,26.13,26.25,3412928,90179067.41,2.004,-2.9216
2025-06-03,26.38,27.28,26.22,27.03,4040466,108518142.01,2.3725,2.9714
2025-06-04,27.02,27.45,26.82,27.02,3859429,104732234.83,2.2662,-0.037
2025-06-05,27.05,27.64,26.86,27.53,3754549,102495605.35,2.2046,1.8875
2025-06-06,27.54,28.1,27.31,27.4,3683739,101805852.6,2.163,-0.2185
2025-06-09,27.69,27.76,27.11,27.42,2848340,78147440.91,1.6725,0.073
2025-06-10,27.54,27.64,26.27,26.71,4246704,113722006.99,2.4936,-2.5894
2025-06-11,26.69,27.09,26.67,26.77,2255544,60474786.03,1.3244,0.2246
2025-06-12,26.41,26.91,26.41,26.72,1938937,51850601.38,1.1385,-0.1868
2025-06-13,26.67,26.85,26.11,26.39,2406680,63577606.09,1.4132,-1.235
2025-06-16,26.35,27.15,26.2,26.58,3098637,82885833.85,1.8195,0.72
2025-06-17,26.9,28.17,26.79,27.98,7073390,195995269.33,4.1533,5.2671
2025-06-18,27.78,28.75,27.68,28.25,6139274,172732660.21,3.6049,0.965
2025-06-19,28.38,28.68,27.87,28.02,4651706,131317762.61,2.7314,-0.8142
2025-06-20,28.18,29.3,28.13,28.5,5769827,165753000.57,3.3879,1.7131
2025-06-23,28.21,29.76,28.21,29.51,6725462,197387896.33,3.9491,3.5439
2025-06-24,29.75,29.89,29.21,29.67,4732098,139609355.73,2.7786,0.5422
2025-06-25,29.89,30.29,29.15,30.02,6578696,195189247.57,3.8629,1.1796
2025-06-26,29.91,30.0,29.18,29.3,4959168,146384587.02,2.9119,-2.3984
2025-06-27,29.59,29.6,28.97,29.03,4055963,118423125.99,2.3816,-0.9215
2025-06-30,29.2,31.85,29.08,31.77,12581277,387487815.44,7.3875,9.4385
2025-07-01,31.5,32.54,31.25,32.09,10798758,345550551.39,6.3408,1.0072
2025-07-02,31.81,33.05,31.69,32.5,9042150,293434952.79,5.3094,1.2777
2025-07-03,32.42,32.49,31.61,32.45,5885957,188733830.34,3.4561,-0.1538
2025-07-04,32.29,32.4,31.04,31.78,6110861,193585317.32,3.5882,-2.0647
2025-07-07,31.88,32.3,31.3,31.62,3494882,110640437.76,2.0521,-0.5035
2025-07-08,32.0,32.5,31.66,32.23,5117853,163873169.9,3.0051,1.9292
2025-07-09,32.2,33.5,31.88,32.21,5883609,191479567.29,3.4547,-0.0621
2025-07-10,32.45,32.82,31.76,32.51,4475098,144274555.85,2.6277,0.9314
2025-07-11,32.3,32.48,31.51,32.04,4751958,151420611.15,2.7903,-1.4457
2025-07-14,32.34,34.24,32.05,33.58,7602444,254371159.98,4.464,4.8065
2025-07-15,33.62,33.62,31.22,31.27,10077686,324173365.55,5.9174,-6.8791
2025-07-16,31.18,31.72,30.7,31.4,5606961,175342571.43,3.2923,0.4157
2025-07-17,31.4,31.55,31.15,31.38,3236746,101509007.69,1.9006,-0.0637
2025-07-18,31.43,33.15,31.43,32.46,6437581,209493948.61,3.78,3.4417
2025-07-21,32.16,32.6,31.91,32.19,4253011,137144505.27,2.4973,-0.8318
2025-07-22,32.19,32.89,32.0,32.17,3788000,122471375.52,2.2242,-0.0621
2025-07-23,32.3,32.94,32.01,32.47,4490425,145971080.78,2.6367,0.9325
2025-07-24,32.48,33.23,32.2,32.55,4746168,154642871.24,2.7869,0.2464
2025-07-25,32.59,32.95,31.65,32.85,5738123,185453174.77,3.3693,0.9217
2025-07-28,33.02,33.17,32.43,32.95,5542739,181674282.31,3.2546,0.3044
2025-07-29,32.8,33.49,32.61,33.16,6297984,208021697.74,3.698,0.6373
2025-07-30,33.2,33.2,31.9,32.33,5730339,186229933.65,3.3647,-2.503
2025-07-31,32.28,33.3,31.95,32.18,6652729,216876017.93,3.9063,-0.464
2025-08-01,32.45,32.51,31.8,31.94,3739462,120021644.15,2.1957,-0.7458
2025-08-04,31.7,32.19,31.5,32.15,3634999,115965787.67,2.1344,0.6575
2025-08-05,32.27,32.99,31.83,32.58,4898652,158650168.23,2.8764,1.3375
2025-08-06,32.38,33.09,32.26,33.09,4477532,146921194.47,2.6291,1.5654
2025-08-07,33.58,36.8,33.18,36.05,14494141,512621490.91,8.5107,8.9453
2025-08-08,35.88,35.89,34.31,34.36,8596482,298504558.94,5.0477,-4.6879
2025-08-11,34.38,34.9,34.0,34.58,6008789,207031373.14,3.5282,0.6403
2025-08-12,34.32,35.24,33.68,34.96,8066546,277369715.2,4.7365,1.0989
2025-08-13,34.75,35.14,34.3,34.78,6008470,208700432.9,3.528,-0.5149
2025-08-14,34.73,35.2,33.7,33.73,6321737,217676140.1,3.712,-3.019
2025-08-15,33.8,35.23,33.78,35.12,6785986,235075738.35,3.9846,4.121
2025-08-18,36.0,36.5,35.5,35.93,6751811,242746283.39,3.9645,2.3064
2025-08-19,35.8,37.8,35.66,37.1,7745449,287690961.24,4.548,3.2563
2025-08-20,36.81,37.68,35.92,37.55,6853756,250824983.29,4.0244,1.2129
2025-08-21,37.89,37.89,36.61,37.17,5393998,199623519.25,3.1672,-1.012
2025-08-22,37.13,40.37,37.02,39.82,10920909,428253430.04,6.4125,7.1294
2025-08-25,38.8,40.5,38.1,39.11,16226170,633607893.14,9.5277,-1.783
2025-08-26,38.5,38.7,36.9,37.45,8990090,338490708.04,5.2788,-4.2444
2025-08-27,37.32,38.68,37.0,37.21,9474441,359471234.81,5.5632,-0.6409
2025-08-28,37.41,37.93,35.98,37.77,8936689,331441799.72,5.2474,1.505
2025-08-29,37.8,37.8,36.51,36.56,5993041,220657053.76,3.519,-3.2036
2025-09-01,36.8,37.58,36.78,37.32,5633313,209415519.16,3.3078,2.0788
2025-09-02,37.31,37.31,34.61,34.67,8354550,296011693.17,4.9056,-7.1008
2025-09-03,35.08,35.23,33.68,33.84,4937997,170600827.79,2.8995,-2.394
2025-09-04,33.85,34.04,31.47,32.32,6066267,199209185.03,3.562,-4.4917
2025-09-05,32.45,33.58,32.15,33.5,4349510,143214536.83,2.5539,3.651
2025-09-08,33.51,33.88,33.04,33.63,3918134,131279112.94,2.3006,0.3881
2025-09-09,33.64,33.64,32.15,32.3,3841888,125913179.58,2.2559,-3.9548
2025-09-10,32.3,32.72,31.73,32.15,3327995,107114741.96,1.9541,-0.4644
2025-09-11,32.0,33.76,31.63,33.74,5748585,189477117.56,3.3755,4.9456
2025-09-12,34.22,35.38,33.78,34.86,6570774,227976990.79,3.8582,3.3195
2025-09-15,35.2,35.57,34.5,34.55,4349851,151832118.85,2.5541,-0.8893
2025-09-16,34.5,34.62,33.87,34.45,4222276,144664476.76,2.4792,-0.2894
2025-09-17,34.45,35.5,34.34,35.05,4794713,167853186.98,2.8154,1.7417
2025-09-18,35.24,35.88,34.1,34.55,7675668,270140186.62,4.507,-1.4265
2025-09-19,34.61,35.25,33.85,34.37,4666409,161340291.18,2.74,-0.521
2025-09-22,34.3,34.9,34.03,34.75,4012005,138618481.44,2.3558,1.1056
2025-09-23,35.1,37.41,33.58,37.09,13093224,465868044.65,7.6881,6.7338
2025-09-24,37.2,44.51,37.2,44.51,21109937,898924767.0,12.3953,20.0054
2025-09-25,48.96,48.96,45.43,46.53,32841212,1551227500.35,19.2837,4.5383
2025-09-26,46.91,47.84,44.73,45.3,20603379,953171697.62,12.0979,-2.6435
2025-09-29,45.59,46.45,44.66,45.2,13689780,618995540.36,8.0384,-0.2208
2025-09-30,45.72,52.86,45.5,50.77,23092980,1134988993.31,13.5597,12.323
2025-10-09,52.27,54.62,50.13,50.55,19034689,990725211.81,11.1768,-0.4333
2025-10-10,49.3,50.38,47.38,49.02,12564304,616102239.58,7.3775,-3.0267
2025-10-13,46.13,50.97,46.13,49.82,14202024,701461801.63,8.3391,1.632
2025-10-14,50.83,53.7,48.6,48.84,15516393,792500827.24,9.1109,-1.9671
2025-10-15,48.95,50.0,46.5,48.38,10451269,499806520.58,6.1368,-0.9419
2025-10-16,47.89,51.6,47.6,49.57,12703491,627122983.0,7.4592,2.4597
2025-10-17,49.5,49.56,45.39,45.39,11193228,522286554.89,6.5724,-8.4325
2025-10-20,46.0,46.71,44.89,45.11,6697752,306441341.62,3.9328,-0.6169
2025-10-21,45.76,46.96,45.16,46.19,6602587,305314537.65,3.8769,2.3941
2025-10-22,45.46,46.2,44.6,45.7,5006230,227379850.32,2.9396,-1.0608
2025-10-23,45.44,45.44,42.05,43.72,7126875,309190104.72,4.1848,-4.3326
2025-10-24,44.3,51.85,44.07,51.3,16550405,808997684.78,9.7181,17.3376
2025-10-27,48.95,50.7,48.31,50.17,15558411,768797904.65,9.1356,-2.2027
2025-10-28,48.86,54.68,48.83,52.38,16022077,838464808.45,9.4078,4.405
2025-10-29,51.86,55.5,51.39,51.78,12256647,648132874.12,7.1968,-1.1455
2025-10-30,52.3,55.52,51.6,55.07,16505227,887015787.8,9.6915,6.3538
2025-10-31,53.8,56.45,52.09,52.78,12022611,644641625.07,7.0594,-4.1583
2025-11-03,51.8,51.8,48.8,51.24,9633344,483160399.37,5.6565,-2.9178
2025-11-04,51.77,52.5,49.8,49.9,6661156,338962620.87,3.9113,-2.6151
2025-11-05,45.84,48.61,45.84,48.08,8621121,408523332.33,5.0621,-3.6473
2025-11-06,49.1,50.07,47.45,49.27,8650173,422568839.67,5.0792,2.475
2025-11-07,49.0,50.99,47.9,50.99,9448705,467919551.49,5.5481,3.491
2025-11-10,59.0,61.19,59.0,61.19,11473582,699638621.6,6.737,20.0039
2025-11-11,71.0,73.43,69.0,73.43,22688460,1647290081.68,13.3222,20.0033
2025-11-12,70.38,74.06,66.66,71.87,26748001,1882427041.13,15.7059,-2.1245
2025-11-13,71.7,84.66,70.2,78.2,27435676,2123840400.49,16.1097,8.8076
2025-11-14,73.51,73.98,69.18,70.38,18202405,1302171044.02,10.6881,-10.0
2025-11-17,72.5,77.7,71.08,75.0,20572695,1524405621.49,12.0799,6.5644
2025-11-18,75.29,75.7,69.75,70.41,13953632,992156860.96,8.1933,-6.12
2025-11-19,70.17,73.9,70.0,70.56,12529169,900813579.95,7.3569,0.213
2025-11-20,72.5,72.68,65.7,66.33,12479873,841175931.24,7.3279,-5.9949
2025-11-21,61.3,63.37,58.0,59.29,12906887,780674403.37,7.5787,-10.6136
2025-11-24,60.0,65.59,59.38,63.37,12385309,777943674.84,7.2724,6.8814
2025-11-25,67.0,73.0,65.2,71.45,16641335,1148593053.46,9.7714,12.7505
2025-11-26,69.32,70.48,67.21,67.95,14481893,994149581.6,8.5035,-4.8985
2025-11-27,69.21,69.79,65.0,66.04,10468413,707004118.17,6.1468,-2.8109
2025-11-28,66.06,72.0,65.16,68.62,15992087,1101551284.69,9.3902,3.9067
2025-12-01,69.07,69.59,65.23,66.0,11058180,732101068.09,6.4931,-3.8181
2025-12-02,65.58,66.54,63.88,64.17,7640477,492826437.63,4.4863,-2.7727
2025-12-03,64.17,64.17,61.58,61.87,6617143,414402610.31,3.8854,-3.5842
2025-12-04,62.48,63.52,60.97,62.0,7405978,460203286.87,4.3486,0.2101
2025-12-05,62.28,62.97,60.56,62.2,7052518,435464206.01,4.1411,0.3226
2025-12-08,62.09,70.48,61.71,67.62,16384814,1069710975.7,9.6208,8.7138
2025-12-09,66.66,68.68,65.2,65.56,11587286,772240291.49,6.8038,-3.0464
2025-12-10,65.41,65.79,61.95,64.79,9267784,591032380.09,5.4419,-1.1745
2025-12-11,68.0,68.37,63.48,63.9,9875129,642269654.85,5.7985,-1.3737
2025-12-12,63.06,67.4,61.52,66.47,12690611,819707082.61,7.4517,4.0219
2025-12-15,64.0,69.18,64.0,66.88,10665524,718538681.24,6.2626,0.6168
2025-12-16,64.0,64.8,59.14,61.57,12800572,783275060.23,7.5162,-7.9396
2025-12-17,61.22,63.97,59.82,62.86,8082814,498570211.37,4.7461,2.0952
2025-12-18,64.12,70.9,63.0,67.07,13929061,942863335.23,8.1789,6.6974
2025-12-19,69.51,69.64,61.0,61.29,15527095,986876818.08,9.1172,-8.6179
2025-12-22,61.66,68.57,61.66,66.19,15007698,979281226.14,8.8122,7.9948
2025-12-23,66.12,71.71,64.94,70.64,13979178,954825347.91,8.2083,6.7231
2025-12-24,70.91,75.4,69.85,72.28,13729995,990891222.5,8.062,2.3216
2025-12-25,71.7,73.49,70.18,71.99,7743046,554505920.61,4.5466,-0.4012
2025-12-26,70.6,74.3,69.8,70.43,8283230,592398835.8,4.8637,-2.167
2025-12-29,69.18,71.12,68.43,69.58,5827011,404255180.19,3.4215,-1.2069
2025-12-30,68.56,75.7,68.56,73.31,10686978,778161644.81,6.2752,5.3607
2025-12-31,76.66,76.66,69.72,70.03,8671301,620094116.66,5.0916,-4.4742
2026-01-05,71.65,76.3,71.63,74.56,11220021,831574463.12,6.5882,6.4687
2026-01-06,74.02,77.19,72.5,73.91,10833778,804230882.94,6.3614,-0.8718
2026-01-07,79.0,83.6,75.93,82.0,18772603,1490987418.78,11.0229,10.9457
2026-01-08,79.52,82.18,77.7,82.02,12639562,998972732.59,7.4217,0.0244
2026-01-09,79.11,81.9,78.3,80.08,7986273,638682272.9,4.6894,-2.3653
2026-01-12,80.07,80.55,76.16,76.94,11930336,921253099.67,7.0052,-3.9211
2026-01-13,76.5,76.5,70.28,71.29,10374502,749106383.34,6.0917,-7.3434
2026-01-14,71.29,73.58,70.45,70.91,7423192,534160575.45,4.3587,-0.533
2026-01-15,69.5,74.0,68.99,73.39,7388662,528787021.67,4.3385,3.4974
2026-01-16,74.28,81.0,73.6,79.95,13221433,1025790337.69,7.7634,8.9385
2026-01-19,80.0,82.8,78.53,80.17,9530439,765163914.39,5.5961,0.2752
2026-01-20,79.2,91.99,79.2,86.58,15982512,1373235545.29,9.3846,7.9955
2026-01-21,85.62,89.85,85.52,87.09,10803517,943135599.39,6.3436,0.5891
2026-01-22,89.26,92.23,86.8,91.0,10833265,972776911.49,6.3611,4.4896
2026-01-23,88.88,89.99,84.51,88.6,9584185,829483939.99,5.6276,-2.6374
2026-01-26,88.65,91.0,84.0,90.05,9157023,804382504.53,5.3768,1.6366
2026-01-27,89.0,103.0,88.02,100.89,13145196,1246449315.5,7.7186,12.0378
2026-01-28,99.0,108.97,97.15,106.78,11428766,1191799126.72,6.7107,5.838
2026-01-29,108.0,108.46,97.42,99.47,11204221,1139107360.49,6.5789,-6.8459
2026-01-30,98.48,101.97,95.58,98.32,9171561,906753060.37,5.3854,-1.1561
2026-02-02,94.59,95.99,89.68,89.83,7921881,730678676.45,4.6516,-8.6351
2026-02-03,92.99,95.85,89.81,95.0,7800722,724153575.42,4.5804,5.7553
2026-02-04,92.5,93.64,89.01,92.7,6639148,605672193.01,3.8984,-2.4211
2026-02-05,88.0,91.85,87.51,90.26,5818899,522049538.56,3.4167,-2.6321
2026-02-06,88.0,90.2,86.5,86.64,5883562,518579511.24,3.4547,-4.0106
2026-02-09,89.0,90.1,86.78,89.98,7335327,648216900.87,4.3072,3.855
2026-02-10,89.2,90.2,85.0,86.12,6431232,556965485.28,3.7763,-4.2898
2026-02-11,85.94,86.14,82.3,82.96,6739572,563854005.48,3.9573,-3.6693
2026-02-12,84.99,85.76,83.21,83.86,4626686,389711053.16,2.7167,1.0849
2026-02-13,83.9,86.5,82.6,84.15,5484351,466211123.7,3.2203,0.3458
2026-02-24,85.57,87.3,82.0,85.46,5111420,436734153.43,3.0013,1.5567
2026-02-25,85.8,89.3,83.08,87.86,6917268,602953898.63,4.0617,2.8083
2026-02-26,89.0,93.88,87.33,93.81,8257258,748651530.81,4.8485,6.7721
2026-02-27,91.17,94.66,89.55,93.68,5512285,511149179.61,3.2367,-0.1386
2026-03-02,91.65,93.6,87.58,87.7,6197563,554741405.87,3.6391,-6.3834
2026-03-03,87.47,89.77,78.85,79.5,8249926,684087570.85,4.8442,-9.3501
2026-03-04,79.53,83.96,79.5,81.87,5444188,446446705.65,3.1967,2.9811
2026-03-05,84.7,85.21,80.76,81.73,5017798,417794725.14,2.9463,-0.171
2026-03-06,80.51,83.48,80.51,82.5,3350478,275792119.37,1.9673,0.9421
2026-03-09,77.0,80.0,75.36,79.4,5541424,428325419.72,3.2538,-3.7576
2026-03-10,81.5,83.0,80.1,82.65,4233187,345586730.59,2.4856,4.0932
2026-03-11,83.0,83.15,78.9,79.0,5771553,463945488.9,3.3889,-4.4162
2026-03-12,78.45,79.98,76.69,78.0,3955849,308798192.06,2.3228,-1.2658
2026-03-13,77.0,78.98,76.08,76.17,3993986,309062146.52,2.3452,-2.3462
2026-03-16,76.87,80.45,75.36,79.2,5247713,411314051.51,3.0813,3.9779
2026-03-17,80.3,80.3,75.7,75.72,3364599,261116689.95,1.9756,-4.3939
2026-03-18,76.5,79.9,76.5,79.42,4810332,376154740.48,2.8245,4.8864
2026-03-19,77.03,78.3,75.15,75.6,4858633,371592481.89,2.8529,-4.8099
2026-03-20,75.0,78.8,74.89,74.89,4772549,366893629.0,2.8023,-0.9392
2026-03-23,72.9,74.37,69.62,70.2,4694754,337346301.14,2.7567,-6.2625
2026-03-24,71.53,71.88,68.01,71.6,5763281,403055258.06,3.3841,1.9943
2026-03-25,72.03,74.3,70.7,72.27,5238516,379858944.4,3.0759,0.9358
2026-03-26,71.5,72.1,70.15,70.5,3452748,245202913.46,2.0274,-2.4491
