日期,开盘,最高,最低,收盘,成交量,成交额,换手率,涨跌幅
2019-01-02,3.88,3.9,3.81,3.84,14953080,57396263.35,0.615447,-1.030933
2019-01-03,3.83,3.92,3.81,3.87,17169316,66370738.92,0.706664,0.781249
2019-01-04,3.81,3.97,3.79,3.96,25907908,101447353.71,1.066331,2.325585
2019-01-07,3.98,4.11,3.96,4.1,39171193,158604968.31,1.612228,3.53535
2019-01-08,4.09,4.09,4.03,4.04,25716540,104219426.39,1.058455,-1.463413
2019-01-09,4.06,4.11,4.02,4.03,24345920,99044423.84,1.002042,-0.247519
2019-01-10,4.03,4.04,3.95,3.97,24181863,96714323.87,0.99529,-1.488838
2019-01-11,3.96,4.09,3.95,4.06,39619298,160279000.14,1.630672,2.267
2019-01-14,4.05,4.14,4.04,4.05,32390425,132207323.04,1.333142,-0.246299
2019-01-15,4.04,4.07,4.0,4.07,21470827,86768512.11,0.883707,0.493827
2019-01-16,4.07,4.13,4.03,4.1,35156954,143600147.34,1.447008,0.737094
2019-01-17,4.09,4.18,4.03,4.08,48797669,200738291.47,2.00844,-0.487804
2019-01-18,4.07,4.45,4.06,4.27,107937584,461693968.17,4.442551,4.656864
2019-01-21,4.29,4.37,4.23,4.37,79201843,340614768.54,3.25983,2.341918
2019-01-22,4.32,4.37,4.19,4.19,56520191,240567741.72,2.326287,-4.118989
2019-01-23,4.17,4.31,4.13,4.3,53780847,228733410.46,2.21354,2.625301
2019-01-24,4.28,4.32,4.19,4.24,40867794,173199795.96,1.682058,-1.395359
2019-01-25,4.22,4.24,4.11,4.13,40430440,168959473.65,1.664057,-2.594332
2019-01-28,4.16,4.19,4.08,4.11,23940466,99077984.86,0.985354,-0.484261
2019-01-29,4.08,4.09,3.92,3.98,43398792,172955766.92,1.78623,-3.16302
2019-01-30,3.96,4.0,3.92,3.92,21462362,84977114.12,0.883359,-1.507536
2019-01-31,3.95,3.98,3.53,3.53,90064107,326756973.74,3.706905,-9.948982
2019-02-01,3.52,3.64,3.52,3.62,37364985,133988922.41,1.537887,2.549573
2019-02-11,3.64,3.78,3.63,3.76,33152111,123509281.64,1.364492,3.867406
2019-02-12,3.76,3.87,3.75,3.83,30979497,118225059.2,1.27507,1.8617
2019-02-13,3.82,3.97,3.79,3.92,48519551,188950589.88,1.996993,2.349874
2019-02-14,3.92,3.95,3.87,3.9,25800483,100812882.67,1.06191,-0.510204
2019-02-15,3.87,3.95,3.85,3.86,34433493,133954155.1,1.417231,-1.025646
2019-02-18,3.88,4.02,3.88,4.0,45541640,179991583.78,1.874426,3.626946
2019-02-19,4.01,4.1,3.93,4.01,49509931,198493134.48,2.037755,0.250006
2019-02-20,4.0,4.19,3.99,4.09,66302423,271673644.93,2.728909,1.99501
2019-02-21,4.1,4.16,4.05,4.1,57836892,237056266.06,2.380481,0.244493
2019-02-22,4.09,4.15,4.05,4.14,51916603,212876271.96,2.13681,0.975609
2019-02-25,4.19,4.5,4.16,4.5,135319391,591705599.43,5.569545,8.695655
2019-02-26,4.51,4.8,4.4,4.61,160876661,745398868.01,6.621445,2.444447
2019-02-27,4.61,4.69,4.49,4.55,98265607,449261732.49,4.044467,-1.301517
2019-02-28,4.55,4.74,4.54,4.59,90300374,417186776.93,3.716629,0.87912
2019-03-01,4.61,4.64,4.51,4.59,54422062,248639380.81,2.239931,0.0
2019-03-04,4.64,4.88,4.59,4.77,127716556,605223867.81,5.256624,3.921565
2019-03-05,4.73,5.16,4.69,5.11,165324393,823349190.45,6.804507,7.127885
2019-03-06,5.25,5.26,4.97,5.14,178881907,911757121.73,7.362514,0.587079
2019-03-07,5.1,5.65,5.07,5.56,207440320,1116968565.28,8.537936,8.171208
2019-03-08,5.25,5.48,5.0,5.02,156837863,825981004.8,6.455214,-9.71223
2019-03-11,5.01,5.18,5.0,5.14,89985770,458777837.25,3.703681,2.390436
2019-03-12,5.17,5.28,5.05,5.14,97140322,502162904.59,3.998152,0.0
2019-03-13,5.15,5.18,4.9,4.94,83831255,422525908.4,3.45037,-3.891047
2019-03-14,4.94,5.11,4.78,4.88,73609954,363712785.7,3.029676,-1.214574
2019-03-15,4.88,4.97,4.82,4.92,56845688,279279359.09,2.339684,0.819671
2019-03-18,4.97,5.08,4.93,5.03,74715011,373724110.37,3.075159,2.235775
2019-03-19,5.04,5.06,4.92,4.99,59106136,294518920.71,2.432721,-0.795237
2019-03-20,4.99,5.2,4.96,5.18,107050428,543444964.82,4.406037,3.807617
2019-03-21,5.19,5.27,5.08,5.15,88376223,456348942.06,3.637434,-0.579145
2019-03-22,5.11,5.12,4.98,5.06,65749890,330994334.82,2.706168,-1.747576
2019-03-25,4.95,5.0,4.84,4.84,79135381,388625176.46,3.257095,-4.347822
2019-03-26,4.88,4.92,4.71,4.73,46083197,221953451.87,1.896729,-2.27273
2019-03-27,4.78,4.8,4.69,4.75,36329431,171932931.86,1.495276,0.422833
2019-03-28,4.72,4.79,4.65,4.7,36535331,172326099.12,1.50375,-1.052636
2019-03-29,4.7,4.91,4.7,4.88,51988873,250797098.08,2.139799,3.829794
2019-04-01,5.03,5.37,5.01,5.37,127212917,668392518.68,5.23593,10.04098
2019-04-02,5.58,5.65,5.21,5.49,239421726,1297903920.04,9.854309,2.234635
2019-04-03,5.44,5.64,5.34,5.6,143754196,790770209.91,5.916749,2.003645
2019-04-04,5.92,6.16,5.68,5.73,187242141,1102890914.13,7.70666,2.321431
2019-04-08,5.89,6.3,5.84,6.18,279508768,1716354827.02,11.504243,7.8534
2019-04-09,5.99,5.99,5.6,5.77,183067844,1059433866.58,7.534851,-6.634302
2019-04-10,5.67,5.85,5.53,5.72,104625635,591382821.95,4.306265,-0.866554
2019-04-11,5.7,5.77,5.56,5.6,72291027,409043129.26,2.975411,-2.0979
2019-04-12,5.59,5.63,5.37,5.49,70119750,384788771.91,2.886044,-1.964288
2019-04-15,5.68,5.88,5.51,5.53,120620905,687550728.39,4.964611,0.728605
2019-04-16,5.45,6.07,5.41,5.94,188097383,1102233987.17,7.741861,7.414102
2019-04-17,5.86,6.16,5.78,6.06,151445962,908041888.49,6.233333,2.0202
2019-04-18,6.1,6.29,5.93,5.98,127001364,772695932.98,5.227223,-1.320131
2019-04-19,5.93,6.06,5.73,6.0,92013572,543204985.99,3.787168,0.334448
2019-04-22,6.01,6.03,5.67,5.71,100846445,583034142.31,4.150718,-4.833333
2019-04-23,5.73,5.84,5.61,5.81,75243680,432341244.65,3.096939,1.751312
2019-04-24,5.74,5.83,5.65,5.77,66020584,379226026.55,2.717328,-0.688468
2019-04-25,5.79,5.94,5.59,5.59,79231265,457107280.3,3.261063,-3.119581
2019-04-26,5.5,5.55,5.22,5.29,91826935,492621693.04,3.779486,-5.36673
2019-04-29,5.31,5.33,5.06,5.17,57015492,297105257.54,2.346689,-2.268429
2019-04-30,5.16,5.33,5.11,5.24,43428995,227337301.2,1.787485,1.353959
2019-05-06,4.95,4.96,4.72,4.72,78073018,375147005.35,3.213391,-9.923664
2019-05-07,4.75,4.77,4.46,4.62,78280600,361609957.73,3.221935,-2.118642
2019-05-08,4.49,4.61,4.41,4.51,48427043,218802021.69,1.993199,-2.380945
2019-05-09,4.43,4.56,4.41,4.47,38018984,170592004.54,1.564815,-0.886928
2019-05-10,4.55,4.68,4.41,4.67,62684120,287197661.09,2.580003,4.47428
2019-05-13,4.58,4.64,4.52,4.54,39072106,179021215.35,1.608161,-2.783728
2019-05-14,4.45,4.64,4.43,4.56,39211803,179473764.01,1.61391,0.440528
2019-05-15,4.68,4.82,4.64,4.75,62463303,295831734.48,2.570914,4.166668
2019-05-16,4.77,5.1,4.77,4.98,93155643,462185776.67,3.834174,4.842105
2019-05-17,4.94,4.96,4.64,4.67,71520089,343140752.38,2.943681,-6.224898
2019-05-20,4.67,4.78,4.47,4.75,58349906,270772897.75,2.401612,1.71306
2019-05-21,4.71,4.95,4.67,4.87,64508488,311769627.52,2.655091,2.526314
2019-05-22,4.84,4.87,4.7,4.73,50627361,241185728.68,2.083761,-2.874741
2019-05-23,4.69,4.72,4.58,4.61,39056143,181286535.86,1.607504,-2.536995
2019-05-24,4.6,4.76,4.6,4.62,38959349,182004325.77,1.60352,0.216914
2019-05-27,4.71,4.98,4.63,4.87,69318202,332535351.0,2.853053,5.411255
2019-05-28,4.82,4.89,4.73,4.77,55600795,267693026.63,2.288462,-2.053386
2019-05-29,4.78,4.91,4.77,4.79,52120800,252015097.55,2.145229,0.419287
2019-05-30,4.75,4.9,4.68,4.89,71444280,344174686.06,2.94056,2.087681
2019-05-31,4.85,4.91,4.79,4.8,50946657,246864219.12,2.096903,-1.840484
2019-06-03,4.78,4.81,4.65,4.66,46403142,218206193.2,1.909897,-2.916674
2019-06-04,4.69,4.74,4.56,4.61,30402845,140901932.41,1.251344,-1.072955
2019-06-05,4.65,4.68,4.6,4.6,25800831,119579145.18,1.061931,-0.216925
2019-06-06,4.55,4.6,4.48,4.49,25050700,113530659.66,1.031057,-2.391307
2019-06-10,4.51,4.59,4.46,4.54,24594648,111495501.28,1.012286,1.11359
2019-06-11,4.54,4.76,4.51,4.74,47949362,224479511.13,1.973538,4.405282
2019-06-12,4.72,4.87,4.7,4.73,54754511,262302553.76,2.25363,-0.210965
2019-06-13,4.73,4.79,4.7,4.75,29237269,138816178.72,1.203371,0.422833
2019-06-14,4.77,4.84,4.62,4.63,44063766,208490051.96,1.813611,-2.526314
2019-06-17,4.67,4.79,4.6,4.74,38140312,180688130.83,1.569809,2.375803
2019-06-18,4.73,4.74,4.65,4.69,22358762,104822728.99,0.92026,-1.054846
2019-06-19,4.82,4.86,4.74,4.76,40373190,193318412.91,1.661712,1.492541
2019-06-20,4.78,4.95,4.74,4.9,62196987,301524201.78,2.559953,2.941174
2019-06-21,4.9,5.02,4.86,4.9,63639710,313496518.08,2.619334,0.0
2019-06-24,4.87,5.01,4.85,4.92,46164273,227615648.15,1.900066,0.408163
2019-06-25,4.93,4.98,4.82,4.96,51289220,251691846.07,2.111002,0.813007
2019-06-26,4.92,4.95,4.81,4.82,37652155,183717402.72,1.549717,-2.822578
2019-06-27,4.84,4.91,4.82,4.84,28006622,136054522.79,1.152719,0.414937
2019-06-28,4.83,4.83,4.62,4.69,46761487,220072470.57,1.924646,-3.099175
2019-07-01,4.8,4.84,4.75,4.84,36737744,176332318.51,1.512081,3.198296
2019-07-02,4.83,4.87,4.76,4.83,32761739,157964763.11,1.348434,-0.206616
2019-07-03,4.83,4.83,4.72,4.73,25754660,122407100.25,1.060031,-2.070391
2019-07-04,4.76,4.79,4.69,4.72,22211840,105321120.02,0.914213,-0.211421
2019-07-05,4.74,4.77,4.68,4.71,19094264,90091637.23,0.785897,-0.211859
2019-07-08,4.73,4.73,4.51,4.52,35993894,164243586.73,1.481465,-4.033972
2019-07-09,4.52,4.54,4.43,4.48,29491550,131895504.5,1.213837,-0.884955
2019-07-10,4.49,4.5,4.42,4.44,19424689,86493242.96,0.799497,-0.892856
2019-07-11,4.5,4.59,4.45,4.53,31035852,140833733.69,1.277398,2.02703
2019-07-12,4.52,4.55,4.47,4.53,16249454,73432309.45,0.668808,0.0
2019-07-15,4.62,4.69,4.58,4.65,39064175,181451688.2,1.607834,2.649004
2019-07-16,4.62,4.74,4.62,4.66,28821038,134626722.18,1.186239,0.215048
2019-07-17,4.64,4.68,4.62,4.64,21952838,102105088.14,0.903552,-0.429184
2019-07-18,4.65,4.71,4.63,4.64,25118712,117254374.8,1.033856,0.0
2019-07-19,4.7,4.86,4.68,4.81,59287469,283698405.76,2.440201,3.663795
2019-07-22,4.75,4.88,4.65,4.77,48731807,232762791.83,2.005742,-0.8316
2019-07-23,4.76,4.78,4.67,4.73,29506556,139044157.2,1.214454,-0.838574
2019-07-24,4.73,4.79,4.68,4.73,38099809,180126038.48,1.568142,0.0
2019-07-25,4.71,4.72,4.63,4.68,27464306,127968424.35,1.130398,-1.057086
2019-07-26,4.66,4.69,4.6,4.64,20397851,94658706.22,0.8396,-0.8547
2019-07-29,4.61,4.63,4.56,4.6,18071175,83084938.76,0.743788,-0.862068
2019-07-30,4.6,4.7,4.6,4.66,25116095,117228295.21,1.0337,1.3043
2019-07-31,4.66,4.66,4.57,4.62,18375487,84696448.28,0.7563,-0.8584
2019-08-01,4.58,4.62,4.52,4.57,18058709,82560883.38,0.7433,-1.0822
2019-08-02,4.48,4.52,4.43,4.49,24856805,111333705.02,1.0231,-1.7506
2019-08-05,4.49,4.57,4.47,4.49,19250721,87112701.91,0.7923,0.0
2019-08-06,4.4,4.45,4.19,4.33,35461277,153507496.24,1.4595,-3.5635
2019-08-07,4.35,4.51,4.35,4.46,32493099,144620460.79,1.3374,3.0023
2019-08-08,4.48,4.53,4.43,4.43,22856297,102144947.47,0.9407,-0.6727
2019-08-09,4.49,4.5,4.36,4.36,19432024,86353944.86,0.7998,-1.5801
2019-08-12,4.36,4.47,4.33,4.47,14390027,63338409.26,0.5923,2.5229
2019-08-13,4.42,4.53,4.42,4.47,18348897,82118368.19,0.7552,0.0
2019-08-14,4.54,4.54,4.43,4.5,18921618,84905437.36,0.7788,0.6711
2019-08-15,4.4,4.55,4.36,4.52,27329080,122138701.37,1.1248,0.4444
2019-08-16,4.55,4.65,4.52,4.58,26683252,122609508.42,1.0983,1.3274
2019-08-19,4.63,4.75,4.58,4.73,38582401,179979825.85,1.588,3.2751
2019-08-20,4.79,5.2,4.79,5.04,155118737,783166539.11,6.3845,6.5539
2019-08-21,4.97,5.17,4.96,5.09,94833936,483513528.94,3.9033,0.9921
2019-08-22,5.11,5.2,5.07,5.17,63401663,326526732.6,2.6095,1.5717
2019-08-23,5.18,5.24,5.11,5.12,36364967,187600227.83,1.4967,-0.9671
2019-08-26,5.03,5.32,5.03,5.13,73212865,379088736.52,3.0134,0.1953
2019-08-27,5.17,5.27,5.11,5.14,49861341,257499817.09,2.0522,0.1949
2019-08-28,5.11,5.15,5.04,5.08,33219189,168910802.74,1.3673,-1.1673
2019-08-29,5.09,5.13,4.95,4.97,49622907,249624402.32,2.0424,-2.1654
2019-08-30,5.06,5.11,4.96,4.98,38345575,193140904.79,1.5783,0.2012
2019-09-02,4.98,5.07,4.95,5.04,38012274,190836583.58,1.5645,1.2048
2019-09-03,5.05,5.05,4.9,4.98,45833320,227792239.48,1.8864,-1.1905
2019-09-04,5.05,5.31,5.03,5.22,87695472,454857395.11,3.6094,4.8193
2019-09-05,5.25,5.45,5.2,5.39,84241789,450916987.32,3.4673,3.2567
2019-09-06,5.38,5.43,5.28,5.34,41599111,221834761.16,1.7122,-0.9276
2019-09-09,5.35,5.5,5.21,5.36,91187618,487105152.64,3.7532,0.3745
2019-09-10,5.3,5.41,5.26,5.27,49915570,264683902.47,2.0545,-1.6791
2019-09-11,5.28,5.33,5.25,5.27,29858861,157810230.19,1.229,0.0
2019-09-12,5.29,5.34,5.25,5.29,28993516,153580095.06,1.1933,0.3795
2019-09-16,5.34,5.41,5.17,5.2,47125207,248563458.04,1.9396,-1.7013
2019-09-17,5.2,5.21,4.99,5.01,51904749,262936651.94,2.1363,-3.6538
2019-09-18,5.01,5.05,4.95,4.96,24224130,120771262.37,0.997,-0.998
2019-09-19,4.96,5.02,4.91,4.99,35002640,173446130.37,1.4407,0.6048
2019-09-20,4.99,4.99,4.86,4.91,43295060,212166854.68,1.782,-1.6032
2019-09-23,4.88,4.88,4.74,4.78,41393176,198119744.6,1.7037,-2.6477
2019-09-24,4.78,4.88,4.74,4.87,70824262,340615226.34,2.915,1.8828
2019-09-25,4.81,4.81,4.68,4.74,61053473,289254893.84,2.5129,-2.6694
2019-09-26,4.72,4.73,4.55,4.55,50840388,235624746.78,2.0925,-4.0084
2019-09-27,4.55,4.61,4.51,4.57,35740906,163428129.95,1.471,0.4396
2019-09-30,4.57,4.59,4.5,4.5,25856703,117355757.72,1.0642,-1.5317
2019-10-08,4.53,4.6,4.51,4.55,21227489,96733038.29,0.8737,1.1111
2019-10-09,4.55,4.63,4.49,4.63,20040135,91834926.72,0.8248,1.7582
2019-10-10,4.63,4.73,4.62,4.67,28318897,132525765.52,1.1656,0.8639
2019-10-11,4.69,4.75,4.62,4.72,30718477,144344887.36,1.2643,1.0707
2019-10-14,4.74,4.8,4.7,4.75,34474162,163762917.4,1.4189,0.6356
2019-10-15,4.75,4.76,4.66,4.7,24980719,117491033.85,1.0282,-1.0526
2019-10-16,4.71,4.74,4.65,4.65,17469202,81961747.67,0.719,-1.0638
2019-10-17,4.65,4.75,4.65,4.74,27527571,129481813.38,1.133,1.9355
2019-10-18,4.74,4.75,4.51,4.52,36980544,169767512.36,1.5221,-4.6413
2019-10-21,4.52,4.56,4.46,4.54,15952347,71909545.22,0.6566,0.4425
2019-10-22,4.54,4.59,4.51,4.56,15062452,68544570.59,0.62,0.4405
2019-10-23,4.55,4.56,4.46,4.49,18218487,81973594.94,0.7498,-1.5351
2019-10-24,4.49,4.54,4.46,4.52,15265587,68798987.16,0.6283,0.6682
2019-10-25,4.5,4.54,4.45,4.54,14760086,66500614.92,0.6075,0.4425
2019-10-28,4.53,4.58,4.51,4.56,31075624,141250778.12,1.279,0.4405
2019-10-29,4.55,4.56,4.47,4.47,26638283,119674135.01,1.0964,-1.9737
2019-10-30,4.44,4.52,4.43,4.5,17929412,80286823.7,0.738,0.6711
2019-10-31,4.5,4.5,4.39,4.39,22062352,97800126.4,0.9081,-2.4444
2019-11-01,4.4,4.48,4.39,4.46,22005342,98006044.32,0.9057,1.5945
2019-11-04,4.5,4.58,4.49,4.55,27415698,124651111.1,1.1284,2.0179
2019-11-05,4.56,4.67,4.56,4.63,29766350,137254269.95,1.2251,1.7582
2019-11-06,4.63,4.64,4.53,4.55,21026174,96423109.22,0.8654,-1.7279
2019-11-07,4.57,4.64,4.54,4.57,18270950,83727964.59,0.752,0.4396
2019-11-08,4.61,4.65,4.56,4.58,21328317,98419187.79,0.8778,0.2188
2019-11-11,4.59,4.59,4.41,4.41,25863294,115194947.3,1.0645,-3.7118
2019-11-12,4.41,4.47,4.39,4.46,15927677,70492636.92,0.6556,1.1338
2019-11-13,4.46,4.47,4.4,4.42,13242449,58725693.33,0.545,-0.8969
2019-11-14,4.4,4.45,4.4,4.41,9357556,41344312.07,0.3851,-0.2262
2019-11-15,4.41,4.43,4.35,4.35,13315919,58461946.4,0.5481,-1.3605
2019-11-18,4.35,4.41,4.3,4.39,13816092,60220648.23,0.5687,0.9195
2019-11-19,4.37,4.45,4.36,4.45,14027240,62065459.18,0.5773,1.3667
2019-11-20,4.45,4.5,4.42,4.46,14922767,66774864.21,0.6142,0.2247
2019-11-21,4.45,4.46,4.39,4.43,11522491,51006495.25,0.4742,-0.6727
2019-11-22,4.44,4.53,4.43,4.45,16131246,72189064.41,0.6188,0.4515
2019-11-25,4.45,4.73,4.45,4.73,67560714,314172932.06,2.5918,6.2921
2019-11-26,4.69,4.7,4.56,4.57,36759937,169417913.04,1.4102,-3.3827
2019-11-27,4.56,4.57,4.5,4.52,26713468,120959060.43,1.0248,-1.0941
2019-11-28,4.5,4.52,4.43,4.44,28930397,129168138.69,1.1099,-1.7699
2019-11-29,4.46,4.46,4.4,4.45,13705789,60690812.1,0.5258,0.2252
2019-12-02,4.46,4.51,4.44,4.5,16607982,74404194.79,0.6371,1.1236
2019-12-03,4.49,4.54,4.47,4.53,12971399,58492126.06,0.4976,0.6667
2019-12-04,4.49,4.56,4.48,4.54,17631993,79728994.93,0.6764,0.2207
2019-12-05,4.55,4.56,4.5,4.53,16511971,74716189.88,0.6334,-0.2203
2019-12-06,4.52,4.54,4.49,4.53,14938453,67411309.12,0.5731,0.0
2019-12-09,4.54,4.6,4.52,4.58,26818318,122724664.2,1.0288,1.1037
2019-12-10,4.59,4.75,4.58,4.66,40680090,190270800.09,1.5606,1.7467
2019-12-11,4.65,4.69,4.58,4.66,27299557,126623885.48,1.0473,0.0
2019-12-12,4.66,4.68,4.57,4.58,19940779,92103921.33,0.765,-1.7167
2019-12-13,4.64,4.72,4.63,4.69,34817010,162860910.11,1.3357,2.4017
2019-12-16,4.72,4.82,4.69,4.82,48381606,230488636.82,1.8561,2.7719
2019-12-17,4.82,5.05,4.82,4.99,80505901,401114493.31,3.0884,3.527
2019-12-18,4.97,5.19,4.95,5.09,71747564,365826599.48,2.7524,2.004
2019-12-19,5.13,5.17,5.07,5.14,49220617,252118979.53,1.8882,0.9823
2019-12-20,5.17,5.28,5.12,5.12,57360320,297606766.68,2.2005,-0.3891
2019-12-23,5.1,5.18,4.99,5.01,43450430,220931045.56,1.6669,-2.1484
2019-12-24,5.04,5.3,5.03,5.25,65085282,337816305.35,2.4969,4.7904
2019-12-25,5.25,5.27,5.16,5.18,33799979,175839785.07,1.2967,-1.3333
2019-12-26,5.14,5.2,5.07,5.15,45569868,233454810.86,1.7482,-0.5791
2019-12-27,5.14,5.44,5.07,5.25,97628265,514165089.42,3.7453,1.9417
2019-12-30,5.19,5.3,5.08,5.19,86548822,446930095.36,3.3203,-1.1429
2019-12-31,5.15,5.17,5.06,5.14,45445829,232245459.82,1.7434,-0.9634
2020-01-02,5.17,5.32,5.12,5.24,72835188,381084843.75,2.7942,1.9455
2020-01-03,5.21,5.33,5.15,5.19,56386143,294537434.37,2.1631,-0.9542
2020-01-06,5.15,5.4,5.08,5.3,82456207,435583332.98,3.1633,2.1195
2020-01-07,5.31,5.51,5.29,5.39,71956071,388005537.95,2.7604,1.6981
2020-01-08,5.35,5.41,5.1,5.14,75931705,395728635.33,2.913,-4.6382
2020-01-09,5.2,5.22,5.09,5.18,46038645,237401821.27,1.7662,0.7782
2020-01-10,5.18,5.39,5.16,5.28,88481772,469500295.1,3.3944,1.9305
2020-01-13,5.27,5.28,5.09,5.24,68876703,356875926.56,2.6423,-0.7576
2020-01-14,5.22,5.59,5.18,5.46,153195239,831742170.84,5.877,4.1985
2020-01-15,5.4,5.44,5.21,5.24,95452836,505074705.52,3.6618,-4.0293
2020-01-16,5.21,5.27,5.13,5.18,64246625,333323549.24,2.4647,-1.145
2020-01-17,5.25,5.38,5.21,5.27,62263894,329885333.92,2.3886,1.7375
2020-01-20,5.2,5.29,5.15,5.21,57341770,297666645.95,2.1998,-1.1385
2020-01-21,5.18,5.19,4.88,4.92,83151404,416178161.76,3.1899,-5.5662
2020-01-22,4.91,4.97,4.78,4.95,41498620,202435411.23,1.592,0.6098
2020-01-23,4.85,4.9,4.61,4.72,63588325,301988366.09,2.4394,-4.6465
2020-02-03,4.25,4.25,4.25,4.25,8721300,37065525.0,0.3346,-9.9576
2020-02-04,3.93,4.25,3.93,4.19,81207802,336703983.38,3.1154,-1.4118
2020-02-05,4.21,4.37,4.18,4.27,59314043,254142174.99,2.2755,1.9093
2020-02-06,4.27,4.36,4.22,4.33,50486669,216094284.26,1.9368,1.4052
2020-02-07,4.29,4.32,4.22,4.3,49183616,209999527.49,1.8868,-0.6928
2020-02-10,4.25,4.43,4.23,4.42,48755469,212548470.51,1.8704,2.7907
2020-02-11,4.44,4.55,4.42,4.48,59611683,268140419.18,2.2869,1.3575
2020-02-12,4.5,4.54,4.45,4.54,41503589,187339163.61,1.5922,1.3393
2020-02-13,4.52,4.57,4.44,4.49,54629294,246026791.66,2.0957,-1.1013
2020-02-14,4.49,4.64,4.49,4.58,39499805,180538475.49,1.5153,2.0045
2020-02-17,4.58,4.67,4.55,4.67,51664568,238368805.59,1.982,1.9651
2020-02-18,4.69,4.73,4.59,4.66,46302422,215371690.97,1.7763,-0.2141
2020-02-19,4.64,4.69,4.58,4.58,52157271,241438632.37,2.0009,-1.7167
2020-02-20,4.59,4.74,4.52,4.7,57118429,264689621.1,2.1912,2.6201
2020-02-21,4.71,4.77,4.68,4.72,46974213,221696890.45,1.8021,0.4255
2020-02-24,4.72,4.74,4.6,4.68,68320581,318297563.69,2.621,-0.8475
2020-02-25,4.55,4.63,4.45,4.6,57656944,262157690.27,2.2119,-1.7094
2020-02-26,4.54,4.77,4.51,4.64,76250814,354888377.94,2.9252,0.8696
2020-02-27,4.61,4.65,4.53,4.55,45732468,209016519.52,1.7544,-1.9396
2020-02-28,4.44,4.46,4.23,4.24,69093475,299540822.45,2.6506,-6.8132
2020-03-02,4.27,4.5,4.27,4.46,58202455,256974002.75,2.2328,5.1887
2020-03-03,4.58,4.61,4.44,4.48,47616374,215205291.57,1.8267,0.4484
2020-03-04,4.46,4.58,4.44,4.57,47656025,215002121.48,1.8282,2.0089
2020-03-05,4.62,4.7,4.55,4.66,81029851,375636692.58,3.1085,1.9694
2020-03-06,4.6,4.61,4.53,4.57,41176913,188303434.93,1.5797,-1.9313
2020-03-09,4.44,4.48,4.33,4.36,59105285,259517822.21,2.2674,-4.5952
2020-03-10,4.3,4.43,4.28,4.43,46427222,202690488.99,1.7811,1.6055
2020-03-11,4.43,4.47,4.34,4.34,36227697,159397409.98,1.3898,-2.0316
2020-03-12,4.31,4.32,4.22,4.26,36442537,155234034.2,1.398,-1.8433
2020-03-13,4.05,4.23,3.98,4.17,44196276,181465880.2,1.6955,-2.1127
2020-03-16,4.21,4.25,4.06,4.07,44675939,185144100.35,1.7139,-2.3981
2020-03-17,4.08,4.18,4.01,4.09,37848686,154262159.25,1.452,0.4914
2020-03-18,4.11,4.13,4.01,4.01,32986242,134331200.02,1.2654,-1.956
2020-03-19,3.98,4.03,3.91,4.0,37267741,148085533.08,1.4297,-0.2494
2020-03-20,4.03,4.06,3.96,4.05,26125334,104870912.62,1.0022,1.25
2020-03-23,3.95,3.98,3.88,3.9,28430846,111482341.88,1.0907,-3.7037
2020-03-24,3.97,4.03,3.93,4.02,42558429,169656076.3,1.6327,3.0769
2020-03-25,4.1,4.11,4.03,4.07,36974779,150527030.67,1.4185,1.2438
2020-03-26,4.05,4.05,3.97,3.98,29387739,117504264.58,1.1274,-2.2113
2020-03-27,4.01,4.04,3.96,3.99,24334799,97111756.26,0.9336,0.2513
2020-03-30,3.95,3.96,3.83,3.86,38510985,149388740.59,1.4774,-3.2581
2020-03-31,3.89,3.92,3.83,3.87,26217598,101519111.17,1.0058,0.2591
2020-04-01,3.86,3.92,3.83,3.84,33254150,128777498.26,1.2757,-0.7752
2020-04-02,3.8,3.91,3.78,3.9,35890009,137544473.32,1.3768,1.5625
2020-04-03,3.9,3.9,3.8,3.82,32556725,124968804.88,1.249,-2.0513
2020-04-07,3.89,3.92,3.86,3.91,41510764,161534800.91,1.5925,2.356
2020-04-08,3.88,3.96,3.86,3.9,46014875,179400411.35,1.7653,-0.2558
2020-04-09,3.95,3.95,3.89,3.9,28199633,110321895.02,1.0818,0.0
2020-04-10,3.9,3.92,3.84,3.86,26776342,103771899.84,1.0272,-1.0256
2020-04-13,3.86,3.86,3.82,3.85,21503747,82530045.43,0.8249,-0.2591
2020-04-14,3.87,3.94,3.85,3.93,39321506,153662040.83,1.5085,2.0779
2020-04-15,3.92,4.28,3.88,4.05,92274240,374185107.3,3.5399,3.0534
2020-04-16,3.99,4.12,3.96,4.09,64681471,261839467.96,2.4814,0.9877
2020-04-17,4.1,4.11,4.03,4.07,50468846,205039006.4,1.9361,-0.489
2020-04-20,4.05,4.07,4.0,4.03,46563683,187570963.46,1.7863,-0.9828
2020-04-21,4.0,4.0,3.92,3.95,39112887,154631495.26,1.5005,-1.9851
2020-04-22,3.9,3.96,3.88,3.95,27476985,107714304.25,1.0541,0.0
2020-04-23,3.96,3.98,3.93,3.94,29645688,117145556.77,1.1373,-0.2532
2020-04-24,3.93,3.96,3.88,3.9,24451287,95663120.67,0.938,-1.0152
2020-04-27,3.9,3.97,3.87,3.94,32365050,127244947.72,1.2416,1.0256
2020-04-28,3.96,3.97,3.78,3.87,38043774,147591859.49,1.4595,-1.7767
2020-04-29,3.88,4.04,3.88,3.99,61421494,243970371.2,2.3563,3.1008
2020-04-30,4.04,4.07,3.98,4.03,56017184,225963351.61,2.149,1.0025
2020-05-06,3.96,4.07,3.95,4.07,57604277,232648800.46,2.2099,0.9926
2020-05-07,4.09,4.1,4.0,4.01,45191090,182051076.2,1.7337,-1.4742
2020-05-08,4.03,4.07,3.99,4.04,52594406,212164336.14,2.0177,0.7481
2020-05-11,4.05,4.09,4.03,4.06,47649798,193256931.97,1.828,0.495
2020-05-12,4.04,4.06,3.95,3.99,44115828,176138105.43,1.6924,-1.7241
2020-05-13,3.95,3.99,3.94,3.97,21288563,84381360.26,0.8167,-0.5013
2020-05-14,3.95,3.97,3.9,3.91,27207006,106835005.4,1.0437,-1.5113
2020-05-15,3.94,3.95,3.91,3.93,17917969,70454500.91,0.6874,0.5115
2020-05-18,3.94,4.07,3.89,4.04,59230614,237626313.97,2.2723,2.799
2020-05-19,4.08,4.1,4.02,4.05,52353447,212576498.84,2.0084,0.2475
2020-05-20,4.03,4.05,3.99,4.0,31167157,125155854.58,1.1957,-1.2346
2020-05-21,4.05,4.22,4.03,4.07,91401398,376876401.99,3.5064,1.75
2020-05-22,4.06,4.11,3.99,4.01,61735747,249552948.68,2.3684,-1.4742
2020-05-25,4.02,4.05,3.93,3.95,38661322,153421663.41,1.4832,-1.4963
2020-05-26,3.95,3.99,3.94,3.98,29134958,115595282.57,1.1177,0.7595
2020-05-27,3.99,4.0,3.92,3.94,32400716,127856562.96,1.243,-1.005
2020-05-28,3.96,4.04,3.95,4.04,48548666,194161696.03,1.8625,2.5381
2020-05-29,4.02,4.06,4.0,4.03,35395716,142617535.39,1.3579,-0.2475
2020-06-01,4.04,4.12,4.02,4.09,56628342,231035755.2,2.1724,1.4888
2020-06-02,4.09,4.14,4.05,4.1,43076093,176138971.44,1.6525,0.2445
2020-06-03,4.13,4.15,4.08,4.08,46610298,191657289.88,1.7881,-0.4878
2020-06-04,4.1,4.11,4.05,4.07,27147588,110589230.61,1.0415,-0.2451
2020-06-05,4.08,4.09,4.02,4.09,30649681,124265012.18,1.1758,0.4914
2020-06-08,4.13,4.28,4.13,4.23,104516621,440397226.88,4.0096,3.423
2020-06-09,4.3,4.34,4.19,4.2,63824747,271385990.98,2.4485,-0.7092
2020-06-10,4.25,4.29,4.17,4.22,50428182,212592457.25,1.9346,0.4762
2020-06-11,4.26,4.29,4.2,4.23,62390481,265182527.15,2.3935,0.237
2020-06-12,4.12,4.19,4.11,4.14,53539547,221753804.67,2.0539,-2.1277
2020-06-15,4.13,4.17,4.07,4.07,49084966,201840354.39,1.883,-1.6908
2020-06-16,4.11,4.32,4.1,4.28,75193072,316650051.52,2.8846,5.1597
2020-06-17,4.28,4.34,4.24,4.32,75381427,324145400.33,2.8918,0.9346
2020-06-18,4.32,4.46,4.27,4.39,70833722,310822394.78,2.7174,1.6204
2020-06-19,4.38,4.39,4.28,4.34,55539517,240144209.61,2.1307,-1.1389
2020-06-22,4.32,4.53,4.3,4.48,98566513,435820967.82,3.7813,3.2258
2020-06-23,4.44,4.47,4.39,4.44,46787845,206944508.96,1.7949,-0.8929
2020-06-24,4.43,4.47,4.34,4.43,38574803,169925963.16,1.4798,-0.2252
2020-06-29,4.4,4.4,4.28,4.3,45880969,198325909.04,1.7601,-2.9345
2020-06-30,4.31,4.38,4.3,4.36,35352783,153669585.01,1.3562,1.3953
2020-07-01,4.39,4.52,4.33,4.52,108429100,480620559.39,4.1596,3.6697
2020-07-02,4.48,4.75,4.46,4.68,113531239,525145545.11,4.3554,3.5398
2020-07-03,4.7,5.06,4.67,4.92,135377374,661451497.79,5.1935,5.1282
2020-07-06,5.22,5.41,5.22,5.41,162433131,871236610.11,6.2314,9.9593
2020-07-07,5.62,5.95,5.58,5.66,316023344,1825265583.88,12.1235,4.6211
2020-07-08,5.53,6.23,5.52,6.23,294282816,1783562900.26,11.2895,10.0707
2020-07-09,6.4,6.85,6.38,6.85,262326132,1752590316.06,10.0636,9.9518
2020-07-10,6.98,6.99,6.26,6.3,296340288,1919458091.65,11.3684,-8.0292
2020-07-13,6.43,6.86,6.43,6.65,255649534,1696659119.26,9.8074,5.5556
2020-07-14,6.68,7.32,6.6,7.0,253907062,1784644857.64,9.7406,5.2632
2020-07-15,7.14,7.14,6.3,6.3,275245168,1777656258.73,10.5592,-10.0
2020-07-16,6.18,6.43,6.01,6.02,149950140,933057495.41,5.7525,-4.4444
2020-07-17,5.97,6.19,5.89,6.0,98404236,592566349.35,3.7751,-0.3322
2020-07-20,6.04,6.6,6.04,6.6,179344613,1148530355.92,6.8802,10.0
2020-07-21,6.73,6.93,6.55,6.83,182656659,1234557922.92,7.0072,3.4848
2020-07-22,7.06,7.16,6.47,6.71,170242698,1142410179.39,6.531,-1.757
2020-07-23,6.6,6.78,6.32,6.64,130860208,857520223.08,5.0202,-1.0432
2020-07-24,6.56,6.65,6.16,6.21,136964062,877304664.2,5.2543,-6.4759
2020-07-27,6.28,6.76,6.26,6.52,146776698,961655463.51,5.6308,4.9919
2020-07-28,6.74,6.77,6.33,6.43,141477480,923444712.69,5.4275,-1.3804
2020-07-29,6.49,6.65,6.3,6.63,120858990,788832198.62,4.6365,3.1104
2020-07-30,6.7,7.11,6.63,6.78,183319592,1250860576.69,7.0327,2.2624
2020-07-31,6.73,7.06,6.67,6.78,140114293,953141379.74,5.3752,0.0
2020-08-03,6.73,7.18,6.62,7.04,171756922,1193609091.59,6.5891,3.8348
2020-08-04,7.05,7.24,6.88,7.02,167732735,1179173307.11,6.4347,-0.2841
2020-08-05,7.0,7.03,6.68,6.92,144370506,987451448.68,5.5385,-1.4245
2020-08-06,6.82,7.07,6.77,7.02,157215293,1091606630.21,6.0312,1.4451
2020-08-07,7.0,7.01,6.54,6.65,150527686,1012002136.45,5.7747,-5.2707
2020-08-10,6.47,6.5,6.08,6.19,154341980,959789300.18,5.921,-6.9173
2020-08-11,6.21,6.25,6.02,6.04,95068239,586148683.12,3.6471,-2.4233
2020-08-12,5.99,6.05,5.69,5.92,108901795,638327676.28,4.1778,-1.9868
2020-08-13,5.94,5.99,5.88,5.92,55086793,327038010.66,2.1133,0.0
2020-08-14,5.9,5.96,5.74,5.96,67900621,397917859.06,2.6049,0.6757
2020-08-17,5.94,6.21,5.86,6.2,97934025,593008972.71,3.757,4.0268
2020-08-18,6.2,6.3,6.1,6.16,75242402,464703903.58,2.8865,-0.6452
2020-08-19,6.19,6.27,6.07,6.17,81370670,502884270.97,3.1216,0.1623
2020-08-20,6.09,6.09,5.93,6.02,59394454,356657074.13,2.2785,-2.4311
2020-08-21,6.1,6.43,6.07,6.26,118384788,744665505.27,4.5416,3.9867
2020-08-24,6.21,6.32,6.19,6.3,57477367,359669900.89,2.205,0.639
2020-08-25,6.3,6.3,6.01,6.05,81745573,498730092.35,3.136,-3.9683
2020-08-26,6.06,6.09,5.8,5.93,56182899,334135417.59,2.1553,-1.9835
2020-08-27,5.95,6.05,5.9,5.93,35887927,214129370.27,1.3768,0.0
2020-08-28,5.91,6.09,5.85,6.08,44611880,266539539.03,1.7114,2.5295
2020-08-31,6.11,6.33,6.08,6.11,68032448,421937399.03,2.6099,0.4934
2020-09-01,6.15,6.18,6.05,6.13,36501151,223099431.09,1.4003,0.3273
2020-09-02,6.1,6.12,5.9,5.96,70059611,417485108.03,2.6877,-2.7732
2020-09-03,5.91,5.95,5.83,5.9,45145922,265699160.87,1.7319,-1.0067
2020-09-04,5.72,5.79,5.64,5.71,58573160,334722834.87,2.247,-3.2203
2020-09-07,5.75,5.93,5.61,5.67,66136810,383181442.02,2.5372,-0.7005
2020-09-08,5.68,5.88,5.59,5.85,54710697,314690317.87,2.0989,3.1746
2020-09-09,5.76,5.84,5.66,5.76,42238937,243091007.0,1.6204,-1.5385
2020-09-10,5.79,5.98,5.67,5.68,62484066,364854976.86,2.3971,-1.3889
2020-09-11,5.64,5.71,5.49,5.62,46108805,258802284.61,1.7689,-1.0563
2020-09-14,5.67,5.74,5.51,5.58,37820507,211882753.44,1.4509,-0.7117
2020-09-15,5.6,5.64,5.5,5.63,35346663,197005725.43,1.356,0.8961
2020-09-16,5.6,5.64,5.53,5.6,29783321,166284350.35,1.1426,-0.5329
2020-09-17,5.57,5.63,5.42,5.54,37601916,207550677.1,1.4425,-1.0714
2020-09-18,5.55,5.98,5.54,5.92,86541928,500166964.71,3.32,6.8592
2020-09-21,6.0,6.17,5.97,6.03,74661127,452977969.17,2.8642,1.8581
2020-09-22,5.92,5.99,5.83,5.84,45318395,267945860.04,1.7385,-3.1509
2020-09-23,5.82,5.89,5.62,5.66,44657762,255187528.19,1.7132,-3.0822
2020-09-24,5.5,5.54,5.4,5.42,53788845,293026133.86,2.0635,-4.2403
2020-09-25,5.44,5.47,5.34,5.4,27792631,149694757.44,1.0662,-0.369
2020-09-28,5.4,5.46,5.35,5.39,24867882,134387185.41,0.954,-0.1852
2020-09-29,5.46,5.47,5.35,5.38,31374584,169802632.1,1.2036,-0.1855
2020-09-30,5.3,5.32,4.89,4.96,99127454,500368032.76,3.8028,-7.8067
2020-10-09,5.03,5.46,5.03,5.46,48504904,259548795.95,1.8608,10.0806
2020-10-12,5.46,5.53,5.22,5.46,96397369,523422541.51,3.6981,0.0
2020-10-13,5.49,5.59,5.45,5.5,48676087,267652133.5,1.8674,0.7326
2020-10-14,5.5,5.5,5.4,5.46,34978116,190502026.05,1.3419,-0.7273
2020-10-15,5.42,5.56,5.39,5.43,56581050,309413258.07,2.1706,-0.5495
2020-10-16,5.45,5.65,5.43,5.5,82848897,458929890.74,3.1783,1.2891
2020-10-19,5.57,5.78,5.51,5.6,62723698,353188547.03,2.4063,1.8182
2020-10-20,5.54,5.57,5.46,5.54,36387673,200851545.68,1.3959,-1.0714
2020-10-21,5.55,5.58,5.42,5.49,36895419,201890959.33,1.4154,-0.9025
2020-10-22,5.48,5.68,5.4,5.64,51173612,284691995.03,1.9632,2.7322
2020-10-23,5.63,5.85,5.62,5.72,68492560,395100770.24,2.6276,1.4184
2020-10-26,5.73,5.83,5.62,5.78,48809937,278232597.49,1.8725,1.049
2020-10-27,5.68,5.7,5.5,5.58,53515622,299450484.48,2.053,-3.4602
2020-10-28,5.57,5.78,5.51,5.78,55895317,318235659.56,2.1443,3.5842
2020-10-29,5.62,5.73,5.56,5.7,55949459,315689151.05,2.1464,-1.3841
2020-10-30,5.7,5.74,5.48,5.49,51190411,286930612.97,1.9638,-3.6842
2020-11-02,5.51,5.93,5.51,5.87,113516622,661097147.28,4.3548,6.9217
2020-11-03,5.96,6.15,5.93,5.99,117569989,711142900.46,4.5103,2.0443
2020-11-04,6.02,6.06,5.89,5.93,60140639,358524830.4,2.3072,-1.0017
2020-11-05,6.05,6.08,5.93,6.05,64146804,385874530.21,2.4609,2.0236
2020-11-06,6.06,6.21,6.0,6.11,97679497,595084765.56,3.7473,0.9917
2020-11-09,6.26,6.72,6.26,6.72,151534374,1002303020.57,5.8133,9.9836
2020-11-10,6.94,7.39,6.85,7.39,382731728,2756727750.05,14.6827,9.9702
2020-11-11,7.4,7.65,7.24,7.5,342522176,2559210118.54,13.1401,1.4885
2020-11-12,7.39,7.51,7.06,7.32,237718731,1737599334.55,9.1196,-2.4
2020-11-13,7.46,7.75,7.25,7.39,216128381,1608302095.55,8.2913,0.9563
2020-11-16,7.51,8.13,7.48,8.13,176519203,1387726587.38,6.7718,10.0135
2020-11-17,8.35,8.8,7.86,8.08,351326208,2924236891.06,13.4779,-0.615
2020-11-18,8.4,8.6,8.21,8.5,244059190,2046479326.62,9.3628,5.198
2020-11-19,8.42,8.57,8.0,8.4,211366239,1745732218.47,8.1086,-1.1765
2020-11-20,8.35,8.8,8.01,8.6,227046068,1922433561.83,8.7101,2.381
2020-11-23,8.6,9.15,8.56,8.75,236213442,2095168362.03,9.0618,1.7442
2020-11-24,8.55,8.93,8.51,8.93,161990373,1414573310.81,6.2144,2.0571
2020-11-25,9.06,9.16,8.68,8.86,196535796,1755353970.32,7.5397,-0.7839
2020-11-26,8.75,8.93,8.55,8.85,120064073,1045765670.37,4.606,-0.1129
2020-11-27,8.85,8.93,8.45,8.89,135146929,1176350124.1,5.1846,0.452
2020-11-30,8.87,9.75,8.75,9.45,187278020,1750911622.48,7.1845,6.2992
2020-12-01,9.31,9.57,9.12,9.54,123410156,1154100180.89,4.7344,0.9524
2020-12-02,9.83,9.95,9.33,9.61,131742912,1267041653.85,5.054,0.7338
2020-12-03,9.3,9.32,8.65,8.65,170521771,1519390772.68,6.5417,-9.9896
2020-12-04,8.41,8.93,8.38,8.91,137420646,1200882884.35,5.2718,3.0058
2020-12-07,8.9,9.03,8.68,8.78,105739816,931517633.44,4.0565,-1.459
2020-12-08,8.71,8.75,8.22,8.49,154949655,1309000137.25,5.9443,-3.303
2020-12-09,8.45,8.6,8.31,8.33,105259366,889119563.72,4.038,-1.8846
2020-12-10,8.4,8.52,8.2,8.49,89702661,754998593.16,3.4412,1.9208
2020-12-11,8.66,8.71,7.92,8.07,165322507,1359605106.06,6.3422,-4.947
2020-12-14,7.98,8.25,7.77,8.21,105013511,847619702.82,4.0286,1.7348
2020-12-15,8.14,8.22,7.95,8.16,67746262,548500563.01,2.5989,-0.609
2020-12-16,8.19,8.28,7.99,8.05,65551700,531047928.34,2.5147,-1.348
2020-12-17,7.97,8.61,7.92,8.47,166974625,1387451246.56,6.4056,5.2174
2020-12-18,8.56,8.77,8.42,8.5,144575335,1240281819.36,5.5463,0.3542
2020-12-21,8.33,8.46,8.1,8.2,138248419,1138386394.06,5.3036,-3.5294
2020-12-22,8.03,8.05,7.55,7.6,154337179,1194085374.02,5.9208,-7.3171
2020-12-23,7.55,7.75,7.5,7.59,98496990,749720211.89,3.7786,-0.1316
2020-12-24,7.63,7.74,7.5,7.55,60363003,457827950.85,2.3157,-0.527
2020-12-25,7.6,7.96,7.47,7.84,113142131,874166520.77,4.3405,3.8411
2020-12-28,7.76,7.86,7.55,7.61,111853716,859579339.29,4.291,-2.9337
2020-12-29,7.58,7.59,7.34,7.36,74840102,554974692.44,2.8711,-3.2852
2020-12-30,7.4,7.84,7.25,7.55,111230200,843859934.09,4.2671,2.5815
2020-12-31,7.52,7.66,7.37,7.53,70574156,530539177.71,2.7074,-0.2649
2021-01-04,7.49,7.89,7.3,7.76,133458800,1027073091.72,5.1199,3.0544
2021-01-05,7.79,8.41,7.66,8.18,173132240,1383376560.67,6.6418,5.4124
2021-01-06,8.23,8.28,7.65,7.73,147695126,1169689928.38,5.2486,-5.5012
2021-01-07,7.63,8.16,7.51,7.97,172629836,1358536345.09,6.1347,3.1048
2021-01-08,8.02,8.08,7.45,7.6,133782734,1019071523.06,4.7542,-4.6424
2021-01-11,7.48,7.48,6.84,6.84,158234168,1107603837.97,5.6231,-10.0
2021-01-12,6.63,6.81,6.58,6.77,108702933,726464576.16,3.8629,-1.0234
2021-01-13,6.76,6.9,6.57,6.66,101167719,681494406.59,3.5951,-1.6248
2021-01-14,6.53,6.72,6.4,6.61,88910670,584208139.03,3.1596,-0.7508
2021-01-15,6.66,6.88,6.62,6.78,78155118,527600950.81,2.7774,2.5719
2021-01-18,6.76,6.98,6.67,6.89,82704223,567594187.58,2.939,1.6224
2021-01-19,6.82,6.9,6.66,6.79,67909708,459521018.58,2.4133,-1.4514
2021-01-20,6.78,6.94,6.68,6.9,71740400,490482790.39,2.5494,1.62
2021-01-21,6.88,7.55,6.79,7.43,171026656,1242690987.67,6.0777,7.6812
2021-01-22,7.32,7.53,7.25,7.32,90219229,664378830.36,3.2061,-1.4805
2021-01-25,7.28,7.49,7.13,7.29,93088634,681886180.73,3.308,-0.4098
2021-01-26,7.25,7.66,7.22,7.37,97431193,721506304.84,3.4624,1.0974
2021-01-27,7.38,7.5,7.12,7.49,96171229,705761019.86,3.4176,1.6282
2021-01-28,7.28,7.47,7.15,7.32,92050006,670970004.41,3.2711,-2.2697
2021-01-29,7.34,7.7,7.31,7.55,109415374,816445769.53,3.8882,3.1421
2021-02-01,7.65,7.71,7.2,7.64,127848015,949864496.89,4.5433,1.1921
2021-02-02,7.55,7.62,7.38,7.43,73191853,548395153.4,2.601,-2.7487
2021-02-03,7.43,7.58,7.21,7.41,76709727,567550614.03,2.726,-0.2692
2021-02-04,7.36,7.88,7.33,7.72,125577793,960505102.53,4.4626,4.1835
2021-02-05,7.88,8.45,7.72,8.14,170578642,1391719970.69,6.0618,5.4404
2021-02-08,8.23,8.95,8.18,8.95,171277624,1484958868.95,6.0866,9.9509
2021-02-09,8.96,9.7,8.96,9.62,157934841,1483280886.34,5.6124,7.486
2021-02-10,9.5,9.66,9.27,9.47,124470182,1179628649.99,4.4232,-1.5593
2021-02-18,10.38,10.39,9.52,9.88,192998189,1923920484.39,6.8585,4.3295
2021-02-19,9.93,10.29,9.5,9.87,155674657,1537429022.13,5.5321,-0.1012
2021-02-22,10.15,10.8,10.01,10.04,233819998,2425649205.33,8.3091,1.7224
2021-02-23,10.0,10.43,9.65,9.82,188072105,1902352466.09,6.6834,-2.1912
2021-02-24,9.81,10.34,9.59,9.76,151225930,1506889769.24,5.374,-0.611
2021-02-25,10.41,10.74,10.41,10.61,234429006,2499572252.16,8.3308,8.709
2021-02-26,9.55,9.8,9.55,9.55,203287131,1948208670.93,7.2241,-9.9906
2021-03-01,9.43,9.75,9.32,9.7,130246030,1244714896.59,4.6285,1.5707
2021-03-02,9.53,9.56,8.92,9.25,131154660,1209433198.48,4.6608,-4.6392
2021-03-03,9.59,10.18,9.53,10.15,191135275,1881145984.66,6.7923,9.7297
2021-03-04,10.0,11.17,9.91,10.5,237112462,2530648497.55,8.4261,3.4483
2021-03-05,9.91,10.13,9.45,9.8,193910206,1888108771.4,6.8909,-6.6667
2021-03-08,10.2,10.69,9.79,9.82,170340581,1753127558.26,6.0533,0.2041
2021-03-09,10.09,10.52,9.35,10.05,159136742,1594238523.81,5.6552,2.3422
2021-03-10,10.11,10.11,9.55,9.96,104282755,1030965630.72,3.7058,-0.8955
2021-03-11,10.41,10.96,10.31,10.96,172641189,1859430419.08,6.1351,10.0402
2021-03-12,11.47,12.06,11.18,11.65,297088752,3479936422.33,10.5575,6.2956
2021-03-15,12.11,12.65,11.78,12.12,238310126,2906909729.15,8.4687,4.0343
2021-03-16,12.2,13.04,11.65,11.88,217440955,2675871980.4,7.7271,-1.9802
2021-03-17,11.88,11.93,11.11,11.28,152132811,1729199292.33,5.4063,-5.0505
2021-03-18,11.63,12.09,11.22,11.77,175832495,2052563306.72,6.2485,4.344
2021-03-19,11.45,11.98,11.0,11.45,123828627,1418652642.6,4.4004,-2.7188
2021-03-22,11.76,12.32,11.55,11.92,154798844,1846857383.07,5.501,4.1048
2021-03-23,11.78,11.8,10.73,10.73,133192005,1457818332.99,4.7332,-9.9832
2021-03-24,10.13,10.15,9.66,9.66,128203604,1254319067.07,4.5559,-9.972
2021-03-25,9.24,9.55,9.02,9.32,186864253,1738100348.4,6.6405,-3.5197
2021-03-26,9.43,9.63,9.28,9.57,104261125,988933842.54,3.7051,2.6824
2021-03-29,9.7,10.11,9.52,9.9,108454690,1068635867.14,3.8541,3.4483
2021-03-30,9.72,9.89,9.33,9.85,86245663,830069262.5,3.0649,-0.5051
2021-03-31,9.65,9.77,9.45,9.67,66242636,636041477.41,2.354,-1.8274
2021-04-01,9.65,10.13,9.53,9.96,88316572,869659229.67,3.1385,2.999
2021-04-02,10.0,10.11,9.52,9.71,82358783,803632163.45,2.9267,-2.51
2021-04-06,9.72,9.95,9.69,9.73,50641803,495413323.52,1.7996,0.206
2021-04-07,9.69,10.14,9.58,10.02,101640649,1005405191.89,3.612,2.9805
2021-04-08,9.93,10.85,9.89,10.4,134489042,1392278254.06,4.7793,3.7924
2021-04-09,10.6,10.9,10.25,10.62,114702521,1216217809.41,4.0761,2.1154
2021-04-12,10.45,10.46,9.74,9.91,105251113,1055269661.67,3.7403,-6.6855
2021-04-13,9.76,10.34,9.5,10.32,109873250,1087447094.05,3.9045,4.1372
2021-04-14,10.6,10.69,10.18,10.44,93114041,970222470.28,3.3089,1.1628
2021-04-15,10.5,11.46,10.44,11.28,169994324,1847997420.51,6.041,8.046
2021-04-16,11.17,11.37,10.77,10.93,129967537,1434249704.93,4.6186,-3.1028
2021-04-19,10.74,11.15,10.54,11.12,90233405,988454447.31,3.2066,1.7383
2021-04-20,10.92,11.59,10.75,11.24,108395012,1207861303.56,3.852,1.0791
2021-04-21,10.95,11.18,10.75,10.89,83275310,910966857.21,2.9593,-3.1139
2021-04-22,11.12,11.5,11.04,11.11,105316536,1182072549.29,3.7426,2.0202
2021-04-23,11.03,11.42,10.93,11.33,92516106,1033712337.55,3.2877,1.9802
2021-04-26,11.49,12.46,11.25,12.09,205171201,2484406499.54,7.2911,6.7079
2021-04-27,12.45,12.76,11.97,12.18,155388570,1924666386.24,5.522,0.7444
2021-04-28,12.13,12.29,11.75,11.96,99887989,1191979227.67,3.5497,-1.8062
2021-04-29,12.3,12.8,11.89,12.58,133172951,1648461447.15,4.7325,5.1839
2021-04-30,12.4,12.65,11.8,12.35,113402415,1394082882.63,4.0299,-1.8283
2021-05-06,13.0,13.59,12.91,13.48,155476986,2074798949.25,5.5251,9.1498
2021-05-07,13.87,14.45,13.63,14.06,170645456,2395739218.7,6.0641,4.3027
2021-05-10,14.54,15.47,14.54,15.47,167460995,2526339895.28,5.951,10.0284
2021-05-11,14.83,15.3,14.12,15.2,139470607,2057646232.3,4.9563,-1.7453
2021-05-12,14.82,15.18,14.65,15.02,76147737,1135476629.28,2.706,-1.1842
2021-05-13,14.15,14.34,13.7,13.77,122361373,1711003783.99,4.3483,-8.3222
2021-05-14,14.28,14.34,13.6,13.93,96193932,1340972904.41,3.4184,1.1619
2021-05-17,13.98,14.5,13.77,14.2,82247080,1167926943.46,2.9228,1.9383
2021-05-18,14.76,14.85,14.05,14.23,69175771,998503303.0,2.4583,0.2113
2021-05-19,14.0,14.0,13.62,13.81,72945900,1004809228.06,2.5922,-2.9515
2021-05-20,12.96,13.33,12.59,13.25,116849361,1511871353.61,4.1524,-4.055
2021-05-21,13.25,13.94,12.83,13.68,95353515,1282221933.43,3.3885,3.2453
2021-05-24,13.11,13.36,12.89,13.05,77021228,1005828924.55,2.7371,-4.6053
2021-05-25,13.2,13.31,12.74,13.1,57222662,748194133.8,2.0335,0.3831
2021-05-26,13.09,13.15,12.88,13.0,47736520,620934430.26,1.6964,-0.7634
2021-05-27,13.0,13.45,12.97,13.45,68074675,900400918.76,2.4191,3.4615
2021-05-28,13.8,14.65,13.8,14.24,125005519,1773480981.72,4.4423,5.8736
2021-05-31,14.24,14.52,13.69,13.88,80371413,1121360119.88,2.8561,-2.5281
2021-06-01,13.65,14.4,13.21,14.24,91903687,1268622027.01,3.2659,2.5937
2021-06-02,14.01,14.44,13.88,13.95,58913181,831306731.94,2.0936,-2.0365
2021-06-03,13.83,14.32,13.71,13.86,55780534,782906309.57,1.9822,-0.6452
2021-06-04,13.5,13.55,13.15,13.31,74186280,987607208.81,2.6363,-3.9683
2021-06-07,13.5,13.66,13.26,13.3,49902235,671762370.42,1.7733,-0.0751
2021-06-08,13.33,13.33,12.93,13.04,45179648,591130403.57,1.6055,-1.9549
2021-06-09,13.13,13.45,13.02,13.3,46494649,616696905.43,1.6523,1.9939
2021-06-10,13.3,13.45,13.08,13.14,39934641,528292052.55,1.4191,-1.203
2021-06-11,13.42,14.3,13.29,14.21,110520712,1528628808.13,3.9275,8.1431
2021-06-15,14.16,14.36,13.24,13.35,82466392,1125940232.81,2.9306,-6.0521
2021-06-16,13.15,13.15,12.22,12.26,91911468,1163134598.66,3.2662,-8.1648
2021-06-17,12.26,12.69,12.24,12.32,55218570,685295151.68,1.9623,0.4894
2021-06-18,11.91,11.99,11.6,11.91,92634579,1094827835.33,3.2919,-3.3279
2021-06-21,11.71,11.82,11.37,11.47,70484311,814671380.12,2.5048,-3.6944
2021-06-22,11.66,11.69,11.44,11.62,46486151,538020727.3,1.652,1.3078
2021-06-23,11.86,12.26,11.61,12.06,83353682,993306803.5,2.9621,3.7866
2021-06-24,12.11,12.3,11.72,11.83,58756547,702992718.99,2.088,-1.9071
2021-06-25,11.88,12.47,11.86,12.24,81090217,988349762.43,2.8817,3.4658
2021-06-28,12.24,12.24,11.86,11.94,56416652,676294740.88,2.0048,-2.451
2021-06-29,11.9,12.12,11.7,11.74,40124908,474562552.76,1.4259,-1.675
2021-06-30,11.79,11.91,11.59,11.9,41508593,489531326.56,1.4751,1.3629
2021-07-01,11.84,11.88,11.24,11.28,52670466,605504274.54,1.8717,-5.2101
2021-07-02,11.11,11.57,11.01,11.42,46296003,525473434.16,1.6452,1.2411
2021-07-05,11.61,12.13,11.61,12.06,74980511,894826169.08,2.6645,5.6042
2021-07-06,12.05,12.18,11.77,11.99,43731393,523016438.6,1.5541,-0.5804
2021-07-07,11.64,12.2,11.48,12.05,45522983,543479768.45,1.6177,0.5004
2021-07-08,12.05,12.49,11.82,11.88,66087603,797983676.75,2.3485,-1.4108
2021-07-09,11.68,12.87,11.6,12.67,101896234,1267479538.53,3.621,6.6498
2021-07-12,13.0,13.2,12.62,12.77,96858917,1253804081.91,3.442,0.7893
2021-07-13,12.77,13.2,12.65,13.1,90246824,1174052004.11,3.2071,2.5842
2021-07-14,13.0,13.27,12.61,12.99,75109440,969236676.46,2.6691,-0.8397
2021-07-15,13.0,13.5,12.9,13.44,102165620,1353715370.42,3.6306,3.4642
2021-07-16,13.68,14.65,13.51,14.2,117703862,1682233083.03,4.1828,5.6548
2021-07-19,14.45,14.85,13.96,14.1,101008468,1457000616.16,3.5895,-0.7042
2021-07-20,13.6,13.76,13.19,13.61,79503358,1072129454.33,2.8253,-3.4752
2021-07-21,13.89,14.02,13.5,13.85,59172006,814481851.33,2.1028,1.7634
2021-07-22,13.98,14.4,13.6,14.02,84002449,1178468349.32,2.9852,1.2274
2021-07-23,14.02,14.54,13.88,14.0,80660813,1143872886.92,2.8664,-0.1427
2021-07-26,14.02,14.64,13.92,14.07,93329800,1334807519.05,3.3166,0.5
2021-07-27,14.31,15.0,12.9,13.08,130198474,1814708255.62,4.6268,-7.0362
2021-07-28,12.9,13.39,12.6,12.85,78812474,1023148095.29,2.8007,-1.7584
2021-07-29,13.26,13.53,12.91,13.15,65964312,869179199.39,2.3441,2.3346
2021-07-30,13.4,14.32,13.16,14.21,116336920,1590548605.7,4.1342,8.0608
2021-08-02,13.79,14.54,13.38,14.36,101488713,1427590981.79,3.6066,1.0556
2021-08-03,14.05,14.16,12.92,13.1,123169709,1639109220.89,4.377,-8.7744
2021-08-04,13.0,13.31,12.79,13.15,60170984,789577520.54,2.1383,0.3817
2021-08-05,13.0,13.05,12.25,12.64,90961770,1138283098.38,3.2325,-3.8783
2021-08-06,12.57,13.23,12.5,13.06,71212245,923409363.87,2.5306,3.3228
2021-08-09,12.92,13.67,12.8,13.28,81089990,1075391827.92,2.8817,1.6845
2021-08-10,13.07,13.42,12.98,13.18,49734900,654946385.87,1.7674,-0.753
2021-08-11,13.63,14.5,13.62,14.5,137528275,1957813190.78,4.8873,10.0152
2021-08-12,14.46,15.9,14.4,15.32,202910825,3110275039.54,7.2107,5.6552
2021-08-13,15.26,15.45,14.96,15.27,110610535,1681426610.29,3.9307,-0.3264
2021-08-16,15.6,15.91,15.01,15.03,84857530,1304495675.52,3.0155,-1.5717
2021-08-17,15.17,15.51,14.9,15.12,76019368,1153214553.62,2.7015,0.5988
2021-08-18,14.83,16.39,14.77,15.96,111661673,1764433215.07,3.9681,5.5556
2021-08-19,15.45,15.56,14.67,15.08,92402476,1395312013.59,3.2837,-5.5138
2021-08-20,15.01,15.11,14.42,14.7,79118897,1163994828.78,2.8116,-2.5199
2021-08-23,15.1,15.37,14.76,15.05,61162320,923606555.38,2.1735,2.381
2021-08-24,15.4,15.74,14.91,15.25,103301516,1572902090.77,3.6709,1.3289
2021-08-25,15.43,16.32,15.32,16.01,114044306,1809253970.3,4.0526,4.9836
2021-08-26,16.02,17.34,15.88,16.52,141736603,2366995285.8,5.0367,3.1855
2021-08-27,16.46,17.3,16.23,17.22,100558247,1695972758.24,3.5734,4.2373
2021-08-30,17.4,17.85,16.7,17.67,118770208,2061010950.43,4.2205,2.6132
2021-08-31,17.31,17.71,16.88,17.56,90699154,1564467916.06,3.223,-0.6225
2021-09-01,17.32,17.69,15.9,15.99,132187121,2189361626.17,4.6973,-8.9408
2021-09-02,15.85,17.1,15.72,16.73,105353374,1756283272.33,3.7438,4.6279
2021-09-03,16.83,16.86,15.8,16.16,76897044,1249444079.64,2.7326,-3.4071
2021-09-06,17.0,17.7,16.26,16.83,100808636,1706731498.49,3.5823,4.146
2021-09-07,17.13,17.4,16.61,17.18,84000982,1439078039.0,2.985,2.0796
2021-09-08,17.15,18.9,16.85,18.9,87052623,1574428541.14,3.0934,10.0116
2021-09-09,19.3,20.49,18.99,19.92,173166310,3403706783.45,6.1535,5.3968
2021-09-10,19.99,20.94,19.75,20.04,141094300,2852497989.46,5.0138,0.6024
2021-09-13,21.18,22.04,20.9,22.04,141508076,3072743158.41,5.0285,9.98
2021-09-14,21.42,23.18,21.16,22.2,222343953,4975565401.49,7.9011,0.726
2021-09-15,21.42,22.7,20.9,22.09,119705878,2599421408.34,4.2538,-0.4955
2021-09-16,22.85,23.58,22.0,22.45,117266869,2659913083.7,4.1671,1.6297
2021-09-17,21.44,22.22,20.21,20.21,160517311,3358059947.69,5.704,-9.9777
2021-09-22,19.69,20.45,18.95,19.69,146762067,2867204121.06,5.2152,-2.573
2021-09-23,20.02,20.05,18.75,18.98,130765980,2514800028.41,4.6468,-3.6059
2021-09-24,18.95,18.95,17.37,17.53,155020861,2784291136.09,5.5087,-7.6396
2021-09-27,17.74,17.8,15.8,15.84,133057681,2185252939.01,4.7282,-9.6406
2021-09-28,15.98,16.11,15.4,15.6,91821480,1441130145.29,3.2629,-1.5152
2021-09-29,15.64,15.69,14.55,14.66,83293369,1250000517.77,2.9599,-6.0256
2021-09-30,14.99,15.02,14.61,14.83,77666126,1152787364.34,2.7599,1.1596
2021-10-08,15.49,15.5,14.16,14.32,109295301,1584122281.97,3.8838,-3.439
2021-10-11,14.57,14.59,14.08,14.27,80733093,1153702513.07,2.8689,-0.3492
2021-10-12,14.41,14.67,13.42,13.68,142188422,1977291863.4,5.0527,-4.1345
2021-10-13,13.82,13.92,13.28,13.59,124032131,1683117394.96,4.4075,-0.6579
2021-10-14,13.5,14.11,13.27,13.86,149878217,2068010667.21,5.326,1.9868
2021-10-15,13.66,13.9,13.13,13.6,169315146,2289761360.64,6.0167,-1.8759
2021-10-18,13.73,14.17,13.35,14.13,166697746,2309875880.91,5.9237,3.8971
2021-10-19,13.92,13.95,13.67,13.82,120908002,1670350479.27,4.2965,-2.1939
2021-10-20,13.42,13.96,13.21,13.65,116029199,1580763737.04,4.1231,-1.2301
2021-10-21,13.99,14.3,13.63,13.86,148955208,2083197945.54,5.2932,1.5385
2021-10-22,13.55,13.77,12.62,12.95,214484512,2814011364.69,7.6218,-6.5657
2021-10-25,12.93,13.19,12.67,13.13,104413273,1360188995.3,3.7104,1.39
2021-10-26,13.07,13.26,12.78,12.89,105215088,1365904676.39,3.7388,-1.8279
2021-10-27,12.73,12.91,12.2,12.33,159364105,1981872002.69,5.6631,-4.3445
2021-10-28,12.33,12.4,11.7,12.03,144713767,1736600426.2,5.1424,-2.4331
2021-10-29,12.2,12.22,11.86,11.89,116384809,1398420609.57,4.1358,-1.1638
2021-11-01,11.86,12.2,11.85,11.96,101809382,1225064865.92,3.6178,0.5887
2021-11-02,12.06,12.09,11.22,11.48,148263979,1717908491.88,5.2686,-4.0134
2021-11-03,11.6,11.83,11.33,11.81,113811045,1324353819.81,4.0443,2.8746
2021-11-04,11.8,11.82,11.26,11.36,139901210,1597755579.66,4.9714,-3.8103
2021-11-05,10.99,11.16,10.69,10.69,155649419,1695109823.26,5.531,-5.8979
2021-11-08,10.8,10.98,10.71,10.77,89357707,969210474.46,3.1754,0.7484
2021-11-09,10.88,10.89,10.57,10.69,77684129,829076647.89,2.7605,-0.7428
2021-11-10,10.6,10.87,10.2,10.75,148033561,1558952505.67,5.2604,0.5613
2021-11-11,10.8,11.03,10.64,10.9,137597720,1491429635.07,4.8896,1.3953
2021-11-12,11.05,11.19,10.5,10.51,163345118,1759394723.79,5.8045,-3.578
2021-11-15,10.53,10.73,10.35,10.56,103144854,1088916595.61,3.6653,0.4757
2021-11-16,10.5,10.54,10.16,10.2,136392580,1410456094.32,4.8468,-3.4091
2021-11-17,10.11,10.42,10.09,10.37,86399141,890593298.29,3.0702,1.6667
2021-11-18,10.39,10.55,10.27,10.36,91242396,950429170.8,3.2423,-0.0964
2021-11-19,10.44,11.06,10.25,10.8,184293181,1973186863.75,6.5489,4.2471
2021-11-22,10.69,10.87,10.53,10.81,130953348,1401944254.42,4.6535,0.0926
2021-11-23,10.8,11.19,10.74,10.87,159911541,1750238813.1,5.6825,0.555
2021-11-24,10.81,11.46,10.76,11.43,200337239,2243655294.95,7.119,5.1518
2021-11-25,11.47,11.5,11.12,11.24,131963171,1486395869.13,4.6894,-1.6623
2021-11-26,11.14,11.33,11.02,11.03,96200926,1072161119.73,3.4185,-1.8683
2021-11-29,10.71,11.01,10.61,10.85,84105359,908324949.04,2.9887,-1.6319
2021-11-30,10.85,11.08,10.5,10.69,97545694,1051629935.5,3.4663,-1.4747
2021-12-01,10.66,10.95,10.59,10.92,71831250,772891930.14,2.5525,2.1515
2021-12-02,10.85,10.9,10.67,10.78,61543125,663502035.18,2.187,-1.2821
2021-12-03,10.75,11.14,10.58,11.01,106890181,1167388739.53,3.7984,2.1336
2021-12-06,11.12,12.05,11.07,11.49,252366291,2930821410.44,8.9679,4.3597
2021-12-07,11.51,11.7,11.08,11.47,175942930,2007994598.66,6.2522,-0.1741
2021-12-08,12.01,12.2,11.57,11.7,181962303,2140289435.14,6.4661,2.0052
2021-12-09,11.55,11.74,11.5,11.57,125954618,1458367381.87,4.4758,-1.1111
2021-12-10,11.47,11.74,11.24,11.66,126653059,1462079589.7,4.5007,0.7779
2021-12-13,11.66,11.9,11.41,11.84,149839115,1747967229.32,5.3246,1.5437
2021-12-14,11.7,11.75,11.42,11.43,109692691,1264405771.77,3.898,-3.4628
2021-12-15,11.3,11.43,11.26,11.29,72571153,821289298.25,2.5788,-1.2248
2021-12-16,11.27,11.6,11.25,11.56,101810882,1169799732.08,3.6179,2.3915
2021-12-17,11.63,11.83,11.44,11.49,99979152,1160217542.86,3.5528,-0.6055
2021-12-20,11.49,11.72,11.3,11.31,77542853,888318018.02,2.7555,-1.5666
2021-12-21,11.2,11.21,10.87,11.13,83822530,927083259.5,2.9787,-1.5915
2021-12-22,11.2,11.3,11.06,11.21,66091535,739569106.99,2.3486,0.7188
2021-12-23,11.32,11.83,11.31,11.77,190777922,2219956042.65,6.7794,4.9955
2021-12-24,11.69,11.69,11.27,11.31,101096009,1154695778.4,3.5925,-3.9082
2021-12-27,11.18,11.35,11.0,11.26,61312191,685579082.62,2.1787,-0.4421
2021-12-28,11.26,11.27,11.06,11.16,55630460,620006294.78,1.9768,-0.8881
2021-12-29,11.17,11.17,10.94,10.99,56401505,623493952.09,2.0042,-1.5233
2021-12-30,10.99,11.55,10.98,11.36,107390784,1215543477.57,3.8162,3.3667
2021-12-31,11.29,11.31,11.11,11.17,64115137,717291219.59,2.2784,-1.6725
2022-01-04,11.11,11.21,11.01,11.17,62567615,695266561.68,2.2234,0.0
2022-01-05,11.14,11.16,10.81,10.87,73620377,806866421.99,2.6161,-2.6858
2022-01-06,10.98,11.07,10.9,11.02,52315037,575274848.03,1.859,1.3799
2022-01-07,11.02,11.62,11.02,11.39,161984812,1840189423.15,5.7562,3.3575
2022-01-10,11.4,12.16,11.35,11.95,197903945,2350075222.29,7.0326,4.9166
2022-01-11,11.99,12.86,11.8,12.72,265139218,3309619374.25,9.4218,6.4435
2022-01-12,12.97,12.98,12.5,12.66,169069026,2138793771.09,6.0079,-0.4717
2022-01-13,12.57,13.09,12.53,12.6,159448433,2031956889.3,5.666,-0.4739
2022-01-14,12.32,12.52,12.05,12.13,122766083,1502594225.7,4.3625,-3.7302
2022-01-17,12.01,12.17,11.73,12.04,89666510,1068668233.83,3.1863,-0.742
2022-01-18,11.97,12.68,11.93,12.5,135781480,1686555818.63,4.825,3.8206
2022-01-19,12.68,13.18,12.56,12.7,151170102,1943004649.01,5.3719,1.6
2022-01-20,12.65,12.96,12.51,12.62,109463514,1401928173.34,3.8898,-0.6299
2022-01-21,12.66,12.84,12.19,12.69,98840480,1247382289.11,3.5123,0.5547
2022-01-24,12.39,12.39,11.93,12.17,94489810,1145262268.11,3.3577,-4.0977
2022-01-25,12.16,12.25,11.5,11.52,89489278,1056652818.72,3.18,-5.341
2022-01-26,11.77,12.25,11.71,11.98,98935296,1188549820.72,3.5157,3.9931
2022-01-27,11.98,12.08,11.62,11.65,50663398,596521657.34,1.8003,-2.7546
2022-01-28,11.41,11.58,10.49,10.79,157174064,1683654239.37,5.5852,-7.382
2022-02-07,11.09,11.67,10.92,11.56,105763407,1203312587.84,3.7583,7.1362
2022-02-08,11.55,12.55,11.5,12.5,129159780,1552755207.82,4.5897,8.1315
2022-02-09,12.98,13.47,12.93,13.16,177943808,2340758240.49,6.3233,5.28
2022-02-10,13.5,13.88,13.29,13.38,172343475,2336452069.33,6.1243,1.6717
2022-02-11,13.1,14.0,13.01,13.41,165841823,2236650396.74,5.8932,0.2242
2022-02-14,13.18,13.51,12.75,12.9,120474189,1577858576.94,4.2811,-3.8031
2022-02-15,13.0,13.03,12.56,12.72,73943380,939231320.34,2.6276,-1.3953
2022-02-16,12.62,12.92,12.5,12.84,75944262,969614586.78,2.6987,0.9434
2022-02-17,12.98,13.36,12.84,13.08,97724248,1280290579.08,3.4727,1.8692
2022-02-18,12.9,13.65,12.86,13.56,119615278,1598156539.68,4.2506,3.6697
2022-02-21,13.46,13.65,13.02,13.47,116674142,1548743084.99,4.1461,-0.6637
2022-02-22,13.73,14.37,13.35,14.21,175537564,2422791060.19,6.2378,5.4937
2022-02-23,13.96,14.05,13.65,13.93,123118035,1707760766.89,4.375,-1.9704
2022-02-24,13.8,15.18,13.71,14.5,214619903,3088572165.81,7.6266,4.0919
2022-02-25,14.14,14.83,14.05,14.14,169697280,2448169629.01,6.0302,-2.4828
2022-02-28,14.38,14.51,14.01,14.41,130948171,1867417088.0,4.6533,1.9095
2022-03-01,14.3,14.35,13.41,13.86,164076412,2265175504.0,5.8305,-3.8168
2022-03-02,14.2,15.21,14.2,14.73,240663917,3534920896.0,8.5521,6.2771
2022-03-03,15.42,15.91,15.18,15.24,206312208,3191838608.0,7.3314,3.4623
2022-03-04,15.49,16.16,15.1,15.57,167287821,2608495792.0,5.9446,2.1654
2022-03-07,16.02,16.66,15.68,16.46,179071990,2869442752.0,6.3634,5.7161
2022-03-08,15.5,15.95,14.81,15.24,177340936,2735251264.0,6.3019,-7.4119
2022-03-09,14.48,14.89,13.82,14.53,145465469,2102563616.0,5.1692,-4.6588
2022-03-10,14.2,14.77,13.75,14.4,103528607,1480006688.0,3.6789,-0.8947
2022-03-11,14.3,15.04,13.9,14.99,121783143,1770474880.0,4.3276,4.0972
2022-03-14,14.54,14.73,13.49,13.49,138029516,1931279824.0,4.9049,-10.0067
2022-03-15,12.78,12.78,12.14,12.14,154625340,1903210640.0,5.4947,-10.0074
2022-03-16,12.27,12.62,11.41,12.51,147558404,1766798112.0,5.2435,3.0478
2022-03-17,12.59,13.13,12.13,12.7,148477304,1869657872.0,5.2762,1.5188
2022-03-18,12.78,13.53,12.77,13.43,129312983,1711353215.76,4.5952,5.748
2022-03-21,13.7,13.98,13.41,13.82,89876332,1237410031.74,3.1938,2.9039
2022-03-22,13.98,14.6,13.75,14.02,137356722,1944759888.62,4.881,1.4472
2022-03-23,13.74,14.33,13.58,14.1,89066213,1241868096.73,3.165,0.5706
2022-03-24,14.48,14.7,14.23,14.38,100322488,1451524254.33,3.565,1.9858
2022-03-25,14.2,14.56,13.78,13.81,87133994,1225690528.81,3.0963,-3.9638
2022-03-28,13.68,14.65,13.41,14.5,109524457,1558473582.92,3.892,4.9964
2022-03-29,14.55,14.72,14.17,14.38,83135626,1198198305.77,2.9542,-0.8276
2022-03-30,14.03,14.15,13.7,13.97,84826122,1184913918.13,3.0143,-2.8512
2022-03-31,14.0,14.15,13.38,13.68,82640561,1129182306.88,2.9367,-2.0759
2022-04-01,13.46,13.82,13.36,13.51,51795575,703056312.78,1.8406,-1.2427
2022-04-06,13.25,13.5,12.64,13.41,100578278,1311789823.39,3.5741,-0.7402
2022-04-07,13.1,13.18,12.64,12.82,94147729,1213406353.66,3.3456,-4.3997
2022-04-08,12.8,12.93,12.42,12.54,75106391,948541521.81,2.6689,-2.1841
2022-04-11,12.3,12.34,11.7,11.82,82019995,983008560.65,2.9146,-5.7416
2022-04-12,11.81,12.25,11.6,12.25,78695172,941536100.43,2.7965,3.6379
2022-04-13,12.1,13.32,12.04,12.95,133367679,1706124861.13,4.7393,5.7143
2022-04-14,12.99,13.57,12.9,13.3,97455703,1285868746.27,3.4631,2.7027
2022-04-15,13.3,13.59,13.11,13.16,96930236,1291951015.0,3.4444,-1.0526
2022-04-18,12.9,12.98,12.4,12.44,73625258,928902656.1,2.6163,-5.4711
2022-04-19,12.71,13.07,12.63,12.87,68207352,877181710.3,2.4238,3.4566
2022-04-20,12.65,12.79,11.96,12.01,82565720,1013047242.18,2.934,-6.6822
2022-04-21,12.0,12.2,11.52,11.64,72089278,854297036.31,2.5617,-3.0808
2022-04-22,11.4,11.59,11.17,11.41,56405373,642225074.64,2.0044,-1.9759
2022-04-25,10.9,10.9,10.27,10.27,98539034,1027076097.14,3.5016,-9.9912
2022-04-26,10.07,10.2,9.26,9.31,112806944,1081994245.03,4.0086,-9.3476
2022-04-27,9.22,10.24,9.08,10.24,102827984,1013776713.2,3.654,9.9893
2022-04-28,10.31,10.47,9.99,10.19,86239842,878763087.3,3.0646,-0.4883
2022-04-29,10.31,10.55,10.1,10.51,75292742,778058970.54,2.6755,3.1403
2022-05-05,10.26,10.62,10.02,10.48,65875837,688917624.3,2.3409,-0.2854
2022-05-06,10.14,10.22,10.0,10.06,54558293,550861967.58,1.9387,-4.0076
2022-05-09,9.92,10.24,9.87,10.02,40372087,406106128.42,1.4346,-0.3976
2022-05-10,9.78,10.1,9.61,10.1,54766023,543408502.74,1.9461,0.7984
2022-05-11,10.15,10.65,10.12,10.4,78470416,818538861.51,2.7885,2.9703
2022-05-12,10.41,10.56,10.01,10.18,65623353,672271065.52,2.3319,-2.1154
2022-05-13,10.25,10.36,10.02,10.29,63855635,651308223.95,2.2691,1.0806
2022-05-16,10.52,10.68,10.29,10.47,78807526,826752417.3,2.8004,1.7493
2022-05-17,10.46,10.63,10.34,10.52,61095542,640552706.58,2.171,0.4776
2022-05-18,10.52,10.55,10.26,10.37,46217357,479674298.94,1.6423,-1.4259
2022-05-19,10.13,10.33,9.99,10.32,67860694,688232810.33,2.4114,-0.4822
2022-05-20,10.66,11.35,10.62,11.35,151963560,1659473055.66,5.4001,9.9806
2022-05-23,11.47,11.78,11.29,11.63,153870880,1774702141.29,5.4678,2.467
2022-05-24,11.4,11.57,10.98,10.98,108947199,1231430661.01,3.8715,-5.589
2022-05-25,10.95,11.1,10.81,11.0,72794911,798115484.7,2.5868,0.1821
2022-05-26,11.02,11.44,10.74,11.19,81320102,901180262.06,2.8897,1.7273
2022-05-27,11.42,11.47,11.09,11.23,72455898,816912887.19,2.5747,0.3575
2022-05-30,11.2,11.62,11.18,11.46,91149347,1038344884.37,3.239,2.0481
2022-05-31,11.32,11.55,11.21,11.55,65109513,737886189.92,2.3137,0.7853
2022-06-01,11.26,11.3,11.07,11.24,66729766,747354707.62,2.3713,-2.684
2022-06-02,11.12,11.42,11.06,11.35,68471836,774631832.68,2.4332,0.9786
2022-06-06,11.48,11.79,11.47,11.68,79435962,926086774.62,2.8228,2.9075
2022-06-07,11.56,11.78,11.42,11.6,61451425,711761534.15,2.1837,-0.6849
2022-06-08,11.61,11.91,11.35,11.82,86224703,1006887375.9,3.064,1.8966
2022-06-09,11.81,11.86,11.36,11.46,64114666,742312483.52,2.2783,-3.0457
2022-06-10,11.11,11.72,11.06,11.66,81740420,936777934.22,2.9047,1.7452
2022-06-13,11.49,11.8,11.23,11.39,98542352,1129614185.22,3.5017,-2.3156
2022-06-14,11.17,11.27,10.6,11.14,144584569,1575960056.01,5.1378,-2.1949
2022-06-15,11.11,11.5,11.06,11.17,107916001,1223895171.48,3.8348,0.2693
2022-06-16,11.4,11.64,11.13,11.31,109189472,1240326740.13,3.8801,1.2534
2022-06-17,11.08,11.22,10.85,11.11,105344623,1162969893.75,3.7434,-1.7683
2022-06-20,11.0,11.04,10.5,10.6,147000642,1567820117.63,5.2237,-4.5905
2022-06-21,10.6,10.62,10.28,10.37,79304874,824523357.22,2.8181,-2.1698
2022-06-22,10.41,10.44,10.13,10.21,59771602,615031963.68,2.124,-1.5429
2022-06-23,10.1,10.18,9.86,10.17,81144771,812963470.69,2.8835,0.6931
2022-06-24,10.12,10.14,9.93,9.94,99684884,996447143.34,3.5423,-2.2616
2022-06-27,9.95,10.18,9.85,10.1,83347759,839404498.81,2.9618,1.6097
2022-06-28,10.16,10.27,9.95,10.19,191128918,1925271745.44,6.1306,0.8911
2022-06-29,10.18,10.41,10.01,10.02,172962176,1759500822.35,5.5479,-1.6683
2022-06-30,9.97,10.03,9.82,9.88,129716327,1284310147.95,4.1608,-1.3972
2022-07-01,9.83,10.09,9.66,10.06,130318318,1284631578.57,4.1801,1.8219
2022-07-04,9.95,10.02,9.87,10.0,81529224,810417808.42,2.6151,-0.5964
2022-07-05,9.98,10.65,9.95,10.45,243367048,2532420085.23,7.8062,4.5
2022-07-06,10.25,10.27,9.9,9.93,153710628,1536468781.25,4.9304,-4.9761
2022-07-07,9.84,10.1,9.74,9.93,96420298,955205463.79,3.0928,0.0
2022-07-08,9.98,10.07,9.84,9.87,65090204,646118328.43,2.0878,-0.6042
2022-07-11,9.8,9.8,9.6,9.67,62039222,599099947.88,1.99,-2.0263
2022-07-12,9.61,9.83,9.61,9.66,55089011,536262737.09,1.767,-0.1034
2022-07-13,9.57,9.59,9.38,9.51,78013296,739413952.54,2.5023,-1.5528
2022-07-14,9.45,9.5,9.4,9.43,46686924,440759315.29,1.4975,-0.8412
2022-07-15,9.35,9.44,9.22,9.23,58278513,542692912.39,1.8693,-2.1209
2022-07-18,9.41,9.62,9.36,9.6,76676776,729512320.02,2.4595,4.0087
2022-07-19,9.68,9.81,9.55,9.63,60406913,583827286.45,1.9376,0.3125
2022-07-20,9.6,9.64,9.52,9.57,48984871,468639545.69,1.5712,-0.6231
2022-07-21,9.59,9.62,9.44,9.44,49242310,467376352.86,1.5795,-1.3584
2022-07-22,9.41,9.69,9.41,9.58,67418873,645301519.78,2.1625,1.4831
2022-07-25,10.12,10.18,9.77,9.84,125088752,1242623364.12,4.0123,2.714
2022-07-26,9.8,9.84,9.57,9.82,61268798,593705523.15,1.9652,-0.2033
2022-07-27,9.71,9.87,9.7,9.75,43020758,421014637.42,1.3799,-0.7128
2022-07-28,9.86,9.97,9.77,9.84,57771226,568091234.2,1.8531,0.9231
2022-07-29,9.9,10.17,9.81,10.04,127639493,1280816377.53,4.0941,2.0325
2022-08-01,10.03,10.21,9.89,10.1,87967249,886533992.35,2.8216,0.5976
2022-08-02,9.91,9.92,9.44,9.55,104763874,1009658815.5,3.3604,-5.4455
2022-08-03,9.47,9.72,9.33,9.35,62208384,592928988.25,1.9954,-2.0942
2022-08-04,9.35,9.46,9.27,9.39,45330589,424217672.57,1.454,0.4278
2022-08-05,9.42,9.85,9.38,9.75,73650488,707232995.05,2.3624,3.8339
2022-08-08,9.66,9.8,9.59,9.78,48084515,466974768.22,1.5423,0.3077
2022-08-09,9.76,9.9,9.72,9.88,64287367,631264690.09,2.0621,1.0225
2022-08-10,9.88,10.56,9.86,10.32,196237136,2009779959.67,6.2945,4.4534
2022-08-11,10.3,10.59,10.22,10.37,140656199,1466173276.07,4.5117,0.4845
2022-08-12,10.37,10.65,10.29,10.49,135253115,1423821853.39,4.3383,1.1572
2022-08-15,10.47,10.89,10.32,10.69,147276643,1570076640.32,4.724,1.9066
2022-08-16,10.62,10.75,10.43,10.58,97571183,1028878300.29,3.1297,-1.029
2022-08-17,10.69,10.7,10.38,10.61,89954172,946631281.09,2.8854,0.2836
2022-08-18,10.6,10.65,10.44,10.5,70967102,746332179.74,2.2763,-1.0368
2022-08-19,10.43,10.58,10.3,10.41,82752954,864666303.71,2.6544,-0.8571
2022-08-22,10.5,10.98,10.38,10.91,150409438,1615302253.44,4.8245,4.8031
2022-08-23,10.83,11.05,10.55,10.82,132303728,1421098058.36,4.2437,-0.8249
2022-08-24,10.99,11.1,10.65,10.7,117944948,1276517713.51,3.7832,-1.1091
2022-08-25,10.68,11.4,10.66,11.31,233420461,2595208202.62,7.4871,5.7009
2022-08-26,11.27,11.45,11.0,11.02,114332452,1277465884.32,3.6673,-2.5641
2022-08-29,10.8,11.08,10.52,10.95,69161643,750482395.5,2.2184,-0.6352
2022-08-30,10.93,10.94,10.45,10.52,81068206,858359060.7,2.6003,-3.9269
2022-08-31,10.41,10.44,9.95,10.09,92321012,935163784.24,2.9613,-4.0875
2022-09-01,10.19,10.28,10.0,10.05,54560174,553821786.11,1.7501,-0.3964
2022-09-02,10.0,10.13,9.85,10.05,49882362,498991916.75,1.6,0.0
2022-09-05,10.04,10.12,9.8,9.87,59364931,591224328.18,1.9042,-1.791
2022-09-06,9.9,10.25,9.87,10.22,65312570,660286980.18,2.095,3.5461
2022-09-07,10.13,11.24,10.1,11.24,236324319,2606476316.46,7.5803,9.9804
2022-09-08,11.25,11.29,10.83,11.07,201685022,2233946290.6,6.4692,-1.5125
2022-09-09,11.18,11.9,11.11,11.66,214208907,2461940799.97,6.8709,5.3297
2022-09-13,11.81,11.86,11.38,11.45,136300291,1580910727.33,4.3719,-1.801
2022-09-14,11.0,11.28,10.88,10.9,134236988,1482675876.37,4.3058,-4.8035
2022-09-15,10.93,11.0,10.33,10.51,130509196,1380605803.99,4.1862,-3.578
2022-09-16,10.47,10.6,10.03,10.04,115808053,1189389990.56,3.7146,-4.4719
2022-09-19,9.95,10.16,9.87,9.95,88512424,886342844.19,2.8391,-0.8964
2022-09-20,10.03,10.25,9.97,10.11,78259490,789798093.0,2.5102,1.608
2022-09-21,10.01,10.31,9.84,10.28,74882469,755763068.6,2.4019,1.6815
2022-09-22,10.1,10.29,9.91,9.99,88296979,889349359.1,2.8322,-2.821
2022-09-23,9.97,10.03,9.53,9.67,91110253,887946008.74,2.9224,-3.2032
2022-09-26,9.45,9.62,9.15,9.18,85066199,796528383.65,2.7286,-5.0672
2022-09-27,9.22,9.3,9.05,9.3,70398150,644404305.83,2.2581,1.3072
2022-09-28,9.19,9.2,8.9,8.96,69956926,631873897.74,2.2439,-3.6559
2022-09-29,9.29,9.32,8.96,9.02,41249833,374401087.1,1.3231,0.6696
2022-09-30,9.05,9.32,9.04,9.21,74932035,690379833.47,2.4035,2.1064
2022-10-10,9.19,9.35,9.02,9.15,51110009,470838537.13,1.6394,-0.6515
2022-10-11,9.15,9.26,9.06,9.22,37735487,346287862.91,1.2104,0.765
2022-10-12,9.21,9.55,9.13,9.54,57112236,533497147.25,1.8319,3.4707
2022-10-13,9.63,9.7,9.44,9.52,56605315,540553382.12,1.8157,-0.2096
2022-10-14,9.57,9.66,9.47,9.62,61947443,593151570.45,1.987,1.0504
2022-10-17,9.48,9.56,9.29,9.5,57009665,536376749.15,1.8286,-1.2474
2022-10-18,9.5,9.51,9.33,9.42,52553878,493209509.7,1.6857,-0.8421
2022-10-19,9.36,9.41,9.23,9.23,34947146,326004346.0,1.121,-2.017
2022-10-20,9.23,9.32,9.09,9.2,36992792,340797284.74,1.1866,-0.325
2022-10-21,9.29,9.31,9.18,9.23,26066587,241079907.63,0.8361,0.3261
2022-10-24,9.26,9.35,9.1,9.13,34135054,314702345.94,1.0949,-1.0834
2022-10-25,9.1,9.21,8.91,9.19,37617643,340671691.09,1.2066,0.6572
2022-10-26,9.19,9.65,9.14,9.56,85761932,811749461.57,2.7509,4.0261
2022-10-27,9.61,9.84,9.56,9.64,69302365,671946629.66,2.2229,0.8368
2022-10-28,9.6,9.6,9.2,9.26,56480625,528489552.42,1.8117,-3.9419
2022-10-31,9.19,9.36,9.07,9.17,37314552,342696572.04,1.1969,-0.9719
2022-11-01,9.21,9.43,9.16,9.43,40438543,376324672.31,1.2971,2.8353
2022-11-02,9.4,9.82,9.38,9.64,65319124,628748899.27,2.0952,2.2269
2022-11-03,9.52,9.73,9.51,9.6,33212741,319281471.97,1.0653,-0.4149
2022-11-04,9.58,9.95,9.58,9.88,59675126,585352785.07,1.9141,2.9167
2022-11-07,10.08,10.24,10.03,10.14,79192382,803883774.14,2.5402,2.6316
2022-11-08,10.1,10.18,9.92,10.11,48434513,487231520.33,1.5536,-0.2959
2022-11-09,10.22,10.4,10.17,10.18,54043552,555557820.29,1.7335,0.6924
2022-11-10,10.01,10.08,9.94,9.97,36384089,363745585.51,1.167,-2.0629
2022-11-11,10.34,10.56,10.21,10.49,105376967,1097900265.78,3.38,5.2156
2022-11-14,10.68,10.8,10.27,10.36,78231160,822918531.12,2.5093,-1.2393
2022-11-15,10.33,10.55,10.21,10.48,56916139,591116789.13,1.8256,1.1583
2022-11-16,10.47,10.52,10.3,10.38,35613011,369789615.25,1.1423,-0.9542
2022-11-17,10.26,10.42,10.2,10.3,40339769,414852839.95,1.2939,-0.7707
2022-11-18,10.27,10.29,10.15,10.15,31012826,316519312.34,0.9948,-1.4563
2022-11-21,10.06,10.15,9.93,10.13,24645385,247509911.85,0.7905,-0.197
2022-11-22,10.1,10.36,10.05,10.12,32123051,326986754.5,1.0304,-0.0987
2022-11-23,10.16,10.24,10.08,10.15,25303366,257059106.24,0.8116,0.2964
2022-11-24,10.29,10.31,10.11,10.13,23516840,239559417.93,0.7543,-0.197
2022-11-25,10.09,10.28,10.0,10.2,30748494,313042160.41,0.9863,0.691
2022-11-28,10.04,10.19,9.86,10.08,35313992,353738003.39,1.1327,-1.1765
2022-11-29,10.23,10.78,10.18,10.65,87641891,920521030.48,2.8112,5.6548
2022-11-30,10.53,10.74,10.51,10.64,41403578,440167832.53,1.3281,-0.0939
2022-12-01,10.95,11.15,10.77,10.87,88025601,964690689.71,2.8235,2.1617
2022-12-02,10.85,10.89,10.65,10.71,36964808,397144104.48,1.1857,-1.4719
2022-12-05,10.85,11.78,10.85,11.71,165037226,1900359113.65,5.2937,9.3371
2022-12-06,11.6,12.04,11.51,11.92,123613252,1462317155.1,3.965,1.7933
2022-12-07,11.89,11.92,11.44,11.65,96482442,1121244169.15,3.0947,-2.2651
2022-12-08,11.53,11.8,11.39,11.69,60022142,695593535.25,1.9253,0.3433
2022-12-09,11.8,12.4,11.68,12.3,115527797,1402404604.96,3.7056,5.2181
2022-12-12,12.1,12.3,11.68,11.8,77600355,930025031.3,2.4891,-4.065
2022-12-13,11.69,11.95,11.62,11.79,37023447,436637647.04,1.1876,-0.0847
2022-12-14,11.8,12.22,11.79,11.94,40391326,482948184.66,1.2956,1.2723
2022-12-15,11.83,11.88,11.55,11.69,43838051,511078075.53,1.4061,-2.0938
2022-12-16,11.52,11.79,11.47,11.72,33323220,388688907.13,1.0689,0.2566
2022-12-19,11.78,11.85,11.26,11.36,35567080,406604366.63,1.1408,-3.0717
2022-12-20,11.32,11.35,10.95,11.12,36089874,401672646.86,1.1576,-2.1127
2022-12-21,11.21,11.25,10.89,10.95,29443133,323692356.42,0.9444,-1.5288
2022-12-22,10.95,11.08,10.53,10.59,43355316,466636978.04,1.3907,-3.2877
2022-12-23,10.49,10.61,10.42,10.54,22189400,233108380.52,0.7117,-0.4721
2022-12-26,10.59,10.88,10.5,10.82,39054147,416636831.62,1.2527,2.6565
2022-12-27,10.8,11.63,10.8,11.4,54733883,622862118.21,1.7556,5.3604
2022-12-28,11.31,11.54,11.15,11.21,37135432,419095362.35,1.1911,-1.6667
2022-12-29,11.12,11.24,10.99,11.13,32608038,363110694.1,1.0459,-0.7136
2022-12-30,11.19,11.31,10.97,11.12,33344858,371491168.51,1.0696,-0.0898
2023-01-03,11.1,11.19,10.8,11.12,34815835,383773623.38,1.1167,0.0
2023-01-04,11.0,11.1,10.86,10.88,29763679,326308361.98,0.9547,-2.1583
2023-01-05,10.77,10.91,10.75,10.82,39893024,431511536.58,1.2796,-0.5515
2023-01-06,10.8,11.33,10.8,11.0,50810133,563361493.48,1.4806,1.6636
2023-01-09,11.17,11.82,11.1,11.53,63473098,730082383.99,1.8496,4.8182
2023-01-10,11.65,12.3,11.63,12.04,91533045,1100490959.78,2.6673,4.4232
2023-01-11,12.1,12.58,12.08,12.49,94006320,1170092773.63,2.7394,3.7375
2023-01-12,12.51,13.0,12.5,12.68,75255726,958881256.33,2.193,1.5212
2023-01-13,12.88,12.93,12.53,12.7,59011232,749418026.22,1.7196,0.1577
2023-01-16,12.95,13.03,12.68,12.78,48419813,622625070.25,1.411,0.6299
2023-01-17,12.71,12.85,12.63,12.79,29652467,378877125.99,0.8641,0.0782
2023-01-18,12.8,13.16,12.77,13.02,34334831,447100019.53,1.0005,1.7983
2023-01-19,12.85,13.03,12.79,12.9,20156549,260106113.09,0.5874,-0.9217
2023-01-20,13.0,13.51,12.92,13.43,47002565,626068258.68,1.3697,4.1085
2023-01-30,13.71,13.78,13.17,13.33,48572597,650488519.67,1.4154,-0.7446
2023-01-31,13.27,13.76,13.15,13.45,34998380,472171289.06,1.0199,0.9002
2023-02-01,13.78,13.98,13.56,13.8,53523371,736918636.12,1.5597,2.6022
2023-02-02,13.8,13.82,13.38,13.73,57434830,779498767.14,1.6737,-0.5072
2023-02-03,13.6,13.68,13.39,13.54,44158541,596987999.01,1.2868,-1.3838
2023-02-06,13.21,13.43,13.05,13.43,46406880,615220835.86,1.3523,-0.8124
2023-02-07,13.41,13.56,13.25,13.43,36143428,483799454.49,1.0532,0.0
2023-02-08,13.43,13.5,13.01,13.06,41426615,545580131.85,1.2072,-2.755
2023-02-09,13.0,13.15,12.96,13.07,35607801,464617136.32,1.0376,0.0766
2023-02-10,13.08,13.09,12.7,12.81,38366771,492059750.02,1.118,-1.9893
2023-02-13,12.8,13.24,12.62,13.05,51541517,666266918.16,1.5019,1.8735
2023-02-14,13.14,13.79,13.05,13.43,69060361,933813429.42,2.0124,2.9119
2023-02-15,13.36,13.92,13.34,13.57,43486466,593914991.46,1.2672,1.0424
2023-02-16,13.5,13.58,12.87,13.02,53756325,709937383.91,1.5665,-4.0531
2023-02-17,13.14,13.6,13.11,13.35,46028889,615990656.53,1.3413,2.5346
2023-02-20,13.56,14.5,13.56,14.33,82700235,1167334030.24,2.4099,7.3408
2023-02-21,14.37,14.56,14.12,14.36,48317792,692779005.04,1.408,0.2094
2023-02-22,14.2,14.25,13.92,14.03,39104872,548821084.34,1.1395,-2.2981
2023-02-23,14.0,14.13,13.85,14.06,28468693,398136267.26,0.8296,0.2138
2023-02-24,13.94,13.95,13.47,13.53,44955093,611496202.29,1.31,-3.7696
2023-02-27,13.3,13.62,13.21,13.43,33059371,443433574.69,0.9634,-0.7391
2023-02-28,13.52,13.57,13.17,13.34,38960476,518340351.34,1.1353,-0.6701
2023-03-01,13.38,14.1,13.26,14.02,57585993,794080171.23,1.6781,5.0975
2023-03-02,14.0,14.34,13.85,13.97,37690379,529318445.63,1.0983,-0.3566
2023-03-03,13.89,14.0,13.62,13.92,30858945,426798615.71,0.8992,-0.3579
2023-03-06,13.87,13.9,13.25,13.46,56473978,758552081.85,1.6457,-3.3046
2023-03-07,13.43,13.95,13.35,13.58,42246961,578674008.27,1.2311,0.8915
2023-03-08,13.36,13.45,13.23,13.32,31209877,415405207.42,0.9095,-1.9146
2023-03-09,13.41,13.43,13.06,13.22,26511934,349745540.14,0.7726,-0.7508
2023-03-10,13.01,13.17,12.8,12.84,32233171,415191208.51,0.9393,-2.8744
2023-03-13,12.81,13.03,12.68,12.93,39194224,503711510.43,1.1421,0.7009
2023-03-14,12.95,13.24,12.74,12.76,34725416,449314033.57,1.0119,-1.3148
2023-03-15,12.76,12.95,12.73,12.86,22059946,283435337.67,0.6428,0.7837
2023-03-16,12.56,12.56,12.18,12.27,54788453,676122718.46,1.5966,-4.5879
2023-03-17,12.4,12.94,12.34,12.84,51631139,656028402.69,1.5045,4.6455
2023-03-20,12.9,13.3,12.84,13.09,42801625,562377021.03,1.2473,1.947
2023-03-21,13.06,13.2,12.85,13.14,23539899,306940901.32,0.686,0.382
2023-03-22,13.18,13.48,13.02,13.07,34611416,457894990.22,1.0086,-0.5327
2023-03-23,13.13,13.63,13.02,13.5,40741510,545927679.87,1.1872,3.29
2023-03-24,13.49,14.01,13.35,13.71,54449655,746962619.2,1.5867,1.5556
2023-03-27,13.68,13.82,13.46,13.6,26131487,355307251.56,0.7615,-0.8023
2023-03-28,13.65,13.96,13.39,13.45,34841754,473830979.37,1.0153,-1.1029
2023-03-29,13.44,13.52,13.19,13.38,26482164,353998952.46,0.7717,-0.5204
2023-03-30,13.35,13.51,13.02,13.46,31325399,415555333.58,0.9128,0.5979
2023-03-31,13.4,13.77,13.37,13.61,36172176,492215851.12,1.0541,1.1144
2023-04-03,13.56,13.65,13.1,13.14,52433361,695917253.55,1.5279,-3.4533
2023-04-04,13.0,13.44,12.65,13.29,46093949,601267290.99,1.3432,1.1416
2023-04-06,13.14,13.33,12.92,13.11,24073627,315394903.22,0.7015,-1.3544
2023-04-07,13.11,13.4,13.03,13.1,24497843,323353043.4,0.7139,-0.0763
2023-04-10,13.02,13.79,13.0,13.53,45233079,612696571.14,1.3181,3.2824
2023-04-11,13.48,13.73,13.32,13.69,33775375,458044664.49,0.9842,1.1826
2023-04-12,13.64,14.5,13.6,14.26,59075521,840761568.44,1.7215,4.1636
2023-04-13,14.19,14.83,14.19,14.36,51872304,753376070.16,1.5116,0.7013
2023-04-14,14.6,15.26,14.5,15.17,72376334,1084490654.94,2.1091,5.6407
2023-04-17,15.05,16.11,14.94,15.95,87841018,1378778577.97,2.5597,5.1417
2023-04-18,15.96,16.06,15.56,15.85,54709978,863148077.77,1.5943,-0.627
2023-04-19,15.9,16.06,15.6,15.69,41845669,661550304.7,1.2194,-1.0095
2023-04-20,15.68,15.68,15.0,15.56,60307521,923394187.16,1.7574,-0.8286
2023-04-21,15.41,15.49,14.98,15.02,33755144,512033875.24,0.9836,-3.4704
2023-04-24,15.0,15.05,14.28,14.42,53416271,777167805.03,1.5566,-3.9947
2023-04-25,14.51,14.76,14.25,14.46,35302504,512555102.43,1.0287,0.2774
2023-04-26,14.2,14.72,13.72,14.2,49478936,709103353.65,1.4418,-1.7981
2023-04-27,14.1,14.2,13.78,13.94,36002860,501719236.38,1.0491,-1.831
2023-04-28,14.0,14.4,13.97,14.22,34206690,485606285.08,0.9968,2.0086
2023-05-04,14.1,14.32,13.73,14.08,29336050,411919262.0,0.8549,-0.9845
2023-05-05,14.0,14.2,13.4,13.56,41938652,571504980.49,1.2221,-3.6932
2023-05-08,13.6,14.56,13.6,14.39,43774314,624594636.03,1.2756,6.1209
2023-05-09,14.39,14.49,13.71,13.72,44645605,621241546.83,1.301,-4.656
2023-05-10,13.72,13.88,13.56,13.79,23201706,318810648.1,0.6761,0.5102
2023-05-11,13.73,13.75,13.22,13.35,40762452,546681854.21,1.1878,-3.1907
2023-05-12,13.1,13.14,12.49,12.85,67947660,868424915.81,1.98,-3.7453
2023-05-15,12.8,12.97,12.57,12.9,38238219,489530979.42,1.1143,0.3891
2023-05-16,12.95,13.26,12.88,13.04,35104775,459738378.16,1.023,1.0853
2023-05-17,12.99,13.1,12.82,12.88,19330269,249471519.75,0.5633,-1.227
2023-05-18,13.13,13.24,12.83,12.91,26073221,338207610.46,0.7598,0.2329
2023-05-19,12.8,12.82,12.52,12.7,26903761,340734857.22,0.784,-1.6266
2023-05-22,12.6,12.89,12.6,12.81,19932062,253871305.32,0.5808,0.8661
2023-05-23,12.9,13.05,12.5,12.5,26220594,331277644.93,0.7641,-2.42
2023-05-24,12.4,12.46,12.15,12.22,26522514,326333021.94,0.7729,-2.24
2023-05-25,12.18,12.22,11.83,12.02,31528826,378186675.71,0.9188,-1.6367
2023-05-26,12.02,12.48,11.85,12.39,28307963,345379384.58,0.8249,3.0782
2023-05-29,12.3,12.53,12.21,12.43,21619989,268059223.26,0.63,0.3228
2023-05-30,12.32,12.51,12.16,12.34,32157983,395334446.02,0.9371,-0.7241
2023-05-31,12.27,12.33,12.02,12.1,29517820,358131756.64,0.8602,-1.9449
2023-06-01,12.14,12.6,12.02,12.4,39483977,489427583.13,1.1506,2.4793
2023-06-02,12.5,13.08,12.5,13.0,65661510,849641460.73,1.9134,4.8387
2023-06-05,12.95,13.13,12.79,12.84,30469950,392905860.59,0.8879,-1.2308
2023-06-06,12.75,13.5,12.75,13.11,72975749,967084765.98,2.1265,2.1028
2023-06-07,13.13,13.3,12.85,12.94,28592042,371925218.75,0.8332,-1.2967
2023-06-08,12.89,13.09,12.7,12.93,27946059,360673690.84,0.8144,-0.0773
2023-06-09,13.03,13.21,12.82,12.9,30098935,390506546.43,0.8771,-0.232
2023-06-12,12.78,13.17,12.71,13.05,40157398,520932950.02,1.1702,1.1628
2023-06-13,12.9,13.17,12.81,13.13,27305490,356707005.02,0.7957,0.613
2023-06-14,13.23,13.64,13.06,13.41,52771680,707948927.17,1.5378,2.1325
2023-06-15,13.3,13.58,13.1,13.5,38888715,518127954.62,1.1332,0.6711
2023-06-16,13.5,13.83,13.39,13.75,43110782,587753037.32,1.2563,1.8519
2023-06-19,13.6,13.66,13.01,13.06,56313275,745426244.31,1.641,-5.0182
2023-06-20,12.98,13.11,12.88,12.98,27651788,358626954.09,0.8058,-0.6126
2023-06-21,12.91,13.03,12.68,12.68,25857423,331615807.64,0.7535,-2.3112
2023-06-26,12.5,12.63,12.33,12.35,23203833,288665686.79,0.6762,-2.6025
2023-06-27,12.35,13.15,12.34,12.99,36106469,462464963.29,1.0522,5.1822
2023-06-28,13.02,13.03,12.7,12.93,19224650,247240134.48,0.5544,-0.4619
2023-06-29,12.92,12.92,12.58,12.6,22204967,281312219.08,0.6403,-2.5522
2023-06-30,12.46,12.84,12.44,12.73,22361231,283931001.96,0.6448,2.3312
2023-07-03,12.7,13.18,12.68,13.0,37676746,490310380.97,1.0864,2.121
2023-07-04,13.2,13.24,12.7,12.87,30690393,395896490.35,0.885,-1.0
2023-07-05,12.79,13.05,12.71,12.93,23939488,309490059.3,0.6903,0.4662
2023-07-06,12.91,12.94,12.67,12.7,19779729,252137945.56,0.5704,-1.7788
2023-07-07,12.63,13.45,12.53,13.01,63230826,823057612.47,1.8233,2.4409
2023-07-10,12.82,12.92,12.59,12.76,37237490,473854373.85,1.0738,-1.9216
2023-07-11,12.72,12.75,12.42,12.47,37387767,467207756.84,1.0781,-2.2727
2023-07-12,12.48,12.66,12.38,12.46,26157596,327607926.16,0.7543,-0.0802
2023-07-13,12.6,13.16,12.59,13.15,81485199,1060717086.03,2.3497,5.5377
2023-07-14,13.18,13.43,13.02,13.13,37711778,497756845.55,1.0874,-0.1521
2023-07-17,13.0,13.06,12.71,12.77,25322109,325135607.54,0.7302,-2.7418
2023-07-18,12.77,13.09,12.77,12.96,19940807,257767414.92,0.575,1.4879
2023-07-19,12.91,13.25,12.9,13.18,34348354,451055613.21,0.9905,1.6975
2023-07-20,13.19,13.88,13.18,13.55,73528338,1000060591.48,2.1202,2.8073
2023-07-21,13.57,13.59,13.29,13.36,32910230,440853547.8,0.949,-1.4022
2023-07-24,13.35,13.39,12.99,13.15,32251645,424548748.65,0.93,-1.5719
2023-07-25,13.55,14.47,13.52,14.33,109559830,1563376086.22,3.1592,8.9734
2023-07-26,14.5,14.58,14.25,14.44,52521053,757678571.96,1.5145,0.7676
2023-07-27,14.46,14.8,14.33,14.47,43884427,639793342.3,1.2654,0.2078
2023-07-28,14.2,14.91,14.12,14.75,52884154,774226726.59,1.525,1.935
2023-07-31,14.85,15.32,14.72,14.84,49422616,741229842.4,1.4251,0.6102
2023-08-01,14.9,15.46,14.88,14.99,52664682,796869405.1,1.5186,1.0108
2023-08-02,14.86,15.25,14.64,15.08,36285281,544043713.92,1.0463,0.6004
2023-08-03,14.87,14.97,14.63,14.69,41877081,616504730.86,1.2076,-2.5862
2023-08-04,14.89,15.18,14.84,14.91,27618150,414362715.22,0.7964,1.4976
2023-08-07,14.85,15.01,14.62,14.9,20162480,299364635.09,0.5814,-0.0671
2023-08-08,14.87,15.28,14.78,15.12,26029369,393372721.11,0.7506,1.4765
2023-08-09,15.0,15.38,14.81,14.9,19685196,293895341.84,0.5676,-1.455
2023-08-10,14.8,14.95,14.68,14.76,21442973,316873461.5,0.6183,-0.9396
2023-08-11,14.72,15.0,14.43,14.48,26600797,389108174.1,0.7671,-1.897
2023-08-14,14.3,14.64,14.2,14.5,20443173,295814339.1,0.5895,0.1381
2023-08-15,14.5,14.76,14.33,14.52,14126842,205486141.0,0.4074,0.1379
2023-08-16,14.51,14.83,14.36,14.61,27667283,405183796.17,0.7978,0.6198
2023-08-17,14.51,14.78,14.25,14.75,16918871,246840575.17,0.4879,0.9582
2023-08-18,14.75,14.83,14.38,14.38,16682898,243346151.08,0.4811,-2.5085
2023-08-21,14.29,14.75,14.28,14.4,17976011,261937801.82,0.5184,0.1391
2023-08-22,14.4,14.52,14.16,14.32,35267635,504671066.44,1.017,-0.5556
2023-08-23,14.39,14.45,13.86,14.09,32617481,459900045.02,0.9406,-1.6061
2023-08-24,14.17,14.44,14.07,14.16,21102536,300685664.49,0.6085,0.4968
2023-08-25,14.06,14.2,13.75,13.93,24903744,347552505.49,0.7181,-1.6243
2023-08-28,14.83,14.83,13.9,14.14,33532598,477337470.67,0.9669,1.5075
2023-08-29,14.09,14.45,14.02,14.42,27063950,387039616.93,0.7804,1.9802
2023-08-30,14.42,14.94,14.37,14.4,25031186,365183987.28,0.7218,-0.1387
2023-08-31,14.58,14.83,14.3,14.44,26191669,380796494.05,0.7553,0.2778
2023-09-01,14.55,15.88,14.55,15.69,92004406,1430036599.31,2.653,8.6565
2023-09-04,15.6,16.45,15.5,16.21,92842184,1489855750.82,2.6772,3.3142
2023-09-05,15.98,16.04,15.61,15.68,41138426,647628921.64,1.1863,-3.2696
2023-09-06,15.68,15.83,15.47,15.73,33623634,527019918.71,0.9696,0.3189
2023-09-07,15.66,15.75,15.39,15.51,28778502,448087095.81,0.8299,-1.3986
2023-09-08,15.38,15.56,15.21,15.33,18672212,286611703.15,0.5384,-1.1605
2023-09-11,15.39,15.67,15.3,15.59,43491994,674455832.63,1.2541,1.696
2023-09-12,15.65,15.7,15.03,15.07,41307523,630065960.38,1.1911,-3.3355
2023-09-13,14.95,15.2,14.86,15.14,31229788,470196784.04,0.9005,0.4645
2023-09-14,15.09,15.39,15.02,15.17,27549612,419099347.24,0.7944,0.1982
2023-09-15,15.34,15.55,15.01,15.25,40997789,627088149.63,1.1822,0.5274
2023-09-18,15.11,15.25,14.7,15.16,33614253,503677480.72,0.9693,-0.5902
2023-09-19,15.24,15.28,15.06,15.26,22702610,344946140.07,0.6546,0.6596
2023-09-20,15.22,15.26,14.92,15.02,20951544,314658117.83,0.6042,-1.5727
2023-09-21,15.1,15.12,14.87,14.96,18535753,277357988.09,0.5345,-0.3995
2023-09-22,14.9,14.95,14.4,14.9,51053440,750606223.8,1.4722,-0.4011
2023-09-25,14.87,15.07,14.56,14.61,39014442,573984737.12,1.125,-1.9463
2023-09-26,14.55,15.26,14.49,14.96,40782263,611608446.57,1.176,2.3956
2023-09-27,14.98,15.23,14.89,15.02,22016913,331198815.05,0.6349,0.4011
2023-09-28,15.15,15.55,14.95,15.1,26201221,398567790.02,0.7555,0.5326
2023-10-09,14.96,15.18,14.69,15.13,24503519,366097563.51,0.7066,0.1987
2023-10-10,15.12,15.33,14.8,14.85,26250005,392774837.92,0.7569,-1.8506
2023-10-11,14.97,15.0,14.65,14.81,22448858,331700750.62,0.6473,-0.2694
2023-10-12,14.79,14.95,14.56,14.83,18471309,272846551.8,0.5326,0.135
2023-10-13,14.68,14.72,14.19,14.35,36348228,520332988.27,1.0481,-3.2367
2023-10-16,14.18,14.4,14.0,14.07,33063894,466974681.98,0.9534,-1.9512
2023-10-17,14.15,14.17,13.83,13.96,25545969,356451831.4,0.7366,-0.7818
2023-10-18,13.96,14.13,13.9,13.99,24665920,346009354.07,0.7113,0.2149
2023-10-19,13.87,14.02,13.82,13.87,16028513,223105612.97,0.4622,-0.8578
2023-10-20,13.87,13.96,13.71,13.74,18370408,254036621.69,0.5297,-0.9373
2023-10-23,13.66,13.69,13.2,13.4,26909912,360498878.94,0.776,-2.4745
2023-10-24,13.42,13.62,13.14,13.19,32935463,437266437.47,0.9497,-1.5672
2023-10-25,13.77,14.19,13.46,13.46,50267377,693826886.8,1.4495,2.047
2023-10-26,13.32,13.52,13.15,13.42,27397799,365570539.86,0.79,-0.2972
2023-10-27,13.27,13.72,13.27,13.39,38034794,512744848.28,1.0968,-0.2235
2023-10-30,13.38,14.04,13.38,13.89,55571456,768589506.26,1.6024,3.7341
2023-10-31,13.81,14.01,13.79,13.92,25269091,351075330.72,0.7287,0.216
2023-11-01,13.9,14.11,13.75,14.04,19699762,274637251.37,0.5681,0.8621
2023-11-02,14.12,14.22,13.66,13.7,26007972,360733135.94,0.75,-2.4217
2023-11-03,13.75,13.83,13.53,13.57,23098675,314545038.63,0.6661,-0.9489
2023-11-06,13.75,13.75,13.03,13.21,63348764,836860747.1,1.8267,-2.6529
2023-11-07,13.21,13.25,12.56,13.03,60079131,771489537.71,1.7324,-1.3626
2023-11-08,13.01,13.03,12.7,12.82,40063202,514469444.91,1.1553,-1.6117
2023-11-09,12.78,13.05,12.71,12.93,33164636,427806333.75,0.9563,0.858
2023-11-10,12.85,12.86,12.7,12.73,17538120,223493615.99,0.5057,-1.5468
2023-11-13,12.64,12.77,12.57,12.74,22156759,280590554.89,0.6389,0.0786
2023-11-14,12.74,13.03,12.67,12.98,31682895,409402767.2,0.9136,1.8838
2023-11-15,13.2,13.66,13.2,13.38,55528100,747190029.15,1.6012,3.0817
2023-11-16,13.3,13.4,13.11,13.28,26004216,344575294.27,0.7499,-0.7474
2023-11-17,13.21,13.28,12.94,13.26,25499631,334626513.3,0.7353,-0.1506
2023-11-20,13.28,13.35,13.0,13.09,26040402,341531424.2,0.7509,-1.2821
2023-11-21,13.16,13.47,13.12,13.21,35812015,477181027.84,1.0327,0.9167
2023-11-22,13.15,13.17,12.95,12.95,23170205,301373126.68,0.6681,-1.9682
2023-11-23,12.89,13.11,12.8,13.1,16213023,210511845.81,0.4675,1.1583
2023-11-24,13.09,13.12,12.95,13.07,17480067,227519625.29,0.5041,-0.229
2023-11-27,12.98,13.18,12.89,12.99,17731079,230343315.48,0.5113,-0.6121
2023-11-28,13.01,13.02,12.82,12.97,21461418,277035753.65,0.6189,-0.154
2023-11-29,12.98,13.07,12.88,12.92,16631055,215555940.46,0.4796,-0.3855
2023-11-30,12.95,12.96,12.77,12.87,21055220,270880537.72,0.6071,-0.387
2023-12-01,12.91,12.91,12.64,12.77,27166900,345200893.32,0.7834,-0.777
2023-12-04,12.83,13.0,11.77,11.98,98175949,1200542572.1,2.831,-6.1864
2023-12-05,11.84,11.86,11.66,11.69,42160147,495034346.6,1.2157,-2.4207
2023-12-06,11.65,11.79,11.51,11.75,33328868,390033820.88,0.9611,0.5133
2023-12-07,11.71,11.8,11.6,11.72,29534441,345665798.97,0.8516,-0.2553
2023-12-08,11.72,11.89,11.6,11.8,51668296,608058816.4,1.4899,0.6826
2023-12-11,11.7,11.7,11.4,11.59,47694479,548936459.43,1.3753,-1.7797
2023-12-12,11.43,11.59,11.21,11.47,40323179,458022889.83,1.1628,-1.0354
2023-12-13,11.44,11.46,11.13,11.13,32997834,371156846.2,0.9515,-2.9643
2023-12-14,11.3,11.35,11.04,11.06,40677343,453182661.65,1.173,-0.6289
2023-12-15,11.32,11.75,11.17,11.2,54682684,619712531.05,1.5768,1.2658
2023-12-18,11.25,11.25,10.98,11.12,21293840,236849792.36,0.614,-0.7143
2023-12-19,11.11,11.21,11.06,11.15,20553152,228874525.87,0.5927,0.2698
2023-12-20,11.19,11.33,11.16,11.19,29309382,329796018.86,0.8452,0.3587
2023-12-21,11.1,11.36,11.03,11.34,24959007,280237949.36,0.7197,1.3405
2023-12-22,11.36,11.72,11.18,11.5,59593396,686838463.45,1.7184,1.4109
2023-12-25,11.5,11.5,11.14,11.4,36449911,411461644.4,1.0511,-0.8696
2023-12-26,11.37,11.39,11.16,11.26,24272519,273350632.58,0.6999,-1.2281
2023-12-27,11.25,11.5,11.22,11.42,32039724,363846773.72,0.9239,1.421
2023-12-28,11.65,12.28,11.63,12.07,95245114,1139111453.81,2.7465,5.6918
2023-12-29,11.92,12.27,11.88,12.22,52056027,630466667.63,1.5011,1.2428
2024-01-02,12.17,12.52,12.06,12.34,46401996,570721762.32,1.338,0.982
2024-01-03,12.2,12.33,11.9,11.98,55480481,671334567.83,1.5998,-2.9173
2024-01-04,11.86,11.88,11.65,11.79,47762945,560635985.88,1.3773,-1.586
2024-01-05,11.74,11.97,11.67,11.83,33739154,399406755.11,0.9729,0.3393
2024-01-08,11.78,11.85,11.57,11.7,28945962,338671944.83,0.8347,-1.0989
2024-01-09,11.63,11.82,11.55,11.75,27466697,321524128.02,0.792,0.4274
2024-01-10,11.65,11.77,11.5,11.52,27196850,315901069.85,0.7842,-1.9574
2024-01-11,11.45,11.55,11.33,11.42,34654394,396703314.35,0.9993,-0.8681
2024-01-12,11.36,11.72,11.33,11.64,37716218,437332245.16,1.0876,1.9264
2024-01-15,11.56,11.62,11.35,11.47,22898340,262987504.02,0.6603,-1.4605
2024-01-16,11.46,11.54,11.22,11.41,23042600,261958424.52,0.6645,-0.5231
2024-01-17,11.38,11.4,11.01,11.01,23830800,266213156.8,0.6872,-3.5057
2024-01-18,10.86,10.86,10.3,10.66,45909322,484328533.97,1.3238,-3.1789
2024-01-19,10.57,10.79,10.48,10.61,27622660,294267769.34,0.7965,-0.469
2024-01-22,10.58,10.61,9.94,9.99,25809795,264579715.79,0.7442,-5.8435
2024-01-23,9.99,10.3,9.88,10.23,29303361,296585427.8,0.845,2.4024
2024-01-24,10.45,10.54,10.17,10.54,26005022,270369498.02,0.7499,3.0303
2024-01-25,10.53,10.98,10.45,10.98,35392603,381649919.87,1.0206,4.1746
2024-01-26,10.95,11.35,10.89,11.22,38401777,428499809.02,1.1073,2.1858
2024-01-29,11.26,11.5,11.16,11.17,36059419,408867280.62,1.0398,-0.4456
2024-01-30,11.08,11.22,10.85,10.88,23154144,255801126.61,0.6677,-2.5962
2024-01-31,10.82,11.01,10.63,10.72,27643108,299017304.63,0.7971,-1.4706
2024-02-01,10.67,10.89,10.5,10.6,26233246,280314324.36,0.7565,-1.1194
2024-02-02,10.6,10.75,10.0,10.33,32938308,342900424.38,0.9498,-2.5472
2024-02-05,10.2,10.45,9.73,10.01,38518429,386916056.72,1.1107,-3.0978
2024-02-06,9.88,10.77,9.82,10.62,37361588,385913346.41,1.0774,6.0939
2024-02-07,10.57,10.89,10.5,10.77,39991761,428656971.59,1.1532,1.4124
2024-02-08,10.8,11.2,10.62,11.06,44460560,484391084.51,1.2821,2.6927
2024-02-19,11.15,11.64,11.01,11.42,44902652,507233559.83,1.2948,3.255
2024-02-20,11.39,11.6,11.2,11.41,31124325,355866230.29,0.8975,-0.0876
2024-02-21,11.39,11.83,11.36,11.61,34713169,405690273.65,1.001,1.7528
2024-02-22,11.61,11.73,11.43,11.72,29521278,342685631.61,0.8513,0.9475
2024-02-23,11.7,11.82,11.6,11.69,22579793,263910897.48,0.6511,-0.256
2024-02-26,11.69,11.81,11.46,11.5,29606680,343724419.43,0.8537,-1.6253
2024-02-27,11.42,11.72,11.42,11.67,26376994,306901919.64,0.7606,1.4783
2024-02-28,11.6,11.79,11.35,11.36,34364025,397928058.81,0.9909,-2.6564
2024-02-29,11.25,11.6,11.25,11.6,20923631,240227295.24,0.6033,2.1127
2024-03-01,11.61,11.92,11.59,11.86,31914879,376835316.63,0.9203,2.2414
2024-03-04,11.91,12.15,11.81,12.02,38381848,459934354.84,1.1068,1.3491
2024-03-05,12.03,12.07,11.8,11.93,36087612,430712868.41,1.0406,-0.7488
2024-03-06,11.87,12.03,11.76,11.99,32586906,388939743.5,0.9397,0.5029
2024-03-07,12.05,13.0,12.05,12.46,82915091,1044121147.6,2.3909,3.9199
2024-03-08,12.64,12.75,12.17,12.58,58089700,720754488.19,1.6751,0.9631
2024-03-11,12.46,12.65,12.23,12.43,45673305,564951042.2,1.317,-1.1924
2024-03-12,12.41,12.41,11.9,12.01,51799489,624908546.92,1.4937,-3.3789
2024-03-13,11.95,12.23,11.91,12.17,42790351,517565668.55,1.2339,1.3322
2024-03-14,12.45,12.58,12.06,12.18,45288338,559224488.54,1.3059,0.0822
2024-03-15,12.05,12.54,11.92,12.53,58077930,714644342.41,1.6747,2.8736
2024-03-18,12.6,12.84,12.42,12.75,68308179,863669369.02,1.9697,1.7558
2024-03-19,12.61,13.04,12.58,12.72,48231293,618641969.9,1.3908,-0.2353
2024-03-20,12.64,12.75,12.45,12.63,34408026,432694690.76,0.9922,-0.7075
2024-03-21,12.88,13.19,12.63,12.97,61851220,796997638.72,1.7835,2.692
2024-03-22,12.81,13.09,12.67,12.79,43564450,559668366.49,1.2562,-1.3878
2024-03-25,12.7,13.43,12.7,13.26,83581180,1107873463.13,2.4101,3.6747
2024-03-26,13.34,13.37,12.9,13.11,42870957,561754491.61,1.2362,-1.1312
2024-03-27,12.88,13.13,12.76,12.77,35305951,457367938.39,1.0181,-2.5934
2024-03-28,13.0,13.9,12.93,13.62,83051680,1118972268.04,2.3949,6.6562
2024-03-29,13.79,14.3,13.59,13.8,91851837,1273474745.38,2.6486,1.3216
2024-04-01,14.16,14.4,13.94,14.12,75662971,1073039935.81,2.1818,2.3188
2024-04-02,14.01,14.4,13.94,14.24,48430718,686182048.69,1.3965,0.8499
2024-04-03,14.38,15.58,14.26,15.14,101104104,1490472821.22,2.9154,6.3202
2024-04-08,15.05,15.66,14.57,14.72,103304914,1563187195.1,2.9789,-2.7741
2024-04-09,14.54,14.76,14.13,14.27,82032827,1178358979.99,2.3655,-3.0571
2024-04-10,14.27,14.61,14.07,14.39,71698567,1029504839.36,2.0675,0.8409
2024-04-11,14.05,15.14,13.94,14.5,70573261,1025285042.84,2.035,0.7644
2024-04-12,14.65,14.99,14.3,14.76,60750739,893987300.77,1.7518,1.7931
2024-04-15,15.0,15.49,14.3,15.36,79738467,1188749282.8,2.2993,4.065
2024-04-16,14.92,15.26,14.39,14.46,64428325,954060200.35,1.8578,-5.8594
2024-04-17,14.4,15.02,14.32,14.99,50109144,737875146.7,1.4449,3.6653
2024-04-18,14.78,14.9,14.5,14.8,49818708,730945568.23,1.4366,-1.2675
2024-04-19,14.7,15.09,14.36,14.54,48222333,708629539.51,1.3905,-1.7568
2024-04-22,14.78,15.0,14.3,14.31,57239630,840378691.36,1.6506,-1.5818
2024-04-23,13.81,14.04,13.6,13.68,70249843,967775414.73,2.0257,-4.4025
2024-04-24,13.62,14.01,13.55,13.91,41423166,573334243.29,1.1945,1.6813
2024-04-25,13.88,14.59,13.72,14.35,42286977,602934341.55,1.2194,3.1632
2024-04-26,14.3,14.83,14.15,14.67,58887702,852174974.69,1.6981,2.23
2024-04-29,14.55,14.59,14.14,14.37,51532339,739426823.22,1.486,-2.045
2024-04-30,14.43,14.89,14.31,14.39,46596607,679259805.55,1.3437,0.1392
2024-05-06,14.37,14.68,14.09,14.67,55042231,796102039.72,1.5872,1.9458
2024-05-07,14.63,15.1,14.6,14.8,53366571,792383930.53,1.5389,0.8862
2024-05-08,14.63,14.81,14.44,14.58,31875819,465562133.74,0.9192,-1.4865
2024-05-09,14.58,15.2,14.55,15.01,53108761,792749338.87,1.5314,2.9492
2024-05-10,15.06,15.25,14.85,15.1,51594285,776096525.56,1.4878,0.5996
2024-05-13,14.75,15.0,14.47,14.84,42230831,622340928.63,1.2178,-1.7219
2024-05-14,15.0,15.2,14.78,14.9,38096607,571101671.69,1.0985,0.4043
2024-05-15,14.7,14.81,14.3,14.39,45371026,659762323.06,1.3083,-3.4228
2024-05-16,14.58,14.88,14.51,14.61,46137430,678706303.5,1.3304,1.5288
2024-05-17,14.59,14.89,14.31,14.89,38461455,559833989.83,1.1091,1.9165
2024-05-20,15.2,15.6,14.89,15.47,87359755,1334022266.99,2.5191,3.8952
2024-05-21,15.91,15.99,14.66,14.76,94859378,1433454073.5,2.7353,-4.5895
2024-05-22,15.0,15.06,14.6,14.71,51423706,762033511.12,1.4828,-0.3388
2024-05-23,14.3,14.39,14.01,14.12,54216448,769705116.05,1.5634,-4.0109
2024-05-24,14.1,14.33,14.06,14.09,26018321,368927721.03,0.7503,-0.2125
2024-05-27,14.12,14.48,14.12,14.43,39442322,565246545.87,1.1374,2.4131
2024-05-28,14.48,14.9,14.43,14.5,47171448,690616056.64,1.3602,0.4851
2024-05-29,14.52,15.04,14.45,14.96,54861541,814553555.16,1.582,3.1724
2024-05-30,15.38,15.41,14.55,14.57,63807042,951975199.19,1.8399,-2.607
2024-05-31,14.53,14.69,14.34,14.45,34312995,497502626.06,0.9894,-0.8236
2024-06-03,14.49,15.1,14.35,14.57,77221277,1137783458.52,2.2267,0.8304
2024-06-04,14.73,15.06,14.55,15.04,59734109,888710805.91,1.7225,3.2258
2024-06-05,14.87,14.97,14.59,14.7,50995300,753145019.76,1.4705,-2.2606
2024-06-06,14.83,15.1,14.72,14.92,46614458,696132494.33,1.3442,1.4966
2024-06-07,15.07,15.14,14.7,14.95,38890139,578428231.81,1.1214,0.2011
2024-06-11,14.5,14.7,14.35,14.59,42894656,622890598.72,1.2369,-2.408
2024-06-12,14.52,14.99,14.51,14.95,38485381,570565197.09,1.1098,2.4674
2024-06-13,14.85,15.25,14.61,14.77,53614744,798127271.89,1.546,-1.204
2024-06-14,14.75,15.0,14.21,14.34,111204719,1616172494.72,3.2067,-2.9113
2024-06-17,14.22,14.52,13.8,13.9,76575727,1074197964.05,2.2081,-3.0683
2024-06-18,13.8,13.99,13.73,13.87,35641404,493837816.31,1.0277,-0.2158
2024-06-19,13.88,14.04,13.8,13.81,35314098,491499054.25,1.0183,-0.4326
2024-06-20,13.67,13.85,13.43,13.58,28610176,389871908.12,0.825,0.0
2024-06-21,13.62,13.76,13.46,13.48,23949757,324656623.79,0.6906,-0.7364
2024-06-24,13.24,13.46,13.18,13.32,24356949,324451946.0,0.7024,-1.1869
2024-06-25,13.3,13.7,13.24,13.53,28595039,385355987.55,0.8246,1.5766
2024-06-26,13.48,13.54,13.17,13.44,24193536,322546577.36,0.6976,-0.6652
2024-06-27,13.35,13.35,13.01,13.11,29459287,387614870.47,0.8495,-2.4554
2024-06-28,13.09,13.68,13.06,13.51,35091550,470901209.0,1.0119,3.0511
2024-07-01,13.54,13.88,13.51,13.83,21209959,291680789.49,0.6116,2.3686
2024-07-02,13.8,13.87,13.51,13.54,23924698,325675800.02,0.6899,-2.0969
2024-07-03,13.51,13.64,13.42,13.56,16241706,219454670.28,0.4683,0.1477
2024-07-04,13.68,13.75,13.33,13.37,21017280,283784873.02,0.6061,-1.4012
2024-07-05,13.32,13.68,13.18,13.65,25618957,344274257.52,0.7387,2.0942
2024-07-08,13.6,13.82,13.58,13.65,26045548,356565602.38,0.751,0.0
2024-07-09,13.6,14.15,13.6,14.15,40216067,560783665.38,1.1597,3.663
2024-07-10,14.13,14.23,13.6,13.67,35821881,498111015.27,1.033,-3.3922
2024-07-11,13.93,14.32,13.64,14.22,50914162,718371869.17,1.4682,4.0234
2024-07-12,14.27,14.48,14.0,14.09,42817736,608897769.78,1.2347,-0.9142
2024-07-15,14.0,14.21,13.81,14.06,25144244,353855470.29,0.7251,-0.2129
2024-07-16,13.91,13.97,13.58,13.73,38641695,530770316.45,1.1143,-2.3471
2024-07-17,13.6,13.7,12.81,13.03,62667820,822266594.83,1.8071,-5.0983
2024-07-18,12.87,13.03,12.56,12.97,42222579,539674539.77,1.2175,-0.4605
2024-07-19,12.7,12.94,12.58,12.85,28500629,365171131.61,0.8218,-0.9252
2024-07-22,12.76,12.85,12.48,12.67,30253508,382414315.14,0.8724,-1.4008
2024-07-23,12.67,12.71,12.05,12.06,44119523,542045424.44,1.2722,-4.8145
2024-07-24,12.09,12.16,11.9,11.96,25793132,309568774.87,0.7438,-0.8292
2024-07-25,11.79,11.83,11.56,11.65,31733145,370318782.61,0.9151,-2.592
2024-07-26,11.66,12.17,11.66,11.92,34664381,414629083.14,0.9996,2.3176
2024-07-29,11.9,12.04,11.77,11.84,20397579,242141651.2,0.5882,-0.6711
2024-07-30,11.72,11.72,11.44,11.57,34242366,395466640.82,0.9874,-2.2804
2024-07-31,11.59,12.08,11.54,12.07,34889854,414754115.74,1.0061,4.3215
2024-08-01,12.58,12.58,11.97,12.03,32290869,393117883.46,0.9311,-0.3314
2024-08-02,11.8,11.91,11.66,11.77,34562143,406114850.21,0.9966,-2.1613
2024-08-05,11.56,11.93,11.5,11.58,34295570,400772464.81,0.9889,-1.6143
2024-08-06,11.69,11.73,11.44,11.57,24472023,282646162.58,0.7057,-0.0864
2024-08-07,11.59,11.9,11.49,11.74,27341198,320109293.62,0.7884,1.4693
2024-08-08,11.67,11.7,11.48,11.61,20366119,235761697.73,0.5873,-1.1073
2024-08-09,11.75,11.9,11.72,11.73,29625999,349604701.05,0.8543,1.0336
2024-08-12,11.7,11.85,11.64,11.69,15677145,183715219.94,0.4521,-0.341
2024-08-13,11.7,11.82,11.54,11.67,17035100,198035547.0,0.4912,-0.1711
2024-08-14,11.62,11.68,11.43,11.43,16161791,186332146.13,0.466,-2.0566
2024-08-15,11.44,11.7,11.36,11.63,19386500,224543082.5,0.559,1.7498
2024-08-16,11.71,11.85,11.58,11.59,22265293,260105753.3,0.642,-0.3439
2024-08-19,11.66,12.01,11.63,11.86,32525524,386760101.67,0.9379,2.3296
2024-08-20,11.92,11.99,11.5,11.55,29843837,348014380.08,0.8606,-2.6138
2024-08-21,11.59,11.68,11.53,11.58,17520931,203003513.64,0.5052,0.2597
2024-08-22,11.59,11.6,11.34,11.39,23104789,263705348.31,0.6662,-1.6408
2024-08-23,11.35,11.5,11.27,11.43,14932256,170315715.78,0.4306,0.3512
2024-08-26,11.58,11.74,11.54,11.69,24146092,281051256.16,0.6963,2.2747
2024-08-27,11.78,12.14,11.71,12.01,56505726,677653484.66,1.6294,2.7374
2024-08-28,11.96,12.19,11.79,11.9,37092846,443672019.04,1.0696,-0.9159
2024-08-29,11.78,11.95,11.61,11.91,24446646,289446402.55,0.7049,0.084
2024-08-30,11.86,12.22,11.77,12.08,45792443,551567148.01,1.3205,1.4274
2024-09-02,12.0,12.08,11.81,11.89,28417740,338840078.18,0.8195,-1.5728
2024-09-03,11.87,12.16,11.8,12.08,28867865,347577240.16,0.8324,1.598
2024-09-04,11.94,11.99,11.75,11.89,27800999,329721866.8,0.8017,-1.5728
2024-09-05,11.93,12.03,11.66,11.79,24553648,290576887.92,0.708,-0.841
2024-09-06,11.78,11.82,11.58,11.6,18195249,212465464.63,0.5247,-1.6115
2024-09-09,11.5,11.52,11.29,11.41,26114648,296983605.14,0.753,-1.6379
2024-09-10,11.49,11.56,11.28,11.38,26315215,300358857.54,0.7588,-0.2629
2024-09-11,11.28,11.37,11.13,11.25,23352345,262253280.5,0.6734,-1.1424
2024-09-12,11.35,11.53,11.28,11.48,28521824,326260772.9,0.8225,2.0444
2024-09-13,11.52,11.67,11.42,11.44,25728173,297086599.17,0.7419,-0.3484
2024-09-18,11.47,11.88,11.47,11.82,31840505,372585567.23,0.9181,3.3217
2024-09-19,11.88,12.45,11.77,12.38,53328001,652242016.79,1.5378,4.7377
2024-09-20,12.31,12.57,12.26,12.55,36341985,451738039.92,1.048,1.3732
2024-09-23,12.4,12.62,12.3,12.38,32940449,409317139.44,0.9499,-1.3546
2024-09-24,12.48,12.87,12.41,12.86,47463176,601673104.15,1.3686,3.8772
2024-09-25,13.01,13.19,12.69,12.72,59000239,763468063.86,1.7013,-1.0886
2024-09-26,12.66,13.55,12.66,13.54,53463282,701066029.22,1.5417,6.4465
2024-09-27,13.79,14.15,13.66,13.96,60775125,844423277.85,1.7525,3.1019
2024-09-30,14.24,14.88,14.0,14.79,84453950,1222593413.2,2.4353,7.7203
2024-10-08,16.18,16.19,14.36,14.99,121286814,1851094108.61,3.4974,1.3523
2024-10-09,14.6,14.62,13.64,13.82,84799984,1199834542.17,2.4453,-7.8052
2024-10-10,13.97,14.75,13.82,14.29,60638006,865909920.12,1.7486,3.4009
2024-10-11,14.42,14.87,14.3,14.57,60424855,881765536.85,1.7424,1.9594
2024-10-14,14.69,15.23,14.62,15.14,81005707,1214541369.3,2.3359,3.9121
2024-10-15,15.0,15.37,14.69,14.75,79043441,1187172942.4,2.2793,-2.576
2024-10-16,14.53,14.94,14.45,14.68,37892461,555774419.3,1.0927,-0.4746
2024-10-17,14.77,15.06,14.37,14.42,49531712,728642383.98,1.4283,-1.7711
2024-10-18,14.28,14.62,14.2,14.42,57508600,826797487.36,1.6583,0.0
2024-10-21,14.48,14.97,14.37,14.77,49108966,720837388.91,1.4161,2.4272
2024-10-22,14.67,15.06,14.58,14.99,46336494,689939431.31,1.3362,1.4895
2024-10-23,15.1,15.2,14.81,15.01,35266629,529209631.98,1.0169,0.1334
2024-10-24,14.99,15.37,14.86,15.26,48182284,730127782.47,1.3894,1.6656
2024-10-25,15.15,15.23,14.75,14.86,50056625,745628869.61,1.4434,-2.6212
2024-10-28,14.93,15.04,14.68,14.81,45372318,673011416.2,1.3084,-0.3365
2024-10-29,14.74,14.8,14.46,14.54,37732260,550517253.53,1.088,-1.8231
2024-10-30,14.54,14.62,14.15,14.36,35629363,510577030.54,1.0274,-1.238
2024-10-31,14.4,14.43,14.18,14.24,30162374,431040704.46,0.8698,-0.8357
2024-11-01,14.3,15.2,14.25,14.77,85363519,1267155515.37,2.4615,3.7219
2024-11-04,14.8,15.02,14.66,15.0,41027493,609400468.49,1.1831,1.5572
2024-11-05,14.95,15.25,14.88,15.18,50038824,754441425.71,1.4429,1.2
2024-11-06,15.28,15.9,15.2,15.49,80288418,1251926935.92,2.3152,2.0422
2024-11-07,15.5,16.39,15.43,16.38,83938214,1349943341.45,2.4204,5.7456
2024-11-08,16.69,16.95,15.79,16.2,74496629,1210280321.12,2.1482,-1.0989
2024-11-11,15.89,15.97,15.4,15.88,53886263,845627915.19,1.5539,-1.9753
2024-11-12,15.71,15.99,15.23,15.36,50020075,781096070.84,1.4424,-3.2746
2024-11-13,15.2,15.47,15.02,15.16,35600267,540819602.05,1.0266,-1.3021
2024-11-14,15.17,15.35,14.76,14.83,34468849,518341390.48,0.9939,-2.1768
2024-11-15,14.83,15.1,14.72,14.76,26464941,394111981.51,0.7631,-0.472
2024-11-18,14.04,14.23,13.28,13.86,95754382,1325566599.13,2.7612,-6.0976
2024-11-19,13.9,14.05,13.68,13.94,52621427,728847560.12,1.5174,0.5772
2024-11-20,14.0,14.31,13.91,14.16,37541836,528820280.35,1.0826,1.5782
2024-11-21,14.15,14.39,14.05,14.22,27415927,390131679.67,0.7906,0.4237
2024-11-22,14.18,14.23,13.55,13.55,37363658,516604955.85,1.0774,-4.7117
2024-11-25,13.64,13.69,13.23,13.4,30189414,406174280.94,0.8705,-1.107
2024-11-26,13.45,13.69,13.33,13.44,22634559,305552366.71,0.6527,0.2985
2024-11-27,13.4,13.63,13.22,13.61,24390583,328167702.79,0.7033,1.2649
2024-11-28,13.59,13.64,13.36,13.48,27137977,366787809.63,0.7825,-0.9552
2024-11-29,13.53,13.72,13.28,13.63,38341232,519278989.94,1.1056,1.1128
2024-12-02,13.64,13.88,13.57,13.76,38812789,531659891.84,1.1192,0.9538
2024-12-03,13.7,13.75,13.52,13.63,30316990,412557896.71,0.8742,-0.9448
2024-12-04,13.69,14.18,13.67,13.94,56579896,788673612.15,1.6315,2.2744
2024-12-05,13.87,14.06,13.71,13.89,29833513,414117855.87,0.8603,-0.3587
2024-12-06,13.82,14.19,13.77,14.04,30352679,426188736.43,0.8752,1.0799
2024-12-09,13.96,14.08,13.78,13.84,38178161,531024397.46,1.1009,-1.4245
2024-12-10,14.35,14.68,14.02,14.06,69093886,995469301.43,1.9924,1.5896
2024-12-11,14.07,15.17,14.07,14.94,84015397,1242457699.22,2.4227,6.2589
2024-12-12,14.9,15.04,14.8,14.97,31742916,473962763.61,0.9153,0.2008
2024-12-13,14.82,15.0,14.6,14.84,35972153,532700582.48,1.0373,-0.8684
2024-12-16,14.82,15.05,14.58,14.68,34011606,502638520.84,0.9808,-1.0782
2024-12-17,14.58,14.71,14.32,14.39,34576278,500211504.12,0.997,-1.9755
2024-12-18,14.52,14.89,14.36,14.41,39032666,570986992.26,1.1255,0.139
2024-12-19,14.25,14.52,14.07,14.48,27804489,398976313.85,0.8018,0.4858
2024-12-20,14.45,14.53,14.02,14.07,41208652,582714302.92,1.1883,-2.8315
2024-12-23,14.07,14.31,14.06,14.17,32976061,467303331.04,0.9509,0.7107
2024-12-24,14.11,14.36,14.08,14.34,25402349,361331553.68,0.7325,1.1997
2024-12-25,14.28,14.59,14.24,14.37,23331203,336135455.41,0.6728,0.2092
2024-12-26,14.35,14.41,14.16,14.2,21380393,304291887.76,0.6165,-1.183
2024-12-27,14.2,14.27,13.73,13.75,45957698,639250550.41,1.3252,-3.169
2024-12-30,13.7,13.99,13.68,13.92,35475159,492508349.85,1.023,1.2364
2024-12-31,13.9,13.94,13.51,13.53,34045812,463718698.84,0.9817,-2.8017
2025-01-02,13.58,14.05,13.4,13.73,47145741,650409727.17,1.3595,1.4782
2025-01-03,13.73,15.05,13.73,14.53,103667708,1510568302.4,2.9894,5.8267
2025-01-06,14.6,15.4,14.47,14.68,88172034,1312989911.01,2.5425,1.0323
2025-01-07,14.67,15.3,14.49,15.07,64895493,971547810.27,1.8713,2.6567
2025-01-08,15.02,15.05,14.65,14.95,46892679,698496181.6,1.3522,-0.7963
2025-01-09,14.9,15.22,14.75,15.03,40065320,602438701.16,1.1553,0.5351
2025-01-10,15.03,15.94,15.03,15.4,61926355,961684667.45,1.7857,2.4617
2025-01-13,15.2,15.75,15.17,15.68,60829426,947310594.69,1.7541,1.8182
2025-01-14,15.61,15.88,15.47,15.7,57971542,907091226.55,1.6717,0.1276
2025-01-15,15.83,16.06,15.6,15.8,57191720,903741860.83,1.6492,0.6369
2025-01-16,15.87,16.72,15.87,16.63,88285366,1446182835.52,2.5458,5.2532
2025-01-17,16.55,16.9,16.42,16.76,42074256,700989789.76,1.2132,0.7817
2025-01-20,16.82,17.0,16.61,16.67,58645316,982853231.07,1.6911,-0.537
2025-01-21,16.74,16.87,16.42,16.74,32822180,547262186.35,0.9465,0.4199
2025-01-22,16.71,16.82,16.32,16.4,44948361,739902373.96,1.2961,-2.0311
2025-01-23,16.49,16.56,15.94,16.0,52447480,845464779.5,1.5124,-2.439
2025-01-24,16.09,16.16,15.74,16.03,55874509,891224509.09,1.6112,0.1875
2025-01-27,15.98,16.57,15.92,16.48,40766503,666858331.15,1.1755,2.8072
2025-02-05,16.41,16.5,16.0,16.42,38409808,624378373.62,1.1076,-0.3641
2025-02-06,16.4,16.65,16.1,16.29,35589640,580084451.14,1.0263,-0.7917
2025-02-07,16.4,17.11,16.19,16.96,58252179,975774162.59,1.6798,4.113
2025-02-10,16.9,17.35,16.56,16.81,76198608,1292180094.75,2.1973,-0.8844
2025-02-11,16.8,17.08,16.58,16.74,40889973,687784089.58,1.1791,-0.4164
2025-02-12,16.6,16.69,16.22,16.35,42667115,697925978.29,1.2303,-2.3297
2025-02-13,16.31,16.65,16.3,16.37,37827631,622878968.75,1.0908,0.1223
2025-02-14,16.3,16.71,16.25,16.69,31991290,528524133.45,0.9225,1.9548
2025-02-17,16.62,16.79,15.99,16.1,49560340,801375308.46,1.4291,-3.5351
2025-02-18,16.05,16.3,15.88,16.05,33827353,545171029.16,0.9754,-0.3106
2025-02-19,16.05,16.25,15.84,16.05,36999709,593062908.97,1.0669,0.0
2025-02-20,16.18,16.26,15.97,16.22,31724948,511390074.23,0.9148,1.0592
2025-02-21,16.35,16.86,16.08,16.1,50567927,829098061.18,1.4582,-0.7398
2025-02-24,15.9,16.33,15.82,16.27,47015684,756589864.82,1.3557,1.0559
2025-02-25,16.19,16.35,15.9,16.06,36589349,589209853.37,1.0551,-1.2907
2025-02-26,16.06,16.49,16.01,16.06,28603189,462922352.85,0.8248,0.0
2025-02-27,16.11,16.26,15.6,15.95,39228314,620294057.97,1.1312,-0.6849
2025-02-28,15.96,16.36,15.82,16.1,38740785,624225577.85,1.1171,0.9404
2025-03-03,16.3,17.3,16.3,17.03,60961893,1033116241.99,1.7579,5.7764
2025-03-04,17.0,17.33,16.82,17.23,31897576,544900125.59,0.9198,1.1744
2025-03-05,17.31,18.1,17.14,17.98,61664294,1093659808.76,1.7781,4.3529
2025-03-06,18.18,18.63,17.94,18.08,46810771,849682642.25,1.3498,0.5562
2025-03-07,18.11,18.85,18.1,18.55,52086245,968021957.98,1.502,2.5996
2025-03-10,18.58,19.27,18.28,18.47,45080520,838659287.9,1.2999,-0.4313
2025-03-11,18.25,18.25,17.8,18.07,32571532,585015388.83,0.9392,-2.1657
2025-03-12,18.0,18.59,18.0,18.23,34290131,628802051.1,0.9888,0.8854
2025-03-13,18.28,18.68,18.18,18.46,32175760,592419660.8,0.9278,1.2617
2025-03-14,18.68,18.86,18.15,18.3,34343177,630140793.67,0.9903,-0.8667
2025-03-17,18.3,18.43,17.93,17.98,28332317,511679473.7,0.817,-1.7486
2025-03-18,17.97,18.2,17.8,18.02,28122087,506987270.12,0.8109,0.2225
2025-03-19,17.81,17.94,17.48,17.9,34959699,619169452.1,1.0081,-0.6659
2025-03-20,18.08,18.4,17.7,17.8,43333258,784862966.93,1.2496,-0.5587
2025-03-21,17.7,17.9,17.3,17.43,31548363,553117830.34,0.9097,-2.0787
2025-03-24,17.39,18.0,17.32,17.9,43189667,768143224.07,1.2454,2.6965
2025-03-25,17.88,18.13,17.5,17.73,32761934,582903625.09,0.9447,-0.9497
2025-03-26,17.75,18.0,17.35,17.51,35618271,627179926.21,1.0271,-1.2408
2025-03-27,17.0,17.8,17.0,17.62,38212836,670413142.69,1.1019,0.6282
2025-03-28,17.49,17.58,17.14,17.37,30596408,529903048.04,0.8823,-1.4188
2025-03-31,17.4,17.56,16.92,17.34,37120764,639638773.81,1.0704,-0.1727
2025-04-01,17.4,17.88,17.33,17.65,36205643,638860201.48,1.044,1.7878
2025-04-02,17.55,17.88,17.3,17.43,22995182,404092245.57,0.6631,-1.2465
2025-04-03,17.17,17.36,16.7,16.85,45361004,766698608.94,1.308,-3.3276
2025-04-07,15.17,15.33,15.17,15.17,24893000,377696309.0,0.7178,-9.9703
2025-04-08,14.9,15.0,13.72,14.36,112371173,1587552423.0,3.2403,-5.3395
2025-04-09,13.86,14.15,13.47,13.98,81853451,1129886662.42,2.3603,-2.6462
2025-04-10,14.68,15.27,14.53,14.73,71003698,1049635107.24,2.0474,5.3648
2025-04-11,14.5,14.7,14.28,14.53,46521970,673796849.19,1.3415,-1.3578
2025-04-14,14.73,15.11,14.58,14.63,48345509,716593256.65,1.3941,0.6882
2025-04-15,14.58,14.67,14.25,14.35,44330456,636843178.47,1.2783,-1.9139
2025-04-16,14.33,14.36,13.87,14.03,45515100,637395654.19,1.3125,-2.23
2025-04-17,14.01,14.32,13.96,14.14,40810957,575379364.58,1.1768,0.784
2025-04-18,14.12,14.58,14.06,14.53,36032400,515898839.3,1.039,2.7581
2025-04-21,14.5,14.98,14.35,14.95,49102326,726542589.02,1.4159,2.8906
2025-04-22,14.84,14.94,14.54,14.59,46148921,677957901.09,1.3307,-2.408
2025-04-23,14.84,15.1,14.73,14.94,47326647,705397311.37,1.3647,2.3989
2025-04-24,14.9,15.3,14.75,15.16,53122965,802623989.47,1.5318,1.4726
2025-04-25,15.16,15.77,15.16,15.35,48391629,750084929.46,1.3954,1.2533
2025-04-28,15.29,15.33,15.11,15.2,27275571,414862984.97,0.7865,-0.9772
2025-04-29,15.15,15.35,15.03,15.28,21829030,331883381.45,0.6295,0.5263
2025-04-30,15.24,15.36,15.13,15.2,24623875,374952279.8,0.71,-0.5236
2025-05-06,15.24,15.33,15.04,15.18,34743660,527163394.08,1.0019,-0.1316
2025-05-07,15.36,15.47,14.78,14.87,49758085,745867682.39,1.4348,-2.0422
2025-05-08,14.75,14.89,14.52,14.66,39400593,579332949.57,1.1361,-1.4122
2025-05-09,14.69,14.75,14.51,14.57,26617318,388621588.99,0.7675,-0.6139
2025-05-12,14.73,15.12,14.71,15.12,49693099,743195340.87,1.4329,3.7749
2025-05-13,15.32,15.72,15.28,15.51,55566437,863324695.41,1.6023,2.5794
2025-05-14,15.54,16.09,15.47,15.95,47453780,754130452.9,1.3684,2.8369
2025-05-15,15.87,15.95,15.57,15.72,27831089,437679588.9,0.8025,-1.442
2025-05-16,15.58,15.7,15.4,15.67,26309416,409536113.03,0.7587,-0.3181
2025-05-19,15.69,15.81,15.16,15.22,44492027,681657127.15,1.283,-2.8717
2025-05-20,15.15,15.26,14.98,15.11,32950269,496905026.93,0.9501,-0.7227
2025-05-21,15.17,15.65,15.13,15.6,42825588,660898595.09,1.2349,3.2429
2025-05-22,15.46,15.49,15.18,15.18,30341901,463784233.64,0.8749,-2.6923
2025-05-23,15.22,15.39,15.05,15.07,20637150,313788080.29,0.5951,-0.7246
2025-05-26,15.18,15.2,14.76,14.92,36975974,550244330.01,1.0662,-0.9954
2025-05-27,14.87,14.9,14.29,14.3,53424211,774738543.92,1.5405,-4.1555
2025-05-28,14.45,14.56,14.33,14.39,30383061,437657385.4,0.8761,0.6294
2025-05-29,14.38,14.84,14.38,14.72,34142184,501055886.98,0.9845,2.2933
2025-05-30,14.62,14.75,14.48,14.6,23160996,337999954.02,0.6679,-0.8152
2025-06-03,14.6,14.68,14.38,14.49,30086791,437566508.48,0.8676,-0.7534
2025-06-04,14.56,14.93,14.56,14.61,34502823,508043830.24,0.9949,0.8282
2025-06-05,14.68,14.81,14.6,14.71,26035329,382375248.08,0.7507,0.6845
2025-06-06,14.71,14.81,14.66,14.71,26433480,389712203.49,0.7622,0.0
2025-06-09,14.69,14.99,14.4,14.88,52785708,776265327.0,1.5221,1.1557
2025-06-10,14.9,15.18,14.86,14.91,44172040,663468816.43,1.2737,0.2016
2025-06-11,15.03,15.48,15.0,15.42,50755125,778063448.5,1.4636,3.4205
2025-06-12,15.4,15.86,15.32,15.6,52430636,817928853.96,1.5119,1.1673
2025-06-13,15.58,15.88,15.5,15.73,39161890,612770605.71,1.1293,0.8333
2025-06-16,15.66,15.74,15.48,15.55,29602646,461346211.61,0.8536,-1.1443
2025-06-17,15.56,15.58,15.36,15.48,20276575,313497602.07,0.5847,-0.4502
2025-06-18,15.74,15.78,15.45,15.66,30579021,477876519.0,0.8818,1.1628
2025-06-19,15.66,15.67,15.16,15.24,31721059,487626729.59,0.9147,-2.682
2025-06-20,15.24,15.43,15.14,15.22,23943901,365210316.06,0.6904,-0.1312
2025-06-23,15.26,15.57,15.23,15.37,26043457,402014246.7,0.751,0.9855
2025-06-24,15.45,16.03,15.4,15.61,44033326,692581628.81,1.2697,1.5615
2025-06-25,15.58,15.59,15.36,15.53,33839157,522388652.8,0.9758,-0.5125
2025-06-26,15.41,15.84,15.35,15.53,33764359,526805715.4,0.9736,1.1726
2025-06-27,15.85,16.37,15.82,16.19,61904016,1000991974.84,1.785,4.2498
2025-06-30,16.18,16.28,15.74,15.98,50446822,802514572.17,1.4547,-1.2971
2025-07-01,15.99,16.6,15.87,16.58,46991863,767031134.04,1.355,3.7547
2025-07-02,16.55,16.95,16.45,16.79,49298105,826709789.83,1.4215,1.2666
2025-07-03,16.8,16.87,16.57,16.7,30978087,516667515.22,0.8933,-0.536
2025-07-04,16.66,16.96,16.56,16.7,31486394,527740529.02,0.9079,0.0
2025-07-07,16.52,16.64,15.7,15.82,70627736,1129857815.79,2.0366,-5.2695
2025-07-08,15.78,15.91,15.7,15.88,42984352,679664059.54,1.2395,0.3793
2025-07-09,16.29,16.45,15.9,15.96,54255130,874455205.94,1.5645,0.5038
2025-07-10,15.98,16.29,15.98,16.27,34216451,554042341.35,0.9867,1.9424
2025-07-11,16.26,16.5,16.14,16.28,36734905,598678758.48,1.0593,0.0615
2025-07-14,16.12,16.22,15.8,15.86,55929731,890523394.73,1.6128,-2.5799
2025-07-15,15.83,15.88,15.56,15.7,39982060,627698534.65,1.1529,-1.0088
2025-07-16,15.66,15.75,15.49,15.55,39801790,619871496.04,1.1477,-0.9554
2025-07-17,15.55,15.8,15.55,15.69,34684648,544521701.56,1.0002,0.9003
2025-07-18,15.78,16.05,15.7,16.01,48370560,769797724.52,1.3948,2.0395
2025-07-21,16.17,16.78,16.15,16.75,68772968,1133703310.95,1.9831,4.6221
2025-07-22,16.63,16.99,16.42,16.92,56305350,941676429.42,1.6236,1.0149
2025-07-23,16.96,16.99,16.37,16.44,51376348,849752315.75,1.4815,-2.8369
2025-07-24,16.44,16.84,16.31,16.81,48740531,810330237.92,1.4055,2.2506
2025-07-25,16.69,16.81,16.38,16.41,38566397,637625736.02,1.1121,-2.3795
2025-07-28,16.3,16.31,15.98,16.16,40226820,648760117.49,1.16,-1.5235
2025-07-29,16.08,16.33,16.06,16.21,30367982,492240855.29,0.8757,0.3094
2025-07-30,16.18,16.41,16.0,16.16,37896651,614448122.78,1.0928,-0.3085
2025-07-31,16.02,16.05,15.5,15.56,59800850,938734124.31,1.7244,-3.7129
2025-08-01,15.55,15.74,15.52,15.68,27550247,430764769.98,0.7944,0.7712
2025-08-04,15.57,15.81,15.55,15.77,27807887,437352386.92,0.8019,0.574
2025-08-05,15.8,16.02,15.76,15.91,34856837,554649642.34,1.0051,0.8878
2025-08-06,15.88,16.13,15.83,16.1,29061899,465919802.92,0.838,1.1942
2025-08-07,16.28,16.37,15.93,16.24,31596187,510178351.55,0.9111,0.8696
2025-08-08,16.12,16.87,16.11,16.87,71012712,1178665710.64,2.0477,3.8793
2025-08-11,16.83,16.85,16.61,16.76,34169026,571958712.56,0.9853,-0.652
2025-08-12,16.74,16.97,16.55,16.78,31857375,534891483.05,0.9186,0.1193
2025-08-13,17.02,17.27,16.92,17.2,48670747,835883591.27,1.4035,2.503
2025-08-14,17.08,17.24,16.95,17.02,37193347,635405438.71,1.0725,-1.0465
2025-08-15,16.95,17.77,16.91,17.68,47502242,832462156.79,1.3698,3.8778
2025-08-18,17.55,17.78,17.29,17.32,45048418,787244222.75,1.299,-2.0362
2025-08-19,17.32,17.56,17.15,17.22,26235486,453602134.11,0.7565,-0.5774
2025-08-20,17.15,17.5,17.1,17.35,28595256,495988789.18,0.8246,0.7549
2025-08-21,17.39,17.58,17.29,17.43,25967358,452931013.46,0.7488,0.4611
2025-08-22,17.4,17.51,17.25,17.43,25861462,449110820.44,0.7457,0.0
2025-08-25,17.67,18.2,17.67,18.04,43393758,780435269.19,1.2513,3.4997
2025-08-26,18.48,19.15,18.24,18.84,70471006,1323086604.38,2.0321,4.4346
2025-08-27,18.91,19.35,18.63,18.7,60776842,1155566573.52,1.7525,-0.7431
2025-08-28,18.53,18.77,18.11,18.61,43779768,807516064.09,1.2624,-0.4813
2025-08-29,18.64,19.47,18.63,19.39,58668934,1119333789.67,1.6918,4.1913
2025-09-01,19.39,19.53,18.91,19.41,53811717,1039368625.83,1.5517,0.1031
2025-09-02,19.67,19.88,19.24,19.5,47143930,920756697.18,1.3594,0.4637
2025-09-03,19.65,19.66,18.88,19.15,44750917,857557070.28,1.2904,-1.7949
2025-09-04,19.09,19.29,18.33,18.69,46988510,876173108.84,1.3549,-2.4021
2025-09-05,18.63,19.2,18.6,19.18,44548032,844330018.0,1.2846,2.6217
2025-09-08,19.16,19.38,18.75,18.91,43080775,817544658.47,1.2423,-1.4077
2025-09-09,19.0,19.16,18.63,18.8,30096359,567582699.09,0.8679,-0.5817
2025-09-10,18.7,18.75,18.45,18.58,34674859,644718537.31,0.9999,-1.1702
2025-09-11,18.65,19.39,18.61,19.36,43973745,840278323.0,1.268,4.1981
2025-09-12,20.55,21.06,20.11,20.81,88805724,1833261075.72,2.5608,7.4897
2025-09-15,20.67,21.16,20.55,20.73,60857843,1269279745.06,1.7549,-0.3844
2025-09-16,20.73,21.03,19.65,20.58,62394703,1262900145.98,1.7992,-0.7236
2025-09-17,20.37,21.0,20.3,20.91,49378800,1020177946.75,1.4239,1.6035
2025-09-18,20.42,20.6,19.57,19.86,48581178,976809196.81,1.4009,-5.0215
2025-09-19,19.92,20.26,19.86,20.06,30068331,604114529.57,0.867,1.007
2025-09-22,20.06,20.28,19.5,19.7,50283869,987590294.68,1.45,-1.7946
2025-09-23,19.71,19.79,18.82,19.25,52074212,1001594027.08,1.5016,-2.2843
2025-09-24,19.22,19.49,19.0,19.35,33992735,653200343.49,0.9802,0.5195
2025-09-25,19.67,19.77,19.1,19.41,47312489,918930221.81,1.3643,0.3101
2025-09-26,19.28,19.95,19.0,19.7,41188134,810443467.29,1.1877,1.4941
2025-09-29,19.9,20.34,19.73,20.25,42383855,852416149.19,1.2222,2.7919
2025-09-30,20.3,20.89,20.18,20.6,41829807,859619513.97,1.2062,1.7284
2025-10-09,21.3,21.71,20.66,21.64,84699573,1799896418.99,2.4424,5.0485
2025-10-10,21.31,21.6,20.8,20.99,62370991,1318915429.41,1.7985,-3.0037
2025-10-13,20.06,20.87,20.05,20.77,55651533,1142155871.15,1.6048,-1.0481
2025-10-14,21.3,21.7,20.33,20.55,82043713,1728984911.63,2.3658,-1.0592
2025-10-15,20.66,21.21,20.35,20.9,57336184,1193358237.34,1.6533,1.7032
2025-10-16,20.89,21.7,20.6,20.79,61960989,1309176569.25,1.7867,-0.5263
2025-10-17,21.12,21.54,20.58,20.68,59541312,1252736501.2,1.7169,-0.5291
2025-10-20,20.98,21.49,20.45,21.04,56752534,1190192948.4,1.6365,1.7408
2025-10-21,21.28,22.27,20.92,22.0,66745692,1459606922.0,1.9247,4.5627
2025-10-22,21.7,22.58,21.55,22.18,65258003,1445062803.68,1.8818,0.8182
2025-10-23,22.31,23.13,22.26,22.93,66335076,1510389546.21,1.9128,3.3814
2025-10-24,23.56,23.88,22.5,23.18,79132671,1829066578.24,2.2818,1.0903
2025-10-27,22.5,23.47,22.22,23.2,113364142,2586238054.38,3.2689,0.0863
2025-10-28,22.83,23.04,21.88,21.95,71278714,1596500413.81,2.0554,-4.0647
2025-10-29,22.25,23.85,22.2,23.61,89947589,2077560637.68,2.5937,7.5626
2025-10-30,23.31,23.96,23.15,23.58,69253490,1635215514.25,1.997,-0.1271
2025-10-31,23.5,23.52,22.68,22.99,51491142,1184292902.87,1.4848,-2.5021
2025-11-03,23.24,24.32,22.8,24.29,85389671,2014887398.21,2.4623,5.6546
2025-11-04,24.01,24.54,23.03,23.67,66857937,1588881376.18,1.9279,-2.5525
2025-11-05,22.85,23.15,22.29,22.96,57198791,1302847385.83,1.6494,-2.9996
2025-11-06,22.94,25.11,22.88,25.0,96575443,2339767688.6,2.7848,8.885
2025-11-07,24.55,25.64,24.55,25.32,70152512,1770716393.35,2.0229,1.28
2025-11-10,25.4,25.95,24.62,25.23,64094534,1616219317.06,1.8482,-0.3555
2025-11-11,25.3,25.47,24.35,24.93,49141482,1214082131.67,1.417,-1.1891
2025-11-12,24.72,26.35,24.66,26.0,78712996,2026146707.07,2.2697,4.292
2025-11-13,26.3,27.44,26.0,26.7,98299075,2622365800.48,2.8345,2.6923
2025-11-14,26.32,26.6,25.9,25.95,51443748,1344088679.38,1.4834,-2.809
2025-11-17,25.45,25.69,24.69,24.98,55449784,1396392725.32,1.5989,-3.738
2025-11-18,24.49,24.49,23.49,23.7,80220360,1914163192.51,2.3132,-5.1241
2025-11-19,23.74,24.43,23.74,24.12,46536391,1121074475.86,1.3419,1.7722
2025-11-20,24.29,24.81,24.0,24.0,35804633,872155173.08,1.0325,-0.4975
2025-11-21,23.57,23.84,22.68,22.95,78105728,1810131259.72,2.2522,-4.375
2025-11-24,23.17,23.44,22.7,23.22,44806765,1033733445.39,1.292,1.1765
2025-11-25,23.47,24.07,23.13,23.54,52243936,1227885414.95,1.5065,1.3781
2025-11-26,24.21,24.82,23.95,23.95,66713413,1619832331.77,1.9237,1.7417
2025-11-27,24.59,25.06,24.3,24.44,56885403,1403180152.58,1.6403,2.0459
2025-11-28,24.45,24.89,24.29,24.7,31792136,783251035.5,0.9167,1.0638
2025-12-01,25.4,25.75,25.08,25.24,52164815,1324819186.55,1.5042,2.1862
2025-12-02,25.25,25.25,24.76,25.14,30301422,758511449.38,0.8738,-0.3962
2025-12-03,25.1,26.8,25.0,26.44,65041418,1702883278.11,1.8755,5.171
2025-12-04,27.1,27.49,26.41,26.72,65423916,1765210025.35,1.8865,1.059
2025-12-05,26.87,28.5,26.87,28.31,63233402,1764738610.55,1.8234,5.9506
2025-12-08,28.21,28.37,27.56,28.31,58795736,1644973368.72,1.6954,0.0
2025-12-09,27.77,27.99,26.72,27.09,64836668,1765700263.66,1.8696,-4.3094
2025-12-10,27.15,27.45,26.84,27.28,30430415,827119555.31,0.8775,0.7014
2025-12-11,27.49,27.85,26.84,26.9,34807939,948774742.97,1.0037,-1.393
2025-12-12,27.42,27.88,27.25,27.42,41478104,1141327982.11,1.1961,1.9331
2025-12-15,26.84,27.53,26.6,27.12,31513954,856257101.39,0.9087,-1.0941
2025-12-16,26.97,27.01,26.0,26.56,41470079,1094118792.57,1.1958,-2.0649
2025-12-17,26.8,27.77,26.78,27.49,40371401,1103865239.48,1.1641,3.5015
2025-12-18,27.52,28.15,27.25,27.45,27901588,772583781.71,0.8046,-0.1455
2025-12-19,27.59,29.4,27.11,29.23,59199250,1697115470.43,1.7071,6.4845
2025-12-22,29.28,29.96,29.06,29.38,51771230,1526372077.89,1.4929,0.5132
2025-12-23,29.0,30.15,28.73,29.44,43837015,1291854448.37,1.2641,0.2042
2025-12-24,29.45,30.28,28.88,29.96,40620581,1205439374.87,1.1713,1.7663
2025-12-25,29.42,29.77,28.98,29.62,26162937,768755244.56,0.7544,-1.1348
2025-12-26,29.93,31.0,29.7,30.5,51345411,1559785864.28,1.4806,2.971
2025-12-29,30.76,31.17,29.41,29.63,55099329,1660339062.59,1.5888,-2.8525
2025-12-30,29.0,31.73,28.9,31.65,61179264,1881311387.9,1.7641,6.8174
2025-12-31,31.62,33.0,31.36,32.84,58504083,1888995533.33,1.687,3.7599
2026-01-05,34.01,34.71,32.98,33.78,71943276,2441290668.5,2.0745,2.8624
2026-01-06,34.3,35.85,33.4,34.9,90044374,3104668967.93,2.5965,3.3156
2026-01-07,34.85,34.85,33.6,33.78,78510135,2680371160.18,2.2639,-3.2092
2026-01-08,33.19,34.2,32.88,33.14,72190147,2405057475.21,2.0817,-1.8946
2026-01-09,32.7,34.19,32.7,33.53,57355065,1932710781.3,1.6539,1.1768
2026-01-12,34.25,34.56,32.8,33.24,70802064,2374610090.08,2.0416,-0.8649
2026-01-13,32.86,34.36,32.66,33.21,95400166,3193548758.64,2.7509,-0.0903
2026-01-14,33.53,33.9,32.48,32.69,101717387,3355091780.11,2.9331,-1.5658
2026-01-15,32.79,34.52,32.32,33.16,109001261,3639676427.04,3.1431,1.4377
2026-01-16,33.31,34.3,32.37,32.46,82197205,2728861859.87,2.3702,-2.111
2026-01-19,32.51,33.11,31.7,32.98,70277294,2295228060.93,2.0265,1.602
2026-01-20,33.04,33.86,32.4,33.31,75401376,2506312070.21,2.1743,1.0006
2026-01-21,33.0,33.3,32.17,32.86,60887568,1989087815.08,1.7557,-1.3509
2026-01-22,32.68,32.97,32.21,32.7,45507031,1483940109.0,1.3122,-0.4869
2026-01-23,32.9,33.06,31.59,32.64,75995290,2462730540.04,2.1914,-0.1835
2026-01-26,33.0,34.08,33.0,33.59,101936403,3422589552.42,2.9394,2.9105
2026-01-27,33.1,33.95,32.46,33.03,79321619,2632716174.97,2.2873,-1.6672
2026-01-28,33.38,36.33,33.0,36.33,114885321,4023741752.48,3.3128,9.9909
2026-01-29,37.0,38.23,35.01,37.0,142148972,5224201043.2,4.099,1.8442
2026-01-30,35.61,35.74,33.3,33.64,130027710,4425534907.23,3.7494,-9.0811
2026-02-02,32.0,34.31,31.82,32.22,125677999,4136435751.28,3.624,-4.2212
2026-02-03,33.09,33.37,31.37,32.54,92307602,2965251566.73,2.6618,0.9932
2026-02-04,32.92,33.34,32.41,32.8,55402961,1819245477.55,1.5976,0.799
2026-02-05,32.31,32.75,30.64,31.49,70588753,2212877157.26,2.0355,-3.9939
2026-02-06,30.93,32.6,30.6,31.7,56336882,1799008881.57,1.6245,0.6669
2026-02-09,32.25,32.26,31.45,31.7,41994756,1332085908.98,1.2109,0.0
2026-02-10,31.77,32.08,31.37,31.61,32128145,1016856320.81,0.9264,-0.2839
2026-02-11,31.53,32.43,31.53,32.04,35843935,1148748252.05,1.0336,1.3603
2026-02-12,31.98,32.32,31.2,31.24,46451932,1467640268.39,1.3395,-2.4969
2026-02-13,30.82,31.08,29.97,30.2,62308842,1895284055.85,1.7967,-3.3291
2026-02-24,30.78,31.06,30.24,30.38,45685059,1397388372.64,1.3174,0.596
2026-02-25,30.6,31.7,30.41,31.36,60168035,1877698359.45,1.735,3.2258
2026-02-26,31.7,31.7,30.77,30.99,44052208,1366612617.14,1.2703,-1.1798
2026-02-27,30.71,31.98,30.65,31.2,50316799,1574343755.06,1.4509,0.6776
2026-03-02,31.7,33.06,30.68,32.85,114876834,3658074659.88,3.3126,5.2885
2026-03-03,33.13,33.97,32.02,32.46,130311045,4303110721.26,3.7576,-1.1872
2026-03-04,33.3,35.2,33.18,34.24,122601687,4201737733.85,3.5353,5.4837
2026-03-05,35.0,36.11,34.51,35.46,103504419,3659373698.0,2.9846,3.5631
2026-03-06,34.06,34.25,32.98,33.58,75624224,2543673222.11,2.1807,-5.3017
2026-03-09,34.78,35.41,33.4,33.6,92260922,3145265829.3,2.6604,0.0596
2026-03-10,32.5,33.1,32.3,32.76,53267066,1740882604.13,1.536,-2.5
2026-03-11,33.21,33.89,32.8,33.65,51239354,1709718415.18,1.4775,2.7167
2026-03-12,34.07,35.87,33.74,35.24,87515439,3077266121.94,2.5236,4.7251
2026-03-13,35.34,36.5,34.53,34.75,74711643,2654713379.74,2.1544,-1.3905
2026-03-16,35.0,35.64,32.4,33.85,79690789,2690209238.71,2.2979,-2.5899
2026-03-17,33.96,34.62,31.73,31.91,69223799,2270832212.83,1.9961,-5.7312
2026-03-18,31.7,32.0,30.38,30.94,75073480,2316612680.38,2.1648,-3.0398
2026-03-19,30.36,30.72,28.9,29.1,96092127,2846331060.44,2.7709,-5.947
2026-03-20,29.09,29.45,28.3,28.38,73960473,2134890022.98,2.1327,-2.4742
2026-03-23,27.0,28.16,26.93,27.3,77654952,2132246257.69,2.2392,-3.8055
2026-03-24,27.62,27.85,26.63,27.81,67364683,1832374148.48,1.9425,1.8681
