2026-03-23 23:39:33 | INFO     | src.notify.config:load_notify_config:92 | 通知配置加载成功，启用状态: True
2026-03-23 23:39:33 | INFO     | src.notify.manager:_init_channels:56 | ntfy 通知渠道初始化成功
2026-03-23 23:39:33 | INFO     | src.notify.manager:_init_channels:90 | 通知渠道初始化完成，启用 1 个渠道
2026-03-23 23:39:33 | INFO     | src.notify:init_notify:33 | 通知模块初始化完成，启用渠道: ['ntfy']
2026-03-23 23:39:33 | INFO     | __main__:main:296 | 使用配置文件中的基金代码: ['005538', '015790', '018957', '017193', '025209', '025491']
2026-03-23 23:39:36 | INFO     | src.update_data:run_update_workflow:192 | 开始数据更新流程
2026-03-23 23:39:36 | INFO     | src.update_data:run_update_workflow:193 | 基金代码列表: ['005538', '015790', '018957', '017193', '025209', '025491']
2026-03-23 23:39:36 | INFO     | src.update_data:run_update_workflow:194 | 开始日期: 2019-01-01
2026-03-23 23:39:36 | INFO     | src.update_data:run_update_workflow:195 | 数据目录: stock_data
2026-03-23 23:39:36 | INFO     | src.update_data:update_data:20 | 开始更新数据，基金代码: ['005538', '015790', '018957', '017193', '025209', '025491']
2026-03-23 23:39:37 | DEBUG    | src.notify.channels.ntfy:send:87 | ntfy 消息发送成功: 🔄 开始更新数据...
2026-03-23 23:39:37 | DEBUG    | src.notify.base:send_with_retry:126 | 通知器 ntfy 发送成功
2026-03-23 23:39:37 | DEBUG    | src.notify.manager:send:140 | 消息发送成功到渠道 ntfy
2026-03-23 23:39:37 | INFO     | src.core.data_factory:create_provider:43 | 创建数据源提供者: akshare
2026-03-23 23:39:37 | INFO     | src.core.data_factory:_init_providers:127 | 初始化数据源提供者: akshare
2026-03-23 23:39:37 | INFO     | src.core.baostock_provider:login:42 | baostock 登录成功
2026-03-23 23:39:37 | INFO     | src.core.data_factory:create_provider:43 | 创建数据源提供者: baostock
2026-03-23 23:39:37 | INFO     | src.core.data_factory:_init_providers:127 | 初始化数据源提供者: baostock
2026-03-23 23:39:37 | INFO     | src.core.data_factory:__init__:117 | 多数据源数据获取器初始化完成
2026-03-23 23:39:37 | INFO     | src.core.data_factory:__init__:118 | 股票数据源: baostock
2026-03-23 23:39:37 | INFO     | src.core.data_factory:__init__:119 | 基金数据源: akshare
2026-03-23 23:39:37 | INFO     | src.data.reader:__init__:29 | 数据读取器初始化完成，基础路径: data
2026-03-23 23:39:37 | INFO     | src.update_data:update_data:37 | 步骤1: 更新基金持仓数据
2026-03-23 23:39:37 | WARNING  | src.core.data_fetcher:get_fund_portfolio_hold_em:331 | get_fund_portfolio_hold_em 方法已过时，建议使用 get_fund_portfolio
2026-03-23 23:39:37 | INFO     | src.core.data_fetcher:inner:294 | 获取基金 005538 持仓
2026-03-23 23:39:37 | INFO     | src.core.akshare_provider:get_fund_portfolio:370 | akshare 获取基金 005538 持仓
2026-03-23 23:39:38 | INFO     | src.core.akshare_provider:get_fund_portfolio:379 | 使用 fund_portfolio_hold_em 成功获取基金 005538 持仓
2026-03-23 23:39:38 | INFO     | src.core.data_fetcher:save_data:432 | 保存数据到 csv 文件: fund_portfolio_005538
2026-03-23 23:39:38 | INFO     | src.core.data_fetcher:save_data:452 | 数据保存成功: ./data\fund_portfolio_005538.csv
2026-03-23 23:39:38 | DEBUG    | src.update_data:update_data:73 | 获取基金 005538 基本信息失败（可选功能）: 'AkFund' object has no attribute 'get_fund_info_em'
2026-03-23 23:39:38 | INFO     | src.update_data:update_data:82 | 基金 005538 持仓数据更新成功，共 81 条记录
2026-03-23 23:39:38 | WARNING  | src.core.data_fetcher:get_fund_portfolio_hold_em:331 | get_fund_portfolio_hold_em 方法已过时，建议使用 get_fund_portfolio
2026-03-23 23:39:38 | INFO     | src.core.data_fetcher:inner:294 | 获取基金 015790 持仓
2026-03-23 23:39:38 | INFO     | src.core.akshare_provider:get_fund_portfolio:370 | akshare 获取基金 015790 持仓
2026-03-23 23:39:38 | INFO     | src.core.akshare_provider:get_fund_portfolio:379 | 使用 fund_portfolio_hold_em 成功获取基金 015790 持仓
2026-03-23 23:39:38 | INFO     | src.core.data_fetcher:save_data:432 | 保存数据到 csv 文件: fund_portfolio_015790
2026-03-23 23:39:38 | INFO     | src.core.data_fetcher:save_data:452 | 数据保存成功: ./data\fund_portfolio_015790.csv
2026-03-23 23:39:38 | DEBUG    | src.update_data:update_data:73 | 获取基金 015790 基本信息失败（可选功能）: 'AkFund' object has no attribute 'get_fund_info_em'
2026-03-23 23:39:38 | INFO     | src.update_data:update_data:82 | 基金 015790 持仓数据更新成功，共 98 条记录
2026-03-23 23:39:38 | WARNING  | src.core.data_fetcher:get_fund_portfolio_hold_em:331 | get_fund_portfolio_hold_em 方法已过时，建议使用 get_fund_portfolio
2026-03-23 23:39:38 | INFO     | src.core.data_fetcher:inner:294 | 获取基金 018957 持仓
2026-03-23 23:39:38 | INFO     | src.core.akshare_provider:get_fund_portfolio:370 | akshare 获取基金 018957 持仓
2026-03-23 23:39:39 | INFO     | src.core.akshare_provider:get_fund_portfolio:379 | 使用 fund_portfolio_hold_em 成功获取基金 018957 持仓
2026-03-23 23:39:39 | INFO     | src.core.data_fetcher:save_data:432 | 保存数据到 csv 文件: fund_portfolio_018957
2026-03-23 23:39:39 | INFO     | src.core.data_fetcher:save_data:452 | 数据保存成功: ./data\fund_portfolio_018957.csv
2026-03-23 23:39:39 | DEBUG    | src.update_data:update_data:73 | 获取基金 018957 基本信息失败（可选功能）: 'AkFund' object has no attribute 'get_fund_info_em'
2026-03-23 23:39:39 | INFO     | src.update_data:update_data:82 | 基金 018957 持仓数据更新成功，共 86 条记录
2026-03-23 23:39:39 | WARNING  | src.core.data_fetcher:get_fund_portfolio_hold_em:331 | get_fund_portfolio_hold_em 方法已过时，建议使用 get_fund_portfolio
2026-03-23 23:39:39 | INFO     | src.core.data_fetcher:inner:294 | 获取基金 017193 持仓
2026-03-23 23:39:39 | INFO     | src.core.akshare_provider:get_fund_portfolio:370 | akshare 获取基金 017193 持仓
2026-03-23 23:39:39 | INFO     | src.core.akshare_provider:get_fund_portfolio:379 | 使用 fund_portfolio_hold_em 成功获取基金 017193 持仓
2026-03-23 23:39:39 | INFO     | src.core.data_fetcher:save_data:432 | 保存数据到 csv 文件: fund_portfolio_017193
2026-03-23 23:39:39 | INFO     | src.core.data_fetcher:save_data:452 | 数据保存成功: ./data\fund_portfolio_017193.csv
2026-03-23 23:39:39 | DEBUG    | src.update_data:update_data:73 | 获取基金 017193 基本信息失败（可选功能）: 'AkFund' object has no attribute 'get_fund_info_em'
2026-03-23 23:39:39 | INFO     | src.update_data:update_data:82 | 基金 017193 持仓数据更新成功，共 70 条记录
2026-03-23 23:39:39 | WARNING  | src.core.data_fetcher:get_fund_portfolio_hold_em:331 | get_fund_portfolio_hold_em 方法已过时，建议使用 get_fund_portfolio
2026-03-23 23:39:39 | INFO     | src.core.data_fetcher:inner:294 | 获取基金 025209 持仓
2026-03-23 23:39:39 | INFO     | src.core.akshare_provider:get_fund_portfolio:370 | akshare 获取基金 025209 持仓
2026-03-23 23:39:39 | INFO     | src.core.akshare_provider:get_fund_portfolio:379 | 使用 fund_portfolio_hold_em 成功获取基金 025209 持仓
2026-03-23 23:39:39 | INFO     | src.core.data_fetcher:save_data:432 | 保存数据到 csv 文件: fund_portfolio_025209
2026-03-23 23:39:39 | INFO     | src.core.data_fetcher:save_data:452 | 数据保存成功: ./data\fund_portfolio_025209.csv
2026-03-23 23:39:39 | DEBUG    | src.update_data:update_data:73 | 获取基金 025209 基本信息失败（可选功能）: 'AkFund' object has no attribute 'get_fund_info_em'
2026-03-23 23:39:39 | INFO     | src.update_data:update_data:82 | 基金 025209 持仓数据更新成功，共 20 条记录
2026-03-23 23:39:39 | WARNING  | src.core.data_fetcher:get_fund_portfolio_hold_em:331 | get_fund_portfolio_hold_em 方法已过时，建议使用 get_fund_portfolio
2026-03-23 23:39:39 | INFO     | src.core.data_fetcher:inner:294 | 获取基金 025491 持仓
2026-03-23 23:39:39 | INFO     | src.core.akshare_provider:get_fund_portfolio:370 | akshare 获取基金 025491 持仓
2026-03-23 23:39:40 | INFO     | src.core.akshare_provider:get_fund_portfolio:379 | 使用 fund_portfolio_hold_em 成功获取基金 025491 持仓
2026-03-23 23:39:40 | INFO     | src.core.data_fetcher:save_data:432 | 保存数据到 csv 文件: fund_portfolio_025491
2026-03-23 23:39:40 | INFO     | src.core.data_fetcher:save_data:452 | 数据保存成功: ./data\fund_portfolio_025491.csv
2026-03-23 23:39:40 | DEBUG    | src.update_data:update_data:73 | 获取基金 025491 基本信息失败（可选功能）: 'AkFund' object has no attribute 'get_fund_info_em'
2026-03-23 23:39:40 | INFO     | src.update_data:update_data:82 | 基金 025491 持仓数据更新成功，共 15 条记录
2026-03-23 23:39:40 | INFO     | src.update_data:update_data:93 | 步骤2: 获取所有基金的持仓股票
2026-03-23 23:39:40 | INFO     | src.analysis.quarter_filter:filter_latest_quarter_data:63 | 识别到最新季度: 2025年Q4
2026-03-23 23:39:40 | INFO     | src.analysis.quarter_filter:filter_latest_quarter_data:77 | 过滤结果: 从 81 条记录中筛选出 10 条最新季度数据
2026-03-23 23:39:40 | INFO     | src.analysis.quarter_filter:filter_latest_quarter_data:63 | 识别到最新季度: 2025年Q4
2026-03-23 23:39:40 | INFO     | src.analysis.quarter_filter:filter_latest_quarter_data:77 | 过滤结果: 从 98 条记录中筛选出 10 条最新季度数据
2026-03-23 23:39:40 | INFO     | src.analysis.quarter_filter:filter_latest_quarter_data:63 | 识别到最新季度: 2025年Q4
2026-03-23 23:39:40 | INFO     | src.analysis.quarter_filter:filter_latest_quarter_data:77 | 过滤结果: 从 86 条记录中筛选出 10 条最新季度数据
2026-03-23 23:39:40 | INFO     | src.analysis.quarter_filter:filter_latest_quarter_data:63 | 识别到最新季度: 2025年Q4
2026-03-23 23:39:40 | INFO     | src.analysis.quarter_filter:filter_latest_quarter_data:77 | 过滤结果: 从 70 条记录中筛选出 15 条最新季度数据
2026-03-23 23:39:40 | INFO     | src.analysis.quarter_filter:filter_latest_quarter_data:63 | 识别到最新季度: 2025年Q4
2026-03-23 23:39:40 | INFO     | src.analysis.quarter_filter:filter_latest_quarter_data:77 | 过滤结果: 从 20 条记录中筛选出 10 条最新季度数据
2026-03-23 23:39:40 | INFO     | src.analysis.quarter_filter:filter_latest_quarter_data:63 | 识别到最新季度: 2025年Q4
2026-03-23 23:39:40 | INFO     | src.analysis.quarter_filter:filter_latest_quarter_data:77 | 过滤结果: 从 15 条记录中筛选出 15 条最新季度数据
2026-03-23 23:39:40 | INFO     | src.update_data:update_data:111 | 需要更新的股票数量: 65
2026-03-23 23:39:40 | INFO     | src.update_data:update_data:112 | 股票代码列表: [601600, 1280, 2565, 688008, 688778, 688525, 688270, 688783, 688147, 300308]...
2026-03-23 23:39:40 | INFO     | src.update_data:update_data:115 | 步骤3: 更新股票K线数据
2026-03-23 23:39:40 | INFO     | src.core.data_fetcher:inner:197 | 获取股票 601600 daily K线数据
2026-03-23 23:39:40 | INFO     | src.core.baostock_provider:get_stock_kline:243 | baostock 获取股票 601600 daily K线数据成功，共 1749 条
2026-03-23 23:39:40 | INFO     | src.core.data_fetcher:save_data:432 | 保存数据到 csv 文件: stock_data/601600_kline
2026-03-23 23:39:40 | INFO     | src.core.data_fetcher:save_data:452 | 数据保存成功: ./data\stock_data/601600_kline.csv
2026-03-23 23:39:40 | DEBUG    | src.update_data:update_data:141 | 股票 601600 K线数据更新成功，共 1749 条记录
2026-03-23 23:39:40 | INFO     | src.core.data_fetcher:inner:197 | 获取股票 1280 daily K线数据
2026-03-23 23:39:40 | INFO     | src.core.baostock_provider:get_stock_kline:243 | baostock 获取股票 001280 daily K线数据成功，共 71 条
2026-03-23 23:39:40 | INFO     | src.core.data_fetcher:save_data:432 | 保存数据到 csv 文件: stock_data/1280_kline
2026-03-23 23:39:40 | INFO     | src.core.data_fetcher:save_data:452 | 数据保存成功: ./data\stock_data/1280_kline.csv
2026-03-23 23:39:40 | DEBUG    | src.update_data:update_data:141 | 股票 1280 K线数据更新成功，共 71 条记录
2026-03-23 23:39:40 | INFO     | src.core.data_fetcher:inner:197 | 获取股票 2565 daily K线数据
2026-03-23 23:40:12 | INFO     | src.core.baostock_provider:get_stock_kline:243 | baostock 获取股票 002565 daily K线数据成功，共 1749 条
2026-03-23 23:40:12 | INFO     | src.core.data_fetcher:save_data:432 | 保存数据到 csv 文件: stock_data/2565_kline
2026-03-23 23:40:12 | INFO     | src.core.data_fetcher:save_data:452 | 数据保存成功: ./data\stock_data/2565_kline.csv
2026-03-23 23:40:12 | DEBUG    | src.update_data:update_data:141 | 股票 2565 K线数据更新成功，共 1749 条记录
2026-03-23 23:40:12 | INFO     | src.core.data_fetcher:inner:197 | 获取股票 688008 daily K线数据
2026-03-23 23:40:17 | INFO     | src.core.baostock_provider:get_stock_kline:243 | baostock 获取股票 688008 daily K线数据成功，共 1616 条
2026-03-23 23:40:17 | INFO     | src.core.data_fetcher:save_data:432 | 保存数据到 csv 文件: stock_data/688008_kline
2026-03-23 23:40:17 | INFO     | src.core.data_fetcher:save_data:452 | 数据保存成功: ./data\stock_data/688008_kline.csv
2026-03-23 23:40:17 | DEBUG    | src.update_data:update_data:141 | 股票 688008 K线数据更新成功，共 1616 条记录
2026-03-23 23:40:17 | INFO     | src.core.data_fetcher:inner:197 | 获取股票 688778 daily K线数据
2026-03-23 23:40:19 | INFO     | src.core.baostock_provider:get_stock_kline:243 | baostock 获取股票 688778 daily K线数据成功，共 1119 条
2026-03-23 23:40:19 | INFO     | src.core.data_fetcher:save_data:432 | 保存数据到 csv 文件: stock_data/688778_kline
2026-03-23 23:40:19 | INFO     | src.core.data_fetcher:save_data:452 | 数据保存成功: ./data\stock_data/688778_kline.csv
2026-03-23 23:40:19 | DEBUG    | src.update_data:update_data:141 | 股票 688778 K线数据更新成功，共 1119 条记录
2026-03-23 23:40:19 | INFO     | src.core.data_fetcher:inner:197 | 获取股票 688525 daily K线数据
2026-03-23 23:40:20 | INFO     | src.core.baostock_provider:get_stock_kline:243 | baostock 获取股票 688525 daily K线数据成功，共 778 条
2026-03-23 23:40:20 | INFO     | src.core.data_fetcher:save_data:432 | 保存数据到 csv 文件: stock_data/688525_kline
2026-03-23 23:40:20 | INFO     | src.core.data_fetcher:save_data:452 | 数据保存成功: ./data\stock_data/688525_kline.csv
2026-03-23 23:40:20 | DEBUG    | src.update_data:update_data:141 | 股票 688525 K线数据更新成功，共 778 条记录
2026-03-23 23:40:20 | INFO     | src.core.data_fetcher:inner:197 | 获取股票 688270 daily K线数据
2026-03-23 23:40:23 | INFO     | src.core.baostock_provider:get_stock_kline:243 | baostock 获取股票 688270 daily K线数据成功，共 1002 条
2026-03-23 23:40:23 | INFO     | src.core.data_fetcher:save_data:432 | 保存数据到 csv 文件: stock_data/688270_kline
2026-03-23 23:40:23 | INFO     | src.core.data_fetcher:save_data:452 | 数据保存成功: ./data\stock_data/688270_kline.csv
2026-03-23 23:40:23 | DEBUG    | src.update_data:update_data:141 | 股票 688270 K线数据更新成功，共 1002 条记录
2026-03-23 23:40:23 | INFO     | src.core.data_fetcher:inner:197 | 获取股票 688783 daily K线数据
2026-03-23 23:40:24 | INFO     | src.core.baostock_provider:get_stock_kline:243 | baostock 获取股票 688783 daily K线数据成功，共 97 条
2026-03-23 23:40:24 | INFO     | src.core.data_fetcher:save_data:432 | 保存数据到 csv 文件: stock_data/688783_kline
2026-03-23 23:40:24 | INFO     | src.core.data_fetcher:save_data:452 | 数据保存成功: ./data\stock_data/688783_kline.csv
2026-03-23 23:40:24 | DEBUG    | src.update_data:update_data:141 | 股票 688783 K线数据更新成功，共 97 条记录
2026-03-23 23:40:24 | INFO     | src.core.data_fetcher:inner:197 | 获取股票 688147 daily K线数据
2026-03-23 23:40:25 | INFO     | src.core.baostock_provider:get_stock_kline:243 | baostock 获取股票 688147 daily K线数据成功，共 783 条
2026-03-23 23:40:25 | INFO     | src.core.data_fetcher:save_data:432 | 保存数据到 csv 文件: stock_data/688147_kline
2026-03-23 23:40:25 | INFO     | src.core.data_fetcher:save_data:452 | 数据保存成功: ./data\stock_data/688147_kline.csv
2026-03-23 23:40:25 | DEBUG    | src.update_data:update_data:141 | 股票 688147 K线数据更新成功，共 783 条记录
2026-03-23 23:40:25 | INFO     | src.core.data_fetcher:inner:197 | 获取股票 300308 daily K线数据
2026-03-23 23:40:30 | INFO     | src.core.baostock_provider:get_stock_kline:243 | baostock 获取股票 300308 daily K线数据成功，共 1749 条
2026-03-23 23:40:30 | INFO     | src.core.data_fetcher:save_data:432 | 保存数据到 csv 文件: stock_data/300308_kline
2026-03-23 23:40:30 | INFO     | src.core.data_fetcher:save_data:452 | 数据保存成功: ./data\stock_data/300308_kline.csv
2026-03-23 23:40:30 | DEBUG    | src.update_data:update_data:141 | 股票 300308 K线数据更新成功，共 1749 条记录
2026-03-23 23:40:30 | INFO     | src.core.data_fetcher:inner:197 | 获取股票 2837 daily K线数据
2026-03-23 23:40:32 | INFO     | src.core.baostock_provider:get_stock_kline:243 | baostock 获取股票 002837 daily K线数据成功，共 1749 条
2026-03-23 23:40:32 | INFO     | src.core.data_fetcher:save_data:432 | 保存数据到 csv 文件: stock_data/2837_kline
2026-03-23 23:40:32 | INFO     | src.core.data_fetcher:save_data:452 | 数据保存成功: ./data\stock_data/2837_kline.csv
2026-03-23 23:40:32 | DEBUG    | src.update_data:update_data:141 | 股票 2837 K线数据更新成功，共 1749 条记录
2026-03-23 23:40:32 | INFO     | src.core.data_fetcher:inner:197 | 获取股票 688155 daily K线数据
2026-03-23 23:40:38 | INFO     | src.core.baostock_provider:get_stock_kline:243 | baostock 获取股票 688155 daily K线数据成功，共 1359 条
2026-03-23 23:40:38 | INFO     | src.core.data_fetcher:save_data:432 | 保存数据到 csv 文件: stock_data/688155_kline
2026-03-23 23:40:38 | INFO     | src.core.data_fetcher:save_data:452 | 数据保存成功: ./data\stock_data/688155_kline.csv
2026-03-23 23:40:38 | DEBUG    | src.update_data:update_data:141 | 股票 688155 K线数据更新成功，共 1359 条记录
2026-03-23 23:40:38 | INFO     | src.core.data_fetcher:inner:197 | 获取股票 688795 daily K线数据
2026-03-23 23:40:38 | INFO     | src.core.baostock_provider:get_stock_kline:243 | baostock 获取股票 688795 daily K线数据成功，共 69 条
2026-03-23 23:40:38 | INFO     | src.core.data_fetcher:save_data:432 | 保存数据到 csv 文件: stock_data/688795_kline
2026-03-23 23:40:38 | INFO     | src.core.data_fetcher:save_data:452 | 数据保存成功: ./data\stock_data/688795_kline.csv
2026-03-23 23:40:38 | DEBUG    | src.update_data:update_data:141 | 股票 688795 K线数据更新成功，共 69 条记录
2026-03-23 23:40:38 | INFO     | src.core.data_fetcher:inner:197 | 获取股票 1309 daily K线数据
2026-03-23 23:40:56 | INFO     | src.core.baostock_provider:get_stock_kline:243 | baostock 获取股票 001309 daily K线数据成功，共 902 条
2026-03-23 23:40:56 | INFO     | src.core.data_fetcher:save_data:432 | 保存数据到 csv 文件: stock_data/1309_kline
2026-03-23 23:40:56 | INFO     | src.core.data_fetcher:save_data:452 | 数据保存成功: ./data\stock_data/1309_kline.csv
2026-03-23 23:40:56 | DEBUG    | src.update_data:update_data:141 | 股票 1309 K线数据更新成功，共 902 条记录
2026-03-23 23:40:56 | INFO     | src.core.data_fetcher:inner:197 | 获取股票 605598 daily K线数据
2026-03-23 23:40:59 | INFO     | src.core.baostock_provider:get_stock_kline:243 | baostock 获取股票 605598 daily K线数据成功，共 1088 条
2026-03-23 23:40:59 | INFO     | src.core.data_fetcher:save_data:432 | 保存数据到 csv 文件: stock_data/605598_kline
2026-03-23 23:40:59 | INFO     | src.core.data_fetcher:save_data:452 | 数据保存成功: ./data\stock_data/605598_kline.csv
2026-03-23 23:40:59 | DEBUG    | src.update_data:update_data:141 | 股票 605598 K线数据更新成功，共 1088 条记录
2026-03-23 23:40:59 | INFO     | src.core.data_fetcher:inner:197 | 获取股票 2846 daily K线数据
2026-03-23 23:41:03 | INFO     | src.core.baostock_provider:get_stock_kline:243 | baostock 获取股票 002846 daily K线数据成功，共 1749 条
2026-03-23 23:41:03 | INFO     | src.core.data_fetcher:save_data:432 | 保存数据到 csv 文件: stock_data/2846_kline
2026-03-23 23:41:03 | INFO     | src.core.data_fetcher:save_data:452 | 数据保存成功: ./data\stock_data/2846_kline.csv
2026-03-23 23:41:03 | DEBUG    | src.update_data:update_data:141 | 股票 2846 K线数据更新成功，共 1749 条记录
2026-03-23 23:41:03 | INFO     | src.core.data_fetcher:inner:197 | 获取股票 300450 daily K线数据
2026-03-23 23:41:07 | INFO     | src.core.baostock_provider:get_stock_kline:243 | baostock 获取股票 300450 daily K线数据成功，共 1749 条
2026-03-23 23:41:07 | INFO     | src.core.data_fetcher:save_data:432 | 保存数据到 csv 文件: stock_data/300450_kline
2026-03-23 23:41:07 | INFO     | src.core.data_fetcher:save_data:452 | 数据保存成功: ./data\stock_data/300450_kline.csv
2026-03-23 23:41:07 | DEBUG    | src.update_data:update_data:141 | 股票 300450 K线数据更新成功，共 1749 条记录
2026-03-23 23:41:07 | INFO     | src.core.data_fetcher:inner:197 | 获取股票 688802 daily K线数据
2026-03-23 23:41:15 | INFO     | src.core.baostock_provider:get_stock_kline:243 | baostock 获取股票 688802 daily K线数据成功，共 61 条
2026-03-23 23:41:15 | INFO     | src.core.data_fetcher:save_data:432 | 保存数据到 csv 文件: stock_data/688802_kline
2026-03-23 23:41:15 | INFO     | src.core.data_fetcher:save_data:452 | 数据保存成功: ./data\stock_data/688802_kline.csv
2026-03-23 23:41:15 | DEBUG    | src.update_data:update_data:141 | 股票 688802 K线数据更新成功，共 61 条记录
2026-03-23 23:41:15 | INFO     | src.core.data_fetcher:inner:197 | 获取股票 933 daily K线数据
2026-03-23 23:41:29 | INFO     | src.core.baostock_provider:get_stock_kline:243 | baostock 获取股票 000933 daily K线数据成功，共 1749 条
2026-03-23 23:41:29 | INFO     | src.core.data_fetcher:save_data:432 | 保存数据到 csv 文件: stock_data/933_kline
2026-03-23 23:41:29 | INFO     | src.core.data_fetcher:save_data:452 | 数据保存成功: ./data\stock_data/933_kline.csv
2026-03-23 23:41:29 | DEBUG    | src.update_data:update_data:141 | 股票 933 K线数据更新成功，共 1749 条记录
2026-03-23 23:41:29 | INFO     | src.core.data_fetcher:inner:197 | 获取股票 807 daily K线数据
2026-03-23 23:41:32 | INFO     | src.core.baostock_provider:get_stock_kline:243 | baostock 获取股票 000807 daily K线数据成功，共 1749 条
2026-03-23 23:41:32 | INFO     | src.core.data_fetcher:save_data:432 | 保存数据到 csv 文件: stock_data/807_kline
2026-03-23 23:41:32 | INFO     | src.core.data_fetcher:save_data:452 | 数据保存成功: ./data\stock_data/807_kline.csv
2026-03-23 23:41:32 | DEBUG    | src.update_data:update_data:141 | 股票 807 K线数据更新成功，共 1749 条记录
2026-03-23 23:41:32 | INFO     | src.core.data_fetcher:inner:197 | 获取股票 301687 daily K线数据
2026-03-23 23:41:32 | INFO     | src.core.baostock_provider:get_stock_kline:243 | baostock 获取股票 301687 daily K线数据成功，共 51 条
2026-03-23 23:41:32 | INFO     | src.core.data_fetcher:save_data:432 | 保存数据到 csv 文件: stock_data/301687_kline
2026-03-23 23:41:32 | INFO     | src.core.data_fetcher:save_data:452 | 数据保存成功: ./data\stock_data/301687_kline.csv
2026-03-23 23:41:32 | DEBUG    | src.update_data:update_data:141 | 股票 301687 K线数据更新成功，共 51 条记录
2026-03-23 23:41:32 | INFO     | src.core.data_fetcher:inner:197 | 获取股票 600105 daily K线数据
2026-03-23 23:41:36 | INFO     | src.core.baostock_provider:get_stock_kline:243 | baostock 获取股票 600105 daily K线数据成功，共 1749 条
2026-03-23 23:41:36 | INFO     | src.core.data_fetcher:save_data:432 | 保存数据到 csv 文件: stock_data/600105_kline
2026-03-23 23:41:36 | INFO     | src.core.data_fetcher:save_data:452 | 数据保存成功: ./data\stock_data/600105_kline.csv
2026-03-23 23:41:36 | DEBUG    | src.update_data:update_data:141 | 股票 600105 K线数据更新成功，共 1749 条记录
2026-03-23 23:41:36 | INFO     | src.core.data_fetcher:inner:197 | 获取股票 600362 daily K线数据
2026-03-23 23:41:40 | INFO     | src.core.baostock_provider:get_stock_kline:243 | baostock 获取股票 600362 daily K线数据成功，共 1749 条
2026-03-23 23:41:40 | INFO     | src.core.data_fetcher:save_data:432 | 保存数据到 csv 文件: stock_data/600362_kline
2026-03-23 23:41:40 | INFO     | src.core.data_fetcher:save_data:452 | 数据保存成功: ./data\stock_data/600362_kline.csv
2026-03-23 23:41:40 | DEBUG    | src.update_data:update_data:141 | 股票 600362 K线数据更新成功，共 1749 条记录
2026-03-23 23:41:40 | INFO     | src.core.data_fetcher:inner:197 | 获取股票 426 daily K线数据
2026-03-23 23:41:44 | INFO     | src.core.baostock_provider:get_stock_kline:243 | baostock 获取股票 000426 daily K线数据成功，共 1749 条
2026-03-23 23:41:44 | INFO     | src.core.data_fetcher:save_data:432 | 保存数据到 csv 文件: stock_data/426_kline
2026-03-23 23:41:44 | INFO     | src.core.data_fetcher:save_data:452 | 数据保存成功: ./data\stock_data/426_kline.csv
2026-03-23 23:41:44 | DEBUG    | src.update_data:update_data:141 | 股票 426 K线数据更新成功，共 1749 条记录
2026-03-23 23:41:44 | INFO     | src.core.data_fetcher:inner:197 | 获取股票 688809 daily K线数据
2026-03-23 23:41:44 | INFO     | src.core.baostock_provider:get_stock_kline:243 | baostock 获取股票 688809 daily K线数据成功，共 52 条
2026-03-23 23:41:44 | INFO     | src.core.data_fetcher:save_data:432 | 保存数据到 csv 文件: stock_data/688809_kline
2026-03-23 23:41:44 | INFO     | src.core.data_fetcher:save_data:452 | 数据保存成功: ./data\stock_data/688809_kline.csv
2026-03-23 23:41:44 | DEBUG    | src.update_data:update_data:141 | 股票 688809 K线数据更新成功，共 52 条记录
2026-03-23 23:41:44 | INFO     | src.core.data_fetcher:inner:197 | 获取股票 600879 daily K线数据
2026-03-23 23:41:48 | INFO     | src.core.baostock_provider:get_stock_kline:243 | baostock 获取股票 600879 daily K线数据成功，共 1749 条
2026-03-23 23:41:48 | INFO     | src.core.data_fetcher:save_data:432 | 保存数据到 csv 文件: stock_data/600879_kline
2026-03-23 23:41:48 | INFO     | src.core.data_fetcher:save_data:452 | 数据保存成功: ./data\stock_data/600879_kline.csv
2026-03-23 23:41:48 | DEBUG    | src.update_data:update_data:141 | 股票 600879 K线数据更新成功，共 1749 条记录
2026-03-23 23:41:48 | INFO     | src.core.data_fetcher:inner:197 | 获取股票 600111 daily K线数据
2026-03-23 23:41:51 | INFO     | src.core.baostock_provider:get_stock_kline:243 | baostock 获取股票 600111 daily K线数据成功，共 1749 条
2026-03-23 23:41:51 | INFO     | src.core.data_fetcher:save_data:432 | 保存数据到 csv 文件: stock_data/600111_kline
2026-03-23 23:41:51 | INFO     | src.core.data_fetcher:save_data:452 | 数据保存成功: ./data\stock_data/600111_kline.csv
2026-03-23 23:41:51 | DEBUG    | src.update_data:update_data:141 | 股票 600111 K线数据更新成功，共 1749 条记录
2026-03-23 23:41:51 | INFO     | src.core.data_fetcher:inner:197 | 获取股票 301617 daily K线数据
2026-03-23 23:41:52 | INFO     | src.core.baostock_provider:get_stock_kline:243 | baostock 获取股票 301617 daily K线数据成功，共 308 条
2026-03-23 23:41:52 | INFO     | src.core.data_fetcher:save_data:432 | 保存数据到 csv 文件: stock_data/301617_kline
2026-03-23 23:41:52 | INFO     | src.core.data_fetcher:save_data:452 | 数据保存成功: ./data\stock_data/301617_kline.csv
2026-03-23 23:41:52 | DEBUG    | src.update_data:update_data:141 | 股票 301617 K线数据更新成功，共 308 条记录
2026-03-23 23:41:52 | INFO     | src.core.data_fetcher:inner:197 | 获取股票 601138 daily K线数据
2026-03-23 23:41:55 | INFO     | src.core.baostock_provider:get_stock_kline:243 | baostock 获取股票 601138 daily K线数据成功，共 1749 条
2026-03-23 23:41:55 | INFO     | src.core.data_fetcher:save_data:432 | 保存数据到 csv 文件: stock_data/601138_kline
2026-03-23 23:41:55 | INFO     | src.core.data_fetcher:save_data:452 | 数据保存成功: ./data\stock_data/601138_kline.csv
2026-03-23 23:41:55 | DEBUG    | src.update_data:update_data:141 | 股票 601138 K线数据更新成功，共 1749 条记录
2026-03-23 23:41:55 | INFO     | src.core.data_fetcher:inner:197 | 获取股票 300593 daily K线数据
2026-03-23 23:41:59 | INFO     | src.core.baostock_provider:get_stock_kline:243 | baostock 获取股票 300593 daily K线数据成功，共 1749 条
2026-03-23 23:41:59 | INFO     | src.core.data_fetcher:save_data:432 | 保存数据到 csv 文件: stock_data/300593_kline
2026-03-23 23:41:59 | INFO     | src.core.data_fetcher:save_data:452 | 数据保存成功: ./data\stock_data/300593_kline.csv
2026-03-23 23:41:59 | DEBUG    | src.update_data:update_data:141 | 股票 300593 K线数据更新成功，共 1749 条记录
2026-03-23 23:41:59 | INFO     | src.core.data_fetcher:inner:197 | 获取股票 600118 daily K线数据
2026-03-23 23:42:03 | INFO     | src.core.baostock_provider:get_stock_kline:243 | baostock 获取股票 600118 daily K线数据成功，共 1749 条
2026-03-23 23:42:03 | INFO     | src.core.data_fetcher:save_data:432 | 保存数据到 csv 文件: stock_data/600118_kline
2026-03-23 23:42:03 | INFO     | src.core.data_fetcher:save_data:452 | 数据保存成功: ./data\stock_data/600118_kline.csv
2026-03-23 23:42:03 | DEBUG    | src.update_data:update_data:141 | 股票 600118 K线数据更新成功，共 1749 条记录
2026-03-23 23:42:03 | INFO     | src.core.data_fetcher:inner:197 | 获取股票 300342 daily K线数据
2026-03-23 23:42:07 | INFO     | src.core.baostock_provider:get_stock_kline:243 | baostock 获取股票 300342 daily K线数据成功，共 1749 条
2026-03-23 23:42:07 | INFO     | src.core.data_fetcher:save_data:432 | 保存数据到 csv 文件: stock_data/300342_kline
2026-03-23 23:42:07 | INFO     | src.core.data_fetcher:save_data:452 | 数据保存成功: ./data\stock_data/300342_kline.csv
2026-03-23 23:42:07 | DEBUG    | src.update_data:update_data:141 | 股票 300342 K线数据更新成功，共 1749 条记录
2026-03-23 23:42:07 | INFO     | src.core.data_fetcher:inner:197 | 获取股票 688568 daily K线数据
2026-03-23 23:42:10 | INFO     | src.core.baostock_provider:get_stock_kline:243 | baostock 获取股票 688568 daily K线数据成功，共 1383 条
2026-03-23 23:42:10 | INFO     | src.core.data_fetcher:save_data:432 | 保存数据到 csv 文件: stock_data/688568_kline
2026-03-23 23:42:10 | INFO     | src.core.data_fetcher:save_data:452 | 数据保存成功: ./data\stock_data/688568_kline.csv
2026-03-23 23:42:10 | DEBUG    | src.update_data:update_data:141 | 股票 688568 K线数据更新成功，共 1383 条记录
2026-03-23 23:42:10 | INFO     | src.core.data_fetcher:inner:197 | 获取股票 688313 daily K线数据
2026-03-23 23:42:20 | INFO     | src.core.baostock_provider:get_stock_kline:243 | baostock 获取股票 688313 daily K线数据成功，共 1358 条
2026-03-23 23:42:20 | INFO     | src.core.data_fetcher:save_data:432 | 保存数据到 csv 文件: stock_data/688313_kline
2026-03-23 23:42:20 | INFO     | src.core.data_fetcher:save_data:452 | 数据保存成功: ./data\stock_data/688313_kline.csv
2026-03-23 23:42:20 | DEBUG    | src.update_data:update_data:141 | 股票 688313 K线数据更新成功，共 1358 条记录
2026-03-23 23:42:20 | INFO     | src.core.data_fetcher:inner:197 | 获取股票 300475 daily K线数据
2026-03-23 23:42:27 | INFO     | src.core.baostock_provider:get_stock_kline:243 | baostock 获取股票 300475 daily K线数据成功，共 1749 条
2026-03-23 23:42:27 | INFO     | src.core.data_fetcher:save_data:432 | 保存数据到 csv 文件: stock_data/300475_kline
2026-03-23 23:42:27 | INFO     | src.core.data_fetcher:save_data:452 | 数据保存成功: ./data\stock_data/300475_kline.csv
2026-03-23 23:42:27 | DEBUG    | src.update_data:update_data:141 | 股票 300475 K线数据更新成功，共 1749 条记录
2026-03-23 23:42:27 | INFO     | src.core.data_fetcher:inner:197 | 获取股票 300092 daily K线数据
2026-03-23 23:42:31 | INFO     | src.core.baostock_provider:get_stock_kline:243 | baostock 获取股票 300092 daily K线数据成功，共 1749 条
2026-03-23 23:42:31 | INFO     | src.core.data_fetcher:save_data:432 | 保存数据到 csv 文件: stock_data/300092_kline
2026-03-23 23:42:31 | INFO     | src.core.data_fetcher:save_data:452 | 数据保存成功: ./data\stock_data/300092_kline.csv
2026-03-23 23:42:31 | DEBUG    | src.update_data:update_data:141 | 股票 300092 K线数据更新成功，共 1749 条记录
2026-03-23 23:42:31 | INFO     | src.core.data_fetcher:inner:197 | 获取股票 300476 daily K线数据
2026-03-23 23:42:33 | INFO     | src.core.baostock_provider:get_stock_kline:243 | baostock 获取股票 300476 daily K线数据成功，共 1749 条
2026-03-23 23:42:33 | INFO     | src.core.data_fetcher:save_data:432 | 保存数据到 csv 文件: stock_data/300476_kline
2026-03-23 23:42:33 | INFO     | src.core.data_fetcher:save_data:452 | 数据保存成功: ./data\stock_data/300476_kline.csv
2026-03-23 23:42:33 | DEBUG    | src.update_data:update_data:141 | 股票 300476 K线数据更新成功，共 1749 条记录
2026-03-23 23:42:33 | INFO     | src.core.data_fetcher:inner:197 | 获取股票 300223 daily K线数据
2026-03-23 23:42:38 | INFO     | src.core.baostock_provider:get_stock_kline:243 | baostock 获取股票 300223 daily K线数据成功，共 1749 条
2026-03-23 23:42:38 | INFO     | src.core.data_fetcher:save_data:432 | 保存数据到 csv 文件: stock_data/300223_kline
2026-03-23 23:42:38 | INFO     | src.core.data_fetcher:save_data:452 | 数据保存成功: ./data\stock_data/300223_kline.csv
2026-03-23 23:42:38 | DEBUG    | src.update_data:update_data:141 | 股票 300223 K线数据更新成功，共 1749 条记录
2026-03-23 23:42:38 | INFO     | src.core.data_fetcher:inner:197 | 获取股票 603083 daily K线数据
2026-03-23 23:42:40 | INFO     | src.core.baostock_provider:get_stock_kline:243 | baostock 获取股票 603083 daily K线数据成功，共 1749 条
2026-03-23 23:42:40 | INFO     | src.core.data_fetcher:save_data:432 | 保存数据到 csv 文件: stock_data/603083_kline
2026-03-23 23:42:40 | INFO     | src.core.data_fetcher:save_data:452 | 数据保存成功: ./data\stock_data/603083_kline.csv
2026-03-23 23:42:40 | DEBUG    | src.update_data:update_data:141 | 股票 603083 K线数据更新成功，共 1749 条记录
2026-03-23 23:42:40 | INFO     | src.core.data_fetcher:inner:197 | 获取股票 301005 daily K线数据
2026-03-23 23:42:43 | INFO     | src.core.baostock_provider:get_stock_kline:243 | baostock 获取股票 301005 daily K线数据成功，共 1165 条
2026-03-23 23:42:43 | INFO     | src.core.data_fetcher:save_data:432 | 保存数据到 csv 文件: stock_data/301005_kline
2026-03-23 23:42:43 | INFO     | src.core.data_fetcher:save_data:452 | 数据保存成功: ./data\stock_data/301005_kline.csv
2026-03-23 23:42:43 | DEBUG    | src.update_data:update_data:141 | 股票 301005 K线数据更新成功，共 1165 条记录
2026-03-23 23:42:43 | INFO     | src.core.data_fetcher:inner:197 | 获取股票 601168 daily K线数据
2026-03-23 23:42:45 | INFO     | src.core.baostock_provider:get_stock_kline:243 | baostock 获取股票 601168 daily K线数据成功，共 1749 条
2026-03-23 23:42:45 | INFO     | src.core.data_fetcher:save_data:432 | 保存数据到 csv 文件: stock_data/601168_kline
2026-03-23 23:42:45 | INFO     | src.core.data_fetcher:save_data:452 | 数据保存成功: ./data\stock_data/601168_kline.csv
2026-03-23 23:42:45 | DEBUG    | src.update_data:update_data:141 | 股票 601168 K线数据更新成功，共 1749 条记录
2026-03-23 23:42:45 | INFO     | src.core.data_fetcher:inner:197 | 获取股票 603986 daily K线数据
2026-03-23 23:42:48 | INFO     | src.core.baostock_provider:get_stock_kline:243 | baostock 获取股票 603986 daily K线数据成功，共 1749 条
2026-03-23 23:42:48 | INFO     | src.core.data_fetcher:save_data:432 | 保存数据到 csv 文件: stock_data/603986_kline
2026-03-23 23:42:48 | INFO     | src.core.data_fetcher:save_data:452 | 数据保存成功: ./data\stock_data/603986_kline.csv
2026-03-23 23:42:48 | DEBUG    | src.update_data:update_data:141 | 股票 603986 K线数据更新成功，共 1749 条记录
2026-03-23 23:42:48 | INFO     | src.core.data_fetcher:inner:197 | 获取股票 300627 daily K线数据
2026-03-23 23:42:54 | INFO     | src.core.baostock_provider:get_stock_kline:243 | baostock 获取股票 300627 daily K线数据成功，共 1749 条
2026-03-23 23:42:54 | INFO     | src.core.data_fetcher:save_data:432 | 保存数据到 csv 文件: stock_data/300627_kline
2026-03-23 23:42:54 | INFO     | src.core.data_fetcher:save_data:452 | 数据保存成功: ./data\stock_data/300627_kline.csv
2026-03-23 23:42:54 | DEBUG    | src.update_data:update_data:141 | 股票 300627 K线数据更新成功，共 1749 条记录
2026-03-23 23:42:54 | INFO     | src.core.data_fetcher:inner:197 | 获取股票 300502 daily K线数据
2026-03-23 23:42:56 | INFO     | src.core.baostock_provider:get_stock_kline:243 | baostock 获取股票 300502 daily K线数据成功，共 1749 条
2026-03-23 23:42:56 | INFO     | src.core.data_fetcher:save_data:432 | 保存数据到 csv 文件: stock_data/300502_kline
2026-03-23 23:42:56 | INFO     | src.core.data_fetcher:save_data:452 | 数据保存成功: ./data\stock_data/300502_kline.csv
2026-03-23 23:42:56 | DEBUG    | src.update_data:update_data:141 | 股票 300502 K线数据更新成功，共 1749 条记录
2026-03-23 23:42:56 | INFO     | src.core.data_fetcher:inner:197 | 获取股票 603993 daily K线数据
2026-03-23 23:42:58 | INFO     | src.core.baostock_provider:get_stock_kline:243 | baostock 获取股票 603993 daily K线数据成功，共 1749 条
2026-03-23 23:42:58 | INFO     | src.core.data_fetcher:save_data:432 | 保存数据到 csv 文件: stock_data/603993_kline
2026-03-23 23:42:58 | INFO     | src.core.data_fetcher:save_data:452 | 数据保存成功: ./data\stock_data/603993_kline.csv
2026-03-23 23:42:58 | DEBUG    | src.update_data:update_data:141 | 股票 603993 K线数据更新成功，共 1749 条记录
2026-03-23 23:42:58 | INFO     | src.core.data_fetcher:inner:197 | 获取股票 300762 daily K线数据
2026-03-23 23:43:00 | INFO     | src.core.baostock_provider:get_stock_kline:243 | baostock 获取股票 300762 daily K线数据成功，共 1703 条
2026-03-23 23:43:00 | INFO     | src.core.data_fetcher:save_data:432 | 保存数据到 csv 文件: stock_data/300762_kline
2026-03-23 23:43:00 | INFO     | src.core.data_fetcher:save_data:452 | 数据保存成功: ./data\stock_data/300762_kline.csv
2026-03-23 23:43:00 | DEBUG    | src.update_data:update_data:141 | 股票 300762 K线数据更新成功，共 1703 条记录
2026-03-23 23:43:00 | INFO     | src.core.data_fetcher:inner:197 | 获取股票 688375 daily K线数据
2026-03-23 23:43:02 | INFO     | src.core.baostock_provider:get_stock_kline:243 | baostock 获取股票 688375 daily K线数据成功，共 887 条
2026-03-23 23:43:02 | INFO     | src.core.data_fetcher:save_data:432 | 保存数据到 csv 文件: stock_data/688375_kline
2026-03-23 23:43:02 | INFO     | src.core.data_fetcher:save_data:452 | 数据保存成功: ./data\stock_data/688375_kline.csv
2026-03-23 23:43:02 | DEBUG    | src.update_data:update_data:141 | 股票 688375 K线数据更新成功，共 887 条记录
2026-03-23 23:43:02 | INFO     | src.core.data_fetcher:inner:197 | 获取股票 301150 daily K线数据
2026-03-23 23:44:07 | INFO     | src.core.baostock_provider:get_stock_kline:243 | baostock 获取股票 301150 daily K线数据成功，共 949 条
2026-03-23 23:44:07 | INFO     | src.core.data_fetcher:save_data:432 | 保存数据到 csv 文件: stock_data/301150_kline
2026-03-23 23:44:07 | INFO     | src.core.data_fetcher:save_data:452 | 数据保存成功: ./data\stock_data/301150_kline.csv
2026-03-23 23:44:07 | DEBUG    | src.update_data:update_data:141 | 股票 301150 K线数据更新成功，共 949 条记录
2026-03-23 23:44:07 | INFO     | src.core.data_fetcher:inner:197 | 获取股票 301662 daily K线数据
2026-03-23 23:44:08 | INFO     | src.core.baostock_provider:get_stock_kline:243 | baostock 获取股票 301662 daily K线数据成功，共 225 条
2026-03-23 23:44:08 | INFO     | src.core.data_fetcher:save_data:432 | 保存数据到 csv 文件: stock_data/301662_kline
2026-03-23 23:44:08 | INFO     | src.core.data_fetcher:save_data:452 | 数据保存成功: ./data\stock_data/301662_kline.csv
2026-03-23 23:44:08 | DEBUG    | src.update_data:update_data:141 | 股票 301662 K线数据更新成功，共 225 条记录
2026-03-23 23:44:08 | INFO     | src.core.data_fetcher:inner:197 | 获取股票 601698 daily K线数据
2026-03-23 23:44:12 | INFO     | src.core.baostock_provider:get_stock_kline:243 | baostock 获取股票 601698 daily K线数据成功，共 1632 条
2026-03-23 23:44:12 | INFO     | src.core.data_fetcher:save_data:432 | 保存数据到 csv 文件: stock_data/601698_kline
2026-03-23 23:44:12 | INFO     | src.core.data_fetcher:save_data:452 | 数据保存成功: ./data\stock_data/601698_kline.csv
2026-03-23 23:44:12 | DEBUG    | src.update_data:update_data:141 | 股票 601698 K线数据更新成功，共 1632 条记录
2026-03-23 23:44:12 | INFO     | src.core.data_fetcher:inner:197 | 获取股票 301667 daily K线数据
2026-03-23 23:44:12 | INFO     | src.core.baostock_provider:get_stock_kline:243 | baostock 获取股票 301667 daily K线数据成功，共 57 条
2026-03-23 23:44:12 | INFO     | src.core.data_fetcher:save_data:432 | 保存数据到 csv 文件: stock_data/301667_kline
2026-03-23 23:44:12 | INFO     | src.core.data_fetcher:save_data:452 | 数据保存成功: ./data\stock_data/301667_kline.csv
2026-03-23 23:44:12 | DEBUG    | src.update_data:update_data:141 | 股票 301667 K线数据更新成功，共 57 条记录
2026-03-23 23:44:12 | INFO     | src.core.data_fetcher:inner:197 | 获取股票 2532 daily K线数据
2026-03-23 23:44:15 | INFO     | src.core.baostock_provider:get_stock_kline:243 | baostock 获取股票 002532 daily K线数据成功，共 1749 条
2026-03-23 23:44:15 | INFO     | src.core.data_fetcher:save_data:432 | 保存数据到 csv 文件: stock_data/2532_kline
2026-03-23 23:44:15 | INFO     | src.core.data_fetcher:save_data:452 | 数据保存成功: ./data\stock_data/2532_kline.csv
2026-03-23 23:44:15 | DEBUG    | src.update_data:update_data:141 | 股票 2532 K线数据更新成功，共 1749 条记录
2026-03-23 23:44:15 | INFO     | src.core.data_fetcher:inner:197 | 获取股票 2149 daily K线数据
2026-03-23 23:44:21 | INFO     | src.core.baostock_provider:get_stock_kline:243 | baostock 获取股票 002149 daily K线数据成功，共 1749 条
2026-03-23 23:44:21 | INFO     | src.core.data_fetcher:save_data:432 | 保存数据到 csv 文件: stock_data/2149_kline
2026-03-23 23:44:21 | INFO     | src.core.data_fetcher:save_data:452 | 数据保存成功: ./data\stock_data/2149_kline.csv
2026-03-23 23:44:21 | DEBUG    | src.update_data:update_data:141 | 股票 2149 K线数据更新成功，共 1749 条记录
2026-03-23 23:44:21 | INFO     | src.core.data_fetcher:inner:197 | 获取股票 688228 daily K线数据
2026-03-23 23:44:25 | INFO     | src.core.baostock_provider:get_stock_kline:243 | baostock 获取股票 688228 daily K线数据成功，共 1450 条
2026-03-23 23:44:25 | INFO     | src.core.data_fetcher:save_data:432 | 保存数据到 csv 文件: stock_data/688228_kline
2026-03-23 23:44:25 | INFO     | src.core.data_fetcher:save_data:452 | 数据保存成功: ./data\stock_data/688228_kline.csv
2026-03-23 23:44:25 | DEBUG    | src.update_data:update_data:141 | 股票 688228 K线数据更新成功，共 1450 条记录
2026-03-23 23:44:25 | INFO     | src.core.data_fetcher:inner:197 | 获取股票 688759 daily K线数据
2026-03-23 23:44:26 | INFO     | src.core.baostock_provider:get_stock_kline:243 | baostock 获取股票 688759 daily K线数据成功，共 97 条
2026-03-23 23:44:26 | INFO     | src.core.data_fetcher:save_data:432 | 保存数据到 csv 文件: stock_data/688759_kline
2026-03-23 23:44:26 | INFO     | src.core.data_fetcher:save_data:452 | 数据保存成功: ./data\stock_data/688759_kline.csv
2026-03-23 23:44:26 | DEBUG    | src.update_data:update_data:141 | 股票 688759 K线数据更新成功，共 97 条记录
2026-03-23 23:44:26 | INFO     | src.core.data_fetcher:inner:197 | 获取股票 300136 daily K线数据
2026-03-23 23:44:37 | INFO     | src.core.baostock_provider:get_stock_kline:243 | baostock 获取股票 300136 daily K线数据成功，共 1749 条
2026-03-23 23:44:37 | INFO     | src.core.data_fetcher:save_data:432 | 保存数据到 csv 文件: stock_data/300136_kline
2026-03-23 23:44:37 | INFO     | src.core.data_fetcher:save_data:452 | 数据保存成功: ./data\stock_data/300136_kline.csv
2026-03-23 23:44:37 | DEBUG    | src.update_data:update_data:141 | 股票 300136 K线数据更新成功，共 1749 条记录
2026-03-23 23:44:37 | INFO     | src.core.data_fetcher:inner:197 | 获取股票 688233 daily K线数据
2026-03-23 23:44:42 | INFO     | src.core.baostock_provider:get_stock_kline:243 | baostock 获取股票 688233 daily K线数据成功，共 1475 条
2026-03-23 23:44:42 | INFO     | src.core.data_fetcher:save_data:432 | 保存数据到 csv 文件: stock_data/688233_kline
2026-03-23 23:44:42 | INFO     | src.core.data_fetcher:save_data:452 | 数据保存成功: ./data\stock_data/688233_kline.csv
2026-03-23 23:44:42 | DEBUG    | src.update_data:update_data:141 | 股票 688233 K线数据更新成功，共 1475 条记录
2026-03-23 23:44:42 | INFO     | src.core.data_fetcher:inner:197 | 获取股票 300394 daily K线数据
2026-03-23 23:44:45 | INFO     | src.core.baostock_provider:get_stock_kline:243 | baostock 获取股票 300394 daily K线数据成功，共 1749 条
2026-03-23 23:44:45 | INFO     | src.core.data_fetcher:save_data:432 | 保存数据到 csv 文件: stock_data/300394_kline
2026-03-23 23:44:45 | INFO     | src.core.data_fetcher:save_data:452 | 数据保存成功: ./data\stock_data/300394_kline.csv
2026-03-23 23:44:45 | DEBUG    | src.update_data:update_data:141 | 股票 300394 K线数据更新成功，共 1749 条记录
2026-03-23 23:44:45 | INFO     | src.core.data_fetcher:inner:197 | 获取股票 2151 daily K线数据
2026-03-23 23:44:51 | INFO     | src.core.baostock_provider:get_stock_kline:243 | baostock 获取股票 002151 daily K线数据成功，共 1749 条
2026-03-23 23:44:51 | INFO     | src.core.data_fetcher:save_data:432 | 保存数据到 csv 文件: stock_data/2151_kline
2026-03-23 23:44:51 | INFO     | src.core.data_fetcher:save_data:452 | 数据保存成功: ./data\stock_data/2151_kline.csv
2026-03-23 23:44:51 | DEBUG    | src.update_data:update_data:141 | 股票 2151 K线数据更新成功，共 1749 条记录
2026-03-23 23:44:51 | INFO     | src.core.data_fetcher:inner:197 | 获取股票 688499 daily K线数据
2026-03-23 23:44:53 | INFO     | src.core.baostock_provider:get_stock_kline:243 | baostock 获取股票 688499 daily K线数据成功，共 1144 条
2026-03-23 23:44:53 | INFO     | src.core.data_fetcher:save_data:432 | 保存数据到 csv 文件: stock_data/688499_kline
2026-03-23 23:44:53 | INFO     | src.core.data_fetcher:save_data:452 | 数据保存成功: ./data\stock_data/688499_kline.csv
2026-03-23 23:44:53 | DEBUG    | src.update_data:update_data:141 | 股票 688499 K线数据更新成功，共 1144 条记录
2026-03-23 23:44:53 | INFO     | src.core.data_fetcher:inner:197 | 获取股票 688627 daily K线数据
2026-03-23 23:44:56 | INFO     | src.core.baostock_provider:get_stock_kline:243 | baostock 获取股票 688627 daily K线数据成功，共 648 条
2026-03-23 23:44:56 | INFO     | src.core.data_fetcher:save_data:432 | 保存数据到 csv 文件: stock_data/688627_kline
2026-03-23 23:44:56 | INFO     | src.core.data_fetcher:save_data:452 | 数据保存成功: ./data\stock_data/688627_kline.csv
2026-03-23 23:44:56 | DEBUG    | src.update_data:update_data:141 | 股票 688627 K线数据更新成功，共 648 条记录
2026-03-23 23:44:56 | INFO     | src.core.data_fetcher:inner:197 | 获取股票 600435 daily K线数据
2026-03-23 23:45:00 | INFO     | src.core.baostock_provider:get_stock_kline:243 | baostock 获取股票 600435 daily K线数据成功，共 1749 条
2026-03-23 23:45:00 | INFO     | src.core.data_fetcher:save_data:432 | 保存数据到 csv 文件: stock_data/600435_kline
2026-03-23 23:45:00 | INFO     | src.core.data_fetcher:save_data:452 | 数据保存成功: ./data\stock_data/600435_kline.csv
2026-03-23 23:45:00 | DEBUG    | src.update_data:update_data:141 | 股票 600435 K线数据更新成功，共 1749 条记录
2026-03-23 23:45:00 | INFO     | src.core.data_fetcher:inner:197 | 获取股票 630 daily K线数据
2026-03-23 23:45:04 | INFO     | src.core.baostock_provider:get_stock_kline:243 | baostock 获取股票 000630 daily K线数据成功，共 1749 条
2026-03-23 23:45:04 | INFO     | src.core.data_fetcher:save_data:432 | 保存数据到 csv 文件: stock_data/630_kline
2026-03-23 23:45:04 | INFO     | src.core.data_fetcher:save_data:452 | 数据保存成功: ./data\stock_data/630_kline.csv
2026-03-23 23:45:04 | DEBUG    | src.update_data:update_data:141 | 股票 630 K线数据更新成功，共 1749 条记录
2026-03-23 23:45:04 | INFO     | src.core.data_fetcher:inner:197 | 获取股票 600183 daily K线数据
2026-03-23 23:45:08 | INFO     | src.core.baostock_provider:get_stock_kline:243 | baostock 获取股票 600183 daily K线数据成功，共 1749 条
2026-03-23 23:45:08 | INFO     | src.core.data_fetcher:save_data:432 | 保存数据到 csv 文件: stock_data/600183_kline
2026-03-23 23:45:08 | INFO     | src.core.data_fetcher:save_data:452 | 数据保存成功: ./data\stock_data/600183_kline.csv
2026-03-23 23:45:08 | DEBUG    | src.update_data:update_data:141 | 股票 600183 K线数据更新成功，共 1749 条记录
2026-03-23 23:45:08 | INFO     | src.core.data_fetcher:inner:197 | 获取股票 301308 daily K线数据
2026-03-23 23:45:09 | INFO     | src.core.baostock_provider:get_stock_kline:243 | baostock 获取股票 301308 daily K线数据成功，共 877 条
2026-03-23 23:45:09 | INFO     | src.core.data_fetcher:save_data:432 | 保存数据到 csv 文件: stock_data/301308_kline
2026-03-23 23:45:09 | INFO     | src.core.data_fetcher:save_data:452 | 数据保存成功: ./data\stock_data/301308_kline.csv
2026-03-23 23:45:09 | DEBUG    | src.update_data:update_data:141 | 股票 301308 K线数据更新成功，共 877 条记录
2026-03-23 23:45:09 | INFO     | src.update_data:update_data:159 | 步骤4: 生成汇总报告
2026-03-23 23:45:09 | INFO     | src.update_data:update_data:166 | ============================================================
2026-03-23 23:45:09 | INFO     | src.update_data:update_data:167 | 数据更新完成!
2026-03-23 23:45:09 | INFO     | src.update_data:update_data:168 | ============================================================
2026-03-23 23:45:09 | INFO     | src.update_data:update_data:169 | 基金数据: 成功 6 / 失败 0
2026-03-23 23:45:09 | INFO     | src.update_data:update_data:170 | 股票数据: 成功 65 / 失败 0
2026-03-23 23:45:09 | INFO     | src.update_data:update_data:171 | 总更新记录: 71 条
2026-03-23 23:45:09 | INFO     | src.update_data:update_data:172 | ============================================================
2026-03-23 23:45:10 | DEBUG    | src.notify.channels.ntfy:send:87 | ntfy 消息发送成功: ✅ 数据更新完成
基金: 6成功/0失败
股票: 65成功/0失败...
2026-03-23 23:45:10 | DEBUG    | src.notify.base:send_with_retry:126 | 通知器 ntfy 发送成功
2026-03-23 23:45:10 | DEBUG    | src.notify.manager:send:140 | 消息发送成功到渠道 ntfy
2026-03-23 23:45:10 | INFO     | src.core.baostock_provider:logout:59 | baostock 已登出
2026-03-23 23:45:10 | INFO     | src.update_data:run_update_workflow:200 | 数据更新流程完成!
2026-03-23 23:45:22 | INFO     | src.notify.config:load_notify_config:92 | 通知配置加载成功，启用状态: True
2026-03-23 23:45:22 | INFO     | src.notify.manager:_init_channels:56 | ntfy 通知渠道初始化成功
2026-03-23 23:45:22 | INFO     | src.notify.manager:_init_channels:90 | 通知渠道初始化完成，启用 1 个渠道
2026-03-23 23:45:22 | INFO     | src.notify:init_notify:33 | 通知模块初始化完成，启用渠道: ['ntfy']
2026-03-23 23:45:22 | INFO     | __main__:main:296 | 使用配置文件中的基金代码: ['005538', '015790', '018957', '017193', '025209', '025491']
2026-03-23 23:45:40 | INFO     | src.core.data_factory:create_provider:43 | 创建数据源提供者: akshare
2026-03-23 23:45:40 | INFO     | src.core.data_factory:_init_providers:127 | 初始化数据源提供者: akshare
2026-03-23 23:45:41 | INFO     | src.core.baostock_provider:login:42 | baostock 登录成功
2026-03-23 23:45:41 | INFO     | src.core.data_factory:create_provider:43 | 创建数据源提供者: baostock
2026-03-23 23:45:41 | INFO     | src.core.data_factory:_init_providers:127 | 初始化数据源提供者: baostock
2026-03-23 23:45:41 | INFO     | src.core.data_factory:__init__:117 | 多数据源数据获取器初始化完成
2026-03-23 23:45:41 | INFO     | src.core.data_factory:__init__:118 | 股票数据源: baostock
2026-03-23 23:45:41 | INFO     | src.core.data_factory:__init__:119 | 基金数据源: akshare
2026-03-23 23:45:41 | INFO     | src.data.reader:__init__:29 | 数据读取器初始化完成，基础路径: data
2026-03-23 23:45:41 | INFO     | src.workflow.technical:run_batch:148 | 开始批量处理 6 个基金的技术指标计算
2026-03-23 23:45:41 | INFO     | src.workflow.technical:run_batch:149 | 基金代码列表: ['005538', '015790', '018957', '017193', '025209', '025491']
2026-03-23 23:45:41 | INFO     | src.workflow.technical:run_batch:155 | 
============================================================
2026-03-23 23:45:41 | INFO     | src.workflow.technical:run_batch:156 | 开始处理基金: 005538
2026-03-23 23:45:41 | INFO     | src.workflow.technical:process_fund:27 | 开始处理基金 005538 的持仓股票技术指标计算
2026-03-23 23:45:41 | INFO     | src.workflow.base:get_fund_holdings:74 | 获取基金 005538 的持仓数据
2026-03-23 23:45:41 | INFO     | src.core.data_fetcher:inner:294 | 获取基金 005538 持仓
2026-03-23 23:45:41 | INFO     | src.core.akshare_provider:get_fund_portfolio:370 | akshare 获取基金 005538 持仓
2026-03-23 23:45:42 | INFO     | src.core.akshare_provider:get_fund_portfolio:379 | 使用 fund_portfolio_hold_em 成功获取基金 005538 持仓
2026-03-23 23:45:42 | INFO     | src.workflow.base:filter_latest_quarter:90 | 过滤最新季度数据
2026-03-23 23:45:42 | INFO     | src.analysis.quarter_filter:filter_latest_quarter_data:63 | 识别到最新季度: 2025年Q4
2026-03-23 23:45:42 | INFO     | src.analysis.quarter_filter:filter_latest_quarter_data:77 | 过滤结果: 从 81 条记录中筛选出 10 条最新季度数据
2026-03-23 23:45:42 | INFO     | src.workflow.technical:process_fund:40 | 最新季度持仓股票数量: 10
2026-03-23 23:45:42 | INFO     | src.workflow.technical:process_fund:41 | 股票代码列表: ['301662', '688778', '688155', '300450', '301617', '688147', '688499', '301150', '002846', '300092']
2026-03-23 23:45:42 | INFO     | src.workflow.base:get_stock_data:104 | 批量处理 10 只股票的数据
2026-03-23 23:45:42 | INFO     | src.workflow.base:get_stock_data:108 | 处理股票 301662...
2026-03-23 23:45:42 | INFO     | src.data.reader:list_files:221 | 在 data\stock_data 中找到 77 个文件
2026-03-23 23:45:42 | INFO     | src.data.reader:list_stock_files:241 | 找到 77 个股票数据文件
2026-03-23 23:45:42 | INFO     | src.data.reader:read_csv:53 | 读取CSV文件: data\stock_data\301662_kline.csv
2026-03-23 23:45:42 | INFO     | src.data.reader:read_csv:57 | 成功读取 225 行数据
2026-03-23 23:45:42 | INFO     | src.workflow.base:get_stock_data:108 | 处理股票 688778...
2026-03-23 23:45:42 | INFO     | src.data.reader:list_files:221 | 在 data\stock_data 中找到 77 个文件
2026-03-23 23:45:42 | INFO     | src.data.reader:list_stock_files:241 | 找到 77 个股票数据文件
2026-03-23 23:45:42 | INFO     | src.data.reader:read_csv:53 | 读取CSV文件: data\stock_data\688778_kline.csv
2026-03-23 23:45:42 | INFO     | src.data.reader:read_csv:57 | 成功读取 1119 行数据
2026-03-23 23:45:42 | INFO     | src.workflow.base:get_stock_data:108 | 处理股票 688155...
2026-03-23 23:45:42 | INFO     | src.data.reader:list_files:221 | 在 data\stock_data 中找到 77 个文件
2026-03-23 23:45:42 | INFO     | src.data.reader:list_stock_files:241 | 找到 77 个股票数据文件
2026-03-23 23:45:42 | INFO     | src.data.reader:read_csv:53 | 读取CSV文件: data\stock_data\688155_kline.csv
2026-03-23 23:45:42 | INFO     | src.data.reader:read_csv:57 | 成功读取 1359 行数据
2026-03-23 23:45:42 | INFO     | src.workflow.base:get_stock_data:108 | 处理股票 300450...
2026-03-23 23:45:42 | INFO     | src.data.reader:list_files:221 | 在 data\stock_data 中找到 77 个文件
2026-03-23 23:45:42 | INFO     | src.data.reader:list_stock_files:241 | 找到 77 个股票数据文件
2026-03-23 23:45:42 | INFO     | src.data.reader:read_csv:53 | 读取CSV文件: data\stock_data\300450_kline.csv
2026-03-23 23:45:42 | INFO     | src.data.reader:read_csv:57 | 成功读取 1749 行数据
2026-03-23 23:45:42 | INFO     | src.workflow.base:get_stock_data:108 | 处理股票 301617...
2026-03-23 23:45:42 | INFO     | src.data.reader:list_files:221 | 在 data\stock_data 中找到 77 个文件
2026-03-23 23:45:42 | INFO     | src.data.reader:list_stock_files:241 | 找到 77 个股票数据文件
2026-03-23 23:45:42 | INFO     | src.data.reader:read_csv:53 | 读取CSV文件: data\stock_data\301617_kline.csv
2026-03-23 23:45:42 | INFO     | src.data.reader:read_csv:57 | 成功读取 308 行数据
2026-03-23 23:45:42 | INFO     | src.workflow.base:get_stock_data:108 | 处理股票 688147...
2026-03-23 23:45:42 | INFO     | src.data.reader:list_files:221 | 在 data\stock_data 中找到 77 个文件
2026-03-23 23:45:42 | INFO     | src.data.reader:list_stock_files:241 | 找到 77 个股票数据文件
2026-03-23 23:45:42 | INFO     | src.data.reader:read_csv:53 | 读取CSV文件: data\stock_data\688147_kline.csv
2026-03-23 23:45:42 | INFO     | src.data.reader:read_csv:57 | 成功读取 783 行数据
2026-03-23 23:45:42 | INFO     | src.workflow.base:get_stock_data:108 | 处理股票 688499...
2026-03-23 23:45:42 | INFO     | src.data.reader:list_files:221 | 在 data\stock_data 中找到 77 个文件
2026-03-23 23:45:42 | INFO     | src.data.reader:list_stock_files:241 | 找到 77 个股票数据文件
2026-03-23 23:45:42 | INFO     | src.data.reader:read_csv:53 | 读取CSV文件: data\stock_data\688499_kline.csv
2026-03-23 23:45:42 | INFO     | src.data.reader:read_csv:57 | 成功读取 1144 行数据
2026-03-23 23:45:42 | INFO     | src.workflow.base:get_stock_data:108 | 处理股票 301150...
2026-03-23 23:45:42 | INFO     | src.data.reader:list_files:221 | 在 data\stock_data 中找到 77 个文件
2026-03-23 23:45:42 | INFO     | src.data.reader:list_stock_files:241 | 找到 77 个股票数据文件
2026-03-23 23:45:42 | INFO     | src.data.reader:read_csv:53 | 读取CSV文件: data\stock_data\301150_kline.csv
2026-03-23 23:45:42 | INFO     | src.data.reader:read_csv:57 | 成功读取 949 行数据
2026-03-23 23:45:42 | INFO     | src.workflow.base:get_stock_data:108 | 处理股票 002846...
2026-03-23 23:45:42 | INFO     | src.data.reader:list_files:221 | 在 data\stock_data 中找到 77 个文件
2026-03-23 23:45:42 | INFO     | src.data.reader:list_stock_files:241 | 找到 77 个股票数据文件
2026-03-23 23:45:42 | INFO     | src.data.reader:read_csv:53 | 读取CSV文件: data\stock_data\002846_kline.csv
2026-03-23 23:45:42 | INFO     | src.data.reader:read_csv:57 | 成功读取 1748 行数据
2026-03-23 23:45:42 | INFO     | src.workflow.base:get_stock_data:108 | 处理股票 300092...
2026-03-23 23:45:42 | INFO     | src.data.reader:list_files:221 | 在 data\stock_data 中找到 77 个文件
2026-03-23 23:45:42 | INFO     | src.data.reader:list_stock_files:241 | 找到 77 个股票数据文件
2026-03-23 23:45:42 | INFO     | src.data.reader:read_csv:53 | 读取CSV文件: data\stock_data\300092_kline.csv
2026-03-23 23:45:42 | INFO     | src.data.reader:read_csv:57 | 成功读取 1749 行数据
2026-03-23 23:45:42 | INFO     | src.workflow.base:get_stock_data:143 | 成功获取 10 只股票的数据
2026-03-23 23:45:42 | INFO     | src.workflow.technical:process_fund:51 | 开始计算技术指标和信号判断
2026-03-23 23:45:42 | INFO     | src.workflow.base:calculate_technical_indicators:160 | 计算股票 301662 的技术指标
2026-03-23 23:45:42 | INFO     | src.indicators.technical_indicators:calculate_ma:133 | 计算 5 日移动平均线完成
2026-03-23 23:45:42 | INFO     | src.indicators.technical_indicators:calculate_ma:133 | 计算 10 日移动平均线完成
2026-03-23 23:45:42 | INFO     | src.indicators.technical_indicators:calculate_ma:133 | 计算 20 日移动平均线完成
2026-03-23 23:45:42 | INFO     | src.indicators.technical_indicators:calculate_ma:133 | 计算 30 日移动平均线完成
2026-03-23 23:45:42 | INFO     | src.indicators.technical_indicators:calculate_ma:133 | 计算 60 日移动平均线完成
2026-03-23 23:45:42 | INFO     | src.indicators.technical_indicators:calculate_ma:133 | 计算 120 日移动平均线完成
2026-03-23 23:45:42 | INFO     | src.indicators.technical_indicators:calculate_ma:133 | 计算 250 日移动平均线完成
2026-03-23 23:45:42 | INFO     | src.indicators.technical_indicators:calculate_sma:157 | 计算 5 日简单移动平均线完成
2026-03-23 23:45:42 | INFO     | src.indicators.technical_indicators:calculate_sma:157 | 计算 10 日简单移动平均线完成
2026-03-23 23:45:42 | INFO     | src.indicators.technical_indicators:calculate_sma:157 | 计算 20 日简单移动平均线完成
2026-03-23 23:45:42 | INFO     | src.indicators.technical_indicators:calculate_sma:157 | 计算 30 日简单移动平均线完成
2026-03-23 23:45:42 | INFO     | src.indicators.technical_indicators:calculate_sma:157 | 计算 60 日简单移动平均线完成
2026-03-23 23:45:42 | INFO     | src.indicators.technical_indicators:calculate_sma:157 | 计算 120 日简单移动平均线完成
2026-03-23 23:45:42 | INFO     | src.indicators.technical_indicators:calculate_sma:157 | 计算 250 日简单移动平均线完成
2026-03-23 23:45:42 | INFO     | src.indicators.technical_indicators:calculate_ema:182 | 计算 12 日指数移动平均线完成
2026-03-23 23:45:42 | INFO     | src.indicators.technical_indicators:calculate_ema:182 | 计算 26 日指数移动平均线完成
2026-03-23 23:45:42 | INFO     | src.indicators.technical_indicators:calculate_rsi:221 | 计算 6 日RSI完成
2026-03-23 23:45:42 | INFO     | src.indicators.technical_indicators:calculate_rsi:221 | 计算 12 日RSI完成
2026-03-23 23:45:42 | INFO     | src.indicators.technical_indicators:calculate_rsi:221 | 计算 24 日RSI完成
2026-03-23 23:45:42 | INFO     | src.indicators.technical_indicators:calculate_macd:263 | 计算MACD完成：快线=12, 慢线=26, 信号线=9
2026-03-23 23:45:42 | INFO     | src.indicators.technical_indicators:calculate_macd:263 | 计算MACD完成：快线=12, 慢线=26, 信号线=12
2026-03-23 23:45:42 | INFO     | src.indicators.technical_indicators:calculate_boll:303 | 计算布林带完成：周期=20, 标准差倍数=2
2026-03-23 23:45:42 | INFO     | src.indicators.technical_indicators:calculate_kdj:350 | 计算KDJ完成：K周期=9, D周期=3, J周期=3
2026-03-23 23:45:42 | INFO     | src.indicators.technical_indicators:calculate_kdj:350 | 计算KDJ完成：K周期=10, D周期=3, J周期=3
2026-03-23 23:45:42 | INFO     | src.indicators.technical_indicators:calculate_atr:385 | 计算 10 日ATR完成
2026-03-23 23:45:42 | INFO     | src.indicators.technical_indicators:calculate_cci:446 | 计算 20 日CCI完成
2026-03-23 23:45:42 | INFO     | src.indicators.technical_indicators:calculate_williams_r:476 | 计算 10 日威廉指标完成
2026-03-23 23:45:42 | INFO     | src.indicators.technical_indicators:calculate_ma:133 | 计算 5 日移动平均线完成
2026-03-23 23:45:42 | INFO     | src.indicators.technical_indicators:calculate_bias:500 | 计算 5 日乖离率完成
2026-03-23 23:45:42 | INFO     | src.indicators.technical_indicators:calculate_ma:133 | 计算 10 日移动平均线完成
2026-03-23 23:45:42 | INFO     | src.indicators.technical_indicators:calculate_bias:500 | 计算 10 日乖离率完成
2026-03-23 23:45:42 | INFO     | src.indicators.technical_indicators:calculate_ma:133 | 计算 20 日移动平均线完成
2026-03-23 23:45:42 | INFO     | src.indicators.technical_indicators:calculate_bias:500 | 计算 20 日乖离率完成
2026-03-23 23:45:42 | INFO     | src.indicators.technical_indicators:calculate_ma:133 | 计算 30 日移动平均线完成
2026-03-23 23:45:42 | INFO     | src.indicators.technical_indicators:calculate_bias:500 | 计算 30 日乖离率完成
2026-03-23 23:45:42 | INFO     | src.indicators.technical_indicators:calculate_ma:133 | 计算 60 日移动平均线完成
2026-03-23 23:45:42 | INFO     | src.indicators.technical_indicators:calculate_bias:500 | 计算 60 日乖离率完成
2026-03-23 23:45:42 | INFO     | src.indicators.technical_indicators:calculate_ma:133 | 计算 120 日移动平均线完成
2026-03-23 23:45:42 | INFO     | src.indicators.technical_indicators:calculate_bias:500 | 计算 120 日乖离率完成
2026-03-23 23:45:42 | INFO     | src.indicators.technical_indicators:calculate_ma:133 | 计算 250 日移动平均线完成
2026-03-23 23:45:42 | INFO     | src.indicators.technical_indicators:calculate_bias:500 | 计算 250 日乖离率完成
2026-03-23 23:45:42 | INFO     | src.indicators.technical_indicators:calculate_psy:523 | 计算 10 日心理线完成
2026-03-23 23:45:42 | WARNING  | src.indicators.technical_indicators:calculate_all:635 | 未知的指标类型: rsv_period
2026-03-23 23:45:42 | WARNING  | src.indicators.technical_indicators:calculate_all:635 | 未知的指标类型: volume_period
2026-03-23 23:45:42 | INFO     | src.indicators.technical_indicators:calculate_all:640 | 完成计算 45 个技术指标
2026-03-23 23:45:42 | INFO     | src.core.data_fetcher:save_data:432 | 保存数据到 csv 文件: 301662_with_indicators
2026-03-23 23:45:42 | INFO     | src.core.data_fetcher:save_data:452 | 数据保存成功: ./data\301662_with_indicators.csv
2026-03-23 23:45:42 | INFO     | src.workflow.base:calculate_signals:195 | 对股票 301662 进行信号判断
2026-03-23 23:45:42 | INFO     | src.core.data_fetcher:save_data:432 | 保存数据到 csv 文件: 301662_signals
2026-03-23 23:45:42 | INFO     | src.core.data_fetcher:save_data:452 | 数据保存成功: ./data\301662_signals.csv
2026-03-23 23:45:42 | INFO     | src.workflow.technical:process_fund:83 |   股票 301662 信号判断完成: 持有 (得分: 0.187)
2026-03-23 23:45:42 | INFO     | src.workflow.base:calculate_technical_indicators:160 | 计算股票 688778 的技术指标
2026-03-23 23:45:42 | INFO     | src.indicators.technical_indicators:calculate_ma:133 | 计算 5 日移动平均线完成
2026-03-23 23:45:42 | INFO     | src.indicators.technical_indicators:calculate_ma:133 | 计算 10 日移动平均线完成
2026-03-23 23:45:42 | INFO     | src.indicators.technical_indicators:calculate_ma:133 | 计算 20 日移动平均线完成
2026-03-23 23:45:42 | INFO     | src.indicators.technical_indicators:calculate_ma:133 | 计算 30 日移动平均线完成
2026-03-23 23:45:42 | INFO     | src.indicators.technical_indicators:calculate_ma:133 | 计算 60 日移动平均线完成
2026-03-23 23:45:42 | INFO     | src.indicators.technical_indicators:calculate_ma:133 | 计算 120 日移动平均线完成
2026-03-23 23:45:42 | INFO     | src.indicators.technical_indicators:calculate_ma:133 | 计算 250 日移动平均线完成
2026-03-23 23:45:42 | INFO     | src.indicators.technical_indicators:calculate_sma:157 | 计算 5 日简单移动平均线完成
2026-03-23 23:45:42 | INFO     | src.indicators.technical_indicators:calculate_sma:157 | 计算 10 日简单移动平均线完成
2026-03-23 23:45:42 | INFO     | src.indicators.technical_indicators:calculate_sma:157 | 计算 20 日简单移动平均线完成
2026-03-23 23:45:42 | INFO     | src.indicators.technical_indicators:calculate_sma:157 | 计算 30 日简单移动平均线完成
2026-03-23 23:45:42 | INFO     | src.indicators.technical_indicators:calculate_sma:157 | 计算 60 日简单移动平均线完成
2026-03-23 23:45:42 | INFO     | src.indicators.technical_indicators:calculate_sma:157 | 计算 120 日简单移动平均线完成
2026-03-23 23:45:42 | INFO     | src.indicators.technical_indicators:calculate_sma:157 | 计算 250 日简单移动平均线完成
2026-03-23 23:45:42 | INFO     | src.indicators.technical_indicators:calculate_ema:182 | 计算 12 日指数移动平均线完成
2026-03-23 23:45:42 | INFO     | src.indicators.technical_indicators:calculate_ema:182 | 计算 26 日指数移动平均线完成
2026-03-23 23:45:42 | INFO     | src.indicators.technical_indicators:calculate_rsi:221 | 计算 6 日RSI完成
2026-03-23 23:45:42 | INFO     | src.indicators.technical_indicators:calculate_rsi:221 | 计算 12 日RSI完成
2026-03-23 23:45:42 | INFO     | src.indicators.technical_indicators:calculate_rsi:221 | 计算 24 日RSI完成
2026-03-23 23:45:42 | INFO     | src.indicators.technical_indicators:calculate_macd:263 | 计算MACD完成：快线=12, 慢线=26, 信号线=9
2026-03-23 23:45:42 | INFO     | src.indicators.technical_indicators:calculate_macd:263 | 计算MACD完成：快线=12, 慢线=26, 信号线=12
2026-03-23 23:45:42 | INFO     | src.indicators.technical_indicators:calculate_boll:303 | 计算布林带完成：周期=20, 标准差倍数=2
2026-03-23 23:45:42 | INFO     | src.indicators.technical_indicators:calculate_kdj:350 | 计算KDJ完成：K周期=9, D周期=3, J周期=3
2026-03-23 23:45:42 | INFO     | src.indicators.technical_indicators:calculate_kdj:350 | 计算KDJ完成：K周期=10, D周期=3, J周期=3
2026-03-23 23:45:42 | INFO     | src.indicators.technical_indicators:calculate_atr:385 | 计算 10 日ATR完成
2026-03-23 23:45:42 | INFO     | src.indicators.technical_indicators:calculate_cci:446 | 计算 20 日CCI完成
2026-03-23 23:45:42 | INFO     | src.indicators.technical_indicators:calculate_williams_r:476 | 计算 10 日威廉指标完成
2026-03-23 23:45:42 | INFO     | src.indicators.technical_indicators:calculate_ma:133 | 计算 5 日移动平均线完成
2026-03-23 23:45:42 | INFO     | src.indicators.technical_indicators:calculate_bias:500 | 计算 5 日乖离率完成
2026-03-23 23:45:42 | INFO     | src.indicators.technical_indicators:calculate_ma:133 | 计算 10 日移动平均线完成
2026-03-23 23:45:42 | INFO     | src.indicators.technical_indicators:calculate_bias:500 | 计算 10 日乖离率完成
2026-03-23 23:45:42 | INFO     | src.indicators.technical_indicators:calculate_ma:133 | 计算 20 日移动平均线完成
2026-03-23 23:45:42 | INFO     | src.indicators.technical_indicators:calculate_bias:500 | 计算 20 日乖离率完成
2026-03-23 23:45:42 | INFO     | src.indicators.technical_indicators:calculate_ma:133 | 计算 30 日移动平均线完成
2026-03-23 23:45:42 | INFO     | src.indicators.technical_indicators:calculate_bias:500 | 计算 30 日乖离率完成
2026-03-23 23:45:42 | INFO     | src.indicators.technical_indicators:calculate_ma:133 | 计算 60 日移动平均线完成
2026-03-23 23:45:42 | INFO     | src.indicators.technical_indicators:calculate_bias:500 | 计算 60 日乖离率完成
2026-03-23 23:45:42 | INFO     | src.indicators.technical_indicators:calculate_ma:133 | 计算 120 日移动平均线完成
2026-03-23 23:45:42 | INFO     | src.indicators.technical_indicators:calculate_bias:500 | 计算 120 日乖离率完成
2026-03-23 23:45:42 | INFO     | src.indicators.technical_indicators:calculate_ma:133 | 计算 250 日移动平均线完成
2026-03-23 23:45:42 | INFO     | src.indicators.technical_indicators:calculate_bias:500 | 计算 250 日乖离率完成
2026-03-23 23:45:42 | INFO     | src.indicators.technical_indicators:calculate_psy:523 | 计算 10 日心理线完成
2026-03-23 23:45:42 | WARNING  | src.indicators.technical_indicators:calculate_all:635 | 未知的指标类型: rsv_period
2026-03-23 23:45:42 | WARNING  | src.indicators.technical_indicators:calculate_all:635 | 未知的指标类型: volume_period
2026-03-23 23:45:42 | INFO     | src.indicators.technical_indicators:calculate_all:640 | 完成计算 45 个技术指标
2026-03-23 23:45:42 | INFO     | src.core.data_fetcher:save_data:432 | 保存数据到 csv 文件: 688778_with_indicators
2026-03-23 23:45:42 | INFO     | src.core.data_fetcher:save_data:452 | 数据保存成功: ./data\688778_with_indicators.csv
2026-03-23 23:45:42 | INFO     | src.workflow.base:calculate_signals:195 | 对股票 688778 进行信号判断
2026-03-23 23:45:42 | INFO     | src.core.data_fetcher:save_data:432 | 保存数据到 csv 文件: 688778_signals
2026-03-23 23:45:42 | INFO     | src.core.data_fetcher:save_data:452 | 数据保存成功: ./data\688778_signals.csv
2026-03-23 23:45:42 | INFO     | src.workflow.technical:process_fund:83 |   股票 688778 信号判断完成: 买入 (得分: 0.208)
2026-03-23 23:45:42 | INFO     | src.workflow.base:calculate_technical_indicators:160 | 计算股票 688155 的技术指标
2026-03-23 23:45:42 | INFO     | src.indicators.technical_indicators:calculate_ma:133 | 计算 5 日移动平均线完成
2026-03-23 23:45:42 | INFO     | src.indicators.technical_indicators:calculate_ma:133 | 计算 10 日移动平均线完成
2026-03-23 23:45:42 | INFO     | src.indicators.technical_indicators:calculate_ma:133 | 计算 20 日移动平均线完成
2026-03-23 23:45:42 | INFO     | src.indicators.technical_indicators:calculate_ma:133 | 计算 30 日移动平均线完成
2026-03-23 23:45:42 | INFO     | src.indicators.technical_indicators:calculate_ma:133 | 计算 60 日移动平均线完成
2026-03-23 23:45:42 | INFO     | src.indicators.technical_indicators:calculate_ma:133 | 计算 120 日移动平均线完成
2026-03-23 23:45:42 | INFO     | src.indicators.technical_indicators:calculate_ma:133 | 计算 250 日移动平均线完成
2026-03-23 23:45:42 | INFO     | src.indicators.technical_indicators:calculate_sma:157 | 计算 5 日简单移动平均线完成
2026-03-23 23:45:42 | INFO     | src.indicators.technical_indicators:calculate_sma:157 | 计算 10 日简单移动平均线完成
2026-03-23 23:45:42 | INFO     | src.indicators.technical_indicators:calculate_sma:157 | 计算 20 日简单移动平均线完成
2026-03-23 23:45:42 | INFO     | src.indicators.technical_indicators:calculate_sma:157 | 计算 30 日简单移动平均线完成
2026-03-23 23:45:42 | INFO     | src.indicators.technical_indicators:calculate_sma:157 | 计算 60 日简单移动平均线完成
2026-03-23 23:45:42 | INFO     | src.indicators.technical_indicators:calculate_sma:157 | 计算 120 日简单移动平均线完成
2026-03-23 23:45:42 | INFO     | src.indicators.technical_indicators:calculate_sma:157 | 计算 250 日简单移动平均线完成
2026-03-23 23:45:42 | INFO     | src.indicators.technical_indicators:calculate_ema:182 | 计算 12 日指数移动平均线完成
2026-03-23 23:45:42 | INFO     | src.indicators.technical_indicators:calculate_ema:182 | 计算 26 日指数移动平均线完成
2026-03-23 23:45:42 | INFO     | src.indicators.technical_indicators:calculate_rsi:221 | 计算 6 日RSI完成
2026-03-23 23:45:42 | INFO     | src.indicators.technical_indicators:calculate_rsi:221 | 计算 12 日RSI完成
2026-03-23 23:45:42 | INFO     | src.indicators.technical_indicators:calculate_rsi:221 | 计算 24 日RSI完成
2026-03-23 23:45:42 | INFO     | src.indicators.technical_indicators:calculate_macd:263 | 计算MACD完成：快线=12, 慢线=26, 信号线=9
2026-03-23 23:45:42 | INFO     | src.indicators.technical_indicators:calculate_macd:263 | 计算MACD完成：快线=12, 慢线=26, 信号线=12
2026-03-23 23:45:42 | INFO     | src.indicators.technical_indicators:calculate_boll:303 | 计算布林带完成：周期=20, 标准差倍数=2
2026-03-23 23:45:42 | INFO     | src.indicators.technical_indicators:calculate_kdj:350 | 计算KDJ完成：K周期=9, D周期=3, J周期=3
2026-03-23 23:45:42 | INFO     | src.indicators.technical_indicators:calculate_kdj:350 | 计算KDJ完成：K周期=10, D周期=3, J周期=3
2026-03-23 23:45:42 | INFO     | src.indicators.technical_indicators:calculate_atr:385 | 计算 10 日ATR完成
2026-03-23 23:45:42 | INFO     | src.indicators.technical_indicators:calculate_cci:446 | 计算 20 日CCI完成
2026-03-23 23:45:42 | INFO     | src.indicators.technical_indicators:calculate_williams_r:476 | 计算 10 日威廉指标完成
2026-03-23 23:45:42 | INFO     | src.indicators.technical_indicators:calculate_ma:133 | 计算 5 日移动平均线完成
2026-03-23 23:45:42 | INFO     | src.indicators.technical_indicators:calculate_bias:500 | 计算 5 日乖离率完成
2026-03-23 23:45:42 | INFO     | src.indicators.technical_indicators:calculate_ma:133 | 计算 10 日移动平均线完成
2026-03-23 23:45:42 | INFO     | src.indicators.technical_indicators:calculate_bias:500 | 计算 10 日乖离率完成
2026-03-23 23:45:42 | INFO     | src.indicators.technical_indicators:calculate_ma:133 | 计算 20 日移动平均线完成
2026-03-23 23:45:42 | INFO     | src.indicators.technical_indicators:calculate_bias:500 | 计算 20 日乖离率完成
2026-03-23 23:45:42 | INFO     | src.indicators.technical_indicators:calculate_ma:133 | 计算 30 日移动平均线完成
2026-03-23 23:45:42 | INFO     | src.indicators.technical_indicators:calculate_bias:500 | 计算 30 日乖离率完成
2026-03-23 23:45:42 | INFO     | src.indicators.technical_indicators:calculate_ma:133 | 计算 60 日移动平均线完成
2026-03-23 23:45:42 | INFO     | src.indicators.technical_indicators:calculate_bias:500 | 计算 60 日乖离率完成
2026-03-23 23:45:42 | INFO     | src.indicators.technical_indicators:calculate_ma:133 | 计算 120 日移动平均线完成
2026-03-23 23:45:42 | INFO     | src.indicators.technical_indicators:calculate_bias:500 | 计算 120 日乖离率完成
2026-03-23 23:45:42 | INFO     | src.indicators.technical_indicators:calculate_ma:133 | 计算 250 日移动平均线完成
2026-03-23 23:45:42 | INFO     | src.indicators.technical_indicators:calculate_bias:500 | 计算 250 日乖离率完成
2026-03-23 23:45:42 | INFO     | src.indicators.technical_indicators:calculate_psy:523 | 计算 10 日心理线完成
2026-03-23 23:45:42 | WARNING  | src.indicators.technical_indicators:calculate_all:635 | 未知的指标类型: rsv_period
2026-03-23 23:45:42 | WARNING  | src.indicators.technical_indicators:calculate_all:635 | 未知的指标类型: volume_period
2026-03-23 23:45:42 | INFO     | src.indicators.technical_indicators:calculate_all:640 | 完成计算 45 个技术指标
2026-03-23 23:45:42 | INFO     | src.core.data_fetcher:save_data:432 | 保存数据到 csv 文件: 688155_with_indicators
2026-03-23 23:45:42 | INFO     | src.core.data_fetcher:save_data:452 | 数据保存成功: ./data\688155_with_indicators.csv
2026-03-23 23:45:42 | INFO     | src.workflow.base:calculate_signals:195 | 对股票 688155 进行信号判断
2026-03-23 23:45:42 | INFO     | src.core.data_fetcher:save_data:432 | 保存数据到 csv 文件: 688155_signals
2026-03-23 23:45:42 | INFO     | src.core.data_fetcher:save_data:452 | 数据保存成功: ./data\688155_signals.csv
2026-03-23 23:45:42 | INFO     | src.workflow.technical:process_fund:83 |   股票 688155 信号判断完成: 持有 (得分: 0.117)
2026-03-23 23:45:42 | INFO     | src.workflow.base:calculate_technical_indicators:160 | 计算股票 300450 的技术指标
2026-03-23 23:45:42 | INFO     | src.indicators.technical_indicators:calculate_ma:133 | 计算 5 日移动平均线完成
2026-03-23 23:45:42 | INFO     | src.indicators.technical_indicators:calculate_ma:133 | 计算 10 日移动平均线完成
2026-03-23 23:45:42 | INFO     | src.indicators.technical_indicators:calculate_ma:133 | 计算 20 日移动平均线完成
2026-03-23 23:45:42 | INFO     | src.indicators.technical_indicators:calculate_ma:133 | 计算 30 日移动平均线完成
2026-03-23 23:45:42 | INFO     | src.indicators.technical_indicators:calculate_ma:133 | 计算 60 日移动平均线完成
2026-03-23 23:45:42 | INFO     | src.indicators.technical_indicators:calculate_ma:133 | 计算 120 日移动平均线完成
2026-03-23 23:45:42 | INFO     | src.indicators.technical_indicators:calculate_ma:133 | 计算 250 日移动平均线完成
2026-03-23 23:45:42 | INFO     | src.indicators.technical_indicators:calculate_sma:157 | 计算 5 日简单移动平均线完成
2026-03-23 23:45:42 | INFO     | src.indicators.technical_indicators:calculate_sma:157 | 计算 10 日简单移动平均线完成
2026-03-23 23:45:42 | INFO     | src.indicators.technical_indicators:calculate_sma:157 | 计算 20 日简单移动平均线完成
2026-03-23 23:45:42 | INFO     | src.indicators.technical_indicators:calculate_sma:157 | 计算 30 日简单移动平均线完成
2026-03-23 23:45:42 | INFO     | src.indicators.technical_indicators:calculate_sma:157 | 计算 60 日简单移动平均线完成
2026-03-23 23:45:42 | INFO     | src.indicators.technical_indicators:calculate_sma:157 | 计算 120 日简单移动平均线完成
2026-03-23 23:45:42 | INFO     | src.indicators.technical_indicators:calculate_sma:157 | 计算 250 日简单移动平均线完成
2026-03-23 23:45:42 | INFO     | src.indicators.technical_indicators:calculate_ema:182 | 计算 12 日指数移动平均线完成
2026-03-23 23:45:42 | INFO     | src.indicators.technical_indicators:calculate_ema:182 | 计算 26 日指数移动平均线完成
2026-03-23 23:45:42 | INFO     | src.indicators.technical_indicators:calculate_rsi:221 | 计算 6 日RSI完成
2026-03-23 23:45:42 | INFO     | src.indicators.technical_indicators:calculate_rsi:221 | 计算 12 日RSI完成
2026-03-23 23:45:42 | INFO     | src.indicators.technical_indicators:calculate_rsi:221 | 计算 24 日RSI完成
2026-03-23 23:45:42 | INFO     | src.indicators.technical_indicators:calculate_macd:263 | 计算MACD完成：快线=12, 慢线=26, 信号线=9
2026-03-23 23:45:42 | INFO     | src.indicators.technical_indicators:calculate_macd:263 | 计算MACD完成：快线=12, 慢线=26, 信号线=12
2026-03-23 23:45:42 | INFO     | src.indicators.technical_indicators:calculate_boll:303 | 计算布林带完成：周期=20, 标准差倍数=2
2026-03-23 23:45:42 | INFO     | src.indicators.technical_indicators:calculate_kdj:350 | 计算KDJ完成：K周期=9, D周期=3, J周期=3
2026-03-23 23:45:42 | INFO     | src.indicators.technical_indicators:calculate_kdj:350 | 计算KDJ完成：K周期=10, D周期=3, J周期=3
2026-03-23 23:45:42 | INFO     | src.indicators.technical_indicators:calculate_atr:385 | 计算 10 日ATR完成
2026-03-23 23:45:42 | INFO     | src.indicators.technical_indicators:calculate_cci:446 | 计算 20 日CCI完成
2026-03-23 23:45:42 | INFO     | src.indicators.technical_indicators:calculate_williams_r:476 | 计算 10 日威廉指标完成
2026-03-23 23:45:42 | INFO     | src.indicators.technical_indicators:calculate_ma:133 | 计算 5 日移动平均线完成
2026-03-23 23:45:42 | INFO     | src.indicators.technical_indicators:calculate_bias:500 | 计算 5 日乖离率完成
2026-03-23 23:45:42 | INFO     | src.indicators.technical_indicators:calculate_ma:133 | 计算 10 日移动平均线完成
2026-03-23 23:45:42 | INFO     | src.indicators.technical_indicators:calculate_bias:500 | 计算 10 日乖离率完成
2026-03-23 23:45:42 | INFO     | src.indicators.technical_indicators:calculate_ma:133 | 计算 20 日移动平均线完成
2026-03-23 23:45:42 | INFO     | src.indicators.technical_indicators:calculate_bias:500 | 计算 20 日乖离率完成
2026-03-23 23:45:42 | INFO     | src.indicators.technical_indicators:calculate_ma:133 | 计算 30 日移动平均线完成
2026-03-23 23:45:42 | INFO     | src.indicators.technical_indicators:calculate_bias:500 | 计算 30 日乖离率完成
2026-03-23 23:45:42 | INFO     | src.indicators.technical_indicators:calculate_ma:133 | 计算 60 日移动平均线完成
2026-03-23 23:45:42 | INFO     | src.indicators.technical_indicators:calculate_bias:500 | 计算 60 日乖离率完成
2026-03-23 23:45:42 | INFO     | src.indicators.technical_indicators:calculate_ma:133 | 计算 120 日移动平均线完成
2026-03-23 23:45:42 | INFO     | src.indicators.technical_indicators:calculate_bias:500 | 计算 120 日乖离率完成
2026-03-23 23:45:42 | INFO     | src.indicators.technical_indicators:calculate_ma:133 | 计算 250 日移动平均线完成
2026-03-23 23:45:42 | INFO     | src.indicators.technical_indicators:calculate_bias:500 | 计算 250 日乖离率完成
2026-03-23 23:45:42 | INFO     | src.indicators.technical_indicators:calculate_psy:523 | 计算 10 日心理线完成
2026-03-23 23:45:42 | WARNING  | src.indicators.technical_indicators:calculate_all:635 | 未知的指标类型: rsv_period
2026-03-23 23:45:42 | WARNING  | src.indicators.technical_indicators:calculate_all:635 | 未知的指标类型: volume_period
2026-03-23 23:45:42 | INFO     | src.indicators.technical_indicators:calculate_all:640 | 完成计算 45 个技术指标
2026-03-23 23:45:42 | INFO     | src.core.data_fetcher:save_data:432 | 保存数据到 csv 文件: 300450_with_indicators
2026-03-23 23:45:42 | INFO     | src.core.data_fetcher:save_data:452 | 数据保存成功: ./data\300450_with_indicators.csv
2026-03-23 23:45:42 | INFO     | src.workflow.base:calculate_signals:195 | 对股票 300450 进行信号判断
2026-03-23 23:45:42 | INFO     | src.core.data_fetcher:save_data:432 | 保存数据到 csv 文件: 300450_signals
2026-03-23 23:45:42 | INFO     | src.core.data_fetcher:save_data:452 | 数据保存成功: ./data\300450_signals.csv
2026-03-23 23:45:42 | INFO     | src.workflow.technical:process_fund:83 |   股票 300450 信号判断完成: 持有 (得分: 0.147)
2026-03-23 23:45:42 | INFO     | src.workflow.base:calculate_technical_indicators:160 | 计算股票 301617 的技术指标
2026-03-23 23:45:42 | INFO     | src.indicators.technical_indicators:calculate_ma:133 | 计算 5 日移动平均线完成
2026-03-23 23:45:42 | INFO     | src.indicators.technical_indicators:calculate_ma:133 | 计算 10 日移动平均线完成
2026-03-23 23:45:42 | INFO     | src.indicators.technical_indicators:calculate_ma:133 | 计算 20 日移动平均线完成
2026-03-23 23:45:42 | INFO     | src.indicators.technical_indicators:calculate_ma:133 | 计算 30 日移动平均线完成
2026-03-23 23:45:42 | INFO     | src.indicators.technical_indicators:calculate_ma:133 | 计算 60 日移动平均线完成
2026-03-23 23:45:42 | INFO     | src.indicators.technical_indicators:calculate_ma:133 | 计算 120 日移动平均线完成
2026-03-23 23:45:42 | INFO     | src.indicators.technical_indicators:calculate_ma:133 | 计算 250 日移动平均线完成
2026-03-23 23:45:42 | INFO     | src.indicators.technical_indicators:calculate_sma:157 | 计算 5 日简单移动平均线完成
2026-03-23 23:45:42 | INFO     | src.indicators.technical_indicators:calculate_sma:157 | 计算 10 日简单移动平均线完成
2026-03-23 23:45:42 | INFO     | src.indicators.technical_indicators:calculate_sma:157 | 计算 20 日简单移动平均线完成
2026-03-23 23:45:42 | INFO     | src.indicators.technical_indicators:calculate_sma:157 | 计算 30 日简单移动平均线完成
2026-03-23 23:45:42 | INFO     | src.indicators.technical_indicators:calculate_sma:157 | 计算 60 日简单移动平均线完成
2026-03-23 23:45:42 | INFO     | src.indicators.technical_indicators:calculate_sma:157 | 计算 120 日简单移动平均线完成
2026-03-23 23:45:42 | INFO     | src.indicators.technical_indicators:calculate_sma:157 | 计算 250 日简单移动平均线完成
2026-03-23 23:45:42 | INFO     | src.indicators.technical_indicators:calculate_ema:182 | 计算 12 日指数移动平均线完成
2026-03-23 23:45:42 | INFO     | src.indicators.technical_indicators:calculate_ema:182 | 计算 26 日指数移动平均线完成
2026-03-23 23:45:42 | INFO     | src.indicators.technical_indicators:calculate_rsi:221 | 计算 6 日RSI完成
2026-03-23 23:45:42 | INFO     | src.indicators.technical_indicators:calculate_rsi:221 | 计算 12 日RSI完成
2026-03-23 23:45:42 | INFO     | src.indicators.technical_indicators:calculate_rsi:221 | 计算 24 日RSI完成
2026-03-23 23:45:42 | INFO     | src.indicators.technical_indicators:calculate_macd:263 | 计算MACD完成：快线=12, 慢线=26, 信号线=9
2026-03-23 23:45:42 | INFO     | src.indicators.technical_indicators:calculate_macd:263 | 计算MACD完成：快线=12, 慢线=26, 信号线=12
2026-03-23 23:45:42 | INFO     | src.indicators.technical_indicators:calculate_boll:303 | 计算布林带完成：周期=20, 标准差倍数=2
2026-03-23 23:45:42 | INFO     | src.indicators.technical_indicators:calculate_kdj:350 | 计算KDJ完成：K周期=9, D周期=3, J周期=3
2026-03-23 23:45:42 | INFO     | src.indicators.technical_indicators:calculate_kdj:350 | 计算KDJ完成：K周期=10, D周期=3, J周期=3
2026-03-23 23:45:42 | INFO     | src.indicators.technical_indicators:calculate_atr:385 | 计算 10 日ATR完成
2026-03-23 23:45:42 | INFO     | src.indicators.technical_indicators:calculate_cci:446 | 计算 20 日CCI完成
2026-03-23 23:45:42 | INFO     | src.indicators.technical_indicators:calculate_williams_r:476 | 计算 10 日威廉指标完成
2026-03-23 23:45:42 | INFO     | src.indicators.technical_indicators:calculate_ma:133 | 计算 5 日移动平均线完成
2026-03-23 23:45:42 | INFO     | src.indicators.technical_indicators:calculate_bias:500 | 计算 5 日乖离率完成
2026-03-23 23:45:42 | INFO     | src.indicators.technical_indicators:calculate_ma:133 | 计算 10 日移动平均线完成
2026-03-23 23:45:42 | INFO     | src.indicators.technical_indicators:calculate_bias:500 | 计算 10 日乖离率完成
2026-03-23 23:45:42 | INFO     | src.indicators.technical_indicators:calculate_ma:133 | 计算 20 日移动平均线完成
2026-03-23 23:45:42 | INFO     | src.indicators.technical_indicators:calculate_bias:500 | 计算 20 日乖离率完成
2026-03-23 23:45:42 | INFO     | src.indicators.technical_indicators:calculate_ma:133 | 计算 30 日移动平均线完成
2026-03-23 23:45:42 | INFO     | src.indicators.technical_indicators:calculate_bias:500 | 计算 30 日乖离率完成
2026-03-23 23:45:42 | INFO     | src.indicators.technical_indicators:calculate_ma:133 | 计算 60 日移动平均线完成
2026-03-23 23:45:42 | INFO     | src.indicators.technical_indicators:calculate_bias:500 | 计算 60 日乖离率完成
2026-03-23 23:45:42 | INFO     | src.indicators.technical_indicators:calculate_ma:133 | 计算 120 日移动平均线完成
2026-03-23 23:45:42 | INFO     | src.indicators.technical_indicators:calculate_bias:500 | 计算 120 日乖离率完成
2026-03-23 23:45:42 | INFO     | src.indicators.technical_indicators:calculate_ma:133 | 计算 250 日移动平均线完成
2026-03-23 23:45:42 | INFO     | src.indicators.technical_indicators:calculate_bias:500 | 计算 250 日乖离率完成
2026-03-23 23:45:42 | INFO     | src.indicators.technical_indicators:calculate_psy:523 | 计算 10 日心理线完成
2026-03-23 23:45:42 | WARNING  | src.indicators.technical_indicators:calculate_all:635 | 未知的指标类型: rsv_period
2026-03-23 23:45:42 | WARNING  | src.indicators.technical_indicators:calculate_all:635 | 未知的指标类型: volume_period
2026-03-23 23:45:42 | INFO     | src.indicators.technical_indicators:calculate_all:640 | 完成计算 45 个技术指标
2026-03-23 23:45:42 | INFO     | src.core.data_fetcher:save_data:432 | 保存数据到 csv 文件: 301617_with_indicators
2026-03-23 23:45:43 | INFO     | src.core.data_fetcher:save_data:452 | 数据保存成功: ./data\301617_with_indicators.csv
2026-03-23 23:45:43 | INFO     | src.workflow.base:calculate_signals:195 | 对股票 301617 进行信号判断
2026-03-23 23:45:43 | INFO     | src.core.data_fetcher:save_data:432 | 保存数据到 csv 文件: 301617_signals
2026-03-23 23:45:43 | INFO     | src.core.data_fetcher:save_data:452 | 数据保存成功: ./data\301617_signals.csv
2026-03-23 23:45:43 | INFO     | src.workflow.technical:process_fund:83 |   股票 301617 信号判断完成: 持有 (得分: 0.162)
2026-03-23 23:45:43 | INFO     | src.workflow.base:calculate_technical_indicators:160 | 计算股票 688147 的技术指标
2026-03-23 23:45:43 | INFO     | src.indicators.technical_indicators:calculate_ma:133 | 计算 5 日移动平均线完成
2026-03-23 23:45:43 | INFO     | src.indicators.technical_indicators:calculate_ma:133 | 计算 10 日移动平均线完成
2026-03-23 23:45:43 | INFO     | src.indicators.technical_indicators:calculate_ma:133 | 计算 20 日移动平均线完成
2026-03-23 23:45:43 | INFO     | src.indicators.technical_indicators:calculate_ma:133 | 计算 30 日移动平均线完成
2026-03-23 23:45:43 | INFO     | src.indicators.technical_indicators:calculate_ma:133 | 计算 60 日移动平均线完成
2026-03-23 23:45:43 | INFO     | src.indicators.technical_indicators:calculate_ma:133 | 计算 120 日移动平均线完成
2026-03-23 23:45:43 | INFO     | src.indicators.technical_indicators:calculate_ma:133 | 计算 250 日移动平均线完成
2026-03-23 23:45:43 | INFO     | src.indicators.technical_indicators:calculate_sma:157 | 计算 5 日简单移动平均线完成
2026-03-23 23:45:43 | INFO     | src.indicators.technical_indicators:calculate_sma:157 | 计算 10 日简单移动平均线完成
2026-03-23 23:45:43 | INFO     | src.indicators.technical_indicators:calculate_sma:157 | 计算 20 日简单移动平均线完成
2026-03-23 23:45:43 | INFO     | src.indicators.technical_indicators:calculate_sma:157 | 计算 30 日简单移动平均线完成
2026-03-23 23:45:43 | INFO     | src.indicators.technical_indicators:calculate_sma:157 | 计算 60 日简单移动平均线完成
2026-03-23 23:45:43 | INFO     | src.indicators.technical_indicators:calculate_sma:157 | 计算 120 日简单移动平均线完成
2026-03-23 23:45:43 | INFO     | src.indicators.technical_indicators:calculate_sma:157 | 计算 250 日简单移动平均线完成
2026-03-23 23:45:43 | INFO     | src.indicators.technical_indicators:calculate_ema:182 | 计算 12 日指数移动平均线完成
2026-03-23 23:45:43 | INFO     | src.indicators.technical_indicators:calculate_ema:182 | 计算 26 日指数移动平均线完成
2026-03-23 23:45:43 | INFO     | src.indicators.technical_indicators:calculate_rsi:221 | 计算 6 日RSI完成
2026-03-23 23:45:43 | INFO     | src.indicators.technical_indicators:calculate_rsi:221 | 计算 12 日RSI完成
2026-03-23 23:45:43 | INFO     | src.indicators.technical_indicators:calculate_rsi:221 | 计算 24 日RSI完成
2026-03-23 23:45:43 | INFO     | src.indicators.technical_indicators:calculate_macd:263 | 计算MACD完成：快线=12, 慢线=26, 信号线=9
2026-03-23 23:45:43 | INFO     | src.indicators.technical_indicators:calculate_macd:263 | 计算MACD完成：快线=12, 慢线=26, 信号线=12
2026-03-23 23:45:43 | INFO     | src.indicators.technical_indicators:calculate_boll:303 | 计算布林带完成：周期=20, 标准差倍数=2
2026-03-23 23:45:43 | INFO     | src.indicators.technical_indicators:calculate_kdj:350 | 计算KDJ完成：K周期=9, D周期=3, J周期=3
2026-03-23 23:45:43 | INFO     | src.indicators.technical_indicators:calculate_kdj:350 | 计算KDJ完成：K周期=10, D周期=3, J周期=3
2026-03-23 23:45:43 | INFO     | src.indicators.technical_indicators:calculate_atr:385 | 计算 10 日ATR完成
2026-03-23 23:45:43 | INFO     | src.indicators.technical_indicators:calculate_cci:446 | 计算 20 日CCI完成
2026-03-23 23:45:43 | INFO     | src.indicators.technical_indicators:calculate_williams_r:476 | 计算 10 日威廉指标完成
2026-03-23 23:45:43 | INFO     | src.indicators.technical_indicators:calculate_ma:133 | 计算 5 日移动平均线完成
2026-03-23 23:45:43 | INFO     | src.indicators.technical_indicators:calculate_bias:500 | 计算 5 日乖离率完成
2026-03-23 23:45:43 | INFO     | src.indicators.technical_indicators:calculate_ma:133 | 计算 10 日移动平均线完成
2026-03-23 23:45:43 | INFO     | src.indicators.technical_indicators:calculate_bias:500 | 计算 10 日乖离率完成
2026-03-23 23:45:43 | INFO     | src.indicators.technical_indicators:calculate_ma:133 | 计算 20 日移动平均线完成
2026-03-23 23:45:43 | INFO     | src.indicators.technical_indicators:calculate_bias:500 | 计算 20 日乖离率完成
2026-03-23 23:45:43 | INFO     | src.indicators.technical_indicators:calculate_ma:133 | 计算 30 日移动平均线完成
2026-03-23 23:45:43 | INFO     | src.indicators.technical_indicators:calculate_bias:500 | 计算 30 日乖离率完成
2026-03-23 23:45:43 | INFO     | src.indicators.technical_indicators:calculate_ma:133 | 计算 60 日移动平均线完成
2026-03-23 23:45:43 | INFO     | src.indicators.technical_indicators:calculate_bias:500 | 计算 60 日乖离率完成
2026-03-23 23:45:43 | INFO     | src.indicators.technical_indicators:calculate_ma:133 | 计算 120 日移动平均线完成
2026-03-23 23:45:43 | INFO     | src.indicators.technical_indicators:calculate_bias:500 | 计算 120 日乖离率完成
2026-03-23 23:45:43 | INFO     | src.indicators.technical_indicators:calculate_ma:133 | 计算 250 日移动平均线完成
2026-03-23 23:45:43 | INFO     | src.indicators.technical_indicators:calculate_bias:500 | 计算 250 日乖离率完成
2026-03-23 23:45:43 | INFO     | src.indicators.technical_indicators:calculate_psy:523 | 计算 10 日心理线完成
2026-03-23 23:45:43 | WARNING  | src.indicators.technical_indicators:calculate_all:635 | 未知的指标类型: rsv_period
2026-03-23 23:45:43 | WARNING  | src.indicators.technical_indicators:calculate_all:635 | 未知的指标类型: volume_period
2026-03-23 23:45:43 | INFO     | src.indicators.technical_indicators:calculate_all:640 | 完成计算 45 个技术指标
2026-03-23 23:45:43 | INFO     | src.core.data_fetcher:save_data:432 | 保存数据到 csv 文件: 688147_with_indicators
2026-03-23 23:45:43 | INFO     | src.core.data_fetcher:save_data:452 | 数据保存成功: ./data\688147_with_indicators.csv
2026-03-23 23:45:43 | INFO     | src.workflow.base:calculate_signals:195 | 对股票 688147 进行信号判断
2026-03-23 23:45:43 | INFO     | src.core.data_fetcher:save_data:432 | 保存数据到 csv 文件: 688147_signals
2026-03-23 23:45:43 | INFO     | src.core.data_fetcher:save_data:452 | 数据保存成功: ./data\688147_signals.csv
2026-03-23 23:45:43 | INFO     | src.workflow.technical:process_fund:83 |   股票 688147 信号判断完成: 持有 (得分: -0.010)
2026-03-23 23:45:43 | INFO     | src.workflow.base:calculate_technical_indicators:160 | 计算股票 688499 的技术指标
2026-03-23 23:45:43 | INFO     | src.indicators.technical_indicators:calculate_ma:133 | 计算 5 日移动平均线完成
2026-03-23 23:45:43 | INFO     | src.indicators.technical_indicators:calculate_ma:133 | 计算 10 日移动平均线完成
2026-03-23 23:45:43 | INFO     | src.indicators.technical_indicators:calculate_ma:133 | 计算 20 日移动平均线完成
2026-03-23 23:45:43 | INFO     | src.indicators.technical_indicators:calculate_ma:133 | 计算 30 日移动平均线完成
2026-03-23 23:45:43 | INFO     | src.indicators.technical_indicators:calculate_ma:133 | 计算 60 日移动平均线完成
2026-03-23 23:45:43 | INFO     | src.indicators.technical_indicators:calculate_ma:133 | 计算 120 日移动平均线完成
2026-03-23 23:45:43 | INFO     | src.indicators.technical_indicators:calculate_ma:133 | 计算 250 日移动平均线完成
2026-03-23 23:45:43 | INFO     | src.indicators.technical_indicators:calculate_sma:157 | 计算 5 日简单移动平均线完成
2026-03-23 23:45:43 | INFO     | src.indicators.technical_indicators:calculate_sma:157 | 计算 10 日简单移动平均线完成
2026-03-23 23:45:43 | INFO     | src.indicators.technical_indicators:calculate_sma:157 | 计算 20 日简单移动平均线完成
2026-03-23 23:45:43 | INFO     | src.indicators.technical_indicators:calculate_sma:157 | 计算 30 日简单移动平均线完成
2026-03-23 23:45:43 | INFO     | src.indicators.technical_indicators:calculate_sma:157 | 计算 60 日简单移动平均线完成
2026-03-23 23:45:43 | INFO     | src.indicators.technical_indicators:calculate_sma:157 | 计算 120 日简单移动平均线完成
2026-03-23 23:45:43 | INFO     | src.indicators.technical_indicators:calculate_sma:157 | 计算 250 日简单移动平均线完成
2026-03-23 23:45:43 | INFO     | src.indicators.technical_indicators:calculate_ema:182 | 计算 12 日指数移动平均线完成
2026-03-23 23:45:43 | INFO     | src.indicators.technical_indicators:calculate_ema:182 | 计算 26 日指数移动平均线完成
2026-03-23 23:45:43 | INFO     | src.indicators.technical_indicators:calculate_rsi:221 | 计算 6 日RSI完成
2026-03-23 23:45:43 | INFO     | src.indicators.technical_indicators:calculate_rsi:221 | 计算 12 日RSI完成
2026-03-23 23:45:43 | INFO     | src.indicators.technical_indicators:calculate_rsi:221 | 计算 24 日RSI完成
2026-03-23 23:45:43 | INFO     | src.indicators.technical_indicators:calculate_macd:263 | 计算MACD完成：快线=12, 慢线=26, 信号线=9
2026-03-23 23:45:43 | INFO     | src.indicators.technical_indicators:calculate_macd:263 | 计算MACD完成：快线=12, 慢线=26, 信号线=12
2026-03-23 23:45:43 | INFO     | src.indicators.technical_indicators:calculate_boll:303 | 计算布林带完成：周期=20, 标准差倍数=2
2026-03-23 23:45:43 | INFO     | src.indicators.technical_indicators:calculate_kdj:350 | 计算KDJ完成：K周期=9, D周期=3, J周期=3
2026-03-23 23:45:43 | INFO     | src.indicators.technical_indicators:calculate_kdj:350 | 计算KDJ完成：K周期=10, D周期=3, J周期=3
2026-03-23 23:45:43 | INFO     | src.indicators.technical_indicators:calculate_atr:385 | 计算 10 日ATR完成
2026-03-23 23:45:43 | INFO     | src.indicators.technical_indicators:calculate_cci:446 | 计算 20 日CCI完成
2026-03-23 23:45:43 | INFO     | src.indicators.technical_indicators:calculate_williams_r:476 | 计算 10 日威廉指标完成
2026-03-23 23:45:43 | INFO     | src.indicators.technical_indicators:calculate_ma:133 | 计算 5 日移动平均线完成
2026-03-23 23:45:43 | INFO     | src.indicators.technical_indicators:calculate_bias:500 | 计算 5 日乖离率完成
2026-03-23 23:45:43 | INFO     | src.indicators.technical_indicators:calculate_ma:133 | 计算 10 日移动平均线完成
2026-03-23 23:45:43 | INFO     | src.indicators.technical_indicators:calculate_bias:500 | 计算 10 日乖离率完成
2026-03-23 23:45:43 | INFO     | src.indicators.technical_indicators:calculate_ma:133 | 计算 20 日移动平均线完成
2026-03-23 23:45:43 | INFO     | src.indicators.technical_indicators:calculate_bias:500 | 计算 20 日乖离率完成
2026-03-23 23:45:43 | INFO     | src.indicators.technical_indicators:calculate_ma:133 | 计算 30 日移动平均线完成
2026-03-23 23:45:43 | INFO     | src.indicators.technical_indicators:calculate_bias:500 | 计算 30 日乖离率完成
2026-03-23 23:45:43 | INFO     | src.indicators.technical_indicators:calculate_ma:133 | 计算 60 日移动平均线完成
2026-03-23 23:45:43 | INFO     | src.indicators.technical_indicators:calculate_bias:500 | 计算 60 日乖离率完成
2026-03-23 23:45:43 | INFO     | src.indicators.technical_indicators:calculate_ma:133 | 计算 120 日移动平均线完成
2026-03-23 23:45:43 | INFO     | src.indicators.technical_indicators:calculate_bias:500 | 计算 120 日乖离率完成
2026-03-23 23:45:43 | INFO     | src.indicators.technical_indicators:calculate_ma:133 | 计算 250 日移动平均线完成
2026-03-23 23:45:43 | INFO     | src.indicators.technical_indicators:calculate_bias:500 | 计算 250 日乖离率完成
2026-03-23 23:45:43 | INFO     | src.indicators.technical_indicators:calculate_psy:523 | 计算 10 日心理线完成
2026-03-23 23:45:43 | WARNING  | src.indicators.technical_indicators:calculate_all:635 | 未知的指标类型: rsv_period
2026-03-23 23:45:43 | WARNING  | src.indicators.technical_indicators:calculate_all:635 | 未知的指标类型: volume_period
2026-03-23 23:45:43 | INFO     | src.indicators.technical_indicators:calculate_all:640 | 完成计算 45 个技术指标
2026-03-23 23:45:43 | INFO     | src.core.data_fetcher:save_data:432 | 保存数据到 csv 文件: 688499_with_indicators
2026-03-23 23:45:43 | INFO     | src.core.data_fetcher:save_data:452 | 数据保存成功: ./data\688499_with_indicators.csv
2026-03-23 23:45:43 | INFO     | src.workflow.base:calculate_signals:195 | 对股票 688499 进行信号判断
2026-03-23 23:45:43 | INFO     | src.core.data_fetcher:save_data:432 | 保存数据到 csv 文件: 688499_signals
2026-03-23 23:45:43 | INFO     | src.core.data_fetcher:save_data:452 | 数据保存成功: ./data\688499_signals.csv
2026-03-23 23:45:43 | INFO     | src.workflow.technical:process_fund:83 |   股票 688499 信号判断完成: 持有 (得分: 0.092)
2026-03-23 23:45:43 | INFO     | src.workflow.base:calculate_technical_indicators:160 | 计算股票 301150 的技术指标
2026-03-23 23:45:43 | INFO     | src.indicators.technical_indicators:calculate_ma:133 | 计算 5 日移动平均线完成
2026-03-23 23:45:43 | INFO     | src.indicators.technical_indicators:calculate_ma:133 | 计算 10 日移动平均线完成
2026-03-23 23:45:43 | INFO     | src.indicators.technical_indicators:calculate_ma:133 | 计算 20 日移动平均线完成
2026-03-23 23:45:43 | INFO     | src.indicators.technical_indicators:calculate_ma:133 | 计算 30 日移动平均线完成
2026-03-23 23:45:43 | INFO     | src.indicators.technical_indicators:calculate_ma:133 | 计算 60 日移动平均线完成
2026-03-23 23:45:43 | INFO     | src.indicators.technical_indicators:calculate_ma:133 | 计算 120 日移动平均线完成
2026-03-23 23:45:43 | INFO     | src.indicators.technical_indicators:calculate_ma:133 | 计算 250 日移动平均线完成
2026-03-23 23:45:43 | INFO     | src.indicators.technical_indicators:calculate_sma:157 | 计算 5 日简单移动平均线完成
2026-03-23 23:45:43 | INFO     | src.indicators.technical_indicators:calculate_sma:157 | 计算 10 日简单移动平均线完成
2026-03-23 23:45:43 | INFO     | src.indicators.technical_indicators:calculate_sma:157 | 计算 20 日简单移动平均线完成
2026-03-23 23:45:43 | INFO     | src.indicators.technical_indicators:calculate_sma:157 | 计算 30 日简单移动平均线完成
2026-03-23 23:45:43 | INFO     | src.indicators.technical_indicators:calculate_sma:157 | 计算 60 日简单移动平均线完成
2026-03-23 23:45:43 | INFO     | src.indicators.technical_indicators:calculate_sma:157 | 计算 120 日简单移动平均线完成
2026-03-23 23:45:43 | INFO     | src.indicators.technical_indicators:calculate_sma:157 | 计算 250 日简单移动平均线完成
2026-03-23 23:45:43 | INFO     | src.indicators.technical_indicators:calculate_ema:182 | 计算 12 日指数移动平均线完成
2026-03-23 23:45:43 | INFO     | src.indicators.technical_indicators:calculate_ema:182 | 计算 26 日指数移动平均线完成
2026-03-23 23:45:43 | INFO     | src.indicators.technical_indicators:calculate_rsi:221 | 计算 6 日RSI完成
2026-03-23 23:45:43 | INFO     | src.indicators.technical_indicators:calculate_rsi:221 | 计算 12 日RSI完成
2026-03-23 23:45:43 | INFO     | src.indicators.technical_indicators:calculate_rsi:221 | 计算 24 日RSI完成
2026-03-23 23:45:43 | INFO     | src.indicators.technical_indicators:calculate_macd:263 | 计算MACD完成：快线=12, 慢线=26, 信号线=9
2026-03-23 23:45:43 | INFO     | src.indicators.technical_indicators:calculate_macd:263 | 计算MACD完成：快线=12, 慢线=26, 信号线=12
2026-03-23 23:45:43 | INFO     | src.indicators.technical_indicators:calculate_boll:303 | 计算布林带完成：周期=20, 标准差倍数=2
2026-03-23 23:45:43 | INFO     | src.indicators.technical_indicators:calculate_kdj:350 | 计算KDJ完成：K周期=9, D周期=3, J周期=3
2026-03-23 23:45:43 | INFO     | src.indicators.technical_indicators:calculate_kdj:350 | 计算KDJ完成：K周期=10, D周期=3, J周期=3
2026-03-23 23:45:43 | INFO     | src.indicators.technical_indicators:calculate_atr:385 | 计算 10 日ATR完成
2026-03-23 23:45:43 | INFO     | src.indicators.technical_indicators:calculate_cci:446 | 计算 20 日CCI完成
2026-03-23 23:45:43 | INFO     | src.indicators.technical_indicators:calculate_williams_r:476 | 计算 10 日威廉指标完成
2026-03-23 23:45:43 | INFO     | src.indicators.technical_indicators:calculate_ma:133 | 计算 5 日移动平均线完成
2026-03-23 23:45:43 | INFO     | src.indicators.technical_indicators:calculate_bias:500 | 计算 5 日乖离率完成
2026-03-23 23:45:43 | INFO     | src.indicators.technical_indicators:calculate_ma:133 | 计算 10 日移动平均线完成
2026-03-23 23:45:43 | INFO     | src.indicators.technical_indicators:calculate_bias:500 | 计算 10 日乖离率完成
2026-03-23 23:45:43 | INFO     | src.indicators.technical_indicators:calculate_ma:133 | 计算 20 日移动平均线完成
2026-03-23 23:45:43 | INFO     | src.indicators.technical_indicators:calculate_bias:500 | 计算 20 日乖离率完成
2026-03-23 23:45:43 | INFO     | src.indicators.technical_indicators:calculate_ma:133 | 计算 30 日移动平均线完成
2026-03-23 23:45:43 | INFO     | src.indicators.technical_indicators:calculate_bias:500 | 计算 30 日乖离率完成
2026-03-23 23:45:43 | INFO     | src.indicators.technical_indicators:calculate_ma:133 | 计算 60 日移动平均线完成
2026-03-23 23:45:43 | INFO     | src.indicators.technical_indicators:calculate_bias:500 | 计算 60 日乖离率完成
2026-03-23 23:45:43 | INFO     | src.indicators.technical_indicators:calculate_ma:133 | 计算 120 日移动平均线完成
2026-03-23 23:45:43 | INFO     | src.indicators.technical_indicators:calculate_bias:500 | 计算 120 日乖离率完成
2026-03-23 23:45:43 | INFO     | src.indicators.technical_indicators:calculate_ma:133 | 计算 250 日移动平均线完成
2026-03-23 23:45:43 | INFO     | src.indicators.technical_indicators:calculate_bias:500 | 计算 250 日乖离率完成
2026-03-23 23:45:43 | INFO     | src.indicators.technical_indicators:calculate_psy:523 | 计算 10 日心理线完成
2026-03-23 23:45:43 | WARNING  | src.indicators.technical_indicators:calculate_all:635 | 未知的指标类型: rsv_period
2026-03-23 23:45:43 | WARNING  | src.indicators.technical_indicators:calculate_all:635 | 未知的指标类型: volume_period
2026-03-23 23:45:43 | INFO     | src.indicators.technical_indicators:calculate_all:640 | 完成计算 45 个技术指标
2026-03-23 23:45:43 | INFO     | src.core.data_fetcher:save_data:432 | 保存数据到 csv 文件: 301150_with_indicators
2026-03-23 23:45:43 | INFO     | src.core.data_fetcher:save_data:452 | 数据保存成功: ./data\301150_with_indicators.csv
2026-03-23 23:45:43 | INFO     | src.workflow.base:calculate_signals:195 | 对股票 301150 进行信号判断
2026-03-23 23:45:43 | INFO     | src.core.data_fetcher:save_data:432 | 保存数据到 csv 文件: 301150_signals
2026-03-23 23:45:43 | INFO     | src.core.data_fetcher:save_data:452 | 数据保存成功: ./data\301150_signals.csv
2026-03-23 23:45:43 | INFO     | src.workflow.technical:process_fund:83 |   股票 301150 信号判断完成: 持有 (得分: 0.026)
2026-03-23 23:45:43 | INFO     | src.workflow.base:calculate_technical_indicators:160 | 计算股票 002846 的技术指标
2026-03-23 23:45:43 | INFO     | src.indicators.technical_indicators:calculate_ma:133 | 计算 5 日移动平均线完成
2026-03-23 23:45:43 | INFO     | src.indicators.technical_indicators:calculate_ma:133 | 计算 10 日移动平均线完成
2026-03-23 23:45:43 | INFO     | src.indicators.technical_indicators:calculate_ma:133 | 计算 20 日移动平均线完成
2026-03-23 23:45:43 | INFO     | src.indicators.technical_indicators:calculate_ma:133 | 计算 30 日移动平均线完成
2026-03-23 23:45:43 | INFO     | src.indicators.technical_indicators:calculate_ma:133 | 计算 60 日移动平均线完成
2026-03-23 23:45:43 | INFO     | src.indicators.technical_indicators:calculate_ma:133 | 计算 120 日移动平均线完成
2026-03-23 23:45:43 | INFO     | src.indicators.technical_indicators:calculate_ma:133 | 计算 250 日移动平均线完成
2026-03-23 23:45:43 | INFO     | src.indicators.technical_indicators:calculate_sma:157 | 计算 5 日简单移动平均线完成
2026-03-23 23:45:43 | INFO     | src.indicators.technical_indicators:calculate_sma:157 | 计算 10 日简单移动平均线完成
2026-03-23 23:45:43 | INFO     | src.indicators.technical_indicators:calculate_sma:157 | 计算 20 日简单移动平均线完成
2026-03-23 23:45:43 | INFO     | src.indicators.technical_indicators:calculate_sma:157 | 计算 30 日简单移动平均线完成
2026-03-23 23:45:43 | INFO     | src.indicators.technical_indicators:calculate_sma:157 | 计算 60 日简单移动平均线完成
2026-03-23 23:45:43 | INFO     | src.indicators.technical_indicators:calculate_sma:157 | 计算 120 日简单移动平均线完成
2026-03-23 23:45:43 | INFO     | src.indicators.technical_indicators:calculate_sma:157 | 计算 250 日简单移动平均线完成
2026-03-23 23:45:43 | INFO     | src.indicators.technical_indicators:calculate_ema:182 | 计算 12 日指数移动平均线完成
2026-03-23 23:45:43 | INFO     | src.indicators.technical_indicators:calculate_ema:182 | 计算 26 日指数移动平均线完成
2026-03-23 23:45:43 | INFO     | src.indicators.technical_indicators:calculate_rsi:221 | 计算 6 日RSI完成
2026-03-23 23:45:43 | INFO     | src.indicators.technical_indicators:calculate_rsi:221 | 计算 12 日RSI完成
2026-03-23 23:45:43 | INFO     | src.indicators.technical_indicators:calculate_rsi:221 | 计算 24 日RSI完成
2026-03-23 23:45:43 | INFO     | src.indicators.technical_indicators:calculate_macd:263 | 计算MACD完成：快线=12, 慢线=26, 信号线=9
2026-03-23 23:45:43 | INFO     | src.indicators.technical_indicators:calculate_macd:263 | 计算MACD完成：快线=12, 慢线=26, 信号线=12
2026-03-23 23:45:43 | INFO     | src.indicators.technical_indicators:calculate_boll:303 | 计算布林带完成：周期=20, 标准差倍数=2
2026-03-23 23:45:43 | INFO     | src.indicators.technical_indicators:calculate_kdj:350 | 计算KDJ完成：K周期=9, D周期=3, J周期=3
2026-03-23 23:45:43 | INFO     | src.indicators.technical_indicators:calculate_kdj:350 | 计算KDJ完成：K周期=10, D周期=3, J周期=3
2026-03-23 23:45:43 | INFO     | src.indicators.technical_indicators:calculate_atr:385 | 计算 10 日ATR完成
2026-03-23 23:45:43 | INFO     | src.indicators.technical_indicators:calculate_cci:446 | 计算 20 日CCI完成
2026-03-23 23:45:43 | INFO     | src.indicators.technical_indicators:calculate_williams_r:476 | 计算 10 日威廉指标完成
2026-03-23 23:45:43 | INFO     | src.indicators.technical_indicators:calculate_ma:133 | 计算 5 日移动平均线完成
2026-03-23 23:45:43 | INFO     | src.indicators.technical_indicators:calculate_bias:500 | 计算 5 日乖离率完成
2026-03-23 23:45:43 | INFO     | src.indicators.technical_indicators:calculate_ma:133 | 计算 10 日移动平均线完成
2026-03-23 23:45:43 | INFO     | src.indicators.technical_indicators:calculate_bias:500 | 计算 10 日乖离率完成
2026-03-23 23:45:43 | INFO     | src.indicators.technical_indicators:calculate_ma:133 | 计算 20 日移动平均线完成
2026-03-23 23:45:43 | INFO     | src.indicators.technical_indicators:calculate_bias:500 | 计算 20 日乖离率完成
2026-03-23 23:45:43 | INFO     | src.indicators.technical_indicators:calculate_ma:133 | 计算 30 日移动平均线完成
2026-03-23 23:45:43 | INFO     | src.indicators.technical_indicators:calculate_bias:500 | 计算 30 日乖离率完成
2026-03-23 23:45:43 | INFO     | src.indicators.technical_indicators:calculate_ma:133 | 计算 60 日移动平均线完成
2026-03-23 23:45:43 | INFO     | src.indicators.technical_indicators:calculate_bias:500 | 计算 60 日乖离率完成
2026-03-23 23:45:43 | INFO     | src.indicators.technical_indicators:calculate_ma:133 | 计算 120 日移动平均线完成
2026-03-23 23:45:43 | INFO     | src.indicators.technical_indicators:calculate_bias:500 | 计算 120 日乖离率完成
2026-03-23 23:45:43 | INFO     | src.indicators.technical_indicators:calculate_ma:133 | 计算 250 日移动平均线完成
2026-03-23 23:45:43 | INFO     | src.indicators.technical_indicators:calculate_bias:500 | 计算 250 日乖离率完成
2026-03-23 23:45:43 | INFO     | src.indicators.technical_indicators:calculate_psy:523 | 计算 10 日心理线完成
2026-03-23 23:45:43 | WARNING  | src.indicators.technical_indicators:calculate_all:635 | 未知的指标类型: rsv_period
2026-03-23 23:45:43 | WARNING  | src.indicators.technical_indicators:calculate_all:635 | 未知的指标类型: volume_period
2026-03-23 23:45:43 | INFO     | src.indicators.technical_indicators:calculate_all:640 | 完成计算 45 个技术指标
2026-03-23 23:45:43 | INFO     | src.core.data_fetcher:save_data:432 | 保存数据到 csv 文件: 002846_with_indicators
2026-03-23 23:45:43 | INFO     | src.core.data_fetcher:save_data:452 | 数据保存成功: ./data\002846_with_indicators.csv
2026-03-23 23:45:43 | INFO     | src.workflow.base:calculate_signals:195 | 对股票 002846 进行信号判断
2026-03-23 23:45:43 | INFO     | src.core.data_fetcher:save_data:432 | 保存数据到 csv 文件: 002846_signals
2026-03-23 23:45:43 | INFO     | src.core.data_fetcher:save_data:452 | 数据保存成功: ./data\002846_signals.csv
2026-03-23 23:45:43 | INFO     | src.workflow.technical:process_fund:83 |   股票 002846 信号判断完成: 持有 (得分: 0.128)
2026-03-23 23:45:43 | INFO     | src.workflow.base:calculate_technical_indicators:160 | 计算股票 300092 的技术指标
2026-03-23 23:45:43 | INFO     | src.indicators.technical_indicators:calculate_ma:133 | 计算 5 日移动平均线完成
2026-03-23 23:45:43 | INFO     | src.indicators.technical_indicators:calculate_ma:133 | 计算 10 日移动平均线完成
2026-03-23 23:45:43 | INFO     | src.indicators.technical_indicators:calculate_ma:133 | 计算 20 日移动平均线完成
2026-03-23 23:45:43 | INFO     | src.indicators.technical_indicators:calculate_ma:133 | 计算 30 日移动平均线完成
2026-03-23 23:45:43 | INFO     | src.indicators.technical_indicators:calculate_ma:133 | 计算 60 日移动平均线完成
2026-03-23 23:45:43 | INFO     | src.indicators.technical_indicators:calculate_ma:133 | 计算 120 日移动平均线完成
2026-03-23 23:45:43 | INFO     | src.indicators.technical_indicators:calculate_ma:133 | 计算 250 日移动平均线完成
2026-03-23 23:45:43 | INFO     | src.indicators.technical_indicators:calculate_sma:157 | 计算 5 日简单移动平均线完成
2026-03-23 23:45:43 | INFO     | src.indicators.technical_indicators:calculate_sma:157 | 计算 10 日简单移动平均线完成
2026-03-23 23:45:43 | INFO     | src.indicators.technical_indicators:calculate_sma:157 | 计算 20 日简单移动平均线完成
2026-03-23 23:45:43 | INFO     | src.indicators.technical_indicators:calculate_sma:157 | 计算 30 日简单移动平均线完成
2026-03-23 23:45:43 | INFO     | src.indicators.technical_indicators:calculate_sma:157 | 计算 60 日简单移动平均线完成
2026-03-23 23:45:43 | INFO     | src.indicators.technical_indicators:calculate_sma:157 | 计算 120 日简单移动平均线完成
2026-03-23 23:45:43 | INFO     | src.indicators.technical_indicators:calculate_sma:157 | 计算 250 日简单移动平均线完成
2026-03-23 23:45:43 | INFO     | src.indicators.technical_indicators:calculate_ema:182 | 计算 12 日指数移动平均线完成
2026-03-23 23:45:43 | INFO     | src.indicators.technical_indicators:calculate_ema:182 | 计算 26 日指数移动平均线完成
2026-03-23 23:45:43 | INFO     | src.indicators.technical_indicators:calculate_rsi:221 | 计算 6 日RSI完成
2026-03-23 23:45:43 | INFO     | src.indicators.technical_indicators:calculate_rsi:221 | 计算 12 日RSI完成
2026-03-23 23:45:43 | INFO     | src.indicators.technical_indicators:calculate_rsi:221 | 计算 24 日RSI完成
2026-03-23 23:45:43 | INFO     | src.indicators.technical_indicators:calculate_macd:263 | 计算MACD完成：快线=12, 慢线=26, 信号线=9
2026-03-23 23:45:43 | INFO     | src.indicators.technical_indicators:calculate_macd:263 | 计算MACD完成：快线=12, 慢线=26, 信号线=12
2026-03-23 23:45:43 | INFO     | src.indicators.technical_indicators:calculate_boll:303 | 计算布林带完成：周期=20, 标准差倍数=2
2026-03-23 23:45:43 | INFO     | src.indicators.technical_indicators:calculate_kdj:350 | 计算KDJ完成：K周期=9, D周期=3, J周期=3
2026-03-23 23:45:43 | INFO     | src.indicators.technical_indicators:calculate_kdj:350 | 计算KDJ完成：K周期=10, D周期=3, J周期=3
2026-03-23 23:45:43 | INFO     | src.indicators.technical_indicators:calculate_atr:385 | 计算 10 日ATR完成
2026-03-23 23:45:43 | INFO     | src.indicators.technical_indicators:calculate_cci:446 | 计算 20 日CCI完成
2026-03-23 23:45:43 | INFO     | src.indicators.technical_indicators:calculate_williams_r:476 | 计算 10 日威廉指标完成
2026-03-23 23:45:43 | INFO     | src.indicators.technical_indicators:calculate_ma:133 | 计算 5 日移动平均线完成
2026-03-23 23:45:43 | INFO     | src.indicators.technical_indicators:calculate_bias:500 | 计算 5 日乖离率完成
2026-03-23 23:45:43 | INFO     | src.indicators.technical_indicators:calculate_ma:133 | 计算 10 日移动平均线完成
2026-03-23 23:45:43 | INFO     | src.indicators.technical_indicators:calculate_bias:500 | 计算 10 日乖离率完成
2026-03-23 23:45:43 | INFO     | src.indicators.technical_indicators:calculate_ma:133 | 计算 20 日移动平均线完成
2026-03-23 23:45:43 | INFO     | src.indicators.technical_indicators:calculate_bias:500 | 计算 20 日乖离率完成
2026-03-23 23:45:43 | INFO     | src.indicators.technical_indicators:calculate_ma:133 | 计算 30 日移动平均线完成
2026-03-23 23:45:43 | INFO     | src.indicators.technical_indicators:calculate_bias:500 | 计算 30 日乖离率完成
2026-03-23 23:45:43 | INFO     | src.indicators.technical_indicators:calculate_ma:133 | 计算 60 日移动平均线完成
2026-03-23 23:45:43 | INFO     | src.indicators.technical_indicators:calculate_bias:500 | 计算 60 日乖离率完成
2026-03-23 23:45:43 | INFO     | src.indicators.technical_indicators:calculate_ma:133 | 计算 120 日移动平均线完成
2026-03-23 23:45:43 | INFO     | src.indicators.technical_indicators:calculate_bias:500 | 计算 120 日乖离率完成
2026-03-23 23:45:43 | INFO     | src.indicators.technical_indicators:calculate_ma:133 | 计算 250 日移动平均线完成
2026-03-23 23:45:43 | INFO     | src.indicators.technical_indicators:calculate_bias:500 | 计算 250 日乖离率完成
2026-03-23 23:45:43 | INFO     | src.indicators.technical_indicators:calculate_psy:523 | 计算 10 日心理线完成
2026-03-23 23:45:43 | WARNING  | src.indicators.technical_indicators:calculate_all:635 | 未知的指标类型: rsv_period
2026-03-23 23:45:43 | WARNING  | src.indicators.technical_indicators:calculate_all:635 | 未知的指标类型: volume_period
2026-03-23 23:45:43 | INFO     | src.indicators.technical_indicators:calculate_all:640 | 完成计算 45 个技术指标
2026-03-23 23:45:43 | INFO     | src.core.data_fetcher:save_data:432 | 保存数据到 csv 文件: 300092_with_indicators
2026-03-23 23:45:43 | INFO     | src.core.data_fetcher:save_data:452 | 数据保存成功: ./data\300092_with_indicators.csv
2026-03-23 23:45:43 | INFO     | src.workflow.base:calculate_signals:195 | 对股票 300092 进行信号判断
2026-03-23 23:45:43 | INFO     | src.core.data_fetcher:save_data:432 | 保存数据到 csv 文件: 300092_signals
2026-03-23 23:45:43 | INFO     | src.core.data_fetcher:save_data:452 | 数据保存成功: ./data\300092_signals.csv
2026-03-23 23:45:43 | INFO     | src.workflow.technical:process_fund:83 |   股票 300092 信号判断完成: 持有 (得分: 0.056)
2026-03-23 23:45:43 | INFO     | src.workflow.technical:process_fund:108 | ============================================================
2026-03-23 23:45:43 | INFO     | src.workflow.technical:process_fund:109 | 基金 005538 处理完成!
2026-03-23 23:45:43 | INFO     | src.workflow.technical:process_fund:110 | 总股票数: 10
2026-03-23 23:45:43 | INFO     | src.workflow.technical:process_fund:111 | 成功: 10
2026-03-23 23:45:43 | INFO     | src.workflow.technical:process_fund:112 | 失败: 0
2026-03-23 23:45:43 | INFO     | src.workflow.technical:process_fund:113 | ============================================================
2026-03-23 23:45:43 | INFO     | src.workflow.technical:process_fund:122 | 基金 005538 的所有技术指标已保存为 CSV 文件
2026-03-23 23:45:43 | INFO     | src.workflow.technical:run_batch:162 | 基金 005538 处理完成
2026-03-23 23:45:43 | INFO     | src.workflow.technical:run_batch:163 | ============================================================

2026-03-23 23:45:43 | INFO     | src.workflow.technical:run_batch:155 | 
============================================================
2026-03-23 23:45:43 | INFO     | src.workflow.technical:run_batch:156 | 开始处理基金: 015790
2026-03-23 23:45:43 | INFO     | src.workflow.technical:process_fund:27 | 开始处理基金 015790 的持仓股票技术指标计算
2026-03-23 23:45:43 | INFO     | src.workflow.base:get_fund_holdings:74 | 获取基金 015790 的持仓数据
2026-03-23 23:45:43 | INFO     | src.core.data_fetcher:inner:294 | 获取基金 015790 持仓
2026-03-23 23:45:43 | INFO     | src.core.akshare_provider:get_fund_portfolio:370 | akshare 获取基金 015790 持仓
2026-03-23 23:45:44 | INFO     | src.core.akshare_provider:get_fund_portfolio:379 | 使用 fund_portfolio_hold_em 成功获取基金 015790 持仓
2026-03-23 23:45:44 | INFO     | src.workflow.base:filter_latest_quarter:90 | 过滤最新季度数据
2026-03-23 23:45:44 | INFO     | src.analysis.quarter_filter:filter_latest_quarter_data:63 | 识别到最新季度: 2025年Q4
2026-03-23 23:45:44 | INFO     | src.analysis.quarter_filter:filter_latest_quarter_data:77 | 过滤结果: 从 98 条记录中筛选出 10 条最新季度数据
2026-03-23 23:45:44 | INFO     | src.workflow.technical:process_fund:40 | 最新季度持仓股票数量: 10
2026-03-23 23:45:44 | INFO     | src.workflow.technical:process_fund:41 | 股票代码列表: ['600118', '301005', '605598', '601698', '600879', '300342', '300136', '002149', '300762', '002565']
2026-03-23 23:45:44 | INFO     | src.workflow.base:get_stock_data:104 | 批量处理 10 只股票的数据
2026-03-23 23:45:44 | INFO     | src.workflow.base:get_stock_data:108 | 处理股票 600118...
2026-03-23 23:45:44 | INFO     | src.data.reader:list_files:221 | 在 data\stock_data 中找到 77 个文件
2026-03-23 23:45:44 | INFO     | src.data.reader:list_stock_files:241 | 找到 77 个股票数据文件
2026-03-23 23:45:44 | INFO     | src.data.reader:read_csv:53 | 读取CSV文件: data\stock_data\600118_kline.csv
2026-03-23 23:45:44 | INFO     | src.data.reader:read_csv:57 | 成功读取 1749 行数据
2026-03-23 23:45:44 | INFO     | src.workflow.base:get_stock_data:108 | 处理股票 301005...
2026-03-23 23:45:44 | INFO     | src.data.reader:list_files:221 | 在 data\stock_data 中找到 77 个文件
2026-03-23 23:45:44 | INFO     | src.data.reader:list_stock_files:241 | 找到 77 个股票数据文件
2026-03-23 23:45:44 | INFO     | src.data.reader:read_csv:53 | 读取CSV文件: data\stock_data\301005_kline.csv
2026-03-23 23:45:44 | INFO     | src.data.reader:read_csv:57 | 成功读取 1165 行数据
2026-03-23 23:45:44 | INFO     | src.workflow.base:get_stock_data:108 | 处理股票 605598...
2026-03-23 23:45:44 | INFO     | src.data.reader:list_files:221 | 在 data\stock_data 中找到 77 个文件
2026-03-23 23:45:44 | INFO     | src.data.reader:list_stock_files:241 | 找到 77 个股票数据文件
2026-03-23 23:45:44 | INFO     | src.data.reader:read_csv:53 | 读取CSV文件: data\stock_data\605598_kline.csv
2026-03-23 23:45:44 | INFO     | src.data.reader:read_csv:57 | 成功读取 1088 行数据
2026-03-23 23:45:44 | INFO     | src.workflow.base:get_stock_data:108 | 处理股票 601698...
2026-03-23 23:45:44 | INFO     | src.data.reader:list_files:221 | 在 data\stock_data 中找到 77 个文件
2026-03-23 23:45:44 | INFO     | src.data.reader:list_stock_files:241 | 找到 77 个股票数据文件
2026-03-23 23:45:44 | INFO     | src.data.reader:read_csv:53 | 读取CSV文件: data\stock_data\601698_kline.csv
2026-03-23 23:45:44 | INFO     | src.data.reader:read_csv:57 | 成功读取 1632 行数据
2026-03-23 23:45:44 | INFO     | src.workflow.base:get_stock_data:108 | 处理股票 600879...
2026-03-23 23:45:44 | INFO     | src.data.reader:list_files:221 | 在 data\stock_data 中找到 77 个文件
2026-03-23 23:45:44 | INFO     | src.data.reader:list_stock_files:241 | 找到 77 个股票数据文件
2026-03-23 23:45:44 | INFO     | src.data.reader:read_csv:53 | 读取CSV文件: data\stock_data\600879_kline.csv
2026-03-23 23:45:44 | INFO     | src.data.reader:read_csv:57 | 成功读取 1749 行数据
2026-03-23 23:45:44 | INFO     | src.workflow.base:get_stock_data:108 | 处理股票 300342...
2026-03-23 23:45:44 | INFO     | src.data.reader:list_files:221 | 在 data\stock_data 中找到 77 个文件
2026-03-23 23:45:44 | INFO     | src.data.reader:list_stock_files:241 | 找到 77 个股票数据文件
2026-03-23 23:45:44 | INFO     | src.data.reader:read_csv:53 | 读取CSV文件: data\stock_data\300342_kline.csv
2026-03-23 23:45:44 | INFO     | src.data.reader:read_csv:57 | 成功读取 1749 行数据
2026-03-23 23:45:44 | INFO     | src.workflow.base:get_stock_data:108 | 处理股票 300136...
2026-03-23 23:45:44 | INFO     | src.data.reader:list_files:221 | 在 data\stock_data 中找到 77 个文件
2026-03-23 23:45:44 | INFO     | src.data.reader:list_stock_files:241 | 找到 77 个股票数据文件
2026-03-23 23:45:44 | INFO     | src.data.reader:read_csv:53 | 读取CSV文件: data\stock_data\300136_kline.csv
2026-03-23 23:45:44 | INFO     | src.data.reader:read_csv:57 | 成功读取 1749 行数据
2026-03-23 23:45:44 | INFO     | src.workflow.base:get_stock_data:108 | 处理股票 002149...
2026-03-23 23:45:44 | INFO     | src.data.reader:list_files:221 | 在 data\stock_data 中找到 77 个文件
2026-03-23 23:45:44 | INFO     | src.data.reader:list_stock_files:241 | 找到 77 个股票数据文件
2026-03-23 23:45:44 | INFO     | src.data.reader:read_csv:53 | 读取CSV文件: data\stock_data\002149_kline.csv
2026-03-23 23:45:44 | INFO     | src.data.reader:read_csv:57 | 成功读取 1748 行数据
2026-03-23 23:45:44 | INFO     | src.workflow.base:get_stock_data:108 | 处理股票 300762...
2026-03-23 23:45:44 | INFO     | src.data.reader:list_files:221 | 在 data\stock_data 中找到 77 个文件
2026-03-23 23:45:44 | INFO     | src.data.reader:list_stock_files:241 | 找到 77 个股票数据文件
2026-03-23 23:45:44 | INFO     | src.data.reader:read_csv:53 | 读取CSV文件: data\stock_data\300762_kline.csv
2026-03-23 23:45:44 | INFO     | src.data.reader:read_csv:57 | 成功读取 1703 行数据
2026-03-23 23:45:44 | INFO     | src.workflow.base:get_stock_data:108 | 处理股票 002565...
2026-03-23 23:45:44 | INFO     | src.data.reader:list_files:221 | 在 data\stock_data 中找到 77 个文件
2026-03-23 23:45:44 | INFO     | src.data.reader:list_stock_files:241 | 找到 77 个股票数据文件
2026-03-23 23:45:44 | INFO     | src.data.reader:read_csv:53 | 读取CSV文件: data\stock_data\002565_kline.csv
2026-03-23 23:45:44 | INFO     | src.data.reader:read_csv:57 | 成功读取 1748 行数据
2026-03-23 23:45:44 | INFO     | src.workflow.base:get_stock_data:143 | 成功获取 10 只股票的数据
2026-03-23 23:45:44 | INFO     | src.workflow.technical:process_fund:51 | 开始计算技术指标和信号判断
2026-03-23 23:45:44 | INFO     | src.workflow.base:calculate_technical_indicators:160 | 计算股票 600118 的技术指标
2026-03-23 23:45:44 | INFO     | src.indicators.technical_indicators:calculate_ma:133 | 计算 5 日移动平均线完成
2026-03-23 23:45:44 | INFO     | src.indicators.technical_indicators:calculate_ma:133 | 计算 10 日移动平均线完成
2026-03-23 23:45:44 | INFO     | src.indicators.technical_indicators:calculate_ma:133 | 计算 20 日移动平均线完成
2026-03-23 23:45:44 | INFO     | src.indicators.technical_indicators:calculate_ma:133 | 计算 30 日移动平均线完成
2026-03-23 23:45:44 | INFO     | src.indicators.technical_indicators:calculate_ma:133 | 计算 60 日移动平均线完成
2026-03-23 23:45:44 | INFO     | src.indicators.technical_indicators:calculate_ma:133 | 计算 120 日移动平均线完成
2026-03-23 23:45:44 | INFO     | src.indicators.technical_indicators:calculate_ma:133 | 计算 250 日移动平均线完成
2026-03-23 23:45:44 | INFO     | src.indicators.technical_indicators:calculate_sma:157 | 计算 5 日简单移动平均线完成
2026-03-23 23:45:44 | INFO     | src.indicators.technical_indicators:calculate_sma:157 | 计算 10 日简单移动平均线完成
2026-03-23 23:45:44 | INFO     | src.indicators.technical_indicators:calculate_sma:157 | 计算 20 日简单移动平均线完成
2026-03-23 23:45:44 | INFO     | src.indicators.technical_indicators:calculate_sma:157 | 计算 30 日简单移动平均线完成
2026-03-23 23:45:44 | INFO     | src.indicators.technical_indicators:calculate_sma:157 | 计算 60 日简单移动平均线完成
2026-03-23 23:45:44 | INFO     | src.indicators.technical_indicators:calculate_sma:157 | 计算 120 日简单移动平均线完成
2026-03-23 23:45:44 | INFO     | src.indicators.technical_indicators:calculate_sma:157 | 计算 250 日简单移动平均线完成
2026-03-23 23:45:44 | INFO     | src.indicators.technical_indicators:calculate_ema:182 | 计算 12 日指数移动平均线完成
2026-03-23 23:45:44 | INFO     | src.indicators.technical_indicators:calculate_ema:182 | 计算 26 日指数移动平均线完成
2026-03-23 23:45:44 | INFO     | src.indicators.technical_indicators:calculate_rsi:221 | 计算 6 日RSI完成
2026-03-23 23:45:44 | INFO     | src.indicators.technical_indicators:calculate_rsi:221 | 计算 12 日RSI完成
2026-03-23 23:45:44 | INFO     | src.indicators.technical_indicators:calculate_rsi:221 | 计算 24 日RSI完成
2026-03-23 23:45:44 | INFO     | src.indicators.technical_indicators:calculate_macd:263 | 计算MACD完成：快线=12, 慢线=26, 信号线=9
2026-03-23 23:45:44 | INFO     | src.indicators.technical_indicators:calculate_macd:263 | 计算MACD完成：快线=12, 慢线=26, 信号线=12
2026-03-23 23:45:44 | INFO     | src.indicators.technical_indicators:calculate_boll:303 | 计算布林带完成：周期=20, 标准差倍数=2
2026-03-23 23:45:44 | INFO     | src.indicators.technical_indicators:calculate_kdj:350 | 计算KDJ完成：K周期=9, D周期=3, J周期=3
2026-03-23 23:45:44 | INFO     | src.indicators.technical_indicators:calculate_kdj:350 | 计算KDJ完成：K周期=10, D周期=3, J周期=3
2026-03-23 23:45:44 | INFO     | src.indicators.technical_indicators:calculate_atr:385 | 计算 10 日ATR完成
2026-03-23 23:45:44 | INFO     | src.indicators.technical_indicators:calculate_cci:446 | 计算 20 日CCI完成
2026-03-23 23:45:44 | INFO     | src.indicators.technical_indicators:calculate_williams_r:476 | 计算 10 日威廉指标完成
2026-03-23 23:45:44 | INFO     | src.indicators.technical_indicators:calculate_ma:133 | 计算 5 日移动平均线完成
2026-03-23 23:45:44 | INFO     | src.indicators.technical_indicators:calculate_bias:500 | 计算 5 日乖离率完成
2026-03-23 23:45:44 | INFO     | src.indicators.technical_indicators:calculate_ma:133 | 计算 10 日移动平均线完成
2026-03-23 23:45:44 | INFO     | src.indicators.technical_indicators:calculate_bias:500 | 计算 10 日乖离率完成
2026-03-23 23:45:44 | INFO     | src.indicators.technical_indicators:calculate_ma:133 | 计算 20 日移动平均线完成
2026-03-23 23:45:44 | INFO     | src.indicators.technical_indicators:calculate_bias:500 | 计算 20 日乖离率完成
2026-03-23 23:45:44 | INFO     | src.indicators.technical_indicators:calculate_ma:133 | 计算 30 日移动平均线完成
2026-03-23 23:45:44 | INFO     | src.indicators.technical_indicators:calculate_bias:500 | 计算 30 日乖离率完成
2026-03-23 23:45:44 | INFO     | src.indicators.technical_indicators:calculate_ma:133 | 计算 60 日移动平均线完成
2026-03-23 23:45:44 | INFO     | src.indicators.technical_indicators:calculate_bias:500 | 计算 60 日乖离率完成
2026-03-23 23:45:44 | INFO     | src.indicators.technical_indicators:calculate_ma:133 | 计算 120 日移动平均线完成
2026-03-23 23:45:44 | INFO     | src.indicators.technical_indicators:calculate_bias:500 | 计算 120 日乖离率完成
2026-03-23 23:45:44 | INFO     | src.indicators.technical_indicators:calculate_ma:133 | 计算 250 日移动平均线完成
2026-03-23 23:45:44 | INFO     | src.indicators.technical_indicators:calculate_bias:500 | 计算 250 日乖离率完成
2026-03-23 23:45:44 | INFO     | src.indicators.technical_indicators:calculate_psy:523 | 计算 10 日心理线完成
2026-03-23 23:45:44 | WARNING  | src.indicators.technical_indicators:calculate_all:635 | 未知的指标类型: rsv_period
2026-03-23 23:45:44 | WARNING  | src.indicators.technical_indicators:calculate_all:635 | 未知的指标类型: volume_period
2026-03-23 23:45:44 | INFO     | src.indicators.technical_indicators:calculate_all:640 | 完成计算 45 个技术指标
2026-03-23 23:45:44 | INFO     | src.core.data_fetcher:save_data:432 | 保存数据到 csv 文件: 600118_with_indicators
2026-03-23 23:45:44 | INFO     | src.core.data_fetcher:save_data:452 | 数据保存成功: ./data\600118_with_indicators.csv
2026-03-23 23:45:44 | INFO     | src.workflow.base:calculate_signals:195 | 对股票 600118 进行信号判断
2026-03-23 23:45:44 | INFO     | src.core.data_fetcher:save_data:432 | 保存数据到 csv 文件: 600118_signals
2026-03-23 23:45:44 | INFO     | src.core.data_fetcher:save_data:452 | 数据保存成功: ./data\600118_signals.csv
2026-03-23 23:45:44 | INFO     | src.workflow.technical:process_fund:83 |   股票 600118 信号判断完成: 持有 (得分: 0.172)
2026-03-23 23:45:44 | INFO     | src.workflow.base:calculate_technical_indicators:160 | 计算股票 301005 的技术指标
2026-03-23 23:45:44 | INFO     | src.indicators.technical_indicators:calculate_ma:133 | 计算 5 日移动平均线完成
2026-03-23 23:45:44 | INFO     | src.indicators.technical_indicators:calculate_ma:133 | 计算 10 日移动平均线完成
2026-03-23 23:45:44 | INFO     | src.indicators.technical_indicators:calculate_ma:133 | 计算 20 日移动平均线完成
2026-03-23 23:45:44 | INFO     | src.indicators.technical_indicators:calculate_ma:133 | 计算 30 日移动平均线完成
2026-03-23 23:45:44 | INFO     | src.indicators.technical_indicators:calculate_ma:133 | 计算 60 日移动平均线完成
2026-03-23 23:45:44 | INFO     | src.indicators.technical_indicators:calculate_ma:133 | 计算 120 日移动平均线完成
2026-03-23 23:45:44 | INFO     | src.indicators.technical_indicators:calculate_ma:133 | 计算 250 日移动平均线完成
2026-03-23 23:45:44 | INFO     | src.indicators.technical_indicators:calculate_sma:157 | 计算 5 日简单移动平均线完成
2026-03-23 23:45:44 | INFO     | src.indicators.technical_indicators:calculate_sma:157 | 计算 10 日简单移动平均线完成
2026-03-23 23:45:44 | INFO     | src.indicators.technical_indicators:calculate_sma:157 | 计算 20 日简单移动平均线完成
2026-03-23 23:45:44 | INFO     | src.indicators.technical_indicators:calculate_sma:157 | 计算 30 日简单移动平均线完成
2026-03-23 23:45:44 | INFO     | src.indicators.technical_indicators:calculate_sma:157 | 计算 60 日简单移动平均线完成
2026-03-23 23:45:44 | INFO     | src.indicators.technical_indicators:calculate_sma:157 | 计算 120 日简单移动平均线完成
2026-03-23 23:45:44 | INFO     | src.indicators.technical_indicators:calculate_sma:157 | 计算 250 日简单移动平均线完成
2026-03-23 23:45:44 | INFO     | src.indicators.technical_indicators:calculate_ema:182 | 计算 12 日指数移动平均线完成
2026-03-23 23:45:44 | INFO     | src.indicators.technical_indicators:calculate_ema:182 | 计算 26 日指数移动平均线完成
2026-03-23 23:45:44 | INFO     | src.indicators.technical_indicators:calculate_rsi:221 | 计算 6 日RSI完成
2026-03-23 23:45:44 | INFO     | src.indicators.technical_indicators:calculate_rsi:221 | 计算 12 日RSI完成
2026-03-23 23:45:44 | INFO     | src.indicators.technical_indicators:calculate_rsi:221 | 计算 24 日RSI完成
2026-03-23 23:45:44 | INFO     | src.indicators.technical_indicators:calculate_macd:263 | 计算MACD完成：快线=12, 慢线=26, 信号线=9
2026-03-23 23:45:44 | INFO     | src.indicators.technical_indicators:calculate_macd:263 | 计算MACD完成：快线=12, 慢线=26, 信号线=12
2026-03-23 23:45:44 | INFO     | src.indicators.technical_indicators:calculate_boll:303 | 计算布林带完成：周期=20, 标准差倍数=2
2026-03-23 23:45:44 | INFO     | src.indicators.technical_indicators:calculate_kdj:350 | 计算KDJ完成：K周期=9, D周期=3, J周期=3
2026-03-23 23:45:44 | INFO     | src.indicators.technical_indicators:calculate_kdj:350 | 计算KDJ完成：K周期=10, D周期=3, J周期=3
2026-03-23 23:45:44 | INFO     | src.indicators.technical_indicators:calculate_atr:385 | 计算 10 日ATR完成
2026-03-23 23:45:44 | INFO     | src.indicators.technical_indicators:calculate_cci:446 | 计算 20 日CCI完成
2026-03-23 23:45:44 | INFO     | src.indicators.technical_indicators:calculate_williams_r:476 | 计算 10 日威廉指标完成
2026-03-23 23:45:44 | INFO     | src.indicators.technical_indicators:calculate_ma:133 | 计算 5 日移动平均线完成
2026-03-23 23:45:44 | INFO     | src.indicators.technical_indicators:calculate_bias:500 | 计算 5 日乖离率完成
2026-03-23 23:45:44 | INFO     | src.indicators.technical_indicators:calculate_ma:133 | 计算 10 日移动平均线完成
2026-03-23 23:45:44 | INFO     | src.indicators.technical_indicators:calculate_bias:500 | 计算 10 日乖离率完成
2026-03-23 23:45:44 | INFO     | src.indicators.technical_indicators:calculate_ma:133 | 计算 20 日移动平均线完成
2026-03-23 23:45:44 | INFO     | src.indicators.technical_indicators:calculate_bias:500 | 计算 20 日乖离率完成
2026-03-23 23:45:44 | INFO     | src.indicators.technical_indicators:calculate_ma:133 | 计算 30 日移动平均线完成
2026-03-23 23:45:44 | INFO     | src.indicators.technical_indicators:calculate_bias:500 | 计算 30 日乖离率完成
2026-03-23 23:45:44 | INFO     | src.indicators.technical_indicators:calculate_ma:133 | 计算 60 日移动平均线完成
2026-03-23 23:45:44 | INFO     | src.indicators.technical_indicators:calculate_bias:500 | 计算 60 日乖离率完成
2026-03-23 23:45:44 | INFO     | src.indicators.technical_indicators:calculate_ma:133 | 计算 120 日移动平均线完成
2026-03-23 23:45:44 | INFO     | src.indicators.technical_indicators:calculate_bias:500 | 计算 120 日乖离率完成
2026-03-23 23:45:44 | INFO     | src.indicators.technical_indicators:calculate_ma:133 | 计算 250 日移动平均线完成
2026-03-23 23:45:44 | INFO     | src.indicators.technical_indicators:calculate_bias:500 | 计算 250 日乖离率完成
2026-03-23 23:45:44 | INFO     | src.indicators.technical_indicators:calculate_psy:523 | 计算 10 日心理线完成
2026-03-23 23:45:44 | WARNING  | src.indicators.technical_indicators:calculate_all:635 | 未知的指标类型: rsv_period
2026-03-23 23:45:44 | WARNING  | src.indicators.technical_indicators:calculate_all:635 | 未知的指标类型: volume_period
2026-03-23 23:45:44 | INFO     | src.indicators.technical_indicators:calculate_all:640 | 完成计算 45 个技术指标
2026-03-23 23:45:44 | INFO     | src.core.data_fetcher:save_data:432 | 保存数据到 csv 文件: 301005_with_indicators
2026-03-23 23:45:44 | INFO     | src.core.data_fetcher:save_data:452 | 数据保存成功: ./data\301005_with_indicators.csv
2026-03-23 23:45:44 | INFO     | src.workflow.base:calculate_signals:195 | 对股票 301005 进行信号判断
2026-03-23 23:45:44 | INFO     | src.core.data_fetcher:save_data:432 | 保存数据到 csv 文件: 301005_signals
2026-03-23 23:45:44 | INFO     | src.core.data_fetcher:save_data:452 | 数据保存成功: ./data\301005_signals.csv
2026-03-23 23:45:44 | INFO     | src.workflow.technical:process_fund:83 |   股票 301005 信号判断完成: 持有 (得分: 0.121)
2026-03-23 23:45:44 | INFO     | src.workflow.base:calculate_technical_indicators:160 | 计算股票 605598 的技术指标
2026-03-23 23:45:44 | INFO     | src.indicators.technical_indicators:calculate_ma:133 | 计算 5 日移动平均线完成
2026-03-23 23:45:44 | INFO     | src.indicators.technical_indicators:calculate_ma:133 | 计算 10 日移动平均线完成
2026-03-23 23:45:44 | INFO     | src.indicators.technical_indicators:calculate_ma:133 | 计算 20 日移动平均线完成
2026-03-23 23:45:44 | INFO     | src.indicators.technical_indicators:calculate_ma:133 | 计算 30 日移动平均线完成
2026-03-23 23:45:44 | INFO     | src.indicators.technical_indicators:calculate_ma:133 | 计算 60 日移动平均线完成
2026-03-23 23:45:44 | INFO     | src.indicators.technical_indicators:calculate_ma:133 | 计算 120 日移动平均线完成
2026-03-23 23:45:44 | INFO     | src.indicators.technical_indicators:calculate_ma:133 | 计算 250 日移动平均线完成
2026-03-23 23:45:44 | INFO     | src.indicators.technical_indicators:calculate_sma:157 | 计算 5 日简单移动平均线完成
2026-03-23 23:45:44 | INFO     | src.indicators.technical_indicators:calculate_sma:157 | 计算 10 日简单移动平均线完成
2026-03-23 23:45:44 | INFO     | src.indicators.technical_indicators:calculate_sma:157 | 计算 20 日简单移动平均线完成
2026-03-23 23:45:44 | INFO     | src.indicators.technical_indicators:calculate_sma:157 | 计算 30 日简单移动平均线完成
2026-03-23 23:45:44 | INFO     | src.indicators.technical_indicators:calculate_sma:157 | 计算 60 日简单移动平均线完成
2026-03-23 23:45:44 | INFO     | src.indicators.technical_indicators:calculate_sma:157 | 计算 120 日简单移动平均线完成
2026-03-23 23:45:44 | INFO     | src.indicators.technical_indicators:calculate_sma:157 | 计算 250 日简单移动平均线完成
2026-03-23 23:45:44 | INFO     | src.indicators.technical_indicators:calculate_ema:182 | 计算 12 日指数移动平均线完成
2026-03-23 23:45:44 | INFO     | src.indicators.technical_indicators:calculate_ema:182 | 计算 26 日指数移动平均线完成
2026-03-23 23:45:44 | INFO     | src.indicators.technical_indicators:calculate_rsi:221 | 计算 6 日RSI完成
2026-03-23 23:45:44 | INFO     | src.indicators.technical_indicators:calculate_rsi:221 | 计算 12 日RSI完成
2026-03-23 23:45:44 | INFO     | src.indicators.technical_indicators:calculate_rsi:221 | 计算 24 日RSI完成
2026-03-23 23:45:44 | INFO     | src.indicators.technical_indicators:calculate_macd:263 | 计算MACD完成：快线=12, 慢线=26, 信号线=9
2026-03-23 23:45:44 | INFO     | src.indicators.technical_indicators:calculate_macd:263 | 计算MACD完成：快线=12, 慢线=26, 信号线=12
2026-03-23 23:45:44 | INFO     | src.indicators.technical_indicators:calculate_boll:303 | 计算布林带完成：周期=20, 标准差倍数=2
2026-03-23 23:45:44 | INFO     | src.indicators.technical_indicators:calculate_kdj:350 | 计算KDJ完成：K周期=9, D周期=3, J周期=3
2026-03-23 23:45:44 | INFO     | src.indicators.technical_indicators:calculate_kdj:350 | 计算KDJ完成：K周期=10, D周期=3, J周期=3
2026-03-23 23:45:44 | INFO     | src.indicators.technical_indicators:calculate_atr:385 | 计算 10 日ATR完成
2026-03-23 23:45:44 | INFO     | src.indicators.technical_indicators:calculate_cci:446 | 计算 20 日CCI完成
2026-03-23 23:45:44 | INFO     | src.indicators.technical_indicators:calculate_williams_r:476 | 计算 10 日威廉指标完成
2026-03-23 23:45:44 | INFO     | src.indicators.technical_indicators:calculate_ma:133 | 计算 5 日移动平均线完成
2026-03-23 23:45:44 | INFO     | src.indicators.technical_indicators:calculate_bias:500 | 计算 5 日乖离率完成
2026-03-23 23:45:44 | INFO     | src.indicators.technical_indicators:calculate_ma:133 | 计算 10 日移动平均线完成
2026-03-23 23:45:44 | INFO     | src.indicators.technical_indicators:calculate_bias:500 | 计算 10 日乖离率完成
2026-03-23 23:45:44 | INFO     | src.indicators.technical_indicators:calculate_ma:133 | 计算 20 日移动平均线完成
2026-03-23 23:45:44 | INFO     | src.indicators.technical_indicators:calculate_bias:500 | 计算 20 日乖离率完成
2026-03-23 23:45:44 | INFO     | src.indicators.technical_indicators:calculate_ma:133 | 计算 30 日移动平均线完成
2026-03-23 23:45:44 | INFO     | src.indicators.technical_indicators:calculate_bias:500 | 计算 30 日乖离率完成
2026-03-23 23:45:44 | INFO     | src.indicators.technical_indicators:calculate_ma:133 | 计算 60 日移动平均线完成
2026-03-23 23:45:44 | INFO     | src.indicators.technical_indicators:calculate_bias:500 | 计算 60 日乖离率完成
2026-03-23 23:45:44 | INFO     | src.indicators.technical_indicators:calculate_ma:133 | 计算 120 日移动平均线完成
2026-03-23 23:45:44 | INFO     | src.indicators.technical_indicators:calculate_bias:500 | 计算 120 日乖离率完成
2026-03-23 23:45:44 | INFO     | src.indicators.technical_indicators:calculate_ma:133 | 计算 250 日移动平均线完成
2026-03-23 23:45:44 | INFO     | src.indicators.technical_indicators:calculate_bias:500 | 计算 250 日乖离率完成
2026-03-23 23:45:44 | INFO     | src.indicators.technical_indicators:calculate_psy:523 | 计算 10 日心理线完成
2026-03-23 23:45:44 | WARNING  | src.indicators.technical_indicators:calculate_all:635 | 未知的指标类型: rsv_period
2026-03-23 23:45:44 | WARNING  | src.indicators.technical_indicators:calculate_all:635 | 未知的指标类型: volume_period
2026-03-23 23:45:44 | INFO     | src.indicators.technical_indicators:calculate_all:640 | 完成计算 45 个技术指标
2026-03-23 23:45:44 | INFO     | src.core.data_fetcher:save_data:432 | 保存数据到 csv 文件: 605598_with_indicators
2026-03-23 23:45:44 | INFO     | src.core.data_fetcher:save_data:452 | 数据保存成功: ./data\605598_with_indicators.csv
2026-03-23 23:45:44 | INFO     | src.workflow.base:calculate_signals:195 | 对股票 605598 进行信号判断
2026-03-23 23:45:44 | INFO     | src.core.data_fetcher:save_data:432 | 保存数据到 csv 文件: 605598_signals
2026-03-23 23:45:44 | INFO     | src.core.data_fetcher:save_data:452 | 数据保存成功: ./data\605598_signals.csv
2026-03-23 23:45:44 | INFO     | src.workflow.technical:process_fund:83 |   股票 605598 信号判断完成: 持有 (得分: 0.181)
2026-03-23 23:45:44 | INFO     | src.workflow.base:calculate_technical_indicators:160 | 计算股票 601698 的技术指标
2026-03-23 23:45:44 | INFO     | src.indicators.technical_indicators:calculate_ma:133 | 计算 5 日移动平均线完成
2026-03-23 23:45:44 | INFO     | src.indicators.technical_indicators:calculate_ma:133 | 计算 10 日移动平均线完成
2026-03-23 23:45:44 | INFO     | src.indicators.technical_indicators:calculate_ma:133 | 计算 20 日移动平均线完成
2026-03-23 23:45:44 | INFO     | src.indicators.technical_indicators:calculate_ma:133 | 计算 30 日移动平均线完成
2026-03-23 23:45:44 | INFO     | src.indicators.technical_indicators:calculate_ma:133 | 计算 60 日移动平均线完成
2026-03-23 23:45:44 | INFO     | src.indicators.technical_indicators:calculate_ma:133 | 计算 120 日移动平均线完成
2026-03-23 23:45:44 | INFO     | src.indicators.technical_indicators:calculate_ma:133 | 计算 250 日移动平均线完成
2026-03-23 23:45:44 | INFO     | src.indicators.technical_indicators:calculate_sma:157 | 计算 5 日简单移动平均线完成
2026-03-23 23:45:44 | INFO     | src.indicators.technical_indicators:calculate_sma:157 | 计算 10 日简单移动平均线完成
2026-03-23 23:45:44 | INFO     | src.indicators.technical_indicators:calculate_sma:157 | 计算 20 日简单移动平均线完成
2026-03-23 23:45:44 | INFO     | src.indicators.technical_indicators:calculate_sma:157 | 计算 30 日简单移动平均线完成
2026-03-23 23:45:44 | INFO     | src.indicators.technical_indicators:calculate_sma:157 | 计算 60 日简单移动平均线完成
2026-03-23 23:45:44 | INFO     | src.indicators.technical_indicators:calculate_sma:157 | 计算 120 日简单移动平均线完成
2026-03-23 23:45:44 | INFO     | src.indicators.technical_indicators:calculate_sma:157 | 计算 250 日简单移动平均线完成
2026-03-23 23:45:44 | INFO     | src.indicators.technical_indicators:calculate_ema:182 | 计算 12 日指数移动平均线完成
2026-03-23 23:45:44 | INFO     | src.indicators.technical_indicators:calculate_ema:182 | 计算 26 日指数移动平均线完成
2026-03-23 23:45:44 | INFO     | src.indicators.technical_indicators:calculate_rsi:221 | 计算 6 日RSI完成
2026-03-23 23:45:44 | INFO     | src.indicators.technical_indicators:calculate_rsi:221 | 计算 12 日RSI完成
2026-03-23 23:45:44 | INFO     | src.indicators.technical_indicators:calculate_rsi:221 | 计算 24 日RSI完成
2026-03-23 23:45:44 | INFO     | src.indicators.technical_indicators:calculate_macd:263 | 计算MACD完成：快线=12, 慢线=26, 信号线=9
2026-03-23 23:45:44 | INFO     | src.indicators.technical_indicators:calculate_macd:263 | 计算MACD完成：快线=12, 慢线=26, 信号线=12
2026-03-23 23:45:44 | INFO     | src.indicators.technical_indicators:calculate_boll:303 | 计算布林带完成：周期=20, 标准差倍数=2
2026-03-23 23:45:44 | INFO     | src.indicators.technical_indicators:calculate_kdj:350 | 计算KDJ完成：K周期=9, D周期=3, J周期=3
2026-03-23 23:45:44 | INFO     | src.indicators.technical_indicators:calculate_kdj:350 | 计算KDJ完成：K周期=10, D周期=3, J周期=3
2026-03-23 23:45:44 | INFO     | src.indicators.technical_indicators:calculate_atr:385 | 计算 10 日ATR完成
2026-03-23 23:45:44 | INFO     | src.indicators.technical_indicators:calculate_cci:446 | 计算 20 日CCI完成
2026-03-23 23:45:44 | INFO     | src.indicators.technical_indicators:calculate_williams_r:476 | 计算 10 日威廉指标完成
2026-03-23 23:45:44 | INFO     | src.indicators.technical_indicators:calculate_ma:133 | 计算 5 日移动平均线完成
2026-03-23 23:45:44 | INFO     | src.indicators.technical_indicators:calculate_bias:500 | 计算 5 日乖离率完成
2026-03-23 23:45:44 | INFO     | src.indicators.technical_indicators:calculate_ma:133 | 计算 10 日移动平均线完成
2026-03-23 23:45:44 | INFO     | src.indicators.technical_indicators:calculate_bias:500 | 计算 10 日乖离率完成
2026-03-23 23:45:44 | INFO     | src.indicators.technical_indicators:calculate_ma:133 | 计算 20 日移动平均线完成
2026-03-23 23:45:44 | INFO     | src.indicators.technical_indicators:calculate_bias:500 | 计算 20 日乖离率完成
2026-03-23 23:45:44 | INFO     | src.indicators.technical_indicators:calculate_ma:133 | 计算 30 日移动平均线完成
2026-03-23 23:45:44 | INFO     | src.indicators.technical_indicators:calculate_bias:500 | 计算 30 日乖离率完成
2026-03-23 23:45:44 | INFO     | src.indicators.technical_indicators:calculate_ma:133 | 计算 60 日移动平均线完成
2026-03-23 23:45:44 | INFO     | src.indicators.technical_indicators:calculate_bias:500 | 计算 60 日乖离率完成
2026-03-23 23:45:44 | INFO     | src.indicators.technical_indicators:calculate_ma:133 | 计算 120 日移动平均线完成
2026-03-23 23:45:44 | INFO     | src.indicators.technical_indicators:calculate_bias:500 | 计算 120 日乖离率完成
2026-03-23 23:45:44 | INFO     | src.indicators.technical_indicators:calculate_ma:133 | 计算 250 日移动平均线完成
2026-03-23 23:45:44 | INFO     | src.indicators.technical_indicators:calculate_bias:500 | 计算 250 日乖离率完成
2026-03-23 23:45:44 | INFO     | src.indicators.technical_indicators:calculate_psy:523 | 计算 10 日心理线完成
2026-03-23 23:45:44 | WARNING  | src.indicators.technical_indicators:calculate_all:635 | 未知的指标类型: rsv_period
2026-03-23 23:45:44 | WARNING  | src.indicators.technical_indicators:calculate_all:635 | 未知的指标类型: volume_period
2026-03-23 23:45:44 | INFO     | src.indicators.technical_indicators:calculate_all:640 | 完成计算 45 个技术指标
2026-03-23 23:45:44 | INFO     | src.core.data_fetcher:save_data:432 | 保存数据到 csv 文件: 601698_with_indicators
2026-03-23 23:45:44 | INFO     | src.core.data_fetcher:save_data:452 | 数据保存成功: ./data\601698_with_indicators.csv
2026-03-23 23:45:44 | INFO     | src.workflow.base:calculate_signals:195 | 对股票 601698 进行信号判断
2026-03-23 23:45:44 | INFO     | src.core.data_fetcher:save_data:432 | 保存数据到 csv 文件: 601698_signals
2026-03-23 23:45:44 | INFO     | src.core.data_fetcher:save_data:452 | 数据保存成功: ./data\601698_signals.csv
2026-03-23 23:45:44 | INFO     | src.workflow.technical:process_fund:83 |   股票 601698 信号判断完成: 持有 (得分: 0.179)
2026-03-23 23:45:44 | INFO     | src.workflow.base:calculate_technical_indicators:160 | 计算股票 600879 的技术指标
2026-03-23 23:45:44 | INFO     | src.indicators.technical_indicators:calculate_ma:133 | 计算 5 日移动平均线完成
2026-03-23 23:45:44 | INFO     | src.indicators.technical_indicators:calculate_ma:133 | 计算 10 日移动平均线完成
2026-03-23 23:45:44 | INFO     | src.indicators.technical_indicators:calculate_ma:133 | 计算 20 日移动平均线完成
2026-03-23 23:45:44 | INFO     | src.indicators.technical_indicators:calculate_ma:133 | 计算 30 日移动平均线完成
2026-03-23 23:45:44 | INFO     | src.indicators.technical_indicators:calculate_ma:133 | 计算 60 日移动平均线完成
2026-03-23 23:45:44 | INFO     | src.indicators.technical_indicators:calculate_ma:133 | 计算 120 日移动平均线完成
2026-03-23 23:45:44 | INFO     | src.indicators.technical_indicators:calculate_ma:133 | 计算 250 日移动平均线完成
2026-03-23 23:45:44 | INFO     | src.indicators.technical_indicators:calculate_sma:157 | 计算 5 日简单移动平均线完成
2026-03-23 23:45:44 | INFO     | src.indicators.technical_indicators:calculate_sma:157 | 计算 10 日简单移动平均线完成
2026-03-23 23:45:44 | INFO     | src.indicators.technical_indicators:calculate_sma:157 | 计算 20 日简单移动平均线完成
2026-03-23 23:45:44 | INFO     | src.indicators.technical_indicators:calculate_sma:157 | 计算 30 日简单移动平均线完成
2026-03-23 23:45:44 | INFO     | src.indicators.technical_indicators:calculate_sma:157 | 计算 60 日简单移动平均线完成
2026-03-23 23:45:44 | INFO     | src.indicators.technical_indicators:calculate_sma:157 | 计算 120 日简单移动平均线完成
2026-03-23 23:45:44 | INFO     | src.indicators.technical_indicators:calculate_sma:157 | 计算 250 日简单移动平均线完成
2026-03-23 23:45:44 | INFO     | src.indicators.technical_indicators:calculate_ema:182 | 计算 12 日指数移动平均线完成
2026-03-23 23:45:44 | INFO     | src.indicators.technical_indicators:calculate_ema:182 | 计算 26 日指数移动平均线完成
2026-03-23 23:45:44 | INFO     | src.indicators.technical_indicators:calculate_rsi:221 | 计算 6 日RSI完成
2026-03-23 23:45:44 | INFO     | src.indicators.technical_indicators:calculate_rsi:221 | 计算 12 日RSI完成
2026-03-23 23:45:44 | INFO     | src.indicators.technical_indicators:calculate_rsi:221 | 计算 24 日RSI完成
2026-03-23 23:45:44 | INFO     | src.indicators.technical_indicators:calculate_macd:263 | 计算MACD完成：快线=12, 慢线=26, 信号线=9
2026-03-23 23:45:44 | INFO     | src.indicators.technical_indicators:calculate_macd:263 | 计算MACD完成：快线=12, 慢线=26, 信号线=12
2026-03-23 23:45:44 | INFO     | src.indicators.technical_indicators:calculate_boll:303 | 计算布林带完成：周期=20, 标准差倍数=2
2026-03-23 23:45:44 | INFO     | src.indicators.technical_indicators:calculate_kdj:350 | 计算KDJ完成：K周期=9, D周期=3, J周期=3
2026-03-23 23:45:44 | INFO     | src.indicators.technical_indicators:calculate_kdj:350 | 计算KDJ完成：K周期=10, D周期=3, J周期=3
2026-03-23 23:45:44 | INFO     | src.indicators.technical_indicators:calculate_atr:385 | 计算 10 日ATR完成
2026-03-23 23:45:44 | INFO     | src.indicators.technical_indicators:calculate_cci:446 | 计算 20 日CCI完成
2026-03-23 23:45:44 | INFO     | src.indicators.technical_indicators:calculate_williams_r:476 | 计算 10 日威廉指标完成
2026-03-23 23:45:44 | INFO     | src.indicators.technical_indicators:calculate_ma:133 | 计算 5 日移动平均线完成
2026-03-23 23:45:44 | INFO     | src.indicators.technical_indicators:calculate_bias:500 | 计算 5 日乖离率完成
2026-03-23 23:45:44 | INFO     | src.indicators.technical_indicators:calculate_ma:133 | 计算 10 日移动平均线完成
2026-03-23 23:45:44 | INFO     | src.indicators.technical_indicators:calculate_bias:500 | 计算 10 日乖离率完成
2026-03-23 23:45:44 | INFO     | src.indicators.technical_indicators:calculate_ma:133 | 计算 20 日移动平均线完成
2026-03-23 23:45:44 | INFO     | src.indicators.technical_indicators:calculate_bias:500 | 计算 20 日乖离率完成
2026-03-23 23:45:44 | INFO     | src.indicators.technical_indicators:calculate_ma:133 | 计算 30 日移动平均线完成
2026-03-23 23:45:44 | INFO     | src.indicators.technical_indicators:calculate_bias:500 | 计算 30 日乖离率完成
2026-03-23 23:45:44 | INFO     | src.indicators.technical_indicators:calculate_ma:133 | 计算 60 日移动平均线完成
2026-03-23 23:45:44 | INFO     | src.indicators.technical_indicators:calculate_bias:500 | 计算 60 日乖离率完成
2026-03-23 23:45:44 | INFO     | src.indicators.technical_indicators:calculate_ma:133 | 计算 120 日移动平均线完成
2026-03-23 23:45:44 | INFO     | src.indicators.technical_indicators:calculate_bias:500 | 计算 120 日乖离率完成
2026-03-23 23:45:44 | INFO     | src.indicators.technical_indicators:calculate_ma:133 | 计算 250 日移动平均线完成
2026-03-23 23:45:44 | INFO     | src.indicators.technical_indicators:calculate_bias:500 | 计算 250 日乖离率完成
2026-03-23 23:45:44 | INFO     | src.indicators.technical_indicators:calculate_psy:523 | 计算 10 日心理线完成
2026-03-23 23:45:44 | WARNING  | src.indicators.technical_indicators:calculate_all:635 | 未知的指标类型: rsv_period
2026-03-23 23:45:44 | WARNING  | src.indicators.technical_indicators:calculate_all:635 | 未知的指标类型: volume_period
2026-03-23 23:45:44 | INFO     | src.indicators.technical_indicators:calculate_all:640 | 完成计算 45 个技术指标
2026-03-23 23:45:44 | INFO     | src.core.data_fetcher:save_data:432 | 保存数据到 csv 文件: 600879_with_indicators
2026-03-23 23:45:44 | INFO     | src.core.data_fetcher:save_data:452 | 数据保存成功: ./data\600879_with_indicators.csv
2026-03-23 23:45:44 | INFO     | src.workflow.base:calculate_signals:195 | 对股票 600879 进行信号判断
2026-03-23 23:45:44 | INFO     | src.core.data_fetcher:save_data:432 | 保存数据到 csv 文件: 600879_signals
2026-03-23 23:45:44 | INFO     | src.core.data_fetcher:save_data:452 | 数据保存成功: ./data\600879_signals.csv
2026-03-23 23:45:44 | INFO     | src.workflow.technical:process_fund:83 |   股票 600879 信号判断完成: 持有 (得分: 0.180)
2026-03-23 23:45:44 | INFO     | src.workflow.base:calculate_technical_indicators:160 | 计算股票 300342 的技术指标
2026-03-23 23:45:44 | INFO     | src.indicators.technical_indicators:calculate_ma:133 | 计算 5 日移动平均线完成
2026-03-23 23:45:44 | INFO     | src.indicators.technical_indicators:calculate_ma:133 | 计算 10 日移动平均线完成
2026-03-23 23:45:44 | INFO     | src.indicators.technical_indicators:calculate_ma:133 | 计算 20 日移动平均线完成
2026-03-23 23:45:44 | INFO     | src.indicators.technical_indicators:calculate_ma:133 | 计算 30 日移动平均线完成
2026-03-23 23:45:44 | INFO     | src.indicators.technical_indicators:calculate_ma:133 | 计算 60 日移动平均线完成
2026-03-23 23:45:44 | INFO     | src.indicators.technical_indicators:calculate_ma:133 | 计算 120 日移动平均线完成
2026-03-23 23:45:44 | INFO     | src.indicators.technical_indicators:calculate_ma:133 | 计算 250 日移动平均线完成
2026-03-23 23:45:44 | INFO     | src.indicators.technical_indicators:calculate_sma:157 | 计算 5 日简单移动平均线完成
2026-03-23 23:45:44 | INFO     | src.indicators.technical_indicators:calculate_sma:157 | 计算 10 日简单移动平均线完成
2026-03-23 23:45:44 | INFO     | src.indicators.technical_indicators:calculate_sma:157 | 计算 20 日简单移动平均线完成
2026-03-23 23:45:44 | INFO     | src.indicators.technical_indicators:calculate_sma:157 | 计算 30 日简单移动平均线完成
2026-03-23 23:45:44 | INFO     | src.indicators.technical_indicators:calculate_sma:157 | 计算 60 日简单移动平均线完成
2026-03-23 23:45:44 | INFO     | src.indicators.technical_indicators:calculate_sma:157 | 计算 120 日简单移动平均线完成
2026-03-23 23:45:44 | INFO     | src.indicators.technical_indicators:calculate_sma:157 | 计算 250 日简单移动平均线完成
2026-03-23 23:45:44 | INFO     | src.indicators.technical_indicators:calculate_ema:182 | 计算 12 日指数移动平均线完成
2026-03-23 23:45:44 | INFO     | src.indicators.technical_indicators:calculate_ema:182 | 计算 26 日指数移动平均线完成
2026-03-23 23:45:44 | INFO     | src.indicators.technical_indicators:calculate_rsi:221 | 计算 6 日RSI完成
2026-03-23 23:45:44 | INFO     | src.indicators.technical_indicators:calculate_rsi:221 | 计算 12 日RSI完成
2026-03-23 23:45:44 | INFO     | src.indicators.technical_indicators:calculate_rsi:221 | 计算 24 日RSI完成
2026-03-23 23:45:44 | INFO     | src.indicators.technical_indicators:calculate_macd:263 | 计算MACD完成：快线=12, 慢线=26, 信号线=9
2026-03-23 23:45:44 | INFO     | src.indicators.technical_indicators:calculate_macd:263 | 计算MACD完成：快线=12, 慢线=26, 信号线=12
2026-03-23 23:45:44 | INFO     | src.indicators.technical_indicators:calculate_boll:303 | 计算布林带完成：周期=20, 标准差倍数=2
2026-03-23 23:45:44 | INFO     | src.indicators.technical_indicators:calculate_kdj:350 | 计算KDJ完成：K周期=9, D周期=3, J周期=3
2026-03-23 23:45:44 | INFO     | src.indicators.technical_indicators:calculate_kdj:350 | 计算KDJ完成：K周期=10, D周期=3, J周期=3
2026-03-23 23:45:44 | INFO     | src.indicators.technical_indicators:calculate_atr:385 | 计算 10 日ATR完成
2026-03-23 23:45:45 | INFO     | src.indicators.technical_indicators:calculate_cci:446 | 计算 20 日CCI完成
2026-03-23 23:45:45 | INFO     | src.indicators.technical_indicators:calculate_williams_r:476 | 计算 10 日威廉指标完成
2026-03-23 23:45:45 | INFO     | src.indicators.technical_indicators:calculate_ma:133 | 计算 5 日移动平均线完成
2026-03-23 23:45:45 | INFO     | src.indicators.technical_indicators:calculate_bias:500 | 计算 5 日乖离率完成
2026-03-23 23:45:45 | INFO     | src.indicators.technical_indicators:calculate_ma:133 | 计算 10 日移动平均线完成
2026-03-23 23:45:45 | INFO     | src.indicators.technical_indicators:calculate_bias:500 | 计算 10 日乖离率完成
2026-03-23 23:45:45 | INFO     | src.indicators.technical_indicators:calculate_ma:133 | 计算 20 日移动平均线完成
2026-03-23 23:45:45 | INFO     | src.indicators.technical_indicators:calculate_bias:500 | 计算 20 日乖离率完成
2026-03-23 23:45:45 | INFO     | src.indicators.technical_indicators:calculate_ma:133 | 计算 30 日移动平均线完成
2026-03-23 23:45:45 | INFO     | src.indicators.technical_indicators:calculate_bias:500 | 计算 30 日乖离率完成
2026-03-23 23:45:45 | INFO     | src.indicators.technical_indicators:calculate_ma:133 | 计算 60 日移动平均线完成
2026-03-23 23:45:45 | INFO     | src.indicators.technical_indicators:calculate_bias:500 | 计算 60 日乖离率完成
2026-03-23 23:45:45 | INFO     | src.indicators.technical_indicators:calculate_ma:133 | 计算 120 日移动平均线完成
2026-03-23 23:45:45 | INFO     | src.indicators.technical_indicators:calculate_bias:500 | 计算 120 日乖离率完成
2026-03-23 23:45:45 | INFO     | src.indicators.technical_indicators:calculate_ma:133 | 计算 250 日移动平均线完成
2026-03-23 23:45:45 | INFO     | src.indicators.technical_indicators:calculate_bias:500 | 计算 250 日乖离率完成
2026-03-23 23:45:45 | INFO     | src.indicators.technical_indicators:calculate_psy:523 | 计算 10 日心理线完成
2026-03-23 23:45:45 | WARNING  | src.indicators.technical_indicators:calculate_all:635 | 未知的指标类型: rsv_period
2026-03-23 23:45:45 | WARNING  | src.indicators.technical_indicators:calculate_all:635 | 未知的指标类型: volume_period
2026-03-23 23:45:45 | INFO     | src.indicators.technical_indicators:calculate_all:640 | 完成计算 45 个技术指标
2026-03-23 23:45:45 | INFO     | src.core.data_fetcher:save_data:432 | 保存数据到 csv 文件: 300342_with_indicators
2026-03-23 23:45:45 | INFO     | src.core.data_fetcher:save_data:452 | 数据保存成功: ./data\300342_with_indicators.csv
2026-03-23 23:45:45 | INFO     | src.workflow.base:calculate_signals:195 | 对股票 300342 进行信号判断
2026-03-23 23:45:45 | INFO     | src.core.data_fetcher:save_data:432 | 保存数据到 csv 文件: 300342_signals
2026-03-23 23:45:45 | INFO     | src.core.data_fetcher:save_data:452 | 数据保存成功: ./data\300342_signals.csv
2026-03-23 23:45:45 | INFO     | src.workflow.technical:process_fund:83 |   股票 300342 信号判断完成: 持有 (得分: -0.075)
2026-03-23 23:45:45 | INFO     | src.workflow.base:calculate_technical_indicators:160 | 计算股票 300136 的技术指标
2026-03-23 23:45:45 | INFO     | src.indicators.technical_indicators:calculate_ma:133 | 计算 5 日移动平均线完成
2026-03-23 23:45:45 | INFO     | src.indicators.technical_indicators:calculate_ma:133 | 计算 10 日移动平均线完成
2026-03-23 23:45:45 | INFO     | src.indicators.technical_indicators:calculate_ma:133 | 计算 20 日移动平均线完成
2026-03-23 23:45:45 | INFO     | src.indicators.technical_indicators:calculate_ma:133 | 计算 30 日移动平均线完成
2026-03-23 23:45:45 | INFO     | src.indicators.technical_indicators:calculate_ma:133 | 计算 60 日移动平均线完成
2026-03-23 23:45:45 | INFO     | src.indicators.technical_indicators:calculate_ma:133 | 计算 120 日移动平均线完成
2026-03-23 23:45:45 | INFO     | src.indicators.technical_indicators:calculate_ma:133 | 计算 250 日移动平均线完成
2026-03-23 23:45:45 | INFO     | src.indicators.technical_indicators:calculate_sma:157 | 计算 5 日简单移动平均线完成
2026-03-23 23:45:45 | INFO     | src.indicators.technical_indicators:calculate_sma:157 | 计算 10 日简单移动平均线完成
2026-03-23 23:45:45 | INFO     | src.indicators.technical_indicators:calculate_sma:157 | 计算 20 日简单移动平均线完成
2026-03-23 23:45:45 | INFO     | src.indicators.technical_indicators:calculate_sma:157 | 计算 30 日简单移动平均线完成
2026-03-23 23:45:45 | INFO     | src.indicators.technical_indicators:calculate_sma:157 | 计算 60 日简单移动平均线完成
2026-03-23 23:45:45 | INFO     | src.indicators.technical_indicators:calculate_sma:157 | 计算 120 日简单移动平均线完成
2026-03-23 23:45:45 | INFO     | src.indicators.technical_indicators:calculate_sma:157 | 计算 250 日简单移动平均线完成
2026-03-23 23:45:45 | INFO     | src.indicators.technical_indicators:calculate_ema:182 | 计算 12 日指数移动平均线完成
2026-03-23 23:45:45 | INFO     | src.indicators.technical_indicators:calculate_ema:182 | 计算 26 日指数移动平均线完成
2026-03-23 23:45:45 | INFO     | src.indicators.technical_indicators:calculate_rsi:221 | 计算 6 日RSI完成
2026-03-23 23:45:45 | INFO     | src.indicators.technical_indicators:calculate_rsi:221 | 计算 12 日RSI完成
2026-03-23 23:45:45 | INFO     | src.indicators.technical_indicators:calculate_rsi:221 | 计算 24 日RSI完成
2026-03-23 23:45:45 | INFO     | src.indicators.technical_indicators:calculate_macd:263 | 计算MACD完成：快线=12, 慢线=26, 信号线=9
2026-03-23 23:45:45 | INFO     | src.indicators.technical_indicators:calculate_macd:263 | 计算MACD完成：快线=12, 慢线=26, 信号线=12
2026-03-23 23:45:45 | INFO     | src.indicators.technical_indicators:calculate_boll:303 | 计算布林带完成：周期=20, 标准差倍数=2
2026-03-23 23:45:45 | INFO     | src.indicators.technical_indicators:calculate_kdj:350 | 计算KDJ完成：K周期=9, D周期=3, J周期=3
2026-03-23 23:45:45 | INFO     | src.indicators.technical_indicators:calculate_kdj:350 | 计算KDJ完成：K周期=10, D周期=3, J周期=3
2026-03-23 23:45:45 | INFO     | src.indicators.technical_indicators:calculate_atr:385 | 计算 10 日ATR完成
2026-03-23 23:45:45 | INFO     | src.indicators.technical_indicators:calculate_cci:446 | 计算 20 日CCI完成
2026-03-23 23:45:45 | INFO     | src.indicators.technical_indicators:calculate_williams_r:476 | 计算 10 日威廉指标完成
2026-03-23 23:45:45 | INFO     | src.indicators.technical_indicators:calculate_ma:133 | 计算 5 日移动平均线完成
2026-03-23 23:45:45 | INFO     | src.indicators.technical_indicators:calculate_bias:500 | 计算 5 日乖离率完成
2026-03-23 23:45:45 | INFO     | src.indicators.technical_indicators:calculate_ma:133 | 计算 10 日移动平均线完成
2026-03-23 23:45:45 | INFO     | src.indicators.technical_indicators:calculate_bias:500 | 计算 10 日乖离率完成
2026-03-23 23:45:45 | INFO     | src.indicators.technical_indicators:calculate_ma:133 | 计算 20 日移动平均线完成
2026-03-23 23:45:45 | INFO     | src.indicators.technical_indicators:calculate_bias:500 | 计算 20 日乖离率完成
2026-03-23 23:45:45 | INFO     | src.indicators.technical_indicators:calculate_ma:133 | 计算 30 日移动平均线完成
2026-03-23 23:45:45 | INFO     | src.indicators.technical_indicators:calculate_bias:500 | 计算 30 日乖离率完成
2026-03-23 23:45:45 | INFO     | src.indicators.technical_indicators:calculate_ma:133 | 计算 60 日移动平均线完成
2026-03-23 23:45:45 | INFO     | src.indicators.technical_indicators:calculate_bias:500 | 计算 60 日乖离率完成
2026-03-23 23:45:45 | INFO     | src.indicators.technical_indicators:calculate_ma:133 | 计算 120 日移动平均线完成
2026-03-23 23:45:45 | INFO     | src.indicators.technical_indicators:calculate_bias:500 | 计算 120 日乖离率完成
2026-03-23 23:45:45 | INFO     | src.indicators.technical_indicators:calculate_ma:133 | 计算 250 日移动平均线完成
2026-03-23 23:45:45 | INFO     | src.indicators.technical_indicators:calculate_bias:500 | 计算 250 日乖离率完成
2026-03-23 23:45:45 | INFO     | src.indicators.technical_indicators:calculate_psy:523 | 计算 10 日心理线完成
2026-03-23 23:45:45 | WARNING  | src.indicators.technical_indicators:calculate_all:635 | 未知的指标类型: rsv_period
2026-03-23 23:45:45 | WARNING  | src.indicators.technical_indicators:calculate_all:635 | 未知的指标类型: volume_period
2026-03-23 23:45:45 | INFO     | src.indicators.technical_indicators:calculate_all:640 | 完成计算 45 个技术指标
2026-03-23 23:45:45 | INFO     | src.core.data_fetcher:save_data:432 | 保存数据到 csv 文件: 300136_with_indicators
2026-03-23 23:45:45 | INFO     | src.core.data_fetcher:save_data:452 | 数据保存成功: ./data\300136_with_indicators.csv
2026-03-23 23:45:45 | INFO     | src.workflow.base:calculate_signals:195 | 对股票 300136 进行信号判断
2026-03-23 23:45:45 | INFO     | src.core.data_fetcher:save_data:432 | 保存数据到 csv 文件: 300136_signals
2026-03-23 23:45:45 | INFO     | src.core.data_fetcher:save_data:452 | 数据保存成功: ./data\300136_signals.csv
2026-03-23 23:45:45 | INFO     | src.workflow.technical:process_fund:83 |   股票 300136 信号判断完成: 持有 (得分: 0.141)
2026-03-23 23:45:45 | INFO     | src.workflow.base:calculate_technical_indicators:160 | 计算股票 002149 的技术指标
2026-03-23 23:45:45 | INFO     | src.indicators.technical_indicators:calculate_ma:133 | 计算 5 日移动平均线完成
2026-03-23 23:45:45 | INFO     | src.indicators.technical_indicators:calculate_ma:133 | 计算 10 日移动平均线完成
2026-03-23 23:45:45 | INFO     | src.indicators.technical_indicators:calculate_ma:133 | 计算 20 日移动平均线完成
2026-03-23 23:45:45 | INFO     | src.indicators.technical_indicators:calculate_ma:133 | 计算 30 日移动平均线完成
2026-03-23 23:45:45 | INFO     | src.indicators.technical_indicators:calculate_ma:133 | 计算 60 日移动平均线完成
2026-03-23 23:45:45 | INFO     | src.indicators.technical_indicators:calculate_ma:133 | 计算 120 日移动平均线完成
2026-03-23 23:45:45 | INFO     | src.indicators.technical_indicators:calculate_ma:133 | 计算 250 日移动平均线完成
2026-03-23 23:45:45 | INFO     | src.indicators.technical_indicators:calculate_sma:157 | 计算 5 日简单移动平均线完成
2026-03-23 23:45:45 | INFO     | src.indicators.technical_indicators:calculate_sma:157 | 计算 10 日简单移动平均线完成
2026-03-23 23:45:45 | INFO     | src.indicators.technical_indicators:calculate_sma:157 | 计算 20 日简单移动平均线完成
2026-03-23 23:45:45 | INFO     | src.indicators.technical_indicators:calculate_sma:157 | 计算 30 日简单移动平均线完成
2026-03-23 23:45:45 | INFO     | src.indicators.technical_indicators:calculate_sma:157 | 计算 60 日简单移动平均线完成
2026-03-23 23:45:45 | INFO     | src.indicators.technical_indicators:calculate_sma:157 | 计算 120 日简单移动平均线完成
2026-03-23 23:45:45 | INFO     | src.indicators.technical_indicators:calculate_sma:157 | 计算 250 日简单移动平均线完成
2026-03-23 23:45:45 | INFO     | src.indicators.technical_indicators:calculate_ema:182 | 计算 12 日指数移动平均线完成
2026-03-23 23:45:45 | INFO     | src.indicators.technical_indicators:calculate_ema:182 | 计算 26 日指数移动平均线完成
2026-03-23 23:45:45 | INFO     | src.indicators.technical_indicators:calculate_rsi:221 | 计算 6 日RSI完成
2026-03-23 23:45:45 | INFO     | src.indicators.technical_indicators:calculate_rsi:221 | 计算 12 日RSI完成
2026-03-23 23:45:45 | INFO     | src.indicators.technical_indicators:calculate_rsi:221 | 计算 24 日RSI完成
2026-03-23 23:45:45 | INFO     | src.indicators.technical_indicators:calculate_macd:263 | 计算MACD完成：快线=12, 慢线=26, 信号线=9
2026-03-23 23:45:45 | INFO     | src.indicators.technical_indicators:calculate_macd:263 | 计算MACD完成：快线=12, 慢线=26, 信号线=12
2026-03-23 23:45:45 | INFO     | src.indicators.technical_indicators:calculate_boll:303 | 计算布林带完成：周期=20, 标准差倍数=2
2026-03-23 23:45:45 | INFO     | src.indicators.technical_indicators:calculate_kdj:350 | 计算KDJ完成：K周期=9, D周期=3, J周期=3
2026-03-23 23:45:45 | INFO     | src.indicators.technical_indicators:calculate_kdj:350 | 计算KDJ完成：K周期=10, D周期=3, J周期=3
2026-03-23 23:45:45 | INFO     | src.indicators.technical_indicators:calculate_atr:385 | 计算 10 日ATR完成
2026-03-23 23:45:45 | INFO     | src.indicators.technical_indicators:calculate_cci:446 | 计算 20 日CCI完成
2026-03-23 23:45:45 | INFO     | src.indicators.technical_indicators:calculate_williams_r:476 | 计算 10 日威廉指标完成
2026-03-23 23:45:45 | INFO     | src.indicators.technical_indicators:calculate_ma:133 | 计算 5 日移动平均线完成
2026-03-23 23:45:45 | INFO     | src.indicators.technical_indicators:calculate_bias:500 | 计算 5 日乖离率完成
2026-03-23 23:45:45 | INFO     | src.indicators.technical_indicators:calculate_ma:133 | 计算 10 日移动平均线完成
2026-03-23 23:45:45 | INFO     | src.indicators.technical_indicators:calculate_bias:500 | 计算 10 日乖离率完成
2026-03-23 23:45:45 | INFO     | src.indicators.technical_indicators:calculate_ma:133 | 计算 20 日移动平均线完成
2026-03-23 23:45:45 | INFO     | src.indicators.technical_indicators:calculate_bias:500 | 计算 20 日乖离率完成
2026-03-23 23:45:45 | INFO     | src.indicators.technical_indicators:calculate_ma:133 | 计算 30 日移动平均线完成
2026-03-23 23:45:45 | INFO     | src.indicators.technical_indicators:calculate_bias:500 | 计算 30 日乖离率完成
2026-03-23 23:45:45 | INFO     | src.indicators.technical_indicators:calculate_ma:133 | 计算 60 日移动平均线完成
2026-03-23 23:45:45 | INFO     | src.indicators.technical_indicators:calculate_bias:500 | 计算 60 日乖离率完成
2026-03-23 23:45:45 | INFO     | src.indicators.technical_indicators:calculate_ma:133 | 计算 120 日移动平均线完成
2026-03-23 23:45:45 | INFO     | src.indicators.technical_indicators:calculate_bias:500 | 计算 120 日乖离率完成
2026-03-23 23:45:45 | INFO     | src.indicators.technical_indicators:calculate_ma:133 | 计算 250 日移动平均线完成
2026-03-23 23:45:45 | INFO     | src.indicators.technical_indicators:calculate_bias:500 | 计算 250 日乖离率完成
2026-03-23 23:45:45 | INFO     | src.indicators.technical_indicators:calculate_psy:523 | 计算 10 日心理线完成
2026-03-23 23:45:45 | WARNING  | src.indicators.technical_indicators:calculate_all:635 | 未知的指标类型: rsv_period
2026-03-23 23:45:45 | WARNING  | src.indicators.technical_indicators:calculate_all:635 | 未知的指标类型: volume_period
2026-03-23 23:45:45 | INFO     | src.indicators.technical_indicators:calculate_all:640 | 完成计算 45 个技术指标
2026-03-23 23:45:45 | INFO     | src.core.data_fetcher:save_data:432 | 保存数据到 csv 文件: 002149_with_indicators
2026-03-23 23:45:45 | INFO     | src.core.data_fetcher:save_data:452 | 数据保存成功: ./data\002149_with_indicators.csv
2026-03-23 23:45:45 | INFO     | src.workflow.base:calculate_signals:195 | 对股票 002149 进行信号判断
2026-03-23 23:45:45 | INFO     | src.core.data_fetcher:save_data:432 | 保存数据到 csv 文件: 002149_signals
2026-03-23 23:45:45 | INFO     | src.core.data_fetcher:save_data:452 | 数据保存成功: ./data\002149_signals.csv
2026-03-23 23:45:45 | INFO     | src.workflow.technical:process_fund:83 |   股票 002149 信号判断完成: 持有 (得分: -0.072)
2026-03-23 23:45:45 | INFO     | src.workflow.base:calculate_technical_indicators:160 | 计算股票 300762 的技术指标
2026-03-23 23:45:45 | INFO     | src.indicators.technical_indicators:calculate_ma:133 | 计算 5 日移动平均线完成
2026-03-23 23:45:45 | INFO     | src.indicators.technical_indicators:calculate_ma:133 | 计算 10 日移动平均线完成
2026-03-23 23:45:45 | INFO     | src.indicators.technical_indicators:calculate_ma:133 | 计算 20 日移动平均线完成
2026-03-23 23:45:45 | INFO     | src.indicators.technical_indicators:calculate_ma:133 | 计算 30 日移动平均线完成
2026-03-23 23:45:45 | INFO     | src.indicators.technical_indicators:calculate_ma:133 | 计算 60 日移动平均线完成
2026-03-23 23:45:45 | INFO     | src.indicators.technical_indicators:calculate_ma:133 | 计算 120 日移动平均线完成
2026-03-23 23:45:45 | INFO     | src.indicators.technical_indicators:calculate_ma:133 | 计算 250 日移动平均线完成
2026-03-23 23:45:45 | INFO     | src.indicators.technical_indicators:calculate_sma:157 | 计算 5 日简单移动平均线完成
2026-03-23 23:45:45 | INFO     | src.indicators.technical_indicators:calculate_sma:157 | 计算 10 日简单移动平均线完成
2026-03-23 23:45:45 | INFO     | src.indicators.technical_indicators:calculate_sma:157 | 计算 20 日简单移动平均线完成
2026-03-23 23:45:45 | INFO     | src.indicators.technical_indicators:calculate_sma:157 | 计算 30 日简单移动平均线完成
2026-03-23 23:45:45 | INFO     | src.indicators.technical_indicators:calculate_sma:157 | 计算 60 日简单移动平均线完成
2026-03-23 23:45:45 | INFO     | src.indicators.technical_indicators:calculate_sma:157 | 计算 120 日简单移动平均线完成
2026-03-23 23:45:45 | INFO     | src.indicators.technical_indicators:calculate_sma:157 | 计算 250 日简单移动平均线完成
2026-03-23 23:45:45 | INFO     | src.indicators.technical_indicators:calculate_ema:182 | 计算 12 日指数移动平均线完成
2026-03-23 23:45:45 | INFO     | src.indicators.technical_indicators:calculate_ema:182 | 计算 26 日指数移动平均线完成
2026-03-23 23:45:45 | INFO     | src.indicators.technical_indicators:calculate_rsi:221 | 计算 6 日RSI完成
2026-03-23 23:45:45 | INFO     | src.indicators.technical_indicators:calculate_rsi:221 | 计算 12 日RSI完成
2026-03-23 23:45:45 | INFO     | src.indicators.technical_indicators:calculate_rsi:221 | 计算 24 日RSI完成
2026-03-23 23:45:45 | INFO     | src.indicators.technical_indicators:calculate_macd:263 | 计算MACD完成：快线=12, 慢线=26, 信号线=9
2026-03-23 23:45:45 | INFO     | src.indicators.technical_indicators:calculate_macd:263 | 计算MACD完成：快线=12, 慢线=26, 信号线=12
2026-03-23 23:45:45 | INFO     | src.indicators.technical_indicators:calculate_boll:303 | 计算布林带完成：周期=20, 标准差倍数=2
2026-03-23 23:45:45 | INFO     | src.indicators.technical_indicators:calculate_kdj:350 | 计算KDJ完成：K周期=9, D周期=3, J周期=3
2026-03-23 23:45:45 | INFO     | src.indicators.technical_indicators:calculate_kdj:350 | 计算KDJ完成：K周期=10, D周期=3, J周期=3
2026-03-23 23:45:45 | INFO     | src.indicators.technical_indicators:calculate_atr:385 | 计算 10 日ATR完成
2026-03-23 23:45:45 | INFO     | src.indicators.technical_indicators:calculate_cci:446 | 计算 20 日CCI完成
2026-03-23 23:45:45 | INFO     | src.indicators.technical_indicators:calculate_williams_r:476 | 计算 10 日威廉指标完成
2026-03-23 23:45:45 | INFO     | src.indicators.technical_indicators:calculate_ma:133 | 计算 5 日移动平均线完成
2026-03-23 23:45:45 | INFO     | src.indicators.technical_indicators:calculate_bias:500 | 计算 5 日乖离率完成
2026-03-23 23:45:45 | INFO     | src.indicators.technical_indicators:calculate_ma:133 | 计算 10 日移动平均线完成
2026-03-23 23:45:45 | INFO     | src.indicators.technical_indicators:calculate_bias:500 | 计算 10 日乖离率完成
2026-03-23 23:45:45 | INFO     | src.indicators.technical_indicators:calculate_ma:133 | 计算 20 日移动平均线完成
2026-03-23 23:45:45 | INFO     | src.indicators.technical_indicators:calculate_bias:500 | 计算 20 日乖离率完成
2026-03-23 23:45:45 | INFO     | src.indicators.technical_indicators:calculate_ma:133 | 计算 30 日移动平均线完成
2026-03-23 23:45:45 | INFO     | src.indicators.technical_indicators:calculate_bias:500 | 计算 30 日乖离率完成
2026-03-23 23:45:45 | INFO     | src.indicators.technical_indicators:calculate_ma:133 | 计算 60 日移动平均线完成
2026-03-23 23:45:45 | INFO     | src.indicators.technical_indicators:calculate_bias:500 | 计算 60 日乖离率完成
2026-03-23 23:45:45 | INFO     | src.indicators.technical_indicators:calculate_ma:133 | 计算 120 日移动平均线完成
2026-03-23 23:45:45 | INFO     | src.indicators.technical_indicators:calculate_bias:500 | 计算 120 日乖离率完成
2026-03-23 23:45:45 | INFO     | src.indicators.technical_indicators:calculate_ma:133 | 计算 250 日移动平均线完成
2026-03-23 23:45:45 | INFO     | src.indicators.technical_indicators:calculate_bias:500 | 计算 250 日乖离率完成
2026-03-23 23:45:45 | INFO     | src.indicators.technical_indicators:calculate_psy:523 | 计算 10 日心理线完成
2026-03-23 23:45:45 | WARNING  | src.indicators.technical_indicators:calculate_all:635 | 未知的指标类型: rsv_period
2026-03-23 23:45:45 | WARNING  | src.indicators.technical_indicators:calculate_all:635 | 未知的指标类型: volume_period
2026-03-23 23:45:45 | INFO     | src.indicators.technical_indicators:calculate_all:640 | 完成计算 45 个技术指标
2026-03-23 23:45:45 | INFO     | src.core.data_fetcher:save_data:432 | 保存数据到 csv 文件: 300762_with_indicators
2026-03-23 23:45:45 | INFO     | src.core.data_fetcher:save_data:452 | 数据保存成功: ./data\300762_with_indicators.csv
2026-03-23 23:45:45 | INFO     | src.workflow.base:calculate_signals:195 | 对股票 300762 进行信号判断
2026-03-23 23:45:45 | INFO     | src.core.data_fetcher:save_data:432 | 保存数据到 csv 文件: 300762_signals
2026-03-23 23:45:45 | INFO     | src.core.data_fetcher:save_data:452 | 数据保存成功: ./data\300762_signals.csv
2026-03-23 23:45:45 | INFO     | src.workflow.technical:process_fund:83 |   股票 300762 信号判断完成: 持有 (得分: 0.125)
2026-03-23 23:45:45 | INFO     | src.workflow.base:calculate_technical_indicators:160 | 计算股票 002565 的技术指标
2026-03-23 23:45:45 | INFO     | src.indicators.technical_indicators:calculate_ma:133 | 计算 5 日移动平均线完成
2026-03-23 23:45:45 | INFO     | src.indicators.technical_indicators:calculate_ma:133 | 计算 10 日移动平均线完成
2026-03-23 23:45:45 | INFO     | src.indicators.technical_indicators:calculate_ma:133 | 计算 20 日移动平均线完成
2026-03-23 23:45:45 | INFO     | src.indicators.technical_indicators:calculate_ma:133 | 计算 30 日移动平均线完成
2026-03-23 23:45:45 | INFO     | src.indicators.technical_indicators:calculate_ma:133 | 计算 60 日移动平均线完成
2026-03-23 23:45:45 | INFO     | src.indicators.technical_indicators:calculate_ma:133 | 计算 120 日移动平均线完成
2026-03-23 23:45:45 | INFO     | src.indicators.technical_indicators:calculate_ma:133 | 计算 250 日移动平均线完成
2026-03-23 23:45:45 | INFO     | src.indicators.technical_indicators:calculate_sma:157 | 计算 5 日简单移动平均线完成
2026-03-23 23:45:45 | INFO     | src.indicators.technical_indicators:calculate_sma:157 | 计算 10 日简单移动平均线完成
2026-03-23 23:45:45 | INFO     | src.indicators.technical_indicators:calculate_sma:157 | 计算 20 日简单移动平均线完成
2026-03-23 23:45:45 | INFO     | src.indicators.technical_indicators:calculate_sma:157 | 计算 30 日简单移动平均线完成
2026-03-23 23:45:45 | INFO     | src.indicators.technical_indicators:calculate_sma:157 | 计算 60 日简单移动平均线完成
2026-03-23 23:45:45 | INFO     | src.indicators.technical_indicators:calculate_sma:157 | 计算 120 日简单移动平均线完成
2026-03-23 23:45:45 | INFO     | src.indicators.technical_indicators:calculate_sma:157 | 计算 250 日简单移动平均线完成
2026-03-23 23:45:45 | INFO     | src.indicators.technical_indicators:calculate_ema:182 | 计算 12 日指数移动平均线完成
2026-03-23 23:45:45 | INFO     | src.indicators.technical_indicators:calculate_ema:182 | 计算 26 日指数移动平均线完成
2026-03-23 23:45:45 | INFO     | src.indicators.technical_indicators:calculate_rsi:221 | 计算 6 日RSI完成
2026-03-23 23:45:45 | INFO     | src.indicators.technical_indicators:calculate_rsi:221 | 计算 12 日RSI完成
2026-03-23 23:45:45 | INFO     | src.indicators.technical_indicators:calculate_rsi:221 | 计算 24 日RSI完成
2026-03-23 23:45:45 | INFO     | src.indicators.technical_indicators:calculate_macd:263 | 计算MACD完成：快线=12, 慢线=26, 信号线=9
2026-03-23 23:45:45 | INFO     | src.indicators.technical_indicators:calculate_macd:263 | 计算MACD完成：快线=12, 慢线=26, 信号线=12
2026-03-23 23:45:45 | INFO     | src.indicators.technical_indicators:calculate_boll:303 | 计算布林带完成：周期=20, 标准差倍数=2
2026-03-23 23:45:45 | INFO     | src.indicators.technical_indicators:calculate_kdj:350 | 计算KDJ完成：K周期=9, D周期=3, J周期=3
2026-03-23 23:45:45 | INFO     | src.indicators.technical_indicators:calculate_kdj:350 | 计算KDJ完成：K周期=10, D周期=3, J周期=3
2026-03-23 23:45:45 | INFO     | src.indicators.technical_indicators:calculate_atr:385 | 计算 10 日ATR完成
2026-03-23 23:45:45 | INFO     | src.indicators.technical_indicators:calculate_cci:446 | 计算 20 日CCI完成
2026-03-23 23:45:45 | INFO     | src.indicators.technical_indicators:calculate_williams_r:476 | 计算 10 日威廉指标完成
2026-03-23 23:45:45 | INFO     | src.indicators.technical_indicators:calculate_ma:133 | 计算 5 日移动平均线完成
2026-03-23 23:45:45 | INFO     | src.indicators.technical_indicators:calculate_bias:500 | 计算 5 日乖离率完成
2026-03-23 23:45:45 | INFO     | src.indicators.technical_indicators:calculate_ma:133 | 计算 10 日移动平均线完成
2026-03-23 23:45:45 | INFO     | src.indicators.technical_indicators:calculate_bias:500 | 计算 10 日乖离率完成
2026-03-23 23:45:45 | INFO     | src.indicators.technical_indicators:calculate_ma:133 | 计算 20 日移动平均线完成
2026-03-23 23:45:45 | INFO     | src.indicators.technical_indicators:calculate_bias:500 | 计算 20 日乖离率完成
2026-03-23 23:45:45 | INFO     | src.indicators.technical_indicators:calculate_ma:133 | 计算 30 日移动平均线完成
2026-03-23 23:45:45 | INFO     | src.indicators.technical_indicators:calculate_bias:500 | 计算 30 日乖离率完成
2026-03-23 23:45:45 | INFO     | src.indicators.technical_indicators:calculate_ma:133 | 计算 60 日移动平均线完成
2026-03-23 23:45:45 | INFO     | src.indicators.technical_indicators:calculate_bias:500 | 计算 60 日乖离率完成
2026-03-23 23:45:45 | INFO     | src.indicators.technical_indicators:calculate_ma:133 | 计算 120 日移动平均线完成
2026-03-23 23:45:45 | INFO     | src.indicators.technical_indicators:calculate_bias:500 | 计算 120 日乖离率完成
2026-03-23 23:45:45 | INFO     | src.indicators.technical_indicators:calculate_ma:133 | 计算 250 日移动平均线完成
2026-03-23 23:45:45 | INFO     | src.indicators.technical_indicators:calculate_bias:500 | 计算 250 日乖离率完成
2026-03-23 23:45:45 | INFO     | src.indicators.technical_indicators:calculate_psy:523 | 计算 10 日心理线完成
2026-03-23 23:45:45 | WARNING  | src.indicators.technical_indicators:calculate_all:635 | 未知的指标类型: rsv_period
2026-03-23 23:45:45 | WARNING  | src.indicators.technical_indicators:calculate_all:635 | 未知的指标类型: volume_period
2026-03-23 23:45:45 | INFO     | src.indicators.technical_indicators:calculate_all:640 | 完成计算 45 个技术指标
2026-03-23 23:45:45 | INFO     | src.core.data_fetcher:save_data:432 | 保存数据到 csv 文件: 002565_with_indicators
2026-03-23 23:45:45 | INFO     | src.core.data_fetcher:save_data:452 | 数据保存成功: ./data\002565_with_indicators.csv
2026-03-23 23:45:45 | INFO     | src.workflow.base:calculate_signals:195 | 对股票 002565 进行信号判断
2026-03-23 23:45:45 | INFO     | src.core.data_fetcher:save_data:432 | 保存数据到 csv 文件: 002565_signals
2026-03-23 23:45:45 | INFO     | src.core.data_fetcher:save_data:452 | 数据保存成功: ./data\002565_signals.csv
2026-03-23 23:45:45 | INFO     | src.workflow.technical:process_fund:83 |   股票 002565 信号判断完成: 持有 (得分: -0.050)
2026-03-23 23:45:45 | INFO     | src.workflow.technical:process_fund:108 | ============================================================
2026-03-23 23:45:45 | INFO     | src.workflow.technical:process_fund:109 | 基金 015790 处理完成!
2026-03-23 23:45:45 | INFO     | src.workflow.technical:process_fund:110 | 总股票数: 10
2026-03-23 23:45:45 | INFO     | src.workflow.technical:process_fund:111 | 成功: 10
2026-03-23 23:45:45 | INFO     | src.workflow.technical:process_fund:112 | 失败: 0
2026-03-23 23:45:45 | INFO     | src.workflow.technical:process_fund:113 | ============================================================
2026-03-23 23:45:45 | INFO     | src.workflow.technical:process_fund:122 | 基金 015790 的所有技术指标已保存为 CSV 文件
2026-03-23 23:45:45 | INFO     | src.workflow.technical:run_batch:162 | 基金 015790 处理完成
2026-03-23 23:45:45 | INFO     | src.workflow.technical:run_batch:163 | ============================================================

2026-03-23 23:45:45 | INFO     | src.workflow.technical:run_batch:155 | 
============================================================
2026-03-23 23:45:45 | INFO     | src.workflow.technical:run_batch:156 | 开始处理基金: 018957
2026-03-23 23:45:45 | INFO     | src.workflow.technical:process_fund:27 | 开始处理基金 018957 的持仓股票技术指标计算
2026-03-23 23:45:45 | INFO     | src.workflow.base:get_fund_holdings:74 | 获取基金 018957 的持仓数据
2026-03-23 23:45:45 | INFO     | src.core.data_fetcher:inner:294 | 获取基金 018957 持仓
2026-03-23 23:45:45 | INFO     | src.core.akshare_provider:get_fund_portfolio:370 | akshare 获取基金 018957 持仓
2026-03-23 23:45:46 | INFO     | src.core.akshare_provider:get_fund_portfolio:379 | 使用 fund_portfolio_hold_em 成功获取基金 018957 持仓
2026-03-23 23:45:46 | INFO     | src.workflow.base:filter_latest_quarter:90 | 过滤最新季度数据
2026-03-23 23:45:46 | INFO     | src.analysis.quarter_filter:filter_latest_quarter_data:63 | 识别到最新季度: 2025年Q4
2026-03-23 23:45:46 | INFO     | src.analysis.quarter_filter:filter_latest_quarter_data:77 | 过滤结果: 从 86 条记录中筛选出 10 条最新季度数据
2026-03-23 23:45:46 | INFO     | src.workflow.technical:process_fund:40 | 最新季度持仓股票数量: 10
2026-03-23 23:45:46 | INFO     | src.workflow.technical:process_fund:41 | 股票代码列表: ['300394', '300308', '300476', '300502', '002837', '600183', '601138', '603083', '688313', '600105']
2026-03-23 23:45:46 | INFO     | src.workflow.base:get_stock_data:104 | 批量处理 10 只股票的数据
2026-03-23 23:45:46 | INFO     | src.workflow.base:get_stock_data:108 | 处理股票 300394...
2026-03-23 23:45:46 | INFO     | src.data.reader:list_files:221 | 在 data\stock_data 中找到 77 个文件
2026-03-23 23:45:46 | INFO     | src.data.reader:list_stock_files:241 | 找到 77 个股票数据文件
2026-03-23 23:45:46 | INFO     | src.data.reader:read_csv:53 | 读取CSV文件: data\stock_data\300394_kline.csv
2026-03-23 23:45:46 | INFO     | src.data.reader:read_csv:57 | 成功读取 1749 行数据
2026-03-23 23:45:46 | INFO     | src.workflow.base:get_stock_data:108 | 处理股票 300308...
2026-03-23 23:45:46 | INFO     | src.data.reader:list_files:221 | 在 data\stock_data 中找到 77 个文件
2026-03-23 23:45:46 | INFO     | src.data.reader:list_stock_files:241 | 找到 77 个股票数据文件
2026-03-23 23:45:46 | INFO     | src.data.reader:read_csv:53 | 读取CSV文件: data\stock_data\300308_kline.csv
2026-03-23 23:45:46 | INFO     | src.data.reader:read_csv:57 | 成功读取 1749 行数据
2026-03-23 23:45:46 | INFO     | src.workflow.base:get_stock_data:108 | 处理股票 300476...
2026-03-23 23:45:46 | INFO     | src.data.reader:list_files:221 | 在 data\stock_data 中找到 77 个文件
2026-03-23 23:45:46 | INFO     | src.data.reader:list_stock_files:241 | 找到 77 个股票数据文件
2026-03-23 23:45:46 | INFO     | src.data.reader:read_csv:53 | 读取CSV文件: data\stock_data\300476_kline.csv
2026-03-23 23:45:46 | INFO     | src.data.reader:read_csv:57 | 成功读取 1749 行数据
2026-03-23 23:45:46 | INFO     | src.workflow.base:get_stock_data:108 | 处理股票 300502...
2026-03-23 23:45:46 | INFO     | src.data.reader:list_files:221 | 在 data\stock_data 中找到 77 个文件
2026-03-23 23:45:46 | INFO     | src.data.reader:list_stock_files:241 | 找到 77 个股票数据文件
2026-03-23 23:45:46 | INFO     | src.data.reader:read_csv:53 | 读取CSV文件: data\stock_data\300502_kline.csv
2026-03-23 23:45:46 | INFO     | src.data.reader:read_csv:57 | 成功读取 1749 行数据
2026-03-23 23:45:46 | INFO     | src.workflow.base:get_stock_data:108 | 处理股票 002837...
2026-03-23 23:45:46 | INFO     | src.data.reader:list_files:221 | 在 data\stock_data 中找到 77 个文件
2026-03-23 23:45:46 | INFO     | src.data.reader:list_stock_files:241 | 找到 77 个股票数据文件
2026-03-23 23:45:46 | INFO     | src.core.data_fetcher:inner:197 | 获取股票 002837 daily K线数据
2026-03-23 23:45:50 | INFO     | src.core.baostock_provider:get_stock_kline:243 | baostock 获取股票 002837 daily K线数据成功，共 1749 条
2026-03-23 23:45:50 | INFO     | src.core.data_fetcher:save_data:432 | 保存数据到 csv 文件: stock_data/002837_kline
2026-03-23 23:45:50 | INFO     | src.core.data_fetcher:save_data:452 | 数据保存成功: ./data\stock_data/002837_kline.csv
2026-03-23 23:45:50 | INFO     | src.workflow.base:get_stock_data:108 | 处理股票 600183...
2026-03-23 23:45:50 | INFO     | src.data.reader:list_files:221 | 在 data\stock_data 中找到 78 个文件
2026-03-23 23:45:50 | INFO     | src.data.reader:list_stock_files:241 | 找到 78 个股票数据文件
2026-03-23 23:45:50 | INFO     | src.data.reader:read_csv:53 | 读取CSV文件: data\stock_data\600183_kline.csv
2026-03-23 23:45:50 | INFO     | src.data.reader:read_csv:57 | 成功读取 1749 行数据
2026-03-23 23:45:50 | INFO     | src.workflow.base:get_stock_data:108 | 处理股票 601138...
2026-03-23 23:45:50 | INFO     | src.data.reader:list_files:221 | 在 data\stock_data 中找到 78 个文件
2026-03-23 23:45:50 | INFO     | src.data.reader:list_stock_files:241 | 找到 78 个股票数据文件
2026-03-23 23:45:50 | INFO     | src.data.reader:read_csv:53 | 读取CSV文件: data\stock_data\601138_kline.csv
2026-03-23 23:45:50 | INFO     | src.data.reader:read_csv:57 | 成功读取 1749 行数据
2026-03-23 23:45:50 | INFO     | src.workflow.base:get_stock_data:108 | 处理股票 603083...
2026-03-23 23:45:50 | INFO     | src.data.reader:list_files:221 | 在 data\stock_data 中找到 78 个文件
2026-03-23 23:45:50 | INFO     | src.data.reader:list_stock_files:241 | 找到 78 个股票数据文件
2026-03-23 23:45:50 | INFO     | src.data.reader:read_csv:53 | 读取CSV文件: data\stock_data\603083_kline.csv
2026-03-23 23:45:50 | INFO     | src.data.reader:read_csv:57 | 成功读取 1749 行数据
2026-03-23 23:45:50 | INFO     | src.workflow.base:get_stock_data:108 | 处理股票 688313...
2026-03-23 23:45:50 | INFO     | src.data.reader:list_files:221 | 在 data\stock_data 中找到 78 个文件
2026-03-23 23:45:50 | INFO     | src.data.reader:list_stock_files:241 | 找到 78 个股票数据文件
2026-03-23 23:45:50 | INFO     | src.data.reader:read_csv:53 | 读取CSV文件: data\stock_data\688313_kline.csv
2026-03-23 23:45:50 | INFO     | src.data.reader:read_csv:57 | 成功读取 1358 行数据
2026-03-23 23:45:50 | INFO     | src.workflow.base:get_stock_data:108 | 处理股票 600105...
2026-03-23 23:45:50 | INFO     | src.data.reader:list_files:221 | 在 data\stock_data 中找到 78 个文件
2026-03-23 23:45:50 | INFO     | src.data.reader:list_stock_files:241 | 找到 78 个股票数据文件
2026-03-23 23:45:50 | INFO     | src.data.reader:read_csv:53 | 读取CSV文件: data\stock_data\600105_kline.csv
2026-03-23 23:45:50 | INFO     | src.data.reader:read_csv:57 | 成功读取 1749 行数据
2026-03-23 23:45:50 | INFO     | src.workflow.base:get_stock_data:143 | 成功获取 10 只股票的数据
2026-03-23 23:45:50 | INFO     | src.workflow.technical:process_fund:51 | 开始计算技术指标和信号判断
2026-03-23 23:45:50 | INFO     | src.workflow.base:calculate_technical_indicators:160 | 计算股票 300394 的技术指标
2026-03-23 23:45:50 | INFO     | src.indicators.technical_indicators:calculate_ma:133 | 计算 5 日移动平均线完成
2026-03-23 23:45:50 | INFO     | src.indicators.technical_indicators:calculate_ma:133 | 计算 10 日移动平均线完成
2026-03-23 23:45:50 | INFO     | src.indicators.technical_indicators:calculate_ma:133 | 计算 20 日移动平均线完成
2026-03-23 23:45:50 | INFO     | src.indicators.technical_indicators:calculate_ma:133 | 计算 30 日移动平均线完成
2026-03-23 23:45:50 | INFO     | src.indicators.technical_indicators:calculate_ma:133 | 计算 60 日移动平均线完成
2026-03-23 23:45:50 | INFO     | src.indicators.technical_indicators:calculate_ma:133 | 计算 120 日移动平均线完成
2026-03-23 23:45:50 | INFO     | src.indicators.technical_indicators:calculate_ma:133 | 计算 250 日移动平均线完成
2026-03-23 23:45:50 | INFO     | src.indicators.technical_indicators:calculate_sma:157 | 计算 5 日简单移动平均线完成
2026-03-23 23:45:50 | INFO     | src.indicators.technical_indicators:calculate_sma:157 | 计算 10 日简单移动平均线完成
2026-03-23 23:45:50 | INFO     | src.indicators.technical_indicators:calculate_sma:157 | 计算 20 日简单移动平均线完成
2026-03-23 23:45:50 | INFO     | src.indicators.technical_indicators:calculate_sma:157 | 计算 30 日简单移动平均线完成
2026-03-23 23:45:50 | INFO     | src.indicators.technical_indicators:calculate_sma:157 | 计算 60 日简单移动平均线完成
2026-03-23 23:45:50 | INFO     | src.indicators.technical_indicators:calculate_sma:157 | 计算 120 日简单移动平均线完成
2026-03-23 23:45:50 | INFO     | src.indicators.technical_indicators:calculate_sma:157 | 计算 250 日简单移动平均线完成
2026-03-23 23:45:50 | INFO     | src.indicators.technical_indicators:calculate_ema:182 | 计算 12 日指数移动平均线完成
2026-03-23 23:45:50 | INFO     | src.indicators.technical_indicators:calculate_ema:182 | 计算 26 日指数移动平均线完成
2026-03-23 23:45:50 | INFO     | src.indicators.technical_indicators:calculate_rsi:221 | 计算 6 日RSI完成
2026-03-23 23:45:50 | INFO     | src.indicators.technical_indicators:calculate_rsi:221 | 计算 12 日RSI完成
2026-03-23 23:45:50 | INFO     | src.indicators.technical_indicators:calculate_rsi:221 | 计算 24 日RSI完成
2026-03-23 23:45:50 | INFO     | src.indicators.technical_indicators:calculate_macd:263 | 计算MACD完成：快线=12, 慢线=26, 信号线=9
2026-03-23 23:45:50 | INFO     | src.indicators.technical_indicators:calculate_macd:263 | 计算MACD完成：快线=12, 慢线=26, 信号线=12
2026-03-23 23:45:50 | INFO     | src.indicators.technical_indicators:calculate_boll:303 | 计算布林带完成：周期=20, 标准差倍数=2
2026-03-23 23:45:50 | INFO     | src.indicators.technical_indicators:calculate_kdj:350 | 计算KDJ完成：K周期=9, D周期=3, J周期=3
2026-03-23 23:45:50 | INFO     | src.indicators.technical_indicators:calculate_kdj:350 | 计算KDJ完成：K周期=10, D周期=3, J周期=3
2026-03-23 23:45:50 | INFO     | src.indicators.technical_indicators:calculate_atr:385 | 计算 10 日ATR完成
2026-03-23 23:45:50 | INFO     | src.indicators.technical_indicators:calculate_cci:446 | 计算 20 日CCI完成
2026-03-23 23:45:50 | INFO     | src.indicators.technical_indicators:calculate_williams_r:476 | 计算 10 日威廉指标完成
2026-03-23 23:45:50 | INFO     | src.indicators.technical_indicators:calculate_ma:133 | 计算 5 日移动平均线完成
2026-03-23 23:45:50 | INFO     | src.indicators.technical_indicators:calculate_bias:500 | 计算 5 日乖离率完成
2026-03-23 23:45:50 | INFO     | src.indicators.technical_indicators:calculate_ma:133 | 计算 10 日移动平均线完成
2026-03-23 23:45:50 | INFO     | src.indicators.technical_indicators:calculate_bias:500 | 计算 10 日乖离率完成
2026-03-23 23:45:50 | INFO     | src.indicators.technical_indicators:calculate_ma:133 | 计算 20 日移动平均线完成
2026-03-23 23:45:50 | INFO     | src.indicators.technical_indicators:calculate_bias:500 | 计算 20 日乖离率完成
2026-03-23 23:45:50 | INFO     | src.indicators.technical_indicators:calculate_ma:133 | 计算 30 日移动平均线完成
2026-03-23 23:45:50 | INFO     | src.indicators.technical_indicators:calculate_bias:500 | 计算 30 日乖离率完成
2026-03-23 23:45:50 | INFO     | src.indicators.technical_indicators:calculate_ma:133 | 计算 60 日移动平均线完成
2026-03-23 23:45:50 | INFO     | src.indicators.technical_indicators:calculate_bias:500 | 计算 60 日乖离率完成
2026-03-23 23:45:50 | INFO     | src.indicators.technical_indicators:calculate_ma:133 | 计算 120 日移动平均线完成
2026-03-23 23:45:50 | INFO     | src.indicators.technical_indicators:calculate_bias:500 | 计算 120 日乖离率完成
2026-03-23 23:45:50 | INFO     | src.indicators.technical_indicators:calculate_ma:133 | 计算 250 日移动平均线完成
2026-03-23 23:45:50 | INFO     | src.indicators.technical_indicators:calculate_bias:500 | 计算 250 日乖离率完成
2026-03-23 23:45:50 | INFO     | src.indicators.technical_indicators:calculate_psy:523 | 计算 10 日心理线完成
2026-03-23 23:45:50 | WARNING  | src.indicators.technical_indicators:calculate_all:635 | 未知的指标类型: rsv_period
2026-03-23 23:45:50 | WARNING  | src.indicators.technical_indicators:calculate_all:635 | 未知的指标类型: volume_period
2026-03-23 23:45:50 | INFO     | src.indicators.technical_indicators:calculate_all:640 | 完成计算 45 个技术指标
2026-03-23 23:45:50 | INFO     | src.core.data_fetcher:save_data:432 | 保存数据到 csv 文件: 300394_with_indicators
2026-03-23 23:45:50 | INFO     | src.core.data_fetcher:save_data:452 | 数据保存成功: ./data\300394_with_indicators.csv
2026-03-23 23:45:50 | INFO     | src.workflow.base:calculate_signals:195 | 对股票 300394 进行信号判断
2026-03-23 23:45:50 | INFO     | src.core.data_fetcher:save_data:432 | 保存数据到 csv 文件: 300394_signals
2026-03-23 23:45:50 | INFO     | src.core.data_fetcher:save_data:452 | 数据保存成功: ./data\300394_signals.csv
2026-03-23 23:45:50 | INFO     | src.workflow.technical:process_fund:83 |   股票 300394 信号判断完成: 持有 (得分: 0.000)
2026-03-23 23:45:50 | INFO     | src.workflow.base:calculate_technical_indicators:160 | 计算股票 300308 的技术指标
2026-03-23 23:45:50 | INFO     | src.indicators.technical_indicators:calculate_ma:133 | 计算 5 日移动平均线完成
2026-03-23 23:45:50 | INFO     | src.indicators.technical_indicators:calculate_ma:133 | 计算 10 日移动平均线完成
2026-03-23 23:45:50 | INFO     | src.indicators.technical_indicators:calculate_ma:133 | 计算 20 日移动平均线完成
2026-03-23 23:45:50 | INFO     | src.indicators.technical_indicators:calculate_ma:133 | 计算 30 日移动平均线完成
2026-03-23 23:45:50 | INFO     | src.indicators.technical_indicators:calculate_ma:133 | 计算 60 日移动平均线完成
2026-03-23 23:45:50 | INFO     | src.indicators.technical_indicators:calculate_ma:133 | 计算 120 日移动平均线完成
2026-03-23 23:45:50 | INFO     | src.indicators.technical_indicators:calculate_ma:133 | 计算 250 日移动平均线完成
2026-03-23 23:45:50 | INFO     | src.indicators.technical_indicators:calculate_sma:157 | 计算 5 日简单移动平均线完成
2026-03-23 23:45:50 | INFO     | src.indicators.technical_indicators:calculate_sma:157 | 计算 10 日简单移动平均线完成
2026-03-23 23:45:50 | INFO     | src.indicators.technical_indicators:calculate_sma:157 | 计算 20 日简单移动平均线完成
2026-03-23 23:45:50 | INFO     | src.indicators.technical_indicators:calculate_sma:157 | 计算 30 日简单移动平均线完成
2026-03-23 23:45:50 | INFO     | src.indicators.technical_indicators:calculate_sma:157 | 计算 60 日简单移动平均线完成
2026-03-23 23:45:50 | INFO     | src.indicators.technical_indicators:calculate_sma:157 | 计算 120 日简单移动平均线完成
2026-03-23 23:45:50 | INFO     | src.indicators.technical_indicators:calculate_sma:157 | 计算 250 日简单移动平均线完成
2026-03-23 23:45:50 | INFO     | src.indicators.technical_indicators:calculate_ema:182 | 计算 12 日指数移动平均线完成
2026-03-23 23:45:50 | INFO     | src.indicators.technical_indicators:calculate_ema:182 | 计算 26 日指数移动平均线完成
2026-03-23 23:45:50 | INFO     | src.indicators.technical_indicators:calculate_rsi:221 | 计算 6 日RSI完成
2026-03-23 23:45:50 | INFO     | src.indicators.technical_indicators:calculate_rsi:221 | 计算 12 日RSI完成
2026-03-23 23:45:50 | INFO     | src.indicators.technical_indicators:calculate_rsi:221 | 计算 24 日RSI完成
2026-03-23 23:45:50 | INFO     | src.indicators.technical_indicators:calculate_macd:263 | 计算MACD完成：快线=12, 慢线=26, 信号线=9
2026-03-23 23:45:50 | INFO     | src.indicators.technical_indicators:calculate_macd:263 | 计算MACD完成：快线=12, 慢线=26, 信号线=12
2026-03-23 23:45:50 | INFO     | src.indicators.technical_indicators:calculate_boll:303 | 计算布林带完成：周期=20, 标准差倍数=2
2026-03-23 23:45:50 | INFO     | src.indicators.technical_indicators:calculate_kdj:350 | 计算KDJ完成：K周期=9, D周期=3, J周期=3
2026-03-23 23:45:50 | INFO     | src.indicators.technical_indicators:calculate_kdj:350 | 计算KDJ完成：K周期=10, D周期=3, J周期=3
2026-03-23 23:45:50 | INFO     | src.indicators.technical_indicators:calculate_atr:385 | 计算 10 日ATR完成
2026-03-23 23:45:50 | INFO     | src.indicators.technical_indicators:calculate_cci:446 | 计算 20 日CCI完成
2026-03-23 23:45:50 | INFO     | src.indicators.technical_indicators:calculate_williams_r:476 | 计算 10 日威廉指标完成
2026-03-23 23:45:50 | INFO     | src.indicators.technical_indicators:calculate_ma:133 | 计算 5 日移动平均线完成
2026-03-23 23:45:50 | INFO     | src.indicators.technical_indicators:calculate_bias:500 | 计算 5 日乖离率完成
2026-03-23 23:45:50 | INFO     | src.indicators.technical_indicators:calculate_ma:133 | 计算 10 日移动平均线完成
2026-03-23 23:45:50 | INFO     | src.indicators.technical_indicators:calculate_bias:500 | 计算 10 日乖离率完成
2026-03-23 23:45:50 | INFO     | src.indicators.technical_indicators:calculate_ma:133 | 计算 20 日移动平均线完成
2026-03-23 23:45:50 | INFO     | src.indicators.technical_indicators:calculate_bias:500 | 计算 20 日乖离率完成
2026-03-23 23:45:50 | INFO     | src.indicators.technical_indicators:calculate_ma:133 | 计算 30 日移动平均线完成
2026-03-23 23:45:50 | INFO     | src.indicators.technical_indicators:calculate_bias:500 | 计算 30 日乖离率完成
2026-03-23 23:45:50 | INFO     | src.indicators.technical_indicators:calculate_ma:133 | 计算 60 日移动平均线完成
2026-03-23 23:45:50 | INFO     | src.indicators.technical_indicators:calculate_bias:500 | 计算 60 日乖离率完成
2026-03-23 23:45:50 | INFO     | src.indicators.technical_indicators:calculate_ma:133 | 计算 120 日移动平均线完成
2026-03-23 23:45:50 | INFO     | src.indicators.technical_indicators:calculate_bias:500 | 计算 120 日乖离率完成
2026-03-23 23:45:50 | INFO     | src.indicators.technical_indicators:calculate_ma:133 | 计算 250 日移动平均线完成
2026-03-23 23:45:50 | INFO     | src.indicators.technical_indicators:calculate_bias:500 | 计算 250 日乖离率完成
2026-03-23 23:45:50 | INFO     | src.indicators.technical_indicators:calculate_psy:523 | 计算 10 日心理线完成
2026-03-23 23:45:50 | WARNING  | src.indicators.technical_indicators:calculate_all:635 | 未知的指标类型: rsv_period
2026-03-23 23:45:50 | WARNING  | src.indicators.technical_indicators:calculate_all:635 | 未知的指标类型: volume_period
2026-03-23 23:45:50 | INFO     | src.indicators.technical_indicators:calculate_all:640 | 完成计算 45 个技术指标
2026-03-23 23:45:50 | INFO     | src.core.data_fetcher:save_data:432 | 保存数据到 csv 文件: 300308_with_indicators
2026-03-23 23:45:50 | INFO     | src.core.data_fetcher:save_data:452 | 数据保存成功: ./data\300308_with_indicators.csv
2026-03-23 23:45:50 | INFO     | src.workflow.base:calculate_signals:195 | 对股票 300308 进行信号判断
2026-03-23 23:45:50 | INFO     | src.core.data_fetcher:save_data:432 | 保存数据到 csv 文件: 300308_signals
2026-03-23 23:45:50 | INFO     | src.core.data_fetcher:save_data:452 | 数据保存成功: ./data\300308_signals.csv
2026-03-23 23:45:50 | INFO     | src.workflow.technical:process_fund:83 |   股票 300308 信号判断完成: 持有 (得分: -0.131)
2026-03-23 23:45:50 | INFO     | src.workflow.base:calculate_technical_indicators:160 | 计算股票 300476 的技术指标
2026-03-23 23:45:50 | INFO     | src.indicators.technical_indicators:calculate_ma:133 | 计算 5 日移动平均线完成
2026-03-23 23:45:50 | INFO     | src.indicators.technical_indicators:calculate_ma:133 | 计算 10 日移动平均线完成
2026-03-23 23:45:50 | INFO     | src.indicators.technical_indicators:calculate_ma:133 | 计算 20 日移动平均线完成
2026-03-23 23:45:50 | INFO     | src.indicators.technical_indicators:calculate_ma:133 | 计算 30 日移动平均线完成
2026-03-23 23:45:50 | INFO     | src.indicators.technical_indicators:calculate_ma:133 | 计算 60 日移动平均线完成
2026-03-23 23:45:50 | INFO     | src.indicators.technical_indicators:calculate_ma:133 | 计算 120 日移动平均线完成
2026-03-23 23:45:50 | INFO     | src.indicators.technical_indicators:calculate_ma:133 | 计算 250 日移动平均线完成
2026-03-23 23:45:50 | INFO     | src.indicators.technical_indicators:calculate_sma:157 | 计算 5 日简单移动平均线完成
2026-03-23 23:45:50 | INFO     | src.indicators.technical_indicators:calculate_sma:157 | 计算 10 日简单移动平均线完成
2026-03-23 23:45:50 | INFO     | src.indicators.technical_indicators:calculate_sma:157 | 计算 20 日简单移动平均线完成
2026-03-23 23:45:50 | INFO     | src.indicators.technical_indicators:calculate_sma:157 | 计算 30 日简单移动平均线完成
2026-03-23 23:45:50 | INFO     | src.indicators.technical_indicators:calculate_sma:157 | 计算 60 日简单移动平均线完成
2026-03-23 23:45:50 | INFO     | src.indicators.technical_indicators:calculate_sma:157 | 计算 120 日简单移动平均线完成
2026-03-23 23:45:50 | INFO     | src.indicators.technical_indicators:calculate_sma:157 | 计算 250 日简单移动平均线完成
2026-03-23 23:45:50 | INFO     | src.indicators.technical_indicators:calculate_ema:182 | 计算 12 日指数移动平均线完成
2026-03-23 23:45:50 | INFO     | src.indicators.technical_indicators:calculate_ema:182 | 计算 26 日指数移动平均线完成
2026-03-23 23:45:50 | INFO     | src.indicators.technical_indicators:calculate_rsi:221 | 计算 6 日RSI完成
2026-03-23 23:45:50 | INFO     | src.indicators.technical_indicators:calculate_rsi:221 | 计算 12 日RSI完成
2026-03-23 23:45:50 | INFO     | src.indicators.technical_indicators:calculate_rsi:221 | 计算 24 日RSI完成
2026-03-23 23:45:50 | INFO     | src.indicators.technical_indicators:calculate_macd:263 | 计算MACD完成：快线=12, 慢线=26, 信号线=9
2026-03-23 23:45:50 | INFO     | src.indicators.technical_indicators:calculate_macd:263 | 计算MACD完成：快线=12, 慢线=26, 信号线=12
2026-03-23 23:45:50 | INFO     | src.indicators.technical_indicators:calculate_boll:303 | 计算布林带完成：周期=20, 标准差倍数=2
2026-03-23 23:45:50 | INFO     | src.indicators.technical_indicators:calculate_kdj:350 | 计算KDJ完成：K周期=9, D周期=3, J周期=3
2026-03-23 23:45:50 | INFO     | src.indicators.technical_indicators:calculate_kdj:350 | 计算KDJ完成：K周期=10, D周期=3, J周期=3
2026-03-23 23:45:50 | INFO     | src.indicators.technical_indicators:calculate_atr:385 | 计算 10 日ATR完成
2026-03-23 23:45:50 | INFO     | src.indicators.technical_indicators:calculate_cci:446 | 计算 20 日CCI完成
2026-03-23 23:45:50 | INFO     | src.indicators.technical_indicators:calculate_williams_r:476 | 计算 10 日威廉指标完成
2026-03-23 23:45:50 | INFO     | src.indicators.technical_indicators:calculate_ma:133 | 计算 5 日移动平均线完成
2026-03-23 23:45:50 | INFO     | src.indicators.technical_indicators:calculate_bias:500 | 计算 5 日乖离率完成
2026-03-23 23:45:50 | INFO     | src.indicators.technical_indicators:calculate_ma:133 | 计算 10 日移动平均线完成
2026-03-23 23:45:50 | INFO     | src.indicators.technical_indicators:calculate_bias:500 | 计算 10 日乖离率完成
2026-03-23 23:45:50 | INFO     | src.indicators.technical_indicators:calculate_ma:133 | 计算 20 日移动平均线完成
2026-03-23 23:45:50 | INFO     | src.indicators.technical_indicators:calculate_bias:500 | 计算 20 日乖离率完成
2026-03-23 23:45:50 | INFO     | src.indicators.technical_indicators:calculate_ma:133 | 计算 30 日移动平均线完成
2026-03-23 23:45:50 | INFO     | src.indicators.technical_indicators:calculate_bias:500 | 计算 30 日乖离率完成
2026-03-23 23:45:50 | INFO     | src.indicators.technical_indicators:calculate_ma:133 | 计算 60 日移动平均线完成
2026-03-23 23:45:50 | INFO     | src.indicators.technical_indicators:calculate_bias:500 | 计算 60 日乖离率完成
2026-03-23 23:45:50 | INFO     | src.indicators.technical_indicators:calculate_ma:133 | 计算 120 日移动平均线完成
2026-03-23 23:45:50 | INFO     | src.indicators.technical_indicators:calculate_bias:500 | 计算 120 日乖离率完成
2026-03-23 23:45:50 | INFO     | src.indicators.technical_indicators:calculate_ma:133 | 计算 250 日移动平均线完成
2026-03-23 23:45:50 | INFO     | src.indicators.technical_indicators:calculate_bias:500 | 计算 250 日乖离率完成
2026-03-23 23:45:50 | INFO     | src.indicators.technical_indicators:calculate_psy:523 | 计算 10 日心理线完成
2026-03-23 23:45:50 | WARNING  | src.indicators.technical_indicators:calculate_all:635 | 未知的指标类型: rsv_period
2026-03-23 23:45:50 | WARNING  | src.indicators.technical_indicators:calculate_all:635 | 未知的指标类型: volume_period
2026-03-23 23:45:50 | INFO     | src.indicators.technical_indicators:calculate_all:640 | 完成计算 45 个技术指标
2026-03-23 23:45:50 | INFO     | src.core.data_fetcher:save_data:432 | 保存数据到 csv 文件: 300476_with_indicators
2026-03-23 23:45:50 | INFO     | src.core.data_fetcher:save_data:452 | 数据保存成功: ./data\300476_with_indicators.csv
2026-03-23 23:45:50 | INFO     | src.workflow.base:calculate_signals:195 | 对股票 300476 进行信号判断
2026-03-23 23:45:50 | INFO     | src.core.data_fetcher:save_data:432 | 保存数据到 csv 文件: 300476_signals
2026-03-23 23:45:50 | INFO     | src.core.data_fetcher:save_data:452 | 数据保存成功: ./data\300476_signals.csv
2026-03-23 23:45:50 | INFO     | src.workflow.technical:process_fund:83 |   股票 300476 信号判断完成: 持有 (得分: 0.000)
2026-03-23 23:45:50 | INFO     | src.workflow.base:calculate_technical_indicators:160 | 计算股票 300502 的技术指标
2026-03-23 23:45:50 | INFO     | src.indicators.technical_indicators:calculate_ma:133 | 计算 5 日移动平均线完成
2026-03-23 23:45:50 | INFO     | src.indicators.technical_indicators:calculate_ma:133 | 计算 10 日移动平均线完成
2026-03-23 23:45:50 | INFO     | src.indicators.technical_indicators:calculate_ma:133 | 计算 20 日移动平均线完成
2026-03-23 23:45:50 | INFO     | src.indicators.technical_indicators:calculate_ma:133 | 计算 30 日移动平均线完成
2026-03-23 23:45:50 | INFO     | src.indicators.technical_indicators:calculate_ma:133 | 计算 60 日移动平均线完成
2026-03-23 23:45:50 | INFO     | src.indicators.technical_indicators:calculate_ma:133 | 计算 120 日移动平均线完成
2026-03-23 23:45:50 | INFO     | src.indicators.technical_indicators:calculate_ma:133 | 计算 250 日移动平均线完成
2026-03-23 23:45:50 | INFO     | src.indicators.technical_indicators:calculate_sma:157 | 计算 5 日简单移动平均线完成
2026-03-23 23:45:50 | INFO     | src.indicators.technical_indicators:calculate_sma:157 | 计算 10 日简单移动平均线完成
2026-03-23 23:45:50 | INFO     | src.indicators.technical_indicators:calculate_sma:157 | 计算 20 日简单移动平均线完成
2026-03-23 23:45:50 | INFO     | src.indicators.technical_indicators:calculate_sma:157 | 计算 30 日简单移动平均线完成
2026-03-23 23:45:50 | INFO     | src.indicators.technical_indicators:calculate_sma:157 | 计算 60 日简单移动平均线完成
2026-03-23 23:45:50 | INFO     | src.indicators.technical_indicators:calculate_sma:157 | 计算 120 日简单移动平均线完成
2026-03-23 23:45:50 | INFO     | src.indicators.technical_indicators:calculate_sma:157 | 计算 250 日简单移动平均线完成
2026-03-23 23:45:50 | INFO     | src.indicators.technical_indicators:calculate_ema:182 | 计算 12 日指数移动平均线完成
2026-03-23 23:45:50 | INFO     | src.indicators.technical_indicators:calculate_ema:182 | 计算 26 日指数移动平均线完成
2026-03-23 23:45:50 | INFO     | src.indicators.technical_indicators:calculate_rsi:221 | 计算 6 日RSI完成
2026-03-23 23:45:50 | INFO     | src.indicators.technical_indicators:calculate_rsi:221 | 计算 12 日RSI完成
2026-03-23 23:45:50 | INFO     | src.indicators.technical_indicators:calculate_rsi:221 | 计算 24 日RSI完成
2026-03-23 23:45:50 | INFO     | src.indicators.technical_indicators:calculate_macd:263 | 计算MACD完成：快线=12, 慢线=26, 信号线=9
2026-03-23 23:45:50 | INFO     | src.indicators.technical_indicators:calculate_macd:263 | 计算MACD完成：快线=12, 慢线=26, 信号线=12
2026-03-23 23:45:50 | INFO     | src.indicators.technical_indicators:calculate_boll:303 | 计算布林带完成：周期=20, 标准差倍数=2
2026-03-23 23:45:50 | INFO     | src.indicators.technical_indicators:calculate_kdj:350 | 计算KDJ完成：K周期=9, D周期=3, J周期=3
2026-03-23 23:45:50 | INFO     | src.indicators.technical_indicators:calculate_kdj:350 | 计算KDJ完成：K周期=10, D周期=3, J周期=3
2026-03-23 23:45:50 | INFO     | src.indicators.technical_indicators:calculate_atr:385 | 计算 10 日ATR完成
2026-03-23 23:45:50 | INFO     | src.indicators.technical_indicators:calculate_cci:446 | 计算 20 日CCI完成
2026-03-23 23:45:50 | INFO     | src.indicators.technical_indicators:calculate_williams_r:476 | 计算 10 日威廉指标完成
2026-03-23 23:45:50 | INFO     | src.indicators.technical_indicators:calculate_ma:133 | 计算 5 日移动平均线完成
2026-03-23 23:45:50 | INFO     | src.indicators.technical_indicators:calculate_bias:500 | 计算 5 日乖离率完成
2026-03-23 23:45:50 | INFO     | src.indicators.technical_indicators:calculate_ma:133 | 计算 10 日移动平均线完成
2026-03-23 23:45:50 | INFO     | src.indicators.technical_indicators:calculate_bias:500 | 计算 10 日乖离率完成
2026-03-23 23:45:50 | INFO     | src.indicators.technical_indicators:calculate_ma:133 | 计算 20 日移动平均线完成
2026-03-23 23:45:50 | INFO     | src.indicators.technical_indicators:calculate_bias:500 | 计算 20 日乖离率完成
2026-03-23 23:45:50 | INFO     | src.indicators.technical_indicators:calculate_ma:133 | 计算 30 日移动平均线完成
2026-03-23 23:45:50 | INFO     | src.indicators.technical_indicators:calculate_bias:500 | 计算 30 日乖离率完成
2026-03-23 23:45:50 | INFO     | src.indicators.technical_indicators:calculate_ma:133 | 计算 60 日移动平均线完成
2026-03-23 23:45:50 | INFO     | src.indicators.technical_indicators:calculate_bias:500 | 计算 60 日乖离率完成
2026-03-23 23:45:50 | INFO     | src.indicators.technical_indicators:calculate_ma:133 | 计算 120 日移动平均线完成
2026-03-23 23:45:50 | INFO     | src.indicators.technical_indicators:calculate_bias:500 | 计算 120 日乖离率完成
2026-03-23 23:45:50 | INFO     | src.indicators.technical_indicators:calculate_ma:133 | 计算 250 日移动平均线完成
2026-03-23 23:45:50 | INFO     | src.indicators.technical_indicators:calculate_bias:500 | 计算 250 日乖离率完成
2026-03-23 23:45:50 | INFO     | src.indicators.technical_indicators:calculate_psy:523 | 计算 10 日心理线完成
2026-03-23 23:45:50 | WARNING  | src.indicators.technical_indicators:calculate_all:635 | 未知的指标类型: rsv_period
2026-03-23 23:45:50 | WARNING  | src.indicators.technical_indicators:calculate_all:635 | 未知的指标类型: volume_period
2026-03-23 23:45:50 | INFO     | src.indicators.technical_indicators:calculate_all:640 | 完成计算 45 个技术指标
2026-03-23 23:45:50 | INFO     | src.core.data_fetcher:save_data:432 | 保存数据到 csv 文件: 300502_with_indicators
2026-03-23 23:45:50 | INFO     | src.core.data_fetcher:save_data:452 | 数据保存成功: ./data\300502_with_indicators.csv
2026-03-23 23:45:50 | INFO     | src.workflow.base:calculate_signals:195 | 对股票 300502 进行信号判断
2026-03-23 23:45:50 | INFO     | src.core.data_fetcher:save_data:432 | 保存数据到 csv 文件: 300502_signals
2026-03-23 23:45:50 | INFO     | src.core.data_fetcher:save_data:452 | 数据保存成功: ./data\300502_signals.csv
2026-03-23 23:45:50 | INFO     | src.workflow.technical:process_fund:83 |   股票 300502 信号判断完成: 持有 (得分: -0.133)
2026-03-23 23:45:50 | INFO     | src.workflow.base:calculate_technical_indicators:160 | 计算股票 002837 的技术指标
2026-03-23 23:45:50 | INFO     | src.indicators.technical_indicators:calculate_ma:133 | 计算 5 日移动平均线完成
2026-03-23 23:45:50 | INFO     | src.indicators.technical_indicators:calculate_ma:133 | 计算 10 日移动平均线完成
2026-03-23 23:45:50 | INFO     | src.indicators.technical_indicators:calculate_ma:133 | 计算 20 日移动平均线完成
2026-03-23 23:45:50 | INFO     | src.indicators.technical_indicators:calculate_ma:133 | 计算 30 日移动平均线完成
2026-03-23 23:45:50 | INFO     | src.indicators.technical_indicators:calculate_ma:133 | 计算 60 日移动平均线完成
2026-03-23 23:45:50 | INFO     | src.indicators.technical_indicators:calculate_ma:133 | 计算 120 日移动平均线完成
2026-03-23 23:45:50 | INFO     | src.indicators.technical_indicators:calculate_ma:133 | 计算 250 日移动平均线完成
2026-03-23 23:45:50 | INFO     | src.indicators.technical_indicators:calculate_sma:157 | 计算 5 日简单移动平均线完成
2026-03-23 23:45:50 | INFO     | src.indicators.technical_indicators:calculate_sma:157 | 计算 10 日简单移动平均线完成
2026-03-23 23:45:50 | INFO     | src.indicators.technical_indicators:calculate_sma:157 | 计算 20 日简单移动平均线完成
2026-03-23 23:45:50 | INFO     | src.indicators.technical_indicators:calculate_sma:157 | 计算 30 日简单移动平均线完成
2026-03-23 23:45:50 | INFO     | src.indicators.technical_indicators:calculate_sma:157 | 计算 60 日简单移动平均线完成
2026-03-23 23:45:50 | INFO     | src.indicators.technical_indicators:calculate_sma:157 | 计算 120 日简单移动平均线完成
2026-03-23 23:45:50 | INFO     | src.indicators.technical_indicators:calculate_sma:157 | 计算 250 日简单移动平均线完成
2026-03-23 23:45:50 | INFO     | src.indicators.technical_indicators:calculate_ema:182 | 计算 12 日指数移动平均线完成
2026-03-23 23:45:50 | INFO     | src.indicators.technical_indicators:calculate_ema:182 | 计算 26 日指数移动平均线完成
2026-03-23 23:45:50 | INFO     | src.indicators.technical_indicators:calculate_rsi:221 | 计算 6 日RSI完成
2026-03-23 23:45:50 | INFO     | src.indicators.technical_indicators:calculate_rsi:221 | 计算 12 日RSI完成
2026-03-23 23:45:50 | INFO     | src.indicators.technical_indicators:calculate_rsi:221 | 计算 24 日RSI完成
2026-03-23 23:45:50 | INFO     | src.indicators.technical_indicators:calculate_macd:263 | 计算MACD完成：快线=12, 慢线=26, 信号线=9
2026-03-23 23:45:50 | INFO     | src.indicators.technical_indicators:calculate_macd:263 | 计算MACD完成：快线=12, 慢线=26, 信号线=12
2026-03-23 23:45:50 | INFO     | src.indicators.technical_indicators:calculate_boll:303 | 计算布林带完成：周期=20, 标准差倍数=2
2026-03-23 23:45:50 | INFO     | src.indicators.technical_indicators:calculate_kdj:350 | 计算KDJ完成：K周期=9, D周期=3, J周期=3
2026-03-23 23:45:50 | INFO     | src.indicators.technical_indicators:calculate_kdj:350 | 计算KDJ完成：K周期=10, D周期=3, J周期=3
2026-03-23 23:45:50 | INFO     | src.indicators.technical_indicators:calculate_atr:385 | 计算 10 日ATR完成
2026-03-23 23:45:50 | INFO     | src.indicators.technical_indicators:calculate_cci:446 | 计算 20 日CCI完成
2026-03-23 23:45:51 | INFO     | src.indicators.technical_indicators:calculate_williams_r:476 | 计算 10 日威廉指标完成
2026-03-23 23:45:51 | INFO     | src.indicators.technical_indicators:calculate_ma:133 | 计算 5 日移动平均线完成
2026-03-23 23:45:51 | INFO     | src.indicators.technical_indicators:calculate_bias:500 | 计算 5 日乖离率完成
2026-03-23 23:45:51 | INFO     | src.indicators.technical_indicators:calculate_ma:133 | 计算 10 日移动平均线完成
2026-03-23 23:45:51 | INFO     | src.indicators.technical_indicators:calculate_bias:500 | 计算 10 日乖离率完成
2026-03-23 23:45:51 | INFO     | src.indicators.technical_indicators:calculate_ma:133 | 计算 20 日移动平均线完成
2026-03-23 23:45:51 | INFO     | src.indicators.technical_indicators:calculate_bias:500 | 计算 20 日乖离率完成
2026-03-23 23:45:51 | INFO     | src.indicators.technical_indicators:calculate_ma:133 | 计算 30 日移动平均线完成
2026-03-23 23:45:51 | INFO     | src.indicators.technical_indicators:calculate_bias:500 | 计算 30 日乖离率完成
2026-03-23 23:45:51 | INFO     | src.indicators.technical_indicators:calculate_ma:133 | 计算 60 日移动平均线完成
2026-03-23 23:45:51 | INFO     | src.indicators.technical_indicators:calculate_bias:500 | 计算 60 日乖离率完成
2026-03-23 23:45:51 | INFO     | src.indicators.technical_indicators:calculate_ma:133 | 计算 120 日移动平均线完成
2026-03-23 23:45:51 | INFO     | src.indicators.technical_indicators:calculate_bias:500 | 计算 120 日乖离率完成
2026-03-23 23:45:51 | INFO     | src.indicators.technical_indicators:calculate_ma:133 | 计算 250 日移动平均线完成
2026-03-23 23:45:51 | INFO     | src.indicators.technical_indicators:calculate_bias:500 | 计算 250 日乖离率完成
2026-03-23 23:45:51 | INFO     | src.indicators.technical_indicators:calculate_psy:523 | 计算 10 日心理线完成
2026-03-23 23:45:51 | WARNING  | src.indicators.technical_indicators:calculate_all:635 | 未知的指标类型: rsv_period
2026-03-23 23:45:51 | WARNING  | src.indicators.technical_indicators:calculate_all:635 | 未知的指标类型: volume_period
2026-03-23 23:45:51 | INFO     | src.indicators.technical_indicators:calculate_all:640 | 完成计算 45 个技术指标
2026-03-23 23:45:51 | INFO     | src.core.data_fetcher:save_data:432 | 保存数据到 csv 文件: 002837_with_indicators
2026-03-23 23:45:51 | INFO     | src.core.data_fetcher:save_data:452 | 数据保存成功: ./data\002837_with_indicators.csv
2026-03-23 23:45:51 | INFO     | src.workflow.base:calculate_signals:195 | 对股票 002837 进行信号判断
2026-03-23 23:45:51 | INFO     | src.core.data_fetcher:save_data:432 | 保存数据到 csv 文件: 002837_signals
2026-03-23 23:45:51 | INFO     | src.core.data_fetcher:save_data:452 | 数据保存成功: ./data\002837_signals.csv
2026-03-23 23:45:51 | INFO     | src.workflow.technical:process_fund:83 |   股票 002837 信号判断完成: 卖出 (得分: -0.438)
2026-03-23 23:45:51 | INFO     | src.workflow.base:calculate_technical_indicators:160 | 计算股票 600183 的技术指标
2026-03-23 23:45:51 | INFO     | src.indicators.technical_indicators:calculate_ma:133 | 计算 5 日移动平均线完成
2026-03-23 23:45:51 | INFO     | src.indicators.technical_indicators:calculate_ma:133 | 计算 10 日移动平均线完成
2026-03-23 23:45:51 | INFO     | src.indicators.technical_indicators:calculate_ma:133 | 计算 20 日移动平均线完成
2026-03-23 23:45:51 | INFO     | src.indicators.technical_indicators:calculate_ma:133 | 计算 30 日移动平均线完成
2026-03-23 23:45:51 | INFO     | src.indicators.technical_indicators:calculate_ma:133 | 计算 60 日移动平均线完成
2026-03-23 23:45:51 | INFO     | src.indicators.technical_indicators:calculate_ma:133 | 计算 120 日移动平均线完成
2026-03-23 23:45:51 | INFO     | src.indicators.technical_indicators:calculate_ma:133 | 计算 250 日移动平均线完成
2026-03-23 23:45:51 | INFO     | src.indicators.technical_indicators:calculate_sma:157 | 计算 5 日简单移动平均线完成
2026-03-23 23:45:51 | INFO     | src.indicators.technical_indicators:calculate_sma:157 | 计算 10 日简单移动平均线完成
2026-03-23 23:45:51 | INFO     | src.indicators.technical_indicators:calculate_sma:157 | 计算 20 日简单移动平均线完成
2026-03-23 23:45:51 | INFO     | src.indicators.technical_indicators:calculate_sma:157 | 计算 30 日简单移动平均线完成
2026-03-23 23:45:51 | INFO     | src.indicators.technical_indicators:calculate_sma:157 | 计算 60 日简单移动平均线完成
2026-03-23 23:45:51 | INFO     | src.indicators.technical_indicators:calculate_sma:157 | 计算 120 日简单移动平均线完成
2026-03-23 23:45:51 | INFO     | src.indicators.technical_indicators:calculate_sma:157 | 计算 250 日简单移动平均线完成
2026-03-23 23:45:51 | INFO     | src.indicators.technical_indicators:calculate_ema:182 | 计算 12 日指数移动平均线完成
2026-03-23 23:45:51 | INFO     | src.indicators.technical_indicators:calculate_ema:182 | 计算 26 日指数移动平均线完成
2026-03-23 23:45:51 | INFO     | src.indicators.technical_indicators:calculate_rsi:221 | 计算 6 日RSI完成
2026-03-23 23:45:51 | INFO     | src.indicators.technical_indicators:calculate_rsi:221 | 计算 12 日RSI完成
2026-03-23 23:45:51 | INFO     | src.indicators.technical_indicators:calculate_rsi:221 | 计算 24 日RSI完成
2026-03-23 23:45:51 | INFO     | src.indicators.technical_indicators:calculate_macd:263 | 计算MACD完成：快线=12, 慢线=26, 信号线=9
2026-03-23 23:45:51 | INFO     | src.indicators.technical_indicators:calculate_macd:263 | 计算MACD完成：快线=12, 慢线=26, 信号线=12
2026-03-23 23:45:51 | INFO     | src.indicators.technical_indicators:calculate_boll:303 | 计算布林带完成：周期=20, 标准差倍数=2
2026-03-23 23:45:51 | INFO     | src.indicators.technical_indicators:calculate_kdj:350 | 计算KDJ完成：K周期=9, D周期=3, J周期=3
2026-03-23 23:45:51 | INFO     | src.indicators.technical_indicators:calculate_kdj:350 | 计算KDJ完成：K周期=10, D周期=3, J周期=3
2026-03-23 23:45:51 | INFO     | src.indicators.technical_indicators:calculate_atr:385 | 计算 10 日ATR完成
2026-03-23 23:45:51 | INFO     | src.indicators.technical_indicators:calculate_cci:446 | 计算 20 日CCI完成
2026-03-23 23:45:51 | INFO     | src.indicators.technical_indicators:calculate_williams_r:476 | 计算 10 日威廉指标完成
2026-03-23 23:45:51 | INFO     | src.indicators.technical_indicators:calculate_ma:133 | 计算 5 日移动平均线完成
2026-03-23 23:45:51 | INFO     | src.indicators.technical_indicators:calculate_bias:500 | 计算 5 日乖离率完成
2026-03-23 23:45:51 | INFO     | src.indicators.technical_indicators:calculate_ma:133 | 计算 10 日移动平均线完成
2026-03-23 23:45:51 | INFO     | src.indicators.technical_indicators:calculate_bias:500 | 计算 10 日乖离率完成
2026-03-23 23:45:51 | INFO     | src.indicators.technical_indicators:calculate_ma:133 | 计算 20 日移动平均线完成
2026-03-23 23:45:51 | INFO     | src.indicators.technical_indicators:calculate_bias:500 | 计算 20 日乖离率完成
2026-03-23 23:45:51 | INFO     | src.indicators.technical_indicators:calculate_ma:133 | 计算 30 日移动平均线完成
2026-03-23 23:45:51 | INFO     | src.indicators.technical_indicators:calculate_bias:500 | 计算 30 日乖离率完成
2026-03-23 23:45:51 | INFO     | src.indicators.technical_indicators:calculate_ma:133 | 计算 60 日移动平均线完成
2026-03-23 23:45:51 | INFO     | src.indicators.technical_indicators:calculate_bias:500 | 计算 60 日乖离率完成
2026-03-23 23:45:51 | INFO     | src.indicators.technical_indicators:calculate_ma:133 | 计算 120 日移动平均线完成
2026-03-23 23:45:51 | INFO     | src.indicators.technical_indicators:calculate_bias:500 | 计算 120 日乖离率完成
2026-03-23 23:45:51 | INFO     | src.indicators.technical_indicators:calculate_ma:133 | 计算 250 日移动平均线完成
2026-03-23 23:45:51 | INFO     | src.indicators.technical_indicators:calculate_bias:500 | 计算 250 日乖离率完成
2026-03-23 23:45:51 | INFO     | src.indicators.technical_indicators:calculate_psy:523 | 计算 10 日心理线完成
2026-03-23 23:45:51 | WARNING  | src.indicators.technical_indicators:calculate_all:635 | 未知的指标类型: rsv_period
2026-03-23 23:45:51 | WARNING  | src.indicators.technical_indicators:calculate_all:635 | 未知的指标类型: volume_period
2026-03-23 23:45:51 | INFO     | src.indicators.technical_indicators:calculate_all:640 | 完成计算 45 个技术指标
2026-03-23 23:45:51 | INFO     | src.core.data_fetcher:save_data:432 | 保存数据到 csv 文件: 600183_with_indicators
2026-03-23 23:45:51 | INFO     | src.core.data_fetcher:save_data:452 | 数据保存成功: ./data\600183_with_indicators.csv
2026-03-23 23:45:51 | INFO     | src.workflow.base:calculate_signals:195 | 对股票 600183 进行信号判断
2026-03-23 23:45:51 | INFO     | src.core.data_fetcher:save_data:432 | 保存数据到 csv 文件: 600183_signals
2026-03-23 23:45:51 | INFO     | src.core.data_fetcher:save_data:452 | 数据保存成功: ./data\600183_signals.csv
2026-03-23 23:45:51 | INFO     | src.workflow.technical:process_fund:83 |   股票 600183 信号判断完成: 持有 (得分: 0.115)
2026-03-23 23:45:51 | INFO     | src.workflow.base:calculate_technical_indicators:160 | 计算股票 601138 的技术指标
2026-03-23 23:45:51 | INFO     | src.indicators.technical_indicators:calculate_ma:133 | 计算 5 日移动平均线完成
2026-03-23 23:45:51 | INFO     | src.indicators.technical_indicators:calculate_ma:133 | 计算 10 日移动平均线完成
2026-03-23 23:45:51 | INFO     | src.indicators.technical_indicators:calculate_ma:133 | 计算 20 日移动平均线完成
2026-03-23 23:45:51 | INFO     | src.indicators.technical_indicators:calculate_ma:133 | 计算 30 日移动平均线完成
2026-03-23 23:45:51 | INFO     | src.indicators.technical_indicators:calculate_ma:133 | 计算 60 日移动平均线完成
2026-03-23 23:45:51 | INFO     | src.indicators.technical_indicators:calculate_ma:133 | 计算 120 日移动平均线完成
2026-03-23 23:45:51 | INFO     | src.indicators.technical_indicators:calculate_ma:133 | 计算 250 日移动平均线完成
2026-03-23 23:45:51 | INFO     | src.indicators.technical_indicators:calculate_sma:157 | 计算 5 日简单移动平均线完成
2026-03-23 23:45:51 | INFO     | src.indicators.technical_indicators:calculate_sma:157 | 计算 10 日简单移动平均线完成
2026-03-23 23:45:51 | INFO     | src.indicators.technical_indicators:calculate_sma:157 | 计算 20 日简单移动平均线完成
2026-03-23 23:45:51 | INFO     | src.indicators.technical_indicators:calculate_sma:157 | 计算 30 日简单移动平均线完成
2026-03-23 23:45:51 | INFO     | src.indicators.technical_indicators:calculate_sma:157 | 计算 60 日简单移动平均线完成
2026-03-23 23:45:51 | INFO     | src.indicators.technical_indicators:calculate_sma:157 | 计算 120 日简单移动平均线完成
2026-03-23 23:45:51 | INFO     | src.indicators.technical_indicators:calculate_sma:157 | 计算 250 日简单移动平均线完成
2026-03-23 23:45:51 | INFO     | src.indicators.technical_indicators:calculate_ema:182 | 计算 12 日指数移动平均线完成
2026-03-23 23:45:51 | INFO     | src.indicators.technical_indicators:calculate_ema:182 | 计算 26 日指数移动平均线完成
2026-03-23 23:45:51 | INFO     | src.indicators.technical_indicators:calculate_rsi:221 | 计算 6 日RSI完成
2026-03-23 23:45:51 | INFO     | src.indicators.technical_indicators:calculate_rsi:221 | 计算 12 日RSI完成
2026-03-23 23:45:51 | INFO     | src.indicators.technical_indicators:calculate_rsi:221 | 计算 24 日RSI完成
2026-03-23 23:45:51 | INFO     | src.indicators.technical_indicators:calculate_macd:263 | 计算MACD完成：快线=12, 慢线=26, 信号线=9
2026-03-23 23:45:51 | INFO     | src.indicators.technical_indicators:calculate_macd:263 | 计算MACD完成：快线=12, 慢线=26, 信号线=12
2026-03-23 23:45:51 | INFO     | src.indicators.technical_indicators:calculate_boll:303 | 计算布林带完成：周期=20, 标准差倍数=2
2026-03-23 23:45:51 | INFO     | src.indicators.technical_indicators:calculate_kdj:350 | 计算KDJ完成：K周期=9, D周期=3, J周期=3
2026-03-23 23:45:51 | INFO     | src.indicators.technical_indicators:calculate_kdj:350 | 计算KDJ完成：K周期=10, D周期=3, J周期=3
2026-03-23 23:45:51 | INFO     | src.indicators.technical_indicators:calculate_atr:385 | 计算 10 日ATR完成
2026-03-23 23:45:51 | INFO     | src.indicators.technical_indicators:calculate_cci:446 | 计算 20 日CCI完成
2026-03-23 23:45:51 | INFO     | src.indicators.technical_indicators:calculate_williams_r:476 | 计算 10 日威廉指标完成
2026-03-23 23:45:51 | INFO     | src.indicators.technical_indicators:calculate_ma:133 | 计算 5 日移动平均线完成
2026-03-23 23:45:51 | INFO     | src.indicators.technical_indicators:calculate_bias:500 | 计算 5 日乖离率完成
2026-03-23 23:45:51 | INFO     | src.indicators.technical_indicators:calculate_ma:133 | 计算 10 日移动平均线完成
2026-03-23 23:45:51 | INFO     | src.indicators.technical_indicators:calculate_bias:500 | 计算 10 日乖离率完成
2026-03-23 23:45:51 | INFO     | src.indicators.technical_indicators:calculate_ma:133 | 计算 20 日移动平均线完成
2026-03-23 23:45:51 | INFO     | src.indicators.technical_indicators:calculate_bias:500 | 计算 20 日乖离率完成
2026-03-23 23:45:51 | INFO     | src.indicators.technical_indicators:calculate_ma:133 | 计算 30 日移动平均线完成
2026-03-23 23:45:51 | INFO     | src.indicators.technical_indicators:calculate_bias:500 | 计算 30 日乖离率完成
2026-03-23 23:45:51 | INFO     | src.indicators.technical_indicators:calculate_ma:133 | 计算 60 日移动平均线完成
2026-03-23 23:45:51 | INFO     | src.indicators.technical_indicators:calculate_bias:500 | 计算 60 日乖离率完成
2026-03-23 23:45:51 | INFO     | src.indicators.technical_indicators:calculate_ma:133 | 计算 120 日移动平均线完成
2026-03-23 23:45:51 | INFO     | src.indicators.technical_indicators:calculate_bias:500 | 计算 120 日乖离率完成
2026-03-23 23:45:51 | INFO     | src.indicators.technical_indicators:calculate_ma:133 | 计算 250 日移动平均线完成
2026-03-23 23:45:51 | INFO     | src.indicators.technical_indicators:calculate_bias:500 | 计算 250 日乖离率完成
2026-03-23 23:45:51 | INFO     | src.indicators.technical_indicators:calculate_psy:523 | 计算 10 日心理线完成
2026-03-23 23:45:51 | WARNING  | src.indicators.technical_indicators:calculate_all:635 | 未知的指标类型: rsv_period
2026-03-23 23:45:51 | WARNING  | src.indicators.technical_indicators:calculate_all:635 | 未知的指标类型: volume_period
2026-03-23 23:45:51 | INFO     | src.indicators.technical_indicators:calculate_all:640 | 完成计算 45 个技术指标
2026-03-23 23:45:51 | INFO     | src.core.data_fetcher:save_data:432 | 保存数据到 csv 文件: 601138_with_indicators
2026-03-23 23:45:51 | INFO     | src.core.data_fetcher:save_data:452 | 数据保存成功: ./data\601138_with_indicators.csv
2026-03-23 23:45:51 | INFO     | src.workflow.base:calculate_signals:195 | 对股票 601138 进行信号判断
2026-03-23 23:45:51 | INFO     | src.core.data_fetcher:save_data:432 | 保存数据到 csv 文件: 601138_signals
2026-03-23 23:45:51 | INFO     | src.core.data_fetcher:save_data:452 | 数据保存成功: ./data\601138_signals.csv
2026-03-23 23:45:51 | INFO     | src.workflow.technical:process_fund:83 |   股票 601138 信号判断完成: 持有 (得分: 0.187)
2026-03-23 23:45:51 | INFO     | src.workflow.base:calculate_technical_indicators:160 | 计算股票 603083 的技术指标
2026-03-23 23:45:51 | INFO     | src.indicators.technical_indicators:calculate_ma:133 | 计算 5 日移动平均线完成
2026-03-23 23:45:51 | INFO     | src.indicators.technical_indicators:calculate_ma:133 | 计算 10 日移动平均线完成
2026-03-23 23:45:51 | INFO     | src.indicators.technical_indicators:calculate_ma:133 | 计算 20 日移动平均线完成
2026-03-23 23:45:51 | INFO     | src.indicators.technical_indicators:calculate_ma:133 | 计算 30 日移动平均线完成
2026-03-23 23:45:51 | INFO     | src.indicators.technical_indicators:calculate_ma:133 | 计算 60 日移动平均线完成
2026-03-23 23:45:51 | INFO     | src.indicators.technical_indicators:calculate_ma:133 | 计算 120 日移动平均线完成
2026-03-23 23:45:51 | INFO     | src.indicators.technical_indicators:calculate_ma:133 | 计算 250 日移动平均线完成
2026-03-23 23:45:51 | INFO     | src.indicators.technical_indicators:calculate_sma:157 | 计算 5 日简单移动平均线完成
2026-03-23 23:45:51 | INFO     | src.indicators.technical_indicators:calculate_sma:157 | 计算 10 日简单移动平均线完成
2026-03-23 23:45:51 | INFO     | src.indicators.technical_indicators:calculate_sma:157 | 计算 20 日简单移动平均线完成
2026-03-23 23:45:51 | INFO     | src.indicators.technical_indicators:calculate_sma:157 | 计算 30 日简单移动平均线完成
2026-03-23 23:45:51 | INFO     | src.indicators.technical_indicators:calculate_sma:157 | 计算 60 日简单移动平均线完成
2026-03-23 23:45:51 | INFO     | src.indicators.technical_indicators:calculate_sma:157 | 计算 120 日简单移动平均线完成
2026-03-23 23:45:51 | INFO     | src.indicators.technical_indicators:calculate_sma:157 | 计算 250 日简单移动平均线完成
2026-03-23 23:45:51 | INFO     | src.indicators.technical_indicators:calculate_ema:182 | 计算 12 日指数移动平均线完成
2026-03-23 23:45:51 | INFO     | src.indicators.technical_indicators:calculate_ema:182 | 计算 26 日指数移动平均线完成
2026-03-23 23:45:51 | INFO     | src.indicators.technical_indicators:calculate_rsi:221 | 计算 6 日RSI完成
2026-03-23 23:45:51 | INFO     | src.indicators.technical_indicators:calculate_rsi:221 | 计算 12 日RSI完成
2026-03-23 23:45:51 | INFO     | src.indicators.technical_indicators:calculate_rsi:221 | 计算 24 日RSI完成
2026-03-23 23:45:51 | INFO     | src.indicators.technical_indicators:calculate_macd:263 | 计算MACD完成：快线=12, 慢线=26, 信号线=9
2026-03-23 23:45:51 | INFO     | src.indicators.technical_indicators:calculate_macd:263 | 计算MACD完成：快线=12, 慢线=26, 信号线=12
2026-03-23 23:45:51 | INFO     | src.indicators.technical_indicators:calculate_boll:303 | 计算布林带完成：周期=20, 标准差倍数=2
2026-03-23 23:45:51 | INFO     | src.indicators.technical_indicators:calculate_kdj:350 | 计算KDJ完成：K周期=9, D周期=3, J周期=3
2026-03-23 23:45:51 | INFO     | src.indicators.technical_indicators:calculate_kdj:350 | 计算KDJ完成：K周期=10, D周期=3, J周期=3
2026-03-23 23:45:51 | INFO     | src.indicators.technical_indicators:calculate_atr:385 | 计算 10 日ATR完成
2026-03-23 23:45:51 | INFO     | src.indicators.technical_indicators:calculate_cci:446 | 计算 20 日CCI完成
2026-03-23 23:45:51 | INFO     | src.indicators.technical_indicators:calculate_williams_r:476 | 计算 10 日威廉指标完成
2026-03-23 23:45:51 | INFO     | src.indicators.technical_indicators:calculate_ma:133 | 计算 5 日移动平均线完成
2026-03-23 23:45:51 | INFO     | src.indicators.technical_indicators:calculate_bias:500 | 计算 5 日乖离率完成
2026-03-23 23:45:51 | INFO     | src.indicators.technical_indicators:calculate_ma:133 | 计算 10 日移动平均线完成
2026-03-23 23:45:51 | INFO     | src.indicators.technical_indicators:calculate_bias:500 | 计算 10 日乖离率完成
2026-03-23 23:45:51 | INFO     | src.indicators.technical_indicators:calculate_ma:133 | 计算 20 日移动平均线完成
2026-03-23 23:45:51 | INFO     | src.indicators.technical_indicators:calculate_bias:500 | 计算 20 日乖离率完成
2026-03-23 23:45:51 | INFO     | src.indicators.technical_indicators:calculate_ma:133 | 计算 30 日移动平均线完成
2026-03-23 23:45:51 | INFO     | src.indicators.technical_indicators:calculate_bias:500 | 计算 30 日乖离率完成
2026-03-23 23:45:51 | INFO     | src.indicators.technical_indicators:calculate_ma:133 | 计算 60 日移动平均线完成
2026-03-23 23:45:51 | INFO     | src.indicators.technical_indicators:calculate_bias:500 | 计算 60 日乖离率完成
2026-03-23 23:45:51 | INFO     | src.indicators.technical_indicators:calculate_ma:133 | 计算 120 日移动平均线完成
2026-03-23 23:45:51 | INFO     | src.indicators.technical_indicators:calculate_bias:500 | 计算 120 日乖离率完成
2026-03-23 23:45:51 | INFO     | src.indicators.technical_indicators:calculate_ma:133 | 计算 250 日移动平均线完成
2026-03-23 23:45:51 | INFO     | src.indicators.technical_indicators:calculate_bias:500 | 计算 250 日乖离率完成
2026-03-23 23:45:51 | INFO     | src.indicators.technical_indicators:calculate_psy:523 | 计算 10 日心理线完成
2026-03-23 23:45:51 | WARNING  | src.indicators.technical_indicators:calculate_all:635 | 未知的指标类型: rsv_period
2026-03-23 23:45:51 | WARNING  | src.indicators.technical_indicators:calculate_all:635 | 未知的指标类型: volume_period
2026-03-23 23:45:51 | INFO     | src.indicators.technical_indicators:calculate_all:640 | 完成计算 45 个技术指标
2026-03-23 23:45:51 | INFO     | src.core.data_fetcher:save_data:432 | 保存数据到 csv 文件: 603083_with_indicators
2026-03-23 23:45:51 | INFO     | src.core.data_fetcher:save_data:452 | 数据保存成功: ./data\603083_with_indicators.csv
2026-03-23 23:45:51 | INFO     | src.workflow.base:calculate_signals:195 | 对股票 603083 进行信号判断
2026-03-23 23:45:51 | INFO     | src.core.data_fetcher:save_data:432 | 保存数据到 csv 文件: 603083_signals
2026-03-23 23:45:51 | INFO     | src.core.data_fetcher:save_data:452 | 数据保存成功: ./data\603083_signals.csv
2026-03-23 23:45:51 | INFO     | src.workflow.technical:process_fund:83 |   股票 603083 信号判断完成: 卖出 (得分: -0.228)
2026-03-23 23:45:51 | INFO     | src.workflow.base:calculate_technical_indicators:160 | 计算股票 688313 的技术指标
2026-03-23 23:45:51 | INFO     | src.indicators.technical_indicators:calculate_ma:133 | 计算 5 日移动平均线完成
2026-03-23 23:45:51 | INFO     | src.indicators.technical_indicators:calculate_ma:133 | 计算 10 日移动平均线完成
2026-03-23 23:45:51 | INFO     | src.indicators.technical_indicators:calculate_ma:133 | 计算 20 日移动平均线完成
2026-03-23 23:45:51 | INFO     | src.indicators.technical_indicators:calculate_ma:133 | 计算 30 日移动平均线完成
2026-03-23 23:45:51 | INFO     | src.indicators.technical_indicators:calculate_ma:133 | 计算 60 日移动平均线完成
2026-03-23 23:45:51 | INFO     | src.indicators.technical_indicators:calculate_ma:133 | 计算 120 日移动平均线完成
2026-03-23 23:45:51 | INFO     | src.indicators.technical_indicators:calculate_ma:133 | 计算 250 日移动平均线完成
2026-03-23 23:45:51 | INFO     | src.indicators.technical_indicators:calculate_sma:157 | 计算 5 日简单移动平均线完成
2026-03-23 23:45:51 | INFO     | src.indicators.technical_indicators:calculate_sma:157 | 计算 10 日简单移动平均线完成
2026-03-23 23:45:51 | INFO     | src.indicators.technical_indicators:calculate_sma:157 | 计算 20 日简单移动平均线完成
2026-03-23 23:45:51 | INFO     | src.indicators.technical_indicators:calculate_sma:157 | 计算 30 日简单移动平均线完成
2026-03-23 23:45:51 | INFO     | src.indicators.technical_indicators:calculate_sma:157 | 计算 60 日简单移动平均线完成
2026-03-23 23:45:51 | INFO     | src.indicators.technical_indicators:calculate_sma:157 | 计算 120 日简单移动平均线完成
2026-03-23 23:45:51 | INFO     | src.indicators.technical_indicators:calculate_sma:157 | 计算 250 日简单移动平均线完成
2026-03-23 23:45:51 | INFO     | src.indicators.technical_indicators:calculate_ema:182 | 计算 12 日指数移动平均线完成
2026-03-23 23:45:51 | INFO     | src.indicators.technical_indicators:calculate_ema:182 | 计算 26 日指数移动平均线完成
2026-03-23 23:45:51 | INFO     | src.indicators.technical_indicators:calculate_rsi:221 | 计算 6 日RSI完成
2026-03-23 23:45:51 | INFO     | src.indicators.technical_indicators:calculate_rsi:221 | 计算 12 日RSI完成
2026-03-23 23:45:51 | INFO     | src.indicators.technical_indicators:calculate_rsi:221 | 计算 24 日RSI完成
2026-03-23 23:45:51 | INFO     | src.indicators.technical_indicators:calculate_macd:263 | 计算MACD完成：快线=12, 慢线=26, 信号线=9
2026-03-23 23:45:51 | INFO     | src.indicators.technical_indicators:calculate_macd:263 | 计算MACD完成：快线=12, 慢线=26, 信号线=12
2026-03-23 23:45:51 | INFO     | src.indicators.technical_indicators:calculate_boll:303 | 计算布林带完成：周期=20, 标准差倍数=2
2026-03-23 23:45:51 | INFO     | src.indicators.technical_indicators:calculate_kdj:350 | 计算KDJ完成：K周期=9, D周期=3, J周期=3
2026-03-23 23:45:51 | INFO     | src.indicators.technical_indicators:calculate_kdj:350 | 计算KDJ完成：K周期=10, D周期=3, J周期=3
2026-03-23 23:45:51 | INFO     | src.indicators.technical_indicators:calculate_atr:385 | 计算 10 日ATR完成
2026-03-23 23:45:51 | INFO     | src.indicators.technical_indicators:calculate_cci:446 | 计算 20 日CCI完成
2026-03-23 23:45:51 | INFO     | src.indicators.technical_indicators:calculate_williams_r:476 | 计算 10 日威廉指标完成
2026-03-23 23:45:51 | INFO     | src.indicators.technical_indicators:calculate_ma:133 | 计算 5 日移动平均线完成
2026-03-23 23:45:51 | INFO     | src.indicators.technical_indicators:calculate_bias:500 | 计算 5 日乖离率完成
2026-03-23 23:45:51 | INFO     | src.indicators.technical_indicators:calculate_ma:133 | 计算 10 日移动平均线完成
2026-03-23 23:45:51 | INFO     | src.indicators.technical_indicators:calculate_bias:500 | 计算 10 日乖离率完成
2026-03-23 23:45:51 | INFO     | src.indicators.technical_indicators:calculate_ma:133 | 计算 20 日移动平均线完成
2026-03-23 23:45:51 | INFO     | src.indicators.technical_indicators:calculate_bias:500 | 计算 20 日乖离率完成
2026-03-23 23:45:51 | INFO     | src.indicators.technical_indicators:calculate_ma:133 | 计算 30 日移动平均线完成
2026-03-23 23:45:51 | INFO     | src.indicators.technical_indicators:calculate_bias:500 | 计算 30 日乖离率完成
2026-03-23 23:45:51 | INFO     | src.indicators.technical_indicators:calculate_ma:133 | 计算 60 日移动平均线完成
2026-03-23 23:45:51 | INFO     | src.indicators.technical_indicators:calculate_bias:500 | 计算 60 日乖离率完成
2026-03-23 23:45:51 | INFO     | src.indicators.technical_indicators:calculate_ma:133 | 计算 120 日移动平均线完成
2026-03-23 23:45:51 | INFO     | src.indicators.technical_indicators:calculate_bias:500 | 计算 120 日乖离率完成
2026-03-23 23:45:51 | INFO     | src.indicators.technical_indicators:calculate_ma:133 | 计算 250 日移动平均线完成
2026-03-23 23:45:51 | INFO     | src.indicators.technical_indicators:calculate_bias:500 | 计算 250 日乖离率完成
2026-03-23 23:45:51 | INFO     | src.indicators.technical_indicators:calculate_psy:523 | 计算 10 日心理线完成
2026-03-23 23:45:51 | WARNING  | src.indicators.technical_indicators:calculate_all:635 | 未知的指标类型: rsv_period
2026-03-23 23:45:51 | WARNING  | src.indicators.technical_indicators:calculate_all:635 | 未知的指标类型: volume_period
2026-03-23 23:45:51 | INFO     | src.indicators.technical_indicators:calculate_all:640 | 完成计算 45 个技术指标
2026-03-23 23:45:51 | INFO     | src.core.data_fetcher:save_data:432 | 保存数据到 csv 文件: 688313_with_indicators
2026-03-23 23:45:51 | INFO     | src.core.data_fetcher:save_data:452 | 数据保存成功: ./data\688313_with_indicators.csv
2026-03-23 23:45:51 | INFO     | src.workflow.base:calculate_signals:195 | 对股票 688313 进行信号判断
2026-03-23 23:45:51 | INFO     | src.core.data_fetcher:save_data:432 | 保存数据到 csv 文件: 688313_signals
2026-03-23 23:45:51 | INFO     | src.core.data_fetcher:save_data:452 | 数据保存成功: ./data\688313_signals.csv
2026-03-23 23:45:51 | INFO     | src.workflow.technical:process_fund:83 |   股票 688313 信号判断完成: 持有 (得分: -0.079)
2026-03-23 23:45:51 | INFO     | src.workflow.base:calculate_technical_indicators:160 | 计算股票 600105 的技术指标
2026-03-23 23:45:51 | INFO     | src.indicators.technical_indicators:calculate_ma:133 | 计算 5 日移动平均线完成
2026-03-23 23:45:51 | INFO     | src.indicators.technical_indicators:calculate_ma:133 | 计算 10 日移动平均线完成
2026-03-23 23:45:51 | INFO     | src.indicators.technical_indicators:calculate_ma:133 | 计算 20 日移动平均线完成
2026-03-23 23:45:51 | INFO     | src.indicators.technical_indicators:calculate_ma:133 | 计算 30 日移动平均线完成
2026-03-23 23:45:51 | INFO     | src.indicators.technical_indicators:calculate_ma:133 | 计算 60 日移动平均线完成
2026-03-23 23:45:51 | INFO     | src.indicators.technical_indicators:calculate_ma:133 | 计算 120 日移动平均线完成
2026-03-23 23:45:51 | INFO     | src.indicators.technical_indicators:calculate_ma:133 | 计算 250 日移动平均线完成
2026-03-23 23:45:51 | INFO     | src.indicators.technical_indicators:calculate_sma:157 | 计算 5 日简单移动平均线完成
2026-03-23 23:45:51 | INFO     | src.indicators.technical_indicators:calculate_sma:157 | 计算 10 日简单移动平均线完成
2026-03-23 23:45:51 | INFO     | src.indicators.technical_indicators:calculate_sma:157 | 计算 20 日简单移动平均线完成
2026-03-23 23:45:51 | INFO     | src.indicators.technical_indicators:calculate_sma:157 | 计算 30 日简单移动平均线完成
2026-03-23 23:45:51 | INFO     | src.indicators.technical_indicators:calculate_sma:157 | 计算 60 日简单移动平均线完成
2026-03-23 23:45:51 | INFO     | src.indicators.technical_indicators:calculate_sma:157 | 计算 120 日简单移动平均线完成
2026-03-23 23:45:51 | INFO     | src.indicators.technical_indicators:calculate_sma:157 | 计算 250 日简单移动平均线完成
2026-03-23 23:45:51 | INFO     | src.indicators.technical_indicators:calculate_ema:182 | 计算 12 日指数移动平均线完成
2026-03-23 23:45:51 | INFO     | src.indicators.technical_indicators:calculate_ema:182 | 计算 26 日指数移动平均线完成
2026-03-23 23:45:51 | INFO     | src.indicators.technical_indicators:calculate_rsi:221 | 计算 6 日RSI完成
2026-03-23 23:45:51 | INFO     | src.indicators.technical_indicators:calculate_rsi:221 | 计算 12 日RSI完成
2026-03-23 23:45:51 | INFO     | src.indicators.technical_indicators:calculate_rsi:221 | 计算 24 日RSI完成
2026-03-23 23:45:51 | INFO     | src.indicators.technical_indicators:calculate_macd:263 | 计算MACD完成：快线=12, 慢线=26, 信号线=9
2026-03-23 23:45:51 | INFO     | src.indicators.technical_indicators:calculate_macd:263 | 计算MACD完成：快线=12, 慢线=26, 信号线=12
2026-03-23 23:45:51 | INFO     | src.indicators.technical_indicators:calculate_boll:303 | 计算布林带完成：周期=20, 标准差倍数=2
2026-03-23 23:45:51 | INFO     | src.indicators.technical_indicators:calculate_kdj:350 | 计算KDJ完成：K周期=9, D周期=3, J周期=3
2026-03-23 23:45:51 | INFO     | src.indicators.technical_indicators:calculate_kdj:350 | 计算KDJ完成：K周期=10, D周期=3, J周期=3
2026-03-23 23:45:51 | INFO     | src.indicators.technical_indicators:calculate_atr:385 | 计算 10 日ATR完成
2026-03-23 23:45:51 | INFO     | src.indicators.technical_indicators:calculate_cci:446 | 计算 20 日CCI完成
2026-03-23 23:45:51 | INFO     | src.indicators.technical_indicators:calculate_williams_r:476 | 计算 10 日威廉指标完成
2026-03-23 23:45:51 | INFO     | src.indicators.technical_indicators:calculate_ma:133 | 计算 5 日移动平均线完成
2026-03-23 23:45:51 | INFO     | src.indicators.technical_indicators:calculate_bias:500 | 计算 5 日乖离率完成
2026-03-23 23:45:51 | INFO     | src.indicators.technical_indicators:calculate_ma:133 | 计算 10 日移动平均线完成
2026-03-23 23:45:51 | INFO     | src.indicators.technical_indicators:calculate_bias:500 | 计算 10 日乖离率完成
2026-03-23 23:45:51 | INFO     | src.indicators.technical_indicators:calculate_ma:133 | 计算 20 日移动平均线完成
2026-03-23 23:45:51 | INFO     | src.indicators.technical_indicators:calculate_bias:500 | 计算 20 日乖离率完成
2026-03-23 23:45:51 | INFO     | src.indicators.technical_indicators:calculate_ma:133 | 计算 30 日移动平均线完成
2026-03-23 23:45:51 | INFO     | src.indicators.technical_indicators:calculate_bias:500 | 计算 30 日乖离率完成
2026-03-23 23:45:51 | INFO     | src.indicators.technical_indicators:calculate_ma:133 | 计算 60 日移动平均线完成
2026-03-23 23:45:51 | INFO     | src.indicators.technical_indicators:calculate_bias:500 | 计算 60 日乖离率完成
2026-03-23 23:45:51 | INFO     | src.indicators.technical_indicators:calculate_ma:133 | 计算 120 日移动平均线完成
2026-03-23 23:45:51 | INFO     | src.indicators.technical_indicators:calculate_bias:500 | 计算 120 日乖离率完成
2026-03-23 23:45:51 | INFO     | src.indicators.technical_indicators:calculate_ma:133 | 计算 250 日移动平均线完成
2026-03-23 23:45:51 | INFO     | src.indicators.technical_indicators:calculate_bias:500 | 计算 250 日乖离率完成
2026-03-23 23:45:51 | INFO     | src.indicators.technical_indicators:calculate_psy:523 | 计算 10 日心理线完成
2026-03-23 23:45:51 | WARNING  | src.indicators.technical_indicators:calculate_all:635 | 未知的指标类型: rsv_period
2026-03-23 23:45:51 | WARNING  | src.indicators.technical_indicators:calculate_all:635 | 未知的指标类型: volume_period
2026-03-23 23:45:51 | INFO     | src.indicators.technical_indicators:calculate_all:640 | 完成计算 45 个技术指标
2026-03-23 23:45:51 | INFO     | src.core.data_fetcher:save_data:432 | 保存数据到 csv 文件: 600105_with_indicators
2026-03-23 23:45:51 | INFO     | src.core.data_fetcher:save_data:452 | 数据保存成功: ./data\600105_with_indicators.csv
2026-03-23 23:45:51 | INFO     | src.workflow.base:calculate_signals:195 | 对股票 600105 进行信号判断
2026-03-23 23:45:51 | INFO     | src.core.data_fetcher:save_data:432 | 保存数据到 csv 文件: 600105_signals
2026-03-23 23:45:51 | INFO     | src.core.data_fetcher:save_data:452 | 数据保存成功: ./data\600105_signals.csv
2026-03-23 23:45:51 | INFO     | src.workflow.technical:process_fund:83 |   股票 600105 信号判断完成: 持有 (得分: 0.006)
2026-03-23 23:45:51 | INFO     | src.workflow.technical:process_fund:108 | ============================================================
2026-03-23 23:45:51 | INFO     | src.workflow.technical:process_fund:109 | 基金 018957 处理完成!
2026-03-23 23:45:51 | INFO     | src.workflow.technical:process_fund:110 | 总股票数: 10
2026-03-23 23:45:51 | INFO     | src.workflow.technical:process_fund:111 | 成功: 10
2026-03-23 23:45:51 | INFO     | src.workflow.technical:process_fund:112 | 失败: 0
2026-03-23 23:45:51 | INFO     | src.workflow.technical:process_fund:113 | ============================================================
2026-03-23 23:45:51 | INFO     | src.workflow.technical:process_fund:122 | 基金 018957 的所有技术指标已保存为 CSV 文件
2026-03-23 23:45:51 | INFO     | src.workflow.technical:run_batch:162 | 基金 018957 处理完成
2026-03-23 23:45:51 | INFO     | src.workflow.technical:run_batch:163 | ============================================================

2026-03-23 23:45:51 | INFO     | src.workflow.technical:run_batch:155 | 
============================================================
2026-03-23 23:45:51 | INFO     | src.workflow.technical:run_batch:156 | 开始处理基金: 017193
2026-03-23 23:45:51 | INFO     | src.workflow.technical:process_fund:27 | 开始处理基金 017193 的持仓股票技术指标计算
2026-03-23 23:45:51 | INFO     | src.workflow.base:get_fund_holdings:74 | 获取基金 017193 的持仓数据
2026-03-23 23:45:51 | INFO     | src.core.data_fetcher:inner:294 | 获取基金 017193 持仓
2026-03-23 23:45:51 | INFO     | src.core.akshare_provider:get_fund_portfolio:370 | akshare 获取基金 017193 持仓
2026-03-23 23:45:52 | INFO     | src.core.akshare_provider:get_fund_portfolio:379 | 使用 fund_portfolio_hold_em 成功获取基金 017193 持仓
2026-03-23 23:45:52 | INFO     | src.workflow.base:filter_latest_quarter:90 | 过滤最新季度数据
2026-03-23 23:45:52 | INFO     | src.analysis.quarter_filter:filter_latest_quarter_data:63 | 识别到最新季度: 2025年Q4
2026-03-23 23:45:52 | INFO     | src.analysis.quarter_filter:filter_latest_quarter_data:77 | 过滤结果: 从 70 条记录中筛选出 15 条最新季度数据
2026-03-23 23:45:52 | INFO     | src.workflow.technical:process_fund:40 | 最新季度持仓股票数量: 15
2026-03-23 23:45:52 | INFO     | src.workflow.technical:process_fund:41 | 股票代码列表: ['603993', '600111', '601600', '000807', '600362', '000426', '000933', '000630', '002532', '601168']...
2026-03-23 23:45:52 | INFO     | src.workflow.base:get_stock_data:104 | 批量处理 15 只股票的数据
2026-03-23 23:45:52 | INFO     | src.workflow.base:get_stock_data:108 | 处理股票 603993...
2026-03-23 23:45:52 | INFO     | src.data.reader:list_files:221 | 在 data\stock_data 中找到 78 个文件
2026-03-23 23:45:52 | INFO     | src.data.reader:list_stock_files:241 | 找到 78 个股票数据文件
2026-03-23 23:45:52 | INFO     | src.data.reader:read_csv:53 | 读取CSV文件: data\stock_data\603993_kline.csv
2026-03-23 23:45:52 | INFO     | src.data.reader:read_csv:57 | 成功读取 1749 行数据
2026-03-23 23:45:52 | INFO     | src.workflow.base:get_stock_data:108 | 处理股票 600111...
2026-03-23 23:45:52 | INFO     | src.data.reader:list_files:221 | 在 data\stock_data 中找到 78 个文件
2026-03-23 23:45:52 | INFO     | src.data.reader:list_stock_files:241 | 找到 78 个股票数据文件
2026-03-23 23:45:52 | INFO     | src.data.reader:read_csv:53 | 读取CSV文件: data\stock_data\600111_kline.csv
2026-03-23 23:45:52 | INFO     | src.data.reader:read_csv:57 | 成功读取 1749 行数据
2026-03-23 23:45:52 | INFO     | src.workflow.base:get_stock_data:108 | 处理股票 601600...
2026-03-23 23:45:52 | INFO     | src.data.reader:list_files:221 | 在 data\stock_data 中找到 78 个文件
2026-03-23 23:45:52 | INFO     | src.data.reader:list_stock_files:241 | 找到 78 个股票数据文件
2026-03-23 23:45:52 | INFO     | src.data.reader:read_csv:53 | 读取CSV文件: data\stock_data\601600_kline.csv
2026-03-23 23:45:52 | INFO     | src.data.reader:read_csv:57 | 成功读取 1749 行数据
2026-03-23 23:45:52 | INFO     | src.workflow.base:get_stock_data:108 | 处理股票 000807...
2026-03-23 23:45:52 | INFO     | src.data.reader:list_files:221 | 在 data\stock_data 中找到 78 个文件
2026-03-23 23:45:52 | INFO     | src.data.reader:list_stock_files:241 | 找到 78 个股票数据文件
2026-03-23 23:45:52 | INFO     | src.core.data_fetcher:inner:197 | 获取股票 000807 daily K线数据
2026-03-23 23:45:57 | INFO     | src.core.baostock_provider:get_stock_kline:243 | baostock 获取股票 000807 daily K线数据成功，共 1749 条
2026-03-23 23:45:57 | INFO     | src.core.data_fetcher:save_data:432 | 保存数据到 csv 文件: stock_data/000807_kline
2026-03-23 23:45:57 | INFO     | src.core.data_fetcher:save_data:452 | 数据保存成功: ./data\stock_data/000807_kline.csv
2026-03-23 23:45:57 | INFO     | src.workflow.base:get_stock_data:108 | 处理股票 600362...
2026-03-23 23:45:57 | INFO     | src.data.reader:list_files:221 | 在 data\stock_data 中找到 79 个文件
2026-03-23 23:45:57 | INFO     | src.data.reader:list_stock_files:241 | 找到 79 个股票数据文件
2026-03-23 23:45:57 | INFO     | src.data.reader:read_csv:53 | 读取CSV文件: data\stock_data\600362_kline.csv
2026-03-23 23:45:57 | INFO     | src.data.reader:read_csv:57 | 成功读取 1749 行数据
2026-03-23 23:45:57 | INFO     | src.workflow.base:get_stock_data:108 | 处理股票 000426...
2026-03-23 23:45:57 | INFO     | src.data.reader:list_files:221 | 在 data\stock_data 中找到 79 个文件
2026-03-23 23:45:57 | INFO     | src.data.reader:list_stock_files:241 | 找到 79 个股票数据文件
2026-03-23 23:45:57 | INFO     | src.core.data_fetcher:inner:197 | 获取股票 000426 daily K线数据
2026-03-23 23:46:05 | INFO     | src.core.baostock_provider:get_stock_kline:243 | baostock 获取股票 000426 daily K线数据成功，共 1749 条
2026-03-23 23:46:05 | INFO     | src.core.data_fetcher:save_data:432 | 保存数据到 csv 文件: stock_data/000426_kline
2026-03-23 23:46:05 | INFO     | src.core.data_fetcher:save_data:452 | 数据保存成功: ./data\stock_data/000426_kline.csv
2026-03-23 23:46:05 | INFO     | src.workflow.base:get_stock_data:108 | 处理股票 000933...
2026-03-23 23:46:05 | INFO     | src.data.reader:list_files:221 | 在 data\stock_data 中找到 80 个文件
2026-03-23 23:46:05 | INFO     | src.data.reader:list_stock_files:241 | 找到 80 个股票数据文件
2026-03-23 23:46:05 | INFO     | src.core.data_fetcher:inner:197 | 获取股票 000933 daily K线数据
2026-03-23 23:46:09 | INFO     | src.core.baostock_provider:get_stock_kline:243 | baostock 获取股票 000933 daily K线数据成功，共 1749 条
2026-03-23 23:46:09 | INFO     | src.core.data_fetcher:save_data:432 | 保存数据到 csv 文件: stock_data/000933_kline
2026-03-23 23:46:09 | INFO     | src.core.data_fetcher:save_data:452 | 数据保存成功: ./data\stock_data/000933_kline.csv
2026-03-23 23:46:09 | INFO     | src.workflow.base:get_stock_data:108 | 处理股票 000630...
2026-03-23 23:46:09 | INFO     | src.data.reader:list_files:221 | 在 data\stock_data 中找到 81 个文件
2026-03-23 23:46:09 | INFO     | src.data.reader:list_stock_files:241 | 找到 81 个股票数据文件
2026-03-23 23:46:09 | INFO     | src.core.data_fetcher:inner:197 | 获取股票 000630 daily K线数据
2026-03-23 23:46:20 | INFO     | src.core.baostock_provider:get_stock_kline:243 | baostock 获取股票 000630 daily K线数据成功，共 1749 条
2026-03-23 23:46:20 | INFO     | src.core.data_fetcher:save_data:432 | 保存数据到 csv 文件: stock_data/000630_kline
2026-03-23 23:46:20 | INFO     | src.core.data_fetcher:save_data:452 | 数据保存成功: ./data\stock_data/000630_kline.csv
2026-03-23 23:46:20 | INFO     | src.workflow.base:get_stock_data:108 | 处理股票 002532...
2026-03-23 23:46:20 | INFO     | src.data.reader:list_files:221 | 在 data\stock_data 中找到 82 个文件
2026-03-23 23:46:20 | INFO     | src.data.reader:list_stock_files:241 | 找到 82 个股票数据文件
2026-03-23 23:46:20 | INFO     | src.core.data_fetcher:inner:197 | 获取股票 002532 daily K线数据
2026-03-23 23:46:23 | INFO     | src.core.baostock_provider:get_stock_kline:243 | baostock 获取股票 002532 daily K线数据成功，共 1749 条
2026-03-23 23:46:23 | INFO     | src.core.data_fetcher:save_data:432 | 保存数据到 csv 文件: stock_data/002532_kline
2026-03-23 23:46:23 | INFO     | src.core.data_fetcher:save_data:452 | 数据保存成功: ./data\stock_data/002532_kline.csv
2026-03-23 23:46:23 | INFO     | src.workflow.base:get_stock_data:108 | 处理股票 601168...
2026-03-23 23:46:23 | INFO     | src.data.reader:list_files:221 | 在 data\stock_data 中找到 83 个文件
2026-03-23 23:46:23 | INFO     | src.data.reader:list_stock_files:241 | 找到 83 个股票数据文件
2026-03-23 23:46:23 | INFO     | src.data.reader:read_csv:53 | 读取CSV文件: data\stock_data\601168_kline.csv
2026-03-23 23:46:23 | INFO     | src.data.reader:read_csv:57 | 成功读取 1749 行数据
2026-03-23 23:46:23 | INFO     | src.workflow.base:get_stock_data:108 | 处理股票 688795...
2026-03-23 23:46:23 | INFO     | src.data.reader:list_files:221 | 在 data\stock_data 中找到 83 个文件
2026-03-23 23:46:23 | INFO     | src.data.reader:list_stock_files:241 | 找到 83 个股票数据文件
2026-03-23 23:46:23 | INFO     | src.data.reader:read_csv:53 | 读取CSV文件: data\stock_data\688795_kline.csv
2026-03-23 23:46:23 | INFO     | src.data.reader:read_csv:57 | 成功读取 69 行数据
2026-03-23 23:46:23 | INFO     | src.workflow.base:get_stock_data:108 | 处理股票 688802...
2026-03-23 23:46:23 | INFO     | src.data.reader:list_files:221 | 在 data\stock_data 中找到 83 个文件
2026-03-23 23:46:23 | INFO     | src.data.reader:list_stock_files:241 | 找到 83 个股票数据文件
2026-03-23 23:46:23 | INFO     | src.data.reader:read_csv:53 | 读取CSV文件: data\stock_data\688802_kline.csv
2026-03-23 23:46:23 | INFO     | src.data.reader:read_csv:57 | 成功读取 61 行数据
2026-03-23 23:46:23 | INFO     | src.workflow.base:get_stock_data:108 | 处理股票 001280...
2026-03-23 23:46:23 | INFO     | src.data.reader:list_files:221 | 在 data\stock_data 中找到 83 个文件
2026-03-23 23:46:23 | INFO     | src.data.reader:list_stock_files:241 | 找到 83 个股票数据文件
2026-03-23 23:46:23 | INFO     | src.core.data_fetcher:inner:197 | 获取股票 001280 daily K线数据
2026-03-23 23:46:23 | INFO     | src.core.baostock_provider:get_stock_kline:243 | baostock 获取股票 001280 daily K线数据成功，共 71 条
2026-03-23 23:46:23 | INFO     | src.core.data_fetcher:save_data:432 | 保存数据到 csv 文件: stock_data/001280_kline
2026-03-23 23:46:23 | INFO     | src.core.data_fetcher:save_data:452 | 数据保存成功: ./data\stock_data/001280_kline.csv
2026-03-23 23:46:23 | INFO     | src.workflow.base:get_stock_data:108 | 处理股票 688783...
2026-03-23 23:46:23 | INFO     | src.data.reader:list_files:221 | 在 data\stock_data 中找到 84 个文件
2026-03-23 23:46:23 | INFO     | src.data.reader:list_stock_files:241 | 找到 84 个股票数据文件
2026-03-23 23:46:23 | INFO     | src.data.reader:read_csv:53 | 读取CSV文件: data\stock_data\688783_kline.csv
2026-03-23 23:46:23 | INFO     | src.data.reader:read_csv:57 | 成功读取 97 行数据
2026-03-23 23:46:23 | INFO     | src.workflow.base:get_stock_data:108 | 处理股票 688759...
2026-03-23 23:46:23 | INFO     | src.data.reader:list_files:221 | 在 data\stock_data 中找到 84 个文件
2026-03-23 23:46:23 | INFO     | src.data.reader:list_stock_files:241 | 找到 84 个股票数据文件
2026-03-23 23:46:23 | INFO     | src.data.reader:read_csv:53 | 读取CSV文件: data\stock_data\688759_kline.csv
2026-03-23 23:46:23 | INFO     | src.data.reader:read_csv:57 | 成功读取 97 行数据
2026-03-23 23:46:23 | INFO     | src.workflow.base:get_stock_data:143 | 成功获取 15 只股票的数据
2026-03-23 23:46:23 | INFO     | src.workflow.technical:process_fund:51 | 开始计算技术指标和信号判断
2026-03-23 23:46:23 | INFO     | src.workflow.base:calculate_technical_indicators:160 | 计算股票 603993 的技术指标
2026-03-23 23:46:23 | INFO     | src.indicators.technical_indicators:calculate_ma:133 | 计算 5 日移动平均线完成
2026-03-23 23:46:23 | INFO     | src.indicators.technical_indicators:calculate_ma:133 | 计算 10 日移动平均线完成
2026-03-23 23:46:23 | INFO     | src.indicators.technical_indicators:calculate_ma:133 | 计算 20 日移动平均线完成
2026-03-23 23:46:23 | INFO     | src.indicators.technical_indicators:calculate_ma:133 | 计算 30 日移动平均线完成
2026-03-23 23:46:23 | INFO     | src.indicators.technical_indicators:calculate_ma:133 | 计算 60 日移动平均线完成
2026-03-23 23:46:23 | INFO     | src.indicators.technical_indicators:calculate_ma:133 | 计算 120 日移动平均线完成
2026-03-23 23:46:23 | INFO     | src.indicators.technical_indicators:calculate_ma:133 | 计算 250 日移动平均线完成
2026-03-23 23:46:23 | INFO     | src.indicators.technical_indicators:calculate_sma:157 | 计算 5 日简单移动平均线完成
2026-03-23 23:46:23 | INFO     | src.indicators.technical_indicators:calculate_sma:157 | 计算 10 日简单移动平均线完成
2026-03-23 23:46:23 | INFO     | src.indicators.technical_indicators:calculate_sma:157 | 计算 20 日简单移动平均线完成
2026-03-23 23:46:23 | INFO     | src.indicators.technical_indicators:calculate_sma:157 | 计算 30 日简单移动平均线完成
2026-03-23 23:46:23 | INFO     | src.indicators.technical_indicators:calculate_sma:157 | 计算 60 日简单移动平均线完成
2026-03-23 23:46:23 | INFO     | src.indicators.technical_indicators:calculate_sma:157 | 计算 120 日简单移动平均线完成
2026-03-23 23:46:23 | INFO     | src.indicators.technical_indicators:calculate_sma:157 | 计算 250 日简单移动平均线完成
2026-03-23 23:46:23 | INFO     | src.indicators.technical_indicators:calculate_ema:182 | 计算 12 日指数移动平均线完成
2026-03-23 23:46:23 | INFO     | src.indicators.technical_indicators:calculate_ema:182 | 计算 26 日指数移动平均线完成
2026-03-23 23:46:23 | INFO     | src.indicators.technical_indicators:calculate_rsi:221 | 计算 6 日RSI完成
2026-03-23 23:46:23 | INFO     | src.indicators.technical_indicators:calculate_rsi:221 | 计算 12 日RSI完成
2026-03-23 23:46:23 | INFO     | src.indicators.technical_indicators:calculate_rsi:221 | 计算 24 日RSI完成
2026-03-23 23:46:23 | INFO     | src.indicators.technical_indicators:calculate_macd:263 | 计算MACD完成：快线=12, 慢线=26, 信号线=9
2026-03-23 23:46:23 | INFO     | src.indicators.technical_indicators:calculate_macd:263 | 计算MACD完成：快线=12, 慢线=26, 信号线=12
2026-03-23 23:46:23 | INFO     | src.indicators.technical_indicators:calculate_boll:303 | 计算布林带完成：周期=20, 标准差倍数=2
2026-03-23 23:46:23 | INFO     | src.indicators.technical_indicators:calculate_kdj:350 | 计算KDJ完成：K周期=9, D周期=3, J周期=3
2026-03-23 23:46:23 | INFO     | src.indicators.technical_indicators:calculate_kdj:350 | 计算KDJ完成：K周期=10, D周期=3, J周期=3
2026-03-23 23:46:23 | INFO     | src.indicators.technical_indicators:calculate_atr:385 | 计算 10 日ATR完成
2026-03-23 23:46:23 | INFO     | src.indicators.technical_indicators:calculate_cci:446 | 计算 20 日CCI完成
2026-03-23 23:46:23 | INFO     | src.indicators.technical_indicators:calculate_williams_r:476 | 计算 10 日威廉指标完成
2026-03-23 23:46:23 | INFO     | src.indicators.technical_indicators:calculate_ma:133 | 计算 5 日移动平均线完成
2026-03-23 23:46:23 | INFO     | src.indicators.technical_indicators:calculate_bias:500 | 计算 5 日乖离率完成
2026-03-23 23:46:23 | INFO     | src.indicators.technical_indicators:calculate_ma:133 | 计算 10 日移动平均线完成
2026-03-23 23:46:23 | INFO     | src.indicators.technical_indicators:calculate_bias:500 | 计算 10 日乖离率完成
2026-03-23 23:46:23 | INFO     | src.indicators.technical_indicators:calculate_ma:133 | 计算 20 日移动平均线完成
2026-03-23 23:46:23 | INFO     | src.indicators.technical_indicators:calculate_bias:500 | 计算 20 日乖离率完成
2026-03-23 23:46:23 | INFO     | src.indicators.technical_indicators:calculate_ma:133 | 计算 30 日移动平均线完成
2026-03-23 23:46:23 | INFO     | src.indicators.technical_indicators:calculate_bias:500 | 计算 30 日乖离率完成
2026-03-23 23:46:23 | INFO     | src.indicators.technical_indicators:calculate_ma:133 | 计算 60 日移动平均线完成
2026-03-23 23:46:23 | INFO     | src.indicators.technical_indicators:calculate_bias:500 | 计算 60 日乖离率完成
2026-03-23 23:46:23 | INFO     | src.indicators.technical_indicators:calculate_ma:133 | 计算 120 日移动平均线完成
2026-03-23 23:46:23 | INFO     | src.indicators.technical_indicators:calculate_bias:500 | 计算 120 日乖离率完成
2026-03-23 23:46:23 | INFO     | src.indicators.technical_indicators:calculate_ma:133 | 计算 250 日移动平均线完成
2026-03-23 23:46:23 | INFO     | src.indicators.technical_indicators:calculate_bias:500 | 计算 250 日乖离率完成
2026-03-23 23:46:23 | INFO     | src.indicators.technical_indicators:calculate_psy:523 | 计算 10 日心理线完成
2026-03-23 23:46:23 | WARNING  | src.indicators.technical_indicators:calculate_all:635 | 未知的指标类型: rsv_period
2026-03-23 23:46:23 | WARNING  | src.indicators.technical_indicators:calculate_all:635 | 未知的指标类型: volume_period
2026-03-23 23:46:23 | INFO     | src.indicators.technical_indicators:calculate_all:640 | 完成计算 45 个技术指标
2026-03-23 23:46:23 | INFO     | src.core.data_fetcher:save_data:432 | 保存数据到 csv 文件: 603993_with_indicators
2026-03-23 23:46:23 | INFO     | src.core.data_fetcher:save_data:452 | 数据保存成功: ./data\603993_with_indicators.csv
2026-03-23 23:46:23 | INFO     | src.workflow.base:calculate_signals:195 | 对股票 603993 进行信号判断
2026-03-23 23:46:23 | INFO     | src.core.data_fetcher:save_data:432 | 保存数据到 csv 文件: 603993_signals
2026-03-23 23:46:23 | INFO     | src.core.data_fetcher:save_data:452 | 数据保存成功: ./data\603993_signals.csv
2026-03-23 23:46:23 | INFO     | src.workflow.technical:process_fund:83 |   股票 603993 信号判断完成: 持有 (得分: 0.199)
2026-03-23 23:46:23 | INFO     | src.workflow.base:calculate_technical_indicators:160 | 计算股票 600111 的技术指标
2026-03-23 23:46:23 | INFO     | src.indicators.technical_indicators:calculate_ma:133 | 计算 5 日移动平均线完成
2026-03-23 23:46:23 | INFO     | src.indicators.technical_indicators:calculate_ma:133 | 计算 10 日移动平均线完成
2026-03-23 23:46:23 | INFO     | src.indicators.technical_indicators:calculate_ma:133 | 计算 20 日移动平均线完成
2026-03-23 23:46:23 | INFO     | src.indicators.technical_indicators:calculate_ma:133 | 计算 30 日移动平均线完成
2026-03-23 23:46:23 | INFO     | src.indicators.technical_indicators:calculate_ma:133 | 计算 60 日移动平均线完成
2026-03-23 23:46:23 | INFO     | src.indicators.technical_indicators:calculate_ma:133 | 计算 120 日移动平均线完成
2026-03-23 23:46:23 | INFO     | src.indicators.technical_indicators:calculate_ma:133 | 计算 250 日移动平均线完成
2026-03-23 23:46:23 | INFO     | src.indicators.technical_indicators:calculate_sma:157 | 计算 5 日简单移动平均线完成
2026-03-23 23:46:23 | INFO     | src.indicators.technical_indicators:calculate_sma:157 | 计算 10 日简单移动平均线完成
2026-03-23 23:46:23 | INFO     | src.indicators.technical_indicators:calculate_sma:157 | 计算 20 日简单移动平均线完成
2026-03-23 23:46:23 | INFO     | src.indicators.technical_indicators:calculate_sma:157 | 计算 30 日简单移动平均线完成
2026-03-23 23:46:23 | INFO     | src.indicators.technical_indicators:calculate_sma:157 | 计算 60 日简单移动平均线完成
2026-03-23 23:46:23 | INFO     | src.indicators.technical_indicators:calculate_sma:157 | 计算 120 日简单移动平均线完成
2026-03-23 23:46:23 | INFO     | src.indicators.technical_indicators:calculate_sma:157 | 计算 250 日简单移动平均线完成
2026-03-23 23:46:23 | INFO     | src.indicators.technical_indicators:calculate_ema:182 | 计算 12 日指数移动平均线完成
2026-03-23 23:46:23 | INFO     | src.indicators.technical_indicators:calculate_ema:182 | 计算 26 日指数移动平均线完成
2026-03-23 23:46:23 | INFO     | src.indicators.technical_indicators:calculate_rsi:221 | 计算 6 日RSI完成
2026-03-23 23:46:23 | INFO     | src.indicators.technical_indicators:calculate_rsi:221 | 计算 12 日RSI完成
2026-03-23 23:46:23 | INFO     | src.indicators.technical_indicators:calculate_rsi:221 | 计算 24 日RSI完成
2026-03-23 23:46:23 | INFO     | src.indicators.technical_indicators:calculate_macd:263 | 计算MACD完成：快线=12, 慢线=26, 信号线=9
2026-03-23 23:46:23 | INFO     | src.indicators.technical_indicators:calculate_macd:263 | 计算MACD完成：快线=12, 慢线=26, 信号线=12
2026-03-23 23:46:23 | INFO     | src.indicators.technical_indicators:calculate_boll:303 | 计算布林带完成：周期=20, 标准差倍数=2
2026-03-23 23:46:23 | INFO     | src.indicators.technical_indicators:calculate_kdj:350 | 计算KDJ完成：K周期=9, D周期=3, J周期=3
2026-03-23 23:46:23 | INFO     | src.indicators.technical_indicators:calculate_kdj:350 | 计算KDJ完成：K周期=10, D周期=3, J周期=3
2026-03-23 23:46:23 | INFO     | src.indicators.technical_indicators:calculate_atr:385 | 计算 10 日ATR完成
2026-03-23 23:46:23 | INFO     | src.indicators.technical_indicators:calculate_cci:446 | 计算 20 日CCI完成
2026-03-23 23:46:23 | INFO     | src.indicators.technical_indicators:calculate_williams_r:476 | 计算 10 日威廉指标完成
2026-03-23 23:46:23 | INFO     | src.indicators.technical_indicators:calculate_ma:133 | 计算 5 日移动平均线完成
2026-03-23 23:46:23 | INFO     | src.indicators.technical_indicators:calculate_bias:500 | 计算 5 日乖离率完成
2026-03-23 23:46:23 | INFO     | src.indicators.technical_indicators:calculate_ma:133 | 计算 10 日移动平均线完成
2026-03-23 23:46:23 | INFO     | src.indicators.technical_indicators:calculate_bias:500 | 计算 10 日乖离率完成
2026-03-23 23:46:23 | INFO     | src.indicators.technical_indicators:calculate_ma:133 | 计算 20 日移动平均线完成
2026-03-23 23:46:23 | INFO     | src.indicators.technical_indicators:calculate_bias:500 | 计算 20 日乖离率完成
2026-03-23 23:46:23 | INFO     | src.indicators.technical_indicators:calculate_ma:133 | 计算 30 日移动平均线完成
2026-03-23 23:46:23 | INFO     | src.indicators.technical_indicators:calculate_bias:500 | 计算 30 日乖离率完成
2026-03-23 23:46:23 | INFO     | src.indicators.technical_indicators:calculate_ma:133 | 计算 60 日移动平均线完成
2026-03-23 23:46:23 | INFO     | src.indicators.technical_indicators:calculate_bias:500 | 计算 60 日乖离率完成
2026-03-23 23:46:23 | INFO     | src.indicators.technical_indicators:calculate_ma:133 | 计算 120 日移动平均线完成
2026-03-23 23:46:23 | INFO     | src.indicators.technical_indicators:calculate_bias:500 | 计算 120 日乖离率完成
2026-03-23 23:46:23 | INFO     | src.indicators.technical_indicators:calculate_ma:133 | 计算 250 日移动平均线完成
2026-03-23 23:46:23 | INFO     | src.indicators.technical_indicators:calculate_bias:500 | 计算 250 日乖离率完成
2026-03-23 23:46:23 | INFO     | src.indicators.technical_indicators:calculate_psy:523 | 计算 10 日心理线完成
2026-03-23 23:46:23 | WARNING  | src.indicators.technical_indicators:calculate_all:635 | 未知的指标类型: rsv_period
2026-03-23 23:46:23 | WARNING  | src.indicators.technical_indicators:calculate_all:635 | 未知的指标类型: volume_period
2026-03-23 23:46:23 | INFO     | src.indicators.technical_indicators:calculate_all:640 | 完成计算 45 个技术指标
2026-03-23 23:46:23 | INFO     | src.core.data_fetcher:save_data:432 | 保存数据到 csv 文件: 600111_with_indicators
2026-03-23 23:46:23 | INFO     | src.core.data_fetcher:save_data:452 | 数据保存成功: ./data\600111_with_indicators.csv
2026-03-23 23:46:23 | INFO     | src.workflow.base:calculate_signals:195 | 对股票 600111 进行信号判断
2026-03-23 23:46:23 | INFO     | src.core.data_fetcher:save_data:432 | 保存数据到 csv 文件: 600111_signals
2026-03-23 23:46:23 | INFO     | src.core.data_fetcher:save_data:452 | 数据保存成功: ./data\600111_signals.csv
2026-03-23 23:46:23 | INFO     | src.workflow.technical:process_fund:83 |   股票 600111 信号判断完成: 持有 (得分: 0.145)
2026-03-23 23:46:23 | INFO     | src.workflow.base:calculate_technical_indicators:160 | 计算股票 601600 的技术指标
2026-03-23 23:46:23 | INFO     | src.indicators.technical_indicators:calculate_ma:133 | 计算 5 日移动平均线完成
2026-03-23 23:46:23 | INFO     | src.indicators.technical_indicators:calculate_ma:133 | 计算 10 日移动平均线完成
2026-03-23 23:46:23 | INFO     | src.indicators.technical_indicators:calculate_ma:133 | 计算 20 日移动平均线完成
2026-03-23 23:46:23 | INFO     | src.indicators.technical_indicators:calculate_ma:133 | 计算 30 日移动平均线完成
2026-03-23 23:46:23 | INFO     | src.indicators.technical_indicators:calculate_ma:133 | 计算 60 日移动平均线完成
2026-03-23 23:46:23 | INFO     | src.indicators.technical_indicators:calculate_ma:133 | 计算 120 日移动平均线完成
2026-03-23 23:46:23 | INFO     | src.indicators.technical_indicators:calculate_ma:133 | 计算 250 日移动平均线完成
2026-03-23 23:46:23 | INFO     | src.indicators.technical_indicators:calculate_sma:157 | 计算 5 日简单移动平均线完成
2026-03-23 23:46:23 | INFO     | src.indicators.technical_indicators:calculate_sma:157 | 计算 10 日简单移动平均线完成
2026-03-23 23:46:23 | INFO     | src.indicators.technical_indicators:calculate_sma:157 | 计算 20 日简单移动平均线完成
2026-03-23 23:46:23 | INFO     | src.indicators.technical_indicators:calculate_sma:157 | 计算 30 日简单移动平均线完成
2026-03-23 23:46:23 | INFO     | src.indicators.technical_indicators:calculate_sma:157 | 计算 60 日简单移动平均线完成
2026-03-23 23:46:23 | INFO     | src.indicators.technical_indicators:calculate_sma:157 | 计算 120 日简单移动平均线完成
2026-03-23 23:46:23 | INFO     | src.indicators.technical_indicators:calculate_sma:157 | 计算 250 日简单移动平均线完成
2026-03-23 23:46:23 | INFO     | src.indicators.technical_indicators:calculate_ema:182 | 计算 12 日指数移动平均线完成
2026-03-23 23:46:23 | INFO     | src.indicators.technical_indicators:calculate_ema:182 | 计算 26 日指数移动平均线完成
2026-03-23 23:46:23 | INFO     | src.indicators.technical_indicators:calculate_rsi:221 | 计算 6 日RSI完成
2026-03-23 23:46:23 | INFO     | src.indicators.technical_indicators:calculate_rsi:221 | 计算 12 日RSI完成
2026-03-23 23:46:23 | INFO     | src.indicators.technical_indicators:calculate_rsi:221 | 计算 24 日RSI完成
2026-03-23 23:46:23 | INFO     | src.indicators.technical_indicators:calculate_macd:263 | 计算MACD完成：快线=12, 慢线=26, 信号线=9
2026-03-23 23:46:23 | INFO     | src.indicators.technical_indicators:calculate_macd:263 | 计算MACD完成：快线=12, 慢线=26, 信号线=12
2026-03-23 23:46:23 | INFO     | src.indicators.technical_indicators:calculate_boll:303 | 计算布林带完成：周期=20, 标准差倍数=2
2026-03-23 23:46:23 | INFO     | src.indicators.technical_indicators:calculate_kdj:350 | 计算KDJ完成：K周期=9, D周期=3, J周期=3
2026-03-23 23:46:23 | INFO     | src.indicators.technical_indicators:calculate_kdj:350 | 计算KDJ完成：K周期=10, D周期=3, J周期=3
2026-03-23 23:46:23 | INFO     | src.indicators.technical_indicators:calculate_atr:385 | 计算 10 日ATR完成
2026-03-23 23:46:24 | INFO     | src.indicators.technical_indicators:calculate_cci:446 | 计算 20 日CCI完成
2026-03-23 23:46:24 | INFO     | src.indicators.technical_indicators:calculate_williams_r:476 | 计算 10 日威廉指标完成
2026-03-23 23:46:24 | INFO     | src.indicators.technical_indicators:calculate_ma:133 | 计算 5 日移动平均线完成
2026-03-23 23:46:24 | INFO     | src.indicators.technical_indicators:calculate_bias:500 | 计算 5 日乖离率完成
2026-03-23 23:46:24 | INFO     | src.indicators.technical_indicators:calculate_ma:133 | 计算 10 日移动平均线完成
2026-03-23 23:46:24 | INFO     | src.indicators.technical_indicators:calculate_bias:500 | 计算 10 日乖离率完成
2026-03-23 23:46:24 | INFO     | src.indicators.technical_indicators:calculate_ma:133 | 计算 20 日移动平均线完成
2026-03-23 23:46:24 | INFO     | src.indicators.technical_indicators:calculate_bias:500 | 计算 20 日乖离率完成
2026-03-23 23:46:24 | INFO     | src.indicators.technical_indicators:calculate_ma:133 | 计算 30 日移动平均线完成
2026-03-23 23:46:24 | INFO     | src.indicators.technical_indicators:calculate_bias:500 | 计算 30 日乖离率完成
2026-03-23 23:46:24 | INFO     | src.indicators.technical_indicators:calculate_ma:133 | 计算 60 日移动平均线完成
2026-03-23 23:46:24 | INFO     | src.indicators.technical_indicators:calculate_bias:500 | 计算 60 日乖离率完成
2026-03-23 23:46:24 | INFO     | src.indicators.technical_indicators:calculate_ma:133 | 计算 120 日移动平均线完成
2026-03-23 23:46:24 | INFO     | src.indicators.technical_indicators:calculate_bias:500 | 计算 120 日乖离率完成
2026-03-23 23:46:24 | INFO     | src.indicators.technical_indicators:calculate_ma:133 | 计算 250 日移动平均线完成
2026-03-23 23:46:24 | INFO     | src.indicators.technical_indicators:calculate_bias:500 | 计算 250 日乖离率完成
2026-03-23 23:46:24 | INFO     | src.indicators.technical_indicators:calculate_psy:523 | 计算 10 日心理线完成
2026-03-23 23:46:24 | WARNING  | src.indicators.technical_indicators:calculate_all:635 | 未知的指标类型: rsv_period
2026-03-23 23:46:24 | WARNING  | src.indicators.technical_indicators:calculate_all:635 | 未知的指标类型: volume_period
2026-03-23 23:46:24 | INFO     | src.indicators.technical_indicators:calculate_all:640 | 完成计算 45 个技术指标
2026-03-23 23:46:24 | INFO     | src.core.data_fetcher:save_data:432 | 保存数据到 csv 文件: 601600_with_indicators
2026-03-23 23:46:24 | INFO     | src.core.data_fetcher:save_data:452 | 数据保存成功: ./data\601600_with_indicators.csv
2026-03-23 23:46:24 | INFO     | src.workflow.base:calculate_signals:195 | 对股票 601600 进行信号判断
2026-03-23 23:46:24 | INFO     | src.core.data_fetcher:save_data:432 | 保存数据到 csv 文件: 601600_signals
2026-03-23 23:46:24 | INFO     | src.core.data_fetcher:save_data:452 | 数据保存成功: ./data\601600_signals.csv
2026-03-23 23:46:24 | INFO     | src.workflow.technical:process_fund:83 |   股票 601600 信号判断完成: 持有 (得分: 0.083)
2026-03-23 23:46:24 | INFO     | src.workflow.base:calculate_technical_indicators:160 | 计算股票 000807 的技术指标
2026-03-23 23:46:24 | INFO     | src.indicators.technical_indicators:calculate_ma:133 | 计算 5 日移动平均线完成
2026-03-23 23:46:24 | INFO     | src.indicators.technical_indicators:calculate_ma:133 | 计算 10 日移动平均线完成
2026-03-23 23:46:24 | INFO     | src.indicators.technical_indicators:calculate_ma:133 | 计算 20 日移动平均线完成
2026-03-23 23:46:24 | INFO     | src.indicators.technical_indicators:calculate_ma:133 | 计算 30 日移动平均线完成
2026-03-23 23:46:24 | INFO     | src.indicators.technical_indicators:calculate_ma:133 | 计算 60 日移动平均线完成
2026-03-23 23:46:24 | INFO     | src.indicators.technical_indicators:calculate_ma:133 | 计算 120 日移动平均线完成
2026-03-23 23:46:24 | INFO     | src.indicators.technical_indicators:calculate_ma:133 | 计算 250 日移动平均线完成
2026-03-23 23:46:24 | INFO     | src.indicators.technical_indicators:calculate_sma:157 | 计算 5 日简单移动平均线完成
2026-03-23 23:46:24 | INFO     | src.indicators.technical_indicators:calculate_sma:157 | 计算 10 日简单移动平均线完成
2026-03-23 23:46:24 | INFO     | src.indicators.technical_indicators:calculate_sma:157 | 计算 20 日简单移动平均线完成
2026-03-23 23:46:24 | INFO     | src.indicators.technical_indicators:calculate_sma:157 | 计算 30 日简单移动平均线完成
2026-03-23 23:46:24 | INFO     | src.indicators.technical_indicators:calculate_sma:157 | 计算 60 日简单移动平均线完成
2026-03-23 23:46:24 | INFO     | src.indicators.technical_indicators:calculate_sma:157 | 计算 120 日简单移动平均线完成
2026-03-23 23:46:24 | INFO     | src.indicators.technical_indicators:calculate_sma:157 | 计算 250 日简单移动平均线完成
2026-03-23 23:46:24 | INFO     | src.indicators.technical_indicators:calculate_ema:182 | 计算 12 日指数移动平均线完成
2026-03-23 23:46:24 | INFO     | src.indicators.technical_indicators:calculate_ema:182 | 计算 26 日指数移动平均线完成
2026-03-23 23:46:24 | INFO     | src.indicators.technical_indicators:calculate_rsi:221 | 计算 6 日RSI完成
2026-03-23 23:46:24 | INFO     | src.indicators.technical_indicators:calculate_rsi:221 | 计算 12 日RSI完成
2026-03-23 23:46:24 | INFO     | src.indicators.technical_indicators:calculate_rsi:221 | 计算 24 日RSI完成
2026-03-23 23:46:24 | INFO     | src.indicators.technical_indicators:calculate_macd:263 | 计算MACD完成：快线=12, 慢线=26, 信号线=9
2026-03-23 23:46:24 | INFO     | src.indicators.technical_indicators:calculate_macd:263 | 计算MACD完成：快线=12, 慢线=26, 信号线=12
2026-03-23 23:46:24 | INFO     | src.indicators.technical_indicators:calculate_boll:303 | 计算布林带完成：周期=20, 标准差倍数=2
2026-03-23 23:46:24 | INFO     | src.indicators.technical_indicators:calculate_kdj:350 | 计算KDJ完成：K周期=9, D周期=3, J周期=3
2026-03-23 23:46:24 | INFO     | src.indicators.technical_indicators:calculate_kdj:350 | 计算KDJ完成：K周期=10, D周期=3, J周期=3
2026-03-23 23:46:24 | INFO     | src.indicators.technical_indicators:calculate_atr:385 | 计算 10 日ATR完成
2026-03-23 23:46:24 | INFO     | src.indicators.technical_indicators:calculate_cci:446 | 计算 20 日CCI完成
2026-03-23 23:46:24 | INFO     | src.indicators.technical_indicators:calculate_williams_r:476 | 计算 10 日威廉指标完成
2026-03-23 23:46:24 | INFO     | src.indicators.technical_indicators:calculate_ma:133 | 计算 5 日移动平均线完成
2026-03-23 23:46:24 | INFO     | src.indicators.technical_indicators:calculate_bias:500 | 计算 5 日乖离率完成
2026-03-23 23:46:24 | INFO     | src.indicators.technical_indicators:calculate_ma:133 | 计算 10 日移动平均线完成
2026-03-23 23:46:24 | INFO     | src.indicators.technical_indicators:calculate_bias:500 | 计算 10 日乖离率完成
2026-03-23 23:46:24 | INFO     | src.indicators.technical_indicators:calculate_ma:133 | 计算 20 日移动平均线完成
2026-03-23 23:46:24 | INFO     | src.indicators.technical_indicators:calculate_bias:500 | 计算 20 日乖离率完成
2026-03-23 23:46:24 | INFO     | src.indicators.technical_indicators:calculate_ma:133 | 计算 30 日移动平均线完成
2026-03-23 23:46:24 | INFO     | src.indicators.technical_indicators:calculate_bias:500 | 计算 30 日乖离率完成
2026-03-23 23:46:24 | INFO     | src.indicators.technical_indicators:calculate_ma:133 | 计算 60 日移动平均线完成
2026-03-23 23:46:24 | INFO     | src.indicators.technical_indicators:calculate_bias:500 | 计算 60 日乖离率完成
2026-03-23 23:46:24 | INFO     | src.indicators.technical_indicators:calculate_ma:133 | 计算 120 日移动平均线完成
2026-03-23 23:46:24 | INFO     | src.indicators.technical_indicators:calculate_bias:500 | 计算 120 日乖离率完成
2026-03-23 23:46:24 | INFO     | src.indicators.technical_indicators:calculate_ma:133 | 计算 250 日移动平均线完成
2026-03-23 23:46:24 | INFO     | src.indicators.technical_indicators:calculate_bias:500 | 计算 250 日乖离率完成
2026-03-23 23:46:24 | INFO     | src.indicators.technical_indicators:calculate_psy:523 | 计算 10 日心理线完成
2026-03-23 23:46:24 | WARNING  | src.indicators.technical_indicators:calculate_all:635 | 未知的指标类型: rsv_period
2026-03-23 23:46:24 | WARNING  | src.indicators.technical_indicators:calculate_all:635 | 未知的指标类型: volume_period
2026-03-23 23:46:24 | INFO     | src.indicators.technical_indicators:calculate_all:640 | 完成计算 45 个技术指标
2026-03-23 23:46:24 | INFO     | src.core.data_fetcher:save_data:432 | 保存数据到 csv 文件: 000807_with_indicators
2026-03-23 23:46:24 | INFO     | src.core.data_fetcher:save_data:452 | 数据保存成功: ./data\000807_with_indicators.csv
2026-03-23 23:46:24 | INFO     | src.workflow.base:calculate_signals:195 | 对股票 000807 进行信号判断
2026-03-23 23:46:24 | INFO     | src.core.data_fetcher:save_data:432 | 保存数据到 csv 文件: 000807_signals
2026-03-23 23:46:24 | INFO     | src.core.data_fetcher:save_data:452 | 数据保存成功: ./data\000807_signals.csv
2026-03-23 23:46:24 | INFO     | src.workflow.technical:process_fund:83 |   股票 000807 信号判断完成: 持有 (得分: 0.068)
2026-03-23 23:46:24 | INFO     | src.workflow.base:calculate_technical_indicators:160 | 计算股票 600362 的技术指标
2026-03-23 23:46:24 | INFO     | src.indicators.technical_indicators:calculate_ma:133 | 计算 5 日移动平均线完成
2026-03-23 23:46:24 | INFO     | src.indicators.technical_indicators:calculate_ma:133 | 计算 10 日移动平均线完成
2026-03-23 23:46:24 | INFO     | src.indicators.technical_indicators:calculate_ma:133 | 计算 20 日移动平均线完成
2026-03-23 23:46:24 | INFO     | src.indicators.technical_indicators:calculate_ma:133 | 计算 30 日移动平均线完成
2026-03-23 23:46:24 | INFO     | src.indicators.technical_indicators:calculate_ma:133 | 计算 60 日移动平均线完成
2026-03-23 23:46:24 | INFO     | src.indicators.technical_indicators:calculate_ma:133 | 计算 120 日移动平均线完成
2026-03-23 23:46:24 | INFO     | src.indicators.technical_indicators:calculate_ma:133 | 计算 250 日移动平均线完成
2026-03-23 23:46:24 | INFO     | src.indicators.technical_indicators:calculate_sma:157 | 计算 5 日简单移动平均线完成
2026-03-23 23:46:24 | INFO     | src.indicators.technical_indicators:calculate_sma:157 | 计算 10 日简单移动平均线完成
2026-03-23 23:46:24 | INFO     | src.indicators.technical_indicators:calculate_sma:157 | 计算 20 日简单移动平均线完成
2026-03-23 23:46:24 | INFO     | src.indicators.technical_indicators:calculate_sma:157 | 计算 30 日简单移动平均线完成
2026-03-23 23:46:24 | INFO     | src.indicators.technical_indicators:calculate_sma:157 | 计算 60 日简单移动平均线完成
2026-03-23 23:46:24 | INFO     | src.indicators.technical_indicators:calculate_sma:157 | 计算 120 日简单移动平均线完成
2026-03-23 23:46:24 | INFO     | src.indicators.technical_indicators:calculate_sma:157 | 计算 250 日简单移动平均线完成
2026-03-23 23:46:24 | INFO     | src.indicators.technical_indicators:calculate_ema:182 | 计算 12 日指数移动平均线完成
2026-03-23 23:46:24 | INFO     | src.indicators.technical_indicators:calculate_ema:182 | 计算 26 日指数移动平均线完成
2026-03-23 23:46:24 | INFO     | src.indicators.technical_indicators:calculate_rsi:221 | 计算 6 日RSI完成
2026-03-23 23:46:24 | INFO     | src.indicators.technical_indicators:calculate_rsi:221 | 计算 12 日RSI完成
2026-03-23 23:46:24 | INFO     | src.indicators.technical_indicators:calculate_rsi:221 | 计算 24 日RSI完成
2026-03-23 23:46:24 | INFO     | src.indicators.technical_indicators:calculate_macd:263 | 计算MACD完成：快线=12, 慢线=26, 信号线=9
2026-03-23 23:46:24 | INFO     | src.indicators.technical_indicators:calculate_macd:263 | 计算MACD完成：快线=12, 慢线=26, 信号线=12
2026-03-23 23:46:24 | INFO     | src.indicators.technical_indicators:calculate_boll:303 | 计算布林带完成：周期=20, 标准差倍数=2
2026-03-23 23:46:24 | INFO     | src.indicators.technical_indicators:calculate_kdj:350 | 计算KDJ完成：K周期=9, D周期=3, J周期=3
2026-03-23 23:46:24 | INFO     | src.indicators.technical_indicators:calculate_kdj:350 | 计算KDJ完成：K周期=10, D周期=3, J周期=3
2026-03-23 23:46:24 | INFO     | src.indicators.technical_indicators:calculate_atr:385 | 计算 10 日ATR完成
2026-03-23 23:46:24 | INFO     | src.indicators.technical_indicators:calculate_cci:446 | 计算 20 日CCI完成
2026-03-23 23:46:24 | INFO     | src.indicators.technical_indicators:calculate_williams_r:476 | 计算 10 日威廉指标完成
2026-03-23 23:46:24 | INFO     | src.indicators.technical_indicators:calculate_ma:133 | 计算 5 日移动平均线完成
2026-03-23 23:46:24 | INFO     | src.indicators.technical_indicators:calculate_bias:500 | 计算 5 日乖离率完成
2026-03-23 23:46:24 | INFO     | src.indicators.technical_indicators:calculate_ma:133 | 计算 10 日移动平均线完成
2026-03-23 23:46:24 | INFO     | src.indicators.technical_indicators:calculate_bias:500 | 计算 10 日乖离率完成
2026-03-23 23:46:24 | INFO     | src.indicators.technical_indicators:calculate_ma:133 | 计算 20 日移动平均线完成
2026-03-23 23:46:24 | INFO     | src.indicators.technical_indicators:calculate_bias:500 | 计算 20 日乖离率完成
2026-03-23 23:46:24 | INFO     | src.indicators.technical_indicators:calculate_ma:133 | 计算 30 日移动平均线完成
2026-03-23 23:46:24 | INFO     | src.indicators.technical_indicators:calculate_bias:500 | 计算 30 日乖离率完成
2026-03-23 23:46:24 | INFO     | src.indicators.technical_indicators:calculate_ma:133 | 计算 60 日移动平均线完成
2026-03-23 23:46:24 | INFO     | src.indicators.technical_indicators:calculate_bias:500 | 计算 60 日乖离率完成
2026-03-23 23:46:24 | INFO     | src.indicators.technical_indicators:calculate_ma:133 | 计算 120 日移动平均线完成
2026-03-23 23:46:24 | INFO     | src.indicators.technical_indicators:calculate_bias:500 | 计算 120 日乖离率完成
2026-03-23 23:46:24 | INFO     | src.indicators.technical_indicators:calculate_ma:133 | 计算 250 日移动平均线完成
2026-03-23 23:46:24 | INFO     | src.indicators.technical_indicators:calculate_bias:500 | 计算 250 日乖离率完成
2026-03-23 23:46:24 | INFO     | src.indicators.technical_indicators:calculate_psy:523 | 计算 10 日心理线完成
2026-03-23 23:46:24 | WARNING  | src.indicators.technical_indicators:calculate_all:635 | 未知的指标类型: rsv_period
2026-03-23 23:46:24 | WARNING  | src.indicators.technical_indicators:calculate_all:635 | 未知的指标类型: volume_period
2026-03-23 23:46:24 | INFO     | src.indicators.technical_indicators:calculate_all:640 | 完成计算 45 个技术指标
2026-03-23 23:46:24 | INFO     | src.core.data_fetcher:save_data:432 | 保存数据到 csv 文件: 600362_with_indicators
2026-03-23 23:46:24 | INFO     | src.core.data_fetcher:save_data:452 | 数据保存成功: ./data\600362_with_indicators.csv
2026-03-23 23:46:24 | INFO     | src.workflow.base:calculate_signals:195 | 对股票 600362 进行信号判断
2026-03-23 23:46:24 | INFO     | src.core.data_fetcher:save_data:432 | 保存数据到 csv 文件: 600362_signals
2026-03-23 23:46:24 | INFO     | src.core.data_fetcher:save_data:452 | 数据保存成功: ./data\600362_signals.csv
2026-03-23 23:46:24 | INFO     | src.workflow.technical:process_fund:83 |   股票 600362 信号判断完成: 持有 (得分: 0.144)
2026-03-23 23:46:24 | INFO     | src.workflow.base:calculate_technical_indicators:160 | 计算股票 000426 的技术指标
2026-03-23 23:46:24 | INFO     | src.indicators.technical_indicators:calculate_ma:133 | 计算 5 日移动平均线完成
2026-03-23 23:46:24 | INFO     | src.indicators.technical_indicators:calculate_ma:133 | 计算 10 日移动平均线完成
2026-03-23 23:46:24 | INFO     | src.indicators.technical_indicators:calculate_ma:133 | 计算 20 日移动平均线完成
2026-03-23 23:46:24 | INFO     | src.indicators.technical_indicators:calculate_ma:133 | 计算 30 日移动平均线完成
2026-03-23 23:46:24 | INFO     | src.indicators.technical_indicators:calculate_ma:133 | 计算 60 日移动平均线完成
2026-03-23 23:46:24 | INFO     | src.indicators.technical_indicators:calculate_ma:133 | 计算 120 日移动平均线完成
2026-03-23 23:46:24 | INFO     | src.indicators.technical_indicators:calculate_ma:133 | 计算 250 日移动平均线完成
2026-03-23 23:46:24 | INFO     | src.indicators.technical_indicators:calculate_sma:157 | 计算 5 日简单移动平均线完成
2026-03-23 23:46:24 | INFO     | src.indicators.technical_indicators:calculate_sma:157 | 计算 10 日简单移动平均线完成
2026-03-23 23:46:24 | INFO     | src.indicators.technical_indicators:calculate_sma:157 | 计算 20 日简单移动平均线完成
2026-03-23 23:46:24 | INFO     | src.indicators.technical_indicators:calculate_sma:157 | 计算 30 日简单移动平均线完成
2026-03-23 23:46:24 | INFO     | src.indicators.technical_indicators:calculate_sma:157 | 计算 60 日简单移动平均线完成
2026-03-23 23:46:24 | INFO     | src.indicators.technical_indicators:calculate_sma:157 | 计算 120 日简单移动平均线完成
2026-03-23 23:46:24 | INFO     | src.indicators.technical_indicators:calculate_sma:157 | 计算 250 日简单移动平均线完成
2026-03-23 23:46:24 | INFO     | src.indicators.technical_indicators:calculate_ema:182 | 计算 12 日指数移动平均线完成
2026-03-23 23:46:24 | INFO     | src.indicators.technical_indicators:calculate_ema:182 | 计算 26 日指数移动平均线完成
2026-03-23 23:46:24 | INFO     | src.indicators.technical_indicators:calculate_rsi:221 | 计算 6 日RSI完成
2026-03-23 23:46:24 | INFO     | src.indicators.technical_indicators:calculate_rsi:221 | 计算 12 日RSI完成
2026-03-23 23:46:24 | INFO     | src.indicators.technical_indicators:calculate_rsi:221 | 计算 24 日RSI完成
2026-03-23 23:46:24 | INFO     | src.indicators.technical_indicators:calculate_macd:263 | 计算MACD完成：快线=12, 慢线=26, 信号线=9
2026-03-23 23:46:24 | INFO     | src.indicators.technical_indicators:calculate_macd:263 | 计算MACD完成：快线=12, 慢线=26, 信号线=12
2026-03-23 23:46:24 | INFO     | src.indicators.technical_indicators:calculate_boll:303 | 计算布林带完成：周期=20, 标准差倍数=2
2026-03-23 23:46:24 | INFO     | src.indicators.technical_indicators:calculate_kdj:350 | 计算KDJ完成：K周期=9, D周期=3, J周期=3
2026-03-23 23:46:24 | INFO     | src.indicators.technical_indicators:calculate_kdj:350 | 计算KDJ完成：K周期=10, D周期=3, J周期=3
2026-03-23 23:46:24 | INFO     | src.indicators.technical_indicators:calculate_atr:385 | 计算 10 日ATR完成
2026-03-23 23:46:24 | INFO     | src.indicators.technical_indicators:calculate_cci:446 | 计算 20 日CCI完成
2026-03-23 23:46:24 | INFO     | src.indicators.technical_indicators:calculate_williams_r:476 | 计算 10 日威廉指标完成
2026-03-23 23:46:24 | INFO     | src.indicators.technical_indicators:calculate_ma:133 | 计算 5 日移动平均线完成
2026-03-23 23:46:24 | INFO     | src.indicators.technical_indicators:calculate_bias:500 | 计算 5 日乖离率完成
2026-03-23 23:46:24 | INFO     | src.indicators.technical_indicators:calculate_ma:133 | 计算 10 日移动平均线完成
2026-03-23 23:46:24 | INFO     | src.indicators.technical_indicators:calculate_bias:500 | 计算 10 日乖离率完成
2026-03-23 23:46:24 | INFO     | src.indicators.technical_indicators:calculate_ma:133 | 计算 20 日移动平均线完成
2026-03-23 23:46:24 | INFO     | src.indicators.technical_indicators:calculate_bias:500 | 计算 20 日乖离率完成
2026-03-23 23:46:24 | INFO     | src.indicators.technical_indicators:calculate_ma:133 | 计算 30 日移动平均线完成
2026-03-23 23:46:24 | INFO     | src.indicators.technical_indicators:calculate_bias:500 | 计算 30 日乖离率完成
2026-03-23 23:46:24 | INFO     | src.indicators.technical_indicators:calculate_ma:133 | 计算 60 日移动平均线完成
2026-03-23 23:46:24 | INFO     | src.indicators.technical_indicators:calculate_bias:500 | 计算 60 日乖离率完成
2026-03-23 23:46:24 | INFO     | src.indicators.technical_indicators:calculate_ma:133 | 计算 120 日移动平均线完成
2026-03-23 23:46:24 | INFO     | src.indicators.technical_indicators:calculate_bias:500 | 计算 120 日乖离率完成
2026-03-23 23:46:24 | INFO     | src.indicators.technical_indicators:calculate_ma:133 | 计算 250 日移动平均线完成
2026-03-23 23:46:24 | INFO     | src.indicators.technical_indicators:calculate_bias:500 | 计算 250 日乖离率完成
2026-03-23 23:46:24 | INFO     | src.indicators.technical_indicators:calculate_psy:523 | 计算 10 日心理线完成
2026-03-23 23:46:24 | WARNING  | src.indicators.technical_indicators:calculate_all:635 | 未知的指标类型: rsv_period
2026-03-23 23:46:24 | WARNING  | src.indicators.technical_indicators:calculate_all:635 | 未知的指标类型: volume_period
2026-03-23 23:46:24 | INFO     | src.indicators.technical_indicators:calculate_all:640 | 完成计算 45 个技术指标
2026-03-23 23:46:24 | INFO     | src.core.data_fetcher:save_data:432 | 保存数据到 csv 文件: 000426_with_indicators
2026-03-23 23:46:24 | INFO     | src.core.data_fetcher:save_data:452 | 数据保存成功: ./data\000426_with_indicators.csv
2026-03-23 23:46:24 | INFO     | src.workflow.base:calculate_signals:195 | 对股票 000426 进行信号判断
2026-03-23 23:46:24 | INFO     | src.core.data_fetcher:save_data:432 | 保存数据到 csv 文件: 000426_signals
2026-03-23 23:46:24 | INFO     | src.core.data_fetcher:save_data:452 | 数据保存成功: ./data\000426_signals.csv
2026-03-23 23:46:24 | INFO     | src.workflow.technical:process_fund:83 |   股票 000426 信号判断完成: 持有 (得分: 0.195)
2026-03-23 23:46:24 | INFO     | src.workflow.base:calculate_technical_indicators:160 | 计算股票 000933 的技术指标
2026-03-23 23:46:24 | INFO     | src.indicators.technical_indicators:calculate_ma:133 | 计算 5 日移动平均线完成
2026-03-23 23:46:24 | INFO     | src.indicators.technical_indicators:calculate_ma:133 | 计算 10 日移动平均线完成
2026-03-23 23:46:24 | INFO     | src.indicators.technical_indicators:calculate_ma:133 | 计算 20 日移动平均线完成
2026-03-23 23:46:24 | INFO     | src.indicators.technical_indicators:calculate_ma:133 | 计算 30 日移动平均线完成
2026-03-23 23:46:24 | INFO     | src.indicators.technical_indicators:calculate_ma:133 | 计算 60 日移动平均线完成
2026-03-23 23:46:24 | INFO     | src.indicators.technical_indicators:calculate_ma:133 | 计算 120 日移动平均线完成
2026-03-23 23:46:24 | INFO     | src.indicators.technical_indicators:calculate_ma:133 | 计算 250 日移动平均线完成
2026-03-23 23:46:24 | INFO     | src.indicators.technical_indicators:calculate_sma:157 | 计算 5 日简单移动平均线完成
2026-03-23 23:46:24 | INFO     | src.indicators.technical_indicators:calculate_sma:157 | 计算 10 日简单移动平均线完成
2026-03-23 23:46:24 | INFO     | src.indicators.technical_indicators:calculate_sma:157 | 计算 20 日简单移动平均线完成
2026-03-23 23:46:24 | INFO     | src.indicators.technical_indicators:calculate_sma:157 | 计算 30 日简单移动平均线完成
2026-03-23 23:46:24 | INFO     | src.indicators.technical_indicators:calculate_sma:157 | 计算 60 日简单移动平均线完成
2026-03-23 23:46:24 | INFO     | src.indicators.technical_indicators:calculate_sma:157 | 计算 120 日简单移动平均线完成
2026-03-23 23:46:24 | INFO     | src.indicators.technical_indicators:calculate_sma:157 | 计算 250 日简单移动平均线完成
2026-03-23 23:46:24 | INFO     | src.indicators.technical_indicators:calculate_ema:182 | 计算 12 日指数移动平均线完成
2026-03-23 23:46:24 | INFO     | src.indicators.technical_indicators:calculate_ema:182 | 计算 26 日指数移动平均线完成
2026-03-23 23:46:24 | INFO     | src.indicators.technical_indicators:calculate_rsi:221 | 计算 6 日RSI完成
2026-03-23 23:46:24 | INFO     | src.indicators.technical_indicators:calculate_rsi:221 | 计算 12 日RSI完成
2026-03-23 23:46:24 | INFO     | src.indicators.technical_indicators:calculate_rsi:221 | 计算 24 日RSI完成
2026-03-23 23:46:24 | INFO     | src.indicators.technical_indicators:calculate_macd:263 | 计算MACD完成：快线=12, 慢线=26, 信号线=9
2026-03-23 23:46:24 | INFO     | src.indicators.technical_indicators:calculate_macd:263 | 计算MACD完成：快线=12, 慢线=26, 信号线=12
2026-03-23 23:46:24 | INFO     | src.indicators.technical_indicators:calculate_boll:303 | 计算布林带完成：周期=20, 标准差倍数=2
2026-03-23 23:46:24 | INFO     | src.indicators.technical_indicators:calculate_kdj:350 | 计算KDJ完成：K周期=9, D周期=3, J周期=3
2026-03-23 23:46:24 | INFO     | src.indicators.technical_indicators:calculate_kdj:350 | 计算KDJ完成：K周期=10, D周期=3, J周期=3
2026-03-23 23:46:24 | INFO     | src.indicators.technical_indicators:calculate_atr:385 | 计算 10 日ATR完成
2026-03-23 23:46:24 | INFO     | src.indicators.technical_indicators:calculate_cci:446 | 计算 20 日CCI完成
2026-03-23 23:46:24 | INFO     | src.indicators.technical_indicators:calculate_williams_r:476 | 计算 10 日威廉指标完成
2026-03-23 23:46:24 | INFO     | src.indicators.technical_indicators:calculate_ma:133 | 计算 5 日移动平均线完成
2026-03-23 23:46:24 | INFO     | src.indicators.technical_indicators:calculate_bias:500 | 计算 5 日乖离率完成
2026-03-23 23:46:24 | INFO     | src.indicators.technical_indicators:calculate_ma:133 | 计算 10 日移动平均线完成
2026-03-23 23:46:24 | INFO     | src.indicators.technical_indicators:calculate_bias:500 | 计算 10 日乖离率完成
2026-03-23 23:46:24 | INFO     | src.indicators.technical_indicators:calculate_ma:133 | 计算 20 日移动平均线完成
2026-03-23 23:46:24 | INFO     | src.indicators.technical_indicators:calculate_bias:500 | 计算 20 日乖离率完成
2026-03-23 23:46:24 | INFO     | src.indicators.technical_indicators:calculate_ma:133 | 计算 30 日移动平均线完成
2026-03-23 23:46:24 | INFO     | src.indicators.technical_indicators:calculate_bias:500 | 计算 30 日乖离率完成
2026-03-23 23:46:24 | INFO     | src.indicators.technical_indicators:calculate_ma:133 | 计算 60 日移动平均线完成
2026-03-23 23:46:24 | INFO     | src.indicators.technical_indicators:calculate_bias:500 | 计算 60 日乖离率完成
2026-03-23 23:46:24 | INFO     | src.indicators.technical_indicators:calculate_ma:133 | 计算 120 日移动平均线完成
2026-03-23 23:46:24 | INFO     | src.indicators.technical_indicators:calculate_bias:500 | 计算 120 日乖离率完成
2026-03-23 23:46:24 | INFO     | src.indicators.technical_indicators:calculate_ma:133 | 计算 250 日移动平均线完成
2026-03-23 23:46:24 | INFO     | src.indicators.technical_indicators:calculate_bias:500 | 计算 250 日乖离率完成
2026-03-23 23:46:24 | INFO     | src.indicators.technical_indicators:calculate_psy:523 | 计算 10 日心理线完成
2026-03-23 23:46:24 | WARNING  | src.indicators.technical_indicators:calculate_all:635 | 未知的指标类型: rsv_period
2026-03-23 23:46:24 | WARNING  | src.indicators.technical_indicators:calculate_all:635 | 未知的指标类型: volume_period
2026-03-23 23:46:24 | INFO     | src.indicators.technical_indicators:calculate_all:640 | 完成计算 45 个技术指标
2026-03-23 23:46:24 | INFO     | src.core.data_fetcher:save_data:432 | 保存数据到 csv 文件: 000933_with_indicators
2026-03-23 23:46:24 | INFO     | src.core.data_fetcher:save_data:452 | 数据保存成功: ./data\000933_with_indicators.csv
2026-03-23 23:46:24 | INFO     | src.workflow.base:calculate_signals:195 | 对股票 000933 进行信号判断
2026-03-23 23:46:24 | INFO     | src.core.data_fetcher:save_data:432 | 保存数据到 csv 文件: 000933_signals
2026-03-23 23:46:24 | INFO     | src.core.data_fetcher:save_data:452 | 数据保存成功: ./data\000933_signals.csv
2026-03-23 23:46:24 | INFO     | src.workflow.technical:process_fund:83 |   股票 000933 信号判断完成: 持有 (得分: 0.003)
2026-03-23 23:46:24 | INFO     | src.workflow.base:calculate_technical_indicators:160 | 计算股票 000630 的技术指标
2026-03-23 23:46:24 | INFO     | src.indicators.technical_indicators:calculate_ma:133 | 计算 5 日移动平均线完成
2026-03-23 23:46:24 | INFO     | src.indicators.technical_indicators:calculate_ma:133 | 计算 10 日移动平均线完成
2026-03-23 23:46:24 | INFO     | src.indicators.technical_indicators:calculate_ma:133 | 计算 20 日移动平均线完成
2026-03-23 23:46:24 | INFO     | src.indicators.technical_indicators:calculate_ma:133 | 计算 30 日移动平均线完成
2026-03-23 23:46:24 | INFO     | src.indicators.technical_indicators:calculate_ma:133 | 计算 60 日移动平均线完成
2026-03-23 23:46:24 | INFO     | src.indicators.technical_indicators:calculate_ma:133 | 计算 120 日移动平均线完成
2026-03-23 23:46:24 | INFO     | src.indicators.technical_indicators:calculate_ma:133 | 计算 250 日移动平均线完成
2026-03-23 23:46:24 | INFO     | src.indicators.technical_indicators:calculate_sma:157 | 计算 5 日简单移动平均线完成
2026-03-23 23:46:24 | INFO     | src.indicators.technical_indicators:calculate_sma:157 | 计算 10 日简单移动平均线完成
2026-03-23 23:46:24 | INFO     | src.indicators.technical_indicators:calculate_sma:157 | 计算 20 日简单移动平均线完成
2026-03-23 23:46:24 | INFO     | src.indicators.technical_indicators:calculate_sma:157 | 计算 30 日简单移动平均线完成
2026-03-23 23:46:24 | INFO     | src.indicators.technical_indicators:calculate_sma:157 | 计算 60 日简单移动平均线完成
2026-03-23 23:46:24 | INFO     | src.indicators.technical_indicators:calculate_sma:157 | 计算 120 日简单移动平均线完成
2026-03-23 23:46:24 | INFO     | src.indicators.technical_indicators:calculate_sma:157 | 计算 250 日简单移动平均线完成
2026-03-23 23:46:24 | INFO     | src.indicators.technical_indicators:calculate_ema:182 | 计算 12 日指数移动平均线完成
2026-03-23 23:46:24 | INFO     | src.indicators.technical_indicators:calculate_ema:182 | 计算 26 日指数移动平均线完成
2026-03-23 23:46:24 | INFO     | src.indicators.technical_indicators:calculate_rsi:221 | 计算 6 日RSI完成
2026-03-23 23:46:24 | INFO     | src.indicators.technical_indicators:calculate_rsi:221 | 计算 12 日RSI完成
2026-03-23 23:46:24 | INFO     | src.indicators.technical_indicators:calculate_rsi:221 | 计算 24 日RSI完成
2026-03-23 23:46:24 | INFO     | src.indicators.technical_indicators:calculate_macd:263 | 计算MACD完成：快线=12, 慢线=26, 信号线=9
2026-03-23 23:46:24 | INFO     | src.indicators.technical_indicators:calculate_macd:263 | 计算MACD完成：快线=12, 慢线=26, 信号线=12
2026-03-23 23:46:24 | INFO     | src.indicators.technical_indicators:calculate_boll:303 | 计算布林带完成：周期=20, 标准差倍数=2
2026-03-23 23:46:24 | INFO     | src.indicators.technical_indicators:calculate_kdj:350 | 计算KDJ完成：K周期=9, D周期=3, J周期=3
2026-03-23 23:46:24 | INFO     | src.indicators.technical_indicators:calculate_kdj:350 | 计算KDJ完成：K周期=10, D周期=3, J周期=3
2026-03-23 23:46:24 | INFO     | src.indicators.technical_indicators:calculate_atr:385 | 计算 10 日ATR完成
2026-03-23 23:46:24 | INFO     | src.indicators.technical_indicators:calculate_cci:446 | 计算 20 日CCI完成
2026-03-23 23:46:24 | INFO     | src.indicators.technical_indicators:calculate_williams_r:476 | 计算 10 日威廉指标完成
2026-03-23 23:46:24 | INFO     | src.indicators.technical_indicators:calculate_ma:133 | 计算 5 日移动平均线完成
2026-03-23 23:46:24 | INFO     | src.indicators.technical_indicators:calculate_bias:500 | 计算 5 日乖离率完成
2026-03-23 23:46:24 | INFO     | src.indicators.technical_indicators:calculate_ma:133 | 计算 10 日移动平均线完成
2026-03-23 23:46:24 | INFO     | src.indicators.technical_indicators:calculate_bias:500 | 计算 10 日乖离率完成
2026-03-23 23:46:24 | INFO     | src.indicators.technical_indicators:calculate_ma:133 | 计算 20 日移动平均线完成
2026-03-23 23:46:24 | INFO     | src.indicators.technical_indicators:calculate_bias:500 | 计算 20 日乖离率完成
2026-03-23 23:46:24 | INFO     | src.indicators.technical_indicators:calculate_ma:133 | 计算 30 日移动平均线完成
2026-03-23 23:46:24 | INFO     | src.indicators.technical_indicators:calculate_bias:500 | 计算 30 日乖离率完成
2026-03-23 23:46:24 | INFO     | src.indicators.technical_indicators:calculate_ma:133 | 计算 60 日移动平均线完成
2026-03-23 23:46:24 | INFO     | src.indicators.technical_indicators:calculate_bias:500 | 计算 60 日乖离率完成
2026-03-23 23:46:24 | INFO     | src.indicators.technical_indicators:calculate_ma:133 | 计算 120 日移动平均线完成
2026-03-23 23:46:24 | INFO     | src.indicators.technical_indicators:calculate_bias:500 | 计算 120 日乖离率完成
2026-03-23 23:46:24 | INFO     | src.indicators.technical_indicators:calculate_ma:133 | 计算 250 日移动平均线完成
2026-03-23 23:46:24 | INFO     | src.indicators.technical_indicators:calculate_bias:500 | 计算 250 日乖离率完成
2026-03-23 23:46:24 | INFO     | src.indicators.technical_indicators:calculate_psy:523 | 计算 10 日心理线完成
2026-03-23 23:46:24 | WARNING  | src.indicators.technical_indicators:calculate_all:635 | 未知的指标类型: rsv_period
2026-03-23 23:46:24 | WARNING  | src.indicators.technical_indicators:calculate_all:635 | 未知的指标类型: volume_period
2026-03-23 23:46:24 | INFO     | src.indicators.technical_indicators:calculate_all:640 | 完成计算 45 个技术指标
2026-03-23 23:46:24 | INFO     | src.core.data_fetcher:save_data:432 | 保存数据到 csv 文件: 000630_with_indicators
2026-03-23 23:46:24 | INFO     | src.core.data_fetcher:save_data:452 | 数据保存成功: ./data\000630_with_indicators.csv
2026-03-23 23:46:24 | INFO     | src.workflow.base:calculate_signals:195 | 对股票 000630 进行信号判断
2026-03-23 23:46:24 | INFO     | src.core.data_fetcher:save_data:432 | 保存数据到 csv 文件: 000630_signals
2026-03-23 23:46:24 | INFO     | src.core.data_fetcher:save_data:452 | 数据保存成功: ./data\000630_signals.csv
2026-03-23 23:46:24 | INFO     | src.workflow.technical:process_fund:83 |   股票 000630 信号判断完成: 买入 (得分: 0.272)
2026-03-23 23:46:24 | INFO     | src.workflow.base:calculate_technical_indicators:160 | 计算股票 002532 的技术指标
2026-03-23 23:46:24 | INFO     | src.indicators.technical_indicators:calculate_ma:133 | 计算 5 日移动平均线完成
2026-03-23 23:46:24 | INFO     | src.indicators.technical_indicators:calculate_ma:133 | 计算 10 日移动平均线完成
2026-03-23 23:46:24 | INFO     | src.indicators.technical_indicators:calculate_ma:133 | 计算 20 日移动平均线完成
2026-03-23 23:46:24 | INFO     | src.indicators.technical_indicators:calculate_ma:133 | 计算 30 日移动平均线完成
2026-03-23 23:46:24 | INFO     | src.indicators.technical_indicators:calculate_ma:133 | 计算 60 日移动平均线完成
2026-03-23 23:46:24 | INFO     | src.indicators.technical_indicators:calculate_ma:133 | 计算 120 日移动平均线完成
2026-03-23 23:46:24 | INFO     | src.indicators.technical_indicators:calculate_ma:133 | 计算 250 日移动平均线完成
2026-03-23 23:46:24 | INFO     | src.indicators.technical_indicators:calculate_sma:157 | 计算 5 日简单移动平均线完成
2026-03-23 23:46:24 | INFO     | src.indicators.technical_indicators:calculate_sma:157 | 计算 10 日简单移动平均线完成
2026-03-23 23:46:24 | INFO     | src.indicators.technical_indicators:calculate_sma:157 | 计算 20 日简单移动平均线完成
2026-03-23 23:46:24 | INFO     | src.indicators.technical_indicators:calculate_sma:157 | 计算 30 日简单移动平均线完成
2026-03-23 23:46:24 | INFO     | src.indicators.technical_indicators:calculate_sma:157 | 计算 60 日简单移动平均线完成
2026-03-23 23:46:24 | INFO     | src.indicators.technical_indicators:calculate_sma:157 | 计算 120 日简单移动平均线完成
2026-03-23 23:46:24 | INFO     | src.indicators.technical_indicators:calculate_sma:157 | 计算 250 日简单移动平均线完成
2026-03-23 23:46:24 | INFO     | src.indicators.technical_indicators:calculate_ema:182 | 计算 12 日指数移动平均线完成
2026-03-23 23:46:24 | INFO     | src.indicators.technical_indicators:calculate_ema:182 | 计算 26 日指数移动平均线完成
2026-03-23 23:46:24 | INFO     | src.indicators.technical_indicators:calculate_rsi:221 | 计算 6 日RSI完成
2026-03-23 23:46:24 | INFO     | src.indicators.technical_indicators:calculate_rsi:221 | 计算 12 日RSI完成
2026-03-23 23:46:24 | INFO     | src.indicators.technical_indicators:calculate_rsi:221 | 计算 24 日RSI完成
2026-03-23 23:46:24 | INFO     | src.indicators.technical_indicators:calculate_macd:263 | 计算MACD完成：快线=12, 慢线=26, 信号线=9
2026-03-23 23:46:24 | INFO     | src.indicators.technical_indicators:calculate_macd:263 | 计算MACD完成：快线=12, 慢线=26, 信号线=12
2026-03-23 23:46:24 | INFO     | src.indicators.technical_indicators:calculate_boll:303 | 计算布林带完成：周期=20, 标准差倍数=2
2026-03-23 23:46:24 | INFO     | src.indicators.technical_indicators:calculate_kdj:350 | 计算KDJ完成：K周期=9, D周期=3, J周期=3
2026-03-23 23:46:25 | INFO     | src.indicators.technical_indicators:calculate_kdj:350 | 计算KDJ完成：K周期=10, D周期=3, J周期=3
2026-03-23 23:46:25 | INFO     | src.indicators.technical_indicators:calculate_atr:385 | 计算 10 日ATR完成
2026-03-23 23:46:25 | INFO     | src.indicators.technical_indicators:calculate_cci:446 | 计算 20 日CCI完成
2026-03-23 23:46:25 | INFO     | src.indicators.technical_indicators:calculate_williams_r:476 | 计算 10 日威廉指标完成
2026-03-23 23:46:25 | INFO     | src.indicators.technical_indicators:calculate_ma:133 | 计算 5 日移动平均线完成
2026-03-23 23:46:25 | INFO     | src.indicators.technical_indicators:calculate_bias:500 | 计算 5 日乖离率完成
2026-03-23 23:46:25 | INFO     | src.indicators.technical_indicators:calculate_ma:133 | 计算 10 日移动平均线完成
2026-03-23 23:46:25 | INFO     | src.indicators.technical_indicators:calculate_bias:500 | 计算 10 日乖离率完成
2026-03-23 23:46:25 | INFO     | src.indicators.technical_indicators:calculate_ma:133 | 计算 20 日移动平均线完成
2026-03-23 23:46:25 | INFO     | src.indicators.technical_indicators:calculate_bias:500 | 计算 20 日乖离率完成
2026-03-23 23:46:25 | INFO     | src.indicators.technical_indicators:calculate_ma:133 | 计算 30 日移动平均线完成
2026-03-23 23:46:25 | INFO     | src.indicators.technical_indicators:calculate_bias:500 | 计算 30 日乖离率完成
2026-03-23 23:46:25 | INFO     | src.indicators.technical_indicators:calculate_ma:133 | 计算 60 日移动平均线完成
2026-03-23 23:46:25 | INFO     | src.indicators.technical_indicators:calculate_bias:500 | 计算 60 日乖离率完成
2026-03-23 23:46:25 | INFO     | src.indicators.technical_indicators:calculate_ma:133 | 计算 120 日移动平均线完成
2026-03-23 23:46:25 | INFO     | src.indicators.technical_indicators:calculate_bias:500 | 计算 120 日乖离率完成
2026-03-23 23:46:25 | INFO     | src.indicators.technical_indicators:calculate_ma:133 | 计算 250 日移动平均线完成
2026-03-23 23:46:25 | INFO     | src.indicators.technical_indicators:calculate_bias:500 | 计算 250 日乖离率完成
2026-03-23 23:46:25 | INFO     | src.indicators.technical_indicators:calculate_psy:523 | 计算 10 日心理线完成
2026-03-23 23:46:25 | WARNING  | src.indicators.technical_indicators:calculate_all:635 | 未知的指标类型: rsv_period
2026-03-23 23:46:25 | WARNING  | src.indicators.technical_indicators:calculate_all:635 | 未知的指标类型: volume_period
2026-03-23 23:46:25 | INFO     | src.indicators.technical_indicators:calculate_all:640 | 完成计算 45 个技术指标
2026-03-23 23:46:25 | INFO     | src.core.data_fetcher:save_data:432 | 保存数据到 csv 文件: 002532_with_indicators
2026-03-23 23:46:25 | INFO     | src.core.data_fetcher:save_data:452 | 数据保存成功: ./data\002532_with_indicators.csv
2026-03-23 23:46:25 | INFO     | src.workflow.base:calculate_signals:195 | 对股票 002532 进行信号判断
2026-03-23 23:46:25 | INFO     | src.core.data_fetcher:save_data:432 | 保存数据到 csv 文件: 002532_signals
2026-03-23 23:46:25 | INFO     | src.core.data_fetcher:save_data:452 | 数据保存成功: ./data\002532_signals.csv
2026-03-23 23:46:25 | INFO     | src.workflow.technical:process_fund:83 |   股票 002532 信号判断完成: 持有 (得分: 0.138)
2026-03-23 23:46:25 | INFO     | src.workflow.base:calculate_technical_indicators:160 | 计算股票 601168 的技术指标
2026-03-23 23:46:25 | INFO     | src.indicators.technical_indicators:calculate_ma:133 | 计算 5 日移动平均线完成
2026-03-23 23:46:25 | INFO     | src.indicators.technical_indicators:calculate_ma:133 | 计算 10 日移动平均线完成
2026-03-23 23:46:25 | INFO     | src.indicators.technical_indicators:calculate_ma:133 | 计算 20 日移动平均线完成
2026-03-23 23:46:25 | INFO     | src.indicators.technical_indicators:calculate_ma:133 | 计算 30 日移动平均线完成
2026-03-23 23:46:25 | INFO     | src.indicators.technical_indicators:calculate_ma:133 | 计算 60 日移动平均线完成
2026-03-23 23:46:25 | INFO     | src.indicators.technical_indicators:calculate_ma:133 | 计算 120 日移动平均线完成
2026-03-23 23:46:25 | INFO     | src.indicators.technical_indicators:calculate_ma:133 | 计算 250 日移动平均线完成
2026-03-23 23:46:25 | INFO     | src.indicators.technical_indicators:calculate_sma:157 | 计算 5 日简单移动平均线完成
2026-03-23 23:46:25 | INFO     | src.indicators.technical_indicators:calculate_sma:157 | 计算 10 日简单移动平均线完成
2026-03-23 23:46:25 | INFO     | src.indicators.technical_indicators:calculate_sma:157 | 计算 20 日简单移动平均线完成
2026-03-23 23:46:25 | INFO     | src.indicators.technical_indicators:calculate_sma:157 | 计算 30 日简单移动平均线完成
2026-03-23 23:46:25 | INFO     | src.indicators.technical_indicators:calculate_sma:157 | 计算 60 日简单移动平均线完成
2026-03-23 23:46:25 | INFO     | src.indicators.technical_indicators:calculate_sma:157 | 计算 120 日简单移动平均线完成
2026-03-23 23:46:25 | INFO     | src.indicators.technical_indicators:calculate_sma:157 | 计算 250 日简单移动平均线完成
2026-03-23 23:46:25 | INFO     | src.indicators.technical_indicators:calculate_ema:182 | 计算 12 日指数移动平均线完成
2026-03-23 23:46:25 | INFO     | src.indicators.technical_indicators:calculate_ema:182 | 计算 26 日指数移动平均线完成
2026-03-23 23:46:25 | INFO     | src.indicators.technical_indicators:calculate_rsi:221 | 计算 6 日RSI完成
2026-03-23 23:46:25 | INFO     | src.indicators.technical_indicators:calculate_rsi:221 | 计算 12 日RSI完成
2026-03-23 23:46:25 | INFO     | src.indicators.technical_indicators:calculate_rsi:221 | 计算 24 日RSI完成
2026-03-23 23:46:25 | INFO     | src.indicators.technical_indicators:calculate_macd:263 | 计算MACD完成：快线=12, 慢线=26, 信号线=9
2026-03-23 23:46:25 | INFO     | src.indicators.technical_indicators:calculate_macd:263 | 计算MACD完成：快线=12, 慢线=26, 信号线=12
2026-03-23 23:46:25 | INFO     | src.indicators.technical_indicators:calculate_boll:303 | 计算布林带完成：周期=20, 标准差倍数=2
2026-03-23 23:46:25 | INFO     | src.indicators.technical_indicators:calculate_kdj:350 | 计算KDJ完成：K周期=9, D周期=3, J周期=3
2026-03-23 23:46:25 | INFO     | src.indicators.technical_indicators:calculate_kdj:350 | 计算KDJ完成：K周期=10, D周期=3, J周期=3
2026-03-23 23:46:25 | INFO     | src.indicators.technical_indicators:calculate_atr:385 | 计算 10 日ATR完成
2026-03-23 23:46:25 | INFO     | src.indicators.technical_indicators:calculate_cci:446 | 计算 20 日CCI完成
2026-03-23 23:46:25 | INFO     | src.indicators.technical_indicators:calculate_williams_r:476 | 计算 10 日威廉指标完成
2026-03-23 23:46:25 | INFO     | src.indicators.technical_indicators:calculate_ma:133 | 计算 5 日移动平均线完成
2026-03-23 23:46:25 | INFO     | src.indicators.technical_indicators:calculate_bias:500 | 计算 5 日乖离率完成
2026-03-23 23:46:25 | INFO     | src.indicators.technical_indicators:calculate_ma:133 | 计算 10 日移动平均线完成
2026-03-23 23:46:25 | INFO     | src.indicators.technical_indicators:calculate_bias:500 | 计算 10 日乖离率完成
2026-03-23 23:46:25 | INFO     | src.indicators.technical_indicators:calculate_ma:133 | 计算 20 日移动平均线完成
2026-03-23 23:46:25 | INFO     | src.indicators.technical_indicators:calculate_bias:500 | 计算 20 日乖离率完成
2026-03-23 23:46:25 | INFO     | src.indicators.technical_indicators:calculate_ma:133 | 计算 30 日移动平均线完成
2026-03-23 23:46:25 | INFO     | src.indicators.technical_indicators:calculate_bias:500 | 计算 30 日乖离率完成
2026-03-23 23:46:25 | INFO     | src.indicators.technical_indicators:calculate_ma:133 | 计算 60 日移动平均线完成
2026-03-23 23:46:25 | INFO     | src.indicators.technical_indicators:calculate_bias:500 | 计算 60 日乖离率完成
2026-03-23 23:46:25 | INFO     | src.indicators.technical_indicators:calculate_ma:133 | 计算 120 日移动平均线完成
2026-03-23 23:46:25 | INFO     | src.indicators.technical_indicators:calculate_bias:500 | 计算 120 日乖离率完成
2026-03-23 23:46:25 | INFO     | src.indicators.technical_indicators:calculate_ma:133 | 计算 250 日移动平均线完成
2026-03-23 23:46:25 | INFO     | src.indicators.technical_indicators:calculate_bias:500 | 计算 250 日乖离率完成
2026-03-23 23:46:25 | INFO     | src.indicators.technical_indicators:calculate_psy:523 | 计算 10 日心理线完成
2026-03-23 23:46:25 | WARNING  | src.indicators.technical_indicators:calculate_all:635 | 未知的指标类型: rsv_period
2026-03-23 23:46:25 | WARNING  | src.indicators.technical_indicators:calculate_all:635 | 未知的指标类型: volume_period
2026-03-23 23:46:25 | INFO     | src.indicators.technical_indicators:calculate_all:640 | 完成计算 45 个技术指标
2026-03-23 23:46:25 | INFO     | src.core.data_fetcher:save_data:432 | 保存数据到 csv 文件: 601168_with_indicators
2026-03-23 23:46:25 | INFO     | src.core.data_fetcher:save_data:452 | 数据保存成功: ./data\601168_with_indicators.csv
2026-03-23 23:46:25 | INFO     | src.workflow.base:calculate_signals:195 | 对股票 601168 进行信号判断
2026-03-23 23:46:25 | INFO     | src.core.data_fetcher:save_data:432 | 保存数据到 csv 文件: 601168_signals
2026-03-23 23:46:25 | INFO     | src.core.data_fetcher:save_data:452 | 数据保存成功: ./data\601168_signals.csv
2026-03-23 23:46:25 | INFO     | src.workflow.technical:process_fund:83 |   股票 601168 信号判断完成: 买入 (得分: 0.235)
2026-03-23 23:46:25 | INFO     | src.workflow.base:calculate_technical_indicators:160 | 计算股票 688795 的技术指标
2026-03-23 23:46:25 | INFO     | src.indicators.technical_indicators:calculate_ma:133 | 计算 5 日移动平均线完成
2026-03-23 23:46:25 | INFO     | src.indicators.technical_indicators:calculate_ma:133 | 计算 10 日移动平均线完成
2026-03-23 23:46:25 | INFO     | src.indicators.technical_indicators:calculate_ma:133 | 计算 20 日移动平均线完成
2026-03-23 23:46:25 | INFO     | src.indicators.technical_indicators:calculate_ma:133 | 计算 30 日移动平均线完成
2026-03-23 23:46:25 | INFO     | src.indicators.technical_indicators:calculate_ma:133 | 计算 60 日移动平均线完成
2026-03-23 23:46:25 | INFO     | src.indicators.technical_indicators:calculate_ma:133 | 计算 120 日移动平均线完成
2026-03-23 23:46:25 | INFO     | src.indicators.technical_indicators:calculate_ma:133 | 计算 250 日移动平均线完成
2026-03-23 23:46:25 | INFO     | src.indicators.technical_indicators:calculate_sma:157 | 计算 5 日简单移动平均线完成
2026-03-23 23:46:25 | INFO     | src.indicators.technical_indicators:calculate_sma:157 | 计算 10 日简单移动平均线完成
2026-03-23 23:46:25 | INFO     | src.indicators.technical_indicators:calculate_sma:157 | 计算 20 日简单移动平均线完成
2026-03-23 23:46:25 | INFO     | src.indicators.technical_indicators:calculate_sma:157 | 计算 30 日简单移动平均线完成
2026-03-23 23:46:25 | INFO     | src.indicators.technical_indicators:calculate_sma:157 | 计算 60 日简单移动平均线完成
2026-03-23 23:46:25 | INFO     | src.indicators.technical_indicators:calculate_sma:157 | 计算 120 日简单移动平均线完成
2026-03-23 23:46:25 | INFO     | src.indicators.technical_indicators:calculate_sma:157 | 计算 250 日简单移动平均线完成
2026-03-23 23:46:25 | INFO     | src.indicators.technical_indicators:calculate_ema:182 | 计算 12 日指数移动平均线完成
2026-03-23 23:46:25 | INFO     | src.indicators.technical_indicators:calculate_ema:182 | 计算 26 日指数移动平均线完成
2026-03-23 23:46:25 | INFO     | src.indicators.technical_indicators:calculate_rsi:221 | 计算 6 日RSI完成
2026-03-23 23:46:25 | INFO     | src.indicators.technical_indicators:calculate_rsi:221 | 计算 12 日RSI完成
2026-03-23 23:46:25 | INFO     | src.indicators.technical_indicators:calculate_rsi:221 | 计算 24 日RSI完成
2026-03-23 23:46:25 | INFO     | src.indicators.technical_indicators:calculate_macd:263 | 计算MACD完成：快线=12, 慢线=26, 信号线=9
2026-03-23 23:46:25 | INFO     | src.indicators.technical_indicators:calculate_macd:263 | 计算MACD完成：快线=12, 慢线=26, 信号线=12
2026-03-23 23:46:25 | INFO     | src.indicators.technical_indicators:calculate_boll:303 | 计算布林带完成：周期=20, 标准差倍数=2
2026-03-23 23:46:25 | INFO     | src.indicators.technical_indicators:calculate_kdj:350 | 计算KDJ完成：K周期=9, D周期=3, J周期=3
2026-03-23 23:46:25 | INFO     | src.indicators.technical_indicators:calculate_kdj:350 | 计算KDJ完成：K周期=10, D周期=3, J周期=3
2026-03-23 23:46:25 | INFO     | src.indicators.technical_indicators:calculate_atr:385 | 计算 10 日ATR完成
2026-03-23 23:46:25 | INFO     | src.indicators.technical_indicators:calculate_cci:446 | 计算 20 日CCI完成
2026-03-23 23:46:25 | INFO     | src.indicators.technical_indicators:calculate_williams_r:476 | 计算 10 日威廉指标完成
2026-03-23 23:46:25 | INFO     | src.indicators.technical_indicators:calculate_ma:133 | 计算 5 日移动平均线完成
2026-03-23 23:46:25 | INFO     | src.indicators.technical_indicators:calculate_bias:500 | 计算 5 日乖离率完成
2026-03-23 23:46:25 | INFO     | src.indicators.technical_indicators:calculate_ma:133 | 计算 10 日移动平均线完成
2026-03-23 23:46:25 | INFO     | src.indicators.technical_indicators:calculate_bias:500 | 计算 10 日乖离率完成
2026-03-23 23:46:25 | INFO     | src.indicators.technical_indicators:calculate_ma:133 | 计算 20 日移动平均线完成
2026-03-23 23:46:25 | INFO     | src.indicators.technical_indicators:calculate_bias:500 | 计算 20 日乖离率完成
2026-03-23 23:46:25 | INFO     | src.indicators.technical_indicators:calculate_ma:133 | 计算 30 日移动平均线完成
2026-03-23 23:46:25 | INFO     | src.indicators.technical_indicators:calculate_bias:500 | 计算 30 日乖离率完成
2026-03-23 23:46:25 | INFO     | src.indicators.technical_indicators:calculate_ma:133 | 计算 60 日移动平均线完成
2026-03-23 23:46:25 | INFO     | src.indicators.technical_indicators:calculate_bias:500 | 计算 60 日乖离率完成
2026-03-23 23:46:25 | INFO     | src.indicators.technical_indicators:calculate_ma:133 | 计算 120 日移动平均线完成
2026-03-23 23:46:25 | INFO     | src.indicators.technical_indicators:calculate_bias:500 | 计算 120 日乖离率完成
2026-03-23 23:46:25 | INFO     | src.indicators.technical_indicators:calculate_ma:133 | 计算 250 日移动平均线完成
2026-03-23 23:46:25 | INFO     | src.indicators.technical_indicators:calculate_bias:500 | 计算 250 日乖离率完成
2026-03-23 23:46:25 | INFO     | src.indicators.technical_indicators:calculate_psy:523 | 计算 10 日心理线完成
2026-03-23 23:46:25 | WARNING  | src.indicators.technical_indicators:calculate_all:635 | 未知的指标类型: rsv_period
2026-03-23 23:46:25 | WARNING  | src.indicators.technical_indicators:calculate_all:635 | 未知的指标类型: volume_period
2026-03-23 23:46:25 | INFO     | src.indicators.technical_indicators:calculate_all:640 | 完成计算 45 个技术指标
2026-03-23 23:46:25 | INFO     | src.core.data_fetcher:save_data:432 | 保存数据到 csv 文件: 688795_with_indicators
2026-03-23 23:46:25 | INFO     | src.core.data_fetcher:save_data:452 | 数据保存成功: ./data\688795_with_indicators.csv
2026-03-23 23:46:25 | INFO     | src.workflow.base:calculate_signals:195 | 对股票 688795 进行信号判断
2026-03-23 23:46:25 | INFO     | src.core.data_fetcher:save_data:432 | 保存数据到 csv 文件: 688795_signals
2026-03-23 23:46:25 | INFO     | src.core.data_fetcher:save_data:452 | 数据保存成功: ./data\688795_signals.csv
2026-03-23 23:46:25 | INFO     | src.workflow.technical:process_fund:83 |   股票 688795 信号判断完成: 持有 (得分: 0.094)
2026-03-23 23:46:25 | INFO     | src.workflow.base:calculate_technical_indicators:160 | 计算股票 688802 的技术指标
2026-03-23 23:46:25 | INFO     | src.indicators.technical_indicators:calculate_ma:133 | 计算 5 日移动平均线完成
2026-03-23 23:46:25 | INFO     | src.indicators.technical_indicators:calculate_ma:133 | 计算 10 日移动平均线完成
2026-03-23 23:46:25 | INFO     | src.indicators.technical_indicators:calculate_ma:133 | 计算 20 日移动平均线完成
2026-03-23 23:46:25 | INFO     | src.indicators.technical_indicators:calculate_ma:133 | 计算 30 日移动平均线完成
2026-03-23 23:46:25 | INFO     | src.indicators.technical_indicators:calculate_ma:133 | 计算 60 日移动平均线完成
2026-03-23 23:46:25 | INFO     | src.indicators.technical_indicators:calculate_ma:133 | 计算 120 日移动平均线完成
2026-03-23 23:46:25 | INFO     | src.indicators.technical_indicators:calculate_ma:133 | 计算 250 日移动平均线完成
2026-03-23 23:46:25 | INFO     | src.indicators.technical_indicators:calculate_sma:157 | 计算 5 日简单移动平均线完成
2026-03-23 23:46:25 | INFO     | src.indicators.technical_indicators:calculate_sma:157 | 计算 10 日简单移动平均线完成
2026-03-23 23:46:25 | INFO     | src.indicators.technical_indicators:calculate_sma:157 | 计算 20 日简单移动平均线完成
2026-03-23 23:46:25 | INFO     | src.indicators.technical_indicators:calculate_sma:157 | 计算 30 日简单移动平均线完成
2026-03-23 23:46:25 | INFO     | src.indicators.technical_indicators:calculate_sma:157 | 计算 60 日简单移动平均线完成
2026-03-23 23:46:25 | INFO     | src.indicators.technical_indicators:calculate_sma:157 | 计算 120 日简单移动平均线完成
2026-03-23 23:46:25 | INFO     | src.indicators.technical_indicators:calculate_sma:157 | 计算 250 日简单移动平均线完成
2026-03-23 23:46:25 | INFO     | src.indicators.technical_indicators:calculate_ema:182 | 计算 12 日指数移动平均线完成
2026-03-23 23:46:25 | INFO     | src.indicators.technical_indicators:calculate_ema:182 | 计算 26 日指数移动平均线完成
2026-03-23 23:46:25 | INFO     | src.indicators.technical_indicators:calculate_rsi:221 | 计算 6 日RSI完成
2026-03-23 23:46:25 | INFO     | src.indicators.technical_indicators:calculate_rsi:221 | 计算 12 日RSI完成
2026-03-23 23:46:25 | INFO     | src.indicators.technical_indicators:calculate_rsi:221 | 计算 24 日RSI完成
2026-03-23 23:46:25 | INFO     | src.indicators.technical_indicators:calculate_macd:263 | 计算MACD完成：快线=12, 慢线=26, 信号线=9
2026-03-23 23:46:25 | INFO     | src.indicators.technical_indicators:calculate_macd:263 | 计算MACD完成：快线=12, 慢线=26, 信号线=12
2026-03-23 23:46:25 | INFO     | src.indicators.technical_indicators:calculate_boll:303 | 计算布林带完成：周期=20, 标准差倍数=2
2026-03-23 23:46:25 | INFO     | src.indicators.technical_indicators:calculate_kdj:350 | 计算KDJ完成：K周期=9, D周期=3, J周期=3
2026-03-23 23:46:25 | INFO     | src.indicators.technical_indicators:calculate_kdj:350 | 计算KDJ完成：K周期=10, D周期=3, J周期=3
2026-03-23 23:46:25 | INFO     | src.indicators.technical_indicators:calculate_atr:385 | 计算 10 日ATR完成
2026-03-23 23:46:25 | INFO     | src.indicators.technical_indicators:calculate_cci:446 | 计算 20 日CCI完成
2026-03-23 23:46:25 | INFO     | src.indicators.technical_indicators:calculate_williams_r:476 | 计算 10 日威廉指标完成
2026-03-23 23:46:25 | INFO     | src.indicators.technical_indicators:calculate_ma:133 | 计算 5 日移动平均线完成
2026-03-23 23:46:25 | INFO     | src.indicators.technical_indicators:calculate_bias:500 | 计算 5 日乖离率完成
2026-03-23 23:46:25 | INFO     | src.indicators.technical_indicators:calculate_ma:133 | 计算 10 日移动平均线完成
2026-03-23 23:46:25 | INFO     | src.indicators.technical_indicators:calculate_bias:500 | 计算 10 日乖离率完成
2026-03-23 23:46:25 | INFO     | src.indicators.technical_indicators:calculate_ma:133 | 计算 20 日移动平均线完成
2026-03-23 23:46:25 | INFO     | src.indicators.technical_indicators:calculate_bias:500 | 计算 20 日乖离率完成
2026-03-23 23:46:25 | INFO     | src.indicators.technical_indicators:calculate_ma:133 | 计算 30 日移动平均线完成
2026-03-23 23:46:25 | INFO     | src.indicators.technical_indicators:calculate_bias:500 | 计算 30 日乖离率完成
2026-03-23 23:46:25 | INFO     | src.indicators.technical_indicators:calculate_ma:133 | 计算 60 日移动平均线完成
2026-03-23 23:46:25 | INFO     | src.indicators.technical_indicators:calculate_bias:500 | 计算 60 日乖离率完成
2026-03-23 23:46:25 | INFO     | src.indicators.technical_indicators:calculate_ma:133 | 计算 120 日移动平均线完成
2026-03-23 23:46:25 | INFO     | src.indicators.technical_indicators:calculate_bias:500 | 计算 120 日乖离率完成
2026-03-23 23:46:25 | INFO     | src.indicators.technical_indicators:calculate_ma:133 | 计算 250 日移动平均线完成
2026-03-23 23:46:25 | INFO     | src.indicators.technical_indicators:calculate_bias:500 | 计算 250 日乖离率完成
2026-03-23 23:46:25 | INFO     | src.indicators.technical_indicators:calculate_psy:523 | 计算 10 日心理线完成
2026-03-23 23:46:25 | WARNING  | src.indicators.technical_indicators:calculate_all:635 | 未知的指标类型: rsv_period
2026-03-23 23:46:25 | WARNING  | src.indicators.technical_indicators:calculate_all:635 | 未知的指标类型: volume_period
2026-03-23 23:46:25 | INFO     | src.indicators.technical_indicators:calculate_all:640 | 完成计算 45 个技术指标
2026-03-23 23:46:25 | INFO     | src.core.data_fetcher:save_data:432 | 保存数据到 csv 文件: 688802_with_indicators
2026-03-23 23:46:25 | INFO     | src.core.data_fetcher:save_data:452 | 数据保存成功: ./data\688802_with_indicators.csv
2026-03-23 23:46:25 | INFO     | src.workflow.base:calculate_signals:195 | 对股票 688802 进行信号判断
2026-03-23 23:46:25 | INFO     | src.core.data_fetcher:save_data:432 | 保存数据到 csv 文件: 688802_signals
2026-03-23 23:46:25 | INFO     | src.core.data_fetcher:save_data:452 | 数据保存成功: ./data\688802_signals.csv
2026-03-23 23:46:25 | INFO     | src.workflow.technical:process_fund:83 |   股票 688802 信号判断完成: 卖出 (得分: -0.350)
2026-03-23 23:46:25 | INFO     | src.workflow.base:calculate_technical_indicators:160 | 计算股票 001280 的技术指标
2026-03-23 23:46:25 | INFO     | src.indicators.technical_indicators:calculate_ma:133 | 计算 5 日移动平均线完成
2026-03-23 23:46:25 | INFO     | src.indicators.technical_indicators:calculate_ma:133 | 计算 10 日移动平均线完成
2026-03-23 23:46:25 | INFO     | src.indicators.technical_indicators:calculate_ma:133 | 计算 20 日移动平均线完成
2026-03-23 23:46:25 | INFO     | src.indicators.technical_indicators:calculate_ma:133 | 计算 30 日移动平均线完成
2026-03-23 23:46:25 | INFO     | src.indicators.technical_indicators:calculate_ma:133 | 计算 60 日移动平均线完成
2026-03-23 23:46:25 | INFO     | src.indicators.technical_indicators:calculate_ma:133 | 计算 120 日移动平均线完成
2026-03-23 23:46:25 | INFO     | src.indicators.technical_indicators:calculate_ma:133 | 计算 250 日移动平均线完成
2026-03-23 23:46:25 | INFO     | src.indicators.technical_indicators:calculate_sma:157 | 计算 5 日简单移动平均线完成
2026-03-23 23:46:25 | INFO     | src.indicators.technical_indicators:calculate_sma:157 | 计算 10 日简单移动平均线完成
2026-03-23 23:46:25 | INFO     | src.indicators.technical_indicators:calculate_sma:157 | 计算 20 日简单移动平均线完成
2026-03-23 23:46:25 | INFO     | src.indicators.technical_indicators:calculate_sma:157 | 计算 30 日简单移动平均线完成
2026-03-23 23:46:25 | INFO     | src.indicators.technical_indicators:calculate_sma:157 | 计算 60 日简单移动平均线完成
2026-03-23 23:46:25 | INFO     | src.indicators.technical_indicators:calculate_sma:157 | 计算 120 日简单移动平均线完成
2026-03-23 23:46:25 | INFO     | src.indicators.technical_indicators:calculate_sma:157 | 计算 250 日简单移动平均线完成
2026-03-23 23:46:25 | INFO     | src.indicators.technical_indicators:calculate_ema:182 | 计算 12 日指数移动平均线完成
2026-03-23 23:46:25 | INFO     | src.indicators.technical_indicators:calculate_ema:182 | 计算 26 日指数移动平均线完成
2026-03-23 23:46:25 | INFO     | src.indicators.technical_indicators:calculate_rsi:221 | 计算 6 日RSI完成
2026-03-23 23:46:25 | INFO     | src.indicators.technical_indicators:calculate_rsi:221 | 计算 12 日RSI完成
2026-03-23 23:46:25 | INFO     | src.indicators.technical_indicators:calculate_rsi:221 | 计算 24 日RSI完成
2026-03-23 23:46:25 | INFO     | src.indicators.technical_indicators:calculate_macd:263 | 计算MACD完成：快线=12, 慢线=26, 信号线=9
2026-03-23 23:46:25 | INFO     | src.indicators.technical_indicators:calculate_macd:263 | 计算MACD完成：快线=12, 慢线=26, 信号线=12
2026-03-23 23:46:25 | INFO     | src.indicators.technical_indicators:calculate_boll:303 | 计算布林带完成：周期=20, 标准差倍数=2
2026-03-23 23:46:25 | INFO     | src.indicators.technical_indicators:calculate_kdj:350 | 计算KDJ完成：K周期=9, D周期=3, J周期=3
2026-03-23 23:46:25 | INFO     | src.indicators.technical_indicators:calculate_kdj:350 | 计算KDJ完成：K周期=10, D周期=3, J周期=3
2026-03-23 23:46:25 | INFO     | src.indicators.technical_indicators:calculate_atr:385 | 计算 10 日ATR完成
2026-03-23 23:46:25 | INFO     | src.indicators.technical_indicators:calculate_cci:446 | 计算 20 日CCI完成
2026-03-23 23:46:25 | INFO     | src.indicators.technical_indicators:calculate_williams_r:476 | 计算 10 日威廉指标完成
2026-03-23 23:46:25 | INFO     | src.indicators.technical_indicators:calculate_ma:133 | 计算 5 日移动平均线完成
2026-03-23 23:46:25 | INFO     | src.indicators.technical_indicators:calculate_bias:500 | 计算 5 日乖离率完成
2026-03-23 23:46:25 | INFO     | src.indicators.technical_indicators:calculate_ma:133 | 计算 10 日移动平均线完成
2026-03-23 23:46:25 | INFO     | src.indicators.technical_indicators:calculate_bias:500 | 计算 10 日乖离率完成
2026-03-23 23:46:25 | INFO     | src.indicators.technical_indicators:calculate_ma:133 | 计算 20 日移动平均线完成
2026-03-23 23:46:25 | INFO     | src.indicators.technical_indicators:calculate_bias:500 | 计算 20 日乖离率完成
2026-03-23 23:46:25 | INFO     | src.indicators.technical_indicators:calculate_ma:133 | 计算 30 日移动平均线完成
2026-03-23 23:46:25 | INFO     | src.indicators.technical_indicators:calculate_bias:500 | 计算 30 日乖离率完成
2026-03-23 23:46:25 | INFO     | src.indicators.technical_indicators:calculate_ma:133 | 计算 60 日移动平均线完成
2026-03-23 23:46:25 | INFO     | src.indicators.technical_indicators:calculate_bias:500 | 计算 60 日乖离率完成
2026-03-23 23:46:25 | INFO     | src.indicators.technical_indicators:calculate_ma:133 | 计算 120 日移动平均线完成
2026-03-23 23:46:25 | INFO     | src.indicators.technical_indicators:calculate_bias:500 | 计算 120 日乖离率完成
2026-03-23 23:46:25 | INFO     | src.indicators.technical_indicators:calculate_ma:133 | 计算 250 日移动平均线完成
2026-03-23 23:46:25 | INFO     | src.indicators.technical_indicators:calculate_bias:500 | 计算 250 日乖离率完成
2026-03-23 23:46:25 | INFO     | src.indicators.technical_indicators:calculate_psy:523 | 计算 10 日心理线完成
2026-03-23 23:46:25 | WARNING  | src.indicators.technical_indicators:calculate_all:635 | 未知的指标类型: rsv_period
2026-03-23 23:46:25 | WARNING  | src.indicators.technical_indicators:calculate_all:635 | 未知的指标类型: volume_period
2026-03-23 23:46:25 | INFO     | src.indicators.technical_indicators:calculate_all:640 | 完成计算 45 个技术指标
2026-03-23 23:46:25 | INFO     | src.core.data_fetcher:save_data:432 | 保存数据到 csv 文件: 001280_with_indicators
2026-03-23 23:46:25 | INFO     | src.core.data_fetcher:save_data:452 | 数据保存成功: ./data\001280_with_indicators.csv
2026-03-23 23:46:25 | INFO     | src.workflow.base:calculate_signals:195 | 对股票 001280 进行信号判断
2026-03-23 23:46:25 | INFO     | src.core.data_fetcher:save_data:432 | 保存数据到 csv 文件: 001280_signals
2026-03-23 23:46:25 | INFO     | src.core.data_fetcher:save_data:452 | 数据保存成功: ./data\001280_signals.csv
2026-03-23 23:46:25 | INFO     | src.workflow.technical:process_fund:83 |   股票 001280 信号判断完成: 持有 (得分: 0.199)
2026-03-23 23:46:25 | INFO     | src.workflow.base:calculate_technical_indicators:160 | 计算股票 688783 的技术指标
2026-03-23 23:46:25 | INFO     | src.indicators.technical_indicators:calculate_ma:133 | 计算 5 日移动平均线完成
2026-03-23 23:46:25 | INFO     | src.indicators.technical_indicators:calculate_ma:133 | 计算 10 日移动平均线完成
2026-03-23 23:46:25 | INFO     | src.indicators.technical_indicators:calculate_ma:133 | 计算 20 日移动平均线完成
2026-03-23 23:46:25 | INFO     | src.indicators.technical_indicators:calculate_ma:133 | 计算 30 日移动平均线完成
2026-03-23 23:46:25 | INFO     | src.indicators.technical_indicators:calculate_ma:133 | 计算 60 日移动平均线完成
2026-03-23 23:46:25 | INFO     | src.indicators.technical_indicators:calculate_ma:133 | 计算 120 日移动平均线完成
2026-03-23 23:46:25 | INFO     | src.indicators.technical_indicators:calculate_ma:133 | 计算 250 日移动平均线完成
2026-03-23 23:46:25 | INFO     | src.indicators.technical_indicators:calculate_sma:157 | 计算 5 日简单移动平均线完成
2026-03-23 23:46:25 | INFO     | src.indicators.technical_indicators:calculate_sma:157 | 计算 10 日简单移动平均线完成
2026-03-23 23:46:25 | INFO     | src.indicators.technical_indicators:calculate_sma:157 | 计算 20 日简单移动平均线完成
2026-03-23 23:46:25 | INFO     | src.indicators.technical_indicators:calculate_sma:157 | 计算 30 日简单移动平均线完成
2026-03-23 23:46:25 | INFO     | src.indicators.technical_indicators:calculate_sma:157 | 计算 60 日简单移动平均线完成
2026-03-23 23:46:25 | INFO     | src.indicators.technical_indicators:calculate_sma:157 | 计算 120 日简单移动平均线完成
2026-03-23 23:46:25 | INFO     | src.indicators.technical_indicators:calculate_sma:157 | 计算 250 日简单移动平均线完成
2026-03-23 23:46:25 | INFO     | src.indicators.technical_indicators:calculate_ema:182 | 计算 12 日指数移动平均线完成
2026-03-23 23:46:25 | INFO     | src.indicators.technical_indicators:calculate_ema:182 | 计算 26 日指数移动平均线完成
2026-03-23 23:46:25 | INFO     | src.indicators.technical_indicators:calculate_rsi:221 | 计算 6 日RSI完成
2026-03-23 23:46:25 | INFO     | src.indicators.technical_indicators:calculate_rsi:221 | 计算 12 日RSI完成
2026-03-23 23:46:25 | INFO     | src.indicators.technical_indicators:calculate_rsi:221 | 计算 24 日RSI完成
2026-03-23 23:46:25 | INFO     | src.indicators.technical_indicators:calculate_macd:263 | 计算MACD完成：快线=12, 慢线=26, 信号线=9
2026-03-23 23:46:25 | INFO     | src.indicators.technical_indicators:calculate_macd:263 | 计算MACD完成：快线=12, 慢线=26, 信号线=12
2026-03-23 23:46:25 | INFO     | src.indicators.technical_indicators:calculate_boll:303 | 计算布林带完成：周期=20, 标准差倍数=2
2026-03-23 23:46:25 | INFO     | src.indicators.technical_indicators:calculate_kdj:350 | 计算KDJ完成：K周期=9, D周期=3, J周期=3
2026-03-23 23:46:25 | INFO     | src.indicators.technical_indicators:calculate_kdj:350 | 计算KDJ完成：K周期=10, D周期=3, J周期=3
2026-03-23 23:46:25 | INFO     | src.indicators.technical_indicators:calculate_atr:385 | 计算 10 日ATR完成
2026-03-23 23:46:25 | INFO     | src.indicators.technical_indicators:calculate_cci:446 | 计算 20 日CCI完成
2026-03-23 23:46:25 | INFO     | src.indicators.technical_indicators:calculate_williams_r:476 | 计算 10 日威廉指标完成
2026-03-23 23:46:25 | INFO     | src.indicators.technical_indicators:calculate_ma:133 | 计算 5 日移动平均线完成
2026-03-23 23:46:25 | INFO     | src.indicators.technical_indicators:calculate_bias:500 | 计算 5 日乖离率完成
2026-03-23 23:46:25 | INFO     | src.indicators.technical_indicators:calculate_ma:133 | 计算 10 日移动平均线完成
2026-03-23 23:46:25 | INFO     | src.indicators.technical_indicators:calculate_bias:500 | 计算 10 日乖离率完成
2026-03-23 23:46:25 | INFO     | src.indicators.technical_indicators:calculate_ma:133 | 计算 20 日移动平均线完成
2026-03-23 23:46:25 | INFO     | src.indicators.technical_indicators:calculate_bias:500 | 计算 20 日乖离率完成
2026-03-23 23:46:25 | INFO     | src.indicators.technical_indicators:calculate_ma:133 | 计算 30 日移动平均线完成
2026-03-23 23:46:25 | INFO     | src.indicators.technical_indicators:calculate_bias:500 | 计算 30 日乖离率完成
2026-03-23 23:46:25 | INFO     | src.indicators.technical_indicators:calculate_ma:133 | 计算 60 日移动平均线完成
2026-03-23 23:46:25 | INFO     | src.indicators.technical_indicators:calculate_bias:500 | 计算 60 日乖离率完成
2026-03-23 23:46:25 | INFO     | src.indicators.technical_indicators:calculate_ma:133 | 计算 120 日移动平均线完成
2026-03-23 23:46:25 | INFO     | src.indicators.technical_indicators:calculate_bias:500 | 计算 120 日乖离率完成
2026-03-23 23:46:25 | INFO     | src.indicators.technical_indicators:calculate_ma:133 | 计算 250 日移动平均线完成
2026-03-23 23:46:25 | INFO     | src.indicators.technical_indicators:calculate_bias:500 | 计算 250 日乖离率完成
2026-03-23 23:46:25 | INFO     | src.indicators.technical_indicators:calculate_psy:523 | 计算 10 日心理线完成
2026-03-23 23:46:25 | WARNING  | src.indicators.technical_indicators:calculate_all:635 | 未知的指标类型: rsv_period
2026-03-23 23:46:25 | WARNING  | src.indicators.technical_indicators:calculate_all:635 | 未知的指标类型: volume_period
2026-03-23 23:46:25 | INFO     | src.indicators.technical_indicators:calculate_all:640 | 完成计算 45 个技术指标
2026-03-23 23:46:25 | INFO     | src.core.data_fetcher:save_data:432 | 保存数据到 csv 文件: 688783_with_indicators
2026-03-23 23:46:25 | INFO     | src.core.data_fetcher:save_data:452 | 数据保存成功: ./data\688783_with_indicators.csv
2026-03-23 23:46:25 | INFO     | src.workflow.base:calculate_signals:195 | 对股票 688783 进行信号判断
2026-03-23 23:46:25 | INFO     | src.core.data_fetcher:save_data:432 | 保存数据到 csv 文件: 688783_signals
2026-03-23 23:46:25 | INFO     | src.core.data_fetcher:save_data:452 | 数据保存成功: ./data\688783_signals.csv
2026-03-23 23:46:25 | INFO     | src.workflow.technical:process_fund:83 |   股票 688783 信号判断完成: 持有 (得分: 0.125)
2026-03-23 23:46:25 | INFO     | src.workflow.base:calculate_technical_indicators:160 | 计算股票 688759 的技术指标
2026-03-23 23:46:25 | INFO     | src.indicators.technical_indicators:calculate_ma:133 | 计算 5 日移动平均线完成
2026-03-23 23:46:25 | INFO     | src.indicators.technical_indicators:calculate_ma:133 | 计算 10 日移动平均线完成
2026-03-23 23:46:25 | INFO     | src.indicators.technical_indicators:calculate_ma:133 | 计算 20 日移动平均线完成
2026-03-23 23:46:25 | INFO     | src.indicators.technical_indicators:calculate_ma:133 | 计算 30 日移动平均线完成
2026-03-23 23:46:25 | INFO     | src.indicators.technical_indicators:calculate_ma:133 | 计算 60 日移动平均线完成
2026-03-23 23:46:25 | INFO     | src.indicators.technical_indicators:calculate_ma:133 | 计算 120 日移动平均线完成
2026-03-23 23:46:25 | INFO     | src.indicators.technical_indicators:calculate_ma:133 | 计算 250 日移动平均线完成
2026-03-23 23:46:25 | INFO     | src.indicators.technical_indicators:calculate_sma:157 | 计算 5 日简单移动平均线完成
2026-03-23 23:46:25 | INFO     | src.indicators.technical_indicators:calculate_sma:157 | 计算 10 日简单移动平均线完成
2026-03-23 23:46:25 | INFO     | src.indicators.technical_indicators:calculate_sma:157 | 计算 20 日简单移动平均线完成
2026-03-23 23:46:25 | INFO     | src.indicators.technical_indicators:calculate_sma:157 | 计算 30 日简单移动平均线完成
2026-03-23 23:46:25 | INFO     | src.indicators.technical_indicators:calculate_sma:157 | 计算 60 日简单移动平均线完成
2026-03-23 23:46:25 | INFO     | src.indicators.technical_indicators:calculate_sma:157 | 计算 120 日简单移动平均线完成
2026-03-23 23:46:25 | INFO     | src.indicators.technical_indicators:calculate_sma:157 | 计算 250 日简单移动平均线完成
2026-03-23 23:46:25 | INFO     | src.indicators.technical_indicators:calculate_ema:182 | 计算 12 日指数移动平均线完成
2026-03-23 23:46:25 | INFO     | src.indicators.technical_indicators:calculate_ema:182 | 计算 26 日指数移动平均线完成
2026-03-23 23:46:25 | INFO     | src.indicators.technical_indicators:calculate_rsi:221 | 计算 6 日RSI完成
2026-03-23 23:46:25 | INFO     | src.indicators.technical_indicators:calculate_rsi:221 | 计算 12 日RSI完成
2026-03-23 23:46:25 | INFO     | src.indicators.technical_indicators:calculate_rsi:221 | 计算 24 日RSI完成
2026-03-23 23:46:25 | INFO     | src.indicators.technical_indicators:calculate_macd:263 | 计算MACD完成：快线=12, 慢线=26, 信号线=9
2026-03-23 23:46:25 | INFO     | src.indicators.technical_indicators:calculate_macd:263 | 计算MACD完成：快线=12, 慢线=26, 信号线=12
2026-03-23 23:46:25 | INFO     | src.indicators.technical_indicators:calculate_boll:303 | 计算布林带完成：周期=20, 标准差倍数=2
2026-03-23 23:46:25 | INFO     | src.indicators.technical_indicators:calculate_kdj:350 | 计算KDJ完成：K周期=9, D周期=3, J周期=3
2026-03-23 23:46:25 | INFO     | src.indicators.technical_indicators:calculate_kdj:350 | 计算KDJ完成：K周期=10, D周期=3, J周期=3
2026-03-23 23:46:25 | INFO     | src.indicators.technical_indicators:calculate_atr:385 | 计算 10 日ATR完成
2026-03-23 23:46:25 | INFO     | src.indicators.technical_indicators:calculate_cci:446 | 计算 20 日CCI完成
2026-03-23 23:46:25 | INFO     | src.indicators.technical_indicators:calculate_williams_r:476 | 计算 10 日威廉指标完成
2026-03-23 23:46:25 | INFO     | src.indicators.technical_indicators:calculate_ma:133 | 计算 5 日移动平均线完成
2026-03-23 23:46:25 | INFO     | src.indicators.technical_indicators:calculate_bias:500 | 计算 5 日乖离率完成
2026-03-23 23:46:25 | INFO     | src.indicators.technical_indicators:calculate_ma:133 | 计算 10 日移动平均线完成
2026-03-23 23:46:25 | INFO     | src.indicators.technical_indicators:calculate_bias:500 | 计算 10 日乖离率完成
2026-03-23 23:46:25 | INFO     | src.indicators.technical_indicators:calculate_ma:133 | 计算 20 日移动平均线完成
2026-03-23 23:46:25 | INFO     | src.indicators.technical_indicators:calculate_bias:500 | 计算 20 日乖离率完成
2026-03-23 23:46:25 | INFO     | src.indicators.technical_indicators:calculate_ma:133 | 计算 30 日移动平均线完成
2026-03-23 23:46:25 | INFO     | src.indicators.technical_indicators:calculate_bias:500 | 计算 30 日乖离率完成
2026-03-23 23:46:25 | INFO     | src.indicators.technical_indicators:calculate_ma:133 | 计算 60 日移动平均线完成
2026-03-23 23:46:25 | INFO     | src.indicators.technical_indicators:calculate_bias:500 | 计算 60 日乖离率完成
2026-03-23 23:46:25 | INFO     | src.indicators.technical_indicators:calculate_ma:133 | 计算 120 日移动平均线完成
2026-03-23 23:46:25 | INFO     | src.indicators.technical_indicators:calculate_bias:500 | 计算 120 日乖离率完成
2026-03-23 23:46:25 | INFO     | src.indicators.technical_indicators:calculate_ma:133 | 计算 250 日移动平均线完成
2026-03-23 23:46:25 | INFO     | src.indicators.technical_indicators:calculate_bias:500 | 计算 250 日乖离率完成
2026-03-23 23:46:25 | INFO     | src.indicators.technical_indicators:calculate_psy:523 | 计算 10 日心理线完成
2026-03-23 23:46:25 | WARNING  | src.indicators.technical_indicators:calculate_all:635 | 未知的指标类型: rsv_period
2026-03-23 23:46:25 | WARNING  | src.indicators.technical_indicators:calculate_all:635 | 未知的指标类型: volume_period
2026-03-23 23:46:25 | INFO     | src.indicators.technical_indicators:calculate_all:640 | 完成计算 45 个技术指标
2026-03-23 23:46:25 | INFO     | src.core.data_fetcher:save_data:432 | 保存数据到 csv 文件: 688759_with_indicators
2026-03-23 23:46:25 | INFO     | src.core.data_fetcher:save_data:452 | 数据保存成功: ./data\688759_with_indicators.csv
2026-03-23 23:46:25 | INFO     | src.workflow.base:calculate_signals:195 | 对股票 688759 进行信号判断
2026-03-23 23:46:25 | INFO     | src.core.data_fetcher:save_data:432 | 保存数据到 csv 文件: 688759_signals
2026-03-23 23:46:25 | INFO     | src.core.data_fetcher:save_data:452 | 数据保存成功: ./data\688759_signals.csv
2026-03-23 23:46:25 | INFO     | src.workflow.technical:process_fund:83 |   股票 688759 信号判断完成: 持有 (得分: 0.024)
2026-03-23 23:46:25 | INFO     | src.workflow.technical:process_fund:108 | ============================================================
2026-03-23 23:46:25 | INFO     | src.workflow.technical:process_fund:109 | 基金 017193 处理完成!
2026-03-23 23:46:25 | INFO     | src.workflow.technical:process_fund:110 | 总股票数: 15
2026-03-23 23:46:25 | INFO     | src.workflow.technical:process_fund:111 | 成功: 15
2026-03-23 23:46:25 | INFO     | src.workflow.technical:process_fund:112 | 失败: 0
2026-03-23 23:46:25 | INFO     | src.workflow.technical:process_fund:113 | ============================================================
2026-03-23 23:46:25 | INFO     | src.workflow.technical:process_fund:122 | 基金 017193 的所有技术指标已保存为 CSV 文件
2026-03-23 23:46:25 | INFO     | src.workflow.technical:run_batch:162 | 基金 017193 处理完成
2026-03-23 23:46:25 | INFO     | src.workflow.technical:run_batch:163 | ============================================================

2026-03-23 23:46:25 | INFO     | src.workflow.technical:run_batch:155 | 
============================================================
2026-03-23 23:46:25 | INFO     | src.workflow.technical:run_batch:156 | 开始处理基金: 025209
2026-03-23 23:46:25 | INFO     | src.workflow.technical:process_fund:27 | 开始处理基金 025209 的持仓股票技术指标计算
2026-03-23 23:46:25 | INFO     | src.workflow.base:get_fund_holdings:74 | 获取基金 025209 的持仓数据
2026-03-23 23:46:25 | INFO     | src.core.data_fetcher:inner:294 | 获取基金 025209 持仓
2026-03-23 23:46:25 | INFO     | src.core.akshare_provider:get_fund_portfolio:370 | akshare 获取基金 025209 持仓
2026-03-23 23:46:26 | INFO     | src.core.akshare_provider:get_fund_portfolio:379 | 使用 fund_portfolio_hold_em 成功获取基金 025209 持仓
2026-03-23 23:46:26 | INFO     | src.workflow.base:filter_latest_quarter:90 | 过滤最新季度数据
2026-03-23 23:46:26 | INFO     | src.analysis.quarter_filter:filter_latest_quarter_data:63 | 识别到最新季度: 2025年Q4
2026-03-23 23:46:26 | INFO     | src.analysis.quarter_filter:filter_latest_quarter_data:77 | 过滤结果: 从 20 条记录中筛选出 10 条最新季度数据
2026-03-23 23:46:26 | INFO     | src.workflow.technical:process_fund:40 | 最新季度持仓股票数量: 10
2026-03-23 23:46:26 | INFO     | src.workflow.technical:process_fund:41 | 股票代码列表: ['001309', '688525', '300475', '301308', '300223', '603986', '688627', '688233', '688228', '688008']
2026-03-23 23:46:26 | INFO     | src.workflow.base:get_stock_data:104 | 批量处理 10 只股票的数据
2026-03-23 23:46:26 | INFO     | src.workflow.base:get_stock_data:108 | 处理股票 001309...
2026-03-23 23:46:26 | INFO     | src.data.reader:list_files:221 | 在 data\stock_data 中找到 84 个文件
2026-03-23 23:46:26 | INFO     | src.data.reader:list_stock_files:241 | 找到 84 个股票数据文件
2026-03-23 23:46:26 | INFO     | src.core.data_fetcher:inner:197 | 获取股票 001309 daily K线数据
2026-03-23 23:46:31 | INFO     | src.core.baostock_provider:get_stock_kline:243 | baostock 获取股票 001309 daily K线数据成功，共 902 条
2026-03-23 23:46:31 | INFO     | src.core.data_fetcher:save_data:432 | 保存数据到 csv 文件: stock_data/001309_kline
2026-03-23 23:46:31 | INFO     | src.core.data_fetcher:save_data:452 | 数据保存成功: ./data\stock_data/001309_kline.csv
2026-03-23 23:46:31 | INFO     | src.workflow.base:get_stock_data:108 | 处理股票 688525...
2026-03-23 23:46:31 | INFO     | src.data.reader:list_files:221 | 在 data\stock_data 中找到 85 个文件
2026-03-23 23:46:31 | INFO     | src.data.reader:list_stock_files:241 | 找到 85 个股票数据文件
2026-03-23 23:46:31 | INFO     | src.data.reader:read_csv:53 | 读取CSV文件: data\stock_data\688525_kline.csv
2026-03-23 23:46:31 | INFO     | src.data.reader:read_csv:57 | 成功读取 778 行数据
2026-03-23 23:46:31 | INFO     | src.workflow.base:get_stock_data:108 | 处理股票 300475...
2026-03-23 23:46:31 | INFO     | src.data.reader:list_files:221 | 在 data\stock_data 中找到 85 个文件
2026-03-23 23:46:31 | INFO     | src.data.reader:list_stock_files:241 | 找到 85 个股票数据文件
2026-03-23 23:46:31 | INFO     | src.data.reader:read_csv:53 | 读取CSV文件: data\stock_data\300475_kline.csv
2026-03-23 23:46:31 | INFO     | src.data.reader:read_csv:57 | 成功读取 1749 行数据
2026-03-23 23:46:31 | INFO     | src.workflow.base:get_stock_data:108 | 处理股票 301308...
2026-03-23 23:46:31 | INFO     | src.data.reader:list_files:221 | 在 data\stock_data 中找到 85 个文件
2026-03-23 23:46:31 | INFO     | src.data.reader:list_stock_files:241 | 找到 85 个股票数据文件
2026-03-23 23:46:31 | INFO     | src.data.reader:read_csv:53 | 读取CSV文件: data\stock_data\301308_kline.csv
2026-03-23 23:46:31 | INFO     | src.data.reader:read_csv:57 | 成功读取 877 行数据
2026-03-23 23:46:31 | INFO     | src.workflow.base:get_stock_data:108 | 处理股票 300223...
2026-03-23 23:46:31 | INFO     | src.data.reader:list_files:221 | 在 data\stock_data 中找到 85 个文件
2026-03-23 23:46:31 | INFO     | src.data.reader:list_stock_files:241 | 找到 85 个股票数据文件
2026-03-23 23:46:31 | INFO     | src.data.reader:read_csv:53 | 读取CSV文件: data\stock_data\300223_kline.csv
2026-03-23 23:46:31 | INFO     | src.data.reader:read_csv:57 | 成功读取 1749 行数据
2026-03-23 23:46:31 | INFO     | src.workflow.base:get_stock_data:108 | 处理股票 603986...
2026-03-23 23:46:31 | INFO     | src.data.reader:list_files:221 | 在 data\stock_data 中找到 85 个文件
2026-03-23 23:46:31 | INFO     | src.data.reader:list_stock_files:241 | 找到 85 个股票数据文件
2026-03-23 23:46:31 | INFO     | src.data.reader:read_csv:53 | 读取CSV文件: data\stock_data\603986_kline.csv
2026-03-23 23:46:31 | INFO     | src.data.reader:read_csv:57 | 成功读取 1749 行数据
2026-03-23 23:46:31 | INFO     | src.workflow.base:get_stock_data:108 | 处理股票 688627...
2026-03-23 23:46:31 | INFO     | src.data.reader:list_files:221 | 在 data\stock_data 中找到 85 个文件
2026-03-23 23:46:31 | INFO     | src.data.reader:list_stock_files:241 | 找到 85 个股票数据文件
2026-03-23 23:46:31 | INFO     | src.data.reader:read_csv:53 | 读取CSV文件: data\stock_data\688627_kline.csv
2026-03-23 23:46:31 | INFO     | src.data.reader:read_csv:57 | 成功读取 648 行数据
2026-03-23 23:46:31 | INFO     | src.workflow.base:get_stock_data:108 | 处理股票 688233...
2026-03-23 23:46:31 | INFO     | src.data.reader:list_files:221 | 在 data\stock_data 中找到 85 个文件
2026-03-23 23:46:31 | INFO     | src.data.reader:list_stock_files:241 | 找到 85 个股票数据文件
2026-03-23 23:46:31 | INFO     | src.data.reader:read_csv:53 | 读取CSV文件: data\stock_data\688233_kline.csv
2026-03-23 23:46:31 | INFO     | src.data.reader:read_csv:57 | 成功读取 1475 行数据
2026-03-23 23:46:31 | INFO     | src.workflow.base:get_stock_data:108 | 处理股票 688228...
2026-03-23 23:46:31 | INFO     | src.data.reader:list_files:221 | 在 data\stock_data 中找到 85 个文件
2026-03-23 23:46:31 | INFO     | src.data.reader:list_stock_files:241 | 找到 85 个股票数据文件
2026-03-23 23:46:31 | INFO     | src.data.reader:read_csv:53 | 读取CSV文件: data\stock_data\688228_kline.csv
2026-03-23 23:46:31 | INFO     | src.data.reader:read_csv:57 | 成功读取 1450 行数据
2026-03-23 23:46:31 | INFO     | src.workflow.base:get_stock_data:108 | 处理股票 688008...
2026-03-23 23:46:31 | INFO     | src.data.reader:list_files:221 | 在 data\stock_data 中找到 85 个文件
2026-03-23 23:46:31 | INFO     | src.data.reader:list_stock_files:241 | 找到 85 个股票数据文件
2026-03-23 23:46:31 | INFO     | src.data.reader:read_csv:53 | 读取CSV文件: data\stock_data\688008_kline.csv
2026-03-23 23:46:31 | INFO     | src.data.reader:read_csv:57 | 成功读取 1616 行数据
2026-03-23 23:46:31 | INFO     | src.workflow.base:get_stock_data:143 | 成功获取 10 只股票的数据
2026-03-23 23:46:31 | INFO     | src.workflow.technical:process_fund:51 | 开始计算技术指标和信号判断
2026-03-23 23:46:31 | INFO     | src.workflow.base:calculate_technical_indicators:160 | 计算股票 001309 的技术指标
2026-03-23 23:46:31 | INFO     | src.indicators.technical_indicators:calculate_ma:133 | 计算 5 日移动平均线完成
2026-03-23 23:46:31 | INFO     | src.indicators.technical_indicators:calculate_ma:133 | 计算 10 日移动平均线完成
2026-03-23 23:46:31 | INFO     | src.indicators.technical_indicators:calculate_ma:133 | 计算 20 日移动平均线完成
2026-03-23 23:46:31 | INFO     | src.indicators.technical_indicators:calculate_ma:133 | 计算 30 日移动平均线完成
2026-03-23 23:46:31 | INFO     | src.indicators.technical_indicators:calculate_ma:133 | 计算 60 日移动平均线完成
2026-03-23 23:46:31 | INFO     | src.indicators.technical_indicators:calculate_ma:133 | 计算 120 日移动平均线完成
2026-03-23 23:46:31 | INFO     | src.indicators.technical_indicators:calculate_ma:133 | 计算 250 日移动平均线完成
2026-03-23 23:46:31 | INFO     | src.indicators.technical_indicators:calculate_sma:157 | 计算 5 日简单移动平均线完成
2026-03-23 23:46:31 | INFO     | src.indicators.technical_indicators:calculate_sma:157 | 计算 10 日简单移动平均线完成
2026-03-23 23:46:31 | INFO     | src.indicators.technical_indicators:calculate_sma:157 | 计算 20 日简单移动平均线完成
2026-03-23 23:46:31 | INFO     | src.indicators.technical_indicators:calculate_sma:157 | 计算 30 日简单移动平均线完成
2026-03-23 23:46:31 | INFO     | src.indicators.technical_indicators:calculate_sma:157 | 计算 60 日简单移动平均线完成
2026-03-23 23:46:31 | INFO     | src.indicators.technical_indicators:calculate_sma:157 | 计算 120 日简单移动平均线完成
2026-03-23 23:46:31 | INFO     | src.indicators.technical_indicators:calculate_sma:157 | 计算 250 日简单移动平均线完成
2026-03-23 23:46:31 | INFO     | src.indicators.technical_indicators:calculate_ema:182 | 计算 12 日指数移动平均线完成
2026-03-23 23:46:31 | INFO     | src.indicators.technical_indicators:calculate_ema:182 | 计算 26 日指数移动平均线完成
2026-03-23 23:46:31 | INFO     | src.indicators.technical_indicators:calculate_rsi:221 | 计算 6 日RSI完成
2026-03-23 23:46:31 | INFO     | src.indicators.technical_indicators:calculate_rsi:221 | 计算 12 日RSI完成
2026-03-23 23:46:31 | INFO     | src.indicators.technical_indicators:calculate_rsi:221 | 计算 24 日RSI完成
2026-03-23 23:46:31 | INFO     | src.indicators.technical_indicators:calculate_macd:263 | 计算MACD完成：快线=12, 慢线=26, 信号线=9
2026-03-23 23:46:31 | INFO     | src.indicators.technical_indicators:calculate_macd:263 | 计算MACD完成：快线=12, 慢线=26, 信号线=12
2026-03-23 23:46:31 | INFO     | src.indicators.technical_indicators:calculate_boll:303 | 计算布林带完成：周期=20, 标准差倍数=2
2026-03-23 23:46:31 | INFO     | src.indicators.technical_indicators:calculate_kdj:350 | 计算KDJ完成：K周期=9, D周期=3, J周期=3
2026-03-23 23:46:31 | INFO     | src.indicators.technical_indicators:calculate_kdj:350 | 计算KDJ完成：K周期=10, D周期=3, J周期=3
2026-03-23 23:46:32 | INFO     | src.indicators.technical_indicators:calculate_atr:385 | 计算 10 日ATR完成
2026-03-23 23:46:32 | INFO     | src.indicators.technical_indicators:calculate_cci:446 | 计算 20 日CCI完成
2026-03-23 23:46:32 | INFO     | src.indicators.technical_indicators:calculate_williams_r:476 | 计算 10 日威廉指标完成
2026-03-23 23:46:32 | INFO     | src.indicators.technical_indicators:calculate_ma:133 | 计算 5 日移动平均线完成
2026-03-23 23:46:32 | INFO     | src.indicators.technical_indicators:calculate_bias:500 | 计算 5 日乖离率完成
2026-03-23 23:46:32 | INFO     | src.indicators.technical_indicators:calculate_ma:133 | 计算 10 日移动平均线完成
2026-03-23 23:46:32 | INFO     | src.indicators.technical_indicators:calculate_bias:500 | 计算 10 日乖离率完成
2026-03-23 23:46:32 | INFO     | src.indicators.technical_indicators:calculate_ma:133 | 计算 20 日移动平均线完成
2026-03-23 23:46:32 | INFO     | src.indicators.technical_indicators:calculate_bias:500 | 计算 20 日乖离率完成
2026-03-23 23:46:32 | INFO     | src.indicators.technical_indicators:calculate_ma:133 | 计算 30 日移动平均线完成
2026-03-23 23:46:32 | INFO     | src.indicators.technical_indicators:calculate_bias:500 | 计算 30 日乖离率完成
2026-03-23 23:46:32 | INFO     | src.indicators.technical_indicators:calculate_ma:133 | 计算 60 日移动平均线完成
2026-03-23 23:46:32 | INFO     | src.indicators.technical_indicators:calculate_bias:500 | 计算 60 日乖离率完成
2026-03-23 23:46:32 | INFO     | src.indicators.technical_indicators:calculate_ma:133 | 计算 120 日移动平均线完成
2026-03-23 23:46:32 | INFO     | src.indicators.technical_indicators:calculate_bias:500 | 计算 120 日乖离率完成
2026-03-23 23:46:32 | INFO     | src.indicators.technical_indicators:calculate_ma:133 | 计算 250 日移动平均线完成
2026-03-23 23:46:32 | INFO     | src.indicators.technical_indicators:calculate_bias:500 | 计算 250 日乖离率完成
2026-03-23 23:46:32 | INFO     | src.indicators.technical_indicators:calculate_psy:523 | 计算 10 日心理线完成
2026-03-23 23:46:32 | WARNING  | src.indicators.technical_indicators:calculate_all:635 | 未知的指标类型: rsv_period
2026-03-23 23:46:32 | WARNING  | src.indicators.technical_indicators:calculate_all:635 | 未知的指标类型: volume_period
2026-03-23 23:46:32 | INFO     | src.indicators.technical_indicators:calculate_all:640 | 完成计算 45 个技术指标
2026-03-23 23:46:32 | INFO     | src.core.data_fetcher:save_data:432 | 保存数据到 csv 文件: 001309_with_indicators
2026-03-23 23:46:32 | INFO     | src.core.data_fetcher:save_data:452 | 数据保存成功: ./data\001309_with_indicators.csv
2026-03-23 23:46:32 | INFO     | src.workflow.base:calculate_signals:195 | 对股票 001309 进行信号判断
2026-03-23 23:46:32 | INFO     | src.core.data_fetcher:save_data:432 | 保存数据到 csv 文件: 001309_signals
2026-03-23 23:46:32 | INFO     | src.core.data_fetcher:save_data:452 | 数据保存成功: ./data\001309_signals.csv
2026-03-23 23:46:32 | INFO     | src.workflow.technical:process_fund:83 |   股票 001309 信号判断完成: 持有 (得分: -0.120)
2026-03-23 23:46:32 | INFO     | src.workflow.base:calculate_technical_indicators:160 | 计算股票 688525 的技术指标
2026-03-23 23:46:32 | INFO     | src.indicators.technical_indicators:calculate_ma:133 | 计算 5 日移动平均线完成
2026-03-23 23:46:32 | INFO     | src.indicators.technical_indicators:calculate_ma:133 | 计算 10 日移动平均线完成
2026-03-23 23:46:32 | INFO     | src.indicators.technical_indicators:calculate_ma:133 | 计算 20 日移动平均线完成
2026-03-23 23:46:32 | INFO     | src.indicators.technical_indicators:calculate_ma:133 | 计算 30 日移动平均线完成
2026-03-23 23:46:32 | INFO     | src.indicators.technical_indicators:calculate_ma:133 | 计算 60 日移动平均线完成
2026-03-23 23:46:32 | INFO     | src.indicators.technical_indicators:calculate_ma:133 | 计算 120 日移动平均线完成
2026-03-23 23:46:32 | INFO     | src.indicators.technical_indicators:calculate_ma:133 | 计算 250 日移动平均线完成
2026-03-23 23:46:32 | INFO     | src.indicators.technical_indicators:calculate_sma:157 | 计算 5 日简单移动平均线完成
2026-03-23 23:46:32 | INFO     | src.indicators.technical_indicators:calculate_sma:157 | 计算 10 日简单移动平均线完成
2026-03-23 23:46:32 | INFO     | src.indicators.technical_indicators:calculate_sma:157 | 计算 20 日简单移动平均线完成
2026-03-23 23:46:32 | INFO     | src.indicators.technical_indicators:calculate_sma:157 | 计算 30 日简单移动平均线完成
2026-03-23 23:46:32 | INFO     | src.indicators.technical_indicators:calculate_sma:157 | 计算 60 日简单移动平均线完成
2026-03-23 23:46:32 | INFO     | src.indicators.technical_indicators:calculate_sma:157 | 计算 120 日简单移动平均线完成
2026-03-23 23:46:32 | INFO     | src.indicators.technical_indicators:calculate_sma:157 | 计算 250 日简单移动平均线完成
2026-03-23 23:46:32 | INFO     | src.indicators.technical_indicators:calculate_ema:182 | 计算 12 日指数移动平均线完成
2026-03-23 23:46:32 | INFO     | src.indicators.technical_indicators:calculate_ema:182 | 计算 26 日指数移动平均线完成
2026-03-23 23:46:32 | INFO     | src.indicators.technical_indicators:calculate_rsi:221 | 计算 6 日RSI完成
2026-03-23 23:46:32 | INFO     | src.indicators.technical_indicators:calculate_rsi:221 | 计算 12 日RSI完成
2026-03-23 23:46:32 | INFO     | src.indicators.technical_indicators:calculate_rsi:221 | 计算 24 日RSI完成
2026-03-23 23:46:32 | INFO     | src.indicators.technical_indicators:calculate_macd:263 | 计算MACD完成：快线=12, 慢线=26, 信号线=9
2026-03-23 23:46:32 | INFO     | src.indicators.technical_indicators:calculate_macd:263 | 计算MACD完成：快线=12, 慢线=26, 信号线=12
2026-03-23 23:46:32 | INFO     | src.indicators.technical_indicators:calculate_boll:303 | 计算布林带完成：周期=20, 标准差倍数=2
2026-03-23 23:46:32 | INFO     | src.indicators.technical_indicators:calculate_kdj:350 | 计算KDJ完成：K周期=9, D周期=3, J周期=3
2026-03-23 23:46:32 | INFO     | src.indicators.technical_indicators:calculate_kdj:350 | 计算KDJ完成：K周期=10, D周期=3, J周期=3
2026-03-23 23:46:32 | INFO     | src.indicators.technical_indicators:calculate_atr:385 | 计算 10 日ATR完成
2026-03-23 23:46:32 | INFO     | src.indicators.technical_indicators:calculate_cci:446 | 计算 20 日CCI完成
2026-03-23 23:46:32 | INFO     | src.indicators.technical_indicators:calculate_williams_r:476 | 计算 10 日威廉指标完成
2026-03-23 23:46:32 | INFO     | src.indicators.technical_indicators:calculate_ma:133 | 计算 5 日移动平均线完成
2026-03-23 23:46:32 | INFO     | src.indicators.technical_indicators:calculate_bias:500 | 计算 5 日乖离率完成
2026-03-23 23:46:32 | INFO     | src.indicators.technical_indicators:calculate_ma:133 | 计算 10 日移动平均线完成
2026-03-23 23:46:32 | INFO     | src.indicators.technical_indicators:calculate_bias:500 | 计算 10 日乖离率完成
2026-03-23 23:46:32 | INFO     | src.indicators.technical_indicators:calculate_ma:133 | 计算 20 日移动平均线完成
2026-03-23 23:46:32 | INFO     | src.indicators.technical_indicators:calculate_bias:500 | 计算 20 日乖离率完成
2026-03-23 23:46:32 | INFO     | src.indicators.technical_indicators:calculate_ma:133 | 计算 30 日移动平均线完成
2026-03-23 23:46:32 | INFO     | src.indicators.technical_indicators:calculate_bias:500 | 计算 30 日乖离率完成
2026-03-23 23:46:32 | INFO     | src.indicators.technical_indicators:calculate_ma:133 | 计算 60 日移动平均线完成
2026-03-23 23:46:32 | INFO     | src.indicators.technical_indicators:calculate_bias:500 | 计算 60 日乖离率完成
2026-03-23 23:46:32 | INFO     | src.indicators.technical_indicators:calculate_ma:133 | 计算 120 日移动平均线完成
2026-03-23 23:46:32 | INFO     | src.indicators.technical_indicators:calculate_bias:500 | 计算 120 日乖离率完成
2026-03-23 23:46:32 | INFO     | src.indicators.technical_indicators:calculate_ma:133 | 计算 250 日移动平均线完成
2026-03-23 23:46:32 | INFO     | src.indicators.technical_indicators:calculate_bias:500 | 计算 250 日乖离率完成
2026-03-23 23:46:32 | INFO     | src.indicators.technical_indicators:calculate_psy:523 | 计算 10 日心理线完成
2026-03-23 23:46:32 | WARNING  | src.indicators.technical_indicators:calculate_all:635 | 未知的指标类型: rsv_period
2026-03-23 23:46:32 | WARNING  | src.indicators.technical_indicators:calculate_all:635 | 未知的指标类型: volume_period
2026-03-23 23:46:32 | INFO     | src.indicators.technical_indicators:calculate_all:640 | 完成计算 45 个技术指标
2026-03-23 23:46:32 | INFO     | src.core.data_fetcher:save_data:432 | 保存数据到 csv 文件: 688525_with_indicators
2026-03-23 23:46:32 | INFO     | src.core.data_fetcher:save_data:452 | 数据保存成功: ./data\688525_with_indicators.csv
2026-03-23 23:46:32 | INFO     | src.workflow.base:calculate_signals:195 | 对股票 688525 进行信号判断
2026-03-23 23:46:32 | INFO     | src.core.data_fetcher:save_data:432 | 保存数据到 csv 文件: 688525_signals
2026-03-23 23:46:32 | INFO     | src.core.data_fetcher:save_data:452 | 数据保存成功: ./data\688525_signals.csv
2026-03-23 23:46:32 | INFO     | src.workflow.technical:process_fund:83 |   股票 688525 信号判断完成: 持有 (得分: -0.120)
2026-03-23 23:46:32 | INFO     | src.workflow.base:calculate_technical_indicators:160 | 计算股票 300475 的技术指标
2026-03-23 23:46:32 | INFO     | src.indicators.technical_indicators:calculate_ma:133 | 计算 5 日移动平均线完成
2026-03-23 23:46:32 | INFO     | src.indicators.technical_indicators:calculate_ma:133 | 计算 10 日移动平均线完成
2026-03-23 23:46:32 | INFO     | src.indicators.technical_indicators:calculate_ma:133 | 计算 20 日移动平均线完成
2026-03-23 23:46:32 | INFO     | src.indicators.technical_indicators:calculate_ma:133 | 计算 30 日移动平均线完成
2026-03-23 23:46:32 | INFO     | src.indicators.technical_indicators:calculate_ma:133 | 计算 60 日移动平均线完成
2026-03-23 23:46:32 | INFO     | src.indicators.technical_indicators:calculate_ma:133 | 计算 120 日移动平均线完成
2026-03-23 23:46:32 | INFO     | src.indicators.technical_indicators:calculate_ma:133 | 计算 250 日移动平均线完成
2026-03-23 23:46:32 | INFO     | src.indicators.technical_indicators:calculate_sma:157 | 计算 5 日简单移动平均线完成
2026-03-23 23:46:32 | INFO     | src.indicators.technical_indicators:calculate_sma:157 | 计算 10 日简单移动平均线完成
2026-03-23 23:46:32 | INFO     | src.indicators.technical_indicators:calculate_sma:157 | 计算 20 日简单移动平均线完成
2026-03-23 23:46:32 | INFO     | src.indicators.technical_indicators:calculate_sma:157 | 计算 30 日简单移动平均线完成
2026-03-23 23:46:32 | INFO     | src.indicators.technical_indicators:calculate_sma:157 | 计算 60 日简单移动平均线完成
2026-03-23 23:46:32 | INFO     | src.indicators.technical_indicators:calculate_sma:157 | 计算 120 日简单移动平均线完成
2026-03-23 23:46:32 | INFO     | src.indicators.technical_indicators:calculate_sma:157 | 计算 250 日简单移动平均线完成
2026-03-23 23:46:32 | INFO     | src.indicators.technical_indicators:calculate_ema:182 | 计算 12 日指数移动平均线完成
2026-03-23 23:46:32 | INFO     | src.indicators.technical_indicators:calculate_ema:182 | 计算 26 日指数移动平均线完成
2026-03-23 23:46:32 | INFO     | src.indicators.technical_indicators:calculate_rsi:221 | 计算 6 日RSI完成
2026-03-23 23:46:32 | INFO     | src.indicators.technical_indicators:calculate_rsi:221 | 计算 12 日RSI完成
2026-03-23 23:46:32 | INFO     | src.indicators.technical_indicators:calculate_rsi:221 | 计算 24 日RSI完成
2026-03-23 23:46:32 | INFO     | src.indicators.technical_indicators:calculate_macd:263 | 计算MACD完成：快线=12, 慢线=26, 信号线=9
2026-03-23 23:46:32 | INFO     | src.indicators.technical_indicators:calculate_macd:263 | 计算MACD完成：快线=12, 慢线=26, 信号线=12
2026-03-23 23:46:32 | INFO     | src.indicators.technical_indicators:calculate_boll:303 | 计算布林带完成：周期=20, 标准差倍数=2
2026-03-23 23:46:32 | INFO     | src.indicators.technical_indicators:calculate_kdj:350 | 计算KDJ完成：K周期=9, D周期=3, J周期=3
2026-03-23 23:46:32 | INFO     | src.indicators.technical_indicators:calculate_kdj:350 | 计算KDJ完成：K周期=10, D周期=3, J周期=3
2026-03-23 23:46:32 | INFO     | src.indicators.technical_indicators:calculate_atr:385 | 计算 10 日ATR完成
2026-03-23 23:46:32 | INFO     | src.indicators.technical_indicators:calculate_cci:446 | 计算 20 日CCI完成
2026-03-23 23:46:32 | INFO     | src.indicators.technical_indicators:calculate_williams_r:476 | 计算 10 日威廉指标完成
2026-03-23 23:46:32 | INFO     | src.indicators.technical_indicators:calculate_ma:133 | 计算 5 日移动平均线完成
2026-03-23 23:46:32 | INFO     | src.indicators.technical_indicators:calculate_bias:500 | 计算 5 日乖离率完成
2026-03-23 23:46:32 | INFO     | src.indicators.technical_indicators:calculate_ma:133 | 计算 10 日移动平均线完成
2026-03-23 23:46:32 | INFO     | src.indicators.technical_indicators:calculate_bias:500 | 计算 10 日乖离率完成
2026-03-23 23:46:32 | INFO     | src.indicators.technical_indicators:calculate_ma:133 | 计算 20 日移动平均线完成
2026-03-23 23:46:32 | INFO     | src.indicators.technical_indicators:calculate_bias:500 | 计算 20 日乖离率完成
2026-03-23 23:46:32 | INFO     | src.indicators.technical_indicators:calculate_ma:133 | 计算 30 日移动平均线完成
2026-03-23 23:46:32 | INFO     | src.indicators.technical_indicators:calculate_bias:500 | 计算 30 日乖离率完成
2026-03-23 23:46:32 | INFO     | src.indicators.technical_indicators:calculate_ma:133 | 计算 60 日移动平均线完成
2026-03-23 23:46:32 | INFO     | src.indicators.technical_indicators:calculate_bias:500 | 计算 60 日乖离率完成
2026-03-23 23:46:32 | INFO     | src.indicators.technical_indicators:calculate_ma:133 | 计算 120 日移动平均线完成
2026-03-23 23:46:32 | INFO     | src.indicators.technical_indicators:calculate_bias:500 | 计算 120 日乖离率完成
2026-03-23 23:46:32 | INFO     | src.indicators.technical_indicators:calculate_ma:133 | 计算 250 日移动平均线完成
2026-03-23 23:46:32 | INFO     | src.indicators.technical_indicators:calculate_bias:500 | 计算 250 日乖离率完成
2026-03-23 23:46:32 | INFO     | src.indicators.technical_indicators:calculate_psy:523 | 计算 10 日心理线完成
2026-03-23 23:46:32 | WARNING  | src.indicators.technical_indicators:calculate_all:635 | 未知的指标类型: rsv_period
2026-03-23 23:46:32 | WARNING  | src.indicators.technical_indicators:calculate_all:635 | 未知的指标类型: volume_period
2026-03-23 23:46:32 | INFO     | src.indicators.technical_indicators:calculate_all:640 | 完成计算 45 个技术指标
2026-03-23 23:46:32 | INFO     | src.core.data_fetcher:save_data:432 | 保存数据到 csv 文件: 300475_with_indicators
2026-03-23 23:46:32 | INFO     | src.core.data_fetcher:save_data:452 | 数据保存成功: ./data\300475_with_indicators.csv
2026-03-23 23:46:32 | INFO     | src.workflow.base:calculate_signals:195 | 对股票 300475 进行信号判断
2026-03-23 23:46:32 | INFO     | src.core.data_fetcher:save_data:432 | 保存数据到 csv 文件: 300475_signals
2026-03-23 23:46:32 | INFO     | src.core.data_fetcher:save_data:452 | 数据保存成功: ./data\300475_signals.csv
2026-03-23 23:46:32 | INFO     | src.workflow.technical:process_fund:83 |   股票 300475 信号判断完成: 持有 (得分: -0.120)
2026-03-23 23:46:32 | INFO     | src.workflow.base:calculate_technical_indicators:160 | 计算股票 301308 的技术指标
2026-03-23 23:46:32 | INFO     | src.indicators.technical_indicators:calculate_ma:133 | 计算 5 日移动平均线完成
2026-03-23 23:46:32 | INFO     | src.indicators.technical_indicators:calculate_ma:133 | 计算 10 日移动平均线完成
2026-03-23 23:46:32 | INFO     | src.indicators.technical_indicators:calculate_ma:133 | 计算 20 日移动平均线完成
2026-03-23 23:46:32 | INFO     | src.indicators.technical_indicators:calculate_ma:133 | 计算 30 日移动平均线完成
2026-03-23 23:46:32 | INFO     | src.indicators.technical_indicators:calculate_ma:133 | 计算 60 日移动平均线完成
2026-03-23 23:46:32 | INFO     | src.indicators.technical_indicators:calculate_ma:133 | 计算 120 日移动平均线完成
2026-03-23 23:46:32 | INFO     | src.indicators.technical_indicators:calculate_ma:133 | 计算 250 日移动平均线完成
2026-03-23 23:46:32 | INFO     | src.indicators.technical_indicators:calculate_sma:157 | 计算 5 日简单移动平均线完成
2026-03-23 23:46:32 | INFO     | src.indicators.technical_indicators:calculate_sma:157 | 计算 10 日简单移动平均线完成
2026-03-23 23:46:32 | INFO     | src.indicators.technical_indicators:calculate_sma:157 | 计算 20 日简单移动平均线完成
2026-03-23 23:46:32 | INFO     | src.indicators.technical_indicators:calculate_sma:157 | 计算 30 日简单移动平均线完成
2026-03-23 23:46:32 | INFO     | src.indicators.technical_indicators:calculate_sma:157 | 计算 60 日简单移动平均线完成
2026-03-23 23:46:32 | INFO     | src.indicators.technical_indicators:calculate_sma:157 | 计算 120 日简单移动平均线完成
2026-03-23 23:46:32 | INFO     | src.indicators.technical_indicators:calculate_sma:157 | 计算 250 日简单移动平均线完成
2026-03-23 23:46:32 | INFO     | src.indicators.technical_indicators:calculate_ema:182 | 计算 12 日指数移动平均线完成
2026-03-23 23:46:32 | INFO     | src.indicators.technical_indicators:calculate_ema:182 | 计算 26 日指数移动平均线完成
2026-03-23 23:46:32 | INFO     | src.indicators.technical_indicators:calculate_rsi:221 | 计算 6 日RSI完成
2026-03-23 23:46:32 | INFO     | src.indicators.technical_indicators:calculate_rsi:221 | 计算 12 日RSI完成
2026-03-23 23:46:32 | INFO     | src.indicators.technical_indicators:calculate_rsi:221 | 计算 24 日RSI完成
2026-03-23 23:46:32 | INFO     | src.indicators.technical_indicators:calculate_macd:263 | 计算MACD完成：快线=12, 慢线=26, 信号线=9
2026-03-23 23:46:32 | INFO     | src.indicators.technical_indicators:calculate_macd:263 | 计算MACD完成：快线=12, 慢线=26, 信号线=12
2026-03-23 23:46:32 | INFO     | src.indicators.technical_indicators:calculate_boll:303 | 计算布林带完成：周期=20, 标准差倍数=2
2026-03-23 23:46:32 | INFO     | src.indicators.technical_indicators:calculate_kdj:350 | 计算KDJ完成：K周期=9, D周期=3, J周期=3
2026-03-23 23:46:32 | INFO     | src.indicators.technical_indicators:calculate_kdj:350 | 计算KDJ完成：K周期=10, D周期=3, J周期=3
2026-03-23 23:46:32 | INFO     | src.indicators.technical_indicators:calculate_atr:385 | 计算 10 日ATR完成
2026-03-23 23:46:32 | INFO     | src.indicators.technical_indicators:calculate_cci:446 | 计算 20 日CCI完成
2026-03-23 23:46:32 | INFO     | src.indicators.technical_indicators:calculate_williams_r:476 | 计算 10 日威廉指标完成
2026-03-23 23:46:32 | INFO     | src.indicators.technical_indicators:calculate_ma:133 | 计算 5 日移动平均线完成
2026-03-23 23:46:32 | INFO     | src.indicators.technical_indicators:calculate_bias:500 | 计算 5 日乖离率完成
2026-03-23 23:46:32 | INFO     | src.indicators.technical_indicators:calculate_ma:133 | 计算 10 日移动平均线完成
2026-03-23 23:46:32 | INFO     | src.indicators.technical_indicators:calculate_bias:500 | 计算 10 日乖离率完成
2026-03-23 23:46:32 | INFO     | src.indicators.technical_indicators:calculate_ma:133 | 计算 20 日移动平均线完成
2026-03-23 23:46:32 | INFO     | src.indicators.technical_indicators:calculate_bias:500 | 计算 20 日乖离率完成
2026-03-23 23:46:32 | INFO     | src.indicators.technical_indicators:calculate_ma:133 | 计算 30 日移动平均线完成
2026-03-23 23:46:32 | INFO     | src.indicators.technical_indicators:calculate_bias:500 | 计算 30 日乖离率完成
2026-03-23 23:46:32 | INFO     | src.indicators.technical_indicators:calculate_ma:133 | 计算 60 日移动平均线完成
2026-03-23 23:46:32 | INFO     | src.indicators.technical_indicators:calculate_bias:500 | 计算 60 日乖离率完成
2026-03-23 23:46:32 | INFO     | src.indicators.technical_indicators:calculate_ma:133 | 计算 120 日移动平均线完成
2026-03-23 23:46:32 | INFO     | src.indicators.technical_indicators:calculate_bias:500 | 计算 120 日乖离率完成
2026-03-23 23:46:32 | INFO     | src.indicators.technical_indicators:calculate_ma:133 | 计算 250 日移动平均线完成
2026-03-23 23:46:32 | INFO     | src.indicators.technical_indicators:calculate_bias:500 | 计算 250 日乖离率完成
2026-03-23 23:46:32 | INFO     | src.indicators.technical_indicators:calculate_psy:523 | 计算 10 日心理线完成
2026-03-23 23:46:32 | WARNING  | src.indicators.technical_indicators:calculate_all:635 | 未知的指标类型: rsv_period
2026-03-23 23:46:32 | WARNING  | src.indicators.technical_indicators:calculate_all:635 | 未知的指标类型: volume_period
2026-03-23 23:46:32 | INFO     | src.indicators.technical_indicators:calculate_all:640 | 完成计算 45 个技术指标
2026-03-23 23:46:32 | INFO     | src.core.data_fetcher:save_data:432 | 保存数据到 csv 文件: 301308_with_indicators
2026-03-23 23:46:32 | INFO     | src.core.data_fetcher:save_data:452 | 数据保存成功: ./data\301308_with_indicators.csv
2026-03-23 23:46:32 | INFO     | src.workflow.base:calculate_signals:195 | 对股票 301308 进行信号判断
2026-03-23 23:46:32 | INFO     | src.core.data_fetcher:save_data:432 | 保存数据到 csv 文件: 301308_signals
2026-03-23 23:46:32 | INFO     | src.core.data_fetcher:save_data:452 | 数据保存成功: ./data\301308_signals.csv
2026-03-23 23:46:32 | INFO     | src.workflow.technical:process_fund:83 |   股票 301308 信号判断完成: 持有 (得分: -0.120)
2026-03-23 23:46:32 | INFO     | src.workflow.base:calculate_technical_indicators:160 | 计算股票 300223 的技术指标
2026-03-23 23:46:32 | INFO     | src.indicators.technical_indicators:calculate_ma:133 | 计算 5 日移动平均线完成
2026-03-23 23:46:32 | INFO     | src.indicators.technical_indicators:calculate_ma:133 | 计算 10 日移动平均线完成
2026-03-23 23:46:32 | INFO     | src.indicators.technical_indicators:calculate_ma:133 | 计算 20 日移动平均线完成
2026-03-23 23:46:32 | INFO     | src.indicators.technical_indicators:calculate_ma:133 | 计算 30 日移动平均线完成
2026-03-23 23:46:32 | INFO     | src.indicators.technical_indicators:calculate_ma:133 | 计算 60 日移动平均线完成
2026-03-23 23:46:32 | INFO     | src.indicators.technical_indicators:calculate_ma:133 | 计算 120 日移动平均线完成
2026-03-23 23:46:32 | INFO     | src.indicators.technical_indicators:calculate_ma:133 | 计算 250 日移动平均线完成
2026-03-23 23:46:32 | INFO     | src.indicators.technical_indicators:calculate_sma:157 | 计算 5 日简单移动平均线完成
2026-03-23 23:46:32 | INFO     | src.indicators.technical_indicators:calculate_sma:157 | 计算 10 日简单移动平均线完成
2026-03-23 23:46:32 | INFO     | src.indicators.technical_indicators:calculate_sma:157 | 计算 20 日简单移动平均线完成
2026-03-23 23:46:32 | INFO     | src.indicators.technical_indicators:calculate_sma:157 | 计算 30 日简单移动平均线完成
2026-03-23 23:46:32 | INFO     | src.indicators.technical_indicators:calculate_sma:157 | 计算 60 日简单移动平均线完成
2026-03-23 23:46:32 | INFO     | src.indicators.technical_indicators:calculate_sma:157 | 计算 120 日简单移动平均线完成
2026-03-23 23:46:32 | INFO     | src.indicators.technical_indicators:calculate_sma:157 | 计算 250 日简单移动平均线完成
2026-03-23 23:46:32 | INFO     | src.indicators.technical_indicators:calculate_ema:182 | 计算 12 日指数移动平均线完成
2026-03-23 23:46:32 | INFO     | src.indicators.technical_indicators:calculate_ema:182 | 计算 26 日指数移动平均线完成
2026-03-23 23:46:32 | INFO     | src.indicators.technical_indicators:calculate_rsi:221 | 计算 6 日RSI完成
2026-03-23 23:46:32 | INFO     | src.indicators.technical_indicators:calculate_rsi:221 | 计算 12 日RSI完成
2026-03-23 23:46:32 | INFO     | src.indicators.technical_indicators:calculate_rsi:221 | 计算 24 日RSI完成
2026-03-23 23:46:32 | INFO     | src.indicators.technical_indicators:calculate_macd:263 | 计算MACD完成：快线=12, 慢线=26, 信号线=9
2026-03-23 23:46:32 | INFO     | src.indicators.technical_indicators:calculate_macd:263 | 计算MACD完成：快线=12, 慢线=26, 信号线=12
2026-03-23 23:46:32 | INFO     | src.indicators.technical_indicators:calculate_boll:303 | 计算布林带完成：周期=20, 标准差倍数=2
2026-03-23 23:46:32 | INFO     | src.indicators.technical_indicators:calculate_kdj:350 | 计算KDJ完成：K周期=9, D周期=3, J周期=3
2026-03-23 23:46:32 | INFO     | src.indicators.technical_indicators:calculate_kdj:350 | 计算KDJ完成：K周期=10, D周期=3, J周期=3
2026-03-23 23:46:32 | INFO     | src.indicators.technical_indicators:calculate_atr:385 | 计算 10 日ATR完成
2026-03-23 23:46:32 | INFO     | src.indicators.technical_indicators:calculate_cci:446 | 计算 20 日CCI完成
2026-03-23 23:46:32 | INFO     | src.indicators.technical_indicators:calculate_williams_r:476 | 计算 10 日威廉指标完成
2026-03-23 23:46:32 | INFO     | src.indicators.technical_indicators:calculate_ma:133 | 计算 5 日移动平均线完成
2026-03-23 23:46:32 | INFO     | src.indicators.technical_indicators:calculate_bias:500 | 计算 5 日乖离率完成
2026-03-23 23:46:32 | INFO     | src.indicators.technical_indicators:calculate_ma:133 | 计算 10 日移动平均线完成
2026-03-23 23:46:32 | INFO     | src.indicators.technical_indicators:calculate_bias:500 | 计算 10 日乖离率完成
2026-03-23 23:46:32 | INFO     | src.indicators.technical_indicators:calculate_ma:133 | 计算 20 日移动平均线完成
2026-03-23 23:46:32 | INFO     | src.indicators.technical_indicators:calculate_bias:500 | 计算 20 日乖离率完成
2026-03-23 23:46:32 | INFO     | src.indicators.technical_indicators:calculate_ma:133 | 计算 30 日移动平均线完成
2026-03-23 23:46:32 | INFO     | src.indicators.technical_indicators:calculate_bias:500 | 计算 30 日乖离率完成
2026-03-23 23:46:32 | INFO     | src.indicators.technical_indicators:calculate_ma:133 | 计算 60 日移动平均线完成
2026-03-23 23:46:32 | INFO     | src.indicators.technical_indicators:calculate_bias:500 | 计算 60 日乖离率完成
2026-03-23 23:46:32 | INFO     | src.indicators.technical_indicators:calculate_ma:133 | 计算 120 日移动平均线完成
2026-03-23 23:46:32 | INFO     | src.indicators.technical_indicators:calculate_bias:500 | 计算 120 日乖离率完成
2026-03-23 23:46:32 | INFO     | src.indicators.technical_indicators:calculate_ma:133 | 计算 250 日移动平均线完成
2026-03-23 23:46:32 | INFO     | src.indicators.technical_indicators:calculate_bias:500 | 计算 250 日乖离率完成
2026-03-23 23:46:32 | INFO     | src.indicators.technical_indicators:calculate_psy:523 | 计算 10 日心理线完成
2026-03-23 23:46:32 | WARNING  | src.indicators.technical_indicators:calculate_all:635 | 未知的指标类型: rsv_period
2026-03-23 23:46:32 | WARNING  | src.indicators.technical_indicators:calculate_all:635 | 未知的指标类型: volume_period
2026-03-23 23:46:32 | INFO     | src.indicators.technical_indicators:calculate_all:640 | 完成计算 45 个技术指标
2026-03-23 23:46:32 | INFO     | src.core.data_fetcher:save_data:432 | 保存数据到 csv 文件: 300223_with_indicators
2026-03-23 23:46:32 | INFO     | src.core.data_fetcher:save_data:452 | 数据保存成功: ./data\300223_with_indicators.csv
2026-03-23 23:46:32 | INFO     | src.workflow.base:calculate_signals:195 | 对股票 300223 进行信号判断
2026-03-23 23:46:32 | INFO     | src.core.data_fetcher:save_data:432 | 保存数据到 csv 文件: 300223_signals
2026-03-23 23:46:32 | INFO     | src.core.data_fetcher:save_data:452 | 数据保存成功: ./data\300223_signals.csv
2026-03-23 23:46:32 | INFO     | src.workflow.technical:process_fund:83 |   股票 300223 信号判断完成: 持有 (得分: 0.120)
2026-03-23 23:46:32 | INFO     | src.workflow.base:calculate_technical_indicators:160 | 计算股票 603986 的技术指标
2026-03-23 23:46:32 | INFO     | src.indicators.technical_indicators:calculate_ma:133 | 计算 5 日移动平均线完成
2026-03-23 23:46:32 | INFO     | src.indicators.technical_indicators:calculate_ma:133 | 计算 10 日移动平均线完成
2026-03-23 23:46:32 | INFO     | src.indicators.technical_indicators:calculate_ma:133 | 计算 20 日移动平均线完成
2026-03-23 23:46:32 | INFO     | src.indicators.technical_indicators:calculate_ma:133 | 计算 30 日移动平均线完成
2026-03-23 23:46:32 | INFO     | src.indicators.technical_indicators:calculate_ma:133 | 计算 60 日移动平均线完成
2026-03-23 23:46:32 | INFO     | src.indicators.technical_indicators:calculate_ma:133 | 计算 120 日移动平均线完成
2026-03-23 23:46:32 | INFO     | src.indicators.technical_indicators:calculate_ma:133 | 计算 250 日移动平均线完成
2026-03-23 23:46:32 | INFO     | src.indicators.technical_indicators:calculate_sma:157 | 计算 5 日简单移动平均线完成
2026-03-23 23:46:32 | INFO     | src.indicators.technical_indicators:calculate_sma:157 | 计算 10 日简单移动平均线完成
2026-03-23 23:46:32 | INFO     | src.indicators.technical_indicators:calculate_sma:157 | 计算 20 日简单移动平均线完成
2026-03-23 23:46:32 | INFO     | src.indicators.technical_indicators:calculate_sma:157 | 计算 30 日简单移动平均线完成
2026-03-23 23:46:32 | INFO     | src.indicators.technical_indicators:calculate_sma:157 | 计算 60 日简单移动平均线完成
2026-03-23 23:46:32 | INFO     | src.indicators.technical_indicators:calculate_sma:157 | 计算 120 日简单移动平均线完成
2026-03-23 23:46:32 | INFO     | src.indicators.technical_indicators:calculate_sma:157 | 计算 250 日简单移动平均线完成
2026-03-23 23:46:32 | INFO     | src.indicators.technical_indicators:calculate_ema:182 | 计算 12 日指数移动平均线完成
2026-03-23 23:46:32 | INFO     | src.indicators.technical_indicators:calculate_ema:182 | 计算 26 日指数移动平均线完成
2026-03-23 23:46:32 | INFO     | src.indicators.technical_indicators:calculate_rsi:221 | 计算 6 日RSI完成
2026-03-23 23:46:32 | INFO     | src.indicators.technical_indicators:calculate_rsi:221 | 计算 12 日RSI完成
2026-03-23 23:46:32 | INFO     | src.indicators.technical_indicators:calculate_rsi:221 | 计算 24 日RSI完成
2026-03-23 23:46:32 | INFO     | src.indicators.technical_indicators:calculate_macd:263 | 计算MACD完成：快线=12, 慢线=26, 信号线=9
2026-03-23 23:46:32 | INFO     | src.indicators.technical_indicators:calculate_macd:263 | 计算MACD完成：快线=12, 慢线=26, 信号线=12
2026-03-23 23:46:32 | INFO     | src.indicators.technical_indicators:calculate_boll:303 | 计算布林带完成：周期=20, 标准差倍数=2
2026-03-23 23:46:32 | INFO     | src.indicators.technical_indicators:calculate_kdj:350 | 计算KDJ完成：K周期=9, D周期=3, J周期=3
2026-03-23 23:46:32 | INFO     | src.indicators.technical_indicators:calculate_kdj:350 | 计算KDJ完成：K周期=10, D周期=3, J周期=3
2026-03-23 23:46:32 | INFO     | src.indicators.technical_indicators:calculate_atr:385 | 计算 10 日ATR完成
2026-03-23 23:46:32 | INFO     | src.indicators.technical_indicators:calculate_cci:446 | 计算 20 日CCI完成
2026-03-23 23:46:32 | INFO     | src.indicators.technical_indicators:calculate_williams_r:476 | 计算 10 日威廉指标完成
2026-03-23 23:46:32 | INFO     | src.indicators.technical_indicators:calculate_ma:133 | 计算 5 日移动平均线完成
2026-03-23 23:46:32 | INFO     | src.indicators.technical_indicators:calculate_bias:500 | 计算 5 日乖离率完成
2026-03-23 23:46:32 | INFO     | src.indicators.technical_indicators:calculate_ma:133 | 计算 10 日移动平均线完成
2026-03-23 23:46:32 | INFO     | src.indicators.technical_indicators:calculate_bias:500 | 计算 10 日乖离率完成
2026-03-23 23:46:32 | INFO     | src.indicators.technical_indicators:calculate_ma:133 | 计算 20 日移动平均线完成
2026-03-23 23:46:32 | INFO     | src.indicators.technical_indicators:calculate_bias:500 | 计算 20 日乖离率完成
2026-03-23 23:46:32 | INFO     | src.indicators.technical_indicators:calculate_ma:133 | 计算 30 日移动平均线完成
2026-03-23 23:46:32 | INFO     | src.indicators.technical_indicators:calculate_bias:500 | 计算 30 日乖离率完成
2026-03-23 23:46:32 | INFO     | src.indicators.technical_indicators:calculate_ma:133 | 计算 60 日移动平均线完成
2026-03-23 23:46:32 | INFO     | src.indicators.technical_indicators:calculate_bias:500 | 计算 60 日乖离率完成
2026-03-23 23:46:32 | INFO     | src.indicators.technical_indicators:calculate_ma:133 | 计算 120 日移动平均线完成
2026-03-23 23:46:32 | INFO     | src.indicators.technical_indicators:calculate_bias:500 | 计算 120 日乖离率完成
2026-03-23 23:46:32 | INFO     | src.indicators.technical_indicators:calculate_ma:133 | 计算 250 日移动平均线完成
2026-03-23 23:46:32 | INFO     | src.indicators.technical_indicators:calculate_bias:500 | 计算 250 日乖离率完成
2026-03-23 23:46:32 | INFO     | src.indicators.technical_indicators:calculate_psy:523 | 计算 10 日心理线完成
2026-03-23 23:46:32 | WARNING  | src.indicators.technical_indicators:calculate_all:635 | 未知的指标类型: rsv_period
2026-03-23 23:46:32 | WARNING  | src.indicators.technical_indicators:calculate_all:635 | 未知的指标类型: volume_period
2026-03-23 23:46:32 | INFO     | src.indicators.technical_indicators:calculate_all:640 | 完成计算 45 个技术指标
2026-03-23 23:46:32 | INFO     | src.core.data_fetcher:save_data:432 | 保存数据到 csv 文件: 603986_with_indicators
2026-03-23 23:46:32 | INFO     | src.core.data_fetcher:save_data:452 | 数据保存成功: ./data\603986_with_indicators.csv
2026-03-23 23:46:32 | INFO     | src.workflow.base:calculate_signals:195 | 对股票 603986 进行信号判断
2026-03-23 23:46:32 | INFO     | src.core.data_fetcher:save_data:432 | 保存数据到 csv 文件: 603986_signals
2026-03-23 23:46:32 | INFO     | src.core.data_fetcher:save_data:452 | 数据保存成功: ./data\603986_signals.csv
2026-03-23 23:46:32 | INFO     | src.workflow.technical:process_fund:83 |   股票 603986 信号判断完成: 卖出 (得分: -0.447)
2026-03-23 23:46:32 | INFO     | src.workflow.base:calculate_technical_indicators:160 | 计算股票 688627 的技术指标
2026-03-23 23:46:32 | INFO     | src.indicators.technical_indicators:calculate_ma:133 | 计算 5 日移动平均线完成
2026-03-23 23:46:32 | INFO     | src.indicators.technical_indicators:calculate_ma:133 | 计算 10 日移动平均线完成
2026-03-23 23:46:32 | INFO     | src.indicators.technical_indicators:calculate_ma:133 | 计算 20 日移动平均线完成
2026-03-23 23:46:32 | INFO     | src.indicators.technical_indicators:calculate_ma:133 | 计算 30 日移动平均线完成
2026-03-23 23:46:32 | INFO     | src.indicators.technical_indicators:calculate_ma:133 | 计算 60 日移动平均线完成
2026-03-23 23:46:32 | INFO     | src.indicators.technical_indicators:calculate_ma:133 | 计算 120 日移动平均线完成
2026-03-23 23:46:32 | INFO     | src.indicators.technical_indicators:calculate_ma:133 | 计算 250 日移动平均线完成
2026-03-23 23:46:32 | INFO     | src.indicators.technical_indicators:calculate_sma:157 | 计算 5 日简单移动平均线完成
2026-03-23 23:46:32 | INFO     | src.indicators.technical_indicators:calculate_sma:157 | 计算 10 日简单移动平均线完成
2026-03-23 23:46:32 | INFO     | src.indicators.technical_indicators:calculate_sma:157 | 计算 20 日简单移动平均线完成
2026-03-23 23:46:32 | INFO     | src.indicators.technical_indicators:calculate_sma:157 | 计算 30 日简单移动平均线完成
2026-03-23 23:46:32 | INFO     | src.indicators.technical_indicators:calculate_sma:157 | 计算 60 日简单移动平均线完成
2026-03-23 23:46:32 | INFO     | src.indicators.technical_indicators:calculate_sma:157 | 计算 120 日简单移动平均线完成
2026-03-23 23:46:32 | INFO     | src.indicators.technical_indicators:calculate_sma:157 | 计算 250 日简单移动平均线完成
2026-03-23 23:46:32 | INFO     | src.indicators.technical_indicators:calculate_ema:182 | 计算 12 日指数移动平均线完成
2026-03-23 23:46:32 | INFO     | src.indicators.technical_indicators:calculate_ema:182 | 计算 26 日指数移动平均线完成
2026-03-23 23:46:32 | INFO     | src.indicators.technical_indicators:calculate_rsi:221 | 计算 6 日RSI完成
2026-03-23 23:46:32 | INFO     | src.indicators.technical_indicators:calculate_rsi:221 | 计算 12 日RSI完成
2026-03-23 23:46:32 | INFO     | src.indicators.technical_indicators:calculate_rsi:221 | 计算 24 日RSI完成
2026-03-23 23:46:32 | INFO     | src.indicators.technical_indicators:calculate_macd:263 | 计算MACD完成：快线=12, 慢线=26, 信号线=9
2026-03-23 23:46:32 | INFO     | src.indicators.technical_indicators:calculate_macd:263 | 计算MACD完成：快线=12, 慢线=26, 信号线=12
2026-03-23 23:46:32 | INFO     | src.indicators.technical_indicators:calculate_boll:303 | 计算布林带完成：周期=20, 标准差倍数=2
2026-03-23 23:46:32 | INFO     | src.indicators.technical_indicators:calculate_kdj:350 | 计算KDJ完成：K周期=9, D周期=3, J周期=3
2026-03-23 23:46:32 | INFO     | src.indicators.technical_indicators:calculate_kdj:350 | 计算KDJ完成：K周期=10, D周期=3, J周期=3
2026-03-23 23:46:32 | INFO     | src.indicators.technical_indicators:calculate_atr:385 | 计算 10 日ATR完成
2026-03-23 23:46:32 | INFO     | src.indicators.technical_indicators:calculate_cci:446 | 计算 20 日CCI完成
2026-03-23 23:46:32 | INFO     | src.indicators.technical_indicators:calculate_williams_r:476 | 计算 10 日威廉指标完成
2026-03-23 23:46:32 | INFO     | src.indicators.technical_indicators:calculate_ma:133 | 计算 5 日移动平均线完成
2026-03-23 23:46:32 | INFO     | src.indicators.technical_indicators:calculate_bias:500 | 计算 5 日乖离率完成
2026-03-23 23:46:32 | INFO     | src.indicators.technical_indicators:calculate_ma:133 | 计算 10 日移动平均线完成
2026-03-23 23:46:32 | INFO     | src.indicators.technical_indicators:calculate_bias:500 | 计算 10 日乖离率完成
2026-03-23 23:46:32 | INFO     | src.indicators.technical_indicators:calculate_ma:133 | 计算 20 日移动平均线完成
2026-03-23 23:46:32 | INFO     | src.indicators.technical_indicators:calculate_bias:500 | 计算 20 日乖离率完成
2026-03-23 23:46:32 | INFO     | src.indicators.technical_indicators:calculate_ma:133 | 计算 30 日移动平均线完成
2026-03-23 23:46:32 | INFO     | src.indicators.technical_indicators:calculate_bias:500 | 计算 30 日乖离率完成
2026-03-23 23:46:32 | INFO     | src.indicators.technical_indicators:calculate_ma:133 | 计算 60 日移动平均线完成
2026-03-23 23:46:32 | INFO     | src.indicators.technical_indicators:calculate_bias:500 | 计算 60 日乖离率完成
2026-03-23 23:46:32 | INFO     | src.indicators.technical_indicators:calculate_ma:133 | 计算 120 日移动平均线完成
2026-03-23 23:46:32 | INFO     | src.indicators.technical_indicators:calculate_bias:500 | 计算 120 日乖离率完成
2026-03-23 23:46:32 | INFO     | src.indicators.technical_indicators:calculate_ma:133 | 计算 250 日移动平均线完成
2026-03-23 23:46:32 | INFO     | src.indicators.technical_indicators:calculate_bias:500 | 计算 250 日乖离率完成
2026-03-23 23:46:32 | INFO     | src.indicators.technical_indicators:calculate_psy:523 | 计算 10 日心理线完成
2026-03-23 23:46:32 | WARNING  | src.indicators.technical_indicators:calculate_all:635 | 未知的指标类型: rsv_period
2026-03-23 23:46:32 | WARNING  | src.indicators.technical_indicators:calculate_all:635 | 未知的指标类型: volume_period
2026-03-23 23:46:32 | INFO     | src.indicators.technical_indicators:calculate_all:640 | 完成计算 45 个技术指标
2026-03-23 23:46:32 | INFO     | src.core.data_fetcher:save_data:432 | 保存数据到 csv 文件: 688627_with_indicators
2026-03-23 23:46:32 | INFO     | src.core.data_fetcher:save_data:452 | 数据保存成功: ./data\688627_with_indicators.csv
2026-03-23 23:46:32 | INFO     | src.workflow.base:calculate_signals:195 | 对股票 688627 进行信号判断
2026-03-23 23:46:32 | INFO     | src.core.data_fetcher:save_data:432 | 保存数据到 csv 文件: 688627_signals
2026-03-23 23:46:32 | INFO     | src.core.data_fetcher:save_data:452 | 数据保存成功: ./data\688627_signals.csv
2026-03-23 23:46:32 | INFO     | src.workflow.technical:process_fund:83 |   股票 688627 信号判断完成: 持有 (得分: 0.002)
2026-03-23 23:46:32 | INFO     | src.workflow.base:calculate_technical_indicators:160 | 计算股票 688233 的技术指标
2026-03-23 23:46:32 | INFO     | src.indicators.technical_indicators:calculate_ma:133 | 计算 5 日移动平均线完成
2026-03-23 23:46:32 | INFO     | src.indicators.technical_indicators:calculate_ma:133 | 计算 10 日移动平均线完成
2026-03-23 23:46:32 | INFO     | src.indicators.technical_indicators:calculate_ma:133 | 计算 20 日移动平均线完成
2026-03-23 23:46:32 | INFO     | src.indicators.technical_indicators:calculate_ma:133 | 计算 30 日移动平均线完成
2026-03-23 23:46:32 | INFO     | src.indicators.technical_indicators:calculate_ma:133 | 计算 60 日移动平均线完成
2026-03-23 23:46:32 | INFO     | src.indicators.technical_indicators:calculate_ma:133 | 计算 120 日移动平均线完成
2026-03-23 23:46:32 | INFO     | src.indicators.technical_indicators:calculate_ma:133 | 计算 250 日移动平均线完成
2026-03-23 23:46:32 | INFO     | src.indicators.technical_indicators:calculate_sma:157 | 计算 5 日简单移动平均线完成
2026-03-23 23:46:32 | INFO     | src.indicators.technical_indicators:calculate_sma:157 | 计算 10 日简单移动平均线完成
2026-03-23 23:46:32 | INFO     | src.indicators.technical_indicators:calculate_sma:157 | 计算 20 日简单移动平均线完成
2026-03-23 23:46:32 | INFO     | src.indicators.technical_indicators:calculate_sma:157 | 计算 30 日简单移动平均线完成
2026-03-23 23:46:32 | INFO     | src.indicators.technical_indicators:calculate_sma:157 | 计算 60 日简单移动平均线完成
2026-03-23 23:46:32 | INFO     | src.indicators.technical_indicators:calculate_sma:157 | 计算 120 日简单移动平均线完成
2026-03-23 23:46:32 | INFO     | src.indicators.technical_indicators:calculate_sma:157 | 计算 250 日简单移动平均线完成
2026-03-23 23:46:32 | INFO     | src.indicators.technical_indicators:calculate_ema:182 | 计算 12 日指数移动平均线完成
2026-03-23 23:46:32 | INFO     | src.indicators.technical_indicators:calculate_ema:182 | 计算 26 日指数移动平均线完成
2026-03-23 23:46:32 | INFO     | src.indicators.technical_indicators:calculate_rsi:221 | 计算 6 日RSI完成
2026-03-23 23:46:32 | INFO     | src.indicators.technical_indicators:calculate_rsi:221 | 计算 12 日RSI完成
2026-03-23 23:46:32 | INFO     | src.indicators.technical_indicators:calculate_rsi:221 | 计算 24 日RSI完成
2026-03-23 23:46:32 | INFO     | src.indicators.technical_indicators:calculate_macd:263 | 计算MACD完成：快线=12, 慢线=26, 信号线=9
2026-03-23 23:46:32 | INFO     | src.indicators.technical_indicators:calculate_macd:263 | 计算MACD完成：快线=12, 慢线=26, 信号线=12
2026-03-23 23:46:32 | INFO     | src.indicators.technical_indicators:calculate_boll:303 | 计算布林带完成：周期=20, 标准差倍数=2
2026-03-23 23:46:32 | INFO     | src.indicators.technical_indicators:calculate_kdj:350 | 计算KDJ完成：K周期=9, D周期=3, J周期=3
2026-03-23 23:46:32 | INFO     | src.indicators.technical_indicators:calculate_kdj:350 | 计算KDJ完成：K周期=10, D周期=3, J周期=3
2026-03-23 23:46:32 | INFO     | src.indicators.technical_indicators:calculate_atr:385 | 计算 10 日ATR完成
2026-03-23 23:46:33 | INFO     | src.indicators.technical_indicators:calculate_cci:446 | 计算 20 日CCI完成
2026-03-23 23:46:33 | INFO     | src.indicators.technical_indicators:calculate_williams_r:476 | 计算 10 日威廉指标完成
2026-03-23 23:46:33 | INFO     | src.indicators.technical_indicators:calculate_ma:133 | 计算 5 日移动平均线完成
2026-03-23 23:46:33 | INFO     | src.indicators.technical_indicators:calculate_bias:500 | 计算 5 日乖离率完成
2026-03-23 23:46:33 | INFO     | src.indicators.technical_indicators:calculate_ma:133 | 计算 10 日移动平均线完成
2026-03-23 23:46:33 | INFO     | src.indicators.technical_indicators:calculate_bias:500 | 计算 10 日乖离率完成
2026-03-23 23:46:33 | INFO     | src.indicators.technical_indicators:calculate_ma:133 | 计算 20 日移动平均线完成
2026-03-23 23:46:33 | INFO     | src.indicators.technical_indicators:calculate_bias:500 | 计算 20 日乖离率完成
2026-03-23 23:46:33 | INFO     | src.indicators.technical_indicators:calculate_ma:133 | 计算 30 日移动平均线完成
2026-03-23 23:46:33 | INFO     | src.indicators.technical_indicators:calculate_bias:500 | 计算 30 日乖离率完成
2026-03-23 23:46:33 | INFO     | src.indicators.technical_indicators:calculate_ma:133 | 计算 60 日移动平均线完成
2026-03-23 23:46:33 | INFO     | src.indicators.technical_indicators:calculate_bias:500 | 计算 60 日乖离率完成
2026-03-23 23:46:33 | INFO     | src.indicators.technical_indicators:calculate_ma:133 | 计算 120 日移动平均线完成
2026-03-23 23:46:33 | INFO     | src.indicators.technical_indicators:calculate_bias:500 | 计算 120 日乖离率完成
2026-03-23 23:46:33 | INFO     | src.indicators.technical_indicators:calculate_ma:133 | 计算 250 日移动平均线完成
2026-03-23 23:46:33 | INFO     | src.indicators.technical_indicators:calculate_bias:500 | 计算 250 日乖离率完成
2026-03-23 23:46:33 | INFO     | src.indicators.technical_indicators:calculate_psy:523 | 计算 10 日心理线完成
2026-03-23 23:46:33 | WARNING  | src.indicators.technical_indicators:calculate_all:635 | 未知的指标类型: rsv_period
2026-03-23 23:46:33 | WARNING  | src.indicators.technical_indicators:calculate_all:635 | 未知的指标类型: volume_period
2026-03-23 23:46:33 | INFO     | src.indicators.technical_indicators:calculate_all:640 | 完成计算 45 个技术指标
2026-03-23 23:46:33 | INFO     | src.core.data_fetcher:save_data:432 | 保存数据到 csv 文件: 688233_with_indicators
2026-03-23 23:46:33 | INFO     | src.core.data_fetcher:save_data:452 | 数据保存成功: ./data\688233_with_indicators.csv
2026-03-23 23:46:33 | INFO     | src.workflow.base:calculate_signals:195 | 对股票 688233 进行信号判断
2026-03-23 23:46:33 | INFO     | src.core.data_fetcher:save_data:432 | 保存数据到 csv 文件: 688233_signals
2026-03-23 23:46:33 | INFO     | src.core.data_fetcher:save_data:452 | 数据保存成功: ./data\688233_signals.csv
2026-03-23 23:46:33 | INFO     | src.workflow.technical:process_fund:83 |   股票 688233 信号判断完成: 持有 (得分: 0.120)
2026-03-23 23:46:33 | INFO     | src.workflow.base:calculate_technical_indicators:160 | 计算股票 688228 的技术指标
2026-03-23 23:46:33 | INFO     | src.indicators.technical_indicators:calculate_ma:133 | 计算 5 日移动平均线完成
2026-03-23 23:46:33 | INFO     | src.indicators.technical_indicators:calculate_ma:133 | 计算 10 日移动平均线完成
2026-03-23 23:46:33 | INFO     | src.indicators.technical_indicators:calculate_ma:133 | 计算 20 日移动平均线完成
2026-03-23 23:46:33 | INFO     | src.indicators.technical_indicators:calculate_ma:133 | 计算 30 日移动平均线完成
2026-03-23 23:46:33 | INFO     | src.indicators.technical_indicators:calculate_ma:133 | 计算 60 日移动平均线完成
2026-03-23 23:46:33 | INFO     | src.indicators.technical_indicators:calculate_ma:133 | 计算 120 日移动平均线完成
2026-03-23 23:46:33 | INFO     | src.indicators.technical_indicators:calculate_ma:133 | 计算 250 日移动平均线完成
2026-03-23 23:46:33 | INFO     | src.indicators.technical_indicators:calculate_sma:157 | 计算 5 日简单移动平均线完成
2026-03-23 23:46:33 | INFO     | src.indicators.technical_indicators:calculate_sma:157 | 计算 10 日简单移动平均线完成
2026-03-23 23:46:33 | INFO     | src.indicators.technical_indicators:calculate_sma:157 | 计算 20 日简单移动平均线完成
2026-03-23 23:46:33 | INFO     | src.indicators.technical_indicators:calculate_sma:157 | 计算 30 日简单移动平均线完成
2026-03-23 23:46:33 | INFO     | src.indicators.technical_indicators:calculate_sma:157 | 计算 60 日简单移动平均线完成
2026-03-23 23:46:33 | INFO     | src.indicators.technical_indicators:calculate_sma:157 | 计算 120 日简单移动平均线完成
2026-03-23 23:46:33 | INFO     | src.indicators.technical_indicators:calculate_sma:157 | 计算 250 日简单移动平均线完成
2026-03-23 23:46:33 | INFO     | src.indicators.technical_indicators:calculate_ema:182 | 计算 12 日指数移动平均线完成
2026-03-23 23:46:33 | INFO     | src.indicators.technical_indicators:calculate_ema:182 | 计算 26 日指数移动平均线完成
2026-03-23 23:46:33 | INFO     | src.indicators.technical_indicators:calculate_rsi:221 | 计算 6 日RSI完成
2026-03-23 23:46:33 | INFO     | src.indicators.technical_indicators:calculate_rsi:221 | 计算 12 日RSI完成
2026-03-23 23:46:33 | INFO     | src.indicators.technical_indicators:calculate_rsi:221 | 计算 24 日RSI完成
2026-03-23 23:46:33 | INFO     | src.indicators.technical_indicators:calculate_macd:263 | 计算MACD完成：快线=12, 慢线=26, 信号线=9
2026-03-23 23:46:33 | INFO     | src.indicators.technical_indicators:calculate_macd:263 | 计算MACD完成：快线=12, 慢线=26, 信号线=12
2026-03-23 23:46:33 | INFO     | src.indicators.technical_indicators:calculate_boll:303 | 计算布林带完成：周期=20, 标准差倍数=2
2026-03-23 23:46:33 | INFO     | src.indicators.technical_indicators:calculate_kdj:350 | 计算KDJ完成：K周期=9, D周期=3, J周期=3
2026-03-23 23:46:33 | INFO     | src.indicators.technical_indicators:calculate_kdj:350 | 计算KDJ完成：K周期=10, D周期=3, J周期=3
2026-03-23 23:46:33 | INFO     | src.indicators.technical_indicators:calculate_atr:385 | 计算 10 日ATR完成
2026-03-23 23:46:33 | INFO     | src.indicators.technical_indicators:calculate_cci:446 | 计算 20 日CCI完成
2026-03-23 23:46:33 | INFO     | src.indicators.technical_indicators:calculate_williams_r:476 | 计算 10 日威廉指标完成
2026-03-23 23:46:33 | INFO     | src.indicators.technical_indicators:calculate_ma:133 | 计算 5 日移动平均线完成
2026-03-23 23:46:33 | INFO     | src.indicators.technical_indicators:calculate_bias:500 | 计算 5 日乖离率完成
2026-03-23 23:46:33 | INFO     | src.indicators.technical_indicators:calculate_ma:133 | 计算 10 日移动平均线完成
2026-03-23 23:46:33 | INFO     | src.indicators.technical_indicators:calculate_bias:500 | 计算 10 日乖离率完成
2026-03-23 23:46:33 | INFO     | src.indicators.technical_indicators:calculate_ma:133 | 计算 20 日移动平均线完成
2026-03-23 23:46:33 | INFO     | src.indicators.technical_indicators:calculate_bias:500 | 计算 20 日乖离率完成
2026-03-23 23:46:33 | INFO     | src.indicators.technical_indicators:calculate_ma:133 | 计算 30 日移动平均线完成
2026-03-23 23:46:33 | INFO     | src.indicators.technical_indicators:calculate_bias:500 | 计算 30 日乖离率完成
2026-03-23 23:46:33 | INFO     | src.indicators.technical_indicators:calculate_ma:133 | 计算 60 日移动平均线完成
2026-03-23 23:46:33 | INFO     | src.indicators.technical_indicators:calculate_bias:500 | 计算 60 日乖离率完成
2026-03-23 23:46:33 | INFO     | src.indicators.technical_indicators:calculate_ma:133 | 计算 120 日移动平均线完成
2026-03-23 23:46:33 | INFO     | src.indicators.technical_indicators:calculate_bias:500 | 计算 120 日乖离率完成
2026-03-23 23:46:33 | INFO     | src.indicators.technical_indicators:calculate_ma:133 | 计算 250 日移动平均线完成
2026-03-23 23:46:33 | INFO     | src.indicators.technical_indicators:calculate_bias:500 | 计算 250 日乖离率完成
2026-03-23 23:46:33 | INFO     | src.indicators.technical_indicators:calculate_psy:523 | 计算 10 日心理线完成
2026-03-23 23:46:33 | WARNING  | src.indicators.technical_indicators:calculate_all:635 | 未知的指标类型: rsv_period
2026-03-23 23:46:33 | WARNING  | src.indicators.technical_indicators:calculate_all:635 | 未知的指标类型: volume_period
2026-03-23 23:46:33 | INFO     | src.indicators.technical_indicators:calculate_all:640 | 完成计算 45 个技术指标
2026-03-23 23:46:33 | INFO     | src.core.data_fetcher:save_data:432 | 保存数据到 csv 文件: 688228_with_indicators
2026-03-23 23:46:33 | INFO     | src.core.data_fetcher:save_data:452 | 数据保存成功: ./data\688228_with_indicators.csv
2026-03-23 23:46:33 | INFO     | src.workflow.base:calculate_signals:195 | 对股票 688228 进行信号判断
2026-03-23 23:46:33 | INFO     | src.core.data_fetcher:save_data:432 | 保存数据到 csv 文件: 688228_signals
2026-03-23 23:46:33 | INFO     | src.core.data_fetcher:save_data:452 | 数据保存成功: ./data\688228_signals.csv
2026-03-23 23:46:33 | INFO     | src.workflow.technical:process_fund:83 |   股票 688228 信号判断完成: 持有 (得分: 0.189)
2026-03-23 23:46:33 | INFO     | src.workflow.base:calculate_technical_indicators:160 | 计算股票 688008 的技术指标
2026-03-23 23:46:33 | INFO     | src.indicators.technical_indicators:calculate_ma:133 | 计算 5 日移动平均线完成
2026-03-23 23:46:33 | INFO     | src.indicators.technical_indicators:calculate_ma:133 | 计算 10 日移动平均线完成
2026-03-23 23:46:33 | INFO     | src.indicators.technical_indicators:calculate_ma:133 | 计算 20 日移动平均线完成
2026-03-23 23:46:33 | INFO     | src.indicators.technical_indicators:calculate_ma:133 | 计算 30 日移动平均线完成
2026-03-23 23:46:33 | INFO     | src.indicators.technical_indicators:calculate_ma:133 | 计算 60 日移动平均线完成
2026-03-23 23:46:33 | INFO     | src.indicators.technical_indicators:calculate_ma:133 | 计算 120 日移动平均线完成
2026-03-23 23:46:33 | INFO     | src.indicators.technical_indicators:calculate_ma:133 | 计算 250 日移动平均线完成
2026-03-23 23:46:33 | INFO     | src.indicators.technical_indicators:calculate_sma:157 | 计算 5 日简单移动平均线完成
2026-03-23 23:46:33 | INFO     | src.indicators.technical_indicators:calculate_sma:157 | 计算 10 日简单移动平均线完成
2026-03-23 23:46:33 | INFO     | src.indicators.technical_indicators:calculate_sma:157 | 计算 20 日简单移动平均线完成
2026-03-23 23:46:33 | INFO     | src.indicators.technical_indicators:calculate_sma:157 | 计算 30 日简单移动平均线完成
2026-03-23 23:46:33 | INFO     | src.indicators.technical_indicators:calculate_sma:157 | 计算 60 日简单移动平均线完成
2026-03-23 23:46:33 | INFO     | src.indicators.technical_indicators:calculate_sma:157 | 计算 120 日简单移动平均线完成
2026-03-23 23:46:33 | INFO     | src.indicators.technical_indicators:calculate_sma:157 | 计算 250 日简单移动平均线完成
2026-03-23 23:46:33 | INFO     | src.indicators.technical_indicators:calculate_ema:182 | 计算 12 日指数移动平均线完成
2026-03-23 23:46:33 | INFO     | src.indicators.technical_indicators:calculate_ema:182 | 计算 26 日指数移动平均线完成
2026-03-23 23:46:33 | INFO     | src.indicators.technical_indicators:calculate_rsi:221 | 计算 6 日RSI完成
2026-03-23 23:46:33 | INFO     | src.indicators.technical_indicators:calculate_rsi:221 | 计算 12 日RSI完成
2026-03-23 23:46:33 | INFO     | src.indicators.technical_indicators:calculate_rsi:221 | 计算 24 日RSI完成
2026-03-23 23:46:33 | INFO     | src.indicators.technical_indicators:calculate_macd:263 | 计算MACD完成：快线=12, 慢线=26, 信号线=9
2026-03-23 23:46:33 | INFO     | src.indicators.technical_indicators:calculate_macd:263 | 计算MACD完成：快线=12, 慢线=26, 信号线=12
2026-03-23 23:46:33 | INFO     | src.indicators.technical_indicators:calculate_boll:303 | 计算布林带完成：周期=20, 标准差倍数=2
2026-03-23 23:46:33 | INFO     | src.indicators.technical_indicators:calculate_kdj:350 | 计算KDJ完成：K周期=9, D周期=3, J周期=3
2026-03-23 23:46:33 | INFO     | src.indicators.technical_indicators:calculate_kdj:350 | 计算KDJ完成：K周期=10, D周期=3, J周期=3
2026-03-23 23:46:33 | INFO     | src.indicators.technical_indicators:calculate_atr:385 | 计算 10 日ATR完成
2026-03-23 23:46:33 | INFO     | src.indicators.technical_indicators:calculate_cci:446 | 计算 20 日CCI完成
2026-03-23 23:46:33 | INFO     | src.indicators.technical_indicators:calculate_williams_r:476 | 计算 10 日威廉指标完成
2026-03-23 23:46:33 | INFO     | src.indicators.technical_indicators:calculate_ma:133 | 计算 5 日移动平均线完成
2026-03-23 23:46:33 | INFO     | src.indicators.technical_indicators:calculate_bias:500 | 计算 5 日乖离率完成
2026-03-23 23:46:33 | INFO     | src.indicators.technical_indicators:calculate_ma:133 | 计算 10 日移动平均线完成
2026-03-23 23:46:33 | INFO     | src.indicators.technical_indicators:calculate_bias:500 | 计算 10 日乖离率完成
2026-03-23 23:46:33 | INFO     | src.indicators.technical_indicators:calculate_ma:133 | 计算 20 日移动平均线完成
2026-03-23 23:46:33 | INFO     | src.indicators.technical_indicators:calculate_bias:500 | 计算 20 日乖离率完成
2026-03-23 23:46:33 | INFO     | src.indicators.technical_indicators:calculate_ma:133 | 计算 30 日移动平均线完成
2026-03-23 23:46:33 | INFO     | src.indicators.technical_indicators:calculate_bias:500 | 计算 30 日乖离率完成
2026-03-23 23:46:33 | INFO     | src.indicators.technical_indicators:calculate_ma:133 | 计算 60 日移动平均线完成
2026-03-23 23:46:33 | INFO     | src.indicators.technical_indicators:calculate_bias:500 | 计算 60 日乖离率完成
2026-03-23 23:46:33 | INFO     | src.indicators.technical_indicators:calculate_ma:133 | 计算 120 日移动平均线完成
2026-03-23 23:46:33 | INFO     | src.indicators.technical_indicators:calculate_bias:500 | 计算 120 日乖离率完成
2026-03-23 23:46:33 | INFO     | src.indicators.technical_indicators:calculate_ma:133 | 计算 250 日移动平均线完成
2026-03-23 23:46:33 | INFO     | src.indicators.technical_indicators:calculate_bias:500 | 计算 250 日乖离率完成
2026-03-23 23:46:33 | INFO     | src.indicators.technical_indicators:calculate_psy:523 | 计算 10 日心理线完成
2026-03-23 23:46:33 | WARNING  | src.indicators.technical_indicators:calculate_all:635 | 未知的指标类型: rsv_period
2026-03-23 23:46:33 | WARNING  | src.indicators.technical_indicators:calculate_all:635 | 未知的指标类型: volume_period
2026-03-23 23:46:33 | INFO     | src.indicators.technical_indicators:calculate_all:640 | 完成计算 45 个技术指标
2026-03-23 23:46:33 | INFO     | src.core.data_fetcher:save_data:432 | 保存数据到 csv 文件: 688008_with_indicators
2026-03-23 23:46:33 | INFO     | src.core.data_fetcher:save_data:452 | 数据保存成功: ./data\688008_with_indicators.csv
2026-03-23 23:46:33 | INFO     | src.workflow.base:calculate_signals:195 | 对股票 688008 进行信号判断
2026-03-23 23:46:33 | INFO     | src.core.data_fetcher:save_data:432 | 保存数据到 csv 文件: 688008_signals
2026-03-23 23:46:33 | INFO     | src.core.data_fetcher:save_data:452 | 数据保存成功: ./data\688008_signals.csv
2026-03-23 23:46:33 | INFO     | src.workflow.technical:process_fund:83 |   股票 688008 信号判断完成: 持有 (得分: 0.120)
2026-03-23 23:46:33 | INFO     | src.workflow.technical:process_fund:108 | ============================================================
2026-03-23 23:46:33 | INFO     | src.workflow.technical:process_fund:109 | 基金 025209 处理完成!
2026-03-23 23:46:33 | INFO     | src.workflow.technical:process_fund:110 | 总股票数: 10
2026-03-23 23:46:33 | INFO     | src.workflow.technical:process_fund:111 | 成功: 10
2026-03-23 23:46:33 | INFO     | src.workflow.technical:process_fund:112 | 失败: 0
2026-03-23 23:46:33 | INFO     | src.workflow.technical:process_fund:113 | ============================================================
2026-03-23 23:46:33 | INFO     | src.workflow.technical:process_fund:122 | 基金 025209 的所有技术指标已保存为 CSV 文件
2026-03-23 23:46:33 | INFO     | src.workflow.technical:run_batch:162 | 基金 025209 处理完成
2026-03-23 23:46:33 | INFO     | src.workflow.technical:run_batch:163 | ============================================================

2026-03-23 23:46:33 | INFO     | src.workflow.technical:run_batch:155 | 
============================================================
2026-03-23 23:46:33 | INFO     | src.workflow.technical:run_batch:156 | 开始处理基金: 025491
2026-03-23 23:46:33 | INFO     | src.workflow.technical:process_fund:27 | 开始处理基金 025491 的持仓股票技术指标计算
2026-03-23 23:46:33 | INFO     | src.workflow.base:get_fund_holdings:74 | 获取基金 025491 的持仓数据
2026-03-23 23:46:33 | INFO     | src.core.data_fetcher:inner:294 | 获取基金 025491 持仓
2026-03-23 23:46:33 | INFO     | src.core.akshare_provider:get_fund_portfolio:370 | akshare 获取基金 025491 持仓
2026-03-23 23:46:33 | INFO     | src.core.akshare_provider:get_fund_portfolio:379 | 使用 fund_portfolio_hold_em 成功获取基金 025491 持仓
2026-03-23 23:46:33 | INFO     | src.workflow.base:filter_latest_quarter:90 | 过滤最新季度数据
2026-03-23 23:46:33 | INFO     | src.analysis.quarter_filter:filter_latest_quarter_data:63 | 识别到最新季度: 2025年Q4
2026-03-23 23:46:33 | INFO     | src.analysis.quarter_filter:filter_latest_quarter_data:77 | 过滤结果: 从 15 条记录中筛选出 15 条最新季度数据
2026-03-23 23:46:33 | INFO     | src.workflow.technical:process_fund:40 | 最新季度持仓股票数量: 15
2026-03-23 23:46:33 | INFO     | src.workflow.technical:process_fund:41 | 股票代码列表: ['600118', '600879', '601698', '688568', '688270', '300627', '002151', '688375', '600435', '300593']...
2026-03-23 23:46:33 | INFO     | src.workflow.base:get_stock_data:104 | 批量处理 15 只股票的数据
2026-03-23 23:46:33 | INFO     | src.workflow.base:get_stock_data:108 | 处理股票 600118...
2026-03-23 23:46:33 | INFO     | src.data.reader:list_files:221 | 在 data\stock_data 中找到 85 个文件
2026-03-23 23:46:33 | INFO     | src.data.reader:list_stock_files:241 | 找到 85 个股票数据文件
2026-03-23 23:46:33 | INFO     | src.data.reader:read_csv:53 | 读取CSV文件: data\stock_data\600118_kline.csv
2026-03-23 23:46:33 | INFO     | src.data.reader:read_csv:57 | 成功读取 1749 行数据
2026-03-23 23:46:33 | INFO     | src.workflow.base:get_stock_data:108 | 处理股票 600879...
2026-03-23 23:46:33 | INFO     | src.data.reader:list_files:221 | 在 data\stock_data 中找到 85 个文件
2026-03-23 23:46:33 | INFO     | src.data.reader:list_stock_files:241 | 找到 85 个股票数据文件
2026-03-23 23:46:33 | INFO     | src.data.reader:read_csv:53 | 读取CSV文件: data\stock_data\600879_kline.csv
2026-03-23 23:46:33 | INFO     | src.data.reader:read_csv:57 | 成功读取 1749 行数据
2026-03-23 23:46:33 | INFO     | src.workflow.base:get_stock_data:108 | 处理股票 601698...
2026-03-23 23:46:33 | INFO     | src.data.reader:list_files:221 | 在 data\stock_data 中找到 85 个文件
2026-03-23 23:46:33 | INFO     | src.data.reader:list_stock_files:241 | 找到 85 个股票数据文件
2026-03-23 23:46:33 | INFO     | src.data.reader:read_csv:53 | 读取CSV文件: data\stock_data\601698_kline.csv
2026-03-23 23:46:33 | INFO     | src.data.reader:read_csv:57 | 成功读取 1632 行数据
2026-03-23 23:46:33 | INFO     | src.workflow.base:get_stock_data:108 | 处理股票 688568...
2026-03-23 23:46:33 | INFO     | src.data.reader:list_files:221 | 在 data\stock_data 中找到 85 个文件
2026-03-23 23:46:33 | INFO     | src.data.reader:list_stock_files:241 | 找到 85 个股票数据文件
2026-03-23 23:46:33 | INFO     | src.data.reader:read_csv:53 | 读取CSV文件: data\stock_data\688568_kline.csv
2026-03-23 23:46:33 | INFO     | src.data.reader:read_csv:57 | 成功读取 1383 行数据
2026-03-23 23:46:33 | INFO     | src.workflow.base:get_stock_data:108 | 处理股票 688270...
2026-03-23 23:46:33 | INFO     | src.data.reader:list_files:221 | 在 data\stock_data 中找到 85 个文件
2026-03-23 23:46:33 | INFO     | src.data.reader:list_stock_files:241 | 找到 85 个股票数据文件
2026-03-23 23:46:33 | INFO     | src.data.reader:read_csv:53 | 读取CSV文件: data\stock_data\688270_kline.csv
2026-03-23 23:46:33 | INFO     | src.data.reader:read_csv:57 | 成功读取 1002 行数据
2026-03-23 23:46:33 | INFO     | src.workflow.base:get_stock_data:108 | 处理股票 300627...
2026-03-23 23:46:33 | INFO     | src.data.reader:list_files:221 | 在 data\stock_data 中找到 85 个文件
2026-03-23 23:46:33 | INFO     | src.data.reader:list_stock_files:241 | 找到 85 个股票数据文件
2026-03-23 23:46:33 | INFO     | src.data.reader:read_csv:53 | 读取CSV文件: data\stock_data\300627_kline.csv
2026-03-23 23:46:33 | INFO     | src.data.reader:read_csv:57 | 成功读取 1749 行数据
2026-03-23 23:46:33 | INFO     | src.workflow.base:get_stock_data:108 | 处理股票 002151...
2026-03-23 23:46:33 | INFO     | src.data.reader:list_files:221 | 在 data\stock_data 中找到 85 个文件
2026-03-23 23:46:33 | INFO     | src.data.reader:list_stock_files:241 | 找到 85 个股票数据文件
2026-03-23 23:46:33 | INFO     | src.core.data_fetcher:inner:197 | 获取股票 002151 daily K线数据
2026-03-23 23:46:35 | INFO     | src.core.baostock_provider:get_stock_kline:243 | baostock 获取股票 002151 daily K线数据成功，共 1749 条
2026-03-23 23:46:35 | INFO     | src.core.data_fetcher:save_data:432 | 保存数据到 csv 文件: stock_data/002151_kline
2026-03-23 23:46:35 | INFO     | src.core.data_fetcher:save_data:452 | 数据保存成功: ./data\stock_data/002151_kline.csv
2026-03-23 23:46:35 | INFO     | src.workflow.base:get_stock_data:108 | 处理股票 688375...
2026-03-23 23:46:35 | INFO     | src.data.reader:list_files:221 | 在 data\stock_data 中找到 86 个文件
2026-03-23 23:46:35 | INFO     | src.data.reader:list_stock_files:241 | 找到 86 个股票数据文件
2026-03-23 23:46:35 | INFO     | src.data.reader:read_csv:53 | 读取CSV文件: data\stock_data\688375_kline.csv
2026-03-23 23:46:35 | INFO     | src.data.reader:read_csv:57 | 成功读取 887 行数据
2026-03-23 23:46:35 | INFO     | src.workflow.base:get_stock_data:108 | 处理股票 600435...
2026-03-23 23:46:35 | INFO     | src.data.reader:list_files:221 | 在 data\stock_data 中找到 86 个文件
2026-03-23 23:46:35 | INFO     | src.data.reader:list_stock_files:241 | 找到 86 个股票数据文件
2026-03-23 23:46:35 | INFO     | src.data.reader:read_csv:53 | 读取CSV文件: data\stock_data\600435_kline.csv
2026-03-23 23:46:35 | INFO     | src.data.reader:read_csv:57 | 成功读取 1749 行数据
2026-03-23 23:46:35 | INFO     | src.workflow.base:get_stock_data:108 | 处理股票 300593...
2026-03-23 23:46:35 | INFO     | src.data.reader:list_files:221 | 在 data\stock_data 中找到 86 个文件
2026-03-23 23:46:35 | INFO     | src.data.reader:list_stock_files:241 | 找到 86 个股票数据文件
2026-03-23 23:46:35 | INFO     | src.data.reader:read_csv:53 | 读取CSV文件: data\stock_data\300593_kline.csv
2026-03-23 23:46:35 | INFO     | src.data.reader:read_csv:57 | 成功读取 1749 行数据
2026-03-23 23:46:35 | INFO     | src.workflow.base:get_stock_data:108 | 处理股票 688795...
2026-03-23 23:46:35 | INFO     | src.data.reader:list_files:221 | 在 data\stock_data 中找到 86 个文件
2026-03-23 23:46:35 | INFO     | src.data.reader:list_stock_files:241 | 找到 86 个股票数据文件
2026-03-23 23:46:35 | INFO     | src.data.reader:read_csv:53 | 读取CSV文件: data\stock_data\688795_kline.csv
2026-03-23 23:46:35 | INFO     | src.data.reader:read_csv:57 | 成功读取 69 行数据
2026-03-23 23:46:35 | INFO     | src.workflow.base:get_stock_data:108 | 处理股票 001280...
2026-03-23 23:46:35 | INFO     | src.data.reader:list_files:221 | 在 data\stock_data 中找到 86 个文件
2026-03-23 23:46:35 | INFO     | src.data.reader:list_stock_files:241 | 找到 86 个股票数据文件
2026-03-23 23:46:35 | INFO     | src.data.reader:read_csv:53 | 读取CSV文件: data\stock_data\001280_kline.csv
2026-03-23 23:46:35 | INFO     | src.data.reader:read_csv:57 | 成功读取 71 行数据
2026-03-23 23:46:35 | INFO     | src.workflow.base:get_stock_data:108 | 处理股票 688809...
2026-03-23 23:46:35 | INFO     | src.data.reader:list_files:221 | 在 data\stock_data 中找到 86 个文件
2026-03-23 23:46:35 | INFO     | src.data.reader:list_stock_files:241 | 找到 86 个股票数据文件
2026-03-23 23:46:35 | INFO     | src.data.reader:read_csv:53 | 读取CSV文件: data\stock_data\688809_kline.csv
2026-03-23 23:46:35 | INFO     | src.data.reader:read_csv:57 | 成功读取 52 行数据
2026-03-23 23:46:35 | INFO     | src.workflow.base:get_stock_data:108 | 处理股票 301687...
2026-03-23 23:46:35 | INFO     | src.data.reader:list_files:221 | 在 data\stock_data 中找到 86 个文件
2026-03-23 23:46:35 | INFO     | src.data.reader:list_stock_files:241 | 找到 86 个股票数据文件
2026-03-23 23:46:35 | INFO     | src.data.reader:read_csv:53 | 读取CSV文件: data\stock_data\301687_kline.csv
2026-03-23 23:46:35 | INFO     | src.data.reader:read_csv:57 | 成功读取 51 行数据
2026-03-23 23:46:35 | INFO     | src.workflow.base:get_stock_data:108 | 处理股票 301667...
2026-03-23 23:46:35 | INFO     | src.data.reader:list_files:221 | 在 data\stock_data 中找到 86 个文件
2026-03-23 23:46:35 | INFO     | src.data.reader:list_stock_files:241 | 找到 86 个股票数据文件
2026-03-23 23:46:35 | INFO     | src.data.reader:read_csv:53 | 读取CSV文件: data\stock_data\301667_kline.csv
2026-03-23 23:46:35 | INFO     | src.data.reader:read_csv:57 | 成功读取 57 行数据
2026-03-23 23:46:35 | INFO     | src.workflow.base:get_stock_data:143 | 成功获取 15 只股票的数据
2026-03-23 23:46:35 | INFO     | src.workflow.technical:process_fund:51 | 开始计算技术指标和信号判断
2026-03-23 23:46:35 | INFO     | src.workflow.base:calculate_technical_indicators:160 | 计算股票 600118 的技术指标
2026-03-23 23:46:35 | INFO     | src.indicators.technical_indicators:calculate_ma:133 | 计算 5 日移动平均线完成
2026-03-23 23:46:35 | INFO     | src.indicators.technical_indicators:calculate_ma:133 | 计算 10 日移动平均线完成
2026-03-23 23:46:35 | INFO     | src.indicators.technical_indicators:calculate_ma:133 | 计算 20 日移动平均线完成
2026-03-23 23:46:35 | INFO     | src.indicators.technical_indicators:calculate_ma:133 | 计算 30 日移动平均线完成
2026-03-23 23:46:35 | INFO     | src.indicators.technical_indicators:calculate_ma:133 | 计算 60 日移动平均线完成
2026-03-23 23:46:35 | INFO     | src.indicators.technical_indicators:calculate_ma:133 | 计算 120 日移动平均线完成
2026-03-23 23:46:35 | INFO     | src.indicators.technical_indicators:calculate_ma:133 | 计算 250 日移动平均线完成
2026-03-23 23:46:35 | INFO     | src.indicators.technical_indicators:calculate_sma:157 | 计算 5 日简单移动平均线完成
2026-03-23 23:46:35 | INFO     | src.indicators.technical_indicators:calculate_sma:157 | 计算 10 日简单移动平均线完成
2026-03-23 23:46:35 | INFO     | src.indicators.technical_indicators:calculate_sma:157 | 计算 20 日简单移动平均线完成
2026-03-23 23:46:35 | INFO     | src.indicators.technical_indicators:calculate_sma:157 | 计算 30 日简单移动平均线完成
2026-03-23 23:46:35 | INFO     | src.indicators.technical_indicators:calculate_sma:157 | 计算 60 日简单移动平均线完成
2026-03-23 23:46:35 | INFO     | src.indicators.technical_indicators:calculate_sma:157 | 计算 120 日简单移动平均线完成
2026-03-23 23:46:35 | INFO     | src.indicators.technical_indicators:calculate_sma:157 | 计算 250 日简单移动平均线完成
2026-03-23 23:46:35 | INFO     | src.indicators.technical_indicators:calculate_ema:182 | 计算 12 日指数移动平均线完成
2026-03-23 23:46:35 | INFO     | src.indicators.technical_indicators:calculate_ema:182 | 计算 26 日指数移动平均线完成
2026-03-23 23:46:35 | INFO     | src.indicators.technical_indicators:calculate_rsi:221 | 计算 6 日RSI完成
2026-03-23 23:46:35 | INFO     | src.indicators.technical_indicators:calculate_rsi:221 | 计算 12 日RSI完成
2026-03-23 23:46:35 | INFO     | src.indicators.technical_indicators:calculate_rsi:221 | 计算 24 日RSI完成
2026-03-23 23:46:35 | INFO     | src.indicators.technical_indicators:calculate_macd:263 | 计算MACD完成：快线=12, 慢线=26, 信号线=9
2026-03-23 23:46:35 | INFO     | src.indicators.technical_indicators:calculate_macd:263 | 计算MACD完成：快线=12, 慢线=26, 信号线=12
2026-03-23 23:46:35 | INFO     | src.indicators.technical_indicators:calculate_boll:303 | 计算布林带完成：周期=20, 标准差倍数=2
2026-03-23 23:46:35 | INFO     | src.indicators.technical_indicators:calculate_kdj:350 | 计算KDJ完成：K周期=9, D周期=3, J周期=3
2026-03-23 23:46:35 | INFO     | src.indicators.technical_indicators:calculate_kdj:350 | 计算KDJ完成：K周期=10, D周期=3, J周期=3
2026-03-23 23:46:35 | INFO     | src.indicators.technical_indicators:calculate_atr:385 | 计算 10 日ATR完成
2026-03-23 23:46:36 | INFO     | src.indicators.technical_indicators:calculate_cci:446 | 计算 20 日CCI完成
2026-03-23 23:46:36 | INFO     | src.indicators.technical_indicators:calculate_williams_r:476 | 计算 10 日威廉指标完成
2026-03-23 23:46:36 | INFO     | src.indicators.technical_indicators:calculate_ma:133 | 计算 5 日移动平均线完成
2026-03-23 23:46:36 | INFO     | src.indicators.technical_indicators:calculate_bias:500 | 计算 5 日乖离率完成
2026-03-23 23:46:36 | INFO     | src.indicators.technical_indicators:calculate_ma:133 | 计算 10 日移动平均线完成
2026-03-23 23:46:36 | INFO     | src.indicators.technical_indicators:calculate_bias:500 | 计算 10 日乖离率完成
2026-03-23 23:46:36 | INFO     | src.indicators.technical_indicators:calculate_ma:133 | 计算 20 日移动平均线完成
2026-03-23 23:46:36 | INFO     | src.indicators.technical_indicators:calculate_bias:500 | 计算 20 日乖离率完成
2026-03-23 23:46:36 | INFO     | src.indicators.technical_indicators:calculate_ma:133 | 计算 30 日移动平均线完成
2026-03-23 23:46:36 | INFO     | src.indicators.technical_indicators:calculate_bias:500 | 计算 30 日乖离率完成
2026-03-23 23:46:36 | INFO     | src.indicators.technical_indicators:calculate_ma:133 | 计算 60 日移动平均线完成
2026-03-23 23:46:36 | INFO     | src.indicators.technical_indicators:calculate_bias:500 | 计算 60 日乖离率完成
2026-03-23 23:46:36 | INFO     | src.indicators.technical_indicators:calculate_ma:133 | 计算 120 日移动平均线完成
2026-03-23 23:46:36 | INFO     | src.indicators.technical_indicators:calculate_bias:500 | 计算 120 日乖离率完成
2026-03-23 23:46:36 | INFO     | src.indicators.technical_indicators:calculate_ma:133 | 计算 250 日移动平均线完成
2026-03-23 23:46:36 | INFO     | src.indicators.technical_indicators:calculate_bias:500 | 计算 250 日乖离率完成
2026-03-23 23:46:36 | INFO     | src.indicators.technical_indicators:calculate_psy:523 | 计算 10 日心理线完成
2026-03-23 23:46:36 | WARNING  | src.indicators.technical_indicators:calculate_all:635 | 未知的指标类型: rsv_period
2026-03-23 23:46:36 | WARNING  | src.indicators.technical_indicators:calculate_all:635 | 未知的指标类型: volume_period
2026-03-23 23:46:36 | INFO     | src.indicators.technical_indicators:calculate_all:640 | 完成计算 45 个技术指标
2026-03-23 23:46:36 | INFO     | src.core.data_fetcher:save_data:432 | 保存数据到 csv 文件: 600118_with_indicators
2026-03-23 23:46:36 | INFO     | src.core.data_fetcher:save_data:452 | 数据保存成功: ./data\600118_with_indicators.csv
2026-03-23 23:46:36 | INFO     | src.workflow.base:calculate_signals:195 | 对股票 600118 进行信号判断
2026-03-23 23:46:36 | INFO     | src.core.data_fetcher:save_data:432 | 保存数据到 csv 文件: 600118_signals
2026-03-23 23:46:36 | INFO     | src.core.data_fetcher:save_data:452 | 数据保存成功: ./data\600118_signals.csv
2026-03-23 23:46:36 | INFO     | src.workflow.technical:process_fund:83 |   股票 600118 信号判断完成: 持有 (得分: 0.172)
2026-03-23 23:46:36 | INFO     | src.workflow.base:calculate_technical_indicators:160 | 计算股票 600879 的技术指标
2026-03-23 23:46:36 | INFO     | src.indicators.technical_indicators:calculate_ma:133 | 计算 5 日移动平均线完成
2026-03-23 23:46:36 | INFO     | src.indicators.technical_indicators:calculate_ma:133 | 计算 10 日移动平均线完成
2026-03-23 23:46:36 | INFO     | src.indicators.technical_indicators:calculate_ma:133 | 计算 20 日移动平均线完成
2026-03-23 23:46:36 | INFO     | src.indicators.technical_indicators:calculate_ma:133 | 计算 30 日移动平均线完成
2026-03-23 23:46:36 | INFO     | src.indicators.technical_indicators:calculate_ma:133 | 计算 60 日移动平均线完成
2026-03-23 23:46:36 | INFO     | src.indicators.technical_indicators:calculate_ma:133 | 计算 120 日移动平均线完成
2026-03-23 23:46:36 | INFO     | src.indicators.technical_indicators:calculate_ma:133 | 计算 250 日移动平均线完成
2026-03-23 23:46:36 | INFO     | src.indicators.technical_indicators:calculate_sma:157 | 计算 5 日简单移动平均线完成
2026-03-23 23:46:36 | INFO     | src.indicators.technical_indicators:calculate_sma:157 | 计算 10 日简单移动平均线完成
2026-03-23 23:46:36 | INFO     | src.indicators.technical_indicators:calculate_sma:157 | 计算 20 日简单移动平均线完成
2026-03-23 23:46:36 | INFO     | src.indicators.technical_indicators:calculate_sma:157 | 计算 30 日简单移动平均线完成
2026-03-23 23:46:36 | INFO     | src.indicators.technical_indicators:calculate_sma:157 | 计算 60 日简单移动平均线完成
2026-03-23 23:46:36 | INFO     | src.indicators.technical_indicators:calculate_sma:157 | 计算 120 日简单移动平均线完成
2026-03-23 23:46:36 | INFO     | src.indicators.technical_indicators:calculate_sma:157 | 计算 250 日简单移动平均线完成
2026-03-23 23:46:36 | INFO     | src.indicators.technical_indicators:calculate_ema:182 | 计算 12 日指数移动平均线完成
2026-03-23 23:46:36 | INFO     | src.indicators.technical_indicators:calculate_ema:182 | 计算 26 日指数移动平均线完成
2026-03-23 23:46:36 | INFO     | src.indicators.technical_indicators:calculate_rsi:221 | 计算 6 日RSI完成
2026-03-23 23:46:36 | INFO     | src.indicators.technical_indicators:calculate_rsi:221 | 计算 12 日RSI完成
2026-03-23 23:46:36 | INFO     | src.indicators.technical_indicators:calculate_rsi:221 | 计算 24 日RSI完成
2026-03-23 23:46:36 | INFO     | src.indicators.technical_indicators:calculate_macd:263 | 计算MACD完成：快线=12, 慢线=26, 信号线=9
2026-03-23 23:46:36 | INFO     | src.indicators.technical_indicators:calculate_macd:263 | 计算MACD完成：快线=12, 慢线=26, 信号线=12
2026-03-23 23:46:36 | INFO     | src.indicators.technical_indicators:calculate_boll:303 | 计算布林带完成：周期=20, 标准差倍数=2
2026-03-23 23:46:36 | INFO     | src.indicators.technical_indicators:calculate_kdj:350 | 计算KDJ完成：K周期=9, D周期=3, J周期=3
2026-03-23 23:46:36 | INFO     | src.indicators.technical_indicators:calculate_kdj:350 | 计算KDJ完成：K周期=10, D周期=3, J周期=3
2026-03-23 23:46:36 | INFO     | src.indicators.technical_indicators:calculate_atr:385 | 计算 10 日ATR完成
2026-03-23 23:46:36 | INFO     | src.indicators.technical_indicators:calculate_cci:446 | 计算 20 日CCI完成
2026-03-23 23:46:36 | INFO     | src.indicators.technical_indicators:calculate_williams_r:476 | 计算 10 日威廉指标完成
2026-03-23 23:46:36 | INFO     | src.indicators.technical_indicators:calculate_ma:133 | 计算 5 日移动平均线完成
2026-03-23 23:46:36 | INFO     | src.indicators.technical_indicators:calculate_bias:500 | 计算 5 日乖离率完成
2026-03-23 23:46:36 | INFO     | src.indicators.technical_indicators:calculate_ma:133 | 计算 10 日移动平均线完成
2026-03-23 23:46:36 | INFO     | src.indicators.technical_indicators:calculate_bias:500 | 计算 10 日乖离率完成
2026-03-23 23:46:36 | INFO     | src.indicators.technical_indicators:calculate_ma:133 | 计算 20 日移动平均线完成
2026-03-23 23:46:36 | INFO     | src.indicators.technical_indicators:calculate_bias:500 | 计算 20 日乖离率完成
2026-03-23 23:46:36 | INFO     | src.indicators.technical_indicators:calculate_ma:133 | 计算 30 日移动平均线完成
2026-03-23 23:46:36 | INFO     | src.indicators.technical_indicators:calculate_bias:500 | 计算 30 日乖离率完成
2026-03-23 23:46:36 | INFO     | src.indicators.technical_indicators:calculate_ma:133 | 计算 60 日移动平均线完成
2026-03-23 23:46:36 | INFO     | src.indicators.technical_indicators:calculate_bias:500 | 计算 60 日乖离率完成
2026-03-23 23:46:36 | INFO     | src.indicators.technical_indicators:calculate_ma:133 | 计算 120 日移动平均线完成
2026-03-23 23:46:36 | INFO     | src.indicators.technical_indicators:calculate_bias:500 | 计算 120 日乖离率完成
2026-03-23 23:46:36 | INFO     | src.indicators.technical_indicators:calculate_ma:133 | 计算 250 日移动平均线完成
2026-03-23 23:46:36 | INFO     | src.indicators.technical_indicators:calculate_bias:500 | 计算 250 日乖离率完成
2026-03-23 23:46:36 | INFO     | src.indicators.technical_indicators:calculate_psy:523 | 计算 10 日心理线完成
2026-03-23 23:46:36 | WARNING  | src.indicators.technical_indicators:calculate_all:635 | 未知的指标类型: rsv_period
2026-03-23 23:46:36 | WARNING  | src.indicators.technical_indicators:calculate_all:635 | 未知的指标类型: volume_period
2026-03-23 23:46:36 | INFO     | src.indicators.technical_indicators:calculate_all:640 | 完成计算 45 个技术指标
2026-03-23 23:46:36 | INFO     | src.core.data_fetcher:save_data:432 | 保存数据到 csv 文件: 600879_with_indicators
2026-03-23 23:46:36 | INFO     | src.core.data_fetcher:save_data:452 | 数据保存成功: ./data\600879_with_indicators.csv
2026-03-23 23:46:36 | INFO     | src.workflow.base:calculate_signals:195 | 对股票 600879 进行信号判断
2026-03-23 23:46:36 | INFO     | src.core.data_fetcher:save_data:432 | 保存数据到 csv 文件: 600879_signals
2026-03-23 23:46:36 | INFO     | src.core.data_fetcher:save_data:452 | 数据保存成功: ./data\600879_signals.csv
2026-03-23 23:46:36 | INFO     | src.workflow.technical:process_fund:83 |   股票 600879 信号判断完成: 持有 (得分: 0.180)
2026-03-23 23:46:36 | INFO     | src.workflow.base:calculate_technical_indicators:160 | 计算股票 601698 的技术指标
2026-03-23 23:46:36 | INFO     | src.indicators.technical_indicators:calculate_ma:133 | 计算 5 日移动平均线完成
2026-03-23 23:46:36 | INFO     | src.indicators.technical_indicators:calculate_ma:133 | 计算 10 日移动平均线完成
2026-03-23 23:46:36 | INFO     | src.indicators.technical_indicators:calculate_ma:133 | 计算 20 日移动平均线完成
2026-03-23 23:46:36 | INFO     | src.indicators.technical_indicators:calculate_ma:133 | 计算 30 日移动平均线完成
2026-03-23 23:46:36 | INFO     | src.indicators.technical_indicators:calculate_ma:133 | 计算 60 日移动平均线完成
2026-03-23 23:46:36 | INFO     | src.indicators.technical_indicators:calculate_ma:133 | 计算 120 日移动平均线完成
2026-03-23 23:46:36 | INFO     | src.indicators.technical_indicators:calculate_ma:133 | 计算 250 日移动平均线完成
2026-03-23 23:46:36 | INFO     | src.indicators.technical_indicators:calculate_sma:157 | 计算 5 日简单移动平均线完成
2026-03-23 23:46:36 | INFO     | src.indicators.technical_indicators:calculate_sma:157 | 计算 10 日简单移动平均线完成
2026-03-23 23:46:36 | INFO     | src.indicators.technical_indicators:calculate_sma:157 | 计算 20 日简单移动平均线完成
2026-03-23 23:46:36 | INFO     | src.indicators.technical_indicators:calculate_sma:157 | 计算 30 日简单移动平均线完成
2026-03-23 23:46:36 | INFO     | src.indicators.technical_indicators:calculate_sma:157 | 计算 60 日简单移动平均线完成
2026-03-23 23:46:36 | INFO     | src.indicators.technical_indicators:calculate_sma:157 | 计算 120 日简单移动平均线完成
2026-03-23 23:46:36 | INFO     | src.indicators.technical_indicators:calculate_sma:157 | 计算 250 日简单移动平均线完成
2026-03-23 23:46:36 | INFO     | src.indicators.technical_indicators:calculate_ema:182 | 计算 12 日指数移动平均线完成
2026-03-23 23:46:36 | INFO     | src.indicators.technical_indicators:calculate_ema:182 | 计算 26 日指数移动平均线完成
2026-03-23 23:46:36 | INFO     | src.indicators.technical_indicators:calculate_rsi:221 | 计算 6 日RSI完成
2026-03-23 23:46:36 | INFO     | src.indicators.technical_indicators:calculate_rsi:221 | 计算 12 日RSI完成
2026-03-23 23:46:36 | INFO     | src.indicators.technical_indicators:calculate_rsi:221 | 计算 24 日RSI完成
2026-03-23 23:46:36 | INFO     | src.indicators.technical_indicators:calculate_macd:263 | 计算MACD完成：快线=12, 慢线=26, 信号线=9
2026-03-23 23:46:36 | INFO     | src.indicators.technical_indicators:calculate_macd:263 | 计算MACD完成：快线=12, 慢线=26, 信号线=12
2026-03-23 23:46:36 | INFO     | src.indicators.technical_indicators:calculate_boll:303 | 计算布林带完成：周期=20, 标准差倍数=2
2026-03-23 23:46:36 | INFO     | src.indicators.technical_indicators:calculate_kdj:350 | 计算KDJ完成：K周期=9, D周期=3, J周期=3
2026-03-23 23:46:36 | INFO     | src.indicators.technical_indicators:calculate_kdj:350 | 计算KDJ完成：K周期=10, D周期=3, J周期=3
2026-03-23 23:46:36 | INFO     | src.indicators.technical_indicators:calculate_atr:385 | 计算 10 日ATR完成
2026-03-23 23:46:36 | INFO     | src.indicators.technical_indicators:calculate_cci:446 | 计算 20 日CCI完成
2026-03-23 23:46:36 | INFO     | src.indicators.technical_indicators:calculate_williams_r:476 | 计算 10 日威廉指标完成
2026-03-23 23:46:36 | INFO     | src.indicators.technical_indicators:calculate_ma:133 | 计算 5 日移动平均线完成
2026-03-23 23:46:36 | INFO     | src.indicators.technical_indicators:calculate_bias:500 | 计算 5 日乖离率完成
2026-03-23 23:46:36 | INFO     | src.indicators.technical_indicators:calculate_ma:133 | 计算 10 日移动平均线完成
2026-03-23 23:46:36 | INFO     | src.indicators.technical_indicators:calculate_bias:500 | 计算 10 日乖离率完成
2026-03-23 23:46:36 | INFO     | src.indicators.technical_indicators:calculate_ma:133 | 计算 20 日移动平均线完成
2026-03-23 23:46:36 | INFO     | src.indicators.technical_indicators:calculate_bias:500 | 计算 20 日乖离率完成
2026-03-23 23:46:36 | INFO     | src.indicators.technical_indicators:calculate_ma:133 | 计算 30 日移动平均线完成
2026-03-23 23:46:36 | INFO     | src.indicators.technical_indicators:calculate_bias:500 | 计算 30 日乖离率完成
2026-03-23 23:46:36 | INFO     | src.indicators.technical_indicators:calculate_ma:133 | 计算 60 日移动平均线完成
2026-03-23 23:46:36 | INFO     | src.indicators.technical_indicators:calculate_bias:500 | 计算 60 日乖离率完成
2026-03-23 23:46:36 | INFO     | src.indicators.technical_indicators:calculate_ma:133 | 计算 120 日移动平均线完成
2026-03-23 23:46:36 | INFO     | src.indicators.technical_indicators:calculate_bias:500 | 计算 120 日乖离率完成
2026-03-23 23:46:36 | INFO     | src.indicators.technical_indicators:calculate_ma:133 | 计算 250 日移动平均线完成
2026-03-23 23:46:36 | INFO     | src.indicators.technical_indicators:calculate_bias:500 | 计算 250 日乖离率完成
2026-03-23 23:46:36 | INFO     | src.indicators.technical_indicators:calculate_psy:523 | 计算 10 日心理线完成
2026-03-23 23:46:36 | WARNING  | src.indicators.technical_indicators:calculate_all:635 | 未知的指标类型: rsv_period
2026-03-23 23:46:36 | WARNING  | src.indicators.technical_indicators:calculate_all:635 | 未知的指标类型: volume_period
2026-03-23 23:46:36 | INFO     | src.indicators.technical_indicators:calculate_all:640 | 完成计算 45 个技术指标
2026-03-23 23:46:36 | INFO     | src.core.data_fetcher:save_data:432 | 保存数据到 csv 文件: 601698_with_indicators
2026-03-23 23:46:36 | INFO     | src.core.data_fetcher:save_data:452 | 数据保存成功: ./data\601698_with_indicators.csv
2026-03-23 23:46:36 | INFO     | src.workflow.base:calculate_signals:195 | 对股票 601698 进行信号判断
2026-03-23 23:46:36 | INFO     | src.core.data_fetcher:save_data:432 | 保存数据到 csv 文件: 601698_signals
2026-03-23 23:46:36 | INFO     | src.core.data_fetcher:save_data:452 | 数据保存成功: ./data\601698_signals.csv
2026-03-23 23:46:36 | INFO     | src.workflow.technical:process_fund:83 |   股票 601698 信号判断完成: 持有 (得分: 0.179)
2026-03-23 23:46:36 | INFO     | src.workflow.base:calculate_technical_indicators:160 | 计算股票 688568 的技术指标
2026-03-23 23:46:36 | INFO     | src.indicators.technical_indicators:calculate_ma:133 | 计算 5 日移动平均线完成
2026-03-23 23:46:36 | INFO     | src.indicators.technical_indicators:calculate_ma:133 | 计算 10 日移动平均线完成
2026-03-23 23:46:36 | INFO     | src.indicators.technical_indicators:calculate_ma:133 | 计算 20 日移动平均线完成
2026-03-23 23:46:36 | INFO     | src.indicators.technical_indicators:calculate_ma:133 | 计算 30 日移动平均线完成
2026-03-23 23:46:36 | INFO     | src.indicators.technical_indicators:calculate_ma:133 | 计算 60 日移动平均线完成
2026-03-23 23:46:36 | INFO     | src.indicators.technical_indicators:calculate_ma:133 | 计算 120 日移动平均线完成
2026-03-23 23:46:36 | INFO     | src.indicators.technical_indicators:calculate_ma:133 | 计算 250 日移动平均线完成
2026-03-23 23:46:36 | INFO     | src.indicators.technical_indicators:calculate_sma:157 | 计算 5 日简单移动平均线完成
2026-03-23 23:46:36 | INFO     | src.indicators.technical_indicators:calculate_sma:157 | 计算 10 日简单移动平均线完成
2026-03-23 23:46:36 | INFO     | src.indicators.technical_indicators:calculate_sma:157 | 计算 20 日简单移动平均线完成
2026-03-23 23:46:36 | INFO     | src.indicators.technical_indicators:calculate_sma:157 | 计算 30 日简单移动平均线完成
2026-03-23 23:46:36 | INFO     | src.indicators.technical_indicators:calculate_sma:157 | 计算 60 日简单移动平均线完成
2026-03-23 23:46:36 | INFO     | src.indicators.technical_indicators:calculate_sma:157 | 计算 120 日简单移动平均线完成
2026-03-23 23:46:36 | INFO     | src.indicators.technical_indicators:calculate_sma:157 | 计算 250 日简单移动平均线完成
2026-03-23 23:46:36 | INFO     | src.indicators.technical_indicators:calculate_ema:182 | 计算 12 日指数移动平均线完成
2026-03-23 23:46:36 | INFO     | src.indicators.technical_indicators:calculate_ema:182 | 计算 26 日指数移动平均线完成
2026-03-23 23:46:36 | INFO     | src.indicators.technical_indicators:calculate_rsi:221 | 计算 6 日RSI完成
2026-03-23 23:46:36 | INFO     | src.indicators.technical_indicators:calculate_rsi:221 | 计算 12 日RSI完成
2026-03-23 23:46:36 | INFO     | src.indicators.technical_indicators:calculate_rsi:221 | 计算 24 日RSI完成
2026-03-23 23:46:36 | INFO     | src.indicators.technical_indicators:calculate_macd:263 | 计算MACD完成：快线=12, 慢线=26, 信号线=9
2026-03-23 23:46:36 | INFO     | src.indicators.technical_indicators:calculate_macd:263 | 计算MACD完成：快线=12, 慢线=26, 信号线=12
2026-03-23 23:46:36 | INFO     | src.indicators.technical_indicators:calculate_boll:303 | 计算布林带完成：周期=20, 标准差倍数=2
2026-03-23 23:46:36 | INFO     | src.indicators.technical_indicators:calculate_kdj:350 | 计算KDJ完成：K周期=9, D周期=3, J周期=3
2026-03-23 23:46:36 | INFO     | src.indicators.technical_indicators:calculate_kdj:350 | 计算KDJ完成：K周期=10, D周期=3, J周期=3
2026-03-23 23:46:36 | INFO     | src.indicators.technical_indicators:calculate_atr:385 | 计算 10 日ATR完成
2026-03-23 23:46:36 | INFO     | src.indicators.technical_indicators:calculate_cci:446 | 计算 20 日CCI完成
2026-03-23 23:46:36 | INFO     | src.indicators.technical_indicators:calculate_williams_r:476 | 计算 10 日威廉指标完成
2026-03-23 23:46:36 | INFO     | src.indicators.technical_indicators:calculate_ma:133 | 计算 5 日移动平均线完成
2026-03-23 23:46:36 | INFO     | src.indicators.technical_indicators:calculate_bias:500 | 计算 5 日乖离率完成
2026-03-23 23:46:36 | INFO     | src.indicators.technical_indicators:calculate_ma:133 | 计算 10 日移动平均线完成
2026-03-23 23:46:36 | INFO     | src.indicators.technical_indicators:calculate_bias:500 | 计算 10 日乖离率完成
2026-03-23 23:46:36 | INFO     | src.indicators.technical_indicators:calculate_ma:133 | 计算 20 日移动平均线完成
2026-03-23 23:46:36 | INFO     | src.indicators.technical_indicators:calculate_bias:500 | 计算 20 日乖离率完成
2026-03-23 23:46:36 | INFO     | src.indicators.technical_indicators:calculate_ma:133 | 计算 30 日移动平均线完成
2026-03-23 23:46:36 | INFO     | src.indicators.technical_indicators:calculate_bias:500 | 计算 30 日乖离率完成
2026-03-23 23:46:36 | INFO     | src.indicators.technical_indicators:calculate_ma:133 | 计算 60 日移动平均线完成
2026-03-23 23:46:36 | INFO     | src.indicators.technical_indicators:calculate_bias:500 | 计算 60 日乖离率完成
2026-03-23 23:46:36 | INFO     | src.indicators.technical_indicators:calculate_ma:133 | 计算 120 日移动平均线完成
2026-03-23 23:46:36 | INFO     | src.indicators.technical_indicators:calculate_bias:500 | 计算 120 日乖离率完成
2026-03-23 23:46:36 | INFO     | src.indicators.technical_indicators:calculate_ma:133 | 计算 250 日移动平均线完成
2026-03-23 23:46:36 | INFO     | src.indicators.technical_indicators:calculate_bias:500 | 计算 250 日乖离率完成
2026-03-23 23:46:36 | INFO     | src.indicators.technical_indicators:calculate_psy:523 | 计算 10 日心理线完成
2026-03-23 23:46:36 | WARNING  | src.indicators.technical_indicators:calculate_all:635 | 未知的指标类型: rsv_period
2026-03-23 23:46:36 | WARNING  | src.indicators.technical_indicators:calculate_all:635 | 未知的指标类型: volume_period
2026-03-23 23:46:36 | INFO     | src.indicators.technical_indicators:calculate_all:640 | 完成计算 45 个技术指标
2026-03-23 23:46:36 | INFO     | src.core.data_fetcher:save_data:432 | 保存数据到 csv 文件: 688568_with_indicators
2026-03-23 23:46:36 | INFO     | src.core.data_fetcher:save_data:452 | 数据保存成功: ./data\688568_with_indicators.csv
2026-03-23 23:46:36 | INFO     | src.workflow.base:calculate_signals:195 | 对股票 688568 进行信号判断
2026-03-23 23:46:36 | INFO     | src.core.data_fetcher:save_data:432 | 保存数据到 csv 文件: 688568_signals
2026-03-23 23:46:36 | INFO     | src.core.data_fetcher:save_data:452 | 数据保存成功: ./data\688568_signals.csv
2026-03-23 23:46:36 | INFO     | src.workflow.technical:process_fund:83 |   股票 688568 信号判断完成: 持有 (得分: 0.047)
2026-03-23 23:46:36 | INFO     | src.workflow.base:calculate_technical_indicators:160 | 计算股票 688270 的技术指标
2026-03-23 23:46:36 | INFO     | src.indicators.technical_indicators:calculate_ma:133 | 计算 5 日移动平均线完成
2026-03-23 23:46:36 | INFO     | src.indicators.technical_indicators:calculate_ma:133 | 计算 10 日移动平均线完成
2026-03-23 23:46:36 | INFO     | src.indicators.technical_indicators:calculate_ma:133 | 计算 20 日移动平均线完成
2026-03-23 23:46:36 | INFO     | src.indicators.technical_indicators:calculate_ma:133 | 计算 30 日移动平均线完成
2026-03-23 23:46:36 | INFO     | src.indicators.technical_indicators:calculate_ma:133 | 计算 60 日移动平均线完成
2026-03-23 23:46:36 | INFO     | src.indicators.technical_indicators:calculate_ma:133 | 计算 120 日移动平均线完成
2026-03-23 23:46:36 | INFO     | src.indicators.technical_indicators:calculate_ma:133 | 计算 250 日移动平均线完成
2026-03-23 23:46:36 | INFO     | src.indicators.technical_indicators:calculate_sma:157 | 计算 5 日简单移动平均线完成
2026-03-23 23:46:36 | INFO     | src.indicators.technical_indicators:calculate_sma:157 | 计算 10 日简单移动平均线完成
2026-03-23 23:46:36 | INFO     | src.indicators.technical_indicators:calculate_sma:157 | 计算 20 日简单移动平均线完成
2026-03-23 23:46:36 | INFO     | src.indicators.technical_indicators:calculate_sma:157 | 计算 30 日简单移动平均线完成
2026-03-23 23:46:36 | INFO     | src.indicators.technical_indicators:calculate_sma:157 | 计算 60 日简单移动平均线完成
2026-03-23 23:46:36 | INFO     | src.indicators.technical_indicators:calculate_sma:157 | 计算 120 日简单移动平均线完成
2026-03-23 23:46:36 | INFO     | src.indicators.technical_indicators:calculate_sma:157 | 计算 250 日简单移动平均线完成
2026-03-23 23:46:36 | INFO     | src.indicators.technical_indicators:calculate_ema:182 | 计算 12 日指数移动平均线完成
2026-03-23 23:46:36 | INFO     | src.indicators.technical_indicators:calculate_ema:182 | 计算 26 日指数移动平均线完成
2026-03-23 23:46:36 | INFO     | src.indicators.technical_indicators:calculate_rsi:221 | 计算 6 日RSI完成
2026-03-23 23:46:36 | INFO     | src.indicators.technical_indicators:calculate_rsi:221 | 计算 12 日RSI完成
2026-03-23 23:46:36 | INFO     | src.indicators.technical_indicators:calculate_rsi:221 | 计算 24 日RSI完成
2026-03-23 23:46:36 | INFO     | src.indicators.technical_indicators:calculate_macd:263 | 计算MACD完成：快线=12, 慢线=26, 信号线=9
2026-03-23 23:46:36 | INFO     | src.indicators.technical_indicators:calculate_macd:263 | 计算MACD完成：快线=12, 慢线=26, 信号线=12
2026-03-23 23:46:36 | INFO     | src.indicators.technical_indicators:calculate_boll:303 | 计算布林带完成：周期=20, 标准差倍数=2
2026-03-23 23:46:36 | INFO     | src.indicators.technical_indicators:calculate_kdj:350 | 计算KDJ完成：K周期=9, D周期=3, J周期=3
2026-03-23 23:46:36 | INFO     | src.indicators.technical_indicators:calculate_kdj:350 | 计算KDJ完成：K周期=10, D周期=3, J周期=3
2026-03-23 23:46:36 | INFO     | src.indicators.technical_indicators:calculate_atr:385 | 计算 10 日ATR完成
2026-03-23 23:46:36 | INFO     | src.indicators.technical_indicators:calculate_cci:446 | 计算 20 日CCI完成
2026-03-23 23:46:36 | INFO     | src.indicators.technical_indicators:calculate_williams_r:476 | 计算 10 日威廉指标完成
2026-03-23 23:46:36 | INFO     | src.indicators.technical_indicators:calculate_ma:133 | 计算 5 日移动平均线完成
2026-03-23 23:46:36 | INFO     | src.indicators.technical_indicators:calculate_bias:500 | 计算 5 日乖离率完成
2026-03-23 23:46:36 | INFO     | src.indicators.technical_indicators:calculate_ma:133 | 计算 10 日移动平均线完成
2026-03-23 23:46:36 | INFO     | src.indicators.technical_indicators:calculate_bias:500 | 计算 10 日乖离率完成
2026-03-23 23:46:36 | INFO     | src.indicators.technical_indicators:calculate_ma:133 | 计算 20 日移动平均线完成
2026-03-23 23:46:36 | INFO     | src.indicators.technical_indicators:calculate_bias:500 | 计算 20 日乖离率完成
2026-03-23 23:46:36 | INFO     | src.indicators.technical_indicators:calculate_ma:133 | 计算 30 日移动平均线完成
2026-03-23 23:46:36 | INFO     | src.indicators.technical_indicators:calculate_bias:500 | 计算 30 日乖离率完成
2026-03-23 23:46:36 | INFO     | src.indicators.technical_indicators:calculate_ma:133 | 计算 60 日移动平均线完成
2026-03-23 23:46:36 | INFO     | src.indicators.technical_indicators:calculate_bias:500 | 计算 60 日乖离率完成
2026-03-23 23:46:36 | INFO     | src.indicators.technical_indicators:calculate_ma:133 | 计算 120 日移动平均线完成
2026-03-23 23:46:36 | INFO     | src.indicators.technical_indicators:calculate_bias:500 | 计算 120 日乖离率完成
2026-03-23 23:46:36 | INFO     | src.indicators.technical_indicators:calculate_ma:133 | 计算 250 日移动平均线完成
2026-03-23 23:46:36 | INFO     | src.indicators.technical_indicators:calculate_bias:500 | 计算 250 日乖离率完成
2026-03-23 23:46:36 | INFO     | src.indicators.technical_indicators:calculate_psy:523 | 计算 10 日心理线完成
2026-03-23 23:46:36 | WARNING  | src.indicators.technical_indicators:calculate_all:635 | 未知的指标类型: rsv_period
2026-03-23 23:46:36 | WARNING  | src.indicators.technical_indicators:calculate_all:635 | 未知的指标类型: volume_period
2026-03-23 23:46:36 | INFO     | src.indicators.technical_indicators:calculate_all:640 | 完成计算 45 个技术指标
2026-03-23 23:46:36 | INFO     | src.core.data_fetcher:save_data:432 | 保存数据到 csv 文件: 688270_with_indicators
2026-03-23 23:46:36 | INFO     | src.core.data_fetcher:save_data:452 | 数据保存成功: ./data\688270_with_indicators.csv
2026-03-23 23:46:36 | INFO     | src.workflow.base:calculate_signals:195 | 对股票 688270 进行信号判断
2026-03-23 23:46:36 | INFO     | src.core.data_fetcher:save_data:432 | 保存数据到 csv 文件: 688270_signals
2026-03-23 23:46:36 | INFO     | src.core.data_fetcher:save_data:452 | 数据保存成功: ./data\688270_signals.csv
2026-03-23 23:46:36 | INFO     | src.workflow.technical:process_fund:83 |   股票 688270 信号判断完成: 持有 (得分: -0.070)
2026-03-23 23:46:36 | INFO     | src.workflow.base:calculate_technical_indicators:160 | 计算股票 300627 的技术指标
2026-03-23 23:46:36 | INFO     | src.indicators.technical_indicators:calculate_ma:133 | 计算 5 日移动平均线完成
2026-03-23 23:46:36 | INFO     | src.indicators.technical_indicators:calculate_ma:133 | 计算 10 日移动平均线完成
2026-03-23 23:46:36 | INFO     | src.indicators.technical_indicators:calculate_ma:133 | 计算 20 日移动平均线完成
2026-03-23 23:46:36 | INFO     | src.indicators.technical_indicators:calculate_ma:133 | 计算 30 日移动平均线完成
2026-03-23 23:46:36 | INFO     | src.indicators.technical_indicators:calculate_ma:133 | 计算 60 日移动平均线完成
2026-03-23 23:46:36 | INFO     | src.indicators.technical_indicators:calculate_ma:133 | 计算 120 日移动平均线完成
2026-03-23 23:46:36 | INFO     | src.indicators.technical_indicators:calculate_ma:133 | 计算 250 日移动平均线完成
2026-03-23 23:46:36 | INFO     | src.indicators.technical_indicators:calculate_sma:157 | 计算 5 日简单移动平均线完成
2026-03-23 23:46:36 | INFO     | src.indicators.technical_indicators:calculate_sma:157 | 计算 10 日简单移动平均线完成
2026-03-23 23:46:36 | INFO     | src.indicators.technical_indicators:calculate_sma:157 | 计算 20 日简单移动平均线完成
2026-03-23 23:46:36 | INFO     | src.indicators.technical_indicators:calculate_sma:157 | 计算 30 日简单移动平均线完成
2026-03-23 23:46:36 | INFO     | src.indicators.technical_indicators:calculate_sma:157 | 计算 60 日简单移动平均线完成
2026-03-23 23:46:36 | INFO     | src.indicators.technical_indicators:calculate_sma:157 | 计算 120 日简单移动平均线完成
2026-03-23 23:46:36 | INFO     | src.indicators.technical_indicators:calculate_sma:157 | 计算 250 日简单移动平均线完成
2026-03-23 23:46:36 | INFO     | src.indicators.technical_indicators:calculate_ema:182 | 计算 12 日指数移动平均线完成
2026-03-23 23:46:36 | INFO     | src.indicators.technical_indicators:calculate_ema:182 | 计算 26 日指数移动平均线完成
2026-03-23 23:46:36 | INFO     | src.indicators.technical_indicators:calculate_rsi:221 | 计算 6 日RSI完成
2026-03-23 23:46:36 | INFO     | src.indicators.technical_indicators:calculate_rsi:221 | 计算 12 日RSI完成
2026-03-23 23:46:36 | INFO     | src.indicators.technical_indicators:calculate_rsi:221 | 计算 24 日RSI完成
2026-03-23 23:46:36 | INFO     | src.indicators.technical_indicators:calculate_macd:263 | 计算MACD完成：快线=12, 慢线=26, 信号线=9
2026-03-23 23:46:36 | INFO     | src.indicators.technical_indicators:calculate_macd:263 | 计算MACD完成：快线=12, 慢线=26, 信号线=12
2026-03-23 23:46:36 | INFO     | src.indicators.technical_indicators:calculate_boll:303 | 计算布林带完成：周期=20, 标准差倍数=2
2026-03-23 23:46:36 | INFO     | src.indicators.technical_indicators:calculate_kdj:350 | 计算KDJ完成：K周期=9, D周期=3, J周期=3
2026-03-23 23:46:36 | INFO     | src.indicators.technical_indicators:calculate_kdj:350 | 计算KDJ完成：K周期=10, D周期=3, J周期=3
2026-03-23 23:46:36 | INFO     | src.indicators.technical_indicators:calculate_atr:385 | 计算 10 日ATR完成
2026-03-23 23:46:36 | INFO     | src.indicators.technical_indicators:calculate_cci:446 | 计算 20 日CCI完成
2026-03-23 23:46:36 | INFO     | src.indicators.technical_indicators:calculate_williams_r:476 | 计算 10 日威廉指标完成
2026-03-23 23:46:36 | INFO     | src.indicators.technical_indicators:calculate_ma:133 | 计算 5 日移动平均线完成
2026-03-23 23:46:36 | INFO     | src.indicators.technical_indicators:calculate_bias:500 | 计算 5 日乖离率完成
2026-03-23 23:46:36 | INFO     | src.indicators.technical_indicators:calculate_ma:133 | 计算 10 日移动平均线完成
2026-03-23 23:46:36 | INFO     | src.indicators.technical_indicators:calculate_bias:500 | 计算 10 日乖离率完成
2026-03-23 23:46:36 | INFO     | src.indicators.technical_indicators:calculate_ma:133 | 计算 20 日移动平均线完成
2026-03-23 23:46:36 | INFO     | src.indicators.technical_indicators:calculate_bias:500 | 计算 20 日乖离率完成
2026-03-23 23:46:36 | INFO     | src.indicators.technical_indicators:calculate_ma:133 | 计算 30 日移动平均线完成
2026-03-23 23:46:36 | INFO     | src.indicators.technical_indicators:calculate_bias:500 | 计算 30 日乖离率完成
2026-03-23 23:46:36 | INFO     | src.indicators.technical_indicators:calculate_ma:133 | 计算 60 日移动平均线完成
2026-03-23 23:46:36 | INFO     | src.indicators.technical_indicators:calculate_bias:500 | 计算 60 日乖离率完成
2026-03-23 23:46:36 | INFO     | src.indicators.technical_indicators:calculate_ma:133 | 计算 120 日移动平均线完成
2026-03-23 23:46:36 | INFO     | src.indicators.technical_indicators:calculate_bias:500 | 计算 120 日乖离率完成
2026-03-23 23:46:36 | INFO     | src.indicators.technical_indicators:calculate_ma:133 | 计算 250 日移动平均线完成
2026-03-23 23:46:36 | INFO     | src.indicators.technical_indicators:calculate_bias:500 | 计算 250 日乖离率完成
2026-03-23 23:46:36 | INFO     | src.indicators.technical_indicators:calculate_psy:523 | 计算 10 日心理线完成
2026-03-23 23:46:36 | WARNING  | src.indicators.technical_indicators:calculate_all:635 | 未知的指标类型: rsv_period
2026-03-23 23:46:36 | WARNING  | src.indicators.technical_indicators:calculate_all:635 | 未知的指标类型: volume_period
2026-03-23 23:46:36 | INFO     | src.indicators.technical_indicators:calculate_all:640 | 完成计算 45 个技术指标
2026-03-23 23:46:36 | INFO     | src.core.data_fetcher:save_data:432 | 保存数据到 csv 文件: 300627_with_indicators
2026-03-23 23:46:36 | INFO     | src.core.data_fetcher:save_data:452 | 数据保存成功: ./data\300627_with_indicators.csv
2026-03-23 23:46:36 | INFO     | src.workflow.base:calculate_signals:195 | 对股票 300627 进行信号判断
2026-03-23 23:46:36 | INFO     | src.core.data_fetcher:save_data:432 | 保存数据到 csv 文件: 300627_signals
2026-03-23 23:46:36 | INFO     | src.core.data_fetcher:save_data:452 | 数据保存成功: ./data\300627_signals.csv
2026-03-23 23:46:36 | INFO     | src.workflow.technical:process_fund:83 |   股票 300627 信号判断完成: 持有 (得分: 0.167)
2026-03-23 23:46:36 | INFO     | src.workflow.base:calculate_technical_indicators:160 | 计算股票 002151 的技术指标
2026-03-23 23:46:36 | INFO     | src.indicators.technical_indicators:calculate_ma:133 | 计算 5 日移动平均线完成
2026-03-23 23:46:36 | INFO     | src.indicators.technical_indicators:calculate_ma:133 | 计算 10 日移动平均线完成
2026-03-23 23:46:36 | INFO     | src.indicators.technical_indicators:calculate_ma:133 | 计算 20 日移动平均线完成
2026-03-23 23:46:36 | INFO     | src.indicators.technical_indicators:calculate_ma:133 | 计算 30 日移动平均线完成
2026-03-23 23:46:36 | INFO     | src.indicators.technical_indicators:calculate_ma:133 | 计算 60 日移动平均线完成
2026-03-23 23:46:36 | INFO     | src.indicators.technical_indicators:calculate_ma:133 | 计算 120 日移动平均线完成
2026-03-23 23:46:36 | INFO     | src.indicators.technical_indicators:calculate_ma:133 | 计算 250 日移动平均线完成
2026-03-23 23:46:36 | INFO     | src.indicators.technical_indicators:calculate_sma:157 | 计算 5 日简单移动平均线完成
2026-03-23 23:46:36 | INFO     | src.indicators.technical_indicators:calculate_sma:157 | 计算 10 日简单移动平均线完成
2026-03-23 23:46:36 | INFO     | src.indicators.technical_indicators:calculate_sma:157 | 计算 20 日简单移动平均线完成
2026-03-23 23:46:36 | INFO     | src.indicators.technical_indicators:calculate_sma:157 | 计算 30 日简单移动平均线完成
2026-03-23 23:46:36 | INFO     | src.indicators.technical_indicators:calculate_sma:157 | 计算 60 日简单移动平均线完成
2026-03-23 23:46:36 | INFO     | src.indicators.technical_indicators:calculate_sma:157 | 计算 120 日简单移动平均线完成
2026-03-23 23:46:36 | INFO     | src.indicators.technical_indicators:calculate_sma:157 | 计算 250 日简单移动平均线完成
2026-03-23 23:46:36 | INFO     | src.indicators.technical_indicators:calculate_ema:182 | 计算 12 日指数移动平均线完成
2026-03-23 23:46:36 | INFO     | src.indicators.technical_indicators:calculate_ema:182 | 计算 26 日指数移动平均线完成
2026-03-23 23:46:36 | INFO     | src.indicators.technical_indicators:calculate_rsi:221 | 计算 6 日RSI完成
2026-03-23 23:46:36 | INFO     | src.indicators.technical_indicators:calculate_rsi:221 | 计算 12 日RSI完成
2026-03-23 23:46:36 | INFO     | src.indicators.technical_indicators:calculate_rsi:221 | 计算 24 日RSI完成
2026-03-23 23:46:36 | INFO     | src.indicators.technical_indicators:calculate_macd:263 | 计算MACD完成：快线=12, 慢线=26, 信号线=9
2026-03-23 23:46:36 | INFO     | src.indicators.technical_indicators:calculate_macd:263 | 计算MACD完成：快线=12, 慢线=26, 信号线=12
2026-03-23 23:46:36 | INFO     | src.indicators.technical_indicators:calculate_boll:303 | 计算布林带完成：周期=20, 标准差倍数=2
2026-03-23 23:46:36 | INFO     | src.indicators.technical_indicators:calculate_kdj:350 | 计算KDJ完成：K周期=9, D周期=3, J周期=3
2026-03-23 23:46:36 | INFO     | src.indicators.technical_indicators:calculate_kdj:350 | 计算KDJ完成：K周期=10, D周期=3, J周期=3
2026-03-23 23:46:36 | INFO     | src.indicators.technical_indicators:calculate_atr:385 | 计算 10 日ATR完成
2026-03-23 23:46:36 | INFO     | src.indicators.technical_indicators:calculate_cci:446 | 计算 20 日CCI完成
2026-03-23 23:46:36 | INFO     | src.indicators.technical_indicators:calculate_williams_r:476 | 计算 10 日威廉指标完成
2026-03-23 23:46:36 | INFO     | src.indicators.technical_indicators:calculate_ma:133 | 计算 5 日移动平均线完成
2026-03-23 23:46:36 | INFO     | src.indicators.technical_indicators:calculate_bias:500 | 计算 5 日乖离率完成
2026-03-23 23:46:36 | INFO     | src.indicators.technical_indicators:calculate_ma:133 | 计算 10 日移动平均线完成
2026-03-23 23:46:36 | INFO     | src.indicators.technical_indicators:calculate_bias:500 | 计算 10 日乖离率完成
2026-03-23 23:46:36 | INFO     | src.indicators.technical_indicators:calculate_ma:133 | 计算 20 日移动平均线完成
2026-03-23 23:46:36 | INFO     | src.indicators.technical_indicators:calculate_bias:500 | 计算 20 日乖离率完成
2026-03-23 23:46:36 | INFO     | src.indicators.technical_indicators:calculate_ma:133 | 计算 30 日移动平均线完成
2026-03-23 23:46:36 | INFO     | src.indicators.technical_indicators:calculate_bias:500 | 计算 30 日乖离率完成
2026-03-23 23:46:36 | INFO     | src.indicators.technical_indicators:calculate_ma:133 | 计算 60 日移动平均线完成
2026-03-23 23:46:36 | INFO     | src.indicators.technical_indicators:calculate_bias:500 | 计算 60 日乖离率完成
2026-03-23 23:46:36 | INFO     | src.indicators.technical_indicators:calculate_ma:133 | 计算 120 日移动平均线完成
2026-03-23 23:46:36 | INFO     | src.indicators.technical_indicators:calculate_bias:500 | 计算 120 日乖离率完成
2026-03-23 23:46:36 | INFO     | src.indicators.technical_indicators:calculate_ma:133 | 计算 250 日移动平均线完成
2026-03-23 23:46:36 | INFO     | src.indicators.technical_indicators:calculate_bias:500 | 计算 250 日乖离率完成
2026-03-23 23:46:36 | INFO     | src.indicators.technical_indicators:calculate_psy:523 | 计算 10 日心理线完成
2026-03-23 23:46:36 | WARNING  | src.indicators.technical_indicators:calculate_all:635 | 未知的指标类型: rsv_period
2026-03-23 23:46:36 | WARNING  | src.indicators.technical_indicators:calculate_all:635 | 未知的指标类型: volume_period
2026-03-23 23:46:36 | INFO     | src.indicators.technical_indicators:calculate_all:640 | 完成计算 45 个技术指标
2026-03-23 23:46:36 | INFO     | src.core.data_fetcher:save_data:432 | 保存数据到 csv 文件: 002151_with_indicators
2026-03-23 23:46:37 | INFO     | src.core.data_fetcher:save_data:452 | 数据保存成功: ./data\002151_with_indicators.csv
2026-03-23 23:46:37 | INFO     | src.workflow.base:calculate_signals:195 | 对股票 002151 进行信号判断
2026-03-23 23:46:37 | INFO     | src.core.data_fetcher:save_data:432 | 保存数据到 csv 文件: 002151_signals
2026-03-23 23:46:37 | INFO     | src.core.data_fetcher:save_data:452 | 数据保存成功: ./data\002151_signals.csv
2026-03-23 23:46:37 | INFO     | src.workflow.technical:process_fund:83 |   股票 002151 信号判断完成: 持有 (得分: -0.159)
2026-03-23 23:46:37 | INFO     | src.workflow.base:calculate_technical_indicators:160 | 计算股票 688375 的技术指标
2026-03-23 23:46:37 | INFO     | src.indicators.technical_indicators:calculate_ma:133 | 计算 5 日移动平均线完成
2026-03-23 23:46:37 | INFO     | src.indicators.technical_indicators:calculate_ma:133 | 计算 10 日移动平均线完成
2026-03-23 23:46:37 | INFO     | src.indicators.technical_indicators:calculate_ma:133 | 计算 20 日移动平均线完成
2026-03-23 23:46:37 | INFO     | src.indicators.technical_indicators:calculate_ma:133 | 计算 30 日移动平均线完成
2026-03-23 23:46:37 | INFO     | src.indicators.technical_indicators:calculate_ma:133 | 计算 60 日移动平均线完成
2026-03-23 23:46:37 | INFO     | src.indicators.technical_indicators:calculate_ma:133 | 计算 120 日移动平均线完成
2026-03-23 23:46:37 | INFO     | src.indicators.technical_indicators:calculate_ma:133 | 计算 250 日移动平均线完成
2026-03-23 23:46:37 | INFO     | src.indicators.technical_indicators:calculate_sma:157 | 计算 5 日简单移动平均线完成
2026-03-23 23:46:37 | INFO     | src.indicators.technical_indicators:calculate_sma:157 | 计算 10 日简单移动平均线完成
2026-03-23 23:46:37 | INFO     | src.indicators.technical_indicators:calculate_sma:157 | 计算 20 日简单移动平均线完成
2026-03-23 23:46:37 | INFO     | src.indicators.technical_indicators:calculate_sma:157 | 计算 30 日简单移动平均线完成
2026-03-23 23:46:37 | INFO     | src.indicators.technical_indicators:calculate_sma:157 | 计算 60 日简单移动平均线完成
2026-03-23 23:46:37 | INFO     | src.indicators.technical_indicators:calculate_sma:157 | 计算 120 日简单移动平均线完成
2026-03-23 23:46:37 | INFO     | src.indicators.technical_indicators:calculate_sma:157 | 计算 250 日简单移动平均线完成
2026-03-23 23:46:37 | INFO     | src.indicators.technical_indicators:calculate_ema:182 | 计算 12 日指数移动平均线完成
2026-03-23 23:46:37 | INFO     | src.indicators.technical_indicators:calculate_ema:182 | 计算 26 日指数移动平均线完成
2026-03-23 23:46:37 | INFO     | src.indicators.technical_indicators:calculate_rsi:221 | 计算 6 日RSI完成
2026-03-23 23:46:37 | INFO     | src.indicators.technical_indicators:calculate_rsi:221 | 计算 12 日RSI完成
2026-03-23 23:46:37 | INFO     | src.indicators.technical_indicators:calculate_rsi:221 | 计算 24 日RSI完成
2026-03-23 23:46:37 | INFO     | src.indicators.technical_indicators:calculate_macd:263 | 计算MACD完成：快线=12, 慢线=26, 信号线=9
2026-03-23 23:46:37 | INFO     | src.indicators.technical_indicators:calculate_macd:263 | 计算MACD完成：快线=12, 慢线=26, 信号线=12
2026-03-23 23:46:37 | INFO     | src.indicators.technical_indicators:calculate_boll:303 | 计算布林带完成：周期=20, 标准差倍数=2
2026-03-23 23:46:37 | INFO     | src.indicators.technical_indicators:calculate_kdj:350 | 计算KDJ完成：K周期=9, D周期=3, J周期=3
2026-03-23 23:46:37 | INFO     | src.indicators.technical_indicators:calculate_kdj:350 | 计算KDJ完成：K周期=10, D周期=3, J周期=3
2026-03-23 23:46:37 | INFO     | src.indicators.technical_indicators:calculate_atr:385 | 计算 10 日ATR完成
2026-03-23 23:46:37 | INFO     | src.indicators.technical_indicators:calculate_cci:446 | 计算 20 日CCI完成
2026-03-23 23:46:37 | INFO     | src.indicators.technical_indicators:calculate_williams_r:476 | 计算 10 日威廉指标完成
2026-03-23 23:46:37 | INFO     | src.indicators.technical_indicators:calculate_ma:133 | 计算 5 日移动平均线完成
2026-03-23 23:46:37 | INFO     | src.indicators.technical_indicators:calculate_bias:500 | 计算 5 日乖离率完成
2026-03-23 23:46:37 | INFO     | src.indicators.technical_indicators:calculate_ma:133 | 计算 10 日移动平均线完成
2026-03-23 23:46:37 | INFO     | src.indicators.technical_indicators:calculate_bias:500 | 计算 10 日乖离率完成
2026-03-23 23:46:37 | INFO     | src.indicators.technical_indicators:calculate_ma:133 | 计算 20 日移动平均线完成
2026-03-23 23:46:37 | INFO     | src.indicators.technical_indicators:calculate_bias:500 | 计算 20 日乖离率完成
2026-03-23 23:46:37 | INFO     | src.indicators.technical_indicators:calculate_ma:133 | 计算 30 日移动平均线完成
2026-03-23 23:46:37 | INFO     | src.indicators.technical_indicators:calculate_bias:500 | 计算 30 日乖离率完成
2026-03-23 23:46:37 | INFO     | src.indicators.technical_indicators:calculate_ma:133 | 计算 60 日移动平均线完成
2026-03-23 23:46:37 | INFO     | src.indicators.technical_indicators:calculate_bias:500 | 计算 60 日乖离率完成
2026-03-23 23:46:37 | INFO     | src.indicators.technical_indicators:calculate_ma:133 | 计算 120 日移动平均线完成
2026-03-23 23:46:37 | INFO     | src.indicators.technical_indicators:calculate_bias:500 | 计算 120 日乖离率完成
2026-03-23 23:46:37 | INFO     | src.indicators.technical_indicators:calculate_ma:133 | 计算 250 日移动平均线完成
2026-03-23 23:46:37 | INFO     | src.indicators.technical_indicators:calculate_bias:500 | 计算 250 日乖离率完成
2026-03-23 23:46:37 | INFO     | src.indicators.technical_indicators:calculate_psy:523 | 计算 10 日心理线完成
2026-03-23 23:46:37 | WARNING  | src.indicators.technical_indicators:calculate_all:635 | 未知的指标类型: rsv_period
2026-03-23 23:46:37 | WARNING  | src.indicators.technical_indicators:calculate_all:635 | 未知的指标类型: volume_period
2026-03-23 23:46:37 | INFO     | src.indicators.technical_indicators:calculate_all:640 | 完成计算 45 个技术指标
2026-03-23 23:46:37 | INFO     | src.core.data_fetcher:save_data:432 | 保存数据到 csv 文件: 688375_with_indicators
2026-03-23 23:46:37 | INFO     | src.core.data_fetcher:save_data:452 | 数据保存成功: ./data\688375_with_indicators.csv
2026-03-23 23:46:37 | INFO     | src.workflow.base:calculate_signals:195 | 对股票 688375 进行信号判断
2026-03-23 23:46:37 | INFO     | src.core.data_fetcher:save_data:432 | 保存数据到 csv 文件: 688375_signals
2026-03-23 23:46:37 | INFO     | src.core.data_fetcher:save_data:452 | 数据保存成功: ./data\688375_signals.csv
2026-03-23 23:46:37 | INFO     | src.workflow.technical:process_fund:83 |   股票 688375 信号判断完成: 持有 (得分: -0.079)
2026-03-23 23:46:37 | INFO     | src.workflow.base:calculate_technical_indicators:160 | 计算股票 600435 的技术指标
2026-03-23 23:46:37 | INFO     | src.indicators.technical_indicators:calculate_ma:133 | 计算 5 日移动平均线完成
2026-03-23 23:46:37 | INFO     | src.indicators.technical_indicators:calculate_ma:133 | 计算 10 日移动平均线完成
2026-03-23 23:46:37 | INFO     | src.indicators.technical_indicators:calculate_ma:133 | 计算 20 日移动平均线完成
2026-03-23 23:46:37 | INFO     | src.indicators.technical_indicators:calculate_ma:133 | 计算 30 日移动平均线完成
2026-03-23 23:46:37 | INFO     | src.indicators.technical_indicators:calculate_ma:133 | 计算 60 日移动平均线完成
2026-03-23 23:46:37 | INFO     | src.indicators.technical_indicators:calculate_ma:133 | 计算 120 日移动平均线完成
2026-03-23 23:46:37 | INFO     | src.indicators.technical_indicators:calculate_ma:133 | 计算 250 日移动平均线完成
2026-03-23 23:46:37 | INFO     | src.indicators.technical_indicators:calculate_sma:157 | 计算 5 日简单移动平均线完成
2026-03-23 23:46:37 | INFO     | src.indicators.technical_indicators:calculate_sma:157 | 计算 10 日简单移动平均线完成
2026-03-23 23:46:37 | INFO     | src.indicators.technical_indicators:calculate_sma:157 | 计算 20 日简单移动平均线完成
2026-03-23 23:46:37 | INFO     | src.indicators.technical_indicators:calculate_sma:157 | 计算 30 日简单移动平均线完成
2026-03-23 23:46:37 | INFO     | src.indicators.technical_indicators:calculate_sma:157 | 计算 60 日简单移动平均线完成
2026-03-23 23:46:37 | INFO     | src.indicators.technical_indicators:calculate_sma:157 | 计算 120 日简单移动平均线完成
2026-03-23 23:46:37 | INFO     | src.indicators.technical_indicators:calculate_sma:157 | 计算 250 日简单移动平均线完成
2026-03-23 23:46:37 | INFO     | src.indicators.technical_indicators:calculate_ema:182 | 计算 12 日指数移动平均线完成
2026-03-23 23:46:37 | INFO     | src.indicators.technical_indicators:calculate_ema:182 | 计算 26 日指数移动平均线完成
2026-03-23 23:46:37 | INFO     | src.indicators.technical_indicators:calculate_rsi:221 | 计算 6 日RSI完成
2026-03-23 23:46:37 | INFO     | src.indicators.technical_indicators:calculate_rsi:221 | 计算 12 日RSI完成
2026-03-23 23:46:37 | INFO     | src.indicators.technical_indicators:calculate_rsi:221 | 计算 24 日RSI完成
2026-03-23 23:46:37 | INFO     | src.indicators.technical_indicators:calculate_macd:263 | 计算MACD完成：快线=12, 慢线=26, 信号线=9
2026-03-23 23:46:37 | INFO     | src.indicators.technical_indicators:calculate_macd:263 | 计算MACD完成：快线=12, 慢线=26, 信号线=12
2026-03-23 23:46:37 | INFO     | src.indicators.technical_indicators:calculate_boll:303 | 计算布林带完成：周期=20, 标准差倍数=2
2026-03-23 23:46:37 | INFO     | src.indicators.technical_indicators:calculate_kdj:350 | 计算KDJ完成：K周期=9, D周期=3, J周期=3
2026-03-23 23:46:37 | INFO     | src.indicators.technical_indicators:calculate_kdj:350 | 计算KDJ完成：K周期=10, D周期=3, J周期=3
2026-03-23 23:46:37 | INFO     | src.indicators.technical_indicators:calculate_atr:385 | 计算 10 日ATR完成
2026-03-23 23:46:37 | INFO     | src.indicators.technical_indicators:calculate_cci:446 | 计算 20 日CCI完成
2026-03-23 23:46:37 | INFO     | src.indicators.technical_indicators:calculate_williams_r:476 | 计算 10 日威廉指标完成
2026-03-23 23:46:37 | INFO     | src.indicators.technical_indicators:calculate_ma:133 | 计算 5 日移动平均线完成
2026-03-23 23:46:37 | INFO     | src.indicators.technical_indicators:calculate_bias:500 | 计算 5 日乖离率完成
2026-03-23 23:46:37 | INFO     | src.indicators.technical_indicators:calculate_ma:133 | 计算 10 日移动平均线完成
2026-03-23 23:46:37 | INFO     | src.indicators.technical_indicators:calculate_bias:500 | 计算 10 日乖离率完成
2026-03-23 23:46:37 | INFO     | src.indicators.technical_indicators:calculate_ma:133 | 计算 20 日移动平均线完成
2026-03-23 23:46:37 | INFO     | src.indicators.technical_indicators:calculate_bias:500 | 计算 20 日乖离率完成
2026-03-23 23:46:37 | INFO     | src.indicators.technical_indicators:calculate_ma:133 | 计算 30 日移动平均线完成
2026-03-23 23:46:37 | INFO     | src.indicators.technical_indicators:calculate_bias:500 | 计算 30 日乖离率完成
2026-03-23 23:46:37 | INFO     | src.indicators.technical_indicators:calculate_ma:133 | 计算 60 日移动平均线完成
2026-03-23 23:46:37 | INFO     | src.indicators.technical_indicators:calculate_bias:500 | 计算 60 日乖离率完成
2026-03-23 23:46:37 | INFO     | src.indicators.technical_indicators:calculate_ma:133 | 计算 120 日移动平均线完成
2026-03-23 23:46:37 | INFO     | src.indicators.technical_indicators:calculate_bias:500 | 计算 120 日乖离率完成
2026-03-23 23:46:37 | INFO     | src.indicators.technical_indicators:calculate_ma:133 | 计算 250 日移动平均线完成
2026-03-23 23:46:37 | INFO     | src.indicators.technical_indicators:calculate_bias:500 | 计算 250 日乖离率完成
2026-03-23 23:46:37 | INFO     | src.indicators.technical_indicators:calculate_psy:523 | 计算 10 日心理线完成
2026-03-23 23:46:37 | WARNING  | src.indicators.technical_indicators:calculate_all:635 | 未知的指标类型: rsv_period
2026-03-23 23:46:37 | WARNING  | src.indicators.technical_indicators:calculate_all:635 | 未知的指标类型: volume_period
2026-03-23 23:46:37 | INFO     | src.indicators.technical_indicators:calculate_all:640 | 完成计算 45 个技术指标
2026-03-23 23:46:37 | INFO     | src.core.data_fetcher:save_data:432 | 保存数据到 csv 文件: 600435_with_indicators
2026-03-23 23:46:37 | INFO     | src.core.data_fetcher:save_data:452 | 数据保存成功: ./data\600435_with_indicators.csv
2026-03-23 23:46:37 | INFO     | src.workflow.base:calculate_signals:195 | 对股票 600435 进行信号判断
2026-03-23 23:46:37 | INFO     | src.core.data_fetcher:save_data:432 | 保存数据到 csv 文件: 600435_signals
2026-03-23 23:46:37 | INFO     | src.core.data_fetcher:save_data:452 | 数据保存成功: ./data\600435_signals.csv
2026-03-23 23:46:37 | INFO     | src.workflow.technical:process_fund:83 |   股票 600435 信号判断完成: 持有 (得分: 0.146)
2026-03-23 23:46:37 | INFO     | src.workflow.base:calculate_technical_indicators:160 | 计算股票 300593 的技术指标
2026-03-23 23:46:37 | INFO     | src.indicators.technical_indicators:calculate_ma:133 | 计算 5 日移动平均线完成
2026-03-23 23:46:37 | INFO     | src.indicators.technical_indicators:calculate_ma:133 | 计算 10 日移动平均线完成
2026-03-23 23:46:37 | INFO     | src.indicators.technical_indicators:calculate_ma:133 | 计算 20 日移动平均线完成
2026-03-23 23:46:37 | INFO     | src.indicators.technical_indicators:calculate_ma:133 | 计算 30 日移动平均线完成
2026-03-23 23:46:37 | INFO     | src.indicators.technical_indicators:calculate_ma:133 | 计算 60 日移动平均线完成
2026-03-23 23:46:37 | INFO     | src.indicators.technical_indicators:calculate_ma:133 | 计算 120 日移动平均线完成
2026-03-23 23:46:37 | INFO     | src.indicators.technical_indicators:calculate_ma:133 | 计算 250 日移动平均线完成
2026-03-23 23:46:37 | INFO     | src.indicators.technical_indicators:calculate_sma:157 | 计算 5 日简单移动平均线完成
2026-03-23 23:46:37 | INFO     | src.indicators.technical_indicators:calculate_sma:157 | 计算 10 日简单移动平均线完成
2026-03-23 23:46:37 | INFO     | src.indicators.technical_indicators:calculate_sma:157 | 计算 20 日简单移动平均线完成
2026-03-23 23:46:37 | INFO     | src.indicators.technical_indicators:calculate_sma:157 | 计算 30 日简单移动平均线完成
2026-03-23 23:46:37 | INFO     | src.indicators.technical_indicators:calculate_sma:157 | 计算 60 日简单移动平均线完成
2026-03-23 23:46:37 | INFO     | src.indicators.technical_indicators:calculate_sma:157 | 计算 120 日简单移动平均线完成
2026-03-23 23:46:37 | INFO     | src.indicators.technical_indicators:calculate_sma:157 | 计算 250 日简单移动平均线完成
2026-03-23 23:46:37 | INFO     | src.indicators.technical_indicators:calculate_ema:182 | 计算 12 日指数移动平均线完成
2026-03-23 23:46:37 | INFO     | src.indicators.technical_indicators:calculate_ema:182 | 计算 26 日指数移动平均线完成
2026-03-23 23:46:37 | INFO     | src.indicators.technical_indicators:calculate_rsi:221 | 计算 6 日RSI完成
2026-03-23 23:46:37 | INFO     | src.indicators.technical_indicators:calculate_rsi:221 | 计算 12 日RSI完成
2026-03-23 23:46:37 | INFO     | src.indicators.technical_indicators:calculate_rsi:221 | 计算 24 日RSI完成
2026-03-23 23:46:37 | INFO     | src.indicators.technical_indicators:calculate_macd:263 | 计算MACD完成：快线=12, 慢线=26, 信号线=9
2026-03-23 23:46:37 | INFO     | src.indicators.technical_indicators:calculate_macd:263 | 计算MACD完成：快线=12, 慢线=26, 信号线=12
2026-03-23 23:46:37 | INFO     | src.indicators.technical_indicators:calculate_boll:303 | 计算布林带完成：周期=20, 标准差倍数=2
2026-03-23 23:46:37 | INFO     | src.indicators.technical_indicators:calculate_kdj:350 | 计算KDJ完成：K周期=9, D周期=3, J周期=3
2026-03-23 23:46:37 | INFO     | src.indicators.technical_indicators:calculate_kdj:350 | 计算KDJ完成：K周期=10, D周期=3, J周期=3
2026-03-23 23:46:37 | INFO     | src.indicators.technical_indicators:calculate_atr:385 | 计算 10 日ATR完成
2026-03-23 23:46:37 | INFO     | src.indicators.technical_indicators:calculate_cci:446 | 计算 20 日CCI完成
2026-03-23 23:46:37 | INFO     | src.indicators.technical_indicators:calculate_williams_r:476 | 计算 10 日威廉指标完成
2026-03-23 23:46:37 | INFO     | src.indicators.technical_indicators:calculate_ma:133 | 计算 5 日移动平均线完成
2026-03-23 23:46:37 | INFO     | src.indicators.technical_indicators:calculate_bias:500 | 计算 5 日乖离率完成
2026-03-23 23:46:37 | INFO     | src.indicators.technical_indicators:calculate_ma:133 | 计算 10 日移动平均线完成
2026-03-23 23:46:37 | INFO     | src.indicators.technical_indicators:calculate_bias:500 | 计算 10 日乖离率完成
2026-03-23 23:46:37 | INFO     | src.indicators.technical_indicators:calculate_ma:133 | 计算 20 日移动平均线完成
2026-03-23 23:46:37 | INFO     | src.indicators.technical_indicators:calculate_bias:500 | 计算 20 日乖离率完成
2026-03-23 23:46:37 | INFO     | src.indicators.technical_indicators:calculate_ma:133 | 计算 30 日移动平均线完成
2026-03-23 23:46:37 | INFO     | src.indicators.technical_indicators:calculate_bias:500 | 计算 30 日乖离率完成
2026-03-23 23:46:37 | INFO     | src.indicators.technical_indicators:calculate_ma:133 | 计算 60 日移动平均线完成
2026-03-23 23:46:37 | INFO     | src.indicators.technical_indicators:calculate_bias:500 | 计算 60 日乖离率完成
2026-03-23 23:46:37 | INFO     | src.indicators.technical_indicators:calculate_ma:133 | 计算 120 日移动平均线完成
2026-03-23 23:46:37 | INFO     | src.indicators.technical_indicators:calculate_bias:500 | 计算 120 日乖离率完成
2026-03-23 23:46:37 | INFO     | src.indicators.technical_indicators:calculate_ma:133 | 计算 250 日移动平均线完成
2026-03-23 23:46:37 | INFO     | src.indicators.technical_indicators:calculate_bias:500 | 计算 250 日乖离率完成
2026-03-23 23:46:37 | INFO     | src.indicators.technical_indicators:calculate_psy:523 | 计算 10 日心理线完成
2026-03-23 23:46:37 | WARNING  | src.indicators.technical_indicators:calculate_all:635 | 未知的指标类型: rsv_period
2026-03-23 23:46:37 | WARNING  | src.indicators.technical_indicators:calculate_all:635 | 未知的指标类型: volume_period
2026-03-23 23:46:37 | INFO     | src.indicators.technical_indicators:calculate_all:640 | 完成计算 45 个技术指标
2026-03-23 23:46:37 | INFO     | src.core.data_fetcher:save_data:432 | 保存数据到 csv 文件: 300593_with_indicators
2026-03-23 23:46:37 | INFO     | src.core.data_fetcher:save_data:452 | 数据保存成功: ./data\300593_with_indicators.csv
2026-03-23 23:46:37 | INFO     | src.workflow.base:calculate_signals:195 | 对股票 300593 进行信号判断
2026-03-23 23:46:37 | INFO     | src.core.data_fetcher:save_data:432 | 保存数据到 csv 文件: 300593_signals
2026-03-23 23:46:37 | INFO     | src.core.data_fetcher:save_data:452 | 数据保存成功: ./data\300593_signals.csv
2026-03-23 23:46:37 | INFO     | src.workflow.technical:process_fund:83 |   股票 300593 信号判断完成: 持有 (得分: 0.188)
2026-03-23 23:46:37 | INFO     | src.workflow.base:calculate_technical_indicators:160 | 计算股票 688795 的技术指标
2026-03-23 23:46:37 | INFO     | src.indicators.technical_indicators:calculate_ma:133 | 计算 5 日移动平均线完成
2026-03-23 23:46:37 | INFO     | src.indicators.technical_indicators:calculate_ma:133 | 计算 10 日移动平均线完成
2026-03-23 23:46:37 | INFO     | src.indicators.technical_indicators:calculate_ma:133 | 计算 20 日移动平均线完成
2026-03-23 23:46:37 | INFO     | src.indicators.technical_indicators:calculate_ma:133 | 计算 30 日移动平均线完成
2026-03-23 23:46:37 | INFO     | src.indicators.technical_indicators:calculate_ma:133 | 计算 60 日移动平均线完成
2026-03-23 23:46:37 | INFO     | src.indicators.technical_indicators:calculate_ma:133 | 计算 120 日移动平均线完成
2026-03-23 23:46:37 | INFO     | src.indicators.technical_indicators:calculate_ma:133 | 计算 250 日移动平均线完成
2026-03-23 23:46:37 | INFO     | src.indicators.technical_indicators:calculate_sma:157 | 计算 5 日简单移动平均线完成
2026-03-23 23:46:37 | INFO     | src.indicators.technical_indicators:calculate_sma:157 | 计算 10 日简单移动平均线完成
2026-03-23 23:46:37 | INFO     | src.indicators.technical_indicators:calculate_sma:157 | 计算 20 日简单移动平均线完成
2026-03-23 23:46:37 | INFO     | src.indicators.technical_indicators:calculate_sma:157 | 计算 30 日简单移动平均线完成
2026-03-23 23:46:37 | INFO     | src.indicators.technical_indicators:calculate_sma:157 | 计算 60 日简单移动平均线完成
2026-03-23 23:46:37 | INFO     | src.indicators.technical_indicators:calculate_sma:157 | 计算 120 日简单移动平均线完成
2026-03-23 23:46:37 | INFO     | src.indicators.technical_indicators:calculate_sma:157 | 计算 250 日简单移动平均线完成
2026-03-23 23:46:37 | INFO     | src.indicators.technical_indicators:calculate_ema:182 | 计算 12 日指数移动平均线完成
2026-03-23 23:46:37 | INFO     | src.indicators.technical_indicators:calculate_ema:182 | 计算 26 日指数移动平均线完成
2026-03-23 23:46:37 | INFO     | src.indicators.technical_indicators:calculate_rsi:221 | 计算 6 日RSI完成
2026-03-23 23:46:37 | INFO     | src.indicators.technical_indicators:calculate_rsi:221 | 计算 12 日RSI完成
2026-03-23 23:46:37 | INFO     | src.indicators.technical_indicators:calculate_rsi:221 | 计算 24 日RSI完成
2026-03-23 23:46:37 | INFO     | src.indicators.technical_indicators:calculate_macd:263 | 计算MACD完成：快线=12, 慢线=26, 信号线=9
2026-03-23 23:46:37 | INFO     | src.indicators.technical_indicators:calculate_macd:263 | 计算MACD完成：快线=12, 慢线=26, 信号线=12
2026-03-23 23:46:37 | INFO     | src.indicators.technical_indicators:calculate_boll:303 | 计算布林带完成：周期=20, 标准差倍数=2
2026-03-23 23:46:37 | INFO     | src.indicators.technical_indicators:calculate_kdj:350 | 计算KDJ完成：K周期=9, D周期=3, J周期=3
2026-03-23 23:46:37 | INFO     | src.indicators.technical_indicators:calculate_kdj:350 | 计算KDJ完成：K周期=10, D周期=3, J周期=3
2026-03-23 23:46:37 | INFO     | src.indicators.technical_indicators:calculate_atr:385 | 计算 10 日ATR完成
2026-03-23 23:46:37 | INFO     | src.indicators.technical_indicators:calculate_cci:446 | 计算 20 日CCI完成
2026-03-23 23:46:37 | INFO     | src.indicators.technical_indicators:calculate_williams_r:476 | 计算 10 日威廉指标完成
2026-03-23 23:46:37 | INFO     | src.indicators.technical_indicators:calculate_ma:133 | 计算 5 日移动平均线完成
2026-03-23 23:46:37 | INFO     | src.indicators.technical_indicators:calculate_bias:500 | 计算 5 日乖离率完成
2026-03-23 23:46:37 | INFO     | src.indicators.technical_indicators:calculate_ma:133 | 计算 10 日移动平均线完成
2026-03-23 23:46:37 | INFO     | src.indicators.technical_indicators:calculate_bias:500 | 计算 10 日乖离率完成
2026-03-23 23:46:37 | INFO     | src.indicators.technical_indicators:calculate_ma:133 | 计算 20 日移动平均线完成
2026-03-23 23:46:37 | INFO     | src.indicators.technical_indicators:calculate_bias:500 | 计算 20 日乖离率完成
2026-03-23 23:46:37 | INFO     | src.indicators.technical_indicators:calculate_ma:133 | 计算 30 日移动平均线完成
2026-03-23 23:46:37 | INFO     | src.indicators.technical_indicators:calculate_bias:500 | 计算 30 日乖离率完成
2026-03-23 23:46:37 | INFO     | src.indicators.technical_indicators:calculate_ma:133 | 计算 60 日移动平均线完成
2026-03-23 23:46:37 | INFO     | src.indicators.technical_indicators:calculate_bias:500 | 计算 60 日乖离率完成
2026-03-23 23:46:37 | INFO     | src.indicators.technical_indicators:calculate_ma:133 | 计算 120 日移动平均线完成
2026-03-23 23:46:37 | INFO     | src.indicators.technical_indicators:calculate_bias:500 | 计算 120 日乖离率完成
2026-03-23 23:46:37 | INFO     | src.indicators.technical_indicators:calculate_ma:133 | 计算 250 日移动平均线完成
2026-03-23 23:46:37 | INFO     | src.indicators.technical_indicators:calculate_bias:500 | 计算 250 日乖离率完成
2026-03-23 23:46:37 | INFO     | src.indicators.technical_indicators:calculate_psy:523 | 计算 10 日心理线完成
2026-03-23 23:46:37 | WARNING  | src.indicators.technical_indicators:calculate_all:635 | 未知的指标类型: rsv_period
2026-03-23 23:46:37 | WARNING  | src.indicators.technical_indicators:calculate_all:635 | 未知的指标类型: volume_period
2026-03-23 23:46:37 | INFO     | src.indicators.technical_indicators:calculate_all:640 | 完成计算 45 个技术指标
2026-03-23 23:46:37 | INFO     | src.core.data_fetcher:save_data:432 | 保存数据到 csv 文件: 688795_with_indicators
2026-03-23 23:46:37 | INFO     | src.core.data_fetcher:save_data:452 | 数据保存成功: ./data\688795_with_indicators.csv
2026-03-23 23:46:37 | INFO     | src.workflow.base:calculate_signals:195 | 对股票 688795 进行信号判断
2026-03-23 23:46:37 | INFO     | src.core.data_fetcher:save_data:432 | 保存数据到 csv 文件: 688795_signals
2026-03-23 23:46:37 | INFO     | src.core.data_fetcher:save_data:452 | 数据保存成功: ./data\688795_signals.csv
2026-03-23 23:46:37 | INFO     | src.workflow.technical:process_fund:83 |   股票 688795 信号判断完成: 持有 (得分: 0.094)
2026-03-23 23:46:37 | INFO     | src.workflow.base:calculate_technical_indicators:160 | 计算股票 001280 的技术指标
2026-03-23 23:46:37 | INFO     | src.indicators.technical_indicators:calculate_ma:133 | 计算 5 日移动平均线完成
2026-03-23 23:46:37 | INFO     | src.indicators.technical_indicators:calculate_ma:133 | 计算 10 日移动平均线完成
2026-03-23 23:46:37 | INFO     | src.indicators.technical_indicators:calculate_ma:133 | 计算 20 日移动平均线完成
2026-03-23 23:46:37 | INFO     | src.indicators.technical_indicators:calculate_ma:133 | 计算 30 日移动平均线完成
2026-03-23 23:46:37 | INFO     | src.indicators.technical_indicators:calculate_ma:133 | 计算 60 日移动平均线完成
2026-03-23 23:46:37 | INFO     | src.indicators.technical_indicators:calculate_ma:133 | 计算 120 日移动平均线完成
2026-03-23 23:46:37 | INFO     | src.indicators.technical_indicators:calculate_ma:133 | 计算 250 日移动平均线完成
2026-03-23 23:46:37 | INFO     | src.indicators.technical_indicators:calculate_sma:157 | 计算 5 日简单移动平均线完成
2026-03-23 23:46:37 | INFO     | src.indicators.technical_indicators:calculate_sma:157 | 计算 10 日简单移动平均线完成
2026-03-23 23:46:37 | INFO     | src.indicators.technical_indicators:calculate_sma:157 | 计算 20 日简单移动平均线完成
2026-03-23 23:46:37 | INFO     | src.indicators.technical_indicators:calculate_sma:157 | 计算 30 日简单移动平均线完成
2026-03-23 23:46:37 | INFO     | src.indicators.technical_indicators:calculate_sma:157 | 计算 60 日简单移动平均线完成
2026-03-23 23:46:37 | INFO     | src.indicators.technical_indicators:calculate_sma:157 | 计算 120 日简单移动平均线完成
2026-03-23 23:46:37 | INFO     | src.indicators.technical_indicators:calculate_sma:157 | 计算 250 日简单移动平均线完成
2026-03-23 23:46:37 | INFO     | src.indicators.technical_indicators:calculate_ema:182 | 计算 12 日指数移动平均线完成
2026-03-23 23:46:37 | INFO     | src.indicators.technical_indicators:calculate_ema:182 | 计算 26 日指数移动平均线完成
2026-03-23 23:46:37 | INFO     | src.indicators.technical_indicators:calculate_rsi:221 | 计算 6 日RSI完成
2026-03-23 23:46:37 | INFO     | src.indicators.technical_indicators:calculate_rsi:221 | 计算 12 日RSI完成
2026-03-23 23:46:37 | INFO     | src.indicators.technical_indicators:calculate_rsi:221 | 计算 24 日RSI完成
2026-03-23 23:46:37 | INFO     | src.indicators.technical_indicators:calculate_macd:263 | 计算MACD完成：快线=12, 慢线=26, 信号线=9
2026-03-23 23:46:37 | INFO     | src.indicators.technical_indicators:calculate_macd:263 | 计算MACD完成：快线=12, 慢线=26, 信号线=12
2026-03-23 23:46:37 | INFO     | src.indicators.technical_indicators:calculate_boll:303 | 计算布林带完成：周期=20, 标准差倍数=2
2026-03-23 23:46:37 | INFO     | src.indicators.technical_indicators:calculate_kdj:350 | 计算KDJ完成：K周期=9, D周期=3, J周期=3
2026-03-23 23:46:37 | INFO     | src.indicators.technical_indicators:calculate_kdj:350 | 计算KDJ完成：K周期=10, D周期=3, J周期=3
2026-03-23 23:46:37 | INFO     | src.indicators.technical_indicators:calculate_atr:385 | 计算 10 日ATR完成
2026-03-23 23:46:37 | INFO     | src.indicators.technical_indicators:calculate_cci:446 | 计算 20 日CCI完成
2026-03-23 23:46:37 | INFO     | src.indicators.technical_indicators:calculate_williams_r:476 | 计算 10 日威廉指标完成
2026-03-23 23:46:37 | INFO     | src.indicators.technical_indicators:calculate_ma:133 | 计算 5 日移动平均线完成
2026-03-23 23:46:37 | INFO     | src.indicators.technical_indicators:calculate_bias:500 | 计算 5 日乖离率完成
2026-03-23 23:46:37 | INFO     | src.indicators.technical_indicators:calculate_ma:133 | 计算 10 日移动平均线完成
2026-03-23 23:46:37 | INFO     | src.indicators.technical_indicators:calculate_bias:500 | 计算 10 日乖离率完成
2026-03-23 23:46:37 | INFO     | src.indicators.technical_indicators:calculate_ma:133 | 计算 20 日移动平均线完成
2026-03-23 23:46:37 | INFO     | src.indicators.technical_indicators:calculate_bias:500 | 计算 20 日乖离率完成
2026-03-23 23:46:37 | INFO     | src.indicators.technical_indicators:calculate_ma:133 | 计算 30 日移动平均线完成
2026-03-23 23:46:37 | INFO     | src.indicators.technical_indicators:calculate_bias:500 | 计算 30 日乖离率完成
2026-03-23 23:46:37 | INFO     | src.indicators.technical_indicators:calculate_ma:133 | 计算 60 日移动平均线完成
2026-03-23 23:46:37 | INFO     | src.indicators.technical_indicators:calculate_bias:500 | 计算 60 日乖离率完成
2026-03-23 23:46:37 | INFO     | src.indicators.technical_indicators:calculate_ma:133 | 计算 120 日移动平均线完成
2026-03-23 23:46:37 | INFO     | src.indicators.technical_indicators:calculate_bias:500 | 计算 120 日乖离率完成
2026-03-23 23:46:37 | INFO     | src.indicators.technical_indicators:calculate_ma:133 | 计算 250 日移动平均线完成
2026-03-23 23:46:37 | INFO     | src.indicators.technical_indicators:calculate_bias:500 | 计算 250 日乖离率完成
2026-03-23 23:46:37 | INFO     | src.indicators.technical_indicators:calculate_psy:523 | 计算 10 日心理线完成
2026-03-23 23:46:37 | WARNING  | src.indicators.technical_indicators:calculate_all:635 | 未知的指标类型: rsv_period
2026-03-23 23:46:37 | WARNING  | src.indicators.technical_indicators:calculate_all:635 | 未知的指标类型: volume_period
2026-03-23 23:46:37 | INFO     | src.indicators.technical_indicators:calculate_all:640 | 完成计算 45 个技术指标
2026-03-23 23:46:37 | INFO     | src.core.data_fetcher:save_data:432 | 保存数据到 csv 文件: 001280_with_indicators
2026-03-23 23:46:37 | INFO     | src.core.data_fetcher:save_data:452 | 数据保存成功: ./data\001280_with_indicators.csv
2026-03-23 23:46:37 | INFO     | src.workflow.base:calculate_signals:195 | 对股票 001280 进行信号判断
2026-03-23 23:46:37 | INFO     | src.core.data_fetcher:save_data:432 | 保存数据到 csv 文件: 001280_signals
2026-03-23 23:46:37 | INFO     | src.core.data_fetcher:save_data:452 | 数据保存成功: ./data\001280_signals.csv
2026-03-23 23:46:37 | INFO     | src.workflow.technical:process_fund:83 |   股票 001280 信号判断完成: 持有 (得分: 0.199)
2026-03-23 23:46:37 | INFO     | src.workflow.base:calculate_technical_indicators:160 | 计算股票 688809 的技术指标
2026-03-23 23:46:37 | INFO     | src.indicators.technical_indicators:calculate_ma:133 | 计算 5 日移动平均线完成
2026-03-23 23:46:37 | INFO     | src.indicators.technical_indicators:calculate_ma:133 | 计算 10 日移动平均线完成
2026-03-23 23:46:37 | INFO     | src.indicators.technical_indicators:calculate_ma:133 | 计算 20 日移动平均线完成
2026-03-23 23:46:37 | INFO     | src.indicators.technical_indicators:calculate_ma:133 | 计算 30 日移动平均线完成
2026-03-23 23:46:37 | INFO     | src.indicators.technical_indicators:calculate_ma:133 | 计算 60 日移动平均线完成
2026-03-23 23:46:37 | INFO     | src.indicators.technical_indicators:calculate_ma:133 | 计算 120 日移动平均线完成
2026-03-23 23:46:37 | INFO     | src.indicators.technical_indicators:calculate_ma:133 | 计算 250 日移动平均线完成
2026-03-23 23:46:37 | INFO     | src.indicators.technical_indicators:calculate_sma:157 | 计算 5 日简单移动平均线完成
2026-03-23 23:46:37 | INFO     | src.indicators.technical_indicators:calculate_sma:157 | 计算 10 日简单移动平均线完成
2026-03-23 23:46:37 | INFO     | src.indicators.technical_indicators:calculate_sma:157 | 计算 20 日简单移动平均线完成
2026-03-23 23:46:37 | INFO     | src.indicators.technical_indicators:calculate_sma:157 | 计算 30 日简单移动平均线完成
2026-03-23 23:46:37 | INFO     | src.indicators.technical_indicators:calculate_sma:157 | 计算 60 日简单移动平均线完成
2026-03-23 23:46:37 | INFO     | src.indicators.technical_indicators:calculate_sma:157 | 计算 120 日简单移动平均线完成
2026-03-23 23:46:37 | INFO     | src.indicators.technical_indicators:calculate_sma:157 | 计算 250 日简单移动平均线完成
2026-03-23 23:46:37 | INFO     | src.indicators.technical_indicators:calculate_ema:182 | 计算 12 日指数移动平均线完成
2026-03-23 23:46:37 | INFO     | src.indicators.technical_indicators:calculate_ema:182 | 计算 26 日指数移动平均线完成
2026-03-23 23:46:37 | INFO     | src.indicators.technical_indicators:calculate_rsi:221 | 计算 6 日RSI完成
2026-03-23 23:46:37 | INFO     | src.indicators.technical_indicators:calculate_rsi:221 | 计算 12 日RSI完成
2026-03-23 23:46:37 | INFO     | src.indicators.technical_indicators:calculate_rsi:221 | 计算 24 日RSI完成
2026-03-23 23:46:37 | INFO     | src.indicators.technical_indicators:calculate_macd:263 | 计算MACD完成：快线=12, 慢线=26, 信号线=9
2026-03-23 23:46:37 | INFO     | src.indicators.technical_indicators:calculate_macd:263 | 计算MACD完成：快线=12, 慢线=26, 信号线=12
2026-03-23 23:46:37 | INFO     | src.indicators.technical_indicators:calculate_boll:303 | 计算布林带完成：周期=20, 标准差倍数=2
2026-03-23 23:46:37 | INFO     | src.indicators.technical_indicators:calculate_kdj:350 | 计算KDJ完成：K周期=9, D周期=3, J周期=3
2026-03-23 23:46:37 | INFO     | src.indicators.technical_indicators:calculate_kdj:350 | 计算KDJ完成：K周期=10, D周期=3, J周期=3
2026-03-23 23:46:37 | INFO     | src.indicators.technical_indicators:calculate_atr:385 | 计算 10 日ATR完成
2026-03-23 23:46:37 | INFO     | src.indicators.technical_indicators:calculate_cci:446 | 计算 20 日CCI完成
2026-03-23 23:46:37 | INFO     | src.indicators.technical_indicators:calculate_williams_r:476 | 计算 10 日威廉指标完成
2026-03-23 23:46:37 | INFO     | src.indicators.technical_indicators:calculate_ma:133 | 计算 5 日移动平均线完成
2026-03-23 23:46:37 | INFO     | src.indicators.technical_indicators:calculate_bias:500 | 计算 5 日乖离率完成
2026-03-23 23:46:37 | INFO     | src.indicators.technical_indicators:calculate_ma:133 | 计算 10 日移动平均线完成
2026-03-23 23:46:37 | INFO     | src.indicators.technical_indicators:calculate_bias:500 | 计算 10 日乖离率完成
2026-03-23 23:46:37 | INFO     | src.indicators.technical_indicators:calculate_ma:133 | 计算 20 日移动平均线完成
2026-03-23 23:46:37 | INFO     | src.indicators.technical_indicators:calculate_bias:500 | 计算 20 日乖离率完成
2026-03-23 23:46:37 | INFO     | src.indicators.technical_indicators:calculate_ma:133 | 计算 30 日移动平均线完成
2026-03-23 23:46:37 | INFO     | src.indicators.technical_indicators:calculate_bias:500 | 计算 30 日乖离率完成
2026-03-23 23:46:37 | INFO     | src.indicators.technical_indicators:calculate_ma:133 | 计算 60 日移动平均线完成
2026-03-23 23:46:37 | INFO     | src.indicators.technical_indicators:calculate_bias:500 | 计算 60 日乖离率完成
2026-03-23 23:46:37 | INFO     | src.indicators.technical_indicators:calculate_ma:133 | 计算 120 日移动平均线完成
2026-03-23 23:46:37 | INFO     | src.indicators.technical_indicators:calculate_bias:500 | 计算 120 日乖离率完成
2026-03-23 23:46:37 | INFO     | src.indicators.technical_indicators:calculate_ma:133 | 计算 250 日移动平均线完成
2026-03-23 23:46:37 | INFO     | src.indicators.technical_indicators:calculate_bias:500 | 计算 250 日乖离率完成
2026-03-23 23:46:37 | INFO     | src.indicators.technical_indicators:calculate_psy:523 | 计算 10 日心理线完成
2026-03-23 23:46:37 | WARNING  | src.indicators.technical_indicators:calculate_all:635 | 未知的指标类型: rsv_period
2026-03-23 23:46:37 | WARNING  | src.indicators.technical_indicators:calculate_all:635 | 未知的指标类型: volume_period
2026-03-23 23:46:37 | INFO     | src.indicators.technical_indicators:calculate_all:640 | 完成计算 45 个技术指标
2026-03-23 23:46:37 | INFO     | src.core.data_fetcher:save_data:432 | 保存数据到 csv 文件: 688809_with_indicators
2026-03-23 23:46:37 | INFO     | src.core.data_fetcher:save_data:452 | 数据保存成功: ./data\688809_with_indicators.csv
2026-03-23 23:46:37 | INFO     | src.workflow.base:calculate_signals:195 | 对股票 688809 进行信号判断
2026-03-23 23:46:37 | INFO     | src.core.data_fetcher:save_data:432 | 保存数据到 csv 文件: 688809_signals
2026-03-23 23:46:37 | INFO     | src.core.data_fetcher:save_data:452 | 数据保存成功: ./data\688809_signals.csv
2026-03-23 23:46:37 | INFO     | src.workflow.technical:process_fund:83 |   股票 688809 信号判断完成: 持有 (得分: 0.000)
2026-03-23 23:46:37 | INFO     | src.workflow.base:calculate_technical_indicators:160 | 计算股票 301687 的技术指标
2026-03-23 23:46:37 | INFO     | src.indicators.technical_indicators:calculate_ma:133 | 计算 5 日移动平均线完成
2026-03-23 23:46:37 | INFO     | src.indicators.technical_indicators:calculate_ma:133 | 计算 10 日移动平均线完成
2026-03-23 23:46:37 | INFO     | src.indicators.technical_indicators:calculate_ma:133 | 计算 20 日移动平均线完成
2026-03-23 23:46:37 | INFO     | src.indicators.technical_indicators:calculate_ma:133 | 计算 30 日移动平均线完成
2026-03-23 23:46:37 | INFO     | src.indicators.technical_indicators:calculate_ma:133 | 计算 60 日移动平均线完成
2026-03-23 23:46:37 | INFO     | src.indicators.technical_indicators:calculate_ma:133 | 计算 120 日移动平均线完成
2026-03-23 23:46:37 | INFO     | src.indicators.technical_indicators:calculate_ma:133 | 计算 250 日移动平均线完成
2026-03-23 23:46:37 | INFO     | src.indicators.technical_indicators:calculate_sma:157 | 计算 5 日简单移动平均线完成
2026-03-23 23:46:37 | INFO     | src.indicators.technical_indicators:calculate_sma:157 | 计算 10 日简单移动平均线完成
2026-03-23 23:46:37 | INFO     | src.indicators.technical_indicators:calculate_sma:157 | 计算 20 日简单移动平均线完成
2026-03-23 23:46:37 | INFO     | src.indicators.technical_indicators:calculate_sma:157 | 计算 30 日简单移动平均线完成
2026-03-23 23:46:37 | INFO     | src.indicators.technical_indicators:calculate_sma:157 | 计算 60 日简单移动平均线完成
2026-03-23 23:46:37 | INFO     | src.indicators.technical_indicators:calculate_sma:157 | 计算 120 日简单移动平均线完成
2026-03-23 23:46:37 | INFO     | src.indicators.technical_indicators:calculate_sma:157 | 计算 250 日简单移动平均线完成
2026-03-23 23:46:37 | INFO     | src.indicators.technical_indicators:calculate_ema:182 | 计算 12 日指数移动平均线完成
2026-03-23 23:46:37 | INFO     | src.indicators.technical_indicators:calculate_ema:182 | 计算 26 日指数移动平均线完成
2026-03-23 23:46:37 | INFO     | src.indicators.technical_indicators:calculate_rsi:221 | 计算 6 日RSI完成
2026-03-23 23:46:37 | INFO     | src.indicators.technical_indicators:calculate_rsi:221 | 计算 12 日RSI完成
2026-03-23 23:46:37 | INFO     | src.indicators.technical_indicators:calculate_rsi:221 | 计算 24 日RSI完成
2026-03-23 23:46:37 | INFO     | src.indicators.technical_indicators:calculate_macd:263 | 计算MACD完成：快线=12, 慢线=26, 信号线=9
2026-03-23 23:46:37 | INFO     | src.indicators.technical_indicators:calculate_macd:263 | 计算MACD完成：快线=12, 慢线=26, 信号线=12
2026-03-23 23:46:37 | INFO     | src.indicators.technical_indicators:calculate_boll:303 | 计算布林带完成：周期=20, 标准差倍数=2
2026-03-23 23:46:37 | INFO     | src.indicators.technical_indicators:calculate_kdj:350 | 计算KDJ完成：K周期=9, D周期=3, J周期=3
2026-03-23 23:46:37 | INFO     | src.indicators.technical_indicators:calculate_kdj:350 | 计算KDJ完成：K周期=10, D周期=3, J周期=3
2026-03-23 23:46:37 | INFO     | src.indicators.technical_indicators:calculate_atr:385 | 计算 10 日ATR完成
2026-03-23 23:46:37 | INFO     | src.indicators.technical_indicators:calculate_cci:446 | 计算 20 日CCI完成
2026-03-23 23:46:37 | INFO     | src.indicators.technical_indicators:calculate_williams_r:476 | 计算 10 日威廉指标完成
2026-03-23 23:46:37 | INFO     | src.indicators.technical_indicators:calculate_ma:133 | 计算 5 日移动平均线完成
2026-03-23 23:46:37 | INFO     | src.indicators.technical_indicators:calculate_bias:500 | 计算 5 日乖离率完成
2026-03-23 23:46:37 | INFO     | src.indicators.technical_indicators:calculate_ma:133 | 计算 10 日移动平均线完成
2026-03-23 23:46:37 | INFO     | src.indicators.technical_indicators:calculate_bias:500 | 计算 10 日乖离率完成
2026-03-23 23:46:37 | INFO     | src.indicators.technical_indicators:calculate_ma:133 | 计算 20 日移动平均线完成
2026-03-23 23:46:37 | INFO     | src.indicators.technical_indicators:calculate_bias:500 | 计算 20 日乖离率完成
2026-03-23 23:46:37 | INFO     | src.indicators.technical_indicators:calculate_ma:133 | 计算 30 日移动平均线完成
2026-03-23 23:46:37 | INFO     | src.indicators.technical_indicators:calculate_bias:500 | 计算 30 日乖离率完成
2026-03-23 23:46:37 | INFO     | src.indicators.technical_indicators:calculate_ma:133 | 计算 60 日移动平均线完成
2026-03-23 23:46:37 | INFO     | src.indicators.technical_indicators:calculate_bias:500 | 计算 60 日乖离率完成
2026-03-23 23:46:37 | INFO     | src.indicators.technical_indicators:calculate_ma:133 | 计算 120 日移动平均线完成
2026-03-23 23:46:37 | INFO     | src.indicators.technical_indicators:calculate_bias:500 | 计算 120 日乖离率完成
2026-03-23 23:46:37 | INFO     | src.indicators.technical_indicators:calculate_ma:133 | 计算 250 日移动平均线完成
2026-03-23 23:46:37 | INFO     | src.indicators.technical_indicators:calculate_bias:500 | 计算 250 日乖离率完成
2026-03-23 23:46:37 | INFO     | src.indicators.technical_indicators:calculate_psy:523 | 计算 10 日心理线完成
2026-03-23 23:46:37 | WARNING  | src.indicators.technical_indicators:calculate_all:635 | 未知的指标类型: rsv_period
2026-03-23 23:46:37 | WARNING  | src.indicators.technical_indicators:calculate_all:635 | 未知的指标类型: volume_period
2026-03-23 23:46:37 | INFO     | src.indicators.technical_indicators:calculate_all:640 | 完成计算 45 个技术指标
2026-03-23 23:46:37 | INFO     | src.core.data_fetcher:save_data:432 | 保存数据到 csv 文件: 301687_with_indicators
2026-03-23 23:46:37 | INFO     | src.core.data_fetcher:save_data:452 | 数据保存成功: ./data\301687_with_indicators.csv
2026-03-23 23:46:37 | INFO     | src.workflow.base:calculate_signals:195 | 对股票 301687 进行信号判断
2026-03-23 23:46:37 | INFO     | src.core.data_fetcher:save_data:432 | 保存数据到 csv 文件: 301687_signals
2026-03-23 23:46:37 | INFO     | src.core.data_fetcher:save_data:452 | 数据保存成功: ./data\301687_signals.csv
2026-03-23 23:46:37 | INFO     | src.workflow.technical:process_fund:83 |   股票 301687 信号判断完成: 持有 (得分: -0.120)
2026-03-23 23:46:37 | INFO     | src.workflow.base:calculate_technical_indicators:160 | 计算股票 301667 的技术指标
2026-03-23 23:46:37 | INFO     | src.indicators.technical_indicators:calculate_ma:133 | 计算 5 日移动平均线完成
2026-03-23 23:46:37 | INFO     | src.indicators.technical_indicators:calculate_ma:133 | 计算 10 日移动平均线完成
2026-03-23 23:46:37 | INFO     | src.indicators.technical_indicators:calculate_ma:133 | 计算 20 日移动平均线完成
2026-03-23 23:46:37 | INFO     | src.indicators.technical_indicators:calculate_ma:133 | 计算 30 日移动平均线完成
2026-03-23 23:46:37 | INFO     | src.indicators.technical_indicators:calculate_ma:133 | 计算 60 日移动平均线完成
2026-03-23 23:46:37 | INFO     | src.indicators.technical_indicators:calculate_ma:133 | 计算 120 日移动平均线完成
2026-03-23 23:46:37 | INFO     | src.indicators.technical_indicators:calculate_ma:133 | 计算 250 日移动平均线完成
2026-03-23 23:46:37 | INFO     | src.indicators.technical_indicators:calculate_sma:157 | 计算 5 日简单移动平均线完成
2026-03-23 23:46:37 | INFO     | src.indicators.technical_indicators:calculate_sma:157 | 计算 10 日简单移动平均线完成
2026-03-23 23:46:37 | INFO     | src.indicators.technical_indicators:calculate_sma:157 | 计算 20 日简单移动平均线完成
2026-03-23 23:46:37 | INFO     | src.indicators.technical_indicators:calculate_sma:157 | 计算 30 日简单移动平均线完成
2026-03-23 23:46:37 | INFO     | src.indicators.technical_indicators:calculate_sma:157 | 计算 60 日简单移动平均线完成
2026-03-23 23:46:37 | INFO     | src.indicators.technical_indicators:calculate_sma:157 | 计算 120 日简单移动平均线完成
2026-03-23 23:46:37 | INFO     | src.indicators.technical_indicators:calculate_sma:157 | 计算 250 日简单移动平均线完成
2026-03-23 23:46:37 | INFO     | src.indicators.technical_indicators:calculate_ema:182 | 计算 12 日指数移动平均线完成
2026-03-23 23:46:37 | INFO     | src.indicators.technical_indicators:calculate_ema:182 | 计算 26 日指数移动平均线完成
2026-03-23 23:46:37 | INFO     | src.indicators.technical_indicators:calculate_rsi:221 | 计算 6 日RSI完成
2026-03-23 23:46:37 | INFO     | src.indicators.technical_indicators:calculate_rsi:221 | 计算 12 日RSI完成
2026-03-23 23:46:37 | INFO     | src.indicators.technical_indicators:calculate_rsi:221 | 计算 24 日RSI完成
2026-03-23 23:46:37 | INFO     | src.indicators.technical_indicators:calculate_macd:263 | 计算MACD完成：快线=12, 慢线=26, 信号线=9
2026-03-23 23:46:37 | INFO     | src.indicators.technical_indicators:calculate_macd:263 | 计算MACD完成：快线=12, 慢线=26, 信号线=12
2026-03-23 23:46:37 | INFO     | src.indicators.technical_indicators:calculate_boll:303 | 计算布林带完成：周期=20, 标准差倍数=2
2026-03-23 23:46:37 | INFO     | src.indicators.technical_indicators:calculate_kdj:350 | 计算KDJ完成：K周期=9, D周期=3, J周期=3
2026-03-23 23:46:37 | INFO     | src.indicators.technical_indicators:calculate_kdj:350 | 计算KDJ完成：K周期=10, D周期=3, J周期=3
2026-03-23 23:46:37 | INFO     | src.indicators.technical_indicators:calculate_atr:385 | 计算 10 日ATR完成
2026-03-23 23:46:37 | INFO     | src.indicators.technical_indicators:calculate_cci:446 | 计算 20 日CCI完成
2026-03-23 23:46:37 | INFO     | src.indicators.technical_indicators:calculate_williams_r:476 | 计算 10 日威廉指标完成
2026-03-23 23:46:37 | INFO     | src.indicators.technical_indicators:calculate_ma:133 | 计算 5 日移动平均线完成
2026-03-23 23:46:37 | INFO     | src.indicators.technical_indicators:calculate_bias:500 | 计算 5 日乖离率完成
2026-03-23 23:46:37 | INFO     | src.indicators.technical_indicators:calculate_ma:133 | 计算 10 日移动平均线完成
2026-03-23 23:46:37 | INFO     | src.indicators.technical_indicators:calculate_bias:500 | 计算 10 日乖离率完成
2026-03-23 23:46:37 | INFO     | src.indicators.technical_indicators:calculate_ma:133 | 计算 20 日移动平均线完成
2026-03-23 23:46:37 | INFO     | src.indicators.technical_indicators:calculate_bias:500 | 计算 20 日乖离率完成
2026-03-23 23:46:37 | INFO     | src.indicators.technical_indicators:calculate_ma:133 | 计算 30 日移动平均线完成
2026-03-23 23:46:37 | INFO     | src.indicators.technical_indicators:calculate_bias:500 | 计算 30 日乖离率完成
2026-03-23 23:46:37 | INFO     | src.indicators.technical_indicators:calculate_ma:133 | 计算 60 日移动平均线完成
2026-03-23 23:46:37 | INFO     | src.indicators.technical_indicators:calculate_bias:500 | 计算 60 日乖离率完成
2026-03-23 23:46:37 | INFO     | src.indicators.technical_indicators:calculate_ma:133 | 计算 120 日移动平均线完成
2026-03-23 23:46:37 | INFO     | src.indicators.technical_indicators:calculate_bias:500 | 计算 120 日乖离率完成
2026-03-23 23:46:37 | INFO     | src.indicators.technical_indicators:calculate_ma:133 | 计算 250 日移动平均线完成
2026-03-23 23:46:37 | INFO     | src.indicators.technical_indicators:calculate_bias:500 | 计算 250 日乖离率完成
2026-03-23 23:46:37 | INFO     | src.indicators.technical_indicators:calculate_psy:523 | 计算 10 日心理线完成
2026-03-23 23:46:37 | WARNING  | src.indicators.technical_indicators:calculate_all:635 | 未知的指标类型: rsv_period
2026-03-23 23:46:37 | WARNING  | src.indicators.technical_indicators:calculate_all:635 | 未知的指标类型: volume_period
2026-03-23 23:46:37 | INFO     | src.indicators.technical_indicators:calculate_all:640 | 完成计算 45 个技术指标
2026-03-23 23:46:37 | INFO     | src.core.data_fetcher:save_data:432 | 保存数据到 csv 文件: 301667_with_indicators
2026-03-23 23:46:37 | INFO     | src.core.data_fetcher:save_data:452 | 数据保存成功: ./data\301667_with_indicators.csv
2026-03-23 23:46:37 | INFO     | src.workflow.base:calculate_signals:195 | 对股票 301667 进行信号判断
2026-03-23 23:46:37 | INFO     | src.core.data_fetcher:save_data:432 | 保存数据到 csv 文件: 301667_signals
2026-03-23 23:46:37 | INFO     | src.core.data_fetcher:save_data:452 | 数据保存成功: ./data\301667_signals.csv
2026-03-23 23:46:37 | INFO     | src.workflow.technical:process_fund:83 |   股票 301667 信号判断完成: 持有 (得分: -0.112)
2026-03-23 23:46:37 | INFO     | src.workflow.technical:process_fund:108 | ============================================================
2026-03-23 23:46:37 | INFO     | src.workflow.technical:process_fund:109 | 基金 025491 处理完成!
2026-03-23 23:46:37 | INFO     | src.workflow.technical:process_fund:110 | 总股票数: 15
2026-03-23 23:46:37 | INFO     | src.workflow.technical:process_fund:111 | 成功: 15
2026-03-23 23:46:37 | INFO     | src.workflow.technical:process_fund:112 | 失败: 0
2026-03-23 23:46:37 | INFO     | src.workflow.technical:process_fund:113 | ============================================================
2026-03-23 23:46:37 | INFO     | src.workflow.technical:process_fund:122 | 基金 025491 的所有技术指标已保存为 CSV 文件
2026-03-23 23:46:37 | INFO     | src.workflow.technical:run_batch:162 | 基金 025491 处理完成
2026-03-23 23:46:37 | INFO     | src.workflow.technical:run_batch:163 | ============================================================

2026-03-23 23:46:37 | INFO     | src.workflow.technical:run_batch:165 | 
============================================================
2026-03-23 23:46:37 | INFO     | src.workflow.technical:run_batch:166 | 批量处理完成!
2026-03-23 23:46:37 | INFO     | src.workflow.technical:run_batch:167 | ============================================================
2026-03-23 23:46:37 | INFO     | src.workflow.technical:run_batch:174 | 总基金数: 6
2026-03-23 23:46:37 | INFO     | src.workflow.technical:run_batch:175 | 成功处理: 6
2026-03-23 23:46:37 | INFO     | src.workflow.technical:run_batch:176 | 处理失败: 0
2026-03-23 23:46:37 | INFO     | src.workflow.technical:run_batch:182 | 总股票数（所有基金）: 70
2026-03-23 23:46:37 | INFO     | src.workflow.technical:run_batch:183 | 成功股票数: 70
2026-03-23 23:46:37 | INFO     | src.workflow.technical:run_batch:184 | 失败股票数: 0
2026-03-23 23:46:37 | INFO     | src.workflow.technical:run_batch:192 | ============================================================
2026-03-23 23:46:37 | INFO     | src.workflow.technical:run_batch:193 | 所有基金的技术指标计算已完成!
2026-03-23 23:46:37 | INFO     | src.workflow.technical:run_batch:194 | ============================================================
2026-03-23 23:46:45 | INFO     | __main__:run_technical_workflow:259 | 将对以下基金进行加权平均分析: ['005538', '015790', '018957', '017193', '025209', '025491']
2026-03-23 23:46:45 | INFO     | src.core.data_factory:create_provider:43 | 创建数据源提供者: akshare
2026-03-23 23:46:45 | INFO     | src.core.data_factory:_init_providers:127 | 初始化数据源提供者: akshare
2026-03-23 23:46:45 | INFO     | src.core.baostock_provider:login:42 | baostock 登录成功
2026-03-23 23:46:45 | INFO     | src.core.data_factory:create_provider:43 | 创建数据源提供者: baostock
2026-03-23 23:46:45 | INFO     | src.core.data_factory:_init_providers:127 | 初始化数据源提供者: baostock
2026-03-23 23:46:45 | INFO     | src.core.data_factory:__init__:117 | 多数据源数据获取器初始化完成
2026-03-23 23:46:45 | INFO     | src.core.data_factory:__init__:118 | 股票数据源: baostock
2026-03-23 23:46:45 | INFO     | src.core.data_factory:__init__:119 | 基金数据源: akshare
2026-03-23 23:46:45 | INFO     | src.data.reader:__init__:29 | 数据读取器初始化完成，基础路径: data
2026-03-23 23:46:45 | INFO     | src.workflow.analysis:run_batch:241 | 开始进行基金加权平均分析
2026-03-23 23:46:45 | INFO     | src.workflow.analysis:run_batch:242 | 基金代码列表: ['005538', '015790', '018957', '017193', '025209', '025491']
2026-03-23 23:46:45 | INFO     | src.workflow.analysis:run_batch:247 | 
============================================================
2026-03-23 23:46:45 | INFO     | src.workflow.analysis:run_batch:248 | 开始分析基金: 005538
2026-03-23 23:46:45 | INFO     | src.workflow.analysis:run_batch:249 | ============================================================
2026-03-23 23:46:45 | INFO     | src.workflow.analysis:analyze_fund:135 | 执行基金 005538 的完整加权平均分析流程...
2026-03-23 23:46:45 | INFO     | src.workflow.analysis:analyze_fund:139 | 【步骤1】获取基金持仓数据
2026-03-23 23:46:45 | INFO     | src.workflow.analysis:get_fund_holdings_for_analysis:36 | 获取基金 005538 的持仓数据（用于分析）
2026-03-23 23:46:45 | WARNING  | src.core.data_fetcher:get_fund_portfolio_hold_em:331 | get_fund_portfolio_hold_em 方法已过时，建议使用 get_fund_portfolio
2026-03-23 23:46:45 | INFO     | src.core.data_fetcher:inner:294 | 获取基金 005538 持仓
2026-03-23 23:46:45 | INFO     | src.core.akshare_provider:get_fund_portfolio:370 | akshare 获取基金 005538 持仓
2026-03-23 23:46:46 | INFO     | src.core.akshare_provider:get_fund_portfolio:379 | 使用 fund_portfolio_hold_em 成功获取基金 005538 持仓
2026-03-23 23:46:46 | INFO     | src.workflow.analysis:analyze_fund:146 | 【步骤2】过滤最新季度数据
2026-03-23 23:46:46 | INFO     | src.workflow.base:filter_latest_quarter:90 | 过滤最新季度数据
2026-03-23 23:46:46 | INFO     | src.analysis.quarter_filter:filter_latest_quarter_data:63 | 识别到最新季度: 2025年Q4
2026-03-23 23:46:46 | INFO     | src.analysis.quarter_filter:filter_latest_quarter_data:77 | 过滤结果: 从 81 条记录中筛选出 10 条最新季度数据
2026-03-23 23:46:46 | INFO     | src.workflow.analysis:analyze_fund:154 | 最新季度持仓股票数量: 10
2026-03-23 23:46:46 | INFO     | src.workflow.analysis:analyze_fund:155 | 股票代码列表: ['301662', '688778', '688155', '300450', '301617', '688147', '688499', '301150', '002846', '300092']
2026-03-23 23:46:46 | INFO     | src.workflow.analysis:analyze_fund:158 | 【步骤3】检查股票信号数据
2026-03-23 23:46:46 | INFO     | src.workflow.analysis:check_and_calculate_missing_indicators:62 | 所有股票的信号数据已存在，跳过技术指标计算步骤
2026-03-23 23:46:46 | INFO     | src.workflow.analysis:analyze_fund:162 | 【步骤4】进行基金加权平均分析
2026-03-23 23:46:46 | INFO     | src.analysis.fund_weighted_analyzer:parse_holdings_data:264 | 解析到 10 只股票持仓数据
2026-03-23 23:46:46 | INFO     | src.analysis.fund_weighted_analyzer:analyze_fund:297 | 分析股票 301662 (宏工科技)
2026-03-23 23:46:46 | INFO     | src.analysis.fund_weighted_analyzer:analyze_fund:297 | 分析股票 688778 (厦钨新能)
2026-03-23 23:46:46 | INFO     | src.analysis.fund_weighted_analyzer:analyze_fund:297 | 分析股票 688155 (先惠技术)
2026-03-23 23:46:46 | INFO     | src.analysis.fund_weighted_analyzer:analyze_fund:297 | 分析股票 300450 (先导智能)
2026-03-23 23:46:46 | INFO     | src.analysis.fund_weighted_analyzer:analyze_fund:297 | 分析股票 301617 (博苑股份)
2026-03-23 23:46:46 | INFO     | src.analysis.fund_weighted_analyzer:analyze_fund:297 | 分析股票 688147 (微导纳米)
2026-03-23 23:46:46 | INFO     | src.analysis.fund_weighted_analyzer:analyze_fund:297 | 分析股票 688499 (利元亨)
2026-03-23 23:46:46 | INFO     | src.analysis.fund_weighted_analyzer:analyze_fund:297 | 分析股票 301150 (中一科技)
2026-03-23 23:46:46 | INFO     | src.analysis.fund_weighted_analyzer:analyze_fund:297 | 分析股票 002846 (英联股份)
2026-03-23 23:46:46 | INFO     | src.analysis.fund_weighted_analyzer:analyze_fund:297 | 分析股票 300092 (科新机电)
2026-03-23 23:46:46 | INFO     | src.workflow.analysis:analyze_fund:175 | 【步骤5】生成分析报告
2026-03-23 23:46:46 | INFO     | src.analysis.fund_weighted_analyzer:save_report:536 | 分析报告已保存到: outputs/reports\fund-analysis-fund-005538-20260323_234646.txt
2026-03-23 23:46:46 | INFO     | src.analysis.fund_weighted_analyzer:save_report:537 | JSON结果已保存到: outputs/reports\fund-analysis-fund-005538-20260323_234646.json
2026-03-23 23:46:46 | INFO     | src.workflow.analysis:analyze_fund:180 | 
============================================================
2026-03-23 23:46:46 | INFO     | src.workflow.analysis:analyze_fund:181 | 基金 005538 分析结果:
2026-03-23 23:46:46 | INFO     | src.workflow.analysis:analyze_fund:182 | ------------------------------------------------------------
2026-03-23 23:46:46 | INFO     | src.workflow.analysis:analyze_fund:183 | 加权平均得分: 0.121
2026-03-23 23:46:46 | INFO     | src.workflow.analysis:analyze_fund:184 | 基金建议: 建议持有
2026-03-23 23:46:46 | INFO     | src.workflow.analysis:analyze_fund:185 | 置信度: 54.4%
2026-03-23 23:46:46 | INFO     | src.workflow.analysis:analyze_fund:186 | 总股票数: 10
2026-03-23 23:46:46 | INFO     | src.workflow.analysis:analyze_fund:187 | 已分析股票数: 10
2026-03-23 23:46:46 | INFO     | src.workflow.analysis:analyze_fund:188 | 分析覆盖率: 100.0%
2026-03-23 23:46:46 | INFO     | src.workflow.analysis:analyze_fund:189 | ------------------------------------------------------------
2026-03-23 23:46:46 | INFO     | src.workflow.analysis:analyze_fund:196 | ⦿ 基金建议: 建议持有观望
2026-03-23 23:46:46 | INFO     | src.workflow.analysis:analyze_fund:200 | ============================================================
2026-03-23 23:46:47 | DEBUG    | src.notify.channels.ntfy:send:87 | ntfy 消息发送成功: 📊 基金 {fund_code} 建议: {recommendation}
加权得分: {score...
2026-03-23 23:46:47 | DEBUG    | src.notify.base:send_with_retry:126 | 通知器 ntfy 发送成功
2026-03-23 23:46:47 | DEBUG    | src.notify.manager:send:140 | 消息发送成功到渠道 ntfy
2026-03-23 23:46:47 | INFO     | src.workflow.analysis:run_batch:254 | 基金 005538 分析完成
2026-03-23 23:46:47 | INFO     | src.workflow.analysis:run_batch:255 | ============================================================

2026-03-23 23:46:47 | INFO     | src.workflow.analysis:run_batch:247 | 
============================================================
2026-03-23 23:46:47 | INFO     | src.workflow.analysis:run_batch:248 | 开始分析基金: 015790
2026-03-23 23:46:47 | INFO     | src.workflow.analysis:run_batch:249 | ============================================================
2026-03-23 23:46:47 | INFO     | src.workflow.analysis:analyze_fund:135 | 执行基金 015790 的完整加权平均分析流程...
2026-03-23 23:46:47 | INFO     | src.workflow.analysis:analyze_fund:139 | 【步骤1】获取基金持仓数据
2026-03-23 23:46:47 | INFO     | src.workflow.analysis:get_fund_holdings_for_analysis:36 | 获取基金 015790 的持仓数据（用于分析）
2026-03-23 23:46:47 | WARNING  | src.core.data_fetcher:get_fund_portfolio_hold_em:331 | get_fund_portfolio_hold_em 方法已过时，建议使用 get_fund_portfolio
2026-03-23 23:46:47 | INFO     | src.core.data_fetcher:inner:294 | 获取基金 015790 持仓
2026-03-23 23:46:47 | INFO     | src.core.akshare_provider:get_fund_portfolio:370 | akshare 获取基金 015790 持仓
2026-03-23 23:46:47 | INFO     | src.core.akshare_provider:get_fund_portfolio:379 | 使用 fund_portfolio_hold_em 成功获取基金 015790 持仓
2026-03-23 23:46:47 | INFO     | src.workflow.analysis:analyze_fund:146 | 【步骤2】过滤最新季度数据
2026-03-23 23:46:47 | INFO     | src.workflow.base:filter_latest_quarter:90 | 过滤最新季度数据
2026-03-23 23:46:47 | INFO     | src.analysis.quarter_filter:filter_latest_quarter_data:63 | 识别到最新季度: 2025年Q4
2026-03-23 23:46:47 | INFO     | src.analysis.quarter_filter:filter_latest_quarter_data:77 | 过滤结果: 从 98 条记录中筛选出 10 条最新季度数据
2026-03-23 23:46:47 | INFO     | src.workflow.analysis:analyze_fund:154 | 最新季度持仓股票数量: 10
2026-03-23 23:46:47 | INFO     | src.workflow.analysis:analyze_fund:155 | 股票代码列表: ['600118', '301005', '605598', '601698', '600879', '300342', '300136', '002149', '300762', '002565']
2026-03-23 23:46:47 | INFO     | src.workflow.analysis:analyze_fund:158 | 【步骤3】检查股票信号数据
2026-03-23 23:46:47 | INFO     | src.workflow.analysis:check_and_calculate_missing_indicators:62 | 所有股票的信号数据已存在，跳过技术指标计算步骤
2026-03-23 23:46:47 | INFO     | src.workflow.analysis:analyze_fund:162 | 【步骤4】进行基金加权平均分析
2026-03-23 23:46:47 | INFO     | src.analysis.fund_weighted_analyzer:parse_holdings_data:264 | 解析到 10 只股票持仓数据
2026-03-23 23:46:47 | INFO     | src.analysis.fund_weighted_analyzer:analyze_fund:297 | 分析股票 600118 (中国卫星)
2026-03-23 23:46:47 | INFO     | src.analysis.fund_weighted_analyzer:analyze_fund:297 | 分析股票 301005 (超捷股份)
2026-03-23 23:46:47 | INFO     | src.analysis.fund_weighted_analyzer:analyze_fund:297 | 分析股票 605598 (上海港湾)
2026-03-23 23:46:47 | INFO     | src.analysis.fund_weighted_analyzer:analyze_fund:297 | 分析股票 601698 (中国卫通)
2026-03-23 23:46:47 | INFO     | src.analysis.fund_weighted_analyzer:analyze_fund:297 | 分析股票 600879 (航天电子)
2026-03-23 23:46:47 | INFO     | src.analysis.fund_weighted_analyzer:analyze_fund:297 | 分析股票 300342 (天银机电)
2026-03-23 23:46:47 | INFO     | src.analysis.fund_weighted_analyzer:analyze_fund:297 | 分析股票 300136 (信维通信)
2026-03-23 23:46:47 | INFO     | src.analysis.fund_weighted_analyzer:analyze_fund:297 | 分析股票 002149 (西部材料)
2026-03-23 23:46:47 | INFO     | src.analysis.fund_weighted_analyzer:analyze_fund:297 | 分析股票 300762 (上海瀚讯)
2026-03-23 23:46:47 | INFO     | src.analysis.fund_weighted_analyzer:analyze_fund:297 | 分析股票 002565 (顺灏股份)
2026-03-23 23:46:47 | INFO     | src.workflow.analysis:analyze_fund:175 | 【步骤5】生成分析报告
2026-03-23 23:46:47 | INFO     | src.analysis.fund_weighted_analyzer:save_report:536 | 分析报告已保存到: outputs/reports\fund-analysis-fund-015790-20260323_234647.txt
2026-03-23 23:46:47 | INFO     | src.analysis.fund_weighted_analyzer:save_report:537 | JSON结果已保存到: outputs/reports\fund-analysis-fund-015790-20260323_234647.json
2026-03-23 23:46:47 | INFO     | src.workflow.analysis:analyze_fund:180 | 
============================================================
2026-03-23 23:46:47 | INFO     | src.workflow.analysis:analyze_fund:181 | 基金 015790 分析结果:
2026-03-23 23:46:47 | INFO     | src.workflow.analysis:analyze_fund:182 | ------------------------------------------------------------
2026-03-23 23:46:47 | INFO     | src.workflow.analysis:analyze_fund:183 | 加权平均得分: 0.112
2026-03-23 23:46:47 | INFO     | src.workflow.analysis:analyze_fund:184 | 基金建议: 建议持有
2026-03-23 23:46:47 | INFO     | src.workflow.analysis:analyze_fund:185 | 置信度: 48.6%
2026-03-23 23:46:47 | INFO     | src.workflow.analysis:analyze_fund:186 | 总股票数: 10
2026-03-23 23:46:47 | INFO     | src.workflow.analysis:analyze_fund:187 | 已分析股票数: 10
2026-03-23 23:46:47 | INFO     | src.workflow.analysis:analyze_fund:188 | 分析覆盖率: 100.0%
2026-03-23 23:46:47 | INFO     | src.workflow.analysis:analyze_fund:189 | ------------------------------------------------------------
2026-03-23 23:46:47 | INFO     | src.workflow.analysis:analyze_fund:196 | ⦿ 基金建议: 建议持有观望
2026-03-23 23:46:47 | INFO     | src.workflow.analysis:analyze_fund:200 | ============================================================
2026-03-23 23:46:48 | DEBUG    | src.notify.channels.ntfy:send:87 | ntfy 消息发送成功: 📊 基金 {fund_code} 建议: {recommendation}
加权得分: {score...
2026-03-23 23:46:48 | DEBUG    | src.notify.base:send_with_retry:126 | 通知器 ntfy 发送成功
2026-03-23 23:46:48 | DEBUG    | src.notify.manager:send:140 | 消息发送成功到渠道 ntfy
2026-03-23 23:46:48 | INFO     | src.workflow.analysis:run_batch:254 | 基金 015790 分析完成
2026-03-23 23:46:48 | INFO     | src.workflow.analysis:run_batch:255 | ============================================================

2026-03-23 23:46:48 | INFO     | src.workflow.analysis:run_batch:247 | 
============================================================
2026-03-23 23:46:48 | INFO     | src.workflow.analysis:run_batch:248 | 开始分析基金: 018957
2026-03-23 23:46:48 | INFO     | src.workflow.analysis:run_batch:249 | ============================================================
2026-03-23 23:46:48 | INFO     | src.workflow.analysis:analyze_fund:135 | 执行基金 018957 的完整加权平均分析流程...
2026-03-23 23:46:48 | INFO     | src.workflow.analysis:analyze_fund:139 | 【步骤1】获取基金持仓数据
2026-03-23 23:46:48 | INFO     | src.workflow.analysis:get_fund_holdings_for_analysis:36 | 获取基金 018957 的持仓数据（用于分析）
2026-03-23 23:46:48 | WARNING  | src.core.data_fetcher:get_fund_portfolio_hold_em:331 | get_fund_portfolio_hold_em 方法已过时，建议使用 get_fund_portfolio
2026-03-23 23:46:48 | INFO     | src.core.data_fetcher:inner:294 | 获取基金 018957 持仓
2026-03-23 23:46:48 | INFO     | src.core.akshare_provider:get_fund_portfolio:370 | akshare 获取基金 018957 持仓
2026-03-23 23:46:48 | INFO     | src.core.akshare_provider:get_fund_portfolio:379 | 使用 fund_portfolio_hold_em 成功获取基金 018957 持仓
2026-03-23 23:46:48 | INFO     | src.workflow.analysis:analyze_fund:146 | 【步骤2】过滤最新季度数据
2026-03-23 23:46:48 | INFO     | src.workflow.base:filter_latest_quarter:90 | 过滤最新季度数据
2026-03-23 23:46:48 | INFO     | src.analysis.quarter_filter:filter_latest_quarter_data:63 | 识别到最新季度: 2025年Q4
2026-03-23 23:46:48 | INFO     | src.analysis.quarter_filter:filter_latest_quarter_data:77 | 过滤结果: 从 86 条记录中筛选出 10 条最新季度数据
2026-03-23 23:46:48 | INFO     | src.workflow.analysis:analyze_fund:154 | 最新季度持仓股票数量: 10
2026-03-23 23:46:48 | INFO     | src.workflow.analysis:analyze_fund:155 | 股票代码列表: ['300394', '300308', '300476', '300502', '002837', '600183', '601138', '603083', '688313', '600105']
2026-03-23 23:46:48 | INFO     | src.workflow.analysis:analyze_fund:158 | 【步骤3】检查股票信号数据
2026-03-23 23:46:48 | INFO     | src.workflow.analysis:check_and_calculate_missing_indicators:62 | 所有股票的信号数据已存在，跳过技术指标计算步骤
2026-03-23 23:46:48 | INFO     | src.workflow.analysis:analyze_fund:162 | 【步骤4】进行基金加权平均分析
2026-03-23 23:46:48 | INFO     | src.analysis.fund_weighted_analyzer:parse_holdings_data:264 | 解析到 10 只股票持仓数据
2026-03-23 23:46:48 | INFO     | src.analysis.fund_weighted_analyzer:analyze_fund:297 | 分析股票 300394 (天孚通信)
2026-03-23 23:46:48 | INFO     | src.analysis.fund_weighted_analyzer:analyze_fund:297 | 分析股票 300308 (中际旭创)
2026-03-23 23:46:48 | INFO     | src.analysis.fund_weighted_analyzer:analyze_fund:297 | 分析股票 300476 (胜宏科技)
2026-03-23 23:46:48 | INFO     | src.analysis.fund_weighted_analyzer:analyze_fund:297 | 分析股票 300502 (新易盛)
2026-03-23 23:46:48 | INFO     | src.analysis.fund_weighted_analyzer:analyze_fund:297 | 分析股票 002837 (英维克)
2026-03-23 23:46:48 | INFO     | src.analysis.fund_weighted_analyzer:analyze_fund:297 | 分析股票 600183 (生益科技)
2026-03-23 23:46:48 | INFO     | src.analysis.fund_weighted_analyzer:analyze_fund:297 | 分析股票 601138 (工业富联)
2026-03-23 23:46:48 | INFO     | src.analysis.fund_weighted_analyzer:analyze_fund:297 | 分析股票 603083 (剑桥科技)
2026-03-23 23:46:48 | INFO     | src.analysis.fund_weighted_analyzer:analyze_fund:297 | 分析股票 688313 (仕佳光子)
2026-03-23 23:46:48 | INFO     | src.analysis.fund_weighted_analyzer:analyze_fund:297 | 分析股票 600105 (永鼎股份)
2026-03-23 23:46:48 | INFO     | src.workflow.analysis:analyze_fund:175 | 【步骤5】生成分析报告
2026-03-23 23:46:48 | INFO     | src.analysis.fund_weighted_analyzer:save_report:536 | 分析报告已保存到: outputs/reports\fund-analysis-fund-018957-20260323_234648.txt
2026-03-23 23:46:48 | INFO     | src.analysis.fund_weighted_analyzer:save_report:537 | JSON结果已保存到: outputs/reports\fund-analysis-fund-018957-20260323_234648.json
2026-03-23 23:46:48 | INFO     | src.workflow.analysis:analyze_fund:180 | 
============================================================
2026-03-23 23:46:48 | INFO     | src.workflow.analysis:analyze_fund:181 | 基金 018957 分析结果:
2026-03-23 23:46:48 | INFO     | src.workflow.analysis:analyze_fund:182 | ------------------------------------------------------------
2026-03-23 23:46:48 | INFO     | src.workflow.analysis:analyze_fund:183 | 加权平均得分: -0.074
2026-03-23 23:46:48 | INFO     | src.workflow.analysis:analyze_fund:184 | 基金建议: 建议持有
2026-03-23 23:46:48 | INFO     | src.workflow.analysis:analyze_fund:185 | 置信度: 32.2%
2026-03-23 23:46:48 | INFO     | src.workflow.analysis:analyze_fund:186 | 总股票数: 10
2026-03-23 23:46:48 | INFO     | src.workflow.analysis:analyze_fund:187 | 已分析股票数: 10
2026-03-23 23:46:48 | INFO     | src.workflow.analysis:analyze_fund:188 | 分析覆盖率: 100.0%
2026-03-23 23:46:48 | INFO     | src.workflow.analysis:analyze_fund:189 | ------------------------------------------------------------
2026-03-23 23:46:48 | INFO     | src.workflow.analysis:analyze_fund:196 | ⦿ 基金建议: 建议持有观望
2026-03-23 23:46:48 | INFO     | src.workflow.analysis:analyze_fund:200 | ============================================================
2026-03-23 23:46:49 | DEBUG    | src.notify.channels.ntfy:send:87 | ntfy 消息发送成功: 📊 基金 {fund_code} 建议: {recommendation}
加权得分: {score...
2026-03-23 23:46:49 | DEBUG    | src.notify.base:send_with_retry:126 | 通知器 ntfy 发送成功
2026-03-23 23:46:49 | DEBUG    | src.notify.manager:send:140 | 消息发送成功到渠道 ntfy
2026-03-23 23:46:49 | INFO     | src.workflow.analysis:run_batch:254 | 基金 018957 分析完成
2026-03-23 23:46:49 | INFO     | src.workflow.analysis:run_batch:255 | ============================================================

2026-03-23 23:46:49 | INFO     | src.workflow.analysis:run_batch:247 | 
============================================================
2026-03-23 23:46:49 | INFO     | src.workflow.analysis:run_batch:248 | 开始分析基金: 017193
2026-03-23 23:46:49 | INFO     | src.workflow.analysis:run_batch:249 | ============================================================
2026-03-23 23:46:49 | INFO     | src.workflow.analysis:analyze_fund:135 | 执行基金 017193 的完整加权平均分析流程...
2026-03-23 23:46:49 | INFO     | src.workflow.analysis:analyze_fund:139 | 【步骤1】获取基金持仓数据
2026-03-23 23:46:49 | INFO     | src.workflow.analysis:get_fund_holdings_for_analysis:36 | 获取基金 017193 的持仓数据（用于分析）
2026-03-23 23:46:49 | WARNING  | src.core.data_fetcher:get_fund_portfolio_hold_em:331 | get_fund_portfolio_hold_em 方法已过时，建议使用 get_fund_portfolio
2026-03-23 23:46:49 | INFO     | src.core.data_fetcher:inner:294 | 获取基金 017193 持仓
2026-03-23 23:46:49 | INFO     | src.core.akshare_provider:get_fund_portfolio:370 | akshare 获取基金 017193 持仓
2026-03-23 23:46:50 | INFO     | src.core.akshare_provider:get_fund_portfolio:379 | 使用 fund_portfolio_hold_em 成功获取基金 017193 持仓
2026-03-23 23:46:50 | INFO     | src.workflow.analysis:analyze_fund:146 | 【步骤2】过滤最新季度数据
2026-03-23 23:46:50 | INFO     | src.workflow.base:filter_latest_quarter:90 | 过滤最新季度数据
2026-03-23 23:46:50 | INFO     | src.analysis.quarter_filter:filter_latest_quarter_data:63 | 识别到最新季度: 2025年Q4
2026-03-23 23:46:50 | INFO     | src.analysis.quarter_filter:filter_latest_quarter_data:77 | 过滤结果: 从 70 条记录中筛选出 15 条最新季度数据
2026-03-23 23:46:50 | INFO     | src.workflow.analysis:analyze_fund:154 | 最新季度持仓股票数量: 15
2026-03-23 23:46:50 | INFO     | src.workflow.analysis:analyze_fund:155 | 股票代码列表: ['603993', '600111', '601600', '000807', '600362', '000426', '000933', '000630', '002532', '601168']...
2026-03-23 23:46:50 | INFO     | src.workflow.analysis:analyze_fund:158 | 【步骤3】检查股票信号数据
2026-03-23 23:46:50 | INFO     | src.workflow.analysis:check_and_calculate_missing_indicators:62 | 所有股票的信号数据已存在，跳过技术指标计算步骤
2026-03-23 23:46:50 | INFO     | src.workflow.analysis:analyze_fund:162 | 【步骤4】进行基金加权平均分析
2026-03-23 23:46:50 | INFO     | src.analysis.fund_weighted_analyzer:parse_holdings_data:264 | 解析到 15 只股票持仓数据
2026-03-23 23:46:50 | INFO     | src.analysis.fund_weighted_analyzer:analyze_fund:297 | 分析股票 603993 (洛阳钼业)
2026-03-23 23:46:50 | INFO     | src.analysis.fund_weighted_analyzer:analyze_fund:297 | 分析股票 600111 (北方稀土)
2026-03-23 23:46:50 | INFO     | src.analysis.fund_weighted_analyzer:analyze_fund:297 | 分析股票 601600 (中国铝业)
2026-03-23 23:46:50 | INFO     | src.analysis.fund_weighted_analyzer:analyze_fund:297 | 分析股票 000807 (云铝股份)
2026-03-23 23:46:50 | INFO     | src.analysis.fund_weighted_analyzer:analyze_fund:297 | 分析股票 600362 (江西铜业)
2026-03-23 23:46:50 | INFO     | src.analysis.fund_weighted_analyzer:analyze_fund:297 | 分析股票 000426 (兴业银锡)
2026-03-23 23:46:50 | INFO     | src.analysis.fund_weighted_analyzer:analyze_fund:297 | 分析股票 000933 (神火股份)
2026-03-23 23:46:50 | INFO     | src.analysis.fund_weighted_analyzer:analyze_fund:297 | 分析股票 000630 (铜陵有色)
2026-03-23 23:46:50 | INFO     | src.analysis.fund_weighted_analyzer:analyze_fund:297 | 分析股票 002532 (天山铝业)
2026-03-23 23:46:50 | INFO     | src.analysis.fund_weighted_analyzer:analyze_fund:297 | 分析股票 601168 (西部矿业)
2026-03-23 23:46:50 | INFO     | src.analysis.fund_weighted_analyzer:analyze_fund:297 | 分析股票 688795 (摩尔线程)
2026-03-23 23:46:50 | INFO     | src.analysis.fund_weighted_analyzer:analyze_fund:297 | 分析股票 688802 (沐曦股份)
2026-03-23 23:46:50 | INFO     | src.analysis.fund_weighted_analyzer:analyze_fund:297 | 分析股票 001280 (中国铀业)
2026-03-23 23:46:50 | INFO     | src.analysis.fund_weighted_analyzer:analyze_fund:297 | 分析股票 688783 (西安奕材)
2026-03-23 23:46:50 | INFO     | src.analysis.fund_weighted_analyzer:analyze_fund:297 | 分析股票 688759 (必贝特)
2026-03-23 23:46:50 | INFO     | src.workflow.analysis:analyze_fund:175 | 【步骤5】生成分析报告
2026-03-23 23:46:50 | INFO     | src.analysis.fund_weighted_analyzer:save_report:536 | 分析报告已保存到: outputs/reports\fund-analysis-fund-017193-20260323_234650.txt
2026-03-23 23:46:50 | INFO     | src.analysis.fund_weighted_analyzer:save_report:537 | JSON结果已保存到: outputs/reports\fund-analysis-fund-017193-20260323_234650.json
2026-03-23 23:46:50 | INFO     | src.workflow.analysis:analyze_fund:180 | 
============================================================
2026-03-23 23:46:50 | INFO     | src.workflow.analysis:analyze_fund:181 | 基金 017193 分析结果:
2026-03-23 23:46:50 | INFO     | src.workflow.analysis:analyze_fund:182 | ------------------------------------------------------------
2026-03-23 23:46:50 | INFO     | src.workflow.analysis:analyze_fund:183 | 加权平均得分: 0.150
2026-03-23 23:46:50 | INFO     | src.workflow.analysis:analyze_fund:184 | 基金建议: 建议持有
2026-03-23 23:46:50 | INFO     | src.workflow.analysis:analyze_fund:185 | 置信度: 62.1%
2026-03-23 23:46:50 | INFO     | src.workflow.analysis:analyze_fund:186 | 总股票数: 15
2026-03-23 23:46:50 | INFO     | src.workflow.analysis:analyze_fund:187 | 已分析股票数: 15
2026-03-23 23:46:50 | INFO     | src.workflow.analysis:analyze_fund:188 | 分析覆盖率: 100.0%
2026-03-23 23:46:50 | INFO     | src.workflow.analysis:analyze_fund:189 | ------------------------------------------------------------
2026-03-23 23:46:50 | INFO     | src.workflow.analysis:analyze_fund:196 | ⦿ 基金建议: 建议持有观望
2026-03-23 23:46:50 | INFO     | src.workflow.analysis:analyze_fund:200 | ============================================================
2026-03-23 23:46:51 | DEBUG    | src.notify.channels.ntfy:send:87 | ntfy 消息发送成功: 📊 基金 {fund_code} 建议: {recommendation}
加权得分: {score...
2026-03-23 23:46:51 | DEBUG    | src.notify.base:send_with_retry:126 | 通知器 ntfy 发送成功
2026-03-23 23:46:51 | DEBUG    | src.notify.manager:send:140 | 消息发送成功到渠道 ntfy
2026-03-23 23:46:51 | INFO     | src.workflow.analysis:run_batch:254 | 基金 017193 分析完成
2026-03-23 23:46:51 | INFO     | src.workflow.analysis:run_batch:255 | ============================================================

2026-03-23 23:46:51 | INFO     | src.workflow.analysis:run_batch:247 | 
============================================================
2026-03-23 23:46:51 | INFO     | src.workflow.analysis:run_batch:248 | 开始分析基金: 025209
2026-03-23 23:46:51 | INFO     | src.workflow.analysis:run_batch:249 | ============================================================
2026-03-23 23:46:51 | INFO     | src.workflow.analysis:analyze_fund:135 | 执行基金 025209 的完整加权平均分析流程...
2026-03-23 23:46:51 | INFO     | src.workflow.analysis:analyze_fund:139 | 【步骤1】获取基金持仓数据
2026-03-23 23:46:51 | INFO     | src.workflow.analysis:get_fund_holdings_for_analysis:36 | 获取基金 025209 的持仓数据（用于分析）
2026-03-23 23:46:51 | WARNING  | src.core.data_fetcher:get_fund_portfolio_hold_em:331 | get_fund_portfolio_hold_em 方法已过时，建议使用 get_fund_portfolio
2026-03-23 23:46:51 | INFO     | src.core.data_fetcher:inner:294 | 获取基金 025209 持仓
2026-03-23 23:46:51 | INFO     | src.core.akshare_provider:get_fund_portfolio:370 | akshare 获取基金 025209 持仓
2026-03-23 23:46:51 | INFO     | src.core.akshare_provider:get_fund_portfolio:379 | 使用 fund_portfolio_hold_em 成功获取基金 025209 持仓
2026-03-23 23:46:51 | INFO     | src.workflow.analysis:analyze_fund:146 | 【步骤2】过滤最新季度数据
2026-03-23 23:46:51 | INFO     | src.workflow.base:filter_latest_quarter:90 | 过滤最新季度数据
2026-03-23 23:46:51 | INFO     | src.analysis.quarter_filter:filter_latest_quarter_data:63 | 识别到最新季度: 2025年Q4
2026-03-23 23:46:51 | INFO     | src.analysis.quarter_filter:filter_latest_quarter_data:77 | 过滤结果: 从 20 条记录中筛选出 10 条最新季度数据
2026-03-23 23:46:51 | INFO     | src.workflow.analysis:analyze_fund:154 | 最新季度持仓股票数量: 10
2026-03-23 23:46:51 | INFO     | src.workflow.analysis:analyze_fund:155 | 股票代码列表: ['001309', '688525', '300475', '301308', '300223', '603986', '688627', '688233', '688228', '688008']
2026-03-23 23:46:51 | INFO     | src.workflow.analysis:analyze_fund:158 | 【步骤3】检查股票信号数据
2026-03-23 23:46:51 | INFO     | src.workflow.analysis:check_and_calculate_missing_indicators:62 | 所有股票的信号数据已存在，跳过技术指标计算步骤
2026-03-23 23:46:51 | INFO     | src.workflow.analysis:analyze_fund:162 | 【步骤4】进行基金加权平均分析
2026-03-23 23:46:51 | INFO     | src.analysis.fund_weighted_analyzer:parse_holdings_data:264 | 解析到 10 只股票持仓数据
2026-03-23 23:46:51 | INFO     | src.analysis.fund_weighted_analyzer:analyze_fund:297 | 分析股票 001309 (德明利)
2026-03-23 23:46:51 | INFO     | src.analysis.fund_weighted_analyzer:analyze_fund:297 | 分析股票 688525 (佰维存储)
2026-03-23 23:46:51 | INFO     | src.analysis.fund_weighted_analyzer:analyze_fund:297 | 分析股票 300475 (香农芯创)
2026-03-23 23:46:51 | INFO     | src.analysis.fund_weighted_analyzer:analyze_fund:297 | 分析股票 301308 (江波龙)
2026-03-23 23:46:51 | INFO     | src.analysis.fund_weighted_analyzer:analyze_fund:297 | 分析股票 300223 (北京君正)
2026-03-23 23:46:51 | INFO     | src.analysis.fund_weighted_analyzer:analyze_fund:297 | 分析股票 603986 (兆易创新)
2026-03-23 23:46:51 | INFO     | src.analysis.fund_weighted_analyzer:analyze_fund:297 | 分析股票 688627 (精智达)
2026-03-23 23:46:51 | INFO     | src.analysis.fund_weighted_analyzer:analyze_fund:297 | 分析股票 688233 (神工股份)
2026-03-23 23:46:51 | INFO     | src.analysis.fund_weighted_analyzer:analyze_fund:297 | 分析股票 688228 (开普云)
2026-03-23 23:46:51 | INFO     | src.analysis.fund_weighted_analyzer:analyze_fund:297 | 分析股票 688008 (澜起科技)
2026-03-23 23:46:51 | INFO     | src.workflow.analysis:analyze_fund:175 | 【步骤5】生成分析报告
2026-03-23 23:46:51 | INFO     | src.analysis.fund_weighted_analyzer:save_report:536 | 分析报告已保存到: outputs/reports\fund-analysis-fund-025209-20260323_234651.txt
2026-03-23 23:46:51 | INFO     | src.analysis.fund_weighted_analyzer:save_report:537 | JSON结果已保存到: outputs/reports\fund-analysis-fund-025209-20260323_234651.json
2026-03-23 23:46:51 | INFO     | src.workflow.analysis:analyze_fund:180 | 
============================================================
2026-03-23 23:46:51 | INFO     | src.workflow.analysis:analyze_fund:181 | 基金 025209 分析结果:
2026-03-23 23:46:51 | INFO     | src.workflow.analysis:analyze_fund:182 | ------------------------------------------------------------
2026-03-23 23:46:51 | INFO     | src.workflow.analysis:analyze_fund:183 | 加权平均得分: -0.062
2026-03-23 23:46:51 | INFO     | src.workflow.analysis:analyze_fund:184 | 基金建议: 建议持有
2026-03-23 23:46:51 | INFO     | src.workflow.analysis:analyze_fund:185 | 置信度: 23.0%
2026-03-23 23:46:51 | INFO     | src.workflow.analysis:analyze_fund:186 | 总股票数: 10
2026-03-23 23:46:51 | INFO     | src.workflow.analysis:analyze_fund:187 | 已分析股票数: 10
2026-03-23 23:46:51 | INFO     | src.workflow.analysis:analyze_fund:188 | 分析覆盖率: 100.0%
2026-03-23 23:46:51 | INFO     | src.workflow.analysis:analyze_fund:189 | ------------------------------------------------------------
2026-03-23 23:46:51 | INFO     | src.workflow.analysis:analyze_fund:196 | ⦿ 基金建议: 建议持有观望
2026-03-23 23:46:51 | INFO     | src.workflow.analysis:analyze_fund:200 | ============================================================
2026-03-23 23:46:52 | DEBUG    | src.notify.channels.ntfy:send:87 | ntfy 消息发送成功: 📊 基金 {fund_code} 建议: {recommendation}
加权得分: {score...
2026-03-23 23:46:52 | DEBUG    | src.notify.base:send_with_retry:126 | 通知器 ntfy 发送成功
2026-03-23 23:46:52 | DEBUG    | src.notify.manager:send:140 | 消息发送成功到渠道 ntfy
2026-03-23 23:46:52 | INFO     | src.workflow.analysis:run_batch:254 | 基金 025209 分析完成
2026-03-23 23:46:52 | INFO     | src.workflow.analysis:run_batch:255 | ============================================================

2026-03-23 23:46:52 | INFO     | src.workflow.analysis:run_batch:247 | 
============================================================
2026-03-23 23:46:52 | INFO     | src.workflow.analysis:run_batch:248 | 开始分析基金: 025491
2026-03-23 23:46:52 | INFO     | src.workflow.analysis:run_batch:249 | ============================================================
2026-03-23 23:46:52 | INFO     | src.workflow.analysis:analyze_fund:135 | 执行基金 025491 的完整加权平均分析流程...
2026-03-23 23:46:52 | INFO     | src.workflow.analysis:analyze_fund:139 | 【步骤1】获取基金持仓数据
2026-03-23 23:46:52 | INFO     | src.workflow.analysis:get_fund_holdings_for_analysis:36 | 获取基金 025491 的持仓数据（用于分析）
2026-03-23 23:46:52 | WARNING  | src.core.data_fetcher:get_fund_portfolio_hold_em:331 | get_fund_portfolio_hold_em 方法已过时，建议使用 get_fund_portfolio
2026-03-23 23:46:52 | INFO     | src.core.data_fetcher:inner:294 | 获取基金 025491 持仓
2026-03-23 23:46:52 | INFO     | src.core.akshare_provider:get_fund_portfolio:370 | akshare 获取基金 025491 持仓
2026-03-23 23:46:52 | INFO     | src.core.akshare_provider:get_fund_portfolio:379 | 使用 fund_portfolio_hold_em 成功获取基金 025491 持仓
2026-03-23 23:46:52 | INFO     | src.workflow.analysis:analyze_fund:146 | 【步骤2】过滤最新季度数据
2026-03-23 23:46:52 | INFO     | src.workflow.base:filter_latest_quarter:90 | 过滤最新季度数据
2026-03-23 23:46:52 | INFO     | src.analysis.quarter_filter:filter_latest_quarter_data:63 | 识别到最新季度: 2025年Q4
2026-03-23 23:46:52 | INFO     | src.analysis.quarter_filter:filter_latest_quarter_data:77 | 过滤结果: 从 15 条记录中筛选出 15 条最新季度数据
2026-03-23 23:46:52 | INFO     | src.workflow.analysis:analyze_fund:154 | 最新季度持仓股票数量: 15
2026-03-23 23:46:52 | INFO     | src.workflow.analysis:analyze_fund:155 | 股票代码列表: ['600118', '600879', '601698', '688568', '688270', '300627', '002151', '688375', '600435', '300593']...
2026-03-23 23:46:52 | INFO     | src.workflow.analysis:analyze_fund:158 | 【步骤3】检查股票信号数据
2026-03-23 23:46:52 | INFO     | src.workflow.analysis:check_and_calculate_missing_indicators:62 | 所有股票的信号数据已存在，跳过技术指标计算步骤
2026-03-23 23:46:52 | INFO     | src.workflow.analysis:analyze_fund:162 | 【步骤4】进行基金加权平均分析
2026-03-23 23:46:52 | INFO     | src.analysis.fund_weighted_analyzer:parse_holdings_data:264 | 解析到 15 只股票持仓数据
2026-03-23 23:46:52 | INFO     | src.analysis.fund_weighted_analyzer:analyze_fund:297 | 分析股票 600118 (中国卫星)
2026-03-23 23:46:52 | INFO     | src.analysis.fund_weighted_analyzer:analyze_fund:297 | 分析股票 600879 (航天电子)
2026-03-23 23:46:52 | INFO     | src.analysis.fund_weighted_analyzer:analyze_fund:297 | 分析股票 601698 (中国卫通)
2026-03-23 23:46:52 | INFO     | src.analysis.fund_weighted_analyzer:analyze_fund:297 | 分析股票 688568 (中科星图)
2026-03-23 23:46:52 | INFO     | src.analysis.fund_weighted_analyzer:analyze_fund:297 | 分析股票 688270 (臻镭科技)
2026-03-23 23:46:52 | INFO     | src.analysis.fund_weighted_analyzer:analyze_fund:297 | 分析股票 300627 (华测导航)
2026-03-23 23:46:52 | INFO     | src.analysis.fund_weighted_analyzer:analyze_fund:297 | 分析股票 002151 (北斗星通)
2026-03-23 23:46:52 | INFO     | src.analysis.fund_weighted_analyzer:analyze_fund:297 | 分析股票 688375 (国博电子)
2026-03-23 23:46:52 | INFO     | src.analysis.fund_weighted_analyzer:analyze_fund:297 | 分析股票 600435 (北方导航)
2026-03-23 23:46:53 | INFO     | src.analysis.fund_weighted_analyzer:analyze_fund:297 | 分析股票 300593 (新雷能)
2026-03-23 23:46:53 | INFO     | src.analysis.fund_weighted_analyzer:analyze_fund:297 | 分析股票 688795 (摩尔线程)
2026-03-23 23:46:53 | INFO     | src.analysis.fund_weighted_analyzer:analyze_fund:297 | 分析股票 001280 (中国铀业)
2026-03-23 23:46:53 | INFO     | src.analysis.fund_weighted_analyzer:analyze_fund:297 | 分析股票 688809 (强一股份)
2026-03-23 23:46:53 | INFO     | src.analysis.fund_weighted_analyzer:analyze_fund:297 | 分析股票 301687 (新广益)
2026-03-23 23:46:53 | INFO     | src.analysis.fund_weighted_analyzer:analyze_fund:297 | 分析股票 301667 (纳百川)
2026-03-23 23:46:53 | INFO     | src.workflow.analysis:analyze_fund:175 | 【步骤5】生成分析报告
2026-03-23 23:46:53 | INFO     | src.analysis.fund_weighted_analyzer:save_report:536 | 分析报告已保存到: outputs/reports\fund-analysis-fund-025491-20260323_234653.txt
2026-03-23 23:46:53 | INFO     | src.analysis.fund_weighted_analyzer:save_report:537 | JSON结果已保存到: outputs/reports\fund-analysis-fund-025491-20260323_234653.json
2026-03-23 23:46:53 | INFO     | src.workflow.analysis:analyze_fund:180 | 
============================================================
2026-03-23 23:46:53 | INFO     | src.workflow.analysis:analyze_fund:181 | 基金 025491 分析结果:
2026-03-23 23:46:53 | INFO     | src.workflow.analysis:analyze_fund:182 | ------------------------------------------------------------
2026-03-23 23:46:53 | INFO     | src.workflow.analysis:analyze_fund:183 | 加权平均得分: 0.102
2026-03-23 23:46:53 | INFO     | src.workflow.analysis:analyze_fund:184 | 基金建议: 建议持有
2026-03-23 23:46:53 | INFO     | src.workflow.analysis:analyze_fund:185 | 置信度: 55.1%
2026-03-23 23:46:53 | INFO     | src.workflow.analysis:analyze_fund:186 | 总股票数: 15
2026-03-23 23:46:53 | INFO     | src.workflow.analysis:analyze_fund:187 | 已分析股票数: 15
2026-03-23 23:46:53 | INFO     | src.workflow.analysis:analyze_fund:188 | 分析覆盖率: 100.0%
2026-03-23 23:46:53 | INFO     | src.workflow.analysis:analyze_fund:189 | ------------------------------------------------------------
2026-03-23 23:46:53 | INFO     | src.workflow.analysis:analyze_fund:196 | ⦿ 基金建议: 建议持有观望
2026-03-23 23:46:53 | INFO     | src.workflow.analysis:analyze_fund:200 | ============================================================
2026-03-23 23:46:53 | DEBUG    | src.notify.channels.ntfy:send:87 | ntfy 消息发送成功: 📊 基金 {fund_code} 建议: {recommendation}
加权得分: {score...
2026-03-23 23:46:53 | DEBUG    | src.notify.base:send_with_retry:126 | 通知器 ntfy 发送成功
2026-03-23 23:46:53 | DEBUG    | src.notify.manager:send:140 | 消息发送成功到渠道 ntfy
2026-03-23 23:46:53 | INFO     | src.workflow.analysis:run_batch:254 | 基金 025491 分析完成
2026-03-23 23:46:53 | INFO     | src.workflow.analysis:run_batch:255 | ============================================================

2026-03-23 23:46:53 | INFO     | src.workflow.analysis:summarize_analysis_results:270 | 
============================================================
2026-03-23 23:46:53 | INFO     | src.workflow.analysis:summarize_analysis_results:271 | 基金加权平均分析汇总报告
2026-03-23 23:46:53 | INFO     | src.workflow.analysis:summarize_analysis_results:272 | ============================================================
2026-03-23 23:46:53 | INFO     | src.workflow.analysis:summarize_analysis_results:278 | 总基金数: 6
2026-03-23 23:46:53 | INFO     | src.workflow.analysis:summarize_analysis_results:279 | 分析成功: 6
2026-03-23 23:46:53 | INFO     | src.workflow.analysis:summarize_analysis_results:280 | 分析失败: 0
2026-03-23 23:46:53 | INFO     | src.workflow.analysis:summarize_analysis_results:283 | 
成功分析的基金结果:
2026-03-23 23:46:53 | INFO     | src.workflow.analysis:summarize_analysis_results:284 | ------------------------------------------------------------
2026-03-23 23:46:53 | INFO     | src.workflow.analysis:summarize_analysis_results:288 | 基金代码: 005538
2026-03-23 23:46:53 | INFO     | src.workflow.analysis:summarize_analysis_results:289 | 基金名称: 基金005538
2026-03-23 23:46:53 | INFO     | src.workflow.analysis:summarize_analysis_results:290 | 加权得分: 0.121
2026-03-23 23:46:53 | INFO     | src.workflow.analysis:summarize_analysis_results:291 | 持有建议: 建议持有
2026-03-23 23:46:53 | INFO     | src.workflow.analysis:summarize_analysis_results:292 | 置信度: 54.4%
2026-03-23 23:46:53 | INFO     | src.workflow.analysis:summarize_analysis_results:293 | 报告路径: outputs/reports\fund-analysis-fund-005538-20260323_234646.txt
2026-03-23 23:46:53 | INFO     | src.workflow.analysis:summarize_analysis_results:294 | ------------------------------------------------------------
2026-03-23 23:46:53 | INFO     | src.workflow.analysis:summarize_analysis_results:288 | 基金代码: 015790
2026-03-23 23:46:53 | INFO     | src.workflow.analysis:summarize_analysis_results:289 | 基金名称: 基金015790
2026-03-23 23:46:53 | INFO     | src.workflow.analysis:summarize_analysis_results:290 | 加权得分: 0.112
2026-03-23 23:46:53 | INFO     | src.workflow.analysis:summarize_analysis_results:291 | 持有建议: 建议持有
2026-03-23 23:46:53 | INFO     | src.workflow.analysis:summarize_analysis_results:292 | 置信度: 48.6%
2026-03-23 23:46:53 | INFO     | src.workflow.analysis:summarize_analysis_results:293 | 报告路径: outputs/reports\fund-analysis-fund-015790-20260323_234647.txt
2026-03-23 23:46:53 | INFO     | src.workflow.analysis:summarize_analysis_results:294 | ------------------------------------------------------------
2026-03-23 23:46:53 | INFO     | src.workflow.analysis:summarize_analysis_results:288 | 基金代码: 018957
2026-03-23 23:46:53 | INFO     | src.workflow.analysis:summarize_analysis_results:289 | 基金名称: 基金018957
2026-03-23 23:46:53 | INFO     | src.workflow.analysis:summarize_analysis_results:290 | 加权得分: -0.074
2026-03-23 23:46:53 | INFO     | src.workflow.analysis:summarize_analysis_results:291 | 持有建议: 建议持有
2026-03-23 23:46:53 | INFO     | src.workflow.analysis:summarize_analysis_results:292 | 置信度: 32.2%
2026-03-23 23:46:53 | INFO     | src.workflow.analysis:summarize_analysis_results:293 | 报告路径: outputs/reports\fund-analysis-fund-018957-20260323_234648.txt
2026-03-23 23:46:53 | INFO     | src.workflow.analysis:summarize_analysis_results:294 | ------------------------------------------------------------
2026-03-23 23:46:53 | INFO     | src.workflow.analysis:summarize_analysis_results:288 | 基金代码: 017193
2026-03-23 23:46:53 | INFO     | src.workflow.analysis:summarize_analysis_results:289 | 基金名称: 基金017193
2026-03-23 23:46:53 | INFO     | src.workflow.analysis:summarize_analysis_results:290 | 加权得分: 0.150
2026-03-23 23:46:53 | INFO     | src.workflow.analysis:summarize_analysis_results:291 | 持有建议: 建议持有
2026-03-23 23:46:53 | INFO     | src.workflow.analysis:summarize_analysis_results:292 | 置信度: 62.1%
2026-03-23 23:46:53 | INFO     | src.workflow.analysis:summarize_analysis_results:293 | 报告路径: outputs/reports\fund-analysis-fund-017193-20260323_234650.txt
2026-03-23 23:46:53 | INFO     | src.workflow.analysis:summarize_analysis_results:294 | ------------------------------------------------------------
2026-03-23 23:46:53 | INFO     | src.workflow.analysis:summarize_analysis_results:288 | 基金代码: 025209
2026-03-23 23:46:53 | INFO     | src.workflow.analysis:summarize_analysis_results:289 | 基金名称: 基金025209
2026-03-23 23:46:53 | INFO     | src.workflow.analysis:summarize_analysis_results:290 | 加权得分: -0.062
2026-03-23 23:46:53 | INFO     | src.workflow.analysis:summarize_analysis_results:291 | 持有建议: 建议持有
2026-03-23 23:46:53 | INFO     | src.workflow.analysis:summarize_analysis_results:292 | 置信度: 23.0%
2026-03-23 23:46:53 | INFO     | src.workflow.analysis:summarize_analysis_results:293 | 报告路径: outputs/reports\fund-analysis-fund-025209-20260323_234651.txt
2026-03-23 23:46:53 | INFO     | src.workflow.analysis:summarize_analysis_results:294 | ------------------------------------------------------------
2026-03-23 23:46:53 | INFO     | src.workflow.analysis:summarize_analysis_results:288 | 基金代码: 025491
2026-03-23 23:46:53 | INFO     | src.workflow.analysis:summarize_analysis_results:289 | 基金名称: 基金025491
2026-03-23 23:46:53 | INFO     | src.workflow.analysis:summarize_analysis_results:290 | 加权得分: 0.102
2026-03-23 23:46:53 | INFO     | src.workflow.analysis:summarize_analysis_results:291 | 持有建议: 建议持有
2026-03-23 23:46:53 | INFO     | src.workflow.analysis:summarize_analysis_results:292 | 置信度: 55.1%
2026-03-23 23:46:53 | INFO     | src.workflow.analysis:summarize_analysis_results:293 | 报告路径: outputs/reports\fund-analysis-fund-025491-20260323_234653.txt
2026-03-23 23:46:53 | INFO     | src.workflow.analysis:summarize_analysis_results:294 | ------------------------------------------------------------
2026-03-23 23:46:53 | INFO     | src.workflow.analysis:summarize_analysis_results:302 | 
持有建议分布:
2026-03-23 23:46:53 | INFO     | src.workflow.analysis:summarize_analysis_results:305 |   建议持有: 6只 (100.0%)
2026-03-23 23:46:53 | INFO     | src.workflow.analysis:summarize_analysis_results:313 | 
============================================================
2026-03-23 23:46:53 | INFO     | src.workflow.analysis:summarize_analysis_results:314 | 基金加权平均分析已完成!
2026-03-23 23:46:53 | INFO     | src.workflow.analysis:summarize_analysis_results:315 | ============================================================
2026-03-23 23:46:54 | INFO     | src.core.baostock_provider:logout:59 | baostock 已登出
2026-03-23 23:46:54 | INFO     | src.core.baostock_provider:logout:59 | baostock 已登出
