2026-05-04 09:41:06 | INFO     | src.notify:_load_channels:49 | 通知渠道 [ntfy] 初始化成功
2026-05-04 09:41:06 | INFO     | src.notify:_load_channels:49 | 通知渠道 [markdown] 初始化成功
2026-05-04 09:41:08 | INFO     | src.notify:_load_channels:49 | 通知渠道 [ntfy] 初始化成功
2026-05-04 09:41:08 | INFO     | src.notify:_load_channels:49 | 通知渠道 [markdown] 初始化成功
2026-05-04 09:43:39 | INFO     | src.notify:_load_channels:49 | 通知渠道 [ntfy] 初始化成功
2026-05-04 09:43:39 | INFO     | src.notify:_load_channels:49 | 通知渠道 [markdown] 初始化成功
2026-05-04 09:43:43 | INFO     | src.core.data_factory:create_provider:43 | 创建数据源提供者: akshare
2026-05-04 09:43:43 | INFO     | src.core.data_factory:_init_providers:127 | 初始化数据源提供者: akshare
2026-05-04 09:44:04 | ERROR    | src.core.baostock_provider:login:46 | baostock 登录失败: 网络接收错误。
2026-05-04 09:44:04 | INFO     | src.core.data_factory:create_provider:43 | 创建数据源提供者: baostock
2026-05-04 09:44:04 | INFO     | src.core.data_factory:_init_providers:127 | 初始化数据源提供者: baostock
2026-05-04 09:44:04 | INFO     | src.core.data_factory:__init__:117 | 多数据源数据获取器初始化完成
2026-05-04 09:44:04 | INFO     | src.core.data_factory:__init__:118 | 股票数据源: baostock
2026-05-04 09:44:04 | INFO     | src.core.data_factory:__init__:119 | 基金数据源: akshare
2026-05-04 09:44:33 | INFO     | src.notify:_load_channels:49 | 通知渠道 [ntfy] 初始化成功
2026-05-04 09:44:33 | INFO     | src.notify:_load_channels:49 | 通知渠道 [markdown] 初始化成功
2026-05-04 09:59:15 | INFO     | src.notify:_load_channels:49 | 通知渠道 [ntfy] 初始化成功
2026-05-04 09:59:15 | INFO     | src.notify:_load_channels:49 | 通知渠道 [markdown] 初始化成功
2026-05-04 10:06:50 | INFO     | src.notify:_load_channels:49 | 通知渠道 [ntfy] 初始化成功
2026-05-04 10:06:50 | INFO     | src.notify:_load_channels:49 | 通知渠道 [markdown] 初始化成功
2026-05-04 10:06:50 | INFO     | src.core.data_factory:create_provider:43 | 创建数据源提供者: akshare
2026-05-04 10:06:50 | INFO     | src.core.data_factory:_init_providers:148 | 初始化数据源提供者: akshare
2026-05-04 10:07:11 | ERROR    | src.core.baostock_provider:login:46 | baostock 登录失败: 网络接收错误。
2026-05-04 10:07:11 | INFO     | src.core.data_factory:create_provider:43 | 创建数据源提供者: baostock
2026-05-04 10:07:11 | WARNING  | src.core.data_factory:_init_providers:145 | 数据源 baostock 连接失败，跳过
2026-05-04 10:07:11 | INFO     | src.core.data_factory:__init__:120 | 多数据源数据获取器初始化完成
2026-05-04 10:07:11 | INFO     | src.core.data_factory:__init__:121 | 股票数据源: akshare
2026-05-04 10:07:11 | INFO     | src.core.data_factory:__init__:122 | 基金数据源: akshare
2026-05-04 10:07:11 | INFO     | src.data.reader:__init__:29 | 数据读取器初始化完成，基础路径: data
2026-05-04 10:07:11 | INFO     | src.core.data_factory:create_provider:43 | 创建数据源提供者: akshare
2026-05-04 10:07:11 | INFO     | src.core.data_factory:_init_providers:148 | 初始化数据源提供者: akshare
2026-05-04 10:07:32 | ERROR    | src.core.baostock_provider:login:46 | baostock 登录失败: 网络接收错误。
2026-05-04 10:07:32 | INFO     | src.core.data_factory:create_provider:43 | 创建数据源提供者: baostock
2026-05-04 10:07:32 | WARNING  | src.core.data_factory:_init_providers:145 | 数据源 baostock 连接失败，跳过
2026-05-04 10:07:32 | INFO     | src.core.data_factory:__init__:120 | 多数据源数据获取器初始化完成
2026-05-04 10:07:32 | INFO     | src.core.data_factory:__init__:121 | 股票数据源: akshare
2026-05-04 10:07:32 | INFO     | src.core.data_factory:__init__:122 | 基金数据源: akshare
2026-05-04 10:07:32 | INFO     | src.data.reader:__init__:29 | 数据读取器初始化完成，基础路径: data
2026-05-04 10:07:32 | INFO     | src.core.data_factory:create_provider:43 | 创建数据源提供者: akshare
2026-05-04 10:07:32 | INFO     | src.core.data_factory:_init_providers:148 | 初始化数据源提供者: akshare
2026-05-04 10:07:53 | ERROR    | src.core.baostock_provider:login:46 | baostock 登录失败: 网络接收错误。
2026-05-04 10:07:53 | INFO     | src.core.data_factory:create_provider:43 | 创建数据源提供者: baostock
2026-05-04 10:07:53 | WARNING  | src.core.data_factory:_init_providers:145 | 数据源 baostock 连接失败，跳过
2026-05-04 10:07:53 | INFO     | src.core.data_factory:__init__:120 | 多数据源数据获取器初始化完成
2026-05-04 10:07:53 | INFO     | src.core.data_factory:__init__:121 | 股票数据源: akshare
2026-05-04 10:07:53 | INFO     | src.core.data_factory:__init__:122 | 基金数据源: akshare
2026-05-04 10:07:53 | INFO     | src.data.reader:__init__:29 | 数据读取器初始化完成，基础路径: data
2026-05-04 11:53:22 | INFO     | src.notify:_load_channels:49 | 通知渠道 [ntfy] 初始化成功
2026-05-04 11:53:22 | INFO     | src.notify:_load_channels:49 | 通知渠道 [markdown] 初始化成功
2026-05-04 11:53:22 | INFO     | src.core.data_factory:create_provider:43 | 创建数据源提供者: akshare
2026-05-04 11:53:22 | INFO     | src.core.data_factory:_init_providers:148 | 初始化数据源提供者: akshare
2026-05-04 11:53:43 | ERROR    | src.core.baostock_provider:login:46 | baostock 登录失败: 网络接收错误。
2026-05-04 11:53:43 | INFO     | src.core.data_factory:create_provider:43 | 创建数据源提供者: baostock
2026-05-04 11:53:43 | WARNING  | src.core.data_factory:_init_providers:145 | 数据源 baostock 连接失败，跳过
2026-05-04 11:53:43 | INFO     | src.core.data_factory:__init__:120 | 多数据源数据获取器初始化完成
2026-05-04 11:53:43 | INFO     | src.core.data_factory:__init__:121 | 股票数据源: akshare
2026-05-04 11:53:43 | INFO     | src.core.data_factory:__init__:122 | 基金数据源: akshare
2026-05-04 11:53:43 | INFO     | src.data.reader:__init__:29 | 数据读取器初始化完成，基础路径: data
2026-05-04 11:53:43 | INFO     | src.workflow.analysis:analyze_fund:135 | 执行基金 005538 的完整加权平均分析流程...
2026-05-04 11:53:43 | INFO     | src.workflow.analysis:analyze_fund:139 | 【步骤1】获取基金持仓数据
2026-05-04 11:53:43 | INFO     | src.workflow.analysis:get_fund_holdings_for_analysis:36 | 获取基金 005538 的持仓数据（用于分析）
2026-05-04 11:53:43 | INFO     | src.core.data_fetcher:inner:294 | 获取基金 005538 持仓
2026-05-04 11:53:43 | INFO     | src.core.akshare_provider:get_fund_portfolio:370 | akshare 获取基金 005538 持仓
2026-05-04 11:53:44 | INFO     | src.core.akshare_provider:get_fund_portfolio:379 | 使用 fund_portfolio_hold_em 成功获取基金 005538 持仓
2026-05-04 11:53:44 | INFO     | src.workflow.analysis:analyze_fund:146 | 【步骤2】过滤最新季度数据
2026-05-04 11:53:44 | INFO     | src.workflow.base:filter_latest_quarter:83 | 过滤最新季度数据
2026-05-04 11:53:44 | INFO     | src.analysis.quarter_filter:filter_latest_quarter_data:63 | 识别到最新季度: 2026年Q1
2026-05-04 11:53:44 | INFO     | src.analysis.quarter_filter:filter_latest_quarter_data:77 | 过滤结果: 从 10 条记录中筛选出 10 条最新季度数据
2026-05-04 11:53:44 | INFO     | src.workflow.analysis:analyze_fund:154 | 最新季度持仓股票数量: 10
2026-05-04 11:53:44 | INFO     | src.workflow.analysis:analyze_fund:155 | 股票代码列表: ['301150', '688778', '300450', '301662', '688155', '603663', '688147', '002203', '300285', '002846']
2026-05-04 11:53:44 | INFO     | src.workflow.analysis:analyze_fund:158 | 【步骤3】检查股票信号数据
2026-05-04 11:53:44 | INFO     | src.workflow.analysis:check_and_calculate_missing_indicators:65 | 发现 3 只股票需要计算技术指标
2026-05-04 11:53:44 | INFO     | src.workflow.analysis:check_and_calculate_missing_indicators:66 | 需要计算的股票: ['603663', '002203', '300285']
2026-05-04 11:53:44 | INFO     | src.workflow.base:get_stock_data:97 | 批量处理 3 只股票的数据
2026-05-04 11:53:44 | WARNING  | src.data.reader:list_files:215 | 目录不存在: data\data
2026-05-04 11:53:44 | INFO     | src.data.reader:list_stock_files:241 | 找到 0 个股票数据文件
2026-05-04 11:53:44 | INFO     | src.core.data_fetcher:inner:197 | 获取股票 603663 daily K线数据
2026-05-04 11:53:44 | WARNING  | src.data.reader:list_files:215 | 目录不存在: data\data
2026-05-04 11:53:44 | INFO     | src.core.akshare_provider:get_stock_kline:170 | akshare 获取股票 603663 daily K线数据
2026-05-04 11:53:44 | WARNING  | src.data.reader:list_files:215 | 目录不存在: data\data
2026-05-04 11:53:44 | INFO     | src.data.reader:list_stock_files:241 | 找到 0 个股票数据文件
2026-05-04 11:53:44 | INFO     | src.core.akshare_provider:get_stock_kline:183 | 尝试使用东方财富数据源获取 603663 K线数据
2026-05-04 11:53:44 | INFO     | src.data.reader:list_stock_files:241 | 找到 0 个股票数据文件
2026-05-04 11:53:44 | INFO     | src.core.data_fetcher:inner:197 | 获取股票 002203 daily K线数据
2026-05-04 11:53:44 | INFO     | src.core.data_fetcher:inner:197 | 获取股票 300285 daily K线数据
2026-05-04 11:53:44 | INFO     | src.core.akshare_provider:get_stock_kline:170 | akshare 获取股票 002203 daily K线数据
2026-05-04 11:53:44 | INFO     | src.core.akshare_provider:get_stock_kline:170 | akshare 获取股票 300285 daily K线数据
2026-05-04 11:53:44 | INFO     | src.core.akshare_provider:get_stock_kline:183 | 尝试使用东方财富数据源获取 002203 K线数据
2026-05-04 11:53:44 | INFO     | src.core.akshare_provider:get_stock_kline:183 | 尝试使用东方财富数据源获取 300285 K线数据
2026-05-04 11:53:44 | INFO     | src.core.akshare_provider:get_stock_kline:201 | 尝试使用腾讯数据源获取 603663 K线数据
2026-05-04 11:53:44 | INFO     | src.core.akshare_provider:get_stock_kline:201 | 尝试使用腾讯数据源获取 002203 K线数据
2026-05-04 11:53:44 | INFO     | src.core.akshare_provider:get_stock_kline:201 | 尝试使用腾讯数据源获取 300285 K线数据
2026-05-04 11:53:49 | INFO     | src.core.akshare_provider:get_stock_kline:219 | 腾讯数据源成功获取 1289 条数据
2026-05-04 11:53:49 | INFO     | src.core.data_fetcher:save_data:432 | 保存数据到 csv 文件: data/603663_kline
2026-05-04 11:53:49 | INFO     | src.utils.common:ensure_directory_exists:257 | 创建目录: ./data\data
2026-05-04 11:53:49 | INFO     | src.core.data_fetcher:save_data:452 | 数据保存成功: ./data\data/603663_kline.csv
2026-05-04 11:53:49 | INFO     | src.core.akshare_provider:get_stock_kline:219 | 腾讯数据源成功获取 1289 条数据
2026-05-04 11:53:49 | INFO     | src.core.akshare_provider:get_stock_kline:219 | 腾讯数据源成功获取 1289 条数据
2026-05-04 11:53:49 | INFO     | src.core.data_fetcher:save_data:432 | 保存数据到 csv 文件: data/002203_kline
2026-05-04 11:53:49 | INFO     | src.core.data_fetcher:save_data:432 | 保存数据到 csv 文件: data/300285_kline
2026-05-04 11:53:49 | INFO     | src.core.data_fetcher:save_data:452 | 数据保存成功: ./data\data/002203_kline.csv
2026-05-04 11:53:49 | INFO     | src.core.data_fetcher:save_data:452 | 数据保存成功: ./data\data/300285_kline.csv
2026-05-04 11:53:49 | INFO     | src.workflow.base:get_stock_data:153 | 成功获取 3 只股票的数据
2026-05-04 11:53:49 | INFO     | src.workflow.analysis:check_and_calculate_missing_indicators:75 | 成功获取 3 只股票的K线数据
2026-05-04 11:53:49 | INFO     | src.workflow.analysis:check_and_calculate_missing_indicators:78 | 开始计算技术指标...
2026-05-04 11:53:49 | INFO     | src.workflow.base:calculate_technical_indicators:170 | 计算股票 603663 的技术指标
2026-05-04 11:53:49 | INFO     | src.indicators.technical_indicators:calculate_ma:133 | 计算 5 日移动平均线完成
2026-05-04 11:53:49 | INFO     | src.indicators.technical_indicators:calculate_ma:133 | 计算 10 日移动平均线完成
2026-05-04 11:53:49 | INFO     | src.indicators.technical_indicators:calculate_ma:133 | 计算 20 日移动平均线完成
2026-05-04 11:53:49 | INFO     | src.indicators.technical_indicators:calculate_ma:133 | 计算 30 日移动平均线完成
2026-05-04 11:53:49 | INFO     | src.indicators.technical_indicators:calculate_ma:133 | 计算 60 日移动平均线完成
2026-05-04 11:53:49 | INFO     | src.indicators.technical_indicators:calculate_ma:133 | 计算 120 日移动平均线完成
2026-05-04 11:53:49 | INFO     | src.indicators.technical_indicators:calculate_ma:133 | 计算 250 日移动平均线完成
2026-05-04 11:53:49 | INFO     | src.indicators.technical_indicators:calculate_sma:157 | 计算 5 日简单移动平均线完成
2026-05-04 11:53:49 | INFO     | src.indicators.technical_indicators:calculate_sma:157 | 计算 10 日简单移动平均线完成
2026-05-04 11:53:49 | INFO     | src.indicators.technical_indicators:calculate_sma:157 | 计算 20 日简单移动平均线完成
2026-05-04 11:53:49 | INFO     | src.indicators.technical_indicators:calculate_sma:157 | 计算 30 日简单移动平均线完成
2026-05-04 11:53:49 | INFO     | src.indicators.technical_indicators:calculate_sma:157 | 计算 60 日简单移动平均线完成
2026-05-04 11:53:49 | INFO     | src.indicators.technical_indicators:calculate_sma:157 | 计算 120 日简单移动平均线完成
2026-05-04 11:53:49 | INFO     | src.indicators.technical_indicators:calculate_sma:157 | 计算 250 日简单移动平均线完成
2026-05-04 11:53:49 | INFO     | src.indicators.technical_indicators:calculate_ema:182 | 计算 12 日指数移动平均线完成
2026-05-04 11:53:49 | INFO     | src.indicators.technical_indicators:calculate_ema:182 | 计算 26 日指数移动平均线完成
2026-05-04 11:53:49 | INFO     | src.indicators.technical_indicators:calculate_rsi:221 | 计算 6 日RSI完成
2026-05-04 11:53:49 | INFO     | src.indicators.technical_indicators:calculate_rsi:221 | 计算 12 日RSI完成
2026-05-04 11:53:49 | INFO     | src.indicators.technical_indicators:calculate_rsi:221 | 计算 24 日RSI完成
2026-05-04 11:53:49 | INFO     | src.indicators.technical_indicators:calculate_macd:263 | 计算MACD完成：快线=12, 慢线=26, 信号线=9
2026-05-04 11:53:49 | INFO     | src.indicators.technical_indicators:calculate_macd:263 | 计算MACD完成：快线=12, 慢线=26, 信号线=12
2026-05-04 11:53:49 | INFO     | src.indicators.technical_indicators:calculate_boll:303 | 计算布林带完成：周期=20, 标准差倍数=2
2026-05-04 11:53:49 | INFO     | src.indicators.technical_indicators:calculate_kdj:350 | 计算KDJ完成：K周期=9, D周期=3, J周期=3
2026-05-04 11:53:49 | INFO     | src.indicators.technical_indicators:calculate_kdj:350 | 计算KDJ完成：K周期=10, D周期=3, J周期=3
2026-05-04 11:53:49 | INFO     | src.indicators.technical_indicators:calculate_atr:385 | 计算 10 日ATR完成
2026-05-04 11:53:49 | INFO     | src.indicators.technical_indicators:calculate_cci:446 | 计算 20 日CCI完成
2026-05-04 11:53:49 | INFO     | src.indicators.technical_indicators:calculate_williams_r:476 | 计算 10 日威廉指标完成
2026-05-04 11:53:49 | INFO     | src.indicators.technical_indicators:calculate_ma:133 | 计算 5 日移动平均线完成
2026-05-04 11:53:49 | INFO     | src.indicators.technical_indicators:calculate_bias:500 | 计算 5 日乖离率完成
2026-05-04 11:53:49 | INFO     | src.indicators.technical_indicators:calculate_ma:133 | 计算 10 日移动平均线完成
2026-05-04 11:53:49 | INFO     | src.indicators.technical_indicators:calculate_bias:500 | 计算 10 日乖离率完成
2026-05-04 11:53:49 | INFO     | src.indicators.technical_indicators:calculate_ma:133 | 计算 20 日移动平均线完成
2026-05-04 11:53:49 | INFO     | src.indicators.technical_indicators:calculate_bias:500 | 计算 20 日乖离率完成
2026-05-04 11:53:49 | INFO     | src.indicators.technical_indicators:calculate_ma:133 | 计算 30 日移动平均线完成
2026-05-04 11:53:49 | INFO     | src.indicators.technical_indicators:calculate_bias:500 | 计算 30 日乖离率完成
2026-05-04 11:53:49 | INFO     | src.indicators.technical_indicators:calculate_ma:133 | 计算 60 日移动平均线完成
2026-05-04 11:53:49 | INFO     | src.indicators.technical_indicators:calculate_bias:500 | 计算 60 日乖离率完成
2026-05-04 11:53:49 | INFO     | src.indicators.technical_indicators:calculate_ma:133 | 计算 120 日移动平均线完成
2026-05-04 11:53:49 | INFO     | src.indicators.technical_indicators:calculate_bias:500 | 计算 120 日乖离率完成
2026-05-04 11:53:49 | INFO     | src.indicators.technical_indicators:calculate_ma:133 | 计算 250 日移动平均线完成
2026-05-04 11:53:49 | INFO     | src.indicators.technical_indicators:calculate_bias:500 | 计算 250 日乖离率完成
2026-05-04 11:53:49 | INFO     | src.indicators.technical_indicators:calculate_psy:523 | 计算 10 日心理线完成
2026-05-04 11:53:49 | WARNING  | src.indicators.technical_indicators:calculate_all:635 | 未知的指标类型: rsv_period
2026-05-04 11:53:49 | WARNING  | src.indicators.technical_indicators:calculate_all:635 | 未知的指标类型: volume_period
2026-05-04 11:53:49 | INFO     | src.indicators.technical_indicators:calculate_all:640 | 完成计算 45 个技术指标
2026-05-04 11:53:49 | INFO     | src.core.data_fetcher:save_data:432 | 保存数据到 csv 文件: 603663_with_indicators
2026-05-04 11:53:49 | INFO     | src.core.data_fetcher:save_data:452 | 数据保存成功: ./data\603663_with_indicators.csv
2026-05-04 11:53:49 | INFO     | src.workflow.base:calculate_signals:206 | 对股票 603663 进行信号判断
2026-05-04 11:53:49 | INFO     | src.core.data_fetcher:save_data:432 | 保存数据到 csv 文件: 603663_signals
2026-05-04 11:53:49 | INFO     | src.core.data_fetcher:save_data:452 | 数据保存成功: ./data\603663_signals.csv
2026-05-04 11:53:49 | INFO     | src.workflow.analysis:check_and_calculate_missing_indicators:94 |   股票 603663 信号判断完成: 持有 (得分: 0.058)
2026-05-04 11:53:49 | INFO     | src.workflow.base:calculate_technical_indicators:170 | 计算股票 002203 的技术指标
2026-05-04 11:53:49 | INFO     | src.indicators.technical_indicators:calculate_ma:133 | 计算 5 日移动平均线完成
2026-05-04 11:53:50 | INFO     | src.indicators.technical_indicators:calculate_ma:133 | 计算 10 日移动平均线完成
2026-05-04 11:53:50 | INFO     | src.indicators.technical_indicators:calculate_ma:133 | 计算 20 日移动平均线完成
2026-05-04 11:53:50 | INFO     | src.indicators.technical_indicators:calculate_ma:133 | 计算 30 日移动平均线完成
2026-05-04 11:53:50 | INFO     | src.indicators.technical_indicators:calculate_ma:133 | 计算 60 日移动平均线完成
2026-05-04 11:53:50 | INFO     | src.indicators.technical_indicators:calculate_ma:133 | 计算 120 日移动平均线完成
2026-05-04 11:53:50 | INFO     | src.indicators.technical_indicators:calculate_ma:133 | 计算 250 日移动平均线完成
2026-05-04 11:53:50 | INFO     | src.indicators.technical_indicators:calculate_sma:157 | 计算 5 日简单移动平均线完成
2026-05-04 11:53:50 | INFO     | src.indicators.technical_indicators:calculate_sma:157 | 计算 10 日简单移动平均线完成
2026-05-04 11:53:50 | INFO     | src.indicators.technical_indicators:calculate_sma:157 | 计算 20 日简单移动平均线完成
2026-05-04 11:53:50 | INFO     | src.indicators.technical_indicators:calculate_sma:157 | 计算 30 日简单移动平均线完成
2026-05-04 11:53:50 | INFO     | src.indicators.technical_indicators:calculate_sma:157 | 计算 60 日简单移动平均线完成
2026-05-04 11:53:50 | INFO     | src.indicators.technical_indicators:calculate_sma:157 | 计算 120 日简单移动平均线完成
2026-05-04 11:53:50 | INFO     | src.indicators.technical_indicators:calculate_sma:157 | 计算 250 日简单移动平均线完成
2026-05-04 11:53:50 | INFO     | src.indicators.technical_indicators:calculate_ema:182 | 计算 12 日指数移动平均线完成
2026-05-04 11:53:50 | INFO     | src.indicators.technical_indicators:calculate_ema:182 | 计算 26 日指数移动平均线完成
2026-05-04 11:53:50 | INFO     | src.indicators.technical_indicators:calculate_rsi:221 | 计算 6 日RSI完成
2026-05-04 11:53:50 | INFO     | src.indicators.technical_indicators:calculate_rsi:221 | 计算 12 日RSI完成
2026-05-04 11:53:50 | INFO     | src.indicators.technical_indicators:calculate_rsi:221 | 计算 24 日RSI完成
2026-05-04 11:53:50 | INFO     | src.indicators.technical_indicators:calculate_macd:263 | 计算MACD完成：快线=12, 慢线=26, 信号线=9
2026-05-04 11:53:50 | INFO     | src.indicators.technical_indicators:calculate_macd:263 | 计算MACD完成：快线=12, 慢线=26, 信号线=12
2026-05-04 11:53:50 | INFO     | src.indicators.technical_indicators:calculate_boll:303 | 计算布林带完成：周期=20, 标准差倍数=2
2026-05-04 11:53:50 | INFO     | src.indicators.technical_indicators:calculate_kdj:350 | 计算KDJ完成：K周期=9, D周期=3, J周期=3
2026-05-04 11:53:50 | INFO     | src.indicators.technical_indicators:calculate_kdj:350 | 计算KDJ完成：K周期=10, D周期=3, J周期=3
2026-05-04 11:53:50 | INFO     | src.indicators.technical_indicators:calculate_atr:385 | 计算 10 日ATR完成
2026-05-04 11:53:50 | INFO     | src.indicators.technical_indicators:calculate_cci:446 | 计算 20 日CCI完成
2026-05-04 11:53:50 | INFO     | src.indicators.technical_indicators:calculate_williams_r:476 | 计算 10 日威廉指标完成
2026-05-04 11:53:50 | INFO     | src.indicators.technical_indicators:calculate_ma:133 | 计算 5 日移动平均线完成
2026-05-04 11:53:50 | INFO     | src.indicators.technical_indicators:calculate_bias:500 | 计算 5 日乖离率完成
2026-05-04 11:53:50 | INFO     | src.indicators.technical_indicators:calculate_ma:133 | 计算 10 日移动平均线完成
2026-05-04 11:53:50 | INFO     | src.indicators.technical_indicators:calculate_bias:500 | 计算 10 日乖离率完成
2026-05-04 11:53:50 | INFO     | src.indicators.technical_indicators:calculate_ma:133 | 计算 20 日移动平均线完成
2026-05-04 11:53:50 | INFO     | src.indicators.technical_indicators:calculate_bias:500 | 计算 20 日乖离率完成
2026-05-04 11:53:50 | INFO     | src.indicators.technical_indicators:calculate_ma:133 | 计算 30 日移动平均线完成
2026-05-04 11:53:50 | INFO     | src.indicators.technical_indicators:calculate_bias:500 | 计算 30 日乖离率完成
2026-05-04 11:53:50 | INFO     | src.indicators.technical_indicators:calculate_ma:133 | 计算 60 日移动平均线完成
2026-05-04 11:53:50 | INFO     | src.indicators.technical_indicators:calculate_bias:500 | 计算 60 日乖离率完成
2026-05-04 11:53:50 | INFO     | src.indicators.technical_indicators:calculate_ma:133 | 计算 120 日移动平均线完成
2026-05-04 11:53:50 | INFO     | src.indicators.technical_indicators:calculate_bias:500 | 计算 120 日乖离率完成
2026-05-04 11:53:50 | INFO     | src.indicators.technical_indicators:calculate_ma:133 | 计算 250 日移动平均线完成
2026-05-04 11:53:50 | INFO     | src.indicators.technical_indicators:calculate_bias:500 | 计算 250 日乖离率完成
2026-05-04 11:53:50 | INFO     | src.indicators.technical_indicators:calculate_psy:523 | 计算 10 日心理线完成
2026-05-04 11:53:50 | WARNING  | src.indicators.technical_indicators:calculate_all:635 | 未知的指标类型: rsv_period
2026-05-04 11:53:50 | WARNING  | src.indicators.technical_indicators:calculate_all:635 | 未知的指标类型: volume_period
2026-05-04 11:53:50 | INFO     | src.indicators.technical_indicators:calculate_all:640 | 完成计算 45 个技术指标
2026-05-04 11:53:50 | INFO     | src.core.data_fetcher:save_data:432 | 保存数据到 csv 文件: 002203_with_indicators
2026-05-04 11:53:50 | INFO     | src.core.data_fetcher:save_data:452 | 数据保存成功: ./data\002203_with_indicators.csv
2026-05-04 11:53:50 | INFO     | src.workflow.base:calculate_signals:206 | 对股票 002203 进行信号判断
2026-05-04 11:53:50 | INFO     | src.core.data_fetcher:save_data:432 | 保存数据到 csv 文件: 002203_signals
2026-05-04 11:53:50 | INFO     | src.core.data_fetcher:save_data:452 | 数据保存成功: ./data\002203_signals.csv
2026-05-04 11:53:50 | INFO     | src.workflow.analysis:check_and_calculate_missing_indicators:94 |   股票 002203 信号判断完成: 持有 (得分: -0.036)
2026-05-04 11:53:50 | INFO     | src.workflow.base:calculate_technical_indicators:170 | 计算股票 300285 的技术指标
2026-05-04 11:53:50 | INFO     | src.indicators.technical_indicators:calculate_ma:133 | 计算 5 日移动平均线完成
2026-05-04 11:53:50 | INFO     | src.indicators.technical_indicators:calculate_ma:133 | 计算 10 日移动平均线完成
2026-05-04 11:53:50 | INFO     | src.indicators.technical_indicators:calculate_ma:133 | 计算 20 日移动平均线完成
2026-05-04 11:53:50 | INFO     | src.indicators.technical_indicators:calculate_ma:133 | 计算 30 日移动平均线完成
2026-05-04 11:53:50 | INFO     | src.indicators.technical_indicators:calculate_ma:133 | 计算 60 日移动平均线完成
2026-05-04 11:53:50 | INFO     | src.indicators.technical_indicators:calculate_ma:133 | 计算 120 日移动平均线完成
2026-05-04 11:53:50 | INFO     | src.indicators.technical_indicators:calculate_ma:133 | 计算 250 日移动平均线完成
2026-05-04 11:53:50 | INFO     | src.indicators.technical_indicators:calculate_sma:157 | 计算 5 日简单移动平均线完成
2026-05-04 11:53:50 | INFO     | src.indicators.technical_indicators:calculate_sma:157 | 计算 10 日简单移动平均线完成
2026-05-04 11:53:50 | INFO     | src.indicators.technical_indicators:calculate_sma:157 | 计算 20 日简单移动平均线完成
2026-05-04 11:53:50 | INFO     | src.indicators.technical_indicators:calculate_sma:157 | 计算 30 日简单移动平均线完成
2026-05-04 11:53:50 | INFO     | src.indicators.technical_indicators:calculate_sma:157 | 计算 60 日简单移动平均线完成
2026-05-04 11:53:50 | INFO     | src.indicators.technical_indicators:calculate_sma:157 | 计算 120 日简单移动平均线完成
2026-05-04 11:53:50 | INFO     | src.indicators.technical_indicators:calculate_sma:157 | 计算 250 日简单移动平均线完成
2026-05-04 11:53:50 | INFO     | src.indicators.technical_indicators:calculate_ema:182 | 计算 12 日指数移动平均线完成
2026-05-04 11:53:50 | INFO     | src.indicators.technical_indicators:calculate_ema:182 | 计算 26 日指数移动平均线完成
2026-05-04 11:53:50 | INFO     | src.indicators.technical_indicators:calculate_rsi:221 | 计算 6 日RSI完成
2026-05-04 11:53:50 | INFO     | src.indicators.technical_indicators:calculate_rsi:221 | 计算 12 日RSI完成
2026-05-04 11:53:50 | INFO     | src.indicators.technical_indicators:calculate_rsi:221 | 计算 24 日RSI完成
2026-05-04 11:53:50 | INFO     | src.indicators.technical_indicators:calculate_macd:263 | 计算MACD完成：快线=12, 慢线=26, 信号线=9
2026-05-04 11:53:50 | INFO     | src.indicators.technical_indicators:calculate_macd:263 | 计算MACD完成：快线=12, 慢线=26, 信号线=12
2026-05-04 11:53:50 | INFO     | src.indicators.technical_indicators:calculate_boll:303 | 计算布林带完成：周期=20, 标准差倍数=2
2026-05-04 11:53:50 | INFO     | src.indicators.technical_indicators:calculate_kdj:350 | 计算KDJ完成：K周期=9, D周期=3, J周期=3
2026-05-04 11:53:50 | INFO     | src.indicators.technical_indicators:calculate_kdj:350 | 计算KDJ完成：K周期=10, D周期=3, J周期=3
2026-05-04 11:53:50 | INFO     | src.indicators.technical_indicators:calculate_atr:385 | 计算 10 日ATR完成
2026-05-04 11:53:50 | INFO     | src.indicators.technical_indicators:calculate_cci:446 | 计算 20 日CCI完成
2026-05-04 11:53:50 | INFO     | src.indicators.technical_indicators:calculate_williams_r:476 | 计算 10 日威廉指标完成
2026-05-04 11:53:50 | INFO     | src.indicators.technical_indicators:calculate_ma:133 | 计算 5 日移动平均线完成
2026-05-04 11:53:50 | INFO     | src.indicators.technical_indicators:calculate_bias:500 | 计算 5 日乖离率完成
2026-05-04 11:53:50 | INFO     | src.indicators.technical_indicators:calculate_ma:133 | 计算 10 日移动平均线完成
2026-05-04 11:53:50 | INFO     | src.indicators.technical_indicators:calculate_bias:500 | 计算 10 日乖离率完成
2026-05-04 11:53:50 | INFO     | src.indicators.technical_indicators:calculate_ma:133 | 计算 20 日移动平均线完成
2026-05-04 11:53:50 | INFO     | src.indicators.technical_indicators:calculate_bias:500 | 计算 20 日乖离率完成
2026-05-04 11:53:50 | INFO     | src.indicators.technical_indicators:calculate_ma:133 | 计算 30 日移动平均线完成
2026-05-04 11:53:50 | INFO     | src.indicators.technical_indicators:calculate_bias:500 | 计算 30 日乖离率完成
2026-05-04 11:53:50 | INFO     | src.indicators.technical_indicators:calculate_ma:133 | 计算 60 日移动平均线完成
2026-05-04 11:53:50 | INFO     | src.indicators.technical_indicators:calculate_bias:500 | 计算 60 日乖离率完成
2026-05-04 11:53:50 | INFO     | src.indicators.technical_indicators:calculate_ma:133 | 计算 120 日移动平均线完成
2026-05-04 11:53:50 | INFO     | src.indicators.technical_indicators:calculate_bias:500 | 计算 120 日乖离率完成
2026-05-04 11:53:50 | INFO     | src.indicators.technical_indicators:calculate_ma:133 | 计算 250 日移动平均线完成
2026-05-04 11:53:50 | INFO     | src.indicators.technical_indicators:calculate_bias:500 | 计算 250 日乖离率完成
2026-05-04 11:53:50 | INFO     | src.indicators.technical_indicators:calculate_psy:523 | 计算 10 日心理线完成
2026-05-04 11:53:50 | WARNING  | src.indicators.technical_indicators:calculate_all:635 | 未知的指标类型: rsv_period
2026-05-04 11:53:50 | WARNING  | src.indicators.technical_indicators:calculate_all:635 | 未知的指标类型: volume_period
2026-05-04 11:53:50 | INFO     | src.indicators.technical_indicators:calculate_all:640 | 完成计算 45 个技术指标
2026-05-04 11:53:50 | INFO     | src.core.data_fetcher:save_data:432 | 保存数据到 csv 文件: 300285_with_indicators
2026-05-04 11:53:50 | INFO     | src.core.data_fetcher:save_data:452 | 数据保存成功: ./data\300285_with_indicators.csv
2026-05-04 11:53:50 | INFO     | src.workflow.base:calculate_signals:206 | 对股票 300285 进行信号判断
2026-05-04 11:53:50 | INFO     | src.core.data_fetcher:save_data:432 | 保存数据到 csv 文件: 300285_signals
2026-05-04 11:53:50 | INFO     | src.core.data_fetcher:save_data:452 | 数据保存成功: ./data\300285_signals.csv
2026-05-04 11:53:50 | INFO     | src.workflow.analysis:check_and_calculate_missing_indicators:94 |   股票 300285 信号判断完成: 持有 (得分: -0.199)
2026-05-04 11:53:50 | INFO     | src.workflow.analysis:analyze_fund:162 | 【步骤4】进行基金加权平均分析
2026-05-04 11:53:50 | INFO     | src.analysis.fund_weighted_analyzer:parse_holdings_data:264 | 解析到 10 只股票持仓数据
2026-05-04 11:53:50 | INFO     | src.analysis.fund_weighted_analyzer:analyze_fund:298 | 分析股票 301150 (中一科技)
2026-05-04 11:53:50 | INFO     | src.analysis.fund_weighted_analyzer:analyze_fund:298 | 分析股票 688778 (厦钨新能)
2026-05-04 11:53:50 | INFO     | src.analysis.fund_weighted_analyzer:analyze_fund:298 | 分析股票 300450 (先导智能)
2026-05-04 11:53:50 | INFO     | src.analysis.fund_weighted_analyzer:analyze_fund:298 | 分析股票 301662 (宏工科技)
2026-05-04 11:53:50 | INFO     | src.analysis.fund_weighted_analyzer:analyze_fund:298 | 分析股票 688155 (先惠技术)
2026-05-04 11:53:50 | INFO     | src.analysis.fund_weighted_analyzer:analyze_fund:298 | 分析股票 603663 (三祥新材)
2026-05-04 11:53:50 | INFO     | src.analysis.fund_weighted_analyzer:analyze_fund:298 | 分析股票 688147 (微导纳米)
2026-05-04 11:53:50 | INFO     | src.analysis.fund_weighted_analyzer:analyze_fund:298 | 分析股票 002203 (海亮股份)
2026-05-04 11:53:50 | INFO     | src.analysis.fund_weighted_analyzer:analyze_fund:298 | 分析股票 300285 (国瓷材料)
2026-05-04 11:53:50 | INFO     | src.analysis.fund_weighted_analyzer:analyze_fund:298 | 分析股票 002846 (英联股份)
2026-05-04 11:53:50 | INFO     | src.workflow.analysis:analyze_fund:175 | 【步骤5】生成分析报告
2026-05-04 11:53:50 | INFO     | src.analysis.fund_weighted_analyzer:save_report:576 | 分析报告已保存到: outputs/reports\fund-analysis-005538.txt
2026-05-04 11:53:50 | INFO     | src.analysis.fund_weighted_analyzer:save_report:577 | JSON结果已保存到: outputs/reports\fund-analysis-005538.json
2026-05-04 11:53:50 | INFO     | src.workflow.analysis:analyze_fund:180 | 
============================================================
2026-05-04 11:53:50 | INFO     | src.workflow.analysis:analyze_fund:181 | 基金 005538 分析结果:
2026-05-04 11:53:50 | INFO     | src.workflow.analysis:analyze_fund:182 | ------------------------------------------------------------
2026-05-04 11:53:50 | INFO     | src.workflow.analysis:analyze_fund:183 | 加权平均得分: 0.026
2026-05-04 11:53:50 | INFO     | src.workflow.analysis:analyze_fund:184 | 基金建议: 建议持有
2026-05-04 11:53:50 | INFO     | src.workflow.analysis:analyze_fund:185 | 置信度: 22.7%
2026-05-04 11:53:50 | INFO     | src.workflow.analysis:analyze_fund:186 | 总股票数: 10
2026-05-04 11:53:50 | INFO     | src.workflow.analysis:analyze_fund:187 | 已分析股票数: 10
2026-05-04 11:53:50 | INFO     | src.workflow.analysis:analyze_fund:188 | 分析覆盖率: 100.0%
2026-05-04 11:53:50 | INFO     | src.workflow.analysis:analyze_fund:189 | ------------------------------------------------------------
2026-05-04 11:53:50 | INFO     | src.workflow.analysis:analyze_fund:196 | ⦿ 基金建议: 建议持有观望
2026-05-04 11:53:50 | INFO     | src.workflow.analysis:analyze_fund:200 | ============================================================
2026-05-04 11:53:51 | INFO     | src.notify.channels.ntfy:_do_send:68 | ntfy 推送成功
2026-05-04 11:53:51 | INFO     | src.notify.channels.markdown:_do_send:75 | Markdown 文件已保存: ./notify_logs\notify_20260504_115351.md
2026-05-04 11:56:00 | INFO     | src.notify:_load_channels:49 | 通知渠道 [ntfy] 初始化成功
2026-05-04 11:56:00 | INFO     | src.notify:_load_channels:49 | 通知渠道 [markdown] 初始化成功
2026-05-04 11:56:00 | INFO     | src.core.data_factory:create_provider:43 | 创建数据源提供者: akshare
2026-05-04 11:56:00 | INFO     | src.core.data_factory:_init_providers:148 | 初始化数据源提供者: akshare
2026-05-04 11:56:21 | ERROR    | src.core.baostock_provider:login:46 | baostock 登录失败: 网络接收错误。
2026-05-04 11:56:21 | INFO     | src.core.data_factory:create_provider:43 | 创建数据源提供者: baostock
2026-05-04 11:56:21 | WARNING  | src.core.data_factory:_init_providers:145 | 数据源 baostock 连接失败，跳过
2026-05-04 11:56:21 | INFO     | src.core.data_factory:__init__:120 | 多数据源数据获取器初始化完成
2026-05-04 11:56:21 | INFO     | src.core.data_factory:__init__:121 | 股票数据源: akshare
2026-05-04 11:56:21 | INFO     | src.core.data_factory:__init__:122 | 基金数据源: akshare
2026-05-04 11:56:21 | INFO     | src.data.reader:__init__:29 | 数据读取器初始化完成，基础路径: data
2026-05-04 11:56:21 | INFO     | src.workflow.analysis:analyze_fund:135 | 执行基金 005538 的完整加权平均分析流程...
2026-05-04 11:56:21 | INFO     | src.workflow.analysis:analyze_fund:139 | 【步骤1】获取基金持仓数据
2026-05-04 11:56:21 | INFO     | src.workflow.analysis:get_fund_holdings_for_analysis:36 | 获取基金 005538 的持仓数据（用于分析）
2026-05-04 11:56:21 | INFO     | src.core.data_fetcher:inner:294 | 获取基金 005538 持仓
2026-05-04 11:56:21 | INFO     | src.core.akshare_provider:get_fund_portfolio:370 | akshare 获取基金 005538 持仓
2026-05-04 11:56:21 | INFO     | src.core.akshare_provider:get_fund_portfolio:379 | 使用 fund_portfolio_hold_em 成功获取基金 005538 持仓
2026-05-04 11:56:21 | INFO     | src.workflow.analysis:analyze_fund:146 | 【步骤2】过滤最新季度数据
2026-05-04 11:56:21 | INFO     | src.workflow.base:filter_latest_quarter:83 | 过滤最新季度数据
2026-05-04 11:56:21 | INFO     | src.analysis.quarter_filter:filter_latest_quarter_data:63 | 识别到最新季度: 2026年Q1
2026-05-04 11:56:21 | INFO     | src.analysis.quarter_filter:filter_latest_quarter_data:77 | 过滤结果: 从 10 条记录中筛选出 10 条最新季度数据
2026-05-04 11:56:21 | INFO     | src.workflow.analysis:analyze_fund:154 | 最新季度持仓股票数量: 10
2026-05-04 11:56:21 | INFO     | src.workflow.analysis:analyze_fund:155 | 股票代码列表: ['301150', '688778', '300450', '301662', '688155', '603663', '688147', '002203', '300285', '002846']
2026-05-04 11:56:21 | INFO     | src.workflow.analysis:analyze_fund:158 | 【步骤3】检查股票信号数据
2026-05-04 11:56:21 | INFO     | src.workflow.analysis:check_and_calculate_missing_indicators:62 | 所有股票的信号数据已存在，跳过技术指标计算步骤
2026-05-04 11:56:21 | INFO     | src.workflow.analysis:analyze_fund:162 | 【步骤4】进行基金加权平均分析
2026-05-04 11:56:21 | INFO     | src.analysis.fund_weighted_analyzer:parse_holdings_data:264 | 解析到 10 只股票持仓数据
2026-05-04 11:56:21 | INFO     | src.analysis.fund_weighted_analyzer:analyze_fund:298 | 分析股票 301150 (中一科技)
2026-05-04 11:56:21 | INFO     | src.analysis.fund_weighted_analyzer:analyze_fund:298 | 分析股票 688778 (厦钨新能)
2026-05-04 11:56:22 | INFO     | src.analysis.fund_weighted_analyzer:analyze_fund:298 | 分析股票 300450 (先导智能)
2026-05-04 11:56:22 | INFO     | src.analysis.fund_weighted_analyzer:analyze_fund:298 | 分析股票 301662 (宏工科技)
2026-05-04 11:56:22 | INFO     | src.analysis.fund_weighted_analyzer:analyze_fund:298 | 分析股票 688155 (先惠技术)
2026-05-04 11:56:22 | INFO     | src.analysis.fund_weighted_analyzer:analyze_fund:298 | 分析股票 603663 (三祥新材)
2026-05-04 11:56:22 | INFO     | src.analysis.fund_weighted_analyzer:analyze_fund:298 | 分析股票 688147 (微导纳米)
2026-05-04 11:56:22 | INFO     | src.analysis.fund_weighted_analyzer:analyze_fund:298 | 分析股票 002203 (海亮股份)
2026-05-04 11:56:22 | INFO     | src.analysis.fund_weighted_analyzer:analyze_fund:298 | 分析股票 300285 (国瓷材料)
2026-05-04 11:56:22 | INFO     | src.analysis.fund_weighted_analyzer:analyze_fund:298 | 分析股票 002846 (英联股份)
2026-05-04 11:56:22 | INFO     | src.workflow.analysis:analyze_fund:175 | 【步骤5】生成分析报告
2026-05-04 11:56:22 | INFO     | src.analysis.fund_weighted_analyzer:save_report:576 | 分析报告已保存到: outputs/reports\fund-analysis-005538.txt
2026-05-04 11:56:22 | INFO     | src.analysis.fund_weighted_analyzer:save_report:577 | JSON结果已保存到: outputs/reports\fund-analysis-005538.json
2026-05-04 11:56:22 | INFO     | src.workflow.analysis:analyze_fund:180 | 
============================================================
2026-05-04 11:56:22 | INFO     | src.workflow.analysis:analyze_fund:181 | 基金 005538 分析结果:
2026-05-04 11:56:22 | INFO     | src.workflow.analysis:analyze_fund:182 | ------------------------------------------------------------
2026-05-04 11:56:22 | INFO     | src.workflow.analysis:analyze_fund:183 | 加权平均得分: 0.026
2026-05-04 11:56:22 | INFO     | src.workflow.analysis:analyze_fund:184 | 基金建议: 建议持有
2026-05-04 11:56:22 | INFO     | src.workflow.analysis:analyze_fund:185 | 置信度: 22.7%
2026-05-04 11:56:22 | INFO     | src.workflow.analysis:analyze_fund:186 | 总股票数: 10
2026-05-04 11:56:22 | INFO     | src.workflow.analysis:analyze_fund:187 | 已分析股票数: 10
2026-05-04 11:56:22 | INFO     | src.workflow.analysis:analyze_fund:188 | 分析覆盖率: 100.0%
2026-05-04 11:56:22 | INFO     | src.workflow.analysis:analyze_fund:189 | ------------------------------------------------------------
2026-05-04 11:56:22 | INFO     | src.workflow.analysis:analyze_fund:196 | ⦿ 基金建议: 建议持有观望
2026-05-04 11:56:22 | INFO     | src.workflow.analysis:analyze_fund:200 | ============================================================
2026-05-04 11:56:23 | INFO     | src.notify.channels.ntfy:_do_send:68 | ntfy 推送成功
2026-05-04 11:56:23 | INFO     | src.notify.channels.markdown:_do_send:75 | Markdown 文件已保存: ./notify_logs\notify_20260504_115623.md
2026-05-04 12:05:15 | INFO     | src.notify:_load_channels:49 | 通知渠道 [ntfy] 初始化成功
2026-05-04 12:05:15 | INFO     | src.notify:_load_channels:49 | 通知渠道 [markdown] 初始化成功
2026-05-04 12:05:15 | INFO     | src.data.reader:__init__:29 | 数据读取器初始化完成，基础路径: .
2026-05-04 12:05:15 | INFO     | src.data.reader:list_files:221 | 在 .\data 中找到 48 个文件
2026-05-04 12:05:15 | INFO     | src.data.reader:list_stock_files:241 | 找到 0 个股票数据文件
2026-05-04 12:05:15 | WARNING  | src.data.reader:list_files:215 | 目录不存在: .\stock_data
2026-05-04 12:05:15 | INFO     | src.data.reader:list_stock_files:241 | 找到 0 个股票数据文件
2026-05-04 12:59:28 | INFO     | src.notify:_load_channels:49 | 通知渠道 [ntfy] 初始化成功
2026-05-04 12:59:28 | INFO     | src.notify:_load_channels:49 | 通知渠道 [markdown] 初始化成功
2026-05-04 12:59:28 | INFO     | src.core.data_factory:create_provider:43 | 创建数据源提供者: akshare
2026-05-04 12:59:28 | INFO     | src.core.data_factory:_init_providers:148 | 初始化数据源提供者: akshare
2026-05-04 12:59:49 | ERROR    | src.core.baostock_provider:login:46 | baostock 登录失败: 网络接收错误。
2026-05-04 12:59:49 | INFO     | src.core.data_factory:create_provider:43 | 创建数据源提供者: baostock
2026-05-04 12:59:49 | WARNING  | src.core.data_factory:_init_providers:145 | 数据源 baostock 连接失败，跳过
2026-05-04 12:59:49 | INFO     | src.core.data_factory:__init__:120 | 多数据源数据获取器初始化完成
2026-05-04 12:59:49 | INFO     | src.core.data_factory:__init__:121 | 股票数据源: akshare
2026-05-04 12:59:49 | INFO     | src.core.data_factory:__init__:122 | 基金数据源: akshare
2026-05-04 12:59:49 | INFO     | src.data.reader:__init__:29 | 数据读取器初始化完成，基础路径: .
2026-05-04 12:59:49 | INFO     | src.workflow.analysis:analyze_fund:135 | 执行基金 005538 的完整加权平均分析流程...
2026-05-04 12:59:49 | INFO     | src.workflow.analysis:analyze_fund:139 | 【步骤1】获取基金持仓数据
2026-05-04 12:59:49 | INFO     | src.workflow.analysis:get_fund_holdings_for_analysis:36 | 获取基金 005538 的持仓数据（用于分析）
2026-05-04 12:59:49 | INFO     | src.core.data_fetcher:inner:294 | 获取基金 005538 持仓
2026-05-04 12:59:49 | INFO     | src.core.akshare_provider:get_fund_portfolio:370 | akshare 获取基金 005538 持仓
2026-05-04 12:59:50 | INFO     | src.core.akshare_provider:get_fund_portfolio:379 | 使用 fund_portfolio_hold_em 成功获取基金 005538 持仓
2026-05-04 12:59:50 | INFO     | src.workflow.analysis:analyze_fund:146 | 【步骤2】过滤最新季度数据
2026-05-04 12:59:50 | INFO     | src.workflow.base:filter_latest_quarter:83 | 过滤最新季度数据
2026-05-04 12:59:50 | INFO     | src.analysis.quarter_filter:filter_latest_quarter_data:63 | 识别到最新季度: 2026年Q1
2026-05-04 12:59:50 | INFO     | src.analysis.quarter_filter:filter_latest_quarter_data:77 | 过滤结果: 从 10 条记录中筛选出 10 条最新季度数据
2026-05-04 12:59:50 | INFO     | src.workflow.analysis:analyze_fund:154 | 最新季度持仓股票数量: 10
2026-05-04 12:59:50 | INFO     | src.workflow.analysis:analyze_fund:155 | 股票代码列表: ['301150', '688778', '300450', '301662', '688155', '603663', '688147', '002203', '300285', '002846']
2026-05-04 12:59:50 | INFO     | src.workflow.analysis:analyze_fund:158 | 【步骤3】检查股票信号数据
2026-05-04 12:59:50 | INFO     | src.workflow.analysis:check_and_calculate_missing_indicators:62 | 所有股票的信号数据已存在，跳过技术指标计算步骤
2026-05-04 12:59:50 | INFO     | src.workflow.analysis:analyze_fund:162 | 【步骤4】进行基金加权平均分析
2026-05-04 12:59:50 | INFO     | src.analysis.fund_weighted_analyzer:parse_holdings_data:264 | 解析到 10 只股票持仓数据
2026-05-04 12:59:50 | INFO     | src.analysis.fund_weighted_analyzer:analyze_fund:298 | 分析股票 301150 (中一科技)
2026-05-04 12:59:50 | WARNING  | src.analysis.signal_judgment:get_signals:666 | 未配置成交量周期，跳过成交量信号检查
2026-05-04 12:59:50 | INFO     | src.analysis.fund_weighted_analyzer:analyze_fund:298 | 分析股票 688778 (厦钨新能)
2026-05-04 12:59:50 | WARNING  | src.analysis.signal_judgment:get_signals:666 | 未配置成交量周期，跳过成交量信号检查
2026-05-04 12:59:50 | INFO     | src.analysis.fund_weighted_analyzer:analyze_fund:298 | 分析股票 300450 (先导智能)
2026-05-04 12:59:50 | WARNING  | src.analysis.signal_judgment:get_signals:666 | 未配置成交量周期，跳过成交量信号检查
2026-05-04 12:59:50 | INFO     | src.analysis.fund_weighted_analyzer:analyze_fund:298 | 分析股票 301662 (宏工科技)
2026-05-04 12:59:50 | WARNING  | src.analysis.signal_judgment:get_signals:666 | 未配置成交量周期，跳过成交量信号检查
2026-05-04 12:59:50 | INFO     | src.analysis.fund_weighted_analyzer:analyze_fund:298 | 分析股票 688155 (先惠技术)
2026-05-04 12:59:50 | WARNING  | src.analysis.signal_judgment:get_signals:666 | 未配置成交量周期，跳过成交量信号检查
2026-05-04 12:59:50 | INFO     | src.analysis.fund_weighted_analyzer:analyze_fund:298 | 分析股票 603663 (三祥新材)
2026-05-04 12:59:50 | WARNING  | src.analysis.signal_judgment:get_signals:666 | 未配置成交量周期，跳过成交量信号检查
2026-05-04 12:59:50 | INFO     | src.analysis.fund_weighted_analyzer:analyze_fund:298 | 分析股票 688147 (微导纳米)
2026-05-04 12:59:50 | WARNING  | src.analysis.signal_judgment:get_signals:666 | 未配置成交量周期，跳过成交量信号检查
2026-05-04 12:59:50 | INFO     | src.analysis.fund_weighted_analyzer:analyze_fund:298 | 分析股票 002203 (海亮股份)
2026-05-04 12:59:50 | WARNING  | src.analysis.signal_judgment:get_signals:666 | 未配置成交量周期，跳过成交量信号检查
2026-05-04 12:59:50 | INFO     | src.analysis.fund_weighted_analyzer:analyze_fund:298 | 分析股票 300285 (国瓷材料)
2026-05-04 12:59:50 | WARNING  | src.analysis.signal_judgment:get_signals:666 | 未配置成交量周期，跳过成交量信号检查
2026-05-04 12:59:50 | INFO     | src.analysis.fund_weighted_analyzer:analyze_fund:298 | 分析股票 002846 (英联股份)
2026-05-04 12:59:50 | WARNING  | src.analysis.signal_judgment:get_signals:666 | 未配置成交量周期，跳过成交量信号检查
2026-05-04 12:59:50 | INFO     | src.workflow.analysis:analyze_fund:175 | 【步骤5】生成分析报告
2026-05-04 12:59:50 | INFO     | src.analysis.fund_weighted_analyzer:save_report:576 | 分析报告已保存到: outputs/reports\fund-analysis-005538.txt
2026-05-04 12:59:50 | INFO     | src.analysis.fund_weighted_analyzer:save_report:577 | JSON结果已保存到: outputs/reports\fund-analysis-005538.json
2026-05-04 12:59:50 | INFO     | src.workflow.analysis:analyze_fund:180 | 
============================================================
2026-05-04 12:59:50 | INFO     | src.workflow.analysis:analyze_fund:181 | 基金 005538 分析结果:
2026-05-04 12:59:50 | INFO     | src.workflow.analysis:analyze_fund:182 | ------------------------------------------------------------
2026-05-04 12:59:50 | INFO     | src.workflow.analysis:analyze_fund:183 | 加权平均得分: 0.029
2026-05-04 12:59:50 | INFO     | src.workflow.analysis:analyze_fund:184 | 基金建议: 建议持有
2026-05-04 12:59:50 | INFO     | src.workflow.analysis:analyze_fund:185 | 置信度: 21.4%
2026-05-04 12:59:50 | INFO     | src.workflow.analysis:analyze_fund:186 | 总股票数: 10
2026-05-04 12:59:50 | INFO     | src.workflow.analysis:analyze_fund:187 | 已分析股票数: 10
2026-05-04 12:59:50 | INFO     | src.workflow.analysis:analyze_fund:188 | 分析覆盖率: 100.0%
2026-05-04 12:59:50 | INFO     | src.workflow.analysis:analyze_fund:189 | ------------------------------------------------------------
2026-05-04 12:59:50 | INFO     | src.workflow.analysis:analyze_fund:196 | ⦿ 基金建议: 建议持有观望
2026-05-04 12:59:50 | INFO     | src.workflow.analysis:analyze_fund:200 | ============================================================
2026-05-04 12:59:51 | INFO     | src.notify.channels.ntfy:_do_send:68 | ntfy 推送成功
2026-05-04 12:59:51 | INFO     | src.notify.channels.markdown:_do_send:75 | Markdown 文件已保存: ./notify_logs\notify_20260504_125951.md
2026-05-04 13:07:20 | INFO     | src.notify:_load_channels:49 | 通知渠道 [ntfy] 初始化成功
2026-05-04 13:07:20 | INFO     | src.notify:_load_channels:49 | 通知渠道 [markdown] 初始化成功
2026-05-04 13:07:20 | INFO     | __main__:main:99 | ============================================================
2026-05-04 13:07:20 | INFO     | __main__:main:100 | 开始自动化执行流程（按 3→1→2 顺序）
2026-05-04 13:07:20 | INFO     | __main__:main:101 | ============================================================
2026-05-04 13:07:20 | INFO     | __main__:main:109 | 配置信息:
2026-05-04 13:07:20 | INFO     | __main__:main:110 |   基金代码: ['005538']
2026-05-04 13:07:20 | INFO     | __main__:main:111 |   开始日期: 2019-01-01
2026-05-04 13:07:20 | INFO     | __main__:main:112 |   数据目录: stock_data
2026-05-04 13:07:20 | INFO     | __main__:main:113 | 
2026-05-04 13:07:20 | INFO     | __main__:main:116 | ============================================================
2026-05-04 13:07:20 | INFO     | __main__:main:117 | [步骤 1/3] 正在执行：更新数据
2026-05-04 13:07:20 | INFO     | __main__:main:118 | ============================================================
2026-05-04 13:07:20 | INFO     | src.update_data:run_update_workflow:192 | 开始数据更新流程
2026-05-04 13:07:20 | INFO     | src.update_data:run_update_workflow:193 | 基金代码列表: ['005538']
2026-05-04 13:07:20 | INFO     | src.update_data:run_update_workflow:194 | 开始日期: 2019-01-01
2026-05-04 13:07:20 | INFO     | src.update_data:run_update_workflow:195 | 数据目录: stock_data
2026-05-04 13:07:20 | INFO     | src.update_data:update_data:20 | 开始更新数据，基金代码: ['005538']
2026-05-04 13:07:21 | INFO     | src.notify.channels.ntfy:_do_send:68 | ntfy 推送成功
2026-05-04 13:07:21 | INFO     | src.notify.channels.markdown:_do_send:75 | Markdown 文件已保存: ./notify_logs\notify_20260504_130721.md
2026-05-04 13:07:21 | INFO     | src.core.data_factory:create_provider:43 | 创建数据源提供者: akshare
2026-05-04 13:07:21 | INFO     | src.core.data_factory:_init_providers:148 | 初始化数据源提供者: akshare
2026-05-04 13:07:42 | ERROR    | src.core.baostock_provider:login:46 | baostock 登录失败: 网络接收错误。
2026-05-04 13:07:42 | INFO     | src.core.data_factory:create_provider:43 | 创建数据源提供者: baostock
2026-05-04 13:07:42 | WARNING  | src.core.data_factory:_init_providers:145 | 数据源 baostock 连接失败，跳过
2026-05-04 13:07:42 | INFO     | src.core.data_factory:__init__:120 | 多数据源数据获取器初始化完成
2026-05-04 13:07:42 | INFO     | src.core.data_factory:__init__:121 | 股票数据源: akshare
2026-05-04 13:07:42 | INFO     | src.core.data_factory:__init__:122 | 基金数据源: akshare
2026-05-04 13:07:42 | INFO     | src.data.reader:__init__:29 | 数据读取器初始化完成，基础路径: data
2026-05-04 13:07:42 | INFO     | src.update_data:update_data:37 | 步骤1: 更新基金持仓数据
2026-05-04 13:07:42 | WARNING  | src.core.data_fetcher:get_fund_portfolio_hold_em:331 | get_fund_portfolio_hold_em 方法已过时，建议使用 get_fund_portfolio
2026-05-04 13:07:42 | INFO     | src.core.data_fetcher:inner:294 | 获取基金 005538 持仓
2026-05-04 13:07:42 | INFO     | src.core.akshare_provider:get_fund_portfolio:370 | akshare 获取基金 005538 持仓
2026-05-04 13:07:43 | INFO     | src.core.akshare_provider:get_fund_portfolio:379 | 使用 fund_portfolio_hold_em 成功获取基金 005538 持仓
2026-05-04 13:07:43 | INFO     | src.core.data_fetcher:save_data:432 | 保存数据到 csv 文件: fund_portfolio_005538
2026-05-04 13:07:43 | INFO     | src.core.data_fetcher:save_data:452 | 数据保存成功: ./data\fund_portfolio_005538.csv
2026-05-04 13:07:43 | INFO     | src.core.data_fetcher:inner:244 | 获取基金 005538 基本信息
2026-05-04 13:07:43 | INFO     | src.core.akshare_provider:get_fund_info:308 | akshare 获取基金 005538 基本信息
2026-05-04 13:07:45 | INFO     | src.core.data_fetcher:save_data:432 | 保存数据到 csv 文件: fund_info_005538
2026-05-04 13:07:45 | INFO     | src.core.data_fetcher:save_data:452 | 数据保存成功: ./data\fund_info_005538.csv
2026-05-04 13:07:45 | INFO     | src.update_data:update_data:86 | 基金 005538 持仓数据更新成功，共 10 条记录
2026-05-04 13:07:45 | INFO     | src.update_data:update_data:97 | 步骤2: 获取所有基金的持仓股票
2026-05-04 13:07:45 | INFO     | src.analysis.quarter_filter:filter_latest_quarter_data:63 | 识别到最新季度: 2026年Q1
2026-05-04 13:07:45 | INFO     | src.analysis.quarter_filter:filter_latest_quarter_data:77 | 过滤结果: 从 10 条记录中筛选出 10 条最新季度数据
2026-05-04 13:07:45 | INFO     | src.update_data:update_data:111 | 需要更新的股票数量: 10
2026-05-04 13:07:45 | INFO     | src.update_data:update_data:112 | 股票代码列表: ['301150', '300285', '688778', '002846', '688147', '301662', '688155', '300450', '002203', '603663']
2026-05-04 13:07:45 | INFO     | src.update_data:update_data:115 | 步骤3: 更新股票K线数据
2026-05-04 13:07:45 | INFO     | src.core.data_fetcher:inner:197 | 获取股票 301150 daily K线数据
2026-05-04 13:07:45 | INFO     | src.core.akshare_provider:get_stock_kline:170 | akshare 获取股票 301150 daily K线数据
2026-05-04 13:07:46 | INFO     | src.core.akshare_provider:get_stock_kline:183 | 尝试使用东方财富数据源获取 301150 K线数据
2026-05-04 13:07:46 | INFO     | src.core.akshare_provider:get_stock_kline:201 | 尝试使用腾讯数据源获取 301150 K线数据
2026-05-04 13:07:49 | INFO     | src.core.akshare_provider:get_stock_kline:219 | 腾讯数据源成功获取 976 条数据
2026-05-04 13:07:49 | INFO     | src.core.data_fetcher:save_data:432 | 保存数据到 csv 文件: stock_data/301150_kline
2026-05-04 13:07:49 | INFO     | src.core.data_fetcher:save_data:452 | 数据保存成功: ./data\stock_data/301150_kline.csv
2026-05-04 13:07:49 | DEBUG    | src.update_data:update_data:141 | 股票 301150 K线数据更新成功，共 976 条记录
2026-05-04 13:07:49 | INFO     | src.core.data_fetcher:inner:197 | 获取股票 300285 daily K线数据
2026-05-04 13:07:49 | INFO     | src.core.akshare_provider:get_stock_kline:170 | akshare 获取股票 300285 daily K线数据
2026-05-04 13:07:49 | INFO     | src.core.akshare_provider:get_stock_kline:183 | 尝试使用东方财富数据源获取 300285 K线数据
2026-05-04 13:07:49 | INFO     | src.core.akshare_provider:get_stock_kline:201 | 尝试使用腾讯数据源获取 300285 K线数据
2026-05-04 13:07:53 | INFO     | src.core.akshare_provider:get_stock_kline:219 | 腾讯数据源成功获取 1776 条数据
2026-05-04 13:07:53 | INFO     | src.core.data_fetcher:save_data:432 | 保存数据到 csv 文件: stock_data/300285_kline
2026-05-04 13:07:53 | INFO     | src.core.data_fetcher:save_data:452 | 数据保存成功: ./data\stock_data/300285_kline.csv
2026-05-04 13:07:53 | DEBUG    | src.update_data:update_data:141 | 股票 300285 K线数据更新成功，共 1776 条记录
2026-05-04 13:07:53 | INFO     | src.core.data_fetcher:inner:197 | 获取股票 688778 daily K线数据
2026-05-04 13:07:53 | INFO     | src.core.akshare_provider:get_stock_kline:170 | akshare 获取股票 688778 daily K线数据
2026-05-04 13:07:53 | INFO     | src.core.akshare_provider:get_stock_kline:183 | 尝试使用东方财富数据源获取 688778 K线数据
2026-05-04 13:07:53 | INFO     | src.core.akshare_provider:get_stock_kline:201 | 尝试使用腾讯数据源获取 688778 K线数据
2026-05-04 13:07:57 | INFO     | src.core.akshare_provider:get_stock_kline:219 | 腾讯数据源成功获取 1146 条数据
2026-05-04 13:07:57 | INFO     | src.core.data_fetcher:save_data:432 | 保存数据到 csv 文件: stock_data/688778_kline
2026-05-04 13:07:57 | INFO     | src.core.data_fetcher:save_data:452 | 数据保存成功: ./data\stock_data/688778_kline.csv
2026-05-04 13:07:57 | DEBUG    | src.update_data:update_data:141 | 股票 688778 K线数据更新成功，共 1146 条记录
2026-05-04 13:07:57 | INFO     | src.core.data_fetcher:inner:197 | 获取股票 002846 daily K线数据
2026-05-04 13:07:57 | INFO     | src.core.akshare_provider:get_stock_kline:170 | akshare 获取股票 002846 daily K线数据
2026-05-04 13:07:57 | INFO     | src.core.akshare_provider:get_stock_kline:183 | 尝试使用东方财富数据源获取 002846 K线数据
2026-05-04 13:07:57 | INFO     | src.core.akshare_provider:get_stock_kline:201 | 尝试使用腾讯数据源获取 002846 K线数据
2026-05-04 13:08:01 | INFO     | src.core.akshare_provider:get_stock_kline:219 | 腾讯数据源成功获取 1776 条数据
2026-05-04 13:08:01 | INFO     | src.core.data_fetcher:save_data:432 | 保存数据到 csv 文件: stock_data/002846_kline
2026-05-04 13:08:01 | INFO     | src.core.data_fetcher:save_data:452 | 数据保存成功: ./data\stock_data/002846_kline.csv
2026-05-04 13:08:01 | DEBUG    | src.update_data:update_data:141 | 股票 002846 K线数据更新成功，共 1776 条记录
2026-05-04 13:08:01 | INFO     | src.core.data_fetcher:inner:197 | 获取股票 688147 daily K线数据
2026-05-04 13:08:01 | INFO     | src.core.akshare_provider:get_stock_kline:170 | akshare 获取股票 688147 daily K线数据
2026-05-04 13:08:01 | INFO     | src.core.akshare_provider:get_stock_kline:183 | 尝试使用东方财富数据源获取 688147 K线数据
2026-05-04 13:08:01 | INFO     | src.core.akshare_provider:get_stock_kline:201 | 尝试使用腾讯数据源获取 688147 K线数据
2026-05-04 13:08:04 | INFO     | src.core.akshare_provider:get_stock_kline:219 | 腾讯数据源成功获取 810 条数据
2026-05-04 13:08:04 | INFO     | src.core.data_fetcher:save_data:432 | 保存数据到 csv 文件: stock_data/688147_kline
2026-05-04 13:08:04 | INFO     | src.core.data_fetcher:save_data:452 | 数据保存成功: ./data\stock_data/688147_kline.csv
2026-05-04 13:08:04 | DEBUG    | src.update_data:update_data:141 | 股票 688147 K线数据更新成功，共 810 条记录
2026-05-04 13:08:04 | INFO     | src.core.data_fetcher:inner:197 | 获取股票 301662 daily K线数据
2026-05-04 13:08:04 | INFO     | src.core.akshare_provider:get_stock_kline:170 | akshare 获取股票 301662 daily K线数据
2026-05-04 13:08:04 | INFO     | src.core.akshare_provider:get_stock_kline:183 | 尝试使用东方财富数据源获取 301662 K线数据
2026-05-04 13:08:04 | INFO     | src.core.akshare_provider:get_stock_kline:201 | 尝试使用腾讯数据源获取 301662 K线数据
2026-05-04 13:08:05 | INFO     | src.core.akshare_provider:get_stock_kline:219 | 腾讯数据源成功获取 252 条数据
2026-05-04 13:08:05 | INFO     | src.core.data_fetcher:save_data:432 | 保存数据到 csv 文件: stock_data/301662_kline
2026-05-04 13:08:05 | INFO     | src.core.data_fetcher:save_data:452 | 数据保存成功: ./data\stock_data/301662_kline.csv
2026-05-04 13:08:05 | DEBUG    | src.update_data:update_data:141 | 股票 301662 K线数据更新成功，共 252 条记录
2026-05-04 13:08:05 | INFO     | src.core.data_fetcher:inner:197 | 获取股票 688155 daily K线数据
2026-05-04 13:08:05 | INFO     | src.core.akshare_provider:get_stock_kline:170 | akshare 获取股票 688155 daily K线数据
2026-05-04 13:08:05 | INFO     | src.core.akshare_provider:get_stock_kline:183 | 尝试使用东方财富数据源获取 688155 K线数据
2026-05-04 13:08:06 | INFO     | src.core.akshare_provider:get_stock_kline:201 | 尝试使用腾讯数据源获取 688155 K线数据
2026-05-04 13:08:09 | INFO     | src.core.akshare_provider:get_stock_kline:219 | 腾讯数据源成功获取 1386 条数据
2026-05-04 13:08:09 | INFO     | src.core.data_fetcher:save_data:432 | 保存数据到 csv 文件: stock_data/688155_kline
2026-05-04 13:08:09 | INFO     | src.core.data_fetcher:save_data:452 | 数据保存成功: ./data\stock_data/688155_kline.csv
2026-05-04 13:08:09 | DEBUG    | src.update_data:update_data:141 | 股票 688155 K线数据更新成功，共 1386 条记录
2026-05-04 13:08:09 | INFO     | src.core.data_fetcher:inner:197 | 获取股票 300450 daily K线数据
2026-05-04 13:08:09 | INFO     | src.core.akshare_provider:get_stock_kline:170 | akshare 获取股票 300450 daily K线数据
2026-05-04 13:08:09 | INFO     | src.core.akshare_provider:get_stock_kline:183 | 尝试使用东方财富数据源获取 300450 K线数据
2026-05-04 13:08:10 | INFO     | src.core.akshare_provider:get_stock_kline:201 | 尝试使用腾讯数据源获取 300450 K线数据
2026-05-04 13:08:14 | INFO     | src.core.akshare_provider:get_stock_kline:219 | 腾讯数据源成功获取 1776 条数据
2026-05-04 13:08:14 | INFO     | src.core.data_fetcher:save_data:432 | 保存数据到 csv 文件: stock_data/300450_kline
2026-05-04 13:08:14 | INFO     | src.core.data_fetcher:save_data:452 | 数据保存成功: ./data\stock_data/300450_kline.csv
2026-05-04 13:08:14 | DEBUG    | src.update_data:update_data:141 | 股票 300450 K线数据更新成功，共 1776 条记录
2026-05-04 13:08:14 | INFO     | src.core.data_fetcher:inner:197 | 获取股票 002203 daily K线数据
2026-05-04 13:08:14 | INFO     | src.core.akshare_provider:get_stock_kline:170 | akshare 获取股票 002203 daily K线数据
2026-05-04 13:08:14 | INFO     | src.core.akshare_provider:get_stock_kline:183 | 尝试使用东方财富数据源获取 002203 K线数据
2026-05-04 13:08:14 | INFO     | src.core.akshare_provider:get_stock_kline:201 | 尝试使用腾讯数据源获取 002203 K线数据
2026-05-04 13:08:18 | INFO     | src.core.akshare_provider:get_stock_kline:219 | 腾讯数据源成功获取 1776 条数据
2026-05-04 13:08:18 | INFO     | src.core.data_fetcher:save_data:432 | 保存数据到 csv 文件: stock_data/002203_kline
2026-05-04 13:08:18 | INFO     | src.core.data_fetcher:save_data:452 | 数据保存成功: ./data\stock_data/002203_kline.csv
2026-05-04 13:08:18 | DEBUG    | src.update_data:update_data:141 | 股票 002203 K线数据更新成功，共 1776 条记录
2026-05-04 13:08:18 | INFO     | src.core.data_fetcher:inner:197 | 获取股票 603663 daily K线数据
2026-05-04 13:08:18 | INFO     | src.core.akshare_provider:get_stock_kline:170 | akshare 获取股票 603663 daily K线数据
2026-05-04 13:08:18 | INFO     | src.core.akshare_provider:get_stock_kline:183 | 尝试使用东方财富数据源获取 603663 K线数据
2026-05-04 13:08:19 | INFO     | src.core.akshare_provider:get_stock_kline:201 | 尝试使用腾讯数据源获取 603663 K线数据
2026-05-04 13:08:23 | INFO     | src.core.akshare_provider:get_stock_kline:219 | 腾讯数据源成功获取 1776 条数据
2026-05-04 13:08:23 | INFO     | src.core.data_fetcher:save_data:432 | 保存数据到 csv 文件: stock_data/603663_kline
2026-05-04 13:08:23 | INFO     | src.core.data_fetcher:save_data:452 | 数据保存成功: ./data\stock_data/603663_kline.csv
2026-05-04 13:08:23 | DEBUG    | src.update_data:update_data:141 | 股票 603663 K线数据更新成功，共 1776 条记录
2026-05-04 13:08:23 | INFO     | src.update_data:update_data:159 | 步骤4: 生成汇总报告
2026-05-04 13:08:23 | INFO     | src.update_data:update_data:166 | ============================================================
2026-05-04 13:08:23 | INFO     | src.update_data:update_data:167 | 数据更新完成!
2026-05-04 13:08:23 | INFO     | src.update_data:update_data:168 | ============================================================
2026-05-04 13:08:23 | INFO     | src.update_data:update_data:169 | 基金数据: 成功 1 / 失败 0
2026-05-04 13:08:23 | INFO     | src.update_data:update_data:170 | 股票数据: 成功 10 / 失败 0
2026-05-04 13:08:23 | INFO     | src.update_data:update_data:171 | 总更新记录: 11 条
2026-05-04 13:08:23 | INFO     | src.update_data:update_data:172 | ============================================================
2026-05-04 13:08:26 | INFO     | src.notify.channels.ntfy:_do_send:68 | ntfy 推送成功
2026-05-04 13:08:26 | INFO     | src.notify.channels.markdown:_do_send:75 | Markdown 文件已保存: ./notify_logs\notify_20260504_130826.md
2026-05-04 13:08:26 | INFO     | src.update_data:run_update_workflow:200 | 数据更新流程完成!
2026-05-04 13:08:26 | INFO     | __main__:main:121 | ✅ 数据更新完成！处理了 4 个基金
2026-05-04 13:08:26 | INFO     | __main__:main:122 | 
2026-05-04 13:08:26 | INFO     | __main__:main:129 | ============================================================
2026-05-04 13:08:26 | INFO     | __main__:main:130 | [步骤 2/3] 正在执行：技术指标计算
2026-05-04 13:08:26 | INFO     | __main__:main:131 | ============================================================
2026-05-04 13:08:26 | INFO     | src.core.data_factory:create_provider:43 | 创建数据源提供者: akshare
2026-05-04 13:08:26 | INFO     | src.core.data_factory:_init_providers:148 | 初始化数据源提供者: akshare
2026-05-04 13:08:47 | ERROR    | src.core.baostock_provider:login:46 | baostock 登录失败: 网络接收错误。
2026-05-04 13:08:47 | INFO     | src.core.data_factory:create_provider:43 | 创建数据源提供者: baostock
2026-05-04 13:08:47 | WARNING  | src.core.data_factory:_init_providers:145 | 数据源 baostock 连接失败，跳过
2026-05-04 13:08:47 | INFO     | src.core.data_factory:__init__:120 | 多数据源数据获取器初始化完成
2026-05-04 13:08:47 | INFO     | src.core.data_factory:__init__:121 | 股票数据源: akshare
2026-05-04 13:08:47 | INFO     | src.core.data_factory:__init__:122 | 基金数据源: akshare
2026-05-04 13:08:47 | INFO     | src.data.reader:__init__:29 | 数据读取器初始化完成，基础路径: .
2026-05-04 13:08:47 | INFO     | src.workflow.technical:run_batch:212 | 开始批量处理 1 个基金的技术指标计算
2026-05-04 13:08:47 | INFO     | src.workflow.technical:run_batch:213 | 基金代码列表: ['005538']
2026-05-04 13:08:47 | INFO     | src.workflow.technical:run_batch:219 | 
============================================================
2026-05-04 13:08:47 | INFO     | src.workflow.technical:run_batch:220 | 开始处理基金: 005538
2026-05-04 13:08:47 | INFO     | src.workflow.technical:process_fund:99 | 开始处理基金 005538 的持仓股票技术指标计算
2026-05-04 13:08:47 | INFO     | src.workflow.base:get_fund_holdings:67 | 获取基金 005538 的持仓数据
2026-05-04 13:08:47 | INFO     | src.core.data_fetcher:inner:294 | 获取基金 005538 持仓
2026-05-04 13:08:47 | INFO     | src.core.akshare_provider:get_fund_portfolio:370 | akshare 获取基金 005538 持仓
2026-05-04 13:08:47 | INFO     | src.core.akshare_provider:get_fund_portfolio:379 | 使用 fund_portfolio_hold_em 成功获取基金 005538 持仓
2026-05-04 13:08:47 | INFO     | src.workflow.base:filter_latest_quarter:83 | 过滤最新季度数据
2026-05-04 13:08:47 | INFO     | src.analysis.quarter_filter:filter_latest_quarter_data:63 | 识别到最新季度: 2026年Q1
2026-05-04 13:08:47 | INFO     | src.analysis.quarter_filter:filter_latest_quarter_data:77 | 过滤结果: 从 10 条记录中筛选出 10 条最新季度数据
2026-05-04 13:08:47 | INFO     | src.workflow.technical:process_fund:116 | 最新季度持仓股票数量: 10
2026-05-04 13:08:47 | INFO     | src.workflow.technical:process_fund:117 | 股票代码列表: ['301150', '688778', '300450', '301662', '688155', '603663', '688147', '002203', '300285', '002846']
2026-05-04 13:08:47 | INFO     | src.workflow.base:get_stock_data:97 | 批量处理 10 只股票的数据
2026-05-04 13:08:47 | WARNING  | src.data.reader:list_files:215 | 目录不存在: .\stock_data
2026-05-04 13:08:47 | WARNING  | src.data.reader:list_files:215 | 目录不存在: .\stock_data
2026-05-04 13:08:47 | INFO     | src.data.reader:list_stock_files:241 | 找到 0 个股票数据文件
2026-05-04 13:08:47 | INFO     | src.data.reader:list_stock_files:241 | 找到 0 个股票数据文件
2026-05-04 13:08:47 | WARNING  | src.data.reader:list_files:215 | 目录不存在: .\stock_data
2026-05-04 13:08:47 | WARNING  | src.data.reader:list_files:215 | 目录不存在: .\stock_data
2026-05-04 13:08:47 | INFO     | src.core.data_fetcher:inner:197 | 获取股票 301150 daily K线数据
2026-05-04 13:08:47 | WARNING  | src.data.reader:list_files:215 | 目录不存在: .\stock_data
2026-05-04 13:08:47 | INFO     | src.core.data_fetcher:inner:197 | 获取股票 688778 daily K线数据
2026-05-04 13:08:47 | WARNING  | src.data.reader:list_files:215 | 目录不存在: .\stock_data
2026-05-04 13:08:47 | WARNING  | src.data.reader:list_files:215 | 目录不存在: .\stock_data
2026-05-04 13:08:47 | INFO     | src.data.reader:list_stock_files:241 | 找到 0 个股票数据文件
2026-05-04 13:08:47 | WARNING  | src.data.reader:list_files:215 | 目录不存在: .\stock_data
2026-05-04 13:08:47 | INFO     | src.data.reader:list_stock_files:241 | 找到 0 个股票数据文件
2026-05-04 13:08:47 | INFO     | src.core.akshare_provider:get_stock_kline:170 | akshare 获取股票 301150 daily K线数据
2026-05-04 13:08:47 | INFO     | src.data.reader:list_stock_files:241 | 找到 0 个股票数据文件
2026-05-04 13:08:47 | INFO     | src.core.akshare_provider:get_stock_kline:170 | akshare 获取股票 688778 daily K线数据
2026-05-04 13:08:47 | INFO     | src.data.reader:list_stock_files:241 | 找到 0 个股票数据文件
2026-05-04 13:08:47 | INFO     | src.data.reader:list_stock_files:241 | 找到 0 个股票数据文件
2026-05-04 13:08:47 | INFO     | src.core.data_fetcher:inner:197 | 获取股票 300450 daily K线数据
2026-05-04 13:08:47 | INFO     | src.data.reader:list_stock_files:241 | 找到 0 个股票数据文件
2026-05-04 13:08:47 | INFO     | src.core.data_fetcher:inner:197 | 获取股票 301662 daily K线数据
2026-05-04 13:08:47 | INFO     | src.core.akshare_provider:get_stock_kline:183 | 尝试使用东方财富数据源获取 301150 K线数据
2026-05-04 13:08:47 | INFO     | src.core.data_fetcher:inner:197 | 获取股票 688155 daily K线数据
2026-05-04 13:08:47 | INFO     | src.core.akshare_provider:get_stock_kline:183 | 尝试使用东方财富数据源获取 688778 K线数据
2026-05-04 13:08:47 | INFO     | src.core.data_fetcher:inner:197 | 获取股票 603663 daily K线数据
2026-05-04 13:08:47 | INFO     | src.core.data_fetcher:inner:197 | 获取股票 688147 daily K线数据
2026-05-04 13:08:47 | INFO     | src.core.akshare_provider:get_stock_kline:170 | akshare 获取股票 300450 daily K线数据
2026-05-04 13:08:47 | INFO     | src.core.data_fetcher:inner:197 | 获取股票 002203 daily K线数据
2026-05-04 13:08:47 | INFO     | src.core.akshare_provider:get_stock_kline:170 | akshare 获取股票 301662 daily K线数据
2026-05-04 13:08:47 | INFO     | src.core.akshare_provider:get_stock_kline:170 | akshare 获取股票 688155 daily K线数据
2026-05-04 13:08:47 | INFO     | src.core.akshare_provider:get_stock_kline:170 | akshare 获取股票 603663 daily K线数据
2026-05-04 13:08:47 | INFO     | src.core.akshare_provider:get_stock_kline:170 | akshare 获取股票 688147 daily K线数据
2026-05-04 13:08:47 | INFO     | src.core.akshare_provider:get_stock_kline:183 | 尝试使用东方财富数据源获取 300450 K线数据
2026-05-04 13:08:47 | INFO     | src.core.akshare_provider:get_stock_kline:170 | akshare 获取股票 002203 daily K线数据
2026-05-04 13:08:47 | INFO     | src.core.akshare_provider:get_stock_kline:183 | 尝试使用东方财富数据源获取 301662 K线数据
2026-05-04 13:08:47 | INFO     | src.core.akshare_provider:get_stock_kline:183 | 尝试使用东方财富数据源获取 688155 K线数据
2026-05-04 13:08:47 | INFO     | src.core.akshare_provider:get_stock_kline:183 | 尝试使用东方财富数据源获取 603663 K线数据
2026-05-04 13:08:47 | INFO     | src.core.akshare_provider:get_stock_kline:183 | 尝试使用东方财富数据源获取 688147 K线数据
2026-05-04 13:08:47 | INFO     | src.core.akshare_provider:get_stock_kline:183 | 尝试使用东方财富数据源获取 002203 K线数据
2026-05-04 13:08:48 | INFO     | src.core.akshare_provider:get_stock_kline:201 | 尝试使用腾讯数据源获取 603663 K线数据
2026-05-04 13:08:48 | INFO     | src.core.akshare_provider:get_stock_kline:201 | 尝试使用腾讯数据源获取 688155 K线数据
2026-05-04 13:08:48 | INFO     | src.core.akshare_provider:get_stock_kline:201 | 尝试使用腾讯数据源获取 301150 K线数据
2026-05-04 13:08:48 | INFO     | src.core.akshare_provider:get_stock_kline:201 | 尝试使用腾讯数据源获取 688147 K线数据
2026-05-04 13:08:48 | INFO     | src.core.akshare_provider:get_stock_kline:201 | 尝试使用腾讯数据源获取 688778 K线数据
2026-05-04 13:08:48 | INFO     | src.core.akshare_provider:get_stock_kline:201 | 尝试使用腾讯数据源获取 002203 K线数据
2026-05-04 13:08:48 | INFO     | src.core.akshare_provider:get_stock_kline:201 | 尝试使用腾讯数据源获取 300450 K线数据
2026-05-04 13:08:48 | INFO     | src.core.akshare_provider:get_stock_kline:201 | 尝试使用腾讯数据源获取 301662 K线数据
2026-05-04 13:08:50 | INFO     | src.core.akshare_provider:get_stock_kline:219 | 腾讯数据源成功获取 252 条数据
2026-05-04 13:08:50 | INFO     | src.core.data_fetcher:save_data:432 | 保存数据到 csv 文件: stock_data/301662_kline
2026-05-04 13:08:51 | INFO     | src.core.data_fetcher:save_data:452 | 数据保存成功: ./data\stock_data/301662_kline.csv
2026-05-04 13:08:51 | WARNING  | src.data.reader:list_files:215 | 目录不存在: .\stock_data
2026-05-04 13:08:51 | INFO     | src.data.reader:list_stock_files:241 | 找到 0 个股票数据文件
2026-05-04 13:08:51 | INFO     | src.core.data_fetcher:inner:197 | 获取股票 300285 daily K线数据
2026-05-04 13:08:51 | INFO     | src.core.akshare_provider:get_stock_kline:170 | akshare 获取股票 300285 daily K线数据
2026-05-04 13:08:51 | INFO     | src.core.akshare_provider:get_stock_kline:183 | 尝试使用东方财富数据源获取 300285 K线数据
2026-05-04 13:08:51 | INFO     | src.core.akshare_provider:get_stock_kline:201 | 尝试使用腾讯数据源获取 300285 K线数据
2026-05-04 13:08:53 | INFO     | src.core.akshare_provider:get_stock_kline:219 | 腾讯数据源成功获取 810 条数据
2026-05-04 13:08:53 | INFO     | src.core.data_fetcher:save_data:432 | 保存数据到 csv 文件: stock_data/688147_kline
2026-05-04 13:08:53 | INFO     | src.core.data_fetcher:save_data:452 | 数据保存成功: ./data\stock_data/688147_kline.csv
2026-05-04 13:08:53 | WARNING  | src.data.reader:list_files:215 | 目录不存在: .\stock_data
2026-05-04 13:08:53 | INFO     | src.data.reader:list_stock_files:241 | 找到 0 个股票数据文件
2026-05-04 13:08:53 | INFO     | src.core.data_fetcher:inner:197 | 获取股票 002846 daily K线数据
2026-05-04 13:08:53 | INFO     | src.core.akshare_provider:get_stock_kline:170 | akshare 获取股票 002846 daily K线数据
2026-05-04 13:08:53 | INFO     | src.core.akshare_provider:get_stock_kline:183 | 尝试使用东方财富数据源获取 002846 K线数据
2026-05-04 13:08:54 | INFO     | src.core.akshare_provider:get_stock_kline:201 | 尝试使用腾讯数据源获取 002846 K线数据
2026-05-04 13:08:54 | INFO     | src.core.akshare_provider:get_stock_kline:219 | 腾讯数据源成功获取 976 条数据
2026-05-04 13:08:54 | INFO     | src.core.data_fetcher:save_data:432 | 保存数据到 csv 文件: stock_data/301150_kline
2026-05-04 13:08:54 | INFO     | src.core.data_fetcher:save_data:452 | 数据保存成功: ./data\stock_data/301150_kline.csv
2026-05-04 13:08:54 | INFO     | src.core.akshare_provider:get_stock_kline:219 | 腾讯数据源成功获取 1146 条数据
2026-05-04 13:08:54 | INFO     | src.core.data_fetcher:save_data:432 | 保存数据到 csv 文件: stock_data/688778_kline
2026-05-04 13:08:54 | INFO     | src.core.data_fetcher:save_data:452 | 数据保存成功: ./data\stock_data/688778_kline.csv
2026-05-04 13:08:55 | INFO     | src.core.akshare_provider:get_stock_kline:219 | 腾讯数据源成功获取 1386 条数据
2026-05-04 13:08:55 | INFO     | src.core.data_fetcher:save_data:432 | 保存数据到 csv 文件: stock_data/688155_kline
2026-05-04 13:08:55 | INFO     | src.core.data_fetcher:save_data:452 | 数据保存成功: ./data\stock_data/688155_kline.csv
2026-05-04 13:08:57 | INFO     | src.core.akshare_provider:get_stock_kline:219 | 腾讯数据源成功获取 1776 条数据
2026-05-04 13:08:57 | INFO     | src.core.akshare_provider:get_stock_kline:219 | 腾讯数据源成功获取 1776 条数据
2026-05-04 13:08:57 | INFO     | src.core.data_fetcher:save_data:432 | 保存数据到 csv 文件: stock_data/603663_kline
2026-05-04 13:08:57 | INFO     | src.core.data_fetcher:save_data:432 | 保存数据到 csv 文件: stock_data/300450_kline
2026-05-04 13:08:57 | INFO     | src.core.akshare_provider:get_stock_kline:219 | 腾讯数据源成功获取 1776 条数据
2026-05-04 13:08:57 | INFO     | src.core.data_fetcher:save_data:432 | 保存数据到 csv 文件: stock_data/002203_kline
2026-05-04 13:08:57 | INFO     | src.core.data_fetcher:save_data:452 | 数据保存成功: ./data\stock_data/603663_kline.csv
2026-05-04 13:08:57 | INFO     | src.core.data_fetcher:save_data:452 | 数据保存成功: ./data\stock_data/300450_kline.csv
2026-05-04 13:08:57 | INFO     | src.core.data_fetcher:save_data:452 | 数据保存成功: ./data\stock_data/002203_kline.csv
2026-05-04 13:08:59 | INFO     | src.core.akshare_provider:get_stock_kline:219 | 腾讯数据源成功获取 1776 条数据
2026-05-04 13:08:59 | INFO     | src.core.data_fetcher:save_data:432 | 保存数据到 csv 文件: stock_data/300285_kline
2026-05-04 13:08:59 | INFO     | src.core.data_fetcher:save_data:452 | 数据保存成功: ./data\stock_data/300285_kline.csv
2026-05-04 13:09:00 | INFO     | src.core.akshare_provider:get_stock_kline:219 | 腾讯数据源成功获取 1776 条数据
2026-05-04 13:09:00 | INFO     | src.core.data_fetcher:save_data:432 | 保存数据到 csv 文件: stock_data/002846_kline
2026-05-04 13:09:00 | INFO     | src.core.data_fetcher:save_data:452 | 数据保存成功: ./data\stock_data/002846_kline.csv
2026-05-04 13:09:00 | INFO     | src.utils.concurrency:process_batch:70 | 获取股票数据: 10/10
2026-05-04 13:09:00 | INFO     | src.workflow.base:get_stock_data:153 | 成功获取 10 只股票的数据
2026-05-04 13:09:00 | INFO     | src.workflow.technical:process_fund:133 | 开始计算技术指标和信号判断
2026-05-04 13:09:00 | INFO     | src.workflow.base:calculate_technical_indicators:170 | 计算股票 301662 的技术指标
2026-05-04 13:09:00 | INFO     | src.workflow.base:calculate_technical_indicators:170 | 计算股票 688147 的技术指标
2026-05-04 13:09:00 | INFO     | src.indicators.technical_indicators:calculate_ma:133 | 计算 5 日移动平均线完成
2026-05-04 13:09:00 | INFO     | src.workflow.base:calculate_technical_indicators:170 | 计算股票 301150 的技术指标
2026-05-04 13:09:00 | INFO     | src.workflow.base:calculate_technical_indicators:170 | 计算股票 688778 的技术指标
2026-05-04 13:09:00 | INFO     | src.workflow.base:calculate_technical_indicators:170 | 计算股票 688155 的技术指标
2026-05-04 13:09:00 | INFO     | src.indicators.technical_indicators:calculate_ma:133 | 计算 5 日移动平均线完成
2026-05-04 13:09:00 | INFO     | src.indicators.technical_indicators:calculate_ma:133 | 计算 10 日移动平均线完成
2026-05-04 13:09:00 | INFO     | src.workflow.base:calculate_technical_indicators:170 | 计算股票 603663 的技术指标
2026-05-04 13:09:00 | INFO     | src.indicators.technical_indicators:calculate_ma:133 | 计算 5 日移动平均线完成
2026-05-04 13:09:00 | INFO     | src.workflow.base:calculate_technical_indicators:170 | 计算股票 300450 的技术指标
2026-05-04 13:09:00 | INFO     | src.indicators.technical_indicators:calculate_ma:133 | 计算 5 日移动平均线完成
2026-05-04 13:09:00 | INFO     | src.indicators.technical_indicators:calculate_ma:133 | 计算 5 日移动平均线完成
2026-05-04 13:09:00 | INFO     | src.workflow.base:calculate_technical_indicators:170 | 计算股票 002203 的技术指标
2026-05-04 13:09:00 | INFO     | src.indicators.technical_indicators:calculate_ma:133 | 计算 10 日移动平均线完成
2026-05-04 13:09:00 | INFO     | src.indicators.technical_indicators:calculate_ma:133 | 计算 20 日移动平均线完成
2026-05-04 13:09:00 | INFO     | src.indicators.technical_indicators:calculate_ma:133 | 计算 5 日移动平均线完成
2026-05-04 13:09:00 | INFO     | src.indicators.technical_indicators:calculate_ma:133 | 计算 10 日移动平均线完成
2026-05-04 13:09:00 | INFO     | src.indicators.technical_indicators:calculate_ma:133 | 计算 10 日移动平均线完成
2026-05-04 13:09:00 | INFO     | src.indicators.technical_indicators:calculate_ma:133 | 计算 10 日移动平均线完成
2026-05-04 13:09:00 | INFO     | src.indicators.technical_indicators:calculate_ma:133 | 计算 5 日移动平均线完成
2026-05-04 13:09:00 | INFO     | src.indicators.technical_indicators:calculate_ma:133 | 计算 5 日移动平均线完成
2026-05-04 13:09:00 | INFO     | src.indicators.technical_indicators:calculate_ma:133 | 计算 20 日移动平均线完成
2026-05-04 13:09:00 | INFO     | src.indicators.technical_indicators:calculate_ma:133 | 计算 30 日移动平均线完成
2026-05-04 13:09:00 | INFO     | src.indicators.technical_indicators:calculate_ma:133 | 计算 10 日移动平均线完成
2026-05-04 13:09:00 | INFO     | src.indicators.technical_indicators:calculate_ma:133 | 计算 20 日移动平均线完成
2026-05-04 13:09:00 | INFO     | src.indicators.technical_indicators:calculate_ma:133 | 计算 20 日移动平均线完成
2026-05-04 13:09:00 | INFO     | src.indicators.technical_indicators:calculate_ma:133 | 计算 20 日移动平均线完成
2026-05-04 13:09:00 | INFO     | src.indicators.technical_indicators:calculate_ma:133 | 计算 10 日移动平均线完成
2026-05-04 13:09:00 | INFO     | src.indicators.technical_indicators:calculate_ma:133 | 计算 10 日移动平均线完成
2026-05-04 13:09:00 | INFO     | src.indicators.technical_indicators:calculate_ma:133 | 计算 30 日移动平均线完成
2026-05-04 13:09:00 | INFO     | src.indicators.technical_indicators:calculate_ma:133 | 计算 60 日移动平均线完成
2026-05-04 13:09:00 | INFO     | src.indicators.technical_indicators:calculate_ma:133 | 计算 20 日移动平均线完成
2026-05-04 13:09:00 | INFO     | src.indicators.technical_indicators:calculate_ma:133 | 计算 30 日移动平均线完成
2026-05-04 13:09:00 | INFO     | src.indicators.technical_indicators:calculate_ma:133 | 计算 30 日移动平均线完成
2026-05-04 13:09:00 | INFO     | src.indicators.technical_indicators:calculate_ma:133 | 计算 30 日移动平均线完成
2026-05-04 13:09:00 | INFO     | src.indicators.technical_indicators:calculate_ma:133 | 计算 20 日移动平均线完成
2026-05-04 13:09:00 | INFO     | src.indicators.technical_indicators:calculate_ma:133 | 计算 20 日移动平均线完成
2026-05-04 13:09:00 | INFO     | src.indicators.technical_indicators:calculate_ma:133 | 计算 60 日移动平均线完成
2026-05-04 13:09:00 | INFO     | src.indicators.technical_indicators:calculate_ma:133 | 计算 120 日移动平均线完成
2026-05-04 13:09:00 | INFO     | src.indicators.technical_indicators:calculate_ma:133 | 计算 30 日移动平均线完成
2026-05-04 13:09:00 | INFO     | src.indicators.technical_indicators:calculate_ma:133 | 计算 60 日移动平均线完成
2026-05-04 13:09:00 | INFO     | src.indicators.technical_indicators:calculate_ma:133 | 计算 60 日移动平均线完成
2026-05-04 13:09:00 | INFO     | src.indicators.technical_indicators:calculate_ma:133 | 计算 60 日移动平均线完成
2026-05-04 13:09:00 | INFO     | src.indicators.technical_indicators:calculate_ma:133 | 计算 30 日移动平均线完成
2026-05-04 13:09:00 | INFO     | src.indicators.technical_indicators:calculate_ma:133 | 计算 30 日移动平均线完成
2026-05-04 13:09:00 | INFO     | src.indicators.technical_indicators:calculate_ma:133 | 计算 120 日移动平均线完成
2026-05-04 13:09:00 | INFO     | src.indicators.technical_indicators:calculate_ma:133 | 计算 250 日移动平均线完成
2026-05-04 13:09:00 | INFO     | src.indicators.technical_indicators:calculate_ma:133 | 计算 60 日移动平均线完成
2026-05-04 13:09:00 | INFO     | src.indicators.technical_indicators:calculate_ma:133 | 计算 120 日移动平均线完成
2026-05-04 13:09:00 | INFO     | src.indicators.technical_indicators:calculate_ma:133 | 计算 120 日移动平均线完成
2026-05-04 13:09:00 | INFO     | src.indicators.technical_indicators:calculate_ma:133 | 计算 120 日移动平均线完成
2026-05-04 13:09:00 | INFO     | src.indicators.technical_indicators:calculate_ma:133 | 计算 60 日移动平均线完成
2026-05-04 13:09:00 | INFO     | src.indicators.technical_indicators:calculate_ma:133 | 计算 60 日移动平均线完成
2026-05-04 13:09:00 | INFO     | src.indicators.technical_indicators:calculate_ma:133 | 计算 250 日移动平均线完成
2026-05-04 13:09:00 | INFO     | src.indicators.technical_indicators:calculate_sma:157 | 计算 5 日简单移动平均线完成
2026-05-04 13:09:00 | INFO     | src.indicators.technical_indicators:calculate_ma:133 | 计算 120 日移动平均线完成
2026-05-04 13:09:00 | INFO     | src.indicators.technical_indicators:calculate_ma:133 | 计算 250 日移动平均线完成
2026-05-04 13:09:00 | INFO     | src.indicators.technical_indicators:calculate_ma:133 | 计算 250 日移动平均线完成
2026-05-04 13:09:00 | INFO     | src.indicators.technical_indicators:calculate_ma:133 | 计算 250 日移动平均线完成
2026-05-04 13:09:00 | INFO     | src.indicators.technical_indicators:calculate_ma:133 | 计算 120 日移动平均线完成
2026-05-04 13:09:00 | INFO     | src.indicators.technical_indicators:calculate_ma:133 | 计算 120 日移动平均线完成
2026-05-04 13:09:00 | INFO     | src.indicators.technical_indicators:calculate_sma:157 | 计算 5 日简单移动平均线完成
2026-05-04 13:09:00 | INFO     | src.indicators.technical_indicators:calculate_sma:157 | 计算 10 日简单移动平均线完成
2026-05-04 13:09:00 | INFO     | src.indicators.technical_indicators:calculate_ma:133 | 计算 250 日移动平均线完成
2026-05-04 13:09:00 | INFO     | src.indicators.technical_indicators:calculate_sma:157 | 计算 5 日简单移动平均线完成
2026-05-04 13:09:00 | INFO     | src.indicators.technical_indicators:calculate_sma:157 | 计算 5 日简单移动平均线完成
2026-05-04 13:09:00 | INFO     | src.indicators.technical_indicators:calculate_sma:157 | 计算 5 日简单移动平均线完成
2026-05-04 13:09:00 | INFO     | src.indicators.technical_indicators:calculate_ma:133 | 计算 250 日移动平均线完成
2026-05-04 13:09:00 | INFO     | src.indicators.technical_indicators:calculate_ma:133 | 计算 250 日移动平均线完成
2026-05-04 13:09:00 | INFO     | src.indicators.technical_indicators:calculate_sma:157 | 计算 10 日简单移动平均线完成
2026-05-04 13:09:00 | INFO     | src.indicators.technical_indicators:calculate_sma:157 | 计算 20 日简单移动平均线完成
2026-05-04 13:09:00 | INFO     | src.indicators.technical_indicators:calculate_sma:157 | 计算 5 日简单移动平均线完成
2026-05-04 13:09:00 | INFO     | src.indicators.technical_indicators:calculate_sma:157 | 计算 10 日简单移动平均线完成
2026-05-04 13:09:00 | INFO     | src.indicators.technical_indicators:calculate_sma:157 | 计算 10 日简单移动平均线完成
2026-05-04 13:09:00 | INFO     | src.indicators.technical_indicators:calculate_sma:157 | 计算 10 日简单移动平均线完成
2026-05-04 13:09:00 | INFO     | src.indicators.technical_indicators:calculate_sma:157 | 计算 5 日简单移动平均线完成
2026-05-04 13:09:00 | INFO     | src.indicators.technical_indicators:calculate_sma:157 | 计算 5 日简单移动平均线完成
2026-05-04 13:09:00 | INFO     | src.indicators.technical_indicators:calculate_sma:157 | 计算 20 日简单移动平均线完成
2026-05-04 13:09:00 | INFO     | src.indicators.technical_indicators:calculate_sma:157 | 计算 30 日简单移动平均线完成
2026-05-04 13:09:00 | INFO     | src.indicators.technical_indicators:calculate_sma:157 | 计算 20 日简单移动平均线完成
2026-05-04 13:09:00 | INFO     | src.indicators.technical_indicators:calculate_sma:157 | 计算 10 日简单移动平均线完成
2026-05-04 13:09:00 | INFO     | src.indicators.technical_indicators:calculate_sma:157 | 计算 20 日简单移动平均线完成
2026-05-04 13:09:00 | INFO     | src.indicators.technical_indicators:calculate_sma:157 | 计算 20 日简单移动平均线完成
2026-05-04 13:09:00 | INFO     | src.indicators.technical_indicators:calculate_sma:157 | 计算 10 日简单移动平均线完成
2026-05-04 13:09:00 | INFO     | src.indicators.technical_indicators:calculate_sma:157 | 计算 10 日简单移动平均线完成
2026-05-04 13:09:00 | INFO     | src.indicators.technical_indicators:calculate_sma:157 | 计算 30 日简单移动平均线完成
2026-05-04 13:09:00 | INFO     | src.indicators.technical_indicators:calculate_sma:157 | 计算 60 日简单移动平均线完成
2026-05-04 13:09:00 | INFO     | src.indicators.technical_indicators:calculate_sma:157 | 计算 20 日简单移动平均线完成
2026-05-04 13:09:00 | INFO     | src.indicators.technical_indicators:calculate_sma:157 | 计算 30 日简单移动平均线完成
2026-05-04 13:09:00 | INFO     | src.indicators.technical_indicators:calculate_sma:157 | 计算 30 日简单移动平均线完成
2026-05-04 13:09:00 | INFO     | src.indicators.technical_indicators:calculate_sma:157 | 计算 30 日简单移动平均线完成
2026-05-04 13:09:00 | INFO     | src.indicators.technical_indicators:calculate_sma:157 | 计算 20 日简单移动平均线完成
2026-05-04 13:09:00 | INFO     | src.indicators.technical_indicators:calculate_sma:157 | 计算 20 日简单移动平均线完成
2026-05-04 13:09:00 | INFO     | src.indicators.technical_indicators:calculate_sma:157 | 计算 60 日简单移动平均线完成
2026-05-04 13:09:00 | INFO     | src.indicators.technical_indicators:calculate_sma:157 | 计算 120 日简单移动平均线完成
2026-05-04 13:09:00 | INFO     | src.indicators.technical_indicators:calculate_sma:157 | 计算 30 日简单移动平均线完成
2026-05-04 13:09:00 | INFO     | src.indicators.technical_indicators:calculate_sma:157 | 计算 60 日简单移动平均线完成
2026-05-04 13:09:00 | INFO     | src.indicators.technical_indicators:calculate_sma:157 | 计算 60 日简单移动平均线完成
2026-05-04 13:09:00 | INFO     | src.indicators.technical_indicators:calculate_sma:157 | 计算 60 日简单移动平均线完成
2026-05-04 13:09:00 | INFO     | src.indicators.technical_indicators:calculate_sma:157 | 计算 30 日简单移动平均线完成
2026-05-04 13:09:00 | INFO     | src.indicators.technical_indicators:calculate_sma:157 | 计算 30 日简单移动平均线完成
2026-05-04 13:09:00 | INFO     | src.indicators.technical_indicators:calculate_sma:157 | 计算 120 日简单移动平均线完成
2026-05-04 13:09:00 | INFO     | src.indicators.technical_indicators:calculate_sma:157 | 计算 250 日简单移动平均线完成
2026-05-04 13:09:00 | INFO     | src.indicators.technical_indicators:calculate_sma:157 | 计算 60 日简单移动平均线完成
2026-05-04 13:09:00 | INFO     | src.indicators.technical_indicators:calculate_sma:157 | 计算 120 日简单移动平均线完成
2026-05-04 13:09:00 | INFO     | src.indicators.technical_indicators:calculate_sma:157 | 计算 120 日简单移动平均线完成
2026-05-04 13:09:00 | INFO     | src.indicators.technical_indicators:calculate_sma:157 | 计算 120 日简单移动平均线完成
2026-05-04 13:09:00 | INFO     | src.indicators.technical_indicators:calculate_sma:157 | 计算 60 日简单移动平均线完成
2026-05-04 13:09:00 | INFO     | src.indicators.technical_indicators:calculate_sma:157 | 计算 60 日简单移动平均线完成
2026-05-04 13:09:00 | INFO     | src.indicators.technical_indicators:calculate_sma:157 | 计算 250 日简单移动平均线完成
2026-05-04 13:09:00 | INFO     | src.indicators.technical_indicators:calculate_ema:182 | 计算 12 日指数移动平均线完成
2026-05-04 13:09:00 | INFO     | src.indicators.technical_indicators:calculate_sma:157 | 计算 120 日简单移动平均线完成
2026-05-04 13:09:00 | INFO     | src.indicators.technical_indicators:calculate_sma:157 | 计算 250 日简单移动平均线完成
2026-05-04 13:09:00 | INFO     | src.indicators.technical_indicators:calculate_sma:157 | 计算 250 日简单移动平均线完成
2026-05-04 13:09:00 | INFO     | src.indicators.technical_indicators:calculate_sma:157 | 计算 250 日简单移动平均线完成
2026-05-04 13:09:00 | INFO     | src.indicators.technical_indicators:calculate_sma:157 | 计算 120 日简单移动平均线完成
2026-05-04 13:09:00 | INFO     | src.indicators.technical_indicators:calculate_sma:157 | 计算 120 日简单移动平均线完成
2026-05-04 13:09:00 | INFO     | src.indicators.technical_indicators:calculate_ema:182 | 计算 12 日指数移动平均线完成
2026-05-04 13:09:00 | INFO     | src.indicators.technical_indicators:calculate_ema:182 | 计算 26 日指数移动平均线完成
2026-05-04 13:09:00 | INFO     | src.indicators.technical_indicators:calculate_sma:157 | 计算 250 日简单移动平均线完成
2026-05-04 13:09:00 | INFO     | src.indicators.technical_indicators:calculate_ema:182 | 计算 12 日指数移动平均线完成
2026-05-04 13:09:00 | INFO     | src.indicators.technical_indicators:calculate_ema:182 | 计算 12 日指数移动平均线完成
2026-05-04 13:09:00 | INFO     | src.indicators.technical_indicators:calculate_ema:182 | 计算 12 日指数移动平均线完成
2026-05-04 13:09:00 | INFO     | src.indicators.technical_indicators:calculate_sma:157 | 计算 250 日简单移动平均线完成
2026-05-04 13:09:00 | INFO     | src.indicators.technical_indicators:calculate_sma:157 | 计算 250 日简单移动平均线完成
2026-05-04 13:09:00 | INFO     | src.indicators.technical_indicators:calculate_ema:182 | 计算 26 日指数移动平均线完成
2026-05-04 13:09:00 | INFO     | src.indicators.technical_indicators:calculate_rsi:221 | 计算 6 日RSI完成
2026-05-04 13:09:00 | INFO     | src.indicators.technical_indicators:calculate_ema:182 | 计算 26 日指数移动平均线完成
2026-05-04 13:09:00 | INFO     | src.indicators.technical_indicators:calculate_ema:182 | 计算 12 日指数移动平均线完成
2026-05-04 13:09:00 | INFO     | src.indicators.technical_indicators:calculate_ema:182 | 计算 26 日指数移动平均线完成
2026-05-04 13:09:00 | INFO     | src.indicators.technical_indicators:calculate_ema:182 | 计算 26 日指数移动平均线完成
2026-05-04 13:09:00 | INFO     | src.indicators.technical_indicators:calculate_ema:182 | 计算 12 日指数移动平均线完成
2026-05-04 13:09:00 | INFO     | src.indicators.technical_indicators:calculate_ema:182 | 计算 12 日指数移动平均线完成
2026-05-04 13:09:00 | INFO     | src.indicators.technical_indicators:calculate_rsi:221 | 计算 6 日RSI完成
2026-05-04 13:09:00 | INFO     | src.indicators.technical_indicators:calculate_rsi:221 | 计算 12 日RSI完成
2026-05-04 13:09:00 | INFO     | src.indicators.technical_indicators:calculate_ema:182 | 计算 26 日指数移动平均线完成
2026-05-04 13:09:00 | INFO     | src.indicators.technical_indicators:calculate_rsi:221 | 计算 6 日RSI完成
2026-05-04 13:09:00 | INFO     | src.indicators.technical_indicators:calculate_ema:182 | 计算 26 日指数移动平均线完成
2026-05-04 13:09:00 | INFO     | src.indicators.technical_indicators:calculate_rsi:221 | 计算 6 日RSI完成
2026-05-04 13:09:00 | INFO     | src.indicators.technical_indicators:calculate_rsi:221 | 计算 6 日RSI完成
2026-05-04 13:09:00 | INFO     | src.indicators.technical_indicators:calculate_ema:182 | 计算 26 日指数移动平均线完成
2026-05-04 13:09:00 | INFO     | src.indicators.technical_indicators:calculate_rsi:221 | 计算 12 日RSI完成
2026-05-04 13:09:00 | INFO     | src.indicators.technical_indicators:calculate_rsi:221 | 计算 24 日RSI完成
2026-05-04 13:09:00 | INFO     | src.indicators.technical_indicators:calculate_rsi:221 | 计算 6 日RSI完成
2026-05-04 13:09:00 | INFO     | src.indicators.technical_indicators:calculate_rsi:221 | 计算 12 日RSI完成
2026-05-04 13:09:00 | INFO     | src.indicators.technical_indicators:calculate_rsi:221 | 计算 12 日RSI完成
2026-05-04 13:09:00 | INFO     | src.indicators.technical_indicators:calculate_rsi:221 | 计算 6 日RSI完成
2026-05-04 13:09:00 | INFO     | src.indicators.technical_indicators:calculate_rsi:221 | 计算 12 日RSI完成
2026-05-04 13:09:00 | INFO     | src.indicators.technical_indicators:calculate_rsi:221 | 计算 6 日RSI完成
2026-05-04 13:09:00 | INFO     | src.indicators.technical_indicators:calculate_rsi:221 | 计算 24 日RSI完成
2026-05-04 13:09:00 | INFO     | src.indicators.technical_indicators:calculate_macd:263 | 计算MACD完成：快线=12, 慢线=26, 信号线=9
2026-05-04 13:09:00 | INFO     | src.indicators.technical_indicators:calculate_rsi:221 | 计算 24 日RSI完成
2026-05-04 13:09:00 | INFO     | src.indicators.technical_indicators:calculate_rsi:221 | 计算 12 日RSI完成
2026-05-04 13:09:00 | INFO     | src.indicators.technical_indicators:calculate_rsi:221 | 计算 24 日RSI完成
2026-05-04 13:09:00 | INFO     | src.indicators.technical_indicators:calculate_rsi:221 | 计算 12 日RSI完成
2026-05-04 13:09:00 | INFO     | src.indicators.technical_indicators:calculate_rsi:221 | 计算 24 日RSI完成
2026-05-04 13:09:00 | INFO     | src.indicators.technical_indicators:calculate_rsi:221 | 计算 12 日RSI完成
2026-05-04 13:09:00 | INFO     | src.indicators.technical_indicators:calculate_macd:263 | 计算MACD完成：快线=12, 慢线=26, 信号线=9
2026-05-04 13:09:00 | INFO     | src.indicators.technical_indicators:calculate_macd:263 | 计算MACD完成：快线=12, 慢线=26, 信号线=12
2026-05-04 13:09:00 | INFO     | src.indicators.technical_indicators:calculate_macd:263 | 计算MACD完成：快线=12, 慢线=26, 信号线=9
2026-05-04 13:09:00 | INFO     | src.indicators.technical_indicators:calculate_rsi:221 | 计算 24 日RSI完成
2026-05-04 13:09:00 | INFO     | src.indicators.technical_indicators:calculate_macd:263 | 计算MACD完成：快线=12, 慢线=26, 信号线=9
2026-05-04 13:09:00 | INFO     | src.indicators.technical_indicators:calculate_rsi:221 | 计算 24 日RSI完成
2026-05-04 13:09:00 | INFO     | src.indicators.technical_indicators:calculate_macd:263 | 计算MACD完成：快线=12, 慢线=26, 信号线=9
2026-05-04 13:09:00 | INFO     | src.indicators.technical_indicators:calculate_rsi:221 | 计算 24 日RSI完成
2026-05-04 13:09:00 | INFO     | src.indicators.technical_indicators:calculate_boll:303 | 计算布林带完成：周期=20, 标准差倍数=2
2026-05-04 13:09:00 | INFO     | src.indicators.technical_indicators:calculate_macd:263 | 计算MACD完成：快线=12, 慢线=26, 信号线=12
2026-05-04 13:09:00 | INFO     | src.indicators.technical_indicators:calculate_macd:263 | 计算MACD完成：快线=12, 慢线=26, 信号线=12
2026-05-04 13:09:00 | INFO     | src.indicators.technical_indicators:calculate_macd:263 | 计算MACD完成：快线=12, 慢线=26, 信号线=9
2026-05-04 13:09:00 | INFO     | src.indicators.technical_indicators:calculate_macd:263 | 计算MACD完成：快线=12, 慢线=26, 信号线=12
2026-05-04 13:09:00 | INFO     | src.indicators.technical_indicators:calculate_macd:263 | 计算MACD完成：快线=12, 慢线=26, 信号线=9
2026-05-04 13:09:00 | INFO     | src.indicators.technical_indicators:calculate_macd:263 | 计算MACD完成：快线=12, 慢线=26, 信号线=9
2026-05-04 13:09:00 | INFO     | src.indicators.technical_indicators:calculate_kdj:350 | 计算KDJ完成：K周期=9, D周期=3, J周期=3
2026-05-04 13:09:00 | INFO     | src.indicators.technical_indicators:calculate_macd:263 | 计算MACD完成：快线=12, 慢线=26, 信号线=12
2026-05-04 13:09:00 | INFO     | src.indicators.technical_indicators:calculate_boll:303 | 计算布林带完成：周期=20, 标准差倍数=2
2026-05-04 13:09:00 | INFO     | src.indicators.technical_indicators:calculate_boll:303 | 计算布林带完成：周期=20, 标准差倍数=2
2026-05-04 13:09:00 | INFO     | src.indicators.technical_indicators:calculate_macd:263 | 计算MACD完成：快线=12, 慢线=26, 信号线=12
2026-05-04 13:09:00 | INFO     | src.indicators.technical_indicators:calculate_boll:303 | 计算布林带完成：周期=20, 标准差倍数=2
2026-05-04 13:09:00 | INFO     | src.indicators.technical_indicators:calculate_macd:263 | 计算MACD完成：快线=12, 慢线=26, 信号线=12
2026-05-04 13:09:00 | INFO     | src.indicators.technical_indicators:calculate_kdj:350 | 计算KDJ完成：K周期=10, D周期=3, J周期=3
2026-05-04 13:09:00 | INFO     | src.indicators.technical_indicators:calculate_macd:263 | 计算MACD完成：快线=12, 慢线=26, 信号线=12
2026-05-04 13:09:00 | INFO     | src.indicators.technical_indicators:calculate_boll:303 | 计算布林带完成：周期=20, 标准差倍数=2
2026-05-04 13:09:00 | INFO     | src.indicators.technical_indicators:calculate_kdj:350 | 计算KDJ完成：K周期=9, D周期=3, J周期=3
2026-05-04 13:09:00 | INFO     | src.indicators.technical_indicators:calculate_kdj:350 | 计算KDJ完成：K周期=9, D周期=3, J周期=3
2026-05-04 13:09:00 | INFO     | src.indicators.technical_indicators:calculate_boll:303 | 计算布林带完成：周期=20, 标准差倍数=2
2026-05-04 13:09:00 | INFO     | src.indicators.technical_indicators:calculate_kdj:350 | 计算KDJ完成：K周期=9, D周期=3, J周期=3
2026-05-04 13:09:00 | INFO     | src.indicators.technical_indicators:calculate_boll:303 | 计算布林带完成：周期=20, 标准差倍数=2
2026-05-04 13:09:00 | INFO     | src.indicators.technical_indicators:calculate_atr:385 | 计算 10 日ATR完成
2026-05-04 13:09:00 | INFO     | src.indicators.technical_indicators:calculate_boll:303 | 计算布林带完成：周期=20, 标准差倍数=2
2026-05-04 13:09:00 | INFO     | src.indicators.technical_indicators:calculate_kdj:350 | 计算KDJ完成：K周期=10, D周期=3, J周期=3
2026-05-04 13:09:00 | INFO     | src.indicators.technical_indicators:calculate_kdj:350 | 计算KDJ完成：K周期=10, D周期=3, J周期=3
2026-05-04 13:09:00 | INFO     | src.indicators.technical_indicators:calculate_kdj:350 | 计算KDJ完成：K周期=9, D周期=3, J周期=3
2026-05-04 13:09:00 | INFO     | src.indicators.technical_indicators:calculate_kdj:350 | 计算KDJ完成：K周期=9, D周期=3, J周期=3
2026-05-04 13:09:00 | INFO     | src.indicators.technical_indicators:calculate_kdj:350 | 计算KDJ完成：K周期=10, D周期=3, J周期=3
2026-05-04 13:09:00 | INFO     | src.indicators.technical_indicators:calculate_cci:446 | 计算 20 日CCI完成
2026-05-04 13:09:00 | INFO     | src.indicators.technical_indicators:calculate_kdj:350 | 计算KDJ完成：K周期=9, D周期=3, J周期=3
2026-05-04 13:09:00 | INFO     | src.indicators.technical_indicators:calculate_atr:385 | 计算 10 日ATR完成
2026-05-04 13:09:00 | INFO     | src.indicators.technical_indicators:calculate_atr:385 | 计算 10 日ATR完成
2026-05-04 13:09:00 | INFO     | src.indicators.technical_indicators:calculate_kdj:350 | 计算KDJ完成：K周期=9, D周期=3, J周期=3
2026-05-04 13:09:00 | INFO     | src.indicators.technical_indicators:calculate_kdj:350 | 计算KDJ完成：K周期=10, D周期=3, J周期=3
2026-05-04 13:09:00 | INFO     | src.indicators.technical_indicators:calculate_kdj:350 | 计算KDJ完成：K周期=10, D周期=3, J周期=3
2026-05-04 13:09:00 | INFO     | src.indicators.technical_indicators:calculate_atr:385 | 计算 10 日ATR完成
2026-05-04 13:09:00 | INFO     | src.indicators.technical_indicators:calculate_williams_r:476 | 计算 10 日威廉指标完成
2026-05-04 13:09:00 | INFO     | src.indicators.technical_indicators:calculate_kdj:350 | 计算KDJ完成：K周期=10, D周期=3, J周期=3
2026-05-04 13:09:00 | INFO     | src.indicators.technical_indicators:calculate_cci:446 | 计算 20 日CCI完成
2026-05-04 13:09:00 | INFO     | src.indicators.technical_indicators:calculate_cci:446 | 计算 20 日CCI完成
2026-05-04 13:09:00 | INFO     | src.indicators.technical_indicators:calculate_kdj:350 | 计算KDJ完成：K周期=10, D周期=3, J周期=3
2026-05-04 13:09:00 | INFO     | src.indicators.technical_indicators:calculate_atr:385 | 计算 10 日ATR完成
2026-05-04 13:09:00 | INFO     | src.indicators.technical_indicators:calculate_ma:133 | 计算 5 日移动平均线完成
2026-05-04 13:09:00 | INFO     | src.indicators.technical_indicators:calculate_atr:385 | 计算 10 日ATR完成
2026-05-04 13:09:00 | INFO     | src.indicators.technical_indicators:calculate_cci:446 | 计算 20 日CCI完成
2026-05-04 13:09:00 | INFO     | src.indicators.technical_indicators:calculate_atr:385 | 计算 10 日ATR完成
2026-05-04 13:09:00 | INFO     | src.indicators.technical_indicators:calculate_williams_r:476 | 计算 10 日威廉指标完成
2026-05-04 13:09:00 | INFO     | src.indicators.technical_indicators:calculate_williams_r:476 | 计算 10 日威廉指标完成
2026-05-04 13:09:00 | INFO     | src.indicators.technical_indicators:calculate_atr:385 | 计算 10 日ATR完成
2026-05-04 13:09:00 | INFO     | src.indicators.technical_indicators:calculate_bias:500 | 计算 5 日乖离率完成
2026-05-04 13:09:00 | INFO     | src.indicators.technical_indicators:calculate_cci:446 | 计算 20 日CCI完成
2026-05-04 13:09:00 | INFO     | src.indicators.technical_indicators:calculate_williams_r:476 | 计算 10 日威廉指标完成
2026-05-04 13:09:00 | INFO     | src.indicators.technical_indicators:calculate_cci:446 | 计算 20 日CCI完成
2026-05-04 13:09:00 | INFO     | src.indicators.technical_indicators:calculate_ma:133 | 计算 5 日移动平均线完成
2026-05-04 13:09:00 | INFO     | src.indicators.technical_indicators:calculate_ma:133 | 计算 5 日移动平均线完成
2026-05-04 13:09:00 | INFO     | src.indicators.technical_indicators:calculate_cci:446 | 计算 20 日CCI完成
2026-05-04 13:09:00 | INFO     | src.indicators.technical_indicators:calculate_ma:133 | 计算 10 日移动平均线完成
2026-05-04 13:09:00 | INFO     | src.indicators.technical_indicators:calculate_williams_r:476 | 计算 10 日威廉指标完成
2026-05-04 13:09:01 | INFO     | src.indicators.technical_indicators:calculate_ma:133 | 计算 5 日移动平均线完成
2026-05-04 13:09:01 | INFO     | src.indicators.technical_indicators:calculate_cci:446 | 计算 20 日CCI完成
2026-05-04 13:09:01 | INFO     | src.indicators.technical_indicators:calculate_williams_r:476 | 计算 10 日威廉指标完成
2026-05-04 13:09:01 | INFO     | src.indicators.technical_indicators:calculate_bias:500 | 计算 5 日乖离率完成
2026-05-04 13:09:01 | INFO     | src.indicators.technical_indicators:calculate_bias:500 | 计算 5 日乖离率完成
2026-05-04 13:09:01 | INFO     | src.indicators.technical_indicators:calculate_williams_r:476 | 计算 10 日威廉指标完成
2026-05-04 13:09:01 | INFO     | src.indicators.technical_indicators:calculate_bias:500 | 计算 10 日乖离率完成
2026-05-04 13:09:01 | INFO     | src.indicators.technical_indicators:calculate_ma:133 | 计算 5 日移动平均线完成
2026-05-04 13:09:01 | INFO     | src.indicators.technical_indicators:calculate_bias:500 | 计算 5 日乖离率完成
2026-05-04 13:09:01 | INFO     | src.indicators.technical_indicators:calculate_williams_r:476 | 计算 10 日威廉指标完成
2026-05-04 13:09:01 | INFO     | src.indicators.technical_indicators:calculate_ma:133 | 计算 5 日移动平均线完成
2026-05-04 13:09:01 | INFO     | src.indicators.technical_indicators:calculate_ma:133 | 计算 10 日移动平均线完成
2026-05-04 13:09:01 | INFO     | src.indicators.technical_indicators:calculate_ma:133 | 计算 10 日移动平均线完成
2026-05-04 13:09:01 | INFO     | src.indicators.technical_indicators:calculate_ma:133 | 计算 5 日移动平均线完成
2026-05-04 13:09:01 | INFO     | src.indicators.technical_indicators:calculate_ma:133 | 计算 20 日移动平均线完成
2026-05-04 13:09:01 | INFO     | src.indicators.technical_indicators:calculate_bias:500 | 计算 5 日乖离率完成
2026-05-04 13:09:01 | INFO     | src.indicators.technical_indicators:calculate_ma:133 | 计算 10 日移动平均线完成
2026-05-04 13:09:01 | INFO     | src.indicators.technical_indicators:calculate_ma:133 | 计算 5 日移动平均线完成
2026-05-04 13:09:01 | INFO     | src.indicators.technical_indicators:calculate_bias:500 | 计算 5 日乖离率完成
2026-05-04 13:09:01 | INFO     | src.indicators.technical_indicators:calculate_bias:500 | 计算 10 日乖离率完成
2026-05-04 13:09:01 | INFO     | src.indicators.technical_indicators:calculate_bias:500 | 计算 10 日乖离率完成
2026-05-04 13:09:01 | INFO     | src.indicators.technical_indicators:calculate_bias:500 | 计算 5 日乖离率完成
2026-05-04 13:09:01 | INFO     | src.indicators.technical_indicators:calculate_bias:500 | 计算 20 日乖离率完成
2026-05-04 13:09:01 | INFO     | src.indicators.technical_indicators:calculate_ma:133 | 计算 10 日移动平均线完成
2026-05-04 13:09:01 | INFO     | src.indicators.technical_indicators:calculate_bias:500 | 计算 10 日乖离率完成
2026-05-04 13:09:01 | INFO     | src.indicators.technical_indicators:calculate_bias:500 | 计算 5 日乖离率完成
2026-05-04 13:09:01 | INFO     | src.indicators.technical_indicators:calculate_ma:133 | 计算 20 日移动平均线完成
2026-05-04 13:09:01 | INFO     | src.indicators.technical_indicators:calculate_ma:133 | 计算 10 日移动平均线完成
2026-05-04 13:09:01 | INFO     | src.indicators.technical_indicators:calculate_ma:133 | 计算 20 日移动平均线完成
2026-05-04 13:09:01 | INFO     | src.indicators.technical_indicators:calculate_ma:133 | 计算 10 日移动平均线完成
2026-05-04 13:09:01 | INFO     | src.indicators.technical_indicators:calculate_ma:133 | 计算 30 日移动平均线完成
2026-05-04 13:09:01 | INFO     | src.indicators.technical_indicators:calculate_bias:500 | 计算 10 日乖离率完成
2026-05-04 13:09:01 | INFO     | src.indicators.technical_indicators:calculate_ma:133 | 计算 20 日移动平均线完成
2026-05-04 13:09:01 | INFO     | src.indicators.technical_indicators:calculate_ma:133 | 计算 10 日移动平均线完成
2026-05-04 13:09:01 | INFO     | src.indicators.technical_indicators:calculate_bias:500 | 计算 20 日乖离率完成
2026-05-04 13:09:01 | INFO     | src.indicators.technical_indicators:calculate_bias:500 | 计算 10 日乖离率完成
2026-05-04 13:09:01 | INFO     | src.indicators.technical_indicators:calculate_bias:500 | 计算 20 日乖离率完成
2026-05-04 13:09:01 | INFO     | src.indicators.technical_indicators:calculate_bias:500 | 计算 10 日乖离率完成
2026-05-04 13:09:01 | INFO     | src.indicators.technical_indicators:calculate_bias:500 | 计算 30 日乖离率完成
2026-05-04 13:09:01 | INFO     | src.indicators.technical_indicators:calculate_ma:133 | 计算 20 日移动平均线完成
2026-05-04 13:09:01 | INFO     | src.indicators.technical_indicators:calculate_bias:500 | 计算 20 日乖离率完成
2026-05-04 13:09:01 | INFO     | src.indicators.technical_indicators:calculate_bias:500 | 计算 10 日乖离率完成
2026-05-04 13:09:01 | INFO     | src.indicators.technical_indicators:calculate_ma:133 | 计算 30 日移动平均线完成
2026-05-04 13:09:01 | INFO     | src.indicators.technical_indicators:calculate_ma:133 | 计算 20 日移动平均线完成
2026-05-04 13:09:01 | INFO     | src.indicators.technical_indicators:calculate_ma:133 | 计算 30 日移动平均线完成
2026-05-04 13:09:01 | INFO     | src.indicators.technical_indicators:calculate_ma:133 | 计算 60 日移动平均线完成
2026-05-04 13:09:01 | INFO     | src.indicators.technical_indicators:calculate_ma:133 | 计算 20 日移动平均线完成
2026-05-04 13:09:01 | INFO     | src.indicators.technical_indicators:calculate_bias:500 | 计算 20 日乖离率完成
2026-05-04 13:09:01 | INFO     | src.indicators.technical_indicators:calculate_ma:133 | 计算 30 日移动平均线完成
2026-05-04 13:09:01 | INFO     | src.indicators.technical_indicators:calculate_ma:133 | 计算 20 日移动平均线完成
2026-05-04 13:09:01 | INFO     | src.indicators.technical_indicators:calculate_bias:500 | 计算 30 日乖离率完成
2026-05-04 13:09:01 | INFO     | src.indicators.technical_indicators:calculate_bias:500 | 计算 20 日乖离率完成
2026-05-04 13:09:01 | INFO     | src.indicators.technical_indicators:calculate_bias:500 | 计算 30 日乖离率完成
2026-05-04 13:09:01 | INFO     | src.indicators.technical_indicators:calculate_bias:500 | 计算 60 日乖离率完成
2026-05-04 13:09:01 | INFO     | src.indicators.technical_indicators:calculate_bias:500 | 计算 20 日乖离率完成
2026-05-04 13:09:01 | INFO     | src.indicators.technical_indicators:calculate_ma:133 | 计算 30 日移动平均线完成
2026-05-04 13:09:01 | INFO     | src.indicators.technical_indicators:calculate_bias:500 | 计算 30 日乖离率完成
2026-05-04 13:09:01 | INFO     | src.indicators.technical_indicators:calculate_bias:500 | 计算 20 日乖离率完成
2026-05-04 13:09:01 | INFO     | src.indicators.technical_indicators:calculate_ma:133 | 计算 60 日移动平均线完成
2026-05-04 13:09:01 | INFO     | src.indicators.technical_indicators:calculate_ma:133 | 计算 30 日移动平均线完成
2026-05-04 13:09:01 | INFO     | src.indicators.technical_indicators:calculate_ma:133 | 计算 60 日移动平均线完成
2026-05-04 13:09:01 | INFO     | src.indicators.technical_indicators:calculate_ma:133 | 计算 120 日移动平均线完成
2026-05-04 13:09:01 | INFO     | src.indicators.technical_indicators:calculate_ma:133 | 计算 30 日移动平均线完成
2026-05-04 13:09:01 | INFO     | src.indicators.technical_indicators:calculate_bias:500 | 计算 30 日乖离率完成
2026-05-04 13:09:01 | INFO     | src.indicators.technical_indicators:calculate_ma:133 | 计算 60 日移动平均线完成
2026-05-04 13:09:01 | INFO     | src.indicators.technical_indicators:calculate_ma:133 | 计算 30 日移动平均线完成
2026-05-04 13:09:01 | INFO     | src.indicators.technical_indicators:calculate_bias:500 | 计算 60 日乖离率完成
2026-05-04 13:09:01 | INFO     | src.indicators.technical_indicators:calculate_bias:500 | 计算 30 日乖离率完成
2026-05-04 13:09:01 | INFO     | src.indicators.technical_indicators:calculate_bias:500 | 计算 60 日乖离率完成
2026-05-04 13:09:01 | INFO     | src.indicators.technical_indicators:calculate_bias:500 | 计算 120 日乖离率完成
2026-05-04 13:09:01 | INFO     | src.indicators.technical_indicators:calculate_bias:500 | 计算 30 日乖离率完成
2026-05-04 13:09:01 | INFO     | src.indicators.technical_indicators:calculate_ma:133 | 计算 60 日移动平均线完成
2026-05-04 13:09:01 | INFO     | src.indicators.technical_indicators:calculate_bias:500 | 计算 60 日乖离率完成
2026-05-04 13:09:01 | INFO     | src.indicators.technical_indicators:calculate_bias:500 | 计算 30 日乖离率完成
2026-05-04 13:09:01 | INFO     | src.indicators.technical_indicators:calculate_ma:133 | 计算 120 日移动平均线完成
2026-05-04 13:09:01 | INFO     | src.indicators.technical_indicators:calculate_ma:133 | 计算 60 日移动平均线完成
2026-05-04 13:09:01 | INFO     | src.indicators.technical_indicators:calculate_ma:133 | 计算 120 日移动平均线完成
2026-05-04 13:09:01 | INFO     | src.indicators.technical_indicators:calculate_bias:500 | 计算 60 日乖离率完成
2026-05-04 13:09:01 | INFO     | src.indicators.technical_indicators:calculate_ma:133 | 计算 60 日移动平均线完成
2026-05-04 13:09:01 | INFO     | src.indicators.technical_indicators:calculate_ma:133 | 计算 250 日移动平均线完成
2026-05-04 13:09:01 | INFO     | src.indicators.technical_indicators:calculate_ma:133 | 计算 120 日移动平均线完成
2026-05-04 13:09:01 | INFO     | src.indicators.technical_indicators:calculate_ma:133 | 计算 60 日移动平均线完成
2026-05-04 13:09:01 | INFO     | src.indicators.technical_indicators:calculate_bias:500 | 计算 120 日乖离率完成
2026-05-04 13:09:01 | INFO     | src.indicators.technical_indicators:calculate_bias:500 | 计算 60 日乖离率完成
2026-05-04 13:09:01 | INFO     | src.indicators.technical_indicators:calculate_bias:500 | 计算 120 日乖离率完成
2026-05-04 13:09:01 | INFO     | src.indicators.technical_indicators:calculate_ma:133 | 计算 120 日移动平均线完成
2026-05-04 13:09:01 | INFO     | src.indicators.technical_indicators:calculate_bias:500 | 计算 60 日乖离率完成
2026-05-04 13:09:01 | INFO     | src.indicators.technical_indicators:calculate_bias:500 | 计算 250 日乖离率完成
2026-05-04 13:09:01 | INFO     | src.indicators.technical_indicators:calculate_bias:500 | 计算 120 日乖离率完成
2026-05-04 13:09:01 | INFO     | src.indicators.technical_indicators:calculate_bias:500 | 计算 60 日乖离率完成
2026-05-04 13:09:01 | INFO     | src.indicators.technical_indicators:calculate_ma:133 | 计算 250 日移动平均线完成
2026-05-04 13:09:01 | INFO     | src.indicators.technical_indicators:calculate_ma:133 | 计算 120 日移动平均线完成
2026-05-04 13:09:01 | INFO     | src.indicators.technical_indicators:calculate_bias:500 | 计算 120 日乖离率完成
2026-05-04 13:09:01 | INFO     | src.indicators.technical_indicators:calculate_ma:133 | 计算 250 日移动平均线完成
2026-05-04 13:09:01 | INFO     | src.indicators.technical_indicators:calculate_psy:523 | 计算 10 日心理线完成
2026-05-04 13:09:01 | INFO     | src.indicators.technical_indicators:calculate_ma:133 | 计算 120 日移动平均线完成
2026-05-04 13:09:01 | INFO     | src.indicators.technical_indicators:calculate_ma:133 | 计算 250 日移动平均线完成
2026-05-04 13:09:01 | INFO     | src.indicators.technical_indicators:calculate_ma:133 | 计算 120 日移动平均线完成
2026-05-04 13:09:01 | INFO     | src.indicators.technical_indicators:calculate_bias:500 | 计算 250 日乖离率完成
2026-05-04 13:09:01 | INFO     | src.indicators.technical_indicators:calculate_bias:500 | 计算 120 日乖离率完成
2026-05-04 13:09:01 | INFO     | src.indicators.technical_indicators:calculate_bias:500 | 计算 250 日乖离率完成
2026-05-04 13:09:01 | INFO     | src.indicators.technical_indicators:calculate_ma:133 | 计算 250 日移动平均线完成
2026-05-04 13:09:01 | INFO     | src.indicators.technical_indicators:calculate_all:640 | 完成计算 45 个技术指标
2026-05-04 13:09:01 | INFO     | src.indicators.technical_indicators:calculate_bias:500 | 计算 120 日乖离率完成
2026-05-04 13:09:01 | INFO     | src.indicators.technical_indicators:calculate_bias:500 | 计算 250 日乖离率完成
2026-05-04 13:09:01 | INFO     | src.indicators.technical_indicators:calculate_bias:500 | 计算 120 日乖离率完成
2026-05-04 13:09:01 | INFO     | src.indicators.technical_indicators:calculate_psy:523 | 计算 10 日心理线完成
2026-05-04 13:09:01 | INFO     | src.indicators.technical_indicators:calculate_ma:133 | 计算 250 日移动平均线完成
2026-05-04 13:09:01 | INFO     | src.indicators.technical_indicators:calculate_psy:523 | 计算 10 日心理线完成
2026-05-04 13:09:01 | INFO     | src.indicators.technical_indicators:calculate_bias:500 | 计算 250 日乖离率完成
2026-05-04 13:09:01 | INFO     | src.core.data_fetcher:save_data:432 | 保存数据到 csv 文件: 301662_with_indicators
2026-05-04 13:09:01 | INFO     | src.indicators.technical_indicators:calculate_ma:133 | 计算 250 日移动平均线完成
2026-05-04 13:09:01 | INFO     | src.indicators.technical_indicators:calculate_psy:523 | 计算 10 日心理线完成
2026-05-04 13:09:01 | INFO     | src.indicators.technical_indicators:calculate_ma:133 | 计算 250 日移动平均线完成
2026-05-04 13:09:01 | INFO     | src.indicators.technical_indicators:calculate_all:640 | 完成计算 45 个技术指标
2026-05-04 13:09:01 | INFO     | src.indicators.technical_indicators:calculate_bias:500 | 计算 250 日乖离率完成
2026-05-04 13:09:01 | INFO     | src.indicators.technical_indicators:calculate_all:640 | 完成计算 45 个技术指标
2026-05-04 13:09:01 | INFO     | src.indicators.technical_indicators:calculate_psy:523 | 计算 10 日心理线完成
2026-05-04 13:09:01 | INFO     | src.indicators.technical_indicators:calculate_bias:500 | 计算 250 日乖离率完成
2026-05-04 13:09:01 | INFO     | src.indicators.technical_indicators:calculate_all:640 | 完成计算 45 个技术指标
2026-05-04 13:09:01 | INFO     | src.indicators.technical_indicators:calculate_bias:500 | 计算 250 日乖离率完成
2026-05-04 13:09:01 | INFO     | src.indicators.technical_indicators:calculate_psy:523 | 计算 10 日心理线完成
2026-05-04 13:09:01 | INFO     | src.indicators.technical_indicators:calculate_all:640 | 完成计算 45 个技术指标
2026-05-04 13:09:01 | INFO     | src.core.data_fetcher:save_data:452 | 数据保存成功: ./data\301662_with_indicators.csv
2026-05-04 13:09:01 | INFO     | src.indicators.technical_indicators:calculate_psy:523 | 计算 10 日心理线完成
2026-05-04 13:09:01 | INFO     | src.indicators.technical_indicators:calculate_psy:523 | 计算 10 日心理线完成
2026-05-04 13:09:01 | INFO     | src.indicators.technical_indicators:calculate_all:640 | 完成计算 45 个技术指标
2026-05-04 13:09:01 | INFO     | src.workflow.base:calculate_signals:206 | 对股票 301662 进行信号判断
2026-05-04 13:09:01 | INFO     | src.core.data_fetcher:save_data:432 | 保存数据到 csv 文件: 301150_with_indicators
2026-05-04 13:09:01 | INFO     | src.indicators.technical_indicators:calculate_all:640 | 完成计算 45 个技术指标
2026-05-04 13:09:01 | INFO     | src.indicators.technical_indicators:calculate_all:640 | 完成计算 45 个技术指标
2026-05-04 13:09:01 | WARNING  | src.analysis.signal_judgment:get_signals:666 | 未配置成交量周期，跳过成交量信号检查
2026-05-04 13:09:01 | INFO     | src.core.data_fetcher:save_data:432 | 保存数据到 csv 文件: 688147_with_indicators
2026-05-04 13:09:01 | INFO     | src.core.data_fetcher:save_data:432 | 保存数据到 csv 文件: 688778_with_indicators
2026-05-04 13:09:01 | INFO     | src.core.data_fetcher:save_data:432 | 保存数据到 csv 文件: 688155_with_indicators
2026-05-04 13:09:01 | INFO     | src.core.data_fetcher:save_data:432 | 保存数据到 csv 文件: 301662_signals
2026-05-04 13:09:01 | INFO     | src.core.data_fetcher:save_data:432 | 保存数据到 csv 文件: 603663_with_indicators
2026-05-04 13:09:01 | INFO     | src.core.data_fetcher:save_data:432 | 保存数据到 csv 文件: 300450_with_indicators
2026-05-04 13:09:01 | INFO     | src.core.data_fetcher:save_data:432 | 保存数据到 csv 文件: 002203_with_indicators
2026-05-04 13:09:01 | INFO     | src.core.data_fetcher:save_data:452 | 数据保存成功: ./data\301662_signals.csv
2026-05-04 13:09:01 | INFO     | src.workflow.technical:_process_single_stock:45 |   股票 301662 信号判断完成: 持有 (得分: -0.134)
2026-05-04 13:09:01 | INFO     | src.workflow.base:calculate_technical_indicators:170 | 计算股票 300285 的技术指标
2026-05-04 13:09:01 | INFO     | src.indicators.technical_indicators:calculate_ma:133 | 计算 5 日移动平均线完成
2026-05-04 13:09:01 | INFO     | src.indicators.technical_indicators:calculate_ma:133 | 计算 10 日移动平均线完成
2026-05-04 13:09:01 | INFO     | src.indicators.technical_indicators:calculate_ma:133 | 计算 20 日移动平均线完成
2026-05-04 13:09:01 | INFO     | src.indicators.technical_indicators:calculate_ma:133 | 计算 30 日移动平均线完成
2026-05-04 13:09:01 | INFO     | src.indicators.technical_indicators:calculate_ma:133 | 计算 60 日移动平均线完成
2026-05-04 13:09:01 | INFO     | src.indicators.technical_indicators:calculate_ma:133 | 计算 120 日移动平均线完成
2026-05-04 13:09:01 | ERROR    | src.utils.concurrency:process_batch:73 | 处理 ('301662',              日期      开盘      收盘      最高      最低       成交量
0    2025-04-17   72.20   70.51   83.80   70.36  127904.0
1    2025-04-18   67.00   67.33   74.33   66.00   81649.0
2    2025-04-21   68.00   63.18   68.01   62.80   72064.0
3    2025-04-22   62.39   63.17   65.48   61.98   53211.0
4    2025-04-23   64.55   61.21   65.33   61.00   53031.0
..          ...     ...     ...     ...     ...       ...
247  2026-04-24  155.73  155.83  157.99  151.87   16831.0
248  2026-04-27  152.00  157.00  159.31  147.40   21521.0
249  2026-04-28  155.87  154.00  157.79  153.06   12625.0
250  2026-04-29  160.00  173.50  178.00  158.10   39399.0
251  2026-04-30  177.00  182.26  182.30  171.88   35958.0

[252 rows x 6 columns]) 时出错: unhashable type: 'DataFrame'
2026-05-04 13:09:01 | INFO     | src.indicators.technical_indicators:calculate_ma:133 | 计算 250 日移动平均线完成
2026-05-04 13:09:01 | INFO     | src.indicators.technical_indicators:calculate_sma:157 | 计算 5 日简单移动平均线完成
2026-05-04 13:09:01 | INFO     | src.indicators.technical_indicators:calculate_sma:157 | 计算 10 日简单移动平均线完成
2026-05-04 13:09:01 | INFO     | src.indicators.technical_indicators:calculate_sma:157 | 计算 20 日简单移动平均线完成
2026-05-04 13:09:01 | INFO     | src.indicators.technical_indicators:calculate_sma:157 | 计算 30 日简单移动平均线完成
2026-05-04 13:09:01 | INFO     | src.indicators.technical_indicators:calculate_sma:157 | 计算 60 日简单移动平均线完成
2026-05-04 13:09:01 | INFO     | src.indicators.technical_indicators:calculate_sma:157 | 计算 120 日简单移动平均线完成
2026-05-04 13:09:01 | INFO     | src.indicators.technical_indicators:calculate_sma:157 | 计算 250 日简单移动平均线完成
2026-05-04 13:09:01 | INFO     | src.indicators.technical_indicators:calculate_ema:182 | 计算 12 日指数移动平均线完成
2026-05-04 13:09:01 | INFO     | src.indicators.technical_indicators:calculate_ema:182 | 计算 26 日指数移动平均线完成
2026-05-04 13:09:01 | INFO     | src.indicators.technical_indicators:calculate_rsi:221 | 计算 6 日RSI完成
2026-05-04 13:09:01 | INFO     | src.indicators.technical_indicators:calculate_rsi:221 | 计算 12 日RSI完成
2026-05-04 13:09:01 | INFO     | src.indicators.technical_indicators:calculate_rsi:221 | 计算 24 日RSI完成
2026-05-04 13:09:01 | INFO     | src.indicators.technical_indicators:calculate_macd:263 | 计算MACD完成：快线=12, 慢线=26, 信号线=9
2026-05-04 13:09:01 | INFO     | src.core.data_fetcher:save_data:452 | 数据保存成功: ./data\688147_with_indicators.csv
2026-05-04 13:09:01 | INFO     | src.core.data_fetcher:save_data:452 | 数据保存成功: ./data\301150_with_indicators.csv
2026-05-04 13:09:01 | INFO     | src.indicators.technical_indicators:calculate_macd:263 | 计算MACD完成：快线=12, 慢线=26, 信号线=12
2026-05-04 13:09:01 | INFO     | src.workflow.base:calculate_signals:206 | 对股票 688147 进行信号判断
2026-05-04 13:09:01 | INFO     | src.workflow.base:calculate_signals:206 | 对股票 301150 进行信号判断
2026-05-04 13:09:01 | INFO     | src.indicators.technical_indicators:calculate_boll:303 | 计算布林带完成：周期=20, 标准差倍数=2
2026-05-04 13:09:01 | WARNING  | src.analysis.signal_judgment:get_signals:666 | 未配置成交量周期，跳过成交量信号检查
2026-05-04 13:09:01 | WARNING  | src.analysis.signal_judgment:get_signals:666 | 未配置成交量周期，跳过成交量信号检查
2026-05-04 13:09:01 | INFO     | src.core.data_fetcher:save_data:432 | 保存数据到 csv 文件: 688147_signals
2026-05-04 13:09:01 | INFO     | src.indicators.technical_indicators:calculate_kdj:350 | 计算KDJ完成：K周期=9, D周期=3, J周期=3
2026-05-04 13:09:01 | INFO     | src.core.data_fetcher:save_data:432 | 保存数据到 csv 文件: 301150_signals
2026-05-04 13:09:01 | INFO     | src.core.data_fetcher:save_data:452 | 数据保存成功: ./data\688778_with_indicators.csv
2026-05-04 13:09:01 | INFO     | src.core.data_fetcher:save_data:452 | 数据保存成功: ./data\688147_signals.csv
2026-05-04 13:09:01 | INFO     | src.workflow.base:calculate_signals:206 | 对股票 688778 进行信号判断
2026-05-04 13:09:01 | INFO     | src.workflow.technical:_process_single_stock:45 |   股票 688147 信号判断完成: 卖出 (得分: -0.224)
2026-05-04 13:09:01 | INFO     | src.indicators.technical_indicators:calculate_kdj:350 | 计算KDJ完成：K周期=10, D周期=3, J周期=3
2026-05-04 13:09:01 | INFO     | src.workflow.base:calculate_technical_indicators:170 | 计算股票 002846 的技术指标
2026-05-04 13:09:01 | INFO     | src.core.data_fetcher:save_data:452 | 数据保存成功: ./data\301150_signals.csv
2026-05-04 13:09:01 | INFO     | src.indicators.technical_indicators:calculate_ma:133 | 计算 5 日移动平均线完成
2026-05-04 13:09:01 | INFO     | src.workflow.technical:_process_single_stock:45 |   股票 301150 信号判断完成: 持有 (得分: -0.120)
2026-05-04 13:09:01 | WARNING  | src.analysis.signal_judgment:get_signals:666 | 未配置成交量周期，跳过成交量信号检查
2026-05-04 13:09:01 | INFO     | src.indicators.technical_indicators:calculate_atr:385 | 计算 10 日ATR完成
2026-05-04 13:09:01 | INFO     | src.indicators.technical_indicators:calculate_ma:133 | 计算 10 日移动平均线完成
2026-05-04 13:09:01 | INFO     | src.core.data_fetcher:save_data:432 | 保存数据到 csv 文件: 688778_signals
2026-05-04 13:09:01 | INFO     | src.core.data_fetcher:save_data:452 | 数据保存成功: ./data\688155_with_indicators.csv
2026-05-04 13:09:01 | INFO     | src.indicators.technical_indicators:calculate_ma:133 | 计算 20 日移动平均线完成
2026-05-04 13:09:01 | INFO     | src.indicators.technical_indicators:calculate_cci:446 | 计算 20 日CCI完成
2026-05-04 13:09:01 | INFO     | src.core.data_fetcher:save_data:452 | 数据保存成功: ./data\688778_signals.csv
2026-05-04 13:09:01 | INFO     | src.workflow.base:calculate_signals:206 | 对股票 688155 进行信号判断
2026-05-04 13:09:01 | INFO     | src.indicators.technical_indicators:calculate_ma:133 | 计算 30 日移动平均线完成
2026-05-04 13:09:01 | INFO     | src.core.data_fetcher:save_data:452 | 数据保存成功: ./data\002203_with_indicators.csv
2026-05-04 13:09:01 | INFO     | src.indicators.technical_indicators:calculate_williams_r:476 | 计算 10 日威廉指标完成
2026-05-04 13:09:01 | INFO     | src.workflow.technical:_process_single_stock:45 |   股票 688778 信号判断完成: 持有 (得分: 0.000)
2026-05-04 13:09:01 | INFO     | src.core.data_fetcher:save_data:452 | 数据保存成功: ./data\603663_with_indicators.csv
2026-05-04 13:09:01 | INFO     | src.indicators.technical_indicators:calculate_ma:133 | 计算 60 日移动平均线完成
2026-05-04 13:09:01 | INFO     | src.workflow.base:calculate_signals:206 | 对股票 002203 进行信号判断
2026-05-04 13:09:01 | WARNING  | src.analysis.signal_judgment:get_signals:666 | 未配置成交量周期，跳过成交量信号检查
2026-05-04 13:09:01 | INFO     | src.indicators.technical_indicators:calculate_ma:133 | 计算 5 日移动平均线完成
2026-05-04 13:09:01 | INFO     | src.workflow.base:calculate_signals:206 | 对股票 603663 进行信号判断
2026-05-04 13:09:01 | INFO     | src.core.data_fetcher:save_data:452 | 数据保存成功: ./data\300450_with_indicators.csv
2026-05-04 13:09:01 | INFO     | src.indicators.technical_indicators:calculate_ma:133 | 计算 120 日移动平均线完成
2026-05-04 13:09:01 | INFO     | src.core.data_fetcher:save_data:432 | 保存数据到 csv 文件: 688155_signals
2026-05-04 13:09:01 | INFO     | src.indicators.technical_indicators:calculate_bias:500 | 计算 5 日乖离率完成
2026-05-04 13:09:01 | WARNING  | src.analysis.signal_judgment:get_signals:666 | 未配置成交量周期，跳过成交量信号检查
2026-05-04 13:09:01 | INFO     | src.workflow.base:calculate_signals:206 | 对股票 300450 进行信号判断
2026-05-04 13:09:01 | WARNING  | src.analysis.signal_judgment:get_signals:666 | 未配置成交量周期，跳过成交量信号检查
2026-05-04 13:09:01 | INFO     | src.indicators.technical_indicators:calculate_ma:133 | 计算 250 日移动平均线完成
2026-05-04 13:09:01 | INFO     | src.indicators.technical_indicators:calculate_ma:133 | 计算 10 日移动平均线完成
2026-05-04 13:09:01 | INFO     | src.core.data_fetcher:save_data:432 | 保存数据到 csv 文件: 002203_signals
2026-05-04 13:09:01 | INFO     | src.core.data_fetcher:save_data:432 | 保存数据到 csv 文件: 603663_signals
2026-05-04 13:09:01 | WARNING  | src.analysis.signal_judgment:get_signals:666 | 未配置成交量周期，跳过成交量信号检查
2026-05-04 13:09:01 | INFO     | src.indicators.technical_indicators:calculate_sma:157 | 计算 5 日简单移动平均线完成
2026-05-04 13:09:01 | INFO     | src.indicators.technical_indicators:calculate_bias:500 | 计算 10 日乖离率完成
2026-05-04 13:09:01 | INFO     | src.core.data_fetcher:save_data:432 | 保存数据到 csv 文件: 300450_signals
2026-05-04 13:09:01 | INFO     | src.indicators.technical_indicators:calculate_sma:157 | 计算 10 日简单移动平均线完成
2026-05-04 13:09:01 | INFO     | src.indicators.technical_indicators:calculate_ma:133 | 计算 20 日移动平均线完成
2026-05-04 13:09:01 | INFO     | src.core.data_fetcher:save_data:452 | 数据保存成功: ./data\688155_signals.csv
2026-05-04 13:09:01 | INFO     | src.indicators.technical_indicators:calculate_sma:157 | 计算 20 日简单移动平均线完成
2026-05-04 13:09:01 | INFO     | src.core.data_fetcher:save_data:452 | 数据保存成功: ./data\603663_signals.csv
2026-05-04 13:09:01 | INFO     | src.indicators.technical_indicators:calculate_bias:500 | 计算 20 日乖离率完成
2026-05-04 13:09:01 | INFO     | src.core.data_fetcher:save_data:452 | 数据保存成功: ./data\002203_signals.csv
2026-05-04 13:09:01 | INFO     | src.workflow.technical:_process_single_stock:45 |   股票 688155 信号判断完成: 持有 (得分: 0.130)
2026-05-04 13:09:01 | INFO     | src.core.data_fetcher:save_data:452 | 数据保存成功: ./data\300450_signals.csv
2026-05-04 13:09:01 | INFO     | src.indicators.technical_indicators:calculate_sma:157 | 计算 30 日简单移动平均线完成
2026-05-04 13:09:01 | INFO     | src.workflow.technical:_process_single_stock:45 |   股票 603663 信号判断完成: 持有 (得分: 0.058)
2026-05-04 13:09:01 | INFO     | src.indicators.technical_indicators:calculate_ma:133 | 计算 30 日移动平均线完成
2026-05-04 13:09:01 | INFO     | src.workflow.technical:_process_single_stock:45 |   股票 002203 信号判断完成: 持有 (得分: -0.004)
2026-05-04 13:09:01 | INFO     | src.workflow.technical:_process_single_stock:45 |   股票 300450 信号判断完成: 持有 (得分: 0.065)
2026-05-04 13:09:01 | INFO     | src.indicators.technical_indicators:calculate_sma:157 | 计算 60 日简单移动平均线完成
2026-05-04 13:09:01 | INFO     | src.indicators.technical_indicators:calculate_bias:500 | 计算 30 日乖离率完成
2026-05-04 13:09:01 | INFO     | src.indicators.technical_indicators:calculate_sma:157 | 计算 120 日简单移动平均线完成
2026-05-04 13:09:01 | INFO     | src.indicators.technical_indicators:calculate_ma:133 | 计算 60 日移动平均线完成
2026-05-04 13:09:01 | INFO     | src.indicators.technical_indicators:calculate_sma:157 | 计算 250 日简单移动平均线完成
2026-05-04 13:09:01 | INFO     | src.indicators.technical_indicators:calculate_bias:500 | 计算 60 日乖离率完成
2026-05-04 13:09:01 | INFO     | src.indicators.technical_indicators:calculate_ema:182 | 计算 12 日指数移动平均线完成
2026-05-04 13:09:01 | INFO     | src.indicators.technical_indicators:calculate_ma:133 | 计算 120 日移动平均线完成
2026-05-04 13:09:01 | INFO     | src.indicators.technical_indicators:calculate_ema:182 | 计算 26 日指数移动平均线完成
2026-05-04 13:09:01 | INFO     | src.indicators.technical_indicators:calculate_bias:500 | 计算 120 日乖离率完成
2026-05-04 13:09:01 | INFO     | src.indicators.technical_indicators:calculate_ma:133 | 计算 250 日移动平均线完成
2026-05-04 13:09:01 | INFO     | src.indicators.technical_indicators:calculate_bias:500 | 计算 250 日乖离率完成
2026-05-04 13:09:01 | INFO     | src.indicators.technical_indicators:calculate_rsi:221 | 计算 6 日RSI完成
2026-05-04 13:09:01 | INFO     | src.indicators.technical_indicators:calculate_psy:523 | 计算 10 日心理线完成
2026-05-04 13:09:01 | INFO     | src.indicators.technical_indicators:calculate_all:640 | 完成计算 45 个技术指标
2026-05-04 13:09:01 | INFO     | src.indicators.technical_indicators:calculate_rsi:221 | 计算 12 日RSI完成
2026-05-04 13:09:01 | INFO     | src.indicators.technical_indicators:calculate_rsi:221 | 计算 24 日RSI完成
2026-05-04 13:09:01 | INFO     | src.indicators.technical_indicators:calculate_macd:263 | 计算MACD完成：快线=12, 慢线=26, 信号线=9
2026-05-04 13:09:01 | INFO     | src.indicators.technical_indicators:calculate_macd:263 | 计算MACD完成：快线=12, 慢线=26, 信号线=12
2026-05-04 13:09:01 | INFO     | src.indicators.technical_indicators:calculate_boll:303 | 计算布林带完成：周期=20, 标准差倍数=2
2026-05-04 13:09:01 | INFO     | src.indicators.technical_indicators:calculate_kdj:350 | 计算KDJ完成：K周期=9, D周期=3, J周期=3
2026-05-04 13:09:01 | INFO     | src.core.data_fetcher:save_data:432 | 保存数据到 csv 文件: 300285_with_indicators
2026-05-04 13:09:01 | INFO     | src.indicators.technical_indicators:calculate_kdj:350 | 计算KDJ完成：K周期=10, D周期=3, J周期=3
2026-05-04 13:09:01 | INFO     | src.indicators.technical_indicators:calculate_atr:385 | 计算 10 日ATR完成
2026-05-04 13:09:01 | INFO     | src.indicators.technical_indicators:calculate_cci:446 | 计算 20 日CCI完成
2026-05-04 13:09:01 | INFO     | src.indicators.technical_indicators:calculate_williams_r:476 | 计算 10 日威廉指标完成
2026-05-04 13:09:01 | INFO     | src.indicators.technical_indicators:calculate_ma:133 | 计算 5 日移动平均线完成
2026-05-04 13:09:01 | INFO     | src.indicators.technical_indicators:calculate_bias:500 | 计算 5 日乖离率完成
2026-05-04 13:09:01 | INFO     | src.indicators.technical_indicators:calculate_ma:133 | 计算 10 日移动平均线完成
2026-05-04 13:09:01 | INFO     | src.indicators.technical_indicators:calculate_bias:500 | 计算 10 日乖离率完成
2026-05-04 13:09:01 | INFO     | src.indicators.technical_indicators:calculate_ma:133 | 计算 20 日移动平均线完成
2026-05-04 13:09:01 | INFO     | src.indicators.technical_indicators:calculate_bias:500 | 计算 20 日乖离率完成
2026-05-04 13:09:01 | INFO     | src.indicators.technical_indicators:calculate_ma:133 | 计算 30 日移动平均线完成
2026-05-04 13:09:01 | INFO     | src.indicators.technical_indicators:calculate_bias:500 | 计算 30 日乖离率完成
2026-05-04 13:09:01 | INFO     | src.indicators.technical_indicators:calculate_ma:133 | 计算 60 日移动平均线完成
2026-05-04 13:09:01 | INFO     | src.indicators.technical_indicators:calculate_bias:500 | 计算 60 日乖离率完成
2026-05-04 13:09:01 | INFO     | src.indicators.technical_indicators:calculate_ma:133 | 计算 120 日移动平均线完成
2026-05-04 13:09:01 | INFO     | src.indicators.technical_indicators:calculate_bias:500 | 计算 120 日乖离率完成
2026-05-04 13:09:01 | INFO     | src.indicators.technical_indicators:calculate_ma:133 | 计算 250 日移动平均线完成
2026-05-04 13:09:01 | INFO     | src.indicators.technical_indicators:calculate_bias:500 | 计算 250 日乖离率完成
2026-05-04 13:09:01 | INFO     | src.indicators.technical_indicators:calculate_psy:523 | 计算 10 日心理线完成
2026-05-04 13:09:01 | INFO     | src.indicators.technical_indicators:calculate_all:640 | 完成计算 45 个技术指标
2026-05-04 13:09:01 | INFO     | src.core.data_fetcher:save_data:432 | 保存数据到 csv 文件: 002846_with_indicators
2026-05-04 13:09:01 | INFO     | src.core.data_fetcher:save_data:452 | 数据保存成功: ./data\300285_with_indicators.csv
2026-05-04 13:09:01 | INFO     | src.workflow.base:calculate_signals:206 | 对股票 300285 进行信号判断
2026-05-04 13:09:01 | WARNING  | src.analysis.signal_judgment:get_signals:666 | 未配置成交量周期，跳过成交量信号检查
2026-05-04 13:09:01 | INFO     | src.core.data_fetcher:save_data:432 | 保存数据到 csv 文件: 300285_signals
2026-05-04 13:09:01 | INFO     | src.core.data_fetcher:save_data:452 | 数据保存成功: ./data\300285_signals.csv
2026-05-04 13:09:01 | INFO     | src.workflow.technical:_process_single_stock:45 |   股票 300285 信号判断完成: 持有 (得分: -0.199)
2026-05-04 13:09:01 | INFO     | src.core.data_fetcher:save_data:452 | 数据保存成功: ./data\002846_with_indicators.csv
2026-05-04 13:09:01 | INFO     | src.workflow.base:calculate_signals:206 | 对股票 002846 进行信号判断
2026-05-04 13:09:01 | WARNING  | src.analysis.signal_judgment:get_signals:666 | 未配置成交量周期，跳过成交量信号检查
2026-05-04 13:09:01 | INFO     | src.core.data_fetcher:save_data:432 | 保存数据到 csv 文件: 002846_signals
2026-05-04 13:09:01 | INFO     | src.core.data_fetcher:save_data:452 | 数据保存成功: ./data\002846_signals.csv
2026-05-04 13:09:01 | INFO     | src.workflow.technical:_process_single_stock:45 |   股票 002846 信号判断完成: 持有 (得分: 0.102)
2026-05-04 13:09:01 | ERROR    | src.workflow.technical:process_fund:196 | 处理基金 005538 时失败: unhashable type: 'DataFrame'
2026-05-04 13:09:01 | INFO     | src.workflow.technical:run_batch:226 | 基金 005538 处理完成
2026-05-04 13:09:01 | INFO     | src.workflow.technical:run_batch:227 | ============================================================

2026-05-04 13:09:01 | INFO     | src.workflow.technical:run_batch:229 | 
============================================================
2026-05-04 13:09:01 | INFO     | src.workflow.technical:run_batch:230 | 批量处理完成!
2026-05-04 13:09:01 | INFO     | src.workflow.technical:run_batch:231 | ============================================================
2026-05-04 13:09:01 | INFO     | src.workflow.technical:run_batch:238 | 总基金数: 1
2026-05-04 13:09:01 | INFO     | src.workflow.technical:run_batch:239 | 成功处理: 0
2026-05-04 13:09:01 | INFO     | src.workflow.technical:run_batch:240 | 处理失败: 1
2026-05-04 13:09:01 | INFO     | src.workflow.technical:run_batch:252 | 总股票数（所有基金）: 0
2026-05-04 13:09:01 | INFO     | src.workflow.technical:run_batch:253 | 成功股票数: 0
2026-05-04 13:09:01 | INFO     | src.workflow.technical:run_batch:254 | 失败股票数: 0
2026-05-04 13:09:01 | WARNING  | src.workflow.technical:run_batch:257 | 处理失败的基金:
2026-05-04 13:09:01 | WARNING  | src.workflow.technical:run_batch:260 | 基金 005538: unhashable type: 'DataFrame'
2026-05-04 13:09:01 | INFO     | src.workflow.technical:run_batch:264 | ============================================================
2026-05-04 13:09:01 | INFO     | src.workflow.technical:run_batch:265 | 所有基金的技术指标计算已完成!
2026-05-04 13:09:01 | INFO     | src.workflow.technical:run_batch:266 | ============================================================
2026-05-04 13:09:01 | INFO     | __main__:main:141 | ✅ 技术指标计算完成！成功处理 0/1 个基金
2026-05-04 13:09:01 | INFO     | __main__:main:144 | 
2026-05-04 13:09:01 | INFO     | __main__:main:151 | ============================================================
2026-05-04 13:09:01 | INFO     | __main__:main:152 | [步骤 3/3] 正在执行：基金加权平均分析
2026-05-04 13:09:01 | INFO     | __main__:main:153 | ============================================================
2026-05-04 13:09:01 | INFO     | src.core.data_factory:create_provider:43 | 创建数据源提供者: akshare
2026-05-04 13:09:01 | INFO     | src.core.data_factory:_init_providers:148 | 初始化数据源提供者: akshare
2026-05-04 13:09:22 | ERROR    | src.core.baostock_provider:login:46 | baostock 登录失败: 网络接收错误。
2026-05-04 13:09:22 | INFO     | src.core.data_factory:create_provider:43 | 创建数据源提供者: baostock
2026-05-04 13:09:22 | WARNING  | src.core.data_factory:_init_providers:145 | 数据源 baostock 连接失败，跳过
2026-05-04 13:09:22 | INFO     | src.core.data_factory:__init__:120 | 多数据源数据获取器初始化完成
2026-05-04 13:09:22 | INFO     | src.core.data_factory:__init__:121 | 股票数据源: akshare
2026-05-04 13:09:22 | INFO     | src.core.data_factory:__init__:122 | 基金数据源: akshare
2026-05-04 13:09:22 | INFO     | src.data.reader:__init__:29 | 数据读取器初始化完成，基础路径: .
2026-05-04 13:09:22 | INFO     | src.workflow.analysis:run_batch:241 | 开始进行基金加权平均分析
2026-05-04 13:09:22 | INFO     | src.workflow.analysis:run_batch:242 | 基金代码列表: ['005538']
2026-05-04 13:09:22 | INFO     | src.workflow.analysis:run_batch:247 | 
============================================================
2026-05-04 13:09:22 | INFO     | src.workflow.analysis:run_batch:248 | 开始分析基金: 005538
2026-05-04 13:09:22 | INFO     | src.workflow.analysis:run_batch:249 | ============================================================
2026-05-04 13:09:22 | INFO     | src.workflow.analysis:analyze_fund:135 | 执行基金 005538 的完整加权平均分析流程...
2026-05-04 13:09:22 | INFO     | src.workflow.analysis:analyze_fund:139 | 【步骤1】获取基金持仓数据
2026-05-04 13:09:22 | INFO     | src.workflow.analysis:get_fund_holdings_for_analysis:36 | 获取基金 005538 的持仓数据（用于分析）
2026-05-04 13:09:22 | INFO     | src.core.data_fetcher:inner:294 | 获取基金 005538 持仓
2026-05-04 13:09:22 | INFO     | src.core.akshare_provider:get_fund_portfolio:370 | akshare 获取基金 005538 持仓
2026-05-04 13:09:23 | INFO     | src.core.akshare_provider:get_fund_portfolio:379 | 使用 fund_portfolio_hold_em 成功获取基金 005538 持仓
2026-05-04 13:09:23 | INFO     | src.workflow.analysis:analyze_fund:146 | 【步骤2】过滤最新季度数据
2026-05-04 13:09:23 | INFO     | src.workflow.base:filter_latest_quarter:83 | 过滤最新季度数据
2026-05-04 13:09:23 | INFO     | src.analysis.quarter_filter:filter_latest_quarter_data:63 | 识别到最新季度: 2026年Q1
2026-05-04 13:09:23 | INFO     | src.analysis.quarter_filter:filter_latest_quarter_data:77 | 过滤结果: 从 10 条记录中筛选出 10 条最新季度数据
2026-05-04 13:09:23 | INFO     | src.workflow.analysis:analyze_fund:154 | 最新季度持仓股票数量: 10
2026-05-04 13:09:23 | INFO     | src.workflow.analysis:analyze_fund:155 | 股票代码列表: ['301150', '688778', '300450', '301662', '688155', '603663', '688147', '002203', '300285', '002846']
2026-05-04 13:09:23 | INFO     | src.workflow.analysis:analyze_fund:158 | 【步骤3】检查股票信号数据
2026-05-04 13:09:23 | INFO     | src.workflow.analysis:check_and_calculate_missing_indicators:62 | 所有股票的信号数据已存在，跳过技术指标计算步骤
2026-05-04 13:09:23 | INFO     | src.workflow.analysis:analyze_fund:162 | 【步骤4】进行基金加权平均分析
2026-05-04 13:09:23 | INFO     | src.analysis.fund_weighted_analyzer:parse_holdings_data:264 | 解析到 10 只股票持仓数据
2026-05-04 13:09:23 | INFO     | src.analysis.fund_weighted_analyzer:analyze_fund:298 | 分析股票 301150 (中一科技)
2026-05-04 13:09:23 | WARNING  | src.analysis.signal_judgment:get_signals:666 | 未配置成交量周期，跳过成交量信号检查
2026-05-04 13:09:23 | INFO     | src.analysis.fund_weighted_analyzer:analyze_fund:298 | 分析股票 688778 (厦钨新能)
2026-05-04 13:09:23 | WARNING  | src.analysis.signal_judgment:get_signals:666 | 未配置成交量周期，跳过成交量信号检查
2026-05-04 13:09:23 | INFO     | src.analysis.fund_weighted_analyzer:analyze_fund:298 | 分析股票 300450 (先导智能)
2026-05-04 13:09:23 | WARNING  | src.analysis.signal_judgment:get_signals:666 | 未配置成交量周期，跳过成交量信号检查
2026-05-04 13:09:23 | INFO     | src.analysis.fund_weighted_analyzer:analyze_fund:298 | 分析股票 301662 (宏工科技)
2026-05-04 13:09:23 | WARNING  | src.analysis.signal_judgment:get_signals:666 | 未配置成交量周期，跳过成交量信号检查
2026-05-04 13:09:23 | INFO     | src.analysis.fund_weighted_analyzer:analyze_fund:298 | 分析股票 688155 (先惠技术)
2026-05-04 13:09:23 | WARNING  | src.analysis.signal_judgment:get_signals:666 | 未配置成交量周期，跳过成交量信号检查
2026-05-04 13:09:23 | INFO     | src.analysis.fund_weighted_analyzer:analyze_fund:298 | 分析股票 603663 (三祥新材)
2026-05-04 13:09:23 | WARNING  | src.analysis.signal_judgment:get_signals:666 | 未配置成交量周期，跳过成交量信号检查
2026-05-04 13:09:23 | INFO     | src.analysis.fund_weighted_analyzer:analyze_fund:298 | 分析股票 688147 (微导纳米)
2026-05-04 13:09:23 | WARNING  | src.analysis.signal_judgment:get_signals:666 | 未配置成交量周期，跳过成交量信号检查
2026-05-04 13:09:23 | INFO     | src.analysis.fund_weighted_analyzer:analyze_fund:298 | 分析股票 002203 (海亮股份)
2026-05-04 13:09:23 | WARNING  | src.analysis.signal_judgment:get_signals:666 | 未配置成交量周期，跳过成交量信号检查
2026-05-04 13:09:23 | INFO     | src.analysis.fund_weighted_analyzer:analyze_fund:298 | 分析股票 300285 (国瓷材料)
2026-05-04 13:09:23 | WARNING  | src.analysis.signal_judgment:get_signals:666 | 未配置成交量周期，跳过成交量信号检查
2026-05-04 13:09:23 | INFO     | src.analysis.fund_weighted_analyzer:analyze_fund:298 | 分析股票 002846 (英联股份)
2026-05-04 13:09:23 | WARNING  | src.analysis.signal_judgment:get_signals:666 | 未配置成交量周期，跳过成交量信号检查
2026-05-04 13:09:23 | INFO     | src.workflow.analysis:analyze_fund:175 | 【步骤5】生成分析报告
2026-05-04 13:09:23 | INFO     | src.analysis.fund_weighted_analyzer:save_report:576 | 分析报告已保存到: outputs/reports\fund-analysis-005538.txt
2026-05-04 13:09:23 | INFO     | src.analysis.fund_weighted_analyzer:save_report:577 | JSON结果已保存到: outputs/reports\fund-analysis-005538.json
2026-05-04 13:09:23 | INFO     | src.workflow.analysis:analyze_fund:180 | 
============================================================
2026-05-04 13:09:23 | INFO     | src.workflow.analysis:analyze_fund:181 | 基金 005538 分析结果:
2026-05-04 13:09:23 | INFO     | src.workflow.analysis:analyze_fund:182 | ------------------------------------------------------------
2026-05-04 13:09:23 | INFO     | src.workflow.analysis:analyze_fund:183 | 加权平均得分: -0.029
2026-05-04 13:09:23 | INFO     | src.workflow.analysis:analyze_fund:184 | 基金建议: 建议持有
2026-05-04 13:09:23 | INFO     | src.workflow.analysis:analyze_fund:185 | 置信度: 30.1%
2026-05-04 13:09:23 | INFO     | src.workflow.analysis:analyze_fund:186 | 总股票数: 10
2026-05-04 13:09:23 | INFO     | src.workflow.analysis:analyze_fund:187 | 已分析股票数: 10
2026-05-04 13:09:23 | INFO     | src.workflow.analysis:analyze_fund:188 | 分析覆盖率: 100.0%
2026-05-04 13:09:23 | INFO     | src.workflow.analysis:analyze_fund:189 | ------------------------------------------------------------
2026-05-04 13:09:23 | INFO     | src.workflow.analysis:analyze_fund:196 | ⦿ 基金建议: 建议持有观望
2026-05-04 13:09:23 | INFO     | src.workflow.analysis:analyze_fund:200 | ============================================================
2026-05-04 13:09:25 | INFO     | src.notify.channels.ntfy:_do_send:68 | ntfy 推送成功
2026-05-04 13:09:25 | INFO     | src.notify.channels.markdown:_do_send:75 | Markdown 文件已保存: ./notify_logs\notify_20260504_130925.md
2026-05-04 13:09:25 | INFO     | src.workflow.analysis:run_batch:254 | 基金 005538 分析完成
2026-05-04 13:09:25 | INFO     | src.workflow.analysis:run_batch:255 | ============================================================

2026-05-04 13:09:25 | INFO     | src.workflow.analysis:summarize_analysis_results:270 | 
============================================================
2026-05-04 13:09:25 | INFO     | src.workflow.analysis:summarize_analysis_results:271 | 基金加权平均分析汇总报告
2026-05-04 13:09:25 | INFO     | src.workflow.analysis:summarize_analysis_results:272 | ============================================================
2026-05-04 13:09:25 | INFO     | src.workflow.analysis:summarize_analysis_results:278 | 总基金数: 1
2026-05-04 13:09:25 | INFO     | src.workflow.analysis:summarize_analysis_results:279 | 分析成功: 1
2026-05-04 13:09:25 | INFO     | src.workflow.analysis:summarize_analysis_results:280 | 分析失败: 0
2026-05-04 13:09:25 | INFO     | src.workflow.analysis:summarize_analysis_results:283 | 
成功分析的基金结果:
2026-05-04 13:09:25 | INFO     | src.workflow.analysis:summarize_analysis_results:284 | ------------------------------------------------------------
2026-05-04 13:09:25 | INFO     | src.workflow.analysis:summarize_analysis_results:288 | 基金代码: 005538
2026-05-04 13:09:25 | INFO     | src.workflow.analysis:summarize_analysis_results:289 | 基金名称: 中航新起航灵活配置混合C
2026-05-04 13:09:25 | INFO     | src.workflow.analysis:summarize_analysis_results:290 | 加权得分: -0.029
2026-05-04 13:09:25 | INFO     | src.workflow.analysis:summarize_analysis_results:291 | 持有建议: 建议持有
2026-05-04 13:09:25 | INFO     | src.workflow.analysis:summarize_analysis_results:292 | 置信度: 30.1%
2026-05-04 13:09:25 | INFO     | src.workflow.analysis:summarize_analysis_results:293 | 报告路径: outputs/reports\fund-analysis-005538.txt
2026-05-04 13:09:25 | INFO     | src.workflow.analysis:summarize_analysis_results:294 | ------------------------------------------------------------
2026-05-04 13:09:25 | INFO     | src.workflow.analysis:summarize_analysis_results:302 | 
持有建议分布:
2026-05-04 13:09:25 | INFO     | src.workflow.analysis:summarize_analysis_results:305 |   建议持有: 1只 (100.0%)
2026-05-04 13:09:25 | INFO     | src.workflow.analysis:summarize_analysis_results:313 | 
============================================================
2026-05-04 13:09:25 | INFO     | src.workflow.analysis:summarize_analysis_results:314 | 基金加权平均分析已完成!
2026-05-04 13:09:25 | INFO     | src.workflow.analysis:summarize_analysis_results:315 | ============================================================
2026-05-04 13:09:25 | INFO     | __main__:main:165 | ✅ 基金加权平均分析完成！
2026-05-04 13:09:25 | INFO     | __main__:main:166 |    总基金数: 1
2026-05-04 13:09:25 | INFO     | __main__:main:167 |    分析成功: 1
2026-05-04 13:09:25 | INFO     | __main__:main:168 |    分析失败: 0
2026-05-04 13:09:25 | INFO     | __main__:main:171 | 
成功分析的基金结果:
2026-05-04 13:09:25 | INFO     | __main__:main:172 | ------------------------------------------------------------
2026-05-04 13:09:25 | INFO     | __main__:main:175 | 基金代码: 005538
2026-05-04 13:09:25 | INFO     | __main__:main:176 | 基金名称: 中航新起航灵活配置混合C
2026-05-04 13:09:25 | INFO     | __main__:main:177 | 加权得分: -0.029
2026-05-04 13:09:25 | INFO     | __main__:main:178 | 持有建议: 建议持有
2026-05-04 13:09:25 | INFO     | __main__:main:179 | 置信度: 30.1%
2026-05-04 13:09:25 | INFO     | __main__:main:180 | 报告路径: outputs/reports\fund-analysis-005538.txt
2026-05-04 13:09:25 | INFO     | __main__:main:181 | ------------------------------------------------------------
2026-05-04 13:09:25 | INFO     | __main__:main:183 | 
2026-05-04 13:09:26 | INFO     | src.notify.channels.ntfy:_do_send:68 | ntfy 推送成功
2026-05-04 13:09:26 | INFO     | src.notify.channels.markdown:_do_send:75 | Markdown 文件已保存: ./notify_logs\notify_20260504_130926.md
2026-05-04 13:09:26 | INFO     | __main__:send_notification:221 | ✅ 通知发送成功！
2026-05-04 13:09:26 | INFO     | __main__:main:201 | ============================================================
2026-05-04 13:09:26 | INFO     | __main__:main:202 | 自动化执行流程全部完成！
2026-05-04 13:09:26 | INFO     | __main__:main:203 | 完成时间: 2026-05-04 13:09:26
2026-05-04 13:09:26 | INFO     | __main__:main:204 | ============================================================
2026-05-04 14:13:20 | INFO     | src.notify:_load_channels:49 | 通知渠道 [ntfy] 初始化成功
2026-05-04 14:13:20 | INFO     | src.notify:_load_channels:49 | 通知渠道 [markdown] 初始化成功
2026-05-04 16:23:33 | INFO     | src.backtest.engine.backtest_engine:run:146 | 回测开始: 1 只股票, 782 个交易日
2026-05-04 16:23:33 | WARNING  | src.analysis.signal_judgment:get_signals:666 | 未配置成交量周期，跳过成交量信号检查
2026-05-04 16:23:33 | WARNING  | src.analysis.signal_judgment:get_signals:666 | 未配置成交量周期，跳过成交量信号检查
2026-05-04 16:23:33 | WARNING  | src.analysis.signal_judgment:get_signals:666 | 未配置成交量周期，跳过成交量信号检查
2026-05-04 16:23:33 | WARNING  | src.analysis.signal_judgment:get_signals:666 | 未配置成交量周期，跳过成交量信号检查
2026-05-04 16:23:33 | WARNING  | src.analysis.signal_judgment:get_signals:666 | 未配置成交量周期，跳过成交量信号检查
2026-05-04 16:23:33 | WARNING  | src.analysis.signal_judgment:get_signals:666 | 未配置成交量周期，跳过成交量信号检查
2026-05-04 16:23:33 | WARNING  | src.analysis.signal_judgment:get_signals:666 | 未配置成交量周期，跳过成交量信号检查
2026-05-04 16:23:33 | WARNING  | src.analysis.signal_judgment:get_signals:666 | 未配置成交量周期，跳过成交量信号检查
2026-05-04 16:23:33 | WARNING  | src.analysis.signal_judgment:get_signals:666 | 未配置成交量周期，跳过成交量信号检查
2026-05-04 16:23:33 | WARNING  | src.analysis.signal_judgment:get_signals:666 | 未配置成交量周期，跳过成交量信号检查
2026-05-04 16:23:33 | WARNING  | src.analysis.signal_judgment:get_signals:666 | 未配置成交量周期，跳过成交量信号检查
2026-05-04 16:23:33 | WARNING  | src.analysis.signal_judgment:get_signals:666 | 未配置成交量周期，跳过成交量信号检查
2026-05-04 16:23:33 | WARNING  | src.analysis.signal_judgment:get_signals:666 | 未配置成交量周期，跳过成交量信号检查
2026-05-04 16:23:33 | INFO     | src.backtest.engine.backtest_engine:run:230 | 回测完成: 26 笔交易
2026-05-04 16:25:59 | INFO     | src.notify:_load_channels:49 | 通知渠道 [ntfy] 初始化成功
2026-05-04 16:25:59 | INFO     | src.notify:_load_channels:49 | 通知渠道 [markdown] 初始化成功
2026-05-04 16:25:59 | INFO     | __main__:main:210 | 处理单个基金: 005538
2026-05-04 16:25:59 | INFO     | src.core.data_factory:create_provider:43 | 创建数据源提供者: akshare
2026-05-04 16:25:59 | INFO     | src.core.data_factory:_init_providers:148 | 初始化数据源提供者: akshare
2026-05-04 16:26:20 | ERROR    | src.core.baostock_provider:login:46 | baostock 登录失败: 网络接收错误。
2026-05-04 16:26:20 | INFO     | src.core.data_factory:create_provider:43 | 创建数据源提供者: baostock
2026-05-04 16:26:20 | WARNING  | src.core.data_factory:_init_providers:145 | 数据源 baostock 连接失败，跳过
2026-05-04 16:26:20 | INFO     | src.core.data_factory:__init__:120 | 多数据源数据获取器初始化完成
2026-05-04 16:26:20 | INFO     | src.core.data_factory:__init__:121 | 股票数据源: akshare
2026-05-04 16:26:20 | INFO     | src.core.data_factory:__init__:122 | 基金数据源: akshare
2026-05-04 16:26:20 | INFO     | src.data.reader:__init__:29 | 数据读取器初始化完成，基础路径: .
2026-05-04 16:26:20 | INFO     | src.workflow.backtest:run_backtest:51 | 开始基金 005538 的回测...
2026-05-04 16:26:20 | INFO     | src.workflow.base:get_fund_holdings:67 | 获取基金 005538 的持仓数据
2026-05-04 16:26:20 | INFO     | src.core.data_fetcher:inner:294 | 获取基金 005538 持仓
2026-05-04 16:26:20 | INFO     | src.core.akshare_provider:get_fund_portfolio:370 | akshare 获取基金 005538 持仓
2026-05-04 16:26:20 | INFO     | src.core.akshare_provider:get_fund_portfolio:379 | 使用 fund_portfolio_hold_em 成功获取基金 005538 持仓
2026-05-04 16:26:20 | INFO     | src.workflow.base:filter_latest_quarter:83 | 过滤最新季度数据
2026-05-04 16:26:20 | INFO     | src.analysis.quarter_filter:filter_latest_quarter_data:63 | 识别到最新季度: 2026年Q1
2026-05-04 16:26:20 | INFO     | src.analysis.quarter_filter:filter_latest_quarter_data:77 | 过滤结果: 从 10 条记录中筛选出 10 条最新季度数据
2026-05-04 16:26:20 | INFO     | src.workflow.backtest:run_backtest:62 | 持仓股票: 10 只 — ['301150', '688778', '300450', '301662', '688155', '603663', '688147', '002203', '300285', '002846']
2026-05-04 16:26:20 | INFO     | src.workflow.base:get_stock_data:97 | 批量处理 10 只股票的数据
2026-05-04 16:26:21 | WARNING  | src.data.reader:list_files:215 | 目录不存在: .\stock_data
2026-05-04 16:26:21 | WARNING  | src.data.reader:list_files:215 | 目录不存在: .\stock_data
2026-05-04 16:26:21 | INFO     | src.data.reader:list_stock_files:241 | 找到 0 个股票数据文件
2026-05-04 16:26:21 | WARNING  | src.data.reader:list_files:215 | 目录不存在: .\stock_data
2026-05-04 16:26:21 | WARNING  | src.data.reader:list_files:215 | 目录不存在: .\stock_data
2026-05-04 16:26:21 | INFO     | src.data.reader:list_stock_files:241 | 找到 0 个股票数据文件
2026-05-04 16:26:21 | INFO     | src.core.data_fetcher:inner:197 | 获取股票 301150 daily K线数据
2026-05-04 16:26:21 | WARNING  | src.data.reader:list_files:215 | 目录不存在: .\stock_data
2026-05-04 16:26:21 | INFO     | src.data.reader:list_stock_files:241 | 找到 0 个股票数据文件
2026-05-04 16:26:21 | WARNING  | src.data.reader:list_files:215 | 目录不存在: .\stock_data
2026-05-04 16:26:21 | INFO     | src.data.reader:list_stock_files:241 | 找到 0 个股票数据文件
2026-05-04 16:26:21 | WARNING  | src.data.reader:list_files:215 | 目录不存在: .\stock_data
2026-05-04 16:26:21 | INFO     | src.core.data_fetcher:inner:197 | 获取股票 688778 daily K线数据
2026-05-04 16:26:21 | WARNING  | src.data.reader:list_files:215 | 目录不存在: .\stock_data
2026-05-04 16:26:21 | INFO     | src.core.akshare_provider:get_stock_kline:170 | akshare 获取股票 301150 daily K线数据
2026-05-04 16:26:21 | INFO     | src.data.reader:list_stock_files:241 | 找到 0 个股票数据文件
2026-05-04 16:26:21 | INFO     | src.core.data_fetcher:inner:197 | 获取股票 301662 daily K线数据
2026-05-04 16:26:21 | INFO     | src.data.reader:list_stock_files:241 | 找到 0 个股票数据文件
2026-05-04 16:26:21 | INFO     | src.core.data_fetcher:inner:197 | 获取股票 300450 daily K线数据
2026-05-04 16:26:21 | INFO     | src.data.reader:list_stock_files:241 | 找到 0 个股票数据文件
2026-05-04 16:26:21 | INFO     | src.core.akshare_provider:get_stock_kline:170 | akshare 获取股票 688778 daily K线数据
2026-05-04 16:26:21 | INFO     | src.data.reader:list_stock_files:241 | 找到 0 个股票数据文件
2026-05-04 16:26:21 | INFO     | src.core.akshare_provider:get_stock_kline:183 | 尝试使用东方财富数据源获取 301150 K线数据
2026-05-04 16:26:21 | INFO     | src.core.data_fetcher:inner:197 | 获取股票 688155 daily K线数据
2026-05-04 16:26:21 | INFO     | src.core.akshare_provider:get_stock_kline:170 | akshare 获取股票 301662 daily K线数据
2026-05-04 16:26:21 | INFO     | src.core.data_fetcher:inner:197 | 获取股票 603663 daily K线数据
2026-05-04 16:26:21 | INFO     | src.core.akshare_provider:get_stock_kline:170 | akshare 获取股票 300450 daily K线数据
2026-05-04 16:26:21 | INFO     | src.core.data_fetcher:inner:197 | 获取股票 688147 daily K线数据
2026-05-04 16:26:21 | INFO     | src.core.akshare_provider:get_stock_kline:183 | 尝试使用东方财富数据源获取 688778 K线数据
2026-05-04 16:26:21 | INFO     | src.core.data_fetcher:inner:197 | 获取股票 002203 daily K线数据
2026-05-04 16:26:21 | INFO     | src.core.akshare_provider:get_stock_kline:170 | akshare 获取股票 688155 daily K线数据
2026-05-04 16:26:21 | INFO     | src.core.akshare_provider:get_stock_kline:183 | 尝试使用东方财富数据源获取 301662 K线数据
2026-05-04 16:26:21 | INFO     | src.core.akshare_provider:get_stock_kline:170 | akshare 获取股票 603663 daily K线数据
2026-05-04 16:26:21 | INFO     | src.core.akshare_provider:get_stock_kline:183 | 尝试使用东方财富数据源获取 300450 K线数据
2026-05-04 16:26:21 | INFO     | src.core.akshare_provider:get_stock_kline:170 | akshare 获取股票 688147 daily K线数据
2026-05-04 16:26:21 | INFO     | src.core.akshare_provider:get_stock_kline:170 | akshare 获取股票 002203 daily K线数据
2026-05-04 16:26:21 | INFO     | src.core.akshare_provider:get_stock_kline:183 | 尝试使用东方财富数据源获取 688155 K线数据
2026-05-04 16:26:21 | INFO     | src.core.akshare_provider:get_stock_kline:183 | 尝试使用东方财富数据源获取 603663 K线数据
2026-05-04 16:26:21 | INFO     | src.core.akshare_provider:get_stock_kline:183 | 尝试使用东方财富数据源获取 688147 K线数据
2026-05-04 16:26:21 | INFO     | src.core.akshare_provider:get_stock_kline:183 | 尝试使用东方财富数据源获取 002203 K线数据
2026-05-04 16:26:21 | INFO     | src.core.akshare_provider:get_stock_kline:201 | 尝试使用腾讯数据源获取 688778 K线数据
2026-05-04 16:26:21 | INFO     | src.core.akshare_provider:get_stock_kline:201 | 尝试使用腾讯数据源获取 688147 K线数据
2026-05-04 16:26:21 | INFO     | src.core.akshare_provider:get_stock_kline:201 | 尝试使用腾讯数据源获取 603663 K线数据
2026-05-04 16:26:21 | INFO     | src.core.akshare_provider:get_stock_kline:201 | 尝试使用腾讯数据源获取 002203 K线数据
2026-05-04 16:26:21 | INFO     | src.core.akshare_provider:get_stock_kline:201 | 尝试使用腾讯数据源获取 301662 K线数据
2026-05-04 16:26:21 | INFO     | src.core.akshare_provider:get_stock_kline:201 | 尝试使用腾讯数据源获取 301150 K线数据
2026-05-04 16:26:21 | INFO     | src.core.akshare_provider:get_stock_kline:201 | 尝试使用腾讯数据源获取 688155 K线数据
2026-05-04 16:26:21 | INFO     | src.core.akshare_provider:get_stock_kline:201 | 尝试使用腾讯数据源获取 300450 K线数据
2026-05-04 16:26:24 | INFO     | src.core.akshare_provider:get_stock_kline:219 | 腾讯数据源成功获取 252 条数据
2026-05-04 16:26:24 | INFO     | src.core.data_fetcher:save_data:432 | 保存数据到 csv 文件: stock_data/301662_kline
2026-05-04 16:26:24 | INFO     | src.core.data_fetcher:save_data:452 | 数据保存成功: ./data\stock_data/301662_kline.csv
2026-05-04 16:26:24 | WARNING  | src.data.reader:list_files:215 | 目录不存在: .\stock_data
2026-05-04 16:26:24 | INFO     | src.data.reader:list_stock_files:241 | 找到 0 个股票数据文件
2026-05-04 16:26:24 | INFO     | src.core.data_fetcher:inner:197 | 获取股票 300285 daily K线数据
2026-05-04 16:26:24 | INFO     | src.core.akshare_provider:get_stock_kline:170 | akshare 获取股票 300285 daily K线数据
2026-05-04 16:26:24 | INFO     | src.core.akshare_provider:get_stock_kline:183 | 尝试使用东方财富数据源获取 300285 K线数据
2026-05-04 16:26:25 | INFO     | src.core.akshare_provider:get_stock_kline:201 | 尝试使用腾讯数据源获取 300285 K线数据
2026-05-04 16:26:27 | INFO     | src.core.akshare_provider:get_stock_kline:219 | 腾讯数据源成功获取 976 条数据
2026-05-04 16:26:27 | INFO     | src.core.data_fetcher:save_data:432 | 保存数据到 csv 文件: stock_data/301150_kline
2026-05-04 16:26:27 | INFO     | src.core.data_fetcher:save_data:452 | 数据保存成功: ./data\stock_data/301150_kline.csv
2026-05-04 16:26:27 | WARNING  | src.data.reader:list_files:215 | 目录不存在: .\stock_data
2026-05-04 16:26:27 | INFO     | src.data.reader:list_stock_files:241 | 找到 0 个股票数据文件
2026-05-04 16:26:27 | INFO     | src.core.data_fetcher:inner:197 | 获取股票 002846 daily K线数据
2026-05-04 16:26:27 | INFO     | src.core.akshare_provider:get_stock_kline:170 | akshare 获取股票 002846 daily K线数据
2026-05-04 16:26:27 | INFO     | src.core.akshare_provider:get_stock_kline:183 | 尝试使用东方财富数据源获取 002846 K线数据
2026-05-04 16:26:28 | INFO     | src.core.akshare_provider:get_stock_kline:201 | 尝试使用腾讯数据源获取 002846 K线数据
2026-05-04 16:26:28 | INFO     | src.core.akshare_provider:get_stock_kline:219 | 腾讯数据源成功获取 1146 条数据
2026-05-04 16:26:28 | INFO     | src.core.data_fetcher:save_data:432 | 保存数据到 csv 文件: stock_data/688778_kline
2026-05-04 16:26:28 | INFO     | src.core.akshare_provider:get_stock_kline:219 | 腾讯数据源成功获取 810 条数据
2026-05-04 16:26:28 | INFO     | src.core.data_fetcher:save_data:432 | 保存数据到 csv 文件: stock_data/688147_kline
2026-05-04 16:26:28 | INFO     | src.core.data_fetcher:save_data:452 | 数据保存成功: ./data\stock_data/688778_kline.csv
2026-05-04 16:26:28 | INFO     | src.core.data_fetcher:save_data:452 | 数据保存成功: ./data\stock_data/688147_kline.csv
2026-05-04 16:26:29 | INFO     | src.core.akshare_provider:get_stock_kline:219 | 腾讯数据源成功获取 1386 条数据
2026-05-04 16:26:29 | INFO     | src.core.data_fetcher:save_data:432 | 保存数据到 csv 文件: stock_data/688155_kline
2026-05-04 16:26:29 | INFO     | src.core.data_fetcher:save_data:452 | 数据保存成功: ./data\stock_data/688155_kline.csv
2026-05-04 16:26:31 | INFO     | src.core.akshare_provider:get_stock_kline:219 | 腾讯数据源成功获取 1776 条数据
2026-05-04 16:26:31 | INFO     | src.core.data_fetcher:save_data:432 | 保存数据到 csv 文件: stock_data/603663_kline
2026-05-04 16:26:31 | INFO     | src.core.data_fetcher:save_data:452 | 数据保存成功: ./data\stock_data/603663_kline.csv
2026-05-04 16:26:31 | INFO     | src.core.akshare_provider:get_stock_kline:219 | 腾讯数据源成功获取 1776 条数据
2026-05-04 16:26:31 | INFO     | src.core.akshare_provider:get_stock_kline:219 | 腾讯数据源成功获取 1776 条数据
2026-05-04 16:26:31 | INFO     | src.core.data_fetcher:save_data:432 | 保存数据到 csv 文件: stock_data/002203_kline
2026-05-04 16:26:31 | INFO     | src.core.data_fetcher:save_data:432 | 保存数据到 csv 文件: stock_data/300450_kline
2026-05-04 16:26:31 | INFO     | src.core.data_fetcher:save_data:452 | 数据保存成功: ./data\stock_data/002203_kline.csv
2026-05-04 16:26:31 | INFO     | src.core.data_fetcher:save_data:452 | 数据保存成功: ./data\stock_data/300450_kline.csv
2026-05-04 16:26:33 | INFO     | src.core.akshare_provider:get_stock_kline:219 | 腾讯数据源成功获取 1776 条数据
2026-05-04 16:26:33 | INFO     | src.core.data_fetcher:save_data:432 | 保存数据到 csv 文件: stock_data/300285_kline
2026-05-04 16:26:33 | INFO     | src.core.data_fetcher:save_data:452 | 数据保存成功: ./data\stock_data/300285_kline.csv
2026-05-04 16:26:34 | INFO     | src.core.akshare_provider:get_stock_kline:219 | 腾讯数据源成功获取 1776 条数据
2026-05-04 16:26:34 | INFO     | src.core.data_fetcher:save_data:432 | 保存数据到 csv 文件: stock_data/002846_kline
2026-05-04 16:26:34 | INFO     | src.core.data_fetcher:save_data:452 | 数据保存成功: ./data\stock_data/002846_kline.csv
2026-05-04 16:26:34 | INFO     | src.utils.concurrency:process_batch:70 | 获取股票数据: 10/10
2026-05-04 16:26:34 | INFO     | src.workflow.base:get_stock_data:153 | 成功获取 10 只股票的数据
2026-05-04 16:26:34 | INFO     | src.workflow.base:calculate_technical_indicators:170 | 计算股票 301150 的技术指标
2026-05-04 16:26:34 | INFO     | src.indicators.technical_indicators:calculate_ma:133 | 计算 5 日移动平均线完成
2026-05-04 16:26:34 | INFO     | src.indicators.technical_indicators:calculate_ma:133 | 计算 10 日移动平均线完成
2026-05-04 16:26:34 | INFO     | src.indicators.technical_indicators:calculate_ma:133 | 计算 20 日移动平均线完成
2026-05-04 16:26:34 | INFO     | src.indicators.technical_indicators:calculate_ma:133 | 计算 30 日移动平均线完成
2026-05-04 16:26:34 | INFO     | src.indicators.technical_indicators:calculate_ma:133 | 计算 60 日移动平均线完成
2026-05-04 16:26:34 | INFO     | src.indicators.technical_indicators:calculate_ma:133 | 计算 120 日移动平均线完成
2026-05-04 16:26:34 | INFO     | src.indicators.technical_indicators:calculate_ma:133 | 计算 250 日移动平均线完成
2026-05-04 16:26:34 | INFO     | src.indicators.technical_indicators:calculate_sma:157 | 计算 5 日简单移动平均线完成
2026-05-04 16:26:34 | INFO     | src.indicators.technical_indicators:calculate_sma:157 | 计算 10 日简单移动平均线完成
2026-05-04 16:26:34 | INFO     | src.indicators.technical_indicators:calculate_sma:157 | 计算 20 日简单移动平均线完成
2026-05-04 16:26:34 | INFO     | src.indicators.technical_indicators:calculate_sma:157 | 计算 30 日简单移动平均线完成
2026-05-04 16:26:34 | INFO     | src.indicators.technical_indicators:calculate_sma:157 | 计算 60 日简单移动平均线完成
2026-05-04 16:26:34 | INFO     | src.indicators.technical_indicators:calculate_sma:157 | 计算 120 日简单移动平均线完成
2026-05-04 16:26:34 | INFO     | src.indicators.technical_indicators:calculate_sma:157 | 计算 250 日简单移动平均线完成
2026-05-04 16:26:34 | INFO     | src.indicators.technical_indicators:calculate_ema:182 | 计算 12 日指数移动平均线完成
2026-05-04 16:26:34 | INFO     | src.indicators.technical_indicators:calculate_ema:182 | 计算 26 日指数移动平均线完成
2026-05-04 16:26:34 | INFO     | src.indicators.technical_indicators:calculate_rsi:221 | 计算 6 日RSI完成
2026-05-04 16:26:34 | INFO     | src.indicators.technical_indicators:calculate_rsi:221 | 计算 12 日RSI完成
2026-05-04 16:26:34 | INFO     | src.indicators.technical_indicators:calculate_rsi:221 | 计算 24 日RSI完成
2026-05-04 16:26:34 | INFO     | src.indicators.technical_indicators:calculate_macd:263 | 计算MACD完成：快线=12, 慢线=26, 信号线=9
2026-05-04 16:26:34 | INFO     | src.indicators.technical_indicators:calculate_macd:263 | 计算MACD完成：快线=12, 慢线=26, 信号线=12
2026-05-04 16:26:34 | INFO     | src.indicators.technical_indicators:calculate_boll:303 | 计算布林带完成：周期=20, 标准差倍数=2
2026-05-04 16:26:34 | INFO     | src.indicators.technical_indicators:calculate_kdj:350 | 计算KDJ完成：K周期=9, D周期=3, J周期=3
2026-05-04 16:26:34 | INFO     | src.indicators.technical_indicators:calculate_kdj:350 | 计算KDJ完成：K周期=10, D周期=3, J周期=3
2026-05-04 16:26:34 | INFO     | src.indicators.technical_indicators:calculate_atr:385 | 计算 10 日ATR完成
2026-05-04 16:26:34 | INFO     | src.indicators.technical_indicators:calculate_cci:446 | 计算 20 日CCI完成
2026-05-04 16:26:34 | INFO     | src.indicators.technical_indicators:calculate_williams_r:476 | 计算 10 日威廉指标完成
2026-05-04 16:26:34 | INFO     | src.indicators.technical_indicators:calculate_ma:133 | 计算 5 日移动平均线完成
2026-05-04 16:26:34 | INFO     | src.indicators.technical_indicators:calculate_bias:500 | 计算 5 日乖离率完成
2026-05-04 16:26:34 | INFO     | src.indicators.technical_indicators:calculate_ma:133 | 计算 10 日移动平均线完成
2026-05-04 16:26:34 | INFO     | src.indicators.technical_indicators:calculate_bias:500 | 计算 10 日乖离率完成
2026-05-04 16:26:34 | INFO     | src.indicators.technical_indicators:calculate_ma:133 | 计算 20 日移动平均线完成
2026-05-04 16:26:34 | INFO     | src.indicators.technical_indicators:calculate_bias:500 | 计算 20 日乖离率完成
2026-05-04 16:26:34 | INFO     | src.indicators.technical_indicators:calculate_ma:133 | 计算 30 日移动平均线完成
2026-05-04 16:26:34 | INFO     | src.indicators.technical_indicators:calculate_bias:500 | 计算 30 日乖离率完成
2026-05-04 16:26:34 | INFO     | src.indicators.technical_indicators:calculate_ma:133 | 计算 60 日移动平均线完成
2026-05-04 16:26:34 | INFO     | src.indicators.technical_indicators:calculate_bias:500 | 计算 60 日乖离率完成
2026-05-04 16:26:34 | INFO     | src.indicators.technical_indicators:calculate_ma:133 | 计算 120 日移动平均线完成
2026-05-04 16:26:34 | INFO     | src.indicators.technical_indicators:calculate_bias:500 | 计算 120 日乖离率完成
2026-05-04 16:26:34 | INFO     | src.indicators.technical_indicators:calculate_ma:133 | 计算 250 日移动平均线完成
2026-05-04 16:26:34 | INFO     | src.indicators.technical_indicators:calculate_bias:500 | 计算 250 日乖离率完成
2026-05-04 16:26:34 | INFO     | src.indicators.technical_indicators:calculate_psy:523 | 计算 10 日心理线完成
2026-05-04 16:26:34 | INFO     | src.indicators.technical_indicators:calculate_all:640 | 完成计算 45 个技术指标
2026-05-04 16:26:34 | INFO     | src.core.data_fetcher:save_data:432 | 保存数据到 csv 文件: 301150_with_indicators
2026-05-04 16:26:34 | INFO     | src.core.data_fetcher:save_data:452 | 数据保存成功: ./data\301150_with_indicators.csv
2026-05-04 16:26:34 | INFO     | src.workflow.base:calculate_technical_indicators:170 | 计算股票 688778 的技术指标
2026-05-04 16:26:34 | INFO     | src.indicators.technical_indicators:calculate_ma:133 | 计算 5 日移动平均线完成
2026-05-04 16:26:34 | INFO     | src.indicators.technical_indicators:calculate_ma:133 | 计算 10 日移动平均线完成
2026-05-04 16:26:34 | INFO     | src.indicators.technical_indicators:calculate_ma:133 | 计算 20 日移动平均线完成
2026-05-04 16:26:34 | INFO     | src.indicators.technical_indicators:calculate_ma:133 | 计算 30 日移动平均线完成
2026-05-04 16:26:34 | INFO     | src.indicators.technical_indicators:calculate_ma:133 | 计算 60 日移动平均线完成
2026-05-04 16:26:34 | INFO     | src.indicators.technical_indicators:calculate_ma:133 | 计算 120 日移动平均线完成
2026-05-04 16:26:34 | INFO     | src.indicators.technical_indicators:calculate_ma:133 | 计算 250 日移动平均线完成
2026-05-04 16:26:34 | INFO     | src.indicators.technical_indicators:calculate_sma:157 | 计算 5 日简单移动平均线完成
2026-05-04 16:26:34 | INFO     | src.indicators.technical_indicators:calculate_sma:157 | 计算 10 日简单移动平均线完成
2026-05-04 16:26:34 | INFO     | src.indicators.technical_indicators:calculate_sma:157 | 计算 20 日简单移动平均线完成
2026-05-04 16:26:34 | INFO     | src.indicators.technical_indicators:calculate_sma:157 | 计算 30 日简单移动平均线完成
2026-05-04 16:26:34 | INFO     | src.indicators.technical_indicators:calculate_sma:157 | 计算 60 日简单移动平均线完成
2026-05-04 16:26:34 | INFO     | src.indicators.technical_indicators:calculate_sma:157 | 计算 120 日简单移动平均线完成
2026-05-04 16:26:34 | INFO     | src.indicators.technical_indicators:calculate_sma:157 | 计算 250 日简单移动平均线完成
2026-05-04 16:26:34 | INFO     | src.indicators.technical_indicators:calculate_ema:182 | 计算 12 日指数移动平均线完成
2026-05-04 16:26:34 | INFO     | src.indicators.technical_indicators:calculate_ema:182 | 计算 26 日指数移动平均线完成
2026-05-04 16:26:34 | INFO     | src.indicators.technical_indicators:calculate_rsi:221 | 计算 6 日RSI完成
2026-05-04 16:26:34 | INFO     | src.indicators.technical_indicators:calculate_rsi:221 | 计算 12 日RSI完成
2026-05-04 16:26:34 | INFO     | src.indicators.technical_indicators:calculate_rsi:221 | 计算 24 日RSI完成
2026-05-04 16:26:34 | INFO     | src.indicators.technical_indicators:calculate_macd:263 | 计算MACD完成：快线=12, 慢线=26, 信号线=9
2026-05-04 16:26:34 | INFO     | src.indicators.technical_indicators:calculate_macd:263 | 计算MACD完成：快线=12, 慢线=26, 信号线=12
2026-05-04 16:26:34 | INFO     | src.indicators.technical_indicators:calculate_boll:303 | 计算布林带完成：周期=20, 标准差倍数=2
2026-05-04 16:26:34 | INFO     | src.indicators.technical_indicators:calculate_kdj:350 | 计算KDJ完成：K周期=9, D周期=3, J周期=3
2026-05-04 16:26:34 | INFO     | src.indicators.technical_indicators:calculate_kdj:350 | 计算KDJ完成：K周期=10, D周期=3, J周期=3
2026-05-04 16:26:34 | INFO     | src.indicators.technical_indicators:calculate_atr:385 | 计算 10 日ATR完成
2026-05-04 16:26:34 | INFO     | src.indicators.technical_indicators:calculate_cci:446 | 计算 20 日CCI完成
2026-05-04 16:26:34 | INFO     | src.indicators.technical_indicators:calculate_williams_r:476 | 计算 10 日威廉指标完成
2026-05-04 16:26:34 | INFO     | src.indicators.technical_indicators:calculate_ma:133 | 计算 5 日移动平均线完成
2026-05-04 16:26:34 | INFO     | src.indicators.technical_indicators:calculate_bias:500 | 计算 5 日乖离率完成
2026-05-04 16:26:34 | INFO     | src.indicators.technical_indicators:calculate_ma:133 | 计算 10 日移动平均线完成
2026-05-04 16:26:34 | INFO     | src.indicators.technical_indicators:calculate_bias:500 | 计算 10 日乖离率完成
2026-05-04 16:26:34 | INFO     | src.indicators.technical_indicators:calculate_ma:133 | 计算 20 日移动平均线完成
2026-05-04 16:26:34 | INFO     | src.indicators.technical_indicators:calculate_bias:500 | 计算 20 日乖离率完成
2026-05-04 16:26:34 | INFO     | src.indicators.technical_indicators:calculate_ma:133 | 计算 30 日移动平均线完成
2026-05-04 16:26:34 | INFO     | src.indicators.technical_indicators:calculate_bias:500 | 计算 30 日乖离率完成
2026-05-04 16:26:34 | INFO     | src.indicators.technical_indicators:calculate_ma:133 | 计算 60 日移动平均线完成
2026-05-04 16:26:34 | INFO     | src.indicators.technical_indicators:calculate_bias:500 | 计算 60 日乖离率完成
2026-05-04 16:26:34 | INFO     | src.indicators.technical_indicators:calculate_ma:133 | 计算 120 日移动平均线完成
2026-05-04 16:26:34 | INFO     | src.indicators.technical_indicators:calculate_bias:500 | 计算 120 日乖离率完成
2026-05-04 16:26:34 | INFO     | src.indicators.technical_indicators:calculate_ma:133 | 计算 250 日移动平均线完成
2026-05-04 16:26:34 | INFO     | src.indicators.technical_indicators:calculate_bias:500 | 计算 250 日乖离率完成
2026-05-04 16:26:34 | INFO     | src.indicators.technical_indicators:calculate_psy:523 | 计算 10 日心理线完成
2026-05-04 16:26:34 | INFO     | src.indicators.technical_indicators:calculate_all:640 | 完成计算 45 个技术指标
2026-05-04 16:26:34 | INFO     | src.core.data_fetcher:save_data:432 | 保存数据到 csv 文件: 688778_with_indicators
2026-05-04 16:26:34 | INFO     | src.core.data_fetcher:save_data:452 | 数据保存成功: ./data\688778_with_indicators.csv
2026-05-04 16:26:34 | INFO     | src.workflow.base:calculate_technical_indicators:170 | 计算股票 300450 的技术指标
2026-05-04 16:26:34 | INFO     | src.indicators.technical_indicators:calculate_ma:133 | 计算 5 日移动平均线完成
2026-05-04 16:26:34 | INFO     | src.indicators.technical_indicators:calculate_ma:133 | 计算 10 日移动平均线完成
2026-05-04 16:26:34 | INFO     | src.indicators.technical_indicators:calculate_ma:133 | 计算 20 日移动平均线完成
2026-05-04 16:26:34 | INFO     | src.indicators.technical_indicators:calculate_ma:133 | 计算 30 日移动平均线完成
2026-05-04 16:26:34 | INFO     | src.indicators.technical_indicators:calculate_ma:133 | 计算 60 日移动平均线完成
2026-05-04 16:26:34 | INFO     | src.indicators.technical_indicators:calculate_ma:133 | 计算 120 日移动平均线完成
2026-05-04 16:26:34 | INFO     | src.indicators.technical_indicators:calculate_ma:133 | 计算 250 日移动平均线完成
2026-05-04 16:26:34 | INFO     | src.indicators.technical_indicators:calculate_sma:157 | 计算 5 日简单移动平均线完成
2026-05-04 16:26:34 | INFO     | src.indicators.technical_indicators:calculate_sma:157 | 计算 10 日简单移动平均线完成
2026-05-04 16:26:34 | INFO     | src.indicators.technical_indicators:calculate_sma:157 | 计算 20 日简单移动平均线完成
2026-05-04 16:26:34 | INFO     | src.indicators.technical_indicators:calculate_sma:157 | 计算 30 日简单移动平均线完成
2026-05-04 16:26:34 | INFO     | src.indicators.technical_indicators:calculate_sma:157 | 计算 60 日简单移动平均线完成
2026-05-04 16:26:34 | INFO     | src.indicators.technical_indicators:calculate_sma:157 | 计算 120 日简单移动平均线完成
2026-05-04 16:26:34 | INFO     | src.indicators.technical_indicators:calculate_sma:157 | 计算 250 日简单移动平均线完成
2026-05-04 16:26:34 | INFO     | src.indicators.technical_indicators:calculate_ema:182 | 计算 12 日指数移动平均线完成
2026-05-04 16:26:34 | INFO     | src.indicators.technical_indicators:calculate_ema:182 | 计算 26 日指数移动平均线完成
2026-05-04 16:26:34 | INFO     | src.indicators.technical_indicators:calculate_rsi:221 | 计算 6 日RSI完成
2026-05-04 16:26:34 | INFO     | src.indicators.technical_indicators:calculate_rsi:221 | 计算 12 日RSI完成
2026-05-04 16:26:34 | INFO     | src.indicators.technical_indicators:calculate_rsi:221 | 计算 24 日RSI完成
2026-05-04 16:26:34 | INFO     | src.indicators.technical_indicators:calculate_macd:263 | 计算MACD完成：快线=12, 慢线=26, 信号线=9
2026-05-04 16:26:34 | INFO     | src.indicators.technical_indicators:calculate_macd:263 | 计算MACD完成：快线=12, 慢线=26, 信号线=12
2026-05-04 16:26:34 | INFO     | src.indicators.technical_indicators:calculate_boll:303 | 计算布林带完成：周期=20, 标准差倍数=2
2026-05-04 16:26:34 | INFO     | src.indicators.technical_indicators:calculate_kdj:350 | 计算KDJ完成：K周期=9, D周期=3, J周期=3
2026-05-04 16:26:34 | INFO     | src.indicators.technical_indicators:calculate_kdj:350 | 计算KDJ完成：K周期=10, D周期=3, J周期=3
2026-05-04 16:26:34 | INFO     | src.indicators.technical_indicators:calculate_atr:385 | 计算 10 日ATR完成
2026-05-04 16:26:34 | INFO     | src.indicators.technical_indicators:calculate_cci:446 | 计算 20 日CCI完成
2026-05-04 16:26:34 | INFO     | src.indicators.technical_indicators:calculate_williams_r:476 | 计算 10 日威廉指标完成
2026-05-04 16:26:34 | INFO     | src.indicators.technical_indicators:calculate_ma:133 | 计算 5 日移动平均线完成
2026-05-04 16:26:34 | INFO     | src.indicators.technical_indicators:calculate_bias:500 | 计算 5 日乖离率完成
2026-05-04 16:26:34 | INFO     | src.indicators.technical_indicators:calculate_ma:133 | 计算 10 日移动平均线完成
2026-05-04 16:26:34 | INFO     | src.indicators.technical_indicators:calculate_bias:500 | 计算 10 日乖离率完成
2026-05-04 16:26:34 | INFO     | src.indicators.technical_indicators:calculate_ma:133 | 计算 20 日移动平均线完成
2026-05-04 16:26:34 | INFO     | src.indicators.technical_indicators:calculate_bias:500 | 计算 20 日乖离率完成
2026-05-04 16:26:34 | INFO     | src.indicators.technical_indicators:calculate_ma:133 | 计算 30 日移动平均线完成
2026-05-04 16:26:34 | INFO     | src.indicators.technical_indicators:calculate_bias:500 | 计算 30 日乖离率完成
2026-05-04 16:26:34 | INFO     | src.indicators.technical_indicators:calculate_ma:133 | 计算 60 日移动平均线完成
2026-05-04 16:26:34 | INFO     | src.indicators.technical_indicators:calculate_bias:500 | 计算 60 日乖离率完成
2026-05-04 16:26:34 | INFO     | src.indicators.technical_indicators:calculate_ma:133 | 计算 120 日移动平均线完成
2026-05-04 16:26:34 | INFO     | src.indicators.technical_indicators:calculate_bias:500 | 计算 120 日乖离率完成
2026-05-04 16:26:34 | INFO     | src.indicators.technical_indicators:calculate_ma:133 | 计算 250 日移动平均线完成
2026-05-04 16:26:34 | INFO     | src.indicators.technical_indicators:calculate_bias:500 | 计算 250 日乖离率完成
2026-05-04 16:26:34 | INFO     | src.indicators.technical_indicators:calculate_psy:523 | 计算 10 日心理线完成
2026-05-04 16:26:34 | INFO     | src.indicators.technical_indicators:calculate_all:640 | 完成计算 45 个技术指标
2026-05-04 16:26:34 | INFO     | src.core.data_fetcher:save_data:432 | 保存数据到 csv 文件: 300450_with_indicators
2026-05-04 16:26:34 | INFO     | src.core.data_fetcher:save_data:452 | 数据保存成功: ./data\300450_with_indicators.csv
2026-05-04 16:26:34 | INFO     | src.workflow.base:calculate_technical_indicators:170 | 计算股票 301662 的技术指标
2026-05-04 16:26:34 | INFO     | src.indicators.technical_indicators:calculate_ma:133 | 计算 5 日移动平均线完成
2026-05-04 16:26:34 | INFO     | src.indicators.technical_indicators:calculate_ma:133 | 计算 10 日移动平均线完成
2026-05-04 16:26:34 | INFO     | src.indicators.technical_indicators:calculate_ma:133 | 计算 20 日移动平均线完成
2026-05-04 16:26:34 | INFO     | src.indicators.technical_indicators:calculate_ma:133 | 计算 30 日移动平均线完成
2026-05-04 16:26:34 | INFO     | src.indicators.technical_indicators:calculate_ma:133 | 计算 60 日移动平均线完成
2026-05-04 16:26:34 | INFO     | src.indicators.technical_indicators:calculate_ma:133 | 计算 120 日移动平均线完成
2026-05-04 16:26:34 | INFO     | src.indicators.technical_indicators:calculate_ma:133 | 计算 250 日移动平均线完成
2026-05-04 16:26:34 | INFO     | src.indicators.technical_indicators:calculate_sma:157 | 计算 5 日简单移动平均线完成
2026-05-04 16:26:34 | INFO     | src.indicators.technical_indicators:calculate_sma:157 | 计算 10 日简单移动平均线完成
2026-05-04 16:26:34 | INFO     | src.indicators.technical_indicators:calculate_sma:157 | 计算 20 日简单移动平均线完成
2026-05-04 16:26:34 | INFO     | src.indicators.technical_indicators:calculate_sma:157 | 计算 30 日简单移动平均线完成
2026-05-04 16:26:34 | INFO     | src.indicators.technical_indicators:calculate_sma:157 | 计算 60 日简单移动平均线完成
2026-05-04 16:26:34 | INFO     | src.indicators.technical_indicators:calculate_sma:157 | 计算 120 日简单移动平均线完成
2026-05-04 16:26:34 | INFO     | src.indicators.technical_indicators:calculate_sma:157 | 计算 250 日简单移动平均线完成
2026-05-04 16:26:34 | INFO     | src.indicators.technical_indicators:calculate_ema:182 | 计算 12 日指数移动平均线完成
2026-05-04 16:26:34 | INFO     | src.indicators.technical_indicators:calculate_ema:182 | 计算 26 日指数移动平均线完成
2026-05-04 16:26:34 | INFO     | src.indicators.technical_indicators:calculate_rsi:221 | 计算 6 日RSI完成
2026-05-04 16:26:34 | INFO     | src.indicators.technical_indicators:calculate_rsi:221 | 计算 12 日RSI完成
2026-05-04 16:26:34 | INFO     | src.indicators.technical_indicators:calculate_rsi:221 | 计算 24 日RSI完成
2026-05-04 16:26:34 | INFO     | src.indicators.technical_indicators:calculate_macd:263 | 计算MACD完成：快线=12, 慢线=26, 信号线=9
2026-05-04 16:26:34 | INFO     | src.indicators.technical_indicators:calculate_macd:263 | 计算MACD完成：快线=12, 慢线=26, 信号线=12
2026-05-04 16:26:34 | INFO     | src.indicators.technical_indicators:calculate_boll:303 | 计算布林带完成：周期=20, 标准差倍数=2
2026-05-04 16:26:34 | INFO     | src.indicators.technical_indicators:calculate_kdj:350 | 计算KDJ完成：K周期=9, D周期=3, J周期=3
2026-05-04 16:26:34 | INFO     | src.indicators.technical_indicators:calculate_kdj:350 | 计算KDJ完成：K周期=10, D周期=3, J周期=3
2026-05-04 16:26:34 | INFO     | src.indicators.technical_indicators:calculate_atr:385 | 计算 10 日ATR完成
2026-05-04 16:26:34 | INFO     | src.indicators.technical_indicators:calculate_cci:446 | 计算 20 日CCI完成
2026-05-04 16:26:34 | INFO     | src.indicators.technical_indicators:calculate_williams_r:476 | 计算 10 日威廉指标完成
2026-05-04 16:26:34 | INFO     | src.indicators.technical_indicators:calculate_ma:133 | 计算 5 日移动平均线完成
2026-05-04 16:26:34 | INFO     | src.indicators.technical_indicators:calculate_bias:500 | 计算 5 日乖离率完成
2026-05-04 16:26:34 | INFO     | src.indicators.technical_indicators:calculate_ma:133 | 计算 10 日移动平均线完成
2026-05-04 16:26:34 | INFO     | src.indicators.technical_indicators:calculate_bias:500 | 计算 10 日乖离率完成
2026-05-04 16:26:34 | INFO     | src.indicators.technical_indicators:calculate_ma:133 | 计算 20 日移动平均线完成
2026-05-04 16:26:34 | INFO     | src.indicators.technical_indicators:calculate_bias:500 | 计算 20 日乖离率完成
2026-05-04 16:26:34 | INFO     | src.indicators.technical_indicators:calculate_ma:133 | 计算 30 日移动平均线完成
2026-05-04 16:26:34 | INFO     | src.indicators.technical_indicators:calculate_bias:500 | 计算 30 日乖离率完成
2026-05-04 16:26:34 | INFO     | src.indicators.technical_indicators:calculate_ma:133 | 计算 60 日移动平均线完成
2026-05-04 16:26:34 | INFO     | src.indicators.technical_indicators:calculate_bias:500 | 计算 60 日乖离率完成
2026-05-04 16:26:34 | INFO     | src.indicators.technical_indicators:calculate_ma:133 | 计算 120 日移动平均线完成
2026-05-04 16:26:34 | INFO     | src.indicators.technical_indicators:calculate_bias:500 | 计算 120 日乖离率完成
2026-05-04 16:26:34 | INFO     | src.indicators.technical_indicators:calculate_ma:133 | 计算 250 日移动平均线完成
2026-05-04 16:26:34 | INFO     | src.indicators.technical_indicators:calculate_bias:500 | 计算 250 日乖离率完成
2026-05-04 16:26:34 | INFO     | src.indicators.technical_indicators:calculate_psy:523 | 计算 10 日心理线完成
2026-05-04 16:26:34 | INFO     | src.indicators.technical_indicators:calculate_all:640 | 完成计算 45 个技术指标
2026-05-04 16:26:34 | INFO     | src.core.data_fetcher:save_data:432 | 保存数据到 csv 文件: 301662_with_indicators
2026-05-04 16:26:34 | INFO     | src.core.data_fetcher:save_data:452 | 数据保存成功: ./data\301662_with_indicators.csv
2026-05-04 16:26:34 | INFO     | src.workflow.base:calculate_technical_indicators:170 | 计算股票 688155 的技术指标
2026-05-04 16:26:34 | INFO     | src.indicators.technical_indicators:calculate_ma:133 | 计算 5 日移动平均线完成
2026-05-04 16:26:34 | INFO     | src.indicators.technical_indicators:calculate_ma:133 | 计算 10 日移动平均线完成
2026-05-04 16:26:34 | INFO     | src.indicators.technical_indicators:calculate_ma:133 | 计算 20 日移动平均线完成
2026-05-04 16:26:34 | INFO     | src.indicators.technical_indicators:calculate_ma:133 | 计算 30 日移动平均线完成
2026-05-04 16:26:34 | INFO     | src.indicators.technical_indicators:calculate_ma:133 | 计算 60 日移动平均线完成
2026-05-04 16:26:34 | INFO     | src.indicators.technical_indicators:calculate_ma:133 | 计算 120 日移动平均线完成
2026-05-04 16:26:34 | INFO     | src.indicators.technical_indicators:calculate_ma:133 | 计算 250 日移动平均线完成
2026-05-04 16:26:34 | INFO     | src.indicators.technical_indicators:calculate_sma:157 | 计算 5 日简单移动平均线完成
2026-05-04 16:26:34 | INFO     | src.indicators.technical_indicators:calculate_sma:157 | 计算 10 日简单移动平均线完成
2026-05-04 16:26:34 | INFO     | src.indicators.technical_indicators:calculate_sma:157 | 计算 20 日简单移动平均线完成
2026-05-04 16:26:34 | INFO     | src.indicators.technical_indicators:calculate_sma:157 | 计算 30 日简单移动平均线完成
2026-05-04 16:26:34 | INFO     | src.indicators.technical_indicators:calculate_sma:157 | 计算 60 日简单移动平均线完成
2026-05-04 16:26:34 | INFO     | src.indicators.technical_indicators:calculate_sma:157 | 计算 120 日简单移动平均线完成
2026-05-04 16:26:34 | INFO     | src.indicators.technical_indicators:calculate_sma:157 | 计算 250 日简单移动平均线完成
2026-05-04 16:26:34 | INFO     | src.indicators.technical_indicators:calculate_ema:182 | 计算 12 日指数移动平均线完成
2026-05-04 16:26:34 | INFO     | src.indicators.technical_indicators:calculate_ema:182 | 计算 26 日指数移动平均线完成
2026-05-04 16:26:34 | INFO     | src.indicators.technical_indicators:calculate_rsi:221 | 计算 6 日RSI完成
2026-05-04 16:26:34 | INFO     | src.indicators.technical_indicators:calculate_rsi:221 | 计算 12 日RSI完成
2026-05-04 16:26:34 | INFO     | src.indicators.technical_indicators:calculate_rsi:221 | 计算 24 日RSI完成
2026-05-04 16:26:34 | INFO     | src.indicators.technical_indicators:calculate_macd:263 | 计算MACD完成：快线=12, 慢线=26, 信号线=9
2026-05-04 16:26:34 | INFO     | src.indicators.technical_indicators:calculate_macd:263 | 计算MACD完成：快线=12, 慢线=26, 信号线=12
2026-05-04 16:26:34 | INFO     | src.indicators.technical_indicators:calculate_boll:303 | 计算布林带完成：周期=20, 标准差倍数=2
2026-05-04 16:26:34 | INFO     | src.indicators.technical_indicators:calculate_kdj:350 | 计算KDJ完成：K周期=9, D周期=3, J周期=3
2026-05-04 16:26:34 | INFO     | src.indicators.technical_indicators:calculate_kdj:350 | 计算KDJ完成：K周期=10, D周期=3, J周期=3
2026-05-04 16:26:34 | INFO     | src.indicators.technical_indicators:calculate_atr:385 | 计算 10 日ATR完成
2026-05-04 16:26:34 | INFO     | src.indicators.technical_indicators:calculate_cci:446 | 计算 20 日CCI完成
2026-05-04 16:26:34 | INFO     | src.indicators.technical_indicators:calculate_williams_r:476 | 计算 10 日威廉指标完成
2026-05-04 16:26:34 | INFO     | src.indicators.technical_indicators:calculate_ma:133 | 计算 5 日移动平均线完成
2026-05-04 16:26:34 | INFO     | src.indicators.technical_indicators:calculate_bias:500 | 计算 5 日乖离率完成
2026-05-04 16:26:34 | INFO     | src.indicators.technical_indicators:calculate_ma:133 | 计算 10 日移动平均线完成
2026-05-04 16:26:34 | INFO     | src.indicators.technical_indicators:calculate_bias:500 | 计算 10 日乖离率完成
2026-05-04 16:26:34 | INFO     | src.indicators.technical_indicators:calculate_ma:133 | 计算 20 日移动平均线完成
2026-05-04 16:26:34 | INFO     | src.indicators.technical_indicators:calculate_bias:500 | 计算 20 日乖离率完成
2026-05-04 16:26:34 | INFO     | src.indicators.technical_indicators:calculate_ma:133 | 计算 30 日移动平均线完成
2026-05-04 16:26:34 | INFO     | src.indicators.technical_indicators:calculate_bias:500 | 计算 30 日乖离率完成
2026-05-04 16:26:34 | INFO     | src.indicators.technical_indicators:calculate_ma:133 | 计算 60 日移动平均线完成
2026-05-04 16:26:34 | INFO     | src.indicators.technical_indicators:calculate_bias:500 | 计算 60 日乖离率完成
2026-05-04 16:26:34 | INFO     | src.indicators.technical_indicators:calculate_ma:133 | 计算 120 日移动平均线完成
2026-05-04 16:26:34 | INFO     | src.indicators.technical_indicators:calculate_bias:500 | 计算 120 日乖离率完成
2026-05-04 16:26:34 | INFO     | src.indicators.technical_indicators:calculate_ma:133 | 计算 250 日移动平均线完成
2026-05-04 16:26:34 | INFO     | src.indicators.technical_indicators:calculate_bias:500 | 计算 250 日乖离率完成
2026-05-04 16:26:34 | INFO     | src.indicators.technical_indicators:calculate_psy:523 | 计算 10 日心理线完成
2026-05-04 16:26:34 | INFO     | src.indicators.technical_indicators:calculate_all:640 | 完成计算 45 个技术指标
2026-05-04 16:26:34 | INFO     | src.core.data_fetcher:save_data:432 | 保存数据到 csv 文件: 688155_with_indicators
2026-05-04 16:26:34 | INFO     | src.core.data_fetcher:save_data:452 | 数据保存成功: ./data\688155_with_indicators.csv
2026-05-04 16:26:34 | INFO     | src.workflow.base:calculate_technical_indicators:170 | 计算股票 603663 的技术指标
2026-05-04 16:26:34 | INFO     | src.indicators.technical_indicators:calculate_ma:133 | 计算 5 日移动平均线完成
2026-05-04 16:26:34 | INFO     | src.indicators.technical_indicators:calculate_ma:133 | 计算 10 日移动平均线完成
2026-05-04 16:26:34 | INFO     | src.indicators.technical_indicators:calculate_ma:133 | 计算 20 日移动平均线完成
2026-05-04 16:26:34 | INFO     | src.indicators.technical_indicators:calculate_ma:133 | 计算 30 日移动平均线完成
2026-05-04 16:26:34 | INFO     | src.indicators.technical_indicators:calculate_ma:133 | 计算 60 日移动平均线完成
2026-05-04 16:26:34 | INFO     | src.indicators.technical_indicators:calculate_ma:133 | 计算 120 日移动平均线完成
2026-05-04 16:26:34 | INFO     | src.indicators.technical_indicators:calculate_ma:133 | 计算 250 日移动平均线完成
2026-05-04 16:26:34 | INFO     | src.indicators.technical_indicators:calculate_sma:157 | 计算 5 日简单移动平均线完成
2026-05-04 16:26:34 | INFO     | src.indicators.technical_indicators:calculate_sma:157 | 计算 10 日简单移动平均线完成
2026-05-04 16:26:34 | INFO     | src.indicators.technical_indicators:calculate_sma:157 | 计算 20 日简单移动平均线完成
2026-05-04 16:26:34 | INFO     | src.indicators.technical_indicators:calculate_sma:157 | 计算 30 日简单移动平均线完成
2026-05-04 16:26:34 | INFO     | src.indicators.technical_indicators:calculate_sma:157 | 计算 60 日简单移动平均线完成
2026-05-04 16:26:34 | INFO     | src.indicators.technical_indicators:calculate_sma:157 | 计算 120 日简单移动平均线完成
2026-05-04 16:26:34 | INFO     | src.indicators.technical_indicators:calculate_sma:157 | 计算 250 日简单移动平均线完成
2026-05-04 16:26:34 | INFO     | src.indicators.technical_indicators:calculate_ema:182 | 计算 12 日指数移动平均线完成
2026-05-04 16:26:34 | INFO     | src.indicators.technical_indicators:calculate_ema:182 | 计算 26 日指数移动平均线完成
2026-05-04 16:26:34 | INFO     | src.indicators.technical_indicators:calculate_rsi:221 | 计算 6 日RSI完成
2026-05-04 16:26:34 | INFO     | src.indicators.technical_indicators:calculate_rsi:221 | 计算 12 日RSI完成
2026-05-04 16:26:34 | INFO     | src.indicators.technical_indicators:calculate_rsi:221 | 计算 24 日RSI完成
2026-05-04 16:26:34 | INFO     | src.indicators.technical_indicators:calculate_macd:263 | 计算MACD完成：快线=12, 慢线=26, 信号线=9
2026-05-04 16:26:34 | INFO     | src.indicators.technical_indicators:calculate_macd:263 | 计算MACD完成：快线=12, 慢线=26, 信号线=12
2026-05-04 16:26:34 | INFO     | src.indicators.technical_indicators:calculate_boll:303 | 计算布林带完成：周期=20, 标准差倍数=2
2026-05-04 16:26:34 | INFO     | src.indicators.technical_indicators:calculate_kdj:350 | 计算KDJ完成：K周期=9, D周期=3, J周期=3
2026-05-04 16:26:34 | INFO     | src.indicators.technical_indicators:calculate_kdj:350 | 计算KDJ完成：K周期=10, D周期=3, J周期=3
2026-05-04 16:26:34 | INFO     | src.indicators.technical_indicators:calculate_atr:385 | 计算 10 日ATR完成
2026-05-04 16:26:35 | INFO     | src.indicators.technical_indicators:calculate_cci:446 | 计算 20 日CCI完成
2026-05-04 16:26:35 | INFO     | src.indicators.technical_indicators:calculate_williams_r:476 | 计算 10 日威廉指标完成
2026-05-04 16:26:35 | INFO     | src.indicators.technical_indicators:calculate_ma:133 | 计算 5 日移动平均线完成
2026-05-04 16:26:35 | INFO     | src.indicators.technical_indicators:calculate_bias:500 | 计算 5 日乖离率完成
2026-05-04 16:26:35 | INFO     | src.indicators.technical_indicators:calculate_ma:133 | 计算 10 日移动平均线完成
2026-05-04 16:26:35 | INFO     | src.indicators.technical_indicators:calculate_bias:500 | 计算 10 日乖离率完成
2026-05-04 16:26:35 | INFO     | src.indicators.technical_indicators:calculate_ma:133 | 计算 20 日移动平均线完成
2026-05-04 16:26:35 | INFO     | src.indicators.technical_indicators:calculate_bias:500 | 计算 20 日乖离率完成
2026-05-04 16:26:35 | INFO     | src.indicators.technical_indicators:calculate_ma:133 | 计算 30 日移动平均线完成
2026-05-04 16:26:35 | INFO     | src.indicators.technical_indicators:calculate_bias:500 | 计算 30 日乖离率完成
2026-05-04 16:26:35 | INFO     | src.indicators.technical_indicators:calculate_ma:133 | 计算 60 日移动平均线完成
2026-05-04 16:26:35 | INFO     | src.indicators.technical_indicators:calculate_bias:500 | 计算 60 日乖离率完成
2026-05-04 16:26:35 | INFO     | src.indicators.technical_indicators:calculate_ma:133 | 计算 120 日移动平均线完成
2026-05-04 16:26:35 | INFO     | src.indicators.technical_indicators:calculate_bias:500 | 计算 120 日乖离率完成
2026-05-04 16:26:35 | INFO     | src.indicators.technical_indicators:calculate_ma:133 | 计算 250 日移动平均线完成
2026-05-04 16:26:35 | INFO     | src.indicators.technical_indicators:calculate_bias:500 | 计算 250 日乖离率完成
2026-05-04 16:26:35 | INFO     | src.indicators.technical_indicators:calculate_psy:523 | 计算 10 日心理线完成
2026-05-04 16:26:35 | INFO     | src.indicators.technical_indicators:calculate_all:640 | 完成计算 45 个技术指标
2026-05-04 16:26:35 | INFO     | src.core.data_fetcher:save_data:432 | 保存数据到 csv 文件: 603663_with_indicators
2026-05-04 16:26:35 | INFO     | src.core.data_fetcher:save_data:452 | 数据保存成功: ./data\603663_with_indicators.csv
2026-05-04 16:26:35 | INFO     | src.workflow.base:calculate_technical_indicators:170 | 计算股票 688147 的技术指标
2026-05-04 16:26:35 | INFO     | src.indicators.technical_indicators:calculate_ma:133 | 计算 5 日移动平均线完成
2026-05-04 16:26:35 | INFO     | src.indicators.technical_indicators:calculate_ma:133 | 计算 10 日移动平均线完成
2026-05-04 16:26:35 | INFO     | src.indicators.technical_indicators:calculate_ma:133 | 计算 20 日移动平均线完成
2026-05-04 16:26:35 | INFO     | src.indicators.technical_indicators:calculate_ma:133 | 计算 30 日移动平均线完成
2026-05-04 16:26:35 | INFO     | src.indicators.technical_indicators:calculate_ma:133 | 计算 60 日移动平均线完成
2026-05-04 16:26:35 | INFO     | src.indicators.technical_indicators:calculate_ma:133 | 计算 120 日移动平均线完成
2026-05-04 16:26:35 | INFO     | src.indicators.technical_indicators:calculate_ma:133 | 计算 250 日移动平均线完成
2026-05-04 16:26:35 | INFO     | src.indicators.technical_indicators:calculate_sma:157 | 计算 5 日简单移动平均线完成
2026-05-04 16:26:35 | INFO     | src.indicators.technical_indicators:calculate_sma:157 | 计算 10 日简单移动平均线完成
2026-05-04 16:26:35 | INFO     | src.indicators.technical_indicators:calculate_sma:157 | 计算 20 日简单移动平均线完成
2026-05-04 16:26:35 | INFO     | src.indicators.technical_indicators:calculate_sma:157 | 计算 30 日简单移动平均线完成
2026-05-04 16:26:35 | INFO     | src.indicators.technical_indicators:calculate_sma:157 | 计算 60 日简单移动平均线完成
2026-05-04 16:26:35 | INFO     | src.indicators.technical_indicators:calculate_sma:157 | 计算 120 日简单移动平均线完成
2026-05-04 16:26:35 | INFO     | src.indicators.technical_indicators:calculate_sma:157 | 计算 250 日简单移动平均线完成
2026-05-04 16:26:35 | INFO     | src.indicators.technical_indicators:calculate_ema:182 | 计算 12 日指数移动平均线完成
2026-05-04 16:26:35 | INFO     | src.indicators.technical_indicators:calculate_ema:182 | 计算 26 日指数移动平均线完成
2026-05-04 16:26:35 | INFO     | src.indicators.technical_indicators:calculate_rsi:221 | 计算 6 日RSI完成
2026-05-04 16:26:35 | INFO     | src.indicators.technical_indicators:calculate_rsi:221 | 计算 12 日RSI完成
2026-05-04 16:26:35 | INFO     | src.indicators.technical_indicators:calculate_rsi:221 | 计算 24 日RSI完成
2026-05-04 16:26:35 | INFO     | src.indicators.technical_indicators:calculate_macd:263 | 计算MACD完成：快线=12, 慢线=26, 信号线=9
2026-05-04 16:26:35 | INFO     | src.indicators.technical_indicators:calculate_macd:263 | 计算MACD完成：快线=12, 慢线=26, 信号线=12
2026-05-04 16:26:35 | INFO     | src.indicators.technical_indicators:calculate_boll:303 | 计算布林带完成：周期=20, 标准差倍数=2
2026-05-04 16:26:35 | INFO     | src.indicators.technical_indicators:calculate_kdj:350 | 计算KDJ完成：K周期=9, D周期=3, J周期=3
2026-05-04 16:26:35 | INFO     | src.indicators.technical_indicators:calculate_kdj:350 | 计算KDJ完成：K周期=10, D周期=3, J周期=3
2026-05-04 16:26:35 | INFO     | src.indicators.technical_indicators:calculate_atr:385 | 计算 10 日ATR完成
2026-05-04 16:26:35 | INFO     | src.indicators.technical_indicators:calculate_cci:446 | 计算 20 日CCI完成
2026-05-04 16:26:35 | INFO     | src.indicators.technical_indicators:calculate_williams_r:476 | 计算 10 日威廉指标完成
2026-05-04 16:26:35 | INFO     | src.indicators.technical_indicators:calculate_ma:133 | 计算 5 日移动平均线完成
2026-05-04 16:26:35 | INFO     | src.indicators.technical_indicators:calculate_bias:500 | 计算 5 日乖离率完成
2026-05-04 16:26:35 | INFO     | src.indicators.technical_indicators:calculate_ma:133 | 计算 10 日移动平均线完成
2026-05-04 16:26:35 | INFO     | src.indicators.technical_indicators:calculate_bias:500 | 计算 10 日乖离率完成
2026-05-04 16:26:35 | INFO     | src.indicators.technical_indicators:calculate_ma:133 | 计算 20 日移动平均线完成
2026-05-04 16:26:35 | INFO     | src.indicators.technical_indicators:calculate_bias:500 | 计算 20 日乖离率完成
2026-05-04 16:26:35 | INFO     | src.indicators.technical_indicators:calculate_ma:133 | 计算 30 日移动平均线完成
2026-05-04 16:26:35 | INFO     | src.indicators.technical_indicators:calculate_bias:500 | 计算 30 日乖离率完成
2026-05-04 16:26:35 | INFO     | src.indicators.technical_indicators:calculate_ma:133 | 计算 60 日移动平均线完成
2026-05-04 16:26:35 | INFO     | src.indicators.technical_indicators:calculate_bias:500 | 计算 60 日乖离率完成
2026-05-04 16:26:35 | INFO     | src.indicators.technical_indicators:calculate_ma:133 | 计算 120 日移动平均线完成
2026-05-04 16:26:35 | INFO     | src.indicators.technical_indicators:calculate_bias:500 | 计算 120 日乖离率完成
2026-05-04 16:26:35 | INFO     | src.indicators.technical_indicators:calculate_ma:133 | 计算 250 日移动平均线完成
2026-05-04 16:26:35 | INFO     | src.indicators.technical_indicators:calculate_bias:500 | 计算 250 日乖离率完成
2026-05-04 16:26:35 | INFO     | src.indicators.technical_indicators:calculate_psy:523 | 计算 10 日心理线完成
2026-05-04 16:26:35 | INFO     | src.indicators.technical_indicators:calculate_all:640 | 完成计算 45 个技术指标
2026-05-04 16:26:35 | INFO     | src.core.data_fetcher:save_data:432 | 保存数据到 csv 文件: 688147_with_indicators
2026-05-04 16:26:35 | INFO     | src.core.data_fetcher:save_data:452 | 数据保存成功: ./data\688147_with_indicators.csv
2026-05-04 16:26:35 | INFO     | src.workflow.base:calculate_technical_indicators:170 | 计算股票 002203 的技术指标
2026-05-04 16:26:35 | INFO     | src.indicators.technical_indicators:calculate_ma:133 | 计算 5 日移动平均线完成
2026-05-04 16:26:35 | INFO     | src.indicators.technical_indicators:calculate_ma:133 | 计算 10 日移动平均线完成
2026-05-04 16:26:35 | INFO     | src.indicators.technical_indicators:calculate_ma:133 | 计算 20 日移动平均线完成
2026-05-04 16:26:35 | INFO     | src.indicators.technical_indicators:calculate_ma:133 | 计算 30 日移动平均线完成
2026-05-04 16:26:35 | INFO     | src.indicators.technical_indicators:calculate_ma:133 | 计算 60 日移动平均线完成
2026-05-04 16:26:35 | INFO     | src.indicators.technical_indicators:calculate_ma:133 | 计算 120 日移动平均线完成
2026-05-04 16:26:35 | INFO     | src.indicators.technical_indicators:calculate_ma:133 | 计算 250 日移动平均线完成
2026-05-04 16:26:35 | INFO     | src.indicators.technical_indicators:calculate_sma:157 | 计算 5 日简单移动平均线完成
2026-05-04 16:26:35 | INFO     | src.indicators.technical_indicators:calculate_sma:157 | 计算 10 日简单移动平均线完成
2026-05-04 16:26:35 | INFO     | src.indicators.technical_indicators:calculate_sma:157 | 计算 20 日简单移动平均线完成
2026-05-04 16:26:35 | INFO     | src.indicators.technical_indicators:calculate_sma:157 | 计算 30 日简单移动平均线完成
2026-05-04 16:26:35 | INFO     | src.indicators.technical_indicators:calculate_sma:157 | 计算 60 日简单移动平均线完成
2026-05-04 16:26:35 | INFO     | src.indicators.technical_indicators:calculate_sma:157 | 计算 120 日简单移动平均线完成
2026-05-04 16:26:35 | INFO     | src.indicators.technical_indicators:calculate_sma:157 | 计算 250 日简单移动平均线完成
2026-05-04 16:26:35 | INFO     | src.indicators.technical_indicators:calculate_ema:182 | 计算 12 日指数移动平均线完成
2026-05-04 16:26:35 | INFO     | src.indicators.technical_indicators:calculate_ema:182 | 计算 26 日指数移动平均线完成
2026-05-04 16:26:35 | INFO     | src.indicators.technical_indicators:calculate_rsi:221 | 计算 6 日RSI完成
2026-05-04 16:26:35 | INFO     | src.indicators.technical_indicators:calculate_rsi:221 | 计算 12 日RSI完成
2026-05-04 16:26:35 | INFO     | src.indicators.technical_indicators:calculate_rsi:221 | 计算 24 日RSI完成
2026-05-04 16:26:35 | INFO     | src.indicators.technical_indicators:calculate_macd:263 | 计算MACD完成：快线=12, 慢线=26, 信号线=9
2026-05-04 16:26:35 | INFO     | src.indicators.technical_indicators:calculate_macd:263 | 计算MACD完成：快线=12, 慢线=26, 信号线=12
2026-05-04 16:26:35 | INFO     | src.indicators.technical_indicators:calculate_boll:303 | 计算布林带完成：周期=20, 标准差倍数=2
2026-05-04 16:26:35 | INFO     | src.indicators.technical_indicators:calculate_kdj:350 | 计算KDJ完成：K周期=9, D周期=3, J周期=3
2026-05-04 16:26:35 | INFO     | src.indicators.technical_indicators:calculate_kdj:350 | 计算KDJ完成：K周期=10, D周期=3, J周期=3
2026-05-04 16:26:35 | INFO     | src.indicators.technical_indicators:calculate_atr:385 | 计算 10 日ATR完成
2026-05-04 16:26:35 | INFO     | src.indicators.technical_indicators:calculate_cci:446 | 计算 20 日CCI完成
2026-05-04 16:26:35 | INFO     | src.indicators.technical_indicators:calculate_williams_r:476 | 计算 10 日威廉指标完成
2026-05-04 16:26:35 | INFO     | src.indicators.technical_indicators:calculate_ma:133 | 计算 5 日移动平均线完成
2026-05-04 16:26:35 | INFO     | src.indicators.technical_indicators:calculate_bias:500 | 计算 5 日乖离率完成
2026-05-04 16:26:35 | INFO     | src.indicators.technical_indicators:calculate_ma:133 | 计算 10 日移动平均线完成
2026-05-04 16:26:35 | INFO     | src.indicators.technical_indicators:calculate_bias:500 | 计算 10 日乖离率完成
2026-05-04 16:26:35 | INFO     | src.indicators.technical_indicators:calculate_ma:133 | 计算 20 日移动平均线完成
2026-05-04 16:26:35 | INFO     | src.indicators.technical_indicators:calculate_bias:500 | 计算 20 日乖离率完成
2026-05-04 16:26:35 | INFO     | src.indicators.technical_indicators:calculate_ma:133 | 计算 30 日移动平均线完成
2026-05-04 16:26:35 | INFO     | src.indicators.technical_indicators:calculate_bias:500 | 计算 30 日乖离率完成
2026-05-04 16:26:35 | INFO     | src.indicators.technical_indicators:calculate_ma:133 | 计算 60 日移动平均线完成
2026-05-04 16:26:35 | INFO     | src.indicators.technical_indicators:calculate_bias:500 | 计算 60 日乖离率完成
2026-05-04 16:26:35 | INFO     | src.indicators.technical_indicators:calculate_ma:133 | 计算 120 日移动平均线完成
2026-05-04 16:26:35 | INFO     | src.indicators.technical_indicators:calculate_bias:500 | 计算 120 日乖离率完成
2026-05-04 16:26:35 | INFO     | src.indicators.technical_indicators:calculate_ma:133 | 计算 250 日移动平均线完成
2026-05-04 16:26:35 | INFO     | src.indicators.technical_indicators:calculate_bias:500 | 计算 250 日乖离率完成
2026-05-04 16:26:35 | INFO     | src.indicators.technical_indicators:calculate_psy:523 | 计算 10 日心理线完成
2026-05-04 16:26:35 | INFO     | src.indicators.technical_indicators:calculate_all:640 | 完成计算 45 个技术指标
2026-05-04 16:26:35 | INFO     | src.core.data_fetcher:save_data:432 | 保存数据到 csv 文件: 002203_with_indicators
2026-05-04 16:26:35 | INFO     | src.core.data_fetcher:save_data:452 | 数据保存成功: ./data\002203_with_indicators.csv
2026-05-04 16:26:35 | INFO     | src.workflow.base:calculate_technical_indicators:170 | 计算股票 300285 的技术指标
2026-05-04 16:26:35 | INFO     | src.indicators.technical_indicators:calculate_ma:133 | 计算 5 日移动平均线完成
2026-05-04 16:26:35 | INFO     | src.indicators.technical_indicators:calculate_ma:133 | 计算 10 日移动平均线完成
2026-05-04 16:26:35 | INFO     | src.indicators.technical_indicators:calculate_ma:133 | 计算 20 日移动平均线完成
2026-05-04 16:26:35 | INFO     | src.indicators.technical_indicators:calculate_ma:133 | 计算 30 日移动平均线完成
2026-05-04 16:26:35 | INFO     | src.indicators.technical_indicators:calculate_ma:133 | 计算 60 日移动平均线完成
2026-05-04 16:26:35 | INFO     | src.indicators.technical_indicators:calculate_ma:133 | 计算 120 日移动平均线完成
2026-05-04 16:26:35 | INFO     | src.indicators.technical_indicators:calculate_ma:133 | 计算 250 日移动平均线完成
2026-05-04 16:26:35 | INFO     | src.indicators.technical_indicators:calculate_sma:157 | 计算 5 日简单移动平均线完成
2026-05-04 16:26:35 | INFO     | src.indicators.technical_indicators:calculate_sma:157 | 计算 10 日简单移动平均线完成
2026-05-04 16:26:35 | INFO     | src.indicators.technical_indicators:calculate_sma:157 | 计算 20 日简单移动平均线完成
2026-05-04 16:26:35 | INFO     | src.indicators.technical_indicators:calculate_sma:157 | 计算 30 日简单移动平均线完成
2026-05-04 16:26:35 | INFO     | src.indicators.technical_indicators:calculate_sma:157 | 计算 60 日简单移动平均线完成
2026-05-04 16:26:35 | INFO     | src.indicators.technical_indicators:calculate_sma:157 | 计算 120 日简单移动平均线完成
2026-05-04 16:26:35 | INFO     | src.indicators.technical_indicators:calculate_sma:157 | 计算 250 日简单移动平均线完成
2026-05-04 16:26:35 | INFO     | src.indicators.technical_indicators:calculate_ema:182 | 计算 12 日指数移动平均线完成
2026-05-04 16:26:35 | INFO     | src.indicators.technical_indicators:calculate_ema:182 | 计算 26 日指数移动平均线完成
2026-05-04 16:26:35 | INFO     | src.indicators.technical_indicators:calculate_rsi:221 | 计算 6 日RSI完成
2026-05-04 16:26:35 | INFO     | src.indicators.technical_indicators:calculate_rsi:221 | 计算 12 日RSI完成
2026-05-04 16:26:35 | INFO     | src.indicators.technical_indicators:calculate_rsi:221 | 计算 24 日RSI完成
2026-05-04 16:26:35 | INFO     | src.indicators.technical_indicators:calculate_macd:263 | 计算MACD完成：快线=12, 慢线=26, 信号线=9
2026-05-04 16:26:35 | INFO     | src.indicators.technical_indicators:calculate_macd:263 | 计算MACD完成：快线=12, 慢线=26, 信号线=12
2026-05-04 16:26:35 | INFO     | src.indicators.technical_indicators:calculate_boll:303 | 计算布林带完成：周期=20, 标准差倍数=2
2026-05-04 16:26:35 | INFO     | src.indicators.technical_indicators:calculate_kdj:350 | 计算KDJ完成：K周期=9, D周期=3, J周期=3
2026-05-04 16:26:35 | INFO     | src.indicators.technical_indicators:calculate_kdj:350 | 计算KDJ完成：K周期=10, D周期=3, J周期=3
2026-05-04 16:26:35 | INFO     | src.indicators.technical_indicators:calculate_atr:385 | 计算 10 日ATR完成
2026-05-04 16:26:35 | INFO     | src.indicators.technical_indicators:calculate_cci:446 | 计算 20 日CCI完成
2026-05-04 16:26:35 | INFO     | src.indicators.technical_indicators:calculate_williams_r:476 | 计算 10 日威廉指标完成
2026-05-04 16:26:35 | INFO     | src.indicators.technical_indicators:calculate_ma:133 | 计算 5 日移动平均线完成
2026-05-04 16:26:35 | INFO     | src.indicators.technical_indicators:calculate_bias:500 | 计算 5 日乖离率完成
2026-05-04 16:26:35 | INFO     | src.indicators.technical_indicators:calculate_ma:133 | 计算 10 日移动平均线完成
2026-05-04 16:26:35 | INFO     | src.indicators.technical_indicators:calculate_bias:500 | 计算 10 日乖离率完成
2026-05-04 16:26:35 | INFO     | src.indicators.technical_indicators:calculate_ma:133 | 计算 20 日移动平均线完成
2026-05-04 16:26:35 | INFO     | src.indicators.technical_indicators:calculate_bias:500 | 计算 20 日乖离率完成
2026-05-04 16:26:35 | INFO     | src.indicators.technical_indicators:calculate_ma:133 | 计算 30 日移动平均线完成
2026-05-04 16:26:35 | INFO     | src.indicators.technical_indicators:calculate_bias:500 | 计算 30 日乖离率完成
2026-05-04 16:26:35 | INFO     | src.indicators.technical_indicators:calculate_ma:133 | 计算 60 日移动平均线完成
2026-05-04 16:26:35 | INFO     | src.indicators.technical_indicators:calculate_bias:500 | 计算 60 日乖离率完成
2026-05-04 16:26:35 | INFO     | src.indicators.technical_indicators:calculate_ma:133 | 计算 120 日移动平均线完成
2026-05-04 16:26:35 | INFO     | src.indicators.technical_indicators:calculate_bias:500 | 计算 120 日乖离率完成
2026-05-04 16:26:35 | INFO     | src.indicators.technical_indicators:calculate_ma:133 | 计算 250 日移动平均线完成
2026-05-04 16:26:35 | INFO     | src.indicators.technical_indicators:calculate_bias:500 | 计算 250 日乖离率完成
2026-05-04 16:26:35 | INFO     | src.indicators.technical_indicators:calculate_psy:523 | 计算 10 日心理线完成
2026-05-04 16:26:35 | INFO     | src.indicators.technical_indicators:calculate_all:640 | 完成计算 45 个技术指标
2026-05-04 16:26:35 | INFO     | src.core.data_fetcher:save_data:432 | 保存数据到 csv 文件: 300285_with_indicators
2026-05-04 16:26:35 | INFO     | src.core.data_fetcher:save_data:452 | 数据保存成功: ./data\300285_with_indicators.csv
2026-05-04 16:26:35 | INFO     | src.workflow.base:calculate_technical_indicators:170 | 计算股票 002846 的技术指标
2026-05-04 16:26:35 | INFO     | src.indicators.technical_indicators:calculate_ma:133 | 计算 5 日移动平均线完成
2026-05-04 16:26:35 | INFO     | src.indicators.technical_indicators:calculate_ma:133 | 计算 10 日移动平均线完成
2026-05-04 16:26:35 | INFO     | src.indicators.technical_indicators:calculate_ma:133 | 计算 20 日移动平均线完成
2026-05-04 16:26:35 | INFO     | src.indicators.technical_indicators:calculate_ma:133 | 计算 30 日移动平均线完成
2026-05-04 16:26:35 | INFO     | src.indicators.technical_indicators:calculate_ma:133 | 计算 60 日移动平均线完成
2026-05-04 16:26:35 | INFO     | src.indicators.technical_indicators:calculate_ma:133 | 计算 120 日移动平均线完成
2026-05-04 16:26:35 | INFO     | src.indicators.technical_indicators:calculate_ma:133 | 计算 250 日移动平均线完成
2026-05-04 16:26:35 | INFO     | src.indicators.technical_indicators:calculate_sma:157 | 计算 5 日简单移动平均线完成
2026-05-04 16:26:35 | INFO     | src.indicators.technical_indicators:calculate_sma:157 | 计算 10 日简单移动平均线完成
2026-05-04 16:26:35 | INFO     | src.indicators.technical_indicators:calculate_sma:157 | 计算 20 日简单移动平均线完成
2026-05-04 16:26:35 | INFO     | src.indicators.technical_indicators:calculate_sma:157 | 计算 30 日简单移动平均线完成
2026-05-04 16:26:35 | INFO     | src.indicators.technical_indicators:calculate_sma:157 | 计算 60 日简单移动平均线完成
2026-05-04 16:26:35 | INFO     | src.indicators.technical_indicators:calculate_sma:157 | 计算 120 日简单移动平均线完成
2026-05-04 16:26:35 | INFO     | src.indicators.technical_indicators:calculate_sma:157 | 计算 250 日简单移动平均线完成
2026-05-04 16:26:35 | INFO     | src.indicators.technical_indicators:calculate_ema:182 | 计算 12 日指数移动平均线完成
2026-05-04 16:26:35 | INFO     | src.indicators.technical_indicators:calculate_ema:182 | 计算 26 日指数移动平均线完成
2026-05-04 16:26:35 | INFO     | src.indicators.technical_indicators:calculate_rsi:221 | 计算 6 日RSI完成
2026-05-04 16:26:35 | INFO     | src.indicators.technical_indicators:calculate_rsi:221 | 计算 12 日RSI完成
2026-05-04 16:26:35 | INFO     | src.indicators.technical_indicators:calculate_rsi:221 | 计算 24 日RSI完成
2026-05-04 16:26:35 | INFO     | src.indicators.technical_indicators:calculate_macd:263 | 计算MACD完成：快线=12, 慢线=26, 信号线=9
2026-05-04 16:26:35 | INFO     | src.indicators.technical_indicators:calculate_macd:263 | 计算MACD完成：快线=12, 慢线=26, 信号线=12
2026-05-04 16:26:35 | INFO     | src.indicators.technical_indicators:calculate_boll:303 | 计算布林带完成：周期=20, 标准差倍数=2
2026-05-04 16:26:35 | INFO     | src.indicators.technical_indicators:calculate_kdj:350 | 计算KDJ完成：K周期=9, D周期=3, J周期=3
2026-05-04 16:26:35 | INFO     | src.indicators.technical_indicators:calculate_kdj:350 | 计算KDJ完成：K周期=10, D周期=3, J周期=3
2026-05-04 16:26:35 | INFO     | src.indicators.technical_indicators:calculate_atr:385 | 计算 10 日ATR完成
2026-05-04 16:26:35 | INFO     | src.indicators.technical_indicators:calculate_cci:446 | 计算 20 日CCI完成
2026-05-04 16:26:35 | INFO     | src.indicators.technical_indicators:calculate_williams_r:476 | 计算 10 日威廉指标完成
2026-05-04 16:26:35 | INFO     | src.indicators.technical_indicators:calculate_ma:133 | 计算 5 日移动平均线完成
2026-05-04 16:26:35 | INFO     | src.indicators.technical_indicators:calculate_bias:500 | 计算 5 日乖离率完成
2026-05-04 16:26:35 | INFO     | src.indicators.technical_indicators:calculate_ma:133 | 计算 10 日移动平均线完成
2026-05-04 16:26:35 | INFO     | src.indicators.technical_indicators:calculate_bias:500 | 计算 10 日乖离率完成
2026-05-04 16:26:35 | INFO     | src.indicators.technical_indicators:calculate_ma:133 | 计算 20 日移动平均线完成
2026-05-04 16:26:35 | INFO     | src.indicators.technical_indicators:calculate_bias:500 | 计算 20 日乖离率完成
2026-05-04 16:26:35 | INFO     | src.indicators.technical_indicators:calculate_ma:133 | 计算 30 日移动平均线完成
2026-05-04 16:26:35 | INFO     | src.indicators.technical_indicators:calculate_bias:500 | 计算 30 日乖离率完成
2026-05-04 16:26:35 | INFO     | src.indicators.technical_indicators:calculate_ma:133 | 计算 60 日移动平均线完成
2026-05-04 16:26:35 | INFO     | src.indicators.technical_indicators:calculate_bias:500 | 计算 60 日乖离率完成
2026-05-04 16:26:35 | INFO     | src.indicators.technical_indicators:calculate_ma:133 | 计算 120 日移动平均线完成
2026-05-04 16:26:35 | INFO     | src.indicators.technical_indicators:calculate_bias:500 | 计算 120 日乖离率完成
2026-05-04 16:26:35 | INFO     | src.indicators.technical_indicators:calculate_ma:133 | 计算 250 日移动平均线完成
2026-05-04 16:26:35 | INFO     | src.indicators.technical_indicators:calculate_bias:500 | 计算 250 日乖离率完成
2026-05-04 16:26:35 | INFO     | src.indicators.technical_indicators:calculate_psy:523 | 计算 10 日心理线完成
2026-05-04 16:26:35 | INFO     | src.indicators.technical_indicators:calculate_all:640 | 完成计算 45 个技术指标
2026-05-04 16:26:35 | INFO     | src.core.data_fetcher:save_data:432 | 保存数据到 csv 文件: 002846_with_indicators
2026-05-04 16:26:35 | INFO     | src.core.data_fetcher:save_data:452 | 数据保存成功: ./data\002846_with_indicators.csv
2026-05-04 16:26:35 | INFO     | src.core.data_fetcher:inner:197 | 获取股票 000300 daily K线数据
2026-05-04 16:26:35 | INFO     | src.core.akshare_provider:get_stock_kline:170 | akshare 获取股票 000300 daily K线数据
2026-05-04 16:26:35 | INFO     | src.core.akshare_provider:get_stock_kline:183 | 尝试使用东方财富数据源获取 000300 K线数据
2026-05-04 16:26:36 | INFO     | src.core.akshare_provider:get_stock_kline:201 | 尝试使用腾讯数据源获取 000300 K线数据
2026-05-04 16:26:36 | WARNING  | src.core.akshare_provider:get_stock_kline:223 | 腾讯数据源失败: list index out of range
2026-05-04 16:26:36 | INFO     | src.core.akshare_provider:get_stock_kline:227 | 尝试使用新浪数据源获取 000300 K线数据
2026-05-04 16:26:37 | WARNING  | src.core.akshare_provider:get_stock_kline:239 | 新浪数据源失败: 'date'
2026-05-04 16:26:37 | ERROR    | src.core.akshare_provider:get_stock_kline:243 | 所有数据源都失败: 腾讯数据源: list index out of range; 新浪数据源: 'date'
2026-05-04 16:26:37 | ERROR    | src.core.akshare_provider:get_stock_kline:247 | 获取K线数据失败: 无法获取K线数据，所有数据源都失败: 腾讯数据源: list index out of range; 新浪数据源: 'date'
2026-05-04 16:26:37 | ERROR    | src.core.data_fetcher:inner:204 | 获取股票K线数据失败: 无法获取K线数据，所有数据源都失败: 腾讯数据源: list index out of range; 新浪数据源: 'date'
2026-05-04 16:26:37 | WARNING  | src.utils.common:wrapper:95 | 尝试 1/3 失败: 无法获取K线数据，所有数据源都失败: 腾讯数据源: list index out of range; 新浪数据源: 'date'
2026-05-04 16:26:39 | INFO     | src.core.data_fetcher:inner:197 | 获取股票 000300 daily K线数据
2026-05-04 16:26:39 | INFO     | src.core.akshare_provider:get_stock_kline:170 | akshare 获取股票 000300 daily K线数据
2026-05-04 16:26:39 | INFO     | src.core.akshare_provider:get_stock_kline:183 | 尝试使用东方财富数据源获取 000300 K线数据
2026-05-04 16:26:39 | INFO     | src.core.akshare_provider:get_stock_kline:201 | 尝试使用腾讯数据源获取 000300 K线数据
2026-05-04 16:26:40 | WARNING  | src.core.akshare_provider:get_stock_kline:223 | 腾讯数据源失败: list index out of range
2026-05-04 16:26:40 | INFO     | src.core.akshare_provider:get_stock_kline:227 | 尝试使用新浪数据源获取 000300 K线数据
2026-05-04 16:26:40 | WARNING  | src.core.akshare_provider:get_stock_kline:239 | 新浪数据源失败: 'date'
2026-05-04 16:26:40 | ERROR    | src.core.akshare_provider:get_stock_kline:243 | 所有数据源都失败: 腾讯数据源: list index out of range; 新浪数据源: 'date'
2026-05-04 16:26:40 | ERROR    | src.core.akshare_provider:get_stock_kline:247 | 获取K线数据失败: 无法获取K线数据，所有数据源都失败: 腾讯数据源: list index out of range; 新浪数据源: 'date'
2026-05-04 16:26:40 | ERROR    | src.core.data_fetcher:inner:204 | 获取股票K线数据失败: 无法获取K线数据，所有数据源都失败: 腾讯数据源: list index out of range; 新浪数据源: 'date'
2026-05-04 16:26:40 | WARNING  | src.utils.common:wrapper:95 | 尝试 2/3 失败: 无法获取K线数据，所有数据源都失败: 腾讯数据源: list index out of range; 新浪数据源: 'date'
2026-05-04 16:26:42 | INFO     | src.core.data_fetcher:inner:197 | 获取股票 000300 daily K线数据
2026-05-04 16:26:42 | INFO     | src.core.akshare_provider:get_stock_kline:170 | akshare 获取股票 000300 daily K线数据
2026-05-04 16:26:42 | INFO     | src.core.akshare_provider:get_stock_kline:183 | 尝试使用东方财富数据源获取 000300 K线数据
2026-05-04 16:26:43 | INFO     | src.core.akshare_provider:get_stock_kline:201 | 尝试使用腾讯数据源获取 000300 K线数据
2026-05-04 16:26:43 | WARNING  | src.core.akshare_provider:get_stock_kline:223 | 腾讯数据源失败: list index out of range
2026-05-04 16:26:43 | INFO     | src.core.akshare_provider:get_stock_kline:227 | 尝试使用新浪数据源获取 000300 K线数据
2026-05-04 16:26:44 | WARNING  | src.core.akshare_provider:get_stock_kline:239 | 新浪数据源失败: 'date'
2026-05-04 16:26:44 | ERROR    | src.core.akshare_provider:get_stock_kline:243 | 所有数据源都失败: 腾讯数据源: list index out of range; 新浪数据源: 'date'
2026-05-04 16:26:44 | ERROR    | src.core.akshare_provider:get_stock_kline:247 | 获取K线数据失败: 无法获取K线数据，所有数据源都失败: 腾讯数据源: list index out of range; 新浪数据源: 'date'
2026-05-04 16:26:44 | ERROR    | src.core.data_fetcher:inner:204 | 获取股票K线数据失败: 无法获取K线数据，所有数据源都失败: 腾讯数据源: list index out of range; 新浪数据源: 'date'
2026-05-04 16:26:44 | WARNING  | src.utils.common:wrapper:95 | 尝试 3/3 失败: 无法获取K线数据，所有数据源都失败: 腾讯数据源: list index out of range; 新浪数据源: 'date'
2026-05-04 16:26:44 | ERROR    | src.utils.common:wrapper:99 | 所有尝试都失败: 无法获取K线数据，所有数据源都失败: 腾讯数据源: list index out of range; 新浪数据源: 'date'
2026-05-04 16:26:44 | INFO     | src.backtest.engine.backtest_engine:run:146 | 回测开始: 10 只股票, 1776 个交易日
2026-05-04 16:26:44 | WARNING  | src.analysis.signal_judgment:get_signals:666 | 未配置成交量周期，跳过成交量信号检查
2026-05-04 16:26:44 | WARNING  | src.analysis.signal_judgment:get_signals:666 | 未配置成交量周期，跳过成交量信号检查
2026-05-04 16:26:44 | WARNING  | src.analysis.signal_judgment:get_signals:666 | 未配置成交量周期，跳过成交量信号检查
2026-05-04 16:26:44 | WARNING  | src.analysis.signal_judgment:get_signals:666 | 未配置成交量周期，跳过成交量信号检查
2026-05-04 16:26:44 | WARNING  | src.analysis.signal_judgment:get_signals:666 | 未配置成交量周期，跳过成交量信号检查
2026-05-04 16:26:44 | WARNING  | src.analysis.signal_judgment:get_signals:666 | 未配置成交量周期，跳过成交量信号检查
2026-05-04 16:26:44 | WARNING  | src.analysis.signal_judgment:get_signals:666 | 未配置成交量周期，跳过成交量信号检查
2026-05-04 16:26:44 | WARNING  | src.analysis.signal_judgment:get_signals:666 | 未配置成交量周期，跳过成交量信号检查
2026-05-04 16:26:44 | WARNING  | src.analysis.signal_judgment:get_signals:666 | 未配置成交量周期，跳过成交量信号检查
2026-05-04 16:26:44 | WARNING  | src.analysis.signal_judgment:get_signals:666 | 未配置成交量周期，跳过成交量信号检查
2026-05-04 16:26:44 | WARNING  | src.analysis.signal_judgment:get_signals:666 | 未配置成交量周期，跳过成交量信号检查
2026-05-04 16:26:44 | WARNING  | src.analysis.signal_judgment:get_signals:666 | 未配置成交量周期，跳过成交量信号检查
2026-05-04 16:26:44 | WARNING  | src.analysis.signal_judgment:get_signals:666 | 未配置成交量周期，跳过成交量信号检查
2026-05-04 16:26:44 | WARNING  | src.analysis.signal_judgment:get_signals:666 | 未配置成交量周期，跳过成交量信号检查
2026-05-04 16:26:44 | WARNING  | src.analysis.signal_judgment:get_signals:666 | 未配置成交量周期，跳过成交量信号检查
2026-05-04 16:26:44 | WARNING  | src.analysis.signal_judgment:get_signals:666 | 未配置成交量周期，跳过成交量信号检查
2026-05-04 16:26:44 | WARNING  | src.analysis.signal_judgment:get_signals:666 | 未配置成交量周期，跳过成交量信号检查
2026-05-04 16:26:44 | WARNING  | src.analysis.signal_judgment:get_signals:666 | 未配置成交量周期，跳过成交量信号检查
2026-05-04 16:26:44 | WARNING  | src.analysis.signal_judgment:get_signals:666 | 未配置成交量周期，跳过成交量信号检查
2026-05-04 16:26:44 | WARNING  | src.analysis.signal_judgment:get_signals:666 | 未配置成交量周期，跳过成交量信号检查
2026-05-04 16:26:44 | WARNING  | src.analysis.signal_judgment:get_signals:666 | 未配置成交量周期，跳过成交量信号检查
2026-05-04 16:26:44 | WARNING  | src.analysis.signal_judgment:get_signals:666 | 未配置成交量周期，跳过成交量信号检查
2026-05-04 16:26:44 | WARNING  | src.analysis.signal_judgment:get_signals:666 | 未配置成交量周期，跳过成交量信号检查
2026-05-04 16:26:44 | WARNING  | src.analysis.signal_judgment:get_signals:666 | 未配置成交量周期，跳过成交量信号检查
2026-05-04 16:26:44 | WARNING  | src.analysis.signal_judgment:get_signals:666 | 未配置成交量周期，跳过成交量信号检查
2026-05-04 16:26:44 | WARNING  | src.analysis.signal_judgment:get_signals:666 | 未配置成交量周期，跳过成交量信号检查
2026-05-04 16:26:44 | WARNING  | src.analysis.signal_judgment:get_signals:666 | 未配置成交量周期，跳过成交量信号检查
2026-05-04 16:26:44 | WARNING  | src.analysis.signal_judgment:get_signals:666 | 未配置成交量周期，跳过成交量信号检查
2026-05-04 16:26:44 | WARNING  | src.analysis.signal_judgment:get_signals:666 | 未配置成交量周期，跳过成交量信号检查
2026-05-04 16:26:44 | WARNING  | src.analysis.signal_judgment:get_signals:666 | 未配置成交量周期，跳过成交量信号检查
2026-05-04 16:26:44 | WARNING  | src.analysis.signal_judgment:get_signals:666 | 未配置成交量周期，跳过成交量信号检查
2026-05-04 16:26:44 | WARNING  | src.analysis.signal_judgment:get_signals:666 | 未配置成交量周期，跳过成交量信号检查
2026-05-04 16:26:44 | WARNING  | src.analysis.signal_judgment:get_signals:666 | 未配置成交量周期，跳过成交量信号检查
2026-05-04 16:26:44 | WARNING  | src.analysis.signal_judgment:get_signals:666 | 未配置成交量周期，跳过成交量信号检查
2026-05-04 16:26:44 | WARNING  | src.analysis.signal_judgment:get_signals:666 | 未配置成交量周期，跳过成交量信号检查
2026-05-04 16:26:44 | WARNING  | src.analysis.signal_judgment:get_signals:666 | 未配置成交量周期，跳过成交量信号检查
2026-05-04 16:26:44 | WARNING  | src.analysis.signal_judgment:get_signals:666 | 未配置成交量周期，跳过成交量信号检查
2026-05-04 16:26:44 | WARNING  | src.analysis.signal_judgment:get_signals:666 | 未配置成交量周期，跳过成交量信号检查
2026-05-04 16:26:44 | WARNING  | src.analysis.signal_judgment:get_signals:666 | 未配置成交量周期，跳过成交量信号检查
2026-05-04 16:26:44 | WARNING  | src.analysis.signal_judgment:get_signals:666 | 未配置成交量周期，跳过成交量信号检查
2026-05-04 16:26:44 | WARNING  | src.analysis.signal_judgment:get_signals:666 | 未配置成交量周期，跳过成交量信号检查
2026-05-04 16:26:44 | WARNING  | src.analysis.signal_judgment:get_signals:666 | 未配置成交量周期，跳过成交量信号检查
2026-05-04 16:26:44 | WARNING  | src.analysis.signal_judgment:get_signals:666 | 未配置成交量周期，跳过成交量信号检查
2026-05-04 16:26:44 | WARNING  | src.analysis.signal_judgment:get_signals:666 | 未配置成交量周期，跳过成交量信号检查
2026-05-04 16:26:44 | WARNING  | src.analysis.signal_judgment:get_signals:666 | 未配置成交量周期，跳过成交量信号检查
2026-05-04 16:26:44 | WARNING  | src.analysis.signal_judgment:get_signals:666 | 未配置成交量周期，跳过成交量信号检查
2026-05-04 16:26:44 | WARNING  | src.analysis.signal_judgment:get_signals:666 | 未配置成交量周期，跳过成交量信号检查
2026-05-04 16:26:44 | WARNING  | src.analysis.signal_judgment:get_signals:666 | 未配置成交量周期，跳过成交量信号检查
2026-05-04 16:26:44 | WARNING  | src.analysis.signal_judgment:get_signals:666 | 未配置成交量周期，跳过成交量信号检查
2026-05-04 16:26:44 | WARNING  | src.analysis.signal_judgment:get_signals:666 | 未配置成交量周期，跳过成交量信号检查
2026-05-04 16:26:44 | WARNING  | src.analysis.signal_judgment:get_signals:666 | 未配置成交量周期，跳过成交量信号检查
2026-05-04 16:26:44 | WARNING  | src.analysis.signal_judgment:get_signals:666 | 未配置成交量周期，跳过成交量信号检查
2026-05-04 16:26:44 | WARNING  | src.analysis.signal_judgment:get_signals:666 | 未配置成交量周期，跳过成交量信号检查
2026-05-04 16:26:44 | WARNING  | src.analysis.signal_judgment:get_signals:666 | 未配置成交量周期，跳过成交量信号检查
2026-05-04 16:26:44 | WARNING  | src.analysis.signal_judgment:get_signals:666 | 未配置成交量周期，跳过成交量信号检查
2026-05-04 16:26:44 | WARNING  | src.analysis.signal_judgment:get_signals:666 | 未配置成交量周期，跳过成交量信号检查
2026-05-04 16:26:44 | WARNING  | src.analysis.signal_judgment:get_signals:666 | 未配置成交量周期，跳过成交量信号检查
2026-05-04 16:26:45 | WARNING  | src.analysis.signal_judgment:get_signals:666 | 未配置成交量周期，跳过成交量信号检查
2026-05-04 16:26:45 | WARNING  | src.analysis.signal_judgment:get_signals:666 | 未配置成交量周期，跳过成交量信号检查
2026-05-04 16:26:45 | WARNING  | src.analysis.signal_judgment:get_signals:666 | 未配置成交量周期，跳过成交量信号检查
2026-05-04 16:26:45 | WARNING  | src.analysis.signal_judgment:get_signals:666 | 未配置成交量周期，跳过成交量信号检查
2026-05-04 16:26:45 | WARNING  | src.analysis.signal_judgment:get_signals:666 | 未配置成交量周期，跳过成交量信号检查
2026-05-04 16:26:45 | WARNING  | src.analysis.signal_judgment:get_signals:666 | 未配置成交量周期，跳过成交量信号检查
2026-05-04 16:26:45 | WARNING  | src.analysis.signal_judgment:get_signals:666 | 未配置成交量周期，跳过成交量信号检查
2026-05-04 16:26:45 | WARNING  | src.analysis.signal_judgment:get_signals:666 | 未配置成交量周期，跳过成交量信号检查
2026-05-04 16:26:45 | WARNING  | src.analysis.signal_judgment:get_signals:666 | 未配置成交量周期，跳过成交量信号检查
2026-05-04 16:26:45 | WARNING  | src.analysis.signal_judgment:get_signals:666 | 未配置成交量周期，跳过成交量信号检查
2026-05-04 16:26:45 | WARNING  | src.analysis.signal_judgment:get_signals:666 | 未配置成交量周期，跳过成交量信号检查
2026-05-04 16:26:45 | WARNING  | src.analysis.signal_judgment:get_signals:666 | 未配置成交量周期，跳过成交量信号检查
2026-05-04 16:26:45 | WARNING  | src.analysis.signal_judgment:get_signals:666 | 未配置成交量周期，跳过成交量信号检查
2026-05-04 16:26:45 | WARNING  | src.analysis.signal_judgment:get_signals:666 | 未配置成交量周期，跳过成交量信号检查
2026-05-04 16:26:45 | WARNING  | src.analysis.signal_judgment:get_signals:666 | 未配置成交量周期，跳过成交量信号检查
2026-05-04 16:26:45 | WARNING  | src.analysis.signal_judgment:get_signals:666 | 未配置成交量周期，跳过成交量信号检查
2026-05-04 16:26:45 | WARNING  | src.analysis.signal_judgment:get_signals:666 | 未配置成交量周期，跳过成交量信号检查
2026-05-04 16:26:45 | WARNING  | src.analysis.signal_judgment:get_signals:666 | 未配置成交量周期，跳过成交量信号检查
2026-05-04 16:26:45 | WARNING  | src.analysis.signal_judgment:get_signals:666 | 未配置成交量周期，跳过成交量信号检查
2026-05-04 16:26:45 | WARNING  | src.analysis.signal_judgment:get_signals:666 | 未配置成交量周期，跳过成交量信号检查
2026-05-04 16:26:45 | WARNING  | src.analysis.signal_judgment:get_signals:666 | 未配置成交量周期，跳过成交量信号检查
2026-05-04 16:26:45 | WARNING  | src.analysis.signal_judgment:get_signals:666 | 未配置成交量周期，跳过成交量信号检查
2026-05-04 16:26:45 | WARNING  | src.analysis.signal_judgment:get_signals:666 | 未配置成交量周期，跳过成交量信号检查
2026-05-04 16:26:45 | WARNING  | src.analysis.signal_judgment:get_signals:666 | 未配置成交量周期，跳过成交量信号检查
2026-05-04 16:26:45 | WARNING  | src.analysis.signal_judgment:get_signals:666 | 未配置成交量周期，跳过成交量信号检查
2026-05-04 16:26:45 | WARNING  | src.analysis.signal_judgment:get_signals:666 | 未配置成交量周期，跳过成交量信号检查
2026-05-04 16:26:45 | WARNING  | src.analysis.signal_judgment:get_signals:666 | 未配置成交量周期，跳过成交量信号检查
2026-05-04 16:26:45 | WARNING  | src.analysis.signal_judgment:get_signals:666 | 未配置成交量周期，跳过成交量信号检查
2026-05-04 16:26:45 | WARNING  | src.analysis.signal_judgment:get_signals:666 | 未配置成交量周期，跳过成交量信号检查
2026-05-04 16:26:45 | WARNING  | src.analysis.signal_judgment:get_signals:666 | 未配置成交量周期，跳过成交量信号检查
2026-05-04 16:26:45 | WARNING  | src.analysis.signal_judgment:get_signals:666 | 未配置成交量周期，跳过成交量信号检查
2026-05-04 16:26:45 | WARNING  | src.analysis.signal_judgment:get_signals:666 | 未配置成交量周期，跳过成交量信号检查
2026-05-04 16:26:45 | WARNING  | src.analysis.signal_judgment:get_signals:666 | 未配置成交量周期，跳过成交量信号检查
2026-05-04 16:26:45 | WARNING  | src.analysis.signal_judgment:get_signals:666 | 未配置成交量周期，跳过成交量信号检查
2026-05-04 16:26:45 | WARNING  | src.analysis.signal_judgment:get_signals:666 | 未配置成交量周期，跳过成交量信号检查
2026-05-04 16:26:45 | WARNING  | src.analysis.signal_judgment:get_signals:666 | 未配置成交量周期，跳过成交量信号检查
2026-05-04 16:26:45 | WARNING  | src.analysis.signal_judgment:get_signals:666 | 未配置成交量周期，跳过成交量信号检查
2026-05-04 16:26:45 | WARNING  | src.analysis.signal_judgment:get_signals:666 | 未配置成交量周期，跳过成交量信号检查
2026-05-04 16:26:45 | WARNING  | src.analysis.signal_judgment:get_signals:666 | 未配置成交量周期，跳过成交量信号检查
2026-05-04 16:26:45 | WARNING  | src.analysis.signal_judgment:get_signals:666 | 未配置成交量周期，跳过成交量信号检查
2026-05-04 16:26:45 | WARNING  | src.analysis.signal_judgment:get_signals:666 | 未配置成交量周期，跳过成交量信号检查
2026-05-04 16:26:45 | WARNING  | src.analysis.signal_judgment:get_signals:666 | 未配置成交量周期，跳过成交量信号检查
2026-05-04 16:26:45 | WARNING  | src.analysis.signal_judgment:get_signals:666 | 未配置成交量周期，跳过成交量信号检查
2026-05-04 16:26:45 | WARNING  | src.analysis.signal_judgment:get_signals:666 | 未配置成交量周期，跳过成交量信号检查
2026-05-04 16:26:45 | WARNING  | src.analysis.signal_judgment:get_signals:666 | 未配置成交量周期，跳过成交量信号检查
2026-05-04 16:26:45 | WARNING  | src.analysis.signal_judgment:get_signals:666 | 未配置成交量周期，跳过成交量信号检查
2026-05-04 16:26:45 | WARNING  | src.analysis.signal_judgment:get_signals:666 | 未配置成交量周期，跳过成交量信号检查
2026-05-04 16:26:45 | WARNING  | src.analysis.signal_judgment:get_signals:666 | 未配置成交量周期，跳过成交量信号检查
2026-05-04 16:26:45 | WARNING  | src.analysis.signal_judgment:get_signals:666 | 未配置成交量周期，跳过成交量信号检查
2026-05-04 16:26:45 | WARNING  | src.analysis.signal_judgment:get_signals:666 | 未配置成交量周期，跳过成交量信号检查
2026-05-04 16:26:45 | WARNING  | src.analysis.signal_judgment:get_signals:666 | 未配置成交量周期，跳过成交量信号检查
2026-05-04 16:26:45 | WARNING  | src.analysis.signal_judgment:get_signals:666 | 未配置成交量周期，跳过成交量信号检查
2026-05-04 16:26:45 | WARNING  | src.analysis.signal_judgment:get_signals:666 | 未配置成交量周期，跳过成交量信号检查
2026-05-04 16:26:45 | WARNING  | src.analysis.signal_judgment:get_signals:666 | 未配置成交量周期，跳过成交量信号检查
2026-05-04 16:26:45 | WARNING  | src.analysis.signal_judgment:get_signals:666 | 未配置成交量周期，跳过成交量信号检查
2026-05-04 16:26:45 | WARNING  | src.analysis.signal_judgment:get_signals:666 | 未配置成交量周期，跳过成交量信号检查
2026-05-04 16:26:45 | WARNING  | src.analysis.signal_judgment:get_signals:666 | 未配置成交量周期，跳过成交量信号检查
2026-05-04 16:26:45 | WARNING  | src.analysis.signal_judgment:get_signals:666 | 未配置成交量周期，跳过成交量信号检查
2026-05-04 16:26:45 | WARNING  | src.analysis.signal_judgment:get_signals:666 | 未配置成交量周期，跳过成交量信号检查
2026-05-04 16:26:45 | WARNING  | src.analysis.signal_judgment:get_signals:666 | 未配置成交量周期，跳过成交量信号检查
2026-05-04 16:26:45 | WARNING  | src.analysis.signal_judgment:get_signals:666 | 未配置成交量周期，跳过成交量信号检查
2026-05-04 16:26:45 | WARNING  | src.analysis.signal_judgment:get_signals:666 | 未配置成交量周期，跳过成交量信号检查
2026-05-04 16:26:45 | WARNING  | src.analysis.signal_judgment:get_signals:666 | 未配置成交量周期，跳过成交量信号检查
2026-05-04 16:26:45 | WARNING  | src.analysis.signal_judgment:get_signals:666 | 未配置成交量周期，跳过成交量信号检查
2026-05-04 16:26:45 | WARNING  | src.analysis.signal_judgment:get_signals:666 | 未配置成交量周期，跳过成交量信号检查
2026-05-04 16:26:45 | WARNING  | src.analysis.signal_judgment:get_signals:666 | 未配置成交量周期，跳过成交量信号检查
2026-05-04 16:26:45 | WARNING  | src.analysis.signal_judgment:get_signals:666 | 未配置成交量周期，跳过成交量信号检查
2026-05-04 16:26:45 | WARNING  | src.analysis.signal_judgment:get_signals:666 | 未配置成交量周期，跳过成交量信号检查
2026-05-04 16:26:45 | WARNING  | src.analysis.signal_judgment:get_signals:666 | 未配置成交量周期，跳过成交量信号检查
2026-05-04 16:26:45 | WARNING  | src.analysis.signal_judgment:get_signals:666 | 未配置成交量周期，跳过成交量信号检查
2026-05-04 16:26:45 | WARNING  | src.analysis.signal_judgment:get_signals:666 | 未配置成交量周期，跳过成交量信号检查
2026-05-04 16:26:45 | WARNING  | src.analysis.signal_judgment:get_signals:666 | 未配置成交量周期，跳过成交量信号检查
2026-05-04 16:26:45 | WARNING  | src.analysis.signal_judgment:get_signals:666 | 未配置成交量周期，跳过成交量信号检查
2026-05-04 16:26:45 | WARNING  | src.analysis.signal_judgment:get_signals:666 | 未配置成交量周期，跳过成交量信号检查
2026-05-04 16:26:45 | WARNING  | src.analysis.signal_judgment:get_signals:666 | 未配置成交量周期，跳过成交量信号检查
2026-05-04 16:26:45 | WARNING  | src.analysis.signal_judgment:get_signals:666 | 未配置成交量周期，跳过成交量信号检查
2026-05-04 16:26:45 | WARNING  | src.analysis.signal_judgment:get_signals:666 | 未配置成交量周期，跳过成交量信号检查
2026-05-04 16:26:45 | WARNING  | src.analysis.signal_judgment:get_signals:666 | 未配置成交量周期，跳过成交量信号检查
2026-05-04 16:26:45 | WARNING  | src.analysis.signal_judgment:get_signals:666 | 未配置成交量周期，跳过成交量信号检查
2026-05-04 16:26:45 | WARNING  | src.analysis.signal_judgment:get_signals:666 | 未配置成交量周期，跳过成交量信号检查
2026-05-04 16:26:45 | WARNING  | src.analysis.signal_judgment:get_signals:666 | 未配置成交量周期，跳过成交量信号检查
2026-05-04 16:26:45 | WARNING  | src.analysis.signal_judgment:get_signals:666 | 未配置成交量周期，跳过成交量信号检查
2026-05-04 16:26:45 | WARNING  | src.analysis.signal_judgment:get_signals:666 | 未配置成交量周期，跳过成交量信号检查
2026-05-04 16:26:45 | WARNING  | src.analysis.signal_judgment:get_signals:666 | 未配置成交量周期，跳过成交量信号检查
2026-05-04 16:26:45 | WARNING  | src.analysis.signal_judgment:get_signals:666 | 未配置成交量周期，跳过成交量信号检查
2026-05-04 16:26:45 | WARNING  | src.analysis.signal_judgment:get_signals:666 | 未配置成交量周期，跳过成交量信号检查
2026-05-04 16:26:45 | WARNING  | src.analysis.signal_judgment:get_signals:666 | 未配置成交量周期，跳过成交量信号检查
2026-05-04 16:26:45 | WARNING  | src.analysis.signal_judgment:get_signals:666 | 未配置成交量周期，跳过成交量信号检查
2026-05-04 16:26:45 | WARNING  | src.analysis.signal_judgment:get_signals:666 | 未配置成交量周期，跳过成交量信号检查
2026-05-04 16:26:45 | WARNING  | src.analysis.signal_judgment:get_signals:666 | 未配置成交量周期，跳过成交量信号检查
2026-05-04 16:26:45 | WARNING  | src.analysis.signal_judgment:get_signals:666 | 未配置成交量周期，跳过成交量信号检查
2026-05-04 16:26:45 | WARNING  | src.analysis.signal_judgment:get_signals:666 | 未配置成交量周期，跳过成交量信号检查
2026-05-04 16:26:45 | WARNING  | src.analysis.signal_judgment:get_signals:666 | 未配置成交量周期，跳过成交量信号检查
2026-05-04 16:26:45 | WARNING  | src.analysis.signal_judgment:get_signals:666 | 未配置成交量周期，跳过成交量信号检查
2026-05-04 16:26:45 | WARNING  | src.analysis.signal_judgment:get_signals:666 | 未配置成交量周期，跳过成交量信号检查
2026-05-04 16:26:45 | WARNING  | src.analysis.signal_judgment:get_signals:666 | 未配置成交量周期，跳过成交量信号检查
2026-05-04 16:26:45 | WARNING  | src.analysis.signal_judgment:get_signals:666 | 未配置成交量周期，跳过成交量信号检查
2026-05-04 16:26:45 | WARNING  | src.analysis.signal_judgment:get_signals:666 | 未配置成交量周期，跳过成交量信号检查
2026-05-04 16:26:45 | WARNING  | src.analysis.signal_judgment:get_signals:666 | 未配置成交量周期，跳过成交量信号检查
2026-05-04 16:26:45 | WARNING  | src.analysis.signal_judgment:get_signals:666 | 未配置成交量周期，跳过成交量信号检查
2026-05-04 16:26:45 | WARNING  | src.analysis.signal_judgment:get_signals:666 | 未配置成交量周期，跳过成交量信号检查
2026-05-04 16:26:45 | WARNING  | src.analysis.signal_judgment:get_signals:666 | 未配置成交量周期，跳过成交量信号检查
2026-05-04 16:26:45 | WARNING  | src.analysis.signal_judgment:get_signals:666 | 未配置成交量周期，跳过成交量信号检查
2026-05-04 16:26:45 | WARNING  | src.analysis.signal_judgment:get_signals:666 | 未配置成交量周期，跳过成交量信号检查
2026-05-04 16:26:45 | WARNING  | src.analysis.signal_judgment:get_signals:666 | 未配置成交量周期，跳过成交量信号检查
2026-05-04 16:26:45 | WARNING  | src.analysis.signal_judgment:get_signals:666 | 未配置成交量周期，跳过成交量信号检查
2026-05-04 16:26:45 | WARNING  | src.analysis.signal_judgment:get_signals:666 | 未配置成交量周期，跳过成交量信号检查
2026-05-04 16:26:45 | WARNING  | src.analysis.signal_judgment:get_signals:666 | 未配置成交量周期，跳过成交量信号检查
2026-05-04 16:26:45 | WARNING  | src.analysis.signal_judgment:get_signals:666 | 未配置成交量周期，跳过成交量信号检查
2026-05-04 16:26:45 | WARNING  | src.analysis.signal_judgment:get_signals:666 | 未配置成交量周期，跳过成交量信号检查
2026-05-04 16:26:45 | WARNING  | src.analysis.signal_judgment:get_signals:666 | 未配置成交量周期，跳过成交量信号检查
2026-05-04 16:26:45 | WARNING  | src.analysis.signal_judgment:get_signals:666 | 未配置成交量周期，跳过成交量信号检查
2026-05-04 16:26:45 | WARNING  | src.analysis.signal_judgment:get_signals:666 | 未配置成交量周期，跳过成交量信号检查
2026-05-04 16:26:45 | WARNING  | src.analysis.signal_judgment:get_signals:666 | 未配置成交量周期，跳过成交量信号检查
2026-05-04 16:26:45 | WARNING  | src.analysis.signal_judgment:get_signals:666 | 未配置成交量周期，跳过成交量信号检查
2026-05-04 16:26:45 | WARNING  | src.analysis.signal_judgment:get_signals:666 | 未配置成交量周期，跳过成交量信号检查
2026-05-04 16:26:45 | WARNING  | src.analysis.signal_judgment:get_signals:666 | 未配置成交量周期，跳过成交量信号检查
2026-05-04 16:26:45 | WARNING  | src.analysis.signal_judgment:get_signals:666 | 未配置成交量周期，跳过成交量信号检查
2026-05-04 16:26:45 | WARNING  | src.analysis.signal_judgment:get_signals:666 | 未配置成交量周期，跳过成交量信号检查
2026-05-04 16:26:45 | WARNING  | src.analysis.signal_judgment:get_signals:666 | 未配置成交量周期，跳过成交量信号检查
2026-05-04 16:26:45 | WARNING  | src.analysis.signal_judgment:get_signals:666 | 未配置成交量周期，跳过成交量信号检查
2026-05-04 16:26:45 | WARNING  | src.analysis.signal_judgment:get_signals:666 | 未配置成交量周期，跳过成交量信号检查
2026-05-04 16:26:45 | WARNING  | src.analysis.signal_judgment:get_signals:666 | 未配置成交量周期，跳过成交量信号检查
2026-05-04 16:26:45 | WARNING  | src.analysis.signal_judgment:get_signals:666 | 未配置成交量周期，跳过成交量信号检查
2026-05-04 16:26:45 | WARNING  | src.analysis.signal_judgment:get_signals:666 | 未配置成交量周期，跳过成交量信号检查
2026-05-04 16:26:45 | WARNING  | src.analysis.signal_judgment:get_signals:666 | 未配置成交量周期，跳过成交量信号检查
2026-05-04 16:26:45 | WARNING  | src.analysis.signal_judgment:get_signals:666 | 未配置成交量周期，跳过成交量信号检查
2026-05-04 16:26:45 | WARNING  | src.analysis.signal_judgment:get_signals:666 | 未配置成交量周期，跳过成交量信号检查
2026-05-04 16:26:45 | WARNING  | src.analysis.signal_judgment:get_signals:666 | 未配置成交量周期，跳过成交量信号检查
2026-05-04 16:26:45 | WARNING  | src.analysis.signal_judgment:get_signals:666 | 未配置成交量周期，跳过成交量信号检查
2026-05-04 16:26:45 | WARNING  | src.analysis.signal_judgment:get_signals:666 | 未配置成交量周期，跳过成交量信号检查
2026-05-04 16:26:45 | WARNING  | src.analysis.signal_judgment:get_signals:666 | 未配置成交量周期，跳过成交量信号检查
2026-05-04 16:26:45 | WARNING  | src.analysis.signal_judgment:get_signals:666 | 未配置成交量周期，跳过成交量信号检查
2026-05-04 16:26:45 | WARNING  | src.analysis.signal_judgment:get_signals:666 | 未配置成交量周期，跳过成交量信号检查
2026-05-04 16:26:45 | WARNING  | src.analysis.signal_judgment:get_signals:666 | 未配置成交量周期，跳过成交量信号检查
2026-05-04 16:26:45 | WARNING  | src.analysis.signal_judgment:get_signals:666 | 未配置成交量周期，跳过成交量信号检查
2026-05-04 16:26:45 | WARNING  | src.analysis.signal_judgment:get_signals:666 | 未配置成交量周期，跳过成交量信号检查
2026-05-04 16:26:45 | WARNING  | src.analysis.signal_judgment:get_signals:666 | 未配置成交量周期，跳过成交量信号检查
2026-05-04 16:26:45 | WARNING  | src.analysis.signal_judgment:get_signals:666 | 未配置成交量周期，跳过成交量信号检查
2026-05-04 16:26:45 | WARNING  | src.analysis.signal_judgment:get_signals:666 | 未配置成交量周期，跳过成交量信号检查
2026-05-04 16:26:45 | WARNING  | src.analysis.signal_judgment:get_signals:666 | 未配置成交量周期，跳过成交量信号检查
2026-05-04 16:26:45 | WARNING  | src.analysis.signal_judgment:get_signals:666 | 未配置成交量周期，跳过成交量信号检查
2026-05-04 16:26:45 | WARNING  | src.analysis.signal_judgment:get_signals:666 | 未配置成交量周期，跳过成交量信号检查
2026-05-04 16:26:45 | WARNING  | src.analysis.signal_judgment:get_signals:666 | 未配置成交量周期，跳过成交量信号检查
2026-05-04 16:26:45 | WARNING  | src.analysis.signal_judgment:get_signals:666 | 未配置成交量周期，跳过成交量信号检查
2026-05-04 16:26:45 | WARNING  | src.analysis.signal_judgment:get_signals:666 | 未配置成交量周期，跳过成交量信号检查
2026-05-04 16:26:45 | WARNING  | src.analysis.signal_judgment:get_signals:666 | 未配置成交量周期，跳过成交量信号检查
2026-05-04 16:26:45 | WARNING  | src.analysis.signal_judgment:get_signals:666 | 未配置成交量周期，跳过成交量信号检查
2026-05-04 16:26:45 | WARNING  | src.analysis.signal_judgment:get_signals:666 | 未配置成交量周期，跳过成交量信号检查
2026-05-04 16:26:45 | WARNING  | src.analysis.signal_judgment:get_signals:666 | 未配置成交量周期，跳过成交量信号检查
2026-05-04 16:26:45 | WARNING  | src.analysis.signal_judgment:get_signals:666 | 未配置成交量周期，跳过成交量信号检查
2026-05-04 16:26:45 | WARNING  | src.analysis.signal_judgment:get_signals:666 | 未配置成交量周期，跳过成交量信号检查
2026-05-04 16:26:45 | WARNING  | src.analysis.signal_judgment:get_signals:666 | 未配置成交量周期，跳过成交量信号检查
2026-05-04 16:26:45 | WARNING  | src.analysis.signal_judgment:get_signals:666 | 未配置成交量周期，跳过成交量信号检查
2026-05-04 16:26:45 | WARNING  | src.analysis.signal_judgment:get_signals:666 | 未配置成交量周期，跳过成交量信号检查
2026-05-04 16:26:45 | WARNING  | src.analysis.signal_judgment:get_signals:666 | 未配置成交量周期，跳过成交量信号检查
2026-05-04 16:26:45 | WARNING  | src.analysis.signal_judgment:get_signals:666 | 未配置成交量周期，跳过成交量信号检查
2026-05-04 16:26:45 | WARNING  | src.analysis.signal_judgment:get_signals:666 | 未配置成交量周期，跳过成交量信号检查
2026-05-04 16:26:45 | WARNING  | src.analysis.signal_judgment:get_signals:666 | 未配置成交量周期，跳过成交量信号检查
2026-05-04 16:26:45 | WARNING  | src.analysis.signal_judgment:get_signals:666 | 未配置成交量周期，跳过成交量信号检查
2026-05-04 16:26:45 | WARNING  | src.analysis.signal_judgment:get_signals:666 | 未配置成交量周期，跳过成交量信号检查
2026-05-04 16:26:45 | WARNING  | src.analysis.signal_judgment:get_signals:666 | 未配置成交量周期，跳过成交量信号检查
2026-05-04 16:26:45 | WARNING  | src.analysis.signal_judgment:get_signals:666 | 未配置成交量周期，跳过成交量信号检查
2026-05-04 16:26:45 | WARNING  | src.analysis.signal_judgment:get_signals:666 | 未配置成交量周期，跳过成交量信号检查
2026-05-04 16:26:45 | WARNING  | src.analysis.signal_judgment:get_signals:666 | 未配置成交量周期，跳过成交量信号检查
2026-05-04 16:26:45 | WARNING  | src.analysis.signal_judgment:get_signals:666 | 未配置成交量周期，跳过成交量信号检查
2026-05-04 16:26:45 | WARNING  | src.analysis.signal_judgment:get_signals:666 | 未配置成交量周期，跳过成交量信号检查
2026-05-04 16:26:45 | WARNING  | src.analysis.signal_judgment:get_signals:666 | 未配置成交量周期，跳过成交量信号检查
2026-05-04 16:26:45 | WARNING  | src.analysis.signal_judgment:get_signals:666 | 未配置成交量周期，跳过成交量信号检查
2026-05-04 16:26:45 | WARNING  | src.analysis.signal_judgment:get_signals:666 | 未配置成交量周期，跳过成交量信号检查
2026-05-04 16:26:45 | WARNING  | src.analysis.signal_judgment:get_signals:666 | 未配置成交量周期，跳过成交量信号检查
2026-05-04 16:26:45 | WARNING  | src.analysis.signal_judgment:get_signals:666 | 未配置成交量周期，跳过成交量信号检查
2026-05-04 16:26:45 | WARNING  | src.analysis.signal_judgment:get_signals:666 | 未配置成交量周期，跳过成交量信号检查
2026-05-04 16:26:45 | WARNING  | src.analysis.signal_judgment:get_signals:666 | 未配置成交量周期，跳过成交量信号检查
2026-05-04 16:26:45 | WARNING  | src.analysis.signal_judgment:get_signals:666 | 未配置成交量周期，跳过成交量信号检查
2026-05-04 16:26:45 | WARNING  | src.analysis.signal_judgment:get_signals:666 | 未配置成交量周期，跳过成交量信号检查
2026-05-04 16:26:45 | WARNING  | src.analysis.signal_judgment:get_signals:666 | 未配置成交量周期，跳过成交量信号检查
2026-05-04 16:26:45 | WARNING  | src.analysis.signal_judgment:get_signals:666 | 未配置成交量周期，跳过成交量信号检查
2026-05-04 16:26:45 | WARNING  | src.analysis.signal_judgment:get_signals:666 | 未配置成交量周期，跳过成交量信号检查
2026-05-04 16:26:45 | WARNING  | src.analysis.signal_judgment:get_signals:666 | 未配置成交量周期，跳过成交量信号检查
2026-05-04 16:26:45 | WARNING  | src.analysis.signal_judgment:get_signals:666 | 未配置成交量周期，跳过成交量信号检查
2026-05-04 16:26:45 | WARNING  | src.analysis.signal_judgment:get_signals:666 | 未配置成交量周期，跳过成交量信号检查
2026-05-04 16:26:45 | WARNING  | src.analysis.signal_judgment:get_signals:666 | 未配置成交量周期，跳过成交量信号检查
2026-05-04 16:26:45 | WARNING  | src.analysis.signal_judgment:get_signals:666 | 未配置成交量周期，跳过成交量信号检查
2026-05-04 16:26:45 | WARNING  | src.analysis.signal_judgment:get_signals:666 | 未配置成交量周期，跳过成交量信号检查
2026-05-04 16:26:45 | WARNING  | src.analysis.signal_judgment:get_signals:666 | 未配置成交量周期，跳过成交量信号检查
2026-05-04 16:26:45 | WARNING  | src.analysis.signal_judgment:get_signals:666 | 未配置成交量周期，跳过成交量信号检查
2026-05-04 16:26:45 | WARNING  | src.analysis.signal_judgment:get_signals:666 | 未配置成交量周期，跳过成交量信号检查
2026-05-04 16:26:46 | WARNING  | src.analysis.signal_judgment:get_signals:666 | 未配置成交量周期，跳过成交量信号检查
2026-05-04 16:26:46 | WARNING  | src.analysis.signal_judgment:get_signals:666 | 未配置成交量周期，跳过成交量信号检查
2026-05-04 16:26:46 | WARNING  | src.analysis.signal_judgment:get_signals:666 | 未配置成交量周期，跳过成交量信号检查
2026-05-04 16:26:46 | WARNING  | src.analysis.signal_judgment:get_signals:666 | 未配置成交量周期，跳过成交量信号检查
2026-05-04 16:26:46 | WARNING  | src.analysis.signal_judgment:get_signals:666 | 未配置成交量周期，跳过成交量信号检查
2026-05-04 16:26:46 | WARNING  | src.analysis.signal_judgment:get_signals:666 | 未配置成交量周期，跳过成交量信号检查
2026-05-04 16:26:46 | WARNING  | src.analysis.signal_judgment:get_signals:666 | 未配置成交量周期，跳过成交量信号检查
2026-05-04 16:26:46 | WARNING  | src.analysis.signal_judgment:get_signals:666 | 未配置成交量周期，跳过成交量信号检查
2026-05-04 16:26:46 | WARNING  | src.analysis.signal_judgment:get_signals:666 | 未配置成交量周期，跳过成交量信号检查
2026-05-04 16:26:46 | WARNING  | src.analysis.signal_judgment:get_signals:666 | 未配置成交量周期，跳过成交量信号检查
2026-05-04 16:26:46 | WARNING  | src.analysis.signal_judgment:get_signals:666 | 未配置成交量周期，跳过成交量信号检查
2026-05-04 16:26:46 | WARNING  | src.analysis.signal_judgment:get_signals:666 | 未配置成交量周期，跳过成交量信号检查
2026-05-04 16:26:46 | WARNING  | src.analysis.signal_judgment:get_signals:666 | 未配置成交量周期，跳过成交量信号检查
2026-05-04 16:26:46 | WARNING  | src.analysis.signal_judgment:get_signals:666 | 未配置成交量周期，跳过成交量信号检查
2026-05-04 16:26:46 | WARNING  | src.analysis.signal_judgment:get_signals:666 | 未配置成交量周期，跳过成交量信号检查
2026-05-04 16:26:46 | WARNING  | src.analysis.signal_judgment:get_signals:666 | 未配置成交量周期，跳过成交量信号检查
2026-05-04 16:26:46 | WARNING  | src.analysis.signal_judgment:get_signals:666 | 未配置成交量周期，跳过成交量信号检查
2026-05-04 16:26:46 | WARNING  | src.analysis.signal_judgment:get_signals:666 | 未配置成交量周期，跳过成交量信号检查
2026-05-04 16:26:46 | WARNING  | src.analysis.signal_judgment:get_signals:666 | 未配置成交量周期，跳过成交量信号检查
2026-05-04 16:26:46 | WARNING  | src.analysis.signal_judgment:get_signals:666 | 未配置成交量周期，跳过成交量信号检查
2026-05-04 16:26:46 | WARNING  | src.analysis.signal_judgment:get_signals:666 | 未配置成交量周期，跳过成交量信号检查
2026-05-04 16:26:46 | WARNING  | src.analysis.signal_judgment:get_signals:666 | 未配置成交量周期，跳过成交量信号检查
2026-05-04 16:26:46 | WARNING  | src.analysis.signal_judgment:get_signals:666 | 未配置成交量周期，跳过成交量信号检查
2026-05-04 16:26:46 | WARNING  | src.analysis.signal_judgment:get_signals:666 | 未配置成交量周期，跳过成交量信号检查
2026-05-04 16:26:46 | WARNING  | src.analysis.signal_judgment:get_signals:666 | 未配置成交量周期，跳过成交量信号检查
2026-05-04 16:26:46 | WARNING  | src.analysis.signal_judgment:get_signals:666 | 未配置成交量周期，跳过成交量信号检查
2026-05-04 16:26:46 | WARNING  | src.analysis.signal_judgment:get_signals:666 | 未配置成交量周期，跳过成交量信号检查
2026-05-04 16:26:46 | WARNING  | src.analysis.signal_judgment:get_signals:666 | 未配置成交量周期，跳过成交量信号检查
2026-05-04 16:26:46 | WARNING  | src.analysis.signal_judgment:get_signals:666 | 未配置成交量周期，跳过成交量信号检查
2026-05-04 16:26:46 | WARNING  | src.analysis.signal_judgment:get_signals:666 | 未配置成交量周期，跳过成交量信号检查
2026-05-04 16:26:46 | WARNING  | src.analysis.signal_judgment:get_signals:666 | 未配置成交量周期，跳过成交量信号检查
2026-05-04 16:26:46 | WARNING  | src.analysis.signal_judgment:get_signals:666 | 未配置成交量周期，跳过成交量信号检查
2026-05-04 16:26:46 | WARNING  | src.analysis.signal_judgment:get_signals:666 | 未配置成交量周期，跳过成交量信号检查
2026-05-04 16:26:46 | WARNING  | src.analysis.signal_judgment:get_signals:666 | 未配置成交量周期，跳过成交量信号检查
2026-05-04 16:26:46 | WARNING  | src.analysis.signal_judgment:get_signals:666 | 未配置成交量周期，跳过成交量信号检查
2026-05-04 16:26:46 | WARNING  | src.analysis.signal_judgment:get_signals:666 | 未配置成交量周期，跳过成交量信号检查
2026-05-04 16:26:46 | WARNING  | src.analysis.signal_judgment:get_signals:666 | 未配置成交量周期，跳过成交量信号检查
2026-05-04 16:26:46 | WARNING  | src.analysis.signal_judgment:get_signals:666 | 未配置成交量周期，跳过成交量信号检查
2026-05-04 16:26:46 | WARNING  | src.analysis.signal_judgment:get_signals:666 | 未配置成交量周期，跳过成交量信号检查
2026-05-04 16:26:46 | WARNING  | src.analysis.signal_judgment:get_signals:666 | 未配置成交量周期，跳过成交量信号检查
2026-05-04 16:26:46 | WARNING  | src.analysis.signal_judgment:get_signals:666 | 未配置成交量周期，跳过成交量信号检查
2026-05-04 16:26:46 | WARNING  | src.analysis.signal_judgment:get_signals:666 | 未配置成交量周期，跳过成交量信号检查
2026-05-04 16:26:46 | WARNING  | src.analysis.signal_judgment:get_signals:666 | 未配置成交量周期，跳过成交量信号检查
2026-05-04 16:26:46 | WARNING  | src.analysis.signal_judgment:get_signals:666 | 未配置成交量周期，跳过成交量信号检查
2026-05-04 16:26:46 | WARNING  | src.analysis.signal_judgment:get_signals:666 | 未配置成交量周期，跳过成交量信号检查
2026-05-04 16:26:46 | WARNING  | src.analysis.signal_judgment:get_signals:666 | 未配置成交量周期，跳过成交量信号检查
2026-05-04 16:26:46 | WARNING  | src.analysis.signal_judgment:get_signals:666 | 未配置成交量周期，跳过成交量信号检查
2026-05-04 16:26:46 | WARNING  | src.analysis.signal_judgment:get_signals:666 | 未配置成交量周期，跳过成交量信号检查
2026-05-04 16:26:46 | WARNING  | src.analysis.signal_judgment:get_signals:666 | 未配置成交量周期，跳过成交量信号检查
2026-05-04 16:26:46 | WARNING  | src.analysis.signal_judgment:get_signals:666 | 未配置成交量周期，跳过成交量信号检查
2026-05-04 16:26:46 | WARNING  | src.analysis.signal_judgment:get_signals:666 | 未配置成交量周期，跳过成交量信号检查
2026-05-04 16:26:46 | WARNING  | src.analysis.signal_judgment:get_signals:666 | 未配置成交量周期，跳过成交量信号检查
2026-05-04 16:26:46 | WARNING  | src.analysis.signal_judgment:get_signals:666 | 未配置成交量周期，跳过成交量信号检查
2026-05-04 16:26:46 | WARNING  | src.analysis.signal_judgment:get_signals:666 | 未配置成交量周期，跳过成交量信号检查
2026-05-04 16:26:46 | WARNING  | src.analysis.signal_judgment:get_signals:666 | 未配置成交量周期，跳过成交量信号检查
2026-05-04 16:26:46 | WARNING  | src.analysis.signal_judgment:get_signals:666 | 未配置成交量周期，跳过成交量信号检查
2026-05-04 16:26:46 | WARNING  | src.analysis.signal_judgment:get_signals:666 | 未配置成交量周期，跳过成交量信号检查
2026-05-04 16:26:46 | WARNING  | src.analysis.signal_judgment:get_signals:666 | 未配置成交量周期，跳过成交量信号检查
2026-05-04 16:26:46 | WARNING  | src.analysis.signal_judgment:get_signals:666 | 未配置成交量周期，跳过成交量信号检查
2026-05-04 16:26:46 | WARNING  | src.analysis.signal_judgment:get_signals:666 | 未配置成交量周期，跳过成交量信号检查
2026-05-04 16:26:46 | WARNING  | src.analysis.signal_judgment:get_signals:666 | 未配置成交量周期，跳过成交量信号检查
2026-05-04 16:26:46 | WARNING  | src.analysis.signal_judgment:get_signals:666 | 未配置成交量周期，跳过成交量信号检查
2026-05-04 16:26:46 | WARNING  | src.analysis.signal_judgment:get_signals:666 | 未配置成交量周期，跳过成交量信号检查
2026-05-04 16:26:46 | WARNING  | src.analysis.signal_judgment:get_signals:666 | 未配置成交量周期，跳过成交量信号检查
2026-05-04 16:26:46 | WARNING  | src.analysis.signal_judgment:get_signals:666 | 未配置成交量周期，跳过成交量信号检查
2026-05-04 16:26:46 | WARNING  | src.analysis.signal_judgment:get_signals:666 | 未配置成交量周期，跳过成交量信号检查
2026-05-04 16:26:46 | WARNING  | src.analysis.signal_judgment:get_signals:666 | 未配置成交量周期，跳过成交量信号检查
2026-05-04 16:26:46 | WARNING  | src.analysis.signal_judgment:get_signals:666 | 未配置成交量周期，跳过成交量信号检查
2026-05-04 16:26:46 | WARNING  | src.analysis.signal_judgment:get_signals:666 | 未配置成交量周期，跳过成交量信号检查
2026-05-04 16:26:46 | WARNING  | src.analysis.signal_judgment:get_signals:666 | 未配置成交量周期，跳过成交量信号检查
2026-05-04 16:26:46 | WARNING  | src.analysis.signal_judgment:get_signals:666 | 未配置成交量周期，跳过成交量信号检查
2026-05-04 16:26:46 | WARNING  | src.analysis.signal_judgment:get_signals:666 | 未配置成交量周期，跳过成交量信号检查
2026-05-04 16:26:46 | WARNING  | src.analysis.signal_judgment:get_signals:666 | 未配置成交量周期，跳过成交量信号检查
2026-05-04 16:26:46 | WARNING  | src.analysis.signal_judgment:get_signals:666 | 未配置成交量周期，跳过成交量信号检查
2026-05-04 16:26:46 | WARNING  | src.analysis.signal_judgment:get_signals:666 | 未配置成交量周期，跳过成交量信号检查
2026-05-04 16:26:46 | WARNING  | src.analysis.signal_judgment:get_signals:666 | 未配置成交量周期，跳过成交量信号检查
2026-05-04 16:26:46 | WARNING  | src.analysis.signal_judgment:get_signals:666 | 未配置成交量周期，跳过成交量信号检查
2026-05-04 16:26:46 | WARNING  | src.analysis.signal_judgment:get_signals:666 | 未配置成交量周期，跳过成交量信号检查
2026-05-04 16:26:46 | WARNING  | src.analysis.signal_judgment:get_signals:666 | 未配置成交量周期，跳过成交量信号检查
2026-05-04 16:26:46 | WARNING  | src.analysis.signal_judgment:get_signals:666 | 未配置成交量周期，跳过成交量信号检查
2026-05-04 16:26:46 | WARNING  | src.analysis.signal_judgment:get_signals:666 | 未配置成交量周期，跳过成交量信号检查
2026-05-04 16:26:46 | WARNING  | src.analysis.signal_judgment:get_signals:666 | 未配置成交量周期，跳过成交量信号检查
2026-05-04 16:26:46 | WARNING  | src.analysis.signal_judgment:get_signals:666 | 未配置成交量周期，跳过成交量信号检查
2026-05-04 16:26:46 | WARNING  | src.analysis.signal_judgment:get_signals:666 | 未配置成交量周期，跳过成交量信号检查
2026-05-04 16:26:46 | WARNING  | src.analysis.signal_judgment:get_signals:666 | 未配置成交量周期，跳过成交量信号检查
2026-05-04 16:26:46 | WARNING  | src.analysis.signal_judgment:get_signals:666 | 未配置成交量周期，跳过成交量信号检查
2026-05-04 16:26:46 | WARNING  | src.analysis.signal_judgment:get_signals:666 | 未配置成交量周期，跳过成交量信号检查
2026-05-04 16:26:46 | WARNING  | src.analysis.signal_judgment:get_signals:666 | 未配置成交量周期，跳过成交量信号检查
2026-05-04 16:26:46 | WARNING  | src.analysis.signal_judgment:get_signals:666 | 未配置成交量周期，跳过成交量信号检查
2026-05-04 16:26:46 | WARNING  | src.analysis.signal_judgment:get_signals:666 | 未配置成交量周期，跳过成交量信号检查
2026-05-04 16:26:46 | WARNING  | src.analysis.signal_judgment:get_signals:666 | 未配置成交量周期，跳过成交量信号检查
2026-05-04 16:26:46 | WARNING  | src.analysis.signal_judgment:get_signals:666 | 未配置成交量周期，跳过成交量信号检查
2026-05-04 16:26:46 | WARNING  | src.analysis.signal_judgment:get_signals:666 | 未配置成交量周期，跳过成交量信号检查
2026-05-04 16:26:46 | WARNING  | src.analysis.signal_judgment:get_signals:666 | 未配置成交量周期，跳过成交量信号检查
2026-05-04 16:26:46 | WARNING  | src.analysis.signal_judgment:get_signals:666 | 未配置成交量周期，跳过成交量信号检查
2026-05-04 16:26:46 | WARNING  | src.analysis.signal_judgment:get_signals:666 | 未配置成交量周期，跳过成交量信号检查
2026-05-04 16:26:46 | WARNING  | src.analysis.signal_judgment:get_signals:666 | 未配置成交量周期，跳过成交量信号检查
2026-05-04 16:26:46 | WARNING  | src.analysis.signal_judgment:get_signals:666 | 未配置成交量周期，跳过成交量信号检查
2026-05-04 16:26:46 | WARNING  | src.analysis.signal_judgment:get_signals:666 | 未配置成交量周期，跳过成交量信号检查
2026-05-04 16:26:46 | WARNING  | src.analysis.signal_judgment:get_signals:666 | 未配置成交量周期，跳过成交量信号检查
2026-05-04 16:26:46 | WARNING  | src.analysis.signal_judgment:get_signals:666 | 未配置成交量周期，跳过成交量信号检查
2026-05-04 16:26:46 | WARNING  | src.analysis.signal_judgment:get_signals:666 | 未配置成交量周期，跳过成交量信号检查
2026-05-04 16:26:46 | WARNING  | src.analysis.signal_judgment:get_signals:666 | 未配置成交量周期，跳过成交量信号检查
2026-05-04 16:26:46 | WARNING  | src.analysis.signal_judgment:get_signals:666 | 未配置成交量周期，跳过成交量信号检查
2026-05-04 16:26:46 | WARNING  | src.analysis.signal_judgment:get_signals:666 | 未配置成交量周期，跳过成交量信号检查
2026-05-04 16:26:46 | WARNING  | src.analysis.signal_judgment:get_signals:666 | 未配置成交量周期，跳过成交量信号检查
2026-05-04 16:26:46 | WARNING  | src.analysis.signal_judgment:get_signals:666 | 未配置成交量周期，跳过成交量信号检查
2026-05-04 16:26:46 | WARNING  | src.analysis.signal_judgment:get_signals:666 | 未配置成交量周期，跳过成交量信号检查
2026-05-04 16:26:46 | WARNING  | src.analysis.signal_judgment:get_signals:666 | 未配置成交量周期，跳过成交量信号检查
2026-05-04 16:26:46 | WARNING  | src.analysis.signal_judgment:get_signals:666 | 未配置成交量周期，跳过成交量信号检查
2026-05-04 16:26:46 | WARNING  | src.analysis.signal_judgment:get_signals:666 | 未配置成交量周期，跳过成交量信号检查
2026-05-04 16:26:46 | WARNING  | src.analysis.signal_judgment:get_signals:666 | 未配置成交量周期，跳过成交量信号检查
2026-05-04 16:26:46 | WARNING  | src.analysis.signal_judgment:get_signals:666 | 未配置成交量周期，跳过成交量信号检查
2026-05-04 16:26:46 | WARNING  | src.analysis.signal_judgment:get_signals:666 | 未配置成交量周期，跳过成交量信号检查
2026-05-04 16:26:46 | WARNING  | src.analysis.signal_judgment:get_signals:666 | 未配置成交量周期，跳过成交量信号检查
2026-05-04 16:26:46 | WARNING  | src.analysis.signal_judgment:get_signals:666 | 未配置成交量周期，跳过成交量信号检查
2026-05-04 16:26:46 | WARNING  | src.analysis.signal_judgment:get_signals:666 | 未配置成交量周期，跳过成交量信号检查
2026-05-04 16:26:46 | WARNING  | src.analysis.signal_judgment:get_signals:666 | 未配置成交量周期，跳过成交量信号检查
2026-05-04 16:26:46 | WARNING  | src.analysis.signal_judgment:get_signals:666 | 未配置成交量周期，跳过成交量信号检查
2026-05-04 16:26:46 | WARNING  | src.analysis.signal_judgment:get_signals:666 | 未配置成交量周期，跳过成交量信号检查
2026-05-04 16:26:46 | WARNING  | src.analysis.signal_judgment:get_signals:666 | 未配置成交量周期，跳过成交量信号检查
2026-05-04 16:26:46 | WARNING  | src.analysis.signal_judgment:get_signals:666 | 未配置成交量周期，跳过成交量信号检查
2026-05-04 16:26:46 | WARNING  | src.analysis.signal_judgment:get_signals:666 | 未配置成交量周期，跳过成交量信号检查
2026-05-04 16:26:46 | WARNING  | src.analysis.signal_judgment:get_signals:666 | 未配置成交量周期，跳过成交量信号检查
2026-05-04 16:26:46 | WARNING  | src.analysis.signal_judgment:get_signals:666 | 未配置成交量周期，跳过成交量信号检查
2026-05-04 16:26:46 | WARNING  | src.analysis.signal_judgment:get_signals:666 | 未配置成交量周期，跳过成交量信号检查
2026-05-04 16:26:46 | WARNING  | src.analysis.signal_judgment:get_signals:666 | 未配置成交量周期，跳过成交量信号检查
2026-05-04 16:26:46 | WARNING  | src.analysis.signal_judgment:get_signals:666 | 未配置成交量周期，跳过成交量信号检查
2026-05-04 16:26:46 | WARNING  | src.analysis.signal_judgment:get_signals:666 | 未配置成交量周期，跳过成交量信号检查
2026-05-04 16:26:46 | INFO     | src.backtest.engine.backtest_engine:run:230 | 回测完成: 593 笔交易
2026-05-04 16:26:46 | INFO     | src.backtest.reporter.report_generator:save_report:117 | 回测报告已保存到: outputs/backtest\backtest-005538-summary-20260504-162646.txt
2026-05-04 16:26:46 | INFO     | src.workflow.backtest:run_backtest:124 | 
======================================================================
回测策略评估报告
======================================================================
策略名称: SignalBasedStrategy
报告时间: 2026-05-04 16:26:46
交易笔数: 593
----------------------------------------------------------------------
【收益指标】
  总收益率:         23.62%
  年化收益率:        2.94%
  年化波动率:        8.06%

【风险指标】
  最大回撤:        -15.08%
  回撤持续天数:        856

【综合指标】
  夏普比率:           0.16
  索提诺比率:         0.20
  卡尔玛比率:         0.19

【交易统计】
  总交易次数:          295
  胜率:             50.00%
  盈亏比:             1.00
======================================================================
2026-05-04 17:07:47 | INFO     | src.backtest.engine.backtest_engine:run:146 | 回测开始: 23 只股票, 804 个交易日
2026-05-04 17:07:47 | WARNING  | src.analysis.signal_judgment:get_signals:666 | 未配置成交量周期，跳过成交量信号检查
2026-05-04 17:07:47 | WARNING  | src.analysis.signal_judgment:get_signals:666 | 未配置成交量周期，跳过成交量信号检查
2026-05-04 17:07:47 | WARNING  | src.analysis.signal_judgment:get_signals:666 | 未配置成交量周期，跳过成交量信号检查
2026-05-04 17:07:47 | WARNING  | src.analysis.signal_judgment:get_signals:666 | 未配置成交量周期，跳过成交量信号检查
2026-05-04 17:07:47 | WARNING  | src.analysis.signal_judgment:get_signals:666 | 未配置成交量周期，跳过成交量信号检查
2026-05-04 17:07:47 | WARNING  | src.analysis.signal_judgment:get_signals:666 | 未配置成交量周期，跳过成交量信号检查
2026-05-04 17:07:47 | WARNING  | src.analysis.signal_judgment:get_signals:666 | 未配置成交量周期，跳过成交量信号检查
2026-05-04 17:07:47 | WARNING  | src.analysis.signal_judgment:get_signals:666 | 未配置成交量周期，跳过成交量信号检查
2026-05-04 17:07:47 | WARNING  | src.analysis.signal_judgment:get_signals:666 | 未配置成交量周期，跳过成交量信号检查
2026-05-04 17:07:47 | WARNING  | src.analysis.signal_judgment:get_signals:666 | 未配置成交量周期，跳过成交量信号检查
2026-05-04 17:07:47 | WARNING  | src.analysis.signal_judgment:get_signals:666 | 未配置成交量周期，跳过成交量信号检查
2026-05-04 17:07:47 | WARNING  | src.analysis.signal_judgment:get_signals:666 | 未配置成交量周期，跳过成交量信号检查
2026-05-04 17:07:47 | WARNING  | src.analysis.signal_judgment:get_signals:666 | 未配置成交量周期，跳过成交量信号检查
2026-05-04 17:07:47 | WARNING  | src.analysis.signal_judgment:get_signals:666 | 未配置成交量周期，跳过成交量信号检查
2026-05-04 17:07:47 | WARNING  | src.analysis.signal_judgment:get_signals:666 | 未配置成交量周期，跳过成交量信号检查
2026-05-04 17:07:47 | WARNING  | src.analysis.signal_judgment:get_signals:666 | 未配置成交量周期，跳过成交量信号检查
2026-05-04 17:07:47 | WARNING  | src.analysis.signal_judgment:get_signals:666 | 未配置成交量周期，跳过成交量信号检查
2026-05-04 17:07:47 | WARNING  | src.analysis.signal_judgment:get_signals:666 | 未配置成交量周期，跳过成交量信号检查
2026-05-04 17:07:47 | WARNING  | src.analysis.signal_judgment:get_signals:666 | 未配置成交量周期，跳过成交量信号检查
2026-05-04 17:07:47 | WARNING  | src.analysis.signal_judgment:get_signals:666 | 未配置成交量周期，跳过成交量信号检查
2026-05-04 17:07:47 | WARNING  | src.analysis.signal_judgment:get_signals:666 | 未配置成交量周期，跳过成交量信号检查
2026-05-04 17:07:47 | WARNING  | src.analysis.signal_judgment:get_signals:666 | 未配置成交量周期，跳过成交量信号检查
2026-05-04 17:07:47 | WARNING  | src.analysis.signal_judgment:get_signals:666 | 未配置成交量周期，跳过成交量信号检查
2026-05-04 17:07:47 | WARNING  | src.analysis.signal_judgment:get_signals:666 | 未配置成交量周期，跳过成交量信号检查
2026-05-04 17:07:47 | WARNING  | src.analysis.signal_judgment:get_signals:666 | 未配置成交量周期，跳过成交量信号检查
2026-05-04 17:07:47 | WARNING  | src.analysis.signal_judgment:get_signals:666 | 未配置成交量周期，跳过成交量信号检查
2026-05-04 17:07:47 | WARNING  | src.analysis.signal_judgment:get_signals:666 | 未配置成交量周期，跳过成交量信号检查
2026-05-04 17:07:47 | WARNING  | src.analysis.signal_judgment:get_signals:666 | 未配置成交量周期，跳过成交量信号检查
2026-05-04 17:07:47 | WARNING  | src.analysis.signal_judgment:get_signals:666 | 未配置成交量周期，跳过成交量信号检查
2026-05-04 17:07:47 | WARNING  | src.analysis.signal_judgment:get_signals:666 | 未配置成交量周期，跳过成交量信号检查
2026-05-04 17:07:47 | WARNING  | src.analysis.signal_judgment:get_signals:666 | 未配置成交量周期，跳过成交量信号检查
2026-05-04 17:07:47 | WARNING  | src.analysis.signal_judgment:get_signals:666 | 未配置成交量周期，跳过成交量信号检查
2026-05-04 17:07:47 | WARNING  | src.analysis.signal_judgment:get_signals:666 | 未配置成交量周期，跳过成交量信号检查
2026-05-04 17:07:47 | WARNING  | src.analysis.signal_judgment:get_signals:666 | 未配置成交量周期，跳过成交量信号检查
2026-05-04 17:07:47 | WARNING  | src.analysis.signal_judgment:get_signals:666 | 未配置成交量周期，跳过成交量信号检查
2026-05-04 17:07:47 | WARNING  | src.analysis.signal_judgment:get_signals:666 | 未配置成交量周期，跳过成交量信号检查
2026-05-04 17:07:47 | WARNING  | src.analysis.signal_judgment:get_signals:666 | 未配置成交量周期，跳过成交量信号检查
2026-05-04 17:07:47 | WARNING  | src.analysis.signal_judgment:get_signals:666 | 未配置成交量周期，跳过成交量信号检查
2026-05-04 17:07:47 | WARNING  | src.analysis.signal_judgment:get_signals:666 | 未配置成交量周期，跳过成交量信号检查
2026-05-04 17:07:47 | WARNING  | src.analysis.signal_judgment:get_signals:666 | 未配置成交量周期，跳过成交量信号检查
2026-05-04 17:07:47 | WARNING  | src.analysis.signal_judgment:get_signals:666 | 未配置成交量周期，跳过成交量信号检查
2026-05-04 17:07:47 | WARNING  | src.analysis.signal_judgment:get_signals:666 | 未配置成交量周期，跳过成交量信号检查
2026-05-04 17:07:47 | WARNING  | src.analysis.signal_judgment:get_signals:666 | 未配置成交量周期，跳过成交量信号检查
2026-05-04 17:07:47 | WARNING  | src.analysis.signal_judgment:get_signals:666 | 未配置成交量周期，跳过成交量信号检查
2026-05-04 17:07:47 | WARNING  | src.analysis.signal_judgment:get_signals:666 | 未配置成交量周期，跳过成交量信号检查
2026-05-04 17:07:47 | WARNING  | src.analysis.signal_judgment:get_signals:666 | 未配置成交量周期，跳过成交量信号检查
2026-05-04 17:07:47 | WARNING  | src.analysis.signal_judgment:get_signals:666 | 未配置成交量周期，跳过成交量信号检查
2026-05-04 17:07:47 | WARNING  | src.analysis.signal_judgment:get_signals:666 | 未配置成交量周期，跳过成交量信号检查
2026-05-04 17:07:47 | WARNING  | src.analysis.signal_judgment:get_signals:666 | 未配置成交量周期，跳过成交量信号检查
2026-05-04 17:07:47 | WARNING  | src.analysis.signal_judgment:get_signals:666 | 未配置成交量周期，跳过成交量信号检查
2026-05-04 17:07:47 | WARNING  | src.analysis.signal_judgment:get_signals:666 | 未配置成交量周期，跳过成交量信号检查
2026-05-04 17:07:47 | WARNING  | src.analysis.signal_judgment:get_signals:666 | 未配置成交量周期，跳过成交量信号检查
2026-05-04 17:07:47 | WARNING  | src.analysis.signal_judgment:get_signals:666 | 未配置成交量周期，跳过成交量信号检查
2026-05-04 17:07:47 | WARNING  | src.analysis.signal_judgment:get_signals:666 | 未配置成交量周期，跳过成交量信号检查
2026-05-04 17:07:47 | WARNING  | src.analysis.signal_judgment:get_signals:666 | 未配置成交量周期，跳过成交量信号检查
2026-05-04 17:07:47 | WARNING  | src.analysis.signal_judgment:get_signals:666 | 未配置成交量周期，跳过成交量信号检查
2026-05-04 17:07:47 | WARNING  | src.analysis.signal_judgment:get_signals:666 | 未配置成交量周期，跳过成交量信号检查
2026-05-04 17:07:47 | WARNING  | src.analysis.signal_judgment:get_signals:666 | 未配置成交量周期，跳过成交量信号检查
2026-05-04 17:07:47 | WARNING  | src.analysis.signal_judgment:get_signals:666 | 未配置成交量周期，跳过成交量信号检查
2026-05-04 17:07:47 | WARNING  | src.analysis.signal_judgment:get_signals:666 | 未配置成交量周期，跳过成交量信号检查
2026-05-04 17:07:47 | WARNING  | src.analysis.signal_judgment:get_signals:666 | 未配置成交量周期，跳过成交量信号检查
2026-05-04 17:07:47 | WARNING  | src.analysis.signal_judgment:get_signals:666 | 未配置成交量周期，跳过成交量信号检查
2026-05-04 17:07:47 | WARNING  | src.analysis.signal_judgment:get_signals:666 | 未配置成交量周期，跳过成交量信号检查
2026-05-04 17:07:47 | WARNING  | src.analysis.signal_judgment:get_signals:666 | 未配置成交量周期，跳过成交量信号检查
2026-05-04 17:07:47 | WARNING  | src.analysis.signal_judgment:get_signals:666 | 未配置成交量周期，跳过成交量信号检查
2026-05-04 17:07:47 | WARNING  | src.analysis.signal_judgment:get_signals:666 | 未配置成交量周期，跳过成交量信号检查
2026-05-04 17:07:47 | WARNING  | src.analysis.signal_judgment:get_signals:666 | 未配置成交量周期，跳过成交量信号检查
2026-05-04 17:07:47 | WARNING  | src.analysis.signal_judgment:get_signals:666 | 未配置成交量周期，跳过成交量信号检查
2026-05-04 17:07:47 | WARNING  | src.analysis.signal_judgment:get_signals:666 | 未配置成交量周期，跳过成交量信号检查
2026-05-04 17:07:47 | WARNING  | src.analysis.signal_judgment:get_signals:666 | 未配置成交量周期，跳过成交量信号检查
2026-05-04 17:07:47 | WARNING  | src.analysis.signal_judgment:get_signals:666 | 未配置成交量周期，跳过成交量信号检查
2026-05-04 17:07:47 | WARNING  | src.analysis.signal_judgment:get_signals:666 | 未配置成交量周期，跳过成交量信号检查
2026-05-04 17:07:47 | WARNING  | src.analysis.signal_judgment:get_signals:666 | 未配置成交量周期，跳过成交量信号检查
2026-05-04 17:07:47 | WARNING  | src.analysis.signal_judgment:get_signals:666 | 未配置成交量周期，跳过成交量信号检查
2026-05-04 17:07:47 | WARNING  | src.analysis.signal_judgment:get_signals:666 | 未配置成交量周期，跳过成交量信号检查
2026-05-04 17:07:47 | WARNING  | src.analysis.signal_judgment:get_signals:666 | 未配置成交量周期，跳过成交量信号检查
2026-05-04 17:07:47 | WARNING  | src.analysis.signal_judgment:get_signals:666 | 未配置成交量周期，跳过成交量信号检查
2026-05-04 17:07:47 | WARNING  | src.analysis.signal_judgment:get_signals:666 | 未配置成交量周期，跳过成交量信号检查
2026-05-04 17:07:47 | WARNING  | src.analysis.signal_judgment:get_signals:666 | 未配置成交量周期，跳过成交量信号检查
2026-05-04 17:07:47 | WARNING  | src.analysis.signal_judgment:get_signals:666 | 未配置成交量周期，跳过成交量信号检查
2026-05-04 17:07:47 | WARNING  | src.analysis.signal_judgment:get_signals:666 | 未配置成交量周期，跳过成交量信号检查
2026-05-04 17:07:47 | WARNING  | src.analysis.signal_judgment:get_signals:666 | 未配置成交量周期，跳过成交量信号检查
2026-05-04 17:07:47 | WARNING  | src.analysis.signal_judgment:get_signals:666 | 未配置成交量周期，跳过成交量信号检查
2026-05-04 17:07:47 | WARNING  | src.analysis.signal_judgment:get_signals:666 | 未配置成交量周期，跳过成交量信号检查
2026-05-04 17:07:47 | WARNING  | src.analysis.signal_judgment:get_signals:666 | 未配置成交量周期，跳过成交量信号检查
2026-05-04 17:07:47 | WARNING  | src.analysis.signal_judgment:get_signals:666 | 未配置成交量周期，跳过成交量信号检查
2026-05-04 17:07:47 | WARNING  | src.analysis.signal_judgment:get_signals:666 | 未配置成交量周期，跳过成交量信号检查
2026-05-04 17:07:47 | WARNING  | src.analysis.signal_judgment:get_signals:666 | 未配置成交量周期，跳过成交量信号检查
2026-05-04 17:07:47 | WARNING  | src.analysis.signal_judgment:get_signals:666 | 未配置成交量周期，跳过成交量信号检查
2026-05-04 17:07:47 | WARNING  | src.analysis.signal_judgment:get_signals:666 | 未配置成交量周期，跳过成交量信号检查
2026-05-04 17:07:47 | WARNING  | src.analysis.signal_judgment:get_signals:666 | 未配置成交量周期，跳过成交量信号检查
2026-05-04 17:07:47 | WARNING  | src.analysis.signal_judgment:get_signals:666 | 未配置成交量周期，跳过成交量信号检查
2026-05-04 17:07:47 | WARNING  | src.analysis.signal_judgment:get_signals:666 | 未配置成交量周期，跳过成交量信号检查
2026-05-04 17:07:47 | WARNING  | src.analysis.signal_judgment:get_signals:666 | 未配置成交量周期，跳过成交量信号检查
2026-05-04 17:07:47 | WARNING  | src.analysis.signal_judgment:get_signals:666 | 未配置成交量周期，跳过成交量信号检查
2026-05-04 17:07:47 | WARNING  | src.analysis.signal_judgment:get_signals:666 | 未配置成交量周期，跳过成交量信号检查
2026-05-04 17:07:47 | WARNING  | src.analysis.signal_judgment:get_signals:666 | 未配置成交量周期，跳过成交量信号检查
2026-05-04 17:07:47 | WARNING  | src.analysis.signal_judgment:get_signals:666 | 未配置成交量周期，跳过成交量信号检查
2026-05-04 17:07:48 | WARNING  | src.analysis.signal_judgment:get_signals:666 | 未配置成交量周期，跳过成交量信号检查
2026-05-04 17:07:48 | WARNING  | src.analysis.signal_judgment:get_signals:666 | 未配置成交量周期，跳过成交量信号检查
2026-05-04 17:07:48 | WARNING  | src.analysis.signal_judgment:get_signals:666 | 未配置成交量周期，跳过成交量信号检查
2026-05-04 17:07:48 | WARNING  | src.analysis.signal_judgment:get_signals:666 | 未配置成交量周期，跳过成交量信号检查
2026-05-04 17:07:48 | WARNING  | src.analysis.signal_judgment:get_signals:666 | 未配置成交量周期，跳过成交量信号检查
2026-05-04 17:07:48 | WARNING  | src.analysis.signal_judgment:get_signals:666 | 未配置成交量周期，跳过成交量信号检查
2026-05-04 17:07:48 | WARNING  | src.analysis.signal_judgment:get_signals:666 | 未配置成交量周期，跳过成交量信号检查
2026-05-04 17:07:48 | WARNING  | src.analysis.signal_judgment:get_signals:666 | 未配置成交量周期，跳过成交量信号检查
2026-05-04 17:07:48 | WARNING  | src.analysis.signal_judgment:get_signals:666 | 未配置成交量周期，跳过成交量信号检查
2026-05-04 17:07:48 | WARNING  | src.analysis.signal_judgment:get_signals:666 | 未配置成交量周期，跳过成交量信号检查
2026-05-04 17:07:48 | WARNING  | src.analysis.signal_judgment:get_signals:666 | 未配置成交量周期，跳过成交量信号检查
2026-05-04 17:07:48 | WARNING  | src.analysis.signal_judgment:get_signals:666 | 未配置成交量周期，跳过成交量信号检查
2026-05-04 17:07:48 | WARNING  | src.analysis.signal_judgment:get_signals:666 | 未配置成交量周期，跳过成交量信号检查
2026-05-04 17:07:48 | WARNING  | src.analysis.signal_judgment:get_signals:666 | 未配置成交量周期，跳过成交量信号检查
2026-05-04 17:07:48 | WARNING  | src.analysis.signal_judgment:get_signals:666 | 未配置成交量周期，跳过成交量信号检查
2026-05-04 17:07:48 | WARNING  | src.analysis.signal_judgment:get_signals:666 | 未配置成交量周期，跳过成交量信号检查
2026-05-04 17:07:48 | WARNING  | src.analysis.signal_judgment:get_signals:666 | 未配置成交量周期，跳过成交量信号检查
2026-05-04 17:07:48 | WARNING  | src.analysis.signal_judgment:get_signals:666 | 未配置成交量周期，跳过成交量信号检查
2026-05-04 17:07:48 | WARNING  | src.analysis.signal_judgment:get_signals:666 | 未配置成交量周期，跳过成交量信号检查
2026-05-04 17:07:48 | WARNING  | src.analysis.signal_judgment:get_signals:666 | 未配置成交量周期，跳过成交量信号检查
2026-05-04 17:07:48 | WARNING  | src.analysis.signal_judgment:get_signals:666 | 未配置成交量周期，跳过成交量信号检查
2026-05-04 17:07:48 | WARNING  | src.analysis.signal_judgment:get_signals:666 | 未配置成交量周期，跳过成交量信号检查
2026-05-04 17:07:48 | WARNING  | src.analysis.signal_judgment:get_signals:666 | 未配置成交量周期，跳过成交量信号检查
2026-05-04 17:07:48 | WARNING  | src.analysis.signal_judgment:get_signals:666 | 未配置成交量周期，跳过成交量信号检查
2026-05-04 17:07:48 | WARNING  | src.analysis.signal_judgment:get_signals:666 | 未配置成交量周期，跳过成交量信号检查
2026-05-04 17:07:48 | WARNING  | src.analysis.signal_judgment:get_signals:666 | 未配置成交量周期，跳过成交量信号检查
2026-05-04 17:07:48 | WARNING  | src.analysis.signal_judgment:get_signals:666 | 未配置成交量周期，跳过成交量信号检查
2026-05-04 17:07:48 | WARNING  | src.analysis.signal_judgment:get_signals:666 | 未配置成交量周期，跳过成交量信号检查
2026-05-04 17:07:48 | WARNING  | src.analysis.signal_judgment:get_signals:666 | 未配置成交量周期，跳过成交量信号检查
2026-05-04 17:07:48 | WARNING  | src.analysis.signal_judgment:get_signals:666 | 未配置成交量周期，跳过成交量信号检查
2026-05-04 17:07:48 | WARNING  | src.analysis.signal_judgment:get_signals:666 | 未配置成交量周期，跳过成交量信号检查
2026-05-04 17:07:48 | WARNING  | src.analysis.signal_judgment:get_signals:666 | 未配置成交量周期，跳过成交量信号检查
2026-05-04 17:07:48 | WARNING  | src.analysis.signal_judgment:get_signals:666 | 未配置成交量周期，跳过成交量信号检查
2026-05-04 17:07:48 | WARNING  | src.analysis.signal_judgment:get_signals:666 | 未配置成交量周期，跳过成交量信号检查
2026-05-04 17:07:48 | WARNING  | src.analysis.signal_judgment:get_signals:666 | 未配置成交量周期，跳过成交量信号检查
2026-05-04 17:07:48 | WARNING  | src.analysis.signal_judgment:get_signals:666 | 未配置成交量周期，跳过成交量信号检查
2026-05-04 17:07:48 | WARNING  | src.analysis.signal_judgment:get_signals:666 | 未配置成交量周期，跳过成交量信号检查
2026-05-04 17:07:48 | WARNING  | src.analysis.signal_judgment:get_signals:666 | 未配置成交量周期，跳过成交量信号检查
2026-05-04 17:07:48 | WARNING  | src.analysis.signal_judgment:get_signals:666 | 未配置成交量周期，跳过成交量信号检查
2026-05-04 17:07:48 | WARNING  | src.analysis.signal_judgment:get_signals:666 | 未配置成交量周期，跳过成交量信号检查
2026-05-04 17:07:48 | WARNING  | src.analysis.signal_judgment:get_signals:666 | 未配置成交量周期，跳过成交量信号检查
2026-05-04 17:07:48 | WARNING  | src.analysis.signal_judgment:get_signals:666 | 未配置成交量周期，跳过成交量信号检查
2026-05-04 17:07:48 | WARNING  | src.analysis.signal_judgment:get_signals:666 | 未配置成交量周期，跳过成交量信号检查
2026-05-04 17:07:48 | WARNING  | src.analysis.signal_judgment:get_signals:666 | 未配置成交量周期，跳过成交量信号检查
2026-05-04 17:07:48 | WARNING  | src.analysis.signal_judgment:get_signals:666 | 未配置成交量周期，跳过成交量信号检查
2026-05-04 17:07:48 | WARNING  | src.analysis.signal_judgment:get_signals:666 | 未配置成交量周期，跳过成交量信号检查
2026-05-04 17:07:48 | WARNING  | src.analysis.signal_judgment:get_signals:666 | 未配置成交量周期，跳过成交量信号检查
2026-05-04 17:07:48 | WARNING  | src.analysis.signal_judgment:get_signals:666 | 未配置成交量周期，跳过成交量信号检查
2026-05-04 17:07:48 | WARNING  | src.analysis.signal_judgment:get_signals:666 | 未配置成交量周期，跳过成交量信号检查
2026-05-04 17:07:48 | WARNING  | src.analysis.signal_judgment:get_signals:666 | 未配置成交量周期，跳过成交量信号检查
2026-05-04 17:07:48 | WARNING  | src.analysis.signal_judgment:get_signals:666 | 未配置成交量周期，跳过成交量信号检查
2026-05-04 17:07:48 | WARNING  | src.analysis.signal_judgment:get_signals:666 | 未配置成交量周期，跳过成交量信号检查
2026-05-04 17:07:48 | WARNING  | src.analysis.signal_judgment:get_signals:666 | 未配置成交量周期，跳过成交量信号检查
2026-05-04 17:07:48 | WARNING  | src.analysis.signal_judgment:get_signals:666 | 未配置成交量周期，跳过成交量信号检查
2026-05-04 17:07:48 | WARNING  | src.analysis.signal_judgment:get_signals:666 | 未配置成交量周期，跳过成交量信号检查
2026-05-04 17:07:48 | WARNING  | src.analysis.signal_judgment:get_signals:666 | 未配置成交量周期，跳过成交量信号检查
2026-05-04 17:07:48 | WARNING  | src.analysis.signal_judgment:get_signals:666 | 未配置成交量周期，跳过成交量信号检查
2026-05-04 17:07:48 | WARNING  | src.analysis.signal_judgment:get_signals:666 | 未配置成交量周期，跳过成交量信号检查
2026-05-04 17:07:48 | WARNING  | src.analysis.signal_judgment:get_signals:666 | 未配置成交量周期，跳过成交量信号检查
2026-05-04 17:07:48 | WARNING  | src.analysis.signal_judgment:get_signals:666 | 未配置成交量周期，跳过成交量信号检查
2026-05-04 17:07:48 | WARNING  | src.analysis.signal_judgment:get_signals:666 | 未配置成交量周期，跳过成交量信号检查
2026-05-04 17:07:48 | WARNING  | src.analysis.signal_judgment:get_signals:666 | 未配置成交量周期，跳过成交量信号检查
2026-05-04 17:07:48 | WARNING  | src.analysis.signal_judgment:get_signals:666 | 未配置成交量周期，跳过成交量信号检查
2026-05-04 17:07:48 | WARNING  | src.analysis.signal_judgment:get_signals:666 | 未配置成交量周期，跳过成交量信号检查
2026-05-04 17:07:48 | WARNING  | src.analysis.signal_judgment:get_signals:666 | 未配置成交量周期，跳过成交量信号检查
2026-05-04 17:07:48 | WARNING  | src.analysis.signal_judgment:get_signals:666 | 未配置成交量周期，跳过成交量信号检查
2026-05-04 17:07:48 | WARNING  | src.analysis.signal_judgment:get_signals:666 | 未配置成交量周期，跳过成交量信号检查
2026-05-04 17:07:48 | WARNING  | src.analysis.signal_judgment:get_signals:666 | 未配置成交量周期，跳过成交量信号检查
2026-05-04 17:07:48 | WARNING  | src.analysis.signal_judgment:get_signals:666 | 未配置成交量周期，跳过成交量信号检查
2026-05-04 17:07:48 | WARNING  | src.analysis.signal_judgment:get_signals:666 | 未配置成交量周期，跳过成交量信号检查
2026-05-04 17:07:48 | WARNING  | src.analysis.signal_judgment:get_signals:666 | 未配置成交量周期，跳过成交量信号检查
2026-05-04 17:07:48 | WARNING  | src.analysis.signal_judgment:get_signals:666 | 未配置成交量周期，跳过成交量信号检查
2026-05-04 17:07:48 | WARNING  | src.analysis.signal_judgment:get_signals:666 | 未配置成交量周期，跳过成交量信号检查
2026-05-04 17:07:48 | WARNING  | src.analysis.signal_judgment:get_signals:666 | 未配置成交量周期，跳过成交量信号检查
2026-05-04 17:07:48 | WARNING  | src.analysis.signal_judgment:get_signals:666 | 未配置成交量周期，跳过成交量信号检查
2026-05-04 17:07:48 | WARNING  | src.analysis.signal_judgment:get_signals:666 | 未配置成交量周期，跳过成交量信号检查
2026-05-04 17:07:48 | WARNING  | src.analysis.signal_judgment:get_signals:666 | 未配置成交量周期，跳过成交量信号检查
2026-05-04 17:07:48 | WARNING  | src.analysis.signal_judgment:get_signals:666 | 未配置成交量周期，跳过成交量信号检查
2026-05-04 17:07:48 | WARNING  | src.analysis.signal_judgment:get_signals:666 | 未配置成交量周期，跳过成交量信号检查
2026-05-04 17:07:48 | WARNING  | src.analysis.signal_judgment:get_signals:666 | 未配置成交量周期，跳过成交量信号检查
2026-05-04 17:07:48 | WARNING  | src.analysis.signal_judgment:get_signals:666 | 未配置成交量周期，跳过成交量信号检查
2026-05-04 17:07:48 | WARNING  | src.analysis.signal_judgment:get_signals:666 | 未配置成交量周期，跳过成交量信号检查
2026-05-04 17:07:48 | WARNING  | src.analysis.signal_judgment:get_signals:666 | 未配置成交量周期，跳过成交量信号检查
2026-05-04 17:07:48 | WARNING  | src.analysis.signal_judgment:get_signals:666 | 未配置成交量周期，跳过成交量信号检查
2026-05-04 17:07:48 | WARNING  | src.analysis.signal_judgment:get_signals:666 | 未配置成交量周期，跳过成交量信号检查
2026-05-04 17:07:48 | WARNING  | src.analysis.signal_judgment:get_signals:666 | 未配置成交量周期，跳过成交量信号检查
2026-05-04 17:07:48 | WARNING  | src.analysis.signal_judgment:get_signals:666 | 未配置成交量周期，跳过成交量信号检查
2026-05-04 17:07:48 | WARNING  | src.analysis.signal_judgment:get_signals:666 | 未配置成交量周期，跳过成交量信号检查
2026-05-04 17:07:48 | WARNING  | src.analysis.signal_judgment:get_signals:666 | 未配置成交量周期，跳过成交量信号检查
2026-05-04 17:07:48 | WARNING  | src.analysis.signal_judgment:get_signals:666 | 未配置成交量周期，跳过成交量信号检查
2026-05-04 17:07:48 | WARNING  | src.analysis.signal_judgment:get_signals:666 | 未配置成交量周期，跳过成交量信号检查
2026-05-04 17:07:48 | WARNING  | src.analysis.signal_judgment:get_signals:666 | 未配置成交量周期，跳过成交量信号检查
2026-05-04 17:07:48 | WARNING  | src.analysis.signal_judgment:get_signals:666 | 未配置成交量周期，跳过成交量信号检查
2026-05-04 17:07:48 | WARNING  | src.analysis.signal_judgment:get_signals:666 | 未配置成交量周期，跳过成交量信号检查
2026-05-04 17:07:48 | WARNING  | src.analysis.signal_judgment:get_signals:666 | 未配置成交量周期，跳过成交量信号检查
2026-05-04 17:07:48 | WARNING  | src.analysis.signal_judgment:get_signals:666 | 未配置成交量周期，跳过成交量信号检查
2026-05-04 17:07:48 | WARNING  | src.analysis.signal_judgment:get_signals:666 | 未配置成交量周期，跳过成交量信号检查
2026-05-04 17:07:48 | WARNING  | src.analysis.signal_judgment:get_signals:666 | 未配置成交量周期，跳过成交量信号检查
2026-05-04 17:07:48 | WARNING  | src.analysis.signal_judgment:get_signals:666 | 未配置成交量周期，跳过成交量信号检查
2026-05-04 17:07:48 | WARNING  | src.analysis.signal_judgment:get_signals:666 | 未配置成交量周期，跳过成交量信号检查
2026-05-04 17:07:48 | WARNING  | src.analysis.signal_judgment:get_signals:666 | 未配置成交量周期，跳过成交量信号检查
2026-05-04 17:07:48 | WARNING  | src.analysis.signal_judgment:get_signals:666 | 未配置成交量周期，跳过成交量信号检查
2026-05-04 17:07:48 | WARNING  | src.analysis.signal_judgment:get_signals:666 | 未配置成交量周期，跳过成交量信号检查
2026-05-04 17:07:48 | WARNING  | src.analysis.signal_judgment:get_signals:666 | 未配置成交量周期，跳过成交量信号检查
2026-05-04 17:07:48 | WARNING  | src.analysis.signal_judgment:get_signals:666 | 未配置成交量周期，跳过成交量信号检查
2026-05-04 17:07:48 | WARNING  | src.analysis.signal_judgment:get_signals:666 | 未配置成交量周期，跳过成交量信号检查
2026-05-04 17:07:48 | WARNING  | src.analysis.signal_judgment:get_signals:666 | 未配置成交量周期，跳过成交量信号检查
2026-05-04 17:07:48 | WARNING  | src.analysis.signal_judgment:get_signals:666 | 未配置成交量周期，跳过成交量信号检查
2026-05-04 17:07:48 | WARNING  | src.analysis.signal_judgment:get_signals:666 | 未配置成交量周期，跳过成交量信号检查
2026-05-04 17:07:48 | WARNING  | src.analysis.signal_judgment:get_signals:666 | 未配置成交量周期，跳过成交量信号检查
2026-05-04 17:07:48 | WARNING  | src.analysis.signal_judgment:get_signals:666 | 未配置成交量周期，跳过成交量信号检查
2026-05-04 17:07:48 | WARNING  | src.analysis.signal_judgment:get_signals:666 | 未配置成交量周期，跳过成交量信号检查
2026-05-04 17:07:48 | WARNING  | src.analysis.signal_judgment:get_signals:666 | 未配置成交量周期，跳过成交量信号检查
2026-05-04 17:07:48 | WARNING  | src.analysis.signal_judgment:get_signals:666 | 未配置成交量周期，跳过成交量信号检查
2026-05-04 17:07:48 | WARNING  | src.analysis.signal_judgment:get_signals:666 | 未配置成交量周期，跳过成交量信号检查
2026-05-04 17:07:48 | WARNING  | src.analysis.signal_judgment:get_signals:666 | 未配置成交量周期，跳过成交量信号检查
2026-05-04 17:07:48 | WARNING  | src.analysis.signal_judgment:get_signals:666 | 未配置成交量周期，跳过成交量信号检查
2026-05-04 17:07:48 | WARNING  | src.analysis.signal_judgment:get_signals:666 | 未配置成交量周期，跳过成交量信号检查
2026-05-04 17:07:48 | WARNING  | src.analysis.signal_judgment:get_signals:666 | 未配置成交量周期，跳过成交量信号检查
2026-05-04 17:07:48 | WARNING  | src.analysis.signal_judgment:get_signals:666 | 未配置成交量周期，跳过成交量信号检查
2026-05-04 17:07:48 | WARNING  | src.analysis.signal_judgment:get_signals:666 | 未配置成交量周期，跳过成交量信号检查
2026-05-04 17:07:48 | WARNING  | src.analysis.signal_judgment:get_signals:666 | 未配置成交量周期，跳过成交量信号检查
2026-05-04 17:07:48 | WARNING  | src.analysis.signal_judgment:get_signals:666 | 未配置成交量周期，跳过成交量信号检查
2026-05-04 17:07:48 | WARNING  | src.analysis.signal_judgment:get_signals:666 | 未配置成交量周期，跳过成交量信号检查
2026-05-04 17:07:48 | WARNING  | src.analysis.signal_judgment:get_signals:666 | 未配置成交量周期，跳过成交量信号检查
2026-05-04 17:07:48 | WARNING  | src.analysis.signal_judgment:get_signals:666 | 未配置成交量周期，跳过成交量信号检查
2026-05-04 17:07:48 | WARNING  | src.analysis.signal_judgment:get_signals:666 | 未配置成交量周期，跳过成交量信号检查
2026-05-04 17:07:48 | WARNING  | src.analysis.signal_judgment:get_signals:666 | 未配置成交量周期，跳过成交量信号检查
2026-05-04 17:07:48 | WARNING  | src.analysis.signal_judgment:get_signals:666 | 未配置成交量周期，跳过成交量信号检查
2026-05-04 17:07:48 | WARNING  | src.analysis.signal_judgment:get_signals:666 | 未配置成交量周期，跳过成交量信号检查
2026-05-04 17:07:48 | WARNING  | src.analysis.signal_judgment:get_signals:666 | 未配置成交量周期，跳过成交量信号检查
2026-05-04 17:07:48 | WARNING  | src.analysis.signal_judgment:get_signals:666 | 未配置成交量周期，跳过成交量信号检查
2026-05-04 17:07:48 | WARNING  | src.analysis.signal_judgment:get_signals:666 | 未配置成交量周期，跳过成交量信号检查
2026-05-04 17:07:48 | WARNING  | src.analysis.signal_judgment:get_signals:666 | 未配置成交量周期，跳过成交量信号检查
2026-05-04 17:07:48 | WARNING  | src.analysis.signal_judgment:get_signals:666 | 未配置成交量周期，跳过成交量信号检查
2026-05-04 17:07:48 | WARNING  | src.analysis.signal_judgment:get_signals:666 | 未配置成交量周期，跳过成交量信号检查
2026-05-04 17:07:48 | WARNING  | src.analysis.signal_judgment:get_signals:666 | 未配置成交量周期，跳过成交量信号检查
2026-05-04 17:07:48 | WARNING  | src.analysis.signal_judgment:get_signals:666 | 未配置成交量周期，跳过成交量信号检查
2026-05-04 17:07:48 | WARNING  | src.analysis.signal_judgment:get_signals:666 | 未配置成交量周期，跳过成交量信号检查
2026-05-04 17:07:48 | WARNING  | src.analysis.signal_judgment:get_signals:666 | 未配置成交量周期，跳过成交量信号检查
2026-05-04 17:07:48 | WARNING  | src.analysis.signal_judgment:get_signals:666 | 未配置成交量周期，跳过成交量信号检查
2026-05-04 17:07:48 | WARNING  | src.analysis.signal_judgment:get_signals:666 | 未配置成交量周期，跳过成交量信号检查
2026-05-04 17:07:48 | WARNING  | src.analysis.signal_judgment:get_signals:666 | 未配置成交量周期，跳过成交量信号检查
2026-05-04 17:07:48 | WARNING  | src.analysis.signal_judgment:get_signals:666 | 未配置成交量周期，跳过成交量信号检查
2026-05-04 17:07:48 | WARNING  | src.analysis.signal_judgment:get_signals:666 | 未配置成交量周期，跳过成交量信号检查
2026-05-04 17:07:48 | WARNING  | src.analysis.signal_judgment:get_signals:666 | 未配置成交量周期，跳过成交量信号检查
2026-05-04 17:07:48 | WARNING  | src.analysis.signal_judgment:get_signals:666 | 未配置成交量周期，跳过成交量信号检查
2026-05-04 17:07:48 | WARNING  | src.analysis.signal_judgment:get_signals:666 | 未配置成交量周期，跳过成交量信号检查
2026-05-04 17:07:48 | WARNING  | src.analysis.signal_judgment:get_signals:666 | 未配置成交量周期，跳过成交量信号检查
2026-05-04 17:07:48 | WARNING  | src.analysis.signal_judgment:get_signals:666 | 未配置成交量周期，跳过成交量信号检查
2026-05-04 17:07:48 | WARNING  | src.analysis.signal_judgment:get_signals:666 | 未配置成交量周期，跳过成交量信号检查
2026-05-04 17:07:48 | WARNING  | src.analysis.signal_judgment:get_signals:666 | 未配置成交量周期，跳过成交量信号检查
2026-05-04 17:07:48 | WARNING  | src.analysis.signal_judgment:get_signals:666 | 未配置成交量周期，跳过成交量信号检查
2026-05-04 17:07:48 | WARNING  | src.analysis.signal_judgment:get_signals:666 | 未配置成交量周期，跳过成交量信号检查
2026-05-04 17:07:48 | WARNING  | src.analysis.signal_judgment:get_signals:666 | 未配置成交量周期，跳过成交量信号检查
2026-05-04 17:07:48 | WARNING  | src.analysis.signal_judgment:get_signals:666 | 未配置成交量周期，跳过成交量信号检查
2026-05-04 17:07:48 | WARNING  | src.analysis.signal_judgment:get_signals:666 | 未配置成交量周期，跳过成交量信号检查
2026-05-04 17:07:48 | WARNING  | src.analysis.signal_judgment:get_signals:666 | 未配置成交量周期，跳过成交量信号检查
2026-05-04 17:07:48 | WARNING  | src.analysis.signal_judgment:get_signals:666 | 未配置成交量周期，跳过成交量信号检查
2026-05-04 17:07:48 | WARNING  | src.analysis.signal_judgment:get_signals:666 | 未配置成交量周期，跳过成交量信号检查
2026-05-04 17:07:48 | WARNING  | src.analysis.signal_judgment:get_signals:666 | 未配置成交量周期，跳过成交量信号检查
2026-05-04 17:07:48 | WARNING  | src.analysis.signal_judgment:get_signals:666 | 未配置成交量周期，跳过成交量信号检查
2026-05-04 17:07:48 | WARNING  | src.analysis.signal_judgment:get_signals:666 | 未配置成交量周期，跳过成交量信号检查
2026-05-04 17:07:48 | WARNING  | src.analysis.signal_judgment:get_signals:666 | 未配置成交量周期，跳过成交量信号检查
2026-05-04 17:07:48 | WARNING  | src.analysis.signal_judgment:get_signals:666 | 未配置成交量周期，跳过成交量信号检查
2026-05-04 17:07:48 | WARNING  | src.analysis.signal_judgment:get_signals:666 | 未配置成交量周期，跳过成交量信号检查
2026-05-04 17:07:48 | WARNING  | src.analysis.signal_judgment:get_signals:666 | 未配置成交量周期，跳过成交量信号检查
2026-05-04 17:07:48 | WARNING  | src.analysis.signal_judgment:get_signals:666 | 未配置成交量周期，跳过成交量信号检查
2026-05-04 17:07:48 | WARNING  | src.analysis.signal_judgment:get_signals:666 | 未配置成交量周期，跳过成交量信号检查
2026-05-04 17:07:49 | WARNING  | src.analysis.signal_judgment:get_signals:666 | 未配置成交量周期，跳过成交量信号检查
2026-05-04 17:07:49 | WARNING  | src.analysis.signal_judgment:get_signals:666 | 未配置成交量周期，跳过成交量信号检查
2026-05-04 17:07:49 | WARNING  | src.analysis.signal_judgment:get_signals:666 | 未配置成交量周期，跳过成交量信号检查
2026-05-04 17:07:49 | WARNING  | src.analysis.signal_judgment:get_signals:666 | 未配置成交量周期，跳过成交量信号检查
2026-05-04 17:07:49 | WARNING  | src.analysis.signal_judgment:get_signals:666 | 未配置成交量周期，跳过成交量信号检查
2026-05-04 17:07:49 | WARNING  | src.analysis.signal_judgment:get_signals:666 | 未配置成交量周期，跳过成交量信号检查
2026-05-04 17:07:49 | WARNING  | src.analysis.signal_judgment:get_signals:666 | 未配置成交量周期，跳过成交量信号检查
2026-05-04 17:07:49 | WARNING  | src.analysis.signal_judgment:get_signals:666 | 未配置成交量周期，跳过成交量信号检查
2026-05-04 17:07:49 | WARNING  | src.analysis.signal_judgment:get_signals:666 | 未配置成交量周期，跳过成交量信号检查
2026-05-04 17:07:49 | WARNING  | src.analysis.signal_judgment:get_signals:666 | 未配置成交量周期，跳过成交量信号检查
2026-05-04 17:07:49 | WARNING  | src.analysis.signal_judgment:get_signals:666 | 未配置成交量周期，跳过成交量信号检查
2026-05-04 17:07:49 | WARNING  | src.analysis.signal_judgment:get_signals:666 | 未配置成交量周期，跳过成交量信号检查
2026-05-04 17:07:49 | WARNING  | src.analysis.signal_judgment:get_signals:666 | 未配置成交量周期，跳过成交量信号检查
2026-05-04 17:07:49 | WARNING  | src.analysis.signal_judgment:get_signals:666 | 未配置成交量周期，跳过成交量信号检查
2026-05-04 17:07:49 | WARNING  | src.analysis.signal_judgment:get_signals:666 | 未配置成交量周期，跳过成交量信号检查
2026-05-04 17:07:49 | WARNING  | src.analysis.signal_judgment:get_signals:666 | 未配置成交量周期，跳过成交量信号检查
2026-05-04 17:07:49 | WARNING  | src.analysis.signal_judgment:get_signals:666 | 未配置成交量周期，跳过成交量信号检查
2026-05-04 17:07:49 | WARNING  | src.analysis.signal_judgment:get_signals:666 | 未配置成交量周期，跳过成交量信号检查
2026-05-04 17:07:49 | WARNING  | src.analysis.signal_judgment:get_signals:666 | 未配置成交量周期，跳过成交量信号检查
2026-05-04 17:07:49 | WARNING  | src.analysis.signal_judgment:get_signals:666 | 未配置成交量周期，跳过成交量信号检查
2026-05-04 17:07:49 | WARNING  | src.analysis.signal_judgment:get_signals:666 | 未配置成交量周期，跳过成交量信号检查
2026-05-04 17:07:49 | WARNING  | src.analysis.signal_judgment:get_signals:666 | 未配置成交量周期，跳过成交量信号检查
2026-05-04 17:07:49 | WARNING  | src.analysis.signal_judgment:get_signals:666 | 未配置成交量周期，跳过成交量信号检查
2026-05-04 17:07:49 | WARNING  | src.analysis.signal_judgment:get_signals:666 | 未配置成交量周期，跳过成交量信号检查
2026-05-04 17:07:49 | WARNING  | src.analysis.signal_judgment:get_signals:666 | 未配置成交量周期，跳过成交量信号检查
2026-05-04 17:07:49 | WARNING  | src.analysis.signal_judgment:get_signals:666 | 未配置成交量周期，跳过成交量信号检查
2026-05-04 17:07:49 | WARNING  | src.analysis.signal_judgment:get_signals:666 | 未配置成交量周期，跳过成交量信号检查
2026-05-04 17:07:49 | WARNING  | src.analysis.signal_judgment:get_signals:666 | 未配置成交量周期，跳过成交量信号检查
2026-05-04 17:07:49 | WARNING  | src.analysis.signal_judgment:get_signals:666 | 未配置成交量周期，跳过成交量信号检查
2026-05-04 17:07:49 | WARNING  | src.analysis.signal_judgment:get_signals:666 | 未配置成交量周期，跳过成交量信号检查
2026-05-04 17:07:49 | WARNING  | src.analysis.signal_judgment:get_signals:666 | 未配置成交量周期，跳过成交量信号检查
2026-05-04 17:07:49 | WARNING  | src.analysis.signal_judgment:get_signals:666 | 未配置成交量周期，跳过成交量信号检查
2026-05-04 17:07:49 | WARNING  | src.analysis.signal_judgment:get_signals:666 | 未配置成交量周期，跳过成交量信号检查
2026-05-04 17:07:49 | WARNING  | src.analysis.signal_judgment:get_signals:666 | 未配置成交量周期，跳过成交量信号检查
2026-05-04 17:07:49 | WARNING  | src.analysis.signal_judgment:get_signals:666 | 未配置成交量周期，跳过成交量信号检查
2026-05-04 17:07:49 | WARNING  | src.analysis.signal_judgment:get_signals:666 | 未配置成交量周期，跳过成交量信号检查
2026-05-04 17:07:49 | WARNING  | src.analysis.signal_judgment:get_signals:666 | 未配置成交量周期，跳过成交量信号检查
2026-05-04 17:07:49 | WARNING  | src.analysis.signal_judgment:get_signals:666 | 未配置成交量周期，跳过成交量信号检查
2026-05-04 17:07:49 | WARNING  | src.analysis.signal_judgment:get_signals:666 | 未配置成交量周期，跳过成交量信号检查
2026-05-04 17:07:49 | WARNING  | src.analysis.signal_judgment:get_signals:666 | 未配置成交量周期，跳过成交量信号检查
2026-05-04 17:07:49 | WARNING  | src.analysis.signal_judgment:get_signals:666 | 未配置成交量周期，跳过成交量信号检查
2026-05-04 17:07:49 | WARNING  | src.analysis.signal_judgment:get_signals:666 | 未配置成交量周期，跳过成交量信号检查
2026-05-04 17:07:49 | WARNING  | src.analysis.signal_judgment:get_signals:666 | 未配置成交量周期，跳过成交量信号检查
2026-05-04 17:07:49 | WARNING  | src.analysis.signal_judgment:get_signals:666 | 未配置成交量周期，跳过成交量信号检查
2026-05-04 17:07:49 | WARNING  | src.analysis.signal_judgment:get_signals:666 | 未配置成交量周期，跳过成交量信号检查
2026-05-04 17:07:49 | WARNING  | src.analysis.signal_judgment:get_signals:666 | 未配置成交量周期，跳过成交量信号检查
2026-05-04 17:07:49 | WARNING  | src.analysis.signal_judgment:get_signals:666 | 未配置成交量周期，跳过成交量信号检查
2026-05-04 17:07:49 | WARNING  | src.analysis.signal_judgment:get_signals:666 | 未配置成交量周期，跳过成交量信号检查
2026-05-04 17:07:49 | WARNING  | src.analysis.signal_judgment:get_signals:666 | 未配置成交量周期，跳过成交量信号检查
2026-05-04 17:07:49 | WARNING  | src.analysis.signal_judgment:get_signals:666 | 未配置成交量周期，跳过成交量信号检查
2026-05-04 17:07:49 | WARNING  | src.analysis.signal_judgment:get_signals:666 | 未配置成交量周期，跳过成交量信号检查
2026-05-04 17:07:49 | WARNING  | src.analysis.signal_judgment:get_signals:666 | 未配置成交量周期，跳过成交量信号检查
2026-05-04 17:07:49 | WARNING  | src.analysis.signal_judgment:get_signals:666 | 未配置成交量周期，跳过成交量信号检查
2026-05-04 17:07:49 | WARNING  | src.analysis.signal_judgment:get_signals:666 | 未配置成交量周期，跳过成交量信号检查
2026-05-04 17:07:49 | WARNING  | src.analysis.signal_judgment:get_signals:666 | 未配置成交量周期，跳过成交量信号检查
2026-05-04 17:07:49 | WARNING  | src.analysis.signal_judgment:get_signals:666 | 未配置成交量周期，跳过成交量信号检查
2026-05-04 17:07:49 | WARNING  | src.analysis.signal_judgment:get_signals:666 | 未配置成交量周期，跳过成交量信号检查
2026-05-04 17:07:49 | WARNING  | src.analysis.signal_judgment:get_signals:666 | 未配置成交量周期，跳过成交量信号检查
2026-05-04 17:07:49 | WARNING  | src.analysis.signal_judgment:get_signals:666 | 未配置成交量周期，跳过成交量信号检查
2026-05-04 17:07:49 | WARNING  | src.analysis.signal_judgment:get_signals:666 | 未配置成交量周期，跳过成交量信号检查
2026-05-04 17:07:49 | WARNING  | src.analysis.signal_judgment:get_signals:666 | 未配置成交量周期，跳过成交量信号检查
2026-05-04 17:07:49 | WARNING  | src.analysis.signal_judgment:get_signals:666 | 未配置成交量周期，跳过成交量信号检查
2026-05-04 17:07:49 | WARNING  | src.analysis.signal_judgment:get_signals:666 | 未配置成交量周期，跳过成交量信号检查
2026-05-04 17:07:49 | WARNING  | src.analysis.signal_judgment:get_signals:666 | 未配置成交量周期，跳过成交量信号检查
2026-05-04 17:07:49 | WARNING  | src.analysis.signal_judgment:get_signals:666 | 未配置成交量周期，跳过成交量信号检查
2026-05-04 17:07:49 | WARNING  | src.analysis.signal_judgment:get_signals:666 | 未配置成交量周期，跳过成交量信号检查
2026-05-04 17:07:49 | WARNING  | src.analysis.signal_judgment:get_signals:666 | 未配置成交量周期，跳过成交量信号检查
2026-05-04 17:07:49 | WARNING  | src.analysis.signal_judgment:get_signals:666 | 未配置成交量周期，跳过成交量信号检查
2026-05-04 17:07:49 | WARNING  | src.analysis.signal_judgment:get_signals:666 | 未配置成交量周期，跳过成交量信号检查
2026-05-04 17:07:49 | WARNING  | src.analysis.signal_judgment:get_signals:666 | 未配置成交量周期，跳过成交量信号检查
2026-05-04 17:07:49 | WARNING  | src.analysis.signal_judgment:get_signals:666 | 未配置成交量周期，跳过成交量信号检查
2026-05-04 17:07:49 | WARNING  | src.analysis.signal_judgment:get_signals:666 | 未配置成交量周期，跳过成交量信号检查
2026-05-04 17:07:49 | WARNING  | src.analysis.signal_judgment:get_signals:666 | 未配置成交量周期，跳过成交量信号检查
2026-05-04 17:07:49 | WARNING  | src.analysis.signal_judgment:get_signals:666 | 未配置成交量周期，跳过成交量信号检查
2026-05-04 17:07:49 | WARNING  | src.analysis.signal_judgment:get_signals:666 | 未配置成交量周期，跳过成交量信号检查
2026-05-04 17:07:49 | WARNING  | src.analysis.signal_judgment:get_signals:666 | 未配置成交量周期，跳过成交量信号检查
2026-05-04 17:07:49 | WARNING  | src.analysis.signal_judgment:get_signals:666 | 未配置成交量周期，跳过成交量信号检查
2026-05-04 17:07:49 | WARNING  | src.analysis.signal_judgment:get_signals:666 | 未配置成交量周期，跳过成交量信号检查
2026-05-04 17:07:49 | WARNING  | src.analysis.signal_judgment:get_signals:666 | 未配置成交量周期，跳过成交量信号检查
2026-05-04 17:07:49 | WARNING  | src.analysis.signal_judgment:get_signals:666 | 未配置成交量周期，跳过成交量信号检查
2026-05-04 17:07:49 | WARNING  | src.analysis.signal_judgment:get_signals:666 | 未配置成交量周期，跳过成交量信号检查
2026-05-04 17:07:49 | WARNING  | src.analysis.signal_judgment:get_signals:666 | 未配置成交量周期，跳过成交量信号检查
2026-05-04 17:07:49 | WARNING  | src.analysis.signal_judgment:get_signals:666 | 未配置成交量周期，跳过成交量信号检查
2026-05-04 17:07:49 | WARNING  | src.analysis.signal_judgment:get_signals:666 | 未配置成交量周期，跳过成交量信号检查
2026-05-04 17:07:49 | WARNING  | src.analysis.signal_judgment:get_signals:666 | 未配置成交量周期，跳过成交量信号检查
2026-05-04 17:07:49 | WARNING  | src.analysis.signal_judgment:get_signals:666 | 未配置成交量周期，跳过成交量信号检查
2026-05-04 17:07:49 | WARNING  | src.analysis.signal_judgment:get_signals:666 | 未配置成交量周期，跳过成交量信号检查
2026-05-04 17:07:49 | WARNING  | src.analysis.signal_judgment:get_signals:666 | 未配置成交量周期，跳过成交量信号检查
2026-05-04 17:07:49 | WARNING  | src.analysis.signal_judgment:get_signals:666 | 未配置成交量周期，跳过成交量信号检查
2026-05-04 17:07:49 | WARNING  | src.analysis.signal_judgment:get_signals:666 | 未配置成交量周期，跳过成交量信号检查
2026-05-04 17:07:49 | WARNING  | src.analysis.signal_judgment:get_signals:666 | 未配置成交量周期，跳过成交量信号检查
2026-05-04 17:07:49 | WARNING  | src.analysis.signal_judgment:get_signals:666 | 未配置成交量周期，跳过成交量信号检查
2026-05-04 17:07:49 | WARNING  | src.analysis.signal_judgment:get_signals:666 | 未配置成交量周期，跳过成交量信号检查
2026-05-04 17:07:49 | WARNING  | src.analysis.signal_judgment:get_signals:666 | 未配置成交量周期，跳过成交量信号检查
2026-05-04 17:07:49 | WARNING  | src.analysis.signal_judgment:get_signals:666 | 未配置成交量周期，跳过成交量信号检查
2026-05-04 17:07:49 | WARNING  | src.analysis.signal_judgment:get_signals:666 | 未配置成交量周期，跳过成交量信号检查
2026-05-04 17:07:49 | WARNING  | src.analysis.signal_judgment:get_signals:666 | 未配置成交量周期，跳过成交量信号检查
2026-05-04 17:07:49 | WARNING  | src.analysis.signal_judgment:get_signals:666 | 未配置成交量周期，跳过成交量信号检查
2026-05-04 17:07:49 | WARNING  | src.analysis.signal_judgment:get_signals:666 | 未配置成交量周期，跳过成交量信号检查
2026-05-04 17:07:49 | WARNING  | src.analysis.signal_judgment:get_signals:666 | 未配置成交量周期，跳过成交量信号检查
2026-05-04 17:07:49 | WARNING  | src.analysis.signal_judgment:get_signals:666 | 未配置成交量周期，跳过成交量信号检查
2026-05-04 17:07:49 | WARNING  | src.analysis.signal_judgment:get_signals:666 | 未配置成交量周期，跳过成交量信号检查
2026-05-04 17:07:49 | WARNING  | src.analysis.signal_judgment:get_signals:666 | 未配置成交量周期，跳过成交量信号检查
2026-05-04 17:07:49 | WARNING  | src.analysis.signal_judgment:get_signals:666 | 未配置成交量周期，跳过成交量信号检查
2026-05-04 17:07:49 | WARNING  | src.analysis.signal_judgment:get_signals:666 | 未配置成交量周期，跳过成交量信号检查
2026-05-04 17:07:49 | WARNING  | src.analysis.signal_judgment:get_signals:666 | 未配置成交量周期，跳过成交量信号检查
2026-05-04 17:07:49 | WARNING  | src.analysis.signal_judgment:get_signals:666 | 未配置成交量周期，跳过成交量信号检查
2026-05-04 17:07:49 | WARNING  | src.analysis.signal_judgment:get_signals:666 | 未配置成交量周期，跳过成交量信号检查
2026-05-04 17:07:49 | WARNING  | src.analysis.signal_judgment:get_signals:666 | 未配置成交量周期，跳过成交量信号检查
2026-05-04 17:07:49 | WARNING  | src.analysis.signal_judgment:get_signals:666 | 未配置成交量周期，跳过成交量信号检查
2026-05-04 17:07:49 | WARNING  | src.analysis.signal_judgment:get_signals:666 | 未配置成交量周期，跳过成交量信号检查
2026-05-04 17:07:49 | WARNING  | src.analysis.signal_judgment:get_signals:666 | 未配置成交量周期，跳过成交量信号检查
2026-05-04 17:07:49 | WARNING  | src.analysis.signal_judgment:get_signals:666 | 未配置成交量周期，跳过成交量信号检查
2026-05-04 17:07:49 | WARNING  | src.analysis.signal_judgment:get_signals:666 | 未配置成交量周期，跳过成交量信号检查
2026-05-04 17:07:49 | WARNING  | src.analysis.signal_judgment:get_signals:666 | 未配置成交量周期，跳过成交量信号检查
2026-05-04 17:07:49 | WARNING  | src.analysis.signal_judgment:get_signals:666 | 未配置成交量周期，跳过成交量信号检查
2026-05-04 17:07:49 | WARNING  | src.analysis.signal_judgment:get_signals:666 | 未配置成交量周期，跳过成交量信号检查
2026-05-04 17:07:49 | WARNING  | src.analysis.signal_judgment:get_signals:666 | 未配置成交量周期，跳过成交量信号检查
2026-05-04 17:07:49 | WARNING  | src.analysis.signal_judgment:get_signals:666 | 未配置成交量周期，跳过成交量信号检查
2026-05-04 17:07:49 | WARNING  | src.analysis.signal_judgment:get_signals:666 | 未配置成交量周期，跳过成交量信号检查
2026-05-04 17:07:49 | WARNING  | src.analysis.signal_judgment:get_signals:666 | 未配置成交量周期，跳过成交量信号检查
2026-05-04 17:07:49 | WARNING  | src.analysis.signal_judgment:get_signals:666 | 未配置成交量周期，跳过成交量信号检查
2026-05-04 17:07:49 | WARNING  | src.analysis.signal_judgment:get_signals:666 | 未配置成交量周期，跳过成交量信号检查
2026-05-04 17:07:49 | WARNING  | src.analysis.signal_judgment:get_signals:666 | 未配置成交量周期，跳过成交量信号检查
2026-05-04 17:07:49 | WARNING  | src.analysis.signal_judgment:get_signals:666 | 未配置成交量周期，跳过成交量信号检查
2026-05-04 17:07:49 | WARNING  | src.analysis.signal_judgment:get_signals:666 | 未配置成交量周期，跳过成交量信号检查
2026-05-04 17:07:49 | WARNING  | src.analysis.signal_judgment:get_signals:666 | 未配置成交量周期，跳过成交量信号检查
2026-05-04 17:07:49 | WARNING  | src.analysis.signal_judgment:get_signals:666 | 未配置成交量周期，跳过成交量信号检查
2026-05-04 17:07:49 | WARNING  | src.analysis.signal_judgment:get_signals:666 | 未配置成交量周期，跳过成交量信号检查
2026-05-04 17:07:49 | WARNING  | src.analysis.signal_judgment:get_signals:666 | 未配置成交量周期，跳过成交量信号检查
2026-05-04 17:07:49 | WARNING  | src.analysis.signal_judgment:get_signals:666 | 未配置成交量周期，跳过成交量信号检查
2026-05-04 17:07:49 | WARNING  | src.analysis.signal_judgment:get_signals:666 | 未配置成交量周期，跳过成交量信号检查
2026-05-04 17:07:49 | WARNING  | src.analysis.signal_judgment:get_signals:666 | 未配置成交量周期，跳过成交量信号检查
2026-05-04 17:07:49 | WARNING  | src.analysis.signal_judgment:get_signals:666 | 未配置成交量周期，跳过成交量信号检查
2026-05-04 17:07:49 | WARNING  | src.analysis.signal_judgment:get_signals:666 | 未配置成交量周期，跳过成交量信号检查
2026-05-04 17:07:49 | WARNING  | src.analysis.signal_judgment:get_signals:666 | 未配置成交量周期，跳过成交量信号检查
2026-05-04 17:07:49 | WARNING  | src.analysis.signal_judgment:get_signals:666 | 未配置成交量周期，跳过成交量信号检查
2026-05-04 17:07:49 | WARNING  | src.analysis.signal_judgment:get_signals:666 | 未配置成交量周期，跳过成交量信号检查
2026-05-04 17:07:49 | WARNING  | src.analysis.signal_judgment:get_signals:666 | 未配置成交量周期，跳过成交量信号检查
2026-05-04 17:07:49 | WARNING  | src.analysis.signal_judgment:get_signals:666 | 未配置成交量周期，跳过成交量信号检查
2026-05-04 17:07:49 | WARNING  | src.analysis.signal_judgment:get_signals:666 | 未配置成交量周期，跳过成交量信号检查
2026-05-04 17:07:49 | WARNING  | src.analysis.signal_judgment:get_signals:666 | 未配置成交量周期，跳过成交量信号检查
2026-05-04 17:07:49 | WARNING  | src.analysis.signal_judgment:get_signals:666 | 未配置成交量周期，跳过成交量信号检查
2026-05-04 17:07:49 | WARNING  | src.analysis.signal_judgment:get_signals:666 | 未配置成交量周期，跳过成交量信号检查
2026-05-04 17:07:49 | WARNING  | src.analysis.signal_judgment:get_signals:666 | 未配置成交量周期，跳过成交量信号检查
2026-05-04 17:07:49 | WARNING  | src.analysis.signal_judgment:get_signals:666 | 未配置成交量周期，跳过成交量信号检查
2026-05-04 17:07:49 | WARNING  | src.analysis.signal_judgment:get_signals:666 | 未配置成交量周期，跳过成交量信号检查
2026-05-04 17:07:49 | WARNING  | src.analysis.signal_judgment:get_signals:666 | 未配置成交量周期，跳过成交量信号检查
2026-05-04 17:07:49 | WARNING  | src.analysis.signal_judgment:get_signals:666 | 未配置成交量周期，跳过成交量信号检查
2026-05-04 17:07:49 | WARNING  | src.analysis.signal_judgment:get_signals:666 | 未配置成交量周期，跳过成交量信号检查
2026-05-04 17:07:49 | WARNING  | src.analysis.signal_judgment:get_signals:666 | 未配置成交量周期，跳过成交量信号检查
2026-05-04 17:07:49 | WARNING  | src.analysis.signal_judgment:get_signals:666 | 未配置成交量周期，跳过成交量信号检查
2026-05-04 17:07:49 | WARNING  | src.analysis.signal_judgment:get_signals:666 | 未配置成交量周期，跳过成交量信号检查
2026-05-04 17:07:49 | WARNING  | src.analysis.signal_judgment:get_signals:666 | 未配置成交量周期，跳过成交量信号检查
2026-05-04 17:07:49 | WARNING  | src.analysis.signal_judgment:get_signals:666 | 未配置成交量周期，跳过成交量信号检查
2026-05-04 17:07:49 | WARNING  | src.analysis.signal_judgment:get_signals:666 | 未配置成交量周期，跳过成交量信号检查
2026-05-04 17:07:49 | WARNING  | src.analysis.signal_judgment:get_signals:666 | 未配置成交量周期，跳过成交量信号检查
2026-05-04 17:07:49 | WARNING  | src.analysis.signal_judgment:get_signals:666 | 未配置成交量周期，跳过成交量信号检查
2026-05-04 17:07:49 | WARNING  | src.analysis.signal_judgment:get_signals:666 | 未配置成交量周期，跳过成交量信号检查
2026-05-04 17:07:49 | WARNING  | src.analysis.signal_judgment:get_signals:666 | 未配置成交量周期，跳过成交量信号检查
2026-05-04 17:07:49 | WARNING  | src.analysis.signal_judgment:get_signals:666 | 未配置成交量周期，跳过成交量信号检查
2026-05-04 17:07:49 | WARNING  | src.analysis.signal_judgment:get_signals:666 | 未配置成交量周期，跳过成交量信号检查
2026-05-04 17:07:49 | WARNING  | src.analysis.signal_judgment:get_signals:666 | 未配置成交量周期，跳过成交量信号检查
2026-05-04 17:07:49 | WARNING  | src.analysis.signal_judgment:get_signals:666 | 未配置成交量周期，跳过成交量信号检查
2026-05-04 17:07:49 | WARNING  | src.analysis.signal_judgment:get_signals:666 | 未配置成交量周期，跳过成交量信号检查
2026-05-04 17:07:49 | WARNING  | src.analysis.signal_judgment:get_signals:666 | 未配置成交量周期，跳过成交量信号检查
2026-05-04 17:07:49 | WARNING  | src.analysis.signal_judgment:get_signals:666 | 未配置成交量周期，跳过成交量信号检查
2026-05-04 17:07:49 | WARNING  | src.analysis.signal_judgment:get_signals:666 | 未配置成交量周期，跳过成交量信号检查
2026-05-04 17:07:49 | WARNING  | src.analysis.signal_judgment:get_signals:666 | 未配置成交量周期，跳过成交量信号检查
2026-05-04 17:07:49 | WARNING  | src.analysis.signal_judgment:get_signals:666 | 未配置成交量周期，跳过成交量信号检查
2026-05-04 17:07:49 | WARNING  | src.analysis.signal_judgment:get_signals:666 | 未配置成交量周期，跳过成交量信号检查
2026-05-04 17:07:49 | INFO     | src.backtest.engine.backtest_engine:run:230 | 回测完成: 790 笔交易
2026-05-04 17:07:49 | INFO     | src.backtest.reporter.report_generator:save_report:117 | 回测报告已保存到: outputs/backtest\backtest-multi-stock-summary-20260504-170749.txt
2026-05-04 17:11:28 | INFO     | src.notify:_load_channels:49 | 通知渠道 [ntfy] 初始化成功
2026-05-04 17:11:28 | INFO     | src.notify:_load_channels:49 | 通知渠道 [markdown] 初始化成功
