2026-03-30 19:46:45 | INFO     | src.notify:_load_channels:49 | 通知渠道 [ntfy] 初始化成功
2026-03-30 19:46:45 | INFO     | src.notify:_load_channels:49 | 通知渠道 [markdown] 初始化成功
2026-03-30 19:46:47 | INFO     | src.notify.channels.ntfy:_do_send:78 | ntfy 推送成功
2026-03-30 19:46:47 | INFO     | src.notify.channels.markdown:_do_send:75 | Markdown 文件已保存: ./notify_logs\notify_20260330_194647.md
2026-03-30 20:36:39 | ERROR    | src.notify.config:load_notify_config:44 | 加载通知配置失败: Expecting property name enclosed in double quotes: line 2 column 3 (char 4)，使用默认配置
2026-03-30 20:36:39 | INFO     | src.notify:_load_channels:33 | 通知模块未启用
2026-03-30 20:36:39 | INFO     | __main__:main:99 | ============================================================
2026-03-30 20:36:39 | INFO     | __main__:main:100 | 开始自动化执行流程（按 3→1→2 顺序）
2026-03-30 20:36:39 | INFO     | __main__:main:101 | ============================================================
2026-03-30 20:36:39 | WARNING  | main:load_config:143 | 加载配置文件失败: Expecting property name enclosed in double quotes: line 2 column 3 (char 4)，使用默认配置
2026-03-30 20:36:39 | INFO     | __main__:main:109 | 配置信息:
2026-03-30 20:36:39 | INFO     | __main__:main:110 |   基金代码: ['005538', '015790']
2026-03-30 20:36:39 | INFO     | __main__:main:111 |   开始日期: 2021-01-01
2026-03-30 20:36:39 | INFO     | __main__:main:112 |   数据目录: stock_data
2026-03-30 20:36:39 | INFO     | __main__:main:113 | 
2026-03-30 20:36:39 | INFO     | __main__:main:116 | ============================================================
2026-03-30 20:36:39 | INFO     | __main__:main:117 | [步骤 1/3] 正在执行：更新数据
2026-03-30 20:36:39 | INFO     | __main__:main:118 | ============================================================
2026-03-30 20:36:39 | INFO     | src.update_data:run_update_workflow:195 | 开始数据更新流程
2026-03-30 20:36:39 | INFO     | src.update_data:run_update_workflow:196 | 基金代码列表: ['005538', '015790']
2026-03-30 20:36:39 | INFO     | src.update_data:run_update_workflow:197 | 开始日期: 2021-01-01
2026-03-30 20:36:39 | INFO     | src.update_data:run_update_workflow:198 | 数据目录: stock_data
2026-03-30 20:36:39 | INFO     | src.update_data:update_data:20 | 开始更新数据，基金代码: ['005538', '015790']
2026-03-30 20:36:39 | WARNING  | src.notify:send:76 | 没有可用的通知渠道
2026-03-30 20:36:39 | ERROR    | src.utils.common:load_config:44 | 加载配置文件失败: Expecting property name enclosed in double quotes: line 2 column 3 (char 4)
2026-03-30 20:36:39 | ERROR    | src.utils.common:load_config:44 | 加载配置文件失败: Expecting property name enclosed in double quotes: line 2 column 3 (char 4)
2026-03-30 20:36:39 | INFO     | src.core.data_factory:create_provider:43 | 创建数据源提供者: akshare
2026-03-30 20:36:39 | INFO     | src.core.data_factory:_init_providers:127 | 初始化数据源提供者: akshare
2026-03-30 20:36:39 | INFO     | src.core.baostock_provider:login:42 | baostock 登录成功
2026-03-30 20:36:39 | INFO     | src.core.data_factory:create_provider:43 | 创建数据源提供者: baostock
2026-03-30 20:36:39 | INFO     | src.core.data_factory:_init_providers:127 | 初始化数据源提供者: baostock
2026-03-30 20:36:39 | INFO     | src.core.data_factory:__init__:117 | 多数据源数据获取器初始化完成
2026-03-30 20:36:39 | INFO     | src.core.data_factory:__init__:118 | 股票数据源: akshare
2026-03-30 20:36:39 | INFO     | src.core.data_factory:__init__:119 | 基金数据源: akshare
2026-03-30 20:36:39 | INFO     | src.data.reader:__init__:29 | 数据读取器初始化完成，基础路径: data
2026-03-30 20:36:39 | INFO     | src.update_data:update_data:37 | 步骤1: 更新基金持仓数据
2026-03-30 20:36:39 | WARNING  | src.core.data_fetcher:get_fund_portfolio_hold_em:331 | get_fund_portfolio_hold_em 方法已过时，建议使用 get_fund_portfolio
2026-03-30 20:36:39 | INFO     | src.core.data_fetcher:inner:294 | 获取基金 005538 持仓
2026-03-30 20:36:39 | INFO     | src.core.akshare_provider:get_fund_portfolio:370 | akshare 获取基金 005538 持仓
2026-03-30 20:36:40 | INFO     | src.core.akshare_provider:get_fund_portfolio:379 | 使用 fund_portfolio_hold_em 成功获取基金 005538 持仓
2026-03-30 20:36:40 | INFO     | src.core.data_fetcher:save_data:432 | 保存数据到 csv 文件: fund_portfolio_005538
2026-03-30 20:36:40 | INFO     | src.core.data_fetcher:save_data:452 | 数据保存成功: ./data\fund_portfolio_005538.csv
2026-03-30 20:36:40 | DEBUG    | src.update_data:update_data:80 | 获取基金 005538 基本信息失败（可选功能）: 'AkFund' object has no attribute 'get_fund_info_em'
2026-03-30 20:36:40 | INFO     | src.update_data:update_data:89 | 基金 005538 持仓数据更新成功，共 81 条记录
2026-03-30 20:36:40 | WARNING  | src.core.data_fetcher:get_fund_portfolio_hold_em:331 | get_fund_portfolio_hold_em 方法已过时，建议使用 get_fund_portfolio
2026-03-30 20:36:40 | INFO     | src.core.data_fetcher:inner:294 | 获取基金 015790 持仓
2026-03-30 20:36:40 | INFO     | src.core.akshare_provider:get_fund_portfolio:370 | akshare 获取基金 015790 持仓
2026-03-30 20:36:40 | INFO     | src.core.akshare_provider:get_fund_portfolio:379 | 使用 fund_portfolio_hold_em 成功获取基金 015790 持仓
2026-03-30 20:36:40 | INFO     | src.core.data_fetcher:save_data:432 | 保存数据到 csv 文件: fund_portfolio_015790
2026-03-30 20:36:40 | INFO     | src.core.data_fetcher:save_data:452 | 数据保存成功: ./data\fund_portfolio_015790.csv
2026-03-30 20:36:40 | DEBUG    | src.update_data:update_data:80 | 获取基金 015790 基本信息失败（可选功能）: 'AkFund' object has no attribute 'get_fund_info_em'
2026-03-30 20:36:40 | INFO     | src.update_data:update_data:89 | 基金 015790 持仓数据更新成功，共 98 条记录
2026-03-30 20:36:40 | INFO     | src.update_data:update_data:100 | 步骤2: 获取所有基金的持仓股票
2026-03-30 20:36:40 | INFO     | src.analysis.quarter_filter:filter_latest_quarter_data:63 | 识别到最新季度: 2025年Q4
2026-03-30 20:36:40 | INFO     | src.analysis.quarter_filter:filter_latest_quarter_data:77 | 过滤结果: 从 81 条记录中筛选出 10 条最新季度数据
2026-03-30 20:36:40 | INFO     | src.analysis.quarter_filter:filter_latest_quarter_data:63 | 识别到最新季度: 2025年Q4
2026-03-30 20:36:40 | INFO     | src.analysis.quarter_filter:filter_latest_quarter_data:77 | 过滤结果: 从 98 条记录中筛选出 10 条最新季度数据
2026-03-30 20:36:40 | INFO     | src.update_data:update_data:114 | 需要更新的股票数量: 20
2026-03-30 20:36:40 | INFO     | src.update_data:update_data:115 | 股票代码列表: ['300342', '002565', '688499', '600879', '300092', '002149', '002846', '600118', '601698', '688155']...
2026-03-30 20:36:40 | INFO     | src.update_data:update_data:118 | 步骤3: 更新股票K线数据
2026-03-30 20:36:40 | INFO     | src.core.data_fetcher:inner:197 | 获取股票 300342 daily K线数据
2026-03-30 20:36:40 | INFO     | src.core.akshare_provider:get_stock_kline:170 | akshare 获取股票 300342 daily K线数据
2026-03-30 20:36:40 | INFO     | src.core.akshare_provider:get_stock_kline:183 | 尝试使用东方财富数据源获取 300342 K线数据
2026-03-30 20:36:40 | INFO     | src.core.akshare_provider:get_stock_kline:201 | 尝试使用腾讯数据源获取 300342 K线数据
2026-03-30 20:36:44 | INFO     | src.core.akshare_provider:get_stock_kline:219 | 腾讯数据源成功获取 1267 条数据
2026-03-30 20:36:44 | INFO     | src.core.data_fetcher:save_data:432 | 保存数据到 csv 文件: stock_data/300342_kline
2026-03-30 20:36:44 | INFO     | src.core.data_fetcher:save_data:452 | 数据保存成功: ./data\stock_data/300342_kline.csv
2026-03-30 20:36:44 | DEBUG    | src.update_data:update_data:144 | 股票 300342 K线数据更新成功，共 1267 条记录
2026-03-30 20:36:44 | INFO     | src.core.data_fetcher:inner:197 | 获取股票 002565 daily K线数据
2026-03-30 20:36:44 | INFO     | src.core.akshare_provider:get_stock_kline:170 | akshare 获取股票 002565 daily K线数据
2026-03-30 20:36:44 | INFO     | src.core.akshare_provider:get_stock_kline:183 | 尝试使用东方财富数据源获取 002565 K线数据
2026-03-30 20:36:44 | WARNING  | src.core.akshare_provider:get_stock_kline:197 | 东方财富数据源失败: ('Connection aborted.', RemoteDisconnected('Remote end closed connection without response'))
2026-03-30 20:36:44 | INFO     | src.core.akshare_provider:get_stock_kline:201 | 尝试使用腾讯数据源获取 002565 K线数据
2026-03-30 20:36:47 | INFO     | src.core.akshare_provider:get_stock_kline:219 | 腾讯数据源成功获取 1267 条数据
2026-03-30 20:36:47 | INFO     | src.core.data_fetcher:save_data:432 | 保存数据到 csv 文件: stock_data/002565_kline
2026-03-30 20:36:47 | INFO     | src.core.data_fetcher:save_data:452 | 数据保存成功: ./data\stock_data/002565_kline.csv
2026-03-30 20:36:47 | DEBUG    | src.update_data:update_data:144 | 股票 002565 K线数据更新成功，共 1267 条记录
2026-03-30 20:36:47 | INFO     | src.core.data_fetcher:inner:197 | 获取股票 688499 daily K线数据
2026-03-30 20:36:47 | INFO     | src.core.akshare_provider:get_stock_kline:170 | akshare 获取股票 688499 daily K线数据
2026-03-30 20:36:47 | INFO     | src.core.akshare_provider:get_stock_kline:183 | 尝试使用东方财富数据源获取 688499 K线数据
2026-03-30 20:36:47 | WARNING  | src.core.akshare_provider:get_stock_kline:197 | 东方财富数据源失败: ('Connection aborted.', RemoteDisconnected('Remote end closed connection without response'))
2026-03-30 20:36:47 | INFO     | src.core.akshare_provider:get_stock_kline:201 | 尝试使用腾讯数据源获取 688499 K线数据
2026-03-30 20:36:50 | INFO     | src.core.akshare_provider:get_stock_kline:219 | 腾讯数据源成功获取 1149 条数据
2026-03-30 20:36:50 | INFO     | src.core.data_fetcher:save_data:432 | 保存数据到 csv 文件: stock_data/688499_kline
2026-03-30 20:36:50 | INFO     | src.core.data_fetcher:save_data:452 | 数据保存成功: ./data\stock_data/688499_kline.csv
2026-03-30 20:36:50 | DEBUG    | src.update_data:update_data:144 | 股票 688499 K线数据更新成功，共 1149 条记录
2026-03-30 20:36:50 | INFO     | src.core.data_fetcher:inner:197 | 获取股票 600879 daily K线数据
2026-03-30 20:36:50 | INFO     | src.core.akshare_provider:get_stock_kline:170 | akshare 获取股票 600879 daily K线数据
2026-03-30 20:36:50 | INFO     | src.core.akshare_provider:get_stock_kline:183 | 尝试使用东方财富数据源获取 600879 K线数据
2026-03-30 20:36:51 | WARNING  | src.core.akshare_provider:get_stock_kline:197 | 东方财富数据源失败: ('Connection aborted.', RemoteDisconnected('Remote end closed connection without response'))
2026-03-30 20:36:51 | INFO     | src.core.akshare_provider:get_stock_kline:201 | 尝试使用腾讯数据源获取 600879 K线数据
2026-03-30 20:36:54 | INFO     | src.core.akshare_provider:get_stock_kline:219 | 腾讯数据源成功获取 1267 条数据
2026-03-30 20:36:54 | INFO     | src.core.data_fetcher:save_data:432 | 保存数据到 csv 文件: stock_data/600879_kline
2026-03-30 20:36:54 | INFO     | src.core.data_fetcher:save_data:452 | 数据保存成功: ./data\stock_data/600879_kline.csv
2026-03-30 20:36:54 | DEBUG    | src.update_data:update_data:144 | 股票 600879 K线数据更新成功，共 1267 条记录
2026-03-30 20:36:54 | INFO     | src.core.data_fetcher:inner:197 | 获取股票 300092 daily K线数据
2026-03-30 20:36:54 | INFO     | src.core.akshare_provider:get_stock_kline:170 | akshare 获取股票 300092 daily K线数据
2026-03-30 20:36:54 | INFO     | src.core.akshare_provider:get_stock_kline:183 | 尝试使用东方财富数据源获取 300092 K线数据
2026-03-30 20:36:54 | WARNING  | src.core.akshare_provider:get_stock_kline:197 | 东方财富数据源失败: ('Connection aborted.', RemoteDisconnected('Remote end closed connection without response'))
2026-03-30 20:36:54 | INFO     | src.core.akshare_provider:get_stock_kline:201 | 尝试使用腾讯数据源获取 300092 K线数据
2026-03-30 20:36:57 | INFO     | src.core.akshare_provider:get_stock_kline:219 | 腾讯数据源成功获取 1267 条数据
2026-03-30 20:36:57 | INFO     | src.core.data_fetcher:save_data:432 | 保存数据到 csv 文件: stock_data/300092_kline
2026-03-30 20:36:57 | INFO     | src.core.data_fetcher:save_data:452 | 数据保存成功: ./data\stock_data/300092_kline.csv
2026-03-30 20:36:57 | DEBUG    | src.update_data:update_data:144 | 股票 300092 K线数据更新成功，共 1267 条记录
2026-03-30 20:36:57 | INFO     | src.core.data_fetcher:inner:197 | 获取股票 002149 daily K线数据
2026-03-30 20:36:57 | INFO     | src.core.akshare_provider:get_stock_kline:170 | akshare 获取股票 002149 daily K线数据
2026-03-30 20:36:57 | INFO     | src.core.akshare_provider:get_stock_kline:183 | 尝试使用东方财富数据源获取 002149 K线数据
2026-03-30 20:36:57 | WARNING  | src.core.akshare_provider:get_stock_kline:197 | 东方财富数据源失败: ('Connection aborted.', RemoteDisconnected('Remote end closed connection without response'))
2026-03-30 20:36:57 | INFO     | src.core.akshare_provider:get_stock_kline:201 | 尝试使用腾讯数据源获取 002149 K线数据
2026-03-30 20:37:01 | INFO     | src.core.akshare_provider:get_stock_kline:219 | 腾讯数据源成功获取 1267 条数据
2026-03-30 20:37:01 | INFO     | src.core.data_fetcher:save_data:432 | 保存数据到 csv 文件: stock_data/002149_kline
2026-03-30 20:37:01 | INFO     | src.core.data_fetcher:save_data:452 | 数据保存成功: ./data\stock_data/002149_kline.csv
2026-03-30 20:37:01 | DEBUG    | src.update_data:update_data:144 | 股票 002149 K线数据更新成功，共 1267 条记录
2026-03-30 20:37:01 | INFO     | src.core.data_fetcher:inner:197 | 获取股票 002846 daily K线数据
2026-03-30 20:37:01 | INFO     | src.core.akshare_provider:get_stock_kline:170 | akshare 获取股票 002846 daily K线数据
2026-03-30 20:37:01 | INFO     | src.core.akshare_provider:get_stock_kline:183 | 尝试使用东方财富数据源获取 002846 K线数据
2026-03-30 20:37:01 | WARNING  | src.core.akshare_provider:get_stock_kline:197 | 东方财富数据源失败: ('Connection aborted.', RemoteDisconnected('Remote end closed connection without response'))
2026-03-30 20:37:01 | INFO     | src.core.akshare_provider:get_stock_kline:201 | 尝试使用腾讯数据源获取 002846 K线数据
2026-03-30 20:37:04 | INFO     | src.core.akshare_provider:get_stock_kline:219 | 腾讯数据源成功获取 1267 条数据
2026-03-30 20:37:04 | INFO     | src.core.data_fetcher:save_data:432 | 保存数据到 csv 文件: stock_data/002846_kline
2026-03-30 20:37:04 | INFO     | src.core.data_fetcher:save_data:452 | 数据保存成功: ./data\stock_data/002846_kline.csv
2026-03-30 20:37:04 | DEBUG    | src.update_data:update_data:144 | 股票 002846 K线数据更新成功，共 1267 条记录
2026-03-30 20:37:04 | INFO     | src.core.data_fetcher:inner:197 | 获取股票 600118 daily K线数据
2026-03-30 20:37:04 | INFO     | src.core.akshare_provider:get_stock_kline:170 | akshare 获取股票 600118 daily K线数据
2026-03-30 20:37:04 | INFO     | src.core.akshare_provider:get_stock_kline:183 | 尝试使用东方财富数据源获取 600118 K线数据
2026-03-30 20:37:04 | WARNING  | src.core.akshare_provider:get_stock_kline:197 | 东方财富数据源失败: ('Connection aborted.', RemoteDisconnected('Remote end closed connection without response'))
2026-03-30 20:37:04 | INFO     | src.core.akshare_provider:get_stock_kline:201 | 尝试使用腾讯数据源获取 600118 K线数据
2026-03-30 20:37:07 | INFO     | src.core.akshare_provider:get_stock_kline:219 | 腾讯数据源成功获取 1267 条数据
2026-03-30 20:37:07 | INFO     | src.core.data_fetcher:save_data:432 | 保存数据到 csv 文件: stock_data/600118_kline
2026-03-30 20:37:07 | INFO     | src.core.data_fetcher:save_data:452 | 数据保存成功: ./data\stock_data/600118_kline.csv
2026-03-30 20:37:07 | DEBUG    | src.update_data:update_data:144 | 股票 600118 K线数据更新成功，共 1267 条记录
2026-03-30 20:37:07 | INFO     | src.core.data_fetcher:inner:197 | 获取股票 601698 daily K线数据
2026-03-30 20:37:07 | INFO     | src.core.akshare_provider:get_stock_kline:170 | akshare 获取股票 601698 daily K线数据
2026-03-30 20:37:07 | INFO     | src.core.akshare_provider:get_stock_kline:183 | 尝试使用东方财富数据源获取 601698 K线数据
2026-03-30 20:37:08 | WARNING  | src.core.akshare_provider:get_stock_kline:197 | 东方财富数据源失败: ('Connection aborted.', RemoteDisconnected('Remote end closed connection without response'))
2026-03-30 20:37:08 | INFO     | src.core.akshare_provider:get_stock_kline:201 | 尝试使用腾讯数据源获取 601698 K线数据
2026-03-30 20:37:14 | INFO     | src.core.akshare_provider:get_stock_kline:219 | 腾讯数据源成功获取 1267 条数据
2026-03-30 20:37:14 | INFO     | src.core.data_fetcher:save_data:432 | 保存数据到 csv 文件: stock_data/601698_kline
2026-03-30 20:37:14 | INFO     | src.core.data_fetcher:save_data:452 | 数据保存成功: ./data\stock_data/601698_kline.csv
2026-03-30 20:37:14 | DEBUG    | src.update_data:update_data:144 | 股票 601698 K线数据更新成功，共 1267 条记录
2026-03-30 20:37:14 | INFO     | src.core.data_fetcher:inner:197 | 获取股票 688155 daily K线数据
2026-03-30 20:37:14 | INFO     | src.core.akshare_provider:get_stock_kline:170 | akshare 获取股票 688155 daily K线数据
2026-03-30 20:37:14 | INFO     | src.core.akshare_provider:get_stock_kline:183 | 尝试使用东方财富数据源获取 688155 K线数据
2026-03-30 20:37:14 | WARNING  | src.core.akshare_provider:get_stock_kline:197 | 东方财富数据源失败: ('Connection aborted.', RemoteDisconnected('Remote end closed connection without response'))
2026-03-30 20:37:14 | INFO     | src.core.akshare_provider:get_stock_kline:201 | 尝试使用腾讯数据源获取 688155 K线数据
2026-03-30 20:37:20 | INFO     | src.core.akshare_provider:get_stock_kline:219 | 腾讯数据源成功获取 1267 条数据
2026-03-30 20:37:20 | INFO     | src.core.data_fetcher:save_data:432 | 保存数据到 csv 文件: stock_data/688155_kline
2026-03-30 20:37:20 | INFO     | src.core.data_fetcher:save_data:452 | 数据保存成功: ./data\stock_data/688155_kline.csv
2026-03-30 20:37:20 | DEBUG    | src.update_data:update_data:144 | 股票 688155 K线数据更新成功，共 1267 条记录
2026-03-30 20:37:20 | INFO     | src.core.data_fetcher:inner:197 | 获取股票 300450 daily K线数据
2026-03-30 20:37:20 | INFO     | src.core.akshare_provider:get_stock_kline:170 | akshare 获取股票 300450 daily K线数据
2026-03-30 20:37:20 | INFO     | src.core.akshare_provider:get_stock_kline:183 | 尝试使用东方财富数据源获取 300450 K线数据
2026-03-30 20:37:21 | WARNING  | src.core.akshare_provider:get_stock_kline:197 | 东方财富数据源失败: ('Connection aborted.', RemoteDisconnected('Remote end closed connection without response'))
2026-03-30 20:37:21 | INFO     | src.core.akshare_provider:get_stock_kline:201 | 尝试使用腾讯数据源获取 300450 K线数据
2026-03-30 20:37:27 | INFO     | src.core.akshare_provider:get_stock_kline:219 | 腾讯数据源成功获取 1267 条数据
2026-03-30 20:37:27 | INFO     | src.core.data_fetcher:save_data:432 | 保存数据到 csv 文件: stock_data/300450_kline
2026-03-30 20:37:27 | INFO     | src.core.data_fetcher:save_data:452 | 数据保存成功: ./data\stock_data/300450_kline.csv
2026-03-30 20:37:27 | DEBUG    | src.update_data:update_data:144 | 股票 300450 K线数据更新成功，共 1267 条记录
2026-03-30 20:37:27 | INFO     | src.core.data_fetcher:inner:197 | 获取股票 300136 daily K线数据
2026-03-30 20:37:27 | INFO     | src.core.akshare_provider:get_stock_kline:170 | akshare 获取股票 300136 daily K线数据
2026-03-30 20:37:27 | INFO     | src.core.akshare_provider:get_stock_kline:183 | 尝试使用东方财富数据源获取 300136 K线数据
2026-03-30 20:37:27 | WARNING  | src.core.akshare_provider:get_stock_kline:197 | 东方财富数据源失败: ('Connection aborted.', RemoteDisconnected('Remote end closed connection without response'))
2026-03-30 20:37:27 | INFO     | src.core.akshare_provider:get_stock_kline:201 | 尝试使用腾讯数据源获取 300136 K线数据
2026-03-30 20:37:31 | INFO     | src.core.akshare_provider:get_stock_kline:219 | 腾讯数据源成功获取 1267 条数据
2026-03-30 20:37:31 | INFO     | src.core.data_fetcher:save_data:432 | 保存数据到 csv 文件: stock_data/300136_kline
2026-03-30 20:37:31 | INFO     | src.core.data_fetcher:save_data:452 | 数据保存成功: ./data\stock_data/300136_kline.csv
2026-03-30 20:37:31 | DEBUG    | src.update_data:update_data:144 | 股票 300136 K线数据更新成功，共 1267 条记录
2026-03-30 20:37:31 | INFO     | src.core.data_fetcher:inner:197 | 获取股票 688147 daily K线数据
2026-03-30 20:37:31 | INFO     | src.core.akshare_provider:get_stock_kline:170 | akshare 获取股票 688147 daily K线数据
2026-03-30 20:37:31 | INFO     | src.core.akshare_provider:get_stock_kline:183 | 尝试使用东方财富数据源获取 688147 K线数据
2026-03-30 20:37:31 | WARNING  | src.core.akshare_provider:get_stock_kline:197 | 东方财富数据源失败: ('Connection aborted.', RemoteDisconnected('Remote end closed connection without response'))
2026-03-30 20:37:31 | INFO     | src.core.akshare_provider:get_stock_kline:201 | 尝试使用腾讯数据源获取 688147 K线数据
2026-03-30 20:37:35 | INFO     | src.core.akshare_provider:get_stock_kline:219 | 腾讯数据源成功获取 788 条数据
2026-03-30 20:37:35 | INFO     | src.core.data_fetcher:save_data:432 | 保存数据到 csv 文件: stock_data/688147_kline
2026-03-30 20:37:35 | INFO     | src.core.data_fetcher:save_data:452 | 数据保存成功: ./data\stock_data/688147_kline.csv
2026-03-30 20:37:35 | DEBUG    | src.update_data:update_data:144 | 股票 688147 K线数据更新成功，共 788 条记录
2026-03-30 20:37:35 | INFO     | src.core.data_fetcher:inner:197 | 获取股票 301617 daily K线数据
2026-03-30 20:37:35 | INFO     | src.core.akshare_provider:get_stock_kline:170 | akshare 获取股票 301617 daily K线数据
2026-03-30 20:37:35 | INFO     | src.core.akshare_provider:get_stock_kline:183 | 尝试使用东方财富数据源获取 301617 K线数据
2026-03-30 20:37:36 | WARNING  | src.core.akshare_provider:get_stock_kline:197 | 东方财富数据源失败: ('Connection aborted.', RemoteDisconnected('Remote end closed connection without response'))
2026-03-30 20:37:36 | INFO     | src.core.akshare_provider:get_stock_kline:201 | 尝试使用腾讯数据源获取 301617 K线数据
2026-03-30 20:37:39 | INFO     | src.core.akshare_provider:get_stock_kline:219 | 腾讯数据源成功获取 313 条数据
2026-03-30 20:37:39 | INFO     | src.core.data_fetcher:save_data:432 | 保存数据到 csv 文件: stock_data/301617_kline
2026-03-30 20:37:39 | INFO     | src.core.data_fetcher:save_data:452 | 数据保存成功: ./data\stock_data/301617_kline.csv
2026-03-30 20:37:39 | DEBUG    | src.update_data:update_data:144 | 股票 301617 K线数据更新成功，共 313 条记录
2026-03-30 20:37:39 | INFO     | src.core.data_fetcher:inner:197 | 获取股票 301005 daily K线数据
2026-03-30 20:37:39 | INFO     | src.core.akshare_provider:get_stock_kline:170 | akshare 获取股票 301005 daily K线数据
2026-03-30 20:37:39 | INFO     | src.core.akshare_provider:get_stock_kline:183 | 尝试使用东方财富数据源获取 301005 K线数据
2026-03-30 20:37:40 | WARNING  | src.core.akshare_provider:get_stock_kline:197 | 东方财富数据源失败: ('Connection aborted.', RemoteDisconnected('Remote end closed connection without response'))
2026-03-30 20:37:40 | INFO     | src.core.akshare_provider:get_stock_kline:201 | 尝试使用腾讯数据源获取 301005 K线数据
2026-03-30 20:37:45 | INFO     | src.core.akshare_provider:get_stock_kline:219 | 腾讯数据源成功获取 1170 条数据
2026-03-30 20:37:45 | INFO     | src.core.data_fetcher:save_data:432 | 保存数据到 csv 文件: stock_data/301005_kline
2026-03-30 20:37:45 | INFO     | src.core.data_fetcher:save_data:452 | 数据保存成功: ./data\stock_data/301005_kline.csv
2026-03-30 20:37:45 | DEBUG    | src.update_data:update_data:144 | 股票 301005 K线数据更新成功，共 1170 条记录
2026-03-30 20:37:45 | INFO     | src.core.data_fetcher:inner:197 | 获取股票 301662 daily K线数据
2026-03-30 20:37:45 | INFO     | src.core.akshare_provider:get_stock_kline:170 | akshare 获取股票 301662 daily K线数据
2026-03-30 20:37:45 | INFO     | src.core.akshare_provider:get_stock_kline:183 | 尝试使用东方财富数据源获取 301662 K线数据
2026-03-30 20:37:46 | WARNING  | src.core.akshare_provider:get_stock_kline:197 | 东方财富数据源失败: ('Connection aborted.', RemoteDisconnected('Remote end closed connection without response'))
2026-03-30 20:37:46 | INFO     | src.core.akshare_provider:get_stock_kline:201 | 尝试使用腾讯数据源获取 301662 K线数据
2026-03-30 20:37:48 | INFO     | src.core.akshare_provider:get_stock_kline:219 | 腾讯数据源成功获取 230 条数据
2026-03-30 20:37:48 | INFO     | src.core.data_fetcher:save_data:432 | 保存数据到 csv 文件: stock_data/301662_kline
2026-03-30 20:37:48 | INFO     | src.core.data_fetcher:save_data:452 | 数据保存成功: ./data\stock_data/301662_kline.csv
2026-03-30 20:37:48 | DEBUG    | src.update_data:update_data:144 | 股票 301662 K线数据更新成功，共 230 条记录
2026-03-30 20:37:48 | INFO     | src.core.data_fetcher:inner:197 | 获取股票 605598 daily K线数据
2026-03-30 20:37:48 | INFO     | src.core.akshare_provider:get_stock_kline:170 | akshare 获取股票 605598 daily K线数据
2026-03-30 20:37:48 | INFO     | src.core.akshare_provider:get_stock_kline:183 | 尝试使用东方财富数据源获取 605598 K线数据
2026-03-30 20:37:49 | WARNING  | src.core.akshare_provider:get_stock_kline:197 | 东方财富数据源失败: ('Connection aborted.', RemoteDisconnected('Remote end closed connection without response'))
2026-03-30 20:37:49 | INFO     | src.core.akshare_provider:get_stock_kline:201 | 尝试使用腾讯数据源获取 605598 K线数据
2026-03-30 20:37:55 | INFO     | src.core.akshare_provider:get_stock_kline:219 | 腾讯数据源成功获取 1093 条数据
2026-03-30 20:37:55 | INFO     | src.core.data_fetcher:save_data:432 | 保存数据到 csv 文件: stock_data/605598_kline
2026-03-30 20:37:55 | INFO     | src.core.data_fetcher:save_data:452 | 数据保存成功: ./data\stock_data/605598_kline.csv
2026-03-30 20:37:55 | DEBUG    | src.update_data:update_data:144 | 股票 605598 K线数据更新成功，共 1093 条记录
2026-03-30 20:37:55 | INFO     | src.core.data_fetcher:inner:197 | 获取股票 301150 daily K线数据
2026-03-30 20:37:55 | INFO     | src.core.akshare_provider:get_stock_kline:170 | akshare 获取股票 301150 daily K线数据
2026-03-30 20:37:55 | INFO     | src.core.akshare_provider:get_stock_kline:183 | 尝试使用东方财富数据源获取 301150 K线数据
2026-03-30 20:37:55 | WARNING  | src.core.akshare_provider:get_stock_kline:197 | 东方财富数据源失败: ('Connection aborted.', RemoteDisconnected('Remote end closed connection without response'))
2026-03-30 20:37:55 | INFO     | src.core.akshare_provider:get_stock_kline:201 | 尝试使用腾讯数据源获取 301150 K线数据
2026-03-30 20:38:01 | INFO     | src.core.akshare_provider:get_stock_kline:219 | 腾讯数据源成功获取 954 条数据
2026-03-30 20:38:01 | INFO     | src.core.data_fetcher:save_data:432 | 保存数据到 csv 文件: stock_data/301150_kline
2026-03-30 20:38:01 | INFO     | src.core.data_fetcher:save_data:452 | 数据保存成功: ./data\stock_data/301150_kline.csv
2026-03-30 20:38:01 | DEBUG    | src.update_data:update_data:144 | 股票 301150 K线数据更新成功，共 954 条记录
2026-03-30 20:38:01 | INFO     | src.core.data_fetcher:inner:197 | 获取股票 688778 daily K线数据
2026-03-30 20:38:01 | INFO     | src.core.akshare_provider:get_stock_kline:170 | akshare 获取股票 688778 daily K线数据
2026-03-30 20:38:01 | INFO     | src.core.akshare_provider:get_stock_kline:183 | 尝试使用东方财富数据源获取 688778 K线数据
2026-03-30 20:38:01 | WARNING  | src.core.akshare_provider:get_stock_kline:197 | 东方财富数据源失败: ('Connection aborted.', RemoteDisconnected('Remote end closed connection without response'))
2026-03-30 20:38:01 | INFO     | src.core.akshare_provider:get_stock_kline:201 | 尝试使用腾讯数据源获取 688778 K线数据
2026-03-30 20:38:07 | INFO     | src.core.akshare_provider:get_stock_kline:219 | 腾讯数据源成功获取 1124 条数据
2026-03-30 20:38:07 | INFO     | src.core.data_fetcher:save_data:432 | 保存数据到 csv 文件: stock_data/688778_kline
2026-03-30 20:38:07 | INFO     | src.core.data_fetcher:save_data:452 | 数据保存成功: ./data\stock_data/688778_kline.csv
2026-03-30 20:38:07 | DEBUG    | src.update_data:update_data:144 | 股票 688778 K线数据更新成功，共 1124 条记录
2026-03-30 20:38:07 | INFO     | src.core.data_fetcher:inner:197 | 获取股票 300762 daily K线数据
2026-03-30 20:38:07 | INFO     | src.core.akshare_provider:get_stock_kline:170 | akshare 获取股票 300762 daily K线数据
2026-03-30 20:38:07 | INFO     | src.core.akshare_provider:get_stock_kline:183 | 尝试使用东方财富数据源获取 300762 K线数据
2026-03-30 20:38:08 | WARNING  | src.core.akshare_provider:get_stock_kline:197 | 东方财富数据源失败: ('Connection aborted.', RemoteDisconnected('Remote end closed connection without response'))
2026-03-30 20:38:08 | INFO     | src.core.akshare_provider:get_stock_kline:201 | 尝试使用腾讯数据源获取 300762 K线数据
2026-03-30 20:38:14 | INFO     | src.core.akshare_provider:get_stock_kline:219 | 腾讯数据源成功获取 1267 条数据
2026-03-30 20:38:14 | INFO     | src.core.data_fetcher:save_data:432 | 保存数据到 csv 文件: stock_data/300762_kline
2026-03-30 20:38:14 | INFO     | src.core.data_fetcher:save_data:452 | 数据保存成功: ./data\stock_data/300762_kline.csv
2026-03-30 20:38:14 | DEBUG    | src.update_data:update_data:144 | 股票 300762 K线数据更新成功，共 1267 条记录
2026-03-30 20:38:14 | INFO     | src.update_data:update_data:162 | 步骤4: 生成汇总报告
2026-03-30 20:38:14 | INFO     | src.update_data:update_data:169 | ============================================================
2026-03-30 20:38:14 | INFO     | src.update_data:update_data:170 | 数据更新完成!
2026-03-30 20:38:14 | INFO     | src.update_data:update_data:171 | ============================================================
2026-03-30 20:38:14 | INFO     | src.update_data:update_data:172 | 基金数据: 成功 2 / 失败 0
2026-03-30 20:38:14 | INFO     | src.update_data:update_data:173 | 股票数据: 成功 20 / 失败 0
2026-03-30 20:38:14 | INFO     | src.update_data:update_data:174 | 总更新记录: 22 条
2026-03-30 20:38:14 | INFO     | src.update_data:update_data:175 | ============================================================
2026-03-30 20:38:14 | WARNING  | src.notify:send:76 | 没有可用的通知渠道
2026-03-30 20:38:14 | INFO     | src.core.baostock_provider:logout:59 | baostock 已登出
2026-03-30 20:38:14 | INFO     | src.update_data:run_update_workflow:203 | 数据更新流程完成!
2026-03-30 20:38:14 | INFO     | __main__:main:121 | ✅ 数据更新完成！处理了 4 个基金
2026-03-30 20:38:14 | INFO     | __main__:main:122 | 
2026-03-30 20:38:14 | INFO     | __main__:main:129 | ============================================================
2026-03-30 20:38:14 | INFO     | __main__:main:130 | [步骤 2/3] 正在执行：技术指标计算
2026-03-30 20:38:14 | INFO     | __main__:main:131 | ============================================================
2026-03-30 20:38:14 | ERROR    | src.utils.common:load_config:44 | 加载配置文件失败: Expecting property name enclosed in double quotes: line 2 column 3 (char 4)
2026-03-30 20:38:14 | ERROR    | src.utils.common:load_config:44 | 加载配置文件失败: Expecting property name enclosed in double quotes: line 2 column 3 (char 4)
2026-03-30 20:38:14 | INFO     | src.core.data_factory:create_provider:43 | 创建数据源提供者: akshare
2026-03-30 20:38:14 | INFO     | src.core.data_factory:_init_providers:127 | 初始化数据源提供者: akshare
2026-03-30 20:38:14 | INFO     | src.core.baostock_provider:login:42 | baostock 登录成功
2026-03-30 20:38:14 | INFO     | src.core.data_factory:create_provider:43 | 创建数据源提供者: baostock
2026-03-30 20:38:14 | INFO     | src.core.data_factory:_init_providers:127 | 初始化数据源提供者: baostock
2026-03-30 20:38:14 | INFO     | src.core.data_factory:__init__:117 | 多数据源数据获取器初始化完成
2026-03-30 20:38:14 | INFO     | src.core.data_factory:__init__:118 | 股票数据源: akshare
2026-03-30 20:38:14 | INFO     | src.core.data_factory:__init__:119 | 基金数据源: akshare
2026-03-30 20:38:14 | INFO     | src.data.reader:__init__:29 | 数据读取器初始化完成，基础路径: data
2026-03-30 20:38:14 | INFO     | src.workflow.technical:run_batch:212 | 开始批量处理 2 个基金的技术指标计算
2026-03-30 20:38:14 | INFO     | src.workflow.technical:run_batch:213 | 基金代码列表: ['005538', '015790']
2026-03-30 20:38:14 | INFO     | src.workflow.technical:run_batch:219 | 
============================================================
2026-03-30 20:38:14 | INFO     | src.workflow.technical:run_batch:220 | 开始处理基金: 005538
2026-03-30 20:38:14 | INFO     | src.workflow.technical:process_fund:99 | 开始处理基金 005538 的持仓股票技术指标计算
2026-03-30 20:38:14 | INFO     | src.workflow.base:get_fund_holdings:85 | 获取基金 005538 的持仓数据
2026-03-30 20:38:14 | INFO     | src.core.data_fetcher:inner:294 | 获取基金 005538 持仓
2026-03-30 20:38:14 | INFO     | src.core.akshare_provider:get_fund_portfolio:370 | akshare 获取基金 005538 持仓
2026-03-30 20:38:15 | INFO     | src.core.akshare_provider:get_fund_portfolio:379 | 使用 fund_portfolio_hold_em 成功获取基金 005538 持仓
2026-03-30 20:38:15 | INFO     | src.workflow.base:filter_latest_quarter:101 | 过滤最新季度数据
2026-03-30 20:38:15 | INFO     | src.analysis.quarter_filter:filter_latest_quarter_data:63 | 识别到最新季度: 2025年Q4
2026-03-30 20:38:15 | INFO     | src.analysis.quarter_filter:filter_latest_quarter_data:77 | 过滤结果: 从 81 条记录中筛选出 10 条最新季度数据
2026-03-30 20:38:15 | INFO     | src.workflow.technical:process_fund:116 | 最新季度持仓股票数量: 10
2026-03-30 20:38:15 | INFO     | src.workflow.technical:process_fund:117 | 股票代码列表: ['301662', '688778', '688155', '300450', '301617', '688147', '688499', '301150', '002846', '300092']
2026-03-30 20:38:15 | INFO     | src.workflow.base:get_stock_data:115 | 批量处理 10 只股票的数据
2026-03-30 20:38:16 | INFO     | src.data.reader:list_files:221 | 在 data\stock_data 中找到 20 个文件
2026-03-30 20:38:16 | INFO     | src.data.reader:list_stock_files:241 | 找到 20 个股票数据文件
2026-03-30 20:38:16 | INFO     | src.data.reader:read_csv:53 | 读取CSV文件: data\stock_data\301662_kline.csv
2026-03-30 20:38:16 | INFO     | src.data.reader:list_files:221 | 在 data\stock_data 中找到 20 个文件
2026-03-30 20:38:16 | INFO     | src.data.reader:list_stock_files:241 | 找到 20 个股票数据文件
2026-03-30 20:38:16 | INFO     | src.data.reader:read_csv:53 | 读取CSV文件: data\stock_data\300450_kline.csv
2026-03-30 20:38:16 | INFO     | src.data.reader:list_files:221 | 在 data\stock_data 中找到 20 个文件
2026-03-30 20:38:16 | INFO     | src.data.reader:list_stock_files:241 | 找到 20 个股票数据文件
2026-03-30 20:38:16 | INFO     | src.data.reader:read_csv:53 | 读取CSV文件: data\stock_data\688155_kline.csv
2026-03-30 20:38:16 | INFO     | src.data.reader:list_files:221 | 在 data\stock_data 中找到 20 个文件
2026-03-30 20:38:16 | INFO     | src.data.reader:list_files:221 | 在 data\stock_data 中找到 20 个文件
2026-03-30 20:38:16 | INFO     | src.data.reader:list_stock_files:241 | 找到 20 个股票数据文件
2026-03-30 20:38:16 | INFO     | src.data.reader:list_stock_files:241 | 找到 20 个股票数据文件
2026-03-30 20:38:16 | INFO     | src.data.reader:read_csv:53 | 读取CSV文件: data\stock_data\688778_kline.csv
2026-03-30 20:38:16 | INFO     | src.data.reader:read_csv:53 | 读取CSV文件: data\stock_data\301617_kline.csv
2026-03-30 20:38:16 | INFO     | src.data.reader:read_csv:57 | 成功读取 1267 行数据
2026-03-30 20:38:16 | INFO     | src.data.reader:list_files:221 | 在 data\stock_data 中找到 20 个文件
2026-03-30 20:38:16 | INFO     | src.data.reader:read_csv:57 | 成功读取 230 行数据
2026-03-30 20:38:16 | INFO     | src.data.reader:list_stock_files:241 | 找到 20 个股票数据文件
2026-03-30 20:38:16 | INFO     | src.data.reader:read_csv:57 | 成功读取 1267 行数据
2026-03-30 20:38:16 | INFO     | src.data.reader:list_files:221 | 在 data\stock_data 中找到 20 个文件
2026-03-30 20:38:16 | INFO     | src.data.reader:read_csv:57 | 成功读取 313 行数据
2026-03-30 20:38:16 | INFO     | src.data.reader:list_files:221 | 在 data\stock_data 中找到 20 个文件
2026-03-30 20:38:16 | INFO     | src.data.reader:read_csv:53 | 读取CSV文件: data\stock_data\688147_kline.csv
2026-03-30 20:38:16 | INFO     | src.data.reader:read_csv:57 | 成功读取 1124 行数据
2026-03-30 20:38:16 | INFO     | src.data.reader:list_stock_files:241 | 找到 20 个股票数据文件
2026-03-30 20:38:16 | INFO     | src.data.reader:list_stock_files:241 | 找到 20 个股票数据文件
2026-03-30 20:38:16 | INFO     | src.data.reader:list_files:221 | 在 data\stock_data 中找到 20 个文件
2026-03-30 20:38:16 | INFO     | src.data.reader:list_files:221 | 在 data\stock_data 中找到 20 个文件
2026-03-30 20:38:16 | INFO     | src.data.reader:read_csv:57 | 成功读取 788 行数据
2026-03-30 20:38:16 | INFO     | src.data.reader:read_csv:53 | 读取CSV文件: data\stock_data\688499_kline.csv
2026-03-30 20:38:16 | INFO     | src.data.reader:read_csv:53 | 读取CSV文件: data\stock_data\301150_kline.csv
2026-03-30 20:38:16 | INFO     | src.data.reader:list_stock_files:241 | 找到 20 个股票数据文件
2026-03-30 20:38:16 | INFO     | src.data.reader:list_stock_files:241 | 找到 20 个股票数据文件
2026-03-30 20:38:16 | INFO     | src.data.reader:read_csv:53 | 读取CSV文件: data\stock_data\002846_kline.csv
2026-03-30 20:38:16 | INFO     | src.data.reader:read_csv:57 | 成功读取 954 行数据
2026-03-30 20:38:16 | INFO     | src.data.reader:read_csv:53 | 读取CSV文件: data\stock_data\300092_kline.csv
2026-03-30 20:38:16 | INFO     | src.data.reader:read_csv:57 | 成功读取 1149 行数据
2026-03-30 20:38:16 | INFO     | src.data.reader:read_csv:57 | 成功读取 1267 行数据
2026-03-30 20:38:16 | INFO     | src.data.reader:read_csv:57 | 成功读取 1267 行数据
2026-03-30 20:38:16 | INFO     | src.utils.concurrency:process_batch:70 | 获取股票数据: 10/10
2026-03-30 20:38:16 | INFO     | src.workflow.base:get_stock_data:171 | 成功获取 10 只股票的数据
2026-03-30 20:38:16 | INFO     | src.workflow.technical:process_fund:133 | 开始计算技术指标和信号判断
2026-03-30 20:38:16 | INFO     | src.workflow.base:calculate_technical_indicators:188 | 计算股票 688155 的技术指标
2026-03-30 20:38:16 | INFO     | src.workflow.base:calculate_technical_indicators:188 | 计算股票 301662 的技术指标
2026-03-30 20:38:16 | INFO     | src.indicators.technical_indicators:calculate_ma:133 | 计算 5 日移动平均线完成
2026-03-30 20:38:16 | INFO     | src.indicators.technical_indicators:calculate_ma:133 | 计算 5 日移动平均线完成
2026-03-30 20:38:16 | INFO     | src.indicators.technical_indicators:calculate_ma:133 | 计算 10 日移动平均线完成
2026-03-30 20:38:16 | INFO     | src.indicators.technical_indicators:calculate_ma:133 | 计算 10 日移动平均线完成
2026-03-30 20:38:16 | INFO     | src.workflow.base:calculate_technical_indicators:188 | 计算股票 300450 的技术指标
2026-03-30 20:38:16 | INFO     | src.indicators.technical_indicators:calculate_ma:133 | 计算 20 日移动平均线完成
2026-03-30 20:38:16 | INFO     | src.indicators.technical_indicators:calculate_ma:133 | 计算 20 日移动平均线完成
2026-03-30 20:38:16 | INFO     | src.workflow.base:calculate_technical_indicators:188 | 计算股票 301617 的技术指标
2026-03-30 20:38:16 | INFO     | src.workflow.base:calculate_technical_indicators:188 | 计算股票 688778 的技术指标
2026-03-30 20:38:16 | INFO     | src.indicators.technical_indicators:calculate_ma:133 | 计算 5 日移动平均线完成
2026-03-30 20:38:16 | INFO     | src.workflow.base:calculate_technical_indicators:188 | 计算股票 688147 的技术指标
2026-03-30 20:38:16 | INFO     | src.workflow.base:calculate_technical_indicators:188 | 计算股票 301150 的技术指标
2026-03-30 20:38:16 | INFO     | src.indicators.technical_indicators:calculate_ma:133 | 计算 30 日移动平均线完成
2026-03-30 20:38:16 | INFO     | src.workflow.base:calculate_technical_indicators:188 | 计算股票 688499 的技术指标
2026-03-30 20:38:16 | INFO     | src.indicators.technical_indicators:calculate_ma:133 | 计算 30 日移动平均线完成
2026-03-30 20:38:16 | INFO     | src.indicators.technical_indicators:calculate_ma:133 | 计算 5 日移动平均线完成
2026-03-30 20:38:16 | INFO     | src.indicators.technical_indicators:calculate_ma:133 | 计算 10 日移动平均线完成
2026-03-30 20:38:16 | INFO     | src.indicators.technical_indicators:calculate_ma:133 | 计算 5 日移动平均线完成
2026-03-30 20:38:16 | INFO     | src.indicators.technical_indicators:calculate_ma:133 | 计算 5 日移动平均线完成
2026-03-30 20:38:16 | INFO     | src.indicators.technical_indicators:calculate_ma:133 | 计算 5 日移动平均线完成
2026-03-30 20:38:16 | INFO     | src.indicators.technical_indicators:calculate_ma:133 | 计算 60 日移动平均线完成
2026-03-30 20:38:16 | INFO     | src.indicators.technical_indicators:calculate_ma:133 | 计算 60 日移动平均线完成
2026-03-30 20:38:16 | INFO     | src.indicators.technical_indicators:calculate_ma:133 | 计算 10 日移动平均线完成
2026-03-30 20:38:16 | INFO     | src.indicators.technical_indicators:calculate_ma:133 | 计算 5 日移动平均线完成
2026-03-30 20:38:16 | INFO     | src.indicators.technical_indicators:calculate_ma:133 | 计算 20 日移动平均线完成
2026-03-30 20:38:16 | INFO     | src.indicators.technical_indicators:calculate_ma:133 | 计算 10 日移动平均线完成
2026-03-30 20:38:16 | INFO     | src.indicators.technical_indicators:calculate_ma:133 | 计算 10 日移动平均线完成
2026-03-30 20:38:16 | INFO     | src.indicators.technical_indicators:calculate_ma:133 | 计算 10 日移动平均线完成
2026-03-30 20:38:16 | INFO     | src.indicators.technical_indicators:calculate_ma:133 | 计算 120 日移动平均线完成
2026-03-30 20:38:16 | INFO     | src.indicators.technical_indicators:calculate_ma:133 | 计算 120 日移动平均线完成
2026-03-30 20:38:16 | INFO     | src.indicators.technical_indicators:calculate_ma:133 | 计算 20 日移动平均线完成
2026-03-30 20:38:16 | INFO     | src.indicators.technical_indicators:calculate_ma:133 | 计算 10 日移动平均线完成
2026-03-30 20:38:16 | INFO     | src.indicators.technical_indicators:calculate_ma:133 | 计算 30 日移动平均线完成
2026-03-30 20:38:16 | INFO     | src.indicators.technical_indicators:calculate_ma:133 | 计算 20 日移动平均线完成
2026-03-30 20:38:16 | INFO     | src.indicators.technical_indicators:calculate_ma:133 | 计算 20 日移动平均线完成
2026-03-30 20:38:16 | INFO     | src.indicators.technical_indicators:calculate_ma:133 | 计算 20 日移动平均线完成
2026-03-30 20:38:16 | INFO     | src.indicators.technical_indicators:calculate_ma:133 | 计算 250 日移动平均线完成
2026-03-30 20:38:16 | INFO     | src.indicators.technical_indicators:calculate_ma:133 | 计算 250 日移动平均线完成
2026-03-30 20:38:16 | INFO     | src.indicators.technical_indicators:calculate_ma:133 | 计算 30 日移动平均线完成
2026-03-30 20:38:16 | INFO     | src.indicators.technical_indicators:calculate_ma:133 | 计算 20 日移动平均线完成
2026-03-30 20:38:16 | INFO     | src.indicators.technical_indicators:calculate_ma:133 | 计算 60 日移动平均线完成
2026-03-30 20:38:16 | INFO     | src.indicators.technical_indicators:calculate_ma:133 | 计算 30 日移动平均线完成
2026-03-30 20:38:16 | INFO     | src.indicators.technical_indicators:calculate_ma:133 | 计算 30 日移动平均线完成
2026-03-30 20:38:16 | INFO     | src.indicators.technical_indicators:calculate_ma:133 | 计算 30 日移动平均线完成
2026-03-30 20:38:16 | INFO     | src.indicators.technical_indicators:calculate_sma:157 | 计算 5 日简单移动平均线完成
2026-03-30 20:38:16 | INFO     | src.indicators.technical_indicators:calculate_sma:157 | 计算 5 日简单移动平均线完成
2026-03-30 20:38:16 | INFO     | src.indicators.technical_indicators:calculate_ma:133 | 计算 60 日移动平均线完成
2026-03-30 20:38:16 | INFO     | src.indicators.technical_indicators:calculate_ma:133 | 计算 30 日移动平均线完成
2026-03-30 20:38:16 | INFO     | src.indicators.technical_indicators:calculate_ma:133 | 计算 60 日移动平均线完成
2026-03-30 20:38:16 | INFO     | src.indicators.technical_indicators:calculate_ma:133 | 计算 60 日移动平均线完成
2026-03-30 20:38:16 | INFO     | src.indicators.technical_indicators:calculate_ma:133 | 计算 120 日移动平均线完成
2026-03-30 20:38:16 | INFO     | src.indicators.technical_indicators:calculate_ma:133 | 计算 60 日移动平均线完成
2026-03-30 20:38:16 | INFO     | src.indicators.technical_indicators:calculate_sma:157 | 计算 10 日简单移动平均线完成
2026-03-30 20:38:16 | INFO     | src.indicators.technical_indicators:calculate_sma:157 | 计算 10 日简单移动平均线完成
2026-03-30 20:38:16 | INFO     | src.indicators.technical_indicators:calculate_sma:157 | 计算 20 日简单移动平均线完成
2026-03-30 20:38:16 | INFO     | src.indicators.technical_indicators:calculate_ma:133 | 计算 60 日移动平均线完成
2026-03-30 20:38:16 | INFO     | src.indicators.technical_indicators:calculate_ma:133 | 计算 120 日移动平均线完成
2026-03-30 20:38:16 | INFO     | src.indicators.technical_indicators:calculate_ma:133 | 计算 120 日移动平均线完成
2026-03-30 20:38:16 | INFO     | src.indicators.technical_indicators:calculate_ma:133 | 计算 250 日移动平均线完成
2026-03-30 20:38:16 | INFO     | src.indicators.technical_indicators:calculate_sma:157 | 计算 20 日简单移动平均线完成
2026-03-30 20:38:16 | INFO     | src.indicators.technical_indicators:calculate_ma:133 | 计算 120 日移动平均线完成
2026-03-30 20:38:16 | INFO     | src.indicators.technical_indicators:calculate_ma:133 | 计算 120 日移动平均线完成
2026-03-30 20:38:16 | INFO     | src.indicators.technical_indicators:calculate_sma:157 | 计算 30 日简单移动平均线完成
2026-03-30 20:38:16 | INFO     | src.indicators.technical_indicators:calculate_ma:133 | 计算 120 日移动平均线完成
2026-03-30 20:38:16 | INFO     | src.indicators.technical_indicators:calculate_ma:133 | 计算 250 日移动平均线完成
2026-03-30 20:38:16 | INFO     | src.indicators.technical_indicators:calculate_ma:133 | 计算 250 日移动平均线完成
2026-03-30 20:38:16 | INFO     | src.indicators.technical_indicators:calculate_sma:157 | 计算 5 日简单移动平均线完成
2026-03-30 20:38:16 | INFO     | src.indicators.technical_indicators:calculate_sma:157 | 计算 30 日简单移动平均线完成
2026-03-30 20:38:16 | INFO     | src.indicators.technical_indicators:calculate_ma:133 | 计算 250 日移动平均线完成
2026-03-30 20:38:16 | INFO     | src.indicators.technical_indicators:calculate_sma:157 | 计算 60 日简单移动平均线完成
2026-03-30 20:38:16 | INFO     | src.indicators.technical_indicators:calculate_sma:157 | 计算 120 日简单移动平均线完成
2026-03-30 20:38:16 | INFO     | src.indicators.technical_indicators:calculate_ma:133 | 计算 250 日移动平均线完成
2026-03-30 20:38:16 | INFO     | src.indicators.technical_indicators:calculate_sma:157 | 计算 5 日简单移动平均线完成
2026-03-30 20:38:16 | INFO     | src.indicators.technical_indicators:calculate_sma:157 | 计算 5 日简单移动平均线完成
2026-03-30 20:38:16 | INFO     | src.indicators.technical_indicators:calculate_sma:157 | 计算 10 日简单移动平均线完成
2026-03-30 20:38:16 | INFO     | src.indicators.technical_indicators:calculate_sma:157 | 计算 60 日简单移动平均线完成
2026-03-30 20:38:16 | INFO     | src.indicators.technical_indicators:calculate_sma:157 | 计算 5 日简单移动平均线完成
2026-03-30 20:38:16 | INFO     | src.indicators.technical_indicators:calculate_ma:133 | 计算 250 日移动平均线完成
2026-03-30 20:38:16 | INFO     | src.indicators.technical_indicators:calculate_sma:157 | 计算 250 日简单移动平均线完成
2026-03-30 20:38:16 | INFO     | src.indicators.technical_indicators:calculate_sma:157 | 计算 5 日简单移动平均线完成
2026-03-30 20:38:16 | INFO     | src.indicators.technical_indicators:calculate_sma:157 | 计算 10 日简单移动平均线完成
2026-03-30 20:38:16 | INFO     | src.indicators.technical_indicators:calculate_sma:157 | 计算 20 日简单移动平均线完成
2026-03-30 20:38:16 | INFO     | src.indicators.technical_indicators:calculate_sma:157 | 计算 10 日简单移动平均线完成
2026-03-30 20:38:16 | INFO     | src.indicators.technical_indicators:calculate_sma:157 | 计算 120 日简单移动平均线完成
2026-03-30 20:38:16 | INFO     | src.indicators.technical_indicators:calculate_sma:157 | 计算 5 日简单移动平均线完成
2026-03-30 20:38:16 | INFO     | src.indicators.technical_indicators:calculate_sma:157 | 计算 10 日简单移动平均线完成
2026-03-30 20:38:16 | INFO     | src.indicators.technical_indicators:calculate_ema:182 | 计算 12 日指数移动平均线完成
2026-03-30 20:38:16 | INFO     | src.indicators.technical_indicators:calculate_sma:157 | 计算 10 日简单移动平均线完成
2026-03-30 20:38:16 | INFO     | src.indicators.technical_indicators:calculate_sma:157 | 计算 20 日简单移动平均线完成
2026-03-30 20:38:16 | INFO     | src.indicators.technical_indicators:calculate_sma:157 | 计算 20 日简单移动平均线完成
2026-03-30 20:38:16 | INFO     | src.indicators.technical_indicators:calculate_sma:157 | 计算 30 日简单移动平均线完成
2026-03-30 20:38:16 | INFO     | src.indicators.technical_indicators:calculate_sma:157 | 计算 60 日简单移动平均线完成
2026-03-30 20:38:16 | INFO     | src.indicators.technical_indicators:calculate_sma:157 | 计算 10 日简单移动平均线完成
2026-03-30 20:38:16 | INFO     | src.indicators.technical_indicators:calculate_sma:157 | 计算 20 日简单移动平均线完成
2026-03-30 20:38:16 | INFO     | src.indicators.technical_indicators:calculate_ema:182 | 计算 26 日指数移动平均线完成
2026-03-30 20:38:16 | INFO     | src.indicators.technical_indicators:calculate_sma:157 | 计算 20 日简单移动平均线完成
2026-03-30 20:38:16 | INFO     | src.indicators.technical_indicators:calculate_sma:157 | 计算 30 日简单移动平均线完成
2026-03-30 20:38:16 | INFO     | src.indicators.technical_indicators:calculate_sma:157 | 计算 60 日简单移动平均线完成
2026-03-30 20:38:16 | INFO     | src.indicators.technical_indicators:calculate_sma:157 | 计算 120 日简单移动平均线完成
2026-03-30 20:38:16 | INFO     | src.indicators.technical_indicators:calculate_sma:157 | 计算 250 日简单移动平均线完成
2026-03-30 20:38:16 | INFO     | src.indicators.technical_indicators:calculate_sma:157 | 计算 20 日简单移动平均线完成
2026-03-30 20:38:16 | INFO     | src.indicators.technical_indicators:calculate_sma:157 | 计算 30 日简单移动平均线完成
2026-03-30 20:38:16 | INFO     | src.indicators.technical_indicators:calculate_rsi:221 | 计算 6 日RSI完成
2026-03-30 20:38:16 | INFO     | src.indicators.technical_indicators:calculate_rsi:221 | 计算 12 日RSI完成
2026-03-30 20:38:16 | INFO     | src.indicators.technical_indicators:calculate_sma:157 | 计算 30 日简单移动平均线完成
2026-03-30 20:38:16 | INFO     | src.indicators.technical_indicators:calculate_sma:157 | 计算 250 日简单移动平均线完成
2026-03-30 20:38:16 | INFO     | src.indicators.technical_indicators:calculate_sma:157 | 计算 120 日简单移动平均线完成
2026-03-30 20:38:16 | INFO     | src.indicators.technical_indicators:calculate_ema:182 | 计算 12 日指数移动平均线完成
2026-03-30 20:38:16 | INFO     | src.indicators.technical_indicators:calculate_sma:157 | 计算 30 日简单移动平均线完成
2026-03-30 20:38:16 | INFO     | src.indicators.technical_indicators:calculate_sma:157 | 计算 60 日简单移动平均线完成
2026-03-30 20:38:16 | INFO     | src.indicators.technical_indicators:calculate_sma:157 | 计算 30 日简单移动平均线完成
2026-03-30 20:38:16 | INFO     | src.indicators.technical_indicators:calculate_rsi:221 | 计算 24 日RSI完成
2026-03-30 20:38:16 | INFO     | src.indicators.technical_indicators:calculate_sma:157 | 计算 60 日简单移动平均线完成
2026-03-30 20:38:16 | INFO     | src.indicators.technical_indicators:calculate_sma:157 | 计算 120 日简单移动平均线完成
2026-03-30 20:38:16 | INFO     | src.indicators.technical_indicators:calculate_sma:157 | 计算 250 日简单移动平均线完成
2026-03-30 20:38:16 | INFO     | src.indicators.technical_indicators:calculate_ema:182 | 计算 26 日指数移动平均线完成
2026-03-30 20:38:16 | INFO     | src.indicators.technical_indicators:calculate_sma:157 | 计算 60 日简单移动平均线完成
2026-03-30 20:38:16 | INFO     | src.indicators.technical_indicators:calculate_sma:157 | 计算 120 日简单移动平均线完成
2026-03-30 20:38:16 | INFO     | src.indicators.technical_indicators:calculate_sma:157 | 计算 250 日简单移动平均线完成
2026-03-30 20:38:16 | INFO     | src.indicators.technical_indicators:calculate_ema:182 | 计算 12 日指数移动平均线完成
2026-03-30 20:38:16 | INFO     | src.indicators.technical_indicators:calculate_ema:182 | 计算 12 日指数移动平均线完成
2026-03-30 20:38:16 | INFO     | src.indicators.technical_indicators:calculate_sma:157 | 计算 250 日简单移动平均线完成
2026-03-30 20:38:16 | INFO     | src.indicators.technical_indicators:calculate_ema:182 | 计算 12 日指数移动平均线完成
2026-03-30 20:38:16 | INFO     | src.indicators.technical_indicators:calculate_rsi:221 | 计算 6 日RSI完成
2026-03-30 20:38:16 | INFO     | src.indicators.technical_indicators:calculate_sma:157 | 计算 120 日简单移动平均线完成
2026-03-30 20:38:16 | INFO     | src.indicators.technical_indicators:calculate_sma:157 | 计算 250 日简单移动平均线完成
2026-03-30 20:38:16 | INFO     | src.indicators.technical_indicators:calculate_macd:263 | 计算MACD完成：快线=12, 慢线=26, 信号线=9
2026-03-30 20:38:16 | INFO     | src.indicators.technical_indicators:calculate_ema:182 | 计算 26 日指数移动平均线完成
2026-03-30 20:38:16 | INFO     | src.indicators.technical_indicators:calculate_ema:182 | 计算 26 日指数移动平均线完成
2026-03-30 20:38:16 | INFO     | src.indicators.technical_indicators:calculate_ema:182 | 计算 12 日指数移动平均线完成
2026-03-30 20:38:16 | INFO     | src.indicators.technical_indicators:calculate_ema:182 | 计算 26 日指数移动平均线完成
2026-03-30 20:38:16 | INFO     | src.indicators.technical_indicators:calculate_rsi:221 | 计算 12 日RSI完成
2026-03-30 20:38:16 | INFO     | src.indicators.technical_indicators:calculate_rsi:221 | 计算 24 日RSI完成
2026-03-30 20:38:16 | INFO     | src.indicators.technical_indicators:calculate_ema:182 | 计算 12 日指数移动平均线完成
2026-03-30 20:38:16 | INFO     | src.indicators.technical_indicators:calculate_macd:263 | 计算MACD完成：快线=12, 慢线=26, 信号线=12
2026-03-30 20:38:16 | INFO     | src.indicators.technical_indicators:calculate_rsi:221 | 计算 6 日RSI完成
2026-03-30 20:38:16 | INFO     | src.indicators.technical_indicators:calculate_rsi:221 | 计算 12 日RSI完成
2026-03-30 20:38:16 | INFO     | src.indicators.technical_indicators:calculate_rsi:221 | 计算 24 日RSI完成
2026-03-30 20:38:16 | INFO     | src.indicators.technical_indicators:calculate_rsi:221 | 计算 6 日RSI完成
2026-03-30 20:38:16 | INFO     | src.indicators.technical_indicators:calculate_sma:157 | 计算 60 日简单移动平均线完成
2026-03-30 20:38:16 | INFO     | src.indicators.technical_indicators:calculate_sma:157 | 计算 120 日简单移动平均线完成
2026-03-30 20:38:16 | INFO     | src.indicators.technical_indicators:calculate_ema:182 | 计算 26 日指数移动平均线完成
2026-03-30 20:38:16 | INFO     | src.indicators.technical_indicators:calculate_boll:303 | 计算布林带完成：周期=20, 标准差倍数=2
2026-03-30 20:38:16 | INFO     | src.indicators.technical_indicators:calculate_kdj:350 | 计算KDJ完成：K周期=9, D周期=3, J周期=3
2026-03-30 20:38:16 | INFO     | src.indicators.technical_indicators:calculate_ema:182 | 计算 26 日指数移动平均线完成
2026-03-30 20:38:16 | INFO     | src.indicators.technical_indicators:calculate_rsi:221 | 计算 12 日RSI完成
2026-03-30 20:38:16 | INFO     | src.indicators.technical_indicators:calculate_rsi:221 | 计算 24 日RSI完成
2026-03-30 20:38:16 | INFO     | src.indicators.technical_indicators:calculate_macd:263 | 计算MACD完成：快线=12, 慢线=26, 信号线=9
2026-03-30 20:38:16 | INFO     | src.indicators.technical_indicators:calculate_sma:157 | 计算 250 日简单移动平均线完成
2026-03-30 20:38:16 | INFO     | src.indicators.technical_indicators:calculate_rsi:221 | 计算 6 日RSI完成
2026-03-30 20:38:16 | INFO     | src.indicators.technical_indicators:calculate_rsi:221 | 计算 6 日RSI完成
2026-03-30 20:38:16 | INFO     | src.indicators.technical_indicators:calculate_rsi:221 | 计算 12 日RSI完成
2026-03-30 20:38:16 | INFO     | src.indicators.technical_indicators:calculate_rsi:221 | 计算 6 日RSI完成
2026-03-30 20:38:16 | INFO     | src.indicators.technical_indicators:calculate_macd:263 | 计算MACD完成：快线=12, 慢线=26, 信号线=9
2026-03-30 20:38:16 | INFO     | src.indicators.technical_indicators:calculate_macd:263 | 计算MACD完成：快线=12, 慢线=26, 信号线=9
2026-03-30 20:38:16 | INFO     | src.indicators.technical_indicators:calculate_macd:263 | 计算MACD完成：快线=12, 慢线=26, 信号线=12
2026-03-30 20:38:16 | INFO     | src.indicators.technical_indicators:calculate_ema:182 | 计算 12 日指数移动平均线完成
2026-03-30 20:38:16 | INFO     | src.indicators.technical_indicators:calculate_ema:182 | 计算 26 日指数移动平均线完成
2026-03-30 20:38:16 | INFO     | src.indicators.technical_indicators:calculate_kdj:350 | 计算KDJ完成：K周期=10, D周期=3, J周期=3
2026-03-30 20:38:16 | INFO     | src.indicators.technical_indicators:calculate_rsi:221 | 计算 24 日RSI完成
2026-03-30 20:38:16 | INFO     | src.indicators.technical_indicators:calculate_macd:263 | 计算MACD完成：快线=12, 慢线=26, 信号线=9
2026-03-30 20:38:16 | INFO     | src.indicators.technical_indicators:calculate_macd:263 | 计算MACD完成：快线=12, 慢线=26, 信号线=12
2026-03-30 20:38:16 | INFO     | src.indicators.technical_indicators:calculate_macd:263 | 计算MACD完成：快线=12, 慢线=26, 信号线=12
2026-03-30 20:38:16 | INFO     | src.indicators.technical_indicators:calculate_boll:303 | 计算布林带完成：周期=20, 标准差倍数=2
2026-03-30 20:38:16 | INFO     | src.indicators.technical_indicators:calculate_rsi:221 | 计算 12 日RSI完成
2026-03-30 20:38:16 | INFO     | src.indicators.technical_indicators:calculate_rsi:221 | 计算 6 日RSI完成
2026-03-30 20:38:16 | INFO     | src.indicators.technical_indicators:calculate_rsi:221 | 计算 12 日RSI完成
2026-03-30 20:38:16 | INFO     | src.indicators.technical_indicators:calculate_atr:385 | 计算 10 日ATR完成
2026-03-30 20:38:16 | INFO     | src.indicators.technical_indicators:calculate_macd:263 | 计算MACD完成：快线=12, 慢线=26, 信号线=12
2026-03-30 20:38:16 | INFO     | src.indicators.technical_indicators:calculate_boll:303 | 计算布林带完成：周期=20, 标准差倍数=2
2026-03-30 20:38:16 | INFO     | src.indicators.technical_indicators:calculate_boll:303 | 计算布林带完成：周期=20, 标准差倍数=2
2026-03-30 20:38:16 | INFO     | src.indicators.technical_indicators:calculate_kdj:350 | 计算KDJ完成：K周期=9, D周期=3, J周期=3
2026-03-30 20:38:16 | INFO     | src.indicators.technical_indicators:calculate_rsi:221 | 计算 24 日RSI完成
2026-03-30 20:38:16 | INFO     | src.indicators.technical_indicators:calculate_rsi:221 | 计算 12 日RSI完成
2026-03-30 20:38:16 | INFO     | src.indicators.technical_indicators:calculate_rsi:221 | 计算 24 日RSI完成
2026-03-30 20:38:16 | INFO     | src.indicators.technical_indicators:calculate_cci:446 | 计算 20 日CCI完成
2026-03-30 20:38:16 | INFO     | src.indicators.technical_indicators:calculate_kdj:350 | 计算KDJ完成：K周期=9, D周期=3, J周期=3
2026-03-30 20:38:16 | INFO     | src.indicators.technical_indicators:calculate_boll:303 | 计算布林带完成：周期=20, 标准差倍数=2
2026-03-30 20:38:16 | INFO     | src.indicators.technical_indicators:calculate_kdj:350 | 计算KDJ完成：K周期=9, D周期=3, J周期=3
2026-03-30 20:38:16 | INFO     | src.indicators.technical_indicators:calculate_kdj:350 | 计算KDJ完成：K周期=10, D周期=3, J周期=3
2026-03-30 20:38:16 | INFO     | src.indicators.technical_indicators:calculate_macd:263 | 计算MACD完成：快线=12, 慢线=26, 信号线=9
2026-03-30 20:38:16 | INFO     | src.indicators.technical_indicators:calculate_rsi:221 | 计算 24 日RSI完成
2026-03-30 20:38:16 | INFO     | src.indicators.technical_indicators:calculate_macd:263 | 计算MACD完成：快线=12, 慢线=26, 信号线=9
2026-03-30 20:38:16 | INFO     | src.indicators.technical_indicators:calculate_williams_r:476 | 计算 10 日威廉指标完成
2026-03-30 20:38:16 | INFO     | src.indicators.technical_indicators:calculate_ma:133 | 计算 5 日移动平均线完成
2026-03-30 20:38:16 | INFO     | src.indicators.technical_indicators:calculate_kdj:350 | 计算KDJ完成：K周期=9, D周期=3, J周期=3
2026-03-30 20:38:16 | INFO     | src.indicators.technical_indicators:calculate_kdj:350 | 计算KDJ完成：K周期=10, D周期=3, J周期=3
2026-03-30 20:38:16 | INFO     | src.indicators.technical_indicators:calculate_atr:385 | 计算 10 日ATR完成
2026-03-30 20:38:16 | INFO     | src.indicators.technical_indicators:calculate_macd:263 | 计算MACD完成：快线=12, 慢线=26, 信号线=12
2026-03-30 20:38:16 | INFO     | src.indicators.technical_indicators:calculate_macd:263 | 计算MACD完成：快线=12, 慢线=26, 信号线=9
2026-03-30 20:38:16 | INFO     | src.indicators.technical_indicators:calculate_macd:263 | 计算MACD完成：快线=12, 慢线=26, 信号线=12
2026-03-30 20:38:16 | INFO     | src.indicators.technical_indicators:calculate_kdj:350 | 计算KDJ完成：K周期=10, D周期=3, J周期=3
2026-03-30 20:38:16 | INFO     | src.indicators.technical_indicators:calculate_bias:500 | 计算 5 日乖离率完成
2026-03-30 20:38:16 | INFO     | src.indicators.technical_indicators:calculate_ma:133 | 计算 10 日移动平均线完成
2026-03-30 20:38:16 | INFO     | src.indicators.technical_indicators:calculate_boll:303 | 计算布林带完成：周期=20, 标准差倍数=2
2026-03-30 20:38:16 | INFO     | src.indicators.technical_indicators:calculate_macd:263 | 计算MACD完成：快线=12, 慢线=26, 信号线=12
2026-03-30 20:38:16 | INFO     | src.indicators.technical_indicators:calculate_atr:385 | 计算 10 日ATR完成
2026-03-30 20:38:16 | INFO     | src.indicators.technical_indicators:calculate_boll:303 | 计算布林带完成：周期=20, 标准差倍数=2
2026-03-30 20:38:16 | INFO     | src.indicators.technical_indicators:calculate_atr:385 | 计算 10 日ATR完成
2026-03-30 20:38:16 | INFO     | src.indicators.technical_indicators:calculate_kdj:350 | 计算KDJ完成：K周期=10, D周期=3, J周期=3
2026-03-30 20:38:16 | INFO     | src.indicators.technical_indicators:calculate_bias:500 | 计算 10 日乖离率完成
2026-03-30 20:38:16 | INFO     | src.indicators.technical_indicators:calculate_kdj:350 | 计算KDJ完成：K周期=9, D周期=3, J周期=3
2026-03-30 20:38:16 | INFO     | src.indicators.technical_indicators:calculate_kdj:350 | 计算KDJ完成：K周期=10, D周期=3, J周期=3
2026-03-30 20:38:16 | INFO     | src.indicators.technical_indicators:calculate_cci:446 | 计算 20 日CCI完成
2026-03-30 20:38:16 | INFO     | src.indicators.technical_indicators:calculate_kdj:350 | 计算KDJ完成：K周期=9, D周期=3, J周期=3
2026-03-30 20:38:16 | INFO     | src.indicators.technical_indicators:calculate_cci:446 | 计算 20 日CCI完成
2026-03-30 20:38:16 | INFO     | src.indicators.technical_indicators:calculate_atr:385 | 计算 10 日ATR完成
2026-03-30 20:38:16 | INFO     | src.indicators.technical_indicators:calculate_ma:133 | 计算 20 日移动平均线完成
2026-03-30 20:38:16 | INFO     | src.indicators.technical_indicators:calculate_boll:303 | 计算布林带完成：周期=20, 标准差倍数=2
2026-03-30 20:38:16 | INFO     | src.indicators.technical_indicators:calculate_cci:446 | 计算 20 日CCI完成
2026-03-30 20:38:16 | INFO     | src.indicators.technical_indicators:calculate_williams_r:476 | 计算 10 日威廉指标完成
2026-03-30 20:38:16 | INFO     | src.indicators.technical_indicators:calculate_atr:385 | 计算 10 日ATR完成
2026-03-30 20:38:16 | INFO     | src.indicators.technical_indicators:calculate_kdj:350 | 计算KDJ完成：K周期=10, D周期=3, J周期=3
2026-03-30 20:38:16 | INFO     | src.indicators.technical_indicators:calculate_williams_r:476 | 计算 10 日威廉指标完成
2026-03-30 20:38:17 | INFO     | src.indicators.technical_indicators:calculate_ma:133 | 计算 5 日移动平均线完成
2026-03-30 20:38:16 | INFO     | src.indicators.technical_indicators:calculate_cci:446 | 计算 20 日CCI完成
2026-03-30 20:38:16 | INFO     | src.indicators.technical_indicators:calculate_williams_r:476 | 计算 10 日威廉指标完成
2026-03-30 20:38:17 | INFO     | src.indicators.technical_indicators:calculate_ma:133 | 计算 5 日移动平均线完成
2026-03-30 20:38:17 | INFO     | src.indicators.technical_indicators:calculate_bias:500 | 计算 5 日乖离率完成
2026-03-30 20:38:17 | INFO     | src.indicators.technical_indicators:calculate_ma:133 | 计算 10 日移动平均线完成
2026-03-30 20:38:17 | INFO     | src.indicators.technical_indicators:calculate_cci:446 | 计算 20 日CCI完成
2026-03-30 20:38:17 | INFO     | src.indicators.technical_indicators:calculate_williams_r:476 | 计算 10 日威廉指标完成
2026-03-30 20:38:17 | INFO     | src.indicators.technical_indicators:calculate_bias:500 | 计算 5 日乖离率完成
2026-03-30 20:38:17 | INFO     | src.indicators.technical_indicators:calculate_ma:133 | 计算 10 日移动平均线完成
2026-03-30 20:38:17 | INFO     | src.indicators.technical_indicators:calculate_bias:500 | 计算 10 日乖离率完成
2026-03-30 20:38:17 | INFO     | src.indicators.technical_indicators:calculate_ma:133 | 计算 20 日移动平均线完成
2026-03-30 20:38:17 | INFO     | src.indicators.technical_indicators:calculate_bias:500 | 计算 20 日乖离率完成
2026-03-30 20:38:17 | INFO     | src.indicators.technical_indicators:calculate_bias:500 | 计算 10 日乖离率完成
2026-03-30 20:38:16 | INFO     | src.indicators.technical_indicators:calculate_bias:500 | 计算 20 日乖离率完成
2026-03-30 20:38:17 | INFO     | src.indicators.technical_indicators:calculate_ma:133 | 计算 5 日移动平均线完成
2026-03-30 20:38:17 | INFO     | src.indicators.technical_indicators:calculate_bias:500 | 计算 5 日乖离率完成
2026-03-30 20:38:17 | INFO     | src.indicators.technical_indicators:calculate_ma:133 | 计算 10 日移动平均线完成
2026-03-30 20:38:17 | INFO     | src.indicators.technical_indicators:calculate_bias:500 | 计算 10 日乖离率完成
2026-03-30 20:38:17 | INFO     | src.indicators.technical_indicators:calculate_atr:385 | 计算 10 日ATR完成
2026-03-30 20:38:17 | INFO     | src.indicators.technical_indicators:calculate_ma:133 | 计算 30 日移动平均线完成
2026-03-30 20:38:17 | INFO     | src.indicators.technical_indicators:calculate_ma:133 | 计算 20 日移动平均线完成
2026-03-30 20:38:17 | INFO     | src.indicators.technical_indicators:calculate_ma:133 | 计算 30 日移动平均线完成
2026-03-30 20:38:17 | INFO     | src.indicators.technical_indicators:calculate_williams_r:476 | 计算 10 日威廉指标完成
2026-03-30 20:38:16 | INFO     | src.indicators.technical_indicators:calculate_kdj:350 | 计算KDJ完成：K周期=9, D周期=3, J周期=3
2026-03-30 20:38:16 | INFO     | src.indicators.technical_indicators:calculate_ma:133 | 计算 5 日移动平均线完成
2026-03-30 20:38:17 | INFO     | src.indicators.technical_indicators:calculate_ma:133 | 计算 20 日移动平均线完成
2026-03-30 20:38:17 | INFO     | src.indicators.technical_indicators:calculate_bias:500 | 计算 20 日乖离率完成
2026-03-30 20:38:17 | INFO     | src.indicators.technical_indicators:calculate_ma:133 | 计算 30 日移动平均线完成
2026-03-30 20:38:17 | INFO     | src.indicators.technical_indicators:calculate_bias:500 | 计算 30 日乖离率完成
2026-03-30 20:38:17 | INFO     | src.indicators.technical_indicators:calculate_ma:133 | 计算 60 日移动平均线完成
2026-03-30 20:38:17 | INFO     | src.indicators.technical_indicators:calculate_cci:446 | 计算 20 日CCI完成
2026-03-30 20:38:17 | INFO     | src.indicators.technical_indicators:calculate_bias:500 | 计算 5 日乖离率完成
2026-03-30 20:38:17 | INFO     | src.indicators.technical_indicators:calculate_kdj:350 | 计算KDJ完成：K周期=10, D周期=3, J周期=3
2026-03-30 20:38:17 | INFO     | src.indicators.technical_indicators:calculate_bias:500 | 计算 30 日乖离率完成
2026-03-30 20:38:17 | INFO     | src.indicators.technical_indicators:calculate_ma:133 | 计算 60 日移动平均线完成
2026-03-30 20:38:17 | INFO     | src.indicators.technical_indicators:calculate_bias:500 | 计算 30 日乖离率完成
2026-03-30 20:38:17 | INFO     | src.indicators.technical_indicators:calculate_ma:133 | 计算 5 日移动平均线完成
2026-03-30 20:38:17 | INFO     | src.indicators.technical_indicators:calculate_bias:500 | 计算 5 日乖离率完成
2026-03-30 20:38:17 | INFO     | src.indicators.technical_indicators:calculate_williams_r:476 | 计算 10 日威廉指标完成
2026-03-30 20:38:17 | INFO     | src.indicators.technical_indicators:calculate_ma:133 | 计算 5 日移动平均线完成
2026-03-30 20:38:17 | INFO     | src.indicators.technical_indicators:calculate_bias:500 | 计算 5 日乖离率完成
2026-03-30 20:38:17 | INFO     | src.indicators.technical_indicators:calculate_bias:500 | 计算 20 日乖离率完成
2026-03-30 20:38:17 | INFO     | src.indicators.technical_indicators:calculate_bias:500 | 计算 60 日乖离率完成
2026-03-30 20:38:17 | INFO     | src.indicators.technical_indicators:calculate_ma:133 | 计算 60 日移动平均线完成
2026-03-30 20:38:17 | INFO     | src.indicators.technical_indicators:calculate_bias:500 | 计算 60 日乖离率完成
2026-03-30 20:38:17 | INFO     | src.indicators.technical_indicators:calculate_ma:133 | 计算 120 日移动平均线完成
2026-03-30 20:38:17 | INFO     | src.indicators.technical_indicators:calculate_ma:133 | 计算 10 日移动平均线完成
2026-03-30 20:38:17 | INFO     | src.indicators.technical_indicators:calculate_atr:385 | 计算 10 日ATR完成
2026-03-30 20:38:17 | INFO     | src.indicators.technical_indicators:calculate_ma:133 | 计算 10 日移动平均线完成
2026-03-30 20:38:17 | INFO     | src.indicators.technical_indicators:calculate_ma:133 | 计算 30 日移动平均线完成
2026-03-30 20:38:17 | INFO     | src.indicators.technical_indicators:calculate_ma:133 | 计算 120 日移动平均线完成
2026-03-30 20:38:17 | INFO     | src.indicators.technical_indicators:calculate_bias:500 | 计算 60 日乖离率完成
2026-03-30 20:38:17 | INFO     | src.indicators.technical_indicators:calculate_ma:133 | 计算 10 日移动平均线完成
2026-03-30 20:38:17 | INFO     | src.indicators.technical_indicators:calculate_bias:500 | 计算 120 日乖离率完成
2026-03-30 20:38:17 | INFO     | src.indicators.technical_indicators:calculate_bias:500 | 计算 10 日乖离率完成
2026-03-30 20:38:17 | INFO     | src.indicators.technical_indicators:calculate_bias:500 | 计算 10 日乖离率完成
2026-03-30 20:38:17 | INFO     | src.indicators.technical_indicators:calculate_bias:500 | 计算 30 日乖离率完成
2026-03-30 20:38:17 | INFO     | src.indicators.technical_indicators:calculate_cci:446 | 计算 20 日CCI完成
2026-03-30 20:38:17 | INFO     | src.indicators.technical_indicators:calculate_bias:500 | 计算 120 日乖离率完成
2026-03-30 20:38:17 | INFO     | src.indicators.technical_indicators:calculate_ma:133 | 计算 120 日移动平均线完成
2026-03-30 20:38:17 | INFO     | src.indicators.technical_indicators:calculate_bias:500 | 计算 120 日乖离率完成
2026-03-30 20:38:17 | INFO     | src.indicators.technical_indicators:calculate_ma:133 | 计算 250 日移动平均线完成
2026-03-30 20:38:17 | INFO     | src.indicators.technical_indicators:calculate_ma:133 | 计算 20 日移动平均线完成
2026-03-30 20:38:17 | INFO     | src.indicators.technical_indicators:calculate_ma:133 | 计算 20 日移动平均线完成
2026-03-30 20:38:17 | INFO     | src.indicators.technical_indicators:calculate_ma:133 | 计算 60 日移动平均线完成
2026-03-30 20:38:17 | INFO     | src.indicators.technical_indicators:calculate_williams_r:476 | 计算 10 日威廉指标完成
2026-03-30 20:38:17 | INFO     | src.indicators.technical_indicators:calculate_ma:133 | 计算 250 日移动平均线完成
2026-03-30 20:38:17 | INFO     | src.indicators.technical_indicators:calculate_bias:500 | 计算 10 日乖离率完成
2026-03-30 20:38:17 | INFO     | src.indicators.technical_indicators:calculate_bias:500 | 计算 250 日乖离率完成
2026-03-30 20:38:17 | INFO     | src.indicators.technical_indicators:calculate_psy:523 | 计算 10 日心理线完成
2026-03-30 20:38:17 | INFO     | src.indicators.technical_indicators:calculate_bias:500 | 计算 20 日乖离率完成
2026-03-30 20:38:17 | INFO     | src.indicators.technical_indicators:calculate_bias:500 | 计算 20 日乖离率完成
2026-03-30 20:38:17 | INFO     | src.indicators.technical_indicators:calculate_bias:500 | 计算 60 日乖离率完成
2026-03-30 20:38:17 | INFO     | src.indicators.technical_indicators:calculate_ma:133 | 计算 5 日移动平均线完成
2026-03-30 20:38:17 | INFO     | src.indicators.technical_indicators:calculate_bias:500 | 计算 250 日乖离率完成
2026-03-30 20:38:17 | INFO     | src.indicators.technical_indicators:calculate_ma:133 | 计算 20 日移动平均线完成
2026-03-30 20:38:17 | INFO     | src.indicators.technical_indicators:calculate_ma:133 | 计算 250 日移动平均线完成
2026-03-30 20:38:17 | WARNING  | src.indicators.technical_indicators:calculate_all:635 | 未知的指标类型: rsv_period
2026-03-30 20:38:17 | INFO     | src.indicators.technical_indicators:calculate_ma:133 | 计算 30 日移动平均线完成
2026-03-30 20:38:17 | INFO     | src.indicators.technical_indicators:calculate_ma:133 | 计算 30 日移动平均线完成
2026-03-30 20:38:17 | INFO     | src.indicators.technical_indicators:calculate_bias:500 | 计算 30 日乖离率完成
2026-03-30 20:38:17 | INFO     | src.indicators.technical_indicators:calculate_bias:500 | 计算 5 日乖离率完成
2026-03-30 20:38:17 | INFO     | src.indicators.technical_indicators:calculate_psy:523 | 计算 10 日心理线完成
2026-03-30 20:38:17 | INFO     | src.indicators.technical_indicators:calculate_bias:500 | 计算 20 日乖离率完成
2026-03-30 20:38:17 | INFO     | src.indicators.technical_indicators:calculate_bias:500 | 计算 250 日乖离率完成
2026-03-30 20:38:17 | WARNING  | src.indicators.technical_indicators:calculate_all:635 | 未知的指标类型: volume_period
2026-03-30 20:38:17 | INFO     | src.indicators.technical_indicators:calculate_bias:500 | 计算 30 日乖离率完成
2026-03-30 20:38:17 | INFO     | src.indicators.technical_indicators:calculate_ma:133 | 计算 120 日移动平均线完成
2026-03-30 20:38:17 | INFO     | src.indicators.technical_indicators:calculate_bias:500 | 计算 120 日乖离率完成
2026-03-30 20:38:17 | INFO     | src.indicators.technical_indicators:calculate_ma:133 | 计算 250 日移动平均线完成
2026-03-30 20:38:17 | INFO     | src.indicators.technical_indicators:calculate_bias:500 | 计算 250 日乖离率完成
2026-03-30 20:38:17 | INFO     | src.indicators.technical_indicators:calculate_psy:523 | 计算 10 日心理线完成
2026-03-30 20:38:17 | INFO     | src.indicators.technical_indicators:calculate_psy:523 | 计算 10 日心理线完成
2026-03-30 20:38:17 | INFO     | src.indicators.technical_indicators:calculate_all:640 | 完成计算 45 个技术指标
2026-03-30 20:38:17 | INFO     | src.indicators.technical_indicators:calculate_ma:133 | 计算 60 日移动平均线完成
2026-03-30 20:38:17 | INFO     | src.indicators.technical_indicators:calculate_bias:500 | 计算 60 日乖离率完成
2026-03-30 20:38:17 | INFO     | src.indicators.technical_indicators:calculate_ma:133 | 计算 120 日移动平均线完成
2026-03-30 20:38:17 | WARNING  | src.indicators.technical_indicators:calculate_all:635 | 未知的指标类型: rsv_period
2026-03-30 20:38:17 | WARNING  | src.indicators.technical_indicators:calculate_all:635 | 未知的指标类型: volume_period
2026-03-30 20:38:17 | WARNING  | src.indicators.technical_indicators:calculate_all:635 | 未知的指标类型: rsv_period
2026-03-30 20:38:17 | WARNING  | src.indicators.technical_indicators:calculate_all:635 | 未知的指标类型: rsv_period
2026-03-30 20:38:17 | INFO     | src.core.data_fetcher:save_data:432 | 保存数据到 csv 文件: 301662_with_indicators
2026-03-30 20:38:17 | INFO     | src.indicators.technical_indicators:calculate_ma:133 | 计算 60 日移动平均线完成
2026-03-30 20:38:17 | INFO     | src.indicators.technical_indicators:calculate_ma:133 | 计算 10 日移动平均线完成
2026-03-30 20:38:17 | INFO     | src.indicators.technical_indicators:calculate_bias:500 | 计算 120 日乖离率完成
2026-03-30 20:38:17 | INFO     | src.indicators.technical_indicators:calculate_ma:133 | 计算 30 日移动平均线完成
2026-03-30 20:38:17 | INFO     | src.indicators.technical_indicators:calculate_all:640 | 完成计算 45 个技术指标
2026-03-30 20:38:17 | WARNING  | src.indicators.technical_indicators:calculate_all:635 | 未知的指标类型: volume_period
2026-03-30 20:38:17 | INFO     | src.indicators.technical_indicators:calculate_all:640 | 完成计算 45 个技术指标
2026-03-30 20:38:17 | INFO     | src.indicators.technical_indicators:calculate_bias:500 | 计算 60 日乖离率完成
2026-03-30 20:38:17 | INFO     | src.indicators.technical_indicators:calculate_bias:500 | 计算 10 日乖离率完成
2026-03-30 20:38:17 | INFO     | src.indicators.technical_indicators:calculate_ma:133 | 计算 250 日移动平均线完成
2026-03-30 20:38:17 | INFO     | src.indicators.technical_indicators:calculate_bias:500 | 计算 30 日乖离率完成
2026-03-30 20:38:17 | INFO     | src.core.data_fetcher:save_data:452 | 数据保存成功: ./data\301662_with_indicators.csv
2026-03-30 20:38:17 | INFO     | src.workflow.base:calculate_signals:224 | 对股票 301662 进行信号判断
2026-03-30 20:38:17 | WARNING  | src.indicators.technical_indicators:calculate_all:635 | 未知的指标类型: volume_period
2026-03-30 20:38:17 | INFO     | src.core.data_fetcher:save_data:432 | 保存数据到 csv 文件: 301617_with_indicators
2026-03-30 20:38:17 | INFO     | src.indicators.technical_indicators:calculate_ma:133 | 计算 120 日移动平均线完成
2026-03-30 20:38:17 | INFO     | src.indicators.technical_indicators:calculate_bias:500 | 计算 120 日乖离率完成
2026-03-30 20:38:17 | INFO     | src.indicators.technical_indicators:calculate_bias:500 | 计算 250 日乖离率完成
2026-03-30 20:38:17 | INFO     | src.indicators.technical_indicators:calculate_psy:523 | 计算 10 日心理线完成
2026-03-30 20:38:17 | INFO     | src.indicators.technical_indicators:calculate_ma:133 | 计算 60 日移动平均线完成
2026-03-30 20:38:17 | INFO     | src.core.data_fetcher:save_data:432 | 保存数据到 csv 文件: 301662_signals
2026-03-30 20:38:17 | INFO     | src.indicators.technical_indicators:calculate_all:640 | 完成计算 45 个技术指标
2026-03-30 20:38:17 | INFO     | src.core.data_fetcher:save_data:432 | 保存数据到 csv 文件: 688147_with_indicators
2026-03-30 20:38:17 | INFO     | src.indicators.technical_indicators:calculate_ma:133 | 计算 250 日移动平均线完成
2026-03-30 20:38:17 | INFO     | src.core.data_fetcher:save_data:432 | 保存数据到 csv 文件: 688499_with_indicators
2026-03-30 20:38:17 | WARNING  | src.indicators.technical_indicators:calculate_all:635 | 未知的指标类型: rsv_period
2026-03-30 20:38:17 | WARNING  | src.indicators.technical_indicators:calculate_all:635 | 未知的指标类型: volume_period
2026-03-30 20:38:17 | INFO     | src.core.data_fetcher:save_data:452 | 数据保存成功: ./data\301617_with_indicators.csv
2026-03-30 20:38:17 | INFO     | src.core.data_fetcher:save_data:452 | 数据保存成功: ./data\301662_signals.csv
2026-03-30 20:38:17 | INFO     | src.workflow.technical:_process_single_stock:45 |   股票 301662 信号判断完成: 持有 (得分: 0.120)
2026-03-30 20:38:17 | INFO     | src.indicators.technical_indicators:calculate_bias:500 | 计算 250 日乖离率完成
2026-03-30 20:38:17 | INFO     | src.indicators.technical_indicators:calculate_bias:500 | 计算 60 日乖离率完成
2026-03-30 20:38:17 | INFO     | src.indicators.technical_indicators:calculate_all:640 | 完成计算 45 个技术指标
2026-03-30 20:38:17 | INFO     | src.workflow.base:calculate_signals:224 | 对股票 301617 进行信号判断
2026-03-30 20:38:17 | INFO     | src.indicators.technical_indicators:calculate_ma:133 | 计算 20 日移动平均线完成
2026-03-30 20:38:17 | INFO     | src.workflow.base:calculate_technical_indicators:188 | 计算股票 002846 的技术指标
2026-03-30 20:38:17 | INFO     | src.indicators.technical_indicators:calculate_psy:523 | 计算 10 日心理线完成
2026-03-30 20:38:17 | INFO     | src.indicators.technical_indicators:calculate_ma:133 | 计算 120 日移动平均线完成
2026-03-30 20:38:17 | ERROR    | src.utils.concurrency:process_batch:73 | 处理 ('301662',              日期      开盘      收盘      最高      最低       成交量
0    2025-04-17   72.20   70.51   83.80   70.36  127904.0
1    2025-04-18   67.00   67.33   74.33   66.00   81649.0
2    2025-04-21   68.00   63.18   68.01   62.80   72064.0
3    2025-04-22   62.39   63.17   65.48   61.98   53211.0
4    2025-04-23   64.55   61.21   65.33   61.00   53031.0
..          ...     ...     ...     ...     ...       ...
225  2026-03-24  135.58  134.44  136.80  130.00    8808.0
226  2026-03-25  136.68  135.10  138.83  134.61   10186.0
227  2026-03-26  134.93  129.69  135.00  128.60   17027.0
228  2026-03-27  127.79  138.78  141.90  127.08   20913.0
229  2026-03-30  136.86  139.50  142.81  132.20   15083.0

[230 rows x 6 columns]) 时出错: unhashable type: 'DataFrame'
2026-03-30 20:38:17 | INFO     | src.indicators.technical_indicators:calculate_bias:500 | 计算 20 日乖离率完成
2026-03-30 20:38:17 | INFO     | src.core.data_fetcher:save_data:452 | 数据保存成功: ./data\688147_with_indicators.csv
2026-03-30 20:38:17 | INFO     | src.core.data_fetcher:save_data:432 | 保存数据到 csv 文件: 300450_with_indicators
2026-03-30 20:38:17 | WARNING  | src.indicators.technical_indicators:calculate_all:635 | 未知的指标类型: rsv_period
2026-03-30 20:38:17 | INFO     | src.core.data_fetcher:save_data:432 | 保存数据到 csv 文件: 301617_signals
2026-03-30 20:38:17 | INFO     | src.indicators.technical_indicators:calculate_ma:133 | 计算 5 日移动平均线完成
2026-03-30 20:38:17 | INFO     | src.indicators.technical_indicators:calculate_bias:500 | 计算 120 日乖离率完成
2026-03-30 20:38:17 | INFO     | src.indicators.technical_indicators:calculate_ma:133 | 计算 30 日移动平均线完成
2026-03-30 20:38:17 | INFO     | src.workflow.base:calculate_signals:224 | 对股票 688147 进行信号判断
2026-03-30 20:38:17 | INFO     | src.core.data_fetcher:save_data:452 | 数据保存成功: ./data\688499_with_indicators.csv
2026-03-30 20:38:17 | WARNING  | src.indicators.technical_indicators:calculate_all:635 | 未知的指标类型: volume_period
2026-03-30 20:38:17 | INFO     | src.core.data_fetcher:save_data:452 | 数据保存成功: ./data\301617_signals.csv
2026-03-30 20:38:17 | INFO     | src.indicators.technical_indicators:calculate_ma:133 | 计算 10 日移动平均线完成
2026-03-30 20:38:17 | INFO     | src.indicators.technical_indicators:calculate_ma:133 | 计算 20 日移动平均线完成
2026-03-30 20:38:17 | INFO     | src.indicators.technical_indicators:calculate_bias:500 | 计算 30 日乖离率完成
2026-03-30 20:38:17 | INFO     | src.indicators.technical_indicators:calculate_ma:133 | 计算 60 日移动平均线完成
2026-03-30 20:38:17 | INFO     | src.workflow.base:calculate_signals:224 | 对股票 688499 进行信号判断
2026-03-30 20:38:17 | INFO     | src.core.data_fetcher:save_data:432 | 保存数据到 csv 文件: 688499_signals
2026-03-30 20:38:17 | INFO     | src.workflow.technical:_process_single_stock:45 |   股票 301617 信号判断完成: 持有 (得分: 0.168)
2026-03-30 20:38:17 | INFO     | src.indicators.technical_indicators:calculate_ma:133 | 计算 250 日移动平均线完成
2026-03-30 20:38:17 | INFO     | src.indicators.technical_indicators:calculate_bias:500 | 计算 250 日乖离率完成
2026-03-30 20:38:17 | INFO     | src.indicators.technical_indicators:calculate_psy:523 | 计算 10 日心理线完成
2026-03-30 20:38:17 | INFO     | src.indicators.technical_indicators:calculate_bias:500 | 计算 60 日乖离率完成
2026-03-30 20:38:17 | INFO     | src.indicators.technical_indicators:calculate_all:640 | 完成计算 45 个技术指标
2026-03-30 20:38:17 | INFO     | src.core.data_fetcher:save_data:432 | 保存数据到 csv 文件: 301150_with_indicators
2026-03-30 20:38:17 | INFO     | src.core.data_fetcher:save_data:452 | 数据保存成功: ./data\688499_signals.csv
2026-03-30 20:38:17 | INFO     | src.workflow.technical:_process_single_stock:45 |   股票 688499 信号判断完成: 买入 (得分: 0.356)
2026-03-30 20:38:17 | INFO     | src.core.data_fetcher:save_data:432 | 保存数据到 csv 文件: 688147_signals
2026-03-30 20:38:17 | WARNING  | src.indicators.technical_indicators:calculate_all:635 | 未知的指标类型: rsv_period
2026-03-30 20:38:17 | INFO     | src.indicators.technical_indicators:calculate_ma:133 | 计算 120 日移动平均线完成
2026-03-30 20:38:17 | INFO     | src.workflow.base:calculate_technical_indicators:188 | 计算股票 300092 的技术指标
2026-03-30 20:38:17 | INFO     | src.core.data_fetcher:save_data:452 | 数据保存成功: ./data\300450_with_indicators.csv
2026-03-30 20:38:17 | INFO     | src.indicators.technical_indicators:calculate_ma:133 | 计算 30 日移动平均线完成
2026-03-30 20:38:17 | ERROR    | src.notify.config:load_notify_config:44 | 加载通知配置失败: Expecting property name enclosed in double quotes: line 2 column 3 (char 4)，使用默认配置
2026-03-30 20:38:17 | WARNING  | src.indicators.technical_indicators:calculate_all:635 | 未知的指标类型: volume_period
2026-03-30 20:38:17 | INFO     | src.indicators.technical_indicators:calculate_bias:500 | 计算 120 日乖离率完成
2026-03-30 20:38:17 | INFO     | src.core.data_fetcher:save_data:452 | 数据保存成功: ./data\688147_signals.csv
2026-03-30 20:38:17 | INFO     | src.indicators.technical_indicators:calculate_ma:133 | 计算 5 日移动平均线完成
2026-03-30 20:38:17 | INFO     | src.workflow.base:calculate_signals:224 | 对股票 300450 进行信号判断
2026-03-30 20:38:17 | INFO     | src.indicators.technical_indicators:calculate_ma:133 | 计算 60 日移动平均线完成
2026-03-30 20:38:17 | ERROR    | src.notify:send_template:116 | 模板 [stock_recommendation] 不存在
2026-03-30 20:38:17 | INFO     | src.indicators.technical_indicators:calculate_all:640 | 完成计算 45 个技术指标
2026-03-30 20:38:17 | INFO     | src.indicators.technical_indicators:calculate_ma:133 | 计算 250 日移动平均线完成
2026-03-30 20:38:17 | INFO     | src.workflow.technical:_process_single_stock:45 |   股票 688147 信号判断完成: 持有 (得分: 0.154)
2026-03-30 20:38:17 | INFO     | src.indicators.technical_indicators:calculate_ma:133 | 计算 10 日移动平均线完成
2026-03-30 20:38:17 | INFO     | src.indicators.technical_indicators:calculate_ma:133 | 计算 120 日移动平均线完成
2026-03-30 20:38:17 | INFO     | src.core.data_fetcher:save_data:432 | 保存数据到 csv 文件: 300450_signals
2026-03-30 20:38:17 | INFO     | src.indicators.technical_indicators:calculate_bias:500 | 计算 250 日乖离率完成
2026-03-30 20:38:17 | INFO     | src.indicators.technical_indicators:calculate_ma:133 | 计算 20 日移动平均线完成
2026-03-30 20:38:17 | INFO     | src.indicators.technical_indicators:calculate_ma:133 | 计算 250 日移动平均线完成
2026-03-30 20:38:17 | INFO     | src.core.data_fetcher:save_data:432 | 保存数据到 csv 文件: 688155_with_indicators
2026-03-30 20:38:17 | INFO     | src.indicators.technical_indicators:calculate_psy:523 | 计算 10 日心理线完成
2026-03-30 20:38:17 | INFO     | src.indicators.technical_indicators:calculate_ma:133 | 计算 30 日移动平均线完成
2026-03-30 20:38:17 | INFO     | src.core.data_fetcher:save_data:452 | 数据保存成功: ./data\300450_signals.csv
2026-03-30 20:38:17 | INFO     | src.indicators.technical_indicators:calculate_sma:157 | 计算 5 日简单移动平均线完成
2026-03-30 20:38:17 | INFO     | src.core.data_fetcher:save_data:452 | 数据保存成功: ./data\301150_with_indicators.csv
2026-03-30 20:38:17 | WARNING  | src.indicators.technical_indicators:calculate_all:635 | 未知的指标类型: rsv_period
2026-03-30 20:38:18 | INFO     | src.workflow.technical:_process_single_stock:45 |   股票 300450 信号判断完成: 持有 (得分: 0.120)
2026-03-30 20:38:18 | INFO     | src.indicators.technical_indicators:calculate_ma:133 | 计算 60 日移动平均线完成
2026-03-30 20:38:18 | INFO     | src.workflow.base:calculate_signals:224 | 对股票 301150 进行信号判断
2026-03-30 20:38:18 | INFO     | src.indicators.technical_indicators:calculate_sma:157 | 计算 10 日简单移动平均线完成
2026-03-30 20:38:18 | WARNING  | src.indicators.technical_indicators:calculate_all:635 | 未知的指标类型: volume_period
2026-03-30 20:38:18 | INFO     | src.indicators.technical_indicators:calculate_ma:133 | 计算 120 日移动平均线完成
2026-03-30 20:38:18 | INFO     | src.core.data_fetcher:save_data:432 | 保存数据到 csv 文件: 301150_signals
2026-03-30 20:38:18 | INFO     | src.indicators.technical_indicators:calculate_sma:157 | 计算 20 日简单移动平均线完成
2026-03-30 20:38:18 | INFO     | src.indicators.technical_indicators:calculate_all:640 | 完成计算 45 个技术指标
2026-03-30 20:38:18 | INFO     | src.indicators.technical_indicators:calculate_ma:133 | 计算 250 日移动平均线完成
2026-03-30 20:38:18 | INFO     | src.indicators.technical_indicators:calculate_sma:157 | 计算 30 日简单移动平均线完成
2026-03-30 20:38:18 | INFO     | src.core.data_fetcher:save_data:452 | 数据保存成功: ./data\301150_signals.csv
2026-03-30 20:38:18 | INFO     | src.indicators.technical_indicators:calculate_sma:157 | 计算 5 日简单移动平均线完成
2026-03-30 20:38:18 | INFO     | src.indicators.technical_indicators:calculate_sma:157 | 计算 60 日简单移动平均线完成
2026-03-30 20:38:18 | INFO     | src.workflow.technical:_process_single_stock:45 |   股票 301150 信号判断完成: 持有 (得分: -0.195)
2026-03-30 20:38:18 | INFO     | src.indicators.technical_indicators:calculate_sma:157 | 计算 10 日简单移动平均线完成
2026-03-30 20:38:18 | INFO     | src.indicators.technical_indicators:calculate_sma:157 | 计算 20 日简单移动平均线完成
2026-03-30 20:38:18 | INFO     | src.core.data_fetcher:save_data:432 | 保存数据到 csv 文件: 688778_with_indicators
2026-03-30 20:38:18 | INFO     | src.indicators.technical_indicators:calculate_sma:157 | 计算 120 日简单移动平均线完成
2026-03-30 20:38:18 | INFO     | src.indicators.technical_indicators:calculate_sma:157 | 计算 30 日简单移动平均线完成
2026-03-30 20:38:18 | INFO     | src.indicators.technical_indicators:calculate_sma:157 | 计算 250 日简单移动平均线完成
2026-03-30 20:38:18 | INFO     | src.indicators.technical_indicators:calculate_sma:157 | 计算 60 日简单移动平均线完成
2026-03-30 20:38:18 | INFO     | src.indicators.technical_indicators:calculate_ema:182 | 计算 12 日指数移动平均线完成
2026-03-30 20:38:18 | INFO     | src.indicators.technical_indicators:calculate_sma:157 | 计算 120 日简单移动平均线完成
2026-03-30 20:38:18 | INFO     | src.indicators.technical_indicators:calculate_ema:182 | 计算 26 日指数移动平均线完成
2026-03-30 20:38:18 | INFO     | src.indicators.technical_indicators:calculate_rsi:221 | 计算 6 日RSI完成
2026-03-30 20:38:18 | INFO     | src.indicators.technical_indicators:calculate_sma:157 | 计算 250 日简单移动平均线完成
2026-03-30 20:38:18 | INFO     | src.indicators.technical_indicators:calculate_ema:182 | 计算 12 日指数移动平均线完成
2026-03-30 20:38:18 | INFO     | src.indicators.technical_indicators:calculate_ema:182 | 计算 26 日指数移动平均线完成
2026-03-30 20:38:18 | INFO     | src.core.data_fetcher:save_data:452 | 数据保存成功: ./data\688155_with_indicators.csv
2026-03-30 20:38:18 | INFO     | src.indicators.technical_indicators:calculate_rsi:221 | 计算 12 日RSI完成
2026-03-30 20:38:18 | INFO     | src.workflow.base:calculate_signals:224 | 对股票 688155 进行信号判断
2026-03-30 20:38:18 | INFO     | src.indicators.technical_indicators:calculate_rsi:221 | 计算 6 日RSI完成
2026-03-30 20:38:18 | INFO     | src.indicators.technical_indicators:calculate_rsi:221 | 计算 24 日RSI完成
2026-03-30 20:38:18 | INFO     | src.core.data_fetcher:save_data:432 | 保存数据到 csv 文件: 688155_signals
2026-03-30 20:38:18 | INFO     | src.indicators.technical_indicators:calculate_rsi:221 | 计算 12 日RSI完成
2026-03-30 20:38:18 | INFO     | src.indicators.technical_indicators:calculate_macd:263 | 计算MACD完成：快线=12, 慢线=26, 信号线=9
2026-03-30 20:38:18 | INFO     | src.core.data_fetcher:save_data:452 | 数据保存成功: ./data\688155_signals.csv
2026-03-30 20:38:18 | INFO     | src.indicators.technical_indicators:calculate_rsi:221 | 计算 24 日RSI完成
2026-03-30 20:38:18 | INFO     | src.workflow.technical:_process_single_stock:45 |   股票 688155 信号判断完成: 持有 (得分: 0.122)
2026-03-30 20:38:18 | INFO     | src.indicators.technical_indicators:calculate_macd:263 | 计算MACD完成：快线=12, 慢线=26, 信号线=12
2026-03-30 20:38:18 | INFO     | src.indicators.technical_indicators:calculate_macd:263 | 计算MACD完成：快线=12, 慢线=26, 信号线=9
2026-03-30 20:38:18 | INFO     | src.indicators.technical_indicators:calculate_boll:303 | 计算布林带完成：周期=20, 标准差倍数=2
2026-03-30 20:38:18 | INFO     | src.indicators.technical_indicators:calculate_macd:263 | 计算MACD完成：快线=12, 慢线=26, 信号线=12
2026-03-30 20:38:18 | INFO     | src.core.data_fetcher:save_data:452 | 数据保存成功: ./data\688778_with_indicators.csv
2026-03-30 20:38:18 | INFO     | src.indicators.technical_indicators:calculate_kdj:350 | 计算KDJ完成：K周期=9, D周期=3, J周期=3
2026-03-30 20:38:18 | INFO     | src.workflow.base:calculate_signals:224 | 对股票 688778 进行信号判断
2026-03-30 20:38:18 | INFO     | src.indicators.technical_indicators:calculate_boll:303 | 计算布林带完成：周期=20, 标准差倍数=2
2026-03-30 20:38:18 | INFO     | src.indicators.technical_indicators:calculate_kdj:350 | 计算KDJ完成：K周期=10, D周期=3, J周期=3
2026-03-30 20:38:18 | INFO     | src.core.data_fetcher:save_data:432 | 保存数据到 csv 文件: 688778_signals
2026-03-30 20:38:18 | INFO     | src.indicators.technical_indicators:calculate_kdj:350 | 计算KDJ完成：K周期=9, D周期=3, J周期=3
2026-03-30 20:38:18 | INFO     | src.indicators.technical_indicators:calculate_kdj:350 | 计算KDJ完成：K周期=10, D周期=3, J周期=3
2026-03-30 20:38:18 | INFO     | src.indicators.technical_indicators:calculate_atr:385 | 计算 10 日ATR完成
2026-03-30 20:38:18 | INFO     | src.core.data_fetcher:save_data:452 | 数据保存成功: ./data\688778_signals.csv
2026-03-30 20:38:18 | INFO     | src.workflow.technical:_process_single_stock:45 |   股票 688778 信号判断完成: 持有 (得分: 0.000)
2026-03-30 20:38:18 | INFO     | src.indicators.technical_indicators:calculate_atr:385 | 计算 10 日ATR完成
2026-03-30 20:38:18 | INFO     | src.indicators.technical_indicators:calculate_cci:446 | 计算 20 日CCI完成
2026-03-30 20:38:18 | INFO     | src.indicators.technical_indicators:calculate_williams_r:476 | 计算 10 日威廉指标完成
2026-03-30 20:38:18 | INFO     | src.indicators.technical_indicators:calculate_cci:446 | 计算 20 日CCI完成
2026-03-30 20:38:18 | INFO     | src.indicators.technical_indicators:calculate_ma:133 | 计算 5 日移动平均线完成
2026-03-30 20:38:18 | INFO     | src.indicators.technical_indicators:calculate_bias:500 | 计算 5 日乖离率完成
2026-03-30 20:38:18 | INFO     | src.indicators.technical_indicators:calculate_williams_r:476 | 计算 10 日威廉指标完成
2026-03-30 20:38:18 | INFO     | src.indicators.technical_indicators:calculate_ma:133 | 计算 5 日移动平均线完成
2026-03-30 20:38:18 | INFO     | src.indicators.technical_indicators:calculate_ma:133 | 计算 10 日移动平均线完成
2026-03-30 20:38:18 | INFO     | src.indicators.technical_indicators:calculate_bias:500 | 计算 10 日乖离率完成
2026-03-30 20:38:18 | INFO     | src.indicators.technical_indicators:calculate_ma:133 | 计算 20 日移动平均线完成
2026-03-30 20:38:18 | INFO     | src.indicators.technical_indicators:calculate_bias:500 | 计算 5 日乖离率完成
2026-03-30 20:38:18 | INFO     | src.indicators.technical_indicators:calculate_bias:500 | 计算 20 日乖离率完成
2026-03-30 20:38:18 | INFO     | src.indicators.technical_indicators:calculate_ma:133 | 计算 30 日移动平均线完成
2026-03-30 20:38:18 | INFO     | src.indicators.technical_indicators:calculate_bias:500 | 计算 30 日乖离率完成
2026-03-30 20:38:18 | INFO     | src.indicators.technical_indicators:calculate_ma:133 | 计算 10 日移动平均线完成
2026-03-30 20:38:18 | INFO     | src.indicators.technical_indicators:calculate_bias:500 | 计算 10 日乖离率完成
2026-03-30 20:38:18 | INFO     | src.indicators.technical_indicators:calculate_ma:133 | 计算 20 日移动平均线完成
2026-03-30 20:38:18 | INFO     | src.indicators.technical_indicators:calculate_bias:500 | 计算 20 日乖离率完成
2026-03-30 20:38:18 | INFO     | src.indicators.technical_indicators:calculate_ma:133 | 计算 60 日移动平均线完成
2026-03-30 20:38:18 | INFO     | src.indicators.technical_indicators:calculate_ma:133 | 计算 30 日移动平均线完成
2026-03-30 20:38:18 | INFO     | src.indicators.technical_indicators:calculate_bias:500 | 计算 30 日乖离率完成
2026-03-30 20:38:18 | INFO     | src.indicators.technical_indicators:calculate_bias:500 | 计算 60 日乖离率完成
2026-03-30 20:38:18 | INFO     | src.indicators.technical_indicators:calculate_ma:133 | 计算 60 日移动平均线完成
2026-03-30 20:38:18 | INFO     | src.indicators.technical_indicators:calculate_bias:500 | 计算 60 日乖离率完成
2026-03-30 20:38:18 | INFO     | src.indicators.technical_indicators:calculate_ma:133 | 计算 120 日移动平均线完成
2026-03-30 20:38:18 | INFO     | src.indicators.technical_indicators:calculate_ma:133 | 计算 120 日移动平均线完成
2026-03-30 20:38:18 | INFO     | src.indicators.technical_indicators:calculate_bias:500 | 计算 120 日乖离率完成
2026-03-30 20:38:18 | INFO     | src.indicators.technical_indicators:calculate_bias:500 | 计算 120 日乖离率完成
2026-03-30 20:38:18 | INFO     | src.indicators.technical_indicators:calculate_ma:133 | 计算 250 日移动平均线完成
2026-03-30 20:38:18 | INFO     | src.indicators.technical_indicators:calculate_ma:133 | 计算 250 日移动平均线完成
2026-03-30 20:38:18 | INFO     | src.indicators.technical_indicators:calculate_bias:500 | 计算 250 日乖离率完成
2026-03-30 20:38:18 | INFO     | src.indicators.technical_indicators:calculate_bias:500 | 计算 250 日乖离率完成
2026-03-30 20:38:18 | INFO     | src.indicators.technical_indicators:calculate_psy:523 | 计算 10 日心理线完成
2026-03-30 20:38:18 | WARNING  | src.indicators.technical_indicators:calculate_all:635 | 未知的指标类型: rsv_period
2026-03-30 20:38:18 | INFO     | src.indicators.technical_indicators:calculate_psy:523 | 计算 10 日心理线完成
2026-03-30 20:38:18 | WARNING  | src.indicators.technical_indicators:calculate_all:635 | 未知的指标类型: volume_period
2026-03-30 20:38:18 | WARNING  | src.indicators.technical_indicators:calculate_all:635 | 未知的指标类型: rsv_period
2026-03-30 20:38:18 | WARNING  | src.indicators.technical_indicators:calculate_all:635 | 未知的指标类型: volume_period
2026-03-30 20:38:18 | INFO     | src.indicators.technical_indicators:calculate_all:640 | 完成计算 45 个技术指标
2026-03-30 20:38:18 | INFO     | src.core.data_fetcher:save_data:432 | 保存数据到 csv 文件: 300092_with_indicators
2026-03-30 20:38:18 | INFO     | src.indicators.technical_indicators:calculate_all:640 | 完成计算 45 个技术指标
2026-03-30 20:38:18 | INFO     | src.core.data_fetcher:save_data:432 | 保存数据到 csv 文件: 002846_with_indicators
2026-03-30 20:38:18 | INFO     | src.core.data_fetcher:save_data:452 | 数据保存成功: ./data\002846_with_indicators.csv
2026-03-30 20:38:18 | INFO     | src.core.data_fetcher:save_data:452 | 数据保存成功: ./data\300092_with_indicators.csv
2026-03-30 20:38:18 | INFO     | src.workflow.base:calculate_signals:224 | 对股票 002846 进行信号判断
2026-03-30 20:38:18 | INFO     | src.workflow.base:calculate_signals:224 | 对股票 300092 进行信号判断
2026-03-30 20:38:18 | INFO     | src.core.data_fetcher:save_data:432 | 保存数据到 csv 文件: 002846_signals
2026-03-30 20:38:18 | INFO     | src.core.data_fetcher:save_data:432 | 保存数据到 csv 文件: 300092_signals
2026-03-30 20:38:18 | INFO     | src.core.data_fetcher:save_data:452 | 数据保存成功: ./data\002846_signals.csv
2026-03-30 20:38:18 | INFO     | src.workflow.technical:_process_single_stock:45 |   股票 002846 信号判断完成: 持有 (得分: 0.120)
2026-03-30 20:38:18 | INFO     | src.core.data_fetcher:save_data:452 | 数据保存成功: ./data\300092_signals.csv
2026-03-30 20:38:18 | INFO     | src.workflow.technical:_process_single_stock:45 |   股票 300092 信号判断完成: 持有 (得分: 0.000)
2026-03-30 20:38:18 | ERROR    | src.workflow.technical:process_fund:196 | 处理基金 005538 时失败: unhashable type: 'DataFrame'
2026-03-30 20:38:18 | INFO     | src.workflow.technical:run_batch:226 | 基金 005538 处理完成
2026-03-30 20:38:18 | INFO     | src.workflow.technical:run_batch:227 | ============================================================

2026-03-30 20:38:18 | INFO     | src.workflow.technical:run_batch:219 | 
============================================================
2026-03-30 20:38:18 | INFO     | src.workflow.technical:run_batch:220 | 开始处理基金: 015790
2026-03-30 20:38:18 | INFO     | src.workflow.technical:process_fund:99 | 开始处理基金 015790 的持仓股票技术指标计算
2026-03-30 20:38:18 | INFO     | src.workflow.base:get_fund_holdings:85 | 获取基金 015790 的持仓数据
2026-03-30 20:38:18 | INFO     | src.core.data_fetcher:inner:294 | 获取基金 015790 持仓
2026-03-30 20:38:18 | INFO     | src.core.akshare_provider:get_fund_portfolio:370 | akshare 获取基金 015790 持仓
2026-03-30 20:38:19 | INFO     | src.core.akshare_provider:get_fund_portfolio:379 | 使用 fund_portfolio_hold_em 成功获取基金 015790 持仓
2026-03-30 20:38:19 | INFO     | src.workflow.base:filter_latest_quarter:101 | 过滤最新季度数据
2026-03-30 20:38:19 | INFO     | src.analysis.quarter_filter:filter_latest_quarter_data:63 | 识别到最新季度: 2025年Q4
2026-03-30 20:38:19 | INFO     | src.analysis.quarter_filter:filter_latest_quarter_data:77 | 过滤结果: 从 98 条记录中筛选出 10 条最新季度数据
2026-03-30 20:38:19 | INFO     | src.workflow.technical:process_fund:116 | 最新季度持仓股票数量: 10
2026-03-30 20:38:19 | INFO     | src.workflow.technical:process_fund:117 | 股票代码列表: ['600118', '301005', '605598', '601698', '600879', '300342', '300136', '002149', '300762', '002565']
2026-03-30 20:38:19 | INFO     | src.workflow.base:get_stock_data:115 | 批量处理 10 只股票的数据
2026-03-30 20:38:19 | INFO     | src.data.reader:list_files:221 | 在 data\stock_data 中找到 20 个文件
2026-03-30 20:38:19 | INFO     | src.data.reader:list_files:221 | 在 data\stock_data 中找到 20 个文件
2026-03-30 20:38:19 | INFO     | src.data.reader:list_stock_files:241 | 找到 20 个股票数据文件
2026-03-30 20:38:19 | INFO     | src.data.reader:list_files:221 | 在 data\stock_data 中找到 20 个文件
2026-03-30 20:38:19 | INFO     | src.data.reader:list_stock_files:241 | 找到 20 个股票数据文件
2026-03-30 20:38:19 | INFO     | src.data.reader:read_csv:53 | 读取CSV文件: data\stock_data\301005_kline.csv
2026-03-30 20:38:19 | INFO     | src.data.reader:list_files:221 | 在 data\stock_data 中找到 20 个文件
2026-03-30 20:38:19 | INFO     | src.data.reader:list_stock_files:241 | 找到 20 个股票数据文件
2026-03-30 20:38:19 | INFO     | src.data.reader:list_files:221 | 在 data\stock_data 中找到 20 个文件
2026-03-30 20:38:19 | INFO     | src.data.reader:read_csv:53 | 读取CSV文件: data\stock_data\605598_kline.csv
2026-03-30 20:38:19 | INFO     | src.data.reader:list_files:221 | 在 data\stock_data 中找到 20 个文件
2026-03-30 20:38:19 | INFO     | src.data.reader:list_files:221 | 在 data\stock_data 中找到 20 个文件
2026-03-30 20:38:19 | INFO     | src.data.reader:list_stock_files:241 | 找到 20 个股票数据文件
2026-03-30 20:38:19 | INFO     | src.data.reader:read_csv:53 | 读取CSV文件: data\stock_data\600118_kline.csv
2026-03-30 20:38:19 | INFO     | src.data.reader:list_stock_files:241 | 找到 20 个股票数据文件
2026-03-30 20:38:19 | INFO     | src.data.reader:list_files:221 | 在 data\stock_data 中找到 20 个文件
2026-03-30 20:38:19 | INFO     | src.data.reader:list_stock_files:241 | 找到 20 个股票数据文件
2026-03-30 20:38:19 | INFO     | src.data.reader:list_stock_files:241 | 找到 20 个股票数据文件
2026-03-30 20:38:19 | INFO     | src.data.reader:read_csv:53 | 读取CSV文件: data\stock_data\601698_kline.csv
2026-03-30 20:38:19 | INFO     | src.data.reader:read_csv:57 | 成功读取 1093 行数据
2026-03-30 20:38:19 | INFO     | src.data.reader:read_csv:53 | 读取CSV文件: data\stock_data\300342_kline.csv
2026-03-30 20:38:19 | INFO     | src.data.reader:list_stock_files:241 | 找到 20 个股票数据文件
2026-03-30 20:38:19 | INFO     | src.data.reader:read_csv:53 | 读取CSV文件: data\stock_data\600879_kline.csv
2026-03-30 20:38:19 | INFO     | src.data.reader:read_csv:53 | 读取CSV文件: data\stock_data\300136_kline.csv
2026-03-30 20:38:19 | INFO     | src.data.reader:read_csv:57 | 成功读取 1170 行数据
2026-03-30 20:38:19 | INFO     | src.data.reader:read_csv:53 | 读取CSV文件: data\stock_data\002149_kline.csv
2026-03-30 20:38:19 | INFO     | src.data.reader:read_csv:57 | 成功读取 1267 行数据
2026-03-30 20:38:19 | INFO     | src.data.reader:read_csv:57 | 成功读取 1267 行数据
2026-03-30 20:38:19 | INFO     | src.data.reader:list_files:221 | 在 data\stock_data 中找到 20 个文件
2026-03-30 20:38:19 | INFO     | src.data.reader:list_stock_files:241 | 找到 20 个股票数据文件
2026-03-30 20:38:19 | INFO     | src.data.reader:read_csv:57 | 成功读取 1267 行数据
2026-03-30 20:38:19 | INFO     | src.data.reader:read_csv:57 | 成功读取 1267 行数据
2026-03-30 20:38:19 | INFO     | src.data.reader:read_csv:53 | 读取CSV文件: data\stock_data\300762_kline.csv
2026-03-30 20:38:19 | INFO     | src.data.reader:read_csv:57 | 成功读取 1267 行数据
2026-03-30 20:38:19 | INFO     | src.data.reader:read_csv:57 | 成功读取 1267 行数据
2026-03-30 20:38:19 | INFO     | src.data.reader:list_files:221 | 在 data\stock_data 中找到 20 个文件
2026-03-30 20:38:19 | INFO     | src.data.reader:list_stock_files:241 | 找到 20 个股票数据文件
2026-03-30 20:38:19 | INFO     | src.data.reader:read_csv:53 | 读取CSV文件: data\stock_data\002565_kline.csv
2026-03-30 20:38:19 | INFO     | src.data.reader:read_csv:57 | 成功读取 1267 行数据
2026-03-30 20:38:19 | INFO     | src.data.reader:read_csv:57 | 成功读取 1267 行数据
2026-03-30 20:38:19 | INFO     | src.utils.concurrency:process_batch:70 | 获取股票数据: 10/10
2026-03-30 20:38:19 | INFO     | src.workflow.base:get_stock_data:171 | 成功获取 10 只股票的数据
2026-03-30 20:38:19 | INFO     | src.workflow.technical:process_fund:133 | 开始计算技术指标和信号判断
2026-03-30 20:38:19 | INFO     | src.workflow.base:calculate_technical_indicators:188 | 计算股票 605598 的技术指标
2026-03-30 20:38:19 | INFO     | src.indicators.technical_indicators:calculate_ma:133 | 计算 5 日移动平均线完成
2026-03-30 20:38:19 | INFO     | src.workflow.base:calculate_technical_indicators:188 | 计算股票 301005 的技术指标
2026-03-30 20:38:19 | INFO     | src.indicators.technical_indicators:calculate_ma:133 | 计算 5 日移动平均线完成
2026-03-30 20:38:19 | INFO     | src.indicators.technical_indicators:calculate_ma:133 | 计算 10 日移动平均线完成
2026-03-30 20:38:19 | INFO     | src.workflow.base:calculate_technical_indicators:188 | 计算股票 600118 的技术指标
2026-03-30 20:38:19 | INFO     | src.indicators.technical_indicators:calculate_ma:133 | 计算 10 日移动平均线完成
2026-03-30 20:38:19 | INFO     | src.workflow.base:calculate_technical_indicators:188 | 计算股票 600879 的技术指标
2026-03-30 20:38:19 | INFO     | src.indicators.technical_indicators:calculate_ma:133 | 计算 20 日移动平均线完成
2026-03-30 20:38:19 | INFO     | src.indicators.technical_indicators:calculate_ma:133 | 计算 30 日移动平均线完成
2026-03-30 20:38:19 | INFO     | src.indicators.technical_indicators:calculate_ma:133 | 计算 5 日移动平均线完成
2026-03-30 20:38:19 | INFO     | src.indicators.technical_indicators:calculate_ma:133 | 计算 20 日移动平均线完成
2026-03-30 20:38:19 | INFO     | src.workflow.base:calculate_technical_indicators:188 | 计算股票 300342 的技术指标
2026-03-30 20:38:19 | INFO     | src.indicators.technical_indicators:calculate_ma:133 | 计算 5 日移动平均线完成
2026-03-30 20:38:19 | INFO     | src.workflow.base:calculate_technical_indicators:188 | 计算股票 601698 的技术指标
2026-03-30 20:38:19 | INFO     | src.workflow.base:calculate_technical_indicators:188 | 计算股票 300136 的技术指标
2026-03-30 20:38:19 | INFO     | src.indicators.technical_indicators:calculate_ma:133 | 计算 5 日移动平均线完成
2026-03-30 20:38:19 | INFO     | src.indicators.technical_indicators:calculate_ma:133 | 计算 10 日移动平均线完成
2026-03-30 20:38:19 | INFO     | src.workflow.base:calculate_technical_indicators:188 | 计算股票 002149 的技术指标
2026-03-30 20:38:19 | INFO     | src.indicators.technical_indicators:calculate_ma:133 | 计算 30 日移动平均线完成
2026-03-30 20:38:19 | INFO     | src.indicators.technical_indicators:calculate_ma:133 | 计算 5 日移动平均线完成
2026-03-30 20:38:19 | INFO     | src.indicators.technical_indicators:calculate_ma:133 | 计算 10 日移动平均线完成
2026-03-30 20:38:19 | INFO     | src.indicators.technical_indicators:calculate_ma:133 | 计算 5 日移动平均线完成
2026-03-30 20:38:19 | INFO     | src.indicators.technical_indicators:calculate_ma:133 | 计算 60 日移动平均线完成
2026-03-30 20:38:19 | INFO     | src.indicators.technical_indicators:calculate_ma:133 | 计算 10 日移动平均线完成
2026-03-30 20:38:19 | INFO     | src.indicators.technical_indicators:calculate_ma:133 | 计算 5 日移动平均线完成
2026-03-30 20:38:19 | INFO     | src.indicators.technical_indicators:calculate_ma:133 | 计算 20 日移动平均线完成
2026-03-30 20:38:19 | INFO     | src.indicators.technical_indicators:calculate_ma:133 | 计算 60 日移动平均线完成
2026-03-30 20:38:19 | INFO     | src.indicators.technical_indicators:calculate_ma:133 | 计算 10 日移动平均线完成
2026-03-30 20:38:19 | INFO     | src.indicators.technical_indicators:calculate_ma:133 | 计算 20 日移动平均线完成
2026-03-30 20:38:19 | INFO     | src.indicators.technical_indicators:calculate_ma:133 | 计算 10 日移动平均线完成
2026-03-30 20:38:19 | INFO     | src.indicators.technical_indicators:calculate_ma:133 | 计算 120 日移动平均线完成
2026-03-30 20:38:19 | INFO     | src.indicators.technical_indicators:calculate_ma:133 | 计算 20 日移动平均线完成
2026-03-30 20:38:19 | INFO     | src.indicators.technical_indicators:calculate_ma:133 | 计算 10 日移动平均线完成
2026-03-30 20:38:19 | INFO     | src.indicators.technical_indicators:calculate_ma:133 | 计算 30 日移动平均线完成
2026-03-30 20:38:19 | INFO     | src.indicators.technical_indicators:calculate_ma:133 | 计算 120 日移动平均线完成
2026-03-30 20:38:19 | INFO     | src.indicators.technical_indicators:calculate_ma:133 | 计算 20 日移动平均线完成
2026-03-30 20:38:19 | INFO     | src.indicators.technical_indicators:calculate_ma:133 | 计算 30 日移动平均线完成
2026-03-30 20:38:19 | INFO     | src.indicators.technical_indicators:calculate_ma:133 | 计算 20 日移动平均线完成
2026-03-30 20:38:19 | INFO     | src.indicators.technical_indicators:calculate_ma:133 | 计算 250 日移动平均线完成
2026-03-30 20:38:19 | INFO     | src.indicators.technical_indicators:calculate_ma:133 | 计算 30 日移动平均线完成
2026-03-30 20:38:19 | INFO     | src.indicators.technical_indicators:calculate_ma:133 | 计算 60 日移动平均线完成
2026-03-30 20:38:19 | INFO     | src.indicators.technical_indicators:calculate_ma:133 | 计算 60 日移动平均线完成
2026-03-30 20:38:19 | INFO     | src.indicators.technical_indicators:calculate_ma:133 | 计算 250 日移动平均线完成
2026-03-30 20:38:19 | INFO     | src.indicators.technical_indicators:calculate_ma:133 | 计算 30 日移动平均线完成
2026-03-30 20:38:19 | INFO     | src.indicators.technical_indicators:calculate_ma:133 | 计算 60 日移动平均线完成
2026-03-30 20:38:19 | INFO     | src.indicators.technical_indicators:calculate_ma:133 | 计算 30 日移动平均线完成
2026-03-30 20:38:19 | INFO     | src.indicators.technical_indicators:calculate_sma:157 | 计算 5 日简单移动平均线完成
2026-03-30 20:38:19 | INFO     | src.indicators.technical_indicators:calculate_ma:133 | 计算 20 日移动平均线完成
2026-03-30 20:38:19 | INFO     | src.indicators.technical_indicators:calculate_ma:133 | 计算 120 日移动平均线完成
2026-03-30 20:38:19 | INFO     | src.indicators.technical_indicators:calculate_ma:133 | 计算 120 日移动平均线完成
2026-03-30 20:38:19 | INFO     | src.indicators.technical_indicators:calculate_sma:157 | 计算 5 日简单移动平均线完成
2026-03-30 20:38:19 | INFO     | src.indicators.technical_indicators:calculate_ma:133 | 计算 60 日移动平均线完成
2026-03-30 20:38:19 | INFO     | src.indicators.technical_indicators:calculate_ma:133 | 计算 120 日移动平均线完成
2026-03-30 20:38:19 | INFO     | src.indicators.technical_indicators:calculate_ma:133 | 计算 60 日移动平均线完成
2026-03-30 20:38:19 | INFO     | src.indicators.technical_indicators:calculate_sma:157 | 计算 10 日简单移动平均线完成
2026-03-30 20:38:19 | INFO     | src.indicators.technical_indicators:calculate_ma:133 | 计算 30 日移动平均线完成
2026-03-30 20:38:19 | INFO     | src.indicators.technical_indicators:calculate_ma:133 | 计算 250 日移动平均线完成
2026-03-30 20:38:19 | INFO     | src.indicators.technical_indicators:calculate_ma:133 | 计算 250 日移动平均线完成
2026-03-30 20:38:19 | INFO     | src.indicators.technical_indicators:calculate_sma:157 | 计算 10 日简单移动平均线完成
2026-03-30 20:38:19 | INFO     | src.indicators.technical_indicators:calculate_ma:133 | 计算 120 日移动平均线完成
2026-03-30 20:38:19 | INFO     | src.indicators.technical_indicators:calculate_ma:133 | 计算 250 日移动平均线完成
2026-03-30 20:38:19 | INFO     | src.indicators.technical_indicators:calculate_ma:133 | 计算 120 日移动平均线完成
2026-03-30 20:38:19 | INFO     | src.indicators.technical_indicators:calculate_sma:157 | 计算 20 日简单移动平均线完成
2026-03-30 20:38:19 | INFO     | src.indicators.technical_indicators:calculate_ma:133 | 计算 60 日移动平均线完成
2026-03-30 20:38:19 | INFO     | src.indicators.technical_indicators:calculate_sma:157 | 计算 5 日简单移动平均线完成
2026-03-30 20:38:19 | INFO     | src.indicators.technical_indicators:calculate_sma:157 | 计算 5 日简单移动平均线完成
2026-03-30 20:38:19 | INFO     | src.indicators.technical_indicators:calculate_sma:157 | 计算 20 日简单移动平均线完成
2026-03-30 20:38:19 | INFO     | src.indicators.technical_indicators:calculate_ma:133 | 计算 250 日移动平均线完成
2026-03-30 20:38:19 | INFO     | src.indicators.technical_indicators:calculate_sma:157 | 计算 5 日简单移动平均线完成
2026-03-30 20:38:19 | INFO     | src.indicators.technical_indicators:calculate_ma:133 | 计算 250 日移动平均线完成
2026-03-30 20:38:19 | INFO     | src.indicators.technical_indicators:calculate_sma:157 | 计算 30 日简单移动平均线完成
2026-03-30 20:38:19 | INFO     | src.indicators.technical_indicators:calculate_sma:157 | 计算 10 日简单移动平均线完成
2026-03-30 20:38:19 | INFO     | src.indicators.technical_indicators:calculate_sma:157 | 计算 10 日简单移动平均线完成
2026-03-30 20:38:19 | INFO     | src.indicators.technical_indicators:calculate_ma:133 | 计算 120 日移动平均线完成
2026-03-30 20:38:19 | INFO     | src.indicators.technical_indicators:calculate_sma:157 | 计算 30 日简单移动平均线完成
2026-03-30 20:38:19 | INFO     | src.indicators.technical_indicators:calculate_sma:157 | 计算 5 日简单移动平均线完成
2026-03-30 20:38:19 | INFO     | src.indicators.technical_indicators:calculate_sma:157 | 计算 10 日简单移动平均线完成
2026-03-30 20:38:19 | INFO     | src.indicators.technical_indicators:calculate_sma:157 | 计算 60 日简单移动平均线完成
2026-03-30 20:38:19 | INFO     | src.indicators.technical_indicators:calculate_sma:157 | 计算 5 日简单移动平均线完成
2026-03-30 20:38:19 | INFO     | src.indicators.technical_indicators:calculate_sma:157 | 计算 10 日简单移动平均线完成
2026-03-30 20:38:19 | INFO     | src.indicators.technical_indicators:calculate_sma:157 | 计算 20 日简单移动平均线完成
2026-03-30 20:38:19 | INFO     | src.indicators.technical_indicators:calculate_ma:133 | 计算 250 日移动平均线完成
2026-03-30 20:38:19 | INFO     | src.indicators.technical_indicators:calculate_sma:157 | 计算 60 日简单移动平均线完成
2026-03-30 20:38:19 | INFO     | src.indicators.technical_indicators:calculate_sma:157 | 计算 10 日简单移动平均线完成
2026-03-30 20:38:19 | INFO     | src.indicators.technical_indicators:calculate_sma:157 | 计算 20 日简单移动平均线完成
2026-03-30 20:38:19 | INFO     | src.indicators.technical_indicators:calculate_sma:157 | 计算 120 日简单移动平均线完成
2026-03-30 20:38:19 | INFO     | src.indicators.technical_indicators:calculate_sma:157 | 计算 20 日简单移动平均线完成
2026-03-30 20:38:19 | INFO     | src.indicators.technical_indicators:calculate_sma:157 | 计算 30 日简单移动平均线完成
2026-03-30 20:38:19 | INFO     | src.indicators.technical_indicators:calculate_sma:157 | 计算 60 日简单移动平均线完成
2026-03-30 20:38:19 | INFO     | src.indicators.technical_indicators:calculate_sma:157 | 计算 120 日简单移动平均线完成
2026-03-30 20:38:19 | INFO     | src.indicators.technical_indicators:calculate_sma:157 | 计算 120 日简单移动平均线完成
2026-03-30 20:38:19 | INFO     | src.indicators.technical_indicators:calculate_sma:157 | 计算 20 日简单移动平均线完成
2026-03-30 20:38:19 | INFO     | src.indicators.technical_indicators:calculate_sma:157 | 计算 30 日简单移动平均线完成
2026-03-30 20:38:19 | INFO     | src.indicators.technical_indicators:calculate_sma:157 | 计算 250 日简单移动平均线完成
2026-03-30 20:38:19 | INFO     | src.indicators.technical_indicators:calculate_sma:157 | 计算 20 日简单移动平均线完成
2026-03-30 20:38:19 | INFO     | src.indicators.technical_indicators:calculate_sma:157 | 计算 30 日简单移动平均线完成
2026-03-30 20:38:19 | INFO     | src.indicators.technical_indicators:calculate_sma:157 | 计算 60 日简单移动平均线完成
2026-03-30 20:38:19 | INFO     | src.indicators.technical_indicators:calculate_sma:157 | 计算 120 日简单移动平均线完成
2026-03-30 20:38:19 | INFO     | src.indicators.technical_indicators:calculate_sma:157 | 计算 250 日简单移动平均线完成
2026-03-30 20:38:19 | INFO     | src.indicators.technical_indicators:calculate_sma:157 | 计算 30 日简单移动平均线完成
2026-03-30 20:38:19 | INFO     | src.indicators.technical_indicators:calculate_sma:157 | 计算 60 日简单移动平均线完成
2026-03-30 20:38:19 | INFO     | src.indicators.technical_indicators:calculate_sma:157 | 计算 120 日简单移动平均线完成
2026-03-30 20:38:19 | INFO     | src.indicators.technical_indicators:calculate_sma:157 | 计算 30 日简单移动平均线完成
2026-03-30 20:38:19 | INFO     | src.indicators.technical_indicators:calculate_sma:157 | 计算 5 日简单移动平均线完成
2026-03-30 20:38:19 | INFO     | src.indicators.technical_indicators:calculate_sma:157 | 计算 250 日简单移动平均线完成
2026-03-30 20:38:19 | INFO     | src.indicators.technical_indicators:calculate_sma:157 | 计算 250 日简单移动平均线完成
2026-03-30 20:38:19 | INFO     | src.indicators.technical_indicators:calculate_ema:182 | 计算 12 日指数移动平均线完成
2026-03-30 20:38:19 | INFO     | src.indicators.technical_indicators:calculate_sma:157 | 计算 60 日简单移动平均线完成
2026-03-30 20:38:19 | INFO     | src.indicators.technical_indicators:calculate_ema:182 | 计算 12 日指数移动平均线完成
2026-03-30 20:38:19 | INFO     | src.indicators.technical_indicators:calculate_sma:157 | 计算 250 日简单移动平均线完成
2026-03-30 20:38:19 | INFO     | src.indicators.technical_indicators:calculate_ema:182 | 计算 12 日指数移动平均线完成
2026-03-30 20:38:19 | INFO     | src.indicators.technical_indicators:calculate_ema:182 | 计算 26 日指数移动平均线完成
2026-03-30 20:38:19 | INFO     | src.indicators.technical_indicators:calculate_ema:182 | 计算 12 日指数移动平均线完成
2026-03-30 20:38:19 | INFO     | src.indicators.technical_indicators:calculate_ema:182 | 计算 12 日指数移动平均线完成
2026-03-30 20:38:19 | INFO     | src.indicators.technical_indicators:calculate_ema:182 | 计算 26 日指数移动平均线完成
2026-03-30 20:38:19 | INFO     | src.indicators.technical_indicators:calculate_sma:157 | 计算 120 日简单移动平均线完成
2026-03-30 20:38:19 | INFO     | src.indicators.technical_indicators:calculate_sma:157 | 计算 250 日简单移动平均线完成
2026-03-30 20:38:19 | INFO     | src.indicators.technical_indicators:calculate_sma:157 | 计算 60 日简单移动平均线完成
2026-03-30 20:38:19 | INFO     | src.indicators.technical_indicators:calculate_sma:157 | 计算 10 日简单移动平均线完成
2026-03-30 20:38:19 | INFO     | src.indicators.technical_indicators:calculate_sma:157 | 计算 20 日简单移动平均线完成
2026-03-30 20:38:19 | INFO     | src.indicators.technical_indicators:calculate_sma:157 | 计算 30 日简单移动平均线完成
2026-03-30 20:38:19 | INFO     | src.indicators.technical_indicators:calculate_sma:157 | 计算 60 日简单移动平均线完成
2026-03-30 20:38:19 | INFO     | src.indicators.technical_indicators:calculate_rsi:221 | 计算 6 日RSI完成
2026-03-30 20:38:19 | INFO     | src.indicators.technical_indicators:calculate_ema:182 | 计算 26 日指数移动平均线完成
2026-03-30 20:38:19 | INFO     | src.indicators.technical_indicators:calculate_ema:182 | 计算 12 日指数移动平均线完成
2026-03-30 20:38:19 | INFO     | src.indicators.technical_indicators:calculate_sma:157 | 计算 120 日简单移动平均线完成
2026-03-30 20:38:19 | INFO     | src.indicators.technical_indicators:calculate_rsi:221 | 计算 6 日RSI完成
2026-03-30 20:38:19 | INFO     | src.indicators.technical_indicators:calculate_ema:182 | 计算 26 日指数移动平均线完成
2026-03-30 20:38:19 | INFO     | src.indicators.technical_indicators:calculate_ema:182 | 计算 26 日指数移动平均线完成
2026-03-30 20:38:19 | INFO     | src.indicators.technical_indicators:calculate_sma:157 | 计算 120 日简单移动平均线完成
2026-03-30 20:38:19 | INFO     | src.indicators.technical_indicators:calculate_rsi:221 | 计算 12 日RSI完成
2026-03-30 20:38:19 | INFO     | src.indicators.technical_indicators:calculate_rsi:221 | 计算 6 日RSI完成
2026-03-30 20:38:19 | INFO     | src.indicators.technical_indicators:calculate_sma:157 | 计算 250 日简单移动平均线完成
2026-03-30 20:38:19 | INFO     | src.indicators.technical_indicators:calculate_ema:182 | 计算 12 日指数移动平均线完成
2026-03-30 20:38:19 | INFO     | src.indicators.technical_indicators:calculate_ema:182 | 计算 26 日指数移动平均线完成
2026-03-30 20:38:19 | INFO     | src.indicators.technical_indicators:calculate_rsi:221 | 计算 6 日RSI完成
2026-03-30 20:38:19 | INFO     | src.indicators.technical_indicators:calculate_rsi:221 | 计算 6 日RSI完成
2026-03-30 20:38:19 | INFO     | src.indicators.technical_indicators:calculate_rsi:221 | 计算 12 日RSI完成
2026-03-30 20:38:19 | INFO     | src.indicators.technical_indicators:calculate_rsi:221 | 计算 24 日RSI完成
2026-03-30 20:38:19 | INFO     | src.indicators.technical_indicators:calculate_macd:263 | 计算MACD完成：快线=12, 慢线=26, 信号线=9
2026-03-30 20:38:19 | INFO     | src.indicators.technical_indicators:calculate_ema:182 | 计算 26 日指数移动平均线完成
2026-03-30 20:38:19 | INFO     | src.indicators.technical_indicators:calculate_rsi:221 | 计算 6 日RSI完成
2026-03-30 20:38:19 | INFO     | src.indicators.technical_indicators:calculate_rsi:221 | 计算 6 日RSI完成
2026-03-30 20:38:19 | INFO     | src.indicators.technical_indicators:calculate_rsi:221 | 计算 12 日RSI完成
2026-03-30 20:38:19 | INFO     | src.indicators.technical_indicators:calculate_sma:157 | 计算 250 日简单移动平均线完成
2026-03-30 20:38:19 | INFO     | src.indicators.technical_indicators:calculate_ema:182 | 计算 12 日指数移动平均线完成
2026-03-30 20:38:19 | INFO     | src.indicators.technical_indicators:calculate_rsi:221 | 计算 12 日RSI完成
2026-03-30 20:38:19 | INFO     | src.indicators.technical_indicators:calculate_macd:263 | 计算MACD完成：快线=12, 慢线=26, 信号线=12
2026-03-30 20:38:20 | INFO     | src.indicators.technical_indicators:calculate_boll:303 | 计算布林带完成：周期=20, 标准差倍数=2
2026-03-30 20:38:19 | INFO     | src.indicators.technical_indicators:calculate_rsi:221 | 计算 12 日RSI完成
2026-03-30 20:38:19 | INFO     | src.indicators.technical_indicators:calculate_rsi:221 | 计算 12 日RSI完成
2026-03-30 20:38:20 | INFO     | src.indicators.technical_indicators:calculate_rsi:221 | 计算 24 日RSI完成
2026-03-30 20:38:19 | INFO     | src.indicators.technical_indicators:calculate_rsi:221 | 计算 24 日RSI完成
2026-03-30 20:38:19 | INFO     | src.indicators.technical_indicators:calculate_ema:182 | 计算 26 日指数移动平均线完成
2026-03-30 20:38:20 | INFO     | src.indicators.technical_indicators:calculate_rsi:221 | 计算 6 日RSI完成
2026-03-30 20:38:20 | INFO     | src.indicators.technical_indicators:calculate_rsi:221 | 计算 12 日RSI完成
2026-03-30 20:38:20 | INFO     | src.indicators.technical_indicators:calculate_kdj:350 | 计算KDJ完成：K周期=9, D周期=3, J周期=3
2026-03-30 20:38:20 | INFO     | src.indicators.technical_indicators:calculate_rsi:221 | 计算 24 日RSI完成
2026-03-30 20:38:19 | INFO     | src.indicators.technical_indicators:calculate_rsi:221 | 计算 24 日RSI完成
2026-03-30 20:38:20 | INFO     | src.indicators.technical_indicators:calculate_macd:263 | 计算MACD完成：快线=12, 慢线=26, 信号线=9
2026-03-30 20:38:20 | INFO     | src.indicators.technical_indicators:calculate_macd:263 | 计算MACD完成：快线=12, 慢线=26, 信号线=12
2026-03-30 20:38:19 | INFO     | src.indicators.technical_indicators:calculate_rsi:221 | 计算 24 日RSI完成
2026-03-30 20:38:19 | INFO     | src.indicators.technical_indicators:calculate_rsi:221 | 计算 12 日RSI完成
2026-03-30 20:38:20 | INFO     | src.indicators.technical_indicators:calculate_rsi:221 | 计算 24 日RSI完成
2026-03-30 20:38:20 | INFO     | src.indicators.technical_indicators:calculate_macd:263 | 计算MACD完成：快线=12, 慢线=26, 信号线=9
2026-03-30 20:38:20 | INFO     | src.indicators.technical_indicators:calculate_macd:263 | 计算MACD完成：快线=12, 慢线=26, 信号线=9
2026-03-30 20:38:20 | INFO     | src.indicators.technical_indicators:calculate_macd:263 | 计算MACD完成：快线=12, 慢线=26, 信号线=9
2026-03-30 20:38:20 | INFO     | src.indicators.technical_indicators:calculate_macd:263 | 计算MACD完成：快线=12, 慢线=26, 信号线=9
2026-03-30 20:38:20 | INFO     | src.indicators.technical_indicators:calculate_boll:303 | 计算布林带完成：周期=20, 标准差倍数=2
2026-03-30 20:38:20 | INFO     | src.indicators.technical_indicators:calculate_kdj:350 | 计算KDJ完成：K周期=9, D周期=3, J周期=3
2026-03-30 20:38:20 | INFO     | src.indicators.technical_indicators:calculate_rsi:221 | 计算 24 日RSI完成
2026-03-30 20:38:20 | INFO     | src.indicators.technical_indicators:calculate_kdj:350 | 计算KDJ完成：K周期=10, D周期=3, J周期=3
2026-03-30 20:38:20 | INFO     | src.indicators.technical_indicators:calculate_macd:263 | 计算MACD完成：快线=12, 慢线=26, 信号线=12
2026-03-30 20:38:20 | INFO     | src.indicators.technical_indicators:calculate_macd:263 | 计算MACD完成：快线=12, 慢线=26, 信号线=12
2026-03-30 20:38:20 | INFO     | src.indicators.technical_indicators:calculate_macd:263 | 计算MACD完成：快线=12, 慢线=26, 信号线=12
2026-03-30 20:38:20 | INFO     | src.indicators.technical_indicators:calculate_macd:263 | 计算MACD完成：快线=12, 慢线=26, 信号线=12
2026-03-30 20:38:20 | INFO     | src.indicators.technical_indicators:calculate_boll:303 | 计算布林带完成：周期=20, 标准差倍数=2
2026-03-30 20:38:20 | INFO     | src.indicators.technical_indicators:calculate_kdj:350 | 计算KDJ完成：K周期=10, D周期=3, J周期=3
2026-03-30 20:38:20 | INFO     | src.indicators.technical_indicators:calculate_atr:385 | 计算 10 日ATR完成
2026-03-30 20:38:20 | INFO     | src.indicators.technical_indicators:calculate_atr:385 | 计算 10 日ATR完成
2026-03-30 20:38:20 | INFO     | src.indicators.technical_indicators:calculate_boll:303 | 计算布林带完成：周期=20, 标准差倍数=2
2026-03-30 20:38:20 | INFO     | src.indicators.technical_indicators:calculate_boll:303 | 计算布林带完成：周期=20, 标准差倍数=2
2026-03-30 20:38:20 | INFO     | src.indicators.technical_indicators:calculate_macd:263 | 计算MACD完成：快线=12, 慢线=26, 信号线=9
2026-03-30 20:38:20 | INFO     | src.indicators.technical_indicators:calculate_boll:303 | 计算布林带完成：周期=20, 标准差倍数=2
2026-03-30 20:38:20 | INFO     | src.indicators.technical_indicators:calculate_kdj:350 | 计算KDJ完成：K周期=9, D周期=3, J周期=3
2026-03-30 20:38:20 | INFO     | src.indicators.technical_indicators:calculate_kdj:350 | 计算KDJ完成：K周期=10, D周期=3, J周期=3
2026-03-30 20:38:20 | INFO     | src.indicators.technical_indicators:calculate_kdj:350 | 计算KDJ完成：K周期=9, D周期=3, J周期=3
2026-03-30 20:38:20 | INFO     | src.indicators.technical_indicators:calculate_cci:446 | 计算 20 日CCI完成
2026-03-30 20:38:20 | INFO     | src.indicators.technical_indicators:calculate_williams_r:476 | 计算 10 日威廉指标完成
2026-03-30 20:38:20 | INFO     | src.indicators.technical_indicators:calculate_ma:133 | 计算 5 日移动平均线完成
2026-03-30 20:38:20 | INFO     | src.indicators.technical_indicators:calculate_cci:446 | 计算 20 日CCI完成
2026-03-30 20:38:20 | INFO     | src.indicators.technical_indicators:calculate_kdj:350 | 计算KDJ完成：K周期=9, D周期=3, J周期=3
2026-03-30 20:38:20 | INFO     | src.indicators.technical_indicators:calculate_kdj:350 | 计算KDJ完成：K周期=10, D周期=3, J周期=3
2026-03-30 20:38:20 | INFO     | src.indicators.technical_indicators:calculate_atr:385 | 计算 10 日ATR完成
2026-03-30 20:38:20 | INFO     | src.indicators.technical_indicators:calculate_kdj:350 | 计算KDJ完成：K周期=10, D周期=3, J周期=3
2026-03-30 20:38:20 | INFO     | src.indicators.technical_indicators:calculate_atr:385 | 计算 10 日ATR完成
2026-03-30 20:38:20 | INFO     | src.indicators.technical_indicators:calculate_macd:263 | 计算MACD完成：快线=12, 慢线=26, 信号线=12
2026-03-30 20:38:20 | INFO     | src.indicators.technical_indicators:calculate_bias:500 | 计算 5 日乖离率完成
2026-03-30 20:38:20 | INFO     | src.indicators.technical_indicators:calculate_williams_r:476 | 计算 10 日威廉指标完成
2026-03-30 20:38:20 | INFO     | src.indicators.technical_indicators:calculate_macd:263 | 计算MACD完成：快线=12, 慢线=26, 信号线=9
2026-03-30 20:38:20 | INFO     | src.indicators.technical_indicators:calculate_kdj:350 | 计算KDJ完成：K周期=9, D周期=3, J周期=3
2026-03-30 20:38:20 | INFO     | src.indicators.technical_indicators:calculate_ma:133 | 计算 10 日移动平均线完成
2026-03-30 20:38:20 | INFO     | src.indicators.technical_indicators:calculate_boll:303 | 计算布林带完成：周期=20, 标准差倍数=2
2026-03-30 20:38:20 | INFO     | src.indicators.technical_indicators:calculate_atr:385 | 计算 10 日ATR完成
2026-03-30 20:38:20 | INFO     | src.indicators.technical_indicators:calculate_ma:133 | 计算 5 日移动平均线完成
2026-03-30 20:38:20 | INFO     | src.indicators.technical_indicators:calculate_cci:446 | 计算 20 日CCI完成
2026-03-30 20:38:20 | INFO     | src.indicators.technical_indicators:calculate_macd:263 | 计算MACD完成：快线=12, 慢线=26, 信号线=12
2026-03-30 20:38:20 | INFO     | src.indicators.technical_indicators:calculate_bias:500 | 计算 10 日乖离率完成
2026-03-30 20:38:20 | INFO     | src.indicators.technical_indicators:calculate_kdj:350 | 计算KDJ完成：K周期=9, D周期=3, J周期=3
2026-03-30 20:38:20 | INFO     | src.indicators.technical_indicators:calculate_kdj:350 | 计算KDJ完成：K周期=10, D周期=3, J周期=3
2026-03-30 20:38:21 | INFO     | src.indicators.technical_indicators:calculate_atr:385 | 计算 10 日ATR完成
2026-03-30 20:38:21 | INFO     | src.indicators.technical_indicators:calculate_bias:500 | 计算 5 日乖离率完成
2026-03-30 20:38:21 | INFO     | src.indicators.technical_indicators:calculate_williams_r:476 | 计算 10 日威廉指标完成
2026-03-30 20:38:21 | INFO     | src.indicators.technical_indicators:calculate_boll:303 | 计算布林带完成：周期=20, 标准差倍数=2
2026-03-30 20:38:21 | INFO     | src.indicators.technical_indicators:calculate_ma:133 | 计算 20 日移动平均线完成
2026-03-30 20:38:21 | INFO     | src.indicators.technical_indicators:calculate_cci:446 | 计算 20 日CCI完成
2026-03-30 20:38:21 | INFO     | src.indicators.technical_indicators:calculate_kdj:350 | 计算KDJ完成：K周期=10, D周期=3, J周期=3
2026-03-30 20:38:20 | INFO     | src.indicators.technical_indicators:calculate_cci:446 | 计算 20 日CCI完成
2026-03-30 20:38:21 | INFO     | src.indicators.technical_indicators:calculate_ma:133 | 计算 10 日移动平均线完成
2026-03-30 20:38:21 | INFO     | src.indicators.technical_indicators:calculate_cci:446 | 计算 20 日CCI完成
2026-03-30 20:38:21 | INFO     | src.indicators.technical_indicators:calculate_ma:133 | 计算 5 日移动平均线完成
2026-03-30 20:38:21 | INFO     | src.indicators.technical_indicators:calculate_bias:500 | 计算 5 日乖离率完成
2026-03-30 20:38:21 | INFO     | src.indicators.technical_indicators:calculate_bias:500 | 计算 20 日乖离率完成
2026-03-30 20:38:21 | INFO     | src.indicators.technical_indicators:calculate_williams_r:476 | 计算 10 日威廉指标完成
2026-03-30 20:38:21 | INFO     | src.indicators.technical_indicators:calculate_atr:385 | 计算 10 日ATR完成
2026-03-30 20:38:21 | INFO     | src.indicators.technical_indicators:calculate_williams_r:476 | 计算 10 日威廉指标完成
2026-03-30 20:38:21 | INFO     | src.indicators.technical_indicators:calculate_bias:500 | 计算 10 日乖离率完成
2026-03-30 20:38:21 | INFO     | src.indicators.technical_indicators:calculate_williams_r:476 | 计算 10 日威廉指标完成
2026-03-30 20:38:21 | INFO     | src.indicators.technical_indicators:calculate_kdj:350 | 计算KDJ完成：K周期=9, D周期=3, J周期=3
2026-03-30 20:38:21 | INFO     | src.indicators.technical_indicators:calculate_ma:133 | 计算 10 日移动平均线完成
2026-03-30 20:38:21 | INFO     | src.indicators.technical_indicators:calculate_bias:500 | 计算 10 日乖离率完成
2026-03-30 20:38:21 | INFO     | src.indicators.technical_indicators:calculate_ma:133 | 计算 20 日移动平均线完成
2026-03-30 20:38:21 | INFO     | src.indicators.technical_indicators:calculate_bias:500 | 计算 20 日乖离率完成
2026-03-30 20:38:21 | INFO     | src.indicators.technical_indicators:calculate_ma:133 | 计算 30 日移动平均线完成
2026-03-30 20:38:21 | INFO     | src.indicators.technical_indicators:calculate_cci:446 | 计算 20 日CCI完成
2026-03-30 20:38:21 | INFO     | src.indicators.technical_indicators:calculate_ma:133 | 计算 5 日移动平均线完成
2026-03-30 20:38:21 | INFO     | src.indicators.technical_indicators:calculate_bias:500 | 计算 5 日乖离率完成
2026-03-30 20:38:21 | INFO     | src.indicators.technical_indicators:calculate_ma:133 | 计算 10 日移动平均线完成
2026-03-30 20:38:21 | INFO     | src.indicators.technical_indicators:calculate_ma:133 | 计算 5 日移动平均线完成
2026-03-30 20:38:21 | INFO     | src.indicators.technical_indicators:calculate_ma:133 | 计算 5 日移动平均线完成
2026-03-30 20:38:21 | INFO     | src.indicators.technical_indicators:calculate_ma:133 | 计算 20 日移动平均线完成
2026-03-30 20:38:21 | INFO     | src.indicators.technical_indicators:calculate_bias:500 | 计算 20 日乖离率完成
2026-03-30 20:38:21 | INFO     | src.indicators.technical_indicators:calculate_williams_r:476 | 计算 10 日威廉指标完成
2026-03-30 20:38:21 | INFO     | src.indicators.technical_indicators:calculate_ma:133 | 计算 5 日移动平均线完成
2026-03-30 20:38:21 | INFO     | src.indicators.technical_indicators:calculate_ma:133 | 计算 30 日移动平均线完成
2026-03-30 20:38:21 | INFO     | src.indicators.technical_indicators:calculate_bias:500 | 计算 10 日乖离率完成
2026-03-30 20:38:21 | INFO     | src.indicators.technical_indicators:calculate_bias:500 | 计算 5 日乖离率完成
2026-03-30 20:38:21 | INFO     | src.indicators.technical_indicators:calculate_ma:133 | 计算 10 日移动平均线完成
2026-03-30 20:38:21 | INFO     | src.indicators.technical_indicators:calculate_bias:500 | 计算 10 日乖离率完成
2026-03-30 20:38:21 | INFO     | src.indicators.technical_indicators:calculate_ma:133 | 计算 20 日移动平均线完成
2026-03-30 20:38:21 | INFO     | src.indicators.technical_indicators:calculate_kdj:350 | 计算KDJ完成：K周期=10, D周期=3, J周期=3
2026-03-30 20:38:21 | INFO     | src.indicators.technical_indicators:calculate_bias:500 | 计算 5 日乖离率完成
2026-03-30 20:38:21 | INFO     | src.indicators.technical_indicators:calculate_bias:500 | 计算 30 日乖离率完成
2026-03-30 20:38:21 | INFO     | src.indicators.technical_indicators:calculate_ma:133 | 计算 20 日移动平均线完成
2026-03-30 20:38:21 | INFO     | src.indicators.technical_indicators:calculate_bias:500 | 计算 5 日乖离率完成
2026-03-30 20:38:21 | INFO     | src.indicators.technical_indicators:calculate_bias:500 | 计算 30 日乖离率完成
2026-03-30 20:38:21 | INFO     | src.indicators.technical_indicators:calculate_ma:133 | 计算 30 日移动平均线完成
2026-03-30 20:38:21 | INFO     | src.indicators.technical_indicators:calculate_bias:500 | 计算 20 日乖离率完成
2026-03-30 20:38:21 | INFO     | src.indicators.technical_indicators:calculate_ma:133 | 计算 10 日移动平均线完成
2026-03-30 20:38:21 | INFO     | src.indicators.technical_indicators:calculate_ma:133 | 计算 60 日移动平均线完成
2026-03-30 20:38:21 | INFO     | src.indicators.technical_indicators:calculate_bias:500 | 计算 20 日乖离率完成
2026-03-30 20:38:21 | INFO     | src.indicators.technical_indicators:calculate_atr:385 | 计算 10 日ATR完成
2026-03-30 20:38:21 | INFO     | src.indicators.technical_indicators:calculate_ma:133 | 计算 10 日移动平均线完成
2026-03-30 20:38:21 | INFO     | src.indicators.technical_indicators:calculate_ma:133 | 计算 60 日移动平均线完成
2026-03-30 20:38:21 | INFO     | src.indicators.technical_indicators:calculate_bias:500 | 计算 30 日乖离率完成
2026-03-30 20:38:21 | INFO     | src.indicators.technical_indicators:calculate_ma:133 | 计算 30 日移动平均线完成
2026-03-30 20:38:21 | INFO     | src.indicators.technical_indicators:calculate_bias:500 | 计算 10 日乖离率完成
2026-03-30 20:38:21 | INFO     | src.indicators.technical_indicators:calculate_bias:500 | 计算 60 日乖离率完成
2026-03-30 20:38:21 | INFO     | src.indicators.technical_indicators:calculate_ma:133 | 计算 30 日移动平均线完成
2026-03-30 20:38:21 | INFO     | src.indicators.technical_indicators:calculate_bias:500 | 计算 10 日乖离率完成
2026-03-30 20:38:21 | INFO     | src.indicators.technical_indicators:calculate_bias:500 | 计算 60 日乖离率完成
2026-03-30 20:38:21 | INFO     | src.indicators.technical_indicators:calculate_ma:133 | 计算 60 日移动平均线完成
2026-03-30 20:38:21 | INFO     | src.indicators.technical_indicators:calculate_bias:500 | 计算 30 日乖离率完成
2026-03-30 20:38:21 | INFO     | src.indicators.technical_indicators:calculate_cci:446 | 计算 20 日CCI完成
2026-03-30 20:38:21 | INFO     | src.indicators.technical_indicators:calculate_ma:133 | 计算 20 日移动平均线完成
2026-03-30 20:38:21 | INFO     | src.indicators.technical_indicators:calculate_ma:133 | 计算 120 日移动平均线完成
2026-03-30 20:38:21 | INFO     | src.indicators.technical_indicators:calculate_bias:500 | 计算 30 日乖离率完成
2026-03-30 20:38:21 | INFO     | src.indicators.technical_indicators:calculate_ma:133 | 计算 20 日移动平均线完成
2026-03-30 20:38:21 | INFO     | src.indicators.technical_indicators:calculate_ma:133 | 计算 120 日移动平均线完成
2026-03-30 20:38:21 | INFO     | src.indicators.technical_indicators:calculate_bias:500 | 计算 60 日乖离率完成
2026-03-30 20:38:21 | INFO     | src.indicators.technical_indicators:calculate_ma:133 | 计算 60 日移动平均线完成
2026-03-30 20:38:21 | INFO     | src.indicators.technical_indicators:calculate_williams_r:476 | 计算 10 日威廉指标完成
2026-03-30 20:38:21 | INFO     | src.indicators.technical_indicators:calculate_bias:500 | 计算 20 日乖离率完成
2026-03-30 20:38:21 | INFO     | src.indicators.technical_indicators:calculate_bias:500 | 计算 120 日乖离率完成
2026-03-30 20:38:21 | INFO     | src.indicators.technical_indicators:calculate_ma:133 | 计算 60 日移动平均线完成
2026-03-30 20:38:21 | INFO     | src.indicators.technical_indicators:calculate_bias:500 | 计算 20 日乖离率完成
2026-03-30 20:38:21 | INFO     | src.indicators.technical_indicators:calculate_bias:500 | 计算 120 日乖离率完成
2026-03-30 20:38:21 | INFO     | src.indicators.technical_indicators:calculate_ma:133 | 计算 120 日移动平均线完成
2026-03-30 20:38:21 | INFO     | src.indicators.technical_indicators:calculate_bias:500 | 计算 60 日乖离率完成
2026-03-30 20:38:21 | INFO     | src.indicators.technical_indicators:calculate_ma:133 | 计算 5 日移动平均线完成
2026-03-30 20:38:21 | INFO     | src.indicators.technical_indicators:calculate_ma:133 | 计算 30 日移动平均线完成
2026-03-30 20:38:21 | INFO     | src.indicators.technical_indicators:calculate_ma:133 | 计算 250 日移动平均线完成
2026-03-30 20:38:21 | INFO     | src.indicators.technical_indicators:calculate_bias:500 | 计算 60 日乖离率完成
2026-03-30 20:38:21 | INFO     | src.indicators.technical_indicators:calculate_ma:133 | 计算 30 日移动平均线完成
2026-03-30 20:38:21 | INFO     | src.indicators.technical_indicators:calculate_ma:133 | 计算 250 日移动平均线完成
2026-03-30 20:38:21 | INFO     | src.indicators.technical_indicators:calculate_bias:500 | 计算 120 日乖离率完成
2026-03-30 20:38:21 | INFO     | src.indicators.technical_indicators:calculate_ma:133 | 计算 120 日移动平均线完成
2026-03-30 20:38:21 | INFO     | src.indicators.technical_indicators:calculate_bias:500 | 计算 5 日乖离率完成
2026-03-30 20:38:21 | INFO     | src.indicators.technical_indicators:calculate_bias:500 | 计算 30 日乖离率完成
2026-03-30 20:38:21 | INFO     | src.indicators.technical_indicators:calculate_bias:500 | 计算 250 日乖离率完成
2026-03-30 20:38:21 | INFO     | src.indicators.technical_indicators:calculate_ma:133 | 计算 120 日移动平均线完成
2026-03-30 20:38:21 | INFO     | src.indicators.technical_indicators:calculate_bias:500 | 计算 30 日乖离率完成
2026-03-30 20:38:21 | INFO     | src.indicators.technical_indicators:calculate_bias:500 | 计算 250 日乖离率完成
2026-03-30 20:38:21 | INFO     | src.indicators.technical_indicators:calculate_ma:133 | 计算 250 日移动平均线完成
2026-03-30 20:38:21 | INFO     | src.indicators.technical_indicators:calculate_bias:500 | 计算 120 日乖离率完成
2026-03-30 20:38:21 | INFO     | src.indicators.technical_indicators:calculate_ma:133 | 计算 10 日移动平均线完成
2026-03-30 20:38:21 | INFO     | src.indicators.technical_indicators:calculate_psy:523 | 计算 10 日心理线完成
2026-03-30 20:38:21 | INFO     | src.indicators.technical_indicators:calculate_ma:133 | 计算 60 日移动平均线完成
2026-03-30 20:38:21 | INFO     | src.indicators.technical_indicators:calculate_bias:500 | 计算 120 日乖离率完成
2026-03-30 20:38:21 | INFO     | src.indicators.technical_indicators:calculate_ma:133 | 计算 60 日移动平均线完成
2026-03-30 20:38:21 | INFO     | src.indicators.technical_indicators:calculate_psy:523 | 计算 10 日心理线完成
2026-03-30 20:38:21 | INFO     | src.indicators.technical_indicators:calculate_bias:500 | 计算 250 日乖离率完成
2026-03-30 20:38:21 | INFO     | src.indicators.technical_indicators:calculate_ma:133 | 计算 250 日移动平均线完成
2026-03-30 20:38:21 | INFO     | src.indicators.technical_indicators:calculate_bias:500 | 计算 10 日乖离率完成
2026-03-30 20:38:21 | WARNING  | src.indicators.technical_indicators:calculate_all:635 | 未知的指标类型: rsv_period
2026-03-30 20:38:21 | INFO     | src.indicators.technical_indicators:calculate_bias:500 | 计算 60 日乖离率完成
2026-03-30 20:38:21 | INFO     | src.indicators.technical_indicators:calculate_ma:133 | 计算 250 日移动平均线完成
2026-03-30 20:38:21 | INFO     | src.indicators.technical_indicators:calculate_bias:500 | 计算 60 日乖离率完成
2026-03-30 20:38:21 | WARNING  | src.indicators.technical_indicators:calculate_all:635 | 未知的指标类型: rsv_period
2026-03-30 20:38:21 | INFO     | src.indicators.technical_indicators:calculate_psy:523 | 计算 10 日心理线完成
2026-03-30 20:38:21 | INFO     | src.indicators.technical_indicators:calculate_bias:500 | 计算 250 日乖离率完成
2026-03-30 20:38:21 | WARNING  | src.indicators.technical_indicators:calculate_all:635 | 未知的指标类型: volume_period
2026-03-30 20:38:21 | INFO     | src.indicators.technical_indicators:calculate_ma:133 | 计算 20 日移动平均线完成
2026-03-30 20:38:21 | INFO     | src.indicators.technical_indicators:calculate_ma:133 | 计算 120 日移动平均线完成
2026-03-30 20:38:21 | INFO     | src.indicators.technical_indicators:calculate_bias:500 | 计算 250 日乖离率完成
2026-03-30 20:38:21 | WARNING  | src.indicators.technical_indicators:calculate_all:635 | 未知的指标类型: volume_period
2026-03-30 20:38:21 | INFO     | src.indicators.technical_indicators:calculate_ma:133 | 计算 120 日移动平均线完成
2026-03-30 20:38:21 | WARNING  | src.indicators.technical_indicators:calculate_all:635 | 未知的指标类型: rsv_period
2026-03-30 20:38:21 | INFO     | src.indicators.technical_indicators:calculate_psy:523 | 计算 10 日心理线完成
2026-03-30 20:38:21 | INFO     | src.indicators.technical_indicators:calculate_all:640 | 完成计算 45 个技术指标
2026-03-30 20:38:21 | INFO     | src.indicators.technical_indicators:calculate_bias:500 | 计算 20 日乖离率完成
2026-03-30 20:38:21 | INFO     | src.indicators.technical_indicators:calculate_bias:500 | 计算 120 日乖离率完成
2026-03-30 20:38:21 | INFO     | src.indicators.technical_indicators:calculate_psy:523 | 计算 10 日心理线完成
2026-03-30 20:38:21 | INFO     | src.indicators.technical_indicators:calculate_all:640 | 完成计算 45 个技术指标
2026-03-30 20:38:21 | INFO     | src.indicators.technical_indicators:calculate_bias:500 | 计算 120 日乖离率完成
2026-03-30 20:38:21 | WARNING  | src.indicators.technical_indicators:calculate_all:635 | 未知的指标类型: volume_period
2026-03-30 20:38:21 | WARNING  | src.indicators.technical_indicators:calculate_all:635 | 未知的指标类型: rsv_period
2026-03-30 20:38:21 | INFO     | src.indicators.technical_indicators:calculate_ma:133 | 计算 30 日移动平均线完成
2026-03-30 20:38:21 | INFO     | src.indicators.technical_indicators:calculate_ma:133 | 计算 250 日移动平均线完成
2026-03-30 20:38:21 | WARNING  | src.indicators.technical_indicators:calculate_all:635 | 未知的指标类型: rsv_period
2026-03-30 20:38:21 | INFO     | src.indicators.technical_indicators:calculate_all:640 | 完成计算 45 个技术指标
2026-03-30 20:38:21 | INFO     | src.indicators.technical_indicators:calculate_ma:133 | 计算 250 日移动平均线完成
2026-03-30 20:38:21 | WARNING  | src.indicators.technical_indicators:calculate_all:635 | 未知的指标类型: volume_period
2026-03-30 20:38:21 | INFO     | src.indicators.technical_indicators:calculate_bias:500 | 计算 30 日乖离率完成
2026-03-30 20:38:21 | INFO     | src.indicators.technical_indicators:calculate_bias:500 | 计算 250 日乖离率完成
2026-03-30 20:38:21 | WARNING  | src.indicators.technical_indicators:calculate_all:635 | 未知的指标类型: volume_period
2026-03-30 20:38:21 | INFO     | src.indicators.technical_indicators:calculate_all:640 | 完成计算 45 个技术指标
2026-03-30 20:38:21 | INFO     | src.core.data_fetcher:save_data:432 | 保存数据到 csv 文件: 601698_with_indicators
2026-03-30 20:38:21 | INFO     | src.indicators.technical_indicators:calculate_bias:500 | 计算 250 日乖离率完成
2026-03-30 20:38:21 | INFO     | src.indicators.technical_indicators:calculate_all:640 | 完成计算 45 个技术指标
2026-03-30 20:38:21 | INFO     | src.indicators.technical_indicators:calculate_ma:133 | 计算 60 日移动平均线完成
2026-03-30 20:38:21 | INFO     | src.indicators.technical_indicators:calculate_psy:523 | 计算 10 日心理线完成
2026-03-30 20:38:21 | INFO     | src.core.data_fetcher:save_data:432 | 保存数据到 csv 文件: 600118_with_indicators
2026-03-30 20:38:21 | INFO     | src.indicators.technical_indicators:calculate_psy:523 | 计算 10 日心理线完成
2026-03-30 20:38:21 | INFO     | src.core.data_fetcher:save_data:432 | 保存数据到 csv 文件: 301005_with_indicators
2026-03-30 20:38:21 | INFO     | src.indicators.technical_indicators:calculate_bias:500 | 计算 60 日乖离率完成
2026-03-30 20:38:21 | INFO     | src.core.data_fetcher:save_data:432 | 保存数据到 csv 文件: 600879_with_indicators
2026-03-30 20:38:21 | WARNING  | src.indicators.technical_indicators:calculate_all:635 | 未知的指标类型: rsv_period
2026-03-30 20:38:21 | WARNING  | src.indicators.technical_indicators:calculate_all:635 | 未知的指标类型: rsv_period
2026-03-30 20:38:22 | WARNING  | src.indicators.technical_indicators:calculate_all:635 | 未知的指标类型: volume_period
2026-03-30 20:38:21 | INFO     | src.indicators.technical_indicators:calculate_ma:133 | 计算 120 日移动平均线完成
2026-03-30 20:38:21 | WARNING  | src.indicators.technical_indicators:calculate_all:635 | 未知的指标类型: volume_period
2026-03-30 20:38:21 | INFO     | src.core.data_fetcher:save_data:432 | 保存数据到 csv 文件: 300136_with_indicators
2026-03-30 20:38:22 | INFO     | src.indicators.technical_indicators:calculate_all:640 | 完成计算 45 个技术指标
2026-03-30 20:38:22 | INFO     | src.indicators.technical_indicators:calculate_bias:500 | 计算 120 日乖离率完成
2026-03-30 20:38:22 | INFO     | src.indicators.technical_indicators:calculate_all:640 | 完成计算 45 个技术指标
2026-03-30 20:38:22 | INFO     | src.core.data_fetcher:save_data:432 | 保存数据到 csv 文件: 002149_with_indicators
2026-03-30 20:38:22 | INFO     | src.indicators.technical_indicators:calculate_ma:133 | 计算 250 日移动平均线完成
2026-03-30 20:38:22 | INFO     | src.core.data_fetcher:save_data:432 | 保存数据到 csv 文件: 605598_with_indicators
2026-03-30 20:38:22 | INFO     | src.indicators.technical_indicators:calculate_bias:500 | 计算 250 日乖离率完成
2026-03-30 20:38:22 | INFO     | src.core.data_fetcher:save_data:452 | 数据保存成功: ./data\601698_with_indicators.csv
2026-03-30 20:38:22 | INFO     | src.indicators.technical_indicators:calculate_psy:523 | 计算 10 日心理线完成
2026-03-30 20:38:22 | INFO     | src.core.data_fetcher:save_data:452 | 数据保存成功: ./data\600118_with_indicators.csv
2026-03-30 20:38:22 | INFO     | src.workflow.base:calculate_signals:224 | 对股票 600118 进行信号判断
2026-03-30 20:38:22 | INFO     | src.core.data_fetcher:save_data:452 | 数据保存成功: ./data\600879_with_indicators.csv
2026-03-30 20:38:22 | INFO     | src.workflow.base:calculate_signals:224 | 对股票 600879 进行信号判断
2026-03-30 20:38:22 | INFO     | src.workflow.base:calculate_signals:224 | 对股票 601698 进行信号判断
2026-03-30 20:38:22 | INFO     | src.core.data_fetcher:save_data:432 | 保存数据到 csv 文件: 600118_signals
2026-03-30 20:38:22 | WARNING  | src.indicators.technical_indicators:calculate_all:635 | 未知的指标类型: rsv_period
2026-03-30 20:38:22 | INFO     | src.core.data_fetcher:save_data:452 | 数据保存成功: ./data\301005_with_indicators.csv
2026-03-30 20:38:22 | INFO     | src.core.data_fetcher:save_data:432 | 保存数据到 csv 文件: 600879_signals
2026-03-30 20:38:22 | INFO     | src.core.data_fetcher:save_data:432 | 保存数据到 csv 文件: 601698_signals
2026-03-30 20:38:22 | INFO     | src.core.data_fetcher:save_data:452 | 数据保存成功: ./data\600118_signals.csv
2026-03-30 20:38:22 | INFO     | src.workflow.technical:_process_single_stock:45 |   股票 600118 信号判断完成: 持有 (得分: 0.120)
2026-03-30 20:38:22 | INFO     | src.workflow.base:calculate_signals:224 | 对股票 301005 进行信号判断
2026-03-30 20:38:22 | INFO     | src.core.data_fetcher:save_data:452 | 数据保存成功: ./data\601698_signals.csv
2026-03-30 20:38:22 | INFO     | src.core.data_fetcher:save_data:452 | 数据保存成功: ./data\600879_signals.csv
2026-03-30 20:38:22 | WARNING  | src.indicators.technical_indicators:calculate_all:635 | 未知的指标类型: volume_period
2026-03-30 20:38:22 | INFO     | src.workflow.base:calculate_technical_indicators:188 | 计算股票 002565 的技术指标
2026-03-30 20:38:22 | INFO     | src.core.data_fetcher:save_data:432 | 保存数据到 csv 文件: 301005_signals
2026-03-30 20:38:22 | ERROR    | src.utils.concurrency:process_batch:73 | 处理 ('600118',               日期     开盘     收盘     最高     最低        成交量
0     2021-01-04  32.40  33.50  33.98  32.39  317621.11
1     2021-01-05  33.12  36.85  36.85  33.12  451186.97
2     2021-01-06  36.80  36.00  37.65  35.78  642072.79
3     2021-01-07  35.70  36.71  37.05  35.64  413728.73
4     2021-01-08  36.46  36.81  37.50  36.13  344363.76
...          ...    ...    ...    ...    ...        ...
1262  2026-03-24  79.05  78.36  79.43  75.92  323656.00
1263  2026-03-25  79.00  79.64  80.73  78.66  285700.00
1264  2026-03-26  81.09  78.69  81.50  77.57  307840.00
1265  2026-03-27  77.00  77.75  78.58  76.54  230711.00
1266  2026-03-30  76.60  81.13  81.55  76.60  468344.00

[1267 rows x 6 columns]) 时出错: unhashable type: 'DataFrame'
2026-03-30 20:38:22 | INFO     | src.core.data_fetcher:save_data:452 | 数据保存成功: ./data\300136_with_indicators.csv
2026-03-30 20:38:22 | INFO     | src.workflow.base:calculate_signals:224 | 对股票 300136 进行信号判断
2026-03-30 20:38:22 | INFO     | src.workflow.technical:_process_single_stock:45 |   股票 600879 信号判断完成: 持有 (得分: 0.124)
2026-03-30 20:38:22 | INFO     | src.core.data_fetcher:save_data:452 | 数据保存成功: ./data\605598_with_indicators.csv
2026-03-30 20:38:22 | INFO     | src.indicators.technical_indicators:calculate_all:640 | 完成计算 45 个技术指标
2026-03-30 20:38:22 | INFO     | src.indicators.technical_indicators:calculate_ma:133 | 计算 5 日移动平均线完成
2026-03-30 20:38:22 | INFO     | src.indicators.technical_indicators:calculate_ma:133 | 计算 10 日移动平均线完成
2026-03-30 20:38:22 | INFO     | src.core.data_fetcher:save_data:452 | 数据保存成功: ./data\002149_with_indicators.csv
2026-03-30 20:38:22 | INFO     | src.workflow.technical:_process_single_stock:45 |   股票 601698 信号判断完成: 持有 (得分: 0.120)
2026-03-30 20:38:22 | INFO     | src.core.data_fetcher:save_data:432 | 保存数据到 csv 文件: 300136_signals
2026-03-30 20:38:22 | INFO     | src.workflow.base:calculate_technical_indicators:188 | 计算股票 300762 的技术指标
2026-03-30 20:38:22 | INFO     | src.workflow.base:calculate_signals:224 | 对股票 605598 进行信号判断
2026-03-30 20:38:22 | INFO     | src.core.data_fetcher:save_data:432 | 保存数据到 csv 文件: 300342_with_indicators
2026-03-30 20:38:22 | INFO     | src.core.data_fetcher:save_data:452 | 数据保存成功: ./data\301005_signals.csv
2026-03-30 20:38:22 | INFO     | src.workflow.technical:_process_single_stock:45 |   股票 301005 信号判断完成: 买入 (得分: 0.273)
2026-03-30 20:38:22 | ERROR    | src.notify.config:load_notify_config:44 | 加载通知配置失败: Expecting property name enclosed in double quotes: line 2 column 3 (char 4)，使用默认配置
2026-03-30 20:38:22 | INFO     | src.indicators.technical_indicators:calculate_ma:133 | 计算 5 日移动平均线完成
2026-03-30 20:38:22 | INFO     | src.core.data_fetcher:save_data:452 | 数据保存成功: ./data\300136_signals.csv
2026-03-30 20:38:22 | INFO     | src.core.data_fetcher:save_data:432 | 保存数据到 csv 文件: 605598_signals
2026-03-30 20:38:22 | INFO     | src.indicators.technical_indicators:calculate_ma:133 | 计算 20 日移动平均线完成
2026-03-30 20:38:22 | INFO     | src.indicators.technical_indicators:calculate_ma:133 | 计算 30 日移动平均线完成
2026-03-30 20:38:22 | INFO     | src.indicators.technical_indicators:calculate_ma:133 | 计算 60 日移动平均线完成
2026-03-30 20:38:22 | INFO     | src.indicators.technical_indicators:calculate_ma:133 | 计算 10 日移动平均线完成
2026-03-30 20:38:22 | INFO     | src.workflow.technical:_process_single_stock:45 |   股票 300136 信号判断完成: 买入 (得分: 0.297)
2026-03-30 20:38:22 | ERROR    | src.notify.config:load_notify_config:44 | 加载通知配置失败: Expecting property name enclosed in double quotes: line 2 column 3 (char 4)，使用默认配置
2026-03-30 20:38:22 | ERROR    | src.notify:send_template:116 | 模板 [stock_recommendation] 不存在
2026-03-30 20:38:22 | ERROR    | src.notify:send_template:116 | 模板 [stock_recommendation] 不存在
2026-03-30 20:38:22 | INFO     | src.indicators.technical_indicators:calculate_ma:133 | 计算 120 日移动平均线完成
2026-03-30 20:38:22 | INFO     | src.indicators.technical_indicators:calculate_ma:133 | 计算 20 日移动平均线完成
2026-03-30 20:38:22 | INFO     | src.core.data_fetcher:save_data:452 | 数据保存成功: ./data\605598_signals.csv
2026-03-30 20:38:22 | INFO     | src.workflow.base:calculate_signals:224 | 对股票 002149 进行信号判断
2026-03-30 20:38:22 | INFO     | src.indicators.technical_indicators:calculate_ma:133 | 计算 250 日移动平均线完成
2026-03-30 20:38:22 | INFO     | src.indicators.technical_indicators:calculate_ma:133 | 计算 30 日移动平均线完成
2026-03-30 20:38:22 | INFO     | src.workflow.technical:_process_single_stock:45 |   股票 605598 信号判断完成: 买入 (得分: 0.352)
2026-03-30 20:38:22 | INFO     | src.indicators.technical_indicators:calculate_ma:133 | 计算 60 日移动平均线完成
2026-03-30 20:38:22 | INFO     | src.core.data_fetcher:save_data:432 | 保存数据到 csv 文件: 002149_signals
2026-03-30 20:38:22 | INFO     | src.indicators.technical_indicators:calculate_sma:157 | 计算 5 日简单移动平均线完成
2026-03-30 20:38:22 | INFO     | src.core.data_fetcher:save_data:452 | 数据保存成功: ./data\300342_with_indicators.csv
2026-03-30 20:38:22 | ERROR    | src.notify.config:load_notify_config:44 | 加载通知配置失败: Expecting property name enclosed in double quotes: line 2 column 3 (char 4)，使用默认配置
2026-03-30 20:38:22 | INFO     | src.indicators.technical_indicators:calculate_ma:133 | 计算 120 日移动平均线完成
2026-03-30 20:38:22 | INFO     | src.indicators.technical_indicators:calculate_sma:157 | 计算 10 日简单移动平均线完成
2026-03-30 20:38:22 | INFO     | src.workflow.base:calculate_signals:224 | 对股票 300342 进行信号判断
2026-03-30 20:38:22 | INFO     | src.core.data_fetcher:save_data:452 | 数据保存成功: ./data\002149_signals.csv
2026-03-30 20:38:22 | ERROR    | src.notify:send_template:116 | 模板 [stock_recommendation] 不存在
2026-03-30 20:38:22 | INFO     | src.indicators.technical_indicators:calculate_ma:133 | 计算 250 日移动平均线完成
2026-03-30 20:38:22 | INFO     | src.indicators.technical_indicators:calculate_sma:157 | 计算 20 日简单移动平均线完成
2026-03-30 20:38:22 | INFO     | src.core.data_fetcher:save_data:432 | 保存数据到 csv 文件: 300342_signals
2026-03-30 20:38:22 | INFO     | src.workflow.technical:_process_single_stock:45 |   股票 002149 信号判断完成: 持有 (得分: -0.050)
2026-03-30 20:38:22 | INFO     | src.indicators.technical_indicators:calculate_sma:157 | 计算 5 日简单移动平均线完成
2026-03-30 20:38:22 | INFO     | src.indicators.technical_indicators:calculate_sma:157 | 计算 30 日简单移动平均线完成
2026-03-30 20:38:22 | INFO     | src.indicators.technical_indicators:calculate_sma:157 | 计算 10 日简单移动平均线完成
2026-03-30 20:38:22 | INFO     | src.core.data_fetcher:save_data:452 | 数据保存成功: ./data\300342_signals.csv
2026-03-30 20:38:22 | INFO     | src.indicators.technical_indicators:calculate_sma:157 | 计算 60 日简单移动平均线完成
2026-03-30 20:38:22 | INFO     | src.indicators.technical_indicators:calculate_sma:157 | 计算 20 日简单移动平均线完成
2026-03-30 20:38:22 | INFO     | src.workflow.technical:_process_single_stock:45 |   股票 300342 信号判断完成: 持有 (得分: -0.063)
2026-03-30 20:38:22 | INFO     | src.indicators.technical_indicators:calculate_sma:157 | 计算 120 日简单移动平均线完成
2026-03-30 20:38:22 | INFO     | src.indicators.technical_indicators:calculate_sma:157 | 计算 30 日简单移动平均线完成
2026-03-30 20:38:22 | INFO     | src.indicators.technical_indicators:calculate_sma:157 | 计算 250 日简单移动平均线完成
2026-03-30 20:38:22 | INFO     | src.indicators.technical_indicators:calculate_sma:157 | 计算 60 日简单移动平均线完成
2026-03-30 20:38:22 | INFO     | src.indicators.technical_indicators:calculate_ema:182 | 计算 12 日指数移动平均线完成
2026-03-30 20:38:22 | INFO     | src.indicators.technical_indicators:calculate_sma:157 | 计算 120 日简单移动平均线完成
2026-03-30 20:38:22 | INFO     | src.indicators.technical_indicators:calculate_ema:182 | 计算 26 日指数移动平均线完成
2026-03-30 20:38:22 | INFO     | src.indicators.technical_indicators:calculate_sma:157 | 计算 250 日简单移动平均线完成
2026-03-30 20:38:22 | INFO     | src.indicators.technical_indicators:calculate_rsi:221 | 计算 6 日RSI完成
2026-03-30 20:38:22 | INFO     | src.indicators.technical_indicators:calculate_ema:182 | 计算 12 日指数移动平均线完成
2026-03-30 20:38:22 | INFO     | src.indicators.technical_indicators:calculate_ema:182 | 计算 26 日指数移动平均线完成
2026-03-30 20:38:22 | INFO     | src.indicators.technical_indicators:calculate_rsi:221 | 计算 12 日RSI完成
2026-03-30 20:38:22 | INFO     | src.indicators.technical_indicators:calculate_rsi:221 | 计算 6 日RSI完成
2026-03-30 20:38:22 | INFO     | src.indicators.technical_indicators:calculate_rsi:221 | 计算 24 日RSI完成
2026-03-30 20:38:22 | INFO     | src.indicators.technical_indicators:calculate_rsi:221 | 计算 12 日RSI完成
2026-03-30 20:38:22 | INFO     | src.indicators.technical_indicators:calculate_rsi:221 | 计算 24 日RSI完成
2026-03-30 20:38:22 | INFO     | src.indicators.technical_indicators:calculate_macd:263 | 计算MACD完成：快线=12, 慢线=26, 信号线=9
2026-03-30 20:38:22 | INFO     | src.indicators.technical_indicators:calculate_macd:263 | 计算MACD完成：快线=12, 慢线=26, 信号线=9
2026-03-30 20:38:22 | INFO     | src.indicators.technical_indicators:calculate_macd:263 | 计算MACD完成：快线=12, 慢线=26, 信号线=12
2026-03-30 20:38:22 | INFO     | src.indicators.technical_indicators:calculate_macd:263 | 计算MACD完成：快线=12, 慢线=26, 信号线=12
2026-03-30 20:38:22 | INFO     | src.indicators.technical_indicators:calculate_boll:303 | 计算布林带完成：周期=20, 标准差倍数=2
2026-03-30 20:38:22 | INFO     | src.indicators.technical_indicators:calculate_boll:303 | 计算布林带完成：周期=20, 标准差倍数=2
2026-03-30 20:38:22 | INFO     | src.indicators.technical_indicators:calculate_kdj:350 | 计算KDJ完成：K周期=9, D周期=3, J周期=3
2026-03-30 20:38:22 | INFO     | src.indicators.technical_indicators:calculate_kdj:350 | 计算KDJ完成：K周期=10, D周期=3, J周期=3
2026-03-30 20:38:22 | INFO     | src.indicators.technical_indicators:calculate_atr:385 | 计算 10 日ATR完成
2026-03-30 20:38:22 | INFO     | src.indicators.technical_indicators:calculate_kdj:350 | 计算KDJ完成：K周期=9, D周期=3, J周期=3
2026-03-30 20:38:22 | INFO     | src.indicators.technical_indicators:calculate_kdj:350 | 计算KDJ完成：K周期=10, D周期=3, J周期=3
2026-03-30 20:38:22 | INFO     | src.indicators.technical_indicators:calculate_cci:446 | 计算 20 日CCI完成
2026-03-30 20:38:22 | INFO     | src.indicators.technical_indicators:calculate_atr:385 | 计算 10 日ATR完成
2026-03-30 20:38:22 | INFO     | src.indicators.technical_indicators:calculate_williams_r:476 | 计算 10 日威廉指标完成
2026-03-30 20:38:23 | INFO     | src.indicators.technical_indicators:calculate_cci:446 | 计算 20 日CCI完成
2026-03-30 20:38:23 | INFO     | src.indicators.technical_indicators:calculate_williams_r:476 | 计算 10 日威廉指标完成
2026-03-30 20:38:23 | INFO     | src.indicators.technical_indicators:calculate_ma:133 | 计算 5 日移动平均线完成
2026-03-30 20:38:23 | INFO     | src.indicators.technical_indicators:calculate_ma:133 | 计算 5 日移动平均线完成
2026-03-30 20:38:23 | INFO     | src.indicators.technical_indicators:calculate_bias:500 | 计算 5 日乖离率完成
2026-03-30 20:38:23 | INFO     | src.indicators.technical_indicators:calculate_ma:133 | 计算 10 日移动平均线完成
2026-03-30 20:38:23 | INFO     | src.indicators.technical_indicators:calculate_bias:500 | 计算 10 日乖离率完成
2026-03-30 20:38:23 | INFO     | src.indicators.technical_indicators:calculate_ma:133 | 计算 20 日移动平均线完成
2026-03-30 20:38:23 | INFO     | src.indicators.technical_indicators:calculate_bias:500 | 计算 5 日乖离率完成
2026-03-30 20:38:23 | INFO     | src.indicators.technical_indicators:calculate_bias:500 | 计算 20 日乖离率完成
2026-03-30 20:38:23 | INFO     | src.indicators.technical_indicators:calculate_ma:133 | 计算 30 日移动平均线完成
2026-03-30 20:38:23 | INFO     | src.indicators.technical_indicators:calculate_bias:500 | 计算 30 日乖离率完成
2026-03-30 20:38:23 | INFO     | src.indicators.technical_indicators:calculate_ma:133 | 计算 60 日移动平均线完成
2026-03-30 20:38:23 | INFO     | src.indicators.technical_indicators:calculate_bias:500 | 计算 60 日乖离率完成
2026-03-30 20:38:23 | INFO     | src.indicators.technical_indicators:calculate_ma:133 | 计算 10 日移动平均线完成
2026-03-30 20:38:23 | INFO     | src.indicators.technical_indicators:calculate_bias:500 | 计算 10 日乖离率完成
2026-03-30 20:38:23 | INFO     | src.indicators.technical_indicators:calculate_ma:133 | 计算 120 日移动平均线完成
2026-03-30 20:38:23 | INFO     | src.indicators.technical_indicators:calculate_ma:133 | 计算 20 日移动平均线完成
2026-03-30 20:38:23 | INFO     | src.indicators.technical_indicators:calculate_bias:500 | 计算 120 日乖离率完成
2026-03-30 20:38:23 | INFO     | src.indicators.technical_indicators:calculate_ma:133 | 计算 250 日移动平均线完成
2026-03-30 20:38:23 | INFO     | src.indicators.technical_indicators:calculate_bias:500 | 计算 20 日乖离率完成
2026-03-30 20:38:23 | INFO     | src.indicators.technical_indicators:calculate_ma:133 | 计算 30 日移动平均线完成
2026-03-30 20:38:23 | INFO     | src.indicators.technical_indicators:calculate_bias:500 | 计算 250 日乖离率完成
2026-03-30 20:38:23 | INFO     | src.indicators.technical_indicators:calculate_bias:500 | 计算 30 日乖离率完成
2026-03-30 20:38:23 | INFO     | src.indicators.technical_indicators:calculate_psy:523 | 计算 10 日心理线完成
2026-03-30 20:38:23 | WARNING  | src.indicators.technical_indicators:calculate_all:635 | 未知的指标类型: rsv_period
2026-03-30 20:38:23 | WARNING  | src.indicators.technical_indicators:calculate_all:635 | 未知的指标类型: volume_period
2026-03-30 20:38:23 | INFO     | src.indicators.technical_indicators:calculate_ma:133 | 计算 60 日移动平均线完成
2026-03-30 20:38:23 | INFO     | src.indicators.technical_indicators:calculate_all:640 | 完成计算 45 个技术指标
2026-03-30 20:38:23 | INFO     | src.indicators.technical_indicators:calculate_bias:500 | 计算 60 日乖离率完成
2026-03-30 20:38:23 | INFO     | src.core.data_fetcher:save_data:432 | 保存数据到 csv 文件: 300762_with_indicators
2026-03-30 20:38:23 | INFO     | src.indicators.technical_indicators:calculate_ma:133 | 计算 120 日移动平均线完成
2026-03-30 20:38:23 | INFO     | src.indicators.technical_indicators:calculate_bias:500 | 计算 120 日乖离率完成
2026-03-30 20:38:23 | INFO     | src.indicators.technical_indicators:calculate_ma:133 | 计算 250 日移动平均线完成
2026-03-30 20:38:23 | INFO     | src.indicators.technical_indicators:calculate_bias:500 | 计算 250 日乖离率完成
2026-03-30 20:38:23 | INFO     | src.indicators.technical_indicators:calculate_psy:523 | 计算 10 日心理线完成
2026-03-30 20:38:23 | WARNING  | src.indicators.technical_indicators:calculate_all:635 | 未知的指标类型: rsv_period
2026-03-30 20:38:23 | WARNING  | src.indicators.technical_indicators:calculate_all:635 | 未知的指标类型: volume_period
2026-03-30 20:38:23 | INFO     | src.indicators.technical_indicators:calculate_all:640 | 完成计算 45 个技术指标
2026-03-30 20:38:23 | INFO     | src.core.data_fetcher:save_data:432 | 保存数据到 csv 文件: 002565_with_indicators
2026-03-30 20:38:23 | INFO     | src.core.data_fetcher:save_data:452 | 数据保存成功: ./data\300762_with_indicators.csv
2026-03-30 20:38:23 | INFO     | src.workflow.base:calculate_signals:224 | 对股票 300762 进行信号判断
2026-03-30 20:38:23 | INFO     | src.core.data_fetcher:save_data:432 | 保存数据到 csv 文件: 300762_signals
2026-03-30 20:38:23 | INFO     | src.core.data_fetcher:save_data:452 | 数据保存成功: ./data\300762_signals.csv
2026-03-30 20:38:23 | INFO     | src.workflow.technical:_process_single_stock:45 |   股票 300762 信号判断完成: 持有 (得分: 0.120)
2026-03-30 20:38:23 | INFO     | src.core.data_fetcher:save_data:452 | 数据保存成功: ./data\002565_with_indicators.csv
2026-03-30 20:38:23 | INFO     | src.workflow.base:calculate_signals:224 | 对股票 002565 进行信号判断
2026-03-30 20:38:23 | INFO     | src.core.data_fetcher:save_data:432 | 保存数据到 csv 文件: 002565_signals
2026-03-30 20:38:23 | INFO     | src.core.data_fetcher:save_data:452 | 数据保存成功: ./data\002565_signals.csv
2026-03-30 20:38:23 | INFO     | src.workflow.technical:_process_single_stock:45 |   股票 002565 信号判断完成: 持有 (得分: 0.000)
2026-03-30 20:38:23 | ERROR    | src.workflow.technical:process_fund:196 | 处理基金 015790 时失败: unhashable type: 'DataFrame'
2026-03-30 20:38:23 | INFO     | src.workflow.technical:run_batch:226 | 基金 015790 处理完成
2026-03-30 20:38:23 | INFO     | src.workflow.technical:run_batch:227 | ============================================================

2026-03-30 20:38:23 | INFO     | src.workflow.technical:run_batch:229 | 
============================================================
2026-03-30 20:38:23 | INFO     | src.workflow.technical:run_batch:230 | 批量处理完成!
2026-03-30 20:38:23 | INFO     | src.workflow.technical:run_batch:231 | ============================================================
2026-03-30 20:38:23 | INFO     | src.workflow.technical:run_batch:238 | 总基金数: 2
2026-03-30 20:38:23 | INFO     | src.workflow.technical:run_batch:239 | 成功处理: 0
2026-03-30 20:38:23 | INFO     | src.workflow.technical:run_batch:240 | 处理失败: 2
2026-03-30 20:38:23 | INFO     | src.workflow.technical:run_batch:252 | 总股票数（所有基金）: 0
2026-03-30 20:38:23 | INFO     | src.workflow.technical:run_batch:253 | 成功股票数: 0
2026-03-30 20:38:23 | INFO     | src.workflow.technical:run_batch:254 | 失败股票数: 0
2026-03-30 20:38:23 | WARNING  | src.workflow.technical:run_batch:257 | 处理失败的基金:
2026-03-30 20:38:23 | WARNING  | src.workflow.technical:run_batch:260 | 基金 005538: unhashable type: 'DataFrame'
2026-03-30 20:38:23 | WARNING  | src.workflow.technical:run_batch:260 | 基金 015790: unhashable type: 'DataFrame'
2026-03-30 20:38:23 | INFO     | src.workflow.technical:run_batch:264 | ============================================================
2026-03-30 20:38:23 | INFO     | src.workflow.technical:run_batch:265 | 所有基金的技术指标计算已完成!
2026-03-30 20:38:23 | INFO     | src.workflow.technical:run_batch:266 | ============================================================
2026-03-30 20:38:23 | INFO     | src.core.baostock_provider:logout:59 | baostock 已登出
2026-03-30 20:38:23 | INFO     | __main__:main:141 | ✅ 技术指标计算完成！成功处理 0/2 个基金
2026-03-30 20:38:23 | INFO     | __main__:main:144 | 
2026-03-30 20:38:23 | INFO     | __main__:main:151 | ============================================================
2026-03-30 20:38:23 | INFO     | __main__:main:152 | [步骤 3/3] 正在执行：基金加权平均分析
2026-03-30 20:38:23 | INFO     | __main__:main:153 | ============================================================
2026-03-30 20:38:23 | ERROR    | src.utils.common:load_config:44 | 加载配置文件失败: Expecting property name enclosed in double quotes: line 2 column 3 (char 4)
2026-03-30 20:38:23 | ERROR    | src.utils.common:load_config:44 | 加载配置文件失败: Expecting property name enclosed in double quotes: line 2 column 3 (char 4)
2026-03-30 20:38:23 | INFO     | src.core.data_factory:create_provider:43 | 创建数据源提供者: akshare
2026-03-30 20:38:23 | INFO     | src.core.data_factory:_init_providers:127 | 初始化数据源提供者: akshare
2026-03-30 20:38:27 | INFO     | src.core.baostock_provider:login:42 | baostock 登录成功
2026-03-30 20:38:27 | INFO     | src.core.data_factory:create_provider:43 | 创建数据源提供者: baostock
2026-03-30 20:38:27 | INFO     | src.core.data_factory:_init_providers:127 | 初始化数据源提供者: baostock
2026-03-30 20:38:27 | INFO     | src.core.data_factory:__init__:117 | 多数据源数据获取器初始化完成
2026-03-30 20:38:27 | INFO     | src.core.data_factory:__init__:118 | 股票数据源: akshare
2026-03-30 20:38:27 | INFO     | src.core.data_factory:__init__:119 | 基金数据源: akshare
2026-03-30 20:38:27 | INFO     | src.data.reader:__init__:29 | 数据读取器初始化完成，基础路径: data
2026-03-30 20:38:27 | INFO     | src.workflow.analysis:run_batch:241 | 开始进行基金加权平均分析
2026-03-30 20:38:27 | INFO     | src.workflow.analysis:run_batch:242 | 基金代码列表: ['005538', '015790']
2026-03-30 20:38:27 | INFO     | src.workflow.analysis:run_batch:247 | 
============================================================
2026-03-30 20:38:27 | INFO     | src.workflow.analysis:run_batch:248 | 开始分析基金: 005538
2026-03-30 20:38:27 | INFO     | src.workflow.analysis:run_batch:249 | ============================================================
2026-03-30 20:38:27 | INFO     | src.workflow.analysis:analyze_fund:135 | 执行基金 005538 的完整加权平均分析流程...
2026-03-30 20:38:27 | INFO     | src.workflow.analysis:analyze_fund:139 | 【步骤1】获取基金持仓数据
2026-03-30 20:38:27 | INFO     | src.workflow.analysis:get_fund_holdings_for_analysis:36 | 获取基金 005538 的持仓数据（用于分析）
2026-03-30 20:38:27 | WARNING  | src.core.data_fetcher:get_fund_portfolio_hold_em:331 | get_fund_portfolio_hold_em 方法已过时，建议使用 get_fund_portfolio
2026-03-30 20:38:27 | INFO     | src.core.data_fetcher:inner:294 | 获取基金 005538 持仓
2026-03-30 20:38:27 | INFO     | src.core.akshare_provider:get_fund_portfolio:370 | akshare 获取基金 005538 持仓
2026-03-30 20:38:27 | INFO     | src.core.akshare_provider:get_fund_portfolio:379 | 使用 fund_portfolio_hold_em 成功获取基金 005538 持仓
2026-03-30 20:38:27 | INFO     | src.workflow.analysis:analyze_fund:146 | 【步骤2】过滤最新季度数据
2026-03-30 20:38:27 | INFO     | src.workflow.base:filter_latest_quarter:101 | 过滤最新季度数据
2026-03-30 20:38:27 | INFO     | src.analysis.quarter_filter:filter_latest_quarter_data:63 | 识别到最新季度: 2025年Q4
2026-03-30 20:38:27 | INFO     | src.analysis.quarter_filter:filter_latest_quarter_data:77 | 过滤结果: 从 81 条记录中筛选出 10 条最新季度数据
2026-03-30 20:38:27 | INFO     | src.workflow.analysis:analyze_fund:154 | 最新季度持仓股票数量: 10
2026-03-30 20:38:27 | INFO     | src.workflow.analysis:analyze_fund:155 | 股票代码列表: ['301662', '688778', '688155', '300450', '301617', '688147', '688499', '301150', '002846', '300092']
2026-03-30 20:38:27 | INFO     | src.workflow.analysis:analyze_fund:158 | 【步骤3】检查股票信号数据
2026-03-30 20:38:27 | INFO     | src.workflow.analysis:check_and_calculate_missing_indicators:62 | 所有股票的信号数据已存在，跳过技术指标计算步骤
2026-03-30 20:38:27 | INFO     | src.workflow.analysis:analyze_fund:162 | 【步骤4】进行基金加权平均分析
2026-03-30 20:38:27 | INFO     | src.analysis.fund_weighted_analyzer:parse_holdings_data:280 | 解析到 10 只股票持仓数据
2026-03-30 20:38:27 | INFO     | src.analysis.fund_weighted_analyzer:analyze_fund:314 | 分析股票 301662 (宏工科技)
2026-03-30 20:38:27 | INFO     | src.analysis.fund_weighted_analyzer:analyze_fund:314 | 分析股票 688778 (厦钨新能)
2026-03-30 20:38:28 | INFO     | src.analysis.fund_weighted_analyzer:analyze_fund:314 | 分析股票 688155 (先惠技术)
2026-03-30 20:38:28 | INFO     | src.analysis.fund_weighted_analyzer:analyze_fund:314 | 分析股票 300450 (先导智能)
2026-03-30 20:38:28 | INFO     | src.analysis.fund_weighted_analyzer:analyze_fund:314 | 分析股票 301617 (博苑股份)
2026-03-30 20:38:28 | INFO     | src.analysis.fund_weighted_analyzer:analyze_fund:314 | 分析股票 688147 (微导纳米)
2026-03-30 20:38:28 | INFO     | src.analysis.fund_weighted_analyzer:analyze_fund:314 | 分析股票 688499 (利元亨)
2026-03-30 20:38:28 | INFO     | src.analysis.fund_weighted_analyzer:analyze_fund:314 | 分析股票 301150 (中一科技)
2026-03-30 20:38:28 | INFO     | src.analysis.fund_weighted_analyzer:analyze_fund:314 | 分析股票 002846 (英联股份)
2026-03-30 20:38:28 | INFO     | src.analysis.fund_weighted_analyzer:analyze_fund:314 | 分析股票 300092 (科新机电)
2026-03-30 20:38:28 | INFO     | src.workflow.analysis:analyze_fund:175 | 【步骤5】生成分析报告
2026-03-30 20:38:28 | INFO     | src.analysis.fund_weighted_analyzer:save_report:592 | 分析报告已保存到: outputs/reports\fund-analysis-005538.txt
2026-03-30 20:38:28 | INFO     | src.analysis.fund_weighted_analyzer:save_report:593 | JSON结果已保存到: outputs/reports\fund-analysis-005538.json
2026-03-30 20:38:28 | INFO     | src.workflow.analysis:analyze_fund:180 | 
============================================================
2026-03-30 20:38:28 | INFO     | src.workflow.analysis:analyze_fund:181 | 基金 005538 分析结果:
2026-03-30 20:38:28 | INFO     | src.workflow.analysis:analyze_fund:182 | ------------------------------------------------------------
2026-03-30 20:38:28 | INFO     | src.workflow.analysis:analyze_fund:183 | 加权平均得分: 0.100
2026-03-30 20:38:28 | INFO     | src.workflow.analysis:analyze_fund:184 | 基金建议: 建议持有
2026-03-30 20:38:28 | INFO     | src.workflow.analysis:analyze_fund:185 | 置信度: 24.6%
2026-03-30 20:38:28 | INFO     | src.workflow.analysis:analyze_fund:186 | 总股票数: 10
2026-03-30 20:38:28 | INFO     | src.workflow.analysis:analyze_fund:187 | 已分析股票数: 10
2026-03-30 20:38:28 | INFO     | src.workflow.analysis:analyze_fund:188 | 分析覆盖率: 100.0%
2026-03-30 20:38:28 | INFO     | src.workflow.analysis:analyze_fund:189 | ------------------------------------------------------------
2026-03-30 20:38:28 | INFO     | src.workflow.analysis:analyze_fund:196 | ⦿ 基金建议: 建议持有观望
2026-03-30 20:38:28 | INFO     | src.workflow.analysis:analyze_fund:200 | ============================================================
2026-03-30 20:38:28 | ERROR    | src.notify.config:load_notify_config:44 | 加载通知配置失败: Expecting property name enclosed in double quotes: line 2 column 3 (char 4)，使用默认配置
2026-03-30 20:38:28 | ERROR    | src.notify:send_template:116 | 模板 [fund_recommendation] 不存在
2026-03-30 20:38:28 | INFO     | src.workflow.analysis:run_batch:254 | 基金 005538 分析完成
2026-03-30 20:38:28 | INFO     | src.workflow.analysis:run_batch:255 | ============================================================

2026-03-30 20:38:28 | INFO     | src.workflow.analysis:run_batch:247 | 
============================================================
2026-03-30 20:38:28 | INFO     | src.workflow.analysis:run_batch:248 | 开始分析基金: 015790
2026-03-30 20:38:28 | INFO     | src.workflow.analysis:run_batch:249 | ============================================================
2026-03-30 20:38:28 | INFO     | src.workflow.analysis:analyze_fund:135 | 执行基金 015790 的完整加权平均分析流程...
2026-03-30 20:38:28 | INFO     | src.workflow.analysis:analyze_fund:139 | 【步骤1】获取基金持仓数据
2026-03-30 20:38:28 | INFO     | src.workflow.analysis:get_fund_holdings_for_analysis:36 | 获取基金 015790 的持仓数据（用于分析）
2026-03-30 20:38:28 | WARNING  | src.core.data_fetcher:get_fund_portfolio_hold_em:331 | get_fund_portfolio_hold_em 方法已过时，建议使用 get_fund_portfolio
2026-03-30 20:38:28 | INFO     | src.core.data_fetcher:inner:294 | 获取基金 015790 持仓
2026-03-30 20:38:28 | INFO     | src.core.akshare_provider:get_fund_portfolio:370 | akshare 获取基金 015790 持仓
2026-03-30 20:38:29 | INFO     | src.core.akshare_provider:get_fund_portfolio:379 | 使用 fund_portfolio_hold_em 成功获取基金 015790 持仓
2026-03-30 20:38:29 | INFO     | src.workflow.analysis:analyze_fund:146 | 【步骤2】过滤最新季度数据
2026-03-30 20:38:29 | INFO     | src.workflow.base:filter_latest_quarter:101 | 过滤最新季度数据
2026-03-30 20:38:29 | INFO     | src.analysis.quarter_filter:filter_latest_quarter_data:63 | 识别到最新季度: 2025年Q4
2026-03-30 20:38:29 | INFO     | src.analysis.quarter_filter:filter_latest_quarter_data:77 | 过滤结果: 从 98 条记录中筛选出 10 条最新季度数据
2026-03-30 20:38:29 | INFO     | src.workflow.analysis:analyze_fund:154 | 最新季度持仓股票数量: 10
2026-03-30 20:38:29 | INFO     | src.workflow.analysis:analyze_fund:155 | 股票代码列表: ['600118', '301005', '605598', '601698', '600879', '300342', '300136', '002149', '300762', '002565']
2026-03-30 20:38:29 | INFO     | src.workflow.analysis:analyze_fund:158 | 【步骤3】检查股票信号数据
2026-03-30 20:38:29 | INFO     | src.workflow.analysis:check_and_calculate_missing_indicators:62 | 所有股票的信号数据已存在，跳过技术指标计算步骤
2026-03-30 20:38:29 | INFO     | src.workflow.analysis:analyze_fund:162 | 【步骤4】进行基金加权平均分析
2026-03-30 20:38:29 | INFO     | src.analysis.fund_weighted_analyzer:parse_holdings_data:280 | 解析到 10 只股票持仓数据
2026-03-30 20:38:29 | INFO     | src.analysis.fund_weighted_analyzer:analyze_fund:314 | 分析股票 600118 (中国卫星)
2026-03-30 20:38:29 | INFO     | src.analysis.fund_weighted_analyzer:analyze_fund:314 | 分析股票 301005 (超捷股份)
2026-03-30 20:38:29 | INFO     | src.analysis.fund_weighted_analyzer:analyze_fund:314 | 分析股票 605598 (上海港湾)
2026-03-30 20:38:29 | INFO     | src.analysis.fund_weighted_analyzer:analyze_fund:314 | 分析股票 601698 (中国卫通)
2026-03-30 20:38:29 | INFO     | src.analysis.fund_weighted_analyzer:analyze_fund:314 | 分析股票 600879 (航天电子)
2026-03-30 20:38:29 | INFO     | src.analysis.fund_weighted_analyzer:analyze_fund:314 | 分析股票 300342 (天银机电)
2026-03-30 20:38:29 | INFO     | src.analysis.fund_weighted_analyzer:analyze_fund:314 | 分析股票 300136 (信维通信)
2026-03-30 20:38:29 | INFO     | src.analysis.fund_weighted_analyzer:analyze_fund:314 | 分析股票 002149 (西部材料)
2026-03-30 20:38:29 | INFO     | src.analysis.fund_weighted_analyzer:analyze_fund:314 | 分析股票 300762 (上海瀚讯)
2026-03-30 20:38:29 | INFO     | src.analysis.fund_weighted_analyzer:analyze_fund:314 | 分析股票 002565 (顺灏股份)
2026-03-30 20:38:29 | INFO     | src.workflow.analysis:analyze_fund:175 | 【步骤5】生成分析报告
2026-03-30 20:38:29 | INFO     | src.analysis.fund_weighted_analyzer:save_report:592 | 分析报告已保存到: outputs/reports\fund-analysis-015790.txt
2026-03-30 20:38:29 | INFO     | src.analysis.fund_weighted_analyzer:save_report:593 | JSON结果已保存到: outputs/reports\fund-analysis-015790.json
2026-03-30 20:38:29 | INFO     | src.workflow.analysis:analyze_fund:180 | 
============================================================
2026-03-30 20:38:29 | INFO     | src.workflow.analysis:analyze_fund:181 | 基金 015790 分析结果:
2026-03-30 20:38:29 | INFO     | src.workflow.analysis:analyze_fund:182 | ------------------------------------------------------------
2026-03-30 20:38:29 | INFO     | src.workflow.analysis:analyze_fund:183 | 加权平均得分: 0.151
2026-03-30 20:38:29 | INFO     | src.workflow.analysis:analyze_fund:184 | 基金建议: 建议持有
2026-03-30 20:38:29 | INFO     | src.workflow.analysis:analyze_fund:185 | 置信度: 32.8%
2026-03-30 20:38:29 | INFO     | src.workflow.analysis:analyze_fund:186 | 总股票数: 10
2026-03-30 20:38:29 | INFO     | src.workflow.analysis:analyze_fund:187 | 已分析股票数: 10
2026-03-30 20:38:29 | INFO     | src.workflow.analysis:analyze_fund:188 | 分析覆盖率: 100.0%
2026-03-30 20:38:29 | INFO     | src.workflow.analysis:analyze_fund:189 | ------------------------------------------------------------
2026-03-30 20:38:29 | INFO     | src.workflow.analysis:analyze_fund:196 | ⦿ 基金建议: 建议持有观望
2026-03-30 20:38:29 | INFO     | src.workflow.analysis:analyze_fund:200 | ============================================================
2026-03-30 20:38:29 | ERROR    | src.notify.config:load_notify_config:44 | 加载通知配置失败: Expecting property name enclosed in double quotes: line 2 column 3 (char 4)，使用默认配置
2026-03-30 20:38:29 | ERROR    | src.notify:send_template:116 | 模板 [fund_recommendation] 不存在
2026-03-30 20:38:29 | INFO     | src.workflow.analysis:run_batch:254 | 基金 015790 分析完成
2026-03-30 20:38:29 | INFO     | src.workflow.analysis:run_batch:255 | ============================================================

2026-03-30 20:38:29 | INFO     | src.workflow.analysis:summarize_analysis_results:270 | 
============================================================
2026-03-30 20:38:29 | INFO     | src.workflow.analysis:summarize_analysis_results:271 | 基金加权平均分析汇总报告
2026-03-30 20:38:29 | INFO     | src.workflow.analysis:summarize_analysis_results:272 | ============================================================
2026-03-30 20:38:29 | INFO     | src.workflow.analysis:summarize_analysis_results:278 | 总基金数: 2
2026-03-30 20:38:29 | INFO     | src.workflow.analysis:summarize_analysis_results:279 | 分析成功: 2
2026-03-30 20:38:29 | INFO     | src.workflow.analysis:summarize_analysis_results:280 | 分析失败: 0
2026-03-30 20:38:29 | INFO     | src.workflow.analysis:summarize_analysis_results:283 | 
成功分析的基金结果:
2026-03-30 20:38:29 | INFO     | src.workflow.analysis:summarize_analysis_results:284 | ------------------------------------------------------------
2026-03-30 20:38:29 | INFO     | src.workflow.analysis:summarize_analysis_results:288 | 基金代码: 005538
2026-03-30 20:38:29 | INFO     | src.workflow.analysis:summarize_analysis_results:289 | 基金名称: 基金005538
2026-03-30 20:38:29 | INFO     | src.workflow.analysis:summarize_analysis_results:290 | 加权得分: 0.100
2026-03-30 20:38:29 | INFO     | src.workflow.analysis:summarize_analysis_results:291 | 持有建议: 建议持有
2026-03-30 20:38:29 | INFO     | src.workflow.analysis:summarize_analysis_results:292 | 置信度: 24.6%
2026-03-30 20:38:29 | INFO     | src.workflow.analysis:summarize_analysis_results:293 | 报告路径: outputs/reports\fund-analysis-005538.txt
2026-03-30 20:38:29 | INFO     | src.workflow.analysis:summarize_analysis_results:294 | ------------------------------------------------------------
2026-03-30 20:38:29 | INFO     | src.workflow.analysis:summarize_analysis_results:288 | 基金代码: 015790
2026-03-30 20:38:29 | INFO     | src.workflow.analysis:summarize_analysis_results:289 | 基金名称: 基金015790
2026-03-30 20:38:29 | INFO     | src.workflow.analysis:summarize_analysis_results:290 | 加权得分: 0.151
2026-03-30 20:38:29 | INFO     | src.workflow.analysis:summarize_analysis_results:291 | 持有建议: 建议持有
2026-03-30 20:38:29 | INFO     | src.workflow.analysis:summarize_analysis_results:292 | 置信度: 32.8%
2026-03-30 20:38:29 | INFO     | src.workflow.analysis:summarize_analysis_results:293 | 报告路径: outputs/reports\fund-analysis-015790.txt
2026-03-30 20:38:29 | INFO     | src.workflow.analysis:summarize_analysis_results:294 | ------------------------------------------------------------
2026-03-30 20:38:29 | INFO     | src.workflow.analysis:summarize_analysis_results:302 | 
持有建议分布:
2026-03-30 20:38:29 | INFO     | src.workflow.analysis:summarize_analysis_results:305 |   建议持有: 2只 (100.0%)
2026-03-30 20:38:29 | INFO     | src.workflow.analysis:summarize_analysis_results:313 | 
============================================================
2026-03-30 20:38:29 | INFO     | src.workflow.analysis:summarize_analysis_results:314 | 基金加权平均分析已完成!
2026-03-30 20:38:29 | INFO     | src.workflow.analysis:summarize_analysis_results:315 | ============================================================
2026-03-30 20:38:29 | INFO     | src.core.baostock_provider:logout:59 | baostock 已登出
2026-03-30 20:38:29 | INFO     | __main__:main:165 | ✅ 基金加权平均分析完成！
2026-03-30 20:38:29 | INFO     | __main__:main:166 |    总基金数: 2
2026-03-30 20:38:29 | INFO     | __main__:main:167 |    分析成功: 2
2026-03-30 20:38:29 | INFO     | __main__:main:168 |    分析失败: 0
2026-03-30 20:38:29 | INFO     | __main__:main:171 | 
成功分析的基金结果:
2026-03-30 20:38:29 | INFO     | __main__:main:172 | ------------------------------------------------------------
2026-03-30 20:38:29 | INFO     | __main__:main:175 | 基金代码: 005538
2026-03-30 20:38:29 | INFO     | __main__:main:176 | 基金名称: 基金005538
2026-03-30 20:38:29 | INFO     | __main__:main:177 | 加权得分: 0.100
2026-03-30 20:38:29 | INFO     | __main__:main:178 | 持有建议: 建议持有
2026-03-30 20:38:29 | INFO     | __main__:main:179 | 置信度: 24.6%
2026-03-30 20:38:29 | INFO     | __main__:main:180 | 报告路径: outputs/reports\fund-analysis-005538.txt
2026-03-30 20:38:29 | INFO     | __main__:main:181 | ------------------------------------------------------------
2026-03-30 20:38:29 | INFO     | __main__:main:175 | 基金代码: 015790
2026-03-30 20:38:29 | INFO     | __main__:main:176 | 基金名称: 基金015790
2026-03-30 20:38:29 | INFO     | __main__:main:177 | 加权得分: 0.151
2026-03-30 20:38:29 | INFO     | __main__:main:178 | 持有建议: 建议持有
2026-03-30 20:38:29 | INFO     | __main__:main:179 | 置信度: 32.8%
2026-03-30 20:38:29 | INFO     | __main__:main:180 | 报告路径: outputs/reports\fund-analysis-015790.txt
2026-03-30 20:38:29 | INFO     | __main__:main:181 | ------------------------------------------------------------
2026-03-30 20:38:29 | INFO     | __main__:main:183 | 
2026-03-30 20:38:29 | WARNING  | src.notify:send:76 | 没有可用的通知渠道
2026-03-30 20:38:29 | WARNING  | __main__:send_notification:223 | ❌ 通知发送失败！
2026-03-30 20:38:29 | INFO     | __main__:main:201 | ============================================================
2026-03-30 20:38:29 | INFO     | __main__:main:202 | 自动化执行流程全部完成！
2026-03-30 20:38:29 | INFO     | __main__:main:203 | 完成时间: 2026-03-30 20:38:29
2026-03-30 20:38:29 | INFO     | __main__:main:204 | ============================================================
2026-03-30 20:46:07 | ERROR    | src.notify.config:load_notify_config:44 | 加载通知配置失败: Expecting property name enclosed in double quotes: line 2 column 3 (char 4)，使用默认配置
2026-03-30 20:46:07 | INFO     | src.notify:_load_channels:33 | 通知模块未启用
2026-03-30 20:46:07 | WARNING  | src.notify:send:76 | 没有可用的通知渠道
2026-03-30 20:48:07 | INFO     | src.notify:_load_channels:49 | 通知渠道 [ntfy] 初始化成功
2026-03-30 20:48:07 | INFO     | src.notify:_load_channels:49 | 通知渠道 [markdown] 初始化成功
2026-03-30 20:48:08 | INFO     | src.notify.channels.ntfy:_do_send:78 | ntfy 推送成功
2026-03-30 20:48:08 | INFO     | src.notify.channels.markdown:_do_send:75 | Markdown 文件已保存: ./notify_logs\notify_20260330_204808.md
2026-03-30 20:52:51 | INFO     | src.notify:_load_channels:49 | 通知渠道 [ntfy] 初始化成功
2026-03-30 20:52:51 | INFO     | src.notify:_load_channels:49 | 通知渠道 [markdown] 初始化成功
2026-03-30 20:52:52 | INFO     | src.notify.channels.ntfy:_do_send:68 | ntfy 推送成功
2026-03-30 20:52:52 | INFO     | src.notify.channels.markdown:_do_send:75 | Markdown 文件已保存: ./notify_logs\notify_20260330_205252.md
2026-03-30 20:54:07 | INFO     | src.notify:_load_channels:49 | 通知渠道 [ntfy] 初始化成功
2026-03-30 20:54:07 | INFO     | src.notify:_load_channels:49 | 通知渠道 [markdown] 初始化成功
2026-03-30 20:54:07 | INFO     | __main__:main:99 | ============================================================
2026-03-30 20:54:07 | INFO     | __main__:main:100 | 开始自动化执行流程（按 3→1→2 顺序）
2026-03-30 20:54:07 | INFO     | __main__:main:101 | ============================================================
2026-03-30 20:54:07 | INFO     | __main__:main:109 | 配置信息:
2026-03-30 20:54:07 | INFO     | __main__:main:110 |   基金代码: ['005538']
2026-03-30 20:54:07 | INFO     | __main__:main:111 |   开始日期: 2019-01-01
2026-03-30 20:54:07 | INFO     | __main__:main:112 |   数据目录: stock_data
2026-03-30 20:54:07 | INFO     | __main__:main:113 | 
2026-03-30 20:54:07 | INFO     | __main__:main:116 | ============================================================
2026-03-30 20:54:07 | INFO     | __main__:main:117 | [步骤 1/3] 正在执行：更新数据
2026-03-30 20:54:07 | INFO     | __main__:main:118 | ============================================================
2026-03-30 20:54:07 | INFO     | src.update_data:run_update_workflow:195 | 开始数据更新流程
2026-03-30 20:54:07 | INFO     | src.update_data:run_update_workflow:196 | 基金代码列表: ['005538']
2026-03-30 20:54:07 | INFO     | src.update_data:run_update_workflow:197 | 开始日期: 2019-01-01
2026-03-30 20:54:07 | INFO     | src.update_data:run_update_workflow:198 | 数据目录: stock_data
2026-03-30 20:54:07 | INFO     | src.update_data:update_data:20 | 开始更新数据，基金代码: ['005538']
2026-03-30 20:54:07 | INFO     | src.notify.channels.ntfy:_do_send:68 | ntfy 推送成功
2026-03-30 20:54:07 | INFO     | src.notify.channels.markdown:_do_send:75 | Markdown 文件已保存: ./notify_logs\notify_20260330_205407.md
2026-03-30 20:54:07 | INFO     | src.core.data_factory:create_provider:43 | 创建数据源提供者: akshare
2026-03-30 20:54:07 | INFO     | src.core.data_factory:_init_providers:127 | 初始化数据源提供者: akshare
2026-03-30 20:54:08 | INFO     | src.core.baostock_provider:login:42 | baostock 登录成功
2026-03-30 20:54:08 | INFO     | src.core.data_factory:create_provider:43 | 创建数据源提供者: baostock
2026-03-30 20:54:08 | INFO     | src.core.data_factory:_init_providers:127 | 初始化数据源提供者: baostock
2026-03-30 20:54:08 | INFO     | src.core.data_factory:__init__:117 | 多数据源数据获取器初始化完成
2026-03-30 20:54:08 | INFO     | src.core.data_factory:__init__:118 | 股票数据源: baostock
2026-03-30 20:54:08 | INFO     | src.core.data_factory:__init__:119 | 基金数据源: akshare
2026-03-30 20:54:08 | INFO     | src.data.reader:__init__:29 | 数据读取器初始化完成，基础路径: data
2026-03-30 20:54:08 | INFO     | src.update_data:update_data:37 | 步骤1: 更新基金持仓数据
2026-03-30 20:54:08 | WARNING  | src.core.data_fetcher:get_fund_portfolio_hold_em:331 | get_fund_portfolio_hold_em 方法已过时，建议使用 get_fund_portfolio
2026-03-30 20:54:08 | INFO     | src.core.data_fetcher:inner:294 | 获取基金 005538 持仓
2026-03-30 20:54:08 | INFO     | src.core.akshare_provider:get_fund_portfolio:370 | akshare 获取基金 005538 持仓
2026-03-30 20:54:08 | INFO     | src.core.akshare_provider:get_fund_portfolio:379 | 使用 fund_portfolio_hold_em 成功获取基金 005538 持仓
2026-03-30 20:54:08 | INFO     | src.core.data_fetcher:save_data:432 | 保存数据到 csv 文件: fund_portfolio_005538
2026-03-30 20:54:08 | INFO     | src.core.data_fetcher:save_data:452 | 数据保存成功: ./data\fund_portfolio_005538.csv
2026-03-30 20:54:08 | DEBUG    | src.update_data:update_data:80 | 获取基金 005538 基本信息失败（可选功能）: 'AkFund' object has no attribute 'get_fund_info_em'
2026-03-30 20:54:08 | INFO     | src.update_data:update_data:89 | 基金 005538 持仓数据更新成功，共 81 条记录
2026-03-30 20:54:08 | INFO     | src.update_data:update_data:100 | 步骤2: 获取所有基金的持仓股票
2026-03-30 20:54:08 | INFO     | src.analysis.quarter_filter:filter_latest_quarter_data:63 | 识别到最新季度: 2025年Q4
2026-03-30 20:54:08 | INFO     | src.analysis.quarter_filter:filter_latest_quarter_data:77 | 过滤结果: 从 81 条记录中筛选出 10 条最新季度数据
2026-03-30 20:54:08 | INFO     | src.update_data:update_data:114 | 需要更新的股票数量: 10
2026-03-30 20:54:08 | INFO     | src.update_data:update_data:115 | 股票代码列表: ['688155', '301662', '300450', '688147', '301150', '301617', '688778', '002846', '300092', '688499']
2026-03-30 20:54:08 | INFO     | src.update_data:update_data:118 | 步骤3: 更新股票K线数据
2026-03-30 20:54:08 | INFO     | src.core.data_fetcher:inner:197 | 获取股票 688155 daily K线数据
2026-03-30 20:54:54 | INFO     | src.core.baostock_provider:get_stock_kline:243 | baostock 获取股票 688155 daily K线数据成功，共 1364 条
2026-03-30 20:54:54 | INFO     | src.core.data_fetcher:save_data:432 | 保存数据到 csv 文件: stock_data/688155_kline
2026-03-30 20:54:54 | INFO     | src.core.data_fetcher:save_data:452 | 数据保存成功: ./data\stock_data/688155_kline.csv
2026-03-30 20:54:54 | DEBUG    | src.update_data:update_data:144 | 股票 688155 K线数据更新成功，共 1364 条记录
2026-03-30 20:54:54 | INFO     | src.core.data_fetcher:inner:197 | 获取股票 301662 daily K线数据
2026-03-30 20:54:55 | INFO     | src.core.baostock_provider:get_stock_kline:243 | baostock 获取股票 301662 daily K线数据成功，共 230 条
2026-03-30 20:54:55 | INFO     | src.core.data_fetcher:save_data:432 | 保存数据到 csv 文件: stock_data/301662_kline
2026-03-30 20:54:55 | INFO     | src.core.data_fetcher:save_data:452 | 数据保存成功: ./data\stock_data/301662_kline.csv
2026-03-30 20:54:55 | DEBUG    | src.update_data:update_data:144 | 股票 301662 K线数据更新成功，共 230 条记录
2026-03-30 20:54:55 | INFO     | src.core.data_fetcher:inner:197 | 获取股票 300450 daily K线数据
2026-03-30 20:55:03 | INFO     | src.core.baostock_provider:get_stock_kline:243 | baostock 获取股票 300450 daily K线数据成功，共 1754 条
2026-03-30 20:55:03 | INFO     | src.core.data_fetcher:save_data:432 | 保存数据到 csv 文件: stock_data/300450_kline
2026-03-30 20:55:03 | INFO     | src.core.data_fetcher:save_data:452 | 数据保存成功: ./data\stock_data/300450_kline.csv
2026-03-30 20:55:03 | DEBUG    | src.update_data:update_data:144 | 股票 300450 K线数据更新成功，共 1754 条记录
2026-03-30 20:55:03 | INFO     | src.core.data_fetcher:inner:197 | 获取股票 688147 daily K线数据
2026-03-30 20:55:07 | INFO     | src.core.baostock_provider:get_stock_kline:243 | baostock 获取股票 688147 daily K线数据成功，共 788 条
2026-03-30 20:55:07 | INFO     | src.core.data_fetcher:save_data:432 | 保存数据到 csv 文件: stock_data/688147_kline
2026-03-30 20:55:07 | INFO     | src.core.data_fetcher:save_data:452 | 数据保存成功: ./data\stock_data/688147_kline.csv
2026-03-30 20:55:07 | DEBUG    | src.update_data:update_data:144 | 股票 688147 K线数据更新成功，共 788 条记录
2026-03-30 20:55:07 | INFO     | src.core.data_fetcher:inner:197 | 获取股票 301150 daily K线数据
2026-03-30 20:56:13 | INFO     | src.core.baostock_provider:get_stock_kline:243 | baostock 获取股票 301150 daily K线数据成功，共 954 条
2026-03-30 20:56:13 | INFO     | src.core.data_fetcher:save_data:432 | 保存数据到 csv 文件: stock_data/301150_kline
2026-03-30 20:56:13 | INFO     | src.core.data_fetcher:save_data:452 | 数据保存成功: ./data\stock_data/301150_kline.csv
2026-03-30 20:56:13 | DEBUG    | src.update_data:update_data:144 | 股票 301150 K线数据更新成功，共 954 条记录
2026-03-30 20:56:13 | INFO     | src.core.data_fetcher:inner:197 | 获取股票 301617 daily K线数据
2026-03-30 20:56:14 | INFO     | src.core.baostock_provider:get_stock_kline:243 | baostock 获取股票 301617 daily K线数据成功，共 313 条
2026-03-30 20:56:14 | INFO     | src.core.data_fetcher:save_data:432 | 保存数据到 csv 文件: stock_data/301617_kline
2026-03-30 20:56:14 | INFO     | src.core.data_fetcher:save_data:452 | 数据保存成功: ./data\stock_data/301617_kline.csv
2026-03-30 20:56:14 | DEBUG    | src.update_data:update_data:144 | 股票 301617 K线数据更新成功，共 313 条记录
2026-03-30 20:56:14 | INFO     | src.core.data_fetcher:inner:197 | 获取股票 688778 daily K线数据
2026-03-30 20:56:24 | INFO     | src.core.baostock_provider:get_stock_kline:243 | baostock 获取股票 688778 daily K线数据成功，共 1124 条
2026-03-30 20:56:24 | INFO     | src.core.data_fetcher:save_data:432 | 保存数据到 csv 文件: stock_data/688778_kline
2026-03-30 20:56:24 | INFO     | src.core.data_fetcher:save_data:452 | 数据保存成功: ./data\stock_data/688778_kline.csv
2026-03-30 20:56:24 | DEBUG    | src.update_data:update_data:144 | 股票 688778 K线数据更新成功，共 1124 条记录
2026-03-30 20:56:24 | INFO     | src.core.data_fetcher:inner:197 | 获取股票 002846 daily K线数据
2026-03-30 20:58:27 | INFO     | src.notify:_load_channels:49 | 通知渠道 [ntfy] 初始化成功
2026-03-30 20:58:27 | INFO     | src.notify:_load_channels:49 | 通知渠道 [markdown] 初始化成功
2026-03-30 20:58:27 | INFO     | __main__:main:99 | ============================================================
2026-03-30 20:58:27 | INFO     | __main__:main:100 | 开始自动化执行流程（按 3→1→2 顺序）
2026-03-30 20:58:27 | INFO     | __main__:main:101 | ============================================================
2026-03-30 20:58:27 | INFO     | __main__:main:109 | 配置信息:
2026-03-30 20:58:27 | INFO     | __main__:main:110 |   基金代码: ['005538']
2026-03-30 20:58:27 | INFO     | __main__:main:111 |   开始日期: 2019-01-01
2026-03-30 20:58:27 | INFO     | __main__:main:112 |   数据目录: stock_data
2026-03-30 20:58:27 | INFO     | __main__:main:113 | 
2026-03-30 20:58:27 | INFO     | __main__:main:116 | ============================================================
2026-03-30 20:58:27 | INFO     | __main__:main:117 | [步骤 1/3] 正在执行：更新数据
2026-03-30 20:58:27 | INFO     | __main__:main:118 | ============================================================
2026-03-30 20:58:27 | INFO     | src.update_data:run_update_workflow:195 | 开始数据更新流程
2026-03-30 20:58:27 | INFO     | src.update_data:run_update_workflow:196 | 基金代码列表: ['005538']
2026-03-30 20:58:27 | INFO     | src.update_data:run_update_workflow:197 | 开始日期: 2019-01-01
2026-03-30 20:58:27 | INFO     | src.update_data:run_update_workflow:198 | 数据目录: stock_data
2026-03-30 20:58:27 | INFO     | src.update_data:update_data:20 | 开始更新数据，基金代码: ['005538']
2026-03-30 20:58:28 | INFO     | src.notify.channels.ntfy:_do_send:68 | ntfy 推送成功
2026-03-30 20:58:28 | INFO     | src.notify.channels.markdown:_do_send:75 | Markdown 文件已保存: ./notify_logs\notify_20260330_205828.md
2026-03-30 20:58:28 | INFO     | src.core.data_factory:create_provider:43 | 创建数据源提供者: akshare
2026-03-30 20:58:28 | INFO     | src.core.data_factory:_init_providers:127 | 初始化数据源提供者: akshare
2026-03-30 20:58:28 | INFO     | src.core.baostock_provider:login:42 | baostock 登录成功
2026-03-30 20:58:28 | INFO     | src.core.data_factory:create_provider:43 | 创建数据源提供者: baostock
2026-03-30 20:58:28 | INFO     | src.core.data_factory:_init_providers:127 | 初始化数据源提供者: baostock
2026-03-30 20:58:28 | INFO     | src.core.data_factory:__init__:117 | 多数据源数据获取器初始化完成
2026-03-30 20:58:28 | INFO     | src.core.data_factory:__init__:118 | 股票数据源: baostock
2026-03-30 20:58:28 | INFO     | src.core.data_factory:__init__:119 | 基金数据源: akshare
2026-03-30 20:58:28 | INFO     | src.data.reader:__init__:29 | 数据读取器初始化完成，基础路径: data
2026-03-30 20:58:28 | INFO     | src.update_data:update_data:37 | 步骤1: 更新基金持仓数据
2026-03-30 20:58:28 | WARNING  | src.core.data_fetcher:get_fund_portfolio_hold_em:331 | get_fund_portfolio_hold_em 方法已过时，建议使用 get_fund_portfolio
2026-03-30 20:58:28 | INFO     | src.core.data_fetcher:inner:294 | 获取基金 005538 持仓
2026-03-30 20:58:28 | INFO     | src.core.akshare_provider:get_fund_portfolio:370 | akshare 获取基金 005538 持仓
2026-03-30 20:58:29 | INFO     | src.core.akshare_provider:get_fund_portfolio:379 | 使用 fund_portfolio_hold_em 成功获取基金 005538 持仓
2026-03-30 20:58:29 | INFO     | src.core.data_fetcher:save_data:432 | 保存数据到 csv 文件: fund_portfolio_005538
2026-03-30 20:58:29 | INFO     | src.core.data_fetcher:save_data:452 | 数据保存成功: ./data\fund_portfolio_005538.csv
2026-03-30 20:58:29 | DEBUG    | src.update_data:update_data:80 | 获取基金 005538 基本信息失败（可选功能）: 'AkFund' object has no attribute 'get_fund_info_em'
2026-03-30 20:58:29 | INFO     | src.update_data:update_data:89 | 基金 005538 持仓数据更新成功，共 81 条记录
2026-03-30 20:58:29 | INFO     | src.update_data:update_data:100 | 步骤2: 获取所有基金的持仓股票
2026-03-30 20:58:29 | INFO     | src.analysis.quarter_filter:filter_latest_quarter_data:63 | 识别到最新季度: 2025年Q4
2026-03-30 20:58:29 | INFO     | src.analysis.quarter_filter:filter_latest_quarter_data:77 | 过滤结果: 从 81 条记录中筛选出 10 条最新季度数据
2026-03-30 20:58:29 | INFO     | src.update_data:update_data:114 | 需要更新的股票数量: 10
2026-03-30 20:58:29 | INFO     | src.update_data:update_data:115 | 股票代码列表: ['301662', '688155', '688778', '002846', '688499', '301617', '301150', '300092', '300450', '688147']
2026-03-30 20:58:29 | INFO     | src.update_data:update_data:118 | 步骤3: 更新股票K线数据
2026-03-30 20:58:29 | INFO     | src.core.data_fetcher:inner:197 | 获取股票 301662 daily K线数据
2026-03-30 20:58:33 | INFO     | src.core.baostock_provider:get_stock_kline:243 | baostock 获取股票 301662 daily K线数据成功，共 230 条
2026-03-30 20:58:33 | INFO     | src.core.data_fetcher:save_data:432 | 保存数据到 csv 文件: stock_data/301662_kline
2026-03-30 20:58:33 | INFO     | src.core.data_fetcher:save_data:452 | 数据保存成功: ./data\stock_data/301662_kline.csv
2026-03-30 20:58:33 | DEBUG    | src.update_data:update_data:144 | 股票 301662 K线数据更新成功，共 230 条记录
2026-03-30 20:58:33 | INFO     | src.core.data_fetcher:inner:197 | 获取股票 688155 daily K线数据
2026-03-30 20:58:38 | INFO     | src.core.baostock_provider:get_stock_kline:243 | baostock 获取股票 688155 daily K线数据成功，共 1364 条
2026-03-30 20:58:38 | INFO     | src.core.data_fetcher:save_data:432 | 保存数据到 csv 文件: stock_data/688155_kline
2026-03-30 20:58:38 | INFO     | src.core.data_fetcher:save_data:452 | 数据保存成功: ./data\stock_data/688155_kline.csv
2026-03-30 20:58:38 | DEBUG    | src.update_data:update_data:144 | 股票 688155 K线数据更新成功，共 1364 条记录
2026-03-30 20:58:38 | INFO     | src.core.data_fetcher:inner:197 | 获取股票 688778 daily K线数据
2026-03-30 20:58:42 | INFO     | src.core.baostock_provider:get_stock_kline:243 | baostock 获取股票 688778 daily K线数据成功，共 1124 条
2026-03-30 20:58:42 | INFO     | src.core.data_fetcher:save_data:432 | 保存数据到 csv 文件: stock_data/688778_kline
2026-03-30 20:58:42 | INFO     | src.core.data_fetcher:save_data:452 | 数据保存成功: ./data\stock_data/688778_kline.csv
2026-03-30 20:58:42 | DEBUG    | src.update_data:update_data:144 | 股票 688778 K线数据更新成功，共 1124 条记录
2026-03-30 20:58:42 | INFO     | src.core.data_fetcher:inner:197 | 获取股票 002846 daily K线数据
2026-03-30 20:58:47 | INFO     | src.core.baostock_provider:get_stock_kline:243 | baostock 获取股票 002846 daily K线数据成功，共 1754 条
2026-03-30 20:58:47 | INFO     | src.core.data_fetcher:save_data:432 | 保存数据到 csv 文件: stock_data/002846_kline
2026-03-30 20:58:47 | INFO     | src.core.data_fetcher:save_data:452 | 数据保存成功: ./data\stock_data/002846_kline.csv
2026-03-30 20:58:47 | DEBUG    | src.update_data:update_data:144 | 股票 002846 K线数据更新成功，共 1754 条记录
2026-03-30 20:58:47 | INFO     | src.core.data_fetcher:inner:197 | 获取股票 688499 daily K线数据
2026-03-30 20:58:57 | INFO     | src.core.baostock_provider:get_stock_kline:243 | baostock 获取股票 688499 daily K线数据成功，共 1149 条
2026-03-30 20:58:57 | INFO     | src.core.data_fetcher:save_data:432 | 保存数据到 csv 文件: stock_data/688499_kline
2026-03-30 20:58:57 | INFO     | src.core.data_fetcher:save_data:452 | 数据保存成功: ./data\stock_data/688499_kline.csv
2026-03-30 20:58:57 | DEBUG    | src.update_data:update_data:144 | 股票 688499 K线数据更新成功，共 1149 条记录
2026-03-30 20:58:57 | INFO     | src.core.data_fetcher:inner:197 | 获取股票 301617 daily K线数据
2026-03-30 20:58:57 | INFO     | src.core.baostock_provider:get_stock_kline:243 | baostock 获取股票 301617 daily K线数据成功，共 313 条
2026-03-30 20:58:57 | INFO     | src.core.data_fetcher:save_data:432 | 保存数据到 csv 文件: stock_data/301617_kline
2026-03-30 20:58:57 | INFO     | src.core.data_fetcher:save_data:452 | 数据保存成功: ./data\stock_data/301617_kline.csv
2026-03-30 20:58:57 | DEBUG    | src.update_data:update_data:144 | 股票 301617 K线数据更新成功，共 313 条记录
2026-03-30 20:58:57 | INFO     | src.core.data_fetcher:inner:197 | 获取股票 301150 daily K线数据
2026-03-30 20:59:04 | INFO     | src.core.baostock_provider:get_stock_kline:243 | baostock 获取股票 301150 daily K线数据成功，共 954 条
2026-03-30 20:59:04 | INFO     | src.core.data_fetcher:save_data:432 | 保存数据到 csv 文件: stock_data/301150_kline
2026-03-30 20:59:04 | INFO     | src.core.data_fetcher:save_data:452 | 数据保存成功: ./data\stock_data/301150_kline.csv
2026-03-30 20:59:04 | DEBUG    | src.update_data:update_data:144 | 股票 301150 K线数据更新成功，共 954 条记录
2026-03-30 20:59:04 | INFO     | src.core.data_fetcher:inner:197 | 获取股票 300092 daily K线数据
2026-03-30 20:59:24 | INFO     | src.core.baostock_provider:get_stock_kline:243 | baostock 获取股票 300092 daily K线数据成功，共 1754 条
2026-03-30 20:59:24 | INFO     | src.core.data_fetcher:save_data:432 | 保存数据到 csv 文件: stock_data/300092_kline
2026-03-30 20:59:24 | INFO     | src.core.data_fetcher:save_data:452 | 数据保存成功: ./data\stock_data/300092_kline.csv
2026-03-30 20:59:24 | DEBUG    | src.update_data:update_data:144 | 股票 300092 K线数据更新成功，共 1754 条记录
2026-03-30 20:59:24 | INFO     | src.core.data_fetcher:inner:197 | 获取股票 300450 daily K线数据
2026-03-30 20:59:29 | INFO     | src.core.baostock_provider:get_stock_kline:243 | baostock 获取股票 300450 daily K线数据成功，共 1754 条
2026-03-30 20:59:29 | INFO     | src.core.data_fetcher:save_data:432 | 保存数据到 csv 文件: stock_data/300450_kline
2026-03-30 20:59:29 | INFO     | src.core.data_fetcher:save_data:452 | 数据保存成功: ./data\stock_data/300450_kline.csv
2026-03-30 20:59:29 | DEBUG    | src.update_data:update_data:144 | 股票 300450 K线数据更新成功，共 1754 条记录
2026-03-30 20:59:29 | INFO     | src.core.data_fetcher:inner:197 | 获取股票 688147 daily K线数据
2026-03-30 20:59:33 | INFO     | src.core.baostock_provider:get_stock_kline:243 | baostock 获取股票 688147 daily K线数据成功，共 788 条
2026-03-30 20:59:33 | INFO     | src.core.data_fetcher:save_data:432 | 保存数据到 csv 文件: stock_data/688147_kline
2026-03-30 20:59:33 | INFO     | src.core.data_fetcher:save_data:452 | 数据保存成功: ./data\stock_data/688147_kline.csv
2026-03-30 20:59:33 | DEBUG    | src.update_data:update_data:144 | 股票 688147 K线数据更新成功，共 788 条记录
2026-03-30 20:59:33 | INFO     | src.update_data:update_data:162 | 步骤4: 生成汇总报告
2026-03-30 20:59:33 | INFO     | src.update_data:update_data:169 | ============================================================
2026-03-30 20:59:33 | INFO     | src.update_data:update_data:170 | 数据更新完成!
2026-03-30 20:59:33 | INFO     | src.update_data:update_data:171 | ============================================================
2026-03-30 20:59:33 | INFO     | src.update_data:update_data:172 | 基金数据: 成功 1 / 失败 0
2026-03-30 20:59:33 | INFO     | src.update_data:update_data:173 | 股票数据: 成功 10 / 失败 0
2026-03-30 20:59:33 | INFO     | src.update_data:update_data:174 | 总更新记录: 11 条
2026-03-30 20:59:33 | INFO     | src.update_data:update_data:175 | ============================================================
2026-03-30 20:59:33 | ERROR    | src.notify.channels.ntfy:_do_send:74 | ntfy 推送异常: HTTPSConnectionPool(host='ntfy.sh', port=443): Max retries exceeded with url: /process-notify-001 (Caused by SSLError(SSLEOFError(8, '[SSL: UNEXPECTED_EOF_WHILE_READING] EOF occurred in violation of protocol (_ssl.c:1000)')))
2026-03-30 20:59:33 | WARNING  | src.notify.channels.base:send:78 | NtfyChannel 发送失败 (尝试 1/3)
2026-03-30 20:59:34 | ERROR    | src.notify.channels.ntfy:_do_send:74 | ntfy 推送异常: HTTPSConnectionPool(host='ntfy.sh', port=443): Max retries exceeded with url: /process-notify-001 (Caused by SSLError(SSLEOFError(8, '[SSL: UNEXPECTED_EOF_WHILE_READING] EOF occurred in violation of protocol (_ssl.c:1000)')))
2026-03-30 20:59:34 | WARNING  | src.notify.channels.base:send:78 | NtfyChannel 发送失败 (尝试 2/3)
2026-03-30 20:59:35 | ERROR    | src.notify.channels.ntfy:_do_send:74 | ntfy 推送异常: HTTPSConnectionPool(host='ntfy.sh', port=443): Max retries exceeded with url: /process-notify-001 (Caused by SSLError(SSLEOFError(8, '[SSL: UNEXPECTED_EOF_WHILE_READING] EOF occurred in violation of protocol (_ssl.c:1000)')))
2026-03-30 20:59:35 | WARNING  | src.notify.channels.base:send:78 | NtfyChannel 发送失败 (尝试 3/3)
2026-03-30 20:59:35 | INFO     | src.notify.channels.markdown:_do_send:75 | Markdown 文件已保存: ./notify_logs\notify_20260330_205935.md
2026-03-30 20:59:35 | INFO     | src.update_data:run_update_workflow:203 | 数据更新流程完成!
2026-03-30 20:59:35 | INFO     | __main__:main:121 | ✅ 数据更新完成！处理了 4 个基金
2026-03-30 20:59:35 | INFO     | __main__:main:122 | 
2026-03-30 20:59:35 | INFO     | __main__:main:129 | ============================================================
2026-03-30 20:59:35 | INFO     | __main__:main:130 | [步骤 2/3] 正在执行：技术指标计算
2026-03-30 20:59:35 | INFO     | __main__:main:131 | ============================================================
2026-03-30 20:59:35 | INFO     | src.core.data_factory:create_provider:43 | 创建数据源提供者: akshare
2026-03-30 20:59:35 | INFO     | src.core.data_factory:_init_providers:127 | 初始化数据源提供者: akshare
2026-03-30 20:59:36 | INFO     | src.core.baostock_provider:login:42 | baostock 登录成功
2026-03-30 20:59:36 | INFO     | src.core.data_factory:create_provider:43 | 创建数据源提供者: baostock
2026-03-30 20:59:36 | INFO     | src.core.data_factory:_init_providers:127 | 初始化数据源提供者: baostock
2026-03-30 20:59:36 | INFO     | src.core.data_factory:__init__:117 | 多数据源数据获取器初始化完成
2026-03-30 20:59:36 | INFO     | src.core.data_factory:__init__:118 | 股票数据源: baostock
2026-03-30 20:59:36 | INFO     | src.core.data_factory:__init__:119 | 基金数据源: akshare
2026-03-30 20:59:36 | INFO     | src.data.reader:__init__:29 | 数据读取器初始化完成，基础路径: data
2026-03-30 20:59:36 | INFO     | src.workflow.technical:run_batch:212 | 开始批量处理 1 个基金的技术指标计算
2026-03-30 20:59:36 | INFO     | src.workflow.technical:run_batch:213 | 基金代码列表: ['005538']
2026-03-30 20:59:36 | INFO     | src.workflow.technical:run_batch:219 | 
============================================================
2026-03-30 20:59:36 | INFO     | src.workflow.technical:run_batch:220 | 开始处理基金: 005538
2026-03-30 20:59:36 | INFO     | src.workflow.technical:process_fund:99 | 开始处理基金 005538 的持仓股票技术指标计算
2026-03-30 20:59:36 | INFO     | src.workflow.base:get_fund_holdings:85 | 获取基金 005538 的持仓数据
2026-03-30 20:59:36 | INFO     | src.core.data_fetcher:inner:294 | 获取基金 005538 持仓
2026-03-30 20:59:36 | INFO     | src.core.akshare_provider:get_fund_portfolio:370 | akshare 获取基金 005538 持仓
2026-03-30 20:59:37 | INFO     | src.core.baostock_provider:logout:59 | baostock 已登出
2026-03-30 20:59:37 | INFO     | src.core.akshare_provider:get_fund_portfolio:379 | 使用 fund_portfolio_hold_em 成功获取基金 005538 持仓
2026-03-30 20:59:37 | INFO     | src.workflow.base:filter_latest_quarter:101 | 过滤最新季度数据
2026-03-30 20:59:37 | INFO     | src.analysis.quarter_filter:filter_latest_quarter_data:63 | 识别到最新季度: 2025年Q4
2026-03-30 20:59:37 | INFO     | src.analysis.quarter_filter:filter_latest_quarter_data:77 | 过滤结果: 从 81 条记录中筛选出 10 条最新季度数据
2026-03-30 20:59:37 | INFO     | src.workflow.technical:process_fund:116 | 最新季度持仓股票数量: 10
2026-03-30 20:59:37 | INFO     | src.workflow.technical:process_fund:117 | 股票代码列表: ['301662', '688778', '688155', '300450', '301617', '688147', '688499', '301150', '002846', '300092']
2026-03-30 20:59:37 | INFO     | src.workflow.base:get_stock_data:115 | 批量处理 10 只股票的数据
2026-03-30 20:59:37 | INFO     | src.data.reader:list_files:221 | 在 data\stock_data 中找到 20 个文件
2026-03-30 20:59:37 | INFO     | src.data.reader:list_stock_files:241 | 找到 20 个股票数据文件
2026-03-30 20:59:37 | INFO     | src.data.reader:list_files:221 | 在 data\stock_data 中找到 20 个文件
2026-03-30 20:59:37 | INFO     | src.data.reader:list_files:221 | 在 data\stock_data 中找到 20 个文件
2026-03-30 20:59:37 | INFO     | src.data.reader:list_files:221 | 在 data\stock_data 中找到 20 个文件
2026-03-30 20:59:37 | INFO     | src.data.reader:read_csv:53 | 读取CSV文件: data\stock_data\301662_kline.csv
2026-03-30 20:59:37 | INFO     | src.data.reader:list_stock_files:241 | 找到 20 个股票数据文件
2026-03-30 20:59:37 | INFO     | src.data.reader:list_stock_files:241 | 找到 20 个股票数据文件
2026-03-30 20:59:37 | INFO     | src.data.reader:list_stock_files:241 | 找到 20 个股票数据文件
2026-03-30 20:59:37 | INFO     | src.data.reader:read_csv:53 | 读取CSV文件: data\stock_data\688155_kline.csv
2026-03-30 20:59:37 | INFO     | src.data.reader:read_csv:53 | 读取CSV文件: data\stock_data\300450_kline.csv
2026-03-30 20:59:37 | INFO     | src.data.reader:list_files:221 | 在 data\stock_data 中找到 20 个文件
2026-03-30 20:59:37 | INFO     | src.data.reader:read_csv:53 | 读取CSV文件: data\stock_data\688778_kline.csv
2026-03-30 20:59:37 | INFO     | src.data.reader:list_files:221 | 在 data\stock_data 中找到 20 个文件
2026-03-30 20:59:37 | INFO     | src.data.reader:list_files:221 | 在 data\stock_data 中找到 20 个文件
2026-03-30 20:59:37 | INFO     | src.data.reader:list_stock_files:241 | 找到 20 个股票数据文件
2026-03-30 20:59:37 | INFO     | src.data.reader:list_files:221 | 在 data\stock_data 中找到 20 个文件
2026-03-30 20:59:37 | INFO     | src.data.reader:list_stock_files:241 | 找到 20 个股票数据文件
2026-03-30 20:59:37 | INFO     | src.data.reader:read_csv:57 | 成功读取 230 行数据
2026-03-30 20:59:37 | INFO     | src.data.reader:list_stock_files:241 | 找到 20 个股票数据文件
2026-03-30 20:59:37 | INFO     | src.data.reader:read_csv:53 | 读取CSV文件: data\stock_data\301617_kline.csv
2026-03-30 20:59:37 | INFO     | src.data.reader:list_stock_files:241 | 找到 20 个股票数据文件
2026-03-30 20:59:37 | INFO     | src.data.reader:read_csv:53 | 读取CSV文件: data\stock_data\688147_kline.csv
2026-03-30 20:59:37 | INFO     | src.data.reader:read_csv:53 | 读取CSV文件: data\stock_data\688499_kline.csv
2026-03-30 20:59:37 | INFO     | src.data.reader:read_csv:53 | 读取CSV文件: data\stock_data\301150_kline.csv
2026-03-30 20:59:37 | INFO     | src.data.reader:read_csv:57 | 成功读取 1364 行数据
2026-03-30 20:59:37 | INFO     | src.data.reader:read_csv:57 | 成功读取 1754 行数据
2026-03-30 20:59:37 | INFO     | src.data.reader:read_csv:57 | 成功读取 1124 行数据
2026-03-30 20:59:37 | INFO     | src.data.reader:read_csv:57 | 成功读取 313 行数据
2026-03-30 20:59:37 | INFO     | src.data.reader:list_files:221 | 在 data\stock_data 中找到 20 个文件
2026-03-30 20:59:37 | INFO     | src.data.reader:read_csv:57 | 成功读取 788 行数据
2026-03-30 20:59:37 | INFO     | src.data.reader:list_stock_files:241 | 找到 20 个股票数据文件
2026-03-30 20:59:37 | INFO     | src.data.reader:read_csv:57 | 成功读取 954 行数据
2026-03-30 20:59:37 | INFO     | src.data.reader:read_csv:53 | 读取CSV文件: data\stock_data\002846_kline.csv
2026-03-30 20:59:37 | INFO     | src.data.reader:read_csv:57 | 成功读取 1149 行数据
2026-03-30 20:59:37 | INFO     | src.data.reader:list_files:221 | 在 data\stock_data 中找到 20 个文件
2026-03-30 20:59:37 | INFO     | src.data.reader:list_stock_files:241 | 找到 20 个股票数据文件
2026-03-30 20:59:37 | INFO     | src.data.reader:read_csv:53 | 读取CSV文件: data\stock_data\300092_kline.csv
2026-03-30 20:59:37 | INFO     | src.data.reader:read_csv:57 | 成功读取 1754 行数据
2026-03-30 20:59:37 | INFO     | src.data.reader:read_csv:57 | 成功读取 1754 行数据
2026-03-30 20:59:37 | INFO     | src.utils.concurrency:process_batch:70 | 获取股票数据: 10/10
2026-03-30 20:59:37 | INFO     | src.workflow.base:get_stock_data:171 | 成功获取 10 只股票的数据
2026-03-30 20:59:37 | INFO     | src.workflow.technical:process_fund:133 | 开始计算技术指标和信号判断
2026-03-30 20:59:37 | INFO     | src.workflow.base:calculate_technical_indicators:188 | 计算股票 301662 的技术指标
2026-03-30 20:59:37 | INFO     | src.indicators.technical_indicators:calculate_ma:133 | 计算 5 日移动平均线完成
2026-03-30 20:59:37 | INFO     | src.indicators.technical_indicators:calculate_ma:133 | 计算 10 日移动平均线完成
2026-03-30 20:59:37 | INFO     | src.workflow.base:calculate_technical_indicators:188 | 计算股票 688155 的技术指标
2026-03-30 20:59:37 | INFO     | src.indicators.technical_indicators:calculate_ma:133 | 计算 20 日移动平均线完成
2026-03-30 20:59:37 | INFO     | src.workflow.base:calculate_technical_indicators:188 | 计算股票 300450 的技术指标
2026-03-30 20:59:37 | INFO     | src.indicators.technical_indicators:calculate_ma:133 | 计算 30 日移动平均线完成
2026-03-30 20:59:37 | INFO     | src.indicators.technical_indicators:calculate_ma:133 | 计算 5 日移动平均线完成
2026-03-30 20:59:37 | INFO     | src.indicators.technical_indicators:calculate_ma:133 | 计算 10 日移动平均线完成
2026-03-30 20:59:37 | INFO     | src.indicators.technical_indicators:calculate_ma:133 | 计算 20 日移动平均线完成
2026-03-30 20:59:37 | INFO     | src.workflow.base:calculate_technical_indicators:188 | 计算股票 688778 的技术指标
2026-03-30 20:59:37 | INFO     | src.indicators.technical_indicators:calculate_ma:133 | 计算 60 日移动平均线完成
2026-03-30 20:59:37 | INFO     | src.indicators.technical_indicators:calculate_ma:133 | 计算 30 日移动平均线完成
2026-03-30 20:59:37 | INFO     | src.workflow.base:calculate_technical_indicators:188 | 计算股票 301617 的技术指标
2026-03-30 20:59:37 | INFO     | src.indicators.technical_indicators:calculate_ma:133 | 计算 5 日移动平均线完成
2026-03-30 20:59:37 | INFO     | src.indicators.technical_indicators:calculate_ma:133 | 计算 5 日移动平均线完成
2026-03-30 20:59:37 | INFO     | src.indicators.technical_indicators:calculate_ma:133 | 计算 120 日移动平均线完成
2026-03-30 20:59:37 | INFO     | src.workflow.base:calculate_technical_indicators:188 | 计算股票 688147 的技术指标
2026-03-30 20:59:37 | INFO     | src.workflow.base:calculate_technical_indicators:188 | 计算股票 301150 的技术指标
2026-03-30 20:59:37 | INFO     | src.indicators.technical_indicators:calculate_ma:133 | 计算 5 日移动平均线完成
2026-03-30 20:59:37 | INFO     | src.workflow.base:calculate_technical_indicators:188 | 计算股票 688499 的技术指标
2026-03-30 20:59:37 | INFO     | src.indicators.technical_indicators:calculate_ma:133 | 计算 10 日移动平均线完成
2026-03-30 20:59:37 | INFO     | src.indicators.technical_indicators:calculate_ma:133 | 计算 250 日移动平均线完成
2026-03-30 20:59:37 | INFO     | src.indicators.technical_indicators:calculate_ma:133 | 计算 60 日移动平均线完成
2026-03-30 20:59:37 | INFO     | src.indicators.technical_indicators:calculate_ma:133 | 计算 10 日移动平均线完成
2026-03-30 20:59:37 | INFO     | src.indicators.technical_indicators:calculate_ma:133 | 计算 5 日移动平均线完成
2026-03-30 20:59:37 | INFO     | src.indicators.technical_indicators:calculate_ma:133 | 计算 5 日移动平均线完成
2026-03-30 20:59:37 | INFO     | src.indicators.technical_indicators:calculate_ma:133 | 计算 10 日移动平均线完成
2026-03-30 20:59:37 | INFO     | src.indicators.technical_indicators:calculate_ma:133 | 计算 5 日移动平均线完成
2026-03-30 20:59:37 | INFO     | src.indicators.technical_indicators:calculate_ma:133 | 计算 20 日移动平均线完成
2026-03-30 20:59:37 | INFO     | src.indicators.technical_indicators:calculate_sma:157 | 计算 5 日简单移动平均线完成
2026-03-30 20:59:37 | INFO     | src.indicators.technical_indicators:calculate_ma:133 | 计算 120 日移动平均线完成
2026-03-30 20:59:37 | INFO     | src.indicators.technical_indicators:calculate_ma:133 | 计算 10 日移动平均线完成
2026-03-30 20:59:37 | INFO     | src.indicators.technical_indicators:calculate_ma:133 | 计算 20 日移动平均线完成
2026-03-30 20:59:37 | INFO     | src.indicators.technical_indicators:calculate_ma:133 | 计算 10 日移动平均线完成
2026-03-30 20:59:37 | INFO     | src.indicators.technical_indicators:calculate_ma:133 | 计算 20 日移动平均线完成
2026-03-30 20:59:37 | INFO     | src.indicators.technical_indicators:calculate_ma:133 | 计算 10 日移动平均线完成
2026-03-30 20:59:37 | INFO     | src.indicators.technical_indicators:calculate_ma:133 | 计算 30 日移动平均线完成
2026-03-30 20:59:37 | INFO     | src.indicators.technical_indicators:calculate_sma:157 | 计算 10 日简单移动平均线完成
2026-03-30 20:59:37 | INFO     | src.indicators.technical_indicators:calculate_ma:133 | 计算 250 日移动平均线完成
2026-03-30 20:59:37 | INFO     | src.indicators.technical_indicators:calculate_ma:133 | 计算 20 日移动平均线完成
2026-03-30 20:59:37 | INFO     | src.indicators.technical_indicators:calculate_ma:133 | 计算 30 日移动平均线完成
2026-03-30 20:59:37 | INFO     | src.indicators.technical_indicators:calculate_ma:133 | 计算 20 日移动平均线完成
2026-03-30 20:59:37 | INFO     | src.indicators.technical_indicators:calculate_ma:133 | 计算 30 日移动平均线完成
2026-03-30 20:59:37 | INFO     | src.indicators.technical_indicators:calculate_ma:133 | 计算 20 日移动平均线完成
2026-03-30 20:59:37 | INFO     | src.indicators.technical_indicators:calculate_ma:133 | 计算 60 日移动平均线完成
2026-03-30 20:59:37 | INFO     | src.indicators.technical_indicators:calculate_sma:157 | 计算 20 日简单移动平均线完成
2026-03-30 20:59:37 | INFO     | src.indicators.technical_indicators:calculate_sma:157 | 计算 5 日简单移动平均线完成
2026-03-30 20:59:37 | INFO     | src.indicators.technical_indicators:calculate_ma:133 | 计算 30 日移动平均线完成
2026-03-30 20:59:37 | INFO     | src.indicators.technical_indicators:calculate_ma:133 | 计算 60 日移动平均线完成
2026-03-30 20:59:37 | INFO     | src.indicators.technical_indicators:calculate_ma:133 | 计算 30 日移动平均线完成
2026-03-30 20:59:37 | INFO     | src.indicators.technical_indicators:calculate_ma:133 | 计算 60 日移动平均线完成
2026-03-30 20:59:37 | INFO     | src.indicators.technical_indicators:calculate_ma:133 | 计算 30 日移动平均线完成
2026-03-30 20:59:37 | INFO     | src.indicators.technical_indicators:calculate_ma:133 | 计算 120 日移动平均线完成
2026-03-30 20:59:37 | INFO     | src.indicators.technical_indicators:calculate_sma:157 | 计算 30 日简单移动平均线完成
2026-03-30 20:59:37 | INFO     | src.indicators.technical_indicators:calculate_sma:157 | 计算 10 日简单移动平均线完成
2026-03-30 20:59:37 | INFO     | src.indicators.technical_indicators:calculate_ma:133 | 计算 60 日移动平均线完成
2026-03-30 20:59:37 | INFO     | src.indicators.technical_indicators:calculate_ma:133 | 计算 120 日移动平均线完成
2026-03-30 20:59:37 | INFO     | src.indicators.technical_indicators:calculate_ma:133 | 计算 60 日移动平均线完成
2026-03-30 20:59:37 | INFO     | src.indicators.technical_indicators:calculate_ma:133 | 计算 120 日移动平均线完成
2026-03-30 20:59:37 | INFO     | src.indicators.technical_indicators:calculate_ma:133 | 计算 60 日移动平均线完成
2026-03-30 20:59:37 | INFO     | src.indicators.technical_indicators:calculate_ma:133 | 计算 250 日移动平均线完成
2026-03-30 20:59:37 | INFO     | src.indicators.technical_indicators:calculate_sma:157 | 计算 60 日简单移动平均线完成
2026-03-30 20:59:37 | INFO     | src.indicators.technical_indicators:calculate_sma:157 | 计算 20 日简单移动平均线完成
2026-03-30 20:59:37 | INFO     | src.indicators.technical_indicators:calculate_ma:133 | 计算 120 日移动平均线完成
2026-03-30 20:59:37 | INFO     | src.indicators.technical_indicators:calculate_ma:133 | 计算 250 日移动平均线完成
2026-03-30 20:59:37 | INFO     | src.indicators.technical_indicators:calculate_ma:133 | 计算 120 日移动平均线完成
2026-03-30 20:59:37 | INFO     | src.indicators.technical_indicators:calculate_ma:133 | 计算 250 日移动平均线完成
2026-03-30 20:59:37 | INFO     | src.indicators.technical_indicators:calculate_ma:133 | 计算 120 日移动平均线完成
2026-03-30 20:59:37 | INFO     | src.indicators.technical_indicators:calculate_sma:157 | 计算 120 日简单移动平均线完成
2026-03-30 20:59:37 | INFO     | src.indicators.technical_indicators:calculate_sma:157 | 计算 5 日简单移动平均线完成
2026-03-30 20:59:37 | INFO     | src.indicators.technical_indicators:calculate_sma:157 | 计算 30 日简单移动平均线完成
2026-03-30 20:59:37 | INFO     | src.indicators.technical_indicators:calculate_ma:133 | 计算 250 日移动平均线完成
2026-03-30 20:59:37 | INFO     | src.indicators.technical_indicators:calculate_sma:157 | 计算 5 日简单移动平均线完成
2026-03-30 20:59:37 | INFO     | src.indicators.technical_indicators:calculate_ma:133 | 计算 250 日移动平均线完成
2026-03-30 20:59:37 | INFO     | src.indicators.technical_indicators:calculate_sma:157 | 计算 5 日简单移动平均线完成
2026-03-30 20:59:37 | INFO     | src.indicators.technical_indicators:calculate_ma:133 | 计算 250 日移动平均线完成
2026-03-30 20:59:37 | INFO     | src.indicators.technical_indicators:calculate_sma:157 | 计算 250 日简单移动平均线完成
2026-03-30 20:59:37 | INFO     | src.indicators.technical_indicators:calculate_sma:157 | 计算 10 日简单移动平均线完成
2026-03-30 20:59:37 | INFO     | src.indicators.technical_indicators:calculate_sma:157 | 计算 60 日简单移动平均线完成
2026-03-30 20:59:37 | INFO     | src.indicators.technical_indicators:calculate_sma:157 | 计算 5 日简单移动平均线完成
2026-03-30 20:59:37 | INFO     | src.indicators.technical_indicators:calculate_sma:157 | 计算 10 日简单移动平均线完成
2026-03-30 20:59:37 | INFO     | src.indicators.technical_indicators:calculate_sma:157 | 计算 5 日简单移动平均线完成
2026-03-30 20:59:37 | INFO     | src.indicators.technical_indicators:calculate_sma:157 | 计算 10 日简单移动平均线完成
2026-03-30 20:59:37 | INFO     | src.indicators.technical_indicators:calculate_sma:157 | 计算 5 日简单移动平均线完成
2026-03-30 20:59:37 | INFO     | src.indicators.technical_indicators:calculate_ema:182 | 计算 12 日指数移动平均线完成
2026-03-30 20:59:37 | INFO     | src.indicators.technical_indicators:calculate_sma:157 | 计算 20 日简单移动平均线完成
2026-03-30 20:59:37 | INFO     | src.indicators.technical_indicators:calculate_sma:157 | 计算 120 日简单移动平均线完成
2026-03-30 20:59:37 | INFO     | src.indicators.technical_indicators:calculate_sma:157 | 计算 10 日简单移动平均线完成
2026-03-30 20:59:37 | INFO     | src.indicators.technical_indicators:calculate_sma:157 | 计算 20 日简单移动平均线完成
2026-03-30 20:59:37 | INFO     | src.indicators.technical_indicators:calculate_sma:157 | 计算 10 日简单移动平均线完成
2026-03-30 20:59:37 | INFO     | src.indicators.technical_indicators:calculate_sma:157 | 计算 20 日简单移动平均线完成
2026-03-30 20:59:37 | INFO     | src.indicators.technical_indicators:calculate_ema:182 | 计算 26 日指数移动平均线完成
2026-03-30 20:59:37 | INFO     | src.indicators.technical_indicators:calculate_sma:157 | 计算 10 日简单移动平均线完成
2026-03-30 20:59:37 | INFO     | src.indicators.technical_indicators:calculate_sma:157 | 计算 30 日简单移动平均线完成
2026-03-30 20:59:37 | INFO     | src.indicators.technical_indicators:calculate_sma:157 | 计算 250 日简单移动平均线完成
2026-03-30 20:59:37 | INFO     | src.indicators.technical_indicators:calculate_sma:157 | 计算 20 日简单移动平均线完成
2026-03-30 20:59:37 | INFO     | src.indicators.technical_indicators:calculate_sma:157 | 计算 30 日简单移动平均线完成
2026-03-30 20:59:37 | INFO     | src.indicators.technical_indicators:calculate_sma:157 | 计算 20 日简单移动平均线完成
2026-03-30 20:59:37 | INFO     | src.indicators.technical_indicators:calculate_sma:157 | 计算 30 日简单移动平均线完成
2026-03-30 20:59:37 | INFO     | src.indicators.technical_indicators:calculate_rsi:221 | 计算 6 日RSI完成
2026-03-30 20:59:37 | INFO     | src.indicators.technical_indicators:calculate_sma:157 | 计算 20 日简单移动平均线完成
2026-03-30 20:59:37 | INFO     | src.indicators.technical_indicators:calculate_sma:157 | 计算 60 日简单移动平均线完成
2026-03-30 20:59:37 | INFO     | src.indicators.technical_indicators:calculate_ema:182 | 计算 12 日指数移动平均线完成
2026-03-30 20:59:37 | INFO     | src.indicators.technical_indicators:calculate_sma:157 | 计算 30 日简单移动平均线完成
2026-03-30 20:59:37 | INFO     | src.indicators.technical_indicators:calculate_sma:157 | 计算 60 日简单移动平均线完成
2026-03-30 20:59:37 | INFO     | src.indicators.technical_indicators:calculate_sma:157 | 计算 30 日简单移动平均线完成
2026-03-30 20:59:37 | INFO     | src.indicators.technical_indicators:calculate_sma:157 | 计算 60 日简单移动平均线完成
2026-03-30 20:59:37 | INFO     | src.indicators.technical_indicators:calculate_rsi:221 | 计算 12 日RSI完成
2026-03-30 20:59:37 | INFO     | src.indicators.technical_indicators:calculate_sma:157 | 计算 30 日简单移动平均线完成
2026-03-30 20:59:37 | INFO     | src.indicators.technical_indicators:calculate_sma:157 | 计算 120 日简单移动平均线完成
2026-03-30 20:59:37 | INFO     | src.indicators.technical_indicators:calculate_ema:182 | 计算 26 日指数移动平均线完成
2026-03-30 20:59:37 | INFO     | src.indicators.technical_indicators:calculate_sma:157 | 计算 60 日简单移动平均线完成
2026-03-30 20:59:37 | INFO     | src.indicators.technical_indicators:calculate_sma:157 | 计算 120 日简单移动平均线完成
2026-03-30 20:59:37 | INFO     | src.indicators.technical_indicators:calculate_sma:157 | 计算 60 日简单移动平均线完成
2026-03-30 20:59:37 | INFO     | src.indicators.technical_indicators:calculate_sma:157 | 计算 120 日简单移动平均线完成
2026-03-30 20:59:37 | INFO     | src.indicators.technical_indicators:calculate_rsi:221 | 计算 24 日RSI完成
2026-03-30 20:59:37 | INFO     | src.indicators.technical_indicators:calculate_sma:157 | 计算 60 日简单移动平均线完成
2026-03-30 20:59:37 | INFO     | src.indicators.technical_indicators:calculate_sma:157 | 计算 250 日简单移动平均线完成
2026-03-30 20:59:37 | INFO     | src.indicators.technical_indicators:calculate_sma:157 | 计算 120 日简单移动平均线完成
2026-03-30 20:59:37 | INFO     | src.indicators.technical_indicators:calculate_rsi:221 | 计算 6 日RSI完成
2026-03-30 20:59:37 | INFO     | src.indicators.technical_indicators:calculate_sma:157 | 计算 250 日简单移动平均线完成
2026-03-30 20:59:37 | INFO     | src.indicators.technical_indicators:calculate_sma:157 | 计算 120 日简单移动平均线完成
2026-03-30 20:59:37 | INFO     | src.indicators.technical_indicators:calculate_sma:157 | 计算 250 日简单移动平均线完成
2026-03-30 20:59:37 | INFO     | src.indicators.technical_indicators:calculate_macd:263 | 计算MACD完成：快线=12, 慢线=26, 信号线=9
2026-03-30 20:59:37 | INFO     | src.indicators.technical_indicators:calculate_sma:157 | 计算 120 日简单移动平均线完成
2026-03-30 20:59:37 | INFO     | src.indicators.technical_indicators:calculate_ema:182 | 计算 12 日指数移动平均线完成
2026-03-30 20:59:37 | INFO     | src.indicators.technical_indicators:calculate_sma:157 | 计算 250 日简单移动平均线完成
2026-03-30 20:59:37 | INFO     | src.indicators.technical_indicators:calculate_rsi:221 | 计算 12 日RSI完成
2026-03-30 20:59:37 | INFO     | src.indicators.technical_indicators:calculate_ema:182 | 计算 12 日指数移动平均线完成
2026-03-30 20:59:37 | INFO     | src.indicators.technical_indicators:calculate_sma:157 | 计算 250 日简单移动平均线完成
2026-03-30 20:59:37 | INFO     | src.indicators.technical_indicators:calculate_ema:182 | 计算 12 日指数移动平均线完成
2026-03-30 20:59:37 | INFO     | src.indicators.technical_indicators:calculate_macd:263 | 计算MACD完成：快线=12, 慢线=26, 信号线=12
2026-03-30 20:59:37 | INFO     | src.indicators.technical_indicators:calculate_sma:157 | 计算 250 日简单移动平均线完成
2026-03-30 20:59:37 | INFO     | src.indicators.technical_indicators:calculate_ema:182 | 计算 26 日指数移动平均线完成
2026-03-30 20:59:37 | INFO     | src.indicators.technical_indicators:calculate_ema:182 | 计算 12 日指数移动平均线完成
2026-03-30 20:59:37 | INFO     | src.indicators.technical_indicators:calculate_ema:182 | 计算 26 日指数移动平均线完成
2026-03-30 20:59:37 | INFO     | src.indicators.technical_indicators:calculate_rsi:221 | 计算 24 日RSI完成
2026-03-30 20:59:37 | INFO     | src.indicators.technical_indicators:calculate_ema:182 | 计算 12 日指数移动平均线完成
2026-03-30 20:59:37 | INFO     | src.indicators.technical_indicators:calculate_ema:182 | 计算 26 日指数移动平均线完成
2026-03-30 20:59:37 | INFO     | src.indicators.technical_indicators:calculate_boll:303 | 计算布林带完成：周期=20, 标准差倍数=2
2026-03-30 20:59:37 | INFO     | src.indicators.technical_indicators:calculate_ema:182 | 计算 12 日指数移动平均线完成
2026-03-30 20:59:37 | INFO     | src.indicators.technical_indicators:calculate_rsi:221 | 计算 6 日RSI完成
2026-03-30 20:59:37 | INFO     | src.indicators.technical_indicators:calculate_ema:182 | 计算 26 日指数移动平均线完成
2026-03-30 20:59:37 | INFO     | src.indicators.technical_indicators:calculate_rsi:221 | 计算 6 日RSI完成
2026-03-30 20:59:37 | INFO     | src.indicators.technical_indicators:calculate_macd:263 | 计算MACD完成：快线=12, 慢线=26, 信号线=9
2026-03-30 20:59:37 | INFO     | src.indicators.technical_indicators:calculate_ema:182 | 计算 26 日指数移动平均线完成
2026-03-30 20:59:37 | INFO     | src.indicators.technical_indicators:calculate_rsi:221 | 计算 6 日RSI完成
2026-03-30 20:59:37 | INFO     | src.indicators.technical_indicators:calculate_kdj:350 | 计算KDJ完成：K周期=9, D周期=3, J周期=3
2026-03-30 20:59:37 | INFO     | src.indicators.technical_indicators:calculate_ema:182 | 计算 26 日指数移动平均线完成
2026-03-30 20:59:37 | INFO     | src.indicators.technical_indicators:calculate_rsi:221 | 计算 12 日RSI完成
2026-03-30 20:59:37 | INFO     | src.indicators.technical_indicators:calculate_rsi:221 | 计算 6 日RSI完成
2026-03-30 20:59:37 | INFO     | src.indicators.technical_indicators:calculate_rsi:221 | 计算 12 日RSI完成
2026-03-30 20:59:37 | INFO     | src.indicators.technical_indicators:calculate_macd:263 | 计算MACD完成：快线=12, 慢线=26, 信号线=12
2026-03-30 20:59:37 | INFO     | src.indicators.technical_indicators:calculate_rsi:221 | 计算 6 日RSI完成
2026-03-30 20:59:37 | INFO     | src.indicators.technical_indicators:calculate_rsi:221 | 计算 12 日RSI完成
2026-03-30 20:59:37 | INFO     | src.indicators.technical_indicators:calculate_kdj:350 | 计算KDJ完成：K周期=10, D周期=3, J周期=3
2026-03-30 20:59:37 | INFO     | src.indicators.technical_indicators:calculate_rsi:221 | 计算 6 日RSI完成
2026-03-30 20:59:37 | INFO     | src.indicators.technical_indicators:calculate_rsi:221 | 计算 24 日RSI完成
2026-03-30 20:59:37 | INFO     | src.indicators.technical_indicators:calculate_rsi:221 | 计算 12 日RSI完成
2026-03-30 20:59:37 | INFO     | src.indicators.technical_indicators:calculate_rsi:221 | 计算 24 日RSI完成
2026-03-30 20:59:37 | INFO     | src.indicators.technical_indicators:calculate_boll:303 | 计算布林带完成：周期=20, 标准差倍数=2
2026-03-30 20:59:37 | INFO     | src.indicators.technical_indicators:calculate_rsi:221 | 计算 24 日RSI完成
2026-03-30 20:59:37 | INFO     | src.indicators.technical_indicators:calculate_rsi:221 | 计算 12 日RSI完成
2026-03-30 20:59:37 | INFO     | src.indicators.technical_indicators:calculate_atr:385 | 计算 10 日ATR完成
2026-03-30 20:59:37 | INFO     | src.indicators.technical_indicators:calculate_rsi:221 | 计算 12 日RSI完成
2026-03-30 20:59:37 | INFO     | src.indicators.technical_indicators:calculate_macd:263 | 计算MACD完成：快线=12, 慢线=26, 信号线=9
2026-03-30 20:59:37 | INFO     | src.indicators.technical_indicators:calculate_rsi:221 | 计算 24 日RSI完成
2026-03-30 20:59:37 | INFO     | src.indicators.technical_indicators:calculate_macd:263 | 计算MACD完成：快线=12, 慢线=26, 信号线=9
2026-03-30 20:59:37 | INFO     | src.indicators.technical_indicators:calculate_macd:263 | 计算MACD完成：快线=12, 慢线=26, 信号线=9
2026-03-30 20:59:37 | INFO     | src.indicators.technical_indicators:calculate_kdj:350 | 计算KDJ完成：K周期=9, D周期=3, J周期=3
2026-03-30 20:59:37 | INFO     | src.indicators.technical_indicators:calculate_cci:446 | 计算 20 日CCI完成
2026-03-30 20:59:37 | INFO     | src.indicators.technical_indicators:calculate_rsi:221 | 计算 24 日RSI完成
2026-03-30 20:59:37 | INFO     | src.indicators.technical_indicators:calculate_rsi:221 | 计算 24 日RSI完成
2026-03-30 20:59:37 | INFO     | src.indicators.technical_indicators:calculate_macd:263 | 计算MACD完成：快线=12, 慢线=26, 信号线=12
2026-03-30 20:59:37 | INFO     | src.indicators.technical_indicators:calculate_macd:263 | 计算MACD完成：快线=12, 慢线=26, 信号线=9
2026-03-30 20:59:37 | INFO     | src.indicators.technical_indicators:calculate_macd:263 | 计算MACD完成：快线=12, 慢线=26, 信号线=12
2026-03-30 20:59:37 | INFO     | src.indicators.technical_indicators:calculate_macd:263 | 计算MACD完成：快线=12, 慢线=26, 信号线=12
2026-03-30 20:59:37 | INFO     | src.indicators.technical_indicators:calculate_williams_r:476 | 计算 10 日威廉指标完成
2026-03-30 20:59:37 | INFO     | src.indicators.technical_indicators:calculate_kdj:350 | 计算KDJ完成：K周期=10, D周期=3, J周期=3
2026-03-30 20:59:37 | INFO     | src.indicators.technical_indicators:calculate_macd:263 | 计算MACD完成：快线=12, 慢线=26, 信号线=9
2026-03-30 20:59:37 | INFO     | src.indicators.technical_indicators:calculate_macd:263 | 计算MACD完成：快线=12, 慢线=26, 信号线=9
2026-03-30 20:59:37 | INFO     | src.indicators.technical_indicators:calculate_boll:303 | 计算布林带完成：周期=20, 标准差倍数=2
2026-03-30 20:59:37 | INFO     | src.indicators.technical_indicators:calculate_macd:263 | 计算MACD完成：快线=12, 慢线=26, 信号线=12
2026-03-30 20:59:37 | INFO     | src.indicators.technical_indicators:calculate_boll:303 | 计算布林带完成：周期=20, 标准差倍数=2
2026-03-30 20:59:37 | INFO     | src.indicators.technical_indicators:calculate_boll:303 | 计算布林带完成：周期=20, 标准差倍数=2
2026-03-30 20:59:37 | INFO     | src.indicators.technical_indicators:calculate_ma:133 | 计算 5 日移动平均线完成
2026-03-30 20:59:37 | INFO     | src.indicators.technical_indicators:calculate_atr:385 | 计算 10 日ATR完成
2026-03-30 20:59:37 | INFO     | src.indicators.technical_indicators:calculate_macd:263 | 计算MACD完成：快线=12, 慢线=26, 信号线=12
2026-03-30 20:59:37 | INFO     | src.indicators.technical_indicators:calculate_kdj:350 | 计算KDJ完成：K周期=9, D周期=3, J周期=3
2026-03-30 20:59:37 | INFO     | src.indicators.technical_indicators:calculate_macd:263 | 计算MACD完成：快线=12, 慢线=26, 信号线=12
2026-03-30 20:59:37 | INFO     | src.indicators.technical_indicators:calculate_boll:303 | 计算布林带完成：周期=20, 标准差倍数=2
2026-03-30 20:59:37 | INFO     | src.indicators.technical_indicators:calculate_kdj:350 | 计算KDJ完成：K周期=9, D周期=3, J周期=3
2026-03-30 20:59:37 | INFO     | src.indicators.technical_indicators:calculate_bias:500 | 计算 5 日乖离率完成
2026-03-30 20:59:37 | INFO     | src.indicators.technical_indicators:calculate_kdj:350 | 计算KDJ完成：K周期=9, D周期=3, J周期=3
2026-03-30 20:59:37 | INFO     | src.indicators.technical_indicators:calculate_cci:446 | 计算 20 日CCI完成
2026-03-30 20:59:37 | INFO     | src.indicators.technical_indicators:calculate_boll:303 | 计算布林带完成：周期=20, 标准差倍数=2
2026-03-30 20:59:37 | INFO     | src.indicators.technical_indicators:calculate_boll:303 | 计算布林带完成：周期=20, 标准差倍数=2
2026-03-30 20:59:37 | INFO     | src.indicators.technical_indicators:calculate_kdj:350 | 计算KDJ完成：K周期=10, D周期=3, J周期=3
2026-03-30 20:59:37 | INFO     | src.indicators.technical_indicators:calculate_kdj:350 | 计算KDJ完成：K周期=9, D周期=3, J周期=3
2026-03-30 20:59:37 | INFO     | src.indicators.technical_indicators:calculate_kdj:350 | 计算KDJ完成：K周期=10, D周期=3, J周期=3
2026-03-30 20:59:37 | INFO     | src.indicators.technical_indicators:calculate_ma:133 | 计算 10 日移动平均线完成
2026-03-30 20:59:37 | INFO     | src.indicators.technical_indicators:calculate_williams_r:476 | 计算 10 日威廉指标完成
2026-03-30 20:59:37 | INFO     | src.indicators.technical_indicators:calculate_kdj:350 | 计算KDJ完成：K周期=10, D周期=3, J周期=3
2026-03-30 20:59:37 | INFO     | src.indicators.technical_indicators:calculate_kdj:350 | 计算KDJ完成：K周期=9, D周期=3, J周期=3
2026-03-30 20:59:37 | INFO     | src.indicators.technical_indicators:calculate_kdj:350 | 计算KDJ完成：K周期=9, D周期=3, J周期=3
2026-03-30 20:59:37 | INFO     | src.indicators.technical_indicators:calculate_kdj:350 | 计算KDJ完成：K周期=10, D周期=3, J周期=3
2026-03-30 20:59:37 | INFO     | src.indicators.technical_indicators:calculate_atr:385 | 计算 10 日ATR完成
2026-03-30 20:59:37 | INFO     | src.indicators.technical_indicators:calculate_bias:500 | 计算 10 日乖离率完成
2026-03-30 20:59:37 | INFO     | src.indicators.technical_indicators:calculate_atr:385 | 计算 10 日ATR完成
2026-03-30 20:59:37 | INFO     | src.indicators.technical_indicators:calculate_ma:133 | 计算 5 日移动平均线完成
2026-03-30 20:59:37 | INFO     | src.indicators.technical_indicators:calculate_kdj:350 | 计算KDJ完成：K周期=10, D周期=3, J周期=3
2026-03-30 20:59:37 | INFO     | src.indicators.technical_indicators:calculate_kdj:350 | 计算KDJ完成：K周期=10, D周期=3, J周期=3
2026-03-30 20:59:37 | INFO     | src.indicators.technical_indicators:calculate_atr:385 | 计算 10 日ATR完成
2026-03-30 20:59:37 | INFO     | src.indicators.technical_indicators:calculate_cci:446 | 计算 20 日CCI完成
2026-03-30 20:59:37 | INFO     | src.indicators.technical_indicators:calculate_ma:133 | 计算 20 日移动平均线完成
2026-03-30 20:59:37 | INFO     | src.indicators.technical_indicators:calculate_atr:385 | 计算 10 日ATR完成
2026-03-30 20:59:37 | INFO     | src.indicators.technical_indicators:calculate_bias:500 | 计算 5 日乖离率完成
2026-03-30 20:59:37 | INFO     | src.indicators.technical_indicators:calculate_cci:446 | 计算 20 日CCI完成
2026-03-30 20:59:37 | INFO     | src.indicators.technical_indicators:calculate_atr:385 | 计算 10 日ATR完成
2026-03-30 20:59:37 | INFO     | src.indicators.technical_indicators:calculate_atr:385 | 计算 10 日ATR完成
2026-03-30 20:59:37 | INFO     | src.indicators.technical_indicators:calculate_bias:500 | 计算 20 日乖离率完成
2026-03-30 20:59:37 | INFO     | src.indicators.technical_indicators:calculate_williams_r:476 | 计算 10 日威廉指标完成
2026-03-30 20:59:37 | INFO     | src.indicators.technical_indicators:calculate_cci:446 | 计算 20 日CCI完成
2026-03-30 20:59:37 | INFO     | src.indicators.technical_indicators:calculate_ma:133 | 计算 10 日移动平均线完成
2026-03-30 20:59:37 | INFO     | src.indicators.technical_indicators:calculate_cci:446 | 计算 20 日CCI完成
2026-03-30 20:59:37 | INFO     | src.indicators.technical_indicators:calculate_williams_r:476 | 计算 10 日威廉指标完成
2026-03-30 20:59:38 | INFO     | src.indicators.technical_indicators:calculate_cci:446 | 计算 20 日CCI完成
2026-03-30 20:59:38 | INFO     | src.indicators.technical_indicators:calculate_cci:446 | 计算 20 日CCI完成
2026-03-30 20:59:38 | INFO     | src.indicators.technical_indicators:calculate_ma:133 | 计算 30 日移动平均线完成
2026-03-30 20:59:38 | INFO     | src.indicators.technical_indicators:calculate_ma:133 | 计算 5 日移动平均线完成
2026-03-30 20:59:38 | INFO     | src.indicators.technical_indicators:calculate_williams_r:476 | 计算 10 日威廉指标完成
2026-03-30 20:59:38 | INFO     | src.indicators.technical_indicators:calculate_bias:500 | 计算 10 日乖离率完成
2026-03-30 20:59:38 | INFO     | src.indicators.technical_indicators:calculate_ma:133 | 计算 5 日移动平均线完成
2026-03-30 20:59:38 | INFO     | src.indicators.technical_indicators:calculate_williams_r:476 | 计算 10 日威廉指标完成
2026-03-30 20:59:38 | INFO     | src.indicators.technical_indicators:calculate_williams_r:476 | 计算 10 日威廉指标完成
2026-03-30 20:59:38 | INFO     | src.indicators.technical_indicators:calculate_williams_r:476 | 计算 10 日威廉指标完成
2026-03-30 20:59:38 | INFO     | src.indicators.technical_indicators:calculate_bias:500 | 计算 30 日乖离率完成
2026-03-30 20:59:38 | INFO     | src.indicators.technical_indicators:calculate_bias:500 | 计算 5 日乖离率完成
2026-03-30 20:59:38 | INFO     | src.indicators.technical_indicators:calculate_ma:133 | 计算 5 日移动平均线完成
2026-03-30 20:59:38 | INFO     | src.indicators.technical_indicators:calculate_ma:133 | 计算 20 日移动平均线完成
2026-03-30 20:59:38 | INFO     | src.indicators.technical_indicators:calculate_bias:500 | 计算 5 日乖离率完成
2026-03-30 20:59:38 | INFO     | src.indicators.technical_indicators:calculate_ma:133 | 计算 5 日移动平均线完成
2026-03-30 20:59:38 | INFO     | src.indicators.technical_indicators:calculate_ma:133 | 计算 5 日移动平均线完成
2026-03-30 20:59:38 | INFO     | src.indicators.technical_indicators:calculate_ma:133 | 计算 5 日移动平均线完成
2026-03-30 20:59:38 | INFO     | src.indicators.technical_indicators:calculate_ma:133 | 计算 60 日移动平均线完成
2026-03-30 20:59:38 | INFO     | src.indicators.technical_indicators:calculate_ma:133 | 计算 10 日移动平均线完成
2026-03-30 20:59:38 | INFO     | src.indicators.technical_indicators:calculate_bias:500 | 计算 5 日乖离率完成
2026-03-30 20:59:38 | INFO     | src.indicators.technical_indicators:calculate_bias:500 | 计算 20 日乖离率完成
2026-03-30 20:59:38 | INFO     | src.indicators.technical_indicators:calculate_ma:133 | 计算 10 日移动平均线完成
2026-03-30 20:59:38 | INFO     | src.indicators.technical_indicators:calculate_bias:500 | 计算 5 日乖离率完成
2026-03-30 20:59:38 | INFO     | src.indicators.technical_indicators:calculate_bias:500 | 计算 5 日乖离率完成
2026-03-30 20:59:38 | INFO     | src.indicators.technical_indicators:calculate_bias:500 | 计算 5 日乖离率完成
2026-03-30 20:59:38 | INFO     | src.indicators.technical_indicators:calculate_bias:500 | 计算 60 日乖离率完成
2026-03-30 20:59:38 | INFO     | src.indicators.technical_indicators:calculate_bias:500 | 计算 10 日乖离率完成
2026-03-30 20:59:38 | INFO     | src.indicators.technical_indicators:calculate_ma:133 | 计算 10 日移动平均线完成
2026-03-30 20:59:38 | INFO     | src.indicators.technical_indicators:calculate_ma:133 | 计算 30 日移动平均线完成
2026-03-30 20:59:38 | INFO     | src.indicators.technical_indicators:calculate_bias:500 | 计算 10 日乖离率完成
2026-03-30 20:59:38 | INFO     | src.indicators.technical_indicators:calculate_ma:133 | 计算 10 日移动平均线完成
2026-03-30 20:59:38 | INFO     | src.indicators.technical_indicators:calculate_ma:133 | 计算 10 日移动平均线完成
2026-03-30 20:59:38 | INFO     | src.indicators.technical_indicators:calculate_ma:133 | 计算 10 日移动平均线完成
2026-03-30 20:59:38 | INFO     | src.indicators.technical_indicators:calculate_ma:133 | 计算 120 日移动平均线完成
2026-03-30 20:59:38 | INFO     | src.indicators.technical_indicators:calculate_ma:133 | 计算 20 日移动平均线完成
2026-03-30 20:59:38 | INFO     | src.indicators.technical_indicators:calculate_bias:500 | 计算 10 日乖离率完成
2026-03-30 20:59:38 | INFO     | src.indicators.technical_indicators:calculate_bias:500 | 计算 30 日乖离率完成
2026-03-30 20:59:38 | INFO     | src.indicators.technical_indicators:calculate_ma:133 | 计算 20 日移动平均线完成
2026-03-30 20:59:38 | INFO     | src.indicators.technical_indicators:calculate_bias:500 | 计算 10 日乖离率完成
2026-03-30 20:59:38 | INFO     | src.indicators.technical_indicators:calculate_bias:500 | 计算 10 日乖离率完成
2026-03-30 20:59:38 | INFO     | src.indicators.technical_indicators:calculate_bias:500 | 计算 10 日乖离率完成
2026-03-30 20:59:38 | INFO     | src.indicators.technical_indicators:calculate_bias:500 | 计算 120 日乖离率完成
2026-03-30 20:59:38 | INFO     | src.indicators.technical_indicators:calculate_bias:500 | 计算 20 日乖离率完成
2026-03-30 20:59:38 | INFO     | src.indicators.technical_indicators:calculate_ma:133 | 计算 20 日移动平均线完成
2026-03-30 20:59:38 | INFO     | src.indicators.technical_indicators:calculate_ma:133 | 计算 60 日移动平均线完成
2026-03-30 20:59:38 | INFO     | src.indicators.technical_indicators:calculate_bias:500 | 计算 20 日乖离率完成
2026-03-30 20:59:38 | INFO     | src.indicators.technical_indicators:calculate_ma:133 | 计算 20 日移动平均线完成
2026-03-30 20:59:38 | INFO     | src.indicators.technical_indicators:calculate_ma:133 | 计算 20 日移动平均线完成
2026-03-30 20:59:38 | INFO     | src.indicators.technical_indicators:calculate_ma:133 | 计算 20 日移动平均线完成
2026-03-30 20:59:38 | INFO     | src.indicators.technical_indicators:calculate_ma:133 | 计算 250 日移动平均线完成
2026-03-30 20:59:38 | INFO     | src.indicators.technical_indicators:calculate_ma:133 | 计算 30 日移动平均线完成
2026-03-30 20:59:38 | INFO     | src.indicators.technical_indicators:calculate_bias:500 | 计算 20 日乖离率完成
2026-03-30 20:59:38 | INFO     | src.indicators.technical_indicators:calculate_bias:500 | 计算 60 日乖离率完成
2026-03-30 20:59:38 | INFO     | src.indicators.technical_indicators:calculate_ma:133 | 计算 30 日移动平均线完成
2026-03-30 20:59:38 | INFO     | src.indicators.technical_indicators:calculate_bias:500 | 计算 20 日乖离率完成
2026-03-30 20:59:38 | INFO     | src.indicators.technical_indicators:calculate_bias:500 | 计算 20 日乖离率完成
2026-03-30 20:59:38 | INFO     | src.indicators.technical_indicators:calculate_bias:500 | 计算 20 日乖离率完成
2026-03-30 20:59:38 | INFO     | src.indicators.technical_indicators:calculate_bias:500 | 计算 250 日乖离率完成
2026-03-30 20:59:38 | INFO     | src.indicators.technical_indicators:calculate_bias:500 | 计算 30 日乖离率完成
2026-03-30 20:59:38 | INFO     | src.indicators.technical_indicators:calculate_ma:133 | 计算 30 日移动平均线完成
2026-03-30 20:59:38 | INFO     | src.indicators.technical_indicators:calculate_ma:133 | 计算 120 日移动平均线完成
2026-03-30 20:59:38 | INFO     | src.indicators.technical_indicators:calculate_bias:500 | 计算 30 日乖离率完成
2026-03-30 20:59:38 | INFO     | src.indicators.technical_indicators:calculate_ma:133 | 计算 30 日移动平均线完成
2026-03-30 20:59:38 | INFO     | src.indicators.technical_indicators:calculate_ma:133 | 计算 30 日移动平均线完成
2026-03-30 20:59:38 | INFO     | src.indicators.technical_indicators:calculate_ma:133 | 计算 30 日移动平均线完成
2026-03-30 20:59:38 | INFO     | src.indicators.technical_indicators:calculate_psy:523 | 计算 10 日心理线完成
2026-03-30 20:59:38 | INFO     | src.indicators.technical_indicators:calculate_ma:133 | 计算 60 日移动平均线完成
2026-03-30 20:59:38 | INFO     | src.indicators.technical_indicators:calculate_bias:500 | 计算 30 日乖离率完成
2026-03-30 20:59:38 | INFO     | src.indicators.technical_indicators:calculate_bias:500 | 计算 120 日乖离率完成
2026-03-30 20:59:38 | INFO     | src.indicators.technical_indicators:calculate_ma:133 | 计算 60 日移动平均线完成
2026-03-30 20:59:38 | INFO     | src.indicators.technical_indicators:calculate_bias:500 | 计算 30 日乖离率完成
2026-03-30 20:59:38 | INFO     | src.indicators.technical_indicators:calculate_bias:500 | 计算 30 日乖离率完成
2026-03-30 20:59:38 | INFO     | src.indicators.technical_indicators:calculate_bias:500 | 计算 30 日乖离率完成
2026-03-30 20:59:38 | WARNING  | src.indicators.technical_indicators:calculate_all:635 | 未知的指标类型: rsv_period
2026-03-30 20:59:38 | INFO     | src.indicators.technical_indicators:calculate_bias:500 | 计算 60 日乖离率完成
2026-03-30 20:59:38 | INFO     | src.indicators.technical_indicators:calculate_ma:133 | 计算 60 日移动平均线完成
2026-03-30 20:59:38 | INFO     | src.indicators.technical_indicators:calculate_ma:133 | 计算 250 日移动平均线完成
2026-03-30 20:59:38 | INFO     | src.indicators.technical_indicators:calculate_bias:500 | 计算 60 日乖离率完成
2026-03-30 20:59:38 | INFO     | src.indicators.technical_indicators:calculate_ma:133 | 计算 60 日移动平均线完成
2026-03-30 20:59:38 | INFO     | src.indicators.technical_indicators:calculate_ma:133 | 计算 60 日移动平均线完成
2026-03-30 20:59:38 | INFO     | src.indicators.technical_indicators:calculate_ma:133 | 计算 60 日移动平均线完成
2026-03-30 20:59:38 | WARNING  | src.indicators.technical_indicators:calculate_all:635 | 未知的指标类型: volume_period
2026-03-30 20:59:38 | INFO     | src.indicators.technical_indicators:calculate_ma:133 | 计算 120 日移动平均线完成
2026-03-30 20:59:38 | INFO     | src.indicators.technical_indicators:calculate_bias:500 | 计算 60 日乖离率完成
2026-03-30 20:59:38 | INFO     | src.indicators.technical_indicators:calculate_bias:500 | 计算 250 日乖离率完成
2026-03-30 20:59:38 | INFO     | src.indicators.technical_indicators:calculate_ma:133 | 计算 120 日移动平均线完成
2026-03-30 20:59:38 | INFO     | src.indicators.technical_indicators:calculate_bias:500 | 计算 60 日乖离率完成
2026-03-30 20:59:38 | INFO     | src.indicators.technical_indicators:calculate_bias:500 | 计算 60 日乖离率完成
2026-03-30 20:59:38 | INFO     | src.indicators.technical_indicators:calculate_bias:500 | 计算 60 日乖离率完成
2026-03-30 20:59:38 | INFO     | src.indicators.technical_indicators:calculate_all:640 | 完成计算 45 个技术指标
2026-03-30 20:59:38 | INFO     | src.indicators.technical_indicators:calculate_bias:500 | 计算 120 日乖离率完成
2026-03-30 20:59:38 | INFO     | src.indicators.technical_indicators:calculate_ma:133 | 计算 120 日移动平均线完成
2026-03-30 20:59:38 | INFO     | src.indicators.technical_indicators:calculate_psy:523 | 计算 10 日心理线完成
2026-03-30 20:59:38 | INFO     | src.indicators.technical_indicators:calculate_bias:500 | 计算 120 日乖离率完成
2026-03-30 20:59:38 | INFO     | src.indicators.technical_indicators:calculate_ma:133 | 计算 120 日移动平均线完成
2026-03-30 20:59:38 | INFO     | src.indicators.technical_indicators:calculate_ma:133 | 计算 120 日移动平均线完成
2026-03-30 20:59:38 | INFO     | src.indicators.technical_indicators:calculate_ma:133 | 计算 120 日移动平均线完成
2026-03-30 20:59:38 | INFO     | src.core.data_fetcher:save_data:432 | 保存数据到 csv 文件: 301662_with_indicators
2026-03-30 20:59:38 | INFO     | src.indicators.technical_indicators:calculate_ma:133 | 计算 250 日移动平均线完成
2026-03-30 20:59:38 | INFO     | src.indicators.technical_indicators:calculate_bias:500 | 计算 120 日乖离率完成
2026-03-30 20:59:38 | WARNING  | src.indicators.technical_indicators:calculate_all:635 | 未知的指标类型: rsv_period
2026-03-30 20:59:38 | INFO     | src.indicators.technical_indicators:calculate_ma:133 | 计算 250 日移动平均线完成
2026-03-30 20:59:38 | INFO     | src.indicators.technical_indicators:calculate_bias:500 | 计算 120 日乖离率完成
2026-03-30 20:59:38 | INFO     | src.indicators.technical_indicators:calculate_bias:500 | 计算 120 日乖离率完成
2026-03-30 20:59:38 | INFO     | src.indicators.technical_indicators:calculate_bias:500 | 计算 120 日乖离率完成
2026-03-30 20:59:38 | INFO     | src.indicators.technical_indicators:calculate_bias:500 | 计算 250 日乖离率完成
2026-03-30 20:59:38 | INFO     | src.indicators.technical_indicators:calculate_ma:133 | 计算 250 日移动平均线完成
2026-03-30 20:59:38 | WARNING  | src.indicators.technical_indicators:calculate_all:635 | 未知的指标类型: volume_period
2026-03-30 20:59:38 | INFO     | src.indicators.technical_indicators:calculate_bias:500 | 计算 250 日乖离率完成
2026-03-30 20:59:38 | INFO     | src.indicators.technical_indicators:calculate_ma:133 | 计算 250 日移动平均线完成
2026-03-30 20:59:38 | INFO     | src.indicators.technical_indicators:calculate_ma:133 | 计算 250 日移动平均线完成
2026-03-30 20:59:38 | INFO     | src.core.data_fetcher:save_data:452 | 数据保存成功: ./data\301662_with_indicators.csv
2026-03-30 20:59:38 | INFO     | src.indicators.technical_indicators:calculate_ma:133 | 计算 250 日移动平均线完成
2026-03-30 20:59:38 | INFO     | src.indicators.technical_indicators:calculate_psy:523 | 计算 10 日心理线完成
2026-03-30 20:59:38 | INFO     | src.indicators.technical_indicators:calculate_bias:500 | 计算 250 日乖离率完成
2026-03-30 20:59:38 | INFO     | src.indicators.technical_indicators:calculate_all:640 | 完成计算 45 个技术指标
2026-03-30 20:59:38 | INFO     | src.indicators.technical_indicators:calculate_psy:523 | 计算 10 日心理线完成
2026-03-30 20:59:38 | INFO     | src.indicators.technical_indicators:calculate_bias:500 | 计算 250 日乖离率完成
2026-03-30 20:59:38 | INFO     | src.indicators.technical_indicators:calculate_bias:500 | 计算 250 日乖离率完成
2026-03-30 20:59:38 | INFO     | src.workflow.base:calculate_signals:224 | 对股票 301662 进行信号判断
2026-03-30 20:59:38 | INFO     | src.indicators.technical_indicators:calculate_bias:500 | 计算 250 日乖离率完成
2026-03-30 20:59:38 | WARNING  | src.indicators.technical_indicators:calculate_all:635 | 未知的指标类型: rsv_period
2026-03-30 20:59:38 | INFO     | src.indicators.technical_indicators:calculate_psy:523 | 计算 10 日心理线完成
2026-03-30 20:59:38 | WARNING  | src.indicators.technical_indicators:calculate_all:635 | 未知的指标类型: rsv_period
2026-03-30 20:59:38 | INFO     | src.indicators.technical_indicators:calculate_psy:523 | 计算 10 日心理线完成
2026-03-30 20:59:38 | INFO     | src.indicators.technical_indicators:calculate_psy:523 | 计算 10 日心理线完成
2026-03-30 20:59:38 | INFO     | src.core.data_fetcher:save_data:432 | 保存数据到 csv 文件: 301662_signals
2026-03-30 20:59:38 | INFO     | src.indicators.technical_indicators:calculate_psy:523 | 计算 10 日心理线完成
2026-03-30 20:59:38 | WARNING  | src.indicators.technical_indicators:calculate_all:635 | 未知的指标类型: volume_period
2026-03-30 20:59:38 | WARNING  | src.indicators.technical_indicators:calculate_all:635 | 未知的指标类型: rsv_period
2026-03-30 20:59:38 | WARNING  | src.indicators.technical_indicators:calculate_all:635 | 未知的指标类型: volume_period
2026-03-30 20:59:38 | WARNING  | src.indicators.technical_indicators:calculate_all:635 | 未知的指标类型: rsv_period
2026-03-30 20:59:38 | WARNING  | src.indicators.technical_indicators:calculate_all:635 | 未知的指标类型: rsv_period
2026-03-30 20:59:38 | WARNING  | src.indicators.technical_indicators:calculate_all:635 | 未知的指标类型: rsv_period
2026-03-30 20:59:38 | INFO     | src.indicators.technical_indicators:calculate_all:640 | 完成计算 45 个技术指标
2026-03-30 20:59:38 | INFO     | src.core.data_fetcher:save_data:452 | 数据保存成功: ./data\301662_signals.csv
2026-03-30 20:59:38 | WARNING  | src.indicators.technical_indicators:calculate_all:635 | 未知的指标类型: volume_period
2026-03-30 20:59:38 | INFO     | src.core.data_fetcher:save_data:432 | 保存数据到 csv 文件: 688155_with_indicators
2026-03-30 20:59:38 | INFO     | src.indicators.technical_indicators:calculate_all:640 | 完成计算 45 个技术指标
2026-03-30 20:59:38 | WARNING  | src.indicators.technical_indicators:calculate_all:635 | 未知的指标类型: volume_period
2026-03-30 20:59:38 | WARNING  | src.indicators.technical_indicators:calculate_all:635 | 未知的指标类型: volume_period
2026-03-30 20:59:38 | WARNING  | src.indicators.technical_indicators:calculate_all:635 | 未知的指标类型: volume_period
2026-03-30 20:59:38 | INFO     | src.core.data_fetcher:save_data:432 | 保存数据到 csv 文件: 301617_with_indicators
2026-03-30 20:59:38 | INFO     | src.workflow.technical:_process_single_stock:45 |   股票 301662 信号判断完成: 持有 (得分: 0.120)
2026-03-30 20:59:38 | INFO     | src.indicators.technical_indicators:calculate_all:640 | 完成计算 45 个技术指标
2026-03-30 20:59:38 | INFO     | src.indicators.technical_indicators:calculate_all:640 | 完成计算 45 个技术指标
2026-03-30 20:59:38 | INFO     | src.indicators.technical_indicators:calculate_all:640 | 完成计算 45 个技术指标
2026-03-30 20:59:38 | INFO     | src.indicators.technical_indicators:calculate_all:640 | 完成计算 45 个技术指标
2026-03-30 20:59:38 | INFO     | src.workflow.base:calculate_technical_indicators:188 | 计算股票 002846 的技术指标
2026-03-30 20:59:38 | ERROR    | src.utils.concurrency:process_batch:73 | 处理 ('301662',              日期      开盘      最高      最低      收盘       成交量           成交额      换手率       涨跌幅
0    2025-04-17   72.20   83.80   70.36   70.51  12790373  9.523721e+08  81.0732  165.0752
1    2025-04-18   67.00   74.33   66.00   67.33   8164893  5.684183e+08  51.7541   -4.5100
2    2025-04-21   68.00   68.01   62.80   63.18   7206364  4.611392e+08  45.6783   -6.1637
3    2025-04-22   62.39   65.48   61.98   63.17   5321109  3.400417e+08  33.7284   -0.0158
4    2025-04-23   64.55   65.33   61.00   61.21   5303124  3.314333e+08  33.6144   -3.1027
..          ...     ...     ...     ...     ...       ...           ...      ...       ...
225  2026-03-24  135.58  136.80  130.00  134.44    880849  1.171162e+08   5.2974    1.1435
226  2026-03-25  136.68  138.83  134.61  135.10   1018639  1.389835e+08   6.1261    0.4909
227  2026-03-26  134.93  135.00  128.60  129.69   1702697  2.227025e+08  10.2400   -4.0044
228  2026-03-27  127.79  141.90  127.08  138.78   2091339  2.842741e+08  12.5773    7.0090
229  2026-03-30  136.86  142.81  132.20  139.50   1508299  2.067517e+08   9.0709    0.5188

[230 rows x 9 columns]) 时出错: unhashable type: 'DataFrame'
2026-03-30 20:59:38 | INFO     | src.indicators.technical_indicators:calculate_ma:133 | 计算 5 日移动平均线完成
2026-03-30 20:59:38 | INFO     | src.core.data_fetcher:save_data:432 | 保存数据到 csv 文件: 688778_with_indicators
2026-03-30 20:59:38 | INFO     | src.core.data_fetcher:save_data:452 | 数据保存成功: ./data\301617_with_indicators.csv
2026-03-30 20:59:38 | INFO     | src.indicators.technical_indicators:calculate_ma:133 | 计算 10 日移动平均线完成
2026-03-30 20:59:38 | INFO     | src.workflow.base:calculate_signals:224 | 对股票 301617 进行信号判断
2026-03-30 20:59:38 | INFO     | src.core.data_fetcher:save_data:432 | 保存数据到 csv 文件: 301150_with_indicators
2026-03-30 20:59:38 | INFO     | src.core.data_fetcher:save_data:432 | 保存数据到 csv 文件: 688499_with_indicators
2026-03-30 20:59:38 | INFO     | src.indicators.technical_indicators:calculate_ma:133 | 计算 20 日移动平均线完成
2026-03-30 20:59:38 | INFO     | src.core.data_fetcher:save_data:432 | 保存数据到 csv 文件: 688147_with_indicators
2026-03-30 20:59:38 | INFO     | src.core.data_fetcher:save_data:432 | 保存数据到 csv 文件: 301617_signals
2026-03-30 20:59:38 | INFO     | src.core.data_fetcher:save_data:432 | 保存数据到 csv 文件: 300450_with_indicators
2026-03-30 20:59:38 | INFO     | src.indicators.technical_indicators:calculate_ma:133 | 计算 30 日移动平均线完成
2026-03-30 20:59:38 | INFO     | src.core.data_fetcher:save_data:452 | 数据保存成功: ./data\301617_signals.csv
2026-03-30 20:59:38 | INFO     | src.indicators.technical_indicators:calculate_ma:133 | 计算 60 日移动平均线完成
2026-03-30 20:59:38 | INFO     | src.workflow.technical:_process_single_stock:45 |   股票 301617 信号判断完成: 持有 (得分: 0.168)
2026-03-30 20:59:38 | INFO     | src.indicators.technical_indicators:calculate_ma:133 | 计算 120 日移动平均线完成
2026-03-30 20:59:38 | INFO     | src.workflow.base:calculate_technical_indicators:188 | 计算股票 300092 的技术指标
2026-03-30 20:59:38 | INFO     | src.indicators.technical_indicators:calculate_ma:133 | 计算 250 日移动平均线完成
2026-03-30 20:59:38 | INFO     | src.core.data_fetcher:save_data:452 | 数据保存成功: ./data\688155_with_indicators.csv
2026-03-30 20:59:38 | INFO     | src.indicators.technical_indicators:calculate_ma:133 | 计算 5 日移动平均线完成
2026-03-30 20:59:38 | INFO     | src.indicators.technical_indicators:calculate_sma:157 | 计算 5 日简单移动平均线完成
2026-03-30 20:59:38 | INFO     | src.workflow.base:calculate_signals:224 | 对股票 688155 进行信号判断
2026-03-30 20:59:38 | INFO     | src.indicators.technical_indicators:calculate_ma:133 | 计算 10 日移动平均线完成
2026-03-30 20:59:38 | INFO     | src.indicators.technical_indicators:calculate_sma:157 | 计算 10 日简单移动平均线完成
2026-03-30 20:59:38 | INFO     | src.indicators.technical_indicators:calculate_ma:133 | 计算 20 日移动平均线完成
2026-03-30 20:59:38 | INFO     | src.core.data_fetcher:save_data:432 | 保存数据到 csv 文件: 688155_signals
2026-03-30 20:59:38 | INFO     | src.indicators.technical_indicators:calculate_sma:157 | 计算 20 日简单移动平均线完成
2026-03-30 20:59:38 | INFO     | src.core.data_fetcher:save_data:452 | 数据保存成功: ./data\688147_with_indicators.csv
2026-03-30 20:59:38 | INFO     | src.indicators.technical_indicators:calculate_ma:133 | 计算 30 日移动平均线完成
2026-03-30 20:59:38 | INFO     | src.indicators.technical_indicators:calculate_sma:157 | 计算 30 日简单移动平均线完成
2026-03-30 20:59:38 | INFO     | src.core.data_fetcher:save_data:452 | 数据保存成功: ./data\688155_signals.csv
2026-03-30 20:59:38 | INFO     | src.workflow.base:calculate_signals:224 | 对股票 688147 进行信号判断
2026-03-30 20:59:38 | INFO     | src.core.data_fetcher:save_data:452 | 数据保存成功: ./data\301150_with_indicators.csv
2026-03-30 20:59:38 | INFO     | src.core.data_fetcher:save_data:452 | 数据保存成功: ./data\688778_with_indicators.csv
2026-03-30 20:59:38 | INFO     | src.indicators.technical_indicators:calculate_ma:133 | 计算 60 日移动平均线完成
2026-03-30 20:59:38 | INFO     | src.indicators.technical_indicators:calculate_sma:157 | 计算 60 日简单移动平均线完成
2026-03-30 20:59:38 | INFO     | src.workflow.technical:_process_single_stock:45 |   股票 688155 信号判断完成: 持有 (得分: 0.122)
2026-03-30 20:59:38 | INFO     | src.workflow.base:calculate_signals:224 | 对股票 301150 进行信号判断
2026-03-30 20:59:38 | INFO     | src.core.data_fetcher:save_data:432 | 保存数据到 csv 文件: 688147_signals
2026-03-30 20:59:38 | INFO     | src.workflow.base:calculate_signals:224 | 对股票 688778 进行信号判断
2026-03-30 20:59:38 | INFO     | src.core.data_fetcher:save_data:452 | 数据保存成功: ./data\688499_with_indicators.csv
2026-03-30 20:59:38 | INFO     | src.indicators.technical_indicators:calculate_ma:133 | 计算 120 日移动平均线完成
2026-03-30 20:59:38 | INFO     | src.indicators.technical_indicators:calculate_sma:157 | 计算 120 日简单移动平均线完成
2026-03-30 20:59:38 | INFO     | src.core.data_fetcher:save_data:432 | 保存数据到 csv 文件: 301150_signals
2026-03-30 20:59:38 | INFO     | src.workflow.base:calculate_signals:224 | 对股票 688499 进行信号判断
2026-03-30 20:59:38 | INFO     | src.core.data_fetcher:save_data:452 | 数据保存成功: ./data\688147_signals.csv
2026-03-30 20:59:38 | INFO     | src.core.data_fetcher:save_data:432 | 保存数据到 csv 文件: 688778_signals
2026-03-30 20:59:38 | INFO     | src.indicators.technical_indicators:calculate_ma:133 | 计算 250 日移动平均线完成
2026-03-30 20:59:38 | INFO     | src.indicators.technical_indicators:calculate_sma:157 | 计算 250 日简单移动平均线完成
2026-03-30 20:59:38 | INFO     | src.core.data_fetcher:save_data:452 | 数据保存成功: ./data\301150_signals.csv
2026-03-30 20:59:38 | INFO     | src.workflow.technical:_process_single_stock:45 |   股票 688147 信号判断完成: 持有 (得分: 0.154)
2026-03-30 20:59:38 | INFO     | src.core.data_fetcher:save_data:432 | 保存数据到 csv 文件: 688499_signals
2026-03-30 20:59:38 | INFO     | src.indicators.technical_indicators:calculate_sma:157 | 计算 5 日简单移动平均线完成
2026-03-30 20:59:38 | INFO     | src.core.data_fetcher:save_data:452 | 数据保存成功: ./data\688778_signals.csv
2026-03-30 20:59:38 | INFO     | src.core.data_fetcher:save_data:452 | 数据保存成功: ./data\300450_with_indicators.csv
2026-03-30 20:59:38 | INFO     | src.indicators.technical_indicators:calculate_ema:182 | 计算 12 日指数移动平均线完成
2026-03-30 20:59:38 | INFO     | src.workflow.technical:_process_single_stock:45 |   股票 301150 信号判断完成: 持有 (得分: -0.195)
2026-03-30 20:59:38 | INFO     | src.indicators.technical_indicators:calculate_sma:157 | 计算 10 日简单移动平均线完成
2026-03-30 20:59:38 | INFO     | src.workflow.technical:_process_single_stock:45 |   股票 688778 信号判断完成: 持有 (得分: 0.000)
2026-03-30 20:59:38 | INFO     | src.core.data_fetcher:save_data:452 | 数据保存成功: ./data\688499_signals.csv
2026-03-30 20:59:38 | INFO     | src.workflow.base:calculate_signals:224 | 对股票 300450 进行信号判断
2026-03-30 20:59:38 | INFO     | src.indicators.technical_indicators:calculate_ema:182 | 计算 26 日指数移动平均线完成
2026-03-30 20:59:38 | INFO     | src.indicators.technical_indicators:calculate_sma:157 | 计算 20 日简单移动平均线完成
2026-03-30 20:59:38 | INFO     | src.workflow.technical:_process_single_stock:45 |   股票 688499 信号判断完成: 买入 (得分: 0.356)
2026-03-30 20:59:38 | INFO     | src.core.data_fetcher:save_data:432 | 保存数据到 csv 文件: 300450_signals
2026-03-30 20:59:38 | INFO     | src.indicators.technical_indicators:calculate_rsi:221 | 计算 6 日RSI完成
2026-03-30 20:59:38 | INFO     | src.indicators.technical_indicators:calculate_sma:157 | 计算 30 日简单移动平均线完成
2026-03-30 20:59:38 | INFO     | src.indicators.technical_indicators:calculate_sma:157 | 计算 60 日简单移动平均线完成
2026-03-30 20:59:38 | INFO     | src.core.data_fetcher:save_data:452 | 数据保存成功: ./data\300450_signals.csv
2026-03-30 20:59:38 | INFO     | src.indicators.technical_indicators:calculate_rsi:221 | 计算 12 日RSI完成
2026-03-30 20:59:38 | INFO     | src.indicators.technical_indicators:calculate_sma:157 | 计算 120 日简单移动平均线完成
2026-03-30 20:59:38 | INFO     | src.workflow.technical:_process_single_stock:45 |   股票 300450 信号判断完成: 持有 (得分: 0.120)
2026-03-30 20:59:38 | INFO     | src.indicators.technical_indicators:calculate_rsi:221 | 计算 24 日RSI完成
2026-03-30 20:59:38 | INFO     | src.indicators.technical_indicators:calculate_sma:157 | 计算 250 日简单移动平均线完成
2026-03-30 20:59:38 | INFO     | src.indicators.technical_indicators:calculate_macd:263 | 计算MACD完成：快线=12, 慢线=26, 信号线=9
2026-03-30 20:59:38 | INFO     | src.indicators.technical_indicators:calculate_ema:182 | 计算 12 日指数移动平均线完成
2026-03-30 20:59:38 | INFO     | src.indicators.technical_indicators:calculate_macd:263 | 计算MACD完成：快线=12, 慢线=26, 信号线=12
2026-03-30 20:59:38 | INFO     | src.indicators.technical_indicators:calculate_ema:182 | 计算 26 日指数移动平均线完成
2026-03-30 20:59:38 | INFO     | src.indicators.technical_indicators:calculate_boll:303 | 计算布林带完成：周期=20, 标准差倍数=2
2026-03-30 20:59:38 | INFO     | src.indicators.technical_indicators:calculate_rsi:221 | 计算 6 日RSI完成
2026-03-30 20:59:38 | INFO     | src.indicators.technical_indicators:calculate_kdj:350 | 计算KDJ完成：K周期=9, D周期=3, J周期=3
2026-03-30 20:59:38 | INFO     | src.indicators.technical_indicators:calculate_kdj:350 | 计算KDJ完成：K周期=10, D周期=3, J周期=3
2026-03-30 20:59:38 | INFO     | src.indicators.technical_indicators:calculate_rsi:221 | 计算 12 日RSI完成
2026-03-30 20:59:38 | INFO     | src.indicators.technical_indicators:calculate_rsi:221 | 计算 24 日RSI完成
2026-03-30 20:59:38 | INFO     | src.indicators.technical_indicators:calculate_macd:263 | 计算MACD完成：快线=12, 慢线=26, 信号线=9
2026-03-30 20:59:38 | INFO     | src.indicators.technical_indicators:calculate_atr:385 | 计算 10 日ATR完成
2026-03-30 20:59:38 | INFO     | src.indicators.technical_indicators:calculate_macd:263 | 计算MACD完成：快线=12, 慢线=26, 信号线=12
2026-03-30 20:59:38 | INFO     | src.indicators.technical_indicators:calculate_cci:446 | 计算 20 日CCI完成
2026-03-30 20:59:38 | INFO     | src.indicators.technical_indicators:calculate_boll:303 | 计算布林带完成：周期=20, 标准差倍数=2
2026-03-30 20:59:38 | INFO     | src.indicators.technical_indicators:calculate_williams_r:476 | 计算 10 日威廉指标完成
2026-03-30 20:59:38 | INFO     | src.indicators.technical_indicators:calculate_kdj:350 | 计算KDJ完成：K周期=9, D周期=3, J周期=3
2026-03-30 20:59:38 | INFO     | src.indicators.technical_indicators:calculate_ma:133 | 计算 5 日移动平均线完成
2026-03-30 20:59:38 | INFO     | src.indicators.technical_indicators:calculate_bias:500 | 计算 5 日乖离率完成
2026-03-30 20:59:38 | INFO     | src.indicators.technical_indicators:calculate_ma:133 | 计算 10 日移动平均线完成
2026-03-30 20:59:38 | INFO     | src.indicators.technical_indicators:calculate_bias:500 | 计算 10 日乖离率完成
2026-03-30 20:59:38 | INFO     | src.indicators.technical_indicators:calculate_ma:133 | 计算 20 日移动平均线完成
2026-03-30 20:59:38 | INFO     | src.indicators.technical_indicators:calculate_kdj:350 | 计算KDJ完成：K周期=10, D周期=3, J周期=3
2026-03-30 20:59:38 | INFO     | src.indicators.technical_indicators:calculate_bias:500 | 计算 20 日乖离率完成
2026-03-30 20:59:38 | INFO     | src.indicators.technical_indicators:calculate_ma:133 | 计算 30 日移动平均线完成
2026-03-30 20:59:38 | INFO     | src.indicators.technical_indicators:calculate_bias:500 | 计算 30 日乖离率完成
2026-03-30 20:59:38 | INFO     | src.indicators.technical_indicators:calculate_atr:385 | 计算 10 日ATR完成
2026-03-30 20:59:38 | INFO     | src.indicators.technical_indicators:calculate_ma:133 | 计算 60 日移动平均线完成
2026-03-30 20:59:38 | INFO     | src.indicators.technical_indicators:calculate_bias:500 | 计算 60 日乖离率完成
2026-03-30 20:59:38 | INFO     | src.indicators.technical_indicators:calculate_ma:133 | 计算 120 日移动平均线完成
2026-03-30 20:59:38 | INFO     | src.indicators.technical_indicators:calculate_cci:446 | 计算 20 日CCI完成
2026-03-30 20:59:38 | INFO     | src.indicators.technical_indicators:calculate_bias:500 | 计算 120 日乖离率完成
2026-03-30 20:59:38 | INFO     | src.indicators.technical_indicators:calculate_williams_r:476 | 计算 10 日威廉指标完成
2026-03-30 20:59:38 | INFO     | src.indicators.technical_indicators:calculate_ma:133 | 计算 250 日移动平均线完成
2026-03-30 20:59:38 | INFO     | src.indicators.technical_indicators:calculate_ma:133 | 计算 5 日移动平均线完成
2026-03-30 20:59:38 | INFO     | src.indicators.technical_indicators:calculate_bias:500 | 计算 250 日乖离率完成
2026-03-30 20:59:38 | INFO     | src.indicators.technical_indicators:calculate_bias:500 | 计算 5 日乖离率完成
2026-03-30 20:59:38 | INFO     | src.indicators.technical_indicators:calculate_psy:523 | 计算 10 日心理线完成
2026-03-30 20:59:38 | WARNING  | src.indicators.technical_indicators:calculate_all:635 | 未知的指标类型: rsv_period
2026-03-30 20:59:38 | INFO     | src.indicators.technical_indicators:calculate_ma:133 | 计算 10 日移动平均线完成
2026-03-30 20:59:38 | WARNING  | src.indicators.technical_indicators:calculate_all:635 | 未知的指标类型: volume_period
2026-03-30 20:59:38 | INFO     | src.indicators.technical_indicators:calculate_bias:500 | 计算 10 日乖离率完成
2026-03-30 20:59:38 | INFO     | src.indicators.technical_indicators:calculate_all:640 | 完成计算 45 个技术指标
2026-03-30 20:59:38 | INFO     | src.indicators.technical_indicators:calculate_ma:133 | 计算 20 日移动平均线完成
2026-03-30 20:59:38 | INFO     | src.indicators.technical_indicators:calculate_bias:500 | 计算 20 日乖离率完成
2026-03-30 20:59:38 | INFO     | src.indicators.technical_indicators:calculate_ma:133 | 计算 30 日移动平均线完成
2026-03-30 20:59:38 | INFO     | src.indicators.technical_indicators:calculate_bias:500 | 计算 30 日乖离率完成
2026-03-30 20:59:38 | INFO     | src.indicators.technical_indicators:calculate_ma:133 | 计算 60 日移动平均线完成
2026-03-30 20:59:38 | INFO     | src.indicators.technical_indicators:calculate_bias:500 | 计算 60 日乖离率完成
2026-03-30 20:59:38 | INFO     | src.indicators.technical_indicators:calculate_ma:133 | 计算 120 日移动平均线完成
2026-03-30 20:59:38 | INFO     | src.indicators.technical_indicators:calculate_bias:500 | 计算 120 日乖离率完成
2026-03-30 20:59:38 | INFO     | src.indicators.technical_indicators:calculate_ma:133 | 计算 250 日移动平均线完成
2026-03-30 20:59:38 | INFO     | src.indicators.technical_indicators:calculate_bias:500 | 计算 250 日乖离率完成
2026-03-30 20:59:38 | INFO     | src.indicators.technical_indicators:calculate_psy:523 | 计算 10 日心理线完成
2026-03-30 20:59:38 | INFO     | src.core.data_fetcher:save_data:432 | 保存数据到 csv 文件: 002846_with_indicators
2026-03-30 20:59:38 | WARNING  | src.indicators.technical_indicators:calculate_all:635 | 未知的指标类型: rsv_period
2026-03-30 20:59:38 | WARNING  | src.indicators.technical_indicators:calculate_all:635 | 未知的指标类型: volume_period
2026-03-30 20:59:38 | INFO     | src.indicators.technical_indicators:calculate_all:640 | 完成计算 45 个技术指标
2026-03-30 20:59:38 | ERROR    | src.notify.channels.ntfy:_do_send:74 | ntfy 推送异常: HTTPSConnectionPool(host='ntfy.sh', port=443): Max retries exceeded with url: /process-notify-001 (Caused by SSLError(SSLEOFError(8, '[SSL: UNEXPECTED_EOF_WHILE_READING] EOF occurred in violation of protocol (_ssl.c:1000)')))
2026-03-30 20:59:38 | WARNING  | src.notify.channels.base:send:78 | NtfyChannel 发送失败 (尝试 1/3)
2026-03-30 20:59:38 | INFO     | src.core.data_fetcher:save_data:432 | 保存数据到 csv 文件: 300092_with_indicators
2026-03-30 20:59:38 | INFO     | src.core.data_fetcher:save_data:452 | 数据保存成功: ./data\002846_with_indicators.csv
2026-03-30 20:59:38 | INFO     | src.workflow.base:calculate_signals:224 | 对股票 002846 进行信号判断
2026-03-30 20:59:38 | INFO     | src.core.data_fetcher:save_data:432 | 保存数据到 csv 文件: 002846_signals
2026-03-30 20:59:38 | INFO     | src.core.data_fetcher:save_data:452 | 数据保存成功: ./data\002846_signals.csv
2026-03-30 20:59:38 | INFO     | src.workflow.technical:_process_single_stock:45 |   股票 002846 信号判断完成: 持有 (得分: 0.120)
2026-03-30 20:59:38 | INFO     | src.core.data_fetcher:save_data:452 | 数据保存成功: ./data\300092_with_indicators.csv
2026-03-30 20:59:38 | INFO     | src.workflow.base:calculate_signals:224 | 对股票 300092 进行信号判断
2026-03-30 20:59:38 | INFO     | src.core.data_fetcher:save_data:432 | 保存数据到 csv 文件: 300092_signals
2026-03-30 20:59:38 | INFO     | src.core.data_fetcher:save_data:452 | 数据保存成功: ./data\300092_signals.csv
2026-03-30 20:59:38 | INFO     | src.workflow.technical:_process_single_stock:45 |   股票 300092 信号判断完成: 持有 (得分: 0.000)
2026-03-30 20:59:39 | ERROR    | src.notify.channels.ntfy:_do_send:74 | ntfy 推送异常: HTTPSConnectionPool(host='ntfy.sh', port=443): Max retries exceeded with url: /process-notify-001 (Caused by SSLError(SSLEOFError(8, '[SSL: UNEXPECTED_EOF_WHILE_READING] EOF occurred in violation of protocol (_ssl.c:1000)')))
2026-03-30 20:59:39 | WARNING  | src.notify.channels.base:send:78 | NtfyChannel 发送失败 (尝试 2/3)
2026-03-30 20:59:41 | ERROR    | src.notify.channels.ntfy:_do_send:74 | ntfy 推送异常: HTTPSConnectionPool(host='ntfy.sh', port=443): Max retries exceeded with url: /process-notify-001 (Caused by SSLError(SSLEOFError(8, '[SSL: UNEXPECTED_EOF_WHILE_READING] EOF occurred in violation of protocol (_ssl.c:1000)')))
2026-03-30 20:59:41 | WARNING  | src.notify.channels.base:send:78 | NtfyChannel 发送失败 (尝试 3/3)
2026-03-30 20:59:41 | INFO     | src.notify.channels.markdown:_do_send:75 | Markdown 文件已保存: ./notify_logs\notify_20260330_205941.md
2026-03-30 20:59:41 | ERROR    | src.workflow.technical:process_fund:196 | 处理基金 005538 时失败: unhashable type: 'DataFrame'
2026-03-30 20:59:41 | INFO     | src.workflow.technical:run_batch:226 | 基金 005538 处理完成
2026-03-30 20:59:41 | INFO     | src.workflow.technical:run_batch:227 | ============================================================

2026-03-30 20:59:41 | INFO     | src.workflow.technical:run_batch:229 | 
============================================================
2026-03-30 20:59:41 | INFO     | src.workflow.technical:run_batch:230 | 批量处理完成!
2026-03-30 20:59:41 | INFO     | src.workflow.technical:run_batch:231 | ============================================================
2026-03-30 20:59:41 | INFO     | src.workflow.technical:run_batch:238 | 总基金数: 1
2026-03-30 20:59:41 | INFO     | src.workflow.technical:run_batch:239 | 成功处理: 0
2026-03-30 20:59:41 | INFO     | src.workflow.technical:run_batch:240 | 处理失败: 1
2026-03-30 20:59:41 | INFO     | src.workflow.technical:run_batch:252 | 总股票数（所有基金）: 0
2026-03-30 20:59:41 | INFO     | src.workflow.technical:run_batch:253 | 成功股票数: 0
2026-03-30 20:59:41 | INFO     | src.workflow.technical:run_batch:254 | 失败股票数: 0
2026-03-30 20:59:41 | WARNING  | src.workflow.technical:run_batch:257 | 处理失败的基金:
2026-03-30 20:59:41 | WARNING  | src.workflow.technical:run_batch:260 | 基金 005538: unhashable type: 'DataFrame'
2026-03-30 20:59:41 | INFO     | src.workflow.technical:run_batch:264 | ============================================================
2026-03-30 20:59:41 | INFO     | src.workflow.technical:run_batch:265 | 所有基金的技术指标计算已完成!
2026-03-30 20:59:41 | INFO     | src.workflow.technical:run_batch:266 | ============================================================
2026-03-30 20:59:41 | INFO     | __main__:main:141 | ✅ 技术指标计算完成！成功处理 0/1 个基金
2026-03-30 20:59:41 | INFO     | __main__:main:144 | 
2026-03-30 20:59:41 | INFO     | __main__:main:151 | ============================================================
2026-03-30 20:59:41 | INFO     | __main__:main:152 | [步骤 3/3] 正在执行：基金加权平均分析
2026-03-30 20:59:41 | INFO     | __main__:main:153 | ============================================================
2026-03-30 20:59:41 | INFO     | src.core.data_factory:create_provider:43 | 创建数据源提供者: akshare
2026-03-30 20:59:41 | INFO     | src.core.data_factory:_init_providers:127 | 初始化数据源提供者: akshare
2026-03-30 20:59:41 | INFO     | src.core.baostock_provider:login:42 | baostock 登录成功
2026-03-30 20:59:41 | INFO     | src.core.data_factory:create_provider:43 | 创建数据源提供者: baostock
2026-03-30 20:59:41 | INFO     | src.core.data_factory:_init_providers:127 | 初始化数据源提供者: baostock
2026-03-30 20:59:41 | INFO     | src.core.data_factory:__init__:117 | 多数据源数据获取器初始化完成
2026-03-30 20:59:41 | INFO     | src.core.data_factory:__init__:118 | 股票数据源: baostock
2026-03-30 20:59:41 | INFO     | src.core.data_factory:__init__:119 | 基金数据源: akshare
2026-03-30 20:59:41 | INFO     | src.data.reader:__init__:29 | 数据读取器初始化完成，基础路径: data
2026-03-30 20:59:41 | INFO     | src.workflow.analysis:run_batch:241 | 开始进行基金加权平均分析
2026-03-30 20:59:41 | INFO     | src.workflow.analysis:run_batch:242 | 基金代码列表: ['005538']
2026-03-30 20:59:41 | INFO     | src.workflow.analysis:run_batch:247 | 
============================================================
2026-03-30 20:59:41 | INFO     | src.workflow.analysis:run_batch:248 | 开始分析基金: 005538
2026-03-30 20:59:41 | INFO     | src.workflow.analysis:run_batch:249 | ============================================================
2026-03-30 20:59:41 | INFO     | src.workflow.analysis:analyze_fund:135 | 执行基金 005538 的完整加权平均分析流程...
2026-03-30 20:59:41 | INFO     | src.workflow.analysis:analyze_fund:139 | 【步骤1】获取基金持仓数据
2026-03-30 20:59:41 | INFO     | src.workflow.analysis:get_fund_holdings_for_analysis:36 | 获取基金 005538 的持仓数据（用于分析）
2026-03-30 20:59:41 | WARNING  | src.core.data_fetcher:get_fund_portfolio_hold_em:331 | get_fund_portfolio_hold_em 方法已过时，建议使用 get_fund_portfolio
2026-03-30 20:59:41 | INFO     | src.core.data_fetcher:inner:294 | 获取基金 005538 持仓
2026-03-30 20:59:41 | INFO     | src.core.akshare_provider:get_fund_portfolio:370 | akshare 获取基金 005538 持仓
2026-03-30 20:59:42 | INFO     | src.core.baostock_provider:logout:59 | baostock 已登出
2026-03-30 20:59:42 | INFO     | src.core.akshare_provider:get_fund_portfolio:379 | 使用 fund_portfolio_hold_em 成功获取基金 005538 持仓
2026-03-30 20:59:42 | INFO     | src.workflow.analysis:analyze_fund:146 | 【步骤2】过滤最新季度数据
2026-03-30 20:59:42 | INFO     | src.workflow.base:filter_latest_quarter:101 | 过滤最新季度数据
2026-03-30 20:59:42 | INFO     | src.analysis.quarter_filter:filter_latest_quarter_data:63 | 识别到最新季度: 2025年Q4
2026-03-30 20:59:42 | INFO     | src.analysis.quarter_filter:filter_latest_quarter_data:77 | 过滤结果: 从 81 条记录中筛选出 10 条最新季度数据
2026-03-30 20:59:42 | INFO     | src.workflow.analysis:analyze_fund:154 | 最新季度持仓股票数量: 10
2026-03-30 20:59:42 | INFO     | src.workflow.analysis:analyze_fund:155 | 股票代码列表: ['301662', '688778', '688155', '300450', '301617', '688147', '688499', '301150', '002846', '300092']
2026-03-30 20:59:42 | INFO     | src.workflow.analysis:analyze_fund:158 | 【步骤3】检查股票信号数据
2026-03-30 20:59:42 | INFO     | src.workflow.analysis:check_and_calculate_missing_indicators:62 | 所有股票的信号数据已存在，跳过技术指标计算步骤
2026-03-30 20:59:42 | INFO     | src.workflow.analysis:analyze_fund:162 | 【步骤4】进行基金加权平均分析
2026-03-30 20:59:42 | INFO     | src.analysis.fund_weighted_analyzer:parse_holdings_data:280 | 解析到 10 只股票持仓数据
2026-03-30 20:59:42 | INFO     | src.analysis.fund_weighted_analyzer:analyze_fund:314 | 分析股票 301662 (宏工科技)
2026-03-30 20:59:42 | INFO     | src.analysis.fund_weighted_analyzer:analyze_fund:314 | 分析股票 688778 (厦钨新能)
2026-03-30 20:59:43 | INFO     | src.analysis.fund_weighted_analyzer:analyze_fund:314 | 分析股票 688155 (先惠技术)
2026-03-30 20:59:43 | INFO     | src.analysis.fund_weighted_analyzer:analyze_fund:314 | 分析股票 300450 (先导智能)
2026-03-30 20:59:43 | INFO     | src.analysis.fund_weighted_analyzer:analyze_fund:314 | 分析股票 301617 (博苑股份)
2026-03-30 20:59:43 | INFO     | src.analysis.fund_weighted_analyzer:analyze_fund:314 | 分析股票 688147 (微导纳米)
2026-03-30 20:59:43 | INFO     | src.analysis.fund_weighted_analyzer:analyze_fund:314 | 分析股票 688499 (利元亨)
2026-03-30 20:59:43 | INFO     | src.analysis.fund_weighted_analyzer:analyze_fund:314 | 分析股票 301150 (中一科技)
2026-03-30 20:59:43 | INFO     | src.analysis.fund_weighted_analyzer:analyze_fund:314 | 分析股票 002846 (英联股份)
2026-03-30 20:59:43 | INFO     | src.analysis.fund_weighted_analyzer:analyze_fund:314 | 分析股票 300092 (科新机电)
2026-03-30 20:59:43 | INFO     | src.workflow.analysis:analyze_fund:175 | 【步骤5】生成分析报告
2026-03-30 20:59:43 | INFO     | src.analysis.fund_weighted_analyzer:save_report:592 | 分析报告已保存到: outputs/reports\fund-analysis-005538.txt
2026-03-30 20:59:43 | INFO     | src.analysis.fund_weighted_analyzer:save_report:593 | JSON结果已保存到: outputs/reports\fund-analysis-005538.json
2026-03-30 20:59:43 | INFO     | src.workflow.analysis:analyze_fund:180 | 
============================================================
2026-03-30 20:59:43 | INFO     | src.workflow.analysis:analyze_fund:181 | 基金 005538 分析结果:
2026-03-30 20:59:43 | INFO     | src.workflow.analysis:analyze_fund:182 | ------------------------------------------------------------
2026-03-30 20:59:43 | INFO     | src.workflow.analysis:analyze_fund:183 | 加权平均得分: 0.100
2026-03-30 20:59:43 | INFO     | src.workflow.analysis:analyze_fund:184 | 基金建议: 建议持有
2026-03-30 20:59:43 | INFO     | src.workflow.analysis:analyze_fund:185 | 置信度: 24.6%
2026-03-30 20:59:43 | INFO     | src.workflow.analysis:analyze_fund:186 | 总股票数: 10
2026-03-30 20:59:43 | INFO     | src.workflow.analysis:analyze_fund:187 | 已分析股票数: 10
2026-03-30 20:59:43 | INFO     | src.workflow.analysis:analyze_fund:188 | 分析覆盖率: 100.0%
2026-03-30 20:59:43 | INFO     | src.workflow.analysis:analyze_fund:189 | ------------------------------------------------------------
2026-03-30 20:59:43 | INFO     | src.workflow.analysis:analyze_fund:196 | ⦿ 基金建议: 建议持有观望
2026-03-30 20:59:43 | INFO     | src.workflow.analysis:analyze_fund:200 | ============================================================
2026-03-30 20:59:43 | ERROR    | src.notify.channels.ntfy:_do_send:74 | ntfy 推送异常: HTTPSConnectionPool(host='ntfy.sh', port=443): Max retries exceeded with url: /process-notify-001 (Caused by SSLError(SSLEOFError(8, '[SSL: UNEXPECTED_EOF_WHILE_READING] EOF occurred in violation of protocol (_ssl.c:1000)')))
2026-03-30 20:59:43 | WARNING  | src.notify.channels.base:send:78 | NtfyChannel 发送失败 (尝试 1/3)
2026-03-30 20:59:44 | ERROR    | src.notify.channels.ntfy:_do_send:74 | ntfy 推送异常: HTTPSConnectionPool(host='ntfy.sh', port=443): Max retries exceeded with url: /process-notify-001 (Caused by SSLError(SSLEOFError(8, '[SSL: UNEXPECTED_EOF_WHILE_READING] EOF occurred in violation of protocol (_ssl.c:1000)')))
2026-03-30 20:59:44 | WARNING  | src.notify.channels.base:send:78 | NtfyChannel 发送失败 (尝试 2/3)
2026-03-30 20:59:45 | ERROR    | src.notify.channels.ntfy:_do_send:74 | ntfy 推送异常: HTTPSConnectionPool(host='ntfy.sh', port=443): Max retries exceeded with url: /process-notify-001 (Caused by SSLError(SSLEOFError(8, '[SSL: UNEXPECTED_EOF_WHILE_READING] EOF occurred in violation of protocol (_ssl.c:1000)')))
2026-03-30 20:59:45 | WARNING  | src.notify.channels.base:send:78 | NtfyChannel 发送失败 (尝试 3/3)
2026-03-30 20:59:45 | INFO     | src.notify.channels.markdown:_do_send:75 | Markdown 文件已保存: ./notify_logs\notify_20260330_205945.md
2026-03-30 20:59:45 | INFO     | src.workflow.analysis:run_batch:254 | 基金 005538 分析完成
2026-03-30 20:59:45 | INFO     | src.workflow.analysis:run_batch:255 | ============================================================

2026-03-30 20:59:45 | INFO     | src.workflow.analysis:summarize_analysis_results:270 | 
============================================================
2026-03-30 20:59:45 | INFO     | src.workflow.analysis:summarize_analysis_results:271 | 基金加权平均分析汇总报告
2026-03-30 20:59:45 | INFO     | src.workflow.analysis:summarize_analysis_results:272 | ============================================================
2026-03-30 20:59:45 | INFO     | src.workflow.analysis:summarize_analysis_results:278 | 总基金数: 1
2026-03-30 20:59:45 | INFO     | src.workflow.analysis:summarize_analysis_results:279 | 分析成功: 1
2026-03-30 20:59:45 | INFO     | src.workflow.analysis:summarize_analysis_results:280 | 分析失败: 0
2026-03-30 20:59:45 | INFO     | src.workflow.analysis:summarize_analysis_results:283 | 
成功分析的基金结果:
2026-03-30 20:59:45 | INFO     | src.workflow.analysis:summarize_analysis_results:284 | ------------------------------------------------------------
2026-03-30 20:59:45 | INFO     | src.workflow.analysis:summarize_analysis_results:288 | 基金代码: 005538
2026-03-30 20:59:45 | INFO     | src.workflow.analysis:summarize_analysis_results:289 | 基金名称: 基金005538
2026-03-30 20:59:45 | INFO     | src.workflow.analysis:summarize_analysis_results:290 | 加权得分: 0.100
2026-03-30 20:59:45 | INFO     | src.workflow.analysis:summarize_analysis_results:291 | 持有建议: 建议持有
2026-03-30 20:59:45 | INFO     | src.workflow.analysis:summarize_analysis_results:292 | 置信度: 24.6%
2026-03-30 20:59:45 | INFO     | src.workflow.analysis:summarize_analysis_results:293 | 报告路径: outputs/reports\fund-analysis-005538.txt
2026-03-30 20:59:45 | INFO     | src.workflow.analysis:summarize_analysis_results:294 | ------------------------------------------------------------
2026-03-30 20:59:45 | INFO     | src.workflow.analysis:summarize_analysis_results:302 | 
持有建议分布:
2026-03-30 20:59:45 | INFO     | src.workflow.analysis:summarize_analysis_results:305 |   建议持有: 1只 (100.0%)
2026-03-30 20:59:45 | INFO     | src.workflow.analysis:summarize_analysis_results:313 | 
============================================================
2026-03-30 20:59:45 | INFO     | src.workflow.analysis:summarize_analysis_results:314 | 基金加权平均分析已完成!
2026-03-30 20:59:45 | INFO     | src.workflow.analysis:summarize_analysis_results:315 | ============================================================
2026-03-30 20:59:45 | INFO     | __main__:main:165 | ✅ 基金加权平均分析完成！
2026-03-30 20:59:45 | INFO     | __main__:main:166 |    总基金数: 1
2026-03-30 20:59:45 | INFO     | __main__:main:167 |    分析成功: 1
2026-03-30 20:59:45 | INFO     | __main__:main:168 |    分析失败: 0
2026-03-30 20:59:45 | INFO     | __main__:main:171 | 
成功分析的基金结果:
2026-03-30 20:59:45 | INFO     | __main__:main:172 | ------------------------------------------------------------
2026-03-30 20:59:45 | INFO     | __main__:main:175 | 基金代码: 005538
2026-03-30 20:59:45 | INFO     | __main__:main:176 | 基金名称: 基金005538
2026-03-30 20:59:45 | INFO     | __main__:main:177 | 加权得分: 0.100
2026-03-30 20:59:45 | INFO     | __main__:main:178 | 持有建议: 建议持有
2026-03-30 20:59:45 | INFO     | __main__:main:179 | 置信度: 24.6%
2026-03-30 20:59:45 | INFO     | __main__:main:180 | 报告路径: outputs/reports\fund-analysis-005538.txt
2026-03-30 20:59:45 | INFO     | __main__:main:181 | ------------------------------------------------------------
2026-03-30 20:59:45 | INFO     | __main__:main:183 | 
2026-03-30 20:59:46 | ERROR    | src.notify.channels.ntfy:_do_send:74 | ntfy 推送异常: HTTPSConnectionPool(host='ntfy.sh', port=443): Max retries exceeded with url: /process-notify-001 (Caused by SSLError(SSLEOFError(8, '[SSL: UNEXPECTED_EOF_WHILE_READING] EOF occurred in violation of protocol (_ssl.c:1000)')))
2026-03-30 20:59:46 | WARNING  | src.notify.channels.base:send:78 | NtfyChannel 发送失败 (尝试 1/3)
2026-03-30 20:59:47 | ERROR    | src.notify.channels.ntfy:_do_send:74 | ntfy 推送异常: HTTPSConnectionPool(host='ntfy.sh', port=443): Max retries exceeded with url: /process-notify-001 (Caused by SSLError(SSLEOFError(8, '[SSL: UNEXPECTED_EOF_WHILE_READING] EOF occurred in violation of protocol (_ssl.c:1000)')))
2026-03-30 20:59:47 | WARNING  | src.notify.channels.base:send:78 | NtfyChannel 发送失败 (尝试 2/3)
2026-03-30 20:59:48 | ERROR    | src.notify.channels.ntfy:_do_send:74 | ntfy 推送异常: HTTPSConnectionPool(host='ntfy.sh', port=443): Max retries exceeded with url: /process-notify-001 (Caused by SSLError(SSLEOFError(8, '[SSL: UNEXPECTED_EOF_WHILE_READING] EOF occurred in violation of protocol (_ssl.c:1000)')))
2026-03-30 20:59:48 | WARNING  | src.notify.channels.base:send:78 | NtfyChannel 发送失败 (尝试 3/3)
2026-03-30 20:59:48 | INFO     | src.notify.channels.markdown:_do_send:75 | Markdown 文件已保存: ./notify_logs\notify_20260330_205948.md
2026-03-30 20:59:48 | INFO     | __main__:send_notification:221 | ✅ 通知发送成功！
2026-03-30 20:59:48 | INFO     | __main__:main:201 | ============================================================
2026-03-30 20:59:48 | INFO     | __main__:main:202 | 自动化执行流程全部完成！
2026-03-30 20:59:48 | INFO     | __main__:main:203 | 完成时间: 2026-03-30 20:59:48
2026-03-30 20:59:48 | INFO     | __main__:main:204 | ============================================================
2026-03-30 21:01:43 | INFO     | src.notify:_load_channels:49 | 通知渠道 [ntfy] 初始化成功
2026-03-30 21:01:43 | INFO     | src.notify:_load_channels:49 | 通知渠道 [markdown] 初始化成功
2026-03-30 21:01:43 | INFO     | __main__:main:99 | ============================================================
2026-03-30 21:01:43 | INFO     | __main__:main:100 | 开始自动化执行流程（按 3→1→2 顺序）
2026-03-30 21:01:43 | INFO     | __main__:main:101 | ============================================================
2026-03-30 21:01:43 | INFO     | __main__:main:109 | 配置信息:
2026-03-30 21:01:43 | INFO     | __main__:main:110 |   基金代码: ['005538']
2026-03-30 21:01:43 | INFO     | __main__:main:111 |   开始日期: 2019-01-01
2026-03-30 21:01:43 | INFO     | __main__:main:112 |   数据目录: stock_data
2026-03-30 21:01:43 | INFO     | __main__:main:113 | 
2026-03-30 21:01:43 | INFO     | __main__:main:116 | ============================================================
2026-03-30 21:01:43 | INFO     | __main__:main:117 | [步骤 1/3] 正在执行：更新数据
2026-03-30 21:01:43 | INFO     | __main__:main:118 | ============================================================
2026-03-30 21:01:43 | INFO     | src.update_data:run_update_workflow:195 | 开始数据更新流程
2026-03-30 21:01:43 | INFO     | src.update_data:run_update_workflow:196 | 基金代码列表: ['005538']
2026-03-30 21:01:43 | INFO     | src.update_data:run_update_workflow:197 | 开始日期: 2019-01-01
2026-03-30 21:01:43 | INFO     | src.update_data:run_update_workflow:198 | 数据目录: stock_data
2026-03-30 21:01:43 | INFO     | src.update_data:update_data:20 | 开始更新数据，基金代码: ['005538']
2026-03-30 21:01:43 | ERROR    | src.notify.channels.ntfy:_do_send:74 | ntfy 推送异常: HTTPSConnectionPool(host='ntfy.sh', port=443): Max retries exceeded with url: /process-notify-001 (Caused by SSLError(SSLEOFError(8, '[SSL: UNEXPECTED_EOF_WHILE_READING] EOF occurred in violation of protocol (_ssl.c:1000)')))
2026-03-30 21:01:43 | WARNING  | src.notify.channels.base:send:78 | NtfyChannel 发送失败 (尝试 1/3)
2026-03-30 21:01:45 | ERROR    | src.notify.channels.ntfy:_do_send:74 | ntfy 推送异常: HTTPSConnectionPool(host='ntfy.sh', port=443): Max retries exceeded with url: /process-notify-001 (Caused by SSLError(SSLEOFError(8, '[SSL: UNEXPECTED_EOF_WHILE_READING] EOF occurred in violation of protocol (_ssl.c:1000)')))
2026-03-30 21:01:45 | WARNING  | src.notify.channels.base:send:78 | NtfyChannel 发送失败 (尝试 2/3)
2026-03-30 21:01:46 | ERROR    | src.notify.channels.ntfy:_do_send:74 | ntfy 推送异常: HTTPSConnectionPool(host='ntfy.sh', port=443): Max retries exceeded with url: /process-notify-001 (Caused by SSLError(SSLEOFError(8, '[SSL: UNEXPECTED_EOF_WHILE_READING] EOF occurred in violation of protocol (_ssl.c:1000)')))
2026-03-30 21:01:46 | WARNING  | src.notify.channels.base:send:78 | NtfyChannel 发送失败 (尝试 3/3)
2026-03-30 21:01:46 | INFO     | src.notify.channels.markdown:_do_send:75 | Markdown 文件已保存: ./notify_logs\notify_20260330_210146.md
2026-03-30 21:01:46 | INFO     | src.core.data_factory:create_provider:43 | 创建数据源提供者: akshare
2026-03-30 21:01:46 | INFO     | src.core.data_factory:_init_providers:127 | 初始化数据源提供者: akshare
2026-03-30 21:01:46 | INFO     | src.core.baostock_provider:login:42 | baostock 登录成功
2026-03-30 21:01:46 | INFO     | src.core.data_factory:create_provider:43 | 创建数据源提供者: baostock
2026-03-30 21:01:46 | INFO     | src.core.data_factory:_init_providers:127 | 初始化数据源提供者: baostock
2026-03-30 21:01:46 | INFO     | src.core.data_factory:__init__:117 | 多数据源数据获取器初始化完成
2026-03-30 21:01:46 | INFO     | src.core.data_factory:__init__:118 | 股票数据源: baostock
2026-03-30 21:01:46 | INFO     | src.core.data_factory:__init__:119 | 基金数据源: akshare
2026-03-30 21:01:46 | INFO     | src.data.reader:__init__:29 | 数据读取器初始化完成，基础路径: data
2026-03-30 21:01:46 | INFO     | src.update_data:update_data:37 | 步骤1: 更新基金持仓数据
2026-03-30 21:01:46 | WARNING  | src.core.data_fetcher:get_fund_portfolio_hold_em:331 | get_fund_portfolio_hold_em 方法已过时，建议使用 get_fund_portfolio
2026-03-30 21:01:46 | INFO     | src.core.data_fetcher:inner:294 | 获取基金 005538 持仓
2026-03-30 21:01:46 | INFO     | src.core.akshare_provider:get_fund_portfolio:370 | akshare 获取基金 005538 持仓
2026-03-30 21:01:47 | INFO     | src.core.akshare_provider:get_fund_portfolio:379 | 使用 fund_portfolio_hold_em 成功获取基金 005538 持仓
2026-03-30 21:01:47 | INFO     | src.core.data_fetcher:save_data:432 | 保存数据到 csv 文件: fund_portfolio_005538
2026-03-30 21:01:47 | INFO     | src.core.data_fetcher:save_data:452 | 数据保存成功: ./data\fund_portfolio_005538.csv
2026-03-30 21:01:47 | DEBUG    | src.update_data:update_data:80 | 获取基金 005538 基本信息失败（可选功能）: 'AkFund' object has no attribute 'get_fund_info_em'
2026-03-30 21:01:47 | INFO     | src.update_data:update_data:89 | 基金 005538 持仓数据更新成功，共 81 条记录
2026-03-30 21:01:47 | INFO     | src.update_data:update_data:100 | 步骤2: 获取所有基金的持仓股票
2026-03-30 21:01:47 | INFO     | src.analysis.quarter_filter:filter_latest_quarter_data:63 | 识别到最新季度: 2025年Q4
2026-03-30 21:01:47 | INFO     | src.analysis.quarter_filter:filter_latest_quarter_data:77 | 过滤结果: 从 81 条记录中筛选出 10 条最新季度数据
2026-03-30 21:01:47 | INFO     | src.update_data:update_data:114 | 需要更新的股票数量: 10
2026-03-30 21:01:47 | INFO     | src.update_data:update_data:115 | 股票代码列表: ['002846', '688499', '301617', '688147', '301150', '300450', '688155', '688778', '301662', '300092']
2026-03-30 21:01:47 | INFO     | src.update_data:update_data:118 | 步骤3: 更新股票K线数据
2026-03-30 21:01:47 | INFO     | src.core.data_fetcher:inner:197 | 获取股票 002846 daily K线数据
2026-03-30 21:01:52 | INFO     | src.core.baostock_provider:get_stock_kline:243 | baostock 获取股票 002846 daily K线数据成功，共 1754 条
2026-03-30 21:01:52 | INFO     | src.core.data_fetcher:save_data:432 | 保存数据到 csv 文件: stock_data/002846_kline
2026-03-30 21:01:52 | INFO     | src.core.data_fetcher:save_data:452 | 数据保存成功: ./data\stock_data/002846_kline.csv
2026-03-30 21:01:52 | DEBUG    | src.update_data:update_data:144 | 股票 002846 K线数据更新成功，共 1754 条记录
2026-03-30 21:01:52 | INFO     | src.core.data_fetcher:inner:197 | 获取股票 688499 daily K线数据
2026-03-30 21:01:57 | INFO     | src.core.baostock_provider:get_stock_kline:243 | baostock 获取股票 688499 daily K线数据成功，共 1149 条
2026-03-30 21:01:57 | INFO     | src.core.data_fetcher:save_data:432 | 保存数据到 csv 文件: stock_data/688499_kline
2026-03-30 21:01:57 | INFO     | src.core.data_fetcher:save_data:452 | 数据保存成功: ./data\stock_data/688499_kline.csv
2026-03-30 21:01:57 | DEBUG    | src.update_data:update_data:144 | 股票 688499 K线数据更新成功，共 1149 条记录
2026-03-30 21:01:57 | INFO     | src.core.data_fetcher:inner:197 | 获取股票 301617 daily K线数据
2026-03-30 21:01:59 | INFO     | src.core.baostock_provider:get_stock_kline:243 | baostock 获取股票 301617 daily K线数据成功，共 313 条
2026-03-30 21:01:59 | INFO     | src.core.data_fetcher:save_data:432 | 保存数据到 csv 文件: stock_data/301617_kline
2026-03-30 21:01:59 | INFO     | src.core.data_fetcher:save_data:452 | 数据保存成功: ./data\stock_data/301617_kline.csv
2026-03-30 21:01:59 | DEBUG    | src.update_data:update_data:144 | 股票 301617 K线数据更新成功，共 313 条记录
2026-03-30 21:01:59 | INFO     | src.core.data_fetcher:inner:197 | 获取股票 688147 daily K线数据
2026-03-30 21:02:05 | INFO     | src.core.baostock_provider:get_stock_kline:243 | baostock 获取股票 688147 daily K线数据成功，共 788 条
2026-03-30 21:02:05 | INFO     | src.core.data_fetcher:save_data:432 | 保存数据到 csv 文件: stock_data/688147_kline
2026-03-30 21:02:05 | INFO     | src.core.data_fetcher:save_data:452 | 数据保存成功: ./data\stock_data/688147_kline.csv
2026-03-30 21:02:05 | DEBUG    | src.update_data:update_data:144 | 股票 688147 K线数据更新成功，共 788 条记录
2026-03-30 21:02:05 | INFO     | src.core.data_fetcher:inner:197 | 获取股票 301150 daily K线数据
2026-03-30 21:02:07 | INFO     | src.core.baostock_provider:get_stock_kline:243 | baostock 获取股票 301150 daily K线数据成功，共 954 条
2026-03-30 21:02:07 | INFO     | src.core.data_fetcher:save_data:432 | 保存数据到 csv 文件: stock_data/301150_kline
2026-03-30 21:02:07 | INFO     | src.core.data_fetcher:save_data:452 | 数据保存成功: ./data\stock_data/301150_kline.csv
2026-03-30 21:02:07 | DEBUG    | src.update_data:update_data:144 | 股票 301150 K线数据更新成功，共 954 条记录
2026-03-30 21:02:07 | INFO     | src.core.data_fetcher:inner:197 | 获取股票 300450 daily K线数据
2026-03-30 21:02:17 | INFO     | src.core.baostock_provider:get_stock_kline:243 | baostock 获取股票 300450 daily K线数据成功，共 1754 条
2026-03-30 21:02:17 | INFO     | src.core.data_fetcher:save_data:432 | 保存数据到 csv 文件: stock_data/300450_kline
2026-03-30 21:02:17 | INFO     | src.core.data_fetcher:save_data:452 | 数据保存成功: ./data\stock_data/300450_kline.csv
2026-03-30 21:02:17 | DEBUG    | src.update_data:update_data:144 | 股票 300450 K线数据更新成功，共 1754 条记录
2026-03-30 21:02:17 | INFO     | src.core.data_fetcher:inner:197 | 获取股票 688155 daily K线数据
2026-03-30 21:02:45 | INFO     | src.core.baostock_provider:get_stock_kline:243 | baostock 获取股票 688155 daily K线数据成功，共 1364 条
2026-03-30 21:02:45 | INFO     | src.core.data_fetcher:save_data:432 | 保存数据到 csv 文件: stock_data/688155_kline
2026-03-30 21:02:45 | INFO     | src.core.data_fetcher:save_data:452 | 数据保存成功: ./data\stock_data/688155_kline.csv
2026-03-30 21:02:45 | DEBUG    | src.update_data:update_data:144 | 股票 688155 K线数据更新成功，共 1364 条记录
2026-03-30 21:02:45 | INFO     | src.core.data_fetcher:inner:197 | 获取股票 688778 daily K线数据
2026-03-30 21:02:51 | INFO     | src.core.baostock_provider:get_stock_kline:243 | baostock 获取股票 688778 daily K线数据成功，共 1124 条
2026-03-30 21:02:51 | INFO     | src.core.data_fetcher:save_data:432 | 保存数据到 csv 文件: stock_data/688778_kline
2026-03-30 21:02:51 | INFO     | src.core.data_fetcher:save_data:452 | 数据保存成功: ./data\stock_data/688778_kline.csv
2026-03-30 21:02:51 | DEBUG    | src.update_data:update_data:144 | 股票 688778 K线数据更新成功，共 1124 条记录
2026-03-30 21:02:51 | INFO     | src.core.data_fetcher:inner:197 | 获取股票 301662 daily K线数据
2026-03-30 21:02:51 | INFO     | src.core.baostock_provider:get_stock_kline:243 | baostock 获取股票 301662 daily K线数据成功，共 230 条
2026-03-30 21:02:51 | INFO     | src.core.data_fetcher:save_data:432 | 保存数据到 csv 文件: stock_data/301662_kline
2026-03-30 21:02:51 | INFO     | src.core.data_fetcher:save_data:452 | 数据保存成功: ./data\stock_data/301662_kline.csv
2026-03-30 21:02:51 | DEBUG    | src.update_data:update_data:144 | 股票 301662 K线数据更新成功，共 230 条记录
2026-03-30 21:02:51 | INFO     | src.core.data_fetcher:inner:197 | 获取股票 300092 daily K线数据
2026-03-30 21:03:00 | INFO     | src.core.baostock_provider:get_stock_kline:243 | baostock 获取股票 300092 daily K线数据成功，共 1754 条
2026-03-30 21:03:00 | INFO     | src.core.data_fetcher:save_data:432 | 保存数据到 csv 文件: stock_data/300092_kline
2026-03-30 21:03:00 | INFO     | src.core.data_fetcher:save_data:452 | 数据保存成功: ./data\stock_data/300092_kline.csv
2026-03-30 21:03:00 | DEBUG    | src.update_data:update_data:144 | 股票 300092 K线数据更新成功，共 1754 条记录
2026-03-30 21:03:00 | INFO     | src.update_data:update_data:162 | 步骤4: 生成汇总报告
2026-03-30 21:03:00 | INFO     | src.update_data:update_data:169 | ============================================================
2026-03-30 21:03:00 | INFO     | src.update_data:update_data:170 | 数据更新完成!
2026-03-30 21:03:00 | INFO     | src.update_data:update_data:171 | ============================================================
2026-03-30 21:03:00 | INFO     | src.update_data:update_data:172 | 基金数据: 成功 1 / 失败 0
2026-03-30 21:03:00 | INFO     | src.update_data:update_data:173 | 股票数据: 成功 10 / 失败 0
2026-03-30 21:03:00 | INFO     | src.update_data:update_data:174 | 总更新记录: 11 条
2026-03-30 21:03:00 | INFO     | src.update_data:update_data:175 | ============================================================
2026-03-30 21:03:00 | ERROR    | src.notify.channels.ntfy:_do_send:74 | ntfy 推送异常: HTTPSConnectionPool(host='ntfy.sh', port=443): Max retries exceeded with url: /process-notify-001 (Caused by SSLError(SSLEOFError(8, '[SSL: UNEXPECTED_EOF_WHILE_READING] EOF occurred in violation of protocol (_ssl.c:1000)')))
2026-03-30 21:03:00 | WARNING  | src.notify.channels.base:send:78 | NtfyChannel 发送失败 (尝试 1/3)
2026-03-30 21:03:02 | ERROR    | src.notify.channels.ntfy:_do_send:74 | ntfy 推送异常: HTTPSConnectionPool(host='ntfy.sh', port=443): Max retries exceeded with url: /process-notify-001 (Caused by SSLError(SSLEOFError(8, '[SSL: UNEXPECTED_EOF_WHILE_READING] EOF occurred in violation of protocol (_ssl.c:1000)')))
2026-03-30 21:03:02 | WARNING  | src.notify.channels.base:send:78 | NtfyChannel 发送失败 (尝试 2/3)
2026-03-30 21:03:03 | ERROR    | src.notify.channels.ntfy:_do_send:74 | ntfy 推送异常: HTTPSConnectionPool(host='ntfy.sh', port=443): Max retries exceeded with url: /process-notify-001 (Caused by SSLError(SSLEOFError(8, '[SSL: UNEXPECTED_EOF_WHILE_READING] EOF occurred in violation of protocol (_ssl.c:1000)')))
2026-03-30 21:03:03 | WARNING  | src.notify.channels.base:send:78 | NtfyChannel 发送失败 (尝试 3/3)
2026-03-30 21:03:03 | INFO     | src.notify.channels.markdown:_do_send:75 | Markdown 文件已保存: ./notify_logs\notify_20260330_210303.md
2026-03-30 21:03:03 | INFO     | src.update_data:run_update_workflow:203 | 数据更新流程完成!
2026-03-30 21:03:03 | INFO     | __main__:main:121 | ✅ 数据更新完成！处理了 4 个基金
2026-03-30 21:03:03 | INFO     | __main__:main:122 | 
2026-03-30 21:03:03 | INFO     | __main__:main:129 | ============================================================
2026-03-30 21:03:03 | INFO     | __main__:main:130 | [步骤 2/3] 正在执行：技术指标计算
2026-03-30 21:03:03 | INFO     | __main__:main:131 | ============================================================
2026-03-30 21:03:03 | INFO     | src.core.data_factory:create_provider:43 | 创建数据源提供者: akshare
2026-03-30 21:03:03 | INFO     | src.core.data_factory:_init_providers:127 | 初始化数据源提供者: akshare
2026-03-30 21:03:03 | INFO     | src.core.baostock_provider:login:42 | baostock 登录成功
2026-03-30 21:03:03 | INFO     | src.core.data_factory:create_provider:43 | 创建数据源提供者: baostock
2026-03-30 21:03:03 | INFO     | src.core.data_factory:_init_providers:127 | 初始化数据源提供者: baostock
2026-03-30 21:03:03 | INFO     | src.core.data_factory:__init__:117 | 多数据源数据获取器初始化完成
2026-03-30 21:03:03 | INFO     | src.core.data_factory:__init__:118 | 股票数据源: baostock
2026-03-30 21:03:03 | INFO     | src.core.data_factory:__init__:119 | 基金数据源: akshare
2026-03-30 21:03:03 | INFO     | src.data.reader:__init__:29 | 数据读取器初始化完成，基础路径: data
2026-03-30 21:03:03 | INFO     | src.workflow.technical:run_batch:212 | 开始批量处理 1 个基金的技术指标计算
2026-03-30 21:03:03 | INFO     | src.workflow.technical:run_batch:213 | 基金代码列表: ['005538']
2026-03-30 21:03:03 | INFO     | src.workflow.technical:run_batch:219 | 
============================================================
2026-03-30 21:03:03 | INFO     | src.workflow.technical:run_batch:220 | 开始处理基金: 005538
2026-03-30 21:03:03 | INFO     | src.workflow.technical:process_fund:99 | 开始处理基金 005538 的持仓股票技术指标计算
2026-03-30 21:03:03 | INFO     | src.workflow.base:get_fund_holdings:85 | 获取基金 005538 的持仓数据
2026-03-30 21:03:03 | INFO     | src.core.data_fetcher:inner:294 | 获取基金 005538 持仓
2026-03-30 21:03:03 | INFO     | src.core.akshare_provider:get_fund_portfolio:370 | akshare 获取基金 005538 持仓
2026-03-30 21:03:03 | INFO     | src.core.baostock_provider:logout:59 | baostock 已登出
2026-03-30 21:03:03 | INFO     | src.core.akshare_provider:get_fund_portfolio:379 | 使用 fund_portfolio_hold_em 成功获取基金 005538 持仓
2026-03-30 21:03:03 | INFO     | src.workflow.base:filter_latest_quarter:101 | 过滤最新季度数据
2026-03-30 21:03:03 | INFO     | src.analysis.quarter_filter:filter_latest_quarter_data:63 | 识别到最新季度: 2025年Q4
2026-03-30 21:03:03 | INFO     | src.analysis.quarter_filter:filter_latest_quarter_data:77 | 过滤结果: 从 81 条记录中筛选出 10 条最新季度数据
2026-03-30 21:03:03 | INFO     | src.workflow.technical:process_fund:116 | 最新季度持仓股票数量: 10
2026-03-30 21:03:03 | INFO     | src.workflow.technical:process_fund:117 | 股票代码列表: ['301662', '688778', '688155', '300450', '301617', '688147', '688499', '301150', '002846', '300092']
2026-03-30 21:03:03 | INFO     | src.workflow.base:get_stock_data:115 | 批量处理 10 只股票的数据
2026-03-30 21:03:03 | INFO     | src.data.reader:list_files:221 | 在 data\stock_data 中找到 20 个文件
2026-03-30 21:03:03 | INFO     | src.data.reader:list_stock_files:241 | 找到 20 个股票数据文件
2026-03-30 21:03:03 | INFO     | src.data.reader:read_csv:53 | 读取CSV文件: data\stock_data\301662_kline.csv
2026-03-30 21:03:03 | INFO     | src.data.reader:list_files:221 | 在 data\stock_data 中找到 20 个文件
2026-03-30 21:03:03 | INFO     | src.data.reader:list_files:221 | 在 data\stock_data 中找到 20 个文件
2026-03-30 21:03:03 | INFO     | src.data.reader:list_stock_files:241 | 找到 20 个股票数据文件
2026-03-30 21:03:03 | INFO     | src.data.reader:list_files:221 | 在 data\stock_data 中找到 20 个文件
2026-03-30 21:03:03 | INFO     | src.data.reader:list_stock_files:241 | 找到 20 个股票数据文件
2026-03-30 21:03:03 | INFO     | src.data.reader:read_csv:53 | 读取CSV文件: data\stock_data\300450_kline.csv
2026-03-30 21:03:03 | INFO     | src.data.reader:list_files:221 | 在 data\stock_data 中找到 20 个文件
2026-03-30 21:03:03 | INFO     | src.data.reader:list_stock_files:241 | 找到 20 个股票数据文件
2026-03-30 21:03:03 | INFO     | src.data.reader:read_csv:53 | 读取CSV文件: data\stock_data\688778_kline.csv
2026-03-30 21:03:03 | INFO     | src.data.reader:list_files:221 | 在 data\stock_data 中找到 20 个文件
2026-03-30 21:03:03 | INFO     | src.data.reader:list_stock_files:241 | 找到 20 个股票数据文件
2026-03-30 21:03:03 | INFO     | src.data.reader:list_files:221 | 在 data\stock_data 中找到 20 个文件
2026-03-30 21:03:03 | INFO     | src.data.reader:read_csv:53 | 读取CSV文件: data\stock_data\688155_kline.csv
2026-03-30 21:03:03 | INFO     | src.data.reader:read_csv:57 | 成功读取 230 行数据
2026-03-30 21:03:03 | INFO     | src.data.reader:list_stock_files:241 | 找到 20 个股票数据文件
2026-03-30 21:03:03 | INFO     | src.data.reader:read_csv:53 | 读取CSV文件: data\stock_data\688147_kline.csv
2026-03-30 21:03:03 | INFO     | src.data.reader:list_stock_files:241 | 找到 20 个股票数据文件
2026-03-30 21:03:03 | INFO     | src.data.reader:list_files:221 | 在 data\stock_data 中找到 20 个文件
2026-03-30 21:03:03 | INFO     | src.data.reader:read_csv:53 | 读取CSV文件: data\stock_data\688499_kline.csv
2026-03-30 21:03:03 | INFO     | src.data.reader:read_csv:53 | 读取CSV文件: data\stock_data\301617_kline.csv
2026-03-30 21:03:03 | INFO     | src.data.reader:read_csv:57 | 成功读取 1754 行数据
2026-03-30 21:03:03 | INFO     | src.data.reader:list_stock_files:241 | 找到 20 个股票数据文件
2026-03-30 21:03:03 | INFO     | src.data.reader:list_files:221 | 在 data\stock_data 中找到 20 个文件
2026-03-30 21:03:03 | INFO     | src.data.reader:read_csv:57 | 成功读取 1124 行数据
2026-03-30 21:03:03 | INFO     | src.data.reader:read_csv:53 | 读取CSV文件: data\stock_data\301150_kline.csv
2026-03-30 21:03:03 | INFO     | src.data.reader:read_csv:57 | 成功读取 788 行数据
2026-03-30 21:03:03 | INFO     | src.data.reader:read_csv:57 | 成功读取 1364 行数据
2026-03-30 21:03:03 | INFO     | src.data.reader:list_stock_files:241 | 找到 20 个股票数据文件
2026-03-30 21:03:03 | INFO     | src.data.reader:read_csv:57 | 成功读取 313 行数据
2026-03-30 21:03:03 | INFO     | src.data.reader:read_csv:57 | 成功读取 1149 行数据
2026-03-30 21:03:03 | INFO     | src.data.reader:list_files:221 | 在 data\stock_data 中找到 20 个文件
2026-03-30 21:03:03 | INFO     | src.data.reader:read_csv:53 | 读取CSV文件: data\stock_data\002846_kline.csv
2026-03-30 21:03:03 | INFO     | src.data.reader:list_stock_files:241 | 找到 20 个股票数据文件
2026-03-30 21:03:03 | INFO     | src.data.reader:read_csv:57 | 成功读取 954 行数据
2026-03-30 21:03:03 | INFO     | src.data.reader:read_csv:53 | 读取CSV文件: data\stock_data\300092_kline.csv
2026-03-30 21:03:03 | INFO     | src.data.reader:read_csv:57 | 成功读取 1754 行数据
2026-03-30 21:03:03 | INFO     | src.data.reader:read_csv:57 | 成功读取 1754 行数据
2026-03-30 21:03:03 | INFO     | src.utils.concurrency:process_batch:70 | 获取股票数据: 10/10
2026-03-30 21:03:03 | INFO     | src.workflow.base:get_stock_data:171 | 成功获取 10 只股票的数据
2026-03-30 21:03:03 | INFO     | src.workflow.technical:process_fund:133 | 开始计算技术指标和信号判断
2026-03-30 21:03:03 | INFO     | src.workflow.base:calculate_technical_indicators:188 | 计算股票 301662 的技术指标
2026-03-30 21:03:03 | INFO     | src.workflow.base:calculate_technical_indicators:188 | 计算股票 300450 的技术指标
2026-03-30 21:03:03 | INFO     | src.workflow.base:calculate_technical_indicators:188 | 计算股票 688778 的技术指标
2026-03-30 21:03:03 | INFO     | src.workflow.base:calculate_technical_indicators:188 | 计算股票 688147 的技术指标
2026-03-30 21:03:03 | INFO     | src.indicators.technical_indicators:calculate_ma:133 | 计算 5 日移动平均线完成
2026-03-30 21:03:03 | INFO     | src.workflow.base:calculate_technical_indicators:188 | 计算股票 688155 的技术指标
2026-03-30 21:03:03 | INFO     | src.indicators.technical_indicators:calculate_ma:133 | 计算 5 日移动平均线完成
2026-03-30 21:03:03 | INFO     | src.workflow.base:calculate_technical_indicators:188 | 计算股票 301617 的技术指标
2026-03-30 21:03:03 | INFO     | src.indicators.technical_indicators:calculate_ma:133 | 计算 5 日移动平均线完成
2026-03-30 21:03:03 | INFO     | src.workflow.base:calculate_technical_indicators:188 | 计算股票 688499 的技术指标
2026-03-30 21:03:03 | INFO     | src.indicators.technical_indicators:calculate_ma:133 | 计算 10 日移动平均线完成
2026-03-30 21:03:03 | INFO     | src.indicators.technical_indicators:calculate_ma:133 | 计算 5 日移动平均线完成
2026-03-30 21:03:03 | INFO     | src.indicators.technical_indicators:calculate_ma:133 | 计算 5 日移动平均线完成
2026-03-30 21:03:03 | INFO     | src.workflow.base:calculate_technical_indicators:188 | 计算股票 301150 的技术指标
2026-03-30 21:03:03 | INFO     | src.indicators.technical_indicators:calculate_ma:133 | 计算 10 日移动平均线完成
2026-03-30 21:03:03 | INFO     | src.indicators.technical_indicators:calculate_ma:133 | 计算 5 日移动平均线完成
2026-03-30 21:03:03 | INFO     | src.indicators.technical_indicators:calculate_ma:133 | 计算 10 日移动平均线完成
2026-03-30 21:03:03 | INFO     | src.indicators.technical_indicators:calculate_ma:133 | 计算 5 日移动平均线完成
2026-03-30 21:03:03 | INFO     | src.indicators.technical_indicators:calculate_ma:133 | 计算 20 日移动平均线完成
2026-03-30 21:03:03 | INFO     | src.indicators.technical_indicators:calculate_ma:133 | 计算 10 日移动平均线完成
2026-03-30 21:03:03 | INFO     | src.indicators.technical_indicators:calculate_ma:133 | 计算 10 日移动平均线完成
2026-03-30 21:03:03 | INFO     | src.indicators.technical_indicators:calculate_ma:133 | 计算 5 日移动平均线完成
2026-03-30 21:03:03 | INFO     | src.indicators.technical_indicators:calculate_ma:133 | 计算 20 日移动平均线完成
2026-03-30 21:03:03 | INFO     | src.indicators.technical_indicators:calculate_ma:133 | 计算 10 日移动平均线完成
2026-03-30 21:03:03 | INFO     | src.indicators.technical_indicators:calculate_ma:133 | 计算 20 日移动平均线完成
2026-03-30 21:03:03 | INFO     | src.indicators.technical_indicators:calculate_ma:133 | 计算 10 日移动平均线完成
2026-03-30 21:03:03 | INFO     | src.indicators.technical_indicators:calculate_ma:133 | 计算 30 日移动平均线完成
2026-03-30 21:03:03 | INFO     | src.indicators.technical_indicators:calculate_ma:133 | 计算 20 日移动平均线完成
2026-03-30 21:03:03 | INFO     | src.indicators.technical_indicators:calculate_ma:133 | 计算 20 日移动平均线完成
2026-03-30 21:03:03 | INFO     | src.indicators.technical_indicators:calculate_ma:133 | 计算 10 日移动平均线完成
2026-03-30 21:03:03 | INFO     | src.indicators.technical_indicators:calculate_ma:133 | 计算 30 日移动平均线完成
2026-03-30 21:03:03 | INFO     | src.indicators.technical_indicators:calculate_ma:133 | 计算 20 日移动平均线完成
2026-03-30 21:03:03 | INFO     | src.indicators.technical_indicators:calculate_ma:133 | 计算 30 日移动平均线完成
2026-03-30 21:03:03 | INFO     | src.indicators.technical_indicators:calculate_ma:133 | 计算 20 日移动平均线完成
2026-03-30 21:03:03 | INFO     | src.indicators.technical_indicators:calculate_ma:133 | 计算 60 日移动平均线完成
2026-03-30 21:03:03 | INFO     | src.indicators.technical_indicators:calculate_ma:133 | 计算 30 日移动平均线完成
2026-03-30 21:03:03 | INFO     | src.indicators.technical_indicators:calculate_ma:133 | 计算 30 日移动平均线完成
2026-03-30 21:03:03 | INFO     | src.indicators.technical_indicators:calculate_ma:133 | 计算 20 日移动平均线完成
2026-03-30 21:03:03 | INFO     | src.indicators.technical_indicators:calculate_ma:133 | 计算 60 日移动平均线完成
2026-03-30 21:03:03 | INFO     | src.indicators.technical_indicators:calculate_ma:133 | 计算 30 日移动平均线完成
2026-03-30 21:03:03 | INFO     | src.indicators.technical_indicators:calculate_ma:133 | 计算 60 日移动平均线完成
2026-03-30 21:03:03 | INFO     | src.indicators.technical_indicators:calculate_ma:133 | 计算 30 日移动平均线完成
2026-03-30 21:03:03 | INFO     | src.indicators.technical_indicators:calculate_ma:133 | 计算 120 日移动平均线完成
2026-03-30 21:03:03 | INFO     | src.indicators.technical_indicators:calculate_ma:133 | 计算 60 日移动平均线完成
2026-03-30 21:03:03 | INFO     | src.indicators.technical_indicators:calculate_ma:133 | 计算 60 日移动平均线完成
2026-03-30 21:03:03 | INFO     | src.indicators.technical_indicators:calculate_ma:133 | 计算 30 日移动平均线完成
2026-03-30 21:03:03 | INFO     | src.indicators.technical_indicators:calculate_ma:133 | 计算 120 日移动平均线完成
2026-03-30 21:03:03 | INFO     | src.indicators.technical_indicators:calculate_ma:133 | 计算 60 日移动平均线完成
2026-03-30 21:03:03 | INFO     | src.indicators.technical_indicators:calculate_ma:133 | 计算 120 日移动平均线完成
2026-03-30 21:03:03 | INFO     | src.indicators.technical_indicators:calculate_ma:133 | 计算 60 日移动平均线完成
2026-03-30 21:03:03 | INFO     | src.indicators.technical_indicators:calculate_ma:133 | 计算 250 日移动平均线完成
2026-03-30 21:03:03 | INFO     | src.indicators.technical_indicators:calculate_ma:133 | 计算 120 日移动平均线完成
2026-03-30 21:03:03 | INFO     | src.indicators.technical_indicators:calculate_ma:133 | 计算 120 日移动平均线完成
2026-03-30 21:03:03 | INFO     | src.indicators.technical_indicators:calculate_ma:133 | 计算 60 日移动平均线完成
2026-03-30 21:03:03 | INFO     | src.indicators.technical_indicators:calculate_ma:133 | 计算 250 日移动平均线完成
2026-03-30 21:03:03 | INFO     | src.indicators.technical_indicators:calculate_ma:133 | 计算 120 日移动平均线完成
2026-03-30 21:03:03 | INFO     | src.indicators.technical_indicators:calculate_ma:133 | 计算 250 日移动平均线完成
2026-03-30 21:03:03 | INFO     | src.indicators.technical_indicators:calculate_ma:133 | 计算 120 日移动平均线完成
2026-03-30 21:03:03 | INFO     | src.indicators.technical_indicators:calculate_sma:157 | 计算 5 日简单移动平均线完成
2026-03-30 21:03:03 | INFO     | src.indicators.technical_indicators:calculate_ma:133 | 计算 250 日移动平均线完成
2026-03-30 21:03:03 | INFO     | src.indicators.technical_indicators:calculate_ma:133 | 计算 250 日移动平均线完成
2026-03-30 21:03:03 | INFO     | src.indicators.technical_indicators:calculate_ma:133 | 计算 120 日移动平均线完成
2026-03-30 21:03:03 | INFO     | src.indicators.technical_indicators:calculate_sma:157 | 计算 5 日简单移动平均线完成
2026-03-30 21:03:03 | INFO     | src.indicators.technical_indicators:calculate_ma:133 | 计算 250 日移动平均线完成
2026-03-30 21:03:03 | INFO     | src.indicators.technical_indicators:calculate_sma:157 | 计算 5 日简单移动平均线完成
2026-03-30 21:03:03 | INFO     | src.indicators.technical_indicators:calculate_ma:133 | 计算 250 日移动平均线完成
2026-03-30 21:03:03 | INFO     | src.indicators.technical_indicators:calculate_sma:157 | 计算 10 日简单移动平均线完成
2026-03-30 21:03:03 | INFO     | src.indicators.technical_indicators:calculate_sma:157 | 计算 5 日简单移动平均线完成
2026-03-30 21:03:03 | INFO     | src.indicators.technical_indicators:calculate_sma:157 | 计算 5 日简单移动平均线完成
2026-03-30 21:03:03 | INFO     | src.indicators.technical_indicators:calculate_ma:133 | 计算 250 日移动平均线完成
2026-03-30 21:03:03 | INFO     | src.indicators.technical_indicators:calculate_sma:157 | 计算 10 日简单移动平均线完成
2026-03-30 21:03:03 | INFO     | src.indicators.technical_indicators:calculate_sma:157 | 计算 5 日简单移动平均线完成
2026-03-30 21:03:03 | INFO     | src.indicators.technical_indicators:calculate_sma:157 | 计算 10 日简单移动平均线完成
2026-03-30 21:03:03 | INFO     | src.indicators.technical_indicators:calculate_sma:157 | 计算 5 日简单移动平均线完成
2026-03-30 21:03:03 | INFO     | src.indicators.technical_indicators:calculate_sma:157 | 计算 20 日简单移动平均线完成
2026-03-30 21:03:03 | INFO     | src.indicators.technical_indicators:calculate_sma:157 | 计算 10 日简单移动平均线完成
2026-03-30 21:03:03 | INFO     | src.indicators.technical_indicators:calculate_sma:157 | 计算 10 日简单移动平均线完成
2026-03-30 21:03:03 | INFO     | src.indicators.technical_indicators:calculate_sma:157 | 计算 5 日简单移动平均线完成
2026-03-30 21:03:03 | INFO     | src.indicators.technical_indicators:calculate_sma:157 | 计算 20 日简单移动平均线完成
2026-03-30 21:03:03 | INFO     | src.indicators.technical_indicators:calculate_sma:157 | 计算 10 日简单移动平均线完成
2026-03-30 21:03:03 | INFO     | src.indicators.technical_indicators:calculate_sma:157 | 计算 20 日简单移动平均线完成
2026-03-30 21:03:03 | INFO     | src.indicators.technical_indicators:calculate_sma:157 | 计算 10 日简单移动平均线完成
2026-03-30 21:03:03 | INFO     | src.indicators.technical_indicators:calculate_sma:157 | 计算 30 日简单移动平均线完成
2026-03-30 21:03:03 | INFO     | src.indicators.technical_indicators:calculate_sma:157 | 计算 20 日简单移动平均线完成
2026-03-30 21:03:03 | INFO     | src.indicators.technical_indicators:calculate_sma:157 | 计算 20 日简单移动平均线完成
2026-03-30 21:03:03 | INFO     | src.indicators.technical_indicators:calculate_sma:157 | 计算 10 日简单移动平均线完成
2026-03-30 21:03:03 | INFO     | src.indicators.technical_indicators:calculate_sma:157 | 计算 30 日简单移动平均线完成
2026-03-30 21:03:03 | INFO     | src.indicators.technical_indicators:calculate_sma:157 | 计算 20 日简单移动平均线完成
2026-03-30 21:03:03 | INFO     | src.indicators.technical_indicators:calculate_sma:157 | 计算 30 日简单移动平均线完成
2026-03-30 21:03:03 | INFO     | src.indicators.technical_indicators:calculate_sma:157 | 计算 20 日简单移动平均线完成
2026-03-30 21:03:03 | INFO     | src.indicators.technical_indicators:calculate_sma:157 | 计算 60 日简单移动平均线完成
2026-03-30 21:03:03 | INFO     | src.indicators.technical_indicators:calculate_sma:157 | 计算 30 日简单移动平均线完成
2026-03-30 21:03:03 | INFO     | src.indicators.technical_indicators:calculate_sma:157 | 计算 30 日简单移动平均线完成
2026-03-30 21:03:03 | INFO     | src.indicators.technical_indicators:calculate_sma:157 | 计算 20 日简单移动平均线完成
2026-03-30 21:03:03 | INFO     | src.indicators.technical_indicators:calculate_sma:157 | 计算 60 日简单移动平均线完成
2026-03-30 21:03:03 | INFO     | src.indicators.technical_indicators:calculate_sma:157 | 计算 30 日简单移动平均线完成
2026-03-30 21:03:03 | INFO     | src.indicators.technical_indicators:calculate_sma:157 | 计算 60 日简单移动平均线完成
2026-03-30 21:03:03 | INFO     | src.indicators.technical_indicators:calculate_sma:157 | 计算 30 日简单移动平均线完成
2026-03-30 21:03:03 | INFO     | src.indicators.technical_indicators:calculate_sma:157 | 计算 120 日简单移动平均线完成
2026-03-30 21:03:03 | INFO     | src.indicators.technical_indicators:calculate_sma:157 | 计算 60 日简单移动平均线完成
2026-03-30 21:03:03 | INFO     | src.indicators.technical_indicators:calculate_sma:157 | 计算 60 日简单移动平均线完成
2026-03-30 21:03:03 | INFO     | src.indicators.technical_indicators:calculate_sma:157 | 计算 30 日简单移动平均线完成
2026-03-30 21:03:03 | INFO     | src.indicators.technical_indicators:calculate_sma:157 | 计算 120 日简单移动平均线完成
2026-03-30 21:03:03 | INFO     | src.indicators.technical_indicators:calculate_sma:157 | 计算 60 日简单移动平均线完成
2026-03-30 21:03:03 | INFO     | src.indicators.technical_indicators:calculate_sma:157 | 计算 120 日简单移动平均线完成
2026-03-30 21:03:03 | INFO     | src.indicators.technical_indicators:calculate_sma:157 | 计算 60 日简单移动平均线完成
2026-03-30 21:03:03 | INFO     | src.indicators.technical_indicators:calculate_sma:157 | 计算 250 日简单移动平均线完成
2026-03-30 21:03:03 | INFO     | src.indicators.technical_indicators:calculate_sma:157 | 计算 120 日简单移动平均线完成
2026-03-30 21:03:03 | INFO     | src.indicators.technical_indicators:calculate_sma:157 | 计算 120 日简单移动平均线完成
2026-03-30 21:03:03 | INFO     | src.indicators.technical_indicators:calculate_sma:157 | 计算 60 日简单移动平均线完成
2026-03-30 21:03:03 | INFO     | src.indicators.technical_indicators:calculate_sma:157 | 计算 250 日简单移动平均线完成
2026-03-30 21:03:03 | INFO     | src.indicators.technical_indicators:calculate_sma:157 | 计算 120 日简单移动平均线完成
2026-03-30 21:03:03 | INFO     | src.indicators.technical_indicators:calculate_sma:157 | 计算 250 日简单移动平均线完成
2026-03-30 21:03:03 | INFO     | src.indicators.technical_indicators:calculate_sma:157 | 计算 120 日简单移动平均线完成
2026-03-30 21:03:03 | INFO     | src.indicators.technical_indicators:calculate_ema:182 | 计算 12 日指数移动平均线完成
2026-03-30 21:03:03 | INFO     | src.indicators.technical_indicators:calculate_sma:157 | 计算 250 日简单移动平均线完成
2026-03-30 21:03:03 | INFO     | src.indicators.technical_indicators:calculate_sma:157 | 计算 250 日简单移动平均线完成
2026-03-30 21:03:03 | INFO     | src.indicators.technical_indicators:calculate_sma:157 | 计算 120 日简单移动平均线完成
2026-03-30 21:03:03 | INFO     | src.indicators.technical_indicators:calculate_ema:182 | 计算 12 日指数移动平均线完成
2026-03-30 21:03:03 | INFO     | src.indicators.technical_indicators:calculate_sma:157 | 计算 250 日简单移动平均线完成
2026-03-30 21:03:03 | INFO     | src.indicators.technical_indicators:calculate_ema:182 | 计算 12 日指数移动平均线完成
2026-03-30 21:03:03 | INFO     | src.indicators.technical_indicators:calculate_sma:157 | 计算 250 日简单移动平均线完成
2026-03-30 21:03:03 | INFO     | src.indicators.technical_indicators:calculate_ema:182 | 计算 26 日指数移动平均线完成
2026-03-30 21:03:03 | INFO     | src.indicators.technical_indicators:calculate_ema:182 | 计算 12 日指数移动平均线完成
2026-03-30 21:03:03 | INFO     | src.indicators.technical_indicators:calculate_ema:182 | 计算 12 日指数移动平均线完成
2026-03-30 21:03:03 | INFO     | src.indicators.technical_indicators:calculate_sma:157 | 计算 250 日简单移动平均线完成
2026-03-30 21:03:03 | INFO     | src.indicators.technical_indicators:calculate_ema:182 | 计算 26 日指数移动平均线完成
2026-03-30 21:03:03 | INFO     | src.indicators.technical_indicators:calculate_ema:182 | 计算 12 日指数移动平均线完成
2026-03-30 21:03:03 | INFO     | src.indicators.technical_indicators:calculate_ema:182 | 计算 26 日指数移动平均线完成
2026-03-30 21:03:04 | INFO     | src.indicators.technical_indicators:calculate_ema:182 | 计算 12 日指数移动平均线完成
2026-03-30 21:03:04 | INFO     | src.indicators.technical_indicators:calculate_rsi:221 | 计算 6 日RSI完成
2026-03-30 21:03:04 | INFO     | src.indicators.technical_indicators:calculate_ema:182 | 计算 26 日指数移动平均线完成
2026-03-30 21:03:04 | INFO     | src.indicators.technical_indicators:calculate_ema:182 | 计算 26 日指数移动平均线完成
2026-03-30 21:03:04 | INFO     | src.indicators.technical_indicators:calculate_ema:182 | 计算 12 日指数移动平均线完成
2026-03-30 21:03:04 | INFO     | src.indicators.technical_indicators:calculate_rsi:221 | 计算 6 日RSI完成
2026-03-30 21:03:04 | INFO     | src.indicators.technical_indicators:calculate_ema:182 | 计算 26 日指数移动平均线完成
2026-03-30 21:03:04 | INFO     | src.indicators.technical_indicators:calculate_rsi:221 | 计算 6 日RSI完成
2026-03-30 21:03:04 | INFO     | src.indicators.technical_indicators:calculate_ema:182 | 计算 26 日指数移动平均线完成
2026-03-30 21:03:04 | INFO     | src.indicators.technical_indicators:calculate_rsi:221 | 计算 12 日RSI完成
2026-03-30 21:03:04 | INFO     | src.indicators.technical_indicators:calculate_rsi:221 | 计算 6 日RSI完成
2026-03-30 21:03:04 | INFO     | src.indicators.technical_indicators:calculate_rsi:221 | 计算 6 日RSI完成
2026-03-30 21:03:04 | INFO     | src.indicators.technical_indicators:calculate_ema:182 | 计算 26 日指数移动平均线完成
2026-03-30 21:03:04 | INFO     | src.indicators.technical_indicators:calculate_rsi:221 | 计算 12 日RSI完成
2026-03-30 21:03:04 | INFO     | src.indicators.technical_indicators:calculate_rsi:221 | 计算 6 日RSI完成
2026-03-30 21:03:04 | INFO     | src.indicators.technical_indicators:calculate_rsi:221 | 计算 12 日RSI完成
2026-03-30 21:03:04 | INFO     | src.indicators.technical_indicators:calculate_rsi:221 | 计算 6 日RSI完成
2026-03-30 21:03:04 | INFO     | src.indicators.technical_indicators:calculate_rsi:221 | 计算 24 日RSI完成
2026-03-30 21:03:04 | INFO     | src.indicators.technical_indicators:calculate_rsi:221 | 计算 12 日RSI完成
2026-03-30 21:03:04 | INFO     | src.indicators.technical_indicators:calculate_rsi:221 | 计算 12 日RSI完成
2026-03-30 21:03:04 | INFO     | src.indicators.technical_indicators:calculate_rsi:221 | 计算 6 日RSI完成
2026-03-30 21:03:04 | INFO     | src.indicators.technical_indicators:calculate_rsi:221 | 计算 24 日RSI完成
2026-03-30 21:03:04 | INFO     | src.indicators.technical_indicators:calculate_rsi:221 | 计算 12 日RSI完成
2026-03-30 21:03:04 | INFO     | src.indicators.technical_indicators:calculate_rsi:221 | 计算 24 日RSI完成
2026-03-30 21:03:04 | INFO     | src.indicators.technical_indicators:calculate_rsi:221 | 计算 12 日RSI完成
2026-03-30 21:03:04 | INFO     | src.indicators.technical_indicators:calculate_macd:263 | 计算MACD完成：快线=12, 慢线=26, 信号线=9
2026-03-30 21:03:04 | INFO     | src.indicators.technical_indicators:calculate_rsi:221 | 计算 24 日RSI完成
2026-03-30 21:03:04 | INFO     | src.indicators.technical_indicators:calculate_rsi:221 | 计算 24 日RSI完成
2026-03-30 21:03:04 | INFO     | src.indicators.technical_indicators:calculate_rsi:221 | 计算 12 日RSI完成
2026-03-30 21:03:04 | INFO     | src.indicators.technical_indicators:calculate_macd:263 | 计算MACD完成：快线=12, 慢线=26, 信号线=9
2026-03-30 21:03:04 | INFO     | src.indicators.technical_indicators:calculate_rsi:221 | 计算 24 日RSI完成
2026-03-30 21:03:04 | INFO     | src.indicators.technical_indicators:calculate_macd:263 | 计算MACD完成：快线=12, 慢线=26, 信号线=9
2026-03-30 21:03:04 | INFO     | src.indicators.technical_indicators:calculate_rsi:221 | 计算 24 日RSI完成
2026-03-30 21:03:04 | INFO     | src.indicators.technical_indicators:calculate_macd:263 | 计算MACD完成：快线=12, 慢线=26, 信号线=12
2026-03-30 21:03:04 | INFO     | src.indicators.technical_indicators:calculate_macd:263 | 计算MACD完成：快线=12, 慢线=26, 信号线=9
2026-03-30 21:03:04 | INFO     | src.indicators.technical_indicators:calculate_macd:263 | 计算MACD完成：快线=12, 慢线=26, 信号线=9
2026-03-30 21:03:04 | INFO     | src.indicators.technical_indicators:calculate_rsi:221 | 计算 24 日RSI完成
2026-03-30 21:03:04 | INFO     | src.indicators.technical_indicators:calculate_macd:263 | 计算MACD完成：快线=12, 慢线=26, 信号线=9
2026-03-30 21:03:04 | INFO     | src.indicators.technical_indicators:calculate_macd:263 | 计算MACD完成：快线=12, 慢线=26, 信号线=12
2026-03-30 21:03:04 | INFO     | src.indicators.technical_indicators:calculate_macd:263 | 计算MACD完成：快线=12, 慢线=26, 信号线=12
2026-03-30 21:03:04 | INFO     | src.indicators.technical_indicators:calculate_macd:263 | 计算MACD完成：快线=12, 慢线=26, 信号线=9
2026-03-30 21:03:04 | INFO     | src.indicators.technical_indicators:calculate_boll:303 | 计算布林带完成：周期=20, 标准差倍数=2
2026-03-30 21:03:04 | INFO     | src.indicators.technical_indicators:calculate_macd:263 | 计算MACD完成：快线=12, 慢线=26, 信号线=12
2026-03-30 21:03:04 | INFO     | src.indicators.technical_indicators:calculate_macd:263 | 计算MACD完成：快线=12, 慢线=26, 信号线=12
2026-03-30 21:03:04 | INFO     | src.indicators.technical_indicators:calculate_macd:263 | 计算MACD完成：快线=12, 慢线=26, 信号线=9
2026-03-30 21:03:04 | INFO     | src.indicators.technical_indicators:calculate_macd:263 | 计算MACD完成：快线=12, 慢线=26, 信号线=12
2026-03-30 21:03:04 | INFO     | src.indicators.technical_indicators:calculate_boll:303 | 计算布林带完成：周期=20, 标准差倍数=2
2026-03-30 21:03:04 | INFO     | src.indicators.technical_indicators:calculate_boll:303 | 计算布林带完成：周期=20, 标准差倍数=2
2026-03-30 21:03:04 | INFO     | src.indicators.technical_indicators:calculate_macd:263 | 计算MACD完成：快线=12, 慢线=26, 信号线=12
2026-03-30 21:03:04 | INFO     | src.indicators.technical_indicators:calculate_kdj:350 | 计算KDJ完成：K周期=9, D周期=3, J周期=3
2026-03-30 21:03:04 | INFO     | src.indicators.technical_indicators:calculate_boll:303 | 计算布林带完成：周期=20, 标准差倍数=2
2026-03-30 21:03:04 | INFO     | src.indicators.technical_indicators:calculate_boll:303 | 计算布林带完成：周期=20, 标准差倍数=2
2026-03-30 21:03:04 | INFO     | src.indicators.technical_indicators:calculate_macd:263 | 计算MACD完成：快线=12, 慢线=26, 信号线=12
2026-03-30 21:03:04 | INFO     | src.indicators.technical_indicators:calculate_boll:303 | 计算布林带完成：周期=20, 标准差倍数=2
2026-03-30 21:03:04 | INFO     | src.indicators.technical_indicators:calculate_kdj:350 | 计算KDJ完成：K周期=9, D周期=3, J周期=3
2026-03-30 21:03:04 | INFO     | src.indicators.technical_indicators:calculate_kdj:350 | 计算KDJ完成：K周期=9, D周期=3, J周期=3
2026-03-30 21:03:04 | INFO     | src.indicators.technical_indicators:calculate_kdj:350 | 计算KDJ完成：K周期=10, D周期=3, J周期=3
2026-03-30 21:03:04 | INFO     | src.indicators.technical_indicators:calculate_boll:303 | 计算布林带完成：周期=20, 标准差倍数=2
2026-03-30 21:03:04 | INFO     | src.indicators.technical_indicators:calculate_kdj:350 | 计算KDJ完成：K周期=9, D周期=3, J周期=3
2026-03-30 21:03:04 | INFO     | src.indicators.technical_indicators:calculate_kdj:350 | 计算KDJ完成：K周期=9, D周期=3, J周期=3
2026-03-30 21:03:04 | INFO     | src.indicators.technical_indicators:calculate_kdj:350 | 计算KDJ完成：K周期=9, D周期=3, J周期=3
2026-03-30 21:03:04 | INFO     | src.indicators.technical_indicators:calculate_boll:303 | 计算布林带完成：周期=20, 标准差倍数=2
2026-03-30 21:03:04 | INFO     | src.indicators.technical_indicators:calculate_atr:385 | 计算 10 日ATR完成
2026-03-30 21:03:04 | INFO     | src.indicators.technical_indicators:calculate_kdj:350 | 计算KDJ完成：K周期=10, D周期=3, J周期=3
2026-03-30 21:03:04 | INFO     | src.indicators.technical_indicators:calculate_kdj:350 | 计算KDJ完成：K周期=10, D周期=3, J周期=3
2026-03-30 21:03:04 | INFO     | src.indicators.technical_indicators:calculate_kdj:350 | 计算KDJ完成：K周期=10, D周期=3, J周期=3
2026-03-30 21:03:04 | INFO     | src.indicators.technical_indicators:calculate_kdj:350 | 计算KDJ完成：K周期=9, D周期=3, J周期=3
2026-03-30 21:03:04 | INFO     | src.indicators.technical_indicators:calculate_kdj:350 | 计算KDJ完成：K周期=10, D周期=3, J周期=3
2026-03-30 21:03:04 | INFO     | src.indicators.technical_indicators:calculate_kdj:350 | 计算KDJ完成：K周期=10, D周期=3, J周期=3
2026-03-30 21:03:04 | INFO     | src.indicators.technical_indicators:calculate_kdj:350 | 计算KDJ完成：K周期=9, D周期=3, J周期=3
2026-03-30 21:03:04 | INFO     | src.indicators.technical_indicators:calculate_cci:446 | 计算 20 日CCI完成
2026-03-30 21:03:04 | INFO     | src.indicators.technical_indicators:calculate_atr:385 | 计算 10 日ATR完成
2026-03-30 21:03:04 | INFO     | src.indicators.technical_indicators:calculate_atr:385 | 计算 10 日ATR完成
2026-03-30 21:03:04 | INFO     | src.indicators.technical_indicators:calculate_atr:385 | 计算 10 日ATR完成
2026-03-30 21:03:04 | INFO     | src.indicators.technical_indicators:calculate_atr:385 | 计算 10 日ATR完成
2026-03-30 21:03:04 | INFO     | src.indicators.technical_indicators:calculate_kdj:350 | 计算KDJ完成：K周期=10, D周期=3, J周期=3
2026-03-30 21:03:04 | INFO     | src.indicators.technical_indicators:calculate_atr:385 | 计算 10 日ATR完成
2026-03-30 21:03:04 | INFO     | src.indicators.technical_indicators:calculate_williams_r:476 | 计算 10 日威廉指标完成
2026-03-30 21:03:04 | INFO     | src.indicators.technical_indicators:calculate_kdj:350 | 计算KDJ完成：K周期=10, D周期=3, J周期=3
2026-03-30 21:03:04 | INFO     | src.indicators.technical_indicators:calculate_cci:446 | 计算 20 日CCI完成
2026-03-30 21:03:04 | INFO     | src.indicators.technical_indicators:calculate_cci:446 | 计算 20 日CCI完成
2026-03-30 21:03:04 | INFO     | src.indicators.technical_indicators:calculate_cci:446 | 计算 20 日CCI完成
2026-03-30 21:03:04 | INFO     | src.indicators.technical_indicators:calculate_cci:446 | 计算 20 日CCI完成
2026-03-30 21:03:04 | INFO     | src.indicators.technical_indicators:calculate_ma:133 | 计算 5 日移动平均线完成
2026-03-30 21:03:04 | INFO     | src.indicators.technical_indicators:calculate_cci:446 | 计算 20 日CCI完成
2026-03-30 21:03:04 | INFO     | src.indicators.technical_indicators:calculate_atr:385 | 计算 10 日ATR完成
2026-03-30 21:03:04 | INFO     | src.indicators.technical_indicators:calculate_williams_r:476 | 计算 10 日威廉指标完成
2026-03-30 21:03:04 | INFO     | src.indicators.technical_indicators:calculate_atr:385 | 计算 10 日ATR完成
2026-03-30 21:03:04 | INFO     | src.indicators.technical_indicators:calculate_williams_r:476 | 计算 10 日威廉指标完成
2026-03-30 21:03:04 | INFO     | src.indicators.technical_indicators:calculate_williams_r:476 | 计算 10 日威廉指标完成
2026-03-30 21:03:04 | INFO     | src.indicators.technical_indicators:calculate_williams_r:476 | 计算 10 日威廉指标完成
2026-03-30 21:03:04 | INFO     | src.indicators.technical_indicators:calculate_bias:500 | 计算 5 日乖离率完成
2026-03-30 21:03:04 | INFO     | src.indicators.technical_indicators:calculate_williams_r:476 | 计算 10 日威廉指标完成
2026-03-30 21:03:04 | INFO     | src.indicators.technical_indicators:calculate_ma:133 | 计算 5 日移动平均线完成
2026-03-30 21:03:04 | INFO     | src.indicators.technical_indicators:calculate_cci:446 | 计算 20 日CCI完成
2026-03-30 21:03:04 | INFO     | src.indicators.technical_indicators:calculate_cci:446 | 计算 20 日CCI完成
2026-03-30 21:03:04 | INFO     | src.indicators.technical_indicators:calculate_ma:133 | 计算 5 日移动平均线完成
2026-03-30 21:03:04 | INFO     | src.indicators.technical_indicators:calculate_ma:133 | 计算 5 日移动平均线完成
2026-03-30 21:03:04 | INFO     | src.indicators.technical_indicators:calculate_ma:133 | 计算 5 日移动平均线完成
2026-03-30 21:03:04 | INFO     | src.indicators.technical_indicators:calculate_ma:133 | 计算 10 日移动平均线完成
2026-03-30 21:03:04 | INFO     | src.indicators.technical_indicators:calculate_ma:133 | 计算 5 日移动平均线完成
2026-03-30 21:03:04 | INFO     | src.indicators.technical_indicators:calculate_bias:500 | 计算 5 日乖离率完成
2026-03-30 21:03:04 | INFO     | src.indicators.technical_indicators:calculate_williams_r:476 | 计算 10 日威廉指标完成
2026-03-30 21:03:04 | INFO     | src.indicators.technical_indicators:calculate_williams_r:476 | 计算 10 日威廉指标完成
2026-03-30 21:03:04 | INFO     | src.indicators.technical_indicators:calculate_bias:500 | 计算 5 日乖离率完成
2026-03-30 21:03:04 | INFO     | src.indicators.technical_indicators:calculate_bias:500 | 计算 5 日乖离率完成
2026-03-30 21:03:04 | INFO     | src.indicators.technical_indicators:calculate_bias:500 | 计算 5 日乖离率完成
2026-03-30 21:03:04 | INFO     | src.indicators.technical_indicators:calculate_bias:500 | 计算 10 日乖离率完成
2026-03-30 21:03:04 | INFO     | src.indicators.technical_indicators:calculate_bias:500 | 计算 5 日乖离率完成
2026-03-30 21:03:04 | INFO     | src.indicators.technical_indicators:calculate_ma:133 | 计算 10 日移动平均线完成
2026-03-30 21:03:04 | INFO     | src.indicators.technical_indicators:calculate_ma:133 | 计算 5 日移动平均线完成
2026-03-30 21:03:04 | INFO     | src.indicators.technical_indicators:calculate_ma:133 | 计算 5 日移动平均线完成
2026-03-30 21:03:04 | INFO     | src.indicators.technical_indicators:calculate_ma:133 | 计算 10 日移动平均线完成
2026-03-30 21:03:04 | INFO     | src.indicators.technical_indicators:calculate_ma:133 | 计算 10 日移动平均线完成
2026-03-30 21:03:04 | INFO     | src.indicators.technical_indicators:calculate_ma:133 | 计算 10 日移动平均线完成
2026-03-30 21:03:04 | INFO     | src.indicators.technical_indicators:calculate_ma:133 | 计算 20 日移动平均线完成
2026-03-30 21:03:04 | INFO     | src.indicators.technical_indicators:calculate_ma:133 | 计算 10 日移动平均线完成
2026-03-30 21:03:04 | INFO     | src.indicators.technical_indicators:calculate_bias:500 | 计算 10 日乖离率完成
2026-03-30 21:03:04 | INFO     | src.indicators.technical_indicators:calculate_bias:500 | 计算 5 日乖离率完成
2026-03-30 21:03:04 | INFO     | src.indicators.technical_indicators:calculate_bias:500 | 计算 5 日乖离率完成
2026-03-30 21:03:04 | INFO     | src.indicators.technical_indicators:calculate_bias:500 | 计算 10 日乖离率完成
2026-03-30 21:03:04 | INFO     | src.indicators.technical_indicators:calculate_bias:500 | 计算 10 日乖离率完成
2026-03-30 21:03:04 | INFO     | src.indicators.technical_indicators:calculate_bias:500 | 计算 10 日乖离率完成
2026-03-30 21:03:04 | INFO     | src.indicators.technical_indicators:calculate_bias:500 | 计算 20 日乖离率完成
2026-03-30 21:03:04 | INFO     | src.indicators.technical_indicators:calculate_bias:500 | 计算 10 日乖离率完成
2026-03-30 21:03:04 | INFO     | src.indicators.technical_indicators:calculate_ma:133 | 计算 20 日移动平均线完成
2026-03-30 21:03:04 | INFO     | src.indicators.technical_indicators:calculate_ma:133 | 计算 10 日移动平均线完成
2026-03-30 21:03:04 | INFO     | src.indicators.technical_indicators:calculate_ma:133 | 计算 10 日移动平均线完成
2026-03-30 21:03:04 | INFO     | src.indicators.technical_indicators:calculate_ma:133 | 计算 20 日移动平均线完成
2026-03-30 21:03:04 | INFO     | src.indicators.technical_indicators:calculate_ma:133 | 计算 20 日移动平均线完成
2026-03-30 21:03:04 | INFO     | src.indicators.technical_indicators:calculate_ma:133 | 计算 20 日移动平均线完成
2026-03-30 21:03:04 | INFO     | src.indicators.technical_indicators:calculate_ma:133 | 计算 30 日移动平均线完成
2026-03-30 21:03:04 | INFO     | src.indicators.technical_indicators:calculate_ma:133 | 计算 20 日移动平均线完成
2026-03-30 21:03:04 | INFO     | src.indicators.technical_indicators:calculate_bias:500 | 计算 20 日乖离率完成
2026-03-30 21:03:04 | INFO     | src.indicators.technical_indicators:calculate_bias:500 | 计算 10 日乖离率完成
2026-03-30 21:03:04 | INFO     | src.indicators.technical_indicators:calculate_bias:500 | 计算 10 日乖离率完成
2026-03-30 21:03:04 | INFO     | src.indicators.technical_indicators:calculate_bias:500 | 计算 20 日乖离率完成
2026-03-30 21:03:04 | INFO     | src.indicators.technical_indicators:calculate_bias:500 | 计算 20 日乖离率完成
2026-03-30 21:03:04 | INFO     | src.indicators.technical_indicators:calculate_bias:500 | 计算 20 日乖离率完成
2026-03-30 21:03:04 | INFO     | src.indicators.technical_indicators:calculate_bias:500 | 计算 30 日乖离率完成
2026-03-30 21:03:04 | INFO     | src.indicators.technical_indicators:calculate_bias:500 | 计算 20 日乖离率完成
2026-03-30 21:03:04 | INFO     | src.indicators.technical_indicators:calculate_ma:133 | 计算 30 日移动平均线完成
2026-03-30 21:03:04 | INFO     | src.indicators.technical_indicators:calculate_ma:133 | 计算 20 日移动平均线完成
2026-03-30 21:03:04 | INFO     | src.indicators.technical_indicators:calculate_ma:133 | 计算 20 日移动平均线完成
2026-03-30 21:03:04 | INFO     | src.indicators.technical_indicators:calculate_ma:133 | 计算 30 日移动平均线完成
2026-03-30 21:03:04 | INFO     | src.indicators.technical_indicators:calculate_ma:133 | 计算 30 日移动平均线完成
2026-03-30 21:03:04 | INFO     | src.indicators.technical_indicators:calculate_ma:133 | 计算 30 日移动平均线完成
2026-03-30 21:03:04 | INFO     | src.indicators.technical_indicators:calculate_ma:133 | 计算 60 日移动平均线完成
2026-03-30 21:03:04 | INFO     | src.indicators.technical_indicators:calculate_ma:133 | 计算 30 日移动平均线完成
2026-03-30 21:03:04 | INFO     | src.indicators.technical_indicators:calculate_bias:500 | 计算 30 日乖离率完成
2026-03-30 21:03:04 | INFO     | src.indicators.technical_indicators:calculate_bias:500 | 计算 20 日乖离率完成
2026-03-30 21:03:04 | INFO     | src.indicators.technical_indicators:calculate_bias:500 | 计算 20 日乖离率完成
2026-03-30 21:03:04 | INFO     | src.indicators.technical_indicators:calculate_bias:500 | 计算 30 日乖离率完成
2026-03-30 21:03:04 | INFO     | src.indicators.technical_indicators:calculate_bias:500 | 计算 30 日乖离率完成
2026-03-30 21:03:04 | INFO     | src.indicators.technical_indicators:calculate_bias:500 | 计算 30 日乖离率完成
2026-03-30 21:03:04 | INFO     | src.indicators.technical_indicators:calculate_bias:500 | 计算 60 日乖离率完成
2026-03-30 21:03:04 | INFO     | src.indicators.technical_indicators:calculate_bias:500 | 计算 30 日乖离率完成
2026-03-30 21:03:04 | INFO     | src.indicators.technical_indicators:calculate_ma:133 | 计算 60 日移动平均线完成
2026-03-30 21:03:04 | INFO     | src.indicators.technical_indicators:calculate_ma:133 | 计算 30 日移动平均线完成
2026-03-30 21:03:04 | INFO     | src.indicators.technical_indicators:calculate_ma:133 | 计算 30 日移动平均线完成
2026-03-30 21:03:04 | INFO     | src.indicators.technical_indicators:calculate_ma:133 | 计算 60 日移动平均线完成
2026-03-30 21:03:04 | INFO     | src.indicators.technical_indicators:calculate_ma:133 | 计算 60 日移动平均线完成
2026-03-30 21:03:04 | INFO     | src.indicators.technical_indicators:calculate_ma:133 | 计算 60 日移动平均线完成
2026-03-30 21:03:04 | INFO     | src.indicators.technical_indicators:calculate_ma:133 | 计算 120 日移动平均线完成
2026-03-30 21:03:04 | INFO     | src.indicators.technical_indicators:calculate_bias:500 | 计算 60 日乖离率完成
2026-03-30 21:03:04 | INFO     | src.indicators.technical_indicators:calculate_ma:133 | 计算 60 日移动平均线完成
2026-03-30 21:03:04 | INFO     | src.indicators.technical_indicators:calculate_bias:500 | 计算 30 日乖离率完成
2026-03-30 21:03:04 | INFO     | src.indicators.technical_indicators:calculate_bias:500 | 计算 30 日乖离率完成
2026-03-30 21:03:04 | INFO     | src.indicators.technical_indicators:calculate_bias:500 | 计算 60 日乖离率完成
2026-03-30 21:03:04 | INFO     | src.indicators.technical_indicators:calculate_bias:500 | 计算 60 日乖离率完成
2026-03-30 21:03:04 | INFO     | src.indicators.technical_indicators:calculate_bias:500 | 计算 60 日乖离率完成
2026-03-30 21:03:04 | INFO     | src.indicators.technical_indicators:calculate_bias:500 | 计算 120 日乖离率完成
2026-03-30 21:03:04 | INFO     | src.indicators.technical_indicators:calculate_ma:133 | 计算 120 日移动平均线完成
2026-03-30 21:03:04 | INFO     | src.indicators.technical_indicators:calculate_bias:500 | 计算 60 日乖离率完成
2026-03-30 21:03:04 | INFO     | src.indicators.technical_indicators:calculate_ma:133 | 计算 60 日移动平均线完成
2026-03-30 21:03:04 | INFO     | src.indicators.technical_indicators:calculate_ma:133 | 计算 60 日移动平均线完成
2026-03-30 21:03:04 | INFO     | src.indicators.technical_indicators:calculate_ma:133 | 计算 120 日移动平均线完成
2026-03-30 21:03:04 | INFO     | src.indicators.technical_indicators:calculate_ma:133 | 计算 120 日移动平均线完成
2026-03-30 21:03:04 | INFO     | src.indicators.technical_indicators:calculate_ma:133 | 计算 250 日移动平均线完成
2026-03-30 21:03:04 | INFO     | src.indicators.technical_indicators:calculate_ma:133 | 计算 120 日移动平均线完成
2026-03-30 21:03:04 | INFO     | src.indicators.technical_indicators:calculate_bias:500 | 计算 120 日乖离率完成
2026-03-30 21:03:04 | INFO     | src.indicators.technical_indicators:calculate_ma:133 | 计算 120 日移动平均线完成
2026-03-30 21:03:04 | INFO     | src.indicators.technical_indicators:calculate_bias:500 | 计算 60 日乖离率完成
2026-03-30 21:03:04 | INFO     | src.indicators.technical_indicators:calculate_bias:500 | 计算 60 日乖离率完成
2026-03-30 21:03:04 | INFO     | src.indicators.technical_indicators:calculate_bias:500 | 计算 120 日乖离率完成
2026-03-30 21:03:04 | INFO     | src.indicators.technical_indicators:calculate_bias:500 | 计算 120 日乖离率完成
2026-03-30 21:03:04 | INFO     | src.indicators.technical_indicators:calculate_bias:500 | 计算 250 日乖离率完成
2026-03-30 21:03:04 | INFO     | src.indicators.technical_indicators:calculate_bias:500 | 计算 120 日乖离率完成
2026-03-30 21:03:04 | INFO     | src.indicators.technical_indicators:calculate_ma:133 | 计算 250 日移动平均线完成
2026-03-30 21:03:04 | INFO     | src.indicators.technical_indicators:calculate_bias:500 | 计算 120 日乖离率完成
2026-03-30 21:03:04 | INFO     | src.indicators.technical_indicators:calculate_ma:133 | 计算 120 日移动平均线完成
2026-03-30 21:03:04 | INFO     | src.indicators.technical_indicators:calculate_ma:133 | 计算 120 日移动平均线完成
2026-03-30 21:03:04 | INFO     | src.indicators.technical_indicators:calculate_ma:133 | 计算 250 日移动平均线完成
2026-03-30 21:03:04 | INFO     | src.indicators.technical_indicators:calculate_ma:133 | 计算 250 日移动平均线完成
2026-03-30 21:03:04 | INFO     | src.indicators.technical_indicators:calculate_psy:523 | 计算 10 日心理线完成
2026-03-30 21:03:04 | INFO     | src.indicators.technical_indicators:calculate_ma:133 | 计算 250 日移动平均线完成
2026-03-30 21:03:04 | INFO     | src.indicators.technical_indicators:calculate_bias:500 | 计算 250 日乖离率完成
2026-03-30 21:03:04 | INFO     | src.indicators.technical_indicators:calculate_ma:133 | 计算 250 日移动平均线完成
2026-03-30 21:03:04 | INFO     | src.indicators.technical_indicators:calculate_bias:500 | 计算 120 日乖离率完成
2026-03-30 21:03:04 | INFO     | src.indicators.technical_indicators:calculate_bias:500 | 计算 120 日乖离率完成
2026-03-30 21:03:04 | INFO     | src.indicators.technical_indicators:calculate_bias:500 | 计算 250 日乖离率完成
2026-03-30 21:03:04 | INFO     | src.indicators.technical_indicators:calculate_bias:500 | 计算 250 日乖离率完成
2026-03-30 21:03:04 | WARNING  | src.indicators.technical_indicators:calculate_all:635 | 未知的指标类型: rsv_period
2026-03-30 21:03:04 | INFO     | src.indicators.technical_indicators:calculate_bias:500 | 计算 250 日乖离率完成
2026-03-30 21:03:04 | INFO     | src.indicators.technical_indicators:calculate_psy:523 | 计算 10 日心理线完成
2026-03-30 21:03:04 | INFO     | src.indicators.technical_indicators:calculate_bias:500 | 计算 250 日乖离率完成
2026-03-30 21:03:04 | INFO     | src.indicators.technical_indicators:calculate_ma:133 | 计算 250 日移动平均线完成
2026-03-30 21:03:04 | INFO     | src.indicators.technical_indicators:calculate_ma:133 | 计算 250 日移动平均线完成
2026-03-30 21:03:04 | INFO     | src.indicators.technical_indicators:calculate_psy:523 | 计算 10 日心理线完成
2026-03-30 21:03:04 | INFO     | src.indicators.technical_indicators:calculate_psy:523 | 计算 10 日心理线完成
2026-03-30 21:03:04 | WARNING  | src.indicators.technical_indicators:calculate_all:635 | 未知的指标类型: volume_period
2026-03-30 21:03:04 | INFO     | src.indicators.technical_indicators:calculate_psy:523 | 计算 10 日心理线完成
2026-03-30 21:03:04 | WARNING  | src.indicators.technical_indicators:calculate_all:635 | 未知的指标类型: rsv_period
2026-03-30 21:03:04 | INFO     | src.indicators.technical_indicators:calculate_psy:523 | 计算 10 日心理线完成
2026-03-30 21:03:04 | INFO     | src.indicators.technical_indicators:calculate_bias:500 | 计算 250 日乖离率完成
2026-03-30 21:03:04 | INFO     | src.indicators.technical_indicators:calculate_bias:500 | 计算 250 日乖离率完成
2026-03-30 21:03:04 | WARNING  | src.indicators.technical_indicators:calculate_all:635 | 未知的指标类型: rsv_period
2026-03-30 21:03:04 | WARNING  | src.indicators.technical_indicators:calculate_all:635 | 未知的指标类型: rsv_period
2026-03-30 21:03:04 | INFO     | src.indicators.technical_indicators:calculate_all:640 | 完成计算 45 个技术指标
2026-03-30 21:03:04 | WARNING  | src.indicators.technical_indicators:calculate_all:635 | 未知的指标类型: rsv_period
2026-03-30 21:03:04 | WARNING  | src.indicators.technical_indicators:calculate_all:635 | 未知的指标类型: volume_period
2026-03-30 21:03:04 | WARNING  | src.indicators.technical_indicators:calculate_all:635 | 未知的指标类型: rsv_period
2026-03-30 21:03:04 | INFO     | src.indicators.technical_indicators:calculate_psy:523 | 计算 10 日心理线完成
2026-03-30 21:03:04 | INFO     | src.indicators.technical_indicators:calculate_psy:523 | 计算 10 日心理线完成
2026-03-30 21:03:04 | WARNING  | src.indicators.technical_indicators:calculate_all:635 | 未知的指标类型: volume_period
2026-03-30 21:03:04 | WARNING  | src.indicators.technical_indicators:calculate_all:635 | 未知的指标类型: volume_period
2026-03-30 21:03:04 | INFO     | src.core.data_fetcher:save_data:432 | 保存数据到 csv 文件: 301662_with_indicators
2026-03-30 21:03:04 | WARNING  | src.indicators.technical_indicators:calculate_all:635 | 未知的指标类型: volume_period
2026-03-30 21:03:04 | INFO     | src.indicators.technical_indicators:calculate_all:640 | 完成计算 45 个技术指标
2026-03-30 21:03:04 | WARNING  | src.indicators.technical_indicators:calculate_all:635 | 未知的指标类型: volume_period
2026-03-30 21:03:04 | WARNING  | src.indicators.technical_indicators:calculate_all:635 | 未知的指标类型: rsv_period
2026-03-30 21:03:04 | WARNING  | src.indicators.technical_indicators:calculate_all:635 | 未知的指标类型: rsv_period
2026-03-30 21:03:04 | INFO     | src.indicators.technical_indicators:calculate_all:640 | 完成计算 45 个技术指标
2026-03-30 21:03:04 | INFO     | src.indicators.technical_indicators:calculate_all:640 | 完成计算 45 个技术指标
2026-03-30 21:03:04 | INFO     | src.indicators.technical_indicators:calculate_all:640 | 完成计算 45 个技术指标
2026-03-30 21:03:04 | INFO     | src.indicators.technical_indicators:calculate_all:640 | 完成计算 45 个技术指标
2026-03-30 21:03:04 | WARNING  | src.indicators.technical_indicators:calculate_all:635 | 未知的指标类型: volume_period
2026-03-30 21:03:04 | WARNING  | src.indicators.technical_indicators:calculate_all:635 | 未知的指标类型: volume_period
2026-03-30 21:03:04 | INFO     | src.core.data_fetcher:save_data:432 | 保存数据到 csv 文件: 301617_with_indicators
2026-03-30 21:03:04 | INFO     | src.core.data_fetcher:save_data:452 | 数据保存成功: ./data\301662_with_indicators.csv
2026-03-30 21:03:04 | INFO     | src.indicators.technical_indicators:calculate_all:640 | 完成计算 45 个技术指标
2026-03-30 21:03:04 | INFO     | src.indicators.technical_indicators:calculate_all:640 | 完成计算 45 个技术指标
2026-03-30 21:03:04 | INFO     | src.workflow.base:calculate_signals:224 | 对股票 301662 进行信号判断
2026-03-30 21:03:04 | INFO     | src.core.data_fetcher:save_data:432 | 保存数据到 csv 文件: 301662_signals
2026-03-30 21:03:04 | INFO     | src.core.data_fetcher:save_data:432 | 保存数据到 csv 文件: 300450_with_indicators
2026-03-30 21:03:04 | INFO     | src.core.data_fetcher:save_data:452 | 数据保存成功: ./data\301662_signals.csv
2026-03-30 21:03:04 | INFO     | src.workflow.technical:_process_single_stock:45 |   股票 301662 信号判断完成: 持有 (得分: 0.120)
2026-03-30 21:03:04 | INFO     | src.workflow.base:calculate_technical_indicators:188 | 计算股票 002846 的技术指标
2026-03-30 21:03:04 | INFO     | src.core.data_fetcher:save_data:432 | 保存数据到 csv 文件: 688147_with_indicators
2026-03-30 21:03:04 | INFO     | src.core.data_fetcher:save_data:432 | 保存数据到 csv 文件: 688778_with_indicators
2026-03-30 21:03:04 | INFO     | src.indicators.technical_indicators:calculate_ma:133 | 计算 5 日移动平均线完成
2026-03-30 21:03:04 | INFO     | src.core.data_fetcher:save_data:432 | 保存数据到 csv 文件: 301150_with_indicators
2026-03-30 21:03:04 | INFO     | src.core.data_fetcher:save_data:452 | 数据保存成功: ./data\301617_with_indicators.csv
2026-03-30 21:03:04 | ERROR    | src.utils.concurrency:process_batch:73 | 处理 ('301662',              日期      开盘      最高      最低      收盘       成交量           成交额      换手率       涨跌幅
0    2025-04-17   72.20   83.80   70.36   70.51  12790373  9.523721e+08  81.0732  165.0752
1    2025-04-18   67.00   74.33   66.00   67.33   8164893  5.684183e+08  51.7541   -4.5100
2    2025-04-21   68.00   68.01   62.80   63.18   7206364  4.611392e+08  45.6783   -6.1637
3    2025-04-22   62.39   65.48   61.98   63.17   5321109  3.400417e+08  33.7284   -0.0158
4    2025-04-23   64.55   65.33   61.00   61.21   5303124  3.314333e+08  33.6144   -3.1027
..          ...     ...     ...     ...     ...       ...           ...      ...       ...
225  2026-03-24  135.58  136.80  130.00  134.44    880849  1.171162e+08   5.2974    1.1435
226  2026-03-25  136.68  138.83  134.61  135.10   1018639  1.389835e+08   6.1261    0.4909
227  2026-03-26  134.93  135.00  128.60  129.69   1702697  2.227025e+08  10.2400   -4.0044
228  2026-03-27  127.79  141.90  127.08  138.78   2091339  2.842741e+08  12.5773    7.0090
229  2026-03-30  136.86  142.81  132.20  139.50   1508299  2.067517e+08   9.0709    0.5188

[230 rows x 9 columns]) 时出错: unhashable type: 'DataFrame'
2026-03-30 21:03:04 | INFO     | src.indicators.technical_indicators:calculate_ma:133 | 计算 10 日移动平均线完成
2026-03-30 21:03:04 | INFO     | src.workflow.base:calculate_signals:224 | 对股票 301617 进行信号判断
2026-03-30 21:03:04 | INFO     | src.core.data_fetcher:save_data:432 | 保存数据到 csv 文件: 688155_with_indicators
2026-03-30 21:03:04 | INFO     | src.core.data_fetcher:save_data:432 | 保存数据到 csv 文件: 688499_with_indicators
2026-03-30 21:03:04 | INFO     | src.indicators.technical_indicators:calculate_ma:133 | 计算 20 日移动平均线完成
2026-03-30 21:03:04 | INFO     | src.core.data_fetcher:save_data:432 | 保存数据到 csv 文件: 301617_signals
2026-03-30 21:03:04 | INFO     | src.indicators.technical_indicators:calculate_ma:133 | 计算 30 日移动平均线完成
2026-03-30 21:03:04 | INFO     | src.indicators.technical_indicators:calculate_ma:133 | 计算 60 日移动平均线完成
2026-03-30 21:03:04 | INFO     | src.core.data_fetcher:save_data:452 | 数据保存成功: ./data\301617_signals.csv
2026-03-30 21:03:04 | INFO     | src.indicators.technical_indicators:calculate_ma:133 | 计算 120 日移动平均线完成
2026-03-30 21:03:04 | INFO     | src.workflow.technical:_process_single_stock:45 |   股票 301617 信号判断完成: 持有 (得分: 0.168)
2026-03-30 21:03:04 | INFO     | src.workflow.base:calculate_technical_indicators:188 | 计算股票 300092 的技术指标
2026-03-30 21:03:04 | INFO     | src.indicators.technical_indicators:calculate_ma:133 | 计算 250 日移动平均线完成
2026-03-30 21:03:04 | INFO     | src.indicators.technical_indicators:calculate_ma:133 | 计算 5 日移动平均线完成
2026-03-30 21:03:04 | INFO     | src.indicators.technical_indicators:calculate_sma:157 | 计算 5 日简单移动平均线完成
2026-03-30 21:03:04 | INFO     | src.core.data_fetcher:save_data:452 | 数据保存成功: ./data\688147_with_indicators.csv
2026-03-30 21:03:04 | INFO     | src.indicators.technical_indicators:calculate_ma:133 | 计算 10 日移动平均线完成
2026-03-30 21:03:04 | INFO     | src.indicators.technical_indicators:calculate_sma:157 | 计算 10 日简单移动平均线完成
2026-03-30 21:03:04 | INFO     | src.workflow.base:calculate_signals:224 | 对股票 688147 进行信号判断
2026-03-30 21:03:04 | INFO     | src.indicators.technical_indicators:calculate_ma:133 | 计算 20 日移动平均线完成
2026-03-30 21:03:04 | INFO     | src.indicators.technical_indicators:calculate_sma:157 | 计算 20 日简单移动平均线完成
2026-03-30 21:03:04 | INFO     | src.indicators.technical_indicators:calculate_ma:133 | 计算 30 日移动平均线完成
2026-03-30 21:03:04 | INFO     | src.core.data_fetcher:save_data:432 | 保存数据到 csv 文件: 688147_signals
2026-03-30 21:03:04 | INFO     | src.indicators.technical_indicators:calculate_sma:157 | 计算 30 日简单移动平均线完成
2026-03-30 21:03:04 | INFO     | src.indicators.technical_indicators:calculate_ma:133 | 计算 60 日移动平均线完成
2026-03-30 21:03:04 | INFO     | src.core.data_fetcher:save_data:452 | 数据保存成功: ./data\301150_with_indicators.csv
2026-03-30 21:03:04 | INFO     | src.indicators.technical_indicators:calculate_sma:157 | 计算 60 日简单移动平均线完成
2026-03-30 21:03:04 | INFO     | src.core.data_fetcher:save_data:452 | 数据保存成功: ./data\688147_signals.csv
2026-03-30 21:03:04 | INFO     | src.indicators.technical_indicators:calculate_ma:133 | 计算 120 日移动平均线完成
2026-03-30 21:03:04 | INFO     | src.workflow.base:calculate_signals:224 | 对股票 301150 进行信号判断
2026-03-30 21:03:04 | INFO     | src.indicators.technical_indicators:calculate_sma:157 | 计算 120 日简单移动平均线完成
2026-03-30 21:03:04 | INFO     | src.core.data_fetcher:save_data:452 | 数据保存成功: ./data\688778_with_indicators.csv
2026-03-30 21:03:04 | INFO     | src.workflow.technical:_process_single_stock:45 |   股票 688147 信号判断完成: 持有 (得分: 0.154)
2026-03-30 21:03:04 | INFO     | src.indicators.technical_indicators:calculate_ma:133 | 计算 250 日移动平均线完成
2026-03-30 21:03:04 | INFO     | src.indicators.technical_indicators:calculate_sma:157 | 计算 250 日简单移动平均线完成
2026-03-30 21:03:04 | INFO     | src.core.data_fetcher:save_data:432 | 保存数据到 csv 文件: 301150_signals
2026-03-30 21:03:04 | INFO     | src.workflow.base:calculate_signals:224 | 对股票 688778 进行信号判断
2026-03-30 21:03:04 | INFO     | src.indicators.technical_indicators:calculate_sma:157 | 计算 5 日简单移动平均线完成
2026-03-30 21:03:04 | INFO     | src.indicators.technical_indicators:calculate_ema:182 | 计算 12 日指数移动平均线完成
2026-03-30 21:03:04 | INFO     | src.core.data_fetcher:save_data:452 | 数据保存成功: ./data\300450_with_indicators.csv
2026-03-30 21:03:04 | INFO     | src.core.data_fetcher:save_data:452 | 数据保存成功: ./data\301150_signals.csv
2026-03-30 21:03:04 | INFO     | src.indicators.technical_indicators:calculate_sma:157 | 计算 10 日简单移动平均线完成
2026-03-30 21:03:04 | INFO     | src.core.data_fetcher:save_data:432 | 保存数据到 csv 文件: 688778_signals
2026-03-30 21:03:04 | INFO     | src.indicators.technical_indicators:calculate_ema:182 | 计算 26 日指数移动平均线完成
2026-03-30 21:03:04 | INFO     | src.workflow.base:calculate_signals:224 | 对股票 300450 进行信号判断
2026-03-30 21:03:04 | INFO     | src.core.data_fetcher:save_data:452 | 数据保存成功: ./data\688155_with_indicators.csv
2026-03-30 21:03:04 | INFO     | src.workflow.technical:_process_single_stock:45 |   股票 301150 信号判断完成: 持有 (得分: -0.195)
2026-03-30 21:03:04 | INFO     | src.core.data_fetcher:save_data:452 | 数据保存成功: ./data\688499_with_indicators.csv
2026-03-30 21:03:04 | INFO     | src.indicators.technical_indicators:calculate_sma:157 | 计算 20 日简单移动平均线完成
2026-03-30 21:03:04 | INFO     | src.core.data_fetcher:save_data:452 | 数据保存成功: ./data\688778_signals.csv
2026-03-30 21:03:04 | INFO     | src.indicators.technical_indicators:calculate_rsi:221 | 计算 6 日RSI完成
2026-03-30 21:03:04 | INFO     | src.workflow.base:calculate_signals:224 | 对股票 688155 进行信号判断
2026-03-30 21:03:04 | INFO     | src.core.data_fetcher:save_data:432 | 保存数据到 csv 文件: 300450_signals
2026-03-30 21:03:04 | INFO     | src.workflow.base:calculate_signals:224 | 对股票 688499 进行信号判断
2026-03-30 21:03:04 | INFO     | src.indicators.technical_indicators:calculate_sma:157 | 计算 30 日简单移动平均线完成
2026-03-30 21:03:04 | INFO     | src.workflow.technical:_process_single_stock:45 |   股票 688778 信号判断完成: 持有 (得分: 0.000)
2026-03-30 21:03:04 | INFO     | src.indicators.technical_indicators:calculate_rsi:221 | 计算 12 日RSI完成
2026-03-30 21:03:04 | INFO     | src.core.data_fetcher:save_data:432 | 保存数据到 csv 文件: 688155_signals
2026-03-30 21:03:04 | INFO     | src.core.data_fetcher:save_data:452 | 数据保存成功: ./data\300450_signals.csv
2026-03-30 21:03:04 | INFO     | src.indicators.technical_indicators:calculate_sma:157 | 计算 60 日简单移动平均线完成
2026-03-30 21:03:04 | INFO     | src.core.data_fetcher:save_data:432 | 保存数据到 csv 文件: 688499_signals
2026-03-30 21:03:04 | INFO     | src.indicators.technical_indicators:calculate_rsi:221 | 计算 24 日RSI完成
2026-03-30 21:03:04 | INFO     | src.workflow.technical:_process_single_stock:45 |   股票 300450 信号判断完成: 持有 (得分: 0.120)
2026-03-30 21:03:04 | INFO     | src.indicators.technical_indicators:calculate_sma:157 | 计算 120 日简单移动平均线完成
2026-03-30 21:03:04 | INFO     | src.core.data_fetcher:save_data:452 | 数据保存成功: ./data\688155_signals.csv
2026-03-30 21:03:04 | INFO     | src.indicators.technical_indicators:calculate_macd:263 | 计算MACD完成：快线=12, 慢线=26, 信号线=9
2026-03-30 21:03:04 | INFO     | src.core.data_fetcher:save_data:452 | 数据保存成功: ./data\688499_signals.csv
2026-03-30 21:03:04 | INFO     | src.indicators.technical_indicators:calculate_sma:157 | 计算 250 日简单移动平均线完成
2026-03-30 21:03:04 | INFO     | src.workflow.technical:_process_single_stock:45 |   股票 688155 信号判断完成: 持有 (得分: 0.122)
2026-03-30 21:03:04 | INFO     | src.indicators.technical_indicators:calculate_macd:263 | 计算MACD完成：快线=12, 慢线=26, 信号线=12
2026-03-30 21:03:04 | INFO     | src.workflow.technical:_process_single_stock:45 |   股票 688499 信号判断完成: 买入 (得分: 0.356)
2026-03-30 21:03:04 | INFO     | src.indicators.technical_indicators:calculate_ema:182 | 计算 12 日指数移动平均线完成
2026-03-30 21:03:04 | INFO     | src.indicators.technical_indicators:calculate_boll:303 | 计算布林带完成：周期=20, 标准差倍数=2
2026-03-30 21:03:04 | INFO     | src.indicators.technical_indicators:calculate_ema:182 | 计算 26 日指数移动平均线完成
2026-03-30 21:03:04 | INFO     | src.indicators.technical_indicators:calculate_kdj:350 | 计算KDJ完成：K周期=9, D周期=3, J周期=3
2026-03-30 21:03:04 | INFO     | src.indicators.technical_indicators:calculate_rsi:221 | 计算 6 日RSI完成
2026-03-30 21:03:04 | INFO     | src.indicators.technical_indicators:calculate_kdj:350 | 计算KDJ完成：K周期=10, D周期=3, J周期=3
2026-03-30 21:03:04 | INFO     | src.indicators.technical_indicators:calculate_rsi:221 | 计算 12 日RSI完成
2026-03-30 21:03:04 | INFO     | src.indicators.technical_indicators:calculate_atr:385 | 计算 10 日ATR完成
2026-03-30 21:03:04 | INFO     | src.indicators.technical_indicators:calculate_rsi:221 | 计算 24 日RSI完成
2026-03-30 21:03:04 | INFO     | src.indicators.technical_indicators:calculate_macd:263 | 计算MACD完成：快线=12, 慢线=26, 信号线=9
2026-03-30 21:03:04 | INFO     | src.indicators.technical_indicators:calculate_cci:446 | 计算 20 日CCI完成
2026-03-30 21:03:04 | INFO     | src.indicators.technical_indicators:calculate_macd:263 | 计算MACD完成：快线=12, 慢线=26, 信号线=12
2026-03-30 21:03:04 | INFO     | src.indicators.technical_indicators:calculate_williams_r:476 | 计算 10 日威廉指标完成
2026-03-30 21:03:04 | INFO     | src.indicators.technical_indicators:calculate_ma:133 | 计算 5 日移动平均线完成
2026-03-30 21:03:04 | INFO     | src.indicators.technical_indicators:calculate_boll:303 | 计算布林带完成：周期=20, 标准差倍数=2
2026-03-30 21:03:04 | INFO     | src.indicators.technical_indicators:calculate_bias:500 | 计算 5 日乖离率完成
2026-03-30 21:03:04 | INFO     | src.indicators.technical_indicators:calculate_ma:133 | 计算 10 日移动平均线完成
2026-03-30 21:03:04 | INFO     | src.indicators.technical_indicators:calculate_bias:500 | 计算 10 日乖离率完成
2026-03-30 21:03:04 | INFO     | src.indicators.technical_indicators:calculate_kdj:350 | 计算KDJ完成：K周期=9, D周期=3, J周期=3
2026-03-30 21:03:04 | INFO     | src.indicators.technical_indicators:calculate_ma:133 | 计算 20 日移动平均线完成
2026-03-30 21:03:04 | INFO     | src.indicators.technical_indicators:calculate_bias:500 | 计算 20 日乖离率完成
2026-03-30 21:03:04 | INFO     | src.indicators.technical_indicators:calculate_kdj:350 | 计算KDJ完成：K周期=10, D周期=3, J周期=3
2026-03-30 21:03:04 | INFO     | src.indicators.technical_indicators:calculate_ma:133 | 计算 30 日移动平均线完成
2026-03-30 21:03:04 | INFO     | src.indicators.technical_indicators:calculate_bias:500 | 计算 30 日乖离率完成
2026-03-30 21:03:04 | INFO     | src.indicators.technical_indicators:calculate_atr:385 | 计算 10 日ATR完成
2026-03-30 21:03:04 | INFO     | src.indicators.technical_indicators:calculate_ma:133 | 计算 60 日移动平均线完成
2026-03-30 21:03:04 | INFO     | src.indicators.technical_indicators:calculate_bias:500 | 计算 60 日乖离率完成
2026-03-30 21:03:05 | INFO     | src.indicators.technical_indicators:calculate_ma:133 | 计算 120 日移动平均线完成
2026-03-30 21:03:05 | INFO     | src.indicators.technical_indicators:calculate_cci:446 | 计算 20 日CCI完成
2026-03-30 21:03:05 | INFO     | src.indicators.technical_indicators:calculate_bias:500 | 计算 120 日乖离率完成
2026-03-30 21:03:05 | INFO     | src.indicators.technical_indicators:calculate_williams_r:476 | 计算 10 日威廉指标完成
2026-03-30 21:03:05 | INFO     | src.indicators.technical_indicators:calculate_ma:133 | 计算 250 日移动平均线完成
2026-03-30 21:03:05 | INFO     | src.indicators.technical_indicators:calculate_ma:133 | 计算 5 日移动平均线完成
2026-03-30 21:03:05 | INFO     | src.indicators.technical_indicators:calculate_bias:500 | 计算 250 日乖离率完成
2026-03-30 21:03:05 | INFO     | src.indicators.technical_indicators:calculate_bias:500 | 计算 5 日乖离率完成
2026-03-30 21:03:05 | INFO     | src.indicators.technical_indicators:calculate_psy:523 | 计算 10 日心理线完成
2026-03-30 21:03:05 | INFO     | src.indicators.technical_indicators:calculate_ma:133 | 计算 10 日移动平均线完成
2026-03-30 21:03:05 | WARNING  | src.indicators.technical_indicators:calculate_all:635 | 未知的指标类型: rsv_period
2026-03-30 21:03:05 | INFO     | src.indicators.technical_indicators:calculate_bias:500 | 计算 10 日乖离率完成
2026-03-30 21:03:05 | WARNING  | src.indicators.technical_indicators:calculate_all:635 | 未知的指标类型: volume_period
2026-03-30 21:03:05 | INFO     | src.indicators.technical_indicators:calculate_ma:133 | 计算 20 日移动平均线完成
2026-03-30 21:03:05 | INFO     | src.indicators.technical_indicators:calculate_all:640 | 完成计算 45 个技术指标
2026-03-30 21:03:05 | INFO     | src.indicators.technical_indicators:calculate_bias:500 | 计算 20 日乖离率完成
2026-03-30 21:03:05 | INFO     | src.indicators.technical_indicators:calculate_ma:133 | 计算 30 日移动平均线完成
2026-03-30 21:03:05 | INFO     | src.indicators.technical_indicators:calculate_bias:500 | 计算 30 日乖离率完成
2026-03-30 21:03:05 | INFO     | src.indicators.technical_indicators:calculate_ma:133 | 计算 60 日移动平均线完成
2026-03-30 21:03:05 | INFO     | src.indicators.technical_indicators:calculate_bias:500 | 计算 60 日乖离率完成
2026-03-30 21:03:05 | INFO     | src.indicators.technical_indicators:calculate_ma:133 | 计算 120 日移动平均线完成
2026-03-30 21:03:05 | INFO     | src.indicators.technical_indicators:calculate_bias:500 | 计算 120 日乖离率完成
2026-03-30 21:03:05 | INFO     | src.indicators.technical_indicators:calculate_ma:133 | 计算 250 日移动平均线完成
2026-03-30 21:03:05 | INFO     | src.indicators.technical_indicators:calculate_bias:500 | 计算 250 日乖离率完成
2026-03-30 21:03:05 | INFO     | src.indicators.technical_indicators:calculate_psy:523 | 计算 10 日心理线完成
2026-03-30 21:03:05 | WARNING  | src.indicators.technical_indicators:calculate_all:635 | 未知的指标类型: rsv_period
2026-03-30 21:03:05 | WARNING  | src.indicators.technical_indicators:calculate_all:635 | 未知的指标类型: volume_period
2026-03-30 21:03:05 | INFO     | src.indicators.technical_indicators:calculate_all:640 | 完成计算 45 个技术指标
2026-03-30 21:03:05 | INFO     | src.core.data_fetcher:save_data:432 | 保存数据到 csv 文件: 002846_with_indicators
2026-03-30 21:03:05 | ERROR    | src.notify.channels.ntfy:_do_send:74 | ntfy 推送异常: HTTPSConnectionPool(host='ntfy.sh', port=443): Max retries exceeded with url: /process-notify-001 (Caused by SSLError(SSLEOFError(8, '[SSL: UNEXPECTED_EOF_WHILE_READING] EOF occurred in violation of protocol (_ssl.c:1000)')))
2026-03-30 21:03:05 | WARNING  | src.notify.channels.base:send:78 | NtfyChannel 发送失败 (尝试 1/3)
2026-03-30 21:03:05 | INFO     | src.core.data_fetcher:save_data:432 | 保存数据到 csv 文件: 300092_with_indicators
2026-03-30 21:03:05 | INFO     | src.core.data_fetcher:save_data:452 | 数据保存成功: ./data\002846_with_indicators.csv
2026-03-30 21:03:05 | INFO     | src.workflow.base:calculate_signals:224 | 对股票 002846 进行信号判断
2026-03-30 21:03:05 | INFO     | src.core.data_fetcher:save_data:452 | 数据保存成功: ./data\300092_with_indicators.csv
2026-03-30 21:03:05 | INFO     | src.core.data_fetcher:save_data:432 | 保存数据到 csv 文件: 002846_signals
2026-03-30 21:03:05 | INFO     | src.workflow.base:calculate_signals:224 | 对股票 300092 进行信号判断
2026-03-30 21:03:05 | INFO     | src.core.data_fetcher:save_data:452 | 数据保存成功: ./data\002846_signals.csv
2026-03-30 21:03:05 | INFO     | src.workflow.technical:_process_single_stock:45 |   股票 002846 信号判断完成: 持有 (得分: 0.120)
2026-03-30 21:03:05 | INFO     | src.core.data_fetcher:save_data:432 | 保存数据到 csv 文件: 300092_signals
2026-03-30 21:03:05 | INFO     | src.core.data_fetcher:save_data:452 | 数据保存成功: ./data\300092_signals.csv
2026-03-30 21:03:05 | INFO     | src.workflow.technical:_process_single_stock:45 |   股票 300092 信号判断完成: 持有 (得分: 0.000)
2026-03-30 21:03:06 | ERROR    | src.notify.channels.ntfy:_do_send:74 | ntfy 推送异常: HTTPSConnectionPool(host='ntfy.sh', port=443): Max retries exceeded with url: /process-notify-001 (Caused by SSLError(SSLEOFError(8, '[SSL: UNEXPECTED_EOF_WHILE_READING] EOF occurred in violation of protocol (_ssl.c:1000)')))
2026-03-30 21:03:06 | WARNING  | src.notify.channels.base:send:78 | NtfyChannel 发送失败 (尝试 2/3)
2026-03-30 21:03:07 | ERROR    | src.notify.channels.ntfy:_do_send:74 | ntfy 推送异常: HTTPSConnectionPool(host='ntfy.sh', port=443): Max retries exceeded with url: /process-notify-001 (Caused by SSLError(SSLEOFError(8, '[SSL: UNEXPECTED_EOF_WHILE_READING] EOF occurred in violation of protocol (_ssl.c:1000)')))
2026-03-30 21:03:07 | WARNING  | src.notify.channels.base:send:78 | NtfyChannel 发送失败 (尝试 3/3)
2026-03-30 21:03:07 | INFO     | src.notify.channels.markdown:_do_send:75 | Markdown 文件已保存: ./notify_logs\notify_20260330_210307.md
2026-03-30 21:03:07 | ERROR    | src.workflow.technical:process_fund:196 | 处理基金 005538 时失败: unhashable type: 'DataFrame'
2026-03-30 21:03:07 | INFO     | src.workflow.technical:run_batch:226 | 基金 005538 处理完成
2026-03-30 21:03:07 | INFO     | src.workflow.technical:run_batch:227 | ============================================================

2026-03-30 21:03:07 | INFO     | src.workflow.technical:run_batch:229 | 
============================================================
2026-03-30 21:03:07 | INFO     | src.workflow.technical:run_batch:230 | 批量处理完成!
2026-03-30 21:03:07 | INFO     | src.workflow.technical:run_batch:231 | ============================================================
2026-03-30 21:03:07 | INFO     | src.workflow.technical:run_batch:238 | 总基金数: 1
2026-03-30 21:03:07 | INFO     | src.workflow.technical:run_batch:239 | 成功处理: 0
2026-03-30 21:03:07 | INFO     | src.workflow.technical:run_batch:240 | 处理失败: 1
2026-03-30 21:03:07 | INFO     | src.workflow.technical:run_batch:252 | 总股票数（所有基金）: 0
2026-03-30 21:03:07 | INFO     | src.workflow.technical:run_batch:253 | 成功股票数: 0
2026-03-30 21:03:07 | INFO     | src.workflow.technical:run_batch:254 | 失败股票数: 0
2026-03-30 21:03:07 | WARNING  | src.workflow.technical:run_batch:257 | 处理失败的基金:
2026-03-30 21:03:07 | WARNING  | src.workflow.technical:run_batch:260 | 基金 005538: unhashable type: 'DataFrame'
2026-03-30 21:03:07 | INFO     | src.workflow.technical:run_batch:264 | ============================================================
2026-03-30 21:03:07 | INFO     | src.workflow.technical:run_batch:265 | 所有基金的技术指标计算已完成!
2026-03-30 21:03:07 | INFO     | src.workflow.technical:run_batch:266 | ============================================================
2026-03-30 21:03:07 | INFO     | __main__:main:141 | ✅ 技术指标计算完成！成功处理 0/1 个基金
2026-03-30 21:03:07 | INFO     | __main__:main:144 | 
2026-03-30 21:03:07 | INFO     | __main__:main:151 | ============================================================
2026-03-30 21:03:07 | INFO     | __main__:main:152 | [步骤 3/3] 正在执行：基金加权平均分析
2026-03-30 21:03:07 | INFO     | __main__:main:153 | ============================================================
2026-03-30 21:03:07 | INFO     | src.core.data_factory:create_provider:43 | 创建数据源提供者: akshare
2026-03-30 21:03:07 | INFO     | src.core.data_factory:_init_providers:127 | 初始化数据源提供者: akshare
2026-03-30 21:03:07 | INFO     | src.core.baostock_provider:login:42 | baostock 登录成功
2026-03-30 21:03:07 | INFO     | src.core.data_factory:create_provider:43 | 创建数据源提供者: baostock
2026-03-30 21:03:07 | INFO     | src.core.data_factory:_init_providers:127 | 初始化数据源提供者: baostock
2026-03-30 21:03:07 | INFO     | src.core.data_factory:__init__:117 | 多数据源数据获取器初始化完成
2026-03-30 21:03:07 | INFO     | src.core.data_factory:__init__:118 | 股票数据源: baostock
2026-03-30 21:03:07 | INFO     | src.core.data_factory:__init__:119 | 基金数据源: akshare
2026-03-30 21:03:07 | INFO     | src.data.reader:__init__:29 | 数据读取器初始化完成，基础路径: data
2026-03-30 21:03:07 | INFO     | src.workflow.analysis:run_batch:241 | 开始进行基金加权平均分析
2026-03-30 21:03:07 | INFO     | src.workflow.analysis:run_batch:242 | 基金代码列表: ['005538']
2026-03-30 21:03:07 | INFO     | src.workflow.analysis:run_batch:247 | 
============================================================
2026-03-30 21:03:07 | INFO     | src.workflow.analysis:run_batch:248 | 开始分析基金: 005538
2026-03-30 21:03:07 | INFO     | src.workflow.analysis:run_batch:249 | ============================================================
2026-03-30 21:03:07 | INFO     | src.workflow.analysis:analyze_fund:135 | 执行基金 005538 的完整加权平均分析流程...
2026-03-30 21:03:07 | INFO     | src.workflow.analysis:analyze_fund:139 | 【步骤1】获取基金持仓数据
2026-03-30 21:03:07 | INFO     | src.workflow.analysis:get_fund_holdings_for_analysis:36 | 获取基金 005538 的持仓数据（用于分析）
2026-03-30 21:03:07 | WARNING  | src.core.data_fetcher:get_fund_portfolio_hold_em:331 | get_fund_portfolio_hold_em 方法已过时，建议使用 get_fund_portfolio
2026-03-30 21:03:07 | INFO     | src.core.data_fetcher:inner:294 | 获取基金 005538 持仓
2026-03-30 21:03:07 | INFO     | src.core.akshare_provider:get_fund_portfolio:370 | akshare 获取基金 005538 持仓
2026-03-30 21:03:08 | INFO     | src.core.baostock_provider:logout:59 | baostock 已登出
2026-03-30 21:03:08 | INFO     | src.core.akshare_provider:get_fund_portfolio:379 | 使用 fund_portfolio_hold_em 成功获取基金 005538 持仓
2026-03-30 21:03:08 | INFO     | src.workflow.analysis:analyze_fund:146 | 【步骤2】过滤最新季度数据
2026-03-30 21:03:08 | INFO     | src.workflow.base:filter_latest_quarter:101 | 过滤最新季度数据
2026-03-30 21:03:08 | INFO     | src.analysis.quarter_filter:filter_latest_quarter_data:63 | 识别到最新季度: 2025年Q4
2026-03-30 21:03:08 | INFO     | src.analysis.quarter_filter:filter_latest_quarter_data:77 | 过滤结果: 从 81 条记录中筛选出 10 条最新季度数据
2026-03-30 21:03:08 | INFO     | src.workflow.analysis:analyze_fund:154 | 最新季度持仓股票数量: 10
2026-03-30 21:03:08 | INFO     | src.workflow.analysis:analyze_fund:155 | 股票代码列表: ['301662', '688778', '688155', '300450', '301617', '688147', '688499', '301150', '002846', '300092']
2026-03-30 21:03:08 | INFO     | src.workflow.analysis:analyze_fund:158 | 【步骤3】检查股票信号数据
2026-03-30 21:03:08 | INFO     | src.workflow.analysis:check_and_calculate_missing_indicators:62 | 所有股票的信号数据已存在，跳过技术指标计算步骤
2026-03-30 21:03:08 | INFO     | src.workflow.analysis:analyze_fund:162 | 【步骤4】进行基金加权平均分析
2026-03-30 21:03:08 | INFO     | src.analysis.fund_weighted_analyzer:parse_holdings_data:280 | 解析到 10 只股票持仓数据
2026-03-30 21:03:08 | INFO     | src.analysis.fund_weighted_analyzer:analyze_fund:314 | 分析股票 301662 (宏工科技)
2026-03-30 21:03:08 | INFO     | src.analysis.fund_weighted_analyzer:analyze_fund:314 | 分析股票 688778 (厦钨新能)
2026-03-30 21:03:08 | INFO     | src.analysis.fund_weighted_analyzer:analyze_fund:314 | 分析股票 688155 (先惠技术)
2026-03-30 21:03:08 | INFO     | src.analysis.fund_weighted_analyzer:analyze_fund:314 | 分析股票 300450 (先导智能)
2026-03-30 21:03:08 | INFO     | src.analysis.fund_weighted_analyzer:analyze_fund:314 | 分析股票 301617 (博苑股份)
2026-03-30 21:03:08 | INFO     | src.analysis.fund_weighted_analyzer:analyze_fund:314 | 分析股票 688147 (微导纳米)
2026-03-30 21:03:08 | INFO     | src.analysis.fund_weighted_analyzer:analyze_fund:314 | 分析股票 688499 (利元亨)
2026-03-30 21:03:08 | INFO     | src.analysis.fund_weighted_analyzer:analyze_fund:314 | 分析股票 301150 (中一科技)
2026-03-30 21:03:08 | INFO     | src.analysis.fund_weighted_analyzer:analyze_fund:314 | 分析股票 002846 (英联股份)
2026-03-30 21:03:08 | INFO     | src.analysis.fund_weighted_analyzer:analyze_fund:314 | 分析股票 300092 (科新机电)
2026-03-30 21:03:08 | INFO     | src.workflow.analysis:analyze_fund:175 | 【步骤5】生成分析报告
2026-03-30 21:03:08 | INFO     | src.analysis.fund_weighted_analyzer:save_report:592 | 分析报告已保存到: outputs/reports\fund-analysis-005538.txt
2026-03-30 21:03:08 | INFO     | src.analysis.fund_weighted_analyzer:save_report:593 | JSON结果已保存到: outputs/reports\fund-analysis-005538.json
2026-03-30 21:03:08 | INFO     | src.workflow.analysis:analyze_fund:180 | 
============================================================
2026-03-30 21:03:08 | INFO     | src.workflow.analysis:analyze_fund:181 | 基金 005538 分析结果:
2026-03-30 21:03:08 | INFO     | src.workflow.analysis:analyze_fund:182 | ------------------------------------------------------------
2026-03-30 21:03:08 | INFO     | src.workflow.analysis:analyze_fund:183 | 加权平均得分: 0.100
2026-03-30 21:03:08 | INFO     | src.workflow.analysis:analyze_fund:184 | 基金建议: 建议持有
2026-03-30 21:03:08 | INFO     | src.workflow.analysis:analyze_fund:185 | 置信度: 24.6%
2026-03-30 21:03:08 | INFO     | src.workflow.analysis:analyze_fund:186 | 总股票数: 10
2026-03-30 21:03:08 | INFO     | src.workflow.analysis:analyze_fund:187 | 已分析股票数: 10
2026-03-30 21:03:08 | INFO     | src.workflow.analysis:analyze_fund:188 | 分析覆盖率: 100.0%
2026-03-30 21:03:08 | INFO     | src.workflow.analysis:analyze_fund:189 | ------------------------------------------------------------
2026-03-30 21:03:08 | INFO     | src.workflow.analysis:analyze_fund:196 | ⦿ 基金建议: 建议持有观望
2026-03-30 21:03:08 | INFO     | src.workflow.analysis:analyze_fund:200 | ============================================================
2026-03-30 21:03:08 | ERROR    | src.notify.channels.ntfy:_do_send:74 | ntfy 推送异常: HTTPSConnectionPool(host='ntfy.sh', port=443): Max retries exceeded with url: /process-notify-001 (Caused by SSLError(SSLEOFError(8, '[SSL: UNEXPECTED_EOF_WHILE_READING] EOF occurred in violation of protocol (_ssl.c:1000)')))
2026-03-30 21:03:08 | WARNING  | src.notify.channels.base:send:78 | NtfyChannel 发送失败 (尝试 1/3)
2026-03-30 21:03:09 | ERROR    | src.notify.channels.ntfy:_do_send:74 | ntfy 推送异常: HTTPSConnectionPool(host='ntfy.sh', port=443): Max retries exceeded with url: /process-notify-001 (Caused by SSLError(SSLEOFError(8, '[SSL: UNEXPECTED_EOF_WHILE_READING] EOF occurred in violation of protocol (_ssl.c:1000)')))
2026-03-30 21:03:09 | WARNING  | src.notify.channels.base:send:78 | NtfyChannel 发送失败 (尝试 2/3)
2026-03-30 21:03:11 | ERROR    | src.notify.channels.ntfy:_do_send:74 | ntfy 推送异常: HTTPSConnectionPool(host='ntfy.sh', port=443): Max retries exceeded with url: /process-notify-001 (Caused by SSLError(SSLEOFError(8, '[SSL: UNEXPECTED_EOF_WHILE_READING] EOF occurred in violation of protocol (_ssl.c:1000)')))
2026-03-30 21:03:11 | WARNING  | src.notify.channels.base:send:78 | NtfyChannel 发送失败 (尝试 3/3)
2026-03-30 21:03:11 | INFO     | src.notify.channels.markdown:_do_send:75 | Markdown 文件已保存: ./notify_logs\notify_20260330_210311.md
2026-03-30 21:03:11 | INFO     | src.workflow.analysis:run_batch:254 | 基金 005538 分析完成
2026-03-30 21:03:11 | INFO     | src.workflow.analysis:run_batch:255 | ============================================================

2026-03-30 21:03:11 | INFO     | src.workflow.analysis:summarize_analysis_results:270 | 
============================================================
2026-03-30 21:03:11 | INFO     | src.workflow.analysis:summarize_analysis_results:271 | 基金加权平均分析汇总报告
2026-03-30 21:03:11 | INFO     | src.workflow.analysis:summarize_analysis_results:272 | ============================================================
2026-03-30 21:03:11 | INFO     | src.workflow.analysis:summarize_analysis_results:278 | 总基金数: 1
2026-03-30 21:03:11 | INFO     | src.workflow.analysis:summarize_analysis_results:279 | 分析成功: 1
2026-03-30 21:03:11 | INFO     | src.workflow.analysis:summarize_analysis_results:280 | 分析失败: 0
2026-03-30 21:03:11 | INFO     | src.workflow.analysis:summarize_analysis_results:283 | 
成功分析的基金结果:
2026-03-30 21:03:11 | INFO     | src.workflow.analysis:summarize_analysis_results:284 | ------------------------------------------------------------
2026-03-30 21:03:11 | INFO     | src.workflow.analysis:summarize_analysis_results:288 | 基金代码: 005538
2026-03-30 21:03:11 | INFO     | src.workflow.analysis:summarize_analysis_results:289 | 基金名称: 基金005538
2026-03-30 21:03:11 | INFO     | src.workflow.analysis:summarize_analysis_results:290 | 加权得分: 0.100
2026-03-30 21:03:11 | INFO     | src.workflow.analysis:summarize_analysis_results:291 | 持有建议: 建议持有
2026-03-30 21:03:11 | INFO     | src.workflow.analysis:summarize_analysis_results:292 | 置信度: 24.6%
2026-03-30 21:03:11 | INFO     | src.workflow.analysis:summarize_analysis_results:293 | 报告路径: outputs/reports\fund-analysis-005538.txt
2026-03-30 21:03:11 | INFO     | src.workflow.analysis:summarize_analysis_results:294 | ------------------------------------------------------------
2026-03-30 21:03:11 | INFO     | src.workflow.analysis:summarize_analysis_results:302 | 
持有建议分布:
2026-03-30 21:03:11 | INFO     | src.workflow.analysis:summarize_analysis_results:305 |   建议持有: 1只 (100.0%)
2026-03-30 21:03:11 | INFO     | src.workflow.analysis:summarize_analysis_results:313 | 
============================================================
2026-03-30 21:03:11 | INFO     | src.workflow.analysis:summarize_analysis_results:314 | 基金加权平均分析已完成!
2026-03-30 21:03:11 | INFO     | src.workflow.analysis:summarize_analysis_results:315 | ============================================================
2026-03-30 21:03:11 | INFO     | __main__:main:165 | ✅ 基金加权平均分析完成！
2026-03-30 21:03:11 | INFO     | __main__:main:166 |    总基金数: 1
2026-03-30 21:03:11 | INFO     | __main__:main:167 |    分析成功: 1
2026-03-30 21:03:11 | INFO     | __main__:main:168 |    分析失败: 0
2026-03-30 21:03:11 | INFO     | __main__:main:171 | 
成功分析的基金结果:
2026-03-30 21:03:11 | INFO     | __main__:main:172 | ------------------------------------------------------------
2026-03-30 21:03:11 | INFO     | __main__:main:175 | 基金代码: 005538
2026-03-30 21:03:11 | INFO     | __main__:main:176 | 基金名称: 基金005538
2026-03-30 21:03:11 | INFO     | __main__:main:177 | 加权得分: 0.100
2026-03-30 21:03:11 | INFO     | __main__:main:178 | 持有建议: 建议持有
2026-03-30 21:03:11 | INFO     | __main__:main:179 | 置信度: 24.6%
2026-03-30 21:03:11 | INFO     | __main__:main:180 | 报告路径: outputs/reports\fund-analysis-005538.txt
2026-03-30 21:03:11 | INFO     | __main__:main:181 | ------------------------------------------------------------
2026-03-30 21:03:11 | INFO     | __main__:main:183 | 
2026-03-30 21:03:11 | ERROR    | src.notify.channels.ntfy:_do_send:74 | ntfy 推送异常: HTTPSConnectionPool(host='ntfy.sh', port=443): Max retries exceeded with url: /process-notify-001 (Caused by SSLError(SSLEOFError(8, '[SSL: UNEXPECTED_EOF_WHILE_READING] EOF occurred in violation of protocol (_ssl.c:1000)')))
2026-03-30 21:03:11 | WARNING  | src.notify.channels.base:send:78 | NtfyChannel 发送失败 (尝试 1/3)
2026-03-30 21:03:12 | ERROR    | src.notify.channels.ntfy:_do_send:74 | ntfy 推送异常: HTTPSConnectionPool(host='ntfy.sh', port=443): Max retries exceeded with url: /process-notify-001 (Caused by SSLError(SSLEOFError(8, '[SSL: UNEXPECTED_EOF_WHILE_READING] EOF occurred in violation of protocol (_ssl.c:1000)')))
2026-03-30 21:03:12 | WARNING  | src.notify.channels.base:send:78 | NtfyChannel 发送失败 (尝试 2/3)
2026-03-30 21:03:14 | ERROR    | src.notify.channels.ntfy:_do_send:74 | ntfy 推送异常: HTTPSConnectionPool(host='ntfy.sh', port=443): Max retries exceeded with url: /process-notify-001 (Caused by SSLError(SSLEOFError(8, '[SSL: UNEXPECTED_EOF_WHILE_READING] EOF occurred in violation of protocol (_ssl.c:1000)')))
2026-03-30 21:03:14 | WARNING  | src.notify.channels.base:send:78 | NtfyChannel 发送失败 (尝试 3/3)
2026-03-30 21:03:14 | INFO     | src.notify.channels.markdown:_do_send:75 | Markdown 文件已保存: ./notify_logs\notify_20260330_210314.md
2026-03-30 21:03:14 | INFO     | __main__:send_notification:221 | ✅ 通知发送成功！
2026-03-30 21:03:14 | INFO     | __main__:main:201 | ============================================================
2026-03-30 21:03:14 | INFO     | __main__:main:202 | 自动化执行流程全部完成！
2026-03-30 21:03:14 | INFO     | __main__:main:203 | 完成时间: 2026-03-30 21:03:14
2026-03-30 21:03:14 | INFO     | __main__:main:204 | ============================================================
