2026-03-21 08:22:13 | INFO     | __main__:<module>:1 | 测试loguru日志系统
2026-03-21 08:22:13 | WARNING  | __main__:<module>:1 | 测试警告信息
2026-03-21 08:22:13 | ERROR    | __main__:<module>:1 | 测试错误信息
2026-03-21 08:23:28 | INFO     | __main__:<module>:1 | 项目日志系统迁移完成
2026-03-21 08:23:28 | SUCCESS  | __main__:<module>:1 | 所有模块已成功迁移到loguru
2026-03-21 08:23:47 | INFO     | __main__:<module>:1 | 测试日志系统
2026-03-21 08:23:47 | WARNING  | __main__:<module>:1 | 测试警告
2026-03-21 08:23:47 | ERROR    | __main__:<module>:1 | 测试错误
2026-03-21 08:28:31 | INFO     | __main__:main:742 | 使用配置文件中的基金代码: ['005538', '015790', '000001']
2026-03-21 08:28:31 | INFO     | __main__:show_welcome_message:253 | 
============================================================
2026-03-21 08:28:31 | INFO     | __main__:show_welcome_message:254 | 基金持仓股票分析系统 v1.0
2026-03-21 08:28:31 | INFO     | __main__:show_welcome_message:255 | ============================================================
2026-03-21 08:28:31 | INFO     | __main__:show_welcome_message:256 | 功能1：技术指标计算（默认模式）
2026-03-21 08:28:31 | INFO     | __main__:show_welcome_message:257 |   为基金持仓股票计算多种技术指标（MA、RSI、MACD等）
2026-03-21 08:28:31 | INFO     | __main__:show_welcome_message:258 | 
2026-03-21 08:28:31 | INFO     | __main__:show_welcome_message:259 | 功能2：基金加权平均分析
2026-03-21 08:28:31 | INFO     | __main__:show_welcome_message:260 |   基于持仓股票的持有比例进行加权分析，判断基金是否值得继续持有
2026-03-21 08:28:31 | INFO     | __main__:show_welcome_message:261 | 
2026-03-21 08:28:31 | INFO     | __main__:show_welcome_message:262 | 功能3：更新数据
2026-03-21 08:28:31 | INFO     | __main__:show_welcome_message:263 |   重新下载基金持仓和股票K线数据，更新到最新
2026-03-21 08:28:31 | INFO     | __main__:show_welcome_message:264 | 
2026-03-21 08:28:31 | INFO     | __main__:show_welcome_message:265 | 使用方式：
2026-03-21 08:28:31 | INFO     | __main__:show_welcome_message:266 |   python main.py                        # 交互式菜单
2026-03-21 08:28:31 | INFO     | __main__:show_welcome_message:267 |   python main.py --single-fund 005538   # 处理单个基金
2026-03-21 08:28:31 | INFO     | __main__:show_welcome_message:268 |   python main.py --analyze --single-fund 005538   # 分析单个基金
2026-03-21 08:28:31 | INFO     | __main__:show_welcome_message:269 |   python main.py --analyze --fund-codes 005538 015790  # 分析多个基金
2026-03-21 08:28:31 | INFO     | __main__:show_welcome_message:270 | ============================================================

2026-03-21 08:28:31 | INFO     | src.data.reader:__init__:29 | 数据读取器初始化完成，基础路径: data
2026-03-21 08:28:31 | INFO     | __main__:run_technical_workflow:638 | 开始批量处理 3 个基金的技术指标计算
2026-03-21 08:28:31 | INFO     | __main__:run_technical_workflow:639 | 基金代码列表: ['005538', '015790', '000001']
2026-03-21 08:28:31 | INFO     | __main__:run_technical_workflow:640 | 开始日期: 2021-01-01
2026-03-21 08:28:31 | INFO     | __main__:run_technical_workflow:641 | 数据目录: stock_data
2026-03-21 08:28:31 | INFO     | __main__:run_technical_workflow:646 | 
============================================================
2026-03-21 08:28:31 | INFO     | __main__:run_technical_workflow:647 | 开始处理基金: 005538
2026-03-21 08:28:31 | INFO     | __main__:run_technical_workflow:648 | ============================================================
2026-03-21 08:28:31 | INFO     | __main__:process_single_fund:46 | 开始处理基金 005538 的持仓股票技术指标计算
2026-03-21 08:28:33 | DEBUG    | src.notify.channels.ntfy:send:87 | ntfy 消息发送成功: 🔍 开始分析基金 {fund_code}...
2026-03-21 08:28:33 | DEBUG    | src.notify.base:send_with_retry:126 | 通知器 ntfy 发送成功
2026-03-21 08:28:33 | DEBUG    | src.notify.manager:send:140 | 消息发送成功到渠道 ntfy
2026-03-21 08:28:33 | INFO     | __main__:process_single_fund:53 | 步骤1: 获取基金持仓数据
2026-03-21 08:28:33 | INFO     | src.core.data_fetcher:inner:463 | 获取基金 005538 持仓
2026-03-21 08:28:33 | INFO     | __main__:process_single_fund:61 | 步骤2: 过滤最新季度数据
2026-03-21 08:28:33 | INFO     | src.analysis.quarter_filter:filter_latest_quarter_data:62 | 识别到最新季度: 2025年Q4
2026-03-21 08:28:33 | INFO     | src.analysis.quarter_filter:filter_latest_quarter_data:76 | 过滤结果: 从 81 条记录中筛选出 10 条最新季度数据
2026-03-21 08:28:33 | INFO     | __main__:process_single_fund:65 | 最新季度持仓股票数量: 10
2026-03-21 08:28:33 | INFO     | __main__:process_single_fund:66 | 股票代码列表: ['301662', '688778', '688155', '300450', '301617', '688147', '688499', '301150', '002846', '300092']
2026-03-21 08:28:33 | INFO     | __main__:process_single_fund:69 | 步骤3: 批量处理股票数据
2026-03-21 08:28:33 | INFO     | src.data.reader:list_files:221 | 在 data\stock_data 中找到 30 个文件
2026-03-21 08:28:33 | INFO     | src.data.reader:list_stock_files:241 | 找到 30 个股票数据文件
2026-03-21 08:28:33 | INFO     | src.data.reader:read_csv:53 | 读取CSV文件: data\stock_data\301662_kline.csv
2026-03-21 08:28:33 | INFO     | src.data.reader:read_csv:57 | 成功读取 221 行数据
2026-03-21 08:28:33 | INFO     | src.data.reader:list_files:221 | 在 data\stock_data 中找到 30 个文件
2026-03-21 08:28:33 | INFO     | src.data.reader:list_stock_files:241 | 找到 30 个股票数据文件
2026-03-21 08:28:33 | INFO     | src.data.reader:read_csv:53 | 读取CSV文件: data\stock_data\688778_kline.csv
2026-03-21 08:28:33 | INFO     | src.data.reader:read_csv:57 | 成功读取 1115 行数据
2026-03-21 08:28:33 | INFO     | src.data.reader:list_files:221 | 在 data\stock_data 中找到 30 个文件
2026-03-21 08:28:33 | INFO     | src.data.reader:list_stock_files:241 | 找到 30 个股票数据文件
2026-03-21 08:28:33 | INFO     | src.data.reader:read_csv:53 | 读取CSV文件: data\stock_data\688155_kline.csv
2026-03-21 08:28:33 | INFO     | src.data.reader:read_csv:57 | 成功读取 1258 行数据
2026-03-21 08:28:33 | INFO     | src.data.reader:list_files:221 | 在 data\stock_data 中找到 30 个文件
2026-03-21 08:28:33 | INFO     | src.data.reader:list_stock_files:241 | 找到 30 个股票数据文件
2026-03-21 08:28:33 | INFO     | src.data.reader:read_csv:53 | 读取CSV文件: data\stock_data\300450_kline.csv
2026-03-21 08:28:33 | INFO     | src.data.reader:read_csv:57 | 成功读取 1258 行数据
2026-03-21 08:28:33 | INFO     | src.data.reader:list_files:221 | 在 data\stock_data 中找到 30 个文件
2026-03-21 08:28:33 | INFO     | src.data.reader:list_stock_files:241 | 找到 30 个股票数据文件
2026-03-21 08:28:33 | INFO     | src.data.reader:read_csv:53 | 读取CSV文件: data\stock_data\301617_kline.csv
2026-03-21 08:28:33 | INFO     | src.data.reader:read_csv:57 | 成功读取 304 行数据
2026-03-21 08:28:33 | INFO     | src.data.reader:list_files:221 | 在 data\stock_data 中找到 30 个文件
2026-03-21 08:28:33 | INFO     | src.data.reader:list_stock_files:241 | 找到 30 个股票数据文件
2026-03-21 08:28:33 | INFO     | src.data.reader:read_csv:53 | 读取CSV文件: data\stock_data\688147_kline.csv
2026-03-21 08:28:33 | INFO     | src.data.reader:read_csv:57 | 成功读取 779 行数据
2026-03-21 08:28:33 | INFO     | src.data.reader:list_files:221 | 在 data\stock_data 中找到 30 个文件
2026-03-21 08:28:33 | INFO     | src.data.reader:list_stock_files:241 | 找到 30 个股票数据文件
2026-03-21 08:28:33 | INFO     | src.data.reader:read_csv:53 | 读取CSV文件: data\stock_data\688499_kline.csv
2026-03-21 08:28:33 | INFO     | src.data.reader:read_csv:57 | 成功读取 1140 行数据
2026-03-21 08:28:33 | INFO     | src.data.reader:list_files:221 | 在 data\stock_data 中找到 30 个文件
2026-03-21 08:28:33 | INFO     | src.data.reader:list_stock_files:241 | 找到 30 个股票数据文件
2026-03-21 08:28:33 | INFO     | src.data.reader:read_csv:53 | 读取CSV文件: data\stock_data\301150_kline.csv
2026-03-21 08:28:33 | INFO     | src.data.reader:read_csv:57 | 成功读取 945 行数据
2026-03-21 08:28:33 | INFO     | src.data.reader:list_files:221 | 在 data\stock_data 中找到 30 个文件
2026-03-21 08:28:33 | INFO     | src.data.reader:list_stock_files:241 | 找到 30 个股票数据文件
2026-03-21 08:28:33 | INFO     | src.data.reader:read_csv:53 | 读取CSV文件: data\stock_data\002846_kline.csv
2026-03-21 08:28:33 | INFO     | src.data.reader:read_csv:57 | 成功读取 1258 行数据
2026-03-21 08:28:33 | INFO     | src.data.reader:list_files:221 | 在 data\stock_data 中找到 30 个文件
2026-03-21 08:28:33 | INFO     | src.data.reader:list_stock_files:241 | 找到 30 个股票数据文件
2026-03-21 08:28:33 | INFO     | src.data.reader:read_csv:53 | 读取CSV文件: data\stock_data\300092_kline.csv
2026-03-21 08:28:33 | INFO     | src.data.reader:read_csv:57 | 成功读取 1258 行数据
2026-03-21 08:28:33 | INFO     | __main__:process_single_fund:109 | 成功获取 10 只股票的数据
2026-03-21 08:28:33 | INFO     | __main__:process_single_fund:116 | 步骤4: 计算技术指标
2026-03-21 08:28:33 | INFO     | src.indicators.technical_indicators:calculate_ma:133 | 计算 5 日移动平均线完成
2026-03-21 08:28:33 | INFO     | src.indicators.technical_indicators:calculate_ma:133 | 计算 10 日移动平均线完成
2026-03-21 08:28:33 | INFO     | src.indicators.technical_indicators:calculate_ma:133 | 计算 20 日移动平均线完成
2026-03-21 08:28:33 | INFO     | src.indicators.technical_indicators:calculate_ma:133 | 计算 30 日移动平均线完成
2026-03-21 08:28:33 | INFO     | src.indicators.technical_indicators:calculate_ma:133 | 计算 60 日移动平均线完成
2026-03-21 08:28:33 | INFO     | src.indicators.technical_indicators:calculate_ma:133 | 计算 120 日移动平均线完成
2026-03-21 08:28:33 | INFO     | src.indicators.technical_indicators:calculate_ma:133 | 计算 250 日移动平均线完成
2026-03-21 08:28:33 | INFO     | src.indicators.technical_indicators:calculate_sma:157 | 计算 5 日简单移动平均线完成
2026-03-21 08:28:33 | INFO     | src.indicators.technical_indicators:calculate_sma:157 | 计算 10 日简单移动平均线完成
2026-03-21 08:28:33 | INFO     | src.indicators.technical_indicators:calculate_sma:157 | 计算 20 日简单移动平均线完成
2026-03-21 08:28:33 | INFO     | src.indicators.technical_indicators:calculate_sma:157 | 计算 30 日简单移动平均线完成
2026-03-21 08:28:33 | INFO     | src.indicators.technical_indicators:calculate_sma:157 | 计算 60 日简单移动平均线完成
2026-03-21 08:28:33 | INFO     | src.indicators.technical_indicators:calculate_sma:157 | 计算 120 日简单移动平均线完成
2026-03-21 08:28:33 | INFO     | src.indicators.technical_indicators:calculate_sma:157 | 计算 250 日简单移动平均线完成
2026-03-21 08:28:33 | INFO     | src.indicators.technical_indicators:calculate_ema:182 | 计算 12 日指数移动平均线完成
2026-03-21 08:28:33 | INFO     | src.indicators.technical_indicators:calculate_ema:182 | 计算 26 日指数移动平均线完成
2026-03-21 08:28:33 | INFO     | src.indicators.technical_indicators:calculate_rsi:221 | 计算 6 日RSI完成
2026-03-21 08:28:33 | INFO     | src.indicators.technical_indicators:calculate_rsi:221 | 计算 12 日RSI完成
2026-03-21 08:28:33 | INFO     | src.indicators.technical_indicators:calculate_rsi:221 | 计算 24 日RSI完成
2026-03-21 08:28:33 | INFO     | src.indicators.technical_indicators:calculate_macd:263 | 计算MACD完成：快线=12, 慢线=26, 信号线=9
2026-03-21 08:28:33 | INFO     | src.indicators.technical_indicators:calculate_macd:263 | 计算MACD完成：快线=12, 慢线=26, 信号线=12
2026-03-21 08:28:33 | INFO     | src.indicators.technical_indicators:calculate_boll:303 | 计算布林带完成：周期=20, 标准差倍数=2
2026-03-21 08:28:33 | INFO     | src.indicators.technical_indicators:calculate_boll:303 | 计算布林带完成：周期=26, 标准差倍数=2
2026-03-21 08:28:33 | INFO     | src.indicators.technical_indicators:calculate_kdj:350 | 计算KDJ完成：K周期=9, D周期=3, J周期=3
2026-03-21 08:28:33 | INFO     | src.indicators.technical_indicators:calculate_kdj:350 | 计算KDJ完成：K周期=10, D周期=3, J周期=3
2026-03-21 08:28:33 | INFO     | src.indicators.technical_indicators:calculate_atr:385 | 计算 10 日ATR完成
2026-03-21 08:28:33 | INFO     | src.indicators.technical_indicators:calculate_cci:446 | 计算 20 日CCI完成
2026-03-21 08:28:33 | INFO     | src.indicators.technical_indicators:calculate_williams_r:476 | 计算 10 日威廉指标完成
2026-03-21 08:28:33 | INFO     | src.indicators.technical_indicators:calculate_ma:133 | 计算 5 日移动平均线完成
2026-03-21 08:28:33 | INFO     | src.indicators.technical_indicators:calculate_bias:500 | 计算 5 日乖离率完成
2026-03-21 08:28:33 | INFO     | src.indicators.technical_indicators:calculate_ma:133 | 计算 10 日移动平均线完成
2026-03-21 08:28:33 | INFO     | src.indicators.technical_indicators:calculate_bias:500 | 计算 10 日乖离率完成
2026-03-21 08:28:33 | INFO     | src.indicators.technical_indicators:calculate_ma:133 | 计算 20 日移动平均线完成
2026-03-21 08:28:33 | INFO     | src.indicators.technical_indicators:calculate_bias:500 | 计算 20 日乖离率完成
2026-03-21 08:28:33 | INFO     | src.indicators.technical_indicators:calculate_ma:133 | 计算 30 日移动平均线完成
2026-03-21 08:28:33 | INFO     | src.indicators.technical_indicators:calculate_bias:500 | 计算 30 日乖离率完成
2026-03-21 08:28:33 | INFO     | src.indicators.technical_indicators:calculate_ma:133 | 计算 60 日移动平均线完成
2026-03-21 08:28:33 | INFO     | src.indicators.technical_indicators:calculate_bias:500 | 计算 60 日乖离率完成
2026-03-21 08:28:33 | INFO     | src.indicators.technical_indicators:calculate_ma:133 | 计算 120 日移动平均线完成
2026-03-21 08:28:33 | INFO     | src.indicators.technical_indicators:calculate_bias:500 | 计算 120 日乖离率完成
2026-03-21 08:28:33 | INFO     | src.indicators.technical_indicators:calculate_ma:133 | 计算 250 日移动平均线完成
2026-03-21 08:28:33 | INFO     | src.indicators.technical_indicators:calculate_bias:500 | 计算 250 日乖离率完成
2026-03-21 08:28:33 | INFO     | src.indicators.technical_indicators:calculate_psy:523 | 计算 10 日心理线完成
2026-03-21 08:28:33 | INFO     | src.indicators.technical_indicators:calculate_all:640 | 完成计算 48 个技术指标
2026-03-21 08:28:33 | INFO     | src.core.data_fetcher:save_data:589 | 保存数据到 csv 文件: 301662_with_indicators
2026-03-21 08:28:33 | INFO     | src.core.data_fetcher:save_data:610 | 数据保存成功: ./data\301662_with_indicators.csv
2026-03-21 08:28:33 | INFO     | __main__:process_single_fund:142 |   对股票 301662 进行信号判断
2026-03-21 08:28:33 | INFO     | src.core.data_fetcher:save_data:589 | 保存数据到 csv 文件: 301662_signals
2026-03-21 08:28:33 | INFO     | src.core.data_fetcher:save_data:610 | 数据保存成功: ./data\301662_signals.csv
2026-03-21 08:28:33 | INFO     | __main__:process_single_fund:170 |   股票 301662 信号判断完成: 持有 (得分: 0.018)
2026-03-21 08:28:33 | INFO     | src.indicators.technical_indicators:calculate_ma:133 | 计算 5 日移动平均线完成
2026-03-21 08:28:33 | INFO     | src.indicators.technical_indicators:calculate_ma:133 | 计算 10 日移动平均线完成
2026-03-21 08:28:33 | INFO     | src.indicators.technical_indicators:calculate_ma:133 | 计算 20 日移动平均线完成
2026-03-21 08:28:33 | INFO     | src.indicators.technical_indicators:calculate_ma:133 | 计算 30 日移动平均线完成
2026-03-21 08:28:33 | INFO     | src.indicators.technical_indicators:calculate_ma:133 | 计算 60 日移动平均线完成
2026-03-21 08:28:33 | INFO     | src.indicators.technical_indicators:calculate_ma:133 | 计算 120 日移动平均线完成
2026-03-21 08:28:33 | INFO     | src.indicators.technical_indicators:calculate_ma:133 | 计算 250 日移动平均线完成
2026-03-21 08:28:33 | INFO     | src.indicators.technical_indicators:calculate_sma:157 | 计算 5 日简单移动平均线完成
2026-03-21 08:28:33 | INFO     | src.indicators.technical_indicators:calculate_sma:157 | 计算 10 日简单移动平均线完成
2026-03-21 08:28:33 | INFO     | src.indicators.technical_indicators:calculate_sma:157 | 计算 20 日简单移动平均线完成
2026-03-21 08:28:33 | INFO     | src.indicators.technical_indicators:calculate_sma:157 | 计算 30 日简单移动平均线完成
2026-03-21 08:28:33 | INFO     | src.indicators.technical_indicators:calculate_sma:157 | 计算 60 日简单移动平均线完成
2026-03-21 08:28:33 | INFO     | src.indicators.technical_indicators:calculate_sma:157 | 计算 120 日简单移动平均线完成
2026-03-21 08:28:33 | INFO     | src.indicators.technical_indicators:calculate_sma:157 | 计算 250 日简单移动平均线完成
2026-03-21 08:28:33 | INFO     | src.indicators.technical_indicators:calculate_ema:182 | 计算 12 日指数移动平均线完成
2026-03-21 08:28:33 | INFO     | src.indicators.technical_indicators:calculate_ema:182 | 计算 26 日指数移动平均线完成
2026-03-21 08:28:33 | INFO     | src.indicators.technical_indicators:calculate_rsi:221 | 计算 6 日RSI完成
2026-03-21 08:28:33 | INFO     | src.indicators.technical_indicators:calculate_rsi:221 | 计算 12 日RSI完成
2026-03-21 08:28:33 | INFO     | src.indicators.technical_indicators:calculate_rsi:221 | 计算 24 日RSI完成
2026-03-21 08:28:33 | INFO     | src.indicators.technical_indicators:calculate_macd:263 | 计算MACD完成：快线=12, 慢线=26, 信号线=9
2026-03-21 08:28:33 | INFO     | src.indicators.technical_indicators:calculate_macd:263 | 计算MACD完成：快线=12, 慢线=26, 信号线=12
2026-03-21 08:28:33 | INFO     | src.indicators.technical_indicators:calculate_boll:303 | 计算布林带完成：周期=20, 标准差倍数=2
2026-03-21 08:28:33 | INFO     | src.indicators.technical_indicators:calculate_boll:303 | 计算布林带完成：周期=26, 标准差倍数=2
2026-03-21 08:28:33 | INFO     | src.indicators.technical_indicators:calculate_kdj:350 | 计算KDJ完成：K周期=9, D周期=3, J周期=3
2026-03-21 08:28:33 | INFO     | src.indicators.technical_indicators:calculate_kdj:350 | 计算KDJ完成：K周期=10, D周期=3, J周期=3
2026-03-21 08:28:33 | INFO     | src.indicators.technical_indicators:calculate_atr:385 | 计算 10 日ATR完成
2026-03-21 08:28:33 | INFO     | src.indicators.technical_indicators:calculate_cci:446 | 计算 20 日CCI完成
2026-03-21 08:28:33 | INFO     | src.indicators.technical_indicators:calculate_williams_r:476 | 计算 10 日威廉指标完成
2026-03-21 08:28:33 | INFO     | src.indicators.technical_indicators:calculate_ma:133 | 计算 5 日移动平均线完成
2026-03-21 08:28:33 | INFO     | src.indicators.technical_indicators:calculate_bias:500 | 计算 5 日乖离率完成
2026-03-21 08:28:33 | INFO     | src.indicators.technical_indicators:calculate_ma:133 | 计算 10 日移动平均线完成
2026-03-21 08:28:33 | INFO     | src.indicators.technical_indicators:calculate_bias:500 | 计算 10 日乖离率完成
2026-03-21 08:28:33 | INFO     | src.indicators.technical_indicators:calculate_ma:133 | 计算 20 日移动平均线完成
2026-03-21 08:28:33 | INFO     | src.indicators.technical_indicators:calculate_bias:500 | 计算 20 日乖离率完成
2026-03-21 08:28:33 | INFO     | src.indicators.technical_indicators:calculate_ma:133 | 计算 30 日移动平均线完成
2026-03-21 08:28:33 | INFO     | src.indicators.technical_indicators:calculate_bias:500 | 计算 30 日乖离率完成
2026-03-21 08:28:33 | INFO     | src.indicators.technical_indicators:calculate_ma:133 | 计算 60 日移动平均线完成
2026-03-21 08:28:33 | INFO     | src.indicators.technical_indicators:calculate_bias:500 | 计算 60 日乖离率完成
2026-03-21 08:28:33 | INFO     | src.indicators.technical_indicators:calculate_ma:133 | 计算 120 日移动平均线完成
2026-03-21 08:28:33 | INFO     | src.indicators.technical_indicators:calculate_bias:500 | 计算 120 日乖离率完成
2026-03-21 08:28:33 | INFO     | src.indicators.technical_indicators:calculate_ma:133 | 计算 250 日移动平均线完成
2026-03-21 08:28:33 | INFO     | src.indicators.technical_indicators:calculate_bias:500 | 计算 250 日乖离率完成
2026-03-21 08:28:33 | INFO     | src.indicators.technical_indicators:calculate_psy:523 | 计算 10 日心理线完成
2026-03-21 08:28:33 | INFO     | src.indicators.technical_indicators:calculate_all:640 | 完成计算 48 个技术指标
2026-03-21 08:28:33 | INFO     | src.core.data_fetcher:save_data:589 | 保存数据到 csv 文件: 688778_with_indicators
2026-03-21 08:28:33 | INFO     | src.core.data_fetcher:save_data:610 | 数据保存成功: ./data\688778_with_indicators.csv
2026-03-21 08:28:33 | INFO     | __main__:process_single_fund:142 |   对股票 688778 进行信号判断
2026-03-21 08:28:33 | INFO     | src.core.data_fetcher:save_data:589 | 保存数据到 csv 文件: 688778_signals
2026-03-21 08:28:33 | INFO     | src.core.data_fetcher:save_data:610 | 数据保存成功: ./data\688778_signals.csv
2026-03-21 08:28:33 | INFO     | __main__:process_single_fund:170 |   股票 688778 信号判断完成: 持有 (得分: 0.000)
2026-03-21 08:28:33 | INFO     | src.indicators.technical_indicators:calculate_ma:133 | 计算 5 日移动平均线完成
2026-03-21 08:28:33 | INFO     | src.indicators.technical_indicators:calculate_ma:133 | 计算 10 日移动平均线完成
2026-03-21 08:28:33 | INFO     | src.indicators.technical_indicators:calculate_ma:133 | 计算 20 日移动平均线完成
2026-03-21 08:28:33 | INFO     | src.indicators.technical_indicators:calculate_ma:133 | 计算 30 日移动平均线完成
2026-03-21 08:28:33 | INFO     | src.indicators.technical_indicators:calculate_ma:133 | 计算 60 日移动平均线完成
2026-03-21 08:28:33 | INFO     | src.indicators.technical_indicators:calculate_ma:133 | 计算 120 日移动平均线完成
2026-03-21 08:28:33 | INFO     | src.indicators.technical_indicators:calculate_ma:133 | 计算 250 日移动平均线完成
2026-03-21 08:28:33 | INFO     | src.indicators.technical_indicators:calculate_sma:157 | 计算 5 日简单移动平均线完成
2026-03-21 08:28:33 | INFO     | src.indicators.technical_indicators:calculate_sma:157 | 计算 10 日简单移动平均线完成
2026-03-21 08:28:33 | INFO     | src.indicators.technical_indicators:calculate_sma:157 | 计算 20 日简单移动平均线完成
2026-03-21 08:28:33 | INFO     | src.indicators.technical_indicators:calculate_sma:157 | 计算 30 日简单移动平均线完成
2026-03-21 08:28:33 | INFO     | src.indicators.technical_indicators:calculate_sma:157 | 计算 60 日简单移动平均线完成
2026-03-21 08:28:33 | INFO     | src.indicators.technical_indicators:calculate_sma:157 | 计算 120 日简单移动平均线完成
2026-03-21 08:28:33 | INFO     | src.indicators.technical_indicators:calculate_sma:157 | 计算 250 日简单移动平均线完成
2026-03-21 08:28:33 | INFO     | src.indicators.technical_indicators:calculate_ema:182 | 计算 12 日指数移动平均线完成
2026-03-21 08:28:33 | INFO     | src.indicators.technical_indicators:calculate_ema:182 | 计算 26 日指数移动平均线完成
2026-03-21 08:28:33 | INFO     | src.indicators.technical_indicators:calculate_rsi:221 | 计算 6 日RSI完成
2026-03-21 08:28:33 | INFO     | src.indicators.technical_indicators:calculate_rsi:221 | 计算 12 日RSI完成
2026-03-21 08:28:33 | INFO     | src.indicators.technical_indicators:calculate_rsi:221 | 计算 24 日RSI完成
2026-03-21 08:28:33 | INFO     | src.indicators.technical_indicators:calculate_macd:263 | 计算MACD完成：快线=12, 慢线=26, 信号线=9
2026-03-21 08:28:33 | INFO     | src.indicators.technical_indicators:calculate_macd:263 | 计算MACD完成：快线=12, 慢线=26, 信号线=12
2026-03-21 08:28:33 | INFO     | src.indicators.technical_indicators:calculate_boll:303 | 计算布林带完成：周期=20, 标准差倍数=2
2026-03-21 08:28:33 | INFO     | src.indicators.technical_indicators:calculate_boll:303 | 计算布林带完成：周期=26, 标准差倍数=2
2026-03-21 08:28:33 | INFO     | src.indicators.technical_indicators:calculate_kdj:350 | 计算KDJ完成：K周期=9, D周期=3, J周期=3
2026-03-21 08:28:33 | INFO     | src.indicators.technical_indicators:calculate_kdj:350 | 计算KDJ完成：K周期=10, D周期=3, J周期=3
2026-03-21 08:28:33 | INFO     | src.indicators.technical_indicators:calculate_atr:385 | 计算 10 日ATR完成
2026-03-21 08:28:33 | INFO     | src.indicators.technical_indicators:calculate_cci:446 | 计算 20 日CCI完成
2026-03-21 08:28:33 | INFO     | src.indicators.technical_indicators:calculate_williams_r:476 | 计算 10 日威廉指标完成
2026-03-21 08:28:33 | INFO     | src.indicators.technical_indicators:calculate_ma:133 | 计算 5 日移动平均线完成
2026-03-21 08:28:33 | INFO     | src.indicators.technical_indicators:calculate_bias:500 | 计算 5 日乖离率完成
2026-03-21 08:28:33 | INFO     | src.indicators.technical_indicators:calculate_ma:133 | 计算 10 日移动平均线完成
2026-03-21 08:28:33 | INFO     | src.indicators.technical_indicators:calculate_bias:500 | 计算 10 日乖离率完成
2026-03-21 08:28:33 | INFO     | src.indicators.technical_indicators:calculate_ma:133 | 计算 20 日移动平均线完成
2026-03-21 08:28:33 | INFO     | src.indicators.technical_indicators:calculate_bias:500 | 计算 20 日乖离率完成
2026-03-21 08:28:33 | INFO     | src.indicators.technical_indicators:calculate_ma:133 | 计算 30 日移动平均线完成
2026-03-21 08:28:33 | INFO     | src.indicators.technical_indicators:calculate_bias:500 | 计算 30 日乖离率完成
2026-03-21 08:28:33 | INFO     | src.indicators.technical_indicators:calculate_ma:133 | 计算 60 日移动平均线完成
2026-03-21 08:28:33 | INFO     | src.indicators.technical_indicators:calculate_bias:500 | 计算 60 日乖离率完成
2026-03-21 08:28:33 | INFO     | src.indicators.technical_indicators:calculate_ma:133 | 计算 120 日移动平均线完成
2026-03-21 08:28:33 | INFO     | src.indicators.technical_indicators:calculate_bias:500 | 计算 120 日乖离率完成
2026-03-21 08:28:33 | INFO     | src.indicators.technical_indicators:calculate_ma:133 | 计算 250 日移动平均线完成
2026-03-21 08:28:33 | INFO     | src.indicators.technical_indicators:calculate_bias:500 | 计算 250 日乖离率完成
2026-03-21 08:28:33 | INFO     | src.indicators.technical_indicators:calculate_psy:523 | 计算 10 日心理线完成
2026-03-21 08:28:33 | INFO     | src.indicators.technical_indicators:calculate_all:640 | 完成计算 48 个技术指标
2026-03-21 08:28:33 | INFO     | src.core.data_fetcher:save_data:589 | 保存数据到 csv 文件: 688155_with_indicators
2026-03-21 08:28:33 | INFO     | src.core.data_fetcher:save_data:610 | 数据保存成功: ./data\688155_with_indicators.csv
2026-03-21 08:28:33 | INFO     | __main__:process_single_fund:142 |   对股票 688155 进行信号判断
2026-03-21 08:28:33 | INFO     | src.core.data_fetcher:save_data:589 | 保存数据到 csv 文件: 688155_signals
2026-03-21 08:28:33 | INFO     | src.core.data_fetcher:save_data:610 | 数据保存成功: ./data\688155_signals.csv
2026-03-21 08:28:33 | INFO     | __main__:process_single_fund:170 |   股票 688155 信号判断完成: 持有 (得分: -0.196)
2026-03-21 08:28:33 | INFO     | src.indicators.technical_indicators:calculate_ma:133 | 计算 5 日移动平均线完成
2026-03-21 08:28:33 | INFO     | src.indicators.technical_indicators:calculate_ma:133 | 计算 10 日移动平均线完成
2026-03-21 08:28:33 | INFO     | src.indicators.technical_indicators:calculate_ma:133 | 计算 20 日移动平均线完成
2026-03-21 08:28:33 | INFO     | src.indicators.technical_indicators:calculate_ma:133 | 计算 30 日移动平均线完成
2026-03-21 08:28:33 | INFO     | src.indicators.technical_indicators:calculate_ma:133 | 计算 60 日移动平均线完成
2026-03-21 08:28:33 | INFO     | src.indicators.technical_indicators:calculate_ma:133 | 计算 120 日移动平均线完成
2026-03-21 08:28:33 | INFO     | src.indicators.technical_indicators:calculate_ma:133 | 计算 250 日移动平均线完成
2026-03-21 08:28:33 | INFO     | src.indicators.technical_indicators:calculate_sma:157 | 计算 5 日简单移动平均线完成
2026-03-21 08:28:33 | INFO     | src.indicators.technical_indicators:calculate_sma:157 | 计算 10 日简单移动平均线完成
2026-03-21 08:28:33 | INFO     | src.indicators.technical_indicators:calculate_sma:157 | 计算 20 日简单移动平均线完成
2026-03-21 08:28:33 | INFO     | src.indicators.technical_indicators:calculate_sma:157 | 计算 30 日简单移动平均线完成
2026-03-21 08:28:33 | INFO     | src.indicators.technical_indicators:calculate_sma:157 | 计算 60 日简单移动平均线完成
2026-03-21 08:28:33 | INFO     | src.indicators.technical_indicators:calculate_sma:157 | 计算 120 日简单移动平均线完成
2026-03-21 08:28:33 | INFO     | src.indicators.technical_indicators:calculate_sma:157 | 计算 250 日简单移动平均线完成
2026-03-21 08:28:33 | INFO     | src.indicators.technical_indicators:calculate_ema:182 | 计算 12 日指数移动平均线完成
2026-03-21 08:28:33 | INFO     | src.indicators.technical_indicators:calculate_ema:182 | 计算 26 日指数移动平均线完成
2026-03-21 08:28:33 | INFO     | src.indicators.technical_indicators:calculate_rsi:221 | 计算 6 日RSI完成
2026-03-21 08:28:33 | INFO     | src.indicators.technical_indicators:calculate_rsi:221 | 计算 12 日RSI完成
2026-03-21 08:28:33 | INFO     | src.indicators.technical_indicators:calculate_rsi:221 | 计算 24 日RSI完成
2026-03-21 08:28:33 | INFO     | src.indicators.technical_indicators:calculate_macd:263 | 计算MACD完成：快线=12, 慢线=26, 信号线=9
2026-03-21 08:28:33 | INFO     | src.indicators.technical_indicators:calculate_macd:263 | 计算MACD完成：快线=12, 慢线=26, 信号线=12
2026-03-21 08:28:33 | INFO     | src.indicators.technical_indicators:calculate_boll:303 | 计算布林带完成：周期=20, 标准差倍数=2
2026-03-21 08:28:33 | INFO     | src.indicators.technical_indicators:calculate_boll:303 | 计算布林带完成：周期=26, 标准差倍数=2
2026-03-21 08:28:33 | INFO     | src.indicators.technical_indicators:calculate_kdj:350 | 计算KDJ完成：K周期=9, D周期=3, J周期=3
2026-03-21 08:28:33 | INFO     | src.indicators.technical_indicators:calculate_kdj:350 | 计算KDJ完成：K周期=10, D周期=3, J周期=3
2026-03-21 08:28:33 | INFO     | src.indicators.technical_indicators:calculate_atr:385 | 计算 10 日ATR完成
2026-03-21 08:28:34 | INFO     | src.indicators.technical_indicators:calculate_cci:446 | 计算 20 日CCI完成
2026-03-21 08:28:34 | INFO     | src.indicators.technical_indicators:calculate_williams_r:476 | 计算 10 日威廉指标完成
2026-03-21 08:28:34 | INFO     | src.indicators.technical_indicators:calculate_ma:133 | 计算 5 日移动平均线完成
2026-03-21 08:28:34 | INFO     | src.indicators.technical_indicators:calculate_bias:500 | 计算 5 日乖离率完成
2026-03-21 08:28:34 | INFO     | src.indicators.technical_indicators:calculate_ma:133 | 计算 10 日移动平均线完成
2026-03-21 08:28:34 | INFO     | src.indicators.technical_indicators:calculate_bias:500 | 计算 10 日乖离率完成
2026-03-21 08:28:34 | INFO     | src.indicators.technical_indicators:calculate_ma:133 | 计算 20 日移动平均线完成
2026-03-21 08:28:34 | INFO     | src.indicators.technical_indicators:calculate_bias:500 | 计算 20 日乖离率完成
2026-03-21 08:28:34 | INFO     | src.indicators.technical_indicators:calculate_ma:133 | 计算 30 日移动平均线完成
2026-03-21 08:28:34 | INFO     | src.indicators.technical_indicators:calculate_bias:500 | 计算 30 日乖离率完成
2026-03-21 08:28:34 | INFO     | src.indicators.technical_indicators:calculate_ma:133 | 计算 60 日移动平均线完成
2026-03-21 08:28:34 | INFO     | src.indicators.technical_indicators:calculate_bias:500 | 计算 60 日乖离率完成
2026-03-21 08:28:34 | INFO     | src.indicators.technical_indicators:calculate_ma:133 | 计算 120 日移动平均线完成
2026-03-21 08:28:34 | INFO     | src.indicators.technical_indicators:calculate_bias:500 | 计算 120 日乖离率完成
2026-03-21 08:28:34 | INFO     | src.indicators.technical_indicators:calculate_ma:133 | 计算 250 日移动平均线完成
2026-03-21 08:28:34 | INFO     | src.indicators.technical_indicators:calculate_bias:500 | 计算 250 日乖离率完成
2026-03-21 08:28:34 | INFO     | src.indicators.technical_indicators:calculate_psy:523 | 计算 10 日心理线完成
2026-03-21 08:28:34 | INFO     | src.indicators.technical_indicators:calculate_all:640 | 完成计算 48 个技术指标
2026-03-21 08:28:34 | INFO     | src.core.data_fetcher:save_data:589 | 保存数据到 csv 文件: 300450_with_indicators
2026-03-21 08:28:34 | INFO     | src.core.data_fetcher:save_data:610 | 数据保存成功: ./data\300450_with_indicators.csv
2026-03-21 08:28:34 | INFO     | __main__:process_single_fund:142 |   对股票 300450 进行信号判断
2026-03-21 08:28:34 | INFO     | src.core.data_fetcher:save_data:589 | 保存数据到 csv 文件: 300450_signals
2026-03-21 08:28:34 | INFO     | src.core.data_fetcher:save_data:610 | 数据保存成功: ./data\300450_signals.csv
2026-03-21 08:28:34 | INFO     | __main__:process_single_fund:170 |   股票 300450 信号判断完成: 持有 (得分: 0.013)
2026-03-21 08:28:34 | INFO     | src.indicators.technical_indicators:calculate_ma:133 | 计算 5 日移动平均线完成
2026-03-21 08:28:34 | INFO     | src.indicators.technical_indicators:calculate_ma:133 | 计算 10 日移动平均线完成
2026-03-21 08:28:34 | INFO     | src.indicators.technical_indicators:calculate_ma:133 | 计算 20 日移动平均线完成
2026-03-21 08:28:34 | INFO     | src.indicators.technical_indicators:calculate_ma:133 | 计算 30 日移动平均线完成
2026-03-21 08:28:34 | INFO     | src.indicators.technical_indicators:calculate_ma:133 | 计算 60 日移动平均线完成
2026-03-21 08:28:34 | INFO     | src.indicators.technical_indicators:calculate_ma:133 | 计算 120 日移动平均线完成
2026-03-21 08:28:34 | INFO     | src.indicators.technical_indicators:calculate_ma:133 | 计算 250 日移动平均线完成
2026-03-21 08:28:34 | INFO     | src.indicators.technical_indicators:calculate_sma:157 | 计算 5 日简单移动平均线完成
2026-03-21 08:28:34 | INFO     | src.indicators.technical_indicators:calculate_sma:157 | 计算 10 日简单移动平均线完成
2026-03-21 08:28:34 | INFO     | src.indicators.technical_indicators:calculate_sma:157 | 计算 20 日简单移动平均线完成
2026-03-21 08:28:34 | INFO     | src.indicators.technical_indicators:calculate_sma:157 | 计算 30 日简单移动平均线完成
2026-03-21 08:28:34 | INFO     | src.indicators.technical_indicators:calculate_sma:157 | 计算 60 日简单移动平均线完成
2026-03-21 08:28:34 | INFO     | src.indicators.technical_indicators:calculate_sma:157 | 计算 120 日简单移动平均线完成
2026-03-21 08:28:34 | INFO     | src.indicators.technical_indicators:calculate_sma:157 | 计算 250 日简单移动平均线完成
2026-03-21 08:28:34 | INFO     | src.indicators.technical_indicators:calculate_ema:182 | 计算 12 日指数移动平均线完成
2026-03-21 08:28:34 | INFO     | src.indicators.technical_indicators:calculate_ema:182 | 计算 26 日指数移动平均线完成
2026-03-21 08:28:34 | INFO     | src.indicators.technical_indicators:calculate_rsi:221 | 计算 6 日RSI完成
2026-03-21 08:28:34 | INFO     | src.indicators.technical_indicators:calculate_rsi:221 | 计算 12 日RSI完成
2026-03-21 08:28:34 | INFO     | src.indicators.technical_indicators:calculate_rsi:221 | 计算 24 日RSI完成
2026-03-21 08:28:34 | INFO     | src.indicators.technical_indicators:calculate_macd:263 | 计算MACD完成：快线=12, 慢线=26, 信号线=9
2026-03-21 08:28:34 | INFO     | src.indicators.technical_indicators:calculate_macd:263 | 计算MACD完成：快线=12, 慢线=26, 信号线=12
2026-03-21 08:28:34 | INFO     | src.indicators.technical_indicators:calculate_boll:303 | 计算布林带完成：周期=20, 标准差倍数=2
2026-03-21 08:28:34 | INFO     | src.indicators.technical_indicators:calculate_boll:303 | 计算布林带完成：周期=26, 标准差倍数=2
2026-03-21 08:28:34 | INFO     | src.indicators.technical_indicators:calculate_kdj:350 | 计算KDJ完成：K周期=9, D周期=3, J周期=3
2026-03-21 08:28:34 | INFO     | src.indicators.technical_indicators:calculate_kdj:350 | 计算KDJ完成：K周期=10, D周期=3, J周期=3
2026-03-21 08:28:34 | INFO     | src.indicators.technical_indicators:calculate_atr:385 | 计算 10 日ATR完成
2026-03-21 08:28:34 | INFO     | src.indicators.technical_indicators:calculate_cci:446 | 计算 20 日CCI完成
2026-03-21 08:28:34 | INFO     | src.indicators.technical_indicators:calculate_williams_r:476 | 计算 10 日威廉指标完成
2026-03-21 08:28:34 | INFO     | src.indicators.technical_indicators:calculate_ma:133 | 计算 5 日移动平均线完成
2026-03-21 08:28:34 | INFO     | src.indicators.technical_indicators:calculate_bias:500 | 计算 5 日乖离率完成
2026-03-21 08:28:34 | INFO     | src.indicators.technical_indicators:calculate_ma:133 | 计算 10 日移动平均线完成
2026-03-21 08:28:34 | INFO     | src.indicators.technical_indicators:calculate_bias:500 | 计算 10 日乖离率完成
2026-03-21 08:28:34 | INFO     | src.indicators.technical_indicators:calculate_ma:133 | 计算 20 日移动平均线完成
2026-03-21 08:28:34 | INFO     | src.indicators.technical_indicators:calculate_bias:500 | 计算 20 日乖离率完成
2026-03-21 08:28:34 | INFO     | src.indicators.technical_indicators:calculate_ma:133 | 计算 30 日移动平均线完成
2026-03-21 08:28:34 | INFO     | src.indicators.technical_indicators:calculate_bias:500 | 计算 30 日乖离率完成
2026-03-21 08:28:34 | INFO     | src.indicators.technical_indicators:calculate_ma:133 | 计算 60 日移动平均线完成
2026-03-21 08:28:34 | INFO     | src.indicators.technical_indicators:calculate_bias:500 | 计算 60 日乖离率完成
2026-03-21 08:28:34 | INFO     | src.indicators.technical_indicators:calculate_ma:133 | 计算 120 日移动平均线完成
2026-03-21 08:28:34 | INFO     | src.indicators.technical_indicators:calculate_bias:500 | 计算 120 日乖离率完成
2026-03-21 08:28:34 | INFO     | src.indicators.technical_indicators:calculate_ma:133 | 计算 250 日移动平均线完成
2026-03-21 08:28:34 | INFO     | src.indicators.technical_indicators:calculate_bias:500 | 计算 250 日乖离率完成
2026-03-21 08:28:34 | INFO     | src.indicators.technical_indicators:calculate_psy:523 | 计算 10 日心理线完成
2026-03-21 08:28:34 | INFO     | src.indicators.technical_indicators:calculate_all:640 | 完成计算 48 个技术指标
2026-03-21 08:28:34 | INFO     | src.core.data_fetcher:save_data:589 | 保存数据到 csv 文件: 301617_with_indicators
2026-03-21 08:28:34 | INFO     | src.core.data_fetcher:save_data:610 | 数据保存成功: ./data\301617_with_indicators.csv
2026-03-21 08:28:34 | INFO     | __main__:process_single_fund:142 |   对股票 301617 进行信号判断
2026-03-21 08:28:34 | INFO     | src.core.data_fetcher:save_data:589 | 保存数据到 csv 文件: 301617_signals
2026-03-21 08:28:34 | INFO     | src.core.data_fetcher:save_data:610 | 数据保存成功: ./data\301617_signals.csv
2026-03-21 08:28:34 | INFO     | __main__:process_single_fund:170 |   股票 301617 信号判断完成: 持有 (得分: 0.159)
2026-03-21 08:28:34 | INFO     | src.indicators.technical_indicators:calculate_ma:133 | 计算 5 日移动平均线完成
2026-03-21 08:28:34 | INFO     | src.indicators.technical_indicators:calculate_ma:133 | 计算 10 日移动平均线完成
2026-03-21 08:28:34 | INFO     | src.indicators.technical_indicators:calculate_ma:133 | 计算 20 日移动平均线完成
2026-03-21 08:28:34 | INFO     | src.indicators.technical_indicators:calculate_ma:133 | 计算 30 日移动平均线完成
2026-03-21 08:28:34 | INFO     | src.indicators.technical_indicators:calculate_ma:133 | 计算 60 日移动平均线完成
2026-03-21 08:28:34 | INFO     | src.indicators.technical_indicators:calculate_ma:133 | 计算 120 日移动平均线完成
2026-03-21 08:28:34 | INFO     | src.indicators.technical_indicators:calculate_ma:133 | 计算 250 日移动平均线完成
2026-03-21 08:28:34 | INFO     | src.indicators.technical_indicators:calculate_sma:157 | 计算 5 日简单移动平均线完成
2026-03-21 08:28:34 | INFO     | src.indicators.technical_indicators:calculate_sma:157 | 计算 10 日简单移动平均线完成
2026-03-21 08:28:34 | INFO     | src.indicators.technical_indicators:calculate_sma:157 | 计算 20 日简单移动平均线完成
2026-03-21 08:28:34 | INFO     | src.indicators.technical_indicators:calculate_sma:157 | 计算 30 日简单移动平均线完成
2026-03-21 08:28:34 | INFO     | src.indicators.technical_indicators:calculate_sma:157 | 计算 60 日简单移动平均线完成
2026-03-21 08:28:34 | INFO     | src.indicators.technical_indicators:calculate_sma:157 | 计算 120 日简单移动平均线完成
2026-03-21 08:28:34 | INFO     | src.indicators.technical_indicators:calculate_sma:157 | 计算 250 日简单移动平均线完成
2026-03-21 08:28:34 | INFO     | src.indicators.technical_indicators:calculate_ema:182 | 计算 12 日指数移动平均线完成
2026-03-21 08:28:34 | INFO     | src.indicators.technical_indicators:calculate_ema:182 | 计算 26 日指数移动平均线完成
2026-03-21 08:28:34 | INFO     | src.indicators.technical_indicators:calculate_rsi:221 | 计算 6 日RSI完成
2026-03-21 08:28:34 | INFO     | src.indicators.technical_indicators:calculate_rsi:221 | 计算 12 日RSI完成
2026-03-21 08:28:34 | INFO     | src.indicators.technical_indicators:calculate_rsi:221 | 计算 24 日RSI完成
2026-03-21 08:28:34 | INFO     | src.indicators.technical_indicators:calculate_macd:263 | 计算MACD完成：快线=12, 慢线=26, 信号线=9
2026-03-21 08:28:34 | INFO     | src.indicators.technical_indicators:calculate_macd:263 | 计算MACD完成：快线=12, 慢线=26, 信号线=12
2026-03-21 08:28:34 | INFO     | src.indicators.technical_indicators:calculate_boll:303 | 计算布林带完成：周期=20, 标准差倍数=2
2026-03-21 08:28:34 | INFO     | src.indicators.technical_indicators:calculate_boll:303 | 计算布林带完成：周期=26, 标准差倍数=2
2026-03-21 08:28:34 | INFO     | src.indicators.technical_indicators:calculate_kdj:350 | 计算KDJ完成：K周期=9, D周期=3, J周期=3
2026-03-21 08:28:34 | INFO     | src.indicators.technical_indicators:calculate_kdj:350 | 计算KDJ完成：K周期=10, D周期=3, J周期=3
2026-03-21 08:28:34 | INFO     | src.indicators.technical_indicators:calculate_atr:385 | 计算 10 日ATR完成
2026-03-21 08:28:34 | INFO     | src.indicators.technical_indicators:calculate_cci:446 | 计算 20 日CCI完成
2026-03-21 08:28:34 | INFO     | src.indicators.technical_indicators:calculate_williams_r:476 | 计算 10 日威廉指标完成
2026-03-21 08:28:34 | INFO     | src.indicators.technical_indicators:calculate_ma:133 | 计算 5 日移动平均线完成
2026-03-21 08:28:34 | INFO     | src.indicators.technical_indicators:calculate_bias:500 | 计算 5 日乖离率完成
2026-03-21 08:28:34 | INFO     | src.indicators.technical_indicators:calculate_ma:133 | 计算 10 日移动平均线完成
2026-03-21 08:28:34 | INFO     | src.indicators.technical_indicators:calculate_bias:500 | 计算 10 日乖离率完成
2026-03-21 08:28:34 | INFO     | src.indicators.technical_indicators:calculate_ma:133 | 计算 20 日移动平均线完成
2026-03-21 08:28:34 | INFO     | src.indicators.technical_indicators:calculate_bias:500 | 计算 20 日乖离率完成
2026-03-21 08:28:34 | INFO     | src.indicators.technical_indicators:calculate_ma:133 | 计算 30 日移动平均线完成
2026-03-21 08:28:34 | INFO     | src.indicators.technical_indicators:calculate_bias:500 | 计算 30 日乖离率完成
2026-03-21 08:28:34 | INFO     | src.indicators.technical_indicators:calculate_ma:133 | 计算 60 日移动平均线完成
2026-03-21 08:28:34 | INFO     | src.indicators.technical_indicators:calculate_bias:500 | 计算 60 日乖离率完成
2026-03-21 08:28:34 | INFO     | src.indicators.technical_indicators:calculate_ma:133 | 计算 120 日移动平均线完成
2026-03-21 08:28:34 | INFO     | src.indicators.technical_indicators:calculate_bias:500 | 计算 120 日乖离率完成
2026-03-21 08:28:34 | INFO     | src.indicators.technical_indicators:calculate_ma:133 | 计算 250 日移动平均线完成
2026-03-21 08:28:34 | INFO     | src.indicators.technical_indicators:calculate_bias:500 | 计算 250 日乖离率完成
2026-03-21 08:28:34 | INFO     | src.indicators.technical_indicators:calculate_psy:523 | 计算 10 日心理线完成
2026-03-21 08:28:34 | INFO     | src.indicators.technical_indicators:calculate_all:640 | 完成计算 48 个技术指标
2026-03-21 08:28:34 | INFO     | src.core.data_fetcher:save_data:589 | 保存数据到 csv 文件: 688147_with_indicators
2026-03-21 08:28:34 | INFO     | src.core.data_fetcher:save_data:610 | 数据保存成功: ./data\688147_with_indicators.csv
2026-03-21 08:28:34 | INFO     | __main__:process_single_fund:142 |   对股票 688147 进行信号判断
2026-03-21 08:28:34 | INFO     | src.core.data_fetcher:save_data:589 | 保存数据到 csv 文件: 688147_signals
2026-03-21 08:28:34 | INFO     | src.core.data_fetcher:save_data:610 | 数据保存成功: ./data\688147_signals.csv
2026-03-21 08:28:34 | INFO     | __main__:process_single_fund:170 |   股票 688147 信号判断完成: 持有 (得分: 0.103)
2026-03-21 08:28:34 | INFO     | src.indicators.technical_indicators:calculate_ma:133 | 计算 5 日移动平均线完成
2026-03-21 08:28:34 | INFO     | src.indicators.technical_indicators:calculate_ma:133 | 计算 10 日移动平均线完成
2026-03-21 08:28:34 | INFO     | src.indicators.technical_indicators:calculate_ma:133 | 计算 20 日移动平均线完成
2026-03-21 08:28:34 | INFO     | src.indicators.technical_indicators:calculate_ma:133 | 计算 30 日移动平均线完成
2026-03-21 08:28:34 | INFO     | src.indicators.technical_indicators:calculate_ma:133 | 计算 60 日移动平均线完成
2026-03-21 08:28:34 | INFO     | src.indicators.technical_indicators:calculate_ma:133 | 计算 120 日移动平均线完成
2026-03-21 08:28:34 | INFO     | src.indicators.technical_indicators:calculate_ma:133 | 计算 250 日移动平均线完成
2026-03-21 08:28:34 | INFO     | src.indicators.technical_indicators:calculate_sma:157 | 计算 5 日简单移动平均线完成
2026-03-21 08:28:34 | INFO     | src.indicators.technical_indicators:calculate_sma:157 | 计算 10 日简单移动平均线完成
2026-03-21 08:28:34 | INFO     | src.indicators.technical_indicators:calculate_sma:157 | 计算 20 日简单移动平均线完成
2026-03-21 08:28:34 | INFO     | src.indicators.technical_indicators:calculate_sma:157 | 计算 30 日简单移动平均线完成
2026-03-21 08:28:34 | INFO     | src.indicators.technical_indicators:calculate_sma:157 | 计算 60 日简单移动平均线完成
2026-03-21 08:28:34 | INFO     | src.indicators.technical_indicators:calculate_sma:157 | 计算 120 日简单移动平均线完成
2026-03-21 08:28:34 | INFO     | src.indicators.technical_indicators:calculate_sma:157 | 计算 250 日简单移动平均线完成
2026-03-21 08:28:34 | INFO     | src.indicators.technical_indicators:calculate_ema:182 | 计算 12 日指数移动平均线完成
2026-03-21 08:28:34 | INFO     | src.indicators.technical_indicators:calculate_ema:182 | 计算 26 日指数移动平均线完成
2026-03-21 08:28:34 | INFO     | src.indicators.technical_indicators:calculate_rsi:221 | 计算 6 日RSI完成
2026-03-21 08:28:34 | INFO     | src.indicators.technical_indicators:calculate_rsi:221 | 计算 12 日RSI完成
2026-03-21 08:28:34 | INFO     | src.indicators.technical_indicators:calculate_rsi:221 | 计算 24 日RSI完成
2026-03-21 08:28:34 | INFO     | src.indicators.technical_indicators:calculate_macd:263 | 计算MACD完成：快线=12, 慢线=26, 信号线=9
2026-03-21 08:28:34 | INFO     | src.indicators.technical_indicators:calculate_macd:263 | 计算MACD完成：快线=12, 慢线=26, 信号线=12
2026-03-21 08:28:34 | INFO     | src.indicators.technical_indicators:calculate_boll:303 | 计算布林带完成：周期=20, 标准差倍数=2
2026-03-21 08:28:34 | INFO     | src.indicators.technical_indicators:calculate_boll:303 | 计算布林带完成：周期=26, 标准差倍数=2
2026-03-21 08:28:34 | INFO     | src.indicators.technical_indicators:calculate_kdj:350 | 计算KDJ完成：K周期=9, D周期=3, J周期=3
2026-03-21 08:28:34 | INFO     | src.indicators.technical_indicators:calculate_kdj:350 | 计算KDJ完成：K周期=10, D周期=3, J周期=3
2026-03-21 08:28:34 | INFO     | src.indicators.technical_indicators:calculate_atr:385 | 计算 10 日ATR完成
2026-03-21 08:28:34 | INFO     | src.indicators.technical_indicators:calculate_cci:446 | 计算 20 日CCI完成
2026-03-21 08:28:34 | INFO     | src.indicators.technical_indicators:calculate_williams_r:476 | 计算 10 日威廉指标完成
2026-03-21 08:28:34 | INFO     | src.indicators.technical_indicators:calculate_ma:133 | 计算 5 日移动平均线完成
2026-03-21 08:28:34 | INFO     | src.indicators.technical_indicators:calculate_bias:500 | 计算 5 日乖离率完成
2026-03-21 08:28:34 | INFO     | src.indicators.technical_indicators:calculate_ma:133 | 计算 10 日移动平均线完成
2026-03-21 08:28:34 | INFO     | src.indicators.technical_indicators:calculate_bias:500 | 计算 10 日乖离率完成
2026-03-21 08:28:34 | INFO     | src.indicators.technical_indicators:calculate_ma:133 | 计算 20 日移动平均线完成
2026-03-21 08:28:34 | INFO     | src.indicators.technical_indicators:calculate_bias:500 | 计算 20 日乖离率完成
2026-03-21 08:28:34 | INFO     | src.indicators.technical_indicators:calculate_ma:133 | 计算 30 日移动平均线完成
2026-03-21 08:28:34 | INFO     | src.indicators.technical_indicators:calculate_bias:500 | 计算 30 日乖离率完成
2026-03-21 08:28:34 | INFO     | src.indicators.technical_indicators:calculate_ma:133 | 计算 60 日移动平均线完成
2026-03-21 08:28:34 | INFO     | src.indicators.technical_indicators:calculate_bias:500 | 计算 60 日乖离率完成
2026-03-21 08:28:34 | INFO     | src.indicators.technical_indicators:calculate_ma:133 | 计算 120 日移动平均线完成
2026-03-21 08:28:34 | INFO     | src.indicators.technical_indicators:calculate_bias:500 | 计算 120 日乖离率完成
2026-03-21 08:28:34 | INFO     | src.indicators.technical_indicators:calculate_ma:133 | 计算 250 日移动平均线完成
2026-03-21 08:28:34 | INFO     | src.indicators.technical_indicators:calculate_bias:500 | 计算 250 日乖离率完成
2026-03-21 08:28:34 | INFO     | src.indicators.technical_indicators:calculate_psy:523 | 计算 10 日心理线完成
2026-03-21 08:28:34 | INFO     | src.indicators.technical_indicators:calculate_all:640 | 完成计算 48 个技术指标
2026-03-21 08:28:34 | INFO     | src.core.data_fetcher:save_data:589 | 保存数据到 csv 文件: 688499_with_indicators
2026-03-21 08:28:34 | INFO     | src.core.data_fetcher:save_data:610 | 数据保存成功: ./data\688499_with_indicators.csv
2026-03-21 08:28:34 | INFO     | __main__:process_single_fund:142 |   对股票 688499 进行信号判断
2026-03-21 08:28:34 | INFO     | src.core.data_fetcher:save_data:589 | 保存数据到 csv 文件: 688499_signals
2026-03-21 08:28:34 | INFO     | src.core.data_fetcher:save_data:610 | 数据保存成功: ./data\688499_signals.csv
2026-03-21 08:28:34 | INFO     | __main__:process_single_fund:170 |   股票 688499 信号判断完成: 持有 (得分: 0.000)
2026-03-21 08:28:34 | INFO     | src.indicators.technical_indicators:calculate_ma:133 | 计算 5 日移动平均线完成
2026-03-21 08:28:34 | INFO     | src.indicators.technical_indicators:calculate_ma:133 | 计算 10 日移动平均线完成
2026-03-21 08:28:34 | INFO     | src.indicators.technical_indicators:calculate_ma:133 | 计算 20 日移动平均线完成
2026-03-21 08:28:34 | INFO     | src.indicators.technical_indicators:calculate_ma:133 | 计算 30 日移动平均线完成
2026-03-21 08:28:34 | INFO     | src.indicators.technical_indicators:calculate_ma:133 | 计算 60 日移动平均线完成
2026-03-21 08:28:34 | INFO     | src.indicators.technical_indicators:calculate_ma:133 | 计算 120 日移动平均线完成
2026-03-21 08:28:34 | INFO     | src.indicators.technical_indicators:calculate_ma:133 | 计算 250 日移动平均线完成
2026-03-21 08:28:34 | INFO     | src.indicators.technical_indicators:calculate_sma:157 | 计算 5 日简单移动平均线完成
2026-03-21 08:28:34 | INFO     | src.indicators.technical_indicators:calculate_sma:157 | 计算 10 日简单移动平均线完成
2026-03-21 08:28:34 | INFO     | src.indicators.technical_indicators:calculate_sma:157 | 计算 20 日简单移动平均线完成
2026-03-21 08:28:34 | INFO     | src.indicators.technical_indicators:calculate_sma:157 | 计算 30 日简单移动平均线完成
2026-03-21 08:28:34 | INFO     | src.indicators.technical_indicators:calculate_sma:157 | 计算 60 日简单移动平均线完成
2026-03-21 08:28:34 | INFO     | src.indicators.technical_indicators:calculate_sma:157 | 计算 120 日简单移动平均线完成
2026-03-21 08:28:34 | INFO     | src.indicators.technical_indicators:calculate_sma:157 | 计算 250 日简单移动平均线完成
2026-03-21 08:28:34 | INFO     | src.indicators.technical_indicators:calculate_ema:182 | 计算 12 日指数移动平均线完成
2026-03-21 08:28:34 | INFO     | src.indicators.technical_indicators:calculate_ema:182 | 计算 26 日指数移动平均线完成
2026-03-21 08:28:34 | INFO     | src.indicators.technical_indicators:calculate_rsi:221 | 计算 6 日RSI完成
2026-03-21 08:28:34 | INFO     | src.indicators.technical_indicators:calculate_rsi:221 | 计算 12 日RSI完成
2026-03-21 08:28:34 | INFO     | src.indicators.technical_indicators:calculate_rsi:221 | 计算 24 日RSI完成
2026-03-21 08:28:34 | INFO     | src.indicators.technical_indicators:calculate_macd:263 | 计算MACD完成：快线=12, 慢线=26, 信号线=9
2026-03-21 08:28:34 | INFO     | src.indicators.technical_indicators:calculate_macd:263 | 计算MACD完成：快线=12, 慢线=26, 信号线=12
2026-03-21 08:28:34 | INFO     | src.indicators.technical_indicators:calculate_boll:303 | 计算布林带完成：周期=20, 标准差倍数=2
2026-03-21 08:28:34 | INFO     | src.indicators.technical_indicators:calculate_boll:303 | 计算布林带完成：周期=26, 标准差倍数=2
2026-03-21 08:28:34 | INFO     | src.indicators.technical_indicators:calculate_kdj:350 | 计算KDJ完成：K周期=9, D周期=3, J周期=3
2026-03-21 08:28:34 | INFO     | src.indicators.technical_indicators:calculate_kdj:350 | 计算KDJ完成：K周期=10, D周期=3, J周期=3
2026-03-21 08:28:34 | INFO     | src.indicators.technical_indicators:calculate_atr:385 | 计算 10 日ATR完成
2026-03-21 08:28:34 | INFO     | src.indicators.technical_indicators:calculate_cci:446 | 计算 20 日CCI完成
2026-03-21 08:28:34 | INFO     | src.indicators.technical_indicators:calculate_williams_r:476 | 计算 10 日威廉指标完成
2026-03-21 08:28:34 | INFO     | src.indicators.technical_indicators:calculate_ma:133 | 计算 5 日移动平均线完成
2026-03-21 08:28:34 | INFO     | src.indicators.technical_indicators:calculate_bias:500 | 计算 5 日乖离率完成
2026-03-21 08:28:34 | INFO     | src.indicators.technical_indicators:calculate_ma:133 | 计算 10 日移动平均线完成
2026-03-21 08:28:34 | INFO     | src.indicators.technical_indicators:calculate_bias:500 | 计算 10 日乖离率完成
2026-03-21 08:28:34 | INFO     | src.indicators.technical_indicators:calculate_ma:133 | 计算 20 日移动平均线完成
2026-03-21 08:28:34 | INFO     | src.indicators.technical_indicators:calculate_bias:500 | 计算 20 日乖离率完成
2026-03-21 08:28:34 | INFO     | src.indicators.technical_indicators:calculate_ma:133 | 计算 30 日移动平均线完成
2026-03-21 08:28:34 | INFO     | src.indicators.technical_indicators:calculate_bias:500 | 计算 30 日乖离率完成
2026-03-21 08:28:34 | INFO     | src.indicators.technical_indicators:calculate_ma:133 | 计算 60 日移动平均线完成
2026-03-21 08:28:34 | INFO     | src.indicators.technical_indicators:calculate_bias:500 | 计算 60 日乖离率完成
2026-03-21 08:28:34 | INFO     | src.indicators.technical_indicators:calculate_ma:133 | 计算 120 日移动平均线完成
2026-03-21 08:28:34 | INFO     | src.indicators.technical_indicators:calculate_bias:500 | 计算 120 日乖离率完成
2026-03-21 08:28:34 | INFO     | src.indicators.technical_indicators:calculate_ma:133 | 计算 250 日移动平均线完成
2026-03-21 08:28:34 | INFO     | src.indicators.technical_indicators:calculate_bias:500 | 计算 250 日乖离率完成
2026-03-21 08:28:34 | INFO     | src.indicators.technical_indicators:calculate_psy:523 | 计算 10 日心理线完成
2026-03-21 08:28:34 | INFO     | src.indicators.technical_indicators:calculate_all:640 | 完成计算 48 个技术指标
2026-03-21 08:28:34 | INFO     | src.core.data_fetcher:save_data:589 | 保存数据到 csv 文件: 301150_with_indicators
2026-03-21 08:28:34 | INFO     | src.core.data_fetcher:save_data:610 | 数据保存成功: ./data\301150_with_indicators.csv
2026-03-21 08:28:34 | INFO     | __main__:process_single_fund:142 |   对股票 301150 进行信号判断
2026-03-21 08:28:34 | INFO     | src.core.data_fetcher:save_data:589 | 保存数据到 csv 文件: 301150_signals
2026-03-21 08:28:34 | INFO     | src.core.data_fetcher:save_data:610 | 数据保存成功: ./data\301150_signals.csv
2026-03-21 08:28:34 | INFO     | __main__:process_single_fund:170 |   股票 301150 信号判断完成: 卖出 (得分: -0.351)
2026-03-21 08:28:34 | INFO     | src.indicators.technical_indicators:calculate_ma:133 | 计算 5 日移动平均线完成
2026-03-21 08:28:34 | INFO     | src.indicators.technical_indicators:calculate_ma:133 | 计算 10 日移动平均线完成
2026-03-21 08:28:34 | INFO     | src.indicators.technical_indicators:calculate_ma:133 | 计算 20 日移动平均线完成
2026-03-21 08:28:34 | INFO     | src.indicators.technical_indicators:calculate_ma:133 | 计算 30 日移动平均线完成
2026-03-21 08:28:34 | INFO     | src.indicators.technical_indicators:calculate_ma:133 | 计算 60 日移动平均线完成
2026-03-21 08:28:34 | INFO     | src.indicators.technical_indicators:calculate_ma:133 | 计算 120 日移动平均线完成
2026-03-21 08:28:34 | INFO     | src.indicators.technical_indicators:calculate_ma:133 | 计算 250 日移动平均线完成
2026-03-21 08:28:34 | INFO     | src.indicators.technical_indicators:calculate_sma:157 | 计算 5 日简单移动平均线完成
2026-03-21 08:28:34 | INFO     | src.indicators.technical_indicators:calculate_sma:157 | 计算 10 日简单移动平均线完成
2026-03-21 08:28:34 | INFO     | src.indicators.technical_indicators:calculate_sma:157 | 计算 20 日简单移动平均线完成
2026-03-21 08:28:34 | INFO     | src.indicators.technical_indicators:calculate_sma:157 | 计算 30 日简单移动平均线完成
2026-03-21 08:28:34 | INFO     | src.indicators.technical_indicators:calculate_sma:157 | 计算 60 日简单移动平均线完成
2026-03-21 08:28:34 | INFO     | src.indicators.technical_indicators:calculate_sma:157 | 计算 120 日简单移动平均线完成
2026-03-21 08:28:34 | INFO     | src.indicators.technical_indicators:calculate_sma:157 | 计算 250 日简单移动平均线完成
2026-03-21 08:28:34 | INFO     | src.indicators.technical_indicators:calculate_ema:182 | 计算 12 日指数移动平均线完成
2026-03-21 08:28:34 | INFO     | src.indicators.technical_indicators:calculate_ema:182 | 计算 26 日指数移动平均线完成
2026-03-21 08:28:34 | INFO     | src.indicators.technical_indicators:calculate_rsi:221 | 计算 6 日RSI完成
2026-03-21 08:28:34 | INFO     | src.indicators.technical_indicators:calculate_rsi:221 | 计算 12 日RSI完成
2026-03-21 08:28:34 | INFO     | src.indicators.technical_indicators:calculate_rsi:221 | 计算 24 日RSI完成
2026-03-21 08:28:34 | INFO     | src.indicators.technical_indicators:calculate_macd:263 | 计算MACD完成：快线=12, 慢线=26, 信号线=9
2026-03-21 08:28:34 | INFO     | src.indicators.technical_indicators:calculate_macd:263 | 计算MACD完成：快线=12, 慢线=26, 信号线=12
2026-03-21 08:28:34 | INFO     | src.indicators.technical_indicators:calculate_boll:303 | 计算布林带完成：周期=20, 标准差倍数=2
2026-03-21 08:28:34 | INFO     | src.indicators.technical_indicators:calculate_boll:303 | 计算布林带完成：周期=26, 标准差倍数=2
2026-03-21 08:28:34 | INFO     | src.indicators.technical_indicators:calculate_kdj:350 | 计算KDJ完成：K周期=9, D周期=3, J周期=3
2026-03-21 08:28:34 | INFO     | src.indicators.technical_indicators:calculate_kdj:350 | 计算KDJ完成：K周期=10, D周期=3, J周期=3
2026-03-21 08:28:34 | INFO     | src.indicators.technical_indicators:calculate_atr:385 | 计算 10 日ATR完成
2026-03-21 08:28:34 | INFO     | src.indicators.technical_indicators:calculate_cci:446 | 计算 20 日CCI完成
2026-03-21 08:28:34 | INFO     | src.indicators.technical_indicators:calculate_williams_r:476 | 计算 10 日威廉指标完成
2026-03-21 08:28:34 | INFO     | src.indicators.technical_indicators:calculate_ma:133 | 计算 5 日移动平均线完成
2026-03-21 08:28:34 | INFO     | src.indicators.technical_indicators:calculate_bias:500 | 计算 5 日乖离率完成
2026-03-21 08:28:34 | INFO     | src.indicators.technical_indicators:calculate_ma:133 | 计算 10 日移动平均线完成
2026-03-21 08:28:34 | INFO     | src.indicators.technical_indicators:calculate_bias:500 | 计算 10 日乖离率完成
2026-03-21 08:28:34 | INFO     | src.indicators.technical_indicators:calculate_ma:133 | 计算 20 日移动平均线完成
2026-03-21 08:28:34 | INFO     | src.indicators.technical_indicators:calculate_bias:500 | 计算 20 日乖离率完成
2026-03-21 08:28:34 | INFO     | src.indicators.technical_indicators:calculate_ma:133 | 计算 30 日移动平均线完成
2026-03-21 08:28:34 | INFO     | src.indicators.technical_indicators:calculate_bias:500 | 计算 30 日乖离率完成
2026-03-21 08:28:34 | INFO     | src.indicators.technical_indicators:calculate_ma:133 | 计算 60 日移动平均线完成
2026-03-21 08:28:34 | INFO     | src.indicators.technical_indicators:calculate_bias:500 | 计算 60 日乖离率完成
2026-03-21 08:28:34 | INFO     | src.indicators.technical_indicators:calculate_ma:133 | 计算 120 日移动平均线完成
2026-03-21 08:28:34 | INFO     | src.indicators.technical_indicators:calculate_bias:500 | 计算 120 日乖离率完成
2026-03-21 08:28:34 | INFO     | src.indicators.technical_indicators:calculate_ma:133 | 计算 250 日移动平均线完成
2026-03-21 08:28:34 | INFO     | src.indicators.technical_indicators:calculate_bias:500 | 计算 250 日乖离率完成
2026-03-21 08:28:34 | INFO     | src.indicators.technical_indicators:calculate_psy:523 | 计算 10 日心理线完成
2026-03-21 08:28:34 | INFO     | src.indicators.technical_indicators:calculate_all:640 | 完成计算 48 个技术指标
2026-03-21 08:28:34 | INFO     | src.core.data_fetcher:save_data:589 | 保存数据到 csv 文件: 002846_with_indicators
2026-03-21 08:28:34 | INFO     | src.core.data_fetcher:save_data:610 | 数据保存成功: ./data\002846_with_indicators.csv
2026-03-21 08:28:34 | INFO     | __main__:process_single_fund:142 |   对股票 002846 进行信号判断
2026-03-21 08:28:34 | INFO     | src.core.data_fetcher:save_data:589 | 保存数据到 csv 文件: 002846_signals
2026-03-21 08:28:34 | INFO     | src.core.data_fetcher:save_data:610 | 数据保存成功: ./data\002846_signals.csv
2026-03-21 08:28:34 | INFO     | __main__:process_single_fund:170 |   股票 002846 信号判断完成: 持有 (得分: 0.000)
2026-03-21 08:28:34 | INFO     | src.indicators.technical_indicators:calculate_ma:133 | 计算 5 日移动平均线完成
2026-03-21 08:28:34 | INFO     | src.indicators.technical_indicators:calculate_ma:133 | 计算 10 日移动平均线完成
2026-03-21 08:28:34 | INFO     | src.indicators.technical_indicators:calculate_ma:133 | 计算 20 日移动平均线完成
2026-03-21 08:28:34 | INFO     | src.indicators.technical_indicators:calculate_ma:133 | 计算 30 日移动平均线完成
2026-03-21 08:28:34 | INFO     | src.indicators.technical_indicators:calculate_ma:133 | 计算 60 日移动平均线完成
2026-03-21 08:28:34 | INFO     | src.indicators.technical_indicators:calculate_ma:133 | 计算 120 日移动平均线完成
2026-03-21 08:28:34 | INFO     | src.indicators.technical_indicators:calculate_ma:133 | 计算 250 日移动平均线完成
2026-03-21 08:28:34 | INFO     | src.indicators.technical_indicators:calculate_sma:157 | 计算 5 日简单移动平均线完成
2026-03-21 08:28:34 | INFO     | src.indicators.technical_indicators:calculate_sma:157 | 计算 10 日简单移动平均线完成
2026-03-21 08:28:34 | INFO     | src.indicators.technical_indicators:calculate_sma:157 | 计算 20 日简单移动平均线完成
2026-03-21 08:28:34 | INFO     | src.indicators.technical_indicators:calculate_sma:157 | 计算 30 日简单移动平均线完成
2026-03-21 08:28:34 | INFO     | src.indicators.technical_indicators:calculate_sma:157 | 计算 60 日简单移动平均线完成
2026-03-21 08:28:34 | INFO     | src.indicators.technical_indicators:calculate_sma:157 | 计算 120 日简单移动平均线完成
2026-03-21 08:28:34 | INFO     | src.indicators.technical_indicators:calculate_sma:157 | 计算 250 日简单移动平均线完成
2026-03-21 08:28:34 | INFO     | src.indicators.technical_indicators:calculate_ema:182 | 计算 12 日指数移动平均线完成
2026-03-21 08:28:34 | INFO     | src.indicators.technical_indicators:calculate_ema:182 | 计算 26 日指数移动平均线完成
2026-03-21 08:28:34 | INFO     | src.indicators.technical_indicators:calculate_rsi:221 | 计算 6 日RSI完成
2026-03-21 08:28:34 | INFO     | src.indicators.technical_indicators:calculate_rsi:221 | 计算 12 日RSI完成
2026-03-21 08:28:34 | INFO     | src.indicators.technical_indicators:calculate_rsi:221 | 计算 24 日RSI完成
2026-03-21 08:28:34 | INFO     | src.indicators.technical_indicators:calculate_macd:263 | 计算MACD完成：快线=12, 慢线=26, 信号线=9
2026-03-21 08:28:34 | INFO     | src.indicators.technical_indicators:calculate_macd:263 | 计算MACD完成：快线=12, 慢线=26, 信号线=12
2026-03-21 08:28:34 | INFO     | src.indicators.technical_indicators:calculate_boll:303 | 计算布林带完成：周期=20, 标准差倍数=2
2026-03-21 08:28:34 | INFO     | src.indicators.technical_indicators:calculate_boll:303 | 计算布林带完成：周期=26, 标准差倍数=2
2026-03-21 08:28:34 | INFO     | src.indicators.technical_indicators:calculate_kdj:350 | 计算KDJ完成：K周期=9, D周期=3, J周期=3
2026-03-21 08:28:34 | INFO     | src.indicators.technical_indicators:calculate_kdj:350 | 计算KDJ完成：K周期=10, D周期=3, J周期=3
2026-03-21 08:28:34 | INFO     | src.indicators.technical_indicators:calculate_atr:385 | 计算 10 日ATR完成
2026-03-21 08:28:34 | INFO     | src.indicators.technical_indicators:calculate_cci:446 | 计算 20 日CCI完成
2026-03-21 08:28:34 | INFO     | src.indicators.technical_indicators:calculate_williams_r:476 | 计算 10 日威廉指标完成
2026-03-21 08:28:34 | INFO     | src.indicators.technical_indicators:calculate_ma:133 | 计算 5 日移动平均线完成
2026-03-21 08:28:34 | INFO     | src.indicators.technical_indicators:calculate_bias:500 | 计算 5 日乖离率完成
2026-03-21 08:28:34 | INFO     | src.indicators.technical_indicators:calculate_ma:133 | 计算 10 日移动平均线完成
2026-03-21 08:28:34 | INFO     | src.indicators.technical_indicators:calculate_bias:500 | 计算 10 日乖离率完成
2026-03-21 08:28:34 | INFO     | src.indicators.technical_indicators:calculate_ma:133 | 计算 20 日移动平均线完成
2026-03-21 08:28:34 | INFO     | src.indicators.technical_indicators:calculate_bias:500 | 计算 20 日乖离率完成
2026-03-21 08:28:34 | INFO     | src.indicators.technical_indicators:calculate_ma:133 | 计算 30 日移动平均线完成
2026-03-21 08:28:34 | INFO     | src.indicators.technical_indicators:calculate_bias:500 | 计算 30 日乖离率完成
2026-03-21 08:28:34 | INFO     | src.indicators.technical_indicators:calculate_ma:133 | 计算 60 日移动平均线完成
2026-03-21 08:28:34 | INFO     | src.indicators.technical_indicators:calculate_bias:500 | 计算 60 日乖离率完成
2026-03-21 08:28:34 | INFO     | src.indicators.technical_indicators:calculate_ma:133 | 计算 120 日移动平均线完成
2026-03-21 08:28:34 | INFO     | src.indicators.technical_indicators:calculate_bias:500 | 计算 120 日乖离率完成
2026-03-21 08:28:34 | INFO     | src.indicators.technical_indicators:calculate_ma:133 | 计算 250 日移动平均线完成
2026-03-21 08:28:34 | INFO     | src.indicators.technical_indicators:calculate_bias:500 | 计算 250 日乖离率完成
2026-03-21 08:28:34 | INFO     | src.indicators.technical_indicators:calculate_psy:523 | 计算 10 日心理线完成
2026-03-21 08:28:34 | INFO     | src.indicators.technical_indicators:calculate_all:640 | 完成计算 48 个技术指标
2026-03-21 08:28:34 | INFO     | src.core.data_fetcher:save_data:589 | 保存数据到 csv 文件: 300092_with_indicators
2026-03-21 08:28:34 | INFO     | src.core.data_fetcher:save_data:610 | 数据保存成功: ./data\300092_with_indicators.csv
2026-03-21 08:28:34 | INFO     | __main__:process_single_fund:142 |   对股票 300092 进行信号判断
2026-03-21 08:28:34 | INFO     | src.core.data_fetcher:save_data:589 | 保存数据到 csv 文件: 300092_signals
2026-03-21 08:28:34 | INFO     | src.core.data_fetcher:save_data:610 | 数据保存成功: ./data\300092_signals.csv
2026-03-21 08:28:34 | INFO     | __main__:process_single_fund:170 |   股票 300092 信号判断完成: 持有 (得分: -0.120)
2026-03-21 08:28:34 | INFO     | __main__:process_single_fund:191 | 步骤5: 生成汇总报告
2026-03-21 08:28:34 | INFO     | __main__:process_single_fund:195 | ============================================================
2026-03-21 08:28:34 | INFO     | __main__:process_single_fund:196 | 基金 005538 处理完成!
2026-03-21 08:28:34 | INFO     | __main__:process_single_fund:197 | 总股票数: 10
2026-03-21 08:28:34 | INFO     | __main__:process_single_fund:198 | 成功: 10
2026-03-21 08:28:34 | INFO     | __main__:process_single_fund:199 | 失败: 0
2026-03-21 08:28:34 | INFO     | __main__:process_single_fund:200 | ============================================================
2026-03-21 08:28:34 | INFO     | __main__:process_single_fund:209 | 基金 005538 的所有技术指标已保存为 CSV 文件
2026-03-21 08:28:35 | DEBUG    | src.notify.channels.ntfy:send:87 | ntfy 消息发送成功: ✅ 基金 {fund_code} 分析完成
得分: {score:.3f}
建议: {recomme...
2026-03-21 08:28:35 | DEBUG    | src.notify.base:send_with_retry:126 | 通知器 ntfy 发送成功
2026-03-21 08:28:35 | DEBUG    | src.notify.manager:send:140 | 消息发送成功到渠道 ntfy
2026-03-21 08:28:35 | INFO     | __main__:run_technical_workflow:653 | 基金 005538 处理完成
2026-03-21 08:28:35 | INFO     | __main__:run_technical_workflow:654 | ============================================================

2026-03-21 08:28:35 | INFO     | __main__:run_technical_workflow:646 | 
============================================================
2026-03-21 08:28:35 | INFO     | __main__:run_technical_workflow:647 | 开始处理基金: 015790
2026-03-21 08:28:35 | INFO     | __main__:run_technical_workflow:648 | ============================================================
2026-03-21 08:28:35 | INFO     | __main__:process_single_fund:46 | 开始处理基金 015790 的持仓股票技术指标计算
2026-03-21 08:28:36 | DEBUG    | src.notify.channels.ntfy:send:87 | ntfy 消息发送成功: 🔍 开始分析基金 {fund_code}...
2026-03-21 08:28:36 | DEBUG    | src.notify.base:send_with_retry:126 | 通知器 ntfy 发送成功
2026-03-21 08:28:36 | DEBUG    | src.notify.manager:send:140 | 消息发送成功到渠道 ntfy
2026-03-21 08:28:36 | INFO     | __main__:process_single_fund:53 | 步骤1: 获取基金持仓数据
2026-03-21 08:28:36 | INFO     | src.core.data_fetcher:inner:463 | 获取基金 015790 持仓
2026-03-21 08:28:37 | INFO     | __main__:process_single_fund:61 | 步骤2: 过滤最新季度数据
2026-03-21 08:28:37 | INFO     | src.analysis.quarter_filter:filter_latest_quarter_data:62 | 识别到最新季度: 2025年Q4
2026-03-21 08:28:37 | INFO     | src.analysis.quarter_filter:filter_latest_quarter_data:76 | 过滤结果: 从 98 条记录中筛选出 10 条最新季度数据
2026-03-21 08:28:37 | INFO     | __main__:process_single_fund:65 | 最新季度持仓股票数量: 10
2026-03-21 08:28:37 | INFO     | __main__:process_single_fund:66 | 股票代码列表: ['600118', '301005', '605598', '601698', '600879', '300342', '300136', '002149', '300762', '002565']
2026-03-21 08:28:37 | INFO     | __main__:process_single_fund:69 | 步骤3: 批量处理股票数据
2026-03-21 08:28:37 | INFO     | src.data.reader:list_files:221 | 在 data\stock_data 中找到 30 个文件
2026-03-21 08:28:37 | INFO     | src.data.reader:list_stock_files:241 | 找到 30 个股票数据文件
2026-03-21 08:28:37 | INFO     | src.data.reader:read_csv:53 | 读取CSV文件: data\stock_data\600118_kline.csv
2026-03-21 08:28:37 | INFO     | src.data.reader:read_csv:57 | 成功读取 1260 行数据
2026-03-21 08:28:37 | INFO     | src.data.reader:list_files:221 | 在 data\stock_data 中找到 30 个文件
2026-03-21 08:28:37 | INFO     | src.data.reader:list_stock_files:241 | 找到 30 个股票数据文件
2026-03-21 08:28:37 | INFO     | src.data.reader:read_csv:53 | 读取CSV文件: data\stock_data\301005_kline.csv
2026-03-21 08:28:37 | INFO     | src.data.reader:read_csv:57 | 成功读取 1163 行数据
2026-03-21 08:28:37 | INFO     | src.data.reader:list_files:221 | 在 data\stock_data 中找到 30 个文件
2026-03-21 08:28:37 | INFO     | src.data.reader:list_stock_files:241 | 找到 30 个股票数据文件
2026-03-21 08:28:37 | INFO     | src.data.reader:read_csv:53 | 读取CSV文件: data\stock_data\605598_kline.csv
2026-03-21 08:28:37 | INFO     | src.data.reader:read_csv:57 | 成功读取 1086 行数据
2026-03-21 08:28:37 | INFO     | src.data.reader:list_files:221 | 在 data\stock_data 中找到 30 个文件
2026-03-21 08:28:37 | INFO     | src.data.reader:list_stock_files:241 | 找到 30 个股票数据文件
2026-03-21 08:28:37 | INFO     | src.data.reader:read_csv:53 | 读取CSV文件: data\stock_data\601698_kline.csv
2026-03-21 08:28:37 | INFO     | src.data.reader:read_csv:57 | 成功读取 1260 行数据
2026-03-21 08:28:37 | INFO     | src.data.reader:list_files:221 | 在 data\stock_data 中找到 30 个文件
2026-03-21 08:28:37 | INFO     | src.data.reader:list_stock_files:241 | 找到 30 个股票数据文件
2026-03-21 08:28:37 | INFO     | src.data.reader:read_csv:53 | 读取CSV文件: data\stock_data\600879_kline.csv
2026-03-21 08:28:37 | INFO     | src.data.reader:read_csv:57 | 成功读取 1260 行数据
2026-03-21 08:28:37 | INFO     | src.data.reader:list_files:221 | 在 data\stock_data 中找到 30 个文件
2026-03-21 08:28:37 | INFO     | src.data.reader:list_stock_files:241 | 找到 30 个股票数据文件
2026-03-21 08:28:37 | INFO     | src.data.reader:read_csv:53 | 读取CSV文件: data\stock_data\300342_kline.csv
2026-03-21 08:28:37 | INFO     | src.data.reader:read_csv:57 | 成功读取 1260 行数据
2026-03-21 08:28:37 | INFO     | src.data.reader:list_files:221 | 在 data\stock_data 中找到 30 个文件
2026-03-21 08:28:37 | INFO     | src.data.reader:list_stock_files:241 | 找到 30 个股票数据文件
2026-03-21 08:28:37 | INFO     | src.data.reader:read_csv:53 | 读取CSV文件: data\stock_data\300136_kline.csv
2026-03-21 08:28:37 | INFO     | src.data.reader:read_csv:57 | 成功读取 1260 行数据
2026-03-21 08:28:37 | INFO     | src.data.reader:list_files:221 | 在 data\stock_data 中找到 30 个文件
2026-03-21 08:28:37 | INFO     | src.data.reader:list_stock_files:241 | 找到 30 个股票数据文件
2026-03-21 08:28:37 | INFO     | src.data.reader:read_csv:53 | 读取CSV文件: data\stock_data\002149_kline.csv
2026-03-21 08:28:37 | INFO     | src.data.reader:read_csv:57 | 成功读取 1260 行数据
2026-03-21 08:28:37 | INFO     | src.data.reader:list_files:221 | 在 data\stock_data 中找到 30 个文件
2026-03-21 08:28:37 | INFO     | src.data.reader:list_stock_files:241 | 找到 30 个股票数据文件
2026-03-21 08:28:37 | INFO     | src.data.reader:read_csv:53 | 读取CSV文件: data\stock_data\300762_kline.csv
2026-03-21 08:28:37 | INFO     | src.data.reader:read_csv:57 | 成功读取 1260 行数据
2026-03-21 08:28:37 | INFO     | src.data.reader:list_files:221 | 在 data\stock_data 中找到 30 个文件
2026-03-21 08:28:37 | INFO     | src.data.reader:list_stock_files:241 | 找到 30 个股票数据文件
2026-03-21 08:28:37 | INFO     | src.data.reader:read_csv:53 | 读取CSV文件: data\stock_data\002565_kline.csv
2026-03-21 08:28:37 | INFO     | src.data.reader:read_csv:57 | 成功读取 1260 行数据
2026-03-21 08:28:37 | INFO     | __main__:process_single_fund:109 | 成功获取 10 只股票的数据
2026-03-21 08:28:37 | INFO     | __main__:process_single_fund:116 | 步骤4: 计算技术指标
2026-03-21 08:28:37 | INFO     | src.indicators.technical_indicators:calculate_ma:133 | 计算 5 日移动平均线完成
2026-03-21 08:28:37 | INFO     | src.indicators.technical_indicators:calculate_ma:133 | 计算 10 日移动平均线完成
2026-03-21 08:28:37 | INFO     | src.indicators.technical_indicators:calculate_ma:133 | 计算 20 日移动平均线完成
2026-03-21 08:28:37 | INFO     | src.indicators.technical_indicators:calculate_ma:133 | 计算 30 日移动平均线完成
2026-03-21 08:28:37 | INFO     | src.indicators.technical_indicators:calculate_ma:133 | 计算 60 日移动平均线完成
2026-03-21 08:28:37 | INFO     | src.indicators.technical_indicators:calculate_ma:133 | 计算 120 日移动平均线完成
2026-03-21 08:28:37 | INFO     | src.indicators.technical_indicators:calculate_ma:133 | 计算 250 日移动平均线完成
2026-03-21 08:28:37 | INFO     | src.indicators.technical_indicators:calculate_sma:157 | 计算 5 日简单移动平均线完成
2026-03-21 08:28:37 | INFO     | src.indicators.technical_indicators:calculate_sma:157 | 计算 10 日简单移动平均线完成
2026-03-21 08:28:37 | INFO     | src.indicators.technical_indicators:calculate_sma:157 | 计算 20 日简单移动平均线完成
2026-03-21 08:28:37 | INFO     | src.indicators.technical_indicators:calculate_sma:157 | 计算 30 日简单移动平均线完成
2026-03-21 08:28:37 | INFO     | src.indicators.technical_indicators:calculate_sma:157 | 计算 60 日简单移动平均线完成
2026-03-21 08:28:37 | INFO     | src.indicators.technical_indicators:calculate_sma:157 | 计算 120 日简单移动平均线完成
2026-03-21 08:28:37 | INFO     | src.indicators.technical_indicators:calculate_sma:157 | 计算 250 日简单移动平均线完成
2026-03-21 08:28:37 | INFO     | src.indicators.technical_indicators:calculate_ema:182 | 计算 12 日指数移动平均线完成
2026-03-21 08:28:37 | INFO     | src.indicators.technical_indicators:calculate_ema:182 | 计算 26 日指数移动平均线完成
2026-03-21 08:28:37 | INFO     | src.indicators.technical_indicators:calculate_rsi:221 | 计算 6 日RSI完成
2026-03-21 08:28:37 | INFO     | src.indicators.technical_indicators:calculate_rsi:221 | 计算 12 日RSI完成
2026-03-21 08:28:37 | INFO     | src.indicators.technical_indicators:calculate_rsi:221 | 计算 24 日RSI完成
2026-03-21 08:28:37 | INFO     | src.indicators.technical_indicators:calculate_macd:263 | 计算MACD完成：快线=12, 慢线=26, 信号线=9
2026-03-21 08:28:37 | INFO     | src.indicators.technical_indicators:calculate_macd:263 | 计算MACD完成：快线=12, 慢线=26, 信号线=12
2026-03-21 08:28:37 | INFO     | src.indicators.technical_indicators:calculate_boll:303 | 计算布林带完成：周期=20, 标准差倍数=2
2026-03-21 08:28:37 | INFO     | src.indicators.technical_indicators:calculate_boll:303 | 计算布林带完成：周期=26, 标准差倍数=2
2026-03-21 08:28:37 | INFO     | src.indicators.technical_indicators:calculate_kdj:350 | 计算KDJ完成：K周期=9, D周期=3, J周期=3
2026-03-21 08:28:37 | INFO     | src.indicators.technical_indicators:calculate_kdj:350 | 计算KDJ完成：K周期=10, D周期=3, J周期=3
2026-03-21 08:28:37 | INFO     | src.indicators.technical_indicators:calculate_atr:385 | 计算 10 日ATR完成
2026-03-21 08:28:37 | INFO     | src.indicators.technical_indicators:calculate_cci:446 | 计算 20 日CCI完成
2026-03-21 08:28:37 | INFO     | src.indicators.technical_indicators:calculate_williams_r:476 | 计算 10 日威廉指标完成
2026-03-21 08:28:37 | INFO     | src.indicators.technical_indicators:calculate_ma:133 | 计算 5 日移动平均线完成
2026-03-21 08:28:37 | INFO     | src.indicators.technical_indicators:calculate_bias:500 | 计算 5 日乖离率完成
2026-03-21 08:28:37 | INFO     | src.indicators.technical_indicators:calculate_ma:133 | 计算 10 日移动平均线完成
2026-03-21 08:28:37 | INFO     | src.indicators.technical_indicators:calculate_bias:500 | 计算 10 日乖离率完成
2026-03-21 08:28:37 | INFO     | src.indicators.technical_indicators:calculate_ma:133 | 计算 20 日移动平均线完成
2026-03-21 08:28:37 | INFO     | src.indicators.technical_indicators:calculate_bias:500 | 计算 20 日乖离率完成
2026-03-21 08:28:37 | INFO     | src.indicators.technical_indicators:calculate_ma:133 | 计算 30 日移动平均线完成
2026-03-21 08:28:37 | INFO     | src.indicators.technical_indicators:calculate_bias:500 | 计算 30 日乖离率完成
2026-03-21 08:28:37 | INFO     | src.indicators.technical_indicators:calculate_ma:133 | 计算 60 日移动平均线完成
2026-03-21 08:28:37 | INFO     | src.indicators.technical_indicators:calculate_bias:500 | 计算 60 日乖离率完成
2026-03-21 08:28:37 | INFO     | src.indicators.technical_indicators:calculate_ma:133 | 计算 120 日移动平均线完成
2026-03-21 08:28:37 | INFO     | src.indicators.technical_indicators:calculate_bias:500 | 计算 120 日乖离率完成
2026-03-21 08:28:37 | INFO     | src.indicators.technical_indicators:calculate_ma:133 | 计算 250 日移动平均线完成
2026-03-21 08:28:37 | INFO     | src.indicators.technical_indicators:calculate_bias:500 | 计算 250 日乖离率完成
2026-03-21 08:28:37 | INFO     | src.indicators.technical_indicators:calculate_psy:523 | 计算 10 日心理线完成
2026-03-21 08:28:37 | INFO     | src.indicators.technical_indicators:calculate_all:640 | 完成计算 48 个技术指标
2026-03-21 08:28:37 | INFO     | src.core.data_fetcher:save_data:589 | 保存数据到 csv 文件: 600118_with_indicators
2026-03-21 08:28:37 | INFO     | src.core.data_fetcher:save_data:610 | 数据保存成功: ./data\600118_with_indicators.csv
2026-03-21 08:28:37 | INFO     | __main__:process_single_fund:142 |   对股票 600118 进行信号判断
2026-03-21 08:28:37 | INFO     | src.core.data_fetcher:save_data:589 | 保存数据到 csv 文件: 600118_signals
2026-03-21 08:28:37 | INFO     | src.core.data_fetcher:save_data:610 | 数据保存成功: ./data\600118_signals.csv
2026-03-21 08:28:37 | INFO     | __main__:process_single_fund:170 |   股票 600118 信号判断完成: 持有 (得分: 0.051)
2026-03-21 08:28:37 | INFO     | src.indicators.technical_indicators:calculate_ma:133 | 计算 5 日移动平均线完成
2026-03-21 08:28:37 | INFO     | src.indicators.technical_indicators:calculate_ma:133 | 计算 10 日移动平均线完成
2026-03-21 08:28:37 | INFO     | src.indicators.technical_indicators:calculate_ma:133 | 计算 20 日移动平均线完成
2026-03-21 08:28:37 | INFO     | src.indicators.technical_indicators:calculate_ma:133 | 计算 30 日移动平均线完成
2026-03-21 08:28:37 | INFO     | src.indicators.technical_indicators:calculate_ma:133 | 计算 60 日移动平均线完成
2026-03-21 08:28:37 | INFO     | src.indicators.technical_indicators:calculate_ma:133 | 计算 120 日移动平均线完成
2026-03-21 08:28:37 | INFO     | src.indicators.technical_indicators:calculate_ma:133 | 计算 250 日移动平均线完成
2026-03-21 08:28:37 | INFO     | src.indicators.technical_indicators:calculate_sma:157 | 计算 5 日简单移动平均线完成
2026-03-21 08:28:37 | INFO     | src.indicators.technical_indicators:calculate_sma:157 | 计算 10 日简单移动平均线完成
2026-03-21 08:28:37 | INFO     | src.indicators.technical_indicators:calculate_sma:157 | 计算 20 日简单移动平均线完成
2026-03-21 08:28:37 | INFO     | src.indicators.technical_indicators:calculate_sma:157 | 计算 30 日简单移动平均线完成
2026-03-21 08:28:37 | INFO     | src.indicators.technical_indicators:calculate_sma:157 | 计算 60 日简单移动平均线完成
2026-03-21 08:28:37 | INFO     | src.indicators.technical_indicators:calculate_sma:157 | 计算 120 日简单移动平均线完成
2026-03-21 08:28:37 | INFO     | src.indicators.technical_indicators:calculate_sma:157 | 计算 250 日简单移动平均线完成
2026-03-21 08:28:37 | INFO     | src.indicators.technical_indicators:calculate_ema:182 | 计算 12 日指数移动平均线完成
2026-03-21 08:28:37 | INFO     | src.indicators.technical_indicators:calculate_ema:182 | 计算 26 日指数移动平均线完成
2026-03-21 08:28:37 | INFO     | src.indicators.technical_indicators:calculate_rsi:221 | 计算 6 日RSI完成
2026-03-21 08:28:37 | INFO     | src.indicators.technical_indicators:calculate_rsi:221 | 计算 12 日RSI完成
2026-03-21 08:28:37 | INFO     | src.indicators.technical_indicators:calculate_rsi:221 | 计算 24 日RSI完成
2026-03-21 08:28:37 | INFO     | src.indicators.technical_indicators:calculate_macd:263 | 计算MACD完成：快线=12, 慢线=26, 信号线=9
2026-03-21 08:28:37 | INFO     | src.indicators.technical_indicators:calculate_macd:263 | 计算MACD完成：快线=12, 慢线=26, 信号线=12
2026-03-21 08:28:37 | INFO     | src.indicators.technical_indicators:calculate_boll:303 | 计算布林带完成：周期=20, 标准差倍数=2
2026-03-21 08:28:37 | INFO     | src.indicators.technical_indicators:calculate_boll:303 | 计算布林带完成：周期=26, 标准差倍数=2
2026-03-21 08:28:37 | INFO     | src.indicators.technical_indicators:calculate_kdj:350 | 计算KDJ完成：K周期=9, D周期=3, J周期=3
2026-03-21 08:28:37 | INFO     | src.indicators.technical_indicators:calculate_kdj:350 | 计算KDJ完成：K周期=10, D周期=3, J周期=3
2026-03-21 08:28:37 | INFO     | src.indicators.technical_indicators:calculate_atr:385 | 计算 10 日ATR完成
2026-03-21 08:28:37 | INFO     | src.indicators.technical_indicators:calculate_cci:446 | 计算 20 日CCI完成
2026-03-21 08:28:37 | INFO     | src.indicators.technical_indicators:calculate_williams_r:476 | 计算 10 日威廉指标完成
2026-03-21 08:28:37 | INFO     | src.indicators.technical_indicators:calculate_ma:133 | 计算 5 日移动平均线完成
2026-03-21 08:28:37 | INFO     | src.indicators.technical_indicators:calculate_bias:500 | 计算 5 日乖离率完成
2026-03-21 08:28:37 | INFO     | src.indicators.technical_indicators:calculate_ma:133 | 计算 10 日移动平均线完成
2026-03-21 08:28:37 | INFO     | src.indicators.technical_indicators:calculate_bias:500 | 计算 10 日乖离率完成
2026-03-21 08:28:37 | INFO     | src.indicators.technical_indicators:calculate_ma:133 | 计算 20 日移动平均线完成
2026-03-21 08:28:37 | INFO     | src.indicators.technical_indicators:calculate_bias:500 | 计算 20 日乖离率完成
2026-03-21 08:28:37 | INFO     | src.indicators.technical_indicators:calculate_ma:133 | 计算 30 日移动平均线完成
2026-03-21 08:28:37 | INFO     | src.indicators.technical_indicators:calculate_bias:500 | 计算 30 日乖离率完成
2026-03-21 08:28:37 | INFO     | src.indicators.technical_indicators:calculate_ma:133 | 计算 60 日移动平均线完成
2026-03-21 08:28:37 | INFO     | src.indicators.technical_indicators:calculate_bias:500 | 计算 60 日乖离率完成
2026-03-21 08:28:37 | INFO     | src.indicators.technical_indicators:calculate_ma:133 | 计算 120 日移动平均线完成
2026-03-21 08:28:37 | INFO     | src.indicators.technical_indicators:calculate_bias:500 | 计算 120 日乖离率完成
2026-03-21 08:28:37 | INFO     | src.indicators.technical_indicators:calculate_ma:133 | 计算 250 日移动平均线完成
2026-03-21 08:28:37 | INFO     | src.indicators.technical_indicators:calculate_bias:500 | 计算 250 日乖离率完成
2026-03-21 08:28:37 | INFO     | src.indicators.technical_indicators:calculate_psy:523 | 计算 10 日心理线完成
2026-03-21 08:28:37 | INFO     | src.indicators.technical_indicators:calculate_all:640 | 完成计算 48 个技术指标
2026-03-21 08:28:37 | INFO     | src.core.data_fetcher:save_data:589 | 保存数据到 csv 文件: 301005_with_indicators
2026-03-21 08:28:37 | INFO     | src.core.data_fetcher:save_data:610 | 数据保存成功: ./data\301005_with_indicators.csv
2026-03-21 08:28:37 | INFO     | __main__:process_single_fund:142 |   对股票 301005 进行信号判断
2026-03-21 08:28:37 | INFO     | src.core.data_fetcher:save_data:589 | 保存数据到 csv 文件: 301005_signals
2026-03-21 08:28:37 | INFO     | src.core.data_fetcher:save_data:610 | 数据保存成功: ./data\301005_signals.csv
2026-03-21 08:28:37 | INFO     | __main__:process_single_fund:170 |   股票 301005 信号判断完成: 持有 (得分: 0.199)
2026-03-21 08:28:37 | INFO     | src.indicators.technical_indicators:calculate_ma:133 | 计算 5 日移动平均线完成
2026-03-21 08:28:37 | INFO     | src.indicators.technical_indicators:calculate_ma:133 | 计算 10 日移动平均线完成
2026-03-21 08:28:37 | INFO     | src.indicators.technical_indicators:calculate_ma:133 | 计算 20 日移动平均线完成
2026-03-21 08:28:37 | INFO     | src.indicators.technical_indicators:calculate_ma:133 | 计算 30 日移动平均线完成
2026-03-21 08:28:37 | INFO     | src.indicators.technical_indicators:calculate_ma:133 | 计算 60 日移动平均线完成
2026-03-21 08:28:37 | INFO     | src.indicators.technical_indicators:calculate_ma:133 | 计算 120 日移动平均线完成
2026-03-21 08:28:37 | INFO     | src.indicators.technical_indicators:calculate_ma:133 | 计算 250 日移动平均线完成
2026-03-21 08:28:37 | INFO     | src.indicators.technical_indicators:calculate_sma:157 | 计算 5 日简单移动平均线完成
2026-03-21 08:28:37 | INFO     | src.indicators.technical_indicators:calculate_sma:157 | 计算 10 日简单移动平均线完成
2026-03-21 08:28:37 | INFO     | src.indicators.technical_indicators:calculate_sma:157 | 计算 20 日简单移动平均线完成
2026-03-21 08:28:37 | INFO     | src.indicators.technical_indicators:calculate_sma:157 | 计算 30 日简单移动平均线完成
2026-03-21 08:28:37 | INFO     | src.indicators.technical_indicators:calculate_sma:157 | 计算 60 日简单移动平均线完成
2026-03-21 08:28:37 | INFO     | src.indicators.technical_indicators:calculate_sma:157 | 计算 120 日简单移动平均线完成
2026-03-21 08:28:37 | INFO     | src.indicators.technical_indicators:calculate_sma:157 | 计算 250 日简单移动平均线完成
2026-03-21 08:28:37 | INFO     | src.indicators.technical_indicators:calculate_ema:182 | 计算 12 日指数移动平均线完成
2026-03-21 08:28:37 | INFO     | src.indicators.technical_indicators:calculate_ema:182 | 计算 26 日指数移动平均线完成
2026-03-21 08:28:37 | INFO     | src.indicators.technical_indicators:calculate_rsi:221 | 计算 6 日RSI完成
2026-03-21 08:28:37 | INFO     | src.indicators.technical_indicators:calculate_rsi:221 | 计算 12 日RSI完成
2026-03-21 08:28:37 | INFO     | src.indicators.technical_indicators:calculate_rsi:221 | 计算 24 日RSI完成
2026-03-21 08:28:37 | INFO     | src.indicators.technical_indicators:calculate_macd:263 | 计算MACD完成：快线=12, 慢线=26, 信号线=9
2026-03-21 08:28:37 | INFO     | src.indicators.technical_indicators:calculate_macd:263 | 计算MACD完成：快线=12, 慢线=26, 信号线=12
2026-03-21 08:28:37 | INFO     | src.indicators.technical_indicators:calculate_boll:303 | 计算布林带完成：周期=20, 标准差倍数=2
2026-03-21 08:28:37 | INFO     | src.indicators.technical_indicators:calculate_boll:303 | 计算布林带完成：周期=26, 标准差倍数=2
2026-03-21 08:28:37 | INFO     | src.indicators.technical_indicators:calculate_kdj:350 | 计算KDJ完成：K周期=9, D周期=3, J周期=3
2026-03-21 08:28:37 | INFO     | src.indicators.technical_indicators:calculate_kdj:350 | 计算KDJ完成：K周期=10, D周期=3, J周期=3
2026-03-21 08:28:37 | INFO     | src.indicators.technical_indicators:calculate_atr:385 | 计算 10 日ATR完成
2026-03-21 08:28:37 | INFO     | src.indicators.technical_indicators:calculate_cci:446 | 计算 20 日CCI完成
2026-03-21 08:28:37 | INFO     | src.indicators.technical_indicators:calculate_williams_r:476 | 计算 10 日威廉指标完成
2026-03-21 08:28:37 | INFO     | src.indicators.technical_indicators:calculate_ma:133 | 计算 5 日移动平均线完成
2026-03-21 08:28:37 | INFO     | src.indicators.technical_indicators:calculate_bias:500 | 计算 5 日乖离率完成
2026-03-21 08:28:37 | INFO     | src.indicators.technical_indicators:calculate_ma:133 | 计算 10 日移动平均线完成
2026-03-21 08:28:37 | INFO     | src.indicators.technical_indicators:calculate_bias:500 | 计算 10 日乖离率完成
2026-03-21 08:28:37 | INFO     | src.indicators.technical_indicators:calculate_ma:133 | 计算 20 日移动平均线完成
2026-03-21 08:28:37 | INFO     | src.indicators.technical_indicators:calculate_bias:500 | 计算 20 日乖离率完成
2026-03-21 08:28:37 | INFO     | src.indicators.technical_indicators:calculate_ma:133 | 计算 30 日移动平均线完成
2026-03-21 08:28:37 | INFO     | src.indicators.technical_indicators:calculate_bias:500 | 计算 30 日乖离率完成
2026-03-21 08:28:37 | INFO     | src.indicators.technical_indicators:calculate_ma:133 | 计算 60 日移动平均线完成
2026-03-21 08:28:37 | INFO     | src.indicators.technical_indicators:calculate_bias:500 | 计算 60 日乖离率完成
2026-03-21 08:28:37 | INFO     | src.indicators.technical_indicators:calculate_ma:133 | 计算 120 日移动平均线完成
2026-03-21 08:28:37 | INFO     | src.indicators.technical_indicators:calculate_bias:500 | 计算 120 日乖离率完成
2026-03-21 08:28:37 | INFO     | src.indicators.technical_indicators:calculate_ma:133 | 计算 250 日移动平均线完成
2026-03-21 08:28:37 | INFO     | src.indicators.technical_indicators:calculate_bias:500 | 计算 250 日乖离率完成
2026-03-21 08:28:37 | INFO     | src.indicators.technical_indicators:calculate_psy:523 | 计算 10 日心理线完成
2026-03-21 08:28:37 | INFO     | src.indicators.technical_indicators:calculate_all:640 | 完成计算 48 个技术指标
2026-03-21 08:28:37 | INFO     | src.core.data_fetcher:save_data:589 | 保存数据到 csv 文件: 605598_with_indicators
2026-03-21 08:28:37 | INFO     | src.core.data_fetcher:save_data:610 | 数据保存成功: ./data\605598_with_indicators.csv
2026-03-21 08:28:37 | INFO     | __main__:process_single_fund:142 |   对股票 605598 进行信号判断
2026-03-21 08:28:37 | INFO     | src.core.data_fetcher:save_data:589 | 保存数据到 csv 文件: 605598_signals
2026-03-21 08:28:37 | INFO     | src.core.data_fetcher:save_data:610 | 数据保存成功: ./data\605598_signals.csv
2026-03-21 08:28:37 | INFO     | __main__:process_single_fund:170 |   股票 605598 信号判断完成: 持有 (得分: -0.054)
2026-03-21 08:28:37 | INFO     | src.indicators.technical_indicators:calculate_ma:133 | 计算 5 日移动平均线完成
2026-03-21 08:28:37 | INFO     | src.indicators.technical_indicators:calculate_ma:133 | 计算 10 日移动平均线完成
2026-03-21 08:28:37 | INFO     | src.indicators.technical_indicators:calculate_ma:133 | 计算 20 日移动平均线完成
2026-03-21 08:28:37 | INFO     | src.indicators.technical_indicators:calculate_ma:133 | 计算 30 日移动平均线完成
2026-03-21 08:28:37 | INFO     | src.indicators.technical_indicators:calculate_ma:133 | 计算 60 日移动平均线完成
2026-03-21 08:28:37 | INFO     | src.indicators.technical_indicators:calculate_ma:133 | 计算 120 日移动平均线完成
2026-03-21 08:28:37 | INFO     | src.indicators.technical_indicators:calculate_ma:133 | 计算 250 日移动平均线完成
2026-03-21 08:28:37 | INFO     | src.indicators.technical_indicators:calculate_sma:157 | 计算 5 日简单移动平均线完成
2026-03-21 08:28:37 | INFO     | src.indicators.technical_indicators:calculate_sma:157 | 计算 10 日简单移动平均线完成
2026-03-21 08:28:37 | INFO     | src.indicators.technical_indicators:calculate_sma:157 | 计算 20 日简单移动平均线完成
2026-03-21 08:28:37 | INFO     | src.indicators.technical_indicators:calculate_sma:157 | 计算 30 日简单移动平均线完成
2026-03-21 08:28:37 | INFO     | src.indicators.technical_indicators:calculate_sma:157 | 计算 60 日简单移动平均线完成
2026-03-21 08:28:37 | INFO     | src.indicators.technical_indicators:calculate_sma:157 | 计算 120 日简单移动平均线完成
2026-03-21 08:28:37 | INFO     | src.indicators.technical_indicators:calculate_sma:157 | 计算 250 日简单移动平均线完成
2026-03-21 08:28:37 | INFO     | src.indicators.technical_indicators:calculate_ema:182 | 计算 12 日指数移动平均线完成
2026-03-21 08:28:37 | INFO     | src.indicators.technical_indicators:calculate_ema:182 | 计算 26 日指数移动平均线完成
2026-03-21 08:28:37 | INFO     | src.indicators.technical_indicators:calculate_rsi:221 | 计算 6 日RSI完成
2026-03-21 08:28:37 | INFO     | src.indicators.technical_indicators:calculate_rsi:221 | 计算 12 日RSI完成
2026-03-21 08:28:37 | INFO     | src.indicators.technical_indicators:calculate_rsi:221 | 计算 24 日RSI完成
2026-03-21 08:28:37 | INFO     | src.indicators.technical_indicators:calculate_macd:263 | 计算MACD完成：快线=12, 慢线=26, 信号线=9
2026-03-21 08:28:37 | INFO     | src.indicators.technical_indicators:calculate_macd:263 | 计算MACD完成：快线=12, 慢线=26, 信号线=12
2026-03-21 08:28:37 | INFO     | src.indicators.technical_indicators:calculate_boll:303 | 计算布林带完成：周期=20, 标准差倍数=2
2026-03-21 08:28:37 | INFO     | src.indicators.technical_indicators:calculate_boll:303 | 计算布林带完成：周期=26, 标准差倍数=2
2026-03-21 08:28:37 | INFO     | src.indicators.technical_indicators:calculate_kdj:350 | 计算KDJ完成：K周期=9, D周期=3, J周期=3
2026-03-21 08:28:37 | INFO     | src.indicators.technical_indicators:calculate_kdj:350 | 计算KDJ完成：K周期=10, D周期=3, J周期=3
2026-03-21 08:28:37 | INFO     | src.indicators.technical_indicators:calculate_atr:385 | 计算 10 日ATR完成
2026-03-21 08:28:37 | INFO     | src.indicators.technical_indicators:calculate_cci:446 | 计算 20 日CCI完成
2026-03-21 08:28:37 | INFO     | src.indicators.technical_indicators:calculate_williams_r:476 | 计算 10 日威廉指标完成
2026-03-21 08:28:37 | INFO     | src.indicators.technical_indicators:calculate_ma:133 | 计算 5 日移动平均线完成
2026-03-21 08:28:37 | INFO     | src.indicators.technical_indicators:calculate_bias:500 | 计算 5 日乖离率完成
2026-03-21 08:28:37 | INFO     | src.indicators.technical_indicators:calculate_ma:133 | 计算 10 日移动平均线完成
2026-03-21 08:28:37 | INFO     | src.indicators.technical_indicators:calculate_bias:500 | 计算 10 日乖离率完成
2026-03-21 08:28:37 | INFO     | src.indicators.technical_indicators:calculate_ma:133 | 计算 20 日移动平均线完成
2026-03-21 08:28:37 | INFO     | src.indicators.technical_indicators:calculate_bias:500 | 计算 20 日乖离率完成
2026-03-21 08:28:37 | INFO     | src.indicators.technical_indicators:calculate_ma:133 | 计算 30 日移动平均线完成
2026-03-21 08:28:37 | INFO     | src.indicators.technical_indicators:calculate_bias:500 | 计算 30 日乖离率完成
2026-03-21 08:28:37 | INFO     | src.indicators.technical_indicators:calculate_ma:133 | 计算 60 日移动平均线完成
2026-03-21 08:28:37 | INFO     | src.indicators.technical_indicators:calculate_bias:500 | 计算 60 日乖离率完成
2026-03-21 08:28:37 | INFO     | src.indicators.technical_indicators:calculate_ma:133 | 计算 120 日移动平均线完成
2026-03-21 08:28:37 | INFO     | src.indicators.technical_indicators:calculate_bias:500 | 计算 120 日乖离率完成
2026-03-21 08:28:37 | INFO     | src.indicators.technical_indicators:calculate_ma:133 | 计算 250 日移动平均线完成
2026-03-21 08:28:37 | INFO     | src.indicators.technical_indicators:calculate_bias:500 | 计算 250 日乖离率完成
2026-03-21 08:28:37 | INFO     | src.indicators.technical_indicators:calculate_psy:523 | 计算 10 日心理线完成
2026-03-21 08:28:37 | INFO     | src.indicators.technical_indicators:calculate_all:640 | 完成计算 48 个技术指标
2026-03-21 08:28:37 | INFO     | src.core.data_fetcher:save_data:589 | 保存数据到 csv 文件: 601698_with_indicators
2026-03-21 08:28:37 | INFO     | src.core.data_fetcher:save_data:610 | 数据保存成功: ./data\601698_with_indicators.csv
2026-03-21 08:28:37 | INFO     | __main__:process_single_fund:142 |   对股票 601698 进行信号判断
2026-03-21 08:28:38 | INFO     | src.core.data_fetcher:save_data:589 | 保存数据到 csv 文件: 601698_signals
2026-03-21 08:28:38 | INFO     | src.core.data_fetcher:save_data:610 | 数据保存成功: ./data\601698_signals.csv
2026-03-21 08:28:38 | INFO     | __main__:process_single_fund:170 |   股票 601698 信号判断完成: 持有 (得分: 0.053)
2026-03-21 08:28:38 | INFO     | src.indicators.technical_indicators:calculate_ma:133 | 计算 5 日移动平均线完成
2026-03-21 08:28:38 | INFO     | src.indicators.technical_indicators:calculate_ma:133 | 计算 10 日移动平均线完成
2026-03-21 08:28:38 | INFO     | src.indicators.technical_indicators:calculate_ma:133 | 计算 20 日移动平均线完成
2026-03-21 08:28:38 | INFO     | src.indicators.technical_indicators:calculate_ma:133 | 计算 30 日移动平均线完成
2026-03-21 08:28:38 | INFO     | src.indicators.technical_indicators:calculate_ma:133 | 计算 60 日移动平均线完成
2026-03-21 08:28:38 | INFO     | src.indicators.technical_indicators:calculate_ma:133 | 计算 120 日移动平均线完成
2026-03-21 08:28:38 | INFO     | src.indicators.technical_indicators:calculate_ma:133 | 计算 250 日移动平均线完成
2026-03-21 08:28:38 | INFO     | src.indicators.technical_indicators:calculate_sma:157 | 计算 5 日简单移动平均线完成
2026-03-21 08:28:38 | INFO     | src.indicators.technical_indicators:calculate_sma:157 | 计算 10 日简单移动平均线完成
2026-03-21 08:28:38 | INFO     | src.indicators.technical_indicators:calculate_sma:157 | 计算 20 日简单移动平均线完成
2026-03-21 08:28:38 | INFO     | src.indicators.technical_indicators:calculate_sma:157 | 计算 30 日简单移动平均线完成
2026-03-21 08:28:38 | INFO     | src.indicators.technical_indicators:calculate_sma:157 | 计算 60 日简单移动平均线完成
2026-03-21 08:28:38 | INFO     | src.indicators.technical_indicators:calculate_sma:157 | 计算 120 日简单移动平均线完成
2026-03-21 08:28:38 | INFO     | src.indicators.technical_indicators:calculate_sma:157 | 计算 250 日简单移动平均线完成
2026-03-21 08:28:38 | INFO     | src.indicators.technical_indicators:calculate_ema:182 | 计算 12 日指数移动平均线完成
2026-03-21 08:28:38 | INFO     | src.indicators.technical_indicators:calculate_ema:182 | 计算 26 日指数移动平均线完成
2026-03-21 08:28:38 | INFO     | src.indicators.technical_indicators:calculate_rsi:221 | 计算 6 日RSI完成
2026-03-21 08:28:38 | INFO     | src.indicators.technical_indicators:calculate_rsi:221 | 计算 12 日RSI完成
2026-03-21 08:28:38 | INFO     | src.indicators.technical_indicators:calculate_rsi:221 | 计算 24 日RSI完成
2026-03-21 08:28:38 | INFO     | src.indicators.technical_indicators:calculate_macd:263 | 计算MACD完成：快线=12, 慢线=26, 信号线=9
2026-03-21 08:28:38 | INFO     | src.indicators.technical_indicators:calculate_macd:263 | 计算MACD完成：快线=12, 慢线=26, 信号线=12
2026-03-21 08:28:38 | INFO     | src.indicators.technical_indicators:calculate_boll:303 | 计算布林带完成：周期=20, 标准差倍数=2
2026-03-21 08:28:38 | INFO     | src.indicators.technical_indicators:calculate_boll:303 | 计算布林带完成：周期=26, 标准差倍数=2
2026-03-21 08:28:38 | INFO     | src.indicators.technical_indicators:calculate_kdj:350 | 计算KDJ完成：K周期=9, D周期=3, J周期=3
2026-03-21 08:28:38 | INFO     | src.indicators.technical_indicators:calculate_kdj:350 | 计算KDJ完成：K周期=10, D周期=3, J周期=3
2026-03-21 08:28:38 | INFO     | src.indicators.technical_indicators:calculate_atr:385 | 计算 10 日ATR完成
2026-03-21 08:28:38 | INFO     | src.indicators.technical_indicators:calculate_cci:446 | 计算 20 日CCI完成
2026-03-21 08:28:38 | INFO     | src.indicators.technical_indicators:calculate_williams_r:476 | 计算 10 日威廉指标完成
2026-03-21 08:28:38 | INFO     | src.indicators.technical_indicators:calculate_ma:133 | 计算 5 日移动平均线完成
2026-03-21 08:28:38 | INFO     | src.indicators.technical_indicators:calculate_bias:500 | 计算 5 日乖离率完成
2026-03-21 08:28:38 | INFO     | src.indicators.technical_indicators:calculate_ma:133 | 计算 10 日移动平均线完成
2026-03-21 08:28:38 | INFO     | src.indicators.technical_indicators:calculate_bias:500 | 计算 10 日乖离率完成
2026-03-21 08:28:38 | INFO     | src.indicators.technical_indicators:calculate_ma:133 | 计算 20 日移动平均线完成
2026-03-21 08:28:38 | INFO     | src.indicators.technical_indicators:calculate_bias:500 | 计算 20 日乖离率完成
2026-03-21 08:28:38 | INFO     | src.indicators.technical_indicators:calculate_ma:133 | 计算 30 日移动平均线完成
2026-03-21 08:28:38 | INFO     | src.indicators.technical_indicators:calculate_bias:500 | 计算 30 日乖离率完成
2026-03-21 08:28:38 | INFO     | src.indicators.technical_indicators:calculate_ma:133 | 计算 60 日移动平均线完成
2026-03-21 08:28:38 | INFO     | src.indicators.technical_indicators:calculate_bias:500 | 计算 60 日乖离率完成
2026-03-21 08:28:38 | INFO     | src.indicators.technical_indicators:calculate_ma:133 | 计算 120 日移动平均线完成
2026-03-21 08:28:38 | INFO     | src.indicators.technical_indicators:calculate_bias:500 | 计算 120 日乖离率完成
2026-03-21 08:28:38 | INFO     | src.indicators.technical_indicators:calculate_ma:133 | 计算 250 日移动平均线完成
2026-03-21 08:28:38 | INFO     | src.indicators.technical_indicators:calculate_bias:500 | 计算 250 日乖离率完成
2026-03-21 08:28:38 | INFO     | src.indicators.technical_indicators:calculate_psy:523 | 计算 10 日心理线完成
2026-03-21 08:28:38 | INFO     | src.indicators.technical_indicators:calculate_all:640 | 完成计算 48 个技术指标
2026-03-21 08:28:38 | INFO     | src.core.data_fetcher:save_data:589 | 保存数据到 csv 文件: 600879_with_indicators
2026-03-21 08:28:38 | INFO     | src.core.data_fetcher:save_data:610 | 数据保存成功: ./data\600879_with_indicators.csv
2026-03-21 08:28:38 | INFO     | __main__:process_single_fund:142 |   对股票 600879 进行信号判断
2026-03-21 08:28:38 | INFO     | src.core.data_fetcher:save_data:589 | 保存数据到 csv 文件: 600879_signals
2026-03-21 08:28:38 | INFO     | src.core.data_fetcher:save_data:610 | 数据保存成功: ./data\600879_signals.csv
2026-03-21 08:28:38 | INFO     | __main__:process_single_fund:170 |   股票 600879 信号判断完成: 持有 (得分: 0.052)
2026-03-21 08:28:38 | INFO     | src.indicators.technical_indicators:calculate_ma:133 | 计算 5 日移动平均线完成
2026-03-21 08:28:38 | INFO     | src.indicators.technical_indicators:calculate_ma:133 | 计算 10 日移动平均线完成
2026-03-21 08:28:38 | INFO     | src.indicators.technical_indicators:calculate_ma:133 | 计算 20 日移动平均线完成
2026-03-21 08:28:38 | INFO     | src.indicators.technical_indicators:calculate_ma:133 | 计算 30 日移动平均线完成
2026-03-21 08:28:38 | INFO     | src.indicators.technical_indicators:calculate_ma:133 | 计算 60 日移动平均线完成
2026-03-21 08:28:38 | INFO     | src.indicators.technical_indicators:calculate_ma:133 | 计算 120 日移动平均线完成
2026-03-21 08:28:38 | INFO     | src.indicators.technical_indicators:calculate_ma:133 | 计算 250 日移动平均线完成
2026-03-21 08:28:38 | INFO     | src.indicators.technical_indicators:calculate_sma:157 | 计算 5 日简单移动平均线完成
2026-03-21 08:28:38 | INFO     | src.indicators.technical_indicators:calculate_sma:157 | 计算 10 日简单移动平均线完成
2026-03-21 08:28:38 | INFO     | src.indicators.technical_indicators:calculate_sma:157 | 计算 20 日简单移动平均线完成
2026-03-21 08:28:38 | INFO     | src.indicators.technical_indicators:calculate_sma:157 | 计算 30 日简单移动平均线完成
2026-03-21 08:28:38 | INFO     | src.indicators.technical_indicators:calculate_sma:157 | 计算 60 日简单移动平均线完成
2026-03-21 08:28:38 | INFO     | src.indicators.technical_indicators:calculate_sma:157 | 计算 120 日简单移动平均线完成
2026-03-21 08:28:38 | INFO     | src.indicators.technical_indicators:calculate_sma:157 | 计算 250 日简单移动平均线完成
2026-03-21 08:28:38 | INFO     | src.indicators.technical_indicators:calculate_ema:182 | 计算 12 日指数移动平均线完成
2026-03-21 08:28:38 | INFO     | src.indicators.technical_indicators:calculate_ema:182 | 计算 26 日指数移动平均线完成
2026-03-21 08:28:38 | INFO     | src.indicators.technical_indicators:calculate_rsi:221 | 计算 6 日RSI完成
2026-03-21 08:28:38 | INFO     | src.indicators.technical_indicators:calculate_rsi:221 | 计算 12 日RSI完成
2026-03-21 08:28:38 | INFO     | src.indicators.technical_indicators:calculate_rsi:221 | 计算 24 日RSI完成
2026-03-21 08:28:38 | INFO     | src.indicators.technical_indicators:calculate_macd:263 | 计算MACD完成：快线=12, 慢线=26, 信号线=9
2026-03-21 08:28:38 | INFO     | src.indicators.technical_indicators:calculate_macd:263 | 计算MACD完成：快线=12, 慢线=26, 信号线=12
2026-03-21 08:28:38 | INFO     | src.indicators.technical_indicators:calculate_boll:303 | 计算布林带完成：周期=20, 标准差倍数=2
2026-03-21 08:28:38 | INFO     | src.indicators.technical_indicators:calculate_boll:303 | 计算布林带完成：周期=26, 标准差倍数=2
2026-03-21 08:28:38 | INFO     | src.indicators.technical_indicators:calculate_kdj:350 | 计算KDJ完成：K周期=9, D周期=3, J周期=3
2026-03-21 08:28:38 | INFO     | src.indicators.technical_indicators:calculate_kdj:350 | 计算KDJ完成：K周期=10, D周期=3, J周期=3
2026-03-21 08:28:38 | INFO     | src.indicators.technical_indicators:calculate_atr:385 | 计算 10 日ATR完成
2026-03-21 08:28:38 | INFO     | src.indicators.technical_indicators:calculate_cci:446 | 计算 20 日CCI完成
2026-03-21 08:28:38 | INFO     | src.indicators.technical_indicators:calculate_williams_r:476 | 计算 10 日威廉指标完成
2026-03-21 08:28:38 | INFO     | src.indicators.technical_indicators:calculate_ma:133 | 计算 5 日移动平均线完成
2026-03-21 08:28:38 | INFO     | src.indicators.technical_indicators:calculate_bias:500 | 计算 5 日乖离率完成
2026-03-21 08:28:38 | INFO     | src.indicators.technical_indicators:calculate_ma:133 | 计算 10 日移动平均线完成
2026-03-21 08:28:38 | INFO     | src.indicators.technical_indicators:calculate_bias:500 | 计算 10 日乖离率完成
2026-03-21 08:28:38 | INFO     | src.indicators.technical_indicators:calculate_ma:133 | 计算 20 日移动平均线完成
2026-03-21 08:28:38 | INFO     | src.indicators.technical_indicators:calculate_bias:500 | 计算 20 日乖离率完成
2026-03-21 08:28:38 | INFO     | src.indicators.technical_indicators:calculate_ma:133 | 计算 30 日移动平均线完成
2026-03-21 08:28:38 | INFO     | src.indicators.technical_indicators:calculate_bias:500 | 计算 30 日乖离率完成
2026-03-21 08:28:38 | INFO     | src.indicators.technical_indicators:calculate_ma:133 | 计算 60 日移动平均线完成
2026-03-21 08:28:38 | INFO     | src.indicators.technical_indicators:calculate_bias:500 | 计算 60 日乖离率完成
2026-03-21 08:28:38 | INFO     | src.indicators.technical_indicators:calculate_ma:133 | 计算 120 日移动平均线完成
2026-03-21 08:28:38 | INFO     | src.indicators.technical_indicators:calculate_bias:500 | 计算 120 日乖离率完成
2026-03-21 08:28:38 | INFO     | src.indicators.technical_indicators:calculate_ma:133 | 计算 250 日移动平均线完成
2026-03-21 08:28:38 | INFO     | src.indicators.technical_indicators:calculate_bias:500 | 计算 250 日乖离率完成
2026-03-21 08:28:38 | INFO     | src.indicators.technical_indicators:calculate_psy:523 | 计算 10 日心理线完成
2026-03-21 08:28:38 | INFO     | src.indicators.technical_indicators:calculate_all:640 | 完成计算 48 个技术指标
2026-03-21 08:28:38 | INFO     | src.core.data_fetcher:save_data:589 | 保存数据到 csv 文件: 300342_with_indicators
2026-03-21 08:28:38 | INFO     | src.core.data_fetcher:save_data:610 | 数据保存成功: ./data\300342_with_indicators.csv
2026-03-21 08:28:38 | INFO     | __main__:process_single_fund:142 |   对股票 300342 进行信号判断
2026-03-21 08:28:38 | INFO     | src.core.data_fetcher:save_data:589 | 保存数据到 csv 文件: 300342_signals
2026-03-21 08:28:38 | INFO     | src.core.data_fetcher:save_data:610 | 数据保存成功: ./data\300342_signals.csv
2026-03-21 08:28:38 | INFO     | __main__:process_single_fund:170 |   股票 300342 信号判断完成: 买入 (得分: 0.279)
2026-03-21 08:28:38 | INFO     | src.indicators.technical_indicators:calculate_ma:133 | 计算 5 日移动平均线完成
2026-03-21 08:28:38 | INFO     | src.indicators.technical_indicators:calculate_ma:133 | 计算 10 日移动平均线完成
2026-03-21 08:28:38 | INFO     | src.indicators.technical_indicators:calculate_ma:133 | 计算 20 日移动平均线完成
2026-03-21 08:28:38 | INFO     | src.indicators.technical_indicators:calculate_ma:133 | 计算 30 日移动平均线完成
2026-03-21 08:28:38 | INFO     | src.indicators.technical_indicators:calculate_ma:133 | 计算 60 日移动平均线完成
2026-03-21 08:28:38 | INFO     | src.indicators.technical_indicators:calculate_ma:133 | 计算 120 日移动平均线完成
2026-03-21 08:28:38 | INFO     | src.indicators.technical_indicators:calculate_ma:133 | 计算 250 日移动平均线完成
2026-03-21 08:28:38 | INFO     | src.indicators.technical_indicators:calculate_sma:157 | 计算 5 日简单移动平均线完成
2026-03-21 08:28:38 | INFO     | src.indicators.technical_indicators:calculate_sma:157 | 计算 10 日简单移动平均线完成
2026-03-21 08:28:38 | INFO     | src.indicators.technical_indicators:calculate_sma:157 | 计算 20 日简单移动平均线完成
2026-03-21 08:28:38 | INFO     | src.indicators.technical_indicators:calculate_sma:157 | 计算 30 日简单移动平均线完成
2026-03-21 08:28:38 | INFO     | src.indicators.technical_indicators:calculate_sma:157 | 计算 60 日简单移动平均线完成
2026-03-21 08:28:38 | INFO     | src.indicators.technical_indicators:calculate_sma:157 | 计算 120 日简单移动平均线完成
2026-03-21 08:28:38 | INFO     | src.indicators.technical_indicators:calculate_sma:157 | 计算 250 日简单移动平均线完成
2026-03-21 08:28:38 | INFO     | src.indicators.technical_indicators:calculate_ema:182 | 计算 12 日指数移动平均线完成
2026-03-21 08:28:38 | INFO     | src.indicators.technical_indicators:calculate_ema:182 | 计算 26 日指数移动平均线完成
2026-03-21 08:28:38 | INFO     | src.indicators.technical_indicators:calculate_rsi:221 | 计算 6 日RSI完成
2026-03-21 08:28:38 | INFO     | src.indicators.technical_indicators:calculate_rsi:221 | 计算 12 日RSI完成
2026-03-21 08:28:38 | INFO     | src.indicators.technical_indicators:calculate_rsi:221 | 计算 24 日RSI完成
2026-03-21 08:28:38 | INFO     | src.indicators.technical_indicators:calculate_macd:263 | 计算MACD完成：快线=12, 慢线=26, 信号线=9
2026-03-21 08:28:38 | INFO     | src.indicators.technical_indicators:calculate_macd:263 | 计算MACD完成：快线=12, 慢线=26, 信号线=12
2026-03-21 08:28:38 | INFO     | src.indicators.technical_indicators:calculate_boll:303 | 计算布林带完成：周期=20, 标准差倍数=2
2026-03-21 08:28:38 | INFO     | src.indicators.technical_indicators:calculate_boll:303 | 计算布林带完成：周期=26, 标准差倍数=2
2026-03-21 08:28:38 | INFO     | src.indicators.technical_indicators:calculate_kdj:350 | 计算KDJ完成：K周期=9, D周期=3, J周期=3
2026-03-21 08:28:38 | INFO     | src.indicators.technical_indicators:calculate_kdj:350 | 计算KDJ完成：K周期=10, D周期=3, J周期=3
2026-03-21 08:28:38 | INFO     | src.indicators.technical_indicators:calculate_atr:385 | 计算 10 日ATR完成
2026-03-21 08:28:38 | INFO     | src.indicators.technical_indicators:calculate_cci:446 | 计算 20 日CCI完成
2026-03-21 08:28:38 | INFO     | src.indicators.technical_indicators:calculate_williams_r:476 | 计算 10 日威廉指标完成
2026-03-21 08:28:38 | INFO     | src.indicators.technical_indicators:calculate_ma:133 | 计算 5 日移动平均线完成
2026-03-21 08:28:38 | INFO     | src.indicators.technical_indicators:calculate_bias:500 | 计算 5 日乖离率完成
2026-03-21 08:28:38 | INFO     | src.indicators.technical_indicators:calculate_ma:133 | 计算 10 日移动平均线完成
2026-03-21 08:28:38 | INFO     | src.indicators.technical_indicators:calculate_bias:500 | 计算 10 日乖离率完成
2026-03-21 08:28:38 | INFO     | src.indicators.technical_indicators:calculate_ma:133 | 计算 20 日移动平均线完成
2026-03-21 08:28:38 | INFO     | src.indicators.technical_indicators:calculate_bias:500 | 计算 20 日乖离率完成
2026-03-21 08:28:38 | INFO     | src.indicators.technical_indicators:calculate_ma:133 | 计算 30 日移动平均线完成
2026-03-21 08:28:38 | INFO     | src.indicators.technical_indicators:calculate_bias:500 | 计算 30 日乖离率完成
2026-03-21 08:28:38 | INFO     | src.indicators.technical_indicators:calculate_ma:133 | 计算 60 日移动平均线完成
2026-03-21 08:28:38 | INFO     | src.indicators.technical_indicators:calculate_bias:500 | 计算 60 日乖离率完成
2026-03-21 08:28:38 | INFO     | src.indicators.technical_indicators:calculate_ma:133 | 计算 120 日移动平均线完成
2026-03-21 08:28:38 | INFO     | src.indicators.technical_indicators:calculate_bias:500 | 计算 120 日乖离率完成
2026-03-21 08:28:38 | INFO     | src.indicators.technical_indicators:calculate_ma:133 | 计算 250 日移动平均线完成
2026-03-21 08:28:38 | INFO     | src.indicators.technical_indicators:calculate_bias:500 | 计算 250 日乖离率完成
2026-03-21 08:28:38 | INFO     | src.indicators.technical_indicators:calculate_psy:523 | 计算 10 日心理线完成
2026-03-21 08:28:38 | INFO     | src.indicators.technical_indicators:calculate_all:640 | 完成计算 48 个技术指标
2026-03-21 08:28:38 | INFO     | src.core.data_fetcher:save_data:589 | 保存数据到 csv 文件: 300136_with_indicators
2026-03-21 08:28:38 | INFO     | src.core.data_fetcher:save_data:610 | 数据保存成功: ./data\300136_with_indicators.csv
2026-03-21 08:28:38 | INFO     | __main__:process_single_fund:142 |   对股票 300136 进行信号判断
2026-03-21 08:28:38 | INFO     | src.core.data_fetcher:save_data:589 | 保存数据到 csv 文件: 300136_signals
2026-03-21 08:28:38 | INFO     | src.core.data_fetcher:save_data:610 | 数据保存成功: ./data\300136_signals.csv
2026-03-21 08:28:38 | INFO     | __main__:process_single_fund:170 |   股票 300136 信号判断完成: 持有 (得分: 0.000)
2026-03-21 08:28:38 | INFO     | src.indicators.technical_indicators:calculate_ma:133 | 计算 5 日移动平均线完成
2026-03-21 08:28:38 | INFO     | src.indicators.technical_indicators:calculate_ma:133 | 计算 10 日移动平均线完成
2026-03-21 08:28:38 | INFO     | src.indicators.technical_indicators:calculate_ma:133 | 计算 20 日移动平均线完成
2026-03-21 08:28:38 | INFO     | src.indicators.technical_indicators:calculate_ma:133 | 计算 30 日移动平均线完成
2026-03-21 08:28:38 | INFO     | src.indicators.technical_indicators:calculate_ma:133 | 计算 60 日移动平均线完成
2026-03-21 08:28:38 | INFO     | src.indicators.technical_indicators:calculate_ma:133 | 计算 120 日移动平均线完成
2026-03-21 08:28:38 | INFO     | src.indicators.technical_indicators:calculate_ma:133 | 计算 250 日移动平均线完成
2026-03-21 08:28:38 | INFO     | src.indicators.technical_indicators:calculate_sma:157 | 计算 5 日简单移动平均线完成
2026-03-21 08:28:38 | INFO     | src.indicators.technical_indicators:calculate_sma:157 | 计算 10 日简单移动平均线完成
2026-03-21 08:28:38 | INFO     | src.indicators.technical_indicators:calculate_sma:157 | 计算 20 日简单移动平均线完成
2026-03-21 08:28:38 | INFO     | src.indicators.technical_indicators:calculate_sma:157 | 计算 30 日简单移动平均线完成
2026-03-21 08:28:38 | INFO     | src.indicators.technical_indicators:calculate_sma:157 | 计算 60 日简单移动平均线完成
2026-03-21 08:28:38 | INFO     | src.indicators.technical_indicators:calculate_sma:157 | 计算 120 日简单移动平均线完成
2026-03-21 08:28:38 | INFO     | src.indicators.technical_indicators:calculate_sma:157 | 计算 250 日简单移动平均线完成
2026-03-21 08:28:38 | INFO     | src.indicators.technical_indicators:calculate_ema:182 | 计算 12 日指数移动平均线完成
2026-03-21 08:28:38 | INFO     | src.indicators.technical_indicators:calculate_ema:182 | 计算 26 日指数移动平均线完成
2026-03-21 08:28:38 | INFO     | src.indicators.technical_indicators:calculate_rsi:221 | 计算 6 日RSI完成
2026-03-21 08:28:38 | INFO     | src.indicators.technical_indicators:calculate_rsi:221 | 计算 12 日RSI完成
2026-03-21 08:28:38 | INFO     | src.indicators.technical_indicators:calculate_rsi:221 | 计算 24 日RSI完成
2026-03-21 08:28:38 | INFO     | src.indicators.technical_indicators:calculate_macd:263 | 计算MACD完成：快线=12, 慢线=26, 信号线=9
2026-03-21 08:28:38 | INFO     | src.indicators.technical_indicators:calculate_macd:263 | 计算MACD完成：快线=12, 慢线=26, 信号线=12
2026-03-21 08:28:38 | INFO     | src.indicators.technical_indicators:calculate_boll:303 | 计算布林带完成：周期=20, 标准差倍数=2
2026-03-21 08:28:38 | INFO     | src.indicators.technical_indicators:calculate_boll:303 | 计算布林带完成：周期=26, 标准差倍数=2
2026-03-21 08:28:38 | INFO     | src.indicators.technical_indicators:calculate_kdj:350 | 计算KDJ完成：K周期=9, D周期=3, J周期=3
2026-03-21 08:28:38 | INFO     | src.indicators.technical_indicators:calculate_kdj:350 | 计算KDJ完成：K周期=10, D周期=3, J周期=3
2026-03-21 08:28:38 | INFO     | src.indicators.technical_indicators:calculate_atr:385 | 计算 10 日ATR完成
2026-03-21 08:28:38 | INFO     | src.indicators.technical_indicators:calculate_cci:446 | 计算 20 日CCI完成
2026-03-21 08:28:38 | INFO     | src.indicators.technical_indicators:calculate_williams_r:476 | 计算 10 日威廉指标完成
2026-03-21 08:28:38 | INFO     | src.indicators.technical_indicators:calculate_ma:133 | 计算 5 日移动平均线完成
2026-03-21 08:28:38 | INFO     | src.indicators.technical_indicators:calculate_bias:500 | 计算 5 日乖离率完成
2026-03-21 08:28:38 | INFO     | src.indicators.technical_indicators:calculate_ma:133 | 计算 10 日移动平均线完成
2026-03-21 08:28:38 | INFO     | src.indicators.technical_indicators:calculate_bias:500 | 计算 10 日乖离率完成
2026-03-21 08:28:38 | INFO     | src.indicators.technical_indicators:calculate_ma:133 | 计算 20 日移动平均线完成
2026-03-21 08:28:38 | INFO     | src.indicators.technical_indicators:calculate_bias:500 | 计算 20 日乖离率完成
2026-03-21 08:28:38 | INFO     | src.indicators.technical_indicators:calculate_ma:133 | 计算 30 日移动平均线完成
2026-03-21 08:28:38 | INFO     | src.indicators.technical_indicators:calculate_bias:500 | 计算 30 日乖离率完成
2026-03-21 08:28:38 | INFO     | src.indicators.technical_indicators:calculate_ma:133 | 计算 60 日移动平均线完成
2026-03-21 08:28:38 | INFO     | src.indicators.technical_indicators:calculate_bias:500 | 计算 60 日乖离率完成
2026-03-21 08:28:38 | INFO     | src.indicators.technical_indicators:calculate_ma:133 | 计算 120 日移动平均线完成
2026-03-21 08:28:38 | INFO     | src.indicators.technical_indicators:calculate_bias:500 | 计算 120 日乖离率完成
2026-03-21 08:28:38 | INFO     | src.indicators.technical_indicators:calculate_ma:133 | 计算 250 日移动平均线完成
2026-03-21 08:28:38 | INFO     | src.indicators.technical_indicators:calculate_bias:500 | 计算 250 日乖离率完成
2026-03-21 08:28:38 | INFO     | src.indicators.technical_indicators:calculate_psy:523 | 计算 10 日心理线完成
2026-03-21 08:28:38 | INFO     | src.indicators.technical_indicators:calculate_all:640 | 完成计算 48 个技术指标
2026-03-21 08:28:38 | INFO     | src.core.data_fetcher:save_data:589 | 保存数据到 csv 文件: 002149_with_indicators
2026-03-21 08:28:38 | INFO     | src.core.data_fetcher:save_data:610 | 数据保存成功: ./data\002149_with_indicators.csv
2026-03-21 08:28:38 | INFO     | __main__:process_single_fund:142 |   对股票 002149 进行信号判断
2026-03-21 08:28:38 | INFO     | src.core.data_fetcher:save_data:589 | 保存数据到 csv 文件: 002149_signals
2026-03-21 08:28:38 | INFO     | src.core.data_fetcher:save_data:610 | 数据保存成功: ./data\002149_signals.csv
2026-03-21 08:28:38 | INFO     | __main__:process_single_fund:170 |   股票 002149 信号判断完成: 持有 (得分: 0.032)
2026-03-21 08:28:38 | INFO     | src.indicators.technical_indicators:calculate_ma:133 | 计算 5 日移动平均线完成
2026-03-21 08:28:38 | INFO     | src.indicators.technical_indicators:calculate_ma:133 | 计算 10 日移动平均线完成
2026-03-21 08:28:38 | INFO     | src.indicators.technical_indicators:calculate_ma:133 | 计算 20 日移动平均线完成
2026-03-21 08:28:38 | INFO     | src.indicators.technical_indicators:calculate_ma:133 | 计算 30 日移动平均线完成
2026-03-21 08:28:38 | INFO     | src.indicators.technical_indicators:calculate_ma:133 | 计算 60 日移动平均线完成
2026-03-21 08:28:38 | INFO     | src.indicators.technical_indicators:calculate_ma:133 | 计算 120 日移动平均线完成
2026-03-21 08:28:38 | INFO     | src.indicators.technical_indicators:calculate_ma:133 | 计算 250 日移动平均线完成
2026-03-21 08:28:38 | INFO     | src.indicators.technical_indicators:calculate_sma:157 | 计算 5 日简单移动平均线完成
2026-03-21 08:28:38 | INFO     | src.indicators.technical_indicators:calculate_sma:157 | 计算 10 日简单移动平均线完成
2026-03-21 08:28:38 | INFO     | src.indicators.technical_indicators:calculate_sma:157 | 计算 20 日简单移动平均线完成
2026-03-21 08:28:38 | INFO     | src.indicators.technical_indicators:calculate_sma:157 | 计算 30 日简单移动平均线完成
2026-03-21 08:28:38 | INFO     | src.indicators.technical_indicators:calculate_sma:157 | 计算 60 日简单移动平均线完成
2026-03-21 08:28:38 | INFO     | src.indicators.technical_indicators:calculate_sma:157 | 计算 120 日简单移动平均线完成
2026-03-21 08:28:38 | INFO     | src.indicators.technical_indicators:calculate_sma:157 | 计算 250 日简单移动平均线完成
2026-03-21 08:28:38 | INFO     | src.indicators.technical_indicators:calculate_ema:182 | 计算 12 日指数移动平均线完成
2026-03-21 08:28:38 | INFO     | src.indicators.technical_indicators:calculate_ema:182 | 计算 26 日指数移动平均线完成
2026-03-21 08:28:38 | INFO     | src.indicators.technical_indicators:calculate_rsi:221 | 计算 6 日RSI完成
2026-03-21 08:28:38 | INFO     | src.indicators.technical_indicators:calculate_rsi:221 | 计算 12 日RSI完成
2026-03-21 08:28:38 | INFO     | src.indicators.technical_indicators:calculate_rsi:221 | 计算 24 日RSI完成
2026-03-21 08:28:38 | INFO     | src.indicators.technical_indicators:calculate_macd:263 | 计算MACD完成：快线=12, 慢线=26, 信号线=9
2026-03-21 08:28:38 | INFO     | src.indicators.technical_indicators:calculate_macd:263 | 计算MACD完成：快线=12, 慢线=26, 信号线=12
2026-03-21 08:28:38 | INFO     | src.indicators.technical_indicators:calculate_boll:303 | 计算布林带完成：周期=20, 标准差倍数=2
2026-03-21 08:28:38 | INFO     | src.indicators.technical_indicators:calculate_boll:303 | 计算布林带完成：周期=26, 标准差倍数=2
2026-03-21 08:28:38 | INFO     | src.indicators.technical_indicators:calculate_kdj:350 | 计算KDJ完成：K周期=9, D周期=3, J周期=3
2026-03-21 08:28:38 | INFO     | src.indicators.technical_indicators:calculate_kdj:350 | 计算KDJ完成：K周期=10, D周期=3, J周期=3
2026-03-21 08:28:38 | INFO     | src.indicators.technical_indicators:calculate_atr:385 | 计算 10 日ATR完成
2026-03-21 08:28:38 | INFO     | src.indicators.technical_indicators:calculate_cci:446 | 计算 20 日CCI完成
2026-03-21 08:28:38 | INFO     | src.indicators.technical_indicators:calculate_williams_r:476 | 计算 10 日威廉指标完成
2026-03-21 08:28:38 | INFO     | src.indicators.technical_indicators:calculate_ma:133 | 计算 5 日移动平均线完成
2026-03-21 08:28:38 | INFO     | src.indicators.technical_indicators:calculate_bias:500 | 计算 5 日乖离率完成
2026-03-21 08:28:38 | INFO     | src.indicators.technical_indicators:calculate_ma:133 | 计算 10 日移动平均线完成
2026-03-21 08:28:38 | INFO     | src.indicators.technical_indicators:calculate_bias:500 | 计算 10 日乖离率完成
2026-03-21 08:28:38 | INFO     | src.indicators.technical_indicators:calculate_ma:133 | 计算 20 日移动平均线完成
2026-03-21 08:28:38 | INFO     | src.indicators.technical_indicators:calculate_bias:500 | 计算 20 日乖离率完成
2026-03-21 08:28:38 | INFO     | src.indicators.technical_indicators:calculate_ma:133 | 计算 30 日移动平均线完成
2026-03-21 08:28:38 | INFO     | src.indicators.technical_indicators:calculate_bias:500 | 计算 30 日乖离率完成
2026-03-21 08:28:38 | INFO     | src.indicators.technical_indicators:calculate_ma:133 | 计算 60 日移动平均线完成
2026-03-21 08:28:38 | INFO     | src.indicators.technical_indicators:calculate_bias:500 | 计算 60 日乖离率完成
2026-03-21 08:28:38 | INFO     | src.indicators.technical_indicators:calculate_ma:133 | 计算 120 日移动平均线完成
2026-03-21 08:28:38 | INFO     | src.indicators.technical_indicators:calculate_bias:500 | 计算 120 日乖离率完成
2026-03-21 08:28:38 | INFO     | src.indicators.technical_indicators:calculate_ma:133 | 计算 250 日移动平均线完成
2026-03-21 08:28:38 | INFO     | src.indicators.technical_indicators:calculate_bias:500 | 计算 250 日乖离率完成
2026-03-21 08:28:38 | INFO     | src.indicators.technical_indicators:calculate_psy:523 | 计算 10 日心理线完成
2026-03-21 08:28:38 | INFO     | src.indicators.technical_indicators:calculate_all:640 | 完成计算 48 个技术指标
2026-03-21 08:28:38 | INFO     | src.core.data_fetcher:save_data:589 | 保存数据到 csv 文件: 300762_with_indicators
2026-03-21 08:28:38 | INFO     | src.core.data_fetcher:save_data:610 | 数据保存成功: ./data\300762_with_indicators.csv
2026-03-21 08:28:38 | INFO     | __main__:process_single_fund:142 |   对股票 300762 进行信号判断
2026-03-21 08:28:38 | INFO     | src.core.data_fetcher:save_data:589 | 保存数据到 csv 文件: 300762_signals
2026-03-21 08:28:38 | INFO     | src.core.data_fetcher:save_data:610 | 数据保存成功: ./data\300762_signals.csv
2026-03-21 08:28:38 | INFO     | __main__:process_single_fund:170 |   股票 300762 信号判断完成: 持有 (得分: 0.120)
2026-03-21 08:28:38 | INFO     | src.indicators.technical_indicators:calculate_ma:133 | 计算 5 日移动平均线完成
2026-03-21 08:28:38 | INFO     | src.indicators.technical_indicators:calculate_ma:133 | 计算 10 日移动平均线完成
2026-03-21 08:28:38 | INFO     | src.indicators.technical_indicators:calculate_ma:133 | 计算 20 日移动平均线完成
2026-03-21 08:28:38 | INFO     | src.indicators.technical_indicators:calculate_ma:133 | 计算 30 日移动平均线完成
2026-03-21 08:28:38 | INFO     | src.indicators.technical_indicators:calculate_ma:133 | 计算 60 日移动平均线完成
2026-03-21 08:28:38 | INFO     | src.indicators.technical_indicators:calculate_ma:133 | 计算 120 日移动平均线完成
2026-03-21 08:28:38 | INFO     | src.indicators.technical_indicators:calculate_ma:133 | 计算 250 日移动平均线完成
2026-03-21 08:28:38 | INFO     | src.indicators.technical_indicators:calculate_sma:157 | 计算 5 日简单移动平均线完成
2026-03-21 08:28:38 | INFO     | src.indicators.technical_indicators:calculate_sma:157 | 计算 10 日简单移动平均线完成
2026-03-21 08:28:38 | INFO     | src.indicators.technical_indicators:calculate_sma:157 | 计算 20 日简单移动平均线完成
2026-03-21 08:28:38 | INFO     | src.indicators.technical_indicators:calculate_sma:157 | 计算 30 日简单移动平均线完成
2026-03-21 08:28:38 | INFO     | src.indicators.technical_indicators:calculate_sma:157 | 计算 60 日简单移动平均线完成
2026-03-21 08:28:38 | INFO     | src.indicators.technical_indicators:calculate_sma:157 | 计算 120 日简单移动平均线完成
2026-03-21 08:28:38 | INFO     | src.indicators.technical_indicators:calculate_sma:157 | 计算 250 日简单移动平均线完成
2026-03-21 08:28:38 | INFO     | src.indicators.technical_indicators:calculate_ema:182 | 计算 12 日指数移动平均线完成
2026-03-21 08:28:38 | INFO     | src.indicators.technical_indicators:calculate_ema:182 | 计算 26 日指数移动平均线完成
2026-03-21 08:28:38 | INFO     | src.indicators.technical_indicators:calculate_rsi:221 | 计算 6 日RSI完成
2026-03-21 08:28:38 | INFO     | src.indicators.technical_indicators:calculate_rsi:221 | 计算 12 日RSI完成
2026-03-21 08:28:38 | INFO     | src.indicators.technical_indicators:calculate_rsi:221 | 计算 24 日RSI完成
2026-03-21 08:28:38 | INFO     | src.indicators.technical_indicators:calculate_macd:263 | 计算MACD完成：快线=12, 慢线=26, 信号线=9
2026-03-21 08:28:38 | INFO     | src.indicators.technical_indicators:calculate_macd:263 | 计算MACD完成：快线=12, 慢线=26, 信号线=12
2026-03-21 08:28:38 | INFO     | src.indicators.technical_indicators:calculate_boll:303 | 计算布林带完成：周期=20, 标准差倍数=2
2026-03-21 08:28:38 | INFO     | src.indicators.technical_indicators:calculate_boll:303 | 计算布林带完成：周期=26, 标准差倍数=2
2026-03-21 08:28:38 | INFO     | src.indicators.technical_indicators:calculate_kdj:350 | 计算KDJ完成：K周期=9, D周期=3, J周期=3
2026-03-21 08:28:38 | INFO     | src.indicators.technical_indicators:calculate_kdj:350 | 计算KDJ完成：K周期=10, D周期=3, J周期=3
2026-03-21 08:28:38 | INFO     | src.indicators.technical_indicators:calculate_atr:385 | 计算 10 日ATR完成
2026-03-21 08:28:38 | INFO     | src.indicators.technical_indicators:calculate_cci:446 | 计算 20 日CCI完成
2026-03-21 08:28:38 | INFO     | src.indicators.technical_indicators:calculate_williams_r:476 | 计算 10 日威廉指标完成
2026-03-21 08:28:38 | INFO     | src.indicators.technical_indicators:calculate_ma:133 | 计算 5 日移动平均线完成
2026-03-21 08:28:38 | INFO     | src.indicators.technical_indicators:calculate_bias:500 | 计算 5 日乖离率完成
2026-03-21 08:28:38 | INFO     | src.indicators.technical_indicators:calculate_ma:133 | 计算 10 日移动平均线完成
2026-03-21 08:28:38 | INFO     | src.indicators.technical_indicators:calculate_bias:500 | 计算 10 日乖离率完成
2026-03-21 08:28:38 | INFO     | src.indicators.technical_indicators:calculate_ma:133 | 计算 20 日移动平均线完成
2026-03-21 08:28:38 | INFO     | src.indicators.technical_indicators:calculate_bias:500 | 计算 20 日乖离率完成
2026-03-21 08:28:38 | INFO     | src.indicators.technical_indicators:calculate_ma:133 | 计算 30 日移动平均线完成
2026-03-21 08:28:38 | INFO     | src.indicators.technical_indicators:calculate_bias:500 | 计算 30 日乖离率完成
2026-03-21 08:28:38 | INFO     | src.indicators.technical_indicators:calculate_ma:133 | 计算 60 日移动平均线完成
2026-03-21 08:28:38 | INFO     | src.indicators.technical_indicators:calculate_bias:500 | 计算 60 日乖离率完成
2026-03-21 08:28:38 | INFO     | src.indicators.technical_indicators:calculate_ma:133 | 计算 120 日移动平均线完成
2026-03-21 08:28:38 | INFO     | src.indicators.technical_indicators:calculate_bias:500 | 计算 120 日乖离率完成
2026-03-21 08:28:38 | INFO     | src.indicators.technical_indicators:calculate_ma:133 | 计算 250 日移动平均线完成
2026-03-21 08:28:38 | INFO     | src.indicators.technical_indicators:calculate_bias:500 | 计算 250 日乖离率完成
2026-03-21 08:28:38 | INFO     | src.indicators.technical_indicators:calculate_psy:523 | 计算 10 日心理线完成
2026-03-21 08:28:38 | INFO     | src.indicators.technical_indicators:calculate_all:640 | 完成计算 48 个技术指标
2026-03-21 08:28:38 | INFO     | src.core.data_fetcher:save_data:589 | 保存数据到 csv 文件: 002565_with_indicators
2026-03-21 08:28:38 | INFO     | src.core.data_fetcher:save_data:610 | 数据保存成功: ./data\002565_with_indicators.csv
2026-03-21 08:28:38 | INFO     | __main__:process_single_fund:142 |   对股票 002565 进行信号判断
2026-03-21 08:28:38 | INFO     | src.core.data_fetcher:save_data:589 | 保存数据到 csv 文件: 002565_signals
2026-03-21 08:28:38 | INFO     | src.core.data_fetcher:save_data:610 | 数据保存成功: ./data\002565_signals.csv
2026-03-21 08:28:38 | INFO     | __main__:process_single_fund:170 |   股票 002565 信号判断完成: 持有 (得分: 0.034)
2026-03-21 08:28:38 | INFO     | __main__:process_single_fund:191 | 步骤5: 生成汇总报告
2026-03-21 08:28:38 | INFO     | __main__:process_single_fund:195 | ============================================================
2026-03-21 08:28:38 | INFO     | __main__:process_single_fund:196 | 基金 015790 处理完成!
2026-03-21 08:28:38 | INFO     | __main__:process_single_fund:197 | 总股票数: 10
2026-03-21 08:28:38 | INFO     | __main__:process_single_fund:198 | 成功: 10
2026-03-21 08:28:38 | INFO     | __main__:process_single_fund:199 | 失败: 0
2026-03-21 08:28:38 | INFO     | __main__:process_single_fund:200 | ============================================================
2026-03-21 08:28:38 | INFO     | __main__:process_single_fund:209 | 基金 015790 的所有技术指标已保存为 CSV 文件
2026-03-21 08:28:39 | DEBUG    | src.notify.channels.ntfy:send:87 | ntfy 消息发送成功: ✅ 基金 {fund_code} 分析完成
得分: {score:.3f}
建议: {recomme...
2026-03-21 08:28:39 | DEBUG    | src.notify.base:send_with_retry:126 | 通知器 ntfy 发送成功
2026-03-21 08:28:39 | DEBUG    | src.notify.manager:send:140 | 消息发送成功到渠道 ntfy
2026-03-21 08:28:39 | INFO     | __main__:run_technical_workflow:653 | 基金 015790 处理完成
2026-03-21 08:28:39 | INFO     | __main__:run_technical_workflow:654 | ============================================================

2026-03-21 08:28:39 | INFO     | __main__:run_technical_workflow:646 | 
============================================================
2026-03-21 08:28:39 | INFO     | __main__:run_technical_workflow:647 | 开始处理基金: 000001
2026-03-21 08:28:39 | INFO     | __main__:run_technical_workflow:648 | ============================================================
2026-03-21 08:28:39 | INFO     | __main__:process_single_fund:46 | 开始处理基金 000001 的持仓股票技术指标计算
2026-03-21 08:28:40 | DEBUG    | src.notify.channels.ntfy:send:87 | ntfy 消息发送成功: 🔍 开始分析基金 {fund_code}...
2026-03-21 08:28:40 | DEBUG    | src.notify.base:send_with_retry:126 | 通知器 ntfy 发送成功
2026-03-21 08:28:40 | DEBUG    | src.notify.manager:send:140 | 消息发送成功到渠道 ntfy
2026-03-21 08:28:40 | INFO     | __main__:process_single_fund:53 | 步骤1: 获取基金持仓数据
2026-03-21 08:28:40 | INFO     | src.core.data_fetcher:inner:463 | 获取基金 000001 持仓
2026-03-21 08:28:41 | INFO     | __main__:process_single_fund:61 | 步骤2: 过滤最新季度数据
2026-03-21 08:28:41 | INFO     | src.analysis.quarter_filter:filter_latest_quarter_data:62 | 识别到最新季度: 2025年Q4
2026-03-21 08:28:41 | INFO     | src.analysis.quarter_filter:filter_latest_quarter_data:76 | 过滤结果: 从 217 条记录中筛选出 10 条最新季度数据
2026-03-21 08:28:41 | INFO     | __main__:process_single_fund:65 | 最新季度持仓股票数量: 10
2026-03-21 08:28:41 | INFO     | __main__:process_single_fund:66 | 股票代码列表: ['300308', '002475', '688347', '002371', '688256', '601689', '300502', '688041', '688019', '603986']
2026-03-21 08:28:41 | INFO     | __main__:process_single_fund:69 | 步骤3: 批量处理股票数据
2026-03-21 08:28:41 | INFO     | src.data.reader:list_files:221 | 在 data\stock_data 中找到 30 个文件
2026-03-21 08:28:41 | INFO     | src.data.reader:list_stock_files:241 | 找到 30 个股票数据文件
2026-03-21 08:28:41 | INFO     | src.data.reader:read_csv:53 | 读取CSV文件: data\stock_data\300308_kline.csv
2026-03-21 08:28:41 | INFO     | src.data.reader:read_csv:57 | 成功读取 1260 行数据
2026-03-21 08:28:41 | INFO     | src.data.reader:list_files:221 | 在 data\stock_data 中找到 30 个文件
2026-03-21 08:28:41 | INFO     | src.data.reader:list_stock_files:241 | 找到 30 个股票数据文件
2026-03-21 08:28:41 | INFO     | src.data.reader:read_csv:53 | 读取CSV文件: data\stock_data\002475_kline.csv
2026-03-21 08:28:41 | INFO     | src.data.reader:read_csv:57 | 成功读取 1260 行数据
2026-03-21 08:28:41 | INFO     | src.data.reader:list_files:221 | 在 data\stock_data 中找到 30 个文件
2026-03-21 08:28:41 | INFO     | src.data.reader:list_stock_files:241 | 找到 30 个股票数据文件
2026-03-21 08:28:41 | INFO     | src.data.reader:read_csv:53 | 读取CSV文件: data\stock_data\688347_kline.csv
2026-03-21 08:28:41 | INFO     | src.data.reader:read_csv:57 | 成功读取 622 行数据
2026-03-21 08:28:41 | INFO     | src.data.reader:list_files:221 | 在 data\stock_data 中找到 30 个文件
2026-03-21 08:28:41 | INFO     | src.data.reader:list_stock_files:241 | 找到 30 个股票数据文件
2026-03-21 08:28:41 | INFO     | src.data.reader:read_csv:53 | 读取CSV文件: data\stock_data\002371_kline.csv
2026-03-21 08:28:41 | INFO     | src.data.reader:read_csv:57 | 成功读取 1260 行数据
2026-03-21 08:28:41 | INFO     | src.data.reader:list_files:221 | 在 data\stock_data 中找到 30 个文件
2026-03-21 08:28:41 | INFO     | src.data.reader:list_stock_files:241 | 找到 30 个股票数据文件
2026-03-21 08:28:41 | INFO     | src.data.reader:read_csv:53 | 读取CSV文件: data\stock_data\688256_kline.csv
2026-03-21 08:28:41 | INFO     | src.data.reader:read_csv:57 | 成功读取 1260 行数据
2026-03-21 08:28:41 | INFO     | src.data.reader:list_files:221 | 在 data\stock_data 中找到 30 个文件
2026-03-21 08:28:41 | INFO     | src.data.reader:list_stock_files:241 | 找到 30 个股票数据文件
2026-03-21 08:28:41 | INFO     | src.data.reader:read_csv:53 | 读取CSV文件: data\stock_data\601689_kline.csv
2026-03-21 08:28:41 | INFO     | src.data.reader:read_csv:57 | 成功读取 1260 行数据
2026-03-21 08:28:41 | INFO     | src.data.reader:list_files:221 | 在 data\stock_data 中找到 30 个文件
2026-03-21 08:28:41 | INFO     | src.data.reader:list_stock_files:241 | 找到 30 个股票数据文件
2026-03-21 08:28:41 | INFO     | src.data.reader:read_csv:53 | 读取CSV文件: data\stock_data\300502_kline.csv
2026-03-21 08:28:41 | INFO     | src.data.reader:read_csv:57 | 成功读取 1260 行数据
2026-03-21 08:28:41 | INFO     | src.data.reader:list_files:221 | 在 data\stock_data 中找到 30 个文件
2026-03-21 08:28:41 | INFO     | src.data.reader:list_stock_files:241 | 找到 30 个股票数据文件
2026-03-21 08:28:41 | INFO     | src.data.reader:read_csv:53 | 读取CSV文件: data\stock_data\688041_kline.csv
2026-03-21 08:28:41 | INFO     | src.data.reader:read_csv:57 | 成功读取 860 行数据
2026-03-21 08:28:41 | INFO     | src.data.reader:list_files:221 | 在 data\stock_data 中找到 30 个文件
2026-03-21 08:28:41 | INFO     | src.data.reader:list_stock_files:241 | 找到 30 个股票数据文件
2026-03-21 08:28:41 | INFO     | src.data.reader:read_csv:53 | 读取CSV文件: data\stock_data\688019_kline.csv
2026-03-21 08:28:41 | INFO     | src.data.reader:read_csv:57 | 成功读取 1260 行数据
2026-03-21 08:28:41 | INFO     | src.data.reader:list_files:221 | 在 data\stock_data 中找到 30 个文件
2026-03-21 08:28:41 | INFO     | src.data.reader:list_stock_files:241 | 找到 30 个股票数据文件
2026-03-21 08:28:41 | INFO     | src.data.reader:read_csv:53 | 读取CSV文件: data\stock_data\603986_kline.csv
2026-03-21 08:28:41 | INFO     | src.data.reader:read_csv:57 | 成功读取 1260 行数据
2026-03-21 08:28:41 | INFO     | __main__:process_single_fund:109 | 成功获取 10 只股票的数据
2026-03-21 08:28:41 | INFO     | __main__:process_single_fund:116 | 步骤4: 计算技术指标
2026-03-21 08:28:41 | INFO     | src.indicators.technical_indicators:calculate_ma:133 | 计算 5 日移动平均线完成
2026-03-21 08:28:41 | INFO     | src.indicators.technical_indicators:calculate_ma:133 | 计算 10 日移动平均线完成
2026-03-21 08:28:41 | INFO     | src.indicators.technical_indicators:calculate_ma:133 | 计算 20 日移动平均线完成
2026-03-21 08:28:41 | INFO     | src.indicators.technical_indicators:calculate_ma:133 | 计算 30 日移动平均线完成
2026-03-21 08:28:41 | INFO     | src.indicators.technical_indicators:calculate_ma:133 | 计算 60 日移动平均线完成
2026-03-21 08:28:41 | INFO     | src.indicators.technical_indicators:calculate_ma:133 | 计算 120 日移动平均线完成
2026-03-21 08:28:41 | INFO     | src.indicators.technical_indicators:calculate_ma:133 | 计算 250 日移动平均线完成
2026-03-21 08:28:41 | INFO     | src.indicators.technical_indicators:calculate_sma:157 | 计算 5 日简单移动平均线完成
2026-03-21 08:28:41 | INFO     | src.indicators.technical_indicators:calculate_sma:157 | 计算 10 日简单移动平均线完成
2026-03-21 08:28:41 | INFO     | src.indicators.technical_indicators:calculate_sma:157 | 计算 20 日简单移动平均线完成
2026-03-21 08:28:41 | INFO     | src.indicators.technical_indicators:calculate_sma:157 | 计算 30 日简单移动平均线完成
2026-03-21 08:28:41 | INFO     | src.indicators.technical_indicators:calculate_sma:157 | 计算 60 日简单移动平均线完成
2026-03-21 08:28:41 | INFO     | src.indicators.technical_indicators:calculate_sma:157 | 计算 120 日简单移动平均线完成
2026-03-21 08:28:41 | INFO     | src.indicators.technical_indicators:calculate_sma:157 | 计算 250 日简单移动平均线完成
2026-03-21 08:28:41 | INFO     | src.indicators.technical_indicators:calculate_ema:182 | 计算 12 日指数移动平均线完成
2026-03-21 08:28:41 | INFO     | src.indicators.technical_indicators:calculate_ema:182 | 计算 26 日指数移动平均线完成
2026-03-21 08:28:41 | INFO     | src.indicators.technical_indicators:calculate_rsi:221 | 计算 6 日RSI完成
2026-03-21 08:28:41 | INFO     | src.indicators.technical_indicators:calculate_rsi:221 | 计算 12 日RSI完成
2026-03-21 08:28:41 | INFO     | src.indicators.technical_indicators:calculate_rsi:221 | 计算 24 日RSI完成
2026-03-21 08:28:41 | INFO     | src.indicators.technical_indicators:calculate_macd:263 | 计算MACD完成：快线=12, 慢线=26, 信号线=9
2026-03-21 08:28:41 | INFO     | src.indicators.technical_indicators:calculate_macd:263 | 计算MACD完成：快线=12, 慢线=26, 信号线=12
2026-03-21 08:28:41 | INFO     | src.indicators.technical_indicators:calculate_boll:303 | 计算布林带完成：周期=20, 标准差倍数=2
2026-03-21 08:28:41 | INFO     | src.indicators.technical_indicators:calculate_boll:303 | 计算布林带完成：周期=26, 标准差倍数=2
2026-03-21 08:28:41 | INFO     | src.indicators.technical_indicators:calculate_kdj:350 | 计算KDJ完成：K周期=9, D周期=3, J周期=3
2026-03-21 08:28:41 | INFO     | src.indicators.technical_indicators:calculate_kdj:350 | 计算KDJ完成：K周期=10, D周期=3, J周期=3
2026-03-21 08:28:41 | INFO     | src.indicators.technical_indicators:calculate_atr:385 | 计算 10 日ATR完成
2026-03-21 08:28:41 | INFO     | src.indicators.technical_indicators:calculate_cci:446 | 计算 20 日CCI完成
2026-03-21 08:28:41 | INFO     | src.indicators.technical_indicators:calculate_williams_r:476 | 计算 10 日威廉指标完成
2026-03-21 08:28:41 | INFO     | src.indicators.technical_indicators:calculate_ma:133 | 计算 5 日移动平均线完成
2026-03-21 08:28:41 | INFO     | src.indicators.technical_indicators:calculate_bias:500 | 计算 5 日乖离率完成
2026-03-21 08:28:41 | INFO     | src.indicators.technical_indicators:calculate_ma:133 | 计算 10 日移动平均线完成
2026-03-21 08:28:41 | INFO     | src.indicators.technical_indicators:calculate_bias:500 | 计算 10 日乖离率完成
2026-03-21 08:28:41 | INFO     | src.indicators.technical_indicators:calculate_ma:133 | 计算 20 日移动平均线完成
2026-03-21 08:28:41 | INFO     | src.indicators.technical_indicators:calculate_bias:500 | 计算 20 日乖离率完成
2026-03-21 08:28:41 | INFO     | src.indicators.technical_indicators:calculate_ma:133 | 计算 30 日移动平均线完成
2026-03-21 08:28:41 | INFO     | src.indicators.technical_indicators:calculate_bias:500 | 计算 30 日乖离率完成
2026-03-21 08:28:41 | INFO     | src.indicators.technical_indicators:calculate_ma:133 | 计算 60 日移动平均线完成
2026-03-21 08:28:41 | INFO     | src.indicators.technical_indicators:calculate_bias:500 | 计算 60 日乖离率完成
2026-03-21 08:28:41 | INFO     | src.indicators.technical_indicators:calculate_ma:133 | 计算 120 日移动平均线完成
2026-03-21 08:28:41 | INFO     | src.indicators.technical_indicators:calculate_bias:500 | 计算 120 日乖离率完成
2026-03-21 08:28:41 | INFO     | src.indicators.technical_indicators:calculate_ma:133 | 计算 250 日移动平均线完成
2026-03-21 08:28:41 | INFO     | src.indicators.technical_indicators:calculate_bias:500 | 计算 250 日乖离率完成
2026-03-21 08:28:41 | INFO     | src.indicators.technical_indicators:calculate_psy:523 | 计算 10 日心理线完成
2026-03-21 08:28:41 | INFO     | src.indicators.technical_indicators:calculate_all:640 | 完成计算 48 个技术指标
2026-03-21 08:28:41 | INFO     | src.core.data_fetcher:save_data:589 | 保存数据到 csv 文件: 300308_with_indicators
2026-03-21 08:28:41 | INFO     | src.core.data_fetcher:save_data:610 | 数据保存成功: ./data\300308_with_indicators.csv
2026-03-21 08:28:41 | INFO     | __main__:process_single_fund:142 |   对股票 300308 进行信号判断
2026-03-21 08:28:41 | INFO     | src.core.data_fetcher:save_data:589 | 保存数据到 csv 文件: 300308_signals
2026-03-21 08:28:41 | INFO     | src.core.data_fetcher:save_data:610 | 数据保存成功: ./data\300308_signals.csv
2026-03-21 08:28:41 | INFO     | __main__:process_single_fund:170 |   股票 300308 信号判断完成: 持有 (得分: 0.000)
2026-03-21 08:28:41 | INFO     | src.indicators.technical_indicators:calculate_ma:133 | 计算 5 日移动平均线完成
2026-03-21 08:28:41 | INFO     | src.indicators.technical_indicators:calculate_ma:133 | 计算 10 日移动平均线完成
2026-03-21 08:28:41 | INFO     | src.indicators.technical_indicators:calculate_ma:133 | 计算 20 日移动平均线完成
2026-03-21 08:28:41 | INFO     | src.indicators.technical_indicators:calculate_ma:133 | 计算 30 日移动平均线完成
2026-03-21 08:28:41 | INFO     | src.indicators.technical_indicators:calculate_ma:133 | 计算 60 日移动平均线完成
2026-03-21 08:28:41 | INFO     | src.indicators.technical_indicators:calculate_ma:133 | 计算 120 日移动平均线完成
2026-03-21 08:28:41 | INFO     | src.indicators.technical_indicators:calculate_ma:133 | 计算 250 日移动平均线完成
2026-03-21 08:28:41 | INFO     | src.indicators.technical_indicators:calculate_sma:157 | 计算 5 日简单移动平均线完成
2026-03-21 08:28:41 | INFO     | src.indicators.technical_indicators:calculate_sma:157 | 计算 10 日简单移动平均线完成
2026-03-21 08:28:41 | INFO     | src.indicators.technical_indicators:calculate_sma:157 | 计算 20 日简单移动平均线完成
2026-03-21 08:28:41 | INFO     | src.indicators.technical_indicators:calculate_sma:157 | 计算 30 日简单移动平均线完成
2026-03-21 08:28:41 | INFO     | src.indicators.technical_indicators:calculate_sma:157 | 计算 60 日简单移动平均线完成
2026-03-21 08:28:41 | INFO     | src.indicators.technical_indicators:calculate_sma:157 | 计算 120 日简单移动平均线完成
2026-03-21 08:28:41 | INFO     | src.indicators.technical_indicators:calculate_sma:157 | 计算 250 日简单移动平均线完成
2026-03-21 08:28:41 | INFO     | src.indicators.technical_indicators:calculate_ema:182 | 计算 12 日指数移动平均线完成
2026-03-21 08:28:41 | INFO     | src.indicators.technical_indicators:calculate_ema:182 | 计算 26 日指数移动平均线完成
2026-03-21 08:28:41 | INFO     | src.indicators.technical_indicators:calculate_rsi:221 | 计算 6 日RSI完成
2026-03-21 08:28:41 | INFO     | src.indicators.technical_indicators:calculate_rsi:221 | 计算 12 日RSI完成
2026-03-21 08:28:41 | INFO     | src.indicators.technical_indicators:calculate_rsi:221 | 计算 24 日RSI完成
2026-03-21 08:28:41 | INFO     | src.indicators.technical_indicators:calculate_macd:263 | 计算MACD完成：快线=12, 慢线=26, 信号线=9
2026-03-21 08:28:41 | INFO     | src.indicators.technical_indicators:calculate_macd:263 | 计算MACD完成：快线=12, 慢线=26, 信号线=12
2026-03-21 08:28:41 | INFO     | src.indicators.technical_indicators:calculate_boll:303 | 计算布林带完成：周期=20, 标准差倍数=2
2026-03-21 08:28:41 | INFO     | src.indicators.technical_indicators:calculate_boll:303 | 计算布林带完成：周期=26, 标准差倍数=2
2026-03-21 08:28:41 | INFO     | src.indicators.technical_indicators:calculate_kdj:350 | 计算KDJ完成：K周期=9, D周期=3, J周期=3
2026-03-21 08:28:41 | INFO     | src.indicators.technical_indicators:calculate_kdj:350 | 计算KDJ完成：K周期=10, D周期=3, J周期=3
2026-03-21 08:28:41 | INFO     | src.indicators.technical_indicators:calculate_atr:385 | 计算 10 日ATR完成
2026-03-21 08:28:41 | INFO     | src.indicators.technical_indicators:calculate_cci:446 | 计算 20 日CCI完成
2026-03-21 08:28:41 | INFO     | src.indicators.technical_indicators:calculate_williams_r:476 | 计算 10 日威廉指标完成
2026-03-21 08:28:41 | INFO     | src.indicators.technical_indicators:calculate_ma:133 | 计算 5 日移动平均线完成
2026-03-21 08:28:41 | INFO     | src.indicators.technical_indicators:calculate_bias:500 | 计算 5 日乖离率完成
2026-03-21 08:28:41 | INFO     | src.indicators.technical_indicators:calculate_ma:133 | 计算 10 日移动平均线完成
2026-03-21 08:28:41 | INFO     | src.indicators.technical_indicators:calculate_bias:500 | 计算 10 日乖离率完成
2026-03-21 08:28:41 | INFO     | src.indicators.technical_indicators:calculate_ma:133 | 计算 20 日移动平均线完成
2026-03-21 08:28:41 | INFO     | src.indicators.technical_indicators:calculate_bias:500 | 计算 20 日乖离率完成
2026-03-21 08:28:41 | INFO     | src.indicators.technical_indicators:calculate_ma:133 | 计算 30 日移动平均线完成
2026-03-21 08:28:41 | INFO     | src.indicators.technical_indicators:calculate_bias:500 | 计算 30 日乖离率完成
2026-03-21 08:28:41 | INFO     | src.indicators.technical_indicators:calculate_ma:133 | 计算 60 日移动平均线完成
2026-03-21 08:28:41 | INFO     | src.indicators.technical_indicators:calculate_bias:500 | 计算 60 日乖离率完成
2026-03-21 08:28:41 | INFO     | src.indicators.technical_indicators:calculate_ma:133 | 计算 120 日移动平均线完成
2026-03-21 08:28:41 | INFO     | src.indicators.technical_indicators:calculate_bias:500 | 计算 120 日乖离率完成
2026-03-21 08:28:41 | INFO     | src.indicators.technical_indicators:calculate_ma:133 | 计算 250 日移动平均线完成
2026-03-21 08:28:41 | INFO     | src.indicators.technical_indicators:calculate_bias:500 | 计算 250 日乖离率完成
2026-03-21 08:28:41 | INFO     | src.indicators.technical_indicators:calculate_psy:523 | 计算 10 日心理线完成
2026-03-21 08:28:41 | INFO     | src.indicators.technical_indicators:calculate_all:640 | 完成计算 48 个技术指标
2026-03-21 08:28:41 | INFO     | src.core.data_fetcher:save_data:589 | 保存数据到 csv 文件: 002475_with_indicators
2026-03-21 08:28:41 | INFO     | src.core.data_fetcher:save_data:610 | 数据保存成功: ./data\002475_with_indicators.csv
2026-03-21 08:28:41 | INFO     | __main__:process_single_fund:142 |   对股票 002475 进行信号判断
2026-03-21 08:28:41 | INFO     | src.core.data_fetcher:save_data:589 | 保存数据到 csv 文件: 002475_signals
2026-03-21 08:28:41 | INFO     | src.core.data_fetcher:save_data:610 | 数据保存成功: ./data\002475_signals.csv
2026-03-21 08:28:41 | INFO     | __main__:process_single_fund:170 |   股票 002475 信号判断完成: 持有 (得分: -0.136)
2026-03-21 08:28:41 | INFO     | src.indicators.technical_indicators:calculate_ma:133 | 计算 5 日移动平均线完成
2026-03-21 08:28:41 | INFO     | src.indicators.technical_indicators:calculate_ma:133 | 计算 10 日移动平均线完成
2026-03-21 08:28:41 | INFO     | src.indicators.technical_indicators:calculate_ma:133 | 计算 20 日移动平均线完成
2026-03-21 08:28:41 | INFO     | src.indicators.technical_indicators:calculate_ma:133 | 计算 30 日移动平均线完成
2026-03-21 08:28:41 | INFO     | src.indicators.technical_indicators:calculate_ma:133 | 计算 60 日移动平均线完成
2026-03-21 08:28:41 | INFO     | src.indicators.technical_indicators:calculate_ma:133 | 计算 120 日移动平均线完成
2026-03-21 08:28:41 | INFO     | src.indicators.technical_indicators:calculate_ma:133 | 计算 250 日移动平均线完成
2026-03-21 08:28:41 | INFO     | src.indicators.technical_indicators:calculate_sma:157 | 计算 5 日简单移动平均线完成
2026-03-21 08:28:41 | INFO     | src.indicators.technical_indicators:calculate_sma:157 | 计算 10 日简单移动平均线完成
2026-03-21 08:28:41 | INFO     | src.indicators.technical_indicators:calculate_sma:157 | 计算 20 日简单移动平均线完成
2026-03-21 08:28:41 | INFO     | src.indicators.technical_indicators:calculate_sma:157 | 计算 30 日简单移动平均线完成
2026-03-21 08:28:41 | INFO     | src.indicators.technical_indicators:calculate_sma:157 | 计算 60 日简单移动平均线完成
2026-03-21 08:28:41 | INFO     | src.indicators.technical_indicators:calculate_sma:157 | 计算 120 日简单移动平均线完成
2026-03-21 08:28:41 | INFO     | src.indicators.technical_indicators:calculate_sma:157 | 计算 250 日简单移动平均线完成
2026-03-21 08:28:41 | INFO     | src.indicators.technical_indicators:calculate_ema:182 | 计算 12 日指数移动平均线完成
2026-03-21 08:28:41 | INFO     | src.indicators.technical_indicators:calculate_ema:182 | 计算 26 日指数移动平均线完成
2026-03-21 08:28:41 | INFO     | src.indicators.technical_indicators:calculate_rsi:221 | 计算 6 日RSI完成
2026-03-21 08:28:41 | INFO     | src.indicators.technical_indicators:calculate_rsi:221 | 计算 12 日RSI完成
2026-03-21 08:28:41 | INFO     | src.indicators.technical_indicators:calculate_rsi:221 | 计算 24 日RSI完成
2026-03-21 08:28:41 | INFO     | src.indicators.technical_indicators:calculate_macd:263 | 计算MACD完成：快线=12, 慢线=26, 信号线=9
2026-03-21 08:28:41 | INFO     | src.indicators.technical_indicators:calculate_macd:263 | 计算MACD完成：快线=12, 慢线=26, 信号线=12
2026-03-21 08:28:41 | INFO     | src.indicators.technical_indicators:calculate_boll:303 | 计算布林带完成：周期=20, 标准差倍数=2
2026-03-21 08:28:41 | INFO     | src.indicators.technical_indicators:calculate_boll:303 | 计算布林带完成：周期=26, 标准差倍数=2
2026-03-21 08:28:41 | INFO     | src.indicators.technical_indicators:calculate_kdj:350 | 计算KDJ完成：K周期=9, D周期=3, J周期=3
2026-03-21 08:28:41 | INFO     | src.indicators.technical_indicators:calculate_kdj:350 | 计算KDJ完成：K周期=10, D周期=3, J周期=3
2026-03-21 08:28:41 | INFO     | src.indicators.technical_indicators:calculate_atr:385 | 计算 10 日ATR完成
2026-03-21 08:28:41 | INFO     | src.indicators.technical_indicators:calculate_cci:446 | 计算 20 日CCI完成
2026-03-21 08:28:41 | INFO     | src.indicators.technical_indicators:calculate_williams_r:476 | 计算 10 日威廉指标完成
2026-03-21 08:28:41 | INFO     | src.indicators.technical_indicators:calculate_ma:133 | 计算 5 日移动平均线完成
2026-03-21 08:28:41 | INFO     | src.indicators.technical_indicators:calculate_bias:500 | 计算 5 日乖离率完成
2026-03-21 08:28:41 | INFO     | src.indicators.technical_indicators:calculate_ma:133 | 计算 10 日移动平均线完成
2026-03-21 08:28:41 | INFO     | src.indicators.technical_indicators:calculate_bias:500 | 计算 10 日乖离率完成
2026-03-21 08:28:41 | INFO     | src.indicators.technical_indicators:calculate_ma:133 | 计算 20 日移动平均线完成
2026-03-21 08:28:41 | INFO     | src.indicators.technical_indicators:calculate_bias:500 | 计算 20 日乖离率完成
2026-03-21 08:28:41 | INFO     | src.indicators.technical_indicators:calculate_ma:133 | 计算 30 日移动平均线完成
2026-03-21 08:28:41 | INFO     | src.indicators.technical_indicators:calculate_bias:500 | 计算 30 日乖离率完成
2026-03-21 08:28:41 | INFO     | src.indicators.technical_indicators:calculate_ma:133 | 计算 60 日移动平均线完成
2026-03-21 08:28:41 | INFO     | src.indicators.technical_indicators:calculate_bias:500 | 计算 60 日乖离率完成
2026-03-21 08:28:41 | INFO     | src.indicators.technical_indicators:calculate_ma:133 | 计算 120 日移动平均线完成
2026-03-21 08:28:41 | INFO     | src.indicators.technical_indicators:calculate_bias:500 | 计算 120 日乖离率完成
2026-03-21 08:28:41 | INFO     | src.indicators.technical_indicators:calculate_ma:133 | 计算 250 日移动平均线完成
2026-03-21 08:28:41 | INFO     | src.indicators.technical_indicators:calculate_bias:500 | 计算 250 日乖离率完成
2026-03-21 08:28:41 | INFO     | src.indicators.technical_indicators:calculate_psy:523 | 计算 10 日心理线完成
2026-03-21 08:28:41 | INFO     | src.indicators.technical_indicators:calculate_all:640 | 完成计算 48 个技术指标
2026-03-21 08:28:41 | INFO     | src.core.data_fetcher:save_data:589 | 保存数据到 csv 文件: 688347_with_indicators
2026-03-21 08:28:41 | INFO     | src.core.data_fetcher:save_data:610 | 数据保存成功: ./data\688347_with_indicators.csv
2026-03-21 08:28:41 | INFO     | __main__:process_single_fund:142 |   对股票 688347 进行信号判断
2026-03-21 08:28:41 | INFO     | src.core.data_fetcher:save_data:589 | 保存数据到 csv 文件: 688347_signals
2026-03-21 08:28:41 | INFO     | src.core.data_fetcher:save_data:610 | 数据保存成功: ./data\688347_signals.csv
2026-03-21 08:28:41 | INFO     | __main__:process_single_fund:170 |   股票 688347 信号判断完成: 持有 (得分: -0.196)
2026-03-21 08:28:41 | INFO     | src.indicators.technical_indicators:calculate_ma:133 | 计算 5 日移动平均线完成
2026-03-21 08:28:41 | INFO     | src.indicators.technical_indicators:calculate_ma:133 | 计算 10 日移动平均线完成
2026-03-21 08:28:41 | INFO     | src.indicators.technical_indicators:calculate_ma:133 | 计算 20 日移动平均线完成
2026-03-21 08:28:41 | INFO     | src.indicators.technical_indicators:calculate_ma:133 | 计算 30 日移动平均线完成
2026-03-21 08:28:41 | INFO     | src.indicators.technical_indicators:calculate_ma:133 | 计算 60 日移动平均线完成
2026-03-21 08:28:41 | INFO     | src.indicators.technical_indicators:calculate_ma:133 | 计算 120 日移动平均线完成
2026-03-21 08:28:41 | INFO     | src.indicators.technical_indicators:calculate_ma:133 | 计算 250 日移动平均线完成
2026-03-21 08:28:41 | INFO     | src.indicators.technical_indicators:calculate_sma:157 | 计算 5 日简单移动平均线完成
2026-03-21 08:28:41 | INFO     | src.indicators.technical_indicators:calculate_sma:157 | 计算 10 日简单移动平均线完成
2026-03-21 08:28:41 | INFO     | src.indicators.technical_indicators:calculate_sma:157 | 计算 20 日简单移动平均线完成
2026-03-21 08:28:41 | INFO     | src.indicators.technical_indicators:calculate_sma:157 | 计算 30 日简单移动平均线完成
2026-03-21 08:28:42 | INFO     | src.indicators.technical_indicators:calculate_sma:157 | 计算 60 日简单移动平均线完成
2026-03-21 08:28:42 | INFO     | src.indicators.technical_indicators:calculate_sma:157 | 计算 120 日简单移动平均线完成
2026-03-21 08:28:42 | INFO     | src.indicators.technical_indicators:calculate_sma:157 | 计算 250 日简单移动平均线完成
2026-03-21 08:28:42 | INFO     | src.indicators.technical_indicators:calculate_ema:182 | 计算 12 日指数移动平均线完成
2026-03-21 08:28:42 | INFO     | src.indicators.technical_indicators:calculate_ema:182 | 计算 26 日指数移动平均线完成
2026-03-21 08:28:42 | INFO     | src.indicators.technical_indicators:calculate_rsi:221 | 计算 6 日RSI完成
2026-03-21 08:28:42 | INFO     | src.indicators.technical_indicators:calculate_rsi:221 | 计算 12 日RSI完成
2026-03-21 08:28:42 | INFO     | src.indicators.technical_indicators:calculate_rsi:221 | 计算 24 日RSI完成
2026-03-21 08:28:42 | INFO     | src.indicators.technical_indicators:calculate_macd:263 | 计算MACD完成：快线=12, 慢线=26, 信号线=9
2026-03-21 08:28:42 | INFO     | src.indicators.technical_indicators:calculate_macd:263 | 计算MACD完成：快线=12, 慢线=26, 信号线=12
2026-03-21 08:28:42 | INFO     | src.indicators.technical_indicators:calculate_boll:303 | 计算布林带完成：周期=20, 标准差倍数=2
2026-03-21 08:28:42 | INFO     | src.indicators.technical_indicators:calculate_boll:303 | 计算布林带完成：周期=26, 标准差倍数=2
2026-03-21 08:28:42 | INFO     | src.indicators.technical_indicators:calculate_kdj:350 | 计算KDJ完成：K周期=9, D周期=3, J周期=3
2026-03-21 08:28:42 | INFO     | src.indicators.technical_indicators:calculate_kdj:350 | 计算KDJ完成：K周期=10, D周期=3, J周期=3
2026-03-21 08:28:42 | INFO     | src.indicators.technical_indicators:calculate_atr:385 | 计算 10 日ATR完成
2026-03-21 08:28:42 | INFO     | src.indicators.technical_indicators:calculate_cci:446 | 计算 20 日CCI完成
2026-03-21 08:28:42 | INFO     | src.indicators.technical_indicators:calculate_williams_r:476 | 计算 10 日威廉指标完成
2026-03-21 08:28:42 | INFO     | src.indicators.technical_indicators:calculate_ma:133 | 计算 5 日移动平均线完成
2026-03-21 08:28:42 | INFO     | src.indicators.technical_indicators:calculate_bias:500 | 计算 5 日乖离率完成
2026-03-21 08:28:42 | INFO     | src.indicators.technical_indicators:calculate_ma:133 | 计算 10 日移动平均线完成
2026-03-21 08:28:42 | INFO     | src.indicators.technical_indicators:calculate_bias:500 | 计算 10 日乖离率完成
2026-03-21 08:28:42 | INFO     | src.indicators.technical_indicators:calculate_ma:133 | 计算 20 日移动平均线完成
2026-03-21 08:28:42 | INFO     | src.indicators.technical_indicators:calculate_bias:500 | 计算 20 日乖离率完成
2026-03-21 08:28:42 | INFO     | src.indicators.technical_indicators:calculate_ma:133 | 计算 30 日移动平均线完成
2026-03-21 08:28:42 | INFO     | src.indicators.technical_indicators:calculate_bias:500 | 计算 30 日乖离率完成
2026-03-21 08:28:42 | INFO     | src.indicators.technical_indicators:calculate_ma:133 | 计算 60 日移动平均线完成
2026-03-21 08:28:42 | INFO     | src.indicators.technical_indicators:calculate_bias:500 | 计算 60 日乖离率完成
2026-03-21 08:28:42 | INFO     | src.indicators.technical_indicators:calculate_ma:133 | 计算 120 日移动平均线完成
2026-03-21 08:28:42 | INFO     | src.indicators.technical_indicators:calculate_bias:500 | 计算 120 日乖离率完成
2026-03-21 08:28:42 | INFO     | src.indicators.technical_indicators:calculate_ma:133 | 计算 250 日移动平均线完成
2026-03-21 08:28:42 | INFO     | src.indicators.technical_indicators:calculate_bias:500 | 计算 250 日乖离率完成
2026-03-21 08:28:42 | INFO     | src.indicators.technical_indicators:calculate_psy:523 | 计算 10 日心理线完成
2026-03-21 08:28:42 | INFO     | src.indicators.technical_indicators:calculate_all:640 | 完成计算 48 个技术指标
2026-03-21 08:28:42 | INFO     | src.core.data_fetcher:save_data:589 | 保存数据到 csv 文件: 002371_with_indicators
2026-03-21 08:28:42 | INFO     | src.core.data_fetcher:save_data:610 | 数据保存成功: ./data\002371_with_indicators.csv
2026-03-21 08:28:42 | INFO     | __main__:process_single_fund:142 |   对股票 002371 进行信号判断
2026-03-21 08:28:42 | INFO     | src.core.data_fetcher:save_data:589 | 保存数据到 csv 文件: 002371_signals
2026-03-21 08:28:42 | INFO     | src.core.data_fetcher:save_data:610 | 数据保存成功: ./data\002371_signals.csv
2026-03-21 08:28:42 | INFO     | __main__:process_single_fund:170 |   股票 002371 信号判断完成: 买入 (得分: 0.360)
2026-03-21 08:28:42 | INFO     | src.indicators.technical_indicators:calculate_ma:133 | 计算 5 日移动平均线完成
2026-03-21 08:28:42 | INFO     | src.indicators.technical_indicators:calculate_ma:133 | 计算 10 日移动平均线完成
2026-03-21 08:28:42 | INFO     | src.indicators.technical_indicators:calculate_ma:133 | 计算 20 日移动平均线完成
2026-03-21 08:28:42 | INFO     | src.indicators.technical_indicators:calculate_ma:133 | 计算 30 日移动平均线完成
2026-03-21 08:28:42 | INFO     | src.indicators.technical_indicators:calculate_ma:133 | 计算 60 日移动平均线完成
2026-03-21 08:28:42 | INFO     | src.indicators.technical_indicators:calculate_ma:133 | 计算 120 日移动平均线完成
2026-03-21 08:28:42 | INFO     | src.indicators.technical_indicators:calculate_ma:133 | 计算 250 日移动平均线完成
2026-03-21 08:28:42 | INFO     | src.indicators.technical_indicators:calculate_sma:157 | 计算 5 日简单移动平均线完成
2026-03-21 08:28:42 | INFO     | src.indicators.technical_indicators:calculate_sma:157 | 计算 10 日简单移动平均线完成
2026-03-21 08:28:42 | INFO     | src.indicators.technical_indicators:calculate_sma:157 | 计算 20 日简单移动平均线完成
2026-03-21 08:28:42 | INFO     | src.indicators.technical_indicators:calculate_sma:157 | 计算 30 日简单移动平均线完成
2026-03-21 08:28:42 | INFO     | src.indicators.technical_indicators:calculate_sma:157 | 计算 60 日简单移动平均线完成
2026-03-21 08:28:42 | INFO     | src.indicators.technical_indicators:calculate_sma:157 | 计算 120 日简单移动平均线完成
2026-03-21 08:28:42 | INFO     | src.indicators.technical_indicators:calculate_sma:157 | 计算 250 日简单移动平均线完成
2026-03-21 08:28:42 | INFO     | src.indicators.technical_indicators:calculate_ema:182 | 计算 12 日指数移动平均线完成
2026-03-21 08:28:42 | INFO     | src.indicators.technical_indicators:calculate_ema:182 | 计算 26 日指数移动平均线完成
2026-03-21 08:28:42 | INFO     | src.indicators.technical_indicators:calculate_rsi:221 | 计算 6 日RSI完成
2026-03-21 08:28:42 | INFO     | src.indicators.technical_indicators:calculate_rsi:221 | 计算 12 日RSI完成
2026-03-21 08:28:42 | INFO     | src.indicators.technical_indicators:calculate_rsi:221 | 计算 24 日RSI完成
2026-03-21 08:28:42 | INFO     | src.indicators.technical_indicators:calculate_macd:263 | 计算MACD完成：快线=12, 慢线=26, 信号线=9
2026-03-21 08:28:42 | INFO     | src.indicators.technical_indicators:calculate_macd:263 | 计算MACD完成：快线=12, 慢线=26, 信号线=12
2026-03-21 08:28:42 | INFO     | src.indicators.technical_indicators:calculate_boll:303 | 计算布林带完成：周期=20, 标准差倍数=2
2026-03-21 08:28:42 | INFO     | src.indicators.technical_indicators:calculate_boll:303 | 计算布林带完成：周期=26, 标准差倍数=2
2026-03-21 08:28:42 | INFO     | src.indicators.technical_indicators:calculate_kdj:350 | 计算KDJ完成：K周期=9, D周期=3, J周期=3
2026-03-21 08:28:42 | INFO     | src.indicators.technical_indicators:calculate_kdj:350 | 计算KDJ完成：K周期=10, D周期=3, J周期=3
2026-03-21 08:28:42 | INFO     | src.indicators.technical_indicators:calculate_atr:385 | 计算 10 日ATR完成
2026-03-21 08:28:42 | INFO     | src.indicators.technical_indicators:calculate_cci:446 | 计算 20 日CCI完成
2026-03-21 08:28:42 | INFO     | src.indicators.technical_indicators:calculate_williams_r:476 | 计算 10 日威廉指标完成
2026-03-21 08:28:42 | INFO     | src.indicators.technical_indicators:calculate_ma:133 | 计算 5 日移动平均线完成
2026-03-21 08:28:42 | INFO     | src.indicators.technical_indicators:calculate_bias:500 | 计算 5 日乖离率完成
2026-03-21 08:28:42 | INFO     | src.indicators.technical_indicators:calculate_ma:133 | 计算 10 日移动平均线完成
2026-03-21 08:28:42 | INFO     | src.indicators.technical_indicators:calculate_bias:500 | 计算 10 日乖离率完成
2026-03-21 08:28:42 | INFO     | src.indicators.technical_indicators:calculate_ma:133 | 计算 20 日移动平均线完成
2026-03-21 08:28:42 | INFO     | src.indicators.technical_indicators:calculate_bias:500 | 计算 20 日乖离率完成
2026-03-21 08:28:42 | INFO     | src.indicators.technical_indicators:calculate_ma:133 | 计算 30 日移动平均线完成
2026-03-21 08:28:42 | INFO     | src.indicators.technical_indicators:calculate_bias:500 | 计算 30 日乖离率完成
2026-03-21 08:28:42 | INFO     | src.indicators.technical_indicators:calculate_ma:133 | 计算 60 日移动平均线完成
2026-03-21 08:28:42 | INFO     | src.indicators.technical_indicators:calculate_bias:500 | 计算 60 日乖离率完成
2026-03-21 08:28:42 | INFO     | src.indicators.technical_indicators:calculate_ma:133 | 计算 120 日移动平均线完成
2026-03-21 08:28:42 | INFO     | src.indicators.technical_indicators:calculate_bias:500 | 计算 120 日乖离率完成
2026-03-21 08:28:42 | INFO     | src.indicators.technical_indicators:calculate_ma:133 | 计算 250 日移动平均线完成
2026-03-21 08:28:42 | INFO     | src.indicators.technical_indicators:calculate_bias:500 | 计算 250 日乖离率完成
2026-03-21 08:28:42 | INFO     | src.indicators.technical_indicators:calculate_psy:523 | 计算 10 日心理线完成
2026-03-21 08:28:42 | INFO     | src.indicators.technical_indicators:calculate_all:640 | 完成计算 48 个技术指标
2026-03-21 08:28:42 | INFO     | src.core.data_fetcher:save_data:589 | 保存数据到 csv 文件: 688256_with_indicators
2026-03-21 08:28:42 | INFO     | src.core.data_fetcher:save_data:610 | 数据保存成功: ./data\688256_with_indicators.csv
2026-03-21 08:28:42 | INFO     | __main__:process_single_fund:142 |   对股票 688256 进行信号判断
2026-03-21 08:28:42 | INFO     | src.core.data_fetcher:save_data:589 | 保存数据到 csv 文件: 688256_signals
2026-03-21 08:28:42 | INFO     | src.core.data_fetcher:save_data:610 | 数据保存成功: ./data\688256_signals.csv
2026-03-21 08:28:42 | INFO     | __main__:process_single_fund:170 |   股票 688256 信号判断完成: 持有 (得分: 0.024)
2026-03-21 08:28:42 | INFO     | src.indicators.technical_indicators:calculate_ma:133 | 计算 5 日移动平均线完成
2026-03-21 08:28:42 | INFO     | src.indicators.technical_indicators:calculate_ma:133 | 计算 10 日移动平均线完成
2026-03-21 08:28:42 | INFO     | src.indicators.technical_indicators:calculate_ma:133 | 计算 20 日移动平均线完成
2026-03-21 08:28:42 | INFO     | src.indicators.technical_indicators:calculate_ma:133 | 计算 30 日移动平均线完成
2026-03-21 08:28:42 | INFO     | src.indicators.technical_indicators:calculate_ma:133 | 计算 60 日移动平均线完成
2026-03-21 08:28:42 | INFO     | src.indicators.technical_indicators:calculate_ma:133 | 计算 120 日移动平均线完成
2026-03-21 08:28:42 | INFO     | src.indicators.technical_indicators:calculate_ma:133 | 计算 250 日移动平均线完成
2026-03-21 08:28:42 | INFO     | src.indicators.technical_indicators:calculate_sma:157 | 计算 5 日简单移动平均线完成
2026-03-21 08:28:42 | INFO     | src.indicators.technical_indicators:calculate_sma:157 | 计算 10 日简单移动平均线完成
2026-03-21 08:28:42 | INFO     | src.indicators.technical_indicators:calculate_sma:157 | 计算 20 日简单移动平均线完成
2026-03-21 08:28:42 | INFO     | src.indicators.technical_indicators:calculate_sma:157 | 计算 30 日简单移动平均线完成
2026-03-21 08:28:42 | INFO     | src.indicators.technical_indicators:calculate_sma:157 | 计算 60 日简单移动平均线完成
2026-03-21 08:28:42 | INFO     | src.indicators.technical_indicators:calculate_sma:157 | 计算 120 日简单移动平均线完成
2026-03-21 08:28:42 | INFO     | src.indicators.technical_indicators:calculate_sma:157 | 计算 250 日简单移动平均线完成
2026-03-21 08:28:42 | INFO     | src.indicators.technical_indicators:calculate_ema:182 | 计算 12 日指数移动平均线完成
2026-03-21 08:28:42 | INFO     | src.indicators.technical_indicators:calculate_ema:182 | 计算 26 日指数移动平均线完成
2026-03-21 08:28:42 | INFO     | src.indicators.technical_indicators:calculate_rsi:221 | 计算 6 日RSI完成
2026-03-21 08:28:42 | INFO     | src.indicators.technical_indicators:calculate_rsi:221 | 计算 12 日RSI完成
2026-03-21 08:28:42 | INFO     | src.indicators.technical_indicators:calculate_rsi:221 | 计算 24 日RSI完成
2026-03-21 08:28:42 | INFO     | src.indicators.technical_indicators:calculate_macd:263 | 计算MACD完成：快线=12, 慢线=26, 信号线=9
2026-03-21 08:28:42 | INFO     | src.indicators.technical_indicators:calculate_macd:263 | 计算MACD完成：快线=12, 慢线=26, 信号线=12
2026-03-21 08:28:42 | INFO     | src.indicators.technical_indicators:calculate_boll:303 | 计算布林带完成：周期=20, 标准差倍数=2
2026-03-21 08:28:42 | INFO     | src.indicators.technical_indicators:calculate_boll:303 | 计算布林带完成：周期=26, 标准差倍数=2
2026-03-21 08:28:42 | INFO     | src.indicators.technical_indicators:calculate_kdj:350 | 计算KDJ完成：K周期=9, D周期=3, J周期=3
2026-03-21 08:28:42 | INFO     | src.indicators.technical_indicators:calculate_kdj:350 | 计算KDJ完成：K周期=10, D周期=3, J周期=3
2026-03-21 08:28:42 | INFO     | src.indicators.technical_indicators:calculate_atr:385 | 计算 10 日ATR完成
2026-03-21 08:28:42 | INFO     | src.indicators.technical_indicators:calculate_cci:446 | 计算 20 日CCI完成
2026-03-21 08:28:42 | INFO     | src.indicators.technical_indicators:calculate_williams_r:476 | 计算 10 日威廉指标完成
2026-03-21 08:28:42 | INFO     | src.indicators.technical_indicators:calculate_ma:133 | 计算 5 日移动平均线完成
2026-03-21 08:28:42 | INFO     | src.indicators.technical_indicators:calculate_bias:500 | 计算 5 日乖离率完成
2026-03-21 08:28:42 | INFO     | src.indicators.technical_indicators:calculate_ma:133 | 计算 10 日移动平均线完成
2026-03-21 08:28:42 | INFO     | src.indicators.technical_indicators:calculate_bias:500 | 计算 10 日乖离率完成
2026-03-21 08:28:42 | INFO     | src.indicators.technical_indicators:calculate_ma:133 | 计算 20 日移动平均线完成
2026-03-21 08:28:42 | INFO     | src.indicators.technical_indicators:calculate_bias:500 | 计算 20 日乖离率完成
2026-03-21 08:28:42 | INFO     | src.indicators.technical_indicators:calculate_ma:133 | 计算 30 日移动平均线完成
2026-03-21 08:28:42 | INFO     | src.indicators.technical_indicators:calculate_bias:500 | 计算 30 日乖离率完成
2026-03-21 08:28:42 | INFO     | src.indicators.technical_indicators:calculate_ma:133 | 计算 60 日移动平均线完成
2026-03-21 08:28:42 | INFO     | src.indicators.technical_indicators:calculate_bias:500 | 计算 60 日乖离率完成
2026-03-21 08:28:42 | INFO     | src.indicators.technical_indicators:calculate_ma:133 | 计算 120 日移动平均线完成
2026-03-21 08:28:42 | INFO     | src.indicators.technical_indicators:calculate_bias:500 | 计算 120 日乖离率完成
2026-03-21 08:28:42 | INFO     | src.indicators.technical_indicators:calculate_ma:133 | 计算 250 日移动平均线完成
2026-03-21 08:28:42 | INFO     | src.indicators.technical_indicators:calculate_bias:500 | 计算 250 日乖离率完成
2026-03-21 08:28:42 | INFO     | src.indicators.technical_indicators:calculate_psy:523 | 计算 10 日心理线完成
2026-03-21 08:28:42 | INFO     | src.indicators.technical_indicators:calculate_all:640 | 完成计算 48 个技术指标
2026-03-21 08:28:42 | INFO     | src.core.data_fetcher:save_data:589 | 保存数据到 csv 文件: 601689_with_indicators
2026-03-21 08:28:42 | INFO     | src.core.data_fetcher:save_data:610 | 数据保存成功: ./data\601689_with_indicators.csv
2026-03-21 08:28:42 | INFO     | __main__:process_single_fund:142 |   对股票 601689 进行信号判断
2026-03-21 08:28:42 | INFO     | src.core.data_fetcher:save_data:589 | 保存数据到 csv 文件: 601689_signals
2026-03-21 08:28:42 | INFO     | src.core.data_fetcher:save_data:610 | 数据保存成功: ./data\601689_signals.csv
2026-03-21 08:28:42 | INFO     | __main__:process_single_fund:170 |   股票 601689 信号判断完成: 持有 (得分: 0.125)
2026-03-21 08:28:42 | INFO     | src.indicators.technical_indicators:calculate_ma:133 | 计算 5 日移动平均线完成
2026-03-21 08:28:42 | INFO     | src.indicators.technical_indicators:calculate_ma:133 | 计算 10 日移动平均线完成
2026-03-21 08:28:42 | INFO     | src.indicators.technical_indicators:calculate_ma:133 | 计算 20 日移动平均线完成
2026-03-21 08:28:42 | INFO     | src.indicators.technical_indicators:calculate_ma:133 | 计算 30 日移动平均线完成
2026-03-21 08:28:42 | INFO     | src.indicators.technical_indicators:calculate_ma:133 | 计算 60 日移动平均线完成
2026-03-21 08:28:42 | INFO     | src.indicators.technical_indicators:calculate_ma:133 | 计算 120 日移动平均线完成
2026-03-21 08:28:42 | INFO     | src.indicators.technical_indicators:calculate_ma:133 | 计算 250 日移动平均线完成
2026-03-21 08:28:42 | INFO     | src.indicators.technical_indicators:calculate_sma:157 | 计算 5 日简单移动平均线完成
2026-03-21 08:28:42 | INFO     | src.indicators.technical_indicators:calculate_sma:157 | 计算 10 日简单移动平均线完成
2026-03-21 08:28:42 | INFO     | src.indicators.technical_indicators:calculate_sma:157 | 计算 20 日简单移动平均线完成
2026-03-21 08:28:42 | INFO     | src.indicators.technical_indicators:calculate_sma:157 | 计算 30 日简单移动平均线完成
2026-03-21 08:28:42 | INFO     | src.indicators.technical_indicators:calculate_sma:157 | 计算 60 日简单移动平均线完成
2026-03-21 08:28:42 | INFO     | src.indicators.technical_indicators:calculate_sma:157 | 计算 120 日简单移动平均线完成
2026-03-21 08:28:42 | INFO     | src.indicators.technical_indicators:calculate_sma:157 | 计算 250 日简单移动平均线完成
2026-03-21 08:28:42 | INFO     | src.indicators.technical_indicators:calculate_ema:182 | 计算 12 日指数移动平均线完成
2026-03-21 08:28:42 | INFO     | src.indicators.technical_indicators:calculate_ema:182 | 计算 26 日指数移动平均线完成
2026-03-21 08:28:42 | INFO     | src.indicators.technical_indicators:calculate_rsi:221 | 计算 6 日RSI完成
2026-03-21 08:28:42 | INFO     | src.indicators.technical_indicators:calculate_rsi:221 | 计算 12 日RSI完成
2026-03-21 08:28:42 | INFO     | src.indicators.technical_indicators:calculate_rsi:221 | 计算 24 日RSI完成
2026-03-21 08:28:42 | INFO     | src.indicators.technical_indicators:calculate_macd:263 | 计算MACD完成：快线=12, 慢线=26, 信号线=9
2026-03-21 08:28:42 | INFO     | src.indicators.technical_indicators:calculate_macd:263 | 计算MACD完成：快线=12, 慢线=26, 信号线=12
2026-03-21 08:28:42 | INFO     | src.indicators.technical_indicators:calculate_boll:303 | 计算布林带完成：周期=20, 标准差倍数=2
2026-03-21 08:28:42 | INFO     | src.indicators.technical_indicators:calculate_boll:303 | 计算布林带完成：周期=26, 标准差倍数=2
2026-03-21 08:28:42 | INFO     | src.indicators.technical_indicators:calculate_kdj:350 | 计算KDJ完成：K周期=9, D周期=3, J周期=3
2026-03-21 08:28:42 | INFO     | src.indicators.technical_indicators:calculate_kdj:350 | 计算KDJ完成：K周期=10, D周期=3, J周期=3
2026-03-21 08:28:42 | INFO     | src.indicators.technical_indicators:calculate_atr:385 | 计算 10 日ATR完成
2026-03-21 08:28:42 | INFO     | src.indicators.technical_indicators:calculate_cci:446 | 计算 20 日CCI完成
2026-03-21 08:28:42 | INFO     | src.indicators.technical_indicators:calculate_williams_r:476 | 计算 10 日威廉指标完成
2026-03-21 08:28:42 | INFO     | src.indicators.technical_indicators:calculate_ma:133 | 计算 5 日移动平均线完成
2026-03-21 08:28:42 | INFO     | src.indicators.technical_indicators:calculate_bias:500 | 计算 5 日乖离率完成
2026-03-21 08:28:42 | INFO     | src.indicators.technical_indicators:calculate_ma:133 | 计算 10 日移动平均线完成
2026-03-21 08:28:42 | INFO     | src.indicators.technical_indicators:calculate_bias:500 | 计算 10 日乖离率完成
2026-03-21 08:28:42 | INFO     | src.indicators.technical_indicators:calculate_ma:133 | 计算 20 日移动平均线完成
2026-03-21 08:28:42 | INFO     | src.indicators.technical_indicators:calculate_bias:500 | 计算 20 日乖离率完成
2026-03-21 08:28:42 | INFO     | src.indicators.technical_indicators:calculate_ma:133 | 计算 30 日移动平均线完成
2026-03-21 08:28:42 | INFO     | src.indicators.technical_indicators:calculate_bias:500 | 计算 30 日乖离率完成
2026-03-21 08:28:42 | INFO     | src.indicators.technical_indicators:calculate_ma:133 | 计算 60 日移动平均线完成
2026-03-21 08:28:42 | INFO     | src.indicators.technical_indicators:calculate_bias:500 | 计算 60 日乖离率完成
2026-03-21 08:28:42 | INFO     | src.indicators.technical_indicators:calculate_ma:133 | 计算 120 日移动平均线完成
2026-03-21 08:28:42 | INFO     | src.indicators.technical_indicators:calculate_bias:500 | 计算 120 日乖离率完成
2026-03-21 08:28:42 | INFO     | src.indicators.technical_indicators:calculate_ma:133 | 计算 250 日移动平均线完成
2026-03-21 08:28:42 | INFO     | src.indicators.technical_indicators:calculate_bias:500 | 计算 250 日乖离率完成
2026-03-21 08:28:42 | INFO     | src.indicators.technical_indicators:calculate_psy:523 | 计算 10 日心理线完成
2026-03-21 08:28:42 | INFO     | src.indicators.technical_indicators:calculate_all:640 | 完成计算 48 个技术指标
2026-03-21 08:28:42 | INFO     | src.core.data_fetcher:save_data:589 | 保存数据到 csv 文件: 300502_with_indicators
2026-03-21 08:28:42 | INFO     | src.core.data_fetcher:save_data:610 | 数据保存成功: ./data\300502_with_indicators.csv
2026-03-21 08:28:42 | INFO     | __main__:process_single_fund:142 |   对股票 300502 进行信号判断
2026-03-21 08:28:42 | INFO     | src.core.data_fetcher:save_data:589 | 保存数据到 csv 文件: 300502_signals
2026-03-21 08:28:42 | INFO     | src.core.data_fetcher:save_data:610 | 数据保存成功: ./data\300502_signals.csv
2026-03-21 08:28:42 | INFO     | __main__:process_single_fund:170 |   股票 300502 信号判断完成: 持有 (得分: -0.002)
2026-03-21 08:28:42 | INFO     | src.indicators.technical_indicators:calculate_ma:133 | 计算 5 日移动平均线完成
2026-03-21 08:28:42 | INFO     | src.indicators.technical_indicators:calculate_ma:133 | 计算 10 日移动平均线完成
2026-03-21 08:28:42 | INFO     | src.indicators.technical_indicators:calculate_ma:133 | 计算 20 日移动平均线完成
2026-03-21 08:28:42 | INFO     | src.indicators.technical_indicators:calculate_ma:133 | 计算 30 日移动平均线完成
2026-03-21 08:28:42 | INFO     | src.indicators.technical_indicators:calculate_ma:133 | 计算 60 日移动平均线完成
2026-03-21 08:28:42 | INFO     | src.indicators.technical_indicators:calculate_ma:133 | 计算 120 日移动平均线完成
2026-03-21 08:28:42 | INFO     | src.indicators.technical_indicators:calculate_ma:133 | 计算 250 日移动平均线完成
2026-03-21 08:28:42 | INFO     | src.indicators.technical_indicators:calculate_sma:157 | 计算 5 日简单移动平均线完成
2026-03-21 08:28:42 | INFO     | src.indicators.technical_indicators:calculate_sma:157 | 计算 10 日简单移动平均线完成
2026-03-21 08:28:42 | INFO     | src.indicators.technical_indicators:calculate_sma:157 | 计算 20 日简单移动平均线完成
2026-03-21 08:28:42 | INFO     | src.indicators.technical_indicators:calculate_sma:157 | 计算 30 日简单移动平均线完成
2026-03-21 08:28:42 | INFO     | src.indicators.technical_indicators:calculate_sma:157 | 计算 60 日简单移动平均线完成
2026-03-21 08:28:42 | INFO     | src.indicators.technical_indicators:calculate_sma:157 | 计算 120 日简单移动平均线完成
2026-03-21 08:28:42 | INFO     | src.indicators.technical_indicators:calculate_sma:157 | 计算 250 日简单移动平均线完成
2026-03-21 08:28:42 | INFO     | src.indicators.technical_indicators:calculate_ema:182 | 计算 12 日指数移动平均线完成
2026-03-21 08:28:42 | INFO     | src.indicators.technical_indicators:calculate_ema:182 | 计算 26 日指数移动平均线完成
2026-03-21 08:28:42 | INFO     | src.indicators.technical_indicators:calculate_rsi:221 | 计算 6 日RSI完成
2026-03-21 08:28:42 | INFO     | src.indicators.technical_indicators:calculate_rsi:221 | 计算 12 日RSI完成
2026-03-21 08:28:42 | INFO     | src.indicators.technical_indicators:calculate_rsi:221 | 计算 24 日RSI完成
2026-03-21 08:28:42 | INFO     | src.indicators.technical_indicators:calculate_macd:263 | 计算MACD完成：快线=12, 慢线=26, 信号线=9
2026-03-21 08:28:42 | INFO     | src.indicators.technical_indicators:calculate_macd:263 | 计算MACD完成：快线=12, 慢线=26, 信号线=12
2026-03-21 08:28:42 | INFO     | src.indicators.technical_indicators:calculate_boll:303 | 计算布林带完成：周期=20, 标准差倍数=2
2026-03-21 08:28:42 | INFO     | src.indicators.technical_indicators:calculate_boll:303 | 计算布林带完成：周期=26, 标准差倍数=2
2026-03-21 08:28:42 | INFO     | src.indicators.technical_indicators:calculate_kdj:350 | 计算KDJ完成：K周期=9, D周期=3, J周期=3
2026-03-21 08:28:42 | INFO     | src.indicators.technical_indicators:calculate_kdj:350 | 计算KDJ完成：K周期=10, D周期=3, J周期=3
2026-03-21 08:28:42 | INFO     | src.indicators.technical_indicators:calculate_atr:385 | 计算 10 日ATR完成
2026-03-21 08:28:42 | INFO     | src.indicators.technical_indicators:calculate_cci:446 | 计算 20 日CCI完成
2026-03-21 08:28:42 | INFO     | src.indicators.technical_indicators:calculate_williams_r:476 | 计算 10 日威廉指标完成
2026-03-21 08:28:42 | INFO     | src.indicators.technical_indicators:calculate_ma:133 | 计算 5 日移动平均线完成
2026-03-21 08:28:42 | INFO     | src.indicators.technical_indicators:calculate_bias:500 | 计算 5 日乖离率完成
2026-03-21 08:28:42 | INFO     | src.indicators.technical_indicators:calculate_ma:133 | 计算 10 日移动平均线完成
2026-03-21 08:28:42 | INFO     | src.indicators.technical_indicators:calculate_bias:500 | 计算 10 日乖离率完成
2026-03-21 08:28:42 | INFO     | src.indicators.technical_indicators:calculate_ma:133 | 计算 20 日移动平均线完成
2026-03-21 08:28:42 | INFO     | src.indicators.technical_indicators:calculate_bias:500 | 计算 20 日乖离率完成
2026-03-21 08:28:42 | INFO     | src.indicators.technical_indicators:calculate_ma:133 | 计算 30 日移动平均线完成
2026-03-21 08:28:42 | INFO     | src.indicators.technical_indicators:calculate_bias:500 | 计算 30 日乖离率完成
2026-03-21 08:28:42 | INFO     | src.indicators.technical_indicators:calculate_ma:133 | 计算 60 日移动平均线完成
2026-03-21 08:28:42 | INFO     | src.indicators.technical_indicators:calculate_bias:500 | 计算 60 日乖离率完成
2026-03-21 08:28:42 | INFO     | src.indicators.technical_indicators:calculate_ma:133 | 计算 120 日移动平均线完成
2026-03-21 08:28:42 | INFO     | src.indicators.technical_indicators:calculate_bias:500 | 计算 120 日乖离率完成
2026-03-21 08:28:42 | INFO     | src.indicators.technical_indicators:calculate_ma:133 | 计算 250 日移动平均线完成
2026-03-21 08:28:42 | INFO     | src.indicators.technical_indicators:calculate_bias:500 | 计算 250 日乖离率完成
2026-03-21 08:28:42 | INFO     | src.indicators.technical_indicators:calculate_psy:523 | 计算 10 日心理线完成
2026-03-21 08:28:42 | INFO     | src.indicators.technical_indicators:calculate_all:640 | 完成计算 48 个技术指标
2026-03-21 08:28:42 | INFO     | src.core.data_fetcher:save_data:589 | 保存数据到 csv 文件: 688041_with_indicators
2026-03-21 08:28:42 | INFO     | src.core.data_fetcher:save_data:610 | 数据保存成功: ./data\688041_with_indicators.csv
2026-03-21 08:28:42 | INFO     | __main__:process_single_fund:142 |   对股票 688041 进行信号判断
2026-03-21 08:28:42 | INFO     | src.core.data_fetcher:save_data:589 | 保存数据到 csv 文件: 688041_signals
2026-03-21 08:28:42 | INFO     | src.core.data_fetcher:save_data:610 | 数据保存成功: ./data\688041_signals.csv
2026-03-21 08:28:42 | INFO     | __main__:process_single_fund:170 |   股票 688041 信号判断完成: 持有 (得分: 0.079)
2026-03-21 08:28:42 | INFO     | src.indicators.technical_indicators:calculate_ma:133 | 计算 5 日移动平均线完成
2026-03-21 08:28:42 | INFO     | src.indicators.technical_indicators:calculate_ma:133 | 计算 10 日移动平均线完成
2026-03-21 08:28:42 | INFO     | src.indicators.technical_indicators:calculate_ma:133 | 计算 20 日移动平均线完成
2026-03-21 08:28:42 | INFO     | src.indicators.technical_indicators:calculate_ma:133 | 计算 30 日移动平均线完成
2026-03-21 08:28:42 | INFO     | src.indicators.technical_indicators:calculate_ma:133 | 计算 60 日移动平均线完成
2026-03-21 08:28:42 | INFO     | src.indicators.technical_indicators:calculate_ma:133 | 计算 120 日移动平均线完成
2026-03-21 08:28:42 | INFO     | src.indicators.technical_indicators:calculate_ma:133 | 计算 250 日移动平均线完成
2026-03-21 08:28:42 | INFO     | src.indicators.technical_indicators:calculate_sma:157 | 计算 5 日简单移动平均线完成
2026-03-21 08:28:42 | INFO     | src.indicators.technical_indicators:calculate_sma:157 | 计算 10 日简单移动平均线完成
2026-03-21 08:28:42 | INFO     | src.indicators.technical_indicators:calculate_sma:157 | 计算 20 日简单移动平均线完成
2026-03-21 08:28:42 | INFO     | src.indicators.technical_indicators:calculate_sma:157 | 计算 30 日简单移动平均线完成
2026-03-21 08:28:42 | INFO     | src.indicators.technical_indicators:calculate_sma:157 | 计算 60 日简单移动平均线完成
2026-03-21 08:28:42 | INFO     | src.indicators.technical_indicators:calculate_sma:157 | 计算 120 日简单移动平均线完成
2026-03-21 08:28:42 | INFO     | src.indicators.technical_indicators:calculate_sma:157 | 计算 250 日简单移动平均线完成
2026-03-21 08:28:42 | INFO     | src.indicators.technical_indicators:calculate_ema:182 | 计算 12 日指数移动平均线完成
2026-03-21 08:28:42 | INFO     | src.indicators.technical_indicators:calculate_ema:182 | 计算 26 日指数移动平均线完成
2026-03-21 08:28:42 | INFO     | src.indicators.technical_indicators:calculate_rsi:221 | 计算 6 日RSI完成
2026-03-21 08:28:42 | INFO     | src.indicators.technical_indicators:calculate_rsi:221 | 计算 12 日RSI完成
2026-03-21 08:28:42 | INFO     | src.indicators.technical_indicators:calculate_rsi:221 | 计算 24 日RSI完成
2026-03-21 08:28:42 | INFO     | src.indicators.technical_indicators:calculate_macd:263 | 计算MACD完成：快线=12, 慢线=26, 信号线=9
2026-03-21 08:28:42 | INFO     | src.indicators.technical_indicators:calculate_macd:263 | 计算MACD完成：快线=12, 慢线=26, 信号线=12
2026-03-21 08:28:42 | INFO     | src.indicators.technical_indicators:calculate_boll:303 | 计算布林带完成：周期=20, 标准差倍数=2
2026-03-21 08:28:42 | INFO     | src.indicators.technical_indicators:calculate_boll:303 | 计算布林带完成：周期=26, 标准差倍数=2
2026-03-21 08:28:42 | INFO     | src.indicators.technical_indicators:calculate_kdj:350 | 计算KDJ完成：K周期=9, D周期=3, J周期=3
2026-03-21 08:28:42 | INFO     | src.indicators.technical_indicators:calculate_kdj:350 | 计算KDJ完成：K周期=10, D周期=3, J周期=3
2026-03-21 08:28:42 | INFO     | src.indicators.technical_indicators:calculate_atr:385 | 计算 10 日ATR完成
2026-03-21 08:28:42 | INFO     | src.indicators.technical_indicators:calculate_cci:446 | 计算 20 日CCI完成
2026-03-21 08:28:42 | INFO     | src.indicators.technical_indicators:calculate_williams_r:476 | 计算 10 日威廉指标完成
2026-03-21 08:28:42 | INFO     | src.indicators.technical_indicators:calculate_ma:133 | 计算 5 日移动平均线完成
2026-03-21 08:28:42 | INFO     | src.indicators.technical_indicators:calculate_bias:500 | 计算 5 日乖离率完成
2026-03-21 08:28:42 | INFO     | src.indicators.technical_indicators:calculate_ma:133 | 计算 10 日移动平均线完成
2026-03-21 08:28:42 | INFO     | src.indicators.technical_indicators:calculate_bias:500 | 计算 10 日乖离率完成
2026-03-21 08:28:42 | INFO     | src.indicators.technical_indicators:calculate_ma:133 | 计算 20 日移动平均线完成
2026-03-21 08:28:42 | INFO     | src.indicators.technical_indicators:calculate_bias:500 | 计算 20 日乖离率完成
2026-03-21 08:28:42 | INFO     | src.indicators.technical_indicators:calculate_ma:133 | 计算 30 日移动平均线完成
2026-03-21 08:28:42 | INFO     | src.indicators.technical_indicators:calculate_bias:500 | 计算 30 日乖离率完成
2026-03-21 08:28:42 | INFO     | src.indicators.technical_indicators:calculate_ma:133 | 计算 60 日移动平均线完成
2026-03-21 08:28:42 | INFO     | src.indicators.technical_indicators:calculate_bias:500 | 计算 60 日乖离率完成
2026-03-21 08:28:42 | INFO     | src.indicators.technical_indicators:calculate_ma:133 | 计算 120 日移动平均线完成
2026-03-21 08:28:42 | INFO     | src.indicators.technical_indicators:calculate_bias:500 | 计算 120 日乖离率完成
2026-03-21 08:28:42 | INFO     | src.indicators.technical_indicators:calculate_ma:133 | 计算 250 日移动平均线完成
2026-03-21 08:28:42 | INFO     | src.indicators.technical_indicators:calculate_bias:500 | 计算 250 日乖离率完成
2026-03-21 08:28:42 | INFO     | src.indicators.technical_indicators:calculate_psy:523 | 计算 10 日心理线完成
2026-03-21 08:28:42 | INFO     | src.indicators.technical_indicators:calculate_all:640 | 完成计算 48 个技术指标
2026-03-21 08:28:42 | INFO     | src.core.data_fetcher:save_data:589 | 保存数据到 csv 文件: 688019_with_indicators
2026-03-21 08:28:42 | INFO     | src.core.data_fetcher:save_data:610 | 数据保存成功: ./data\688019_with_indicators.csv
2026-03-21 08:28:42 | INFO     | __main__:process_single_fund:142 |   对股票 688019 进行信号判断
2026-03-21 08:28:42 | INFO     | src.core.data_fetcher:save_data:589 | 保存数据到 csv 文件: 688019_signals
2026-03-21 08:28:42 | INFO     | src.core.data_fetcher:save_data:610 | 数据保存成功: ./data\688019_signals.csv
2026-03-21 08:28:42 | INFO     | __main__:process_single_fund:170 |   股票 688019 信号判断完成: 持有 (得分: 0.000)
2026-03-21 08:28:42 | INFO     | src.indicators.technical_indicators:calculate_ma:133 | 计算 5 日移动平均线完成
2026-03-21 08:28:42 | INFO     | src.indicators.technical_indicators:calculate_ma:133 | 计算 10 日移动平均线完成
2026-03-21 08:28:42 | INFO     | src.indicators.technical_indicators:calculate_ma:133 | 计算 20 日移动平均线完成
2026-03-21 08:28:42 | INFO     | src.indicators.technical_indicators:calculate_ma:133 | 计算 30 日移动平均线完成
2026-03-21 08:28:42 | INFO     | src.indicators.technical_indicators:calculate_ma:133 | 计算 60 日移动平均线完成
2026-03-21 08:28:42 | INFO     | src.indicators.technical_indicators:calculate_ma:133 | 计算 120 日移动平均线完成
2026-03-21 08:28:42 | INFO     | src.indicators.technical_indicators:calculate_ma:133 | 计算 250 日移动平均线完成
2026-03-21 08:28:42 | INFO     | src.indicators.technical_indicators:calculate_sma:157 | 计算 5 日简单移动平均线完成
2026-03-21 08:28:42 | INFO     | src.indicators.technical_indicators:calculate_sma:157 | 计算 10 日简单移动平均线完成
2026-03-21 08:28:42 | INFO     | src.indicators.technical_indicators:calculate_sma:157 | 计算 20 日简单移动平均线完成
2026-03-21 08:28:42 | INFO     | src.indicators.technical_indicators:calculate_sma:157 | 计算 30 日简单移动平均线完成
2026-03-21 08:28:42 | INFO     | src.indicators.technical_indicators:calculate_sma:157 | 计算 60 日简单移动平均线完成
2026-03-21 08:28:42 | INFO     | src.indicators.technical_indicators:calculate_sma:157 | 计算 120 日简单移动平均线完成
2026-03-21 08:28:42 | INFO     | src.indicators.technical_indicators:calculate_sma:157 | 计算 250 日简单移动平均线完成
2026-03-21 08:28:42 | INFO     | src.indicators.technical_indicators:calculate_ema:182 | 计算 12 日指数移动平均线完成
2026-03-21 08:28:42 | INFO     | src.indicators.technical_indicators:calculate_ema:182 | 计算 26 日指数移动平均线完成
2026-03-21 08:28:42 | INFO     | src.indicators.technical_indicators:calculate_rsi:221 | 计算 6 日RSI完成
2026-03-21 08:28:42 | INFO     | src.indicators.technical_indicators:calculate_rsi:221 | 计算 12 日RSI完成
2026-03-21 08:28:42 | INFO     | src.indicators.technical_indicators:calculate_rsi:221 | 计算 24 日RSI完成
2026-03-21 08:28:42 | INFO     | src.indicators.technical_indicators:calculate_macd:263 | 计算MACD完成：快线=12, 慢线=26, 信号线=9
2026-03-21 08:28:42 | INFO     | src.indicators.technical_indicators:calculate_macd:263 | 计算MACD完成：快线=12, 慢线=26, 信号线=12
2026-03-21 08:28:42 | INFO     | src.indicators.technical_indicators:calculate_boll:303 | 计算布林带完成：周期=20, 标准差倍数=2
2026-03-21 08:28:42 | INFO     | src.indicators.technical_indicators:calculate_boll:303 | 计算布林带完成：周期=26, 标准差倍数=2
2026-03-21 08:28:42 | INFO     | src.indicators.technical_indicators:calculate_kdj:350 | 计算KDJ完成：K周期=9, D周期=3, J周期=3
2026-03-21 08:28:42 | INFO     | src.indicators.technical_indicators:calculate_kdj:350 | 计算KDJ完成：K周期=10, D周期=3, J周期=3
2026-03-21 08:28:42 | INFO     | src.indicators.technical_indicators:calculate_atr:385 | 计算 10 日ATR完成
2026-03-21 08:28:42 | INFO     | src.indicators.technical_indicators:calculate_cci:446 | 计算 20 日CCI完成
2026-03-21 08:28:42 | INFO     | src.indicators.technical_indicators:calculate_williams_r:476 | 计算 10 日威廉指标完成
2026-03-21 08:28:42 | INFO     | src.indicators.technical_indicators:calculate_ma:133 | 计算 5 日移动平均线完成
2026-03-21 08:28:42 | INFO     | src.indicators.technical_indicators:calculate_bias:500 | 计算 5 日乖离率完成
2026-03-21 08:28:42 | INFO     | src.indicators.technical_indicators:calculate_ma:133 | 计算 10 日移动平均线完成
2026-03-21 08:28:42 | INFO     | src.indicators.technical_indicators:calculate_bias:500 | 计算 10 日乖离率完成
2026-03-21 08:28:42 | INFO     | src.indicators.technical_indicators:calculate_ma:133 | 计算 20 日移动平均线完成
2026-03-21 08:28:42 | INFO     | src.indicators.technical_indicators:calculate_bias:500 | 计算 20 日乖离率完成
2026-03-21 08:28:42 | INFO     | src.indicators.technical_indicators:calculate_ma:133 | 计算 30 日移动平均线完成
2026-03-21 08:28:42 | INFO     | src.indicators.technical_indicators:calculate_bias:500 | 计算 30 日乖离率完成
2026-03-21 08:28:42 | INFO     | src.indicators.technical_indicators:calculate_ma:133 | 计算 60 日移动平均线完成
2026-03-21 08:28:42 | INFO     | src.indicators.technical_indicators:calculate_bias:500 | 计算 60 日乖离率完成
2026-03-21 08:28:42 | INFO     | src.indicators.technical_indicators:calculate_ma:133 | 计算 120 日移动平均线完成
2026-03-21 08:28:42 | INFO     | src.indicators.technical_indicators:calculate_bias:500 | 计算 120 日乖离率完成
2026-03-21 08:28:42 | INFO     | src.indicators.technical_indicators:calculate_ma:133 | 计算 250 日移动平均线完成
2026-03-21 08:28:42 | INFO     | src.indicators.technical_indicators:calculate_bias:500 | 计算 250 日乖离率完成
2026-03-21 08:28:42 | INFO     | src.indicators.technical_indicators:calculate_psy:523 | 计算 10 日心理线完成
2026-03-21 08:28:42 | INFO     | src.indicators.technical_indicators:calculate_all:640 | 完成计算 48 个技术指标
2026-03-21 08:28:42 | INFO     | src.core.data_fetcher:save_data:589 | 保存数据到 csv 文件: 603986_with_indicators
2026-03-21 08:28:42 | INFO     | src.core.data_fetcher:save_data:610 | 数据保存成功: ./data\603986_with_indicators.csv
2026-03-21 08:28:42 | INFO     | __main__:process_single_fund:142 |   对股票 603986 进行信号判断
2026-03-21 08:28:42 | INFO     | src.core.data_fetcher:save_data:589 | 保存数据到 csv 文件: 603986_signals
2026-03-21 08:28:42 | INFO     | src.core.data_fetcher:save_data:610 | 数据保存成功: ./data\603986_signals.csv
2026-03-21 08:28:42 | INFO     | __main__:process_single_fund:170 |   股票 603986 信号判断完成: 持有 (得分: 0.000)
2026-03-21 08:28:42 | INFO     | __main__:process_single_fund:191 | 步骤5: 生成汇总报告
2026-03-21 08:28:42 | INFO     | __main__:process_single_fund:195 | ============================================================
2026-03-21 08:28:42 | INFO     | __main__:process_single_fund:196 | 基金 000001 处理完成!
2026-03-21 08:28:42 | INFO     | __main__:process_single_fund:197 | 总股票数: 10
2026-03-21 08:28:42 | INFO     | __main__:process_single_fund:198 | 成功: 10
2026-03-21 08:28:42 | INFO     | __main__:process_single_fund:199 | 失败: 0
2026-03-21 08:28:42 | INFO     | __main__:process_single_fund:200 | ============================================================
2026-03-21 08:28:42 | INFO     | __main__:process_single_fund:209 | 基金 000001 的所有技术指标已保存为 CSV 文件
2026-03-21 08:28:43 | DEBUG    | src.notify.channels.ntfy:send:87 | ntfy 消息发送成功: ✅ 基金 {fund_code} 分析完成
得分: {score:.3f}
建议: {recomme...
2026-03-21 08:28:43 | DEBUG    | src.notify.base:send_with_retry:126 | 通知器 ntfy 发送成功
2026-03-21 08:28:43 | DEBUG    | src.notify.manager:send:140 | 消息发送成功到渠道 ntfy
2026-03-21 08:28:43 | INFO     | __main__:run_technical_workflow:653 | 基金 000001 处理完成
2026-03-21 08:28:43 | INFO     | __main__:run_technical_workflow:654 | ============================================================

2026-03-21 08:28:43 | INFO     | __main__:run_technical_workflow:656 | 
============================================================
2026-03-21 08:28:43 | INFO     | __main__:run_technical_workflow:657 | 批量处理完成!
2026-03-21 08:28:43 | INFO     | __main__:run_technical_workflow:658 | ============================================================
2026-03-21 08:28:43 | INFO     | __main__:run_technical_workflow:664 | 总基金数: 3
2026-03-21 08:28:43 | INFO     | __main__:run_technical_workflow:665 | 成功处理: 3
2026-03-21 08:28:43 | INFO     | __main__:run_technical_workflow:666 | 处理失败: 0
2026-03-21 08:28:43 | INFO     | __main__:run_technical_workflow:672 | 总股票数（所有基金）: 30
2026-03-21 08:28:43 | INFO     | __main__:run_technical_workflow:673 | 成功股票数: 30
2026-03-21 08:28:43 | INFO     | __main__:run_technical_workflow:674 | 失败股票数: 0
2026-03-21 08:28:43 | INFO     | __main__:run_technical_workflow:682 | ============================================================
2026-03-21 08:28:43 | INFO     | __main__:run_technical_workflow:683 | 所有基金的技术指标计算已完成!
2026-03-21 08:28:43 | INFO     | __main__:run_technical_workflow:684 | ============================================================
2026-03-21 08:28:43 | INFO     | __main__:run_technical_workflow:686 | 
============================================================
2026-03-21 08:28:43 | INFO     | __main__:run_technical_workflow:687 | 提示: 您可以使用 --analyze 参数进行基金加权平均分析
2026-03-21 08:28:43 | INFO     | __main__:run_technical_workflow:688 | 示例: python main.py --single-fund 005538 --analyze
2026-03-21 08:28:43 | INFO     | __main__:run_technical_workflow:689 | 这将基于基金持仓股票的持有比例进行加权平均，判断基金是否还能继续持有
2026-03-21 08:28:43 | INFO     | __main__:run_technical_workflow:690 | ============================================================
2026-03-21 08:29:05 | INFO     | __main__:run_technical_workflow:705 | 将对以下基金进行加权平均分析: ['005538', '015790', '000001']
2026-03-21 08:29:05 | INFO     | __main__:run_analysis_workflow:606 | 开始进行基金加权平均分析
2026-03-21 08:29:05 | INFO     | __main__:run_analysis_workflow:607 | 基金代码列表: ['005538', '015790', '000001']
2026-03-21 08:29:05 | INFO     | src.data.reader:__init__:29 | 数据读取器初始化完成，基础路径: data
2026-03-21 08:29:05 | INFO     | __main__:run_analysis_workflow:614 | 
============================================================
2026-03-21 08:29:05 | INFO     | __main__:run_analysis_workflow:615 | 开始分析基金: 005538
2026-03-21 08:29:05 | INFO     | __main__:run_analysis_workflow:616 | ============================================================
2026-03-21 08:29:05 | INFO     | __main__:perform_fund_analysis:342 | 执行基金 005538 的完整加权平均分析流程...
2026-03-21 08:29:05 | INFO     | __main__:perform_fund_analysis:346 | 【步骤1】获取基金持仓数据
2026-03-21 08:29:05 | INFO     | src.core.data_fetcher:inner:463 | 获取基金 005538 持仓
2026-03-21 08:29:05 | INFO     | __main__:perform_fund_analysis:353 | 【步骤2】过滤最新季度数据
2026-03-21 08:29:05 | INFO     | src.analysis.quarter_filter:filter_latest_quarter_data:62 | 识别到最新季度: 2025年Q4
2026-03-21 08:29:05 | INFO     | src.analysis.quarter_filter:filter_latest_quarter_data:76 | 过滤结果: 从 81 条记录中筛选出 10 条最新季度数据
2026-03-21 08:29:05 | INFO     | __main__:perform_fund_analysis:361 | 最新季度持仓股票数量: 10
2026-03-21 08:29:05 | INFO     | __main__:perform_fund_analysis:362 | 股票代码列表: ['301662', '688778', '688155', '300450', '301617', '688147', '688499', '301150', '002846', '300092']
2026-03-21 08:29:05 | INFO     | __main__:perform_fund_analysis:365 | 【步骤3】检查股票信号数据
2026-03-21 08:29:05 | INFO     | __main__:perform_fund_analysis:472 | 所有股票的信号数据已存在，跳过技术指标计算步骤
2026-03-21 08:29:05 | INFO     | __main__:perform_fund_analysis:475 | 【步骤4】进行基金加权平均分析
2026-03-21 08:29:05 | INFO     | src.analysis.fund_weighted_analyzer:parse_holdings_data:246 | 解析到 10 只股票持仓数据
2026-03-21 08:29:05 | INFO     | src.analysis.fund_weighted_analyzer:analyze_fund:279 | 分析股票 301662 (宏工科技)
2026-03-21 08:29:05 | INFO     | src.analysis.fund_weighted_analyzer:analyze_fund:279 | 分析股票 688778 (厦钨新能)
2026-03-21 08:29:05 | INFO     | src.analysis.fund_weighted_analyzer:analyze_fund:279 | 分析股票 688155 (先惠技术)
2026-03-21 08:29:05 | INFO     | src.analysis.fund_weighted_analyzer:analyze_fund:279 | 分析股票 300450 (先导智能)
2026-03-21 08:29:05 | INFO     | src.analysis.fund_weighted_analyzer:analyze_fund:279 | 分析股票 301617 (博苑股份)
2026-03-21 08:29:05 | INFO     | src.analysis.fund_weighted_analyzer:analyze_fund:279 | 分析股票 688147 (微导纳米)
2026-03-21 08:29:05 | INFO     | src.analysis.fund_weighted_analyzer:analyze_fund:279 | 分析股票 688499 (利元亨)
2026-03-21 08:29:05 | INFO     | src.analysis.fund_weighted_analyzer:analyze_fund:279 | 分析股票 301150 (中一科技)
2026-03-21 08:29:05 | INFO     | src.analysis.fund_weighted_analyzer:analyze_fund:279 | 分析股票 002846 (英联股份)
2026-03-21 08:29:05 | INFO     | src.analysis.fund_weighted_analyzer:analyze_fund:279 | 分析股票 300092 (科新机电)
2026-03-21 08:29:05 | INFO     | __main__:perform_fund_analysis:497 | 【步骤5】生成分析报告
2026-03-21 08:29:06 | INFO     | src.analysis.fund_weighted_analyzer:save_report:518 | 分析报告已保存到: outputs/reports\fund-analysis-fund-005538-20260321_082905.txt
2026-03-21 08:29:06 | INFO     | src.analysis.fund_weighted_analyzer:save_report:519 | JSON结果已保存到: outputs/reports\fund-analysis-fund-005538-20260321_082905.json
2026-03-21 08:29:06 | INFO     | __main__:perform_fund_analysis:502 | 
============================================================
2026-03-21 08:29:06 | INFO     | __main__:perform_fund_analysis:503 | 基金 005538 分析结果:
2026-03-21 08:29:06 | INFO     | __main__:perform_fund_analysis:504 | ------------------------------------------------------------
2026-03-21 08:29:06 | INFO     | __main__:perform_fund_analysis:505 | 加权平均得分: -0.033
2026-03-21 08:29:06 | INFO     | __main__:perform_fund_analysis:506 | 基金建议: 建议持有
2026-03-21 08:29:06 | INFO     | __main__:perform_fund_analysis:507 | 置信度: 30.5%
2026-03-21 08:29:06 | INFO     | __main__:perform_fund_analysis:508 | 总股票数: 10
2026-03-21 08:29:06 | INFO     | __main__:perform_fund_analysis:509 | 已分析股票数: 10
2026-03-21 08:29:06 | INFO     | __main__:perform_fund_analysis:510 | 分析覆盖率: 100.0%
2026-03-21 08:29:06 | INFO     | __main__:perform_fund_analysis:511 | ------------------------------------------------------------
2026-03-21 08:29:06 | INFO     | __main__:perform_fund_analysis:518 | ⦿ 基金建议: 建议持有观望
2026-03-21 08:29:06 | INFO     | __main__:perform_fund_analysis:522 | ============================================================
2026-03-21 08:29:07 | DEBUG    | src.notify.channels.ntfy:send:87 | ntfy 消息发送成功: 📊 基金 {fund_code} 建议: {recommendation}
加权得分: {score...
2026-03-21 08:29:07 | DEBUG    | src.notify.base:send_with_retry:126 | 通知器 ntfy 发送成功
2026-03-21 08:29:07 | DEBUG    | src.notify.manager:send:140 | 消息发送成功到渠道 ntfy
2026-03-21 08:29:07 | INFO     | __main__:run_analysis_workflow:621 | 基金 005538 分析完成
2026-03-21 08:29:07 | INFO     | __main__:run_analysis_workflow:622 | ============================================================

2026-03-21 08:29:07 | INFO     | __main__:run_analysis_workflow:614 | 
============================================================
2026-03-21 08:29:07 | INFO     | __main__:run_analysis_workflow:615 | 开始分析基金: 015790
2026-03-21 08:29:07 | INFO     | __main__:run_analysis_workflow:616 | ============================================================
2026-03-21 08:29:07 | INFO     | __main__:perform_fund_analysis:342 | 执行基金 015790 的完整加权平均分析流程...
2026-03-21 08:29:07 | INFO     | __main__:perform_fund_analysis:346 | 【步骤1】获取基金持仓数据
2026-03-21 08:29:07 | INFO     | src.core.data_fetcher:inner:463 | 获取基金 015790 持仓
2026-03-21 08:29:07 | INFO     | __main__:perform_fund_analysis:353 | 【步骤2】过滤最新季度数据
2026-03-21 08:29:07 | INFO     | src.analysis.quarter_filter:filter_latest_quarter_data:62 | 识别到最新季度: 2025年Q4
2026-03-21 08:29:07 | INFO     | src.analysis.quarter_filter:filter_latest_quarter_data:76 | 过滤结果: 从 98 条记录中筛选出 10 条最新季度数据
2026-03-21 08:29:07 | INFO     | __main__:perform_fund_analysis:361 | 最新季度持仓股票数量: 10
2026-03-21 08:29:07 | INFO     | __main__:perform_fund_analysis:362 | 股票代码列表: ['600118', '301005', '605598', '601698', '600879', '300342', '300136', '002149', '300762', '002565']
2026-03-21 08:29:07 | INFO     | __main__:perform_fund_analysis:365 | 【步骤3】检查股票信号数据
2026-03-21 08:29:07 | INFO     | __main__:perform_fund_analysis:472 | 所有股票的信号数据已存在，跳过技术指标计算步骤
2026-03-21 08:29:07 | INFO     | __main__:perform_fund_analysis:475 | 【步骤4】进行基金加权平均分析
2026-03-21 08:29:07 | INFO     | src.analysis.fund_weighted_analyzer:parse_holdings_data:246 | 解析到 10 只股票持仓数据
2026-03-21 08:29:07 | INFO     | src.analysis.fund_weighted_analyzer:analyze_fund:279 | 分析股票 600118 (中国卫星)
2026-03-21 08:29:07 | INFO     | src.analysis.fund_weighted_analyzer:analyze_fund:279 | 分析股票 301005 (超捷股份)
2026-03-21 08:29:07 | INFO     | src.analysis.fund_weighted_analyzer:analyze_fund:279 | 分析股票 605598 (上海港湾)
2026-03-21 08:29:07 | INFO     | src.analysis.fund_weighted_analyzer:analyze_fund:279 | 分析股票 601698 (中国卫通)
2026-03-21 08:29:07 | INFO     | src.analysis.fund_weighted_analyzer:analyze_fund:279 | 分析股票 600879 (航天电子)
2026-03-21 08:29:07 | INFO     | src.analysis.fund_weighted_analyzer:analyze_fund:279 | 分析股票 300342 (天银机电)
2026-03-21 08:29:07 | INFO     | src.analysis.fund_weighted_analyzer:analyze_fund:279 | 分析股票 300136 (信维通信)
2026-03-21 08:29:07 | INFO     | src.analysis.fund_weighted_analyzer:analyze_fund:279 | 分析股票 002149 (西部材料)
2026-03-21 08:29:07 | INFO     | src.analysis.fund_weighted_analyzer:analyze_fund:279 | 分析股票 300762 (上海瀚讯)
2026-03-21 08:29:07 | INFO     | src.analysis.fund_weighted_analyzer:analyze_fund:279 | 分析股票 002565 (顺灏股份)
2026-03-21 08:29:07 | INFO     | __main__:perform_fund_analysis:497 | 【步骤5】生成分析报告
2026-03-21 08:29:07 | INFO     | src.analysis.fund_weighted_analyzer:save_report:518 | 分析报告已保存到: outputs/reports\fund-analysis-fund-015790-20260321_082907.txt
2026-03-21 08:29:07 | INFO     | src.analysis.fund_weighted_analyzer:save_report:519 | JSON结果已保存到: outputs/reports\fund-analysis-fund-015790-20260321_082907.json
2026-03-21 08:29:07 | INFO     | __main__:perform_fund_analysis:502 | 
============================================================
2026-03-21 08:29:07 | INFO     | __main__:perform_fund_analysis:503 | 基金 015790 分析结果:
2026-03-21 08:29:07 | INFO     | __main__:perform_fund_analysis:504 | ------------------------------------------------------------
2026-03-21 08:29:07 | INFO     | __main__:perform_fund_analysis:505 | 加权平均得分: 0.074
2026-03-21 08:29:07 | INFO     | __main__:perform_fund_analysis:506 | 基金建议: 建议持有
2026-03-21 08:29:07 | INFO     | __main__:perform_fund_analysis:507 | 置信度: 27.9%
2026-03-21 08:29:07 | INFO     | __main__:perform_fund_analysis:508 | 总股票数: 10
2026-03-21 08:29:07 | INFO     | __main__:perform_fund_analysis:509 | 已分析股票数: 10
2026-03-21 08:29:07 | INFO     | __main__:perform_fund_analysis:510 | 分析覆盖率: 100.0%
2026-03-21 08:29:07 | INFO     | __main__:perform_fund_analysis:511 | ------------------------------------------------------------
2026-03-21 08:29:07 | INFO     | __main__:perform_fund_analysis:518 | ⦿ 基金建议: 建议持有观望
2026-03-21 08:29:07 | INFO     | __main__:perform_fund_analysis:522 | ============================================================
2026-03-21 08:29:08 | DEBUG    | src.notify.channels.ntfy:send:87 | ntfy 消息发送成功: 📊 基金 {fund_code} 建议: {recommendation}
加权得分: {score...
2026-03-21 08:29:08 | DEBUG    | src.notify.base:send_with_retry:126 | 通知器 ntfy 发送成功
2026-03-21 08:29:08 | DEBUG    | src.notify.manager:send:140 | 消息发送成功到渠道 ntfy
2026-03-21 08:29:08 | INFO     | __main__:run_analysis_workflow:621 | 基金 015790 分析完成
2026-03-21 08:29:08 | INFO     | __main__:run_analysis_workflow:622 | ============================================================

2026-03-21 08:29:08 | INFO     | __main__:run_analysis_workflow:614 | 
============================================================
2026-03-21 08:29:08 | INFO     | __main__:run_analysis_workflow:615 | 开始分析基金: 000001
2026-03-21 08:29:08 | INFO     | __main__:run_analysis_workflow:616 | ============================================================
2026-03-21 08:29:08 | INFO     | __main__:perform_fund_analysis:342 | 执行基金 000001 的完整加权平均分析流程...
2026-03-21 08:29:08 | INFO     | __main__:perform_fund_analysis:346 | 【步骤1】获取基金持仓数据
2026-03-21 08:29:08 | INFO     | src.core.data_fetcher:inner:463 | 获取基金 000001 持仓
2026-03-21 08:29:09 | INFO     | __main__:perform_fund_analysis:353 | 【步骤2】过滤最新季度数据
2026-03-21 08:29:09 | INFO     | src.analysis.quarter_filter:filter_latest_quarter_data:62 | 识别到最新季度: 2025年Q4
2026-03-21 08:29:09 | INFO     | src.analysis.quarter_filter:filter_latest_quarter_data:76 | 过滤结果: 从 217 条记录中筛选出 10 条最新季度数据
2026-03-21 08:29:09 | INFO     | __main__:perform_fund_analysis:361 | 最新季度持仓股票数量: 10
2026-03-21 08:29:09 | INFO     | __main__:perform_fund_analysis:362 | 股票代码列表: ['300308', '002475', '688347', '002371', '688256', '601689', '300502', '688041', '688019', '603986']
2026-03-21 08:29:09 | INFO     | __main__:perform_fund_analysis:365 | 【步骤3】检查股票信号数据
2026-03-21 08:29:09 | INFO     | __main__:perform_fund_analysis:472 | 所有股票的信号数据已存在，跳过技术指标计算步骤
2026-03-21 08:29:09 | INFO     | __main__:perform_fund_analysis:475 | 【步骤4】进行基金加权平均分析
2026-03-21 08:29:09 | INFO     | src.analysis.fund_weighted_analyzer:parse_holdings_data:246 | 解析到 10 只股票持仓数据
2026-03-21 08:29:09 | INFO     | src.analysis.fund_weighted_analyzer:analyze_fund:279 | 分析股票 300308 (中际旭创)
2026-03-21 08:29:09 | INFO     | src.analysis.fund_weighted_analyzer:analyze_fund:279 | 分析股票 002475 (立讯精密)
2026-03-21 08:29:09 | INFO     | src.analysis.fund_weighted_analyzer:analyze_fund:279 | 分析股票 688347 (华虹公司)
2026-03-21 08:29:09 | INFO     | src.analysis.fund_weighted_analyzer:analyze_fund:279 | 分析股票 002371 (北方华创)
2026-03-21 08:29:09 | INFO     | src.analysis.fund_weighted_analyzer:analyze_fund:279 | 分析股票 688256 (寒武纪)
2026-03-21 08:29:09 | INFO     | src.analysis.fund_weighted_analyzer:analyze_fund:279 | 分析股票 601689 (拓普集团)
2026-03-21 08:29:09 | INFO     | src.analysis.fund_weighted_analyzer:analyze_fund:279 | 分析股票 300502 (新易盛)
2026-03-21 08:29:09 | INFO     | src.analysis.fund_weighted_analyzer:analyze_fund:279 | 分析股票 688041 (海光信息)
2026-03-21 08:29:09 | INFO     | src.analysis.fund_weighted_analyzer:analyze_fund:279 | 分析股票 688019 (安集科技)
2026-03-21 08:29:09 | INFO     | src.analysis.fund_weighted_analyzer:analyze_fund:279 | 分析股票 603986 (兆易创新)
2026-03-21 08:29:09 | INFO     | __main__:perform_fund_analysis:497 | 【步骤5】生成分析报告
2026-03-21 08:29:09 | INFO     | src.analysis.fund_weighted_analyzer:save_report:518 | 分析报告已保存到: outputs/reports\fund-analysis-fund-000001-20260321_082909.txt
2026-03-21 08:29:09 | INFO     | src.analysis.fund_weighted_analyzer:save_report:519 | JSON结果已保存到: outputs/reports\fund-analysis-fund-000001-20260321_082909.json
2026-03-21 08:29:09 | INFO     | __main__:perform_fund_analysis:502 | 
============================================================
2026-03-21 08:29:09 | INFO     | __main__:perform_fund_analysis:503 | 基金 000001 分析结果:
2026-03-21 08:29:09 | INFO     | __main__:perform_fund_analysis:504 | ------------------------------------------------------------
2026-03-21 08:29:09 | INFO     | __main__:perform_fund_analysis:505 | 加权平均得分: 0.021
2026-03-21 08:29:09 | INFO     | __main__:perform_fund_analysis:506 | 基金建议: 建议持有
2026-03-21 08:29:09 | INFO     | __main__:perform_fund_analysis:507 | 置信度: 28.8%
2026-03-21 08:29:09 | INFO     | __main__:perform_fund_analysis:508 | 总股票数: 10
2026-03-21 08:29:09 | INFO     | __main__:perform_fund_analysis:509 | 已分析股票数: 10
2026-03-21 08:29:09 | INFO     | __main__:perform_fund_analysis:510 | 分析覆盖率: 100.0%
2026-03-21 08:29:09 | INFO     | __main__:perform_fund_analysis:511 | ------------------------------------------------------------
2026-03-21 08:29:09 | INFO     | __main__:perform_fund_analysis:518 | ⦿ 基金建议: 建议持有观望
2026-03-21 08:29:09 | INFO     | __main__:perform_fund_analysis:522 | ============================================================
2026-03-21 08:29:10 | DEBUG    | src.notify.channels.ntfy:send:87 | ntfy 消息发送成功: 📊 基金 {fund_code} 建议: {recommendation}
加权得分: {score...
2026-03-21 08:29:10 | DEBUG    | src.notify.base:send_with_retry:126 | 通知器 ntfy 发送成功
2026-03-21 08:29:10 | DEBUG    | src.notify.manager:send:140 | 消息发送成功到渠道 ntfy
2026-03-21 08:29:10 | INFO     | __main__:run_analysis_workflow:621 | 基金 000001 分析完成
2026-03-21 08:29:10 | INFO     | __main__:run_analysis_workflow:622 | ============================================================

2026-03-21 08:29:10 | INFO     | __main__:summarize_analysis_results:556 | 
============================================================
2026-03-21 08:29:10 | INFO     | __main__:summarize_analysis_results:557 | 基金加权平均分析汇总报告
2026-03-21 08:29:10 | INFO     | __main__:summarize_analysis_results:558 | ============================================================
2026-03-21 08:29:10 | INFO     | __main__:summarize_analysis_results:564 | 总基金数: 3
2026-03-21 08:29:10 | INFO     | __main__:summarize_analysis_results:565 | 分析成功: 3
2026-03-21 08:29:10 | INFO     | __main__:summarize_analysis_results:566 | 分析失败: 0
2026-03-21 08:29:10 | INFO     | __main__:summarize_analysis_results:569 | 
成功分析的基金结果:
2026-03-21 08:29:10 | INFO     | __main__:summarize_analysis_results:570 | ------------------------------------------------------------
2026-03-21 08:29:10 | INFO     | __main__:summarize_analysis_results:574 | 基金代码: 005538
2026-03-21 08:29:10 | INFO     | __main__:summarize_analysis_results:575 | 基金名称: 基金005538
2026-03-21 08:29:10 | INFO     | __main__:summarize_analysis_results:576 | 加权得分: -0.033
2026-03-21 08:29:10 | INFO     | __main__:summarize_analysis_results:577 | 持有建议: 建议持有
2026-03-21 08:29:10 | INFO     | __main__:summarize_analysis_results:578 | 置信度: 30.5%
2026-03-21 08:29:10 | INFO     | __main__:summarize_analysis_results:579 | 报告路径: outputs/reports\fund-analysis-fund-005538-20260321_082905.txt
2026-03-21 08:29:10 | INFO     | __main__:summarize_analysis_results:580 | ------------------------------------------------------------
2026-03-21 08:29:10 | INFO     | __main__:summarize_analysis_results:574 | 基金代码: 015790
2026-03-21 08:29:10 | INFO     | __main__:summarize_analysis_results:575 | 基金名称: 基金015790
2026-03-21 08:29:10 | INFO     | __main__:summarize_analysis_results:576 | 加权得分: 0.074
2026-03-21 08:29:10 | INFO     | __main__:summarize_analysis_results:577 | 持有建议: 建议持有
2026-03-21 08:29:10 | INFO     | __main__:summarize_analysis_results:578 | 置信度: 27.9%
2026-03-21 08:29:10 | INFO     | __main__:summarize_analysis_results:579 | 报告路径: outputs/reports\fund-analysis-fund-015790-20260321_082907.txt
2026-03-21 08:29:10 | INFO     | __main__:summarize_analysis_results:580 | ------------------------------------------------------------
2026-03-21 08:29:10 | INFO     | __main__:summarize_analysis_results:574 | 基金代码: 000001
2026-03-21 08:29:10 | INFO     | __main__:summarize_analysis_results:575 | 基金名称: 华夏成长混合
2026-03-21 08:29:10 | INFO     | __main__:summarize_analysis_results:576 | 加权得分: 0.021
2026-03-21 08:29:10 | INFO     | __main__:summarize_analysis_results:577 | 持有建议: 建议持有
2026-03-21 08:29:10 | INFO     | __main__:summarize_analysis_results:578 | 置信度: 28.8%
2026-03-21 08:29:10 | INFO     | __main__:summarize_analysis_results:579 | 报告路径: outputs/reports\fund-analysis-fund-000001-20260321_082909.txt
2026-03-21 08:29:10 | INFO     | __main__:summarize_analysis_results:580 | ------------------------------------------------------------
2026-03-21 08:29:10 | INFO     | __main__:summarize_analysis_results:588 | 
持有建议分布:
2026-03-21 08:29:10 | INFO     | __main__:summarize_analysis_results:591 |   建议持有: 3只 (100.0%)
2026-03-21 08:29:10 | INFO     | __main__:summarize_analysis_results:599 | 
============================================================
2026-03-21 08:29:10 | INFO     | __main__:summarize_analysis_results:600 | 基金加权平均分析已完成!
2026-03-21 08:29:10 | INFO     | __main__:summarize_analysis_results:601 | ============================================================
2026-03-21 08:45:32 | INFO     | src.notify.config:load_notify_config:92 | 通知配置加载成功，启用状态: True
2026-03-21 08:45:32 | INFO     | src.notify.manager:_init_channels:56 | ntfy 通知渠道初始化成功
2026-03-21 08:45:32 | INFO     | src.notify.manager:_init_channels:90 | 通知渠道初始化完成，启用 1 个渠道
2026-03-21 08:45:32 | INFO     | src.notify:init_notify:33 | 通知模块初始化完成，启用渠道: ['ntfy']
2026-03-21 08:45:32 | INFO     | __main__:main:742 | 使用配置文件中的基金代码: ['005538', '015790', '000001']
2026-03-21 08:45:32 | INFO     | __main__:show_welcome_message:253 | 
============================================================
2026-03-21 08:45:32 | INFO     | __main__:show_welcome_message:254 | 基金持仓股票分析系统 v1.0
2026-03-21 08:45:32 | INFO     | __main__:show_welcome_message:255 | ============================================================
2026-03-21 08:45:32 | INFO     | __main__:show_welcome_message:256 | 功能1：技术指标计算（默认模式）
2026-03-21 08:45:32 | INFO     | __main__:show_welcome_message:257 |   为基金持仓股票计算多种技术指标（MA、RSI、MACD等）
2026-03-21 08:45:32 | INFO     | __main__:show_welcome_message:258 | 
2026-03-21 08:45:32 | INFO     | __main__:show_welcome_message:259 | 功能2：基金加权平均分析
2026-03-21 08:45:32 | INFO     | __main__:show_welcome_message:260 |   基于持仓股票的持有比例进行加权分析，判断基金是否值得继续持有
2026-03-21 08:45:32 | INFO     | __main__:show_welcome_message:261 | 
2026-03-21 08:45:32 | INFO     | __main__:show_welcome_message:262 | 功能3：更新数据
2026-03-21 08:45:32 | INFO     | __main__:show_welcome_message:263 |   重新下载基金持仓和股票K线数据，更新到最新
2026-03-21 08:45:32 | INFO     | __main__:show_welcome_message:264 | 
2026-03-21 08:45:32 | INFO     | __main__:show_welcome_message:265 | 使用方式：
2026-03-21 08:45:32 | INFO     | __main__:show_welcome_message:266 |   python main.py                        # 交互式菜单
2026-03-21 08:45:32 | INFO     | __main__:show_welcome_message:267 |   python main.py --single-fund 005538   # 处理单个基金
2026-03-21 08:45:32 | INFO     | __main__:show_welcome_message:268 |   python main.py --analyze --single-fund 005538   # 分析单个基金
2026-03-21 08:45:32 | INFO     | __main__:show_welcome_message:269 |   python main.py --analyze --fund-codes 005538 015790  # 分析多个基金
2026-03-21 08:45:32 | INFO     | __main__:show_welcome_message:270 | ============================================================

2026-03-21 08:45:32 | INFO     | src.data.reader:__init__:29 | 数据读取器初始化完成，基础路径: data
2026-03-21 08:45:32 | INFO     | __main__:run_technical_workflow:638 | 开始批量处理 3 个基金的技术指标计算
2026-03-21 08:45:32 | INFO     | __main__:run_technical_workflow:639 | 基金代码列表: ['005538', '015790', '000001']
2026-03-21 08:45:32 | INFO     | __main__:run_technical_workflow:640 | 开始日期: 2021-01-01
2026-03-21 08:45:32 | INFO     | __main__:run_technical_workflow:641 | 数据目录: stock_data
2026-03-21 08:45:32 | INFO     | __main__:run_technical_workflow:646 | 
============================================================
2026-03-21 08:45:32 | INFO     | __main__:run_technical_workflow:647 | 开始处理基金: 005538
2026-03-21 08:45:32 | INFO     | __main__:run_technical_workflow:648 | ============================================================
2026-03-21 08:45:32 | INFO     | __main__:process_single_fund:46 | 开始处理基金 005538 的持仓股票技术指标计算
2026-03-21 08:45:33 | DEBUG    | src.notify.channels.ntfy:send:87 | ntfy 消息发送成功: 🔍 开始分析基金 {fund_code}...
2026-03-21 08:45:33 | DEBUG    | src.notify.base:send_with_retry:126 | 通知器 ntfy 发送成功
2026-03-21 08:45:33 | DEBUG    | src.notify.manager:send:140 | 消息发送成功到渠道 ntfy
2026-03-21 08:45:33 | INFO     | __main__:process_single_fund:53 | 步骤1: 获取基金持仓数据
2026-03-21 08:45:33 | INFO     | src.core.data_fetcher:inner:410 | 获取基金 005538 持仓
2026-03-21 08:45:33 | INFO     | __main__:process_single_fund:61 | 步骤2: 过滤最新季度数据
2026-03-21 08:45:33 | INFO     | src.analysis.quarter_filter:filter_latest_quarter_data:63 | 识别到最新季度: 2025年Q4
2026-03-21 08:45:33 | INFO     | src.analysis.quarter_filter:filter_latest_quarter_data:77 | 过滤结果: 从 81 条记录中筛选出 10 条最新季度数据
2026-03-21 08:45:33 | INFO     | __main__:process_single_fund:65 | 最新季度持仓股票数量: 10
2026-03-21 08:45:33 | INFO     | __main__:process_single_fund:66 | 股票代码列表: ['301662', '688778', '688155', '300450', '301617', '688147', '688499', '301150', '002846', '300092']
2026-03-21 08:45:33 | INFO     | __main__:process_single_fund:69 | 步骤3: 批量处理股票数据
2026-03-21 08:45:33 | INFO     | src.data.reader:list_files:221 | 在 data\stock_data 中找到 30 个文件
2026-03-21 08:45:33 | INFO     | src.data.reader:list_stock_files:241 | 找到 30 个股票数据文件
2026-03-21 08:45:33 | INFO     | src.data.reader:read_csv:53 | 读取CSV文件: data\stock_data\301662_kline.csv
2026-03-21 08:45:33 | INFO     | src.data.reader:read_csv:57 | 成功读取 221 行数据
2026-03-21 08:45:33 | INFO     | src.data.reader:list_files:221 | 在 data\stock_data 中找到 30 个文件
2026-03-21 08:45:33 | INFO     | src.data.reader:list_stock_files:241 | 找到 30 个股票数据文件
2026-03-21 08:45:33 | INFO     | src.data.reader:read_csv:53 | 读取CSV文件: data\stock_data\688778_kline.csv
2026-03-21 08:45:33 | INFO     | src.data.reader:read_csv:57 | 成功读取 1115 行数据
2026-03-21 08:45:33 | INFO     | src.data.reader:list_files:221 | 在 data\stock_data 中找到 30 个文件
2026-03-21 08:45:33 | INFO     | src.data.reader:list_stock_files:241 | 找到 30 个股票数据文件
2026-03-21 08:45:33 | INFO     | src.data.reader:read_csv:53 | 读取CSV文件: data\stock_data\688155_kline.csv
2026-03-21 08:45:33 | INFO     | src.data.reader:read_csv:57 | 成功读取 1258 行数据
2026-03-21 08:45:33 | INFO     | src.data.reader:list_files:221 | 在 data\stock_data 中找到 30 个文件
2026-03-21 08:45:33 | INFO     | src.data.reader:list_stock_files:241 | 找到 30 个股票数据文件
2026-03-21 08:45:33 | INFO     | src.data.reader:read_csv:53 | 读取CSV文件: data\stock_data\300450_kline.csv
2026-03-21 08:45:33 | INFO     | src.data.reader:read_csv:57 | 成功读取 1258 行数据
2026-03-21 08:45:33 | INFO     | src.data.reader:list_files:221 | 在 data\stock_data 中找到 30 个文件
2026-03-21 08:45:33 | INFO     | src.data.reader:list_stock_files:241 | 找到 30 个股票数据文件
2026-03-21 08:45:33 | INFO     | src.data.reader:read_csv:53 | 读取CSV文件: data\stock_data\301617_kline.csv
2026-03-21 08:45:33 | INFO     | src.data.reader:read_csv:57 | 成功读取 304 行数据
2026-03-21 08:45:33 | INFO     | src.data.reader:list_files:221 | 在 data\stock_data 中找到 30 个文件
2026-03-21 08:45:33 | INFO     | src.data.reader:list_stock_files:241 | 找到 30 个股票数据文件
2026-03-21 08:45:33 | INFO     | src.data.reader:read_csv:53 | 读取CSV文件: data\stock_data\688147_kline.csv
2026-03-21 08:45:33 | INFO     | src.data.reader:read_csv:57 | 成功读取 779 行数据
2026-03-21 08:45:33 | INFO     | src.data.reader:list_files:221 | 在 data\stock_data 中找到 30 个文件
2026-03-21 08:45:33 | INFO     | src.data.reader:list_stock_files:241 | 找到 30 个股票数据文件
2026-03-21 08:45:33 | INFO     | src.data.reader:read_csv:53 | 读取CSV文件: data\stock_data\688499_kline.csv
2026-03-21 08:45:33 | INFO     | src.data.reader:read_csv:57 | 成功读取 1140 行数据
2026-03-21 08:45:33 | INFO     | src.data.reader:list_files:221 | 在 data\stock_data 中找到 30 个文件
2026-03-21 08:45:33 | INFO     | src.data.reader:list_stock_files:241 | 找到 30 个股票数据文件
2026-03-21 08:45:33 | INFO     | src.data.reader:read_csv:53 | 读取CSV文件: data\stock_data\301150_kline.csv
2026-03-21 08:45:33 | INFO     | src.data.reader:read_csv:57 | 成功读取 945 行数据
2026-03-21 08:45:33 | INFO     | src.data.reader:list_files:221 | 在 data\stock_data 中找到 30 个文件
2026-03-21 08:45:33 | INFO     | src.data.reader:list_stock_files:241 | 找到 30 个股票数据文件
2026-03-21 08:45:33 | INFO     | src.data.reader:read_csv:53 | 读取CSV文件: data\stock_data\002846_kline.csv
2026-03-21 08:45:33 | INFO     | src.data.reader:read_csv:57 | 成功读取 1258 行数据
2026-03-21 08:45:33 | INFO     | src.data.reader:list_files:221 | 在 data\stock_data 中找到 30 个文件
2026-03-21 08:45:33 | INFO     | src.data.reader:list_stock_files:241 | 找到 30 个股票数据文件
2026-03-21 08:45:33 | INFO     | src.data.reader:read_csv:53 | 读取CSV文件: data\stock_data\300092_kline.csv
2026-03-21 08:45:33 | INFO     | src.data.reader:read_csv:57 | 成功读取 1258 行数据
2026-03-21 08:45:33 | INFO     | __main__:process_single_fund:109 | 成功获取 10 只股票的数据
2026-03-21 08:45:33 | INFO     | __main__:process_single_fund:116 | 步骤4: 计算技术指标
2026-03-21 08:45:33 | INFO     | src.indicators.technical_indicators:calculate_ma:133 | 计算 5 日移动平均线完成
2026-03-21 08:45:33 | INFO     | src.indicators.technical_indicators:calculate_ma:133 | 计算 10 日移动平均线完成
2026-03-21 08:45:34 | INFO     | src.indicators.technical_indicators:calculate_ma:133 | 计算 20 日移动平均线完成
2026-03-21 08:45:34 | INFO     | src.indicators.technical_indicators:calculate_ma:133 | 计算 30 日移动平均线完成
2026-03-21 08:45:34 | INFO     | src.indicators.technical_indicators:calculate_ma:133 | 计算 60 日移动平均线完成
2026-03-21 08:45:34 | INFO     | src.indicators.technical_indicators:calculate_ma:133 | 计算 120 日移动平均线完成
2026-03-21 08:45:34 | INFO     | src.indicators.technical_indicators:calculate_ma:133 | 计算 250 日移动平均线完成
2026-03-21 08:45:34 | INFO     | src.indicators.technical_indicators:calculate_sma:157 | 计算 5 日简单移动平均线完成
2026-03-21 08:45:34 | INFO     | src.indicators.technical_indicators:calculate_sma:157 | 计算 10 日简单移动平均线完成
2026-03-21 08:45:34 | INFO     | src.indicators.technical_indicators:calculate_sma:157 | 计算 20 日简单移动平均线完成
2026-03-21 08:45:34 | INFO     | src.indicators.technical_indicators:calculate_sma:157 | 计算 30 日简单移动平均线完成
2026-03-21 08:45:34 | INFO     | src.indicators.technical_indicators:calculate_sma:157 | 计算 60 日简单移动平均线完成
2026-03-21 08:45:34 | INFO     | src.indicators.technical_indicators:calculate_sma:157 | 计算 120 日简单移动平均线完成
2026-03-21 08:45:34 | INFO     | src.indicators.technical_indicators:calculate_sma:157 | 计算 250 日简单移动平均线完成
2026-03-21 08:45:34 | INFO     | src.indicators.technical_indicators:calculate_ema:182 | 计算 12 日指数移动平均线完成
2026-03-21 08:45:34 | INFO     | src.indicators.technical_indicators:calculate_ema:182 | 计算 26 日指数移动平均线完成
2026-03-21 08:45:34 | INFO     | src.indicators.technical_indicators:calculate_rsi:221 | 计算 6 日RSI完成
2026-03-21 08:45:34 | INFO     | src.indicators.technical_indicators:calculate_rsi:221 | 计算 12 日RSI完成
2026-03-21 08:45:34 | INFO     | src.indicators.technical_indicators:calculate_rsi:221 | 计算 24 日RSI完成
2026-03-21 08:45:34 | INFO     | src.indicators.technical_indicators:calculate_macd:263 | 计算MACD完成：快线=12, 慢线=26, 信号线=9
2026-03-21 08:45:34 | INFO     | src.indicators.technical_indicators:calculate_macd:263 | 计算MACD完成：快线=12, 慢线=26, 信号线=12
2026-03-21 08:45:34 | INFO     | src.indicators.technical_indicators:calculate_boll:303 | 计算布林带完成：周期=20, 标准差倍数=2
2026-03-21 08:45:34 | INFO     | src.indicators.technical_indicators:calculate_boll:303 | 计算布林带完成：周期=26, 标准差倍数=2
2026-03-21 08:45:34 | INFO     | src.indicators.technical_indicators:calculate_kdj:350 | 计算KDJ完成：K周期=9, D周期=3, J周期=3
2026-03-21 08:45:34 | INFO     | src.indicators.technical_indicators:calculate_kdj:350 | 计算KDJ完成：K周期=10, D周期=3, J周期=3
2026-03-21 08:45:34 | INFO     | src.indicators.technical_indicators:calculate_atr:385 | 计算 10 日ATR完成
2026-03-21 08:45:34 | INFO     | src.indicators.technical_indicators:calculate_cci:446 | 计算 20 日CCI完成
2026-03-21 08:45:34 | INFO     | src.indicators.technical_indicators:calculate_williams_r:476 | 计算 10 日威廉指标完成
2026-03-21 08:45:34 | INFO     | src.indicators.technical_indicators:calculate_ma:133 | 计算 5 日移动平均线完成
2026-03-21 08:45:34 | INFO     | src.indicators.technical_indicators:calculate_bias:500 | 计算 5 日乖离率完成
2026-03-21 08:45:34 | INFO     | src.indicators.technical_indicators:calculate_ma:133 | 计算 10 日移动平均线完成
2026-03-21 08:45:34 | INFO     | src.indicators.technical_indicators:calculate_bias:500 | 计算 10 日乖离率完成
2026-03-21 08:45:34 | INFO     | src.indicators.technical_indicators:calculate_ma:133 | 计算 20 日移动平均线完成
2026-03-21 08:45:34 | INFO     | src.indicators.technical_indicators:calculate_bias:500 | 计算 20 日乖离率完成
2026-03-21 08:45:34 | INFO     | src.indicators.technical_indicators:calculate_ma:133 | 计算 30 日移动平均线完成
2026-03-21 08:45:34 | INFO     | src.indicators.technical_indicators:calculate_bias:500 | 计算 30 日乖离率完成
2026-03-21 08:45:34 | INFO     | src.indicators.technical_indicators:calculate_ma:133 | 计算 60 日移动平均线完成
2026-03-21 08:45:34 | INFO     | src.indicators.technical_indicators:calculate_bias:500 | 计算 60 日乖离率完成
2026-03-21 08:45:34 | INFO     | src.indicators.technical_indicators:calculate_ma:133 | 计算 120 日移动平均线完成
2026-03-21 08:45:34 | INFO     | src.indicators.technical_indicators:calculate_bias:500 | 计算 120 日乖离率完成
2026-03-21 08:45:34 | INFO     | src.indicators.technical_indicators:calculate_ma:133 | 计算 250 日移动平均线完成
2026-03-21 08:45:34 | INFO     | src.indicators.technical_indicators:calculate_bias:500 | 计算 250 日乖离率完成
2026-03-21 08:45:34 | INFO     | src.indicators.technical_indicators:calculate_psy:523 | 计算 10 日心理线完成
2026-03-21 08:45:34 | INFO     | src.indicators.technical_indicators:calculate_all:640 | 完成计算 48 个技术指标
2026-03-21 08:45:34 | INFO     | src.core.data_fetcher:save_data:536 | 保存数据到 csv 文件: 301662_with_indicators
2026-03-21 08:45:34 | INFO     | src.core.data_fetcher:save_data:556 | 数据保存成功: ./data\301662_with_indicators.csv
2026-03-21 08:45:34 | INFO     | __main__:process_single_fund:142 |   对股票 301662 进行信号判断
2026-03-21 08:45:34 | INFO     | src.core.data_fetcher:save_data:536 | 保存数据到 csv 文件: 301662_signals
2026-03-21 08:45:34 | INFO     | src.core.data_fetcher:save_data:556 | 数据保存成功: ./data\301662_signals.csv
2026-03-21 08:45:34 | INFO     | __main__:process_single_fund:170 |   股票 301662 信号判断完成: 持有 (得分: 0.018)
2026-03-21 08:45:34 | INFO     | src.indicators.technical_indicators:calculate_ma:133 | 计算 5 日移动平均线完成
2026-03-21 08:45:34 | INFO     | src.indicators.technical_indicators:calculate_ma:133 | 计算 10 日移动平均线完成
2026-03-21 08:45:34 | INFO     | src.indicators.technical_indicators:calculate_ma:133 | 计算 20 日移动平均线完成
2026-03-21 08:45:34 | INFO     | src.indicators.technical_indicators:calculate_ma:133 | 计算 30 日移动平均线完成
2026-03-21 08:45:34 | INFO     | src.indicators.technical_indicators:calculate_ma:133 | 计算 60 日移动平均线完成
2026-03-21 08:45:34 | INFO     | src.indicators.technical_indicators:calculate_ma:133 | 计算 120 日移动平均线完成
2026-03-21 08:45:34 | INFO     | src.indicators.technical_indicators:calculate_ma:133 | 计算 250 日移动平均线完成
2026-03-21 08:45:34 | INFO     | src.indicators.technical_indicators:calculate_sma:157 | 计算 5 日简单移动平均线完成
2026-03-21 08:45:34 | INFO     | src.indicators.technical_indicators:calculate_sma:157 | 计算 10 日简单移动平均线完成
2026-03-21 08:45:34 | INFO     | src.indicators.technical_indicators:calculate_sma:157 | 计算 20 日简单移动平均线完成
2026-03-21 08:45:34 | INFO     | src.indicators.technical_indicators:calculate_sma:157 | 计算 30 日简单移动平均线完成
2026-03-21 08:45:34 | INFO     | src.indicators.technical_indicators:calculate_sma:157 | 计算 60 日简单移动平均线完成
2026-03-21 08:45:34 | INFO     | src.indicators.technical_indicators:calculate_sma:157 | 计算 120 日简单移动平均线完成
2026-03-21 08:45:34 | INFO     | src.indicators.technical_indicators:calculate_sma:157 | 计算 250 日简单移动平均线完成
2026-03-21 08:45:34 | INFO     | src.indicators.technical_indicators:calculate_ema:182 | 计算 12 日指数移动平均线完成
2026-03-21 08:45:34 | INFO     | src.indicators.technical_indicators:calculate_ema:182 | 计算 26 日指数移动平均线完成
2026-03-21 08:45:34 | INFO     | src.indicators.technical_indicators:calculate_rsi:221 | 计算 6 日RSI完成
2026-03-21 08:45:34 | INFO     | src.indicators.technical_indicators:calculate_rsi:221 | 计算 12 日RSI完成
2026-03-21 08:45:34 | INFO     | src.indicators.technical_indicators:calculate_rsi:221 | 计算 24 日RSI完成
2026-03-21 08:45:34 | INFO     | src.indicators.technical_indicators:calculate_macd:263 | 计算MACD完成：快线=12, 慢线=26, 信号线=9
2026-03-21 08:45:34 | INFO     | src.indicators.technical_indicators:calculate_macd:263 | 计算MACD完成：快线=12, 慢线=26, 信号线=12
2026-03-21 08:45:34 | INFO     | src.indicators.technical_indicators:calculate_boll:303 | 计算布林带完成：周期=20, 标准差倍数=2
2026-03-21 08:45:34 | INFO     | src.indicators.technical_indicators:calculate_boll:303 | 计算布林带完成：周期=26, 标准差倍数=2
2026-03-21 08:45:34 | INFO     | src.indicators.technical_indicators:calculate_kdj:350 | 计算KDJ完成：K周期=9, D周期=3, J周期=3
2026-03-21 08:45:34 | INFO     | src.indicators.technical_indicators:calculate_kdj:350 | 计算KDJ完成：K周期=10, D周期=3, J周期=3
2026-03-21 08:45:34 | INFO     | src.indicators.technical_indicators:calculate_atr:385 | 计算 10 日ATR完成
2026-03-21 08:45:34 | INFO     | src.indicators.technical_indicators:calculate_cci:446 | 计算 20 日CCI完成
2026-03-21 08:45:34 | INFO     | src.indicators.technical_indicators:calculate_williams_r:476 | 计算 10 日威廉指标完成
2026-03-21 08:45:34 | INFO     | src.indicators.technical_indicators:calculate_ma:133 | 计算 5 日移动平均线完成
2026-03-21 08:45:34 | INFO     | src.indicators.technical_indicators:calculate_bias:500 | 计算 5 日乖离率完成
2026-03-21 08:45:34 | INFO     | src.indicators.technical_indicators:calculate_ma:133 | 计算 10 日移动平均线完成
2026-03-21 08:45:34 | INFO     | src.indicators.technical_indicators:calculate_bias:500 | 计算 10 日乖离率完成
2026-03-21 08:45:34 | INFO     | src.indicators.technical_indicators:calculate_ma:133 | 计算 20 日移动平均线完成
2026-03-21 08:45:34 | INFO     | src.indicators.technical_indicators:calculate_bias:500 | 计算 20 日乖离率完成
2026-03-21 08:45:34 | INFO     | src.indicators.technical_indicators:calculate_ma:133 | 计算 30 日移动平均线完成
2026-03-21 08:45:34 | INFO     | src.indicators.technical_indicators:calculate_bias:500 | 计算 30 日乖离率完成
2026-03-21 08:45:34 | INFO     | src.indicators.technical_indicators:calculate_ma:133 | 计算 60 日移动平均线完成
2026-03-21 08:45:34 | INFO     | src.indicators.technical_indicators:calculate_bias:500 | 计算 60 日乖离率完成
2026-03-21 08:45:34 | INFO     | src.indicators.technical_indicators:calculate_ma:133 | 计算 120 日移动平均线完成
2026-03-21 08:45:34 | INFO     | src.indicators.technical_indicators:calculate_bias:500 | 计算 120 日乖离率完成
2026-03-21 08:45:34 | INFO     | src.indicators.technical_indicators:calculate_ma:133 | 计算 250 日移动平均线完成
2026-03-21 08:45:34 | INFO     | src.indicators.technical_indicators:calculate_bias:500 | 计算 250 日乖离率完成
2026-03-21 08:45:34 | INFO     | src.indicators.technical_indicators:calculate_psy:523 | 计算 10 日心理线完成
2026-03-21 08:45:34 | INFO     | src.indicators.technical_indicators:calculate_all:640 | 完成计算 48 个技术指标
2026-03-21 08:45:34 | INFO     | src.core.data_fetcher:save_data:536 | 保存数据到 csv 文件: 688778_with_indicators
2026-03-21 08:45:34 | INFO     | src.core.data_fetcher:save_data:556 | 数据保存成功: ./data\688778_with_indicators.csv
2026-03-21 08:45:34 | INFO     | __main__:process_single_fund:142 |   对股票 688778 进行信号判断
2026-03-21 08:45:34 | INFO     | src.core.data_fetcher:save_data:536 | 保存数据到 csv 文件: 688778_signals
2026-03-21 08:45:34 | INFO     | src.core.data_fetcher:save_data:556 | 数据保存成功: ./data\688778_signals.csv
2026-03-21 08:45:34 | INFO     | __main__:process_single_fund:170 |   股票 688778 信号判断完成: 持有 (得分: 0.000)
2026-03-21 08:45:34 | INFO     | src.indicators.technical_indicators:calculate_ma:133 | 计算 5 日移动平均线完成
2026-03-21 08:45:34 | INFO     | src.indicators.technical_indicators:calculate_ma:133 | 计算 10 日移动平均线完成
2026-03-21 08:45:34 | INFO     | src.indicators.technical_indicators:calculate_ma:133 | 计算 20 日移动平均线完成
2026-03-21 08:45:34 | INFO     | src.indicators.technical_indicators:calculate_ma:133 | 计算 30 日移动平均线完成
2026-03-21 08:45:34 | INFO     | src.indicators.technical_indicators:calculate_ma:133 | 计算 60 日移动平均线完成
2026-03-21 08:45:34 | INFO     | src.indicators.technical_indicators:calculate_ma:133 | 计算 120 日移动平均线完成
2026-03-21 08:45:34 | INFO     | src.indicators.technical_indicators:calculate_ma:133 | 计算 250 日移动平均线完成
2026-03-21 08:45:34 | INFO     | src.indicators.technical_indicators:calculate_sma:157 | 计算 5 日简单移动平均线完成
2026-03-21 08:45:34 | INFO     | src.indicators.technical_indicators:calculate_sma:157 | 计算 10 日简单移动平均线完成
2026-03-21 08:45:34 | INFO     | src.indicators.technical_indicators:calculate_sma:157 | 计算 20 日简单移动平均线完成
2026-03-21 08:45:34 | INFO     | src.indicators.technical_indicators:calculate_sma:157 | 计算 30 日简单移动平均线完成
2026-03-21 08:45:34 | INFO     | src.indicators.technical_indicators:calculate_sma:157 | 计算 60 日简单移动平均线完成
2026-03-21 08:45:34 | INFO     | src.indicators.technical_indicators:calculate_sma:157 | 计算 120 日简单移动平均线完成
2026-03-21 08:45:34 | INFO     | src.indicators.technical_indicators:calculate_sma:157 | 计算 250 日简单移动平均线完成
2026-03-21 08:45:34 | INFO     | src.indicators.technical_indicators:calculate_ema:182 | 计算 12 日指数移动平均线完成
2026-03-21 08:45:34 | INFO     | src.indicators.technical_indicators:calculate_ema:182 | 计算 26 日指数移动平均线完成
2026-03-21 08:45:34 | INFO     | src.indicators.technical_indicators:calculate_rsi:221 | 计算 6 日RSI完成
2026-03-21 08:45:34 | INFO     | src.indicators.technical_indicators:calculate_rsi:221 | 计算 12 日RSI完成
2026-03-21 08:45:34 | INFO     | src.indicators.technical_indicators:calculate_rsi:221 | 计算 24 日RSI完成
2026-03-21 08:45:34 | INFO     | src.indicators.technical_indicators:calculate_macd:263 | 计算MACD完成：快线=12, 慢线=26, 信号线=9
2026-03-21 08:45:34 | INFO     | src.indicators.technical_indicators:calculate_macd:263 | 计算MACD完成：快线=12, 慢线=26, 信号线=12
2026-03-21 08:45:34 | INFO     | src.indicators.technical_indicators:calculate_boll:303 | 计算布林带完成：周期=20, 标准差倍数=2
2026-03-21 08:45:34 | INFO     | src.indicators.technical_indicators:calculate_boll:303 | 计算布林带完成：周期=26, 标准差倍数=2
2026-03-21 08:45:34 | INFO     | src.indicators.technical_indicators:calculate_kdj:350 | 计算KDJ完成：K周期=9, D周期=3, J周期=3
2026-03-21 08:45:34 | INFO     | src.indicators.technical_indicators:calculate_kdj:350 | 计算KDJ完成：K周期=10, D周期=3, J周期=3
2026-03-21 08:45:34 | INFO     | src.indicators.technical_indicators:calculate_atr:385 | 计算 10 日ATR完成
2026-03-21 08:45:34 | INFO     | src.indicators.technical_indicators:calculate_cci:446 | 计算 20 日CCI完成
2026-03-21 08:45:34 | INFO     | src.indicators.technical_indicators:calculate_williams_r:476 | 计算 10 日威廉指标完成
2026-03-21 08:45:34 | INFO     | src.indicators.technical_indicators:calculate_ma:133 | 计算 5 日移动平均线完成
2026-03-21 08:45:34 | INFO     | src.indicators.technical_indicators:calculate_bias:500 | 计算 5 日乖离率完成
2026-03-21 08:45:34 | INFO     | src.indicators.technical_indicators:calculate_ma:133 | 计算 10 日移动平均线完成
2026-03-21 08:45:34 | INFO     | src.indicators.technical_indicators:calculate_bias:500 | 计算 10 日乖离率完成
2026-03-21 08:45:34 | INFO     | src.indicators.technical_indicators:calculate_ma:133 | 计算 20 日移动平均线完成
2026-03-21 08:45:34 | INFO     | src.indicators.technical_indicators:calculate_bias:500 | 计算 20 日乖离率完成
2026-03-21 08:45:34 | INFO     | src.indicators.technical_indicators:calculate_ma:133 | 计算 30 日移动平均线完成
2026-03-21 08:45:34 | INFO     | src.indicators.technical_indicators:calculate_bias:500 | 计算 30 日乖离率完成
2026-03-21 08:45:34 | INFO     | src.indicators.technical_indicators:calculate_ma:133 | 计算 60 日移动平均线完成
2026-03-21 08:45:34 | INFO     | src.indicators.technical_indicators:calculate_bias:500 | 计算 60 日乖离率完成
2026-03-21 08:45:34 | INFO     | src.indicators.technical_indicators:calculate_ma:133 | 计算 120 日移动平均线完成
2026-03-21 08:45:34 | INFO     | src.indicators.technical_indicators:calculate_bias:500 | 计算 120 日乖离率完成
2026-03-21 08:45:34 | INFO     | src.indicators.technical_indicators:calculate_ma:133 | 计算 250 日移动平均线完成
2026-03-21 08:45:34 | INFO     | src.indicators.technical_indicators:calculate_bias:500 | 计算 250 日乖离率完成
2026-03-21 08:45:34 | INFO     | src.indicators.technical_indicators:calculate_psy:523 | 计算 10 日心理线完成
2026-03-21 08:45:34 | INFO     | src.indicators.technical_indicators:calculate_all:640 | 完成计算 48 个技术指标
2026-03-21 08:45:34 | INFO     | src.core.data_fetcher:save_data:536 | 保存数据到 csv 文件: 688155_with_indicators
2026-03-21 08:45:34 | INFO     | src.core.data_fetcher:save_data:556 | 数据保存成功: ./data\688155_with_indicators.csv
2026-03-21 08:45:34 | INFO     | __main__:process_single_fund:142 |   对股票 688155 进行信号判断
2026-03-21 08:45:34 | INFO     | src.core.data_fetcher:save_data:536 | 保存数据到 csv 文件: 688155_signals
2026-03-21 08:45:34 | INFO     | src.core.data_fetcher:save_data:556 | 数据保存成功: ./data\688155_signals.csv
2026-03-21 08:45:34 | INFO     | __main__:process_single_fund:170 |   股票 688155 信号判断完成: 持有 (得分: -0.196)
2026-03-21 08:45:34 | INFO     | src.indicators.technical_indicators:calculate_ma:133 | 计算 5 日移动平均线完成
2026-03-21 08:45:34 | INFO     | src.indicators.technical_indicators:calculate_ma:133 | 计算 10 日移动平均线完成
2026-03-21 08:45:34 | INFO     | src.indicators.technical_indicators:calculate_ma:133 | 计算 20 日移动平均线完成
2026-03-21 08:45:34 | INFO     | src.indicators.technical_indicators:calculate_ma:133 | 计算 30 日移动平均线完成
2026-03-21 08:45:34 | INFO     | src.indicators.technical_indicators:calculate_ma:133 | 计算 60 日移动平均线完成
2026-03-21 08:45:34 | INFO     | src.indicators.technical_indicators:calculate_ma:133 | 计算 120 日移动平均线完成
2026-03-21 08:45:34 | INFO     | src.indicators.technical_indicators:calculate_ma:133 | 计算 250 日移动平均线完成
2026-03-21 08:45:34 | INFO     | src.indicators.technical_indicators:calculate_sma:157 | 计算 5 日简单移动平均线完成
2026-03-21 08:45:34 | INFO     | src.indicators.technical_indicators:calculate_sma:157 | 计算 10 日简单移动平均线完成
2026-03-21 08:45:34 | INFO     | src.indicators.technical_indicators:calculate_sma:157 | 计算 20 日简单移动平均线完成
2026-03-21 08:45:34 | INFO     | src.indicators.technical_indicators:calculate_sma:157 | 计算 30 日简单移动平均线完成
2026-03-21 08:45:34 | INFO     | src.indicators.technical_indicators:calculate_sma:157 | 计算 60 日简单移动平均线完成
2026-03-21 08:45:34 | INFO     | src.indicators.technical_indicators:calculate_sma:157 | 计算 120 日简单移动平均线完成
2026-03-21 08:45:34 | INFO     | src.indicators.technical_indicators:calculate_sma:157 | 计算 250 日简单移动平均线完成
2026-03-21 08:45:34 | INFO     | src.indicators.technical_indicators:calculate_ema:182 | 计算 12 日指数移动平均线完成
2026-03-21 08:45:34 | INFO     | src.indicators.technical_indicators:calculate_ema:182 | 计算 26 日指数移动平均线完成
2026-03-21 08:45:34 | INFO     | src.indicators.technical_indicators:calculate_rsi:221 | 计算 6 日RSI完成
2026-03-21 08:45:34 | INFO     | src.indicators.technical_indicators:calculate_rsi:221 | 计算 12 日RSI完成
2026-03-21 08:45:34 | INFO     | src.indicators.technical_indicators:calculate_rsi:221 | 计算 24 日RSI完成
2026-03-21 08:45:34 | INFO     | src.indicators.technical_indicators:calculate_macd:263 | 计算MACD完成：快线=12, 慢线=26, 信号线=9
2026-03-21 08:45:34 | INFO     | src.indicators.technical_indicators:calculate_macd:263 | 计算MACD完成：快线=12, 慢线=26, 信号线=12
2026-03-21 08:45:34 | INFO     | src.indicators.technical_indicators:calculate_boll:303 | 计算布林带完成：周期=20, 标准差倍数=2
2026-03-21 08:45:34 | INFO     | src.indicators.technical_indicators:calculate_boll:303 | 计算布林带完成：周期=26, 标准差倍数=2
2026-03-21 08:45:34 | INFO     | src.indicators.technical_indicators:calculate_kdj:350 | 计算KDJ完成：K周期=9, D周期=3, J周期=3
2026-03-21 08:45:34 | INFO     | src.indicators.technical_indicators:calculate_kdj:350 | 计算KDJ完成：K周期=10, D周期=3, J周期=3
2026-03-21 08:45:34 | INFO     | src.indicators.technical_indicators:calculate_atr:385 | 计算 10 日ATR完成
2026-03-21 08:45:34 | INFO     | src.indicators.technical_indicators:calculate_cci:446 | 计算 20 日CCI完成
2026-03-21 08:45:34 | INFO     | src.indicators.technical_indicators:calculate_williams_r:476 | 计算 10 日威廉指标完成
2026-03-21 08:45:34 | INFO     | src.indicators.technical_indicators:calculate_ma:133 | 计算 5 日移动平均线完成
2026-03-21 08:45:34 | INFO     | src.indicators.technical_indicators:calculate_bias:500 | 计算 5 日乖离率完成
2026-03-21 08:45:34 | INFO     | src.indicators.technical_indicators:calculate_ma:133 | 计算 10 日移动平均线完成
2026-03-21 08:45:34 | INFO     | src.indicators.technical_indicators:calculate_bias:500 | 计算 10 日乖离率完成
2026-03-21 08:45:34 | INFO     | src.indicators.technical_indicators:calculate_ma:133 | 计算 20 日移动平均线完成
2026-03-21 08:45:34 | INFO     | src.indicators.technical_indicators:calculate_bias:500 | 计算 20 日乖离率完成
2026-03-21 08:45:34 | INFO     | src.indicators.technical_indicators:calculate_ma:133 | 计算 30 日移动平均线完成
2026-03-21 08:45:34 | INFO     | src.indicators.technical_indicators:calculate_bias:500 | 计算 30 日乖离率完成
2026-03-21 08:45:34 | INFO     | src.indicators.technical_indicators:calculate_ma:133 | 计算 60 日移动平均线完成
2026-03-21 08:45:34 | INFO     | src.indicators.technical_indicators:calculate_bias:500 | 计算 60 日乖离率完成
2026-03-21 08:45:34 | INFO     | src.indicators.technical_indicators:calculate_ma:133 | 计算 120 日移动平均线完成
2026-03-21 08:45:34 | INFO     | src.indicators.technical_indicators:calculate_bias:500 | 计算 120 日乖离率完成
2026-03-21 08:45:34 | INFO     | src.indicators.technical_indicators:calculate_ma:133 | 计算 250 日移动平均线完成
2026-03-21 08:45:34 | INFO     | src.indicators.technical_indicators:calculate_bias:500 | 计算 250 日乖离率完成
2026-03-21 08:45:34 | INFO     | src.indicators.technical_indicators:calculate_psy:523 | 计算 10 日心理线完成
2026-03-21 08:45:34 | INFO     | src.indicators.technical_indicators:calculate_all:640 | 完成计算 48 个技术指标
2026-03-21 08:45:34 | INFO     | src.core.data_fetcher:save_data:536 | 保存数据到 csv 文件: 300450_with_indicators
2026-03-21 08:45:34 | INFO     | src.core.data_fetcher:save_data:556 | 数据保存成功: ./data\300450_with_indicators.csv
2026-03-21 08:45:34 | INFO     | __main__:process_single_fund:142 |   对股票 300450 进行信号判断
2026-03-21 08:45:34 | INFO     | src.core.data_fetcher:save_data:536 | 保存数据到 csv 文件: 300450_signals
2026-03-21 08:45:34 | INFO     | src.core.data_fetcher:save_data:556 | 数据保存成功: ./data\300450_signals.csv
2026-03-21 08:45:34 | INFO     | __main__:process_single_fund:170 |   股票 300450 信号判断完成: 持有 (得分: 0.013)
2026-03-21 08:45:34 | INFO     | src.indicators.technical_indicators:calculate_ma:133 | 计算 5 日移动平均线完成
2026-03-21 08:45:34 | INFO     | src.indicators.technical_indicators:calculate_ma:133 | 计算 10 日移动平均线完成
2026-03-21 08:45:34 | INFO     | src.indicators.technical_indicators:calculate_ma:133 | 计算 20 日移动平均线完成
2026-03-21 08:45:34 | INFO     | src.indicators.technical_indicators:calculate_ma:133 | 计算 30 日移动平均线完成
2026-03-21 08:45:34 | INFO     | src.indicators.technical_indicators:calculate_ma:133 | 计算 60 日移动平均线完成
2026-03-21 08:45:34 | INFO     | src.indicators.technical_indicators:calculate_ma:133 | 计算 120 日移动平均线完成
2026-03-21 08:45:34 | INFO     | src.indicators.technical_indicators:calculate_ma:133 | 计算 250 日移动平均线完成
2026-03-21 08:45:34 | INFO     | src.indicators.technical_indicators:calculate_sma:157 | 计算 5 日简单移动平均线完成
2026-03-21 08:45:34 | INFO     | src.indicators.technical_indicators:calculate_sma:157 | 计算 10 日简单移动平均线完成
2026-03-21 08:45:34 | INFO     | src.indicators.technical_indicators:calculate_sma:157 | 计算 20 日简单移动平均线完成
2026-03-21 08:45:34 | INFO     | src.indicators.technical_indicators:calculate_sma:157 | 计算 30 日简单移动平均线完成
2026-03-21 08:45:34 | INFO     | src.indicators.technical_indicators:calculate_sma:157 | 计算 60 日简单移动平均线完成
2026-03-21 08:45:34 | INFO     | src.indicators.technical_indicators:calculate_sma:157 | 计算 120 日简单移动平均线完成
2026-03-21 08:45:34 | INFO     | src.indicators.technical_indicators:calculate_sma:157 | 计算 250 日简单移动平均线完成
2026-03-21 08:45:34 | INFO     | src.indicators.technical_indicators:calculate_ema:182 | 计算 12 日指数移动平均线完成
2026-03-21 08:45:34 | INFO     | src.indicators.technical_indicators:calculate_ema:182 | 计算 26 日指数移动平均线完成
2026-03-21 08:45:34 | INFO     | src.indicators.technical_indicators:calculate_rsi:221 | 计算 6 日RSI完成
2026-03-21 08:45:34 | INFO     | src.indicators.technical_indicators:calculate_rsi:221 | 计算 12 日RSI完成
2026-03-21 08:45:34 | INFO     | src.indicators.technical_indicators:calculate_rsi:221 | 计算 24 日RSI完成
2026-03-21 08:45:34 | INFO     | src.indicators.technical_indicators:calculate_macd:263 | 计算MACD完成：快线=12, 慢线=26, 信号线=9
2026-03-21 08:45:34 | INFO     | src.indicators.technical_indicators:calculate_macd:263 | 计算MACD完成：快线=12, 慢线=26, 信号线=12
2026-03-21 08:45:34 | INFO     | src.indicators.technical_indicators:calculate_boll:303 | 计算布林带完成：周期=20, 标准差倍数=2
2026-03-21 08:45:34 | INFO     | src.indicators.technical_indicators:calculate_boll:303 | 计算布林带完成：周期=26, 标准差倍数=2
2026-03-21 08:45:34 | INFO     | src.indicators.technical_indicators:calculate_kdj:350 | 计算KDJ完成：K周期=9, D周期=3, J周期=3
2026-03-21 08:45:34 | INFO     | src.indicators.technical_indicators:calculate_kdj:350 | 计算KDJ完成：K周期=10, D周期=3, J周期=3
2026-03-21 08:45:34 | INFO     | src.indicators.technical_indicators:calculate_atr:385 | 计算 10 日ATR完成
2026-03-21 08:45:34 | INFO     | src.indicators.technical_indicators:calculate_cci:446 | 计算 20 日CCI完成
2026-03-21 08:45:34 | INFO     | src.indicators.technical_indicators:calculate_williams_r:476 | 计算 10 日威廉指标完成
2026-03-21 08:45:34 | INFO     | src.indicators.technical_indicators:calculate_ma:133 | 计算 5 日移动平均线完成
2026-03-21 08:45:34 | INFO     | src.indicators.technical_indicators:calculate_bias:500 | 计算 5 日乖离率完成
2026-03-21 08:45:34 | INFO     | src.indicators.technical_indicators:calculate_ma:133 | 计算 10 日移动平均线完成
2026-03-21 08:45:34 | INFO     | src.indicators.technical_indicators:calculate_bias:500 | 计算 10 日乖离率完成
2026-03-21 08:45:34 | INFO     | src.indicators.technical_indicators:calculate_ma:133 | 计算 20 日移动平均线完成
2026-03-21 08:45:34 | INFO     | src.indicators.technical_indicators:calculate_bias:500 | 计算 20 日乖离率完成
2026-03-21 08:45:34 | INFO     | src.indicators.technical_indicators:calculate_ma:133 | 计算 30 日移动平均线完成
2026-03-21 08:45:34 | INFO     | src.indicators.technical_indicators:calculate_bias:500 | 计算 30 日乖离率完成
2026-03-21 08:45:34 | INFO     | src.indicators.technical_indicators:calculate_ma:133 | 计算 60 日移动平均线完成
2026-03-21 08:45:34 | INFO     | src.indicators.technical_indicators:calculate_bias:500 | 计算 60 日乖离率完成
2026-03-21 08:45:34 | INFO     | src.indicators.technical_indicators:calculate_ma:133 | 计算 120 日移动平均线完成
2026-03-21 08:45:34 | INFO     | src.indicators.technical_indicators:calculate_bias:500 | 计算 120 日乖离率完成
2026-03-21 08:45:34 | INFO     | src.indicators.technical_indicators:calculate_ma:133 | 计算 250 日移动平均线完成
2026-03-21 08:45:34 | INFO     | src.indicators.technical_indicators:calculate_bias:500 | 计算 250 日乖离率完成
2026-03-21 08:45:34 | INFO     | src.indicators.technical_indicators:calculate_psy:523 | 计算 10 日心理线完成
2026-03-21 08:45:34 | INFO     | src.indicators.technical_indicators:calculate_all:640 | 完成计算 48 个技术指标
2026-03-21 08:45:34 | INFO     | src.core.data_fetcher:save_data:536 | 保存数据到 csv 文件: 301617_with_indicators
2026-03-21 08:45:34 | INFO     | src.core.data_fetcher:save_data:556 | 数据保存成功: ./data\301617_with_indicators.csv
2026-03-21 08:45:34 | INFO     | __main__:process_single_fund:142 |   对股票 301617 进行信号判断
2026-03-21 08:45:34 | INFO     | src.core.data_fetcher:save_data:536 | 保存数据到 csv 文件: 301617_signals
2026-03-21 08:45:34 | INFO     | src.core.data_fetcher:save_data:556 | 数据保存成功: ./data\301617_signals.csv
2026-03-21 08:45:34 | INFO     | __main__:process_single_fund:170 |   股票 301617 信号判断完成: 持有 (得分: 0.159)
2026-03-21 08:45:34 | INFO     | src.indicators.technical_indicators:calculate_ma:133 | 计算 5 日移动平均线完成
2026-03-21 08:45:34 | INFO     | src.indicators.technical_indicators:calculate_ma:133 | 计算 10 日移动平均线完成
2026-03-21 08:45:34 | INFO     | src.indicators.technical_indicators:calculate_ma:133 | 计算 20 日移动平均线完成
2026-03-21 08:45:34 | INFO     | src.indicators.technical_indicators:calculate_ma:133 | 计算 30 日移动平均线完成
2026-03-21 08:45:34 | INFO     | src.indicators.technical_indicators:calculate_ma:133 | 计算 60 日移动平均线完成
2026-03-21 08:45:34 | INFO     | src.indicators.technical_indicators:calculate_ma:133 | 计算 120 日移动平均线完成
2026-03-21 08:45:34 | INFO     | src.indicators.technical_indicators:calculate_ma:133 | 计算 250 日移动平均线完成
2026-03-21 08:45:34 | INFO     | src.indicators.technical_indicators:calculate_sma:157 | 计算 5 日简单移动平均线完成
2026-03-21 08:45:34 | INFO     | src.indicators.technical_indicators:calculate_sma:157 | 计算 10 日简单移动平均线完成
2026-03-21 08:45:34 | INFO     | src.indicators.technical_indicators:calculate_sma:157 | 计算 20 日简单移动平均线完成
2026-03-21 08:45:34 | INFO     | src.indicators.technical_indicators:calculate_sma:157 | 计算 30 日简单移动平均线完成
2026-03-21 08:45:34 | INFO     | src.indicators.technical_indicators:calculate_sma:157 | 计算 60 日简单移动平均线完成
2026-03-21 08:45:34 | INFO     | src.indicators.technical_indicators:calculate_sma:157 | 计算 120 日简单移动平均线完成
2026-03-21 08:45:34 | INFO     | src.indicators.technical_indicators:calculate_sma:157 | 计算 250 日简单移动平均线完成
2026-03-21 08:45:34 | INFO     | src.indicators.technical_indicators:calculate_ema:182 | 计算 12 日指数移动平均线完成
2026-03-21 08:45:34 | INFO     | src.indicators.technical_indicators:calculate_ema:182 | 计算 26 日指数移动平均线完成
2026-03-21 08:45:34 | INFO     | src.indicators.technical_indicators:calculate_rsi:221 | 计算 6 日RSI完成
2026-03-21 08:45:34 | INFO     | src.indicators.technical_indicators:calculate_rsi:221 | 计算 12 日RSI完成
2026-03-21 08:45:34 | INFO     | src.indicators.technical_indicators:calculate_rsi:221 | 计算 24 日RSI完成
2026-03-21 08:45:34 | INFO     | src.indicators.technical_indicators:calculate_macd:263 | 计算MACD完成：快线=12, 慢线=26, 信号线=9
2026-03-21 08:45:34 | INFO     | src.indicators.technical_indicators:calculate_macd:263 | 计算MACD完成：快线=12, 慢线=26, 信号线=12
2026-03-21 08:45:34 | INFO     | src.indicators.technical_indicators:calculate_boll:303 | 计算布林带完成：周期=20, 标准差倍数=2
2026-03-21 08:45:34 | INFO     | src.indicators.technical_indicators:calculate_boll:303 | 计算布林带完成：周期=26, 标准差倍数=2
2026-03-21 08:45:34 | INFO     | src.indicators.technical_indicators:calculate_kdj:350 | 计算KDJ完成：K周期=9, D周期=3, J周期=3
2026-03-21 08:45:34 | INFO     | src.indicators.technical_indicators:calculate_kdj:350 | 计算KDJ完成：K周期=10, D周期=3, J周期=3
2026-03-21 08:45:34 | INFO     | src.indicators.technical_indicators:calculate_atr:385 | 计算 10 日ATR完成
2026-03-21 08:45:34 | INFO     | src.indicators.technical_indicators:calculate_cci:446 | 计算 20 日CCI完成
2026-03-21 08:45:34 | INFO     | src.indicators.technical_indicators:calculate_williams_r:476 | 计算 10 日威廉指标完成
2026-03-21 08:45:34 | INFO     | src.indicators.technical_indicators:calculate_ma:133 | 计算 5 日移动平均线完成
2026-03-21 08:45:34 | INFO     | src.indicators.technical_indicators:calculate_bias:500 | 计算 5 日乖离率完成
2026-03-21 08:45:34 | INFO     | src.indicators.technical_indicators:calculate_ma:133 | 计算 10 日移动平均线完成
2026-03-21 08:45:34 | INFO     | src.indicators.technical_indicators:calculate_bias:500 | 计算 10 日乖离率完成
2026-03-21 08:45:34 | INFO     | src.indicators.technical_indicators:calculate_ma:133 | 计算 20 日移动平均线完成
2026-03-21 08:45:34 | INFO     | src.indicators.technical_indicators:calculate_bias:500 | 计算 20 日乖离率完成
2026-03-21 08:45:34 | INFO     | src.indicators.technical_indicators:calculate_ma:133 | 计算 30 日移动平均线完成
2026-03-21 08:45:34 | INFO     | src.indicators.technical_indicators:calculate_bias:500 | 计算 30 日乖离率完成
2026-03-21 08:45:34 | INFO     | src.indicators.technical_indicators:calculate_ma:133 | 计算 60 日移动平均线完成
2026-03-21 08:45:34 | INFO     | src.indicators.technical_indicators:calculate_bias:500 | 计算 60 日乖离率完成
2026-03-21 08:45:34 | INFO     | src.indicators.technical_indicators:calculate_ma:133 | 计算 120 日移动平均线完成
2026-03-21 08:45:34 | INFO     | src.indicators.technical_indicators:calculate_bias:500 | 计算 120 日乖离率完成
2026-03-21 08:45:34 | INFO     | src.indicators.technical_indicators:calculate_ma:133 | 计算 250 日移动平均线完成
2026-03-21 08:45:34 | INFO     | src.indicators.technical_indicators:calculate_bias:500 | 计算 250 日乖离率完成
2026-03-21 08:45:34 | INFO     | src.indicators.technical_indicators:calculate_psy:523 | 计算 10 日心理线完成
2026-03-21 08:45:34 | INFO     | src.indicators.technical_indicators:calculate_all:640 | 完成计算 48 个技术指标
2026-03-21 08:45:34 | INFO     | src.core.data_fetcher:save_data:536 | 保存数据到 csv 文件: 688147_with_indicators
2026-03-21 08:45:34 | INFO     | src.core.data_fetcher:save_data:556 | 数据保存成功: ./data\688147_with_indicators.csv
2026-03-21 08:45:34 | INFO     | __main__:process_single_fund:142 |   对股票 688147 进行信号判断
2026-03-21 08:45:34 | INFO     | src.core.data_fetcher:save_data:536 | 保存数据到 csv 文件: 688147_signals
2026-03-21 08:45:34 | INFO     | src.core.data_fetcher:save_data:556 | 数据保存成功: ./data\688147_signals.csv
2026-03-21 08:45:34 | INFO     | __main__:process_single_fund:170 |   股票 688147 信号判断完成: 持有 (得分: 0.103)
2026-03-21 08:45:34 | INFO     | src.indicators.technical_indicators:calculate_ma:133 | 计算 5 日移动平均线完成
2026-03-21 08:45:34 | INFO     | src.indicators.technical_indicators:calculate_ma:133 | 计算 10 日移动平均线完成
2026-03-21 08:45:34 | INFO     | src.indicators.technical_indicators:calculate_ma:133 | 计算 20 日移动平均线完成
2026-03-21 08:45:34 | INFO     | src.indicators.technical_indicators:calculate_ma:133 | 计算 30 日移动平均线完成
2026-03-21 08:45:34 | INFO     | src.indicators.technical_indicators:calculate_ma:133 | 计算 60 日移动平均线完成
2026-03-21 08:45:34 | INFO     | src.indicators.technical_indicators:calculate_ma:133 | 计算 120 日移动平均线完成
2026-03-21 08:45:34 | INFO     | src.indicators.technical_indicators:calculate_ma:133 | 计算 250 日移动平均线完成
2026-03-21 08:45:34 | INFO     | src.indicators.technical_indicators:calculate_sma:157 | 计算 5 日简单移动平均线完成
2026-03-21 08:45:34 | INFO     | src.indicators.technical_indicators:calculate_sma:157 | 计算 10 日简单移动平均线完成
2026-03-21 08:45:34 | INFO     | src.indicators.technical_indicators:calculate_sma:157 | 计算 20 日简单移动平均线完成
2026-03-21 08:45:34 | INFO     | src.indicators.technical_indicators:calculate_sma:157 | 计算 30 日简单移动平均线完成
2026-03-21 08:45:34 | INFO     | src.indicators.technical_indicators:calculate_sma:157 | 计算 60 日简单移动平均线完成
2026-03-21 08:45:34 | INFO     | src.indicators.technical_indicators:calculate_sma:157 | 计算 120 日简单移动平均线完成
2026-03-21 08:45:34 | INFO     | src.indicators.technical_indicators:calculate_sma:157 | 计算 250 日简单移动平均线完成
2026-03-21 08:45:34 | INFO     | src.indicators.technical_indicators:calculate_ema:182 | 计算 12 日指数移动平均线完成
2026-03-21 08:45:34 | INFO     | src.indicators.technical_indicators:calculate_ema:182 | 计算 26 日指数移动平均线完成
2026-03-21 08:45:34 | INFO     | src.indicators.technical_indicators:calculate_rsi:221 | 计算 6 日RSI完成
2026-03-21 08:45:34 | INFO     | src.indicators.technical_indicators:calculate_rsi:221 | 计算 12 日RSI完成
2026-03-21 08:45:34 | INFO     | src.indicators.technical_indicators:calculate_rsi:221 | 计算 24 日RSI完成
2026-03-21 08:45:34 | INFO     | src.indicators.technical_indicators:calculate_macd:263 | 计算MACD完成：快线=12, 慢线=26, 信号线=9
2026-03-21 08:45:34 | INFO     | src.indicators.technical_indicators:calculate_macd:263 | 计算MACD完成：快线=12, 慢线=26, 信号线=12
2026-03-21 08:45:34 | INFO     | src.indicators.technical_indicators:calculate_boll:303 | 计算布林带完成：周期=20, 标准差倍数=2
2026-03-21 08:45:34 | INFO     | src.indicators.technical_indicators:calculate_boll:303 | 计算布林带完成：周期=26, 标准差倍数=2
2026-03-21 08:45:34 | INFO     | src.indicators.technical_indicators:calculate_kdj:350 | 计算KDJ完成：K周期=9, D周期=3, J周期=3
2026-03-21 08:45:34 | INFO     | src.indicators.technical_indicators:calculate_kdj:350 | 计算KDJ完成：K周期=10, D周期=3, J周期=3
2026-03-21 08:45:34 | INFO     | src.indicators.technical_indicators:calculate_atr:385 | 计算 10 日ATR完成
2026-03-21 08:45:34 | INFO     | src.indicators.technical_indicators:calculate_cci:446 | 计算 20 日CCI完成
2026-03-21 08:45:34 | INFO     | src.indicators.technical_indicators:calculate_williams_r:476 | 计算 10 日威廉指标完成
2026-03-21 08:45:34 | INFO     | src.indicators.technical_indicators:calculate_ma:133 | 计算 5 日移动平均线完成
2026-03-21 08:45:34 | INFO     | src.indicators.technical_indicators:calculate_bias:500 | 计算 5 日乖离率完成
2026-03-21 08:45:34 | INFO     | src.indicators.technical_indicators:calculate_ma:133 | 计算 10 日移动平均线完成
2026-03-21 08:45:34 | INFO     | src.indicators.technical_indicators:calculate_bias:500 | 计算 10 日乖离率完成
2026-03-21 08:45:34 | INFO     | src.indicators.technical_indicators:calculate_ma:133 | 计算 20 日移动平均线完成
2026-03-21 08:45:34 | INFO     | src.indicators.technical_indicators:calculate_bias:500 | 计算 20 日乖离率完成
2026-03-21 08:45:34 | INFO     | src.indicators.technical_indicators:calculate_ma:133 | 计算 30 日移动平均线完成
2026-03-21 08:45:34 | INFO     | src.indicators.technical_indicators:calculate_bias:500 | 计算 30 日乖离率完成
2026-03-21 08:45:34 | INFO     | src.indicators.technical_indicators:calculate_ma:133 | 计算 60 日移动平均线完成
2026-03-21 08:45:34 | INFO     | src.indicators.technical_indicators:calculate_bias:500 | 计算 60 日乖离率完成
2026-03-21 08:45:34 | INFO     | src.indicators.technical_indicators:calculate_ma:133 | 计算 120 日移动平均线完成
2026-03-21 08:45:34 | INFO     | src.indicators.technical_indicators:calculate_bias:500 | 计算 120 日乖离率完成
2026-03-21 08:45:34 | INFO     | src.indicators.technical_indicators:calculate_ma:133 | 计算 250 日移动平均线完成
2026-03-21 08:45:34 | INFO     | src.indicators.technical_indicators:calculate_bias:500 | 计算 250 日乖离率完成
2026-03-21 08:45:34 | INFO     | src.indicators.technical_indicators:calculate_psy:523 | 计算 10 日心理线完成
2026-03-21 08:45:34 | INFO     | src.indicators.technical_indicators:calculate_all:640 | 完成计算 48 个技术指标
2026-03-21 08:45:34 | INFO     | src.core.data_fetcher:save_data:536 | 保存数据到 csv 文件: 688499_with_indicators
2026-03-21 08:45:34 | INFO     | src.core.data_fetcher:save_data:556 | 数据保存成功: ./data\688499_with_indicators.csv
2026-03-21 08:45:34 | INFO     | __main__:process_single_fund:142 |   对股票 688499 进行信号判断
2026-03-21 08:45:34 | INFO     | src.core.data_fetcher:save_data:536 | 保存数据到 csv 文件: 688499_signals
2026-03-21 08:45:34 | INFO     | src.core.data_fetcher:save_data:556 | 数据保存成功: ./data\688499_signals.csv
2026-03-21 08:45:34 | INFO     | __main__:process_single_fund:170 |   股票 688499 信号判断完成: 持有 (得分: 0.000)
2026-03-21 08:45:34 | INFO     | src.indicators.technical_indicators:calculate_ma:133 | 计算 5 日移动平均线完成
2026-03-21 08:45:34 | INFO     | src.indicators.technical_indicators:calculate_ma:133 | 计算 10 日移动平均线完成
2026-03-21 08:45:34 | INFO     | src.indicators.technical_indicators:calculate_ma:133 | 计算 20 日移动平均线完成
2026-03-21 08:45:34 | INFO     | src.indicators.technical_indicators:calculate_ma:133 | 计算 30 日移动平均线完成
2026-03-21 08:45:34 | INFO     | src.indicators.technical_indicators:calculate_ma:133 | 计算 60 日移动平均线完成
2026-03-21 08:45:34 | INFO     | src.indicators.technical_indicators:calculate_ma:133 | 计算 120 日移动平均线完成
2026-03-21 08:45:34 | INFO     | src.indicators.technical_indicators:calculate_ma:133 | 计算 250 日移动平均线完成
2026-03-21 08:45:34 | INFO     | src.indicators.technical_indicators:calculate_sma:157 | 计算 5 日简单移动平均线完成
2026-03-21 08:45:34 | INFO     | src.indicators.technical_indicators:calculate_sma:157 | 计算 10 日简单移动平均线完成
2026-03-21 08:45:34 | INFO     | src.indicators.technical_indicators:calculate_sma:157 | 计算 20 日简单移动平均线完成
2026-03-21 08:45:34 | INFO     | src.indicators.technical_indicators:calculate_sma:157 | 计算 30 日简单移动平均线完成
2026-03-21 08:45:34 | INFO     | src.indicators.technical_indicators:calculate_sma:157 | 计算 60 日简单移动平均线完成
2026-03-21 08:45:34 | INFO     | src.indicators.technical_indicators:calculate_sma:157 | 计算 120 日简单移动平均线完成
2026-03-21 08:45:34 | INFO     | src.indicators.technical_indicators:calculate_sma:157 | 计算 250 日简单移动平均线完成
2026-03-21 08:45:34 | INFO     | src.indicators.technical_indicators:calculate_ema:182 | 计算 12 日指数移动平均线完成
2026-03-21 08:45:34 | INFO     | src.indicators.technical_indicators:calculate_ema:182 | 计算 26 日指数移动平均线完成
2026-03-21 08:45:34 | INFO     | src.indicators.technical_indicators:calculate_rsi:221 | 计算 6 日RSI完成
2026-03-21 08:45:34 | INFO     | src.indicators.technical_indicators:calculate_rsi:221 | 计算 12 日RSI完成
2026-03-21 08:45:34 | INFO     | src.indicators.technical_indicators:calculate_rsi:221 | 计算 24 日RSI完成
2026-03-21 08:45:34 | INFO     | src.indicators.technical_indicators:calculate_macd:263 | 计算MACD完成：快线=12, 慢线=26, 信号线=9
2026-03-21 08:45:34 | INFO     | src.indicators.technical_indicators:calculate_macd:263 | 计算MACD完成：快线=12, 慢线=26, 信号线=12
2026-03-21 08:45:34 | INFO     | src.indicators.technical_indicators:calculate_boll:303 | 计算布林带完成：周期=20, 标准差倍数=2
2026-03-21 08:45:34 | INFO     | src.indicators.technical_indicators:calculate_boll:303 | 计算布林带完成：周期=26, 标准差倍数=2
2026-03-21 08:45:34 | INFO     | src.indicators.technical_indicators:calculate_kdj:350 | 计算KDJ完成：K周期=9, D周期=3, J周期=3
2026-03-21 08:45:34 | INFO     | src.indicators.technical_indicators:calculate_kdj:350 | 计算KDJ完成：K周期=10, D周期=3, J周期=3
2026-03-21 08:45:34 | INFO     | src.indicators.technical_indicators:calculate_atr:385 | 计算 10 日ATR完成
2026-03-21 08:45:34 | INFO     | src.indicators.technical_indicators:calculate_cci:446 | 计算 20 日CCI完成
2026-03-21 08:45:34 | INFO     | src.indicators.technical_indicators:calculate_williams_r:476 | 计算 10 日威廉指标完成
2026-03-21 08:45:34 | INFO     | src.indicators.technical_indicators:calculate_ma:133 | 计算 5 日移动平均线完成
2026-03-21 08:45:34 | INFO     | src.indicators.technical_indicators:calculate_bias:500 | 计算 5 日乖离率完成
2026-03-21 08:45:34 | INFO     | src.indicators.technical_indicators:calculate_ma:133 | 计算 10 日移动平均线完成
2026-03-21 08:45:34 | INFO     | src.indicators.technical_indicators:calculate_bias:500 | 计算 10 日乖离率完成
2026-03-21 08:45:34 | INFO     | src.indicators.technical_indicators:calculate_ma:133 | 计算 20 日移动平均线完成
2026-03-21 08:45:34 | INFO     | src.indicators.technical_indicators:calculate_bias:500 | 计算 20 日乖离率完成
2026-03-21 08:45:34 | INFO     | src.indicators.technical_indicators:calculate_ma:133 | 计算 30 日移动平均线完成
2026-03-21 08:45:34 | INFO     | src.indicators.technical_indicators:calculate_bias:500 | 计算 30 日乖离率完成
2026-03-21 08:45:34 | INFO     | src.indicators.technical_indicators:calculate_ma:133 | 计算 60 日移动平均线完成
2026-03-21 08:45:34 | INFO     | src.indicators.technical_indicators:calculate_bias:500 | 计算 60 日乖离率完成
2026-03-21 08:45:34 | INFO     | src.indicators.technical_indicators:calculate_ma:133 | 计算 120 日移动平均线完成
2026-03-21 08:45:34 | INFO     | src.indicators.technical_indicators:calculate_bias:500 | 计算 120 日乖离率完成
2026-03-21 08:45:34 | INFO     | src.indicators.technical_indicators:calculate_ma:133 | 计算 250 日移动平均线完成
2026-03-21 08:45:34 | INFO     | src.indicators.technical_indicators:calculate_bias:500 | 计算 250 日乖离率完成
2026-03-21 08:45:34 | INFO     | src.indicators.technical_indicators:calculate_psy:523 | 计算 10 日心理线完成
2026-03-21 08:45:34 | INFO     | src.indicators.technical_indicators:calculate_all:640 | 完成计算 48 个技术指标
2026-03-21 08:45:34 | INFO     | src.core.data_fetcher:save_data:536 | 保存数据到 csv 文件: 301150_with_indicators
2026-03-21 08:45:34 | INFO     | src.core.data_fetcher:save_data:556 | 数据保存成功: ./data\301150_with_indicators.csv
2026-03-21 08:45:34 | INFO     | __main__:process_single_fund:142 |   对股票 301150 进行信号判断
2026-03-21 08:45:34 | INFO     | src.core.data_fetcher:save_data:536 | 保存数据到 csv 文件: 301150_signals
2026-03-21 08:45:34 | INFO     | src.core.data_fetcher:save_data:556 | 数据保存成功: ./data\301150_signals.csv
2026-03-21 08:45:34 | INFO     | __main__:process_single_fund:170 |   股票 301150 信号判断完成: 卖出 (得分: -0.351)
2026-03-21 08:45:34 | INFO     | src.indicators.technical_indicators:calculate_ma:133 | 计算 5 日移动平均线完成
2026-03-21 08:45:34 | INFO     | src.indicators.technical_indicators:calculate_ma:133 | 计算 10 日移动平均线完成
2026-03-21 08:45:34 | INFO     | src.indicators.technical_indicators:calculate_ma:133 | 计算 20 日移动平均线完成
2026-03-21 08:45:34 | INFO     | src.indicators.technical_indicators:calculate_ma:133 | 计算 30 日移动平均线完成
2026-03-21 08:45:34 | INFO     | src.indicators.technical_indicators:calculate_ma:133 | 计算 60 日移动平均线完成
2026-03-21 08:45:34 | INFO     | src.indicators.technical_indicators:calculate_ma:133 | 计算 120 日移动平均线完成
2026-03-21 08:45:34 | INFO     | src.indicators.technical_indicators:calculate_ma:133 | 计算 250 日移动平均线完成
2026-03-21 08:45:34 | INFO     | src.indicators.technical_indicators:calculate_sma:157 | 计算 5 日简单移动平均线完成
2026-03-21 08:45:34 | INFO     | src.indicators.technical_indicators:calculate_sma:157 | 计算 10 日简单移动平均线完成
2026-03-21 08:45:34 | INFO     | src.indicators.technical_indicators:calculate_sma:157 | 计算 20 日简单移动平均线完成
2026-03-21 08:45:34 | INFO     | src.indicators.technical_indicators:calculate_sma:157 | 计算 30 日简单移动平均线完成
2026-03-21 08:45:34 | INFO     | src.indicators.technical_indicators:calculate_sma:157 | 计算 60 日简单移动平均线完成
2026-03-21 08:45:34 | INFO     | src.indicators.technical_indicators:calculate_sma:157 | 计算 120 日简单移动平均线完成
2026-03-21 08:45:34 | INFO     | src.indicators.technical_indicators:calculate_sma:157 | 计算 250 日简单移动平均线完成
2026-03-21 08:45:34 | INFO     | src.indicators.technical_indicators:calculate_ema:182 | 计算 12 日指数移动平均线完成
2026-03-21 08:45:34 | INFO     | src.indicators.technical_indicators:calculate_ema:182 | 计算 26 日指数移动平均线完成
2026-03-21 08:45:34 | INFO     | src.indicators.technical_indicators:calculate_rsi:221 | 计算 6 日RSI完成
2026-03-21 08:45:34 | INFO     | src.indicators.technical_indicators:calculate_rsi:221 | 计算 12 日RSI完成
2026-03-21 08:45:34 | INFO     | src.indicators.technical_indicators:calculate_rsi:221 | 计算 24 日RSI完成
2026-03-21 08:45:34 | INFO     | src.indicators.technical_indicators:calculate_macd:263 | 计算MACD完成：快线=12, 慢线=26, 信号线=9
2026-03-21 08:45:34 | INFO     | src.indicators.technical_indicators:calculate_macd:263 | 计算MACD完成：快线=12, 慢线=26, 信号线=12
2026-03-21 08:45:34 | INFO     | src.indicators.technical_indicators:calculate_boll:303 | 计算布林带完成：周期=20, 标准差倍数=2
2026-03-21 08:45:34 | INFO     | src.indicators.technical_indicators:calculate_boll:303 | 计算布林带完成：周期=26, 标准差倍数=2
2026-03-21 08:45:34 | INFO     | src.indicators.technical_indicators:calculate_kdj:350 | 计算KDJ完成：K周期=9, D周期=3, J周期=3
2026-03-21 08:45:34 | INFO     | src.indicators.technical_indicators:calculate_kdj:350 | 计算KDJ完成：K周期=10, D周期=3, J周期=3
2026-03-21 08:45:34 | INFO     | src.indicators.technical_indicators:calculate_atr:385 | 计算 10 日ATR完成
2026-03-21 08:45:34 | INFO     | src.indicators.technical_indicators:calculate_cci:446 | 计算 20 日CCI完成
2026-03-21 08:45:34 | INFO     | src.indicators.technical_indicators:calculate_williams_r:476 | 计算 10 日威廉指标完成
2026-03-21 08:45:34 | INFO     | src.indicators.technical_indicators:calculate_ma:133 | 计算 5 日移动平均线完成
2026-03-21 08:45:34 | INFO     | src.indicators.technical_indicators:calculate_bias:500 | 计算 5 日乖离率完成
2026-03-21 08:45:34 | INFO     | src.indicators.technical_indicators:calculate_ma:133 | 计算 10 日移动平均线完成
2026-03-21 08:45:34 | INFO     | src.indicators.technical_indicators:calculate_bias:500 | 计算 10 日乖离率完成
2026-03-21 08:45:34 | INFO     | src.indicators.technical_indicators:calculate_ma:133 | 计算 20 日移动平均线完成
2026-03-21 08:45:34 | INFO     | src.indicators.technical_indicators:calculate_bias:500 | 计算 20 日乖离率完成
2026-03-21 08:45:34 | INFO     | src.indicators.technical_indicators:calculate_ma:133 | 计算 30 日移动平均线完成
2026-03-21 08:45:34 | INFO     | src.indicators.technical_indicators:calculate_bias:500 | 计算 30 日乖离率完成
2026-03-21 08:45:34 | INFO     | src.indicators.technical_indicators:calculate_ma:133 | 计算 60 日移动平均线完成
2026-03-21 08:45:34 | INFO     | src.indicators.technical_indicators:calculate_bias:500 | 计算 60 日乖离率完成
2026-03-21 08:45:34 | INFO     | src.indicators.technical_indicators:calculate_ma:133 | 计算 120 日移动平均线完成
2026-03-21 08:45:34 | INFO     | src.indicators.technical_indicators:calculate_bias:500 | 计算 120 日乖离率完成
2026-03-21 08:45:34 | INFO     | src.indicators.technical_indicators:calculate_ma:133 | 计算 250 日移动平均线完成
2026-03-21 08:45:34 | INFO     | src.indicators.technical_indicators:calculate_bias:500 | 计算 250 日乖离率完成
2026-03-21 08:45:34 | INFO     | src.indicators.technical_indicators:calculate_psy:523 | 计算 10 日心理线完成
2026-03-21 08:45:34 | INFO     | src.indicators.technical_indicators:calculate_all:640 | 完成计算 48 个技术指标
2026-03-21 08:45:34 | INFO     | src.core.data_fetcher:save_data:536 | 保存数据到 csv 文件: 002846_with_indicators
2026-03-21 08:45:34 | INFO     | src.core.data_fetcher:save_data:556 | 数据保存成功: ./data\002846_with_indicators.csv
2026-03-21 08:45:34 | INFO     | __main__:process_single_fund:142 |   对股票 002846 进行信号判断
2026-03-21 08:45:34 | INFO     | src.core.data_fetcher:save_data:536 | 保存数据到 csv 文件: 002846_signals
2026-03-21 08:45:34 | INFO     | src.core.data_fetcher:save_data:556 | 数据保存成功: ./data\002846_signals.csv
2026-03-21 08:45:34 | INFO     | __main__:process_single_fund:170 |   股票 002846 信号判断完成: 持有 (得分: 0.000)
2026-03-21 08:45:34 | INFO     | src.indicators.technical_indicators:calculate_ma:133 | 计算 5 日移动平均线完成
2026-03-21 08:45:34 | INFO     | src.indicators.technical_indicators:calculate_ma:133 | 计算 10 日移动平均线完成
2026-03-21 08:45:34 | INFO     | src.indicators.technical_indicators:calculate_ma:133 | 计算 20 日移动平均线完成
2026-03-21 08:45:34 | INFO     | src.indicators.technical_indicators:calculate_ma:133 | 计算 30 日移动平均线完成
2026-03-21 08:45:34 | INFO     | src.indicators.technical_indicators:calculate_ma:133 | 计算 60 日移动平均线完成
2026-03-21 08:45:34 | INFO     | src.indicators.technical_indicators:calculate_ma:133 | 计算 120 日移动平均线完成
2026-03-21 08:45:34 | INFO     | src.indicators.technical_indicators:calculate_ma:133 | 计算 250 日移动平均线完成
2026-03-21 08:45:34 | INFO     | src.indicators.technical_indicators:calculate_sma:157 | 计算 5 日简单移动平均线完成
2026-03-21 08:45:34 | INFO     | src.indicators.technical_indicators:calculate_sma:157 | 计算 10 日简单移动平均线完成
2026-03-21 08:45:34 | INFO     | src.indicators.technical_indicators:calculate_sma:157 | 计算 20 日简单移动平均线完成
2026-03-21 08:45:34 | INFO     | src.indicators.technical_indicators:calculate_sma:157 | 计算 30 日简单移动平均线完成
2026-03-21 08:45:34 | INFO     | src.indicators.technical_indicators:calculate_sma:157 | 计算 60 日简单移动平均线完成
2026-03-21 08:45:34 | INFO     | src.indicators.technical_indicators:calculate_sma:157 | 计算 120 日简单移动平均线完成
2026-03-21 08:45:34 | INFO     | src.indicators.technical_indicators:calculate_sma:157 | 计算 250 日简单移动平均线完成
2026-03-21 08:45:34 | INFO     | src.indicators.technical_indicators:calculate_ema:182 | 计算 12 日指数移动平均线完成
2026-03-21 08:45:34 | INFO     | src.indicators.technical_indicators:calculate_ema:182 | 计算 26 日指数移动平均线完成
2026-03-21 08:45:34 | INFO     | src.indicators.technical_indicators:calculate_rsi:221 | 计算 6 日RSI完成
2026-03-21 08:45:34 | INFO     | src.indicators.technical_indicators:calculate_rsi:221 | 计算 12 日RSI完成
2026-03-21 08:45:34 | INFO     | src.indicators.technical_indicators:calculate_rsi:221 | 计算 24 日RSI完成
2026-03-21 08:45:34 | INFO     | src.indicators.technical_indicators:calculate_macd:263 | 计算MACD完成：快线=12, 慢线=26, 信号线=9
2026-03-21 08:45:34 | INFO     | src.indicators.technical_indicators:calculate_macd:263 | 计算MACD完成：快线=12, 慢线=26, 信号线=12
2026-03-21 08:45:34 | INFO     | src.indicators.technical_indicators:calculate_boll:303 | 计算布林带完成：周期=20, 标准差倍数=2
2026-03-21 08:45:34 | INFO     | src.indicators.technical_indicators:calculate_boll:303 | 计算布林带完成：周期=26, 标准差倍数=2
2026-03-21 08:45:34 | INFO     | src.indicators.technical_indicators:calculate_kdj:350 | 计算KDJ完成：K周期=9, D周期=3, J周期=3
2026-03-21 08:45:34 | INFO     | src.indicators.technical_indicators:calculate_kdj:350 | 计算KDJ完成：K周期=10, D周期=3, J周期=3
2026-03-21 08:45:34 | INFO     | src.indicators.technical_indicators:calculate_atr:385 | 计算 10 日ATR完成
2026-03-21 08:45:35 | INFO     | src.indicators.technical_indicators:calculate_cci:446 | 计算 20 日CCI完成
2026-03-21 08:45:35 | INFO     | src.indicators.technical_indicators:calculate_williams_r:476 | 计算 10 日威廉指标完成
2026-03-21 08:45:35 | INFO     | src.indicators.technical_indicators:calculate_ma:133 | 计算 5 日移动平均线完成
2026-03-21 08:45:35 | INFO     | src.indicators.technical_indicators:calculate_bias:500 | 计算 5 日乖离率完成
2026-03-21 08:45:35 | INFO     | src.indicators.technical_indicators:calculate_ma:133 | 计算 10 日移动平均线完成
2026-03-21 08:45:35 | INFO     | src.indicators.technical_indicators:calculate_bias:500 | 计算 10 日乖离率完成
2026-03-21 08:45:35 | INFO     | src.indicators.technical_indicators:calculate_ma:133 | 计算 20 日移动平均线完成
2026-03-21 08:45:35 | INFO     | src.indicators.technical_indicators:calculate_bias:500 | 计算 20 日乖离率完成
2026-03-21 08:45:35 | INFO     | src.indicators.technical_indicators:calculate_ma:133 | 计算 30 日移动平均线完成
2026-03-21 08:45:35 | INFO     | src.indicators.technical_indicators:calculate_bias:500 | 计算 30 日乖离率完成
2026-03-21 08:45:35 | INFO     | src.indicators.technical_indicators:calculate_ma:133 | 计算 60 日移动平均线完成
2026-03-21 08:45:35 | INFO     | src.indicators.technical_indicators:calculate_bias:500 | 计算 60 日乖离率完成
2026-03-21 08:45:35 | INFO     | src.indicators.technical_indicators:calculate_ma:133 | 计算 120 日移动平均线完成
2026-03-21 08:45:35 | INFO     | src.indicators.technical_indicators:calculate_bias:500 | 计算 120 日乖离率完成
2026-03-21 08:45:35 | INFO     | src.indicators.technical_indicators:calculate_ma:133 | 计算 250 日移动平均线完成
2026-03-21 08:45:35 | INFO     | src.indicators.technical_indicators:calculate_bias:500 | 计算 250 日乖离率完成
2026-03-21 08:45:35 | INFO     | src.indicators.technical_indicators:calculate_psy:523 | 计算 10 日心理线完成
2026-03-21 08:45:35 | INFO     | src.indicators.technical_indicators:calculate_all:640 | 完成计算 48 个技术指标
2026-03-21 08:45:35 | INFO     | src.core.data_fetcher:save_data:536 | 保存数据到 csv 文件: 300092_with_indicators
2026-03-21 08:45:35 | INFO     | src.core.data_fetcher:save_data:556 | 数据保存成功: ./data\300092_with_indicators.csv
2026-03-21 08:45:35 | INFO     | __main__:process_single_fund:142 |   对股票 300092 进行信号判断
2026-03-21 08:45:35 | INFO     | src.core.data_fetcher:save_data:536 | 保存数据到 csv 文件: 300092_signals
2026-03-21 08:45:35 | INFO     | src.core.data_fetcher:save_data:556 | 数据保存成功: ./data\300092_signals.csv
2026-03-21 08:45:35 | INFO     | __main__:process_single_fund:170 |   股票 300092 信号判断完成: 持有 (得分: -0.120)
2026-03-21 08:45:35 | INFO     | __main__:process_single_fund:191 | 步骤5: 生成汇总报告
2026-03-21 08:45:35 | INFO     | __main__:process_single_fund:195 | ============================================================
2026-03-21 08:45:35 | INFO     | __main__:process_single_fund:196 | 基金 005538 处理完成!
2026-03-21 08:45:35 | INFO     | __main__:process_single_fund:197 | 总股票数: 10
2026-03-21 08:45:35 | INFO     | __main__:process_single_fund:198 | 成功: 10
2026-03-21 08:45:35 | INFO     | __main__:process_single_fund:199 | 失败: 0
2026-03-21 08:45:35 | INFO     | __main__:process_single_fund:200 | ============================================================
2026-03-21 08:45:35 | INFO     | __main__:process_single_fund:209 | 基金 005538 的所有技术指标已保存为 CSV 文件
2026-03-21 08:45:36 | DEBUG    | src.notify.channels.ntfy:send:87 | ntfy 消息发送成功: ✅ 基金 {fund_code} 分析完成
得分: {score:.3f}
建议: {recomme...
2026-03-21 08:45:36 | DEBUG    | src.notify.base:send_with_retry:126 | 通知器 ntfy 发送成功
2026-03-21 08:45:36 | DEBUG    | src.notify.manager:send:140 | 消息发送成功到渠道 ntfy
2026-03-21 08:45:36 | INFO     | __main__:run_technical_workflow:653 | 基金 005538 处理完成
2026-03-21 08:45:36 | INFO     | __main__:run_technical_workflow:654 | ============================================================

2026-03-21 08:45:36 | INFO     | __main__:run_technical_workflow:646 | 
============================================================
2026-03-21 08:45:36 | INFO     | __main__:run_technical_workflow:647 | 开始处理基金: 015790
2026-03-21 08:45:36 | INFO     | __main__:run_technical_workflow:648 | ============================================================
2026-03-21 08:45:36 | INFO     | __main__:process_single_fund:46 | 开始处理基金 015790 的持仓股票技术指标计算
2026-03-21 08:45:37 | DEBUG    | src.notify.channels.ntfy:send:87 | ntfy 消息发送成功: 🔍 开始分析基金 {fund_code}...
2026-03-21 08:45:37 | DEBUG    | src.notify.base:send_with_retry:126 | 通知器 ntfy 发送成功
2026-03-21 08:45:37 | DEBUG    | src.notify.manager:send:140 | 消息发送成功到渠道 ntfy
2026-03-21 08:45:37 | INFO     | __main__:process_single_fund:53 | 步骤1: 获取基金持仓数据
2026-03-21 08:45:37 | INFO     | src.core.data_fetcher:inner:410 | 获取基金 015790 持仓
2026-03-21 08:45:37 | INFO     | __main__:process_single_fund:61 | 步骤2: 过滤最新季度数据
2026-03-21 08:45:37 | INFO     | src.analysis.quarter_filter:filter_latest_quarter_data:63 | 识别到最新季度: 2025年Q4
2026-03-21 08:45:37 | INFO     | src.analysis.quarter_filter:filter_latest_quarter_data:77 | 过滤结果: 从 98 条记录中筛选出 10 条最新季度数据
2026-03-21 08:45:37 | INFO     | __main__:process_single_fund:65 | 最新季度持仓股票数量: 10
2026-03-21 08:45:37 | INFO     | __main__:process_single_fund:66 | 股票代码列表: ['600118', '301005', '605598', '601698', '600879', '300342', '300136', '002149', '300762', '002565']
2026-03-21 08:45:37 | INFO     | __main__:process_single_fund:69 | 步骤3: 批量处理股票数据
2026-03-21 08:45:37 | INFO     | src.data.reader:list_files:221 | 在 data\stock_data 中找到 30 个文件
2026-03-21 08:45:37 | INFO     | src.data.reader:list_stock_files:241 | 找到 30 个股票数据文件
2026-03-21 08:45:37 | INFO     | src.data.reader:read_csv:53 | 读取CSV文件: data\stock_data\600118_kline.csv
2026-03-21 08:45:37 | INFO     | src.data.reader:read_csv:57 | 成功读取 1260 行数据
2026-03-21 08:45:37 | INFO     | src.data.reader:list_files:221 | 在 data\stock_data 中找到 30 个文件
2026-03-21 08:45:37 | INFO     | src.data.reader:list_stock_files:241 | 找到 30 个股票数据文件
2026-03-21 08:45:37 | INFO     | src.data.reader:read_csv:53 | 读取CSV文件: data\stock_data\301005_kline.csv
2026-03-21 08:45:37 | INFO     | src.data.reader:read_csv:57 | 成功读取 1163 行数据
2026-03-21 08:45:37 | INFO     | src.data.reader:list_files:221 | 在 data\stock_data 中找到 30 个文件
2026-03-21 08:45:37 | INFO     | src.data.reader:list_stock_files:241 | 找到 30 个股票数据文件
2026-03-21 08:45:37 | INFO     | src.data.reader:read_csv:53 | 读取CSV文件: data\stock_data\605598_kline.csv
2026-03-21 08:45:37 | INFO     | src.data.reader:read_csv:57 | 成功读取 1086 行数据
2026-03-21 08:45:37 | INFO     | src.data.reader:list_files:221 | 在 data\stock_data 中找到 30 个文件
2026-03-21 08:45:37 | INFO     | src.data.reader:list_stock_files:241 | 找到 30 个股票数据文件
2026-03-21 08:45:37 | INFO     | src.data.reader:read_csv:53 | 读取CSV文件: data\stock_data\601698_kline.csv
2026-03-21 08:45:37 | INFO     | src.data.reader:read_csv:57 | 成功读取 1260 行数据
2026-03-21 08:45:37 | INFO     | src.data.reader:list_files:221 | 在 data\stock_data 中找到 30 个文件
2026-03-21 08:45:37 | INFO     | src.data.reader:list_stock_files:241 | 找到 30 个股票数据文件
2026-03-21 08:45:37 | INFO     | src.data.reader:read_csv:53 | 读取CSV文件: data\stock_data\600879_kline.csv
2026-03-21 08:45:37 | INFO     | src.data.reader:read_csv:57 | 成功读取 1260 行数据
2026-03-21 08:45:37 | INFO     | src.data.reader:list_files:221 | 在 data\stock_data 中找到 30 个文件
2026-03-21 08:45:37 | INFO     | src.data.reader:list_stock_files:241 | 找到 30 个股票数据文件
2026-03-21 08:45:37 | INFO     | src.data.reader:read_csv:53 | 读取CSV文件: data\stock_data\300342_kline.csv
2026-03-21 08:45:37 | INFO     | src.data.reader:read_csv:57 | 成功读取 1260 行数据
2026-03-21 08:45:37 | INFO     | src.data.reader:list_files:221 | 在 data\stock_data 中找到 30 个文件
2026-03-21 08:45:37 | INFO     | src.data.reader:list_stock_files:241 | 找到 30 个股票数据文件
2026-03-21 08:45:37 | INFO     | src.data.reader:read_csv:53 | 读取CSV文件: data\stock_data\300136_kline.csv
2026-03-21 08:45:37 | INFO     | src.data.reader:read_csv:57 | 成功读取 1260 行数据
2026-03-21 08:45:37 | INFO     | src.data.reader:list_files:221 | 在 data\stock_data 中找到 30 个文件
2026-03-21 08:45:37 | INFO     | src.data.reader:list_stock_files:241 | 找到 30 个股票数据文件
2026-03-21 08:45:37 | INFO     | src.data.reader:read_csv:53 | 读取CSV文件: data\stock_data\002149_kline.csv
2026-03-21 08:45:37 | INFO     | src.data.reader:read_csv:57 | 成功读取 1260 行数据
2026-03-21 08:45:37 | INFO     | src.data.reader:list_files:221 | 在 data\stock_data 中找到 30 个文件
2026-03-21 08:45:37 | INFO     | src.data.reader:list_stock_files:241 | 找到 30 个股票数据文件
2026-03-21 08:45:37 | INFO     | src.data.reader:read_csv:53 | 读取CSV文件: data\stock_data\300762_kline.csv
2026-03-21 08:45:37 | INFO     | src.data.reader:read_csv:57 | 成功读取 1260 行数据
2026-03-21 08:45:37 | INFO     | src.data.reader:list_files:221 | 在 data\stock_data 中找到 30 个文件
2026-03-21 08:45:37 | INFO     | src.data.reader:list_stock_files:241 | 找到 30 个股票数据文件
2026-03-21 08:45:37 | INFO     | src.data.reader:read_csv:53 | 读取CSV文件: data\stock_data\002565_kline.csv
2026-03-21 08:45:37 | INFO     | src.data.reader:read_csv:57 | 成功读取 1260 行数据
2026-03-21 08:45:37 | INFO     | __main__:process_single_fund:109 | 成功获取 10 只股票的数据
2026-03-21 08:45:37 | INFO     | __main__:process_single_fund:116 | 步骤4: 计算技术指标
2026-03-21 08:45:37 | INFO     | src.indicators.technical_indicators:calculate_ma:133 | 计算 5 日移动平均线完成
2026-03-21 08:45:37 | INFO     | src.indicators.technical_indicators:calculate_ma:133 | 计算 10 日移动平均线完成
2026-03-21 08:45:37 | INFO     | src.indicators.technical_indicators:calculate_ma:133 | 计算 20 日移动平均线完成
2026-03-21 08:45:37 | INFO     | src.indicators.technical_indicators:calculate_ma:133 | 计算 30 日移动平均线完成
2026-03-21 08:45:37 | INFO     | src.indicators.technical_indicators:calculate_ma:133 | 计算 60 日移动平均线完成
2026-03-21 08:45:37 | INFO     | src.indicators.technical_indicators:calculate_ma:133 | 计算 120 日移动平均线完成
2026-03-21 08:45:37 | INFO     | src.indicators.technical_indicators:calculate_ma:133 | 计算 250 日移动平均线完成
2026-03-21 08:45:37 | INFO     | src.indicators.technical_indicators:calculate_sma:157 | 计算 5 日简单移动平均线完成
2026-03-21 08:45:37 | INFO     | src.indicators.technical_indicators:calculate_sma:157 | 计算 10 日简单移动平均线完成
2026-03-21 08:45:37 | INFO     | src.indicators.technical_indicators:calculate_sma:157 | 计算 20 日简单移动平均线完成
2026-03-21 08:45:37 | INFO     | src.indicators.technical_indicators:calculate_sma:157 | 计算 30 日简单移动平均线完成
2026-03-21 08:45:37 | INFO     | src.indicators.technical_indicators:calculate_sma:157 | 计算 60 日简单移动平均线完成
2026-03-21 08:45:37 | INFO     | src.indicators.technical_indicators:calculate_sma:157 | 计算 120 日简单移动平均线完成
2026-03-21 08:45:37 | INFO     | src.indicators.technical_indicators:calculate_sma:157 | 计算 250 日简单移动平均线完成
2026-03-21 08:45:37 | INFO     | src.indicators.technical_indicators:calculate_ema:182 | 计算 12 日指数移动平均线完成
2026-03-21 08:45:37 | INFO     | src.indicators.technical_indicators:calculate_ema:182 | 计算 26 日指数移动平均线完成
2026-03-21 08:45:37 | INFO     | src.indicators.technical_indicators:calculate_rsi:221 | 计算 6 日RSI完成
2026-03-21 08:45:37 | INFO     | src.indicators.technical_indicators:calculate_rsi:221 | 计算 12 日RSI完成
2026-03-21 08:45:37 | INFO     | src.indicators.technical_indicators:calculate_rsi:221 | 计算 24 日RSI完成
2026-03-21 08:45:37 | INFO     | src.indicators.technical_indicators:calculate_macd:263 | 计算MACD完成：快线=12, 慢线=26, 信号线=9
2026-03-21 08:45:37 | INFO     | src.indicators.technical_indicators:calculate_macd:263 | 计算MACD完成：快线=12, 慢线=26, 信号线=12
2026-03-21 08:45:37 | INFO     | src.indicators.technical_indicators:calculate_boll:303 | 计算布林带完成：周期=20, 标准差倍数=2
2026-03-21 08:45:37 | INFO     | src.indicators.technical_indicators:calculate_boll:303 | 计算布林带完成：周期=26, 标准差倍数=2
2026-03-21 08:45:37 | INFO     | src.indicators.technical_indicators:calculate_kdj:350 | 计算KDJ完成：K周期=9, D周期=3, J周期=3
2026-03-21 08:45:37 | INFO     | src.indicators.technical_indicators:calculate_kdj:350 | 计算KDJ完成：K周期=10, D周期=3, J周期=3
2026-03-21 08:45:37 | INFO     | src.indicators.technical_indicators:calculate_atr:385 | 计算 10 日ATR完成
2026-03-21 08:45:37 | INFO     | src.indicators.technical_indicators:calculate_cci:446 | 计算 20 日CCI完成
2026-03-21 08:45:37 | INFO     | src.indicators.technical_indicators:calculate_williams_r:476 | 计算 10 日威廉指标完成
2026-03-21 08:45:37 | INFO     | src.indicators.technical_indicators:calculate_ma:133 | 计算 5 日移动平均线完成
2026-03-21 08:45:37 | INFO     | src.indicators.technical_indicators:calculate_bias:500 | 计算 5 日乖离率完成
2026-03-21 08:45:37 | INFO     | src.indicators.technical_indicators:calculate_ma:133 | 计算 10 日移动平均线完成
2026-03-21 08:45:37 | INFO     | src.indicators.technical_indicators:calculate_bias:500 | 计算 10 日乖离率完成
2026-03-21 08:45:37 | INFO     | src.indicators.technical_indicators:calculate_ma:133 | 计算 20 日移动平均线完成
2026-03-21 08:45:37 | INFO     | src.indicators.technical_indicators:calculate_bias:500 | 计算 20 日乖离率完成
2026-03-21 08:45:37 | INFO     | src.indicators.technical_indicators:calculate_ma:133 | 计算 30 日移动平均线完成
2026-03-21 08:45:37 | INFO     | src.indicators.technical_indicators:calculate_bias:500 | 计算 30 日乖离率完成
2026-03-21 08:45:37 | INFO     | src.indicators.technical_indicators:calculate_ma:133 | 计算 60 日移动平均线完成
2026-03-21 08:45:37 | INFO     | src.indicators.technical_indicators:calculate_bias:500 | 计算 60 日乖离率完成
2026-03-21 08:45:37 | INFO     | src.indicators.technical_indicators:calculate_ma:133 | 计算 120 日移动平均线完成
2026-03-21 08:45:37 | INFO     | src.indicators.technical_indicators:calculate_bias:500 | 计算 120 日乖离率完成
2026-03-21 08:45:37 | INFO     | src.indicators.technical_indicators:calculate_ma:133 | 计算 250 日移动平均线完成
2026-03-21 08:45:37 | INFO     | src.indicators.technical_indicators:calculate_bias:500 | 计算 250 日乖离率完成
2026-03-21 08:45:37 | INFO     | src.indicators.technical_indicators:calculate_psy:523 | 计算 10 日心理线完成
2026-03-21 08:45:37 | INFO     | src.indicators.technical_indicators:calculate_all:640 | 完成计算 48 个技术指标
2026-03-21 08:45:37 | INFO     | src.core.data_fetcher:save_data:536 | 保存数据到 csv 文件: 600118_with_indicators
2026-03-21 08:45:37 | INFO     | src.core.data_fetcher:save_data:556 | 数据保存成功: ./data\600118_with_indicators.csv
2026-03-21 08:45:37 | INFO     | __main__:process_single_fund:142 |   对股票 600118 进行信号判断
2026-03-21 08:45:37 | INFO     | src.core.data_fetcher:save_data:536 | 保存数据到 csv 文件: 600118_signals
2026-03-21 08:45:37 | INFO     | src.core.data_fetcher:save_data:556 | 数据保存成功: ./data\600118_signals.csv
2026-03-21 08:45:37 | INFO     | __main__:process_single_fund:170 |   股票 600118 信号判断完成: 持有 (得分: 0.051)
2026-03-21 08:45:37 | INFO     | src.indicators.technical_indicators:calculate_ma:133 | 计算 5 日移动平均线完成
2026-03-21 08:45:37 | INFO     | src.indicators.technical_indicators:calculate_ma:133 | 计算 10 日移动平均线完成
2026-03-21 08:45:37 | INFO     | src.indicators.technical_indicators:calculate_ma:133 | 计算 20 日移动平均线完成
2026-03-21 08:45:37 | INFO     | src.indicators.technical_indicators:calculate_ma:133 | 计算 30 日移动平均线完成
2026-03-21 08:45:37 | INFO     | src.indicators.technical_indicators:calculate_ma:133 | 计算 60 日移动平均线完成
2026-03-21 08:45:37 | INFO     | src.indicators.technical_indicators:calculate_ma:133 | 计算 120 日移动平均线完成
2026-03-21 08:45:37 | INFO     | src.indicators.technical_indicators:calculate_ma:133 | 计算 250 日移动平均线完成
2026-03-21 08:45:37 | INFO     | src.indicators.technical_indicators:calculate_sma:157 | 计算 5 日简单移动平均线完成
2026-03-21 08:45:37 | INFO     | src.indicators.technical_indicators:calculate_sma:157 | 计算 10 日简单移动平均线完成
2026-03-21 08:45:37 | INFO     | src.indicators.technical_indicators:calculate_sma:157 | 计算 20 日简单移动平均线完成
2026-03-21 08:45:37 | INFO     | src.indicators.technical_indicators:calculate_sma:157 | 计算 30 日简单移动平均线完成
2026-03-21 08:45:37 | INFO     | src.indicators.technical_indicators:calculate_sma:157 | 计算 60 日简单移动平均线完成
2026-03-21 08:45:37 | INFO     | src.indicators.technical_indicators:calculate_sma:157 | 计算 120 日简单移动平均线完成
2026-03-21 08:45:37 | INFO     | src.indicators.technical_indicators:calculate_sma:157 | 计算 250 日简单移动平均线完成
2026-03-21 08:45:37 | INFO     | src.indicators.technical_indicators:calculate_ema:182 | 计算 12 日指数移动平均线完成
2026-03-21 08:45:37 | INFO     | src.indicators.technical_indicators:calculate_ema:182 | 计算 26 日指数移动平均线完成
2026-03-21 08:45:37 | INFO     | src.indicators.technical_indicators:calculate_rsi:221 | 计算 6 日RSI完成
2026-03-21 08:45:37 | INFO     | src.indicators.technical_indicators:calculate_rsi:221 | 计算 12 日RSI完成
2026-03-21 08:45:37 | INFO     | src.indicators.technical_indicators:calculate_rsi:221 | 计算 24 日RSI完成
2026-03-21 08:45:37 | INFO     | src.indicators.technical_indicators:calculate_macd:263 | 计算MACD完成：快线=12, 慢线=26, 信号线=9
2026-03-21 08:45:37 | INFO     | src.indicators.technical_indicators:calculate_macd:263 | 计算MACD完成：快线=12, 慢线=26, 信号线=12
2026-03-21 08:45:37 | INFO     | src.indicators.technical_indicators:calculate_boll:303 | 计算布林带完成：周期=20, 标准差倍数=2
2026-03-21 08:45:37 | INFO     | src.indicators.technical_indicators:calculate_boll:303 | 计算布林带完成：周期=26, 标准差倍数=2
2026-03-21 08:45:37 | INFO     | src.indicators.technical_indicators:calculate_kdj:350 | 计算KDJ完成：K周期=9, D周期=3, J周期=3
2026-03-21 08:45:37 | INFO     | src.indicators.technical_indicators:calculate_kdj:350 | 计算KDJ完成：K周期=10, D周期=3, J周期=3
2026-03-21 08:45:37 | INFO     | src.indicators.technical_indicators:calculate_atr:385 | 计算 10 日ATR完成
2026-03-21 08:45:37 | INFO     | src.indicators.technical_indicators:calculate_cci:446 | 计算 20 日CCI完成
2026-03-21 08:45:37 | INFO     | src.indicators.technical_indicators:calculate_williams_r:476 | 计算 10 日威廉指标完成
2026-03-21 08:45:37 | INFO     | src.indicators.technical_indicators:calculate_ma:133 | 计算 5 日移动平均线完成
2026-03-21 08:45:37 | INFO     | src.indicators.technical_indicators:calculate_bias:500 | 计算 5 日乖离率完成
2026-03-21 08:45:37 | INFO     | src.indicators.technical_indicators:calculate_ma:133 | 计算 10 日移动平均线完成
2026-03-21 08:45:37 | INFO     | src.indicators.technical_indicators:calculate_bias:500 | 计算 10 日乖离率完成
2026-03-21 08:45:37 | INFO     | src.indicators.technical_indicators:calculate_ma:133 | 计算 20 日移动平均线完成
2026-03-21 08:45:37 | INFO     | src.indicators.technical_indicators:calculate_bias:500 | 计算 20 日乖离率完成
2026-03-21 08:45:37 | INFO     | src.indicators.technical_indicators:calculate_ma:133 | 计算 30 日移动平均线完成
2026-03-21 08:45:37 | INFO     | src.indicators.technical_indicators:calculate_bias:500 | 计算 30 日乖离率完成
2026-03-21 08:45:37 | INFO     | src.indicators.technical_indicators:calculate_ma:133 | 计算 60 日移动平均线完成
2026-03-21 08:45:37 | INFO     | src.indicators.technical_indicators:calculate_bias:500 | 计算 60 日乖离率完成
2026-03-21 08:45:37 | INFO     | src.indicators.technical_indicators:calculate_ma:133 | 计算 120 日移动平均线完成
2026-03-21 08:45:37 | INFO     | src.indicators.technical_indicators:calculate_bias:500 | 计算 120 日乖离率完成
2026-03-21 08:45:37 | INFO     | src.indicators.technical_indicators:calculate_ma:133 | 计算 250 日移动平均线完成
2026-03-21 08:45:37 | INFO     | src.indicators.technical_indicators:calculate_bias:500 | 计算 250 日乖离率完成
2026-03-21 08:45:37 | INFO     | src.indicators.technical_indicators:calculate_psy:523 | 计算 10 日心理线完成
2026-03-21 08:45:37 | INFO     | src.indicators.technical_indicators:calculate_all:640 | 完成计算 48 个技术指标
2026-03-21 08:45:37 | INFO     | src.core.data_fetcher:save_data:536 | 保存数据到 csv 文件: 301005_with_indicators
2026-03-21 08:45:37 | INFO     | src.core.data_fetcher:save_data:556 | 数据保存成功: ./data\301005_with_indicators.csv
2026-03-21 08:45:37 | INFO     | __main__:process_single_fund:142 |   对股票 301005 进行信号判断
2026-03-21 08:45:37 | INFO     | src.core.data_fetcher:save_data:536 | 保存数据到 csv 文件: 301005_signals
2026-03-21 08:45:37 | INFO     | src.core.data_fetcher:save_data:556 | 数据保存成功: ./data\301005_signals.csv
2026-03-21 08:45:37 | INFO     | __main__:process_single_fund:170 |   股票 301005 信号判断完成: 持有 (得分: 0.199)
2026-03-21 08:45:37 | INFO     | src.indicators.technical_indicators:calculate_ma:133 | 计算 5 日移动平均线完成
2026-03-21 08:45:37 | INFO     | src.indicators.technical_indicators:calculate_ma:133 | 计算 10 日移动平均线完成
2026-03-21 08:45:37 | INFO     | src.indicators.technical_indicators:calculate_ma:133 | 计算 20 日移动平均线完成
2026-03-21 08:45:37 | INFO     | src.indicators.technical_indicators:calculate_ma:133 | 计算 30 日移动平均线完成
2026-03-21 08:45:37 | INFO     | src.indicators.technical_indicators:calculate_ma:133 | 计算 60 日移动平均线完成
2026-03-21 08:45:37 | INFO     | src.indicators.technical_indicators:calculate_ma:133 | 计算 120 日移动平均线完成
2026-03-21 08:45:37 | INFO     | src.indicators.technical_indicators:calculate_ma:133 | 计算 250 日移动平均线完成
2026-03-21 08:45:37 | INFO     | src.indicators.technical_indicators:calculate_sma:157 | 计算 5 日简单移动平均线完成
2026-03-21 08:45:37 | INFO     | src.indicators.technical_indicators:calculate_sma:157 | 计算 10 日简单移动平均线完成
2026-03-21 08:45:37 | INFO     | src.indicators.technical_indicators:calculate_sma:157 | 计算 20 日简单移动平均线完成
2026-03-21 08:45:37 | INFO     | src.indicators.technical_indicators:calculate_sma:157 | 计算 30 日简单移动平均线完成
2026-03-21 08:45:37 | INFO     | src.indicators.technical_indicators:calculate_sma:157 | 计算 60 日简单移动平均线完成
2026-03-21 08:45:37 | INFO     | src.indicators.technical_indicators:calculate_sma:157 | 计算 120 日简单移动平均线完成
2026-03-21 08:45:37 | INFO     | src.indicators.technical_indicators:calculate_sma:157 | 计算 250 日简单移动平均线完成
2026-03-21 08:45:37 | INFO     | src.indicators.technical_indicators:calculate_ema:182 | 计算 12 日指数移动平均线完成
2026-03-21 08:45:37 | INFO     | src.indicators.technical_indicators:calculate_ema:182 | 计算 26 日指数移动平均线完成
2026-03-21 08:45:37 | INFO     | src.indicators.technical_indicators:calculate_rsi:221 | 计算 6 日RSI完成
2026-03-21 08:45:37 | INFO     | src.indicators.technical_indicators:calculate_rsi:221 | 计算 12 日RSI完成
2026-03-21 08:45:37 | INFO     | src.indicators.technical_indicators:calculate_rsi:221 | 计算 24 日RSI完成
2026-03-21 08:45:37 | INFO     | src.indicators.technical_indicators:calculate_macd:263 | 计算MACD完成：快线=12, 慢线=26, 信号线=9
2026-03-21 08:45:37 | INFO     | src.indicators.technical_indicators:calculate_macd:263 | 计算MACD完成：快线=12, 慢线=26, 信号线=12
2026-03-21 08:45:37 | INFO     | src.indicators.technical_indicators:calculate_boll:303 | 计算布林带完成：周期=20, 标准差倍数=2
2026-03-21 08:45:37 | INFO     | src.indicators.technical_indicators:calculate_boll:303 | 计算布林带完成：周期=26, 标准差倍数=2
2026-03-21 08:45:37 | INFO     | src.indicators.technical_indicators:calculate_kdj:350 | 计算KDJ完成：K周期=9, D周期=3, J周期=3
2026-03-21 08:45:37 | INFO     | src.indicators.technical_indicators:calculate_kdj:350 | 计算KDJ完成：K周期=10, D周期=3, J周期=3
2026-03-21 08:45:37 | INFO     | src.indicators.technical_indicators:calculate_atr:385 | 计算 10 日ATR完成
2026-03-21 08:45:38 | INFO     | src.indicators.technical_indicators:calculate_cci:446 | 计算 20 日CCI完成
2026-03-21 08:45:38 | INFO     | src.indicators.technical_indicators:calculate_williams_r:476 | 计算 10 日威廉指标完成
2026-03-21 08:45:38 | INFO     | src.indicators.technical_indicators:calculate_ma:133 | 计算 5 日移动平均线完成
2026-03-21 08:45:38 | INFO     | src.indicators.technical_indicators:calculate_bias:500 | 计算 5 日乖离率完成
2026-03-21 08:45:38 | INFO     | src.indicators.technical_indicators:calculate_ma:133 | 计算 10 日移动平均线完成
2026-03-21 08:45:38 | INFO     | src.indicators.technical_indicators:calculate_bias:500 | 计算 10 日乖离率完成
2026-03-21 08:45:38 | INFO     | src.indicators.technical_indicators:calculate_ma:133 | 计算 20 日移动平均线完成
2026-03-21 08:45:38 | INFO     | src.indicators.technical_indicators:calculate_bias:500 | 计算 20 日乖离率完成
2026-03-21 08:45:38 | INFO     | src.indicators.technical_indicators:calculate_ma:133 | 计算 30 日移动平均线完成
2026-03-21 08:45:38 | INFO     | src.indicators.technical_indicators:calculate_bias:500 | 计算 30 日乖离率完成
2026-03-21 08:45:38 | INFO     | src.indicators.technical_indicators:calculate_ma:133 | 计算 60 日移动平均线完成
2026-03-21 08:45:38 | INFO     | src.indicators.technical_indicators:calculate_bias:500 | 计算 60 日乖离率完成
2026-03-21 08:45:38 | INFO     | src.indicators.technical_indicators:calculate_ma:133 | 计算 120 日移动平均线完成
2026-03-21 08:45:38 | INFO     | src.indicators.technical_indicators:calculate_bias:500 | 计算 120 日乖离率完成
2026-03-21 08:45:38 | INFO     | src.indicators.technical_indicators:calculate_ma:133 | 计算 250 日移动平均线完成
2026-03-21 08:45:38 | INFO     | src.indicators.technical_indicators:calculate_bias:500 | 计算 250 日乖离率完成
2026-03-21 08:45:38 | INFO     | src.indicators.technical_indicators:calculate_psy:523 | 计算 10 日心理线完成
2026-03-21 08:45:38 | INFO     | src.indicators.technical_indicators:calculate_all:640 | 完成计算 48 个技术指标
2026-03-21 08:45:38 | INFO     | src.core.data_fetcher:save_data:536 | 保存数据到 csv 文件: 605598_with_indicators
2026-03-21 08:45:38 | INFO     | src.core.data_fetcher:save_data:556 | 数据保存成功: ./data\605598_with_indicators.csv
2026-03-21 08:45:38 | INFO     | __main__:process_single_fund:142 |   对股票 605598 进行信号判断
2026-03-21 08:45:38 | INFO     | src.core.data_fetcher:save_data:536 | 保存数据到 csv 文件: 605598_signals
2026-03-21 08:45:38 | INFO     | src.core.data_fetcher:save_data:556 | 数据保存成功: ./data\605598_signals.csv
2026-03-21 08:45:38 | INFO     | __main__:process_single_fund:170 |   股票 605598 信号判断完成: 持有 (得分: -0.054)
2026-03-21 08:45:38 | INFO     | src.indicators.technical_indicators:calculate_ma:133 | 计算 5 日移动平均线完成
2026-03-21 08:45:38 | INFO     | src.indicators.technical_indicators:calculate_ma:133 | 计算 10 日移动平均线完成
2026-03-21 08:45:38 | INFO     | src.indicators.technical_indicators:calculate_ma:133 | 计算 20 日移动平均线完成
2026-03-21 08:45:38 | INFO     | src.indicators.technical_indicators:calculate_ma:133 | 计算 30 日移动平均线完成
2026-03-21 08:45:38 | INFO     | src.indicators.technical_indicators:calculate_ma:133 | 计算 60 日移动平均线完成
2026-03-21 08:45:38 | INFO     | src.indicators.technical_indicators:calculate_ma:133 | 计算 120 日移动平均线完成
2026-03-21 08:45:38 | INFO     | src.indicators.technical_indicators:calculate_ma:133 | 计算 250 日移动平均线完成
2026-03-21 08:45:38 | INFO     | src.indicators.technical_indicators:calculate_sma:157 | 计算 5 日简单移动平均线完成
2026-03-21 08:45:38 | INFO     | src.indicators.technical_indicators:calculate_sma:157 | 计算 10 日简单移动平均线完成
2026-03-21 08:45:38 | INFO     | src.indicators.technical_indicators:calculate_sma:157 | 计算 20 日简单移动平均线完成
2026-03-21 08:45:38 | INFO     | src.indicators.technical_indicators:calculate_sma:157 | 计算 30 日简单移动平均线完成
2026-03-21 08:45:38 | INFO     | src.indicators.technical_indicators:calculate_sma:157 | 计算 60 日简单移动平均线完成
2026-03-21 08:45:38 | INFO     | src.indicators.technical_indicators:calculate_sma:157 | 计算 120 日简单移动平均线完成
2026-03-21 08:45:38 | INFO     | src.indicators.technical_indicators:calculate_sma:157 | 计算 250 日简单移动平均线完成
2026-03-21 08:45:38 | INFO     | src.indicators.technical_indicators:calculate_ema:182 | 计算 12 日指数移动平均线完成
2026-03-21 08:45:38 | INFO     | src.indicators.technical_indicators:calculate_ema:182 | 计算 26 日指数移动平均线完成
2026-03-21 08:45:38 | INFO     | src.indicators.technical_indicators:calculate_rsi:221 | 计算 6 日RSI完成
2026-03-21 08:45:38 | INFO     | src.indicators.technical_indicators:calculate_rsi:221 | 计算 12 日RSI完成
2026-03-21 08:45:38 | INFO     | src.indicators.technical_indicators:calculate_rsi:221 | 计算 24 日RSI完成
2026-03-21 08:45:38 | INFO     | src.indicators.technical_indicators:calculate_macd:263 | 计算MACD完成：快线=12, 慢线=26, 信号线=9
2026-03-21 08:45:38 | INFO     | src.indicators.technical_indicators:calculate_macd:263 | 计算MACD完成：快线=12, 慢线=26, 信号线=12
2026-03-21 08:45:38 | INFO     | src.indicators.technical_indicators:calculate_boll:303 | 计算布林带完成：周期=20, 标准差倍数=2
2026-03-21 08:45:38 | INFO     | src.indicators.technical_indicators:calculate_boll:303 | 计算布林带完成：周期=26, 标准差倍数=2
2026-03-21 08:45:38 | INFO     | src.indicators.technical_indicators:calculate_kdj:350 | 计算KDJ完成：K周期=9, D周期=3, J周期=3
2026-03-21 08:45:38 | INFO     | src.indicators.technical_indicators:calculate_kdj:350 | 计算KDJ完成：K周期=10, D周期=3, J周期=3
2026-03-21 08:45:38 | INFO     | src.indicators.technical_indicators:calculate_atr:385 | 计算 10 日ATR完成
2026-03-21 08:45:38 | INFO     | src.indicators.technical_indicators:calculate_cci:446 | 计算 20 日CCI完成
2026-03-21 08:45:38 | INFO     | src.indicators.technical_indicators:calculate_williams_r:476 | 计算 10 日威廉指标完成
2026-03-21 08:45:38 | INFO     | src.indicators.technical_indicators:calculate_ma:133 | 计算 5 日移动平均线完成
2026-03-21 08:45:38 | INFO     | src.indicators.technical_indicators:calculate_bias:500 | 计算 5 日乖离率完成
2026-03-21 08:45:38 | INFO     | src.indicators.technical_indicators:calculate_ma:133 | 计算 10 日移动平均线完成
2026-03-21 08:45:38 | INFO     | src.indicators.technical_indicators:calculate_bias:500 | 计算 10 日乖离率完成
2026-03-21 08:45:38 | INFO     | src.indicators.technical_indicators:calculate_ma:133 | 计算 20 日移动平均线完成
2026-03-21 08:45:38 | INFO     | src.indicators.technical_indicators:calculate_bias:500 | 计算 20 日乖离率完成
2026-03-21 08:45:38 | INFO     | src.indicators.technical_indicators:calculate_ma:133 | 计算 30 日移动平均线完成
2026-03-21 08:45:38 | INFO     | src.indicators.technical_indicators:calculate_bias:500 | 计算 30 日乖离率完成
2026-03-21 08:45:38 | INFO     | src.indicators.technical_indicators:calculate_ma:133 | 计算 60 日移动平均线完成
2026-03-21 08:45:38 | INFO     | src.indicators.technical_indicators:calculate_bias:500 | 计算 60 日乖离率完成
2026-03-21 08:45:38 | INFO     | src.indicators.technical_indicators:calculate_ma:133 | 计算 120 日移动平均线完成
2026-03-21 08:45:38 | INFO     | src.indicators.technical_indicators:calculate_bias:500 | 计算 120 日乖离率完成
2026-03-21 08:45:38 | INFO     | src.indicators.technical_indicators:calculate_ma:133 | 计算 250 日移动平均线完成
2026-03-21 08:45:38 | INFO     | src.indicators.technical_indicators:calculate_bias:500 | 计算 250 日乖离率完成
2026-03-21 08:45:38 | INFO     | src.indicators.technical_indicators:calculate_psy:523 | 计算 10 日心理线完成
2026-03-21 08:45:38 | INFO     | src.indicators.technical_indicators:calculate_all:640 | 完成计算 48 个技术指标
2026-03-21 08:45:38 | INFO     | src.core.data_fetcher:save_data:536 | 保存数据到 csv 文件: 601698_with_indicators
2026-03-21 08:45:38 | INFO     | src.core.data_fetcher:save_data:556 | 数据保存成功: ./data\601698_with_indicators.csv
2026-03-21 08:45:38 | INFO     | __main__:process_single_fund:142 |   对股票 601698 进行信号判断
2026-03-21 08:45:38 | INFO     | src.core.data_fetcher:save_data:536 | 保存数据到 csv 文件: 601698_signals
2026-03-21 08:45:38 | INFO     | src.core.data_fetcher:save_data:556 | 数据保存成功: ./data\601698_signals.csv
2026-03-21 08:45:38 | INFO     | __main__:process_single_fund:170 |   股票 601698 信号判断完成: 持有 (得分: 0.053)
2026-03-21 08:45:38 | INFO     | src.indicators.technical_indicators:calculate_ma:133 | 计算 5 日移动平均线完成
2026-03-21 08:45:38 | INFO     | src.indicators.technical_indicators:calculate_ma:133 | 计算 10 日移动平均线完成
2026-03-21 08:45:38 | INFO     | src.indicators.technical_indicators:calculate_ma:133 | 计算 20 日移动平均线完成
2026-03-21 08:45:38 | INFO     | src.indicators.technical_indicators:calculate_ma:133 | 计算 30 日移动平均线完成
2026-03-21 08:45:38 | INFO     | src.indicators.technical_indicators:calculate_ma:133 | 计算 60 日移动平均线完成
2026-03-21 08:45:38 | INFO     | src.indicators.technical_indicators:calculate_ma:133 | 计算 120 日移动平均线完成
2026-03-21 08:45:38 | INFO     | src.indicators.technical_indicators:calculate_ma:133 | 计算 250 日移动平均线完成
2026-03-21 08:45:38 | INFO     | src.indicators.technical_indicators:calculate_sma:157 | 计算 5 日简单移动平均线完成
2026-03-21 08:45:38 | INFO     | src.indicators.technical_indicators:calculate_sma:157 | 计算 10 日简单移动平均线完成
2026-03-21 08:45:38 | INFO     | src.indicators.technical_indicators:calculate_sma:157 | 计算 20 日简单移动平均线完成
2026-03-21 08:45:38 | INFO     | src.indicators.technical_indicators:calculate_sma:157 | 计算 30 日简单移动平均线完成
2026-03-21 08:45:38 | INFO     | src.indicators.technical_indicators:calculate_sma:157 | 计算 60 日简单移动平均线完成
2026-03-21 08:45:38 | INFO     | src.indicators.technical_indicators:calculate_sma:157 | 计算 120 日简单移动平均线完成
2026-03-21 08:45:38 | INFO     | src.indicators.technical_indicators:calculate_sma:157 | 计算 250 日简单移动平均线完成
2026-03-21 08:45:38 | INFO     | src.indicators.technical_indicators:calculate_ema:182 | 计算 12 日指数移动平均线完成
2026-03-21 08:45:38 | INFO     | src.indicators.technical_indicators:calculate_ema:182 | 计算 26 日指数移动平均线完成
2026-03-21 08:45:38 | INFO     | src.indicators.technical_indicators:calculate_rsi:221 | 计算 6 日RSI完成
2026-03-21 08:45:38 | INFO     | src.indicators.technical_indicators:calculate_rsi:221 | 计算 12 日RSI完成
2026-03-21 08:45:38 | INFO     | src.indicators.technical_indicators:calculate_rsi:221 | 计算 24 日RSI完成
2026-03-21 08:45:38 | INFO     | src.indicators.technical_indicators:calculate_macd:263 | 计算MACD完成：快线=12, 慢线=26, 信号线=9
2026-03-21 08:45:38 | INFO     | src.indicators.technical_indicators:calculate_macd:263 | 计算MACD完成：快线=12, 慢线=26, 信号线=12
2026-03-21 08:45:38 | INFO     | src.indicators.technical_indicators:calculate_boll:303 | 计算布林带完成：周期=20, 标准差倍数=2
2026-03-21 08:45:38 | INFO     | src.indicators.technical_indicators:calculate_boll:303 | 计算布林带完成：周期=26, 标准差倍数=2
2026-03-21 08:45:38 | INFO     | src.indicators.technical_indicators:calculate_kdj:350 | 计算KDJ完成：K周期=9, D周期=3, J周期=3
2026-03-21 08:45:38 | INFO     | src.indicators.technical_indicators:calculate_kdj:350 | 计算KDJ完成：K周期=10, D周期=3, J周期=3
2026-03-21 08:45:38 | INFO     | src.indicators.technical_indicators:calculate_atr:385 | 计算 10 日ATR完成
2026-03-21 08:45:38 | INFO     | src.indicators.technical_indicators:calculate_cci:446 | 计算 20 日CCI完成
2026-03-21 08:45:38 | INFO     | src.indicators.technical_indicators:calculate_williams_r:476 | 计算 10 日威廉指标完成
2026-03-21 08:45:38 | INFO     | src.indicators.technical_indicators:calculate_ma:133 | 计算 5 日移动平均线完成
2026-03-21 08:45:38 | INFO     | src.indicators.technical_indicators:calculate_bias:500 | 计算 5 日乖离率完成
2026-03-21 08:45:38 | INFO     | src.indicators.technical_indicators:calculate_ma:133 | 计算 10 日移动平均线完成
2026-03-21 08:45:38 | INFO     | src.indicators.technical_indicators:calculate_bias:500 | 计算 10 日乖离率完成
2026-03-21 08:45:38 | INFO     | src.indicators.technical_indicators:calculate_ma:133 | 计算 20 日移动平均线完成
2026-03-21 08:45:38 | INFO     | src.indicators.technical_indicators:calculate_bias:500 | 计算 20 日乖离率完成
2026-03-21 08:45:38 | INFO     | src.indicators.technical_indicators:calculate_ma:133 | 计算 30 日移动平均线完成
2026-03-21 08:45:38 | INFO     | src.indicators.technical_indicators:calculate_bias:500 | 计算 30 日乖离率完成
2026-03-21 08:45:38 | INFO     | src.indicators.technical_indicators:calculate_ma:133 | 计算 60 日移动平均线完成
2026-03-21 08:45:38 | INFO     | src.indicators.technical_indicators:calculate_bias:500 | 计算 60 日乖离率完成
2026-03-21 08:45:38 | INFO     | src.indicators.technical_indicators:calculate_ma:133 | 计算 120 日移动平均线完成
2026-03-21 08:45:38 | INFO     | src.indicators.technical_indicators:calculate_bias:500 | 计算 120 日乖离率完成
2026-03-21 08:45:38 | INFO     | src.indicators.technical_indicators:calculate_ma:133 | 计算 250 日移动平均线完成
2026-03-21 08:45:38 | INFO     | src.indicators.technical_indicators:calculate_bias:500 | 计算 250 日乖离率完成
2026-03-21 08:45:38 | INFO     | src.indicators.technical_indicators:calculate_psy:523 | 计算 10 日心理线完成
2026-03-21 08:45:38 | INFO     | src.indicators.technical_indicators:calculate_all:640 | 完成计算 48 个技术指标
2026-03-21 08:45:38 | INFO     | src.core.data_fetcher:save_data:536 | 保存数据到 csv 文件: 600879_with_indicators
2026-03-21 08:45:38 | INFO     | src.core.data_fetcher:save_data:556 | 数据保存成功: ./data\600879_with_indicators.csv
2026-03-21 08:45:38 | INFO     | __main__:process_single_fund:142 |   对股票 600879 进行信号判断
2026-03-21 08:45:38 | INFO     | src.core.data_fetcher:save_data:536 | 保存数据到 csv 文件: 600879_signals
2026-03-21 08:45:38 | INFO     | src.core.data_fetcher:save_data:556 | 数据保存成功: ./data\600879_signals.csv
2026-03-21 08:45:38 | INFO     | __main__:process_single_fund:170 |   股票 600879 信号判断完成: 持有 (得分: 0.052)
2026-03-21 08:45:38 | INFO     | src.indicators.technical_indicators:calculate_ma:133 | 计算 5 日移动平均线完成
2026-03-21 08:45:38 | INFO     | src.indicators.technical_indicators:calculate_ma:133 | 计算 10 日移动平均线完成
2026-03-21 08:45:38 | INFO     | src.indicators.technical_indicators:calculate_ma:133 | 计算 20 日移动平均线完成
2026-03-21 08:45:38 | INFO     | src.indicators.technical_indicators:calculate_ma:133 | 计算 30 日移动平均线完成
2026-03-21 08:45:38 | INFO     | src.indicators.technical_indicators:calculate_ma:133 | 计算 60 日移动平均线完成
2026-03-21 08:45:38 | INFO     | src.indicators.technical_indicators:calculate_ma:133 | 计算 120 日移动平均线完成
2026-03-21 08:45:38 | INFO     | src.indicators.technical_indicators:calculate_ma:133 | 计算 250 日移动平均线完成
2026-03-21 08:45:38 | INFO     | src.indicators.technical_indicators:calculate_sma:157 | 计算 5 日简单移动平均线完成
2026-03-21 08:45:38 | INFO     | src.indicators.technical_indicators:calculate_sma:157 | 计算 10 日简单移动平均线完成
2026-03-21 08:45:38 | INFO     | src.indicators.technical_indicators:calculate_sma:157 | 计算 20 日简单移动平均线完成
2026-03-21 08:45:38 | INFO     | src.indicators.technical_indicators:calculate_sma:157 | 计算 30 日简单移动平均线完成
2026-03-21 08:45:38 | INFO     | src.indicators.technical_indicators:calculate_sma:157 | 计算 60 日简单移动平均线完成
2026-03-21 08:45:38 | INFO     | src.indicators.technical_indicators:calculate_sma:157 | 计算 120 日简单移动平均线完成
2026-03-21 08:45:38 | INFO     | src.indicators.technical_indicators:calculate_sma:157 | 计算 250 日简单移动平均线完成
2026-03-21 08:45:38 | INFO     | src.indicators.technical_indicators:calculate_ema:182 | 计算 12 日指数移动平均线完成
2026-03-21 08:45:38 | INFO     | src.indicators.technical_indicators:calculate_ema:182 | 计算 26 日指数移动平均线完成
2026-03-21 08:45:38 | INFO     | src.indicators.technical_indicators:calculate_rsi:221 | 计算 6 日RSI完成
2026-03-21 08:45:38 | INFO     | src.indicators.technical_indicators:calculate_rsi:221 | 计算 12 日RSI完成
2026-03-21 08:45:38 | INFO     | src.indicators.technical_indicators:calculate_rsi:221 | 计算 24 日RSI完成
2026-03-21 08:45:38 | INFO     | src.indicators.technical_indicators:calculate_macd:263 | 计算MACD完成：快线=12, 慢线=26, 信号线=9
2026-03-21 08:45:38 | INFO     | src.indicators.technical_indicators:calculate_macd:263 | 计算MACD完成：快线=12, 慢线=26, 信号线=12
2026-03-21 08:45:38 | INFO     | src.indicators.technical_indicators:calculate_boll:303 | 计算布林带完成：周期=20, 标准差倍数=2
2026-03-21 08:45:38 | INFO     | src.indicators.technical_indicators:calculate_boll:303 | 计算布林带完成：周期=26, 标准差倍数=2
2026-03-21 08:45:38 | INFO     | src.indicators.technical_indicators:calculate_kdj:350 | 计算KDJ完成：K周期=9, D周期=3, J周期=3
2026-03-21 08:45:38 | INFO     | src.indicators.technical_indicators:calculate_kdj:350 | 计算KDJ完成：K周期=10, D周期=3, J周期=3
2026-03-21 08:45:38 | INFO     | src.indicators.technical_indicators:calculate_atr:385 | 计算 10 日ATR完成
2026-03-21 08:45:38 | INFO     | src.indicators.technical_indicators:calculate_cci:446 | 计算 20 日CCI完成
2026-03-21 08:45:38 | INFO     | src.indicators.technical_indicators:calculate_williams_r:476 | 计算 10 日威廉指标完成
2026-03-21 08:45:38 | INFO     | src.indicators.technical_indicators:calculate_ma:133 | 计算 5 日移动平均线完成
2026-03-21 08:45:38 | INFO     | src.indicators.technical_indicators:calculate_bias:500 | 计算 5 日乖离率完成
2026-03-21 08:45:38 | INFO     | src.indicators.technical_indicators:calculate_ma:133 | 计算 10 日移动平均线完成
2026-03-21 08:45:38 | INFO     | src.indicators.technical_indicators:calculate_bias:500 | 计算 10 日乖离率完成
2026-03-21 08:45:38 | INFO     | src.indicators.technical_indicators:calculate_ma:133 | 计算 20 日移动平均线完成
2026-03-21 08:45:38 | INFO     | src.indicators.technical_indicators:calculate_bias:500 | 计算 20 日乖离率完成
2026-03-21 08:45:38 | INFO     | src.indicators.technical_indicators:calculate_ma:133 | 计算 30 日移动平均线完成
2026-03-21 08:45:38 | INFO     | src.indicators.technical_indicators:calculate_bias:500 | 计算 30 日乖离率完成
2026-03-21 08:45:38 | INFO     | src.indicators.technical_indicators:calculate_ma:133 | 计算 60 日移动平均线完成
2026-03-21 08:45:38 | INFO     | src.indicators.technical_indicators:calculate_bias:500 | 计算 60 日乖离率完成
2026-03-21 08:45:38 | INFO     | src.indicators.technical_indicators:calculate_ma:133 | 计算 120 日移动平均线完成
2026-03-21 08:45:38 | INFO     | src.indicators.technical_indicators:calculate_bias:500 | 计算 120 日乖离率完成
2026-03-21 08:45:38 | INFO     | src.indicators.technical_indicators:calculate_ma:133 | 计算 250 日移动平均线完成
2026-03-21 08:45:38 | INFO     | src.indicators.technical_indicators:calculate_bias:500 | 计算 250 日乖离率完成
2026-03-21 08:45:38 | INFO     | src.indicators.technical_indicators:calculate_psy:523 | 计算 10 日心理线完成
2026-03-21 08:45:38 | INFO     | src.indicators.technical_indicators:calculate_all:640 | 完成计算 48 个技术指标
2026-03-21 08:45:38 | INFO     | src.core.data_fetcher:save_data:536 | 保存数据到 csv 文件: 300342_with_indicators
2026-03-21 08:45:38 | INFO     | src.core.data_fetcher:save_data:556 | 数据保存成功: ./data\300342_with_indicators.csv
2026-03-21 08:45:38 | INFO     | __main__:process_single_fund:142 |   对股票 300342 进行信号判断
2026-03-21 08:45:38 | INFO     | src.core.data_fetcher:save_data:536 | 保存数据到 csv 文件: 300342_signals
2026-03-21 08:45:38 | INFO     | src.core.data_fetcher:save_data:556 | 数据保存成功: ./data\300342_signals.csv
2026-03-21 08:45:38 | INFO     | __main__:process_single_fund:170 |   股票 300342 信号判断完成: 买入 (得分: 0.279)
2026-03-21 08:45:38 | INFO     | src.indicators.technical_indicators:calculate_ma:133 | 计算 5 日移动平均线完成
2026-03-21 08:45:38 | INFO     | src.indicators.technical_indicators:calculate_ma:133 | 计算 10 日移动平均线完成
2026-03-21 08:45:38 | INFO     | src.indicators.technical_indicators:calculate_ma:133 | 计算 20 日移动平均线完成
2026-03-21 08:45:38 | INFO     | src.indicators.technical_indicators:calculate_ma:133 | 计算 30 日移动平均线完成
2026-03-21 08:45:38 | INFO     | src.indicators.technical_indicators:calculate_ma:133 | 计算 60 日移动平均线完成
2026-03-21 08:45:38 | INFO     | src.indicators.technical_indicators:calculate_ma:133 | 计算 120 日移动平均线完成
2026-03-21 08:45:38 | INFO     | src.indicators.technical_indicators:calculate_ma:133 | 计算 250 日移动平均线完成
2026-03-21 08:45:38 | INFO     | src.indicators.technical_indicators:calculate_sma:157 | 计算 5 日简单移动平均线完成
2026-03-21 08:45:38 | INFO     | src.indicators.technical_indicators:calculate_sma:157 | 计算 10 日简单移动平均线完成
2026-03-21 08:45:38 | INFO     | src.indicators.technical_indicators:calculate_sma:157 | 计算 20 日简单移动平均线完成
2026-03-21 08:45:38 | INFO     | src.indicators.technical_indicators:calculate_sma:157 | 计算 30 日简单移动平均线完成
2026-03-21 08:45:38 | INFO     | src.indicators.technical_indicators:calculate_sma:157 | 计算 60 日简单移动平均线完成
2026-03-21 08:45:38 | INFO     | src.indicators.technical_indicators:calculate_sma:157 | 计算 120 日简单移动平均线完成
2026-03-21 08:45:38 | INFO     | src.indicators.technical_indicators:calculate_sma:157 | 计算 250 日简单移动平均线完成
2026-03-21 08:45:38 | INFO     | src.indicators.technical_indicators:calculate_ema:182 | 计算 12 日指数移动平均线完成
2026-03-21 08:45:38 | INFO     | src.indicators.technical_indicators:calculate_ema:182 | 计算 26 日指数移动平均线完成
2026-03-21 08:45:38 | INFO     | src.indicators.technical_indicators:calculate_rsi:221 | 计算 6 日RSI完成
2026-03-21 08:45:38 | INFO     | src.indicators.technical_indicators:calculate_rsi:221 | 计算 12 日RSI完成
2026-03-21 08:45:38 | INFO     | src.indicators.technical_indicators:calculate_rsi:221 | 计算 24 日RSI完成
2026-03-21 08:45:38 | INFO     | src.indicators.technical_indicators:calculate_macd:263 | 计算MACD完成：快线=12, 慢线=26, 信号线=9
2026-03-21 08:45:38 | INFO     | src.indicators.technical_indicators:calculate_macd:263 | 计算MACD完成：快线=12, 慢线=26, 信号线=12
2026-03-21 08:45:38 | INFO     | src.indicators.technical_indicators:calculate_boll:303 | 计算布林带完成：周期=20, 标准差倍数=2
2026-03-21 08:45:38 | INFO     | src.indicators.technical_indicators:calculate_boll:303 | 计算布林带完成：周期=26, 标准差倍数=2
2026-03-21 08:45:38 | INFO     | src.indicators.technical_indicators:calculate_kdj:350 | 计算KDJ完成：K周期=9, D周期=3, J周期=3
2026-03-21 08:45:38 | INFO     | src.indicators.technical_indicators:calculate_kdj:350 | 计算KDJ完成：K周期=10, D周期=3, J周期=3
2026-03-21 08:45:38 | INFO     | src.indicators.technical_indicators:calculate_atr:385 | 计算 10 日ATR完成
2026-03-21 08:45:38 | INFO     | src.indicators.technical_indicators:calculate_cci:446 | 计算 20 日CCI完成
2026-03-21 08:45:38 | INFO     | src.indicators.technical_indicators:calculate_williams_r:476 | 计算 10 日威廉指标完成
2026-03-21 08:45:38 | INFO     | src.indicators.technical_indicators:calculate_ma:133 | 计算 5 日移动平均线完成
2026-03-21 08:45:38 | INFO     | src.indicators.technical_indicators:calculate_bias:500 | 计算 5 日乖离率完成
2026-03-21 08:45:38 | INFO     | src.indicators.technical_indicators:calculate_ma:133 | 计算 10 日移动平均线完成
2026-03-21 08:45:38 | INFO     | src.indicators.technical_indicators:calculate_bias:500 | 计算 10 日乖离率完成
2026-03-21 08:45:38 | INFO     | src.indicators.technical_indicators:calculate_ma:133 | 计算 20 日移动平均线完成
2026-03-21 08:45:38 | INFO     | src.indicators.technical_indicators:calculate_bias:500 | 计算 20 日乖离率完成
2026-03-21 08:45:38 | INFO     | src.indicators.technical_indicators:calculate_ma:133 | 计算 30 日移动平均线完成
2026-03-21 08:45:38 | INFO     | src.indicators.technical_indicators:calculate_bias:500 | 计算 30 日乖离率完成
2026-03-21 08:45:38 | INFO     | src.indicators.technical_indicators:calculate_ma:133 | 计算 60 日移动平均线完成
2026-03-21 08:45:38 | INFO     | src.indicators.technical_indicators:calculate_bias:500 | 计算 60 日乖离率完成
2026-03-21 08:45:38 | INFO     | src.indicators.technical_indicators:calculate_ma:133 | 计算 120 日移动平均线完成
2026-03-21 08:45:38 | INFO     | src.indicators.technical_indicators:calculate_bias:500 | 计算 120 日乖离率完成
2026-03-21 08:45:38 | INFO     | src.indicators.technical_indicators:calculate_ma:133 | 计算 250 日移动平均线完成
2026-03-21 08:45:38 | INFO     | src.indicators.technical_indicators:calculate_bias:500 | 计算 250 日乖离率完成
2026-03-21 08:45:38 | INFO     | src.indicators.technical_indicators:calculate_psy:523 | 计算 10 日心理线完成
2026-03-21 08:45:38 | INFO     | src.indicators.technical_indicators:calculate_all:640 | 完成计算 48 个技术指标
2026-03-21 08:45:38 | INFO     | src.core.data_fetcher:save_data:536 | 保存数据到 csv 文件: 300136_with_indicators
2026-03-21 08:45:38 | INFO     | src.core.data_fetcher:save_data:556 | 数据保存成功: ./data\300136_with_indicators.csv
2026-03-21 08:45:38 | INFO     | __main__:process_single_fund:142 |   对股票 300136 进行信号判断
2026-03-21 08:45:38 | INFO     | src.core.data_fetcher:save_data:536 | 保存数据到 csv 文件: 300136_signals
2026-03-21 08:45:38 | INFO     | src.core.data_fetcher:save_data:556 | 数据保存成功: ./data\300136_signals.csv
2026-03-21 08:45:38 | INFO     | __main__:process_single_fund:170 |   股票 300136 信号判断完成: 持有 (得分: 0.000)
2026-03-21 08:45:38 | INFO     | src.indicators.technical_indicators:calculate_ma:133 | 计算 5 日移动平均线完成
2026-03-21 08:45:38 | INFO     | src.indicators.technical_indicators:calculate_ma:133 | 计算 10 日移动平均线完成
2026-03-21 08:45:38 | INFO     | src.indicators.technical_indicators:calculate_ma:133 | 计算 20 日移动平均线完成
2026-03-21 08:45:38 | INFO     | src.indicators.technical_indicators:calculate_ma:133 | 计算 30 日移动平均线完成
2026-03-21 08:45:38 | INFO     | src.indicators.technical_indicators:calculate_ma:133 | 计算 60 日移动平均线完成
2026-03-21 08:45:38 | INFO     | src.indicators.technical_indicators:calculate_ma:133 | 计算 120 日移动平均线完成
2026-03-21 08:45:38 | INFO     | src.indicators.technical_indicators:calculate_ma:133 | 计算 250 日移动平均线完成
2026-03-21 08:45:38 | INFO     | src.indicators.technical_indicators:calculate_sma:157 | 计算 5 日简单移动平均线完成
2026-03-21 08:45:38 | INFO     | src.indicators.technical_indicators:calculate_sma:157 | 计算 10 日简单移动平均线完成
2026-03-21 08:45:38 | INFO     | src.indicators.technical_indicators:calculate_sma:157 | 计算 20 日简单移动平均线完成
2026-03-21 08:45:38 | INFO     | src.indicators.technical_indicators:calculate_sma:157 | 计算 30 日简单移动平均线完成
2026-03-21 08:45:38 | INFO     | src.indicators.technical_indicators:calculate_sma:157 | 计算 60 日简单移动平均线完成
2026-03-21 08:45:38 | INFO     | src.indicators.technical_indicators:calculate_sma:157 | 计算 120 日简单移动平均线完成
2026-03-21 08:45:38 | INFO     | src.indicators.technical_indicators:calculate_sma:157 | 计算 250 日简单移动平均线完成
2026-03-21 08:45:38 | INFO     | src.indicators.technical_indicators:calculate_ema:182 | 计算 12 日指数移动平均线完成
2026-03-21 08:45:38 | INFO     | src.indicators.technical_indicators:calculate_ema:182 | 计算 26 日指数移动平均线完成
2026-03-21 08:45:38 | INFO     | src.indicators.technical_indicators:calculate_rsi:221 | 计算 6 日RSI完成
2026-03-21 08:45:38 | INFO     | src.indicators.technical_indicators:calculate_rsi:221 | 计算 12 日RSI完成
2026-03-21 08:45:38 | INFO     | src.indicators.technical_indicators:calculate_rsi:221 | 计算 24 日RSI完成
2026-03-21 08:45:38 | INFO     | src.indicators.technical_indicators:calculate_macd:263 | 计算MACD完成：快线=12, 慢线=26, 信号线=9
2026-03-21 08:45:38 | INFO     | src.indicators.technical_indicators:calculate_macd:263 | 计算MACD完成：快线=12, 慢线=26, 信号线=12
2026-03-21 08:45:38 | INFO     | src.indicators.technical_indicators:calculate_boll:303 | 计算布林带完成：周期=20, 标准差倍数=2
2026-03-21 08:45:38 | INFO     | src.indicators.technical_indicators:calculate_boll:303 | 计算布林带完成：周期=26, 标准差倍数=2
2026-03-21 08:45:38 | INFO     | src.indicators.technical_indicators:calculate_kdj:350 | 计算KDJ完成：K周期=9, D周期=3, J周期=3
2026-03-21 08:45:38 | INFO     | src.indicators.technical_indicators:calculate_kdj:350 | 计算KDJ完成：K周期=10, D周期=3, J周期=3
2026-03-21 08:45:38 | INFO     | src.indicators.technical_indicators:calculate_atr:385 | 计算 10 日ATR完成
2026-03-21 08:45:38 | INFO     | src.indicators.technical_indicators:calculate_cci:446 | 计算 20 日CCI完成
2026-03-21 08:45:38 | INFO     | src.indicators.technical_indicators:calculate_williams_r:476 | 计算 10 日威廉指标完成
2026-03-21 08:45:38 | INFO     | src.indicators.technical_indicators:calculate_ma:133 | 计算 5 日移动平均线完成
2026-03-21 08:45:38 | INFO     | src.indicators.technical_indicators:calculate_bias:500 | 计算 5 日乖离率完成
2026-03-21 08:45:38 | INFO     | src.indicators.technical_indicators:calculate_ma:133 | 计算 10 日移动平均线完成
2026-03-21 08:45:38 | INFO     | src.indicators.technical_indicators:calculate_bias:500 | 计算 10 日乖离率完成
2026-03-21 08:45:38 | INFO     | src.indicators.technical_indicators:calculate_ma:133 | 计算 20 日移动平均线完成
2026-03-21 08:45:38 | INFO     | src.indicators.technical_indicators:calculate_bias:500 | 计算 20 日乖离率完成
2026-03-21 08:45:38 | INFO     | src.indicators.technical_indicators:calculate_ma:133 | 计算 30 日移动平均线完成
2026-03-21 08:45:38 | INFO     | src.indicators.technical_indicators:calculate_bias:500 | 计算 30 日乖离率完成
2026-03-21 08:45:38 | INFO     | src.indicators.technical_indicators:calculate_ma:133 | 计算 60 日移动平均线完成
2026-03-21 08:45:38 | INFO     | src.indicators.technical_indicators:calculate_bias:500 | 计算 60 日乖离率完成
2026-03-21 08:45:38 | INFO     | src.indicators.technical_indicators:calculate_ma:133 | 计算 120 日移动平均线完成
2026-03-21 08:45:38 | INFO     | src.indicators.technical_indicators:calculate_bias:500 | 计算 120 日乖离率完成
2026-03-21 08:45:38 | INFO     | src.indicators.technical_indicators:calculate_ma:133 | 计算 250 日移动平均线完成
2026-03-21 08:45:38 | INFO     | src.indicators.technical_indicators:calculate_bias:500 | 计算 250 日乖离率完成
2026-03-21 08:45:38 | INFO     | src.indicators.technical_indicators:calculate_psy:523 | 计算 10 日心理线完成
2026-03-21 08:45:38 | INFO     | src.indicators.technical_indicators:calculate_all:640 | 完成计算 48 个技术指标
2026-03-21 08:45:38 | INFO     | src.core.data_fetcher:save_data:536 | 保存数据到 csv 文件: 002149_with_indicators
2026-03-21 08:45:38 | INFO     | src.core.data_fetcher:save_data:556 | 数据保存成功: ./data\002149_with_indicators.csv
2026-03-21 08:45:38 | INFO     | __main__:process_single_fund:142 |   对股票 002149 进行信号判断
2026-03-21 08:45:38 | INFO     | src.core.data_fetcher:save_data:536 | 保存数据到 csv 文件: 002149_signals
2026-03-21 08:45:38 | INFO     | src.core.data_fetcher:save_data:556 | 数据保存成功: ./data\002149_signals.csv
2026-03-21 08:45:38 | INFO     | __main__:process_single_fund:170 |   股票 002149 信号判断完成: 持有 (得分: 0.032)
2026-03-21 08:45:38 | INFO     | src.indicators.technical_indicators:calculate_ma:133 | 计算 5 日移动平均线完成
2026-03-21 08:45:38 | INFO     | src.indicators.technical_indicators:calculate_ma:133 | 计算 10 日移动平均线完成
2026-03-21 08:45:38 | INFO     | src.indicators.technical_indicators:calculate_ma:133 | 计算 20 日移动平均线完成
2026-03-21 08:45:38 | INFO     | src.indicators.technical_indicators:calculate_ma:133 | 计算 30 日移动平均线完成
2026-03-21 08:45:38 | INFO     | src.indicators.technical_indicators:calculate_ma:133 | 计算 60 日移动平均线完成
2026-03-21 08:45:38 | INFO     | src.indicators.technical_indicators:calculate_ma:133 | 计算 120 日移动平均线完成
2026-03-21 08:45:38 | INFO     | src.indicators.technical_indicators:calculate_ma:133 | 计算 250 日移动平均线完成
2026-03-21 08:45:38 | INFO     | src.indicators.technical_indicators:calculate_sma:157 | 计算 5 日简单移动平均线完成
2026-03-21 08:45:38 | INFO     | src.indicators.technical_indicators:calculate_sma:157 | 计算 10 日简单移动平均线完成
2026-03-21 08:45:38 | INFO     | src.indicators.technical_indicators:calculate_sma:157 | 计算 20 日简单移动平均线完成
2026-03-21 08:45:38 | INFO     | src.indicators.technical_indicators:calculate_sma:157 | 计算 30 日简单移动平均线完成
2026-03-21 08:45:38 | INFO     | src.indicators.technical_indicators:calculate_sma:157 | 计算 60 日简单移动平均线完成
2026-03-21 08:45:38 | INFO     | src.indicators.technical_indicators:calculate_sma:157 | 计算 120 日简单移动平均线完成
2026-03-21 08:45:38 | INFO     | src.indicators.technical_indicators:calculate_sma:157 | 计算 250 日简单移动平均线完成
2026-03-21 08:45:38 | INFO     | src.indicators.technical_indicators:calculate_ema:182 | 计算 12 日指数移动平均线完成
2026-03-21 08:45:38 | INFO     | src.indicators.technical_indicators:calculate_ema:182 | 计算 26 日指数移动平均线完成
2026-03-21 08:45:38 | INFO     | src.indicators.technical_indicators:calculate_rsi:221 | 计算 6 日RSI完成
2026-03-21 08:45:38 | INFO     | src.indicators.technical_indicators:calculate_rsi:221 | 计算 12 日RSI完成
2026-03-21 08:45:38 | INFO     | src.indicators.technical_indicators:calculate_rsi:221 | 计算 24 日RSI完成
2026-03-21 08:45:38 | INFO     | src.indicators.technical_indicators:calculate_macd:263 | 计算MACD完成：快线=12, 慢线=26, 信号线=9
2026-03-21 08:45:38 | INFO     | src.indicators.technical_indicators:calculate_macd:263 | 计算MACD完成：快线=12, 慢线=26, 信号线=12
2026-03-21 08:45:38 | INFO     | src.indicators.technical_indicators:calculate_boll:303 | 计算布林带完成：周期=20, 标准差倍数=2
2026-03-21 08:45:38 | INFO     | src.indicators.technical_indicators:calculate_boll:303 | 计算布林带完成：周期=26, 标准差倍数=2
2026-03-21 08:45:38 | INFO     | src.indicators.technical_indicators:calculate_kdj:350 | 计算KDJ完成：K周期=9, D周期=3, J周期=3
2026-03-21 08:45:38 | INFO     | src.indicators.technical_indicators:calculate_kdj:350 | 计算KDJ完成：K周期=10, D周期=3, J周期=3
2026-03-21 08:45:38 | INFO     | src.indicators.technical_indicators:calculate_atr:385 | 计算 10 日ATR完成
2026-03-21 08:45:38 | INFO     | src.indicators.technical_indicators:calculate_cci:446 | 计算 20 日CCI完成
2026-03-21 08:45:38 | INFO     | src.indicators.technical_indicators:calculate_williams_r:476 | 计算 10 日威廉指标完成
2026-03-21 08:45:38 | INFO     | src.indicators.technical_indicators:calculate_ma:133 | 计算 5 日移动平均线完成
2026-03-21 08:45:38 | INFO     | src.indicators.technical_indicators:calculate_bias:500 | 计算 5 日乖离率完成
2026-03-21 08:45:38 | INFO     | src.indicators.technical_indicators:calculate_ma:133 | 计算 10 日移动平均线完成
2026-03-21 08:45:38 | INFO     | src.indicators.technical_indicators:calculate_bias:500 | 计算 10 日乖离率完成
2026-03-21 08:45:38 | INFO     | src.indicators.technical_indicators:calculate_ma:133 | 计算 20 日移动平均线完成
2026-03-21 08:45:38 | INFO     | src.indicators.technical_indicators:calculate_bias:500 | 计算 20 日乖离率完成
2026-03-21 08:45:38 | INFO     | src.indicators.technical_indicators:calculate_ma:133 | 计算 30 日移动平均线完成
2026-03-21 08:45:38 | INFO     | src.indicators.technical_indicators:calculate_bias:500 | 计算 30 日乖离率完成
2026-03-21 08:45:38 | INFO     | src.indicators.technical_indicators:calculate_ma:133 | 计算 60 日移动平均线完成
2026-03-21 08:45:38 | INFO     | src.indicators.technical_indicators:calculate_bias:500 | 计算 60 日乖离率完成
2026-03-21 08:45:38 | INFO     | src.indicators.technical_indicators:calculate_ma:133 | 计算 120 日移动平均线完成
2026-03-21 08:45:38 | INFO     | src.indicators.technical_indicators:calculate_bias:500 | 计算 120 日乖离率完成
2026-03-21 08:45:38 | INFO     | src.indicators.technical_indicators:calculate_ma:133 | 计算 250 日移动平均线完成
2026-03-21 08:45:38 | INFO     | src.indicators.technical_indicators:calculate_bias:500 | 计算 250 日乖离率完成
2026-03-21 08:45:38 | INFO     | src.indicators.technical_indicators:calculate_psy:523 | 计算 10 日心理线完成
2026-03-21 08:45:38 | INFO     | src.indicators.technical_indicators:calculate_all:640 | 完成计算 48 个技术指标
2026-03-21 08:45:38 | INFO     | src.core.data_fetcher:save_data:536 | 保存数据到 csv 文件: 300762_with_indicators
2026-03-21 08:45:38 | INFO     | src.core.data_fetcher:save_data:556 | 数据保存成功: ./data\300762_with_indicators.csv
2026-03-21 08:45:38 | INFO     | __main__:process_single_fund:142 |   对股票 300762 进行信号判断
2026-03-21 08:45:38 | INFO     | src.core.data_fetcher:save_data:536 | 保存数据到 csv 文件: 300762_signals
2026-03-21 08:45:38 | INFO     | src.core.data_fetcher:save_data:556 | 数据保存成功: ./data\300762_signals.csv
2026-03-21 08:45:38 | INFO     | __main__:process_single_fund:170 |   股票 300762 信号判断完成: 持有 (得分: 0.120)
2026-03-21 08:45:38 | INFO     | src.indicators.technical_indicators:calculate_ma:133 | 计算 5 日移动平均线完成
2026-03-21 08:45:38 | INFO     | src.indicators.technical_indicators:calculate_ma:133 | 计算 10 日移动平均线完成
2026-03-21 08:45:38 | INFO     | src.indicators.technical_indicators:calculate_ma:133 | 计算 20 日移动平均线完成
2026-03-21 08:45:38 | INFO     | src.indicators.technical_indicators:calculate_ma:133 | 计算 30 日移动平均线完成
2026-03-21 08:45:38 | INFO     | src.indicators.technical_indicators:calculate_ma:133 | 计算 60 日移动平均线完成
2026-03-21 08:45:38 | INFO     | src.indicators.technical_indicators:calculate_ma:133 | 计算 120 日移动平均线完成
2026-03-21 08:45:38 | INFO     | src.indicators.technical_indicators:calculate_ma:133 | 计算 250 日移动平均线完成
2026-03-21 08:45:38 | INFO     | src.indicators.technical_indicators:calculate_sma:157 | 计算 5 日简单移动平均线完成
2026-03-21 08:45:38 | INFO     | src.indicators.technical_indicators:calculate_sma:157 | 计算 10 日简单移动平均线完成
2026-03-21 08:45:38 | INFO     | src.indicators.technical_indicators:calculate_sma:157 | 计算 20 日简单移动平均线完成
2026-03-21 08:45:38 | INFO     | src.indicators.technical_indicators:calculate_sma:157 | 计算 30 日简单移动平均线完成
2026-03-21 08:45:38 | INFO     | src.indicators.technical_indicators:calculate_sma:157 | 计算 60 日简单移动平均线完成
2026-03-21 08:45:38 | INFO     | src.indicators.technical_indicators:calculate_sma:157 | 计算 120 日简单移动平均线完成
2026-03-21 08:45:38 | INFO     | src.indicators.technical_indicators:calculate_sma:157 | 计算 250 日简单移动平均线完成
2026-03-21 08:45:38 | INFO     | src.indicators.technical_indicators:calculate_ema:182 | 计算 12 日指数移动平均线完成
2026-03-21 08:45:38 | INFO     | src.indicators.technical_indicators:calculate_ema:182 | 计算 26 日指数移动平均线完成
2026-03-21 08:45:38 | INFO     | src.indicators.technical_indicators:calculate_rsi:221 | 计算 6 日RSI完成
2026-03-21 08:45:38 | INFO     | src.indicators.technical_indicators:calculate_rsi:221 | 计算 12 日RSI完成
2026-03-21 08:45:38 | INFO     | src.indicators.technical_indicators:calculate_rsi:221 | 计算 24 日RSI完成
2026-03-21 08:45:38 | INFO     | src.indicators.technical_indicators:calculate_macd:263 | 计算MACD完成：快线=12, 慢线=26, 信号线=9
2026-03-21 08:45:38 | INFO     | src.indicators.technical_indicators:calculate_macd:263 | 计算MACD完成：快线=12, 慢线=26, 信号线=12
2026-03-21 08:45:38 | INFO     | src.indicators.technical_indicators:calculate_boll:303 | 计算布林带完成：周期=20, 标准差倍数=2
2026-03-21 08:45:38 | INFO     | src.indicators.technical_indicators:calculate_boll:303 | 计算布林带完成：周期=26, 标准差倍数=2
2026-03-21 08:45:38 | INFO     | src.indicators.technical_indicators:calculate_kdj:350 | 计算KDJ完成：K周期=9, D周期=3, J周期=3
2026-03-21 08:45:38 | INFO     | src.indicators.technical_indicators:calculate_kdj:350 | 计算KDJ完成：K周期=10, D周期=3, J周期=3
2026-03-21 08:45:38 | INFO     | src.indicators.technical_indicators:calculate_atr:385 | 计算 10 日ATR完成
2026-03-21 08:45:39 | INFO     | src.indicators.technical_indicators:calculate_cci:446 | 计算 20 日CCI完成
2026-03-21 08:45:39 | INFO     | src.indicators.technical_indicators:calculate_williams_r:476 | 计算 10 日威廉指标完成
2026-03-21 08:45:39 | INFO     | src.indicators.technical_indicators:calculate_ma:133 | 计算 5 日移动平均线完成
2026-03-21 08:45:39 | INFO     | src.indicators.technical_indicators:calculate_bias:500 | 计算 5 日乖离率完成
2026-03-21 08:45:39 | INFO     | src.indicators.technical_indicators:calculate_ma:133 | 计算 10 日移动平均线完成
2026-03-21 08:45:39 | INFO     | src.indicators.technical_indicators:calculate_bias:500 | 计算 10 日乖离率完成
2026-03-21 08:45:39 | INFO     | src.indicators.technical_indicators:calculate_ma:133 | 计算 20 日移动平均线完成
2026-03-21 08:45:39 | INFO     | src.indicators.technical_indicators:calculate_bias:500 | 计算 20 日乖离率完成
2026-03-21 08:45:39 | INFO     | src.indicators.technical_indicators:calculate_ma:133 | 计算 30 日移动平均线完成
2026-03-21 08:45:39 | INFO     | src.indicators.technical_indicators:calculate_bias:500 | 计算 30 日乖离率完成
2026-03-21 08:45:39 | INFO     | src.indicators.technical_indicators:calculate_ma:133 | 计算 60 日移动平均线完成
2026-03-21 08:45:39 | INFO     | src.indicators.technical_indicators:calculate_bias:500 | 计算 60 日乖离率完成
2026-03-21 08:45:39 | INFO     | src.indicators.technical_indicators:calculate_ma:133 | 计算 120 日移动平均线完成
2026-03-21 08:45:39 | INFO     | src.indicators.technical_indicators:calculate_bias:500 | 计算 120 日乖离率完成
2026-03-21 08:45:39 | INFO     | src.indicators.technical_indicators:calculate_ma:133 | 计算 250 日移动平均线完成
2026-03-21 08:45:39 | INFO     | src.indicators.technical_indicators:calculate_bias:500 | 计算 250 日乖离率完成
2026-03-21 08:45:39 | INFO     | src.indicators.technical_indicators:calculate_psy:523 | 计算 10 日心理线完成
2026-03-21 08:45:39 | INFO     | src.indicators.technical_indicators:calculate_all:640 | 完成计算 48 个技术指标
2026-03-21 08:45:39 | INFO     | src.core.data_fetcher:save_data:536 | 保存数据到 csv 文件: 002565_with_indicators
2026-03-21 08:45:39 | INFO     | src.core.data_fetcher:save_data:556 | 数据保存成功: ./data\002565_with_indicators.csv
2026-03-21 08:45:39 | INFO     | __main__:process_single_fund:142 |   对股票 002565 进行信号判断
2026-03-21 08:45:39 | INFO     | src.core.data_fetcher:save_data:536 | 保存数据到 csv 文件: 002565_signals
2026-03-21 08:45:39 | INFO     | src.core.data_fetcher:save_data:556 | 数据保存成功: ./data\002565_signals.csv
2026-03-21 08:45:39 | INFO     | __main__:process_single_fund:170 |   股票 002565 信号判断完成: 持有 (得分: 0.034)
2026-03-21 08:45:39 | INFO     | __main__:process_single_fund:191 | 步骤5: 生成汇总报告
2026-03-21 08:45:39 | INFO     | __main__:process_single_fund:195 | ============================================================
2026-03-21 08:45:39 | INFO     | __main__:process_single_fund:196 | 基金 015790 处理完成!
2026-03-21 08:45:39 | INFO     | __main__:process_single_fund:197 | 总股票数: 10
2026-03-21 08:45:39 | INFO     | __main__:process_single_fund:198 | 成功: 10
2026-03-21 08:45:39 | INFO     | __main__:process_single_fund:199 | 失败: 0
2026-03-21 08:45:39 | INFO     | __main__:process_single_fund:200 | ============================================================
2026-03-21 08:45:39 | INFO     | __main__:process_single_fund:209 | 基金 015790 的所有技术指标已保存为 CSV 文件
2026-03-21 08:45:40 | DEBUG    | src.notify.channels.ntfy:send:87 | ntfy 消息发送成功: ✅ 基金 {fund_code} 分析完成
得分: {score:.3f}
建议: {recomme...
2026-03-21 08:45:40 | DEBUG    | src.notify.base:send_with_retry:126 | 通知器 ntfy 发送成功
2026-03-21 08:45:40 | DEBUG    | src.notify.manager:send:140 | 消息发送成功到渠道 ntfy
2026-03-21 08:45:40 | INFO     | __main__:run_technical_workflow:653 | 基金 015790 处理完成
2026-03-21 08:45:40 | INFO     | __main__:run_technical_workflow:654 | ============================================================

2026-03-21 08:45:40 | INFO     | __main__:run_technical_workflow:646 | 
============================================================
2026-03-21 08:45:40 | INFO     | __main__:run_technical_workflow:647 | 开始处理基金: 000001
2026-03-21 08:45:40 | INFO     | __main__:run_technical_workflow:648 | ============================================================
2026-03-21 08:45:40 | INFO     | __main__:process_single_fund:46 | 开始处理基金 000001 的持仓股票技术指标计算
2026-03-21 08:45:41 | DEBUG    | src.notify.channels.ntfy:send:87 | ntfy 消息发送成功: 🔍 开始分析基金 {fund_code}...
2026-03-21 08:45:41 | DEBUG    | src.notify.base:send_with_retry:126 | 通知器 ntfy 发送成功
2026-03-21 08:45:41 | DEBUG    | src.notify.manager:send:140 | 消息发送成功到渠道 ntfy
2026-03-21 08:45:41 | INFO     | __main__:process_single_fund:53 | 步骤1: 获取基金持仓数据
2026-03-21 08:45:41 | INFO     | src.core.data_fetcher:inner:410 | 获取基金 000001 持仓
2026-03-21 08:45:41 | INFO     | __main__:process_single_fund:61 | 步骤2: 过滤最新季度数据
2026-03-21 08:45:41 | INFO     | src.analysis.quarter_filter:filter_latest_quarter_data:63 | 识别到最新季度: 2025年Q4
2026-03-21 08:45:41 | INFO     | src.analysis.quarter_filter:filter_latest_quarter_data:77 | 过滤结果: 从 217 条记录中筛选出 10 条最新季度数据
2026-03-21 08:45:41 | INFO     | __main__:process_single_fund:65 | 最新季度持仓股票数量: 10
2026-03-21 08:45:41 | INFO     | __main__:process_single_fund:66 | 股票代码列表: ['300308', '002475', '688347', '002371', '688256', '601689', '300502', '688041', '688019', '603986']
2026-03-21 08:45:41 | INFO     | __main__:process_single_fund:69 | 步骤3: 批量处理股票数据
2026-03-21 08:45:41 | INFO     | src.data.reader:list_files:221 | 在 data\stock_data 中找到 30 个文件
2026-03-21 08:45:41 | INFO     | src.data.reader:list_stock_files:241 | 找到 30 个股票数据文件
2026-03-21 08:45:41 | INFO     | src.data.reader:read_csv:53 | 读取CSV文件: data\stock_data\300308_kline.csv
2026-03-21 08:45:41 | INFO     | src.data.reader:read_csv:57 | 成功读取 1260 行数据
2026-03-21 08:45:41 | INFO     | src.data.reader:list_files:221 | 在 data\stock_data 中找到 30 个文件
2026-03-21 08:45:41 | INFO     | src.data.reader:list_stock_files:241 | 找到 30 个股票数据文件
2026-03-21 08:45:41 | INFO     | src.data.reader:read_csv:53 | 读取CSV文件: data\stock_data\002475_kline.csv
2026-03-21 08:45:41 | INFO     | src.data.reader:read_csv:57 | 成功读取 1260 行数据
2026-03-21 08:45:41 | INFO     | src.data.reader:list_files:221 | 在 data\stock_data 中找到 30 个文件
2026-03-21 08:45:41 | INFO     | src.data.reader:list_stock_files:241 | 找到 30 个股票数据文件
2026-03-21 08:45:41 | INFO     | src.data.reader:read_csv:53 | 读取CSV文件: data\stock_data\688347_kline.csv
2026-03-21 08:45:41 | INFO     | src.data.reader:read_csv:57 | 成功读取 622 行数据
2026-03-21 08:45:41 | INFO     | src.data.reader:list_files:221 | 在 data\stock_data 中找到 30 个文件
2026-03-21 08:45:41 | INFO     | src.data.reader:list_stock_files:241 | 找到 30 个股票数据文件
2026-03-21 08:45:41 | INFO     | src.data.reader:read_csv:53 | 读取CSV文件: data\stock_data\002371_kline.csv
2026-03-21 08:45:41 | INFO     | src.data.reader:read_csv:57 | 成功读取 1260 行数据
2026-03-21 08:45:41 | INFO     | src.data.reader:list_files:221 | 在 data\stock_data 中找到 30 个文件
2026-03-21 08:45:41 | INFO     | src.data.reader:list_stock_files:241 | 找到 30 个股票数据文件
2026-03-21 08:45:41 | INFO     | src.data.reader:read_csv:53 | 读取CSV文件: data\stock_data\688256_kline.csv
2026-03-21 08:45:41 | INFO     | src.data.reader:read_csv:57 | 成功读取 1260 行数据
2026-03-21 08:45:41 | INFO     | src.data.reader:list_files:221 | 在 data\stock_data 中找到 30 个文件
2026-03-21 08:45:41 | INFO     | src.data.reader:list_stock_files:241 | 找到 30 个股票数据文件
2026-03-21 08:45:41 | INFO     | src.data.reader:read_csv:53 | 读取CSV文件: data\stock_data\601689_kline.csv
2026-03-21 08:45:41 | INFO     | src.data.reader:read_csv:57 | 成功读取 1260 行数据
2026-03-21 08:45:41 | INFO     | src.data.reader:list_files:221 | 在 data\stock_data 中找到 30 个文件
2026-03-21 08:45:41 | INFO     | src.data.reader:list_stock_files:241 | 找到 30 个股票数据文件
2026-03-21 08:45:41 | INFO     | src.data.reader:read_csv:53 | 读取CSV文件: data\stock_data\300502_kline.csv
2026-03-21 08:45:41 | INFO     | src.data.reader:read_csv:57 | 成功读取 1260 行数据
2026-03-21 08:45:41 | INFO     | src.data.reader:list_files:221 | 在 data\stock_data 中找到 30 个文件
2026-03-21 08:45:41 | INFO     | src.data.reader:list_stock_files:241 | 找到 30 个股票数据文件
2026-03-21 08:45:41 | INFO     | src.data.reader:read_csv:53 | 读取CSV文件: data\stock_data\688041_kline.csv
2026-03-21 08:45:41 | INFO     | src.data.reader:read_csv:57 | 成功读取 860 行数据
2026-03-21 08:45:41 | INFO     | src.data.reader:list_files:221 | 在 data\stock_data 中找到 30 个文件
2026-03-21 08:45:41 | INFO     | src.data.reader:list_stock_files:241 | 找到 30 个股票数据文件
2026-03-21 08:45:41 | INFO     | src.data.reader:read_csv:53 | 读取CSV文件: data\stock_data\688019_kline.csv
2026-03-21 08:45:41 | INFO     | src.data.reader:read_csv:57 | 成功读取 1260 行数据
2026-03-21 08:45:41 | INFO     | src.data.reader:list_files:221 | 在 data\stock_data 中找到 30 个文件
2026-03-21 08:45:41 | INFO     | src.data.reader:list_stock_files:241 | 找到 30 个股票数据文件
2026-03-21 08:45:41 | INFO     | src.data.reader:read_csv:53 | 读取CSV文件: data\stock_data\603986_kline.csv
2026-03-21 08:45:41 | INFO     | src.data.reader:read_csv:57 | 成功读取 1260 行数据
2026-03-21 08:45:41 | INFO     | __main__:process_single_fund:109 | 成功获取 10 只股票的数据
2026-03-21 08:45:41 | INFO     | __main__:process_single_fund:116 | 步骤4: 计算技术指标
2026-03-21 08:45:41 | INFO     | src.indicators.technical_indicators:calculate_ma:133 | 计算 5 日移动平均线完成
2026-03-21 08:45:41 | INFO     | src.indicators.technical_indicators:calculate_ma:133 | 计算 10 日移动平均线完成
2026-03-21 08:45:41 | INFO     | src.indicators.technical_indicators:calculate_ma:133 | 计算 20 日移动平均线完成
2026-03-21 08:45:41 | INFO     | src.indicators.technical_indicators:calculate_ma:133 | 计算 30 日移动平均线完成
2026-03-21 08:45:41 | INFO     | src.indicators.technical_indicators:calculate_ma:133 | 计算 60 日移动平均线完成
2026-03-21 08:45:41 | INFO     | src.indicators.technical_indicators:calculate_ma:133 | 计算 120 日移动平均线完成
2026-03-21 08:45:41 | INFO     | src.indicators.technical_indicators:calculate_ma:133 | 计算 250 日移动平均线完成
2026-03-21 08:45:41 | INFO     | src.indicators.technical_indicators:calculate_sma:157 | 计算 5 日简单移动平均线完成
2026-03-21 08:45:41 | INFO     | src.indicators.technical_indicators:calculate_sma:157 | 计算 10 日简单移动平均线完成
2026-03-21 08:45:41 | INFO     | src.indicators.technical_indicators:calculate_sma:157 | 计算 20 日简单移动平均线完成
2026-03-21 08:45:41 | INFO     | src.indicators.technical_indicators:calculate_sma:157 | 计算 30 日简单移动平均线完成
2026-03-21 08:45:41 | INFO     | src.indicators.technical_indicators:calculate_sma:157 | 计算 60 日简单移动平均线完成
2026-03-21 08:45:41 | INFO     | src.indicators.technical_indicators:calculate_sma:157 | 计算 120 日简单移动平均线完成
2026-03-21 08:45:41 | INFO     | src.indicators.technical_indicators:calculate_sma:157 | 计算 250 日简单移动平均线完成
2026-03-21 08:45:41 | INFO     | src.indicators.technical_indicators:calculate_ema:182 | 计算 12 日指数移动平均线完成
2026-03-21 08:45:41 | INFO     | src.indicators.technical_indicators:calculate_ema:182 | 计算 26 日指数移动平均线完成
2026-03-21 08:45:41 | INFO     | src.indicators.technical_indicators:calculate_rsi:221 | 计算 6 日RSI完成
2026-03-21 08:45:41 | INFO     | src.indicators.technical_indicators:calculate_rsi:221 | 计算 12 日RSI完成
2026-03-21 08:45:41 | INFO     | src.indicators.technical_indicators:calculate_rsi:221 | 计算 24 日RSI完成
2026-03-21 08:45:41 | INFO     | src.indicators.technical_indicators:calculate_macd:263 | 计算MACD完成：快线=12, 慢线=26, 信号线=9
2026-03-21 08:45:41 | INFO     | src.indicators.technical_indicators:calculate_macd:263 | 计算MACD完成：快线=12, 慢线=26, 信号线=12
2026-03-21 08:45:41 | INFO     | src.indicators.technical_indicators:calculate_boll:303 | 计算布林带完成：周期=20, 标准差倍数=2
2026-03-21 08:45:41 | INFO     | src.indicators.technical_indicators:calculate_boll:303 | 计算布林带完成：周期=26, 标准差倍数=2
2026-03-21 08:45:41 | INFO     | src.indicators.technical_indicators:calculate_kdj:350 | 计算KDJ完成：K周期=9, D周期=3, J周期=3
2026-03-21 08:45:41 | INFO     | src.indicators.technical_indicators:calculate_kdj:350 | 计算KDJ完成：K周期=10, D周期=3, J周期=3
2026-03-21 08:45:41 | INFO     | src.indicators.technical_indicators:calculate_atr:385 | 计算 10 日ATR完成
2026-03-21 08:45:41 | INFO     | src.indicators.technical_indicators:calculate_cci:446 | 计算 20 日CCI完成
2026-03-21 08:45:41 | INFO     | src.indicators.technical_indicators:calculate_williams_r:476 | 计算 10 日威廉指标完成
2026-03-21 08:45:41 | INFO     | src.indicators.technical_indicators:calculate_ma:133 | 计算 5 日移动平均线完成
2026-03-21 08:45:41 | INFO     | src.indicators.technical_indicators:calculate_bias:500 | 计算 5 日乖离率完成
2026-03-21 08:45:41 | INFO     | src.indicators.technical_indicators:calculate_ma:133 | 计算 10 日移动平均线完成
2026-03-21 08:45:41 | INFO     | src.indicators.technical_indicators:calculate_bias:500 | 计算 10 日乖离率完成
2026-03-21 08:45:41 | INFO     | src.indicators.technical_indicators:calculate_ma:133 | 计算 20 日移动平均线完成
2026-03-21 08:45:41 | INFO     | src.indicators.technical_indicators:calculate_bias:500 | 计算 20 日乖离率完成
2026-03-21 08:45:41 | INFO     | src.indicators.technical_indicators:calculate_ma:133 | 计算 30 日移动平均线完成
2026-03-21 08:45:41 | INFO     | src.indicators.technical_indicators:calculate_bias:500 | 计算 30 日乖离率完成
2026-03-21 08:45:41 | INFO     | src.indicators.technical_indicators:calculate_ma:133 | 计算 60 日移动平均线完成
2026-03-21 08:45:41 | INFO     | src.indicators.technical_indicators:calculate_bias:500 | 计算 60 日乖离率完成
2026-03-21 08:45:41 | INFO     | src.indicators.technical_indicators:calculate_ma:133 | 计算 120 日移动平均线完成
2026-03-21 08:45:41 | INFO     | src.indicators.technical_indicators:calculate_bias:500 | 计算 120 日乖离率完成
2026-03-21 08:45:41 | INFO     | src.indicators.technical_indicators:calculate_ma:133 | 计算 250 日移动平均线完成
2026-03-21 08:45:41 | INFO     | src.indicators.technical_indicators:calculate_bias:500 | 计算 250 日乖离率完成
2026-03-21 08:45:41 | INFO     | src.indicators.technical_indicators:calculate_psy:523 | 计算 10 日心理线完成
2026-03-21 08:45:41 | INFO     | src.indicators.technical_indicators:calculate_all:640 | 完成计算 48 个技术指标
2026-03-21 08:45:41 | INFO     | src.core.data_fetcher:save_data:536 | 保存数据到 csv 文件: 300308_with_indicators
2026-03-21 08:45:41 | INFO     | src.core.data_fetcher:save_data:556 | 数据保存成功: ./data\300308_with_indicators.csv
2026-03-21 08:45:41 | INFO     | __main__:process_single_fund:142 |   对股票 300308 进行信号判断
2026-03-21 08:45:41 | INFO     | src.core.data_fetcher:save_data:536 | 保存数据到 csv 文件: 300308_signals
2026-03-21 08:45:41 | INFO     | src.core.data_fetcher:save_data:556 | 数据保存成功: ./data\300308_signals.csv
2026-03-21 08:45:41 | INFO     | __main__:process_single_fund:170 |   股票 300308 信号判断完成: 持有 (得分: 0.000)
2026-03-21 08:45:41 | INFO     | src.indicators.technical_indicators:calculate_ma:133 | 计算 5 日移动平均线完成
2026-03-21 08:45:41 | INFO     | src.indicators.technical_indicators:calculate_ma:133 | 计算 10 日移动平均线完成
2026-03-21 08:45:41 | INFO     | src.indicators.technical_indicators:calculate_ma:133 | 计算 20 日移动平均线完成
2026-03-21 08:45:41 | INFO     | src.indicators.technical_indicators:calculate_ma:133 | 计算 30 日移动平均线完成
2026-03-21 08:45:41 | INFO     | src.indicators.technical_indicators:calculate_ma:133 | 计算 60 日移动平均线完成
2026-03-21 08:45:41 | INFO     | src.indicators.technical_indicators:calculate_ma:133 | 计算 120 日移动平均线完成
2026-03-21 08:45:41 | INFO     | src.indicators.technical_indicators:calculate_ma:133 | 计算 250 日移动平均线完成
2026-03-21 08:45:41 | INFO     | src.indicators.technical_indicators:calculate_sma:157 | 计算 5 日简单移动平均线完成
2026-03-21 08:45:41 | INFO     | src.indicators.technical_indicators:calculate_sma:157 | 计算 10 日简单移动平均线完成
2026-03-21 08:45:41 | INFO     | src.indicators.technical_indicators:calculate_sma:157 | 计算 20 日简单移动平均线完成
2026-03-21 08:45:41 | INFO     | src.indicators.technical_indicators:calculate_sma:157 | 计算 30 日简单移动平均线完成
2026-03-21 08:45:41 | INFO     | src.indicators.technical_indicators:calculate_sma:157 | 计算 60 日简单移动平均线完成
2026-03-21 08:45:41 | INFO     | src.indicators.technical_indicators:calculate_sma:157 | 计算 120 日简单移动平均线完成
2026-03-21 08:45:41 | INFO     | src.indicators.technical_indicators:calculate_sma:157 | 计算 250 日简单移动平均线完成
2026-03-21 08:45:41 | INFO     | src.indicators.technical_indicators:calculate_ema:182 | 计算 12 日指数移动平均线完成
2026-03-21 08:45:41 | INFO     | src.indicators.technical_indicators:calculate_ema:182 | 计算 26 日指数移动平均线完成
2026-03-21 08:45:41 | INFO     | src.indicators.technical_indicators:calculate_rsi:221 | 计算 6 日RSI完成
2026-03-21 08:45:41 | INFO     | src.indicators.technical_indicators:calculate_rsi:221 | 计算 12 日RSI完成
2026-03-21 08:45:41 | INFO     | src.indicators.technical_indicators:calculate_rsi:221 | 计算 24 日RSI完成
2026-03-21 08:45:41 | INFO     | src.indicators.technical_indicators:calculate_macd:263 | 计算MACD完成：快线=12, 慢线=26, 信号线=9
2026-03-21 08:45:41 | INFO     | src.indicators.technical_indicators:calculate_macd:263 | 计算MACD完成：快线=12, 慢线=26, 信号线=12
2026-03-21 08:45:41 | INFO     | src.indicators.technical_indicators:calculate_boll:303 | 计算布林带完成：周期=20, 标准差倍数=2
2026-03-21 08:45:41 | INFO     | src.indicators.technical_indicators:calculate_boll:303 | 计算布林带完成：周期=26, 标准差倍数=2
2026-03-21 08:45:41 | INFO     | src.indicators.technical_indicators:calculate_kdj:350 | 计算KDJ完成：K周期=9, D周期=3, J周期=3
2026-03-21 08:45:41 | INFO     | src.indicators.technical_indicators:calculate_kdj:350 | 计算KDJ完成：K周期=10, D周期=3, J周期=3
2026-03-21 08:45:41 | INFO     | src.indicators.technical_indicators:calculate_atr:385 | 计算 10 日ATR完成
2026-03-21 08:45:42 | INFO     | src.indicators.technical_indicators:calculate_cci:446 | 计算 20 日CCI完成
2026-03-21 08:45:42 | INFO     | src.indicators.technical_indicators:calculate_williams_r:476 | 计算 10 日威廉指标完成
2026-03-21 08:45:42 | INFO     | src.indicators.technical_indicators:calculate_ma:133 | 计算 5 日移动平均线完成
2026-03-21 08:45:42 | INFO     | src.indicators.technical_indicators:calculate_bias:500 | 计算 5 日乖离率完成
2026-03-21 08:45:42 | INFO     | src.indicators.technical_indicators:calculate_ma:133 | 计算 10 日移动平均线完成
2026-03-21 08:45:42 | INFO     | src.indicators.technical_indicators:calculate_bias:500 | 计算 10 日乖离率完成
2026-03-21 08:45:42 | INFO     | src.indicators.technical_indicators:calculate_ma:133 | 计算 20 日移动平均线完成
2026-03-21 08:45:42 | INFO     | src.indicators.technical_indicators:calculate_bias:500 | 计算 20 日乖离率完成
2026-03-21 08:45:42 | INFO     | src.indicators.technical_indicators:calculate_ma:133 | 计算 30 日移动平均线完成
2026-03-21 08:45:42 | INFO     | src.indicators.technical_indicators:calculate_bias:500 | 计算 30 日乖离率完成
2026-03-21 08:45:42 | INFO     | src.indicators.technical_indicators:calculate_ma:133 | 计算 60 日移动平均线完成
2026-03-21 08:45:42 | INFO     | src.indicators.technical_indicators:calculate_bias:500 | 计算 60 日乖离率完成
2026-03-21 08:45:42 | INFO     | src.indicators.technical_indicators:calculate_ma:133 | 计算 120 日移动平均线完成
2026-03-21 08:45:42 | INFO     | src.indicators.technical_indicators:calculate_bias:500 | 计算 120 日乖离率完成
2026-03-21 08:45:42 | INFO     | src.indicators.technical_indicators:calculate_ma:133 | 计算 250 日移动平均线完成
2026-03-21 08:45:42 | INFO     | src.indicators.technical_indicators:calculate_bias:500 | 计算 250 日乖离率完成
2026-03-21 08:45:42 | INFO     | src.indicators.technical_indicators:calculate_psy:523 | 计算 10 日心理线完成
2026-03-21 08:45:42 | INFO     | src.indicators.technical_indicators:calculate_all:640 | 完成计算 48 个技术指标
2026-03-21 08:45:42 | INFO     | src.core.data_fetcher:save_data:536 | 保存数据到 csv 文件: 002475_with_indicators
2026-03-21 08:45:42 | INFO     | src.core.data_fetcher:save_data:556 | 数据保存成功: ./data\002475_with_indicators.csv
2026-03-21 08:45:42 | INFO     | __main__:process_single_fund:142 |   对股票 002475 进行信号判断
2026-03-21 08:45:42 | INFO     | src.core.data_fetcher:save_data:536 | 保存数据到 csv 文件: 002475_signals
2026-03-21 08:45:42 | INFO     | src.core.data_fetcher:save_data:556 | 数据保存成功: ./data\002475_signals.csv
2026-03-21 08:45:42 | INFO     | __main__:process_single_fund:170 |   股票 002475 信号判断完成: 持有 (得分: -0.136)
2026-03-21 08:45:42 | INFO     | src.indicators.technical_indicators:calculate_ma:133 | 计算 5 日移动平均线完成
2026-03-21 08:45:42 | INFO     | src.indicators.technical_indicators:calculate_ma:133 | 计算 10 日移动平均线完成
2026-03-21 08:45:42 | INFO     | src.indicators.technical_indicators:calculate_ma:133 | 计算 20 日移动平均线完成
2026-03-21 08:45:42 | INFO     | src.indicators.technical_indicators:calculate_ma:133 | 计算 30 日移动平均线完成
2026-03-21 08:45:42 | INFO     | src.indicators.technical_indicators:calculate_ma:133 | 计算 60 日移动平均线完成
2026-03-21 08:45:42 | INFO     | src.indicators.technical_indicators:calculate_ma:133 | 计算 120 日移动平均线完成
2026-03-21 08:45:42 | INFO     | src.indicators.technical_indicators:calculate_ma:133 | 计算 250 日移动平均线完成
2026-03-21 08:45:42 | INFO     | src.indicators.technical_indicators:calculate_sma:157 | 计算 5 日简单移动平均线完成
2026-03-21 08:45:42 | INFO     | src.indicators.technical_indicators:calculate_sma:157 | 计算 10 日简单移动平均线完成
2026-03-21 08:45:42 | INFO     | src.indicators.technical_indicators:calculate_sma:157 | 计算 20 日简单移动平均线完成
2026-03-21 08:45:42 | INFO     | src.indicators.technical_indicators:calculate_sma:157 | 计算 30 日简单移动平均线完成
2026-03-21 08:45:42 | INFO     | src.indicators.technical_indicators:calculate_sma:157 | 计算 60 日简单移动平均线完成
2026-03-21 08:45:42 | INFO     | src.indicators.technical_indicators:calculate_sma:157 | 计算 120 日简单移动平均线完成
2026-03-21 08:45:42 | INFO     | src.indicators.technical_indicators:calculate_sma:157 | 计算 250 日简单移动平均线完成
2026-03-21 08:45:42 | INFO     | src.indicators.technical_indicators:calculate_ema:182 | 计算 12 日指数移动平均线完成
2026-03-21 08:45:42 | INFO     | src.indicators.technical_indicators:calculate_ema:182 | 计算 26 日指数移动平均线完成
2026-03-21 08:45:42 | INFO     | src.indicators.technical_indicators:calculate_rsi:221 | 计算 6 日RSI完成
2026-03-21 08:45:42 | INFO     | src.indicators.technical_indicators:calculate_rsi:221 | 计算 12 日RSI完成
2026-03-21 08:45:42 | INFO     | src.indicators.technical_indicators:calculate_rsi:221 | 计算 24 日RSI完成
2026-03-21 08:45:42 | INFO     | src.indicators.technical_indicators:calculate_macd:263 | 计算MACD完成：快线=12, 慢线=26, 信号线=9
2026-03-21 08:45:42 | INFO     | src.indicators.technical_indicators:calculate_macd:263 | 计算MACD完成：快线=12, 慢线=26, 信号线=12
2026-03-21 08:45:42 | INFO     | src.indicators.technical_indicators:calculate_boll:303 | 计算布林带完成：周期=20, 标准差倍数=2
2026-03-21 08:45:42 | INFO     | src.indicators.technical_indicators:calculate_boll:303 | 计算布林带完成：周期=26, 标准差倍数=2
2026-03-21 08:45:42 | INFO     | src.indicators.technical_indicators:calculate_kdj:350 | 计算KDJ完成：K周期=9, D周期=3, J周期=3
2026-03-21 08:45:42 | INFO     | src.indicators.technical_indicators:calculate_kdj:350 | 计算KDJ完成：K周期=10, D周期=3, J周期=3
2026-03-21 08:45:42 | INFO     | src.indicators.technical_indicators:calculate_atr:385 | 计算 10 日ATR完成
2026-03-21 08:45:42 | INFO     | src.indicators.technical_indicators:calculate_cci:446 | 计算 20 日CCI完成
2026-03-21 08:45:42 | INFO     | src.indicators.technical_indicators:calculate_williams_r:476 | 计算 10 日威廉指标完成
2026-03-21 08:45:42 | INFO     | src.indicators.technical_indicators:calculate_ma:133 | 计算 5 日移动平均线完成
2026-03-21 08:45:42 | INFO     | src.indicators.technical_indicators:calculate_bias:500 | 计算 5 日乖离率完成
2026-03-21 08:45:42 | INFO     | src.indicators.technical_indicators:calculate_ma:133 | 计算 10 日移动平均线完成
2026-03-21 08:45:42 | INFO     | src.indicators.technical_indicators:calculate_bias:500 | 计算 10 日乖离率完成
2026-03-21 08:45:42 | INFO     | src.indicators.technical_indicators:calculate_ma:133 | 计算 20 日移动平均线完成
2026-03-21 08:45:42 | INFO     | src.indicators.technical_indicators:calculate_bias:500 | 计算 20 日乖离率完成
2026-03-21 08:45:42 | INFO     | src.indicators.technical_indicators:calculate_ma:133 | 计算 30 日移动平均线完成
2026-03-21 08:45:42 | INFO     | src.indicators.technical_indicators:calculate_bias:500 | 计算 30 日乖离率完成
2026-03-21 08:45:42 | INFO     | src.indicators.technical_indicators:calculate_ma:133 | 计算 60 日移动平均线完成
2026-03-21 08:45:42 | INFO     | src.indicators.technical_indicators:calculate_bias:500 | 计算 60 日乖离率完成
2026-03-21 08:45:42 | INFO     | src.indicators.technical_indicators:calculate_ma:133 | 计算 120 日移动平均线完成
2026-03-21 08:45:42 | INFO     | src.indicators.technical_indicators:calculate_bias:500 | 计算 120 日乖离率完成
2026-03-21 08:45:42 | INFO     | src.indicators.technical_indicators:calculate_ma:133 | 计算 250 日移动平均线完成
2026-03-21 08:45:42 | INFO     | src.indicators.technical_indicators:calculate_bias:500 | 计算 250 日乖离率完成
2026-03-21 08:45:42 | INFO     | src.indicators.technical_indicators:calculate_psy:523 | 计算 10 日心理线完成
2026-03-21 08:45:42 | INFO     | src.indicators.technical_indicators:calculate_all:640 | 完成计算 48 个技术指标
2026-03-21 08:45:42 | INFO     | src.core.data_fetcher:save_data:536 | 保存数据到 csv 文件: 688347_with_indicators
2026-03-21 08:45:42 | INFO     | src.core.data_fetcher:save_data:556 | 数据保存成功: ./data\688347_with_indicators.csv
2026-03-21 08:45:42 | INFO     | __main__:process_single_fund:142 |   对股票 688347 进行信号判断
2026-03-21 08:45:42 | INFO     | src.core.data_fetcher:save_data:536 | 保存数据到 csv 文件: 688347_signals
2026-03-21 08:45:42 | INFO     | src.core.data_fetcher:save_data:556 | 数据保存成功: ./data\688347_signals.csv
2026-03-21 08:45:42 | INFO     | __main__:process_single_fund:170 |   股票 688347 信号判断完成: 持有 (得分: -0.196)
2026-03-21 08:45:42 | INFO     | src.indicators.technical_indicators:calculate_ma:133 | 计算 5 日移动平均线完成
2026-03-21 08:45:42 | INFO     | src.indicators.technical_indicators:calculate_ma:133 | 计算 10 日移动平均线完成
2026-03-21 08:45:42 | INFO     | src.indicators.technical_indicators:calculate_ma:133 | 计算 20 日移动平均线完成
2026-03-21 08:45:42 | INFO     | src.indicators.technical_indicators:calculate_ma:133 | 计算 30 日移动平均线完成
2026-03-21 08:45:42 | INFO     | src.indicators.technical_indicators:calculate_ma:133 | 计算 60 日移动平均线完成
2026-03-21 08:45:42 | INFO     | src.indicators.technical_indicators:calculate_ma:133 | 计算 120 日移动平均线完成
2026-03-21 08:45:42 | INFO     | src.indicators.technical_indicators:calculate_ma:133 | 计算 250 日移动平均线完成
2026-03-21 08:45:42 | INFO     | src.indicators.technical_indicators:calculate_sma:157 | 计算 5 日简单移动平均线完成
2026-03-21 08:45:42 | INFO     | src.indicators.technical_indicators:calculate_sma:157 | 计算 10 日简单移动平均线完成
2026-03-21 08:45:42 | INFO     | src.indicators.technical_indicators:calculate_sma:157 | 计算 20 日简单移动平均线完成
2026-03-21 08:45:42 | INFO     | src.indicators.technical_indicators:calculate_sma:157 | 计算 30 日简单移动平均线完成
2026-03-21 08:45:42 | INFO     | src.indicators.technical_indicators:calculate_sma:157 | 计算 60 日简单移动平均线完成
2026-03-21 08:45:42 | INFO     | src.indicators.technical_indicators:calculate_sma:157 | 计算 120 日简单移动平均线完成
2026-03-21 08:45:42 | INFO     | src.indicators.technical_indicators:calculate_sma:157 | 计算 250 日简单移动平均线完成
2026-03-21 08:45:42 | INFO     | src.indicators.technical_indicators:calculate_ema:182 | 计算 12 日指数移动平均线完成
2026-03-21 08:45:42 | INFO     | src.indicators.technical_indicators:calculate_ema:182 | 计算 26 日指数移动平均线完成
2026-03-21 08:45:42 | INFO     | src.indicators.technical_indicators:calculate_rsi:221 | 计算 6 日RSI完成
2026-03-21 08:45:42 | INFO     | src.indicators.technical_indicators:calculate_rsi:221 | 计算 12 日RSI完成
2026-03-21 08:45:42 | INFO     | src.indicators.technical_indicators:calculate_rsi:221 | 计算 24 日RSI完成
2026-03-21 08:45:42 | INFO     | src.indicators.technical_indicators:calculate_macd:263 | 计算MACD完成：快线=12, 慢线=26, 信号线=9
2026-03-21 08:45:42 | INFO     | src.indicators.technical_indicators:calculate_macd:263 | 计算MACD完成：快线=12, 慢线=26, 信号线=12
2026-03-21 08:45:42 | INFO     | src.indicators.technical_indicators:calculate_boll:303 | 计算布林带完成：周期=20, 标准差倍数=2
2026-03-21 08:45:42 | INFO     | src.indicators.technical_indicators:calculate_boll:303 | 计算布林带完成：周期=26, 标准差倍数=2
2026-03-21 08:45:42 | INFO     | src.indicators.technical_indicators:calculate_kdj:350 | 计算KDJ完成：K周期=9, D周期=3, J周期=3
2026-03-21 08:45:42 | INFO     | src.indicators.technical_indicators:calculate_kdj:350 | 计算KDJ完成：K周期=10, D周期=3, J周期=3
2026-03-21 08:45:42 | INFO     | src.indicators.technical_indicators:calculate_atr:385 | 计算 10 日ATR完成
2026-03-21 08:45:42 | INFO     | src.indicators.technical_indicators:calculate_cci:446 | 计算 20 日CCI完成
2026-03-21 08:45:42 | INFO     | src.indicators.technical_indicators:calculate_williams_r:476 | 计算 10 日威廉指标完成
2026-03-21 08:45:42 | INFO     | src.indicators.technical_indicators:calculate_ma:133 | 计算 5 日移动平均线完成
2026-03-21 08:45:42 | INFO     | src.indicators.technical_indicators:calculate_bias:500 | 计算 5 日乖离率完成
2026-03-21 08:45:42 | INFO     | src.indicators.technical_indicators:calculate_ma:133 | 计算 10 日移动平均线完成
2026-03-21 08:45:42 | INFO     | src.indicators.technical_indicators:calculate_bias:500 | 计算 10 日乖离率完成
2026-03-21 08:45:42 | INFO     | src.indicators.technical_indicators:calculate_ma:133 | 计算 20 日移动平均线完成
2026-03-21 08:45:42 | INFO     | src.indicators.technical_indicators:calculate_bias:500 | 计算 20 日乖离率完成
2026-03-21 08:45:42 | INFO     | src.indicators.technical_indicators:calculate_ma:133 | 计算 30 日移动平均线完成
2026-03-21 08:45:42 | INFO     | src.indicators.technical_indicators:calculate_bias:500 | 计算 30 日乖离率完成
2026-03-21 08:45:42 | INFO     | src.indicators.technical_indicators:calculate_ma:133 | 计算 60 日移动平均线完成
2026-03-21 08:45:42 | INFO     | src.indicators.technical_indicators:calculate_bias:500 | 计算 60 日乖离率完成
2026-03-21 08:45:42 | INFO     | src.indicators.technical_indicators:calculate_ma:133 | 计算 120 日移动平均线完成
2026-03-21 08:45:42 | INFO     | src.indicators.technical_indicators:calculate_bias:500 | 计算 120 日乖离率完成
2026-03-21 08:45:42 | INFO     | src.indicators.technical_indicators:calculate_ma:133 | 计算 250 日移动平均线完成
2026-03-21 08:45:42 | INFO     | src.indicators.technical_indicators:calculate_bias:500 | 计算 250 日乖离率完成
2026-03-21 08:45:42 | INFO     | src.indicators.technical_indicators:calculate_psy:523 | 计算 10 日心理线完成
2026-03-21 08:45:42 | INFO     | src.indicators.technical_indicators:calculate_all:640 | 完成计算 48 个技术指标
2026-03-21 08:45:42 | INFO     | src.core.data_fetcher:save_data:536 | 保存数据到 csv 文件: 002371_with_indicators
2026-03-21 08:45:42 | INFO     | src.core.data_fetcher:save_data:556 | 数据保存成功: ./data\002371_with_indicators.csv
2026-03-21 08:45:42 | INFO     | __main__:process_single_fund:142 |   对股票 002371 进行信号判断
2026-03-21 08:45:42 | INFO     | src.core.data_fetcher:save_data:536 | 保存数据到 csv 文件: 002371_signals
2026-03-21 08:45:42 | INFO     | src.core.data_fetcher:save_data:556 | 数据保存成功: ./data\002371_signals.csv
2026-03-21 08:45:42 | INFO     | __main__:process_single_fund:170 |   股票 002371 信号判断完成: 买入 (得分: 0.360)
2026-03-21 08:45:42 | INFO     | src.indicators.technical_indicators:calculate_ma:133 | 计算 5 日移动平均线完成
2026-03-21 08:45:42 | INFO     | src.indicators.technical_indicators:calculate_ma:133 | 计算 10 日移动平均线完成
2026-03-21 08:45:42 | INFO     | src.indicators.technical_indicators:calculate_ma:133 | 计算 20 日移动平均线完成
2026-03-21 08:45:42 | INFO     | src.indicators.technical_indicators:calculate_ma:133 | 计算 30 日移动平均线完成
2026-03-21 08:45:42 | INFO     | src.indicators.technical_indicators:calculate_ma:133 | 计算 60 日移动平均线完成
2026-03-21 08:45:42 | INFO     | src.indicators.technical_indicators:calculate_ma:133 | 计算 120 日移动平均线完成
2026-03-21 08:45:42 | INFO     | src.indicators.technical_indicators:calculate_ma:133 | 计算 250 日移动平均线完成
2026-03-21 08:45:42 | INFO     | src.indicators.technical_indicators:calculate_sma:157 | 计算 5 日简单移动平均线完成
2026-03-21 08:45:42 | INFO     | src.indicators.technical_indicators:calculate_sma:157 | 计算 10 日简单移动平均线完成
2026-03-21 08:45:42 | INFO     | src.indicators.technical_indicators:calculate_sma:157 | 计算 20 日简单移动平均线完成
2026-03-21 08:45:42 | INFO     | src.indicators.technical_indicators:calculate_sma:157 | 计算 30 日简单移动平均线完成
2026-03-21 08:45:42 | INFO     | src.indicators.technical_indicators:calculate_sma:157 | 计算 60 日简单移动平均线完成
2026-03-21 08:45:42 | INFO     | src.indicators.technical_indicators:calculate_sma:157 | 计算 120 日简单移动平均线完成
2026-03-21 08:45:42 | INFO     | src.indicators.technical_indicators:calculate_sma:157 | 计算 250 日简单移动平均线完成
2026-03-21 08:45:42 | INFO     | src.indicators.technical_indicators:calculate_ema:182 | 计算 12 日指数移动平均线完成
2026-03-21 08:45:42 | INFO     | src.indicators.technical_indicators:calculate_ema:182 | 计算 26 日指数移动平均线完成
2026-03-21 08:45:42 | INFO     | src.indicators.technical_indicators:calculate_rsi:221 | 计算 6 日RSI完成
2026-03-21 08:45:42 | INFO     | src.indicators.technical_indicators:calculate_rsi:221 | 计算 12 日RSI完成
2026-03-21 08:45:42 | INFO     | src.indicators.technical_indicators:calculate_rsi:221 | 计算 24 日RSI完成
2026-03-21 08:45:42 | INFO     | src.indicators.technical_indicators:calculate_macd:263 | 计算MACD完成：快线=12, 慢线=26, 信号线=9
2026-03-21 08:45:42 | INFO     | src.indicators.technical_indicators:calculate_macd:263 | 计算MACD完成：快线=12, 慢线=26, 信号线=12
2026-03-21 08:45:42 | INFO     | src.indicators.technical_indicators:calculate_boll:303 | 计算布林带完成：周期=20, 标准差倍数=2
2026-03-21 08:45:42 | INFO     | src.indicators.technical_indicators:calculate_boll:303 | 计算布林带完成：周期=26, 标准差倍数=2
2026-03-21 08:45:42 | INFO     | src.indicators.technical_indicators:calculate_kdj:350 | 计算KDJ完成：K周期=9, D周期=3, J周期=3
2026-03-21 08:45:42 | INFO     | src.indicators.technical_indicators:calculate_kdj:350 | 计算KDJ完成：K周期=10, D周期=3, J周期=3
2026-03-21 08:45:42 | INFO     | src.indicators.technical_indicators:calculate_atr:385 | 计算 10 日ATR完成
2026-03-21 08:45:42 | INFO     | src.indicators.technical_indicators:calculate_cci:446 | 计算 20 日CCI完成
2026-03-21 08:45:42 | INFO     | src.indicators.technical_indicators:calculate_williams_r:476 | 计算 10 日威廉指标完成
2026-03-21 08:45:42 | INFO     | src.indicators.technical_indicators:calculate_ma:133 | 计算 5 日移动平均线完成
2026-03-21 08:45:42 | INFO     | src.indicators.technical_indicators:calculate_bias:500 | 计算 5 日乖离率完成
2026-03-21 08:45:42 | INFO     | src.indicators.technical_indicators:calculate_ma:133 | 计算 10 日移动平均线完成
2026-03-21 08:45:42 | INFO     | src.indicators.technical_indicators:calculate_bias:500 | 计算 10 日乖离率完成
2026-03-21 08:45:42 | INFO     | src.indicators.technical_indicators:calculate_ma:133 | 计算 20 日移动平均线完成
2026-03-21 08:45:42 | INFO     | src.indicators.technical_indicators:calculate_bias:500 | 计算 20 日乖离率完成
2026-03-21 08:45:42 | INFO     | src.indicators.technical_indicators:calculate_ma:133 | 计算 30 日移动平均线完成
2026-03-21 08:45:42 | INFO     | src.indicators.technical_indicators:calculate_bias:500 | 计算 30 日乖离率完成
2026-03-21 08:45:42 | INFO     | src.indicators.technical_indicators:calculate_ma:133 | 计算 60 日移动平均线完成
2026-03-21 08:45:42 | INFO     | src.indicators.technical_indicators:calculate_bias:500 | 计算 60 日乖离率完成
2026-03-21 08:45:42 | INFO     | src.indicators.technical_indicators:calculate_ma:133 | 计算 120 日移动平均线完成
2026-03-21 08:45:42 | INFO     | src.indicators.technical_indicators:calculate_bias:500 | 计算 120 日乖离率完成
2026-03-21 08:45:42 | INFO     | src.indicators.technical_indicators:calculate_ma:133 | 计算 250 日移动平均线完成
2026-03-21 08:45:42 | INFO     | src.indicators.technical_indicators:calculate_bias:500 | 计算 250 日乖离率完成
2026-03-21 08:45:42 | INFO     | src.indicators.technical_indicators:calculate_psy:523 | 计算 10 日心理线完成
2026-03-21 08:45:42 | INFO     | src.indicators.technical_indicators:calculate_all:640 | 完成计算 48 个技术指标
2026-03-21 08:45:42 | INFO     | src.core.data_fetcher:save_data:536 | 保存数据到 csv 文件: 688256_with_indicators
2026-03-21 08:45:42 | INFO     | src.core.data_fetcher:save_data:556 | 数据保存成功: ./data\688256_with_indicators.csv
2026-03-21 08:45:42 | INFO     | __main__:process_single_fund:142 |   对股票 688256 进行信号判断
2026-03-21 08:45:42 | INFO     | src.core.data_fetcher:save_data:536 | 保存数据到 csv 文件: 688256_signals
2026-03-21 08:45:42 | INFO     | src.core.data_fetcher:save_data:556 | 数据保存成功: ./data\688256_signals.csv
2026-03-21 08:45:42 | INFO     | __main__:process_single_fund:170 |   股票 688256 信号判断完成: 持有 (得分: 0.024)
2026-03-21 08:45:42 | INFO     | src.indicators.technical_indicators:calculate_ma:133 | 计算 5 日移动平均线完成
2026-03-21 08:45:42 | INFO     | src.indicators.technical_indicators:calculate_ma:133 | 计算 10 日移动平均线完成
2026-03-21 08:45:42 | INFO     | src.indicators.technical_indicators:calculate_ma:133 | 计算 20 日移动平均线完成
2026-03-21 08:45:42 | INFO     | src.indicators.technical_indicators:calculate_ma:133 | 计算 30 日移动平均线完成
2026-03-21 08:45:42 | INFO     | src.indicators.technical_indicators:calculate_ma:133 | 计算 60 日移动平均线完成
2026-03-21 08:45:42 | INFO     | src.indicators.technical_indicators:calculate_ma:133 | 计算 120 日移动平均线完成
2026-03-21 08:45:42 | INFO     | src.indicators.technical_indicators:calculate_ma:133 | 计算 250 日移动平均线完成
2026-03-21 08:45:42 | INFO     | src.indicators.technical_indicators:calculate_sma:157 | 计算 5 日简单移动平均线完成
2026-03-21 08:45:42 | INFO     | src.indicators.technical_indicators:calculate_sma:157 | 计算 10 日简单移动平均线完成
2026-03-21 08:45:42 | INFO     | src.indicators.technical_indicators:calculate_sma:157 | 计算 20 日简单移动平均线完成
2026-03-21 08:45:42 | INFO     | src.indicators.technical_indicators:calculate_sma:157 | 计算 30 日简单移动平均线完成
2026-03-21 08:45:42 | INFO     | src.indicators.technical_indicators:calculate_sma:157 | 计算 60 日简单移动平均线完成
2026-03-21 08:45:42 | INFO     | src.indicators.technical_indicators:calculate_sma:157 | 计算 120 日简单移动平均线完成
2026-03-21 08:45:42 | INFO     | src.indicators.technical_indicators:calculate_sma:157 | 计算 250 日简单移动平均线完成
2026-03-21 08:45:42 | INFO     | src.indicators.technical_indicators:calculate_ema:182 | 计算 12 日指数移动平均线完成
2026-03-21 08:45:42 | INFO     | src.indicators.technical_indicators:calculate_ema:182 | 计算 26 日指数移动平均线完成
2026-03-21 08:45:42 | INFO     | src.indicators.technical_indicators:calculate_rsi:221 | 计算 6 日RSI完成
2026-03-21 08:45:42 | INFO     | src.indicators.technical_indicators:calculate_rsi:221 | 计算 12 日RSI完成
2026-03-21 08:45:42 | INFO     | src.indicators.technical_indicators:calculate_rsi:221 | 计算 24 日RSI完成
2026-03-21 08:45:42 | INFO     | src.indicators.technical_indicators:calculate_macd:263 | 计算MACD完成：快线=12, 慢线=26, 信号线=9
2026-03-21 08:45:42 | INFO     | src.indicators.technical_indicators:calculate_macd:263 | 计算MACD完成：快线=12, 慢线=26, 信号线=12
2026-03-21 08:45:42 | INFO     | src.indicators.technical_indicators:calculate_boll:303 | 计算布林带完成：周期=20, 标准差倍数=2
2026-03-21 08:45:42 | INFO     | src.indicators.technical_indicators:calculate_boll:303 | 计算布林带完成：周期=26, 标准差倍数=2
2026-03-21 08:45:42 | INFO     | src.indicators.technical_indicators:calculate_kdj:350 | 计算KDJ完成：K周期=9, D周期=3, J周期=3
2026-03-21 08:45:42 | INFO     | src.indicators.technical_indicators:calculate_kdj:350 | 计算KDJ完成：K周期=10, D周期=3, J周期=3
2026-03-21 08:45:42 | INFO     | src.indicators.technical_indicators:calculate_atr:385 | 计算 10 日ATR完成
2026-03-21 08:45:42 | INFO     | src.indicators.technical_indicators:calculate_cci:446 | 计算 20 日CCI完成
2026-03-21 08:45:42 | INFO     | src.indicators.technical_indicators:calculate_williams_r:476 | 计算 10 日威廉指标完成
2026-03-21 08:45:42 | INFO     | src.indicators.technical_indicators:calculate_ma:133 | 计算 5 日移动平均线完成
2026-03-21 08:45:42 | INFO     | src.indicators.technical_indicators:calculate_bias:500 | 计算 5 日乖离率完成
2026-03-21 08:45:42 | INFO     | src.indicators.technical_indicators:calculate_ma:133 | 计算 10 日移动平均线完成
2026-03-21 08:45:42 | INFO     | src.indicators.technical_indicators:calculate_bias:500 | 计算 10 日乖离率完成
2026-03-21 08:45:42 | INFO     | src.indicators.technical_indicators:calculate_ma:133 | 计算 20 日移动平均线完成
2026-03-21 08:45:42 | INFO     | src.indicators.technical_indicators:calculate_bias:500 | 计算 20 日乖离率完成
2026-03-21 08:45:42 | INFO     | src.indicators.technical_indicators:calculate_ma:133 | 计算 30 日移动平均线完成
2026-03-21 08:45:42 | INFO     | src.indicators.technical_indicators:calculate_bias:500 | 计算 30 日乖离率完成
2026-03-21 08:45:42 | INFO     | src.indicators.technical_indicators:calculate_ma:133 | 计算 60 日移动平均线完成
2026-03-21 08:45:42 | INFO     | src.indicators.technical_indicators:calculate_bias:500 | 计算 60 日乖离率完成
2026-03-21 08:45:42 | INFO     | src.indicators.technical_indicators:calculate_ma:133 | 计算 120 日移动平均线完成
2026-03-21 08:45:42 | INFO     | src.indicators.technical_indicators:calculate_bias:500 | 计算 120 日乖离率完成
2026-03-21 08:45:42 | INFO     | src.indicators.technical_indicators:calculate_ma:133 | 计算 250 日移动平均线完成
2026-03-21 08:45:42 | INFO     | src.indicators.technical_indicators:calculate_bias:500 | 计算 250 日乖离率完成
2026-03-21 08:45:42 | INFO     | src.indicators.technical_indicators:calculate_psy:523 | 计算 10 日心理线完成
2026-03-21 08:45:42 | INFO     | src.indicators.technical_indicators:calculate_all:640 | 完成计算 48 个技术指标
2026-03-21 08:45:42 | INFO     | src.core.data_fetcher:save_data:536 | 保存数据到 csv 文件: 601689_with_indicators
2026-03-21 08:45:42 | INFO     | src.core.data_fetcher:save_data:556 | 数据保存成功: ./data\601689_with_indicators.csv
2026-03-21 08:45:42 | INFO     | __main__:process_single_fund:142 |   对股票 601689 进行信号判断
2026-03-21 08:45:42 | INFO     | src.core.data_fetcher:save_data:536 | 保存数据到 csv 文件: 601689_signals
2026-03-21 08:45:42 | INFO     | src.core.data_fetcher:save_data:556 | 数据保存成功: ./data\601689_signals.csv
2026-03-21 08:45:42 | INFO     | __main__:process_single_fund:170 |   股票 601689 信号判断完成: 持有 (得分: 0.125)
2026-03-21 08:45:42 | INFO     | src.indicators.technical_indicators:calculate_ma:133 | 计算 5 日移动平均线完成
2026-03-21 08:45:42 | INFO     | src.indicators.technical_indicators:calculate_ma:133 | 计算 10 日移动平均线完成
2026-03-21 08:45:42 | INFO     | src.indicators.technical_indicators:calculate_ma:133 | 计算 20 日移动平均线完成
2026-03-21 08:45:42 | INFO     | src.indicators.technical_indicators:calculate_ma:133 | 计算 30 日移动平均线完成
2026-03-21 08:45:42 | INFO     | src.indicators.technical_indicators:calculate_ma:133 | 计算 60 日移动平均线完成
2026-03-21 08:45:42 | INFO     | src.indicators.technical_indicators:calculate_ma:133 | 计算 120 日移动平均线完成
2026-03-21 08:45:42 | INFO     | src.indicators.technical_indicators:calculate_ma:133 | 计算 250 日移动平均线完成
2026-03-21 08:45:42 | INFO     | src.indicators.technical_indicators:calculate_sma:157 | 计算 5 日简单移动平均线完成
2026-03-21 08:45:42 | INFO     | src.indicators.technical_indicators:calculate_sma:157 | 计算 10 日简单移动平均线完成
2026-03-21 08:45:42 | INFO     | src.indicators.technical_indicators:calculate_sma:157 | 计算 20 日简单移动平均线完成
2026-03-21 08:45:42 | INFO     | src.indicators.technical_indicators:calculate_sma:157 | 计算 30 日简单移动平均线完成
2026-03-21 08:45:42 | INFO     | src.indicators.technical_indicators:calculate_sma:157 | 计算 60 日简单移动平均线完成
2026-03-21 08:45:42 | INFO     | src.indicators.technical_indicators:calculate_sma:157 | 计算 120 日简单移动平均线完成
2026-03-21 08:45:42 | INFO     | src.indicators.technical_indicators:calculate_sma:157 | 计算 250 日简单移动平均线完成
2026-03-21 08:45:42 | INFO     | src.indicators.technical_indicators:calculate_ema:182 | 计算 12 日指数移动平均线完成
2026-03-21 08:45:42 | INFO     | src.indicators.technical_indicators:calculate_ema:182 | 计算 26 日指数移动平均线完成
2026-03-21 08:45:42 | INFO     | src.indicators.technical_indicators:calculate_rsi:221 | 计算 6 日RSI完成
2026-03-21 08:45:42 | INFO     | src.indicators.technical_indicators:calculate_rsi:221 | 计算 12 日RSI完成
2026-03-21 08:45:42 | INFO     | src.indicators.technical_indicators:calculate_rsi:221 | 计算 24 日RSI完成
2026-03-21 08:45:42 | INFO     | src.indicators.technical_indicators:calculate_macd:263 | 计算MACD完成：快线=12, 慢线=26, 信号线=9
2026-03-21 08:45:42 | INFO     | src.indicators.technical_indicators:calculate_macd:263 | 计算MACD完成：快线=12, 慢线=26, 信号线=12
2026-03-21 08:45:42 | INFO     | src.indicators.technical_indicators:calculate_boll:303 | 计算布林带完成：周期=20, 标准差倍数=2
2026-03-21 08:45:42 | INFO     | src.indicators.technical_indicators:calculate_boll:303 | 计算布林带完成：周期=26, 标准差倍数=2
2026-03-21 08:45:42 | INFO     | src.indicators.technical_indicators:calculate_kdj:350 | 计算KDJ完成：K周期=9, D周期=3, J周期=3
2026-03-21 08:45:42 | INFO     | src.indicators.technical_indicators:calculate_kdj:350 | 计算KDJ完成：K周期=10, D周期=3, J周期=3
2026-03-21 08:45:42 | INFO     | src.indicators.technical_indicators:calculate_atr:385 | 计算 10 日ATR完成
2026-03-21 08:45:42 | INFO     | src.indicators.technical_indicators:calculate_cci:446 | 计算 20 日CCI完成
2026-03-21 08:45:42 | INFO     | src.indicators.technical_indicators:calculate_williams_r:476 | 计算 10 日威廉指标完成
2026-03-21 08:45:42 | INFO     | src.indicators.technical_indicators:calculate_ma:133 | 计算 5 日移动平均线完成
2026-03-21 08:45:42 | INFO     | src.indicators.technical_indicators:calculate_bias:500 | 计算 5 日乖离率完成
2026-03-21 08:45:42 | INFO     | src.indicators.technical_indicators:calculate_ma:133 | 计算 10 日移动平均线完成
2026-03-21 08:45:42 | INFO     | src.indicators.technical_indicators:calculate_bias:500 | 计算 10 日乖离率完成
2026-03-21 08:45:42 | INFO     | src.indicators.technical_indicators:calculate_ma:133 | 计算 20 日移动平均线完成
2026-03-21 08:45:42 | INFO     | src.indicators.technical_indicators:calculate_bias:500 | 计算 20 日乖离率完成
2026-03-21 08:45:42 | INFO     | src.indicators.technical_indicators:calculate_ma:133 | 计算 30 日移动平均线完成
2026-03-21 08:45:42 | INFO     | src.indicators.technical_indicators:calculate_bias:500 | 计算 30 日乖离率完成
2026-03-21 08:45:42 | INFO     | src.indicators.technical_indicators:calculate_ma:133 | 计算 60 日移动平均线完成
2026-03-21 08:45:42 | INFO     | src.indicators.technical_indicators:calculate_bias:500 | 计算 60 日乖离率完成
2026-03-21 08:45:42 | INFO     | src.indicators.technical_indicators:calculate_ma:133 | 计算 120 日移动平均线完成
2026-03-21 08:45:42 | INFO     | src.indicators.technical_indicators:calculate_bias:500 | 计算 120 日乖离率完成
2026-03-21 08:45:42 | INFO     | src.indicators.technical_indicators:calculate_ma:133 | 计算 250 日移动平均线完成
2026-03-21 08:45:42 | INFO     | src.indicators.technical_indicators:calculate_bias:500 | 计算 250 日乖离率完成
2026-03-21 08:45:42 | INFO     | src.indicators.technical_indicators:calculate_psy:523 | 计算 10 日心理线完成
2026-03-21 08:45:42 | INFO     | src.indicators.technical_indicators:calculate_all:640 | 完成计算 48 个技术指标
2026-03-21 08:45:42 | INFO     | src.core.data_fetcher:save_data:536 | 保存数据到 csv 文件: 300502_with_indicators
2026-03-21 08:45:42 | INFO     | src.core.data_fetcher:save_data:556 | 数据保存成功: ./data\300502_with_indicators.csv
2026-03-21 08:45:42 | INFO     | __main__:process_single_fund:142 |   对股票 300502 进行信号判断
2026-03-21 08:45:42 | INFO     | src.core.data_fetcher:save_data:536 | 保存数据到 csv 文件: 300502_signals
2026-03-21 08:45:42 | INFO     | src.core.data_fetcher:save_data:556 | 数据保存成功: ./data\300502_signals.csv
2026-03-21 08:45:42 | INFO     | __main__:process_single_fund:170 |   股票 300502 信号判断完成: 持有 (得分: -0.002)
2026-03-21 08:45:42 | INFO     | src.indicators.technical_indicators:calculate_ma:133 | 计算 5 日移动平均线完成
2026-03-21 08:45:42 | INFO     | src.indicators.technical_indicators:calculate_ma:133 | 计算 10 日移动平均线完成
2026-03-21 08:45:42 | INFO     | src.indicators.technical_indicators:calculate_ma:133 | 计算 20 日移动平均线完成
2026-03-21 08:45:42 | INFO     | src.indicators.technical_indicators:calculate_ma:133 | 计算 30 日移动平均线完成
2026-03-21 08:45:42 | INFO     | src.indicators.technical_indicators:calculate_ma:133 | 计算 60 日移动平均线完成
2026-03-21 08:45:42 | INFO     | src.indicators.technical_indicators:calculate_ma:133 | 计算 120 日移动平均线完成
2026-03-21 08:45:42 | INFO     | src.indicators.technical_indicators:calculate_ma:133 | 计算 250 日移动平均线完成
2026-03-21 08:45:42 | INFO     | src.indicators.technical_indicators:calculate_sma:157 | 计算 5 日简单移动平均线完成
2026-03-21 08:45:42 | INFO     | src.indicators.technical_indicators:calculate_sma:157 | 计算 10 日简单移动平均线完成
2026-03-21 08:45:42 | INFO     | src.indicators.technical_indicators:calculate_sma:157 | 计算 20 日简单移动平均线完成
2026-03-21 08:45:42 | INFO     | src.indicators.technical_indicators:calculate_sma:157 | 计算 30 日简单移动平均线完成
2026-03-21 08:45:42 | INFO     | src.indicators.technical_indicators:calculate_sma:157 | 计算 60 日简单移动平均线完成
2026-03-21 08:45:42 | INFO     | src.indicators.technical_indicators:calculate_sma:157 | 计算 120 日简单移动平均线完成
2026-03-21 08:45:42 | INFO     | src.indicators.technical_indicators:calculate_sma:157 | 计算 250 日简单移动平均线完成
2026-03-21 08:45:42 | INFO     | src.indicators.technical_indicators:calculate_ema:182 | 计算 12 日指数移动平均线完成
2026-03-21 08:45:42 | INFO     | src.indicators.technical_indicators:calculate_ema:182 | 计算 26 日指数移动平均线完成
2026-03-21 08:45:42 | INFO     | src.indicators.technical_indicators:calculate_rsi:221 | 计算 6 日RSI完成
2026-03-21 08:45:42 | INFO     | src.indicators.technical_indicators:calculate_rsi:221 | 计算 12 日RSI完成
2026-03-21 08:45:42 | INFO     | src.indicators.technical_indicators:calculate_rsi:221 | 计算 24 日RSI完成
2026-03-21 08:45:42 | INFO     | src.indicators.technical_indicators:calculate_macd:263 | 计算MACD完成：快线=12, 慢线=26, 信号线=9
2026-03-21 08:45:42 | INFO     | src.indicators.technical_indicators:calculate_macd:263 | 计算MACD完成：快线=12, 慢线=26, 信号线=12
2026-03-21 08:45:42 | INFO     | src.indicators.technical_indicators:calculate_boll:303 | 计算布林带完成：周期=20, 标准差倍数=2
2026-03-21 08:45:42 | INFO     | src.indicators.technical_indicators:calculate_boll:303 | 计算布林带完成：周期=26, 标准差倍数=2
2026-03-21 08:45:42 | INFO     | src.indicators.technical_indicators:calculate_kdj:350 | 计算KDJ完成：K周期=9, D周期=3, J周期=3
2026-03-21 08:45:42 | INFO     | src.indicators.technical_indicators:calculate_kdj:350 | 计算KDJ完成：K周期=10, D周期=3, J周期=3
2026-03-21 08:45:42 | INFO     | src.indicators.technical_indicators:calculate_atr:385 | 计算 10 日ATR完成
2026-03-21 08:45:42 | INFO     | src.indicators.technical_indicators:calculate_cci:446 | 计算 20 日CCI完成
2026-03-21 08:45:42 | INFO     | src.indicators.technical_indicators:calculate_williams_r:476 | 计算 10 日威廉指标完成
2026-03-21 08:45:42 | INFO     | src.indicators.technical_indicators:calculate_ma:133 | 计算 5 日移动平均线完成
2026-03-21 08:45:42 | INFO     | src.indicators.technical_indicators:calculate_bias:500 | 计算 5 日乖离率完成
2026-03-21 08:45:42 | INFO     | src.indicators.technical_indicators:calculate_ma:133 | 计算 10 日移动平均线完成
2026-03-21 08:45:42 | INFO     | src.indicators.technical_indicators:calculate_bias:500 | 计算 10 日乖离率完成
2026-03-21 08:45:42 | INFO     | src.indicators.technical_indicators:calculate_ma:133 | 计算 20 日移动平均线完成
2026-03-21 08:45:42 | INFO     | src.indicators.technical_indicators:calculate_bias:500 | 计算 20 日乖离率完成
2026-03-21 08:45:42 | INFO     | src.indicators.technical_indicators:calculate_ma:133 | 计算 30 日移动平均线完成
2026-03-21 08:45:42 | INFO     | src.indicators.technical_indicators:calculate_bias:500 | 计算 30 日乖离率完成
2026-03-21 08:45:42 | INFO     | src.indicators.technical_indicators:calculate_ma:133 | 计算 60 日移动平均线完成
2026-03-21 08:45:42 | INFO     | src.indicators.technical_indicators:calculate_bias:500 | 计算 60 日乖离率完成
2026-03-21 08:45:42 | INFO     | src.indicators.technical_indicators:calculate_ma:133 | 计算 120 日移动平均线完成
2026-03-21 08:45:42 | INFO     | src.indicators.technical_indicators:calculate_bias:500 | 计算 120 日乖离率完成
2026-03-21 08:45:42 | INFO     | src.indicators.technical_indicators:calculate_ma:133 | 计算 250 日移动平均线完成
2026-03-21 08:45:42 | INFO     | src.indicators.technical_indicators:calculate_bias:500 | 计算 250 日乖离率完成
2026-03-21 08:45:42 | INFO     | src.indicators.technical_indicators:calculate_psy:523 | 计算 10 日心理线完成
2026-03-21 08:45:42 | INFO     | src.indicators.technical_indicators:calculate_all:640 | 完成计算 48 个技术指标
2026-03-21 08:45:42 | INFO     | src.core.data_fetcher:save_data:536 | 保存数据到 csv 文件: 688041_with_indicators
2026-03-21 08:45:42 | INFO     | src.core.data_fetcher:save_data:556 | 数据保存成功: ./data\688041_with_indicators.csv
2026-03-21 08:45:42 | INFO     | __main__:process_single_fund:142 |   对股票 688041 进行信号判断
2026-03-21 08:45:42 | INFO     | src.core.data_fetcher:save_data:536 | 保存数据到 csv 文件: 688041_signals
2026-03-21 08:45:42 | INFO     | src.core.data_fetcher:save_data:556 | 数据保存成功: ./data\688041_signals.csv
2026-03-21 08:45:42 | INFO     | __main__:process_single_fund:170 |   股票 688041 信号判断完成: 持有 (得分: 0.079)
2026-03-21 08:45:42 | INFO     | src.indicators.technical_indicators:calculate_ma:133 | 计算 5 日移动平均线完成
2026-03-21 08:45:42 | INFO     | src.indicators.technical_indicators:calculate_ma:133 | 计算 10 日移动平均线完成
2026-03-21 08:45:42 | INFO     | src.indicators.technical_indicators:calculate_ma:133 | 计算 20 日移动平均线完成
2026-03-21 08:45:42 | INFO     | src.indicators.technical_indicators:calculate_ma:133 | 计算 30 日移动平均线完成
2026-03-21 08:45:42 | INFO     | src.indicators.technical_indicators:calculate_ma:133 | 计算 60 日移动平均线完成
2026-03-21 08:45:42 | INFO     | src.indicators.technical_indicators:calculate_ma:133 | 计算 120 日移动平均线完成
2026-03-21 08:45:42 | INFO     | src.indicators.technical_indicators:calculate_ma:133 | 计算 250 日移动平均线完成
2026-03-21 08:45:42 | INFO     | src.indicators.technical_indicators:calculate_sma:157 | 计算 5 日简单移动平均线完成
2026-03-21 08:45:42 | INFO     | src.indicators.technical_indicators:calculate_sma:157 | 计算 10 日简单移动平均线完成
2026-03-21 08:45:42 | INFO     | src.indicators.technical_indicators:calculate_sma:157 | 计算 20 日简单移动平均线完成
2026-03-21 08:45:42 | INFO     | src.indicators.technical_indicators:calculate_sma:157 | 计算 30 日简单移动平均线完成
2026-03-21 08:45:42 | INFO     | src.indicators.technical_indicators:calculate_sma:157 | 计算 60 日简单移动平均线完成
2026-03-21 08:45:42 | INFO     | src.indicators.technical_indicators:calculate_sma:157 | 计算 120 日简单移动平均线完成
2026-03-21 08:45:42 | INFO     | src.indicators.technical_indicators:calculate_sma:157 | 计算 250 日简单移动平均线完成
2026-03-21 08:45:42 | INFO     | src.indicators.technical_indicators:calculate_ema:182 | 计算 12 日指数移动平均线完成
2026-03-21 08:45:42 | INFO     | src.indicators.technical_indicators:calculate_ema:182 | 计算 26 日指数移动平均线完成
2026-03-21 08:45:42 | INFO     | src.indicators.technical_indicators:calculate_rsi:221 | 计算 6 日RSI完成
2026-03-21 08:45:42 | INFO     | src.indicators.technical_indicators:calculate_rsi:221 | 计算 12 日RSI完成
2026-03-21 08:45:42 | INFO     | src.indicators.technical_indicators:calculate_rsi:221 | 计算 24 日RSI完成
2026-03-21 08:45:42 | INFO     | src.indicators.technical_indicators:calculate_macd:263 | 计算MACD完成：快线=12, 慢线=26, 信号线=9
2026-03-21 08:45:42 | INFO     | src.indicators.technical_indicators:calculate_macd:263 | 计算MACD完成：快线=12, 慢线=26, 信号线=12
2026-03-21 08:45:42 | INFO     | src.indicators.technical_indicators:calculate_boll:303 | 计算布林带完成：周期=20, 标准差倍数=2
2026-03-21 08:45:42 | INFO     | src.indicators.technical_indicators:calculate_boll:303 | 计算布林带完成：周期=26, 标准差倍数=2
2026-03-21 08:45:42 | INFO     | src.indicators.technical_indicators:calculate_kdj:350 | 计算KDJ完成：K周期=9, D周期=3, J周期=3
2026-03-21 08:45:42 | INFO     | src.indicators.technical_indicators:calculate_kdj:350 | 计算KDJ完成：K周期=10, D周期=3, J周期=3
2026-03-21 08:45:42 | INFO     | src.indicators.technical_indicators:calculate_atr:385 | 计算 10 日ATR完成
2026-03-21 08:45:42 | INFO     | src.indicators.technical_indicators:calculate_cci:446 | 计算 20 日CCI完成
2026-03-21 08:45:42 | INFO     | src.indicators.technical_indicators:calculate_williams_r:476 | 计算 10 日威廉指标完成
2026-03-21 08:45:42 | INFO     | src.indicators.technical_indicators:calculate_ma:133 | 计算 5 日移动平均线完成
2026-03-21 08:45:42 | INFO     | src.indicators.technical_indicators:calculate_bias:500 | 计算 5 日乖离率完成
2026-03-21 08:45:42 | INFO     | src.indicators.technical_indicators:calculate_ma:133 | 计算 10 日移动平均线完成
2026-03-21 08:45:42 | INFO     | src.indicators.technical_indicators:calculate_bias:500 | 计算 10 日乖离率完成
2026-03-21 08:45:42 | INFO     | src.indicators.technical_indicators:calculate_ma:133 | 计算 20 日移动平均线完成
2026-03-21 08:45:42 | INFO     | src.indicators.technical_indicators:calculate_bias:500 | 计算 20 日乖离率完成
2026-03-21 08:45:42 | INFO     | src.indicators.technical_indicators:calculate_ma:133 | 计算 30 日移动平均线完成
2026-03-21 08:45:42 | INFO     | src.indicators.technical_indicators:calculate_bias:500 | 计算 30 日乖离率完成
2026-03-21 08:45:42 | INFO     | src.indicators.technical_indicators:calculate_ma:133 | 计算 60 日移动平均线完成
2026-03-21 08:45:42 | INFO     | src.indicators.technical_indicators:calculate_bias:500 | 计算 60 日乖离率完成
2026-03-21 08:45:42 | INFO     | src.indicators.technical_indicators:calculate_ma:133 | 计算 120 日移动平均线完成
2026-03-21 08:45:42 | INFO     | src.indicators.technical_indicators:calculate_bias:500 | 计算 120 日乖离率完成
2026-03-21 08:45:42 | INFO     | src.indicators.technical_indicators:calculate_ma:133 | 计算 250 日移动平均线完成
2026-03-21 08:45:42 | INFO     | src.indicators.technical_indicators:calculate_bias:500 | 计算 250 日乖离率完成
2026-03-21 08:45:42 | INFO     | src.indicators.technical_indicators:calculate_psy:523 | 计算 10 日心理线完成
2026-03-21 08:45:42 | INFO     | src.indicators.technical_indicators:calculate_all:640 | 完成计算 48 个技术指标
2026-03-21 08:45:42 | INFO     | src.core.data_fetcher:save_data:536 | 保存数据到 csv 文件: 688019_with_indicators
2026-03-21 08:45:42 | INFO     | src.core.data_fetcher:save_data:556 | 数据保存成功: ./data\688019_with_indicators.csv
2026-03-21 08:45:42 | INFO     | __main__:process_single_fund:142 |   对股票 688019 进行信号判断
2026-03-21 08:45:42 | INFO     | src.core.data_fetcher:save_data:536 | 保存数据到 csv 文件: 688019_signals
2026-03-21 08:45:42 | INFO     | src.core.data_fetcher:save_data:556 | 数据保存成功: ./data\688019_signals.csv
2026-03-21 08:45:42 | INFO     | __main__:process_single_fund:170 |   股票 688019 信号判断完成: 持有 (得分: 0.000)
2026-03-21 08:45:42 | INFO     | src.indicators.technical_indicators:calculate_ma:133 | 计算 5 日移动平均线完成
2026-03-21 08:45:42 | INFO     | src.indicators.technical_indicators:calculate_ma:133 | 计算 10 日移动平均线完成
2026-03-21 08:45:42 | INFO     | src.indicators.technical_indicators:calculate_ma:133 | 计算 20 日移动平均线完成
2026-03-21 08:45:42 | INFO     | src.indicators.technical_indicators:calculate_ma:133 | 计算 30 日移动平均线完成
2026-03-21 08:45:42 | INFO     | src.indicators.technical_indicators:calculate_ma:133 | 计算 60 日移动平均线完成
2026-03-21 08:45:42 | INFO     | src.indicators.technical_indicators:calculate_ma:133 | 计算 120 日移动平均线完成
2026-03-21 08:45:42 | INFO     | src.indicators.technical_indicators:calculate_ma:133 | 计算 250 日移动平均线完成
2026-03-21 08:45:42 | INFO     | src.indicators.technical_indicators:calculate_sma:157 | 计算 5 日简单移动平均线完成
2026-03-21 08:45:42 | INFO     | src.indicators.technical_indicators:calculate_sma:157 | 计算 10 日简单移动平均线完成
2026-03-21 08:45:42 | INFO     | src.indicators.technical_indicators:calculate_sma:157 | 计算 20 日简单移动平均线完成
2026-03-21 08:45:42 | INFO     | src.indicators.technical_indicators:calculate_sma:157 | 计算 30 日简单移动平均线完成
2026-03-21 08:45:42 | INFO     | src.indicators.technical_indicators:calculate_sma:157 | 计算 60 日简单移动平均线完成
2026-03-21 08:45:42 | INFO     | src.indicators.technical_indicators:calculate_sma:157 | 计算 120 日简单移动平均线完成
2026-03-21 08:45:42 | INFO     | src.indicators.technical_indicators:calculate_sma:157 | 计算 250 日简单移动平均线完成
2026-03-21 08:45:42 | INFO     | src.indicators.technical_indicators:calculate_ema:182 | 计算 12 日指数移动平均线完成
2026-03-21 08:45:42 | INFO     | src.indicators.technical_indicators:calculate_ema:182 | 计算 26 日指数移动平均线完成
2026-03-21 08:45:42 | INFO     | src.indicators.technical_indicators:calculate_rsi:221 | 计算 6 日RSI完成
2026-03-21 08:45:42 | INFO     | src.indicators.technical_indicators:calculate_rsi:221 | 计算 12 日RSI完成
2026-03-21 08:45:42 | INFO     | src.indicators.technical_indicators:calculate_rsi:221 | 计算 24 日RSI完成
2026-03-21 08:45:42 | INFO     | src.indicators.technical_indicators:calculate_macd:263 | 计算MACD完成：快线=12, 慢线=26, 信号线=9
2026-03-21 08:45:42 | INFO     | src.indicators.technical_indicators:calculate_macd:263 | 计算MACD完成：快线=12, 慢线=26, 信号线=12
2026-03-21 08:45:42 | INFO     | src.indicators.technical_indicators:calculate_boll:303 | 计算布林带完成：周期=20, 标准差倍数=2
2026-03-21 08:45:42 | INFO     | src.indicators.technical_indicators:calculate_boll:303 | 计算布林带完成：周期=26, 标准差倍数=2
2026-03-21 08:45:42 | INFO     | src.indicators.technical_indicators:calculate_kdj:350 | 计算KDJ完成：K周期=9, D周期=3, J周期=3
2026-03-21 08:45:42 | INFO     | src.indicators.technical_indicators:calculate_kdj:350 | 计算KDJ完成：K周期=10, D周期=3, J周期=3
2026-03-21 08:45:42 | INFO     | src.indicators.technical_indicators:calculate_atr:385 | 计算 10 日ATR完成
2026-03-21 08:45:43 | INFO     | src.indicators.technical_indicators:calculate_cci:446 | 计算 20 日CCI完成
2026-03-21 08:45:43 | INFO     | src.indicators.technical_indicators:calculate_williams_r:476 | 计算 10 日威廉指标完成
2026-03-21 08:45:43 | INFO     | src.indicators.technical_indicators:calculate_ma:133 | 计算 5 日移动平均线完成
2026-03-21 08:45:43 | INFO     | src.indicators.technical_indicators:calculate_bias:500 | 计算 5 日乖离率完成
2026-03-21 08:45:43 | INFO     | src.indicators.technical_indicators:calculate_ma:133 | 计算 10 日移动平均线完成
2026-03-21 08:45:43 | INFO     | src.indicators.technical_indicators:calculate_bias:500 | 计算 10 日乖离率完成
2026-03-21 08:45:43 | INFO     | src.indicators.technical_indicators:calculate_ma:133 | 计算 20 日移动平均线完成
2026-03-21 08:45:43 | INFO     | src.indicators.technical_indicators:calculate_bias:500 | 计算 20 日乖离率完成
2026-03-21 08:45:43 | INFO     | src.indicators.technical_indicators:calculate_ma:133 | 计算 30 日移动平均线完成
2026-03-21 08:45:43 | INFO     | src.indicators.technical_indicators:calculate_bias:500 | 计算 30 日乖离率完成
2026-03-21 08:45:43 | INFO     | src.indicators.technical_indicators:calculate_ma:133 | 计算 60 日移动平均线完成
2026-03-21 08:45:43 | INFO     | src.indicators.technical_indicators:calculate_bias:500 | 计算 60 日乖离率完成
2026-03-21 08:45:43 | INFO     | src.indicators.technical_indicators:calculate_ma:133 | 计算 120 日移动平均线完成
2026-03-21 08:45:43 | INFO     | src.indicators.technical_indicators:calculate_bias:500 | 计算 120 日乖离率完成
2026-03-21 08:45:43 | INFO     | src.indicators.technical_indicators:calculate_ma:133 | 计算 250 日移动平均线完成
2026-03-21 08:45:43 | INFO     | src.indicators.technical_indicators:calculate_bias:500 | 计算 250 日乖离率完成
2026-03-21 08:45:43 | INFO     | src.indicators.technical_indicators:calculate_psy:523 | 计算 10 日心理线完成
2026-03-21 08:45:43 | INFO     | src.indicators.technical_indicators:calculate_all:640 | 完成计算 48 个技术指标
2026-03-21 08:45:43 | INFO     | src.core.data_fetcher:save_data:536 | 保存数据到 csv 文件: 603986_with_indicators
2026-03-21 08:45:43 | INFO     | src.core.data_fetcher:save_data:556 | 数据保存成功: ./data\603986_with_indicators.csv
2026-03-21 08:45:43 | INFO     | __main__:process_single_fund:142 |   对股票 603986 进行信号判断
2026-03-21 08:45:43 | INFO     | src.core.data_fetcher:save_data:536 | 保存数据到 csv 文件: 603986_signals
2026-03-21 08:45:43 | INFO     | src.core.data_fetcher:save_data:556 | 数据保存成功: ./data\603986_signals.csv
2026-03-21 08:45:43 | INFO     | __main__:process_single_fund:170 |   股票 603986 信号判断完成: 持有 (得分: 0.000)
2026-03-21 08:45:43 | INFO     | __main__:process_single_fund:191 | 步骤5: 生成汇总报告
2026-03-21 08:45:43 | INFO     | __main__:process_single_fund:195 | ============================================================
2026-03-21 08:45:43 | INFO     | __main__:process_single_fund:196 | 基金 000001 处理完成!
2026-03-21 08:45:43 | INFO     | __main__:process_single_fund:197 | 总股票数: 10
2026-03-21 08:45:43 | INFO     | __main__:process_single_fund:198 | 成功: 10
2026-03-21 08:45:43 | INFO     | __main__:process_single_fund:199 | 失败: 0
2026-03-21 08:45:43 | INFO     | __main__:process_single_fund:200 | ============================================================
2026-03-21 08:45:43 | INFO     | __main__:process_single_fund:209 | 基金 000001 的所有技术指标已保存为 CSV 文件
2026-03-21 08:45:44 | DEBUG    | src.notify.channels.ntfy:send:87 | ntfy 消息发送成功: ✅ 基金 {fund_code} 分析完成
得分: {score:.3f}
建议: {recomme...
2026-03-21 08:45:44 | DEBUG    | src.notify.base:send_with_retry:126 | 通知器 ntfy 发送成功
2026-03-21 08:45:44 | DEBUG    | src.notify.manager:send:140 | 消息发送成功到渠道 ntfy
2026-03-21 08:45:44 | INFO     | __main__:run_technical_workflow:653 | 基金 000001 处理完成
2026-03-21 08:45:44 | INFO     | __main__:run_technical_workflow:654 | ============================================================

2026-03-21 08:45:44 | INFO     | __main__:run_technical_workflow:656 | 
============================================================
2026-03-21 08:45:44 | INFO     | __main__:run_technical_workflow:657 | 批量处理完成!
2026-03-21 08:45:44 | INFO     | __main__:run_technical_workflow:658 | ============================================================
2026-03-21 08:45:44 | INFO     | __main__:run_technical_workflow:664 | 总基金数: 3
2026-03-21 08:45:44 | INFO     | __main__:run_technical_workflow:665 | 成功处理: 3
2026-03-21 08:45:44 | INFO     | __main__:run_technical_workflow:666 | 处理失败: 0
2026-03-21 08:45:44 | INFO     | __main__:run_technical_workflow:672 | 总股票数（所有基金）: 30
2026-03-21 08:45:44 | INFO     | __main__:run_technical_workflow:673 | 成功股票数: 30
2026-03-21 08:45:44 | INFO     | __main__:run_technical_workflow:674 | 失败股票数: 0
2026-03-21 08:45:44 | INFO     | __main__:run_technical_workflow:682 | ============================================================
2026-03-21 08:45:44 | INFO     | __main__:run_technical_workflow:683 | 所有基金的技术指标计算已完成!
2026-03-21 08:45:44 | INFO     | __main__:run_technical_workflow:684 | ============================================================
2026-03-21 08:45:44 | INFO     | __main__:run_technical_workflow:686 | 
============================================================
2026-03-21 08:45:44 | INFO     | __main__:run_technical_workflow:687 | 提示: 您可以使用 --analyze 参数进行基金加权平均分析
2026-03-21 08:45:44 | INFO     | __main__:run_technical_workflow:688 | 示例: python main.py --single-fund 005538 --analyze
2026-03-21 08:45:44 | INFO     | __main__:run_technical_workflow:689 | 这将基于基金持仓股票的持有比例进行加权平均，判断基金是否还能继续持有
2026-03-21 08:45:44 | INFO     | __main__:run_technical_workflow:690 | ============================================================
2026-03-21 08:45:47 | INFO     | __main__:run_technical_workflow:705 | 将对以下基金进行加权平均分析: ['005538', '015790', '000001']
2026-03-21 08:45:47 | INFO     | __main__:run_analysis_workflow:606 | 开始进行基金加权平均分析
2026-03-21 08:45:47 | INFO     | __main__:run_analysis_workflow:607 | 基金代码列表: ['005538', '015790', '000001']
2026-03-21 08:45:47 | INFO     | src.data.reader:__init__:29 | 数据读取器初始化完成，基础路径: data
2026-03-21 08:45:47 | INFO     | __main__:run_analysis_workflow:614 | 
============================================================
2026-03-21 08:45:47 | INFO     | __main__:run_analysis_workflow:615 | 开始分析基金: 005538
2026-03-21 08:45:47 | INFO     | __main__:run_analysis_workflow:616 | ============================================================
2026-03-21 08:45:47 | INFO     | __main__:perform_fund_analysis:342 | 执行基金 005538 的完整加权平均分析流程...
2026-03-21 08:45:47 | INFO     | __main__:perform_fund_analysis:346 | 【步骤1】获取基金持仓数据
2026-03-21 08:45:47 | INFO     | src.core.data_fetcher:inner:410 | 获取基金 005538 持仓
2026-03-21 08:45:48 | INFO     | __main__:perform_fund_analysis:353 | 【步骤2】过滤最新季度数据
2026-03-21 08:45:48 | INFO     | src.analysis.quarter_filter:filter_latest_quarter_data:63 | 识别到最新季度: 2025年Q4
2026-03-21 08:45:48 | INFO     | src.analysis.quarter_filter:filter_latest_quarter_data:77 | 过滤结果: 从 81 条记录中筛选出 10 条最新季度数据
2026-03-21 08:45:48 | INFO     | __main__:perform_fund_analysis:361 | 最新季度持仓股票数量: 10
2026-03-21 08:45:48 | INFO     | __main__:perform_fund_analysis:362 | 股票代码列表: ['301662', '688778', '688155', '300450', '301617', '688147', '688499', '301150', '002846', '300092']
2026-03-21 08:45:48 | INFO     | __main__:perform_fund_analysis:365 | 【步骤3】检查股票信号数据
2026-03-21 08:45:48 | INFO     | __main__:perform_fund_analysis:472 | 所有股票的信号数据已存在，跳过技术指标计算步骤
2026-03-21 08:45:48 | INFO     | __main__:perform_fund_analysis:475 | 【步骤4】进行基金加权平均分析
2026-03-21 08:45:48 | INFO     | src.analysis.fund_weighted_analyzer:parse_holdings_data:246 | 解析到 10 只股票持仓数据
2026-03-21 08:45:48 | INFO     | src.analysis.fund_weighted_analyzer:analyze_fund:279 | 分析股票 301662 (宏工科技)
2026-03-21 08:45:48 | INFO     | src.analysis.fund_weighted_analyzer:analyze_fund:279 | 分析股票 688778 (厦钨新能)
2026-03-21 08:45:48 | INFO     | src.analysis.fund_weighted_analyzer:analyze_fund:279 | 分析股票 688155 (先惠技术)
2026-03-21 08:45:48 | INFO     | src.analysis.fund_weighted_analyzer:analyze_fund:279 | 分析股票 300450 (先导智能)
2026-03-21 08:45:48 | INFO     | src.analysis.fund_weighted_analyzer:analyze_fund:279 | 分析股票 301617 (博苑股份)
2026-03-21 08:45:48 | INFO     | src.analysis.fund_weighted_analyzer:analyze_fund:279 | 分析股票 688147 (微导纳米)
2026-03-21 08:45:48 | INFO     | src.analysis.fund_weighted_analyzer:analyze_fund:279 | 分析股票 688499 (利元亨)
2026-03-21 08:45:48 | INFO     | src.analysis.fund_weighted_analyzer:analyze_fund:279 | 分析股票 301150 (中一科技)
2026-03-21 08:45:48 | INFO     | src.analysis.fund_weighted_analyzer:analyze_fund:279 | 分析股票 002846 (英联股份)
2026-03-21 08:45:48 | INFO     | src.analysis.fund_weighted_analyzer:analyze_fund:279 | 分析股票 300092 (科新机电)
2026-03-21 08:45:48 | INFO     | __main__:perform_fund_analysis:497 | 【步骤5】生成分析报告
2026-03-21 08:45:48 | INFO     | src.analysis.fund_weighted_analyzer:save_report:518 | 分析报告已保存到: outputs/reports\fund-analysis-fund-005538-20260321_084548.txt
2026-03-21 08:45:48 | INFO     | src.analysis.fund_weighted_analyzer:save_report:519 | JSON结果已保存到: outputs/reports\fund-analysis-fund-005538-20260321_084548.json
2026-03-21 08:45:48 | INFO     | __main__:perform_fund_analysis:502 | 
============================================================
2026-03-21 08:45:48 | INFO     | __main__:perform_fund_analysis:503 | 基金 005538 分析结果:
2026-03-21 08:45:48 | INFO     | __main__:perform_fund_analysis:504 | ------------------------------------------------------------
2026-03-21 08:45:48 | INFO     | __main__:perform_fund_analysis:505 | 加权平均得分: -0.033
2026-03-21 08:45:48 | INFO     | __main__:perform_fund_analysis:506 | 基金建议: 建议持有
2026-03-21 08:45:48 | INFO     | __main__:perform_fund_analysis:507 | 置信度: 30.5%
2026-03-21 08:45:48 | INFO     | __main__:perform_fund_analysis:508 | 总股票数: 10
2026-03-21 08:45:48 | INFO     | __main__:perform_fund_analysis:509 | 已分析股票数: 10
2026-03-21 08:45:48 | INFO     | __main__:perform_fund_analysis:510 | 分析覆盖率: 100.0%
2026-03-21 08:45:48 | INFO     | __main__:perform_fund_analysis:511 | ------------------------------------------------------------
2026-03-21 08:45:48 | INFO     | __main__:perform_fund_analysis:518 | ⦿ 基金建议: 建议持有观望
2026-03-21 08:45:48 | INFO     | __main__:perform_fund_analysis:522 | ============================================================
2026-03-21 08:45:49 | DEBUG    | src.notify.channels.ntfy:send:87 | ntfy 消息发送成功: 📊 基金 {fund_code} 建议: {recommendation}
加权得分: {score...
2026-03-21 08:45:49 | DEBUG    | src.notify.base:send_with_retry:126 | 通知器 ntfy 发送成功
2026-03-21 08:45:49 | DEBUG    | src.notify.manager:send:140 | 消息发送成功到渠道 ntfy
2026-03-21 08:45:49 | INFO     | __main__:run_analysis_workflow:621 | 基金 005538 分析完成
2026-03-21 08:45:49 | INFO     | __main__:run_analysis_workflow:622 | ============================================================

2026-03-21 08:45:49 | INFO     | __main__:run_analysis_workflow:614 | 
============================================================
2026-03-21 08:45:49 | INFO     | __main__:run_analysis_workflow:615 | 开始分析基金: 015790
2026-03-21 08:45:49 | INFO     | __main__:run_analysis_workflow:616 | ============================================================
2026-03-21 08:45:49 | INFO     | __main__:perform_fund_analysis:342 | 执行基金 015790 的完整加权平均分析流程...
2026-03-21 08:45:49 | INFO     | __main__:perform_fund_analysis:346 | 【步骤1】获取基金持仓数据
2026-03-21 08:45:49 | INFO     | src.core.data_fetcher:inner:410 | 获取基金 015790 持仓
2026-03-21 08:45:50 | INFO     | __main__:perform_fund_analysis:353 | 【步骤2】过滤最新季度数据
2026-03-21 08:45:50 | INFO     | src.analysis.quarter_filter:filter_latest_quarter_data:63 | 识别到最新季度: 2025年Q4
2026-03-21 08:45:50 | INFO     | src.analysis.quarter_filter:filter_latest_quarter_data:77 | 过滤结果: 从 98 条记录中筛选出 10 条最新季度数据
2026-03-21 08:45:50 | INFO     | __main__:perform_fund_analysis:361 | 最新季度持仓股票数量: 10
2026-03-21 08:45:50 | INFO     | __main__:perform_fund_analysis:362 | 股票代码列表: ['600118', '301005', '605598', '601698', '600879', '300342', '300136', '002149', '300762', '002565']
2026-03-21 08:45:50 | INFO     | __main__:perform_fund_analysis:365 | 【步骤3】检查股票信号数据
2026-03-21 08:45:50 | INFO     | __main__:perform_fund_analysis:472 | 所有股票的信号数据已存在，跳过技术指标计算步骤
2026-03-21 08:45:50 | INFO     | __main__:perform_fund_analysis:475 | 【步骤4】进行基金加权平均分析
2026-03-21 08:45:50 | INFO     | src.analysis.fund_weighted_analyzer:parse_holdings_data:246 | 解析到 10 只股票持仓数据
2026-03-21 08:45:50 | INFO     | src.analysis.fund_weighted_analyzer:analyze_fund:279 | 分析股票 600118 (中国卫星)
2026-03-21 08:45:50 | INFO     | src.analysis.fund_weighted_analyzer:analyze_fund:279 | 分析股票 301005 (超捷股份)
2026-03-21 08:45:50 | INFO     | src.analysis.fund_weighted_analyzer:analyze_fund:279 | 分析股票 605598 (上海港湾)
2026-03-21 08:45:50 | INFO     | src.analysis.fund_weighted_analyzer:analyze_fund:279 | 分析股票 601698 (中国卫通)
2026-03-21 08:45:50 | INFO     | src.analysis.fund_weighted_analyzer:analyze_fund:279 | 分析股票 600879 (航天电子)
2026-03-21 08:45:50 | INFO     | src.analysis.fund_weighted_analyzer:analyze_fund:279 | 分析股票 300342 (天银机电)
2026-03-21 08:45:50 | INFO     | src.analysis.fund_weighted_analyzer:analyze_fund:279 | 分析股票 300136 (信维通信)
2026-03-21 08:45:50 | INFO     | src.analysis.fund_weighted_analyzer:analyze_fund:279 | 分析股票 002149 (西部材料)
2026-03-21 08:45:50 | INFO     | src.analysis.fund_weighted_analyzer:analyze_fund:279 | 分析股票 300762 (上海瀚讯)
2026-03-21 08:45:50 | INFO     | src.analysis.fund_weighted_analyzer:analyze_fund:279 | 分析股票 002565 (顺灏股份)
2026-03-21 08:45:50 | INFO     | __main__:perform_fund_analysis:497 | 【步骤5】生成分析报告
2026-03-21 08:45:50 | INFO     | src.analysis.fund_weighted_analyzer:save_report:518 | 分析报告已保存到: outputs/reports\fund-analysis-fund-015790-20260321_084550.txt
2026-03-21 08:45:50 | INFO     | src.analysis.fund_weighted_analyzer:save_report:519 | JSON结果已保存到: outputs/reports\fund-analysis-fund-015790-20260321_084550.json
2026-03-21 08:45:50 | INFO     | __main__:perform_fund_analysis:502 | 
============================================================
2026-03-21 08:45:50 | INFO     | __main__:perform_fund_analysis:503 | 基金 015790 分析结果:
2026-03-21 08:45:50 | INFO     | __main__:perform_fund_analysis:504 | ------------------------------------------------------------
2026-03-21 08:45:50 | INFO     | __main__:perform_fund_analysis:505 | 加权平均得分: 0.074
2026-03-21 08:45:50 | INFO     | __main__:perform_fund_analysis:506 | 基金建议: 建议持有
2026-03-21 08:45:50 | INFO     | __main__:perform_fund_analysis:507 | 置信度: 27.9%
2026-03-21 08:45:50 | INFO     | __main__:perform_fund_analysis:508 | 总股票数: 10
2026-03-21 08:45:50 | INFO     | __main__:perform_fund_analysis:509 | 已分析股票数: 10
2026-03-21 08:45:50 | INFO     | __main__:perform_fund_analysis:510 | 分析覆盖率: 100.0%
2026-03-21 08:45:50 | INFO     | __main__:perform_fund_analysis:511 | ------------------------------------------------------------
2026-03-21 08:45:50 | INFO     | __main__:perform_fund_analysis:518 | ⦿ 基金建议: 建议持有观望
2026-03-21 08:45:50 | INFO     | __main__:perform_fund_analysis:522 | ============================================================
2026-03-21 08:45:51 | DEBUG    | src.notify.channels.ntfy:send:87 | ntfy 消息发送成功: 📊 基金 {fund_code} 建议: {recommendation}
加权得分: {score...
2026-03-21 08:45:51 | DEBUG    | src.notify.base:send_with_retry:126 | 通知器 ntfy 发送成功
2026-03-21 08:45:51 | DEBUG    | src.notify.manager:send:140 | 消息发送成功到渠道 ntfy
2026-03-21 08:45:51 | INFO     | __main__:run_analysis_workflow:621 | 基金 015790 分析完成
2026-03-21 08:45:51 | INFO     | __main__:run_analysis_workflow:622 | ============================================================

2026-03-21 08:45:51 | INFO     | __main__:run_analysis_workflow:614 | 
============================================================
2026-03-21 08:45:51 | INFO     | __main__:run_analysis_workflow:615 | 开始分析基金: 000001
2026-03-21 08:45:51 | INFO     | __main__:run_analysis_workflow:616 | ============================================================
2026-03-21 08:45:51 | INFO     | __main__:perform_fund_analysis:342 | 执行基金 000001 的完整加权平均分析流程...
2026-03-21 08:45:51 | INFO     | __main__:perform_fund_analysis:346 | 【步骤1】获取基金持仓数据
2026-03-21 08:45:51 | INFO     | src.core.data_fetcher:inner:410 | 获取基金 000001 持仓
2026-03-21 08:45:51 | INFO     | __main__:perform_fund_analysis:353 | 【步骤2】过滤最新季度数据
2026-03-21 08:45:51 | INFO     | src.analysis.quarter_filter:filter_latest_quarter_data:63 | 识别到最新季度: 2025年Q4
2026-03-21 08:45:51 | INFO     | src.analysis.quarter_filter:filter_latest_quarter_data:77 | 过滤结果: 从 217 条记录中筛选出 10 条最新季度数据
2026-03-21 08:45:51 | INFO     | __main__:perform_fund_analysis:361 | 最新季度持仓股票数量: 10
2026-03-21 08:45:51 | INFO     | __main__:perform_fund_analysis:362 | 股票代码列表: ['300308', '002475', '688347', '002371', '688256', '601689', '300502', '688041', '688019', '603986']
2026-03-21 08:45:51 | INFO     | __main__:perform_fund_analysis:365 | 【步骤3】检查股票信号数据
2026-03-21 08:45:51 | INFO     | __main__:perform_fund_analysis:472 | 所有股票的信号数据已存在，跳过技术指标计算步骤
2026-03-21 08:45:51 | INFO     | __main__:perform_fund_analysis:475 | 【步骤4】进行基金加权平均分析
2026-03-21 08:45:51 | INFO     | src.analysis.fund_weighted_analyzer:parse_holdings_data:246 | 解析到 10 只股票持仓数据
2026-03-21 08:45:51 | INFO     | src.analysis.fund_weighted_analyzer:analyze_fund:279 | 分析股票 300308 (中际旭创)
2026-03-21 08:45:51 | INFO     | src.analysis.fund_weighted_analyzer:analyze_fund:279 | 分析股票 002475 (立讯精密)
2026-03-21 08:45:51 | INFO     | src.analysis.fund_weighted_analyzer:analyze_fund:279 | 分析股票 688347 (华虹公司)
2026-03-21 08:45:51 | INFO     | src.analysis.fund_weighted_analyzer:analyze_fund:279 | 分析股票 002371 (北方华创)
2026-03-21 08:45:51 | INFO     | src.analysis.fund_weighted_analyzer:analyze_fund:279 | 分析股票 688256 (寒武纪)
2026-03-21 08:45:51 | INFO     | src.analysis.fund_weighted_analyzer:analyze_fund:279 | 分析股票 601689 (拓普集团)
2026-03-21 08:45:51 | INFO     | src.analysis.fund_weighted_analyzer:analyze_fund:279 | 分析股票 300502 (新易盛)
2026-03-21 08:45:51 | INFO     | src.analysis.fund_weighted_analyzer:analyze_fund:279 | 分析股票 688041 (海光信息)
2026-03-21 08:45:51 | INFO     | src.analysis.fund_weighted_analyzer:analyze_fund:279 | 分析股票 688019 (安集科技)
2026-03-21 08:45:51 | INFO     | src.analysis.fund_weighted_analyzer:analyze_fund:279 | 分析股票 603986 (兆易创新)
2026-03-21 08:45:52 | INFO     | __main__:perform_fund_analysis:497 | 【步骤5】生成分析报告
2026-03-21 08:45:52 | INFO     | src.analysis.fund_weighted_analyzer:save_report:518 | 分析报告已保存到: outputs/reports\fund-analysis-fund-000001-20260321_084552.txt
2026-03-21 08:45:52 | INFO     | src.analysis.fund_weighted_analyzer:save_report:519 | JSON结果已保存到: outputs/reports\fund-analysis-fund-000001-20260321_084552.json
2026-03-21 08:45:52 | INFO     | __main__:perform_fund_analysis:502 | 
============================================================
2026-03-21 08:45:52 | INFO     | __main__:perform_fund_analysis:503 | 基金 000001 分析结果:
2026-03-21 08:45:52 | INFO     | __main__:perform_fund_analysis:504 | ------------------------------------------------------------
2026-03-21 08:45:52 | INFO     | __main__:perform_fund_analysis:505 | 加权平均得分: 0.021
2026-03-21 08:45:52 | INFO     | __main__:perform_fund_analysis:506 | 基金建议: 建议持有
2026-03-21 08:45:52 | INFO     | __main__:perform_fund_analysis:507 | 置信度: 28.8%
2026-03-21 08:45:52 | INFO     | __main__:perform_fund_analysis:508 | 总股票数: 10
2026-03-21 08:45:52 | INFO     | __main__:perform_fund_analysis:509 | 已分析股票数: 10
2026-03-21 08:45:52 | INFO     | __main__:perform_fund_analysis:510 | 分析覆盖率: 100.0%
2026-03-21 08:45:52 | INFO     | __main__:perform_fund_analysis:511 | ------------------------------------------------------------
2026-03-21 08:45:52 | INFO     | __main__:perform_fund_analysis:518 | ⦿ 基金建议: 建议持有观望
2026-03-21 08:45:52 | INFO     | __main__:perform_fund_analysis:522 | ============================================================
2026-03-21 08:45:52 | DEBUG    | src.notify.channels.ntfy:send:87 | ntfy 消息发送成功: 📊 基金 {fund_code} 建议: {recommendation}
加权得分: {score...
2026-03-21 08:45:52 | DEBUG    | src.notify.base:send_with_retry:126 | 通知器 ntfy 发送成功
2026-03-21 08:45:52 | DEBUG    | src.notify.manager:send:140 | 消息发送成功到渠道 ntfy
2026-03-21 08:45:52 | INFO     | __main__:run_analysis_workflow:621 | 基金 000001 分析完成
2026-03-21 08:45:52 | INFO     | __main__:run_analysis_workflow:622 | ============================================================

2026-03-21 08:45:52 | INFO     | __main__:summarize_analysis_results:556 | 
============================================================
2026-03-21 08:45:52 | INFO     | __main__:summarize_analysis_results:557 | 基金加权平均分析汇总报告
2026-03-21 08:45:52 | INFO     | __main__:summarize_analysis_results:558 | ============================================================
2026-03-21 08:45:52 | INFO     | __main__:summarize_analysis_results:564 | 总基金数: 3
2026-03-21 08:45:52 | INFO     | __main__:summarize_analysis_results:565 | 分析成功: 3
2026-03-21 08:45:52 | INFO     | __main__:summarize_analysis_results:566 | 分析失败: 0
2026-03-21 08:45:52 | INFO     | __main__:summarize_analysis_results:569 | 
成功分析的基金结果:
2026-03-21 08:45:52 | INFO     | __main__:summarize_analysis_results:570 | ------------------------------------------------------------
2026-03-21 08:45:52 | INFO     | __main__:summarize_analysis_results:574 | 基金代码: 005538
2026-03-21 08:45:52 | INFO     | __main__:summarize_analysis_results:575 | 基金名称: 基金005538
2026-03-21 08:45:52 | INFO     | __main__:summarize_analysis_results:576 | 加权得分: -0.033
2026-03-21 08:45:52 | INFO     | __main__:summarize_analysis_results:577 | 持有建议: 建议持有
2026-03-21 08:45:52 | INFO     | __main__:summarize_analysis_results:578 | 置信度: 30.5%
2026-03-21 08:45:52 | INFO     | __main__:summarize_analysis_results:579 | 报告路径: outputs/reports\fund-analysis-fund-005538-20260321_084548.txt
2026-03-21 08:45:52 | INFO     | __main__:summarize_analysis_results:580 | ------------------------------------------------------------
2026-03-21 08:45:52 | INFO     | __main__:summarize_analysis_results:574 | 基金代码: 015790
2026-03-21 08:45:52 | INFO     | __main__:summarize_analysis_results:575 | 基金名称: 基金015790
2026-03-21 08:45:52 | INFO     | __main__:summarize_analysis_results:576 | 加权得分: 0.074
2026-03-21 08:45:52 | INFO     | __main__:summarize_analysis_results:577 | 持有建议: 建议持有
2026-03-21 08:45:52 | INFO     | __main__:summarize_analysis_results:578 | 置信度: 27.9%
2026-03-21 08:45:53 | INFO     | __main__:summarize_analysis_results:579 | 报告路径: outputs/reports\fund-analysis-fund-015790-20260321_084550.txt
2026-03-21 08:45:53 | INFO     | __main__:summarize_analysis_results:580 | ------------------------------------------------------------
2026-03-21 08:45:53 | INFO     | __main__:summarize_analysis_results:574 | 基金代码: 000001
2026-03-21 08:45:53 | INFO     | __main__:summarize_analysis_results:575 | 基金名称: 华夏成长混合
2026-03-21 08:45:53 | INFO     | __main__:summarize_analysis_results:576 | 加权得分: 0.021
2026-03-21 08:45:53 | INFO     | __main__:summarize_analysis_results:577 | 持有建议: 建议持有
2026-03-21 08:45:53 | INFO     | __main__:summarize_analysis_results:578 | 置信度: 28.8%
2026-03-21 08:45:53 | INFO     | __main__:summarize_analysis_results:579 | 报告路径: outputs/reports\fund-analysis-fund-000001-20260321_084552.txt
2026-03-21 08:45:53 | INFO     | __main__:summarize_analysis_results:580 | ------------------------------------------------------------
2026-03-21 08:45:53 | INFO     | __main__:summarize_analysis_results:588 | 
持有建议分布:
2026-03-21 08:45:53 | INFO     | __main__:summarize_analysis_results:591 |   建议持有: 3只 (100.0%)
2026-03-21 08:45:53 | INFO     | __main__:summarize_analysis_results:599 | 
============================================================
2026-03-21 08:45:53 | INFO     | __main__:summarize_analysis_results:600 | 基金加权平均分析已完成!
2026-03-21 08:45:53 | INFO     | __main__:summarize_analysis_results:601 | ============================================================
2026-03-21 09:01:01 | INFO     | src.notify.config:load_notify_config:92 | 通知配置加载成功，启用状态: True
2026-03-21 09:01:01 | INFO     | src.notify.manager:_init_channels:56 | ntfy 通知渠道初始化成功
2026-03-21 09:01:01 | INFO     | src.notify.manager:_init_channels:90 | 通知渠道初始化完成，启用 1 个渠道
2026-03-21 09:01:01 | INFO     | src.notify:init_notify:33 | 通知模块初始化完成，启用渠道: ['ntfy']
2026-03-21 09:01:01 | INFO     | __main__:main:742 | 使用配置文件中的基金代码: ['005538', '015790', '000001']
2026-03-21 09:01:01 | INFO     | __main__:show_welcome_message:253 | 
============================================================
2026-03-21 09:01:01 | INFO     | __main__:show_welcome_message:254 | 基金持仓股票分析系统 v1.0
2026-03-21 09:01:01 | INFO     | __main__:show_welcome_message:255 | ============================================================
2026-03-21 09:01:01 | INFO     | __main__:show_welcome_message:256 | 功能1：技术指标计算（默认模式）
2026-03-21 09:01:01 | INFO     | __main__:show_welcome_message:257 |   为基金持仓股票计算多种技术指标（MA、RSI、MACD等）
2026-03-21 09:01:01 | INFO     | __main__:show_welcome_message:258 | 
2026-03-21 09:01:01 | INFO     | __main__:show_welcome_message:259 | 功能2：基金加权平均分析
2026-03-21 09:01:01 | INFO     | __main__:show_welcome_message:260 |   基于持仓股票的持有比例进行加权分析，判断基金是否值得继续持有
2026-03-21 09:01:01 | INFO     | __main__:show_welcome_message:261 | 
2026-03-21 09:01:01 | INFO     | __main__:show_welcome_message:262 | 功能3：更新数据
2026-03-21 09:01:01 | INFO     | __main__:show_welcome_message:263 |   重新下载基金持仓和股票K线数据，更新到最新
2026-03-21 09:01:01 | INFO     | __main__:show_welcome_message:264 | 
2026-03-21 09:01:01 | INFO     | __main__:show_welcome_message:265 | 使用方式：
2026-03-21 09:01:01 | INFO     | __main__:show_welcome_message:266 |   python main.py                        # 交互式菜单
2026-03-21 09:01:01 | INFO     | __main__:show_welcome_message:267 |   python main.py --single-fund 005538   # 处理单个基金
2026-03-21 09:01:01 | INFO     | __main__:show_welcome_message:268 |   python main.py --analyze --single-fund 005538   # 分析单个基金
2026-03-21 09:01:01 | INFO     | __main__:show_welcome_message:269 |   python main.py --analyze --fund-codes 005538 015790  # 分析多个基金
2026-03-21 09:01:01 | INFO     | __main__:show_welcome_message:270 | ============================================================

2026-03-21 09:01:14 | INFO     | src.update_data:run_update_workflow:192 | 开始数据更新流程
2026-03-21 09:01:14 | INFO     | src.update_data:run_update_workflow:193 | 基金代码列表: ['005538', '015790', '000001']
2026-03-21 09:01:14 | INFO     | src.update_data:run_update_workflow:194 | 开始日期: 2021-01-01
2026-03-21 09:01:14 | INFO     | src.update_data:run_update_workflow:195 | 数据目录: stock_data
2026-03-21 09:01:14 | INFO     | src.update_data:update_data:20 | 开始更新数据，基金代码: ['005538', '015790', '000001']
2026-03-21 09:01:15 | DEBUG    | src.notify.channels.ntfy:send:87 | ntfy 消息发送成功: 🔄 开始更新数据...
2026-03-21 09:01:15 | DEBUG    | src.notify.base:send_with_retry:126 | 通知器 ntfy 发送成功
2026-03-21 09:01:15 | DEBUG    | src.notify.manager:send:140 | 消息发送成功到渠道 ntfy
2026-03-21 09:01:15 | INFO     | src.data.reader:__init__:29 | 数据读取器初始化完成，基础路径: data
2026-03-21 09:01:15 | INFO     | src.update_data:update_data:37 | 步骤1: 更新基金持仓数据
2026-03-21 09:01:15 | INFO     | src.core.data_fetcher:inner:410 | 获取基金 005538 持仓
2026-03-21 09:01:15 | INFO     | src.core.data_fetcher:save_data:536 | 保存数据到 csv 文件: fund_portfolio_005538
2026-03-21 09:01:15 | INFO     | src.core.data_fetcher:save_data:556 | 数据保存成功: ./data\fund_portfolio_005538.csv
2026-03-21 09:01:15 | DEBUG    | src.update_data:update_data:73 | 获取基金 005538 基本信息失败（可选功能）: 'AkFund' object has no attribute 'get_fund_info_em'
2026-03-21 09:01:15 | INFO     | src.update_data:update_data:82 | 基金 005538 持仓数据更新成功，共 81 条记录
2026-03-21 09:01:15 | INFO     | src.core.data_fetcher:inner:410 | 获取基金 015790 持仓
2026-03-21 09:01:16 | INFO     | src.core.data_fetcher:save_data:536 | 保存数据到 csv 文件: fund_portfolio_015790
2026-03-21 09:01:16 | INFO     | src.core.data_fetcher:save_data:556 | 数据保存成功: ./data\fund_portfolio_015790.csv
2026-03-21 09:01:16 | DEBUG    | src.update_data:update_data:73 | 获取基金 015790 基本信息失败（可选功能）: 'AkFund' object has no attribute 'get_fund_info_em'
2026-03-21 09:01:16 | INFO     | src.update_data:update_data:82 | 基金 015790 持仓数据更新成功，共 98 条记录
2026-03-21 09:01:16 | INFO     | src.core.data_fetcher:inner:410 | 获取基金 000001 持仓
2026-03-21 09:01:16 | INFO     | src.core.data_fetcher:save_data:536 | 保存数据到 csv 文件: fund_portfolio_000001
2026-03-21 09:01:16 | INFO     | src.core.data_fetcher:save_data:556 | 数据保存成功: ./data\fund_portfolio_000001.csv
2026-03-21 09:01:16 | DEBUG    | src.update_data:update_data:73 | 获取基金 000001 基本信息失败（可选功能）: 'AkFund' object has no attribute 'get_fund_info_em'
2026-03-21 09:01:16 | INFO     | src.update_data:update_data:82 | 基金 000001 持仓数据更新成功，共 217 条记录
2026-03-21 09:01:16 | INFO     | src.update_data:update_data:93 | 步骤2: 获取所有基金的持仓股票
2026-03-21 09:01:16 | INFO     | src.analysis.quarter_filter:filter_latest_quarter_data:63 | 识别到最新季度: 2025年Q4
2026-03-21 09:01:16 | INFO     | src.analysis.quarter_filter:filter_latest_quarter_data:77 | 过滤结果: 从 81 条记录中筛选出 10 条最新季度数据
2026-03-21 09:01:16 | INFO     | src.analysis.quarter_filter:filter_latest_quarter_data:63 | 识别到最新季度: 2025年Q4
2026-03-21 09:01:16 | INFO     | src.analysis.quarter_filter:filter_latest_quarter_data:77 | 过滤结果: 从 98 条记录中筛选出 10 条最新季度数据
2026-03-21 09:01:16 | INFO     | src.analysis.quarter_filter:filter_latest_quarter_data:63 | 识别到最新季度: 2025年Q4
2026-03-21 09:01:16 | INFO     | src.analysis.quarter_filter:filter_latest_quarter_data:77 | 过滤结果: 从 217 条记录中筛选出 10 条最新季度数据
2026-03-21 09:01:16 | INFO     | src.update_data:update_data:111 | 需要更新的股票数量: 30
2026-03-21 09:01:16 | INFO     | src.update_data:update_data:112 | 股票代码列表: [688256, 2565, 688778, 688147, 300308, 688019, 688155, 605598, 2846, 300450]...
2026-03-21 09:01:16 | INFO     | src.update_data:update_data:115 | 步骤3: 更新股票K线数据
2026-03-21 09:01:16 | INFO     | src.core.data_fetcher:inner:185 | 获取股票 688256 daily K线数据
2026-03-21 09:01:16 | INFO     | src.core.data_fetcher:inner:192 | 尝试使用东方财富数据源获取 688256 K线数据
2026-03-21 09:01:16 | WARNING  | src.core.data_fetcher:inner:206 | 东方财富数据源失败: 'int' object has no attribute 'startswith'
2026-03-21 09:01:16 | INFO     | src.core.data_fetcher:inner:210 | 尝试使用腾讯数据源获取 688256 K线数据
2026-03-21 09:01:16 | WARNING  | src.core.data_fetcher:inner:228 | 腾讯数据源失败: 'int' object has no attribute 'startswith'
2026-03-21 09:01:16 | INFO     | src.core.data_fetcher:inner:232 | 尝试使用新浪数据源获取 688256 K线数据
2026-03-21 09:01:16 | WARNING  | src.core.data_fetcher:inner:241 | 新浪数据源失败: 'int' object has no attribute 'startswith'
2026-03-21 09:01:16 | ERROR    | src.core.data_fetcher:inner:245 | 所有数据源都失败: 东方财富数据源: 'int' object has no attribute 'startswith'; 腾讯数据源: 'int' object has no attribute 'startswith'; 新浪数据源: 'int' object has no attribute 'startswith'
2026-03-21 09:01:16 | WARNING  | src.utils.common:wrapper:95 | 尝试 1/3 失败: 无法获取K线数据，所有数据源都失败: 东方财富数据源: 'int' object has no attribute 'startswith'; 腾讯数据源: 'int' object has no attribute 'startswith'; 新浪数据源: 'int' object has no attribute 'startswith'
2026-03-21 09:01:18 | INFO     | src.core.data_fetcher:inner:185 | 获取股票 688256 daily K线数据
2026-03-21 09:01:18 | INFO     | src.core.data_fetcher:inner:192 | 尝试使用东方财富数据源获取 688256 K线数据
2026-03-21 09:01:18 | WARNING  | src.core.data_fetcher:inner:206 | 东方财富数据源失败: 'int' object has no attribute 'startswith'
2026-03-21 09:01:18 | INFO     | src.core.data_fetcher:inner:210 | 尝试使用腾讯数据源获取 688256 K线数据
2026-03-21 09:01:18 | WARNING  | src.core.data_fetcher:inner:228 | 腾讯数据源失败: 'int' object has no attribute 'startswith'
2026-03-21 09:01:18 | INFO     | src.core.data_fetcher:inner:232 | 尝试使用新浪数据源获取 688256 K线数据
2026-03-21 09:01:18 | WARNING  | src.core.data_fetcher:inner:241 | 新浪数据源失败: 'int' object has no attribute 'startswith'
2026-03-21 09:01:18 | ERROR    | src.core.data_fetcher:inner:245 | 所有数据源都失败: 东方财富数据源: 'int' object has no attribute 'startswith'; 腾讯数据源: 'int' object has no attribute 'startswith'; 新浪数据源: 'int' object has no attribute 'startswith'
2026-03-21 09:01:18 | WARNING  | src.utils.common:wrapper:95 | 尝试 2/3 失败: 无法获取K线数据，所有数据源都失败: 东方财富数据源: 'int' object has no attribute 'startswith'; 腾讯数据源: 'int' object has no attribute 'startswith'; 新浪数据源: 'int' object has no attribute 'startswith'
2026-03-21 09:01:20 | INFO     | src.core.data_fetcher:inner:185 | 获取股票 688256 daily K线数据
2026-03-21 09:01:20 | INFO     | src.core.data_fetcher:inner:192 | 尝试使用东方财富数据源获取 688256 K线数据
2026-03-21 09:01:20 | WARNING  | src.core.data_fetcher:inner:206 | 东方财富数据源失败: 'int' object has no attribute 'startswith'
2026-03-21 09:01:20 | INFO     | src.core.data_fetcher:inner:210 | 尝试使用腾讯数据源获取 688256 K线数据
2026-03-21 09:01:20 | WARNING  | src.core.data_fetcher:inner:228 | 腾讯数据源失败: 'int' object has no attribute 'startswith'
2026-03-21 09:01:20 | INFO     | src.core.data_fetcher:inner:232 | 尝试使用新浪数据源获取 688256 K线数据
2026-03-21 09:01:20 | WARNING  | src.core.data_fetcher:inner:241 | 新浪数据源失败: 'int' object has no attribute 'startswith'
2026-03-21 09:01:20 | ERROR    | src.core.data_fetcher:inner:245 | 所有数据源都失败: 东方财富数据源: 'int' object has no attribute 'startswith'; 腾讯数据源: 'int' object has no attribute 'startswith'; 新浪数据源: 'int' object has no attribute 'startswith'
2026-03-21 09:01:20 | WARNING  | src.utils.common:wrapper:95 | 尝试 3/3 失败: 无法获取K线数据，所有数据源都失败: 东方财富数据源: 'int' object has no attribute 'startswith'; 腾讯数据源: 'int' object has no attribute 'startswith'; 新浪数据源: 'int' object has no attribute 'startswith'
2026-03-21 09:01:20 | ERROR    | src.utils.common:wrapper:99 | 所有尝试都失败: 无法获取K线数据，所有数据源都失败: 东方财富数据源: 'int' object has no attribute 'startswith'; 腾讯数据源: 'int' object has no attribute 'startswith'; 新浪数据源: 'int' object has no attribute 'startswith'
2026-03-21 09:01:20 | ERROR    | src.update_data:update_data:151 | 更新股票 688256 K线数据失败: 无法获取K线数据，所有数据源都失败: 东方财富数据源: 'int' object has no attribute 'startswith'; 腾讯数据源: 'int' object has no attribute 'startswith'; 新浪数据源: 'int' object has no attribute 'startswith'
2026-03-21 09:01:20 | INFO     | src.core.data_fetcher:inner:185 | 获取股票 2565 daily K线数据
2026-03-21 09:01:20 | INFO     | src.core.data_fetcher:inner:192 | 尝试使用东方财富数据源获取 2565 K线数据
2026-03-21 09:01:20 | WARNING  | src.core.data_fetcher:inner:206 | 东方财富数据源失败: 'int' object has no attribute 'startswith'
2026-03-21 09:01:20 | INFO     | src.core.data_fetcher:inner:210 | 尝试使用腾讯数据源获取 2565 K线数据
2026-03-21 09:01:20 | WARNING  | src.core.data_fetcher:inner:228 | 腾讯数据源失败: 'int' object has no attribute 'startswith'
2026-03-21 09:01:20 | INFO     | src.core.data_fetcher:inner:232 | 尝试使用新浪数据源获取 2565 K线数据
2026-03-21 09:01:20 | WARNING  | src.core.data_fetcher:inner:241 | 新浪数据源失败: 'int' object has no attribute 'startswith'
2026-03-21 09:01:20 | ERROR    | src.core.data_fetcher:inner:245 | 所有数据源都失败: 东方财富数据源: 'int' object has no attribute 'startswith'; 腾讯数据源: 'int' object has no attribute 'startswith'; 新浪数据源: 'int' object has no attribute 'startswith'
2026-03-21 09:01:20 | WARNING  | src.utils.common:wrapper:95 | 尝试 1/3 失败: 无法获取K线数据，所有数据源都失败: 东方财富数据源: 'int' object has no attribute 'startswith'; 腾讯数据源: 'int' object has no attribute 'startswith'; 新浪数据源: 'int' object has no attribute 'startswith'
2026-03-21 09:01:22 | INFO     | src.core.data_fetcher:inner:185 | 获取股票 2565 daily K线数据
2026-03-21 09:01:22 | INFO     | src.core.data_fetcher:inner:192 | 尝试使用东方财富数据源获取 2565 K线数据
2026-03-21 09:01:22 | WARNING  | src.core.data_fetcher:inner:206 | 东方财富数据源失败: 'int' object has no attribute 'startswith'
2026-03-21 09:01:22 | INFO     | src.core.data_fetcher:inner:210 | 尝试使用腾讯数据源获取 2565 K线数据
2026-03-21 09:01:22 | WARNING  | src.core.data_fetcher:inner:228 | 腾讯数据源失败: 'int' object has no attribute 'startswith'
2026-03-21 09:01:22 | INFO     | src.core.data_fetcher:inner:232 | 尝试使用新浪数据源获取 2565 K线数据
2026-03-21 09:01:22 | WARNING  | src.core.data_fetcher:inner:241 | 新浪数据源失败: 'int' object has no attribute 'startswith'
2026-03-21 09:01:22 | ERROR    | src.core.data_fetcher:inner:245 | 所有数据源都失败: 东方财富数据源: 'int' object has no attribute 'startswith'; 腾讯数据源: 'int' object has no attribute 'startswith'; 新浪数据源: 'int' object has no attribute 'startswith'
2026-03-21 09:01:22 | WARNING  | src.utils.common:wrapper:95 | 尝试 2/3 失败: 无法获取K线数据，所有数据源都失败: 东方财富数据源: 'int' object has no attribute 'startswith'; 腾讯数据源: 'int' object has no attribute 'startswith'; 新浪数据源: 'int' object has no attribute 'startswith'
2026-03-21 09:01:24 | INFO     | src.core.data_fetcher:inner:185 | 获取股票 2565 daily K线数据
2026-03-21 09:01:24 | INFO     | src.core.data_fetcher:inner:192 | 尝试使用东方财富数据源获取 2565 K线数据
2026-03-21 09:01:24 | WARNING  | src.core.data_fetcher:inner:206 | 东方财富数据源失败: 'int' object has no attribute 'startswith'
2026-03-21 09:01:24 | INFO     | src.core.data_fetcher:inner:210 | 尝试使用腾讯数据源获取 2565 K线数据
2026-03-21 09:01:24 | WARNING  | src.core.data_fetcher:inner:228 | 腾讯数据源失败: 'int' object has no attribute 'startswith'
2026-03-21 09:01:24 | INFO     | src.core.data_fetcher:inner:232 | 尝试使用新浪数据源获取 2565 K线数据
2026-03-21 09:01:24 | WARNING  | src.core.data_fetcher:inner:241 | 新浪数据源失败: 'int' object has no attribute 'startswith'
2026-03-21 09:01:24 | ERROR    | src.core.data_fetcher:inner:245 | 所有数据源都失败: 东方财富数据源: 'int' object has no attribute 'startswith'; 腾讯数据源: 'int' object has no attribute 'startswith'; 新浪数据源: 'int' object has no attribute 'startswith'
2026-03-21 09:01:24 | WARNING  | src.utils.common:wrapper:95 | 尝试 3/3 失败: 无法获取K线数据，所有数据源都失败: 东方财富数据源: 'int' object has no attribute 'startswith'; 腾讯数据源: 'int' object has no attribute 'startswith'; 新浪数据源: 'int' object has no attribute 'startswith'
2026-03-21 09:01:24 | ERROR    | src.utils.common:wrapper:99 | 所有尝试都失败: 无法获取K线数据，所有数据源都失败: 东方财富数据源: 'int' object has no attribute 'startswith'; 腾讯数据源: 'int' object has no attribute 'startswith'; 新浪数据源: 'int' object has no attribute 'startswith'
2026-03-21 09:01:24 | ERROR    | src.update_data:update_data:151 | 更新股票 2565 K线数据失败: 无法获取K线数据，所有数据源都失败: 东方财富数据源: 'int' object has no attribute 'startswith'; 腾讯数据源: 'int' object has no attribute 'startswith'; 新浪数据源: 'int' object has no attribute 'startswith'
2026-03-21 09:01:24 | INFO     | src.core.data_fetcher:inner:185 | 获取股票 688778 daily K线数据
2026-03-21 09:01:24 | INFO     | src.core.data_fetcher:inner:192 | 尝试使用东方财富数据源获取 688778 K线数据
2026-03-21 09:01:24 | WARNING  | src.core.data_fetcher:inner:206 | 东方财富数据源失败: 'int' object has no attribute 'startswith'
2026-03-21 09:01:24 | INFO     | src.core.data_fetcher:inner:210 | 尝试使用腾讯数据源获取 688778 K线数据
2026-03-21 09:01:24 | WARNING  | src.core.data_fetcher:inner:228 | 腾讯数据源失败: 'int' object has no attribute 'startswith'
2026-03-21 09:01:24 | INFO     | src.core.data_fetcher:inner:232 | 尝试使用新浪数据源获取 688778 K线数据
2026-03-21 09:01:24 | WARNING  | src.core.data_fetcher:inner:241 | 新浪数据源失败: 'int' object has no attribute 'startswith'
2026-03-21 09:01:24 | ERROR    | src.core.data_fetcher:inner:245 | 所有数据源都失败: 东方财富数据源: 'int' object has no attribute 'startswith'; 腾讯数据源: 'int' object has no attribute 'startswith'; 新浪数据源: 'int' object has no attribute 'startswith'
2026-03-21 09:01:24 | WARNING  | src.utils.common:wrapper:95 | 尝试 1/3 失败: 无法获取K线数据，所有数据源都失败: 东方财富数据源: 'int' object has no attribute 'startswith'; 腾讯数据源: 'int' object has no attribute 'startswith'; 新浪数据源: 'int' object has no attribute 'startswith'
2026-03-21 09:01:26 | INFO     | src.core.data_fetcher:inner:185 | 获取股票 688778 daily K线数据
2026-03-21 09:01:26 | INFO     | src.core.data_fetcher:inner:192 | 尝试使用东方财富数据源获取 688778 K线数据
2026-03-21 09:01:26 | WARNING  | src.core.data_fetcher:inner:206 | 东方财富数据源失败: 'int' object has no attribute 'startswith'
2026-03-21 09:01:26 | INFO     | src.core.data_fetcher:inner:210 | 尝试使用腾讯数据源获取 688778 K线数据
2026-03-21 09:01:26 | WARNING  | src.core.data_fetcher:inner:228 | 腾讯数据源失败: 'int' object has no attribute 'startswith'
2026-03-21 09:01:26 | INFO     | src.core.data_fetcher:inner:232 | 尝试使用新浪数据源获取 688778 K线数据
2026-03-21 09:01:26 | WARNING  | src.core.data_fetcher:inner:241 | 新浪数据源失败: 'int' object has no attribute 'startswith'
2026-03-21 09:01:26 | ERROR    | src.core.data_fetcher:inner:245 | 所有数据源都失败: 东方财富数据源: 'int' object has no attribute 'startswith'; 腾讯数据源: 'int' object has no attribute 'startswith'; 新浪数据源: 'int' object has no attribute 'startswith'
2026-03-21 09:01:26 | WARNING  | src.utils.common:wrapper:95 | 尝试 2/3 失败: 无法获取K线数据，所有数据源都失败: 东方财富数据源: 'int' object has no attribute 'startswith'; 腾讯数据源: 'int' object has no attribute 'startswith'; 新浪数据源: 'int' object has no attribute 'startswith'
2026-03-21 09:01:28 | INFO     | src.core.data_fetcher:inner:185 | 获取股票 688778 daily K线数据
2026-03-21 09:01:28 | INFO     | src.core.data_fetcher:inner:192 | 尝试使用东方财富数据源获取 688778 K线数据
2026-03-21 09:01:28 | WARNING  | src.core.data_fetcher:inner:206 | 东方财富数据源失败: 'int' object has no attribute 'startswith'
2026-03-21 09:01:28 | INFO     | src.core.data_fetcher:inner:210 | 尝试使用腾讯数据源获取 688778 K线数据
2026-03-21 09:01:28 | WARNING  | src.core.data_fetcher:inner:228 | 腾讯数据源失败: 'int' object has no attribute 'startswith'
2026-03-21 09:01:28 | INFO     | src.core.data_fetcher:inner:232 | 尝试使用新浪数据源获取 688778 K线数据
2026-03-21 09:01:28 | WARNING  | src.core.data_fetcher:inner:241 | 新浪数据源失败: 'int' object has no attribute 'startswith'
2026-03-21 09:01:28 | ERROR    | src.core.data_fetcher:inner:245 | 所有数据源都失败: 东方财富数据源: 'int' object has no attribute 'startswith'; 腾讯数据源: 'int' object has no attribute 'startswith'; 新浪数据源: 'int' object has no attribute 'startswith'
2026-03-21 09:01:28 | WARNING  | src.utils.common:wrapper:95 | 尝试 3/3 失败: 无法获取K线数据，所有数据源都失败: 东方财富数据源: 'int' object has no attribute 'startswith'; 腾讯数据源: 'int' object has no attribute 'startswith'; 新浪数据源: 'int' object has no attribute 'startswith'
2026-03-21 09:01:28 | ERROR    | src.utils.common:wrapper:99 | 所有尝试都失败: 无法获取K线数据，所有数据源都失败: 东方财富数据源: 'int' object has no attribute 'startswith'; 腾讯数据源: 'int' object has no attribute 'startswith'; 新浪数据源: 'int' object has no attribute 'startswith'
2026-03-21 09:01:28 | ERROR    | src.update_data:update_data:151 | 更新股票 688778 K线数据失败: 无法获取K线数据，所有数据源都失败: 东方财富数据源: 'int' object has no attribute 'startswith'; 腾讯数据源: 'int' object has no attribute 'startswith'; 新浪数据源: 'int' object has no attribute 'startswith'
2026-03-21 09:01:28 | INFO     | src.core.data_fetcher:inner:185 | 获取股票 688147 daily K线数据
2026-03-21 09:01:28 | INFO     | src.core.data_fetcher:inner:192 | 尝试使用东方财富数据源获取 688147 K线数据
2026-03-21 09:01:28 | WARNING  | src.core.data_fetcher:inner:206 | 东方财富数据源失败: 'int' object has no attribute 'startswith'
2026-03-21 09:01:28 | INFO     | src.core.data_fetcher:inner:210 | 尝试使用腾讯数据源获取 688147 K线数据
2026-03-21 09:01:28 | WARNING  | src.core.data_fetcher:inner:228 | 腾讯数据源失败: 'int' object has no attribute 'startswith'
2026-03-21 09:01:28 | INFO     | src.core.data_fetcher:inner:232 | 尝试使用新浪数据源获取 688147 K线数据
2026-03-21 09:01:28 | WARNING  | src.core.data_fetcher:inner:241 | 新浪数据源失败: 'int' object has no attribute 'startswith'
2026-03-21 09:01:28 | ERROR    | src.core.data_fetcher:inner:245 | 所有数据源都失败: 东方财富数据源: 'int' object has no attribute 'startswith'; 腾讯数据源: 'int' object has no attribute 'startswith'; 新浪数据源: 'int' object has no attribute 'startswith'
2026-03-21 09:01:28 | WARNING  | src.utils.common:wrapper:95 | 尝试 1/3 失败: 无法获取K线数据，所有数据源都失败: 东方财富数据源: 'int' object has no attribute 'startswith'; 腾讯数据源: 'int' object has no attribute 'startswith'; 新浪数据源: 'int' object has no attribute 'startswith'
2026-03-21 09:01:30 | INFO     | src.core.data_fetcher:inner:185 | 获取股票 688147 daily K线数据
2026-03-21 09:01:30 | INFO     | src.core.data_fetcher:inner:192 | 尝试使用东方财富数据源获取 688147 K线数据
2026-03-21 09:01:30 | WARNING  | src.core.data_fetcher:inner:206 | 东方财富数据源失败: 'int' object has no attribute 'startswith'
2026-03-21 09:01:30 | INFO     | src.core.data_fetcher:inner:210 | 尝试使用腾讯数据源获取 688147 K线数据
2026-03-21 09:01:30 | WARNING  | src.core.data_fetcher:inner:228 | 腾讯数据源失败: 'int' object has no attribute 'startswith'
2026-03-21 09:01:30 | INFO     | src.core.data_fetcher:inner:232 | 尝试使用新浪数据源获取 688147 K线数据
2026-03-21 09:01:30 | WARNING  | src.core.data_fetcher:inner:241 | 新浪数据源失败: 'int' object has no attribute 'startswith'
2026-03-21 09:01:30 | ERROR    | src.core.data_fetcher:inner:245 | 所有数据源都失败: 东方财富数据源: 'int' object has no attribute 'startswith'; 腾讯数据源: 'int' object has no attribute 'startswith'; 新浪数据源: 'int' object has no attribute 'startswith'
2026-03-21 09:01:30 | WARNING  | src.utils.common:wrapper:95 | 尝试 2/3 失败: 无法获取K线数据，所有数据源都失败: 东方财富数据源: 'int' object has no attribute 'startswith'; 腾讯数据源: 'int' object has no attribute 'startswith'; 新浪数据源: 'int' object has no attribute 'startswith'
2026-03-21 09:01:32 | INFO     | src.core.data_fetcher:inner:185 | 获取股票 688147 daily K线数据
2026-03-21 09:01:32 | INFO     | src.core.data_fetcher:inner:192 | 尝试使用东方财富数据源获取 688147 K线数据
2026-03-21 09:01:32 | WARNING  | src.core.data_fetcher:inner:206 | 东方财富数据源失败: 'int' object has no attribute 'startswith'
2026-03-21 09:01:32 | INFO     | src.core.data_fetcher:inner:210 | 尝试使用腾讯数据源获取 688147 K线数据
2026-03-21 09:01:32 | WARNING  | src.core.data_fetcher:inner:228 | 腾讯数据源失败: 'int' object has no attribute 'startswith'
2026-03-21 09:01:32 | INFO     | src.core.data_fetcher:inner:232 | 尝试使用新浪数据源获取 688147 K线数据
2026-03-21 09:01:32 | WARNING  | src.core.data_fetcher:inner:241 | 新浪数据源失败: 'int' object has no attribute 'startswith'
2026-03-21 09:01:32 | ERROR    | src.core.data_fetcher:inner:245 | 所有数据源都失败: 东方财富数据源: 'int' object has no attribute 'startswith'; 腾讯数据源: 'int' object has no attribute 'startswith'; 新浪数据源: 'int' object has no attribute 'startswith'
2026-03-21 09:01:32 | WARNING  | src.utils.common:wrapper:95 | 尝试 3/3 失败: 无法获取K线数据，所有数据源都失败: 东方财富数据源: 'int' object has no attribute 'startswith'; 腾讯数据源: 'int' object has no attribute 'startswith'; 新浪数据源: 'int' object has no attribute 'startswith'
2026-03-21 09:01:32 | ERROR    | src.utils.common:wrapper:99 | 所有尝试都失败: 无法获取K线数据，所有数据源都失败: 东方财富数据源: 'int' object has no attribute 'startswith'; 腾讯数据源: 'int' object has no attribute 'startswith'; 新浪数据源: 'int' object has no attribute 'startswith'
2026-03-21 09:01:32 | ERROR    | src.update_data:update_data:151 | 更新股票 688147 K线数据失败: 无法获取K线数据，所有数据源都失败: 东方财富数据源: 'int' object has no attribute 'startswith'; 腾讯数据源: 'int' object has no attribute 'startswith'; 新浪数据源: 'int' object has no attribute 'startswith'
2026-03-21 09:01:32 | INFO     | src.core.data_fetcher:inner:185 | 获取股票 300308 daily K线数据
2026-03-21 09:01:32 | INFO     | src.core.data_fetcher:inner:192 | 尝试使用东方财富数据源获取 300308 K线数据
2026-03-21 09:01:32 | WARNING  | src.core.data_fetcher:inner:206 | 东方财富数据源失败: 'int' object has no attribute 'startswith'
2026-03-21 09:01:32 | INFO     | src.core.data_fetcher:inner:210 | 尝试使用腾讯数据源获取 300308 K线数据
2026-03-21 09:01:32 | WARNING  | src.core.data_fetcher:inner:228 | 腾讯数据源失败: 'int' object has no attribute 'startswith'
2026-03-21 09:01:32 | INFO     | src.core.data_fetcher:inner:232 | 尝试使用新浪数据源获取 300308 K线数据
2026-03-21 09:01:32 | WARNING  | src.core.data_fetcher:inner:241 | 新浪数据源失败: 'int' object has no attribute 'startswith'
2026-03-21 09:01:32 | ERROR    | src.core.data_fetcher:inner:245 | 所有数据源都失败: 东方财富数据源: 'int' object has no attribute 'startswith'; 腾讯数据源: 'int' object has no attribute 'startswith'; 新浪数据源: 'int' object has no attribute 'startswith'
2026-03-21 09:01:32 | WARNING  | src.utils.common:wrapper:95 | 尝试 1/3 失败: 无法获取K线数据，所有数据源都失败: 东方财富数据源: 'int' object has no attribute 'startswith'; 腾讯数据源: 'int' object has no attribute 'startswith'; 新浪数据源: 'int' object has no attribute 'startswith'
2026-03-21 09:01:34 | INFO     | src.core.data_fetcher:inner:185 | 获取股票 300308 daily K线数据
2026-03-21 09:01:34 | INFO     | src.core.data_fetcher:inner:192 | 尝试使用东方财富数据源获取 300308 K线数据
2026-03-21 09:01:34 | WARNING  | src.core.data_fetcher:inner:206 | 东方财富数据源失败: 'int' object has no attribute 'startswith'
2026-03-21 09:01:34 | INFO     | src.core.data_fetcher:inner:210 | 尝试使用腾讯数据源获取 300308 K线数据
2026-03-21 09:01:34 | WARNING  | src.core.data_fetcher:inner:228 | 腾讯数据源失败: 'int' object has no attribute 'startswith'
2026-03-21 09:01:34 | INFO     | src.core.data_fetcher:inner:232 | 尝试使用新浪数据源获取 300308 K线数据
2026-03-21 09:01:34 | WARNING  | src.core.data_fetcher:inner:241 | 新浪数据源失败: 'int' object has no attribute 'startswith'
2026-03-21 09:01:34 | ERROR    | src.core.data_fetcher:inner:245 | 所有数据源都失败: 东方财富数据源: 'int' object has no attribute 'startswith'; 腾讯数据源: 'int' object has no attribute 'startswith'; 新浪数据源: 'int' object has no attribute 'startswith'
2026-03-21 09:01:34 | WARNING  | src.utils.common:wrapper:95 | 尝试 2/3 失败: 无法获取K线数据，所有数据源都失败: 东方财富数据源: 'int' object has no attribute 'startswith'; 腾讯数据源: 'int' object has no attribute 'startswith'; 新浪数据源: 'int' object has no attribute 'startswith'
2026-03-21 09:01:36 | INFO     | src.core.data_fetcher:inner:185 | 获取股票 300308 daily K线数据
2026-03-21 09:01:36 | INFO     | src.core.data_fetcher:inner:192 | 尝试使用东方财富数据源获取 300308 K线数据
2026-03-21 09:01:36 | WARNING  | src.core.data_fetcher:inner:206 | 东方财富数据源失败: 'int' object has no attribute 'startswith'
2026-03-21 09:01:36 | INFO     | src.core.data_fetcher:inner:210 | 尝试使用腾讯数据源获取 300308 K线数据
2026-03-21 09:01:36 | WARNING  | src.core.data_fetcher:inner:228 | 腾讯数据源失败: 'int' object has no attribute 'startswith'
2026-03-21 09:01:36 | INFO     | src.core.data_fetcher:inner:232 | 尝试使用新浪数据源获取 300308 K线数据
2026-03-21 09:01:36 | WARNING  | src.core.data_fetcher:inner:241 | 新浪数据源失败: 'int' object has no attribute 'startswith'
2026-03-21 09:01:36 | ERROR    | src.core.data_fetcher:inner:245 | 所有数据源都失败: 东方财富数据源: 'int' object has no attribute 'startswith'; 腾讯数据源: 'int' object has no attribute 'startswith'; 新浪数据源: 'int' object has no attribute 'startswith'
2026-03-21 09:01:36 | WARNING  | src.utils.common:wrapper:95 | 尝试 3/3 失败: 无法获取K线数据，所有数据源都失败: 东方财富数据源: 'int' object has no attribute 'startswith'; 腾讯数据源: 'int' object has no attribute 'startswith'; 新浪数据源: 'int' object has no attribute 'startswith'
2026-03-21 09:01:36 | ERROR    | src.utils.common:wrapper:99 | 所有尝试都失败: 无法获取K线数据，所有数据源都失败: 东方财富数据源: 'int' object has no attribute 'startswith'; 腾讯数据源: 'int' object has no attribute 'startswith'; 新浪数据源: 'int' object has no attribute 'startswith'
2026-03-21 09:01:36 | ERROR    | src.update_data:update_data:151 | 更新股票 300308 K线数据失败: 无法获取K线数据，所有数据源都失败: 东方财富数据源: 'int' object has no attribute 'startswith'; 腾讯数据源: 'int' object has no attribute 'startswith'; 新浪数据源: 'int' object has no attribute 'startswith'
2026-03-21 09:01:36 | INFO     | src.core.data_fetcher:inner:185 | 获取股票 688019 daily K线数据
2026-03-21 09:01:36 | INFO     | src.core.data_fetcher:inner:192 | 尝试使用东方财富数据源获取 688019 K线数据
2026-03-21 09:01:36 | WARNING  | src.core.data_fetcher:inner:206 | 东方财富数据源失败: 'int' object has no attribute 'startswith'
2026-03-21 09:01:36 | INFO     | src.core.data_fetcher:inner:210 | 尝试使用腾讯数据源获取 688019 K线数据
2026-03-21 09:01:36 | WARNING  | src.core.data_fetcher:inner:228 | 腾讯数据源失败: 'int' object has no attribute 'startswith'
2026-03-21 09:01:36 | INFO     | src.core.data_fetcher:inner:232 | 尝试使用新浪数据源获取 688019 K线数据
2026-03-21 09:01:36 | WARNING  | src.core.data_fetcher:inner:241 | 新浪数据源失败: 'int' object has no attribute 'startswith'
2026-03-21 09:01:36 | ERROR    | src.core.data_fetcher:inner:245 | 所有数据源都失败: 东方财富数据源: 'int' object has no attribute 'startswith'; 腾讯数据源: 'int' object has no attribute 'startswith'; 新浪数据源: 'int' object has no attribute 'startswith'
2026-03-21 09:01:36 | WARNING  | src.utils.common:wrapper:95 | 尝试 1/3 失败: 无法获取K线数据，所有数据源都失败: 东方财富数据源: 'int' object has no attribute 'startswith'; 腾讯数据源: 'int' object has no attribute 'startswith'; 新浪数据源: 'int' object has no attribute 'startswith'
2026-03-21 09:01:38 | INFO     | src.core.data_fetcher:inner:185 | 获取股票 688019 daily K线数据
2026-03-21 09:01:38 | INFO     | src.core.data_fetcher:inner:192 | 尝试使用东方财富数据源获取 688019 K线数据
2026-03-21 09:01:38 | WARNING  | src.core.data_fetcher:inner:206 | 东方财富数据源失败: 'int' object has no attribute 'startswith'
2026-03-21 09:01:38 | INFO     | src.core.data_fetcher:inner:210 | 尝试使用腾讯数据源获取 688019 K线数据
2026-03-21 09:01:38 | WARNING  | src.core.data_fetcher:inner:228 | 腾讯数据源失败: 'int' object has no attribute 'startswith'
2026-03-21 09:01:38 | INFO     | src.core.data_fetcher:inner:232 | 尝试使用新浪数据源获取 688019 K线数据
2026-03-21 09:01:38 | WARNING  | src.core.data_fetcher:inner:241 | 新浪数据源失败: 'int' object has no attribute 'startswith'
2026-03-21 09:01:38 | ERROR    | src.core.data_fetcher:inner:245 | 所有数据源都失败: 东方财富数据源: 'int' object has no attribute 'startswith'; 腾讯数据源: 'int' object has no attribute 'startswith'; 新浪数据源: 'int' object has no attribute 'startswith'
2026-03-21 09:01:38 | WARNING  | src.utils.common:wrapper:95 | 尝试 2/3 失败: 无法获取K线数据，所有数据源都失败: 东方财富数据源: 'int' object has no attribute 'startswith'; 腾讯数据源: 'int' object has no attribute 'startswith'; 新浪数据源: 'int' object has no attribute 'startswith'
2026-03-21 09:01:40 | INFO     | src.core.data_fetcher:inner:185 | 获取股票 688019 daily K线数据
2026-03-21 09:01:40 | INFO     | src.core.data_fetcher:inner:192 | 尝试使用东方财富数据源获取 688019 K线数据
2026-03-21 09:01:40 | WARNING  | src.core.data_fetcher:inner:206 | 东方财富数据源失败: 'int' object has no attribute 'startswith'
2026-03-21 09:01:40 | INFO     | src.core.data_fetcher:inner:210 | 尝试使用腾讯数据源获取 688019 K线数据
2026-03-21 09:01:40 | WARNING  | src.core.data_fetcher:inner:228 | 腾讯数据源失败: 'int' object has no attribute 'startswith'
2026-03-21 09:01:40 | INFO     | src.core.data_fetcher:inner:232 | 尝试使用新浪数据源获取 688019 K线数据
2026-03-21 09:01:40 | WARNING  | src.core.data_fetcher:inner:241 | 新浪数据源失败: 'int' object has no attribute 'startswith'
2026-03-21 09:01:40 | ERROR    | src.core.data_fetcher:inner:245 | 所有数据源都失败: 东方财富数据源: 'int' object has no attribute 'startswith'; 腾讯数据源: 'int' object has no attribute 'startswith'; 新浪数据源: 'int' object has no attribute 'startswith'
2026-03-21 09:01:40 | WARNING  | src.utils.common:wrapper:95 | 尝试 3/3 失败: 无法获取K线数据，所有数据源都失败: 东方财富数据源: 'int' object has no attribute 'startswith'; 腾讯数据源: 'int' object has no attribute 'startswith'; 新浪数据源: 'int' object has no attribute 'startswith'
2026-03-21 09:01:40 | ERROR    | src.utils.common:wrapper:99 | 所有尝试都失败: 无法获取K线数据，所有数据源都失败: 东方财富数据源: 'int' object has no attribute 'startswith'; 腾讯数据源: 'int' object has no attribute 'startswith'; 新浪数据源: 'int' object has no attribute 'startswith'
2026-03-21 09:01:40 | ERROR    | src.update_data:update_data:151 | 更新股票 688019 K线数据失败: 无法获取K线数据，所有数据源都失败: 东方财富数据源: 'int' object has no attribute 'startswith'; 腾讯数据源: 'int' object has no attribute 'startswith'; 新浪数据源: 'int' object has no attribute 'startswith'
2026-03-21 09:01:40 | INFO     | src.core.data_fetcher:inner:185 | 获取股票 688155 daily K线数据
2026-03-21 09:01:40 | INFO     | src.core.data_fetcher:inner:192 | 尝试使用东方财富数据源获取 688155 K线数据
2026-03-21 09:01:40 | WARNING  | src.core.data_fetcher:inner:206 | 东方财富数据源失败: 'int' object has no attribute 'startswith'
2026-03-21 09:01:40 | INFO     | src.core.data_fetcher:inner:210 | 尝试使用腾讯数据源获取 688155 K线数据
2026-03-21 09:01:40 | WARNING  | src.core.data_fetcher:inner:228 | 腾讯数据源失败: 'int' object has no attribute 'startswith'
2026-03-21 09:01:40 | INFO     | src.core.data_fetcher:inner:232 | 尝试使用新浪数据源获取 688155 K线数据
2026-03-21 09:01:40 | WARNING  | src.core.data_fetcher:inner:241 | 新浪数据源失败: 'int' object has no attribute 'startswith'
2026-03-21 09:01:40 | ERROR    | src.core.data_fetcher:inner:245 | 所有数据源都失败: 东方财富数据源: 'int' object has no attribute 'startswith'; 腾讯数据源: 'int' object has no attribute 'startswith'; 新浪数据源: 'int' object has no attribute 'startswith'
2026-03-21 09:01:40 | WARNING  | src.utils.common:wrapper:95 | 尝试 1/3 失败: 无法获取K线数据，所有数据源都失败: 东方财富数据源: 'int' object has no attribute 'startswith'; 腾讯数据源: 'int' object has no attribute 'startswith'; 新浪数据源: 'int' object has no attribute 'startswith'
2026-03-21 09:01:42 | INFO     | src.core.data_fetcher:inner:185 | 获取股票 688155 daily K线数据
2026-03-21 09:01:42 | INFO     | src.core.data_fetcher:inner:192 | 尝试使用东方财富数据源获取 688155 K线数据
2026-03-21 09:01:42 | WARNING  | src.core.data_fetcher:inner:206 | 东方财富数据源失败: 'int' object has no attribute 'startswith'
2026-03-21 09:01:42 | INFO     | src.core.data_fetcher:inner:210 | 尝试使用腾讯数据源获取 688155 K线数据
2026-03-21 09:01:42 | WARNING  | src.core.data_fetcher:inner:228 | 腾讯数据源失败: 'int' object has no attribute 'startswith'
2026-03-21 09:01:42 | INFO     | src.core.data_fetcher:inner:232 | 尝试使用新浪数据源获取 688155 K线数据
2026-03-21 09:01:42 | WARNING  | src.core.data_fetcher:inner:241 | 新浪数据源失败: 'int' object has no attribute 'startswith'
2026-03-21 09:01:42 | ERROR    | src.core.data_fetcher:inner:245 | 所有数据源都失败: 东方财富数据源: 'int' object has no attribute 'startswith'; 腾讯数据源: 'int' object has no attribute 'startswith'; 新浪数据源: 'int' object has no attribute 'startswith'
2026-03-21 09:01:42 | WARNING  | src.utils.common:wrapper:95 | 尝试 2/3 失败: 无法获取K线数据，所有数据源都失败: 东方财富数据源: 'int' object has no attribute 'startswith'; 腾讯数据源: 'int' object has no attribute 'startswith'; 新浪数据源: 'int' object has no attribute 'startswith'
2026-03-21 09:01:44 | INFO     | src.core.data_fetcher:inner:185 | 获取股票 688155 daily K线数据
2026-03-21 09:01:44 | INFO     | src.core.data_fetcher:inner:192 | 尝试使用东方财富数据源获取 688155 K线数据
2026-03-21 09:01:44 | WARNING  | src.core.data_fetcher:inner:206 | 东方财富数据源失败: 'int' object has no attribute 'startswith'
2026-03-21 09:01:44 | INFO     | src.core.data_fetcher:inner:210 | 尝试使用腾讯数据源获取 688155 K线数据
2026-03-21 09:01:44 | WARNING  | src.core.data_fetcher:inner:228 | 腾讯数据源失败: 'int' object has no attribute 'startswith'
2026-03-21 09:01:44 | INFO     | src.core.data_fetcher:inner:232 | 尝试使用新浪数据源获取 688155 K线数据
2026-03-21 09:01:44 | WARNING  | src.core.data_fetcher:inner:241 | 新浪数据源失败: 'int' object has no attribute 'startswith'
2026-03-21 09:01:44 | ERROR    | src.core.data_fetcher:inner:245 | 所有数据源都失败: 东方财富数据源: 'int' object has no attribute 'startswith'; 腾讯数据源: 'int' object has no attribute 'startswith'; 新浪数据源: 'int' object has no attribute 'startswith'
2026-03-21 09:01:44 | WARNING  | src.utils.common:wrapper:95 | 尝试 3/3 失败: 无法获取K线数据，所有数据源都失败: 东方财富数据源: 'int' object has no attribute 'startswith'; 腾讯数据源: 'int' object has no attribute 'startswith'; 新浪数据源: 'int' object has no attribute 'startswith'
2026-03-21 09:01:44 | ERROR    | src.utils.common:wrapper:99 | 所有尝试都失败: 无法获取K线数据，所有数据源都失败: 东方财富数据源: 'int' object has no attribute 'startswith'; 腾讯数据源: 'int' object has no attribute 'startswith'; 新浪数据源: 'int' object has no attribute 'startswith'
2026-03-21 09:01:44 | ERROR    | src.update_data:update_data:151 | 更新股票 688155 K线数据失败: 无法获取K线数据，所有数据源都失败: 东方财富数据源: 'int' object has no attribute 'startswith'; 腾讯数据源: 'int' object has no attribute 'startswith'; 新浪数据源: 'int' object has no attribute 'startswith'
2026-03-21 09:01:44 | INFO     | src.core.data_fetcher:inner:185 | 获取股票 605598 daily K线数据
2026-03-21 09:01:44 | INFO     | src.core.data_fetcher:inner:192 | 尝试使用东方财富数据源获取 605598 K线数据
2026-03-21 09:01:44 | WARNING  | src.core.data_fetcher:inner:206 | 东方财富数据源失败: 'int' object has no attribute 'startswith'
2026-03-21 09:01:44 | INFO     | src.core.data_fetcher:inner:210 | 尝试使用腾讯数据源获取 605598 K线数据
2026-03-21 09:01:44 | WARNING  | src.core.data_fetcher:inner:228 | 腾讯数据源失败: 'int' object has no attribute 'startswith'
2026-03-21 09:01:44 | INFO     | src.core.data_fetcher:inner:232 | 尝试使用新浪数据源获取 605598 K线数据
2026-03-21 09:01:44 | WARNING  | src.core.data_fetcher:inner:241 | 新浪数据源失败: 'int' object has no attribute 'startswith'
2026-03-21 09:01:44 | ERROR    | src.core.data_fetcher:inner:245 | 所有数据源都失败: 东方财富数据源: 'int' object has no attribute 'startswith'; 腾讯数据源: 'int' object has no attribute 'startswith'; 新浪数据源: 'int' object has no attribute 'startswith'
2026-03-21 09:01:44 | WARNING  | src.utils.common:wrapper:95 | 尝试 1/3 失败: 无法获取K线数据，所有数据源都失败: 东方财富数据源: 'int' object has no attribute 'startswith'; 腾讯数据源: 'int' object has no attribute 'startswith'; 新浪数据源: 'int' object has no attribute 'startswith'
2026-03-21 09:01:46 | INFO     | src.core.data_fetcher:inner:185 | 获取股票 605598 daily K线数据
2026-03-21 09:01:46 | INFO     | src.core.data_fetcher:inner:192 | 尝试使用东方财富数据源获取 605598 K线数据
2026-03-21 09:01:46 | WARNING  | src.core.data_fetcher:inner:206 | 东方财富数据源失败: 'int' object has no attribute 'startswith'
2026-03-21 09:01:46 | INFO     | src.core.data_fetcher:inner:210 | 尝试使用腾讯数据源获取 605598 K线数据
2026-03-21 09:01:46 | WARNING  | src.core.data_fetcher:inner:228 | 腾讯数据源失败: 'int' object has no attribute 'startswith'
2026-03-21 09:01:46 | INFO     | src.core.data_fetcher:inner:232 | 尝试使用新浪数据源获取 605598 K线数据
2026-03-21 09:01:46 | WARNING  | src.core.data_fetcher:inner:241 | 新浪数据源失败: 'int' object has no attribute 'startswith'
2026-03-21 09:01:46 | ERROR    | src.core.data_fetcher:inner:245 | 所有数据源都失败: 东方财富数据源: 'int' object has no attribute 'startswith'; 腾讯数据源: 'int' object has no attribute 'startswith'; 新浪数据源: 'int' object has no attribute 'startswith'
2026-03-21 09:01:46 | WARNING  | src.utils.common:wrapper:95 | 尝试 2/3 失败: 无法获取K线数据，所有数据源都失败: 东方财富数据源: 'int' object has no attribute 'startswith'; 腾讯数据源: 'int' object has no attribute 'startswith'; 新浪数据源: 'int' object has no attribute 'startswith'
2026-03-21 09:01:48 | INFO     | src.core.data_fetcher:inner:185 | 获取股票 605598 daily K线数据
2026-03-21 09:01:48 | INFO     | src.core.data_fetcher:inner:192 | 尝试使用东方财富数据源获取 605598 K线数据
2026-03-21 09:01:48 | WARNING  | src.core.data_fetcher:inner:206 | 东方财富数据源失败: 'int' object has no attribute 'startswith'
2026-03-21 09:01:48 | INFO     | src.core.data_fetcher:inner:210 | 尝试使用腾讯数据源获取 605598 K线数据
2026-03-21 09:01:48 | WARNING  | src.core.data_fetcher:inner:228 | 腾讯数据源失败: 'int' object has no attribute 'startswith'
2026-03-21 09:01:48 | INFO     | src.core.data_fetcher:inner:232 | 尝试使用新浪数据源获取 605598 K线数据
2026-03-21 09:01:48 | WARNING  | src.core.data_fetcher:inner:241 | 新浪数据源失败: 'int' object has no attribute 'startswith'
2026-03-21 09:01:48 | ERROR    | src.core.data_fetcher:inner:245 | 所有数据源都失败: 东方财富数据源: 'int' object has no attribute 'startswith'; 腾讯数据源: 'int' object has no attribute 'startswith'; 新浪数据源: 'int' object has no attribute 'startswith'
2026-03-21 09:01:48 | WARNING  | src.utils.common:wrapper:95 | 尝试 3/3 失败: 无法获取K线数据，所有数据源都失败: 东方财富数据源: 'int' object has no attribute 'startswith'; 腾讯数据源: 'int' object has no attribute 'startswith'; 新浪数据源: 'int' object has no attribute 'startswith'
2026-03-21 09:01:48 | ERROR    | src.utils.common:wrapper:99 | 所有尝试都失败: 无法获取K线数据，所有数据源都失败: 东方财富数据源: 'int' object has no attribute 'startswith'; 腾讯数据源: 'int' object has no attribute 'startswith'; 新浪数据源: 'int' object has no attribute 'startswith'
2026-03-21 09:01:48 | ERROR    | src.update_data:update_data:151 | 更新股票 605598 K线数据失败: 无法获取K线数据，所有数据源都失败: 东方财富数据源: 'int' object has no attribute 'startswith'; 腾讯数据源: 'int' object has no attribute 'startswith'; 新浪数据源: 'int' object has no attribute 'startswith'
2026-03-21 09:01:48 | INFO     | src.core.data_fetcher:inner:185 | 获取股票 2846 daily K线数据
2026-03-21 09:01:48 | INFO     | src.core.data_fetcher:inner:192 | 尝试使用东方财富数据源获取 2846 K线数据
2026-03-21 09:01:48 | WARNING  | src.core.data_fetcher:inner:206 | 东方财富数据源失败: 'int' object has no attribute 'startswith'
2026-03-21 09:01:48 | INFO     | src.core.data_fetcher:inner:210 | 尝试使用腾讯数据源获取 2846 K线数据
2026-03-21 09:01:48 | WARNING  | src.core.data_fetcher:inner:228 | 腾讯数据源失败: 'int' object has no attribute 'startswith'
2026-03-21 09:01:48 | INFO     | src.core.data_fetcher:inner:232 | 尝试使用新浪数据源获取 2846 K线数据
2026-03-21 09:01:48 | WARNING  | src.core.data_fetcher:inner:241 | 新浪数据源失败: 'int' object has no attribute 'startswith'
2026-03-21 09:01:48 | ERROR    | src.core.data_fetcher:inner:245 | 所有数据源都失败: 东方财富数据源: 'int' object has no attribute 'startswith'; 腾讯数据源: 'int' object has no attribute 'startswith'; 新浪数据源: 'int' object has no attribute 'startswith'
2026-03-21 09:01:48 | WARNING  | src.utils.common:wrapper:95 | 尝试 1/3 失败: 无法获取K线数据，所有数据源都失败: 东方财富数据源: 'int' object has no attribute 'startswith'; 腾讯数据源: 'int' object has no attribute 'startswith'; 新浪数据源: 'int' object has no attribute 'startswith'
2026-03-21 09:01:50 | INFO     | src.core.data_fetcher:inner:185 | 获取股票 2846 daily K线数据
2026-03-21 09:01:50 | INFO     | src.core.data_fetcher:inner:192 | 尝试使用东方财富数据源获取 2846 K线数据
2026-03-21 09:01:50 | WARNING  | src.core.data_fetcher:inner:206 | 东方财富数据源失败: 'int' object has no attribute 'startswith'
2026-03-21 09:01:50 | INFO     | src.core.data_fetcher:inner:210 | 尝试使用腾讯数据源获取 2846 K线数据
2026-03-21 09:01:50 | WARNING  | src.core.data_fetcher:inner:228 | 腾讯数据源失败: 'int' object has no attribute 'startswith'
2026-03-21 09:01:50 | INFO     | src.core.data_fetcher:inner:232 | 尝试使用新浪数据源获取 2846 K线数据
2026-03-21 09:01:50 | WARNING  | src.core.data_fetcher:inner:241 | 新浪数据源失败: 'int' object has no attribute 'startswith'
2026-03-21 09:01:50 | ERROR    | src.core.data_fetcher:inner:245 | 所有数据源都失败: 东方财富数据源: 'int' object has no attribute 'startswith'; 腾讯数据源: 'int' object has no attribute 'startswith'; 新浪数据源: 'int' object has no attribute 'startswith'
2026-03-21 09:01:50 | WARNING  | src.utils.common:wrapper:95 | 尝试 2/3 失败: 无法获取K线数据，所有数据源都失败: 东方财富数据源: 'int' object has no attribute 'startswith'; 腾讯数据源: 'int' object has no attribute 'startswith'; 新浪数据源: 'int' object has no attribute 'startswith'
2026-03-21 09:01:52 | INFO     | src.core.data_fetcher:inner:185 | 获取股票 2846 daily K线数据
2026-03-21 09:01:52 | INFO     | src.core.data_fetcher:inner:192 | 尝试使用东方财富数据源获取 2846 K线数据
2026-03-21 09:01:52 | WARNING  | src.core.data_fetcher:inner:206 | 东方财富数据源失败: 'int' object has no attribute 'startswith'
2026-03-21 09:01:52 | INFO     | src.core.data_fetcher:inner:210 | 尝试使用腾讯数据源获取 2846 K线数据
2026-03-21 09:01:52 | WARNING  | src.core.data_fetcher:inner:228 | 腾讯数据源失败: 'int' object has no attribute 'startswith'
2026-03-21 09:01:52 | INFO     | src.core.data_fetcher:inner:232 | 尝试使用新浪数据源获取 2846 K线数据
2026-03-21 09:01:52 | WARNING  | src.core.data_fetcher:inner:241 | 新浪数据源失败: 'int' object has no attribute 'startswith'
2026-03-21 09:01:52 | ERROR    | src.core.data_fetcher:inner:245 | 所有数据源都失败: 东方财富数据源: 'int' object has no attribute 'startswith'; 腾讯数据源: 'int' object has no attribute 'startswith'; 新浪数据源: 'int' object has no attribute 'startswith'
2026-03-21 09:01:52 | WARNING  | src.utils.common:wrapper:95 | 尝试 3/3 失败: 无法获取K线数据，所有数据源都失败: 东方财富数据源: 'int' object has no attribute 'startswith'; 腾讯数据源: 'int' object has no attribute 'startswith'; 新浪数据源: 'int' object has no attribute 'startswith'
2026-03-21 09:01:52 | ERROR    | src.utils.common:wrapper:99 | 所有尝试都失败: 无法获取K线数据，所有数据源都失败: 东方财富数据源: 'int' object has no attribute 'startswith'; 腾讯数据源: 'int' object has no attribute 'startswith'; 新浪数据源: 'int' object has no attribute 'startswith'
2026-03-21 09:01:52 | ERROR    | src.update_data:update_data:151 | 更新股票 2846 K线数据失败: 无法获取K线数据，所有数据源都失败: 东方财富数据源: 'int' object has no attribute 'startswith'; 腾讯数据源: 'int' object has no attribute 'startswith'; 新浪数据源: 'int' object has no attribute 'startswith'
2026-03-21 09:01:52 | INFO     | src.core.data_fetcher:inner:185 | 获取股票 300450 daily K线数据
2026-03-21 09:01:52 | INFO     | src.core.data_fetcher:inner:192 | 尝试使用东方财富数据源获取 300450 K线数据
2026-03-21 09:01:52 | WARNING  | src.core.data_fetcher:inner:206 | 东方财富数据源失败: 'int' object has no attribute 'startswith'
2026-03-21 09:01:52 | INFO     | src.core.data_fetcher:inner:210 | 尝试使用腾讯数据源获取 300450 K线数据
2026-03-21 09:01:52 | WARNING  | src.core.data_fetcher:inner:228 | 腾讯数据源失败: 'int' object has no attribute 'startswith'
2026-03-21 09:01:52 | INFO     | src.core.data_fetcher:inner:232 | 尝试使用新浪数据源获取 300450 K线数据
2026-03-21 09:01:52 | WARNING  | src.core.data_fetcher:inner:241 | 新浪数据源失败: 'int' object has no attribute 'startswith'
2026-03-21 09:01:52 | ERROR    | src.core.data_fetcher:inner:245 | 所有数据源都失败: 东方财富数据源: 'int' object has no attribute 'startswith'; 腾讯数据源: 'int' object has no attribute 'startswith'; 新浪数据源: 'int' object has no attribute 'startswith'
2026-03-21 09:01:52 | WARNING  | src.utils.common:wrapper:95 | 尝试 1/3 失败: 无法获取K线数据，所有数据源都失败: 东方财富数据源: 'int' object has no attribute 'startswith'; 腾讯数据源: 'int' object has no attribute 'startswith'; 新浪数据源: 'int' object has no attribute 'startswith'
2026-03-21 09:01:54 | INFO     | src.core.data_fetcher:inner:185 | 获取股票 300450 daily K线数据
2026-03-21 09:01:54 | INFO     | src.core.data_fetcher:inner:192 | 尝试使用东方财富数据源获取 300450 K线数据
2026-03-21 09:01:54 | WARNING  | src.core.data_fetcher:inner:206 | 东方财富数据源失败: 'int' object has no attribute 'startswith'
2026-03-21 09:01:54 | INFO     | src.core.data_fetcher:inner:210 | 尝试使用腾讯数据源获取 300450 K线数据
2026-03-21 09:01:54 | WARNING  | src.core.data_fetcher:inner:228 | 腾讯数据源失败: 'int' object has no attribute 'startswith'
2026-03-21 09:01:54 | INFO     | src.core.data_fetcher:inner:232 | 尝试使用新浪数据源获取 300450 K线数据
2026-03-21 09:01:54 | WARNING  | src.core.data_fetcher:inner:241 | 新浪数据源失败: 'int' object has no attribute 'startswith'
2026-03-21 09:01:54 | ERROR    | src.core.data_fetcher:inner:245 | 所有数据源都失败: 东方财富数据源: 'int' object has no attribute 'startswith'; 腾讯数据源: 'int' object has no attribute 'startswith'; 新浪数据源: 'int' object has no attribute 'startswith'
2026-03-21 09:01:54 | WARNING  | src.utils.common:wrapper:95 | 尝试 2/3 失败: 无法获取K线数据，所有数据源都失败: 东方财富数据源: 'int' object has no attribute 'startswith'; 腾讯数据源: 'int' object has no attribute 'startswith'; 新浪数据源: 'int' object has no attribute 'startswith'
2026-03-21 09:01:56 | INFO     | src.core.data_fetcher:inner:185 | 获取股票 300450 daily K线数据
2026-03-21 09:01:56 | INFO     | src.core.data_fetcher:inner:192 | 尝试使用东方财富数据源获取 300450 K线数据
2026-03-21 09:01:56 | WARNING  | src.core.data_fetcher:inner:206 | 东方财富数据源失败: 'int' object has no attribute 'startswith'
2026-03-21 09:01:56 | INFO     | src.core.data_fetcher:inner:210 | 尝试使用腾讯数据源获取 300450 K线数据
2026-03-21 09:01:56 | WARNING  | src.core.data_fetcher:inner:228 | 腾讯数据源失败: 'int' object has no attribute 'startswith'
2026-03-21 09:01:56 | INFO     | src.core.data_fetcher:inner:232 | 尝试使用新浪数据源获取 300450 K线数据
2026-03-21 09:01:56 | WARNING  | src.core.data_fetcher:inner:241 | 新浪数据源失败: 'int' object has no attribute 'startswith'
2026-03-21 09:01:56 | ERROR    | src.core.data_fetcher:inner:245 | 所有数据源都失败: 东方财富数据源: 'int' object has no attribute 'startswith'; 腾讯数据源: 'int' object has no attribute 'startswith'; 新浪数据源: 'int' object has no attribute 'startswith'
2026-03-21 09:01:56 | WARNING  | src.utils.common:wrapper:95 | 尝试 3/3 失败: 无法获取K线数据，所有数据源都失败: 东方财富数据源: 'int' object has no attribute 'startswith'; 腾讯数据源: 'int' object has no attribute 'startswith'; 新浪数据源: 'int' object has no attribute 'startswith'
2026-03-21 09:01:56 | ERROR    | src.utils.common:wrapper:99 | 所有尝试都失败: 无法获取K线数据，所有数据源都失败: 东方财富数据源: 'int' object has no attribute 'startswith'; 腾讯数据源: 'int' object has no attribute 'startswith'; 新浪数据源: 'int' object has no attribute 'startswith'
2026-03-21 09:01:56 | ERROR    | src.update_data:update_data:151 | 更新股票 300450 K线数据失败: 无法获取K线数据，所有数据源都失败: 东方财富数据源: 'int' object has no attribute 'startswith'; 腾讯数据源: 'int' object has no attribute 'startswith'; 新浪数据源: 'int' object has no attribute 'startswith'
2026-03-21 09:01:56 | INFO     | src.core.data_fetcher:inner:185 | 获取股票 688041 daily K线数据
2026-03-21 09:01:56 | INFO     | src.core.data_fetcher:inner:192 | 尝试使用东方财富数据源获取 688041 K线数据
2026-03-21 09:01:56 | WARNING  | src.core.data_fetcher:inner:206 | 东方财富数据源失败: 'int' object has no attribute 'startswith'
2026-03-21 09:01:56 | INFO     | src.core.data_fetcher:inner:210 | 尝试使用腾讯数据源获取 688041 K线数据
2026-03-21 09:01:56 | WARNING  | src.core.data_fetcher:inner:228 | 腾讯数据源失败: 'int' object has no attribute 'startswith'
2026-03-21 09:01:56 | INFO     | src.core.data_fetcher:inner:232 | 尝试使用新浪数据源获取 688041 K线数据
2026-03-21 09:01:56 | WARNING  | src.core.data_fetcher:inner:241 | 新浪数据源失败: 'int' object has no attribute 'startswith'
2026-03-21 09:01:56 | ERROR    | src.core.data_fetcher:inner:245 | 所有数据源都失败: 东方财富数据源: 'int' object has no attribute 'startswith'; 腾讯数据源: 'int' object has no attribute 'startswith'; 新浪数据源: 'int' object has no attribute 'startswith'
2026-03-21 09:01:56 | WARNING  | src.utils.common:wrapper:95 | 尝试 1/3 失败: 无法获取K线数据，所有数据源都失败: 东方财富数据源: 'int' object has no attribute 'startswith'; 腾讯数据源: 'int' object has no attribute 'startswith'; 新浪数据源: 'int' object has no attribute 'startswith'
2026-03-21 09:01:58 | INFO     | src.core.data_fetcher:inner:185 | 获取股票 688041 daily K线数据
2026-03-21 09:01:58 | INFO     | src.core.data_fetcher:inner:192 | 尝试使用东方财富数据源获取 688041 K线数据
2026-03-21 09:01:58 | WARNING  | src.core.data_fetcher:inner:206 | 东方财富数据源失败: 'int' object has no attribute 'startswith'
2026-03-21 09:01:58 | INFO     | src.core.data_fetcher:inner:210 | 尝试使用腾讯数据源获取 688041 K线数据
2026-03-21 09:01:58 | WARNING  | src.core.data_fetcher:inner:228 | 腾讯数据源失败: 'int' object has no attribute 'startswith'
2026-03-21 09:01:58 | INFO     | src.core.data_fetcher:inner:232 | 尝试使用新浪数据源获取 688041 K线数据
2026-03-21 09:01:58 | WARNING  | src.core.data_fetcher:inner:241 | 新浪数据源失败: 'int' object has no attribute 'startswith'
2026-03-21 09:01:58 | ERROR    | src.core.data_fetcher:inner:245 | 所有数据源都失败: 东方财富数据源: 'int' object has no attribute 'startswith'; 腾讯数据源: 'int' object has no attribute 'startswith'; 新浪数据源: 'int' object has no attribute 'startswith'
2026-03-21 09:01:58 | WARNING  | src.utils.common:wrapper:95 | 尝试 2/3 失败: 无法获取K线数据，所有数据源都失败: 东方财富数据源: 'int' object has no attribute 'startswith'; 腾讯数据源: 'int' object has no attribute 'startswith'; 新浪数据源: 'int' object has no attribute 'startswith'
2026-03-21 09:02:00 | INFO     | src.core.data_fetcher:inner:185 | 获取股票 688041 daily K线数据
2026-03-21 09:02:00 | INFO     | src.core.data_fetcher:inner:192 | 尝试使用东方财富数据源获取 688041 K线数据
2026-03-21 09:02:00 | WARNING  | src.core.data_fetcher:inner:206 | 东方财富数据源失败: 'int' object has no attribute 'startswith'
2026-03-21 09:02:00 | INFO     | src.core.data_fetcher:inner:210 | 尝试使用腾讯数据源获取 688041 K线数据
2026-03-21 09:02:00 | WARNING  | src.core.data_fetcher:inner:228 | 腾讯数据源失败: 'int' object has no attribute 'startswith'
2026-03-21 09:02:00 | INFO     | src.core.data_fetcher:inner:232 | 尝试使用新浪数据源获取 688041 K线数据
2026-03-21 09:02:00 | WARNING  | src.core.data_fetcher:inner:241 | 新浪数据源失败: 'int' object has no attribute 'startswith'
2026-03-21 09:02:00 | ERROR    | src.core.data_fetcher:inner:245 | 所有数据源都失败: 东方财富数据源: 'int' object has no attribute 'startswith'; 腾讯数据源: 'int' object has no attribute 'startswith'; 新浪数据源: 'int' object has no attribute 'startswith'
2026-03-21 09:02:00 | WARNING  | src.utils.common:wrapper:95 | 尝试 3/3 失败: 无法获取K线数据，所有数据源都失败: 东方财富数据源: 'int' object has no attribute 'startswith'; 腾讯数据源: 'int' object has no attribute 'startswith'; 新浪数据源: 'int' object has no attribute 'startswith'
2026-03-21 09:02:00 | ERROR    | src.utils.common:wrapper:99 | 所有尝试都失败: 无法获取K线数据，所有数据源都失败: 东方财富数据源: 'int' object has no attribute 'startswith'; 腾讯数据源: 'int' object has no attribute 'startswith'; 新浪数据源: 'int' object has no attribute 'startswith'
2026-03-21 09:02:00 | ERROR    | src.update_data:update_data:151 | 更新股票 688041 K线数据失败: 无法获取K线数据，所有数据源都失败: 东方财富数据源: 'int' object has no attribute 'startswith'; 腾讯数据源: 'int' object has no attribute 'startswith'; 新浪数据源: 'int' object has no attribute 'startswith'
2026-03-21 09:02:00 | INFO     | src.core.data_fetcher:inner:185 | 获取股票 2475 daily K线数据
2026-03-21 09:02:00 | INFO     | src.core.data_fetcher:inner:192 | 尝试使用东方财富数据源获取 2475 K线数据
2026-03-21 09:02:00 | WARNING  | src.core.data_fetcher:inner:206 | 东方财富数据源失败: 'int' object has no attribute 'startswith'
2026-03-21 09:02:00 | INFO     | src.core.data_fetcher:inner:210 | 尝试使用腾讯数据源获取 2475 K线数据
2026-03-21 09:02:00 | WARNING  | src.core.data_fetcher:inner:228 | 腾讯数据源失败: 'int' object has no attribute 'startswith'
2026-03-21 09:02:00 | INFO     | src.core.data_fetcher:inner:232 | 尝试使用新浪数据源获取 2475 K线数据
2026-03-21 09:02:00 | WARNING  | src.core.data_fetcher:inner:241 | 新浪数据源失败: 'int' object has no attribute 'startswith'
2026-03-21 09:02:00 | ERROR    | src.core.data_fetcher:inner:245 | 所有数据源都失败: 东方财富数据源: 'int' object has no attribute 'startswith'; 腾讯数据源: 'int' object has no attribute 'startswith'; 新浪数据源: 'int' object has no attribute 'startswith'
2026-03-21 09:02:00 | WARNING  | src.utils.common:wrapper:95 | 尝试 1/3 失败: 无法获取K线数据，所有数据源都失败: 东方财富数据源: 'int' object has no attribute 'startswith'; 腾讯数据源: 'int' object has no attribute 'startswith'; 新浪数据源: 'int' object has no attribute 'startswith'
2026-03-21 09:02:02 | INFO     | src.core.data_fetcher:inner:185 | 获取股票 2475 daily K线数据
2026-03-21 09:02:02 | INFO     | src.core.data_fetcher:inner:192 | 尝试使用东方财富数据源获取 2475 K线数据
2026-03-21 09:02:02 | WARNING  | src.core.data_fetcher:inner:206 | 东方财富数据源失败: 'int' object has no attribute 'startswith'
2026-03-21 09:02:02 | INFO     | src.core.data_fetcher:inner:210 | 尝试使用腾讯数据源获取 2475 K线数据
2026-03-21 09:02:02 | WARNING  | src.core.data_fetcher:inner:228 | 腾讯数据源失败: 'int' object has no attribute 'startswith'
2026-03-21 09:02:02 | INFO     | src.core.data_fetcher:inner:232 | 尝试使用新浪数据源获取 2475 K线数据
2026-03-21 09:02:02 | WARNING  | src.core.data_fetcher:inner:241 | 新浪数据源失败: 'int' object has no attribute 'startswith'
2026-03-21 09:02:02 | ERROR    | src.core.data_fetcher:inner:245 | 所有数据源都失败: 东方财富数据源: 'int' object has no attribute 'startswith'; 腾讯数据源: 'int' object has no attribute 'startswith'; 新浪数据源: 'int' object has no attribute 'startswith'
2026-03-21 09:02:02 | WARNING  | src.utils.common:wrapper:95 | 尝试 2/3 失败: 无法获取K线数据，所有数据源都失败: 东方财富数据源: 'int' object has no attribute 'startswith'; 腾讯数据源: 'int' object has no attribute 'startswith'; 新浪数据源: 'int' object has no attribute 'startswith'
2026-03-21 09:02:04 | INFO     | src.core.data_fetcher:inner:185 | 获取股票 2475 daily K线数据
2026-03-21 09:02:04 | INFO     | src.core.data_fetcher:inner:192 | 尝试使用东方财富数据源获取 2475 K线数据
2026-03-21 09:02:04 | WARNING  | src.core.data_fetcher:inner:206 | 东方财富数据源失败: 'int' object has no attribute 'startswith'
2026-03-21 09:02:04 | INFO     | src.core.data_fetcher:inner:210 | 尝试使用腾讯数据源获取 2475 K线数据
2026-03-21 09:02:04 | WARNING  | src.core.data_fetcher:inner:228 | 腾讯数据源失败: 'int' object has no attribute 'startswith'
2026-03-21 09:02:04 | INFO     | src.core.data_fetcher:inner:232 | 尝试使用新浪数据源获取 2475 K线数据
2026-03-21 09:02:04 | WARNING  | src.core.data_fetcher:inner:241 | 新浪数据源失败: 'int' object has no attribute 'startswith'
2026-03-21 09:02:04 | ERROR    | src.core.data_fetcher:inner:245 | 所有数据源都失败: 东方财富数据源: 'int' object has no attribute 'startswith'; 腾讯数据源: 'int' object has no attribute 'startswith'; 新浪数据源: 'int' object has no attribute 'startswith'
2026-03-21 09:02:04 | WARNING  | src.utils.common:wrapper:95 | 尝试 3/3 失败: 无法获取K线数据，所有数据源都失败: 东方财富数据源: 'int' object has no attribute 'startswith'; 腾讯数据源: 'int' object has no attribute 'startswith'; 新浪数据源: 'int' object has no attribute 'startswith'
2026-03-21 09:02:04 | ERROR    | src.utils.common:wrapper:99 | 所有尝试都失败: 无法获取K线数据，所有数据源都失败: 东方财富数据源: 'int' object has no attribute 'startswith'; 腾讯数据源: 'int' object has no attribute 'startswith'; 新浪数据源: 'int' object has no attribute 'startswith'
2026-03-21 09:02:04 | ERROR    | src.update_data:update_data:151 | 更新股票 2475 K线数据失败: 无法获取K线数据，所有数据源都失败: 东方财富数据源: 'int' object has no attribute 'startswith'; 腾讯数据源: 'int' object has no attribute 'startswith'; 新浪数据源: 'int' object has no attribute 'startswith'
2026-03-21 09:02:04 | INFO     | src.core.data_fetcher:inner:185 | 获取股票 600879 daily K线数据
2026-03-21 09:02:04 | INFO     | src.core.data_fetcher:inner:192 | 尝试使用东方财富数据源获取 600879 K线数据
2026-03-21 09:02:04 | WARNING  | src.core.data_fetcher:inner:206 | 东方财富数据源失败: 'int' object has no attribute 'startswith'
2026-03-21 09:02:04 | INFO     | src.core.data_fetcher:inner:210 | 尝试使用腾讯数据源获取 600879 K线数据
2026-03-21 09:02:04 | WARNING  | src.core.data_fetcher:inner:228 | 腾讯数据源失败: 'int' object has no attribute 'startswith'
2026-03-21 09:02:04 | INFO     | src.core.data_fetcher:inner:232 | 尝试使用新浪数据源获取 600879 K线数据
2026-03-21 09:02:04 | WARNING  | src.core.data_fetcher:inner:241 | 新浪数据源失败: 'int' object has no attribute 'startswith'
2026-03-21 09:02:04 | ERROR    | src.core.data_fetcher:inner:245 | 所有数据源都失败: 东方财富数据源: 'int' object has no attribute 'startswith'; 腾讯数据源: 'int' object has no attribute 'startswith'; 新浪数据源: 'int' object has no attribute 'startswith'
2026-03-21 09:02:04 | WARNING  | src.utils.common:wrapper:95 | 尝试 1/3 失败: 无法获取K线数据，所有数据源都失败: 东方财富数据源: 'int' object has no attribute 'startswith'; 腾讯数据源: 'int' object has no attribute 'startswith'; 新浪数据源: 'int' object has no attribute 'startswith'
2026-03-21 09:02:06 | INFO     | src.core.data_fetcher:inner:185 | 获取股票 600879 daily K线数据
2026-03-21 09:02:06 | INFO     | src.core.data_fetcher:inner:192 | 尝试使用东方财富数据源获取 600879 K线数据
2026-03-21 09:02:06 | WARNING  | src.core.data_fetcher:inner:206 | 东方财富数据源失败: 'int' object has no attribute 'startswith'
2026-03-21 09:02:06 | INFO     | src.core.data_fetcher:inner:210 | 尝试使用腾讯数据源获取 600879 K线数据
2026-03-21 09:02:06 | WARNING  | src.core.data_fetcher:inner:228 | 腾讯数据源失败: 'int' object has no attribute 'startswith'
2026-03-21 09:02:06 | INFO     | src.core.data_fetcher:inner:232 | 尝试使用新浪数据源获取 600879 K线数据
2026-03-21 09:02:06 | WARNING  | src.core.data_fetcher:inner:241 | 新浪数据源失败: 'int' object has no attribute 'startswith'
2026-03-21 09:02:06 | ERROR    | src.core.data_fetcher:inner:245 | 所有数据源都失败: 东方财富数据源: 'int' object has no attribute 'startswith'; 腾讯数据源: 'int' object has no attribute 'startswith'; 新浪数据源: 'int' object has no attribute 'startswith'
2026-03-21 09:02:06 | WARNING  | src.utils.common:wrapper:95 | 尝试 2/3 失败: 无法获取K线数据，所有数据源都失败: 东方财富数据源: 'int' object has no attribute 'startswith'; 腾讯数据源: 'int' object has no attribute 'startswith'; 新浪数据源: 'int' object has no attribute 'startswith'
2026-03-21 09:02:08 | INFO     | src.core.data_fetcher:inner:185 | 获取股票 600879 daily K线数据
2026-03-21 09:02:08 | INFO     | src.core.data_fetcher:inner:192 | 尝试使用东方财富数据源获取 600879 K线数据
2026-03-21 09:02:08 | WARNING  | src.core.data_fetcher:inner:206 | 东方财富数据源失败: 'int' object has no attribute 'startswith'
2026-03-21 09:02:09 | INFO     | src.core.data_fetcher:inner:210 | 尝试使用腾讯数据源获取 600879 K线数据
2026-03-21 09:02:09 | WARNING  | src.core.data_fetcher:inner:228 | 腾讯数据源失败: 'int' object has no attribute 'startswith'
2026-03-21 09:02:09 | INFO     | src.core.data_fetcher:inner:232 | 尝试使用新浪数据源获取 600879 K线数据
2026-03-21 09:02:09 | WARNING  | src.core.data_fetcher:inner:241 | 新浪数据源失败: 'int' object has no attribute 'startswith'
2026-03-21 09:02:09 | ERROR    | src.core.data_fetcher:inner:245 | 所有数据源都失败: 东方财富数据源: 'int' object has no attribute 'startswith'; 腾讯数据源: 'int' object has no attribute 'startswith'; 新浪数据源: 'int' object has no attribute 'startswith'
2026-03-21 09:02:09 | WARNING  | src.utils.common:wrapper:95 | 尝试 3/3 失败: 无法获取K线数据，所有数据源都失败: 东方财富数据源: 'int' object has no attribute 'startswith'; 腾讯数据源: 'int' object has no attribute 'startswith'; 新浪数据源: 'int' object has no attribute 'startswith'
2026-03-21 09:02:09 | ERROR    | src.utils.common:wrapper:99 | 所有尝试都失败: 无法获取K线数据，所有数据源都失败: 东方财富数据源: 'int' object has no attribute 'startswith'; 腾讯数据源: 'int' object has no attribute 'startswith'; 新浪数据源: 'int' object has no attribute 'startswith'
2026-03-21 09:02:09 | ERROR    | src.update_data:update_data:151 | 更新股票 600879 K线数据失败: 无法获取K线数据，所有数据源都失败: 东方财富数据源: 'int' object has no attribute 'startswith'; 腾讯数据源: 'int' object has no attribute 'startswith'; 新浪数据源: 'int' object has no attribute 'startswith'
2026-03-21 09:02:09 | INFO     | src.core.data_fetcher:inner:185 | 获取股票 301617 daily K线数据
2026-03-21 09:02:09 | INFO     | src.core.data_fetcher:inner:192 | 尝试使用东方财富数据源获取 301617 K线数据
2026-03-21 09:02:09 | WARNING  | src.core.data_fetcher:inner:206 | 东方财富数据源失败: 'int' object has no attribute 'startswith'
2026-03-21 09:02:09 | INFO     | src.core.data_fetcher:inner:210 | 尝试使用腾讯数据源获取 301617 K线数据
2026-03-21 09:02:09 | WARNING  | src.core.data_fetcher:inner:228 | 腾讯数据源失败: 'int' object has no attribute 'startswith'
2026-03-21 09:02:09 | INFO     | src.core.data_fetcher:inner:232 | 尝试使用新浪数据源获取 301617 K线数据
2026-03-21 09:02:09 | WARNING  | src.core.data_fetcher:inner:241 | 新浪数据源失败: 'int' object has no attribute 'startswith'
2026-03-21 09:02:09 | ERROR    | src.core.data_fetcher:inner:245 | 所有数据源都失败: 东方财富数据源: 'int' object has no attribute 'startswith'; 腾讯数据源: 'int' object has no attribute 'startswith'; 新浪数据源: 'int' object has no attribute 'startswith'
2026-03-21 09:02:09 | WARNING  | src.utils.common:wrapper:95 | 尝试 1/3 失败: 无法获取K线数据，所有数据源都失败: 东方财富数据源: 'int' object has no attribute 'startswith'; 腾讯数据源: 'int' object has no attribute 'startswith'; 新浪数据源: 'int' object has no attribute 'startswith'
2026-03-21 09:02:11 | INFO     | src.core.data_fetcher:inner:185 | 获取股票 301617 daily K线数据
2026-03-21 09:02:11 | INFO     | src.core.data_fetcher:inner:192 | 尝试使用东方财富数据源获取 301617 K线数据
2026-03-21 09:02:11 | WARNING  | src.core.data_fetcher:inner:206 | 东方财富数据源失败: 'int' object has no attribute 'startswith'
2026-03-21 09:02:11 | INFO     | src.core.data_fetcher:inner:210 | 尝试使用腾讯数据源获取 301617 K线数据
2026-03-21 09:02:11 | WARNING  | src.core.data_fetcher:inner:228 | 腾讯数据源失败: 'int' object has no attribute 'startswith'
2026-03-21 09:02:11 | INFO     | src.core.data_fetcher:inner:232 | 尝试使用新浪数据源获取 301617 K线数据
2026-03-21 09:02:11 | WARNING  | src.core.data_fetcher:inner:241 | 新浪数据源失败: 'int' object has no attribute 'startswith'
2026-03-21 09:02:11 | ERROR    | src.core.data_fetcher:inner:245 | 所有数据源都失败: 东方财富数据源: 'int' object has no attribute 'startswith'; 腾讯数据源: 'int' object has no attribute 'startswith'; 新浪数据源: 'int' object has no attribute 'startswith'
2026-03-21 09:02:11 | WARNING  | src.utils.common:wrapper:95 | 尝试 2/3 失败: 无法获取K线数据，所有数据源都失败: 东方财富数据源: 'int' object has no attribute 'startswith'; 腾讯数据源: 'int' object has no attribute 'startswith'; 新浪数据源: 'int' object has no attribute 'startswith'
2026-03-21 09:02:13 | INFO     | src.core.data_fetcher:inner:185 | 获取股票 301617 daily K线数据
2026-03-21 09:02:13 | INFO     | src.core.data_fetcher:inner:192 | 尝试使用东方财富数据源获取 301617 K线数据
2026-03-21 09:02:13 | WARNING  | src.core.data_fetcher:inner:206 | 东方财富数据源失败: 'int' object has no attribute 'startswith'
2026-03-21 09:02:13 | INFO     | src.core.data_fetcher:inner:210 | 尝试使用腾讯数据源获取 301617 K线数据
2026-03-21 09:02:13 | WARNING  | src.core.data_fetcher:inner:228 | 腾讯数据源失败: 'int' object has no attribute 'startswith'
2026-03-21 09:02:13 | INFO     | src.core.data_fetcher:inner:232 | 尝试使用新浪数据源获取 301617 K线数据
2026-03-21 09:02:13 | WARNING  | src.core.data_fetcher:inner:241 | 新浪数据源失败: 'int' object has no attribute 'startswith'
2026-03-21 09:02:13 | ERROR    | src.core.data_fetcher:inner:245 | 所有数据源都失败: 东方财富数据源: 'int' object has no attribute 'startswith'; 腾讯数据源: 'int' object has no attribute 'startswith'; 新浪数据源: 'int' object has no attribute 'startswith'
2026-03-21 09:02:13 | WARNING  | src.utils.common:wrapper:95 | 尝试 3/3 失败: 无法获取K线数据，所有数据源都失败: 东方财富数据源: 'int' object has no attribute 'startswith'; 腾讯数据源: 'int' object has no attribute 'startswith'; 新浪数据源: 'int' object has no attribute 'startswith'
2026-03-21 09:02:13 | ERROR    | src.utils.common:wrapper:99 | 所有尝试都失败: 无法获取K线数据，所有数据源都失败: 东方财富数据源: 'int' object has no attribute 'startswith'; 腾讯数据源: 'int' object has no attribute 'startswith'; 新浪数据源: 'int' object has no attribute 'startswith'
2026-03-21 09:02:13 | ERROR    | src.update_data:update_data:151 | 更新股票 301617 K线数据失败: 无法获取K线数据，所有数据源都失败: 东方财富数据源: 'int' object has no attribute 'startswith'; 腾讯数据源: 'int' object has no attribute 'startswith'; 新浪数据源: 'int' object has no attribute 'startswith'
2026-03-21 09:02:13 | INFO     | src.core.data_fetcher:inner:185 | 获取股票 600118 daily K线数据
2026-03-21 09:02:13 | INFO     | src.core.data_fetcher:inner:192 | 尝试使用东方财富数据源获取 600118 K线数据
2026-03-21 09:02:13 | WARNING  | src.core.data_fetcher:inner:206 | 东方财富数据源失败: 'int' object has no attribute 'startswith'
2026-03-21 09:02:13 | INFO     | src.core.data_fetcher:inner:210 | 尝试使用腾讯数据源获取 600118 K线数据
2026-03-21 09:02:13 | WARNING  | src.core.data_fetcher:inner:228 | 腾讯数据源失败: 'int' object has no attribute 'startswith'
2026-03-21 09:02:13 | INFO     | src.core.data_fetcher:inner:232 | 尝试使用新浪数据源获取 600118 K线数据
2026-03-21 09:02:13 | WARNING  | src.core.data_fetcher:inner:241 | 新浪数据源失败: 'int' object has no attribute 'startswith'
2026-03-21 09:02:13 | ERROR    | src.core.data_fetcher:inner:245 | 所有数据源都失败: 东方财富数据源: 'int' object has no attribute 'startswith'; 腾讯数据源: 'int' object has no attribute 'startswith'; 新浪数据源: 'int' object has no attribute 'startswith'
2026-03-21 09:02:13 | WARNING  | src.utils.common:wrapper:95 | 尝试 1/3 失败: 无法获取K线数据，所有数据源都失败: 东方财富数据源: 'int' object has no attribute 'startswith'; 腾讯数据源: 'int' object has no attribute 'startswith'; 新浪数据源: 'int' object has no attribute 'startswith'
2026-03-21 09:02:15 | INFO     | src.core.data_fetcher:inner:185 | 获取股票 600118 daily K线数据
2026-03-21 09:02:15 | INFO     | src.core.data_fetcher:inner:192 | 尝试使用东方财富数据源获取 600118 K线数据
2026-03-21 09:02:15 | WARNING  | src.core.data_fetcher:inner:206 | 东方财富数据源失败: 'int' object has no attribute 'startswith'
2026-03-21 09:02:15 | INFO     | src.core.data_fetcher:inner:210 | 尝试使用腾讯数据源获取 600118 K线数据
2026-03-21 09:02:15 | WARNING  | src.core.data_fetcher:inner:228 | 腾讯数据源失败: 'int' object has no attribute 'startswith'
2026-03-21 09:02:15 | INFO     | src.core.data_fetcher:inner:232 | 尝试使用新浪数据源获取 600118 K线数据
2026-03-21 09:02:15 | WARNING  | src.core.data_fetcher:inner:241 | 新浪数据源失败: 'int' object has no attribute 'startswith'
2026-03-21 09:02:15 | ERROR    | src.core.data_fetcher:inner:245 | 所有数据源都失败: 东方财富数据源: 'int' object has no attribute 'startswith'; 腾讯数据源: 'int' object has no attribute 'startswith'; 新浪数据源: 'int' object has no attribute 'startswith'
2026-03-21 09:02:15 | WARNING  | src.utils.common:wrapper:95 | 尝试 2/3 失败: 无法获取K线数据，所有数据源都失败: 东方财富数据源: 'int' object has no attribute 'startswith'; 腾讯数据源: 'int' object has no attribute 'startswith'; 新浪数据源: 'int' object has no attribute 'startswith'
2026-03-21 09:02:17 | INFO     | src.core.data_fetcher:inner:185 | 获取股票 600118 daily K线数据
2026-03-21 09:02:17 | INFO     | src.core.data_fetcher:inner:192 | 尝试使用东方财富数据源获取 600118 K线数据
2026-03-21 09:02:17 | WARNING  | src.core.data_fetcher:inner:206 | 东方财富数据源失败: 'int' object has no attribute 'startswith'
2026-03-21 09:02:17 | INFO     | src.core.data_fetcher:inner:210 | 尝试使用腾讯数据源获取 600118 K线数据
2026-03-21 09:02:17 | WARNING  | src.core.data_fetcher:inner:228 | 腾讯数据源失败: 'int' object has no attribute 'startswith'
2026-03-21 09:02:17 | INFO     | src.core.data_fetcher:inner:232 | 尝试使用新浪数据源获取 600118 K线数据
2026-03-21 09:02:17 | WARNING  | src.core.data_fetcher:inner:241 | 新浪数据源失败: 'int' object has no attribute 'startswith'
2026-03-21 09:02:17 | ERROR    | src.core.data_fetcher:inner:245 | 所有数据源都失败: 东方财富数据源: 'int' object has no attribute 'startswith'; 腾讯数据源: 'int' object has no attribute 'startswith'; 新浪数据源: 'int' object has no attribute 'startswith'
2026-03-21 09:02:17 | WARNING  | src.utils.common:wrapper:95 | 尝试 3/3 失败: 无法获取K线数据，所有数据源都失败: 东方财富数据源: 'int' object has no attribute 'startswith'; 腾讯数据源: 'int' object has no attribute 'startswith'; 新浪数据源: 'int' object has no attribute 'startswith'
2026-03-21 09:02:17 | ERROR    | src.utils.common:wrapper:99 | 所有尝试都失败: 无法获取K线数据，所有数据源都失败: 东方财富数据源: 'int' object has no attribute 'startswith'; 腾讯数据源: 'int' object has no attribute 'startswith'; 新浪数据源: 'int' object has no attribute 'startswith'
2026-03-21 09:02:17 | ERROR    | src.update_data:update_data:151 | 更新股票 600118 K线数据失败: 无法获取K线数据，所有数据源都失败: 东方财富数据源: 'int' object has no attribute 'startswith'; 腾讯数据源: 'int' object has no attribute 'startswith'; 新浪数据源: 'int' object has no attribute 'startswith'
2026-03-21 09:02:17 | INFO     | src.core.data_fetcher:inner:185 | 获取股票 300342 daily K线数据
2026-03-21 09:02:17 | INFO     | src.core.data_fetcher:inner:192 | 尝试使用东方财富数据源获取 300342 K线数据
2026-03-21 09:02:17 | WARNING  | src.core.data_fetcher:inner:206 | 东方财富数据源失败: 'int' object has no attribute 'startswith'
2026-03-21 09:02:17 | INFO     | src.core.data_fetcher:inner:210 | 尝试使用腾讯数据源获取 300342 K线数据
2026-03-21 09:02:17 | WARNING  | src.core.data_fetcher:inner:228 | 腾讯数据源失败: 'int' object has no attribute 'startswith'
2026-03-21 09:02:17 | INFO     | src.core.data_fetcher:inner:232 | 尝试使用新浪数据源获取 300342 K线数据
2026-03-21 09:02:17 | WARNING  | src.core.data_fetcher:inner:241 | 新浪数据源失败: 'int' object has no attribute 'startswith'
2026-03-21 09:02:17 | ERROR    | src.core.data_fetcher:inner:245 | 所有数据源都失败: 东方财富数据源: 'int' object has no attribute 'startswith'; 腾讯数据源: 'int' object has no attribute 'startswith'; 新浪数据源: 'int' object has no attribute 'startswith'
2026-03-21 09:02:17 | WARNING  | src.utils.common:wrapper:95 | 尝试 1/3 失败: 无法获取K线数据，所有数据源都失败: 东方财富数据源: 'int' object has no attribute 'startswith'; 腾讯数据源: 'int' object has no attribute 'startswith'; 新浪数据源: 'int' object has no attribute 'startswith'
2026-03-21 09:02:19 | INFO     | src.core.data_fetcher:inner:185 | 获取股票 300342 daily K线数据
2026-03-21 09:02:19 | INFO     | src.core.data_fetcher:inner:192 | 尝试使用东方财富数据源获取 300342 K线数据
2026-03-21 09:02:19 | WARNING  | src.core.data_fetcher:inner:206 | 东方财富数据源失败: 'int' object has no attribute 'startswith'
2026-03-21 09:02:19 | INFO     | src.core.data_fetcher:inner:210 | 尝试使用腾讯数据源获取 300342 K线数据
2026-03-21 09:02:19 | WARNING  | src.core.data_fetcher:inner:228 | 腾讯数据源失败: 'int' object has no attribute 'startswith'
2026-03-21 09:02:19 | INFO     | src.core.data_fetcher:inner:232 | 尝试使用新浪数据源获取 300342 K线数据
2026-03-21 09:02:19 | WARNING  | src.core.data_fetcher:inner:241 | 新浪数据源失败: 'int' object has no attribute 'startswith'
2026-03-21 09:02:19 | ERROR    | src.core.data_fetcher:inner:245 | 所有数据源都失败: 东方财富数据源: 'int' object has no attribute 'startswith'; 腾讯数据源: 'int' object has no attribute 'startswith'; 新浪数据源: 'int' object has no attribute 'startswith'
2026-03-21 09:02:19 | WARNING  | src.utils.common:wrapper:95 | 尝试 2/3 失败: 无法获取K线数据，所有数据源都失败: 东方财富数据源: 'int' object has no attribute 'startswith'; 腾讯数据源: 'int' object has no attribute 'startswith'; 新浪数据源: 'int' object has no attribute 'startswith'
2026-03-21 09:02:21 | INFO     | src.core.data_fetcher:inner:185 | 获取股票 300342 daily K线数据
2026-03-21 09:02:21 | INFO     | src.core.data_fetcher:inner:192 | 尝试使用东方财富数据源获取 300342 K线数据
2026-03-21 09:02:21 | WARNING  | src.core.data_fetcher:inner:206 | 东方财富数据源失败: 'int' object has no attribute 'startswith'
2026-03-21 09:02:21 | INFO     | src.core.data_fetcher:inner:210 | 尝试使用腾讯数据源获取 300342 K线数据
2026-03-21 09:02:21 | WARNING  | src.core.data_fetcher:inner:228 | 腾讯数据源失败: 'int' object has no attribute 'startswith'
2026-03-21 09:02:21 | INFO     | src.core.data_fetcher:inner:232 | 尝试使用新浪数据源获取 300342 K线数据
2026-03-21 09:02:21 | WARNING  | src.core.data_fetcher:inner:241 | 新浪数据源失败: 'int' object has no attribute 'startswith'
2026-03-21 09:02:21 | ERROR    | src.core.data_fetcher:inner:245 | 所有数据源都失败: 东方财富数据源: 'int' object has no attribute 'startswith'; 腾讯数据源: 'int' object has no attribute 'startswith'; 新浪数据源: 'int' object has no attribute 'startswith'
2026-03-21 09:02:21 | WARNING  | src.utils.common:wrapper:95 | 尝试 3/3 失败: 无法获取K线数据，所有数据源都失败: 东方财富数据源: 'int' object has no attribute 'startswith'; 腾讯数据源: 'int' object has no attribute 'startswith'; 新浪数据源: 'int' object has no attribute 'startswith'
2026-03-21 09:02:21 | ERROR    | src.utils.common:wrapper:99 | 所有尝试都失败: 无法获取K线数据，所有数据源都失败: 东方财富数据源: 'int' object has no attribute 'startswith'; 腾讯数据源: 'int' object has no attribute 'startswith'; 新浪数据源: 'int' object has no attribute 'startswith'
2026-03-21 09:02:21 | ERROR    | src.update_data:update_data:151 | 更新股票 300342 K线数据失败: 无法获取K线数据，所有数据源都失败: 东方财富数据源: 'int' object has no attribute 'startswith'; 腾讯数据源: 'int' object has no attribute 'startswith'; 新浪数据源: 'int' object has no attribute 'startswith'
2026-03-21 09:02:21 | INFO     | src.core.data_fetcher:inner:185 | 获取股票 300092 daily K线数据
2026-03-21 09:02:21 | INFO     | src.core.data_fetcher:inner:192 | 尝试使用东方财富数据源获取 300092 K线数据
2026-03-21 09:02:21 | WARNING  | src.core.data_fetcher:inner:206 | 东方财富数据源失败: 'int' object has no attribute 'startswith'
2026-03-21 09:02:21 | INFO     | src.core.data_fetcher:inner:210 | 尝试使用腾讯数据源获取 300092 K线数据
2026-03-21 09:02:21 | WARNING  | src.core.data_fetcher:inner:228 | 腾讯数据源失败: 'int' object has no attribute 'startswith'
2026-03-21 09:02:21 | INFO     | src.core.data_fetcher:inner:232 | 尝试使用新浪数据源获取 300092 K线数据
2026-03-21 09:02:21 | WARNING  | src.core.data_fetcher:inner:241 | 新浪数据源失败: 'int' object has no attribute 'startswith'
2026-03-21 09:02:21 | ERROR    | src.core.data_fetcher:inner:245 | 所有数据源都失败: 东方财富数据源: 'int' object has no attribute 'startswith'; 腾讯数据源: 'int' object has no attribute 'startswith'; 新浪数据源: 'int' object has no attribute 'startswith'
2026-03-21 09:02:21 | WARNING  | src.utils.common:wrapper:95 | 尝试 1/3 失败: 无法获取K线数据，所有数据源都失败: 东方财富数据源: 'int' object has no attribute 'startswith'; 腾讯数据源: 'int' object has no attribute 'startswith'; 新浪数据源: 'int' object has no attribute 'startswith'
2026-03-21 09:02:23 | INFO     | src.core.data_fetcher:inner:185 | 获取股票 300092 daily K线数据
2026-03-21 09:02:23 | INFO     | src.core.data_fetcher:inner:192 | 尝试使用东方财富数据源获取 300092 K线数据
2026-03-21 09:02:23 | WARNING  | src.core.data_fetcher:inner:206 | 东方财富数据源失败: 'int' object has no attribute 'startswith'
2026-03-21 09:02:23 | INFO     | src.core.data_fetcher:inner:210 | 尝试使用腾讯数据源获取 300092 K线数据
2026-03-21 09:02:23 | WARNING  | src.core.data_fetcher:inner:228 | 腾讯数据源失败: 'int' object has no attribute 'startswith'
2026-03-21 09:02:23 | INFO     | src.core.data_fetcher:inner:232 | 尝试使用新浪数据源获取 300092 K线数据
2026-03-21 09:02:23 | WARNING  | src.core.data_fetcher:inner:241 | 新浪数据源失败: 'int' object has no attribute 'startswith'
2026-03-21 09:02:23 | ERROR    | src.core.data_fetcher:inner:245 | 所有数据源都失败: 东方财富数据源: 'int' object has no attribute 'startswith'; 腾讯数据源: 'int' object has no attribute 'startswith'; 新浪数据源: 'int' object has no attribute 'startswith'
2026-03-21 09:02:23 | WARNING  | src.utils.common:wrapper:95 | 尝试 2/3 失败: 无法获取K线数据，所有数据源都失败: 东方财富数据源: 'int' object has no attribute 'startswith'; 腾讯数据源: 'int' object has no attribute 'startswith'; 新浪数据源: 'int' object has no attribute 'startswith'
2026-03-21 09:02:25 | INFO     | src.core.data_fetcher:inner:185 | 获取股票 300092 daily K线数据
2026-03-21 09:02:25 | INFO     | src.core.data_fetcher:inner:192 | 尝试使用东方财富数据源获取 300092 K线数据
2026-03-21 09:02:25 | WARNING  | src.core.data_fetcher:inner:206 | 东方财富数据源失败: 'int' object has no attribute 'startswith'
2026-03-21 09:02:25 | INFO     | src.core.data_fetcher:inner:210 | 尝试使用腾讯数据源获取 300092 K线数据
2026-03-21 09:02:25 | WARNING  | src.core.data_fetcher:inner:228 | 腾讯数据源失败: 'int' object has no attribute 'startswith'
2026-03-21 09:02:25 | INFO     | src.core.data_fetcher:inner:232 | 尝试使用新浪数据源获取 300092 K线数据
2026-03-21 09:02:25 | WARNING  | src.core.data_fetcher:inner:241 | 新浪数据源失败: 'int' object has no attribute 'startswith'
2026-03-21 09:02:25 | ERROR    | src.core.data_fetcher:inner:245 | 所有数据源都失败: 东方财富数据源: 'int' object has no attribute 'startswith'; 腾讯数据源: 'int' object has no attribute 'startswith'; 新浪数据源: 'int' object has no attribute 'startswith'
2026-03-21 09:02:25 | WARNING  | src.utils.common:wrapper:95 | 尝试 3/3 失败: 无法获取K线数据，所有数据源都失败: 东方财富数据源: 'int' object has no attribute 'startswith'; 腾讯数据源: 'int' object has no attribute 'startswith'; 新浪数据源: 'int' object has no attribute 'startswith'
2026-03-21 09:02:25 | ERROR    | src.utils.common:wrapper:99 | 所有尝试都失败: 无法获取K线数据，所有数据源都失败: 东方财富数据源: 'int' object has no attribute 'startswith'; 腾讯数据源: 'int' object has no attribute 'startswith'; 新浪数据源: 'int' object has no attribute 'startswith'
2026-03-21 09:02:25 | ERROR    | src.update_data:update_data:151 | 更新股票 300092 K线数据失败: 无法获取K线数据，所有数据源都失败: 东方财富数据源: 'int' object has no attribute 'startswith'; 腾讯数据源: 'int' object has no attribute 'startswith'; 新浪数据源: 'int' object has no attribute 'startswith'
2026-03-21 09:02:25 | INFO     | src.core.data_fetcher:inner:185 | 获取股票 2371 daily K线数据
2026-03-21 09:02:25 | INFO     | src.core.data_fetcher:inner:192 | 尝试使用东方财富数据源获取 2371 K线数据
2026-03-21 09:02:25 | WARNING  | src.core.data_fetcher:inner:206 | 东方财富数据源失败: 'int' object has no attribute 'startswith'
2026-03-21 09:02:25 | INFO     | src.core.data_fetcher:inner:210 | 尝试使用腾讯数据源获取 2371 K线数据
2026-03-21 09:02:25 | WARNING  | src.core.data_fetcher:inner:228 | 腾讯数据源失败: 'int' object has no attribute 'startswith'
2026-03-21 09:02:25 | INFO     | src.core.data_fetcher:inner:232 | 尝试使用新浪数据源获取 2371 K线数据
2026-03-21 09:02:25 | WARNING  | src.core.data_fetcher:inner:241 | 新浪数据源失败: 'int' object has no attribute 'startswith'
2026-03-21 09:02:25 | ERROR    | src.core.data_fetcher:inner:245 | 所有数据源都失败: 东方财富数据源: 'int' object has no attribute 'startswith'; 腾讯数据源: 'int' object has no attribute 'startswith'; 新浪数据源: 'int' object has no attribute 'startswith'
2026-03-21 09:02:25 | WARNING  | src.utils.common:wrapper:95 | 尝试 1/3 失败: 无法获取K线数据，所有数据源都失败: 东方财富数据源: 'int' object has no attribute 'startswith'; 腾讯数据源: 'int' object has no attribute 'startswith'; 新浪数据源: 'int' object has no attribute 'startswith'
2026-03-21 09:02:27 | INFO     | src.core.data_fetcher:inner:185 | 获取股票 2371 daily K线数据
2026-03-21 09:02:27 | INFO     | src.core.data_fetcher:inner:192 | 尝试使用东方财富数据源获取 2371 K线数据
2026-03-21 09:02:27 | WARNING  | src.core.data_fetcher:inner:206 | 东方财富数据源失败: 'int' object has no attribute 'startswith'
2026-03-21 09:02:27 | INFO     | src.core.data_fetcher:inner:210 | 尝试使用腾讯数据源获取 2371 K线数据
2026-03-21 09:02:27 | WARNING  | src.core.data_fetcher:inner:228 | 腾讯数据源失败: 'int' object has no attribute 'startswith'
2026-03-21 09:02:27 | INFO     | src.core.data_fetcher:inner:232 | 尝试使用新浪数据源获取 2371 K线数据
2026-03-21 09:02:27 | WARNING  | src.core.data_fetcher:inner:241 | 新浪数据源失败: 'int' object has no attribute 'startswith'
2026-03-21 09:02:27 | ERROR    | src.core.data_fetcher:inner:245 | 所有数据源都失败: 东方财富数据源: 'int' object has no attribute 'startswith'; 腾讯数据源: 'int' object has no attribute 'startswith'; 新浪数据源: 'int' object has no attribute 'startswith'
2026-03-21 09:02:27 | WARNING  | src.utils.common:wrapper:95 | 尝试 2/3 失败: 无法获取K线数据，所有数据源都失败: 东方财富数据源: 'int' object has no attribute 'startswith'; 腾讯数据源: 'int' object has no attribute 'startswith'; 新浪数据源: 'int' object has no attribute 'startswith'
2026-03-21 09:02:29 | INFO     | src.core.data_fetcher:inner:185 | 获取股票 2371 daily K线数据
2026-03-21 09:02:29 | INFO     | src.core.data_fetcher:inner:192 | 尝试使用东方财富数据源获取 2371 K线数据
2026-03-21 09:02:29 | WARNING  | src.core.data_fetcher:inner:206 | 东方财富数据源失败: 'int' object has no attribute 'startswith'
2026-03-21 09:02:29 | INFO     | src.core.data_fetcher:inner:210 | 尝试使用腾讯数据源获取 2371 K线数据
2026-03-21 09:02:29 | WARNING  | src.core.data_fetcher:inner:228 | 腾讯数据源失败: 'int' object has no attribute 'startswith'
2026-03-21 09:02:29 | INFO     | src.core.data_fetcher:inner:232 | 尝试使用新浪数据源获取 2371 K线数据
2026-03-21 09:02:29 | WARNING  | src.core.data_fetcher:inner:241 | 新浪数据源失败: 'int' object has no attribute 'startswith'
2026-03-21 09:02:29 | ERROR    | src.core.data_fetcher:inner:245 | 所有数据源都失败: 东方财富数据源: 'int' object has no attribute 'startswith'; 腾讯数据源: 'int' object has no attribute 'startswith'; 新浪数据源: 'int' object has no attribute 'startswith'
2026-03-21 09:02:29 | WARNING  | src.utils.common:wrapper:95 | 尝试 3/3 失败: 无法获取K线数据，所有数据源都失败: 东方财富数据源: 'int' object has no attribute 'startswith'; 腾讯数据源: 'int' object has no attribute 'startswith'; 新浪数据源: 'int' object has no attribute 'startswith'
2026-03-21 09:02:29 | ERROR    | src.utils.common:wrapper:99 | 所有尝试都失败: 无法获取K线数据，所有数据源都失败: 东方财富数据源: 'int' object has no attribute 'startswith'; 腾讯数据源: 'int' object has no attribute 'startswith'; 新浪数据源: 'int' object has no attribute 'startswith'
2026-03-21 09:02:29 | ERROR    | src.update_data:update_data:151 | 更新股票 2371 K线数据失败: 无法获取K线数据，所有数据源都失败: 东方财富数据源: 'int' object has no attribute 'startswith'; 腾讯数据源: 'int' object has no attribute 'startswith'; 新浪数据源: 'int' object has no attribute 'startswith'
2026-03-21 09:02:29 | INFO     | src.core.data_fetcher:inner:185 | 获取股票 301005 daily K线数据
2026-03-21 09:02:29 | INFO     | src.core.data_fetcher:inner:192 | 尝试使用东方财富数据源获取 301005 K线数据
2026-03-21 09:02:29 | WARNING  | src.core.data_fetcher:inner:206 | 东方财富数据源失败: 'int' object has no attribute 'startswith'
2026-03-21 09:02:29 | INFO     | src.core.data_fetcher:inner:210 | 尝试使用腾讯数据源获取 301005 K线数据
2026-03-21 09:02:29 | WARNING  | src.core.data_fetcher:inner:228 | 腾讯数据源失败: 'int' object has no attribute 'startswith'
2026-03-21 09:02:29 | INFO     | src.core.data_fetcher:inner:232 | 尝试使用新浪数据源获取 301005 K线数据
2026-03-21 09:02:29 | WARNING  | src.core.data_fetcher:inner:241 | 新浪数据源失败: 'int' object has no attribute 'startswith'
2026-03-21 09:02:29 | ERROR    | src.core.data_fetcher:inner:245 | 所有数据源都失败: 东方财富数据源: 'int' object has no attribute 'startswith'; 腾讯数据源: 'int' object has no attribute 'startswith'; 新浪数据源: 'int' object has no attribute 'startswith'
2026-03-21 09:02:29 | WARNING  | src.utils.common:wrapper:95 | 尝试 1/3 失败: 无法获取K线数据，所有数据源都失败: 东方财富数据源: 'int' object has no attribute 'startswith'; 腾讯数据源: 'int' object has no attribute 'startswith'; 新浪数据源: 'int' object has no attribute 'startswith'
2026-03-21 09:02:31 | INFO     | src.core.data_fetcher:inner:185 | 获取股票 301005 daily K线数据
2026-03-21 09:02:31 | INFO     | src.core.data_fetcher:inner:192 | 尝试使用东方财富数据源获取 301005 K线数据
2026-03-21 09:02:31 | WARNING  | src.core.data_fetcher:inner:206 | 东方财富数据源失败: 'int' object has no attribute 'startswith'
2026-03-21 09:02:31 | INFO     | src.core.data_fetcher:inner:210 | 尝试使用腾讯数据源获取 301005 K线数据
2026-03-21 09:02:31 | WARNING  | src.core.data_fetcher:inner:228 | 腾讯数据源失败: 'int' object has no attribute 'startswith'
2026-03-21 09:02:31 | INFO     | src.core.data_fetcher:inner:232 | 尝试使用新浪数据源获取 301005 K线数据
2026-03-21 09:02:31 | WARNING  | src.core.data_fetcher:inner:241 | 新浪数据源失败: 'int' object has no attribute 'startswith'
2026-03-21 09:02:31 | ERROR    | src.core.data_fetcher:inner:245 | 所有数据源都失败: 东方财富数据源: 'int' object has no attribute 'startswith'; 腾讯数据源: 'int' object has no attribute 'startswith'; 新浪数据源: 'int' object has no attribute 'startswith'
2026-03-21 09:02:31 | WARNING  | src.utils.common:wrapper:95 | 尝试 2/3 失败: 无法获取K线数据，所有数据源都失败: 东方财富数据源: 'int' object has no attribute 'startswith'; 腾讯数据源: 'int' object has no attribute 'startswith'; 新浪数据源: 'int' object has no attribute 'startswith'
2026-03-21 09:02:33 | INFO     | src.core.data_fetcher:inner:185 | 获取股票 301005 daily K线数据
2026-03-21 09:02:33 | INFO     | src.core.data_fetcher:inner:192 | 尝试使用东方财富数据源获取 301005 K线数据
2026-03-21 09:02:33 | WARNING  | src.core.data_fetcher:inner:206 | 东方财富数据源失败: 'int' object has no attribute 'startswith'
2026-03-21 09:02:33 | INFO     | src.core.data_fetcher:inner:210 | 尝试使用腾讯数据源获取 301005 K线数据
2026-03-21 09:02:33 | WARNING  | src.core.data_fetcher:inner:228 | 腾讯数据源失败: 'int' object has no attribute 'startswith'
2026-03-21 09:02:33 | INFO     | src.core.data_fetcher:inner:232 | 尝试使用新浪数据源获取 301005 K线数据
2026-03-21 09:02:33 | WARNING  | src.core.data_fetcher:inner:241 | 新浪数据源失败: 'int' object has no attribute 'startswith'
2026-03-21 09:02:33 | ERROR    | src.core.data_fetcher:inner:245 | 所有数据源都失败: 东方财富数据源: 'int' object has no attribute 'startswith'; 腾讯数据源: 'int' object has no attribute 'startswith'; 新浪数据源: 'int' object has no attribute 'startswith'
2026-03-21 09:02:33 | WARNING  | src.utils.common:wrapper:95 | 尝试 3/3 失败: 无法获取K线数据，所有数据源都失败: 东方财富数据源: 'int' object has no attribute 'startswith'; 腾讯数据源: 'int' object has no attribute 'startswith'; 新浪数据源: 'int' object has no attribute 'startswith'
2026-03-21 09:02:33 | ERROR    | src.utils.common:wrapper:99 | 所有尝试都失败: 无法获取K线数据，所有数据源都失败: 东方财富数据源: 'int' object has no attribute 'startswith'; 腾讯数据源: 'int' object has no attribute 'startswith'; 新浪数据源: 'int' object has no attribute 'startswith'
2026-03-21 09:02:33 | ERROR    | src.update_data:update_data:151 | 更新股票 301005 K线数据失败: 无法获取K线数据，所有数据源都失败: 东方财富数据源: 'int' object has no attribute 'startswith'; 腾讯数据源: 'int' object has no attribute 'startswith'; 新浪数据源: 'int' object has no attribute 'startswith'
2026-03-21 09:02:33 | INFO     | src.core.data_fetcher:inner:185 | 获取股票 603986 daily K线数据
2026-03-21 09:02:33 | INFO     | src.core.data_fetcher:inner:192 | 尝试使用东方财富数据源获取 603986 K线数据
2026-03-21 09:02:33 | WARNING  | src.core.data_fetcher:inner:206 | 东方财富数据源失败: 'int' object has no attribute 'startswith'
2026-03-21 09:02:33 | INFO     | src.core.data_fetcher:inner:210 | 尝试使用腾讯数据源获取 603986 K线数据
2026-03-21 09:02:33 | WARNING  | src.core.data_fetcher:inner:228 | 腾讯数据源失败: 'int' object has no attribute 'startswith'
2026-03-21 09:02:33 | INFO     | src.core.data_fetcher:inner:232 | 尝试使用新浪数据源获取 603986 K线数据
2026-03-21 09:02:33 | WARNING  | src.core.data_fetcher:inner:241 | 新浪数据源失败: 'int' object has no attribute 'startswith'
2026-03-21 09:02:33 | ERROR    | src.core.data_fetcher:inner:245 | 所有数据源都失败: 东方财富数据源: 'int' object has no attribute 'startswith'; 腾讯数据源: 'int' object has no attribute 'startswith'; 新浪数据源: 'int' object has no attribute 'startswith'
2026-03-21 09:02:33 | WARNING  | src.utils.common:wrapper:95 | 尝试 1/3 失败: 无法获取K线数据，所有数据源都失败: 东方财富数据源: 'int' object has no attribute 'startswith'; 腾讯数据源: 'int' object has no attribute 'startswith'; 新浪数据源: 'int' object has no attribute 'startswith'
2026-03-21 09:02:35 | INFO     | src.core.data_fetcher:inner:185 | 获取股票 603986 daily K线数据
2026-03-21 09:02:35 | INFO     | src.core.data_fetcher:inner:192 | 尝试使用东方财富数据源获取 603986 K线数据
2026-03-21 09:02:35 | WARNING  | src.core.data_fetcher:inner:206 | 东方财富数据源失败: 'int' object has no attribute 'startswith'
2026-03-21 09:02:35 | INFO     | src.core.data_fetcher:inner:210 | 尝试使用腾讯数据源获取 603986 K线数据
2026-03-21 09:02:35 | WARNING  | src.core.data_fetcher:inner:228 | 腾讯数据源失败: 'int' object has no attribute 'startswith'
2026-03-21 09:02:35 | INFO     | src.core.data_fetcher:inner:232 | 尝试使用新浪数据源获取 603986 K线数据
2026-03-21 09:02:35 | WARNING  | src.core.data_fetcher:inner:241 | 新浪数据源失败: 'int' object has no attribute 'startswith'
2026-03-21 09:02:35 | ERROR    | src.core.data_fetcher:inner:245 | 所有数据源都失败: 东方财富数据源: 'int' object has no attribute 'startswith'; 腾讯数据源: 'int' object has no attribute 'startswith'; 新浪数据源: 'int' object has no attribute 'startswith'
2026-03-21 09:02:35 | WARNING  | src.utils.common:wrapper:95 | 尝试 2/3 失败: 无法获取K线数据，所有数据源都失败: 东方财富数据源: 'int' object has no attribute 'startswith'; 腾讯数据源: 'int' object has no attribute 'startswith'; 新浪数据源: 'int' object has no attribute 'startswith'
2026-03-21 09:02:37 | INFO     | src.core.data_fetcher:inner:185 | 获取股票 603986 daily K线数据
2026-03-21 09:02:37 | INFO     | src.core.data_fetcher:inner:192 | 尝试使用东方财富数据源获取 603986 K线数据
2026-03-21 09:02:37 | WARNING  | src.core.data_fetcher:inner:206 | 东方财富数据源失败: 'int' object has no attribute 'startswith'
2026-03-21 09:02:37 | INFO     | src.core.data_fetcher:inner:210 | 尝试使用腾讯数据源获取 603986 K线数据
2026-03-21 09:02:37 | WARNING  | src.core.data_fetcher:inner:228 | 腾讯数据源失败: 'int' object has no attribute 'startswith'
2026-03-21 09:02:37 | INFO     | src.core.data_fetcher:inner:232 | 尝试使用新浪数据源获取 603986 K线数据
2026-03-21 09:02:37 | WARNING  | src.core.data_fetcher:inner:241 | 新浪数据源失败: 'int' object has no attribute 'startswith'
2026-03-21 09:02:37 | ERROR    | src.core.data_fetcher:inner:245 | 所有数据源都失败: 东方财富数据源: 'int' object has no attribute 'startswith'; 腾讯数据源: 'int' object has no attribute 'startswith'; 新浪数据源: 'int' object has no attribute 'startswith'
2026-03-21 09:02:37 | WARNING  | src.utils.common:wrapper:95 | 尝试 3/3 失败: 无法获取K线数据，所有数据源都失败: 东方财富数据源: 'int' object has no attribute 'startswith'; 腾讯数据源: 'int' object has no attribute 'startswith'; 新浪数据源: 'int' object has no attribute 'startswith'
2026-03-21 09:02:37 | ERROR    | src.utils.common:wrapper:99 | 所有尝试都失败: 无法获取K线数据，所有数据源都失败: 东方财富数据源: 'int' object has no attribute 'startswith'; 腾讯数据源: 'int' object has no attribute 'startswith'; 新浪数据源: 'int' object has no attribute 'startswith'
2026-03-21 09:02:37 | ERROR    | src.update_data:update_data:151 | 更新股票 603986 K线数据失败: 无法获取K线数据，所有数据源都失败: 东方财富数据源: 'int' object has no attribute 'startswith'; 腾讯数据源: 'int' object has no attribute 'startswith'; 新浪数据源: 'int' object has no attribute 'startswith'
2026-03-21 09:02:37 | INFO     | src.core.data_fetcher:inner:185 | 获取股票 300502 daily K线数据
2026-03-21 09:02:37 | INFO     | src.core.data_fetcher:inner:192 | 尝试使用东方财富数据源获取 300502 K线数据
2026-03-21 09:02:37 | WARNING  | src.core.data_fetcher:inner:206 | 东方财富数据源失败: 'int' object has no attribute 'startswith'
2026-03-21 09:02:37 | INFO     | src.core.data_fetcher:inner:210 | 尝试使用腾讯数据源获取 300502 K线数据
2026-03-21 09:02:37 | WARNING  | src.core.data_fetcher:inner:228 | 腾讯数据源失败: 'int' object has no attribute 'startswith'
2026-03-21 09:02:37 | INFO     | src.core.data_fetcher:inner:232 | 尝试使用新浪数据源获取 300502 K线数据
2026-03-21 09:02:37 | WARNING  | src.core.data_fetcher:inner:241 | 新浪数据源失败: 'int' object has no attribute 'startswith'
2026-03-21 09:02:37 | ERROR    | src.core.data_fetcher:inner:245 | 所有数据源都失败: 东方财富数据源: 'int' object has no attribute 'startswith'; 腾讯数据源: 'int' object has no attribute 'startswith'; 新浪数据源: 'int' object has no attribute 'startswith'
2026-03-21 09:02:37 | WARNING  | src.utils.common:wrapper:95 | 尝试 1/3 失败: 无法获取K线数据，所有数据源都失败: 东方财富数据源: 'int' object has no attribute 'startswith'; 腾讯数据源: 'int' object has no attribute 'startswith'; 新浪数据源: 'int' object has no attribute 'startswith'
2026-03-21 09:02:39 | INFO     | src.core.data_fetcher:inner:185 | 获取股票 300502 daily K线数据
2026-03-21 09:02:39 | INFO     | src.core.data_fetcher:inner:192 | 尝试使用东方财富数据源获取 300502 K线数据
2026-03-21 09:02:39 | WARNING  | src.core.data_fetcher:inner:206 | 东方财富数据源失败: 'int' object has no attribute 'startswith'
2026-03-21 09:02:39 | INFO     | src.core.data_fetcher:inner:210 | 尝试使用腾讯数据源获取 300502 K线数据
2026-03-21 09:02:39 | WARNING  | src.core.data_fetcher:inner:228 | 腾讯数据源失败: 'int' object has no attribute 'startswith'
2026-03-21 09:02:39 | INFO     | src.core.data_fetcher:inner:232 | 尝试使用新浪数据源获取 300502 K线数据
2026-03-21 09:02:39 | WARNING  | src.core.data_fetcher:inner:241 | 新浪数据源失败: 'int' object has no attribute 'startswith'
2026-03-21 09:02:39 | ERROR    | src.core.data_fetcher:inner:245 | 所有数据源都失败: 东方财富数据源: 'int' object has no attribute 'startswith'; 腾讯数据源: 'int' object has no attribute 'startswith'; 新浪数据源: 'int' object has no attribute 'startswith'
2026-03-21 09:02:39 | WARNING  | src.utils.common:wrapper:95 | 尝试 2/3 失败: 无法获取K线数据，所有数据源都失败: 东方财富数据源: 'int' object has no attribute 'startswith'; 腾讯数据源: 'int' object has no attribute 'startswith'; 新浪数据源: 'int' object has no attribute 'startswith'
2026-03-21 09:02:41 | INFO     | src.core.data_fetcher:inner:185 | 获取股票 300502 daily K线数据
2026-03-21 09:02:41 | INFO     | src.core.data_fetcher:inner:192 | 尝试使用东方财富数据源获取 300502 K线数据
2026-03-21 09:02:41 | WARNING  | src.core.data_fetcher:inner:206 | 东方财富数据源失败: 'int' object has no attribute 'startswith'
2026-03-21 09:02:41 | INFO     | src.core.data_fetcher:inner:210 | 尝试使用腾讯数据源获取 300502 K线数据
2026-03-21 09:02:41 | WARNING  | src.core.data_fetcher:inner:228 | 腾讯数据源失败: 'int' object has no attribute 'startswith'
2026-03-21 09:02:41 | INFO     | src.core.data_fetcher:inner:232 | 尝试使用新浪数据源获取 300502 K线数据
2026-03-21 09:02:41 | WARNING  | src.core.data_fetcher:inner:241 | 新浪数据源失败: 'int' object has no attribute 'startswith'
2026-03-21 09:02:41 | ERROR    | src.core.data_fetcher:inner:245 | 所有数据源都失败: 东方财富数据源: 'int' object has no attribute 'startswith'; 腾讯数据源: 'int' object has no attribute 'startswith'; 新浪数据源: 'int' object has no attribute 'startswith'
2026-03-21 09:02:41 | WARNING  | src.utils.common:wrapper:95 | 尝试 3/3 失败: 无法获取K线数据，所有数据源都失败: 东方财富数据源: 'int' object has no attribute 'startswith'; 腾讯数据源: 'int' object has no attribute 'startswith'; 新浪数据源: 'int' object has no attribute 'startswith'
2026-03-21 09:02:41 | ERROR    | src.utils.common:wrapper:99 | 所有尝试都失败: 无法获取K线数据，所有数据源都失败: 东方财富数据源: 'int' object has no attribute 'startswith'; 腾讯数据源: 'int' object has no attribute 'startswith'; 新浪数据源: 'int' object has no attribute 'startswith'
2026-03-21 09:02:41 | ERROR    | src.update_data:update_data:151 | 更新股票 300502 K线数据失败: 无法获取K线数据，所有数据源都失败: 东方财富数据源: 'int' object has no attribute 'startswith'; 腾讯数据源: 'int' object has no attribute 'startswith'; 新浪数据源: 'int' object has no attribute 'startswith'
2026-03-21 09:02:41 | INFO     | src.core.data_fetcher:inner:185 | 获取股票 601689 daily K线数据
2026-03-21 09:02:41 | INFO     | src.core.data_fetcher:inner:192 | 尝试使用东方财富数据源获取 601689 K线数据
2026-03-21 09:02:41 | WARNING  | src.core.data_fetcher:inner:206 | 东方财富数据源失败: 'int' object has no attribute 'startswith'
2026-03-21 09:02:41 | INFO     | src.core.data_fetcher:inner:210 | 尝试使用腾讯数据源获取 601689 K线数据
2026-03-21 09:02:41 | WARNING  | src.core.data_fetcher:inner:228 | 腾讯数据源失败: 'int' object has no attribute 'startswith'
2026-03-21 09:02:41 | INFO     | src.core.data_fetcher:inner:232 | 尝试使用新浪数据源获取 601689 K线数据
2026-03-21 09:02:41 | WARNING  | src.core.data_fetcher:inner:241 | 新浪数据源失败: 'int' object has no attribute 'startswith'
2026-03-21 09:02:41 | ERROR    | src.core.data_fetcher:inner:245 | 所有数据源都失败: 东方财富数据源: 'int' object has no attribute 'startswith'; 腾讯数据源: 'int' object has no attribute 'startswith'; 新浪数据源: 'int' object has no attribute 'startswith'
2026-03-21 09:02:41 | WARNING  | src.utils.common:wrapper:95 | 尝试 1/3 失败: 无法获取K线数据，所有数据源都失败: 东方财富数据源: 'int' object has no attribute 'startswith'; 腾讯数据源: 'int' object has no attribute 'startswith'; 新浪数据源: 'int' object has no attribute 'startswith'
2026-03-21 09:02:43 | INFO     | src.core.data_fetcher:inner:185 | 获取股票 601689 daily K线数据
2026-03-21 09:02:43 | INFO     | src.core.data_fetcher:inner:192 | 尝试使用东方财富数据源获取 601689 K线数据
2026-03-21 09:02:43 | WARNING  | src.core.data_fetcher:inner:206 | 东方财富数据源失败: 'int' object has no attribute 'startswith'
2026-03-21 09:02:43 | INFO     | src.core.data_fetcher:inner:210 | 尝试使用腾讯数据源获取 601689 K线数据
2026-03-21 09:02:43 | WARNING  | src.core.data_fetcher:inner:228 | 腾讯数据源失败: 'int' object has no attribute 'startswith'
2026-03-21 09:02:43 | INFO     | src.core.data_fetcher:inner:232 | 尝试使用新浪数据源获取 601689 K线数据
2026-03-21 09:02:43 | WARNING  | src.core.data_fetcher:inner:241 | 新浪数据源失败: 'int' object has no attribute 'startswith'
2026-03-21 09:02:43 | ERROR    | src.core.data_fetcher:inner:245 | 所有数据源都失败: 东方财富数据源: 'int' object has no attribute 'startswith'; 腾讯数据源: 'int' object has no attribute 'startswith'; 新浪数据源: 'int' object has no attribute 'startswith'
2026-03-21 09:02:43 | WARNING  | src.utils.common:wrapper:95 | 尝试 2/3 失败: 无法获取K线数据，所有数据源都失败: 东方财富数据源: 'int' object has no attribute 'startswith'; 腾讯数据源: 'int' object has no attribute 'startswith'; 新浪数据源: 'int' object has no attribute 'startswith'
2026-03-21 09:02:45 | INFO     | src.core.data_fetcher:inner:185 | 获取股票 601689 daily K线数据
2026-03-21 09:02:45 | INFO     | src.core.data_fetcher:inner:192 | 尝试使用东方财富数据源获取 601689 K线数据
2026-03-21 09:02:45 | WARNING  | src.core.data_fetcher:inner:206 | 东方财富数据源失败: 'int' object has no attribute 'startswith'
2026-03-21 09:02:45 | INFO     | src.core.data_fetcher:inner:210 | 尝试使用腾讯数据源获取 601689 K线数据
2026-03-21 09:02:45 | WARNING  | src.core.data_fetcher:inner:228 | 腾讯数据源失败: 'int' object has no attribute 'startswith'
2026-03-21 09:02:45 | INFO     | src.core.data_fetcher:inner:232 | 尝试使用新浪数据源获取 601689 K线数据
2026-03-21 09:02:45 | WARNING  | src.core.data_fetcher:inner:241 | 新浪数据源失败: 'int' object has no attribute 'startswith'
2026-03-21 09:02:45 | ERROR    | src.core.data_fetcher:inner:245 | 所有数据源都失败: 东方财富数据源: 'int' object has no attribute 'startswith'; 腾讯数据源: 'int' object has no attribute 'startswith'; 新浪数据源: 'int' object has no attribute 'startswith'
2026-03-21 09:02:45 | WARNING  | src.utils.common:wrapper:95 | 尝试 3/3 失败: 无法获取K线数据，所有数据源都失败: 东方财富数据源: 'int' object has no attribute 'startswith'; 腾讯数据源: 'int' object has no attribute 'startswith'; 新浪数据源: 'int' object has no attribute 'startswith'
2026-03-21 09:02:45 | ERROR    | src.utils.common:wrapper:99 | 所有尝试都失败: 无法获取K线数据，所有数据源都失败: 东方财富数据源: 'int' object has no attribute 'startswith'; 腾讯数据源: 'int' object has no attribute 'startswith'; 新浪数据源: 'int' object has no attribute 'startswith'
2026-03-21 09:02:45 | ERROR    | src.update_data:update_data:151 | 更新股票 601689 K线数据失败: 无法获取K线数据，所有数据源都失败: 东方财富数据源: 'int' object has no attribute 'startswith'; 腾讯数据源: 'int' object has no attribute 'startswith'; 新浪数据源: 'int' object has no attribute 'startswith'
2026-03-21 09:02:45 | INFO     | src.core.data_fetcher:inner:185 | 获取股票 300762 daily K线数据
2026-03-21 09:02:45 | INFO     | src.core.data_fetcher:inner:192 | 尝试使用东方财富数据源获取 300762 K线数据
2026-03-21 09:02:45 | WARNING  | src.core.data_fetcher:inner:206 | 东方财富数据源失败: 'int' object has no attribute 'startswith'
2026-03-21 09:02:45 | INFO     | src.core.data_fetcher:inner:210 | 尝试使用腾讯数据源获取 300762 K线数据
2026-03-21 09:02:45 | WARNING  | src.core.data_fetcher:inner:228 | 腾讯数据源失败: 'int' object has no attribute 'startswith'
2026-03-21 09:02:45 | INFO     | src.core.data_fetcher:inner:232 | 尝试使用新浪数据源获取 300762 K线数据
2026-03-21 09:02:45 | WARNING  | src.core.data_fetcher:inner:241 | 新浪数据源失败: 'int' object has no attribute 'startswith'
2026-03-21 09:02:45 | ERROR    | src.core.data_fetcher:inner:245 | 所有数据源都失败: 东方财富数据源: 'int' object has no attribute 'startswith'; 腾讯数据源: 'int' object has no attribute 'startswith'; 新浪数据源: 'int' object has no attribute 'startswith'
2026-03-21 09:02:45 | WARNING  | src.utils.common:wrapper:95 | 尝试 1/3 失败: 无法获取K线数据，所有数据源都失败: 东方财富数据源: 'int' object has no attribute 'startswith'; 腾讯数据源: 'int' object has no attribute 'startswith'; 新浪数据源: 'int' object has no attribute 'startswith'
2026-03-21 09:02:47 | INFO     | src.core.data_fetcher:inner:185 | 获取股票 300762 daily K线数据
2026-03-21 09:02:47 | INFO     | src.core.data_fetcher:inner:192 | 尝试使用东方财富数据源获取 300762 K线数据
2026-03-21 09:02:47 | WARNING  | src.core.data_fetcher:inner:206 | 东方财富数据源失败: 'int' object has no attribute 'startswith'
2026-03-21 09:02:47 | INFO     | src.core.data_fetcher:inner:210 | 尝试使用腾讯数据源获取 300762 K线数据
2026-03-21 09:02:47 | WARNING  | src.core.data_fetcher:inner:228 | 腾讯数据源失败: 'int' object has no attribute 'startswith'
2026-03-21 09:02:47 | INFO     | src.core.data_fetcher:inner:232 | 尝试使用新浪数据源获取 300762 K线数据
2026-03-21 09:02:47 | WARNING  | src.core.data_fetcher:inner:241 | 新浪数据源失败: 'int' object has no attribute 'startswith'
2026-03-21 09:02:47 | ERROR    | src.core.data_fetcher:inner:245 | 所有数据源都失败: 东方财富数据源: 'int' object has no attribute 'startswith'; 腾讯数据源: 'int' object has no attribute 'startswith'; 新浪数据源: 'int' object has no attribute 'startswith'
2026-03-21 09:02:47 | WARNING  | src.utils.common:wrapper:95 | 尝试 2/3 失败: 无法获取K线数据，所有数据源都失败: 东方财富数据源: 'int' object has no attribute 'startswith'; 腾讯数据源: 'int' object has no attribute 'startswith'; 新浪数据源: 'int' object has no attribute 'startswith'
2026-03-21 09:02:49 | INFO     | src.core.data_fetcher:inner:185 | 获取股票 300762 daily K线数据
2026-03-21 09:02:49 | INFO     | src.core.data_fetcher:inner:192 | 尝试使用东方财富数据源获取 300762 K线数据
2026-03-21 09:02:49 | WARNING  | src.core.data_fetcher:inner:206 | 东方财富数据源失败: 'int' object has no attribute 'startswith'
2026-03-21 09:02:49 | INFO     | src.core.data_fetcher:inner:210 | 尝试使用腾讯数据源获取 300762 K线数据
2026-03-21 09:02:49 | WARNING  | src.core.data_fetcher:inner:228 | 腾讯数据源失败: 'int' object has no attribute 'startswith'
2026-03-21 09:02:49 | INFO     | src.core.data_fetcher:inner:232 | 尝试使用新浪数据源获取 300762 K线数据
2026-03-21 09:02:49 | WARNING  | src.core.data_fetcher:inner:241 | 新浪数据源失败: 'int' object has no attribute 'startswith'
2026-03-21 09:02:49 | ERROR    | src.core.data_fetcher:inner:245 | 所有数据源都失败: 东方财富数据源: 'int' object has no attribute 'startswith'; 腾讯数据源: 'int' object has no attribute 'startswith'; 新浪数据源: 'int' object has no attribute 'startswith'
2026-03-21 09:02:49 | WARNING  | src.utils.common:wrapper:95 | 尝试 3/3 失败: 无法获取K线数据，所有数据源都失败: 东方财富数据源: 'int' object has no attribute 'startswith'; 腾讯数据源: 'int' object has no attribute 'startswith'; 新浪数据源: 'int' object has no attribute 'startswith'
2026-03-21 09:02:49 | ERROR    | src.utils.common:wrapper:99 | 所有尝试都失败: 无法获取K线数据，所有数据源都失败: 东方财富数据源: 'int' object has no attribute 'startswith'; 腾讯数据源: 'int' object has no attribute 'startswith'; 新浪数据源: 'int' object has no attribute 'startswith'
2026-03-21 09:02:49 | ERROR    | src.update_data:update_data:151 | 更新股票 300762 K线数据失败: 无法获取K线数据，所有数据源都失败: 东方财富数据源: 'int' object has no attribute 'startswith'; 腾讯数据源: 'int' object has no attribute 'startswith'; 新浪数据源: 'int' object has no attribute 'startswith'
2026-03-21 09:02:49 | INFO     | src.core.data_fetcher:inner:185 | 获取股票 688347 daily K线数据
2026-03-21 09:02:49 | INFO     | src.core.data_fetcher:inner:192 | 尝试使用东方财富数据源获取 688347 K线数据
2026-03-21 09:02:49 | WARNING  | src.core.data_fetcher:inner:206 | 东方财富数据源失败: 'int' object has no attribute 'startswith'
2026-03-21 09:02:49 | INFO     | src.core.data_fetcher:inner:210 | 尝试使用腾讯数据源获取 688347 K线数据
2026-03-21 09:02:49 | WARNING  | src.core.data_fetcher:inner:228 | 腾讯数据源失败: 'int' object has no attribute 'startswith'
2026-03-21 09:02:49 | INFO     | src.core.data_fetcher:inner:232 | 尝试使用新浪数据源获取 688347 K线数据
2026-03-21 09:02:49 | WARNING  | src.core.data_fetcher:inner:241 | 新浪数据源失败: 'int' object has no attribute 'startswith'
2026-03-21 09:02:49 | ERROR    | src.core.data_fetcher:inner:245 | 所有数据源都失败: 东方财富数据源: 'int' object has no attribute 'startswith'; 腾讯数据源: 'int' object has no attribute 'startswith'; 新浪数据源: 'int' object has no attribute 'startswith'
2026-03-21 09:02:49 | WARNING  | src.utils.common:wrapper:95 | 尝试 1/3 失败: 无法获取K线数据，所有数据源都失败: 东方财富数据源: 'int' object has no attribute 'startswith'; 腾讯数据源: 'int' object has no attribute 'startswith'; 新浪数据源: 'int' object has no attribute 'startswith'
2026-03-21 09:02:51 | INFO     | src.core.data_fetcher:inner:185 | 获取股票 688347 daily K线数据
2026-03-21 09:02:51 | INFO     | src.core.data_fetcher:inner:192 | 尝试使用东方财富数据源获取 688347 K线数据
2026-03-21 09:02:51 | WARNING  | src.core.data_fetcher:inner:206 | 东方财富数据源失败: 'int' object has no attribute 'startswith'
2026-03-21 09:02:51 | INFO     | src.core.data_fetcher:inner:210 | 尝试使用腾讯数据源获取 688347 K线数据
2026-03-21 09:02:51 | WARNING  | src.core.data_fetcher:inner:228 | 腾讯数据源失败: 'int' object has no attribute 'startswith'
2026-03-21 09:02:51 | INFO     | src.core.data_fetcher:inner:232 | 尝试使用新浪数据源获取 688347 K线数据
2026-03-21 09:02:51 | WARNING  | src.core.data_fetcher:inner:241 | 新浪数据源失败: 'int' object has no attribute 'startswith'
2026-03-21 09:02:51 | ERROR    | src.core.data_fetcher:inner:245 | 所有数据源都失败: 东方财富数据源: 'int' object has no attribute 'startswith'; 腾讯数据源: 'int' object has no attribute 'startswith'; 新浪数据源: 'int' object has no attribute 'startswith'
2026-03-21 09:02:51 | WARNING  | src.utils.common:wrapper:95 | 尝试 2/3 失败: 无法获取K线数据，所有数据源都失败: 东方财富数据源: 'int' object has no attribute 'startswith'; 腾讯数据源: 'int' object has no attribute 'startswith'; 新浪数据源: 'int' object has no attribute 'startswith'
2026-03-21 09:02:53 | INFO     | src.core.data_fetcher:inner:185 | 获取股票 688347 daily K线数据
2026-03-21 09:02:53 | INFO     | src.core.data_fetcher:inner:192 | 尝试使用东方财富数据源获取 688347 K线数据
2026-03-21 09:02:53 | WARNING  | src.core.data_fetcher:inner:206 | 东方财富数据源失败: 'int' object has no attribute 'startswith'
2026-03-21 09:02:53 | INFO     | src.core.data_fetcher:inner:210 | 尝试使用腾讯数据源获取 688347 K线数据
2026-03-21 09:02:53 | WARNING  | src.core.data_fetcher:inner:228 | 腾讯数据源失败: 'int' object has no attribute 'startswith'
2026-03-21 09:02:53 | INFO     | src.core.data_fetcher:inner:232 | 尝试使用新浪数据源获取 688347 K线数据
2026-03-21 09:02:53 | WARNING  | src.core.data_fetcher:inner:241 | 新浪数据源失败: 'int' object has no attribute 'startswith'
2026-03-21 09:02:53 | ERROR    | src.core.data_fetcher:inner:245 | 所有数据源都失败: 东方财富数据源: 'int' object has no attribute 'startswith'; 腾讯数据源: 'int' object has no attribute 'startswith'; 新浪数据源: 'int' object has no attribute 'startswith'
2026-03-21 09:02:53 | WARNING  | src.utils.common:wrapper:95 | 尝试 3/3 失败: 无法获取K线数据，所有数据源都失败: 东方财富数据源: 'int' object has no attribute 'startswith'; 腾讯数据源: 'int' object has no attribute 'startswith'; 新浪数据源: 'int' object has no attribute 'startswith'
2026-03-21 09:02:53 | ERROR    | src.utils.common:wrapper:99 | 所有尝试都失败: 无法获取K线数据，所有数据源都失败: 东方财富数据源: 'int' object has no attribute 'startswith'; 腾讯数据源: 'int' object has no attribute 'startswith'; 新浪数据源: 'int' object has no attribute 'startswith'
2026-03-21 09:02:53 | ERROR    | src.update_data:update_data:151 | 更新股票 688347 K线数据失败: 无法获取K线数据，所有数据源都失败: 东方财富数据源: 'int' object has no attribute 'startswith'; 腾讯数据源: 'int' object has no attribute 'startswith'; 新浪数据源: 'int' object has no attribute 'startswith'
2026-03-21 09:02:53 | INFO     | src.core.data_fetcher:inner:185 | 获取股票 301150 daily K线数据
2026-03-21 09:02:53 | INFO     | src.core.data_fetcher:inner:192 | 尝试使用东方财富数据源获取 301150 K线数据
2026-03-21 09:02:53 | WARNING  | src.core.data_fetcher:inner:206 | 东方财富数据源失败: 'int' object has no attribute 'startswith'
2026-03-21 09:02:53 | INFO     | src.core.data_fetcher:inner:210 | 尝试使用腾讯数据源获取 301150 K线数据
2026-03-21 09:02:53 | WARNING  | src.core.data_fetcher:inner:228 | 腾讯数据源失败: 'int' object has no attribute 'startswith'
2026-03-21 09:02:53 | INFO     | src.core.data_fetcher:inner:232 | 尝试使用新浪数据源获取 301150 K线数据
2026-03-21 09:02:53 | WARNING  | src.core.data_fetcher:inner:241 | 新浪数据源失败: 'int' object has no attribute 'startswith'
2026-03-21 09:02:53 | ERROR    | src.core.data_fetcher:inner:245 | 所有数据源都失败: 东方财富数据源: 'int' object has no attribute 'startswith'; 腾讯数据源: 'int' object has no attribute 'startswith'; 新浪数据源: 'int' object has no attribute 'startswith'
2026-03-21 09:02:53 | WARNING  | src.utils.common:wrapper:95 | 尝试 1/3 失败: 无法获取K线数据，所有数据源都失败: 东方财富数据源: 'int' object has no attribute 'startswith'; 腾讯数据源: 'int' object has no attribute 'startswith'; 新浪数据源: 'int' object has no attribute 'startswith'
2026-03-21 09:02:55 | INFO     | src.core.data_fetcher:inner:185 | 获取股票 301150 daily K线数据
2026-03-21 09:02:55 | INFO     | src.core.data_fetcher:inner:192 | 尝试使用东方财富数据源获取 301150 K线数据
2026-03-21 09:02:55 | WARNING  | src.core.data_fetcher:inner:206 | 东方财富数据源失败: 'int' object has no attribute 'startswith'
2026-03-21 09:02:55 | INFO     | src.core.data_fetcher:inner:210 | 尝试使用腾讯数据源获取 301150 K线数据
2026-03-21 09:02:55 | WARNING  | src.core.data_fetcher:inner:228 | 腾讯数据源失败: 'int' object has no attribute 'startswith'
2026-03-21 09:02:55 | INFO     | src.core.data_fetcher:inner:232 | 尝试使用新浪数据源获取 301150 K线数据
2026-03-21 09:02:55 | WARNING  | src.core.data_fetcher:inner:241 | 新浪数据源失败: 'int' object has no attribute 'startswith'
2026-03-21 09:02:55 | ERROR    | src.core.data_fetcher:inner:245 | 所有数据源都失败: 东方财富数据源: 'int' object has no attribute 'startswith'; 腾讯数据源: 'int' object has no attribute 'startswith'; 新浪数据源: 'int' object has no attribute 'startswith'
2026-03-21 09:02:55 | WARNING  | src.utils.common:wrapper:95 | 尝试 2/3 失败: 无法获取K线数据，所有数据源都失败: 东方财富数据源: 'int' object has no attribute 'startswith'; 腾讯数据源: 'int' object has no attribute 'startswith'; 新浪数据源: 'int' object has no attribute 'startswith'
2026-03-21 09:02:57 | INFO     | src.core.data_fetcher:inner:185 | 获取股票 301150 daily K线数据
2026-03-21 09:02:57 | INFO     | src.core.data_fetcher:inner:192 | 尝试使用东方财富数据源获取 301150 K线数据
2026-03-21 09:02:57 | WARNING  | src.core.data_fetcher:inner:206 | 东方财富数据源失败: 'int' object has no attribute 'startswith'
2026-03-21 09:02:57 | INFO     | src.core.data_fetcher:inner:210 | 尝试使用腾讯数据源获取 301150 K线数据
2026-03-21 09:02:57 | WARNING  | src.core.data_fetcher:inner:228 | 腾讯数据源失败: 'int' object has no attribute 'startswith'
2026-03-21 09:02:57 | INFO     | src.core.data_fetcher:inner:232 | 尝试使用新浪数据源获取 301150 K线数据
2026-03-21 09:02:57 | WARNING  | src.core.data_fetcher:inner:241 | 新浪数据源失败: 'int' object has no attribute 'startswith'
2026-03-21 09:02:57 | ERROR    | src.core.data_fetcher:inner:245 | 所有数据源都失败: 东方财富数据源: 'int' object has no attribute 'startswith'; 腾讯数据源: 'int' object has no attribute 'startswith'; 新浪数据源: 'int' object has no attribute 'startswith'
2026-03-21 09:02:57 | WARNING  | src.utils.common:wrapper:95 | 尝试 3/3 失败: 无法获取K线数据，所有数据源都失败: 东方财富数据源: 'int' object has no attribute 'startswith'; 腾讯数据源: 'int' object has no attribute 'startswith'; 新浪数据源: 'int' object has no attribute 'startswith'
2026-03-21 09:02:57 | ERROR    | src.utils.common:wrapper:99 | 所有尝试都失败: 无法获取K线数据，所有数据源都失败: 东方财富数据源: 'int' object has no attribute 'startswith'; 腾讯数据源: 'int' object has no attribute 'startswith'; 新浪数据源: 'int' object has no attribute 'startswith'
2026-03-21 09:02:57 | ERROR    | src.update_data:update_data:151 | 更新股票 301150 K线数据失败: 无法获取K线数据，所有数据源都失败: 东方财富数据源: 'int' object has no attribute 'startswith'; 腾讯数据源: 'int' object has no attribute 'startswith'; 新浪数据源: 'int' object has no attribute 'startswith'
2026-03-21 09:02:57 | INFO     | src.core.data_fetcher:inner:185 | 获取股票 301662 daily K线数据
2026-03-21 09:02:57 | INFO     | src.core.data_fetcher:inner:192 | 尝试使用东方财富数据源获取 301662 K线数据
2026-03-21 09:02:57 | WARNING  | src.core.data_fetcher:inner:206 | 东方财富数据源失败: 'int' object has no attribute 'startswith'
2026-03-21 09:02:57 | INFO     | src.core.data_fetcher:inner:210 | 尝试使用腾讯数据源获取 301662 K线数据
2026-03-21 09:02:57 | WARNING  | src.core.data_fetcher:inner:228 | 腾讯数据源失败: 'int' object has no attribute 'startswith'
2026-03-21 09:02:57 | INFO     | src.core.data_fetcher:inner:232 | 尝试使用新浪数据源获取 301662 K线数据
2026-03-21 09:02:57 | WARNING  | src.core.data_fetcher:inner:241 | 新浪数据源失败: 'int' object has no attribute 'startswith'
2026-03-21 09:02:57 | ERROR    | src.core.data_fetcher:inner:245 | 所有数据源都失败: 东方财富数据源: 'int' object has no attribute 'startswith'; 腾讯数据源: 'int' object has no attribute 'startswith'; 新浪数据源: 'int' object has no attribute 'startswith'
2026-03-21 09:02:57 | WARNING  | src.utils.common:wrapper:95 | 尝试 1/3 失败: 无法获取K线数据，所有数据源都失败: 东方财富数据源: 'int' object has no attribute 'startswith'; 腾讯数据源: 'int' object has no attribute 'startswith'; 新浪数据源: 'int' object has no attribute 'startswith'
2026-03-21 09:02:59 | INFO     | src.core.data_fetcher:inner:185 | 获取股票 301662 daily K线数据
2026-03-21 09:02:59 | INFO     | src.core.data_fetcher:inner:192 | 尝试使用东方财富数据源获取 301662 K线数据
2026-03-21 09:02:59 | WARNING  | src.core.data_fetcher:inner:206 | 东方财富数据源失败: 'int' object has no attribute 'startswith'
2026-03-21 09:02:59 | INFO     | src.core.data_fetcher:inner:210 | 尝试使用腾讯数据源获取 301662 K线数据
2026-03-21 09:02:59 | WARNING  | src.core.data_fetcher:inner:228 | 腾讯数据源失败: 'int' object has no attribute 'startswith'
2026-03-21 09:02:59 | INFO     | src.core.data_fetcher:inner:232 | 尝试使用新浪数据源获取 301662 K线数据
2026-03-21 09:02:59 | WARNING  | src.core.data_fetcher:inner:241 | 新浪数据源失败: 'int' object has no attribute 'startswith'
2026-03-21 09:02:59 | ERROR    | src.core.data_fetcher:inner:245 | 所有数据源都失败: 东方财富数据源: 'int' object has no attribute 'startswith'; 腾讯数据源: 'int' object has no attribute 'startswith'; 新浪数据源: 'int' object has no attribute 'startswith'
2026-03-21 09:02:59 | WARNING  | src.utils.common:wrapper:95 | 尝试 2/3 失败: 无法获取K线数据，所有数据源都失败: 东方财富数据源: 'int' object has no attribute 'startswith'; 腾讯数据源: 'int' object has no attribute 'startswith'; 新浪数据源: 'int' object has no attribute 'startswith'
2026-03-21 09:03:01 | INFO     | src.core.data_fetcher:inner:185 | 获取股票 301662 daily K线数据
2026-03-21 09:03:01 | INFO     | src.core.data_fetcher:inner:192 | 尝试使用东方财富数据源获取 301662 K线数据
2026-03-21 09:03:01 | WARNING  | src.core.data_fetcher:inner:206 | 东方财富数据源失败: 'int' object has no attribute 'startswith'
2026-03-21 09:03:01 | INFO     | src.core.data_fetcher:inner:210 | 尝试使用腾讯数据源获取 301662 K线数据
2026-03-21 09:03:01 | WARNING  | src.core.data_fetcher:inner:228 | 腾讯数据源失败: 'int' object has no attribute 'startswith'
2026-03-21 09:03:01 | INFO     | src.core.data_fetcher:inner:232 | 尝试使用新浪数据源获取 301662 K线数据
2026-03-21 09:03:01 | WARNING  | src.core.data_fetcher:inner:241 | 新浪数据源失败: 'int' object has no attribute 'startswith'
2026-03-21 09:03:01 | ERROR    | src.core.data_fetcher:inner:245 | 所有数据源都失败: 东方财富数据源: 'int' object has no attribute 'startswith'; 腾讯数据源: 'int' object has no attribute 'startswith'; 新浪数据源: 'int' object has no attribute 'startswith'
2026-03-21 09:03:01 | WARNING  | src.utils.common:wrapper:95 | 尝试 3/3 失败: 无法获取K线数据，所有数据源都失败: 东方财富数据源: 'int' object has no attribute 'startswith'; 腾讯数据源: 'int' object has no attribute 'startswith'; 新浪数据源: 'int' object has no attribute 'startswith'
2026-03-21 09:03:01 | ERROR    | src.utils.common:wrapper:99 | 所有尝试都失败: 无法获取K线数据，所有数据源都失败: 东方财富数据源: 'int' object has no attribute 'startswith'; 腾讯数据源: 'int' object has no attribute 'startswith'; 新浪数据源: 'int' object has no attribute 'startswith'
2026-03-21 09:03:01 | ERROR    | src.update_data:update_data:151 | 更新股票 301662 K线数据失败: 无法获取K线数据，所有数据源都失败: 东方财富数据源: 'int' object has no attribute 'startswith'; 腾讯数据源: 'int' object has no attribute 'startswith'; 新浪数据源: 'int' object has no attribute 'startswith'
2026-03-21 09:03:01 | INFO     | src.core.data_fetcher:inner:185 | 获取股票 601698 daily K线数据
2026-03-21 09:03:01 | INFO     | src.core.data_fetcher:inner:192 | 尝试使用东方财富数据源获取 601698 K线数据
2026-03-21 09:03:01 | WARNING  | src.core.data_fetcher:inner:206 | 东方财富数据源失败: 'int' object has no attribute 'startswith'
2026-03-21 09:03:01 | INFO     | src.core.data_fetcher:inner:210 | 尝试使用腾讯数据源获取 601698 K线数据
2026-03-21 09:03:01 | WARNING  | src.core.data_fetcher:inner:228 | 腾讯数据源失败: 'int' object has no attribute 'startswith'
2026-03-21 09:03:01 | INFO     | src.core.data_fetcher:inner:232 | 尝试使用新浪数据源获取 601698 K线数据
2026-03-21 09:03:01 | WARNING  | src.core.data_fetcher:inner:241 | 新浪数据源失败: 'int' object has no attribute 'startswith'
2026-03-21 09:03:01 | ERROR    | src.core.data_fetcher:inner:245 | 所有数据源都失败: 东方财富数据源: 'int' object has no attribute 'startswith'; 腾讯数据源: 'int' object has no attribute 'startswith'; 新浪数据源: 'int' object has no attribute 'startswith'
2026-03-21 09:03:01 | WARNING  | src.utils.common:wrapper:95 | 尝试 1/3 失败: 无法获取K线数据，所有数据源都失败: 东方财富数据源: 'int' object has no attribute 'startswith'; 腾讯数据源: 'int' object has no attribute 'startswith'; 新浪数据源: 'int' object has no attribute 'startswith'
2026-03-21 09:03:03 | INFO     | src.core.data_fetcher:inner:185 | 获取股票 601698 daily K线数据
2026-03-21 09:03:03 | INFO     | src.core.data_fetcher:inner:192 | 尝试使用东方财富数据源获取 601698 K线数据
2026-03-21 09:03:03 | WARNING  | src.core.data_fetcher:inner:206 | 东方财富数据源失败: 'int' object has no attribute 'startswith'
2026-03-21 09:03:03 | INFO     | src.core.data_fetcher:inner:210 | 尝试使用腾讯数据源获取 601698 K线数据
2026-03-21 09:03:03 | WARNING  | src.core.data_fetcher:inner:228 | 腾讯数据源失败: 'int' object has no attribute 'startswith'
2026-03-21 09:03:03 | INFO     | src.core.data_fetcher:inner:232 | 尝试使用新浪数据源获取 601698 K线数据
2026-03-21 09:03:03 | WARNING  | src.core.data_fetcher:inner:241 | 新浪数据源失败: 'int' object has no attribute 'startswith'
2026-03-21 09:03:03 | ERROR    | src.core.data_fetcher:inner:245 | 所有数据源都失败: 东方财富数据源: 'int' object has no attribute 'startswith'; 腾讯数据源: 'int' object has no attribute 'startswith'; 新浪数据源: 'int' object has no attribute 'startswith'
2026-03-21 09:03:03 | WARNING  | src.utils.common:wrapper:95 | 尝试 2/3 失败: 无法获取K线数据，所有数据源都失败: 东方财富数据源: 'int' object has no attribute 'startswith'; 腾讯数据源: 'int' object has no attribute 'startswith'; 新浪数据源: 'int' object has no attribute 'startswith'
2026-03-21 09:03:05 | INFO     | src.core.data_fetcher:inner:185 | 获取股票 601698 daily K线数据
2026-03-21 09:03:05 | INFO     | src.core.data_fetcher:inner:192 | 尝试使用东方财富数据源获取 601698 K线数据
2026-03-21 09:03:05 | WARNING  | src.core.data_fetcher:inner:206 | 东方财富数据源失败: 'int' object has no attribute 'startswith'
2026-03-21 09:03:05 | INFO     | src.core.data_fetcher:inner:210 | 尝试使用腾讯数据源获取 601698 K线数据
2026-03-21 09:03:05 | WARNING  | src.core.data_fetcher:inner:228 | 腾讯数据源失败: 'int' object has no attribute 'startswith'
2026-03-21 09:03:05 | INFO     | src.core.data_fetcher:inner:232 | 尝试使用新浪数据源获取 601698 K线数据
2026-03-21 09:03:05 | WARNING  | src.core.data_fetcher:inner:241 | 新浪数据源失败: 'int' object has no attribute 'startswith'
2026-03-21 09:03:05 | ERROR    | src.core.data_fetcher:inner:245 | 所有数据源都失败: 东方财富数据源: 'int' object has no attribute 'startswith'; 腾讯数据源: 'int' object has no attribute 'startswith'; 新浪数据源: 'int' object has no attribute 'startswith'
2026-03-21 09:03:05 | WARNING  | src.utils.common:wrapper:95 | 尝试 3/3 失败: 无法获取K线数据，所有数据源都失败: 东方财富数据源: 'int' object has no attribute 'startswith'; 腾讯数据源: 'int' object has no attribute 'startswith'; 新浪数据源: 'int' object has no attribute 'startswith'
2026-03-21 09:03:05 | ERROR    | src.utils.common:wrapper:99 | 所有尝试都失败: 无法获取K线数据，所有数据源都失败: 东方财富数据源: 'int' object has no attribute 'startswith'; 腾讯数据源: 'int' object has no attribute 'startswith'; 新浪数据源: 'int' object has no attribute 'startswith'
2026-03-21 09:03:05 | ERROR    | src.update_data:update_data:151 | 更新股票 601698 K线数据失败: 无法获取K线数据，所有数据源都失败: 东方财富数据源: 'int' object has no attribute 'startswith'; 腾讯数据源: 'int' object has no attribute 'startswith'; 新浪数据源: 'int' object has no attribute 'startswith'
2026-03-21 09:03:05 | INFO     | src.core.data_fetcher:inner:185 | 获取股票 2149 daily K线数据
2026-03-21 09:03:05 | INFO     | src.core.data_fetcher:inner:192 | 尝试使用东方财富数据源获取 2149 K线数据
2026-03-21 09:03:05 | WARNING  | src.core.data_fetcher:inner:206 | 东方财富数据源失败: 'int' object has no attribute 'startswith'
2026-03-21 09:03:05 | INFO     | src.core.data_fetcher:inner:210 | 尝试使用腾讯数据源获取 2149 K线数据
2026-03-21 09:03:05 | WARNING  | src.core.data_fetcher:inner:228 | 腾讯数据源失败: 'int' object has no attribute 'startswith'
2026-03-21 09:03:05 | INFO     | src.core.data_fetcher:inner:232 | 尝试使用新浪数据源获取 2149 K线数据
2026-03-21 09:03:05 | WARNING  | src.core.data_fetcher:inner:241 | 新浪数据源失败: 'int' object has no attribute 'startswith'
2026-03-21 09:03:05 | ERROR    | src.core.data_fetcher:inner:245 | 所有数据源都失败: 东方财富数据源: 'int' object has no attribute 'startswith'; 腾讯数据源: 'int' object has no attribute 'startswith'; 新浪数据源: 'int' object has no attribute 'startswith'
2026-03-21 09:03:05 | WARNING  | src.utils.common:wrapper:95 | 尝试 1/3 失败: 无法获取K线数据，所有数据源都失败: 东方财富数据源: 'int' object has no attribute 'startswith'; 腾讯数据源: 'int' object has no attribute 'startswith'; 新浪数据源: 'int' object has no attribute 'startswith'
2026-03-21 09:03:07 | INFO     | src.core.data_fetcher:inner:185 | 获取股票 2149 daily K线数据
2026-03-21 09:03:07 | INFO     | src.core.data_fetcher:inner:192 | 尝试使用东方财富数据源获取 2149 K线数据
2026-03-21 09:03:07 | WARNING  | src.core.data_fetcher:inner:206 | 东方财富数据源失败: 'int' object has no attribute 'startswith'
2026-03-21 09:03:07 | INFO     | src.core.data_fetcher:inner:210 | 尝试使用腾讯数据源获取 2149 K线数据
2026-03-21 09:03:07 | WARNING  | src.core.data_fetcher:inner:228 | 腾讯数据源失败: 'int' object has no attribute 'startswith'
2026-03-21 09:03:07 | INFO     | src.core.data_fetcher:inner:232 | 尝试使用新浪数据源获取 2149 K线数据
2026-03-21 09:03:07 | WARNING  | src.core.data_fetcher:inner:241 | 新浪数据源失败: 'int' object has no attribute 'startswith'
2026-03-21 09:03:07 | ERROR    | src.core.data_fetcher:inner:245 | 所有数据源都失败: 东方财富数据源: 'int' object has no attribute 'startswith'; 腾讯数据源: 'int' object has no attribute 'startswith'; 新浪数据源: 'int' object has no attribute 'startswith'
2026-03-21 09:03:07 | WARNING  | src.utils.common:wrapper:95 | 尝试 2/3 失败: 无法获取K线数据，所有数据源都失败: 东方财富数据源: 'int' object has no attribute 'startswith'; 腾讯数据源: 'int' object has no attribute 'startswith'; 新浪数据源: 'int' object has no attribute 'startswith'
2026-03-21 09:03:09 | INFO     | src.core.data_fetcher:inner:185 | 获取股票 2149 daily K线数据
2026-03-21 09:03:09 | INFO     | src.core.data_fetcher:inner:192 | 尝试使用东方财富数据源获取 2149 K线数据
2026-03-21 09:03:09 | WARNING  | src.core.data_fetcher:inner:206 | 东方财富数据源失败: 'int' object has no attribute 'startswith'
2026-03-21 09:03:09 | INFO     | src.core.data_fetcher:inner:210 | 尝试使用腾讯数据源获取 2149 K线数据
2026-03-21 09:03:09 | WARNING  | src.core.data_fetcher:inner:228 | 腾讯数据源失败: 'int' object has no attribute 'startswith'
2026-03-21 09:03:09 | INFO     | src.core.data_fetcher:inner:232 | 尝试使用新浪数据源获取 2149 K线数据
2026-03-21 09:03:09 | WARNING  | src.core.data_fetcher:inner:241 | 新浪数据源失败: 'int' object has no attribute 'startswith'
2026-03-21 09:03:09 | ERROR    | src.core.data_fetcher:inner:245 | 所有数据源都失败: 东方财富数据源: 'int' object has no attribute 'startswith'; 腾讯数据源: 'int' object has no attribute 'startswith'; 新浪数据源: 'int' object has no attribute 'startswith'
2026-03-21 09:03:09 | WARNING  | src.utils.common:wrapper:95 | 尝试 3/3 失败: 无法获取K线数据，所有数据源都失败: 东方财富数据源: 'int' object has no attribute 'startswith'; 腾讯数据源: 'int' object has no attribute 'startswith'; 新浪数据源: 'int' object has no attribute 'startswith'
2026-03-21 09:03:09 | ERROR    | src.utils.common:wrapper:99 | 所有尝试都失败: 无法获取K线数据，所有数据源都失败: 东方财富数据源: 'int' object has no attribute 'startswith'; 腾讯数据源: 'int' object has no attribute 'startswith'; 新浪数据源: 'int' object has no attribute 'startswith'
2026-03-21 09:03:09 | ERROR    | src.update_data:update_data:151 | 更新股票 2149 K线数据失败: 无法获取K线数据，所有数据源都失败: 东方财富数据源: 'int' object has no attribute 'startswith'; 腾讯数据源: 'int' object has no attribute 'startswith'; 新浪数据源: 'int' object has no attribute 'startswith'
2026-03-21 09:03:09 | INFO     | src.core.data_fetcher:inner:185 | 获取股票 300136 daily K线数据
2026-03-21 09:03:09 | INFO     | src.core.data_fetcher:inner:192 | 尝试使用东方财富数据源获取 300136 K线数据
2026-03-21 09:03:09 | WARNING  | src.core.data_fetcher:inner:206 | 东方财富数据源失败: 'int' object has no attribute 'startswith'
2026-03-21 09:03:09 | INFO     | src.core.data_fetcher:inner:210 | 尝试使用腾讯数据源获取 300136 K线数据
2026-03-21 09:03:09 | WARNING  | src.core.data_fetcher:inner:228 | 腾讯数据源失败: 'int' object has no attribute 'startswith'
2026-03-21 09:03:09 | INFO     | src.core.data_fetcher:inner:232 | 尝试使用新浪数据源获取 300136 K线数据
2026-03-21 09:03:09 | WARNING  | src.core.data_fetcher:inner:241 | 新浪数据源失败: 'int' object has no attribute 'startswith'
2026-03-21 09:03:09 | ERROR    | src.core.data_fetcher:inner:245 | 所有数据源都失败: 东方财富数据源: 'int' object has no attribute 'startswith'; 腾讯数据源: 'int' object has no attribute 'startswith'; 新浪数据源: 'int' object has no attribute 'startswith'
2026-03-21 09:03:09 | WARNING  | src.utils.common:wrapper:95 | 尝试 1/3 失败: 无法获取K线数据，所有数据源都失败: 东方财富数据源: 'int' object has no attribute 'startswith'; 腾讯数据源: 'int' object has no attribute 'startswith'; 新浪数据源: 'int' object has no attribute 'startswith'
2026-03-21 09:03:11 | INFO     | src.core.data_fetcher:inner:185 | 获取股票 300136 daily K线数据
2026-03-21 09:03:11 | INFO     | src.core.data_fetcher:inner:192 | 尝试使用东方财富数据源获取 300136 K线数据
2026-03-21 09:03:11 | WARNING  | src.core.data_fetcher:inner:206 | 东方财富数据源失败: 'int' object has no attribute 'startswith'
2026-03-21 09:03:11 | INFO     | src.core.data_fetcher:inner:210 | 尝试使用腾讯数据源获取 300136 K线数据
2026-03-21 09:03:11 | WARNING  | src.core.data_fetcher:inner:228 | 腾讯数据源失败: 'int' object has no attribute 'startswith'
2026-03-21 09:03:11 | INFO     | src.core.data_fetcher:inner:232 | 尝试使用新浪数据源获取 300136 K线数据
2026-03-21 09:03:11 | WARNING  | src.core.data_fetcher:inner:241 | 新浪数据源失败: 'int' object has no attribute 'startswith'
2026-03-21 09:03:11 | ERROR    | src.core.data_fetcher:inner:245 | 所有数据源都失败: 东方财富数据源: 'int' object has no attribute 'startswith'; 腾讯数据源: 'int' object has no attribute 'startswith'; 新浪数据源: 'int' object has no attribute 'startswith'
2026-03-21 09:03:11 | WARNING  | src.utils.common:wrapper:95 | 尝试 2/3 失败: 无法获取K线数据，所有数据源都失败: 东方财富数据源: 'int' object has no attribute 'startswith'; 腾讯数据源: 'int' object has no attribute 'startswith'; 新浪数据源: 'int' object has no attribute 'startswith'
2026-03-21 09:03:13 | INFO     | src.core.data_fetcher:inner:185 | 获取股票 300136 daily K线数据
2026-03-21 09:03:13 | INFO     | src.core.data_fetcher:inner:192 | 尝试使用东方财富数据源获取 300136 K线数据
2026-03-21 09:03:13 | WARNING  | src.core.data_fetcher:inner:206 | 东方财富数据源失败: 'int' object has no attribute 'startswith'
2026-03-21 09:03:13 | INFO     | src.core.data_fetcher:inner:210 | 尝试使用腾讯数据源获取 300136 K线数据
2026-03-21 09:03:13 | WARNING  | src.core.data_fetcher:inner:228 | 腾讯数据源失败: 'int' object has no attribute 'startswith'
2026-03-21 09:03:13 | INFO     | src.core.data_fetcher:inner:232 | 尝试使用新浪数据源获取 300136 K线数据
2026-03-21 09:03:13 | WARNING  | src.core.data_fetcher:inner:241 | 新浪数据源失败: 'int' object has no attribute 'startswith'
2026-03-21 09:03:13 | ERROR    | src.core.data_fetcher:inner:245 | 所有数据源都失败: 东方财富数据源: 'int' object has no attribute 'startswith'; 腾讯数据源: 'int' object has no attribute 'startswith'; 新浪数据源: 'int' object has no attribute 'startswith'
2026-03-21 09:03:13 | WARNING  | src.utils.common:wrapper:95 | 尝试 3/3 失败: 无法获取K线数据，所有数据源都失败: 东方财富数据源: 'int' object has no attribute 'startswith'; 腾讯数据源: 'int' object has no attribute 'startswith'; 新浪数据源: 'int' object has no attribute 'startswith'
2026-03-21 09:03:13 | ERROR    | src.utils.common:wrapper:99 | 所有尝试都失败: 无法获取K线数据，所有数据源都失败: 东方财富数据源: 'int' object has no attribute 'startswith'; 腾讯数据源: 'int' object has no attribute 'startswith'; 新浪数据源: 'int' object has no attribute 'startswith'
2026-03-21 09:03:13 | ERROR    | src.update_data:update_data:151 | 更新股票 300136 K线数据失败: 无法获取K线数据，所有数据源都失败: 东方财富数据源: 'int' object has no attribute 'startswith'; 腾讯数据源: 'int' object has no attribute 'startswith'; 新浪数据源: 'int' object has no attribute 'startswith'
2026-03-21 09:03:13 | INFO     | src.core.data_fetcher:inner:185 | 获取股票 688499 daily K线数据
2026-03-21 09:03:13 | INFO     | src.core.data_fetcher:inner:192 | 尝试使用东方财富数据源获取 688499 K线数据
2026-03-21 09:03:13 | WARNING  | src.core.data_fetcher:inner:206 | 东方财富数据源失败: 'int' object has no attribute 'startswith'
2026-03-21 09:03:13 | INFO     | src.core.data_fetcher:inner:210 | 尝试使用腾讯数据源获取 688499 K线数据
2026-03-21 09:03:13 | WARNING  | src.core.data_fetcher:inner:228 | 腾讯数据源失败: 'int' object has no attribute 'startswith'
2026-03-21 09:03:13 | INFO     | src.core.data_fetcher:inner:232 | 尝试使用新浪数据源获取 688499 K线数据
2026-03-21 09:03:13 | WARNING  | src.core.data_fetcher:inner:241 | 新浪数据源失败: 'int' object has no attribute 'startswith'
2026-03-21 09:03:13 | ERROR    | src.core.data_fetcher:inner:245 | 所有数据源都失败: 东方财富数据源: 'int' object has no attribute 'startswith'; 腾讯数据源: 'int' object has no attribute 'startswith'; 新浪数据源: 'int' object has no attribute 'startswith'
2026-03-21 09:03:13 | WARNING  | src.utils.common:wrapper:95 | 尝试 1/3 失败: 无法获取K线数据，所有数据源都失败: 东方财富数据源: 'int' object has no attribute 'startswith'; 腾讯数据源: 'int' object has no attribute 'startswith'; 新浪数据源: 'int' object has no attribute 'startswith'
2026-03-21 09:03:15 | INFO     | src.core.data_fetcher:inner:185 | 获取股票 688499 daily K线数据
2026-03-21 09:03:15 | INFO     | src.core.data_fetcher:inner:192 | 尝试使用东方财富数据源获取 688499 K线数据
2026-03-21 09:03:15 | WARNING  | src.core.data_fetcher:inner:206 | 东方财富数据源失败: 'int' object has no attribute 'startswith'
2026-03-21 09:03:15 | INFO     | src.core.data_fetcher:inner:210 | 尝试使用腾讯数据源获取 688499 K线数据
2026-03-21 09:03:15 | WARNING  | src.core.data_fetcher:inner:228 | 腾讯数据源失败: 'int' object has no attribute 'startswith'
2026-03-21 09:03:15 | INFO     | src.core.data_fetcher:inner:232 | 尝试使用新浪数据源获取 688499 K线数据
2026-03-21 09:03:15 | WARNING  | src.core.data_fetcher:inner:241 | 新浪数据源失败: 'int' object has no attribute 'startswith'
2026-03-21 09:03:15 | ERROR    | src.core.data_fetcher:inner:245 | 所有数据源都失败: 东方财富数据源: 'int' object has no attribute 'startswith'; 腾讯数据源: 'int' object has no attribute 'startswith'; 新浪数据源: 'int' object has no attribute 'startswith'
2026-03-21 09:03:15 | WARNING  | src.utils.common:wrapper:95 | 尝试 2/3 失败: 无法获取K线数据，所有数据源都失败: 东方财富数据源: 'int' object has no attribute 'startswith'; 腾讯数据源: 'int' object has no attribute 'startswith'; 新浪数据源: 'int' object has no attribute 'startswith'
2026-03-21 09:03:17 | INFO     | src.core.data_fetcher:inner:185 | 获取股票 688499 daily K线数据
2026-03-21 09:03:17 | INFO     | src.core.data_fetcher:inner:192 | 尝试使用东方财富数据源获取 688499 K线数据
2026-03-21 09:03:17 | WARNING  | src.core.data_fetcher:inner:206 | 东方财富数据源失败: 'int' object has no attribute 'startswith'
2026-03-21 09:03:17 | INFO     | src.core.data_fetcher:inner:210 | 尝试使用腾讯数据源获取 688499 K线数据
2026-03-21 09:03:17 | WARNING  | src.core.data_fetcher:inner:228 | 腾讯数据源失败: 'int' object has no attribute 'startswith'
2026-03-21 09:03:17 | INFO     | src.core.data_fetcher:inner:232 | 尝试使用新浪数据源获取 688499 K线数据
2026-03-21 09:03:17 | WARNING  | src.core.data_fetcher:inner:241 | 新浪数据源失败: 'int' object has no attribute 'startswith'
2026-03-21 09:03:17 | ERROR    | src.core.data_fetcher:inner:245 | 所有数据源都失败: 东方财富数据源: 'int' object has no attribute 'startswith'; 腾讯数据源: 'int' object has no attribute 'startswith'; 新浪数据源: 'int' object has no attribute 'startswith'
2026-03-21 09:03:17 | WARNING  | src.utils.common:wrapper:95 | 尝试 3/3 失败: 无法获取K线数据，所有数据源都失败: 东方财富数据源: 'int' object has no attribute 'startswith'; 腾讯数据源: 'int' object has no attribute 'startswith'; 新浪数据源: 'int' object has no attribute 'startswith'
2026-03-21 09:03:17 | ERROR    | src.utils.common:wrapper:99 | 所有尝试都失败: 无法获取K线数据，所有数据源都失败: 东方财富数据源: 'int' object has no attribute 'startswith'; 腾讯数据源: 'int' object has no attribute 'startswith'; 新浪数据源: 'int' object has no attribute 'startswith'
2026-03-21 09:03:17 | ERROR    | src.update_data:update_data:151 | 更新股票 688499 K线数据失败: 无法获取K线数据，所有数据源都失败: 东方财富数据源: 'int' object has no attribute 'startswith'; 腾讯数据源: 'int' object has no attribute 'startswith'; 新浪数据源: 'int' object has no attribute 'startswith'
2026-03-21 09:03:17 | INFO     | src.update_data:update_data:159 | 步骤4: 生成汇总报告
2026-03-21 09:03:17 | INFO     | src.update_data:update_data:166 | ============================================================
2026-03-21 09:03:17 | INFO     | src.update_data:update_data:167 | 数据更新完成!
2026-03-21 09:03:17 | INFO     | src.update_data:update_data:168 | ============================================================
2026-03-21 09:03:17 | INFO     | src.update_data:update_data:169 | 基金数据: 成功 3 / 失败 0
2026-03-21 09:03:17 | INFO     | src.update_data:update_data:170 | 股票数据: 成功 0 / 失败 30
2026-03-21 09:03:17 | INFO     | src.update_data:update_data:171 | 总更新记录: 3 条
2026-03-21 09:03:17 | INFO     | src.update_data:update_data:172 | ============================================================
2026-03-21 09:03:18 | DEBUG    | src.notify.channels.ntfy:send:87 | ntfy 消息发送成功: ✅ 数据更新完成
基金: 3成功/0失败
股票: 0成功/30失败...
2026-03-21 09:03:18 | DEBUG    | src.notify.base:send_with_retry:126 | 通知器 ntfy 发送成功
2026-03-21 09:03:18 | DEBUG    | src.notify.manager:send:140 | 消息发送成功到渠道 ntfy
2026-03-21 09:03:18 | INFO     | src.update_data:run_update_workflow:200 | 数据更新流程完成!
2026-03-21 09:44:16 | INFO     | src.notify.config:load_notify_config:92 | 通知配置加载成功，启用状态: True
2026-03-21 09:44:16 | INFO     | src.notify.manager:_init_channels:56 | ntfy 通知渠道初始化成功
2026-03-21 09:44:16 | INFO     | src.notify.manager:_init_channels:90 | 通知渠道初始化完成，启用 1 个渠道
2026-03-21 09:44:16 | INFO     | src.notify:init_notify:33 | 通知模块初始化完成，启用渠道: ['ntfy']
2026-03-21 09:44:16 | INFO     | __main__:main:736 | 处理单个基金: 005538
2026-03-21 09:44:16 | INFO     | __main__:run_analysis_workflow:606 | 开始进行基金加权平均分析
2026-03-21 09:44:16 | INFO     | __main__:run_analysis_workflow:607 | 基金代码列表: ['005538']
2026-03-21 09:44:16 | INFO     | src.data.reader:__init__:29 | 数据读取器初始化完成，基础路径: data
2026-03-21 09:44:16 | INFO     | __main__:run_analysis_workflow:614 | 
============================================================
2026-03-21 09:44:16 | INFO     | __main__:run_analysis_workflow:615 | 开始分析基金: 005538
2026-03-21 09:44:16 | INFO     | __main__:run_analysis_workflow:616 | ============================================================
2026-03-21 09:44:16 | INFO     | __main__:perform_fund_analysis:342 | 执行基金 005538 的完整加权平均分析流程...
2026-03-21 09:44:16 | INFO     | __main__:perform_fund_analysis:346 | 【步骤1】获取基金持仓数据
2026-03-21 09:44:16 | INFO     | src.core.data_fetcher:inner:416 | 获取基金 005538 持仓
2026-03-21 09:44:16 | INFO     | __main__:perform_fund_analysis:353 | 【步骤2】过滤最新季度数据
2026-03-21 09:44:16 | INFO     | src.analysis.quarter_filter:filter_latest_quarter_data:63 | 识别到最新季度: 2025年Q4
2026-03-21 09:44:16 | INFO     | src.analysis.quarter_filter:filter_latest_quarter_data:77 | 过滤结果: 从 81 条记录中筛选出 10 条最新季度数据
2026-03-21 09:44:16 | INFO     | __main__:perform_fund_analysis:361 | 最新季度持仓股票数量: 10
2026-03-21 09:44:16 | INFO     | __main__:perform_fund_analysis:362 | 股票代码列表: ['301662', '688778', '688155', '300450', '301617', '688147', '688499', '301150', '002846', '300092']
2026-03-21 09:44:16 | INFO     | __main__:perform_fund_analysis:365 | 【步骤3】检查股票信号数据
2026-03-21 09:44:16 | INFO     | __main__:perform_fund_analysis:472 | 所有股票的信号数据已存在，跳过技术指标计算步骤
2026-03-21 09:44:16 | INFO     | __main__:perform_fund_analysis:475 | 【步骤4】进行基金加权平均分析
2026-03-21 09:44:16 | INFO     | src.analysis.fund_weighted_analyzer:parse_holdings_data:246 | 解析到 10 只股票持仓数据
2026-03-21 09:44:16 | INFO     | src.analysis.fund_weighted_analyzer:analyze_fund:279 | 分析股票 301662 (宏工科技)
2026-03-21 09:44:16 | INFO     | src.analysis.fund_weighted_analyzer:analyze_fund:279 | 分析股票 688778 (厦钨新能)
2026-03-21 09:44:16 | INFO     | src.analysis.fund_weighted_analyzer:analyze_fund:279 | 分析股票 688155 (先惠技术)
2026-03-21 09:44:16 | INFO     | src.analysis.fund_weighted_analyzer:analyze_fund:279 | 分析股票 300450 (先导智能)
2026-03-21 09:44:16 | INFO     | src.analysis.fund_weighted_analyzer:analyze_fund:279 | 分析股票 301617 (博苑股份)
2026-03-21 09:44:16 | INFO     | src.analysis.fund_weighted_analyzer:analyze_fund:279 | 分析股票 688147 (微导纳米)
2026-03-21 09:44:16 | INFO     | src.analysis.fund_weighted_analyzer:analyze_fund:279 | 分析股票 688499 (利元亨)
2026-03-21 09:44:16 | INFO     | src.analysis.fund_weighted_analyzer:analyze_fund:279 | 分析股票 301150 (中一科技)
2026-03-21 09:44:16 | INFO     | src.analysis.fund_weighted_analyzer:analyze_fund:279 | 分析股票 002846 (英联股份)
2026-03-21 09:44:16 | INFO     | src.analysis.fund_weighted_analyzer:analyze_fund:279 | 分析股票 300092 (科新机电)
2026-03-21 09:44:16 | INFO     | __main__:perform_fund_analysis:497 | 【步骤5】生成分析报告
2026-03-21 09:44:16 | INFO     | src.analysis.fund_weighted_analyzer:save_report:518 | 分析报告已保存到: outputs/reports\fund-analysis-fund-005538-20260321_094416.txt
2026-03-21 09:44:16 | INFO     | src.analysis.fund_weighted_analyzer:save_report:519 | JSON结果已保存到: outputs/reports\fund-analysis-fund-005538-20260321_094416.json
2026-03-21 09:44:16 | INFO     | __main__:perform_fund_analysis:502 | 
============================================================
2026-03-21 09:44:16 | INFO     | __main__:perform_fund_analysis:503 | 基金 005538 分析结果:
2026-03-21 09:44:16 | INFO     | __main__:perform_fund_analysis:504 | ------------------------------------------------------------
2026-03-21 09:44:16 | INFO     | __main__:perform_fund_analysis:505 | 加权平均得分: -0.033
2026-03-21 09:44:16 | INFO     | __main__:perform_fund_analysis:506 | 基金建议: 建议持有
2026-03-21 09:44:16 | INFO     | __main__:perform_fund_analysis:507 | 置信度: 30.5%
2026-03-21 09:44:16 | INFO     | __main__:perform_fund_analysis:508 | 总股票数: 10
2026-03-21 09:44:16 | INFO     | __main__:perform_fund_analysis:509 | 已分析股票数: 10
2026-03-21 09:44:16 | INFO     | __main__:perform_fund_analysis:510 | 分析覆盖率: 100.0%
2026-03-21 09:44:16 | INFO     | __main__:perform_fund_analysis:511 | ------------------------------------------------------------
2026-03-21 09:44:16 | INFO     | __main__:perform_fund_analysis:518 | ⦿ 基金建议: 建议持有观望
2026-03-21 09:44:16 | INFO     | __main__:perform_fund_analysis:522 | ============================================================
2026-03-21 09:44:17 | DEBUG    | src.notify.channels.ntfy:send:87 | ntfy 消息发送成功: 📊 基金 {fund_code} 建议: {recommendation}
加权得分: {score...
2026-03-21 09:44:17 | DEBUG    | src.notify.base:send_with_retry:126 | 通知器 ntfy 发送成功
2026-03-21 09:44:17 | DEBUG    | src.notify.manager:send:140 | 消息发送成功到渠道 ntfy
2026-03-21 09:44:17 | INFO     | __main__:run_analysis_workflow:621 | 基金 005538 分析完成
2026-03-21 09:44:17 | INFO     | __main__:run_analysis_workflow:622 | ============================================================

2026-03-21 09:44:17 | INFO     | __main__:summarize_analysis_results:556 | 
============================================================
2026-03-21 09:44:17 | INFO     | __main__:summarize_analysis_results:557 | 基金加权平均分析汇总报告
2026-03-21 09:44:17 | INFO     | __main__:summarize_analysis_results:558 | ============================================================
2026-03-21 09:44:17 | INFO     | __main__:summarize_analysis_results:564 | 总基金数: 1
2026-03-21 09:44:17 | INFO     | __main__:summarize_analysis_results:565 | 分析成功: 1
2026-03-21 09:44:17 | INFO     | __main__:summarize_analysis_results:566 | 分析失败: 0
2026-03-21 09:44:17 | INFO     | __main__:summarize_analysis_results:569 | 
成功分析的基金结果:
2026-03-21 09:44:17 | INFO     | __main__:summarize_analysis_results:570 | ------------------------------------------------------------
2026-03-21 09:44:17 | INFO     | __main__:summarize_analysis_results:574 | 基金代码: 005538
2026-03-21 09:44:17 | INFO     | __main__:summarize_analysis_results:575 | 基金名称: 基金005538
2026-03-21 09:44:17 | INFO     | __main__:summarize_analysis_results:576 | 加权得分: -0.033
2026-03-21 09:44:17 | INFO     | __main__:summarize_analysis_results:577 | 持有建议: 建议持有
2026-03-21 09:44:17 | INFO     | __main__:summarize_analysis_results:578 | 置信度: 30.5%
2026-03-21 09:44:17 | INFO     | __main__:summarize_analysis_results:579 | 报告路径: outputs/reports\fund-analysis-fund-005538-20260321_094416.txt
2026-03-21 09:44:17 | INFO     | __main__:summarize_analysis_results:580 | ------------------------------------------------------------
2026-03-21 09:44:17 | INFO     | __main__:summarize_analysis_results:588 | 
持有建议分布:
2026-03-21 09:44:17 | INFO     | __main__:summarize_analysis_results:591 |   建议持有: 1只 (100.0%)
2026-03-21 09:44:17 | INFO     | __main__:summarize_analysis_results:599 | 
============================================================
2026-03-21 09:44:17 | INFO     | __main__:summarize_analysis_results:600 | 基金加权平均分析已完成!
2026-03-21 09:44:17 | INFO     | __main__:summarize_analysis_results:601 | ============================================================
2026-03-21 09:44:32 | INFO     | src.notify.config:load_notify_config:92 | 通知配置加载成功，启用状态: True
2026-03-21 09:44:32 | INFO     | src.notify.manager:_init_channels:56 | ntfy 通知渠道初始化成功
2026-03-21 09:44:32 | INFO     | src.notify.manager:_init_channels:90 | 通知渠道初始化完成，启用 1 个渠道
2026-03-21 09:44:32 | INFO     | src.notify:init_notify:33 | 通知模块初始化完成，启用渠道: ['ntfy']
2026-03-21 09:44:32 | INFO     | __main__:main:736 | 处理单个基金: 005538
2026-03-21 09:44:32 | INFO     | __main__:run_analysis_workflow:606 | 开始进行基金加权平均分析
2026-03-21 09:44:32 | INFO     | __main__:run_analysis_workflow:607 | 基金代码列表: ['005538']
2026-03-21 09:44:32 | INFO     | src.data.reader:__init__:29 | 数据读取器初始化完成，基础路径: data
2026-03-21 09:44:32 | INFO     | __main__:run_analysis_workflow:614 | 
============================================================
2026-03-21 09:44:32 | INFO     | __main__:run_analysis_workflow:615 | 开始分析基金: 005538
2026-03-21 09:44:32 | INFO     | __main__:run_analysis_workflow:616 | ============================================================
2026-03-21 09:44:32 | INFO     | __main__:perform_fund_analysis:342 | 执行基金 005538 的完整加权平均分析流程...
2026-03-21 09:44:32 | INFO     | __main__:perform_fund_analysis:346 | 【步骤1】获取基金持仓数据
2026-03-21 09:44:32 | INFO     | src.core.data_fetcher:inner:416 | 获取基金 005538 持仓
2026-03-21 09:44:32 | INFO     | __main__:perform_fund_analysis:353 | 【步骤2】过滤最新季度数据
2026-03-21 09:44:32 | INFO     | src.analysis.quarter_filter:filter_latest_quarter_data:63 | 识别到最新季度: 2025年Q4
2026-03-21 09:44:32 | INFO     | src.analysis.quarter_filter:filter_latest_quarter_data:77 | 过滤结果: 从 81 条记录中筛选出 10 条最新季度数据
2026-03-21 09:44:32 | INFO     | __main__:perform_fund_analysis:361 | 最新季度持仓股票数量: 10
2026-03-21 09:44:32 | INFO     | __main__:perform_fund_analysis:362 | 股票代码列表: ['301662', '688778', '688155', '300450', '301617', '688147', '688499', '301150', '002846', '300092']
2026-03-21 09:44:32 | INFO     | __main__:perform_fund_analysis:365 | 【步骤3】检查股票信号数据
2026-03-21 09:44:32 | INFO     | __main__:perform_fund_analysis:472 | 所有股票的信号数据已存在，跳过技术指标计算步骤
2026-03-21 09:44:32 | INFO     | __main__:perform_fund_analysis:475 | 【步骤4】进行基金加权平均分析
2026-03-21 09:44:32 | INFO     | src.analysis.fund_weighted_analyzer:parse_holdings_data:246 | 解析到 10 只股票持仓数据
2026-03-21 09:44:32 | INFO     | src.analysis.fund_weighted_analyzer:analyze_fund:279 | 分析股票 301662 (宏工科技)
2026-03-21 09:44:32 | INFO     | src.analysis.fund_weighted_analyzer:analyze_fund:279 | 分析股票 688778 (厦钨新能)
2026-03-21 09:44:32 | INFO     | src.analysis.fund_weighted_analyzer:analyze_fund:279 | 分析股票 688155 (先惠技术)
2026-03-21 09:44:32 | INFO     | src.analysis.fund_weighted_analyzer:analyze_fund:279 | 分析股票 300450 (先导智能)
2026-03-21 09:44:32 | INFO     | src.analysis.fund_weighted_analyzer:analyze_fund:279 | 分析股票 301617 (博苑股份)
2026-03-21 09:44:32 | INFO     | src.analysis.fund_weighted_analyzer:analyze_fund:279 | 分析股票 688147 (微导纳米)
2026-03-21 09:44:32 | INFO     | src.analysis.fund_weighted_analyzer:analyze_fund:279 | 分析股票 688499 (利元亨)
2026-03-21 09:44:32 | INFO     | src.analysis.fund_weighted_analyzer:analyze_fund:279 | 分析股票 301150 (中一科技)
2026-03-21 09:44:32 | INFO     | src.analysis.fund_weighted_analyzer:analyze_fund:279 | 分析股票 002846 (英联股份)
2026-03-21 09:44:32 | INFO     | src.analysis.fund_weighted_analyzer:analyze_fund:279 | 分析股票 300092 (科新机电)
2026-03-21 09:44:32 | INFO     | __main__:perform_fund_analysis:497 | 【步骤5】生成分析报告
2026-03-21 09:44:32 | INFO     | src.analysis.fund_weighted_analyzer:save_report:518 | 分析报告已保存到: outputs/reports\fund-analysis-fund-005538-20260321_094432.txt
2026-03-21 09:44:32 | INFO     | src.analysis.fund_weighted_analyzer:save_report:519 | JSON结果已保存到: outputs/reports\fund-analysis-fund-005538-20260321_094432.json
2026-03-21 09:44:32 | INFO     | __main__:perform_fund_analysis:502 | 
============================================================
2026-03-21 09:44:32 | INFO     | __main__:perform_fund_analysis:503 | 基金 005538 分析结果:
2026-03-21 09:44:32 | INFO     | __main__:perform_fund_analysis:504 | ------------------------------------------------------------
2026-03-21 09:44:32 | INFO     | __main__:perform_fund_analysis:505 | 加权平均得分: -0.033
2026-03-21 09:44:32 | INFO     | __main__:perform_fund_analysis:506 | 基金建议: 建议持有
2026-03-21 09:44:32 | INFO     | __main__:perform_fund_analysis:507 | 置信度: 30.5%
2026-03-21 09:44:32 | INFO     | __main__:perform_fund_analysis:508 | 总股票数: 10
2026-03-21 09:44:32 | INFO     | __main__:perform_fund_analysis:509 | 已分析股票数: 10
2026-03-21 09:44:32 | INFO     | __main__:perform_fund_analysis:510 | 分析覆盖率: 100.0%
2026-03-21 09:44:32 | INFO     | __main__:perform_fund_analysis:511 | ------------------------------------------------------------
2026-03-21 09:44:32 | INFO     | __main__:perform_fund_analysis:518 | ⦿ 基金建议: 建议持有观望
2026-03-21 09:44:32 | INFO     | __main__:perform_fund_analysis:522 | ============================================================
2026-03-21 09:44:33 | DEBUG    | src.notify.channels.ntfy:send:87 | ntfy 消息发送成功: 📊 基金 {fund_code} 建议: {recommendation}
加权得分: {score...
2026-03-21 09:44:33 | DEBUG    | src.notify.base:send_with_retry:126 | 通知器 ntfy 发送成功
2026-03-21 09:44:33 | DEBUG    | src.notify.manager:send:140 | 消息发送成功到渠道 ntfy
2026-03-21 09:44:33 | INFO     | __main__:run_analysis_workflow:621 | 基金 005538 分析完成
2026-03-21 09:44:33 | INFO     | __main__:run_analysis_workflow:622 | ============================================================

2026-03-21 09:44:33 | INFO     | __main__:summarize_analysis_results:556 | 
============================================================
2026-03-21 09:44:33 | INFO     | __main__:summarize_analysis_results:557 | 基金加权平均分析汇总报告
2026-03-21 09:44:33 | INFO     | __main__:summarize_analysis_results:558 | ============================================================
2026-03-21 09:44:33 | INFO     | __main__:summarize_analysis_results:564 | 总基金数: 1
2026-03-21 09:44:33 | INFO     | __main__:summarize_analysis_results:565 | 分析成功: 1
2026-03-21 09:44:33 | INFO     | __main__:summarize_analysis_results:566 | 分析失败: 0
2026-03-21 09:44:33 | INFO     | __main__:summarize_analysis_results:569 | 
成功分析的基金结果:
2026-03-21 09:44:33 | INFO     | __main__:summarize_analysis_results:570 | ------------------------------------------------------------
2026-03-21 09:44:33 | INFO     | __main__:summarize_analysis_results:574 | 基金代码: 005538
2026-03-21 09:44:33 | INFO     | __main__:summarize_analysis_results:575 | 基金名称: 基金005538
2026-03-21 09:44:33 | INFO     | __main__:summarize_analysis_results:576 | 加权得分: -0.033
2026-03-21 09:44:33 | INFO     | __main__:summarize_analysis_results:577 | 持有建议: 建议持有
2026-03-21 09:44:33 | INFO     | __main__:summarize_analysis_results:578 | 置信度: 30.5%
2026-03-21 09:44:33 | INFO     | __main__:summarize_analysis_results:579 | 报告路径: outputs/reports\fund-analysis-fund-005538-20260321_094432.txt
2026-03-21 09:44:33 | INFO     | __main__:summarize_analysis_results:580 | ------------------------------------------------------------
2026-03-21 09:44:33 | INFO     | __main__:summarize_analysis_results:588 | 
持有建议分布:
2026-03-21 09:44:33 | INFO     | __main__:summarize_analysis_results:591 |   建议持有: 1只 (100.0%)
2026-03-21 09:44:33 | INFO     | __main__:summarize_analysis_results:599 | 
============================================================
2026-03-21 09:44:33 | INFO     | __main__:summarize_analysis_results:600 | 基金加权平均分析已完成!
2026-03-21 09:44:33 | INFO     | __main__:summarize_analysis_results:601 | ============================================================
2026-03-21 09:46:18 | INFO     | __main__:inner:123 | 获取股票 600519 实时行情
2026-03-21 09:46:58 | ERROR    | __main__:inner:146 | 获取股票实时行情失败: 'symbol'
2026-03-21 09:46:58 | WARNING  | src.utils.common:wrapper:95 | 尝试 1/3 失败: 'symbol'
2026-03-21 09:47:00 | INFO     | __main__:inner:123 | 获取股票 600519 实时行情
2026-03-21 09:47:06 | ERROR    | __main__:inner:146 | 获取股票实时行情失败: 'symbol'
2026-03-21 09:47:06 | WARNING  | src.utils.common:wrapper:95 | 尝试 2/3 失败: 'symbol'
2026-03-21 09:47:08 | INFO     | __main__:inner:123 | 获取股票 600519 实时行情
2026-03-21 09:47:15 | ERROR    | __main__:inner:146 | 获取股票实时行情失败: 'symbol'
2026-03-21 09:47:15 | WARNING  | src.utils.common:wrapper:95 | 尝试 3/3 失败: 'symbol'
2026-03-21 09:47:15 | ERROR    | src.utils.common:wrapper:99 | 所有尝试都失败: 'symbol'
2026-03-21 09:47:15 | INFO     | __main__:inner:198 | 获取股票 600519 daily K线数据
2026-03-21 09:47:15 | INFO     | __main__:inner:205 | 尝试使用东方财富数据源获取 600519 K线数据
2026-03-21 09:47:15 | WARNING  | __main__:inner:219 | 东方财富数据源失败: ('Connection aborted.', RemoteDisconnected('Remote end closed connection without response'))
2026-03-21 09:47:15 | INFO     | __main__:inner:223 | 尝试使用腾讯数据源获取 600519 K线数据
2026-03-21 09:47:17 | INFO     | __main__:inner:237 | 腾讯数据源成功获取 242 条数据
2026-03-21 09:47:17 | INFO     | __main__:process_data:483 | 处理 stock_kline 数据
2026-03-21 09:47:17 | INFO     | __main__:save_data:549 | 保存数据到 csv 文件: stock_kline_600519
2026-03-21 09:47:17 | INFO     | __main__:save_data:569 | 数据保存成功: ./data\stock_kline_600519.csv
2026-03-21 09:47:17 | INFO     | __main__:inner:323 | 获取基金 000001 基本信息
2026-03-21 09:47:20 | INFO     | __main__:save_data:549 | 保存数据到 csv 文件: fund_info_000001
2026-03-21 09:47:20 | INFO     | __main__:save_data:569 | 数据保存成功: ./data\fund_info_000001.csv
2026-03-21 09:47:20 | INFO     | __main__:inner:355 | 获取基金 000001 历史净值
2026-03-21 09:47:20 | ERROR    | __main__:inner:361 | 获取基金历史净值失败: ('Connection aborted.', RemoteDisconnected('Remote end closed connection without response'))
2026-03-21 09:47:20 | WARNING  | src.utils.common:wrapper:95 | 尝试 1/3 失败: ('Connection aborted.', RemoteDisconnected('Remote end closed connection without response'))
2026-03-21 09:47:22 | INFO     | __main__:inner:355 | 获取基金 000001 历史净值
2026-03-21 09:47:23 | ERROR    | __main__:inner:361 | 获取基金历史净值失败: ('Connection aborted.', RemoteDisconnected('Remote end closed connection without response'))
2026-03-21 09:47:23 | WARNING  | src.utils.common:wrapper:95 | 尝试 2/3 失败: ('Connection aborted.', RemoteDisconnected('Remote end closed connection without response'))
2026-03-21 09:47:25 | INFO     | __main__:inner:355 | 获取基金 000001 历史净值
2026-03-21 09:47:25 | ERROR    | __main__:inner:361 | 获取基金历史净值失败: ('Connection aborted.', RemoteDisconnected('Remote end closed connection without response'))
2026-03-21 09:47:25 | WARNING  | src.utils.common:wrapper:95 | 尝试 3/3 失败: ('Connection aborted.', RemoteDisconnected('Remote end closed connection without response'))
2026-03-21 09:47:25 | ERROR    | src.utils.common:wrapper:99 | 所有尝试都失败: ('Connection aborted.', RemoteDisconnected('Remote end closed connection without response'))
2026-03-21 09:47:46 | INFO     | src.notify.config:load_notify_config:92 | 通知配置加载成功，启用状态: True
2026-03-21 09:47:46 | INFO     | src.notify.manager:_init_channels:56 | ntfy 通知渠道初始化成功
2026-03-21 09:47:46 | INFO     | src.notify.manager:_init_channels:90 | 通知渠道初始化完成，启用 1 个渠道
2026-03-21 09:47:46 | INFO     | src.notify:init_notify:33 | 通知模块初始化完成，启用渠道: ['ntfy']
2026-03-21 09:47:46 | INFO     | __main__:main:742 | 使用配置文件中的基金代码: ['005538', '015790', '000001']
2026-03-21 09:47:46 | INFO     | __main__:show_welcome_message:253 | 
============================================================
2026-03-21 09:47:46 | INFO     | __main__:show_welcome_message:254 | 基金持仓股票分析系统 v1.0
2026-03-21 09:47:46 | INFO     | __main__:show_welcome_message:255 | ============================================================
2026-03-21 09:47:46 | INFO     | __main__:show_welcome_message:256 | 功能1：技术指标计算（默认模式）
2026-03-21 09:47:46 | INFO     | __main__:show_welcome_message:257 |   为基金持仓股票计算多种技术指标（MA、RSI、MACD等）
2026-03-21 09:47:46 | INFO     | __main__:show_welcome_message:258 | 
2026-03-21 09:47:46 | INFO     | __main__:show_welcome_message:259 | 功能2：基金加权平均分析
2026-03-21 09:47:46 | INFO     | __main__:show_welcome_message:260 |   基于持仓股票的持有比例进行加权分析，判断基金是否值得继续持有
2026-03-21 09:47:46 | INFO     | __main__:show_welcome_message:261 | 
2026-03-21 09:47:46 | INFO     | __main__:show_welcome_message:262 | 功能3：更新数据
2026-03-21 09:47:46 | INFO     | __main__:show_welcome_message:263 |   重新下载基金持仓和股票K线数据，更新到最新
2026-03-21 09:47:46 | INFO     | __main__:show_welcome_message:264 | 
2026-03-21 09:47:46 | INFO     | __main__:show_welcome_message:265 | 使用方式：
2026-03-21 09:47:46 | INFO     | __main__:show_welcome_message:266 |   python main.py                        # 交互式菜单
2026-03-21 09:47:46 | INFO     | __main__:show_welcome_message:267 |   python main.py --single-fund 005538   # 处理单个基金
2026-03-21 09:47:46 | INFO     | __main__:show_welcome_message:268 |   python main.py --analyze --single-fund 005538   # 分析单个基金
2026-03-21 09:47:46 | INFO     | __main__:show_welcome_message:269 |   python main.py --analyze --fund-codes 005538 015790  # 分析多个基金
2026-03-21 09:47:46 | INFO     | __main__:show_welcome_message:270 | ============================================================

2026-03-21 09:47:48 | INFO     | src.update_data:run_update_workflow:192 | 开始数据更新流程
2026-03-21 09:47:48 | INFO     | src.update_data:run_update_workflow:193 | 基金代码列表: ['005538', '015790', '000001']
2026-03-21 09:47:48 | INFO     | src.update_data:run_update_workflow:194 | 开始日期: 2019-01-01
2026-03-21 09:47:48 | INFO     | src.update_data:run_update_workflow:195 | 数据目录: stock_data
2026-03-21 09:47:48 | INFO     | src.update_data:update_data:20 | 开始更新数据，基金代码: ['005538', '015790', '000001']
2026-03-21 09:47:49 | DEBUG    | src.notify.channels.ntfy:send:87 | ntfy 消息发送成功: 🔄 开始更新数据...
2026-03-21 09:47:49 | DEBUG    | src.notify.base:send_with_retry:126 | 通知器 ntfy 发送成功
2026-03-21 09:47:49 | DEBUG    | src.notify.manager:send:140 | 消息发送成功到渠道 ntfy
2026-03-21 09:47:49 | INFO     | src.data.reader:__init__:29 | 数据读取器初始化完成，基础路径: data
2026-03-21 09:47:49 | INFO     | src.update_data:update_data:37 | 步骤1: 更新基金持仓数据
2026-03-21 09:47:49 | INFO     | src.core.data_fetcher:inner:423 | 获取基金 005538 持仓
2026-03-21 09:47:50 | INFO     | src.core.data_fetcher:save_data:549 | 保存数据到 csv 文件: fund_portfolio_005538
2026-03-21 09:47:50 | INFO     | src.core.data_fetcher:save_data:569 | 数据保存成功: ./data\fund_portfolio_005538.csv
2026-03-21 09:47:50 | DEBUG    | src.update_data:update_data:73 | 获取基金 005538 基本信息失败（可选功能）: 'AkFund' object has no attribute 'get_fund_info_em'
2026-03-21 09:47:50 | INFO     | src.update_data:update_data:82 | 基金 005538 持仓数据更新成功，共 81 条记录
2026-03-21 09:47:50 | INFO     | src.core.data_fetcher:inner:423 | 获取基金 015790 持仓
2026-03-21 09:47:50 | INFO     | src.core.data_fetcher:save_data:549 | 保存数据到 csv 文件: fund_portfolio_015790
2026-03-21 09:47:50 | INFO     | src.core.data_fetcher:save_data:569 | 数据保存成功: ./data\fund_portfolio_015790.csv
2026-03-21 09:47:50 | DEBUG    | src.update_data:update_data:73 | 获取基金 015790 基本信息失败（可选功能）: 'AkFund' object has no attribute 'get_fund_info_em'
2026-03-21 09:47:50 | INFO     | src.update_data:update_data:82 | 基金 015790 持仓数据更新成功，共 98 条记录
2026-03-21 09:47:50 | INFO     | src.core.data_fetcher:inner:423 | 获取基金 000001 持仓
2026-03-21 09:47:51 | INFO     | src.core.data_fetcher:save_data:549 | 保存数据到 csv 文件: fund_portfolio_000001
2026-03-21 09:47:51 | INFO     | src.core.data_fetcher:save_data:569 | 数据保存成功: ./data\fund_portfolio_000001.csv
2026-03-21 09:47:51 | DEBUG    | src.update_data:update_data:73 | 获取基金 000001 基本信息失败（可选功能）: 'AkFund' object has no attribute 'get_fund_info_em'
2026-03-21 09:47:51 | INFO     | src.update_data:update_data:82 | 基金 000001 持仓数据更新成功，共 217 条记录
2026-03-21 09:47:51 | INFO     | src.update_data:update_data:93 | 步骤2: 获取所有基金的持仓股票
2026-03-21 09:47:51 | INFO     | src.analysis.quarter_filter:filter_latest_quarter_data:63 | 识别到最新季度: 2025年Q4
2026-03-21 09:47:51 | INFO     | src.analysis.quarter_filter:filter_latest_quarter_data:77 | 过滤结果: 从 81 条记录中筛选出 10 条最新季度数据
2026-03-21 09:47:51 | INFO     | src.analysis.quarter_filter:filter_latest_quarter_data:63 | 识别到最新季度: 2025年Q4
2026-03-21 09:47:51 | INFO     | src.analysis.quarter_filter:filter_latest_quarter_data:77 | 过滤结果: 从 98 条记录中筛选出 10 条最新季度数据
2026-03-21 09:47:51 | INFO     | src.analysis.quarter_filter:filter_latest_quarter_data:63 | 识别到最新季度: 2025年Q4
2026-03-21 09:47:51 | INFO     | src.analysis.quarter_filter:filter_latest_quarter_data:77 | 过滤结果: 从 217 条记录中筛选出 10 条最新季度数据
2026-03-21 09:47:51 | INFO     | src.update_data:update_data:111 | 需要更新的股票数量: 30
2026-03-21 09:47:51 | INFO     | src.update_data:update_data:112 | 股票代码列表: [688256, 2565, 688778, 688147, 300308, 688019, 688155, 605598, 2846, 300450]...
2026-03-21 09:47:51 | INFO     | src.update_data:update_data:115 | 步骤3: 更新股票K线数据
2026-03-21 09:47:51 | INFO     | src.core.data_fetcher:inner:198 | 获取股票 688256 daily K线数据
2026-03-21 09:47:51 | INFO     | src.core.data_fetcher:inner:205 | 尝试使用东方财富数据源获取 688256 K线数据
2026-03-21 09:47:51 | WARNING  | src.core.data_fetcher:inner:219 | 东方财富数据源失败: ('Connection aborted.', RemoteDisconnected('Remote end closed connection without response'))
2026-03-21 09:47:51 | INFO     | src.core.data_fetcher:inner:223 | 尝试使用腾讯数据源获取 688256 K线数据
2026-03-21 09:47:55 | INFO     | src.core.data_fetcher:inner:237 | 腾讯数据源成功获取 1374 条数据
2026-03-21 09:47:55 | INFO     | src.core.data_fetcher:save_data:549 | 保存数据到 csv 文件: stock_data/688256_kline
2026-03-21 09:47:55 | INFO     | src.core.data_fetcher:save_data:569 | 数据保存成功: ./data\stock_data/688256_kline.csv
2026-03-21 09:47:55 | DEBUG    | src.update_data:update_data:141 | 股票 688256 K线数据更新成功，共 1374 条记录
2026-03-21 09:47:55 | INFO     | src.core.data_fetcher:inner:198 | 获取股票 002565 daily K线数据
2026-03-21 09:47:55 | INFO     | src.core.data_fetcher:inner:205 | 尝试使用东方财富数据源获取 002565 K线数据
2026-03-21 09:47:55 | WARNING  | src.core.data_fetcher:inner:219 | 东方财富数据源失败: ('Connection aborted.', RemoteDisconnected('Remote end closed connection without response'))
2026-03-21 09:47:55 | INFO     | src.core.data_fetcher:inner:223 | 尝试使用腾讯数据源获取 002565 K线数据
2026-03-21 09:47:59 | INFO     | src.core.data_fetcher:inner:237 | 腾讯数据源成功获取 1748 条数据
2026-03-21 09:47:59 | INFO     | src.core.data_fetcher:save_data:549 | 保存数据到 csv 文件: stock_data/2565_kline
2026-03-21 09:47:59 | INFO     | src.core.data_fetcher:save_data:569 | 数据保存成功: ./data\stock_data/2565_kline.csv
2026-03-21 09:47:59 | DEBUG    | src.update_data:update_data:141 | 股票 2565 K线数据更新成功，共 1748 条记录
2026-03-21 09:47:59 | INFO     | src.core.data_fetcher:inner:198 | 获取股票 688778 daily K线数据
2026-03-21 09:47:59 | INFO     | src.core.data_fetcher:inner:205 | 尝试使用东方财富数据源获取 688778 K线数据
2026-03-21 09:48:00 | WARNING  | src.core.data_fetcher:inner:219 | 东方财富数据源失败: ('Connection aborted.', RemoteDisconnected('Remote end closed connection without response'))
2026-03-21 09:48:00 | INFO     | src.core.data_fetcher:inner:223 | 尝试使用腾讯数据源获取 688778 K线数据
2026-03-21 09:48:03 | INFO     | src.core.data_fetcher:inner:237 | 腾讯数据源成功获取 1118 条数据
2026-03-21 09:48:03 | INFO     | src.core.data_fetcher:save_data:549 | 保存数据到 csv 文件: stock_data/688778_kline
2026-03-21 09:48:03 | INFO     | src.core.data_fetcher:save_data:569 | 数据保存成功: ./data\stock_data/688778_kline.csv
2026-03-21 09:48:03 | DEBUG    | src.update_data:update_data:141 | 股票 688778 K线数据更新成功，共 1118 条记录
2026-03-21 09:48:03 | INFO     | src.core.data_fetcher:inner:198 | 获取股票 688147 daily K线数据
2026-03-21 09:48:03 | INFO     | src.core.data_fetcher:inner:205 | 尝试使用东方财富数据源获取 688147 K线数据
2026-03-21 09:48:03 | WARNING  | src.core.data_fetcher:inner:219 | 东方财富数据源失败: ('Connection aborted.', RemoteDisconnected('Remote end closed connection without response'))
2026-03-21 09:48:03 | INFO     | src.core.data_fetcher:inner:223 | 尝试使用腾讯数据源获取 688147 K线数据
2026-03-21 09:48:06 | INFO     | src.core.data_fetcher:inner:237 | 腾讯数据源成功获取 782 条数据
2026-03-21 09:48:06 | INFO     | src.core.data_fetcher:save_data:549 | 保存数据到 csv 文件: stock_data/688147_kline
2026-03-21 09:48:06 | INFO     | src.core.data_fetcher:save_data:569 | 数据保存成功: ./data\stock_data/688147_kline.csv
2026-03-21 09:48:06 | DEBUG    | src.update_data:update_data:141 | 股票 688147 K线数据更新成功，共 782 条记录
2026-03-21 09:48:06 | INFO     | src.core.data_fetcher:inner:198 | 获取股票 300308 daily K线数据
2026-03-21 09:48:06 | INFO     | src.core.data_fetcher:inner:205 | 尝试使用东方财富数据源获取 300308 K线数据
2026-03-21 09:48:06 | WARNING  | src.core.data_fetcher:inner:219 | 东方财富数据源失败: ('Connection aborted.', RemoteDisconnected('Remote end closed connection without response'))
2026-03-21 09:48:06 | INFO     | src.core.data_fetcher:inner:223 | 尝试使用腾讯数据源获取 300308 K线数据
2026-03-21 09:48:10 | INFO     | src.core.data_fetcher:inner:237 | 腾讯数据源成功获取 1748 条数据
2026-03-21 09:48:10 | INFO     | src.core.data_fetcher:save_data:549 | 保存数据到 csv 文件: stock_data/300308_kline
2026-03-21 09:48:10 | INFO     | src.core.data_fetcher:save_data:569 | 数据保存成功: ./data\stock_data/300308_kline.csv
2026-03-21 09:48:10 | DEBUG    | src.update_data:update_data:141 | 股票 300308 K线数据更新成功，共 1748 条记录
2026-03-21 09:48:10 | INFO     | src.core.data_fetcher:inner:198 | 获取股票 688019 daily K线数据
2026-03-21 09:48:10 | INFO     | src.core.data_fetcher:inner:205 | 尝试使用东方财富数据源获取 688019 K线数据
2026-03-21 09:48:10 | WARNING  | src.core.data_fetcher:inner:219 | 东方财富数据源失败: ('Connection aborted.', RemoteDisconnected('Remote end closed connection without response'))
2026-03-21 09:48:10 | INFO     | src.core.data_fetcher:inner:223 | 尝试使用腾讯数据源获取 688019 K线数据
2026-03-21 09:48:14 | INFO     | src.core.data_fetcher:inner:237 | 腾讯数据源成功获取 1615 条数据
2026-03-21 09:48:14 | INFO     | src.core.data_fetcher:save_data:549 | 保存数据到 csv 文件: stock_data/688019_kline
2026-03-21 09:48:14 | INFO     | src.core.data_fetcher:save_data:569 | 数据保存成功: ./data\stock_data/688019_kline.csv
2026-03-21 09:48:14 | DEBUG    | src.update_data:update_data:141 | 股票 688019 K线数据更新成功，共 1615 条记录
2026-03-21 09:48:14 | INFO     | src.core.data_fetcher:inner:198 | 获取股票 688155 daily K线数据
2026-03-21 09:48:14 | INFO     | src.core.data_fetcher:inner:205 | 尝试使用东方财富数据源获取 688155 K线数据
2026-03-21 09:48:15 | WARNING  | src.core.data_fetcher:inner:219 | 东方财富数据源失败: ('Connection aborted.', RemoteDisconnected('Remote end closed connection without response'))
2026-03-21 09:48:15 | INFO     | src.core.data_fetcher:inner:223 | 尝试使用腾讯数据源获取 688155 K线数据
2026-03-21 09:48:18 | INFO     | src.core.data_fetcher:inner:237 | 腾讯数据源成功获取 1358 条数据
2026-03-21 09:48:18 | INFO     | src.core.data_fetcher:save_data:549 | 保存数据到 csv 文件: stock_data/688155_kline
2026-03-21 09:48:18 | INFO     | src.core.data_fetcher:save_data:569 | 数据保存成功: ./data\stock_data/688155_kline.csv
2026-03-21 09:48:18 | DEBUG    | src.update_data:update_data:141 | 股票 688155 K线数据更新成功，共 1358 条记录
2026-03-21 09:48:18 | INFO     | src.core.data_fetcher:inner:198 | 获取股票 605598 daily K线数据
2026-03-21 09:48:18 | INFO     | src.core.data_fetcher:inner:205 | 尝试使用东方财富数据源获取 605598 K线数据
2026-03-21 09:48:19 | WARNING  | src.core.data_fetcher:inner:219 | 东方财富数据源失败: ('Connection aborted.', RemoteDisconnected('Remote end closed connection without response'))
2026-03-21 09:48:19 | INFO     | src.core.data_fetcher:inner:223 | 尝试使用腾讯数据源获取 605598 K线数据
2026-03-21 09:48:22 | INFO     | src.core.data_fetcher:inner:237 | 腾讯数据源成功获取 1087 条数据
2026-03-21 09:48:22 | INFO     | src.core.data_fetcher:save_data:549 | 保存数据到 csv 文件: stock_data/605598_kline
2026-03-21 09:48:22 | INFO     | src.core.data_fetcher:save_data:569 | 数据保存成功: ./data\stock_data/605598_kline.csv
2026-03-21 09:48:22 | DEBUG    | src.update_data:update_data:141 | 股票 605598 K线数据更新成功，共 1087 条记录
2026-03-21 09:48:22 | INFO     | src.core.data_fetcher:inner:198 | 获取股票 002846 daily K线数据
2026-03-21 09:48:22 | INFO     | src.core.data_fetcher:inner:205 | 尝试使用东方财富数据源获取 002846 K线数据
2026-03-21 09:48:22 | WARNING  | src.core.data_fetcher:inner:219 | 东方财富数据源失败: ('Connection aborted.', RemoteDisconnected('Remote end closed connection without response'))
2026-03-21 09:48:22 | INFO     | src.core.data_fetcher:inner:223 | 尝试使用腾讯数据源获取 002846 K线数据
2026-03-21 09:48:26 | INFO     | src.core.data_fetcher:inner:237 | 腾讯数据源成功获取 1748 条数据
2026-03-21 09:48:26 | INFO     | src.core.data_fetcher:save_data:549 | 保存数据到 csv 文件: stock_data/2846_kline
2026-03-21 09:48:26 | INFO     | src.core.data_fetcher:save_data:569 | 数据保存成功: ./data\stock_data/2846_kline.csv
2026-03-21 09:48:26 | DEBUG    | src.update_data:update_data:141 | 股票 2846 K线数据更新成功，共 1748 条记录
2026-03-21 09:48:26 | INFO     | src.core.data_fetcher:inner:198 | 获取股票 300450 daily K线数据
2026-03-21 09:48:26 | INFO     | src.core.data_fetcher:inner:205 | 尝试使用东方财富数据源获取 300450 K线数据
2026-03-21 09:48:26 | WARNING  | src.core.data_fetcher:inner:219 | 东方财富数据源失败: ('Connection aborted.', RemoteDisconnected('Remote end closed connection without response'))
2026-03-21 09:48:26 | INFO     | src.core.data_fetcher:inner:223 | 尝试使用腾讯数据源获取 300450 K线数据
2026-03-21 09:48:30 | INFO     | src.core.data_fetcher:inner:237 | 腾讯数据源成功获取 1748 条数据
2026-03-21 09:48:30 | INFO     | src.core.data_fetcher:save_data:549 | 保存数据到 csv 文件: stock_data/300450_kline
2026-03-21 09:48:30 | INFO     | src.core.data_fetcher:save_data:569 | 数据保存成功: ./data\stock_data/300450_kline.csv
2026-03-21 09:48:30 | DEBUG    | src.update_data:update_data:141 | 股票 300450 K线数据更新成功，共 1748 条记录
2026-03-21 09:48:30 | INFO     | src.core.data_fetcher:inner:198 | 获取股票 688041 daily K线数据
2026-03-21 09:48:30 | INFO     | src.core.data_fetcher:inner:205 | 尝试使用东方财富数据源获取 688041 K线数据
2026-03-21 09:48:31 | WARNING  | src.core.data_fetcher:inner:219 | 东方财富数据源失败: ('Connection aborted.', RemoteDisconnected('Remote end closed connection without response'))
2026-03-21 09:48:31 | INFO     | src.core.data_fetcher:inner:223 | 尝试使用腾讯数据源获取 688041 K线数据
2026-03-21 09:48:33 | INFO     | src.core.data_fetcher:inner:237 | 腾讯数据源成功获取 861 条数据
2026-03-21 09:48:33 | INFO     | src.core.data_fetcher:save_data:549 | 保存数据到 csv 文件: stock_data/688041_kline
2026-03-21 09:48:33 | INFO     | src.core.data_fetcher:save_data:569 | 数据保存成功: ./data\stock_data/688041_kline.csv
2026-03-21 09:48:33 | DEBUG    | src.update_data:update_data:141 | 股票 688041 K线数据更新成功，共 861 条记录
2026-03-21 09:48:33 | INFO     | src.core.data_fetcher:inner:198 | 获取股票 002475 daily K线数据
2026-03-21 09:48:33 | INFO     | src.core.data_fetcher:inner:205 | 尝试使用东方财富数据源获取 002475 K线数据
2026-03-21 09:48:34 | WARNING  | src.core.data_fetcher:inner:219 | 东方财富数据源失败: ('Connection aborted.', RemoteDisconnected('Remote end closed connection without response'))
2026-03-21 09:48:34 | INFO     | src.core.data_fetcher:inner:223 | 尝试使用腾讯数据源获取 002475 K线数据
2026-03-21 09:48:38 | INFO     | src.core.data_fetcher:inner:237 | 腾讯数据源成功获取 1748 条数据
2026-03-21 09:48:38 | INFO     | src.core.data_fetcher:save_data:549 | 保存数据到 csv 文件: stock_data/2475_kline
2026-03-21 09:48:38 | INFO     | src.core.data_fetcher:save_data:569 | 数据保存成功: ./data\stock_data/2475_kline.csv
2026-03-21 09:48:38 | DEBUG    | src.update_data:update_data:141 | 股票 2475 K线数据更新成功，共 1748 条记录
2026-03-21 09:48:38 | INFO     | src.core.data_fetcher:inner:198 | 获取股票 600879 daily K线数据
2026-03-21 09:48:38 | INFO     | src.core.data_fetcher:inner:205 | 尝试使用东方财富数据源获取 600879 K线数据
2026-03-21 09:48:38 | WARNING  | src.core.data_fetcher:inner:219 | 东方财富数据源失败: ('Connection aborted.', RemoteDisconnected('Remote end closed connection without response'))
2026-03-21 09:48:38 | INFO     | src.core.data_fetcher:inner:223 | 尝试使用腾讯数据源获取 600879 K线数据
2026-03-21 09:48:42 | INFO     | src.core.data_fetcher:inner:237 | 腾讯数据源成功获取 1748 条数据
2026-03-21 09:48:42 | INFO     | src.core.data_fetcher:save_data:549 | 保存数据到 csv 文件: stock_data/600879_kline
2026-03-21 09:48:42 | INFO     | src.core.data_fetcher:save_data:569 | 数据保存成功: ./data\stock_data/600879_kline.csv
2026-03-21 09:48:42 | DEBUG    | src.update_data:update_data:141 | 股票 600879 K线数据更新成功，共 1748 条记录
2026-03-21 09:48:42 | INFO     | src.core.data_fetcher:inner:198 | 获取股票 301617 daily K线数据
2026-03-21 09:48:42 | INFO     | src.core.data_fetcher:inner:205 | 尝试使用东方财富数据源获取 301617 K线数据
2026-03-21 09:48:43 | WARNING  | src.core.data_fetcher:inner:219 | 东方财富数据源失败: ('Connection aborted.', RemoteDisconnected('Remote end closed connection without response'))
2026-03-21 09:48:43 | INFO     | src.core.data_fetcher:inner:223 | 尝试使用腾讯数据源获取 301617 K线数据
2026-03-21 09:48:44 | INFO     | src.core.data_fetcher:inner:237 | 腾讯数据源成功获取 307 条数据
2026-03-21 09:48:44 | INFO     | src.core.data_fetcher:save_data:549 | 保存数据到 csv 文件: stock_data/301617_kline
2026-03-21 09:48:44 | INFO     | src.core.data_fetcher:save_data:569 | 数据保存成功: ./data\stock_data/301617_kline.csv
2026-03-21 09:48:44 | DEBUG    | src.update_data:update_data:141 | 股票 301617 K线数据更新成功，共 307 条记录
2026-03-21 09:48:44 | INFO     | src.core.data_fetcher:inner:198 | 获取股票 600118 daily K线数据
2026-03-21 09:48:44 | INFO     | src.core.data_fetcher:inner:205 | 尝试使用东方财富数据源获取 600118 K线数据
2026-03-21 09:48:45 | WARNING  | src.core.data_fetcher:inner:219 | 东方财富数据源失败: ('Connection aborted.', RemoteDisconnected('Remote end closed connection without response'))
2026-03-21 09:48:45 | INFO     | src.core.data_fetcher:inner:223 | 尝试使用腾讯数据源获取 600118 K线数据
2026-03-21 09:48:49 | INFO     | src.core.data_fetcher:inner:237 | 腾讯数据源成功获取 1748 条数据
2026-03-21 09:48:49 | INFO     | src.core.data_fetcher:save_data:549 | 保存数据到 csv 文件: stock_data/600118_kline
2026-03-21 09:48:49 | INFO     | src.core.data_fetcher:save_data:569 | 数据保存成功: ./data\stock_data/600118_kline.csv
2026-03-21 09:48:49 | DEBUG    | src.update_data:update_data:141 | 股票 600118 K线数据更新成功，共 1748 条记录
2026-03-21 09:48:49 | INFO     | src.core.data_fetcher:inner:198 | 获取股票 300342 daily K线数据
2026-03-21 09:48:49 | INFO     | src.core.data_fetcher:inner:205 | 尝试使用东方财富数据源获取 300342 K线数据
2026-03-21 09:48:49 | WARNING  | src.core.data_fetcher:inner:219 | 东方财富数据源失败: ('Connection aborted.', RemoteDisconnected('Remote end closed connection without response'))
2026-03-21 09:48:49 | INFO     | src.core.data_fetcher:inner:223 | 尝试使用腾讯数据源获取 300342 K线数据
2026-03-21 09:48:54 | INFO     | src.core.data_fetcher:inner:237 | 腾讯数据源成功获取 1748 条数据
2026-03-21 09:48:54 | INFO     | src.core.data_fetcher:save_data:549 | 保存数据到 csv 文件: stock_data/300342_kline
2026-03-21 09:48:54 | INFO     | src.core.data_fetcher:save_data:569 | 数据保存成功: ./data\stock_data/300342_kline.csv
2026-03-21 09:48:54 | DEBUG    | src.update_data:update_data:141 | 股票 300342 K线数据更新成功，共 1748 条记录
2026-03-21 09:48:54 | INFO     | src.core.data_fetcher:inner:198 | 获取股票 300092 daily K线数据
2026-03-21 09:48:54 | INFO     | src.core.data_fetcher:inner:205 | 尝试使用东方财富数据源获取 300092 K线数据
2026-03-21 09:48:54 | WARNING  | src.core.data_fetcher:inner:219 | 东方财富数据源失败: ('Connection aborted.', RemoteDisconnected('Remote end closed connection without response'))
2026-03-21 09:48:54 | INFO     | src.core.data_fetcher:inner:223 | 尝试使用腾讯数据源获取 300092 K线数据
2026-03-21 09:48:58 | INFO     | src.core.data_fetcher:inner:237 | 腾讯数据源成功获取 1748 条数据
2026-03-21 09:48:58 | INFO     | src.core.data_fetcher:save_data:549 | 保存数据到 csv 文件: stock_data/300092_kline
2026-03-21 09:48:58 | INFO     | src.core.data_fetcher:save_data:569 | 数据保存成功: ./data\stock_data/300092_kline.csv
2026-03-21 09:48:58 | DEBUG    | src.update_data:update_data:141 | 股票 300092 K线数据更新成功，共 1748 条记录
2026-03-21 09:48:58 | INFO     | src.core.data_fetcher:inner:198 | 获取股票 002371 daily K线数据
2026-03-21 09:48:58 | INFO     | src.core.data_fetcher:inner:205 | 尝试使用东方财富数据源获取 002371 K线数据
2026-03-21 09:48:59 | WARNING  | src.core.data_fetcher:inner:219 | 东方财富数据源失败: ('Connection aborted.', RemoteDisconnected('Remote end closed connection without response'))
2026-03-21 09:48:59 | INFO     | src.core.data_fetcher:inner:223 | 尝试使用腾讯数据源获取 002371 K线数据
2026-03-21 09:49:03 | INFO     | src.core.data_fetcher:inner:237 | 腾讯数据源成功获取 1748 条数据
2026-03-21 09:49:03 | INFO     | src.core.data_fetcher:save_data:549 | 保存数据到 csv 文件: stock_data/2371_kline
2026-03-21 09:49:03 | INFO     | src.core.data_fetcher:save_data:569 | 数据保存成功: ./data\stock_data/2371_kline.csv
2026-03-21 09:49:03 | DEBUG    | src.update_data:update_data:141 | 股票 2371 K线数据更新成功，共 1748 条记录
2026-03-21 09:49:03 | INFO     | src.core.data_fetcher:inner:198 | 获取股票 301005 daily K线数据
2026-03-21 09:49:03 | INFO     | src.core.data_fetcher:inner:205 | 尝试使用东方财富数据源获取 301005 K线数据
2026-03-21 09:49:03 | WARNING  | src.core.data_fetcher:inner:219 | 东方财富数据源失败: ('Connection aborted.', RemoteDisconnected('Remote end closed connection without response'))
2026-03-21 09:49:03 | INFO     | src.core.data_fetcher:inner:223 | 尝试使用腾讯数据源获取 301005 K线数据
2026-03-21 09:49:06 | INFO     | src.core.data_fetcher:inner:237 | 腾讯数据源成功获取 1164 条数据
2026-03-21 09:49:06 | INFO     | src.core.data_fetcher:save_data:549 | 保存数据到 csv 文件: stock_data/301005_kline
2026-03-21 09:49:06 | INFO     | src.core.data_fetcher:save_data:569 | 数据保存成功: ./data\stock_data/301005_kline.csv
2026-03-21 09:49:06 | DEBUG    | src.update_data:update_data:141 | 股票 301005 K线数据更新成功，共 1164 条记录
2026-03-21 09:49:06 | INFO     | src.core.data_fetcher:inner:198 | 获取股票 603986 daily K线数据
2026-03-21 09:49:06 | INFO     | src.core.data_fetcher:inner:205 | 尝试使用东方财富数据源获取 603986 K线数据
2026-03-21 09:49:07 | WARNING  | src.core.data_fetcher:inner:219 | 东方财富数据源失败: ('Connection aborted.', RemoteDisconnected('Remote end closed connection without response'))
2026-03-21 09:49:07 | INFO     | src.core.data_fetcher:inner:223 | 尝试使用腾讯数据源获取 603986 K线数据
2026-03-21 09:49:11 | INFO     | src.core.data_fetcher:inner:237 | 腾讯数据源成功获取 1747 条数据
2026-03-21 09:49:11 | INFO     | src.core.data_fetcher:save_data:549 | 保存数据到 csv 文件: stock_data/603986_kline
2026-03-21 09:49:11 | INFO     | src.core.data_fetcher:save_data:569 | 数据保存成功: ./data\stock_data/603986_kline.csv
2026-03-21 09:49:11 | DEBUG    | src.update_data:update_data:141 | 股票 603986 K线数据更新成功，共 1747 条记录
2026-03-21 09:49:11 | INFO     | src.core.data_fetcher:inner:198 | 获取股票 300502 daily K线数据
2026-03-21 09:49:11 | INFO     | src.core.data_fetcher:inner:205 | 尝试使用东方财富数据源获取 300502 K线数据
2026-03-21 09:49:11 | WARNING  | src.core.data_fetcher:inner:219 | 东方财富数据源失败: ('Connection aborted.', RemoteDisconnected('Remote end closed connection without response'))
2026-03-21 09:49:11 | INFO     | src.core.data_fetcher:inner:223 | 尝试使用腾讯数据源获取 300502 K线数据
2026-03-21 09:49:15 | INFO     | src.core.data_fetcher:inner:237 | 腾讯数据源成功获取 1748 条数据
2026-03-21 09:49:15 | INFO     | src.core.data_fetcher:save_data:549 | 保存数据到 csv 文件: stock_data/300502_kline
2026-03-21 09:49:15 | INFO     | src.core.data_fetcher:save_data:569 | 数据保存成功: ./data\stock_data/300502_kline.csv
2026-03-21 09:49:15 | DEBUG    | src.update_data:update_data:141 | 股票 300502 K线数据更新成功，共 1748 条记录
2026-03-21 09:49:15 | INFO     | src.core.data_fetcher:inner:198 | 获取股票 601689 daily K线数据
2026-03-21 09:49:15 | INFO     | src.core.data_fetcher:inner:205 | 尝试使用东方财富数据源获取 601689 K线数据
2026-03-21 09:49:16 | WARNING  | src.core.data_fetcher:inner:219 | 东方财富数据源失败: ('Connection aborted.', RemoteDisconnected('Remote end closed connection without response'))
2026-03-21 09:49:16 | INFO     | src.core.data_fetcher:inner:223 | 尝试使用腾讯数据源获取 601689 K线数据
2026-03-21 09:49:20 | INFO     | src.core.data_fetcher:inner:237 | 腾讯数据源成功获取 1748 条数据
2026-03-21 09:49:20 | INFO     | src.core.data_fetcher:save_data:549 | 保存数据到 csv 文件: stock_data/601689_kline
2026-03-21 09:49:20 | INFO     | src.core.data_fetcher:save_data:569 | 数据保存成功: ./data\stock_data/601689_kline.csv
2026-03-21 09:49:20 | DEBUG    | src.update_data:update_data:141 | 股票 601689 K线数据更新成功，共 1748 条记录
2026-03-21 09:49:20 | INFO     | src.core.data_fetcher:inner:198 | 获取股票 300762 daily K线数据
2026-03-21 09:49:20 | INFO     | src.core.data_fetcher:inner:205 | 尝试使用东方财富数据源获取 300762 K线数据
2026-03-21 09:49:20 | WARNING  | src.core.data_fetcher:inner:219 | 东方财富数据源失败: ('Connection aborted.', RemoteDisconnected('Remote end closed connection without response'))
2026-03-21 09:49:20 | INFO     | src.core.data_fetcher:inner:223 | 尝试使用腾讯数据源获取 300762 K线数据
2026-03-21 09:49:24 | INFO     | src.core.data_fetcher:inner:237 | 腾讯数据源成功获取 1702 条数据
2026-03-21 09:49:24 | INFO     | src.core.data_fetcher:save_data:549 | 保存数据到 csv 文件: stock_data/300762_kline
2026-03-21 09:49:24 | INFO     | src.core.data_fetcher:save_data:569 | 数据保存成功: ./data\stock_data/300762_kline.csv
2026-03-21 09:49:24 | DEBUG    | src.update_data:update_data:141 | 股票 300762 K线数据更新成功，共 1702 条记录
2026-03-21 09:49:24 | INFO     | src.core.data_fetcher:inner:198 | 获取股票 688347 daily K线数据
2026-03-21 09:49:24 | INFO     | src.core.data_fetcher:inner:205 | 尝试使用东方财富数据源获取 688347 K线数据
2026-03-21 09:49:24 | WARNING  | src.core.data_fetcher:inner:219 | 东方财富数据源失败: ('Connection aborted.', RemoteDisconnected('Remote end closed connection without response'))
2026-03-21 09:49:24 | INFO     | src.core.data_fetcher:inner:223 | 尝试使用腾讯数据源获取 688347 K线数据
2026-03-21 09:49:26 | INFO     | src.core.data_fetcher:inner:237 | 腾讯数据源成功获取 623 条数据
2026-03-21 09:49:26 | INFO     | src.core.data_fetcher:save_data:549 | 保存数据到 csv 文件: stock_data/688347_kline
2026-03-21 09:49:26 | INFO     | src.core.data_fetcher:save_data:569 | 数据保存成功: ./data\stock_data/688347_kline.csv
2026-03-21 09:49:26 | DEBUG    | src.update_data:update_data:141 | 股票 688347 K线数据更新成功，共 623 条记录
2026-03-21 09:49:26 | INFO     | src.core.data_fetcher:inner:198 | 获取股票 301150 daily K线数据
2026-03-21 09:49:26 | INFO     | src.core.data_fetcher:inner:205 | 尝试使用东方财富数据源获取 301150 K线数据
2026-03-21 09:49:27 | WARNING  | src.core.data_fetcher:inner:219 | 东方财富数据源失败: ('Connection aborted.', RemoteDisconnected('Remote end closed connection without response'))
2026-03-21 09:49:27 | INFO     | src.core.data_fetcher:inner:223 | 尝试使用腾讯数据源获取 301150 K线数据
2026-03-21 09:49:29 | INFO     | src.core.data_fetcher:inner:237 | 腾讯数据源成功获取 948 条数据
2026-03-21 09:49:29 | INFO     | src.core.data_fetcher:save_data:549 | 保存数据到 csv 文件: stock_data/301150_kline
2026-03-21 09:49:29 | INFO     | src.core.data_fetcher:save_data:569 | 数据保存成功: ./data\stock_data/301150_kline.csv
2026-03-21 09:49:29 | DEBUG    | src.update_data:update_data:141 | 股票 301150 K线数据更新成功，共 948 条记录
2026-03-21 09:49:29 | INFO     | src.core.data_fetcher:inner:198 | 获取股票 301662 daily K线数据
2026-03-21 09:49:29 | INFO     | src.core.data_fetcher:inner:205 | 尝试使用东方财富数据源获取 301662 K线数据
2026-03-21 09:49:30 | WARNING  | src.core.data_fetcher:inner:219 | 东方财富数据源失败: ('Connection aborted.', RemoteDisconnected('Remote end closed connection without response'))
2026-03-21 09:49:30 | INFO     | src.core.data_fetcher:inner:223 | 尝试使用腾讯数据源获取 301662 K线数据
2026-03-21 09:49:31 | INFO     | src.core.data_fetcher:inner:237 | 腾讯数据源成功获取 224 条数据
2026-03-21 09:49:31 | INFO     | src.core.data_fetcher:save_data:549 | 保存数据到 csv 文件: stock_data/301662_kline
2026-03-21 09:49:31 | INFO     | src.core.data_fetcher:save_data:569 | 数据保存成功: ./data\stock_data/301662_kline.csv
2026-03-21 09:49:31 | DEBUG    | src.update_data:update_data:141 | 股票 301662 K线数据更新成功，共 224 条记录
2026-03-21 09:49:31 | INFO     | src.core.data_fetcher:inner:198 | 获取股票 601698 daily K线数据
2026-03-21 09:49:31 | INFO     | src.core.data_fetcher:inner:205 | 尝试使用东方财富数据源获取 601698 K线数据
2026-03-21 09:49:31 | WARNING  | src.core.data_fetcher:inner:219 | 东方财富数据源失败: ('Connection aborted.', RemoteDisconnected('Remote end closed connection without response'))
2026-03-21 09:49:31 | INFO     | src.core.data_fetcher:inner:223 | 尝试使用腾讯数据源获取 601698 K线数据
2026-03-21 09:49:35 | INFO     | src.core.data_fetcher:inner:237 | 腾讯数据源成功获取 1631 条数据
2026-03-21 09:49:35 | INFO     | src.core.data_fetcher:save_data:549 | 保存数据到 csv 文件: stock_data/601698_kline
2026-03-21 09:49:35 | INFO     | src.core.data_fetcher:save_data:569 | 数据保存成功: ./data\stock_data/601698_kline.csv
2026-03-21 09:49:35 | DEBUG    | src.update_data:update_data:141 | 股票 601698 K线数据更新成功，共 1631 条记录
2026-03-21 09:49:35 | INFO     | src.core.data_fetcher:inner:198 | 获取股票 002149 daily K线数据
2026-03-21 09:49:35 | INFO     | src.core.data_fetcher:inner:205 | 尝试使用东方财富数据源获取 002149 K线数据
2026-03-21 09:49:35 | WARNING  | src.core.data_fetcher:inner:219 | 东方财富数据源失败: ('Connection aborted.', RemoteDisconnected('Remote end closed connection without response'))
2026-03-21 09:49:35 | INFO     | src.core.data_fetcher:inner:223 | 尝试使用腾讯数据源获取 002149 K线数据
2026-03-21 09:49:40 | INFO     | src.core.data_fetcher:inner:237 | 腾讯数据源成功获取 1748 条数据
2026-03-21 09:49:40 | INFO     | src.core.data_fetcher:save_data:549 | 保存数据到 csv 文件: stock_data/2149_kline
2026-03-21 09:49:40 | INFO     | src.core.data_fetcher:save_data:569 | 数据保存成功: ./data\stock_data/2149_kline.csv
2026-03-21 09:49:40 | DEBUG    | src.update_data:update_data:141 | 股票 2149 K线数据更新成功，共 1748 条记录
2026-03-21 09:49:40 | INFO     | src.core.data_fetcher:inner:198 | 获取股票 300136 daily K线数据
2026-03-21 09:49:40 | INFO     | src.core.data_fetcher:inner:205 | 尝试使用东方财富数据源获取 300136 K线数据
2026-03-21 09:49:40 | WARNING  | src.core.data_fetcher:inner:219 | 东方财富数据源失败: ('Connection aborted.', RemoteDisconnected('Remote end closed connection without response'))
2026-03-21 09:49:40 | INFO     | src.core.data_fetcher:inner:223 | 尝试使用腾讯数据源获取 300136 K线数据
2026-03-21 09:49:44 | INFO     | src.core.data_fetcher:inner:237 | 腾讯数据源成功获取 1748 条数据
2026-03-21 09:49:44 | INFO     | src.core.data_fetcher:save_data:549 | 保存数据到 csv 文件: stock_data/300136_kline
2026-03-21 09:49:44 | INFO     | src.core.data_fetcher:save_data:569 | 数据保存成功: ./data\stock_data/300136_kline.csv
2026-03-21 09:49:44 | DEBUG    | src.update_data:update_data:141 | 股票 300136 K线数据更新成功，共 1748 条记录
2026-03-21 09:49:44 | INFO     | src.core.data_fetcher:inner:198 | 获取股票 688499 daily K线数据
2026-03-21 09:49:44 | INFO     | src.core.data_fetcher:inner:205 | 尝试使用东方财富数据源获取 688499 K线数据
2026-03-21 09:49:44 | WARNING  | src.core.data_fetcher:inner:219 | 东方财富数据源失败: ('Connection aborted.', RemoteDisconnected('Remote end closed connection without response'))
2026-03-21 09:49:44 | INFO     | src.core.data_fetcher:inner:223 | 尝试使用腾讯数据源获取 688499 K线数据
2026-03-21 09:49:48 | INFO     | src.core.data_fetcher:inner:237 | 腾讯数据源成功获取 1143 条数据
2026-03-21 09:49:48 | INFO     | src.core.data_fetcher:save_data:549 | 保存数据到 csv 文件: stock_data/688499_kline
2026-03-21 09:49:48 | INFO     | src.core.data_fetcher:save_data:569 | 数据保存成功: ./data\stock_data/688499_kline.csv
2026-03-21 09:49:48 | DEBUG    | src.update_data:update_data:141 | 股票 688499 K线数据更新成功，共 1143 条记录
2026-03-21 09:49:48 | INFO     | src.update_data:update_data:159 | 步骤4: 生成汇总报告
2026-03-21 09:49:48 | INFO     | src.update_data:update_data:166 | ============================================================
2026-03-21 09:49:48 | INFO     | src.update_data:update_data:167 | 数据更新完成!
2026-03-21 09:49:48 | INFO     | src.update_data:update_data:168 | ============================================================
2026-03-21 09:49:48 | INFO     | src.update_data:update_data:169 | 基金数据: 成功 3 / 失败 0
2026-03-21 09:49:48 | INFO     | src.update_data:update_data:170 | 股票数据: 成功 30 / 失败 0
2026-03-21 09:49:48 | INFO     | src.update_data:update_data:171 | 总更新记录: 33 条
2026-03-21 09:49:48 | INFO     | src.update_data:update_data:172 | ============================================================
2026-03-21 09:49:49 | DEBUG    | src.notify.channels.ntfy:send:87 | ntfy 消息发送成功: ✅ 数据更新完成
基金: 3成功/0失败
股票: 30成功/0失败...
2026-03-21 09:49:49 | DEBUG    | src.notify.base:send_with_retry:126 | 通知器 ntfy 发送成功
2026-03-21 09:49:49 | DEBUG    | src.notify.manager:send:140 | 消息发送成功到渠道 ntfy
2026-03-21 09:49:49 | INFO     | src.update_data:run_update_workflow:200 | 数据更新流程完成!
2026-03-21 09:50:13 | INFO     | src.notify.config:load_notify_config:92 | 通知配置加载成功，启用状态: True
2026-03-21 09:50:13 | INFO     | src.notify.manager:_init_channels:56 | ntfy 通知渠道初始化成功
2026-03-21 09:50:13 | INFO     | src.notify.manager:_init_channels:90 | 通知渠道初始化完成，启用 1 个渠道
2026-03-21 09:50:13 | INFO     | src.notify:init_notify:33 | 通知模块初始化完成，启用渠道: ['ntfy']
2026-03-21 09:50:13 | INFO     | __main__:main:742 | 使用配置文件中的基金代码: ['005538', '015790', '000001']
2026-03-21 09:50:13 | INFO     | __main__:show_welcome_message:253 | 
============================================================
2026-03-21 09:50:13 | INFO     | __main__:show_welcome_message:254 | 基金持仓股票分析系统 v1.0
2026-03-21 09:50:13 | INFO     | __main__:show_welcome_message:255 | ============================================================
2026-03-21 09:50:13 | INFO     | __main__:show_welcome_message:256 | 功能1：技术指标计算（默认模式）
2026-03-21 09:50:13 | INFO     | __main__:show_welcome_message:257 |   为基金持仓股票计算多种技术指标（MA、RSI、MACD等）
2026-03-21 09:50:13 | INFO     | __main__:show_welcome_message:258 | 
2026-03-21 09:50:13 | INFO     | __main__:show_welcome_message:259 | 功能2：基金加权平均分析
2026-03-21 09:50:13 | INFO     | __main__:show_welcome_message:260 |   基于持仓股票的持有比例进行加权分析，判断基金是否值得继续持有
2026-03-21 09:50:13 | INFO     | __main__:show_welcome_message:261 | 
2026-03-21 09:50:13 | INFO     | __main__:show_welcome_message:262 | 功能3：更新数据
2026-03-21 09:50:13 | INFO     | __main__:show_welcome_message:263 |   重新下载基金持仓和股票K线数据，更新到最新
2026-03-21 09:50:13 | INFO     | __main__:show_welcome_message:264 | 
2026-03-21 09:50:13 | INFO     | __main__:show_welcome_message:265 | 使用方式：
2026-03-21 09:50:13 | INFO     | __main__:show_welcome_message:266 |   python main.py                        # 交互式菜单
2026-03-21 09:50:13 | INFO     | __main__:show_welcome_message:267 |   python main.py --single-fund 005538   # 处理单个基金
2026-03-21 09:50:13 | INFO     | __main__:show_welcome_message:268 |   python main.py --analyze --single-fund 005538   # 分析单个基金
2026-03-21 09:50:13 | INFO     | __main__:show_welcome_message:269 |   python main.py --analyze --fund-codes 005538 015790  # 分析多个基金
2026-03-21 09:50:13 | INFO     | __main__:show_welcome_message:270 | ============================================================

2026-03-21 09:50:17 | INFO     | src.data.reader:__init__:29 | 数据读取器初始化完成，基础路径: data
2026-03-21 09:50:17 | INFO     | __main__:run_technical_workflow:638 | 开始批量处理 3 个基金的技术指标计算
2026-03-21 09:50:17 | INFO     | __main__:run_technical_workflow:639 | 基金代码列表: ['005538', '015790', '000001']
2026-03-21 09:50:17 | INFO     | __main__:run_technical_workflow:640 | 开始日期: 2019-01-01
2026-03-21 09:50:17 | INFO     | __main__:run_technical_workflow:641 | 数据目录: stock_data
2026-03-21 09:50:17 | INFO     | __main__:run_technical_workflow:646 | 
============================================================
2026-03-21 09:50:17 | INFO     | __main__:run_technical_workflow:647 | 开始处理基金: 005538
2026-03-21 09:50:17 | INFO     | __main__:run_technical_workflow:648 | ============================================================
2026-03-21 09:50:17 | INFO     | __main__:process_single_fund:46 | 开始处理基金 005538 的持仓股票技术指标计算
2026-03-21 09:50:18 | DEBUG    | src.notify.channels.ntfy:send:87 | ntfy 消息发送成功: 🔍 开始分析基金 {fund_code}...
2026-03-21 09:50:18 | DEBUG    | src.notify.base:send_with_retry:126 | 通知器 ntfy 发送成功
2026-03-21 09:50:18 | DEBUG    | src.notify.manager:send:140 | 消息发送成功到渠道 ntfy
2026-03-21 09:50:18 | INFO     | __main__:process_single_fund:53 | 步骤1: 获取基金持仓数据
2026-03-21 09:50:18 | INFO     | src.core.data_fetcher:inner:423 | 获取基金 005538 持仓
2026-03-21 09:50:19 | INFO     | __main__:process_single_fund:61 | 步骤2: 过滤最新季度数据
2026-03-21 09:50:19 | INFO     | src.analysis.quarter_filter:filter_latest_quarter_data:63 | 识别到最新季度: 2025年Q4
2026-03-21 09:50:19 | INFO     | src.analysis.quarter_filter:filter_latest_quarter_data:77 | 过滤结果: 从 81 条记录中筛选出 10 条最新季度数据
2026-03-21 09:50:19 | INFO     | __main__:process_single_fund:65 | 最新季度持仓股票数量: 10
2026-03-21 09:50:19 | INFO     | __main__:process_single_fund:66 | 股票代码列表: ['301662', '688778', '688155', '300450', '301617', '688147', '688499', '301150', '002846', '300092']
2026-03-21 09:50:19 | INFO     | __main__:process_single_fund:69 | 步骤3: 批量处理股票数据
2026-03-21 09:50:19 | INFO     | src.data.reader:list_files:221 | 在 data\stock_data 中找到 35 个文件
2026-03-21 09:50:19 | INFO     | src.data.reader:list_stock_files:241 | 找到 35 个股票数据文件
2026-03-21 09:50:19 | INFO     | src.data.reader:read_csv:53 | 读取CSV文件: data\stock_data\301662_kline.csv
2026-03-21 09:50:19 | INFO     | src.data.reader:read_csv:57 | 成功读取 224 行数据
2026-03-21 09:50:19 | INFO     | src.data.reader:list_files:221 | 在 data\stock_data 中找到 35 个文件
2026-03-21 09:50:19 | INFO     | src.data.reader:list_stock_files:241 | 找到 35 个股票数据文件
2026-03-21 09:50:19 | INFO     | src.data.reader:read_csv:53 | 读取CSV文件: data\stock_data\688778_kline.csv
2026-03-21 09:50:19 | INFO     | src.data.reader:read_csv:57 | 成功读取 1118 行数据
2026-03-21 09:50:19 | INFO     | src.data.reader:list_files:221 | 在 data\stock_data 中找到 35 个文件
2026-03-21 09:50:19 | INFO     | src.data.reader:list_stock_files:241 | 找到 35 个股票数据文件
2026-03-21 09:50:19 | INFO     | src.data.reader:read_csv:53 | 读取CSV文件: data\stock_data\688155_kline.csv
2026-03-21 09:50:19 | INFO     | src.data.reader:read_csv:57 | 成功读取 1358 行数据
2026-03-21 09:50:19 | INFO     | src.data.reader:list_files:221 | 在 data\stock_data 中找到 35 个文件
2026-03-21 09:50:19 | INFO     | src.data.reader:list_stock_files:241 | 找到 35 个股票数据文件
2026-03-21 09:50:19 | INFO     | src.data.reader:read_csv:53 | 读取CSV文件: data\stock_data\300450_kline.csv
2026-03-21 09:50:19 | INFO     | src.data.reader:read_csv:57 | 成功读取 1748 行数据
2026-03-21 09:50:19 | INFO     | src.data.reader:list_files:221 | 在 data\stock_data 中找到 35 个文件
2026-03-21 09:50:19 | INFO     | src.data.reader:list_stock_files:241 | 找到 35 个股票数据文件
2026-03-21 09:50:19 | INFO     | src.data.reader:read_csv:53 | 读取CSV文件: data\stock_data\301617_kline.csv
2026-03-21 09:50:19 | INFO     | src.data.reader:read_csv:57 | 成功读取 307 行数据
2026-03-21 09:50:19 | INFO     | src.data.reader:list_files:221 | 在 data\stock_data 中找到 35 个文件
2026-03-21 09:50:19 | INFO     | src.data.reader:list_stock_files:241 | 找到 35 个股票数据文件
2026-03-21 09:50:19 | INFO     | src.data.reader:read_csv:53 | 读取CSV文件: data\stock_data\688147_kline.csv
2026-03-21 09:50:19 | INFO     | src.data.reader:read_csv:57 | 成功读取 782 行数据
2026-03-21 09:50:19 | INFO     | src.data.reader:list_files:221 | 在 data\stock_data 中找到 35 个文件
2026-03-21 09:50:19 | INFO     | src.data.reader:list_stock_files:241 | 找到 35 个股票数据文件
2026-03-21 09:50:19 | INFO     | src.data.reader:read_csv:53 | 读取CSV文件: data\stock_data\688499_kline.csv
2026-03-21 09:50:19 | INFO     | src.data.reader:read_csv:57 | 成功读取 1143 行数据
2026-03-21 09:50:19 | INFO     | src.data.reader:list_files:221 | 在 data\stock_data 中找到 35 个文件
2026-03-21 09:50:19 | INFO     | src.data.reader:list_stock_files:241 | 找到 35 个股票数据文件
2026-03-21 09:50:19 | INFO     | src.data.reader:read_csv:53 | 读取CSV文件: data\stock_data\301150_kline.csv
2026-03-21 09:50:19 | INFO     | src.data.reader:read_csv:57 | 成功读取 948 行数据
2026-03-21 09:50:19 | INFO     | src.data.reader:list_files:221 | 在 data\stock_data 中找到 35 个文件
2026-03-21 09:50:19 | INFO     | src.data.reader:list_stock_files:241 | 找到 35 个股票数据文件
2026-03-21 09:50:19 | INFO     | src.data.reader:read_csv:53 | 读取CSV文件: data\stock_data\002846_kline.csv
2026-03-21 09:50:19 | INFO     | src.data.reader:read_csv:57 | 成功读取 1258 行数据
2026-03-21 09:50:19 | INFO     | src.data.reader:list_files:221 | 在 data\stock_data 中找到 35 个文件
2026-03-21 09:50:19 | INFO     | src.data.reader:list_stock_files:241 | 找到 35 个股票数据文件
2026-03-21 09:50:19 | INFO     | src.data.reader:read_csv:53 | 读取CSV文件: data\stock_data\300092_kline.csv
2026-03-21 09:50:19 | INFO     | src.data.reader:read_csv:57 | 成功读取 1748 行数据
2026-03-21 09:50:19 | INFO     | __main__:process_single_fund:109 | 成功获取 10 只股票的数据
2026-03-21 09:50:19 | INFO     | __main__:process_single_fund:116 | 步骤4: 计算技术指标
2026-03-21 09:50:19 | INFO     | src.indicators.technical_indicators:calculate_ma:133 | 计算 5 日移动平均线完成
2026-03-21 09:50:19 | INFO     | src.indicators.technical_indicators:calculate_ma:133 | 计算 10 日移动平均线完成
2026-03-21 09:50:19 | INFO     | src.indicators.technical_indicators:calculate_ma:133 | 计算 20 日移动平均线完成
2026-03-21 09:50:19 | INFO     | src.indicators.technical_indicators:calculate_ma:133 | 计算 30 日移动平均线完成
2026-03-21 09:50:19 | INFO     | src.indicators.technical_indicators:calculate_ma:133 | 计算 60 日移动平均线完成
2026-03-21 09:50:19 | INFO     | src.indicators.technical_indicators:calculate_ma:133 | 计算 120 日移动平均线完成
2026-03-21 09:50:19 | INFO     | src.indicators.technical_indicators:calculate_ma:133 | 计算 250 日移动平均线完成
2026-03-21 09:50:19 | INFO     | src.indicators.technical_indicators:calculate_sma:157 | 计算 5 日简单移动平均线完成
2026-03-21 09:50:19 | INFO     | src.indicators.technical_indicators:calculate_sma:157 | 计算 10 日简单移动平均线完成
2026-03-21 09:50:19 | INFO     | src.indicators.technical_indicators:calculate_sma:157 | 计算 20 日简单移动平均线完成
2026-03-21 09:50:19 | INFO     | src.indicators.technical_indicators:calculate_sma:157 | 计算 30 日简单移动平均线完成
2026-03-21 09:50:19 | INFO     | src.indicators.technical_indicators:calculate_sma:157 | 计算 60 日简单移动平均线完成
2026-03-21 09:50:19 | INFO     | src.indicators.technical_indicators:calculate_sma:157 | 计算 120 日简单移动平均线完成
2026-03-21 09:50:19 | INFO     | src.indicators.technical_indicators:calculate_sma:157 | 计算 250 日简单移动平均线完成
2026-03-21 09:50:19 | INFO     | src.indicators.technical_indicators:calculate_ema:182 | 计算 12 日指数移动平均线完成
2026-03-21 09:50:19 | INFO     | src.indicators.technical_indicators:calculate_ema:182 | 计算 26 日指数移动平均线完成
2026-03-21 09:50:19 | INFO     | src.indicators.technical_indicators:calculate_rsi:221 | 计算 6 日RSI完成
2026-03-21 09:50:19 | INFO     | src.indicators.technical_indicators:calculate_rsi:221 | 计算 12 日RSI完成
2026-03-21 09:50:19 | INFO     | src.indicators.technical_indicators:calculate_rsi:221 | 计算 24 日RSI完成
2026-03-21 09:50:19 | INFO     | src.indicators.technical_indicators:calculate_macd:263 | 计算MACD完成：快线=12, 慢线=26, 信号线=9
2026-03-21 09:50:19 | INFO     | src.indicators.technical_indicators:calculate_macd:263 | 计算MACD完成：快线=12, 慢线=26, 信号线=12
2026-03-21 09:50:19 | INFO     | src.indicators.technical_indicators:calculate_boll:303 | 计算布林带完成：周期=20, 标准差倍数=2
2026-03-21 09:50:19 | INFO     | src.indicators.technical_indicators:calculate_boll:303 | 计算布林带完成：周期=26, 标准差倍数=2
2026-03-21 09:50:19 | INFO     | src.indicators.technical_indicators:calculate_kdj:350 | 计算KDJ完成：K周期=9, D周期=3, J周期=3
2026-03-21 09:50:19 | INFO     | src.indicators.technical_indicators:calculate_kdj:350 | 计算KDJ完成：K周期=10, D周期=3, J周期=3
2026-03-21 09:50:19 | INFO     | src.indicators.technical_indicators:calculate_atr:385 | 计算 10 日ATR完成
2026-03-21 09:50:19 | INFO     | src.indicators.technical_indicators:calculate_cci:446 | 计算 20 日CCI完成
2026-03-21 09:50:19 | INFO     | src.indicators.technical_indicators:calculate_williams_r:476 | 计算 10 日威廉指标完成
2026-03-21 09:50:19 | INFO     | src.indicators.technical_indicators:calculate_ma:133 | 计算 5 日移动平均线完成
2026-03-21 09:50:19 | INFO     | src.indicators.technical_indicators:calculate_bias:500 | 计算 5 日乖离率完成
2026-03-21 09:50:19 | INFO     | src.indicators.technical_indicators:calculate_ma:133 | 计算 10 日移动平均线完成
2026-03-21 09:50:19 | INFO     | src.indicators.technical_indicators:calculate_bias:500 | 计算 10 日乖离率完成
2026-03-21 09:50:19 | INFO     | src.indicators.technical_indicators:calculate_ma:133 | 计算 20 日移动平均线完成
2026-03-21 09:50:19 | INFO     | src.indicators.technical_indicators:calculate_bias:500 | 计算 20 日乖离率完成
2026-03-21 09:50:19 | INFO     | src.indicators.technical_indicators:calculate_ma:133 | 计算 30 日移动平均线完成
2026-03-21 09:50:19 | INFO     | src.indicators.technical_indicators:calculate_bias:500 | 计算 30 日乖离率完成
2026-03-21 09:50:19 | INFO     | src.indicators.technical_indicators:calculate_ma:133 | 计算 60 日移动平均线完成
2026-03-21 09:50:19 | INFO     | src.indicators.technical_indicators:calculate_bias:500 | 计算 60 日乖离率完成
2026-03-21 09:50:19 | INFO     | src.indicators.technical_indicators:calculate_ma:133 | 计算 120 日移动平均线完成
2026-03-21 09:50:19 | INFO     | src.indicators.technical_indicators:calculate_bias:500 | 计算 120 日乖离率完成
2026-03-21 09:50:19 | INFO     | src.indicators.technical_indicators:calculate_ma:133 | 计算 250 日移动平均线完成
2026-03-21 09:50:19 | INFO     | src.indicators.technical_indicators:calculate_bias:500 | 计算 250 日乖离率完成
2026-03-21 09:50:19 | INFO     | src.indicators.technical_indicators:calculate_psy:523 | 计算 10 日心理线完成
2026-03-21 09:50:19 | INFO     | src.indicators.technical_indicators:calculate_all:640 | 完成计算 48 个技术指标
2026-03-21 09:50:19 | INFO     | src.core.data_fetcher:save_data:549 | 保存数据到 csv 文件: 301662_with_indicators
2026-03-21 09:50:19 | INFO     | src.core.data_fetcher:save_data:569 | 数据保存成功: ./data\301662_with_indicators.csv
2026-03-21 09:50:19 | INFO     | __main__:process_single_fund:142 |   对股票 301662 进行信号判断
2026-03-21 09:50:19 | INFO     | src.core.data_fetcher:save_data:549 | 保存数据到 csv 文件: 301662_signals
2026-03-21 09:50:19 | INFO     | src.core.data_fetcher:save_data:569 | 数据保存成功: ./data\301662_signals.csv
2026-03-21 09:50:19 | INFO     | __main__:process_single_fund:170 |   股票 301662 信号判断完成: 持有 (得分: 0.027)
2026-03-21 09:50:19 | INFO     | src.indicators.technical_indicators:calculate_ma:133 | 计算 5 日移动平均线完成
2026-03-21 09:50:19 | INFO     | src.indicators.technical_indicators:calculate_ma:133 | 计算 10 日移动平均线完成
2026-03-21 09:50:19 | INFO     | src.indicators.technical_indicators:calculate_ma:133 | 计算 20 日移动平均线完成
2026-03-21 09:50:19 | INFO     | src.indicators.technical_indicators:calculate_ma:133 | 计算 30 日移动平均线完成
2026-03-21 09:50:19 | INFO     | src.indicators.technical_indicators:calculate_ma:133 | 计算 60 日移动平均线完成
2026-03-21 09:50:19 | INFO     | src.indicators.technical_indicators:calculate_ma:133 | 计算 120 日移动平均线完成
2026-03-21 09:50:19 | INFO     | src.indicators.technical_indicators:calculate_ma:133 | 计算 250 日移动平均线完成
2026-03-21 09:50:19 | INFO     | src.indicators.technical_indicators:calculate_sma:157 | 计算 5 日简单移动平均线完成
2026-03-21 09:50:19 | INFO     | src.indicators.technical_indicators:calculate_sma:157 | 计算 10 日简单移动平均线完成
2026-03-21 09:50:19 | INFO     | src.indicators.technical_indicators:calculate_sma:157 | 计算 20 日简单移动平均线完成
2026-03-21 09:50:19 | INFO     | src.indicators.technical_indicators:calculate_sma:157 | 计算 30 日简单移动平均线完成
2026-03-21 09:50:19 | INFO     | src.indicators.technical_indicators:calculate_sma:157 | 计算 60 日简单移动平均线完成
2026-03-21 09:50:19 | INFO     | src.indicators.technical_indicators:calculate_sma:157 | 计算 120 日简单移动平均线完成
2026-03-21 09:50:19 | INFO     | src.indicators.technical_indicators:calculate_sma:157 | 计算 250 日简单移动平均线完成
2026-03-21 09:50:19 | INFO     | src.indicators.technical_indicators:calculate_ema:182 | 计算 12 日指数移动平均线完成
2026-03-21 09:50:19 | INFO     | src.indicators.technical_indicators:calculate_ema:182 | 计算 26 日指数移动平均线完成
2026-03-21 09:50:19 | INFO     | src.indicators.technical_indicators:calculate_rsi:221 | 计算 6 日RSI完成
2026-03-21 09:50:19 | INFO     | src.indicators.technical_indicators:calculate_rsi:221 | 计算 12 日RSI完成
2026-03-21 09:50:19 | INFO     | src.indicators.technical_indicators:calculate_rsi:221 | 计算 24 日RSI完成
2026-03-21 09:50:19 | INFO     | src.indicators.technical_indicators:calculate_macd:263 | 计算MACD完成：快线=12, 慢线=26, 信号线=9
2026-03-21 09:50:19 | INFO     | src.indicators.technical_indicators:calculate_macd:263 | 计算MACD完成：快线=12, 慢线=26, 信号线=12
2026-03-21 09:50:19 | INFO     | src.indicators.technical_indicators:calculate_boll:303 | 计算布林带完成：周期=20, 标准差倍数=2
2026-03-21 09:50:19 | INFO     | src.indicators.technical_indicators:calculate_boll:303 | 计算布林带完成：周期=26, 标准差倍数=2
2026-03-21 09:50:19 | INFO     | src.indicators.technical_indicators:calculate_kdj:350 | 计算KDJ完成：K周期=9, D周期=3, J周期=3
2026-03-21 09:50:19 | INFO     | src.indicators.technical_indicators:calculate_kdj:350 | 计算KDJ完成：K周期=10, D周期=3, J周期=3
2026-03-21 09:50:19 | INFO     | src.indicators.technical_indicators:calculate_atr:385 | 计算 10 日ATR完成
2026-03-21 09:50:19 | INFO     | src.indicators.technical_indicators:calculate_cci:446 | 计算 20 日CCI完成
2026-03-21 09:50:19 | INFO     | src.indicators.technical_indicators:calculate_williams_r:476 | 计算 10 日威廉指标完成
2026-03-21 09:50:19 | INFO     | src.indicators.technical_indicators:calculate_ma:133 | 计算 5 日移动平均线完成
2026-03-21 09:50:19 | INFO     | src.indicators.technical_indicators:calculate_bias:500 | 计算 5 日乖离率完成
2026-03-21 09:50:19 | INFO     | src.indicators.technical_indicators:calculate_ma:133 | 计算 10 日移动平均线完成
2026-03-21 09:50:19 | INFO     | src.indicators.technical_indicators:calculate_bias:500 | 计算 10 日乖离率完成
2026-03-21 09:50:19 | INFO     | src.indicators.technical_indicators:calculate_ma:133 | 计算 20 日移动平均线完成
2026-03-21 09:50:19 | INFO     | src.indicators.technical_indicators:calculate_bias:500 | 计算 20 日乖离率完成
2026-03-21 09:50:19 | INFO     | src.indicators.technical_indicators:calculate_ma:133 | 计算 30 日移动平均线完成
2026-03-21 09:50:19 | INFO     | src.indicators.technical_indicators:calculate_bias:500 | 计算 30 日乖离率完成
2026-03-21 09:50:19 | INFO     | src.indicators.technical_indicators:calculate_ma:133 | 计算 60 日移动平均线完成
2026-03-21 09:50:19 | INFO     | src.indicators.technical_indicators:calculate_bias:500 | 计算 60 日乖离率完成
2026-03-21 09:50:19 | INFO     | src.indicators.technical_indicators:calculate_ma:133 | 计算 120 日移动平均线完成
2026-03-21 09:50:19 | INFO     | src.indicators.technical_indicators:calculate_bias:500 | 计算 120 日乖离率完成
2026-03-21 09:50:19 | INFO     | src.indicators.technical_indicators:calculate_ma:133 | 计算 250 日移动平均线完成
2026-03-21 09:50:19 | INFO     | src.indicators.technical_indicators:calculate_bias:500 | 计算 250 日乖离率完成
2026-03-21 09:50:19 | INFO     | src.indicators.technical_indicators:calculate_psy:523 | 计算 10 日心理线完成
2026-03-21 09:50:19 | INFO     | src.indicators.technical_indicators:calculate_all:640 | 完成计算 48 个技术指标
2026-03-21 09:50:19 | INFO     | src.core.data_fetcher:save_data:549 | 保存数据到 csv 文件: 688778_with_indicators
2026-03-21 09:50:19 | INFO     | src.core.data_fetcher:save_data:569 | 数据保存成功: ./data\688778_with_indicators.csv
2026-03-21 09:50:19 | INFO     | __main__:process_single_fund:142 |   对股票 688778 进行信号判断
2026-03-21 09:50:19 | INFO     | src.core.data_fetcher:save_data:549 | 保存数据到 csv 文件: 688778_signals
2026-03-21 09:50:19 | INFO     | src.core.data_fetcher:save_data:569 | 数据保存成功: ./data\688778_signals.csv
2026-03-21 09:50:19 | INFO     | __main__:process_single_fund:170 |   股票 688778 信号判断完成: 买入 (得分: 0.204)
2026-03-21 09:50:19 | INFO     | src.indicators.technical_indicators:calculate_ma:133 | 计算 5 日移动平均线完成
2026-03-21 09:50:19 | INFO     | src.indicators.technical_indicators:calculate_ma:133 | 计算 10 日移动平均线完成
2026-03-21 09:50:19 | INFO     | src.indicators.technical_indicators:calculate_ma:133 | 计算 20 日移动平均线完成
2026-03-21 09:50:19 | INFO     | src.indicators.technical_indicators:calculate_ma:133 | 计算 30 日移动平均线完成
2026-03-21 09:50:19 | INFO     | src.indicators.technical_indicators:calculate_ma:133 | 计算 60 日移动平均线完成
2026-03-21 09:50:19 | INFO     | src.indicators.technical_indicators:calculate_ma:133 | 计算 120 日移动平均线完成
2026-03-21 09:50:19 | INFO     | src.indicators.technical_indicators:calculate_ma:133 | 计算 250 日移动平均线完成
2026-03-21 09:50:19 | INFO     | src.indicators.technical_indicators:calculate_sma:157 | 计算 5 日简单移动平均线完成
2026-03-21 09:50:19 | INFO     | src.indicators.technical_indicators:calculate_sma:157 | 计算 10 日简单移动平均线完成
2026-03-21 09:50:19 | INFO     | src.indicators.technical_indicators:calculate_sma:157 | 计算 20 日简单移动平均线完成
2026-03-21 09:50:19 | INFO     | src.indicators.technical_indicators:calculate_sma:157 | 计算 30 日简单移动平均线完成
2026-03-21 09:50:19 | INFO     | src.indicators.technical_indicators:calculate_sma:157 | 计算 60 日简单移动平均线完成
2026-03-21 09:50:19 | INFO     | src.indicators.technical_indicators:calculate_sma:157 | 计算 120 日简单移动平均线完成
2026-03-21 09:50:19 | INFO     | src.indicators.technical_indicators:calculate_sma:157 | 计算 250 日简单移动平均线完成
2026-03-21 09:50:19 | INFO     | src.indicators.technical_indicators:calculate_ema:182 | 计算 12 日指数移动平均线完成
2026-03-21 09:50:19 | INFO     | src.indicators.technical_indicators:calculate_ema:182 | 计算 26 日指数移动平均线完成
2026-03-21 09:50:19 | INFO     | src.indicators.technical_indicators:calculate_rsi:221 | 计算 6 日RSI完成
2026-03-21 09:50:19 | INFO     | src.indicators.technical_indicators:calculate_rsi:221 | 计算 12 日RSI完成
2026-03-21 09:50:19 | INFO     | src.indicators.technical_indicators:calculate_rsi:221 | 计算 24 日RSI完成
2026-03-21 09:50:19 | INFO     | src.indicators.technical_indicators:calculate_macd:263 | 计算MACD完成：快线=12, 慢线=26, 信号线=9
2026-03-21 09:50:19 | INFO     | src.indicators.technical_indicators:calculate_macd:263 | 计算MACD完成：快线=12, 慢线=26, 信号线=12
2026-03-21 09:50:19 | INFO     | src.indicators.technical_indicators:calculate_boll:303 | 计算布林带完成：周期=20, 标准差倍数=2
2026-03-21 09:50:19 | INFO     | src.indicators.technical_indicators:calculate_boll:303 | 计算布林带完成：周期=26, 标准差倍数=2
2026-03-21 09:50:19 | INFO     | src.indicators.technical_indicators:calculate_kdj:350 | 计算KDJ完成：K周期=9, D周期=3, J周期=3
2026-03-21 09:50:19 | INFO     | src.indicators.technical_indicators:calculate_kdj:350 | 计算KDJ完成：K周期=10, D周期=3, J周期=3
2026-03-21 09:50:19 | INFO     | src.indicators.technical_indicators:calculate_atr:385 | 计算 10 日ATR完成
2026-03-21 09:50:19 | INFO     | src.indicators.technical_indicators:calculate_cci:446 | 计算 20 日CCI完成
2026-03-21 09:50:19 | INFO     | src.indicators.technical_indicators:calculate_williams_r:476 | 计算 10 日威廉指标完成
2026-03-21 09:50:19 | INFO     | src.indicators.technical_indicators:calculate_ma:133 | 计算 5 日移动平均线完成
2026-03-21 09:50:19 | INFO     | src.indicators.technical_indicators:calculate_bias:500 | 计算 5 日乖离率完成
2026-03-21 09:50:19 | INFO     | src.indicators.technical_indicators:calculate_ma:133 | 计算 10 日移动平均线完成
2026-03-21 09:50:19 | INFO     | src.indicators.technical_indicators:calculate_bias:500 | 计算 10 日乖离率完成
2026-03-21 09:50:19 | INFO     | src.indicators.technical_indicators:calculate_ma:133 | 计算 20 日移动平均线完成
2026-03-21 09:50:19 | INFO     | src.indicators.technical_indicators:calculate_bias:500 | 计算 20 日乖离率完成
2026-03-21 09:50:19 | INFO     | src.indicators.technical_indicators:calculate_ma:133 | 计算 30 日移动平均线完成
2026-03-21 09:50:19 | INFO     | src.indicators.technical_indicators:calculate_bias:500 | 计算 30 日乖离率完成
2026-03-21 09:50:19 | INFO     | src.indicators.technical_indicators:calculate_ma:133 | 计算 60 日移动平均线完成
2026-03-21 09:50:19 | INFO     | src.indicators.technical_indicators:calculate_bias:500 | 计算 60 日乖离率完成
2026-03-21 09:50:19 | INFO     | src.indicators.technical_indicators:calculate_ma:133 | 计算 120 日移动平均线完成
2026-03-21 09:50:19 | INFO     | src.indicators.technical_indicators:calculate_bias:500 | 计算 120 日乖离率完成
2026-03-21 09:50:19 | INFO     | src.indicators.technical_indicators:calculate_ma:133 | 计算 250 日移动平均线完成
2026-03-21 09:50:19 | INFO     | src.indicators.technical_indicators:calculate_bias:500 | 计算 250 日乖离率完成
2026-03-21 09:50:19 | INFO     | src.indicators.technical_indicators:calculate_psy:523 | 计算 10 日心理线完成
2026-03-21 09:50:19 | INFO     | src.indicators.technical_indicators:calculate_all:640 | 完成计算 48 个技术指标
2026-03-21 09:50:19 | INFO     | src.core.data_fetcher:save_data:549 | 保存数据到 csv 文件: 688155_with_indicators
2026-03-21 09:50:19 | INFO     | src.core.data_fetcher:save_data:569 | 数据保存成功: ./data\688155_with_indicators.csv
2026-03-21 09:50:19 | INFO     | __main__:process_single_fund:142 |   对股票 688155 进行信号判断
2026-03-21 09:50:19 | INFO     | src.core.data_fetcher:save_data:549 | 保存数据到 csv 文件: 688155_signals
2026-03-21 09:50:19 | INFO     | src.core.data_fetcher:save_data:569 | 数据保存成功: ./data\688155_signals.csv
2026-03-21 09:50:19 | INFO     | __main__:process_single_fund:170 |   股票 688155 信号判断完成: 持有 (得分: 0.005)
2026-03-21 09:50:19 | INFO     | src.indicators.technical_indicators:calculate_ma:133 | 计算 5 日移动平均线完成
2026-03-21 09:50:19 | INFO     | src.indicators.technical_indicators:calculate_ma:133 | 计算 10 日移动平均线完成
2026-03-21 09:50:19 | INFO     | src.indicators.technical_indicators:calculate_ma:133 | 计算 20 日移动平均线完成
2026-03-21 09:50:19 | INFO     | src.indicators.technical_indicators:calculate_ma:133 | 计算 30 日移动平均线完成
2026-03-21 09:50:19 | INFO     | src.indicators.technical_indicators:calculate_ma:133 | 计算 60 日移动平均线完成
2026-03-21 09:50:19 | INFO     | src.indicators.technical_indicators:calculate_ma:133 | 计算 120 日移动平均线完成
2026-03-21 09:50:19 | INFO     | src.indicators.technical_indicators:calculate_ma:133 | 计算 250 日移动平均线完成
2026-03-21 09:50:19 | INFO     | src.indicators.technical_indicators:calculate_sma:157 | 计算 5 日简单移动平均线完成
2026-03-21 09:50:19 | INFO     | src.indicators.technical_indicators:calculate_sma:157 | 计算 10 日简单移动平均线完成
2026-03-21 09:50:19 | INFO     | src.indicators.technical_indicators:calculate_sma:157 | 计算 20 日简单移动平均线完成
2026-03-21 09:50:19 | INFO     | src.indicators.technical_indicators:calculate_sma:157 | 计算 30 日简单移动平均线完成
2026-03-21 09:50:19 | INFO     | src.indicators.technical_indicators:calculate_sma:157 | 计算 60 日简单移动平均线完成
2026-03-21 09:50:19 | INFO     | src.indicators.technical_indicators:calculate_sma:157 | 计算 120 日简单移动平均线完成
2026-03-21 09:50:19 | INFO     | src.indicators.technical_indicators:calculate_sma:157 | 计算 250 日简单移动平均线完成
2026-03-21 09:50:19 | INFO     | src.indicators.technical_indicators:calculate_ema:182 | 计算 12 日指数移动平均线完成
2026-03-21 09:50:19 | INFO     | src.indicators.technical_indicators:calculate_ema:182 | 计算 26 日指数移动平均线完成
2026-03-21 09:50:19 | INFO     | src.indicators.technical_indicators:calculate_rsi:221 | 计算 6 日RSI完成
2026-03-21 09:50:19 | INFO     | src.indicators.technical_indicators:calculate_rsi:221 | 计算 12 日RSI完成
2026-03-21 09:50:19 | INFO     | src.indicators.technical_indicators:calculate_rsi:221 | 计算 24 日RSI完成
2026-03-21 09:50:19 | INFO     | src.indicators.technical_indicators:calculate_macd:263 | 计算MACD完成：快线=12, 慢线=26, 信号线=9
2026-03-21 09:50:19 | INFO     | src.indicators.technical_indicators:calculate_macd:263 | 计算MACD完成：快线=12, 慢线=26, 信号线=12
2026-03-21 09:50:19 | INFO     | src.indicators.technical_indicators:calculate_boll:303 | 计算布林带完成：周期=20, 标准差倍数=2
2026-03-21 09:50:19 | INFO     | src.indicators.technical_indicators:calculate_boll:303 | 计算布林带完成：周期=26, 标准差倍数=2
2026-03-21 09:50:19 | INFO     | src.indicators.technical_indicators:calculate_kdj:350 | 计算KDJ完成：K周期=9, D周期=3, J周期=3
2026-03-21 09:50:19 | INFO     | src.indicators.technical_indicators:calculate_kdj:350 | 计算KDJ完成：K周期=10, D周期=3, J周期=3
2026-03-21 09:50:19 | INFO     | src.indicators.technical_indicators:calculate_atr:385 | 计算 10 日ATR完成
2026-03-21 09:50:19 | INFO     | src.indicators.technical_indicators:calculate_cci:446 | 计算 20 日CCI完成
2026-03-21 09:50:19 | INFO     | src.indicators.technical_indicators:calculate_williams_r:476 | 计算 10 日威廉指标完成
2026-03-21 09:50:19 | INFO     | src.indicators.technical_indicators:calculate_ma:133 | 计算 5 日移动平均线完成
2026-03-21 09:50:19 | INFO     | src.indicators.technical_indicators:calculate_bias:500 | 计算 5 日乖离率完成
2026-03-21 09:50:19 | INFO     | src.indicators.technical_indicators:calculate_ma:133 | 计算 10 日移动平均线完成
2026-03-21 09:50:19 | INFO     | src.indicators.technical_indicators:calculate_bias:500 | 计算 10 日乖离率完成
2026-03-21 09:50:19 | INFO     | src.indicators.technical_indicators:calculate_ma:133 | 计算 20 日移动平均线完成
2026-03-21 09:50:19 | INFO     | src.indicators.technical_indicators:calculate_bias:500 | 计算 20 日乖离率完成
2026-03-21 09:50:19 | INFO     | src.indicators.technical_indicators:calculate_ma:133 | 计算 30 日移动平均线完成
2026-03-21 09:50:19 | INFO     | src.indicators.technical_indicators:calculate_bias:500 | 计算 30 日乖离率完成
2026-03-21 09:50:19 | INFO     | src.indicators.technical_indicators:calculate_ma:133 | 计算 60 日移动平均线完成
2026-03-21 09:50:19 | INFO     | src.indicators.technical_indicators:calculate_bias:500 | 计算 60 日乖离率完成
2026-03-21 09:50:19 | INFO     | src.indicators.technical_indicators:calculate_ma:133 | 计算 120 日移动平均线完成
2026-03-21 09:50:19 | INFO     | src.indicators.technical_indicators:calculate_bias:500 | 计算 120 日乖离率完成
2026-03-21 09:50:19 | INFO     | src.indicators.technical_indicators:calculate_ma:133 | 计算 250 日移动平均线完成
2026-03-21 09:50:19 | INFO     | src.indicators.technical_indicators:calculate_bias:500 | 计算 250 日乖离率完成
2026-03-21 09:50:19 | INFO     | src.indicators.technical_indicators:calculate_psy:523 | 计算 10 日心理线完成
2026-03-21 09:50:19 | INFO     | src.indicators.technical_indicators:calculate_all:640 | 完成计算 48 个技术指标
2026-03-21 09:50:19 | INFO     | src.core.data_fetcher:save_data:549 | 保存数据到 csv 文件: 300450_with_indicators
2026-03-21 09:50:19 | INFO     | src.core.data_fetcher:save_data:569 | 数据保存成功: ./data\300450_with_indicators.csv
2026-03-21 09:50:19 | INFO     | __main__:process_single_fund:142 |   对股票 300450 进行信号判断
2026-03-21 09:50:19 | INFO     | src.core.data_fetcher:save_data:549 | 保存数据到 csv 文件: 300450_signals
2026-03-21 09:50:19 | INFO     | src.core.data_fetcher:save_data:569 | 数据保存成功: ./data\300450_signals.csv
2026-03-21 09:50:19 | INFO     | __main__:process_single_fund:170 |   股票 300450 信号判断完成: 买入 (得分: 0.224)
2026-03-21 09:50:19 | INFO     | src.indicators.technical_indicators:calculate_ma:133 | 计算 5 日移动平均线完成
2026-03-21 09:50:19 | INFO     | src.indicators.technical_indicators:calculate_ma:133 | 计算 10 日移动平均线完成
2026-03-21 09:50:19 | INFO     | src.indicators.technical_indicators:calculate_ma:133 | 计算 20 日移动平均线完成
2026-03-21 09:50:19 | INFO     | src.indicators.technical_indicators:calculate_ma:133 | 计算 30 日移动平均线完成
2026-03-21 09:50:19 | INFO     | src.indicators.technical_indicators:calculate_ma:133 | 计算 60 日移动平均线完成
2026-03-21 09:50:19 | INFO     | src.indicators.technical_indicators:calculate_ma:133 | 计算 120 日移动平均线完成
2026-03-21 09:50:19 | INFO     | src.indicators.technical_indicators:calculate_ma:133 | 计算 250 日移动平均线完成
2026-03-21 09:50:19 | INFO     | src.indicators.technical_indicators:calculate_sma:157 | 计算 5 日简单移动平均线完成
2026-03-21 09:50:19 | INFO     | src.indicators.technical_indicators:calculate_sma:157 | 计算 10 日简单移动平均线完成
2026-03-21 09:50:19 | INFO     | src.indicators.technical_indicators:calculate_sma:157 | 计算 20 日简单移动平均线完成
2026-03-21 09:50:19 | INFO     | src.indicators.technical_indicators:calculate_sma:157 | 计算 30 日简单移动平均线完成
2026-03-21 09:50:19 | INFO     | src.indicators.technical_indicators:calculate_sma:157 | 计算 60 日简单移动平均线完成
2026-03-21 09:50:19 | INFO     | src.indicators.technical_indicators:calculate_sma:157 | 计算 120 日简单移动平均线完成
2026-03-21 09:50:19 | INFO     | src.indicators.technical_indicators:calculate_sma:157 | 计算 250 日简单移动平均线完成
2026-03-21 09:50:19 | INFO     | src.indicators.technical_indicators:calculate_ema:182 | 计算 12 日指数移动平均线完成
2026-03-21 09:50:19 | INFO     | src.indicators.technical_indicators:calculate_ema:182 | 计算 26 日指数移动平均线完成
2026-03-21 09:50:19 | INFO     | src.indicators.technical_indicators:calculate_rsi:221 | 计算 6 日RSI完成
2026-03-21 09:50:19 | INFO     | src.indicators.technical_indicators:calculate_rsi:221 | 计算 12 日RSI完成
2026-03-21 09:50:19 | INFO     | src.indicators.technical_indicators:calculate_rsi:221 | 计算 24 日RSI完成
2026-03-21 09:50:19 | INFO     | src.indicators.technical_indicators:calculate_macd:263 | 计算MACD完成：快线=12, 慢线=26, 信号线=9
2026-03-21 09:50:19 | INFO     | src.indicators.technical_indicators:calculate_macd:263 | 计算MACD完成：快线=12, 慢线=26, 信号线=12
2026-03-21 09:50:19 | INFO     | src.indicators.technical_indicators:calculate_boll:303 | 计算布林带完成：周期=20, 标准差倍数=2
2026-03-21 09:50:19 | INFO     | src.indicators.technical_indicators:calculate_boll:303 | 计算布林带完成：周期=26, 标准差倍数=2
2026-03-21 09:50:19 | INFO     | src.indicators.technical_indicators:calculate_kdj:350 | 计算KDJ完成：K周期=9, D周期=3, J周期=3
2026-03-21 09:50:19 | INFO     | src.indicators.technical_indicators:calculate_kdj:350 | 计算KDJ完成：K周期=10, D周期=3, J周期=3
2026-03-21 09:50:19 | INFO     | src.indicators.technical_indicators:calculate_atr:385 | 计算 10 日ATR完成
2026-03-21 09:50:19 | INFO     | src.indicators.technical_indicators:calculate_cci:446 | 计算 20 日CCI完成
2026-03-21 09:50:19 | INFO     | src.indicators.technical_indicators:calculate_williams_r:476 | 计算 10 日威廉指标完成
2026-03-21 09:50:19 | INFO     | src.indicators.technical_indicators:calculate_ma:133 | 计算 5 日移动平均线完成
2026-03-21 09:50:19 | INFO     | src.indicators.technical_indicators:calculate_bias:500 | 计算 5 日乖离率完成
2026-03-21 09:50:19 | INFO     | src.indicators.technical_indicators:calculate_ma:133 | 计算 10 日移动平均线完成
2026-03-21 09:50:19 | INFO     | src.indicators.technical_indicators:calculate_bias:500 | 计算 10 日乖离率完成
2026-03-21 09:50:19 | INFO     | src.indicators.technical_indicators:calculate_ma:133 | 计算 20 日移动平均线完成
2026-03-21 09:50:19 | INFO     | src.indicators.technical_indicators:calculate_bias:500 | 计算 20 日乖离率完成
2026-03-21 09:50:19 | INFO     | src.indicators.technical_indicators:calculate_ma:133 | 计算 30 日移动平均线完成
2026-03-21 09:50:19 | INFO     | src.indicators.technical_indicators:calculate_bias:500 | 计算 30 日乖离率完成
2026-03-21 09:50:19 | INFO     | src.indicators.technical_indicators:calculate_ma:133 | 计算 60 日移动平均线完成
2026-03-21 09:50:19 | INFO     | src.indicators.technical_indicators:calculate_bias:500 | 计算 60 日乖离率完成
2026-03-21 09:50:19 | INFO     | src.indicators.technical_indicators:calculate_ma:133 | 计算 120 日移动平均线完成
2026-03-21 09:50:19 | INFO     | src.indicators.technical_indicators:calculate_bias:500 | 计算 120 日乖离率完成
2026-03-21 09:50:19 | INFO     | src.indicators.technical_indicators:calculate_ma:133 | 计算 250 日移动平均线完成
2026-03-21 09:50:19 | INFO     | src.indicators.technical_indicators:calculate_bias:500 | 计算 250 日乖离率完成
2026-03-21 09:50:19 | INFO     | src.indicators.technical_indicators:calculate_psy:523 | 计算 10 日心理线完成
2026-03-21 09:50:19 | INFO     | src.indicators.technical_indicators:calculate_all:640 | 完成计算 48 个技术指标
2026-03-21 09:50:19 | INFO     | src.core.data_fetcher:save_data:549 | 保存数据到 csv 文件: 301617_with_indicators
2026-03-21 09:50:19 | INFO     | src.core.data_fetcher:save_data:569 | 数据保存成功: ./data\301617_with_indicators.csv
2026-03-21 09:50:19 | INFO     | __main__:process_single_fund:142 |   对股票 301617 进行信号判断
2026-03-21 09:50:19 | INFO     | src.core.data_fetcher:save_data:549 | 保存数据到 csv 文件: 301617_signals
2026-03-21 09:50:19 | INFO     | src.core.data_fetcher:save_data:569 | 数据保存成功: ./data\301617_signals.csv
2026-03-21 09:50:19 | INFO     | __main__:process_single_fund:170 |   股票 301617 信号判断完成: 持有 (得分: 0.178)
2026-03-21 09:50:19 | INFO     | src.indicators.technical_indicators:calculate_ma:133 | 计算 5 日移动平均线完成
2026-03-21 09:50:19 | INFO     | src.indicators.technical_indicators:calculate_ma:133 | 计算 10 日移动平均线完成
2026-03-21 09:50:19 | INFO     | src.indicators.technical_indicators:calculate_ma:133 | 计算 20 日移动平均线完成
2026-03-21 09:50:19 | INFO     | src.indicators.technical_indicators:calculate_ma:133 | 计算 30 日移动平均线完成
2026-03-21 09:50:19 | INFO     | src.indicators.technical_indicators:calculate_ma:133 | 计算 60 日移动平均线完成
2026-03-21 09:50:19 | INFO     | src.indicators.technical_indicators:calculate_ma:133 | 计算 120 日移动平均线完成
2026-03-21 09:50:19 | INFO     | src.indicators.technical_indicators:calculate_ma:133 | 计算 250 日移动平均线完成
2026-03-21 09:50:19 | INFO     | src.indicators.technical_indicators:calculate_sma:157 | 计算 5 日简单移动平均线完成
2026-03-21 09:50:19 | INFO     | src.indicators.technical_indicators:calculate_sma:157 | 计算 10 日简单移动平均线完成
2026-03-21 09:50:19 | INFO     | src.indicators.technical_indicators:calculate_sma:157 | 计算 20 日简单移动平均线完成
2026-03-21 09:50:19 | INFO     | src.indicators.technical_indicators:calculate_sma:157 | 计算 30 日简单移动平均线完成
2026-03-21 09:50:19 | INFO     | src.indicators.technical_indicators:calculate_sma:157 | 计算 60 日简单移动平均线完成
2026-03-21 09:50:19 | INFO     | src.indicators.technical_indicators:calculate_sma:157 | 计算 120 日简单移动平均线完成
2026-03-21 09:50:19 | INFO     | src.indicators.technical_indicators:calculate_sma:157 | 计算 250 日简单移动平均线完成
2026-03-21 09:50:19 | INFO     | src.indicators.technical_indicators:calculate_ema:182 | 计算 12 日指数移动平均线完成
2026-03-21 09:50:19 | INFO     | src.indicators.technical_indicators:calculate_ema:182 | 计算 26 日指数移动平均线完成
2026-03-21 09:50:19 | INFO     | src.indicators.technical_indicators:calculate_rsi:221 | 计算 6 日RSI完成
2026-03-21 09:50:19 | INFO     | src.indicators.technical_indicators:calculate_rsi:221 | 计算 12 日RSI完成
2026-03-21 09:50:19 | INFO     | src.indicators.technical_indicators:calculate_rsi:221 | 计算 24 日RSI完成
2026-03-21 09:50:19 | INFO     | src.indicators.technical_indicators:calculate_macd:263 | 计算MACD完成：快线=12, 慢线=26, 信号线=9
2026-03-21 09:50:19 | INFO     | src.indicators.technical_indicators:calculate_macd:263 | 计算MACD完成：快线=12, 慢线=26, 信号线=12
2026-03-21 09:50:19 | INFO     | src.indicators.technical_indicators:calculate_boll:303 | 计算布林带完成：周期=20, 标准差倍数=2
2026-03-21 09:50:19 | INFO     | src.indicators.technical_indicators:calculate_boll:303 | 计算布林带完成：周期=26, 标准差倍数=2
2026-03-21 09:50:19 | INFO     | src.indicators.technical_indicators:calculate_kdj:350 | 计算KDJ完成：K周期=9, D周期=3, J周期=3
2026-03-21 09:50:19 | INFO     | src.indicators.technical_indicators:calculate_kdj:350 | 计算KDJ完成：K周期=10, D周期=3, J周期=3
2026-03-21 09:50:19 | INFO     | src.indicators.technical_indicators:calculate_atr:385 | 计算 10 日ATR完成
2026-03-21 09:50:19 | INFO     | src.indicators.technical_indicators:calculate_cci:446 | 计算 20 日CCI完成
2026-03-21 09:50:19 | INFO     | src.indicators.technical_indicators:calculate_williams_r:476 | 计算 10 日威廉指标完成
2026-03-21 09:50:19 | INFO     | src.indicators.technical_indicators:calculate_ma:133 | 计算 5 日移动平均线完成
2026-03-21 09:50:19 | INFO     | src.indicators.technical_indicators:calculate_bias:500 | 计算 5 日乖离率完成
2026-03-21 09:50:19 | INFO     | src.indicators.technical_indicators:calculate_ma:133 | 计算 10 日移动平均线完成
2026-03-21 09:50:19 | INFO     | src.indicators.technical_indicators:calculate_bias:500 | 计算 10 日乖离率完成
2026-03-21 09:50:19 | INFO     | src.indicators.technical_indicators:calculate_ma:133 | 计算 20 日移动平均线完成
2026-03-21 09:50:19 | INFO     | src.indicators.technical_indicators:calculate_bias:500 | 计算 20 日乖离率完成
2026-03-21 09:50:19 | INFO     | src.indicators.technical_indicators:calculate_ma:133 | 计算 30 日移动平均线完成
2026-03-21 09:50:19 | INFO     | src.indicators.technical_indicators:calculate_bias:500 | 计算 30 日乖离率完成
2026-03-21 09:50:19 | INFO     | src.indicators.technical_indicators:calculate_ma:133 | 计算 60 日移动平均线完成
2026-03-21 09:50:19 | INFO     | src.indicators.technical_indicators:calculate_bias:500 | 计算 60 日乖离率完成
2026-03-21 09:50:19 | INFO     | src.indicators.technical_indicators:calculate_ma:133 | 计算 120 日移动平均线完成
2026-03-21 09:50:19 | INFO     | src.indicators.technical_indicators:calculate_bias:500 | 计算 120 日乖离率完成
2026-03-21 09:50:19 | INFO     | src.indicators.technical_indicators:calculate_ma:133 | 计算 250 日移动平均线完成
2026-03-21 09:50:19 | INFO     | src.indicators.technical_indicators:calculate_bias:500 | 计算 250 日乖离率完成
2026-03-21 09:50:19 | INFO     | src.indicators.technical_indicators:calculate_psy:523 | 计算 10 日心理线完成
2026-03-21 09:50:19 | INFO     | src.indicators.technical_indicators:calculate_all:640 | 完成计算 48 个技术指标
2026-03-21 09:50:19 | INFO     | src.core.data_fetcher:save_data:549 | 保存数据到 csv 文件: 688147_with_indicators
2026-03-21 09:50:19 | INFO     | src.core.data_fetcher:save_data:569 | 数据保存成功: ./data\688147_with_indicators.csv
2026-03-21 09:50:19 | INFO     | __main__:process_single_fund:142 |   对股票 688147 进行信号判断
2026-03-21 09:50:19 | INFO     | src.core.data_fetcher:save_data:549 | 保存数据到 csv 文件: 688147_signals
2026-03-21 09:50:19 | INFO     | src.core.data_fetcher:save_data:569 | 数据保存成功: ./data\688147_signals.csv
2026-03-21 09:50:19 | INFO     | __main__:process_single_fund:170 |   股票 688147 信号判断完成: 买入 (得分: 0.249)
2026-03-21 09:50:19 | INFO     | src.indicators.technical_indicators:calculate_ma:133 | 计算 5 日移动平均线完成
2026-03-21 09:50:19 | INFO     | src.indicators.technical_indicators:calculate_ma:133 | 计算 10 日移动平均线完成
2026-03-21 09:50:19 | INFO     | src.indicators.technical_indicators:calculate_ma:133 | 计算 20 日移动平均线完成
2026-03-21 09:50:19 | INFO     | src.indicators.technical_indicators:calculate_ma:133 | 计算 30 日移动平均线完成
2026-03-21 09:50:19 | INFO     | src.indicators.technical_indicators:calculate_ma:133 | 计算 60 日移动平均线完成
2026-03-21 09:50:19 | INFO     | src.indicators.technical_indicators:calculate_ma:133 | 计算 120 日移动平均线完成
2026-03-21 09:50:19 | INFO     | src.indicators.technical_indicators:calculate_ma:133 | 计算 250 日移动平均线完成
2026-03-21 09:50:19 | INFO     | src.indicators.technical_indicators:calculate_sma:157 | 计算 5 日简单移动平均线完成
2026-03-21 09:50:19 | INFO     | src.indicators.technical_indicators:calculate_sma:157 | 计算 10 日简单移动平均线完成
2026-03-21 09:50:19 | INFO     | src.indicators.technical_indicators:calculate_sma:157 | 计算 20 日简单移动平均线完成
2026-03-21 09:50:19 | INFO     | src.indicators.technical_indicators:calculate_sma:157 | 计算 30 日简单移动平均线完成
2026-03-21 09:50:19 | INFO     | src.indicators.technical_indicators:calculate_sma:157 | 计算 60 日简单移动平均线完成
2026-03-21 09:50:19 | INFO     | src.indicators.technical_indicators:calculate_sma:157 | 计算 120 日简单移动平均线完成
2026-03-21 09:50:19 | INFO     | src.indicators.technical_indicators:calculate_sma:157 | 计算 250 日简单移动平均线完成
2026-03-21 09:50:19 | INFO     | src.indicators.technical_indicators:calculate_ema:182 | 计算 12 日指数移动平均线完成
2026-03-21 09:50:19 | INFO     | src.indicators.technical_indicators:calculate_ema:182 | 计算 26 日指数移动平均线完成
2026-03-21 09:50:19 | INFO     | src.indicators.technical_indicators:calculate_rsi:221 | 计算 6 日RSI完成
2026-03-21 09:50:19 | INFO     | src.indicators.technical_indicators:calculate_rsi:221 | 计算 12 日RSI完成
2026-03-21 09:50:19 | INFO     | src.indicators.technical_indicators:calculate_rsi:221 | 计算 24 日RSI完成
2026-03-21 09:50:19 | INFO     | src.indicators.technical_indicators:calculate_macd:263 | 计算MACD完成：快线=12, 慢线=26, 信号线=9
2026-03-21 09:50:19 | INFO     | src.indicators.technical_indicators:calculate_macd:263 | 计算MACD完成：快线=12, 慢线=26, 信号线=12
2026-03-21 09:50:19 | INFO     | src.indicators.technical_indicators:calculate_boll:303 | 计算布林带完成：周期=20, 标准差倍数=2
2026-03-21 09:50:19 | INFO     | src.indicators.technical_indicators:calculate_boll:303 | 计算布林带完成：周期=26, 标准差倍数=2
2026-03-21 09:50:19 | INFO     | src.indicators.technical_indicators:calculate_kdj:350 | 计算KDJ完成：K周期=9, D周期=3, J周期=3
2026-03-21 09:50:19 | INFO     | src.indicators.technical_indicators:calculate_kdj:350 | 计算KDJ完成：K周期=10, D周期=3, J周期=3
2026-03-21 09:50:19 | INFO     | src.indicators.technical_indicators:calculate_atr:385 | 计算 10 日ATR完成
2026-03-21 09:50:19 | INFO     | src.indicators.technical_indicators:calculate_cci:446 | 计算 20 日CCI完成
2026-03-21 09:50:19 | INFO     | src.indicators.technical_indicators:calculate_williams_r:476 | 计算 10 日威廉指标完成
2026-03-21 09:50:19 | INFO     | src.indicators.technical_indicators:calculate_ma:133 | 计算 5 日移动平均线完成
2026-03-21 09:50:19 | INFO     | src.indicators.technical_indicators:calculate_bias:500 | 计算 5 日乖离率完成
2026-03-21 09:50:19 | INFO     | src.indicators.technical_indicators:calculate_ma:133 | 计算 10 日移动平均线完成
2026-03-21 09:50:19 | INFO     | src.indicators.technical_indicators:calculate_bias:500 | 计算 10 日乖离率完成
2026-03-21 09:50:19 | INFO     | src.indicators.technical_indicators:calculate_ma:133 | 计算 20 日移动平均线完成
2026-03-21 09:50:19 | INFO     | src.indicators.technical_indicators:calculate_bias:500 | 计算 20 日乖离率完成
2026-03-21 09:50:19 | INFO     | src.indicators.technical_indicators:calculate_ma:133 | 计算 30 日移动平均线完成
2026-03-21 09:50:19 | INFO     | src.indicators.technical_indicators:calculate_bias:500 | 计算 30 日乖离率完成
2026-03-21 09:50:19 | INFO     | src.indicators.technical_indicators:calculate_ma:133 | 计算 60 日移动平均线完成
2026-03-21 09:50:19 | INFO     | src.indicators.technical_indicators:calculate_bias:500 | 计算 60 日乖离率完成
2026-03-21 09:50:19 | INFO     | src.indicators.technical_indicators:calculate_ma:133 | 计算 120 日移动平均线完成
2026-03-21 09:50:19 | INFO     | src.indicators.technical_indicators:calculate_bias:500 | 计算 120 日乖离率完成
2026-03-21 09:50:19 | INFO     | src.indicators.technical_indicators:calculate_ma:133 | 计算 250 日移动平均线完成
2026-03-21 09:50:19 | INFO     | src.indicators.technical_indicators:calculate_bias:500 | 计算 250 日乖离率完成
2026-03-21 09:50:19 | INFO     | src.indicators.technical_indicators:calculate_psy:523 | 计算 10 日心理线完成
2026-03-21 09:50:19 | INFO     | src.indicators.technical_indicators:calculate_all:640 | 完成计算 48 个技术指标
2026-03-21 09:50:19 | INFO     | src.core.data_fetcher:save_data:549 | 保存数据到 csv 文件: 688499_with_indicators
2026-03-21 09:50:19 | INFO     | src.core.data_fetcher:save_data:569 | 数据保存成功: ./data\688499_with_indicators.csv
2026-03-21 09:50:19 | INFO     | __main__:process_single_fund:142 |   对股票 688499 进行信号判断
2026-03-21 09:50:19 | INFO     | src.core.data_fetcher:save_data:549 | 保存数据到 csv 文件: 688499_signals
2026-03-21 09:50:19 | INFO     | src.core.data_fetcher:save_data:569 | 数据保存成功: ./data\688499_signals.csv
2026-03-21 09:50:19 | INFO     | __main__:process_single_fund:170 |   股票 688499 信号判断完成: 买入 (得分: 0.207)
2026-03-21 09:50:19 | INFO     | src.indicators.technical_indicators:calculate_ma:133 | 计算 5 日移动平均线完成
2026-03-21 09:50:19 | INFO     | src.indicators.technical_indicators:calculate_ma:133 | 计算 10 日移动平均线完成
2026-03-21 09:50:19 | INFO     | src.indicators.technical_indicators:calculate_ma:133 | 计算 20 日移动平均线完成
2026-03-21 09:50:19 | INFO     | src.indicators.technical_indicators:calculate_ma:133 | 计算 30 日移动平均线完成
2026-03-21 09:50:19 | INFO     | src.indicators.technical_indicators:calculate_ma:133 | 计算 60 日移动平均线完成
2026-03-21 09:50:19 | INFO     | src.indicators.technical_indicators:calculate_ma:133 | 计算 120 日移动平均线完成
2026-03-21 09:50:19 | INFO     | src.indicators.technical_indicators:calculate_ma:133 | 计算 250 日移动平均线完成
2026-03-21 09:50:19 | INFO     | src.indicators.technical_indicators:calculate_sma:157 | 计算 5 日简单移动平均线完成
2026-03-21 09:50:19 | INFO     | src.indicators.technical_indicators:calculate_sma:157 | 计算 10 日简单移动平均线完成
2026-03-21 09:50:19 | INFO     | src.indicators.technical_indicators:calculate_sma:157 | 计算 20 日简单移动平均线完成
2026-03-21 09:50:19 | INFO     | src.indicators.technical_indicators:calculate_sma:157 | 计算 30 日简单移动平均线完成
2026-03-21 09:50:19 | INFO     | src.indicators.technical_indicators:calculate_sma:157 | 计算 60 日简单移动平均线完成
2026-03-21 09:50:19 | INFO     | src.indicators.technical_indicators:calculate_sma:157 | 计算 120 日简单移动平均线完成
2026-03-21 09:50:19 | INFO     | src.indicators.technical_indicators:calculate_sma:157 | 计算 250 日简单移动平均线完成
2026-03-21 09:50:19 | INFO     | src.indicators.technical_indicators:calculate_ema:182 | 计算 12 日指数移动平均线完成
2026-03-21 09:50:19 | INFO     | src.indicators.technical_indicators:calculate_ema:182 | 计算 26 日指数移动平均线完成
2026-03-21 09:50:19 | INFO     | src.indicators.technical_indicators:calculate_rsi:221 | 计算 6 日RSI完成
2026-03-21 09:50:19 | INFO     | src.indicators.technical_indicators:calculate_rsi:221 | 计算 12 日RSI完成
2026-03-21 09:50:19 | INFO     | src.indicators.technical_indicators:calculate_rsi:221 | 计算 24 日RSI完成
2026-03-21 09:50:19 | INFO     | src.indicators.technical_indicators:calculate_macd:263 | 计算MACD完成：快线=12, 慢线=26, 信号线=9
2026-03-21 09:50:19 | INFO     | src.indicators.technical_indicators:calculate_macd:263 | 计算MACD完成：快线=12, 慢线=26, 信号线=12
2026-03-21 09:50:19 | INFO     | src.indicators.technical_indicators:calculate_boll:303 | 计算布林带完成：周期=20, 标准差倍数=2
2026-03-21 09:50:19 | INFO     | src.indicators.technical_indicators:calculate_boll:303 | 计算布林带完成：周期=26, 标准差倍数=2
2026-03-21 09:50:19 | INFO     | src.indicators.technical_indicators:calculate_kdj:350 | 计算KDJ完成：K周期=9, D周期=3, J周期=3
2026-03-21 09:50:19 | INFO     | src.indicators.technical_indicators:calculate_kdj:350 | 计算KDJ完成：K周期=10, D周期=3, J周期=3
2026-03-21 09:50:19 | INFO     | src.indicators.technical_indicators:calculate_atr:385 | 计算 10 日ATR完成
2026-03-21 09:50:20 | INFO     | src.indicators.technical_indicators:calculate_cci:446 | 计算 20 日CCI完成
2026-03-21 09:50:20 | INFO     | src.indicators.technical_indicators:calculate_williams_r:476 | 计算 10 日威廉指标完成
2026-03-21 09:50:20 | INFO     | src.indicators.technical_indicators:calculate_ma:133 | 计算 5 日移动平均线完成
2026-03-21 09:50:20 | INFO     | src.indicators.technical_indicators:calculate_bias:500 | 计算 5 日乖离率完成
2026-03-21 09:50:20 | INFO     | src.indicators.technical_indicators:calculate_ma:133 | 计算 10 日移动平均线完成
2026-03-21 09:50:20 | INFO     | src.indicators.technical_indicators:calculate_bias:500 | 计算 10 日乖离率完成
2026-03-21 09:50:20 | INFO     | src.indicators.technical_indicators:calculate_ma:133 | 计算 20 日移动平均线完成
2026-03-21 09:50:20 | INFO     | src.indicators.technical_indicators:calculate_bias:500 | 计算 20 日乖离率完成
2026-03-21 09:50:20 | INFO     | src.indicators.technical_indicators:calculate_ma:133 | 计算 30 日移动平均线完成
2026-03-21 09:50:20 | INFO     | src.indicators.technical_indicators:calculate_bias:500 | 计算 30 日乖离率完成
2026-03-21 09:50:20 | INFO     | src.indicators.technical_indicators:calculate_ma:133 | 计算 60 日移动平均线完成
2026-03-21 09:50:20 | INFO     | src.indicators.technical_indicators:calculate_bias:500 | 计算 60 日乖离率完成
2026-03-21 09:50:20 | INFO     | src.indicators.technical_indicators:calculate_ma:133 | 计算 120 日移动平均线完成
2026-03-21 09:50:20 | INFO     | src.indicators.technical_indicators:calculate_bias:500 | 计算 120 日乖离率完成
2026-03-21 09:50:20 | INFO     | src.indicators.technical_indicators:calculate_ma:133 | 计算 250 日移动平均线完成
2026-03-21 09:50:20 | INFO     | src.indicators.technical_indicators:calculate_bias:500 | 计算 250 日乖离率完成
2026-03-21 09:50:20 | INFO     | src.indicators.technical_indicators:calculate_psy:523 | 计算 10 日心理线完成
2026-03-21 09:50:20 | INFO     | src.indicators.technical_indicators:calculate_all:640 | 完成计算 48 个技术指标
2026-03-21 09:50:20 | INFO     | src.core.data_fetcher:save_data:549 | 保存数据到 csv 文件: 301150_with_indicators
2026-03-21 09:50:20 | INFO     | src.core.data_fetcher:save_data:569 | 数据保存成功: ./data\301150_with_indicators.csv
2026-03-21 09:50:20 | INFO     | __main__:process_single_fund:142 |   对股票 301150 进行信号判断
2026-03-21 09:50:20 | INFO     | src.core.data_fetcher:save_data:549 | 保存数据到 csv 文件: 301150_signals
2026-03-21 09:50:20 | INFO     | src.core.data_fetcher:save_data:569 | 数据保存成功: ./data\301150_signals.csv
2026-03-21 09:50:20 | INFO     | __main__:process_single_fund:170 |   股票 301150 信号判断完成: 卖出 (得分: -0.217)
2026-03-21 09:50:20 | INFO     | src.indicators.technical_indicators:calculate_ma:133 | 计算 5 日移动平均线完成
2026-03-21 09:50:20 | INFO     | src.indicators.technical_indicators:calculate_ma:133 | 计算 10 日移动平均线完成
2026-03-21 09:50:20 | INFO     | src.indicators.technical_indicators:calculate_ma:133 | 计算 20 日移动平均线完成
2026-03-21 09:50:20 | INFO     | src.indicators.technical_indicators:calculate_ma:133 | 计算 30 日移动平均线完成
2026-03-21 09:50:20 | INFO     | src.indicators.technical_indicators:calculate_ma:133 | 计算 60 日移动平均线完成
2026-03-21 09:50:20 | INFO     | src.indicators.technical_indicators:calculate_ma:133 | 计算 120 日移动平均线完成
2026-03-21 09:50:20 | INFO     | src.indicators.technical_indicators:calculate_ma:133 | 计算 250 日移动平均线完成
2026-03-21 09:50:20 | INFO     | src.indicators.technical_indicators:calculate_sma:157 | 计算 5 日简单移动平均线完成
2026-03-21 09:50:20 | INFO     | src.indicators.technical_indicators:calculate_sma:157 | 计算 10 日简单移动平均线完成
2026-03-21 09:50:20 | INFO     | src.indicators.technical_indicators:calculate_sma:157 | 计算 20 日简单移动平均线完成
2026-03-21 09:50:20 | INFO     | src.indicators.technical_indicators:calculate_sma:157 | 计算 30 日简单移动平均线完成
2026-03-21 09:50:20 | INFO     | src.indicators.technical_indicators:calculate_sma:157 | 计算 60 日简单移动平均线完成
2026-03-21 09:50:20 | INFO     | src.indicators.technical_indicators:calculate_sma:157 | 计算 120 日简单移动平均线完成
2026-03-21 09:50:20 | INFO     | src.indicators.technical_indicators:calculate_sma:157 | 计算 250 日简单移动平均线完成
2026-03-21 09:50:20 | INFO     | src.indicators.technical_indicators:calculate_ema:182 | 计算 12 日指数移动平均线完成
2026-03-21 09:50:20 | INFO     | src.indicators.technical_indicators:calculate_ema:182 | 计算 26 日指数移动平均线完成
2026-03-21 09:50:20 | INFO     | src.indicators.technical_indicators:calculate_rsi:221 | 计算 6 日RSI完成
2026-03-21 09:50:20 | INFO     | src.indicators.technical_indicators:calculate_rsi:221 | 计算 12 日RSI完成
2026-03-21 09:50:20 | INFO     | src.indicators.technical_indicators:calculate_rsi:221 | 计算 24 日RSI完成
2026-03-21 09:50:20 | INFO     | src.indicators.technical_indicators:calculate_macd:263 | 计算MACD完成：快线=12, 慢线=26, 信号线=9
2026-03-21 09:50:20 | INFO     | src.indicators.technical_indicators:calculate_macd:263 | 计算MACD完成：快线=12, 慢线=26, 信号线=12
2026-03-21 09:50:20 | INFO     | src.indicators.technical_indicators:calculate_boll:303 | 计算布林带完成：周期=20, 标准差倍数=2
2026-03-21 09:50:20 | INFO     | src.indicators.technical_indicators:calculate_boll:303 | 计算布林带完成：周期=26, 标准差倍数=2
2026-03-21 09:50:20 | INFO     | src.indicators.technical_indicators:calculate_kdj:350 | 计算KDJ完成：K周期=9, D周期=3, J周期=3
2026-03-21 09:50:20 | INFO     | src.indicators.technical_indicators:calculate_kdj:350 | 计算KDJ完成：K周期=10, D周期=3, J周期=3
2026-03-21 09:50:20 | INFO     | src.indicators.technical_indicators:calculate_atr:385 | 计算 10 日ATR完成
2026-03-21 09:50:20 | INFO     | src.indicators.technical_indicators:calculate_cci:446 | 计算 20 日CCI完成
2026-03-21 09:50:20 | INFO     | src.indicators.technical_indicators:calculate_williams_r:476 | 计算 10 日威廉指标完成
2026-03-21 09:50:20 | INFO     | src.indicators.technical_indicators:calculate_ma:133 | 计算 5 日移动平均线完成
2026-03-21 09:50:20 | INFO     | src.indicators.technical_indicators:calculate_bias:500 | 计算 5 日乖离率完成
2026-03-21 09:50:20 | INFO     | src.indicators.technical_indicators:calculate_ma:133 | 计算 10 日移动平均线完成
2026-03-21 09:50:20 | INFO     | src.indicators.technical_indicators:calculate_bias:500 | 计算 10 日乖离率完成
2026-03-21 09:50:20 | INFO     | src.indicators.technical_indicators:calculate_ma:133 | 计算 20 日移动平均线完成
2026-03-21 09:50:20 | INFO     | src.indicators.technical_indicators:calculate_bias:500 | 计算 20 日乖离率完成
2026-03-21 09:50:20 | INFO     | src.indicators.technical_indicators:calculate_ma:133 | 计算 30 日移动平均线完成
2026-03-21 09:50:20 | INFO     | src.indicators.technical_indicators:calculate_bias:500 | 计算 30 日乖离率完成
2026-03-21 09:50:20 | INFO     | src.indicators.technical_indicators:calculate_ma:133 | 计算 60 日移动平均线完成
2026-03-21 09:50:20 | INFO     | src.indicators.technical_indicators:calculate_bias:500 | 计算 60 日乖离率完成
2026-03-21 09:50:20 | INFO     | src.indicators.technical_indicators:calculate_ma:133 | 计算 120 日移动平均线完成
2026-03-21 09:50:20 | INFO     | src.indicators.technical_indicators:calculate_bias:500 | 计算 120 日乖离率完成
2026-03-21 09:50:20 | INFO     | src.indicators.technical_indicators:calculate_ma:133 | 计算 250 日移动平均线完成
2026-03-21 09:50:20 | INFO     | src.indicators.technical_indicators:calculate_bias:500 | 计算 250 日乖离率完成
2026-03-21 09:50:20 | INFO     | src.indicators.technical_indicators:calculate_psy:523 | 计算 10 日心理线完成
2026-03-21 09:50:20 | INFO     | src.indicators.technical_indicators:calculate_all:640 | 完成计算 48 个技术指标
2026-03-21 09:50:20 | INFO     | src.core.data_fetcher:save_data:549 | 保存数据到 csv 文件: 002846_with_indicators
2026-03-21 09:50:20 | INFO     | src.core.data_fetcher:save_data:569 | 数据保存成功: ./data\002846_with_indicators.csv
2026-03-21 09:50:20 | INFO     | __main__:process_single_fund:142 |   对股票 002846 进行信号判断
2026-03-21 09:50:20 | INFO     | src.core.data_fetcher:save_data:549 | 保存数据到 csv 文件: 002846_signals
2026-03-21 09:50:20 | INFO     | src.core.data_fetcher:save_data:569 | 数据保存成功: ./data\002846_signals.csv
2026-03-21 09:50:20 | INFO     | __main__:process_single_fund:170 |   股票 002846 信号判断完成: 持有 (得分: 0.000)
2026-03-21 09:50:20 | INFO     | src.indicators.technical_indicators:calculate_ma:133 | 计算 5 日移动平均线完成
2026-03-21 09:50:20 | INFO     | src.indicators.technical_indicators:calculate_ma:133 | 计算 10 日移动平均线完成
2026-03-21 09:50:20 | INFO     | src.indicators.technical_indicators:calculate_ma:133 | 计算 20 日移动平均线完成
2026-03-21 09:50:20 | INFO     | src.indicators.technical_indicators:calculate_ma:133 | 计算 30 日移动平均线完成
2026-03-21 09:50:20 | INFO     | src.indicators.technical_indicators:calculate_ma:133 | 计算 60 日移动平均线完成
2026-03-21 09:50:20 | INFO     | src.indicators.technical_indicators:calculate_ma:133 | 计算 120 日移动平均线完成
2026-03-21 09:50:20 | INFO     | src.indicators.technical_indicators:calculate_ma:133 | 计算 250 日移动平均线完成
2026-03-21 09:50:20 | INFO     | src.indicators.technical_indicators:calculate_sma:157 | 计算 5 日简单移动平均线完成
2026-03-21 09:50:20 | INFO     | src.indicators.technical_indicators:calculate_sma:157 | 计算 10 日简单移动平均线完成
2026-03-21 09:50:20 | INFO     | src.indicators.technical_indicators:calculate_sma:157 | 计算 20 日简单移动平均线完成
2026-03-21 09:50:20 | INFO     | src.indicators.technical_indicators:calculate_sma:157 | 计算 30 日简单移动平均线完成
2026-03-21 09:50:20 | INFO     | src.indicators.technical_indicators:calculate_sma:157 | 计算 60 日简单移动平均线完成
2026-03-21 09:50:20 | INFO     | src.indicators.technical_indicators:calculate_sma:157 | 计算 120 日简单移动平均线完成
2026-03-21 09:50:20 | INFO     | src.indicators.technical_indicators:calculate_sma:157 | 计算 250 日简单移动平均线完成
2026-03-21 09:50:20 | INFO     | src.indicators.technical_indicators:calculate_ema:182 | 计算 12 日指数移动平均线完成
2026-03-21 09:50:20 | INFO     | src.indicators.technical_indicators:calculate_ema:182 | 计算 26 日指数移动平均线完成
2026-03-21 09:50:20 | INFO     | src.indicators.technical_indicators:calculate_rsi:221 | 计算 6 日RSI完成
2026-03-21 09:50:20 | INFO     | src.indicators.technical_indicators:calculate_rsi:221 | 计算 12 日RSI完成
2026-03-21 09:50:20 | INFO     | src.indicators.technical_indicators:calculate_rsi:221 | 计算 24 日RSI完成
2026-03-21 09:50:20 | INFO     | src.indicators.technical_indicators:calculate_macd:263 | 计算MACD完成：快线=12, 慢线=26, 信号线=9
2026-03-21 09:50:20 | INFO     | src.indicators.technical_indicators:calculate_macd:263 | 计算MACD完成：快线=12, 慢线=26, 信号线=12
2026-03-21 09:50:20 | INFO     | src.indicators.technical_indicators:calculate_boll:303 | 计算布林带完成：周期=20, 标准差倍数=2
2026-03-21 09:50:20 | INFO     | src.indicators.technical_indicators:calculate_boll:303 | 计算布林带完成：周期=26, 标准差倍数=2
2026-03-21 09:50:20 | INFO     | src.indicators.technical_indicators:calculate_kdj:350 | 计算KDJ完成：K周期=9, D周期=3, J周期=3
2026-03-21 09:50:20 | INFO     | src.indicators.technical_indicators:calculate_kdj:350 | 计算KDJ完成：K周期=10, D周期=3, J周期=3
2026-03-21 09:50:20 | INFO     | src.indicators.technical_indicators:calculate_atr:385 | 计算 10 日ATR完成
2026-03-21 09:50:20 | INFO     | src.indicators.technical_indicators:calculate_cci:446 | 计算 20 日CCI完成
2026-03-21 09:50:20 | INFO     | src.indicators.technical_indicators:calculate_williams_r:476 | 计算 10 日威廉指标完成
2026-03-21 09:50:20 | INFO     | src.indicators.technical_indicators:calculate_ma:133 | 计算 5 日移动平均线完成
2026-03-21 09:50:20 | INFO     | src.indicators.technical_indicators:calculate_bias:500 | 计算 5 日乖离率完成
2026-03-21 09:50:20 | INFO     | src.indicators.technical_indicators:calculate_ma:133 | 计算 10 日移动平均线完成
2026-03-21 09:50:20 | INFO     | src.indicators.technical_indicators:calculate_bias:500 | 计算 10 日乖离率完成
2026-03-21 09:50:20 | INFO     | src.indicators.technical_indicators:calculate_ma:133 | 计算 20 日移动平均线完成
2026-03-21 09:50:20 | INFO     | src.indicators.technical_indicators:calculate_bias:500 | 计算 20 日乖离率完成
2026-03-21 09:50:20 | INFO     | src.indicators.technical_indicators:calculate_ma:133 | 计算 30 日移动平均线完成
2026-03-21 09:50:20 | INFO     | src.indicators.technical_indicators:calculate_bias:500 | 计算 30 日乖离率完成
2026-03-21 09:50:20 | INFO     | src.indicators.technical_indicators:calculate_ma:133 | 计算 60 日移动平均线完成
2026-03-21 09:50:20 | INFO     | src.indicators.technical_indicators:calculate_bias:500 | 计算 60 日乖离率完成
2026-03-21 09:50:20 | INFO     | src.indicators.technical_indicators:calculate_ma:133 | 计算 120 日移动平均线完成
2026-03-21 09:50:20 | INFO     | src.indicators.technical_indicators:calculate_bias:500 | 计算 120 日乖离率完成
2026-03-21 09:50:20 | INFO     | src.indicators.technical_indicators:calculate_ma:133 | 计算 250 日移动平均线完成
2026-03-21 09:50:20 | INFO     | src.indicators.technical_indicators:calculate_bias:500 | 计算 250 日乖离率完成
2026-03-21 09:50:20 | INFO     | src.indicators.technical_indicators:calculate_psy:523 | 计算 10 日心理线完成
2026-03-21 09:50:20 | INFO     | src.indicators.technical_indicators:calculate_all:640 | 完成计算 48 个技术指标
2026-03-21 09:50:20 | INFO     | src.core.data_fetcher:save_data:549 | 保存数据到 csv 文件: 300092_with_indicators
2026-03-21 09:50:20 | INFO     | src.core.data_fetcher:save_data:569 | 数据保存成功: ./data\300092_with_indicators.csv
2026-03-21 09:50:20 | INFO     | __main__:process_single_fund:142 |   对股票 300092 进行信号判断
2026-03-21 09:50:20 | INFO     | src.core.data_fetcher:save_data:549 | 保存数据到 csv 文件: 300092_signals
2026-03-21 09:50:20 | INFO     | src.core.data_fetcher:save_data:569 | 数据保存成功: ./data\300092_signals.csv
2026-03-21 09:50:20 | INFO     | __main__:process_single_fund:170 |   股票 300092 信号判断完成: 持有 (得分: 0.111)
2026-03-21 09:50:20 | INFO     | __main__:process_single_fund:191 | 步骤5: 生成汇总报告
2026-03-21 09:50:20 | INFO     | __main__:process_single_fund:195 | ============================================================
2026-03-21 09:50:20 | INFO     | __main__:process_single_fund:196 | 基金 005538 处理完成!
2026-03-21 09:50:20 | INFO     | __main__:process_single_fund:197 | 总股票数: 10
2026-03-21 09:50:20 | INFO     | __main__:process_single_fund:198 | 成功: 10
2026-03-21 09:50:20 | INFO     | __main__:process_single_fund:199 | 失败: 0
2026-03-21 09:50:20 | INFO     | __main__:process_single_fund:200 | ============================================================
2026-03-21 09:50:20 | INFO     | __main__:process_single_fund:209 | 基金 005538 的所有技术指标已保存为 CSV 文件
2026-03-21 09:50:21 | DEBUG    | src.notify.channels.ntfy:send:87 | ntfy 消息发送成功: ✅ 基金 {fund_code} 分析完成
得分: {score:.3f}
建议: {recomme...
2026-03-21 09:50:21 | DEBUG    | src.notify.base:send_with_retry:126 | 通知器 ntfy 发送成功
2026-03-21 09:50:21 | DEBUG    | src.notify.manager:send:140 | 消息发送成功到渠道 ntfy
2026-03-21 09:50:21 | INFO     | __main__:run_technical_workflow:653 | 基金 005538 处理完成
2026-03-21 09:50:21 | INFO     | __main__:run_technical_workflow:654 | ============================================================

2026-03-21 09:50:21 | INFO     | __main__:run_technical_workflow:646 | 
============================================================
2026-03-21 09:50:21 | INFO     | __main__:run_technical_workflow:647 | 开始处理基金: 015790
2026-03-21 09:50:21 | INFO     | __main__:run_technical_workflow:648 | ============================================================
2026-03-21 09:50:21 | INFO     | __main__:process_single_fund:46 | 开始处理基金 015790 的持仓股票技术指标计算
2026-03-21 09:50:22 | DEBUG    | src.notify.channels.ntfy:send:87 | ntfy 消息发送成功: 🔍 开始分析基金 {fund_code}...
2026-03-21 09:50:22 | DEBUG    | src.notify.base:send_with_retry:126 | 通知器 ntfy 发送成功
2026-03-21 09:50:22 | DEBUG    | src.notify.manager:send:140 | 消息发送成功到渠道 ntfy
2026-03-21 09:50:22 | INFO     | __main__:process_single_fund:53 | 步骤1: 获取基金持仓数据
2026-03-21 09:50:22 | INFO     | src.core.data_fetcher:inner:423 | 获取基金 015790 持仓
2026-03-21 09:50:22 | INFO     | __main__:process_single_fund:61 | 步骤2: 过滤最新季度数据
2026-03-21 09:50:22 | INFO     | src.analysis.quarter_filter:filter_latest_quarter_data:63 | 识别到最新季度: 2025年Q4
2026-03-21 09:50:22 | INFO     | src.analysis.quarter_filter:filter_latest_quarter_data:77 | 过滤结果: 从 98 条记录中筛选出 10 条最新季度数据
2026-03-21 09:50:22 | INFO     | __main__:process_single_fund:65 | 最新季度持仓股票数量: 10
2026-03-21 09:50:22 | INFO     | __main__:process_single_fund:66 | 股票代码列表: ['600118', '301005', '605598', '601698', '600879', '300342', '300136', '002149', '300762', '002565']
2026-03-21 09:50:22 | INFO     | __main__:process_single_fund:69 | 步骤3: 批量处理股票数据
2026-03-21 09:50:22 | INFO     | src.data.reader:list_files:221 | 在 data\stock_data 中找到 35 个文件
2026-03-21 09:50:22 | INFO     | src.data.reader:list_stock_files:241 | 找到 35 个股票数据文件
2026-03-21 09:50:22 | INFO     | src.data.reader:read_csv:53 | 读取CSV文件: data\stock_data\600118_kline.csv
2026-03-21 09:50:22 | INFO     | src.data.reader:read_csv:57 | 成功读取 1748 行数据
2026-03-21 09:50:22 | INFO     | src.data.reader:list_files:221 | 在 data\stock_data 中找到 35 个文件
2026-03-21 09:50:22 | INFO     | src.data.reader:list_stock_files:241 | 找到 35 个股票数据文件
2026-03-21 09:50:22 | INFO     | src.data.reader:read_csv:53 | 读取CSV文件: data\stock_data\301005_kline.csv
2026-03-21 09:50:22 | INFO     | src.data.reader:read_csv:57 | 成功读取 1164 行数据
2026-03-21 09:50:22 | INFO     | src.data.reader:list_files:221 | 在 data\stock_data 中找到 35 个文件
2026-03-21 09:50:22 | INFO     | src.data.reader:list_stock_files:241 | 找到 35 个股票数据文件
2026-03-21 09:50:22 | INFO     | src.data.reader:read_csv:53 | 读取CSV文件: data\stock_data\605598_kline.csv
2026-03-21 09:50:22 | INFO     | src.data.reader:read_csv:57 | 成功读取 1087 行数据
2026-03-21 09:50:22 | INFO     | src.data.reader:list_files:221 | 在 data\stock_data 中找到 35 个文件
2026-03-21 09:50:22 | INFO     | src.data.reader:list_stock_files:241 | 找到 35 个股票数据文件
2026-03-21 09:50:22 | INFO     | src.data.reader:read_csv:53 | 读取CSV文件: data\stock_data\601698_kline.csv
2026-03-21 09:50:22 | INFO     | src.data.reader:read_csv:57 | 成功读取 1631 行数据
2026-03-21 09:50:22 | INFO     | src.data.reader:list_files:221 | 在 data\stock_data 中找到 35 个文件
2026-03-21 09:50:22 | INFO     | src.data.reader:list_stock_files:241 | 找到 35 个股票数据文件
2026-03-21 09:50:22 | INFO     | src.data.reader:read_csv:53 | 读取CSV文件: data\stock_data\600879_kline.csv
2026-03-21 09:50:22 | INFO     | src.data.reader:read_csv:57 | 成功读取 1748 行数据
2026-03-21 09:50:22 | INFO     | src.data.reader:list_files:221 | 在 data\stock_data 中找到 35 个文件
2026-03-21 09:50:22 | INFO     | src.data.reader:list_stock_files:241 | 找到 35 个股票数据文件
2026-03-21 09:50:22 | INFO     | src.data.reader:read_csv:53 | 读取CSV文件: data\stock_data\300342_kline.csv
2026-03-21 09:50:22 | INFO     | src.data.reader:read_csv:57 | 成功读取 1748 行数据
2026-03-21 09:50:22 | INFO     | src.data.reader:list_files:221 | 在 data\stock_data 中找到 35 个文件
2026-03-21 09:50:22 | INFO     | src.data.reader:list_stock_files:241 | 找到 35 个股票数据文件
2026-03-21 09:50:22 | INFO     | src.data.reader:read_csv:53 | 读取CSV文件: data\stock_data\300136_kline.csv
2026-03-21 09:50:22 | INFO     | src.data.reader:read_csv:57 | 成功读取 1748 行数据
2026-03-21 09:50:22 | INFO     | src.data.reader:list_files:221 | 在 data\stock_data 中找到 35 个文件
2026-03-21 09:50:22 | INFO     | src.data.reader:list_stock_files:241 | 找到 35 个股票数据文件
2026-03-21 09:50:22 | INFO     | src.data.reader:read_csv:53 | 读取CSV文件: data\stock_data\002149_kline.csv
2026-03-21 09:50:22 | INFO     | src.data.reader:read_csv:57 | 成功读取 1260 行数据
2026-03-21 09:50:22 | INFO     | src.data.reader:list_files:221 | 在 data\stock_data 中找到 35 个文件
2026-03-21 09:50:22 | INFO     | src.data.reader:list_stock_files:241 | 找到 35 个股票数据文件
2026-03-21 09:50:22 | INFO     | src.data.reader:read_csv:53 | 读取CSV文件: data\stock_data\300762_kline.csv
2026-03-21 09:50:22 | INFO     | src.data.reader:read_csv:57 | 成功读取 1702 行数据
2026-03-21 09:50:22 | INFO     | src.data.reader:list_files:221 | 在 data\stock_data 中找到 35 个文件
2026-03-21 09:50:22 | INFO     | src.data.reader:list_stock_files:241 | 找到 35 个股票数据文件
2026-03-21 09:50:22 | INFO     | src.data.reader:read_csv:53 | 读取CSV文件: data\stock_data\002565_kline.csv
2026-03-21 09:50:22 | INFO     | src.data.reader:read_csv:57 | 成功读取 1260 行数据
2026-03-21 09:50:22 | INFO     | __main__:process_single_fund:109 | 成功获取 10 只股票的数据
2026-03-21 09:50:22 | INFO     | __main__:process_single_fund:116 | 步骤4: 计算技术指标
2026-03-21 09:50:22 | INFO     | src.indicators.technical_indicators:calculate_ma:133 | 计算 5 日移动平均线完成
2026-03-21 09:50:22 | INFO     | src.indicators.technical_indicators:calculate_ma:133 | 计算 10 日移动平均线完成
2026-03-21 09:50:22 | INFO     | src.indicators.technical_indicators:calculate_ma:133 | 计算 20 日移动平均线完成
2026-03-21 09:50:22 | INFO     | src.indicators.technical_indicators:calculate_ma:133 | 计算 30 日移动平均线完成
2026-03-21 09:50:22 | INFO     | src.indicators.technical_indicators:calculate_ma:133 | 计算 60 日移动平均线完成
2026-03-21 09:50:22 | INFO     | src.indicators.technical_indicators:calculate_ma:133 | 计算 120 日移动平均线完成
2026-03-21 09:50:22 | INFO     | src.indicators.technical_indicators:calculate_ma:133 | 计算 250 日移动平均线完成
2026-03-21 09:50:22 | INFO     | src.indicators.technical_indicators:calculate_sma:157 | 计算 5 日简单移动平均线完成
2026-03-21 09:50:22 | INFO     | src.indicators.technical_indicators:calculate_sma:157 | 计算 10 日简单移动平均线完成
2026-03-21 09:50:22 | INFO     | src.indicators.technical_indicators:calculate_sma:157 | 计算 20 日简单移动平均线完成
2026-03-21 09:50:22 | INFO     | src.indicators.technical_indicators:calculate_sma:157 | 计算 30 日简单移动平均线完成
2026-03-21 09:50:22 | INFO     | src.indicators.technical_indicators:calculate_sma:157 | 计算 60 日简单移动平均线完成
2026-03-21 09:50:22 | INFO     | src.indicators.technical_indicators:calculate_sma:157 | 计算 120 日简单移动平均线完成
2026-03-21 09:50:22 | INFO     | src.indicators.technical_indicators:calculate_sma:157 | 计算 250 日简单移动平均线完成
2026-03-21 09:50:22 | INFO     | src.indicators.technical_indicators:calculate_ema:182 | 计算 12 日指数移动平均线完成
2026-03-21 09:50:22 | INFO     | src.indicators.technical_indicators:calculate_ema:182 | 计算 26 日指数移动平均线完成
2026-03-21 09:50:22 | INFO     | src.indicators.technical_indicators:calculate_rsi:221 | 计算 6 日RSI完成
2026-03-21 09:50:22 | INFO     | src.indicators.technical_indicators:calculate_rsi:221 | 计算 12 日RSI完成
2026-03-21 09:50:22 | INFO     | src.indicators.technical_indicators:calculate_rsi:221 | 计算 24 日RSI完成
2026-03-21 09:50:22 | INFO     | src.indicators.technical_indicators:calculate_macd:263 | 计算MACD完成：快线=12, 慢线=26, 信号线=9
2026-03-21 09:50:22 | INFO     | src.indicators.technical_indicators:calculate_macd:263 | 计算MACD完成：快线=12, 慢线=26, 信号线=12
2026-03-21 09:50:22 | INFO     | src.indicators.technical_indicators:calculate_boll:303 | 计算布林带完成：周期=20, 标准差倍数=2
2026-03-21 09:50:22 | INFO     | src.indicators.technical_indicators:calculate_boll:303 | 计算布林带完成：周期=26, 标准差倍数=2
2026-03-21 09:50:22 | INFO     | src.indicators.technical_indicators:calculate_kdj:350 | 计算KDJ完成：K周期=9, D周期=3, J周期=3
2026-03-21 09:50:22 | INFO     | src.indicators.technical_indicators:calculate_kdj:350 | 计算KDJ完成：K周期=10, D周期=3, J周期=3
2026-03-21 09:50:22 | INFO     | src.indicators.technical_indicators:calculate_atr:385 | 计算 10 日ATR完成
2026-03-21 09:50:23 | INFO     | src.indicators.technical_indicators:calculate_cci:446 | 计算 20 日CCI完成
2026-03-21 09:50:23 | INFO     | src.indicators.technical_indicators:calculate_williams_r:476 | 计算 10 日威廉指标完成
2026-03-21 09:50:23 | INFO     | src.indicators.technical_indicators:calculate_ma:133 | 计算 5 日移动平均线完成
2026-03-21 09:50:23 | INFO     | src.indicators.technical_indicators:calculate_bias:500 | 计算 5 日乖离率完成
2026-03-21 09:50:23 | INFO     | src.indicators.technical_indicators:calculate_ma:133 | 计算 10 日移动平均线完成
2026-03-21 09:50:23 | INFO     | src.indicators.technical_indicators:calculate_bias:500 | 计算 10 日乖离率完成
2026-03-21 09:50:23 | INFO     | src.indicators.technical_indicators:calculate_ma:133 | 计算 20 日移动平均线完成
2026-03-21 09:50:23 | INFO     | src.indicators.technical_indicators:calculate_bias:500 | 计算 20 日乖离率完成
2026-03-21 09:50:23 | INFO     | src.indicators.technical_indicators:calculate_ma:133 | 计算 30 日移动平均线完成
2026-03-21 09:50:23 | INFO     | src.indicators.technical_indicators:calculate_bias:500 | 计算 30 日乖离率完成
2026-03-21 09:50:23 | INFO     | src.indicators.technical_indicators:calculate_ma:133 | 计算 60 日移动平均线完成
2026-03-21 09:50:23 | INFO     | src.indicators.technical_indicators:calculate_bias:500 | 计算 60 日乖离率完成
2026-03-21 09:50:23 | INFO     | src.indicators.technical_indicators:calculate_ma:133 | 计算 120 日移动平均线完成
2026-03-21 09:50:23 | INFO     | src.indicators.technical_indicators:calculate_bias:500 | 计算 120 日乖离率完成
2026-03-21 09:50:23 | INFO     | src.indicators.technical_indicators:calculate_ma:133 | 计算 250 日移动平均线完成
2026-03-21 09:50:23 | INFO     | src.indicators.technical_indicators:calculate_bias:500 | 计算 250 日乖离率完成
2026-03-21 09:50:23 | INFO     | src.indicators.technical_indicators:calculate_psy:523 | 计算 10 日心理线完成
2026-03-21 09:50:23 | INFO     | src.indicators.technical_indicators:calculate_all:640 | 完成计算 48 个技术指标
2026-03-21 09:50:23 | INFO     | src.core.data_fetcher:save_data:549 | 保存数据到 csv 文件: 600118_with_indicators
2026-03-21 09:50:23 | INFO     | src.core.data_fetcher:save_data:569 | 数据保存成功: ./data\600118_with_indicators.csv
2026-03-21 09:50:23 | INFO     | __main__:process_single_fund:142 |   对股票 600118 进行信号判断
2026-03-21 09:50:23 | INFO     | src.core.data_fetcher:save_data:549 | 保存数据到 csv 文件: 600118_signals
2026-03-21 09:50:23 | INFO     | src.core.data_fetcher:save_data:569 | 数据保存成功: ./data\600118_signals.csv
2026-03-21 09:50:23 | INFO     | __main__:process_single_fund:170 |   股票 600118 信号判断完成: 持有 (得分: 0.136)
2026-03-21 09:50:23 | INFO     | src.indicators.technical_indicators:calculate_ma:133 | 计算 5 日移动平均线完成
2026-03-21 09:50:23 | INFO     | src.indicators.technical_indicators:calculate_ma:133 | 计算 10 日移动平均线完成
2026-03-21 09:50:23 | INFO     | src.indicators.technical_indicators:calculate_ma:133 | 计算 20 日移动平均线完成
2026-03-21 09:50:23 | INFO     | src.indicators.technical_indicators:calculate_ma:133 | 计算 30 日移动平均线完成
2026-03-21 09:50:23 | INFO     | src.indicators.technical_indicators:calculate_ma:133 | 计算 60 日移动平均线完成
2026-03-21 09:50:23 | INFO     | src.indicators.technical_indicators:calculate_ma:133 | 计算 120 日移动平均线完成
2026-03-21 09:50:23 | INFO     | src.indicators.technical_indicators:calculate_ma:133 | 计算 250 日移动平均线完成
2026-03-21 09:50:23 | INFO     | src.indicators.technical_indicators:calculate_sma:157 | 计算 5 日简单移动平均线完成
2026-03-21 09:50:23 | INFO     | src.indicators.technical_indicators:calculate_sma:157 | 计算 10 日简单移动平均线完成
2026-03-21 09:50:23 | INFO     | src.indicators.technical_indicators:calculate_sma:157 | 计算 20 日简单移动平均线完成
2026-03-21 09:50:23 | INFO     | src.indicators.technical_indicators:calculate_sma:157 | 计算 30 日简单移动平均线完成
2026-03-21 09:50:23 | INFO     | src.indicators.technical_indicators:calculate_sma:157 | 计算 60 日简单移动平均线完成
2026-03-21 09:50:23 | INFO     | src.indicators.technical_indicators:calculate_sma:157 | 计算 120 日简单移动平均线完成
2026-03-21 09:50:23 | INFO     | src.indicators.technical_indicators:calculate_sma:157 | 计算 250 日简单移动平均线完成
2026-03-21 09:50:23 | INFO     | src.indicators.technical_indicators:calculate_ema:182 | 计算 12 日指数移动平均线完成
2026-03-21 09:50:23 | INFO     | src.indicators.technical_indicators:calculate_ema:182 | 计算 26 日指数移动平均线完成
2026-03-21 09:50:23 | INFO     | src.indicators.technical_indicators:calculate_rsi:221 | 计算 6 日RSI完成
2026-03-21 09:50:23 | INFO     | src.indicators.technical_indicators:calculate_rsi:221 | 计算 12 日RSI完成
2026-03-21 09:50:23 | INFO     | src.indicators.technical_indicators:calculate_rsi:221 | 计算 24 日RSI完成
2026-03-21 09:50:23 | INFO     | src.indicators.technical_indicators:calculate_macd:263 | 计算MACD完成：快线=12, 慢线=26, 信号线=9
2026-03-21 09:50:23 | INFO     | src.indicators.technical_indicators:calculate_macd:263 | 计算MACD完成：快线=12, 慢线=26, 信号线=12
2026-03-21 09:50:23 | INFO     | src.indicators.technical_indicators:calculate_boll:303 | 计算布林带完成：周期=20, 标准差倍数=2
2026-03-21 09:50:23 | INFO     | src.indicators.technical_indicators:calculate_boll:303 | 计算布林带完成：周期=26, 标准差倍数=2
2026-03-21 09:50:23 | INFO     | src.indicators.technical_indicators:calculate_kdj:350 | 计算KDJ完成：K周期=9, D周期=3, J周期=3
2026-03-21 09:50:23 | INFO     | src.indicators.technical_indicators:calculate_kdj:350 | 计算KDJ完成：K周期=10, D周期=3, J周期=3
2026-03-21 09:50:23 | INFO     | src.indicators.technical_indicators:calculate_atr:385 | 计算 10 日ATR完成
2026-03-21 09:50:23 | INFO     | src.indicators.technical_indicators:calculate_cci:446 | 计算 20 日CCI完成
2026-03-21 09:50:23 | INFO     | src.indicators.technical_indicators:calculate_williams_r:476 | 计算 10 日威廉指标完成
2026-03-21 09:50:23 | INFO     | src.indicators.technical_indicators:calculate_ma:133 | 计算 5 日移动平均线完成
2026-03-21 09:50:23 | INFO     | src.indicators.technical_indicators:calculate_bias:500 | 计算 5 日乖离率完成
2026-03-21 09:50:23 | INFO     | src.indicators.technical_indicators:calculate_ma:133 | 计算 10 日移动平均线完成
2026-03-21 09:50:23 | INFO     | src.indicators.technical_indicators:calculate_bias:500 | 计算 10 日乖离率完成
2026-03-21 09:50:23 | INFO     | src.indicators.technical_indicators:calculate_ma:133 | 计算 20 日移动平均线完成
2026-03-21 09:50:23 | INFO     | src.indicators.technical_indicators:calculate_bias:500 | 计算 20 日乖离率完成
2026-03-21 09:50:23 | INFO     | src.indicators.technical_indicators:calculate_ma:133 | 计算 30 日移动平均线完成
2026-03-21 09:50:23 | INFO     | src.indicators.technical_indicators:calculate_bias:500 | 计算 30 日乖离率完成
2026-03-21 09:50:23 | INFO     | src.indicators.technical_indicators:calculate_ma:133 | 计算 60 日移动平均线完成
2026-03-21 09:50:23 | INFO     | src.indicators.technical_indicators:calculate_bias:500 | 计算 60 日乖离率完成
2026-03-21 09:50:23 | INFO     | src.indicators.technical_indicators:calculate_ma:133 | 计算 120 日移动平均线完成
2026-03-21 09:50:23 | INFO     | src.indicators.technical_indicators:calculate_bias:500 | 计算 120 日乖离率完成
2026-03-21 09:50:23 | INFO     | src.indicators.technical_indicators:calculate_ma:133 | 计算 250 日移动平均线完成
2026-03-21 09:50:23 | INFO     | src.indicators.technical_indicators:calculate_bias:500 | 计算 250 日乖离率完成
2026-03-21 09:50:23 | INFO     | src.indicators.technical_indicators:calculate_psy:523 | 计算 10 日心理线完成
2026-03-21 09:50:23 | INFO     | src.indicators.technical_indicators:calculate_all:640 | 完成计算 48 个技术指标
2026-03-21 09:50:23 | INFO     | src.core.data_fetcher:save_data:549 | 保存数据到 csv 文件: 301005_with_indicators
2026-03-21 09:50:23 | INFO     | src.core.data_fetcher:save_data:569 | 数据保存成功: ./data\301005_with_indicators.csv
2026-03-21 09:50:23 | INFO     | __main__:process_single_fund:142 |   对股票 301005 进行信号判断
2026-03-21 09:50:23 | INFO     | src.core.data_fetcher:save_data:549 | 保存数据到 csv 文件: 301005_signals
2026-03-21 09:50:23 | INFO     | src.core.data_fetcher:save_data:569 | 数据保存成功: ./data\301005_signals.csv
2026-03-21 09:50:23 | INFO     | __main__:process_single_fund:170 |   股票 301005 信号判断完成: 持有 (得分: -0.060)
2026-03-21 09:50:23 | INFO     | src.indicators.technical_indicators:calculate_ma:133 | 计算 5 日移动平均线完成
2026-03-21 09:50:23 | INFO     | src.indicators.technical_indicators:calculate_ma:133 | 计算 10 日移动平均线完成
2026-03-21 09:50:23 | INFO     | src.indicators.technical_indicators:calculate_ma:133 | 计算 20 日移动平均线完成
2026-03-21 09:50:23 | INFO     | src.indicators.technical_indicators:calculate_ma:133 | 计算 30 日移动平均线完成
2026-03-21 09:50:23 | INFO     | src.indicators.technical_indicators:calculate_ma:133 | 计算 60 日移动平均线完成
2026-03-21 09:50:23 | INFO     | src.indicators.technical_indicators:calculate_ma:133 | 计算 120 日移动平均线完成
2026-03-21 09:50:23 | INFO     | src.indicators.technical_indicators:calculate_ma:133 | 计算 250 日移动平均线完成
2026-03-21 09:50:23 | INFO     | src.indicators.technical_indicators:calculate_sma:157 | 计算 5 日简单移动平均线完成
2026-03-21 09:50:23 | INFO     | src.indicators.technical_indicators:calculate_sma:157 | 计算 10 日简单移动平均线完成
2026-03-21 09:50:23 | INFO     | src.indicators.technical_indicators:calculate_sma:157 | 计算 20 日简单移动平均线完成
2026-03-21 09:50:23 | INFO     | src.indicators.technical_indicators:calculate_sma:157 | 计算 30 日简单移动平均线完成
2026-03-21 09:50:23 | INFO     | src.indicators.technical_indicators:calculate_sma:157 | 计算 60 日简单移动平均线完成
2026-03-21 09:50:23 | INFO     | src.indicators.technical_indicators:calculate_sma:157 | 计算 120 日简单移动平均线完成
2026-03-21 09:50:23 | INFO     | src.indicators.technical_indicators:calculate_sma:157 | 计算 250 日简单移动平均线完成
2026-03-21 09:50:23 | INFO     | src.indicators.technical_indicators:calculate_ema:182 | 计算 12 日指数移动平均线完成
2026-03-21 09:50:23 | INFO     | src.indicators.technical_indicators:calculate_ema:182 | 计算 26 日指数移动平均线完成
2026-03-21 09:50:23 | INFO     | src.indicators.technical_indicators:calculate_rsi:221 | 计算 6 日RSI完成
2026-03-21 09:50:23 | INFO     | src.indicators.technical_indicators:calculate_rsi:221 | 计算 12 日RSI完成
2026-03-21 09:50:23 | INFO     | src.indicators.technical_indicators:calculate_rsi:221 | 计算 24 日RSI完成
2026-03-21 09:50:23 | INFO     | src.indicators.technical_indicators:calculate_macd:263 | 计算MACD完成：快线=12, 慢线=26, 信号线=9
2026-03-21 09:50:23 | INFO     | src.indicators.technical_indicators:calculate_macd:263 | 计算MACD完成：快线=12, 慢线=26, 信号线=12
2026-03-21 09:50:23 | INFO     | src.indicators.technical_indicators:calculate_boll:303 | 计算布林带完成：周期=20, 标准差倍数=2
2026-03-21 09:50:23 | INFO     | src.indicators.technical_indicators:calculate_boll:303 | 计算布林带完成：周期=26, 标准差倍数=2
2026-03-21 09:50:23 | INFO     | src.indicators.technical_indicators:calculate_kdj:350 | 计算KDJ完成：K周期=9, D周期=3, J周期=3
2026-03-21 09:50:23 | INFO     | src.indicators.technical_indicators:calculate_kdj:350 | 计算KDJ完成：K周期=10, D周期=3, J周期=3
2026-03-21 09:50:23 | INFO     | src.indicators.technical_indicators:calculate_atr:385 | 计算 10 日ATR完成
2026-03-21 09:50:23 | INFO     | src.indicators.technical_indicators:calculate_cci:446 | 计算 20 日CCI完成
2026-03-21 09:50:23 | INFO     | src.indicators.technical_indicators:calculate_williams_r:476 | 计算 10 日威廉指标完成
2026-03-21 09:50:23 | INFO     | src.indicators.technical_indicators:calculate_ma:133 | 计算 5 日移动平均线完成
2026-03-21 09:50:23 | INFO     | src.indicators.technical_indicators:calculate_bias:500 | 计算 5 日乖离率完成
2026-03-21 09:50:23 | INFO     | src.indicators.technical_indicators:calculate_ma:133 | 计算 10 日移动平均线完成
2026-03-21 09:50:23 | INFO     | src.indicators.technical_indicators:calculate_bias:500 | 计算 10 日乖离率完成
2026-03-21 09:50:23 | INFO     | src.indicators.technical_indicators:calculate_ma:133 | 计算 20 日移动平均线完成
2026-03-21 09:50:23 | INFO     | src.indicators.technical_indicators:calculate_bias:500 | 计算 20 日乖离率完成
2026-03-21 09:50:23 | INFO     | src.indicators.technical_indicators:calculate_ma:133 | 计算 30 日移动平均线完成
2026-03-21 09:50:23 | INFO     | src.indicators.technical_indicators:calculate_bias:500 | 计算 30 日乖离率完成
2026-03-21 09:50:23 | INFO     | src.indicators.technical_indicators:calculate_ma:133 | 计算 60 日移动平均线完成
2026-03-21 09:50:23 | INFO     | src.indicators.technical_indicators:calculate_bias:500 | 计算 60 日乖离率完成
2026-03-21 09:50:23 | INFO     | src.indicators.technical_indicators:calculate_ma:133 | 计算 120 日移动平均线完成
2026-03-21 09:50:23 | INFO     | src.indicators.technical_indicators:calculate_bias:500 | 计算 120 日乖离率完成
2026-03-21 09:50:23 | INFO     | src.indicators.technical_indicators:calculate_ma:133 | 计算 250 日移动平均线完成
2026-03-21 09:50:23 | INFO     | src.indicators.technical_indicators:calculate_bias:500 | 计算 250 日乖离率完成
2026-03-21 09:50:23 | INFO     | src.indicators.technical_indicators:calculate_psy:523 | 计算 10 日心理线完成
2026-03-21 09:50:23 | INFO     | src.indicators.technical_indicators:calculate_all:640 | 完成计算 48 个技术指标
2026-03-21 09:50:23 | INFO     | src.core.data_fetcher:save_data:549 | 保存数据到 csv 文件: 605598_with_indicators
2026-03-21 09:50:23 | INFO     | src.core.data_fetcher:save_data:569 | 数据保存成功: ./data\605598_with_indicators.csv
2026-03-21 09:50:23 | INFO     | __main__:process_single_fund:142 |   对股票 605598 进行信号判断
2026-03-21 09:50:23 | INFO     | src.core.data_fetcher:save_data:549 | 保存数据到 csv 文件: 605598_signals
2026-03-21 09:50:23 | INFO     | src.core.data_fetcher:save_data:569 | 数据保存成功: ./data\605598_signals.csv
2026-03-21 09:50:23 | INFO     | __main__:process_single_fund:170 |   股票 605598 信号判断完成: 持有 (得分: 0.120)
2026-03-21 09:50:23 | INFO     | src.indicators.technical_indicators:calculate_ma:133 | 计算 5 日移动平均线完成
2026-03-21 09:50:23 | INFO     | src.indicators.technical_indicators:calculate_ma:133 | 计算 10 日移动平均线完成
2026-03-21 09:50:23 | INFO     | src.indicators.technical_indicators:calculate_ma:133 | 计算 20 日移动平均线完成
2026-03-21 09:50:23 | INFO     | src.indicators.technical_indicators:calculate_ma:133 | 计算 30 日移动平均线完成
2026-03-21 09:50:23 | INFO     | src.indicators.technical_indicators:calculate_ma:133 | 计算 60 日移动平均线完成
2026-03-21 09:50:23 | INFO     | src.indicators.technical_indicators:calculate_ma:133 | 计算 120 日移动平均线完成
2026-03-21 09:50:23 | INFO     | src.indicators.technical_indicators:calculate_ma:133 | 计算 250 日移动平均线完成
2026-03-21 09:50:23 | INFO     | src.indicators.technical_indicators:calculate_sma:157 | 计算 5 日简单移动平均线完成
2026-03-21 09:50:23 | INFO     | src.indicators.technical_indicators:calculate_sma:157 | 计算 10 日简单移动平均线完成
2026-03-21 09:50:23 | INFO     | src.indicators.technical_indicators:calculate_sma:157 | 计算 20 日简单移动平均线完成
2026-03-21 09:50:23 | INFO     | src.indicators.technical_indicators:calculate_sma:157 | 计算 30 日简单移动平均线完成
2026-03-21 09:50:23 | INFO     | src.indicators.technical_indicators:calculate_sma:157 | 计算 60 日简单移动平均线完成
2026-03-21 09:50:23 | INFO     | src.indicators.technical_indicators:calculate_sma:157 | 计算 120 日简单移动平均线完成
2026-03-21 09:50:23 | INFO     | src.indicators.technical_indicators:calculate_sma:157 | 计算 250 日简单移动平均线完成
2026-03-21 09:50:23 | INFO     | src.indicators.technical_indicators:calculate_ema:182 | 计算 12 日指数移动平均线完成
2026-03-21 09:50:23 | INFO     | src.indicators.technical_indicators:calculate_ema:182 | 计算 26 日指数移动平均线完成
2026-03-21 09:50:23 | INFO     | src.indicators.technical_indicators:calculate_rsi:221 | 计算 6 日RSI完成
2026-03-21 09:50:23 | INFO     | src.indicators.technical_indicators:calculate_rsi:221 | 计算 12 日RSI完成
2026-03-21 09:50:23 | INFO     | src.indicators.technical_indicators:calculate_rsi:221 | 计算 24 日RSI完成
2026-03-21 09:50:23 | INFO     | src.indicators.technical_indicators:calculate_macd:263 | 计算MACD完成：快线=12, 慢线=26, 信号线=9
2026-03-21 09:50:23 | INFO     | src.indicators.technical_indicators:calculate_macd:263 | 计算MACD完成：快线=12, 慢线=26, 信号线=12
2026-03-21 09:50:23 | INFO     | src.indicators.technical_indicators:calculate_boll:303 | 计算布林带完成：周期=20, 标准差倍数=2
2026-03-21 09:50:23 | INFO     | src.indicators.technical_indicators:calculate_boll:303 | 计算布林带完成：周期=26, 标准差倍数=2
2026-03-21 09:50:23 | INFO     | src.indicators.technical_indicators:calculate_kdj:350 | 计算KDJ完成：K周期=9, D周期=3, J周期=3
2026-03-21 09:50:23 | INFO     | src.indicators.technical_indicators:calculate_kdj:350 | 计算KDJ完成：K周期=10, D周期=3, J周期=3
2026-03-21 09:50:23 | INFO     | src.indicators.technical_indicators:calculate_atr:385 | 计算 10 日ATR完成
2026-03-21 09:50:23 | INFO     | src.indicators.technical_indicators:calculate_cci:446 | 计算 20 日CCI完成
2026-03-21 09:50:23 | INFO     | src.indicators.technical_indicators:calculate_williams_r:476 | 计算 10 日威廉指标完成
2026-03-21 09:50:23 | INFO     | src.indicators.technical_indicators:calculate_ma:133 | 计算 5 日移动平均线完成
2026-03-21 09:50:23 | INFO     | src.indicators.technical_indicators:calculate_bias:500 | 计算 5 日乖离率完成
2026-03-21 09:50:23 | INFO     | src.indicators.technical_indicators:calculate_ma:133 | 计算 10 日移动平均线完成
2026-03-21 09:50:23 | INFO     | src.indicators.technical_indicators:calculate_bias:500 | 计算 10 日乖离率完成
2026-03-21 09:50:23 | INFO     | src.indicators.technical_indicators:calculate_ma:133 | 计算 20 日移动平均线完成
2026-03-21 09:50:23 | INFO     | src.indicators.technical_indicators:calculate_bias:500 | 计算 20 日乖离率完成
2026-03-21 09:50:23 | INFO     | src.indicators.technical_indicators:calculate_ma:133 | 计算 30 日移动平均线完成
2026-03-21 09:50:23 | INFO     | src.indicators.technical_indicators:calculate_bias:500 | 计算 30 日乖离率完成
2026-03-21 09:50:23 | INFO     | src.indicators.technical_indicators:calculate_ma:133 | 计算 60 日移动平均线完成
2026-03-21 09:50:23 | INFO     | src.indicators.technical_indicators:calculate_bias:500 | 计算 60 日乖离率完成
2026-03-21 09:50:23 | INFO     | src.indicators.technical_indicators:calculate_ma:133 | 计算 120 日移动平均线完成
2026-03-21 09:50:23 | INFO     | src.indicators.technical_indicators:calculate_bias:500 | 计算 120 日乖离率完成
2026-03-21 09:50:23 | INFO     | src.indicators.technical_indicators:calculate_ma:133 | 计算 250 日移动平均线完成
2026-03-21 09:50:23 | INFO     | src.indicators.technical_indicators:calculate_bias:500 | 计算 250 日乖离率完成
2026-03-21 09:50:23 | INFO     | src.indicators.technical_indicators:calculate_psy:523 | 计算 10 日心理线完成
2026-03-21 09:50:23 | INFO     | src.indicators.technical_indicators:calculate_all:640 | 完成计算 48 个技术指标
2026-03-21 09:50:23 | INFO     | src.core.data_fetcher:save_data:549 | 保存数据到 csv 文件: 601698_with_indicators
2026-03-21 09:50:23 | INFO     | src.core.data_fetcher:save_data:569 | 数据保存成功: ./data\601698_with_indicators.csv
2026-03-21 09:50:23 | INFO     | __main__:process_single_fund:142 |   对股票 601698 进行信号判断
2026-03-21 09:50:23 | INFO     | src.core.data_fetcher:save_data:549 | 保存数据到 csv 文件: 601698_signals
2026-03-21 09:50:23 | INFO     | src.core.data_fetcher:save_data:569 | 数据保存成功: ./data\601698_signals.csv
2026-03-21 09:50:23 | INFO     | __main__:process_single_fund:170 |   股票 601698 信号判断完成: 持有 (得分: 0.003)
2026-03-21 09:50:23 | INFO     | src.indicators.technical_indicators:calculate_ma:133 | 计算 5 日移动平均线完成
2026-03-21 09:50:23 | INFO     | src.indicators.technical_indicators:calculate_ma:133 | 计算 10 日移动平均线完成
2026-03-21 09:50:23 | INFO     | src.indicators.technical_indicators:calculate_ma:133 | 计算 20 日移动平均线完成
2026-03-21 09:50:23 | INFO     | src.indicators.technical_indicators:calculate_ma:133 | 计算 30 日移动平均线完成
2026-03-21 09:50:23 | INFO     | src.indicators.technical_indicators:calculate_ma:133 | 计算 60 日移动平均线完成
2026-03-21 09:50:23 | INFO     | src.indicators.technical_indicators:calculate_ma:133 | 计算 120 日移动平均线完成
2026-03-21 09:50:23 | INFO     | src.indicators.technical_indicators:calculate_ma:133 | 计算 250 日移动平均线完成
2026-03-21 09:50:23 | INFO     | src.indicators.technical_indicators:calculate_sma:157 | 计算 5 日简单移动平均线完成
2026-03-21 09:50:23 | INFO     | src.indicators.technical_indicators:calculate_sma:157 | 计算 10 日简单移动平均线完成
2026-03-21 09:50:23 | INFO     | src.indicators.technical_indicators:calculate_sma:157 | 计算 20 日简单移动平均线完成
2026-03-21 09:50:23 | INFO     | src.indicators.technical_indicators:calculate_sma:157 | 计算 30 日简单移动平均线完成
2026-03-21 09:50:23 | INFO     | src.indicators.technical_indicators:calculate_sma:157 | 计算 60 日简单移动平均线完成
2026-03-21 09:50:23 | INFO     | src.indicators.technical_indicators:calculate_sma:157 | 计算 120 日简单移动平均线完成
2026-03-21 09:50:23 | INFO     | src.indicators.technical_indicators:calculate_sma:157 | 计算 250 日简单移动平均线完成
2026-03-21 09:50:23 | INFO     | src.indicators.technical_indicators:calculate_ema:182 | 计算 12 日指数移动平均线完成
2026-03-21 09:50:23 | INFO     | src.indicators.technical_indicators:calculate_ema:182 | 计算 26 日指数移动平均线完成
2026-03-21 09:50:23 | INFO     | src.indicators.technical_indicators:calculate_rsi:221 | 计算 6 日RSI完成
2026-03-21 09:50:23 | INFO     | src.indicators.technical_indicators:calculate_rsi:221 | 计算 12 日RSI完成
2026-03-21 09:50:23 | INFO     | src.indicators.technical_indicators:calculate_rsi:221 | 计算 24 日RSI完成
2026-03-21 09:50:23 | INFO     | src.indicators.technical_indicators:calculate_macd:263 | 计算MACD完成：快线=12, 慢线=26, 信号线=9
2026-03-21 09:50:23 | INFO     | src.indicators.technical_indicators:calculate_macd:263 | 计算MACD完成：快线=12, 慢线=26, 信号线=12
2026-03-21 09:50:23 | INFO     | src.indicators.technical_indicators:calculate_boll:303 | 计算布林带完成：周期=20, 标准差倍数=2
2026-03-21 09:50:23 | INFO     | src.indicators.technical_indicators:calculate_boll:303 | 计算布林带完成：周期=26, 标准差倍数=2
2026-03-21 09:50:23 | INFO     | src.indicators.technical_indicators:calculate_kdj:350 | 计算KDJ完成：K周期=9, D周期=3, J周期=3
2026-03-21 09:50:23 | INFO     | src.indicators.technical_indicators:calculate_kdj:350 | 计算KDJ完成：K周期=10, D周期=3, J周期=3
2026-03-21 09:50:23 | INFO     | src.indicators.technical_indicators:calculate_atr:385 | 计算 10 日ATR完成
2026-03-21 09:50:23 | INFO     | src.indicators.technical_indicators:calculate_cci:446 | 计算 20 日CCI完成
2026-03-21 09:50:23 | INFO     | src.indicators.technical_indicators:calculate_williams_r:476 | 计算 10 日威廉指标完成
2026-03-21 09:50:23 | INFO     | src.indicators.technical_indicators:calculate_ma:133 | 计算 5 日移动平均线完成
2026-03-21 09:50:23 | INFO     | src.indicators.technical_indicators:calculate_bias:500 | 计算 5 日乖离率完成
2026-03-21 09:50:23 | INFO     | src.indicators.technical_indicators:calculate_ma:133 | 计算 10 日移动平均线完成
2026-03-21 09:50:23 | INFO     | src.indicators.technical_indicators:calculate_bias:500 | 计算 10 日乖离率完成
2026-03-21 09:50:23 | INFO     | src.indicators.technical_indicators:calculate_ma:133 | 计算 20 日移动平均线完成
2026-03-21 09:50:23 | INFO     | src.indicators.technical_indicators:calculate_bias:500 | 计算 20 日乖离率完成
2026-03-21 09:50:23 | INFO     | src.indicators.technical_indicators:calculate_ma:133 | 计算 30 日移动平均线完成
2026-03-21 09:50:23 | INFO     | src.indicators.technical_indicators:calculate_bias:500 | 计算 30 日乖离率完成
2026-03-21 09:50:23 | INFO     | src.indicators.technical_indicators:calculate_ma:133 | 计算 60 日移动平均线完成
2026-03-21 09:50:23 | INFO     | src.indicators.technical_indicators:calculate_bias:500 | 计算 60 日乖离率完成
2026-03-21 09:50:23 | INFO     | src.indicators.technical_indicators:calculate_ma:133 | 计算 120 日移动平均线完成
2026-03-21 09:50:23 | INFO     | src.indicators.technical_indicators:calculate_bias:500 | 计算 120 日乖离率完成
2026-03-21 09:50:23 | INFO     | src.indicators.technical_indicators:calculate_ma:133 | 计算 250 日移动平均线完成
2026-03-21 09:50:23 | INFO     | src.indicators.technical_indicators:calculate_bias:500 | 计算 250 日乖离率完成
2026-03-21 09:50:23 | INFO     | src.indicators.technical_indicators:calculate_psy:523 | 计算 10 日心理线完成
2026-03-21 09:50:23 | INFO     | src.indicators.technical_indicators:calculate_all:640 | 完成计算 48 个技术指标
2026-03-21 09:50:23 | INFO     | src.core.data_fetcher:save_data:549 | 保存数据到 csv 文件: 600879_with_indicators
2026-03-21 09:50:23 | INFO     | src.core.data_fetcher:save_data:569 | 数据保存成功: ./data\600879_with_indicators.csv
2026-03-21 09:50:23 | INFO     | __main__:process_single_fund:142 |   对股票 600879 进行信号判断
2026-03-21 09:50:23 | INFO     | src.core.data_fetcher:save_data:549 | 保存数据到 csv 文件: 600879_signals
2026-03-21 09:50:23 | INFO     | src.core.data_fetcher:save_data:569 | 数据保存成功: ./data\600879_signals.csv
2026-03-21 09:50:23 | INFO     | __main__:process_single_fund:170 |   股票 600879 信号判断完成: 持有 (得分: 0.008)
2026-03-21 09:50:23 | INFO     | src.indicators.technical_indicators:calculate_ma:133 | 计算 5 日移动平均线完成
2026-03-21 09:50:23 | INFO     | src.indicators.technical_indicators:calculate_ma:133 | 计算 10 日移动平均线完成
2026-03-21 09:50:23 | INFO     | src.indicators.technical_indicators:calculate_ma:133 | 计算 20 日移动平均线完成
2026-03-21 09:50:23 | INFO     | src.indicators.technical_indicators:calculate_ma:133 | 计算 30 日移动平均线完成
2026-03-21 09:50:23 | INFO     | src.indicators.technical_indicators:calculate_ma:133 | 计算 60 日移动平均线完成
2026-03-21 09:50:23 | INFO     | src.indicators.technical_indicators:calculate_ma:133 | 计算 120 日移动平均线完成
2026-03-21 09:50:23 | INFO     | src.indicators.technical_indicators:calculate_ma:133 | 计算 250 日移动平均线完成
2026-03-21 09:50:23 | INFO     | src.indicators.technical_indicators:calculate_sma:157 | 计算 5 日简单移动平均线完成
2026-03-21 09:50:23 | INFO     | src.indicators.technical_indicators:calculate_sma:157 | 计算 10 日简单移动平均线完成
2026-03-21 09:50:23 | INFO     | src.indicators.technical_indicators:calculate_sma:157 | 计算 20 日简单移动平均线完成
2026-03-21 09:50:23 | INFO     | src.indicators.technical_indicators:calculate_sma:157 | 计算 30 日简单移动平均线完成
2026-03-21 09:50:23 | INFO     | src.indicators.technical_indicators:calculate_sma:157 | 计算 60 日简单移动平均线完成
2026-03-21 09:50:23 | INFO     | src.indicators.technical_indicators:calculate_sma:157 | 计算 120 日简单移动平均线完成
2026-03-21 09:50:23 | INFO     | src.indicators.technical_indicators:calculate_sma:157 | 计算 250 日简单移动平均线完成
2026-03-21 09:50:23 | INFO     | src.indicators.technical_indicators:calculate_ema:182 | 计算 12 日指数移动平均线完成
2026-03-21 09:50:23 | INFO     | src.indicators.technical_indicators:calculate_ema:182 | 计算 26 日指数移动平均线完成
2026-03-21 09:50:23 | INFO     | src.indicators.technical_indicators:calculate_rsi:221 | 计算 6 日RSI完成
2026-03-21 09:50:23 | INFO     | src.indicators.technical_indicators:calculate_rsi:221 | 计算 12 日RSI完成
2026-03-21 09:50:23 | INFO     | src.indicators.technical_indicators:calculate_rsi:221 | 计算 24 日RSI完成
2026-03-21 09:50:23 | INFO     | src.indicators.technical_indicators:calculate_macd:263 | 计算MACD完成：快线=12, 慢线=26, 信号线=9
2026-03-21 09:50:23 | INFO     | src.indicators.technical_indicators:calculate_macd:263 | 计算MACD完成：快线=12, 慢线=26, 信号线=12
2026-03-21 09:50:23 | INFO     | src.indicators.technical_indicators:calculate_boll:303 | 计算布林带完成：周期=20, 标准差倍数=2
2026-03-21 09:50:23 | INFO     | src.indicators.technical_indicators:calculate_boll:303 | 计算布林带完成：周期=26, 标准差倍数=2
2026-03-21 09:50:23 | INFO     | src.indicators.technical_indicators:calculate_kdj:350 | 计算KDJ完成：K周期=9, D周期=3, J周期=3
2026-03-21 09:50:23 | INFO     | src.indicators.technical_indicators:calculate_kdj:350 | 计算KDJ完成：K周期=10, D周期=3, J周期=3
2026-03-21 09:50:23 | INFO     | src.indicators.technical_indicators:calculate_atr:385 | 计算 10 日ATR完成
2026-03-21 09:50:23 | INFO     | src.indicators.technical_indicators:calculate_cci:446 | 计算 20 日CCI完成
2026-03-21 09:50:23 | INFO     | src.indicators.technical_indicators:calculate_williams_r:476 | 计算 10 日威廉指标完成
2026-03-21 09:50:23 | INFO     | src.indicators.technical_indicators:calculate_ma:133 | 计算 5 日移动平均线完成
2026-03-21 09:50:23 | INFO     | src.indicators.technical_indicators:calculate_bias:500 | 计算 5 日乖离率完成
2026-03-21 09:50:23 | INFO     | src.indicators.technical_indicators:calculate_ma:133 | 计算 10 日移动平均线完成
2026-03-21 09:50:23 | INFO     | src.indicators.technical_indicators:calculate_bias:500 | 计算 10 日乖离率完成
2026-03-21 09:50:23 | INFO     | src.indicators.technical_indicators:calculate_ma:133 | 计算 20 日移动平均线完成
2026-03-21 09:50:23 | INFO     | src.indicators.technical_indicators:calculate_bias:500 | 计算 20 日乖离率完成
2026-03-21 09:50:23 | INFO     | src.indicators.technical_indicators:calculate_ma:133 | 计算 30 日移动平均线完成
2026-03-21 09:50:23 | INFO     | src.indicators.technical_indicators:calculate_bias:500 | 计算 30 日乖离率完成
2026-03-21 09:50:23 | INFO     | src.indicators.technical_indicators:calculate_ma:133 | 计算 60 日移动平均线完成
2026-03-21 09:50:23 | INFO     | src.indicators.technical_indicators:calculate_bias:500 | 计算 60 日乖离率完成
2026-03-21 09:50:23 | INFO     | src.indicators.technical_indicators:calculate_ma:133 | 计算 120 日移动平均线完成
2026-03-21 09:50:23 | INFO     | src.indicators.technical_indicators:calculate_bias:500 | 计算 120 日乖离率完成
2026-03-21 09:50:23 | INFO     | src.indicators.technical_indicators:calculate_ma:133 | 计算 250 日移动平均线完成
2026-03-21 09:50:23 | INFO     | src.indicators.technical_indicators:calculate_bias:500 | 计算 250 日乖离率完成
2026-03-21 09:50:23 | INFO     | src.indicators.technical_indicators:calculate_psy:523 | 计算 10 日心理线完成
2026-03-21 09:50:23 | INFO     | src.indicators.technical_indicators:calculate_all:640 | 完成计算 48 个技术指标
2026-03-21 09:50:23 | INFO     | src.core.data_fetcher:save_data:549 | 保存数据到 csv 文件: 300342_with_indicators
2026-03-21 09:50:23 | INFO     | src.core.data_fetcher:save_data:569 | 数据保存成功: ./data\300342_with_indicators.csv
2026-03-21 09:50:23 | INFO     | __main__:process_single_fund:142 |   对股票 300342 进行信号判断
2026-03-21 09:50:23 | INFO     | src.core.data_fetcher:save_data:549 | 保存数据到 csv 文件: 300342_signals
2026-03-21 09:50:23 | INFO     | src.core.data_fetcher:save_data:569 | 数据保存成功: ./data\300342_signals.csv
2026-03-21 09:50:23 | INFO     | __main__:process_single_fund:170 |   股票 300342 信号判断完成: 买入 (得分: 0.246)
2026-03-21 09:50:23 | INFO     | src.indicators.technical_indicators:calculate_ma:133 | 计算 5 日移动平均线完成
2026-03-21 09:50:23 | INFO     | src.indicators.technical_indicators:calculate_ma:133 | 计算 10 日移动平均线完成
2026-03-21 09:50:23 | INFO     | src.indicators.technical_indicators:calculate_ma:133 | 计算 20 日移动平均线完成
2026-03-21 09:50:23 | INFO     | src.indicators.technical_indicators:calculate_ma:133 | 计算 30 日移动平均线完成
2026-03-21 09:50:23 | INFO     | src.indicators.technical_indicators:calculate_ma:133 | 计算 60 日移动平均线完成
2026-03-21 09:50:23 | INFO     | src.indicators.technical_indicators:calculate_ma:133 | 计算 120 日移动平均线完成
2026-03-21 09:50:23 | INFO     | src.indicators.technical_indicators:calculate_ma:133 | 计算 250 日移动平均线完成
2026-03-21 09:50:23 | INFO     | src.indicators.technical_indicators:calculate_sma:157 | 计算 5 日简单移动平均线完成
2026-03-21 09:50:23 | INFO     | src.indicators.technical_indicators:calculate_sma:157 | 计算 10 日简单移动平均线完成
2026-03-21 09:50:23 | INFO     | src.indicators.technical_indicators:calculate_sma:157 | 计算 20 日简单移动平均线完成
2026-03-21 09:50:23 | INFO     | src.indicators.technical_indicators:calculate_sma:157 | 计算 30 日简单移动平均线完成
2026-03-21 09:50:23 | INFO     | src.indicators.technical_indicators:calculate_sma:157 | 计算 60 日简单移动平均线完成
2026-03-21 09:50:23 | INFO     | src.indicators.technical_indicators:calculate_sma:157 | 计算 120 日简单移动平均线完成
2026-03-21 09:50:23 | INFO     | src.indicators.technical_indicators:calculate_sma:157 | 计算 250 日简单移动平均线完成
2026-03-21 09:50:23 | INFO     | src.indicators.technical_indicators:calculate_ema:182 | 计算 12 日指数移动平均线完成
2026-03-21 09:50:23 | INFO     | src.indicators.technical_indicators:calculate_ema:182 | 计算 26 日指数移动平均线完成
2026-03-21 09:50:23 | INFO     | src.indicators.technical_indicators:calculate_rsi:221 | 计算 6 日RSI完成
2026-03-21 09:50:23 | INFO     | src.indicators.technical_indicators:calculate_rsi:221 | 计算 12 日RSI完成
2026-03-21 09:50:23 | INFO     | src.indicators.technical_indicators:calculate_rsi:221 | 计算 24 日RSI完成
2026-03-21 09:50:23 | INFO     | src.indicators.technical_indicators:calculate_macd:263 | 计算MACD完成：快线=12, 慢线=26, 信号线=9
2026-03-21 09:50:23 | INFO     | src.indicators.technical_indicators:calculate_macd:263 | 计算MACD完成：快线=12, 慢线=26, 信号线=12
2026-03-21 09:50:23 | INFO     | src.indicators.technical_indicators:calculate_boll:303 | 计算布林带完成：周期=20, 标准差倍数=2
2026-03-21 09:50:23 | INFO     | src.indicators.technical_indicators:calculate_boll:303 | 计算布林带完成：周期=26, 标准差倍数=2
2026-03-21 09:50:23 | INFO     | src.indicators.technical_indicators:calculate_kdj:350 | 计算KDJ完成：K周期=9, D周期=3, J周期=3
2026-03-21 09:50:23 | INFO     | src.indicators.technical_indicators:calculate_kdj:350 | 计算KDJ完成：K周期=10, D周期=3, J周期=3
2026-03-21 09:50:23 | INFO     | src.indicators.technical_indicators:calculate_atr:385 | 计算 10 日ATR完成
2026-03-21 09:50:24 | INFO     | src.indicators.technical_indicators:calculate_cci:446 | 计算 20 日CCI完成
2026-03-21 09:50:24 | INFO     | src.indicators.technical_indicators:calculate_williams_r:476 | 计算 10 日威廉指标完成
2026-03-21 09:50:24 | INFO     | src.indicators.technical_indicators:calculate_ma:133 | 计算 5 日移动平均线完成
2026-03-21 09:50:24 | INFO     | src.indicators.technical_indicators:calculate_bias:500 | 计算 5 日乖离率完成
2026-03-21 09:50:24 | INFO     | src.indicators.technical_indicators:calculate_ma:133 | 计算 10 日移动平均线完成
2026-03-21 09:50:24 | INFO     | src.indicators.technical_indicators:calculate_bias:500 | 计算 10 日乖离率完成
2026-03-21 09:50:24 | INFO     | src.indicators.technical_indicators:calculate_ma:133 | 计算 20 日移动平均线完成
2026-03-21 09:50:24 | INFO     | src.indicators.technical_indicators:calculate_bias:500 | 计算 20 日乖离率完成
2026-03-21 09:50:24 | INFO     | src.indicators.technical_indicators:calculate_ma:133 | 计算 30 日移动平均线完成
2026-03-21 09:50:24 | INFO     | src.indicators.technical_indicators:calculate_bias:500 | 计算 30 日乖离率完成
2026-03-21 09:50:24 | INFO     | src.indicators.technical_indicators:calculate_ma:133 | 计算 60 日移动平均线完成
2026-03-21 09:50:24 | INFO     | src.indicators.technical_indicators:calculate_bias:500 | 计算 60 日乖离率完成
2026-03-21 09:50:24 | INFO     | src.indicators.technical_indicators:calculate_ma:133 | 计算 120 日移动平均线完成
2026-03-21 09:50:24 | INFO     | src.indicators.technical_indicators:calculate_bias:500 | 计算 120 日乖离率完成
2026-03-21 09:50:24 | INFO     | src.indicators.technical_indicators:calculate_ma:133 | 计算 250 日移动平均线完成
2026-03-21 09:50:24 | INFO     | src.indicators.technical_indicators:calculate_bias:500 | 计算 250 日乖离率完成
2026-03-21 09:50:24 | INFO     | src.indicators.technical_indicators:calculate_psy:523 | 计算 10 日心理线完成
2026-03-21 09:50:24 | INFO     | src.indicators.technical_indicators:calculate_all:640 | 完成计算 48 个技术指标
2026-03-21 09:50:24 | INFO     | src.core.data_fetcher:save_data:549 | 保存数据到 csv 文件: 300136_with_indicators
2026-03-21 09:50:24 | INFO     | src.core.data_fetcher:save_data:569 | 数据保存成功: ./data\300136_with_indicators.csv
2026-03-21 09:50:24 | INFO     | __main__:process_single_fund:142 |   对股票 300136 进行信号判断
2026-03-21 09:50:24 | INFO     | src.core.data_fetcher:save_data:549 | 保存数据到 csv 文件: 300136_signals
2026-03-21 09:50:24 | INFO     | src.core.data_fetcher:save_data:569 | 数据保存成功: ./data\300136_signals.csv
2026-03-21 09:50:24 | INFO     | __main__:process_single_fund:170 |   股票 300136 信号判断完成: 持有 (得分: -0.199)
2026-03-21 09:50:24 | INFO     | src.indicators.technical_indicators:calculate_ma:133 | 计算 5 日移动平均线完成
2026-03-21 09:50:24 | INFO     | src.indicators.technical_indicators:calculate_ma:133 | 计算 10 日移动平均线完成
2026-03-21 09:50:24 | INFO     | src.indicators.technical_indicators:calculate_ma:133 | 计算 20 日移动平均线完成
2026-03-21 09:50:24 | INFO     | src.indicators.technical_indicators:calculate_ma:133 | 计算 30 日移动平均线完成
2026-03-21 09:50:24 | INFO     | src.indicators.technical_indicators:calculate_ma:133 | 计算 60 日移动平均线完成
2026-03-21 09:50:24 | INFO     | src.indicators.technical_indicators:calculate_ma:133 | 计算 120 日移动平均线完成
2026-03-21 09:50:24 | INFO     | src.indicators.technical_indicators:calculate_ma:133 | 计算 250 日移动平均线完成
2026-03-21 09:50:24 | INFO     | src.indicators.technical_indicators:calculate_sma:157 | 计算 5 日简单移动平均线完成
2026-03-21 09:50:24 | INFO     | src.indicators.technical_indicators:calculate_sma:157 | 计算 10 日简单移动平均线完成
2026-03-21 09:50:24 | INFO     | src.indicators.technical_indicators:calculate_sma:157 | 计算 20 日简单移动平均线完成
2026-03-21 09:50:24 | INFO     | src.indicators.technical_indicators:calculate_sma:157 | 计算 30 日简单移动平均线完成
2026-03-21 09:50:24 | INFO     | src.indicators.technical_indicators:calculate_sma:157 | 计算 60 日简单移动平均线完成
2026-03-21 09:50:24 | INFO     | src.indicators.technical_indicators:calculate_sma:157 | 计算 120 日简单移动平均线完成
2026-03-21 09:50:24 | INFO     | src.indicators.technical_indicators:calculate_sma:157 | 计算 250 日简单移动平均线完成
2026-03-21 09:50:24 | INFO     | src.indicators.technical_indicators:calculate_ema:182 | 计算 12 日指数移动平均线完成
2026-03-21 09:50:24 | INFO     | src.indicators.technical_indicators:calculate_ema:182 | 计算 26 日指数移动平均线完成
2026-03-21 09:50:24 | INFO     | src.indicators.technical_indicators:calculate_rsi:221 | 计算 6 日RSI完成
2026-03-21 09:50:24 | INFO     | src.indicators.technical_indicators:calculate_rsi:221 | 计算 12 日RSI完成
2026-03-21 09:50:24 | INFO     | src.indicators.technical_indicators:calculate_rsi:221 | 计算 24 日RSI完成
2026-03-21 09:50:24 | INFO     | src.indicators.technical_indicators:calculate_macd:263 | 计算MACD完成：快线=12, 慢线=26, 信号线=9
2026-03-21 09:50:24 | INFO     | src.indicators.technical_indicators:calculate_macd:263 | 计算MACD完成：快线=12, 慢线=26, 信号线=12
2026-03-21 09:50:24 | INFO     | src.indicators.technical_indicators:calculate_boll:303 | 计算布林带完成：周期=20, 标准差倍数=2
2026-03-21 09:50:24 | INFO     | src.indicators.technical_indicators:calculate_boll:303 | 计算布林带完成：周期=26, 标准差倍数=2
2026-03-21 09:50:24 | INFO     | src.indicators.technical_indicators:calculate_kdj:350 | 计算KDJ完成：K周期=9, D周期=3, J周期=3
2026-03-21 09:50:24 | INFO     | src.indicators.technical_indicators:calculate_kdj:350 | 计算KDJ完成：K周期=10, D周期=3, J周期=3
2026-03-21 09:50:24 | INFO     | src.indicators.technical_indicators:calculate_atr:385 | 计算 10 日ATR完成
2026-03-21 09:50:24 | INFO     | src.indicators.technical_indicators:calculate_cci:446 | 计算 20 日CCI完成
2026-03-21 09:50:24 | INFO     | src.indicators.technical_indicators:calculate_williams_r:476 | 计算 10 日威廉指标完成
2026-03-21 09:50:24 | INFO     | src.indicators.technical_indicators:calculate_ma:133 | 计算 5 日移动平均线完成
2026-03-21 09:50:24 | INFO     | src.indicators.technical_indicators:calculate_bias:500 | 计算 5 日乖离率完成
2026-03-21 09:50:24 | INFO     | src.indicators.technical_indicators:calculate_ma:133 | 计算 10 日移动平均线完成
2026-03-21 09:50:24 | INFO     | src.indicators.technical_indicators:calculate_bias:500 | 计算 10 日乖离率完成
2026-03-21 09:50:24 | INFO     | src.indicators.technical_indicators:calculate_ma:133 | 计算 20 日移动平均线完成
2026-03-21 09:50:24 | INFO     | src.indicators.technical_indicators:calculate_bias:500 | 计算 20 日乖离率完成
2026-03-21 09:50:24 | INFO     | src.indicators.technical_indicators:calculate_ma:133 | 计算 30 日移动平均线完成
2026-03-21 09:50:24 | INFO     | src.indicators.technical_indicators:calculate_bias:500 | 计算 30 日乖离率完成
2026-03-21 09:50:24 | INFO     | src.indicators.technical_indicators:calculate_ma:133 | 计算 60 日移动平均线完成
2026-03-21 09:50:24 | INFO     | src.indicators.technical_indicators:calculate_bias:500 | 计算 60 日乖离率完成
2026-03-21 09:50:24 | INFO     | src.indicators.technical_indicators:calculate_ma:133 | 计算 120 日移动平均线完成
2026-03-21 09:50:24 | INFO     | src.indicators.technical_indicators:calculate_bias:500 | 计算 120 日乖离率完成
2026-03-21 09:50:24 | INFO     | src.indicators.technical_indicators:calculate_ma:133 | 计算 250 日移动平均线完成
2026-03-21 09:50:24 | INFO     | src.indicators.technical_indicators:calculate_bias:500 | 计算 250 日乖离率完成
2026-03-21 09:50:24 | INFO     | src.indicators.technical_indicators:calculate_psy:523 | 计算 10 日心理线完成
2026-03-21 09:50:24 | INFO     | src.indicators.technical_indicators:calculate_all:640 | 完成计算 48 个技术指标
2026-03-21 09:50:24 | INFO     | src.core.data_fetcher:save_data:549 | 保存数据到 csv 文件: 002149_with_indicators
2026-03-21 09:50:24 | INFO     | src.core.data_fetcher:save_data:569 | 数据保存成功: ./data\002149_with_indicators.csv
2026-03-21 09:50:24 | INFO     | __main__:process_single_fund:142 |   对股票 002149 进行信号判断
2026-03-21 09:50:24 | INFO     | src.core.data_fetcher:save_data:549 | 保存数据到 csv 文件: 002149_signals
2026-03-21 09:50:24 | INFO     | src.core.data_fetcher:save_data:569 | 数据保存成功: ./data\002149_signals.csv
2026-03-21 09:50:24 | INFO     | __main__:process_single_fund:170 |   股票 002149 信号判断完成: 持有 (得分: 0.032)
2026-03-21 09:50:24 | INFO     | src.indicators.technical_indicators:calculate_ma:133 | 计算 5 日移动平均线完成
2026-03-21 09:50:24 | INFO     | src.indicators.technical_indicators:calculate_ma:133 | 计算 10 日移动平均线完成
2026-03-21 09:50:24 | INFO     | src.indicators.technical_indicators:calculate_ma:133 | 计算 20 日移动平均线完成
2026-03-21 09:50:24 | INFO     | src.indicators.technical_indicators:calculate_ma:133 | 计算 30 日移动平均线完成
2026-03-21 09:50:24 | INFO     | src.indicators.technical_indicators:calculate_ma:133 | 计算 60 日移动平均线完成
2026-03-21 09:50:24 | INFO     | src.indicators.technical_indicators:calculate_ma:133 | 计算 120 日移动平均线完成
2026-03-21 09:50:24 | INFO     | src.indicators.technical_indicators:calculate_ma:133 | 计算 250 日移动平均线完成
2026-03-21 09:50:24 | INFO     | src.indicators.technical_indicators:calculate_sma:157 | 计算 5 日简单移动平均线完成
2026-03-21 09:50:24 | INFO     | src.indicators.technical_indicators:calculate_sma:157 | 计算 10 日简单移动平均线完成
2026-03-21 09:50:24 | INFO     | src.indicators.technical_indicators:calculate_sma:157 | 计算 20 日简单移动平均线完成
2026-03-21 09:50:24 | INFO     | src.indicators.technical_indicators:calculate_sma:157 | 计算 30 日简单移动平均线完成
2026-03-21 09:50:24 | INFO     | src.indicators.technical_indicators:calculate_sma:157 | 计算 60 日简单移动平均线完成
2026-03-21 09:50:24 | INFO     | src.indicators.technical_indicators:calculate_sma:157 | 计算 120 日简单移动平均线完成
2026-03-21 09:50:24 | INFO     | src.indicators.technical_indicators:calculate_sma:157 | 计算 250 日简单移动平均线完成
2026-03-21 09:50:24 | INFO     | src.indicators.technical_indicators:calculate_ema:182 | 计算 12 日指数移动平均线完成
2026-03-21 09:50:24 | INFO     | src.indicators.technical_indicators:calculate_ema:182 | 计算 26 日指数移动平均线完成
2026-03-21 09:50:24 | INFO     | src.indicators.technical_indicators:calculate_rsi:221 | 计算 6 日RSI完成
2026-03-21 09:50:24 | INFO     | src.indicators.technical_indicators:calculate_rsi:221 | 计算 12 日RSI完成
2026-03-21 09:50:24 | INFO     | src.indicators.technical_indicators:calculate_rsi:221 | 计算 24 日RSI完成
2026-03-21 09:50:24 | INFO     | src.indicators.technical_indicators:calculate_macd:263 | 计算MACD完成：快线=12, 慢线=26, 信号线=9
2026-03-21 09:50:24 | INFO     | src.indicators.technical_indicators:calculate_macd:263 | 计算MACD完成：快线=12, 慢线=26, 信号线=12
2026-03-21 09:50:24 | INFO     | src.indicators.technical_indicators:calculate_boll:303 | 计算布林带完成：周期=20, 标准差倍数=2
2026-03-21 09:50:24 | INFO     | src.indicators.technical_indicators:calculate_boll:303 | 计算布林带完成：周期=26, 标准差倍数=2
2026-03-21 09:50:24 | INFO     | src.indicators.technical_indicators:calculate_kdj:350 | 计算KDJ完成：K周期=9, D周期=3, J周期=3
2026-03-21 09:50:24 | INFO     | src.indicators.technical_indicators:calculate_kdj:350 | 计算KDJ完成：K周期=10, D周期=3, J周期=3
2026-03-21 09:50:24 | INFO     | src.indicators.technical_indicators:calculate_atr:385 | 计算 10 日ATR完成
2026-03-21 09:50:24 | INFO     | src.indicators.technical_indicators:calculate_cci:446 | 计算 20 日CCI完成
2026-03-21 09:50:24 | INFO     | src.indicators.technical_indicators:calculate_williams_r:476 | 计算 10 日威廉指标完成
2026-03-21 09:50:24 | INFO     | src.indicators.technical_indicators:calculate_ma:133 | 计算 5 日移动平均线完成
2026-03-21 09:50:24 | INFO     | src.indicators.technical_indicators:calculate_bias:500 | 计算 5 日乖离率完成
2026-03-21 09:50:24 | INFO     | src.indicators.technical_indicators:calculate_ma:133 | 计算 10 日移动平均线完成
2026-03-21 09:50:24 | INFO     | src.indicators.technical_indicators:calculate_bias:500 | 计算 10 日乖离率完成
2026-03-21 09:50:24 | INFO     | src.indicators.technical_indicators:calculate_ma:133 | 计算 20 日移动平均线完成
2026-03-21 09:50:24 | INFO     | src.indicators.technical_indicators:calculate_bias:500 | 计算 20 日乖离率完成
2026-03-21 09:50:24 | INFO     | src.indicators.technical_indicators:calculate_ma:133 | 计算 30 日移动平均线完成
2026-03-21 09:50:24 | INFO     | src.indicators.technical_indicators:calculate_bias:500 | 计算 30 日乖离率完成
2026-03-21 09:50:24 | INFO     | src.indicators.technical_indicators:calculate_ma:133 | 计算 60 日移动平均线完成
2026-03-21 09:50:24 | INFO     | src.indicators.technical_indicators:calculate_bias:500 | 计算 60 日乖离率完成
2026-03-21 09:50:24 | INFO     | src.indicators.technical_indicators:calculate_ma:133 | 计算 120 日移动平均线完成
2026-03-21 09:50:24 | INFO     | src.indicators.technical_indicators:calculate_bias:500 | 计算 120 日乖离率完成
2026-03-21 09:50:24 | INFO     | src.indicators.technical_indicators:calculate_ma:133 | 计算 250 日移动平均线完成
2026-03-21 09:50:24 | INFO     | src.indicators.technical_indicators:calculate_bias:500 | 计算 250 日乖离率完成
2026-03-21 09:50:24 | INFO     | src.indicators.technical_indicators:calculate_psy:523 | 计算 10 日心理线完成
2026-03-21 09:50:24 | INFO     | src.indicators.technical_indicators:calculate_all:640 | 完成计算 48 个技术指标
2026-03-21 09:50:24 | INFO     | src.core.data_fetcher:save_data:549 | 保存数据到 csv 文件: 300762_with_indicators
2026-03-21 09:50:24 | INFO     | src.core.data_fetcher:save_data:569 | 数据保存成功: ./data\300762_with_indicators.csv
2026-03-21 09:50:24 | INFO     | __main__:process_single_fund:142 |   对股票 300762 进行信号判断
2026-03-21 09:50:24 | INFO     | src.core.data_fetcher:save_data:549 | 保存数据到 csv 文件: 300762_signals
2026-03-21 09:50:24 | INFO     | src.core.data_fetcher:save_data:569 | 数据保存成功: ./data\300762_signals.csv
2026-03-21 09:50:24 | INFO     | __main__:process_single_fund:170 |   股票 300762 信号判断完成: 持有 (得分: -0.079)
2026-03-21 09:50:24 | INFO     | src.indicators.technical_indicators:calculate_ma:133 | 计算 5 日移动平均线完成
2026-03-21 09:50:24 | INFO     | src.indicators.technical_indicators:calculate_ma:133 | 计算 10 日移动平均线完成
2026-03-21 09:50:24 | INFO     | src.indicators.technical_indicators:calculate_ma:133 | 计算 20 日移动平均线完成
2026-03-21 09:50:24 | INFO     | src.indicators.technical_indicators:calculate_ma:133 | 计算 30 日移动平均线完成
2026-03-21 09:50:24 | INFO     | src.indicators.technical_indicators:calculate_ma:133 | 计算 60 日移动平均线完成
2026-03-21 09:50:24 | INFO     | src.indicators.technical_indicators:calculate_ma:133 | 计算 120 日移动平均线完成
2026-03-21 09:50:24 | INFO     | src.indicators.technical_indicators:calculate_ma:133 | 计算 250 日移动平均线完成
2026-03-21 09:50:24 | INFO     | src.indicators.technical_indicators:calculate_sma:157 | 计算 5 日简单移动平均线完成
2026-03-21 09:50:24 | INFO     | src.indicators.technical_indicators:calculate_sma:157 | 计算 10 日简单移动平均线完成
2026-03-21 09:50:24 | INFO     | src.indicators.technical_indicators:calculate_sma:157 | 计算 20 日简单移动平均线完成
2026-03-21 09:50:24 | INFO     | src.indicators.technical_indicators:calculate_sma:157 | 计算 30 日简单移动平均线完成
2026-03-21 09:50:24 | INFO     | src.indicators.technical_indicators:calculate_sma:157 | 计算 60 日简单移动平均线完成
2026-03-21 09:50:24 | INFO     | src.indicators.technical_indicators:calculate_sma:157 | 计算 120 日简单移动平均线完成
2026-03-21 09:50:24 | INFO     | src.indicators.technical_indicators:calculate_sma:157 | 计算 250 日简单移动平均线完成
2026-03-21 09:50:24 | INFO     | src.indicators.technical_indicators:calculate_ema:182 | 计算 12 日指数移动平均线完成
2026-03-21 09:50:24 | INFO     | src.indicators.technical_indicators:calculate_ema:182 | 计算 26 日指数移动平均线完成
2026-03-21 09:50:24 | INFO     | src.indicators.technical_indicators:calculate_rsi:221 | 计算 6 日RSI完成
2026-03-21 09:50:24 | INFO     | src.indicators.technical_indicators:calculate_rsi:221 | 计算 12 日RSI完成
2026-03-21 09:50:24 | INFO     | src.indicators.technical_indicators:calculate_rsi:221 | 计算 24 日RSI完成
2026-03-21 09:50:24 | INFO     | src.indicators.technical_indicators:calculate_macd:263 | 计算MACD完成：快线=12, 慢线=26, 信号线=9
2026-03-21 09:50:24 | INFO     | src.indicators.technical_indicators:calculate_macd:263 | 计算MACD完成：快线=12, 慢线=26, 信号线=12
2026-03-21 09:50:24 | INFO     | src.indicators.technical_indicators:calculate_boll:303 | 计算布林带完成：周期=20, 标准差倍数=2
2026-03-21 09:50:24 | INFO     | src.indicators.technical_indicators:calculate_boll:303 | 计算布林带完成：周期=26, 标准差倍数=2
2026-03-21 09:50:24 | INFO     | src.indicators.technical_indicators:calculate_kdj:350 | 计算KDJ完成：K周期=9, D周期=3, J周期=3
2026-03-21 09:50:24 | INFO     | src.indicators.technical_indicators:calculate_kdj:350 | 计算KDJ完成：K周期=10, D周期=3, J周期=3
2026-03-21 09:50:24 | INFO     | src.indicators.technical_indicators:calculate_atr:385 | 计算 10 日ATR完成
2026-03-21 09:50:24 | INFO     | src.indicators.technical_indicators:calculate_cci:446 | 计算 20 日CCI完成
2026-03-21 09:50:24 | INFO     | src.indicators.technical_indicators:calculate_williams_r:476 | 计算 10 日威廉指标完成
2026-03-21 09:50:24 | INFO     | src.indicators.technical_indicators:calculate_ma:133 | 计算 5 日移动平均线完成
2026-03-21 09:50:24 | INFO     | src.indicators.technical_indicators:calculate_bias:500 | 计算 5 日乖离率完成
2026-03-21 09:50:24 | INFO     | src.indicators.technical_indicators:calculate_ma:133 | 计算 10 日移动平均线完成
2026-03-21 09:50:24 | INFO     | src.indicators.technical_indicators:calculate_bias:500 | 计算 10 日乖离率完成
2026-03-21 09:50:24 | INFO     | src.indicators.technical_indicators:calculate_ma:133 | 计算 20 日移动平均线完成
2026-03-21 09:50:24 | INFO     | src.indicators.technical_indicators:calculate_bias:500 | 计算 20 日乖离率完成
2026-03-21 09:50:24 | INFO     | src.indicators.technical_indicators:calculate_ma:133 | 计算 30 日移动平均线完成
2026-03-21 09:50:24 | INFO     | src.indicators.technical_indicators:calculate_bias:500 | 计算 30 日乖离率完成
2026-03-21 09:50:24 | INFO     | src.indicators.technical_indicators:calculate_ma:133 | 计算 60 日移动平均线完成
2026-03-21 09:50:24 | INFO     | src.indicators.technical_indicators:calculate_bias:500 | 计算 60 日乖离率完成
2026-03-21 09:50:24 | INFO     | src.indicators.technical_indicators:calculate_ma:133 | 计算 120 日移动平均线完成
2026-03-21 09:50:24 | INFO     | src.indicators.technical_indicators:calculate_bias:500 | 计算 120 日乖离率完成
2026-03-21 09:50:24 | INFO     | src.indicators.technical_indicators:calculate_ma:133 | 计算 250 日移动平均线完成
2026-03-21 09:50:24 | INFO     | src.indicators.technical_indicators:calculate_bias:500 | 计算 250 日乖离率完成
2026-03-21 09:50:24 | INFO     | src.indicators.technical_indicators:calculate_psy:523 | 计算 10 日心理线完成
2026-03-21 09:50:24 | INFO     | src.indicators.technical_indicators:calculate_all:640 | 完成计算 48 个技术指标
2026-03-21 09:50:24 | INFO     | src.core.data_fetcher:save_data:549 | 保存数据到 csv 文件: 002565_with_indicators
2026-03-21 09:50:24 | INFO     | src.core.data_fetcher:save_data:569 | 数据保存成功: ./data\002565_with_indicators.csv
2026-03-21 09:50:24 | INFO     | __main__:process_single_fund:142 |   对股票 002565 进行信号判断
2026-03-21 09:50:24 | INFO     | src.core.data_fetcher:save_data:549 | 保存数据到 csv 文件: 002565_signals
2026-03-21 09:50:24 | INFO     | src.core.data_fetcher:save_data:569 | 数据保存成功: ./data\002565_signals.csv
2026-03-21 09:50:24 | INFO     | __main__:process_single_fund:170 |   股票 002565 信号判断完成: 持有 (得分: 0.034)
2026-03-21 09:50:24 | INFO     | __main__:process_single_fund:191 | 步骤5: 生成汇总报告
2026-03-21 09:50:24 | INFO     | __main__:process_single_fund:195 | ============================================================
2026-03-21 09:50:24 | INFO     | __main__:process_single_fund:196 | 基金 015790 处理完成!
2026-03-21 09:50:24 | INFO     | __main__:process_single_fund:197 | 总股票数: 10
2026-03-21 09:50:24 | INFO     | __main__:process_single_fund:198 | 成功: 10
2026-03-21 09:50:24 | INFO     | __main__:process_single_fund:199 | 失败: 0
2026-03-21 09:50:24 | INFO     | __main__:process_single_fund:200 | ============================================================
2026-03-21 09:50:24 | INFO     | __main__:process_single_fund:209 | 基金 015790 的所有技术指标已保存为 CSV 文件
2026-03-21 09:50:25 | DEBUG    | src.notify.channels.ntfy:send:87 | ntfy 消息发送成功: ✅ 基金 {fund_code} 分析完成
得分: {score:.3f}
建议: {recomme...
2026-03-21 09:50:25 | DEBUG    | src.notify.base:send_with_retry:126 | 通知器 ntfy 发送成功
2026-03-21 09:50:25 | DEBUG    | src.notify.manager:send:140 | 消息发送成功到渠道 ntfy
2026-03-21 09:50:25 | INFO     | __main__:run_technical_workflow:653 | 基金 015790 处理完成
2026-03-21 09:50:25 | INFO     | __main__:run_technical_workflow:654 | ============================================================

2026-03-21 09:50:25 | INFO     | __main__:run_technical_workflow:646 | 
============================================================
2026-03-21 09:50:25 | INFO     | __main__:run_technical_workflow:647 | 开始处理基金: 000001
2026-03-21 09:50:25 | INFO     | __main__:run_technical_workflow:648 | ============================================================
2026-03-21 09:50:25 | INFO     | __main__:process_single_fund:46 | 开始处理基金 000001 的持仓股票技术指标计算
2026-03-21 09:50:26 | DEBUG    | src.notify.channels.ntfy:send:87 | ntfy 消息发送成功: 🔍 开始分析基金 {fund_code}...
2026-03-21 09:50:26 | DEBUG    | src.notify.base:send_with_retry:126 | 通知器 ntfy 发送成功
2026-03-21 09:50:26 | DEBUG    | src.notify.manager:send:140 | 消息发送成功到渠道 ntfy
2026-03-21 09:50:26 | INFO     | __main__:process_single_fund:53 | 步骤1: 获取基金持仓数据
2026-03-21 09:50:26 | INFO     | src.core.data_fetcher:inner:423 | 获取基金 000001 持仓
2026-03-21 09:50:27 | INFO     | __main__:process_single_fund:61 | 步骤2: 过滤最新季度数据
2026-03-21 09:50:27 | INFO     | src.analysis.quarter_filter:filter_latest_quarter_data:63 | 识别到最新季度: 2025年Q4
2026-03-21 09:50:27 | INFO     | src.analysis.quarter_filter:filter_latest_quarter_data:77 | 过滤结果: 从 217 条记录中筛选出 10 条最新季度数据
2026-03-21 09:50:27 | INFO     | __main__:process_single_fund:65 | 最新季度持仓股票数量: 10
2026-03-21 09:50:27 | INFO     | __main__:process_single_fund:66 | 股票代码列表: ['300308', '002475', '688347', '002371', '688256', '601689', '300502', '688041', '688019', '603986']
2026-03-21 09:50:27 | INFO     | __main__:process_single_fund:69 | 步骤3: 批量处理股票数据
2026-03-21 09:50:27 | INFO     | src.data.reader:list_files:221 | 在 data\stock_data 中找到 35 个文件
2026-03-21 09:50:27 | INFO     | src.data.reader:list_stock_files:241 | 找到 35 个股票数据文件
2026-03-21 09:50:27 | INFO     | src.data.reader:read_csv:53 | 读取CSV文件: data\stock_data\300308_kline.csv
2026-03-21 09:50:27 | INFO     | src.data.reader:read_csv:57 | 成功读取 1748 行数据
2026-03-21 09:50:27 | INFO     | src.data.reader:list_files:221 | 在 data\stock_data 中找到 35 个文件
2026-03-21 09:50:27 | INFO     | src.data.reader:list_stock_files:241 | 找到 35 个股票数据文件
2026-03-21 09:50:27 | INFO     | src.data.reader:read_csv:53 | 读取CSV文件: data\stock_data\002475_kline.csv
2026-03-21 09:50:27 | INFO     | src.data.reader:read_csv:57 | 成功读取 1260 行数据
2026-03-21 09:50:27 | INFO     | src.data.reader:list_files:221 | 在 data\stock_data 中找到 35 个文件
2026-03-21 09:50:27 | INFO     | src.data.reader:list_stock_files:241 | 找到 35 个股票数据文件
2026-03-21 09:50:27 | INFO     | src.data.reader:read_csv:53 | 读取CSV文件: data\stock_data\688347_kline.csv
2026-03-21 09:50:27 | INFO     | src.data.reader:read_csv:57 | 成功读取 623 行数据
2026-03-21 09:50:27 | INFO     | src.data.reader:list_files:221 | 在 data\stock_data 中找到 35 个文件
2026-03-21 09:50:27 | INFO     | src.data.reader:list_stock_files:241 | 找到 35 个股票数据文件
2026-03-21 09:50:27 | INFO     | src.data.reader:read_csv:53 | 读取CSV文件: data\stock_data\002371_kline.csv
2026-03-21 09:50:27 | INFO     | src.data.reader:read_csv:57 | 成功读取 1260 行数据
2026-03-21 09:50:27 | INFO     | src.data.reader:list_files:221 | 在 data\stock_data 中找到 35 个文件
2026-03-21 09:50:27 | INFO     | src.data.reader:list_stock_files:241 | 找到 35 个股票数据文件
2026-03-21 09:50:27 | INFO     | src.data.reader:read_csv:53 | 读取CSV文件: data\stock_data\688256_kline.csv
2026-03-21 09:50:27 | INFO     | src.data.reader:read_csv:57 | 成功读取 1374 行数据
2026-03-21 09:50:27 | INFO     | src.data.reader:list_files:221 | 在 data\stock_data 中找到 35 个文件
2026-03-21 09:50:27 | INFO     | src.data.reader:list_stock_files:241 | 找到 35 个股票数据文件
2026-03-21 09:50:27 | INFO     | src.data.reader:read_csv:53 | 读取CSV文件: data\stock_data\601689_kline.csv
2026-03-21 09:50:27 | INFO     | src.data.reader:read_csv:57 | 成功读取 1748 行数据
2026-03-21 09:50:27 | INFO     | src.data.reader:list_files:221 | 在 data\stock_data 中找到 35 个文件
2026-03-21 09:50:27 | INFO     | src.data.reader:list_stock_files:241 | 找到 35 个股票数据文件
2026-03-21 09:50:27 | INFO     | src.data.reader:read_csv:53 | 读取CSV文件: data\stock_data\300502_kline.csv
2026-03-21 09:50:27 | INFO     | src.data.reader:read_csv:57 | 成功读取 1748 行数据
2026-03-21 09:50:27 | INFO     | src.data.reader:list_files:221 | 在 data\stock_data 中找到 35 个文件
2026-03-21 09:50:27 | INFO     | src.data.reader:list_stock_files:241 | 找到 35 个股票数据文件
2026-03-21 09:50:27 | INFO     | src.data.reader:read_csv:53 | 读取CSV文件: data\stock_data\688041_kline.csv
2026-03-21 09:50:27 | INFO     | src.data.reader:read_csv:57 | 成功读取 861 行数据
2026-03-21 09:50:27 | INFO     | src.data.reader:list_files:221 | 在 data\stock_data 中找到 35 个文件
2026-03-21 09:50:27 | INFO     | src.data.reader:list_stock_files:241 | 找到 35 个股票数据文件
2026-03-21 09:50:27 | INFO     | src.data.reader:read_csv:53 | 读取CSV文件: data\stock_data\688019_kline.csv
2026-03-21 09:50:27 | INFO     | src.data.reader:read_csv:57 | 成功读取 1615 行数据
2026-03-21 09:50:27 | INFO     | src.data.reader:list_files:221 | 在 data\stock_data 中找到 35 个文件
2026-03-21 09:50:27 | INFO     | src.data.reader:list_stock_files:241 | 找到 35 个股票数据文件
2026-03-21 09:50:27 | INFO     | src.data.reader:read_csv:53 | 读取CSV文件: data\stock_data\603986_kline.csv
2026-03-21 09:50:27 | INFO     | src.data.reader:read_csv:57 | 成功读取 1747 行数据
2026-03-21 09:50:27 | INFO     | __main__:process_single_fund:109 | 成功获取 10 只股票的数据
2026-03-21 09:50:27 | INFO     | __main__:process_single_fund:116 | 步骤4: 计算技术指标
2026-03-21 09:50:27 | INFO     | src.indicators.technical_indicators:calculate_ma:133 | 计算 5 日移动平均线完成
2026-03-21 09:50:27 | INFO     | src.indicators.technical_indicators:calculate_ma:133 | 计算 10 日移动平均线完成
2026-03-21 09:50:27 | INFO     | src.indicators.technical_indicators:calculate_ma:133 | 计算 20 日移动平均线完成
2026-03-21 09:50:27 | INFO     | src.indicators.technical_indicators:calculate_ma:133 | 计算 30 日移动平均线完成
2026-03-21 09:50:27 | INFO     | src.indicators.technical_indicators:calculate_ma:133 | 计算 60 日移动平均线完成
2026-03-21 09:50:27 | INFO     | src.indicators.technical_indicators:calculate_ma:133 | 计算 120 日移动平均线完成
2026-03-21 09:50:27 | INFO     | src.indicators.technical_indicators:calculate_ma:133 | 计算 250 日移动平均线完成
2026-03-21 09:50:27 | INFO     | src.indicators.technical_indicators:calculate_sma:157 | 计算 5 日简单移动平均线完成
2026-03-21 09:50:27 | INFO     | src.indicators.technical_indicators:calculate_sma:157 | 计算 10 日简单移动平均线完成
2026-03-21 09:50:27 | INFO     | src.indicators.technical_indicators:calculate_sma:157 | 计算 20 日简单移动平均线完成
2026-03-21 09:50:27 | INFO     | src.indicators.technical_indicators:calculate_sma:157 | 计算 30 日简单移动平均线完成
2026-03-21 09:50:27 | INFO     | src.indicators.technical_indicators:calculate_sma:157 | 计算 60 日简单移动平均线完成
2026-03-21 09:50:27 | INFO     | src.indicators.technical_indicators:calculate_sma:157 | 计算 120 日简单移动平均线完成
2026-03-21 09:50:27 | INFO     | src.indicators.technical_indicators:calculate_sma:157 | 计算 250 日简单移动平均线完成
2026-03-21 09:50:27 | INFO     | src.indicators.technical_indicators:calculate_ema:182 | 计算 12 日指数移动平均线完成
2026-03-21 09:50:27 | INFO     | src.indicators.technical_indicators:calculate_ema:182 | 计算 26 日指数移动平均线完成
2026-03-21 09:50:27 | INFO     | src.indicators.technical_indicators:calculate_rsi:221 | 计算 6 日RSI完成
2026-03-21 09:50:27 | INFO     | src.indicators.technical_indicators:calculate_rsi:221 | 计算 12 日RSI完成
2026-03-21 09:50:27 | INFO     | src.indicators.technical_indicators:calculate_rsi:221 | 计算 24 日RSI完成
2026-03-21 09:50:27 | INFO     | src.indicators.technical_indicators:calculate_macd:263 | 计算MACD完成：快线=12, 慢线=26, 信号线=9
2026-03-21 09:50:27 | INFO     | src.indicators.technical_indicators:calculate_macd:263 | 计算MACD完成：快线=12, 慢线=26, 信号线=12
2026-03-21 09:50:27 | INFO     | src.indicators.technical_indicators:calculate_boll:303 | 计算布林带完成：周期=20, 标准差倍数=2
2026-03-21 09:50:27 | INFO     | src.indicators.technical_indicators:calculate_boll:303 | 计算布林带完成：周期=26, 标准差倍数=2
2026-03-21 09:50:27 | INFO     | src.indicators.technical_indicators:calculate_kdj:350 | 计算KDJ完成：K周期=9, D周期=3, J周期=3
2026-03-21 09:50:27 | INFO     | src.indicators.technical_indicators:calculate_kdj:350 | 计算KDJ完成：K周期=10, D周期=3, J周期=3
2026-03-21 09:50:27 | INFO     | src.indicators.technical_indicators:calculate_atr:385 | 计算 10 日ATR完成
2026-03-21 09:50:27 | INFO     | src.indicators.technical_indicators:calculate_cci:446 | 计算 20 日CCI完成
2026-03-21 09:50:27 | INFO     | src.indicators.technical_indicators:calculate_williams_r:476 | 计算 10 日威廉指标完成
2026-03-21 09:50:27 | INFO     | src.indicators.technical_indicators:calculate_ma:133 | 计算 5 日移动平均线完成
2026-03-21 09:50:27 | INFO     | src.indicators.technical_indicators:calculate_bias:500 | 计算 5 日乖离率完成
2026-03-21 09:50:27 | INFO     | src.indicators.technical_indicators:calculate_ma:133 | 计算 10 日移动平均线完成
2026-03-21 09:50:27 | INFO     | src.indicators.technical_indicators:calculate_bias:500 | 计算 10 日乖离率完成
2026-03-21 09:50:27 | INFO     | src.indicators.technical_indicators:calculate_ma:133 | 计算 20 日移动平均线完成
2026-03-21 09:50:27 | INFO     | src.indicators.technical_indicators:calculate_bias:500 | 计算 20 日乖离率完成
2026-03-21 09:50:27 | INFO     | src.indicators.technical_indicators:calculate_ma:133 | 计算 30 日移动平均线完成
2026-03-21 09:50:27 | INFO     | src.indicators.technical_indicators:calculate_bias:500 | 计算 30 日乖离率完成
2026-03-21 09:50:27 | INFO     | src.indicators.technical_indicators:calculate_ma:133 | 计算 60 日移动平均线完成
2026-03-21 09:50:27 | INFO     | src.indicators.technical_indicators:calculate_bias:500 | 计算 60 日乖离率完成
2026-03-21 09:50:27 | INFO     | src.indicators.technical_indicators:calculate_ma:133 | 计算 120 日移动平均线完成
2026-03-21 09:50:27 | INFO     | src.indicators.technical_indicators:calculate_bias:500 | 计算 120 日乖离率完成
2026-03-21 09:50:27 | INFO     | src.indicators.technical_indicators:calculate_ma:133 | 计算 250 日移动平均线完成
2026-03-21 09:50:27 | INFO     | src.indicators.technical_indicators:calculate_bias:500 | 计算 250 日乖离率完成
2026-03-21 09:50:27 | INFO     | src.indicators.technical_indicators:calculate_psy:523 | 计算 10 日心理线完成
2026-03-21 09:50:27 | INFO     | src.indicators.technical_indicators:calculate_all:640 | 完成计算 48 个技术指标
2026-03-21 09:50:27 | INFO     | src.core.data_fetcher:save_data:549 | 保存数据到 csv 文件: 300308_with_indicators
2026-03-21 09:50:27 | INFO     | src.core.data_fetcher:save_data:569 | 数据保存成功: ./data\300308_with_indicators.csv
2026-03-21 09:50:27 | INFO     | __main__:process_single_fund:142 |   对股票 300308 进行信号判断
2026-03-21 09:50:27 | INFO     | src.core.data_fetcher:save_data:549 | 保存数据到 csv 文件: 300308_signals
2026-03-21 09:50:27 | INFO     | src.core.data_fetcher:save_data:569 | 数据保存成功: ./data\300308_signals.csv
2026-03-21 09:50:27 | INFO     | __main__:process_single_fund:170 |   股票 300308 信号判断完成: 持有 (得分: -0.069)
2026-03-21 09:50:27 | INFO     | src.indicators.technical_indicators:calculate_ma:133 | 计算 5 日移动平均线完成
2026-03-21 09:50:27 | INFO     | src.indicators.technical_indicators:calculate_ma:133 | 计算 10 日移动平均线完成
2026-03-21 09:50:27 | INFO     | src.indicators.technical_indicators:calculate_ma:133 | 计算 20 日移动平均线完成
2026-03-21 09:50:27 | INFO     | src.indicators.technical_indicators:calculate_ma:133 | 计算 30 日移动平均线完成
2026-03-21 09:50:27 | INFO     | src.indicators.technical_indicators:calculate_ma:133 | 计算 60 日移动平均线完成
2026-03-21 09:50:27 | INFO     | src.indicators.technical_indicators:calculate_ma:133 | 计算 120 日移动平均线完成
2026-03-21 09:50:27 | INFO     | src.indicators.technical_indicators:calculate_ma:133 | 计算 250 日移动平均线完成
2026-03-21 09:50:27 | INFO     | src.indicators.technical_indicators:calculate_sma:157 | 计算 5 日简单移动平均线完成
2026-03-21 09:50:27 | INFO     | src.indicators.technical_indicators:calculate_sma:157 | 计算 10 日简单移动平均线完成
2026-03-21 09:50:27 | INFO     | src.indicators.technical_indicators:calculate_sma:157 | 计算 20 日简单移动平均线完成
2026-03-21 09:50:27 | INFO     | src.indicators.technical_indicators:calculate_sma:157 | 计算 30 日简单移动平均线完成
2026-03-21 09:50:27 | INFO     | src.indicators.technical_indicators:calculate_sma:157 | 计算 60 日简单移动平均线完成
2026-03-21 09:50:27 | INFO     | src.indicators.technical_indicators:calculate_sma:157 | 计算 120 日简单移动平均线完成
2026-03-21 09:50:27 | INFO     | src.indicators.technical_indicators:calculate_sma:157 | 计算 250 日简单移动平均线完成
2026-03-21 09:50:27 | INFO     | src.indicators.technical_indicators:calculate_ema:182 | 计算 12 日指数移动平均线完成
2026-03-21 09:50:27 | INFO     | src.indicators.technical_indicators:calculate_ema:182 | 计算 26 日指数移动平均线完成
2026-03-21 09:50:27 | INFO     | src.indicators.technical_indicators:calculate_rsi:221 | 计算 6 日RSI完成
2026-03-21 09:50:27 | INFO     | src.indicators.technical_indicators:calculate_rsi:221 | 计算 12 日RSI完成
2026-03-21 09:50:27 | INFO     | src.indicators.technical_indicators:calculate_rsi:221 | 计算 24 日RSI完成
2026-03-21 09:50:27 | INFO     | src.indicators.technical_indicators:calculate_macd:263 | 计算MACD完成：快线=12, 慢线=26, 信号线=9
2026-03-21 09:50:27 | INFO     | src.indicators.technical_indicators:calculate_macd:263 | 计算MACD完成：快线=12, 慢线=26, 信号线=12
2026-03-21 09:50:27 | INFO     | src.indicators.technical_indicators:calculate_boll:303 | 计算布林带完成：周期=20, 标准差倍数=2
2026-03-21 09:50:27 | INFO     | src.indicators.technical_indicators:calculate_boll:303 | 计算布林带完成：周期=26, 标准差倍数=2
2026-03-21 09:50:27 | INFO     | src.indicators.technical_indicators:calculate_kdj:350 | 计算KDJ完成：K周期=9, D周期=3, J周期=3
2026-03-21 09:50:27 | INFO     | src.indicators.technical_indicators:calculate_kdj:350 | 计算KDJ完成：K周期=10, D周期=3, J周期=3
2026-03-21 09:50:27 | INFO     | src.indicators.technical_indicators:calculate_atr:385 | 计算 10 日ATR完成
2026-03-21 09:50:27 | INFO     | src.indicators.technical_indicators:calculate_cci:446 | 计算 20 日CCI完成
2026-03-21 09:50:27 | INFO     | src.indicators.technical_indicators:calculate_williams_r:476 | 计算 10 日威廉指标完成
2026-03-21 09:50:27 | INFO     | src.indicators.technical_indicators:calculate_ma:133 | 计算 5 日移动平均线完成
2026-03-21 09:50:27 | INFO     | src.indicators.technical_indicators:calculate_bias:500 | 计算 5 日乖离率完成
2026-03-21 09:50:27 | INFO     | src.indicators.technical_indicators:calculate_ma:133 | 计算 10 日移动平均线完成
2026-03-21 09:50:27 | INFO     | src.indicators.technical_indicators:calculate_bias:500 | 计算 10 日乖离率完成
2026-03-21 09:50:27 | INFO     | src.indicators.technical_indicators:calculate_ma:133 | 计算 20 日移动平均线完成
2026-03-21 09:50:27 | INFO     | src.indicators.technical_indicators:calculate_bias:500 | 计算 20 日乖离率完成
2026-03-21 09:50:27 | INFO     | src.indicators.technical_indicators:calculate_ma:133 | 计算 30 日移动平均线完成
2026-03-21 09:50:27 | INFO     | src.indicators.technical_indicators:calculate_bias:500 | 计算 30 日乖离率完成
2026-03-21 09:50:27 | INFO     | src.indicators.technical_indicators:calculate_ma:133 | 计算 60 日移动平均线完成
2026-03-21 09:50:27 | INFO     | src.indicators.technical_indicators:calculate_bias:500 | 计算 60 日乖离率完成
2026-03-21 09:50:27 | INFO     | src.indicators.technical_indicators:calculate_ma:133 | 计算 120 日移动平均线完成
2026-03-21 09:50:27 | INFO     | src.indicators.technical_indicators:calculate_bias:500 | 计算 120 日乖离率完成
2026-03-21 09:50:27 | INFO     | src.indicators.technical_indicators:calculate_ma:133 | 计算 250 日移动平均线完成
2026-03-21 09:50:27 | INFO     | src.indicators.technical_indicators:calculate_bias:500 | 计算 250 日乖离率完成
2026-03-21 09:50:27 | INFO     | src.indicators.technical_indicators:calculate_psy:523 | 计算 10 日心理线完成
2026-03-21 09:50:27 | INFO     | src.indicators.technical_indicators:calculate_all:640 | 完成计算 48 个技术指标
2026-03-21 09:50:27 | INFO     | src.core.data_fetcher:save_data:549 | 保存数据到 csv 文件: 002475_with_indicators
2026-03-21 09:50:27 | INFO     | src.core.data_fetcher:save_data:569 | 数据保存成功: ./data\002475_with_indicators.csv
2026-03-21 09:50:27 | INFO     | __main__:process_single_fund:142 |   对股票 002475 进行信号判断
2026-03-21 09:50:27 | INFO     | src.core.data_fetcher:save_data:549 | 保存数据到 csv 文件: 002475_signals
2026-03-21 09:50:27 | INFO     | src.core.data_fetcher:save_data:569 | 数据保存成功: ./data\002475_signals.csv
2026-03-21 09:50:27 | INFO     | __main__:process_single_fund:170 |   股票 002475 信号判断完成: 持有 (得分: -0.136)
2026-03-21 09:50:27 | INFO     | src.indicators.technical_indicators:calculate_ma:133 | 计算 5 日移动平均线完成
2026-03-21 09:50:27 | INFO     | src.indicators.technical_indicators:calculate_ma:133 | 计算 10 日移动平均线完成
2026-03-21 09:50:27 | INFO     | src.indicators.technical_indicators:calculate_ma:133 | 计算 20 日移动平均线完成
2026-03-21 09:50:27 | INFO     | src.indicators.technical_indicators:calculate_ma:133 | 计算 30 日移动平均线完成
2026-03-21 09:50:27 | INFO     | src.indicators.technical_indicators:calculate_ma:133 | 计算 60 日移动平均线完成
2026-03-21 09:50:27 | INFO     | src.indicators.technical_indicators:calculate_ma:133 | 计算 120 日移动平均线完成
2026-03-21 09:50:27 | INFO     | src.indicators.technical_indicators:calculate_ma:133 | 计算 250 日移动平均线完成
2026-03-21 09:50:27 | INFO     | src.indicators.technical_indicators:calculate_sma:157 | 计算 5 日简单移动平均线完成
2026-03-21 09:50:27 | INFO     | src.indicators.technical_indicators:calculate_sma:157 | 计算 10 日简单移动平均线完成
2026-03-21 09:50:27 | INFO     | src.indicators.technical_indicators:calculate_sma:157 | 计算 20 日简单移动平均线完成
2026-03-21 09:50:27 | INFO     | src.indicators.technical_indicators:calculate_sma:157 | 计算 30 日简单移动平均线完成
2026-03-21 09:50:27 | INFO     | src.indicators.technical_indicators:calculate_sma:157 | 计算 60 日简单移动平均线完成
2026-03-21 09:50:27 | INFO     | src.indicators.technical_indicators:calculate_sma:157 | 计算 120 日简单移动平均线完成
2026-03-21 09:50:27 | INFO     | src.indicators.technical_indicators:calculate_sma:157 | 计算 250 日简单移动平均线完成
2026-03-21 09:50:27 | INFO     | src.indicators.technical_indicators:calculate_ema:182 | 计算 12 日指数移动平均线完成
2026-03-21 09:50:27 | INFO     | src.indicators.technical_indicators:calculate_ema:182 | 计算 26 日指数移动平均线完成
2026-03-21 09:50:27 | INFO     | src.indicators.technical_indicators:calculate_rsi:221 | 计算 6 日RSI完成
2026-03-21 09:50:27 | INFO     | src.indicators.technical_indicators:calculate_rsi:221 | 计算 12 日RSI完成
2026-03-21 09:50:27 | INFO     | src.indicators.technical_indicators:calculate_rsi:221 | 计算 24 日RSI完成
2026-03-21 09:50:27 | INFO     | src.indicators.technical_indicators:calculate_macd:263 | 计算MACD完成：快线=12, 慢线=26, 信号线=9
2026-03-21 09:50:27 | INFO     | src.indicators.technical_indicators:calculate_macd:263 | 计算MACD完成：快线=12, 慢线=26, 信号线=12
2026-03-21 09:50:27 | INFO     | src.indicators.technical_indicators:calculate_boll:303 | 计算布林带完成：周期=20, 标准差倍数=2
2026-03-21 09:50:27 | INFO     | src.indicators.technical_indicators:calculate_boll:303 | 计算布林带完成：周期=26, 标准差倍数=2
2026-03-21 09:50:27 | INFO     | src.indicators.technical_indicators:calculate_kdj:350 | 计算KDJ完成：K周期=9, D周期=3, J周期=3
2026-03-21 09:50:27 | INFO     | src.indicators.technical_indicators:calculate_kdj:350 | 计算KDJ完成：K周期=10, D周期=3, J周期=3
2026-03-21 09:50:27 | INFO     | src.indicators.technical_indicators:calculate_atr:385 | 计算 10 日ATR完成
2026-03-21 09:50:27 | INFO     | src.indicators.technical_indicators:calculate_cci:446 | 计算 20 日CCI完成
2026-03-21 09:50:27 | INFO     | src.indicators.technical_indicators:calculate_williams_r:476 | 计算 10 日威廉指标完成
2026-03-21 09:50:27 | INFO     | src.indicators.technical_indicators:calculate_ma:133 | 计算 5 日移动平均线完成
2026-03-21 09:50:27 | INFO     | src.indicators.technical_indicators:calculate_bias:500 | 计算 5 日乖离率完成
2026-03-21 09:50:27 | INFO     | src.indicators.technical_indicators:calculate_ma:133 | 计算 10 日移动平均线完成
2026-03-21 09:50:27 | INFO     | src.indicators.technical_indicators:calculate_bias:500 | 计算 10 日乖离率完成
2026-03-21 09:50:27 | INFO     | src.indicators.technical_indicators:calculate_ma:133 | 计算 20 日移动平均线完成
2026-03-21 09:50:27 | INFO     | src.indicators.technical_indicators:calculate_bias:500 | 计算 20 日乖离率完成
2026-03-21 09:50:27 | INFO     | src.indicators.technical_indicators:calculate_ma:133 | 计算 30 日移动平均线完成
2026-03-21 09:50:27 | INFO     | src.indicators.technical_indicators:calculate_bias:500 | 计算 30 日乖离率完成
2026-03-21 09:50:27 | INFO     | src.indicators.technical_indicators:calculate_ma:133 | 计算 60 日移动平均线完成
2026-03-21 09:50:27 | INFO     | src.indicators.technical_indicators:calculate_bias:500 | 计算 60 日乖离率完成
2026-03-21 09:50:27 | INFO     | src.indicators.technical_indicators:calculate_ma:133 | 计算 120 日移动平均线完成
2026-03-21 09:50:27 | INFO     | src.indicators.technical_indicators:calculate_bias:500 | 计算 120 日乖离率完成
2026-03-21 09:50:27 | INFO     | src.indicators.technical_indicators:calculate_ma:133 | 计算 250 日移动平均线完成
2026-03-21 09:50:27 | INFO     | src.indicators.technical_indicators:calculate_bias:500 | 计算 250 日乖离率完成
2026-03-21 09:50:27 | INFO     | src.indicators.technical_indicators:calculate_psy:523 | 计算 10 日心理线完成
2026-03-21 09:50:27 | INFO     | src.indicators.technical_indicators:calculate_all:640 | 完成计算 48 个技术指标
2026-03-21 09:50:27 | INFO     | src.core.data_fetcher:save_data:549 | 保存数据到 csv 文件: 688347_with_indicators
2026-03-21 09:50:27 | INFO     | src.core.data_fetcher:save_data:569 | 数据保存成功: ./data\688347_with_indicators.csv
2026-03-21 09:50:27 | INFO     | __main__:process_single_fund:142 |   对股票 688347 进行信号判断
2026-03-21 09:50:27 | INFO     | src.core.data_fetcher:save_data:549 | 保存数据到 csv 文件: 688347_signals
2026-03-21 09:50:27 | INFO     | src.core.data_fetcher:save_data:569 | 数据保存成功: ./data\688347_signals.csv
2026-03-21 09:50:27 | INFO     | __main__:process_single_fund:170 |   股票 688347 信号判断完成: 卖出 (得分: -0.222)
2026-03-21 09:50:27 | INFO     | src.indicators.technical_indicators:calculate_ma:133 | 计算 5 日移动平均线完成
2026-03-21 09:50:27 | INFO     | src.indicators.technical_indicators:calculate_ma:133 | 计算 10 日移动平均线完成
2026-03-21 09:50:27 | INFO     | src.indicators.technical_indicators:calculate_ma:133 | 计算 20 日移动平均线完成
2026-03-21 09:50:27 | INFO     | src.indicators.technical_indicators:calculate_ma:133 | 计算 30 日移动平均线完成
2026-03-21 09:50:27 | INFO     | src.indicators.technical_indicators:calculate_ma:133 | 计算 60 日移动平均线完成
2026-03-21 09:50:27 | INFO     | src.indicators.technical_indicators:calculate_ma:133 | 计算 120 日移动平均线完成
2026-03-21 09:50:27 | INFO     | src.indicators.technical_indicators:calculate_ma:133 | 计算 250 日移动平均线完成
2026-03-21 09:50:27 | INFO     | src.indicators.technical_indicators:calculate_sma:157 | 计算 5 日简单移动平均线完成
2026-03-21 09:50:27 | INFO     | src.indicators.technical_indicators:calculate_sma:157 | 计算 10 日简单移动平均线完成
2026-03-21 09:50:27 | INFO     | src.indicators.technical_indicators:calculate_sma:157 | 计算 20 日简单移动平均线完成
2026-03-21 09:50:27 | INFO     | src.indicators.technical_indicators:calculate_sma:157 | 计算 30 日简单移动平均线完成
2026-03-21 09:50:27 | INFO     | src.indicators.technical_indicators:calculate_sma:157 | 计算 60 日简单移动平均线完成
2026-03-21 09:50:27 | INFO     | src.indicators.technical_indicators:calculate_sma:157 | 计算 120 日简单移动平均线完成
2026-03-21 09:50:27 | INFO     | src.indicators.technical_indicators:calculate_sma:157 | 计算 250 日简单移动平均线完成
2026-03-21 09:50:27 | INFO     | src.indicators.technical_indicators:calculate_ema:182 | 计算 12 日指数移动平均线完成
2026-03-21 09:50:27 | INFO     | src.indicators.technical_indicators:calculate_ema:182 | 计算 26 日指数移动平均线完成
2026-03-21 09:50:27 | INFO     | src.indicators.technical_indicators:calculate_rsi:221 | 计算 6 日RSI完成
2026-03-21 09:50:27 | INFO     | src.indicators.technical_indicators:calculate_rsi:221 | 计算 12 日RSI完成
2026-03-21 09:50:27 | INFO     | src.indicators.technical_indicators:calculate_rsi:221 | 计算 24 日RSI完成
2026-03-21 09:50:27 | INFO     | src.indicators.technical_indicators:calculate_macd:263 | 计算MACD完成：快线=12, 慢线=26, 信号线=9
2026-03-21 09:50:27 | INFO     | src.indicators.technical_indicators:calculate_macd:263 | 计算MACD完成：快线=12, 慢线=26, 信号线=12
2026-03-21 09:50:27 | INFO     | src.indicators.technical_indicators:calculate_boll:303 | 计算布林带完成：周期=20, 标准差倍数=2
2026-03-21 09:50:27 | INFO     | src.indicators.technical_indicators:calculate_boll:303 | 计算布林带完成：周期=26, 标准差倍数=2
2026-03-21 09:50:27 | INFO     | src.indicators.technical_indicators:calculate_kdj:350 | 计算KDJ完成：K周期=9, D周期=3, J周期=3
2026-03-21 09:50:27 | INFO     | src.indicators.technical_indicators:calculate_kdj:350 | 计算KDJ完成：K周期=10, D周期=3, J周期=3
2026-03-21 09:50:27 | INFO     | src.indicators.technical_indicators:calculate_atr:385 | 计算 10 日ATR完成
2026-03-21 09:50:27 | INFO     | src.indicators.technical_indicators:calculate_cci:446 | 计算 20 日CCI完成
2026-03-21 09:50:27 | INFO     | src.indicators.technical_indicators:calculate_williams_r:476 | 计算 10 日威廉指标完成
2026-03-21 09:50:27 | INFO     | src.indicators.technical_indicators:calculate_ma:133 | 计算 5 日移动平均线完成
2026-03-21 09:50:27 | INFO     | src.indicators.technical_indicators:calculate_bias:500 | 计算 5 日乖离率完成
2026-03-21 09:50:27 | INFO     | src.indicators.technical_indicators:calculate_ma:133 | 计算 10 日移动平均线完成
2026-03-21 09:50:27 | INFO     | src.indicators.technical_indicators:calculate_bias:500 | 计算 10 日乖离率完成
2026-03-21 09:50:27 | INFO     | src.indicators.technical_indicators:calculate_ma:133 | 计算 20 日移动平均线完成
2026-03-21 09:50:27 | INFO     | src.indicators.technical_indicators:calculate_bias:500 | 计算 20 日乖离率完成
2026-03-21 09:50:27 | INFO     | src.indicators.technical_indicators:calculate_ma:133 | 计算 30 日移动平均线完成
2026-03-21 09:50:27 | INFO     | src.indicators.technical_indicators:calculate_bias:500 | 计算 30 日乖离率完成
2026-03-21 09:50:27 | INFO     | src.indicators.technical_indicators:calculate_ma:133 | 计算 60 日移动平均线完成
2026-03-21 09:50:27 | INFO     | src.indicators.technical_indicators:calculate_bias:500 | 计算 60 日乖离率完成
2026-03-21 09:50:27 | INFO     | src.indicators.technical_indicators:calculate_ma:133 | 计算 120 日移动平均线完成
2026-03-21 09:50:27 | INFO     | src.indicators.technical_indicators:calculate_bias:500 | 计算 120 日乖离率完成
2026-03-21 09:50:27 | INFO     | src.indicators.technical_indicators:calculate_ma:133 | 计算 250 日移动平均线完成
2026-03-21 09:50:28 | INFO     | src.indicators.technical_indicators:calculate_bias:500 | 计算 250 日乖离率完成
2026-03-21 09:50:28 | INFO     | src.indicators.technical_indicators:calculate_psy:523 | 计算 10 日心理线完成
2026-03-21 09:50:28 | INFO     | src.indicators.technical_indicators:calculate_all:640 | 完成计算 48 个技术指标
2026-03-21 09:50:28 | INFO     | src.core.data_fetcher:save_data:549 | 保存数据到 csv 文件: 002371_with_indicators
2026-03-21 09:50:28 | INFO     | src.core.data_fetcher:save_data:569 | 数据保存成功: ./data\002371_with_indicators.csv
2026-03-21 09:50:28 | INFO     | __main__:process_single_fund:142 |   对股票 002371 进行信号判断
2026-03-21 09:50:28 | INFO     | src.core.data_fetcher:save_data:549 | 保存数据到 csv 文件: 002371_signals
2026-03-21 09:50:28 | INFO     | src.core.data_fetcher:save_data:569 | 数据保存成功: ./data\002371_signals.csv
2026-03-21 09:50:28 | INFO     | __main__:process_single_fund:170 |   股票 002371 信号判断完成: 买入 (得分: 0.360)
2026-03-21 09:50:28 | INFO     | src.indicators.technical_indicators:calculate_ma:133 | 计算 5 日移动平均线完成
2026-03-21 09:50:28 | INFO     | src.indicators.technical_indicators:calculate_ma:133 | 计算 10 日移动平均线完成
2026-03-21 09:50:28 | INFO     | src.indicators.technical_indicators:calculate_ma:133 | 计算 20 日移动平均线完成
2026-03-21 09:50:28 | INFO     | src.indicators.technical_indicators:calculate_ma:133 | 计算 30 日移动平均线完成
2026-03-21 09:50:28 | INFO     | src.indicators.technical_indicators:calculate_ma:133 | 计算 60 日移动平均线完成
2026-03-21 09:50:28 | INFO     | src.indicators.technical_indicators:calculate_ma:133 | 计算 120 日移动平均线完成
2026-03-21 09:50:28 | INFO     | src.indicators.technical_indicators:calculate_ma:133 | 计算 250 日移动平均线完成
2026-03-21 09:50:28 | INFO     | src.indicators.technical_indicators:calculate_sma:157 | 计算 5 日简单移动平均线完成
2026-03-21 09:50:28 | INFO     | src.indicators.technical_indicators:calculate_sma:157 | 计算 10 日简单移动平均线完成
2026-03-21 09:50:28 | INFO     | src.indicators.technical_indicators:calculate_sma:157 | 计算 20 日简单移动平均线完成
2026-03-21 09:50:28 | INFO     | src.indicators.technical_indicators:calculate_sma:157 | 计算 30 日简单移动平均线完成
2026-03-21 09:50:28 | INFO     | src.indicators.technical_indicators:calculate_sma:157 | 计算 60 日简单移动平均线完成
2026-03-21 09:50:28 | INFO     | src.indicators.technical_indicators:calculate_sma:157 | 计算 120 日简单移动平均线完成
2026-03-21 09:50:28 | INFO     | src.indicators.technical_indicators:calculate_sma:157 | 计算 250 日简单移动平均线完成
2026-03-21 09:50:28 | INFO     | src.indicators.technical_indicators:calculate_ema:182 | 计算 12 日指数移动平均线完成
2026-03-21 09:50:28 | INFO     | src.indicators.technical_indicators:calculate_ema:182 | 计算 26 日指数移动平均线完成
2026-03-21 09:50:28 | INFO     | src.indicators.technical_indicators:calculate_rsi:221 | 计算 6 日RSI完成
2026-03-21 09:50:28 | INFO     | src.indicators.technical_indicators:calculate_rsi:221 | 计算 12 日RSI完成
2026-03-21 09:50:28 | INFO     | src.indicators.technical_indicators:calculate_rsi:221 | 计算 24 日RSI完成
2026-03-21 09:50:28 | INFO     | src.indicators.technical_indicators:calculate_macd:263 | 计算MACD完成：快线=12, 慢线=26, 信号线=9
2026-03-21 09:50:28 | INFO     | src.indicators.technical_indicators:calculate_macd:263 | 计算MACD完成：快线=12, 慢线=26, 信号线=12
2026-03-21 09:50:28 | INFO     | src.indicators.technical_indicators:calculate_boll:303 | 计算布林带完成：周期=20, 标准差倍数=2
2026-03-21 09:50:28 | INFO     | src.indicators.technical_indicators:calculate_boll:303 | 计算布林带完成：周期=26, 标准差倍数=2
2026-03-21 09:50:28 | INFO     | src.indicators.technical_indicators:calculate_kdj:350 | 计算KDJ完成：K周期=9, D周期=3, J周期=3
2026-03-21 09:50:28 | INFO     | src.indicators.technical_indicators:calculate_kdj:350 | 计算KDJ完成：K周期=10, D周期=3, J周期=3
2026-03-21 09:50:28 | INFO     | src.indicators.technical_indicators:calculate_atr:385 | 计算 10 日ATR完成
2026-03-21 09:50:28 | INFO     | src.indicators.technical_indicators:calculate_cci:446 | 计算 20 日CCI完成
2026-03-21 09:50:28 | INFO     | src.indicators.technical_indicators:calculate_williams_r:476 | 计算 10 日威廉指标完成
2026-03-21 09:50:28 | INFO     | src.indicators.technical_indicators:calculate_ma:133 | 计算 5 日移动平均线完成
2026-03-21 09:50:28 | INFO     | src.indicators.technical_indicators:calculate_bias:500 | 计算 5 日乖离率完成
2026-03-21 09:50:28 | INFO     | src.indicators.technical_indicators:calculate_ma:133 | 计算 10 日移动平均线完成
2026-03-21 09:50:28 | INFO     | src.indicators.technical_indicators:calculate_bias:500 | 计算 10 日乖离率完成
2026-03-21 09:50:28 | INFO     | src.indicators.technical_indicators:calculate_ma:133 | 计算 20 日移动平均线完成
2026-03-21 09:50:28 | INFO     | src.indicators.technical_indicators:calculate_bias:500 | 计算 20 日乖离率完成
2026-03-21 09:50:28 | INFO     | src.indicators.technical_indicators:calculate_ma:133 | 计算 30 日移动平均线完成
2026-03-21 09:50:28 | INFO     | src.indicators.technical_indicators:calculate_bias:500 | 计算 30 日乖离率完成
2026-03-21 09:50:28 | INFO     | src.indicators.technical_indicators:calculate_ma:133 | 计算 60 日移动平均线完成
2026-03-21 09:50:28 | INFO     | src.indicators.technical_indicators:calculate_bias:500 | 计算 60 日乖离率完成
2026-03-21 09:50:28 | INFO     | src.indicators.technical_indicators:calculate_ma:133 | 计算 120 日移动平均线完成
2026-03-21 09:50:28 | INFO     | src.indicators.technical_indicators:calculate_bias:500 | 计算 120 日乖离率完成
2026-03-21 09:50:28 | INFO     | src.indicators.technical_indicators:calculate_ma:133 | 计算 250 日移动平均线完成
2026-03-21 09:50:28 | INFO     | src.indicators.technical_indicators:calculate_bias:500 | 计算 250 日乖离率完成
2026-03-21 09:50:28 | INFO     | src.indicators.technical_indicators:calculate_psy:523 | 计算 10 日心理线完成
2026-03-21 09:50:28 | INFO     | src.indicators.technical_indicators:calculate_all:640 | 完成计算 48 个技术指标
2026-03-21 09:50:28 | INFO     | src.core.data_fetcher:save_data:549 | 保存数据到 csv 文件: 688256_with_indicators
2026-03-21 09:50:28 | INFO     | src.core.data_fetcher:save_data:569 | 数据保存成功: ./data\688256_with_indicators.csv
2026-03-21 09:50:28 | INFO     | __main__:process_single_fund:142 |   对股票 688256 进行信号判断
2026-03-21 09:50:28 | INFO     | src.core.data_fetcher:save_data:549 | 保存数据到 csv 文件: 688256_signals
2026-03-21 09:50:28 | INFO     | src.core.data_fetcher:save_data:569 | 数据保存成功: ./data\688256_signals.csv
2026-03-21 09:50:28 | INFO     | __main__:process_single_fund:170 |   股票 688256 信号判断完成: 买入 (得分: 0.236)
2026-03-21 09:50:28 | INFO     | src.indicators.technical_indicators:calculate_ma:133 | 计算 5 日移动平均线完成
2026-03-21 09:50:28 | INFO     | src.indicators.technical_indicators:calculate_ma:133 | 计算 10 日移动平均线完成
2026-03-21 09:50:28 | INFO     | src.indicators.technical_indicators:calculate_ma:133 | 计算 20 日移动平均线完成
2026-03-21 09:50:28 | INFO     | src.indicators.technical_indicators:calculate_ma:133 | 计算 30 日移动平均线完成
2026-03-21 09:50:28 | INFO     | src.indicators.technical_indicators:calculate_ma:133 | 计算 60 日移动平均线完成
2026-03-21 09:50:28 | INFO     | src.indicators.technical_indicators:calculate_ma:133 | 计算 120 日移动平均线完成
2026-03-21 09:50:28 | INFO     | src.indicators.technical_indicators:calculate_ma:133 | 计算 250 日移动平均线完成
2026-03-21 09:50:28 | INFO     | src.indicators.technical_indicators:calculate_sma:157 | 计算 5 日简单移动平均线完成
2026-03-21 09:50:28 | INFO     | src.indicators.technical_indicators:calculate_sma:157 | 计算 10 日简单移动平均线完成
2026-03-21 09:50:28 | INFO     | src.indicators.technical_indicators:calculate_sma:157 | 计算 20 日简单移动平均线完成
2026-03-21 09:50:28 | INFO     | src.indicators.technical_indicators:calculate_sma:157 | 计算 30 日简单移动平均线完成
2026-03-21 09:50:28 | INFO     | src.indicators.technical_indicators:calculate_sma:157 | 计算 60 日简单移动平均线完成
2026-03-21 09:50:28 | INFO     | src.indicators.technical_indicators:calculate_sma:157 | 计算 120 日简单移动平均线完成
2026-03-21 09:50:28 | INFO     | src.indicators.technical_indicators:calculate_sma:157 | 计算 250 日简单移动平均线完成
2026-03-21 09:50:28 | INFO     | src.indicators.technical_indicators:calculate_ema:182 | 计算 12 日指数移动平均线完成
2026-03-21 09:50:28 | INFO     | src.indicators.technical_indicators:calculate_ema:182 | 计算 26 日指数移动平均线完成
2026-03-21 09:50:28 | INFO     | src.indicators.technical_indicators:calculate_rsi:221 | 计算 6 日RSI完成
2026-03-21 09:50:28 | INFO     | src.indicators.technical_indicators:calculate_rsi:221 | 计算 12 日RSI完成
2026-03-21 09:50:28 | INFO     | src.indicators.technical_indicators:calculate_rsi:221 | 计算 24 日RSI完成
2026-03-21 09:50:28 | INFO     | src.indicators.technical_indicators:calculate_macd:263 | 计算MACD完成：快线=12, 慢线=26, 信号线=9
2026-03-21 09:50:28 | INFO     | src.indicators.technical_indicators:calculate_macd:263 | 计算MACD完成：快线=12, 慢线=26, 信号线=12
2026-03-21 09:50:28 | INFO     | src.indicators.technical_indicators:calculate_boll:303 | 计算布林带完成：周期=20, 标准差倍数=2
2026-03-21 09:50:28 | INFO     | src.indicators.technical_indicators:calculate_boll:303 | 计算布林带完成：周期=26, 标准差倍数=2
2026-03-21 09:50:28 | INFO     | src.indicators.technical_indicators:calculate_kdj:350 | 计算KDJ完成：K周期=9, D周期=3, J周期=3
2026-03-21 09:50:28 | INFO     | src.indicators.technical_indicators:calculate_kdj:350 | 计算KDJ完成：K周期=10, D周期=3, J周期=3
2026-03-21 09:50:28 | INFO     | src.indicators.technical_indicators:calculate_atr:385 | 计算 10 日ATR完成
2026-03-21 09:50:28 | INFO     | src.indicators.technical_indicators:calculate_cci:446 | 计算 20 日CCI完成
2026-03-21 09:50:28 | INFO     | src.indicators.technical_indicators:calculate_williams_r:476 | 计算 10 日威廉指标完成
2026-03-21 09:50:28 | INFO     | src.indicators.technical_indicators:calculate_ma:133 | 计算 5 日移动平均线完成
2026-03-21 09:50:28 | INFO     | src.indicators.technical_indicators:calculate_bias:500 | 计算 5 日乖离率完成
2026-03-21 09:50:28 | INFO     | src.indicators.technical_indicators:calculate_ma:133 | 计算 10 日移动平均线完成
2026-03-21 09:50:28 | INFO     | src.indicators.technical_indicators:calculate_bias:500 | 计算 10 日乖离率完成
2026-03-21 09:50:28 | INFO     | src.indicators.technical_indicators:calculate_ma:133 | 计算 20 日移动平均线完成
2026-03-21 09:50:28 | INFO     | src.indicators.technical_indicators:calculate_bias:500 | 计算 20 日乖离率完成
2026-03-21 09:50:28 | INFO     | src.indicators.technical_indicators:calculate_ma:133 | 计算 30 日移动平均线完成
2026-03-21 09:50:28 | INFO     | src.indicators.technical_indicators:calculate_bias:500 | 计算 30 日乖离率完成
2026-03-21 09:50:28 | INFO     | src.indicators.technical_indicators:calculate_ma:133 | 计算 60 日移动平均线完成
2026-03-21 09:50:28 | INFO     | src.indicators.technical_indicators:calculate_bias:500 | 计算 60 日乖离率完成
2026-03-21 09:50:28 | INFO     | src.indicators.technical_indicators:calculate_ma:133 | 计算 120 日移动平均线完成
2026-03-21 09:50:28 | INFO     | src.indicators.technical_indicators:calculate_bias:500 | 计算 120 日乖离率完成
2026-03-21 09:50:28 | INFO     | src.indicators.technical_indicators:calculate_ma:133 | 计算 250 日移动平均线完成
2026-03-21 09:50:28 | INFO     | src.indicators.technical_indicators:calculate_bias:500 | 计算 250 日乖离率完成
2026-03-21 09:50:28 | INFO     | src.indicators.technical_indicators:calculate_psy:523 | 计算 10 日心理线完成
2026-03-21 09:50:28 | INFO     | src.indicators.technical_indicators:calculate_all:640 | 完成计算 48 个技术指标
2026-03-21 09:50:28 | INFO     | src.core.data_fetcher:save_data:549 | 保存数据到 csv 文件: 601689_with_indicators
2026-03-21 09:50:28 | INFO     | src.core.data_fetcher:save_data:569 | 数据保存成功: ./data\601689_with_indicators.csv
2026-03-21 09:50:28 | INFO     | __main__:process_single_fund:142 |   对股票 601689 进行信号判断
2026-03-21 09:50:28 | INFO     | src.core.data_fetcher:save_data:549 | 保存数据到 csv 文件: 601689_signals
2026-03-21 09:50:28 | INFO     | src.core.data_fetcher:save_data:569 | 数据保存成功: ./data\601689_signals.csv
2026-03-21 09:50:28 | INFO     | __main__:process_single_fund:170 |   股票 601689 信号判断完成: 持有 (得分: 0.186)
2026-03-21 09:50:28 | INFO     | src.indicators.technical_indicators:calculate_ma:133 | 计算 5 日移动平均线完成
2026-03-21 09:50:28 | INFO     | src.indicators.technical_indicators:calculate_ma:133 | 计算 10 日移动平均线完成
2026-03-21 09:50:28 | INFO     | src.indicators.technical_indicators:calculate_ma:133 | 计算 20 日移动平均线完成
2026-03-21 09:50:28 | INFO     | src.indicators.technical_indicators:calculate_ma:133 | 计算 30 日移动平均线完成
2026-03-21 09:50:28 | INFO     | src.indicators.technical_indicators:calculate_ma:133 | 计算 60 日移动平均线完成
2026-03-21 09:50:28 | INFO     | src.indicators.technical_indicators:calculate_ma:133 | 计算 120 日移动平均线完成
2026-03-21 09:50:28 | INFO     | src.indicators.technical_indicators:calculate_ma:133 | 计算 250 日移动平均线完成
2026-03-21 09:50:28 | INFO     | src.indicators.technical_indicators:calculate_sma:157 | 计算 5 日简单移动平均线完成
2026-03-21 09:50:28 | INFO     | src.indicators.technical_indicators:calculate_sma:157 | 计算 10 日简单移动平均线完成
2026-03-21 09:50:28 | INFO     | src.indicators.technical_indicators:calculate_sma:157 | 计算 20 日简单移动平均线完成
2026-03-21 09:50:28 | INFO     | src.indicators.technical_indicators:calculate_sma:157 | 计算 30 日简单移动平均线完成
2026-03-21 09:50:28 | INFO     | src.indicators.technical_indicators:calculate_sma:157 | 计算 60 日简单移动平均线完成
2026-03-21 09:50:28 | INFO     | src.indicators.technical_indicators:calculate_sma:157 | 计算 120 日简单移动平均线完成
2026-03-21 09:50:28 | INFO     | src.indicators.technical_indicators:calculate_sma:157 | 计算 250 日简单移动平均线完成
2026-03-21 09:50:28 | INFO     | src.indicators.technical_indicators:calculate_ema:182 | 计算 12 日指数移动平均线完成
2026-03-21 09:50:28 | INFO     | src.indicators.technical_indicators:calculate_ema:182 | 计算 26 日指数移动平均线完成
2026-03-21 09:50:28 | INFO     | src.indicators.technical_indicators:calculate_rsi:221 | 计算 6 日RSI完成
2026-03-21 09:50:28 | INFO     | src.indicators.technical_indicators:calculate_rsi:221 | 计算 12 日RSI完成
2026-03-21 09:50:28 | INFO     | src.indicators.technical_indicators:calculate_rsi:221 | 计算 24 日RSI完成
2026-03-21 09:50:28 | INFO     | src.indicators.technical_indicators:calculate_macd:263 | 计算MACD完成：快线=12, 慢线=26, 信号线=9
2026-03-21 09:50:28 | INFO     | src.indicators.technical_indicators:calculate_macd:263 | 计算MACD完成：快线=12, 慢线=26, 信号线=12
2026-03-21 09:50:28 | INFO     | src.indicators.technical_indicators:calculate_boll:303 | 计算布林带完成：周期=20, 标准差倍数=2
2026-03-21 09:50:28 | INFO     | src.indicators.technical_indicators:calculate_boll:303 | 计算布林带完成：周期=26, 标准差倍数=2
2026-03-21 09:50:28 | INFO     | src.indicators.technical_indicators:calculate_kdj:350 | 计算KDJ完成：K周期=9, D周期=3, J周期=3
2026-03-21 09:50:28 | INFO     | src.indicators.technical_indicators:calculate_kdj:350 | 计算KDJ完成：K周期=10, D周期=3, J周期=3
2026-03-21 09:50:28 | INFO     | src.indicators.technical_indicators:calculate_atr:385 | 计算 10 日ATR完成
2026-03-21 09:50:28 | INFO     | src.indicators.technical_indicators:calculate_cci:446 | 计算 20 日CCI完成
2026-03-21 09:50:28 | INFO     | src.indicators.technical_indicators:calculate_williams_r:476 | 计算 10 日威廉指标完成
2026-03-21 09:50:28 | INFO     | src.indicators.technical_indicators:calculate_ma:133 | 计算 5 日移动平均线完成
2026-03-21 09:50:28 | INFO     | src.indicators.technical_indicators:calculate_bias:500 | 计算 5 日乖离率完成
2026-03-21 09:50:28 | INFO     | src.indicators.technical_indicators:calculate_ma:133 | 计算 10 日移动平均线完成
2026-03-21 09:50:28 | INFO     | src.indicators.technical_indicators:calculate_bias:500 | 计算 10 日乖离率完成
2026-03-21 09:50:28 | INFO     | src.indicators.technical_indicators:calculate_ma:133 | 计算 20 日移动平均线完成
2026-03-21 09:50:28 | INFO     | src.indicators.technical_indicators:calculate_bias:500 | 计算 20 日乖离率完成
2026-03-21 09:50:28 | INFO     | src.indicators.technical_indicators:calculate_ma:133 | 计算 30 日移动平均线完成
2026-03-21 09:50:28 | INFO     | src.indicators.technical_indicators:calculate_bias:500 | 计算 30 日乖离率完成
2026-03-21 09:50:28 | INFO     | src.indicators.technical_indicators:calculate_ma:133 | 计算 60 日移动平均线完成
2026-03-21 09:50:28 | INFO     | src.indicators.technical_indicators:calculate_bias:500 | 计算 60 日乖离率完成
2026-03-21 09:50:28 | INFO     | src.indicators.technical_indicators:calculate_ma:133 | 计算 120 日移动平均线完成
2026-03-21 09:50:28 | INFO     | src.indicators.technical_indicators:calculate_bias:500 | 计算 120 日乖离率完成
2026-03-21 09:50:28 | INFO     | src.indicators.technical_indicators:calculate_ma:133 | 计算 250 日移动平均线完成
2026-03-21 09:50:28 | INFO     | src.indicators.technical_indicators:calculate_bias:500 | 计算 250 日乖离率完成
2026-03-21 09:50:28 | INFO     | src.indicators.technical_indicators:calculate_psy:523 | 计算 10 日心理线完成
2026-03-21 09:50:28 | INFO     | src.indicators.technical_indicators:calculate_all:640 | 完成计算 48 个技术指标
2026-03-21 09:50:28 | INFO     | src.core.data_fetcher:save_data:549 | 保存数据到 csv 文件: 300502_with_indicators
2026-03-21 09:50:28 | INFO     | src.core.data_fetcher:save_data:569 | 数据保存成功: ./data\300502_with_indicators.csv
2026-03-21 09:50:28 | INFO     | __main__:process_single_fund:142 |   对股票 300502 进行信号判断
2026-03-21 09:50:28 | INFO     | src.core.data_fetcher:save_data:549 | 保存数据到 csv 文件: 300502_signals
2026-03-21 09:50:28 | INFO     | src.core.data_fetcher:save_data:569 | 数据保存成功: ./data\300502_signals.csv
2026-03-21 09:50:28 | INFO     | __main__:process_single_fund:170 |   股票 300502 信号判断完成: 持有 (得分: -0.052)
2026-03-21 09:50:28 | INFO     | src.indicators.technical_indicators:calculate_ma:133 | 计算 5 日移动平均线完成
2026-03-21 09:50:28 | INFO     | src.indicators.technical_indicators:calculate_ma:133 | 计算 10 日移动平均线完成
2026-03-21 09:50:28 | INFO     | src.indicators.technical_indicators:calculate_ma:133 | 计算 20 日移动平均线完成
2026-03-21 09:50:28 | INFO     | src.indicators.technical_indicators:calculate_ma:133 | 计算 30 日移动平均线完成
2026-03-21 09:50:28 | INFO     | src.indicators.technical_indicators:calculate_ma:133 | 计算 60 日移动平均线完成
2026-03-21 09:50:28 | INFO     | src.indicators.technical_indicators:calculate_ma:133 | 计算 120 日移动平均线完成
2026-03-21 09:50:28 | INFO     | src.indicators.technical_indicators:calculate_ma:133 | 计算 250 日移动平均线完成
2026-03-21 09:50:28 | INFO     | src.indicators.technical_indicators:calculate_sma:157 | 计算 5 日简单移动平均线完成
2026-03-21 09:50:28 | INFO     | src.indicators.technical_indicators:calculate_sma:157 | 计算 10 日简单移动平均线完成
2026-03-21 09:50:28 | INFO     | src.indicators.technical_indicators:calculate_sma:157 | 计算 20 日简单移动平均线完成
2026-03-21 09:50:28 | INFO     | src.indicators.technical_indicators:calculate_sma:157 | 计算 30 日简单移动平均线完成
2026-03-21 09:50:28 | INFO     | src.indicators.technical_indicators:calculate_sma:157 | 计算 60 日简单移动平均线完成
2026-03-21 09:50:28 | INFO     | src.indicators.technical_indicators:calculate_sma:157 | 计算 120 日简单移动平均线完成
2026-03-21 09:50:28 | INFO     | src.indicators.technical_indicators:calculate_sma:157 | 计算 250 日简单移动平均线完成
2026-03-21 09:50:28 | INFO     | src.indicators.technical_indicators:calculate_ema:182 | 计算 12 日指数移动平均线完成
2026-03-21 09:50:28 | INFO     | src.indicators.technical_indicators:calculate_ema:182 | 计算 26 日指数移动平均线完成
2026-03-21 09:50:28 | INFO     | src.indicators.technical_indicators:calculate_rsi:221 | 计算 6 日RSI完成
2026-03-21 09:50:28 | INFO     | src.indicators.technical_indicators:calculate_rsi:221 | 计算 12 日RSI完成
2026-03-21 09:50:28 | INFO     | src.indicators.technical_indicators:calculate_rsi:221 | 计算 24 日RSI完成
2026-03-21 09:50:28 | INFO     | src.indicators.technical_indicators:calculate_macd:263 | 计算MACD完成：快线=12, 慢线=26, 信号线=9
2026-03-21 09:50:28 | INFO     | src.indicators.technical_indicators:calculate_macd:263 | 计算MACD完成：快线=12, 慢线=26, 信号线=12
2026-03-21 09:50:28 | INFO     | src.indicators.technical_indicators:calculate_boll:303 | 计算布林带完成：周期=20, 标准差倍数=2
2026-03-21 09:50:28 | INFO     | src.indicators.technical_indicators:calculate_boll:303 | 计算布林带完成：周期=26, 标准差倍数=2
2026-03-21 09:50:28 | INFO     | src.indicators.technical_indicators:calculate_kdj:350 | 计算KDJ完成：K周期=9, D周期=3, J周期=3
2026-03-21 09:50:28 | INFO     | src.indicators.technical_indicators:calculate_kdj:350 | 计算KDJ完成：K周期=10, D周期=3, J周期=3
2026-03-21 09:50:28 | INFO     | src.indicators.technical_indicators:calculate_atr:385 | 计算 10 日ATR完成
2026-03-21 09:50:28 | INFO     | src.indicators.technical_indicators:calculate_cci:446 | 计算 20 日CCI完成
2026-03-21 09:50:28 | INFO     | src.indicators.technical_indicators:calculate_williams_r:476 | 计算 10 日威廉指标完成
2026-03-21 09:50:28 | INFO     | src.indicators.technical_indicators:calculate_ma:133 | 计算 5 日移动平均线完成
2026-03-21 09:50:28 | INFO     | src.indicators.technical_indicators:calculate_bias:500 | 计算 5 日乖离率完成
2026-03-21 09:50:28 | INFO     | src.indicators.technical_indicators:calculate_ma:133 | 计算 10 日移动平均线完成
2026-03-21 09:50:28 | INFO     | src.indicators.technical_indicators:calculate_bias:500 | 计算 10 日乖离率完成
2026-03-21 09:50:28 | INFO     | src.indicators.technical_indicators:calculate_ma:133 | 计算 20 日移动平均线完成
2026-03-21 09:50:28 | INFO     | src.indicators.technical_indicators:calculate_bias:500 | 计算 20 日乖离率完成
2026-03-21 09:50:28 | INFO     | src.indicators.technical_indicators:calculate_ma:133 | 计算 30 日移动平均线完成
2026-03-21 09:50:28 | INFO     | src.indicators.technical_indicators:calculate_bias:500 | 计算 30 日乖离率完成
2026-03-21 09:50:28 | INFO     | src.indicators.technical_indicators:calculate_ma:133 | 计算 60 日移动平均线完成
2026-03-21 09:50:28 | INFO     | src.indicators.technical_indicators:calculate_bias:500 | 计算 60 日乖离率完成
2026-03-21 09:50:28 | INFO     | src.indicators.technical_indicators:calculate_ma:133 | 计算 120 日移动平均线完成
2026-03-21 09:50:28 | INFO     | src.indicators.technical_indicators:calculate_bias:500 | 计算 120 日乖离率完成
2026-03-21 09:50:28 | INFO     | src.indicators.technical_indicators:calculate_ma:133 | 计算 250 日移动平均线完成
2026-03-21 09:50:28 | INFO     | src.indicators.technical_indicators:calculate_bias:500 | 计算 250 日乖离率完成
2026-03-21 09:50:28 | INFO     | src.indicators.technical_indicators:calculate_psy:523 | 计算 10 日心理线完成
2026-03-21 09:50:28 | INFO     | src.indicators.technical_indicators:calculate_all:640 | 完成计算 48 个技术指标
2026-03-21 09:50:28 | INFO     | src.core.data_fetcher:save_data:549 | 保存数据到 csv 文件: 688041_with_indicators
2026-03-21 09:50:28 | INFO     | src.core.data_fetcher:save_data:569 | 数据保存成功: ./data\688041_with_indicators.csv
2026-03-21 09:50:28 | INFO     | __main__:process_single_fund:142 |   对股票 688041 进行信号判断
2026-03-21 09:50:28 | INFO     | src.core.data_fetcher:save_data:549 | 保存数据到 csv 文件: 688041_signals
2026-03-21 09:50:28 | INFO     | src.core.data_fetcher:save_data:569 | 数据保存成功: ./data\688041_signals.csv
2026-03-21 09:50:28 | INFO     | __main__:process_single_fund:170 |   股票 688041 信号判断完成: 持有 (得分: 0.095)
2026-03-21 09:50:28 | INFO     | src.indicators.technical_indicators:calculate_ma:133 | 计算 5 日移动平均线完成
2026-03-21 09:50:28 | INFO     | src.indicators.technical_indicators:calculate_ma:133 | 计算 10 日移动平均线完成
2026-03-21 09:50:28 | INFO     | src.indicators.technical_indicators:calculate_ma:133 | 计算 20 日移动平均线完成
2026-03-21 09:50:28 | INFO     | src.indicators.technical_indicators:calculate_ma:133 | 计算 30 日移动平均线完成
2026-03-21 09:50:28 | INFO     | src.indicators.technical_indicators:calculate_ma:133 | 计算 60 日移动平均线完成
2026-03-21 09:50:28 | INFO     | src.indicators.technical_indicators:calculate_ma:133 | 计算 120 日移动平均线完成
2026-03-21 09:50:28 | INFO     | src.indicators.technical_indicators:calculate_ma:133 | 计算 250 日移动平均线完成
2026-03-21 09:50:28 | INFO     | src.indicators.technical_indicators:calculate_sma:157 | 计算 5 日简单移动平均线完成
2026-03-21 09:50:28 | INFO     | src.indicators.technical_indicators:calculate_sma:157 | 计算 10 日简单移动平均线完成
2026-03-21 09:50:28 | INFO     | src.indicators.technical_indicators:calculate_sma:157 | 计算 20 日简单移动平均线完成
2026-03-21 09:50:28 | INFO     | src.indicators.technical_indicators:calculate_sma:157 | 计算 30 日简单移动平均线完成
2026-03-21 09:50:28 | INFO     | src.indicators.technical_indicators:calculate_sma:157 | 计算 60 日简单移动平均线完成
2026-03-21 09:50:28 | INFO     | src.indicators.technical_indicators:calculate_sma:157 | 计算 120 日简单移动平均线完成
2026-03-21 09:50:28 | INFO     | src.indicators.technical_indicators:calculate_sma:157 | 计算 250 日简单移动平均线完成
2026-03-21 09:50:28 | INFO     | src.indicators.technical_indicators:calculate_ema:182 | 计算 12 日指数移动平均线完成
2026-03-21 09:50:28 | INFO     | src.indicators.technical_indicators:calculate_ema:182 | 计算 26 日指数移动平均线完成
2026-03-21 09:50:28 | INFO     | src.indicators.technical_indicators:calculate_rsi:221 | 计算 6 日RSI完成
2026-03-21 09:50:28 | INFO     | src.indicators.technical_indicators:calculate_rsi:221 | 计算 12 日RSI完成
2026-03-21 09:50:28 | INFO     | src.indicators.technical_indicators:calculate_rsi:221 | 计算 24 日RSI完成
2026-03-21 09:50:28 | INFO     | src.indicators.technical_indicators:calculate_macd:263 | 计算MACD完成：快线=12, 慢线=26, 信号线=9
2026-03-21 09:50:28 | INFO     | src.indicators.technical_indicators:calculate_macd:263 | 计算MACD完成：快线=12, 慢线=26, 信号线=12
2026-03-21 09:50:28 | INFO     | src.indicators.technical_indicators:calculate_boll:303 | 计算布林带完成：周期=20, 标准差倍数=2
2026-03-21 09:50:28 | INFO     | src.indicators.technical_indicators:calculate_boll:303 | 计算布林带完成：周期=26, 标准差倍数=2
2026-03-21 09:50:28 | INFO     | src.indicators.technical_indicators:calculate_kdj:350 | 计算KDJ完成：K周期=9, D周期=3, J周期=3
2026-03-21 09:50:28 | INFO     | src.indicators.technical_indicators:calculate_kdj:350 | 计算KDJ完成：K周期=10, D周期=3, J周期=3
2026-03-21 09:50:28 | INFO     | src.indicators.technical_indicators:calculate_atr:385 | 计算 10 日ATR完成
2026-03-21 09:50:28 | INFO     | src.indicators.technical_indicators:calculate_cci:446 | 计算 20 日CCI完成
2026-03-21 09:50:28 | INFO     | src.indicators.technical_indicators:calculate_williams_r:476 | 计算 10 日威廉指标完成
2026-03-21 09:50:28 | INFO     | src.indicators.technical_indicators:calculate_ma:133 | 计算 5 日移动平均线完成
2026-03-21 09:50:28 | INFO     | src.indicators.technical_indicators:calculate_bias:500 | 计算 5 日乖离率完成
2026-03-21 09:50:28 | INFO     | src.indicators.technical_indicators:calculate_ma:133 | 计算 10 日移动平均线完成
2026-03-21 09:50:28 | INFO     | src.indicators.technical_indicators:calculate_bias:500 | 计算 10 日乖离率完成
2026-03-21 09:50:28 | INFO     | src.indicators.technical_indicators:calculate_ma:133 | 计算 20 日移动平均线完成
2026-03-21 09:50:28 | INFO     | src.indicators.technical_indicators:calculate_bias:500 | 计算 20 日乖离率完成
2026-03-21 09:50:28 | INFO     | src.indicators.technical_indicators:calculate_ma:133 | 计算 30 日移动平均线完成
2026-03-21 09:50:28 | INFO     | src.indicators.technical_indicators:calculate_bias:500 | 计算 30 日乖离率完成
2026-03-21 09:50:28 | INFO     | src.indicators.technical_indicators:calculate_ma:133 | 计算 60 日移动平均线完成
2026-03-21 09:50:28 | INFO     | src.indicators.technical_indicators:calculate_bias:500 | 计算 60 日乖离率完成
2026-03-21 09:50:28 | INFO     | src.indicators.technical_indicators:calculate_ma:133 | 计算 120 日移动平均线完成
2026-03-21 09:50:28 | INFO     | src.indicators.technical_indicators:calculate_bias:500 | 计算 120 日乖离率完成
2026-03-21 09:50:28 | INFO     | src.indicators.technical_indicators:calculate_ma:133 | 计算 250 日移动平均线完成
2026-03-21 09:50:28 | INFO     | src.indicators.technical_indicators:calculate_bias:500 | 计算 250 日乖离率完成
2026-03-21 09:50:28 | INFO     | src.indicators.technical_indicators:calculate_psy:523 | 计算 10 日心理线完成
2026-03-21 09:50:28 | INFO     | src.indicators.technical_indicators:calculate_all:640 | 完成计算 48 个技术指标
2026-03-21 09:50:28 | INFO     | src.core.data_fetcher:save_data:549 | 保存数据到 csv 文件: 688019_with_indicators
2026-03-21 09:50:28 | INFO     | src.core.data_fetcher:save_data:569 | 数据保存成功: ./data\688019_with_indicators.csv
2026-03-21 09:50:28 | INFO     | __main__:process_single_fund:142 |   对股票 688019 进行信号判断
2026-03-21 09:50:28 | INFO     | src.core.data_fetcher:save_data:549 | 保存数据到 csv 文件: 688019_signals
2026-03-21 09:50:28 | INFO     | src.core.data_fetcher:save_data:569 | 数据保存成功: ./data\688019_signals.csv
2026-03-21 09:50:28 | INFO     | __main__:process_single_fund:170 |   股票 688019 信号判断完成: 持有 (得分: -0.199)
2026-03-21 09:50:28 | INFO     | src.indicators.technical_indicators:calculate_ma:133 | 计算 5 日移动平均线完成
2026-03-21 09:50:28 | INFO     | src.indicators.technical_indicators:calculate_ma:133 | 计算 10 日移动平均线完成
2026-03-21 09:50:28 | INFO     | src.indicators.technical_indicators:calculate_ma:133 | 计算 20 日移动平均线完成
2026-03-21 09:50:28 | INFO     | src.indicators.technical_indicators:calculate_ma:133 | 计算 30 日移动平均线完成
2026-03-21 09:50:28 | INFO     | src.indicators.technical_indicators:calculate_ma:133 | 计算 60 日移动平均线完成
2026-03-21 09:50:28 | INFO     | src.indicators.technical_indicators:calculate_ma:133 | 计算 120 日移动平均线完成
2026-03-21 09:50:28 | INFO     | src.indicators.technical_indicators:calculate_ma:133 | 计算 250 日移动平均线完成
2026-03-21 09:50:28 | INFO     | src.indicators.technical_indicators:calculate_sma:157 | 计算 5 日简单移动平均线完成
2026-03-21 09:50:28 | INFO     | src.indicators.technical_indicators:calculate_sma:157 | 计算 10 日简单移动平均线完成
2026-03-21 09:50:28 | INFO     | src.indicators.technical_indicators:calculate_sma:157 | 计算 20 日简单移动平均线完成
2026-03-21 09:50:28 | INFO     | src.indicators.technical_indicators:calculate_sma:157 | 计算 30 日简单移动平均线完成
2026-03-21 09:50:28 | INFO     | src.indicators.technical_indicators:calculate_sma:157 | 计算 60 日简单移动平均线完成
2026-03-21 09:50:28 | INFO     | src.indicators.technical_indicators:calculate_sma:157 | 计算 120 日简单移动平均线完成
2026-03-21 09:50:28 | INFO     | src.indicators.technical_indicators:calculate_sma:157 | 计算 250 日简单移动平均线完成
2026-03-21 09:50:28 | INFO     | src.indicators.technical_indicators:calculate_ema:182 | 计算 12 日指数移动平均线完成
2026-03-21 09:50:28 | INFO     | src.indicators.technical_indicators:calculate_ema:182 | 计算 26 日指数移动平均线完成
2026-03-21 09:50:28 | INFO     | src.indicators.technical_indicators:calculate_rsi:221 | 计算 6 日RSI完成
2026-03-21 09:50:28 | INFO     | src.indicators.technical_indicators:calculate_rsi:221 | 计算 12 日RSI完成
2026-03-21 09:50:28 | INFO     | src.indicators.technical_indicators:calculate_rsi:221 | 计算 24 日RSI完成
2026-03-21 09:50:28 | INFO     | src.indicators.technical_indicators:calculate_macd:263 | 计算MACD完成：快线=12, 慢线=26, 信号线=9
2026-03-21 09:50:28 | INFO     | src.indicators.technical_indicators:calculate_macd:263 | 计算MACD完成：快线=12, 慢线=26, 信号线=12
2026-03-21 09:50:28 | INFO     | src.indicators.technical_indicators:calculate_boll:303 | 计算布林带完成：周期=20, 标准差倍数=2
2026-03-21 09:50:28 | INFO     | src.indicators.technical_indicators:calculate_boll:303 | 计算布林带完成：周期=26, 标准差倍数=2
2026-03-21 09:50:28 | INFO     | src.indicators.technical_indicators:calculate_kdj:350 | 计算KDJ完成：K周期=9, D周期=3, J周期=3
2026-03-21 09:50:28 | INFO     | src.indicators.technical_indicators:calculate_kdj:350 | 计算KDJ完成：K周期=10, D周期=3, J周期=3
2026-03-21 09:50:28 | INFO     | src.indicators.technical_indicators:calculate_atr:385 | 计算 10 日ATR完成
2026-03-21 09:50:28 | INFO     | src.indicators.technical_indicators:calculate_cci:446 | 计算 20 日CCI完成
2026-03-21 09:50:28 | INFO     | src.indicators.technical_indicators:calculate_williams_r:476 | 计算 10 日威廉指标完成
2026-03-21 09:50:28 | INFO     | src.indicators.technical_indicators:calculate_ma:133 | 计算 5 日移动平均线完成
2026-03-21 09:50:28 | INFO     | src.indicators.technical_indicators:calculate_bias:500 | 计算 5 日乖离率完成
2026-03-21 09:50:28 | INFO     | src.indicators.technical_indicators:calculate_ma:133 | 计算 10 日移动平均线完成
2026-03-21 09:50:28 | INFO     | src.indicators.technical_indicators:calculate_bias:500 | 计算 10 日乖离率完成
2026-03-21 09:50:28 | INFO     | src.indicators.technical_indicators:calculate_ma:133 | 计算 20 日移动平均线完成
2026-03-21 09:50:28 | INFO     | src.indicators.technical_indicators:calculate_bias:500 | 计算 20 日乖离率完成
2026-03-21 09:50:28 | INFO     | src.indicators.technical_indicators:calculate_ma:133 | 计算 30 日移动平均线完成
2026-03-21 09:50:28 | INFO     | src.indicators.technical_indicators:calculate_bias:500 | 计算 30 日乖离率完成
2026-03-21 09:50:28 | INFO     | src.indicators.technical_indicators:calculate_ma:133 | 计算 60 日移动平均线完成
2026-03-21 09:50:28 | INFO     | src.indicators.technical_indicators:calculate_bias:500 | 计算 60 日乖离率完成
2026-03-21 09:50:28 | INFO     | src.indicators.technical_indicators:calculate_ma:133 | 计算 120 日移动平均线完成
2026-03-21 09:50:28 | INFO     | src.indicators.technical_indicators:calculate_bias:500 | 计算 120 日乖离率完成
2026-03-21 09:50:28 | INFO     | src.indicators.technical_indicators:calculate_ma:133 | 计算 250 日移动平均线完成
2026-03-21 09:50:28 | INFO     | src.indicators.technical_indicators:calculate_bias:500 | 计算 250 日乖离率完成
2026-03-21 09:50:28 | INFO     | src.indicators.technical_indicators:calculate_psy:523 | 计算 10 日心理线完成
2026-03-21 09:50:28 | INFO     | src.indicators.technical_indicators:calculate_all:640 | 完成计算 48 个技术指标
2026-03-21 09:50:28 | INFO     | src.core.data_fetcher:save_data:549 | 保存数据到 csv 文件: 603986_with_indicators
2026-03-21 09:50:28 | INFO     | src.core.data_fetcher:save_data:569 | 数据保存成功: ./data\603986_with_indicators.csv
2026-03-21 09:50:28 | INFO     | __main__:process_single_fund:142 |   对股票 603986 进行信号判断
2026-03-21 09:50:28 | INFO     | src.core.data_fetcher:save_data:549 | 保存数据到 csv 文件: 603986_signals
2026-03-21 09:50:28 | INFO     | src.core.data_fetcher:save_data:569 | 数据保存成功: ./data\603986_signals.csv
2026-03-21 09:50:28 | INFO     | __main__:process_single_fund:170 |   股票 603986 信号判断完成: 持有 (得分: 0.000)
2026-03-21 09:50:28 | INFO     | __main__:process_single_fund:191 | 步骤5: 生成汇总报告
2026-03-21 09:50:28 | INFO     | __main__:process_single_fund:195 | ============================================================
2026-03-21 09:50:28 | INFO     | __main__:process_single_fund:196 | 基金 000001 处理完成!
2026-03-21 09:50:28 | INFO     | __main__:process_single_fund:197 | 总股票数: 10
2026-03-21 09:50:28 | INFO     | __main__:process_single_fund:198 | 成功: 10
2026-03-21 09:50:28 | INFO     | __main__:process_single_fund:199 | 失败: 0
2026-03-21 09:50:28 | INFO     | __main__:process_single_fund:200 | ============================================================
2026-03-21 09:50:28 | INFO     | __main__:process_single_fund:209 | 基金 000001 的所有技术指标已保存为 CSV 文件
2026-03-21 09:50:29 | DEBUG    | src.notify.channels.ntfy:send:87 | ntfy 消息发送成功: ✅ 基金 {fund_code} 分析完成
得分: {score:.3f}
建议: {recomme...
2026-03-21 09:50:29 | DEBUG    | src.notify.base:send_with_retry:126 | 通知器 ntfy 发送成功
2026-03-21 09:50:29 | DEBUG    | src.notify.manager:send:140 | 消息发送成功到渠道 ntfy
2026-03-21 09:50:29 | INFO     | __main__:run_technical_workflow:653 | 基金 000001 处理完成
2026-03-21 09:50:29 | INFO     | __main__:run_technical_workflow:654 | ============================================================

2026-03-21 09:50:29 | INFO     | __main__:run_technical_workflow:656 | 
============================================================
2026-03-21 09:50:29 | INFO     | __main__:run_technical_workflow:657 | 批量处理完成!
2026-03-21 09:50:29 | INFO     | __main__:run_technical_workflow:658 | ============================================================
2026-03-21 09:50:29 | INFO     | __main__:run_technical_workflow:664 | 总基金数: 3
2026-03-21 09:50:29 | INFO     | __main__:run_technical_workflow:665 | 成功处理: 3
2026-03-21 09:50:29 | INFO     | __main__:run_technical_workflow:666 | 处理失败: 0
2026-03-21 09:50:29 | INFO     | __main__:run_technical_workflow:672 | 总股票数（所有基金）: 30
2026-03-21 09:50:29 | INFO     | __main__:run_technical_workflow:673 | 成功股票数: 30
2026-03-21 09:50:29 | INFO     | __main__:run_technical_workflow:674 | 失败股票数: 0
2026-03-21 09:50:29 | INFO     | __main__:run_technical_workflow:682 | ============================================================
2026-03-21 09:50:29 | INFO     | __main__:run_technical_workflow:683 | 所有基金的技术指标计算已完成!
2026-03-21 09:50:29 | INFO     | __main__:run_technical_workflow:684 | ============================================================
2026-03-21 09:50:29 | INFO     | __main__:run_technical_workflow:686 | 
============================================================
2026-03-21 09:50:30 | INFO     | __main__:run_technical_workflow:687 | 提示: 您可以使用 --analyze 参数进行基金加权平均分析
2026-03-21 09:50:30 | INFO     | __main__:run_technical_workflow:688 | 示例: python main.py --single-fund 005538 --analyze
2026-03-21 09:50:30 | INFO     | __main__:run_technical_workflow:689 | 这将基于基金持仓股票的持有比例进行加权平均，判断基金是否还能继续持有
2026-03-21 09:50:30 | INFO     | __main__:run_technical_workflow:690 | ============================================================
2026-03-21 09:50:32 | INFO     | __main__:run_technical_workflow:705 | 将对以下基金进行加权平均分析: ['005538', '015790', '000001']
2026-03-21 09:50:32 | INFO     | __main__:run_analysis_workflow:606 | 开始进行基金加权平均分析
2026-03-21 09:50:32 | INFO     | __main__:run_analysis_workflow:607 | 基金代码列表: ['005538', '015790', '000001']
2026-03-21 09:50:32 | INFO     | src.data.reader:__init__:29 | 数据读取器初始化完成，基础路径: data
2026-03-21 09:50:32 | INFO     | __main__:run_analysis_workflow:614 | 
============================================================
2026-03-21 09:50:32 | INFO     | __main__:run_analysis_workflow:615 | 开始分析基金: 005538
2026-03-21 09:50:32 | INFO     | __main__:run_analysis_workflow:616 | ============================================================
2026-03-21 09:50:32 | INFO     | __main__:perform_fund_analysis:342 | 执行基金 005538 的完整加权平均分析流程...
2026-03-21 09:50:32 | INFO     | __main__:perform_fund_analysis:346 | 【步骤1】获取基金持仓数据
2026-03-21 09:50:32 | INFO     | src.core.data_fetcher:inner:423 | 获取基金 005538 持仓
2026-03-21 09:50:33 | INFO     | __main__:perform_fund_analysis:353 | 【步骤2】过滤最新季度数据
2026-03-21 09:50:33 | INFO     | src.analysis.quarter_filter:filter_latest_quarter_data:63 | 识别到最新季度: 2025年Q4
2026-03-21 09:50:33 | INFO     | src.analysis.quarter_filter:filter_latest_quarter_data:77 | 过滤结果: 从 81 条记录中筛选出 10 条最新季度数据
2026-03-21 09:50:33 | INFO     | __main__:perform_fund_analysis:361 | 最新季度持仓股票数量: 10
2026-03-21 09:50:33 | INFO     | __main__:perform_fund_analysis:362 | 股票代码列表: ['301662', '688778', '688155', '300450', '301617', '688147', '688499', '301150', '002846', '300092']
2026-03-21 09:50:33 | INFO     | __main__:perform_fund_analysis:365 | 【步骤3】检查股票信号数据
2026-03-21 09:50:33 | INFO     | __main__:perform_fund_analysis:472 | 所有股票的信号数据已存在，跳过技术指标计算步骤
2026-03-21 09:50:33 | INFO     | __main__:perform_fund_analysis:475 | 【步骤4】进行基金加权平均分析
2026-03-21 09:50:33 | INFO     | src.analysis.fund_weighted_analyzer:parse_holdings_data:246 | 解析到 10 只股票持仓数据
2026-03-21 09:50:33 | INFO     | src.analysis.fund_weighted_analyzer:analyze_fund:279 | 分析股票 301662 (宏工科技)
2026-03-21 09:50:33 | INFO     | src.analysis.fund_weighted_analyzer:analyze_fund:279 | 分析股票 688778 (厦钨新能)
2026-03-21 09:50:33 | INFO     | src.analysis.fund_weighted_analyzer:analyze_fund:279 | 分析股票 688155 (先惠技术)
2026-03-21 09:50:33 | INFO     | src.analysis.fund_weighted_analyzer:analyze_fund:279 | 分析股票 300450 (先导智能)
2026-03-21 09:50:33 | INFO     | src.analysis.fund_weighted_analyzer:analyze_fund:279 | 分析股票 301617 (博苑股份)
2026-03-21 09:50:33 | INFO     | src.analysis.fund_weighted_analyzer:analyze_fund:279 | 分析股票 688147 (微导纳米)
2026-03-21 09:50:33 | INFO     | src.analysis.fund_weighted_analyzer:analyze_fund:279 | 分析股票 688499 (利元亨)
2026-03-21 09:50:33 | INFO     | src.analysis.fund_weighted_analyzer:analyze_fund:279 | 分析股票 301150 (中一科技)
2026-03-21 09:50:33 | INFO     | src.analysis.fund_weighted_analyzer:analyze_fund:279 | 分析股票 002846 (英联股份)
2026-03-21 09:50:33 | INFO     | src.analysis.fund_weighted_analyzer:analyze_fund:279 | 分析股票 300092 (科新机电)
2026-03-21 09:50:33 | INFO     | __main__:perform_fund_analysis:497 | 【步骤5】生成分析报告
2026-03-21 09:50:33 | INFO     | src.analysis.fund_weighted_analyzer:save_report:518 | 分析报告已保存到: outputs/reports\fund-analysis-fund-005538-20260321_095033.txt
2026-03-21 09:50:33 | INFO     | src.analysis.fund_weighted_analyzer:save_report:519 | JSON结果已保存到: outputs/reports\fund-analysis-fund-005538-20260321_095033.json
2026-03-21 09:50:33 | INFO     | __main__:perform_fund_analysis:502 | 
============================================================
2026-03-21 09:50:33 | INFO     | __main__:perform_fund_analysis:503 | 基金 005538 分析结果:
2026-03-21 09:50:33 | INFO     | __main__:perform_fund_analysis:504 | ------------------------------------------------------------
2026-03-21 09:50:33 | INFO     | __main__:perform_fund_analysis:505 | 加权平均得分: 0.104
2026-03-21 09:50:33 | INFO     | __main__:perform_fund_analysis:506 | 基金建议: 建议持有
2026-03-21 09:50:33 | INFO     | __main__:perform_fund_analysis:507 | 置信度: 38.3%
2026-03-21 09:50:33 | INFO     | __main__:perform_fund_analysis:508 | 总股票数: 10
2026-03-21 09:50:33 | INFO     | __main__:perform_fund_analysis:509 | 已分析股票数: 10
2026-03-21 09:50:33 | INFO     | __main__:perform_fund_analysis:510 | 分析覆盖率: 100.0%
2026-03-21 09:50:33 | INFO     | __main__:perform_fund_analysis:511 | ------------------------------------------------------------
2026-03-21 09:50:33 | INFO     | __main__:perform_fund_analysis:518 | ⦿ 基金建议: 建议持有观望
2026-03-21 09:50:33 | INFO     | __main__:perform_fund_analysis:522 | ============================================================
2026-03-21 09:50:34 | DEBUG    | src.notify.channels.ntfy:send:87 | ntfy 消息发送成功: 📊 基金 {fund_code} 建议: {recommendation}
加权得分: {score...
2026-03-21 09:50:34 | DEBUG    | src.notify.base:send_with_retry:126 | 通知器 ntfy 发送成功
2026-03-21 09:50:34 | DEBUG    | src.notify.manager:send:140 | 消息发送成功到渠道 ntfy
2026-03-21 09:50:34 | INFO     | __main__:run_analysis_workflow:621 | 基金 005538 分析完成
2026-03-21 09:50:34 | INFO     | __main__:run_analysis_workflow:622 | ============================================================

2026-03-21 09:50:34 | INFO     | __main__:run_analysis_workflow:614 | 
============================================================
2026-03-21 09:50:34 | INFO     | __main__:run_analysis_workflow:615 | 开始分析基金: 015790
2026-03-21 09:50:34 | INFO     | __main__:run_analysis_workflow:616 | ============================================================
2026-03-21 09:50:34 | INFO     | __main__:perform_fund_analysis:342 | 执行基金 015790 的完整加权平均分析流程...
2026-03-21 09:50:34 | INFO     | __main__:perform_fund_analysis:346 | 【步骤1】获取基金持仓数据
2026-03-21 09:50:34 | INFO     | src.core.data_fetcher:inner:423 | 获取基金 015790 持仓
2026-03-21 09:50:34 | INFO     | __main__:perform_fund_analysis:353 | 【步骤2】过滤最新季度数据
2026-03-21 09:50:34 | INFO     | src.analysis.quarter_filter:filter_latest_quarter_data:63 | 识别到最新季度: 2025年Q4
2026-03-21 09:50:34 | INFO     | src.analysis.quarter_filter:filter_latest_quarter_data:77 | 过滤结果: 从 98 条记录中筛选出 10 条最新季度数据
2026-03-21 09:50:34 | INFO     | __main__:perform_fund_analysis:361 | 最新季度持仓股票数量: 10
2026-03-21 09:50:34 | INFO     | __main__:perform_fund_analysis:362 | 股票代码列表: ['600118', '301005', '605598', '601698', '600879', '300342', '300136', '002149', '300762', '002565']
2026-03-21 09:50:34 | INFO     | __main__:perform_fund_analysis:365 | 【步骤3】检查股票信号数据
2026-03-21 09:50:34 | INFO     | __main__:perform_fund_analysis:472 | 所有股票的信号数据已存在，跳过技术指标计算步骤
2026-03-21 09:50:34 | INFO     | __main__:perform_fund_analysis:475 | 【步骤4】进行基金加权平均分析
2026-03-21 09:50:34 | INFO     | src.analysis.fund_weighted_analyzer:parse_holdings_data:246 | 解析到 10 只股票持仓数据
2026-03-21 09:50:34 | INFO     | src.analysis.fund_weighted_analyzer:analyze_fund:279 | 分析股票 600118 (中国卫星)
2026-03-21 09:50:34 | INFO     | src.analysis.fund_weighted_analyzer:analyze_fund:279 | 分析股票 301005 (超捷股份)
2026-03-21 09:50:34 | INFO     | src.analysis.fund_weighted_analyzer:analyze_fund:279 | 分析股票 605598 (上海港湾)
2026-03-21 09:50:34 | INFO     | src.analysis.fund_weighted_analyzer:analyze_fund:279 | 分析股票 601698 (中国卫通)
2026-03-21 09:50:34 | INFO     | src.analysis.fund_weighted_analyzer:analyze_fund:279 | 分析股票 600879 (航天电子)
2026-03-21 09:50:34 | INFO     | src.analysis.fund_weighted_analyzer:analyze_fund:279 | 分析股票 300342 (天银机电)
2026-03-21 09:50:34 | INFO     | src.analysis.fund_weighted_analyzer:analyze_fund:279 | 分析股票 300136 (信维通信)
2026-03-21 09:50:34 | INFO     | src.analysis.fund_weighted_analyzer:analyze_fund:279 | 分析股票 002149 (西部材料)
2026-03-21 09:50:34 | INFO     | src.analysis.fund_weighted_analyzer:analyze_fund:279 | 分析股票 300762 (上海瀚讯)
2026-03-21 09:50:34 | INFO     | src.analysis.fund_weighted_analyzer:analyze_fund:279 | 分析股票 002565 (顺灏股份)
2026-03-21 09:50:35 | INFO     | __main__:perform_fund_analysis:497 | 【步骤5】生成分析报告
2026-03-21 09:50:35 | INFO     | src.analysis.fund_weighted_analyzer:save_report:518 | 分析报告已保存到: outputs/reports\fund-analysis-fund-015790-20260321_095035.txt
2026-03-21 09:50:35 | INFO     | src.analysis.fund_weighted_analyzer:save_report:519 | JSON结果已保存到: outputs/reports\fund-analysis-fund-015790-20260321_095035.json
2026-03-21 09:50:35 | INFO     | __main__:perform_fund_analysis:502 | 
============================================================
2026-03-21 09:50:35 | INFO     | __main__:perform_fund_analysis:503 | 基金 015790 分析结果:
2026-03-21 09:50:35 | INFO     | __main__:perform_fund_analysis:504 | ------------------------------------------------------------
2026-03-21 09:50:35 | INFO     | __main__:perform_fund_analysis:505 | 加权平均得分: 0.033
2026-03-21 09:50:35 | INFO     | __main__:perform_fund_analysis:506 | 基金建议: 建议持有
2026-03-21 09:50:35 | INFO     | __main__:perform_fund_analysis:507 | 置信度: 39.4%
2026-03-21 09:50:35 | INFO     | __main__:perform_fund_analysis:508 | 总股票数: 10
2026-03-21 09:50:35 | INFO     | __main__:perform_fund_analysis:509 | 已分析股票数: 10
2026-03-21 09:50:35 | INFO     | __main__:perform_fund_analysis:510 | 分析覆盖率: 100.0%
2026-03-21 09:50:35 | INFO     | __main__:perform_fund_analysis:511 | ------------------------------------------------------------
2026-03-21 09:50:35 | INFO     | __main__:perform_fund_analysis:518 | ⦿ 基金建议: 建议持有观望
2026-03-21 09:50:35 | INFO     | __main__:perform_fund_analysis:522 | ============================================================
2026-03-21 09:50:36 | DEBUG    | src.notify.channels.ntfy:send:87 | ntfy 消息发送成功: 📊 基金 {fund_code} 建议: {recommendation}
加权得分: {score...
2026-03-21 09:50:36 | DEBUG    | src.notify.base:send_with_retry:126 | 通知器 ntfy 发送成功
2026-03-21 09:50:36 | DEBUG    | src.notify.manager:send:140 | 消息发送成功到渠道 ntfy
2026-03-21 09:50:36 | INFO     | __main__:run_analysis_workflow:621 | 基金 015790 分析完成
2026-03-21 09:50:36 | INFO     | __main__:run_analysis_workflow:622 | ============================================================

2026-03-21 09:50:36 | INFO     | __main__:run_analysis_workflow:614 | 
============================================================
2026-03-21 09:50:36 | INFO     | __main__:run_analysis_workflow:615 | 开始分析基金: 000001
2026-03-21 09:50:36 | INFO     | __main__:run_analysis_workflow:616 | ============================================================
2026-03-21 09:50:36 | INFO     | __main__:perform_fund_analysis:342 | 执行基金 000001 的完整加权平均分析流程...
2026-03-21 09:50:36 | INFO     | __main__:perform_fund_analysis:346 | 【步骤1】获取基金持仓数据
2026-03-21 09:50:36 | INFO     | src.core.data_fetcher:inner:423 | 获取基金 000001 持仓
2026-03-21 09:50:36 | INFO     | __main__:perform_fund_analysis:353 | 【步骤2】过滤最新季度数据
2026-03-21 09:50:36 | INFO     | src.analysis.quarter_filter:filter_latest_quarter_data:63 | 识别到最新季度: 2025年Q4
2026-03-21 09:50:36 | INFO     | src.analysis.quarter_filter:filter_latest_quarter_data:77 | 过滤结果: 从 217 条记录中筛选出 10 条最新季度数据
2026-03-21 09:50:36 | INFO     | __main__:perform_fund_analysis:361 | 最新季度持仓股票数量: 10
2026-03-21 09:50:36 | INFO     | __main__:perform_fund_analysis:362 | 股票代码列表: ['300308', '002475', '688347', '002371', '688256', '601689', '300502', '688041', '688019', '603986']
2026-03-21 09:50:36 | INFO     | __main__:perform_fund_analysis:365 | 【步骤3】检查股票信号数据
2026-03-21 09:50:36 | INFO     | __main__:perform_fund_analysis:472 | 所有股票的信号数据已存在，跳过技术指标计算步骤
2026-03-21 09:50:36 | INFO     | __main__:perform_fund_analysis:475 | 【步骤4】进行基金加权平均分析
2026-03-21 09:50:36 | INFO     | src.analysis.fund_weighted_analyzer:parse_holdings_data:246 | 解析到 10 只股票持仓数据
2026-03-21 09:50:36 | INFO     | src.analysis.fund_weighted_analyzer:analyze_fund:279 | 分析股票 300308 (中际旭创)
2026-03-21 09:50:36 | INFO     | src.analysis.fund_weighted_analyzer:analyze_fund:279 | 分析股票 002475 (立讯精密)
2026-03-21 09:50:36 | INFO     | src.analysis.fund_weighted_analyzer:analyze_fund:279 | 分析股票 688347 (华虹公司)
2026-03-21 09:50:36 | INFO     | src.analysis.fund_weighted_analyzer:analyze_fund:279 | 分析股票 002371 (北方华创)
2026-03-21 09:50:36 | INFO     | src.analysis.fund_weighted_analyzer:analyze_fund:279 | 分析股票 688256 (寒武纪)
2026-03-21 09:50:36 | INFO     | src.analysis.fund_weighted_analyzer:analyze_fund:279 | 分析股票 601689 (拓普集团)
2026-03-21 09:50:36 | INFO     | src.analysis.fund_weighted_analyzer:analyze_fund:279 | 分析股票 300502 (新易盛)
2026-03-21 09:50:36 | INFO     | src.analysis.fund_weighted_analyzer:analyze_fund:279 | 分析股票 688041 (海光信息)
2026-03-21 09:50:36 | INFO     | src.analysis.fund_weighted_analyzer:analyze_fund:279 | 分析股票 688019 (安集科技)
2026-03-21 09:50:36 | INFO     | src.analysis.fund_weighted_analyzer:analyze_fund:279 | 分析股票 603986 (兆易创新)
2026-03-21 09:50:37 | INFO     | __main__:perform_fund_analysis:497 | 【步骤5】生成分析报告
2026-03-21 09:50:37 | INFO     | src.analysis.fund_weighted_analyzer:save_report:518 | 分析报告已保存到: outputs/reports\fund-analysis-fund-000001-20260321_095037.txt
2026-03-21 09:50:37 | INFO     | src.analysis.fund_weighted_analyzer:save_report:519 | JSON结果已保存到: outputs/reports\fund-analysis-fund-000001-20260321_095037.json
2026-03-21 09:50:37 | INFO     | __main__:perform_fund_analysis:502 | 
============================================================
2026-03-21 09:50:37 | INFO     | __main__:perform_fund_analysis:503 | 基金 000001 分析结果:
2026-03-21 09:50:37 | INFO     | __main__:perform_fund_analysis:504 | ------------------------------------------------------------
2026-03-21 09:50:37 | INFO     | __main__:perform_fund_analysis:505 | 加权平均得分: 0.014
2026-03-21 09:50:37 | INFO     | __main__:perform_fund_analysis:506 | 基金建议: 建议持有
2026-03-21 09:50:37 | INFO     | __main__:perform_fund_analysis:507 | 置信度: 41.4%
2026-03-21 09:50:37 | INFO     | __main__:perform_fund_analysis:508 | 总股票数: 10
2026-03-21 09:50:37 | INFO     | __main__:perform_fund_analysis:509 | 已分析股票数: 10
2026-03-21 09:50:37 | INFO     | __main__:perform_fund_analysis:510 | 分析覆盖率: 100.0%
2026-03-21 09:50:37 | INFO     | __main__:perform_fund_analysis:511 | ------------------------------------------------------------
2026-03-21 09:50:37 | INFO     | __main__:perform_fund_analysis:518 | ⦿ 基金建议: 建议持有观望
2026-03-21 09:50:37 | INFO     | __main__:perform_fund_analysis:522 | ============================================================
2026-03-21 09:50:37 | DEBUG    | src.notify.channels.ntfy:send:87 | ntfy 消息发送成功: 📊 基金 {fund_code} 建议: {recommendation}
加权得分: {score...
2026-03-21 09:50:37 | DEBUG    | src.notify.base:send_with_retry:126 | 通知器 ntfy 发送成功
2026-03-21 09:50:37 | DEBUG    | src.notify.manager:send:140 | 消息发送成功到渠道 ntfy
2026-03-21 09:50:37 | INFO     | __main__:run_analysis_workflow:621 | 基金 000001 分析完成
2026-03-21 09:50:37 | INFO     | __main__:run_analysis_workflow:622 | ============================================================

2026-03-21 09:50:37 | INFO     | __main__:summarize_analysis_results:556 | 
============================================================
2026-03-21 09:50:37 | INFO     | __main__:summarize_analysis_results:557 | 基金加权平均分析汇总报告
2026-03-21 09:50:37 | INFO     | __main__:summarize_analysis_results:558 | ============================================================
2026-03-21 09:50:37 | INFO     | __main__:summarize_analysis_results:564 | 总基金数: 3
2026-03-21 09:50:37 | INFO     | __main__:summarize_analysis_results:565 | 分析成功: 3
2026-03-21 09:50:37 | INFO     | __main__:summarize_analysis_results:566 | 分析失败: 0
2026-03-21 09:50:37 | INFO     | __main__:summarize_analysis_results:569 | 
成功分析的基金结果:
2026-03-21 09:50:37 | INFO     | __main__:summarize_analysis_results:570 | ------------------------------------------------------------
2026-03-21 09:50:37 | INFO     | __main__:summarize_analysis_results:574 | 基金代码: 005538
2026-03-21 09:50:37 | INFO     | __main__:summarize_analysis_results:575 | 基金名称: 基金005538
2026-03-21 09:50:37 | INFO     | __main__:summarize_analysis_results:576 | 加权得分: 0.104
2026-03-21 09:50:37 | INFO     | __main__:summarize_analysis_results:577 | 持有建议: 建议持有
2026-03-21 09:50:37 | INFO     | __main__:summarize_analysis_results:578 | 置信度: 38.3%
2026-03-21 09:50:37 | INFO     | __main__:summarize_analysis_results:579 | 报告路径: outputs/reports\fund-analysis-fund-005538-20260321_095033.txt
2026-03-21 09:50:37 | INFO     | __main__:summarize_analysis_results:580 | ------------------------------------------------------------
2026-03-21 09:50:37 | INFO     | __main__:summarize_analysis_results:574 | 基金代码: 015790
2026-03-21 09:50:37 | INFO     | __main__:summarize_analysis_results:575 | 基金名称: 基金015790
2026-03-21 09:50:37 | INFO     | __main__:summarize_analysis_results:576 | 加权得分: 0.033
2026-03-21 09:50:37 | INFO     | __main__:summarize_analysis_results:577 | 持有建议: 建议持有
2026-03-21 09:50:37 | INFO     | __main__:summarize_analysis_results:578 | 置信度: 39.4%
2026-03-21 09:50:37 | INFO     | __main__:summarize_analysis_results:579 | 报告路径: outputs/reports\fund-analysis-fund-015790-20260321_095035.txt
2026-03-21 09:50:37 | INFO     | __main__:summarize_analysis_results:580 | ------------------------------------------------------------
2026-03-21 09:50:37 | INFO     | __main__:summarize_analysis_results:574 | 基金代码: 000001
2026-03-21 09:50:37 | INFO     | __main__:summarize_analysis_results:575 | 基金名称: 华夏成长混合
2026-03-21 09:50:37 | INFO     | __main__:summarize_analysis_results:576 | 加权得分: 0.014
2026-03-21 09:50:37 | INFO     | __main__:summarize_analysis_results:577 | 持有建议: 建议持有
2026-03-21 09:50:37 | INFO     | __main__:summarize_analysis_results:578 | 置信度: 41.4%
2026-03-21 09:50:37 | INFO     | __main__:summarize_analysis_results:579 | 报告路径: outputs/reports\fund-analysis-fund-000001-20260321_095037.txt
2026-03-21 09:50:37 | INFO     | __main__:summarize_analysis_results:580 | ------------------------------------------------------------
2026-03-21 09:50:37 | INFO     | __main__:summarize_analysis_results:588 | 
持有建议分布:
2026-03-21 09:50:37 | INFO     | __main__:summarize_analysis_results:591 |   建议持有: 3只 (100.0%)
2026-03-21 09:50:37 | INFO     | __main__:summarize_analysis_results:599 | 
============================================================
2026-03-21 09:50:37 | INFO     | __main__:summarize_analysis_results:600 | 基金加权平均分析已完成!
2026-03-21 09:50:37 | INFO     | __main__:summarize_analysis_results:601 | ============================================================
