2026-03-27 16:24:54 | INFO     | src.notify:_load_channels:49 | 通知渠道 [ntfy] 初始化成功
2026-03-27 16:24:54 | INFO     | src.notify:_load_channels:49 | 通知渠道 [markdown] 初始化成功
2026-03-27 16:24:54 | INFO     | __main__:main:99 | ============================================================
2026-03-27 16:24:54 | INFO     | __main__:main:100 | 开始自动化执行流程（按 3→1→2 顺序）
2026-03-27 16:24:54 | INFO     | __main__:main:101 | ============================================================
2026-03-27 16:24:54 | INFO     | __main__:main:109 | 配置信息:
2026-03-27 16:24:54 | INFO     | __main__:main:110 |   基金代码: ['005538', '015790', '025491', '018957', '017193', '025209']
2026-03-27 16:24:54 | INFO     | __main__:main:111 |   开始日期: 2019-01-01
2026-03-27 16:24:54 | INFO     | __main__:main:112 |   数据目录: stock_data
2026-03-27 16:24:54 | INFO     | __main__:main:113 | 
2026-03-27 16:24:54 | INFO     | __main__:main:116 | ============================================================
2026-03-27 16:24:54 | INFO     | __main__:main:117 | [步骤 1/3] 正在执行：更新数据
2026-03-27 16:24:54 | INFO     | __main__:main:118 | ============================================================
2026-03-27 16:24:54 | INFO     | src.update_data:run_update_workflow:195 | 开始数据更新流程
2026-03-27 16:24:54 | INFO     | src.update_data:run_update_workflow:196 | 基金代码列表: ['005538', '015790', '025491', '018957', '017193', '025209']
2026-03-27 16:24:54 | INFO     | src.update_data:run_update_workflow:197 | 开始日期: 2019-01-01
2026-03-27 16:24:54 | INFO     | src.update_data:run_update_workflow:198 | 数据目录: stock_data
2026-03-27 16:24:54 | INFO     | src.update_data:update_data:20 | 开始更新数据，基金代码: ['005538', '015790', '025491', '018957', '017193', '025209']
2026-03-27 16:24:55 | INFO     | src.notify.channels.ntfy:_do_send:74 | ntfy 推送成功
2026-03-27 16:24:55 | INFO     | src.notify.channels.markdown:_do_send:75 | Markdown 文件已保存: ./notify_logs\notify_20260327_162455.md
2026-03-27 16:24:55 | INFO     | src.core.data_factory:create_provider:43 | 创建数据源提供者: akshare
2026-03-27 16:24:55 | INFO     | src.core.data_factory:_init_providers:127 | 初始化数据源提供者: akshare
2026-03-27 16:24:55 | INFO     | src.core.baostock_provider:login:42 | baostock 登录成功
2026-03-27 16:24:55 | INFO     | src.core.data_factory:create_provider:43 | 创建数据源提供者: baostock
2026-03-27 16:24:55 | INFO     | src.core.data_factory:_init_providers:127 | 初始化数据源提供者: baostock
2026-03-27 16:24:55 | INFO     | src.core.data_factory:__init__:117 | 多数据源数据获取器初始化完成
2026-03-27 16:24:55 | INFO     | src.core.data_factory:__init__:118 | 股票数据源: baostock
2026-03-27 16:24:55 | INFO     | src.core.data_factory:__init__:119 | 基金数据源: akshare
2026-03-27 16:24:55 | INFO     | src.data.reader:__init__:29 | 数据读取器初始化完成，基础路径: data
2026-03-27 16:24:55 | INFO     | src.update_data:update_data:37 | 步骤1: 更新基金持仓数据
2026-03-27 16:24:55 | WARNING  | src.core.data_fetcher:get_fund_portfolio_hold_em:331 | get_fund_portfolio_hold_em 方法已过时，建议使用 get_fund_portfolio
2026-03-27 16:24:55 | INFO     | src.core.data_fetcher:inner:294 | 获取基金 005538 持仓
2026-03-27 16:24:55 | INFO     | src.core.akshare_provider:get_fund_portfolio:370 | akshare 获取基金 005538 持仓
2026-03-27 16:24:55 | INFO     | src.core.akshare_provider:get_fund_portfolio:379 | 使用 fund_portfolio_hold_em 成功获取基金 005538 持仓
2026-03-27 16:24:55 | INFO     | src.core.data_fetcher:save_data:432 | 保存数据到 csv 文件: fund_portfolio_005538
2026-03-27 16:24:55 | INFO     | src.core.data_fetcher:save_data:452 | 数据保存成功: ./data\fund_portfolio_005538.csv
2026-03-27 16:24:55 | DEBUG    | src.update_data:update_data:80 | 获取基金 005538 基本信息失败（可选功能）: 'AkFund' object has no attribute 'get_fund_info_em'
2026-03-27 16:24:55 | INFO     | src.update_data:update_data:89 | 基金 005538 持仓数据更新成功，共 81 条记录
2026-03-27 16:24:55 | WARNING  | src.core.data_fetcher:get_fund_portfolio_hold_em:331 | get_fund_portfolio_hold_em 方法已过时，建议使用 get_fund_portfolio
2026-03-27 16:24:55 | INFO     | src.core.data_fetcher:inner:294 | 获取基金 015790 持仓
2026-03-27 16:24:55 | INFO     | src.core.akshare_provider:get_fund_portfolio:370 | akshare 获取基金 015790 持仓
2026-03-27 16:24:56 | INFO     | src.core.akshare_provider:get_fund_portfolio:379 | 使用 fund_portfolio_hold_em 成功获取基金 015790 持仓
2026-03-27 16:24:56 | INFO     | src.core.data_fetcher:save_data:432 | 保存数据到 csv 文件: fund_portfolio_015790
2026-03-27 16:24:56 | INFO     | src.core.data_fetcher:save_data:452 | 数据保存成功: ./data\fund_portfolio_015790.csv
2026-03-27 16:24:56 | DEBUG    | src.update_data:update_data:80 | 获取基金 015790 基本信息失败（可选功能）: 'AkFund' object has no attribute 'get_fund_info_em'
2026-03-27 16:24:56 | INFO     | src.update_data:update_data:89 | 基金 015790 持仓数据更新成功，共 98 条记录
2026-03-27 16:24:56 | WARNING  | src.core.data_fetcher:get_fund_portfolio_hold_em:331 | get_fund_portfolio_hold_em 方法已过时，建议使用 get_fund_portfolio
2026-03-27 16:24:56 | INFO     | src.core.data_fetcher:inner:294 | 获取基金 025491 持仓
2026-03-27 16:24:56 | INFO     | src.core.akshare_provider:get_fund_portfolio:370 | akshare 获取基金 025491 持仓
2026-03-27 16:24:56 | INFO     | src.core.akshare_provider:get_fund_portfolio:379 | 使用 fund_portfolio_hold_em 成功获取基金 025491 持仓
2026-03-27 16:24:56 | INFO     | src.core.data_fetcher:save_data:432 | 保存数据到 csv 文件: fund_portfolio_025491
2026-03-27 16:24:56 | INFO     | src.core.data_fetcher:save_data:452 | 数据保存成功: ./data\fund_portfolio_025491.csv
2026-03-27 16:24:56 | DEBUG    | src.update_data:update_data:80 | 获取基金 025491 基本信息失败（可选功能）: 'AkFund' object has no attribute 'get_fund_info_em'
2026-03-27 16:24:56 | INFO     | src.update_data:update_data:89 | 基金 025491 持仓数据更新成功，共 58 条记录
2026-03-27 16:24:56 | WARNING  | src.core.data_fetcher:get_fund_portfolio_hold_em:331 | get_fund_portfolio_hold_em 方法已过时，建议使用 get_fund_portfolio
2026-03-27 16:24:56 | INFO     | src.core.data_fetcher:inner:294 | 获取基金 018957 持仓
2026-03-27 16:24:56 | INFO     | src.core.akshare_provider:get_fund_portfolio:370 | akshare 获取基金 018957 持仓
2026-03-27 16:24:56 | INFO     | src.core.akshare_provider:get_fund_portfolio:379 | 使用 fund_portfolio_hold_em 成功获取基金 018957 持仓
2026-03-27 16:24:56 | INFO     | src.core.data_fetcher:save_data:432 | 保存数据到 csv 文件: fund_portfolio_018957
2026-03-27 16:24:56 | INFO     | src.core.data_fetcher:save_data:452 | 数据保存成功: ./data\fund_portfolio_018957.csv
2026-03-27 16:24:56 | DEBUG    | src.update_data:update_data:80 | 获取基金 018957 基本信息失败（可选功能）: 'AkFund' object has no attribute 'get_fund_info_em'
2026-03-27 16:24:56 | INFO     | src.update_data:update_data:89 | 基金 018957 持仓数据更新成功，共 86 条记录
2026-03-27 16:24:56 | WARNING  | src.core.data_fetcher:get_fund_portfolio_hold_em:331 | get_fund_portfolio_hold_em 方法已过时，建议使用 get_fund_portfolio
2026-03-27 16:24:56 | INFO     | src.core.data_fetcher:inner:294 | 获取基金 017193 持仓
2026-03-27 16:24:56 | INFO     | src.core.akshare_provider:get_fund_portfolio:370 | akshare 获取基金 017193 持仓
2026-03-27 16:24:57 | INFO     | src.core.akshare_provider:get_fund_portfolio:379 | 使用 fund_portfolio_hold_em 成功获取基金 017193 持仓
2026-03-27 16:24:57 | INFO     | src.core.data_fetcher:save_data:432 | 保存数据到 csv 文件: fund_portfolio_017193
2026-03-27 16:24:57 | INFO     | src.core.data_fetcher:save_data:452 | 数据保存成功: ./data\fund_portfolio_017193.csv
2026-03-27 16:24:57 | DEBUG    | src.update_data:update_data:80 | 获取基金 017193 基本信息失败（可选功能）: 'AkFund' object has no attribute 'get_fund_info_em'
2026-03-27 16:24:57 | INFO     | src.update_data:update_data:89 | 基金 017193 持仓数据更新成功，共 70 条记录
2026-03-27 16:24:57 | WARNING  | src.core.data_fetcher:get_fund_portfolio_hold_em:331 | get_fund_portfolio_hold_em 方法已过时，建议使用 get_fund_portfolio
2026-03-27 16:24:57 | INFO     | src.core.data_fetcher:inner:294 | 获取基金 025209 持仓
2026-03-27 16:24:57 | INFO     | src.core.akshare_provider:get_fund_portfolio:370 | akshare 获取基金 025209 持仓
2026-03-27 16:24:57 | INFO     | src.core.akshare_provider:get_fund_portfolio:379 | 使用 fund_portfolio_hold_em 成功获取基金 025209 持仓
2026-03-27 16:24:57 | INFO     | src.core.data_fetcher:save_data:432 | 保存数据到 csv 文件: fund_portfolio_025209
2026-03-27 16:24:57 | INFO     | src.core.data_fetcher:save_data:452 | 数据保存成功: ./data\fund_portfolio_025209.csv
2026-03-27 16:24:57 | DEBUG    | src.update_data:update_data:80 | 获取基金 025209 基本信息失败（可选功能）: 'AkFund' object has no attribute 'get_fund_info_em'
2026-03-27 16:24:57 | INFO     | src.update_data:update_data:89 | 基金 025209 持仓数据更新成功，共 20 条记录
2026-03-27 16:24:57 | INFO     | src.update_data:update_data:100 | 步骤2: 获取所有基金的持仓股票
2026-03-27 16:24:57 | INFO     | src.analysis.quarter_filter:filter_latest_quarter_data:63 | 识别到最新季度: 2025年Q4
2026-03-27 16:24:57 | INFO     | src.analysis.quarter_filter:filter_latest_quarter_data:77 | 过滤结果: 从 81 条记录中筛选出 10 条最新季度数据
2026-03-27 16:24:57 | INFO     | src.analysis.quarter_filter:filter_latest_quarter_data:63 | 识别到最新季度: 2025年Q4
2026-03-27 16:24:57 | INFO     | src.analysis.quarter_filter:filter_latest_quarter_data:77 | 过滤结果: 从 98 条记录中筛选出 10 条最新季度数据
2026-03-27 16:24:57 | INFO     | src.analysis.quarter_filter:filter_latest_quarter_data:63 | 识别到最新季度: 2025年Q4
2026-03-27 16:24:57 | INFO     | src.analysis.quarter_filter:filter_latest_quarter_data:77 | 过滤结果: 从 58 条记录中筛选出 58 条最新季度数据
2026-03-27 16:24:57 | INFO     | src.analysis.quarter_filter:filter_latest_quarter_data:63 | 识别到最新季度: 2025年Q4
2026-03-27 16:24:57 | INFO     | src.analysis.quarter_filter:filter_latest_quarter_data:77 | 过滤结果: 从 86 条记录中筛选出 10 条最新季度数据
2026-03-27 16:24:57 | INFO     | src.analysis.quarter_filter:filter_latest_quarter_data:63 | 识别到最新季度: 2025年Q4
2026-03-27 16:24:57 | INFO     | src.analysis.quarter_filter:filter_latest_quarter_data:77 | 过滤结果: 从 70 条记录中筛选出 15 条最新季度数据
2026-03-27 16:24:57 | INFO     | src.analysis.quarter_filter:filter_latest_quarter_data:63 | 识别到最新季度: 2025年Q4
2026-03-27 16:24:57 | INFO     | src.analysis.quarter_filter:filter_latest_quarter_data:77 | 过滤结果: 从 20 条记录中筛选出 10 条最新季度数据
2026-03-27 16:24:57 | INFO     | src.update_data:update_data:114 | 需要更新的股票数量: 107
2026-03-27 16:24:57 | INFO     | src.update_data:update_data:115 | 股票代码列表: ['600111', '002532', '688778', '601168', '002046', '300672', '002151', '688783', '688709', '300762']...
2026-03-27 16:24:57 | INFO     | src.update_data:update_data:118 | 步骤3: 更新股票K线数据
2026-03-27 16:24:57 | INFO     | src.core.data_fetcher:inner:197 | 获取股票 600111 daily K线数据
2026-03-27 16:24:59 | INFO     | src.core.baostock_provider:get_stock_kline:243 | baostock 获取股票 600111 daily K线数据成功，共 1752 条
2026-03-27 16:24:59 | INFO     | src.core.data_fetcher:save_data:432 | 保存数据到 csv 文件: stock_data/600111_kline
2026-03-27 16:24:59 | INFO     | src.core.data_fetcher:save_data:452 | 数据保存成功: ./data\stock_data/600111_kline.csv
2026-03-27 16:24:59 | DEBUG    | src.update_data:update_data:144 | 股票 600111 K线数据更新成功，共 1752 条记录
2026-03-27 16:24:59 | INFO     | src.core.data_fetcher:inner:197 | 获取股票 002532 daily K线数据
2026-03-27 16:25:04 | INFO     | src.core.baostock_provider:get_stock_kline:243 | baostock 获取股票 002532 daily K线数据成功，共 1752 条
2026-03-27 16:25:04 | INFO     | src.core.data_fetcher:save_data:432 | 保存数据到 csv 文件: stock_data/002532_kline
2026-03-27 16:25:04 | INFO     | src.core.data_fetcher:save_data:452 | 数据保存成功: ./data\stock_data/002532_kline.csv
2026-03-27 16:25:04 | DEBUG    | src.update_data:update_data:144 | 股票 002532 K线数据更新成功，共 1752 条记录
2026-03-27 16:25:04 | INFO     | src.core.data_fetcher:inner:197 | 获取股票 688778 daily K线数据
2026-03-27 16:25:05 | INFO     | src.core.baostock_provider:get_stock_kline:243 | baostock 获取股票 688778 daily K线数据成功，共 1122 条
2026-03-27 16:25:05 | INFO     | src.core.data_fetcher:save_data:432 | 保存数据到 csv 文件: stock_data/688778_kline
2026-03-27 16:25:05 | INFO     | src.core.data_fetcher:save_data:452 | 数据保存成功: ./data\stock_data/688778_kline.csv
2026-03-27 16:25:05 | DEBUG    | src.update_data:update_data:144 | 股票 688778 K线数据更新成功，共 1122 条记录
2026-03-27 16:25:05 | INFO     | src.core.data_fetcher:inner:197 | 获取股票 601168 daily K线数据
2026-03-27 16:25:10 | INFO     | src.core.baostock_provider:get_stock_kline:243 | baostock 获取股票 601168 daily K线数据成功，共 1752 条
2026-03-27 16:25:10 | INFO     | src.core.data_fetcher:save_data:432 | 保存数据到 csv 文件: stock_data/601168_kline
2026-03-27 16:25:10 | INFO     | src.core.data_fetcher:save_data:452 | 数据保存成功: ./data\stock_data/601168_kline.csv
2026-03-27 16:25:10 | DEBUG    | src.update_data:update_data:144 | 股票 601168 K线数据更新成功，共 1752 条记录
2026-03-27 16:25:10 | INFO     | src.core.data_fetcher:inner:197 | 获取股票 002046 daily K线数据
2026-03-27 16:25:16 | INFO     | src.core.baostock_provider:get_stock_kline:243 | baostock 获取股票 002046 daily K线数据成功，共 1752 条
2026-03-27 16:25:16 | INFO     | src.core.data_fetcher:save_data:432 | 保存数据到 csv 文件: stock_data/002046_kline
2026-03-27 16:25:16 | INFO     | src.core.data_fetcher:save_data:452 | 数据保存成功: ./data\stock_data/002046_kline.csv
2026-03-27 16:25:16 | DEBUG    | src.update_data:update_data:144 | 股票 002046 K线数据更新成功，共 1752 条记录
2026-03-27 16:25:16 | INFO     | src.core.data_fetcher:inner:197 | 获取股票 300672 daily K线数据
2026-03-27 16:25:19 | INFO     | src.core.baostock_provider:get_stock_kline:243 | baostock 获取股票 300672 daily K线数据成功，共 1752 条
2026-03-27 16:25:19 | INFO     | src.core.data_fetcher:save_data:432 | 保存数据到 csv 文件: stock_data/300672_kline
2026-03-27 16:25:19 | INFO     | src.core.data_fetcher:save_data:452 | 数据保存成功: ./data\stock_data/300672_kline.csv
2026-03-27 16:25:19 | DEBUG    | src.update_data:update_data:144 | 股票 300672 K线数据更新成功，共 1752 条记录
2026-03-27 16:25:19 | INFO     | src.core.data_fetcher:inner:197 | 获取股票 002151 daily K线数据
2026-03-27 16:25:22 | INFO     | src.core.baostock_provider:get_stock_kline:243 | baostock 获取股票 002151 daily K线数据成功，共 1752 条
2026-03-27 16:25:22 | INFO     | src.core.data_fetcher:save_data:432 | 保存数据到 csv 文件: stock_data/002151_kline
2026-03-27 16:25:22 | INFO     | src.core.data_fetcher:save_data:452 | 数据保存成功: ./data\stock_data/002151_kline.csv
2026-03-27 16:25:22 | DEBUG    | src.update_data:update_data:144 | 股票 002151 K线数据更新成功，共 1752 条记录
2026-03-27 16:25:22 | INFO     | src.core.data_fetcher:inner:197 | 获取股票 688783 daily K线数据
2026-03-27 16:25:22 | INFO     | src.core.baostock_provider:get_stock_kline:243 | baostock 获取股票 688783 daily K线数据成功，共 100 条
2026-03-27 16:25:22 | INFO     | src.core.data_fetcher:save_data:432 | 保存数据到 csv 文件: stock_data/688783_kline
2026-03-27 16:25:22 | INFO     | src.core.data_fetcher:save_data:452 | 数据保存成功: ./data\stock_data/688783_kline.csv
2026-03-27 16:25:22 | DEBUG    | src.update_data:update_data:144 | 股票 688783 K线数据更新成功，共 100 条记录
2026-03-27 16:25:22 | INFO     | src.core.data_fetcher:inner:197 | 获取股票 688709 daily K线数据
2026-03-27 16:25:23 | INFO     | src.core.baostock_provider:get_stock_kline:243 | baostock 获取股票 688709 daily K线数据成功，共 512 条
2026-03-27 16:25:23 | INFO     | src.core.data_fetcher:save_data:432 | 保存数据到 csv 文件: stock_data/688709_kline
2026-03-27 16:25:23 | INFO     | src.core.data_fetcher:save_data:452 | 数据保存成功: ./data\stock_data/688709_kline.csv
2026-03-27 16:25:23 | DEBUG    | src.update_data:update_data:144 | 股票 688709 K线数据更新成功，共 512 条记录
2026-03-27 16:25:23 | INFO     | src.core.data_fetcher:inner:197 | 获取股票 300762 daily K线数据
2026-03-27 16:25:26 | INFO     | src.core.baostock_provider:get_stock_kline:243 | baostock 获取股票 300762 daily K线数据成功，共 1706 条
2026-03-27 16:25:26 | INFO     | src.core.data_fetcher:save_data:432 | 保存数据到 csv 文件: stock_data/300762_kline
2026-03-27 16:25:26 | INFO     | src.core.data_fetcher:save_data:452 | 数据保存成功: ./data\stock_data/300762_kline.csv
2026-03-27 16:25:26 | DEBUG    | src.update_data:update_data:144 | 股票 300762 K线数据更新成功，共 1706 条记录
2026-03-27 16:25:26 | INFO     | src.core.data_fetcher:inner:197 | 获取股票 002049 daily K线数据
2026-03-27 16:25:29 | INFO     | src.core.baostock_provider:get_stock_kline:243 | baostock 获取股票 002049 daily K线数据成功，共 1752 条
2026-03-27 16:25:29 | INFO     | src.core.data_fetcher:save_data:432 | 保存数据到 csv 文件: stock_data/002049_kline
2026-03-27 16:25:29 | INFO     | src.core.data_fetcher:save_data:452 | 数据保存成功: ./data\stock_data/002049_kline.csv
2026-03-27 16:25:29 | DEBUG    | src.update_data:update_data:144 | 股票 002049 K线数据更新成功，共 1752 条记录
2026-03-27 16:25:29 | INFO     | src.core.data_fetcher:inner:197 | 获取股票 000630 daily K线数据
2026-03-27 16:25:33 | INFO     | src.core.baostock_provider:get_stock_kline:243 | baostock 获取股票 000630 daily K线数据成功，共 1752 条
2026-03-27 16:25:33 | INFO     | src.core.data_fetcher:save_data:432 | 保存数据到 csv 文件: stock_data/000630_kline
2026-03-27 16:25:33 | INFO     | src.core.data_fetcher:save_data:452 | 数据保存成功: ./data\stock_data/000630_kline.csv
2026-03-27 16:25:33 | DEBUG    | src.update_data:update_data:144 | 股票 000630 K线数据更新成功，共 1752 条记录
2026-03-27 16:25:33 | INFO     | src.core.data_fetcher:inner:197 | 获取股票 300782 daily K线数据
2026-03-27 16:25:34 | INFO     | src.core.baostock_provider:get_stock_kline:243 | baostock 获取股票 300782 daily K线数据成功，共 1643 条
2026-03-27 16:25:34 | INFO     | src.core.data_fetcher:save_data:432 | 保存数据到 csv 文件: stock_data/300782_kline
2026-03-27 16:25:34 | INFO     | src.core.data_fetcher:save_data:452 | 数据保存成功: ./data\stock_data/300782_kline.csv
2026-03-27 16:25:34 | DEBUG    | src.update_data:update_data:144 | 股票 300782 K线数据更新成功，共 1643 条记录
2026-03-27 16:25:34 | INFO     | src.core.data_fetcher:inner:197 | 获取股票 688122 daily K线数据
2026-03-27 16:25:37 | INFO     | src.core.baostock_provider:get_stock_kline:243 | baostock 获取股票 688122 daily K线数据成功，共 1619 条
2026-03-27 16:25:37 | INFO     | src.core.data_fetcher:save_data:432 | 保存数据到 csv 文件: stock_data/688122_kline
2026-03-27 16:25:37 | INFO     | src.core.data_fetcher:save_data:452 | 数据保存成功: ./data\stock_data/688122_kline.csv
2026-03-27 16:25:37 | DEBUG    | src.update_data:update_data:144 | 股票 688122 K线数据更新成功，共 1619 条记录
2026-03-27 16:25:37 | INFO     | src.core.data_fetcher:inner:197 | 获取股票 600183 daily K线数据
2026-03-27 16:25:40 | INFO     | src.core.baostock_provider:get_stock_kline:243 | baostock 获取股票 600183 daily K线数据成功，共 1752 条
2026-03-27 16:25:40 | INFO     | src.core.data_fetcher:save_data:432 | 保存数据到 csv 文件: stock_data/600183_kline
2026-03-27 16:25:40 | INFO     | src.core.data_fetcher:save_data:452 | 数据保存成功: ./data\stock_data/600183_kline.csv
2026-03-27 16:25:40 | DEBUG    | src.update_data:update_data:144 | 股票 600183 K线数据更新成功，共 1752 条记录
2026-03-27 16:25:40 | INFO     | src.core.data_fetcher:inner:197 | 获取股票 000933 daily K线数据
2026-03-27 16:25:44 | INFO     | src.core.baostock_provider:get_stock_kline:243 | baostock 获取股票 000933 daily K线数据成功，共 1752 条
2026-03-27 16:25:44 | INFO     | src.core.data_fetcher:save_data:432 | 保存数据到 csv 文件: stock_data/000933_kline
2026-03-27 16:25:44 | INFO     | src.core.data_fetcher:save_data:452 | 数据保存成功: ./data\stock_data/000933_kline.csv
2026-03-27 16:25:44 | DEBUG    | src.update_data:update_data:144 | 股票 000933 K线数据更新成功，共 1752 条记录
2026-03-27 16:25:44 | INFO     | src.core.data_fetcher:inner:197 | 获取股票 300593 daily K线数据
2026-03-27 16:25:48 | INFO     | src.core.baostock_provider:get_stock_kline:243 | baostock 获取股票 300593 daily K线数据成功，共 1752 条
2026-03-27 16:25:48 | INFO     | src.core.data_fetcher:save_data:432 | 保存数据到 csv 文件: stock_data/300593_kline
2026-03-27 16:25:48 | INFO     | src.core.data_fetcher:save_data:452 | 数据保存成功: ./data\stock_data/300593_kline.csv
2026-03-27 16:25:48 | DEBUG    | src.update_data:update_data:144 | 股票 300593 K线数据更新成功，共 1752 条记录
2026-03-27 16:25:48 | INFO     | src.core.data_fetcher:inner:197 | 获取股票 688333 daily K线数据
2026-03-27 16:25:55 | INFO     | src.core.baostock_provider:get_stock_kline:243 | baostock 获取股票 688333 daily K线数据成功，共 1619 条
2026-03-27 16:25:55 | INFO     | src.core.data_fetcher:save_data:432 | 保存数据到 csv 文件: stock_data/688333_kline
2026-03-27 16:25:55 | INFO     | src.core.data_fetcher:save_data:452 | 数据保存成功: ./data\stock_data/688333_kline.csv
2026-03-27 16:25:55 | DEBUG    | src.update_data:update_data:144 | 股票 688333 K线数据更新成功，共 1619 条记录
2026-03-27 16:25:55 | INFO     | src.core.data_fetcher:inner:197 | 获取股票 688795 daily K线数据
2026-03-27 16:25:55 | INFO     | src.core.baostock_provider:get_stock_kline:243 | baostock 获取股票 688795 daily K线数据成功，共 72 条
2026-03-27 16:25:55 | INFO     | src.core.data_fetcher:save_data:432 | 保存数据到 csv 文件: stock_data/688795_kline
2026-03-27 16:25:55 | INFO     | src.core.data_fetcher:save_data:452 | 数据保存成功: ./data\stock_data/688795_kline.csv
2026-03-27 16:25:55 | DEBUG    | src.update_data:update_data:144 | 股票 688795 K线数据更新成功，共 72 条记录
2026-03-27 16:25:55 | INFO     | src.core.data_fetcher:inner:197 | 获取股票 300476 daily K线数据
2026-03-27 16:26:04 | INFO     | src.core.baostock_provider:get_stock_kline:243 | baostock 获取股票 300476 daily K线数据成功，共 1752 条
2026-03-27 16:26:04 | INFO     | src.core.data_fetcher:save_data:432 | 保存数据到 csv 文件: stock_data/300476_kline
2026-03-27 16:26:04 | INFO     | src.core.data_fetcher:save_data:452 | 数据保存成功: ./data\stock_data/300476_kline.csv
2026-03-27 16:26:04 | DEBUG    | src.update_data:update_data:144 | 股票 300476 K线数据更新成功，共 1752 条记录
2026-03-27 16:26:04 | INFO     | src.core.data_fetcher:inner:197 | 获取股票 300450 daily K线数据
2026-03-27 16:26:07 | INFO     | src.core.baostock_provider:get_stock_kline:243 | baostock 获取股票 300450 daily K线数据成功，共 1752 条
2026-03-27 16:26:07 | INFO     | src.core.data_fetcher:save_data:432 | 保存数据到 csv 文件: stock_data/300450_kline
2026-03-27 16:26:07 | INFO     | src.core.data_fetcher:save_data:452 | 数据保存成功: ./data\stock_data/300450_kline.csv
2026-03-27 16:26:07 | DEBUG    | src.update_data:update_data:144 | 股票 300450 K线数据更新成功，共 1752 条记录
2026-03-27 16:26:07 | INFO     | src.core.data_fetcher:inner:197 | 获取股票 300036 daily K线数据
2026-03-27 16:26:10 | INFO     | src.core.baostock_provider:get_stock_kline:243 | baostock 获取股票 300036 daily K线数据成功，共 1752 条
2026-03-27 16:26:10 | INFO     | src.core.data_fetcher:save_data:432 | 保存数据到 csv 文件: stock_data/300036_kline
2026-03-27 16:26:10 | INFO     | src.core.data_fetcher:save_data:452 | 数据保存成功: ./data\stock_data/300036_kline.csv
2026-03-27 16:26:10 | DEBUG    | src.update_data:update_data:144 | 股票 300036 K线数据更新成功，共 1752 条记录
2026-03-27 16:26:10 | INFO     | src.core.data_fetcher:inner:197 | 获取股票 688313 daily K线数据
2026-03-27 16:26:14 | INFO     | src.core.baostock_provider:get_stock_kline:243 | baostock 获取股票 688313 daily K线数据成功，共 1361 条
2026-03-27 16:26:14 | INFO     | src.core.data_fetcher:save_data:432 | 保存数据到 csv 文件: stock_data/688313_kline
2026-03-27 16:26:14 | INFO     | src.core.data_fetcher:save_data:452 | 数据保存成功: ./data\stock_data/688313_kline.csv
2026-03-27 16:26:14 | DEBUG    | src.update_data:update_data:144 | 股票 688313 K线数据更新成功，共 1361 条记录
2026-03-27 16:26:14 | INFO     | src.core.data_fetcher:inner:197 | 获取股票 688375 daily K线数据
2026-03-27 16:26:16 | INFO     | src.core.baostock_provider:get_stock_kline:243 | baostock 获取股票 688375 daily K线数据成功，共 890 条
2026-03-27 16:26:16 | INFO     | src.core.data_fetcher:save_data:432 | 保存数据到 csv 文件: stock_data/688375_kline
2026-03-27 16:26:16 | INFO     | src.core.data_fetcher:save_data:452 | 数据保存成功: ./data\stock_data/688375_kline.csv
2026-03-27 16:26:16 | DEBUG    | src.update_data:update_data:144 | 股票 688375 K线数据更新成功，共 890 条记录
2026-03-27 16:26:16 | INFO     | src.core.data_fetcher:inner:197 | 获取股票 300065 daily K线数据
2026-03-27 16:26:19 | INFO     | src.core.baostock_provider:get_stock_kline:243 | baostock 获取股票 300065 daily K线数据成功，共 1752 条
2026-03-27 16:26:19 | INFO     | src.core.data_fetcher:save_data:432 | 保存数据到 csv 文件: stock_data/300065_kline
2026-03-27 16:26:19 | INFO     | src.core.data_fetcher:save_data:452 | 数据保存成功: ./data\stock_data/300065_kline.csv
2026-03-27 16:26:19 | DEBUG    | src.update_data:update_data:144 | 股票 300065 K线数据更新成功，共 1752 条记录
2026-03-27 16:26:19 | INFO     | src.core.data_fetcher:inner:197 | 获取股票 688525 daily K线数据
2026-03-27 16:26:20 | INFO     | src.core.baostock_provider:get_stock_kline:243 | baostock 获取股票 688525 daily K线数据成功，共 781 条
2026-03-27 16:26:20 | INFO     | src.core.data_fetcher:save_data:432 | 保存数据到 csv 文件: stock_data/688525_kline
2026-03-27 16:26:20 | INFO     | src.core.data_fetcher:save_data:452 | 数据保存成功: ./data\stock_data/688525_kline.csv
2026-03-27 16:26:20 | DEBUG    | src.update_data:update_data:144 | 股票 688525 K线数据更新成功，共 781 条记录
2026-03-27 16:26:20 | INFO     | src.core.data_fetcher:inner:197 | 获取股票 300726 daily K线数据
2026-03-27 16:26:23 | INFO     | src.core.baostock_provider:get_stock_kline:243 | baostock 获取股票 300726 daily K线数据成功，共 1752 条
2026-03-27 16:26:23 | INFO     | src.core.data_fetcher:save_data:432 | 保存数据到 csv 文件: stock_data/300726_kline
2026-03-27 16:26:23 | INFO     | src.core.data_fetcher:save_data:452 | 数据保存成功: ./data\stock_data/300726_kline.csv
2026-03-27 16:26:23 | DEBUG    | src.update_data:update_data:144 | 股票 300726 K线数据更新成功，共 1752 条记录
2026-03-27 16:26:23 | INFO     | src.core.data_fetcher:inner:197 | 获取股票 300475 daily K线数据
2026-03-27 16:26:25 | INFO     | src.core.baostock_provider:get_stock_kline:243 | baostock 获取股票 300475 daily K线数据成功，共 1752 条
2026-03-27 16:26:25 | INFO     | src.core.data_fetcher:save_data:432 | 保存数据到 csv 文件: stock_data/300475_kline
2026-03-27 16:26:25 | INFO     | src.core.data_fetcher:save_data:452 | 数据保存成功: ./data\stock_data/300475_kline.csv
2026-03-27 16:26:25 | DEBUG    | src.update_data:update_data:144 | 股票 300475 K线数据更新成功，共 1752 条记录
2026-03-27 16:26:25 | INFO     | src.core.data_fetcher:inner:197 | 获取股票 603083 daily K线数据
2026-03-27 16:26:29 | INFO     | src.core.baostock_provider:get_stock_kline:243 | baostock 获取股票 603083 daily K线数据成功，共 1752 条
2026-03-27 16:26:29 | INFO     | src.core.data_fetcher:save_data:432 | 保存数据到 csv 文件: stock_data/603083_kline
2026-03-27 16:26:29 | INFO     | src.core.data_fetcher:save_data:452 | 数据保存成功: ./data\stock_data/603083_kline.csv
2026-03-27 16:26:29 | DEBUG    | src.update_data:update_data:144 | 股票 603083 K线数据更新成功，共 1752 条记录
2026-03-27 16:26:29 | INFO     | src.core.data_fetcher:inner:197 | 获取股票 002837 daily K线数据
2026-03-27 16:26:41 | INFO     | src.core.baostock_provider:get_stock_kline:243 | baostock 获取股票 002837 daily K线数据成功，共 1752 条
2026-03-27 16:26:41 | INFO     | src.core.data_fetcher:save_data:432 | 保存数据到 csv 文件: stock_data/002837_kline
2026-03-27 16:26:41 | INFO     | src.core.data_fetcher:save_data:452 | 数据保存成功: ./data\stock_data/002837_kline.csv
2026-03-27 16:26:41 | DEBUG    | src.update_data:update_data:144 | 股票 002837 K线数据更新成功，共 1752 条记录
2026-03-27 16:26:41 | INFO     | src.core.data_fetcher:inner:197 | 获取股票 601138 daily K线数据
2026-03-27 16:26:45 | INFO     | src.core.baostock_provider:get_stock_kline:243 | baostock 获取股票 601138 daily K线数据成功，共 1752 条
2026-03-27 16:26:45 | INFO     | src.core.data_fetcher:save_data:432 | 保存数据到 csv 文件: stock_data/601138_kline
2026-03-27 16:26:45 | INFO     | src.core.data_fetcher:save_data:452 | 数据保存成功: ./data\stock_data/601138_kline.csv
2026-03-27 16:26:45 | DEBUG    | src.update_data:update_data:144 | 股票 601138 K线数据更新成功，共 1752 条记录
2026-03-27 16:26:45 | INFO     | src.core.data_fetcher:inner:197 | 获取股票 688385 daily K线数据
2026-03-27 16:26:48 | INFO     | src.core.baostock_provider:get_stock_kline:243 | baostock 获取股票 688385 daily K线数据成功，共 1123 条
2026-03-27 16:26:48 | INFO     | src.core.data_fetcher:save_data:432 | 保存数据到 csv 文件: stock_data/688385_kline
2026-03-27 16:26:48 | INFO     | src.core.data_fetcher:save_data:452 | 数据保存成功: ./data\stock_data/688385_kline.csv
2026-03-27 16:26:48 | DEBUG    | src.update_data:update_data:144 | 股票 688385 K线数据更新成功，共 1123 条记录
2026-03-27 16:26:48 | INFO     | src.core.data_fetcher:inner:197 | 获取股票 300455 daily K线数据
2026-03-27 16:26:51 | INFO     | src.core.baostock_provider:get_stock_kline:243 | baostock 获取股票 300455 daily K线数据成功，共 1752 条
2026-03-27 16:26:51 | INFO     | src.core.data_fetcher:save_data:432 | 保存数据到 csv 文件: stock_data/300455_kline
2026-03-27 16:26:51 | INFO     | src.core.data_fetcher:save_data:452 | 数据保存成功: ./data\stock_data/300455_kline.csv
2026-03-27 16:26:51 | DEBUG    | src.update_data:update_data:144 | 股票 300455 K线数据更新成功，共 1752 条记录
2026-03-27 16:26:51 | INFO     | src.core.data_fetcher:inner:197 | 获取股票 002583 daily K线数据
2026-03-27 16:26:54 | INFO     | src.core.baostock_provider:get_stock_kline:243 | baostock 获取股票 002583 daily K线数据成功，共 1752 条
2026-03-27 16:26:54 | INFO     | src.core.data_fetcher:save_data:432 | 保存数据到 csv 文件: stock_data/002583_kline
2026-03-27 16:26:54 | INFO     | src.core.data_fetcher:save_data:452 | 数据保存成功: ./data\stock_data/002583_kline.csv
2026-03-27 16:26:54 | DEBUG    | src.update_data:update_data:144 | 股票 002583 K线数据更新成功，共 1752 条记录
2026-03-27 16:26:54 | INFO     | src.core.data_fetcher:inner:197 | 获取股票 002338 daily K线数据
2026-03-27 16:26:57 | INFO     | src.core.baostock_provider:get_stock_kline:243 | baostock 获取股票 002338 daily K线数据成功，共 1752 条
2026-03-27 16:26:57 | INFO     | src.core.data_fetcher:save_data:432 | 保存数据到 csv 文件: stock_data/002338_kline
2026-03-27 16:26:57 | INFO     | src.core.data_fetcher:save_data:452 | 数据保存成功: ./data\stock_data/002338_kline.csv
2026-03-27 16:26:57 | DEBUG    | src.update_data:update_data:144 | 股票 002338 K线数据更新成功，共 1752 条记录
2026-03-27 16:26:57 | INFO     | src.core.data_fetcher:inner:197 | 获取股票 000807 daily K线数据
2026-03-27 16:27:01 | INFO     | src.core.baostock_provider:get_stock_kline:243 | baostock 获取股票 000807 daily K线数据成功，共 1752 条
2026-03-27 16:27:01 | INFO     | src.core.data_fetcher:save_data:432 | 保存数据到 csv 文件: stock_data/000807_kline
2026-03-27 16:27:01 | INFO     | src.core.data_fetcher:save_data:452 | 数据保存成功: ./data\stock_data/000807_kline.csv
2026-03-27 16:27:01 | DEBUG    | src.update_data:update_data:144 | 股票 000807 K线数据更新成功，共 1752 条记录
2026-03-27 16:27:01 | INFO     | src.core.data_fetcher:inner:197 | 获取股票 688147 daily K线数据
2026-03-27 16:27:03 | INFO     | src.core.baostock_provider:get_stock_kline:243 | baostock 获取股票 688147 daily K线数据成功，共 786 条
2026-03-27 16:27:03 | INFO     | src.core.data_fetcher:save_data:432 | 保存数据到 csv 文件: stock_data/688147_kline
2026-03-27 16:27:03 | INFO     | src.core.data_fetcher:save_data:452 | 数据保存成功: ./data\stock_data/688147_kline.csv
2026-03-27 16:27:03 | DEBUG    | src.update_data:update_data:144 | 股票 688147 K线数据更新成功，共 786 条记录
2026-03-27 16:27:03 | INFO     | src.core.data_fetcher:inner:197 | 获取股票 603267 daily K线数据
2026-03-27 16:27:12 | INFO     | src.core.baostock_provider:get_stock_kline:243 | baostock 获取股票 603267 daily K线数据成功，共 1666 条
2026-03-27 16:27:12 | INFO     | src.core.data_fetcher:save_data:432 | 保存数据到 csv 文件: stock_data/603267_kline
2026-03-27 16:27:12 | INFO     | src.core.data_fetcher:save_data:452 | 数据保存成功: ./data\stock_data/603267_kline.csv
2026-03-27 16:27:12 | DEBUG    | src.update_data:update_data:144 | 股票 603267 K线数据更新成功，共 1666 条记录
2026-03-27 16:27:12 | INFO     | src.core.data_fetcher:inner:197 | 获取股票 688233 daily K线数据
2026-03-27 16:27:14 | INFO     | src.core.baostock_provider:get_stock_kline:243 | baostock 获取股票 688233 daily K线数据成功，共 1478 条
2026-03-27 16:27:14 | INFO     | src.core.data_fetcher:save_data:432 | 保存数据到 csv 文件: stock_data/688233_kline
2026-03-27 16:27:14 | INFO     | src.core.data_fetcher:save_data:452 | 数据保存成功: ./data\stock_data/688233_kline.csv
2026-03-27 16:27:14 | DEBUG    | src.update_data:update_data:144 | 股票 688233 K线数据更新成功，共 1478 条记录
2026-03-27 16:27:14 | INFO     | src.core.data_fetcher:inner:197 | 获取股票 301308 daily K线数据
2026-03-27 16:27:16 | INFO     | src.core.baostock_provider:get_stock_kline:243 | baostock 获取股票 301308 daily K线数据成功，共 880 条
2026-03-27 16:27:16 | INFO     | src.core.data_fetcher:save_data:432 | 保存数据到 csv 文件: stock_data/301308_kline
2026-03-27 16:27:16 | INFO     | src.core.data_fetcher:save_data:452 | 数据保存成功: ./data\stock_data/301308_kline.csv
2026-03-27 16:27:16 | DEBUG    | src.update_data:update_data:144 | 股票 301308 K线数据更新成功，共 880 条记录
2026-03-27 16:27:16 | INFO     | src.core.data_fetcher:inner:197 | 获取股票 688568 daily K线数据
2026-03-27 16:27:17 | INFO     | src.core.baostock_provider:get_stock_kline:243 | baostock 获取股票 688568 daily K线数据成功，共 1386 条
2026-03-27 16:27:17 | INFO     | src.core.data_fetcher:save_data:432 | 保存数据到 csv 文件: stock_data/688568_kline
2026-03-27 16:27:17 | INFO     | src.core.data_fetcher:save_data:452 | 数据保存成功: ./data\stock_data/688568_kline.csv
2026-03-27 16:27:17 | DEBUG    | src.update_data:update_data:144 | 股票 688568 K线数据更新成功，共 1386 条记录
2026-03-27 16:27:17 | INFO     | src.core.data_fetcher:inner:197 | 获取股票 688805 daily K线数据
2026-03-27 16:27:18 | INFO     | src.core.baostock_provider:get_stock_kline:243 | baostock 获取股票 688805 daily K线数据成功，共 59 条
2026-03-27 16:27:18 | INFO     | src.core.data_fetcher:save_data:432 | 保存数据到 csv 文件: stock_data/688805_kline
2026-03-27 16:27:18 | INFO     | src.core.data_fetcher:save_data:452 | 数据保存成功: ./data\stock_data/688805_kline.csv
2026-03-27 16:27:18 | DEBUG    | src.update_data:update_data:144 | 股票 688805 K线数据更新成功，共 59 条记录
2026-03-27 16:27:18 | INFO     | src.core.data_fetcher:inner:197 | 获取股票 688521 daily K线数据
2026-03-27 16:27:20 | INFO     | src.core.baostock_provider:get_stock_kline:243 | baostock 获取股票 688521 daily K线数据成功，共 1357 条
2026-03-27 16:27:20 | INFO     | src.core.data_fetcher:save_data:432 | 保存数据到 csv 文件: stock_data/688521_kline
2026-03-27 16:27:20 | INFO     | src.core.data_fetcher:save_data:452 | 数据保存成功: ./data\stock_data/688521_kline.csv
2026-03-27 16:27:20 | DEBUG    | src.update_data:update_data:144 | 股票 688521 K线数据更新成功，共 1357 条记录
2026-03-27 16:27:20 | INFO     | src.core.data_fetcher:inner:197 | 获取股票 301150 daily K线数据
2026-03-27 16:27:22 | INFO     | src.core.baostock_provider:get_stock_kline:243 | baostock 获取股票 301150 daily K线数据成功，共 952 条
2026-03-27 16:27:22 | INFO     | src.core.data_fetcher:save_data:432 | 保存数据到 csv 文件: stock_data/301150_kline
2026-03-27 16:27:22 | INFO     | src.core.data_fetcher:save_data:452 | 数据保存成功: ./data\stock_data/301150_kline.csv
2026-03-27 16:27:22 | DEBUG    | src.update_data:update_data:144 | 股票 301150 K线数据更新成功，共 952 条记录
2026-03-27 16:27:22 | INFO     | src.core.data_fetcher:inner:197 | 获取股票 300394 daily K线数据
2026-03-27 16:27:26 | INFO     | src.core.baostock_provider:get_stock_kline:243 | baostock 获取股票 300394 daily K线数据成功，共 1752 条
2026-03-27 16:27:26 | INFO     | src.core.data_fetcher:save_data:432 | 保存数据到 csv 文件: stock_data/300394_kline
2026-03-27 16:27:26 | INFO     | src.core.data_fetcher:save_data:452 | 数据保存成功: ./data\stock_data/300394_kline.csv
2026-03-27 16:27:26 | DEBUG    | src.update_data:update_data:144 | 股票 300394 K线数据更新成功，共 1752 条记录
2026-03-27 16:27:26 | INFO     | src.core.data_fetcher:inner:197 | 获取股票 688523 daily K线数据
2026-03-27 16:27:27 | INFO     | src.core.baostock_provider:get_stock_kline:243 | baostock 获取股票 688523 daily K线数据成功，共 681 条
2026-03-27 16:27:27 | INFO     | src.core.data_fetcher:save_data:432 | 保存数据到 csv 文件: stock_data/688523_kline
2026-03-27 16:27:27 | INFO     | src.core.data_fetcher:save_data:452 | 数据保存成功: ./data\stock_data/688523_kline.csv
2026-03-27 16:27:27 | DEBUG    | src.update_data:update_data:144 | 股票 688523 K线数据更新成功，共 681 条记录
2026-03-27 16:27:27 | INFO     | src.core.data_fetcher:inner:197 | 获取股票 688627 daily K线数据
2026-03-27 16:27:30 | INFO     | src.core.baostock_provider:get_stock_kline:243 | baostock 获取股票 688627 daily K线数据成功，共 651 条
2026-03-27 16:27:30 | INFO     | src.core.data_fetcher:save_data:432 | 保存数据到 csv 文件: stock_data/688627_kline
2026-03-27 16:27:30 | INFO     | src.core.data_fetcher:save_data:452 | 数据保存成功: ./data\stock_data/688627_kline.csv
2026-03-27 16:27:30 | DEBUG    | src.update_data:update_data:144 | 股票 688627 K线数据更新成功，共 651 条记录
2026-03-27 16:27:30 | INFO     | src.core.data_fetcher:inner:197 | 获取股票 301662 daily K线数据
2026-03-27 16:27:31 | INFO     | src.core.baostock_provider:get_stock_kline:243 | baostock 获取股票 301662 daily K线数据成功，共 228 条
2026-03-27 16:27:31 | INFO     | src.core.data_fetcher:save_data:432 | 保存数据到 csv 文件: stock_data/301662_kline
2026-03-27 16:27:31 | INFO     | src.core.data_fetcher:save_data:452 | 数据保存成功: ./data\stock_data/301662_kline.csv
2026-03-27 16:27:31 | DEBUG    | src.update_data:update_data:144 | 股票 301662 K线数据更新成功，共 228 条记录
2026-03-27 16:27:31 | INFO     | src.core.data_fetcher:inner:197 | 获取股票 603236 daily K线数据
2026-03-27 16:27:34 | INFO     | src.core.baostock_provider:get_stock_kline:243 | baostock 获取股票 603236 daily K线数据成功，共 1623 条
2026-03-27 16:27:34 | INFO     | src.core.data_fetcher:save_data:432 | 保存数据到 csv 文件: stock_data/603236_kline
2026-03-27 16:27:34 | INFO     | src.core.data_fetcher:save_data:452 | 数据保存成功: ./data\stock_data/603236_kline.csv
2026-03-27 16:27:34 | DEBUG    | src.update_data:update_data:144 | 股票 603236 K线数据更新成功，共 1623 条记录
2026-03-27 16:27:34 | INFO     | src.core.data_fetcher:inner:197 | 获取股票 600118 daily K线数据
2026-03-27 16:27:36 | INFO     | src.core.baostock_provider:get_stock_kline:243 | baostock 获取股票 600118 daily K线数据成功，共 1752 条
2026-03-27 16:27:36 | INFO     | src.core.data_fetcher:save_data:432 | 保存数据到 csv 文件: stock_data/600118_kline
2026-03-27 16:27:36 | INFO     | src.core.data_fetcher:save_data:452 | 数据保存成功: ./data\stock_data/600118_kline.csv
2026-03-27 16:27:36 | DEBUG    | src.update_data:update_data:144 | 股票 600118 K线数据更新成功，共 1752 条记录
2026-03-27 16:27:36 | INFO     | src.core.data_fetcher:inner:197 | 获取股票 300620 daily K线数据
2026-03-27 16:27:38 | INFO     | src.core.baostock_provider:get_stock_kline:243 | baostock 获取股票 300620 daily K线数据成功，共 1752 条
2026-03-27 16:27:38 | INFO     | src.core.data_fetcher:save_data:432 | 保存数据到 csv 文件: stock_data/300620_kline
2026-03-27 16:27:38 | INFO     | src.core.data_fetcher:save_data:452 | 数据保存成功: ./data\stock_data/300620_kline.csv
2026-03-27 16:27:38 | DEBUG    | src.update_data:update_data:144 | 股票 300620 K线数据更新成功，共 1752 条记录
2026-03-27 16:27:38 | INFO     | src.core.data_fetcher:inner:197 | 获取股票 601698 daily K线数据
2026-03-27 16:27:40 | INFO     | src.core.baostock_provider:get_stock_kline:243 | baostock 获取股票 601698 daily K线数据成功，共 1635 条
2026-03-27 16:27:40 | INFO     | src.core.data_fetcher:save_data:432 | 保存数据到 csv 文件: stock_data/601698_kline
2026-03-27 16:27:40 | INFO     | src.core.data_fetcher:save_data:452 | 数据保存成功: ./data\stock_data/601698_kline.csv
2026-03-27 16:27:40 | DEBUG    | src.update_data:update_data:144 | 股票 601698 K线数据更新成功，共 1635 条记录
2026-03-27 16:27:40 | INFO     | src.core.data_fetcher:inner:197 | 获取股票 688270 daily K线数据
2026-03-27 16:27:44 | INFO     | src.core.baostock_provider:get_stock_kline:243 | baostock 获取股票 688270 daily K线数据成功，共 1005 条
2026-03-27 16:27:44 | INFO     | src.core.data_fetcher:save_data:432 | 保存数据到 csv 文件: stock_data/688270_kline
2026-03-27 16:27:44 | INFO     | src.core.data_fetcher:save_data:452 | 数据保存成功: ./data\stock_data/688270_kline.csv
2026-03-27 16:27:44 | DEBUG    | src.update_data:update_data:144 | 股票 688270 K线数据更新成功，共 1005 条记录
2026-03-27 16:27:44 | INFO     | src.core.data_fetcher:inner:197 | 获取股票 688182 daily K线数据
2026-03-27 16:27:46 | INFO     | src.core.baostock_provider:get_stock_kline:243 | baostock 获取股票 688182 daily K线数据成功，共 1056 条
2026-03-27 16:27:46 | INFO     | src.core.data_fetcher:save_data:432 | 保存数据到 csv 文件: stock_data/688182_kline
2026-03-27 16:27:46 | INFO     | src.core.data_fetcher:save_data:452 | 数据保存成功: ./data\stock_data/688182_kline.csv
2026-03-27 16:27:46 | DEBUG    | src.update_data:update_data:144 | 股票 688182 K线数据更新成功，共 1056 条记录
2026-03-27 16:27:46 | INFO     | src.core.data_fetcher:inner:197 | 获取股票 603712 daily K线数据
2026-03-27 16:27:50 | INFO     | src.core.baostock_provider:get_stock_kline:243 | baostock 获取股票 603712 daily K线数据成功，共 1752 条
2026-03-27 16:27:50 | INFO     | src.core.data_fetcher:save_data:432 | 保存数据到 csv 文件: stock_data/603712_kline
2026-03-27 16:27:50 | INFO     | src.core.data_fetcher:save_data:452 | 数据保存成功: ./data\stock_data/603712_kline.csv
2026-03-27 16:27:50 | DEBUG    | src.update_data:update_data:144 | 股票 603712 K线数据更新成功，共 1752 条记录
2026-03-27 16:27:50 | INFO     | src.core.data_fetcher:inner:197 | 获取股票 688776 daily K线数据
2026-03-27 16:27:59 | INFO     | src.core.baostock_provider:get_stock_kline:243 | baostock 获取股票 688776 daily K线数据成功，共 1104 条
2026-03-27 16:27:59 | INFO     | src.core.data_fetcher:save_data:432 | 保存数据到 csv 文件: stock_data/688776_kline
2026-03-27 16:27:59 | INFO     | src.core.data_fetcher:save_data:452 | 数据保存成功: ./data\stock_data/688776_kline.csv
2026-03-27 16:27:59 | DEBUG    | src.update_data:update_data:144 | 股票 688776 K线数据更新成功，共 1104 条记录
2026-03-27 16:27:59 | INFO     | src.core.data_fetcher:inner:197 | 获取股票 688802 daily K线数据
2026-03-27 16:28:01 | INFO     | src.core.baostock_provider:get_stock_kline:243 | baostock 获取股票 688802 daily K线数据成功，共 64 条
2026-03-27 16:28:01 | INFO     | src.core.data_fetcher:save_data:432 | 保存数据到 csv 文件: stock_data/688802_kline
2026-03-27 16:28:01 | INFO     | src.core.data_fetcher:save_data:452 | 数据保存成功: ./data\stock_data/688802_kline.csv
2026-03-27 16:28:01 | DEBUG    | src.update_data:update_data:144 | 股票 688802 K线数据更新成功，共 64 条记录
2026-03-27 16:28:01 | INFO     | src.core.data_fetcher:inner:197 | 获取股票 600105 daily K线数据
2026-03-27 16:28:07 | INFO     | src.core.baostock_provider:get_stock_kline:243 | baostock 获取股票 600105 daily K线数据成功，共 1752 条
2026-03-27 16:28:07 | INFO     | src.core.data_fetcher:save_data:432 | 保存数据到 csv 文件: stock_data/600105_kline
2026-03-27 16:28:07 | INFO     | src.core.data_fetcher:save_data:452 | 数据保存成功: ./data\stock_data/600105_kline.csv
2026-03-27 16:28:07 | DEBUG    | src.update_data:update_data:144 | 股票 600105 K线数据更新成功，共 1752 条记录
2026-03-27 16:28:07 | INFO     | src.core.data_fetcher:inner:197 | 获取股票 002465 daily K线数据
2026-03-27 16:28:14 | INFO     | src.core.baostock_provider:get_stock_kline:243 | baostock 获取股票 002465 daily K线数据成功，共 1752 条
2026-03-27 16:28:14 | INFO     | src.core.data_fetcher:save_data:432 | 保存数据到 csv 文件: stock_data/002465_kline
2026-03-27 16:28:14 | INFO     | src.core.data_fetcher:save_data:452 | 数据保存成功: ./data\stock_data/002465_kline.csv
2026-03-27 16:28:14 | DEBUG    | src.update_data:update_data:144 | 股票 002465 K线数据更新成功，共 1752 条记录
2026-03-27 16:28:14 | INFO     | src.core.data_fetcher:inner:197 | 获取股票 301005 daily K线数据
2026-03-27 16:28:18 | INFO     | src.core.baostock_provider:get_stock_kline:243 | baostock 获取股票 301005 daily K线数据成功，共 1168 条
2026-03-27 16:28:18 | INFO     | src.core.data_fetcher:save_data:432 | 保存数据到 csv 文件: stock_data/301005_kline
2026-03-27 16:28:18 | INFO     | src.core.data_fetcher:save_data:452 | 数据保存成功: ./data\stock_data/301005_kline.csv
2026-03-27 16:28:18 | DEBUG    | src.update_data:update_data:144 | 股票 301005 K线数据更新成功，共 1168 条记录
2026-03-27 16:28:18 | INFO     | src.core.data_fetcher:inner:197 | 获取股票 688387 daily K线数据
2026-03-27 16:28:21 | INFO     | src.core.baostock_provider:get_stock_kline:243 | baostock 获取股票 688387 daily K线数据成功，共 845 条
2026-03-27 16:28:21 | INFO     | src.core.data_fetcher:save_data:432 | 保存数据到 csv 文件: stock_data/688387_kline
2026-03-27 16:28:21 | INFO     | src.core.data_fetcher:save_data:452 | 数据保存成功: ./data\stock_data/688387_kline.csv
2026-03-27 16:28:21 | DEBUG    | src.update_data:update_data:144 | 股票 688387 K线数据更新成功，共 845 条记录
2026-03-27 16:28:21 | INFO     | src.core.data_fetcher:inner:197 | 获取股票 603678 daily K线数据
2026-03-27 16:28:24 | INFO     | src.core.baostock_provider:get_stock_kline:243 | baostock 获取股票 603678 daily K线数据成功，共 1752 条
2026-03-27 16:28:24 | INFO     | src.core.data_fetcher:save_data:432 | 保存数据到 csv 文件: stock_data/603678_kline
2026-03-27 16:28:24 | INFO     | src.core.data_fetcher:save_data:452 | 数据保存成功: ./data\stock_data/603678_kline.csv
2026-03-27 16:28:24 | DEBUG    | src.update_data:update_data:144 | 股票 603678 K线数据更新成功，共 1752 条记录
2026-03-27 16:28:24 | INFO     | src.core.data_fetcher:inner:197 | 获取股票 603248 daily K线数据
2026-03-27 16:28:24 | INFO     | src.core.baostock_provider:get_stock_kline:243 | baostock 获取股票 603248 daily K线数据成功，共 60 条
2026-03-27 16:28:24 | INFO     | src.core.data_fetcher:save_data:432 | 保存数据到 csv 文件: stock_data/603248_kline
2026-03-27 16:28:24 | INFO     | src.core.data_fetcher:save_data:452 | 数据保存成功: ./data\stock_data/603248_kline.csv
2026-03-27 16:28:24 | DEBUG    | src.update_data:update_data:144 | 股票 603248 K线数据更新成功，共 60 条记录
2026-03-27 16:28:24 | INFO     | src.core.data_fetcher:inner:197 | 获取股票 300308 daily K线数据
2026-03-27 16:28:27 | INFO     | src.core.baostock_provider:get_stock_kline:243 | baostock 获取股票 300308 daily K线数据成功，共 1752 条
2026-03-27 16:28:27 | INFO     | src.core.data_fetcher:save_data:432 | 保存数据到 csv 文件: stock_data/300308_kline
2026-03-27 16:28:27 | INFO     | src.core.data_fetcher:save_data:452 | 数据保存成功: ./data\stock_data/300308_kline.csv
2026-03-27 16:28:27 | DEBUG    | src.update_data:update_data:144 | 股票 300308 K线数据更新成功，共 1752 条记录
2026-03-27 16:28:27 | INFO     | src.core.data_fetcher:inner:197 | 获取股票 300079 daily K线数据
2026-03-27 16:28:30 | INFO     | src.core.baostock_provider:get_stock_kline:243 | baostock 获取股票 300079 daily K线数据成功，共 1752 条
2026-03-27 16:28:30 | INFO     | src.core.data_fetcher:save_data:432 | 保存数据到 csv 文件: stock_data/300079_kline
2026-03-27 16:28:30 | INFO     | src.core.data_fetcher:save_data:452 | 数据保存成功: ./data\stock_data/300079_kline.csv
2026-03-27 16:28:30 | DEBUG    | src.update_data:update_data:144 | 股票 300079 K线数据更新成功，共 1752 条记录
2026-03-27 16:28:30 | INFO     | src.core.data_fetcher:inner:197 | 获取股票 002179 daily K线数据
2026-03-27 16:28:33 | INFO     | src.core.baostock_provider:get_stock_kline:243 | baostock 获取股票 002179 daily K线数据成功，共 1752 条
2026-03-27 16:28:33 | INFO     | src.core.data_fetcher:save_data:432 | 保存数据到 csv 文件: stock_data/002179_kline
2026-03-27 16:28:33 | INFO     | src.core.data_fetcher:save_data:452 | 数据保存成功: ./data\stock_data/002179_kline.csv
2026-03-27 16:28:33 | DEBUG    | src.update_data:update_data:144 | 股票 002179 K线数据更新成功，共 1752 条记录
2026-03-27 16:28:33 | INFO     | src.core.data_fetcher:inner:197 | 获取股票 301687 daily K线数据
2026-03-27 16:28:33 | INFO     | src.core.baostock_provider:get_stock_kline:243 | baostock 获取股票 301687 daily K线数据成功，共 54 条
2026-03-27 16:28:33 | INFO     | src.core.data_fetcher:save_data:432 | 保存数据到 csv 文件: stock_data/301687_kline
2026-03-27 16:28:33 | INFO     | src.core.data_fetcher:save_data:452 | 数据保存成功: ./data\stock_data/301687_kline.csv
2026-03-27 16:28:33 | DEBUG    | src.update_data:update_data:144 | 股票 301687 K线数据更新成功，共 54 条记录
2026-03-27 16:28:33 | INFO     | src.core.data_fetcher:inner:197 | 获取股票 601600 daily K线数据
2026-03-27 16:28:35 | INFO     | src.core.baostock_provider:get_stock_kline:243 | baostock 获取股票 601600 daily K线数据成功，共 1752 条
2026-03-27 16:28:35 | INFO     | src.core.data_fetcher:save_data:432 | 保存数据到 csv 文件: stock_data/601600_kline
2026-03-27 16:28:35 | INFO     | src.core.data_fetcher:save_data:452 | 数据保存成功: ./data\stock_data/601600_kline.csv
2026-03-27 16:28:35 | DEBUG    | src.update_data:update_data:144 | 股票 601600 K线数据更新成功，共 1752 条记录
2026-03-27 16:28:35 | INFO     | src.core.data_fetcher:inner:197 | 获取股票 605123 daily K线数据
2026-03-27 16:28:38 | INFO     | src.core.baostock_provider:get_stock_kline:243 | baostock 获取股票 605123 daily K线数据成功，共 1352 条
2026-03-27 16:28:38 | INFO     | src.core.data_fetcher:save_data:432 | 保存数据到 csv 文件: stock_data/605123_kline
2026-03-27 16:28:38 | INFO     | src.core.data_fetcher:save_data:452 | 数据保存成功: ./data\stock_data/605123_kline.csv
2026-03-27 16:28:38 | DEBUG    | src.update_data:update_data:144 | 股票 605123 K线数据更新成功，共 1352 条记录
2026-03-27 16:28:38 | INFO     | src.core.data_fetcher:inner:197 | 获取股票 603993 daily K线数据
2026-03-27 16:28:57 | INFO     | src.core.baostock_provider:get_stock_kline:243 | baostock 获取股票 603993 daily K线数据成功，共 1752 条
2026-03-27 16:28:57 | INFO     | src.core.data_fetcher:save_data:432 | 保存数据到 csv 文件: stock_data/603993_kline
2026-03-27 16:28:57 | INFO     | src.core.data_fetcher:save_data:452 | 数据保存成功: ./data\stock_data/603993_kline.csv
2026-03-27 16:28:57 | DEBUG    | src.update_data:update_data:144 | 股票 603993 K线数据更新成功，共 1752 条记录
2026-03-27 16:28:57 | INFO     | src.core.data_fetcher:inner:197 | 获取股票 300136 daily K线数据
2026-03-27 16:29:02 | INFO     | src.core.baostock_provider:get_stock_kline:243 | baostock 获取股票 300136 daily K线数据成功，共 1752 条
2026-03-27 16:29:02 | INFO     | src.core.data_fetcher:save_data:432 | 保存数据到 csv 文件: stock_data/300136_kline
2026-03-27 16:29:02 | INFO     | src.core.data_fetcher:save_data:452 | 数据保存成功: ./data\stock_data/300136_kline.csv
2026-03-27 16:29:02 | DEBUG    | src.update_data:update_data:144 | 股票 300136 K线数据更新成功，共 1752 条记录
2026-03-27 16:29:02 | INFO     | src.core.data_fetcher:inner:197 | 获取股票 301667 daily K线数据
2026-03-27 16:29:03 | INFO     | src.core.baostock_provider:get_stock_kline:243 | baostock 获取股票 301667 daily K线数据成功，共 60 条
2026-03-27 16:29:03 | INFO     | src.core.data_fetcher:save_data:432 | 保存数据到 csv 文件: stock_data/301667_kline
2026-03-27 16:29:03 | INFO     | src.core.data_fetcher:save_data:452 | 数据保存成功: ./data\stock_data/301667_kline.csv
2026-03-27 16:29:03 | DEBUG    | src.update_data:update_data:144 | 股票 301667 K线数据更新成功，共 60 条记录
2026-03-27 16:29:03 | INFO     | src.core.data_fetcher:inner:197 | 获取股票 000426 daily K线数据
2026-03-27 16:29:07 | INFO     | src.core.baostock_provider:get_stock_kline:243 | baostock 获取股票 000426 daily K线数据成功，共 1752 条
2026-03-27 16:29:07 | INFO     | src.core.data_fetcher:save_data:432 | 保存数据到 csv 文件: stock_data/000426_kline
2026-03-27 16:29:07 | INFO     | src.core.data_fetcher:save_data:452 | 数据保存成功: ./data\stock_data/000426_kline.csv
2026-03-27 16:29:07 | DEBUG    | src.update_data:update_data:144 | 股票 000426 K线数据更新成功，共 1752 条记录
2026-03-27 16:29:07 | INFO     | src.core.data_fetcher:inner:197 | 获取股票 002025 daily K线数据
2026-03-27 16:29:11 | INFO     | src.core.baostock_provider:get_stock_kline:243 | baostock 获取股票 002025 daily K线数据成功，共 1752 条
2026-03-27 16:29:11 | INFO     | src.core.data_fetcher:save_data:432 | 保存数据到 csv 文件: stock_data/002025_kline
2026-03-27 16:29:11 | INFO     | src.core.data_fetcher:save_data:452 | 数据保存成功: ./data\stock_data/002025_kline.csv
2026-03-27 16:29:11 | DEBUG    | src.update_data:update_data:144 | 股票 002025 K线数据更新成功，共 1752 条记录
2026-03-27 16:29:11 | INFO     | src.core.data_fetcher:inner:197 | 获取股票 002268 daily K线数据
2026-03-27 16:29:14 | INFO     | src.core.baostock_provider:get_stock_kline:243 | baostock 获取股票 002268 daily K线数据成功，共 1752 条
2026-03-27 16:29:14 | INFO     | src.core.data_fetcher:save_data:432 | 保存数据到 csv 文件: stock_data/002268_kline
2026-03-27 16:29:14 | INFO     | src.core.data_fetcher:save_data:452 | 数据保存成功: ./data\stock_data/002268_kline.csv
2026-03-27 16:29:14 | DEBUG    | src.update_data:update_data:144 | 股票 002268 K线数据更新成功，共 1752 条记录
2026-03-27 16:29:14 | INFO     | src.core.data_fetcher:inner:197 | 获取股票 300092 daily K线数据
2026-03-27 16:29:16 | INFO     | src.core.baostock_provider:get_stock_kline:243 | baostock 获取股票 300092 daily K线数据成功，共 1752 条
2026-03-27 16:29:16 | INFO     | src.core.data_fetcher:save_data:432 | 保存数据到 csv 文件: stock_data/300092_kline
2026-03-27 16:29:16 | INFO     | src.core.data_fetcher:save_data:452 | 数据保存成功: ./data\stock_data/300092_kline.csv
2026-03-27 16:29:16 | DEBUG    | src.update_data:update_data:144 | 股票 300092 K线数据更新成功，共 1752 条记录
2026-03-27 16:29:16 | INFO     | src.core.data_fetcher:inner:197 | 获取股票 688008 daily K线数据
2026-03-27 16:29:20 | INFO     | src.core.baostock_provider:get_stock_kline:243 | baostock 获取股票 688008 daily K线数据成功，共 1619 条
2026-03-27 16:29:20 | INFO     | src.core.data_fetcher:save_data:432 | 保存数据到 csv 文件: stock_data/688008_kline
2026-03-27 16:29:20 | INFO     | src.core.data_fetcher:save_data:452 | 数据保存成功: ./data\stock_data/688008_kline.csv
2026-03-27 16:29:20 | DEBUG    | src.update_data:update_data:144 | 股票 688008 K线数据更新成功，共 1619 条记录
2026-03-27 16:29:20 | INFO     | src.core.data_fetcher:inner:197 | 获取股票 000733 daily K线数据
2026-03-27 16:29:22 | INFO     | src.core.baostock_provider:get_stock_kline:243 | baostock 获取股票 000733 daily K线数据成功，共 1752 条
2026-03-27 16:29:22 | INFO     | src.core.data_fetcher:save_data:432 | 保存数据到 csv 文件: stock_data/000733_kline
2026-03-27 16:29:22 | INFO     | src.core.data_fetcher:save_data:452 | 数据保存成功: ./data\stock_data/000733_kline.csv
2026-03-27 16:29:22 | DEBUG    | src.update_data:update_data:144 | 股票 000733 K线数据更新成功，共 1752 条记录
2026-03-27 16:29:22 | INFO     | src.core.data_fetcher:inner:197 | 获取股票 605598 daily K线数据
2026-03-27 16:29:23 | INFO     | src.core.baostock_provider:get_stock_kline:243 | baostock 获取股票 605598 daily K线数据成功，共 1091 条
2026-03-27 16:29:23 | INFO     | src.core.data_fetcher:save_data:432 | 保存数据到 csv 文件: stock_data/605598_kline
2026-03-27 16:29:24 | INFO     | src.core.data_fetcher:save_data:452 | 数据保存成功: ./data\stock_data/605598_kline.csv
2026-03-27 16:29:24 | DEBUG    | src.update_data:update_data:144 | 股票 605598 K线数据更新成功，共 1091 条记录
2026-03-27 16:29:24 | INFO     | src.core.data_fetcher:inner:197 | 获取股票 300342 daily K线数据
2026-03-27 16:29:27 | INFO     | src.core.baostock_provider:get_stock_kline:243 | baostock 获取股票 300342 daily K线数据成功，共 1752 条
2026-03-27 16:29:27 | INFO     | src.core.data_fetcher:save_data:432 | 保存数据到 csv 文件: stock_data/300342_kline
2026-03-27 16:29:27 | INFO     | src.core.data_fetcher:save_data:452 | 数据保存成功: ./data\stock_data/300342_kline.csv
2026-03-27 16:29:27 | DEBUG    | src.update_data:update_data:144 | 股票 300342 K线数据更新成功，共 1752 条记录
2026-03-27 16:29:27 | INFO     | src.core.data_fetcher:inner:197 | 获取股票 600435 daily K线数据
2026-03-27 16:29:30 | INFO     | src.core.baostock_provider:get_stock_kline:243 | baostock 获取股票 600435 daily K线数据成功，共 1752 条
2026-03-27 16:29:30 | INFO     | src.core.data_fetcher:save_data:432 | 保存数据到 csv 文件: stock_data/600435_kline
2026-03-27 16:29:30 | INFO     | src.core.data_fetcher:save_data:452 | 数据保存成功: ./data\stock_data/600435_kline.csv
2026-03-27 16:29:30 | DEBUG    | src.update_data:update_data:144 | 股票 600435 K线数据更新成功，共 1752 条记录
2026-03-27 16:29:30 | INFO     | src.core.data_fetcher:inner:197 | 获取股票 300502 daily K线数据
2026-03-27 16:29:35 | INFO     | src.core.baostock_provider:get_stock_kline:243 | baostock 获取股票 300502 daily K线数据成功，共 1752 条
2026-03-27 16:29:35 | INFO     | src.core.data_fetcher:save_data:432 | 保存数据到 csv 文件: stock_data/300502_kline
2026-03-27 16:29:35 | INFO     | src.core.data_fetcher:save_data:452 | 数据保存成功: ./data\stock_data/300502_kline.csv
2026-03-27 16:29:35 | DEBUG    | src.update_data:update_data:144 | 股票 300502 K线数据更新成功，共 1752 条记录
2026-03-27 16:29:35 | INFO     | src.core.data_fetcher:inner:197 | 获取股票 301617 daily K线数据
2026-03-27 16:29:36 | INFO     | src.core.baostock_provider:get_stock_kline:243 | baostock 获取股票 301617 daily K线数据成功，共 311 条
2026-03-27 16:29:36 | INFO     | src.core.data_fetcher:save_data:432 | 保存数据到 csv 文件: stock_data/301617_kline
2026-03-27 16:29:36 | INFO     | src.core.data_fetcher:save_data:452 | 数据保存成功: ./data\stock_data/301617_kline.csv
2026-03-27 16:29:36 | DEBUG    | src.update_data:update_data:144 | 股票 301617 K线数据更新成功，共 311 条记录
2026-03-27 16:29:36 | INFO     | src.core.data_fetcher:inner:197 | 获取股票 603986 daily K线数据
2026-03-27 16:29:38 | INFO     | src.core.baostock_provider:get_stock_kline:243 | baostock 获取股票 603986 daily K线数据成功，共 1752 条
2026-03-27 16:29:38 | INFO     | src.core.data_fetcher:save_data:432 | 保存数据到 csv 文件: stock_data/603986_kline
2026-03-27 16:29:38 | INFO     | src.core.data_fetcher:save_data:452 | 数据保存成功: ./data\stock_data/603986_kline.csv
2026-03-27 16:29:38 | DEBUG    | src.update_data:update_data:144 | 股票 603986 K线数据更新成功，共 1752 条记录
2026-03-27 16:29:38 | INFO     | src.core.data_fetcher:inner:197 | 获取股票 300045 daily K线数据
2026-03-27 16:29:43 | INFO     | src.core.baostock_provider:get_stock_kline:243 | baostock 获取股票 300045 daily K线数据成功，共 1752 条
2026-03-27 16:29:43 | INFO     | src.core.data_fetcher:save_data:432 | 保存数据到 csv 文件: stock_data/300045_kline
2026-03-27 16:29:43 | INFO     | src.core.data_fetcher:save_data:452 | 数据保存成功: ./data\stock_data/300045_kline.csv
2026-03-27 16:29:43 | DEBUG    | src.update_data:update_data:144 | 股票 300045 K线数据更新成功，共 1752 条记录
2026-03-27 16:29:43 | INFO     | src.core.data_fetcher:inner:197 | 获取股票 688685 daily K线数据
2026-03-27 16:29:44 | INFO     | src.core.baostock_provider:get_stock_kline:243 | baostock 获取股票 688685 daily K线数据成功，共 1181 条
2026-03-27 16:29:44 | INFO     | src.core.data_fetcher:save_data:432 | 保存数据到 csv 文件: stock_data/688685_kline
2026-03-27 16:29:44 | INFO     | src.core.data_fetcher:save_data:452 | 数据保存成功: ./data\stock_data/688685_kline.csv
2026-03-27 16:29:44 | DEBUG    | src.update_data:update_data:144 | 股票 688685 K线数据更新成功，共 1181 条记录
2026-03-27 16:29:44 | INFO     | src.core.data_fetcher:inner:197 | 获取股票 002565 daily K线数据
2026-03-27 16:29:47 | INFO     | src.core.baostock_provider:get_stock_kline:243 | baostock 获取股票 002565 daily K线数据成功，共 1752 条
2026-03-27 16:29:47 | INFO     | src.core.data_fetcher:save_data:432 | 保存数据到 csv 文件: stock_data/002565_kline
2026-03-27 16:29:47 | INFO     | src.core.data_fetcher:save_data:452 | 数据保存成功: ./data\stock_data/002565_kline.csv
2026-03-27 16:29:47 | DEBUG    | src.update_data:update_data:144 | 股票 002565 K线数据更新成功，共 1752 条记录
2026-03-27 16:29:47 | INFO     | src.core.data_fetcher:inner:197 | 获取股票 001396 daily K线数据
2026-03-27 16:29:47 | INFO     | src.core.baostock_provider:get_stock_kline:243 | baostock 获取股票 001396 daily K线数据成功，共 55 条
2026-03-27 16:29:47 | INFO     | src.core.data_fetcher:save_data:432 | 保存数据到 csv 文件: stock_data/001396_kline
2026-03-27 16:29:47 | INFO     | src.core.data_fetcher:save_data:452 | 数据保存成功: ./data\stock_data/001396_kline.csv
2026-03-27 16:29:47 | DEBUG    | src.update_data:update_data:144 | 股票 001396 K线数据更新成功，共 55 条记录
2026-03-27 16:29:47 | INFO     | src.core.data_fetcher:inner:197 | 获取股票 688228 daily K线数据
2026-03-27 16:29:49 | INFO     | src.core.baostock_provider:get_stock_kline:243 | baostock 获取股票 688228 daily K线数据成功，共 1453 条
2026-03-27 16:29:49 | INFO     | src.core.data_fetcher:save_data:432 | 保存数据到 csv 文件: stock_data/688228_kline
2026-03-27 16:29:49 | INFO     | src.core.data_fetcher:save_data:452 | 数据保存成功: ./data\stock_data/688228_kline.csv
2026-03-27 16:29:49 | DEBUG    | src.update_data:update_data:144 | 股票 688228 K线数据更新成功，共 1453 条记录
2026-03-27 16:29:49 | INFO     | src.core.data_fetcher:inner:197 | 获取股票 001280 daily K线数据
2026-03-27 16:29:49 | INFO     | src.core.baostock_provider:get_stock_kline:243 | baostock 获取股票 001280 daily K线数据成功，共 74 条
2026-03-27 16:29:49 | INFO     | src.core.data_fetcher:save_data:432 | 保存数据到 csv 文件: stock_data/001280_kline
2026-03-27 16:29:49 | INFO     | src.core.data_fetcher:save_data:452 | 数据保存成功: ./data\stock_data/001280_kline.csv
2026-03-27 16:29:49 | DEBUG    | src.update_data:update_data:144 | 股票 001280 K线数据更新成功，共 74 条记录
2026-03-27 16:29:49 | INFO     | src.core.data_fetcher:inner:197 | 获取股票 688155 daily K线数据
2026-03-27 16:29:53 | INFO     | src.core.baostock_provider:get_stock_kline:243 | baostock 获取股票 688155 daily K线数据成功，共 1362 条
2026-03-27 16:29:53 | INFO     | src.core.data_fetcher:save_data:432 | 保存数据到 csv 文件: stock_data/688155_kline
2026-03-27 16:29:53 | INFO     | src.core.data_fetcher:save_data:452 | 数据保存成功: ./data\stock_data/688155_kline.csv
2026-03-27 16:29:53 | DEBUG    | src.update_data:update_data:144 | 股票 688155 K线数据更新成功，共 1362 条记录
2026-03-27 16:29:53 | INFO     | src.core.data_fetcher:inner:197 | 获取股票 688759 daily K线数据
2026-03-27 16:29:54 | INFO     | src.core.baostock_provider:get_stock_kline:243 | baostock 获取股票 688759 daily K线数据成功，共 100 条
2026-03-27 16:29:54 | INFO     | src.core.data_fetcher:save_data:432 | 保存数据到 csv 文件: stock_data/688759_kline
2026-03-27 16:29:54 | INFO     | src.core.data_fetcher:save_data:452 | 数据保存成功: ./data\stock_data/688759_kline.csv
2026-03-27 16:29:54 | DEBUG    | src.update_data:update_data:144 | 股票 688759 K线数据更新成功，共 100 条记录
2026-03-27 16:29:54 | INFO     | src.core.data_fetcher:inner:197 | 获取股票 002405 daily K线数据
2026-03-27 16:29:57 | INFO     | src.core.baostock_provider:get_stock_kline:243 | baostock 获取股票 002405 daily K线数据成功，共 1752 条
2026-03-27 16:29:57 | INFO     | src.core.data_fetcher:save_data:432 | 保存数据到 csv 文件: stock_data/002405_kline
2026-03-27 16:29:57 | INFO     | src.core.data_fetcher:save_data:452 | 数据保存成功: ./data\stock_data/002405_kline.csv
2026-03-27 16:29:57 | DEBUG    | src.update_data:update_data:144 | 股票 002405 K线数据更新成功，共 1752 条记录
2026-03-27 16:29:57 | INFO     | src.core.data_fetcher:inner:197 | 获取股票 300101 daily K线数据
2026-03-27 16:30:00 | INFO     | src.core.baostock_provider:get_stock_kline:243 | baostock 获取股票 300101 daily K线数据成功，共 1752 条
2026-03-27 16:30:00 | INFO     | src.core.data_fetcher:save_data:432 | 保存数据到 csv 文件: stock_data/300101_kline
2026-03-27 16:30:00 | INFO     | src.core.data_fetcher:save_data:452 | 数据保存成功: ./data\stock_data/300101_kline.csv
2026-03-27 16:30:00 | DEBUG    | src.update_data:update_data:144 | 股票 300101 K线数据更新成功，共 1752 条记录
2026-03-27 16:30:00 | INFO     | src.core.data_fetcher:inner:197 | 获取股票 600877 daily K线数据
2026-03-27 16:30:02 | INFO     | src.core.baostock_provider:get_stock_kline:243 | baostock 获取股票 600877 daily K线数据成功，共 1752 条
2026-03-27 16:30:02 | INFO     | src.core.data_fetcher:save_data:432 | 保存数据到 csv 文件: stock_data/600877_kline
2026-03-27 16:30:02 | INFO     | src.core.data_fetcher:save_data:452 | 数据保存成功: ./data\stock_data/600877_kline.csv
2026-03-27 16:30:02 | DEBUG    | src.update_data:update_data:144 | 股票 600877 K线数据更新成功，共 1752 条记录
2026-03-27 16:30:02 | INFO     | src.core.data_fetcher:inner:197 | 获取股票 600362 daily K线数据
2026-03-27 16:30:05 | INFO     | src.core.baostock_provider:get_stock_kline:243 | baostock 获取股票 600362 daily K线数据成功，共 1752 条
2026-03-27 16:30:05 | INFO     | src.core.data_fetcher:save_data:432 | 保存数据到 csv 文件: stock_data/600362_kline
2026-03-27 16:30:05 | INFO     | src.core.data_fetcher:save_data:452 | 数据保存成功: ./data\stock_data/600362_kline.csv
2026-03-27 16:30:05 | DEBUG    | src.update_data:update_data:144 | 股票 600362 K线数据更新成功，共 1752 条记录
2026-03-27 16:30:05 | INFO     | src.core.data_fetcher:inner:197 | 获取股票 688809 daily K线数据
2026-03-27 16:30:05 | INFO     | src.core.baostock_provider:get_stock_kline:243 | baostock 获取股票 688809 daily K线数据成功，共 55 条
2026-03-27 16:30:05 | INFO     | src.core.data_fetcher:save_data:432 | 保存数据到 csv 文件: stock_data/688809_kline
2026-03-27 16:30:05 | INFO     | src.core.data_fetcher:save_data:452 | 数据保存成功: ./data\stock_data/688809_kline.csv
2026-03-27 16:30:05 | DEBUG    | src.update_data:update_data:144 | 股票 688809 K线数据更新成功，共 55 条记录
2026-03-27 16:30:05 | INFO     | src.core.data_fetcher:inner:197 | 获取股票 300223 daily K线数据
2026-03-27 16:30:09 | INFO     | src.core.baostock_provider:get_stock_kline:243 | baostock 获取股票 300223 daily K线数据成功，共 1752 条
2026-03-27 16:30:09 | INFO     | src.core.data_fetcher:save_data:432 | 保存数据到 csv 文件: stock_data/300223_kline
2026-03-27 16:30:09 | INFO     | src.core.data_fetcher:save_data:452 | 数据保存成功: ./data\stock_data/300223_kline.csv
2026-03-27 16:30:09 | DEBUG    | src.update_data:update_data:144 | 股票 300223 K线数据更新成功，共 1752 条记录
2026-03-27 16:30:09 | INFO     | src.core.data_fetcher:inner:197 | 获取股票 002846 daily K线数据
2026-03-27 16:30:12 | INFO     | src.core.baostock_provider:get_stock_kline:243 | baostock 获取股票 002846 daily K线数据成功，共 1752 条
2026-03-27 16:30:12 | INFO     | src.core.data_fetcher:save_data:432 | 保存数据到 csv 文件: stock_data/002846_kline
2026-03-27 16:30:12 | INFO     | src.core.data_fetcher:save_data:452 | 数据保存成功: ./data\stock_data/002846_kline.csv
2026-03-27 16:30:12 | DEBUG    | src.update_data:update_data:144 | 股票 002846 K线数据更新成功，共 1752 条记录
2026-03-27 16:30:12 | INFO     | src.core.data_fetcher:inner:197 | 获取股票 002149 daily K线数据
2026-03-27 16:30:19 | INFO     | src.core.baostock_provider:get_stock_kline:243 | baostock 获取股票 002149 daily K线数据成功，共 1752 条
2026-03-27 16:30:19 | INFO     | src.core.data_fetcher:save_data:432 | 保存数据到 csv 文件: stock_data/002149_kline
2026-03-27 16:30:19 | INFO     | src.core.data_fetcher:save_data:452 | 数据保存成功: ./data\stock_data/002149_kline.csv
2026-03-27 16:30:19 | DEBUG    | src.update_data:update_data:144 | 股票 002149 K线数据更新成功，共 1752 条记录
2026-03-27 16:30:19 | INFO     | src.core.data_fetcher:inner:197 | 获取股票 001309 daily K线数据
2026-03-27 16:30:20 | INFO     | src.core.baostock_provider:get_stock_kline:243 | baostock 获取股票 001309 daily K线数据成功，共 905 条
2026-03-27 16:30:20 | INFO     | src.core.data_fetcher:save_data:432 | 保存数据到 csv 文件: stock_data/001309_kline
2026-03-27 16:30:20 | INFO     | src.core.data_fetcher:save_data:452 | 数据保存成功: ./data\stock_data/001309_kline.csv
2026-03-27 16:30:20 | DEBUG    | src.update_data:update_data:144 | 股票 001309 K线数据更新成功，共 905 条记录
2026-03-27 16:30:20 | INFO     | src.core.data_fetcher:inner:197 | 获取股票 600345 daily K线数据
2026-03-27 16:30:24 | INFO     | src.core.baostock_provider:get_stock_kline:243 | baostock 获取股票 600345 daily K线数据成功，共 1752 条
2026-03-27 16:30:24 | INFO     | src.core.data_fetcher:save_data:432 | 保存数据到 csv 文件: stock_data/600345_kline
2026-03-27 16:30:24 | INFO     | src.core.data_fetcher:save_data:452 | 数据保存成功: ./data\stock_data/600345_kline.csv
2026-03-27 16:30:24 | DEBUG    | src.update_data:update_data:144 | 股票 600345 K线数据更新成功，共 1752 条记录
2026-03-27 16:30:24 | INFO     | src.core.data_fetcher:inner:197 | 获取股票 000801 daily K线数据
2026-03-27 16:30:27 | INFO     | src.core.baostock_provider:get_stock_kline:243 | baostock 获取股票 000801 daily K线数据成功，共 1752 条
2026-03-27 16:30:27 | INFO     | src.core.data_fetcher:save_data:432 | 保存数据到 csv 文件: stock_data/000801_kline
2026-03-27 16:30:27 | INFO     | src.core.data_fetcher:save_data:452 | 数据保存成功: ./data\stock_data/000801_kline.csv
2026-03-27 16:30:27 | DEBUG    | src.update_data:update_data:144 | 股票 000801 K线数据更新成功，共 1752 条记录
2026-03-27 16:30:27 | INFO     | src.core.data_fetcher:inner:197 | 获取股票 300053 daily K线数据
2026-03-27 16:30:30 | INFO     | src.core.baostock_provider:get_stock_kline:243 | baostock 获取股票 300053 daily K线数据成功，共 1752 条
2026-03-27 16:30:30 | INFO     | src.core.data_fetcher:save_data:432 | 保存数据到 csv 文件: stock_data/300053_kline
2026-03-27 16:30:30 | INFO     | src.core.data_fetcher:save_data:452 | 数据保存成功: ./data\stock_data/300053_kline.csv
2026-03-27 16:30:30 | DEBUG    | src.update_data:update_data:144 | 股票 300053 K线数据更新成功，共 1752 条记录
2026-03-27 16:30:30 | INFO     | src.core.data_fetcher:inner:197 | 获取股票 600879 daily K线数据
2026-03-27 16:30:33 | INFO     | src.core.baostock_provider:get_stock_kline:243 | baostock 获取股票 600879 daily K线数据成功，共 1752 条
2026-03-27 16:30:33 | INFO     | src.core.data_fetcher:save_data:432 | 保存数据到 csv 文件: stock_data/600879_kline
2026-03-27 16:30:33 | INFO     | src.core.data_fetcher:save_data:452 | 数据保存成功: ./data\stock_data/600879_kline.csv
2026-03-27 16:30:33 | DEBUG    | src.update_data:update_data:144 | 股票 600879 K线数据更新成功，共 1752 条记录
2026-03-27 16:30:33 | INFO     | src.core.data_fetcher:inner:197 | 获取股票 300627 daily K线数据
2026-03-27 16:30:36 | INFO     | src.core.baostock_provider:get_stock_kline:243 | baostock 获取股票 300627 daily K线数据成功，共 1752 条
2026-03-27 16:30:36 | INFO     | src.core.data_fetcher:save_data:432 | 保存数据到 csv 文件: stock_data/300627_kline
2026-03-27 16:30:36 | INFO     | src.core.data_fetcher:save_data:452 | 数据保存成功: ./data\stock_data/300627_kline.csv
2026-03-27 16:30:36 | DEBUG    | src.update_data:update_data:144 | 股票 300627 K线数据更新成功，共 1752 条记录
2026-03-27 16:30:36 | INFO     | src.core.data_fetcher:inner:197 | 获取股票 688499 daily K线数据
2026-03-27 16:30:39 | INFO     | src.core.baostock_provider:get_stock_kline:243 | baostock 获取股票 688499 daily K线数据成功，共 1147 条
2026-03-27 16:30:39 | INFO     | src.core.data_fetcher:save_data:432 | 保存数据到 csv 文件: stock_data/688499_kline
2026-03-27 16:30:39 | INFO     | src.core.data_fetcher:save_data:452 | 数据保存成功: ./data\stock_data/688499_kline.csv
2026-03-27 16:30:39 | DEBUG    | src.update_data:update_data:144 | 股票 688499 K线数据更新成功，共 1147 条记录
2026-03-27 16:30:39 | INFO     | src.update_data:update_data:162 | 步骤4: 生成汇总报告
2026-03-27 16:30:39 | INFO     | src.update_data:update_data:169 | ============================================================
2026-03-27 16:30:39 | INFO     | src.update_data:update_data:170 | 数据更新完成!
2026-03-27 16:30:39 | INFO     | src.update_data:update_data:171 | ============================================================
2026-03-27 16:30:39 | INFO     | src.update_data:update_data:172 | 基金数据: 成功 6 / 失败 0
2026-03-27 16:30:39 | INFO     | src.update_data:update_data:173 | 股票数据: 成功 107 / 失败 0
2026-03-27 16:30:39 | INFO     | src.update_data:update_data:174 | 总更新记录: 113 条
2026-03-27 16:30:39 | INFO     | src.update_data:update_data:175 | ============================================================
2026-03-27 16:30:39 | ERROR    | src.notify.channels.base:send:80 | NtfyChannel 发送异常 (尝试 1/3): HTTPSConnectionPool(host='ntfy.sh', port=443): Max retries exceeded with url: /process-notify-001 (Caused by SSLError(SSLEOFError(8, 'EOF occurred in violation of protocol (_ssl.c:997)')))
2026-03-27 16:30:40 | ERROR    | src.notify.channels.base:send:80 | NtfyChannel 发送异常 (尝试 2/3): HTTPSConnectionPool(host='ntfy.sh', port=443): Max retries exceeded with url: /process-notify-001 (Caused by SSLError(SSLEOFError(8, 'EOF occurred in violation of protocol (_ssl.c:997)')))
2026-03-27 16:30:41 | ERROR    | src.notify.channels.base:send:80 | NtfyChannel 发送异常 (尝试 3/3): HTTPSConnectionPool(host='ntfy.sh', port=443): Max retries exceeded with url: /process-notify-001 (Caused by SSLError(SSLEOFError(8, 'EOF occurred in violation of protocol (_ssl.c:997)')))
2026-03-27 16:30:41 | INFO     | src.notify.channels.markdown:_do_send:75 | Markdown 文件已保存: ./notify_logs\notify_20260327_163041.md
2026-03-27 16:30:41 | INFO     | src.update_data:run_update_workflow:203 | 数据更新流程完成!
2026-03-27 16:30:41 | INFO     | __main__:main:121 | ✅ 数据更新完成！处理了 4 个基金
2026-03-27 16:30:41 | INFO     | __main__:main:122 | 
2026-03-27 16:30:41 | INFO     | __main__:main:129 | ============================================================
2026-03-27 16:30:41 | INFO     | __main__:main:130 | [步骤 2/3] 正在执行：技术指标计算
2026-03-27 16:30:41 | INFO     | __main__:main:131 | ============================================================
2026-03-27 16:30:41 | INFO     | src.core.data_factory:create_provider:43 | 创建数据源提供者: akshare
2026-03-27 16:30:41 | INFO     | src.core.data_factory:_init_providers:127 | 初始化数据源提供者: akshare
2026-03-27 16:30:44 | INFO     | src.core.baostock_provider:login:42 | baostock 登录成功
2026-03-27 16:30:44 | INFO     | src.core.data_factory:create_provider:43 | 创建数据源提供者: baostock
2026-03-27 16:30:44 | INFO     | src.core.data_factory:_init_providers:127 | 初始化数据源提供者: baostock
2026-03-27 16:30:44 | INFO     | src.core.data_factory:__init__:117 | 多数据源数据获取器初始化完成
2026-03-27 16:30:44 | INFO     | src.core.data_factory:__init__:118 | 股票数据源: baostock
2026-03-27 16:30:44 | INFO     | src.core.data_factory:__init__:119 | 基金数据源: akshare
2026-03-27 16:30:44 | INFO     | src.data.reader:__init__:29 | 数据读取器初始化完成，基础路径: data
2026-03-27 16:30:44 | INFO     | src.workflow.technical:run_batch:212 | 开始批量处理 6 个基金的技术指标计算
2026-03-27 16:30:44 | INFO     | src.workflow.technical:run_batch:213 | 基金代码列表: ['005538', '015790', '025491', '018957', '017193', '025209']
2026-03-27 16:30:44 | INFO     | src.workflow.technical:run_batch:219 | 
============================================================
2026-03-27 16:30:44 | INFO     | src.workflow.technical:run_batch:220 | 开始处理基金: 005538
2026-03-27 16:30:44 | INFO     | src.workflow.technical:process_fund:99 | 开始处理基金 005538 的持仓股票技术指标计算
2026-03-27 16:30:44 | INFO     | src.workflow.base:get_fund_holdings:85 | 获取基金 005538 的持仓数据
2026-03-27 16:30:44 | INFO     | src.core.data_fetcher:inner:294 | 获取基金 005538 持仓
2026-03-27 16:30:44 | INFO     | src.core.akshare_provider:get_fund_portfolio:370 | akshare 获取基金 005538 持仓
2026-03-27 16:30:44 | INFO     | src.core.baostock_provider:logout:59 | baostock 已登出
2026-03-27 16:30:44 | INFO     | src.core.akshare_provider:get_fund_portfolio:379 | 使用 fund_portfolio_hold_em 成功获取基金 005538 持仓
2026-03-27 16:30:44 | INFO     | src.workflow.base:filter_latest_quarter:101 | 过滤最新季度数据
2026-03-27 16:30:44 | INFO     | src.analysis.quarter_filter:filter_latest_quarter_data:63 | 识别到最新季度: 2025年Q4
2026-03-27 16:30:44 | INFO     | src.analysis.quarter_filter:filter_latest_quarter_data:77 | 过滤结果: 从 81 条记录中筛选出 10 条最新季度数据
2026-03-27 16:30:44 | INFO     | src.workflow.technical:process_fund:116 | 最新季度持仓股票数量: 10
2026-03-27 16:30:44 | INFO     | src.workflow.technical:process_fund:117 | 股票代码列表: ['301662', '688778', '688155', '300450', '301617', '688147', '688499', '301150', '002846', '300092']
2026-03-27 16:30:44 | INFO     | src.workflow.base:get_stock_data:115 | 批量处理 10 只股票的数据
2026-03-27 16:30:45 | INFO     | src.data.reader:list_files:221 | 在 data\stock_data 中找到 128 个文件
2026-03-27 16:30:45 | INFO     | src.data.reader:list_stock_files:241 | 找到 128 个股票数据文件
2026-03-27 16:30:45 | INFO     | src.data.reader:read_csv:53 | 读取CSV文件: data\stock_data\301662_kline.csv
2026-03-27 16:30:45 | INFO     | src.data.reader:list_files:221 | 在 data\stock_data 中找到 128 个文件
2026-03-27 16:30:45 | INFO     | src.data.reader:list_stock_files:241 | 找到 128 个股票数据文件
2026-03-27 16:30:45 | INFO     | src.data.reader:read_csv:53 | 读取CSV文件: data\stock_data\688778_kline.csv
2026-03-27 16:30:45 | INFO     | src.data.reader:list_files:221 | 在 data\stock_data 中找到 128 个文件
2026-03-27 16:30:45 | INFO     | src.data.reader:list_files:221 | 在 data\stock_data 中找到 128 个文件
2026-03-27 16:30:45 | INFO     | src.data.reader:list_files:221 | 在 data\stock_data 中找到 128 个文件
2026-03-27 16:30:45 | INFO     | src.data.reader:list_files:221 | 在 data\stock_data 中找到 128 个文件
2026-03-27 16:30:45 | INFO     | src.data.reader:list_stock_files:241 | 找到 128 个股票数据文件
2026-03-27 16:30:45 | INFO     | src.data.reader:read_csv:57 | 成功读取 228 行数据
2026-03-27 16:30:45 | INFO     | src.data.reader:list_stock_files:241 | 找到 128 个股票数据文件
2026-03-27 16:30:45 | INFO     | src.data.reader:list_files:221 | 在 data\stock_data 中找到 128 个文件
2026-03-27 16:30:45 | INFO     | src.data.reader:list_files:221 | 在 data\stock_data 中找到 128 个文件
2026-03-27 16:30:45 | INFO     | src.data.reader:list_stock_files:241 | 找到 128 个股票数据文件
2026-03-27 16:30:45 | INFO     | src.data.reader:list_stock_files:241 | 找到 128 个股票数据文件
2026-03-27 16:30:45 | INFO     | src.data.reader:read_csv:53 | 读取CSV文件: data\stock_data\300450_kline.csv
2026-03-27 16:30:45 | INFO     | src.data.reader:read_csv:53 | 读取CSV文件: data\stock_data\688155_kline.csv
2026-03-27 16:30:45 | INFO     | src.data.reader:list_stock_files:241 | 找到 128 个股票数据文件
2026-03-27 16:30:45 | INFO     | src.data.reader:list_stock_files:241 | 找到 128 个股票数据文件
2026-03-27 16:30:45 | INFO     | src.data.reader:read_csv:57 | 成功读取 1122 行数据
2026-03-27 16:30:45 | INFO     | src.data.reader:read_csv:53 | 读取CSV文件: data\stock_data\301150_kline.csv
2026-03-27 16:30:45 | INFO     | src.data.reader:read_csv:53 | 读取CSV文件: data\stock_data\688147_kline.csv
2026-03-27 16:30:45 | INFO     | src.data.reader:read_csv:53 | 读取CSV文件: data\stock_data\301617_kline.csv
2026-03-27 16:30:45 | INFO     | src.data.reader:read_csv:53 | 读取CSV文件: data\stock_data\688499_kline.csv
2026-03-27 16:30:45 | INFO     | src.data.reader:read_csv:57 | 成功读取 1752 行数据
2026-03-27 16:30:45 | INFO     | src.data.reader:read_csv:57 | 成功读取 1362 行数据
2026-03-27 16:30:45 | INFO     | src.data.reader:read_csv:57 | 成功读取 311 行数据
2026-03-27 16:30:45 | INFO     | src.data.reader:read_csv:57 | 成功读取 952 行数据
2026-03-27 16:30:45 | INFO     | src.data.reader:read_csv:57 | 成功读取 786 行数据
2026-03-27 16:30:45 | INFO     | src.data.reader:read_csv:57 | 成功读取 1147 行数据
2026-03-27 16:30:45 | INFO     | src.data.reader:list_files:221 | 在 data\stock_data 中找到 128 个文件
2026-03-27 16:30:45 | INFO     | src.data.reader:list_stock_files:241 | 找到 128 个股票数据文件
2026-03-27 16:30:45 | INFO     | src.data.reader:read_csv:53 | 读取CSV文件: data\stock_data\002846_kline.csv
2026-03-27 16:30:45 | INFO     | src.data.reader:list_files:221 | 在 data\stock_data 中找到 128 个文件
2026-03-27 16:30:45 | INFO     | src.data.reader:list_stock_files:241 | 找到 128 个股票数据文件
2026-03-27 16:30:45 | INFO     | src.data.reader:read_csv:53 | 读取CSV文件: data\stock_data\300092_kline.csv
2026-03-27 16:30:45 | INFO     | src.data.reader:read_csv:57 | 成功读取 1752 行数据
2026-03-27 16:30:45 | INFO     | src.data.reader:read_csv:57 | 成功读取 1752 行数据
2026-03-27 16:30:45 | INFO     | src.utils.concurrency:process_batch:70 | 获取股票数据: 10/10
2026-03-27 16:30:45 | INFO     | src.workflow.base:get_stock_data:171 | 成功获取 10 只股票的数据
2026-03-27 16:30:45 | INFO     | src.workflow.technical:process_fund:133 | 开始计算技术指标和信号判断
2026-03-27 16:30:45 | INFO     | src.workflow.base:calculate_technical_indicators:188 | 计算股票 301662 的技术指标
2026-03-27 16:30:45 | INFO     | src.workflow.base:calculate_technical_indicators:188 | 计算股票 688778 的技术指标
2026-03-27 16:30:45 | INFO     | src.indicators.technical_indicators:calculate_ma:133 | 计算 5 日移动平均线完成
2026-03-27 16:30:45 | INFO     | src.workflow.base:calculate_technical_indicators:188 | 计算股票 300450 的技术指标
2026-03-27 16:30:45 | INFO     | src.indicators.technical_indicators:calculate_ma:133 | 计算 10 日移动平均线完成
2026-03-27 16:30:45 | INFO     | src.indicators.technical_indicators:calculate_ma:133 | 计算 5 日移动平均线完成
2026-03-27 16:30:45 | INFO     | src.indicators.technical_indicators:calculate_ma:133 | 计算 20 日移动平均线完成
2026-03-27 16:30:45 | INFO     | src.indicators.technical_indicators:calculate_ma:133 | 计算 5 日移动平均线完成
2026-03-27 16:30:45 | INFO     | src.workflow.base:calculate_technical_indicators:188 | 计算股票 688155 的技术指标
2026-03-27 16:30:45 | INFO     | src.workflow.base:calculate_technical_indicators:188 | 计算股票 301617 的技术指标
2026-03-27 16:30:45 | INFO     | src.indicators.technical_indicators:calculate_ma:133 | 计算 30 日移动平均线完成
2026-03-27 16:30:45 | INFO     | src.indicators.technical_indicators:calculate_ma:133 | 计算 10 日移动平均线完成
2026-03-27 16:30:45 | INFO     | src.workflow.base:calculate_technical_indicators:188 | 计算股票 301150 的技术指标
2026-03-27 16:30:45 | INFO     | src.indicators.technical_indicators:calculate_ma:133 | 计算 10 日移动平均线完成
2026-03-27 16:30:45 | INFO     | src.indicators.technical_indicators:calculate_ma:133 | 计算 5 日移动平均线完成
2026-03-27 16:30:45 | INFO     | src.workflow.base:calculate_technical_indicators:188 | 计算股票 688147 的技术指标
2026-03-27 16:30:45 | INFO     | src.indicators.technical_indicators:calculate_ma:133 | 计算 5 日移动平均线完成
2026-03-27 16:30:45 | INFO     | src.workflow.base:calculate_technical_indicators:188 | 计算股票 688499 的技术指标
2026-03-27 16:30:45 | INFO     | src.indicators.technical_indicators:calculate_ma:133 | 计算 60 日移动平均线完成
2026-03-27 16:30:45 | INFO     | src.indicators.technical_indicators:calculate_ma:133 | 计算 20 日移动平均线完成
2026-03-27 16:30:45 | INFO     | src.indicators.technical_indicators:calculate_ma:133 | 计算 5 日移动平均线完成
2026-03-27 16:30:45 | INFO     | src.indicators.technical_indicators:calculate_ma:133 | 计算 20 日移动平均线完成
2026-03-27 16:30:45 | INFO     | src.indicators.technical_indicators:calculate_ma:133 | 计算 10 日移动平均线完成
2026-03-27 16:30:45 | INFO     | src.indicators.technical_indicators:calculate_ma:133 | 计算 10 日移动平均线完成
2026-03-27 16:30:45 | INFO     | src.indicators.technical_indicators:calculate_ma:133 | 计算 5 日移动平均线完成
2026-03-27 16:30:45 | INFO     | src.indicators.technical_indicators:calculate_ma:133 | 计算 5 日移动平均线完成
2026-03-27 16:30:45 | INFO     | src.indicators.technical_indicators:calculate_ma:133 | 计算 120 日移动平均线完成
2026-03-27 16:30:45 | INFO     | src.indicators.technical_indicators:calculate_ma:133 | 计算 30 日移动平均线完成
2026-03-27 16:30:45 | INFO     | src.indicators.technical_indicators:calculate_ma:133 | 计算 10 日移动平均线完成
2026-03-27 16:30:45 | INFO     | src.indicators.technical_indicators:calculate_ma:133 | 计算 30 日移动平均线完成
2026-03-27 16:30:45 | INFO     | src.indicators.technical_indicators:calculate_ma:133 | 计算 20 日移动平均线完成
2026-03-27 16:30:45 | INFO     | src.indicators.technical_indicators:calculate_ma:133 | 计算 20 日移动平均线完成
2026-03-27 16:30:45 | INFO     | src.indicators.technical_indicators:calculate_ma:133 | 计算 10 日移动平均线完成
2026-03-27 16:30:45 | INFO     | src.indicators.technical_indicators:calculate_ma:133 | 计算 10 日移动平均线完成
2026-03-27 16:30:45 | INFO     | src.indicators.technical_indicators:calculate_ma:133 | 计算 250 日移动平均线完成
2026-03-27 16:30:45 | INFO     | src.indicators.technical_indicators:calculate_ma:133 | 计算 60 日移动平均线完成
2026-03-27 16:30:45 | INFO     | src.indicators.technical_indicators:calculate_ma:133 | 计算 60 日移动平均线完成
2026-03-27 16:30:45 | INFO     | src.indicators.technical_indicators:calculate_ma:133 | 计算 20 日移动平均线完成
2026-03-27 16:30:45 | INFO     | src.indicators.technical_indicators:calculate_ma:133 | 计算 30 日移动平均线完成
2026-03-27 16:30:45 | INFO     | src.indicators.technical_indicators:calculate_ma:133 | 计算 30 日移动平均线完成
2026-03-27 16:30:45 | INFO     | src.indicators.technical_indicators:calculate_ma:133 | 计算 20 日移动平均线完成
2026-03-27 16:30:45 | INFO     | src.indicators.technical_indicators:calculate_ma:133 | 计算 20 日移动平均线完成
2026-03-27 16:30:45 | INFO     | src.indicators.technical_indicators:calculate_sma:157 | 计算 5 日简单移动平均线完成
2026-03-27 16:30:45 | INFO     | src.indicators.technical_indicators:calculate_ma:133 | 计算 120 日移动平均线完成
2026-03-27 16:30:45 | INFO     | src.indicators.technical_indicators:calculate_ma:133 | 计算 120 日移动平均线完成
2026-03-27 16:30:45 | INFO     | src.indicators.technical_indicators:calculate_ma:133 | 计算 60 日移动平均线完成
2026-03-27 16:30:45 | INFO     | src.indicators.technical_indicators:calculate_ma:133 | 计算 30 日移动平均线完成
2026-03-27 16:30:45 | INFO     | src.indicators.technical_indicators:calculate_ma:133 | 计算 60 日移动平均线完成
2026-03-27 16:30:45 | INFO     | src.indicators.technical_indicators:calculate_ma:133 | 计算 30 日移动平均线完成
2026-03-27 16:30:45 | INFO     | src.indicators.technical_indicators:calculate_ma:133 | 计算 30 日移动平均线完成
2026-03-27 16:30:45 | INFO     | src.indicators.technical_indicators:calculate_sma:157 | 计算 10 日简单移动平均线完成
2026-03-27 16:30:45 | INFO     | src.indicators.technical_indicators:calculate_ma:133 | 计算 250 日移动平均线完成
2026-03-27 16:30:45 | INFO     | src.indicators.technical_indicators:calculate_ma:133 | 计算 250 日移动平均线完成
2026-03-27 16:30:45 | INFO     | src.indicators.technical_indicators:calculate_ma:133 | 计算 120 日移动平均线完成
2026-03-27 16:30:45 | INFO     | src.indicators.technical_indicators:calculate_ma:133 | 计算 60 日移动平均线完成
2026-03-27 16:30:45 | INFO     | src.indicators.technical_indicators:calculate_ma:133 | 计算 120 日移动平均线完成
2026-03-27 16:30:45 | INFO     | src.indicators.technical_indicators:calculate_ma:133 | 计算 60 日移动平均线完成
2026-03-27 16:30:45 | INFO     | src.indicators.technical_indicators:calculate_ma:133 | 计算 60 日移动平均线完成
2026-03-27 16:30:45 | INFO     | src.indicators.technical_indicators:calculate_sma:157 | 计算 20 日简单移动平均线完成
2026-03-27 16:30:45 | INFO     | src.indicators.technical_indicators:calculate_sma:157 | 计算 5 日简单移动平均线完成
2026-03-27 16:30:45 | INFO     | src.indicators.technical_indicators:calculate_sma:157 | 计算 5 日简单移动平均线完成
2026-03-27 16:30:45 | INFO     | src.indicators.technical_indicators:calculate_ma:133 | 计算 250 日移动平均线完成
2026-03-27 16:30:45 | INFO     | src.indicators.technical_indicators:calculate_ma:133 | 计算 120 日移动平均线完成
2026-03-27 16:30:45 | INFO     | src.indicators.technical_indicators:calculate_ma:133 | 计算 250 日移动平均线完成
2026-03-27 16:30:45 | INFO     | src.indicators.technical_indicators:calculate_ma:133 | 计算 120 日移动平均线完成
2026-03-27 16:30:45 | INFO     | src.indicators.technical_indicators:calculate_ma:133 | 计算 120 日移动平均线完成
2026-03-27 16:30:45 | INFO     | src.indicators.technical_indicators:calculate_sma:157 | 计算 30 日简单移动平均线完成
2026-03-27 16:30:45 | INFO     | src.indicators.technical_indicators:calculate_sma:157 | 计算 10 日简单移动平均线完成
2026-03-27 16:30:45 | INFO     | src.indicators.technical_indicators:calculate_sma:157 | 计算 10 日简单移动平均线完成
2026-03-27 16:30:45 | INFO     | src.indicators.technical_indicators:calculate_sma:157 | 计算 5 日简单移动平均线完成
2026-03-27 16:30:45 | INFO     | src.indicators.technical_indicators:calculate_ma:133 | 计算 250 日移动平均线完成
2026-03-27 16:30:45 | INFO     | src.indicators.technical_indicators:calculate_sma:157 | 计算 5 日简单移动平均线完成
2026-03-27 16:30:45 | INFO     | src.indicators.technical_indicators:calculate_ma:133 | 计算 250 日移动平均线完成
2026-03-27 16:30:45 | INFO     | src.indicators.technical_indicators:calculate_ma:133 | 计算 250 日移动平均线完成
2026-03-27 16:30:45 | INFO     | src.indicators.technical_indicators:calculate_sma:157 | 计算 60 日简单移动平均线完成
2026-03-27 16:30:45 | INFO     | src.indicators.technical_indicators:calculate_sma:157 | 计算 20 日简单移动平均线完成
2026-03-27 16:30:45 | INFO     | src.indicators.technical_indicators:calculate_sma:157 | 计算 20 日简单移动平均线完成
2026-03-27 16:30:45 | INFO     | src.indicators.technical_indicators:calculate_sma:157 | 计算 10 日简单移动平均线完成
2026-03-27 16:30:45 | INFO     | src.indicators.technical_indicators:calculate_sma:157 | 计算 10 日简单移动平均线完成
2026-03-27 16:30:45 | INFO     | src.indicators.technical_indicators:calculate_sma:157 | 计算 5 日简单移动平均线完成
2026-03-27 16:30:45 | INFO     | src.indicators.technical_indicators:calculate_sma:157 | 计算 5 日简单移动平均线完成
2026-03-27 16:30:45 | INFO     | src.indicators.technical_indicators:calculate_sma:157 | 计算 5 日简单移动平均线完成
2026-03-27 16:30:45 | INFO     | src.indicators.technical_indicators:calculate_sma:157 | 计算 120 日简单移动平均线完成
2026-03-27 16:30:45 | INFO     | src.indicators.technical_indicators:calculate_sma:157 | 计算 30 日简单移动平均线完成
2026-03-27 16:30:45 | INFO     | src.indicators.technical_indicators:calculate_sma:157 | 计算 30 日简单移动平均线完成
2026-03-27 16:30:45 | INFO     | src.indicators.technical_indicators:calculate_sma:157 | 计算 20 日简单移动平均线完成
2026-03-27 16:30:45 | INFO     | src.indicators.technical_indicators:calculate_sma:157 | 计算 20 日简单移动平均线完成
2026-03-27 16:30:45 | INFO     | src.indicators.technical_indicators:calculate_sma:157 | 计算 10 日简单移动平均线完成
2026-03-27 16:30:45 | INFO     | src.indicators.technical_indicators:calculate_sma:157 | 计算 10 日简单移动平均线完成
2026-03-27 16:30:45 | INFO     | src.indicators.technical_indicators:calculate_sma:157 | 计算 10 日简单移动平均线完成
2026-03-27 16:30:45 | INFO     | src.indicators.technical_indicators:calculate_sma:157 | 计算 250 日简单移动平均线完成
2026-03-27 16:30:45 | INFO     | src.indicators.technical_indicators:calculate_sma:157 | 计算 60 日简单移动平均线完成
2026-03-27 16:30:45 | INFO     | src.indicators.technical_indicators:calculate_sma:157 | 计算 60 日简单移动平均线完成
2026-03-27 16:30:45 | INFO     | src.indicators.technical_indicators:calculate_sma:157 | 计算 30 日简单移动平均线完成
2026-03-27 16:30:45 | INFO     | src.indicators.technical_indicators:calculate_sma:157 | 计算 30 日简单移动平均线完成
2026-03-27 16:30:45 | INFO     | src.indicators.technical_indicators:calculate_sma:157 | 计算 20 日简单移动平均线完成
2026-03-27 16:30:45 | INFO     | src.indicators.technical_indicators:calculate_sma:157 | 计算 20 日简单移动平均线完成
2026-03-27 16:30:45 | INFO     | src.indicators.technical_indicators:calculate_sma:157 | 计算 20 日简单移动平均线完成
2026-03-27 16:30:45 | INFO     | src.indicators.technical_indicators:calculate_ema:182 | 计算 12 日指数移动平均线完成
2026-03-27 16:30:45 | INFO     | src.indicators.technical_indicators:calculate_sma:157 | 计算 120 日简单移动平均线完成
2026-03-27 16:30:45 | INFO     | src.indicators.technical_indicators:calculate_sma:157 | 计算 120 日简单移动平均线完成
2026-03-27 16:30:45 | INFO     | src.indicators.technical_indicators:calculate_sma:157 | 计算 60 日简单移动平均线完成
2026-03-27 16:30:45 | INFO     | src.indicators.technical_indicators:calculate_sma:157 | 计算 60 日简单移动平均线完成
2026-03-27 16:30:45 | INFO     | src.indicators.technical_indicators:calculate_sma:157 | 计算 30 日简单移动平均线完成
2026-03-27 16:30:45 | INFO     | src.indicators.technical_indicators:calculate_sma:157 | 计算 30 日简单移动平均线完成
2026-03-27 16:30:45 | INFO     | src.indicators.technical_indicators:calculate_sma:157 | 计算 30 日简单移动平均线完成
2026-03-27 16:30:45 | INFO     | src.indicators.technical_indicators:calculate_ema:182 | 计算 26 日指数移动平均线完成
2026-03-27 16:30:45 | INFO     | src.indicators.technical_indicators:calculate_sma:157 | 计算 250 日简单移动平均线完成
2026-03-27 16:30:45 | INFO     | src.indicators.technical_indicators:calculate_sma:157 | 计算 250 日简单移动平均线完成
2026-03-27 16:30:45 | INFO     | src.indicators.technical_indicators:calculate_sma:157 | 计算 120 日简单移动平均线完成
2026-03-27 16:30:45 | INFO     | src.indicators.technical_indicators:calculate_sma:157 | 计算 120 日简单移动平均线完成
2026-03-27 16:30:45 | INFO     | src.indicators.technical_indicators:calculate_sma:157 | 计算 60 日简单移动平均线完成
2026-03-27 16:30:45 | INFO     | src.indicators.technical_indicators:calculate_sma:157 | 计算 60 日简单移动平均线完成
2026-03-27 16:30:45 | INFO     | src.indicators.technical_indicators:calculate_sma:157 | 计算 60 日简单移动平均线完成
2026-03-27 16:30:45 | INFO     | src.indicators.technical_indicators:calculate_rsi:221 | 计算 6 日RSI完成
2026-03-27 16:30:45 | INFO     | src.indicators.technical_indicators:calculate_ema:182 | 计算 12 日指数移动平均线完成
2026-03-27 16:30:45 | INFO     | src.indicators.technical_indicators:calculate_ema:182 | 计算 12 日指数移动平均线完成
2026-03-27 16:30:45 | INFO     | src.indicators.technical_indicators:calculate_sma:157 | 计算 250 日简单移动平均线完成
2026-03-27 16:30:45 | INFO     | src.indicators.technical_indicators:calculate_sma:157 | 计算 250 日简单移动平均线完成
2026-03-27 16:30:45 | INFO     | src.indicators.technical_indicators:calculate_sma:157 | 计算 120 日简单移动平均线完成
2026-03-27 16:30:45 | INFO     | src.indicators.technical_indicators:calculate_sma:157 | 计算 120 日简单移动平均线完成
2026-03-27 16:30:45 | INFO     | src.indicators.technical_indicators:calculate_sma:157 | 计算 120 日简单移动平均线完成
2026-03-27 16:30:45 | INFO     | src.indicators.technical_indicators:calculate_rsi:221 | 计算 12 日RSI完成
2026-03-27 16:30:45 | INFO     | src.indicators.technical_indicators:calculate_ema:182 | 计算 26 日指数移动平均线完成
2026-03-27 16:30:45 | INFO     | src.indicators.technical_indicators:calculate_ema:182 | 计算 26 日指数移动平均线完成
2026-03-27 16:30:45 | INFO     | src.indicators.technical_indicators:calculate_ema:182 | 计算 12 日指数移动平均线完成
2026-03-27 16:30:45 | INFO     | src.indicators.technical_indicators:calculate_ema:182 | 计算 12 日指数移动平均线完成
2026-03-27 16:30:45 | INFO     | src.indicators.technical_indicators:calculate_sma:157 | 计算 250 日简单移动平均线完成
2026-03-27 16:30:45 | INFO     | src.indicators.technical_indicators:calculate_sma:157 | 计算 250 日简单移动平均线完成
2026-03-27 16:30:45 | INFO     | src.indicators.technical_indicators:calculate_sma:157 | 计算 250 日简单移动平均线完成
2026-03-27 16:30:45 | INFO     | src.indicators.technical_indicators:calculate_rsi:221 | 计算 24 日RSI完成
2026-03-27 16:30:45 | INFO     | src.indicators.technical_indicators:calculate_rsi:221 | 计算 6 日RSI完成
2026-03-27 16:30:45 | INFO     | src.indicators.technical_indicators:calculate_ema:182 | 计算 26 日指数移动平均线完成
2026-03-27 16:30:45 | INFO     | src.indicators.technical_indicators:calculate_rsi:221 | 计算 6 日RSI完成
2026-03-27 16:30:45 | INFO     | src.indicators.technical_indicators:calculate_ema:182 | 计算 26 日指数移动平均线完成
2026-03-27 16:30:45 | INFO     | src.indicators.technical_indicators:calculate_ema:182 | 计算 12 日指数移动平均线完成
2026-03-27 16:30:45 | INFO     | src.indicators.technical_indicators:calculate_ema:182 | 计算 12 日指数移动平均线完成
2026-03-27 16:30:45 | INFO     | src.indicators.technical_indicators:calculate_ema:182 | 计算 12 日指数移动平均线完成
2026-03-27 16:30:45 | INFO     | src.indicators.technical_indicators:calculate_macd:263 | 计算MACD完成：快线=12, 慢线=26, 信号线=9
2026-03-27 16:30:45 | INFO     | src.indicators.technical_indicators:calculate_rsi:221 | 计算 6 日RSI完成
2026-03-27 16:30:45 | INFO     | src.indicators.technical_indicators:calculate_rsi:221 | 计算 12 日RSI完成
2026-03-27 16:30:45 | INFO     | src.indicators.technical_indicators:calculate_rsi:221 | 计算 6 日RSI完成
2026-03-27 16:30:45 | INFO     | src.indicators.technical_indicators:calculate_rsi:221 | 计算 12 日RSI完成
2026-03-27 16:30:45 | INFO     | src.indicators.technical_indicators:calculate_ema:182 | 计算 26 日指数移动平均线完成
2026-03-27 16:30:45 | INFO     | src.indicators.technical_indicators:calculate_ema:182 | 计算 26 日指数移动平均线完成
2026-03-27 16:30:45 | INFO     | src.indicators.technical_indicators:calculate_ema:182 | 计算 26 日指数移动平均线完成
2026-03-27 16:30:45 | INFO     | src.indicators.technical_indicators:calculate_macd:263 | 计算MACD完成：快线=12, 慢线=26, 信号线=12
2026-03-27 16:30:45 | INFO     | src.indicators.technical_indicators:calculate_rsi:221 | 计算 12 日RSI完成
2026-03-27 16:30:45 | INFO     | src.indicators.technical_indicators:calculate_rsi:221 | 计算 24 日RSI完成
2026-03-27 16:30:45 | INFO     | src.indicators.technical_indicators:calculate_rsi:221 | 计算 12 日RSI完成
2026-03-27 16:30:45 | INFO     | src.indicators.technical_indicators:calculate_rsi:221 | 计算 24 日RSI完成
2026-03-27 16:30:45 | INFO     | src.indicators.technical_indicators:calculate_rsi:221 | 计算 6 日RSI完成
2026-03-27 16:30:45 | INFO     | src.indicators.technical_indicators:calculate_rsi:221 | 计算 6 日RSI完成
2026-03-27 16:30:45 | INFO     | src.indicators.technical_indicators:calculate_boll:303 | 计算布林带完成：周期=20, 标准差倍数=2
2026-03-27 16:30:45 | INFO     | src.indicators.technical_indicators:calculate_rsi:221 | 计算 6 日RSI完成
2026-03-27 16:30:45 | INFO     | src.indicators.technical_indicators:calculate_rsi:221 | 计算 24 日RSI完成
2026-03-27 16:30:45 | INFO     | src.indicators.technical_indicators:calculate_macd:263 | 计算MACD完成：快线=12, 慢线=26, 信号线=9
2026-03-27 16:30:45 | INFO     | src.indicators.technical_indicators:calculate_rsi:221 | 计算 24 日RSI完成
2026-03-27 16:30:45 | INFO     | src.indicators.technical_indicators:calculate_macd:263 | 计算MACD完成：快线=12, 慢线=26, 信号线=9
2026-03-27 16:30:45 | INFO     | src.indicators.technical_indicators:calculate_rsi:221 | 计算 12 日RSI完成
2026-03-27 16:30:45 | INFO     | src.indicators.technical_indicators:calculate_rsi:221 | 计算 12 日RSI完成
2026-03-27 16:30:45 | INFO     | src.indicators.technical_indicators:calculate_kdj:350 | 计算KDJ完成：K周期=9, D周期=3, J周期=3
2026-03-27 16:30:45 | INFO     | src.indicators.technical_indicators:calculate_rsi:221 | 计算 12 日RSI完成
2026-03-27 16:30:45 | INFO     | src.indicators.technical_indicators:calculate_macd:263 | 计算MACD完成：快线=12, 慢线=26, 信号线=9
2026-03-27 16:30:45 | INFO     | src.indicators.technical_indicators:calculate_macd:263 | 计算MACD完成：快线=12, 慢线=26, 信号线=12
2026-03-27 16:30:45 | INFO     | src.indicators.technical_indicators:calculate_macd:263 | 计算MACD完成：快线=12, 慢线=26, 信号线=9
2026-03-27 16:30:45 | INFO     | src.indicators.technical_indicators:calculate_macd:263 | 计算MACD完成：快线=12, 慢线=26, 信号线=12
2026-03-27 16:30:45 | INFO     | src.indicators.technical_indicators:calculate_rsi:221 | 计算 24 日RSI完成
2026-03-27 16:30:45 | INFO     | src.indicators.technical_indicators:calculate_rsi:221 | 计算 24 日RSI完成
2026-03-27 16:30:45 | INFO     | src.indicators.technical_indicators:calculate_kdj:350 | 计算KDJ完成：K周期=10, D周期=3, J周期=3
2026-03-27 16:30:45 | INFO     | src.indicators.technical_indicators:calculate_macd:263 | 计算MACD完成：快线=12, 慢线=26, 信号线=12
2026-03-27 16:30:45 | INFO     | src.indicators.technical_indicators:calculate_rsi:221 | 计算 24 日RSI完成
2026-03-27 16:30:45 | INFO     | src.indicators.technical_indicators:calculate_boll:303 | 计算布林带完成：周期=20, 标准差倍数=2
2026-03-27 16:30:45 | INFO     | src.indicators.technical_indicators:calculate_macd:263 | 计算MACD完成：快线=12, 慢线=26, 信号线=12
2026-03-27 16:30:45 | INFO     | src.indicators.technical_indicators:calculate_boll:303 | 计算布林带完成：周期=20, 标准差倍数=2
2026-03-27 16:30:45 | INFO     | src.indicators.technical_indicators:calculate_macd:263 | 计算MACD完成：快线=12, 慢线=26, 信号线=9
2026-03-27 16:30:45 | INFO     | src.indicators.technical_indicators:calculate_macd:263 | 计算MACD完成：快线=12, 慢线=26, 信号线=9
2026-03-27 16:30:45 | INFO     | src.indicators.technical_indicators:calculate_atr:385 | 计算 10 日ATR完成
2026-03-27 16:30:45 | INFO     | src.indicators.technical_indicators:calculate_boll:303 | 计算布林带完成：周期=20, 标准差倍数=2
2026-03-27 16:30:45 | INFO     | src.indicators.technical_indicators:calculate_macd:263 | 计算MACD完成：快线=12, 慢线=26, 信号线=9
2026-03-27 16:30:45 | INFO     | src.indicators.technical_indicators:calculate_boll:303 | 计算布林带完成：周期=20, 标准差倍数=2
2026-03-27 16:30:45 | INFO     | src.indicators.technical_indicators:calculate_kdj:350 | 计算KDJ完成：K周期=9, D周期=3, J周期=3
2026-03-27 16:30:45 | INFO     | src.indicators.technical_indicators:calculate_kdj:350 | 计算KDJ完成：K周期=9, D周期=3, J周期=3
2026-03-27 16:30:45 | INFO     | src.indicators.technical_indicators:calculate_macd:263 | 计算MACD完成：快线=12, 慢线=26, 信号线=12
2026-03-27 16:30:45 | INFO     | src.indicators.technical_indicators:calculate_macd:263 | 计算MACD完成：快线=12, 慢线=26, 信号线=12
2026-03-27 16:30:45 | INFO     | src.indicators.technical_indicators:calculate_cci:446 | 计算 20 日CCI完成
2026-03-27 16:30:45 | INFO     | src.indicators.technical_indicators:calculate_kdj:350 | 计算KDJ完成：K周期=9, D周期=3, J周期=3
2026-03-27 16:30:45 | INFO     | src.indicators.technical_indicators:calculate_macd:263 | 计算MACD完成：快线=12, 慢线=26, 信号线=12
2026-03-27 16:30:45 | INFO     | src.indicators.technical_indicators:calculate_kdj:350 | 计算KDJ完成：K周期=9, D周期=3, J周期=3
2026-03-27 16:30:45 | INFO     | src.indicators.technical_indicators:calculate_kdj:350 | 计算KDJ完成：K周期=10, D周期=3, J周期=3
2026-03-27 16:30:45 | INFO     | src.indicators.technical_indicators:calculate_kdj:350 | 计算KDJ完成：K周期=10, D周期=3, J周期=3
2026-03-27 16:30:45 | INFO     | src.indicators.technical_indicators:calculate_boll:303 | 计算布林带完成：周期=20, 标准差倍数=2
2026-03-27 16:30:45 | INFO     | src.indicators.technical_indicators:calculate_williams_r:476 | 计算 10 日威廉指标完成
2026-03-27 16:30:45 | INFO     | src.indicators.technical_indicators:calculate_boll:303 | 计算布林带完成：周期=20, 标准差倍数=2
2026-03-27 16:30:45 | INFO     | src.indicators.technical_indicators:calculate_kdj:350 | 计算KDJ完成：K周期=10, D周期=3, J周期=3
2026-03-27 16:30:45 | INFO     | src.indicators.technical_indicators:calculate_boll:303 | 计算布林带完成：周期=20, 标准差倍数=2
2026-03-27 16:30:45 | INFO     | src.indicators.technical_indicators:calculate_kdj:350 | 计算KDJ完成：K周期=10, D周期=3, J周期=3
2026-03-27 16:30:45 | INFO     | src.indicators.technical_indicators:calculate_atr:385 | 计算 10 日ATR完成
2026-03-27 16:30:45 | INFO     | src.indicators.technical_indicators:calculate_atr:385 | 计算 10 日ATR完成
2026-03-27 16:30:45 | INFO     | src.indicators.technical_indicators:calculate_ma:133 | 计算 5 日移动平均线完成
2026-03-27 16:30:45 | INFO     | src.indicators.technical_indicators:calculate_kdj:350 | 计算KDJ完成：K周期=9, D周期=3, J周期=3
2026-03-27 16:30:45 | INFO     | src.indicators.technical_indicators:calculate_kdj:350 | 计算KDJ完成：K周期=9, D周期=3, J周期=3
2026-03-27 16:30:45 | INFO     | src.indicators.technical_indicators:calculate_atr:385 | 计算 10 日ATR完成
2026-03-27 16:30:45 | INFO     | src.indicators.technical_indicators:calculate_kdj:350 | 计算KDJ完成：K周期=9, D周期=3, J周期=3
2026-03-27 16:30:45 | INFO     | src.indicators.technical_indicators:calculate_atr:385 | 计算 10 日ATR完成
2026-03-27 16:30:45 | INFO     | src.indicators.technical_indicators:calculate_bias:500 | 计算 5 日乖离率完成
2026-03-27 16:30:45 | INFO     | src.indicators.technical_indicators:calculate_cci:446 | 计算 20 日CCI完成
2026-03-27 16:30:45 | INFO     | src.indicators.technical_indicators:calculate_kdj:350 | 计算KDJ完成：K周期=10, D周期=3, J周期=3
2026-03-27 16:30:45 | INFO     | src.indicators.technical_indicators:calculate_kdj:350 | 计算KDJ完成：K周期=10, D周期=3, J周期=3
2026-03-27 16:30:46 | INFO     | src.indicators.technical_indicators:calculate_cci:446 | 计算 20 日CCI完成
2026-03-27 16:30:46 | INFO     | src.indicators.technical_indicators:calculate_kdj:350 | 计算KDJ完成：K周期=10, D周期=3, J周期=3
2026-03-27 16:30:46 | INFO     | src.indicators.technical_indicators:calculate_ma:133 | 计算 10 日移动平均线完成
2026-03-27 16:30:46 | INFO     | src.indicators.technical_indicators:calculate_cci:446 | 计算 20 日CCI完成
2026-03-27 16:30:46 | INFO     | src.indicators.technical_indicators:calculate_williams_r:476 | 计算 10 日威廉指标完成
2026-03-27 16:30:46 | INFO     | src.indicators.technical_indicators:calculate_cci:446 | 计算 20 日CCI完成
2026-03-27 16:30:46 | INFO     | src.indicators.technical_indicators:calculate_atr:385 | 计算 10 日ATR完成
2026-03-27 16:30:46 | INFO     | src.indicators.technical_indicators:calculate_atr:385 | 计算 10 日ATR完成
2026-03-27 16:30:46 | INFO     | src.indicators.technical_indicators:calculate_williams_r:476 | 计算 10 日威廉指标完成
2026-03-27 16:30:46 | INFO     | src.indicators.technical_indicators:calculate_atr:385 | 计算 10 日ATR完成
2026-03-27 16:30:46 | INFO     | src.indicators.technical_indicators:calculate_bias:500 | 计算 10 日乖离率完成
2026-03-27 16:30:46 | INFO     | src.indicators.technical_indicators:calculate_williams_r:476 | 计算 10 日威廉指标完成
2026-03-27 16:30:46 | INFO     | src.indicators.technical_indicators:calculate_ma:133 | 计算 5 日移动平均线完成
2026-03-27 16:30:46 | INFO     | src.indicators.technical_indicators:calculate_williams_r:476 | 计算 10 日威廉指标完成
2026-03-27 16:30:46 | INFO     | src.indicators.technical_indicators:calculate_ma:133 | 计算 5 日移动平均线完成
2026-03-27 16:30:46 | INFO     | src.indicators.technical_indicators:calculate_cci:446 | 计算 20 日CCI完成
2026-03-27 16:30:46 | INFO     | src.indicators.technical_indicators:calculate_cci:446 | 计算 20 日CCI完成
2026-03-27 16:30:46 | INFO     | src.indicators.technical_indicators:calculate_ma:133 | 计算 20 日移动平均线完成
2026-03-27 16:30:46 | INFO     | src.indicators.technical_indicators:calculate_bias:500 | 计算 5 日乖离率完成
2026-03-27 16:30:46 | INFO     | src.indicators.technical_indicators:calculate_bias:500 | 计算 5 日乖离率完成
2026-03-27 16:30:46 | INFO     | src.indicators.technical_indicators:calculate_ma:133 | 计算 5 日移动平均线完成
2026-03-27 16:30:46 | INFO     | src.indicators.technical_indicators:calculate_ma:133 | 计算 5 日移动平均线完成
2026-03-27 16:30:46 | INFO     | src.indicators.technical_indicators:calculate_cci:446 | 计算 20 日CCI完成
2026-03-27 16:30:46 | INFO     | src.indicators.technical_indicators:calculate_williams_r:476 | 计算 10 日威廉指标完成
2026-03-27 16:30:46 | INFO     | src.indicators.technical_indicators:calculate_williams_r:476 | 计算 10 日威廉指标完成
2026-03-27 16:30:46 | INFO     | src.indicators.technical_indicators:calculate_bias:500 | 计算 20 日乖离率完成
2026-03-27 16:30:46 | INFO     | src.indicators.technical_indicators:calculate_ma:133 | 计算 10 日移动平均线完成
2026-03-27 16:30:46 | INFO     | src.indicators.technical_indicators:calculate_ma:133 | 计算 10 日移动平均线完成
2026-03-27 16:30:46 | INFO     | src.indicators.technical_indicators:calculate_bias:500 | 计算 5 日乖离率完成
2026-03-27 16:30:46 | INFO     | src.indicators.technical_indicators:calculate_bias:500 | 计算 5 日乖离率完成
2026-03-27 16:30:46 | INFO     | src.indicators.technical_indicators:calculate_williams_r:476 | 计算 10 日威廉指标完成
2026-03-27 16:30:46 | INFO     | src.indicators.technical_indicators:calculate_ma:133 | 计算 5 日移动平均线完成
2026-03-27 16:30:46 | INFO     | src.indicators.technical_indicators:calculate_ma:133 | 计算 5 日移动平均线完成
2026-03-27 16:30:46 | INFO     | src.indicators.technical_indicators:calculate_ma:133 | 计算 30 日移动平均线完成
2026-03-27 16:30:46 | INFO     | src.indicators.technical_indicators:calculate_bias:500 | 计算 10 日乖离率完成
2026-03-27 16:30:46 | INFO     | src.indicators.technical_indicators:calculate_bias:500 | 计算 10 日乖离率完成
2026-03-27 16:30:46 | INFO     | src.indicators.technical_indicators:calculate_ma:133 | 计算 10 日移动平均线完成
2026-03-27 16:30:46 | INFO     | src.indicators.technical_indicators:calculate_ma:133 | 计算 10 日移动平均线完成
2026-03-27 16:30:46 | INFO     | src.indicators.technical_indicators:calculate_ma:133 | 计算 5 日移动平均线完成
2026-03-27 16:30:46 | INFO     | src.indicators.technical_indicators:calculate_bias:500 | 计算 5 日乖离率完成
2026-03-27 16:30:46 | INFO     | src.indicators.technical_indicators:calculate_bias:500 | 计算 5 日乖离率完成
2026-03-27 16:30:46 | INFO     | src.indicators.technical_indicators:calculate_bias:500 | 计算 30 日乖离率完成
2026-03-27 16:30:46 | INFO     | src.indicators.technical_indicators:calculate_ma:133 | 计算 20 日移动平均线完成
2026-03-27 16:30:46 | INFO     | src.indicators.technical_indicators:calculate_ma:133 | 计算 20 日移动平均线完成
2026-03-27 16:30:46 | INFO     | src.indicators.technical_indicators:calculate_bias:500 | 计算 10 日乖离率完成
2026-03-27 16:30:46 | INFO     | src.indicators.technical_indicators:calculate_bias:500 | 计算 10 日乖离率完成
2026-03-27 16:30:46 | INFO     | src.indicators.technical_indicators:calculate_bias:500 | 计算 5 日乖离率完成
2026-03-27 16:30:46 | INFO     | src.indicators.technical_indicators:calculate_ma:133 | 计算 10 日移动平均线完成
2026-03-27 16:30:46 | INFO     | src.indicators.technical_indicators:calculate_ma:133 | 计算 10 日移动平均线完成
2026-03-27 16:30:46 | INFO     | src.indicators.technical_indicators:calculate_ma:133 | 计算 60 日移动平均线完成
2026-03-27 16:30:46 | INFO     | src.indicators.technical_indicators:calculate_bias:500 | 计算 20 日乖离率完成
2026-03-27 16:30:46 | INFO     | src.indicators.technical_indicators:calculate_bias:500 | 计算 20 日乖离率完成
2026-03-27 16:30:46 | INFO     | src.indicators.technical_indicators:calculate_ma:133 | 计算 20 日移动平均线完成
2026-03-27 16:30:46 | INFO     | src.indicators.technical_indicators:calculate_ma:133 | 计算 20 日移动平均线完成
2026-03-27 16:30:46 | INFO     | src.indicators.technical_indicators:calculate_ma:133 | 计算 10 日移动平均线完成
2026-03-27 16:30:46 | INFO     | src.indicators.technical_indicators:calculate_bias:500 | 计算 10 日乖离率完成
2026-03-27 16:30:46 | INFO     | src.indicators.technical_indicators:calculate_bias:500 | 计算 10 日乖离率完成
2026-03-27 16:30:46 | INFO     | src.indicators.technical_indicators:calculate_bias:500 | 计算 60 日乖离率完成
2026-03-27 16:30:46 | INFO     | src.indicators.technical_indicators:calculate_ma:133 | 计算 30 日移动平均线完成
2026-03-27 16:30:46 | INFO     | src.indicators.technical_indicators:calculate_ma:133 | 计算 30 日移动平均线完成
2026-03-27 16:30:46 | INFO     | src.indicators.technical_indicators:calculate_bias:500 | 计算 20 日乖离率完成
2026-03-27 16:30:46 | INFO     | src.indicators.technical_indicators:calculate_bias:500 | 计算 20 日乖离率完成
2026-03-27 16:30:46 | INFO     | src.indicators.technical_indicators:calculate_bias:500 | 计算 10 日乖离率完成
2026-03-27 16:30:46 | INFO     | src.indicators.technical_indicators:calculate_ma:133 | 计算 20 日移动平均线完成
2026-03-27 16:30:46 | INFO     | src.indicators.technical_indicators:calculate_ma:133 | 计算 20 日移动平均线完成
2026-03-27 16:30:46 | INFO     | src.indicators.technical_indicators:calculate_ma:133 | 计算 120 日移动平均线完成
2026-03-27 16:30:46 | INFO     | src.indicators.technical_indicators:calculate_bias:500 | 计算 30 日乖离率完成
2026-03-27 16:30:46 | INFO     | src.indicators.technical_indicators:calculate_bias:500 | 计算 30 日乖离率完成
2026-03-27 16:30:46 | INFO     | src.indicators.technical_indicators:calculate_ma:133 | 计算 30 日移动平均线完成
2026-03-27 16:30:46 | INFO     | src.indicators.technical_indicators:calculate_ma:133 | 计算 30 日移动平均线完成
2026-03-27 16:30:46 | INFO     | src.indicators.technical_indicators:calculate_ma:133 | 计算 20 日移动平均线完成
2026-03-27 16:30:46 | INFO     | src.indicators.technical_indicators:calculate_bias:500 | 计算 20 日乖离率完成
2026-03-27 16:30:46 | INFO     | src.indicators.technical_indicators:calculate_bias:500 | 计算 20 日乖离率完成
2026-03-27 16:30:46 | INFO     | src.indicators.technical_indicators:calculate_bias:500 | 计算 120 日乖离率完成
2026-03-27 16:30:46 | INFO     | src.indicators.technical_indicators:calculate_ma:133 | 计算 60 日移动平均线完成
2026-03-27 16:30:46 | INFO     | src.indicators.technical_indicators:calculate_ma:133 | 计算 60 日移动平均线完成
2026-03-27 16:30:46 | INFO     | src.indicators.technical_indicators:calculate_bias:500 | 计算 30 日乖离率完成
2026-03-27 16:30:46 | INFO     | src.indicators.technical_indicators:calculate_bias:500 | 计算 30 日乖离率完成
2026-03-27 16:30:46 | INFO     | src.indicators.technical_indicators:calculate_bias:500 | 计算 20 日乖离率完成
2026-03-27 16:30:46 | INFO     | src.indicators.technical_indicators:calculate_ma:133 | 计算 30 日移动平均线完成
2026-03-27 16:30:46 | INFO     | src.indicators.technical_indicators:calculate_ma:133 | 计算 30 日移动平均线完成
2026-03-27 16:30:46 | INFO     | src.indicators.technical_indicators:calculate_ma:133 | 计算 250 日移动平均线完成
2026-03-27 16:30:46 | INFO     | src.indicators.technical_indicators:calculate_bias:500 | 计算 60 日乖离率完成
2026-03-27 16:30:46 | INFO     | src.indicators.technical_indicators:calculate_bias:500 | 计算 60 日乖离率完成
2026-03-27 16:30:46 | INFO     | src.indicators.technical_indicators:calculate_ma:133 | 计算 60 日移动平均线完成
2026-03-27 16:30:46 | INFO     | src.indicators.technical_indicators:calculate_ma:133 | 计算 60 日移动平均线完成
2026-03-27 16:30:46 | INFO     | src.indicators.technical_indicators:calculate_ma:133 | 计算 30 日移动平均线完成
2026-03-27 16:30:46 | INFO     | src.indicators.technical_indicators:calculate_bias:500 | 计算 30 日乖离率完成
2026-03-27 16:30:46 | INFO     | src.indicators.technical_indicators:calculate_bias:500 | 计算 30 日乖离率完成
2026-03-27 16:30:46 | INFO     | src.indicators.technical_indicators:calculate_bias:500 | 计算 250 日乖离率完成
2026-03-27 16:30:46 | INFO     | src.indicators.technical_indicators:calculate_ma:133 | 计算 120 日移动平均线完成
2026-03-27 16:30:46 | INFO     | src.indicators.technical_indicators:calculate_ma:133 | 计算 120 日移动平均线完成
2026-03-27 16:30:46 | INFO     | src.indicators.technical_indicators:calculate_bias:500 | 计算 60 日乖离率完成
2026-03-27 16:30:46 | INFO     | src.indicators.technical_indicators:calculate_bias:500 | 计算 60 日乖离率完成
2026-03-27 16:30:46 | INFO     | src.indicators.technical_indicators:calculate_bias:500 | 计算 30 日乖离率完成
2026-03-27 16:30:46 | INFO     | src.indicators.technical_indicators:calculate_ma:133 | 计算 60 日移动平均线完成
2026-03-27 16:30:46 | INFO     | src.indicators.technical_indicators:calculate_ma:133 | 计算 60 日移动平均线完成
2026-03-27 16:30:46 | INFO     | src.indicators.technical_indicators:calculate_psy:523 | 计算 10 日心理线完成
2026-03-27 16:30:46 | INFO     | src.indicators.technical_indicators:calculate_bias:500 | 计算 120 日乖离率完成
2026-03-27 16:30:47 | INFO     | src.indicators.technical_indicators:calculate_bias:500 | 计算 120 日乖离率完成
2026-03-27 16:30:47 | INFO     | src.indicators.technical_indicators:calculate_ma:133 | 计算 120 日移动平均线完成
2026-03-27 16:30:47 | INFO     | src.indicators.technical_indicators:calculate_ma:133 | 计算 120 日移动平均线完成
2026-03-27 16:30:47 | INFO     | src.indicators.technical_indicators:calculate_ma:133 | 计算 60 日移动平均线完成
2026-03-27 16:30:47 | INFO     | src.indicators.technical_indicators:calculate_bias:500 | 计算 60 日乖离率完成
2026-03-27 16:30:47 | INFO     | src.indicators.technical_indicators:calculate_bias:500 | 计算 60 日乖离率完成
2026-03-27 16:30:47 | WARNING  | src.indicators.technical_indicators:calculate_all:635 | 未知的指标类型: rsv_period
2026-03-27 16:30:47 | INFO     | src.indicators.technical_indicators:calculate_ma:133 | 计算 250 日移动平均线完成
2026-03-27 16:30:47 | INFO     | src.indicators.technical_indicators:calculate_ma:133 | 计算 250 日移动平均线完成
2026-03-27 16:30:47 | INFO     | src.indicators.technical_indicators:calculate_bias:500 | 计算 120 日乖离率完成
2026-03-27 16:30:47 | INFO     | src.indicators.technical_indicators:calculate_bias:500 | 计算 120 日乖离率完成
2026-03-27 16:30:47 | INFO     | src.indicators.technical_indicators:calculate_bias:500 | 计算 60 日乖离率完成
2026-03-27 16:30:47 | INFO     | src.indicators.technical_indicators:calculate_ma:133 | 计算 120 日移动平均线完成
2026-03-27 16:30:47 | INFO     | src.indicators.technical_indicators:calculate_ma:133 | 计算 120 日移动平均线完成
2026-03-27 16:30:47 | WARNING  | src.indicators.technical_indicators:calculate_all:635 | 未知的指标类型: volume_period
2026-03-27 16:30:47 | INFO     | src.indicators.technical_indicators:calculate_bias:500 | 计算 250 日乖离率完成
2026-03-27 16:30:47 | INFO     | src.indicators.technical_indicators:calculate_bias:500 | 计算 250 日乖离率完成
2026-03-27 16:30:47 | INFO     | src.indicators.technical_indicators:calculate_ma:133 | 计算 250 日移动平均线完成
2026-03-27 16:30:47 | INFO     | src.indicators.technical_indicators:calculate_ma:133 | 计算 250 日移动平均线完成
2026-03-27 16:30:47 | INFO     | src.indicators.technical_indicators:calculate_ma:133 | 计算 120 日移动平均线完成
2026-03-27 16:30:47 | INFO     | src.indicators.technical_indicators:calculate_bias:500 | 计算 120 日乖离率完成
2026-03-27 16:30:47 | INFO     | src.indicators.technical_indicators:calculate_bias:500 | 计算 120 日乖离率完成
2026-03-27 16:30:47 | INFO     | src.indicators.technical_indicators:calculate_all:640 | 完成计算 45 个技术指标
2026-03-27 16:30:47 | INFO     | src.indicators.technical_indicators:calculate_psy:523 | 计算 10 日心理线完成
2026-03-27 16:30:47 | INFO     | src.indicators.technical_indicators:calculate_psy:523 | 计算 10 日心理线完成
2026-03-27 16:30:47 | INFO     | src.indicators.technical_indicators:calculate_bias:500 | 计算 250 日乖离率完成
2026-03-27 16:30:47 | INFO     | src.indicators.technical_indicators:calculate_bias:500 | 计算 250 日乖离率完成
2026-03-27 16:30:47 | INFO     | src.indicators.technical_indicators:calculate_bias:500 | 计算 120 日乖离率完成
2026-03-27 16:30:47 | INFO     | src.indicators.technical_indicators:calculate_ma:133 | 计算 250 日移动平均线完成
2026-03-27 16:30:47 | INFO     | src.indicators.technical_indicators:calculate_ma:133 | 计算 250 日移动平均线完成
2026-03-27 16:30:47 | INFO     | src.core.data_fetcher:save_data:432 | 保存数据到 csv 文件: 301662_with_indicators
2026-03-27 16:30:47 | WARNING  | src.indicators.technical_indicators:calculate_all:635 | 未知的指标类型: rsv_period
2026-03-27 16:30:47 | WARNING  | src.indicators.technical_indicators:calculate_all:635 | 未知的指标类型: rsv_period
2026-03-27 16:30:47 | INFO     | src.indicators.technical_indicators:calculate_psy:523 | 计算 10 日心理线完成
2026-03-27 16:30:47 | INFO     | src.indicators.technical_indicators:calculate_psy:523 | 计算 10 日心理线完成
2026-03-27 16:30:47 | INFO     | src.indicators.technical_indicators:calculate_ma:133 | 计算 250 日移动平均线完成
2026-03-27 16:30:47 | INFO     | src.indicators.technical_indicators:calculate_bias:500 | 计算 250 日乖离率完成
2026-03-27 16:30:47 | INFO     | src.indicators.technical_indicators:calculate_bias:500 | 计算 250 日乖离率完成
2026-03-27 16:30:47 | WARNING  | src.indicators.technical_indicators:calculate_all:635 | 未知的指标类型: volume_period
2026-03-27 16:30:47 | WARNING  | src.indicators.technical_indicators:calculate_all:635 | 未知的指标类型: volume_period
2026-03-27 16:30:47 | WARNING  | src.indicators.technical_indicators:calculate_all:635 | 未知的指标类型: rsv_period
2026-03-27 16:30:47 | WARNING  | src.indicators.technical_indicators:calculate_all:635 | 未知的指标类型: rsv_period
2026-03-27 16:30:47 | INFO     | src.indicators.technical_indicators:calculate_bias:500 | 计算 250 日乖离率完成
2026-03-27 16:30:47 | INFO     | src.indicators.technical_indicators:calculate_psy:523 | 计算 10 日心理线完成
2026-03-27 16:30:47 | INFO     | src.indicators.technical_indicators:calculate_psy:523 | 计算 10 日心理线完成
2026-03-27 16:30:47 | INFO     | src.indicators.technical_indicators:calculate_all:640 | 完成计算 45 个技术指标
2026-03-27 16:30:47 | INFO     | src.indicators.technical_indicators:calculate_all:640 | 完成计算 45 个技术指标
2026-03-27 16:30:47 | INFO     | src.core.data_fetcher:save_data:452 | 数据保存成功: ./data\301662_with_indicators.csv
2026-03-27 16:30:47 | WARNING  | src.indicators.technical_indicators:calculate_all:635 | 未知的指标类型: volume_period
2026-03-27 16:30:47 | WARNING  | src.indicators.technical_indicators:calculate_all:635 | 未知的指标类型: volume_period
2026-03-27 16:30:47 | INFO     | src.indicators.technical_indicators:calculate_psy:523 | 计算 10 日心理线完成
2026-03-27 16:30:47 | WARNING  | src.indicators.technical_indicators:calculate_all:635 | 未知的指标类型: rsv_period
2026-03-27 16:30:47 | WARNING  | src.indicators.technical_indicators:calculate_all:635 | 未知的指标类型: rsv_period
2026-03-27 16:30:47 | INFO     | src.workflow.base:calculate_signals:224 | 对股票 301662 进行信号判断
2026-03-27 16:30:47 | INFO     | src.core.data_fetcher:save_data:432 | 保存数据到 csv 文件: 301617_with_indicators
2026-03-27 16:30:47 | INFO     | src.indicators.technical_indicators:calculate_all:640 | 完成计算 45 个技术指标
2026-03-27 16:30:47 | INFO     | src.indicators.technical_indicators:calculate_all:640 | 完成计算 45 个技术指标
2026-03-27 16:30:47 | WARNING  | src.indicators.technical_indicators:calculate_all:635 | 未知的指标类型: rsv_period
2026-03-27 16:30:47 | WARNING  | src.indicators.technical_indicators:calculate_all:635 | 未知的指标类型: volume_period
2026-03-27 16:30:47 | WARNING  | src.indicators.technical_indicators:calculate_all:635 | 未知的指标类型: volume_period
2026-03-27 16:30:47 | INFO     | src.core.data_fetcher:save_data:432 | 保存数据到 csv 文件: 301662_signals
2026-03-27 16:30:47 | INFO     | src.core.data_fetcher:save_data:432 | 保存数据到 csv 文件: 688778_with_indicators
2026-03-27 16:30:47 | WARNING  | src.indicators.technical_indicators:calculate_all:635 | 未知的指标类型: volume_period
2026-03-27 16:30:47 | INFO     | src.indicators.technical_indicators:calculate_all:640 | 完成计算 45 个技术指标
2026-03-27 16:30:47 | INFO     | src.indicators.technical_indicators:calculate_all:640 | 完成计算 45 个技术指标
2026-03-27 16:30:47 | INFO     | src.core.data_fetcher:save_data:452 | 数据保存成功: ./data\301662_signals.csv
2026-03-27 16:30:47 | INFO     | src.indicators.technical_indicators:calculate_all:640 | 完成计算 45 个技术指标
2026-03-27 16:30:47 | INFO     | src.core.data_fetcher:save_data:452 | 数据保存成功: ./data\301617_with_indicators.csv
2026-03-27 16:30:47 | INFO     | src.core.data_fetcher:save_data:432 | 保存数据到 csv 文件: 300450_with_indicators
2026-03-27 16:30:47 | INFO     | src.core.data_fetcher:save_data:432 | 保存数据到 csv 文件: 688155_with_indicators
2026-03-27 16:30:47 | INFO     | src.workflow.technical:_process_single_stock:45 |   股票 301662 信号判断完成: 持有 (得分: -0.066)
2026-03-27 16:30:47 | INFO     | src.workflow.base:calculate_signals:224 | 对股票 301617 进行信号判断
2026-03-27 16:30:47 | INFO     | src.core.data_fetcher:save_data:432 | 保存数据到 csv 文件: 301150_with_indicators
2026-03-27 16:30:47 | INFO     | src.workflow.base:calculate_technical_indicators:188 | 计算股票 002846 的技术指标
2026-03-27 16:30:47 | INFO     | src.core.data_fetcher:save_data:432 | 保存数据到 csv 文件: 688147_with_indicators
2026-03-27 16:30:47 | INFO     | src.core.data_fetcher:save_data:432 | 保存数据到 csv 文件: 301617_signals
2026-03-27 16:30:47 | INFO     | src.core.data_fetcher:save_data:432 | 保存数据到 csv 文件: 688499_with_indicators
2026-03-27 16:30:47 | ERROR    | src.utils.concurrency:process_batch:73 | 处理 ('301662',              日期      开盘      最高      最低      收盘       成交量           成交额      换手率       涨跌幅
0    2025-04-17   72.20   83.80   70.36   70.51  12790373  9.523721e+08  81.0732  165.0752
1    2025-04-18   67.00   74.33   66.00   67.33   8164893  5.684183e+08  51.7541   -4.5100
2    2025-04-21   68.00   68.01   62.80   63.18   7206364  4.611392e+08  45.6783   -6.1637
3    2025-04-22   62.39   65.48   61.98   63.17   5321109  3.400417e+08  33.7284   -0.0158
4    2025-04-23   64.55   65.33   61.00   61.21   5303124  3.314333e+08  33.6144   -3.1027
..          ...     ...     ...     ...     ...       ...           ...      ...       ...
223  2026-03-20  150.18  152.00  142.00  142.00   1128915  1.647893e+08   6.7893   -4.7683
224  2026-03-23  135.02  141.99  132.40  132.92    993341  1.357692e+08   5.9740   -6.3944
225  2026-03-24  135.58  136.80  130.00  134.44    880849  1.171162e+08   5.2974    1.1435
226  2026-03-25  136.68  138.83  134.61  135.10   1018639  1.389835e+08   6.1261    0.4909
227  2026-03-26  134.93  135.00  128.60  129.69   1702697  2.227025e+08  10.2400   -4.0044

[228 rows x 9 columns]) 时出错: unhashable type: 'DataFrame'
2026-03-27 16:30:47 | INFO     | src.indicators.technical_indicators:calculate_ma:133 | 计算 5 日移动平均线完成
2026-03-27 16:30:47 | INFO     | src.core.data_fetcher:save_data:452 | 数据保存成功: ./data\301617_signals.csv
2026-03-27 16:30:47 | INFO     | src.indicators.technical_indicators:calculate_ma:133 | 计算 10 日移动平均线完成
2026-03-27 16:30:47 | INFO     | src.workflow.technical:_process_single_stock:45 |   股票 301617 信号判断完成: 买入 (得分: 0.202)
2026-03-27 16:30:47 | INFO     | src.indicators.technical_indicators:calculate_ma:133 | 计算 20 日移动平均线完成
2026-03-27 16:30:47 | INFO     | src.core.data_fetcher:save_data:452 | 数据保存成功: ./data\688778_with_indicators.csv
2026-03-27 16:30:47 | INFO     | src.indicators.technical_indicators:calculate_ma:133 | 计算 30 日移动平均线完成
2026-03-27 16:30:47 | INFO     | src.workflow.base:calculate_signals:224 | 对股票 688778 进行信号判断
2026-03-27 16:30:47 | INFO     | src.indicators.technical_indicators:calculate_ma:133 | 计算 60 日移动平均线完成
2026-03-27 16:30:47 | INFO     | src.core.data_fetcher:save_data:432 | 保存数据到 csv 文件: 688778_signals
2026-03-27 16:30:47 | INFO     | src.indicators.technical_indicators:calculate_ma:133 | 计算 120 日移动平均线完成
2026-03-27 16:30:47 | INFO     | src.indicators.technical_indicators:calculate_ma:133 | 计算 250 日移动平均线完成
2026-03-27 16:30:47 | INFO     | src.core.data_fetcher:save_data:452 | 数据保存成功: ./data\688778_signals.csv
2026-03-27 16:30:47 | INFO     | src.workflow.technical:_process_single_stock:45 |   股票 688778 信号判断完成: 持有 (得分: 0.120)
2026-03-27 16:30:47 | INFO     | src.indicators.technical_indicators:calculate_sma:157 | 计算 5 日简单移动平均线完成
2026-03-27 16:30:47 | INFO     | src.workflow.base:calculate_technical_indicators:188 | 计算股票 300092 的技术指标
2026-03-27 16:30:47 | INFO     | src.indicators.technical_indicators:calculate_sma:157 | 计算 10 日简单移动平均线完成
2026-03-27 16:30:47 | INFO     | src.indicators.technical_indicators:calculate_ma:133 | 计算 5 日移动平均线完成
2026-03-27 16:30:47 | INFO     | src.indicators.technical_indicators:calculate_sma:157 | 计算 20 日简单移动平均线完成
2026-03-27 16:30:47 | INFO     | src.core.data_fetcher:save_data:452 | 数据保存成功: ./data\688147_with_indicators.csv
2026-03-27 16:30:47 | INFO     | src.indicators.technical_indicators:calculate_ma:133 | 计算 10 日移动平均线完成
2026-03-27 16:30:47 | INFO     | src.indicators.technical_indicators:calculate_sma:157 | 计算 30 日简单移动平均线完成
2026-03-27 16:30:47 | INFO     | src.workflow.base:calculate_signals:224 | 对股票 688147 进行信号判断
2026-03-27 16:30:47 | INFO     | src.core.data_fetcher:save_data:452 | 数据保存成功: ./data\301150_with_indicators.csv
2026-03-27 16:30:47 | ERROR    | src.notify.channels.base:send:80 | NtfyChannel 发送异常 (尝试 1/3): HTTPSConnectionPool(host='ntfy.sh', port=443): Max retries exceeded with url: /process-notify-001 (Caused by SSLError(SSLEOFError(8, 'EOF occurred in violation of protocol (_ssl.c:997)')))
2026-03-27 16:30:47 | INFO     | src.indicators.technical_indicators:calculate_ma:133 | 计算 20 日移动平均线完成
2026-03-27 16:30:47 | INFO     | src.indicators.technical_indicators:calculate_sma:157 | 计算 60 日简单移动平均线完成
2026-03-27 16:30:47 | INFO     | src.workflow.base:calculate_signals:224 | 对股票 301150 进行信号判断
2026-03-27 16:30:47 | INFO     | src.core.data_fetcher:save_data:432 | 保存数据到 csv 文件: 688147_signals
2026-03-27 16:30:47 | INFO     | src.indicators.technical_indicators:calculate_ma:133 | 计算 30 日移动平均线完成
2026-03-27 16:30:47 | INFO     | src.core.data_fetcher:save_data:452 | 数据保存成功: ./data\688155_with_indicators.csv
2026-03-27 16:30:47 | INFO     | src.core.data_fetcher:save_data:452 | 数据保存成功: ./data\688499_with_indicators.csv
2026-03-27 16:30:47 | INFO     | src.indicators.technical_indicators:calculate_sma:157 | 计算 120 日简单移动平均线完成
2026-03-27 16:30:47 | INFO     | src.core.data_fetcher:save_data:432 | 保存数据到 csv 文件: 301150_signals
2026-03-27 16:30:47 | INFO     | src.indicators.technical_indicators:calculate_ma:133 | 计算 60 日移动平均线完成
2026-03-27 16:30:47 | INFO     | src.core.data_fetcher:save_data:452 | 数据保存成功: ./data\688147_signals.csv
2026-03-27 16:30:47 | INFO     | src.workflow.base:calculate_signals:224 | 对股票 688155 进行信号判断
2026-03-27 16:30:47 | INFO     | src.workflow.base:calculate_signals:224 | 对股票 688499 进行信号判断
2026-03-27 16:30:47 | INFO     | src.indicators.technical_indicators:calculate_sma:157 | 计算 250 日简单移动平均线完成
2026-03-27 16:30:47 | INFO     | src.core.data_fetcher:save_data:452 | 数据保存成功: ./data\300450_with_indicators.csv
2026-03-27 16:30:47 | INFO     | src.workflow.technical:_process_single_stock:45 |   股票 688147 信号判断完成: 持有 (得分: 0.120)
2026-03-27 16:30:47 | INFO     | src.indicators.technical_indicators:calculate_ma:133 | 计算 120 日移动平均线完成
2026-03-27 16:30:47 | INFO     | src.core.data_fetcher:save_data:452 | 数据保存成功: ./data\301150_signals.csv
2026-03-27 16:30:47 | INFO     | src.core.data_fetcher:save_data:432 | 保存数据到 csv 文件: 688155_signals
2026-03-27 16:30:47 | INFO     | src.indicators.technical_indicators:calculate_ema:182 | 计算 12 日指数移动平均线完成
2026-03-27 16:30:47 | INFO     | src.workflow.base:calculate_signals:224 | 对股票 300450 进行信号判断
2026-03-27 16:30:47 | INFO     | src.core.data_fetcher:save_data:432 | 保存数据到 csv 文件: 688499_signals
2026-03-27 16:30:47 | INFO     | src.indicators.technical_indicators:calculate_ma:133 | 计算 250 日移动平均线完成
2026-03-27 16:30:47 | INFO     | src.workflow.technical:_process_single_stock:45 |   股票 301150 信号判断完成: 买入 (得分: 0.237)
2026-03-27 16:30:47 | INFO     | src.indicators.technical_indicators:calculate_ema:182 | 计算 26 日指数移动平均线完成
2026-03-27 16:30:47 | INFO     | src.core.data_fetcher:save_data:432 | 保存数据到 csv 文件: 300450_signals
2026-03-27 16:30:47 | INFO     | src.indicators.technical_indicators:calculate_sma:157 | 计算 5 日简单移动平均线完成
2026-03-27 16:30:47 | INFO     | src.core.data_fetcher:save_data:452 | 数据保存成功: ./data\688155_signals.csv
2026-03-27 16:30:47 | INFO     | src.core.data_fetcher:save_data:452 | 数据保存成功: ./data\688499_signals.csv
2026-03-27 16:30:47 | INFO     | src.indicators.technical_indicators:calculate_rsi:221 | 计算 6 日RSI完成
2026-03-27 16:30:47 | INFO     | src.workflow.technical:_process_single_stock:45 |   股票 688155 信号判断完成: 持有 (得分: 0.154)
2026-03-27 16:30:47 | INFO     | src.core.data_fetcher:save_data:452 | 数据保存成功: ./data\300450_signals.csv
2026-03-27 16:30:47 | INFO     | src.indicators.technical_indicators:calculate_sma:157 | 计算 10 日简单移动平均线完成
2026-03-27 16:30:47 | INFO     | src.workflow.technical:_process_single_stock:45 |   股票 688499 信号判断完成: 持有 (得分: 0.099)
2026-03-27 16:30:47 | INFO     | src.indicators.technical_indicators:calculate_rsi:221 | 计算 12 日RSI完成
2026-03-27 16:30:47 | INFO     | src.workflow.technical:_process_single_stock:45 |   股票 300450 信号判断完成: 买入 (得分: 0.319)
2026-03-27 16:30:47 | INFO     | src.indicators.technical_indicators:calculate_sma:157 | 计算 20 日简单移动平均线完成
2026-03-27 16:30:47 | INFO     | src.indicators.technical_indicators:calculate_rsi:221 | 计算 24 日RSI完成
2026-03-27 16:30:47 | INFO     | src.indicators.technical_indicators:calculate_macd:263 | 计算MACD完成：快线=12, 慢线=26, 信号线=9
2026-03-27 16:30:47 | INFO     | src.indicators.technical_indicators:calculate_sma:157 | 计算 30 日简单移动平均线完成
2026-03-27 16:30:47 | INFO     | src.indicators.technical_indicators:calculate_macd:263 | 计算MACD完成：快线=12, 慢线=26, 信号线=12
2026-03-27 16:30:47 | INFO     | src.indicators.technical_indicators:calculate_sma:157 | 计算 60 日简单移动平均线完成
2026-03-27 16:30:47 | INFO     | src.indicators.technical_indicators:calculate_boll:303 | 计算布林带完成：周期=20, 标准差倍数=2
2026-03-27 16:30:47 | INFO     | src.indicators.technical_indicators:calculate_sma:157 | 计算 120 日简单移动平均线完成
2026-03-27 16:30:47 | INFO     | src.indicators.technical_indicators:calculate_kdj:350 | 计算KDJ完成：K周期=9, D周期=3, J周期=3
2026-03-27 16:30:47 | INFO     | src.indicators.technical_indicators:calculate_sma:157 | 计算 250 日简单移动平均线完成
2026-03-27 16:30:47 | INFO     | src.indicators.technical_indicators:calculate_ema:182 | 计算 12 日指数移动平均线完成
2026-03-27 16:30:47 | INFO     | src.indicators.technical_indicators:calculate_kdj:350 | 计算KDJ完成：K周期=10, D周期=3, J周期=3
2026-03-27 16:30:47 | INFO     | src.indicators.technical_indicators:calculate_ema:182 | 计算 26 日指数移动平均线完成
2026-03-27 16:30:47 | INFO     | src.indicators.technical_indicators:calculate_rsi:221 | 计算 6 日RSI完成
2026-03-27 16:30:47 | INFO     | src.indicators.technical_indicators:calculate_atr:385 | 计算 10 日ATR完成
2026-03-27 16:30:47 | INFO     | src.indicators.technical_indicators:calculate_rsi:221 | 计算 12 日RSI完成
2026-03-27 16:30:47 | INFO     | src.indicators.technical_indicators:calculate_rsi:221 | 计算 24 日RSI完成
2026-03-27 16:30:47 | ERROR    | src.notify.channels.base:send:80 | NtfyChannel 发送异常 (尝试 1/3): HTTPSConnectionPool(host='ntfy.sh', port=443): Max retries exceeded with url: /process-notify-001 (Caused by SSLError(SSLEOFError(8, 'EOF occurred in violation of protocol (_ssl.c:997)')))
2026-03-27 16:30:47 | ERROR    | src.notify.channels.base:send:80 | NtfyChannel 发送异常 (尝试 1/3): HTTPSConnectionPool(host='ntfy.sh', port=443): Max retries exceeded with url: /process-notify-001 (Caused by SSLError(SSLEOFError(8, 'EOF occurred in violation of protocol (_ssl.c:997)')))
2026-03-27 16:30:47 | INFO     | src.indicators.technical_indicators:calculate_macd:263 | 计算MACD完成：快线=12, 慢线=26, 信号线=9
2026-03-27 16:30:48 | INFO     | src.indicators.technical_indicators:calculate_cci:446 | 计算 20 日CCI完成
2026-03-27 16:30:48 | INFO     | src.indicators.technical_indicators:calculate_macd:263 | 计算MACD完成：快线=12, 慢线=26, 信号线=12
2026-03-27 16:30:48 | INFO     | src.indicators.technical_indicators:calculate_williams_r:476 | 计算 10 日威廉指标完成
2026-03-27 16:30:48 | INFO     | src.indicators.technical_indicators:calculate_ma:133 | 计算 5 日移动平均线完成
2026-03-27 16:30:48 | INFO     | src.indicators.technical_indicators:calculate_boll:303 | 计算布林带完成：周期=20, 标准差倍数=2
2026-03-27 16:30:48 | INFO     | src.indicators.technical_indicators:calculate_bias:500 | 计算 5 日乖离率完成
2026-03-27 16:30:48 | INFO     | src.indicators.technical_indicators:calculate_ma:133 | 计算 10 日移动平均线完成
2026-03-27 16:30:48 | INFO     | src.indicators.technical_indicators:calculate_kdj:350 | 计算KDJ完成：K周期=9, D周期=3, J周期=3
2026-03-27 16:30:48 | INFO     | src.indicators.technical_indicators:calculate_bias:500 | 计算 10 日乖离率完成
2026-03-27 16:30:48 | INFO     | src.indicators.technical_indicators:calculate_ma:133 | 计算 20 日移动平均线完成
2026-03-27 16:30:48 | INFO     | src.indicators.technical_indicators:calculate_kdj:350 | 计算KDJ完成：K周期=10, D周期=3, J周期=3
2026-03-27 16:30:48 | INFO     | src.indicators.technical_indicators:calculate_bias:500 | 计算 20 日乖离率完成
2026-03-27 16:30:48 | INFO     | src.indicators.technical_indicators:calculate_ma:133 | 计算 30 日移动平均线完成
2026-03-27 16:30:48 | INFO     | src.indicators.technical_indicators:calculate_atr:385 | 计算 10 日ATR完成
2026-03-27 16:30:48 | INFO     | src.indicators.technical_indicators:calculate_bias:500 | 计算 30 日乖离率完成
2026-03-27 16:30:48 | INFO     | src.indicators.technical_indicators:calculate_ma:133 | 计算 60 日移动平均线完成
2026-03-27 16:30:48 | INFO     | src.indicators.technical_indicators:calculate_bias:500 | 计算 60 日乖离率完成
2026-03-27 16:30:48 | INFO     | src.indicators.technical_indicators:calculate_ma:133 | 计算 120 日移动平均线完成
2026-03-27 16:30:48 | INFO     | src.indicators.technical_indicators:calculate_bias:500 | 计算 120 日乖离率完成
2026-03-27 16:30:48 | INFO     | src.indicators.technical_indicators:calculate_ma:133 | 计算 250 日移动平均线完成
2026-03-27 16:30:48 | INFO     | src.indicators.technical_indicators:calculate_cci:446 | 计算 20 日CCI完成
2026-03-27 16:30:48 | INFO     | src.indicators.technical_indicators:calculate_bias:500 | 计算 250 日乖离率完成
2026-03-27 16:30:48 | INFO     | src.indicators.technical_indicators:calculate_williams_r:476 | 计算 10 日威廉指标完成
2026-03-27 16:30:48 | INFO     | src.indicators.technical_indicators:calculate_psy:523 | 计算 10 日心理线完成
2026-03-27 16:30:48 | INFO     | src.indicators.technical_indicators:calculate_ma:133 | 计算 5 日移动平均线完成
2026-03-27 16:30:48 | WARNING  | src.indicators.technical_indicators:calculate_all:635 | 未知的指标类型: rsv_period
2026-03-27 16:30:48 | INFO     | src.indicators.technical_indicators:calculate_bias:500 | 计算 5 日乖离率完成
2026-03-27 16:30:48 | WARNING  | src.indicators.technical_indicators:calculate_all:635 | 未知的指标类型: volume_period
2026-03-27 16:30:48 | INFO     | src.indicators.technical_indicators:calculate_ma:133 | 计算 10 日移动平均线完成
2026-03-27 16:30:48 | INFO     | src.indicators.technical_indicators:calculate_all:640 | 完成计算 45 个技术指标
2026-03-27 16:30:48 | INFO     | src.indicators.technical_indicators:calculate_bias:500 | 计算 10 日乖离率完成
2026-03-27 16:30:48 | INFO     | src.indicators.technical_indicators:calculate_ma:133 | 计算 20 日移动平均线完成
2026-03-27 16:30:48 | INFO     | src.indicators.technical_indicators:calculate_bias:500 | 计算 20 日乖离率完成
2026-03-27 16:30:48 | INFO     | src.indicators.technical_indicators:calculate_ma:133 | 计算 30 日移动平均线完成
2026-03-27 16:30:48 | INFO     | src.indicators.technical_indicators:calculate_bias:500 | 计算 30 日乖离率完成
2026-03-27 16:30:48 | INFO     | src.indicators.technical_indicators:calculate_ma:133 | 计算 60 日移动平均线完成
2026-03-27 16:30:48 | INFO     | src.indicators.technical_indicators:calculate_bias:500 | 计算 60 日乖离率完成
2026-03-27 16:30:48 | INFO     | src.indicators.technical_indicators:calculate_ma:133 | 计算 120 日移动平均线完成
2026-03-27 16:30:48 | INFO     | src.indicators.technical_indicators:calculate_bias:500 | 计算 120 日乖离率完成
2026-03-27 16:30:48 | INFO     | src.indicators.technical_indicators:calculate_ma:133 | 计算 250 日移动平均线完成
2026-03-27 16:30:48 | INFO     | src.indicators.technical_indicators:calculate_bias:500 | 计算 250 日乖离率完成
2026-03-27 16:30:48 | INFO     | src.indicators.technical_indicators:calculate_psy:523 | 计算 10 日心理线完成
2026-03-27 16:30:48 | WARNING  | src.indicators.technical_indicators:calculate_all:635 | 未知的指标类型: rsv_period
2026-03-27 16:30:48 | INFO     | src.core.data_fetcher:save_data:432 | 保存数据到 csv 文件: 002846_with_indicators
2026-03-27 16:30:48 | WARNING  | src.indicators.technical_indicators:calculate_all:635 | 未知的指标类型: volume_period
2026-03-27 16:30:48 | INFO     | src.indicators.technical_indicators:calculate_all:640 | 完成计算 45 个技术指标
2026-03-27 16:30:48 | INFO     | src.core.data_fetcher:save_data:432 | 保存数据到 csv 文件: 300092_with_indicators
2026-03-27 16:30:48 | INFO     | src.core.data_fetcher:save_data:452 | 数据保存成功: ./data\002846_with_indicators.csv
2026-03-27 16:30:48 | INFO     | src.workflow.base:calculate_signals:224 | 对股票 002846 进行信号判断
2026-03-27 16:30:48 | INFO     | src.core.data_fetcher:save_data:432 | 保存数据到 csv 文件: 002846_signals
2026-03-27 16:30:48 | INFO     | src.core.data_fetcher:save_data:452 | 数据保存成功: ./data\002846_signals.csv
2026-03-27 16:30:48 | INFO     | src.workflow.technical:_process_single_stock:45 |   股票 002846 信号判断完成: 买入 (得分: 0.319)
2026-03-27 16:30:48 | INFO     | src.core.data_fetcher:save_data:452 | 数据保存成功: ./data\300092_with_indicators.csv
2026-03-27 16:30:48 | INFO     | src.workflow.base:calculate_signals:224 | 对股票 300092 进行信号判断
2026-03-27 16:30:48 | INFO     | src.core.data_fetcher:save_data:432 | 保存数据到 csv 文件: 300092_signals
2026-03-27 16:30:48 | INFO     | src.core.data_fetcher:save_data:452 | 数据保存成功: ./data\300092_signals.csv
2026-03-27 16:30:48 | INFO     | src.workflow.technical:_process_single_stock:45 |   股票 300092 信号判断完成: 买入 (得分: 0.212)
2026-03-27 16:30:48 | ERROR    | src.notify.channels.base:send:80 | NtfyChannel 发送异常 (尝试 2/3): HTTPSConnectionPool(host='ntfy.sh', port=443): Max retries exceeded with url: /process-notify-001 (Caused by SSLError(SSLEOFError(8, 'EOF occurred in violation of protocol (_ssl.c:997)')))
2026-03-27 16:30:48 | ERROR    | src.notify.channels.base:send:80 | NtfyChannel 发送异常 (尝试 1/3): HTTPSConnectionPool(host='ntfy.sh', port=443): Max retries exceeded with url: /process-notify-001 (Caused by SSLError(SSLEOFError(8, 'EOF occurred in violation of protocol (_ssl.c:997)')))
2026-03-27 16:30:48 | ERROR    | src.notify.channels.base:send:80 | NtfyChannel 发送异常 (尝试 1/3): HTTPSConnectionPool(host='ntfy.sh', port=443): Max retries exceeded with url: /process-notify-001 (Caused by SSLError(SSLEOFError(8, 'EOF occurred in violation of protocol (_ssl.c:997)')))
2026-03-27 16:30:49 | ERROR    | src.notify.channels.base:send:80 | NtfyChannel 发送异常 (尝试 2/3): HTTPSConnectionPool(host='ntfy.sh', port=443): Max retries exceeded with url: /process-notify-001 (Caused by SSLError(SSLEOFError(8, 'EOF occurred in violation of protocol (_ssl.c:997)')))
2026-03-27 16:30:49 | ERROR    | src.notify.channels.base:send:80 | NtfyChannel 发送异常 (尝试 2/3): HTTPSConnectionPool(host='ntfy.sh', port=443): Max retries exceeded with url: /process-notify-001 (Caused by SSLError(SSLEOFError(8, 'EOF occurred in violation of protocol (_ssl.c:997)')))
2026-03-27 16:30:49 | ERROR    | src.notify.channels.base:send:80 | NtfyChannel 发送异常 (尝试 3/3): HTTPSConnectionPool(host='ntfy.sh', port=443): Max retries exceeded with url: /process-notify-001 (Caused by SSLError(SSLEOFError(8, 'EOF occurred in violation of protocol (_ssl.c:997)')))
2026-03-27 16:30:49 | INFO     | src.notify.channels.markdown:_do_send:75 | Markdown 文件已保存: ./notify_logs\notify_20260327_163049.md
2026-03-27 16:30:49 | ERROR    | src.notify.channels.base:send:80 | NtfyChannel 发送异常 (尝试 2/3): HTTPSConnectionPool(host='ntfy.sh', port=443): Max retries exceeded with url: /process-notify-001 (Caused by SSLError(SSLEOFError(8, 'EOF occurred in violation of protocol (_ssl.c:997)')))
2026-03-27 16:30:49 | ERROR    | src.notify.channels.base:send:80 | NtfyChannel 发送异常 (尝试 2/3): HTTPSConnectionPool(host='ntfy.sh', port=443): Max retries exceeded with url: /process-notify-001 (Caused by SSLError(SSLEOFError(8, 'EOF occurred in violation of protocol (_ssl.c:997)')))
2026-03-27 16:30:50 | ERROR    | src.notify.channels.base:send:80 | NtfyChannel 发送异常 (尝试 3/3): HTTPSConnectionPool(host='ntfy.sh', port=443): Max retries exceeded with url: /process-notify-001 (Caused by SSLError(SSLEOFError(8, 'EOF occurred in violation of protocol (_ssl.c:997)')))
2026-03-27 16:30:50 | INFO     | src.notify.channels.markdown:_do_send:75 | Markdown 文件已保存: ./notify_logs\notify_20260327_163050.md
2026-03-27 16:30:50 | ERROR    | src.notify.channels.base:send:80 | NtfyChannel 发送异常 (尝试 3/3): HTTPSConnectionPool(host='ntfy.sh', port=443): Max retries exceeded with url: /process-notify-001 (Caused by SSLError(SSLEOFError(8, 'EOF occurred in violation of protocol (_ssl.c:997)')))
2026-03-27 16:30:50 | INFO     | src.notify.channels.markdown:_do_send:75 | Markdown 文件已保存: ./notify_logs\notify_20260327_163050.md
2026-03-27 16:30:50 | ERROR    | src.notify.channels.base:send:80 | NtfyChannel 发送异常 (尝试 3/3): HTTPSConnectionPool(host='ntfy.sh', port=443): Max retries exceeded with url: /process-notify-001 (Caused by SSLError(SSLEOFError(8, 'EOF occurred in violation of protocol (_ssl.c:997)')))
2026-03-27 16:30:50 | INFO     | src.notify.channels.markdown:_do_send:75 | Markdown 文件已保存: ./notify_logs\notify_20260327_163050.md
2026-03-27 16:30:51 | ERROR    | src.notify.channels.base:send:80 | NtfyChannel 发送异常 (尝试 3/3): HTTPSConnectionPool(host='ntfy.sh', port=443): Max retries exceeded with url: /process-notify-001 (Caused by SSLError(SSLEOFError(8, 'EOF occurred in violation of protocol (_ssl.c:997)')))
2026-03-27 16:30:51 | INFO     | src.notify.channels.markdown:_do_send:75 | Markdown 文件已保存: ./notify_logs\notify_20260327_163051.md
2026-03-27 16:30:51 | ERROR    | src.workflow.technical:process_fund:196 | 处理基金 005538 时失败: unhashable type: 'DataFrame'
2026-03-27 16:30:51 | INFO     | src.workflow.technical:run_batch:226 | 基金 005538 处理完成
2026-03-27 16:30:51 | INFO     | src.workflow.technical:run_batch:227 | ============================================================

2026-03-27 16:30:51 | INFO     | src.workflow.technical:run_batch:219 | 
============================================================
2026-03-27 16:30:51 | INFO     | src.workflow.technical:run_batch:220 | 开始处理基金: 015790
2026-03-27 16:30:51 | INFO     | src.workflow.technical:process_fund:99 | 开始处理基金 015790 的持仓股票技术指标计算
2026-03-27 16:30:51 | INFO     | src.workflow.base:get_fund_holdings:85 | 获取基金 015790 的持仓数据
2026-03-27 16:30:51 | INFO     | src.core.data_fetcher:inner:294 | 获取基金 015790 持仓
2026-03-27 16:30:51 | INFO     | src.core.akshare_provider:get_fund_portfolio:370 | akshare 获取基金 015790 持仓
2026-03-27 16:30:51 | INFO     | src.core.akshare_provider:get_fund_portfolio:379 | 使用 fund_portfolio_hold_em 成功获取基金 015790 持仓
2026-03-27 16:30:51 | INFO     | src.workflow.base:filter_latest_quarter:101 | 过滤最新季度数据
2026-03-27 16:30:51 | INFO     | src.analysis.quarter_filter:filter_latest_quarter_data:63 | 识别到最新季度: 2025年Q4
2026-03-27 16:30:51 | INFO     | src.analysis.quarter_filter:filter_latest_quarter_data:77 | 过滤结果: 从 98 条记录中筛选出 10 条最新季度数据
2026-03-27 16:30:51 | INFO     | src.workflow.technical:process_fund:116 | 最新季度持仓股票数量: 10
2026-03-27 16:30:51 | INFO     | src.workflow.technical:process_fund:117 | 股票代码列表: ['600118', '301005', '605598', '601698', '600879', '300342', '300136', '002149', '300762', '002565']
2026-03-27 16:30:51 | INFO     | src.workflow.base:get_stock_data:115 | 批量处理 10 只股票的数据
2026-03-27 16:30:51 | INFO     | src.data.reader:list_files:221 | 在 data\stock_data 中找到 128 个文件
2026-03-27 16:30:51 | INFO     | src.data.reader:list_stock_files:241 | 找到 128 个股票数据文件
2026-03-27 16:30:51 | INFO     | src.data.reader:read_csv:53 | 读取CSV文件: data\stock_data\600118_kline.csv
2026-03-27 16:30:51 | INFO     | src.data.reader:list_files:221 | 在 data\stock_data 中找到 128 个文件
2026-03-27 16:30:51 | INFO     | src.data.reader:list_stock_files:241 | 找到 128 个股票数据文件
2026-03-27 16:30:51 | INFO     | src.data.reader:read_csv:53 | 读取CSV文件: data\stock_data\301005_kline.csv
2026-03-27 16:30:51 | INFO     | src.data.reader:read_csv:57 | 成功读取 1752 行数据
2026-03-27 16:30:51 | INFO     | src.data.reader:read_csv:57 | 成功读取 1168 行数据
2026-03-27 16:30:51 | INFO     | src.data.reader:list_files:221 | 在 data\stock_data 中找到 128 个文件
2026-03-27 16:30:51 | INFO     | src.data.reader:list_files:221 | 在 data\stock_data 中找到 128 个文件
2026-03-27 16:30:51 | INFO     | src.data.reader:list_files:221 | 在 data\stock_data 中找到 128 个文件
2026-03-27 16:30:51 | INFO     | src.data.reader:list_files:221 | 在 data\stock_data 中找到 128 个文件
2026-03-27 16:30:51 | INFO     | src.data.reader:list_files:221 | 在 data\stock_data 中找到 128 个文件
2026-03-27 16:30:51 | INFO     | src.data.reader:list_stock_files:241 | 找到 128 个股票数据文件
2026-03-27 16:30:51 | INFO     | src.data.reader:list_files:221 | 在 data\stock_data 中找到 128 个文件
2026-03-27 16:30:51 | INFO     | src.data.reader:list_stock_files:241 | 找到 128 个股票数据文件
2026-03-27 16:30:51 | INFO     | src.data.reader:list_stock_files:241 | 找到 128 个股票数据文件
2026-03-27 16:30:51 | INFO     | src.data.reader:list_stock_files:241 | 找到 128 个股票数据文件
2026-03-27 16:30:51 | INFO     | src.data.reader:list_stock_files:241 | 找到 128 个股票数据文件
2026-03-27 16:30:51 | INFO     | src.data.reader:read_csv:53 | 读取CSV文件: data\stock_data\605598_kline.csv
2026-03-27 16:30:51 | INFO     | src.data.reader:list_stock_files:241 | 找到 128 个股票数据文件
2026-03-27 16:30:51 | INFO     | src.data.reader:read_csv:53 | 读取CSV文件: data\stock_data\300136_kline.csv
2026-03-27 16:30:51 | INFO     | src.data.reader:read_csv:53 | 读取CSV文件: data\stock_data\600879_kline.csv
2026-03-27 16:30:51 | INFO     | src.data.reader:read_csv:53 | 读取CSV文件: data\stock_data\601698_kline.csv
2026-03-27 16:30:51 | INFO     | src.data.reader:read_csv:53 | 读取CSV文件: data\stock_data\300342_kline.csv
2026-03-27 16:30:51 | INFO     | src.data.reader:read_csv:53 | 读取CSV文件: data\stock_data\002149_kline.csv
2026-03-27 16:30:51 | INFO     | src.data.reader:read_csv:57 | 成功读取 1091 行数据
2026-03-27 16:30:51 | INFO     | src.data.reader:read_csv:57 | 成功读取 1752 行数据
2026-03-27 16:30:51 | INFO     | src.data.reader:read_csv:57 | 成功读取 1752 行数据
2026-03-27 16:30:51 | INFO     | src.data.reader:read_csv:57 | 成功读取 1752 行数据
2026-03-27 16:30:51 | INFO     | src.data.reader:read_csv:57 | 成功读取 1635 行数据
2026-03-27 16:30:51 | INFO     | src.data.reader:read_csv:57 | 成功读取 1752 行数据
2026-03-27 16:30:51 | INFO     | src.data.reader:list_files:221 | 在 data\stock_data 中找到 128 个文件
2026-03-27 16:30:51 | INFO     | src.data.reader:list_stock_files:241 | 找到 128 个股票数据文件
2026-03-27 16:30:51 | INFO     | src.data.reader:read_csv:53 | 读取CSV文件: data\stock_data\300762_kline.csv
2026-03-27 16:30:51 | INFO     | src.data.reader:list_files:221 | 在 data\stock_data 中找到 128 个文件
2026-03-27 16:30:51 | INFO     | src.data.reader:list_stock_files:241 | 找到 128 个股票数据文件
2026-03-27 16:30:51 | INFO     | src.data.reader:read_csv:53 | 读取CSV文件: data\stock_data\002565_kline.csv
2026-03-27 16:30:51 | INFO     | src.data.reader:read_csv:57 | 成功读取 1706 行数据
2026-03-27 16:30:51 | INFO     | src.data.reader:read_csv:57 | 成功读取 1752 行数据
2026-03-27 16:30:51 | INFO     | src.utils.concurrency:process_batch:70 | 获取股票数据: 10/10
2026-03-27 16:30:51 | INFO     | src.workflow.base:get_stock_data:171 | 成功获取 10 只股票的数据
2026-03-27 16:30:51 | INFO     | src.workflow.technical:process_fund:133 | 开始计算技术指标和信号判断
2026-03-27 16:30:51 | INFO     | src.workflow.base:calculate_technical_indicators:188 | 计算股票 600118 的技术指标
2026-03-27 16:30:51 | INFO     | src.workflow.base:calculate_technical_indicators:188 | 计算股票 301005 的技术指标
2026-03-27 16:30:51 | INFO     | src.workflow.base:calculate_technical_indicators:188 | 计算股票 605598 的技术指标
2026-03-27 16:30:51 | INFO     | src.workflow.base:calculate_technical_indicators:188 | 计算股票 300342 的技术指标
2026-03-27 16:30:51 | INFO     | src.indicators.technical_indicators:calculate_ma:133 | 计算 5 日移动平均线完成
2026-03-27 16:30:51 | INFO     | src.workflow.base:calculate_technical_indicators:188 | 计算股票 300136 的技术指标
2026-03-27 16:30:51 | INFO     | src.workflow.base:calculate_technical_indicators:188 | 计算股票 600879 的技术指标
2026-03-27 16:30:51 | INFO     | src.indicators.technical_indicators:calculate_ma:133 | 计算 5 日移动平均线完成
2026-03-27 16:30:51 | INFO     | src.workflow.base:calculate_technical_indicators:188 | 计算股票 601698 的技术指标
2026-03-27 16:30:51 | INFO     | src.workflow.base:calculate_technical_indicators:188 | 计算股票 002149 的技术指标
2026-03-27 16:30:51 | INFO     | src.indicators.technical_indicators:calculate_ma:133 | 计算 10 日移动平均线完成
2026-03-27 16:30:51 | INFO     | src.indicators.technical_indicators:calculate_ma:133 | 计算 5 日移动平均线完成
2026-03-27 16:30:51 | INFO     | src.indicators.technical_indicators:calculate_ma:133 | 计算 5 日移动平均线完成
2026-03-27 16:30:51 | INFO     | src.indicators.technical_indicators:calculate_ma:133 | 计算 5 日移动平均线完成
2026-03-27 16:30:51 | INFO     | src.indicators.technical_indicators:calculate_ma:133 | 计算 5 日移动平均线完成
2026-03-27 16:30:51 | INFO     | src.indicators.technical_indicators:calculate_ma:133 | 计算 10 日移动平均线完成
2026-03-27 16:30:51 | INFO     | src.indicators.technical_indicators:calculate_ma:133 | 计算 5 日移动平均线完成
2026-03-27 16:30:52 | INFO     | src.indicators.technical_indicators:calculate_ma:133 | 计算 5 日移动平均线完成
2026-03-27 16:30:52 | INFO     | src.indicators.technical_indicators:calculate_ma:133 | 计算 20 日移动平均线完成
2026-03-27 16:30:52 | INFO     | src.indicators.technical_indicators:calculate_ma:133 | 计算 10 日移动平均线完成
2026-03-27 16:30:52 | INFO     | src.indicators.technical_indicators:calculate_ma:133 | 计算 10 日移动平均线完成
2026-03-27 16:30:52 | INFO     | src.indicators.technical_indicators:calculate_ma:133 | 计算 10 日移动平均线完成
2026-03-27 16:30:52 | INFO     | src.indicators.technical_indicators:calculate_ma:133 | 计算 10 日移动平均线完成
2026-03-27 16:30:52 | INFO     | src.indicators.technical_indicators:calculate_ma:133 | 计算 20 日移动平均线完成
2026-03-27 16:30:52 | INFO     | src.indicators.technical_indicators:calculate_ma:133 | 计算 10 日移动平均线完成
2026-03-27 16:30:52 | INFO     | src.indicators.technical_indicators:calculate_ma:133 | 计算 10 日移动平均线完成
2026-03-27 16:30:52 | INFO     | src.indicators.technical_indicators:calculate_ma:133 | 计算 30 日移动平均线完成
2026-03-27 16:30:52 | INFO     | src.indicators.technical_indicators:calculate_ma:133 | 计算 20 日移动平均线完成
2026-03-27 16:30:52 | INFO     | src.indicators.technical_indicators:calculate_ma:133 | 计算 20 日移动平均线完成
2026-03-27 16:30:52 | INFO     | src.indicators.technical_indicators:calculate_ma:133 | 计算 20 日移动平均线完成
2026-03-27 16:30:52 | INFO     | src.indicators.technical_indicators:calculate_ma:133 | 计算 20 日移动平均线完成
2026-03-27 16:30:52 | INFO     | src.indicators.technical_indicators:calculate_ma:133 | 计算 30 日移动平均线完成
2026-03-27 16:30:52 | INFO     | src.indicators.technical_indicators:calculate_ma:133 | 计算 20 日移动平均线完成
2026-03-27 16:30:52 | INFO     | src.indicators.technical_indicators:calculate_ma:133 | 计算 20 日移动平均线完成
2026-03-27 16:30:52 | INFO     | src.indicators.technical_indicators:calculate_ma:133 | 计算 60 日移动平均线完成
2026-03-27 16:30:52 | INFO     | src.indicators.technical_indicators:calculate_ma:133 | 计算 30 日移动平均线完成
2026-03-27 16:30:52 | INFO     | src.indicators.technical_indicators:calculate_ma:133 | 计算 30 日移动平均线完成
2026-03-27 16:30:52 | INFO     | src.indicators.technical_indicators:calculate_ma:133 | 计算 30 日移动平均线完成
2026-03-27 16:30:52 | INFO     | src.indicators.technical_indicators:calculate_ma:133 | 计算 30 日移动平均线完成
2026-03-27 16:30:52 | INFO     | src.indicators.technical_indicators:calculate_ma:133 | 计算 60 日移动平均线完成
2026-03-27 16:30:52 | INFO     | src.indicators.technical_indicators:calculate_ma:133 | 计算 30 日移动平均线完成
2026-03-27 16:30:52 | INFO     | src.indicators.technical_indicators:calculate_ma:133 | 计算 30 日移动平均线完成
2026-03-27 16:30:52 | INFO     | src.indicators.technical_indicators:calculate_ma:133 | 计算 120 日移动平均线完成
2026-03-27 16:30:52 | INFO     | src.indicators.technical_indicators:calculate_ma:133 | 计算 60 日移动平均线完成
2026-03-27 16:30:52 | INFO     | src.indicators.technical_indicators:calculate_ma:133 | 计算 60 日移动平均线完成
2026-03-27 16:30:52 | INFO     | src.indicators.technical_indicators:calculate_ma:133 | 计算 60 日移动平均线完成
2026-03-27 16:30:52 | INFO     | src.indicators.technical_indicators:calculate_ma:133 | 计算 60 日移动平均线完成
2026-03-27 16:30:52 | INFO     | src.indicators.technical_indicators:calculate_ma:133 | 计算 120 日移动平均线完成
2026-03-27 16:30:52 | INFO     | src.indicators.technical_indicators:calculate_ma:133 | 计算 60 日移动平均线完成
2026-03-27 16:30:52 | INFO     | src.indicators.technical_indicators:calculate_ma:133 | 计算 60 日移动平均线完成
2026-03-27 16:30:52 | INFO     | src.indicators.technical_indicators:calculate_ma:133 | 计算 250 日移动平均线完成
2026-03-27 16:30:52 | INFO     | src.indicators.technical_indicators:calculate_ma:133 | 计算 120 日移动平均线完成
2026-03-27 16:30:52 | INFO     | src.indicators.technical_indicators:calculate_ma:133 | 计算 120 日移动平均线完成
2026-03-27 16:30:52 | INFO     | src.indicators.technical_indicators:calculate_ma:133 | 计算 120 日移动平均线完成
2026-03-27 16:30:52 | INFO     | src.indicators.technical_indicators:calculate_ma:133 | 计算 120 日移动平均线完成
2026-03-27 16:30:52 | INFO     | src.indicators.technical_indicators:calculate_ma:133 | 计算 250 日移动平均线完成
2026-03-27 16:30:52 | INFO     | src.indicators.technical_indicators:calculate_ma:133 | 计算 120 日移动平均线完成
2026-03-27 16:30:52 | INFO     | src.indicators.technical_indicators:calculate_ma:133 | 计算 120 日移动平均线完成
2026-03-27 16:30:52 | INFO     | src.indicators.technical_indicators:calculate_sma:157 | 计算 5 日简单移动平均线完成
2026-03-27 16:30:52 | INFO     | src.indicators.technical_indicators:calculate_ma:133 | 计算 250 日移动平均线完成
2026-03-27 16:30:52 | INFO     | src.indicators.technical_indicators:calculate_ma:133 | 计算 250 日移动平均线完成
2026-03-27 16:30:52 | INFO     | src.indicators.technical_indicators:calculate_ma:133 | 计算 250 日移动平均线完成
2026-03-27 16:30:52 | INFO     | src.indicators.technical_indicators:calculate_ma:133 | 计算 250 日移动平均线完成
2026-03-27 16:30:52 | INFO     | src.indicators.technical_indicators:calculate_ma:133 | 计算 250 日移动平均线完成
2026-03-27 16:30:52 | INFO     | src.indicators.technical_indicators:calculate_sma:157 | 计算 5 日简单移动平均线完成
2026-03-27 16:30:52 | INFO     | src.indicators.technical_indicators:calculate_ma:133 | 计算 250 日移动平均线完成
2026-03-27 16:30:52 | INFO     | src.indicators.technical_indicators:calculate_sma:157 | 计算 10 日简单移动平均线完成
2026-03-27 16:30:52 | INFO     | src.indicators.technical_indicators:calculate_sma:157 | 计算 5 日简单移动平均线完成
2026-03-27 16:30:52 | INFO     | src.indicators.technical_indicators:calculate_sma:157 | 计算 5 日简单移动平均线完成
2026-03-27 16:30:52 | INFO     | src.indicators.technical_indicators:calculate_sma:157 | 计算 5 日简单移动平均线完成
2026-03-27 16:30:52 | INFO     | src.indicators.technical_indicators:calculate_sma:157 | 计算 5 日简单移动平均线完成
2026-03-27 16:30:52 | INFO     | src.indicators.technical_indicators:calculate_sma:157 | 计算 5 日简单移动平均线完成
2026-03-27 16:30:52 | INFO     | src.indicators.technical_indicators:calculate_sma:157 | 计算 10 日简单移动平均线完成
2026-03-27 16:30:52 | INFO     | src.indicators.technical_indicators:calculate_sma:157 | 计算 5 日简单移动平均线完成
2026-03-27 16:30:52 | INFO     | src.indicators.technical_indicators:calculate_sma:157 | 计算 20 日简单移动平均线完成
2026-03-27 16:30:52 | INFO     | src.indicators.technical_indicators:calculate_sma:157 | 计算 10 日简单移动平均线完成
2026-03-27 16:30:52 | INFO     | src.indicators.technical_indicators:calculate_sma:157 | 计算 10 日简单移动平均线完成
2026-03-27 16:30:52 | INFO     | src.indicators.technical_indicators:calculate_sma:157 | 计算 10 日简单移动平均线完成
2026-03-27 16:30:52 | INFO     | src.indicators.technical_indicators:calculate_sma:157 | 计算 10 日简单移动平均线完成
2026-03-27 16:30:52 | INFO     | src.indicators.technical_indicators:calculate_sma:157 | 计算 10 日简单移动平均线完成
2026-03-27 16:30:52 | INFO     | src.indicators.technical_indicators:calculate_sma:157 | 计算 20 日简单移动平均线完成
2026-03-27 16:30:52 | INFO     | src.indicators.technical_indicators:calculate_sma:157 | 计算 10 日简单移动平均线完成
2026-03-27 16:30:52 | INFO     | src.indicators.technical_indicators:calculate_sma:157 | 计算 30 日简单移动平均线完成
2026-03-27 16:30:52 | INFO     | src.indicators.technical_indicators:calculate_sma:157 | 计算 20 日简单移动平均线完成
2026-03-27 16:30:52 | INFO     | src.indicators.technical_indicators:calculate_sma:157 | 计算 20 日简单移动平均线完成
2026-03-27 16:30:52 | INFO     | src.indicators.technical_indicators:calculate_sma:157 | 计算 20 日简单移动平均线完成
2026-03-27 16:30:52 | INFO     | src.indicators.technical_indicators:calculate_sma:157 | 计算 20 日简单移动平均线完成
2026-03-27 16:30:52 | INFO     | src.indicators.technical_indicators:calculate_sma:157 | 计算 20 日简单移动平均线完成
2026-03-27 16:30:52 | INFO     | src.indicators.technical_indicators:calculate_sma:157 | 计算 30 日简单移动平均线完成
2026-03-27 16:30:52 | INFO     | src.indicators.technical_indicators:calculate_sma:157 | 计算 20 日简单移动平均线完成
2026-03-27 16:30:52 | INFO     | src.indicators.technical_indicators:calculate_sma:157 | 计算 60 日简单移动平均线完成
2026-03-27 16:30:52 | INFO     | src.indicators.technical_indicators:calculate_sma:157 | 计算 30 日简单移动平均线完成
2026-03-27 16:30:52 | INFO     | src.indicators.technical_indicators:calculate_sma:157 | 计算 30 日简单移动平均线完成
2026-03-27 16:30:52 | INFO     | src.indicators.technical_indicators:calculate_sma:157 | 计算 30 日简单移动平均线完成
2026-03-27 16:30:52 | INFO     | src.indicators.technical_indicators:calculate_sma:157 | 计算 30 日简单移动平均线完成
2026-03-27 16:30:52 | INFO     | src.indicators.technical_indicators:calculate_sma:157 | 计算 30 日简单移动平均线完成
2026-03-27 16:30:52 | INFO     | src.indicators.technical_indicators:calculate_sma:157 | 计算 60 日简单移动平均线完成
2026-03-27 16:30:52 | INFO     | src.indicators.technical_indicators:calculate_sma:157 | 计算 30 日简单移动平均线完成
2026-03-27 16:30:52 | INFO     | src.indicators.technical_indicators:calculate_sma:157 | 计算 120 日简单移动平均线完成
2026-03-27 16:30:52 | INFO     | src.indicators.technical_indicators:calculate_sma:157 | 计算 60 日简单移动平均线完成
2026-03-27 16:30:52 | INFO     | src.indicators.technical_indicators:calculate_sma:157 | 计算 60 日简单移动平均线完成
2026-03-27 16:30:52 | INFO     | src.indicators.technical_indicators:calculate_sma:157 | 计算 60 日简单移动平均线完成
2026-03-27 16:30:52 | INFO     | src.indicators.technical_indicators:calculate_sma:157 | 计算 60 日简单移动平均线完成
2026-03-27 16:30:52 | INFO     | src.indicators.technical_indicators:calculate_sma:157 | 计算 60 日简单移动平均线完成
2026-03-27 16:30:52 | INFO     | src.indicators.technical_indicators:calculate_sma:157 | 计算 120 日简单移动平均线完成
2026-03-27 16:30:52 | INFO     | src.indicators.technical_indicators:calculate_sma:157 | 计算 60 日简单移动平均线完成
2026-03-27 16:30:52 | INFO     | src.indicators.technical_indicators:calculate_sma:157 | 计算 250 日简单移动平均线完成
2026-03-27 16:30:52 | INFO     | src.indicators.technical_indicators:calculate_sma:157 | 计算 120 日简单移动平均线完成
2026-03-27 16:30:52 | INFO     | src.indicators.technical_indicators:calculate_sma:157 | 计算 120 日简单移动平均线完成
2026-03-27 16:30:52 | INFO     | src.indicators.technical_indicators:calculate_sma:157 | 计算 120 日简单移动平均线完成
2026-03-27 16:30:52 | INFO     | src.indicators.technical_indicators:calculate_sma:157 | 计算 120 日简单移动平均线完成
2026-03-27 16:30:52 | INFO     | src.indicators.technical_indicators:calculate_sma:157 | 计算 120 日简单移动平均线完成
2026-03-27 16:30:52 | INFO     | src.indicators.technical_indicators:calculate_sma:157 | 计算 250 日简单移动平均线完成
2026-03-27 16:30:52 | INFO     | src.indicators.technical_indicators:calculate_sma:157 | 计算 120 日简单移动平均线完成
2026-03-27 16:30:52 | INFO     | src.indicators.technical_indicators:calculate_ema:182 | 计算 12 日指数移动平均线完成
2026-03-27 16:30:52 | INFO     | src.indicators.technical_indicators:calculate_sma:157 | 计算 250 日简单移动平均线完成
2026-03-27 16:30:52 | INFO     | src.indicators.technical_indicators:calculate_sma:157 | 计算 250 日简单移动平均线完成
2026-03-27 16:30:52 | INFO     | src.indicators.technical_indicators:calculate_sma:157 | 计算 250 日简单移动平均线完成
2026-03-27 16:30:52 | INFO     | src.indicators.technical_indicators:calculate_sma:157 | 计算 250 日简单移动平均线完成
2026-03-27 16:30:52 | INFO     | src.indicators.technical_indicators:calculate_sma:157 | 计算 250 日简单移动平均线完成
2026-03-27 16:30:52 | INFO     | src.indicators.technical_indicators:calculate_ema:182 | 计算 12 日指数移动平均线完成
2026-03-27 16:30:52 | INFO     | src.indicators.technical_indicators:calculate_sma:157 | 计算 250 日简单移动平均线完成
2026-03-27 16:30:52 | INFO     | src.indicators.technical_indicators:calculate_ema:182 | 计算 26 日指数移动平均线完成
2026-03-27 16:30:52 | INFO     | src.indicators.technical_indicators:calculate_ema:182 | 计算 12 日指数移动平均线完成
2026-03-27 16:30:52 | INFO     | src.indicators.technical_indicators:calculate_ema:182 | 计算 12 日指数移动平均线完成
2026-03-27 16:30:52 | INFO     | src.indicators.technical_indicators:calculate_ema:182 | 计算 12 日指数移动平均线完成
2026-03-27 16:30:52 | INFO     | src.indicators.technical_indicators:calculate_ema:182 | 计算 12 日指数移动平均线完成
2026-03-27 16:30:52 | INFO     | src.indicators.technical_indicators:calculate_ema:182 | 计算 12 日指数移动平均线完成
2026-03-27 16:30:52 | INFO     | src.indicators.technical_indicators:calculate_ema:182 | 计算 26 日指数移动平均线完成
2026-03-27 16:30:52 | INFO     | src.indicators.technical_indicators:calculate_ema:182 | 计算 12 日指数移动平均线完成
2026-03-27 16:30:52 | INFO     | src.indicators.technical_indicators:calculate_rsi:221 | 计算 6 日RSI完成
2026-03-27 16:30:52 | INFO     | src.indicators.technical_indicators:calculate_ema:182 | 计算 26 日指数移动平均线完成
2026-03-27 16:30:52 | INFO     | src.indicators.technical_indicators:calculate_ema:182 | 计算 26 日指数移动平均线完成
2026-03-27 16:30:52 | INFO     | src.indicators.technical_indicators:calculate_ema:182 | 计算 26 日指数移动平均线完成
2026-03-27 16:30:52 | INFO     | src.indicators.technical_indicators:calculate_ema:182 | 计算 26 日指数移动平均线完成
2026-03-27 16:30:52 | INFO     | src.indicators.technical_indicators:calculate_ema:182 | 计算 26 日指数移动平均线完成
2026-03-27 16:30:52 | INFO     | src.indicators.technical_indicators:calculate_ema:182 | 计算 26 日指数移动平均线完成
2026-03-27 16:30:52 | INFO     | src.indicators.technical_indicators:calculate_rsi:221 | 计算 6 日RSI完成
2026-03-27 16:30:52 | INFO     | src.indicators.technical_indicators:calculate_rsi:221 | 计算 12 日RSI完成
2026-03-27 16:30:52 | INFO     | src.indicators.technical_indicators:calculate_rsi:221 | 计算 6 日RSI完成
2026-03-27 16:30:52 | INFO     | src.indicators.technical_indicators:calculate_rsi:221 | 计算 6 日RSI完成
2026-03-27 16:30:52 | INFO     | src.indicators.technical_indicators:calculate_rsi:221 | 计算 6 日RSI完成
2026-03-27 16:30:52 | INFO     | src.indicators.technical_indicators:calculate_rsi:221 | 计算 6 日RSI完成
2026-03-27 16:30:52 | INFO     | src.indicators.technical_indicators:calculate_rsi:221 | 计算 6 日RSI完成
2026-03-27 16:30:52 | INFO     | src.indicators.technical_indicators:calculate_rsi:221 | 计算 6 日RSI完成
2026-03-27 16:30:52 | INFO     | src.indicators.technical_indicators:calculate_rsi:221 | 计算 12 日RSI完成
2026-03-27 16:30:52 | INFO     | src.indicators.technical_indicators:calculate_rsi:221 | 计算 24 日RSI完成
2026-03-27 16:30:52 | INFO     | src.indicators.technical_indicators:calculate_rsi:221 | 计算 12 日RSI完成
2026-03-27 16:30:52 | INFO     | src.indicators.technical_indicators:calculate_rsi:221 | 计算 12 日RSI完成
2026-03-27 16:30:52 | INFO     | src.indicators.technical_indicators:calculate_rsi:221 | 计算 12 日RSI完成
2026-03-27 16:30:52 | INFO     | src.indicators.technical_indicators:calculate_rsi:221 | 计算 12 日RSI完成
2026-03-27 16:30:52 | INFO     | src.indicators.technical_indicators:calculate_rsi:221 | 计算 12 日RSI完成
2026-03-27 16:30:52 | INFO     | src.indicators.technical_indicators:calculate_rsi:221 | 计算 12 日RSI完成
2026-03-27 16:30:52 | INFO     | src.indicators.technical_indicators:calculate_rsi:221 | 计算 24 日RSI完成
2026-03-27 16:30:52 | INFO     | src.indicators.technical_indicators:calculate_macd:263 | 计算MACD完成：快线=12, 慢线=26, 信号线=9
2026-03-27 16:30:52 | INFO     | src.indicators.technical_indicators:calculate_rsi:221 | 计算 24 日RSI完成
2026-03-27 16:30:52 | INFO     | src.indicators.technical_indicators:calculate_rsi:221 | 计算 24 日RSI完成
2026-03-27 16:30:52 | INFO     | src.indicators.technical_indicators:calculate_rsi:221 | 计算 24 日RSI完成
2026-03-27 16:30:52 | INFO     | src.indicators.technical_indicators:calculate_rsi:221 | 计算 24 日RSI完成
2026-03-27 16:30:52 | INFO     | src.indicators.technical_indicators:calculate_rsi:221 | 计算 24 日RSI完成
2026-03-27 16:30:52 | INFO     | src.indicators.technical_indicators:calculate_rsi:221 | 计算 24 日RSI完成
2026-03-27 16:30:52 | INFO     | src.indicators.technical_indicators:calculate_macd:263 | 计算MACD完成：快线=12, 慢线=26, 信号线=9
2026-03-27 16:30:52 | INFO     | src.indicators.technical_indicators:calculate_macd:263 | 计算MACD完成：快线=12, 慢线=26, 信号线=12
2026-03-27 16:30:52 | INFO     | src.indicators.technical_indicators:calculate_macd:263 | 计算MACD完成：快线=12, 慢线=26, 信号线=9
2026-03-27 16:30:52 | INFO     | src.indicators.technical_indicators:calculate_macd:263 | 计算MACD完成：快线=12, 慢线=26, 信号线=9
2026-03-27 16:30:52 | INFO     | src.indicators.technical_indicators:calculate_macd:263 | 计算MACD完成：快线=12, 慢线=26, 信号线=9
2026-03-27 16:30:52 | INFO     | src.indicators.technical_indicators:calculate_macd:263 | 计算MACD完成：快线=12, 慢线=26, 信号线=9
2026-03-27 16:30:52 | INFO     | src.indicators.technical_indicators:calculate_macd:263 | 计算MACD完成：快线=12, 慢线=26, 信号线=9
2026-03-27 16:30:52 | INFO     | src.indicators.technical_indicators:calculate_macd:263 | 计算MACD完成：快线=12, 慢线=26, 信号线=9
2026-03-27 16:30:52 | INFO     | src.indicators.technical_indicators:calculate_macd:263 | 计算MACD完成：快线=12, 慢线=26, 信号线=12
2026-03-27 16:30:52 | INFO     | src.indicators.technical_indicators:calculate_macd:263 | 计算MACD完成：快线=12, 慢线=26, 信号线=12
2026-03-27 16:30:52 | INFO     | src.indicators.technical_indicators:calculate_boll:303 | 计算布林带完成：周期=20, 标准差倍数=2
2026-03-27 16:30:52 | INFO     | src.indicators.technical_indicators:calculate_macd:263 | 计算MACD完成：快线=12, 慢线=26, 信号线=12
2026-03-27 16:30:52 | INFO     | src.indicators.technical_indicators:calculate_macd:263 | 计算MACD完成：快线=12, 慢线=26, 信号线=12
2026-03-27 16:30:52 | INFO     | src.indicators.technical_indicators:calculate_macd:263 | 计算MACD完成：快线=12, 慢线=26, 信号线=12
2026-03-27 16:30:52 | INFO     | src.indicators.technical_indicators:calculate_macd:263 | 计算MACD完成：快线=12, 慢线=26, 信号线=12
2026-03-27 16:30:52 | INFO     | src.indicators.technical_indicators:calculate_macd:263 | 计算MACD完成：快线=12, 慢线=26, 信号线=12
2026-03-27 16:30:52 | INFO     | src.indicators.technical_indicators:calculate_boll:303 | 计算布林带完成：周期=20, 标准差倍数=2
2026-03-27 16:30:52 | INFO     | src.indicators.technical_indicators:calculate_boll:303 | 计算布林带完成：周期=20, 标准差倍数=2
2026-03-27 16:30:52 | INFO     | src.indicators.technical_indicators:calculate_boll:303 | 计算布林带完成：周期=20, 标准差倍数=2
2026-03-27 16:30:52 | INFO     | src.indicators.technical_indicators:calculate_kdj:350 | 计算KDJ完成：K周期=9, D周期=3, J周期=3
2026-03-27 16:30:52 | INFO     | src.indicators.technical_indicators:calculate_boll:303 | 计算布林带完成：周期=20, 标准差倍数=2
2026-03-27 16:30:52 | INFO     | src.indicators.technical_indicators:calculate_boll:303 | 计算布林带完成：周期=20, 标准差倍数=2
2026-03-27 16:30:52 | INFO     | src.indicators.technical_indicators:calculate_boll:303 | 计算布林带完成：周期=20, 标准差倍数=2
2026-03-27 16:30:52 | INFO     | src.indicators.technical_indicators:calculate_boll:303 | 计算布林带完成：周期=20, 标准差倍数=2
2026-03-27 16:30:52 | INFO     | src.indicators.technical_indicators:calculate_kdj:350 | 计算KDJ完成：K周期=9, D周期=3, J周期=3
2026-03-27 16:30:52 | INFO     | src.indicators.technical_indicators:calculate_kdj:350 | 计算KDJ完成：K周期=9, D周期=3, J周期=3
2026-03-27 16:30:52 | INFO     | src.indicators.technical_indicators:calculate_kdj:350 | 计算KDJ完成：K周期=9, D周期=3, J周期=3
2026-03-27 16:30:52 | INFO     | src.indicators.technical_indicators:calculate_kdj:350 | 计算KDJ完成：K周期=10, D周期=3, J周期=3
2026-03-27 16:30:52 | INFO     | src.indicators.technical_indicators:calculate_kdj:350 | 计算KDJ完成：K周期=9, D周期=3, J周期=3
2026-03-27 16:30:52 | INFO     | src.indicators.technical_indicators:calculate_kdj:350 | 计算KDJ完成：K周期=9, D周期=3, J周期=3
2026-03-27 16:30:52 | INFO     | src.indicators.technical_indicators:calculate_kdj:350 | 计算KDJ完成：K周期=9, D周期=3, J周期=3
2026-03-27 16:30:52 | INFO     | src.indicators.technical_indicators:calculate_kdj:350 | 计算KDJ完成：K周期=10, D周期=3, J周期=3
2026-03-27 16:30:52 | INFO     | src.indicators.technical_indicators:calculate_kdj:350 | 计算KDJ完成：K周期=9, D周期=3, J周期=3
2026-03-27 16:30:52 | INFO     | src.indicators.technical_indicators:calculate_kdj:350 | 计算KDJ完成：K周期=10, D周期=3, J周期=3
2026-03-27 16:30:52 | INFO     | src.indicators.technical_indicators:calculate_kdj:350 | 计算KDJ完成：K周期=10, D周期=3, J周期=3
2026-03-27 16:30:52 | INFO     | src.indicators.technical_indicators:calculate_atr:385 | 计算 10 日ATR完成
2026-03-27 16:30:52 | INFO     | src.indicators.technical_indicators:calculate_kdj:350 | 计算KDJ完成：K周期=10, D周期=3, J周期=3
2026-03-27 16:30:52 | INFO     | src.indicators.technical_indicators:calculate_kdj:350 | 计算KDJ完成：K周期=10, D周期=3, J周期=3
2026-03-27 16:30:52 | INFO     | src.indicators.technical_indicators:calculate_kdj:350 | 计算KDJ完成：K周期=10, D周期=3, J周期=3
2026-03-27 16:30:52 | INFO     | src.indicators.technical_indicators:calculate_atr:385 | 计算 10 日ATR完成
2026-03-27 16:30:52 | INFO     | src.indicators.technical_indicators:calculate_kdj:350 | 计算KDJ完成：K周期=10, D周期=3, J周期=3
2026-03-27 16:30:52 | INFO     | src.indicators.technical_indicators:calculate_atr:385 | 计算 10 日ATR完成
2026-03-27 16:30:52 | INFO     | src.indicators.technical_indicators:calculate_atr:385 | 计算 10 日ATR完成
2026-03-27 16:30:52 | INFO     | src.indicators.technical_indicators:calculate_atr:385 | 计算 10 日ATR完成
2026-03-27 16:30:52 | INFO     | src.indicators.technical_indicators:calculate_atr:385 | 计算 10 日ATR完成
2026-03-27 16:30:52 | INFO     | src.indicators.technical_indicators:calculate_atr:385 | 计算 10 日ATR完成
2026-03-27 16:30:52 | INFO     | src.indicators.technical_indicators:calculate_cci:446 | 计算 20 日CCI完成
2026-03-27 16:30:52 | INFO     | src.indicators.technical_indicators:calculate_cci:446 | 计算 20 日CCI完成
2026-03-27 16:30:52 | INFO     | src.indicators.technical_indicators:calculate_atr:385 | 计算 10 日ATR完成
2026-03-27 16:30:53 | INFO     | src.indicators.technical_indicators:calculate_cci:446 | 计算 20 日CCI完成
2026-03-27 16:30:53 | INFO     | src.indicators.technical_indicators:calculate_williams_r:476 | 计算 10 日威廉指标完成
2026-03-27 16:30:53 | INFO     | src.indicators.technical_indicators:calculate_cci:446 | 计算 20 日CCI完成
2026-03-27 16:30:53 | INFO     | src.indicators.technical_indicators:calculate_williams_r:476 | 计算 10 日威廉指标完成
2026-03-27 16:30:54 | INFO     | src.indicators.technical_indicators:calculate_cci:446 | 计算 20 日CCI完成
2026-03-27 16:30:54 | INFO     | src.indicators.technical_indicators:calculate_cci:446 | 计算 20 日CCI完成
2026-03-27 16:30:54 | INFO     | src.indicators.technical_indicators:calculate_cci:446 | 计算 20 日CCI完成
2026-03-27 16:30:54 | INFO     | src.indicators.technical_indicators:calculate_williams_r:476 | 计算 10 日威廉指标完成
2026-03-27 16:30:54 | INFO     | src.indicators.technical_indicators:calculate_ma:133 | 计算 5 日移动平均线完成
2026-03-27 16:30:54 | INFO     | src.indicators.technical_indicators:calculate_williams_r:476 | 计算 10 日威廉指标完成
2026-03-27 16:30:54 | INFO     | src.indicators.technical_indicators:calculate_ma:133 | 计算 5 日移动平均线完成
2026-03-27 16:30:54 | INFO     | src.indicators.technical_indicators:calculate_cci:446 | 计算 20 日CCI完成
2026-03-27 16:30:54 | INFO     | src.indicators.technical_indicators:calculate_williams_r:476 | 计算 10 日威廉指标完成
2026-03-27 16:30:54 | INFO     | src.indicators.technical_indicators:calculate_williams_r:476 | 计算 10 日威廉指标完成
2026-03-27 16:30:54 | INFO     | src.indicators.technical_indicators:calculate_williams_r:476 | 计算 10 日威廉指标完成
2026-03-27 16:30:54 | INFO     | src.indicators.technical_indicators:calculate_ma:133 | 计算 5 日移动平均线完成
2026-03-27 16:30:54 | INFO     | src.indicators.technical_indicators:calculate_bias:500 | 计算 5 日乖离率完成
2026-03-27 16:30:54 | INFO     | src.indicators.technical_indicators:calculate_ma:133 | 计算 5 日移动平均线完成
2026-03-27 16:30:54 | INFO     | src.indicators.technical_indicators:calculate_bias:500 | 计算 5 日乖离率完成
2026-03-27 16:30:54 | INFO     | src.indicators.technical_indicators:calculate_williams_r:476 | 计算 10 日威廉指标完成
2026-03-27 16:30:54 | INFO     | src.indicators.technical_indicators:calculate_ma:133 | 计算 5 日移动平均线完成
2026-03-27 16:30:54 | INFO     | src.indicators.technical_indicators:calculate_ma:133 | 计算 5 日移动平均线完成
2026-03-27 16:30:54 | INFO     | src.indicators.technical_indicators:calculate_ma:133 | 计算 5 日移动平均线完成
2026-03-27 16:30:54 | INFO     | src.indicators.technical_indicators:calculate_bias:500 | 计算 5 日乖离率完成
2026-03-27 16:30:54 | INFO     | src.indicators.technical_indicators:calculate_bias:500 | 计算 5 日乖离率完成
2026-03-27 16:30:54 | INFO     | src.indicators.technical_indicators:calculate_ma:133 | 计算 10 日移动平均线完成
2026-03-27 16:30:54 | INFO     | src.indicators.technical_indicators:calculate_ma:133 | 计算 10 日移动平均线完成
2026-03-27 16:30:54 | INFO     | src.indicators.technical_indicators:calculate_ma:133 | 计算 5 日移动平均线完成
2026-03-27 16:30:54 | INFO     | src.indicators.technical_indicators:calculate_bias:500 | 计算 5 日乖离率完成
2026-03-27 16:30:54 | INFO     | src.indicators.technical_indicators:calculate_bias:500 | 计算 5 日乖离率完成
2026-03-27 16:30:54 | INFO     | src.indicators.technical_indicators:calculate_bias:500 | 计算 5 日乖离率完成
2026-03-27 16:30:54 | INFO     | src.indicators.technical_indicators:calculate_ma:133 | 计算 10 日移动平均线完成
2026-03-27 16:30:54 | INFO     | src.indicators.technical_indicators:calculate_ma:133 | 计算 10 日移动平均线完成
2026-03-27 16:30:54 | INFO     | src.indicators.technical_indicators:calculate_bias:500 | 计算 10 日乖离率完成
2026-03-27 16:30:54 | INFO     | src.indicators.technical_indicators:calculate_bias:500 | 计算 10 日乖离率完成
2026-03-27 16:30:54 | INFO     | src.indicators.technical_indicators:calculate_bias:500 | 计算 5 日乖离率完成
2026-03-27 16:30:54 | INFO     | src.indicators.technical_indicators:calculate_ma:133 | 计算 10 日移动平均线完成
2026-03-27 16:30:54 | INFO     | src.indicators.technical_indicators:calculate_ma:133 | 计算 10 日移动平均线完成
2026-03-27 16:30:54 | INFO     | src.indicators.technical_indicators:calculate_ma:133 | 计算 10 日移动平均线完成
2026-03-27 16:30:54 | INFO     | src.indicators.technical_indicators:calculate_bias:500 | 计算 10 日乖离率完成
2026-03-27 16:30:54 | INFO     | src.indicators.technical_indicators:calculate_bias:500 | 计算 10 日乖离率完成
2026-03-27 16:30:54 | INFO     | src.indicators.technical_indicators:calculate_ma:133 | 计算 20 日移动平均线完成
2026-03-27 16:30:54 | INFO     | src.indicators.technical_indicators:calculate_ma:133 | 计算 20 日移动平均线完成
2026-03-27 16:30:54 | INFO     | src.indicators.technical_indicators:calculate_ma:133 | 计算 10 日移动平均线完成
2026-03-27 16:30:54 | INFO     | src.indicators.technical_indicators:calculate_bias:500 | 计算 10 日乖离率完成
2026-03-27 16:30:54 | INFO     | src.indicators.technical_indicators:calculate_bias:500 | 计算 10 日乖离率完成
2026-03-27 16:30:54 | INFO     | src.indicators.technical_indicators:calculate_bias:500 | 计算 10 日乖离率完成
2026-03-27 16:30:54 | INFO     | src.indicators.technical_indicators:calculate_ma:133 | 计算 20 日移动平均线完成
2026-03-27 16:30:54 | INFO     | src.indicators.technical_indicators:calculate_ma:133 | 计算 20 日移动平均线完成
2026-03-27 16:30:54 | INFO     | src.indicators.technical_indicators:calculate_bias:500 | 计算 20 日乖离率完成
2026-03-27 16:30:54 | INFO     | src.indicators.technical_indicators:calculate_bias:500 | 计算 20 日乖离率完成
2026-03-27 16:30:54 | INFO     | src.indicators.technical_indicators:calculate_bias:500 | 计算 10 日乖离率完成
2026-03-27 16:30:54 | INFO     | src.indicators.technical_indicators:calculate_ma:133 | 计算 20 日移动平均线完成
2026-03-27 16:30:54 | INFO     | src.indicators.technical_indicators:calculate_ma:133 | 计算 20 日移动平均线完成
2026-03-27 16:30:54 | INFO     | src.indicators.technical_indicators:calculate_ma:133 | 计算 20 日移动平均线完成
2026-03-27 16:30:54 | INFO     | src.indicators.technical_indicators:calculate_bias:500 | 计算 20 日乖离率完成
2026-03-27 16:30:54 | INFO     | src.indicators.technical_indicators:calculate_bias:500 | 计算 20 日乖离率完成
2026-03-27 16:30:54 | INFO     | src.indicators.technical_indicators:calculate_ma:133 | 计算 30 日移动平均线完成
2026-03-27 16:30:54 | INFO     | src.indicators.technical_indicators:calculate_ma:133 | 计算 30 日移动平均线完成
2026-03-27 16:30:54 | INFO     | src.indicators.technical_indicators:calculate_ma:133 | 计算 20 日移动平均线完成
2026-03-27 16:30:54 | INFO     | src.indicators.technical_indicators:calculate_bias:500 | 计算 20 日乖离率完成
2026-03-27 16:30:54 | INFO     | src.indicators.technical_indicators:calculate_bias:500 | 计算 20 日乖离率完成
2026-03-27 16:30:54 | INFO     | src.indicators.technical_indicators:calculate_bias:500 | 计算 20 日乖离率完成
2026-03-27 16:30:54 | INFO     | src.indicators.technical_indicators:calculate_ma:133 | 计算 30 日移动平均线完成
2026-03-27 16:30:54 | INFO     | src.indicators.technical_indicators:calculate_ma:133 | 计算 30 日移动平均线完成
2026-03-27 16:30:54 | INFO     | src.indicators.technical_indicators:calculate_bias:500 | 计算 30 日乖离率完成
2026-03-27 16:30:54 | INFO     | src.indicators.technical_indicators:calculate_bias:500 | 计算 30 日乖离率完成
2026-03-27 16:30:54 | INFO     | src.indicators.technical_indicators:calculate_bias:500 | 计算 20 日乖离率完成
2026-03-27 16:30:54 | INFO     | src.indicators.technical_indicators:calculate_ma:133 | 计算 30 日移动平均线完成
2026-03-27 16:30:54 | INFO     | src.indicators.technical_indicators:calculate_ma:133 | 计算 30 日移动平均线完成
2026-03-27 16:30:54 | INFO     | src.indicators.technical_indicators:calculate_ma:133 | 计算 30 日移动平均线完成
2026-03-27 16:30:54 | INFO     | src.indicators.technical_indicators:calculate_bias:500 | 计算 30 日乖离率完成
2026-03-27 16:30:54 | INFO     | src.indicators.technical_indicators:calculate_bias:500 | 计算 30 日乖离率完成
2026-03-27 16:30:54 | INFO     | src.indicators.technical_indicators:calculate_ma:133 | 计算 60 日移动平均线完成
2026-03-27 16:30:54 | INFO     | src.indicators.technical_indicators:calculate_ma:133 | 计算 60 日移动平均线完成
2026-03-27 16:30:54 | INFO     | src.indicators.technical_indicators:calculate_ma:133 | 计算 30 日移动平均线完成
2026-03-27 16:30:54 | INFO     | src.indicators.technical_indicators:calculate_bias:500 | 计算 30 日乖离率完成
2026-03-27 16:30:54 | INFO     | src.indicators.technical_indicators:calculate_bias:500 | 计算 30 日乖离率完成
2026-03-27 16:30:54 | INFO     | src.indicators.technical_indicators:calculate_bias:500 | 计算 30 日乖离率完成
2026-03-27 16:30:54 | INFO     | src.indicators.technical_indicators:calculate_ma:133 | 计算 60 日移动平均线完成
2026-03-27 16:30:54 | INFO     | src.indicators.technical_indicators:calculate_ma:133 | 计算 60 日移动平均线完成
2026-03-27 16:30:54 | INFO     | src.indicators.technical_indicators:calculate_bias:500 | 计算 60 日乖离率完成
2026-03-27 16:30:54 | INFO     | src.indicators.technical_indicators:calculate_bias:500 | 计算 60 日乖离率完成
2026-03-27 16:30:54 | INFO     | src.indicators.technical_indicators:calculate_bias:500 | 计算 30 日乖离率完成
2026-03-27 16:30:54 | INFO     | src.indicators.technical_indicators:calculate_ma:133 | 计算 60 日移动平均线完成
2026-03-27 16:30:54 | INFO     | src.indicators.technical_indicators:calculate_ma:133 | 计算 60 日移动平均线完成
2026-03-27 16:30:54 | INFO     | src.indicators.technical_indicators:calculate_ma:133 | 计算 60 日移动平均线完成
2026-03-27 16:30:54 | INFO     | src.indicators.technical_indicators:calculate_bias:500 | 计算 60 日乖离率完成
2026-03-27 16:30:54 | INFO     | src.indicators.technical_indicators:calculate_bias:500 | 计算 60 日乖离率完成
2026-03-27 16:30:54 | INFO     | src.indicators.technical_indicators:calculate_ma:133 | 计算 120 日移动平均线完成
2026-03-27 16:30:54 | INFO     | src.indicators.technical_indicators:calculate_ma:133 | 计算 120 日移动平均线完成
2026-03-27 16:30:54 | INFO     | src.indicators.technical_indicators:calculate_ma:133 | 计算 60 日移动平均线完成
2026-03-27 16:30:54 | INFO     | src.indicators.technical_indicators:calculate_bias:500 | 计算 60 日乖离率完成
2026-03-27 16:30:54 | INFO     | src.indicators.technical_indicators:calculate_bias:500 | 计算 60 日乖离率完成
2026-03-27 16:30:54 | INFO     | src.indicators.technical_indicators:calculate_bias:500 | 计算 60 日乖离率完成
2026-03-27 16:30:54 | INFO     | src.indicators.technical_indicators:calculate_ma:133 | 计算 120 日移动平均线完成
2026-03-27 16:30:54 | INFO     | src.indicators.technical_indicators:calculate_ma:133 | 计算 120 日移动平均线完成
2026-03-27 16:30:54 | INFO     | src.indicators.technical_indicators:calculate_bias:500 | 计算 120 日乖离率完成
2026-03-27 16:30:54 | INFO     | src.indicators.technical_indicators:calculate_bias:500 | 计算 120 日乖离率完成
2026-03-27 16:30:54 | INFO     | src.indicators.technical_indicators:calculate_bias:500 | 计算 60 日乖离率完成
2026-03-27 16:30:54 | INFO     | src.indicators.technical_indicators:calculate_ma:133 | 计算 120 日移动平均线完成
2026-03-27 16:30:54 | INFO     | src.indicators.technical_indicators:calculate_ma:133 | 计算 120 日移动平均线完成
2026-03-27 16:30:54 | INFO     | src.indicators.technical_indicators:calculate_ma:133 | 计算 120 日移动平均线完成
2026-03-27 16:30:54 | INFO     | src.indicators.technical_indicators:calculate_bias:500 | 计算 120 日乖离率完成
2026-03-27 16:30:54 | INFO     | src.indicators.technical_indicators:calculate_bias:500 | 计算 120 日乖离率完成
2026-03-27 16:30:54 | INFO     | src.indicators.technical_indicators:calculate_ma:133 | 计算 250 日移动平均线完成
2026-03-27 16:30:54 | INFO     | src.indicators.technical_indicators:calculate_ma:133 | 计算 250 日移动平均线完成
2026-03-27 16:30:54 | INFO     | src.indicators.technical_indicators:calculate_ma:133 | 计算 120 日移动平均线完成
2026-03-27 16:30:54 | INFO     | src.indicators.technical_indicators:calculate_bias:500 | 计算 120 日乖离率完成
2026-03-27 16:30:54 | INFO     | src.indicators.technical_indicators:calculate_bias:500 | 计算 120 日乖离率完成
2026-03-27 16:30:54 | INFO     | src.indicators.technical_indicators:calculate_bias:500 | 计算 120 日乖离率完成
2026-03-27 16:30:54 | INFO     | src.indicators.technical_indicators:calculate_ma:133 | 计算 250 日移动平均线完成
2026-03-27 16:30:54 | INFO     | src.indicators.technical_indicators:calculate_ma:133 | 计算 250 日移动平均线完成
2026-03-27 16:30:54 | INFO     | src.indicators.technical_indicators:calculate_bias:500 | 计算 250 日乖离率完成
2026-03-27 16:30:54 | INFO     | src.indicators.technical_indicators:calculate_bias:500 | 计算 250 日乖离率完成
2026-03-27 16:30:54 | INFO     | src.indicators.technical_indicators:calculate_bias:500 | 计算 120 日乖离率完成
2026-03-27 16:30:54 | INFO     | src.indicators.technical_indicators:calculate_ma:133 | 计算 250 日移动平均线完成
2026-03-27 16:30:54 | INFO     | src.indicators.technical_indicators:calculate_ma:133 | 计算 250 日移动平均线完成
2026-03-27 16:30:54 | INFO     | src.indicators.technical_indicators:calculate_ma:133 | 计算 250 日移动平均线完成
2026-03-27 16:30:54 | INFO     | src.indicators.technical_indicators:calculate_bias:500 | 计算 250 日乖离率完成
2026-03-27 16:30:54 | INFO     | src.indicators.technical_indicators:calculate_bias:500 | 计算 250 日乖离率完成
2026-03-27 16:30:54 | INFO     | src.indicators.technical_indicators:calculate_psy:523 | 计算 10 日心理线完成
2026-03-27 16:30:54 | INFO     | src.indicators.technical_indicators:calculate_psy:523 | 计算 10 日心理线完成
2026-03-27 16:30:54 | INFO     | src.indicators.technical_indicators:calculate_ma:133 | 计算 250 日移动平均线完成
2026-03-27 16:30:54 | INFO     | src.indicators.technical_indicators:calculate_bias:500 | 计算 250 日乖离率完成
2026-03-27 16:30:54 | INFO     | src.indicators.technical_indicators:calculate_bias:500 | 计算 250 日乖离率完成
2026-03-27 16:30:54 | INFO     | src.indicators.technical_indicators:calculate_bias:500 | 计算 250 日乖离率完成
2026-03-27 16:30:54 | INFO     | src.indicators.technical_indicators:calculate_psy:523 | 计算 10 日心理线完成
2026-03-27 16:30:54 | INFO     | src.indicators.technical_indicators:calculate_psy:523 | 计算 10 日心理线完成
2026-03-27 16:30:54 | WARNING  | src.indicators.technical_indicators:calculate_all:635 | 未知的指标类型: rsv_period
2026-03-27 16:30:54 | WARNING  | src.indicators.technical_indicators:calculate_all:635 | 未知的指标类型: rsv_period
2026-03-27 16:30:54 | INFO     | src.indicators.technical_indicators:calculate_bias:500 | 计算 250 日乖离率完成
2026-03-27 16:30:54 | INFO     | src.indicators.technical_indicators:calculate_psy:523 | 计算 10 日心理线完成
2026-03-27 16:30:54 | INFO     | src.indicators.technical_indicators:calculate_psy:523 | 计算 10 日心理线完成
2026-03-27 16:30:54 | INFO     | src.indicators.technical_indicators:calculate_psy:523 | 计算 10 日心理线完成
2026-03-27 16:30:54 | WARNING  | src.indicators.technical_indicators:calculate_all:635 | 未知的指标类型: rsv_period
2026-03-27 16:30:54 | WARNING  | src.indicators.technical_indicators:calculate_all:635 | 未知的指标类型: rsv_period
2026-03-27 16:30:54 | WARNING  | src.indicators.technical_indicators:calculate_all:635 | 未知的指标类型: volume_period
2026-03-27 16:30:54 | WARNING  | src.indicators.technical_indicators:calculate_all:635 | 未知的指标类型: volume_period
2026-03-27 16:30:54 | INFO     | src.indicators.technical_indicators:calculate_psy:523 | 计算 10 日心理线完成
2026-03-27 16:30:54 | WARNING  | src.indicators.technical_indicators:calculate_all:635 | 未知的指标类型: rsv_period
2026-03-27 16:30:54 | WARNING  | src.indicators.technical_indicators:calculate_all:635 | 未知的指标类型: rsv_period
2026-03-27 16:30:54 | WARNING  | src.indicators.technical_indicators:calculate_all:635 | 未知的指标类型: rsv_period
2026-03-27 16:30:54 | WARNING  | src.indicators.technical_indicators:calculate_all:635 | 未知的指标类型: volume_period
2026-03-27 16:30:54 | WARNING  | src.indicators.technical_indicators:calculate_all:635 | 未知的指标类型: volume_period
2026-03-27 16:30:54 | INFO     | src.indicators.technical_indicators:calculate_all:640 | 完成计算 45 个技术指标
2026-03-27 16:30:54 | INFO     | src.indicators.technical_indicators:calculate_all:640 | 完成计算 45 个技术指标
2026-03-27 16:30:54 | WARNING  | src.indicators.technical_indicators:calculate_all:635 | 未知的指标类型: rsv_period
2026-03-27 16:30:54 | WARNING  | src.indicators.technical_indicators:calculate_all:635 | 未知的指标类型: volume_period
2026-03-27 16:30:54 | WARNING  | src.indicators.technical_indicators:calculate_all:635 | 未知的指标类型: volume_period
2026-03-27 16:30:54 | WARNING  | src.indicators.technical_indicators:calculate_all:635 | 未知的指标类型: volume_period
2026-03-27 16:30:54 | INFO     | src.indicators.technical_indicators:calculate_all:640 | 完成计算 45 个技术指标
2026-03-27 16:30:54 | INFO     | src.indicators.technical_indicators:calculate_all:640 | 完成计算 45 个技术指标
2026-03-27 16:30:54 | WARNING  | src.indicators.technical_indicators:calculate_all:635 | 未知的指标类型: volume_period
2026-03-27 16:30:54 | INFO     | src.indicators.technical_indicators:calculate_all:640 | 完成计算 45 个技术指标
2026-03-27 16:30:54 | INFO     | src.indicators.technical_indicators:calculate_all:640 | 完成计算 45 个技术指标
2026-03-27 16:30:54 | INFO     | src.indicators.technical_indicators:calculate_all:640 | 完成计算 45 个技术指标
2026-03-27 16:30:54 | INFO     | src.indicators.technical_indicators:calculate_all:640 | 完成计算 45 个技术指标
2026-03-27 16:30:54 | INFO     | src.core.data_fetcher:save_data:432 | 保存数据到 csv 文件: 301005_with_indicators
2026-03-27 16:30:54 | INFO     | src.core.data_fetcher:save_data:432 | 保存数据到 csv 文件: 600118_with_indicators
2026-03-27 16:30:54 | INFO     | src.core.data_fetcher:save_data:432 | 保存数据到 csv 文件: 600879_with_indicators
2026-03-27 16:30:54 | INFO     | src.core.data_fetcher:save_data:432 | 保存数据到 csv 文件: 605598_with_indicators
2026-03-27 16:30:54 | INFO     | src.core.data_fetcher:save_data:432 | 保存数据到 csv 文件: 300136_with_indicators
2026-03-27 16:30:54 | INFO     | src.core.data_fetcher:save_data:432 | 保存数据到 csv 文件: 601698_with_indicators
2026-03-27 16:30:54 | INFO     | src.core.data_fetcher:save_data:432 | 保存数据到 csv 文件: 300342_with_indicators
2026-03-27 16:30:55 | INFO     | src.core.data_fetcher:save_data:432 | 保存数据到 csv 文件: 002149_with_indicators
2026-03-27 16:30:55 | INFO     | src.core.data_fetcher:save_data:452 | 数据保存成功: ./data\301005_with_indicators.csv
2026-03-27 16:30:55 | INFO     | src.workflow.base:calculate_signals:224 | 对股票 301005 进行信号判断
2026-03-27 16:30:55 | INFO     | src.core.data_fetcher:save_data:432 | 保存数据到 csv 文件: 301005_signals
2026-03-27 16:30:55 | INFO     | src.core.data_fetcher:save_data:452 | 数据保存成功: ./data\301005_signals.csv
2026-03-27 16:30:55 | INFO     | src.workflow.technical:_process_single_stock:45 |   股票 301005 信号判断完成: 持有 (得分: 0.150)
2026-03-27 16:30:55 | INFO     | src.workflow.base:calculate_technical_indicators:188 | 计算股票 300762 的技术指标
2026-03-27 16:30:55 | ERROR    | src.utils.concurrency:process_batch:73 | 处理 ('301005',               日期      开盘      最高      最低      收盘       成交量           成交额      换手率      涨跌幅
0     2021-06-01   68.00   68.50   58.61   58.82   7330997  4.653563e+08  51.3313  61.3717
1     2021-06-02   58.90   73.58   58.12   72.38   8341445  5.595546e+08  58.4064  23.0534
2     2021-06-03   67.00   68.05   62.56   62.94   6237936  4.024372e+08  43.6777 -13.0423
3     2021-06-04   59.35   60.68   54.99   55.15   5445088  3.100633e+08  38.1263 -12.3769
4     2021-06-07   55.02   55.52   51.16   51.32   3527089  1.839255e+08  24.6965  -6.9447
...          ...     ...     ...     ...     ...       ...           ...      ...      ...
1163  2026-03-20  150.86  151.99  144.00  144.50   6338605  9.373010e+08   4.7885  -2.8898
1164  2026-03-23  142.95  150.00  138.99  139.18   7790390  1.126070e+09   5.8853  -3.6817
1165  2026-03-24  143.20  143.90  134.58  139.77   6416301  8.876390e+08   4.8472   0.4239
1166  2026-03-25  143.01  145.93  141.00  141.70   6145486  8.832444e+08   4.6426   1.3808
1167  2026-03-26  145.02  147.57  138.08  146.55  10253379  1.466014e+09   7.7460   3.4227

[1168 rows x 9 columns]) 时出错: unhashable type: 'DataFrame'
2026-03-27 16:30:55 | INFO     | src.indicators.technical_indicators:calculate_ma:133 | 计算 5 日移动平均线完成
2026-03-27 16:30:55 | INFO     | src.indicators.technical_indicators:calculate_ma:133 | 计算 10 日移动平均线完成
2026-03-27 16:30:55 | INFO     | src.core.data_fetcher:save_data:452 | 数据保存成功: ./data\605598_with_indicators.csv
2026-03-27 16:30:55 | INFO     | src.workflow.base:calculate_signals:224 | 对股票 605598 进行信号判断
2026-03-27 16:30:55 | INFO     | src.indicators.technical_indicators:calculate_ma:133 | 计算 20 日移动平均线完成
2026-03-27 16:30:55 | INFO     | src.indicators.technical_indicators:calculate_ma:133 | 计算 30 日移动平均线完成
2026-03-27 16:30:55 | INFO     | src.core.data_fetcher:save_data:432 | 保存数据到 csv 文件: 605598_signals
2026-03-27 16:30:55 | INFO     | src.indicators.technical_indicators:calculate_ma:133 | 计算 60 日移动平均线完成
2026-03-27 16:30:55 | INFO     | src.indicators.technical_indicators:calculate_ma:133 | 计算 120 日移动平均线完成
2026-03-27 16:30:55 | INFO     | src.core.data_fetcher:save_data:452 | 数据保存成功: ./data\605598_signals.csv
2026-03-27 16:30:55 | INFO     | src.indicators.technical_indicators:calculate_ma:133 | 计算 250 日移动平均线完成
2026-03-27 16:30:55 | INFO     | src.workflow.technical:_process_single_stock:45 |   股票 605598 信号判断完成: 持有 (得分: 0.158)
2026-03-27 16:30:55 | INFO     | src.workflow.base:calculate_technical_indicators:188 | 计算股票 002565 的技术指标
2026-03-27 16:30:55 | INFO     | src.indicators.technical_indicators:calculate_sma:157 | 计算 5 日简单移动平均线完成
2026-03-27 16:30:55 | INFO     | src.indicators.technical_indicators:calculate_ma:133 | 计算 5 日移动平均线完成
2026-03-27 16:30:55 | INFO     | src.core.data_fetcher:save_data:452 | 数据保存成功: ./data\600118_with_indicators.csv
2026-03-27 16:30:55 | INFO     | src.indicators.technical_indicators:calculate_sma:157 | 计算 10 日简单移动平均线完成
2026-03-27 16:30:55 | INFO     | src.indicators.technical_indicators:calculate_ma:133 | 计算 10 日移动平均线完成
2026-03-27 16:30:55 | INFO     | src.workflow.base:calculate_signals:224 | 对股票 600118 进行信号判断
2026-03-27 16:30:55 | INFO     | src.indicators.technical_indicators:calculate_sma:157 | 计算 20 日简单移动平均线完成
2026-03-27 16:30:55 | INFO     | src.indicators.technical_indicators:calculate_ma:133 | 计算 20 日移动平均线完成
2026-03-27 16:30:55 | INFO     | src.indicators.technical_indicators:calculate_sma:157 | 计算 30 日简单移动平均线完成
2026-03-27 16:30:55 | INFO     | src.indicators.technical_indicators:calculate_ma:133 | 计算 30 日移动平均线完成
2026-03-27 16:30:55 | INFO     | src.core.data_fetcher:save_data:432 | 保存数据到 csv 文件: 600118_signals
2026-03-27 16:30:55 | INFO     | src.indicators.technical_indicators:calculate_sma:157 | 计算 60 日简单移动平均线完成
2026-03-27 16:30:55 | INFO     | src.indicators.technical_indicators:calculate_ma:133 | 计算 60 日移动平均线完成
2026-03-27 16:30:55 | INFO     | src.core.data_fetcher:save_data:452 | 数据保存成功: ./data\600879_with_indicators.csv
2026-03-27 16:30:55 | INFO     | src.indicators.technical_indicators:calculate_sma:157 | 计算 120 日简单移动平均线完成
2026-03-27 16:30:55 | INFO     | src.core.data_fetcher:save_data:452 | 数据保存成功: ./data\601698_with_indicators.csv
2026-03-27 16:30:55 | INFO     | src.workflow.base:calculate_signals:224 | 对股票 600879 进行信号判断
2026-03-27 16:30:55 | INFO     | src.core.data_fetcher:save_data:452 | 数据保存成功: ./data\600118_signals.csv
2026-03-27 16:30:55 | INFO     | src.indicators.technical_indicators:calculate_ma:133 | 计算 120 日移动平均线完成
2026-03-27 16:30:55 | INFO     | src.core.data_fetcher:save_data:452 | 数据保存成功: ./data\300136_with_indicators.csv
2026-03-27 16:30:55 | INFO     | src.indicators.technical_indicators:calculate_sma:157 | 计算 250 日简单移动平均线完成
2026-03-27 16:30:55 | INFO     | src.workflow.base:calculate_signals:224 | 对股票 601698 进行信号判断
2026-03-27 16:30:55 | INFO     | src.workflow.technical:_process_single_stock:45 |   股票 600118 信号判断完成: 持有 (得分: 0.175)
2026-03-27 16:30:55 | INFO     | src.indicators.technical_indicators:calculate_ma:133 | 计算 250 日移动平均线完成
2026-03-27 16:30:55 | INFO     | src.core.data_fetcher:save_data:432 | 保存数据到 csv 文件: 600879_signals
2026-03-27 16:30:55 | INFO     | src.workflow.base:calculate_signals:224 | 对股票 300136 进行信号判断
2026-03-27 16:30:55 | INFO     | src.indicators.technical_indicators:calculate_ema:182 | 计算 12 日指数移动平均线完成
2026-03-27 16:30:55 | INFO     | src.core.data_fetcher:save_data:452 | 数据保存成功: ./data\002149_with_indicators.csv
2026-03-27 16:30:55 | INFO     | src.core.data_fetcher:save_data:452 | 数据保存成功: ./data\300342_with_indicators.csv
2026-03-27 16:30:55 | INFO     | src.indicators.technical_indicators:calculate_sma:157 | 计算 5 日简单移动平均线完成
2026-03-27 16:30:55 | INFO     | src.core.data_fetcher:save_data:432 | 保存数据到 csv 文件: 601698_signals
2026-03-27 16:30:55 | INFO     | src.core.data_fetcher:save_data:432 | 保存数据到 csv 文件: 300136_signals
2026-03-27 16:30:55 | INFO     | src.indicators.technical_indicators:calculate_ema:182 | 计算 26 日指数移动平均线完成
2026-03-27 16:30:55 | INFO     | src.workflow.base:calculate_signals:224 | 对股票 002149 进行信号判断
2026-03-27 16:30:55 | INFO     | src.core.data_fetcher:save_data:452 | 数据保存成功: ./data\600879_signals.csv
2026-03-27 16:30:55 | INFO     | src.workflow.base:calculate_signals:224 | 对股票 300342 进行信号判断
2026-03-27 16:30:55 | INFO     | src.indicators.technical_indicators:calculate_sma:157 | 计算 10 日简单移动平均线完成
2026-03-27 16:30:55 | INFO     | src.core.data_fetcher:save_data:452 | 数据保存成功: ./data\601698_signals.csv
2026-03-27 16:30:55 | INFO     | src.core.data_fetcher:save_data:452 | 数据保存成功: ./data\300136_signals.csv
2026-03-27 16:30:55 | INFO     | src.indicators.technical_indicators:calculate_rsi:221 | 计算 6 日RSI完成
2026-03-27 16:30:55 | INFO     | src.core.data_fetcher:save_data:432 | 保存数据到 csv 文件: 002149_signals
2026-03-27 16:30:55 | INFO     | src.workflow.technical:_process_single_stock:45 |   股票 600879 信号判断完成: 持有 (得分: 0.176)
2026-03-27 16:30:55 | INFO     | src.core.data_fetcher:save_data:432 | 保存数据到 csv 文件: 300342_signals
2026-03-27 16:30:55 | INFO     | src.indicators.technical_indicators:calculate_sma:157 | 计算 20 日简单移动平均线完成
2026-03-27 16:30:55 | INFO     | src.workflow.technical:_process_single_stock:45 |   股票 601698 信号判断完成: 买入 (得分: 0.372)
2026-03-27 16:30:55 | INFO     | src.workflow.technical:_process_single_stock:45 |   股票 300136 信号判断完成: 持有 (得分: 0.161)
2026-03-27 16:30:55 | INFO     | src.indicators.technical_indicators:calculate_rsi:221 | 计算 12 日RSI完成
2026-03-27 16:30:55 | INFO     | src.core.data_fetcher:save_data:452 | 数据保存成功: ./data\002149_signals.csv
2026-03-27 16:30:55 | INFO     | src.indicators.technical_indicators:calculate_sma:157 | 计算 30 日简单移动平均线完成
2026-03-27 16:30:55 | INFO     | src.core.data_fetcher:save_data:452 | 数据保存成功: ./data\300342_signals.csv
2026-03-27 16:30:55 | INFO     | src.workflow.technical:_process_single_stock:45 |   股票 002149 信号判断完成: 持有 (得分: 0.162)
2026-03-27 16:30:55 | INFO     | src.indicators.technical_indicators:calculate_rsi:221 | 计算 24 日RSI完成
2026-03-27 16:30:55 | INFO     | src.indicators.technical_indicators:calculate_sma:157 | 计算 60 日简单移动平均线完成
2026-03-27 16:30:55 | INFO     | src.workflow.technical:_process_single_stock:45 |   股票 300342 信号判断完成: 持有 (得分: 0.006)
2026-03-27 16:30:55 | INFO     | src.indicators.technical_indicators:calculate_sma:157 | 计算 120 日简单移动平均线完成
2026-03-27 16:30:55 | INFO     | src.indicators.technical_indicators:calculate_macd:263 | 计算MACD完成：快线=12, 慢线=26, 信号线=9
2026-03-27 16:30:55 | INFO     | src.indicators.technical_indicators:calculate_sma:157 | 计算 250 日简单移动平均线完成
2026-03-27 16:30:55 | INFO     | src.indicators.technical_indicators:calculate_macd:263 | 计算MACD完成：快线=12, 慢线=26, 信号线=12
2026-03-27 16:30:55 | INFO     | src.indicators.technical_indicators:calculate_ema:182 | 计算 12 日指数移动平均线完成
2026-03-27 16:30:55 | INFO     | src.indicators.technical_indicators:calculate_boll:303 | 计算布林带完成：周期=20, 标准差倍数=2
2026-03-27 16:30:55 | INFO     | src.indicators.technical_indicators:calculate_ema:182 | 计算 26 日指数移动平均线完成
2026-03-27 16:30:55 | INFO     | src.indicators.technical_indicators:calculate_kdj:350 | 计算KDJ完成：K周期=9, D周期=3, J周期=3
2026-03-27 16:30:55 | INFO     | src.indicators.technical_indicators:calculate_rsi:221 | 计算 6 日RSI完成
2026-03-27 16:30:55 | INFO     | src.indicators.technical_indicators:calculate_rsi:221 | 计算 12 日RSI完成
2026-03-27 16:30:55 | INFO     | src.indicators.technical_indicators:calculate_kdj:350 | 计算KDJ完成：K周期=10, D周期=3, J周期=3
2026-03-27 16:30:55 | INFO     | src.indicators.technical_indicators:calculate_atr:385 | 计算 10 日ATR完成
2026-03-27 16:30:55 | INFO     | src.indicators.technical_indicators:calculate_rsi:221 | 计算 24 日RSI完成
2026-03-27 16:30:55 | INFO     | src.indicators.technical_indicators:calculate_macd:263 | 计算MACD完成：快线=12, 慢线=26, 信号线=9
2026-03-27 16:30:55 | INFO     | src.indicators.technical_indicators:calculate_macd:263 | 计算MACD完成：快线=12, 慢线=26, 信号线=12
2026-03-27 16:30:55 | INFO     | src.indicators.technical_indicators:calculate_boll:303 | 计算布林带完成：周期=20, 标准差倍数=2
2026-03-27 16:30:55 | ERROR    | src.notify.channels.base:send:80 | NtfyChannel 发送异常 (尝试 1/3): HTTPSConnectionPool(host='ntfy.sh', port=443): Max retries exceeded with url: /process-notify-001 (Caused by SSLError(SSLEOFError(8, 'EOF occurred in violation of protocol (_ssl.c:997)')))
2026-03-27 16:30:56 | INFO     | src.indicators.technical_indicators:calculate_kdj:350 | 计算KDJ完成：K周期=9, D周期=3, J周期=3
2026-03-27 16:30:56 | INFO     | src.indicators.technical_indicators:calculate_cci:446 | 计算 20 日CCI完成
2026-03-27 16:30:56 | INFO     | src.indicators.technical_indicators:calculate_kdj:350 | 计算KDJ完成：K周期=10, D周期=3, J周期=3
2026-03-27 16:30:56 | INFO     | src.indicators.technical_indicators:calculate_williams_r:476 | 计算 10 日威廉指标完成
2026-03-27 16:30:56 | INFO     | src.indicators.technical_indicators:calculate_ma:133 | 计算 5 日移动平均线完成
2026-03-27 16:30:56 | INFO     | src.indicators.technical_indicators:calculate_bias:500 | 计算 5 日乖离率完成
2026-03-27 16:30:56 | INFO     | src.indicators.technical_indicators:calculate_ma:133 | 计算 10 日移动平均线完成
2026-03-27 16:30:56 | INFO     | src.indicators.technical_indicators:calculate_atr:385 | 计算 10 日ATR完成
2026-03-27 16:30:56 | INFO     | src.indicators.technical_indicators:calculate_bias:500 | 计算 10 日乖离率完成
2026-03-27 16:30:56 | INFO     | src.indicators.technical_indicators:calculate_ma:133 | 计算 20 日移动平均线完成
2026-03-27 16:30:56 | INFO     | src.indicators.technical_indicators:calculate_bias:500 | 计算 20 日乖离率完成
2026-03-27 16:30:56 | INFO     | src.indicators.technical_indicators:calculate_ma:133 | 计算 30 日移动平均线完成
2026-03-27 16:30:56 | INFO     | src.indicators.technical_indicators:calculate_bias:500 | 计算 30 日乖离率完成
2026-03-27 16:30:56 | INFO     | src.indicators.technical_indicators:calculate_ma:133 | 计算 60 日移动平均线完成
2026-03-27 16:30:56 | INFO     | src.indicators.technical_indicators:calculate_bias:500 | 计算 60 日乖离率完成
2026-03-27 16:30:56 | INFO     | src.indicators.technical_indicators:calculate_ma:133 | 计算 120 日移动平均线完成
2026-03-27 16:30:56 | INFO     | src.indicators.technical_indicators:calculate_bias:500 | 计算 120 日乖离率完成
2026-03-27 16:30:56 | INFO     | src.indicators.technical_indicators:calculate_cci:446 | 计算 20 日CCI完成
2026-03-27 16:30:56 | INFO     | src.indicators.technical_indicators:calculate_ma:133 | 计算 250 日移动平均线完成
2026-03-27 16:30:56 | INFO     | src.indicators.technical_indicators:calculate_williams_r:476 | 计算 10 日威廉指标完成
2026-03-27 16:30:56 | INFO     | src.indicators.technical_indicators:calculate_bias:500 | 计算 250 日乖离率完成
2026-03-27 16:30:56 | INFO     | src.indicators.technical_indicators:calculate_ma:133 | 计算 5 日移动平均线完成
2026-03-27 16:30:56 | INFO     | src.indicators.technical_indicators:calculate_psy:523 | 计算 10 日心理线完成
2026-03-27 16:30:56 | INFO     | src.indicators.technical_indicators:calculate_bias:500 | 计算 5 日乖离率完成
2026-03-27 16:30:56 | WARNING  | src.indicators.technical_indicators:calculate_all:635 | 未知的指标类型: rsv_period
2026-03-27 16:30:56 | INFO     | src.indicators.technical_indicators:calculate_ma:133 | 计算 10 日移动平均线完成
2026-03-27 16:30:56 | WARNING  | src.indicators.technical_indicators:calculate_all:635 | 未知的指标类型: volume_period
2026-03-27 16:30:56 | INFO     | src.indicators.technical_indicators:calculate_bias:500 | 计算 10 日乖离率完成
2026-03-27 16:30:56 | INFO     | src.indicators.technical_indicators:calculate_all:640 | 完成计算 45 个技术指标
2026-03-27 16:30:56 | INFO     | src.indicators.technical_indicators:calculate_ma:133 | 计算 20 日移动平均线完成
2026-03-27 16:30:56 | INFO     | src.indicators.technical_indicators:calculate_bias:500 | 计算 20 日乖离率完成
2026-03-27 16:30:56 | INFO     | src.indicators.technical_indicators:calculate_ma:133 | 计算 30 日移动平均线完成
2026-03-27 16:30:56 | INFO     | src.indicators.technical_indicators:calculate_bias:500 | 计算 30 日乖离率完成
2026-03-27 16:30:56 | INFO     | src.indicators.technical_indicators:calculate_ma:133 | 计算 60 日移动平均线完成
2026-03-27 16:30:56 | INFO     | src.indicators.technical_indicators:calculate_bias:500 | 计算 60 日乖离率完成
2026-03-27 16:30:56 | INFO     | src.indicators.technical_indicators:calculate_ma:133 | 计算 120 日移动平均线完成
2026-03-27 16:30:56 | INFO     | src.indicators.technical_indicators:calculate_bias:500 | 计算 120 日乖离率完成
2026-03-27 16:30:56 | INFO     | src.indicators.technical_indicators:calculate_ma:133 | 计算 250 日移动平均线完成
2026-03-27 16:30:56 | INFO     | src.indicators.technical_indicators:calculate_bias:500 | 计算 250 日乖离率完成
2026-03-27 16:30:56 | INFO     | src.indicators.technical_indicators:calculate_psy:523 | 计算 10 日心理线完成
2026-03-27 16:30:56 | WARNING  | src.indicators.technical_indicators:calculate_all:635 | 未知的指标类型: rsv_period
2026-03-27 16:30:56 | INFO     | src.core.data_fetcher:save_data:432 | 保存数据到 csv 文件: 300762_with_indicators
2026-03-27 16:30:56 | WARNING  | src.indicators.technical_indicators:calculate_all:635 | 未知的指标类型: volume_period
2026-03-27 16:30:56 | INFO     | src.indicators.technical_indicators:calculate_all:640 | 完成计算 45 个技术指标
2026-03-27 16:30:56 | INFO     | src.core.data_fetcher:save_data:432 | 保存数据到 csv 文件: 002565_with_indicators
2026-03-27 16:30:56 | INFO     | src.core.data_fetcher:save_data:452 | 数据保存成功: ./data\300762_with_indicators.csv
2026-03-27 16:30:56 | INFO     | src.workflow.base:calculate_signals:224 | 对股票 300762 进行信号判断
2026-03-27 16:30:56 | INFO     | src.core.data_fetcher:save_data:432 | 保存数据到 csv 文件: 300762_signals
2026-03-27 16:30:56 | INFO     | src.core.data_fetcher:save_data:452 | 数据保存成功: ./data\300762_signals.csv
2026-03-27 16:30:56 | INFO     | src.workflow.technical:_process_single_stock:45 |   股票 300762 信号判断完成: 持有 (得分: 0.144)
2026-03-27 16:30:56 | INFO     | src.core.data_fetcher:save_data:452 | 数据保存成功: ./data\002565_with_indicators.csv
2026-03-27 16:30:56 | INFO     | src.workflow.base:calculate_signals:224 | 对股票 002565 进行信号判断
2026-03-27 16:30:56 | INFO     | src.core.data_fetcher:save_data:432 | 保存数据到 csv 文件: 002565_signals
2026-03-27 16:30:56 | INFO     | src.core.data_fetcher:save_data:452 | 数据保存成功: ./data\002565_signals.csv
2026-03-27 16:30:56 | INFO     | src.workflow.technical:_process_single_stock:45 |   股票 002565 信号判断完成: 卖出 (得分: -0.239)
2026-03-27 16:30:57 | ERROR    | src.notify.channels.base:send:80 | NtfyChannel 发送异常 (尝试 2/3): HTTPSConnectionPool(host='ntfy.sh', port=443): Max retries exceeded with url: /process-notify-001 (Caused by SSLError(SSLEOFError(8, 'EOF occurred in violation of protocol (_ssl.c:997)')))
2026-03-27 16:30:58 | ERROR    | src.notify.channels.base:send:80 | NtfyChannel 发送异常 (尝试 3/3): HTTPSConnectionPool(host='ntfy.sh', port=443): Max retries exceeded with url: /process-notify-001 (Caused by SSLError(SSLEOFError(8, 'EOF occurred in violation of protocol (_ssl.c:997)')))
2026-03-27 16:30:58 | INFO     | src.notify.channels.markdown:_do_send:75 | Markdown 文件已保存: ./notify_logs\notify_20260327_163058.md
2026-03-27 16:30:58 | ERROR    | src.workflow.technical:process_fund:196 | 处理基金 015790 时失败: unhashable type: 'DataFrame'
2026-03-27 16:30:58 | INFO     | src.workflow.technical:run_batch:226 | 基金 015790 处理完成
2026-03-27 16:30:58 | INFO     | src.workflow.technical:run_batch:227 | ============================================================

2026-03-27 16:30:58 | INFO     | src.workflow.technical:run_batch:219 | 
============================================================
2026-03-27 16:30:58 | INFO     | src.workflow.technical:run_batch:220 | 开始处理基金: 025491
2026-03-27 16:30:58 | INFO     | src.workflow.technical:process_fund:99 | 开始处理基金 025491 的持仓股票技术指标计算
2026-03-27 16:30:58 | INFO     | src.workflow.base:get_fund_holdings:85 | 获取基金 025491 的持仓数据
2026-03-27 16:30:58 | INFO     | src.core.data_fetcher:inner:294 | 获取基金 025491 持仓
2026-03-27 16:30:58 | INFO     | src.core.akshare_provider:get_fund_portfolio:370 | akshare 获取基金 025491 持仓
2026-03-27 16:30:58 | INFO     | src.core.akshare_provider:get_fund_portfolio:379 | 使用 fund_portfolio_hold_em 成功获取基金 025491 持仓
2026-03-27 16:30:58 | INFO     | src.workflow.base:filter_latest_quarter:101 | 过滤最新季度数据
2026-03-27 16:30:58 | INFO     | src.analysis.quarter_filter:filter_latest_quarter_data:63 | 识别到最新季度: 2025年Q4
2026-03-27 16:30:58 | INFO     | src.analysis.quarter_filter:filter_latest_quarter_data:77 | 过滤结果: 从 58 条记录中筛选出 58 条最新季度数据
2026-03-27 16:30:58 | INFO     | src.workflow.technical:process_fund:116 | 最新季度持仓股票数量: 58
2026-03-27 16:30:58 | INFO     | src.workflow.technical:process_fund:117 | 股票代码列表: ['600118', '600879', '601698', '688568', '688270', '300627', '002151', '688375', '600435', '300593']...
2026-03-27 16:30:58 | INFO     | src.workflow.base:get_stock_data:115 | 批量处理 58 只股票的数据
2026-03-27 16:30:58 | INFO     | src.data.reader:list_files:221 | 在 data\stock_data 中找到 128 个文件
2026-03-27 16:30:58 | INFO     | src.data.reader:list_stock_files:241 | 找到 128 个股票数据文件
2026-03-27 16:30:58 | INFO     | src.data.reader:read_csv:53 | 读取CSV文件: data\stock_data\600118_kline.csv
2026-03-27 16:30:58 | INFO     | src.data.reader:read_csv:57 | 成功读取 1752 行数据
2026-03-27 16:30:58 | INFO     | src.data.reader:list_files:221 | 在 data\stock_data 中找到 128 个文件
2026-03-27 16:30:58 | INFO     | src.data.reader:list_stock_files:241 | 找到 128 个股票数据文件
2026-03-27 16:30:58 | INFO     | src.data.reader:read_csv:53 | 读取CSV文件: data\stock_data\600879_kline.csv
2026-03-27 16:30:58 | INFO     | src.data.reader:list_files:221 | 在 data\stock_data 中找到 128 个文件
2026-03-27 16:30:58 | INFO     | src.data.reader:list_files:221 | 在 data\stock_data 中找到 128 个文件
2026-03-27 16:30:58 | INFO     | src.data.reader:list_stock_files:241 | 找到 128 个股票数据文件
2026-03-27 16:30:58 | INFO     | src.data.reader:list_stock_files:241 | 找到 128 个股票数据文件
2026-03-27 16:30:58 | INFO     | src.data.reader:list_files:221 | 在 data\stock_data 中找到 128 个文件
2026-03-27 16:30:58 | INFO     | src.data.reader:list_files:221 | 在 data\stock_data 中找到 128 个文件
2026-03-27 16:30:58 | INFO     | src.data.reader:list_files:221 | 在 data\stock_data 中找到 128 个文件
2026-03-27 16:30:58 | INFO     | src.data.reader:read_csv:53 | 读取CSV文件: data\stock_data\688270_kline.csv
2026-03-27 16:30:58 | INFO     | src.data.reader:list_files:221 | 在 data\stock_data 中找到 128 个文件
2026-03-27 16:30:58 | INFO     | src.data.reader:read_csv:53 | 读取CSV文件: data\stock_data\601698_kline.csv
2026-03-27 16:30:58 | INFO     | src.data.reader:list_stock_files:241 | 找到 128 个股票数据文件
2026-03-27 16:30:58 | INFO     | src.data.reader:read_csv:57 | 成功读取 1752 行数据
2026-03-27 16:30:58 | INFO     | src.data.reader:list_stock_files:241 | 找到 128 个股票数据文件
2026-03-27 16:30:58 | INFO     | src.data.reader:list_stock_files:241 | 找到 128 个股票数据文件
2026-03-27 16:30:58 | INFO     | src.data.reader:list_stock_files:241 | 找到 128 个股票数据文件
2026-03-27 16:30:58 | INFO     | src.data.reader:read_csv:53 | 读取CSV文件: data\stock_data\300627_kline.csv
2026-03-27 16:30:58 | INFO     | src.data.reader:read_csv:53 | 读取CSV文件: data\stock_data\688568_kline.csv
2026-03-27 16:30:58 | INFO     | src.data.reader:read_csv:53 | 读取CSV文件: data\stock_data\688375_kline.csv
2026-03-27 16:30:58 | INFO     | src.data.reader:read_csv:53 | 读取CSV文件: data\stock_data\002151_kline.csv
2026-03-27 16:30:58 | INFO     | src.data.reader:read_csv:57 | 成功读取 1005 行数据
2026-03-27 16:30:58 | INFO     | src.data.reader:read_csv:57 | 成功读取 1635 行数据
2026-03-27 16:30:58 | INFO     | src.data.reader:read_csv:57 | 成功读取 1752 行数据
2026-03-27 16:30:58 | INFO     | src.data.reader:read_csv:57 | 成功读取 1386 行数据
2026-03-27 16:30:58 | INFO     | src.data.reader:read_csv:57 | 成功读取 890 行数据
2026-03-27 16:30:58 | INFO     | src.data.reader:read_csv:57 | 成功读取 1752 行数据
2026-03-27 16:30:58 | INFO     | src.data.reader:list_files:221 | 在 data\stock_data 中找到 128 个文件
2026-03-27 16:30:58 | INFO     | src.data.reader:list_stock_files:241 | 找到 128 个股票数据文件
2026-03-27 16:30:58 | INFO     | src.data.reader:read_csv:53 | 读取CSV文件: data\stock_data\600435_kline.csv
2026-03-27 16:30:58 | INFO     | src.data.reader:read_csv:57 | 成功读取 1752 行数据
2026-03-27 16:30:58 | INFO     | src.data.reader:list_files:221 | 在 data\stock_data 中找到 128 个文件
2026-03-27 16:30:58 | INFO     | src.data.reader:list_stock_files:241 | 找到 128 个股票数据文件
2026-03-27 16:30:58 | INFO     | src.data.reader:read_csv:53 | 读取CSV文件: data\stock_data\300593_kline.csv
2026-03-27 16:30:58 | INFO     | src.data.reader:read_csv:57 | 成功读取 1752 行数据
2026-03-27 16:30:58 | INFO     | src.utils.concurrency:process_batch:70 | 获取股票数据: 10/58
2026-03-27 16:30:58 | INFO     | src.data.reader:list_files:221 | 在 data\stock_data 中找到 128 个文件
2026-03-27 16:30:58 | INFO     | src.data.reader:list_stock_files:241 | 找到 128 个股票数据文件
2026-03-27 16:30:58 | INFO     | src.data.reader:read_csv:53 | 读取CSV文件: data\stock_data\688333_kline.csv
2026-03-27 16:30:59 | INFO     | src.data.reader:list_files:221 | 在 data\stock_data 中找到 128 个文件
2026-03-27 16:30:59 | INFO     | src.data.reader:list_stock_files:241 | 找到 128 个股票数据文件
2026-03-27 16:30:59 | INFO     | src.data.reader:list_files:221 | 在 data\stock_data 中找到 128 个文件
2026-03-27 16:30:59 | INFO     | src.data.reader:list_files:221 | 在 data\stock_data 中找到 128 个文件
2026-03-27 16:30:59 | INFO     | src.data.reader:list_files:221 | 在 data\stock_data 中找到 128 个文件
2026-03-27 16:30:59 | INFO     | src.data.reader:read_csv:53 | 读取CSV文件: data\stock_data\002405_kline.csv
2026-03-27 16:30:59 | INFO     | src.data.reader:list_stock_files:241 | 找到 128 个股票数据文件
2026-03-27 16:30:59 | INFO     | src.data.reader:list_files:221 | 在 data\stock_data 中找到 128 个文件
2026-03-27 16:30:59 | INFO     | src.data.reader:list_stock_files:241 | 找到 128 个股票数据文件
2026-03-27 16:30:59 | INFO     | src.data.reader:list_stock_files:241 | 找到 128 个股票数据文件
2026-03-27 16:30:59 | INFO     | src.data.reader:read_csv:53 | 读取CSV文件: data\stock_data\300036_kline.csv
2026-03-27 16:30:59 | INFO     | src.data.reader:list_stock_files:241 | 找到 128 个股票数据文件
2026-03-27 16:30:59 | INFO     | src.data.reader:read_csv:57 | 成功读取 1619 行数据
2026-03-27 16:30:59 | INFO     | src.data.reader:read_csv:53 | 读取CSV文件: data\stock_data\688523_kline.csv
2026-03-27 16:30:59 | INFO     | src.data.reader:read_csv:53 | 读取CSV文件: data\stock_data\002025_kline.csv
2026-03-27 16:30:59 | INFO     | src.data.reader:read_csv:53 | 读取CSV文件: data\stock_data\002465_kline.csv
2026-03-27 16:30:59 | INFO     | src.data.reader:read_csv:57 | 成功读取 1752 行数据
2026-03-27 16:30:59 | INFO     | src.data.reader:read_csv:57 | 成功读取 681 行数据
2026-03-27 16:30:59 | INFO     | src.data.reader:read_csv:57 | 成功读取 1752 行数据
2026-03-27 16:30:59 | INFO     | src.data.reader:read_csv:57 | 成功读取 1752 行数据
2026-03-27 16:30:59 | INFO     | src.data.reader:read_csv:57 | 成功读取 1752 行数据
2026-03-27 16:30:59 | INFO     | src.data.reader:list_files:221 | 在 data\stock_data 中找到 128 个文件
2026-03-27 16:30:59 | INFO     | src.data.reader:list_stock_files:241 | 找到 128 个股票数据文件
2026-03-27 16:30:59 | INFO     | src.data.reader:read_csv:53 | 读取CSV文件: data\stock_data\300136_kline.csv
2026-03-27 16:30:59 | INFO     | src.data.reader:read_csv:57 | 成功读取 1752 行数据
2026-03-27 16:30:59 | INFO     | src.data.reader:list_files:221 | 在 data\stock_data 中找到 128 个文件
2026-03-27 16:30:59 | INFO     | src.data.reader:list_stock_files:241 | 找到 128 个股票数据文件
2026-03-27 16:30:59 | INFO     | src.data.reader:read_csv:53 | 读取CSV文件: data\stock_data\603236_kline.csv
2026-03-27 16:30:59 | INFO     | src.data.reader:read_csv:57 | 成功读取 1623 行数据
2026-03-27 16:30:59 | INFO     | src.data.reader:list_files:221 | 在 data\stock_data 中找到 128 个文件
2026-03-27 16:30:59 | INFO     | src.data.reader:list_stock_files:241 | 找到 128 个股票数据文件
2026-03-27 16:30:59 | INFO     | src.data.reader:read_csv:53 | 读取CSV文件: data\stock_data\688387_kline.csv
2026-03-27 16:30:59 | INFO     | src.data.reader:list_files:221 | 在 data\stock_data 中找到 128 个文件
2026-03-27 16:30:59 | INFO     | src.data.reader:list_stock_files:241 | 找到 128 个股票数据文件
2026-03-27 16:30:59 | INFO     | src.data.reader:read_csv:53 | 读取CSV文件: data\stock_data\300053_kline.csv
2026-03-27 16:30:59 | INFO     | src.data.reader:list_files:221 | 在 data\stock_data 中找到 128 个文件
2026-03-27 16:30:59 | INFO     | src.data.reader:list_stock_files:241 | 找到 128 个股票数据文件
2026-03-27 16:30:59 | INFO     | src.data.reader:read_csv:53 | 读取CSV文件: data\stock_data\688521_kline.csv
2026-03-27 16:30:59 | INFO     | src.data.reader:list_files:221 | 在 data\stock_data 中找到 128 个文件
2026-03-27 16:30:59 | INFO     | src.data.reader:list_files:221 | 在 data\stock_data 中找到 128 个文件
2026-03-27 16:30:59 | INFO     | src.data.reader:list_files:221 | 在 data\stock_data 中找到 128 个文件
2026-03-27 16:30:59 | INFO     | src.data.reader:list_stock_files:241 | 找到 128 个股票数据文件
2026-03-27 16:30:59 | INFO     | src.data.reader:list_stock_files:241 | 找到 128 个股票数据文件
2026-03-27 16:30:59 | INFO     | src.data.reader:list_stock_files:241 | 找到 128 个股票数据文件
2026-03-27 16:30:59 | INFO     | src.data.reader:read_csv:53 | 读取CSV文件: data\stock_data\002049_kline.csv
2026-03-27 16:30:59 | INFO     | src.data.reader:read_csv:53 | 读取CSV文件: data\stock_data\300045_kline.csv
2026-03-27 16:30:59 | INFO     | src.data.reader:read_csv:57 | 成功读取 845 行数据
2026-03-27 16:30:59 | INFO     | src.data.reader:read_csv:53 | 读取CSV文件: data\stock_data\300672_kline.csv
2026-03-27 16:30:59 | INFO     | src.data.reader:read_csv:57 | 成功读取 1752 行数据
2026-03-27 16:30:59 | INFO     | src.utils.concurrency:process_batch:70 | 获取股票数据: 20/58
2026-03-27 16:30:59 | INFO     | src.data.reader:read_csv:57 | 成功读取 1357 行数据
2026-03-27 16:30:59 | INFO     | src.data.reader:read_csv:57 | 成功读取 1752 行数据
2026-03-27 16:30:59 | INFO     | src.data.reader:read_csv:57 | 成功读取 1752 行数据
2026-03-27 16:30:59 | INFO     | src.data.reader:read_csv:57 | 成功读取 1752 行数据
2026-03-27 16:30:59 | INFO     | src.data.reader:list_files:221 | 在 data\stock_data 中找到 128 个文件
2026-03-27 16:30:59 | INFO     | src.data.reader:list_stock_files:241 | 找到 128 个股票数据文件
2026-03-27 16:30:59 | INFO     | src.data.reader:read_csv:53 | 读取CSV文件: data\stock_data\002179_kline.csv
2026-03-27 16:30:59 | INFO     | src.data.reader:read_csv:57 | 成功读取 1752 行数据
2026-03-27 16:30:59 | INFO     | src.data.reader:list_files:221 | 在 data\stock_data 中找到 128 个文件
2026-03-27 16:30:59 | INFO     | src.data.reader:list_stock_files:241 | 找到 128 个股票数据文件
2026-03-27 16:30:59 | INFO     | src.data.reader:read_csv:53 | 读取CSV文件: data\stock_data\002338_kline.csv
2026-03-27 16:30:59 | INFO     | src.data.reader:read_csv:57 | 成功读取 1752 行数据
2026-03-27 16:30:59 | INFO     | src.data.reader:list_files:221 | 在 data\stock_data 中找到 128 个文件
2026-03-27 16:30:59 | INFO     | src.data.reader:list_stock_files:241 | 找到 128 个股票数据文件
2026-03-27 16:30:59 | INFO     | src.data.reader:read_csv:53 | 读取CSV文件: data\stock_data\300065_kline.csv
2026-03-27 16:30:59 | INFO     | src.data.reader:read_csv:57 | 成功读取 1752 行数据
2026-03-27 16:30:59 | INFO     | src.data.reader:list_files:221 | 在 data\stock_data 中找到 128 个文件
2026-03-27 16:30:59 | INFO     | src.data.reader:list_stock_files:241 | 找到 128 个股票数据文件
2026-03-27 16:30:59 | INFO     | src.data.reader:read_csv:53 | 读取CSV文件: data\stock_data\300101_kline.csv
2026-03-27 16:30:59 | INFO     | src.data.reader:list_files:221 | 在 data\stock_data 中找到 128 个文件
2026-03-27 16:30:59 | INFO     | src.data.reader:list_stock_files:241 | 找到 128 个股票数据文件
2026-03-27 16:30:59 | INFO     | src.data.reader:read_csv:53 | 读取CSV文件: data\stock_data\002046_kline.csv
2026-03-27 16:30:59 | INFO     | src.data.reader:list_files:221 | 在 data\stock_data 中找到 128 个文件
2026-03-27 16:30:59 | INFO     | src.data.reader:list_files:221 | 在 data\stock_data 中找到 128 个文件
2026-03-27 16:30:59 | INFO     | src.data.reader:list_files:221 | 在 data\stock_data 中找到 128 个文件
2026-03-27 16:30:59 | INFO     | src.data.reader:list_stock_files:241 | 找到 128 个股票数据文件
2026-03-27 16:30:59 | INFO     | src.data.reader:list_stock_files:241 | 找到 128 个股票数据文件
2026-03-27 16:30:59 | INFO     | src.data.reader:list_stock_files:241 | 找到 128 个股票数据文件
2026-03-27 16:30:59 | INFO     | src.data.reader:read_csv:53 | 读取CSV文件: data\stock_data\300455_kline.csv
2026-03-27 16:30:59 | INFO     | src.data.reader:read_csv:53 | 读取CSV文件: data\stock_data\688122_kline.csv
2026-03-27 16:30:59 | INFO     | src.data.reader:read_csv:53 | 读取CSV文件: data\stock_data\300782_kline.csv
2026-03-27 16:30:59 | INFO     | src.data.reader:read_csv:57 | 成功读取 1752 行数据
2026-03-27 16:30:59 | INFO     | src.data.reader:read_csv:57 | 成功读取 1752 行数据
2026-03-27 16:30:59 | INFO     | src.data.reader:read_csv:57 | 成功读取 1752 行数据
2026-03-27 16:30:59 | INFO     | src.data.reader:list_files:221 | 在 data\stock_data 中找到 128 个文件
2026-03-27 16:30:59 | INFO     | src.data.reader:read_csv:57 | 成功读取 1643 行数据
2026-03-27 16:30:59 | INFO     | src.utils.concurrency:process_batch:70 | 获取股票数据: 30/58
2026-03-27 16:30:59 | INFO     | src.data.reader:list_stock_files:241 | 找到 128 个股票数据文件
2026-03-27 16:30:59 | INFO     | src.data.reader:read_csv:57 | 成功读取 1619 行数据
2026-03-27 16:30:59 | INFO     | src.data.reader:read_csv:53 | 读取CSV文件: data\stock_data\688685_kline.csv
2026-03-27 16:30:59 | INFO     | src.data.reader:read_csv:57 | 成功读取 1181 行数据
2026-03-27 16:31:00 | INFO     | src.data.reader:list_files:221 | 在 data\stock_data 中找到 128 个文件
2026-03-27 16:31:00 | INFO     | src.data.reader:list_stock_files:241 | 找到 128 个股票数据文件
2026-03-27 16:31:00 | INFO     | src.data.reader:read_csv:53 | 读取CSV文件: data\stock_data\688385_kline.csv
2026-03-27 16:31:00 | INFO     | src.data.reader:read_csv:57 | 成功读取 1123 行数据
2026-03-27 16:31:00 | INFO     | src.data.reader:list_files:221 | 在 data\stock_data 中找到 128 个文件
2026-03-27 16:31:00 | INFO     | src.data.reader:list_stock_files:241 | 找到 128 个股票数据文件
2026-03-27 16:31:00 | INFO     | src.data.reader:read_csv:53 | 读取CSV文件: data\stock_data\300079_kline.csv
2026-03-27 16:31:00 | INFO     | src.data.reader:read_csv:57 | 成功读取 1752 行数据
2026-03-27 16:31:00 | INFO     | src.data.reader:list_files:221 | 在 data\stock_data 中找到 128 个文件
2026-03-27 16:31:00 | INFO     | src.data.reader:list_stock_files:241 | 找到 128 个股票数据文件
2026-03-27 16:31:00 | INFO     | src.data.reader:read_csv:53 | 读取CSV文件: data\stock_data\300620_kline.csv
2026-03-27 16:31:00 | INFO     | src.data.reader:list_files:221 | 在 data\stock_data 中找到 128 个文件
2026-03-27 16:31:00 | INFO     | src.data.reader:list_stock_files:241 | 找到 128 个股票数据文件
2026-03-27 16:31:00 | INFO     | src.data.reader:read_csv:53 | 读取CSV文件: data\stock_data\000733_kline.csv
2026-03-27 16:31:00 | INFO     | src.data.reader:read_csv:57 | 成功读取 1752 行数据
2026-03-27 16:31:00 | INFO     | src.data.reader:list_files:221 | 在 data\stock_data 中找到 128 个文件
2026-03-27 16:31:00 | INFO     | src.data.reader:list_files:221 | 在 data\stock_data 中找到 128 个文件
2026-03-27 16:31:00 | INFO     | src.data.reader:list_stock_files:241 | 找到 128 个股票数据文件
2026-03-27 16:31:00 | INFO     | src.data.reader:list_stock_files:241 | 找到 128 个股票数据文件
2026-03-27 16:31:00 | INFO     | src.data.reader:list_files:221 | 在 data\stock_data 中找到 128 个文件
2026-03-27 16:31:00 | INFO     | src.data.reader:read_csv:53 | 读取CSV文件: data\stock_data\605123_kline.csv
2026-03-27 16:31:00 | INFO     | src.data.reader:read_csv:53 | 读取CSV文件: data\stock_data\002583_kline.csv
2026-03-27 16:31:00 | INFO     | src.data.reader:list_files:221 | 在 data\stock_data 中找到 128 个文件
2026-03-27 16:31:00 | INFO     | src.data.reader:list_stock_files:241 | 找到 128 个股票数据文件
2026-03-27 16:31:00 | INFO     | src.data.reader:list_stock_files:241 | 找到 128 个股票数据文件
2026-03-27 16:31:00 | INFO     | src.data.reader:read_csv:53 | 读取CSV文件: data\stock_data\002268_kline.csv
2026-03-27 16:31:00 | INFO     | src.data.reader:read_csv:53 | 读取CSV文件: data\stock_data\600877_kline.csv
2026-03-27 16:31:00 | INFO     | src.data.reader:read_csv:57 | 成功读取 1752 行数据
2026-03-27 16:31:00 | INFO     | src.data.reader:read_csv:57 | 成功读取 1352 行数据
2026-03-27 16:31:00 | INFO     | src.data.reader:read_csv:57 | 成功读取 1752 行数据
2026-03-27 16:31:00 | INFO     | src.data.reader:read_csv:57 | 成功读取 1752 行数据
2026-03-27 16:31:00 | INFO     | src.data.reader:read_csv:57 | 成功读取 1752 行数据
2026-03-27 16:31:00 | INFO     | src.utils.concurrency:process_batch:70 | 获取股票数据: 40/58
2026-03-27 16:31:00 | INFO     | src.data.reader:list_files:221 | 在 data\stock_data 中找到 128 个文件
2026-03-27 16:31:00 | INFO     | src.data.reader:list_stock_files:241 | 找到 128 个股票数据文件
2026-03-27 16:31:00 | INFO     | src.data.reader:read_csv:53 | 读取CSV文件: data\stock_data\000801_kline.csv
2026-03-27 16:31:00 | INFO     | src.data.reader:read_csv:57 | 成功读取 1752 行数据
2026-03-27 16:31:00 | INFO     | src.data.reader:list_files:221 | 在 data\stock_data 中找到 128 个文件
2026-03-27 16:31:00 | INFO     | src.data.reader:list_stock_files:241 | 找到 128 个股票数据文件
2026-03-27 16:31:00 | INFO     | src.data.reader:read_csv:53 | 读取CSV文件: data\stock_data\603678_kline.csv
2026-03-27 16:31:00 | INFO     | src.data.reader:read_csv:57 | 成功读取 1752 行数据
2026-03-27 16:31:00 | INFO     | src.data.reader:list_files:221 | 在 data\stock_data 中找到 128 个文件
2026-03-27 16:31:00 | INFO     | src.data.reader:list_stock_files:241 | 找到 128 个股票数据文件
2026-03-27 16:31:00 | INFO     | src.data.reader:read_csv:53 | 读取CSV文件: data\stock_data\603712_kline.csv
2026-03-27 16:31:00 | INFO     | src.data.reader:read_csv:57 | 成功读取 1752 行数据
2026-03-27 16:31:00 | INFO     | src.data.reader:list_files:221 | 在 data\stock_data 中找到 128 个文件
2026-03-27 16:31:00 | INFO     | src.data.reader:list_stock_files:241 | 找到 128 个股票数据文件
2026-03-27 16:31:00 | INFO     | src.data.reader:read_csv:53 | 读取CSV文件: data\stock_data\688709_kline.csv
2026-03-27 16:31:00 | INFO     | src.data.reader:read_csv:57 | 成功读取 512 行数据
2026-03-27 16:31:00 | INFO     | src.data.reader:list_files:221 | 在 data\stock_data 中找到 128 个文件
2026-03-27 16:31:00 | INFO     | src.data.reader:list_stock_files:241 | 找到 128 个股票数据文件
2026-03-27 16:31:00 | INFO     | src.data.reader:read_csv:53 | 读取CSV文件: data\stock_data\300726_kline.csv
2026-03-27 16:31:00 | INFO     | src.data.reader:list_files:221 | 在 data\stock_data 中找到 128 个文件
2026-03-27 16:31:00 | INFO     | src.data.reader:list_stock_files:241 | 找到 128 个股票数据文件
2026-03-27 16:31:00 | INFO     | src.data.reader:read_csv:53 | 读取CSV文件: data\stock_data\603267_kline.csv
2026-03-27 16:31:00 | INFO     | src.data.reader:list_files:221 | 在 data\stock_data 中找到 128 个文件
2026-03-27 16:31:00 | INFO     | src.data.reader:list_files:221 | 在 data\stock_data 中找到 128 个文件
2026-03-27 16:31:00 | INFO     | src.data.reader:list_stock_files:241 | 找到 128 个股票数据文件
2026-03-27 16:31:00 | INFO     | src.data.reader:list_stock_files:241 | 找到 128 个股票数据文件
2026-03-27 16:31:00 | INFO     | src.data.reader:list_files:221 | 在 data\stock_data 中找到 128 个文件
2026-03-27 16:31:00 | INFO     | src.data.reader:read_csv:53 | 读取CSV文件: data\stock_data\688776_kline.csv
2026-03-27 16:31:00 | INFO     | src.data.reader:read_csv:53 | 读取CSV文件: data\stock_data\600345_kline.csv
2026-03-27 16:31:00 | INFO     | src.data.reader:list_stock_files:241 | 找到 128 个股票数据文件
2026-03-27 16:31:00 | INFO     | src.data.reader:read_csv:57 | 成功读取 1752 行数据
2026-03-27 16:31:00 | INFO     | src.data.reader:read_csv:53 | 读取CSV文件: data\stock_data\688182_kline.csv
2026-03-27 16:31:00 | INFO     | src.data.reader:read_csv:57 | 成功读取 1666 行数据
2026-03-27 16:31:00 | INFO     | src.data.reader:read_csv:57 | 成功读取 1104 行数据
2026-03-27 16:31:00 | INFO     | src.data.reader:read_csv:57 | 成功读取 1752 行数据
2026-03-27 16:31:00 | INFO     | src.data.reader:read_csv:57 | 成功读取 1056 行数据
2026-03-27 16:31:00 | INFO     | src.utils.concurrency:process_batch:70 | 获取股票数据: 50/58
2026-03-27 16:31:01 | INFO     | src.data.reader:list_files:221 | 在 data\stock_data 中找到 128 个文件
2026-03-27 16:31:01 | INFO     | src.data.reader:list_stock_files:241 | 找到 128 个股票数据文件
2026-03-27 16:31:01 | INFO     | src.data.reader:read_csv:53 | 读取CSV文件: data\stock_data\688795_kline.csv
2026-03-27 16:31:01 | INFO     | src.data.reader:read_csv:57 | 成功读取 72 行数据
2026-03-27 16:31:01 | INFO     | src.data.reader:list_files:221 | 在 data\stock_data 中找到 128 个文件
2026-03-27 16:31:01 | INFO     | src.data.reader:list_stock_files:241 | 找到 128 个股票数据文件
2026-03-27 16:31:01 | INFO     | src.data.reader:read_csv:53 | 读取CSV文件: data\stock_data\001280_kline.csv
2026-03-27 16:31:01 | INFO     | src.data.reader:read_csv:57 | 成功读取 74 行数据
2026-03-27 16:31:01 | INFO     | src.data.reader:list_files:221 | 在 data\stock_data 中找到 128 个文件
2026-03-27 16:31:01 | INFO     | src.data.reader:list_stock_files:241 | 找到 128 个股票数据文件
2026-03-27 16:31:01 | INFO     | src.data.reader:read_csv:53 | 读取CSV文件: data\stock_data\688809_kline.csv
2026-03-27 16:31:01 | INFO     | src.data.reader:read_csv:57 | 成功读取 55 行数据
2026-03-27 16:31:01 | INFO     | src.data.reader:list_files:221 | 在 data\stock_data 中找到 128 个文件
2026-03-27 16:31:01 | INFO     | src.data.reader:list_stock_files:241 | 找到 128 个股票数据文件
2026-03-27 16:31:01 | INFO     | src.data.reader:read_csv:53 | 读取CSV文件: data\stock_data\301687_kline.csv
2026-03-27 16:31:01 | INFO     | src.data.reader:list_files:221 | 在 data\stock_data 中找到 128 个文件
2026-03-27 16:31:01 | INFO     | src.data.reader:list_stock_files:241 | 找到 128 个股票数据文件
2026-03-27 16:31:01 | INFO     | src.data.reader:list_files:221 | 在 data\stock_data 中找到 128 个文件
2026-03-27 16:31:01 | INFO     | src.data.reader:read_csv:53 | 读取CSV文件: data\stock_data\001396_kline.csv
2026-03-27 16:31:01 | INFO     | src.data.reader:list_files:221 | 在 data\stock_data 中找到 128 个文件
2026-03-27 16:31:01 | INFO     | src.data.reader:list_files:221 | 在 data\stock_data 中找到 128 个文件
2026-03-27 16:31:01 | INFO     | src.data.reader:list_stock_files:241 | 找到 128 个股票数据文件
2026-03-27 16:31:01 | INFO     | src.data.reader:list_stock_files:241 | 找到 128 个股票数据文件
2026-03-27 16:31:01 | INFO     | src.data.reader:list_stock_files:241 | 找到 128 个股票数据文件
2026-03-27 16:31:01 | INFO     | src.data.reader:read_csv:53 | 读取CSV文件: data\stock_data\603248_kline.csv
2026-03-27 16:31:01 | INFO     | src.data.reader:read_csv:53 | 读取CSV文件: data\stock_data\301667_kline.csv
2026-03-27 16:31:01 | INFO     | src.data.reader:read_csv:53 | 读取CSV文件: data\stock_data\688805_kline.csv
2026-03-27 16:31:01 | INFO     | src.data.reader:read_csv:57 | 成功读取 54 行数据
2026-03-27 16:31:01 | INFO     | src.data.reader:read_csv:57 | 成功读取 55 行数据
2026-03-27 16:31:01 | INFO     | src.data.reader:read_csv:57 | 成功读取 60 行数据
2026-03-27 16:31:01 | INFO     | src.data.reader:read_csv:57 | 成功读取 59 行数据
2026-03-27 16:31:01 | INFO     | src.data.reader:read_csv:57 | 成功读取 60 行数据
2026-03-27 16:31:01 | INFO     | src.workflow.base:get_stock_data:171 | 成功获取 58 只股票的数据
2026-03-27 16:31:01 | INFO     | src.workflow.technical:process_fund:133 | 开始计算技术指标和信号判断
2026-03-27 16:31:01 | INFO     | src.workflow.base:calculate_technical_indicators:188 | 计算股票 600118 的技术指标
2026-03-27 16:31:01 | INFO     | src.workflow.base:calculate_technical_indicators:188 | 计算股票 600879 的技术指标
2026-03-27 16:31:01 | INFO     | src.workflow.base:calculate_technical_indicators:188 | 计算股票 688270 的技术指标
2026-03-27 16:31:01 | INFO     | src.indicators.technical_indicators:calculate_ma:133 | 计算 5 日移动平均线完成
2026-03-27 16:31:01 | INFO     | src.workflow.base:calculate_technical_indicators:188 | 计算股票 601698 的技术指标
2026-03-27 16:31:01 | INFO     | src.workflow.base:calculate_technical_indicators:188 | 计算股票 300627 的技术指标
2026-03-27 16:31:01 | INFO     | src.indicators.technical_indicators:calculate_ma:133 | 计算 5 日移动平均线完成
2026-03-27 16:31:01 | INFO     | src.workflow.base:calculate_technical_indicators:188 | 计算股票 688568 的技术指标
2026-03-27 16:31:01 | INFO     | src.workflow.base:calculate_technical_indicators:188 | 计算股票 688375 的技术指标
2026-03-27 16:31:01 | INFO     | src.indicators.technical_indicators:calculate_ma:133 | 计算 10 日移动平均线完成
2026-03-27 16:31:01 | INFO     | src.indicators.technical_indicators:calculate_ma:133 | 计算 5 日移动平均线完成
2026-03-27 16:31:01 | INFO     | src.workflow.base:calculate_technical_indicators:188 | 计算股票 002151 的技术指标
2026-03-27 16:31:01 | INFO     | src.indicators.technical_indicators:calculate_ma:133 | 计算 5 日移动平均线完成
2026-03-27 16:31:01 | INFO     | src.indicators.technical_indicators:calculate_ma:133 | 计算 5 日移动平均线完成
2026-03-27 16:31:01 | INFO     | src.indicators.technical_indicators:calculate_ma:133 | 计算 10 日移动平均线完成
2026-03-27 16:31:01 | INFO     | src.indicators.technical_indicators:calculate_ma:133 | 计算 5 日移动平均线完成
2026-03-27 16:31:01 | INFO     | src.indicators.technical_indicators:calculate_ma:133 | 计算 5 日移动平均线完成
2026-03-27 16:31:01 | INFO     | src.indicators.technical_indicators:calculate_ma:133 | 计算 20 日移动平均线完成
2026-03-27 16:31:01 | INFO     | src.indicators.technical_indicators:calculate_ma:133 | 计算 10 日移动平均线完成
2026-03-27 16:31:01 | INFO     | src.indicators.technical_indicators:calculate_ma:133 | 计算 5 日移动平均线完成
2026-03-27 16:31:01 | INFO     | src.indicators.technical_indicators:calculate_ma:133 | 计算 10 日移动平均线完成
2026-03-27 16:31:01 | INFO     | src.indicators.technical_indicators:calculate_ma:133 | 计算 10 日移动平均线完成
2026-03-27 16:31:01 | INFO     | src.indicators.technical_indicators:calculate_ma:133 | 计算 20 日移动平均线完成
2026-03-27 16:31:01 | INFO     | src.indicators.technical_indicators:calculate_ma:133 | 计算 10 日移动平均线完成
2026-03-27 16:31:01 | INFO     | src.indicators.technical_indicators:calculate_ma:133 | 计算 10 日移动平均线完成
2026-03-27 16:31:01 | INFO     | src.indicators.technical_indicators:calculate_ma:133 | 计算 30 日移动平均线完成
2026-03-27 16:31:01 | INFO     | src.indicators.technical_indicators:calculate_ma:133 | 计算 20 日移动平均线完成
2026-03-27 16:31:01 | INFO     | src.indicators.technical_indicators:calculate_ma:133 | 计算 10 日移动平均线完成
2026-03-27 16:31:01 | INFO     | src.indicators.technical_indicators:calculate_ma:133 | 计算 20 日移动平均线完成
2026-03-27 16:31:01 | INFO     | src.indicators.technical_indicators:calculate_ma:133 | 计算 20 日移动平均线完成
2026-03-27 16:31:01 | INFO     | src.indicators.technical_indicators:calculate_ma:133 | 计算 30 日移动平均线完成
2026-03-27 16:31:01 | INFO     | src.indicators.technical_indicators:calculate_ma:133 | 计算 20 日移动平均线完成
2026-03-27 16:31:01 | INFO     | src.indicators.technical_indicators:calculate_ma:133 | 计算 20 日移动平均线完成
2026-03-27 16:31:01 | INFO     | src.indicators.technical_indicators:calculate_ma:133 | 计算 60 日移动平均线完成
2026-03-27 16:31:01 | INFO     | src.indicators.technical_indicators:calculate_ma:133 | 计算 30 日移动平均线完成
2026-03-27 16:31:01 | INFO     | src.indicators.technical_indicators:calculate_ma:133 | 计算 20 日移动平均线完成
2026-03-27 16:31:01 | INFO     | src.indicators.technical_indicators:calculate_ma:133 | 计算 30 日移动平均线完成
2026-03-27 16:31:01 | INFO     | src.indicators.technical_indicators:calculate_ma:133 | 计算 30 日移动平均线完成
2026-03-27 16:31:01 | INFO     | src.indicators.technical_indicators:calculate_ma:133 | 计算 60 日移动平均线完成
2026-03-27 16:31:01 | INFO     | src.indicators.technical_indicators:calculate_ma:133 | 计算 30 日移动平均线完成
2026-03-27 16:31:01 | INFO     | src.indicators.technical_indicators:calculate_ma:133 | 计算 30 日移动平均线完成
2026-03-27 16:31:01 | INFO     | src.indicators.technical_indicators:calculate_ma:133 | 计算 120 日移动平均线完成
2026-03-27 16:31:01 | INFO     | src.indicators.technical_indicators:calculate_ma:133 | 计算 60 日移动平均线完成
2026-03-27 16:31:01 | INFO     | src.indicators.technical_indicators:calculate_ma:133 | 计算 30 日移动平均线完成
2026-03-27 16:31:01 | INFO     | src.indicators.technical_indicators:calculate_ma:133 | 计算 60 日移动平均线完成
2026-03-27 16:31:01 | INFO     | src.indicators.technical_indicators:calculate_ma:133 | 计算 60 日移动平均线完成
2026-03-27 16:31:01 | INFO     | src.indicators.technical_indicators:calculate_ma:133 | 计算 120 日移动平均线完成
2026-03-27 16:31:01 | INFO     | src.indicators.technical_indicators:calculate_ma:133 | 计算 60 日移动平均线完成
2026-03-27 16:31:01 | INFO     | src.indicators.technical_indicators:calculate_ma:133 | 计算 60 日移动平均线完成
2026-03-27 16:31:01 | INFO     | src.indicators.technical_indicators:calculate_ma:133 | 计算 250 日移动平均线完成
2026-03-27 16:31:01 | INFO     | src.indicators.technical_indicators:calculate_ma:133 | 计算 120 日移动平均线完成
2026-03-27 16:31:01 | INFO     | src.indicators.technical_indicators:calculate_ma:133 | 计算 60 日移动平均线完成
2026-03-27 16:31:01 | INFO     | src.indicators.technical_indicators:calculate_ma:133 | 计算 120 日移动平均线完成
2026-03-27 16:31:01 | INFO     | src.indicators.technical_indicators:calculate_ma:133 | 计算 120 日移动平均线完成
2026-03-27 16:31:01 | INFO     | src.indicators.technical_indicators:calculate_ma:133 | 计算 250 日移动平均线完成
2026-03-27 16:31:01 | INFO     | src.indicators.technical_indicators:calculate_ma:133 | 计算 120 日移动平均线完成
2026-03-27 16:31:01 | INFO     | src.indicators.technical_indicators:calculate_ma:133 | 计算 120 日移动平均线完成
2026-03-27 16:31:01 | INFO     | src.indicators.technical_indicators:calculate_sma:157 | 计算 5 日简单移动平均线完成
2026-03-27 16:31:01 | INFO     | src.indicators.technical_indicators:calculate_ma:133 | 计算 250 日移动平均线完成
2026-03-27 16:31:01 | INFO     | src.indicators.technical_indicators:calculate_ma:133 | 计算 120 日移动平均线完成
2026-03-27 16:31:01 | INFO     | src.indicators.technical_indicators:calculate_ma:133 | 计算 250 日移动平均线完成
2026-03-27 16:31:01 | INFO     | src.indicators.technical_indicators:calculate_ma:133 | 计算 250 日移动平均线完成
2026-03-27 16:31:01 | INFO     | src.indicators.technical_indicators:calculate_sma:157 | 计算 5 日简单移动平均线完成
2026-03-27 16:31:01 | INFO     | src.indicators.technical_indicators:calculate_ma:133 | 计算 250 日移动平均线完成
2026-03-27 16:31:01 | INFO     | src.indicators.technical_indicators:calculate_ma:133 | 计算 250 日移动平均线完成
2026-03-27 16:31:01 | INFO     | src.indicators.technical_indicators:calculate_sma:157 | 计算 10 日简单移动平均线完成
2026-03-27 16:31:01 | INFO     | src.indicators.technical_indicators:calculate_sma:157 | 计算 5 日简单移动平均线完成
2026-03-27 16:31:01 | INFO     | src.indicators.technical_indicators:calculate_ma:133 | 计算 250 日移动平均线完成
2026-03-27 16:31:01 | INFO     | src.indicators.technical_indicators:calculate_sma:157 | 计算 5 日简单移动平均线完成
2026-03-27 16:31:01 | INFO     | src.indicators.technical_indicators:calculate_sma:157 | 计算 5 日简单移动平均线完成
2026-03-27 16:31:01 | INFO     | src.indicators.technical_indicators:calculate_sma:157 | 计算 10 日简单移动平均线完成
2026-03-27 16:31:01 | INFO     | src.indicators.technical_indicators:calculate_sma:157 | 计算 5 日简单移动平均线完成
2026-03-27 16:31:01 | INFO     | src.indicators.technical_indicators:calculate_sma:157 | 计算 5 日简单移动平均线完成
2026-03-27 16:31:01 | INFO     | src.indicators.technical_indicators:calculate_sma:157 | 计算 20 日简单移动平均线完成
2026-03-27 16:31:01 | INFO     | src.indicators.technical_indicators:calculate_sma:157 | 计算 10 日简单移动平均线完成
2026-03-27 16:31:01 | INFO     | src.indicators.technical_indicators:calculate_sma:157 | 计算 5 日简单移动平均线完成
2026-03-27 16:31:01 | INFO     | src.indicators.technical_indicators:calculate_sma:157 | 计算 10 日简单移动平均线完成
2026-03-27 16:31:01 | INFO     | src.indicators.technical_indicators:calculate_sma:157 | 计算 10 日简单移动平均线完成
2026-03-27 16:31:01 | INFO     | src.indicators.technical_indicators:calculate_sma:157 | 计算 20 日简单移动平均线完成
2026-03-27 16:31:01 | INFO     | src.indicators.technical_indicators:calculate_sma:157 | 计算 10 日简单移动平均线完成
2026-03-27 16:31:01 | INFO     | src.indicators.technical_indicators:calculate_sma:157 | 计算 10 日简单移动平均线完成
2026-03-27 16:31:01 | INFO     | src.indicators.technical_indicators:calculate_sma:157 | 计算 30 日简单移动平均线完成
2026-03-27 16:31:01 | INFO     | src.indicators.technical_indicators:calculate_sma:157 | 计算 20 日简单移动平均线完成
2026-03-27 16:31:01 | INFO     | src.indicators.technical_indicators:calculate_sma:157 | 计算 10 日简单移动平均线完成
2026-03-27 16:31:01 | INFO     | src.indicators.technical_indicators:calculate_sma:157 | 计算 20 日简单移动平均线完成
2026-03-27 16:31:01 | INFO     | src.indicators.technical_indicators:calculate_sma:157 | 计算 20 日简单移动平均线完成
2026-03-27 16:31:01 | INFO     | src.indicators.technical_indicators:calculate_sma:157 | 计算 30 日简单移动平均线完成
2026-03-27 16:31:01 | INFO     | src.indicators.technical_indicators:calculate_sma:157 | 计算 20 日简单移动平均线完成
2026-03-27 16:31:01 | INFO     | src.indicators.technical_indicators:calculate_sma:157 | 计算 20 日简单移动平均线完成
2026-03-27 16:31:01 | INFO     | src.indicators.technical_indicators:calculate_sma:157 | 计算 60 日简单移动平均线完成
2026-03-27 16:31:01 | INFO     | src.indicators.technical_indicators:calculate_sma:157 | 计算 30 日简单移动平均线完成
2026-03-27 16:31:01 | INFO     | src.indicators.technical_indicators:calculate_sma:157 | 计算 20 日简单移动平均线完成
2026-03-27 16:31:01 | INFO     | src.indicators.technical_indicators:calculate_sma:157 | 计算 30 日简单移动平均线完成
2026-03-27 16:31:01 | INFO     | src.indicators.technical_indicators:calculate_sma:157 | 计算 30 日简单移动平均线完成
2026-03-27 16:31:01 | INFO     | src.indicators.technical_indicators:calculate_sma:157 | 计算 60 日简单移动平均线完成
2026-03-27 16:31:01 | INFO     | src.indicators.technical_indicators:calculate_sma:157 | 计算 30 日简单移动平均线完成
2026-03-27 16:31:01 | INFO     | src.indicators.technical_indicators:calculate_sma:157 | 计算 30 日简单移动平均线完成
2026-03-27 16:31:01 | INFO     | src.indicators.technical_indicators:calculate_sma:157 | 计算 120 日简单移动平均线完成
2026-03-27 16:31:01 | INFO     | src.indicators.technical_indicators:calculate_sma:157 | 计算 60 日简单移动平均线完成
2026-03-27 16:31:01 | INFO     | src.indicators.technical_indicators:calculate_sma:157 | 计算 30 日简单移动平均线完成
2026-03-27 16:31:01 | INFO     | src.indicators.technical_indicators:calculate_sma:157 | 计算 60 日简单移动平均线完成
2026-03-27 16:31:01 | INFO     | src.indicators.technical_indicators:calculate_sma:157 | 计算 60 日简单移动平均线完成
2026-03-27 16:31:01 | INFO     | src.indicators.technical_indicators:calculate_sma:157 | 计算 120 日简单移动平均线完成
2026-03-27 16:31:01 | INFO     | src.indicators.technical_indicators:calculate_sma:157 | 计算 60 日简单移动平均线完成
2026-03-27 16:31:01 | INFO     | src.indicators.technical_indicators:calculate_sma:157 | 计算 60 日简单移动平均线完成
2026-03-27 16:31:01 | INFO     | src.indicators.technical_indicators:calculate_sma:157 | 计算 250 日简单移动平均线完成
2026-03-27 16:31:01 | INFO     | src.indicators.technical_indicators:calculate_sma:157 | 计算 120 日简单移动平均线完成
2026-03-27 16:31:01 | INFO     | src.indicators.technical_indicators:calculate_sma:157 | 计算 60 日简单移动平均线完成
2026-03-27 16:31:01 | INFO     | src.indicators.technical_indicators:calculate_sma:157 | 计算 120 日简单移动平均线完成
2026-03-27 16:31:01 | INFO     | src.indicators.technical_indicators:calculate_sma:157 | 计算 120 日简单移动平均线完成
2026-03-27 16:31:01 | INFO     | src.indicators.technical_indicators:calculate_sma:157 | 计算 250 日简单移动平均线完成
2026-03-27 16:31:01 | INFO     | src.indicators.technical_indicators:calculate_sma:157 | 计算 120 日简单移动平均线完成
2026-03-27 16:31:01 | INFO     | src.indicators.technical_indicators:calculate_sma:157 | 计算 120 日简单移动平均线完成
2026-03-27 16:31:01 | INFO     | src.indicators.technical_indicators:calculate_ema:182 | 计算 12 日指数移动平均线完成
2026-03-27 16:31:01 | INFO     | src.indicators.technical_indicators:calculate_sma:157 | 计算 250 日简单移动平均线完成
2026-03-27 16:31:01 | INFO     | src.indicators.technical_indicators:calculate_sma:157 | 计算 120 日简单移动平均线完成
2026-03-27 16:31:01 | INFO     | src.indicators.technical_indicators:calculate_sma:157 | 计算 250 日简单移动平均线完成
2026-03-27 16:31:01 | INFO     | src.indicators.technical_indicators:calculate_sma:157 | 计算 250 日简单移动平均线完成
2026-03-27 16:31:01 | INFO     | src.indicators.technical_indicators:calculate_ema:182 | 计算 12 日指数移动平均线完成
2026-03-27 16:31:01 | INFO     | src.indicators.technical_indicators:calculate_sma:157 | 计算 250 日简单移动平均线完成
2026-03-27 16:31:01 | INFO     | src.indicators.technical_indicators:calculate_sma:157 | 计算 250 日简单移动平均线完成
2026-03-27 16:31:01 | INFO     | src.indicators.technical_indicators:calculate_ema:182 | 计算 26 日指数移动平均线完成
2026-03-27 16:31:01 | INFO     | src.indicators.technical_indicators:calculate_ema:182 | 计算 12 日指数移动平均线完成
2026-03-27 16:31:01 | INFO     | src.indicators.technical_indicators:calculate_sma:157 | 计算 250 日简单移动平均线完成
2026-03-27 16:31:01 | INFO     | src.indicators.technical_indicators:calculate_ema:182 | 计算 12 日指数移动平均线完成
2026-03-27 16:31:01 | INFO     | src.indicators.technical_indicators:calculate_ema:182 | 计算 12 日指数移动平均线完成
2026-03-27 16:31:01 | INFO     | src.indicators.technical_indicators:calculate_ema:182 | 计算 26 日指数移动平均线完成
2026-03-27 16:31:01 | INFO     | src.indicators.technical_indicators:calculate_ema:182 | 计算 12 日指数移动平均线完成
2026-03-27 16:31:01 | INFO     | src.indicators.technical_indicators:calculate_ema:182 | 计算 12 日指数移动平均线完成
2026-03-27 16:31:01 | INFO     | src.indicators.technical_indicators:calculate_ema:182 | 计算 26 日指数移动平均线完成
2026-03-27 16:31:01 | INFO     | src.indicators.technical_indicators:calculate_rsi:221 | 计算 6 日RSI完成
2026-03-27 16:31:01 | INFO     | src.indicators.technical_indicators:calculate_ema:182 | 计算 12 日指数移动平均线完成
2026-03-27 16:31:01 | INFO     | src.indicators.technical_indicators:calculate_ema:182 | 计算 26 日指数移动平均线完成
2026-03-27 16:31:01 | INFO     | src.indicators.technical_indicators:calculate_ema:182 | 计算 26 日指数移动平均线完成
2026-03-27 16:31:01 | INFO     | src.indicators.technical_indicators:calculate_ema:182 | 计算 26 日指数移动平均线完成
2026-03-27 16:31:01 | INFO     | src.indicators.technical_indicators:calculate_rsi:221 | 计算 6 日RSI完成
2026-03-27 16:31:01 | INFO     | src.indicators.technical_indicators:calculate_ema:182 | 计算 26 日指数移动平均线完成
2026-03-27 16:31:01 | INFO     | src.indicators.technical_indicators:calculate_rsi:221 | 计算 6 日RSI完成
2026-03-27 16:31:01 | INFO     | src.indicators.technical_indicators:calculate_ema:182 | 计算 26 日指数移动平均线完成
2026-03-27 16:31:01 | INFO     | src.indicators.technical_indicators:calculate_rsi:221 | 计算 12 日RSI完成
2026-03-27 16:31:01 | INFO     | src.indicators.technical_indicators:calculate_rsi:221 | 计算 6 日RSI完成
2026-03-27 16:31:01 | INFO     | src.indicators.technical_indicators:calculate_rsi:221 | 计算 6 日RSI完成
2026-03-27 16:31:01 | INFO     | src.indicators.technical_indicators:calculate_rsi:221 | 计算 6 日RSI完成
2026-03-27 16:31:01 | INFO     | src.indicators.technical_indicators:calculate_rsi:221 | 计算 12 日RSI完成
2026-03-27 16:31:01 | INFO     | src.indicators.technical_indicators:calculate_rsi:221 | 计算 6 日RSI完成
2026-03-27 16:31:01 | INFO     | src.indicators.technical_indicators:calculate_rsi:221 | 计算 12 日RSI完成
2026-03-27 16:31:01 | INFO     | src.indicators.technical_indicators:calculate_rsi:221 | 计算 6 日RSI完成
2026-03-27 16:31:01 | INFO     | src.indicators.technical_indicators:calculate_rsi:221 | 计算 24 日RSI完成
2026-03-27 16:31:01 | INFO     | src.indicators.technical_indicators:calculate_rsi:221 | 计算 12 日RSI完成
2026-03-27 16:31:01 | INFO     | src.indicators.technical_indicators:calculate_rsi:221 | 计算 12 日RSI完成
2026-03-27 16:31:01 | INFO     | src.indicators.technical_indicators:calculate_rsi:221 | 计算 12 日RSI完成
2026-03-27 16:31:01 | INFO     | src.indicators.technical_indicators:calculate_rsi:221 | 计算 24 日RSI完成
2026-03-27 16:31:01 | INFO     | src.indicators.technical_indicators:calculate_rsi:221 | 计算 12 日RSI完成
2026-03-27 16:31:01 | INFO     | src.indicators.technical_indicators:calculate_rsi:221 | 计算 24 日RSI完成
2026-03-27 16:31:01 | INFO     | src.indicators.technical_indicators:calculate_rsi:221 | 计算 12 日RSI完成
2026-03-27 16:31:01 | INFO     | src.indicators.technical_indicators:calculate_macd:263 | 计算MACD完成：快线=12, 慢线=26, 信号线=9
2026-03-27 16:31:01 | INFO     | src.indicators.technical_indicators:calculate_rsi:221 | 计算 24 日RSI完成
2026-03-27 16:31:01 | INFO     | src.indicators.technical_indicators:calculate_rsi:221 | 计算 24 日RSI完成
2026-03-27 16:31:01 | INFO     | src.indicators.technical_indicators:calculate_rsi:221 | 计算 24 日RSI完成
2026-03-27 16:31:01 | INFO     | src.indicators.technical_indicators:calculate_macd:263 | 计算MACD完成：快线=12, 慢线=26, 信号线=9
2026-03-27 16:31:01 | INFO     | src.indicators.technical_indicators:calculate_macd:263 | 计算MACD完成：快线=12, 慢线=26, 信号线=9
2026-03-27 16:31:01 | INFO     | src.indicators.technical_indicators:calculate_rsi:221 | 计算 24 日RSI完成
2026-03-27 16:31:01 | INFO     | src.indicators.technical_indicators:calculate_rsi:221 | 计算 24 日RSI完成
2026-03-27 16:31:01 | INFO     | src.indicators.technical_indicators:calculate_macd:263 | 计算MACD完成：快线=12, 慢线=26, 信号线=12
2026-03-27 16:31:01 | INFO     | src.indicators.technical_indicators:calculate_macd:263 | 计算MACD完成：快线=12, 慢线=26, 信号线=9
2026-03-27 16:31:01 | INFO     | src.indicators.technical_indicators:calculate_macd:263 | 计算MACD完成：快线=12, 慢线=26, 信号线=9
2026-03-27 16:31:01 | INFO     | src.indicators.technical_indicators:calculate_macd:263 | 计算MACD完成：快线=12, 慢线=26, 信号线=9
2026-03-27 16:31:01 | INFO     | src.indicators.technical_indicators:calculate_macd:263 | 计算MACD完成：快线=12, 慢线=26, 信号线=12
2026-03-27 16:31:01 | INFO     | src.indicators.technical_indicators:calculate_macd:263 | 计算MACD完成：快线=12, 慢线=26, 信号线=12
2026-03-27 16:31:01 | INFO     | src.indicators.technical_indicators:calculate_macd:263 | 计算MACD完成：快线=12, 慢线=26, 信号线=9
2026-03-27 16:31:01 | INFO     | src.indicators.technical_indicators:calculate_macd:263 | 计算MACD完成：快线=12, 慢线=26, 信号线=9
2026-03-27 16:31:01 | INFO     | src.indicators.technical_indicators:calculate_macd:263 | 计算MACD完成：快线=12, 慢线=26, 信号线=12
2026-03-27 16:31:01 | INFO     | src.indicators.technical_indicators:calculate_boll:303 | 计算布林带完成：周期=20, 标准差倍数=2
2026-03-27 16:31:01 | INFO     | src.indicators.technical_indicators:calculate_macd:263 | 计算MACD完成：快线=12, 慢线=26, 信号线=12
2026-03-27 16:31:01 | INFO     | src.indicators.technical_indicators:calculate_macd:263 | 计算MACD完成：快线=12, 慢线=26, 信号线=12
2026-03-27 16:31:01 | INFO     | src.indicators.technical_indicators:calculate_boll:303 | 计算布林带完成：周期=20, 标准差倍数=2
2026-03-27 16:31:01 | INFO     | src.indicators.technical_indicators:calculate_boll:303 | 计算布林带完成：周期=20, 标准差倍数=2
2026-03-27 16:31:01 | INFO     | src.indicators.technical_indicators:calculate_macd:263 | 计算MACD完成：快线=12, 慢线=26, 信号线=12
2026-03-27 16:31:01 | INFO     | src.indicators.technical_indicators:calculate_macd:263 | 计算MACD完成：快线=12, 慢线=26, 信号线=12
2026-03-27 16:31:01 | INFO     | src.indicators.technical_indicators:calculate_boll:303 | 计算布林带完成：周期=20, 标准差倍数=2
2026-03-27 16:31:01 | INFO     | src.indicators.technical_indicators:calculate_boll:303 | 计算布林带完成：周期=20, 标准差倍数=2
2026-03-27 16:31:01 | INFO     | src.indicators.technical_indicators:calculate_kdj:350 | 计算KDJ完成：K周期=9, D周期=3, J周期=3
2026-03-27 16:31:01 | INFO     | src.indicators.technical_indicators:calculate_boll:303 | 计算布林带完成：周期=20, 标准差倍数=2
2026-03-27 16:31:01 | INFO     | src.indicators.technical_indicators:calculate_kdj:350 | 计算KDJ完成：K周期=9, D周期=3, J周期=3
2026-03-27 16:31:01 | INFO     | src.indicators.technical_indicators:calculate_kdj:350 | 计算KDJ完成：K周期=9, D周期=3, J周期=3
2026-03-27 16:31:01 | INFO     | src.indicators.technical_indicators:calculate_boll:303 | 计算布林带完成：周期=20, 标准差倍数=2
2026-03-27 16:31:01 | INFO     | src.indicators.technical_indicators:calculate_kdj:350 | 计算KDJ完成：K周期=9, D周期=3, J周期=3
2026-03-27 16:31:01 | INFO     | src.indicators.technical_indicators:calculate_boll:303 | 计算布林带完成：周期=20, 标准差倍数=2
2026-03-27 16:31:01 | INFO     | src.indicators.technical_indicators:calculate_kdj:350 | 计算KDJ完成：K周期=9, D周期=3, J周期=3
2026-03-27 16:31:01 | INFO     | src.indicators.technical_indicators:calculate_kdj:350 | 计算KDJ完成：K周期=9, D周期=3, J周期=3
2026-03-27 16:31:01 | INFO     | src.indicators.technical_indicators:calculate_kdj:350 | 计算KDJ完成：K周期=10, D周期=3, J周期=3
2026-03-27 16:31:01 | INFO     | src.indicators.technical_indicators:calculate_kdj:350 | 计算KDJ完成：K周期=10, D周期=3, J周期=3
2026-03-27 16:31:01 | INFO     | src.indicators.technical_indicators:calculate_kdj:350 | 计算KDJ完成：K周期=10, D周期=3, J周期=3
2026-03-27 16:31:01 | INFO     | src.indicators.technical_indicators:calculate_kdj:350 | 计算KDJ完成：K周期=10, D周期=3, J周期=3
2026-03-27 16:31:01 | INFO     | src.indicators.technical_indicators:calculate_kdj:350 | 计算KDJ完成：K周期=9, D周期=3, J周期=3
2026-03-27 16:31:01 | INFO     | src.indicators.technical_indicators:calculate_kdj:350 | 计算KDJ完成：K周期=9, D周期=3, J周期=3
2026-03-27 16:31:01 | INFO     | src.indicators.technical_indicators:calculate_kdj:350 | 计算KDJ完成：K周期=10, D周期=3, J周期=3
2026-03-27 16:31:01 | INFO     | src.indicators.technical_indicators:calculate_kdj:350 | 计算KDJ完成：K周期=10, D周期=3, J周期=3
2026-03-27 16:31:01 | INFO     | src.indicators.technical_indicators:calculate_atr:385 | 计算 10 日ATR完成
2026-03-27 16:31:01 | INFO     | src.indicators.technical_indicators:calculate_atr:385 | 计算 10 日ATR完成
2026-03-27 16:31:01 | INFO     | src.indicators.technical_indicators:calculate_atr:385 | 计算 10 日ATR完成
2026-03-27 16:31:01 | INFO     | src.indicators.technical_indicators:calculate_kdj:350 | 计算KDJ完成：K周期=10, D周期=3, J周期=3
2026-03-27 16:31:01 | INFO     | src.indicators.technical_indicators:calculate_atr:385 | 计算 10 日ATR完成
2026-03-27 16:31:01 | INFO     | src.indicators.technical_indicators:calculate_kdj:350 | 计算KDJ完成：K周期=10, D周期=3, J周期=3
2026-03-27 16:31:01 | INFO     | src.indicators.technical_indicators:calculate_atr:385 | 计算 10 日ATR完成
2026-03-27 16:31:01 | INFO     | src.indicators.technical_indicators:calculate_atr:385 | 计算 10 日ATR完成
2026-03-27 16:31:01 | INFO     | src.indicators.technical_indicators:calculate_atr:385 | 计算 10 日ATR完成
2026-03-27 16:31:02 | INFO     | src.indicators.technical_indicators:calculate_cci:446 | 计算 20 日CCI完成
2026-03-27 16:31:02 | INFO     | src.indicators.technical_indicators:calculate_cci:446 | 计算 20 日CCI完成
2026-03-27 16:31:02 | INFO     | src.indicators.technical_indicators:calculate_atr:385 | 计算 10 日ATR完成
2026-03-27 16:31:02 | INFO     | src.indicators.technical_indicators:calculate_cci:446 | 计算 20 日CCI完成
2026-03-27 16:31:02 | INFO     | src.indicators.technical_indicators:calculate_cci:446 | 计算 20 日CCI完成
2026-03-27 16:31:03 | INFO     | src.indicators.technical_indicators:calculate_cci:446 | 计算 20 日CCI完成
2026-03-27 16:31:03 | INFO     | src.indicators.technical_indicators:calculate_williams_r:476 | 计算 10 日威廉指标完成
2026-03-27 16:31:03 | INFO     | src.indicators.technical_indicators:calculate_williams_r:476 | 计算 10 日威廉指标完成
2026-03-27 16:31:03 | INFO     | src.indicators.technical_indicators:calculate_williams_r:476 | 计算 10 日威廉指标完成
2026-03-27 16:31:03 | INFO     | src.indicators.technical_indicators:calculate_williams_r:476 | 计算 10 日威廉指标完成
2026-03-27 16:31:03 | INFO     | src.indicators.technical_indicators:calculate_williams_r:476 | 计算 10 日威廉指标完成
2026-03-27 16:31:03 | INFO     | src.indicators.technical_indicators:calculate_cci:446 | 计算 20 日CCI完成
2026-03-27 16:31:03 | INFO     | src.indicators.technical_indicators:calculate_ma:133 | 计算 5 日移动平均线完成
2026-03-27 16:31:03 | INFO     | src.indicators.technical_indicators:calculate_cci:446 | 计算 20 日CCI完成
2026-03-27 16:31:03 | INFO     | src.indicators.technical_indicators:calculate_ma:133 | 计算 5 日移动平均线完成
2026-03-27 16:31:03 | INFO     | src.indicators.technical_indicators:calculate_ma:133 | 计算 5 日移动平均线完成
2026-03-27 16:31:03 | INFO     | src.indicators.technical_indicators:calculate_cci:446 | 计算 20 日CCI完成
2026-03-27 16:31:03 | INFO     | src.indicators.technical_indicators:calculate_ma:133 | 计算 5 日移动平均线完成
2026-03-27 16:31:03 | INFO     | src.indicators.technical_indicators:calculate_bias:500 | 计算 5 日乖离率完成
2026-03-27 16:31:03 | INFO     | src.indicators.technical_indicators:calculate_ma:133 | 计算 5 日移动平均线完成
2026-03-27 16:31:03 | INFO     | src.indicators.technical_indicators:calculate_williams_r:476 | 计算 10 日威廉指标完成
2026-03-27 16:31:03 | INFO     | src.indicators.technical_indicators:calculate_bias:500 | 计算 5 日乖离率完成
2026-03-27 16:31:03 | INFO     | src.indicators.technical_indicators:calculate_williams_r:476 | 计算 10 日威廉指标完成
2026-03-27 16:31:03 | INFO     | src.indicators.technical_indicators:calculate_bias:500 | 计算 5 日乖离率完成
2026-03-27 16:31:03 | INFO     | src.indicators.technical_indicators:calculate_bias:500 | 计算 5 日乖离率完成
2026-03-27 16:31:03 | INFO     | src.indicators.technical_indicators:calculate_williams_r:476 | 计算 10 日威廉指标完成
2026-03-27 16:31:03 | INFO     | src.indicators.technical_indicators:calculate_ma:133 | 计算 10 日移动平均线完成
2026-03-27 16:31:03 | INFO     | src.indicators.technical_indicators:calculate_bias:500 | 计算 5 日乖离率完成
2026-03-27 16:31:03 | INFO     | src.indicators.technical_indicators:calculate_ma:133 | 计算 5 日移动平均线完成
2026-03-27 16:31:03 | INFO     | src.indicators.technical_indicators:calculate_ma:133 | 计算 10 日移动平均线完成
2026-03-27 16:31:03 | INFO     | src.indicators.technical_indicators:calculate_ma:133 | 计算 5 日移动平均线完成
2026-03-27 16:31:03 | INFO     | src.indicators.technical_indicators:calculate_ma:133 | 计算 10 日移动平均线完成
2026-03-27 16:31:03 | INFO     | src.indicators.technical_indicators:calculate_ma:133 | 计算 10 日移动平均线完成
2026-03-27 16:31:03 | INFO     | src.indicators.technical_indicators:calculate_ma:133 | 计算 5 日移动平均线完成
2026-03-27 16:31:03 | INFO     | src.indicators.technical_indicators:calculate_bias:500 | 计算 10 日乖离率完成
2026-03-27 16:31:03 | INFO     | src.indicators.technical_indicators:calculate_bias:500 | 计算 5 日乖离率完成
2026-03-27 16:31:03 | INFO     | src.indicators.technical_indicators:calculate_ma:133 | 计算 10 日移动平均线完成
2026-03-27 16:31:03 | INFO     | src.indicators.technical_indicators:calculate_bias:500 | 计算 10 日乖离率完成
2026-03-27 16:31:03 | INFO     | src.indicators.technical_indicators:calculate_bias:500 | 计算 5 日乖离率完成
2026-03-27 16:31:03 | INFO     | src.indicators.technical_indicators:calculate_bias:500 | 计算 10 日乖离率完成
2026-03-27 16:31:03 | INFO     | src.indicators.technical_indicators:calculate_bias:500 | 计算 10 日乖离率完成
2026-03-27 16:31:03 | INFO     | src.indicators.technical_indicators:calculate_bias:500 | 计算 5 日乖离率完成
2026-03-27 16:31:03 | INFO     | src.indicators.technical_indicators:calculate_ma:133 | 计算 10 日移动平均线完成
2026-03-27 16:31:03 | INFO     | src.indicators.technical_indicators:calculate_ma:133 | 计算 20 日移动平均线完成
2026-03-27 16:31:03 | INFO     | src.indicators.technical_indicators:calculate_bias:500 | 计算 10 日乖离率完成
2026-03-27 16:31:03 | INFO     | src.indicators.technical_indicators:calculate_ma:133 | 计算 20 日移动平均线完成
2026-03-27 16:31:03 | INFO     | src.indicators.technical_indicators:calculate_ma:133 | 计算 20 日移动平均线完成
2026-03-27 16:31:03 | INFO     | src.indicators.technical_indicators:calculate_ma:133 | 计算 10 日移动平均线完成
2026-03-27 16:31:03 | INFO     | src.indicators.technical_indicators:calculate_ma:133 | 计算 20 日移动平均线完成
2026-03-27 16:31:03 | INFO     | src.indicators.technical_indicators:calculate_ma:133 | 计算 10 日移动平均线完成
2026-03-27 16:31:03 | INFO     | src.indicators.technical_indicators:calculate_bias:500 | 计算 10 日乖离率完成
2026-03-27 16:31:03 | INFO     | src.indicators.technical_indicators:calculate_bias:500 | 计算 20 日乖离率完成
2026-03-27 16:31:03 | INFO     | src.indicators.technical_indicators:calculate_ma:133 | 计算 20 日移动平均线完成
2026-03-27 16:31:03 | INFO     | src.indicators.technical_indicators:calculate_bias:500 | 计算 20 日乖离率完成
2026-03-27 16:31:03 | INFO     | src.indicators.technical_indicators:calculate_bias:500 | 计算 20 日乖离率完成
2026-03-27 16:31:03 | INFO     | src.indicators.technical_indicators:calculate_bias:500 | 计算 10 日乖离率完成
2026-03-27 16:31:03 | INFO     | src.indicators.technical_indicators:calculate_bias:500 | 计算 20 日乖离率完成
2026-03-27 16:31:03 | INFO     | src.indicators.technical_indicators:calculate_bias:500 | 计算 10 日乖离率完成
2026-03-27 16:31:03 | INFO     | src.indicators.technical_indicators:calculate_ma:133 | 计算 20 日移动平均线完成
2026-03-27 16:31:03 | INFO     | src.indicators.technical_indicators:calculate_ma:133 | 计算 30 日移动平均线完成
2026-03-27 16:31:03 | INFO     | src.indicators.technical_indicators:calculate_bias:500 | 计算 20 日乖离率完成
2026-03-27 16:31:03 | INFO     | src.indicators.technical_indicators:calculate_ma:133 | 计算 30 日移动平均线完成
2026-03-27 16:31:03 | INFO     | src.indicators.technical_indicators:calculate_ma:133 | 计算 30 日移动平均线完成
2026-03-27 16:31:03 | INFO     | src.indicators.technical_indicators:calculate_ma:133 | 计算 20 日移动平均线完成
2026-03-27 16:31:03 | INFO     | src.indicators.technical_indicators:calculate_ma:133 | 计算 30 日移动平均线完成
2026-03-27 16:31:03 | INFO     | src.indicators.technical_indicators:calculate_ma:133 | 计算 20 日移动平均线完成
2026-03-27 16:31:03 | INFO     | src.indicators.technical_indicators:calculate_bias:500 | 计算 20 日乖离率完成
2026-03-27 16:31:03 | INFO     | src.indicators.technical_indicators:calculate_bias:500 | 计算 30 日乖离率完成
2026-03-27 16:31:03 | INFO     | src.indicators.technical_indicators:calculate_ma:133 | 计算 30 日移动平均线完成
2026-03-27 16:31:03 | INFO     | src.indicators.technical_indicators:calculate_bias:500 | 计算 30 日乖离率完成
2026-03-27 16:31:03 | INFO     | src.indicators.technical_indicators:calculate_bias:500 | 计算 30 日乖离率完成
2026-03-27 16:31:03 | INFO     | src.indicators.technical_indicators:calculate_bias:500 | 计算 20 日乖离率完成
2026-03-27 16:31:03 | INFO     | src.indicators.technical_indicators:calculate_bias:500 | 计算 30 日乖离率完成
2026-03-27 16:31:03 | INFO     | src.indicators.technical_indicators:calculate_bias:500 | 计算 20 日乖离率完成
2026-03-27 16:31:03 | INFO     | src.indicators.technical_indicators:calculate_ma:133 | 计算 30 日移动平均线完成
2026-03-27 16:31:03 | INFO     | src.indicators.technical_indicators:calculate_ma:133 | 计算 60 日移动平均线完成
2026-03-27 16:31:03 | INFO     | src.indicators.technical_indicators:calculate_bias:500 | 计算 30 日乖离率完成
2026-03-27 16:31:03 | INFO     | src.indicators.technical_indicators:calculate_ma:133 | 计算 60 日移动平均线完成
2026-03-27 16:31:03 | INFO     | src.indicators.technical_indicators:calculate_ma:133 | 计算 60 日移动平均线完成
2026-03-27 16:31:03 | INFO     | src.indicators.technical_indicators:calculate_ma:133 | 计算 30 日移动平均线完成
2026-03-27 16:31:03 | INFO     | src.indicators.technical_indicators:calculate_ma:133 | 计算 60 日移动平均线完成
2026-03-27 16:31:03 | INFO     | src.indicators.technical_indicators:calculate_ma:133 | 计算 30 日移动平均线完成
2026-03-27 16:31:03 | INFO     | src.indicators.technical_indicators:calculate_bias:500 | 计算 30 日乖离率完成
2026-03-27 16:31:03 | INFO     | src.indicators.technical_indicators:calculate_bias:500 | 计算 60 日乖离率完成
2026-03-27 16:31:03 | INFO     | src.indicators.technical_indicators:calculate_ma:133 | 计算 60 日移动平均线完成
2026-03-27 16:31:03 | INFO     | src.indicators.technical_indicators:calculate_bias:500 | 计算 60 日乖离率完成
2026-03-27 16:31:03 | INFO     | src.indicators.technical_indicators:calculate_bias:500 | 计算 60 日乖离率完成
2026-03-27 16:31:03 | INFO     | src.indicators.technical_indicators:calculate_bias:500 | 计算 30 日乖离率完成
2026-03-27 16:31:03 | INFO     | src.indicators.technical_indicators:calculate_bias:500 | 计算 60 日乖离率完成
2026-03-27 16:31:03 | INFO     | src.indicators.technical_indicators:calculate_bias:500 | 计算 30 日乖离率完成
2026-03-27 16:31:03 | INFO     | src.indicators.technical_indicators:calculate_ma:133 | 计算 60 日移动平均线完成
2026-03-27 16:31:03 | INFO     | src.indicators.technical_indicators:calculate_ma:133 | 计算 120 日移动平均线完成
2026-03-27 16:31:03 | INFO     | src.indicators.technical_indicators:calculate_bias:500 | 计算 60 日乖离率完成
2026-03-27 16:31:03 | INFO     | src.indicators.technical_indicators:calculate_ma:133 | 计算 120 日移动平均线完成
2026-03-27 16:31:03 | INFO     | src.indicators.technical_indicators:calculate_ma:133 | 计算 120 日移动平均线完成
2026-03-27 16:31:03 | INFO     | src.indicators.technical_indicators:calculate_ma:133 | 计算 60 日移动平均线完成
2026-03-27 16:31:03 | INFO     | src.indicators.technical_indicators:calculate_ma:133 | 计算 120 日移动平均线完成
2026-03-27 16:31:03 | INFO     | src.indicators.technical_indicators:calculate_ma:133 | 计算 60 日移动平均线完成
2026-03-27 16:31:03 | INFO     | src.indicators.technical_indicators:calculate_bias:500 | 计算 60 日乖离率完成
2026-03-27 16:31:03 | INFO     | src.indicators.technical_indicators:calculate_bias:500 | 计算 120 日乖离率完成
2026-03-27 16:31:03 | INFO     | src.indicators.technical_indicators:calculate_bias:500 | 计算 120 日乖离率完成
2026-03-27 16:31:03 | INFO     | src.indicators.technical_indicators:calculate_ma:133 | 计算 120 日移动平均线完成
2026-03-27 16:31:03 | INFO     | src.indicators.technical_indicators:calculate_bias:500 | 计算 120 日乖离率完成
2026-03-27 16:31:03 | INFO     | src.indicators.technical_indicators:calculate_bias:500 | 计算 60 日乖离率完成
2026-03-27 16:31:03 | INFO     | src.indicators.technical_indicators:calculate_bias:500 | 计算 120 日乖离率完成
2026-03-27 16:31:03 | INFO     | src.indicators.technical_indicators:calculate_bias:500 | 计算 60 日乖离率完成
2026-03-27 16:31:03 | INFO     | src.indicators.technical_indicators:calculate_ma:133 | 计算 120 日移动平均线完成
2026-03-27 16:31:03 | INFO     | src.indicators.technical_indicators:calculate_ma:133 | 计算 250 日移动平均线完成
2026-03-27 16:31:03 | INFO     | src.indicators.technical_indicators:calculate_ma:133 | 计算 250 日移动平均线完成
2026-03-27 16:31:03 | INFO     | src.indicators.technical_indicators:calculate_bias:500 | 计算 120 日乖离率完成
2026-03-27 16:31:03 | INFO     | src.indicators.technical_indicators:calculate_ma:133 | 计算 250 日移动平均线完成
2026-03-27 16:31:03 | INFO     | src.indicators.technical_indicators:calculate_ma:133 | 计算 120 日移动平均线完成
2026-03-27 16:31:03 | INFO     | src.indicators.technical_indicators:calculate_ma:133 | 计算 250 日移动平均线完成
2026-03-27 16:31:03 | INFO     | src.indicators.technical_indicators:calculate_ma:133 | 计算 120 日移动平均线完成
2026-03-27 16:31:03 | INFO     | src.indicators.technical_indicators:calculate_bias:500 | 计算 120 日乖离率完成
2026-03-27 16:31:03 | INFO     | src.indicators.technical_indicators:calculate_bias:500 | 计算 250 日乖离率完成
2026-03-27 16:31:03 | INFO     | src.indicators.technical_indicators:calculate_bias:500 | 计算 250 日乖离率完成
2026-03-27 16:31:03 | INFO     | src.indicators.technical_indicators:calculate_ma:133 | 计算 250 日移动平均线完成
2026-03-27 16:31:03 | INFO     | src.indicators.technical_indicators:calculate_bias:500 | 计算 250 日乖离率完成
2026-03-27 16:31:03 | INFO     | src.indicators.technical_indicators:calculate_bias:500 | 计算 120 日乖离率完成
2026-03-27 16:31:03 | INFO     | src.indicators.technical_indicators:calculate_bias:500 | 计算 250 日乖离率完成
2026-03-27 16:31:03 | INFO     | src.indicators.technical_indicators:calculate_bias:500 | 计算 120 日乖离率完成
2026-03-27 16:31:03 | INFO     | src.indicators.technical_indicators:calculate_ma:133 | 计算 250 日移动平均线完成
2026-03-27 16:31:03 | INFO     | src.indicators.technical_indicators:calculate_psy:523 | 计算 10 日心理线完成
2026-03-27 16:31:03 | INFO     | src.indicators.technical_indicators:calculate_psy:523 | 计算 10 日心理线完成
2026-03-27 16:31:03 | INFO     | src.indicators.technical_indicators:calculate_bias:500 | 计算 250 日乖离率完成
2026-03-27 16:31:03 | INFO     | src.indicators.technical_indicators:calculate_psy:523 | 计算 10 日心理线完成
2026-03-27 16:31:03 | INFO     | src.indicators.technical_indicators:calculate_psy:523 | 计算 10 日心理线完成
2026-03-27 16:31:03 | INFO     | src.indicators.technical_indicators:calculate_ma:133 | 计算 250 日移动平均线完成
2026-03-27 16:31:03 | INFO     | src.indicators.technical_indicators:calculate_ma:133 | 计算 250 日移动平均线完成
2026-03-27 16:31:03 | INFO     | src.indicators.technical_indicators:calculate_bias:500 | 计算 250 日乖离率完成
2026-03-27 16:31:03 | WARNING  | src.indicators.technical_indicators:calculate_all:635 | 未知的指标类型: rsv_period
2026-03-27 16:31:03 | WARNING  | src.indicators.technical_indicators:calculate_all:635 | 未知的指标类型: rsv_period
2026-03-27 16:31:03 | INFO     | src.indicators.technical_indicators:calculate_psy:523 | 计算 10 日心理线完成
2026-03-27 16:31:03 | WARNING  | src.indicators.technical_indicators:calculate_all:635 | 未知的指标类型: rsv_period
2026-03-27 16:31:03 | WARNING  | src.indicators.technical_indicators:calculate_all:635 | 未知的指标类型: rsv_period
2026-03-27 16:31:03 | INFO     | src.indicators.technical_indicators:calculate_bias:500 | 计算 250 日乖离率完成
2026-03-27 16:31:03 | INFO     | src.indicators.technical_indicators:calculate_bias:500 | 计算 250 日乖离率完成
2026-03-27 16:31:03 | INFO     | src.indicators.technical_indicators:calculate_psy:523 | 计算 10 日心理线完成
2026-03-27 16:31:03 | WARNING  | src.indicators.technical_indicators:calculate_all:635 | 未知的指标类型: volume_period
2026-03-27 16:31:03 | WARNING  | src.indicators.technical_indicators:calculate_all:635 | 未知的指标类型: volume_period
2026-03-27 16:31:03 | WARNING  | src.indicators.technical_indicators:calculate_all:635 | 未知的指标类型: rsv_period
2026-03-27 16:31:03 | WARNING  | src.indicators.technical_indicators:calculate_all:635 | 未知的指标类型: volume_period
2026-03-27 16:31:03 | WARNING  | src.indicators.technical_indicators:calculate_all:635 | 未知的指标类型: volume_period
2026-03-27 16:31:03 | INFO     | src.indicators.technical_indicators:calculate_psy:523 | 计算 10 日心理线完成
2026-03-27 16:31:03 | INFO     | src.indicators.technical_indicators:calculate_psy:523 | 计算 10 日心理线完成
2026-03-27 16:31:03 | WARNING  | src.indicators.technical_indicators:calculate_all:635 | 未知的指标类型: rsv_period
2026-03-27 16:31:03 | INFO     | src.indicators.technical_indicators:calculate_all:640 | 完成计算 45 个技术指标
2026-03-27 16:31:03 | INFO     | src.indicators.technical_indicators:calculate_all:640 | 完成计算 45 个技术指标
2026-03-27 16:31:03 | WARNING  | src.indicators.technical_indicators:calculate_all:635 | 未知的指标类型: volume_period
2026-03-27 16:31:03 | INFO     | src.indicators.technical_indicators:calculate_all:640 | 完成计算 45 个技术指标
2026-03-27 16:31:03 | INFO     | src.indicators.technical_indicators:calculate_all:640 | 完成计算 45 个技术指标
2026-03-27 16:31:03 | WARNING  | src.indicators.technical_indicators:calculate_all:635 | 未知的指标类型: rsv_period
2026-03-27 16:31:03 | WARNING  | src.indicators.technical_indicators:calculate_all:635 | 未知的指标类型: rsv_period
2026-03-27 16:31:03 | WARNING  | src.indicators.technical_indicators:calculate_all:635 | 未知的指标类型: volume_period
2026-03-27 16:31:03 | INFO     | src.indicators.technical_indicators:calculate_all:640 | 完成计算 45 个技术指标
2026-03-27 16:31:03 | WARNING  | src.indicators.technical_indicators:calculate_all:635 | 未知的指标类型: volume_period
2026-03-27 16:31:03 | WARNING  | src.indicators.technical_indicators:calculate_all:635 | 未知的指标类型: volume_period
2026-03-27 16:31:03 | INFO     | src.indicators.technical_indicators:calculate_all:640 | 完成计算 45 个技术指标
2026-03-27 16:31:03 | INFO     | src.indicators.technical_indicators:calculate_all:640 | 完成计算 45 个技术指标
2026-03-27 16:31:03 | INFO     | src.indicators.technical_indicators:calculate_all:640 | 完成计算 45 个技术指标
2026-03-27 16:31:03 | INFO     | src.core.data_fetcher:save_data:432 | 保存数据到 csv 文件: 600118_with_indicators
2026-03-27 16:31:03 | INFO     | src.core.data_fetcher:save_data:432 | 保存数据到 csv 文件: 688375_with_indicators
2026-03-27 16:31:03 | INFO     | src.core.data_fetcher:save_data:432 | 保存数据到 csv 文件: 688270_with_indicators
2026-03-27 16:31:03 | INFO     | src.core.data_fetcher:save_data:432 | 保存数据到 csv 文件: 600879_with_indicators
2026-03-27 16:31:04 | INFO     | src.core.data_fetcher:save_data:432 | 保存数据到 csv 文件: 601698_with_indicators
2026-03-27 16:31:04 | INFO     | src.core.data_fetcher:save_data:432 | 保存数据到 csv 文件: 300627_with_indicators
2026-03-27 16:31:04 | INFO     | src.core.data_fetcher:save_data:432 | 保存数据到 csv 文件: 688568_with_indicators
2026-03-27 16:31:04 | INFO     | src.core.data_fetcher:save_data:432 | 保存数据到 csv 文件: 002151_with_indicators
2026-03-27 16:31:04 | INFO     | src.core.data_fetcher:save_data:452 | 数据保存成功: ./data\688375_with_indicators.csv
2026-03-27 16:31:04 | INFO     | src.workflow.base:calculate_signals:224 | 对股票 688375 进行信号判断
2026-03-27 16:31:04 | INFO     | src.core.data_fetcher:save_data:432 | 保存数据到 csv 文件: 688375_signals
2026-03-27 16:31:04 | INFO     | src.core.data_fetcher:save_data:452 | 数据保存成功: ./data\688375_signals.csv
2026-03-27 16:31:04 | INFO     | src.core.data_fetcher:save_data:452 | 数据保存成功: ./data\688270_with_indicators.csv
2026-03-27 16:31:04 | INFO     | src.workflow.technical:_process_single_stock:45 |   股票 688375 信号判断完成: 持有 (得分: 0.161)
2026-03-27 16:31:04 | INFO     | src.workflow.base:calculate_signals:224 | 对股票 688270 进行信号判断
2026-03-27 16:31:04 | INFO     | src.workflow.base:calculate_technical_indicators:188 | 计算股票 600435 的技术指标
2026-03-27 16:31:04 | ERROR    | src.utils.concurrency:process_batch:73 | 处理 ('688375',              日期      开盘      最高      最低      收盘       成交量           成交额      换手率      涨跌幅
0    2022-07-22   94.00  100.44   92.55   95.99  21246668  2.047062e+09  69.8258  35.4261
1    2022-07-25   97.00   99.51   91.40   96.00  11240367  1.080041e+09  36.9407   0.0104
2    2022-07-26   95.00  105.83   95.00  103.60   8769887  8.935400e+08  28.8217   7.9167
3    2022-07-27  102.00  105.55  100.03  102.90   4614787  4.718291e+08  15.1662  -0.6757
4    2022-07-28  104.00  104.97   99.15   99.89   5466787  5.514703e+08  17.9662  -2.9252
..          ...     ...     ...     ...     ...       ...           ...      ...      ...
885  2026-03-20  115.76  116.08  109.29  109.30   5413905  6.066635e+08   0.9084  -4.3745
886  2026-03-23  106.90  111.00  103.50  104.80   4593657  4.883169e+08   0.7707  -4.1171
887  2026-03-24  106.01  107.26  102.83  105.80   4504864  4.741858e+08   0.7558   0.9542
888  2026-03-25  107.00  108.45  105.15  105.88   3619080  3.855991e+08   0.6072   0.0756
889  2026-03-26  107.00  107.28  103.50  104.35   3346322  3.515776e+08   0.5614  -1.4450

[890 rows x 9 columns]) 时出错: unhashable type: 'DataFrame'
2026-03-27 16:31:04 | INFO     | src.core.data_fetcher:save_data:432 | 保存数据到 csv 文件: 688270_signals
2026-03-27 16:31:04 | INFO     | src.indicators.technical_indicators:calculate_ma:133 | 计算 5 日移动平均线完成
2026-03-27 16:31:04 | INFO     | src.indicators.technical_indicators:calculate_ma:133 | 计算 10 日移动平均线完成
2026-03-27 16:31:04 | INFO     | src.core.data_fetcher:save_data:452 | 数据保存成功: ./data\688270_signals.csv
2026-03-27 16:31:04 | INFO     | src.indicators.technical_indicators:calculate_ma:133 | 计算 20 日移动平均线完成
2026-03-27 16:31:04 | INFO     | src.workflow.technical:_process_single_stock:45 |   股票 688270 信号判断完成: 持有 (得分: 0.130)
2026-03-27 16:31:04 | INFO     | src.indicators.technical_indicators:calculate_ma:133 | 计算 30 日移动平均线完成
2026-03-27 16:31:04 | INFO     | src.workflow.base:calculate_technical_indicators:188 | 计算股票 300593 的技术指标
2026-03-27 16:31:04 | INFO     | src.indicators.technical_indicators:calculate_ma:133 | 计算 60 日移动平均线完成
2026-03-27 16:31:04 | INFO     | src.indicators.technical_indicators:calculate_ma:133 | 计算 5 日移动平均线完成
2026-03-27 16:31:04 | INFO     | src.indicators.technical_indicators:calculate_ma:133 | 计算 120 日移动平均线完成
2026-03-27 16:31:04 | INFO     | src.indicators.technical_indicators:calculate_ma:133 | 计算 10 日移动平均线完成
2026-03-27 16:31:04 | INFO     | src.indicators.technical_indicators:calculate_ma:133 | 计算 20 日移动平均线完成
2026-03-27 16:31:04 | INFO     | src.indicators.technical_indicators:calculate_ma:133 | 计算 250 日移动平均线完成
2026-03-27 16:31:04 | INFO     | src.indicators.technical_indicators:calculate_sma:157 | 计算 5 日简单移动平均线完成
2026-03-27 16:31:04 | INFO     | src.indicators.technical_indicators:calculate_ma:133 | 计算 30 日移动平均线完成
2026-03-27 16:31:04 | INFO     | src.core.data_fetcher:save_data:452 | 数据保存成功: ./data\300627_with_indicators.csv
2026-03-27 16:31:04 | INFO     | src.indicators.technical_indicators:calculate_sma:157 | 计算 10 日简单移动平均线完成
2026-03-27 16:31:04 | INFO     | src.core.data_fetcher:save_data:452 | 数据保存成功: ./data\688568_with_indicators.csv
2026-03-27 16:31:04 | INFO     | src.indicators.technical_indicators:calculate_ma:133 | 计算 60 日移动平均线完成
2026-03-27 16:31:04 | INFO     | src.workflow.base:calculate_signals:224 | 对股票 300627 进行信号判断
2026-03-27 16:31:04 | INFO     | src.core.data_fetcher:save_data:452 | 数据保存成功: ./data\601698_with_indicators.csv
2026-03-27 16:31:04 | INFO     | src.core.data_fetcher:save_data:452 | 数据保存成功: ./data\600118_with_indicators.csv
2026-03-27 16:31:04 | INFO     | src.indicators.technical_indicators:calculate_sma:157 | 计算 20 日简单移动平均线完成
2026-03-27 16:31:04 | INFO     | src.core.data_fetcher:save_data:452 | 数据保存成功: ./data\600879_with_indicators.csv
2026-03-27 16:31:04 | INFO     | src.workflow.base:calculate_signals:224 | 对股票 688568 进行信号判断
2026-03-27 16:31:04 | INFO     | src.indicators.technical_indicators:calculate_ma:133 | 计算 120 日移动平均线完成
2026-03-27 16:31:04 | INFO     | src.workflow.base:calculate_signals:224 | 对股票 601698 进行信号判断
2026-03-27 16:31:04 | INFO     | src.workflow.base:calculate_signals:224 | 对股票 600118 进行信号判断
2026-03-27 16:31:04 | INFO     | src.core.data_fetcher:save_data:432 | 保存数据到 csv 文件: 300627_signals
2026-03-27 16:31:04 | INFO     | src.indicators.technical_indicators:calculate_sma:157 | 计算 30 日简单移动平均线完成
2026-03-27 16:31:04 | INFO     | src.workflow.base:calculate_signals:224 | 对股票 600879 进行信号判断
2026-03-27 16:31:04 | INFO     | src.core.data_fetcher:save_data:452 | 数据保存成功: ./data\002151_with_indicators.csv
2026-03-27 16:31:04 | INFO     | src.indicators.technical_indicators:calculate_ma:133 | 计算 250 日移动平均线完成
2026-03-27 16:31:04 | INFO     | src.core.data_fetcher:save_data:432 | 保存数据到 csv 文件: 688568_signals
2026-03-27 16:31:04 | INFO     | src.core.data_fetcher:save_data:432 | 保存数据到 csv 文件: 601698_signals
2026-03-27 16:31:04 | INFO     | src.core.data_fetcher:save_data:432 | 保存数据到 csv 文件: 600118_signals
2026-03-27 16:31:04 | INFO     | src.indicators.technical_indicators:calculate_sma:157 | 计算 60 日简单移动平均线完成
2026-03-27 16:31:04 | INFO     | src.workflow.base:calculate_signals:224 | 对股票 002151 进行信号判断
2026-03-27 16:31:04 | INFO     | src.core.data_fetcher:save_data:452 | 数据保存成功: ./data\300627_signals.csv
2026-03-27 16:31:04 | INFO     | src.indicators.technical_indicators:calculate_sma:157 | 计算 5 日简单移动平均线完成
2026-03-27 16:31:04 | INFO     | src.core.data_fetcher:save_data:432 | 保存数据到 csv 文件: 600879_signals
2026-03-27 16:31:04 | INFO     | src.core.data_fetcher:save_data:452 | 数据保存成功: ./data\688568_signals.csv
2026-03-27 16:31:04 | INFO     | src.indicators.technical_indicators:calculate_sma:157 | 计算 120 日简单移动平均线完成
2026-03-27 16:31:04 | INFO     | src.core.data_fetcher:save_data:452 | 数据保存成功: ./data\600118_signals.csv
2026-03-27 16:31:04 | INFO     | src.core.data_fetcher:save_data:452 | 数据保存成功: ./data\601698_signals.csv
2026-03-27 16:31:04 | INFO     | src.workflow.technical:_process_single_stock:45 |   股票 300627 信号判断完成: 持有 (得分: 0.179)
2026-03-27 16:31:04 | INFO     | src.core.data_fetcher:save_data:432 | 保存数据到 csv 文件: 002151_signals
2026-03-27 16:31:04 | INFO     | src.indicators.technical_indicators:calculate_sma:157 | 计算 10 日简单移动平均线完成
2026-03-27 16:31:04 | INFO     | src.workflow.technical:_process_single_stock:45 |   股票 688568 信号判断完成: 持有 (得分: 0.071)
2026-03-27 16:31:04 | INFO     | src.indicators.technical_indicators:calculate_sma:157 | 计算 250 日简单移动平均线完成
2026-03-27 16:31:04 | INFO     | src.workflow.technical:_process_single_stock:45 |   股票 600118 信号判断完成: 持有 (得分: 0.175)
2026-03-27 16:31:04 | INFO     | src.workflow.technical:_process_single_stock:45 |   股票 601698 信号判断完成: 买入 (得分: 0.372)
2026-03-27 16:31:04 | INFO     | src.core.data_fetcher:save_data:452 | 数据保存成功: ./data\600879_signals.csv
2026-03-27 16:31:04 | INFO     | src.workflow.base:calculate_technical_indicators:188 | 计算股票 688333 的技术指标
2026-03-27 16:31:04 | INFO     | src.indicators.technical_indicators:calculate_sma:157 | 计算 20 日简单移动平均线完成
2026-03-27 16:31:04 | INFO     | src.workflow.base:calculate_technical_indicators:188 | 计算股票 002405 的技术指标
2026-03-27 16:31:04 | INFO     | src.core.data_fetcher:save_data:452 | 数据保存成功: ./data\002151_signals.csv
2026-03-27 16:31:04 | INFO     | src.indicators.technical_indicators:calculate_ema:182 | 计算 12 日指数移动平均线完成
2026-03-27 16:31:04 | INFO     | src.workflow.base:calculate_technical_indicators:188 | 计算股票 688523 的技术指标
2026-03-27 16:31:04 | INFO     | src.workflow.technical:_process_single_stock:45 |   股票 600879 信号判断完成: 持有 (得分: 0.176)
2026-03-27 16:31:04 | INFO     | src.indicators.technical_indicators:calculate_ma:133 | 计算 5 日移动平均线完成
2026-03-27 16:31:04 | INFO     | src.indicators.technical_indicators:calculate_sma:157 | 计算 30 日简单移动平均线完成
2026-03-27 16:31:04 | INFO     | src.indicators.technical_indicators:calculate_ma:133 | 计算 5 日移动平均线完成
2026-03-27 16:31:04 | INFO     | src.workflow.technical:_process_single_stock:45 |   股票 002151 信号判断完成: 买入 (得分: 0.240)
2026-03-27 16:31:04 | INFO     | src.indicators.technical_indicators:calculate_ema:182 | 计算 26 日指数移动平均线完成
2026-03-27 16:31:04 | INFO     | src.indicators.technical_indicators:calculate_ma:133 | 计算 5 日移动平均线完成
2026-03-27 16:31:04 | INFO     | src.workflow.base:calculate_technical_indicators:188 | 计算股票 002025 的技术指标
2026-03-27 16:31:04 | INFO     | src.indicators.technical_indicators:calculate_ma:133 | 计算 10 日移动平均线完成
2026-03-27 16:31:04 | INFO     | src.indicators.technical_indicators:calculate_sma:157 | 计算 60 日简单移动平均线完成
2026-03-27 16:31:04 | INFO     | src.indicators.technical_indicators:calculate_ma:133 | 计算 10 日移动平均线完成
2026-03-27 16:31:04 | INFO     | src.indicators.technical_indicators:calculate_rsi:221 | 计算 6 日RSI完成
2026-03-27 16:31:04 | INFO     | src.indicators.technical_indicators:calculate_ma:133 | 计算 10 日移动平均线完成
2026-03-27 16:31:04 | INFO     | src.indicators.technical_indicators:calculate_ma:133 | 计算 5 日移动平均线完成
2026-03-27 16:31:04 | INFO     | src.indicators.technical_indicators:calculate_ma:133 | 计算 20 日移动平均线完成
2026-03-27 16:31:04 | INFO     | src.indicators.technical_indicators:calculate_sma:157 | 计算 120 日简单移动平均线完成
2026-03-27 16:31:04 | INFO     | src.indicators.technical_indicators:calculate_ma:133 | 计算 20 日移动平均线完成
2026-03-27 16:31:04 | INFO     | src.indicators.technical_indicators:calculate_rsi:221 | 计算 12 日RSI完成
2026-03-27 16:31:04 | INFO     | src.indicators.technical_indicators:calculate_ma:133 | 计算 20 日移动平均线完成
2026-03-27 16:31:04 | INFO     | src.indicators.technical_indicators:calculate_ma:133 | 计算 10 日移动平均线完成
2026-03-27 16:31:04 | INFO     | src.indicators.technical_indicators:calculate_ma:133 | 计算 30 日移动平均线完成
2026-03-27 16:31:04 | INFO     | src.indicators.technical_indicators:calculate_sma:157 | 计算 250 日简单移动平均线完成
2026-03-27 16:31:04 | INFO     | src.indicators.technical_indicators:calculate_ma:133 | 计算 30 日移动平均线完成
2026-03-27 16:31:04 | INFO     | src.indicators.technical_indicators:calculate_rsi:221 | 计算 24 日RSI完成
2026-03-27 16:31:04 | INFO     | src.indicators.technical_indicators:calculate_ma:133 | 计算 30 日移动平均线完成
2026-03-27 16:31:04 | INFO     | src.indicators.technical_indicators:calculate_ma:133 | 计算 20 日移动平均线完成
2026-03-27 16:31:04 | INFO     | src.indicators.technical_indicators:calculate_ma:133 | 计算 60 日移动平均线完成
2026-03-27 16:31:04 | INFO     | src.indicators.technical_indicators:calculate_ema:182 | 计算 12 日指数移动平均线完成
2026-03-27 16:31:04 | INFO     | src.indicators.technical_indicators:calculate_ma:133 | 计算 60 日移动平均线完成
2026-03-27 16:31:04 | INFO     | src.indicators.technical_indicators:calculate_macd:263 | 计算MACD完成：快线=12, 慢线=26, 信号线=9
2026-03-27 16:31:04 | INFO     | src.indicators.technical_indicators:calculate_ma:133 | 计算 60 日移动平均线完成
2026-03-27 16:31:04 | INFO     | src.indicators.technical_indicators:calculate_ma:133 | 计算 30 日移动平均线完成
2026-03-27 16:31:04 | INFO     | src.indicators.technical_indicators:calculate_ma:133 | 计算 120 日移动平均线完成
2026-03-27 16:31:04 | INFO     | src.indicators.technical_indicators:calculate_ema:182 | 计算 26 日指数移动平均线完成
2026-03-27 16:31:04 | INFO     | src.indicators.technical_indicators:calculate_ma:133 | 计算 120 日移动平均线完成
2026-03-27 16:31:04 | INFO     | src.indicators.technical_indicators:calculate_macd:263 | 计算MACD完成：快线=12, 慢线=26, 信号线=12
2026-03-27 16:31:04 | INFO     | src.indicators.technical_indicators:calculate_ma:133 | 计算 120 日移动平均线完成
2026-03-27 16:31:04 | INFO     | src.indicators.technical_indicators:calculate_ma:133 | 计算 60 日移动平均线完成
2026-03-27 16:31:04 | INFO     | src.indicators.technical_indicators:calculate_ma:133 | 计算 250 日移动平均线完成
2026-03-27 16:31:04 | INFO     | src.indicators.technical_indicators:calculate_rsi:221 | 计算 6 日RSI完成
2026-03-27 16:31:04 | INFO     | src.indicators.technical_indicators:calculate_ma:133 | 计算 250 日移动平均线完成
2026-03-27 16:31:04 | INFO     | src.indicators.technical_indicators:calculate_boll:303 | 计算布林带完成：周期=20, 标准差倍数=2
2026-03-27 16:31:04 | INFO     | src.indicators.technical_indicators:calculate_ma:133 | 计算 250 日移动平均线完成
2026-03-27 16:31:04 | INFO     | src.indicators.technical_indicators:calculate_ma:133 | 计算 120 日移动平均线完成
2026-03-27 16:31:04 | INFO     | src.indicators.technical_indicators:calculate_sma:157 | 计算 5 日简单移动平均线完成
2026-03-27 16:31:04 | INFO     | src.indicators.technical_indicators:calculate_rsi:221 | 计算 12 日RSI完成
2026-03-27 16:31:04 | INFO     | src.indicators.technical_indicators:calculate_sma:157 | 计算 5 日简单移动平均线完成
2026-03-27 16:31:04 | INFO     | src.indicators.technical_indicators:calculate_kdj:350 | 计算KDJ完成：K周期=9, D周期=3, J周期=3
2026-03-27 16:31:04 | INFO     | src.indicators.technical_indicators:calculate_sma:157 | 计算 5 日简单移动平均线完成
2026-03-27 16:31:04 | INFO     | src.indicators.technical_indicators:calculate_ma:133 | 计算 250 日移动平均线完成
2026-03-27 16:31:04 | INFO     | src.indicators.technical_indicators:calculate_sma:157 | 计算 10 日简单移动平均线完成
2026-03-27 16:31:04 | INFO     | src.indicators.technical_indicators:calculate_rsi:221 | 计算 24 日RSI完成
2026-03-27 16:31:04 | INFO     | src.indicators.technical_indicators:calculate_sma:157 | 计算 10 日简单移动平均线完成
2026-03-27 16:31:04 | INFO     | src.indicators.technical_indicators:calculate_kdj:350 | 计算KDJ完成：K周期=10, D周期=3, J周期=3
2026-03-27 16:31:04 | INFO     | src.indicators.technical_indicators:calculate_sma:157 | 计算 10 日简单移动平均线完成
2026-03-27 16:31:04 | INFO     | src.indicators.technical_indicators:calculate_sma:157 | 计算 5 日简单移动平均线完成
2026-03-27 16:31:04 | INFO     | src.indicators.technical_indicators:calculate_sma:157 | 计算 20 日简单移动平均线完成
2026-03-27 16:31:04 | INFO     | src.indicators.technical_indicators:calculate_macd:263 | 计算MACD完成：快线=12, 慢线=26, 信号线=9
2026-03-27 16:31:04 | INFO     | src.indicators.technical_indicators:calculate_sma:157 | 计算 20 日简单移动平均线完成
2026-03-27 16:31:04 | ERROR    | src.notify.channels.base:send:80 | NtfyChannel 发送异常 (尝试 1/3): HTTPSConnectionPool(host='ntfy.sh', port=443): Max retries exceeded with url: /process-notify-001 (Caused by SSLError(SSLEOFError(8, 'EOF occurred in violation of protocol (_ssl.c:997)')))
2026-03-27 16:31:04 | ERROR    | src.notify.channels.base:send:80 | NtfyChannel 发送异常 (尝试 1/3): HTTPSConnectionPool(host='ntfy.sh', port=443): Max retries exceeded with url: /process-notify-001 (Caused by SSLError(SSLEOFError(8, 'EOF occurred in violation of protocol (_ssl.c:997)')))
2026-03-27 16:31:04 | INFO     | src.indicators.technical_indicators:calculate_sma:157 | 计算 20 日简单移动平均线完成
2026-03-27 16:31:04 | INFO     | src.indicators.technical_indicators:calculate_atr:385 | 计算 10 日ATR完成
2026-03-27 16:31:04 | INFO     | src.indicators.technical_indicators:calculate_sma:157 | 计算 10 日简单移动平均线完成
2026-03-27 16:31:04 | INFO     | src.indicators.technical_indicators:calculate_sma:157 | 计算 30 日简单移动平均线完成
2026-03-27 16:31:04 | INFO     | src.indicators.technical_indicators:calculate_macd:263 | 计算MACD完成：快线=12, 慢线=26, 信号线=12
2026-03-27 16:31:04 | INFO     | src.indicators.technical_indicators:calculate_sma:157 | 计算 30 日简单移动平均线完成
2026-03-27 16:31:04 | INFO     | src.indicators.technical_indicators:calculate_sma:157 | 计算 30 日简单移动平均线完成
2026-03-27 16:31:04 | INFO     | src.indicators.technical_indicators:calculate_sma:157 | 计算 20 日简单移动平均线完成
2026-03-27 16:31:04 | INFO     | src.indicators.technical_indicators:calculate_sma:157 | 计算 60 日简单移动平均线完成
2026-03-27 16:31:05 | INFO     | src.indicators.technical_indicators:calculate_sma:157 | 计算 60 日简单移动平均线完成
2026-03-27 16:31:05 | INFO     | src.indicators.technical_indicators:calculate_sma:157 | 计算 60 日简单移动平均线完成
2026-03-27 16:31:05 | INFO     | src.indicators.technical_indicators:calculate_boll:303 | 计算布林带完成：周期=20, 标准差倍数=2
2026-03-27 16:31:05 | INFO     | src.indicators.technical_indicators:calculate_sma:157 | 计算 120 日简单移动平均线完成
2026-03-27 16:31:05 | INFO     | src.indicators.technical_indicators:calculate_sma:157 | 计算 120 日简单移动平均线完成
2026-03-27 16:31:05 | INFO     | src.indicators.technical_indicators:calculate_sma:157 | 计算 30 日简单移动平均线完成
2026-03-27 16:31:05 | INFO     | src.indicators.technical_indicators:calculate_sma:157 | 计算 120 日简单移动平均线完成
2026-03-27 16:31:05 | INFO     | src.indicators.technical_indicators:calculate_cci:446 | 计算 20 日CCI完成
2026-03-27 16:31:05 | INFO     | src.indicators.technical_indicators:calculate_kdj:350 | 计算KDJ完成：K周期=9, D周期=3, J周期=3
2026-03-27 16:31:05 | INFO     | src.indicators.technical_indicators:calculate_sma:157 | 计算 250 日简单移动平均线完成
2026-03-27 16:31:05 | INFO     | src.indicators.technical_indicators:calculate_sma:157 | 计算 250 日简单移动平均线完成
2026-03-27 16:31:05 | INFO     | src.indicators.technical_indicators:calculate_sma:157 | 计算 60 日简单移动平均线完成
2026-03-27 16:31:05 | INFO     | src.indicators.technical_indicators:calculate_sma:157 | 计算 250 日简单移动平均线完成
2026-03-27 16:31:05 | INFO     | src.indicators.technical_indicators:calculate_williams_r:476 | 计算 10 日威廉指标完成
2026-03-27 16:31:05 | INFO     | src.indicators.technical_indicators:calculate_ema:182 | 计算 12 日指数移动平均线完成
2026-03-27 16:31:05 | INFO     | src.indicators.technical_indicators:calculate_kdj:350 | 计算KDJ完成：K周期=10, D周期=3, J周期=3
2026-03-27 16:31:05 | INFO     | src.indicators.technical_indicators:calculate_ema:182 | 计算 12 日指数移动平均线完成
2026-03-27 16:31:05 | INFO     | src.indicators.technical_indicators:calculate_sma:157 | 计算 120 日简单移动平均线完成
2026-03-27 16:31:05 | INFO     | src.indicators.technical_indicators:calculate_ema:182 | 计算 12 日指数移动平均线完成
2026-03-27 16:31:05 | INFO     | src.indicators.technical_indicators:calculate_ma:133 | 计算 5 日移动平均线完成
2026-03-27 16:31:05 | INFO     | src.indicators.technical_indicators:calculate_ema:182 | 计算 26 日指数移动平均线完成
2026-03-27 16:31:05 | INFO     | src.indicators.technical_indicators:calculate_ema:182 | 计算 26 日指数移动平均线完成
2026-03-27 16:31:05 | INFO     | src.indicators.technical_indicators:calculate_atr:385 | 计算 10 日ATR完成
2026-03-27 16:31:05 | INFO     | src.indicators.technical_indicators:calculate_sma:157 | 计算 250 日简单移动平均线完成
2026-03-27 16:31:05 | INFO     | src.indicators.technical_indicators:calculate_ema:182 | 计算 26 日指数移动平均线完成
2026-03-27 16:31:05 | INFO     | src.indicators.technical_indicators:calculate_bias:500 | 计算 5 日乖离率完成
2026-03-27 16:31:05 | INFO     | src.indicators.technical_indicators:calculate_rsi:221 | 计算 6 日RSI完成
2026-03-27 16:31:05 | INFO     | src.indicators.technical_indicators:calculate_rsi:221 | 计算 6 日RSI完成
2026-03-27 16:31:05 | INFO     | src.indicators.technical_indicators:calculate_ema:182 | 计算 12 日指数移动平均线完成
2026-03-27 16:31:05 | INFO     | src.indicators.technical_indicators:calculate_rsi:221 | 计算 6 日RSI完成
2026-03-27 16:31:05 | INFO     | src.indicators.technical_indicators:calculate_ma:133 | 计算 10 日移动平均线完成
2026-03-27 16:31:05 | INFO     | src.indicators.technical_indicators:calculate_cci:446 | 计算 20 日CCI完成
2026-03-27 16:31:05 | INFO     | src.indicators.technical_indicators:calculate_ema:182 | 计算 26 日指数移动平均线完成
2026-03-27 16:31:05 | INFO     | src.indicators.technical_indicators:calculate_rsi:221 | 计算 12 日RSI完成
2026-03-27 16:31:05 | INFO     | src.indicators.technical_indicators:calculate_rsi:221 | 计算 12 日RSI完成
2026-03-27 16:31:05 | INFO     | src.indicators.technical_indicators:calculate_rsi:221 | 计算 12 日RSI完成
2026-03-27 16:31:05 | INFO     | src.indicators.technical_indicators:calculate_bias:500 | 计算 10 日乖离率完成
2026-03-27 16:31:05 | INFO     | src.indicators.technical_indicators:calculate_williams_r:476 | 计算 10 日威廉指标完成
2026-03-27 16:31:05 | INFO     | src.indicators.technical_indicators:calculate_rsi:221 | 计算 6 日RSI完成
2026-03-27 16:31:05 | INFO     | src.indicators.technical_indicators:calculate_rsi:221 | 计算 24 日RSI完成
2026-03-27 16:31:05 | INFO     | src.indicators.technical_indicators:calculate_rsi:221 | 计算 24 日RSI完成
2026-03-27 16:31:05 | INFO     | src.indicators.technical_indicators:calculate_rsi:221 | 计算 24 日RSI完成
2026-03-27 16:31:05 | INFO     | src.indicators.technical_indicators:calculate_ma:133 | 计算 20 日移动平均线完成
2026-03-27 16:31:05 | INFO     | src.indicators.technical_indicators:calculate_ma:133 | 计算 5 日移动平均线完成
2026-03-27 16:31:05 | INFO     | src.indicators.technical_indicators:calculate_rsi:221 | 计算 12 日RSI完成
2026-03-27 16:31:05 | INFO     | src.indicators.technical_indicators:calculate_macd:263 | 计算MACD完成：快线=12, 慢线=26, 信号线=9
2026-03-27 16:31:05 | INFO     | src.indicators.technical_indicators:calculate_macd:263 | 计算MACD完成：快线=12, 慢线=26, 信号线=9
2026-03-27 16:31:05 | INFO     | src.indicators.technical_indicators:calculate_bias:500 | 计算 20 日乖离率完成
2026-03-27 16:31:05 | INFO     | src.indicators.technical_indicators:calculate_macd:263 | 计算MACD完成：快线=12, 慢线=26, 信号线=9
2026-03-27 16:31:05 | INFO     | src.indicators.technical_indicators:calculate_bias:500 | 计算 5 日乖离率完成
2026-03-27 16:31:05 | INFO     | src.indicators.technical_indicators:calculate_rsi:221 | 计算 24 日RSI完成
2026-03-27 16:31:05 | INFO     | src.indicators.technical_indicators:calculate_macd:263 | 计算MACD完成：快线=12, 慢线=26, 信号线=12
2026-03-27 16:31:05 | INFO     | src.indicators.technical_indicators:calculate_macd:263 | 计算MACD完成：快线=12, 慢线=26, 信号线=12
2026-03-27 16:31:05 | INFO     | src.indicators.technical_indicators:calculate_ma:133 | 计算 30 日移动平均线完成
2026-03-27 16:31:05 | INFO     | src.indicators.technical_indicators:calculate_macd:263 | 计算MACD完成：快线=12, 慢线=26, 信号线=12
2026-03-27 16:31:05 | INFO     | src.indicators.technical_indicators:calculate_ma:133 | 计算 10 日移动平均线完成
2026-03-27 16:31:05 | INFO     | src.indicators.technical_indicators:calculate_macd:263 | 计算MACD完成：快线=12, 慢线=26, 信号线=9
2026-03-27 16:31:05 | INFO     | src.indicators.technical_indicators:calculate_boll:303 | 计算布林带完成：周期=20, 标准差倍数=2
2026-03-27 16:31:05 | INFO     | src.indicators.technical_indicators:calculate_boll:303 | 计算布林带完成：周期=20, 标准差倍数=2
2026-03-27 16:31:05 | INFO     | src.indicators.technical_indicators:calculate_bias:500 | 计算 30 日乖离率完成
2026-03-27 16:31:05 | INFO     | src.indicators.technical_indicators:calculate_bias:500 | 计算 10 日乖离率完成
2026-03-27 16:31:05 | INFO     | src.indicators.technical_indicators:calculate_boll:303 | 计算布林带完成：周期=20, 标准差倍数=2
2026-03-27 16:31:05 | INFO     | src.indicators.technical_indicators:calculate_macd:263 | 计算MACD完成：快线=12, 慢线=26, 信号线=12
2026-03-27 16:31:05 | INFO     | src.indicators.technical_indicators:calculate_kdj:350 | 计算KDJ完成：K周期=9, D周期=3, J周期=3
2026-03-27 16:31:05 | INFO     | src.indicators.technical_indicators:calculate_ma:133 | 计算 60 日移动平均线完成
2026-03-27 16:31:05 | INFO     | src.indicators.technical_indicators:calculate_kdj:350 | 计算KDJ完成：K周期=9, D周期=3, J周期=3
2026-03-27 16:31:05 | INFO     | src.indicators.technical_indicators:calculate_ma:133 | 计算 20 日移动平均线完成
2026-03-27 16:31:05 | INFO     | src.indicators.technical_indicators:calculate_kdj:350 | 计算KDJ完成：K周期=9, D周期=3, J周期=3
2026-03-27 16:31:05 | INFO     | src.indicators.technical_indicators:calculate_kdj:350 | 计算KDJ完成：K周期=10, D周期=3, J周期=3
2026-03-27 16:31:05 | INFO     | src.indicators.technical_indicators:calculate_bias:500 | 计算 60 日乖离率完成
2026-03-27 16:31:05 | INFO     | src.indicators.technical_indicators:calculate_boll:303 | 计算布林带完成：周期=20, 标准差倍数=2
2026-03-27 16:31:05 | INFO     | src.indicators.technical_indicators:calculate_kdj:350 | 计算KDJ完成：K周期=10, D周期=3, J周期=3
2026-03-27 16:31:05 | INFO     | src.indicators.technical_indicators:calculate_bias:500 | 计算 20 日乖离率完成
2026-03-27 16:31:05 | INFO     | src.indicators.technical_indicators:calculate_atr:385 | 计算 10 日ATR完成
2026-03-27 16:31:05 | INFO     | src.indicators.technical_indicators:calculate_kdj:350 | 计算KDJ完成：K周期=10, D周期=3, J周期=3
2026-03-27 16:31:05 | INFO     | src.indicators.technical_indicators:calculate_ma:133 | 计算 120 日移动平均线完成
2026-03-27 16:31:05 | INFO     | src.indicators.technical_indicators:calculate_atr:385 | 计算 10 日ATR完成
2026-03-27 16:31:05 | INFO     | src.indicators.technical_indicators:calculate_kdj:350 | 计算KDJ完成：K周期=9, D周期=3, J周期=3
2026-03-27 16:31:05 | INFO     | src.indicators.technical_indicators:calculate_ma:133 | 计算 30 日移动平均线完成
2026-03-27 16:31:05 | INFO     | src.indicators.technical_indicators:calculate_bias:500 | 计算 120 日乖离率完成
2026-03-27 16:31:05 | INFO     | src.indicators.technical_indicators:calculate_cci:446 | 计算 20 日CCI完成
2026-03-27 16:31:06 | INFO     | src.indicators.technical_indicators:calculate_atr:385 | 计算 10 日ATR完成
2026-03-27 16:31:06 | INFO     | src.indicators.technical_indicators:calculate_kdj:350 | 计算KDJ完成：K周期=10, D周期=3, J周期=3
2026-03-27 16:31:06 | INFO     | src.indicators.technical_indicators:calculate_bias:500 | 计算 30 日乖离率完成
2026-03-27 16:31:06 | ERROR    | src.notify.channels.base:send:80 | NtfyChannel 发送异常 (尝试 2/3): HTTPSConnectionPool(host='ntfy.sh', port=443): Max retries exceeded with url: /process-notify-001 (Caused by SSLError(SSLEOFError(8, 'EOF occurred in violation of protocol (_ssl.c:997)')))
2026-03-27 16:31:06 | ERROR    | src.notify.channels.base:send:80 | NtfyChannel 发送异常 (尝试 2/3): HTTPSConnectionPool(host='ntfy.sh', port=443): Max retries exceeded with url: /process-notify-001 (Caused by SSLError(SSLEOFError(8, 'EOF occurred in violation of protocol (_ssl.c:997)')))
2026-03-27 16:31:06 | INFO     | src.indicators.technical_indicators:calculate_ma:133 | 计算 250 日移动平均线完成
2026-03-27 16:31:06 | INFO     | src.indicators.technical_indicators:calculate_williams_r:476 | 计算 10 日威廉指标完成
2026-03-27 16:31:06 | INFO     | src.indicators.technical_indicators:calculate_cci:446 | 计算 20 日CCI完成
2026-03-27 16:31:06 | INFO     | src.indicators.technical_indicators:calculate_ma:133 | 计算 60 日移动平均线完成
2026-03-27 16:31:06 | INFO     | src.indicators.technical_indicators:calculate_atr:385 | 计算 10 日ATR完成
2026-03-27 16:31:06 | INFO     | src.indicators.technical_indicators:calculate_cci:446 | 计算 20 日CCI完成
2026-03-27 16:31:06 | INFO     | src.indicators.technical_indicators:calculate_bias:500 | 计算 250 日乖离率完成
2026-03-27 16:31:06 | INFO     | src.indicators.technical_indicators:calculate_ma:133 | 计算 5 日移动平均线完成
2026-03-27 16:31:06 | INFO     | src.indicators.technical_indicators:calculate_williams_r:476 | 计算 10 日威廉指标完成
2026-03-27 16:31:06 | INFO     | src.indicators.technical_indicators:calculate_bias:500 | 计算 60 日乖离率完成
2026-03-27 16:31:06 | INFO     | src.indicators.technical_indicators:calculate_psy:523 | 计算 10 日心理线完成
2026-03-27 16:31:06 | INFO     | src.indicators.technical_indicators:calculate_bias:500 | 计算 5 日乖离率完成
2026-03-27 16:31:06 | INFO     | src.indicators.technical_indicators:calculate_williams_r:476 | 计算 10 日威廉指标完成
2026-03-27 16:31:06 | INFO     | src.indicators.technical_indicators:calculate_ma:133 | 计算 5 日移动平均线完成
2026-03-27 16:31:06 | INFO     | src.indicators.technical_indicators:calculate_ma:133 | 计算 120 日移动平均线完成
2026-03-27 16:31:06 | WARNING  | src.indicators.technical_indicators:calculate_all:635 | 未知的指标类型: rsv_period
2026-03-27 16:31:06 | INFO     | src.indicators.technical_indicators:calculate_ma:133 | 计算 10 日移动平均线完成
2026-03-27 16:31:06 | INFO     | src.indicators.technical_indicators:calculate_cci:446 | 计算 20 日CCI完成
2026-03-27 16:31:06 | INFO     | src.indicators.technical_indicators:calculate_ma:133 | 计算 5 日移动平均线完成
2026-03-27 16:31:06 | INFO     | src.indicators.technical_indicators:calculate_bias:500 | 计算 5 日乖离率完成
2026-03-27 16:31:06 | INFO     | src.indicators.technical_indicators:calculate_bias:500 | 计算 120 日乖离率完成
2026-03-27 16:31:06 | WARNING  | src.indicators.technical_indicators:calculate_all:635 | 未知的指标类型: volume_period
2026-03-27 16:31:06 | INFO     | src.indicators.technical_indicators:calculate_bias:500 | 计算 10 日乖离率完成
2026-03-27 16:31:06 | INFO     | src.indicators.technical_indicators:calculate_williams_r:476 | 计算 10 日威廉指标完成
2026-03-27 16:31:06 | INFO     | src.indicators.technical_indicators:calculate_bias:500 | 计算 5 日乖离率完成
2026-03-27 16:31:06 | INFO     | src.indicators.technical_indicators:calculate_ma:133 | 计算 10 日移动平均线完成
2026-03-27 16:31:06 | INFO     | src.indicators.technical_indicators:calculate_ma:133 | 计算 250 日移动平均线完成
2026-03-27 16:31:06 | INFO     | src.indicators.technical_indicators:calculate_all:640 | 完成计算 45 个技术指标
2026-03-27 16:31:06 | INFO     | src.indicators.technical_indicators:calculate_ma:133 | 计算 20 日移动平均线完成
2026-03-27 16:31:06 | INFO     | src.indicators.technical_indicators:calculate_ma:133 | 计算 5 日移动平均线完成
2026-03-27 16:31:06 | INFO     | src.indicators.technical_indicators:calculate_ma:133 | 计算 10 日移动平均线完成
2026-03-27 16:31:06 | INFO     | src.indicators.technical_indicators:calculate_bias:500 | 计算 10 日乖离率完成
2026-03-27 16:31:06 | INFO     | src.indicators.technical_indicators:calculate_bias:500 | 计算 250 日乖离率完成
2026-03-27 16:31:06 | INFO     | src.indicators.technical_indicators:calculate_bias:500 | 计算 20 日乖离率完成
2026-03-27 16:31:06 | INFO     | src.indicators.technical_indicators:calculate_bias:500 | 计算 5 日乖离率完成
2026-03-27 16:31:06 | INFO     | src.indicators.technical_indicators:calculate_bias:500 | 计算 10 日乖离率完成
2026-03-27 16:31:06 | INFO     | src.indicators.technical_indicators:calculate_ma:133 | 计算 20 日移动平均线完成
2026-03-27 16:31:06 | INFO     | src.indicators.technical_indicators:calculate_psy:523 | 计算 10 日心理线完成
2026-03-27 16:31:06 | INFO     | src.indicators.technical_indicators:calculate_ma:133 | 计算 30 日移动平均线完成
2026-03-27 16:31:06 | INFO     | src.indicators.technical_indicators:calculate_ma:133 | 计算 10 日移动平均线完成
2026-03-27 16:31:06 | INFO     | src.indicators.technical_indicators:calculate_ma:133 | 计算 20 日移动平均线完成
2026-03-27 16:31:06 | INFO     | src.indicators.technical_indicators:calculate_bias:500 | 计算 20 日乖离率完成
2026-03-27 16:31:06 | WARNING  | src.indicators.technical_indicators:calculate_all:635 | 未知的指标类型: rsv_period
2026-03-27 16:31:06 | INFO     | src.core.data_fetcher:save_data:432 | 保存数据到 csv 文件: 600435_with_indicators
2026-03-27 16:31:06 | INFO     | src.indicators.technical_indicators:calculate_bias:500 | 计算 30 日乖离率完成
2026-03-27 16:31:06 | INFO     | src.indicators.technical_indicators:calculate_bias:500 | 计算 10 日乖离率完成
2026-03-27 16:31:06 | INFO     | src.indicators.technical_indicators:calculate_bias:500 | 计算 20 日乖离率完成
2026-03-27 16:31:06 | INFO     | src.indicators.technical_indicators:calculate_ma:133 | 计算 30 日移动平均线完成
2026-03-27 16:31:06 | WARNING  | src.indicators.technical_indicators:calculate_all:635 | 未知的指标类型: volume_period
2026-03-27 16:31:06 | INFO     | src.indicators.technical_indicators:calculate_ma:133 | 计算 60 日移动平均线完成
2026-03-27 16:31:06 | INFO     | src.indicators.technical_indicators:calculate_ma:133 | 计算 20 日移动平均线完成
2026-03-27 16:31:06 | INFO     | src.indicators.technical_indicators:calculate_ma:133 | 计算 30 日移动平均线完成
2026-03-27 16:31:07 | INFO     | src.indicators.technical_indicators:calculate_bias:500 | 计算 30 日乖离率完成
2026-03-27 16:31:07 | INFO     | src.indicators.technical_indicators:calculate_all:640 | 完成计算 45 个技术指标
2026-03-27 16:31:07 | INFO     | src.indicators.technical_indicators:calculate_bias:500 | 计算 60 日乖离率完成
2026-03-27 16:31:07 | INFO     | src.indicators.technical_indicators:calculate_bias:500 | 计算 20 日乖离率完成
2026-03-27 16:31:07 | INFO     | src.indicators.technical_indicators:calculate_bias:500 | 计算 30 日乖离率完成
2026-03-27 16:31:07 | INFO     | src.indicators.technical_indicators:calculate_ma:133 | 计算 60 日移动平均线完成
2026-03-27 16:31:07 | INFO     | src.indicators.technical_indicators:calculate_ma:133 | 计算 120 日移动平均线完成
2026-03-27 16:31:07 | INFO     | src.indicators.technical_indicators:calculate_ma:133 | 计算 30 日移动平均线完成
2026-03-27 16:31:07 | INFO     | src.indicators.technical_indicators:calculate_bias:500 | 计算 60 日乖离率完成
2026-03-27 16:31:07 | INFO     | src.indicators.technical_indicators:calculate_ma:133 | 计算 60 日移动平均线完成
2026-03-27 16:31:07 | INFO     | src.indicators.technical_indicators:calculate_bias:500 | 计算 120 日乖离率完成
2026-03-27 16:31:07 | INFO     | src.indicators.technical_indicators:calculate_bias:500 | 计算 30 日乖离率完成
2026-03-27 16:31:07 | INFO     | src.indicators.technical_indicators:calculate_ma:133 | 计算 120 日移动平均线完成
2026-03-27 16:31:07 | INFO     | src.indicators.technical_indicators:calculate_bias:500 | 计算 60 日乖离率完成
2026-03-27 16:31:07 | INFO     | src.core.data_fetcher:save_data:432 | 保存数据到 csv 文件: 300593_with_indicators
2026-03-27 16:31:07 | INFO     | src.indicators.technical_indicators:calculate_ma:133 | 计算 250 日移动平均线完成
2026-03-27 16:31:07 | INFO     | src.indicators.technical_indicators:calculate_ma:133 | 计算 60 日移动平均线完成
2026-03-27 16:31:07 | INFO     | src.indicators.technical_indicators:calculate_bias:500 | 计算 120 日乖离率完成
2026-03-27 16:31:07 | INFO     | src.indicators.technical_indicators:calculate_ma:133 | 计算 120 日移动平均线完成
2026-03-27 16:31:07 | INFO     | src.indicators.technical_indicators:calculate_bias:500 | 计算 250 日乖离率完成
2026-03-27 16:31:07 | INFO     | src.indicators.technical_indicators:calculate_bias:500 | 计算 60 日乖离率完成
2026-03-27 16:31:07 | INFO     | src.indicators.technical_indicators:calculate_ma:133 | 计算 250 日移动平均线完成
2026-03-27 16:31:07 | INFO     | src.indicators.technical_indicators:calculate_bias:500 | 计算 120 日乖离率完成
2026-03-27 16:31:07 | INFO     | src.indicators.technical_indicators:calculate_psy:523 | 计算 10 日心理线完成
2026-03-27 16:31:07 | INFO     | src.indicators.technical_indicators:calculate_bias:500 | 计算 250 日乖离率完成
2026-03-27 16:31:07 | INFO     | src.indicators.technical_indicators:calculate_ma:133 | 计算 120 日移动平均线完成
2026-03-27 16:31:07 | INFO     | src.indicators.technical_indicators:calculate_ma:133 | 计算 250 日移动平均线完成
2026-03-27 16:31:07 | WARNING  | src.indicators.technical_indicators:calculate_all:635 | 未知的指标类型: rsv_period
2026-03-27 16:31:07 | INFO     | src.indicators.technical_indicators:calculate_psy:523 | 计算 10 日心理线完成
2026-03-27 16:31:07 | INFO     | src.indicators.technical_indicators:calculate_bias:500 | 计算 120 日乖离率完成
2026-03-27 16:31:07 | INFO     | src.indicators.technical_indicators:calculate_bias:500 | 计算 250 日乖离率完成
2026-03-27 16:31:07 | WARNING  | src.indicators.technical_indicators:calculate_all:635 | 未知的指标类型: volume_period
2026-03-27 16:31:07 | WARNING  | src.indicators.technical_indicators:calculate_all:635 | 未知的指标类型: rsv_period
2026-03-27 16:31:07 | INFO     | src.indicators.technical_indicators:calculate_ma:133 | 计算 250 日移动平均线完成
2026-03-27 16:31:07 | INFO     | src.core.data_fetcher:save_data:452 | 数据保存成功: ./data\600435_with_indicators.csv
2026-03-27 16:31:07 | INFO     | src.indicators.technical_indicators:calculate_psy:523 | 计算 10 日心理线完成
2026-03-27 16:31:07 | INFO     | src.indicators.technical_indicators:calculate_all:640 | 完成计算 45 个技术指标
2026-03-27 16:31:07 | WARNING  | src.indicators.technical_indicators:calculate_all:635 | 未知的指标类型: volume_period
2026-03-27 16:31:07 | INFO     | src.indicators.technical_indicators:calculate_bias:500 | 计算 250 日乖离率完成
2026-03-27 16:31:07 | INFO     | src.workflow.base:calculate_signals:224 | 对股票 600435 进行信号判断
2026-03-27 16:31:07 | WARNING  | src.indicators.technical_indicators:calculate_all:635 | 未知的指标类型: rsv_period
2026-03-27 16:31:07 | INFO     | src.indicators.technical_indicators:calculate_all:640 | 完成计算 45 个技术指标
2026-03-27 16:31:07 | INFO     | src.indicators.technical_indicators:calculate_psy:523 | 计算 10 日心理线完成
2026-03-27 16:31:07 | INFO     | src.core.data_fetcher:save_data:432 | 保存数据到 csv 文件: 688523_with_indicators
2026-03-27 16:31:07 | WARNING  | src.indicators.technical_indicators:calculate_all:635 | 未知的指标类型: volume_period
2026-03-27 16:31:07 | INFO     | src.core.data_fetcher:save_data:432 | 保存数据到 csv 文件: 600435_signals
2026-03-27 16:31:07 | WARNING  | src.indicators.technical_indicators:calculate_all:635 | 未知的指标类型: rsv_period
2026-03-27 16:31:07 | INFO     | src.indicators.technical_indicators:calculate_all:640 | 完成计算 45 个技术指标
2026-03-27 16:31:07 | WARNING  | src.indicators.technical_indicators:calculate_all:635 | 未知的指标类型: volume_period
2026-03-27 16:31:07 | INFO     | src.core.data_fetcher:save_data:452 | 数据保存成功: ./data\600435_signals.csv
2026-03-27 16:31:07 | INFO     | src.indicators.technical_indicators:calculate_all:640 | 完成计算 45 个技术指标
2026-03-27 16:31:07 | INFO     | src.workflow.technical:_process_single_stock:45 |   股票 600435 信号判断完成: 持有 (得分: 0.145)
2026-03-27 16:31:07 | INFO     | src.core.data_fetcher:save_data:452 | 数据保存成功: ./data\300593_with_indicators.csv
2026-03-27 16:31:07 | INFO     | src.workflow.base:calculate_technical_indicators:188 | 计算股票 300036 的技术指标
2026-03-27 16:31:07 | INFO     | src.workflow.base:calculate_signals:224 | 对股票 300593 进行信号判断
2026-03-27 16:31:07 | INFO     | src.core.data_fetcher:save_data:432 | 保存数据到 csv 文件: 688333_with_indicators
2026-03-27 16:31:07 | INFO     | src.indicators.technical_indicators:calculate_ma:133 | 计算 5 日移动平均线完成
2026-03-27 16:31:07 | INFO     | src.core.data_fetcher:save_data:432 | 保存数据到 csv 文件: 300593_signals
2026-03-27 16:31:07 | INFO     | src.indicators.technical_indicators:calculate_ma:133 | 计算 10 日移动平均线完成
2026-03-27 16:31:07 | INFO     | src.core.data_fetcher:save_data:432 | 保存数据到 csv 文件: 002405_with_indicators
2026-03-27 16:31:07 | INFO     | src.indicators.technical_indicators:calculate_ma:133 | 计算 20 日移动平均线完成
2026-03-27 16:31:07 | INFO     | src.core.data_fetcher:save_data:452 | 数据保存成功: ./data\300593_signals.csv
2026-03-27 16:31:07 | INFO     | src.core.data_fetcher:save_data:452 | 数据保存成功: ./data\688523_with_indicators.csv
2026-03-27 16:31:07 | INFO     | src.core.data_fetcher:save_data:432 | 保存数据到 csv 文件: 002025_with_indicators
2026-03-27 16:31:07 | INFO     | src.indicators.technical_indicators:calculate_ma:133 | 计算 30 日移动平均线完成
2026-03-27 16:31:07 | INFO     | src.workflow.technical:_process_single_stock:45 |   股票 300593 信号判断完成: 买入 (得分: 0.206)
2026-03-27 16:31:07 | INFO     | src.workflow.base:calculate_signals:224 | 对股票 688523 进行信号判断
2026-03-27 16:31:07 | INFO     | src.indicators.technical_indicators:calculate_ma:133 | 计算 60 日移动平均线完成
2026-03-27 16:31:07 | INFO     | src.core.data_fetcher:save_data:432 | 保存数据到 csv 文件: 688523_signals
2026-03-27 16:31:07 | INFO     | src.indicators.technical_indicators:calculate_ma:133 | 计算 120 日移动平均线完成
2026-03-27 16:31:07 | INFO     | src.indicators.technical_indicators:calculate_ma:133 | 计算 250 日移动平均线完成
2026-03-27 16:31:07 | INFO     | src.core.data_fetcher:save_data:452 | 数据保存成功: ./data\688523_signals.csv
2026-03-27 16:31:07 | INFO     | src.indicators.technical_indicators:calculate_sma:157 | 计算 5 日简单移动平均线完成
2026-03-27 16:31:07 | INFO     | src.workflow.technical:_process_single_stock:45 |   股票 688523 信号判断完成: 买入 (得分: 0.237)
2026-03-27 16:31:07 | INFO     | src.indicators.technical_indicators:calculate_sma:157 | 计算 10 日简单移动平均线完成
2026-03-27 16:31:07 | INFO     | src.indicators.technical_indicators:calculate_sma:157 | 计算 20 日简单移动平均线完成
2026-03-27 16:31:07 | INFO     | src.indicators.technical_indicators:calculate_sma:157 | 计算 30 日简单移动平均线完成
2026-03-27 16:31:07 | INFO     | src.indicators.technical_indicators:calculate_sma:157 | 计算 60 日简单移动平均线完成
2026-03-27 16:31:07 | INFO     | src.indicators.technical_indicators:calculate_sma:157 | 计算 120 日简单移动平均线完成
2026-03-27 16:31:07 | INFO     | src.indicators.technical_indicators:calculate_sma:157 | 计算 250 日简单移动平均线完成
2026-03-27 16:31:07 | INFO     | src.indicators.technical_indicators:calculate_ema:182 | 计算 12 日指数移动平均线完成
2026-03-27 16:31:07 | ERROR    | src.notify.channels.base:send:80 | NtfyChannel 发送异常 (尝试 3/3): HTTPSConnectionPool(host='ntfy.sh', port=443): Max retries exceeded with url: /process-notify-001 (Caused by SSLError(SSLEOFError(8, 'EOF occurred in violation of protocol (_ssl.c:997)')))
2026-03-27 16:31:07 | ERROR    | src.notify.channels.base:send:80 | NtfyChannel 发送异常 (尝试 1/3): HTTPSConnectionPool(host='ntfy.sh', port=443): Max retries exceeded with url: /process-notify-001 (Caused by SSLError(SSLEOFError(8, 'EOF occurred in violation of protocol (_ssl.c:997)')))
2026-03-27 16:31:07 | INFO     | src.indicators.technical_indicators:calculate_ema:182 | 计算 26 日指数移动平均线完成
2026-03-27 16:31:07 | INFO     | src.notify.channels.markdown:_do_send:75 | Markdown 文件已保存: ./notify_logs\notify_20260327_163107.md
2026-03-27 16:31:07 | ERROR    | src.notify.channels.base:send:80 | NtfyChannel 发送异常 (尝试 3/3): HTTPSConnectionPool(host='ntfy.sh', port=443): Max retries exceeded with url: /process-notify-001 (Caused by SSLError(SSLEOFError(8, 'EOF occurred in violation of protocol (_ssl.c:997)')))
2026-03-27 16:31:07 | INFO     | src.indicators.technical_indicators:calculate_rsi:221 | 计算 6 日RSI完成
2026-03-27 16:31:07 | INFO     | src.workflow.base:calculate_technical_indicators:188 | 计算股票 002465 的技术指标
2026-03-27 16:31:07 | INFO     | src.notify.channels.markdown:_do_send:75 | Markdown 文件已保存: ./notify_logs\notify_20260327_163107.md
2026-03-27 16:31:07 | INFO     | src.indicators.technical_indicators:calculate_ma:133 | 计算 5 日移动平均线完成
2026-03-27 16:31:07 | INFO     | src.indicators.technical_indicators:calculate_rsi:221 | 计算 12 日RSI完成
2026-03-27 16:31:07 | INFO     | src.core.data_fetcher:save_data:452 | 数据保存成功: ./data\688333_with_indicators.csv
2026-03-27 16:31:07 | INFO     | src.workflow.base:calculate_signals:224 | 对股票 688333 进行信号判断
2026-03-27 16:31:07 | INFO     | src.indicators.technical_indicators:calculate_ma:133 | 计算 10 日移动平均线完成
2026-03-27 16:31:07 | INFO     | src.workflow.base:calculate_technical_indicators:188 | 计算股票 300136 的技术指标
2026-03-27 16:31:07 | INFO     | src.core.data_fetcher:save_data:432 | 保存数据到 csv 文件: 688333_signals
2026-03-27 16:31:07 | INFO     | src.indicators.technical_indicators:calculate_rsi:221 | 计算 24 日RSI完成
2026-03-27 16:31:07 | INFO     | src.indicators.technical_indicators:calculate_ma:133 | 计算 20 日移动平均线完成
2026-03-27 16:31:07 | INFO     | src.indicators.technical_indicators:calculate_ma:133 | 计算 5 日移动平均线完成
2026-03-27 16:31:07 | INFO     | src.indicators.technical_indicators:calculate_macd:263 | 计算MACD完成：快线=12, 慢线=26, 信号线=9
2026-03-27 16:31:07 | INFO     | src.indicators.technical_indicators:calculate_ma:133 | 计算 30 日移动平均线完成
2026-03-27 16:31:07 | INFO     | src.core.data_fetcher:save_data:452 | 数据保存成功: ./data\688333_signals.csv
2026-03-27 16:31:07 | INFO     | src.indicators.technical_indicators:calculate_ma:133 | 计算 10 日移动平均线完成
2026-03-27 16:31:07 | INFO     | src.core.data_fetcher:save_data:452 | 数据保存成功: ./data\002025_with_indicators.csv
2026-03-27 16:31:07 | INFO     | src.indicators.technical_indicators:calculate_macd:263 | 计算MACD完成：快线=12, 慢线=26, 信号线=12
2026-03-27 16:31:07 | INFO     | src.indicators.technical_indicators:calculate_ma:133 | 计算 60 日移动平均线完成
2026-03-27 16:31:07 | INFO     | src.workflow.technical:_process_single_stock:45 |   股票 688333 信号判断完成: 持有 (得分: 0.151)
2026-03-27 16:31:07 | INFO     | src.indicators.technical_indicators:calculate_ma:133 | 计算 20 日移动平均线完成
2026-03-27 16:31:07 | INFO     | src.workflow.base:calculate_signals:224 | 对股票 002025 进行信号判断
2026-03-27 16:31:07 | INFO     | src.core.data_fetcher:save_data:452 | 数据保存成功: ./data\002405_with_indicators.csv
2026-03-27 16:31:07 | INFO     | src.indicators.technical_indicators:calculate_boll:303 | 计算布林带完成：周期=20, 标准差倍数=2
2026-03-27 16:31:07 | INFO     | src.indicators.technical_indicators:calculate_ma:133 | 计算 120 日移动平均线完成
2026-03-27 16:31:07 | INFO     | src.workflow.base:calculate_technical_indicators:188 | 计算股票 603236 的技术指标
2026-03-27 16:31:07 | INFO     | src.indicators.technical_indicators:calculate_ma:133 | 计算 30 日移动平均线完成
2026-03-27 16:31:07 | INFO     | src.workflow.base:calculate_signals:224 | 对股票 002405 进行信号判断
2026-03-27 16:31:07 | INFO     | src.core.data_fetcher:save_data:432 | 保存数据到 csv 文件: 002025_signals
2026-03-27 16:31:07 | INFO     | src.indicators.technical_indicators:calculate_ma:133 | 计算 250 日移动平均线完成
2026-03-27 16:31:07 | INFO     | src.indicators.technical_indicators:calculate_kdj:350 | 计算KDJ完成：K周期=9, D周期=3, J周期=3
2026-03-27 16:31:07 | INFO     | src.indicators.technical_indicators:calculate_ma:133 | 计算 5 日移动平均线完成
2026-03-27 16:31:07 | INFO     | src.indicators.technical_indicators:calculate_ma:133 | 计算 60 日移动平均线完成
2026-03-27 16:31:07 | INFO     | src.core.data_fetcher:save_data:432 | 保存数据到 csv 文件: 002405_signals
2026-03-27 16:31:07 | INFO     | src.indicators.technical_indicators:calculate_sma:157 | 计算 5 日简单移动平均线完成
2026-03-27 16:31:07 | INFO     | src.core.data_fetcher:save_data:452 | 数据保存成功: ./data\002025_signals.csv
2026-03-27 16:31:07 | INFO     | src.indicators.technical_indicators:calculate_ma:133 | 计算 10 日移动平均线完成
2026-03-27 16:31:07 | INFO     | src.indicators.technical_indicators:calculate_kdj:350 | 计算KDJ完成：K周期=10, D周期=3, J周期=3
2026-03-27 16:31:07 | INFO     | src.indicators.technical_indicators:calculate_ma:133 | 计算 120 日移动平均线完成
2026-03-27 16:31:07 | INFO     | src.indicators.technical_indicators:calculate_sma:157 | 计算 10 日简单移动平均线完成
2026-03-27 16:31:07 | INFO     | src.workflow.technical:_process_single_stock:45 |   股票 002025 信号判断完成: 卖出 (得分: -0.320)
2026-03-27 16:31:07 | INFO     | src.core.data_fetcher:save_data:452 | 数据保存成功: ./data\002405_signals.csv
2026-03-27 16:31:07 | INFO     | src.indicators.technical_indicators:calculate_ma:133 | 计算 20 日移动平均线完成
2026-03-27 16:31:07 | INFO     | src.indicators.technical_indicators:calculate_ma:133 | 计算 250 日移动平均线完成
2026-03-27 16:31:07 | INFO     | src.indicators.technical_indicators:calculate_sma:157 | 计算 20 日简单移动平均线完成
2026-03-27 16:31:07 | INFO     | src.indicators.technical_indicators:calculate_atr:385 | 计算 10 日ATR完成
2026-03-27 16:31:07 | INFO     | src.workflow.base:calculate_technical_indicators:188 | 计算股票 688387 的技术指标
2026-03-27 16:31:07 | INFO     | src.workflow.technical:_process_single_stock:45 |   股票 002405 信号判断完成: 持有 (得分: 0.165)
2026-03-27 16:31:07 | INFO     | src.indicators.technical_indicators:calculate_ma:133 | 计算 30 日移动平均线完成
2026-03-27 16:31:07 | INFO     | src.indicators.technical_indicators:calculate_sma:157 | 计算 5 日简单移动平均线完成
2026-03-27 16:31:07 | INFO     | src.indicators.technical_indicators:calculate_sma:157 | 计算 30 日简单移动平均线完成
2026-03-27 16:31:07 | INFO     | src.workflow.base:calculate_technical_indicators:188 | 计算股票 300053 的技术指标
2026-03-27 16:31:07 | INFO     | src.indicators.technical_indicators:calculate_ma:133 | 计算 5 日移动平均线完成
2026-03-27 16:31:08 | ERROR    | src.notify.channels.base:send:80 | NtfyChannel 发送异常 (尝试 1/3): HTTPSConnectionPool(host='ntfy.sh', port=443): Max retries exceeded with url: /process-notify-001 (Caused by SSLError(SSLEOFError(8, 'EOF occurred in violation of protocol (_ssl.c:997)')))
2026-03-27 16:31:08 | INFO     | src.indicators.technical_indicators:calculate_cci:446 | 计算 20 日CCI完成
2026-03-27 16:31:08 | INFO     | src.indicators.technical_indicators:calculate_ma:133 | 计算 60 日移动平均线完成
2026-03-27 16:31:08 | INFO     | src.indicators.technical_indicators:calculate_sma:157 | 计算 10 日简单移动平均线完成
2026-03-27 16:31:08 | INFO     | src.indicators.technical_indicators:calculate_sma:157 | 计算 60 日简单移动平均线完成
2026-03-27 16:31:08 | INFO     | src.indicators.technical_indicators:calculate_ma:133 | 计算 5 日移动平均线完成
2026-03-27 16:31:08 | INFO     | src.indicators.technical_indicators:calculate_ma:133 | 计算 10 日移动平均线完成
2026-03-27 16:31:08 | INFO     | src.indicators.technical_indicators:calculate_williams_r:476 | 计算 10 日威廉指标完成
2026-03-27 16:31:08 | INFO     | src.indicators.technical_indicators:calculate_ma:133 | 计算 120 日移动平均线完成
2026-03-27 16:31:08 | INFO     | src.indicators.technical_indicators:calculate_sma:157 | 计算 20 日简单移动平均线完成
2026-03-27 16:31:08 | INFO     | src.indicators.technical_indicators:calculate_sma:157 | 计算 120 日简单移动平均线完成
2026-03-27 16:31:08 | INFO     | src.indicators.technical_indicators:calculate_ma:133 | 计算 10 日移动平均线完成
2026-03-27 16:31:08 | INFO     | src.indicators.technical_indicators:calculate_ma:133 | 计算 20 日移动平均线完成
2026-03-27 16:31:08 | INFO     | src.indicators.technical_indicators:calculate_ma:133 | 计算 5 日移动平均线完成
2026-03-27 16:31:08 | INFO     | src.indicators.technical_indicators:calculate_ma:133 | 计算 250 日移动平均线完成
2026-03-27 16:31:08 | INFO     | src.indicators.technical_indicators:calculate_sma:157 | 计算 30 日简单移动平均线完成
2026-03-27 16:31:08 | INFO     | src.indicators.technical_indicators:calculate_sma:157 | 计算 250 日简单移动平均线完成
2026-03-27 16:31:08 | INFO     | src.indicators.technical_indicators:calculate_ma:133 | 计算 20 日移动平均线完成
2026-03-27 16:31:08 | INFO     | src.indicators.technical_indicators:calculate_ma:133 | 计算 30 日移动平均线完成
2026-03-27 16:31:08 | INFO     | src.indicators.technical_indicators:calculate_bias:500 | 计算 5 日乖离率完成
2026-03-27 16:31:08 | INFO     | src.indicators.technical_indicators:calculate_sma:157 | 计算 5 日简单移动平均线完成
2026-03-27 16:31:08 | INFO     | src.indicators.technical_indicators:calculate_sma:157 | 计算 60 日简单移动平均线完成
2026-03-27 16:31:08 | INFO     | src.indicators.technical_indicators:calculate_ema:182 | 计算 12 日指数移动平均线完成
2026-03-27 16:31:08 | INFO     | src.indicators.technical_indicators:calculate_ma:133 | 计算 30 日移动平均线完成
2026-03-27 16:31:08 | INFO     | src.indicators.technical_indicators:calculate_ma:133 | 计算 60 日移动平均线完成
2026-03-27 16:31:08 | INFO     | src.indicators.technical_indicators:calculate_ma:133 | 计算 10 日移动平均线完成
2026-03-27 16:31:08 | INFO     | src.indicators.technical_indicators:calculate_sma:157 | 计算 10 日简单移动平均线完成
2026-03-27 16:31:08 | INFO     | src.indicators.technical_indicators:calculate_sma:157 | 计算 120 日简单移动平均线完成
2026-03-27 16:31:08 | INFO     | src.indicators.technical_indicators:calculate_ema:182 | 计算 26 日指数移动平均线完成
2026-03-27 16:31:08 | INFO     | src.indicators.technical_indicators:calculate_ma:133 | 计算 60 日移动平均线完成
2026-03-27 16:31:08 | INFO     | src.indicators.technical_indicators:calculate_ma:133 | 计算 120 日移动平均线完成
2026-03-27 16:31:08 | INFO     | src.indicators.technical_indicators:calculate_bias:500 | 计算 10 日乖离率完成
2026-03-27 16:31:08 | INFO     | src.indicators.technical_indicators:calculate_sma:157 | 计算 20 日简单移动平均线完成
2026-03-27 16:31:08 | INFO     | src.indicators.technical_indicators:calculate_sma:157 | 计算 250 日简单移动平均线完成
2026-03-27 16:31:08 | INFO     | src.indicators.technical_indicators:calculate_rsi:221 | 计算 6 日RSI完成
2026-03-27 16:31:08 | INFO     | src.indicators.technical_indicators:calculate_ma:133 | 计算 120 日移动平均线完成
2026-03-27 16:31:08 | INFO     | src.indicators.technical_indicators:calculate_ma:133 | 计算 250 日移动平均线完成
2026-03-27 16:31:08 | INFO     | src.indicators.technical_indicators:calculate_ma:133 | 计算 20 日移动平均线完成
2026-03-27 16:31:08 | INFO     | src.indicators.technical_indicators:calculate_sma:157 | 计算 30 日简单移动平均线完成
2026-03-27 16:31:08 | INFO     | src.indicators.technical_indicators:calculate_ema:182 | 计算 12 日指数移动平均线完成
2026-03-27 16:31:08 | INFO     | src.indicators.technical_indicators:calculate_rsi:221 | 计算 12 日RSI完成
2026-03-27 16:31:08 | INFO     | src.indicators.technical_indicators:calculate_ma:133 | 计算 250 日移动平均线完成
2026-03-27 16:31:08 | INFO     | src.indicators.technical_indicators:calculate_sma:157 | 计算 5 日简单移动平均线完成
2026-03-27 16:31:08 | INFO     | src.indicators.technical_indicators:calculate_bias:500 | 计算 20 日乖离率完成
2026-03-27 16:31:08 | INFO     | src.indicators.technical_indicators:calculate_sma:157 | 计算 60 日简单移动平均线完成
2026-03-27 16:31:08 | INFO     | src.indicators.technical_indicators:calculate_ema:182 | 计算 26 日指数移动平均线完成
2026-03-27 16:31:08 | INFO     | src.indicators.technical_indicators:calculate_rsi:221 | 计算 24 日RSI完成
2026-03-27 16:31:08 | INFO     | src.indicators.technical_indicators:calculate_sma:157 | 计算 5 日简单移动平均线完成
2026-03-27 16:31:08 | INFO     | src.indicators.technical_indicators:calculate_sma:157 | 计算 10 日简单移动平均线完成
2026-03-27 16:31:08 | INFO     | src.indicators.technical_indicators:calculate_ma:133 | 计算 30 日移动平均线完成
2026-03-27 16:31:08 | INFO     | src.indicators.technical_indicators:calculate_sma:157 | 计算 120 日简单移动平均线完成
2026-03-27 16:31:08 | INFO     | src.indicators.technical_indicators:calculate_rsi:221 | 计算 6 日RSI完成
2026-03-27 16:31:08 | INFO     | src.indicators.technical_indicators:calculate_macd:263 | 计算MACD完成：快线=12, 慢线=26, 信号线=9
2026-03-27 16:31:08 | INFO     | src.indicators.technical_indicators:calculate_sma:157 | 计算 10 日简单移动平均线完成
2026-03-27 16:31:08 | INFO     | src.indicators.technical_indicators:calculate_sma:157 | 计算 20 日简单移动平均线完成
2026-03-27 16:31:08 | INFO     | src.indicators.technical_indicators:calculate_bias:500 | 计算 30 日乖离率完成
2026-03-27 16:31:08 | INFO     | src.indicators.technical_indicators:calculate_sma:157 | 计算 250 日简单移动平均线完成
2026-03-27 16:31:08 | INFO     | src.indicators.technical_indicators:calculate_rsi:221 | 计算 12 日RSI完成
2026-03-27 16:31:08 | INFO     | src.indicators.technical_indicators:calculate_macd:263 | 计算MACD完成：快线=12, 慢线=26, 信号线=12
2026-03-27 16:31:08 | INFO     | src.indicators.technical_indicators:calculate_sma:157 | 计算 20 日简单移动平均线完成
2026-03-27 16:31:08 | INFO     | src.indicators.technical_indicators:calculate_sma:157 | 计算 30 日简单移动平均线完成
2026-03-27 16:31:08 | INFO     | src.indicators.technical_indicators:calculate_ma:133 | 计算 60 日移动平均线完成
2026-03-27 16:31:08 | INFO     | src.indicators.technical_indicators:calculate_ema:182 | 计算 12 日指数移动平均线完成
2026-03-27 16:31:08 | INFO     | src.indicators.technical_indicators:calculate_rsi:221 | 计算 24 日RSI完成
2026-03-27 16:31:08 | INFO     | src.indicators.technical_indicators:calculate_boll:303 | 计算布林带完成：周期=20, 标准差倍数=2
2026-03-27 16:31:08 | INFO     | src.indicators.technical_indicators:calculate_sma:157 | 计算 30 日简单移动平均线完成
2026-03-27 16:31:08 | INFO     | src.indicators.technical_indicators:calculate_sma:157 | 计算 60 日简单移动平均线完成
2026-03-27 16:31:08 | INFO     | src.indicators.technical_indicators:calculate_bias:500 | 计算 60 日乖离率完成
2026-03-27 16:31:08 | INFO     | src.indicators.technical_indicators:calculate_ema:182 | 计算 26 日指数移动平均线完成
2026-03-27 16:31:08 | INFO     | src.indicators.technical_indicators:calculate_macd:263 | 计算MACD完成：快线=12, 慢线=26, 信号线=9
2026-03-27 16:31:08 | INFO     | src.indicators.technical_indicators:calculate_sma:157 | 计算 60 日简单移动平均线完成
2026-03-27 16:31:08 | INFO     | src.indicators.technical_indicators:calculate_kdj:350 | 计算KDJ完成：K周期=9, D周期=3, J周期=3
2026-03-27 16:31:08 | INFO     | src.indicators.technical_indicators:calculate_sma:157 | 计算 120 日简单移动平均线完成
2026-03-27 16:31:08 | INFO     | src.indicators.technical_indicators:calculate_ma:133 | 计算 120 日移动平均线完成
2026-03-27 16:31:08 | INFO     | src.indicators.technical_indicators:calculate_macd:263 | 计算MACD完成：快线=12, 慢线=26, 信号线=12
2026-03-27 16:31:08 | INFO     | src.indicators.technical_indicators:calculate_rsi:221 | 计算 6 日RSI完成
2026-03-27 16:31:08 | INFO     | src.indicators.technical_indicators:calculate_sma:157 | 计算 120 日简单移动平均线完成
2026-03-27 16:31:08 | INFO     | src.indicators.technical_indicators:calculate_bias:500 | 计算 120 日乖离率完成
2026-03-27 16:31:08 | INFO     | src.indicators.technical_indicators:calculate_sma:157 | 计算 250 日简单移动平均线完成
2026-03-27 16:31:08 | INFO     | src.indicators.technical_indicators:calculate_kdj:350 | 计算KDJ完成：K周期=10, D周期=3, J周期=3
2026-03-27 16:31:08 | INFO     | src.indicators.technical_indicators:calculate_boll:303 | 计算布林带完成：周期=20, 标准差倍数=2
2026-03-27 16:31:08 | INFO     | src.indicators.technical_indicators:calculate_rsi:221 | 计算 12 日RSI完成
2026-03-27 16:31:08 | INFO     | src.indicators.technical_indicators:calculate_sma:157 | 计算 250 日简单移动平均线完成
2026-03-27 16:31:08 | INFO     | src.indicators.technical_indicators:calculate_ma:133 | 计算 250 日移动平均线完成
2026-03-27 16:31:08 | INFO     | src.indicators.technical_indicators:calculate_ema:182 | 计算 12 日指数移动平均线完成
2026-03-27 16:31:08 | INFO     | src.indicators.technical_indicators:calculate_atr:385 | 计算 10 日ATR完成
2026-03-27 16:31:08 | INFO     | src.indicators.technical_indicators:calculate_kdj:350 | 计算KDJ完成：K周期=9, D周期=3, J周期=3
2026-03-27 16:31:08 | INFO     | src.indicators.technical_indicators:calculate_rsi:221 | 计算 24 日RSI完成
2026-03-27 16:31:08 | INFO     | src.indicators.technical_indicators:calculate_ema:182 | 计算 12 日指数移动平均线完成
2026-03-27 16:31:08 | INFO     | src.indicators.technical_indicators:calculate_bias:500 | 计算 250 日乖离率完成
2026-03-27 16:31:08 | INFO     | src.indicators.technical_indicators:calculate_ema:182 | 计算 26 日指数移动平均线完成
2026-03-27 16:31:08 | INFO     | src.indicators.technical_indicators:calculate_kdj:350 | 计算KDJ完成：K周期=10, D周期=3, J周期=3
2026-03-27 16:31:08 | INFO     | src.indicators.technical_indicators:calculate_macd:263 | 计算MACD完成：快线=12, 慢线=26, 信号线=9
2026-03-27 16:31:08 | INFO     | src.indicators.technical_indicators:calculate_ema:182 | 计算 26 日指数移动平均线完成
2026-03-27 16:31:08 | INFO     | src.indicators.technical_indicators:calculate_psy:523 | 计算 10 日心理线完成
2026-03-27 16:31:08 | INFO     | src.indicators.technical_indicators:calculate_cci:446 | 计算 20 日CCI完成
2026-03-27 16:31:08 | INFO     | src.indicators.technical_indicators:calculate_rsi:221 | 计算 6 日RSI完成
2026-03-27 16:31:08 | INFO     | src.indicators.technical_indicators:calculate_atr:385 | 计算 10 日ATR完成
2026-03-27 16:31:08 | INFO     | src.indicators.technical_indicators:calculate_macd:263 | 计算MACD完成：快线=12, 慢线=26, 信号线=12
2026-03-27 16:31:08 | WARNING  | src.indicators.technical_indicators:calculate_all:635 | 未知的指标类型: rsv_period
2026-03-27 16:31:08 | INFO     | src.indicators.technical_indicators:calculate_rsi:221 | 计算 6 日RSI完成
2026-03-27 16:31:08 | INFO     | src.indicators.technical_indicators:calculate_williams_r:476 | 计算 10 日威廉指标完成
2026-03-27 16:31:08 | INFO     | src.indicators.technical_indicators:calculate_rsi:221 | 计算 12 日RSI完成
2026-03-27 16:31:08 | WARNING  | src.indicators.technical_indicators:calculate_all:635 | 未知的指标类型: volume_period
2026-03-27 16:31:08 | INFO     | src.indicators.technical_indicators:calculate_boll:303 | 计算布林带完成：周期=20, 标准差倍数=2
2026-03-27 16:31:08 | INFO     | src.indicators.technical_indicators:calculate_rsi:221 | 计算 12 日RSI完成
2026-03-27 16:31:08 | INFO     | src.indicators.technical_indicators:calculate_ma:133 | 计算 5 日移动平均线完成
2026-03-27 16:31:08 | INFO     | src.indicators.technical_indicators:calculate_all:640 | 完成计算 45 个技术指标
2026-03-27 16:31:08 | INFO     | src.indicators.technical_indicators:calculate_rsi:221 | 计算 24 日RSI完成
2026-03-27 16:31:08 | ERROR    | src.notify.channels.base:send:80 | NtfyChannel 发送异常 (尝试 2/3): ('Connection aborted.', ConnectionAbortedError(10053, '你的主机中的软件中止了一个已建立的连接。', None, 10053, None))
2026-03-27 16:31:08 | INFO     | src.indicators.technical_indicators:calculate_cci:446 | 计算 20 日CCI完成
2026-03-27 16:31:08 | INFO     | src.indicators.technical_indicators:calculate_rsi:221 | 计算 24 日RSI完成
2026-03-27 16:31:08 | INFO     | src.indicators.technical_indicators:calculate_kdj:350 | 计算KDJ完成：K周期=9, D周期=3, J周期=3
2026-03-27 16:31:09 | INFO     | src.indicators.technical_indicators:calculate_bias:500 | 计算 5 日乖离率完成
2026-03-27 16:31:09 | INFO     | src.indicators.technical_indicators:calculate_macd:263 | 计算MACD完成：快线=12, 慢线=26, 信号线=9
2026-03-27 16:31:09 | INFO     | src.indicators.technical_indicators:calculate_williams_r:476 | 计算 10 日威廉指标完成
2026-03-27 16:31:09 | INFO     | src.indicators.technical_indicators:calculate_ma:133 | 计算 10 日移动平均线完成
2026-03-27 16:31:09 | INFO     | src.indicators.technical_indicators:calculate_macd:263 | 计算MACD完成：快线=12, 慢线=26, 信号线=9
2026-03-27 16:31:09 | INFO     | src.indicators.technical_indicators:calculate_kdj:350 | 计算KDJ完成：K周期=10, D周期=3, J周期=3
2026-03-27 16:31:09 | INFO     | src.indicators.technical_indicators:calculate_macd:263 | 计算MACD完成：快线=12, 慢线=26, 信号线=12
2026-03-27 16:31:09 | INFO     | src.indicators.technical_indicators:calculate_ma:133 | 计算 5 日移动平均线完成
2026-03-27 16:31:09 | INFO     | src.indicators.technical_indicators:calculate_bias:500 | 计算 10 日乖离率完成
2026-03-27 16:31:09 | INFO     | src.indicators.technical_indicators:calculate_macd:263 | 计算MACD完成：快线=12, 慢线=26, 信号线=12
2026-03-27 16:31:09 | INFO     | src.indicators.technical_indicators:calculate_atr:385 | 计算 10 日ATR完成
2026-03-27 16:31:09 | INFO     | src.core.data_fetcher:save_data:432 | 保存数据到 csv 文件: 300036_with_indicators
2026-03-27 16:31:09 | INFO     | src.indicators.technical_indicators:calculate_boll:303 | 计算布林带完成：周期=20, 标准差倍数=2
2026-03-27 16:31:09 | INFO     | src.indicators.technical_indicators:calculate_bias:500 | 计算 5 日乖离率完成
2026-03-27 16:31:09 | INFO     | src.indicators.technical_indicators:calculate_ma:133 | 计算 20 日移动平均线完成
2026-03-27 16:31:09 | INFO     | src.indicators.technical_indicators:calculate_boll:303 | 计算布林带完成：周期=20, 标准差倍数=2
2026-03-27 16:31:09 | INFO     | src.indicators.technical_indicators:calculate_ma:133 | 计算 10 日移动平均线完成
2026-03-27 16:31:09 | INFO     | src.indicators.technical_indicators:calculate_bias:500 | 计算 20 日乖离率完成
2026-03-27 16:31:09 | INFO     | src.indicators.technical_indicators:calculate_kdj:350 | 计算KDJ完成：K周期=9, D周期=3, J周期=3
2026-03-27 16:31:09 | INFO     | src.indicators.technical_indicators:calculate_cci:446 | 计算 20 日CCI完成
2026-03-27 16:31:09 | INFO     | src.indicators.technical_indicators:calculate_bias:500 | 计算 10 日乖离率完成
2026-03-27 16:31:09 | INFO     | src.indicators.technical_indicators:calculate_kdj:350 | 计算KDJ完成：K周期=9, D周期=3, J周期=3
2026-03-27 16:31:09 | INFO     | src.indicators.technical_indicators:calculate_ma:133 | 计算 30 日移动平均线完成
2026-03-27 16:31:09 | INFO     | src.indicators.technical_indicators:calculate_kdj:350 | 计算KDJ完成：K周期=10, D周期=3, J周期=3
2026-03-27 16:31:09 | INFO     | src.indicators.technical_indicators:calculate_ma:133 | 计算 20 日移动平均线完成
2026-03-27 16:31:09 | INFO     | src.indicators.technical_indicators:calculate_williams_r:476 | 计算 10 日威廉指标完成
2026-03-27 16:31:09 | INFO     | src.indicators.technical_indicators:calculate_bias:500 | 计算 30 日乖离率完成
2026-03-27 16:31:09 | INFO     | src.indicators.technical_indicators:calculate_kdj:350 | 计算KDJ完成：K周期=10, D周期=3, J周期=3
2026-03-27 16:31:09 | INFO     | src.indicators.technical_indicators:calculate_bias:500 | 计算 20 日乖离率完成
2026-03-27 16:31:09 | INFO     | src.indicators.technical_indicators:calculate_atr:385 | 计算 10 日ATR完成
2026-03-27 16:31:09 | INFO     | src.indicators.technical_indicators:calculate_ma:133 | 计算 5 日移动平均线完成
2026-03-27 16:31:09 | INFO     | src.indicators.technical_indicators:calculate_ma:133 | 计算 60 日移动平均线完成
2026-03-27 16:31:09 | INFO     | src.indicators.technical_indicators:calculate_atr:385 | 计算 10 日ATR完成
2026-03-27 16:31:09 | INFO     | src.indicators.technical_indicators:calculate_ma:133 | 计算 30 日移动平均线完成
2026-03-27 16:31:09 | INFO     | src.indicators.technical_indicators:calculate_bias:500 | 计算 5 日乖离率完成
2026-03-27 16:31:09 | INFO     | src.indicators.technical_indicators:calculate_bias:500 | 计算 60 日乖离率完成
2026-03-27 16:31:09 | ERROR    | src.notify.channels.base:send:80 | NtfyChannel 发送异常 (尝试 2/3): HTTPSConnectionPool(host='ntfy.sh', port=443): Max retries exceeded with url: /process-notify-001 (Caused by SSLError(SSLEOFError(8, 'EOF occurred in violation of protocol (_ssl.c:997)')))
2026-03-27 16:31:09 | INFO     | src.indicators.technical_indicators:calculate_cci:446 | 计算 20 日CCI完成
2026-03-27 16:31:09 | INFO     | src.indicators.technical_indicators:calculate_bias:500 | 计算 30 日乖离率完成
2026-03-27 16:31:09 | INFO     | src.indicators.technical_indicators:calculate_ma:133 | 计算 10 日移动平均线完成
2026-03-27 16:31:09 | INFO     | src.indicators.technical_indicators:calculate_ma:133 | 计算 120 日移动平均线完成
2026-03-27 16:31:09 | INFO     | src.core.data_fetcher:save_data:452 | 数据保存成功: ./data\300036_with_indicators.csv
2026-03-27 16:31:09 | INFO     | src.indicators.technical_indicators:calculate_cci:446 | 计算 20 日CCI完成
2026-03-27 16:31:09 | INFO     | src.indicators.technical_indicators:calculate_williams_r:476 | 计算 10 日威廉指标完成
2026-03-27 16:31:09 | INFO     | src.indicators.technical_indicators:calculate_bias:500 | 计算 10 日乖离率完成
2026-03-27 16:31:09 | INFO     | src.indicators.technical_indicators:calculate_ma:133 | 计算 60 日移动平均线完成
2026-03-27 16:31:09 | INFO     | src.indicators.technical_indicators:calculate_bias:500 | 计算 120 日乖离率完成
2026-03-27 16:31:09 | INFO     | src.workflow.base:calculate_signals:224 | 对股票 300036 进行信号判断
2026-03-27 16:31:09 | INFO     | src.indicators.technical_indicators:calculate_williams_r:476 | 计算 10 日威廉指标完成
2026-03-27 16:31:09 | INFO     | src.indicators.technical_indicators:calculate_ma:133 | 计算 5 日移动平均线完成
2026-03-27 16:31:09 | INFO     | src.indicators.technical_indicators:calculate_ma:133 | 计算 20 日移动平均线完成
2026-03-27 16:31:09 | INFO     | src.indicators.technical_indicators:calculate_bias:500 | 计算 60 日乖离率完成
2026-03-27 16:31:09 | INFO     | src.indicators.technical_indicators:calculate_ma:133 | 计算 250 日移动平均线完成
2026-03-27 16:31:09 | INFO     | src.indicators.technical_indicators:calculate_ma:133 | 计算 5 日移动平均线完成
2026-03-27 16:31:09 | INFO     | src.indicators.technical_indicators:calculate_bias:500 | 计算 5 日乖离率完成
2026-03-27 16:31:09 | INFO     | src.core.data_fetcher:save_data:432 | 保存数据到 csv 文件: 300036_signals
2026-03-27 16:31:09 | INFO     | src.indicators.technical_indicators:calculate_bias:500 | 计算 20 日乖离率完成
2026-03-27 16:31:09 | INFO     | src.indicators.technical_indicators:calculate_ma:133 | 计算 120 日移动平均线完成
2026-03-27 16:31:09 | INFO     | src.indicators.technical_indicators:calculate_bias:500 | 计算 250 日乖离率完成
2026-03-27 16:31:09 | INFO     | src.indicators.technical_indicators:calculate_bias:500 | 计算 5 日乖离率完成
2026-03-27 16:31:09 | INFO     | src.indicators.technical_indicators:calculate_ma:133 | 计算 10 日移动平均线完成
2026-03-27 16:31:09 | INFO     | src.indicators.technical_indicators:calculate_bias:500 | 计算 120 日乖离率完成
2026-03-27 16:31:09 | INFO     | src.indicators.technical_indicators:calculate_ma:133 | 计算 30 日移动平均线完成
2026-03-27 16:31:10 | INFO     | src.indicators.technical_indicators:calculate_psy:523 | 计算 10 日心理线完成
2026-03-27 16:31:10 | INFO     | src.core.data_fetcher:save_data:452 | 数据保存成功: ./data\300036_signals.csv
2026-03-27 16:31:10 | INFO     | src.indicators.technical_indicators:calculate_bias:500 | 计算 10 日乖离率完成
2026-03-27 16:31:10 | INFO     | src.indicators.technical_indicators:calculate_ma:133 | 计算 10 日移动平均线完成
2026-03-27 16:31:10 | INFO     | src.indicators.technical_indicators:calculate_ma:133 | 计算 250 日移动平均线完成
2026-03-27 16:31:10 | INFO     | src.indicators.technical_indicators:calculate_bias:500 | 计算 30 日乖离率完成
2026-03-27 16:31:10 | WARNING  | src.indicators.technical_indicators:calculate_all:635 | 未知的指标类型: rsv_period
2026-03-27 16:31:10 | INFO     | src.workflow.technical:_process_single_stock:45 |   股票 300036 信号判断完成: 持有 (得分: 0.143)
2026-03-27 16:31:10 | INFO     | src.indicators.technical_indicators:calculate_ma:133 | 计算 20 日移动平均线完成
2026-03-27 16:31:10 | INFO     | src.indicators.technical_indicators:calculate_bias:500 | 计算 10 日乖离率完成
2026-03-27 16:31:10 | INFO     | src.indicators.technical_indicators:calculate_bias:500 | 计算 250 日乖离率完成
2026-03-27 16:31:10 | INFO     | src.indicators.technical_indicators:calculate_ma:133 | 计算 60 日移动平均线完成
2026-03-27 16:31:10 | WARNING  | src.indicators.technical_indicators:calculate_all:635 | 未知的指标类型: volume_period
2026-03-27 16:31:10 | INFO     | src.workflow.base:calculate_technical_indicators:188 | 计算股票 688521 的技术指标
2026-03-27 16:31:10 | INFO     | src.indicators.technical_indicators:calculate_bias:500 | 计算 20 日乖离率完成
2026-03-27 16:31:10 | INFO     | src.indicators.technical_indicators:calculate_ma:133 | 计算 20 日移动平均线完成
2026-03-27 16:31:10 | INFO     | src.indicators.technical_indicators:calculate_psy:523 | 计算 10 日心理线完成
2026-03-27 16:31:10 | INFO     | src.indicators.technical_indicators:calculate_bias:500 | 计算 60 日乖离率完成
2026-03-27 16:31:10 | INFO     | src.indicators.technical_indicators:calculate_all:640 | 完成计算 45 个技术指标
2026-03-27 16:31:10 | INFO     | src.indicators.technical_indicators:calculate_ma:133 | 计算 5 日移动平均线完成
2026-03-27 16:31:10 | INFO     | src.indicators.technical_indicators:calculate_ma:133 | 计算 30 日移动平均线完成
2026-03-27 16:31:10 | INFO     | src.indicators.technical_indicators:calculate_bias:500 | 计算 20 日乖离率完成
2026-03-27 16:31:10 | WARNING  | src.indicators.technical_indicators:calculate_all:635 | 未知的指标类型: rsv_period
2026-03-27 16:31:10 | INFO     | src.indicators.technical_indicators:calculate_ma:133 | 计算 120 日移动平均线完成
2026-03-27 16:31:10 | INFO     | src.indicators.technical_indicators:calculate_ma:133 | 计算 10 日移动平均线完成
2026-03-27 16:31:10 | INFO     | src.indicators.technical_indicators:calculate_bias:500 | 计算 30 日乖离率完成
2026-03-27 16:31:10 | INFO     | src.indicators.technical_indicators:calculate_ma:133 | 计算 30 日移动平均线完成
2026-03-27 16:31:10 | WARNING  | src.indicators.technical_indicators:calculate_all:635 | 未知的指标类型: volume_period
2026-03-27 16:31:10 | INFO     | src.indicators.technical_indicators:calculate_bias:500 | 计算 120 日乖离率完成
2026-03-27 16:31:10 | INFO     | src.indicators.technical_indicators:calculate_ma:133 | 计算 20 日移动平均线完成
2026-03-27 16:31:10 | INFO     | src.core.data_fetcher:save_data:432 | 保存数据到 csv 文件: 002465_with_indicators
2026-03-27 16:31:10 | INFO     | src.indicators.technical_indicators:calculate_ma:133 | 计算 60 日移动平均线完成
2026-03-27 16:31:10 | INFO     | src.indicators.technical_indicators:calculate_bias:500 | 计算 30 日乖离率完成
2026-03-27 16:31:10 | INFO     | src.indicators.technical_indicators:calculate_all:640 | 完成计算 45 个技术指标
2026-03-27 16:31:10 | INFO     | src.indicators.technical_indicators:calculate_ma:133 | 计算 250 日移动平均线完成
2026-03-27 16:31:10 | INFO     | src.indicators.technical_indicators:calculate_ma:133 | 计算 30 日移动平均线完成
2026-03-27 16:31:10 | INFO     | src.indicators.technical_indicators:calculate_bias:500 | 计算 60 日乖离率完成
2026-03-27 16:31:10 | INFO     | src.indicators.technical_indicators:calculate_ma:133 | 计算 60 日移动平均线完成
2026-03-27 16:31:10 | INFO     | src.indicators.technical_indicators:calculate_bias:500 | 计算 250 日乖离率完成
2026-03-27 16:31:10 | INFO     | src.indicators.technical_indicators:calculate_ma:133 | 计算 60 日移动平均线完成
2026-03-27 16:31:10 | ERROR    | src.notify.channels.base:send:80 | NtfyChannel 发送异常 (尝试 3/3): HTTPSConnectionPool(host='ntfy.sh', port=443): Max retries exceeded with url: /process-notify-001 (Caused by SSLError(SSLEOFError(8, 'EOF occurred in violation of protocol (_ssl.c:997)')))
2026-03-27 16:31:10 | INFO     | src.indicators.technical_indicators:calculate_bias:500 | 计算 60 日乖离率完成
2026-03-27 16:31:10 | INFO     | src.indicators.technical_indicators:calculate_ma:133 | 计算 120 日移动平均线完成
2026-03-27 16:31:10 | INFO     | src.indicators.technical_indicators:calculate_psy:523 | 计算 10 日心理线完成
2026-03-27 16:31:10 | INFO     | src.indicators.technical_indicators:calculate_ma:133 | 计算 120 日移动平均线完成
2026-03-27 16:31:10 | INFO     | src.indicators.technical_indicators:calculate_ma:133 | 计算 120 日移动平均线完成
2026-03-27 16:31:10 | INFO     | src.core.data_fetcher:save_data:432 | 保存数据到 csv 文件: 300136_with_indicators
2026-03-27 16:31:10 | INFO     | src.notify.channels.markdown:_do_send:75 | Markdown 文件已保存: ./notify_logs\notify_20260327_163110.md
2026-03-27 16:31:10 | INFO     | src.indicators.technical_indicators:calculate_bias:500 | 计算 120 日乖离率完成
2026-03-27 16:31:10 | WARNING  | src.indicators.technical_indicators:calculate_all:635 | 未知的指标类型: rsv_period
2026-03-27 16:31:10 | INFO     | src.indicators.technical_indicators:calculate_ma:133 | 计算 250 日移动平均线完成
2026-03-27 16:31:10 | INFO     | src.indicators.technical_indicators:calculate_bias:500 | 计算 120 日乖离率完成
2026-03-27 16:31:10 | WARNING  | src.indicators.technical_indicators:calculate_all:635 | 未知的指标类型: volume_period
2026-03-27 16:31:10 | INFO     | src.workflow.base:calculate_technical_indicators:188 | 计算股票 300045 的技术指标
2026-03-27 16:31:10 | INFO     | src.indicators.technical_indicators:calculate_ma:133 | 计算 250 日移动平均线完成
2026-03-27 16:31:10 | INFO     | src.indicators.technical_indicators:calculate_sma:157 | 计算 5 日简单移动平均线完成
2026-03-27 16:31:10 | INFO     | src.indicators.technical_indicators:calculate_all:640 | 完成计算 45 个技术指标
2026-03-27 16:31:10 | INFO     | src.indicators.technical_indicators:calculate_ma:133 | 计算 250 日移动平均线完成
2026-03-27 16:31:10 | INFO     | src.indicators.technical_indicators:calculate_ma:133 | 计算 5 日移动平均线完成
2026-03-27 16:31:10 | INFO     | src.indicators.technical_indicators:calculate_bias:500 | 计算 250 日乖离率完成
2026-03-27 16:31:10 | INFO     | src.indicators.technical_indicators:calculate_sma:157 | 计算 10 日简单移动平均线完成
2026-03-27 16:31:10 | INFO     | src.indicators.technical_indicators:calculate_bias:500 | 计算 250 日乖离率完成
2026-03-27 16:31:10 | INFO     | src.indicators.technical_indicators:calculate_ma:133 | 计算 10 日移动平均线完成
2026-03-27 16:31:10 | INFO     | src.indicators.technical_indicators:calculate_psy:523 | 计算 10 日心理线完成
2026-03-27 16:31:10 | INFO     | src.indicators.technical_indicators:calculate_sma:157 | 计算 20 日简单移动平均线完成
2026-03-27 16:31:10 | INFO     | src.indicators.technical_indicators:calculate_psy:523 | 计算 10 日心理线完成
2026-03-27 16:31:10 | INFO     | src.indicators.technical_indicators:calculate_ma:133 | 计算 20 日移动平均线完成
2026-03-27 16:31:10 | WARNING  | src.indicators.technical_indicators:calculate_all:635 | 未知的指标类型: rsv_period
2026-03-27 16:31:10 | WARNING  | src.indicators.technical_indicators:calculate_all:635 | 未知的指标类型: rsv_period
2026-03-27 16:31:10 | INFO     | src.indicators.technical_indicators:calculate_sma:157 | 计算 30 日简单移动平均线完成
2026-03-27 16:31:10 | INFO     | src.indicators.technical_indicators:calculate_ma:133 | 计算 30 日移动平均线完成
2026-03-27 16:31:10 | WARNING  | src.indicators.technical_indicators:calculate_all:635 | 未知的指标类型: volume_period
2026-03-27 16:31:10 | INFO     | src.core.data_fetcher:save_data:432 | 保存数据到 csv 文件: 603236_with_indicators
2026-03-27 16:31:10 | WARNING  | src.indicators.technical_indicators:calculate_all:635 | 未知的指标类型: volume_period
2026-03-27 16:31:10 | INFO     | src.indicators.technical_indicators:calculate_sma:157 | 计算 60 日简单移动平均线完成
2026-03-27 16:31:10 | INFO     | src.indicators.technical_indicators:calculate_ma:133 | 计算 60 日移动平均线完成
2026-03-27 16:31:10 | INFO     | src.core.data_fetcher:save_data:452 | 数据保存成功: ./data\002465_with_indicators.csv
2026-03-27 16:31:10 | INFO     | src.indicators.technical_indicators:calculate_all:640 | 完成计算 45 个技术指标
2026-03-27 16:31:10 | INFO     | src.indicators.technical_indicators:calculate_all:640 | 完成计算 45 个技术指标
2026-03-27 16:31:10 | INFO     | src.indicators.technical_indicators:calculate_ma:133 | 计算 120 日移动平均线完成
2026-03-27 16:31:10 | INFO     | src.indicators.technical_indicators:calculate_sma:157 | 计算 120 日简单移动平均线完成
2026-03-27 16:31:10 | INFO     | src.workflow.base:calculate_signals:224 | 对股票 002465 进行信号判断
2026-03-27 16:31:10 | INFO     | src.indicators.technical_indicators:calculate_ma:133 | 计算 250 日移动平均线完成
2026-03-27 16:31:10 | INFO     | src.indicators.technical_indicators:calculate_sma:157 | 计算 250 日简单移动平均线完成
2026-03-27 16:31:10 | INFO     | src.core.data_fetcher:save_data:432 | 保存数据到 csv 文件: 002465_signals
2026-03-27 16:31:10 | INFO     | src.indicators.technical_indicators:calculate_sma:157 | 计算 5 日简单移动平均线完成
2026-03-27 16:31:10 | INFO     | src.indicators.technical_indicators:calculate_ema:182 | 计算 12 日指数移动平均线完成
2026-03-27 16:31:10 | INFO     | src.indicators.technical_indicators:calculate_sma:157 | 计算 10 日简单移动平均线完成
2026-03-27 16:31:10 | INFO     | src.core.data_fetcher:save_data:432 | 保存数据到 csv 文件: 688387_with_indicators
2026-03-27 16:31:10 | INFO     | src.core.data_fetcher:save_data:452 | 数据保存成功: ./data\300136_with_indicators.csv
2026-03-27 16:31:10 | INFO     | src.indicators.technical_indicators:calculate_ema:182 | 计算 26 日指数移动平均线完成
2026-03-27 16:31:10 | INFO     | src.core.data_fetcher:save_data:452 | 数据保存成功: ./data\002465_signals.csv
2026-03-27 16:31:10 | INFO     | src.indicators.technical_indicators:calculate_sma:157 | 计算 20 日简单移动平均线完成
2026-03-27 16:31:10 | INFO     | src.workflow.base:calculate_signals:224 | 对股票 300136 进行信号判断
2026-03-27 16:31:10 | INFO     | src.core.data_fetcher:save_data:432 | 保存数据到 csv 文件: 300053_with_indicators
2026-03-27 16:31:10 | INFO     | src.workflow.technical:_process_single_stock:45 |   股票 002465 信号判断完成: 持有 (得分: 0.165)
2026-03-27 16:31:10 | INFO     | src.indicators.technical_indicators:calculate_rsi:221 | 计算 6 日RSI完成
2026-03-27 16:31:10 | INFO     | src.indicators.technical_indicators:calculate_sma:157 | 计算 30 日简单移动平均线完成
2026-03-27 16:31:10 | INFO     | src.core.data_fetcher:save_data:432 | 保存数据到 csv 文件: 300136_signals
2026-03-27 16:31:10 | INFO     | src.workflow.base:calculate_technical_indicators:188 | 计算股票 002049 的技术指标
2026-03-27 16:31:10 | INFO     | src.indicators.technical_indicators:calculate_rsi:221 | 计算 12 日RSI完成
2026-03-27 16:31:10 | INFO     | src.indicators.technical_indicators:calculate_sma:157 | 计算 60 日简单移动平均线完成
2026-03-27 16:31:10 | INFO     | src.indicators.technical_indicators:calculate_ma:133 | 计算 5 日移动平均线完成
2026-03-27 16:31:10 | INFO     | src.core.data_fetcher:save_data:452 | 数据保存成功: ./data\300136_signals.csv
2026-03-27 16:31:10 | INFO     | src.indicators.technical_indicators:calculate_rsi:221 | 计算 24 日RSI完成
2026-03-27 16:31:10 | INFO     | src.indicators.technical_indicators:calculate_sma:157 | 计算 120 日简单移动平均线完成
2026-03-27 16:31:10 | INFO     | src.indicators.technical_indicators:calculate_ma:133 | 计算 10 日移动平均线完成
2026-03-27 16:31:10 | INFO     | src.workflow.technical:_process_single_stock:45 |   股票 300136 信号判断完成: 持有 (得分: 0.161)
2026-03-27 16:31:10 | INFO     | src.indicators.technical_indicators:calculate_macd:263 | 计算MACD完成：快线=12, 慢线=26, 信号线=9
2026-03-27 16:31:10 | INFO     | src.indicators.technical_indicators:calculate_sma:157 | 计算 250 日简单移动平均线完成
2026-03-27 16:31:10 | INFO     | src.indicators.technical_indicators:calculate_ma:133 | 计算 20 日移动平均线完成
2026-03-27 16:31:10 | INFO     | src.workflow.base:calculate_technical_indicators:188 | 计算股票 300672 的技术指标
2026-03-27 16:31:10 | INFO     | src.core.data_fetcher:save_data:452 | 数据保存成功: ./data\688387_with_indicators.csv
2026-03-27 16:31:10 | INFO     | src.indicators.technical_indicators:calculate_macd:263 | 计算MACD完成：快线=12, 慢线=26, 信号线=12
2026-03-27 16:31:10 | INFO     | src.indicators.technical_indicators:calculate_ema:182 | 计算 12 日指数移动平均线完成
2026-03-27 16:31:10 | INFO     | src.indicators.technical_indicators:calculate_ma:133 | 计算 30 日移动平均线完成
2026-03-27 16:31:10 | INFO     | src.core.data_fetcher:save_data:452 | 数据保存成功: ./data\603236_with_indicators.csv
2026-03-27 16:31:10 | INFO     | src.indicators.technical_indicators:calculate_ma:133 | 计算 5 日移动平均线完成
2026-03-27 16:31:10 | INFO     | src.workflow.base:calculate_signals:224 | 对股票 688387 进行信号判断
2026-03-27 16:31:10 | INFO     | src.indicators.technical_indicators:calculate_boll:303 | 计算布林带完成：周期=20, 标准差倍数=2
2026-03-27 16:31:10 | INFO     | src.indicators.technical_indicators:calculate_ema:182 | 计算 26 日指数移动平均线完成
2026-03-27 16:31:10 | INFO     | src.indicators.technical_indicators:calculate_ma:133 | 计算 60 日移动平均线完成
2026-03-27 16:31:10 | INFO     | src.workflow.base:calculate_signals:224 | 对股票 603236 进行信号判断
2026-03-27 16:31:10 | INFO     | src.indicators.technical_indicators:calculate_ma:133 | 计算 10 日移动平均线完成
2026-03-27 16:31:10 | INFO     | src.core.data_fetcher:save_data:432 | 保存数据到 csv 文件: 688387_signals
2026-03-27 16:31:10 | INFO     | src.indicators.technical_indicators:calculate_ma:133 | 计算 120 日移动平均线完成
2026-03-27 16:31:10 | INFO     | src.indicators.technical_indicators:calculate_rsi:221 | 计算 6 日RSI完成
2026-03-27 16:31:10 | INFO     | src.indicators.technical_indicators:calculate_kdj:350 | 计算KDJ完成：K周期=9, D周期=3, J周期=3
2026-03-27 16:31:10 | INFO     | src.indicators.technical_indicators:calculate_ma:133 | 计算 20 日移动平均线完成
2026-03-27 16:31:10 | INFO     | src.core.data_fetcher:save_data:432 | 保存数据到 csv 文件: 603236_signals
2026-03-27 16:31:10 | INFO     | src.indicators.technical_indicators:calculate_ma:133 | 计算 250 日移动平均线完成
2026-03-27 16:31:10 | INFO     | src.indicators.technical_indicators:calculate_rsi:221 | 计算 12 日RSI完成
2026-03-27 16:31:10 | INFO     | src.core.data_fetcher:save_data:452 | 数据保存成功: ./data\688387_signals.csv
2026-03-27 16:31:10 | INFO     | src.indicators.technical_indicators:calculate_ma:133 | 计算 30 日移动平均线完成
2026-03-27 16:31:10 | INFO     | src.indicators.technical_indicators:calculate_kdj:350 | 计算KDJ完成：K周期=10, D周期=3, J周期=3
2026-03-27 16:31:10 | INFO     | src.indicators.technical_indicators:calculate_sma:157 | 计算 5 日简单移动平均线完成
2026-03-27 16:31:10 | INFO     | src.core.data_fetcher:save_data:452 | 数据保存成功: ./data\603236_signals.csv
2026-03-27 16:31:10 | INFO     | src.workflow.technical:_process_single_stock:45 |   股票 688387 信号判断完成: 买入 (得分: 0.233)
2026-03-27 16:31:10 | INFO     | src.indicators.technical_indicators:calculate_rsi:221 | 计算 24 日RSI完成
2026-03-27 16:31:10 | INFO     | src.indicators.technical_indicators:calculate_ma:133 | 计算 60 日移动平均线完成
2026-03-27 16:31:10 | INFO     | src.indicators.technical_indicators:calculate_sma:157 | 计算 10 日简单移动平均线完成
2026-03-27 16:31:10 | INFO     | src.indicators.technical_indicators:calculate_atr:385 | 计算 10 日ATR完成
2026-03-27 16:31:10 | INFO     | src.workflow.technical:_process_single_stock:45 |   股票 603236 信号判断完成: 持有 (得分: -0.069)
2026-03-27 16:31:10 | INFO     | src.core.data_fetcher:save_data:452 | 数据保存成功: ./data\300053_with_indicators.csv
2026-03-27 16:31:10 | INFO     | src.indicators.technical_indicators:calculate_macd:263 | 计算MACD完成：快线=12, 慢线=26, 信号线=9
2026-03-27 16:31:10 | INFO     | src.indicators.technical_indicators:calculate_ma:133 | 计算 120 日移动平均线完成
2026-03-27 16:31:10 | INFO     | src.indicators.technical_indicators:calculate_sma:157 | 计算 20 日简单移动平均线完成
2026-03-27 16:31:10 | INFO     | src.workflow.base:calculate_technical_indicators:188 | 计算股票 002179 的技术指标
2026-03-27 16:31:10 | INFO     | src.workflow.base:calculate_signals:224 | 对股票 300053 进行信号判断
2026-03-27 16:31:10 | ERROR    | src.notify.channels.base:send:80 | NtfyChannel 发送异常 (尝试 1/3): ('Connection aborted.', ConnectionAbortedError(10053, '你的主机中的软件中止了一个已建立的连接。', None, 10053, None))
2026-03-27 16:31:10 | INFO     | src.indicators.technical_indicators:calculate_cci:446 | 计算 20 日CCI完成
2026-03-27 16:31:10 | INFO     | src.indicators.technical_indicators:calculate_ma:133 | 计算 250 日移动平均线完成
2026-03-27 16:31:10 | INFO     | src.indicators.technical_indicators:calculate_macd:263 | 计算MACD完成：快线=12, 慢线=26, 信号线=12
2026-03-27 16:31:10 | INFO     | src.indicators.technical_indicators:calculate_ma:133 | 计算 5 日移动平均线完成
2026-03-27 16:31:10 | INFO     | src.indicators.technical_indicators:calculate_sma:157 | 计算 30 日简单移动平均线完成
2026-03-27 16:31:10 | INFO     | src.core.data_fetcher:save_data:432 | 保存数据到 csv 文件: 300053_signals
2026-03-27 16:31:11 | INFO     | src.indicators.technical_indicators:calculate_williams_r:476 | 计算 10 日威廉指标完成
2026-03-27 16:31:11 | INFO     | src.indicators.technical_indicators:calculate_sma:157 | 计算 5 日简单移动平均线完成
2026-03-27 16:31:11 | INFO     | src.indicators.technical_indicators:calculate_ma:133 | 计算 10 日移动平均线完成
2026-03-27 16:31:11 | INFO     | src.indicators.technical_indicators:calculate_boll:303 | 计算布林带完成：周期=20, 标准差倍数=2
2026-03-27 16:31:11 | INFO     | src.indicators.technical_indicators:calculate_sma:157 | 计算 60 日简单移动平均线完成
2026-03-27 16:31:11 | INFO     | src.indicators.technical_indicators:calculate_ma:133 | 计算 5 日移动平均线完成
2026-03-27 16:31:11 | INFO     | src.core.data_fetcher:save_data:452 | 数据保存成功: ./data\300053_signals.csv
2026-03-27 16:31:11 | INFO     | src.indicators.technical_indicators:calculate_ma:133 | 计算 20 日移动平均线完成
2026-03-27 16:31:11 | INFO     | src.indicators.technical_indicators:calculate_sma:157 | 计算 10 日简单移动平均线完成
2026-03-27 16:31:11 | INFO     | src.indicators.technical_indicators:calculate_sma:157 | 计算 120 日简单移动平均线完成
2026-03-27 16:31:11 | INFO     | src.indicators.technical_indicators:calculate_kdj:350 | 计算KDJ完成：K周期=9, D周期=3, J周期=3
2026-03-27 16:31:11 | INFO     | src.indicators.technical_indicators:calculate_bias:500 | 计算 5 日乖离率完成
2026-03-27 16:31:11 | INFO     | src.workflow.technical:_process_single_stock:45 |   股票 300053 信号判断完成: 持有 (得分: 0.153)
2026-03-27 16:31:11 | INFO     | src.indicators.technical_indicators:calculate_sma:157 | 计算 20 日简单移动平均线完成
2026-03-27 16:31:11 | INFO     | src.indicators.technical_indicators:calculate_ma:133 | 计算 30 日移动平均线完成
2026-03-27 16:31:11 | INFO     | src.indicators.technical_indicators:calculate_sma:157 | 计算 250 日简单移动平均线完成
2026-03-27 16:31:11 | INFO     | src.indicators.technical_indicators:calculate_kdj:350 | 计算KDJ完成：K周期=10, D周期=3, J周期=3
2026-03-27 16:31:11 | INFO     | src.workflow.base:calculate_technical_indicators:188 | 计算股票 002338 的技术指标
2026-03-27 16:31:11 | INFO     | src.indicators.technical_indicators:calculate_ma:133 | 计算 10 日移动平均线完成
2026-03-27 16:31:11 | INFO     | src.indicators.technical_indicators:calculate_sma:157 | 计算 30 日简单移动平均线完成
2026-03-27 16:31:11 | INFO     | src.indicators.technical_indicators:calculate_ema:182 | 计算 12 日指数移动平均线完成
2026-03-27 16:31:11 | INFO     | src.indicators.technical_indicators:calculate_ma:133 | 计算 60 日移动平均线完成
2026-03-27 16:31:11 | INFO     | src.indicators.technical_indicators:calculate_bias:500 | 计算 10 日乖离率完成
2026-03-27 16:31:11 | INFO     | src.indicators.technical_indicators:calculate_ma:133 | 计算 5 日移动平均线完成
2026-03-27 16:31:11 | INFO     | src.indicators.technical_indicators:calculate_atr:385 | 计算 10 日ATR完成
2026-03-27 16:31:11 | INFO     | src.indicators.technical_indicators:calculate_sma:157 | 计算 60 日简单移动平均线完成
2026-03-27 16:31:11 | INFO     | src.indicators.technical_indicators:calculate_ema:182 | 计算 26 日指数移动平均线完成
2026-03-27 16:31:11 | INFO     | src.indicators.technical_indicators:calculate_ma:133 | 计算 120 日移动平均线完成
2026-03-27 16:31:11 | INFO     | src.indicators.technical_indicators:calculate_ma:133 | 计算 20 日移动平均线完成
2026-03-27 16:31:11 | INFO     | src.indicators.technical_indicators:calculate_ma:133 | 计算 10 日移动平均线完成
2026-03-27 16:31:11 | INFO     | src.indicators.technical_indicators:calculate_sma:157 | 计算 120 日简单移动平均线完成
2026-03-27 16:31:11 | ERROR    | src.notify.channels.base:send:80 | NtfyChannel 发送异常 (尝试 3/3): HTTPSConnectionPool(host='ntfy.sh', port=443): Max retries exceeded with url: /process-notify-001 (Caused by SSLError(SSLEOFError(8, 'EOF occurred in violation of protocol (_ssl.c:997)')))
2026-03-27 16:31:11 | INFO     | src.indicators.technical_indicators:calculate_rsi:221 | 计算 6 日RSI完成
2026-03-27 16:31:11 | INFO     | src.indicators.technical_indicators:calculate_ma:133 | 计算 250 日移动平均线完成
2026-03-27 16:31:11 | INFO     | src.indicators.technical_indicators:calculate_bias:500 | 计算 20 日乖离率完成
2026-03-27 16:31:11 | INFO     | src.indicators.technical_indicators:calculate_sma:157 | 计算 250 日简单移动平均线完成
2026-03-27 16:31:11 | INFO     | src.indicators.technical_indicators:calculate_cci:446 | 计算 20 日CCI完成
2026-03-27 16:31:11 | INFO     | src.indicators.technical_indicators:calculate_ma:133 | 计算 20 日移动平均线完成
2026-03-27 16:31:11 | INFO     | src.indicators.technical_indicators:calculate_rsi:221 | 计算 12 日RSI完成
2026-03-27 16:31:11 | INFO     | src.indicators.technical_indicators:calculate_sma:157 | 计算 5 日简单移动平均线完成
2026-03-27 16:31:11 | INFO     | src.notify.channels.markdown:_do_send:75 | Markdown 文件已保存: ./notify_logs\notify_20260327_163111.md
2026-03-27 16:31:11 | INFO     | src.indicators.technical_indicators:calculate_ma:133 | 计算 30 日移动平均线完成
2026-03-27 16:31:11 | INFO     | src.indicators.technical_indicators:calculate_ema:182 | 计算 12 日指数移动平均线完成
2026-03-27 16:31:11 | INFO     | src.indicators.technical_indicators:calculate_williams_r:476 | 计算 10 日威廉指标完成
2026-03-27 16:31:11 | INFO     | src.indicators.technical_indicators:calculate_ma:133 | 计算 30 日移动平均线完成
2026-03-27 16:31:11 | INFO     | src.indicators.technical_indicators:calculate_rsi:221 | 计算 24 日RSI完成
2026-03-27 16:31:11 | INFO     | src.indicators.technical_indicators:calculate_sma:157 | 计算 10 日简单移动平均线完成
2026-03-27 16:31:11 | INFO     | src.indicators.technical_indicators:calculate_bias:500 | 计算 30 日乖离率完成
2026-03-27 16:31:11 | INFO     | src.indicators.technical_indicators:calculate_ema:182 | 计算 26 日指数移动平均线完成
2026-03-27 16:31:11 | INFO     | src.workflow.base:calculate_technical_indicators:188 | 计算股票 300065 的技术指标
2026-03-27 16:31:11 | INFO     | src.indicators.technical_indicators:calculate_ma:133 | 计算 5 日移动平均线完成
2026-03-27 16:31:11 | INFO     | src.indicators.technical_indicators:calculate_ma:133 | 计算 60 日移动平均线完成
2026-03-27 16:31:11 | INFO     | src.indicators.technical_indicators:calculate_macd:263 | 计算MACD完成：快线=12, 慢线=26, 信号线=9
2026-03-27 16:31:11 | INFO     | src.indicators.technical_indicators:calculate_sma:157 | 计算 20 日简单移动平均线完成
2026-03-27 16:31:11 | INFO     | src.indicators.technical_indicators:calculate_ma:133 | 计算 60 日移动平均线完成
2026-03-27 16:31:11 | INFO     | src.indicators.technical_indicators:calculate_rsi:221 | 计算 6 日RSI完成
2026-03-27 16:31:11 | INFO     | src.indicators.technical_indicators:calculate_ma:133 | 计算 5 日移动平均线完成
2026-03-27 16:31:11 | INFO     | src.indicators.technical_indicators:calculate_bias:500 | 计算 5 日乖离率完成
2026-03-27 16:31:11 | INFO     | src.indicators.technical_indicators:calculate_ma:133 | 计算 120 日移动平均线完成
2026-03-27 16:31:11 | INFO     | src.indicators.technical_indicators:calculate_macd:263 | 计算MACD完成：快线=12, 慢线=26, 信号线=12
2026-03-27 16:31:11 | INFO     | src.indicators.technical_indicators:calculate_bias:500 | 计算 60 日乖离率完成
2026-03-27 16:31:11 | INFO     | src.indicators.technical_indicators:calculate_sma:157 | 计算 30 日简单移动平均线完成
2026-03-27 16:31:11 | INFO     | src.indicators.technical_indicators:calculate_ma:133 | 计算 10 日移动平均线完成
2026-03-27 16:31:11 | INFO     | src.indicators.technical_indicators:calculate_rsi:221 | 计算 12 日RSI完成
2026-03-27 16:31:11 | INFO     | src.indicators.technical_indicators:calculate_ma:133 | 计算 10 日移动平均线完成
2026-03-27 16:31:11 | INFO     | src.indicators.technical_indicators:calculate_ma:133 | 计算 250 日移动平均线完成
2026-03-27 16:31:11 | INFO     | src.indicators.technical_indicators:calculate_boll:303 | 计算布林带完成：周期=20, 标准差倍数=2
2026-03-27 16:31:11 | INFO     | src.indicators.technical_indicators:calculate_ma:133 | 计算 120 日移动平均线完成
2026-03-27 16:31:11 | INFO     | src.indicators.technical_indicators:calculate_sma:157 | 计算 60 日简单移动平均线完成
2026-03-27 16:31:11 | INFO     | src.indicators.technical_indicators:calculate_ma:133 | 计算 20 日移动平均线完成
2026-03-27 16:31:11 | INFO     | src.indicators.technical_indicators:calculate_bias:500 | 计算 10 日乖离率完成
2026-03-27 16:31:11 | INFO     | src.indicators.technical_indicators:calculate_rsi:221 | 计算 24 日RSI完成
2026-03-27 16:31:11 | INFO     | src.indicators.technical_indicators:calculate_sma:157 | 计算 5 日简单移动平均线完成
2026-03-27 16:31:11 | INFO     | src.indicators.technical_indicators:calculate_bias:500 | 计算 120 日乖离率完成
2026-03-27 16:31:11 | INFO     | src.indicators.technical_indicators:calculate_kdj:350 | 计算KDJ完成：K周期=9, D周期=3, J周期=3
2026-03-27 16:31:11 | INFO     | src.indicators.technical_indicators:calculate_sma:157 | 计算 120 日简单移动平均线完成
2026-03-27 16:31:11 | INFO     | src.indicators.technical_indicators:calculate_ma:133 | 计算 30 日移动平均线完成
2026-03-27 16:31:11 | INFO     | src.indicators.technical_indicators:calculate_ma:133 | 计算 20 日移动平均线完成
2026-03-27 16:31:11 | INFO     | src.indicators.technical_indicators:calculate_sma:157 | 计算 10 日简单移动平均线完成
2026-03-27 16:31:11 | INFO     | src.indicators.technical_indicators:calculate_macd:263 | 计算MACD完成：快线=12, 慢线=26, 信号线=9
2026-03-27 16:31:11 | INFO     | src.indicators.technical_indicators:calculate_ma:133 | 计算 250 日移动平均线完成
2026-03-27 16:31:11 | INFO     | src.indicators.technical_indicators:calculate_kdj:350 | 计算KDJ完成：K周期=10, D周期=3, J周期=3
2026-03-27 16:31:11 | INFO     | src.indicators.technical_indicators:calculate_sma:157 | 计算 250 日简单移动平均线完成
2026-03-27 16:31:11 | INFO     | src.indicators.technical_indicators:calculate_bias:500 | 计算 20 日乖离率完成
2026-03-27 16:31:11 | INFO     | src.indicators.technical_indicators:calculate_ma:133 | 计算 60 日移动平均线完成
2026-03-27 16:31:11 | INFO     | src.indicators.technical_indicators:calculate_sma:157 | 计算 20 日简单移动平均线完成
2026-03-27 16:31:11 | INFO     | src.indicators.technical_indicators:calculate_bias:500 | 计算 250 日乖离率完成
2026-03-27 16:31:11 | INFO     | src.indicators.technical_indicators:calculate_macd:263 | 计算MACD完成：快线=12, 慢线=26, 信号线=12
2026-03-27 16:31:11 | INFO     | src.indicators.technical_indicators:calculate_atr:385 | 计算 10 日ATR完成
2026-03-27 16:31:11 | INFO     | src.indicators.technical_indicators:calculate_ema:182 | 计算 12 日指数移动平均线完成
2026-03-27 16:31:11 | INFO     | src.indicators.technical_indicators:calculate_ma:133 | 计算 30 日移动平均线完成
2026-03-27 16:31:11 | INFO     | src.indicators.technical_indicators:calculate_ma:133 | 计算 120 日移动平均线完成
2026-03-27 16:31:11 | INFO     | src.indicators.technical_indicators:calculate_sma:157 | 计算 30 日简单移动平均线完成
2026-03-27 16:31:11 | INFO     | src.indicators.technical_indicators:calculate_psy:523 | 计算 10 日心理线完成
2026-03-27 16:31:11 | INFO     | src.indicators.technical_indicators:calculate_boll:303 | 计算布林带完成：周期=20, 标准差倍数=2
2026-03-27 16:31:11 | INFO     | src.indicators.technical_indicators:calculate_ema:182 | 计算 26 日指数移动平均线完成
2026-03-27 16:31:11 | INFO     | src.indicators.technical_indicators:calculate_bias:500 | 计算 30 日乖离率完成
2026-03-27 16:31:11 | INFO     | src.indicators.technical_indicators:calculate_ma:133 | 计算 250 日移动平均线完成
2026-03-27 16:31:11 | WARNING  | src.indicators.technical_indicators:calculate_all:635 | 未知的指标类型: rsv_period
2026-03-27 16:31:11 | INFO     | src.indicators.technical_indicators:calculate_sma:157 | 计算 60 日简单移动平均线完成
2026-03-27 16:31:11 | INFO     | src.indicators.technical_indicators:calculate_cci:446 | 计算 20 日CCI完成
2026-03-27 16:31:11 | INFO     | src.indicators.technical_indicators:calculate_kdj:350 | 计算KDJ完成：K周期=9, D周期=3, J周期=3
2026-03-27 16:31:11 | INFO     | src.indicators.technical_indicators:calculate_ma:133 | 计算 60 日移动平均线完成
2026-03-27 16:31:11 | INFO     | src.indicators.technical_indicators:calculate_rsi:221 | 计算 6 日RSI完成
2026-03-27 16:31:11 | WARNING  | src.indicators.technical_indicators:calculate_all:635 | 未知的指标类型: volume_period
2026-03-27 16:31:11 | INFO     | src.indicators.technical_indicators:calculate_sma:157 | 计算 5 日简单移动平均线完成
2026-03-27 16:31:11 | INFO     | src.indicators.technical_indicators:calculate_sma:157 | 计算 120 日简单移动平均线完成
2026-03-27 16:31:11 | INFO     | src.indicators.technical_indicators:calculate_williams_r:476 | 计算 10 日威廉指标完成
2026-03-27 16:31:11 | INFO     | src.indicators.technical_indicators:calculate_bias:500 | 计算 60 日乖离率完成
2026-03-27 16:31:11 | INFO     | src.indicators.technical_indicators:calculate_kdj:350 | 计算KDJ完成：K周期=10, D周期=3, J周期=3
2026-03-27 16:31:11 | INFO     | src.indicators.technical_indicators:calculate_rsi:221 | 计算 12 日RSI完成
2026-03-27 16:31:11 | INFO     | src.indicators.technical_indicators:calculate_all:640 | 完成计算 45 个技术指标
2026-03-27 16:31:11 | INFO     | src.indicators.technical_indicators:calculate_sma:157 | 计算 10 日简单移动平均线完成
2026-03-27 16:31:11 | INFO     | src.indicators.technical_indicators:calculate_sma:157 | 计算 250 日简单移动平均线完成
2026-03-27 16:31:11 | INFO     | src.indicators.technical_indicators:calculate_ma:133 | 计算 5 日移动平均线完成
2026-03-27 16:31:11 | INFO     | src.indicators.technical_indicators:calculate_ma:133 | 计算 120 日移动平均线完成
2026-03-27 16:31:11 | INFO     | src.indicators.technical_indicators:calculate_atr:385 | 计算 10 日ATR完成
2026-03-27 16:31:11 | INFO     | src.indicators.technical_indicators:calculate_rsi:221 | 计算 24 日RSI完成
2026-03-27 16:31:11 | INFO     | src.indicators.technical_indicators:calculate_sma:157 | 计算 20 日简单移动平均线完成
2026-03-27 16:31:11 | INFO     | src.indicators.technical_indicators:calculate_ema:182 | 计算 12 日指数移动平均线完成
2026-03-27 16:31:11 | INFO     | src.indicators.technical_indicators:calculate_bias:500 | 计算 5 日乖离率完成
2026-03-27 16:31:11 | INFO     | src.indicators.technical_indicators:calculate_bias:500 | 计算 120 日乖离率完成
2026-03-27 16:31:12 | INFO     | src.indicators.technical_indicators:calculate_macd:263 | 计算MACD完成：快线=12, 慢线=26, 信号线=9
2026-03-27 16:31:12 | INFO     | src.indicators.technical_indicators:calculate_sma:157 | 计算 30 日简单移动平均线完成
2026-03-27 16:31:12 | INFO     | src.core.data_fetcher:save_data:432 | 保存数据到 csv 文件: 688521_with_indicators
2026-03-27 16:31:12 | INFO     | src.indicators.technical_indicators:calculate_ema:182 | 计算 26 日指数移动平均线完成
2026-03-27 16:31:12 | INFO     | src.indicators.technical_indicators:calculate_ma:133 | 计算 10 日移动平均线完成
2026-03-27 16:31:12 | INFO     | src.indicators.technical_indicators:calculate_ma:133 | 计算 250 日移动平均线完成
2026-03-27 16:31:12 | INFO     | src.indicators.technical_indicators:calculate_cci:446 | 计算 20 日CCI完成
2026-03-27 16:31:12 | INFO     | src.indicators.technical_indicators:calculate_macd:263 | 计算MACD完成：快线=12, 慢线=26, 信号线=12
2026-03-27 16:31:12 | ERROR    | src.notify.channels.base:send:80 | NtfyChannel 发送异常 (尝试 2/3): HTTPSConnectionPool(host='ntfy.sh', port=443): Max retries exceeded with url: /process-notify-001 (Caused by SSLError(SSLEOFError(8, 'EOF occurred in violation of protocol (_ssl.c:997)')))
2026-03-27 16:31:12 | INFO     | src.indicators.technical_indicators:calculate_sma:157 | 计算 60 日简单移动平均线完成
2026-03-27 16:31:12 | INFO     | src.indicators.technical_indicators:calculate_bias:500 | 计算 10 日乖离率完成
2026-03-27 16:31:12 | INFO     | src.indicators.technical_indicators:calculate_rsi:221 | 计算 6 日RSI完成
2026-03-27 16:31:12 | INFO     | src.indicators.technical_indicators:calculate_bias:500 | 计算 250 日乖离率完成
2026-03-27 16:31:12 | INFO     | src.indicators.technical_indicators:calculate_williams_r:476 | 计算 10 日威廉指标完成
2026-03-27 16:31:12 | INFO     | src.indicators.technical_indicators:calculate_boll:303 | 计算布林带完成：周期=20, 标准差倍数=2
2026-03-27 16:31:12 | INFO     | src.indicators.technical_indicators:calculate_sma:157 | 计算 120 日简单移动平均线完成
2026-03-27 16:31:12 | INFO     | src.indicators.technical_indicators:calculate_ma:133 | 计算 20 日移动平均线完成
2026-03-27 16:31:12 | INFO     | src.indicators.technical_indicators:calculate_rsi:221 | 计算 12 日RSI完成
2026-03-27 16:31:12 | INFO     | src.indicators.technical_indicators:calculate_psy:523 | 计算 10 日心理线完成
2026-03-27 16:31:12 | INFO     | src.indicators.technical_indicators:calculate_ma:133 | 计算 5 日移动平均线完成
2026-03-27 16:31:12 | INFO     | src.indicators.technical_indicators:calculate_sma:157 | 计算 250 日简单移动平均线完成
2026-03-27 16:31:12 | INFO     | src.indicators.technical_indicators:calculate_kdj:350 | 计算KDJ完成：K周期=9, D周期=3, J周期=3
2026-03-27 16:31:12 | INFO     | src.indicators.technical_indicators:calculate_bias:500 | 计算 20 日乖离率完成
2026-03-27 16:31:12 | WARNING  | src.indicators.technical_indicators:calculate_all:635 | 未知的指标类型: rsv_period
2026-03-27 16:31:12 | INFO     | src.indicators.technical_indicators:calculate_bias:500 | 计算 5 日乖离率完成
2026-03-27 16:31:12 | INFO     | src.indicators.technical_indicators:calculate_rsi:221 | 计算 24 日RSI完成
2026-03-27 16:31:12 | INFO     | src.indicators.technical_indicators:calculate_ema:182 | 计算 12 日指数移动平均线完成
2026-03-27 16:31:12 | INFO     | src.indicators.technical_indicators:calculate_kdj:350 | 计算KDJ完成：K周期=10, D周期=3, J周期=3
2026-03-27 16:31:12 | WARNING  | src.indicators.technical_indicators:calculate_all:635 | 未知的指标类型: volume_period
2026-03-27 16:31:12 | INFO     | src.indicators.technical_indicators:calculate_ma:133 | 计算 30 日移动平均线完成
2026-03-27 16:31:12 | INFO     | src.indicators.technical_indicators:calculate_ma:133 | 计算 10 日移动平均线完成
2026-03-27 16:31:12 | INFO     | src.indicators.technical_indicators:calculate_macd:263 | 计算MACD完成：快线=12, 慢线=26, 信号线=9
2026-03-27 16:31:12 | INFO     | src.indicators.technical_indicators:calculate_ema:182 | 计算 26 日指数移动平均线完成
2026-03-27 16:31:12 | INFO     | src.indicators.technical_indicators:calculate_all:640 | 完成计算 45 个技术指标
2026-03-27 16:31:12 | INFO     | src.indicators.technical_indicators:calculate_atr:385 | 计算 10 日ATR完成
2026-03-27 16:31:12 | INFO     | src.indicators.technical_indicators:calculate_bias:500 | 计算 30 日乖离率完成
2026-03-27 16:31:12 | INFO     | src.indicators.technical_indicators:calculate_bias:500 | 计算 10 日乖离率完成
2026-03-27 16:31:12 | INFO     | src.core.data_fetcher:save_data:452 | 数据保存成功: ./data\688521_with_indicators.csv
2026-03-27 16:31:12 | INFO     | src.indicators.technical_indicators:calculate_rsi:221 | 计算 6 日RSI完成
2026-03-27 16:31:12 | INFO     | src.indicators.technical_indicators:calculate_macd:263 | 计算MACD完成：快线=12, 慢线=26, 信号线=12
2026-03-27 16:31:12 | INFO     | src.indicators.technical_indicators:calculate_ma:133 | 计算 60 日移动平均线完成
2026-03-27 16:31:12 | INFO     | src.indicators.technical_indicators:calculate_ma:133 | 计算 20 日移动平均线完成
2026-03-27 16:31:12 | INFO     | src.workflow.base:calculate_signals:224 | 对股票 688521 进行信号判断
2026-03-27 16:31:12 | INFO     | src.indicators.technical_indicators:calculate_rsi:221 | 计算 12 日RSI完成
2026-03-27 16:31:12 | INFO     | src.indicators.technical_indicators:calculate_boll:303 | 计算布林带完成：周期=20, 标准差倍数=2
2026-03-27 16:31:12 | INFO     | src.indicators.technical_indicators:calculate_cci:446 | 计算 20 日CCI完成
2026-03-27 16:31:12 | INFO     | src.indicators.technical_indicators:calculate_bias:500 | 计算 60 日乖离率完成
2026-03-27 16:31:12 | INFO     | src.indicators.technical_indicators:calculate_bias:500 | 计算 20 日乖离率完成
2026-03-27 16:31:12 | INFO     | src.core.data_fetcher:save_data:432 | 保存数据到 csv 文件: 688521_signals
2026-03-27 16:31:12 | INFO     | src.indicators.technical_indicators:calculate_rsi:221 | 计算 24 日RSI完成
2026-03-27 16:31:12 | INFO     | src.indicators.technical_indicators:calculate_williams_r:476 | 计算 10 日威廉指标完成
2026-03-27 16:31:12 | INFO     | src.indicators.technical_indicators:calculate_ma:133 | 计算 120 日移动平均线完成
2026-03-27 16:31:12 | INFO     | src.core.data_fetcher:save_data:432 | 保存数据到 csv 文件: 300045_with_indicators
2026-03-27 16:31:12 | INFO     | src.indicators.technical_indicators:calculate_kdj:350 | 计算KDJ完成：K周期=9, D周期=3, J周期=3
2026-03-27 16:31:12 | INFO     | src.indicators.technical_indicators:calculate_ma:133 | 计算 30 日移动平均线完成
2026-03-27 16:31:12 | INFO     | src.indicators.technical_indicators:calculate_macd:263 | 计算MACD完成：快线=12, 慢线=26, 信号线=9
2026-03-27 16:31:12 | INFO     | src.indicators.technical_indicators:calculate_ma:133 | 计算 5 日移动平均线完成
2026-03-27 16:31:12 | INFO     | src.indicators.technical_indicators:calculate_bias:500 | 计算 120 日乖离率完成
2026-03-27 16:31:12 | INFO     | src.indicators.technical_indicators:calculate_bias:500 | 计算 30 日乖离率完成
2026-03-27 16:31:12 | INFO     | src.indicators.technical_indicators:calculate_kdj:350 | 计算KDJ完成：K周期=10, D周期=3, J周期=3
2026-03-27 16:31:12 | INFO     | src.indicators.technical_indicators:calculate_macd:263 | 计算MACD完成：快线=12, 慢线=26, 信号线=12
2026-03-27 16:31:12 | INFO     | src.indicators.technical_indicators:calculate_bias:500 | 计算 5 日乖离率完成
2026-03-27 16:31:12 | INFO     | src.indicators.technical_indicators:calculate_ma:133 | 计算 250 日移动平均线完成
2026-03-27 16:31:12 | INFO     | src.indicators.technical_indicators:calculate_ma:133 | 计算 60 日移动平均线完成
2026-03-27 16:31:12 | INFO     | src.core.data_fetcher:save_data:452 | 数据保存成功: ./data\688521_signals.csv
2026-03-27 16:31:12 | INFO     | src.indicators.technical_indicators:calculate_atr:385 | 计算 10 日ATR完成
2026-03-27 16:31:12 | INFO     | src.indicators.technical_indicators:calculate_ma:133 | 计算 10 日移动平均线完成
2026-03-27 16:31:12 | INFO     | src.indicators.technical_indicators:calculate_boll:303 | 计算布林带完成：周期=20, 标准差倍数=2
2026-03-27 16:31:12 | INFO     | src.indicators.technical_indicators:calculate_bias:500 | 计算 250 日乖离率完成
2026-03-27 16:31:12 | INFO     | src.indicators.technical_indicators:calculate_bias:500 | 计算 60 日乖离率完成
2026-03-27 16:31:12 | INFO     | src.workflow.technical:_process_single_stock:45 |   股票 688521 信号判断完成: 持有 (得分: 0.120)
2026-03-27 16:31:12 | INFO     | src.indicators.technical_indicators:calculate_bias:500 | 计算 10 日乖离率完成
2026-03-27 16:31:13 | INFO     | src.indicators.technical_indicators:calculate_kdj:350 | 计算KDJ完成：K周期=9, D周期=3, J周期=3
2026-03-27 16:31:13 | INFO     | src.indicators.technical_indicators:calculate_psy:523 | 计算 10 日心理线完成
2026-03-27 16:31:13 | INFO     | src.indicators.technical_indicators:calculate_ma:133 | 计算 120 日移动平均线完成
2026-03-27 16:31:13 | INFO     | src.workflow.base:calculate_technical_indicators:188 | 计算股票 300101 的技术指标
2026-03-27 16:31:13 | INFO     | src.indicators.technical_indicators:calculate_cci:446 | 计算 20 日CCI完成
2026-03-27 16:31:13 | INFO     | src.indicators.technical_indicators:calculate_ma:133 | 计算 20 日移动平均线完成
2026-03-27 16:31:13 | WARNING  | src.indicators.technical_indicators:calculate_all:635 | 未知的指标类型: rsv_period
2026-03-27 16:31:13 | INFO     | src.indicators.technical_indicators:calculate_kdj:350 | 计算KDJ完成：K周期=10, D周期=3, J周期=3
2026-03-27 16:31:13 | INFO     | src.indicators.technical_indicators:calculate_bias:500 | 计算 120 日乖离率完成
2026-03-27 16:31:13 | INFO     | src.indicators.technical_indicators:calculate_ma:133 | 计算 5 日移动平均线完成
2026-03-27 16:31:13 | INFO     | src.indicators.technical_indicators:calculate_williams_r:476 | 计算 10 日威廉指标完成
2026-03-27 16:31:13 | INFO     | src.indicators.technical_indicators:calculate_bias:500 | 计算 20 日乖离率完成
2026-03-27 16:31:13 | WARNING  | src.indicators.technical_indicators:calculate_all:635 | 未知的指标类型: volume_period
2026-03-27 16:31:13 | INFO     | src.indicators.technical_indicators:calculate_atr:385 | 计算 10 日ATR完成
2026-03-27 16:31:13 | INFO     | src.indicators.technical_indicators:calculate_ma:133 | 计算 250 日移动平均线完成
2026-03-27 16:31:13 | INFO     | src.indicators.technical_indicators:calculate_ma:133 | 计算 10 日移动平均线完成
2026-03-27 16:31:13 | INFO     | src.indicators.technical_indicators:calculate_ma:133 | 计算 5 日移动平均线完成
2026-03-27 16:31:13 | INFO     | src.indicators.technical_indicators:calculate_ma:133 | 计算 30 日移动平均线完成
2026-03-27 16:31:13 | INFO     | src.indicators.technical_indicators:calculate_all:640 | 完成计算 45 个技术指标
2026-03-27 16:31:13 | INFO     | src.indicators.technical_indicators:calculate_bias:500 | 计算 250 日乖离率完成
2026-03-27 16:31:13 | INFO     | src.indicators.technical_indicators:calculate_ma:133 | 计算 20 日移动平均线完成
2026-03-27 16:31:13 | INFO     | src.core.data_fetcher:save_data:452 | 数据保存成功: ./data\300045_with_indicators.csv
2026-03-27 16:31:13 | INFO     | src.indicators.technical_indicators:calculate_bias:500 | 计算 5 日乖离率完成
2026-03-27 16:31:13 | INFO     | src.indicators.technical_indicators:calculate_bias:500 | 计算 30 日乖离率完成
2026-03-27 16:31:13 | INFO     | src.indicators.technical_indicators:calculate_psy:523 | 计算 10 日心理线完成
2026-03-27 16:31:13 | INFO     | src.indicators.technical_indicators:calculate_ma:133 | 计算 30 日移动平均线完成
2026-03-27 16:31:13 | INFO     | src.indicators.technical_indicators:calculate_cci:446 | 计算 20 日CCI完成
2026-03-27 16:31:13 | INFO     | src.workflow.base:calculate_signals:224 | 对股票 300045 进行信号判断
2026-03-27 16:31:13 | INFO     | src.indicators.technical_indicators:calculate_ma:133 | 计算 10 日移动平均线完成
2026-03-27 16:31:13 | INFO     | src.indicators.technical_indicators:calculate_ma:133 | 计算 60 日移动平均线完成
2026-03-27 16:31:13 | WARNING  | src.indicators.technical_indicators:calculate_all:635 | 未知的指标类型: rsv_period
2026-03-27 16:31:13 | INFO     | src.core.data_fetcher:save_data:432 | 保存数据到 csv 文件: 002049_with_indicators
2026-03-27 16:31:13 | INFO     | src.indicators.technical_indicators:calculate_ma:133 | 计算 60 日移动平均线完成
2026-03-27 16:31:13 | INFO     | src.indicators.technical_indicators:calculate_williams_r:476 | 计算 10 日威廉指标完成
2026-03-27 16:31:13 | INFO     | src.indicators.technical_indicators:calculate_bias:500 | 计算 10 日乖离率完成
2026-03-27 16:31:13 | INFO     | src.indicators.technical_indicators:calculate_bias:500 | 计算 60 日乖离率完成
2026-03-27 16:31:13 | INFO     | src.core.data_fetcher:save_data:432 | 保存数据到 csv 文件: 300045_signals
2026-03-27 16:31:13 | WARNING  | src.indicators.technical_indicators:calculate_all:635 | 未知的指标类型: volume_period
2026-03-27 16:31:13 | INFO     | src.indicators.technical_indicators:calculate_ma:133 | 计算 120 日移动平均线完成
2026-03-27 16:31:13 | INFO     | src.indicators.technical_indicators:calculate_ma:133 | 计算 5 日移动平均线完成
2026-03-27 16:31:13 | INFO     | src.indicators.technical_indicators:calculate_ma:133 | 计算 20 日移动平均线完成
2026-03-27 16:31:13 | INFO     | src.indicators.technical_indicators:calculate_ma:133 | 计算 120 日移动平均线完成
2026-03-27 16:31:13 | INFO     | src.indicators.technical_indicators:calculate_all:640 | 完成计算 45 个技术指标
2026-03-27 16:31:13 | INFO     | src.core.data_fetcher:save_data:452 | 数据保存成功: ./data\300045_signals.csv
2026-03-27 16:31:13 | INFO     | src.indicators.technical_indicators:calculate_ma:133 | 计算 250 日移动平均线完成
2026-03-27 16:31:13 | ERROR    | src.notify.channels.base:send:80 | NtfyChannel 发送异常 (尝试 3/3): HTTPSConnectionPool(host='ntfy.sh', port=443): Max retries exceeded with url: /process-notify-001 (Caused by SSLError(SSLEOFError(8, 'EOF occurred in violation of protocol (_ssl.c:997)')))
2026-03-27 16:31:13 | INFO     | src.indicators.technical_indicators:calculate_bias:500 | 计算 5 日乖离率完成
2026-03-27 16:31:13 | INFO     | src.indicators.technical_indicators:calculate_bias:500 | 计算 20 日乖离率完成
2026-03-27 16:31:13 | INFO     | src.indicators.technical_indicators:calculate_bias:500 | 计算 120 日乖离率完成
2026-03-27 16:31:13 | INFO     | src.workflow.technical:_process_single_stock:45 |   股票 300045 信号判断完成: 持有 (得分: 0.167)
2026-03-27 16:31:13 | INFO     | src.indicators.technical_indicators:calculate_sma:157 | 计算 5 日简单移动平均线完成
2026-03-27 16:31:13 | INFO     | src.indicators.technical_indicators:calculate_ma:133 | 计算 10 日移动平均线完成
2026-03-27 16:31:13 | INFO     | src.notify.channels.markdown:_do_send:75 | Markdown 文件已保存: ./notify_logs\notify_20260327_163113.md
2026-03-27 16:31:13 | INFO     | src.indicators.technical_indicators:calculate_ma:133 | 计算 30 日移动平均线完成
2026-03-27 16:31:13 | INFO     | src.indicators.technical_indicators:calculate_ma:133 | 计算 250 日移动平均线完成
2026-03-27 16:31:13 | INFO     | src.workflow.base:calculate_technical_indicators:188 | 计算股票 002046 的技术指标
2026-03-27 16:31:13 | INFO     | src.indicators.technical_indicators:calculate_sma:157 | 计算 10 日简单移动平均线完成
2026-03-27 16:31:13 | INFO     | src.indicators.technical_indicators:calculate_bias:500 | 计算 10 日乖离率完成
2026-03-27 16:31:13 | INFO     | src.core.data_fetcher:save_data:432 | 保存数据到 csv 文件: 300672_with_indicators
2026-03-27 16:31:13 | INFO     | src.workflow.base:calculate_technical_indicators:188 | 计算股票 300455 的技术指标
2026-03-27 16:31:13 | INFO     | src.indicators.technical_indicators:calculate_bias:500 | 计算 30 日乖离率完成
2026-03-27 16:31:13 | INFO     | src.indicators.technical_indicators:calculate_bias:500 | 计算 250 日乖离率完成
2026-03-27 16:31:13 | INFO     | src.indicators.technical_indicators:calculate_ma:133 | 计算 5 日移动平均线完成
2026-03-27 16:31:13 | INFO     | src.indicators.technical_indicators:calculate_sma:157 | 计算 20 日简单移动平均线完成
2026-03-27 16:31:13 | INFO     | src.indicators.technical_indicators:calculate_ma:133 | 计算 20 日移动平均线完成
2026-03-27 16:31:13 | INFO     | src.indicators.technical_indicators:calculate_ma:133 | 计算 60 日移动平均线完成
2026-03-27 16:31:13 | INFO     | src.indicators.technical_indicators:calculate_ma:133 | 计算 5 日移动平均线完成
2026-03-27 16:31:13 | INFO     | src.indicators.technical_indicators:calculate_psy:523 | 计算 10 日心理线完成
2026-03-27 16:31:13 | INFO     | src.indicators.technical_indicators:calculate_ma:133 | 计算 10 日移动平均线完成
2026-03-27 16:31:13 | INFO     | src.indicators.technical_indicators:calculate_sma:157 | 计算 30 日简单移动平均线完成
2026-03-27 16:31:13 | INFO     | src.core.data_fetcher:save_data:452 | 数据保存成功: ./data\002049_with_indicators.csv
2026-03-27 16:31:13 | INFO     | src.indicators.technical_indicators:calculate_bias:500 | 计算 20 日乖离率完成
2026-03-27 16:31:13 | INFO     | src.indicators.technical_indicators:calculate_bias:500 | 计算 60 日乖离率完成
2026-03-27 16:31:13 | INFO     | src.indicators.technical_indicators:calculate_ma:133 | 计算 10 日移动平均线完成
2026-03-27 16:31:13 | WARNING  | src.indicators.technical_indicators:calculate_all:635 | 未知的指标类型: rsv_period
2026-03-27 16:31:13 | INFO     | src.indicators.technical_indicators:calculate_ma:133 | 计算 20 日移动平均线完成
2026-03-27 16:31:13 | INFO     | src.indicators.technical_indicators:calculate_sma:157 | 计算 60 日简单移动平均线完成
2026-03-27 16:31:13 | INFO     | src.workflow.base:calculate_signals:224 | 对股票 002049 进行信号判断
2026-03-27 16:31:13 | INFO     | src.indicators.technical_indicators:calculate_ma:133 | 计算 30 日移动平均线完成
2026-03-27 16:31:13 | INFO     | src.indicators.technical_indicators:calculate_ma:133 | 计算 120 日移动平均线完成
2026-03-27 16:31:13 | INFO     | src.indicators.technical_indicators:calculate_ma:133 | 计算 20 日移动平均线完成
2026-03-27 16:31:13 | WARNING  | src.indicators.technical_indicators:calculate_all:635 | 未知的指标类型: volume_period
2026-03-27 16:31:13 | INFO     | src.indicators.technical_indicators:calculate_ma:133 | 计算 30 日移动平均线完成
2026-03-27 16:31:13 | INFO     | src.indicators.technical_indicators:calculate_sma:157 | 计算 120 日简单移动平均线完成
2026-03-27 16:31:13 | INFO     | src.core.data_fetcher:save_data:432 | 保存数据到 csv 文件: 002049_signals
2026-03-27 16:31:13 | INFO     | src.indicators.technical_indicators:calculate_bias:500 | 计算 30 日乖离率完成
2026-03-27 16:31:13 | INFO     | src.indicators.technical_indicators:calculate_bias:500 | 计算 120 日乖离率完成
2026-03-27 16:31:13 | INFO     | src.indicators.technical_indicators:calculate_ma:133 | 计算 30 日移动平均线完成
2026-03-27 16:31:13 | INFO     | src.indicators.technical_indicators:calculate_all:640 | 完成计算 45 个技术指标
2026-03-27 16:31:13 | INFO     | src.indicators.technical_indicators:calculate_ma:133 | 计算 60 日移动平均线完成
2026-03-27 16:31:13 | INFO     | src.indicators.technical_indicators:calculate_sma:157 | 计算 250 日简单移动平均线完成
2026-03-27 16:31:13 | INFO     | src.indicators.technical_indicators:calculate_ma:133 | 计算 60 日移动平均线完成
2026-03-27 16:31:13 | INFO     | src.indicators.technical_indicators:calculate_ma:133 | 计算 250 日移动平均线完成
2026-03-27 16:31:13 | INFO     | src.core.data_fetcher:save_data:452 | 数据保存成功: ./data\002049_signals.csv
2026-03-27 16:31:13 | INFO     | src.indicators.technical_indicators:calculate_ma:133 | 计算 60 日移动平均线完成
2026-03-27 16:31:13 | INFO     | src.indicators.technical_indicators:calculate_ma:133 | 计算 120 日移动平均线完成
2026-03-27 16:31:13 | INFO     | src.indicators.technical_indicators:calculate_ema:182 | 计算 12 日指数移动平均线完成
2026-03-27 16:31:13 | INFO     | src.indicators.technical_indicators:calculate_bias:500 | 计算 60 日乖离率完成
2026-03-27 16:31:13 | INFO     | src.indicators.technical_indicators:calculate_bias:500 | 计算 250 日乖离率完成
2026-03-27 16:31:13 | INFO     | src.workflow.technical:_process_single_stock:45 |   股票 002049 信号判断完成: 持有 (得分: 0.122)
2026-03-27 16:31:13 | INFO     | src.core.data_fetcher:save_data:432 | 保存数据到 csv 文件: 002179_with_indicators
2026-03-27 16:31:13 | INFO     | src.core.data_fetcher:save_data:452 | 数据保存成功: ./data\300672_with_indicators.csv
2026-03-27 16:31:13 | INFO     | src.indicators.technical_indicators:calculate_ma:133 | 计算 120 日移动平均线完成
2026-03-27 16:31:13 | INFO     | src.indicators.technical_indicators:calculate_ma:133 | 计算 250 日移动平均线完成
2026-03-27 16:31:13 | INFO     | src.indicators.technical_indicators:calculate_ema:182 | 计算 26 日指数移动平均线完成
2026-03-27 16:31:13 | INFO     | src.indicators.technical_indicators:calculate_ma:133 | 计算 120 日移动平均线完成
2026-03-27 16:31:13 | INFO     | src.indicators.technical_indicators:calculate_psy:523 | 计算 10 日心理线完成
2026-03-27 16:31:13 | INFO     | src.workflow.base:calculate_technical_indicators:188 | 计算股票 300782 的技术指标
2026-03-27 16:31:13 | INFO     | src.workflow.base:calculate_signals:224 | 对股票 300672 进行信号判断
2026-03-27 16:31:13 | INFO     | src.indicators.technical_indicators:calculate_ma:133 | 计算 250 日移动平均线完成
2026-03-27 16:31:13 | INFO     | src.indicators.technical_indicators:calculate_sma:157 | 计算 5 日简单移动平均线完成
2026-03-27 16:31:14 | INFO     | src.indicators.technical_indicators:calculate_bias:500 | 计算 120 日乖离率完成
2026-03-27 16:31:14 | INFO     | src.indicators.technical_indicators:calculate_rsi:221 | 计算 6 日RSI完成
2026-03-27 16:31:14 | WARNING  | src.indicators.technical_indicators:calculate_all:635 | 未知的指标类型: rsv_period
2026-03-27 16:31:14 | INFO     | src.indicators.technical_indicators:calculate_ma:133 | 计算 5 日移动平均线完成
2026-03-27 16:31:14 | INFO     | src.indicators.technical_indicators:calculate_sma:157 | 计算 5 日简单移动平均线完成
2026-03-27 16:31:14 | INFO     | src.core.data_fetcher:save_data:432 | 保存数据到 csv 文件: 300672_signals
2026-03-27 16:31:14 | INFO     | src.indicators.technical_indicators:calculate_sma:157 | 计算 10 日简单移动平均线完成
2026-03-27 16:31:14 | INFO     | src.indicators.technical_indicators:calculate_ma:133 | 计算 250 日移动平均线完成
2026-03-27 16:31:14 | WARNING  | src.indicators.technical_indicators:calculate_all:635 | 未知的指标类型: volume_period
2026-03-27 16:31:14 | INFO     | src.indicators.technical_indicators:calculate_ma:133 | 计算 10 日移动平均线完成
2026-03-27 16:31:14 | INFO     | src.indicators.technical_indicators:calculate_rsi:221 | 计算 12 日RSI完成
2026-03-27 16:31:14 | INFO     | src.indicators.technical_indicators:calculate_sma:157 | 计算 10 日简单移动平均线完成
2026-03-27 16:31:14 | INFO     | src.indicators.technical_indicators:calculate_sma:157 | 计算 20 日简单移动平均线完成
2026-03-27 16:31:14 | INFO     | src.core.data_fetcher:save_data:452 | 数据保存成功: ./data\300672_signals.csv
2026-03-27 16:31:14 | INFO     | src.indicators.technical_indicators:calculate_bias:500 | 计算 250 日乖离率完成
2026-03-27 16:31:14 | INFO     | src.indicators.technical_indicators:calculate_all:640 | 完成计算 45 个技术指标
2026-03-27 16:31:14 | INFO     | src.indicators.technical_indicators:calculate_ma:133 | 计算 20 日移动平均线完成
2026-03-27 16:31:14 | INFO     | src.indicators.technical_indicators:calculate_sma:157 | 计算 20 日简单移动平均线完成
2026-03-27 16:31:14 | INFO     | src.indicators.technical_indicators:calculate_rsi:221 | 计算 24 日RSI完成
2026-03-27 16:31:14 | INFO     | src.indicators.technical_indicators:calculate_sma:157 | 计算 30 日简单移动平均线完成
2026-03-27 16:31:14 | INFO     | src.workflow.technical:_process_single_stock:45 |   股票 300672 信号判断完成: 持有 (得分: -0.137)
2026-03-27 16:31:14 | INFO     | src.indicators.technical_indicators:calculate_psy:523 | 计算 10 日心理线完成
2026-03-27 16:31:14 | INFO     | src.indicators.technical_indicators:calculate_ma:133 | 计算 30 日移动平均线完成
2026-03-27 16:31:14 | INFO     | src.indicators.technical_indicators:calculate_sma:157 | 计算 30 日简单移动平均线完成
2026-03-27 16:31:14 | INFO     | src.indicators.technical_indicators:calculate_macd:263 | 计算MACD完成：快线=12, 慢线=26, 信号线=9
2026-03-27 16:31:14 | INFO     | src.indicators.technical_indicators:calculate_sma:157 | 计算 60 日简单移动平均线完成
2026-03-27 16:31:14 | INFO     | src.workflow.base:calculate_technical_indicators:188 | 计算股票 688122 的技术指标
2026-03-27 16:31:14 | WARNING  | src.indicators.technical_indicators:calculate_all:635 | 未知的指标类型: rsv_period
2026-03-27 16:31:14 | INFO     | src.indicators.technical_indicators:calculate_ma:133 | 计算 60 日移动平均线完成
2026-03-27 16:31:14 | INFO     | src.core.data_fetcher:save_data:432 | 保存数据到 csv 文件: 002338_with_indicators
2026-03-27 16:31:14 | INFO     | src.indicators.technical_indicators:calculate_sma:157 | 计算 60 日简单移动平均线完成
2026-03-27 16:31:14 | INFO     | src.indicators.technical_indicators:calculate_macd:263 | 计算MACD完成：快线=12, 慢线=26, 信号线=12
2026-03-27 16:31:14 | INFO     | src.indicators.technical_indicators:calculate_sma:157 | 计算 120 日简单移动平均线完成
2026-03-27 16:31:14 | INFO     | src.core.data_fetcher:save_data:452 | 数据保存成功: ./data\002179_with_indicators.csv
2026-03-27 16:31:14 | INFO     | src.indicators.technical_indicators:calculate_ma:133 | 计算 5 日移动平均线完成
2026-03-27 16:31:14 | WARNING  | src.indicators.technical_indicators:calculate_all:635 | 未知的指标类型: volume_period
2026-03-27 16:31:14 | INFO     | src.indicators.technical_indicators:calculate_ma:133 | 计算 120 日移动平均线完成
2026-03-27 16:31:14 | INFO     | src.indicators.technical_indicators:calculate_sma:157 | 计算 120 日简单移动平均线完成
2026-03-27 16:31:14 | INFO     | src.indicators.technical_indicators:calculate_boll:303 | 计算布林带完成：周期=20, 标准差倍数=2
2026-03-27 16:31:14 | INFO     | src.indicators.technical_indicators:calculate_sma:157 | 计算 250 日简单移动平均线完成
2026-03-27 16:31:14 | INFO     | src.workflow.base:calculate_signals:224 | 对股票 002179 进行信号判断
2026-03-27 16:31:14 | INFO     | src.indicators.technical_indicators:calculate_ma:133 | 计算 10 日移动平均线完成
2026-03-27 16:31:14 | INFO     | src.indicators.technical_indicators:calculate_all:640 | 完成计算 45 个技术指标
2026-03-27 16:31:14 | INFO     | src.indicators.technical_indicators:calculate_ma:133 | 计算 250 日移动平均线完成
2026-03-27 16:31:14 | INFO     | src.indicators.technical_indicators:calculate_sma:157 | 计算 250 日简单移动平均线完成
2026-03-27 16:31:14 | INFO     | src.indicators.technical_indicators:calculate_kdj:350 | 计算KDJ完成：K周期=9, D周期=3, J周期=3
2026-03-27 16:31:14 | INFO     | src.indicators.technical_indicators:calculate_ema:182 | 计算 12 日指数移动平均线完成
2026-03-27 16:31:14 | INFO     | src.core.data_fetcher:save_data:432 | 保存数据到 csv 文件: 002179_signals
2026-03-27 16:31:14 | INFO     | src.indicators.technical_indicators:calculate_ma:133 | 计算 20 日移动平均线完成
2026-03-27 16:31:14 | INFO     | src.indicators.technical_indicators:calculate_sma:157 | 计算 5 日简单移动平均线完成
2026-03-27 16:31:14 | INFO     | src.indicators.technical_indicators:calculate_ema:182 | 计算 12 日指数移动平均线完成
2026-03-27 16:31:14 | INFO     | src.indicators.technical_indicators:calculate_ema:182 | 计算 26 日指数移动平均线完成
2026-03-27 16:31:14 | INFO     | src.indicators.technical_indicators:calculate_kdj:350 | 计算KDJ完成：K周期=10, D周期=3, J周期=3
2026-03-27 16:31:14 | INFO     | src.indicators.technical_indicators:calculate_ma:133 | 计算 30 日移动平均线完成
2026-03-27 16:31:14 | INFO     | src.core.data_fetcher:save_data:452 | 数据保存成功: ./data\002179_signals.csv
2026-03-27 16:31:14 | INFO     | src.indicators.technical_indicators:calculate_sma:157 | 计算 10 日简单移动平均线完成
2026-03-27 16:31:14 | INFO     | src.indicators.technical_indicators:calculate_ema:182 | 计算 26 日指数移动平均线完成
2026-03-27 16:31:14 | INFO     | src.core.data_fetcher:save_data:432 | 保存数据到 csv 文件: 300065_with_indicators
2026-03-27 16:31:14 | INFO     | src.indicators.technical_indicators:calculate_rsi:221 | 计算 6 日RSI完成
2026-03-27 16:31:14 | INFO     | src.indicators.technical_indicators:calculate_atr:385 | 计算 10 日ATR完成
2026-03-27 16:31:14 | INFO     | src.workflow.technical:_process_single_stock:45 |   股票 002179 信号判断完成: 买入 (得分: 0.216)
2026-03-27 16:31:14 | INFO     | src.indicators.technical_indicators:calculate_ma:133 | 计算 60 日移动平均线完成
2026-03-27 16:31:14 | INFO     | src.indicators.technical_indicators:calculate_sma:157 | 计算 20 日简单移动平均线完成
2026-03-27 16:31:14 | INFO     | src.indicators.technical_indicators:calculate_rsi:221 | 计算 6 日RSI完成
2026-03-27 16:31:14 | INFO     | src.indicators.technical_indicators:calculate_rsi:221 | 计算 12 日RSI完成
2026-03-27 16:31:14 | INFO     | src.indicators.technical_indicators:calculate_ma:133 | 计算 120 日移动平均线完成
2026-03-27 16:31:14 | INFO     | src.indicators.technical_indicators:calculate_sma:157 | 计算 30 日简单移动平均线完成
2026-03-27 16:31:14 | INFO     | src.indicators.technical_indicators:calculate_rsi:221 | 计算 12 日RSI完成
2026-03-27 16:31:14 | INFO     | src.indicators.technical_indicators:calculate_rsi:221 | 计算 24 日RSI完成
2026-03-27 16:31:14 | INFO     | src.indicators.technical_indicators:calculate_ma:133 | 计算 250 日移动平均线完成
2026-03-27 16:31:14 | INFO     | src.indicators.technical_indicators:calculate_sma:157 | 计算 60 日简单移动平均线完成
2026-03-27 16:31:14 | INFO     | src.core.data_fetcher:save_data:452 | 数据保存成功: ./data\002338_with_indicators.csv
2026-03-27 16:31:14 | ERROR    | src.notify.channels.base:send:80 | NtfyChannel 发送异常 (尝试 1/3): ('Connection aborted.', ConnectionAbortedError(10053, '你的主机中的软件中止了一个已建立的连接。', None, 10053, None))
2026-03-27 16:31:14 | INFO     | src.indicators.technical_indicators:calculate_cci:446 | 计算 20 日CCI完成
2026-03-27 16:31:14 | INFO     | src.indicators.technical_indicators:calculate_rsi:221 | 计算 24 日RSI完成
2026-03-27 16:31:14 | INFO     | src.indicators.technical_indicators:calculate_macd:263 | 计算MACD完成：快线=12, 慢线=26, 信号线=9
2026-03-27 16:31:14 | INFO     | src.indicators.technical_indicators:calculate_sma:157 | 计算 5 日简单移动平均线完成
2026-03-27 16:31:14 | INFO     | src.indicators.technical_indicators:calculate_sma:157 | 计算 120 日简单移动平均线完成
2026-03-27 16:31:14 | INFO     | src.workflow.base:calculate_signals:224 | 对股票 002338 进行信号判断
2026-03-27 16:31:14 | INFO     | src.indicators.technical_indicators:calculate_williams_r:476 | 计算 10 日威廉指标完成
2026-03-27 16:31:14 | INFO     | src.indicators.technical_indicators:calculate_macd:263 | 计算MACD完成：快线=12, 慢线=26, 信号线=9
2026-03-27 16:31:14 | INFO     | src.indicators.technical_indicators:calculate_macd:263 | 计算MACD完成：快线=12, 慢线=26, 信号线=12
2026-03-27 16:31:14 | INFO     | src.indicators.technical_indicators:calculate_sma:157 | 计算 10 日简单移动平均线完成
2026-03-27 16:31:14 | INFO     | src.indicators.technical_indicators:calculate_sma:157 | 计算 250 日简单移动平均线完成
2026-03-27 16:31:14 | INFO     | src.core.data_fetcher:save_data:432 | 保存数据到 csv 文件: 002338_signals
2026-03-27 16:31:14 | INFO     | src.indicators.technical_indicators:calculate_ma:133 | 计算 5 日移动平均线完成
2026-03-27 16:31:14 | INFO     | src.indicators.technical_indicators:calculate_macd:263 | 计算MACD完成：快线=12, 慢线=26, 信号线=12
2026-03-27 16:31:14 | INFO     | src.indicators.technical_indicators:calculate_sma:157 | 计算 20 日简单移动平均线完成
2026-03-27 16:31:14 | INFO     | src.indicators.technical_indicators:calculate_boll:303 | 计算布林带完成：周期=20, 标准差倍数=2
2026-03-27 16:31:14 | INFO     | src.indicators.technical_indicators:calculate_ema:182 | 计算 12 日指数移动平均线完成
2026-03-27 16:31:14 | INFO     | src.indicators.technical_indicators:calculate_bias:500 | 计算 5 日乖离率完成
2026-03-27 16:31:14 | INFO     | src.core.data_fetcher:save_data:452 | 数据保存成功: ./data\002338_signals.csv
2026-03-27 16:31:14 | INFO     | src.indicators.technical_indicators:calculate_boll:303 | 计算布林带完成：周期=20, 标准差倍数=2
2026-03-27 16:31:14 | INFO     | src.indicators.technical_indicators:calculate_sma:157 | 计算 30 日简单移动平均线完成
2026-03-27 16:31:14 | INFO     | src.indicators.technical_indicators:calculate_ema:182 | 计算 26 日指数移动平均线完成
2026-03-27 16:31:14 | INFO     | src.indicators.technical_indicators:calculate_ma:133 | 计算 10 日移动平均线完成
2026-03-27 16:31:14 | INFO     | src.workflow.technical:_process_single_stock:45 |   股票 002338 信号判断完成: 持有 (得分: 0.120)
2026-03-27 16:31:14 | INFO     | src.indicators.technical_indicators:calculate_kdj:350 | 计算KDJ完成：K周期=9, D周期=3, J周期=3
2026-03-27 16:31:14 | INFO     | src.core.data_fetcher:save_data:452 | 数据保存成功: ./data\300065_with_indicators.csv
2026-03-27 16:31:14 | INFO     | src.indicators.technical_indicators:calculate_kdj:350 | 计算KDJ完成：K周期=9, D周期=3, J周期=3
2026-03-27 16:31:14 | INFO     | src.indicators.technical_indicators:calculate_sma:157 | 计算 60 日简单移动平均线完成
2026-03-27 16:31:14 | INFO     | src.indicators.technical_indicators:calculate_bias:500 | 计算 10 日乖离率完成
2026-03-27 16:31:14 | INFO     | src.indicators.technical_indicators:calculate_rsi:221 | 计算 6 日RSI完成
2026-03-27 16:31:14 | INFO     | src.workflow.base:calculate_technical_indicators:188 | 计算股票 688685 的技术指标
2026-03-27 16:31:14 | INFO     | src.indicators.technical_indicators:calculate_kdj:350 | 计算KDJ完成：K周期=10, D周期=3, J周期=3
2026-03-27 16:31:14 | INFO     | src.workflow.base:calculate_signals:224 | 对股票 300065 进行信号判断
2026-03-27 16:31:14 | INFO     | src.indicators.technical_indicators:calculate_kdj:350 | 计算KDJ完成：K周期=10, D周期=3, J周期=3
2026-03-27 16:31:14 | INFO     | src.indicators.technical_indicators:calculate_sma:157 | 计算 120 日简单移动平均线完成
2026-03-27 16:31:14 | INFO     | src.indicators.technical_indicators:calculate_ma:133 | 计算 20 日移动平均线完成
2026-03-27 16:31:14 | INFO     | src.indicators.technical_indicators:calculate_rsi:221 | 计算 12 日RSI完成
2026-03-27 16:31:14 | INFO     | src.indicators.technical_indicators:calculate_ma:133 | 计算 5 日移动平均线完成
2026-03-27 16:31:14 | INFO     | src.indicators.technical_indicators:calculate_atr:385 | 计算 10 日ATR完成
2026-03-27 16:31:14 | INFO     | src.core.data_fetcher:save_data:432 | 保存数据到 csv 文件: 300065_signals
2026-03-27 16:31:14 | INFO     | src.indicators.technical_indicators:calculate_sma:157 | 计算 250 日简单移动平均线完成
2026-03-27 16:31:14 | INFO     | src.indicators.technical_indicators:calculate_atr:385 | 计算 10 日ATR完成
2026-03-27 16:31:14 | INFO     | src.indicators.technical_indicators:calculate_bias:500 | 计算 20 日乖离率完成
2026-03-27 16:31:14 | INFO     | src.indicators.technical_indicators:calculate_ma:133 | 计算 10 日移动平均线完成
2026-03-27 16:31:14 | INFO     | src.indicators.technical_indicators:calculate_rsi:221 | 计算 24 日RSI完成
2026-03-27 16:31:14 | INFO     | src.indicators.technical_indicators:calculate_ema:182 | 计算 12 日指数移动平均线完成
2026-03-27 16:31:14 | INFO     | src.core.data_fetcher:save_data:452 | 数据保存成功: ./data\300065_signals.csv
2026-03-27 16:31:15 | INFO     | src.indicators.technical_indicators:calculate_ma:133 | 计算 30 日移动平均线完成
2026-03-27 16:31:15 | INFO     | src.indicators.technical_indicators:calculate_cci:446 | 计算 20 日CCI完成
2026-03-27 16:31:15 | INFO     | src.indicators.technical_indicators:calculate_ma:133 | 计算 20 日移动平均线完成
2026-03-27 16:31:15 | INFO     | src.indicators.technical_indicators:calculate_macd:263 | 计算MACD完成：快线=12, 慢线=26, 信号线=9
2026-03-27 16:31:15 | INFO     | src.indicators.technical_indicators:calculate_ema:182 | 计算 26 日指数移动平均线完成
2026-03-27 16:31:15 | INFO     | src.workflow.technical:_process_single_stock:45 |   股票 300065 信号判断完成: 持有 (得分: 0.172)
2026-03-27 16:31:15 | INFO     | src.indicators.technical_indicators:calculate_bias:500 | 计算 30 日乖离率完成
2026-03-27 16:31:15 | INFO     | src.indicators.technical_indicators:calculate_cci:446 | 计算 20 日CCI完成
2026-03-27 16:31:15 | INFO     | src.indicators.technical_indicators:calculate_williams_r:476 | 计算 10 日威廉指标完成
2026-03-27 16:31:15 | INFO     | src.indicators.technical_indicators:calculate_ma:133 | 计算 30 日移动平均线完成
2026-03-27 16:31:15 | INFO     | src.indicators.technical_indicators:calculate_macd:263 | 计算MACD完成：快线=12, 慢线=26, 信号线=12
2026-03-27 16:31:15 | INFO     | src.workflow.base:calculate_technical_indicators:188 | 计算股票 688385 的技术指标
2026-03-27 16:31:15 | INFO     | src.indicators.technical_indicators:calculate_rsi:221 | 计算 6 日RSI完成
2026-03-27 16:31:15 | INFO     | src.indicators.technical_indicators:calculate_ma:133 | 计算 60 日移动平均线完成
2026-03-27 16:31:15 | INFO     | src.indicators.technical_indicators:calculate_williams_r:476 | 计算 10 日威廉指标完成
2026-03-27 16:31:15 | INFO     | src.indicators.technical_indicators:calculate_ma:133 | 计算 5 日移动平均线完成
2026-03-27 16:31:15 | INFO     | src.indicators.technical_indicators:calculate_ma:133 | 计算 60 日移动平均线完成
2026-03-27 16:31:15 | INFO     | src.indicators.technical_indicators:calculate_ma:133 | 计算 5 日移动平均线完成
2026-03-27 16:31:15 | INFO     | src.indicators.technical_indicators:calculate_boll:303 | 计算布林带完成：周期=20, 标准差倍数=2
2026-03-27 16:31:15 | INFO     | src.indicators.technical_indicators:calculate_bias:500 | 计算 60 日乖离率完成
2026-03-27 16:31:15 | INFO     | src.indicators.technical_indicators:calculate_rsi:221 | 计算 12 日RSI完成
2026-03-27 16:31:15 | INFO     | src.indicators.technical_indicators:calculate_ma:133 | 计算 5 日移动平均线完成
2026-03-27 16:31:15 | INFO     | src.indicators.technical_indicators:calculate_bias:500 | 计算 5 日乖离率完成
2026-03-27 16:31:15 | INFO     | src.indicators.technical_indicators:calculate_ma:133 | 计算 120 日移动平均线完成
2026-03-27 16:31:15 | INFO     | src.indicators.technical_indicators:calculate_ma:133 | 计算 10 日移动平均线完成
2026-03-27 16:31:15 | INFO     | src.indicators.technical_indicators:calculate_kdj:350 | 计算KDJ完成：K周期=9, D周期=3, J周期=3
2026-03-27 16:31:15 | INFO     | src.indicators.technical_indicators:calculate_ma:133 | 计算 120 日移动平均线完成
2026-03-27 16:31:15 | INFO     | src.indicators.technical_indicators:calculate_bias:500 | 计算 5 日乖离率完成
2026-03-27 16:31:15 | INFO     | src.indicators.technical_indicators:calculate_rsi:221 | 计算 24 日RSI完成
2026-03-27 16:31:15 | INFO     | src.indicators.technical_indicators:calculate_ma:133 | 计算 10 日移动平均线完成
2026-03-27 16:31:15 | INFO     | src.indicators.technical_indicators:calculate_ma:133 | 计算 250 日移动平均线完成
2026-03-27 16:31:15 | INFO     | src.indicators.technical_indicators:calculate_ma:133 | 计算 20 日移动平均线完成
2026-03-27 16:31:15 | INFO     | src.indicators.technical_indicators:calculate_bias:500 | 计算 120 日乖离率完成
2026-03-27 16:31:15 | INFO     | src.indicators.technical_indicators:calculate_kdj:350 | 计算KDJ完成：K周期=10, D周期=3, J周期=3
2026-03-27 16:31:15 | INFO     | src.indicators.technical_indicators:calculate_ma:133 | 计算 10 日移动平均线完成
2026-03-27 16:31:15 | INFO     | src.indicators.technical_indicators:calculate_bias:500 | 计算 10 日乖离率完成
2026-03-27 16:31:15 | INFO     | src.indicators.technical_indicators:calculate_macd:263 | 计算MACD完成：快线=12, 慢线=26, 信号线=9
2026-03-27 16:31:15 | INFO     | src.indicators.technical_indicators:calculate_sma:157 | 计算 5 日简单移动平均线完成
2026-03-27 16:31:15 | INFO     | src.indicators.technical_indicators:calculate_ma:133 | 计算 30 日移动平均线完成
2026-03-27 16:31:15 | INFO     | src.indicators.technical_indicators:calculate_ma:133 | 计算 250 日移动平均线完成
2026-03-27 16:31:15 | INFO     | src.indicators.technical_indicators:calculate_bias:500 | 计算 10 日乖离率完成
2026-03-27 16:31:15 | INFO     | src.indicators.technical_indicators:calculate_ma:133 | 计算 20 日移动平均线完成
2026-03-27 16:31:15 | INFO     | src.indicators.technical_indicators:calculate_atr:385 | 计算 10 日ATR完成
2026-03-27 16:31:15 | INFO     | src.indicators.technical_indicators:calculate_macd:263 | 计算MACD完成：快线=12, 慢线=26, 信号线=12
2026-03-27 16:31:15 | INFO     | src.indicators.technical_indicators:calculate_sma:157 | 计算 10 日简单移动平均线完成
2026-03-27 16:31:15 | INFO     | src.indicators.technical_indicators:calculate_ma:133 | 计算 60 日移动平均线完成
2026-03-27 16:31:15 | INFO     | src.indicators.technical_indicators:calculate_bias:500 | 计算 250 日乖离率完成
2026-03-27 16:31:15 | INFO     | src.indicators.technical_indicators:calculate_bias:500 | 计算 20 日乖离率完成
2026-03-27 16:31:15 | INFO     | src.indicators.technical_indicators:calculate_ma:133 | 计算 20 日移动平均线完成
2026-03-27 16:31:15 | INFO     | src.indicators.technical_indicators:calculate_boll:303 | 计算布林带完成：周期=20, 标准差倍数=2
2026-03-27 16:31:15 | INFO     | src.indicators.technical_indicators:calculate_sma:157 | 计算 20 日简单移动平均线完成
2026-03-27 16:31:15 | INFO     | src.indicators.technical_indicators:calculate_ma:133 | 计算 120 日移动平均线完成
2026-03-27 16:31:15 | INFO     | src.indicators.technical_indicators:calculate_psy:523 | 计算 10 日心理线完成
2026-03-27 16:31:15 | INFO     | src.indicators.technical_indicators:calculate_ma:133 | 计算 30 日移动平均线完成
2026-03-27 16:31:15 | INFO     | src.indicators.technical_indicators:calculate_bias:500 | 计算 20 日乖离率完成
2026-03-27 16:31:15 | INFO     | src.indicators.technical_indicators:calculate_cci:446 | 计算 20 日CCI完成
2026-03-27 16:31:15 | INFO     | src.indicators.technical_indicators:calculate_kdj:350 | 计算KDJ完成：K周期=9, D周期=3, J周期=3
2026-03-27 16:31:15 | INFO     | src.indicators.technical_indicators:calculate_sma:157 | 计算 30 日简单移动平均线完成
2026-03-27 16:31:15 | INFO     | src.indicators.technical_indicators:calculate_ma:133 | 计算 250 日移动平均线完成
2026-03-27 16:31:15 | WARNING  | src.indicators.technical_indicators:calculate_all:635 | 未知的指标类型: rsv_period
2026-03-27 16:31:15 | INFO     | src.indicators.technical_indicators:calculate_bias:500 | 计算 30 日乖离率完成
2026-03-27 16:31:15 | INFO     | src.indicators.technical_indicators:calculate_ma:133 | 计算 30 日移动平均线完成
2026-03-27 16:31:15 | INFO     | src.indicators.technical_indicators:calculate_williams_r:476 | 计算 10 日威廉指标完成
2026-03-27 16:31:15 | INFO     | src.indicators.technical_indicators:calculate_kdj:350 | 计算KDJ完成：K周期=10, D周期=3, J周期=3
2026-03-27 16:31:15 | INFO     | src.indicators.technical_indicators:calculate_sma:157 | 计算 60 日简单移动平均线完成
2026-03-27 16:31:15 | INFO     | src.indicators.technical_indicators:calculate_sma:157 | 计算 5 日简单移动平均线完成
2026-03-27 16:31:15 | WARNING  | src.indicators.technical_indicators:calculate_all:635 | 未知的指标类型: volume_period
2026-03-27 16:31:15 | INFO     | src.indicators.technical_indicators:calculate_bias:500 | 计算 30 日乖离率完成
2026-03-27 16:31:15 | INFO     | src.indicators.technical_indicators:calculate_ma:133 | 计算 60 日移动平均线完成
2026-03-27 16:31:15 | INFO     | src.indicators.technical_indicators:calculate_ma:133 | 计算 5 日移动平均线完成
2026-03-27 16:31:15 | INFO     | src.indicators.technical_indicators:calculate_sma:157 | 计算 10 日简单移动平均线完成
2026-03-27 16:31:15 | INFO     | src.indicators.technical_indicators:calculate_sma:157 | 计算 120 日简单移动平均线完成
2026-03-27 16:31:15 | INFO     | src.indicators.technical_indicators:calculate_all:640 | 完成计算 45 个技术指标
2026-03-27 16:31:15 | INFO     | src.indicators.technical_indicators:calculate_atr:385 | 计算 10 日ATR完成
2026-03-27 16:31:15 | INFO     | src.indicators.technical_indicators:calculate_ma:133 | 计算 60 日移动平均线完成
2026-03-27 16:31:15 | INFO     | src.indicators.technical_indicators:calculate_bias:500 | 计算 60 日乖离率完成
2026-03-27 16:31:15 | INFO     | src.indicators.technical_indicators:calculate_bias:500 | 计算 5 日乖离率完成
2026-03-27 16:31:15 | INFO     | src.indicators.technical_indicators:calculate_sma:157 | 计算 20 日简单移动平均线完成
2026-03-27 16:31:15 | INFO     | src.indicators.technical_indicators:calculate_sma:157 | 计算 250 日简单移动平均线完成
2026-03-27 16:31:15 | ERROR    | src.notify.channels.base:send:80 | NtfyChannel 发送异常 (尝试 2/3): HTTPSConnectionPool(host='ntfy.sh', port=443): Max retries exceeded with url: /process-notify-001 (Caused by SSLError(SSLEOFError(8, 'EOF occurred in violation of protocol (_ssl.c:997)')))
2026-03-27 16:31:15 | INFO     | src.indicators.technical_indicators:calculate_bias:500 | 计算 60 日乖离率完成
2026-03-27 16:31:16 | INFO     | src.indicators.technical_indicators:calculate_ma:133 | 计算 120 日移动平均线完成
2026-03-27 16:31:16 | INFO     | src.indicators.technical_indicators:calculate_ma:133 | 计算 10 日移动平均线完成
2026-03-27 16:31:16 | INFO     | src.indicators.technical_indicators:calculate_ema:182 | 计算 12 日指数移动平均线完成
2026-03-27 16:31:16 | INFO     | src.indicators.technical_indicators:calculate_cci:446 | 计算 20 日CCI完成
2026-03-27 16:31:16 | INFO     | src.indicators.technical_indicators:calculate_sma:157 | 计算 30 日简单移动平均线完成
2026-03-27 16:31:16 | INFO     | src.core.data_fetcher:save_data:432 | 保存数据到 csv 文件: 300101_with_indicators
2026-03-27 16:31:16 | INFO     | src.indicators.technical_indicators:calculate_ma:133 | 计算 120 日移动平均线完成
2026-03-27 16:31:16 | INFO     | src.indicators.technical_indicators:calculate_bias:500 | 计算 120 日乖离率完成
2026-03-27 16:31:16 | INFO     | src.indicators.technical_indicators:calculate_bias:500 | 计算 10 日乖离率完成
2026-03-27 16:31:16 | INFO     | src.indicators.technical_indicators:calculate_ema:182 | 计算 26 日指数移动平均线完成
2026-03-27 16:31:16 | INFO     | src.indicators.technical_indicators:calculate_sma:157 | 计算 60 日简单移动平均线完成
2026-03-27 16:31:16 | INFO     | src.indicators.technical_indicators:calculate_williams_r:476 | 计算 10 日威廉指标完成
2026-03-27 16:31:16 | INFO     | src.indicators.technical_indicators:calculate_bias:500 | 计算 120 日乖离率完成
2026-03-27 16:31:16 | INFO     | src.indicators.technical_indicators:calculate_ma:133 | 计算 250 日移动平均线完成
2026-03-27 16:31:16 | INFO     | src.indicators.technical_indicators:calculate_ma:133 | 计算 20 日移动平均线完成
2026-03-27 16:31:16 | INFO     | src.indicators.technical_indicators:calculate_sma:157 | 计算 120 日简单移动平均线完成
2026-03-27 16:31:16 | INFO     | src.indicators.technical_indicators:calculate_rsi:221 | 计算 6 日RSI完成
2026-03-27 16:31:16 | INFO     | src.indicators.technical_indicators:calculate_ma:133 | 计算 250 日移动平均线完成
2026-03-27 16:31:16 | INFO     | src.indicators.technical_indicators:calculate_ma:133 | 计算 5 日移动平均线完成
2026-03-27 16:31:16 | INFO     | src.indicators.technical_indicators:calculate_bias:500 | 计算 250 日乖离率完成
2026-03-27 16:31:16 | INFO     | src.indicators.technical_indicators:calculate_bias:500 | 计算 20 日乖离率完成
2026-03-27 16:31:16 | INFO     | src.indicators.technical_indicators:calculate_sma:157 | 计算 250 日简单移动平均线完成
2026-03-27 16:31:16 | INFO     | src.indicators.technical_indicators:calculate_bias:500 | 计算 250 日乖离率完成
2026-03-27 16:31:16 | INFO     | src.indicators.technical_indicators:calculate_bias:500 | 计算 5 日乖离率完成
2026-03-27 16:31:16 | INFO     | src.indicators.technical_indicators:calculate_rsi:221 | 计算 12 日RSI完成
2026-03-27 16:31:16 | INFO     | src.indicators.technical_indicators:calculate_psy:523 | 计算 10 日心理线完成
2026-03-27 16:31:16 | INFO     | src.indicators.technical_indicators:calculate_ma:133 | 计算 30 日移动平均线完成
2026-03-27 16:31:16 | INFO     | src.indicators.technical_indicators:calculate_ema:182 | 计算 12 日指数移动平均线完成
2026-03-27 16:31:16 | INFO     | src.indicators.technical_indicators:calculate_psy:523 | 计算 10 日心理线完成
2026-03-27 16:31:16 | INFO     | src.indicators.technical_indicators:calculate_ma:133 | 计算 10 日移动平均线完成
2026-03-27 16:31:16 | WARNING  | src.indicators.technical_indicators:calculate_all:635 | 未知的指标类型: rsv_period
2026-03-27 16:31:16 | INFO     | src.indicators.technical_indicators:calculate_rsi:221 | 计算 24 日RSI完成
2026-03-27 16:31:16 | INFO     | src.indicators.technical_indicators:calculate_bias:500 | 计算 30 日乖离率完成
2026-03-27 16:31:16 | INFO     | src.indicators.technical_indicators:calculate_ema:182 | 计算 26 日指数移动平均线完成
2026-03-27 16:31:16 | WARNING  | src.indicators.technical_indicators:calculate_all:635 | 未知的指标类型: rsv_period
2026-03-27 16:31:16 | INFO     | src.indicators.technical_indicators:calculate_bias:500 | 计算 10 日乖离率完成
2026-03-27 16:31:16 | WARNING  | src.indicators.technical_indicators:calculate_all:635 | 未知的指标类型: volume_period
2026-03-27 16:31:16 | INFO     | src.indicators.technical_indicators:calculate_macd:263 | 计算MACD完成：快线=12, 慢线=26, 信号线=9
2026-03-27 16:31:16 | INFO     | src.indicators.technical_indicators:calculate_ma:133 | 计算 60 日移动平均线完成
2026-03-27 16:31:16 | WARNING  | src.indicators.technical_indicators:calculate_all:635 | 未知的指标类型: volume_period
2026-03-27 16:31:16 | INFO     | src.indicators.technical_indicators:calculate_rsi:221 | 计算 6 日RSI完成
2026-03-27 16:31:16 | INFO     | src.indicators.technical_indicators:calculate_ma:133 | 计算 20 日移动平均线完成
2026-03-27 16:31:16 | INFO     | src.indicators.technical_indicators:calculate_all:640 | 完成计算 45 个技术指标
2026-03-27 16:31:16 | INFO     | src.indicators.technical_indicators:calculate_bias:500 | 计算 60 日乖离率完成
2026-03-27 16:31:16 | INFO     | src.indicators.technical_indicators:calculate_macd:263 | 计算MACD完成：快线=12, 慢线=26, 信号线=12
2026-03-27 16:31:16 | INFO     | src.indicators.technical_indicators:calculate_all:640 | 完成计算 45 个技术指标
2026-03-27 16:31:16 | INFO     | src.indicators.technical_indicators:calculate_rsi:221 | 计算 12 日RSI完成
2026-03-27 16:31:16 | INFO     | src.indicators.technical_indicators:calculate_bias:500 | 计算 20 日乖离率完成
2026-03-27 16:31:16 | INFO     | src.indicators.technical_indicators:calculate_ma:133 | 计算 120 日移动平均线完成
2026-03-27 16:31:16 | INFO     | src.core.data_fetcher:save_data:452 | 数据保存成功: ./data\300101_with_indicators.csv
2026-03-27 16:31:16 | INFO     | src.indicators.technical_indicators:calculate_boll:303 | 计算布林带完成：周期=20, 标准差倍数=2
2026-03-27 16:31:16 | INFO     | src.indicators.technical_indicators:calculate_rsi:221 | 计算 24 日RSI完成
2026-03-27 16:31:16 | INFO     | src.indicators.technical_indicators:calculate_ma:133 | 计算 30 日移动平均线完成
2026-03-27 16:31:16 | INFO     | src.indicators.technical_indicators:calculate_bias:500 | 计算 120 日乖离率完成
2026-03-27 16:31:16 | INFO     | src.core.data_fetcher:save_data:432 | 保存数据到 csv 文件: 002046_with_indicators
2026-03-27 16:31:16 | INFO     | src.workflow.base:calculate_signals:224 | 对股票 300101 进行信号判断
2026-03-27 16:31:16 | INFO     | src.indicators.technical_indicators:calculate_kdj:350 | 计算KDJ完成：K周期=9, D周期=3, J周期=3
2026-03-27 16:31:16 | INFO     | src.indicators.technical_indicators:calculate_macd:263 | 计算MACD完成：快线=12, 慢线=26, 信号线=9
2026-03-27 16:31:16 | INFO     | src.indicators.technical_indicators:calculate_bias:500 | 计算 30 日乖离率完成
2026-03-27 16:31:16 | INFO     | src.core.data_fetcher:save_data:432 | 保存数据到 csv 文件: 300455_with_indicators
2026-03-27 16:31:16 | INFO     | src.indicators.technical_indicators:calculate_ma:133 | 计算 250 日移动平均线完成
2026-03-27 16:31:16 | INFO     | src.core.data_fetcher:save_data:432 | 保存数据到 csv 文件: 300101_signals
2026-03-27 16:31:16 | INFO     | src.indicators.technical_indicators:calculate_kdj:350 | 计算KDJ完成：K周期=10, D周期=3, J周期=3
2026-03-27 16:31:16 | INFO     | src.indicators.technical_indicators:calculate_macd:263 | 计算MACD完成：快线=12, 慢线=26, 信号线=12
2026-03-27 16:31:16 | INFO     | src.indicators.technical_indicators:calculate_ma:133 | 计算 60 日移动平均线完成
2026-03-27 16:31:16 | INFO     | src.indicators.technical_indicators:calculate_bias:500 | 计算 250 日乖离率完成
2026-03-27 16:31:16 | INFO     | src.indicators.technical_indicators:calculate_bias:500 | 计算 60 日乖离率完成
2026-03-27 16:31:16 | INFO     | src.indicators.technical_indicators:calculate_boll:303 | 计算布林带完成：周期=20, 标准差倍数=2
2026-03-27 16:31:16 | INFO     | src.indicators.technical_indicators:calculate_atr:385 | 计算 10 日ATR完成
2026-03-27 16:31:16 | INFO     | src.indicators.technical_indicators:calculate_psy:523 | 计算 10 日心理线完成
2026-03-27 16:31:16 | INFO     | src.indicators.technical_indicators:calculate_ma:133 | 计算 120 日移动平均线完成
2026-03-27 16:31:16 | INFO     | src.core.data_fetcher:save_data:452 | 数据保存成功: ./data\300101_signals.csv
2026-03-27 16:31:16 | INFO     | src.indicators.technical_indicators:calculate_kdj:350 | 计算KDJ完成：K周期=9, D周期=3, J周期=3
2026-03-27 16:31:16 | WARNING  | src.indicators.technical_indicators:calculate_all:635 | 未知的指标类型: rsv_period
2026-03-27 16:31:16 | INFO     | src.indicators.technical_indicators:calculate_bias:500 | 计算 120 日乖离率完成
2026-03-27 16:31:16 | INFO     | src.workflow.technical:_process_single_stock:45 |   股票 300101 信号判断完成: 持有 (得分: 0.169)
2026-03-27 16:31:16 | INFO     | src.indicators.technical_indicators:calculate_kdj:350 | 计算KDJ完成：K周期=10, D周期=3, J周期=3
2026-03-27 16:31:16 | WARNING  | src.indicators.technical_indicators:calculate_all:635 | 未知的指标类型: volume_period
2026-03-27 16:31:16 | INFO     | src.indicators.technical_indicators:calculate_cci:446 | 计算 20 日CCI完成
2026-03-27 16:31:16 | INFO     | src.indicators.technical_indicators:calculate_ma:133 | 计算 250 日移动平均线完成
2026-03-27 16:31:16 | INFO     | src.workflow.base:calculate_technical_indicators:188 | 计算股票 300079 的技术指标
2026-03-27 16:31:16 | INFO     | src.indicators.technical_indicators:calculate_all:640 | 完成计算 45 个技术指标
2026-03-27 16:31:16 | INFO     | src.indicators.technical_indicators:calculate_atr:385 | 计算 10 日ATR完成
2026-03-27 16:31:16 | INFO     | src.indicators.technical_indicators:calculate_williams_r:476 | 计算 10 日威廉指标完成
2026-03-27 16:31:16 | INFO     | src.indicators.technical_indicators:calculate_bias:500 | 计算 250 日乖离率完成
2026-03-27 16:31:16 | INFO     | src.indicators.technical_indicators:calculate_ma:133 | 计算 5 日移动平均线完成
2026-03-27 16:31:16 | INFO     | src.indicators.technical_indicators:calculate_ma:133 | 计算 5 日移动平均线完成
2026-03-27 16:31:16 | INFO     | src.indicators.technical_indicators:calculate_psy:523 | 计算 10 日心理线完成
2026-03-27 16:31:17 | INFO     | src.indicators.technical_indicators:calculate_ma:133 | 计算 10 日移动平均线完成
2026-03-27 16:31:17 | INFO     | src.indicators.technical_indicators:calculate_bias:500 | 计算 5 日乖离率完成
2026-03-27 16:31:17 | INFO     | src.indicators.technical_indicators:calculate_cci:446 | 计算 20 日CCI完成
2026-03-27 16:31:17 | WARNING  | src.indicators.technical_indicators:calculate_all:635 | 未知的指标类型: rsv_period
2026-03-27 16:31:17 | INFO     | src.indicators.technical_indicators:calculate_ma:133 | 计算 20 日移动平均线完成
2026-03-27 16:31:17 | INFO     | src.indicators.technical_indicators:calculate_ma:133 | 计算 10 日移动平均线完成
2026-03-27 16:31:17 | WARNING  | src.indicators.technical_indicators:calculate_all:635 | 未知的指标类型: volume_period
2026-03-27 16:31:17 | INFO     | src.indicators.technical_indicators:calculate_williams_r:476 | 计算 10 日威廉指标完成
2026-03-27 16:31:17 | INFO     | src.core.data_fetcher:save_data:432 | 保存数据到 csv 文件: 300782_with_indicators
2026-03-27 16:31:17 | INFO     | src.indicators.technical_indicators:calculate_bias:500 | 计算 10 日乖离率完成
2026-03-27 16:31:17 | INFO     | src.indicators.technical_indicators:calculate_ma:133 | 计算 30 日移动平均线完成
2026-03-27 16:31:17 | INFO     | src.indicators.technical_indicators:calculate_all:640 | 完成计算 45 个技术指标
2026-03-27 16:31:17 | INFO     | src.indicators.technical_indicators:calculate_ma:133 | 计算 5 日移动平均线完成
2026-03-27 16:31:17 | INFO     | src.indicators.technical_indicators:calculate_ma:133 | 计算 20 日移动平均线完成
2026-03-27 16:31:17 | INFO     | src.core.data_fetcher:save_data:452 | 数据保存成功: ./data\002046_with_indicators.csv
2026-03-27 16:31:17 | INFO     | src.indicators.technical_indicators:calculate_ma:133 | 计算 60 日移动平均线完成
2026-03-27 16:31:17 | ERROR    | src.notify.channels.base:send:80 | NtfyChannel 发送异常 (尝试 3/3): HTTPSConnectionPool(host='ntfy.sh', port=443): Max retries exceeded with url: /process-notify-001 (Caused by SSLError(SSLEOFError(8, 'EOF occurred in violation of protocol (_ssl.c:997)')))
2026-03-27 16:31:17 | INFO     | src.indicators.technical_indicators:calculate_bias:500 | 计算 5 日乖离率完成
2026-03-27 16:31:17 | INFO     | src.indicators.technical_indicators:calculate_bias:500 | 计算 20 日乖离率完成
2026-03-27 16:31:17 | INFO     | src.workflow.base:calculate_signals:224 | 对股票 002046 进行信号判断
2026-03-27 16:31:17 | INFO     | src.indicators.technical_indicators:calculate_ma:133 | 计算 120 日移动平均线完成
2026-03-27 16:31:17 | INFO     | src.core.data_fetcher:save_data:452 | 数据保存成功: ./data\300455_with_indicators.csv
2026-03-27 16:31:17 | INFO     | src.indicators.technical_indicators:calculate_ma:133 | 计算 10 日移动平均线完成
2026-03-27 16:31:17 | INFO     | src.notify.channels.markdown:_do_send:75 | Markdown 文件已保存: ./notify_logs\notify_20260327_163117.md
2026-03-27 16:31:17 | INFO     | src.indicators.technical_indicators:calculate_ma:133 | 计算 30 日移动平均线完成
2026-03-27 16:31:17 | INFO     | src.core.data_fetcher:save_data:432 | 保存数据到 csv 文件: 688122_with_indicators
2026-03-27 16:31:17 | INFO     | src.core.data_fetcher:save_data:432 | 保存数据到 csv 文件: 002046_signals
2026-03-27 16:31:17 | INFO     | src.indicators.technical_indicators:calculate_ma:133 | 计算 250 日移动平均线完成
2026-03-27 16:31:17 | INFO     | src.workflow.base:calculate_signals:224 | 对股票 300455 进行信号判断
2026-03-27 16:31:17 | INFO     | src.indicators.technical_indicators:calculate_bias:500 | 计算 10 日乖离率完成
2026-03-27 16:31:17 | INFO     | src.indicators.technical_indicators:calculate_bias:500 | 计算 30 日乖离率完成
2026-03-27 16:31:17 | INFO     | src.workflow.base:calculate_technical_indicators:188 | 计算股票 300620 的技术指标
2026-03-27 16:31:17 | INFO     | src.indicators.technical_indicators:calculate_sma:157 | 计算 5 日简单移动平均线完成
2026-03-27 16:31:17 | INFO     | src.core.data_fetcher:save_data:452 | 数据保存成功: ./data\002046_signals.csv
2026-03-27 16:31:17 | INFO     | src.indicators.technical_indicators:calculate_ma:133 | 计算 20 日移动平均线完成
2026-03-27 16:31:17 | INFO     | src.indicators.technical_indicators:calculate_ma:133 | 计算 60 日移动平均线完成
2026-03-27 16:31:17 | INFO     | src.core.data_fetcher:save_data:432 | 保存数据到 csv 文件: 300455_signals
2026-03-27 16:31:17 | INFO     | src.indicators.technical_indicators:calculate_ma:133 | 计算 5 日移动平均线完成
2026-03-27 16:31:17 | INFO     | src.workflow.technical:_process_single_stock:45 |   股票 002046 信号判断完成: 持有 (得分: 0.054)
2026-03-27 16:31:17 | INFO     | src.indicators.technical_indicators:calculate_sma:157 | 计算 10 日简单移动平均线完成
2026-03-27 16:31:17 | INFO     | src.indicators.technical_indicators:calculate_bias:500 | 计算 20 日乖离率完成
2026-03-27 16:31:17 | INFO     | src.indicators.technical_indicators:calculate_bias:500 | 计算 60 日乖离率完成
2026-03-27 16:31:17 | INFO     | src.indicators.technical_indicators:calculate_ma:133 | 计算 10 日移动平均线完成
2026-03-27 16:31:17 | INFO     | src.core.data_fetcher:save_data:452 | 数据保存成功: ./data\300455_signals.csv
2026-03-27 16:31:17 | INFO     | src.workflow.base:calculate_technical_indicators:188 | 计算股票 000733 的技术指标
2026-03-27 16:31:17 | INFO     | src.indicators.technical_indicators:calculate_sma:157 | 计算 20 日简单移动平均线完成
2026-03-27 16:31:17 | INFO     | src.indicators.technical_indicators:calculate_ma:133 | 计算 30 日移动平均线完成
2026-03-27 16:31:17 | INFO     | src.indicators.technical_indicators:calculate_ma:133 | 计算 120 日移动平均线完成
2026-03-27 16:31:17 | INFO     | src.indicators.technical_indicators:calculate_ma:133 | 计算 20 日移动平均线完成
2026-03-27 16:31:17 | INFO     | src.workflow.technical:_process_single_stock:45 |   股票 300455 信号判断完成: 买入 (得分: 0.309)
2026-03-27 16:31:17 | INFO     | src.core.data_fetcher:save_data:452 | 数据保存成功: ./data\300782_with_indicators.csv
2026-03-27 16:31:17 | INFO     | src.indicators.technical_indicators:calculate_ma:133 | 计算 5 日移动平均线完成
2026-03-27 16:31:17 | INFO     | src.indicators.technical_indicators:calculate_sma:157 | 计算 30 日简单移动平均线完成
2026-03-27 16:31:17 | INFO     | src.indicators.technical_indicators:calculate_bias:500 | 计算 30 日乖离率完成
2026-03-27 16:31:17 | INFO     | src.indicators.technical_indicators:calculate_bias:500 | 计算 120 日乖离率完成
2026-03-27 16:31:17 | INFO     | src.indicators.technical_indicators:calculate_ma:133 | 计算 30 日移动平均线完成
2026-03-27 16:31:17 | INFO     | src.workflow.base:calculate_signals:224 | 对股票 300782 进行信号判断
2026-03-27 16:31:17 | INFO     | src.indicators.technical_indicators:calculate_ma:133 | 计算 10 日移动平均线完成
2026-03-27 16:31:17 | INFO     | src.indicators.technical_indicators:calculate_sma:157 | 计算 60 日简单移动平均线完成
2026-03-27 16:31:17 | INFO     | src.indicators.technical_indicators:calculate_ma:133 | 计算 60 日移动平均线完成
2026-03-27 16:31:17 | INFO     | src.indicators.technical_indicators:calculate_ma:133 | 计算 250 日移动平均线完成
2026-03-27 16:31:17 | INFO     | src.indicators.technical_indicators:calculate_ma:133 | 计算 60 日移动平均线完成
2026-03-27 16:31:17 | INFO     | src.core.data_fetcher:save_data:432 | 保存数据到 csv 文件: 300782_signals
2026-03-27 16:31:17 | INFO     | src.core.data_fetcher:save_data:452 | 数据保存成功: ./data\688122_with_indicators.csv
2026-03-27 16:31:17 | INFO     | src.indicators.technical_indicators:calculate_ma:133 | 计算 20 日移动平均线完成
2026-03-27 16:31:17 | INFO     | src.indicators.technical_indicators:calculate_sma:157 | 计算 120 日简单移动平均线完成
2026-03-27 16:31:17 | INFO     | src.indicators.technical_indicators:calculate_bias:500 | 计算 60 日乖离率完成
2026-03-27 16:31:17 | INFO     | src.indicators.technical_indicators:calculate_bias:500 | 计算 250 日乖离率完成
2026-03-27 16:31:17 | INFO     | src.indicators.technical_indicators:calculate_ma:133 | 计算 120 日移动平均线完成
2026-03-27 16:31:17 | INFO     | src.workflow.base:calculate_signals:224 | 对股票 688122 进行信号判断
2026-03-27 16:31:17 | INFO     | src.indicators.technical_indicators:calculate_ma:133 | 计算 30 日移动平均线完成
2026-03-27 16:31:17 | INFO     | src.indicators.technical_indicators:calculate_sma:157 | 计算 250 日简单移动平均线完成
2026-03-27 16:31:17 | INFO     | src.indicators.technical_indicators:calculate_ma:133 | 计算 120 日移动平均线完成
2026-03-27 16:31:17 | INFO     | src.core.data_fetcher:save_data:452 | 数据保存成功: ./data\300782_signals.csv
2026-03-27 16:31:17 | INFO     | src.indicators.technical_indicators:calculate_psy:523 | 计算 10 日心理线完成
2026-03-27 16:31:17 | INFO     | src.indicators.technical_indicators:calculate_ma:133 | 计算 250 日移动平均线完成
2026-03-27 16:31:17 | INFO     | src.indicators.technical_indicators:calculate_ma:133 | 计算 60 日移动平均线完成
2026-03-27 16:31:17 | INFO     | src.core.data_fetcher:save_data:432 | 保存数据到 csv 文件: 688122_signals
2026-03-27 16:31:17 | INFO     | src.indicators.technical_indicators:calculate_ema:182 | 计算 12 日指数移动平均线完成
2026-03-27 16:31:17 | INFO     | src.indicators.technical_indicators:calculate_bias:500 | 计算 120 日乖离率完成
2026-03-27 16:31:17 | INFO     | src.workflow.technical:_process_single_stock:45 |   股票 300782 信号判断完成: 持有 (得分: -0.120)
2026-03-27 16:31:17 | WARNING  | src.indicators.technical_indicators:calculate_all:635 | 未知的指标类型: rsv_period
2026-03-27 16:31:17 | INFO     | src.indicators.technical_indicators:calculate_sma:157 | 计算 5 日简单移动平均线完成
2026-03-27 16:31:17 | INFO     | src.indicators.technical_indicators:calculate_ma:133 | 计算 120 日移动平均线完成
2026-03-27 16:31:17 | INFO     | src.indicators.technical_indicators:calculate_ema:182 | 计算 26 日指数移动平均线完成
2026-03-27 16:31:17 | INFO     | src.indicators.technical_indicators:calculate_ma:133 | 计算 250 日移动平均线完成
2026-03-27 16:31:17 | INFO     | src.workflow.base:calculate_technical_indicators:188 | 计算股票 605123 的技术指标
2026-03-27 16:31:17 | INFO     | src.core.data_fetcher:save_data:452 | 数据保存成功: ./data\688122_signals.csv
2026-03-27 16:31:17 | WARNING  | src.indicators.technical_indicators:calculate_all:635 | 未知的指标类型: volume_period
2026-03-27 16:31:17 | INFO     | src.indicators.technical_indicators:calculate_sma:157 | 计算 10 日简单移动平均线完成
2026-03-27 16:31:17 | INFO     | src.indicators.technical_indicators:calculate_ma:133 | 计算 250 日移动平均线完成
2026-03-27 16:31:17 | INFO     | src.indicators.technical_indicators:calculate_rsi:221 | 计算 6 日RSI完成
2026-03-27 16:31:17 | INFO     | src.indicators.technical_indicators:calculate_bias:500 | 计算 250 日乖离率完成
2026-03-27 16:31:17 | INFO     | src.workflow.technical:_process_single_stock:45 |   股票 688122 信号判断完成: 持有 (得分: 0.179)
2026-03-27 16:31:17 | INFO     | src.indicators.technical_indicators:calculate_ma:133 | 计算 5 日移动平均线完成
2026-03-27 16:31:17 | INFO     | src.indicators.technical_indicators:calculate_all:640 | 完成计算 45 个技术指标
2026-03-27 16:31:17 | INFO     | src.indicators.technical_indicators:calculate_sma:157 | 计算 20 日简单移动平均线完成
2026-03-27 16:31:17 | INFO     | src.indicators.technical_indicators:calculate_sma:157 | 计算 5 日简单移动平均线完成
2026-03-27 16:31:17 | INFO     | src.indicators.technical_indicators:calculate_psy:523 | 计算 10 日心理线完成
2026-03-27 16:31:17 | INFO     | src.workflow.base:calculate_technical_indicators:188 | 计算股票 002583 的技术指标
2026-03-27 16:31:17 | INFO     | src.indicators.technical_indicators:calculate_rsi:221 | 计算 12 日RSI完成
2026-03-27 16:31:17 | INFO     | src.indicators.technical_indicators:calculate_ma:133 | 计算 10 日移动平均线完成
2026-03-27 16:31:17 | INFO     | src.indicators.technical_indicators:calculate_sma:157 | 计算 30 日简单移动平均线完成
2026-03-27 16:31:17 | INFO     | src.indicators.technical_indicators:calculate_sma:157 | 计算 10 日简单移动平均线完成
2026-03-27 16:31:17 | WARNING  | src.indicators.technical_indicators:calculate_all:635 | 未知的指标类型: rsv_period
2026-03-27 16:31:17 | INFO     | src.indicators.technical_indicators:calculate_ma:133 | 计算 5 日移动平均线完成
2026-03-27 16:31:17 | INFO     | src.indicators.technical_indicators:calculate_rsi:221 | 计算 24 日RSI完成
2026-03-27 16:31:17 | INFO     | src.indicators.technical_indicators:calculate_ma:133 | 计算 20 日移动平均线完成
2026-03-27 16:31:17 | INFO     | src.indicators.technical_indicators:calculate_sma:157 | 计算 60 日简单移动平均线完成
2026-03-27 16:31:17 | INFO     | src.indicators.technical_indicators:calculate_sma:157 | 计算 20 日简单移动平均线完成
2026-03-27 16:31:17 | WARNING  | src.indicators.technical_indicators:calculate_all:635 | 未知的指标类型: volume_period
2026-03-27 16:31:17 | INFO     | src.indicators.technical_indicators:calculate_ma:133 | 计算 10 日移动平均线完成
2026-03-27 16:31:17 | INFO     | src.core.data_fetcher:save_data:432 | 保存数据到 csv 文件: 688685_with_indicators
2026-03-27 16:31:17 | ERROR    | src.notify.channels.base:send:80 | NtfyChannel 发送异常 (尝试 1/3): HTTPSConnectionPool(host='ntfy.sh', port=443): Max retries exceeded with url: /process-notify-001 (Caused by SSLError(SSLEOFError(8, 'EOF occurred in violation of protocol (_ssl.c:997)')))
2026-03-27 16:31:17 | INFO     | src.indicators.technical_indicators:calculate_macd:263 | 计算MACD完成：快线=12, 慢线=26, 信号线=9
2026-03-27 16:31:17 | INFO     | src.indicators.technical_indicators:calculate_ma:133 | 计算 30 日移动平均线完成
2026-03-27 16:31:17 | INFO     | src.indicators.technical_indicators:calculate_sma:157 | 计算 120 日简单移动平均线完成
2026-03-27 16:31:17 | INFO     | src.indicators.technical_indicators:calculate_sma:157 | 计算 30 日简单移动平均线完成
2026-03-27 16:31:17 | INFO     | src.indicators.technical_indicators:calculate_all:640 | 完成计算 45 个技术指标
2026-03-27 16:31:17 | INFO     | src.indicators.technical_indicators:calculate_ma:133 | 计算 20 日移动平均线完成
2026-03-27 16:31:17 | INFO     | src.indicators.technical_indicators:calculate_macd:263 | 计算MACD完成：快线=12, 慢线=26, 信号线=12
2026-03-27 16:31:17 | INFO     | src.indicators.technical_indicators:calculate_ma:133 | 计算 60 日移动平均线完成
2026-03-27 16:31:17 | INFO     | src.indicators.technical_indicators:calculate_sma:157 | 计算 250 日简单移动平均线完成
2026-03-27 16:31:17 | INFO     | src.indicators.technical_indicators:calculate_sma:157 | 计算 60 日简单移动平均线完成
2026-03-27 16:31:17 | INFO     | src.indicators.technical_indicators:calculate_ma:133 | 计算 30 日移动平均线完成
2026-03-27 16:31:17 | INFO     | src.indicators.technical_indicators:calculate_ema:182 | 计算 12 日指数移动平均线完成
2026-03-27 16:31:17 | INFO     | src.indicators.technical_indicators:calculate_boll:303 | 计算布林带完成：周期=20, 标准差倍数=2
2026-03-27 16:31:17 | INFO     | src.indicators.technical_indicators:calculate_ma:133 | 计算 120 日移动平均线完成
2026-03-27 16:31:17 | INFO     | src.indicators.technical_indicators:calculate_sma:157 | 计算 120 日简单移动平均线完成
2026-03-27 16:31:17 | INFO     | src.indicators.technical_indicators:calculate_ma:133 | 计算 60 日移动平均线完成
2026-03-27 16:31:17 | INFO     | src.indicators.technical_indicators:calculate_ema:182 | 计算 26 日指数移动平均线完成
2026-03-27 16:31:17 | INFO     | src.core.data_fetcher:save_data:432 | 保存数据到 csv 文件: 688385_with_indicators
2026-03-27 16:31:17 | INFO     | src.indicators.technical_indicators:calculate_ma:133 | 计算 250 日移动平均线完成
2026-03-27 16:31:17 | INFO     | src.indicators.technical_indicators:calculate_kdj:350 | 计算KDJ完成：K周期=9, D周期=3, J周期=3
2026-03-27 16:31:17 | INFO     | src.indicators.technical_indicators:calculate_sma:157 | 计算 250 日简单移动平均线完成
2026-03-27 16:31:17 | INFO     | src.indicators.technical_indicators:calculate_ma:133 | 计算 120 日移动平均线完成
2026-03-27 16:31:17 | INFO     | src.indicators.technical_indicators:calculate_rsi:221 | 计算 6 日RSI完成
2026-03-27 16:31:17 | INFO     | src.indicators.technical_indicators:calculate_sma:157 | 计算 5 日简单移动平均线完成
2026-03-27 16:31:17 | INFO     | src.indicators.technical_indicators:calculate_kdj:350 | 计算KDJ完成：K周期=10, D周期=3, J周期=3
2026-03-27 16:31:17 | INFO     | src.indicators.technical_indicators:calculate_ema:182 | 计算 12 日指数移动平均线完成
2026-03-27 16:31:17 | INFO     | src.indicators.technical_indicators:calculate_ma:133 | 计算 250 日移动平均线完成
2026-03-27 16:31:17 | INFO     | src.indicators.technical_indicators:calculate_sma:157 | 计算 10 日简单移动平均线完成
2026-03-27 16:31:17 | INFO     | src.core.data_fetcher:save_data:452 | 数据保存成功: ./data\688685_with_indicators.csv
2026-03-27 16:31:17 | INFO     | src.indicators.technical_indicators:calculate_ema:182 | 计算 26 日指数移动平均线完成
2026-03-27 16:31:17 | INFO     | src.indicators.technical_indicators:calculate_atr:385 | 计算 10 日ATR完成
2026-03-27 16:31:17 | INFO     | src.indicators.technical_indicators:calculate_rsi:221 | 计算 12 日RSI完成
2026-03-27 16:31:17 | INFO     | src.indicators.technical_indicators:calculate_sma:157 | 计算 5 日简单移动平均线完成
2026-03-27 16:31:17 | INFO     | src.indicators.technical_indicators:calculate_sma:157 | 计算 20 日简单移动平均线完成
2026-03-27 16:31:17 | INFO     | src.workflow.base:calculate_signals:224 | 对股票 688685 进行信号判断
2026-03-27 16:31:17 | INFO     | src.indicators.technical_indicators:calculate_rsi:221 | 计算 6 日RSI完成
2026-03-27 16:31:17 | INFO     | src.indicators.technical_indicators:calculate_sma:157 | 计算 10 日简单移动平均线完成
2026-03-27 16:31:17 | INFO     | src.indicators.technical_indicators:calculate_rsi:221 | 计算 24 日RSI完成
2026-03-27 16:31:17 | INFO     | src.indicators.technical_indicators:calculate_sma:157 | 计算 30 日简单移动平均线完成
2026-03-27 16:31:18 | INFO     | src.indicators.technical_indicators:calculate_sma:157 | 计算 20 日简单移动平均线完成
2026-03-27 16:31:18 | INFO     | src.core.data_fetcher:save_data:432 | 保存数据到 csv 文件: 688685_signals
2026-03-27 16:31:18 | INFO     | src.indicators.technical_indicators:calculate_rsi:221 | 计算 12 日RSI完成
2026-03-27 16:31:18 | INFO     | src.indicators.technical_indicators:calculate_macd:263 | 计算MACD完成：快线=12, 慢线=26, 信号线=9
2026-03-27 16:31:18 | INFO     | src.indicators.technical_indicators:calculate_sma:157 | 计算 60 日简单移动平均线完成
2026-03-27 16:31:18 | INFO     | src.indicators.technical_indicators:calculate_sma:157 | 计算 30 日简单移动平均线完成
2026-03-27 16:31:18 | INFO     | src.indicators.technical_indicators:calculate_cci:446 | 计算 20 日CCI完成
2026-03-27 16:31:18 | INFO     | src.core.data_fetcher:save_data:452 | 数据保存成功: ./data\688685_signals.csv
2026-03-27 16:31:18 | INFO     | src.indicators.technical_indicators:calculate_rsi:221 | 计算 24 日RSI完成
2026-03-27 16:31:18 | INFO     | src.indicators.technical_indicators:calculate_macd:263 | 计算MACD完成：快线=12, 慢线=26, 信号线=12
2026-03-27 16:31:18 | INFO     | src.indicators.technical_indicators:calculate_sma:157 | 计算 120 日简单移动平均线完成
2026-03-27 16:31:18 | INFO     | src.indicators.technical_indicators:calculate_sma:157 | 计算 60 日简单移动平均线完成
2026-03-27 16:31:18 | INFO     | src.core.data_fetcher:save_data:452 | 数据保存成功: ./data\688385_with_indicators.csv
2026-03-27 16:31:18 | INFO     | src.workflow.technical:_process_single_stock:45 |   股票 688685 信号判断完成: 持有 (得分: 0.120)
2026-03-27 16:31:18 | INFO     | src.indicators.technical_indicators:calculate_williams_r:476 | 计算 10 日威廉指标完成
2026-03-27 16:31:18 | INFO     | src.indicators.technical_indicators:calculate_macd:263 | 计算MACD完成：快线=12, 慢线=26, 信号线=9
2026-03-27 16:31:18 | INFO     | src.indicators.technical_indicators:calculate_boll:303 | 计算布林带完成：周期=20, 标准差倍数=2
2026-03-27 16:31:18 | INFO     | src.indicators.technical_indicators:calculate_sma:157 | 计算 250 日简单移动平均线完成
2026-03-27 16:31:18 | INFO     | src.indicators.technical_indicators:calculate_sma:157 | 计算 120 日简单移动平均线完成
2026-03-27 16:31:18 | INFO     | src.workflow.base:calculate_signals:224 | 对股票 688385 进行信号判断
2026-03-27 16:31:18 | INFO     | src.workflow.base:calculate_technical_indicators:188 | 计算股票 002268 的技术指标
2026-03-27 16:31:18 | INFO     | src.indicators.technical_indicators:calculate_ma:133 | 计算 5 日移动平均线完成
2026-03-27 16:31:18 | INFO     | src.indicators.technical_indicators:calculate_macd:263 | 计算MACD完成：快线=12, 慢线=26, 信号线=12
2026-03-27 16:31:18 | INFO     | src.indicators.technical_indicators:calculate_kdj:350 | 计算KDJ完成：K周期=9, D周期=3, J周期=3
2026-03-27 16:31:18 | INFO     | src.indicators.technical_indicators:calculate_ema:182 | 计算 12 日指数移动平均线完成
2026-03-27 16:31:18 | INFO     | src.indicators.technical_indicators:calculate_sma:157 | 计算 250 日简单移动平均线完成
2026-03-27 16:31:18 | INFO     | src.core.data_fetcher:save_data:432 | 保存数据到 csv 文件: 688385_signals
2026-03-27 16:31:18 | INFO     | src.indicators.technical_indicators:calculate_ma:133 | 计算 5 日移动平均线完成
2026-03-27 16:31:18 | INFO     | src.indicators.technical_indicators:calculate_bias:500 | 计算 5 日乖离率完成
2026-03-27 16:31:18 | INFO     | src.indicators.technical_indicators:calculate_boll:303 | 计算布林带完成：周期=20, 标准差倍数=2
2026-03-27 16:31:18 | INFO     | src.indicators.technical_indicators:calculate_ema:182 | 计算 26 日指数移动平均线完成
2026-03-27 16:31:18 | INFO     | src.indicators.technical_indicators:calculate_kdj:350 | 计算KDJ完成：K周期=10, D周期=3, J周期=3
2026-03-27 16:31:18 | INFO     | src.indicators.technical_indicators:calculate_ema:182 | 计算 12 日指数移动平均线完成
2026-03-27 16:31:18 | INFO     | src.indicators.technical_indicators:calculate_ma:133 | 计算 10 日移动平均线完成
2026-03-27 16:31:18 | INFO     | src.indicators.technical_indicators:calculate_ma:133 | 计算 10 日移动平均线完成
2026-03-27 16:31:18 | INFO     | src.indicators.technical_indicators:calculate_kdj:350 | 计算KDJ完成：K周期=9, D周期=3, J周期=3
2026-03-27 16:31:18 | INFO     | src.indicators.technical_indicators:calculate_rsi:221 | 计算 6 日RSI完成
2026-03-27 16:31:18 | INFO     | src.indicators.technical_indicators:calculate_ema:182 | 计算 26 日指数移动平均线完成
2026-03-27 16:31:18 | INFO     | src.indicators.technical_indicators:calculate_ma:133 | 计算 20 日移动平均线完成
2026-03-27 16:31:18 | INFO     | src.indicators.technical_indicators:calculate_atr:385 | 计算 10 日ATR完成
2026-03-27 16:31:18 | INFO     | src.indicators.technical_indicators:calculate_bias:500 | 计算 10 日乖离率完成
2026-03-27 16:31:18 | INFO     | src.core.data_fetcher:save_data:452 | 数据保存成功: ./data\688385_signals.csv
2026-03-27 16:31:18 | INFO     | src.indicators.technical_indicators:calculate_kdj:350 | 计算KDJ完成：K周期=10, D周期=3, J周期=3
2026-03-27 16:31:18 | INFO     | src.indicators.technical_indicators:calculate_rsi:221 | 计算 12 日RSI完成
2026-03-27 16:31:18 | INFO     | src.indicators.technical_indicators:calculate_ma:133 | 计算 30 日移动平均线完成
2026-03-27 16:31:18 | INFO     | src.indicators.technical_indicators:calculate_rsi:221 | 计算 6 日RSI完成
2026-03-27 16:31:18 | INFO     | src.indicators.technical_indicators:calculate_ma:133 | 计算 20 日移动平均线完成
2026-03-27 16:31:18 | INFO     | src.workflow.technical:_process_single_stock:45 |   股票 688385 信号判断完成: 持有 (得分: -0.006)
2026-03-27 16:31:18 | INFO     | src.indicators.technical_indicators:calculate_atr:385 | 计算 10 日ATR完成
2026-03-27 16:31:18 | INFO     | src.indicators.technical_indicators:calculate_rsi:221 | 计算 24 日RSI完成
2026-03-27 16:31:18 | INFO     | src.indicators.technical_indicators:calculate_cci:446 | 计算 20 日CCI完成
2026-03-27 16:31:18 | INFO     | src.indicators.technical_indicators:calculate_ma:133 | 计算 60 日移动平均线完成
2026-03-27 16:31:18 | INFO     | src.indicators.technical_indicators:calculate_bias:500 | 计算 20 日乖离率完成
2026-03-27 16:31:18 | INFO     | src.indicators.technical_indicators:calculate_rsi:221 | 计算 12 日RSI完成
2026-03-27 16:31:18 | INFO     | src.workflow.base:calculate_technical_indicators:188 | 计算股票 600877 的技术指标
2026-03-27 16:31:18 | INFO     | src.indicators.technical_indicators:calculate_macd:263 | 计算MACD完成：快线=12, 慢线=26, 信号线=9
2026-03-27 16:31:18 | ERROR    | src.notify.channels.base:send:80 | NtfyChannel 发送异常 (尝试 2/3): HTTPSConnectionPool(host='ntfy.sh', port=443): Max retries exceeded with url: /process-notify-001 (Caused by SSLError(SSLEOFError(8, 'EOF occurred in violation of protocol (_ssl.c:997)')))
2026-03-27 16:31:18 | INFO     | src.indicators.technical_indicators:calculate_williams_r:476 | 计算 10 日威廉指标完成
2026-03-27 16:31:18 | INFO     | src.indicators.technical_indicators:calculate_ma:133 | 计算 120 日移动平均线完成
2026-03-27 16:31:18 | INFO     | src.indicators.technical_indicators:calculate_ma:133 | 计算 30 日移动平均线完成
2026-03-27 16:31:19 | INFO     | src.indicators.technical_indicators:calculate_cci:446 | 计算 20 日CCI完成
2026-03-27 16:31:19 | INFO     | src.indicators.technical_indicators:calculate_ma:133 | 计算 5 日移动平均线完成
2026-03-27 16:31:19 | INFO     | src.indicators.technical_indicators:calculate_rsi:221 | 计算 24 日RSI完成
2026-03-27 16:31:19 | INFO     | src.indicators.technical_indicators:calculate_macd:263 | 计算MACD完成：快线=12, 慢线=26, 信号线=12
2026-03-27 16:31:19 | INFO     | src.indicators.technical_indicators:calculate_ma:133 | 计算 5 日移动平均线完成
2026-03-27 16:31:19 | INFO     | src.indicators.technical_indicators:calculate_ma:133 | 计算 250 日移动平均线完成
2026-03-27 16:31:19 | INFO     | src.indicators.technical_indicators:calculate_bias:500 | 计算 30 日乖离率完成
2026-03-27 16:31:19 | INFO     | src.indicators.technical_indicators:calculate_williams_r:476 | 计算 10 日威廉指标完成
2026-03-27 16:31:19 | INFO     | src.indicators.technical_indicators:calculate_ma:133 | 计算 10 日移动平均线完成
2026-03-27 16:31:19 | INFO     | src.indicators.technical_indicators:calculate_macd:263 | 计算MACD完成：快线=12, 慢线=26, 信号线=9
2026-03-27 16:31:19 | INFO     | src.indicators.technical_indicators:calculate_bias:500 | 计算 5 日乖离率完成
2026-03-27 16:31:19 | INFO     | src.indicators.technical_indicators:calculate_boll:303 | 计算布林带完成：周期=20, 标准差倍数=2
2026-03-27 16:31:19 | INFO     | src.indicators.technical_indicators:calculate_sma:157 | 计算 5 日简单移动平均线完成
2026-03-27 16:31:19 | INFO     | src.indicators.technical_indicators:calculate_ma:133 | 计算 60 日移动平均线完成
2026-03-27 16:31:19 | INFO     | src.indicators.technical_indicators:calculate_ma:133 | 计算 5 日移动平均线完成
2026-03-27 16:31:19 | INFO     | src.indicators.technical_indicators:calculate_ma:133 | 计算 20 日移动平均线完成
2026-03-27 16:31:19 | INFO     | src.indicators.technical_indicators:calculate_macd:263 | 计算MACD完成：快线=12, 慢线=26, 信号线=12
2026-03-27 16:31:19 | INFO     | src.indicators.technical_indicators:calculate_ma:133 | 计算 10 日移动平均线完成
2026-03-27 16:31:19 | INFO     | src.indicators.technical_indicators:calculate_sma:157 | 计算 10 日简单移动平均线完成
2026-03-27 16:31:19 | INFO     | src.indicators.technical_indicators:calculate_kdj:350 | 计算KDJ完成：K周期=9, D周期=3, J周期=3
2026-03-27 16:31:19 | INFO     | src.indicators.technical_indicators:calculate_bias:500 | 计算 60 日乖离率完成
2026-03-27 16:31:19 | INFO     | src.indicators.technical_indicators:calculate_bias:500 | 计算 5 日乖离率完成
2026-03-27 16:31:19 | INFO     | src.indicators.technical_indicators:calculate_ma:133 | 计算 30 日移动平均线完成
2026-03-27 16:31:19 | INFO     | src.indicators.technical_indicators:calculate_bias:500 | 计算 10 日乖离率完成
2026-03-27 16:31:19 | INFO     | src.indicators.technical_indicators:calculate_boll:303 | 计算布林带完成：周期=20, 标准差倍数=2
2026-03-27 16:31:19 | INFO     | src.indicators.technical_indicators:calculate_sma:157 | 计算 20 日简单移动平均线完成
2026-03-27 16:31:19 | INFO     | src.indicators.technical_indicators:calculate_ma:133 | 计算 120 日移动平均线完成
2026-03-27 16:31:19 | INFO     | src.indicators.technical_indicators:calculate_kdj:350 | 计算KDJ完成：K周期=10, D周期=3, J周期=3
2026-03-27 16:31:19 | INFO     | src.indicators.technical_indicators:calculate_ma:133 | 计算 10 日移动平均线完成
2026-03-27 16:31:19 | INFO     | src.indicators.technical_indicators:calculate_ma:133 | 计算 60 日移动平均线完成
2026-03-27 16:31:19 | INFO     | src.indicators.technical_indicators:calculate_ma:133 | 计算 20 日移动平均线完成
2026-03-27 16:31:19 | INFO     | src.indicators.technical_indicators:calculate_kdj:350 | 计算KDJ完成：K周期=9, D周期=3, J周期=3
2026-03-27 16:31:19 | INFO     | src.indicators.technical_indicators:calculate_sma:157 | 计算 30 日简单移动平均线完成
2026-03-27 16:31:19 | INFO     | src.indicators.technical_indicators:calculate_bias:500 | 计算 120 日乖离率完成
2026-03-27 16:31:19 | INFO     | src.indicators.technical_indicators:calculate_bias:500 | 计算 10 日乖离率完成
2026-03-27 16:31:19 | INFO     | src.indicators.technical_indicators:calculate_atr:385 | 计算 10 日ATR完成
2026-03-27 16:31:19 | INFO     | src.indicators.technical_indicators:calculate_ma:133 | 计算 120 日移动平均线完成
2026-03-27 16:31:19 | INFO     | src.indicators.technical_indicators:calculate_bias:500 | 计算 20 日乖离率完成
2026-03-27 16:31:19 | INFO     | src.indicators.technical_indicators:calculate_kdj:350 | 计算KDJ完成：K周期=10, D周期=3, J周期=3
2026-03-27 16:31:19 | INFO     | src.indicators.technical_indicators:calculate_sma:157 | 计算 60 日简单移动平均线完成
2026-03-27 16:31:19 | INFO     | src.indicators.technical_indicators:calculate_ma:133 | 计算 250 日移动平均线完成
2026-03-27 16:31:19 | INFO     | src.indicators.technical_indicators:calculate_ma:133 | 计算 20 日移动平均线完成
2026-03-27 16:31:19 | INFO     | src.indicators.technical_indicators:calculate_ma:133 | 计算 250 日移动平均线完成
2026-03-27 16:31:19 | INFO     | src.indicators.technical_indicators:calculate_ma:133 | 计算 30 日移动平均线完成
2026-03-27 16:31:19 | INFO     | src.indicators.technical_indicators:calculate_bias:500 | 计算 250 日乖离率完成
2026-03-27 16:31:19 | INFO     | src.indicators.technical_indicators:calculate_sma:157 | 计算 120 日简单移动平均线完成
2026-03-27 16:31:19 | INFO     | src.indicators.technical_indicators:calculate_atr:385 | 计算 10 日ATR完成
2026-03-27 16:31:19 | INFO     | src.indicators.technical_indicators:calculate_cci:446 | 计算 20 日CCI完成
2026-03-27 16:31:19 | INFO     | src.indicators.technical_indicators:calculate_bias:500 | 计算 20 日乖离率完成
2026-03-27 16:31:19 | INFO     | src.indicators.technical_indicators:calculate_bias:500 | 计算 30 日乖离率完成
2026-03-27 16:31:19 | INFO     | src.indicators.technical_indicators:calculate_sma:157 | 计算 5 日简单移动平均线完成
2026-03-27 16:31:19 | INFO     | src.indicators.technical_indicators:calculate_psy:523 | 计算 10 日心理线完成
2026-03-27 16:31:19 | INFO     | src.indicators.technical_indicators:calculate_sma:157 | 计算 250 日简单移动平均线完成
2026-03-27 16:31:19 | INFO     | src.indicators.technical_indicators:calculate_williams_r:476 | 计算 10 日威廉指标完成
2026-03-27 16:31:19 | INFO     | src.indicators.technical_indicators:calculate_ma:133 | 计算 30 日移动平均线完成
2026-03-27 16:31:19 | INFO     | src.indicators.technical_indicators:calculate_ma:133 | 计算 60 日移动平均线完成
2026-03-27 16:31:19 | WARNING  | src.indicators.technical_indicators:calculate_all:635 | 未知的指标类型: rsv_period
2026-03-27 16:31:19 | INFO     | src.indicators.technical_indicators:calculate_sma:157 | 计算 10 日简单移动平均线完成
2026-03-27 16:31:19 | INFO     | src.indicators.technical_indicators:calculate_ema:182 | 计算 12 日指数移动平均线完成
2026-03-27 16:31:19 | INFO     | src.indicators.technical_indicators:calculate_cci:446 | 计算 20 日CCI完成
2026-03-27 16:31:19 | INFO     | src.indicators.technical_indicators:calculate_ma:133 | 计算 5 日移动平均线完成
2026-03-27 16:31:19 | INFO     | src.indicators.technical_indicators:calculate_bias:500 | 计算 30 日乖离率完成
2026-03-27 16:31:19 | INFO     | src.indicators.technical_indicators:calculate_bias:500 | 计算 60 日乖离率完成
2026-03-27 16:31:19 | WARNING  | src.indicators.technical_indicators:calculate_all:635 | 未知的指标类型: volume_period
2026-03-27 16:31:19 | INFO     | src.indicators.technical_indicators:calculate_sma:157 | 计算 20 日简单移动平均线完成
2026-03-27 16:31:19 | INFO     | src.indicators.technical_indicators:calculate_ema:182 | 计算 26 日指数移动平均线完成
2026-03-27 16:31:19 | INFO     | src.indicators.technical_indicators:calculate_williams_r:476 | 计算 10 日威廉指标完成
2026-03-27 16:31:19 | INFO     | src.indicators.technical_indicators:calculate_bias:500 | 计算 5 日乖离率完成
2026-03-27 16:31:19 | INFO     | src.indicators.technical_indicators:calculate_ma:133 | 计算 60 日移动平均线完成
2026-03-27 16:31:19 | INFO     | src.indicators.technical_indicators:calculate_ma:133 | 计算 120 日移动平均线完成
2026-03-27 16:31:19 | INFO     | src.indicators.technical_indicators:calculate_all:640 | 完成计算 45 个技术指标
2026-03-27 16:31:19 | INFO     | src.indicators.technical_indicators:calculate_sma:157 | 计算 30 日简单移动平均线完成
2026-03-27 16:31:19 | INFO     | src.indicators.technical_indicators:calculate_ma:133 | 计算 5 日移动平均线完成
2026-03-27 16:31:19 | INFO     | src.indicators.technical_indicators:calculate_rsi:221 | 计算 6 日RSI完成
2026-03-27 16:31:19 | INFO     | src.indicators.technical_indicators:calculate_ma:133 | 计算 10 日移动平均线完成
2026-03-27 16:31:19 | INFO     | src.indicators.technical_indicators:calculate_bias:500 | 计算 60 日乖离率完成
2026-03-27 16:31:19 | INFO     | src.indicators.technical_indicators:calculate_bias:500 | 计算 120 日乖离率完成
2026-03-27 16:31:19 | INFO     | src.indicators.technical_indicators:calculate_sma:157 | 计算 60 日简单移动平均线完成
2026-03-27 16:31:19 | INFO     | src.indicators.technical_indicators:calculate_bias:500 | 计算 5 日乖离率完成
2026-03-27 16:31:19 | INFO     | src.indicators.technical_indicators:calculate_bias:500 | 计算 10 日乖离率完成
2026-03-27 16:31:19 | INFO     | src.indicators.technical_indicators:calculate_ma:133 | 计算 120 日移动平均线完成
2026-03-27 16:31:19 | INFO     | src.indicators.technical_indicators:calculate_rsi:221 | 计算 12 日RSI完成
2026-03-27 16:31:19 | INFO     | src.indicators.technical_indicators:calculate_ma:133 | 计算 250 日移动平均线完成
2026-03-27 16:31:19 | INFO     | src.indicators.technical_indicators:calculate_sma:157 | 计算 120 日简单移动平均线完成
2026-03-27 16:31:19 | INFO     | src.indicators.technical_indicators:calculate_ma:133 | 计算 10 日移动平均线完成
2026-03-27 16:31:19 | INFO     | src.indicators.technical_indicators:calculate_ma:133 | 计算 20 日移动平均线完成
2026-03-27 16:31:19 | INFO     | src.indicators.technical_indicators:calculate_bias:500 | 计算 120 日乖离率完成
2026-03-27 16:31:19 | INFO     | src.indicators.technical_indicators:calculate_bias:500 | 计算 250 日乖离率完成
2026-03-27 16:31:19 | INFO     | src.indicators.technical_indicators:calculate_rsi:221 | 计算 24 日RSI完成
2026-03-27 16:31:19 | INFO     | src.core.data_fetcher:save_data:432 | 保存数据到 csv 文件: 300079_with_indicators
2026-03-27 16:31:19 | INFO     | src.indicators.technical_indicators:calculate_sma:157 | 计算 250 日简单移动平均线完成
2026-03-27 16:31:19 | INFO     | src.indicators.technical_indicators:calculate_bias:500 | 计算 10 日乖离率完成
2026-03-27 16:31:19 | INFO     | src.indicators.technical_indicators:calculate_bias:500 | 计算 20 日乖离率完成
2026-03-27 16:31:19 | INFO     | src.indicators.technical_indicators:calculate_psy:523 | 计算 10 日心理线完成
2026-03-27 16:31:19 | INFO     | src.indicators.technical_indicators:calculate_ma:133 | 计算 250 日移动平均线完成
2026-03-27 16:31:19 | INFO     | src.indicators.technical_indicators:calculate_macd:263 | 计算MACD完成：快线=12, 慢线=26, 信号线=9
2026-03-27 16:31:19 | INFO     | src.indicators.technical_indicators:calculate_ema:182 | 计算 12 日指数移动平均线完成
2026-03-27 16:31:19 | INFO     | src.indicators.technical_indicators:calculate_ma:133 | 计算 20 日移动平均线完成
2026-03-27 16:31:19 | INFO     | src.indicators.technical_indicators:calculate_ma:133 | 计算 30 日移动平均线完成
2026-03-27 16:31:19 | WARNING  | src.indicators.technical_indicators:calculate_all:635 | 未知的指标类型: rsv_period
2026-03-27 16:31:19 | INFO     | src.indicators.technical_indicators:calculate_bias:500 | 计算 250 日乖离率完成
2026-03-27 16:31:19 | INFO     | src.indicators.technical_indicators:calculate_ema:182 | 计算 26 日指数移动平均线完成
2026-03-27 16:31:19 | INFO     | src.indicators.technical_indicators:calculate_macd:263 | 计算MACD完成：快线=12, 慢线=26, 信号线=12
2026-03-27 16:31:19 | INFO     | src.indicators.technical_indicators:calculate_bias:500 | 计算 20 日乖离率完成
2026-03-27 16:31:19 | INFO     | src.indicators.technical_indicators:calculate_bias:500 | 计算 30 日乖离率完成
2026-03-27 16:31:19 | WARNING  | src.indicators.technical_indicators:calculate_all:635 | 未知的指标类型: volume_period
2026-03-27 16:31:19 | INFO     | src.indicators.technical_indicators:calculate_psy:523 | 计算 10 日心理线完成
2026-03-27 16:31:19 | INFO     | src.indicators.technical_indicators:calculate_rsi:221 | 计算 6 日RSI完成
2026-03-27 16:31:19 | INFO     | src.indicators.technical_indicators:calculate_boll:303 | 计算布林带完成：周期=20, 标准差倍数=2
2026-03-27 16:31:19 | INFO     | src.indicators.technical_indicators:calculate_ma:133 | 计算 30 日移动平均线完成
2026-03-27 16:31:19 | INFO     | src.indicators.technical_indicators:calculate_ma:133 | 计算 60 日移动平均线完成
2026-03-27 16:31:19 | INFO     | src.indicators.technical_indicators:calculate_all:640 | 完成计算 45 个技术指标
2026-03-27 16:31:19 | WARNING  | src.indicators.technical_indicators:calculate_all:635 | 未知的指标类型: rsv_period
2026-03-27 16:31:19 | INFO     | src.indicators.technical_indicators:calculate_rsi:221 | 计算 12 日RSI完成
2026-03-27 16:31:19 | INFO     | src.indicators.technical_indicators:calculate_kdj:350 | 计算KDJ完成：K周期=9, D周期=3, J周期=3
2026-03-27 16:31:19 | INFO     | src.indicators.technical_indicators:calculate_bias:500 | 计算 30 日乖离率完成
2026-03-27 16:31:19 | INFO     | src.indicators.technical_indicators:calculate_bias:500 | 计算 60 日乖离率完成
2026-03-27 16:31:19 | WARNING  | src.indicators.technical_indicators:calculate_all:635 | 未知的指标类型: volume_period
2026-03-27 16:31:19 | INFO     | src.indicators.technical_indicators:calculate_rsi:221 | 计算 24 日RSI完成
2026-03-27 16:31:19 | INFO     | src.indicators.technical_indicators:calculate_ma:133 | 计算 60 日移动平均线完成
2026-03-27 16:31:19 | INFO     | src.indicators.technical_indicators:calculate_kdj:350 | 计算KDJ完成：K周期=10, D周期=3, J周期=3
2026-03-27 16:31:19 | INFO     | src.indicators.technical_indicators:calculate_ma:133 | 计算 120 日移动平均线完成
2026-03-27 16:31:19 | INFO     | src.indicators.technical_indicators:calculate_all:640 | 完成计算 45 个技术指标
2026-03-27 16:31:19 | INFO     | src.indicators.technical_indicators:calculate_macd:263 | 计算MACD完成：快线=12, 慢线=26, 信号线=9
2026-03-27 16:31:19 | INFO     | src.indicators.technical_indicators:calculate_bias:500 | 计算 60 日乖离率完成
2026-03-27 16:31:19 | INFO     | src.indicators.technical_indicators:calculate_bias:500 | 计算 120 日乖离率完成
2026-03-27 16:31:19 | INFO     | src.indicators.technical_indicators:calculate_atr:385 | 计算 10 日ATR完成
2026-03-27 16:31:19 | INFO     | src.core.data_fetcher:save_data:432 | 保存数据到 csv 文件: 300620_with_indicators
2026-03-27 16:31:19 | INFO     | src.indicators.technical_indicators:calculate_ma:133 | 计算 120 日移动平均线完成
2026-03-27 16:31:19 | INFO     | src.indicators.technical_indicators:calculate_macd:263 | 计算MACD完成：快线=12, 慢线=26, 信号线=12
2026-03-27 16:31:19 | INFO     | src.indicators.technical_indicators:calculate_ma:133 | 计算 250 日移动平均线完成
2026-03-27 16:31:19 | INFO     | src.indicators.technical_indicators:calculate_bias:500 | 计算 120 日乖离率完成
2026-03-27 16:31:19 | INFO     | src.core.data_fetcher:save_data:452 | 数据保存成功: ./data\300079_with_indicators.csv
2026-03-27 16:31:19 | INFO     | src.indicators.technical_indicators:calculate_bias:500 | 计算 250 日乖离率完成
2026-03-27 16:31:20 | INFO     | src.indicators.technical_indicators:calculate_ma:133 | 计算 250 日移动平均线完成
2026-03-27 16:31:20 | INFO     | src.core.data_fetcher:save_data:432 | 保存数据到 csv 文件: 000733_with_indicators
2026-03-27 16:31:20 | INFO     | src.indicators.technical_indicators:calculate_boll:303 | 计算布林带完成：周期=20, 标准差倍数=2
2026-03-27 16:31:20 | INFO     | src.workflow.base:calculate_signals:224 | 对股票 300079 进行信号判断
2026-03-27 16:31:20 | INFO     | src.indicators.technical_indicators:calculate_psy:523 | 计算 10 日心理线完成
2026-03-27 16:31:20 | INFO     | src.indicators.technical_indicators:calculate_bias:500 | 计算 250 日乖离率完成
2026-03-27 16:31:20 | INFO     | src.indicators.technical_indicators:calculate_cci:446 | 计算 20 日CCI完成
2026-03-27 16:31:20 | INFO     | src.indicators.technical_indicators:calculate_kdj:350 | 计算KDJ完成：K周期=9, D周期=3, J周期=3
2026-03-27 16:31:20 | INFO     | src.core.data_fetcher:save_data:432 | 保存数据到 csv 文件: 300079_signals
2026-03-27 16:31:20 | ERROR    | src.notify.channels.base:send:80 | NtfyChannel 发送异常 (尝试 3/3): ('Connection aborted.', ConnectionAbortedError(10053, '你的主机中的软件中止了一个已建立的连接。', None, 10053, None))
2026-03-27 16:31:20 | WARNING  | src.indicators.technical_indicators:calculate_all:635 | 未知的指标类型: rsv_period
2026-03-27 16:31:20 | INFO     | src.indicators.technical_indicators:calculate_psy:523 | 计算 10 日心理线完成
2026-03-27 16:31:20 | INFO     | src.indicators.technical_indicators:calculate_williams_r:476 | 计算 10 日威廉指标完成
2026-03-27 16:31:20 | INFO     | src.indicators.technical_indicators:calculate_kdj:350 | 计算KDJ完成：K周期=10, D周期=3, J周期=3
2026-03-27 16:31:20 | INFO     | src.core.data_fetcher:save_data:452 | 数据保存成功: ./data\300079_signals.csv
2026-03-27 16:31:20 | WARNING  | src.indicators.technical_indicators:calculate_all:635 | 未知的指标类型: volume_period
2026-03-27 16:31:20 | INFO     | src.notify.channels.markdown:_do_send:75 | Markdown 文件已保存: ./notify_logs\notify_20260327_163120.md
2026-03-27 16:31:20 | WARNING  | src.indicators.technical_indicators:calculate_all:635 | 未知的指标类型: rsv_period
2026-03-27 16:31:20 | INFO     | src.indicators.technical_indicators:calculate_ma:133 | 计算 5 日移动平均线完成
2026-03-27 16:31:20 | INFO     | src.workflow.technical:_process_single_stock:45 |   股票 300079 信号判断完成: 持有 (得分: 0.128)
2026-03-27 16:31:20 | INFO     | src.indicators.technical_indicators:calculate_atr:385 | 计算 10 日ATR完成
2026-03-27 16:31:20 | INFO     | src.indicators.technical_indicators:calculate_all:640 | 完成计算 45 个技术指标
2026-03-27 16:31:20 | INFO     | src.workflow.base:calculate_technical_indicators:188 | 计算股票 000801 的技术指标
2026-03-27 16:31:20 | WARNING  | src.indicators.technical_indicators:calculate_all:635 | 未知的指标类型: volume_period
2026-03-27 16:31:20 | INFO     | src.indicators.technical_indicators:calculate_bias:500 | 计算 5 日乖离率完成
2026-03-27 16:31:20 | INFO     | src.workflow.base:calculate_technical_indicators:188 | 计算股票 603678 的技术指标
2026-03-27 16:31:20 | INFO     | src.indicators.technical_indicators:calculate_ma:133 | 计算 5 日移动平均线完成
2026-03-27 16:31:20 | INFO     | src.core.data_fetcher:save_data:452 | 数据保存成功: ./data\300620_with_indicators.csv
2026-03-27 16:31:20 | INFO     | src.indicators.technical_indicators:calculate_all:640 | 完成计算 45 个技术指标
2026-03-27 16:31:20 | INFO     | src.indicators.technical_indicators:calculate_ma:133 | 计算 10 日移动平均线完成
2026-03-27 16:31:20 | INFO     | src.indicators.technical_indicators:calculate_cci:446 | 计算 20 日CCI完成
2026-03-27 16:31:20 | INFO     | src.indicators.technical_indicators:calculate_ma:133 | 计算 5 日移动平均线完成
2026-03-27 16:31:20 | INFO     | src.core.data_fetcher:save_data:432 | 保存数据到 csv 文件: 605123_with_indicators
2026-03-27 16:31:20 | INFO     | src.indicators.technical_indicators:calculate_ma:133 | 计算 10 日移动平均线完成
2026-03-27 16:31:20 | INFO     | src.workflow.base:calculate_signals:224 | 对股票 300620 进行信号判断
2026-03-27 16:31:20 | INFO     | src.indicators.technical_indicators:calculate_bias:500 | 计算 10 日乖离率完成
2026-03-27 16:31:20 | INFO     | src.indicators.technical_indicators:calculate_williams_r:476 | 计算 10 日威廉指标完成
2026-03-27 16:31:20 | INFO     | src.indicators.technical_indicators:calculate_ma:133 | 计算 10 日移动平均线完成
2026-03-27 16:31:20 | INFO     | src.core.data_fetcher:save_data:452 | 数据保存成功: ./data\000733_with_indicators.csv
2026-03-27 16:31:20 | INFO     | src.indicators.technical_indicators:calculate_ma:133 | 计算 20 日移动平均线完成
2026-03-27 16:31:20 | INFO     | src.core.data_fetcher:save_data:432 | 保存数据到 csv 文件: 300620_signals
2026-03-27 16:31:20 | INFO     | src.indicators.technical_indicators:calculate_ma:133 | 计算 20 日移动平均线完成
2026-03-27 16:31:20 | INFO     | src.indicators.technical_indicators:calculate_ma:133 | 计算 5 日移动平均线完成
2026-03-27 16:31:20 | INFO     | src.indicators.technical_indicators:calculate_ma:133 | 计算 20 日移动平均线完成
2026-03-27 16:31:20 | INFO     | src.workflow.base:calculate_signals:224 | 对股票 000733 进行信号判断
2026-03-27 16:31:20 | INFO     | src.indicators.technical_indicators:calculate_ma:133 | 计算 30 日移动平均线完成
2026-03-27 16:31:20 | INFO     | src.indicators.technical_indicators:calculate_bias:500 | 计算 20 日乖离率完成
2026-03-27 16:31:20 | INFO     | src.indicators.technical_indicators:calculate_bias:500 | 计算 5 日乖离率完成
2026-03-27 16:31:20 | INFO     | src.core.data_fetcher:save_data:432 | 保存数据到 csv 文件: 002583_with_indicators
2026-03-27 16:31:20 | INFO     | src.core.data_fetcher:save_data:452 | 数据保存成功: ./data\300620_signals.csv
2026-03-27 16:31:20 | INFO     | src.indicators.technical_indicators:calculate_ma:133 | 计算 30 日移动平均线完成
2026-03-27 16:31:20 | INFO     | src.core.data_fetcher:save_data:432 | 保存数据到 csv 文件: 000733_signals
2026-03-27 16:31:20 | INFO     | src.indicators.technical_indicators:calculate_ma:133 | 计算 60 日移动平均线完成
2026-03-27 16:31:20 | INFO     | src.indicators.technical_indicators:calculate_ma:133 | 计算 30 日移动平均线完成
2026-03-27 16:31:20 | INFO     | src.indicators.technical_indicators:calculate_ma:133 | 计算 10 日移动平均线完成
2026-03-27 16:31:20 | INFO     | src.workflow.technical:_process_single_stock:45 |   股票 300620 信号判断完成: 持有 (得分: -0.049)
2026-03-27 16:31:20 | INFO     | src.indicators.technical_indicators:calculate_ma:133 | 计算 60 日移动平均线完成
2026-03-27 16:31:20 | INFO     | src.indicators.technical_indicators:calculate_ma:133 | 计算 120 日移动平均线完成
2026-03-27 16:31:20 | INFO     | src.indicators.technical_indicators:calculate_bias:500 | 计算 30 日乖离率完成
2026-03-27 16:31:20 | INFO     | src.core.data_fetcher:save_data:452 | 数据保存成功: ./data\000733_signals.csv
2026-03-27 16:31:20 | INFO     | src.indicators.technical_indicators:calculate_bias:500 | 计算 10 日乖离率完成
2026-03-27 16:31:20 | INFO     | src.workflow.base:calculate_technical_indicators:188 | 计算股票 603712 的技术指标
2026-03-27 16:31:20 | INFO     | src.indicators.technical_indicators:calculate_ma:133 | 计算 120 日移动平均线完成
2026-03-27 16:31:20 | INFO     | src.indicators.technical_indicators:calculate_ma:133 | 计算 250 日移动平均线完成
2026-03-27 16:31:20 | INFO     | src.indicators.technical_indicators:calculate_ma:133 | 计算 60 日移动平均线完成
2026-03-27 16:31:20 | INFO     | src.workflow.technical:_process_single_stock:45 |   股票 000733 信号判断完成: 持有 (得分: 0.185)
2026-03-27 16:31:21 | INFO     | src.indicators.technical_indicators:calculate_ma:133 | 计算 20 日移动平均线完成
2026-03-27 16:31:21 | INFO     | src.indicators.technical_indicators:calculate_ma:133 | 计算 5 日移动平均线完成
2026-03-27 16:31:21 | INFO     | src.indicators.technical_indicators:calculate_ma:133 | 计算 250 日移动平均线完成
2026-03-27 16:31:21 | INFO     | src.indicators.technical_indicators:calculate_sma:157 | 计算 5 日简单移动平均线完成
2026-03-27 16:31:21 | INFO     | src.indicators.technical_indicators:calculate_bias:500 | 计算 60 日乖离率完成
2026-03-27 16:31:21 | INFO     | src.core.data_fetcher:save_data:452 | 数据保存成功: ./data\605123_with_indicators.csv
2026-03-27 16:31:21 | INFO     | src.workflow.base:calculate_technical_indicators:188 | 计算股票 688709 的技术指标
2026-03-27 16:31:21 | INFO     | src.indicators.technical_indicators:calculate_bias:500 | 计算 20 日乖离率完成
2026-03-27 16:31:21 | INFO     | src.indicators.technical_indicators:calculate_ma:133 | 计算 10 日移动平均线完成
2026-03-27 16:31:21 | INFO     | src.indicators.technical_indicators:calculate_sma:157 | 计算 5 日简单移动平均线完成
2026-03-27 16:31:21 | INFO     | src.indicators.technical_indicators:calculate_sma:157 | 计算 10 日简单移动平均线完成
2026-03-27 16:31:21 | INFO     | src.indicators.technical_indicators:calculate_ma:133 | 计算 120 日移动平均线完成
2026-03-27 16:31:21 | INFO     | src.workflow.base:calculate_signals:224 | 对股票 605123 进行信号判断
2026-03-27 16:31:21 | INFO     | src.indicators.technical_indicators:calculate_ma:133 | 计算 5 日移动平均线完成
2026-03-27 16:31:21 | INFO     | src.indicators.technical_indicators:calculate_ma:133 | 计算 30 日移动平均线完成
2026-03-27 16:31:21 | INFO     | src.indicators.technical_indicators:calculate_ma:133 | 计算 20 日移动平均线完成
2026-03-27 16:31:21 | INFO     | src.indicators.technical_indicators:calculate_sma:157 | 计算 10 日简单移动平均线完成
2026-03-27 16:31:21 | INFO     | src.indicators.technical_indicators:calculate_sma:157 | 计算 20 日简单移动平均线完成
2026-03-27 16:31:21 | INFO     | src.indicators.technical_indicators:calculate_bias:500 | 计算 120 日乖离率完成
2026-03-27 16:31:21 | INFO     | src.indicators.technical_indicators:calculate_bias:500 | 计算 30 日乖离率完成
2026-03-27 16:31:21 | INFO     | src.indicators.technical_indicators:calculate_ma:133 | 计算 10 日移动平均线完成
2026-03-27 16:31:21 | INFO     | src.core.data_fetcher:save_data:432 | 保存数据到 csv 文件: 605123_signals
2026-03-27 16:31:21 | INFO     | src.indicators.technical_indicators:calculate_ma:133 | 计算 30 日移动平均线完成
2026-03-27 16:31:21 | INFO     | src.indicators.technical_indicators:calculate_sma:157 | 计算 20 日简单移动平均线完成
2026-03-27 16:31:21 | INFO     | src.indicators.technical_indicators:calculate_sma:157 | 计算 30 日简单移动平均线完成
2026-03-27 16:31:21 | INFO     | src.indicators.technical_indicators:calculate_ma:133 | 计算 250 日移动平均线完成
2026-03-27 16:31:21 | INFO     | src.indicators.technical_indicators:calculate_ma:133 | 计算 60 日移动平均线完成
2026-03-27 16:31:21 | INFO     | src.indicators.technical_indicators:calculate_ma:133 | 计算 20 日移动平均线完成
2026-03-27 16:31:21 | INFO     | src.core.data_fetcher:save_data:452 | 数据保存成功: ./data\002583_with_indicators.csv
2026-03-27 16:31:21 | INFO     | src.indicators.technical_indicators:calculate_ma:133 | 计算 60 日移动平均线完成
2026-03-27 16:31:21 | INFO     | src.indicators.technical_indicators:calculate_sma:157 | 计算 30 日简单移动平均线完成
2026-03-27 16:31:21 | INFO     | src.core.data_fetcher:save_data:452 | 数据保存成功: ./data\605123_signals.csv
2026-03-27 16:31:21 | INFO     | src.indicators.technical_indicators:calculate_sma:157 | 计算 60 日简单移动平均线完成
2026-03-27 16:31:21 | INFO     | src.indicators.technical_indicators:calculate_bias:500 | 计算 250 日乖离率完成
2026-03-27 16:31:21 | INFO     | src.indicators.technical_indicators:calculate_bias:500 | 计算 60 日乖离率完成
2026-03-27 16:31:21 | INFO     | src.indicators.technical_indicators:calculate_ma:133 | 计算 30 日移动平均线完成
2026-03-27 16:31:21 | INFO     | src.workflow.base:calculate_signals:224 | 对股票 002583 进行信号判断
2026-03-27 16:31:21 | INFO     | src.indicators.technical_indicators:calculate_ma:133 | 计算 120 日移动平均线完成
2026-03-27 16:31:21 | INFO     | src.indicators.technical_indicators:calculate_sma:157 | 计算 60 日简单移动平均线完成
2026-03-27 16:31:21 | INFO     | src.workflow.technical:_process_single_stock:45 |   股票 605123 信号判断完成: 买入 (得分: 0.407)
2026-03-27 16:31:21 | INFO     | src.indicators.technical_indicators:calculate_sma:157 | 计算 120 日简单移动平均线完成
2026-03-27 16:31:21 | INFO     | src.indicators.technical_indicators:calculate_psy:523 | 计算 10 日心理线完成
2026-03-27 16:31:21 | INFO     | src.indicators.technical_indicators:calculate_ma:133 | 计算 120 日移动平均线完成
2026-03-27 16:31:21 | INFO     | src.indicators.technical_indicators:calculate_ma:133 | 计算 60 日移动平均线完成
2026-03-27 16:31:21 | INFO     | src.core.data_fetcher:save_data:432 | 保存数据到 csv 文件: 002583_signals
2026-03-27 16:31:21 | INFO     | src.indicators.technical_indicators:calculate_ma:133 | 计算 250 日移动平均线完成
2026-03-27 16:31:21 | INFO     | src.indicators.technical_indicators:calculate_sma:157 | 计算 120 日简单移动平均线完成
2026-03-27 16:31:21 | INFO     | src.indicators.technical_indicators:calculate_sma:157 | 计算 250 日简单移动平均线完成
2026-03-27 16:31:21 | WARNING  | src.indicators.technical_indicators:calculate_all:635 | 未知的指标类型: rsv_period
2026-03-27 16:31:21 | INFO     | src.indicators.technical_indicators:calculate_bias:500 | 计算 120 日乖离率完成
2026-03-27 16:31:21 | INFO     | src.indicators.technical_indicators:calculate_ma:133 | 计算 120 日移动平均线完成
2026-03-27 16:31:21 | INFO     | src.indicators.technical_indicators:calculate_sma:157 | 计算 5 日简单移动平均线完成
2026-03-27 16:31:21 | INFO     | src.indicators.technical_indicators:calculate_sma:157 | 计算 250 日简单移动平均线完成
2026-03-27 16:31:21 | INFO     | src.core.data_fetcher:save_data:452 | 数据保存成功: ./data\002583_signals.csv
2026-03-27 16:31:21 | INFO     | src.indicators.technical_indicators:calculate_ema:182 | 计算 12 日指数移动平均线完成
2026-03-27 16:31:21 | WARNING  | src.indicators.technical_indicators:calculate_all:635 | 未知的指标类型: volume_period
2026-03-27 16:31:21 | INFO     | src.indicators.technical_indicators:calculate_ma:133 | 计算 250 日移动平均线完成
2026-03-27 16:31:21 | INFO     | src.indicators.technical_indicators:calculate_ma:133 | 计算 250 日移动平均线完成
2026-03-27 16:31:21 | INFO     | src.indicators.technical_indicators:calculate_sma:157 | 计算 10 日简单移动平均线完成
2026-03-27 16:31:21 | INFO     | src.indicators.technical_indicators:calculate_ema:182 | 计算 12 日指数移动平均线完成
2026-03-27 16:31:21 | INFO     | src.workflow.technical:_process_single_stock:45 |   股票 002583 信号判断完成: 持有 (得分: 0.155)
2026-03-27 16:31:21 | INFO     | src.indicators.technical_indicators:calculate_ema:182 | 计算 26 日指数移动平均线完成
2026-03-27 16:31:21 | INFO     | src.indicators.technical_indicators:calculate_all:640 | 完成计算 45 个技术指标
2026-03-27 16:31:21 | INFO     | src.indicators.technical_indicators:calculate_bias:500 | 计算 250 日乖离率完成
2026-03-27 16:31:21 | INFO     | src.indicators.technical_indicators:calculate_sma:157 | 计算 5 日简单移动平均线完成
2026-03-27 16:31:21 | INFO     | src.indicators.technical_indicators:calculate_ema:182 | 计算 26 日指数移动平均线完成
2026-03-27 16:31:21 | INFO     | src.indicators.technical_indicators:calculate_sma:157 | 计算 20 日简单移动平均线完成
2026-03-27 16:31:21 | INFO     | src.workflow.base:calculate_technical_indicators:188 | 计算股票 300726 的技术指标
2026-03-27 16:31:21 | INFO     | src.indicators.technical_indicators:calculate_rsi:221 | 计算 6 日RSI完成
2026-03-27 16:31:21 | INFO     | src.indicators.technical_indicators:calculate_psy:523 | 计算 10 日心理线完成
2026-03-27 16:31:21 | INFO     | src.indicators.technical_indicators:calculate_sma:157 | 计算 10 日简单移动平均线完成
2026-03-27 16:31:21 | INFO     | src.indicators.technical_indicators:calculate_sma:157 | 计算 30 日简单移动平均线完成
2026-03-27 16:31:21 | INFO     | src.indicators.technical_indicators:calculate_rsi:221 | 计算 6 日RSI完成
2026-03-27 16:31:21 | INFO     | src.indicators.technical_indicators:calculate_ma:133 | 计算 5 日移动平均线完成
2026-03-27 16:31:21 | WARNING  | src.indicators.technical_indicators:calculate_all:635 | 未知的指标类型: rsv_period
2026-03-27 16:31:21 | INFO     | src.indicators.technical_indicators:calculate_rsi:221 | 计算 12 日RSI完成
2026-03-27 16:31:21 | INFO     | src.indicators.technical_indicators:calculate_sma:157 | 计算 20 日简单移动平均线完成
2026-03-27 16:31:21 | INFO     | src.core.data_fetcher:save_data:432 | 保存数据到 csv 文件: 002268_with_indicators
2026-03-27 16:31:21 | INFO     | src.indicators.technical_indicators:calculate_sma:157 | 计算 60 日简单移动平均线完成
2026-03-27 16:31:21 | INFO     | src.indicators.technical_indicators:calculate_rsi:221 | 计算 12 日RSI完成
2026-03-27 16:31:21 | INFO     | src.indicators.technical_indicators:calculate_ma:133 | 计算 10 日移动平均线完成
2026-03-27 16:31:21 | WARNING  | src.indicators.technical_indicators:calculate_all:635 | 未知的指标类型: volume_period
2026-03-27 16:31:21 | INFO     | src.indicators.technical_indicators:calculate_rsi:221 | 计算 24 日RSI完成
2026-03-27 16:31:21 | INFO     | src.indicators.technical_indicators:calculate_sma:157 | 计算 30 日简单移动平均线完成
2026-03-27 16:31:21 | INFO     | src.indicators.technical_indicators:calculate_sma:157 | 计算 120 日简单移动平均线完成
2026-03-27 16:31:21 | INFO     | src.indicators.technical_indicators:calculate_ma:133 | 计算 20 日移动平均线完成
2026-03-27 16:31:21 | INFO     | src.indicators.technical_indicators:calculate_all:640 | 完成计算 45 个技术指标
2026-03-27 16:31:21 | INFO     | src.indicators.technical_indicators:calculate_rsi:221 | 计算 24 日RSI完成
2026-03-27 16:31:21 | ERROR    | src.notify.channels.base:send:80 | NtfyChannel 发送异常 (尝试 1/3): HTTPSConnectionPool(host='ntfy.sh', port=443): Max retries exceeded with url: /process-notify-001 (Caused by SSLError(SSLEOFError(8, 'EOF occurred in violation of protocol (_ssl.c:997)')))
2026-03-27 16:31:21 | INFO     | src.indicators.technical_indicators:calculate_sma:157 | 计算 250 日简单移动平均线完成
2026-03-27 16:31:21 | INFO     | src.indicators.technical_indicators:calculate_sma:157 | 计算 60 日简单移动平均线完成
2026-03-27 16:31:21 | INFO     | src.indicators.technical_indicators:calculate_macd:263 | 计算MACD完成：快线=12, 慢线=26, 信号线=9
2026-03-27 16:31:21 | INFO     | src.indicators.technical_indicators:calculate_ma:133 | 计算 30 日移动平均线完成
2026-03-27 16:31:21 | INFO     | src.indicators.technical_indicators:calculate_macd:263 | 计算MACD完成：快线=12, 慢线=26, 信号线=9
2026-03-27 16:31:21 | INFO     | src.indicators.technical_indicators:calculate_ema:182 | 计算 12 日指数移动平均线完成
2026-03-27 16:31:21 | INFO     | src.indicators.technical_indicators:calculate_sma:157 | 计算 120 日简单移动平均线完成
2026-03-27 16:31:21 | INFO     | src.indicators.technical_indicators:calculate_macd:263 | 计算MACD完成：快线=12, 慢线=26, 信号线=12
2026-03-27 16:31:21 | INFO     | src.indicators.technical_indicators:calculate_ma:133 | 计算 60 日移动平均线完成
2026-03-27 16:31:21 | INFO     | src.core.data_fetcher:save_data:432 | 保存数据到 csv 文件: 600877_with_indicators
2026-03-27 16:31:21 | INFO     | src.indicators.technical_indicators:calculate_macd:263 | 计算MACD完成：快线=12, 慢线=26, 信号线=12
2026-03-27 16:31:21 | INFO     | src.indicators.technical_indicators:calculate_ema:182 | 计算 26 日指数移动平均线完成
2026-03-27 16:31:21 | INFO     | src.indicators.technical_indicators:calculate_sma:157 | 计算 250 日简单移动平均线完成
2026-03-27 16:31:21 | INFO     | src.indicators.technical_indicators:calculate_boll:303 | 计算布林带完成：周期=20, 标准差倍数=2
2026-03-27 16:31:21 | INFO     | src.indicators.technical_indicators:calculate_ma:133 | 计算 120 日移动平均线完成
2026-03-27 16:31:21 | INFO     | src.indicators.technical_indicators:calculate_boll:303 | 计算布林带完成：周期=20, 标准差倍数=2
2026-03-27 16:31:21 | INFO     | src.indicators.technical_indicators:calculate_rsi:221 | 计算 6 日RSI完成
2026-03-27 16:31:21 | INFO     | src.indicators.technical_indicators:calculate_ema:182 | 计算 12 日指数移动平均线完成
2026-03-27 16:31:21 | INFO     | src.indicators.technical_indicators:calculate_kdj:350 | 计算KDJ完成：K周期=9, D周期=3, J周期=3
2026-03-27 16:31:21 | INFO     | src.indicators.technical_indicators:calculate_ma:133 | 计算 250 日移动平均线完成
2026-03-27 16:31:21 | INFO     | src.indicators.technical_indicators:calculate_ema:182 | 计算 26 日指数移动平均线完成
2026-03-27 16:31:21 | INFO     | src.indicators.technical_indicators:calculate_kdj:350 | 计算KDJ完成：K周期=9, D周期=3, J周期=3
2026-03-27 16:31:21 | INFO     | src.indicators.technical_indicators:calculate_rsi:221 | 计算 12 日RSI完成
2026-03-27 16:31:21 | INFO     | src.indicators.technical_indicators:calculate_sma:157 | 计算 5 日简单移动平均线完成
2026-03-27 16:31:21 | INFO     | src.indicators.technical_indicators:calculate_kdj:350 | 计算KDJ完成：K周期=10, D周期=3, J周期=3
2026-03-27 16:31:21 | INFO     | src.indicators.technical_indicators:calculate_rsi:221 | 计算 6 日RSI完成
2026-03-27 16:31:21 | INFO     | src.indicators.technical_indicators:calculate_kdj:350 | 计算KDJ完成：K周期=10, D周期=3, J周期=3
2026-03-27 16:31:21 | INFO     | src.indicators.technical_indicators:calculate_sma:157 | 计算 10 日简单移动平均线完成
2026-03-27 16:31:21 | INFO     | src.indicators.technical_indicators:calculate_rsi:221 | 计算 24 日RSI完成
2026-03-27 16:31:21 | INFO     | src.indicators.technical_indicators:calculate_atr:385 | 计算 10 日ATR完成
2026-03-27 16:31:21 | INFO     | src.indicators.technical_indicators:calculate_sma:157 | 计算 20 日简单移动平均线完成
2026-03-27 16:31:21 | INFO     | src.indicators.technical_indicators:calculate_atr:385 | 计算 10 日ATR完成
2026-03-27 16:31:21 | INFO     | src.indicators.technical_indicators:calculate_rsi:221 | 计算 12 日RSI完成
2026-03-27 16:31:21 | INFO     | src.indicators.technical_indicators:calculate_macd:263 | 计算MACD完成：快线=12, 慢线=26, 信号线=9
2026-03-27 16:31:21 | INFO     | src.core.data_fetcher:save_data:452 | 数据保存成功: ./data\002268_with_indicators.csv
2026-03-27 16:31:21 | INFO     | src.indicators.technical_indicators:calculate_sma:157 | 计算 30 日简单移动平均线完成
2026-03-27 16:31:21 | INFO     | src.indicators.technical_indicators:calculate_rsi:221 | 计算 24 日RSI完成
2026-03-27 16:31:21 | INFO     | src.workflow.base:calculate_signals:224 | 对股票 002268 进行信号判断
2026-03-27 16:31:21 | INFO     | src.indicators.technical_indicators:calculate_macd:263 | 计算MACD完成：快线=12, 慢线=26, 信号线=12
2026-03-27 16:31:21 | INFO     | src.indicators.technical_indicators:calculate_macd:263 | 计算MACD完成：快线=12, 慢线=26, 信号线=9
2026-03-27 16:31:21 | INFO     | src.indicators.technical_indicators:calculate_sma:157 | 计算 60 日简单移动平均线完成
2026-03-27 16:31:22 | INFO     | src.indicators.technical_indicators:calculate_cci:446 | 计算 20 日CCI完成
2026-03-27 16:31:22 | INFO     | src.core.data_fetcher:save_data:432 | 保存数据到 csv 文件: 002268_signals
2026-03-27 16:31:22 | INFO     | src.indicators.technical_indicators:calculate_sma:157 | 计算 120 日简单移动平均线完成
2026-03-27 16:31:22 | INFO     | src.indicators.technical_indicators:calculate_macd:263 | 计算MACD完成：快线=12, 慢线=26, 信号线=12
2026-03-27 16:31:22 | INFO     | src.indicators.technical_indicators:calculate_boll:303 | 计算布林带完成：周期=20, 标准差倍数=2
2026-03-27 16:31:22 | INFO     | src.indicators.technical_indicators:calculate_cci:446 | 计算 20 日CCI完成
2026-03-27 16:31:22 | INFO     | src.indicators.technical_indicators:calculate_williams_r:476 | 计算 10 日威廉指标完成
2026-03-27 16:31:22 | INFO     | src.core.data_fetcher:save_data:452 | 数据保存成功: ./data\002268_signals.csv
2026-03-27 16:31:22 | INFO     | src.indicators.technical_indicators:calculate_sma:157 | 计算 250 日简单移动平均线完成
2026-03-27 16:31:22 | INFO     | src.indicators.technical_indicators:calculate_boll:303 | 计算布林带完成：周期=20, 标准差倍数=2
2026-03-27 16:31:22 | INFO     | src.indicators.technical_indicators:calculate_kdj:350 | 计算KDJ完成：K周期=9, D周期=3, J周期=3
2026-03-27 16:31:22 | INFO     | src.core.data_fetcher:save_data:452 | 数据保存成功: ./data\600877_with_indicators.csv
2026-03-27 16:31:22 | INFO     | src.indicators.technical_indicators:calculate_williams_r:476 | 计算 10 日威廉指标完成
2026-03-27 16:31:22 | INFO     | src.indicators.technical_indicators:calculate_ma:133 | 计算 5 日移动平均线完成
2026-03-27 16:31:22 | INFO     | src.workflow.technical:_process_single_stock:45 |   股票 002268 信号判断完成: 买入 (得分: 0.204)
2026-03-27 16:31:22 | INFO     | src.indicators.technical_indicators:calculate_ema:182 | 计算 12 日指数移动平均线完成
2026-03-27 16:31:22 | INFO     | src.workflow.base:calculate_signals:224 | 对股票 600877 进行信号判断
2026-03-27 16:31:22 | INFO     | src.indicators.technical_indicators:calculate_kdj:350 | 计算KDJ完成：K周期=9, D周期=3, J周期=3
2026-03-27 16:31:22 | INFO     | src.indicators.technical_indicators:calculate_kdj:350 | 计算KDJ完成：K周期=10, D周期=3, J周期=3
2026-03-27 16:31:22 | INFO     | src.indicators.technical_indicators:calculate_ma:133 | 计算 5 日移动平均线完成
2026-03-27 16:31:22 | INFO     | src.indicators.technical_indicators:calculate_bias:500 | 计算 5 日乖离率完成
2026-03-27 16:31:22 | INFO     | src.indicators.technical_indicators:calculate_ema:182 | 计算 26 日指数移动平均线完成
2026-03-27 16:31:22 | INFO     | src.core.data_fetcher:save_data:432 | 保存数据到 csv 文件: 600877_signals
2026-03-27 16:31:22 | INFO     | src.indicators.technical_indicators:calculate_kdj:350 | 计算KDJ完成：K周期=10, D周期=3, J周期=3
2026-03-27 16:31:22 | INFO     | src.indicators.technical_indicators:calculate_bias:500 | 计算 5 日乖离率完成
2026-03-27 16:31:22 | INFO     | src.indicators.technical_indicators:calculate_atr:385 | 计算 10 日ATR完成
2026-03-27 16:31:22 | INFO     | src.indicators.technical_indicators:calculate_ma:133 | 计算 10 日移动平均线完成
2026-03-27 16:31:22 | INFO     | src.indicators.technical_indicators:calculate_rsi:221 | 计算 6 日RSI完成
2026-03-27 16:31:22 | INFO     | src.indicators.technical_indicators:calculate_ma:133 | 计算 10 日移动平均线完成
2026-03-27 16:31:22 | INFO     | src.indicators.technical_indicators:calculate_atr:385 | 计算 10 日ATR完成
2026-03-27 16:31:22 | INFO     | src.core.data_fetcher:save_data:452 | 数据保存成功: ./data\600877_signals.csv
2026-03-27 16:31:22 | INFO     | src.indicators.technical_indicators:calculate_bias:500 | 计算 10 日乖离率完成
2026-03-27 16:31:22 | ERROR    | src.notify.channels.base:send:80 | NtfyChannel 发送异常 (尝试 1/3): HTTPSConnectionPool(host='ntfy.sh', port=443): Max retries exceeded with url: /process-notify-001 (Caused by SSLError(SSLEOFError(8, 'EOF occurred in violation of protocol (_ssl.c:997)')))
2026-03-27 16:31:22 | INFO     | src.indicators.technical_indicators:calculate_bias:500 | 计算 10 日乖离率完成
2026-03-27 16:31:22 | INFO     | src.indicators.technical_indicators:calculate_rsi:221 | 计算 12 日RSI完成
2026-03-27 16:31:22 | ERROR    | src.notify.channels.base:send:80 | NtfyChannel 发送异常 (尝试 2/3): ('Connection aborted.', ConnectionAbortedError(10053, '你的主机中的软件中止了一个已建立的连接。', None, 10053, None))
2026-03-27 16:31:22 | INFO     | src.workflow.technical:_process_single_stock:45 |   股票 600877 信号判断完成: 持有 (得分: 0.132)
2026-03-27 16:31:22 | INFO     | src.indicators.technical_indicators:calculate_cci:446 | 计算 20 日CCI完成
2026-03-27 16:31:22 | INFO     | src.indicators.technical_indicators:calculate_cci:446 | 计算 20 日CCI完成
2026-03-27 16:31:22 | INFO     | src.indicators.technical_indicators:calculate_ma:133 | 计算 20 日移动平均线完成
2026-03-27 16:31:22 | INFO     | src.indicators.technical_indicators:calculate_ma:133 | 计算 20 日移动平均线完成
2026-03-27 16:31:22 | INFO     | src.workflow.base:calculate_technical_indicators:188 | 计算股票 603267 的技术指标
2026-03-27 16:31:22 | INFO     | src.indicators.technical_indicators:calculate_rsi:221 | 计算 24 日RSI完成
2026-03-27 16:31:22 | INFO     | src.indicators.technical_indicators:calculate_williams_r:476 | 计算 10 日威廉指标完成
2026-03-27 16:31:22 | INFO     | src.indicators.technical_indicators:calculate_bias:500 | 计算 20 日乖离率完成
2026-03-27 16:31:22 | INFO     | src.indicators.technical_indicators:calculate_williams_r:476 | 计算 10 日威廉指标完成
2026-03-27 16:31:22 | INFO     | src.indicators.technical_indicators:calculate_bias:500 | 计算 20 日乖离率完成
2026-03-27 16:31:22 | INFO     | src.indicators.technical_indicators:calculate_ma:133 | 计算 5 日移动平均线完成
2026-03-27 16:31:22 | INFO     | src.indicators.technical_indicators:calculate_macd:263 | 计算MACD完成：快线=12, 慢线=26, 信号线=9
2026-03-27 16:31:22 | INFO     | src.indicators.technical_indicators:calculate_ma:133 | 计算 5 日移动平均线完成
2026-03-27 16:31:22 | INFO     | src.indicators.technical_indicators:calculate_ma:133 | 计算 30 日移动平均线完成
2026-03-27 16:31:22 | INFO     | src.indicators.technical_indicators:calculate_ma:133 | 计算 5 日移动平均线完成
2026-03-27 16:31:22 | INFO     | src.indicators.technical_indicators:calculate_ma:133 | 计算 30 日移动平均线完成
2026-03-27 16:31:22 | INFO     | src.indicators.technical_indicators:calculate_ma:133 | 计算 10 日移动平均线完成
2026-03-27 16:31:22 | INFO     | src.indicators.technical_indicators:calculate_bias:500 | 计算 5 日乖离率完成
2026-03-27 16:31:22 | INFO     | src.indicators.technical_indicators:calculate_macd:263 | 计算MACD完成：快线=12, 慢线=26, 信号线=12
2026-03-27 16:31:22 | INFO     | src.indicators.technical_indicators:calculate_bias:500 | 计算 30 日乖离率完成
2026-03-27 16:31:22 | INFO     | src.indicators.technical_indicators:calculate_bias:500 | 计算 5 日乖离率完成
2026-03-27 16:31:22 | INFO     | src.indicators.technical_indicators:calculate_bias:500 | 计算 30 日乖离率完成
2026-03-27 16:31:22 | INFO     | src.indicators.technical_indicators:calculate_ma:133 | 计算 20 日移动平均线完成
2026-03-27 16:31:22 | INFO     | src.indicators.technical_indicators:calculate_ma:133 | 计算 10 日移动平均线完成
2026-03-27 16:31:22 | INFO     | src.indicators.technical_indicators:calculate_boll:303 | 计算布林带完成：周期=20, 标准差倍数=2
2026-03-27 16:31:22 | INFO     | src.indicators.technical_indicators:calculate_ma:133 | 计算 60 日移动平均线完成
2026-03-27 16:31:22 | INFO     | src.indicators.technical_indicators:calculate_ma:133 | 计算 10 日移动平均线完成
2026-03-27 16:31:22 | INFO     | src.indicators.technical_indicators:calculate_ma:133 | 计算 60 日移动平均线完成
2026-03-27 16:31:22 | INFO     | src.indicators.technical_indicators:calculate_ma:133 | 计算 30 日移动平均线完成
2026-03-27 16:31:22 | INFO     | src.indicators.technical_indicators:calculate_bias:500 | 计算 10 日乖离率完成
2026-03-27 16:31:22 | INFO     | src.indicators.technical_indicators:calculate_bias:500 | 计算 60 日乖离率完成
2026-03-27 16:31:22 | INFO     | src.indicators.technical_indicators:calculate_bias:500 | 计算 10 日乖离率完成
2026-03-27 16:31:22 | INFO     | src.indicators.technical_indicators:calculate_kdj:350 | 计算KDJ完成：K周期=9, D周期=3, J周期=3
2026-03-27 16:31:22 | INFO     | src.indicators.technical_indicators:calculate_bias:500 | 计算 60 日乖离率完成
2026-03-27 16:31:22 | INFO     | src.indicators.technical_indicators:calculate_ma:133 | 计算 60 日移动平均线完成
2026-03-27 16:31:22 | INFO     | src.indicators.technical_indicators:calculate_ma:133 | 计算 20 日移动平均线完成
2026-03-27 16:31:22 | INFO     | src.indicators.technical_indicators:calculate_ma:133 | 计算 120 日移动平均线完成
2026-03-27 16:31:22 | INFO     | src.indicators.technical_indicators:calculate_ma:133 | 计算 20 日移动平均线完成
2026-03-27 16:31:22 | INFO     | src.indicators.technical_indicators:calculate_ma:133 | 计算 120 日移动平均线完成
2026-03-27 16:31:22 | INFO     | src.indicators.technical_indicators:calculate_kdj:350 | 计算KDJ完成：K周期=10, D周期=3, J周期=3
2026-03-27 16:31:22 | INFO     | src.indicators.technical_indicators:calculate_ma:133 | 计算 120 日移动平均线完成
2026-03-27 16:31:22 | INFO     | src.indicators.technical_indicators:calculate_bias:500 | 计算 20 日乖离率完成
2026-03-27 16:31:22 | INFO     | src.indicators.technical_indicators:calculate_bias:500 | 计算 120 日乖离率完成
2026-03-27 16:31:22 | INFO     | src.indicators.technical_indicators:calculate_bias:500 | 计算 20 日乖离率完成
2026-03-27 16:31:22 | INFO     | src.indicators.technical_indicators:calculate_bias:500 | 计算 120 日乖离率完成
2026-03-27 16:31:22 | INFO     | src.indicators.technical_indicators:calculate_atr:385 | 计算 10 日ATR完成
2026-03-27 16:31:22 | INFO     | src.indicators.technical_indicators:calculate_ma:133 | 计算 250 日移动平均线完成
2026-03-27 16:31:22 | INFO     | src.indicators.technical_indicators:calculate_ma:133 | 计算 30 日移动平均线完成
2026-03-27 16:31:22 | INFO     | src.indicators.technical_indicators:calculate_ma:133 | 计算 250 日移动平均线完成
2026-03-27 16:31:22 | INFO     | src.indicators.technical_indicators:calculate_ma:133 | 计算 30 日移动平均线完成
2026-03-27 16:31:22 | INFO     | src.indicators.technical_indicators:calculate_ma:133 | 计算 250 日移动平均线完成
2026-03-27 16:31:22 | INFO     | src.indicators.technical_indicators:calculate_sma:157 | 计算 5 日简单移动平均线完成
2026-03-27 16:31:22 | INFO     | src.indicators.technical_indicators:calculate_bias:500 | 计算 30 日乖离率完成
2026-03-27 16:31:22 | INFO     | src.indicators.technical_indicators:calculate_bias:500 | 计算 250 日乖离率完成
2026-03-27 16:31:22 | INFO     | src.indicators.technical_indicators:calculate_bias:500 | 计算 30 日乖离率完成
2026-03-27 16:31:22 | INFO     | src.indicators.technical_indicators:calculate_bias:500 | 计算 250 日乖离率完成
2026-03-27 16:31:23 | INFO     | src.indicators.technical_indicators:calculate_cci:446 | 计算 20 日CCI完成
2026-03-27 16:31:23 | INFO     | src.indicators.technical_indicators:calculate_sma:157 | 计算 10 日简单移动平均线完成
2026-03-27 16:31:23 | INFO     | src.indicators.technical_indicators:calculate_ma:133 | 计算 60 日移动平均线完成
2026-03-27 16:31:23 | INFO     | src.indicators.technical_indicators:calculate_psy:523 | 计算 10 日心理线完成
2026-03-27 16:31:23 | INFO     | src.indicators.technical_indicators:calculate_psy:523 | 计算 10 日心理线完成
2026-03-27 16:31:23 | INFO     | src.indicators.technical_indicators:calculate_ma:133 | 计算 60 日移动平均线完成
2026-03-27 16:31:23 | INFO     | src.indicators.technical_indicators:calculate_williams_r:476 | 计算 10 日威廉指标完成
2026-03-27 16:31:23 | INFO     | src.indicators.technical_indicators:calculate_sma:157 | 计算 20 日简单移动平均线完成
2026-03-27 16:31:23 | INFO     | src.indicators.technical_indicators:calculate_bias:500 | 计算 60 日乖离率完成
2026-03-27 16:31:23 | WARNING  | src.indicators.technical_indicators:calculate_all:635 | 未知的指标类型: rsv_period
2026-03-27 16:31:23 | WARNING  | src.indicators.technical_indicators:calculate_all:635 | 未知的指标类型: rsv_period
2026-03-27 16:31:23 | INFO     | src.indicators.technical_indicators:calculate_bias:500 | 计算 60 日乖离率完成
2026-03-27 16:31:23 | INFO     | src.indicators.technical_indicators:calculate_ma:133 | 计算 5 日移动平均线完成
2026-03-27 16:31:23 | INFO     | src.indicators.technical_indicators:calculate_sma:157 | 计算 30 日简单移动平均线完成
2026-03-27 16:31:23 | INFO     | src.indicators.technical_indicators:calculate_ma:133 | 计算 120 日移动平均线完成
2026-03-27 16:31:23 | WARNING  | src.indicators.technical_indicators:calculate_all:635 | 未知的指标类型: volume_period
2026-03-27 16:31:23 | WARNING  | src.indicators.technical_indicators:calculate_all:635 | 未知的指标类型: volume_period
2026-03-27 16:31:23 | INFO     | src.indicators.technical_indicators:calculate_ma:133 | 计算 120 日移动平均线完成
2026-03-27 16:31:23 | INFO     | src.indicators.technical_indicators:calculate_bias:500 | 计算 5 日乖离率完成
2026-03-27 16:31:23 | INFO     | src.indicators.technical_indicators:calculate_bias:500 | 计算 120 日乖离率完成
2026-03-27 16:31:23 | INFO     | src.indicators.technical_indicators:calculate_sma:157 | 计算 60 日简单移动平均线完成
2026-03-27 16:31:23 | INFO     | src.indicators.technical_indicators:calculate_all:640 | 完成计算 45 个技术指标
2026-03-27 16:31:23 | INFO     | src.indicators.technical_indicators:calculate_all:640 | 完成计算 45 个技术指标
2026-03-27 16:31:23 | INFO     | src.indicators.technical_indicators:calculate_bias:500 | 计算 120 日乖离率完成
2026-03-27 16:31:23 | INFO     | src.indicators.technical_indicators:calculate_ma:133 | 计算 10 日移动平均线完成
2026-03-27 16:31:23 | INFO     | src.indicators.technical_indicators:calculate_ma:133 | 计算 250 日移动平均线完成
2026-03-27 16:31:23 | INFO     | src.indicators.technical_indicators:calculate_sma:157 | 计算 120 日简单移动平均线完成
2026-03-27 16:31:23 | INFO     | src.indicators.technical_indicators:calculate_ma:133 | 计算 250 日移动平均线完成
2026-03-27 16:31:23 | INFO     | src.indicators.technical_indicators:calculate_bias:500 | 计算 10 日乖离率完成
2026-03-27 16:31:23 | INFO     | src.indicators.technical_indicators:calculate_bias:500 | 计算 250 日乖离率完成
2026-03-27 16:31:23 | INFO     | src.indicators.technical_indicators:calculate_sma:157 | 计算 250 日简单移动平均线完成
2026-03-27 16:31:23 | INFO     | src.indicators.technical_indicators:calculate_bias:500 | 计算 250 日乖离率完成
2026-03-27 16:31:23 | INFO     | src.indicators.technical_indicators:calculate_ma:133 | 计算 20 日移动平均线完成
2026-03-27 16:31:23 | INFO     | src.core.data_fetcher:save_data:432 | 保存数据到 csv 文件: 603678_with_indicators
2026-03-27 16:31:23 | INFO     | src.indicators.technical_indicators:calculate_psy:523 | 计算 10 日心理线完成
2026-03-27 16:31:23 | INFO     | src.indicators.technical_indicators:calculate_ema:182 | 计算 12 日指数移动平均线完成
2026-03-27 16:31:23 | INFO     | src.core.data_fetcher:save_data:432 | 保存数据到 csv 文件: 000801_with_indicators
2026-03-27 16:31:23 | INFO     | src.indicators.technical_indicators:calculate_psy:523 | 计算 10 日心理线完成
2026-03-27 16:31:23 | INFO     | src.indicators.technical_indicators:calculate_bias:500 | 计算 20 日乖离率完成
2026-03-27 16:31:23 | WARNING  | src.indicators.technical_indicators:calculate_all:635 | 未知的指标类型: rsv_period
2026-03-27 16:31:23 | INFO     | src.indicators.technical_indicators:calculate_ema:182 | 计算 26 日指数移动平均线完成
2026-03-27 16:31:23 | WARNING  | src.indicators.technical_indicators:calculate_all:635 | 未知的指标类型: rsv_period
2026-03-27 16:31:23 | INFO     | src.indicators.technical_indicators:calculate_ma:133 | 计算 30 日移动平均线完成
2026-03-27 16:31:23 | WARNING  | src.indicators.technical_indicators:calculate_all:635 | 未知的指标类型: volume_period
2026-03-27 16:31:23 | WARNING  | src.indicators.technical_indicators:calculate_all:635 | 未知的指标类型: volume_period
2026-03-27 16:31:23 | INFO     | src.indicators.technical_indicators:calculate_rsi:221 | 计算 6 日RSI完成
2026-03-27 16:31:23 | INFO     | src.indicators.technical_indicators:calculate_bias:500 | 计算 30 日乖离率完成
2026-03-27 16:31:23 | INFO     | src.indicators.technical_indicators:calculate_all:640 | 完成计算 45 个技术指标
2026-03-27 16:31:23 | INFO     | src.indicators.technical_indicators:calculate_all:640 | 完成计算 45 个技术指标
2026-03-27 16:31:23 | INFO     | src.indicators.technical_indicators:calculate_ma:133 | 计算 60 日移动平均线完成
2026-03-27 16:31:23 | INFO     | src.indicators.technical_indicators:calculate_rsi:221 | 计算 12 日RSI完成
2026-03-27 16:31:23 | INFO     | src.indicators.technical_indicators:calculate_bias:500 | 计算 60 日乖离率完成
2026-03-27 16:31:23 | INFO     | src.indicators.technical_indicators:calculate_ma:133 | 计算 120 日移动平均线完成
2026-03-27 16:31:23 | INFO     | src.indicators.technical_indicators:calculate_rsi:221 | 计算 24 日RSI完成
2026-03-27 16:31:23 | INFO     | src.indicators.technical_indicators:calculate_bias:500 | 计算 120 日乖离率完成
2026-03-27 16:31:23 | INFO     | src.indicators.technical_indicators:calculate_macd:263 | 计算MACD完成：快线=12, 慢线=26, 信号线=9
2026-03-27 16:31:23 | INFO     | src.indicators.technical_indicators:calculate_ma:133 | 计算 250 日移动平均线完成
2026-03-27 16:31:23 | INFO     | src.indicators.technical_indicators:calculate_macd:263 | 计算MACD完成：快线=12, 慢线=26, 信号线=12
2026-03-27 16:31:23 | INFO     | src.indicators.technical_indicators:calculate_bias:500 | 计算 250 日乖离率完成
2026-03-27 16:31:23 | INFO     | src.indicators.technical_indicators:calculate_boll:303 | 计算布林带完成：周期=20, 标准差倍数=2
2026-03-27 16:31:23 | INFO     | src.indicators.technical_indicators:calculate_psy:523 | 计算 10 日心理线完成
2026-03-27 16:31:23 | INFO     | src.core.data_fetcher:save_data:432 | 保存数据到 csv 文件: 603712_with_indicators
2026-03-27 16:31:23 | INFO     | src.core.data_fetcher:save_data:432 | 保存数据到 csv 文件: 688709_with_indicators
2026-03-27 16:31:23 | WARNING  | src.indicators.technical_indicators:calculate_all:635 | 未知的指标类型: rsv_period
2026-03-27 16:31:23 | INFO     | src.indicators.technical_indicators:calculate_kdj:350 | 计算KDJ完成：K周期=9, D周期=3, J周期=3
2026-03-27 16:31:23 | WARNING  | src.indicators.technical_indicators:calculate_all:635 | 未知的指标类型: volume_period
2026-03-27 16:31:23 | INFO     | src.indicators.technical_indicators:calculate_all:640 | 完成计算 45 个技术指标
2026-03-27 16:31:23 | INFO     | src.indicators.technical_indicators:calculate_kdj:350 | 计算KDJ完成：K周期=10, D周期=3, J周期=3
2026-03-27 16:31:23 | INFO     | src.indicators.technical_indicators:calculate_atr:385 | 计算 10 日ATR完成
2026-03-27 16:31:23 | INFO     | src.core.data_fetcher:save_data:452 | 数据保存成功: ./data\688709_with_indicators.csv
2026-03-27 16:31:23 | INFO     | src.workflow.base:calculate_signals:224 | 对股票 688709 进行信号判断
2026-03-27 16:31:23 | INFO     | src.core.data_fetcher:save_data:452 | 数据保存成功: ./data\603678_with_indicators.csv
2026-03-27 16:31:23 | INFO     | src.core.data_fetcher:save_data:432 | 保存数据到 csv 文件: 300726_with_indicators
2026-03-27 16:31:23 | INFO     | src.workflow.base:calculate_signals:224 | 对股票 603678 进行信号判断
2026-03-27 16:31:23 | INFO     | src.core.data_fetcher:save_data:432 | 保存数据到 csv 文件: 688709_signals
2026-03-27 16:31:23 | INFO     | src.indicators.technical_indicators:calculate_cci:446 | 计算 20 日CCI完成
2026-03-27 16:31:23 | INFO     | src.indicators.technical_indicators:calculate_williams_r:476 | 计算 10 日威廉指标完成
2026-03-27 16:31:23 | INFO     | src.core.data_fetcher:save_data:432 | 保存数据到 csv 文件: 603678_signals
2026-03-27 16:31:23 | INFO     | src.core.data_fetcher:save_data:452 | 数据保存成功: ./data\688709_signals.csv
2026-03-27 16:31:23 | INFO     | src.workflow.technical:_process_single_stock:45 |   股票 688709 信号判断完成: 持有 (得分: 0.136)
2026-03-27 16:31:23 | INFO     | src.indicators.technical_indicators:calculate_ma:133 | 计算 5 日移动平均线完成
2026-03-27 16:31:23 | INFO     | src.workflow.base:calculate_technical_indicators:188 | 计算股票 688776 的技术指标
2026-03-27 16:31:23 | INFO     | src.indicators.technical_indicators:calculate_bias:500 | 计算 5 日乖离率完成
2026-03-27 16:31:23 | INFO     | src.core.data_fetcher:save_data:452 | 数据保存成功: ./data\603678_signals.csv
2026-03-27 16:31:23 | INFO     | src.workflow.technical:_process_single_stock:45 |   股票 603678 信号判断完成: 持有 (得分: -0.055)
2026-03-27 16:31:23 | INFO     | src.indicators.technical_indicators:calculate_ma:133 | 计算 5 日移动平均线完成
2026-03-27 16:31:23 | INFO     | src.indicators.technical_indicators:calculate_ma:133 | 计算 10 日移动平均线完成
2026-03-27 16:31:23 | INFO     | src.core.data_fetcher:save_data:452 | 数据保存成功: ./data\000801_with_indicators.csv
2026-03-27 16:31:23 | INFO     | src.workflow.base:calculate_technical_indicators:188 | 计算股票 600345 的技术指标
2026-03-27 16:31:23 | INFO     | src.indicators.technical_indicators:calculate_ma:133 | 计算 10 日移动平均线完成
2026-03-27 16:31:23 | INFO     | src.indicators.technical_indicators:calculate_bias:500 | 计算 10 日乖离率完成
2026-03-27 16:31:23 | INFO     | src.workflow.base:calculate_signals:224 | 对股票 000801 进行信号判断
2026-03-27 16:31:24 | INFO     | src.indicators.technical_indicators:calculate_ma:133 | 计算 5 日移动平均线完成
2026-03-27 16:31:24 | INFO     | src.indicators.technical_indicators:calculate_ma:133 | 计算 20 日移动平均线完成
2026-03-27 16:31:24 | INFO     | src.indicators.technical_indicators:calculate_ma:133 | 计算 20 日移动平均线完成
2026-03-27 16:31:24 | INFO     | src.indicators.technical_indicators:calculate_ma:133 | 计算 10 日移动平均线完成
2026-03-27 16:31:24 | INFO     | src.core.data_fetcher:save_data:432 | 保存数据到 csv 文件: 000801_signals
2026-03-27 16:31:24 | INFO     | src.indicators.technical_indicators:calculate_ma:133 | 计算 30 日移动平均线完成
2026-03-27 16:31:24 | INFO     | src.indicators.technical_indicators:calculate_bias:500 | 计算 20 日乖离率完成
2026-03-27 16:31:24 | INFO     | src.core.data_fetcher:save_data:452 | 数据保存成功: ./data\603712_with_indicators.csv
2026-03-27 16:31:24 | INFO     | src.indicators.technical_indicators:calculate_ma:133 | 计算 20 日移动平均线完成
2026-03-27 16:31:24 | INFO     | src.indicators.technical_indicators:calculate_ma:133 | 计算 60 日移动平均线完成
2026-03-27 16:31:24 | INFO     | src.core.data_fetcher:save_data:452 | 数据保存成功: ./data\000801_signals.csv
2026-03-27 16:31:24 | INFO     | src.indicators.technical_indicators:calculate_ma:133 | 计算 30 日移动平均线完成
2026-03-27 16:31:24 | INFO     | src.workflow.base:calculate_signals:224 | 对股票 603712 进行信号判断
2026-03-27 16:31:24 | INFO     | src.indicators.technical_indicators:calculate_ma:133 | 计算 30 日移动平均线完成
2026-03-27 16:31:24 | INFO     | src.indicators.technical_indicators:calculate_ma:133 | 计算 120 日移动平均线完成
2026-03-27 16:31:24 | INFO     | src.workflow.technical:_process_single_stock:45 |   股票 000801 信号判断完成: 持有 (得分: 0.129)
2026-03-27 16:31:24 | INFO     | src.indicators.technical_indicators:calculate_bias:500 | 计算 30 日乖离率完成
2026-03-27 16:31:24 | INFO     | src.indicators.technical_indicators:calculate_ma:133 | 计算 60 日移动平均线完成
2026-03-27 16:31:24 | INFO     | src.core.data_fetcher:save_data:432 | 保存数据到 csv 文件: 603712_signals
2026-03-27 16:31:24 | INFO     | src.indicators.technical_indicators:calculate_ma:133 | 计算 250 日移动平均线完成
2026-03-27 16:31:24 | INFO     | src.workflow.base:calculate_technical_indicators:188 | 计算股票 688182 的技术指标
2026-03-27 16:31:24 | INFO     | src.indicators.technical_indicators:calculate_ma:133 | 计算 60 日移动平均线完成
2026-03-27 16:31:24 | INFO     | src.indicators.technical_indicators:calculate_ma:133 | 计算 120 日移动平均线完成
2026-03-27 16:31:24 | INFO     | src.indicators.technical_indicators:calculate_sma:157 | 计算 5 日简单移动平均线完成
2026-03-27 16:31:24 | INFO     | src.core.data_fetcher:save_data:452 | 数据保存成功: ./data\603712_signals.csv
2026-03-27 16:31:24 | INFO     | src.indicators.technical_indicators:calculate_ma:133 | 计算 5 日移动平均线完成
2026-03-27 16:31:24 | INFO     | src.indicators.technical_indicators:calculate_bias:500 | 计算 60 日乖离率完成
2026-03-27 16:31:24 | INFO     | src.core.data_fetcher:save_data:452 | 数据保存成功: ./data\300726_with_indicators.csv
2026-03-27 16:31:24 | INFO     | src.indicators.technical_indicators:calculate_ma:133 | 计算 250 日移动平均线完成
2026-03-27 16:31:24 | INFO     | src.indicators.technical_indicators:calculate_sma:157 | 计算 10 日简单移动平均线完成
2026-03-27 16:31:24 | INFO     | src.workflow.technical:_process_single_stock:45 |   股票 603712 信号判断完成: 持有 (得分: 0.174)
2026-03-27 16:31:24 | INFO     | src.indicators.technical_indicators:calculate_ma:133 | 计算 10 日移动平均线完成
2026-03-27 16:31:24 | INFO     | src.workflow.base:calculate_signals:224 | 对股票 300726 进行信号判断
2026-03-27 16:31:24 | INFO     | src.indicators.technical_indicators:calculate_ma:133 | 计算 120 日移动平均线完成
2026-03-27 16:31:24 | INFO     | src.indicators.technical_indicators:calculate_sma:157 | 计算 5 日简单移动平均线完成
2026-03-27 16:31:24 | INFO     | src.indicators.technical_indicators:calculate_sma:157 | 计算 20 日简单移动平均线完成
2026-03-27 16:31:24 | INFO     | src.workflow.base:calculate_technical_indicators:188 | 计算股票 688795 的技术指标
2026-03-27 16:31:24 | INFO     | src.indicators.technical_indicators:calculate_ma:133 | 计算 20 日移动平均线完成
2026-03-27 16:31:24 | INFO     | src.indicators.technical_indicators:calculate_bias:500 | 计算 120 日乖离率完成
2026-03-27 16:31:24 | ERROR    | src.notify.channels.base:send:80 | NtfyChannel 发送异常 (尝试 2/3): HTTPSConnectionPool(host='ntfy.sh', port=443): Max retries exceeded with url: /process-notify-001 (Caused by SSLError(SSLEOFError(8, 'EOF occurred in violation of protocol (_ssl.c:997)')))
2026-03-27 16:31:24 | INFO     | src.core.data_fetcher:save_data:432 | 保存数据到 csv 文件: 300726_signals
2026-03-27 16:31:24 | ERROR    | src.notify.channels.base:send:80 | NtfyChannel 发送异常 (尝试 3/3): HTTPSConnectionPool(host='ntfy.sh', port=443): Max retries exceeded with url: /process-notify-001 (Caused by SSLError(SSLEOFError(8, 'EOF occurred in violation of protocol (_ssl.c:997)')))
2026-03-27 16:31:24 | INFO     | src.indicators.technical_indicators:calculate_sma:157 | 计算 10 日简单移动平均线完成
2026-03-27 16:31:24 | INFO     | src.indicators.technical_indicators:calculate_sma:157 | 计算 30 日简单移动平均线完成
2026-03-27 16:31:24 | INFO     | src.indicators.technical_indicators:calculate_ma:133 | 计算 5 日移动平均线完成
2026-03-27 16:31:24 | INFO     | src.indicators.technical_indicators:calculate_ma:133 | 计算 30 日移动平均线完成
2026-03-27 16:31:24 | INFO     | src.indicators.technical_indicators:calculate_ma:133 | 计算 250 日移动平均线完成
2026-03-27 16:31:24 | INFO     | src.indicators.technical_indicators:calculate_sma:157 | 计算 20 日简单移动平均线完成
2026-03-27 16:31:24 | INFO     | src.indicators.technical_indicators:calculate_sma:157 | 计算 60 日简单移动平均线完成
2026-03-27 16:31:24 | INFO     | src.indicators.technical_indicators:calculate_ma:133 | 计算 10 日移动平均线完成
2026-03-27 16:31:24 | INFO     | src.notify.channels.markdown:_do_send:75 | Markdown 文件已保存: ./notify_logs\notify_20260327_163124.md
2026-03-27 16:31:24 | INFO     | src.indicators.technical_indicators:calculate_ma:133 | 计算 60 日移动平均线完成
2026-03-27 16:31:24 | INFO     | src.core.data_fetcher:save_data:452 | 数据保存成功: ./data\300726_signals.csv
2026-03-27 16:31:24 | INFO     | src.indicators.technical_indicators:calculate_bias:500 | 计算 250 日乖离率完成
2026-03-27 16:31:24 | INFO     | src.indicators.technical_indicators:calculate_sma:157 | 计算 30 日简单移动平均线完成
2026-03-27 16:31:24 | INFO     | src.indicators.technical_indicators:calculate_sma:157 | 计算 120 日简单移动平均线完成
2026-03-27 16:31:24 | INFO     | src.indicators.technical_indicators:calculate_ma:133 | 计算 20 日移动平均线完成
2026-03-27 16:31:24 | INFO     | src.indicators.technical_indicators:calculate_ma:133 | 计算 120 日移动平均线完成
2026-03-27 16:31:24 | INFO     | src.workflow.technical:_process_single_stock:45 |   股票 300726 信号判断完成: 持有 (得分: -0.014)
2026-03-27 16:31:24 | INFO     | src.workflow.base:calculate_technical_indicators:188 | 计算股票 001280 的技术指标
2026-03-27 16:31:24 | INFO     | src.indicators.technical_indicators:calculate_psy:523 | 计算 10 日心理线完成
2026-03-27 16:31:24 | INFO     | src.indicators.technical_indicators:calculate_sma:157 | 计算 60 日简单移动平均线完成
2026-03-27 16:31:24 | INFO     | src.indicators.technical_indicators:calculate_sma:157 | 计算 250 日简单移动平均线完成
2026-03-27 16:31:24 | INFO     | src.indicators.technical_indicators:calculate_ma:133 | 计算 30 日移动平均线完成
2026-03-27 16:31:24 | INFO     | src.workflow.base:calculate_technical_indicators:188 | 计算股票 688809 的技术指标
2026-03-27 16:31:24 | INFO     | src.indicators.technical_indicators:calculate_ma:133 | 计算 250 日移动平均线完成
2026-03-27 16:31:24 | INFO     | src.indicators.technical_indicators:calculate_ma:133 | 计算 5 日移动平均线完成
2026-03-27 16:31:24 | WARNING  | src.indicators.technical_indicators:calculate_all:635 | 未知的指标类型: rsv_period
2026-03-27 16:31:24 | INFO     | src.indicators.technical_indicators:calculate_sma:157 | 计算 120 日简单移动平均线完成
2026-03-27 16:31:24 | INFO     | src.indicators.technical_indicators:calculate_ema:182 | 计算 12 日指数移动平均线完成
2026-03-27 16:31:24 | INFO     | src.indicators.technical_indicators:calculate_ma:133 | 计算 60 日移动平均线完成
2026-03-27 16:31:24 | INFO     | src.indicators.technical_indicators:calculate_ma:133 | 计算 5 日移动平均线完成
2026-03-27 16:31:24 | INFO     | src.indicators.technical_indicators:calculate_sma:157 | 计算 5 日简单移动平均线完成
2026-03-27 16:31:24 | INFO     | src.indicators.technical_indicators:calculate_ma:133 | 计算 10 日移动平均线完成
2026-03-27 16:31:24 | WARNING  | src.indicators.technical_indicators:calculate_all:635 | 未知的指标类型: volume_period
2026-03-27 16:31:24 | INFO     | src.indicators.technical_indicators:calculate_sma:157 | 计算 250 日简单移动平均线完成
2026-03-27 16:31:24 | INFO     | src.indicators.technical_indicators:calculate_ema:182 | 计算 26 日指数移动平均线完成
2026-03-27 16:31:24 | INFO     | src.indicators.technical_indicators:calculate_ma:133 | 计算 120 日移动平均线完成
2026-03-27 16:31:24 | INFO     | src.indicators.technical_indicators:calculate_ma:133 | 计算 10 日移动平均线完成
2026-03-27 16:31:24 | INFO     | src.indicators.technical_indicators:calculate_sma:157 | 计算 10 日简单移动平均线完成
2026-03-27 16:31:24 | INFO     | src.indicators.technical_indicators:calculate_ma:133 | 计算 20 日移动平均线完成
2026-03-27 16:31:24 | INFO     | src.indicators.technical_indicators:calculate_all:640 | 完成计算 45 个技术指标
2026-03-27 16:31:24 | INFO     | src.indicators.technical_indicators:calculate_ema:182 | 计算 12 日指数移动平均线完成
2026-03-27 16:31:24 | INFO     | src.indicators.technical_indicators:calculate_rsi:221 | 计算 6 日RSI完成
2026-03-27 16:31:24 | INFO     | src.indicators.technical_indicators:calculate_ma:133 | 计算 250 日移动平均线完成
2026-03-27 16:31:24 | INFO     | src.indicators.technical_indicators:calculate_ma:133 | 计算 20 日移动平均线完成
2026-03-27 16:31:24 | INFO     | src.indicators.technical_indicators:calculate_sma:157 | 计算 20 日简单移动平均线完成
2026-03-27 16:31:24 | INFO     | src.indicators.technical_indicators:calculate_ma:133 | 计算 30 日移动平均线完成
2026-03-27 16:31:24 | INFO     | src.indicators.technical_indicators:calculate_ema:182 | 计算 26 日指数移动平均线完成
2026-03-27 16:31:24 | INFO     | src.indicators.technical_indicators:calculate_sma:157 | 计算 5 日简单移动平均线完成
2026-03-27 16:31:24 | INFO     | src.indicators.technical_indicators:calculate_rsi:221 | 计算 12 日RSI完成
2026-03-27 16:31:24 | INFO     | src.indicators.technical_indicators:calculate_ma:133 | 计算 30 日移动平均线完成
2026-03-27 16:31:24 | INFO     | src.indicators.technical_indicators:calculate_sma:157 | 计算 30 日简单移动平均线完成
2026-03-27 16:31:24 | INFO     | src.indicators.technical_indicators:calculate_ma:133 | 计算 60 日移动平均线完成
2026-03-27 16:31:24 | INFO     | src.indicators.technical_indicators:calculate_rsi:221 | 计算 6 日RSI完成
2026-03-27 16:31:24 | INFO     | src.indicators.technical_indicators:calculate_sma:157 | 计算 10 日简单移动平均线完成
2026-03-27 16:31:24 | INFO     | src.core.data_fetcher:save_data:432 | 保存数据到 csv 文件: 603267_with_indicators
2026-03-27 16:31:24 | INFO     | src.indicators.technical_indicators:calculate_rsi:221 | 计算 24 日RSI完成
2026-03-27 16:31:24 | INFO     | src.indicators.technical_indicators:calculate_ma:133 | 计算 60 日移动平均线完成
2026-03-27 16:31:24 | INFO     | src.indicators.technical_indicators:calculate_sma:157 | 计算 60 日简单移动平均线完成
2026-03-27 16:31:24 | INFO     | src.indicators.technical_indicators:calculate_ma:133 | 计算 120 日移动平均线完成
2026-03-27 16:31:24 | INFO     | src.indicators.technical_indicators:calculate_sma:157 | 计算 20 日简单移动平均线完成
2026-03-27 16:31:24 | INFO     | src.indicators.technical_indicators:calculate_rsi:221 | 计算 12 日RSI完成
2026-03-27 16:31:24 | INFO     | src.indicators.technical_indicators:calculate_macd:263 | 计算MACD完成：快线=12, 慢线=26, 信号线=9
2026-03-27 16:31:24 | INFO     | src.indicators.technical_indicators:calculate_ma:133 | 计算 120 日移动平均线完成
2026-03-27 16:31:24 | INFO     | src.indicators.technical_indicators:calculate_sma:157 | 计算 120 日简单移动平均线完成
2026-03-27 16:31:24 | INFO     | src.indicators.technical_indicators:calculate_ma:133 | 计算 250 日移动平均线完成
2026-03-27 16:31:24 | INFO     | src.indicators.technical_indicators:calculate_sma:157 | 计算 30 日简单移动平均线完成
2026-03-27 16:31:24 | INFO     | src.indicators.technical_indicators:calculate_rsi:221 | 计算 24 日RSI完成
2026-03-27 16:31:24 | INFO     | src.indicators.technical_indicators:calculate_ma:133 | 计算 250 日移动平均线完成
2026-03-27 16:31:24 | INFO     | src.indicators.technical_indicators:calculate_macd:263 | 计算MACD完成：快线=12, 慢线=26, 信号线=12
2026-03-27 16:31:24 | INFO     | src.indicators.technical_indicators:calculate_sma:157 | 计算 250 日简单移动平均线完成
2026-03-27 16:31:24 | INFO     | src.indicators.technical_indicators:calculate_sma:157 | 计算 5 日简单移动平均线完成
2026-03-27 16:31:24 | INFO     | src.indicators.technical_indicators:calculate_sma:157 | 计算 60 日简单移动平均线完成
2026-03-27 16:31:24 | INFO     | src.indicators.technical_indicators:calculate_sma:157 | 计算 5 日简单移动平均线完成
2026-03-27 16:31:24 | INFO     | src.indicators.technical_indicators:calculate_macd:263 | 计算MACD完成：快线=12, 慢线=26, 信号线=9
2026-03-27 16:31:24 | INFO     | src.indicators.technical_indicators:calculate_boll:303 | 计算布林带完成：周期=20, 标准差倍数=2
2026-03-27 16:31:24 | INFO     | src.indicators.technical_indicators:calculate_ema:182 | 计算 12 日指数移动平均线完成
2026-03-27 16:31:24 | INFO     | src.indicators.technical_indicators:calculate_sma:157 | 计算 10 日简单移动平均线完成
2026-03-27 16:31:24 | INFO     | src.indicators.technical_indicators:calculate_sma:157 | 计算 120 日简单移动平均线完成
2026-03-27 16:31:24 | INFO     | src.indicators.technical_indicators:calculate_sma:157 | 计算 10 日简单移动平均线完成
2026-03-27 16:31:24 | INFO     | src.indicators.technical_indicators:calculate_macd:263 | 计算MACD完成：快线=12, 慢线=26, 信号线=12
2026-03-27 16:31:24 | INFO     | src.indicators.technical_indicators:calculate_ema:182 | 计算 26 日指数移动平均线完成
2026-03-27 16:31:24 | INFO     | src.indicators.technical_indicators:calculate_kdj:350 | 计算KDJ完成：K周期=9, D周期=3, J周期=3
2026-03-27 16:31:24 | INFO     | src.indicators.technical_indicators:calculate_sma:157 | 计算 20 日简单移动平均线完成
2026-03-27 16:31:24 | INFO     | src.indicators.technical_indicators:calculate_sma:157 | 计算 250 日简单移动平均线完成
2026-03-27 16:31:24 | INFO     | src.indicators.technical_indicators:calculate_sma:157 | 计算 20 日简单移动平均线完成
2026-03-27 16:31:24 | INFO     | src.indicators.technical_indicators:calculate_boll:303 | 计算布林带完成：周期=20, 标准差倍数=2
2026-03-27 16:31:24 | INFO     | src.indicators.technical_indicators:calculate_rsi:221 | 计算 6 日RSI完成
2026-03-27 16:31:24 | INFO     | src.indicators.technical_indicators:calculate_sma:157 | 计算 30 日简单移动平均线完成
2026-03-27 16:31:24 | INFO     | src.indicators.technical_indicators:calculate_kdj:350 | 计算KDJ完成：K周期=10, D周期=3, J周期=3
2026-03-27 16:31:24 | INFO     | src.indicators.technical_indicators:calculate_ema:182 | 计算 12 日指数移动平均线完成
2026-03-27 16:31:24 | INFO     | src.indicators.technical_indicators:calculate_sma:157 | 计算 30 日简单移动平均线完成
2026-03-27 16:31:24 | INFO     | src.indicators.technical_indicators:calculate_kdj:350 | 计算KDJ完成：K周期=9, D周期=3, J周期=3
2026-03-27 16:31:24 | INFO     | src.indicators.technical_indicators:calculate_rsi:221 | 计算 12 日RSI完成
2026-03-27 16:31:24 | INFO     | src.indicators.technical_indicators:calculate_sma:157 | 计算 60 日简单移动平均线完成
2026-03-27 16:31:24 | INFO     | src.indicators.technical_indicators:calculate_atr:385 | 计算 10 日ATR完成
2026-03-27 16:31:24 | INFO     | src.core.data_fetcher:save_data:452 | 数据保存成功: ./data\603267_with_indicators.csv
2026-03-27 16:31:24 | INFO     | src.indicators.technical_indicators:calculate_ema:182 | 计算 26 日指数移动平均线完成
2026-03-27 16:31:24 | INFO     | src.indicators.technical_indicators:calculate_sma:157 | 计算 60 日简单移动平均线完成
2026-03-27 16:31:24 | INFO     | src.indicators.technical_indicators:calculate_sma:157 | 计算 120 日简单移动平均线完成
2026-03-27 16:31:24 | INFO     | src.indicators.technical_indicators:calculate_rsi:221 | 计算 24 日RSI完成
2026-03-27 16:31:24 | INFO     | src.indicators.technical_indicators:calculate_kdj:350 | 计算KDJ完成：K周期=10, D周期=3, J周期=3
2026-03-27 16:31:24 | INFO     | src.workflow.base:calculate_signals:224 | 对股票 603267 进行信号判断
2026-03-27 16:31:24 | INFO     | src.indicators.technical_indicators:calculate_rsi:221 | 计算 6 日RSI完成
2026-03-27 16:31:24 | INFO     | src.indicators.technical_indicators:calculate_sma:157 | 计算 120 日简单移动平均线完成
2026-03-27 16:31:24 | INFO     | src.indicators.technical_indicators:calculate_sma:157 | 计算 250 日简单移动平均线完成
2026-03-27 16:31:24 | INFO     | src.indicators.technical_indicators:calculate_cci:446 | 计算 20 日CCI完成
2026-03-27 16:31:24 | INFO     | src.indicators.technical_indicators:calculate_macd:263 | 计算MACD完成：快线=12, 慢线=26, 信号线=9
2026-03-27 16:31:24 | INFO     | src.core.data_fetcher:save_data:432 | 保存数据到 csv 文件: 603267_signals
2026-03-27 16:31:24 | INFO     | src.indicators.technical_indicators:calculate_atr:385 | 计算 10 日ATR完成
2026-03-27 16:31:24 | INFO     | src.indicators.technical_indicators:calculate_rsi:221 | 计算 12 日RSI完成
2026-03-27 16:31:24 | INFO     | src.indicators.technical_indicators:calculate_sma:157 | 计算 250 日简单移动平均线完成
2026-03-27 16:31:24 | INFO     | src.indicators.technical_indicators:calculate_ema:182 | 计算 12 日指数移动平均线完成
2026-03-27 16:31:24 | INFO     | src.indicators.technical_indicators:calculate_williams_r:476 | 计算 10 日威廉指标完成
2026-03-27 16:31:24 | INFO     | src.indicators.technical_indicators:calculate_macd:263 | 计算MACD完成：快线=12, 慢线=26, 信号线=12
2026-03-27 16:31:24 | INFO     | src.indicators.technical_indicators:calculate_rsi:221 | 计算 24 日RSI完成
2026-03-27 16:31:24 | INFO     | src.core.data_fetcher:save_data:452 | 数据保存成功: ./data\603267_signals.csv
2026-03-27 16:31:24 | INFO     | src.indicators.technical_indicators:calculate_ema:182 | 计算 12 日指数移动平均线完成
2026-03-27 16:31:24 | INFO     | src.indicators.technical_indicators:calculate_ema:182 | 计算 26 日指数移动平均线完成
2026-03-27 16:31:24 | INFO     | src.indicators.technical_indicators:calculate_ma:133 | 计算 5 日移动平均线完成
2026-03-27 16:31:24 | INFO     | src.indicators.technical_indicators:calculate_cci:446 | 计算 20 日CCI完成
2026-03-27 16:31:24 | INFO     | src.indicators.technical_indicators:calculate_macd:263 | 计算MACD完成：快线=12, 慢线=26, 信号线=9
2026-03-27 16:31:24 | INFO     | src.workflow.technical:_process_single_stock:45 |   股票 603267 信号判断完成: 持有 (得分: 0.164)
2026-03-27 16:31:24 | INFO     | src.indicators.technical_indicators:calculate_boll:303 | 计算布林带完成：周期=20, 标准差倍数=2
2026-03-27 16:31:24 | INFO     | src.indicators.technical_indicators:calculate_ema:182 | 计算 26 日指数移动平均线完成
2026-03-27 16:31:24 | INFO     | src.indicators.technical_indicators:calculate_rsi:221 | 计算 6 日RSI完成
2026-03-27 16:31:24 | INFO     | src.indicators.technical_indicators:calculate_bias:500 | 计算 5 日乖离率完成
2026-03-27 16:31:24 | INFO     | src.indicators.technical_indicators:calculate_williams_r:476 | 计算 10 日威廉指标完成
2026-03-27 16:31:24 | INFO     | src.indicators.technical_indicators:calculate_macd:263 | 计算MACD完成：快线=12, 慢线=26, 信号线=12
2026-03-27 16:31:24 | INFO     | src.workflow.base:calculate_technical_indicators:188 | 计算股票 301687 的技术指标
2026-03-27 16:31:24 | INFO     | src.indicators.technical_indicators:calculate_rsi:221 | 计算 6 日RSI完成
2026-03-27 16:31:24 | INFO     | src.indicators.technical_indicators:calculate_kdj:350 | 计算KDJ完成：K周期=9, D周期=3, J周期=3
2026-03-27 16:31:24 | INFO     | src.indicators.technical_indicators:calculate_rsi:221 | 计算 12 日RSI完成
2026-03-27 16:31:24 | INFO     | src.indicators.technical_indicators:calculate_ma:133 | 计算 10 日移动平均线完成
2026-03-27 16:31:24 | INFO     | src.indicators.technical_indicators:calculate_boll:303 | 计算布林带完成：周期=20, 标准差倍数=2
2026-03-27 16:31:24 | INFO     | src.indicators.technical_indicators:calculate_ma:133 | 计算 5 日移动平均线完成
2026-03-27 16:31:24 | INFO     | src.indicators.technical_indicators:calculate_ma:133 | 计算 5 日移动平均线完成
2026-03-27 16:31:24 | INFO     | src.indicators.technical_indicators:calculate_rsi:221 | 计算 12 日RSI完成
2026-03-27 16:31:24 | INFO     | src.indicators.technical_indicators:calculate_rsi:221 | 计算 24 日RSI完成
2026-03-27 16:31:24 | INFO     | src.indicators.technical_indicators:calculate_kdj:350 | 计算KDJ完成：K周期=10, D周期=3, J周期=3
2026-03-27 16:31:24 | INFO     | src.indicators.technical_indicators:calculate_bias:500 | 计算 10 日乖离率完成
2026-03-27 16:31:24 | INFO     | src.indicators.technical_indicators:calculate_kdj:350 | 计算KDJ完成：K周期=9, D周期=3, J周期=3
2026-03-27 16:31:24 | INFO     | src.indicators.technical_indicators:calculate_bias:500 | 计算 5 日乖离率完成
2026-03-27 16:31:24 | INFO     | src.indicators.technical_indicators:calculate_ma:133 | 计算 10 日移动平均线完成
2026-03-27 16:31:25 | INFO     | src.indicators.technical_indicators:calculate_macd:263 | 计算MACD完成：快线=12, 慢线=26, 信号线=9
2026-03-27 16:31:25 | INFO     | src.indicators.technical_indicators:calculate_rsi:221 | 计算 24 日RSI完成
2026-03-27 16:31:25 | INFO     | src.indicators.technical_indicators:calculate_atr:385 | 计算 10 日ATR完成
2026-03-27 16:31:25 | INFO     | src.indicators.technical_indicators:calculate_ma:133 | 计算 20 日移动平均线完成
2026-03-27 16:31:25 | INFO     | src.indicators.technical_indicators:calculate_kdj:350 | 计算KDJ完成：K周期=10, D周期=3, J周期=3
2026-03-27 16:31:25 | INFO     | src.indicators.technical_indicators:calculate_ma:133 | 计算 10 日移动平均线完成
2026-03-27 16:31:25 | INFO     | src.indicators.technical_indicators:calculate_ma:133 | 计算 20 日移动平均线完成
2026-03-27 16:31:25 | INFO     | src.indicators.technical_indicators:calculate_macd:263 | 计算MACD完成：快线=12, 慢线=26, 信号线=12
2026-03-27 16:31:25 | INFO     | src.indicators.technical_indicators:calculate_macd:263 | 计算MACD完成：快线=12, 慢线=26, 信号线=9
2026-03-27 16:31:25 | INFO     | src.indicators.technical_indicators:calculate_bias:500 | 计算 20 日乖离率完成
2026-03-27 16:31:25 | INFO     | src.indicators.technical_indicators:calculate_atr:385 | 计算 10 日ATR完成
2026-03-27 16:31:25 | INFO     | src.indicators.technical_indicators:calculate_bias:500 | 计算 10 日乖离率完成
2026-03-27 16:31:25 | INFO     | src.indicators.technical_indicators:calculate_ma:133 | 计算 30 日移动平均线完成
2026-03-27 16:31:25 | INFO     | src.indicators.technical_indicators:calculate_boll:303 | 计算布林带完成：周期=20, 标准差倍数=2
2026-03-27 16:31:25 | INFO     | src.indicators.technical_indicators:calculate_cci:446 | 计算 20 日CCI完成
2026-03-27 16:31:25 | INFO     | src.indicators.technical_indicators:calculate_macd:263 | 计算MACD完成：快线=12, 慢线=26, 信号线=12
2026-03-27 16:31:25 | INFO     | src.indicators.technical_indicators:calculate_ma:133 | 计算 30 日移动平均线完成
2026-03-27 16:31:25 | INFO     | src.indicators.technical_indicators:calculate_cci:446 | 计算 20 日CCI完成
2026-03-27 16:31:25 | INFO     | src.indicators.technical_indicators:calculate_ma:133 | 计算 20 日移动平均线完成
2026-03-27 16:31:25 | INFO     | src.indicators.technical_indicators:calculate_ma:133 | 计算 60 日移动平均线完成
2026-03-27 16:31:25 | INFO     | src.indicators.technical_indicators:calculate_kdj:350 | 计算KDJ完成：K周期=9, D周期=3, J周期=3
2026-03-27 16:31:25 | INFO     | src.indicators.technical_indicators:calculate_boll:303 | 计算布林带完成：周期=20, 标准差倍数=2
2026-03-27 16:31:25 | INFO     | src.indicators.technical_indicators:calculate_williams_r:476 | 计算 10 日威廉指标完成
2026-03-27 16:31:25 | INFO     | src.indicators.technical_indicators:calculate_bias:500 | 计算 30 日乖离率完成
2026-03-27 16:31:25 | INFO     | src.indicators.technical_indicators:calculate_williams_r:476 | 计算 10 日威廉指标完成
2026-03-27 16:31:25 | INFO     | src.indicators.technical_indicators:calculate_ma:133 | 计算 120 日移动平均线完成
2026-03-27 16:31:25 | INFO     | src.indicators.technical_indicators:calculate_bias:500 | 计算 20 日乖离率完成
2026-03-27 16:31:25 | INFO     | src.indicators.technical_indicators:calculate_kdj:350 | 计算KDJ完成：K周期=10, D周期=3, J周期=3
2026-03-27 16:31:25 | INFO     | src.indicators.technical_indicators:calculate_kdj:350 | 计算KDJ完成：K周期=9, D周期=3, J周期=3
2026-03-27 16:31:25 | INFO     | src.indicators.technical_indicators:calculate_ma:133 | 计算 5 日移动平均线完成
2026-03-27 16:31:25 | INFO     | src.indicators.technical_indicators:calculate_ma:133 | 计算 60 日移动平均线完成
2026-03-27 16:31:25 | INFO     | src.indicators.technical_indicators:calculate_ma:133 | 计算 5 日移动平均线完成
2026-03-27 16:31:25 | INFO     | src.indicators.technical_indicators:calculate_ma:133 | 计算 250 日移动平均线完成
2026-03-27 16:31:25 | INFO     | src.indicators.technical_indicators:calculate_ma:133 | 计算 30 日移动平均线完成
2026-03-27 16:31:25 | INFO     | src.indicators.technical_indicators:calculate_atr:385 | 计算 10 日ATR完成
2026-03-27 16:31:25 | INFO     | src.indicators.technical_indicators:calculate_kdj:350 | 计算KDJ完成：K周期=10, D周期=3, J周期=3
2026-03-27 16:31:25 | INFO     | src.indicators.technical_indicators:calculate_bias:500 | 计算 5 日乖离率完成
2026-03-27 16:31:25 | INFO     | src.indicators.technical_indicators:calculate_bias:500 | 计算 60 日乖离率完成
2026-03-27 16:31:25 | INFO     | src.indicators.technical_indicators:calculate_bias:500 | 计算 5 日乖离率完成
2026-03-27 16:31:25 | INFO     | src.indicators.technical_indicators:calculate_sma:157 | 计算 5 日简单移动平均线完成
2026-03-27 16:31:25 | INFO     | src.indicators.technical_indicators:calculate_bias:500 | 计算 30 日乖离率完成
2026-03-27 16:31:25 | INFO     | src.indicators.technical_indicators:calculate_cci:446 | 计算 20 日CCI完成
2026-03-27 16:31:25 | INFO     | src.indicators.technical_indicators:calculate_atr:385 | 计算 10 日ATR完成
2026-03-27 16:31:25 | INFO     | src.indicators.technical_indicators:calculate_ma:133 | 计算 10 日移动平均线完成
2026-03-27 16:31:25 | INFO     | src.indicators.technical_indicators:calculate_ma:133 | 计算 120 日移动平均线完成
2026-03-27 16:31:25 | INFO     | src.indicators.technical_indicators:calculate_ma:133 | 计算 10 日移动平均线完成
2026-03-27 16:31:25 | INFO     | src.indicators.technical_indicators:calculate_sma:157 | 计算 10 日简单移动平均线完成
2026-03-27 16:31:25 | INFO     | src.indicators.technical_indicators:calculate_ma:133 | 计算 60 日移动平均线完成
2026-03-27 16:31:25 | INFO     | src.indicators.technical_indicators:calculate_williams_r:476 | 计算 10 日威廉指标完成
2026-03-27 16:31:25 | ERROR    | src.notify.channels.base:send:80 | NtfyChannel 发送异常 (尝试 3/3): HTTPSConnectionPool(host='ntfy.sh', port=443): Max retries exceeded with url: /process-notify-001 (Caused by SSLError(SSLEOFError(8, 'EOF occurred in violation of protocol (_ssl.c:997)')))
2026-03-27 16:31:25 | INFO     | src.indicators.technical_indicators:calculate_cci:446 | 计算 20 日CCI完成
2026-03-27 16:31:25 | INFO     | src.indicators.technical_indicators:calculate_bias:500 | 计算 10 日乖离率完成
2026-03-27 16:31:25 | INFO     | src.indicators.technical_indicators:calculate_bias:500 | 计算 120 日乖离率完成
2026-03-27 16:31:25 | INFO     | src.indicators.technical_indicators:calculate_bias:500 | 计算 10 日乖离率完成
2026-03-27 16:31:25 | INFO     | src.indicators.technical_indicators:calculate_sma:157 | 计算 20 日简单移动平均线完成
2026-03-27 16:31:25 | INFO     | src.indicators.technical_indicators:calculate_bias:500 | 计算 60 日乖离率完成
2026-03-27 16:31:25 | INFO     | src.indicators.technical_indicators:calculate_ma:133 | 计算 5 日移动平均线完成
2026-03-27 16:31:25 | INFO     | src.indicators.technical_indicators:calculate_williams_r:476 | 计算 10 日威廉指标完成
2026-03-27 16:31:25 | INFO     | src.indicators.technical_indicators:calculate_ma:133 | 计算 20 日移动平均线完成
2026-03-27 16:31:25 | INFO     | src.indicators.technical_indicators:calculate_ma:133 | 计算 250 日移动平均线完成
2026-03-27 16:31:25 | INFO     | src.notify.channels.markdown:_do_send:75 | Markdown 文件已保存: ./notify_logs\notify_20260327_163125.md
2026-03-27 16:31:25 | INFO     | src.indicators.technical_indicators:calculate_ma:133 | 计算 20 日移动平均线完成
2026-03-27 16:31:25 | INFO     | src.indicators.technical_indicators:calculate_sma:157 | 计算 30 日简单移动平均线完成
2026-03-27 16:31:25 | INFO     | src.indicators.technical_indicators:calculate_ma:133 | 计算 120 日移动平均线完成
2026-03-27 16:31:25 | INFO     | src.indicators.technical_indicators:calculate_bias:500 | 计算 5 日乖离率完成
2026-03-27 16:31:25 | INFO     | src.indicators.technical_indicators:calculate_bias:500 | 计算 20 日乖离率完成
2026-03-27 16:31:25 | INFO     | src.indicators.technical_indicators:calculate_ma:133 | 计算 5 日移动平均线完成
2026-03-27 16:31:25 | INFO     | src.indicators.technical_indicators:calculate_bias:500 | 计算 250 日乖离率完成
2026-03-27 16:31:25 | INFO     | src.indicators.technical_indicators:calculate_bias:500 | 计算 20 日乖离率完成
2026-03-27 16:31:25 | INFO     | src.indicators.technical_indicators:calculate_sma:157 | 计算 60 日简单移动平均线完成
2026-03-27 16:31:25 | INFO     | src.workflow.base:calculate_technical_indicators:188 | 计算股票 001396 的技术指标
2026-03-27 16:31:25 | INFO     | src.indicators.technical_indicators:calculate_bias:500 | 计算 120 日乖离率完成
2026-03-27 16:31:25 | INFO     | src.indicators.technical_indicators:calculate_ma:133 | 计算 10 日移动平均线完成
2026-03-27 16:31:25 | INFO     | src.indicators.technical_indicators:calculate_ma:133 | 计算 30 日移动平均线完成
2026-03-27 16:31:25 | INFO     | src.indicators.technical_indicators:calculate_bias:500 | 计算 5 日乖离率完成
2026-03-27 16:31:25 | INFO     | src.indicators.technical_indicators:calculate_psy:523 | 计算 10 日心理线完成
2026-03-27 16:31:25 | INFO     | src.indicators.technical_indicators:calculate_ma:133 | 计算 30 日移动平均线完成
2026-03-27 16:31:25 | INFO     | src.indicators.technical_indicators:calculate_sma:157 | 计算 120 日简单移动平均线完成
2026-03-27 16:31:25 | INFO     | src.indicators.technical_indicators:calculate_ma:133 | 计算 5 日移动平均线完成
2026-03-27 16:31:25 | INFO     | src.indicators.technical_indicators:calculate_bias:500 | 计算 10 日乖离率完成
2026-03-27 16:31:25 | INFO     | src.indicators.technical_indicators:calculate_ma:133 | 计算 250 日移动平均线完成
2026-03-27 16:31:25 | INFO     | src.indicators.technical_indicators:calculate_bias:500 | 计算 30 日乖离率完成
2026-03-27 16:31:25 | INFO     | src.indicators.technical_indicators:calculate_ma:133 | 计算 10 日移动平均线完成
2026-03-27 16:31:25 | WARNING  | src.indicators.technical_indicators:calculate_all:635 | 未知的指标类型: rsv_period
2026-03-27 16:31:25 | INFO     | src.indicators.technical_indicators:calculate_bias:500 | 计算 30 日乖离率完成
2026-03-27 16:31:25 | INFO     | src.indicators.technical_indicators:calculate_sma:157 | 计算 250 日简单移动平均线完成
2026-03-27 16:31:25 | INFO     | src.indicators.technical_indicators:calculate_ma:133 | 计算 10 日移动平均线完成
2026-03-27 16:31:25 | INFO     | src.indicators.technical_indicators:calculate_ma:133 | 计算 20 日移动平均线完成
2026-03-27 16:31:25 | INFO     | src.indicators.technical_indicators:calculate_bias:500 | 计算 250 日乖离率完成
2026-03-27 16:31:25 | INFO     | src.indicators.technical_indicators:calculate_ma:133 | 计算 60 日移动平均线完成
2026-03-27 16:31:25 | INFO     | src.indicators.technical_indicators:calculate_bias:500 | 计算 10 日乖离率完成
2026-03-27 16:31:25 | WARNING  | src.indicators.technical_indicators:calculate_all:635 | 未知的指标类型: volume_period
2026-03-27 16:31:25 | INFO     | src.indicators.technical_indicators:calculate_ma:133 | 计算 60 日移动平均线完成
2026-03-27 16:31:25 | INFO     | src.indicators.technical_indicators:calculate_ema:182 | 计算 12 日指数移动平均线完成
2026-03-27 16:31:25 | INFO     | src.indicators.technical_indicators:calculate_ma:133 | 计算 20 日移动平均线完成
2026-03-27 16:31:25 | INFO     | src.indicators.technical_indicators:calculate_bias:500 | 计算 20 日乖离率完成
2026-03-27 16:31:25 | INFO     | src.indicators.technical_indicators:calculate_bias:500 | 计算 60 日乖离率完成
2026-03-27 16:31:25 | INFO     | src.indicators.technical_indicators:calculate_psy:523 | 计算 10 日心理线完成
2026-03-27 16:31:25 | INFO     | src.indicators.technical_indicators:calculate_ma:133 | 计算 20 日移动平均线完成
2026-03-27 16:31:25 | INFO     | src.indicators.technical_indicators:calculate_all:640 | 完成计算 45 个技术指标
2026-03-27 16:31:25 | INFO     | src.indicators.technical_indicators:calculate_bias:500 | 计算 60 日乖离率完成
2026-03-27 16:31:25 | INFO     | src.indicators.technical_indicators:calculate_ema:182 | 计算 26 日指数移动平均线完成
2026-03-27 16:31:25 | INFO     | src.indicators.technical_indicators:calculate_ma:133 | 计算 30 日移动平均线完成
2026-03-27 16:31:25 | INFO     | src.indicators.technical_indicators:calculate_ma:133 | 计算 30 日移动平均线完成
2026-03-27 16:31:25 | INFO     | src.indicators.technical_indicators:calculate_ma:133 | 计算 120 日移动平均线完成
2026-03-27 16:31:25 | WARNING  | src.indicators.technical_indicators:calculate_all:635 | 未知的指标类型: rsv_period
2026-03-27 16:31:25 | INFO     | src.indicators.technical_indicators:calculate_bias:500 | 计算 20 日乖离率完成
2026-03-27 16:31:25 | INFO     | src.indicators.technical_indicators:calculate_ma:133 | 计算 120 日移动平均线完成
2026-03-27 16:31:25 | INFO     | src.indicators.technical_indicators:calculate_rsi:221 | 计算 6 日RSI完成
2026-03-27 16:31:25 | INFO     | src.indicators.technical_indicators:calculate_ma:133 | 计算 60 日移动平均线完成
2026-03-27 16:31:25 | INFO     | src.indicators.technical_indicators:calculate_bias:500 | 计算 30 日乖离率完成
2026-03-27 16:31:25 | INFO     | src.indicators.technical_indicators:calculate_bias:500 | 计算 120 日乖离率完成
2026-03-27 16:31:25 | WARNING  | src.indicators.technical_indicators:calculate_all:635 | 未知的指标类型: volume_period
2026-03-27 16:31:25 | INFO     | src.indicators.technical_indicators:calculate_ma:133 | 计算 30 日移动平均线完成
2026-03-27 16:31:25 | INFO     | src.indicators.technical_indicators:calculate_bias:500 | 计算 120 日乖离率完成
2026-03-27 16:31:25 | INFO     | src.core.data_fetcher:save_data:432 | 保存数据到 csv 文件: 688776_with_indicators
2026-03-27 16:31:25 | INFO     | src.indicators.technical_indicators:calculate_rsi:221 | 计算 12 日RSI完成
2026-03-27 16:31:25 | INFO     | src.indicators.technical_indicators:calculate_ma:133 | 计算 120 日移动平均线完成
2026-03-27 16:31:25 | INFO     | src.indicators.technical_indicators:calculate_ma:133 | 计算 60 日移动平均线完成
2026-03-27 16:31:25 | INFO     | src.indicators.technical_indicators:calculate_ma:133 | 计算 250 日移动平均线完成
2026-03-27 16:31:25 | INFO     | src.indicators.technical_indicators:calculate_all:640 | 完成计算 45 个技术指标
2026-03-27 16:31:25 | INFO     | src.indicators.technical_indicators:calculate_bias:500 | 计算 30 日乖离率完成
2026-03-27 16:31:25 | INFO     | src.indicators.technical_indicators:calculate_ma:133 | 计算 250 日移动平均线完成
2026-03-27 16:31:25 | INFO     | src.indicators.technical_indicators:calculate_rsi:221 | 计算 24 日RSI完成
2026-03-27 16:31:25 | INFO     | src.indicators.technical_indicators:calculate_ma:133 | 计算 250 日移动平均线完成
2026-03-27 16:31:25 | INFO     | src.indicators.technical_indicators:calculate_bias:500 | 计算 60 日乖离率完成
2026-03-27 16:31:25 | INFO     | src.indicators.technical_indicators:calculate_bias:500 | 计算 250 日乖离率完成
2026-03-27 16:31:25 | INFO     | src.indicators.technical_indicators:calculate_ma:133 | 计算 60 日移动平均线完成
2026-03-27 16:31:25 | INFO     | src.indicators.technical_indicators:calculate_bias:500 | 计算 250 日乖离率完成
2026-03-27 16:31:25 | INFO     | src.indicators.technical_indicators:calculate_macd:263 | 计算MACD完成：快线=12, 慢线=26, 信号线=9
2026-03-27 16:31:25 | INFO     | src.indicators.technical_indicators:calculate_sma:157 | 计算 5 日简单移动平均线完成
2026-03-27 16:31:25 | INFO     | src.indicators.technical_indicators:calculate_ma:133 | 计算 120 日移动平均线完成
2026-03-27 16:31:25 | INFO     | src.indicators.technical_indicators:calculate_psy:523 | 计算 10 日心理线完成
2026-03-27 16:31:25 | INFO     | src.indicators.technical_indicators:calculate_bias:500 | 计算 60 日乖离率完成
2026-03-27 16:31:25 | INFO     | src.indicators.technical_indicators:calculate_psy:523 | 计算 10 日心理线完成
2026-03-27 16:31:25 | INFO     | src.indicators.technical_indicators:calculate_macd:263 | 计算MACD完成：快线=12, 慢线=26, 信号线=12
2026-03-27 16:31:25 | INFO     | src.indicators.technical_indicators:calculate_sma:157 | 计算 10 日简单移动平均线完成
2026-03-27 16:31:25 | INFO     | src.core.data_fetcher:save_data:432 | 保存数据到 csv 文件: 600345_with_indicators
2026-03-27 16:31:25 | INFO     | src.indicators.technical_indicators:calculate_bias:500 | 计算 120 日乖离率完成
2026-03-27 16:31:25 | WARNING  | src.indicators.technical_indicators:calculate_all:635 | 未知的指标类型: rsv_period
2026-03-27 16:31:25 | INFO     | src.indicators.technical_indicators:calculate_ma:133 | 计算 120 日移动平均线完成
2026-03-27 16:31:25 | WARNING  | src.indicators.technical_indicators:calculate_all:635 | 未知的指标类型: rsv_period
2026-03-27 16:31:25 | INFO     | src.indicators.technical_indicators:calculate_boll:303 | 计算布林带完成：周期=20, 标准差倍数=2
2026-03-27 16:31:25 | INFO     | src.indicators.technical_indicators:calculate_sma:157 | 计算 20 日简单移动平均线完成
2026-03-27 16:31:25 | INFO     | src.indicators.technical_indicators:calculate_ma:133 | 计算 250 日移动平均线完成
2026-03-27 16:31:25 | WARNING  | src.indicators.technical_indicators:calculate_all:635 | 未知的指标类型: volume_period
2026-03-27 16:31:25 | INFO     | src.indicators.technical_indicators:calculate_bias:500 | 计算 120 日乖离率完成
2026-03-27 16:31:25 | INFO     | src.core.data_fetcher:save_data:452 | 数据保存成功: ./data\688776_with_indicators.csv
2026-03-27 16:31:25 | WARNING  | src.indicators.technical_indicators:calculate_all:635 | 未知的指标类型: volume_period
2026-03-27 16:31:25 | INFO     | src.indicators.technical_indicators:calculate_kdj:350 | 计算KDJ完成：K周期=9, D周期=3, J周期=3
2026-03-27 16:31:25 | INFO     | src.indicators.technical_indicators:calculate_sma:157 | 计算 30 日简单移动平均线完成
2026-03-27 16:31:25 | INFO     | src.indicators.technical_indicators:calculate_bias:500 | 计算 250 日乖离率完成
2026-03-27 16:31:25 | INFO     | src.indicators.technical_indicators:calculate_all:640 | 完成计算 45 个技术指标
2026-03-27 16:31:25 | INFO     | src.indicators.technical_indicators:calculate_ma:133 | 计算 250 日移动平均线完成
2026-03-27 16:31:25 | INFO     | src.workflow.base:calculate_signals:224 | 对股票 688776 进行信号判断
2026-03-27 16:31:25 | INFO     | src.indicators.technical_indicators:calculate_all:640 | 完成计算 45 个技术指标
2026-03-27 16:31:25 | INFO     | src.indicators.technical_indicators:calculate_kdj:350 | 计算KDJ完成：K周期=10, D周期=3, J周期=3
2026-03-27 16:31:25 | INFO     | src.indicators.technical_indicators:calculate_sma:157 | 计算 60 日简单移动平均线完成
2026-03-27 16:31:25 | INFO     | src.indicators.technical_indicators:calculate_psy:523 | 计算 10 日心理线完成
2026-03-27 16:31:25 | INFO     | src.indicators.technical_indicators:calculate_bias:500 | 计算 250 日乖离率完成
2026-03-27 16:31:25 | INFO     | src.core.data_fetcher:save_data:432 | 保存数据到 csv 文件: 688795_with_indicators
2026-03-27 16:31:25 | INFO     | src.core.data_fetcher:save_data:432 | 保存数据到 csv 文件: 688776_signals
2026-03-27 16:31:25 | INFO     | src.indicators.technical_indicators:calculate_atr:385 | 计算 10 日ATR完成
2026-03-27 16:31:25 | INFO     | src.indicators.technical_indicators:calculate_sma:157 | 计算 120 日简单移动平均线完成
2026-03-27 16:31:25 | WARNING  | src.indicators.technical_indicators:calculate_all:635 | 未知的指标类型: rsv_period
2026-03-27 16:31:25 | INFO     | src.indicators.technical_indicators:calculate_psy:523 | 计算 10 日心理线完成
2026-03-27 16:31:25 | INFO     | src.core.data_fetcher:save_data:432 | 保存数据到 csv 文件: 688182_with_indicators
2026-03-27 16:31:25 | INFO     | src.indicators.technical_indicators:calculate_cci:446 | 计算 20 日CCI完成
2026-03-27 16:31:25 | INFO     | src.indicators.technical_indicators:calculate_sma:157 | 计算 250 日简单移动平均线完成
2026-03-27 16:31:25 | WARNING  | src.indicators.technical_indicators:calculate_all:635 | 未知的指标类型: volume_period
2026-03-27 16:31:25 | INFO     | src.core.data_fetcher:save_data:452 | 数据保存成功: ./data\688776_signals.csv
2026-03-27 16:31:25 | INFO     | src.core.data_fetcher:save_data:452 | 数据保存成功: ./data\688795_with_indicators.csv
2026-03-27 16:31:25 | WARNING  | src.indicators.technical_indicators:calculate_all:635 | 未知的指标类型: rsv_period
2026-03-27 16:31:25 | INFO     | src.indicators.technical_indicators:calculate_williams_r:476 | 计算 10 日威廉指标完成
2026-03-27 16:31:25 | INFO     | src.indicators.technical_indicators:calculate_ema:182 | 计算 12 日指数移动平均线完成
2026-03-27 16:31:25 | INFO     | src.indicators.technical_indicators:calculate_all:640 | 完成计算 45 个技术指标
2026-03-27 16:31:25 | INFO     | src.workflow.technical:_process_single_stock:45 |   股票 688776 信号判断完成: 持有 (得分: 0.174)
2026-03-27 16:31:25 | INFO     | src.workflow.base:calculate_signals:224 | 对股票 688795 进行信号判断
2026-03-27 16:31:25 | WARNING  | src.indicators.technical_indicators:calculate_all:635 | 未知的指标类型: volume_period
2026-03-27 16:31:25 | INFO     | src.indicators.technical_indicators:calculate_ma:133 | 计算 5 日移动平均线完成
2026-03-27 16:31:25 | INFO     | src.indicators.technical_indicators:calculate_ema:182 | 计算 26 日指数移动平均线完成
2026-03-27 16:31:25 | INFO     | src.core.data_fetcher:save_data:432 | 保存数据到 csv 文件: 001280_with_indicators
2026-03-27 16:31:25 | INFO     | src.workflow.base:calculate_technical_indicators:188 | 计算股票 603248 的技术指标
2026-03-27 16:31:25 | INFO     | src.core.data_fetcher:save_data:432 | 保存数据到 csv 文件: 688795_signals
2026-03-27 16:31:25 | INFO     | src.indicators.technical_indicators:calculate_all:640 | 完成计算 45 个技术指标
2026-03-27 16:31:25 | INFO     | src.indicators.technical_indicators:calculate_bias:500 | 计算 5 日乖离率完成
2026-03-27 16:31:25 | INFO     | src.core.data_fetcher:save_data:452 | 数据保存成功: ./data\600345_with_indicators.csv
2026-03-27 16:31:25 | INFO     | src.indicators.technical_indicators:calculate_rsi:221 | 计算 6 日RSI完成
2026-03-27 16:31:25 | INFO     | src.indicators.technical_indicators:calculate_ma:133 | 计算 5 日移动平均线完成
2026-03-27 16:31:25 | INFO     | src.core.data_fetcher:save_data:432 | 保存数据到 csv 文件: 688809_with_indicators
2026-03-27 16:31:25 | INFO     | src.indicators.technical_indicators:calculate_ma:133 | 计算 10 日移动平均线完成
2026-03-27 16:31:25 | INFO     | src.workflow.base:calculate_signals:224 | 对股票 600345 进行信号判断
2026-03-27 16:31:25 | INFO     | src.core.data_fetcher:save_data:452 | 数据保存成功: ./data\001280_with_indicators.csv
2026-03-27 16:31:25 | INFO     | src.core.data_fetcher:save_data:452 | 数据保存成功: ./data\688795_signals.csv
2026-03-27 16:31:25 | INFO     | src.indicators.technical_indicators:calculate_rsi:221 | 计算 12 日RSI完成
2026-03-27 16:31:25 | INFO     | src.indicators.technical_indicators:calculate_ma:133 | 计算 10 日移动平均线完成
2026-03-27 16:31:25 | INFO     | src.core.data_fetcher:save_data:452 | 数据保存成功: ./data\688182_with_indicators.csv
2026-03-27 16:31:25 | INFO     | src.indicators.technical_indicators:calculate_bias:500 | 计算 10 日乖离率完成
2026-03-27 16:31:25 | INFO     | src.workflow.base:calculate_signals:224 | 对股票 001280 进行信号判断
2026-03-27 16:31:25 | INFO     | src.workflow.technical:_process_single_stock:45 |   股票 688795 信号判断完成: 买入 (得分: 0.367)
2026-03-27 16:31:25 | INFO     | src.core.data_fetcher:save_data:432 | 保存数据到 csv 文件: 600345_signals
2026-03-27 16:31:25 | INFO     | src.indicators.technical_indicators:calculate_rsi:221 | 计算 24 日RSI完成
2026-03-27 16:31:25 | INFO     | src.indicators.technical_indicators:calculate_ma:133 | 计算 20 日移动平均线完成
2026-03-27 16:31:25 | INFO     | src.workflow.base:calculate_signals:224 | 对股票 688182 进行信号判断
2026-03-27 16:31:25 | INFO     | src.core.data_fetcher:save_data:452 | 数据保存成功: ./data\688809_with_indicators.csv
2026-03-27 16:31:25 | INFO     | src.indicators.technical_indicators:calculate_ma:133 | 计算 20 日移动平均线完成
2026-03-27 16:31:25 | INFO     | src.core.data_fetcher:save_data:432 | 保存数据到 csv 文件: 001280_signals
2026-03-27 16:31:25 | INFO     | src.indicators.technical_indicators:calculate_macd:263 | 计算MACD完成：快线=12, 慢线=26, 信号线=9
2026-03-27 16:31:25 | INFO     | src.indicators.technical_indicators:calculate_ma:133 | 计算 30 日移动平均线完成
2026-03-27 16:31:25 | INFO     | src.workflow.base:calculate_signals:224 | 对股票 688809 进行信号判断
2026-03-27 16:31:25 | INFO     | src.core.data_fetcher:save_data:432 | 保存数据到 csv 文件: 688182_signals
2026-03-27 16:31:25 | INFO     | src.core.data_fetcher:save_data:452 | 数据保存成功: ./data\600345_signals.csv
2026-03-27 16:31:25 | INFO     | src.indicators.technical_indicators:calculate_bias:500 | 计算 20 日乖离率完成
2026-03-27 16:31:25 | INFO     | src.indicators.technical_indicators:calculate_macd:263 | 计算MACD完成：快线=12, 慢线=26, 信号线=12
2026-03-27 16:31:25 | INFO     | src.indicators.technical_indicators:calculate_ma:133 | 计算 60 日移动平均线完成
2026-03-27 16:31:25 | INFO     | src.core.data_fetcher:save_data:432 | 保存数据到 csv 文件: 688809_signals
2026-03-27 16:31:25 | INFO     | src.core.data_fetcher:save_data:452 | 数据保存成功: ./data\001280_signals.csv
2026-03-27 16:31:25 | INFO     | src.workflow.technical:_process_single_stock:45 |   股票 600345 信号判断完成: 持有 (得分: 0.120)
2026-03-27 16:31:25 | INFO     | src.indicators.technical_indicators:calculate_ma:133 | 计算 30 日移动平均线完成
2026-03-27 16:31:25 | INFO     | src.indicators.technical_indicators:calculate_boll:303 | 计算布林带完成：周期=20, 标准差倍数=2
2026-03-27 16:31:25 | INFO     | src.core.data_fetcher:save_data:452 | 数据保存成功: ./data\688182_signals.csv
2026-03-27 16:31:25 | INFO     | src.indicators.technical_indicators:calculate_ma:133 | 计算 120 日移动平均线完成
2026-03-27 16:31:25 | INFO     | src.workflow.technical:_process_single_stock:45 |   股票 001280 信号判断完成: 持有 (得分: 0.134)
2026-03-27 16:31:25 | INFO     | src.workflow.base:calculate_technical_indicators:188 | 计算股票 688805 的技术指标
2026-03-27 16:31:25 | INFO     | src.core.data_fetcher:save_data:452 | 数据保存成功: ./data\688809_signals.csv
2026-03-27 16:31:25 | INFO     | src.indicators.technical_indicators:calculate_bias:500 | 计算 30 日乖离率完成
2026-03-27 16:31:25 | INFO     | src.indicators.technical_indicators:calculate_kdj:350 | 计算KDJ完成：K周期=9, D周期=3, J周期=3
2026-03-27 16:31:25 | INFO     | src.workflow.technical:_process_single_stock:45 |   股票 688182 信号判断完成: 持有 (得分: 0.128)
2026-03-27 16:31:25 | INFO     | src.indicators.technical_indicators:calculate_ma:133 | 计算 250 日移动平均线完成
2026-03-27 16:31:25 | INFO     | src.workflow.base:calculate_technical_indicators:188 | 计算股票 301667 的技术指标
2026-03-27 16:31:25 | INFO     | src.indicators.technical_indicators:calculate_ma:133 | 计算 5 日移动平均线完成
2026-03-27 16:31:25 | INFO     | src.workflow.technical:_process_single_stock:45 |   股票 688809 信号判断完成: 持有 (得分: 0.088)
2026-03-27 16:31:25 | INFO     | src.indicators.technical_indicators:calculate_ma:133 | 计算 60 日移动平均线完成
2026-03-27 16:31:25 | INFO     | src.indicators.technical_indicators:calculate_kdj:350 | 计算KDJ完成：K周期=10, D周期=3, J周期=3
2026-03-27 16:31:25 | INFO     | src.indicators.technical_indicators:calculate_sma:157 | 计算 5 日简单移动平均线完成
2026-03-27 16:31:25 | INFO     | src.indicators.technical_indicators:calculate_ma:133 | 计算 5 日移动平均线完成
2026-03-27 16:31:25 | INFO     | src.indicators.technical_indicators:calculate_ma:133 | 计算 10 日移动平均线完成
2026-03-27 16:31:25 | INFO     | src.indicators.technical_indicators:calculate_bias:500 | 计算 60 日乖离率完成
2026-03-27 16:31:25 | INFO     | src.indicators.technical_indicators:calculate_atr:385 | 计算 10 日ATR完成
2026-03-27 16:31:25 | INFO     | src.indicators.technical_indicators:calculate_sma:157 | 计算 10 日简单移动平均线完成
2026-03-27 16:31:25 | INFO     | src.indicators.technical_indicators:calculate_ma:133 | 计算 10 日移动平均线完成
2026-03-27 16:31:25 | INFO     | src.indicators.technical_indicators:calculate_ma:133 | 计算 20 日移动平均线完成
2026-03-27 16:31:25 | INFO     | src.indicators.technical_indicators:calculate_ma:133 | 计算 120 日移动平均线完成
2026-03-27 16:31:25 | INFO     | src.indicators.technical_indicators:calculate_cci:446 | 计算 20 日CCI完成
2026-03-27 16:31:25 | INFO     | src.indicators.technical_indicators:calculate_sma:157 | 计算 20 日简单移动平均线完成
2026-03-27 16:31:25 | INFO     | src.indicators.technical_indicators:calculate_ma:133 | 计算 20 日移动平均线完成
2026-03-27 16:31:25 | INFO     | src.indicators.technical_indicators:calculate_ma:133 | 计算 30 日移动平均线完成
2026-03-27 16:31:25 | INFO     | src.indicators.technical_indicators:calculate_bias:500 | 计算 120 日乖离率完成
2026-03-27 16:31:25 | INFO     | src.indicators.technical_indicators:calculate_williams_r:476 | 计算 10 日威廉指标完成
2026-03-27 16:31:25 | INFO     | src.indicators.technical_indicators:calculate_sma:157 | 计算 30 日简单移动平均线完成
2026-03-27 16:31:25 | INFO     | src.indicators.technical_indicators:calculate_ma:133 | 计算 30 日移动平均线完成
2026-03-27 16:31:25 | INFO     | src.indicators.technical_indicators:calculate_ma:133 | 计算 60 日移动平均线完成
2026-03-27 16:31:25 | INFO     | src.indicators.technical_indicators:calculate_ma:133 | 计算 250 日移动平均线完成
2026-03-27 16:31:25 | ERROR    | src.notify.channels.base:send:80 | NtfyChannel 发送异常 (尝试 1/3): HTTPSConnectionPool(host='ntfy.sh', port=443): Max retries exceeded with url: /process-notify-001 (Caused by SSLError(SSLEOFError(8, 'EOF occurred in violation of protocol (_ssl.c:997)')))
2026-03-27 16:31:25 | INFO     | src.indicators.technical_indicators:calculate_ma:133 | 计算 5 日移动平均线完成
2026-03-27 16:31:25 | INFO     | src.indicators.technical_indicators:calculate_sma:157 | 计算 60 日简单移动平均线完成
2026-03-27 16:31:25 | INFO     | src.indicators.technical_indicators:calculate_ma:133 | 计算 60 日移动平均线完成
2026-03-27 16:31:25 | INFO     | src.indicators.technical_indicators:calculate_ma:133 | 计算 120 日移动平均线完成
2026-03-27 16:31:25 | INFO     | src.indicators.technical_indicators:calculate_bias:500 | 计算 250 日乖离率完成
2026-03-27 16:31:25 | INFO     | src.indicators.technical_indicators:calculate_bias:500 | 计算 5 日乖离率完成
2026-03-27 16:31:25 | INFO     | src.indicators.technical_indicators:calculate_sma:157 | 计算 120 日简单移动平均线完成
2026-03-27 16:31:25 | INFO     | src.indicators.technical_indicators:calculate_ma:133 | 计算 120 日移动平均线完成
2026-03-27 16:31:25 | INFO     | src.indicators.technical_indicators:calculate_ma:133 | 计算 250 日移动平均线完成
2026-03-27 16:31:25 | INFO     | src.indicators.technical_indicators:calculate_psy:523 | 计算 10 日心理线完成
2026-03-27 16:31:25 | INFO     | src.indicators.technical_indicators:calculate_ma:133 | 计算 10 日移动平均线完成
2026-03-27 16:31:25 | INFO     | src.indicators.technical_indicators:calculate_sma:157 | 计算 250 日简单移动平均线完成
2026-03-27 16:31:25 | INFO     | src.indicators.technical_indicators:calculate_sma:157 | 计算 5 日简单移动平均线完成
2026-03-27 16:31:25 | INFO     | src.indicators.technical_indicators:calculate_ma:133 | 计算 250 日移动平均线完成
2026-03-27 16:31:25 | WARNING  | src.indicators.technical_indicators:calculate_all:635 | 未知的指标类型: rsv_period
2026-03-27 16:31:25 | INFO     | src.indicators.technical_indicators:calculate_bias:500 | 计算 10 日乖离率完成
2026-03-27 16:31:25 | INFO     | src.indicators.technical_indicators:calculate_ema:182 | 计算 12 日指数移动平均线完成
2026-03-27 16:31:25 | INFO     | src.indicators.technical_indicators:calculate_sma:157 | 计算 10 日简单移动平均线完成
2026-03-27 16:31:25 | INFO     | src.indicators.technical_indicators:calculate_sma:157 | 计算 5 日简单移动平均线完成
2026-03-27 16:31:25 | WARNING  | src.indicators.technical_indicators:calculate_all:635 | 未知的指标类型: volume_period
2026-03-27 16:31:25 | INFO     | src.indicators.technical_indicators:calculate_ma:133 | 计算 20 日移动平均线完成
2026-03-27 16:31:25 | INFO     | src.indicators.technical_indicators:calculate_ema:182 | 计算 26 日指数移动平均线完成
2026-03-27 16:31:25 | INFO     | src.indicators.technical_indicators:calculate_sma:157 | 计算 20 日简单移动平均线完成
2026-03-27 16:31:25 | INFO     | src.indicators.technical_indicators:calculate_sma:157 | 计算 10 日简单移动平均线完成
2026-03-27 16:31:25 | INFO     | src.indicators.technical_indicators:calculate_all:640 | 完成计算 45 个技术指标
2026-03-27 16:31:25 | INFO     | src.indicators.technical_indicators:calculate_bias:500 | 计算 20 日乖离率完成
2026-03-27 16:31:25 | INFO     | src.indicators.technical_indicators:calculate_rsi:221 | 计算 6 日RSI完成
2026-03-27 16:31:25 | INFO     | src.indicators.technical_indicators:calculate_sma:157 | 计算 30 日简单移动平均线完成
2026-03-27 16:31:25 | INFO     | src.indicators.technical_indicators:calculate_sma:157 | 计算 20 日简单移动平均线完成
2026-03-27 16:31:25 | INFO     | src.core.data_fetcher:save_data:432 | 保存数据到 csv 文件: 301687_with_indicators
2026-03-27 16:31:25 | INFO     | src.indicators.technical_indicators:calculate_ma:133 | 计算 30 日移动平均线完成
2026-03-27 16:31:25 | INFO     | src.indicators.technical_indicators:calculate_rsi:221 | 计算 12 日RSI完成
2026-03-27 16:31:25 | INFO     | src.indicators.technical_indicators:calculate_sma:157 | 计算 60 日简单移动平均线完成
2026-03-27 16:31:25 | INFO     | src.indicators.technical_indicators:calculate_sma:157 | 计算 30 日简单移动平均线完成
2026-03-27 16:31:25 | INFO     | src.indicators.technical_indicators:calculate_bias:500 | 计算 30 日乖离率完成
2026-03-27 16:31:25 | INFO     | src.indicators.technical_indicators:calculate_sma:157 | 计算 120 日简单移动平均线完成
2026-03-27 16:31:25 | INFO     | src.indicators.technical_indicators:calculate_rsi:221 | 计算 24 日RSI完成
2026-03-27 16:31:25 | INFO     | src.indicators.technical_indicators:calculate_sma:157 | 计算 60 日简单移动平均线完成
2026-03-27 16:31:25 | INFO     | src.indicators.technical_indicators:calculate_ma:133 | 计算 60 日移动平均线完成
2026-03-27 16:31:25 | INFO     | src.core.data_fetcher:save_data:452 | 数据保存成功: ./data\301687_with_indicators.csv
2026-03-27 16:31:25 | INFO     | src.indicators.technical_indicators:calculate_sma:157 | 计算 250 日简单移动平均线完成
2026-03-27 16:31:25 | INFO     | src.indicators.technical_indicators:calculate_macd:263 | 计算MACD完成：快线=12, 慢线=26, 信号线=9
2026-03-27 16:31:25 | INFO     | src.indicators.technical_indicators:calculate_sma:157 | 计算 120 日简单移动平均线完成
2026-03-27 16:31:25 | INFO     | src.indicators.technical_indicators:calculate_bias:500 | 计算 60 日乖离率完成
2026-03-27 16:31:25 | INFO     | src.workflow.base:calculate_signals:224 | 对股票 301687 进行信号判断
2026-03-27 16:31:25 | INFO     | src.indicators.technical_indicators:calculate_ema:182 | 计算 12 日指数移动平均线完成
2026-03-27 16:31:25 | INFO     | src.indicators.technical_indicators:calculate_macd:263 | 计算MACD完成：快线=12, 慢线=26, 信号线=12
2026-03-27 16:31:25 | INFO     | src.indicators.technical_indicators:calculate_sma:157 | 计算 250 日简单移动平均线完成
2026-03-27 16:31:25 | INFO     | src.indicators.technical_indicators:calculate_ma:133 | 计算 120 日移动平均线完成
2026-03-27 16:31:25 | INFO     | src.core.data_fetcher:save_data:432 | 保存数据到 csv 文件: 301687_signals
2026-03-27 16:31:25 | INFO     | src.indicators.technical_indicators:calculate_ema:182 | 计算 26 日指数移动平均线完成
2026-03-27 16:31:25 | INFO     | src.indicators.technical_indicators:calculate_boll:303 | 计算布林带完成：周期=20, 标准差倍数=2
2026-03-27 16:31:25 | INFO     | src.indicators.technical_indicators:calculate_ema:182 | 计算 12 日指数移动平均线完成
2026-03-27 16:31:25 | INFO     | src.indicators.technical_indicators:calculate_bias:500 | 计算 120 日乖离率完成
2026-03-27 16:31:25 | INFO     | src.indicators.technical_indicators:calculate_rsi:221 | 计算 6 日RSI完成
2026-03-27 16:31:25 | INFO     | src.indicators.technical_indicators:calculate_kdj:350 | 计算KDJ完成：K周期=9, D周期=3, J周期=3
2026-03-27 16:31:25 | INFO     | src.indicators.technical_indicators:calculate_ema:182 | 计算 26 日指数移动平均线完成
2026-03-27 16:31:25 | INFO     | src.indicators.technical_indicators:calculate_ma:133 | 计算 250 日移动平均线完成
2026-03-27 16:31:25 | INFO     | src.core.data_fetcher:save_data:452 | 数据保存成功: ./data\301687_signals.csv
2026-03-27 16:31:25 | INFO     | src.indicators.technical_indicators:calculate_rsi:221 | 计算 12 日RSI完成
2026-03-27 16:31:25 | INFO     | src.indicators.technical_indicators:calculate_kdj:350 | 计算KDJ完成：K周期=10, D周期=3, J周期=3
2026-03-27 16:31:25 | INFO     | src.indicators.technical_indicators:calculate_rsi:221 | 计算 6 日RSI完成
2026-03-27 16:31:25 | INFO     | src.indicators.technical_indicators:calculate_bias:500 | 计算 250 日乖离率完成
2026-03-27 16:31:25 | INFO     | src.workflow.technical:_process_single_stock:45 |   股票 301687 信号判断完成: 持有 (得分: 0.103)
2026-03-27 16:31:25 | INFO     | src.indicators.technical_indicators:calculate_rsi:221 | 计算 24 日RSI完成
2026-03-27 16:31:26 | INFO     | src.indicators.technical_indicators:calculate_atr:385 | 计算 10 日ATR完成
2026-03-27 16:31:26 | INFO     | src.indicators.technical_indicators:calculate_rsi:221 | 计算 12 日RSI完成
2026-03-27 16:31:26 | INFO     | src.indicators.technical_indicators:calculate_psy:523 | 计算 10 日心理线完成
2026-03-27 16:31:26 | INFO     | src.indicators.technical_indicators:calculate_macd:263 | 计算MACD完成：快线=12, 慢线=26, 信号线=9
2026-03-27 16:31:26 | INFO     | src.indicators.technical_indicators:calculate_cci:446 | 计算 20 日CCI完成
2026-03-27 16:31:26 | INFO     | src.indicators.technical_indicators:calculate_rsi:221 | 计算 24 日RSI完成
2026-03-27 16:31:26 | WARNING  | src.indicators.technical_indicators:calculate_all:635 | 未知的指标类型: rsv_period
2026-03-27 16:31:26 | INFO     | src.indicators.technical_indicators:calculate_macd:263 | 计算MACD完成：快线=12, 慢线=26, 信号线=12
2026-03-27 16:31:26 | INFO     | src.indicators.technical_indicators:calculate_williams_r:476 | 计算 10 日威廉指标完成
2026-03-27 16:31:26 | INFO     | src.indicators.technical_indicators:calculate_macd:263 | 计算MACD完成：快线=12, 慢线=26, 信号线=9
2026-03-27 16:31:26 | WARNING  | src.indicators.technical_indicators:calculate_all:635 | 未知的指标类型: volume_period
2026-03-27 16:31:26 | INFO     | src.indicators.technical_indicators:calculate_boll:303 | 计算布林带完成：周期=20, 标准差倍数=2
2026-03-27 16:31:26 | INFO     | src.indicators.technical_indicators:calculate_ma:133 | 计算 5 日移动平均线完成
2026-03-27 16:31:26 | INFO     | src.indicators.technical_indicators:calculate_macd:263 | 计算MACD完成：快线=12, 慢线=26, 信号线=12
2026-03-27 16:31:26 | INFO     | src.indicators.technical_indicators:calculate_all:640 | 完成计算 45 个技术指标
2026-03-27 16:31:26 | INFO     | src.indicators.technical_indicators:calculate_kdj:350 | 计算KDJ完成：K周期=9, D周期=3, J周期=3
2026-03-27 16:31:26 | INFO     | src.indicators.technical_indicators:calculate_bias:500 | 计算 5 日乖离率完成
2026-03-27 16:31:26 | INFO     | src.indicators.technical_indicators:calculate_boll:303 | 计算布林带完成：周期=20, 标准差倍数=2
2026-03-27 16:31:26 | INFO     | src.core.data_fetcher:save_data:432 | 保存数据到 csv 文件: 001396_with_indicators
2026-03-27 16:31:26 | INFO     | src.indicators.technical_indicators:calculate_kdj:350 | 计算KDJ完成：K周期=10, D周期=3, J周期=3
2026-03-27 16:31:26 | INFO     | src.indicators.technical_indicators:calculate_ma:133 | 计算 10 日移动平均线完成
2026-03-27 16:31:26 | INFO     | src.indicators.technical_indicators:calculate_kdj:350 | 计算KDJ完成：K周期=9, D周期=3, J周期=3
2026-03-27 16:31:26 | INFO     | src.indicators.technical_indicators:calculate_atr:385 | 计算 10 日ATR完成
2026-03-27 16:31:26 | INFO     | src.indicators.technical_indicators:calculate_bias:500 | 计算 10 日乖离率完成
2026-03-27 16:31:26 | INFO     | src.indicators.technical_indicators:calculate_kdj:350 | 计算KDJ完成：K周期=10, D周期=3, J周期=3
2026-03-27 16:31:26 | INFO     | src.indicators.technical_indicators:calculate_cci:446 | 计算 20 日CCI完成
2026-03-27 16:31:26 | INFO     | src.indicators.technical_indicators:calculate_ma:133 | 计算 20 日移动平均线完成
2026-03-27 16:31:26 | INFO     | src.indicators.technical_indicators:calculate_atr:385 | 计算 10 日ATR完成
2026-03-27 16:31:26 | INFO     | src.indicators.technical_indicators:calculate_williams_r:476 | 计算 10 日威廉指标完成
2026-03-27 16:31:26 | INFO     | src.core.data_fetcher:save_data:452 | 数据保存成功: ./data\001396_with_indicators.csv
2026-03-27 16:31:26 | INFO     | src.indicators.technical_indicators:calculate_bias:500 | 计算 20 日乖离率完成
2026-03-27 16:31:26 | INFO     | src.indicators.technical_indicators:calculate_cci:446 | 计算 20 日CCI完成
2026-03-27 16:31:26 | INFO     | src.indicators.technical_indicators:calculate_ma:133 | 计算 5 日移动平均线完成
2026-03-27 16:31:26 | INFO     | src.workflow.base:calculate_signals:224 | 对股票 001396 进行信号判断
2026-03-27 16:31:26 | INFO     | src.indicators.technical_indicators:calculate_ma:133 | 计算 30 日移动平均线完成
2026-03-27 16:31:26 | INFO     | src.indicators.technical_indicators:calculate_williams_r:476 | 计算 10 日威廉指标完成
2026-03-27 16:31:26 | INFO     | src.indicators.technical_indicators:calculate_bias:500 | 计算 5 日乖离率完成
2026-03-27 16:31:26 | INFO     | src.core.data_fetcher:save_data:432 | 保存数据到 csv 文件: 001396_signals
2026-03-27 16:31:26 | INFO     | src.indicators.technical_indicators:calculate_bias:500 | 计算 30 日乖离率完成
2026-03-27 16:31:26 | INFO     | src.indicators.technical_indicators:calculate_ma:133 | 计算 5 日移动平均线完成
2026-03-27 16:31:26 | INFO     | src.indicators.technical_indicators:calculate_ma:133 | 计算 10 日移动平均线完成
2026-03-27 16:31:26 | INFO     | src.indicators.technical_indicators:calculate_ma:133 | 计算 60 日移动平均线完成
2026-03-27 16:31:26 | INFO     | src.indicators.technical_indicators:calculate_bias:500 | 计算 5 日乖离率完成
2026-03-27 16:31:26 | INFO     | src.indicators.technical_indicators:calculate_bias:500 | 计算 10 日乖离率完成
2026-03-27 16:31:26 | INFO     | src.indicators.technical_indicators:calculate_bias:500 | 计算 60 日乖离率完成
2026-03-27 16:31:26 | INFO     | src.core.data_fetcher:save_data:452 | 数据保存成功: ./data\001396_signals.csv
2026-03-27 16:31:26 | INFO     | src.indicators.technical_indicators:calculate_ma:133 | 计算 10 日移动平均线完成
2026-03-27 16:31:26 | INFO     | src.indicators.technical_indicators:calculate_ma:133 | 计算 20 日移动平均线完成
2026-03-27 16:31:26 | INFO     | src.indicators.technical_indicators:calculate_ma:133 | 计算 120 日移动平均线完成
2026-03-27 16:31:26 | INFO     | src.workflow.technical:_process_single_stock:45 |   股票 001396 信号判断完成: 持有 (得分: 0.000)
2026-03-27 16:31:26 | INFO     | src.indicators.technical_indicators:calculate_bias:500 | 计算 10 日乖离率完成
2026-03-27 16:31:26 | INFO     | src.indicators.technical_indicators:calculate_bias:500 | 计算 20 日乖离率完成
2026-03-27 16:31:26 | INFO     | src.indicators.technical_indicators:calculate_bias:500 | 计算 120 日乖离率完成
2026-03-27 16:31:26 | INFO     | src.indicators.technical_indicators:calculate_ma:133 | 计算 20 日移动平均线完成
2026-03-27 16:31:26 | INFO     | src.indicators.technical_indicators:calculate_ma:133 | 计算 30 日移动平均线完成
2026-03-27 16:31:26 | INFO     | src.indicators.technical_indicators:calculate_ma:133 | 计算 250 日移动平均线完成
2026-03-27 16:31:26 | INFO     | src.indicators.technical_indicators:calculate_bias:500 | 计算 20 日乖离率完成
2026-03-27 16:31:26 | INFO     | src.indicators.technical_indicators:calculate_bias:500 | 计算 30 日乖离率完成
2026-03-27 16:31:26 | INFO     | src.indicators.technical_indicators:calculate_bias:500 | 计算 250 日乖离率完成
2026-03-27 16:31:26 | INFO     | src.indicators.technical_indicators:calculate_ma:133 | 计算 30 日移动平均线完成
2026-03-27 16:31:26 | INFO     | src.indicators.technical_indicators:calculate_ma:133 | 计算 60 日移动平均线完成
2026-03-27 16:31:26 | INFO     | src.indicators.technical_indicators:calculate_psy:523 | 计算 10 日心理线完成
2026-03-27 16:31:26 | INFO     | src.indicators.technical_indicators:calculate_bias:500 | 计算 30 日乖离率完成
2026-03-27 16:31:26 | INFO     | src.indicators.technical_indicators:calculate_bias:500 | 计算 60 日乖离率完成
2026-03-27 16:31:26 | WARNING  | src.indicators.technical_indicators:calculate_all:635 | 未知的指标类型: rsv_period
2026-03-27 16:31:26 | INFO     | src.indicators.technical_indicators:calculate_ma:133 | 计算 60 日移动平均线完成
2026-03-27 16:31:26 | INFO     | src.indicators.technical_indicators:calculate_ma:133 | 计算 120 日移动平均线完成
2026-03-27 16:31:26 | WARNING  | src.indicators.technical_indicators:calculate_all:635 | 未知的指标类型: volume_period
2026-03-27 16:31:26 | INFO     | src.indicators.technical_indicators:calculate_bias:500 | 计算 60 日乖离率完成
2026-03-27 16:31:26 | INFO     | src.indicators.technical_indicators:calculate_bias:500 | 计算 120 日乖离率完成
2026-03-27 16:31:26 | INFO     | src.indicators.technical_indicators:calculate_all:640 | 完成计算 45 个技术指标
2026-03-27 16:31:26 | INFO     | src.indicators.technical_indicators:calculate_ma:133 | 计算 120 日移动平均线完成
2026-03-27 16:31:26 | INFO     | src.indicators.technical_indicators:calculate_ma:133 | 计算 250 日移动平均线完成
2026-03-27 16:31:26 | INFO     | src.core.data_fetcher:save_data:432 | 保存数据到 csv 文件: 603248_with_indicators
2026-03-27 16:31:26 | INFO     | src.indicators.technical_indicators:calculate_bias:500 | 计算 120 日乖离率完成
2026-03-27 16:31:26 | INFO     | src.indicators.technical_indicators:calculate_bias:500 | 计算 250 日乖离率完成
2026-03-27 16:31:26 | INFO     | src.indicators.technical_indicators:calculate_ma:133 | 计算 250 日移动平均线完成
2026-03-27 16:31:26 | INFO     | src.indicators.technical_indicators:calculate_psy:523 | 计算 10 日心理线完成
2026-03-27 16:31:26 | INFO     | src.indicators.technical_indicators:calculate_bias:500 | 计算 250 日乖离率完成
2026-03-27 16:31:26 | WARNING  | src.indicators.technical_indicators:calculate_all:635 | 未知的指标类型: rsv_period
2026-03-27 16:31:26 | INFO     | src.indicators.technical_indicators:calculate_psy:523 | 计算 10 日心理线完成
2026-03-27 16:31:26 | INFO     | src.core.data_fetcher:save_data:452 | 数据保存成功: ./data\603248_with_indicators.csv
2026-03-27 16:31:26 | WARNING  | src.indicators.technical_indicators:calculate_all:635 | 未知的指标类型: volume_period
2026-03-27 16:31:26 | WARNING  | src.indicators.technical_indicators:calculate_all:635 | 未知的指标类型: rsv_period
2026-03-27 16:31:26 | INFO     | src.workflow.base:calculate_signals:224 | 对股票 603248 进行信号判断
2026-03-27 16:31:26 | INFO     | src.indicators.technical_indicators:calculate_all:640 | 完成计算 45 个技术指标
2026-03-27 16:31:26 | WARNING  | src.indicators.technical_indicators:calculate_all:635 | 未知的指标类型: volume_period
2026-03-27 16:31:26 | INFO     | src.core.data_fetcher:save_data:432 | 保存数据到 csv 文件: 603248_signals
2026-03-27 16:31:26 | INFO     | src.core.data_fetcher:save_data:432 | 保存数据到 csv 文件: 688805_with_indicators
2026-03-27 16:31:26 | INFO     | src.indicators.technical_indicators:calculate_all:640 | 完成计算 45 个技术指标
2026-03-27 16:31:26 | INFO     | src.core.data_fetcher:save_data:432 | 保存数据到 csv 文件: 301667_with_indicators
2026-03-27 16:31:26 | INFO     | src.core.data_fetcher:save_data:452 | 数据保存成功: ./data\603248_signals.csv
2026-03-27 16:31:26 | INFO     | src.workflow.technical:_process_single_stock:45 |   股票 603248 信号判断完成: 持有 (得分: -0.122)
2026-03-27 16:31:26 | INFO     | src.core.data_fetcher:save_data:452 | 数据保存成功: ./data\688805_with_indicators.csv
2026-03-27 16:31:26 | INFO     | src.workflow.base:calculate_signals:224 | 对股票 688805 进行信号判断
2026-03-27 16:31:26 | INFO     | src.core.data_fetcher:save_data:432 | 保存数据到 csv 文件: 688805_signals
2026-03-27 16:31:26 | INFO     | src.core.data_fetcher:save_data:452 | 数据保存成功: ./data\301667_with_indicators.csv
2026-03-27 16:31:26 | INFO     | src.workflow.base:calculate_signals:224 | 对股票 301667 进行信号判断
2026-03-27 16:31:26 | INFO     | src.core.data_fetcher:save_data:432 | 保存数据到 csv 文件: 301667_signals
2026-03-27 16:31:26 | INFO     | src.core.data_fetcher:save_data:452 | 数据保存成功: ./data\688805_signals.csv
2026-03-27 16:31:26 | INFO     | src.workflow.technical:_process_single_stock:45 |   股票 688805 信号判断完成: 持有 (得分: 0.031)
2026-03-27 16:31:26 | INFO     | src.core.data_fetcher:save_data:452 | 数据保存成功: ./data\301667_signals.csv
2026-03-27 16:31:26 | INFO     | src.workflow.technical:_process_single_stock:45 |   股票 301667 信号判断完成: 持有 (得分: -0.089)
2026-03-27 16:31:26 | ERROR    | src.notify.channels.base:send:80 | NtfyChannel 发送异常 (尝试 2/3): HTTPSConnectionPool(host='ntfy.sh', port=443): Max retries exceeded with url: /process-notify-001 (Caused by SSLError(SSLEOFError(8, 'EOF occurred in violation of protocol (_ssl.c:997)')))
2026-03-27 16:31:28 | ERROR    | src.notify.channels.base:send:80 | NtfyChannel 发送异常 (尝试 3/3): HTTPSConnectionPool(host='ntfy.sh', port=443): Max retries exceeded with url: /process-notify-001 (Caused by SSLError(SSLEOFError(8, 'EOF occurred in violation of protocol (_ssl.c:997)')))
2026-03-27 16:31:28 | INFO     | src.notify.channels.markdown:_do_send:75 | Markdown 文件已保存: ./notify_logs\notify_20260327_163128.md
2026-03-27 16:31:28 | ERROR    | src.workflow.technical:process_fund:196 | 处理基金 025491 时失败: unhashable type: 'DataFrame'
2026-03-27 16:31:28 | INFO     | src.workflow.technical:run_batch:226 | 基金 025491 处理完成
2026-03-27 16:31:28 | INFO     | src.workflow.technical:run_batch:227 | ============================================================

2026-03-27 16:31:28 | INFO     | src.workflow.technical:run_batch:219 | 
============================================================
2026-03-27 16:31:28 | INFO     | src.workflow.technical:run_batch:220 | 开始处理基金: 018957
2026-03-27 16:31:28 | INFO     | src.workflow.technical:process_fund:99 | 开始处理基金 018957 的持仓股票技术指标计算
2026-03-27 16:31:28 | INFO     | src.workflow.base:get_fund_holdings:85 | 获取基金 018957 的持仓数据
2026-03-27 16:31:28 | INFO     | src.core.data_fetcher:inner:294 | 获取基金 018957 持仓
2026-03-27 16:31:28 | INFO     | src.core.akshare_provider:get_fund_portfolio:370 | akshare 获取基金 018957 持仓
2026-03-27 16:31:28 | INFO     | src.core.akshare_provider:get_fund_portfolio:379 | 使用 fund_portfolio_hold_em 成功获取基金 018957 持仓
2026-03-27 16:31:28 | INFO     | src.workflow.base:filter_latest_quarter:101 | 过滤最新季度数据
2026-03-27 16:31:28 | INFO     | src.analysis.quarter_filter:filter_latest_quarter_data:63 | 识别到最新季度: 2025年Q4
2026-03-27 16:31:28 | INFO     | src.analysis.quarter_filter:filter_latest_quarter_data:77 | 过滤结果: 从 86 条记录中筛选出 10 条最新季度数据
2026-03-27 16:31:28 | INFO     | src.workflow.technical:process_fund:116 | 最新季度持仓股票数量: 10
2026-03-27 16:31:28 | INFO     | src.workflow.technical:process_fund:117 | 股票代码列表: ['300394', '300308', '300476', '300502', '002837', '600183', '601138', '603083', '688313', '600105']
2026-03-27 16:31:28 | INFO     | src.workflow.base:get_stock_data:115 | 批量处理 10 只股票的数据
2026-03-27 16:31:28 | INFO     | src.data.reader:list_files:221 | 在 data\stock_data 中找到 128 个文件
2026-03-27 16:31:28 | INFO     | src.data.reader:list_stock_files:241 | 找到 128 个股票数据文件
2026-03-27 16:31:28 | INFO     | src.data.reader:read_csv:53 | 读取CSV文件: data\stock_data\300394_kline.csv
2026-03-27 16:31:28 | INFO     | src.data.reader:list_files:221 | 在 data\stock_data 中找到 128 个文件
2026-03-27 16:31:28 | INFO     | src.data.reader:read_csv:57 | 成功读取 1752 行数据
2026-03-27 16:31:28 | INFO     | src.data.reader:list_stock_files:241 | 找到 128 个股票数据文件
2026-03-27 16:31:28 | INFO     | src.data.reader:read_csv:53 | 读取CSV文件: data\stock_data\300308_kline.csv
2026-03-27 16:31:28 | INFO     | src.data.reader:list_files:221 | 在 data\stock_data 中找到 128 个文件
2026-03-27 16:31:28 | INFO     | src.data.reader:list_files:221 | 在 data\stock_data 中找到 128 个文件
2026-03-27 16:31:28 | INFO     | src.data.reader:list_stock_files:241 | 找到 128 个股票数据文件
2026-03-27 16:31:28 | INFO     | src.data.reader:list_files:221 | 在 data\stock_data 中找到 128 个文件
2026-03-27 16:31:28 | INFO     | src.data.reader:list_stock_files:241 | 找到 128 个股票数据文件
2026-03-27 16:31:28 | INFO     | src.data.reader:list_files:221 | 在 data\stock_data 中找到 128 个文件
2026-03-27 16:31:28 | INFO     | src.data.reader:read_csv:53 | 读取CSV文件: data\stock_data\300476_kline.csv
2026-03-27 16:31:28 | INFO     | src.data.reader:list_files:221 | 在 data\stock_data 中找到 128 个文件
2026-03-27 16:31:28 | INFO     | src.data.reader:list_stock_files:241 | 找到 128 个股票数据文件
2026-03-27 16:31:28 | INFO     | src.data.reader:list_files:221 | 在 data\stock_data 中找到 128 个文件
2026-03-27 16:31:28 | INFO     | src.data.reader:read_csv:53 | 读取CSV文件: data\stock_data\600183_kline.csv
2026-03-27 16:31:28 | INFO     | src.data.reader:list_stock_files:241 | 找到 128 个股票数据文件
2026-03-27 16:31:28 | INFO     | src.data.reader:list_stock_files:241 | 找到 128 个股票数据文件
2026-03-27 16:31:28 | INFO     | src.data.reader:read_csv:53 | 读取CSV文件: data\stock_data\300502_kline.csv
2026-03-27 16:31:28 | INFO     | src.data.reader:list_stock_files:241 | 找到 128 个股票数据文件
2026-03-27 16:31:28 | INFO     | src.data.reader:read_csv:57 | 成功读取 1752 行数据
2026-03-27 16:31:28 | INFO     | src.data.reader:read_csv:53 | 读取CSV文件: data\stock_data\002837_kline.csv
2026-03-27 16:31:28 | INFO     | src.data.reader:read_csv:53 | 读取CSV文件: data\stock_data\603083_kline.csv
2026-03-27 16:31:28 | INFO     | src.data.reader:read_csv:53 | 读取CSV文件: data\stock_data\601138_kline.csv
2026-03-27 16:31:28 | INFO     | src.data.reader:read_csv:57 | 成功读取 1752 行数据
2026-03-27 16:31:28 | INFO     | src.data.reader:read_csv:57 | 成功读取 1752 行数据
2026-03-27 16:31:28 | INFO     | src.data.reader:read_csv:57 | 成功读取 1752 行数据
2026-03-27 16:31:28 | INFO     | src.data.reader:read_csv:57 | 成功读取 1752 行数据
2026-03-27 16:31:28 | INFO     | src.data.reader:read_csv:57 | 成功读取 1752 行数据
2026-03-27 16:31:28 | INFO     | src.data.reader:read_csv:57 | 成功读取 1752 行数据
2026-03-27 16:31:28 | INFO     | src.data.reader:list_files:221 | 在 data\stock_data 中找到 128 个文件
2026-03-27 16:31:28 | INFO     | src.data.reader:list_stock_files:241 | 找到 128 个股票数据文件
2026-03-27 16:31:28 | INFO     | src.data.reader:read_csv:53 | 读取CSV文件: data\stock_data\688313_kline.csv
2026-03-27 16:31:28 | INFO     | src.data.reader:read_csv:57 | 成功读取 1361 行数据
2026-03-27 16:31:28 | INFO     | src.data.reader:list_files:221 | 在 data\stock_data 中找到 128 个文件
2026-03-27 16:31:28 | INFO     | src.data.reader:list_stock_files:241 | 找到 128 个股票数据文件
2026-03-27 16:31:28 | INFO     | src.data.reader:read_csv:53 | 读取CSV文件: data\stock_data\600105_kline.csv
2026-03-27 16:31:28 | INFO     | src.data.reader:read_csv:57 | 成功读取 1752 行数据
2026-03-27 16:31:28 | INFO     | src.utils.concurrency:process_batch:70 | 获取股票数据: 10/10
2026-03-27 16:31:28 | INFO     | src.workflow.base:get_stock_data:171 | 成功获取 10 只股票的数据
2026-03-27 16:31:28 | INFO     | src.workflow.technical:process_fund:133 | 开始计算技术指标和信号判断
2026-03-27 16:31:28 | INFO     | src.workflow.base:calculate_technical_indicators:188 | 计算股票 300394 的技术指标
2026-03-27 16:31:28 | INFO     | src.workflow.base:calculate_technical_indicators:188 | 计算股票 300308 的技术指标
2026-03-27 16:31:28 | INFO     | src.workflow.base:calculate_technical_indicators:188 | 计算股票 300476 的技术指标
2026-03-27 16:31:28 | INFO     | src.workflow.base:calculate_technical_indicators:188 | 计算股票 600183 的技术指标
2026-03-27 16:31:28 | INFO     | src.indicators.technical_indicators:calculate_ma:133 | 计算 5 日移动平均线完成
2026-03-27 16:31:28 | INFO     | src.workflow.base:calculate_technical_indicators:188 | 计算股票 300502 的技术指标
2026-03-27 16:31:28 | INFO     | src.workflow.base:calculate_technical_indicators:188 | 计算股票 603083 的技术指标
2026-03-27 16:31:28 | INFO     | src.indicators.technical_indicators:calculate_ma:133 | 计算 5 日移动平均线完成
2026-03-27 16:31:28 | INFO     | src.indicators.technical_indicators:calculate_ma:133 | 计算 5 日移动平均线完成
2026-03-27 16:31:28 | INFO     | src.workflow.base:calculate_technical_indicators:188 | 计算股票 002837 的技术指标
2026-03-27 16:31:28 | INFO     | src.indicators.technical_indicators:calculate_ma:133 | 计算 10 日移动平均线完成
2026-03-27 16:31:28 | INFO     | src.indicators.technical_indicators:calculate_ma:133 | 计算 5 日移动平均线完成
2026-03-27 16:31:28 | INFO     | src.workflow.base:calculate_technical_indicators:188 | 计算股票 601138 的技术指标
2026-03-27 16:31:28 | INFO     | src.indicators.technical_indicators:calculate_ma:133 | 计算 5 日移动平均线完成
2026-03-27 16:31:28 | INFO     | src.indicators.technical_indicators:calculate_ma:133 | 计算 5 日移动平均线完成
2026-03-27 16:31:28 | INFO     | src.indicators.technical_indicators:calculate_ma:133 | 计算 10 日移动平均线完成
2026-03-27 16:31:28 | INFO     | src.indicators.technical_indicators:calculate_ma:133 | 计算 10 日移动平均线完成
2026-03-27 16:31:28 | INFO     | src.indicators.technical_indicators:calculate_ma:133 | 计算 5 日移动平均线完成
2026-03-27 16:31:28 | INFO     | src.indicators.technical_indicators:calculate_ma:133 | 计算 10 日移动平均线完成
2026-03-27 16:31:28 | INFO     | src.indicators.technical_indicators:calculate_ma:133 | 计算 20 日移动平均线完成
2026-03-27 16:31:28 | INFO     | src.indicators.technical_indicators:calculate_ma:133 | 计算 10 日移动平均线完成
2026-03-27 16:31:28 | INFO     | src.indicators.technical_indicators:calculate_ma:133 | 计算 5 日移动平均线完成
2026-03-27 16:31:28 | INFO     | src.indicators.technical_indicators:calculate_ma:133 | 计算 10 日移动平均线完成
2026-03-27 16:31:28 | INFO     | src.indicators.technical_indicators:calculate_ma:133 | 计算 20 日移动平均线完成
2026-03-27 16:31:28 | INFO     | src.indicators.technical_indicators:calculate_ma:133 | 计算 20 日移动平均线完成
2026-03-27 16:31:28 | INFO     | src.indicators.technical_indicators:calculate_ma:133 | 计算 10 日移动平均线完成
2026-03-27 16:31:28 | INFO     | src.indicators.technical_indicators:calculate_ma:133 | 计算 20 日移动平均线完成
2026-03-27 16:31:28 | INFO     | src.indicators.technical_indicators:calculate_ma:133 | 计算 30 日移动平均线完成
2026-03-27 16:31:28 | INFO     | src.indicators.technical_indicators:calculate_ma:133 | 计算 20 日移动平均线完成
2026-03-27 16:31:28 | INFO     | src.indicators.technical_indicators:calculate_ma:133 | 计算 10 日移动平均线完成
2026-03-27 16:31:28 | INFO     | src.indicators.technical_indicators:calculate_ma:133 | 计算 20 日移动平均线完成
2026-03-27 16:31:28 | INFO     | src.indicators.technical_indicators:calculate_ma:133 | 计算 30 日移动平均线完成
2026-03-27 16:31:28 | INFO     | src.indicators.technical_indicators:calculate_ma:133 | 计算 30 日移动平均线完成
2026-03-27 16:31:28 | INFO     | src.indicators.technical_indicators:calculate_ma:133 | 计算 20 日移动平均线完成
2026-03-27 16:31:28 | INFO     | src.indicators.technical_indicators:calculate_ma:133 | 计算 30 日移动平均线完成
2026-03-27 16:31:28 | INFO     | src.indicators.technical_indicators:calculate_ma:133 | 计算 60 日移动平均线完成
2026-03-27 16:31:28 | INFO     | src.indicators.technical_indicators:calculate_ma:133 | 计算 30 日移动平均线完成
2026-03-27 16:31:28 | INFO     | src.indicators.technical_indicators:calculate_ma:133 | 计算 20 日移动平均线完成
2026-03-27 16:31:28 | INFO     | src.indicators.technical_indicators:calculate_ma:133 | 计算 30 日移动平均线完成
2026-03-27 16:31:28 | INFO     | src.indicators.technical_indicators:calculate_ma:133 | 计算 60 日移动平均线完成
2026-03-27 16:31:28 | INFO     | src.indicators.technical_indicators:calculate_ma:133 | 计算 60 日移动平均线完成
2026-03-27 16:31:28 | INFO     | src.indicators.technical_indicators:calculate_ma:133 | 计算 30 日移动平均线完成
2026-03-27 16:31:28 | INFO     | src.indicators.technical_indicators:calculate_ma:133 | 计算 60 日移动平均线完成
2026-03-27 16:31:28 | INFO     | src.indicators.technical_indicators:calculate_ma:133 | 计算 120 日移动平均线完成
2026-03-27 16:31:28 | INFO     | src.indicators.technical_indicators:calculate_ma:133 | 计算 60 日移动平均线完成
2026-03-27 16:31:28 | INFO     | src.indicators.technical_indicators:calculate_ma:133 | 计算 30 日移动平均线完成
2026-03-27 16:31:28 | INFO     | src.indicators.technical_indicators:calculate_ma:133 | 计算 60 日移动平均线完成
2026-03-27 16:31:28 | INFO     | src.indicators.technical_indicators:calculate_ma:133 | 计算 120 日移动平均线完成
2026-03-27 16:31:28 | INFO     | src.indicators.technical_indicators:calculate_ma:133 | 计算 120 日移动平均线完成
2026-03-27 16:31:28 | INFO     | src.indicators.technical_indicators:calculate_ma:133 | 计算 60 日移动平均线完成
2026-03-27 16:31:28 | INFO     | src.indicators.technical_indicators:calculate_ma:133 | 计算 120 日移动平均线完成
2026-03-27 16:31:28 | INFO     | src.indicators.technical_indicators:calculate_ma:133 | 计算 250 日移动平均线完成
2026-03-27 16:31:28 | INFO     | src.indicators.technical_indicators:calculate_ma:133 | 计算 120 日移动平均线完成
2026-03-27 16:31:28 | INFO     | src.indicators.technical_indicators:calculate_ma:133 | 计算 60 日移动平均线完成
2026-03-27 16:31:28 | INFO     | src.indicators.technical_indicators:calculate_ma:133 | 计算 120 日移动平均线完成
2026-03-27 16:31:28 | INFO     | src.indicators.technical_indicators:calculate_ma:133 | 计算 250 日移动平均线完成
2026-03-27 16:31:28 | INFO     | src.indicators.technical_indicators:calculate_ma:133 | 计算 250 日移动平均线完成
2026-03-27 16:31:28 | INFO     | src.indicators.technical_indicators:calculate_ma:133 | 计算 120 日移动平均线完成
2026-03-27 16:31:28 | INFO     | src.indicators.technical_indicators:calculate_ma:133 | 计算 250 日移动平均线完成
2026-03-27 16:31:28 | INFO     | src.indicators.technical_indicators:calculate_sma:157 | 计算 5 日简单移动平均线完成
2026-03-27 16:31:28 | INFO     | src.indicators.technical_indicators:calculate_ma:133 | 计算 250 日移动平均线完成
2026-03-27 16:31:28 | INFO     | src.indicators.technical_indicators:calculate_ma:133 | 计算 120 日移动平均线完成
2026-03-27 16:31:28 | INFO     | src.indicators.technical_indicators:calculate_ma:133 | 计算 250 日移动平均线完成
2026-03-27 16:31:28 | INFO     | src.indicators.technical_indicators:calculate_sma:157 | 计算 5 日简单移动平均线完成
2026-03-27 16:31:28 | INFO     | src.indicators.technical_indicators:calculate_sma:157 | 计算 5 日简单移动平均线完成
2026-03-27 16:31:28 | INFO     | src.indicators.technical_indicators:calculate_ma:133 | 计算 250 日移动平均线完成
2026-03-27 16:31:28 | INFO     | src.indicators.technical_indicators:calculate_sma:157 | 计算 5 日简单移动平均线完成
2026-03-27 16:31:28 | INFO     | src.indicators.technical_indicators:calculate_sma:157 | 计算 10 日简单移动平均线完成
2026-03-27 16:31:28 | INFO     | src.indicators.technical_indicators:calculate_sma:157 | 计算 5 日简单移动平均线完成
2026-03-27 16:31:28 | INFO     | src.indicators.technical_indicators:calculate_ma:133 | 计算 250 日移动平均线完成
2026-03-27 16:31:28 | INFO     | src.indicators.technical_indicators:calculate_sma:157 | 计算 5 日简单移动平均线完成
2026-03-27 16:31:28 | INFO     | src.indicators.technical_indicators:calculate_sma:157 | 计算 10 日简单移动平均线完成
2026-03-27 16:31:28 | INFO     | src.indicators.technical_indicators:calculate_sma:157 | 计算 10 日简单移动平均线完成
2026-03-27 16:31:28 | INFO     | src.indicators.technical_indicators:calculate_sma:157 | 计算 5 日简单移动平均线完成
2026-03-27 16:31:28 | INFO     | src.indicators.technical_indicators:calculate_sma:157 | 计算 10 日简单移动平均线完成
2026-03-27 16:31:28 | INFO     | src.indicators.technical_indicators:calculate_sma:157 | 计算 20 日简单移动平均线完成
2026-03-27 16:31:28 | INFO     | src.indicators.technical_indicators:calculate_sma:157 | 计算 10 日简单移动平均线完成
2026-03-27 16:31:28 | INFO     | src.indicators.technical_indicators:calculate_sma:157 | 计算 5 日简单移动平均线完成
2026-03-27 16:31:28 | INFO     | src.indicators.technical_indicators:calculate_sma:157 | 计算 10 日简单移动平均线完成
2026-03-27 16:31:28 | INFO     | src.indicators.technical_indicators:calculate_sma:157 | 计算 20 日简单移动平均线完成
2026-03-27 16:31:28 | INFO     | src.indicators.technical_indicators:calculate_sma:157 | 计算 20 日简单移动平均线完成
2026-03-27 16:31:28 | INFO     | src.indicators.technical_indicators:calculate_sma:157 | 计算 10 日简单移动平均线完成
2026-03-27 16:31:28 | INFO     | src.indicators.technical_indicators:calculate_sma:157 | 计算 20 日简单移动平均线完成
2026-03-27 16:31:28 | INFO     | src.indicators.technical_indicators:calculate_sma:157 | 计算 20 日简单移动平均线完成
2026-03-27 16:31:28 | INFO     | src.indicators.technical_indicators:calculate_sma:157 | 计算 30 日简单移动平均线完成
2026-03-27 16:31:28 | INFO     | src.indicators.technical_indicators:calculate_sma:157 | 计算 10 日简单移动平均线完成
2026-03-27 16:31:28 | INFO     | src.indicators.technical_indicators:calculate_sma:157 | 计算 20 日简单移动平均线完成
2026-03-27 16:31:28 | INFO     | src.indicators.technical_indicators:calculate_sma:157 | 计算 30 日简单移动平均线完成
2026-03-27 16:31:28 | INFO     | src.indicators.technical_indicators:calculate_sma:157 | 计算 30 日简单移动平均线完成
2026-03-27 16:31:28 | INFO     | src.indicators.technical_indicators:calculate_sma:157 | 计算 20 日简单移动平均线完成
2026-03-27 16:31:28 | INFO     | src.indicators.technical_indicators:calculate_sma:157 | 计算 30 日简单移动平均线完成
2026-03-27 16:31:28 | INFO     | src.indicators.technical_indicators:calculate_sma:157 | 计算 30 日简单移动平均线完成
2026-03-27 16:31:28 | INFO     | src.indicators.technical_indicators:calculate_sma:157 | 计算 60 日简单移动平均线完成
2026-03-27 16:31:28 | INFO     | src.indicators.technical_indicators:calculate_sma:157 | 计算 20 日简单移动平均线完成
2026-03-27 16:31:28 | INFO     | src.indicators.technical_indicators:calculate_sma:157 | 计算 30 日简单移动平均线完成
2026-03-27 16:31:28 | INFO     | src.indicators.technical_indicators:calculate_sma:157 | 计算 60 日简单移动平均线完成
2026-03-27 16:31:28 | INFO     | src.indicators.technical_indicators:calculate_sma:157 | 计算 60 日简单移动平均线完成
2026-03-27 16:31:28 | INFO     | src.indicators.technical_indicators:calculate_sma:157 | 计算 30 日简单移动平均线完成
2026-03-27 16:31:28 | INFO     | src.indicators.technical_indicators:calculate_sma:157 | 计算 60 日简单移动平均线完成
2026-03-27 16:31:28 | INFO     | src.indicators.technical_indicators:calculate_sma:157 | 计算 60 日简单移动平均线完成
2026-03-27 16:31:28 | INFO     | src.indicators.technical_indicators:calculate_sma:157 | 计算 120 日简单移动平均线完成
2026-03-27 16:31:28 | INFO     | src.indicators.technical_indicators:calculate_sma:157 | 计算 30 日简单移动平均线完成
2026-03-27 16:31:28 | INFO     | src.indicators.technical_indicators:calculate_sma:157 | 计算 60 日简单移动平均线完成
2026-03-27 16:31:28 | INFO     | src.indicators.technical_indicators:calculate_sma:157 | 计算 120 日简单移动平均线完成
2026-03-27 16:31:28 | INFO     | src.indicators.technical_indicators:calculate_sma:157 | 计算 120 日简单移动平均线完成
2026-03-27 16:31:28 | INFO     | src.indicators.technical_indicators:calculate_sma:157 | 计算 60 日简单移动平均线完成
2026-03-27 16:31:28 | INFO     | src.indicators.technical_indicators:calculate_sma:157 | 计算 120 日简单移动平均线完成
2026-03-27 16:31:28 | INFO     | src.indicators.technical_indicators:calculate_sma:157 | 计算 120 日简单移动平均线完成
2026-03-27 16:31:28 | INFO     | src.indicators.technical_indicators:calculate_sma:157 | 计算 250 日简单移动平均线完成
2026-03-27 16:31:28 | INFO     | src.indicators.technical_indicators:calculate_sma:157 | 计算 60 日简单移动平均线完成
2026-03-27 16:31:28 | INFO     | src.indicators.technical_indicators:calculate_sma:157 | 计算 120 日简单移动平均线完成
2026-03-27 16:31:28 | INFO     | src.indicators.technical_indicators:calculate_sma:157 | 计算 250 日简单移动平均线完成
2026-03-27 16:31:28 | INFO     | src.indicators.technical_indicators:calculate_sma:157 | 计算 250 日简单移动平均线完成
2026-03-27 16:31:28 | INFO     | src.indicators.technical_indicators:calculate_sma:157 | 计算 120 日简单移动平均线完成
2026-03-27 16:31:28 | INFO     | src.indicators.technical_indicators:calculate_sma:157 | 计算 250 日简单移动平均线完成
2026-03-27 16:31:28 | INFO     | src.indicators.technical_indicators:calculate_sma:157 | 计算 250 日简单移动平均线完成
2026-03-27 16:31:28 | INFO     | src.indicators.technical_indicators:calculate_ema:182 | 计算 12 日指数移动平均线完成
2026-03-27 16:31:28 | INFO     | src.indicators.technical_indicators:calculate_sma:157 | 计算 120 日简单移动平均线完成
2026-03-27 16:31:28 | INFO     | src.indicators.technical_indicators:calculate_sma:157 | 计算 250 日简单移动平均线完成
2026-03-27 16:31:28 | INFO     | src.indicators.technical_indicators:calculate_ema:182 | 计算 12 日指数移动平均线完成
2026-03-27 16:31:28 | INFO     | src.indicators.technical_indicators:calculate_ema:182 | 计算 12 日指数移动平均线完成
2026-03-27 16:31:28 | INFO     | src.indicators.technical_indicators:calculate_sma:157 | 计算 250 日简单移动平均线完成
2026-03-27 16:31:28 | INFO     | src.indicators.technical_indicators:calculate_ema:182 | 计算 12 日指数移动平均线完成
2026-03-27 16:31:28 | INFO     | src.indicators.technical_indicators:calculate_ema:182 | 计算 12 日指数移动平均线完成
2026-03-27 16:31:28 | INFO     | src.indicators.technical_indicators:calculate_ema:182 | 计算 26 日指数移动平均线完成
2026-03-27 16:31:28 | INFO     | src.indicators.technical_indicators:calculate_sma:157 | 计算 250 日简单移动平均线完成
2026-03-27 16:31:28 | INFO     | src.indicators.technical_indicators:calculate_ema:182 | 计算 12 日指数移动平均线完成
2026-03-27 16:31:28 | INFO     | src.indicators.technical_indicators:calculate_ema:182 | 计算 26 日指数移动平均线完成
2026-03-27 16:31:28 | INFO     | src.indicators.technical_indicators:calculate_ema:182 | 计算 26 日指数移动平均线完成
2026-03-27 16:31:28 | INFO     | src.indicators.technical_indicators:calculate_ema:182 | 计算 12 日指数移动平均线完成
2026-03-27 16:31:28 | INFO     | src.indicators.technical_indicators:calculate_ema:182 | 计算 26 日指数移动平均线完成
2026-03-27 16:31:28 | INFO     | src.indicators.technical_indicators:calculate_ema:182 | 计算 26 日指数移动平均线完成
2026-03-27 16:31:28 | INFO     | src.indicators.technical_indicators:calculate_rsi:221 | 计算 6 日RSI完成
2026-03-27 16:31:28 | INFO     | src.indicators.technical_indicators:calculate_ema:182 | 计算 12 日指数移动平均线完成
2026-03-27 16:31:29 | INFO     | src.indicators.technical_indicators:calculate_ema:182 | 计算 26 日指数移动平均线完成
2026-03-27 16:31:29 | INFO     | src.indicators.technical_indicators:calculate_rsi:221 | 计算 6 日RSI完成
2026-03-27 16:31:29 | INFO     | src.indicators.technical_indicators:calculate_ema:182 | 计算 26 日指数移动平均线完成
2026-03-27 16:31:29 | INFO     | src.indicators.technical_indicators:calculate_rsi:221 | 计算 6 日RSI完成
2026-03-27 16:31:29 | INFO     | src.indicators.technical_indicators:calculate_rsi:221 | 计算 6 日RSI完成
2026-03-27 16:31:29 | INFO     | src.indicators.technical_indicators:calculate_rsi:221 | 计算 6 日RSI完成
2026-03-27 16:31:29 | INFO     | src.indicators.technical_indicators:calculate_ema:182 | 计算 26 日指数移动平均线完成
2026-03-27 16:31:29 | INFO     | src.indicators.technical_indicators:calculate_rsi:221 | 计算 12 日RSI完成
2026-03-27 16:31:29 | INFO     | src.indicators.technical_indicators:calculate_rsi:221 | 计算 6 日RSI完成
2026-03-27 16:31:29 | INFO     | src.indicators.technical_indicators:calculate_rsi:221 | 计算 6 日RSI完成
2026-03-27 16:31:29 | INFO     | src.indicators.technical_indicators:calculate_rsi:221 | 计算 12 日RSI完成
2026-03-27 16:31:29 | INFO     | src.indicators.technical_indicators:calculate_rsi:221 | 计算 12 日RSI完成
2026-03-27 16:31:29 | INFO     | src.indicators.technical_indicators:calculate_rsi:221 | 计算 12 日RSI完成
2026-03-27 16:31:29 | INFO     | src.indicators.technical_indicators:calculate_rsi:221 | 计算 12 日RSI完成
2026-03-27 16:31:29 | INFO     | src.indicators.technical_indicators:calculate_rsi:221 | 计算 6 日RSI完成
2026-03-27 16:31:29 | INFO     | src.indicators.technical_indicators:calculate_rsi:221 | 计算 24 日RSI完成
2026-03-27 16:31:29 | INFO     | src.indicators.technical_indicators:calculate_rsi:221 | 计算 12 日RSI完成
2026-03-27 16:31:29 | INFO     | src.indicators.technical_indicators:calculate_rsi:221 | 计算 12 日RSI完成
2026-03-27 16:31:29 | INFO     | src.indicators.technical_indicators:calculate_rsi:221 | 计算 24 日RSI完成
2026-03-27 16:31:29 | INFO     | src.indicators.technical_indicators:calculate_rsi:221 | 计算 24 日RSI完成
2026-03-27 16:31:29 | INFO     | src.indicators.technical_indicators:calculate_rsi:221 | 计算 24 日RSI完成
2026-03-27 16:31:29 | INFO     | src.indicators.technical_indicators:calculate_rsi:221 | 计算 24 日RSI完成
2026-03-27 16:31:29 | INFO     | src.indicators.technical_indicators:calculate_rsi:221 | 计算 12 日RSI完成
2026-03-27 16:31:29 | INFO     | src.indicators.technical_indicators:calculate_macd:263 | 计算MACD完成：快线=12, 慢线=26, 信号线=9
2026-03-27 16:31:29 | INFO     | src.indicators.technical_indicators:calculate_rsi:221 | 计算 24 日RSI完成
2026-03-27 16:31:29 | INFO     | src.indicators.technical_indicators:calculate_macd:263 | 计算MACD完成：快线=12, 慢线=26, 信号线=9
2026-03-27 16:31:29 | INFO     | src.indicators.technical_indicators:calculate_rsi:221 | 计算 24 日RSI完成
2026-03-27 16:31:29 | INFO     | src.indicators.technical_indicators:calculate_macd:263 | 计算MACD完成：快线=12, 慢线=26, 信号线=9
2026-03-27 16:31:29 | INFO     | src.indicators.technical_indicators:calculate_macd:263 | 计算MACD完成：快线=12, 慢线=26, 信号线=9
2026-03-27 16:31:29 | INFO     | src.indicators.technical_indicators:calculate_macd:263 | 计算MACD完成：快线=12, 慢线=26, 信号线=9
2026-03-27 16:31:29 | INFO     | src.indicators.technical_indicators:calculate_rsi:221 | 计算 24 日RSI完成
2026-03-27 16:31:29 | INFO     | src.indicators.technical_indicators:calculate_macd:263 | 计算MACD完成：快线=12, 慢线=26, 信号线=12
2026-03-27 16:31:29 | INFO     | src.indicators.technical_indicators:calculate_macd:263 | 计算MACD完成：快线=12, 慢线=26, 信号线=9
2026-03-27 16:31:29 | INFO     | src.indicators.technical_indicators:calculate_macd:263 | 计算MACD完成：快线=12, 慢线=26, 信号线=12
2026-03-27 16:31:29 | INFO     | src.indicators.technical_indicators:calculate_macd:263 | 计算MACD完成：快线=12, 慢线=26, 信号线=9
2026-03-27 16:31:29 | INFO     | src.indicators.technical_indicators:calculate_macd:263 | 计算MACD完成：快线=12, 慢线=26, 信号线=12
2026-03-27 16:31:29 | INFO     | src.indicators.technical_indicators:calculate_macd:263 | 计算MACD完成：快线=12, 慢线=26, 信号线=12
2026-03-27 16:31:29 | INFO     | src.indicators.technical_indicators:calculate_macd:263 | 计算MACD完成：快线=12, 慢线=26, 信号线=12
2026-03-27 16:31:29 | INFO     | src.indicators.technical_indicators:calculate_macd:263 | 计算MACD完成：快线=12, 慢线=26, 信号线=9
2026-03-27 16:31:29 | INFO     | src.indicators.technical_indicators:calculate_boll:303 | 计算布林带完成：周期=20, 标准差倍数=2
2026-03-27 16:31:29 | INFO     | src.indicators.technical_indicators:calculate_macd:263 | 计算MACD完成：快线=12, 慢线=26, 信号线=12
2026-03-27 16:31:29 | INFO     | src.indicators.technical_indicators:calculate_boll:303 | 计算布林带完成：周期=20, 标准差倍数=2
2026-03-27 16:31:29 | INFO     | src.indicators.technical_indicators:calculate_boll:303 | 计算布林带完成：周期=20, 标准差倍数=2
2026-03-27 16:31:29 | INFO     | src.indicators.technical_indicators:calculate_macd:263 | 计算MACD完成：快线=12, 慢线=26, 信号线=12
2026-03-27 16:31:29 | INFO     | src.indicators.technical_indicators:calculate_boll:303 | 计算布林带完成：周期=20, 标准差倍数=2
2026-03-27 16:31:29 | INFO     | src.indicators.technical_indicators:calculate_boll:303 | 计算布林带完成：周期=20, 标准差倍数=2
2026-03-27 16:31:29 | INFO     | src.indicators.technical_indicators:calculate_macd:263 | 计算MACD完成：快线=12, 慢线=26, 信号线=12
2026-03-27 16:31:29 | INFO     | src.indicators.technical_indicators:calculate_kdj:350 | 计算KDJ完成：K周期=9, D周期=3, J周期=3
2026-03-27 16:31:29 | INFO     | src.indicators.technical_indicators:calculate_boll:303 | 计算布林带完成：周期=20, 标准差倍数=2
2026-03-27 16:31:29 | INFO     | src.indicators.technical_indicators:calculate_kdj:350 | 计算KDJ完成：K周期=9, D周期=3, J周期=3
2026-03-27 16:31:29 | INFO     | src.indicators.technical_indicators:calculate_kdj:350 | 计算KDJ完成：K周期=9, D周期=3, J周期=3
2026-03-27 16:31:29 | INFO     | src.indicators.technical_indicators:calculate_kdj:350 | 计算KDJ完成：K周期=9, D周期=3, J周期=3
2026-03-27 16:31:29 | INFO     | src.indicators.technical_indicators:calculate_boll:303 | 计算布林带完成：周期=20, 标准差倍数=2
2026-03-27 16:31:29 | INFO     | src.indicators.technical_indicators:calculate_kdj:350 | 计算KDJ完成：K周期=9, D周期=3, J周期=3
2026-03-27 16:31:29 | INFO     | src.indicators.technical_indicators:calculate_boll:303 | 计算布林带完成：周期=20, 标准差倍数=2
2026-03-27 16:31:29 | INFO     | src.indicators.technical_indicators:calculate_kdj:350 | 计算KDJ完成：K周期=9, D周期=3, J周期=3
2026-03-27 16:31:29 | INFO     | src.indicators.technical_indicators:calculate_kdj:350 | 计算KDJ完成：K周期=10, D周期=3, J周期=3
2026-03-27 16:31:29 | INFO     | src.indicators.technical_indicators:calculate_kdj:350 | 计算KDJ完成：K周期=10, D周期=3, J周期=3
2026-03-27 16:31:29 | INFO     | src.indicators.technical_indicators:calculate_kdj:350 | 计算KDJ完成：K周期=10, D周期=3, J周期=3
2026-03-27 16:31:29 | INFO     | src.indicators.technical_indicators:calculate_kdj:350 | 计算KDJ完成：K周期=10, D周期=3, J周期=3
2026-03-27 16:31:29 | INFO     | src.indicators.technical_indicators:calculate_kdj:350 | 计算KDJ完成：K周期=9, D周期=3, J周期=3
2026-03-27 16:31:29 | INFO     | src.indicators.technical_indicators:calculate_kdj:350 | 计算KDJ完成：K周期=10, D周期=3, J周期=3
2026-03-27 16:31:29 | INFO     | src.indicators.technical_indicators:calculate_kdj:350 | 计算KDJ完成：K周期=9, D周期=3, J周期=3
2026-03-27 16:31:29 | INFO     | src.indicators.technical_indicators:calculate_kdj:350 | 计算KDJ完成：K周期=10, D周期=3, J周期=3
2026-03-27 16:31:29 | INFO     | src.indicators.technical_indicators:calculate_atr:385 | 计算 10 日ATR完成
2026-03-27 16:31:29 | INFO     | src.indicators.technical_indicators:calculate_atr:385 | 计算 10 日ATR完成
2026-03-27 16:31:29 | INFO     | src.indicators.technical_indicators:calculate_atr:385 | 计算 10 日ATR完成
2026-03-27 16:31:29 | INFO     | src.indicators.technical_indicators:calculate_atr:385 | 计算 10 日ATR完成
2026-03-27 16:31:29 | INFO     | src.indicators.technical_indicators:calculate_kdj:350 | 计算KDJ完成：K周期=10, D周期=3, J周期=3
2026-03-27 16:31:29 | INFO     | src.indicators.technical_indicators:calculate_atr:385 | 计算 10 日ATR完成
2026-03-27 16:31:29 | INFO     | src.indicators.technical_indicators:calculate_kdj:350 | 计算KDJ完成：K周期=10, D周期=3, J周期=3
2026-03-27 16:31:29 | INFO     | src.indicators.technical_indicators:calculate_atr:385 | 计算 10 日ATR完成
2026-03-27 16:31:30 | INFO     | src.indicators.technical_indicators:calculate_cci:446 | 计算 20 日CCI完成
2026-03-27 16:31:30 | INFO     | src.indicators.technical_indicators:calculate_atr:385 | 计算 10 日ATR完成
2026-03-27 16:31:30 | INFO     | src.indicators.technical_indicators:calculate_cci:446 | 计算 20 日CCI完成
2026-03-27 16:31:30 | INFO     | src.indicators.technical_indicators:calculate_atr:385 | 计算 10 日ATR完成
2026-03-27 16:31:30 | INFO     | src.indicators.technical_indicators:calculate_cci:446 | 计算 20 日CCI完成
2026-03-27 16:31:30 | INFO     | src.indicators.technical_indicators:calculate_cci:446 | 计算 20 日CCI完成
2026-03-27 16:31:30 | INFO     | src.indicators.technical_indicators:calculate_williams_r:476 | 计算 10 日威廉指标完成
2026-03-27 16:31:30 | INFO     | src.indicators.technical_indicators:calculate_cci:446 | 计算 20 日CCI完成
2026-03-27 16:31:31 | INFO     | src.indicators.technical_indicators:calculate_williams_r:476 | 计算 10 日威廉指标完成
2026-03-27 16:31:31 | INFO     | src.indicators.technical_indicators:calculate_cci:446 | 计算 20 日CCI完成
2026-03-27 16:31:31 | INFO     | src.indicators.technical_indicators:calculate_williams_r:476 | 计算 10 日威廉指标完成
2026-03-27 16:31:31 | INFO     | src.indicators.technical_indicators:calculate_cci:446 | 计算 20 日CCI完成
2026-03-27 16:31:31 | INFO     | src.indicators.technical_indicators:calculate_williams_r:476 | 计算 10 日威廉指标完成
2026-03-27 16:31:31 | INFO     | src.indicators.technical_indicators:calculate_cci:446 | 计算 20 日CCI完成
2026-03-27 16:31:31 | INFO     | src.indicators.technical_indicators:calculate_ma:133 | 计算 5 日移动平均线完成
2026-03-27 16:31:31 | INFO     | src.indicators.technical_indicators:calculate_williams_r:476 | 计算 10 日威廉指标完成
2026-03-27 16:31:31 | INFO     | src.indicators.technical_indicators:calculate_ma:133 | 计算 5 日移动平均线完成
2026-03-27 16:31:31 | INFO     | src.indicators.technical_indicators:calculate_williams_r:476 | 计算 10 日威廉指标完成
2026-03-27 16:31:31 | INFO     | src.indicators.technical_indicators:calculate_ma:133 | 计算 5 日移动平均线完成
2026-03-27 16:31:31 | INFO     | src.indicators.technical_indicators:calculate_williams_r:476 | 计算 10 日威廉指标完成
2026-03-27 16:31:31 | INFO     | src.indicators.technical_indicators:calculate_ma:133 | 计算 5 日移动平均线完成
2026-03-27 16:31:31 | INFO     | src.indicators.technical_indicators:calculate_bias:500 | 计算 5 日乖离率完成
2026-03-27 16:31:31 | INFO     | src.indicators.technical_indicators:calculate_williams_r:476 | 计算 10 日威廉指标完成
2026-03-27 16:31:31 | INFO     | src.indicators.technical_indicators:calculate_ma:133 | 计算 5 日移动平均线完成
2026-03-27 16:31:31 | INFO     | src.indicators.technical_indicators:calculate_bias:500 | 计算 5 日乖离率完成
2026-03-27 16:31:31 | INFO     | src.indicators.technical_indicators:calculate_bias:500 | 计算 5 日乖离率完成
2026-03-27 16:31:31 | INFO     | src.indicators.technical_indicators:calculate_ma:133 | 计算 5 日移动平均线完成
2026-03-27 16:31:31 | INFO     | src.indicators.technical_indicators:calculate_ma:133 | 计算 5 日移动平均线完成
2026-03-27 16:31:31 | INFO     | src.indicators.technical_indicators:calculate_bias:500 | 计算 5 日乖离率完成
2026-03-27 16:31:31 | INFO     | src.indicators.technical_indicators:calculate_ma:133 | 计算 10 日移动平均线完成
2026-03-27 16:31:31 | INFO     | src.indicators.technical_indicators:calculate_ma:133 | 计算 5 日移动平均线完成
2026-03-27 16:31:31 | INFO     | src.indicators.technical_indicators:calculate_bias:500 | 计算 5 日乖离率完成
2026-03-27 16:31:31 | INFO     | src.indicators.technical_indicators:calculate_ma:133 | 计算 10 日移动平均线完成
2026-03-27 16:31:31 | INFO     | src.indicators.technical_indicators:calculate_ma:133 | 计算 10 日移动平均线完成
2026-03-27 16:31:31 | INFO     | src.indicators.technical_indicators:calculate_bias:500 | 计算 5 日乖离率完成
2026-03-27 16:31:31 | INFO     | src.indicators.technical_indicators:calculate_bias:500 | 计算 5 日乖离率完成
2026-03-27 16:31:31 | INFO     | src.indicators.technical_indicators:calculate_ma:133 | 计算 10 日移动平均线完成
2026-03-27 16:31:31 | INFO     | src.indicators.technical_indicators:calculate_bias:500 | 计算 10 日乖离率完成
2026-03-27 16:31:31 | INFO     | src.indicators.technical_indicators:calculate_bias:500 | 计算 5 日乖离率完成
2026-03-27 16:31:31 | INFO     | src.indicators.technical_indicators:calculate_bias:500 | 计算 10 日乖离率完成
2026-03-27 16:31:31 | INFO     | src.indicators.technical_indicators:calculate_ma:133 | 计算 10 日移动平均线完成
2026-03-27 16:31:31 | INFO     | src.indicators.technical_indicators:calculate_bias:500 | 计算 10 日乖离率完成
2026-03-27 16:31:31 | INFO     | src.indicators.technical_indicators:calculate_ma:133 | 计算 10 日移动平均线完成
2026-03-27 16:31:31 | INFO     | src.indicators.technical_indicators:calculate_bias:500 | 计算 10 日乖离率完成
2026-03-27 16:31:31 | INFO     | src.indicators.technical_indicators:calculate_ma:133 | 计算 10 日移动平均线完成
2026-03-27 16:31:31 | INFO     | src.indicators.technical_indicators:calculate_ma:133 | 计算 20 日移动平均线完成
2026-03-27 16:31:31 | INFO     | src.indicators.technical_indicators:calculate_ma:133 | 计算 10 日移动平均线完成
2026-03-27 16:31:31 | INFO     | src.indicators.technical_indicators:calculate_ma:133 | 计算 20 日移动平均线完成
2026-03-27 16:31:31 | INFO     | src.indicators.technical_indicators:calculate_bias:500 | 计算 10 日乖离率完成
2026-03-27 16:31:31 | INFO     | src.indicators.technical_indicators:calculate_ma:133 | 计算 20 日移动平均线完成
2026-03-27 16:31:31 | INFO     | src.indicators.technical_indicators:calculate_bias:500 | 计算 10 日乖离率完成
2026-03-27 16:31:31 | INFO     | src.indicators.technical_indicators:calculate_ma:133 | 计算 20 日移动平均线完成
2026-03-27 16:31:31 | INFO     | src.indicators.technical_indicators:calculate_bias:500 | 计算 10 日乖离率完成
2026-03-27 16:31:31 | INFO     | src.indicators.technical_indicators:calculate_bias:500 | 计算 20 日乖离率完成
2026-03-27 16:31:31 | INFO     | src.indicators.technical_indicators:calculate_bias:500 | 计算 10 日乖离率完成
2026-03-27 16:31:31 | INFO     | src.indicators.technical_indicators:calculate_bias:500 | 计算 20 日乖离率完成
2026-03-27 16:31:31 | INFO     | src.indicators.technical_indicators:calculate_ma:133 | 计算 20 日移动平均线完成
2026-03-27 16:31:31 | INFO     | src.indicators.technical_indicators:calculate_bias:500 | 计算 20 日乖离率完成
2026-03-27 16:31:31 | INFO     | src.indicators.technical_indicators:calculate_ma:133 | 计算 20 日移动平均线完成
2026-03-27 16:31:31 | INFO     | src.indicators.technical_indicators:calculate_bias:500 | 计算 20 日乖离率完成
2026-03-27 16:31:31 | INFO     | src.indicators.technical_indicators:calculate_ma:133 | 计算 20 日移动平均线完成
2026-03-27 16:31:31 | INFO     | src.indicators.technical_indicators:calculate_ma:133 | 计算 30 日移动平均线完成
2026-03-27 16:31:31 | INFO     | src.indicators.technical_indicators:calculate_ma:133 | 计算 20 日移动平均线完成
2026-03-27 16:31:31 | INFO     | src.indicators.technical_indicators:calculate_ma:133 | 计算 30 日移动平均线完成
2026-03-27 16:31:31 | INFO     | src.indicators.technical_indicators:calculate_bias:500 | 计算 20 日乖离率完成
2026-03-27 16:31:31 | INFO     | src.indicators.technical_indicators:calculate_ma:133 | 计算 30 日移动平均线完成
2026-03-27 16:31:31 | INFO     | src.indicators.technical_indicators:calculate_bias:500 | 计算 20 日乖离率完成
2026-03-27 16:31:31 | INFO     | src.indicators.technical_indicators:calculate_ma:133 | 计算 30 日移动平均线完成
2026-03-27 16:31:31 | INFO     | src.indicators.technical_indicators:calculate_bias:500 | 计算 20 日乖离率完成
2026-03-27 16:31:31 | INFO     | src.indicators.technical_indicators:calculate_bias:500 | 计算 30 日乖离率完成
2026-03-27 16:31:31 | INFO     | src.indicators.technical_indicators:calculate_bias:500 | 计算 20 日乖离率完成
2026-03-27 16:31:31 | INFO     | src.indicators.technical_indicators:calculate_bias:500 | 计算 30 日乖离率完成
2026-03-27 16:31:31 | INFO     | src.indicators.technical_indicators:calculate_bias:500 | 计算 30 日乖离率完成
2026-03-27 16:31:31 | INFO     | src.indicators.technical_indicators:calculate_ma:133 | 计算 30 日移动平均线完成
2026-03-27 16:31:31 | INFO     | src.indicators.technical_indicators:calculate_ma:133 | 计算 30 日移动平均线完成
2026-03-27 16:31:31 | INFO     | src.indicators.technical_indicators:calculate_bias:500 | 计算 30 日乖离率完成
2026-03-27 16:31:31 | INFO     | src.indicators.technical_indicators:calculate_ma:133 | 计算 30 日移动平均线完成
2026-03-27 16:31:31 | INFO     | src.indicators.technical_indicators:calculate_ma:133 | 计算 60 日移动平均线完成
2026-03-27 16:31:31 | INFO     | src.indicators.technical_indicators:calculate_ma:133 | 计算 30 日移动平均线完成
2026-03-27 16:31:31 | INFO     | src.indicators.technical_indicators:calculate_ma:133 | 计算 60 日移动平均线完成
2026-03-27 16:31:31 | INFO     | src.indicators.technical_indicators:calculate_ma:133 | 计算 60 日移动平均线完成
2026-03-27 16:31:31 | INFO     | src.indicators.technical_indicators:calculate_bias:500 | 计算 30 日乖离率完成
2026-03-27 16:31:31 | INFO     | src.indicators.technical_indicators:calculate_bias:500 | 计算 30 日乖离率完成
2026-03-27 16:31:31 | INFO     | src.indicators.technical_indicators:calculate_ma:133 | 计算 60 日移动平均线完成
2026-03-27 16:31:31 | INFO     | src.indicators.technical_indicators:calculate_bias:500 | 计算 30 日乖离率完成
2026-03-27 16:31:31 | INFO     | src.indicators.technical_indicators:calculate_bias:500 | 计算 60 日乖离率完成
2026-03-27 16:31:31 | INFO     | src.indicators.technical_indicators:calculate_bias:500 | 计算 30 日乖离率完成
2026-03-27 16:31:31 | INFO     | src.indicators.technical_indicators:calculate_bias:500 | 计算 60 日乖离率完成
2026-03-27 16:31:31 | INFO     | src.indicators.technical_indicators:calculate_bias:500 | 计算 60 日乖离率完成
2026-03-27 16:31:31 | INFO     | src.indicators.technical_indicators:calculate_ma:133 | 计算 60 日移动平均线完成
2026-03-27 16:31:31 | INFO     | src.indicators.technical_indicators:calculate_ma:133 | 计算 60 日移动平均线完成
2026-03-27 16:31:31 | INFO     | src.indicators.technical_indicators:calculate_bias:500 | 计算 60 日乖离率完成
2026-03-27 16:31:31 | INFO     | src.indicators.technical_indicators:calculate_ma:133 | 计算 60 日移动平均线完成
2026-03-27 16:31:31 | INFO     | src.indicators.technical_indicators:calculate_ma:133 | 计算 120 日移动平均线完成
2026-03-27 16:31:31 | INFO     | src.indicators.technical_indicators:calculate_ma:133 | 计算 60 日移动平均线完成
2026-03-27 16:31:31 | INFO     | src.indicators.technical_indicators:calculate_ma:133 | 计算 120 日移动平均线完成
2026-03-27 16:31:31 | INFO     | src.indicators.technical_indicators:calculate_ma:133 | 计算 120 日移动平均线完成
2026-03-27 16:31:31 | INFO     | src.indicators.technical_indicators:calculate_bias:500 | 计算 60 日乖离率完成
2026-03-27 16:31:31 | INFO     | src.indicators.technical_indicators:calculate_bias:500 | 计算 60 日乖离率完成
2026-03-27 16:31:31 | INFO     | src.indicators.technical_indicators:calculate_ma:133 | 计算 120 日移动平均线完成
2026-03-27 16:31:31 | INFO     | src.indicators.technical_indicators:calculate_bias:500 | 计算 60 日乖离率完成
2026-03-27 16:31:31 | INFO     | src.indicators.technical_indicators:calculate_bias:500 | 计算 120 日乖离率完成
2026-03-27 16:31:31 | INFO     | src.indicators.technical_indicators:calculate_bias:500 | 计算 60 日乖离率完成
2026-03-27 16:31:31 | INFO     | src.indicators.technical_indicators:calculate_bias:500 | 计算 120 日乖离率完成
2026-03-27 16:31:31 | INFO     | src.indicators.technical_indicators:calculate_bias:500 | 计算 120 日乖离率完成
2026-03-27 16:31:31 | INFO     | src.indicators.technical_indicators:calculate_ma:133 | 计算 120 日移动平均线完成
2026-03-27 16:31:31 | INFO     | src.indicators.technical_indicators:calculate_ma:133 | 计算 120 日移动平均线完成
2026-03-27 16:31:31 | INFO     | src.indicators.technical_indicators:calculate_bias:500 | 计算 120 日乖离率完成
2026-03-27 16:31:31 | INFO     | src.indicators.technical_indicators:calculate_ma:133 | 计算 120 日移动平均线完成
2026-03-27 16:31:31 | INFO     | src.indicators.technical_indicators:calculate_ma:133 | 计算 250 日移动平均线完成
2026-03-27 16:31:31 | INFO     | src.indicators.technical_indicators:calculate_ma:133 | 计算 120 日移动平均线完成
2026-03-27 16:31:31 | INFO     | src.indicators.technical_indicators:calculate_ma:133 | 计算 250 日移动平均线完成
2026-03-27 16:31:31 | INFO     | src.indicators.technical_indicators:calculate_ma:133 | 计算 250 日移动平均线完成
2026-03-27 16:31:31 | INFO     | src.indicators.technical_indicators:calculate_bias:500 | 计算 120 日乖离率完成
2026-03-27 16:31:31 | INFO     | src.indicators.technical_indicators:calculate_bias:500 | 计算 120 日乖离率完成
2026-03-27 16:31:31 | INFO     | src.indicators.technical_indicators:calculate_ma:133 | 计算 250 日移动平均线完成
2026-03-27 16:31:31 | INFO     | src.indicators.technical_indicators:calculate_bias:500 | 计算 120 日乖离率完成
2026-03-27 16:31:31 | INFO     | src.indicators.technical_indicators:calculate_bias:500 | 计算 250 日乖离率完成
2026-03-27 16:31:31 | INFO     | src.indicators.technical_indicators:calculate_bias:500 | 计算 120 日乖离率完成
2026-03-27 16:31:31 | INFO     | src.indicators.technical_indicators:calculate_bias:500 | 计算 250 日乖离率完成
2026-03-27 16:31:31 | INFO     | src.indicators.technical_indicators:calculate_bias:500 | 计算 250 日乖离率完成
2026-03-27 16:31:31 | INFO     | src.indicators.technical_indicators:calculate_ma:133 | 计算 250 日移动平均线完成
2026-03-27 16:31:31 | INFO     | src.indicators.technical_indicators:calculate_ma:133 | 计算 250 日移动平均线完成
2026-03-27 16:31:31 | INFO     | src.indicators.technical_indicators:calculate_bias:500 | 计算 250 日乖离率完成
2026-03-27 16:31:31 | INFO     | src.indicators.technical_indicators:calculate_ma:133 | 计算 250 日移动平均线完成
2026-03-27 16:31:31 | INFO     | src.indicators.technical_indicators:calculate_psy:523 | 计算 10 日心理线完成
2026-03-27 16:31:31 | INFO     | src.indicators.technical_indicators:calculate_ma:133 | 计算 250 日移动平均线完成
2026-03-27 16:31:31 | INFO     | src.indicators.technical_indicators:calculate_psy:523 | 计算 10 日心理线完成
2026-03-27 16:31:31 | INFO     | src.indicators.technical_indicators:calculate_psy:523 | 计算 10 日心理线完成
2026-03-27 16:31:31 | INFO     | src.indicators.technical_indicators:calculate_bias:500 | 计算 250 日乖离率完成
2026-03-27 16:31:31 | INFO     | src.indicators.technical_indicators:calculate_bias:500 | 计算 250 日乖离率完成
2026-03-27 16:31:31 | INFO     | src.indicators.technical_indicators:calculate_psy:523 | 计算 10 日心理线完成
2026-03-27 16:31:31 | INFO     | src.indicators.technical_indicators:calculate_bias:500 | 计算 250 日乖离率完成
2026-03-27 16:31:31 | WARNING  | src.indicators.technical_indicators:calculate_all:635 | 未知的指标类型: rsv_period
2026-03-27 16:31:31 | INFO     | src.indicators.technical_indicators:calculate_bias:500 | 计算 250 日乖离率完成
2026-03-27 16:31:31 | WARNING  | src.indicators.technical_indicators:calculate_all:635 | 未知的指标类型: rsv_period
2026-03-27 16:31:31 | WARNING  | src.indicators.technical_indicators:calculate_all:635 | 未知的指标类型: rsv_period
2026-03-27 16:31:31 | INFO     | src.indicators.technical_indicators:calculate_psy:523 | 计算 10 日心理线完成
2026-03-27 16:31:31 | INFO     | src.indicators.technical_indicators:calculate_psy:523 | 计算 10 日心理线完成
2026-03-27 16:31:31 | WARNING  | src.indicators.technical_indicators:calculate_all:635 | 未知的指标类型: rsv_period
2026-03-27 16:31:31 | INFO     | src.indicators.technical_indicators:calculate_psy:523 | 计算 10 日心理线完成
2026-03-27 16:31:31 | WARNING  | src.indicators.technical_indicators:calculate_all:635 | 未知的指标类型: volume_period
2026-03-27 16:31:31 | INFO     | src.indicators.technical_indicators:calculate_psy:523 | 计算 10 日心理线完成
2026-03-27 16:31:31 | WARNING  | src.indicators.technical_indicators:calculate_all:635 | 未知的指标类型: volume_period
2026-03-27 16:31:31 | WARNING  | src.indicators.technical_indicators:calculate_all:635 | 未知的指标类型: volume_period
2026-03-27 16:31:31 | WARNING  | src.indicators.technical_indicators:calculate_all:635 | 未知的指标类型: rsv_period
2026-03-27 16:31:31 | WARNING  | src.indicators.technical_indicators:calculate_all:635 | 未知的指标类型: rsv_period
2026-03-27 16:31:31 | WARNING  | src.indicators.technical_indicators:calculate_all:635 | 未知的指标类型: volume_period
2026-03-27 16:31:31 | WARNING  | src.indicators.technical_indicators:calculate_all:635 | 未知的指标类型: rsv_period
2026-03-27 16:31:31 | INFO     | src.indicators.technical_indicators:calculate_all:640 | 完成计算 45 个技术指标
2026-03-27 16:31:31 | WARNING  | src.indicators.technical_indicators:calculate_all:635 | 未知的指标类型: rsv_period
2026-03-27 16:31:31 | INFO     | src.indicators.technical_indicators:calculate_all:640 | 完成计算 45 个技术指标
2026-03-27 16:31:31 | INFO     | src.indicators.technical_indicators:calculate_all:640 | 完成计算 45 个技术指标
2026-03-27 16:31:31 | WARNING  | src.indicators.technical_indicators:calculate_all:635 | 未知的指标类型: volume_period
2026-03-27 16:31:31 | WARNING  | src.indicators.technical_indicators:calculate_all:635 | 未知的指标类型: volume_period
2026-03-27 16:31:31 | INFO     | src.indicators.technical_indicators:calculate_all:640 | 完成计算 45 个技术指标
2026-03-27 16:31:31 | WARNING  | src.indicators.technical_indicators:calculate_all:635 | 未知的指标类型: volume_period
2026-03-27 16:31:31 | WARNING  | src.indicators.technical_indicators:calculate_all:635 | 未知的指标类型: volume_period
2026-03-27 16:31:31 | INFO     | src.indicators.technical_indicators:calculate_all:640 | 完成计算 45 个技术指标
2026-03-27 16:31:31 | INFO     | src.indicators.technical_indicators:calculate_all:640 | 完成计算 45 个技术指标
2026-03-27 16:31:31 | INFO     | src.indicators.technical_indicators:calculate_all:640 | 完成计算 45 个技术指标
2026-03-27 16:31:31 | INFO     | src.indicators.technical_indicators:calculate_all:640 | 完成计算 45 个技术指标
2026-03-27 16:31:31 | INFO     | src.core.data_fetcher:save_data:432 | 保存数据到 csv 文件: 300476_with_indicators
2026-03-27 16:31:31 | INFO     | src.core.data_fetcher:save_data:432 | 保存数据到 csv 文件: 300394_with_indicators
2026-03-27 16:31:31 | INFO     | src.core.data_fetcher:save_data:432 | 保存数据到 csv 文件: 300308_with_indicators
2026-03-27 16:31:32 | INFO     | src.core.data_fetcher:save_data:432 | 保存数据到 csv 文件: 300502_with_indicators
2026-03-27 16:31:32 | INFO     | src.core.data_fetcher:save_data:432 | 保存数据到 csv 文件: 002837_with_indicators
2026-03-27 16:31:32 | INFO     | src.core.data_fetcher:save_data:432 | 保存数据到 csv 文件: 603083_with_indicators
2026-03-27 16:31:32 | INFO     | src.core.data_fetcher:save_data:432 | 保存数据到 csv 文件: 600183_with_indicators
2026-03-27 16:31:32 | INFO     | src.core.data_fetcher:save_data:432 | 保存数据到 csv 文件: 601138_with_indicators
2026-03-27 16:31:32 | INFO     | src.core.data_fetcher:save_data:452 | 数据保存成功: ./data\300476_with_indicators.csv
2026-03-27 16:31:32 | INFO     | src.workflow.base:calculate_signals:224 | 对股票 300476 进行信号判断
2026-03-27 16:31:32 | INFO     | src.core.data_fetcher:save_data:432 | 保存数据到 csv 文件: 300476_signals
2026-03-27 16:31:32 | INFO     | src.core.data_fetcher:save_data:452 | 数据保存成功: ./data\300308_with_indicators.csv
2026-03-27 16:31:32 | INFO     | src.core.data_fetcher:save_data:452 | 数据保存成功: ./data\300476_signals.csv
2026-03-27 16:31:32 | INFO     | src.workflow.base:calculate_signals:224 | 对股票 300308 进行信号判断
2026-03-27 16:31:32 | INFO     | src.workflow.technical:_process_single_stock:45 |   股票 300476 信号判断完成: 持有 (得分: 0.035)
2026-03-27 16:31:32 | INFO     | src.workflow.base:calculate_technical_indicators:188 | 计算股票 688313 的技术指标
2026-03-27 16:31:32 | INFO     | src.core.data_fetcher:save_data:452 | 数据保存成功: ./data\300394_with_indicators.csv
2026-03-27 16:31:32 | INFO     | src.workflow.base:calculate_signals:224 | 对股票 300394 进行信号判断
2026-03-27 16:31:32 | ERROR    | src.utils.concurrency:process_batch:73 | 处理 ('300476',               日期      开盘      最高      最低      收盘       成交量           成交额       换手率       涨跌幅
0     2019-01-02   11.57   11.69   11.08   11.16   5781826  6.506276e+07  0.761975 -4.615384
1     2019-01-03   11.20   11.26   11.03   11.13   2561501  2.861609e+07  0.337575 -0.268815
2     2019-01-04   11.01   11.32   11.01   11.27   6133725  6.845854e+07  0.808351  1.257865
3     2019-01-07   11.29   11.34   11.12   11.30   5713803  6.412159e+07  0.753010  0.266191
4     2019-01-08   11.30   11.52   11.27   11.39   5998627  6.846988e+07  0.790546  0.796462
...          ...     ...     ...     ...     ...       ...           ...       ...       ...
1747  2026-03-20  281.00  286.90  277.76  278.72  33151655  9.353670e+09  3.868400  0.519300
1748  2026-03-23  267.82  269.80  260.47  261.42  33991964  9.020657e+09  3.966500 -6.206900
1749  2026-03-24  263.23  266.50  259.18  266.06  20227910  5.329133e+09  2.360400  1.774900
1750  2026-03-25  270.79  271.74  265.00  266.44  25685830  6.880875e+09  2.997300  0.142800
1751  2026-03-26  265.11  274.00  262.43  268.89  29253126  7.810669e+09  3.413500  0.919500

[1752 rows x 9 columns]) 时出错: unhashable type: 'DataFrame'
2026-03-27 16:31:32 | INFO     | src.core.data_fetcher:save_data:432 | 保存数据到 csv 文件: 300308_signals
2026-03-27 16:31:32 | INFO     | src.indicators.technical_indicators:calculate_ma:133 | 计算 5 日移动平均线完成
2026-03-27 16:31:32 | INFO     | src.core.data_fetcher:save_data:432 | 保存数据到 csv 文件: 300394_signals
2026-03-27 16:31:32 | INFO     | src.indicators.technical_indicators:calculate_ma:133 | 计算 10 日移动平均线完成
2026-03-27 16:31:32 | INFO     | src.core.data_fetcher:save_data:452 | 数据保存成功: ./data\300308_signals.csv
2026-03-27 16:31:32 | INFO     | src.core.data_fetcher:save_data:452 | 数据保存成功: ./data\300394_signals.csv
2026-03-27 16:31:32 | INFO     | src.indicators.technical_indicators:calculate_ma:133 | 计算 20 日移动平均线完成
2026-03-27 16:31:32 | INFO     | src.core.data_fetcher:save_data:452 | 数据保存成功: ./data\603083_with_indicators.csv
2026-03-27 16:31:32 | INFO     | src.workflow.technical:_process_single_stock:45 |   股票 300308 信号判断完成: 持有 (得分: -0.120)
2026-03-27 16:31:32 | INFO     | src.core.data_fetcher:save_data:452 | 数据保存成功: ./data\002837_with_indicators.csv
2026-03-27 16:31:32 | INFO     | src.workflow.technical:_process_single_stock:45 |   股票 300394 信号判断完成: 持有 (得分: -0.011)
2026-03-27 16:31:32 | INFO     | src.workflow.base:calculate_signals:224 | 对股票 603083 进行信号判断
2026-03-27 16:31:32 | INFO     | src.indicators.technical_indicators:calculate_ma:133 | 计算 30 日移动平均线完成
2026-03-27 16:31:32 | INFO     | src.workflow.base:calculate_technical_indicators:188 | 计算股票 600105 的技术指标
2026-03-27 16:31:32 | INFO     | src.workflow.base:calculate_signals:224 | 对股票 002837 进行信号判断
2026-03-27 16:31:32 | INFO     | src.core.data_fetcher:save_data:452 | 数据保存成功: ./data\300502_with_indicators.csv
2026-03-27 16:31:32 | INFO     | src.core.data_fetcher:save_data:452 | 数据保存成功: ./data\600183_with_indicators.csv
2026-03-27 16:31:32 | INFO     | src.core.data_fetcher:save_data:432 | 保存数据到 csv 文件: 603083_signals
2026-03-27 16:31:32 | INFO     | src.core.data_fetcher:save_data:452 | 数据保存成功: ./data\601138_with_indicators.csv
2026-03-27 16:31:32 | INFO     | src.indicators.technical_indicators:calculate_ma:133 | 计算 60 日移动平均线完成
2026-03-27 16:31:32 | INFO     | src.indicators.technical_indicators:calculate_ma:133 | 计算 5 日移动平均线完成
2026-03-27 16:31:32 | INFO     | src.workflow.base:calculate_signals:224 | 对股票 300502 进行信号判断
2026-03-27 16:31:32 | INFO     | src.core.data_fetcher:save_data:432 | 保存数据到 csv 文件: 002837_signals
2026-03-27 16:31:32 | INFO     | src.workflow.base:calculate_signals:224 | 对股票 600183 进行信号判断
2026-03-27 16:31:32 | INFO     | src.workflow.base:calculate_signals:224 | 对股票 601138 进行信号判断
2026-03-27 16:31:32 | INFO     | src.indicators.technical_indicators:calculate_ma:133 | 计算 120 日移动平均线完成
2026-03-27 16:31:32 | INFO     | src.core.data_fetcher:save_data:452 | 数据保存成功: ./data\603083_signals.csv
2026-03-27 16:31:32 | INFO     | src.indicators.technical_indicators:calculate_ma:133 | 计算 10 日移动平均线完成
2026-03-27 16:31:32 | INFO     | src.core.data_fetcher:save_data:432 | 保存数据到 csv 文件: 300502_signals
2026-03-27 16:31:32 | INFO     | src.core.data_fetcher:save_data:432 | 保存数据到 csv 文件: 600183_signals
2026-03-27 16:31:32 | INFO     | src.core.data_fetcher:save_data:452 | 数据保存成功: ./data\002837_signals.csv
2026-03-27 16:31:32 | INFO     | src.core.data_fetcher:save_data:432 | 保存数据到 csv 文件: 601138_signals
2026-03-27 16:31:32 | INFO     | src.indicators.technical_indicators:calculate_ma:133 | 计算 250 日移动平均线完成
2026-03-27 16:31:32 | INFO     | src.workflow.technical:_process_single_stock:45 |   股票 603083 信号判断完成: 持有 (得分: 0.000)
2026-03-27 16:31:32 | INFO     | src.indicators.technical_indicators:calculate_ma:133 | 计算 20 日移动平均线完成
2026-03-27 16:31:32 | INFO     | src.workflow.technical:_process_single_stock:45 |   股票 002837 信号判断完成: 买入 (得分: 0.219)
2026-03-27 16:31:32 | INFO     | src.core.data_fetcher:save_data:452 | 数据保存成功: ./data\600183_signals.csv
2026-03-27 16:31:32 | INFO     | src.core.data_fetcher:save_data:452 | 数据保存成功: ./data\300502_signals.csv
2026-03-27 16:31:32 | INFO     | src.indicators.technical_indicators:calculate_sma:157 | 计算 5 日简单移动平均线完成
2026-03-27 16:31:32 | INFO     | src.core.data_fetcher:save_data:452 | 数据保存成功: ./data\601138_signals.csv
2026-03-27 16:31:32 | INFO     | src.indicators.technical_indicators:calculate_ma:133 | 计算 30 日移动平均线完成
2026-03-27 16:31:32 | INFO     | src.workflow.technical:_process_single_stock:45 |   股票 600183 信号判断完成: 持有 (得分: 0.136)
2026-03-27 16:31:32 | INFO     | src.workflow.technical:_process_single_stock:45 |   股票 300502 信号判断完成: 卖出 (得分: -0.312)
2026-03-27 16:31:32 | INFO     | src.indicators.technical_indicators:calculate_sma:157 | 计算 10 日简单移动平均线完成
2026-03-27 16:31:32 | INFO     | src.workflow.technical:_process_single_stock:45 |   股票 601138 信号判断完成: 持有 (得分: 0.120)
2026-03-27 16:31:32 | INFO     | src.indicators.technical_indicators:calculate_ma:133 | 计算 60 日移动平均线完成
2026-03-27 16:31:32 | INFO     | src.indicators.technical_indicators:calculate_sma:157 | 计算 20 日简单移动平均线完成
2026-03-27 16:31:32 | INFO     | src.indicators.technical_indicators:calculate_ma:133 | 计算 120 日移动平均线完成
2026-03-27 16:31:32 | INFO     | src.indicators.technical_indicators:calculate_sma:157 | 计算 30 日简单移动平均线完成
2026-03-27 16:31:32 | INFO     | src.indicators.technical_indicators:calculate_ma:133 | 计算 250 日移动平均线完成
2026-03-27 16:31:32 | INFO     | src.indicators.technical_indicators:calculate_sma:157 | 计算 5 日简单移动平均线完成
2026-03-27 16:31:32 | INFO     | src.indicators.technical_indicators:calculate_sma:157 | 计算 60 日简单移动平均线完成
2026-03-27 16:31:32 | INFO     | src.indicators.technical_indicators:calculate_sma:157 | 计算 10 日简单移动平均线完成
2026-03-27 16:31:32 | INFO     | src.indicators.technical_indicators:calculate_sma:157 | 计算 120 日简单移动平均线完成
2026-03-27 16:31:32 | INFO     | src.indicators.technical_indicators:calculate_sma:157 | 计算 20 日简单移动平均线完成
2026-03-27 16:31:32 | INFO     | src.indicators.technical_indicators:calculate_sma:157 | 计算 250 日简单移动平均线完成
2026-03-27 16:31:32 | INFO     | src.indicators.technical_indicators:calculate_sma:157 | 计算 30 日简单移动平均线完成
2026-03-27 16:31:32 | INFO     | src.indicators.technical_indicators:calculate_ema:182 | 计算 12 日指数移动平均线完成
2026-03-27 16:31:32 | INFO     | src.indicators.technical_indicators:calculate_sma:157 | 计算 60 日简单移动平均线完成
2026-03-27 16:31:32 | INFO     | src.indicators.technical_indicators:calculate_ema:182 | 计算 26 日指数移动平均线完成
2026-03-27 16:31:32 | INFO     | src.indicators.technical_indicators:calculate_sma:157 | 计算 120 日简单移动平均线完成
2026-03-27 16:31:32 | INFO     | src.indicators.technical_indicators:calculate_rsi:221 | 计算 6 日RSI完成
2026-03-27 16:31:32 | INFO     | src.indicators.technical_indicators:calculate_sma:157 | 计算 250 日简单移动平均线完成
2026-03-27 16:31:32 | INFO     | src.indicators.technical_indicators:calculate_ema:182 | 计算 12 日指数移动平均线完成
2026-03-27 16:31:32 | INFO     | src.indicators.technical_indicators:calculate_rsi:221 | 计算 12 日RSI完成
2026-03-27 16:31:32 | INFO     | src.indicators.technical_indicators:calculate_ema:182 | 计算 26 日指数移动平均线完成
2026-03-27 16:31:32 | INFO     | src.indicators.technical_indicators:calculate_rsi:221 | 计算 6 日RSI完成
2026-03-27 16:31:32 | INFO     | src.indicators.technical_indicators:calculate_rsi:221 | 计算 24 日RSI完成
2026-03-27 16:31:32 | INFO     | src.indicators.technical_indicators:calculate_macd:263 | 计算MACD完成：快线=12, 慢线=26, 信号线=9
2026-03-27 16:31:32 | INFO     | src.indicators.technical_indicators:calculate_rsi:221 | 计算 12 日RSI完成
2026-03-27 16:31:33 | INFO     | src.indicators.technical_indicators:calculate_macd:263 | 计算MACD完成：快线=12, 慢线=26, 信号线=12
2026-03-27 16:31:33 | INFO     | src.indicators.technical_indicators:calculate_rsi:221 | 计算 24 日RSI完成
2026-03-27 16:31:33 | ERROR    | src.notify.channels.base:send:80 | NtfyChannel 发送异常 (尝试 1/3): HTTPSConnectionPool(host='ntfy.sh', port=443): Max retries exceeded with url: /process-notify-001 (Caused by SSLError(SSLEOFError(8, 'EOF occurred in violation of protocol (_ssl.c:997)')))
2026-03-27 16:31:33 | INFO     | src.indicators.technical_indicators:calculate_boll:303 | 计算布林带完成：周期=20, 标准差倍数=2
2026-03-27 16:31:33 | INFO     | src.indicators.technical_indicators:calculate_macd:263 | 计算MACD完成：快线=12, 慢线=26, 信号线=9
2026-03-27 16:31:33 | INFO     | src.indicators.technical_indicators:calculate_kdj:350 | 计算KDJ完成：K周期=9, D周期=3, J周期=3
2026-03-27 16:31:33 | INFO     | src.indicators.technical_indicators:calculate_macd:263 | 计算MACD完成：快线=12, 慢线=26, 信号线=12
2026-03-27 16:31:33 | INFO     | src.indicators.technical_indicators:calculate_kdj:350 | 计算KDJ完成：K周期=10, D周期=3, J周期=3
2026-03-27 16:31:33 | INFO     | src.indicators.technical_indicators:calculate_boll:303 | 计算布林带完成：周期=20, 标准差倍数=2
2026-03-27 16:31:33 | INFO     | src.indicators.technical_indicators:calculate_kdj:350 | 计算KDJ完成：K周期=9, D周期=3, J周期=3
2026-03-27 16:31:33 | INFO     | src.indicators.technical_indicators:calculate_atr:385 | 计算 10 日ATR完成
2026-03-27 16:31:33 | INFO     | src.indicators.technical_indicators:calculate_kdj:350 | 计算KDJ完成：K周期=10, D周期=3, J周期=3
2026-03-27 16:31:33 | INFO     | src.indicators.technical_indicators:calculate_atr:385 | 计算 10 日ATR完成
2026-03-27 16:31:33 | INFO     | src.indicators.technical_indicators:calculate_cci:446 | 计算 20 日CCI完成
2026-03-27 16:31:33 | INFO     | src.indicators.technical_indicators:calculate_williams_r:476 | 计算 10 日威廉指标完成
2026-03-27 16:31:33 | INFO     | src.indicators.technical_indicators:calculate_ma:133 | 计算 5 日移动平均线完成
2026-03-27 16:31:33 | INFO     | src.indicators.technical_indicators:calculate_bias:500 | 计算 5 日乖离率完成
2026-03-27 16:31:33 | INFO     | src.indicators.technical_indicators:calculate_ma:133 | 计算 10 日移动平均线完成
2026-03-27 16:31:33 | INFO     | src.indicators.technical_indicators:calculate_cci:446 | 计算 20 日CCI完成
2026-03-27 16:31:33 | INFO     | src.indicators.technical_indicators:calculate_bias:500 | 计算 10 日乖离率完成
2026-03-27 16:31:33 | INFO     | src.indicators.technical_indicators:calculate_williams_r:476 | 计算 10 日威廉指标完成
2026-03-27 16:31:33 | INFO     | src.indicators.technical_indicators:calculate_ma:133 | 计算 5 日移动平均线完成
2026-03-27 16:31:33 | INFO     | src.indicators.technical_indicators:calculate_ma:133 | 计算 20 日移动平均线完成
2026-03-27 16:31:33 | INFO     | src.indicators.technical_indicators:calculate_bias:500 | 计算 5 日乖离率完成
2026-03-27 16:31:33 | INFO     | src.indicators.technical_indicators:calculate_bias:500 | 计算 20 日乖离率完成
2026-03-27 16:31:33 | INFO     | src.indicators.technical_indicators:calculate_ma:133 | 计算 10 日移动平均线完成
2026-03-27 16:31:33 | INFO     | src.indicators.technical_indicators:calculate_ma:133 | 计算 30 日移动平均线完成
2026-03-27 16:31:33 | INFO     | src.indicators.technical_indicators:calculate_bias:500 | 计算 10 日乖离率完成
2026-03-27 16:31:33 | INFO     | src.indicators.technical_indicators:calculate_bias:500 | 计算 30 日乖离率完成
2026-03-27 16:31:33 | INFO     | src.indicators.technical_indicators:calculate_ma:133 | 计算 20 日移动平均线完成
2026-03-27 16:31:33 | INFO     | src.indicators.technical_indicators:calculate_ma:133 | 计算 60 日移动平均线完成
2026-03-27 16:31:33 | INFO     | src.indicators.technical_indicators:calculate_bias:500 | 计算 20 日乖离率完成
2026-03-27 16:31:33 | INFO     | src.indicators.technical_indicators:calculate_bias:500 | 计算 60 日乖离率完成
2026-03-27 16:31:33 | INFO     | src.indicators.technical_indicators:calculate_ma:133 | 计算 30 日移动平均线完成
2026-03-27 16:31:33 | INFO     | src.indicators.technical_indicators:calculate_bias:500 | 计算 30 日乖离率完成
2026-03-27 16:31:33 | INFO     | src.indicators.technical_indicators:calculate_ma:133 | 计算 120 日移动平均线完成
2026-03-27 16:31:33 | INFO     | src.indicators.technical_indicators:calculate_bias:500 | 计算 120 日乖离率完成
2026-03-27 16:31:33 | INFO     | src.indicators.technical_indicators:calculate_ma:133 | 计算 60 日移动平均线完成
2026-03-27 16:31:33 | INFO     | src.indicators.technical_indicators:calculate_ma:133 | 计算 250 日移动平均线完成
2026-03-27 16:31:33 | INFO     | src.indicators.technical_indicators:calculate_bias:500 | 计算 60 日乖离率完成
2026-03-27 16:31:33 | INFO     | src.indicators.technical_indicators:calculate_bias:500 | 计算 250 日乖离率完成
2026-03-27 16:31:33 | INFO     | src.indicators.technical_indicators:calculate_ma:133 | 计算 120 日移动平均线完成
2026-03-27 16:31:33 | INFO     | src.indicators.technical_indicators:calculate_psy:523 | 计算 10 日心理线完成
2026-03-27 16:31:33 | INFO     | src.indicators.technical_indicators:calculate_bias:500 | 计算 120 日乖离率完成
2026-03-27 16:31:33 | WARNING  | src.indicators.technical_indicators:calculate_all:635 | 未知的指标类型: rsv_period
2026-03-27 16:31:33 | INFO     | src.indicators.technical_indicators:calculate_ma:133 | 计算 250 日移动平均线完成
2026-03-27 16:31:33 | WARNING  | src.indicators.technical_indicators:calculate_all:635 | 未知的指标类型: volume_period
2026-03-27 16:31:33 | INFO     | src.indicators.technical_indicators:calculate_bias:500 | 计算 250 日乖离率完成
2026-03-27 16:31:33 | INFO     | src.indicators.technical_indicators:calculate_all:640 | 完成计算 45 个技术指标
2026-03-27 16:31:33 | INFO     | src.indicators.technical_indicators:calculate_psy:523 | 计算 10 日心理线完成
2026-03-27 16:31:33 | WARNING  | src.indicators.technical_indicators:calculate_all:635 | 未知的指标类型: rsv_period
2026-03-27 16:31:33 | WARNING  | src.indicators.technical_indicators:calculate_all:635 | 未知的指标类型: volume_period
2026-03-27 16:31:33 | INFO     | src.indicators.technical_indicators:calculate_all:640 | 完成计算 45 个技术指标
2026-03-27 16:31:33 | INFO     | src.core.data_fetcher:save_data:432 | 保存数据到 csv 文件: 688313_with_indicators
2026-03-27 16:31:33 | INFO     | src.core.data_fetcher:save_data:432 | 保存数据到 csv 文件: 600105_with_indicators
2026-03-27 16:31:33 | INFO     | src.core.data_fetcher:save_data:452 | 数据保存成功: ./data\688313_with_indicators.csv
2026-03-27 16:31:33 | INFO     | src.workflow.base:calculate_signals:224 | 对股票 688313 进行信号判断
2026-03-27 16:31:33 | INFO     | src.core.data_fetcher:save_data:432 | 保存数据到 csv 文件: 688313_signals
2026-03-27 16:31:33 | INFO     | src.core.data_fetcher:save_data:452 | 数据保存成功: ./data\688313_signals.csv
2026-03-27 16:31:33 | INFO     | src.workflow.technical:_process_single_stock:45 |   股票 688313 信号判断完成: 持有 (得分: 0.031)
2026-03-27 16:31:33 | INFO     | src.core.data_fetcher:save_data:452 | 数据保存成功: ./data\600105_with_indicators.csv
2026-03-27 16:31:33 | INFO     | src.workflow.base:calculate_signals:224 | 对股票 600105 进行信号判断
2026-03-27 16:31:33 | INFO     | src.core.data_fetcher:save_data:432 | 保存数据到 csv 文件: 600105_signals
2026-03-27 16:31:33 | INFO     | src.core.data_fetcher:save_data:452 | 数据保存成功: ./data\600105_signals.csv
2026-03-27 16:31:33 | INFO     | src.workflow.technical:_process_single_stock:45 |   股票 600105 信号判断完成: 持有 (得分: 0.120)
2026-03-27 16:31:34 | ERROR    | src.notify.channels.base:send:80 | NtfyChannel 发送异常 (尝试 2/3): HTTPSConnectionPool(host='ntfy.sh', port=443): Max retries exceeded with url: /process-notify-001 (Caused by SSLError(SSLEOFError(8, 'EOF occurred in violation of protocol (_ssl.c:997)')))
2026-03-27 16:31:35 | ERROR    | src.notify.channels.base:send:80 | NtfyChannel 发送异常 (尝试 3/3): HTTPSConnectionPool(host='ntfy.sh', port=443): Max retries exceeded with url: /process-notify-001 (Caused by SSLError(SSLEOFError(8, 'EOF occurred in violation of protocol (_ssl.c:997)')))
2026-03-27 16:31:35 | INFO     | src.notify.channels.markdown:_do_send:75 | Markdown 文件已保存: ./notify_logs\notify_20260327_163135.md
2026-03-27 16:31:35 | ERROR    | src.workflow.technical:process_fund:196 | 处理基金 018957 时失败: unhashable type: 'DataFrame'
2026-03-27 16:31:35 | INFO     | src.workflow.technical:run_batch:226 | 基金 018957 处理完成
2026-03-27 16:31:35 | INFO     | src.workflow.technical:run_batch:227 | ============================================================

2026-03-27 16:31:35 | INFO     | src.workflow.technical:run_batch:219 | 
============================================================
2026-03-27 16:31:35 | INFO     | src.workflow.technical:run_batch:220 | 开始处理基金: 017193
2026-03-27 16:31:35 | INFO     | src.workflow.technical:process_fund:99 | 开始处理基金 017193 的持仓股票技术指标计算
2026-03-27 16:31:35 | INFO     | src.workflow.base:get_fund_holdings:85 | 获取基金 017193 的持仓数据
2026-03-27 16:31:35 | INFO     | src.core.data_fetcher:inner:294 | 获取基金 017193 持仓
2026-03-27 16:31:35 | INFO     | src.core.akshare_provider:get_fund_portfolio:370 | akshare 获取基金 017193 持仓
2026-03-27 16:31:35 | INFO     | src.core.akshare_provider:get_fund_portfolio:379 | 使用 fund_portfolio_hold_em 成功获取基金 017193 持仓
2026-03-27 16:31:35 | INFO     | src.workflow.base:filter_latest_quarter:101 | 过滤最新季度数据
2026-03-27 16:31:35 | INFO     | src.analysis.quarter_filter:filter_latest_quarter_data:63 | 识别到最新季度: 2025年Q4
2026-03-27 16:31:35 | INFO     | src.analysis.quarter_filter:filter_latest_quarter_data:77 | 过滤结果: 从 70 条记录中筛选出 15 条最新季度数据
2026-03-27 16:31:35 | INFO     | src.workflow.technical:process_fund:116 | 最新季度持仓股票数量: 15
2026-03-27 16:31:35 | INFO     | src.workflow.technical:process_fund:117 | 股票代码列表: ['603993', '600111', '601600', '000807', '600362', '000426', '000933', '000630', '002532', '601168']...
2026-03-27 16:31:35 | INFO     | src.workflow.base:get_stock_data:115 | 批量处理 15 只股票的数据
2026-03-27 16:31:35 | INFO     | src.data.reader:list_files:221 | 在 data\stock_data 中找到 128 个文件
2026-03-27 16:31:35 | INFO     | src.data.reader:list_stock_files:241 | 找到 128 个股票数据文件
2026-03-27 16:31:35 | INFO     | src.data.reader:read_csv:53 | 读取CSV文件: data\stock_data\603993_kline.csv
2026-03-27 16:31:35 | INFO     | src.data.reader:list_files:221 | 在 data\stock_data 中找到 128 个文件
2026-03-27 16:31:35 | INFO     | src.data.reader:list_stock_files:241 | 找到 128 个股票数据文件
2026-03-27 16:31:35 | INFO     | src.data.reader:read_csv:53 | 读取CSV文件: data\stock_data\600111_kline.csv
2026-03-27 16:31:35 | INFO     | src.data.reader:read_csv:57 | 成功读取 1752 行数据
2026-03-27 16:31:35 | INFO     | src.data.reader:read_csv:57 | 成功读取 1752 行数据
2026-03-27 16:31:35 | INFO     | src.data.reader:list_files:221 | 在 data\stock_data 中找到 128 个文件
2026-03-27 16:31:35 | INFO     | src.data.reader:list_stock_files:241 | 找到 128 个股票数据文件
2026-03-27 16:31:35 | INFO     | src.data.reader:read_csv:53 | 读取CSV文件: data\stock_data\601600_kline.csv
2026-03-27 16:31:35 | INFO     | src.data.reader:list_files:221 | 在 data\stock_data 中找到 128 个文件
2026-03-27 16:31:35 | INFO     | src.data.reader:list_stock_files:241 | 找到 128 个股票数据文件
2026-03-27 16:31:35 | INFO     | src.data.reader:list_files:221 | 在 data\stock_data 中找到 128 个文件
2026-03-27 16:31:35 | INFO     | src.data.reader:read_csv:53 | 读取CSV文件: data\stock_data\000807_kline.csv
2026-03-27 16:31:35 | INFO     | src.data.reader:list_files:221 | 在 data\stock_data 中找到 128 个文件
2026-03-27 16:31:35 | INFO     | src.data.reader:list_stock_files:241 | 找到 128 个股票数据文件
2026-03-27 16:31:35 | INFO     | src.data.reader:list_files:221 | 在 data\stock_data 中找到 128 个文件
2026-03-27 16:31:35 | INFO     | src.data.reader:list_stock_files:241 | 找到 128 个股票数据文件
2026-03-27 16:31:35 | INFO     | src.data.reader:list_files:221 | 在 data\stock_data 中找到 128 个文件
2026-03-27 16:31:35 | INFO     | src.data.reader:read_csv:53 | 读取CSV文件: data\stock_data\000426_kline.csv
2026-03-27 16:31:35 | INFO     | src.data.reader:list_stock_files:241 | 找到 128 个股票数据文件
2026-03-27 16:31:35 | INFO     | src.data.reader:read_csv:53 | 读取CSV文件: data\stock_data\600362_kline.csv
2026-03-27 16:31:35 | INFO     | src.data.reader:list_stock_files:241 | 找到 128 个股票数据文件
2026-03-27 16:31:35 | INFO     | src.data.reader:read_csv:53 | 读取CSV文件: data\stock_data\000630_kline.csv
2026-03-27 16:31:35 | INFO     | src.data.reader:read_csv:57 | 成功读取 1752 行数据
2026-03-27 16:31:35 | INFO     | src.data.reader:read_csv:53 | 读取CSV文件: data\stock_data\000933_kline.csv
2026-03-27 16:31:35 | INFO     | src.data.reader:read_csv:57 | 成功读取 1752 行数据
2026-03-27 16:31:35 | INFO     | src.data.reader:read_csv:57 | 成功读取 1752 行数据
2026-03-27 16:31:35 | INFO     | src.data.reader:read_csv:57 | 成功读取 1752 行数据
2026-03-27 16:31:35 | INFO     | src.data.reader:read_csv:57 | 成功读取 1752 行数据
2026-03-27 16:31:35 | INFO     | src.data.reader:read_csv:57 | 成功读取 1752 行数据
2026-03-27 16:31:36 | INFO     | src.data.reader:list_files:221 | 在 data\stock_data 中找到 128 个文件
2026-03-27 16:31:36 | INFO     | src.data.reader:list_stock_files:241 | 找到 128 个股票数据文件
2026-03-27 16:31:36 | INFO     | src.data.reader:read_csv:53 | 读取CSV文件: data\stock_data\002532_kline.csv
2026-03-27 16:31:36 | INFO     | src.data.reader:read_csv:57 | 成功读取 1752 行数据
2026-03-27 16:31:36 | INFO     | src.data.reader:list_files:221 | 在 data\stock_data 中找到 128 个文件
2026-03-27 16:31:36 | INFO     | src.data.reader:list_stock_files:241 | 找到 128 个股票数据文件
2026-03-27 16:31:36 | INFO     | src.data.reader:read_csv:53 | 读取CSV文件: data\stock_data\601168_kline.csv
2026-03-27 16:31:36 | INFO     | src.data.reader:read_csv:57 | 成功读取 1752 行数据
2026-03-27 16:31:36 | INFO     | src.utils.concurrency:process_batch:70 | 获取股票数据: 10/15
2026-03-27 16:31:36 | INFO     | src.data.reader:list_files:221 | 在 data\stock_data 中找到 128 个文件
2026-03-27 16:31:36 | INFO     | src.data.reader:list_stock_files:241 | 找到 128 个股票数据文件
2026-03-27 16:31:36 | INFO     | src.data.reader:read_csv:53 | 读取CSV文件: data\stock_data\688802_kline.csv
2026-03-27 16:31:36 | INFO     | src.data.reader:list_files:221 | 在 data\stock_data 中找到 128 个文件
2026-03-27 16:31:36 | INFO     | src.data.reader:list_stock_files:241 | 找到 128 个股票数据文件
2026-03-27 16:31:36 | INFO     | src.data.reader:list_files:221 | 在 data\stock_data 中找到 128 个文件
2026-03-27 16:31:36 | INFO     | src.data.reader:read_csv:53 | 读取CSV文件: data\stock_data\688795_kline.csv
2026-03-27 16:31:36 | INFO     | src.data.reader:list_files:221 | 在 data\stock_data 中找到 128 个文件
2026-03-27 16:31:36 | INFO     | src.data.reader:list_stock_files:241 | 找到 128 个股票数据文件
2026-03-27 16:31:36 | INFO     | src.data.reader:list_files:221 | 在 data\stock_data 中找到 128 个文件
2026-03-27 16:31:36 | INFO     | src.data.reader:read_csv:57 | 成功读取 64 行数据
2026-03-27 16:31:36 | INFO     | src.data.reader:list_stock_files:241 | 找到 128 个股票数据文件
2026-03-27 16:31:36 | INFO     | src.data.reader:read_csv:53 | 读取CSV文件: data\stock_data\001280_kline.csv
2026-03-27 16:31:36 | INFO     | src.data.reader:list_stock_files:241 | 找到 128 个股票数据文件
2026-03-27 16:31:36 | INFO     | src.data.reader:read_csv:53 | 读取CSV文件: data\stock_data\688759_kline.csv
2026-03-27 16:31:36 | INFO     | src.data.reader:read_csv:53 | 读取CSV文件: data\stock_data\688783_kline.csv
2026-03-27 16:31:36 | INFO     | src.data.reader:read_csv:57 | 成功读取 72 行数据
2026-03-27 16:31:36 | INFO     | src.data.reader:read_csv:57 | 成功读取 74 行数据
2026-03-27 16:31:36 | INFO     | src.data.reader:read_csv:57 | 成功读取 100 行数据
2026-03-27 16:31:36 | INFO     | src.data.reader:read_csv:57 | 成功读取 100 行数据
2026-03-27 16:31:36 | INFO     | src.workflow.base:get_stock_data:171 | 成功获取 15 只股票的数据
2026-03-27 16:31:36 | INFO     | src.workflow.technical:process_fund:133 | 开始计算技术指标和信号判断
2026-03-27 16:31:36 | INFO     | src.workflow.base:calculate_technical_indicators:188 | 计算股票 603993 的技术指标
2026-03-27 16:31:36 | INFO     | src.workflow.base:calculate_technical_indicators:188 | 计算股票 600111 的技术指标
2026-03-27 16:31:36 | INFO     | src.workflow.base:calculate_technical_indicators:188 | 计算股票 601600 的技术指标
2026-03-27 16:31:36 | INFO     | src.indicators.technical_indicators:calculate_ma:133 | 计算 5 日移动平均线完成
2026-03-27 16:31:36 | INFO     | src.indicators.technical_indicators:calculate_ma:133 | 计算 5 日移动平均线完成
2026-03-27 16:31:36 | INFO     | src.workflow.base:calculate_technical_indicators:188 | 计算股票 000807 的技术指标
2026-03-27 16:31:36 | INFO     | src.indicators.technical_indicators:calculate_ma:133 | 计算 5 日移动平均线完成
2026-03-27 16:31:36 | INFO     | src.indicators.technical_indicators:calculate_ma:133 | 计算 10 日移动平均线完成
2026-03-27 16:31:36 | INFO     | src.workflow.base:calculate_technical_indicators:188 | 计算股票 000426 的技术指标
2026-03-27 16:31:36 | INFO     | src.indicators.technical_indicators:calculate_ma:133 | 计算 10 日移动平均线完成
2026-03-27 16:31:36 | INFO     | src.workflow.base:calculate_technical_indicators:188 | 计算股票 600362 的技术指标
2026-03-27 16:31:36 | INFO     | src.workflow.base:calculate_technical_indicators:188 | 计算股票 000630 的技术指标
2026-03-27 16:31:36 | INFO     | src.indicators.technical_indicators:calculate_ma:133 | 计算 5 日移动平均线完成
2026-03-27 16:31:36 | INFO     | src.workflow.base:calculate_technical_indicators:188 | 计算股票 000933 的技术指标
2026-03-27 16:31:36 | INFO     | src.indicators.technical_indicators:calculate_ma:133 | 计算 10 日移动平均线完成
2026-03-27 16:31:36 | INFO     | src.indicators.technical_indicators:calculate_ma:133 | 计算 20 日移动平均线完成
2026-03-27 16:31:36 | INFO     | src.indicators.technical_indicators:calculate_ma:133 | 计算 20 日移动平均线完成
2026-03-27 16:31:36 | INFO     | src.indicators.technical_indicators:calculate_ma:133 | 计算 5 日移动平均线完成
2026-03-27 16:31:36 | INFO     | src.indicators.technical_indicators:calculate_ma:133 | 计算 5 日移动平均线完成
2026-03-27 16:31:36 | INFO     | src.indicators.technical_indicators:calculate_ma:133 | 计算 5 日移动平均线完成
2026-03-27 16:31:36 | INFO     | src.indicators.technical_indicators:calculate_ma:133 | 计算 10 日移动平均线完成
2026-03-27 16:31:36 | INFO     | src.indicators.technical_indicators:calculate_ma:133 | 计算 5 日移动平均线完成
2026-03-27 16:31:36 | INFO     | src.indicators.technical_indicators:calculate_ma:133 | 计算 20 日移动平均线完成
2026-03-27 16:31:36 | INFO     | src.indicators.technical_indicators:calculate_ma:133 | 计算 30 日移动平均线完成
2026-03-27 16:31:36 | INFO     | src.indicators.technical_indicators:calculate_ma:133 | 计算 30 日移动平均线完成
2026-03-27 16:31:36 | INFO     | src.indicators.technical_indicators:calculate_ma:133 | 计算 10 日移动平均线完成
2026-03-27 16:31:36 | INFO     | src.indicators.technical_indicators:calculate_ma:133 | 计算 10 日移动平均线完成
2026-03-27 16:31:36 | INFO     | src.indicators.technical_indicators:calculate_ma:133 | 计算 10 日移动平均线完成
2026-03-27 16:31:36 | INFO     | src.indicators.technical_indicators:calculate_ma:133 | 计算 20 日移动平均线完成
2026-03-27 16:31:36 | INFO     | src.indicators.technical_indicators:calculate_ma:133 | 计算 10 日移动平均线完成
2026-03-27 16:31:36 | INFO     | src.indicators.technical_indicators:calculate_ma:133 | 计算 30 日移动平均线完成
2026-03-27 16:31:36 | INFO     | src.indicators.technical_indicators:calculate_ma:133 | 计算 60 日移动平均线完成
2026-03-27 16:31:36 | INFO     | src.indicators.technical_indicators:calculate_ma:133 | 计算 60 日移动平均线完成
2026-03-27 16:31:36 | INFO     | src.indicators.technical_indicators:calculate_ma:133 | 计算 20 日移动平均线完成
2026-03-27 16:31:36 | INFO     | src.indicators.technical_indicators:calculate_ma:133 | 计算 20 日移动平均线完成
2026-03-27 16:31:36 | INFO     | src.indicators.technical_indicators:calculate_ma:133 | 计算 20 日移动平均线完成
2026-03-27 16:31:36 | INFO     | src.indicators.technical_indicators:calculate_ma:133 | 计算 30 日移动平均线完成
2026-03-27 16:31:36 | INFO     | src.indicators.technical_indicators:calculate_ma:133 | 计算 20 日移动平均线完成
2026-03-27 16:31:36 | INFO     | src.indicators.technical_indicators:calculate_ma:133 | 计算 60 日移动平均线完成
2026-03-27 16:31:36 | INFO     | src.indicators.technical_indicators:calculate_ma:133 | 计算 120 日移动平均线完成
2026-03-27 16:31:36 | INFO     | src.indicators.technical_indicators:calculate_ma:133 | 计算 120 日移动平均线完成
2026-03-27 16:31:36 | INFO     | src.indicators.technical_indicators:calculate_ma:133 | 计算 30 日移动平均线完成
2026-03-27 16:31:36 | INFO     | src.indicators.technical_indicators:calculate_ma:133 | 计算 30 日移动平均线完成
2026-03-27 16:31:36 | INFO     | src.indicators.technical_indicators:calculate_ma:133 | 计算 30 日移动平均线完成
2026-03-27 16:31:36 | INFO     | src.indicators.technical_indicators:calculate_ma:133 | 计算 60 日移动平均线完成
2026-03-27 16:31:36 | INFO     | src.indicators.technical_indicators:calculate_ma:133 | 计算 30 日移动平均线完成
2026-03-27 16:31:36 | INFO     | src.indicators.technical_indicators:calculate_ma:133 | 计算 120 日移动平均线完成
2026-03-27 16:31:36 | INFO     | src.indicators.technical_indicators:calculate_ma:133 | 计算 250 日移动平均线完成
2026-03-27 16:31:36 | INFO     | src.indicators.technical_indicators:calculate_ma:133 | 计算 250 日移动平均线完成
2026-03-27 16:31:36 | INFO     | src.indicators.technical_indicators:calculate_ma:133 | 计算 60 日移动平均线完成
2026-03-27 16:31:36 | INFO     | src.indicators.technical_indicators:calculate_ma:133 | 计算 60 日移动平均线完成
2026-03-27 16:31:36 | INFO     | src.indicators.technical_indicators:calculate_ma:133 | 计算 60 日移动平均线完成
2026-03-27 16:31:36 | INFO     | src.indicators.technical_indicators:calculate_ma:133 | 计算 120 日移动平均线完成
2026-03-27 16:31:36 | INFO     | src.indicators.technical_indicators:calculate_ma:133 | 计算 60 日移动平均线完成
2026-03-27 16:31:36 | INFO     | src.indicators.technical_indicators:calculate_ma:133 | 计算 250 日移动平均线完成
2026-03-27 16:31:36 | INFO     | src.indicators.technical_indicators:calculate_sma:157 | 计算 5 日简单移动平均线完成
2026-03-27 16:31:36 | INFO     | src.indicators.technical_indicators:calculate_sma:157 | 计算 5 日简单移动平均线完成
2026-03-27 16:31:36 | INFO     | src.indicators.technical_indicators:calculate_ma:133 | 计算 120 日移动平均线完成
2026-03-27 16:31:36 | INFO     | src.indicators.technical_indicators:calculate_ma:133 | 计算 120 日移动平均线完成
2026-03-27 16:31:36 | INFO     | src.indicators.technical_indicators:calculate_ma:133 | 计算 120 日移动平均线完成
2026-03-27 16:31:36 | INFO     | src.indicators.technical_indicators:calculate_ma:133 | 计算 250 日移动平均线完成
2026-03-27 16:31:36 | INFO     | src.indicators.technical_indicators:calculate_ma:133 | 计算 120 日移动平均线完成
2026-03-27 16:31:36 | INFO     | src.indicators.technical_indicators:calculate_sma:157 | 计算 5 日简单移动平均线完成
2026-03-27 16:31:36 | INFO     | src.indicators.technical_indicators:calculate_sma:157 | 计算 10 日简单移动平均线完成
2026-03-27 16:31:36 | INFO     | src.indicators.technical_indicators:calculate_sma:157 | 计算 10 日简单移动平均线完成
2026-03-27 16:31:36 | INFO     | src.indicators.technical_indicators:calculate_ma:133 | 计算 250 日移动平均线完成
2026-03-27 16:31:36 | INFO     | src.indicators.technical_indicators:calculate_ma:133 | 计算 250 日移动平均线完成
2026-03-27 16:31:36 | INFO     | src.indicators.technical_indicators:calculate_ma:133 | 计算 250 日移动平均线完成
2026-03-27 16:31:36 | INFO     | src.indicators.technical_indicators:calculate_sma:157 | 计算 5 日简单移动平均线完成
2026-03-27 16:31:36 | INFO     | src.indicators.technical_indicators:calculate_sma:157 | 计算 10 日简单移动平均线完成
2026-03-27 16:31:36 | INFO     | src.indicators.technical_indicators:calculate_ma:133 | 计算 250 日移动平均线完成
2026-03-27 16:31:36 | INFO     | src.indicators.technical_indicators:calculate_sma:157 | 计算 20 日简单移动平均线完成
2026-03-27 16:31:36 | INFO     | src.indicators.technical_indicators:calculate_sma:157 | 计算 20 日简单移动平均线完成
2026-03-27 16:31:36 | INFO     | src.indicators.technical_indicators:calculate_sma:157 | 计算 5 日简单移动平均线完成
2026-03-27 16:31:36 | INFO     | src.indicators.technical_indicators:calculate_sma:157 | 计算 5 日简单移动平均线完成
2026-03-27 16:31:36 | INFO     | src.indicators.technical_indicators:calculate_sma:157 | 计算 5 日简单移动平均线完成
2026-03-27 16:31:36 | INFO     | src.indicators.technical_indicators:calculate_sma:157 | 计算 10 日简单移动平均线完成
2026-03-27 16:31:36 | INFO     | src.indicators.technical_indicators:calculate_sma:157 | 计算 20 日简单移动平均线完成
2026-03-27 16:31:36 | INFO     | src.indicators.technical_indicators:calculate_sma:157 | 计算 5 日简单移动平均线完成
2026-03-27 16:31:36 | INFO     | src.indicators.technical_indicators:calculate_sma:157 | 计算 30 日简单移动平均线完成
2026-03-27 16:31:36 | INFO     | src.indicators.technical_indicators:calculate_sma:157 | 计算 30 日简单移动平均线完成
2026-03-27 16:31:36 | INFO     | src.indicators.technical_indicators:calculate_sma:157 | 计算 10 日简单移动平均线完成
2026-03-27 16:31:36 | INFO     | src.indicators.technical_indicators:calculate_sma:157 | 计算 10 日简单移动平均线完成
2026-03-27 16:31:36 | INFO     | src.indicators.technical_indicators:calculate_sma:157 | 计算 10 日简单移动平均线完成
2026-03-27 16:31:36 | INFO     | src.indicators.technical_indicators:calculate_sma:157 | 计算 20 日简单移动平均线完成
2026-03-27 16:31:36 | INFO     | src.indicators.technical_indicators:calculate_sma:157 | 计算 30 日简单移动平均线完成
2026-03-27 16:31:36 | INFO     | src.indicators.technical_indicators:calculate_sma:157 | 计算 10 日简单移动平均线完成
2026-03-27 16:31:36 | INFO     | src.indicators.technical_indicators:calculate_sma:157 | 计算 60 日简单移动平均线完成
2026-03-27 16:31:36 | INFO     | src.indicators.technical_indicators:calculate_sma:157 | 计算 60 日简单移动平均线完成
2026-03-27 16:31:36 | INFO     | src.indicators.technical_indicators:calculate_sma:157 | 计算 20 日简单移动平均线完成
2026-03-27 16:31:36 | INFO     | src.indicators.technical_indicators:calculate_sma:157 | 计算 20 日简单移动平均线完成
2026-03-27 16:31:36 | INFO     | src.indicators.technical_indicators:calculate_sma:157 | 计算 20 日简单移动平均线完成
2026-03-27 16:31:36 | INFO     | src.indicators.technical_indicators:calculate_sma:157 | 计算 30 日简单移动平均线完成
2026-03-27 16:31:36 | INFO     | src.indicators.technical_indicators:calculate_sma:157 | 计算 60 日简单移动平均线完成
2026-03-27 16:31:36 | INFO     | src.indicators.technical_indicators:calculate_sma:157 | 计算 20 日简单移动平均线完成
2026-03-27 16:31:36 | INFO     | src.indicators.technical_indicators:calculate_sma:157 | 计算 120 日简单移动平均线完成
2026-03-27 16:31:36 | INFO     | src.indicators.technical_indicators:calculate_sma:157 | 计算 120 日简单移动平均线完成
2026-03-27 16:31:36 | INFO     | src.indicators.technical_indicators:calculate_sma:157 | 计算 30 日简单移动平均线完成
2026-03-27 16:31:36 | INFO     | src.indicators.technical_indicators:calculate_sma:157 | 计算 30 日简单移动平均线完成
2026-03-27 16:31:36 | INFO     | src.indicators.technical_indicators:calculate_sma:157 | 计算 30 日简单移动平均线完成
2026-03-27 16:31:36 | INFO     | src.indicators.technical_indicators:calculate_sma:157 | 计算 60 日简单移动平均线完成
2026-03-27 16:31:36 | INFO     | src.indicators.technical_indicators:calculate_sma:157 | 计算 120 日简单移动平均线完成
2026-03-27 16:31:36 | INFO     | src.indicators.technical_indicators:calculate_sma:157 | 计算 30 日简单移动平均线完成
2026-03-27 16:31:36 | INFO     | src.indicators.technical_indicators:calculate_sma:157 | 计算 250 日简单移动平均线完成
2026-03-27 16:31:36 | INFO     | src.indicators.technical_indicators:calculate_sma:157 | 计算 250 日简单移动平均线完成
2026-03-27 16:31:36 | INFO     | src.indicators.technical_indicators:calculate_sma:157 | 计算 60 日简单移动平均线完成
2026-03-27 16:31:36 | INFO     | src.indicators.technical_indicators:calculate_sma:157 | 计算 60 日简单移动平均线完成
2026-03-27 16:31:36 | INFO     | src.indicators.technical_indicators:calculate_sma:157 | 计算 60 日简单移动平均线完成
2026-03-27 16:31:36 | INFO     | src.indicators.technical_indicators:calculate_sma:157 | 计算 120 日简单移动平均线完成
2026-03-27 16:31:36 | INFO     | src.indicators.technical_indicators:calculate_sma:157 | 计算 250 日简单移动平均线完成
2026-03-27 16:31:36 | INFO     | src.indicators.technical_indicators:calculate_sma:157 | 计算 60 日简单移动平均线完成
2026-03-27 16:31:36 | INFO     | src.indicators.technical_indicators:calculate_ema:182 | 计算 12 日指数移动平均线完成
2026-03-27 16:31:36 | INFO     | src.indicators.technical_indicators:calculate_ema:182 | 计算 12 日指数移动平均线完成
2026-03-27 16:31:36 | INFO     | src.indicators.technical_indicators:calculate_sma:157 | 计算 120 日简单移动平均线完成
2026-03-27 16:31:36 | INFO     | src.indicators.technical_indicators:calculate_sma:157 | 计算 120 日简单移动平均线完成
2026-03-27 16:31:36 | INFO     | src.indicators.technical_indicators:calculate_sma:157 | 计算 120 日简单移动平均线完成
2026-03-27 16:31:36 | INFO     | src.indicators.technical_indicators:calculate_sma:157 | 计算 250 日简单移动平均线完成
2026-03-27 16:31:36 | INFO     | src.indicators.technical_indicators:calculate_ema:182 | 计算 12 日指数移动平均线完成
2026-03-27 16:31:36 | INFO     | src.indicators.technical_indicators:calculate_sma:157 | 计算 120 日简单移动平均线完成
2026-03-27 16:31:36 | INFO     | src.indicators.technical_indicators:calculate_ema:182 | 计算 26 日指数移动平均线完成
2026-03-27 16:31:36 | INFO     | src.indicators.technical_indicators:calculate_ema:182 | 计算 26 日指数移动平均线完成
2026-03-27 16:31:36 | INFO     | src.indicators.technical_indicators:calculate_sma:157 | 计算 250 日简单移动平均线完成
2026-03-27 16:31:36 | INFO     | src.indicators.technical_indicators:calculate_sma:157 | 计算 250 日简单移动平均线完成
2026-03-27 16:31:36 | INFO     | src.indicators.technical_indicators:calculate_sma:157 | 计算 250 日简单移动平均线完成
2026-03-27 16:31:36 | INFO     | src.indicators.technical_indicators:calculate_ema:182 | 计算 12 日指数移动平均线完成
2026-03-27 16:31:36 | INFO     | src.indicators.technical_indicators:calculate_ema:182 | 计算 26 日指数移动平均线完成
2026-03-27 16:31:36 | INFO     | src.indicators.technical_indicators:calculate_sma:157 | 计算 250 日简单移动平均线完成
2026-03-27 16:31:36 | INFO     | src.indicators.technical_indicators:calculate_rsi:221 | 计算 6 日RSI完成
2026-03-27 16:31:36 | INFO     | src.indicators.technical_indicators:calculate_ema:182 | 计算 12 日指数移动平均线完成
2026-03-27 16:31:36 | INFO     | src.indicators.technical_indicators:calculate_rsi:221 | 计算 6 日RSI完成
2026-03-27 16:31:36 | INFO     | src.indicators.technical_indicators:calculate_ema:182 | 计算 12 日指数移动平均线完成
2026-03-27 16:31:36 | INFO     | src.indicators.technical_indicators:calculate_ema:182 | 计算 12 日指数移动平均线完成
2026-03-27 16:31:36 | INFO     | src.indicators.technical_indicators:calculate_ema:182 | 计算 26 日指数移动平均线完成
2026-03-27 16:31:36 | INFO     | src.indicators.technical_indicators:calculate_ema:182 | 计算 12 日指数移动平均线完成
2026-03-27 16:31:36 | INFO     | src.indicators.technical_indicators:calculate_rsi:221 | 计算 6 日RSI完成
2026-03-27 16:31:36 | INFO     | src.indicators.technical_indicators:calculate_ema:182 | 计算 26 日指数移动平均线完成
2026-03-27 16:31:36 | INFO     | src.indicators.technical_indicators:calculate_ema:182 | 计算 26 日指数移动平均线完成
2026-03-27 16:31:36 | INFO     | src.indicators.technical_indicators:calculate_rsi:221 | 计算 12 日RSI完成
2026-03-27 16:31:36 | INFO     | src.indicators.technical_indicators:calculate_rsi:221 | 计算 12 日RSI完成
2026-03-27 16:31:36 | INFO     | src.indicators.technical_indicators:calculate_ema:182 | 计算 26 日指数移动平均线完成
2026-03-27 16:31:36 | INFO     | src.indicators.technical_indicators:calculate_rsi:221 | 计算 6 日RSI完成
2026-03-27 16:31:36 | INFO     | src.indicators.technical_indicators:calculate_ema:182 | 计算 26 日指数移动平均线完成
2026-03-27 16:31:36 | INFO     | src.indicators.technical_indicators:calculate_rsi:221 | 计算 12 日RSI完成
2026-03-27 16:31:36 | INFO     | src.indicators.technical_indicators:calculate_rsi:221 | 计算 6 日RSI完成
2026-03-27 16:31:36 | INFO     | src.indicators.technical_indicators:calculate_rsi:221 | 计算 6 日RSI完成
2026-03-27 16:31:36 | INFO     | src.indicators.technical_indicators:calculate_rsi:221 | 计算 24 日RSI完成
2026-03-27 16:31:36 | INFO     | src.indicators.technical_indicators:calculate_rsi:221 | 计算 24 日RSI完成
2026-03-27 16:31:36 | INFO     | src.indicators.technical_indicators:calculate_rsi:221 | 计算 6 日RSI完成
2026-03-27 16:31:36 | INFO     | src.indicators.technical_indicators:calculate_rsi:221 | 计算 12 日RSI完成
2026-03-27 16:31:36 | INFO     | src.indicators.technical_indicators:calculate_rsi:221 | 计算 6 日RSI完成
2026-03-27 16:31:36 | INFO     | src.indicators.technical_indicators:calculate_rsi:221 | 计算 24 日RSI完成
2026-03-27 16:31:36 | INFO     | src.indicators.technical_indicators:calculate_rsi:221 | 计算 12 日RSI完成
2026-03-27 16:31:36 | INFO     | src.indicators.technical_indicators:calculate_rsi:221 | 计算 12 日RSI完成
2026-03-27 16:31:36 | INFO     | src.indicators.technical_indicators:calculate_macd:263 | 计算MACD完成：快线=12, 慢线=26, 信号线=9
2026-03-27 16:31:36 | INFO     | src.indicators.technical_indicators:calculate_macd:263 | 计算MACD完成：快线=12, 慢线=26, 信号线=9
2026-03-27 16:31:36 | INFO     | src.indicators.technical_indicators:calculate_rsi:221 | 计算 12 日RSI完成
2026-03-27 16:31:36 | INFO     | src.indicators.technical_indicators:calculate_rsi:221 | 计算 12 日RSI完成
2026-03-27 16:31:36 | INFO     | src.indicators.technical_indicators:calculate_macd:263 | 计算MACD完成：快线=12, 慢线=26, 信号线=9
2026-03-27 16:31:36 | INFO     | src.indicators.technical_indicators:calculate_rsi:221 | 计算 24 日RSI完成
2026-03-27 16:31:36 | INFO     | src.indicators.technical_indicators:calculate_rsi:221 | 计算 24 日RSI完成
2026-03-27 16:31:36 | INFO     | src.indicators.technical_indicators:calculate_rsi:221 | 计算 24 日RSI完成
2026-03-27 16:31:36 | INFO     | src.indicators.technical_indicators:calculate_macd:263 | 计算MACD完成：快线=12, 慢线=26, 信号线=12
2026-03-27 16:31:36 | INFO     | src.indicators.technical_indicators:calculate_macd:263 | 计算MACD完成：快线=12, 慢线=26, 信号线=12
2026-03-27 16:31:36 | INFO     | src.indicators.technical_indicators:calculate_rsi:221 | 计算 24 日RSI完成
2026-03-27 16:31:36 | INFO     | src.indicators.technical_indicators:calculate_rsi:221 | 计算 24 日RSI完成
2026-03-27 16:31:36 | INFO     | src.indicators.technical_indicators:calculate_macd:263 | 计算MACD完成：快线=12, 慢线=26, 信号线=12
2026-03-27 16:31:36 | INFO     | src.indicators.technical_indicators:calculate_macd:263 | 计算MACD完成：快线=12, 慢线=26, 信号线=9
2026-03-27 16:31:36 | INFO     | src.indicators.technical_indicators:calculate_macd:263 | 计算MACD完成：快线=12, 慢线=26, 信号线=9
2026-03-27 16:31:36 | INFO     | src.indicators.technical_indicators:calculate_macd:263 | 计算MACD完成：快线=12, 慢线=26, 信号线=9
2026-03-27 16:31:36 | INFO     | src.indicators.technical_indicators:calculate_boll:303 | 计算布林带完成：周期=20, 标准差倍数=2
2026-03-27 16:31:36 | INFO     | src.indicators.technical_indicators:calculate_boll:303 | 计算布林带完成：周期=20, 标准差倍数=2
2026-03-27 16:31:36 | INFO     | src.indicators.technical_indicators:calculate_macd:263 | 计算MACD完成：快线=12, 慢线=26, 信号线=9
2026-03-27 16:31:36 | INFO     | src.indicators.technical_indicators:calculate_macd:263 | 计算MACD完成：快线=12, 慢线=26, 信号线=9
2026-03-27 16:31:36 | INFO     | src.indicators.technical_indicators:calculate_boll:303 | 计算布林带完成：周期=20, 标准差倍数=2
2026-03-27 16:31:36 | INFO     | src.indicators.technical_indicators:calculate_macd:263 | 计算MACD完成：快线=12, 慢线=26, 信号线=12
2026-03-27 16:31:36 | INFO     | src.indicators.technical_indicators:calculate_macd:263 | 计算MACD完成：快线=12, 慢线=26, 信号线=12
2026-03-27 16:31:36 | INFO     | src.indicators.technical_indicators:calculate_macd:263 | 计算MACD完成：快线=12, 慢线=26, 信号线=12
2026-03-27 16:31:36 | INFO     | src.indicators.technical_indicators:calculate_kdj:350 | 计算KDJ完成：K周期=9, D周期=3, J周期=3
2026-03-27 16:31:36 | INFO     | src.indicators.technical_indicators:calculate_macd:263 | 计算MACD完成：快线=12, 慢线=26, 信号线=12
2026-03-27 16:31:36 | INFO     | src.indicators.technical_indicators:calculate_kdj:350 | 计算KDJ完成：K周期=9, D周期=3, J周期=3
2026-03-27 16:31:36 | INFO     | src.indicators.technical_indicators:calculate_macd:263 | 计算MACD完成：快线=12, 慢线=26, 信号线=12
2026-03-27 16:31:36 | INFO     | src.indicators.technical_indicators:calculate_kdj:350 | 计算KDJ完成：K周期=9, D周期=3, J周期=3
2026-03-27 16:31:36 | INFO     | src.indicators.technical_indicators:calculate_boll:303 | 计算布林带完成：周期=20, 标准差倍数=2
2026-03-27 16:31:36 | INFO     | src.indicators.technical_indicators:calculate_boll:303 | 计算布林带完成：周期=20, 标准差倍数=2
2026-03-27 16:31:36 | INFO     | src.indicators.technical_indicators:calculate_boll:303 | 计算布林带完成：周期=20, 标准差倍数=2
2026-03-27 16:31:36 | INFO     | src.indicators.technical_indicators:calculate_boll:303 | 计算布林带完成：周期=20, 标准差倍数=2
2026-03-27 16:31:36 | INFO     | src.indicators.technical_indicators:calculate_kdj:350 | 计算KDJ完成：K周期=10, D周期=3, J周期=3
2026-03-27 16:31:36 | INFO     | src.indicators.technical_indicators:calculate_kdj:350 | 计算KDJ完成：K周期=10, D周期=3, J周期=3
2026-03-27 16:31:36 | INFO     | src.indicators.technical_indicators:calculate_boll:303 | 计算布林带完成：周期=20, 标准差倍数=2
2026-03-27 16:31:36 | INFO     | src.indicators.technical_indicators:calculate_kdj:350 | 计算KDJ完成：K周期=9, D周期=3, J周期=3
2026-03-27 16:31:36 | INFO     | src.indicators.technical_indicators:calculate_kdj:350 | 计算KDJ完成：K周期=10, D周期=3, J周期=3
2026-03-27 16:31:36 | INFO     | src.indicators.technical_indicators:calculate_kdj:350 | 计算KDJ完成：K周期=9, D周期=3, J周期=3
2026-03-27 16:31:36 | INFO     | src.indicators.technical_indicators:calculate_kdj:350 | 计算KDJ完成：K周期=9, D周期=3, J周期=3
2026-03-27 16:31:36 | INFO     | src.indicators.technical_indicators:calculate_kdj:350 | 计算KDJ完成：K周期=9, D周期=3, J周期=3
2026-03-27 16:31:36 | INFO     | src.indicators.technical_indicators:calculate_atr:385 | 计算 10 日ATR完成
2026-03-27 16:31:36 | INFO     | src.indicators.technical_indicators:calculate_atr:385 | 计算 10 日ATR完成
2026-03-27 16:31:36 | INFO     | src.indicators.technical_indicators:calculate_kdj:350 | 计算KDJ完成：K周期=10, D周期=3, J周期=3
2026-03-27 16:31:36 | INFO     | src.indicators.technical_indicators:calculate_kdj:350 | 计算KDJ完成：K周期=9, D周期=3, J周期=3
2026-03-27 16:31:36 | INFO     | src.indicators.technical_indicators:calculate_atr:385 | 计算 10 日ATR完成
2026-03-27 16:31:36 | INFO     | src.indicators.technical_indicators:calculate_kdj:350 | 计算KDJ完成：K周期=10, D周期=3, J周期=3
2026-03-27 16:31:36 | INFO     | src.indicators.technical_indicators:calculate_kdj:350 | 计算KDJ完成：K周期=10, D周期=3, J周期=3
2026-03-27 16:31:36 | INFO     | src.indicators.technical_indicators:calculate_kdj:350 | 计算KDJ完成：K周期=10, D周期=3, J周期=3
2026-03-27 16:31:36 | INFO     | src.indicators.technical_indicators:calculate_atr:385 | 计算 10 日ATR完成
2026-03-27 16:31:37 | INFO     | src.indicators.technical_indicators:calculate_kdj:350 | 计算KDJ完成：K周期=10, D周期=3, J周期=3
2026-03-27 16:31:37 | INFO     | src.indicators.technical_indicators:calculate_cci:446 | 计算 20 日CCI完成
2026-03-27 16:31:37 | INFO     | src.indicators.technical_indicators:calculate_cci:446 | 计算 20 日CCI完成
2026-03-27 16:31:37 | INFO     | src.indicators.technical_indicators:calculate_atr:385 | 计算 10 日ATR完成
2026-03-27 16:31:37 | INFO     | src.indicators.technical_indicators:calculate_atr:385 | 计算 10 日ATR完成
2026-03-27 16:31:37 | INFO     | src.indicators.technical_indicators:calculate_atr:385 | 计算 10 日ATR完成
2026-03-27 16:31:37 | INFO     | src.indicators.technical_indicators:calculate_cci:446 | 计算 20 日CCI完成
2026-03-27 16:31:37 | INFO     | src.indicators.technical_indicators:calculate_atr:385 | 计算 10 日ATR完成
2026-03-27 16:31:37 | INFO     | src.indicators.technical_indicators:calculate_williams_r:476 | 计算 10 日威廉指标完成
2026-03-27 16:31:37 | INFO     | src.indicators.technical_indicators:calculate_williams_r:476 | 计算 10 日威廉指标完成
2026-03-27 16:31:38 | INFO     | src.indicators.technical_indicators:calculate_cci:446 | 计算 20 日CCI完成
2026-03-27 16:31:38 | INFO     | src.indicators.technical_indicators:calculate_williams_r:476 | 计算 10 日威廉指标完成
2026-03-27 16:31:38 | INFO     | src.indicators.technical_indicators:calculate_cci:446 | 计算 20 日CCI完成
2026-03-27 16:31:38 | INFO     | src.indicators.technical_indicators:calculate_ma:133 | 计算 5 日移动平均线完成
2026-03-27 16:31:39 | INFO     | src.indicators.technical_indicators:calculate_cci:446 | 计算 20 日CCI完成
2026-03-27 16:31:39 | INFO     | src.indicators.technical_indicators:calculate_ma:133 | 计算 5 日移动平均线完成
2026-03-27 16:31:39 | INFO     | src.indicators.technical_indicators:calculate_cci:446 | 计算 20 日CCI完成
2026-03-27 16:31:39 | INFO     | src.indicators.technical_indicators:calculate_williams_r:476 | 计算 10 日威廉指标完成
2026-03-27 16:31:39 | INFO     | src.indicators.technical_indicators:calculate_cci:446 | 计算 20 日CCI完成
2026-03-27 16:31:39 | INFO     | src.indicators.technical_indicators:calculate_ma:133 | 计算 5 日移动平均线完成
2026-03-27 16:31:39 | INFO     | src.indicators.technical_indicators:calculate_bias:500 | 计算 5 日乖离率完成
2026-03-27 16:31:39 | INFO     | src.indicators.technical_indicators:calculate_williams_r:476 | 计算 10 日威廉指标完成
2026-03-27 16:31:39 | INFO     | src.indicators.technical_indicators:calculate_bias:500 | 计算 5 日乖离率完成
2026-03-27 16:31:39 | INFO     | src.indicators.technical_indicators:calculate_williams_r:476 | 计算 10 日威廉指标完成
2026-03-27 16:31:39 | INFO     | src.indicators.technical_indicators:calculate_williams_r:476 | 计算 10 日威廉指标完成
2026-03-27 16:31:39 | INFO     | src.indicators.technical_indicators:calculate_ma:133 | 计算 5 日移动平均线完成
2026-03-27 16:31:39 | INFO     | src.indicators.technical_indicators:calculate_bias:500 | 计算 5 日乖离率完成
2026-03-27 16:31:39 | INFO     | src.indicators.technical_indicators:calculate_williams_r:476 | 计算 10 日威廉指标完成
2026-03-27 16:31:39 | INFO     | src.indicators.technical_indicators:calculate_ma:133 | 计算 10 日移动平均线完成
2026-03-27 16:31:39 | INFO     | src.indicators.technical_indicators:calculate_ma:133 | 计算 5 日移动平均线完成
2026-03-27 16:31:39 | INFO     | src.indicators.technical_indicators:calculate_ma:133 | 计算 10 日移动平均线完成
2026-03-27 16:31:39 | INFO     | src.indicators.technical_indicators:calculate_ma:133 | 计算 5 日移动平均线完成
2026-03-27 16:31:39 | INFO     | src.indicators.technical_indicators:calculate_ma:133 | 计算 5 日移动平均线完成
2026-03-27 16:31:39 | INFO     | src.indicators.technical_indicators:calculate_bias:500 | 计算 5 日乖离率完成
2026-03-27 16:31:39 | INFO     | src.indicators.technical_indicators:calculate_ma:133 | 计算 10 日移动平均线完成
2026-03-27 16:31:39 | INFO     | src.indicators.technical_indicators:calculate_ma:133 | 计算 5 日移动平均线完成
2026-03-27 16:31:39 | INFO     | src.indicators.technical_indicators:calculate_bias:500 | 计算 10 日乖离率完成
2026-03-27 16:31:39 | INFO     | src.indicators.technical_indicators:calculate_bias:500 | 计算 5 日乖离率完成
2026-03-27 16:31:39 | INFO     | src.indicators.technical_indicators:calculate_bias:500 | 计算 10 日乖离率完成
2026-03-27 16:31:39 | INFO     | src.indicators.technical_indicators:calculate_bias:500 | 计算 5 日乖离率完成
2026-03-27 16:31:39 | INFO     | src.indicators.technical_indicators:calculate_bias:500 | 计算 5 日乖离率完成
2026-03-27 16:31:39 | INFO     | src.indicators.technical_indicators:calculate_ma:133 | 计算 10 日移动平均线完成
2026-03-27 16:31:39 | INFO     | src.indicators.technical_indicators:calculate_bias:500 | 计算 10 日乖离率完成
2026-03-27 16:31:39 | INFO     | src.indicators.technical_indicators:calculate_bias:500 | 计算 5 日乖离率完成
2026-03-27 16:31:39 | INFO     | src.indicators.technical_indicators:calculate_ma:133 | 计算 20 日移动平均线完成
2026-03-27 16:31:39 | INFO     | src.indicators.technical_indicators:calculate_ma:133 | 计算 10 日移动平均线完成
2026-03-27 16:31:39 | INFO     | src.indicators.technical_indicators:calculate_ma:133 | 计算 20 日移动平均线完成
2026-03-27 16:31:39 | INFO     | src.indicators.technical_indicators:calculate_ma:133 | 计算 10 日移动平均线完成
2026-03-27 16:31:39 | INFO     | src.indicators.technical_indicators:calculate_bias:500 | 计算 10 日乖离率完成
2026-03-27 16:31:39 | INFO     | src.indicators.technical_indicators:calculate_ma:133 | 计算 10 日移动平均线完成
2026-03-27 16:31:39 | INFO     | src.indicators.technical_indicators:calculate_ma:133 | 计算 20 日移动平均线完成
2026-03-27 16:31:39 | INFO     | src.indicators.technical_indicators:calculate_ma:133 | 计算 10 日移动平均线完成
2026-03-27 16:31:39 | INFO     | src.indicators.technical_indicators:calculate_bias:500 | 计算 20 日乖离率完成
2026-03-27 16:31:39 | INFO     | src.indicators.technical_indicators:calculate_bias:500 | 计算 10 日乖离率完成
2026-03-27 16:31:39 | INFO     | src.indicators.technical_indicators:calculate_bias:500 | 计算 20 日乖离率完成
2026-03-27 16:31:39 | INFO     | src.indicators.technical_indicators:calculate_bias:500 | 计算 10 日乖离率完成
2026-03-27 16:31:39 | INFO     | src.indicators.technical_indicators:calculate_ma:133 | 计算 20 日移动平均线完成
2026-03-27 16:31:39 | INFO     | src.indicators.technical_indicators:calculate_bias:500 | 计算 10 日乖离率完成
2026-03-27 16:31:39 | INFO     | src.indicators.technical_indicators:calculate_bias:500 | 计算 20 日乖离率完成
2026-03-27 16:31:39 | INFO     | src.indicators.technical_indicators:calculate_bias:500 | 计算 10 日乖离率完成
2026-03-27 16:31:39 | INFO     | src.indicators.technical_indicators:calculate_ma:133 | 计算 30 日移动平均线完成
2026-03-27 16:31:39 | INFO     | src.indicators.technical_indicators:calculate_ma:133 | 计算 20 日移动平均线完成
2026-03-27 16:31:39 | INFO     | src.indicators.technical_indicators:calculate_ma:133 | 计算 30 日移动平均线完成
2026-03-27 16:31:39 | INFO     | src.indicators.technical_indicators:calculate_ma:133 | 计算 20 日移动平均线完成
2026-03-27 16:31:39 | INFO     | src.indicators.technical_indicators:calculate_bias:500 | 计算 20 日乖离率完成
2026-03-27 16:31:39 | INFO     | src.indicators.technical_indicators:calculate_ma:133 | 计算 20 日移动平均线完成
2026-03-27 16:31:39 | INFO     | src.indicators.technical_indicators:calculate_ma:133 | 计算 30 日移动平均线完成
2026-03-27 16:31:39 | INFO     | src.indicators.technical_indicators:calculate_ma:133 | 计算 20 日移动平均线完成
2026-03-27 16:31:39 | INFO     | src.indicators.technical_indicators:calculate_bias:500 | 计算 30 日乖离率完成
2026-03-27 16:31:39 | INFO     | src.indicators.technical_indicators:calculate_bias:500 | 计算 20 日乖离率完成
2026-03-27 16:31:39 | INFO     | src.indicators.technical_indicators:calculate_bias:500 | 计算 30 日乖离率完成
2026-03-27 16:31:39 | INFO     | src.indicators.technical_indicators:calculate_bias:500 | 计算 20 日乖离率完成
2026-03-27 16:31:39 | INFO     | src.indicators.technical_indicators:calculate_ma:133 | 计算 30 日移动平均线完成
2026-03-27 16:31:39 | INFO     | src.indicators.technical_indicators:calculate_bias:500 | 计算 20 日乖离率完成
2026-03-27 16:31:39 | INFO     | src.indicators.technical_indicators:calculate_bias:500 | 计算 30 日乖离率完成
2026-03-27 16:31:39 | INFO     | src.indicators.technical_indicators:calculate_bias:500 | 计算 20 日乖离率完成
2026-03-27 16:31:39 | INFO     | src.indicators.technical_indicators:calculate_ma:133 | 计算 60 日移动平均线完成
2026-03-27 16:31:39 | INFO     | src.indicators.technical_indicators:calculate_ma:133 | 计算 30 日移动平均线完成
2026-03-27 16:31:39 | INFO     | src.indicators.technical_indicators:calculate_ma:133 | 计算 60 日移动平均线完成
2026-03-27 16:31:39 | INFO     | src.indicators.technical_indicators:calculate_ma:133 | 计算 30 日移动平均线完成
2026-03-27 16:31:39 | INFO     | src.indicators.technical_indicators:calculate_bias:500 | 计算 30 日乖离率完成
2026-03-27 16:31:39 | INFO     | src.indicators.technical_indicators:calculate_ma:133 | 计算 30 日移动平均线完成
2026-03-27 16:31:39 | INFO     | src.indicators.technical_indicators:calculate_ma:133 | 计算 60 日移动平均线完成
2026-03-27 16:31:39 | INFO     | src.indicators.technical_indicators:calculate_ma:133 | 计算 30 日移动平均线完成
2026-03-27 16:31:39 | INFO     | src.indicators.technical_indicators:calculate_bias:500 | 计算 60 日乖离率完成
2026-03-27 16:31:39 | INFO     | src.indicators.technical_indicators:calculate_bias:500 | 计算 30 日乖离率完成
2026-03-27 16:31:39 | INFO     | src.indicators.technical_indicators:calculate_bias:500 | 计算 60 日乖离率完成
2026-03-27 16:31:39 | INFO     | src.indicators.technical_indicators:calculate_bias:500 | 计算 30 日乖离率完成
2026-03-27 16:31:39 | INFO     | src.indicators.technical_indicators:calculate_ma:133 | 计算 60 日移动平均线完成
2026-03-27 16:31:39 | INFO     | src.indicators.technical_indicators:calculate_bias:500 | 计算 30 日乖离率完成
2026-03-27 16:31:39 | INFO     | src.indicators.technical_indicators:calculate_bias:500 | 计算 60 日乖离率完成
2026-03-27 16:31:39 | INFO     | src.indicators.technical_indicators:calculate_bias:500 | 计算 30 日乖离率完成
2026-03-27 16:31:39 | INFO     | src.indicators.technical_indicators:calculate_ma:133 | 计算 120 日移动平均线完成
2026-03-27 16:31:39 | INFO     | src.indicators.technical_indicators:calculate_ma:133 | 计算 60 日移动平均线完成
2026-03-27 16:31:39 | INFO     | src.indicators.technical_indicators:calculate_ma:133 | 计算 120 日移动平均线完成
2026-03-27 16:31:39 | INFO     | src.indicators.technical_indicators:calculate_ma:133 | 计算 60 日移动平均线完成
2026-03-27 16:31:39 | INFO     | src.indicators.technical_indicators:calculate_bias:500 | 计算 60 日乖离率完成
2026-03-27 16:31:39 | INFO     | src.indicators.technical_indicators:calculate_ma:133 | 计算 60 日移动平均线完成
2026-03-27 16:31:39 | INFO     | src.indicators.technical_indicators:calculate_ma:133 | 计算 120 日移动平均线完成
2026-03-27 16:31:39 | INFO     | src.indicators.technical_indicators:calculate_ma:133 | 计算 60 日移动平均线完成
2026-03-27 16:31:39 | INFO     | src.indicators.technical_indicators:calculate_bias:500 | 计算 120 日乖离率完成
2026-03-27 16:31:39 | INFO     | src.indicators.technical_indicators:calculate_bias:500 | 计算 60 日乖离率完成
2026-03-27 16:31:39 | INFO     | src.indicators.technical_indicators:calculate_bias:500 | 计算 120 日乖离率完成
2026-03-27 16:31:39 | INFO     | src.indicators.technical_indicators:calculate_bias:500 | 计算 60 日乖离率完成
2026-03-27 16:31:39 | INFO     | src.indicators.technical_indicators:calculate_ma:133 | 计算 120 日移动平均线完成
2026-03-27 16:31:39 | INFO     | src.indicators.technical_indicators:calculate_bias:500 | 计算 60 日乖离率完成
2026-03-27 16:31:39 | INFO     | src.indicators.technical_indicators:calculate_bias:500 | 计算 120 日乖离率完成
2026-03-27 16:31:39 | INFO     | src.indicators.technical_indicators:calculate_bias:500 | 计算 60 日乖离率完成
2026-03-27 16:31:39 | INFO     | src.indicators.technical_indicators:calculate_ma:133 | 计算 120 日移动平均线完成
2026-03-27 16:31:39 | INFO     | src.indicators.technical_indicators:calculate_ma:133 | 计算 250 日移动平均线完成
2026-03-27 16:31:39 | INFO     | src.indicators.technical_indicators:calculate_ma:133 | 计算 250 日移动平均线完成
2026-03-27 16:31:39 | INFO     | src.indicators.technical_indicators:calculate_ma:133 | 计算 120 日移动平均线完成
2026-03-27 16:31:39 | INFO     | src.indicators.technical_indicators:calculate_bias:500 | 计算 120 日乖离率完成
2026-03-27 16:31:39 | INFO     | src.indicators.technical_indicators:calculate_ma:133 | 计算 120 日移动平均线完成
2026-03-27 16:31:39 | INFO     | src.indicators.technical_indicators:calculate_ma:133 | 计算 250 日移动平均线完成
2026-03-27 16:31:39 | INFO     | src.indicators.technical_indicators:calculate_ma:133 | 计算 120 日移动平均线完成
2026-03-27 16:31:39 | INFO     | src.indicators.technical_indicators:calculate_bias:500 | 计算 120 日乖离率完成
2026-03-27 16:31:39 | INFO     | src.indicators.technical_indicators:calculate_bias:500 | 计算 250 日乖离率完成
2026-03-27 16:31:39 | INFO     | src.indicators.technical_indicators:calculate_bias:500 | 计算 250 日乖离率完成
2026-03-27 16:31:39 | INFO     | src.indicators.technical_indicators:calculate_bias:500 | 计算 120 日乖离率完成
2026-03-27 16:31:39 | INFO     | src.indicators.technical_indicators:calculate_ma:133 | 计算 250 日移动平均线完成
2026-03-27 16:31:39 | INFO     | src.indicators.technical_indicators:calculate_bias:500 | 计算 120 日乖离率完成
2026-03-27 16:31:39 | INFO     | src.indicators.technical_indicators:calculate_bias:500 | 计算 250 日乖离率完成
2026-03-27 16:31:39 | INFO     | src.indicators.technical_indicators:calculate_bias:500 | 计算 120 日乖离率完成
2026-03-27 16:31:39 | INFO     | src.indicators.technical_indicators:calculate_ma:133 | 计算 250 日移动平均线完成
2026-03-27 16:31:39 | INFO     | src.indicators.technical_indicators:calculate_psy:523 | 计算 10 日心理线完成
2026-03-27 16:31:39 | INFO     | src.indicators.technical_indicators:calculate_psy:523 | 计算 10 日心理线完成
2026-03-27 16:31:39 | INFO     | src.indicators.technical_indicators:calculate_ma:133 | 计算 250 日移动平均线完成
2026-03-27 16:31:39 | INFO     | src.indicators.technical_indicators:calculate_bias:500 | 计算 250 日乖离率完成
2026-03-27 16:31:39 | INFO     | src.indicators.technical_indicators:calculate_ma:133 | 计算 250 日移动平均线完成
2026-03-27 16:31:39 | INFO     | src.indicators.technical_indicators:calculate_psy:523 | 计算 10 日心理线完成
2026-03-27 16:31:39 | INFO     | src.indicators.technical_indicators:calculate_ma:133 | 计算 250 日移动平均线完成
2026-03-27 16:31:39 | INFO     | src.indicators.technical_indicators:calculate_bias:500 | 计算 250 日乖离率完成
2026-03-27 16:31:39 | WARNING  | src.indicators.technical_indicators:calculate_all:635 | 未知的指标类型: rsv_period
2026-03-27 16:31:39 | WARNING  | src.indicators.technical_indicators:calculate_all:635 | 未知的指标类型: rsv_period
2026-03-27 16:31:39 | INFO     | src.indicators.technical_indicators:calculate_bias:500 | 计算 250 日乖离率完成
2026-03-27 16:31:39 | INFO     | src.indicators.technical_indicators:calculate_psy:523 | 计算 10 日心理线完成
2026-03-27 16:31:39 | INFO     | src.indicators.technical_indicators:calculate_bias:500 | 计算 250 日乖离率完成
2026-03-27 16:31:39 | WARNING  | src.indicators.technical_indicators:calculate_all:635 | 未知的指标类型: rsv_period
2026-03-27 16:31:39 | INFO     | src.indicators.technical_indicators:calculate_bias:500 | 计算 250 日乖离率完成
2026-03-27 16:31:39 | INFO     | src.indicators.technical_indicators:calculate_psy:523 | 计算 10 日心理线完成
2026-03-27 16:31:39 | WARNING  | src.indicators.technical_indicators:calculate_all:635 | 未知的指标类型: volume_period
2026-03-27 16:31:39 | WARNING  | src.indicators.technical_indicators:calculate_all:635 | 未知的指标类型: volume_period
2026-03-27 16:31:39 | INFO     | src.indicators.technical_indicators:calculate_psy:523 | 计算 10 日心理线完成
2026-03-27 16:31:39 | WARNING  | src.indicators.technical_indicators:calculate_all:635 | 未知的指标类型: rsv_period
2026-03-27 16:31:39 | INFO     | src.indicators.technical_indicators:calculate_psy:523 | 计算 10 日心理线完成
2026-03-27 16:31:39 | WARNING  | src.indicators.technical_indicators:calculate_all:635 | 未知的指标类型: volume_period
2026-03-27 16:31:39 | INFO     | src.indicators.technical_indicators:calculate_psy:523 | 计算 10 日心理线完成
2026-03-27 16:31:39 | WARNING  | src.indicators.technical_indicators:calculate_all:635 | 未知的指标类型: rsv_period
2026-03-27 16:31:39 | INFO     | src.indicators.technical_indicators:calculate_all:640 | 完成计算 45 个技术指标
2026-03-27 16:31:39 | INFO     | src.indicators.technical_indicators:calculate_all:640 | 完成计算 45 个技术指标
2026-03-27 16:31:39 | WARNING  | src.indicators.technical_indicators:calculate_all:635 | 未知的指标类型: rsv_period
2026-03-27 16:31:39 | WARNING  | src.indicators.technical_indicators:calculate_all:635 | 未知的指标类型: volume_period
2026-03-27 16:31:39 | WARNING  | src.indicators.technical_indicators:calculate_all:635 | 未知的指标类型: rsv_period
2026-03-27 16:31:39 | INFO     | src.indicators.technical_indicators:calculate_all:640 | 完成计算 45 个技术指标
2026-03-27 16:31:39 | WARNING  | src.indicators.technical_indicators:calculate_all:635 | 未知的指标类型: rsv_period
2026-03-27 16:31:39 | WARNING  | src.indicators.technical_indicators:calculate_all:635 | 未知的指标类型: volume_period
2026-03-27 16:31:39 | WARNING  | src.indicators.technical_indicators:calculate_all:635 | 未知的指标类型: volume_period
2026-03-27 16:31:39 | INFO     | src.indicators.technical_indicators:calculate_all:640 | 完成计算 45 个技术指标
2026-03-27 16:31:39 | WARNING  | src.indicators.technical_indicators:calculate_all:635 | 未知的指标类型: volume_period
2026-03-27 16:31:39 | WARNING  | src.indicators.technical_indicators:calculate_all:635 | 未知的指标类型: volume_period
2026-03-27 16:31:39 | INFO     | src.indicators.technical_indicators:calculate_all:640 | 完成计算 45 个技术指标
2026-03-27 16:31:39 | INFO     | src.indicators.technical_indicators:calculate_all:640 | 完成计算 45 个技术指标
2026-03-27 16:31:39 | INFO     | src.indicators.technical_indicators:calculate_all:640 | 完成计算 45 个技术指标
2026-03-27 16:31:39 | INFO     | src.indicators.technical_indicators:calculate_all:640 | 完成计算 45 个技术指标
2026-03-27 16:31:39 | INFO     | src.core.data_fetcher:save_data:432 | 保存数据到 csv 文件: 600111_with_indicators
2026-03-27 16:31:39 | INFO     | src.core.data_fetcher:save_data:432 | 保存数据到 csv 文件: 603993_with_indicators
2026-03-27 16:31:39 | INFO     | src.core.data_fetcher:save_data:432 | 保存数据到 csv 文件: 601600_with_indicators
2026-03-27 16:31:39 | INFO     | src.core.data_fetcher:save_data:432 | 保存数据到 csv 文件: 000807_with_indicators
2026-03-27 16:31:39 | INFO     | src.core.data_fetcher:save_data:432 | 保存数据到 csv 文件: 600362_with_indicators
2026-03-27 16:31:39 | INFO     | src.core.data_fetcher:save_data:432 | 保存数据到 csv 文件: 000630_with_indicators
2026-03-27 16:31:39 | INFO     | src.core.data_fetcher:save_data:432 | 保存数据到 csv 文件: 000933_with_indicators
2026-03-27 16:31:39 | INFO     | src.core.data_fetcher:save_data:432 | 保存数据到 csv 文件: 000426_with_indicators
2026-03-27 16:31:40 | INFO     | src.core.data_fetcher:save_data:452 | 数据保存成功: ./data\603993_with_indicators.csv
2026-03-27 16:31:40 | INFO     | src.workflow.base:calculate_signals:224 | 对股票 603993 进行信号判断
2026-03-27 16:31:40 | INFO     | src.core.data_fetcher:save_data:432 | 保存数据到 csv 文件: 603993_signals
2026-03-27 16:31:40 | INFO     | src.core.data_fetcher:save_data:452 | 数据保存成功: ./data\603993_signals.csv
2026-03-27 16:31:40 | INFO     | src.workflow.technical:_process_single_stock:45 |   股票 603993 信号判断完成: 持有 (得分: 0.168)
2026-03-27 16:31:40 | INFO     | src.workflow.base:calculate_technical_indicators:188 | 计算股票 002532 的技术指标
2026-03-27 16:31:40 | ERROR    | src.utils.concurrency:process_batch:73 | 处理 ('603993',               日期     开盘     最高     最低     收盘        成交量           成交额       换手率       涨跌幅
0     2019-01-02   3.78   3.79   3.65   3.71   54269661  2.015311e+08  0.307202 -1.329786
1     2019-01-03   3.70   3.76   3.67   3.74   55198167  2.050538e+08  0.312458  0.808625
2     2019-01-04   3.68   3.85   3.67   3.83   86050938  3.257569e+08  0.487105  2.406415
3     2019-01-07   3.86   3.91   3.83   3.89   86104696  3.328156e+08  0.487410  1.566584
4     2019-01-08   3.90   3.90   3.85   3.85   48864480  1.890036e+08  0.276605 -1.028283
...          ...    ...    ...    ...    ...        ...           ...       ...       ...
1747  2026-03-20  17.80  18.27  17.50  17.55  304636972  5.451303e+09  1.744700 -1.680700
1748  2026-03-23  16.99  17.37  16.32  16.49  418291607  7.036602e+09  2.395600 -6.039900
1749  2026-03-24  16.91  17.38  16.70  17.37  363246438  6.195329e+09  2.080300  5.336600
1750  2026-03-25  18.02  18.45  17.75  17.89  362107155  6.545037e+09  2.073800  2.993700
1751  2026-03-26  17.90  18.08  17.40  17.49  210678638  3.729370e+09  1.206600 -2.235900

[1752 rows x 9 columns]) 时出错: unhashable type: 'DataFrame'
2026-03-27 16:31:40 | INFO     | src.indicators.technical_indicators:calculate_ma:133 | 计算 5 日移动平均线完成
2026-03-27 16:31:40 | INFO     | src.indicators.technical_indicators:calculate_ma:133 | 计算 10 日移动平均线完成
2026-03-27 16:31:40 | INFO     | src.indicators.technical_indicators:calculate_ma:133 | 计算 20 日移动平均线完成
2026-03-27 16:31:40 | INFO     | src.indicators.technical_indicators:calculate_ma:133 | 计算 30 日移动平均线完成
2026-03-27 16:31:40 | INFO     | src.indicators.technical_indicators:calculate_ma:133 | 计算 60 日移动平均线完成
2026-03-27 16:31:40 | INFO     | src.indicators.technical_indicators:calculate_ma:133 | 计算 120 日移动平均线完成
2026-03-27 16:31:40 | INFO     | src.indicators.technical_indicators:calculate_ma:133 | 计算 250 日移动平均线完成
2026-03-27 16:31:40 | INFO     | src.indicators.technical_indicators:calculate_sma:157 | 计算 5 日简单移动平均线完成
2026-03-27 16:31:40 | INFO     | src.indicators.technical_indicators:calculate_sma:157 | 计算 10 日简单移动平均线完成
2026-03-27 16:31:40 | INFO     | src.indicators.technical_indicators:calculate_sma:157 | 计算 20 日简单移动平均线完成
2026-03-27 16:31:40 | INFO     | src.core.data_fetcher:save_data:452 | 数据保存成功: ./data\600111_with_indicators.csv
2026-03-27 16:31:40 | INFO     | src.indicators.technical_indicators:calculate_sma:157 | 计算 30 日简单移动平均线完成
2026-03-27 16:31:40 | INFO     | src.workflow.base:calculate_signals:224 | 对股票 600111 进行信号判断
2026-03-27 16:31:40 | INFO     | src.indicators.technical_indicators:calculate_sma:157 | 计算 60 日简单移动平均线完成
2026-03-27 16:31:40 | INFO     | src.indicators.technical_indicators:calculate_sma:157 | 计算 120 日简单移动平均线完成
2026-03-27 16:31:40 | INFO     | src.core.data_fetcher:save_data:432 | 保存数据到 csv 文件: 600111_signals
2026-03-27 16:31:40 | INFO     | src.indicators.technical_indicators:calculate_sma:157 | 计算 250 日简单移动平均线完成
2026-03-27 16:31:40 | INFO     | src.indicators.technical_indicators:calculate_ema:182 | 计算 12 日指数移动平均线完成
2026-03-27 16:31:40 | INFO     | src.core.data_fetcher:save_data:452 | 数据保存成功: ./data\600111_signals.csv
2026-03-27 16:31:40 | INFO     | src.indicators.technical_indicators:calculate_ema:182 | 计算 26 日指数移动平均线完成
2026-03-27 16:31:40 | INFO     | src.workflow.technical:_process_single_stock:45 |   股票 600111 信号判断完成: 持有 (得分: 0.169)
2026-03-27 16:31:40 | INFO     | src.workflow.base:calculate_technical_indicators:188 | 计算股票 601168 的技术指标
2026-03-27 16:31:40 | INFO     | src.indicators.technical_indicators:calculate_rsi:221 | 计算 6 日RSI完成
2026-03-27 16:31:40 | INFO     | src.indicators.technical_indicators:calculate_ma:133 | 计算 5 日移动平均线完成
2026-03-27 16:31:40 | INFO     | src.core.data_fetcher:save_data:452 | 数据保存成功: ./data\601600_with_indicators.csv
2026-03-27 16:31:40 | INFO     | src.indicators.technical_indicators:calculate_ma:133 | 计算 10 日移动平均线完成
2026-03-27 16:31:40 | INFO     | src.indicators.technical_indicators:calculate_rsi:221 | 计算 12 日RSI完成
2026-03-27 16:31:40 | INFO     | src.workflow.base:calculate_signals:224 | 对股票 601600 进行信号判断
2026-03-27 16:31:40 | INFO     | src.core.data_fetcher:save_data:452 | 数据保存成功: ./data\000807_with_indicators.csv
2026-03-27 16:31:40 | INFO     | src.indicators.technical_indicators:calculate_ma:133 | 计算 20 日移动平均线完成
2026-03-27 16:31:40 | INFO     | src.core.data_fetcher:save_data:452 | 数据保存成功: ./data\000630_with_indicators.csv
2026-03-27 16:31:40 | INFO     | src.core.data_fetcher:save_data:452 | 数据保存成功: ./data\000933_with_indicators.csv
2026-03-27 16:31:40 | INFO     | src.core.data_fetcher:save_data:452 | 数据保存成功: ./data\600362_with_indicators.csv
2026-03-27 16:31:40 | INFO     | src.indicators.technical_indicators:calculate_rsi:221 | 计算 24 日RSI完成
2026-03-27 16:31:40 | INFO     | src.workflow.base:calculate_signals:224 | 对股票 000807 进行信号判断
2026-03-27 16:31:40 | INFO     | src.core.data_fetcher:save_data:432 | 保存数据到 csv 文件: 601600_signals
2026-03-27 16:31:40 | INFO     | src.core.data_fetcher:save_data:452 | 数据保存成功: ./data\000426_with_indicators.csv
2026-03-27 16:31:40 | INFO     | src.indicators.technical_indicators:calculate_ma:133 | 计算 30 日移动平均线完成
2026-03-27 16:31:40 | INFO     | src.workflow.base:calculate_signals:224 | 对股票 000630 进行信号判断
2026-03-27 16:31:40 | INFO     | src.workflow.base:calculate_signals:224 | 对股票 000933 进行信号判断
2026-03-27 16:31:40 | INFO     | src.workflow.base:calculate_signals:224 | 对股票 600362 进行信号判断
2026-03-27 16:31:40 | INFO     | src.indicators.technical_indicators:calculate_macd:263 | 计算MACD完成：快线=12, 慢线=26, 信号线=9
2026-03-27 16:31:40 | INFO     | src.core.data_fetcher:save_data:432 | 保存数据到 csv 文件: 000807_signals
2026-03-27 16:31:40 | INFO     | src.workflow.base:calculate_signals:224 | 对股票 000426 进行信号判断
2026-03-27 16:31:40 | INFO     | src.core.data_fetcher:save_data:452 | 数据保存成功: ./data\601600_signals.csv
2026-03-27 16:31:40 | INFO     | src.indicators.technical_indicators:calculate_ma:133 | 计算 60 日移动平均线完成
2026-03-27 16:31:40 | INFO     | src.core.data_fetcher:save_data:432 | 保存数据到 csv 文件: 000630_signals
2026-03-27 16:31:40 | INFO     | src.core.data_fetcher:save_data:432 | 保存数据到 csv 文件: 000933_signals
2026-03-27 16:31:40 | INFO     | src.core.data_fetcher:save_data:432 | 保存数据到 csv 文件: 600362_signals
2026-03-27 16:31:40 | INFO     | src.workflow.technical:_process_single_stock:45 |   股票 601600 信号判断完成: 持有 (得分: 0.010)
2026-03-27 16:31:40 | INFO     | src.indicators.technical_indicators:calculate_macd:263 | 计算MACD完成：快线=12, 慢线=26, 信号线=12
2026-03-27 16:31:40 | INFO     | src.core.data_fetcher:save_data:452 | 数据保存成功: ./data\000807_signals.csv
2026-03-27 16:31:40 | INFO     | src.core.data_fetcher:save_data:432 | 保存数据到 csv 文件: 000426_signals
2026-03-27 16:31:40 | INFO     | src.indicators.technical_indicators:calculate_ma:133 | 计算 120 日移动平均线完成
2026-03-27 16:31:40 | INFO     | src.workflow.base:calculate_technical_indicators:188 | 计算股票 688802 的技术指标
2026-03-27 16:31:40 | INFO     | src.core.data_fetcher:save_data:452 | 数据保存成功: ./data\000933_signals.csv
2026-03-27 16:31:40 | INFO     | src.core.data_fetcher:save_data:452 | 数据保存成功: ./data\000630_signals.csv
2026-03-27 16:31:40 | INFO     | src.indicators.technical_indicators:calculate_boll:303 | 计算布林带完成：周期=20, 标准差倍数=2
2026-03-27 16:31:40 | INFO     | src.workflow.technical:_process_single_stock:45 |   股票 000807 信号判断完成: 持有 (得分: 0.040)
2026-03-27 16:31:40 | INFO     | src.core.data_fetcher:save_data:452 | 数据保存成功: ./data\600362_signals.csv
2026-03-27 16:31:40 | INFO     | src.indicators.technical_indicators:calculate_ma:133 | 计算 250 日移动平均线完成
2026-03-27 16:31:40 | INFO     | src.indicators.technical_indicators:calculate_ma:133 | 计算 5 日移动平均线完成
2026-03-27 16:31:40 | INFO     | src.workflow.technical:_process_single_stock:45 |   股票 000933 信号判断完成: 持有 (得分: 0.006)
2026-03-27 16:31:40 | INFO     | src.core.data_fetcher:save_data:452 | 数据保存成功: ./data\000426_signals.csv
2026-03-27 16:31:40 | INFO     | src.workflow.technical:_process_single_stock:45 |   股票 000630 信号判断完成: 持有 (得分: 0.197)
2026-03-27 16:31:40 | INFO     | src.workflow.base:calculate_technical_indicators:188 | 计算股票 688795 的技术指标
2026-03-27 16:31:40 | INFO     | src.workflow.technical:_process_single_stock:45 |   股票 600362 信号判断完成: 持有 (得分: 0.125)
2026-03-27 16:31:40 | INFO     | src.indicators.technical_indicators:calculate_kdj:350 | 计算KDJ完成：K周期=9, D周期=3, J周期=3
2026-03-27 16:31:40 | INFO     | src.indicators.technical_indicators:calculate_sma:157 | 计算 5 日简单移动平均线完成
2026-03-27 16:31:40 | INFO     | src.indicators.technical_indicators:calculate_ma:133 | 计算 10 日移动平均线完成
2026-03-27 16:31:40 | INFO     | src.workflow.base:calculate_technical_indicators:188 | 计算股票 001280 的技术指标
2026-03-27 16:31:40 | INFO     | src.workflow.technical:_process_single_stock:45 |   股票 000426 信号判断完成: 持有 (得分: 0.172)
2026-03-27 16:31:40 | INFO     | src.workflow.base:calculate_technical_indicators:188 | 计算股票 688759 的技术指标
2026-03-27 16:31:40 | INFO     | src.indicators.technical_indicators:calculate_ma:133 | 计算 5 日移动平均线完成
2026-03-27 16:31:40 | INFO     | src.workflow.base:calculate_technical_indicators:188 | 计算股票 688783 的技术指标
2026-03-27 16:31:40 | INFO     | src.indicators.technical_indicators:calculate_sma:157 | 计算 10 日简单移动平均线完成
2026-03-27 16:31:40 | INFO     | src.indicators.technical_indicators:calculate_kdj:350 | 计算KDJ完成：K周期=10, D周期=3, J周期=3
2026-03-27 16:31:40 | INFO     | src.indicators.technical_indicators:calculate_ma:133 | 计算 20 日移动平均线完成
2026-03-27 16:31:40 | INFO     | src.indicators.technical_indicators:calculate_ma:133 | 计算 5 日移动平均线完成
2026-03-27 16:31:40 | INFO     | src.indicators.technical_indicators:calculate_ma:133 | 计算 5 日移动平均线完成
2026-03-27 16:31:40 | INFO     | src.indicators.technical_indicators:calculate_ma:133 | 计算 10 日移动平均线完成
2026-03-27 16:31:40 | INFO     | src.indicators.technical_indicators:calculate_ma:133 | 计算 5 日移动平均线完成
2026-03-27 16:31:40 | INFO     | src.indicators.technical_indicators:calculate_sma:157 | 计算 20 日简单移动平均线完成
2026-03-27 16:31:40 | INFO     | src.indicators.technical_indicators:calculate_ma:133 | 计算 30 日移动平均线完成
2026-03-27 16:31:40 | INFO     | src.indicators.technical_indicators:calculate_atr:385 | 计算 10 日ATR完成
2026-03-27 16:31:40 | INFO     | src.indicators.technical_indicators:calculate_ma:133 | 计算 10 日移动平均线完成
2026-03-27 16:31:40 | INFO     | src.indicators.technical_indicators:calculate_ma:133 | 计算 10 日移动平均线完成
2026-03-27 16:31:40 | INFO     | src.indicators.technical_indicators:calculate_ma:133 | 计算 20 日移动平均线完成
2026-03-27 16:31:40 | INFO     | src.indicators.technical_indicators:calculate_ma:133 | 计算 10 日移动平均线完成
2026-03-27 16:31:40 | INFO     | src.indicators.technical_indicators:calculate_sma:157 | 计算 30 日简单移动平均线完成
2026-03-27 16:31:40 | INFO     | src.indicators.technical_indicators:calculate_ma:133 | 计算 60 日移动平均线完成
2026-03-27 16:31:40 | INFO     | src.indicators.technical_indicators:calculate_ma:133 | 计算 20 日移动平均线完成
2026-03-27 16:31:40 | INFO     | src.indicators.technical_indicators:calculate_ma:133 | 计算 30 日移动平均线完成
2026-03-27 16:31:40 | INFO     | src.indicators.technical_indicators:calculate_ma:133 | 计算 20 日移动平均线完成
2026-03-27 16:31:40 | INFO     | src.indicators.technical_indicators:calculate_ma:133 | 计算 20 日移动平均线完成
2026-03-27 16:31:40 | INFO     | src.indicators.technical_indicators:calculate_sma:157 | 计算 60 日简单移动平均线完成
2026-03-27 16:31:40 | INFO     | src.indicators.technical_indicators:calculate_ma:133 | 计算 120 日移动平均线完成
2026-03-27 16:31:40 | INFO     | src.indicators.technical_indicators:calculate_ma:133 | 计算 30 日移动平均线完成
2026-03-27 16:31:40 | INFO     | src.indicators.technical_indicators:calculate_ma:133 | 计算 60 日移动平均线完成
2026-03-27 16:31:40 | INFO     | src.indicators.technical_indicators:calculate_ma:133 | 计算 30 日移动平均线完成
2026-03-27 16:31:40 | INFO     | src.indicators.technical_indicators:calculate_ma:133 | 计算 30 日移动平均线完成
2026-03-27 16:31:40 | INFO     | src.indicators.technical_indicators:calculate_sma:157 | 计算 120 日简单移动平均线完成
2026-03-27 16:31:40 | INFO     | src.indicators.technical_indicators:calculate_cci:446 | 计算 20 日CCI完成
2026-03-27 16:31:40 | INFO     | src.indicators.technical_indicators:calculate_ma:133 | 计算 250 日移动平均线完成
2026-03-27 16:31:40 | INFO     | src.indicators.technical_indicators:calculate_ma:133 | 计算 60 日移动平均线完成
2026-03-27 16:31:40 | INFO     | src.indicators.technical_indicators:calculate_ma:133 | 计算 120 日移动平均线完成
2026-03-27 16:31:40 | INFO     | src.indicators.technical_indicators:calculate_ma:133 | 计算 60 日移动平均线完成
2026-03-27 16:31:40 | INFO     | src.indicators.technical_indicators:calculate_ma:133 | 计算 60 日移动平均线完成
2026-03-27 16:31:40 | INFO     | src.indicators.technical_indicators:calculate_sma:157 | 计算 250 日简单移动平均线完成
2026-03-27 16:31:40 | INFO     | src.indicators.technical_indicators:calculate_sma:157 | 计算 5 日简单移动平均线完成
2026-03-27 16:31:40 | INFO     | src.indicators.technical_indicators:calculate_williams_r:476 | 计算 10 日威廉指标完成
2026-03-27 16:31:40 | INFO     | src.indicators.technical_indicators:calculate_ma:133 | 计算 120 日移动平均线完成
2026-03-27 16:31:40 | INFO     | src.indicators.technical_indicators:calculate_ma:133 | 计算 250 日移动平均线完成
2026-03-27 16:31:40 | INFO     | src.indicators.technical_indicators:calculate_ma:133 | 计算 120 日移动平均线完成
2026-03-27 16:31:40 | INFO     | src.indicators.technical_indicators:calculate_ma:133 | 计算 120 日移动平均线完成
2026-03-27 16:31:40 | INFO     | src.indicators.technical_indicators:calculate_ema:182 | 计算 12 日指数移动平均线完成
2026-03-27 16:31:40 | INFO     | src.indicators.technical_indicators:calculate_sma:157 | 计算 10 日简单移动平均线完成
2026-03-27 16:31:40 | INFO     | src.indicators.technical_indicators:calculate_ma:133 | 计算 250 日移动平均线完成
2026-03-27 16:31:40 | INFO     | src.indicators.technical_indicators:calculate_ma:133 | 计算 5 日移动平均线完成
2026-03-27 16:31:40 | INFO     | src.indicators.technical_indicators:calculate_sma:157 | 计算 5 日简单移动平均线完成
2026-03-27 16:31:40 | INFO     | src.indicators.technical_indicators:calculate_ma:133 | 计算 250 日移动平均线完成
2026-03-27 16:31:40 | INFO     | src.indicators.technical_indicators:calculate_ma:133 | 计算 250 日移动平均线完成
2026-03-27 16:31:40 | INFO     | src.indicators.technical_indicators:calculate_ema:182 | 计算 26 日指数移动平均线完成
2026-03-27 16:31:40 | INFO     | src.indicators.technical_indicators:calculate_sma:157 | 计算 20 日简单移动平均线完成
2026-03-27 16:31:40 | INFO     | src.indicators.technical_indicators:calculate_sma:157 | 计算 5 日简单移动平均线完成
2026-03-27 16:31:40 | INFO     | src.indicators.technical_indicators:calculate_bias:500 | 计算 5 日乖离率完成
2026-03-27 16:31:40 | INFO     | src.indicators.technical_indicators:calculate_sma:157 | 计算 10 日简单移动平均线完成
2026-03-27 16:31:40 | INFO     | src.indicators.technical_indicators:calculate_sma:157 | 计算 5 日简单移动平均线完成
2026-03-27 16:31:40 | INFO     | src.indicators.technical_indicators:calculate_sma:157 | 计算 5 日简单移动平均线完成
2026-03-27 16:31:40 | INFO     | src.indicators.technical_indicators:calculate_rsi:221 | 计算 6 日RSI完成
2026-03-27 16:31:40 | INFO     | src.indicators.technical_indicators:calculate_sma:157 | 计算 30 日简单移动平均线完成
2026-03-27 16:31:40 | INFO     | src.indicators.technical_indicators:calculate_sma:157 | 计算 10 日简单移动平均线完成
2026-03-27 16:31:40 | INFO     | src.indicators.technical_indicators:calculate_ma:133 | 计算 10 日移动平均线完成
2026-03-27 16:31:40 | INFO     | src.indicators.technical_indicators:calculate_sma:157 | 计算 20 日简单移动平均线完成
2026-03-27 16:31:40 | INFO     | src.indicators.technical_indicators:calculate_sma:157 | 计算 10 日简单移动平均线完成
2026-03-27 16:31:40 | INFO     | src.indicators.technical_indicators:calculate_sma:157 | 计算 10 日简单移动平均线完成
2026-03-27 16:31:40 | INFO     | src.indicators.technical_indicators:calculate_sma:157 | 计算 60 日简单移动平均线完成
2026-03-27 16:31:40 | INFO     | src.indicators.technical_indicators:calculate_rsi:221 | 计算 12 日RSI完成
2026-03-27 16:31:40 | INFO     | src.indicators.technical_indicators:calculate_sma:157 | 计算 20 日简单移动平均线完成
2026-03-27 16:31:40 | INFO     | src.indicators.technical_indicators:calculate_bias:500 | 计算 10 日乖离率完成
2026-03-27 16:31:40 | INFO     | src.indicators.technical_indicators:calculate_sma:157 | 计算 30 日简单移动平均线完成
2026-03-27 16:31:40 | INFO     | src.indicators.technical_indicators:calculate_sma:157 | 计算 20 日简单移动平均线完成
2026-03-27 16:31:40 | INFO     | src.indicators.technical_indicators:calculate_sma:157 | 计算 20 日简单移动平均线完成
2026-03-27 16:31:40 | INFO     | src.indicators.technical_indicators:calculate_sma:157 | 计算 120 日简单移动平均线完成
2026-03-27 16:31:40 | INFO     | src.indicators.technical_indicators:calculate_sma:157 | 计算 30 日简单移动平均线完成
2026-03-27 16:31:40 | INFO     | src.indicators.technical_indicators:calculate_rsi:221 | 计算 24 日RSI完成
2026-03-27 16:31:40 | INFO     | src.indicators.technical_indicators:calculate_ma:133 | 计算 20 日移动平均线完成
2026-03-27 16:31:40 | INFO     | src.indicators.technical_indicators:calculate_sma:157 | 计算 60 日简单移动平均线完成
2026-03-27 16:31:40 | INFO     | src.indicators.technical_indicators:calculate_sma:157 | 计算 30 日简单移动平均线完成
2026-03-27 16:31:40 | INFO     | src.indicators.technical_indicators:calculate_sma:157 | 计算 30 日简单移动平均线完成
2026-03-27 16:31:40 | INFO     | src.indicators.technical_indicators:calculate_sma:157 | 计算 250 日简单移动平均线完成
2026-03-27 16:31:40 | INFO     | src.indicators.technical_indicators:calculate_sma:157 | 计算 60 日简单移动平均线完成
2026-03-27 16:31:40 | INFO     | src.indicators.technical_indicators:calculate_macd:263 | 计算MACD完成：快线=12, 慢线=26, 信号线=9
2026-03-27 16:31:40 | INFO     | src.indicators.technical_indicators:calculate_bias:500 | 计算 20 日乖离率完成
2026-03-27 16:31:40 | INFO     | src.indicators.technical_indicators:calculate_sma:157 | 计算 120 日简单移动平均线完成
2026-03-27 16:31:40 | INFO     | src.indicators.technical_indicators:calculate_sma:157 | 计算 60 日简单移动平均线完成
2026-03-27 16:31:40 | INFO     | src.indicators.technical_indicators:calculate_sma:157 | 计算 60 日简单移动平均线完成
2026-03-27 16:31:40 | INFO     | src.indicators.technical_indicators:calculate_ema:182 | 计算 12 日指数移动平均线完成
2026-03-27 16:31:40 | INFO     | src.indicators.technical_indicators:calculate_sma:157 | 计算 120 日简单移动平均线完成
2026-03-27 16:31:40 | INFO     | src.indicators.technical_indicators:calculate_macd:263 | 计算MACD完成：快线=12, 慢线=26, 信号线=12
2026-03-27 16:31:40 | INFO     | src.indicators.technical_indicators:calculate_ma:133 | 计算 30 日移动平均线完成
2026-03-27 16:31:40 | INFO     | src.indicators.technical_indicators:calculate_sma:157 | 计算 250 日简单移动平均线完成
2026-03-27 16:31:40 | INFO     | src.indicators.technical_indicators:calculate_sma:157 | 计算 120 日简单移动平均线完成
2026-03-27 16:31:40 | INFO     | src.indicators.technical_indicators:calculate_sma:157 | 计算 120 日简单移动平均线完成
2026-03-27 16:31:40 | INFO     | src.indicators.technical_indicators:calculate_ema:182 | 计算 26 日指数移动平均线完成
2026-03-27 16:31:40 | INFO     | src.indicators.technical_indicators:calculate_sma:157 | 计算 250 日简单移动平均线完成
2026-03-27 16:31:40 | INFO     | src.indicators.technical_indicators:calculate_bias:500 | 计算 30 日乖离率完成
2026-03-27 16:31:40 | INFO     | src.indicators.technical_indicators:calculate_boll:303 | 计算布林带完成：周期=20, 标准差倍数=2
2026-03-27 16:31:40 | INFO     | src.indicators.technical_indicators:calculate_ema:182 | 计算 12 日指数移动平均线完成
2026-03-27 16:31:40 | INFO     | src.indicators.technical_indicators:calculate_sma:157 | 计算 250 日简单移动平均线完成
2026-03-27 16:31:40 | INFO     | src.indicators.technical_indicators:calculate_sma:157 | 计算 250 日简单移动平均线完成
2026-03-27 16:31:40 | INFO     | src.indicators.technical_indicators:calculate_rsi:221 | 计算 6 日RSI完成
2026-03-27 16:31:40 | INFO     | src.indicators.technical_indicators:calculate_ema:182 | 计算 12 日指数移动平均线完成
2026-03-27 16:31:40 | INFO     | src.indicators.technical_indicators:calculate_ma:133 | 计算 60 日移动平均线完成
2026-03-27 16:31:40 | INFO     | src.indicators.technical_indicators:calculate_ema:182 | 计算 26 日指数移动平均线完成
2026-03-27 16:31:40 | INFO     | src.indicators.technical_indicators:calculate_ema:182 | 计算 12 日指数移动平均线完成
2026-03-27 16:31:40 | INFO     | src.indicators.technical_indicators:calculate_kdj:350 | 计算KDJ完成：K周期=9, D周期=3, J周期=3
2026-03-27 16:31:40 | INFO     | src.indicators.technical_indicators:calculate_ema:182 | 计算 12 日指数移动平均线完成
2026-03-27 16:31:40 | INFO     | src.indicators.technical_indicators:calculate_rsi:221 | 计算 12 日RSI完成
2026-03-27 16:31:40 | INFO     | src.indicators.technical_indicators:calculate_ema:182 | 计算 26 日指数移动平均线完成
2026-03-27 16:31:40 | INFO     | src.indicators.technical_indicators:calculate_bias:500 | 计算 60 日乖离率完成
2026-03-27 16:31:40 | INFO     | src.indicators.technical_indicators:calculate_rsi:221 | 计算 6 日RSI完成
2026-03-27 16:31:40 | INFO     | src.indicators.technical_indicators:calculate_ema:182 | 计算 26 日指数移动平均线完成
2026-03-27 16:31:40 | INFO     | src.indicators.technical_indicators:calculate_ema:182 | 计算 26 日指数移动平均线完成
2026-03-27 16:31:40 | INFO     | src.indicators.technical_indicators:calculate_kdj:350 | 计算KDJ完成：K周期=10, D周期=3, J周期=3
2026-03-27 16:31:40 | INFO     | src.indicators.technical_indicators:calculate_rsi:221 | 计算 24 日RSI完成
2026-03-27 16:31:40 | INFO     | src.indicators.technical_indicators:calculate_rsi:221 | 计算 6 日RSI完成
2026-03-27 16:31:40 | INFO     | src.indicators.technical_indicators:calculate_ma:133 | 计算 120 日移动平均线完成
2026-03-27 16:31:40 | INFO     | src.indicators.technical_indicators:calculate_rsi:221 | 计算 12 日RSI完成
2026-03-27 16:31:40 | INFO     | src.indicators.technical_indicators:calculate_rsi:221 | 计算 6 日RSI完成
2026-03-27 16:31:40 | INFO     | src.indicators.technical_indicators:calculate_rsi:221 | 计算 6 日RSI完成
2026-03-27 16:31:40 | INFO     | src.indicators.technical_indicators:calculate_macd:263 | 计算MACD完成：快线=12, 慢线=26, 信号线=9
2026-03-27 16:31:40 | INFO     | src.indicators.technical_indicators:calculate_atr:385 | 计算 10 日ATR完成
2026-03-27 16:31:40 | INFO     | src.indicators.technical_indicators:calculate_rsi:221 | 计算 12 日RSI完成
2026-03-27 16:31:40 | INFO     | src.indicators.technical_indicators:calculate_bias:500 | 计算 120 日乖离率完成
2026-03-27 16:31:40 | INFO     | src.indicators.technical_indicators:calculate_rsi:221 | 计算 24 日RSI完成
2026-03-27 16:31:40 | INFO     | src.indicators.technical_indicators:calculate_rsi:221 | 计算 12 日RSI完成
2026-03-27 16:31:40 | INFO     | src.indicators.technical_indicators:calculate_rsi:221 | 计算 12 日RSI完成
2026-03-27 16:31:40 | INFO     | src.indicators.technical_indicators:calculate_macd:263 | 计算MACD完成：快线=12, 慢线=26, 信号线=12
2026-03-27 16:31:40 | INFO     | src.indicators.technical_indicators:calculate_rsi:221 | 计算 24 日RSI完成
2026-03-27 16:31:41 | INFO     | src.indicators.technical_indicators:calculate_macd:263 | 计算MACD完成：快线=12, 慢线=26, 信号线=9
2026-03-27 16:31:41 | INFO     | src.indicators.technical_indicators:calculate_ma:133 | 计算 250 日移动平均线完成
2026-03-27 16:31:41 | INFO     | src.indicators.technical_indicators:calculate_rsi:221 | 计算 24 日RSI完成
2026-03-27 16:31:41 | INFO     | src.indicators.technical_indicators:calculate_rsi:221 | 计算 24 日RSI完成
2026-03-27 16:31:41 | INFO     | src.indicators.technical_indicators:calculate_cci:446 | 计算 20 日CCI完成
2026-03-27 16:31:41 | INFO     | src.indicators.technical_indicators:calculate_boll:303 | 计算布林带完成：周期=20, 标准差倍数=2
2026-03-27 16:31:41 | INFO     | src.indicators.technical_indicators:calculate_macd:263 | 计算MACD完成：快线=12, 慢线=26, 信号线=9
2026-03-27 16:31:41 | INFO     | src.indicators.technical_indicators:calculate_macd:263 | 计算MACD完成：快线=12, 慢线=26, 信号线=12
2026-03-27 16:31:41 | INFO     | src.indicators.technical_indicators:calculate_bias:500 | 计算 250 日乖离率完成
2026-03-27 16:31:41 | INFO     | src.indicators.technical_indicators:calculate_macd:263 | 计算MACD完成：快线=12, 慢线=26, 信号线=9
2026-03-27 16:31:41 | INFO     | src.indicators.technical_indicators:calculate_macd:263 | 计算MACD完成：快线=12, 慢线=26, 信号线=9
2026-03-27 16:31:41 | INFO     | src.indicators.technical_indicators:calculate_kdj:350 | 计算KDJ完成：K周期=9, D周期=3, J周期=3
2026-03-27 16:31:41 | INFO     | src.indicators.technical_indicators:calculate_williams_r:476 | 计算 10 日威廉指标完成
2026-03-27 16:31:41 | INFO     | src.indicators.technical_indicators:calculate_macd:263 | 计算MACD完成：快线=12, 慢线=26, 信号线=12
2026-03-27 16:31:41 | INFO     | src.indicators.technical_indicators:calculate_boll:303 | 计算布林带完成：周期=20, 标准差倍数=2
2026-03-27 16:31:41 | INFO     | src.indicators.technical_indicators:calculate_psy:523 | 计算 10 日心理线完成
2026-03-27 16:31:41 | INFO     | src.indicators.technical_indicators:calculate_macd:263 | 计算MACD完成：快线=12, 慢线=26, 信号线=12
2026-03-27 16:31:41 | INFO     | src.indicators.technical_indicators:calculate_macd:263 | 计算MACD完成：快线=12, 慢线=26, 信号线=12
2026-03-27 16:31:41 | INFO     | src.indicators.technical_indicators:calculate_kdj:350 | 计算KDJ完成：K周期=10, D周期=3, J周期=3
2026-03-27 16:31:41 | INFO     | src.indicators.technical_indicators:calculate_ma:133 | 计算 5 日移动平均线完成
2026-03-27 16:31:41 | INFO     | src.indicators.technical_indicators:calculate_boll:303 | 计算布林带完成：周期=20, 标准差倍数=2
2026-03-27 16:31:41 | INFO     | src.indicators.technical_indicators:calculate_kdj:350 | 计算KDJ完成：K周期=9, D周期=3, J周期=3
2026-03-27 16:31:41 | WARNING  | src.indicators.technical_indicators:calculate_all:635 | 未知的指标类型: rsv_period
2026-03-27 16:31:41 | INFO     | src.indicators.technical_indicators:calculate_boll:303 | 计算布林带完成：周期=20, 标准差倍数=2
2026-03-27 16:31:41 | INFO     | src.indicators.technical_indicators:calculate_boll:303 | 计算布林带完成：周期=20, 标准差倍数=2
2026-03-27 16:31:41 | INFO     | src.indicators.technical_indicators:calculate_atr:385 | 计算 10 日ATR完成
2026-03-27 16:31:41 | INFO     | src.indicators.technical_indicators:calculate_bias:500 | 计算 5 日乖离率完成
2026-03-27 16:31:41 | INFO     | src.indicators.technical_indicators:calculate_kdj:350 | 计算KDJ完成：K周期=9, D周期=3, J周期=3
2026-03-27 16:31:41 | INFO     | src.indicators.technical_indicators:calculate_kdj:350 | 计算KDJ完成：K周期=10, D周期=3, J周期=3
2026-03-27 16:31:41 | WARNING  | src.indicators.technical_indicators:calculate_all:635 | 未知的指标类型: volume_period
2026-03-27 16:31:41 | INFO     | src.indicators.technical_indicators:calculate_kdj:350 | 计算KDJ完成：K周期=9, D周期=3, J周期=3
2026-03-27 16:31:41 | INFO     | src.indicators.technical_indicators:calculate_kdj:350 | 计算KDJ完成：K周期=9, D周期=3, J周期=3
2026-03-27 16:31:41 | INFO     | src.indicators.technical_indicators:calculate_cci:446 | 计算 20 日CCI完成
2026-03-27 16:31:41 | INFO     | src.indicators.technical_indicators:calculate_ma:133 | 计算 10 日移动平均线完成
2026-03-27 16:31:41 | INFO     | src.indicators.technical_indicators:calculate_kdj:350 | 计算KDJ完成：K周期=10, D周期=3, J周期=3
2026-03-27 16:31:41 | INFO     | src.indicators.technical_indicators:calculate_atr:385 | 计算 10 日ATR完成
2026-03-27 16:31:41 | INFO     | src.indicators.technical_indicators:calculate_all:640 | 完成计算 45 个技术指标
2026-03-27 16:31:41 | INFO     | src.indicators.technical_indicators:calculate_kdj:350 | 计算KDJ完成：K周期=10, D周期=3, J周期=3
2026-03-27 16:31:41 | INFO     | src.indicators.technical_indicators:calculate_kdj:350 | 计算KDJ完成：K周期=10, D周期=3, J周期=3
2026-03-27 16:31:41 | INFO     | src.indicators.technical_indicators:calculate_williams_r:476 | 计算 10 日威廉指标完成
2026-03-27 16:31:41 | INFO     | src.indicators.technical_indicators:calculate_bias:500 | 计算 10 日乖离率完成
2026-03-27 16:31:41 | INFO     | src.indicators.technical_indicators:calculate_atr:385 | 计算 10 日ATR完成
2026-03-27 16:31:41 | INFO     | src.indicators.technical_indicators:calculate_cci:446 | 计算 20 日CCI完成
2026-03-27 16:31:41 | INFO     | src.indicators.technical_indicators:calculate_atr:385 | 计算 10 日ATR完成
2026-03-27 16:31:41 | INFO     | src.indicators.technical_indicators:calculate_atr:385 | 计算 10 日ATR完成
2026-03-27 16:31:41 | INFO     | src.indicators.technical_indicators:calculate_ma:133 | 计算 5 日移动平均线完成
2026-03-27 16:31:41 | INFO     | src.indicators.technical_indicators:calculate_ma:133 | 计算 20 日移动平均线完成
2026-03-27 16:31:41 | INFO     | src.indicators.technical_indicators:calculate_cci:446 | 计算 20 日CCI完成
2026-03-27 16:31:41 | INFO     | src.indicators.technical_indicators:calculate_williams_r:476 | 计算 10 日威廉指标完成
2026-03-27 16:31:41 | INFO     | src.indicators.technical_indicators:calculate_cci:446 | 计算 20 日CCI完成
2026-03-27 16:31:41 | INFO     | src.indicators.technical_indicators:calculate_bias:500 | 计算 5 日乖离率完成
2026-03-27 16:31:41 | INFO     | src.indicators.technical_indicators:calculate_cci:446 | 计算 20 日CCI完成
2026-03-27 16:31:41 | INFO     | src.indicators.technical_indicators:calculate_bias:500 | 计算 20 日乖离率完成
2026-03-27 16:31:41 | INFO     | src.core.data_fetcher:save_data:432 | 保存数据到 csv 文件: 002532_with_indicators
2026-03-27 16:31:41 | INFO     | src.indicators.technical_indicators:calculate_williams_r:476 | 计算 10 日威廉指标完成
2026-03-27 16:31:41 | INFO     | src.indicators.technical_indicators:calculate_ma:133 | 计算 5 日移动平均线完成
2026-03-27 16:31:41 | INFO     | src.indicators.technical_indicators:calculate_williams_r:476 | 计算 10 日威廉指标完成
2026-03-27 16:31:41 | INFO     | src.indicators.technical_indicators:calculate_ma:133 | 计算 10 日移动平均线完成
2026-03-27 16:31:41 | INFO     | src.indicators.technical_indicators:calculate_williams_r:476 | 计算 10 日威廉指标完成
2026-03-27 16:31:41 | INFO     | src.indicators.technical_indicators:calculate_ma:133 | 计算 30 日移动平均线完成
2026-03-27 16:31:41 | INFO     | src.indicators.technical_indicators:calculate_ma:133 | 计算 5 日移动平均线完成
2026-03-27 16:31:41 | INFO     | src.indicators.technical_indicators:calculate_bias:500 | 计算 5 日乖离率完成
2026-03-27 16:31:41 | INFO     | src.indicators.technical_indicators:calculate_ma:133 | 计算 5 日移动平均线完成
2026-03-27 16:31:41 | INFO     | src.indicators.technical_indicators:calculate_bias:500 | 计算 10 日乖离率完成
2026-03-27 16:31:41 | INFO     | src.indicators.technical_indicators:calculate_ma:133 | 计算 5 日移动平均线完成
2026-03-27 16:31:41 | INFO     | src.indicators.technical_indicators:calculate_bias:500 | 计算 30 日乖离率完成
2026-03-27 16:31:41 | INFO     | src.indicators.technical_indicators:calculate_bias:500 | 计算 5 日乖离率完成
2026-03-27 16:31:41 | INFO     | src.indicators.technical_indicators:calculate_ma:133 | 计算 10 日移动平均线完成
2026-03-27 16:31:41 | INFO     | src.indicators.technical_indicators:calculate_bias:500 | 计算 5 日乖离率完成
2026-03-27 16:31:41 | INFO     | src.indicators.technical_indicators:calculate_ma:133 | 计算 20 日移动平均线完成
2026-03-27 16:31:41 | INFO     | src.indicators.technical_indicators:calculate_bias:500 | 计算 5 日乖离率完成
2026-03-27 16:31:41 | INFO     | src.indicators.technical_indicators:calculate_ma:133 | 计算 60 日移动平均线完成
2026-03-27 16:31:41 | INFO     | src.indicators.technical_indicators:calculate_ma:133 | 计算 10 日移动平均线完成
2026-03-27 16:31:41 | INFO     | src.indicators.technical_indicators:calculate_bias:500 | 计算 10 日乖离率完成
2026-03-27 16:31:41 | INFO     | src.indicators.technical_indicators:calculate_ma:133 | 计算 10 日移动平均线完成
2026-03-27 16:31:41 | INFO     | src.indicators.technical_indicators:calculate_bias:500 | 计算 20 日乖离率完成
2026-03-27 16:31:41 | INFO     | src.indicators.technical_indicators:calculate_ma:133 | 计算 10 日移动平均线完成
2026-03-27 16:31:41 | INFO     | src.indicators.technical_indicators:calculate_bias:500 | 计算 60 日乖离率完成
2026-03-27 16:31:41 | INFO     | src.indicators.technical_indicators:calculate_bias:500 | 计算 10 日乖离率完成
2026-03-27 16:31:41 | INFO     | src.indicators.technical_indicators:calculate_ma:133 | 计算 20 日移动平均线完成
2026-03-27 16:31:41 | INFO     | src.indicators.technical_indicators:calculate_bias:500 | 计算 10 日乖离率完成
2026-03-27 16:31:41 | INFO     | src.indicators.technical_indicators:calculate_ma:133 | 计算 30 日移动平均线完成
2026-03-27 16:31:41 | INFO     | src.indicators.technical_indicators:calculate_bias:500 | 计算 10 日乖离率完成
2026-03-27 16:31:41 | INFO     | src.indicators.technical_indicators:calculate_ma:133 | 计算 120 日移动平均线完成
2026-03-27 16:31:41 | INFO     | src.indicators.technical_indicators:calculate_ma:133 | 计算 20 日移动平均线完成
2026-03-27 16:31:41 | INFO     | src.indicators.technical_indicators:calculate_bias:500 | 计算 20 日乖离率完成
2026-03-27 16:31:41 | INFO     | src.indicators.technical_indicators:calculate_ma:133 | 计算 20 日移动平均线完成
2026-03-27 16:31:41 | INFO     | src.indicators.technical_indicators:calculate_bias:500 | 计算 30 日乖离率完成
2026-03-27 16:31:41 | INFO     | src.indicators.technical_indicators:calculate_ma:133 | 计算 20 日移动平均线完成
2026-03-27 16:31:41 | INFO     | src.indicators.technical_indicators:calculate_bias:500 | 计算 120 日乖离率完成
2026-03-27 16:31:41 | INFO     | src.indicators.technical_indicators:calculate_bias:500 | 计算 20 日乖离率完成
2026-03-27 16:31:41 | INFO     | src.indicators.technical_indicators:calculate_ma:133 | 计算 30 日移动平均线完成
2026-03-27 16:31:41 | INFO     | src.indicators.technical_indicators:calculate_bias:500 | 计算 20 日乖离率完成
2026-03-27 16:31:41 | INFO     | src.indicators.technical_indicators:calculate_ma:133 | 计算 60 日移动平均线完成
2026-03-27 16:31:41 | INFO     | src.indicators.technical_indicators:calculate_bias:500 | 计算 20 日乖离率完成
2026-03-27 16:31:41 | INFO     | src.indicators.technical_indicators:calculate_ma:133 | 计算 30 日移动平均线完成
2026-03-27 16:31:41 | INFO     | src.indicators.technical_indicators:calculate_ma:133 | 计算 250 日移动平均线完成
2026-03-27 16:31:41 | INFO     | src.indicators.technical_indicators:calculate_bias:500 | 计算 30 日乖离率完成
2026-03-27 16:31:41 | INFO     | src.indicators.technical_indicators:calculate_ma:133 | 计算 30 日移动平均线完成
2026-03-27 16:31:41 | INFO     | src.indicators.technical_indicators:calculate_bias:500 | 计算 60 日乖离率完成
2026-03-27 16:31:41 | INFO     | src.indicators.technical_indicators:calculate_ma:133 | 计算 30 日移动平均线完成
2026-03-27 16:31:41 | INFO     | src.indicators.technical_indicators:calculate_bias:500 | 计算 30 日乖离率完成
2026-03-27 16:31:41 | INFO     | src.core.data_fetcher:save_data:452 | 数据保存成功: ./data\002532_with_indicators.csv
2026-03-27 16:31:41 | INFO     | src.indicators.technical_indicators:calculate_bias:500 | 计算 250 日乖离率完成
2026-03-27 16:31:41 | INFO     | src.indicators.technical_indicators:calculate_ma:133 | 计算 60 日移动平均线完成
2026-03-27 16:31:41 | INFO     | src.indicators.technical_indicators:calculate_bias:500 | 计算 30 日乖离率完成
2026-03-27 16:31:41 | INFO     | src.indicators.technical_indicators:calculate_ma:133 | 计算 120 日移动平均线完成
2026-03-27 16:31:41 | INFO     | src.indicators.technical_indicators:calculate_bias:500 | 计算 30 日乖离率完成
2026-03-27 16:31:41 | INFO     | src.indicators.technical_indicators:calculate_ma:133 | 计算 60 日移动平均线完成
2026-03-27 16:31:41 | INFO     | src.workflow.base:calculate_signals:224 | 对股票 002532 进行信号判断
2026-03-27 16:31:41 | INFO     | src.indicators.technical_indicators:calculate_psy:523 | 计算 10 日心理线完成
2026-03-27 16:31:41 | INFO     | src.indicators.technical_indicators:calculate_bias:500 | 计算 60 日乖离率完成
2026-03-27 16:31:41 | INFO     | src.indicators.technical_indicators:calculate_ma:133 | 计算 60 日移动平均线完成
2026-03-27 16:31:41 | INFO     | src.indicators.technical_indicators:calculate_bias:500 | 计算 120 日乖离率完成
2026-03-27 16:31:41 | INFO     | src.indicators.technical_indicators:calculate_ma:133 | 计算 60 日移动平均线完成
2026-03-27 16:31:41 | INFO     | src.indicators.technical_indicators:calculate_bias:500 | 计算 60 日乖离率完成
2026-03-27 16:31:41 | WARNING  | src.indicators.technical_indicators:calculate_all:635 | 未知的指标类型: rsv_period
2026-03-27 16:31:41 | INFO     | src.core.data_fetcher:save_data:432 | 保存数据到 csv 文件: 002532_signals
2026-03-27 16:31:41 | INFO     | src.indicators.technical_indicators:calculate_ma:133 | 计算 120 日移动平均线完成
2026-03-27 16:31:41 | INFO     | src.indicators.technical_indicators:calculate_bias:500 | 计算 60 日乖离率完成
2026-03-27 16:31:41 | INFO     | src.indicators.technical_indicators:calculate_ma:133 | 计算 250 日移动平均线完成
2026-03-27 16:31:41 | INFO     | src.indicators.technical_indicators:calculate_bias:500 | 计算 60 日乖离率完成
2026-03-27 16:31:41 | INFO     | src.indicators.technical_indicators:calculate_ma:133 | 计算 120 日移动平均线完成
2026-03-27 16:31:41 | WARNING  | src.indicators.technical_indicators:calculate_all:635 | 未知的指标类型: volume_period
2026-03-27 16:31:41 | INFO     | src.indicators.technical_indicators:calculate_bias:500 | 计算 120 日乖离率完成
2026-03-27 16:31:41 | INFO     | src.indicators.technical_indicators:calculate_ma:133 | 计算 120 日移动平均线完成
2026-03-27 16:31:41 | INFO     | src.indicators.technical_indicators:calculate_bias:500 | 计算 250 日乖离率完成
2026-03-27 16:31:41 | INFO     | src.indicators.technical_indicators:calculate_ma:133 | 计算 120 日移动平均线完成
2026-03-27 16:31:41 | INFO     | src.core.data_fetcher:save_data:452 | 数据保存成功: ./data\002532_signals.csv
2026-03-27 16:31:41 | INFO     | src.indicators.technical_indicators:calculate_bias:500 | 计算 120 日乖离率完成
2026-03-27 16:31:41 | INFO     | src.indicators.technical_indicators:calculate_all:640 | 完成计算 45 个技术指标
2026-03-27 16:31:41 | INFO     | src.indicators.technical_indicators:calculate_ma:133 | 计算 250 日移动平均线完成
2026-03-27 16:31:41 | INFO     | src.indicators.technical_indicators:calculate_bias:500 | 计算 120 日乖离率完成
2026-03-27 16:31:41 | INFO     | src.indicators.technical_indicators:calculate_psy:523 | 计算 10 日心理线完成
2026-03-27 16:31:41 | INFO     | src.indicators.technical_indicators:calculate_bias:500 | 计算 120 日乖离率完成
2026-03-27 16:31:41 | INFO     | src.workflow.technical:_process_single_stock:45 |   股票 002532 信号判断完成: 买入 (得分: 0.335)
2026-03-27 16:31:41 | INFO     | src.indicators.technical_indicators:calculate_ma:133 | 计算 250 日移动平均线完成
2026-03-27 16:31:41 | INFO     | src.indicators.technical_indicators:calculate_bias:500 | 计算 250 日乖离率完成
2026-03-27 16:31:41 | INFO     | src.indicators.technical_indicators:calculate_ma:133 | 计算 250 日移动平均线完成
2026-03-27 16:31:41 | WARNING  | src.indicators.technical_indicators:calculate_all:635 | 未知的指标类型: rsv_period
2026-03-27 16:31:41 | INFO     | src.indicators.technical_indicators:calculate_ma:133 | 计算 250 日移动平均线完成
2026-03-27 16:31:41 | INFO     | src.indicators.technical_indicators:calculate_bias:500 | 计算 250 日乖离率完成
2026-03-27 16:31:41 | INFO     | src.indicators.technical_indicators:calculate_psy:523 | 计算 10 日心理线完成
2026-03-27 16:31:41 | INFO     | src.core.data_fetcher:save_data:432 | 保存数据到 csv 文件: 601168_with_indicators
2026-03-27 16:31:41 | INFO     | src.indicators.technical_indicators:calculate_bias:500 | 计算 250 日乖离率完成
2026-03-27 16:31:41 | WARNING  | src.indicators.technical_indicators:calculate_all:635 | 未知的指标类型: volume_period
2026-03-27 16:31:41 | INFO     | src.indicators.technical_indicators:calculate_bias:500 | 计算 250 日乖离率完成
2026-03-27 16:31:41 | INFO     | src.indicators.technical_indicators:calculate_psy:523 | 计算 10 日心理线完成
2026-03-27 16:31:41 | WARNING  | src.indicators.technical_indicators:calculate_all:635 | 未知的指标类型: rsv_period
2026-03-27 16:31:41 | INFO     | src.indicators.technical_indicators:calculate_psy:523 | 计算 10 日心理线完成
2026-03-27 16:31:41 | INFO     | src.indicators.technical_indicators:calculate_all:640 | 完成计算 45 个技术指标
2026-03-27 16:31:41 | INFO     | src.indicators.technical_indicators:calculate_psy:523 | 计算 10 日心理线完成
2026-03-27 16:31:41 | WARNING  | src.indicators.technical_indicators:calculate_all:635 | 未知的指标类型: rsv_period
2026-03-27 16:31:41 | WARNING  | src.indicators.technical_indicators:calculate_all:635 | 未知的指标类型: volume_period
2026-03-27 16:31:41 | WARNING  | src.indicators.technical_indicators:calculate_all:635 | 未知的指标类型: rsv_period
2026-03-27 16:31:41 | INFO     | src.core.data_fetcher:save_data:432 | 保存数据到 csv 文件: 688802_with_indicators
2026-03-27 16:31:41 | WARNING  | src.indicators.technical_indicators:calculate_all:635 | 未知的指标类型: rsv_period
2026-03-27 16:31:41 | WARNING  | src.indicators.technical_indicators:calculate_all:635 | 未知的指标类型: volume_period
2026-03-27 16:31:41 | INFO     | src.indicators.technical_indicators:calculate_all:640 | 完成计算 45 个技术指标
2026-03-27 16:31:41 | WARNING  | src.indicators.technical_indicators:calculate_all:635 | 未知的指标类型: volume_period
2026-03-27 16:31:41 | WARNING  | src.indicators.technical_indicators:calculate_all:635 | 未知的指标类型: volume_period
2026-03-27 16:31:41 | INFO     | src.indicators.technical_indicators:calculate_all:640 | 完成计算 45 个技术指标
2026-03-27 16:31:41 | ERROR    | src.notify.channels.base:send:80 | NtfyChannel 发送异常 (尝试 1/3): HTTPSConnectionPool(host='ntfy.sh', port=443): Max retries exceeded with url: /process-notify-001 (Caused by SSLError(SSLEOFError(8, 'EOF occurred in violation of protocol (_ssl.c:997)')))
2026-03-27 16:31:41 | INFO     | src.core.data_fetcher:save_data:432 | 保存数据到 csv 文件: 688795_with_indicators
2026-03-27 16:31:41 | INFO     | src.indicators.technical_indicators:calculate_all:640 | 完成计算 45 个技术指标
2026-03-27 16:31:41 | INFO     | src.core.data_fetcher:save_data:452 | 数据保存成功: ./data\688802_with_indicators.csv
2026-03-27 16:31:41 | INFO     | src.indicators.technical_indicators:calculate_all:640 | 完成计算 45 个技术指标
2026-03-27 16:31:41 | INFO     | src.core.data_fetcher:save_data:432 | 保存数据到 csv 文件: 001280_with_indicators
2026-03-27 16:31:41 | INFO     | src.core.data_fetcher:save_data:432 | 保存数据到 csv 文件: 688783_with_indicators
2026-03-27 16:31:41 | INFO     | src.workflow.base:calculate_signals:224 | 对股票 688802 进行信号判断
2026-03-27 16:31:41 | INFO     | src.core.data_fetcher:save_data:432 | 保存数据到 csv 文件: 688759_with_indicators
2026-03-27 16:31:41 | INFO     | src.core.data_fetcher:save_data:452 | 数据保存成功: ./data\688795_with_indicators.csv
2026-03-27 16:31:41 | INFO     | src.core.data_fetcher:save_data:432 | 保存数据到 csv 文件: 688802_signals
2026-03-27 16:31:41 | INFO     | src.workflow.base:calculate_signals:224 | 对股票 688795 进行信号判断
2026-03-27 16:31:41 | INFO     | src.core.data_fetcher:save_data:452 | 数据保存成功: ./data\001280_with_indicators.csv
2026-03-27 16:31:41 | INFO     | src.core.data_fetcher:save_data:452 | 数据保存成功: ./data\688783_with_indicators.csv
2026-03-27 16:31:41 | INFO     | src.core.data_fetcher:save_data:452 | 数据保存成功: ./data\688759_with_indicators.csv
2026-03-27 16:31:41 | INFO     | src.core.data_fetcher:save_data:432 | 保存数据到 csv 文件: 688795_signals
2026-03-27 16:31:41 | INFO     | src.core.data_fetcher:save_data:452 | 数据保存成功: ./data\688802_signals.csv
2026-03-27 16:31:41 | INFO     | src.workflow.base:calculate_signals:224 | 对股票 001280 进行信号判断
2026-03-27 16:31:41 | INFO     | src.workflow.base:calculate_signals:224 | 对股票 688783 进行信号判断
2026-03-27 16:31:41 | INFO     | src.workflow.base:calculate_signals:224 | 对股票 688759 进行信号判断
2026-03-27 16:31:41 | INFO     | src.workflow.technical:_process_single_stock:45 |   股票 688802 信号判断完成: 持有 (得分: -0.120)
2026-03-27 16:31:41 | INFO     | src.core.data_fetcher:save_data:432 | 保存数据到 csv 文件: 001280_signals
2026-03-27 16:31:41 | INFO     | src.core.data_fetcher:save_data:432 | 保存数据到 csv 文件: 688783_signals
2026-03-27 16:31:41 | INFO     | src.core.data_fetcher:save_data:452 | 数据保存成功: ./data\688795_signals.csv
2026-03-27 16:31:41 | INFO     | src.core.data_fetcher:save_data:432 | 保存数据到 csv 文件: 688759_signals
2026-03-27 16:31:41 | INFO     | src.workflow.technical:_process_single_stock:45 |   股票 688795 信号判断完成: 买入 (得分: 0.367)
2026-03-27 16:31:41 | INFO     | src.core.data_fetcher:save_data:452 | 数据保存成功: ./data\001280_signals.csv
2026-03-27 16:31:41 | INFO     | src.core.data_fetcher:save_data:452 | 数据保存成功: ./data\688783_signals.csv
2026-03-27 16:31:41 | INFO     | src.workflow.technical:_process_single_stock:45 |   股票 001280 信号判断完成: 持有 (得分: 0.134)
2026-03-27 16:31:41 | INFO     | src.workflow.technical:_process_single_stock:45 |   股票 688783 信号判断完成: 持有 (得分: 0.121)
2026-03-27 16:31:41 | INFO     | src.core.data_fetcher:save_data:452 | 数据保存成功: ./data\688759_signals.csv
2026-03-27 16:31:41 | INFO     | src.core.data_fetcher:save_data:452 | 数据保存成功: ./data\601168_with_indicators.csv
2026-03-27 16:31:41 | INFO     | src.workflow.technical:_process_single_stock:45 |   股票 688759 信号判断完成: 持有 (得分: 0.145)
2026-03-27 16:31:41 | INFO     | src.workflow.base:calculate_signals:224 | 对股票 601168 进行信号判断
2026-03-27 16:31:41 | INFO     | src.core.data_fetcher:save_data:432 | 保存数据到 csv 文件: 601168_signals
2026-03-27 16:31:41 | INFO     | src.core.data_fetcher:save_data:452 | 数据保存成功: ./data\601168_signals.csv
2026-03-27 16:31:41 | INFO     | src.workflow.technical:_process_single_stock:45 |   股票 601168 信号判断完成: 持有 (得分: 0.183)
2026-03-27 16:31:41 | ERROR    | src.notify.channels.base:send:80 | NtfyChannel 发送异常 (尝试 1/3): HTTPSConnectionPool(host='ntfy.sh', port=443): Max retries exceeded with url: /process-notify-001 (Caused by SSLError(SSLEOFError(8, 'EOF occurred in violation of protocol (_ssl.c:997)')))
2026-03-27 16:31:42 | ERROR    | src.notify.channels.base:send:80 | NtfyChannel 发送异常 (尝试 2/3): HTTPSConnectionPool(host='ntfy.sh', port=443): Max retries exceeded with url: /process-notify-001 (Caused by SSLError(SSLEOFError(8, 'EOF occurred in violation of protocol (_ssl.c:997)')))
2026-03-27 16:31:43 | ERROR    | src.notify.channels.base:send:80 | NtfyChannel 发送异常 (尝试 2/3): HTTPSConnectionPool(host='ntfy.sh', port=443): Max retries exceeded with url: /process-notify-001 (Caused by SSLError(SSLEOFError(8, 'EOF occurred in violation of protocol (_ssl.c:997)')))
2026-03-27 16:31:43 | ERROR    | src.notify.channels.base:send:80 | NtfyChannel 发送异常 (尝试 3/3): HTTPSConnectionPool(host='ntfy.sh', port=443): Max retries exceeded with url: /process-notify-001 (Caused by SSLError(SSLEOFError(8, 'EOF occurred in violation of protocol (_ssl.c:997)')))
2026-03-27 16:31:43 | INFO     | src.notify.channels.markdown:_do_send:75 | Markdown 文件已保存: ./notify_logs\notify_20260327_163143.md
2026-03-27 16:31:44 | ERROR    | src.notify.channels.base:send:80 | NtfyChannel 发送异常 (尝试 3/3): HTTPSConnectionPool(host='ntfy.sh', port=443): Max retries exceeded with url: /process-notify-001 (Caused by SSLError(SSLEOFError(8, 'EOF occurred in violation of protocol (_ssl.c:997)')))
2026-03-27 16:31:44 | INFO     | src.notify.channels.markdown:_do_send:75 | Markdown 文件已保存: ./notify_logs\notify_20260327_163144.md
2026-03-27 16:31:44 | ERROR    | src.workflow.technical:process_fund:196 | 处理基金 017193 时失败: unhashable type: 'DataFrame'
2026-03-27 16:31:44 | INFO     | src.workflow.technical:run_batch:226 | 基金 017193 处理完成
2026-03-27 16:31:44 | INFO     | src.workflow.technical:run_batch:227 | ============================================================

2026-03-27 16:31:44 | INFO     | src.workflow.technical:run_batch:219 | 
============================================================
2026-03-27 16:31:44 | INFO     | src.workflow.technical:run_batch:220 | 开始处理基金: 025209
2026-03-27 16:31:44 | INFO     | src.workflow.technical:process_fund:99 | 开始处理基金 025209 的持仓股票技术指标计算
2026-03-27 16:31:44 | INFO     | src.workflow.base:get_fund_holdings:85 | 获取基金 025209 的持仓数据
2026-03-27 16:31:44 | INFO     | src.core.data_fetcher:inner:294 | 获取基金 025209 持仓
2026-03-27 16:31:44 | INFO     | src.core.akshare_provider:get_fund_portfolio:370 | akshare 获取基金 025209 持仓
2026-03-27 16:31:44 | INFO     | src.core.akshare_provider:get_fund_portfolio:379 | 使用 fund_portfolio_hold_em 成功获取基金 025209 持仓
2026-03-27 16:31:44 | INFO     | src.workflow.base:filter_latest_quarter:101 | 过滤最新季度数据
2026-03-27 16:31:44 | INFO     | src.analysis.quarter_filter:filter_latest_quarter_data:63 | 识别到最新季度: 2025年Q4
2026-03-27 16:31:44 | INFO     | src.analysis.quarter_filter:filter_latest_quarter_data:77 | 过滤结果: 从 20 条记录中筛选出 10 条最新季度数据
2026-03-27 16:31:44 | INFO     | src.workflow.technical:process_fund:116 | 最新季度持仓股票数量: 10
2026-03-27 16:31:44 | INFO     | src.workflow.technical:process_fund:117 | 股票代码列表: ['001309', '688525', '300475', '301308', '300223', '603986', '688627', '688233', '688228', '688008']
2026-03-27 16:31:44 | INFO     | src.workflow.base:get_stock_data:115 | 批量处理 10 只股票的数据
2026-03-27 16:31:44 | INFO     | src.data.reader:list_files:221 | 在 data\stock_data 中找到 128 个文件
2026-03-27 16:31:44 | INFO     | src.data.reader:list_stock_files:241 | 找到 128 个股票数据文件
2026-03-27 16:31:44 | INFO     | src.data.reader:read_csv:53 | 读取CSV文件: data\stock_data\001309_kline.csv
2026-03-27 16:31:44 | INFO     | src.data.reader:list_files:221 | 在 data\stock_data 中找到 128 个文件
2026-03-27 16:31:44 | INFO     | src.data.reader:read_csv:57 | 成功读取 905 行数据
2026-03-27 16:31:44 | INFO     | src.data.reader:list_stock_files:241 | 找到 128 个股票数据文件
2026-03-27 16:31:44 | INFO     | src.data.reader:read_csv:53 | 读取CSV文件: data\stock_data\688525_kline.csv
2026-03-27 16:31:44 | INFO     | src.data.reader:read_csv:57 | 成功读取 781 行数据
2026-03-27 16:31:44 | INFO     | src.data.reader:list_files:221 | 在 data\stock_data 中找到 128 个文件
2026-03-27 16:31:44 | INFO     | src.data.reader:list_files:221 | 在 data\stock_data 中找到 128 个文件
2026-03-27 16:31:44 | INFO     | src.data.reader:list_stock_files:241 | 找到 128 个股票数据文件
2026-03-27 16:31:44 | INFO     | src.data.reader:list_stock_files:241 | 找到 128 个股票数据文件
2026-03-27 16:31:44 | INFO     | src.data.reader:read_csv:53 | 读取CSV文件: data\stock_data\301308_kline.csv
2026-03-27 16:31:44 | INFO     | src.data.reader:list_files:221 | 在 data\stock_data 中找到 128 个文件
2026-03-27 16:31:44 | INFO     | src.data.reader:list_files:221 | 在 data\stock_data 中找到 128 个文件
2026-03-27 16:31:44 | INFO     | src.data.reader:read_csv:53 | 读取CSV文件: data\stock_data\300475_kline.csv
2026-03-27 16:31:44 | INFO     | src.data.reader:list_files:221 | 在 data\stock_data 中找到 128 个文件
2026-03-27 16:31:44 | INFO     | src.data.reader:list_files:221 | 在 data\stock_data 中找到 128 个文件
2026-03-27 16:31:44 | INFO     | src.data.reader:list_stock_files:241 | 找到 128 个股票数据文件
2026-03-27 16:31:44 | INFO     | src.data.reader:list_stock_files:241 | 找到 128 个股票数据文件
2026-03-27 16:31:44 | INFO     | src.data.reader:list_stock_files:241 | 找到 128 个股票数据文件
2026-03-27 16:31:44 | INFO     | src.data.reader:list_stock_files:241 | 找到 128 个股票数据文件
2026-03-27 16:31:44 | INFO     | src.data.reader:read_csv:53 | 读取CSV文件: data\stock_data\603986_kline.csv
2026-03-27 16:31:44 | INFO     | src.data.reader:read_csv:53 | 读取CSV文件: data\stock_data\688627_kline.csv
2026-03-27 16:31:44 | INFO     | src.data.reader:read_csv:53 | 读取CSV文件: data\stock_data\300223_kline.csv
2026-03-27 16:31:44 | INFO     | src.data.reader:read_csv:53 | 读取CSV文件: data\stock_data\688233_kline.csv
2026-03-27 16:31:44 | INFO     | src.data.reader:read_csv:57 | 成功读取 880 行数据
2026-03-27 16:31:44 | INFO     | src.data.reader:read_csv:57 | 成功读取 1752 行数据
2026-03-27 16:31:44 | INFO     | src.data.reader:read_csv:57 | 成功读取 651 行数据
2026-03-27 16:31:44 | INFO     | src.data.reader:read_csv:57 | 成功读取 1752 行数据
2026-03-27 16:31:44 | INFO     | src.data.reader:read_csv:57 | 成功读取 1752 行数据
2026-03-27 16:31:44 | INFO     | src.data.reader:read_csv:57 | 成功读取 1478 行数据
2026-03-27 16:31:44 | INFO     | src.data.reader:list_files:221 | 在 data\stock_data 中找到 128 个文件
2026-03-27 16:31:44 | INFO     | src.data.reader:list_stock_files:241 | 找到 128 个股票数据文件
2026-03-27 16:31:44 | INFO     | src.data.reader:read_csv:53 | 读取CSV文件: data\stock_data\688228_kline.csv
2026-03-27 16:31:44 | INFO     | src.data.reader:read_csv:57 | 成功读取 1453 行数据
2026-03-27 16:31:44 | INFO     | src.data.reader:list_files:221 | 在 data\stock_data 中找到 128 个文件
2026-03-27 16:31:44 | INFO     | src.data.reader:list_stock_files:241 | 找到 128 个股票数据文件
2026-03-27 16:31:44 | INFO     | src.data.reader:read_csv:53 | 读取CSV文件: data\stock_data\688008_kline.csv
2026-03-27 16:31:44 | INFO     | src.data.reader:read_csv:57 | 成功读取 1619 行数据
2026-03-27 16:31:44 | INFO     | src.utils.concurrency:process_batch:70 | 获取股票数据: 10/10
2026-03-27 16:31:44 | INFO     | src.workflow.base:get_stock_data:171 | 成功获取 10 只股票的数据
2026-03-27 16:31:44 | INFO     | src.workflow.technical:process_fund:133 | 开始计算技术指标和信号判断
2026-03-27 16:31:44 | INFO     | src.workflow.base:calculate_technical_indicators:188 | 计算股票 001309 的技术指标
2026-03-27 16:31:44 | INFO     | src.workflow.base:calculate_technical_indicators:188 | 计算股票 688525 的技术指标
2026-03-27 16:31:44 | INFO     | src.workflow.base:calculate_technical_indicators:188 | 计算股票 301308 的技术指标
2026-03-27 16:31:44 | INFO     | src.workflow.base:calculate_technical_indicators:188 | 计算股票 300475 的技术指标
2026-03-27 16:31:44 | INFO     | src.indicators.technical_indicators:calculate_ma:133 | 计算 5 日移动平均线完成
2026-03-27 16:31:44 | INFO     | src.indicators.technical_indicators:calculate_ma:133 | 计算 5 日移动平均线完成
2026-03-27 16:31:44 | INFO     | src.indicators.technical_indicators:calculate_ma:133 | 计算 5 日移动平均线完成
2026-03-27 16:31:44 | INFO     | src.workflow.base:calculate_technical_indicators:188 | 计算股票 688627 的技术指标
2026-03-27 16:31:44 | INFO     | src.workflow.base:calculate_technical_indicators:188 | 计算股票 300223 的技术指标
2026-03-27 16:31:44 | INFO     | src.workflow.base:calculate_technical_indicators:188 | 计算股票 603986 的技术指标
2026-03-27 16:31:44 | INFO     | src.indicators.technical_indicators:calculate_ma:133 | 计算 5 日移动平均线完成
2026-03-27 16:31:44 | INFO     | src.indicators.technical_indicators:calculate_ma:133 | 计算 10 日移动平均线完成
2026-03-27 16:31:44 | INFO     | src.workflow.base:calculate_technical_indicators:188 | 计算股票 688233 的技术指标
2026-03-27 16:31:44 | INFO     | src.indicators.technical_indicators:calculate_ma:133 | 计算 10 日移动平均线完成
2026-03-27 16:31:44 | INFO     | src.indicators.technical_indicators:calculate_ma:133 | 计算 10 日移动平均线完成
2026-03-27 16:31:44 | INFO     | src.indicators.technical_indicators:calculate_ma:133 | 计算 5 日移动平均线完成
2026-03-27 16:31:44 | INFO     | src.indicators.technical_indicators:calculate_ma:133 | 计算 5 日移动平均线完成
2026-03-27 16:31:44 | INFO     | src.indicators.technical_indicators:calculate_ma:133 | 计算 5 日移动平均线完成
2026-03-27 16:31:44 | INFO     | src.indicators.technical_indicators:calculate_ma:133 | 计算 20 日移动平均线完成
2026-03-27 16:31:44 | INFO     | src.indicators.technical_indicators:calculate_ma:133 | 计算 10 日移动平均线完成
2026-03-27 16:31:44 | INFO     | src.indicators.technical_indicators:calculate_ma:133 | 计算 5 日移动平均线完成
2026-03-27 16:31:44 | INFO     | src.indicators.technical_indicators:calculate_ma:133 | 计算 20 日移动平均线完成
2026-03-27 16:31:44 | INFO     | src.indicators.technical_indicators:calculate_ma:133 | 计算 20 日移动平均线完成
2026-03-27 16:31:44 | INFO     | src.indicators.technical_indicators:calculate_ma:133 | 计算 10 日移动平均线完成
2026-03-27 16:31:44 | INFO     | src.indicators.technical_indicators:calculate_ma:133 | 计算 10 日移动平均线完成
2026-03-27 16:31:44 | INFO     | src.indicators.technical_indicators:calculate_ma:133 | 计算 10 日移动平均线完成
2026-03-27 16:31:44 | INFO     | src.indicators.technical_indicators:calculate_ma:133 | 计算 30 日移动平均线完成
2026-03-27 16:31:44 | INFO     | src.indicators.technical_indicators:calculate_ma:133 | 计算 20 日移动平均线完成
2026-03-27 16:31:44 | INFO     | src.indicators.technical_indicators:calculate_ma:133 | 计算 10 日移动平均线完成
2026-03-27 16:31:44 | INFO     | src.indicators.technical_indicators:calculate_ma:133 | 计算 30 日移动平均线完成
2026-03-27 16:31:44 | INFO     | src.indicators.technical_indicators:calculate_ma:133 | 计算 30 日移动平均线完成
2026-03-27 16:31:44 | INFO     | src.indicators.technical_indicators:calculate_ma:133 | 计算 20 日移动平均线完成
2026-03-27 16:31:44 | INFO     | src.indicators.technical_indicators:calculate_ma:133 | 计算 20 日移动平均线完成
2026-03-27 16:31:44 | INFO     | src.indicators.technical_indicators:calculate_ma:133 | 计算 20 日移动平均线完成
2026-03-27 16:31:44 | INFO     | src.indicators.technical_indicators:calculate_ma:133 | 计算 60 日移动平均线完成
2026-03-27 16:31:44 | INFO     | src.indicators.technical_indicators:calculate_ma:133 | 计算 30 日移动平均线完成
2026-03-27 16:31:44 | INFO     | src.indicators.technical_indicators:calculate_ma:133 | 计算 20 日移动平均线完成
2026-03-27 16:31:44 | INFO     | src.indicators.technical_indicators:calculate_ma:133 | 计算 60 日移动平均线完成
2026-03-27 16:31:44 | INFO     | src.indicators.technical_indicators:calculate_ma:133 | 计算 60 日移动平均线完成
2026-03-27 16:31:44 | INFO     | src.indicators.technical_indicators:calculate_ma:133 | 计算 30 日移动平均线完成
2026-03-27 16:31:44 | INFO     | src.indicators.technical_indicators:calculate_ma:133 | 计算 30 日移动平均线完成
2026-03-27 16:31:44 | INFO     | src.indicators.technical_indicators:calculate_ma:133 | 计算 30 日移动平均线完成
2026-03-27 16:31:44 | INFO     | src.indicators.technical_indicators:calculate_ma:133 | 计算 120 日移动平均线完成
2026-03-27 16:31:44 | INFO     | src.indicators.technical_indicators:calculate_ma:133 | 计算 60 日移动平均线完成
2026-03-27 16:31:44 | INFO     | src.indicators.technical_indicators:calculate_ma:133 | 计算 30 日移动平均线完成
2026-03-27 16:31:44 | INFO     | src.indicators.technical_indicators:calculate_ma:133 | 计算 120 日移动平均线完成
2026-03-27 16:31:44 | INFO     | src.indicators.technical_indicators:calculate_ma:133 | 计算 120 日移动平均线完成
2026-03-27 16:31:44 | INFO     | src.indicators.technical_indicators:calculate_ma:133 | 计算 60 日移动平均线完成
2026-03-27 16:31:44 | INFO     | src.indicators.technical_indicators:calculate_ma:133 | 计算 60 日移动平均线完成
2026-03-27 16:31:44 | INFO     | src.indicators.technical_indicators:calculate_ma:133 | 计算 60 日移动平均线完成
2026-03-27 16:31:44 | INFO     | src.indicators.technical_indicators:calculate_ma:133 | 计算 250 日移动平均线完成
2026-03-27 16:31:44 | INFO     | src.indicators.technical_indicators:calculate_ma:133 | 计算 120 日移动平均线完成
2026-03-27 16:31:44 | INFO     | src.indicators.technical_indicators:calculate_ma:133 | 计算 60 日移动平均线完成
2026-03-27 16:31:44 | INFO     | src.indicators.technical_indicators:calculate_ma:133 | 计算 250 日移动平均线完成
2026-03-27 16:31:44 | INFO     | src.indicators.technical_indicators:calculate_ma:133 | 计算 250 日移动平均线完成
2026-03-27 16:31:44 | INFO     | src.indicators.technical_indicators:calculate_ma:133 | 计算 120 日移动平均线完成
2026-03-27 16:31:44 | INFO     | src.indicators.technical_indicators:calculate_ma:133 | 计算 120 日移动平均线完成
2026-03-27 16:31:44 | INFO     | src.indicators.technical_indicators:calculate_ma:133 | 计算 120 日移动平均线完成
2026-03-27 16:31:44 | INFO     | src.indicators.technical_indicators:calculate_sma:157 | 计算 5 日简单移动平均线完成
2026-03-27 16:31:44 | INFO     | src.indicators.technical_indicators:calculate_ma:133 | 计算 250 日移动平均线完成
2026-03-27 16:31:44 | INFO     | src.indicators.technical_indicators:calculate_ma:133 | 计算 120 日移动平均线完成
2026-03-27 16:31:44 | INFO     | src.indicators.technical_indicators:calculate_sma:157 | 计算 5 日简单移动平均线完成
2026-03-27 16:31:44 | INFO     | src.indicators.technical_indicators:calculate_sma:157 | 计算 5 日简单移动平均线完成
2026-03-27 16:31:44 | INFO     | src.indicators.technical_indicators:calculate_ma:133 | 计算 250 日移动平均线完成
2026-03-27 16:31:44 | INFO     | src.indicators.technical_indicators:calculate_ma:133 | 计算 250 日移动平均线完成
2026-03-27 16:31:44 | INFO     | src.indicators.technical_indicators:calculate_ma:133 | 计算 250 日移动平均线完成
2026-03-27 16:31:44 | INFO     | src.indicators.technical_indicators:calculate_sma:157 | 计算 10 日简单移动平均线完成
2026-03-27 16:31:44 | INFO     | src.indicators.technical_indicators:calculate_sma:157 | 计算 5 日简单移动平均线完成
2026-03-27 16:31:44 | INFO     | src.indicators.technical_indicators:calculate_ma:133 | 计算 250 日移动平均线完成
2026-03-27 16:31:44 | INFO     | src.indicators.technical_indicators:calculate_sma:157 | 计算 10 日简单移动平均线完成
2026-03-27 16:31:44 | INFO     | src.indicators.technical_indicators:calculate_sma:157 | 计算 10 日简单移动平均线完成
2026-03-27 16:31:44 | INFO     | src.indicators.technical_indicators:calculate_sma:157 | 计算 5 日简单移动平均线完成
2026-03-27 16:31:44 | INFO     | src.indicators.technical_indicators:calculate_sma:157 | 计算 5 日简单移动平均线完成
2026-03-27 16:31:44 | INFO     | src.indicators.technical_indicators:calculate_sma:157 | 计算 5 日简单移动平均线完成
2026-03-27 16:31:44 | INFO     | src.indicators.technical_indicators:calculate_sma:157 | 计算 20 日简单移动平均线完成
2026-03-27 16:31:44 | INFO     | src.indicators.technical_indicators:calculate_sma:157 | 计算 10 日简单移动平均线完成
2026-03-27 16:31:44 | INFO     | src.indicators.technical_indicators:calculate_sma:157 | 计算 5 日简单移动平均线完成
2026-03-27 16:31:44 | INFO     | src.indicators.technical_indicators:calculate_sma:157 | 计算 20 日简单移动平均线完成
2026-03-27 16:31:44 | INFO     | src.indicators.technical_indicators:calculate_sma:157 | 计算 20 日简单移动平均线完成
2026-03-27 16:31:44 | INFO     | src.indicators.technical_indicators:calculate_sma:157 | 计算 10 日简单移动平均线完成
2026-03-27 16:31:44 | INFO     | src.indicators.technical_indicators:calculate_sma:157 | 计算 10 日简单移动平均线完成
2026-03-27 16:31:44 | INFO     | src.indicators.technical_indicators:calculate_sma:157 | 计算 10 日简单移动平均线完成
2026-03-27 16:31:44 | INFO     | src.indicators.technical_indicators:calculate_sma:157 | 计算 30 日简单移动平均线完成
2026-03-27 16:31:44 | INFO     | src.indicators.technical_indicators:calculate_sma:157 | 计算 20 日简单移动平均线完成
2026-03-27 16:31:44 | INFO     | src.indicators.technical_indicators:calculate_sma:157 | 计算 10 日简单移动平均线完成
2026-03-27 16:31:44 | INFO     | src.indicators.technical_indicators:calculate_sma:157 | 计算 30 日简单移动平均线完成
2026-03-27 16:31:44 | INFO     | src.indicators.technical_indicators:calculate_sma:157 | 计算 30 日简单移动平均线完成
2026-03-27 16:31:44 | INFO     | src.indicators.technical_indicators:calculate_sma:157 | 计算 20 日简单移动平均线完成
2026-03-27 16:31:44 | INFO     | src.indicators.technical_indicators:calculate_sma:157 | 计算 20 日简单移动平均线完成
2026-03-27 16:31:44 | INFO     | src.indicators.technical_indicators:calculate_sma:157 | 计算 20 日简单移动平均线完成
2026-03-27 16:31:44 | INFO     | src.indicators.technical_indicators:calculate_sma:157 | 计算 60 日简单移动平均线完成
2026-03-27 16:31:44 | INFO     | src.indicators.technical_indicators:calculate_sma:157 | 计算 30 日简单移动平均线完成
2026-03-27 16:31:44 | INFO     | src.indicators.technical_indicators:calculate_sma:157 | 计算 20 日简单移动平均线完成
2026-03-27 16:31:44 | INFO     | src.indicators.technical_indicators:calculate_sma:157 | 计算 60 日简单移动平均线完成
2026-03-27 16:31:44 | INFO     | src.indicators.technical_indicators:calculate_sma:157 | 计算 30 日简单移动平均线完成
2026-03-27 16:31:44 | INFO     | src.indicators.technical_indicators:calculate_sma:157 | 计算 60 日简单移动平均线完成
2026-03-27 16:31:44 | INFO     | src.indicators.technical_indicators:calculate_sma:157 | 计算 30 日简单移动平均线完成
2026-03-27 16:31:44 | INFO     | src.indicators.technical_indicators:calculate_sma:157 | 计算 30 日简单移动平均线完成
2026-03-27 16:31:44 | INFO     | src.indicators.technical_indicators:calculate_sma:157 | 计算 120 日简单移动平均线完成
2026-03-27 16:31:44 | INFO     | src.indicators.technical_indicators:calculate_sma:157 | 计算 60 日简单移动平均线完成
2026-03-27 16:31:44 | INFO     | src.indicators.technical_indicators:calculate_sma:157 | 计算 30 日简单移动平均线完成
2026-03-27 16:31:44 | INFO     | src.indicators.technical_indicators:calculate_sma:157 | 计算 120 日简单移动平均线完成
2026-03-27 16:31:44 | INFO     | src.indicators.technical_indicators:calculate_sma:157 | 计算 60 日简单移动平均线完成
2026-03-27 16:31:44 | INFO     | src.indicators.technical_indicators:calculate_sma:157 | 计算 120 日简单移动平均线完成
2026-03-27 16:31:44 | INFO     | src.indicators.technical_indicators:calculate_sma:157 | 计算 60 日简单移动平均线完成
2026-03-27 16:31:44 | INFO     | src.indicators.technical_indicators:calculate_sma:157 | 计算 60 日简单移动平均线完成
2026-03-27 16:31:44 | INFO     | src.indicators.technical_indicators:calculate_sma:157 | 计算 250 日简单移动平均线完成
2026-03-27 16:31:44 | INFO     | src.indicators.technical_indicators:calculate_sma:157 | 计算 120 日简单移动平均线完成
2026-03-27 16:31:44 | INFO     | src.indicators.technical_indicators:calculate_sma:157 | 计算 60 日简单移动平均线完成
2026-03-27 16:31:44 | INFO     | src.indicators.technical_indicators:calculate_sma:157 | 计算 250 日简单移动平均线完成
2026-03-27 16:31:44 | INFO     | src.indicators.technical_indicators:calculate_sma:157 | 计算 120 日简单移动平均线完成
2026-03-27 16:31:44 | INFO     | src.indicators.technical_indicators:calculate_sma:157 | 计算 250 日简单移动平均线完成
2026-03-27 16:31:44 | INFO     | src.indicators.technical_indicators:calculate_sma:157 | 计算 120 日简单移动平均线完成
2026-03-27 16:31:44 | INFO     | src.indicators.technical_indicators:calculate_sma:157 | 计算 120 日简单移动平均线完成
2026-03-27 16:31:44 | INFO     | src.indicators.technical_indicators:calculate_ema:182 | 计算 12 日指数移动平均线完成
2026-03-27 16:31:44 | INFO     | src.indicators.technical_indicators:calculate_sma:157 | 计算 250 日简单移动平均线完成
2026-03-27 16:31:44 | INFO     | src.indicators.technical_indicators:calculate_sma:157 | 计算 120 日简单移动平均线完成
2026-03-27 16:31:44 | INFO     | src.indicators.technical_indicators:calculate_ema:182 | 计算 12 日指数移动平均线完成
2026-03-27 16:31:44 | INFO     | src.indicators.technical_indicators:calculate_sma:157 | 计算 250 日简单移动平均线完成
2026-03-27 16:31:44 | INFO     | src.indicators.technical_indicators:calculate_ema:182 | 计算 12 日指数移动平均线完成
2026-03-27 16:31:44 | INFO     | src.indicators.technical_indicators:calculate_sma:157 | 计算 250 日简单移动平均线完成
2026-03-27 16:31:44 | INFO     | src.indicators.technical_indicators:calculate_sma:157 | 计算 250 日简单移动平均线完成
2026-03-27 16:31:44 | INFO     | src.indicators.technical_indicators:calculate_ema:182 | 计算 26 日指数移动平均线完成
2026-03-27 16:31:44 | INFO     | src.indicators.technical_indicators:calculate_ema:182 | 计算 12 日指数移动平均线完成
2026-03-27 16:31:44 | INFO     | src.indicators.technical_indicators:calculate_sma:157 | 计算 250 日简单移动平均线完成
2026-03-27 16:31:44 | INFO     | src.indicators.technical_indicators:calculate_ema:182 | 计算 26 日指数移动平均线完成
2026-03-27 16:31:44 | INFO     | src.indicators.technical_indicators:calculate_ema:182 | 计算 12 日指数移动平均线完成
2026-03-27 16:31:44 | INFO     | src.indicators.technical_indicators:calculate_ema:182 | 计算 26 日指数移动平均线完成
2026-03-27 16:31:44 | INFO     | src.indicators.technical_indicators:calculate_ema:182 | 计算 12 日指数移动平均线完成
2026-03-27 16:31:44 | INFO     | src.indicators.technical_indicators:calculate_ema:182 | 计算 12 日指数移动平均线完成
2026-03-27 16:31:44 | INFO     | src.indicators.technical_indicators:calculate_ema:182 | 计算 26 日指数移动平均线完成
2026-03-27 16:31:44 | INFO     | src.indicators.technical_indicators:calculate_rsi:221 | 计算 6 日RSI完成
2026-03-27 16:31:44 | INFO     | src.indicators.technical_indicators:calculate_ema:182 | 计算 12 日指数移动平均线完成
2026-03-27 16:31:44 | INFO     | src.indicators.technical_indicators:calculate_rsi:221 | 计算 6 日RSI完成
2026-03-27 16:31:44 | INFO     | src.indicators.technical_indicators:calculate_ema:182 | 计算 26 日指数移动平均线完成
2026-03-27 16:31:44 | INFO     | src.indicators.technical_indicators:calculate_ema:182 | 计算 26 日指数移动平均线完成
2026-03-27 16:31:44 | INFO     | src.indicators.technical_indicators:calculate_rsi:221 | 计算 6 日RSI完成
2026-03-27 16:31:44 | INFO     | src.indicators.technical_indicators:calculate_ema:182 | 计算 26 日指数移动平均线完成
2026-03-27 16:31:44 | INFO     | src.indicators.technical_indicators:calculate_ema:182 | 计算 26 日指数移动平均线完成
2026-03-27 16:31:44 | INFO     | src.indicators.technical_indicators:calculate_rsi:221 | 计算 12 日RSI完成
2026-03-27 16:31:44 | INFO     | src.indicators.technical_indicators:calculate_rsi:221 | 计算 6 日RSI完成
2026-03-27 16:31:44 | INFO     | src.indicators.technical_indicators:calculate_rsi:221 | 计算 6 日RSI完成
2026-03-27 16:31:44 | INFO     | src.indicators.technical_indicators:calculate_rsi:221 | 计算 12 日RSI完成
2026-03-27 16:31:44 | INFO     | src.indicators.technical_indicators:calculate_rsi:221 | 计算 12 日RSI完成
2026-03-27 16:31:44 | INFO     | src.indicators.technical_indicators:calculate_rsi:221 | 计算 6 日RSI完成
2026-03-27 16:31:44 | INFO     | src.indicators.technical_indicators:calculate_rsi:221 | 计算 6 日RSI完成
2026-03-27 16:31:44 | INFO     | src.indicators.technical_indicators:calculate_rsi:221 | 计算 6 日RSI完成
2026-03-27 16:31:44 | INFO     | src.indicators.technical_indicators:calculate_rsi:221 | 计算 24 日RSI完成
2026-03-27 16:31:44 | INFO     | src.indicators.technical_indicators:calculate_rsi:221 | 计算 12 日RSI完成
2026-03-27 16:31:44 | INFO     | src.indicators.technical_indicators:calculate_rsi:221 | 计算 12 日RSI完成
2026-03-27 16:31:44 | INFO     | src.indicators.technical_indicators:calculate_rsi:221 | 计算 24 日RSI完成
2026-03-27 16:31:44 | INFO     | src.indicators.technical_indicators:calculate_rsi:221 | 计算 24 日RSI完成
2026-03-27 16:31:44 | INFO     | src.indicators.technical_indicators:calculate_rsi:221 | 计算 12 日RSI完成
2026-03-27 16:31:44 | INFO     | src.indicators.technical_indicators:calculate_rsi:221 | 计算 12 日RSI完成
2026-03-27 16:31:44 | INFO     | src.indicators.technical_indicators:calculate_rsi:221 | 计算 12 日RSI完成
2026-03-27 16:31:44 | INFO     | src.indicators.technical_indicators:calculate_macd:263 | 计算MACD完成：快线=12, 慢线=26, 信号线=9
2026-03-27 16:31:44 | INFO     | src.indicators.technical_indicators:calculate_rsi:221 | 计算 24 日RSI完成
2026-03-27 16:31:44 | INFO     | src.indicators.technical_indicators:calculate_rsi:221 | 计算 24 日RSI完成
2026-03-27 16:31:44 | INFO     | src.indicators.technical_indicators:calculate_macd:263 | 计算MACD完成：快线=12, 慢线=26, 信号线=9
2026-03-27 16:31:44 | INFO     | src.indicators.technical_indicators:calculate_macd:263 | 计算MACD完成：快线=12, 慢线=26, 信号线=9
2026-03-27 16:31:44 | INFO     | src.indicators.technical_indicators:calculate_rsi:221 | 计算 24 日RSI完成
2026-03-27 16:31:44 | INFO     | src.indicators.technical_indicators:calculate_rsi:221 | 计算 24 日RSI完成
2026-03-27 16:31:44 | INFO     | src.indicators.technical_indicators:calculate_rsi:221 | 计算 24 日RSI完成
2026-03-27 16:31:44 | INFO     | src.indicators.technical_indicators:calculate_macd:263 | 计算MACD完成：快线=12, 慢线=26, 信号线=12
2026-03-27 16:31:44 | INFO     | src.indicators.technical_indicators:calculate_macd:263 | 计算MACD完成：快线=12, 慢线=26, 信号线=9
2026-03-27 16:31:44 | INFO     | src.indicators.technical_indicators:calculate_macd:263 | 计算MACD完成：快线=12, 慢线=26, 信号线=9
2026-03-27 16:31:44 | INFO     | src.indicators.technical_indicators:calculate_macd:263 | 计算MACD完成：快线=12, 慢线=26, 信号线=12
2026-03-27 16:31:44 | INFO     | src.indicators.technical_indicators:calculate_macd:263 | 计算MACD完成：快线=12, 慢线=26, 信号线=12
2026-03-27 16:31:44 | INFO     | src.indicators.technical_indicators:calculate_macd:263 | 计算MACD完成：快线=12, 慢线=26, 信号线=9
2026-03-27 16:31:44 | INFO     | src.indicators.technical_indicators:calculate_macd:263 | 计算MACD完成：快线=12, 慢线=26, 信号线=9
2026-03-27 16:31:44 | INFO     | src.indicators.technical_indicators:calculate_macd:263 | 计算MACD完成：快线=12, 慢线=26, 信号线=9
2026-03-27 16:31:44 | INFO     | src.indicators.technical_indicators:calculate_boll:303 | 计算布林带完成：周期=20, 标准差倍数=2
2026-03-27 16:31:44 | INFO     | src.indicators.technical_indicators:calculate_macd:263 | 计算MACD完成：快线=12, 慢线=26, 信号线=12
2026-03-27 16:31:44 | INFO     | src.indicators.technical_indicators:calculate_macd:263 | 计算MACD完成：快线=12, 慢线=26, 信号线=12
2026-03-27 16:31:44 | INFO     | src.indicators.technical_indicators:calculate_boll:303 | 计算布林带完成：周期=20, 标准差倍数=2
2026-03-27 16:31:44 | INFO     | src.indicators.technical_indicators:calculate_boll:303 | 计算布林带完成：周期=20, 标准差倍数=2
2026-03-27 16:31:44 | INFO     | src.indicators.technical_indicators:calculate_macd:263 | 计算MACD完成：快线=12, 慢线=26, 信号线=12
2026-03-27 16:31:44 | INFO     | src.indicators.technical_indicators:calculate_macd:263 | 计算MACD完成：快线=12, 慢线=26, 信号线=12
2026-03-27 16:31:44 | INFO     | src.indicators.technical_indicators:calculate_macd:263 | 计算MACD完成：快线=12, 慢线=26, 信号线=12
2026-03-27 16:31:44 | INFO     | src.indicators.technical_indicators:calculate_kdj:350 | 计算KDJ完成：K周期=9, D周期=3, J周期=3
2026-03-27 16:31:44 | INFO     | src.indicators.technical_indicators:calculate_boll:303 | 计算布林带完成：周期=20, 标准差倍数=2
2026-03-27 16:31:44 | INFO     | src.indicators.technical_indicators:calculate_boll:303 | 计算布林带完成：周期=20, 标准差倍数=2
2026-03-27 16:31:44 | INFO     | src.indicators.technical_indicators:calculate_kdj:350 | 计算KDJ完成：K周期=9, D周期=3, J周期=3
2026-03-27 16:31:44 | INFO     | src.indicators.technical_indicators:calculate_kdj:350 | 计算KDJ完成：K周期=9, D周期=3, J周期=3
2026-03-27 16:31:44 | INFO     | src.indicators.technical_indicators:calculate_boll:303 | 计算布林带完成：周期=20, 标准差倍数=2
2026-03-27 16:31:44 | INFO     | src.indicators.technical_indicators:calculate_boll:303 | 计算布林带完成：周期=20, 标准差倍数=2
2026-03-27 16:31:44 | INFO     | src.indicators.technical_indicators:calculate_boll:303 | 计算布林带完成：周期=20, 标准差倍数=2
2026-03-27 16:31:44 | INFO     | src.indicators.technical_indicators:calculate_kdj:350 | 计算KDJ完成：K周期=10, D周期=3, J周期=3
2026-03-27 16:31:45 | INFO     | src.indicators.technical_indicators:calculate_kdj:350 | 计算KDJ完成：K周期=9, D周期=3, J周期=3
2026-03-27 16:31:45 | INFO     | src.indicators.technical_indicators:calculate_kdj:350 | 计算KDJ完成：K周期=9, D周期=3, J周期=3
2026-03-27 16:31:45 | INFO     | src.indicators.technical_indicators:calculate_kdj:350 | 计算KDJ完成：K周期=10, D周期=3, J周期=3
2026-03-27 16:31:45 | INFO     | src.indicators.technical_indicators:calculate_kdj:350 | 计算KDJ完成：K周期=10, D周期=3, J周期=3
2026-03-27 16:31:45 | INFO     | src.indicators.technical_indicators:calculate_kdj:350 | 计算KDJ完成：K周期=9, D周期=3, J周期=3
2026-03-27 16:31:45 | INFO     | src.indicators.technical_indicators:calculate_kdj:350 | 计算KDJ完成：K周期=9, D周期=3, J周期=3
2026-03-27 16:31:45 | INFO     | src.indicators.technical_indicators:calculate_kdj:350 | 计算KDJ完成：K周期=9, D周期=3, J周期=3
2026-03-27 16:31:45 | INFO     | src.indicators.technical_indicators:calculate_atr:385 | 计算 10 日ATR完成
2026-03-27 16:31:45 | INFO     | src.indicators.technical_indicators:calculate_kdj:350 | 计算KDJ完成：K周期=10, D周期=3, J周期=3
2026-03-27 16:31:45 | INFO     | src.indicators.technical_indicators:calculate_kdj:350 | 计算KDJ完成：K周期=10, D周期=3, J周期=3
2026-03-27 16:31:45 | INFO     | src.indicators.technical_indicators:calculate_atr:385 | 计算 10 日ATR完成
2026-03-27 16:31:45 | INFO     | src.indicators.technical_indicators:calculate_atr:385 | 计算 10 日ATR完成
2026-03-27 16:31:45 | INFO     | src.indicators.technical_indicators:calculate_kdj:350 | 计算KDJ完成：K周期=10, D周期=3, J周期=3
2026-03-27 16:31:45 | INFO     | src.indicators.technical_indicators:calculate_kdj:350 | 计算KDJ完成：K周期=10, D周期=3, J周期=3
2026-03-27 16:31:45 | INFO     | src.indicators.technical_indicators:calculate_kdj:350 | 计算KDJ完成：K周期=10, D周期=3, J周期=3
2026-03-27 16:31:45 | INFO     | src.indicators.technical_indicators:calculate_cci:446 | 计算 20 日CCI完成
2026-03-27 16:31:45 | INFO     | src.indicators.technical_indicators:calculate_atr:385 | 计算 10 日ATR完成
2026-03-27 16:31:45 | INFO     | src.indicators.technical_indicators:calculate_atr:385 | 计算 10 日ATR完成
2026-03-27 16:31:45 | INFO     | src.indicators.technical_indicators:calculate_cci:446 | 计算 20 日CCI完成
2026-03-27 16:31:45 | INFO     | src.indicators.technical_indicators:calculate_atr:385 | 计算 10 日ATR完成
2026-03-27 16:31:45 | INFO     | src.indicators.technical_indicators:calculate_atr:385 | 计算 10 日ATR完成
2026-03-27 16:31:45 | INFO     | src.indicators.technical_indicators:calculate_atr:385 | 计算 10 日ATR完成
2026-03-27 16:31:45 | INFO     | src.indicators.technical_indicators:calculate_cci:446 | 计算 20 日CCI完成
2026-03-27 16:31:45 | INFO     | src.indicators.technical_indicators:calculate_williams_r:476 | 计算 10 日威廉指标完成
2026-03-27 16:31:45 | INFO     | src.indicators.technical_indicators:calculate_williams_r:476 | 计算 10 日威廉指标完成
2026-03-27 16:31:46 | INFO     | src.indicators.technical_indicators:calculate_cci:446 | 计算 20 日CCI完成
2026-03-27 16:31:46 | INFO     | src.indicators.technical_indicators:calculate_cci:446 | 计算 20 日CCI完成
2026-03-27 16:31:46 | INFO     | src.indicators.technical_indicators:calculate_cci:446 | 计算 20 日CCI完成
2026-03-27 16:31:46 | INFO     | src.indicators.technical_indicators:calculate_ma:133 | 计算 5 日移动平均线完成
2026-03-27 16:31:46 | INFO     | src.indicators.technical_indicators:calculate_williams_r:476 | 计算 10 日威廉指标完成
2026-03-27 16:31:46 | INFO     | src.indicators.technical_indicators:calculate_cci:446 | 计算 20 日CCI完成
2026-03-27 16:31:46 | INFO     | src.indicators.technical_indicators:calculate_ma:133 | 计算 5 日移动平均线完成
2026-03-27 16:31:46 | INFO     | src.indicators.technical_indicators:calculate_cci:446 | 计算 20 日CCI完成
2026-03-27 16:31:46 | INFO     | src.indicators.technical_indicators:calculate_williams_r:476 | 计算 10 日威廉指标完成
2026-03-27 16:31:46 | INFO     | src.indicators.technical_indicators:calculate_williams_r:476 | 计算 10 日威廉指标完成
2026-03-27 16:31:46 | INFO     | src.indicators.technical_indicators:calculate_bias:500 | 计算 5 日乖离率完成
2026-03-27 16:31:46 | INFO     | src.indicators.technical_indicators:calculate_williams_r:476 | 计算 10 日威廉指标完成
2026-03-27 16:31:46 | INFO     | src.indicators.technical_indicators:calculate_ma:133 | 计算 5 日移动平均线完成
2026-03-27 16:31:46 | INFO     | src.indicators.technical_indicators:calculate_williams_r:476 | 计算 10 日威廉指标完成
2026-03-27 16:31:46 | INFO     | src.indicators.technical_indicators:calculate_bias:500 | 计算 5 日乖离率完成
2026-03-27 16:31:46 | INFO     | src.indicators.technical_indicators:calculate_williams_r:476 | 计算 10 日威廉指标完成
2026-03-27 16:31:46 | INFO     | src.indicators.technical_indicators:calculate_ma:133 | 计算 5 日移动平均线完成
2026-03-27 16:31:46 | INFO     | src.indicators.technical_indicators:calculate_ma:133 | 计算 5 日移动平均线完成
2026-03-27 16:31:46 | INFO     | src.indicators.technical_indicators:calculate_ma:133 | 计算 10 日移动平均线完成
2026-03-27 16:31:46 | INFO     | src.indicators.technical_indicators:calculate_ma:133 | 计算 5 日移动平均线完成
2026-03-27 16:31:46 | INFO     | src.indicators.technical_indicators:calculate_bias:500 | 计算 5 日乖离率完成
2026-03-27 16:31:46 | INFO     | src.indicators.technical_indicators:calculate_ma:133 | 计算 5 日移动平均线完成
2026-03-27 16:31:46 | INFO     | src.indicators.technical_indicators:calculate_ma:133 | 计算 10 日移动平均线完成
2026-03-27 16:31:46 | INFO     | src.indicators.technical_indicators:calculate_bias:500 | 计算 5 日乖离率完成
2026-03-27 16:31:46 | INFO     | src.indicators.technical_indicators:calculate_ma:133 | 计算 5 日移动平均线完成
2026-03-27 16:31:46 | INFO     | src.indicators.technical_indicators:calculate_bias:500 | 计算 5 日乖离率完成
2026-03-27 16:31:46 | INFO     | src.indicators.technical_indicators:calculate_bias:500 | 计算 10 日乖离率完成
2026-03-27 16:31:46 | INFO     | src.indicators.technical_indicators:calculate_bias:500 | 计算 5 日乖离率完成
2026-03-27 16:31:46 | INFO     | src.indicators.technical_indicators:calculate_ma:133 | 计算 10 日移动平均线完成
2026-03-27 16:31:46 | INFO     | src.indicators.technical_indicators:calculate_bias:500 | 计算 5 日乖离率完成
2026-03-27 16:31:46 | INFO     | src.indicators.technical_indicators:calculate_bias:500 | 计算 10 日乖离率完成
2026-03-27 16:31:46 | INFO     | src.indicators.technical_indicators:calculate_ma:133 | 计算 10 日移动平均线完成
2026-03-27 16:31:46 | INFO     | src.indicators.technical_indicators:calculate_bias:500 | 计算 5 日乖离率完成
2026-03-27 16:31:46 | INFO     | src.indicators.technical_indicators:calculate_ma:133 | 计算 10 日移动平均线完成
2026-03-27 16:31:46 | INFO     | src.indicators.technical_indicators:calculate_ma:133 | 计算 20 日移动平均线完成
2026-03-27 16:31:46 | INFO     | src.indicators.technical_indicators:calculate_ma:133 | 计算 10 日移动平均线完成
2026-03-27 16:31:46 | INFO     | src.indicators.technical_indicators:calculate_bias:500 | 计算 10 日乖离率完成
2026-03-27 16:31:46 | INFO     | src.indicators.technical_indicators:calculate_ma:133 | 计算 10 日移动平均线完成
2026-03-27 16:31:46 | INFO     | src.indicators.technical_indicators:calculate_ma:133 | 计算 20 日移动平均线完成
2026-03-27 16:31:46 | INFO     | src.indicators.technical_indicators:calculate_bias:500 | 计算 10 日乖离率完成
2026-03-27 16:31:46 | INFO     | src.indicators.technical_indicators:calculate_ma:133 | 计算 10 日移动平均线完成
2026-03-27 16:31:46 | INFO     | src.indicators.technical_indicators:calculate_bias:500 | 计算 10 日乖离率完成
2026-03-27 16:31:46 | INFO     | src.indicators.technical_indicators:calculate_bias:500 | 计算 20 日乖离率完成
2026-03-27 16:31:46 | INFO     | src.indicators.technical_indicators:calculate_bias:500 | 计算 10 日乖离率完成
2026-03-27 16:31:46 | INFO     | src.indicators.technical_indicators:calculate_ma:133 | 计算 20 日移动平均线完成
2026-03-27 16:31:46 | INFO     | src.indicators.technical_indicators:calculate_bias:500 | 计算 10 日乖离率完成
2026-03-27 16:31:46 | INFO     | src.indicators.technical_indicators:calculate_bias:500 | 计算 20 日乖离率完成
2026-03-27 16:31:46 | INFO     | src.indicators.technical_indicators:calculate_ma:133 | 计算 20 日移动平均线完成
2026-03-27 16:31:46 | INFO     | src.indicators.technical_indicators:calculate_bias:500 | 计算 10 日乖离率完成
2026-03-27 16:31:46 | INFO     | src.indicators.technical_indicators:calculate_ma:133 | 计算 20 日移动平均线完成
2026-03-27 16:31:46 | INFO     | src.indicators.technical_indicators:calculate_ma:133 | 计算 30 日移动平均线完成
2026-03-27 16:31:46 | INFO     | src.indicators.technical_indicators:calculate_ma:133 | 计算 20 日移动平均线完成
2026-03-27 16:31:46 | INFO     | src.indicators.technical_indicators:calculate_bias:500 | 计算 20 日乖离率完成
2026-03-27 16:31:46 | INFO     | src.indicators.technical_indicators:calculate_ma:133 | 计算 20 日移动平均线完成
2026-03-27 16:31:46 | INFO     | src.indicators.technical_indicators:calculate_ma:133 | 计算 30 日移动平均线完成
2026-03-27 16:31:46 | INFO     | src.indicators.technical_indicators:calculate_bias:500 | 计算 20 日乖离率完成
2026-03-27 16:31:46 | INFO     | src.indicators.technical_indicators:calculate_ma:133 | 计算 20 日移动平均线完成
2026-03-27 16:31:46 | INFO     | src.indicators.technical_indicators:calculate_bias:500 | 计算 20 日乖离率完成
2026-03-27 16:31:46 | INFO     | src.indicators.technical_indicators:calculate_bias:500 | 计算 30 日乖离率完成
2026-03-27 16:31:46 | INFO     | src.indicators.technical_indicators:calculate_bias:500 | 计算 20 日乖离率完成
2026-03-27 16:31:46 | INFO     | src.indicators.technical_indicators:calculate_ma:133 | 计算 30 日移动平均线完成
2026-03-27 16:31:46 | INFO     | src.indicators.technical_indicators:calculate_bias:500 | 计算 20 日乖离率完成
2026-03-27 16:31:46 | INFO     | src.indicators.technical_indicators:calculate_bias:500 | 计算 30 日乖离率完成
2026-03-27 16:31:46 | INFO     | src.indicators.technical_indicators:calculate_ma:133 | 计算 30 日移动平均线完成
2026-03-27 16:31:46 | INFO     | src.indicators.technical_indicators:calculate_bias:500 | 计算 20 日乖离率完成
2026-03-27 16:31:46 | INFO     | src.indicators.technical_indicators:calculate_ma:133 | 计算 30 日移动平均线完成
2026-03-27 16:31:46 | INFO     | src.indicators.technical_indicators:calculate_ma:133 | 计算 60 日移动平均线完成
2026-03-27 16:31:46 | INFO     | src.indicators.technical_indicators:calculate_ma:133 | 计算 30 日移动平均线完成
2026-03-27 16:31:46 | INFO     | src.indicators.technical_indicators:calculate_bias:500 | 计算 30 日乖离率完成
2026-03-27 16:31:46 | INFO     | src.indicators.technical_indicators:calculate_ma:133 | 计算 30 日移动平均线完成
2026-03-27 16:31:46 | INFO     | src.indicators.technical_indicators:calculate_ma:133 | 计算 60 日移动平均线完成
2026-03-27 16:31:46 | INFO     | src.indicators.technical_indicators:calculate_bias:500 | 计算 30 日乖离率完成
2026-03-27 16:31:46 | INFO     | src.indicators.technical_indicators:calculate_ma:133 | 计算 30 日移动平均线完成
2026-03-27 16:31:46 | INFO     | src.indicators.technical_indicators:calculate_bias:500 | 计算 30 日乖离率完成
2026-03-27 16:31:46 | INFO     | src.indicators.technical_indicators:calculate_bias:500 | 计算 60 日乖离率完成
2026-03-27 16:31:46 | INFO     | src.indicators.technical_indicators:calculate_bias:500 | 计算 30 日乖离率完成
2026-03-27 16:31:46 | INFO     | src.indicators.technical_indicators:calculate_ma:133 | 计算 60 日移动平均线完成
2026-03-27 16:31:46 | INFO     | src.indicators.technical_indicators:calculate_bias:500 | 计算 30 日乖离率完成
2026-03-27 16:31:46 | INFO     | src.indicators.technical_indicators:calculate_bias:500 | 计算 60 日乖离率完成
2026-03-27 16:31:46 | INFO     | src.indicators.technical_indicators:calculate_ma:133 | 计算 60 日移动平均线完成
2026-03-27 16:31:46 | INFO     | src.indicators.technical_indicators:calculate_bias:500 | 计算 30 日乖离率完成
2026-03-27 16:31:46 | INFO     | src.indicators.technical_indicators:calculate_ma:133 | 计算 60 日移动平均线完成
2026-03-27 16:31:46 | INFO     | src.indicators.technical_indicators:calculate_ma:133 | 计算 120 日移动平均线完成
2026-03-27 16:31:46 | INFO     | src.indicators.technical_indicators:calculate_ma:133 | 计算 60 日移动平均线完成
2026-03-27 16:31:46 | INFO     | src.indicators.technical_indicators:calculate_bias:500 | 计算 60 日乖离率完成
2026-03-27 16:31:46 | INFO     | src.indicators.technical_indicators:calculate_ma:133 | 计算 60 日移动平均线完成
2026-03-27 16:31:46 | INFO     | src.indicators.technical_indicators:calculate_ma:133 | 计算 120 日移动平均线完成
2026-03-27 16:31:46 | INFO     | src.indicators.technical_indicators:calculate_bias:500 | 计算 60 日乖离率完成
2026-03-27 16:31:46 | INFO     | src.indicators.technical_indicators:calculate_ma:133 | 计算 60 日移动平均线完成
2026-03-27 16:31:46 | INFO     | src.indicators.technical_indicators:calculate_bias:500 | 计算 60 日乖离率完成
2026-03-27 16:31:46 | INFO     | src.indicators.technical_indicators:calculate_bias:500 | 计算 120 日乖离率完成
2026-03-27 16:31:46 | INFO     | src.indicators.technical_indicators:calculate_bias:500 | 计算 60 日乖离率完成
2026-03-27 16:31:46 | INFO     | src.indicators.technical_indicators:calculate_ma:133 | 计算 120 日移动平均线完成
2026-03-27 16:31:46 | INFO     | src.indicators.technical_indicators:calculate_bias:500 | 计算 60 日乖离率完成
2026-03-27 16:31:46 | INFO     | src.indicators.technical_indicators:calculate_bias:500 | 计算 120 日乖离率完成
2026-03-27 16:31:46 | INFO     | src.indicators.technical_indicators:calculate_ma:133 | 计算 120 日移动平均线完成
2026-03-27 16:31:46 | INFO     | src.indicators.technical_indicators:calculate_bias:500 | 计算 60 日乖离率完成
2026-03-27 16:31:46 | INFO     | src.indicators.technical_indicators:calculate_ma:133 | 计算 120 日移动平均线完成
2026-03-27 16:31:46 | INFO     | src.indicators.technical_indicators:calculate_ma:133 | 计算 250 日移动平均线完成
2026-03-27 16:31:46 | INFO     | src.indicators.technical_indicators:calculate_ma:133 | 计算 120 日移动平均线完成
2026-03-27 16:31:46 | INFO     | src.indicators.technical_indicators:calculate_bias:500 | 计算 120 日乖离率完成
2026-03-27 16:31:46 | INFO     | src.indicators.technical_indicators:calculate_ma:133 | 计算 120 日移动平均线完成
2026-03-27 16:31:46 | INFO     | src.indicators.technical_indicators:calculate_ma:133 | 计算 250 日移动平均线完成
2026-03-27 16:31:46 | INFO     | src.indicators.technical_indicators:calculate_bias:500 | 计算 120 日乖离率完成
2026-03-27 16:31:46 | INFO     | src.indicators.technical_indicators:calculate_ma:133 | 计算 120 日移动平均线完成
2026-03-27 16:31:46 | INFO     | src.indicators.technical_indicators:calculate_bias:500 | 计算 120 日乖离率完成
2026-03-27 16:31:46 | INFO     | src.indicators.technical_indicators:calculate_bias:500 | 计算 250 日乖离率完成
2026-03-27 16:31:46 | INFO     | src.indicators.technical_indicators:calculate_bias:500 | 计算 120 日乖离率完成
2026-03-27 16:31:46 | INFO     | src.indicators.technical_indicators:calculate_ma:133 | 计算 250 日移动平均线完成
2026-03-27 16:31:46 | INFO     | src.indicators.technical_indicators:calculate_bias:500 | 计算 120 日乖离率完成
2026-03-27 16:31:46 | INFO     | src.indicators.technical_indicators:calculate_bias:500 | 计算 250 日乖离率完成
2026-03-27 16:31:46 | INFO     | src.indicators.technical_indicators:calculate_ma:133 | 计算 250 日移动平均线完成
2026-03-27 16:31:46 | INFO     | src.indicators.technical_indicators:calculate_bias:500 | 计算 120 日乖离率完成
2026-03-27 16:31:46 | INFO     | src.indicators.technical_indicators:calculate_ma:133 | 计算 250 日移动平均线完成
2026-03-27 16:31:46 | INFO     | src.indicators.technical_indicators:calculate_psy:523 | 计算 10 日心理线完成
2026-03-27 16:31:46 | INFO     | src.indicators.technical_indicators:calculate_ma:133 | 计算 250 日移动平均线完成
2026-03-27 16:31:46 | INFO     | src.indicators.technical_indicators:calculate_bias:500 | 计算 250 日乖离率完成
2026-03-27 16:31:46 | INFO     | src.indicators.technical_indicators:calculate_ma:133 | 计算 250 日移动平均线完成
2026-03-27 16:31:46 | INFO     | src.indicators.technical_indicators:calculate_psy:523 | 计算 10 日心理线完成
2026-03-27 16:31:46 | INFO     | src.indicators.technical_indicators:calculate_bias:500 | 计算 250 日乖离率完成
2026-03-27 16:31:46 | INFO     | src.indicators.technical_indicators:calculate_ma:133 | 计算 250 日移动平均线完成
2026-03-27 16:31:46 | INFO     | src.indicators.technical_indicators:calculate_bias:500 | 计算 250 日乖离率完成
2026-03-27 16:31:46 | WARNING  | src.indicators.technical_indicators:calculate_all:635 | 未知的指标类型: rsv_period
2026-03-27 16:31:46 | INFO     | src.indicators.technical_indicators:calculate_bias:500 | 计算 250 日乖离率完成
2026-03-27 16:31:46 | INFO     | src.indicators.technical_indicators:calculate_psy:523 | 计算 10 日心理线完成
2026-03-27 16:31:46 | INFO     | src.indicators.technical_indicators:calculate_bias:500 | 计算 250 日乖离率完成
2026-03-27 16:31:46 | WARNING  | src.indicators.technical_indicators:calculate_all:635 | 未知的指标类型: rsv_period
2026-03-27 16:31:46 | INFO     | src.indicators.technical_indicators:calculate_psy:523 | 计算 10 日心理线完成
2026-03-27 16:31:46 | INFO     | src.indicators.technical_indicators:calculate_bias:500 | 计算 250 日乖离率完成
2026-03-27 16:31:46 | INFO     | src.indicators.technical_indicators:calculate_psy:523 | 计算 10 日心理线完成
2026-03-27 16:31:46 | WARNING  | src.indicators.technical_indicators:calculate_all:635 | 未知的指标类型: volume_period
2026-03-27 16:31:46 | INFO     | src.indicators.technical_indicators:calculate_psy:523 | 计算 10 日心理线完成
2026-03-27 16:31:46 | WARNING  | src.indicators.technical_indicators:calculate_all:635 | 未知的指标类型: rsv_period
2026-03-27 16:31:46 | INFO     | src.indicators.technical_indicators:calculate_psy:523 | 计算 10 日心理线完成
2026-03-27 16:31:46 | WARNING  | src.indicators.technical_indicators:calculate_all:635 | 未知的指标类型: volume_period
2026-03-27 16:31:46 | WARNING  | src.indicators.technical_indicators:calculate_all:635 | 未知的指标类型: rsv_period
2026-03-27 16:31:46 | INFO     | src.indicators.technical_indicators:calculate_psy:523 | 计算 10 日心理线完成
2026-03-27 16:31:46 | WARNING  | src.indicators.technical_indicators:calculate_all:635 | 未知的指标类型: rsv_period
2026-03-27 16:31:46 | INFO     | src.indicators.technical_indicators:calculate_all:640 | 完成计算 45 个技术指标
2026-03-27 16:31:46 | WARNING  | src.indicators.technical_indicators:calculate_all:635 | 未知的指标类型: rsv_period
2026-03-27 16:31:46 | WARNING  | src.indicators.technical_indicators:calculate_all:635 | 未知的指标类型: volume_period
2026-03-27 16:31:46 | WARNING  | src.indicators.technical_indicators:calculate_all:635 | 未知的指标类型: rsv_period
2026-03-27 16:31:46 | INFO     | src.indicators.technical_indicators:calculate_all:640 | 完成计算 45 个技术指标
2026-03-27 16:31:46 | WARNING  | src.indicators.technical_indicators:calculate_all:635 | 未知的指标类型: volume_period
2026-03-27 16:31:46 | WARNING  | src.indicators.technical_indicators:calculate_all:635 | 未知的指标类型: rsv_period
2026-03-27 16:31:46 | WARNING  | src.indicators.technical_indicators:calculate_all:635 | 未知的指标类型: volume_period
2026-03-27 16:31:46 | WARNING  | src.indicators.technical_indicators:calculate_all:635 | 未知的指标类型: volume_period
2026-03-27 16:31:46 | INFO     | src.indicators.technical_indicators:calculate_all:640 | 完成计算 45 个技术指标
2026-03-27 16:31:46 | WARNING  | src.indicators.technical_indicators:calculate_all:635 | 未知的指标类型: volume_period
2026-03-27 16:31:46 | INFO     | src.indicators.technical_indicators:calculate_all:640 | 完成计算 45 个技术指标
2026-03-27 16:31:46 | WARNING  | src.indicators.technical_indicators:calculate_all:635 | 未知的指标类型: volume_period
2026-03-27 16:31:46 | INFO     | src.core.data_fetcher:save_data:432 | 保存数据到 csv 文件: 001309_with_indicators
2026-03-27 16:31:46 | INFO     | src.indicators.technical_indicators:calculate_all:640 | 完成计算 45 个技术指标
2026-03-27 16:31:46 | INFO     | src.indicators.technical_indicators:calculate_all:640 | 完成计算 45 个技术指标
2026-03-27 16:31:46 | INFO     | src.indicators.technical_indicators:calculate_all:640 | 完成计算 45 个技术指标
2026-03-27 16:31:46 | INFO     | src.core.data_fetcher:save_data:432 | 保存数据到 csv 文件: 688525_with_indicators
2026-03-27 16:31:46 | INFO     | src.indicators.technical_indicators:calculate_all:640 | 完成计算 45 个技术指标
2026-03-27 16:31:47 | INFO     | src.core.data_fetcher:save_data:432 | 保存数据到 csv 文件: 301308_with_indicators
2026-03-27 16:31:47 | INFO     | src.core.data_fetcher:save_data:432 | 保存数据到 csv 文件: 688233_with_indicators
2026-03-27 16:31:47 | INFO     | src.core.data_fetcher:save_data:432 | 保存数据到 csv 文件: 300475_with_indicators
2026-03-27 16:31:47 | INFO     | src.core.data_fetcher:save_data:432 | 保存数据到 csv 文件: 688627_with_indicators
2026-03-27 16:31:47 | INFO     | src.core.data_fetcher:save_data:432 | 保存数据到 csv 文件: 300223_with_indicators
2026-03-27 16:31:47 | INFO     | src.core.data_fetcher:save_data:452 | 数据保存成功: ./data\001309_with_indicators.csv
2026-03-27 16:31:47 | INFO     | src.workflow.base:calculate_signals:224 | 对股票 001309 进行信号判断
2026-03-27 16:31:47 | INFO     | src.core.data_fetcher:save_data:432 | 保存数据到 csv 文件: 603986_with_indicators
2026-03-27 16:31:47 | INFO     | src.core.data_fetcher:save_data:432 | 保存数据到 csv 文件: 001309_signals
2026-03-27 16:31:47 | INFO     | src.core.data_fetcher:save_data:452 | 数据保存成功: ./data\001309_signals.csv
2026-03-27 16:31:47 | INFO     | src.workflow.technical:_process_single_stock:45 |   股票 001309 信号判断完成: 持有 (得分: -0.128)
2026-03-27 16:31:47 | INFO     | src.workflow.base:calculate_technical_indicators:188 | 计算股票 688228 的技术指标
2026-03-27 16:31:47 | INFO     | src.indicators.technical_indicators:calculate_ma:133 | 计算 5 日移动平均线完成
2026-03-27 16:31:47 | ERROR    | src.utils.concurrency:process_batch:73 | 处理 ('001309',              日期      开盘      最高      最低      收盘       成交量           成交额      换手率      涨跌幅
0    2022-07-01   31.85   38.22   31.85   38.22    386332  1.471855e+07   1.9317  44.0090
1    2022-07-04   42.04   42.04   42.04   42.04     73951  3.108900e+06   0.3698   9.9948
2    2022-07-05   46.24   46.24   46.24   46.24     64300  2.973232e+06   0.3215   9.9905
3    2022-07-06   50.86   50.86   50.86   50.86    116136  5.906677e+06   0.5807   9.9913
4    2022-07-07   55.95   55.95   55.95   55.95    300293  1.680139e+07   1.5015  10.0079
..          ...     ...     ...     ...     ...       ...           ...      ...      ...
900  2026-03-20  349.50  351.00  330.33  331.52  15879966  5.401442e+09   9.8709  -3.9072
901  2026-03-23  320.00  331.80  315.00  321.00  14468103  4.670664e+09   8.9933  -3.1733
902  2026-03-24  317.79  351.80  306.10  349.63  22242779  7.272280e+09  13.8260   8.9190
903  2026-03-25  354.94  378.00  350.43  375.17  20221696  7.412966e+09  12.5697   7.3049
904  2026-03-26  361.02  383.00  361.02  378.86  16453710  6.157242e+09  10.2276   0.9836

[905 rows x 9 columns]) 时出错: unhashable type: 'DataFrame'
2026-03-27 16:31:47 | INFO     | src.indicators.technical_indicators:calculate_ma:133 | 计算 10 日移动平均线完成
2026-03-27 16:31:47 | INFO     | src.indicators.technical_indicators:calculate_ma:133 | 计算 20 日移动平均线完成
2026-03-27 16:31:47 | INFO     | src.indicators.technical_indicators:calculate_ma:133 | 计算 30 日移动平均线完成
2026-03-27 16:31:47 | INFO     | src.core.data_fetcher:save_data:452 | 数据保存成功: ./data\688525_with_indicators.csv
2026-03-27 16:31:47 | INFO     | src.indicators.technical_indicators:calculate_ma:133 | 计算 60 日移动平均线完成
2026-03-27 16:31:47 | INFO     | src.workflow.base:calculate_signals:224 | 对股票 688525 进行信号判断
2026-03-27 16:31:47 | INFO     | src.core.data_fetcher:save_data:452 | 数据保存成功: ./data\301308_with_indicators.csv
2026-03-27 16:31:47 | INFO     | src.indicators.technical_indicators:calculate_ma:133 | 计算 120 日移动平均线完成
2026-03-27 16:31:47 | INFO     | src.workflow.base:calculate_signals:224 | 对股票 301308 进行信号判断
2026-03-27 16:31:47 | INFO     | src.core.data_fetcher:save_data:452 | 数据保存成功: ./data\688627_with_indicators.csv
2026-03-27 16:31:47 | INFO     | src.indicators.technical_indicators:calculate_ma:133 | 计算 250 日移动平均线完成
2026-03-27 16:31:47 | INFO     | src.workflow.base:calculate_signals:224 | 对股票 688627 进行信号判断
2026-03-27 16:31:47 | INFO     | src.core.data_fetcher:save_data:432 | 保存数据到 csv 文件: 301308_signals
2026-03-27 16:31:47 | INFO     | src.indicators.technical_indicators:calculate_sma:157 | 计算 5 日简单移动平均线完成
2026-03-27 16:31:47 | INFO     | src.core.data_fetcher:save_data:432 | 保存数据到 csv 文件: 688525_signals
2026-03-27 16:31:47 | INFO     | src.core.data_fetcher:save_data:432 | 保存数据到 csv 文件: 688627_signals
2026-03-27 16:31:47 | INFO     | src.core.data_fetcher:save_data:452 | 数据保存成功: ./data\301308_signals.csv
2026-03-27 16:31:47 | INFO     | src.indicators.technical_indicators:calculate_sma:157 | 计算 10 日简单移动平均线完成
2026-03-27 16:31:47 | INFO     | src.core.data_fetcher:save_data:452 | 数据保存成功: ./data\688525_signals.csv
2026-03-27 16:31:47 | INFO     | src.core.data_fetcher:save_data:452 | 数据保存成功: ./data\688627_signals.csv
2026-03-27 16:31:47 | INFO     | src.workflow.technical:_process_single_stock:45 |   股票 301308 信号判断完成: 卖出 (得分: -0.242)
2026-03-27 16:31:47 | INFO     | src.indicators.technical_indicators:calculate_sma:157 | 计算 20 日简单移动平均线完成
2026-03-27 16:31:47 | INFO     | src.workflow.technical:_process_single_stock:45 |   股票 688525 信号判断完成: 持有 (得分: -0.120)
2026-03-27 16:31:47 | INFO     | src.workflow.technical:_process_single_stock:45 |   股票 688627 信号判断完成: 持有 (得分: 0.000)
2026-03-27 16:31:47 | INFO     | src.workflow.base:calculate_technical_indicators:188 | 计算股票 688008 的技术指标
2026-03-27 16:31:47 | INFO     | src.indicators.technical_indicators:calculate_sma:157 | 计算 30 日简单移动平均线完成
2026-03-27 16:31:47 | INFO     | src.indicators.technical_indicators:calculate_ma:133 | 计算 5 日移动平均线完成
2026-03-27 16:31:47 | INFO     | src.indicators.technical_indicators:calculate_sma:157 | 计算 60 日简单移动平均线完成
2026-03-27 16:31:47 | INFO     | src.core.data_fetcher:save_data:452 | 数据保存成功: ./data\688233_with_indicators.csv
2026-03-27 16:31:47 | INFO     | src.indicators.technical_indicators:calculate_ma:133 | 计算 10 日移动平均线完成
2026-03-27 16:31:47 | INFO     | src.indicators.technical_indicators:calculate_sma:157 | 计算 120 日简单移动平均线完成
2026-03-27 16:31:47 | INFO     | src.core.data_fetcher:save_data:452 | 数据保存成功: ./data\300475_with_indicators.csv
2026-03-27 16:31:47 | INFO     | src.workflow.base:calculate_signals:224 | 对股票 688233 进行信号判断
2026-03-27 16:31:47 | INFO     | src.indicators.technical_indicators:calculate_ma:133 | 计算 20 日移动平均线完成
2026-03-27 16:31:47 | INFO     | src.indicators.technical_indicators:calculate_sma:157 | 计算 250 日简单移动平均线完成
2026-03-27 16:31:47 | INFO     | src.workflow.base:calculate_signals:224 | 对股票 300475 进行信号判断
2026-03-27 16:31:47 | INFO     | src.core.data_fetcher:save_data:432 | 保存数据到 csv 文件: 688233_signals
2026-03-27 16:31:47 | INFO     | src.indicators.technical_indicators:calculate_ma:133 | 计算 30 日移动平均线完成
2026-03-27 16:31:47 | INFO     | src.indicators.technical_indicators:calculate_ema:182 | 计算 12 日指数移动平均线完成
2026-03-27 16:31:47 | INFO     | src.core.data_fetcher:save_data:452 | 数据保存成功: ./data\300223_with_indicators.csv
2026-03-27 16:31:47 | INFO     | src.core.data_fetcher:save_data:432 | 保存数据到 csv 文件: 300475_signals
2026-03-27 16:31:47 | INFO     | src.indicators.technical_indicators:calculate_ma:133 | 计算 60 日移动平均线完成
2026-03-27 16:31:47 | INFO     | src.workflow.base:calculate_signals:224 | 对股票 300223 进行信号判断
2026-03-27 16:31:47 | INFO     | src.core.data_fetcher:save_data:452 | 数据保存成功: ./data\688233_signals.csv
2026-03-27 16:31:47 | INFO     | src.indicators.technical_indicators:calculate_ema:182 | 计算 26 日指数移动平均线完成
2026-03-27 16:31:47 | INFO     | src.core.data_fetcher:save_data:452 | 数据保存成功: ./data\603986_with_indicators.csv
2026-03-27 16:31:47 | INFO     | src.indicators.technical_indicators:calculate_ma:133 | 计算 120 日移动平均线完成
2026-03-27 16:31:47 | INFO     | src.workflow.technical:_process_single_stock:45 |   股票 688233 信号判断完成: 持有 (得分: 0.122)
2026-03-27 16:31:47 | INFO     | src.core.data_fetcher:save_data:432 | 保存数据到 csv 文件: 300223_signals
2026-03-27 16:31:47 | INFO     | src.core.data_fetcher:save_data:452 | 数据保存成功: ./data\300475_signals.csv
2026-03-27 16:31:47 | INFO     | src.workflow.base:calculate_signals:224 | 对股票 603986 进行信号判断
2026-03-27 16:31:47 | INFO     | src.indicators.technical_indicators:calculate_rsi:221 | 计算 6 日RSI完成
2026-03-27 16:31:47 | INFO     | src.indicators.technical_indicators:calculate_ma:133 | 计算 250 日移动平均线完成
2026-03-27 16:31:47 | INFO     | src.workflow.technical:_process_single_stock:45 |   股票 300475 信号判断完成: 持有 (得分: 0.071)
2026-03-27 16:31:47 | INFO     | src.core.data_fetcher:save_data:432 | 保存数据到 csv 文件: 603986_signals
2026-03-27 16:31:47 | INFO     | src.core.data_fetcher:save_data:452 | 数据保存成功: ./data\300223_signals.csv
2026-03-27 16:31:47 | INFO     | src.indicators.technical_indicators:calculate_sma:157 | 计算 5 日简单移动平均线完成
2026-03-27 16:31:47 | INFO     | src.indicators.technical_indicators:calculate_rsi:221 | 计算 12 日RSI完成
2026-03-27 16:31:47 | INFO     | src.workflow.technical:_process_single_stock:45 |   股票 300223 信号判断完成: 买入 (得分: 0.208)
2026-03-27 16:31:47 | INFO     | src.indicators.technical_indicators:calculate_sma:157 | 计算 10 日简单移动平均线完成
2026-03-27 16:31:47 | INFO     | src.core.data_fetcher:save_data:452 | 数据保存成功: ./data\603986_signals.csv
2026-03-27 16:31:47 | INFO     | src.indicators.technical_indicators:calculate_rsi:221 | 计算 24 日RSI完成
2026-03-27 16:31:47 | INFO     | src.indicators.technical_indicators:calculate_sma:157 | 计算 20 日简单移动平均线完成
2026-03-27 16:31:47 | INFO     | src.workflow.technical:_process_single_stock:45 |   股票 603986 信号判断完成: 持有 (得分: 0.077)
2026-03-27 16:31:47 | INFO     | src.indicators.technical_indicators:calculate_macd:263 | 计算MACD完成：快线=12, 慢线=26, 信号线=9
2026-03-27 16:31:47 | INFO     | src.indicators.technical_indicators:calculate_sma:157 | 计算 30 日简单移动平均线完成
2026-03-27 16:31:47 | INFO     | src.indicators.technical_indicators:calculate_macd:263 | 计算MACD完成：快线=12, 慢线=26, 信号线=12
2026-03-27 16:31:47 | INFO     | src.indicators.technical_indicators:calculate_sma:157 | 计算 60 日简单移动平均线完成
2026-03-27 16:31:47 | INFO     | src.indicators.technical_indicators:calculate_sma:157 | 计算 120 日简单移动平均线完成
2026-03-27 16:31:47 | INFO     | src.indicators.technical_indicators:calculate_boll:303 | 计算布林带完成：周期=20, 标准差倍数=2
2026-03-27 16:31:47 | INFO     | src.indicators.technical_indicators:calculate_sma:157 | 计算 250 日简单移动平均线完成
2026-03-27 16:31:47 | INFO     | src.indicators.technical_indicators:calculate_kdj:350 | 计算KDJ完成：K周期=9, D周期=3, J周期=3
2026-03-27 16:31:47 | INFO     | src.indicators.technical_indicators:calculate_ema:182 | 计算 12 日指数移动平均线完成
2026-03-27 16:31:47 | INFO     | src.indicators.technical_indicators:calculate_kdj:350 | 计算KDJ完成：K周期=10, D周期=3, J周期=3
2026-03-27 16:31:47 | INFO     | src.indicators.technical_indicators:calculate_ema:182 | 计算 26 日指数移动平均线完成
2026-03-27 16:31:47 | INFO     | src.indicators.technical_indicators:calculate_atr:385 | 计算 10 日ATR完成
2026-03-27 16:31:47 | INFO     | src.indicators.technical_indicators:calculate_rsi:221 | 计算 6 日RSI完成
2026-03-27 16:31:47 | INFO     | src.indicators.technical_indicators:calculate_rsi:221 | 计算 12 日RSI完成
2026-03-27 16:31:48 | ERROR    | src.notify.channels.base:send:80 | NtfyChannel 发送异常 (尝试 1/3): HTTPSConnectionPool(host='ntfy.sh', port=443): Max retries exceeded with url: /process-notify-001 (Caused by SSLError(SSLEOFError(8, 'EOF occurred in violation of protocol (_ssl.c:997)')))
2026-03-27 16:31:48 | INFO     | src.indicators.technical_indicators:calculate_rsi:221 | 计算 24 日RSI完成
2026-03-27 16:31:48 | INFO     | src.indicators.technical_indicators:calculate_cci:446 | 计算 20 日CCI完成
2026-03-27 16:31:48 | INFO     | src.indicators.technical_indicators:calculate_macd:263 | 计算MACD完成：快线=12, 慢线=26, 信号线=9
2026-03-27 16:31:48 | INFO     | src.indicators.technical_indicators:calculate_williams_r:476 | 计算 10 日威廉指标完成
2026-03-27 16:31:48 | INFO     | src.indicators.technical_indicators:calculate_ma:133 | 计算 5 日移动平均线完成
2026-03-27 16:31:48 | INFO     | src.indicators.technical_indicators:calculate_bias:500 | 计算 5 日乖离率完成
2026-03-27 16:31:48 | INFO     | src.indicators.technical_indicators:calculate_macd:263 | 计算MACD完成：快线=12, 慢线=26, 信号线=12
2026-03-27 16:31:48 | INFO     | src.indicators.technical_indicators:calculate_ma:133 | 计算 10 日移动平均线完成
2026-03-27 16:31:48 | INFO     | src.indicators.technical_indicators:calculate_boll:303 | 计算布林带完成：周期=20, 标准差倍数=2
2026-03-27 16:31:48 | INFO     | src.indicators.technical_indicators:calculate_bias:500 | 计算 10 日乖离率完成
2026-03-27 16:31:48 | INFO     | src.indicators.technical_indicators:calculate_ma:133 | 计算 20 日移动平均线完成
2026-03-27 16:31:48 | INFO     | src.indicators.technical_indicators:calculate_bias:500 | 计算 20 日乖离率完成
2026-03-27 16:31:48 | INFO     | src.indicators.technical_indicators:calculate_kdj:350 | 计算KDJ完成：K周期=9, D周期=3, J周期=3
2026-03-27 16:31:48 | INFO     | src.indicators.technical_indicators:calculate_ma:133 | 计算 30 日移动平均线完成
2026-03-27 16:31:48 | INFO     | src.indicators.technical_indicators:calculate_bias:500 | 计算 30 日乖离率完成
2026-03-27 16:31:48 | INFO     | src.indicators.technical_indicators:calculate_kdj:350 | 计算KDJ完成：K周期=10, D周期=3, J周期=3
2026-03-27 16:31:48 | INFO     | src.indicators.technical_indicators:calculate_ma:133 | 计算 60 日移动平均线完成
2026-03-27 16:31:48 | INFO     | src.indicators.technical_indicators:calculate_bias:500 | 计算 60 日乖离率完成
2026-03-27 16:31:48 | INFO     | src.indicators.technical_indicators:calculate_atr:385 | 计算 10 日ATR完成
2026-03-27 16:31:48 | INFO     | src.indicators.technical_indicators:calculate_ma:133 | 计算 120 日移动平均线完成
2026-03-27 16:31:48 | INFO     | src.indicators.technical_indicators:calculate_bias:500 | 计算 120 日乖离率完成
2026-03-27 16:31:48 | INFO     | src.indicators.technical_indicators:calculate_ma:133 | 计算 250 日移动平均线完成
2026-03-27 16:31:48 | INFO     | src.indicators.technical_indicators:calculate_bias:500 | 计算 250 日乖离率完成
2026-03-27 16:31:48 | INFO     | src.indicators.technical_indicators:calculate_psy:523 | 计算 10 日心理线完成
2026-03-27 16:31:48 | WARNING  | src.indicators.technical_indicators:calculate_all:635 | 未知的指标类型: rsv_period
2026-03-27 16:31:48 | INFO     | src.indicators.technical_indicators:calculate_cci:446 | 计算 20 日CCI完成
2026-03-27 16:31:48 | WARNING  | src.indicators.technical_indicators:calculate_all:635 | 未知的指标类型: volume_period
2026-03-27 16:31:48 | INFO     | src.indicators.technical_indicators:calculate_all:640 | 完成计算 45 个技术指标
2026-03-27 16:31:48 | INFO     | src.indicators.technical_indicators:calculate_williams_r:476 | 计算 10 日威廉指标完成
2026-03-27 16:31:48 | INFO     | src.indicators.technical_indicators:calculate_ma:133 | 计算 5 日移动平均线完成
2026-03-27 16:31:48 | INFO     | src.indicators.technical_indicators:calculate_bias:500 | 计算 5 日乖离率完成
2026-03-27 16:31:48 | INFO     | src.indicators.technical_indicators:calculate_ma:133 | 计算 10 日移动平均线完成
2026-03-27 16:31:48 | INFO     | src.indicators.technical_indicators:calculate_bias:500 | 计算 10 日乖离率完成
2026-03-27 16:31:48 | INFO     | src.indicators.technical_indicators:calculate_ma:133 | 计算 20 日移动平均线完成
2026-03-27 16:31:48 | INFO     | src.indicators.technical_indicators:calculate_bias:500 | 计算 20 日乖离率完成
2026-03-27 16:31:48 | INFO     | src.indicators.technical_indicators:calculate_ma:133 | 计算 30 日移动平均线完成
2026-03-27 16:31:48 | INFO     | src.indicators.technical_indicators:calculate_bias:500 | 计算 30 日乖离率完成
2026-03-27 16:31:48 | INFO     | src.core.data_fetcher:save_data:432 | 保存数据到 csv 文件: 688228_with_indicators
2026-03-27 16:31:48 | INFO     | src.indicators.technical_indicators:calculate_ma:133 | 计算 60 日移动平均线完成
2026-03-27 16:31:48 | INFO     | src.indicators.technical_indicators:calculate_bias:500 | 计算 60 日乖离率完成
2026-03-27 16:31:48 | INFO     | src.indicators.technical_indicators:calculate_ma:133 | 计算 120 日移动平均线完成
2026-03-27 16:31:48 | INFO     | src.indicators.technical_indicators:calculate_bias:500 | 计算 120 日乖离率完成
2026-03-27 16:31:48 | INFO     | src.indicators.technical_indicators:calculate_ma:133 | 计算 250 日移动平均线完成
2026-03-27 16:31:48 | INFO     | src.indicators.technical_indicators:calculate_bias:500 | 计算 250 日乖离率完成
2026-03-27 16:31:48 | INFO     | src.indicators.technical_indicators:calculate_psy:523 | 计算 10 日心理线完成
2026-03-27 16:31:48 | WARNING  | src.indicators.technical_indicators:calculate_all:635 | 未知的指标类型: rsv_period
2026-03-27 16:31:48 | WARNING  | src.indicators.technical_indicators:calculate_all:635 | 未知的指标类型: volume_period
2026-03-27 16:31:48 | INFO     | src.indicators.technical_indicators:calculate_all:640 | 完成计算 45 个技术指标
2026-03-27 16:31:48 | INFO     | src.core.data_fetcher:save_data:432 | 保存数据到 csv 文件: 688008_with_indicators
2026-03-27 16:31:48 | INFO     | src.core.data_fetcher:save_data:452 | 数据保存成功: ./data\688228_with_indicators.csv
2026-03-27 16:31:48 | INFO     | src.workflow.base:calculate_signals:224 | 对股票 688228 进行信号判断
2026-03-27 16:31:48 | INFO     | src.core.data_fetcher:save_data:432 | 保存数据到 csv 文件: 688228_signals
2026-03-27 16:31:48 | INFO     | src.core.data_fetcher:save_data:452 | 数据保存成功: ./data\688228_signals.csv
2026-03-27 16:31:48 | INFO     | src.workflow.technical:_process_single_stock:45 |   股票 688228 信号判断完成: 持有 (得分: 0.137)
2026-03-27 16:31:48 | INFO     | src.core.data_fetcher:save_data:452 | 数据保存成功: ./data\688008_with_indicators.csv
2026-03-27 16:31:48 | INFO     | src.workflow.base:calculate_signals:224 | 对股票 688008 进行信号判断
2026-03-27 16:31:48 | INFO     | src.core.data_fetcher:save_data:432 | 保存数据到 csv 文件: 688008_signals
2026-03-27 16:31:48 | INFO     | src.core.data_fetcher:save_data:452 | 数据保存成功: ./data\688008_signals.csv
2026-03-27 16:31:48 | INFO     | src.workflow.technical:_process_single_stock:45 |   股票 688008 信号判断完成: 持有 (得分: 0.174)
2026-03-27 16:31:49 | ERROR    | src.notify.channels.base:send:80 | NtfyChannel 发送异常 (尝试 2/3): HTTPSConnectionPool(host='ntfy.sh', port=443): Max retries exceeded with url: /process-notify-001 (Caused by SSLError(SSLEOFError(8, 'EOF occurred in violation of protocol (_ssl.c:997)')))
2026-03-27 16:31:50 | ERROR    | src.notify.channels.base:send:80 | NtfyChannel 发送异常 (尝试 3/3): HTTPSConnectionPool(host='ntfy.sh', port=443): Max retries exceeded with url: /process-notify-001 (Caused by SSLError(SSLEOFError(8, 'EOF occurred in violation of protocol (_ssl.c:997)')))
2026-03-27 16:31:50 | INFO     | src.notify.channels.markdown:_do_send:75 | Markdown 文件已保存: ./notify_logs\notify_20260327_163150.md
2026-03-27 16:31:50 | ERROR    | src.workflow.technical:process_fund:196 | 处理基金 025209 时失败: unhashable type: 'DataFrame'
2026-03-27 16:31:50 | INFO     | src.workflow.technical:run_batch:226 | 基金 025209 处理完成
2026-03-27 16:31:50 | INFO     | src.workflow.technical:run_batch:227 | ============================================================

2026-03-27 16:31:50 | INFO     | src.workflow.technical:run_batch:229 | 
============================================================
2026-03-27 16:31:50 | INFO     | src.workflow.technical:run_batch:230 | 批量处理完成!
2026-03-27 16:31:50 | INFO     | src.workflow.technical:run_batch:231 | ============================================================
2026-03-27 16:31:50 | INFO     | src.workflow.technical:run_batch:238 | 总基金数: 6
2026-03-27 16:31:50 | INFO     | src.workflow.technical:run_batch:239 | 成功处理: 0
2026-03-27 16:31:50 | INFO     | src.workflow.technical:run_batch:240 | 处理失败: 6
2026-03-27 16:31:50 | INFO     | src.workflow.technical:run_batch:252 | 总股票数（所有基金）: 0
2026-03-27 16:31:50 | INFO     | src.workflow.technical:run_batch:253 | 成功股票数: 0
2026-03-27 16:31:50 | INFO     | src.workflow.technical:run_batch:254 | 失败股票数: 0
2026-03-27 16:31:50 | WARNING  | src.workflow.technical:run_batch:257 | 处理失败的基金:
2026-03-27 16:31:50 | WARNING  | src.workflow.technical:run_batch:260 | 基金 005538: unhashable type: 'DataFrame'
2026-03-27 16:31:50 | WARNING  | src.workflow.technical:run_batch:260 | 基金 015790: unhashable type: 'DataFrame'
2026-03-27 16:31:50 | WARNING  | src.workflow.technical:run_batch:260 | 基金 025491: unhashable type: 'DataFrame'
2026-03-27 16:31:50 | WARNING  | src.workflow.technical:run_batch:260 | 基金 018957: unhashable type: 'DataFrame'
2026-03-27 16:31:50 | WARNING  | src.workflow.technical:run_batch:260 | 基金 017193: unhashable type: 'DataFrame'
2026-03-27 16:31:50 | WARNING  | src.workflow.technical:run_batch:260 | 基金 025209: unhashable type: 'DataFrame'
2026-03-27 16:31:50 | INFO     | src.workflow.technical:run_batch:264 | ============================================================
2026-03-27 16:31:50 | INFO     | src.workflow.technical:run_batch:265 | 所有基金的技术指标计算已完成!
2026-03-27 16:31:50 | INFO     | src.workflow.technical:run_batch:266 | ============================================================
2026-03-27 16:31:50 | INFO     | __main__:main:141 | ✅ 技术指标计算完成！成功处理 0/6 个基金
2026-03-27 16:31:50 | INFO     | __main__:main:144 | 
2026-03-27 16:31:50 | INFO     | __main__:main:151 | ============================================================
2026-03-27 16:31:50 | INFO     | __main__:main:152 | [步骤 3/3] 正在执行：基金加权平均分析
2026-03-27 16:31:50 | INFO     | __main__:main:153 | ============================================================
2026-03-27 16:31:50 | INFO     | src.core.data_factory:create_provider:43 | 创建数据源提供者: akshare
2026-03-27 16:31:50 | INFO     | src.core.data_factory:_init_providers:127 | 初始化数据源提供者: akshare
2026-03-27 16:31:50 | INFO     | src.core.baostock_provider:login:42 | baostock 登录成功
2026-03-27 16:31:50 | INFO     | src.core.data_factory:create_provider:43 | 创建数据源提供者: baostock
2026-03-27 16:31:50 | INFO     | src.core.data_factory:_init_providers:127 | 初始化数据源提供者: baostock
2026-03-27 16:31:50 | INFO     | src.core.data_factory:__init__:117 | 多数据源数据获取器初始化完成
2026-03-27 16:31:50 | INFO     | src.core.data_factory:__init__:118 | 股票数据源: baostock
2026-03-27 16:31:50 | INFO     | src.core.data_factory:__init__:119 | 基金数据源: akshare
2026-03-27 16:31:50 | INFO     | src.data.reader:__init__:29 | 数据读取器初始化完成，基础路径: data
2026-03-27 16:31:50 | INFO     | src.workflow.analysis:run_batch:241 | 开始进行基金加权平均分析
2026-03-27 16:31:50 | INFO     | src.workflow.analysis:run_batch:242 | 基金代码列表: ['005538', '015790', '025491', '018957', '017193', '025209']
2026-03-27 16:31:50 | INFO     | src.workflow.analysis:run_batch:247 | 
============================================================
2026-03-27 16:31:50 | INFO     | src.workflow.analysis:run_batch:248 | 开始分析基金: 005538
2026-03-27 16:31:50 | INFO     | src.workflow.analysis:run_batch:249 | ============================================================
2026-03-27 16:31:50 | INFO     | src.workflow.analysis:analyze_fund:135 | 执行基金 005538 的完整加权平均分析流程...
2026-03-27 16:31:50 | INFO     | src.workflow.analysis:analyze_fund:139 | 【步骤1】获取基金持仓数据
2026-03-27 16:31:50 | INFO     | src.workflow.analysis:get_fund_holdings_for_analysis:36 | 获取基金 005538 的持仓数据（用于分析）
2026-03-27 16:31:50 | WARNING  | src.core.data_fetcher:get_fund_portfolio_hold_em:331 | get_fund_portfolio_hold_em 方法已过时，建议使用 get_fund_portfolio
2026-03-27 16:31:50 | INFO     | src.core.data_fetcher:inner:294 | 获取基金 005538 持仓
2026-03-27 16:31:50 | INFO     | src.core.akshare_provider:get_fund_portfolio:370 | akshare 获取基金 005538 持仓
2026-03-27 16:31:51 | INFO     | src.core.baostock_provider:logout:59 | baostock 已登出
2026-03-27 16:31:51 | INFO     | src.core.akshare_provider:get_fund_portfolio:379 | 使用 fund_portfolio_hold_em 成功获取基金 005538 持仓
2026-03-27 16:31:51 | INFO     | src.workflow.analysis:analyze_fund:146 | 【步骤2】过滤最新季度数据
2026-03-27 16:31:51 | INFO     | src.workflow.base:filter_latest_quarter:101 | 过滤最新季度数据
2026-03-27 16:31:51 | INFO     | src.analysis.quarter_filter:filter_latest_quarter_data:63 | 识别到最新季度: 2025年Q4
2026-03-27 16:31:51 | INFO     | src.analysis.quarter_filter:filter_latest_quarter_data:77 | 过滤结果: 从 81 条记录中筛选出 10 条最新季度数据
2026-03-27 16:31:51 | INFO     | src.workflow.analysis:analyze_fund:154 | 最新季度持仓股票数量: 10
2026-03-27 16:31:51 | INFO     | src.workflow.analysis:analyze_fund:155 | 股票代码列表: ['301662', '688778', '688155', '300450', '301617', '688147', '688499', '301150', '002846', '300092']
2026-03-27 16:31:51 | INFO     | src.workflow.analysis:analyze_fund:158 | 【步骤3】检查股票信号数据
2026-03-27 16:31:51 | INFO     | src.workflow.analysis:check_and_calculate_missing_indicators:62 | 所有股票的信号数据已存在，跳过技术指标计算步骤
2026-03-27 16:31:51 | INFO     | src.workflow.analysis:analyze_fund:162 | 【步骤4】进行基金加权平均分析
2026-03-27 16:31:51 | INFO     | src.analysis.fund_weighted_analyzer:parse_holdings_data:263 | 解析到 10 只股票持仓数据
2026-03-27 16:31:51 | INFO     | src.analysis.fund_weighted_analyzer:analyze_fund:296 | 分析股票 301662 (宏工科技)
2026-03-27 16:31:51 | INFO     | src.analysis.fund_weighted_analyzer:analyze_fund:296 | 分析股票 688778 (厦钨新能)
2026-03-27 16:31:51 | INFO     | src.analysis.fund_weighted_analyzer:analyze_fund:296 | 分析股票 688155 (先惠技术)
2026-03-27 16:31:51 | INFO     | src.analysis.fund_weighted_analyzer:analyze_fund:296 | 分析股票 300450 (先导智能)
2026-03-27 16:31:51 | INFO     | src.analysis.fund_weighted_analyzer:analyze_fund:296 | 分析股票 301617 (博苑股份)
2026-03-27 16:31:51 | INFO     | src.analysis.fund_weighted_analyzer:analyze_fund:296 | 分析股票 688147 (微导纳米)
2026-03-27 16:31:51 | INFO     | src.analysis.fund_weighted_analyzer:analyze_fund:296 | 分析股票 688499 (利元亨)
2026-03-27 16:31:51 | INFO     | src.analysis.fund_weighted_analyzer:analyze_fund:296 | 分析股票 301150 (中一科技)
2026-03-27 16:31:51 | INFO     | src.analysis.fund_weighted_analyzer:analyze_fund:296 | 分析股票 002846 (英联股份)
2026-03-27 16:31:51 | INFO     | src.analysis.fund_weighted_analyzer:analyze_fund:296 | 分析股票 300092 (科新机电)
2026-03-27 16:31:51 | INFO     | src.workflow.analysis:analyze_fund:175 | 【步骤5】生成分析报告
2026-03-27 16:31:51 | INFO     | src.analysis.fund_weighted_analyzer:save_report:535 | 分析报告已保存到: outputs/reports\fund-analysis-fund-005538-20260327_163151.txt
2026-03-27 16:31:51 | INFO     | src.analysis.fund_weighted_analyzer:save_report:536 | JSON结果已保存到: outputs/reports\fund-analysis-fund-005538-20260327_163151.json
2026-03-27 16:31:51 | INFO     | src.workflow.analysis:analyze_fund:180 | 
============================================================
2026-03-27 16:31:51 | INFO     | src.workflow.analysis:analyze_fund:181 | 基金 005538 分析结果:
2026-03-27 16:31:51 | INFO     | src.workflow.analysis:analyze_fund:182 | ------------------------------------------------------------
2026-03-27 16:31:51 | INFO     | src.workflow.analysis:analyze_fund:183 | 加权平均得分: 0.163
2026-03-27 16:31:51 | INFO     | src.workflow.analysis:analyze_fund:184 | 基金建议: 建议持有
2026-03-27 16:31:51 | INFO     | src.workflow.analysis:analyze_fund:185 | 置信度: 46.7%
2026-03-27 16:31:51 | INFO     | src.workflow.analysis:analyze_fund:186 | 总股票数: 10
2026-03-27 16:31:51 | INFO     | src.workflow.analysis:analyze_fund:187 | 已分析股票数: 10
2026-03-27 16:31:51 | INFO     | src.workflow.analysis:analyze_fund:188 | 分析覆盖率: 100.0%
2026-03-27 16:31:51 | INFO     | src.workflow.analysis:analyze_fund:189 | ------------------------------------------------------------
2026-03-27 16:31:51 | INFO     | src.workflow.analysis:analyze_fund:196 | ⦿ 基金建议: 建议持有观望
2026-03-27 16:31:51 | INFO     | src.workflow.analysis:analyze_fund:200 | ============================================================
2026-03-27 16:31:51 | ERROR    | src.notify.channels.base:send:80 | NtfyChannel 发送异常 (尝试 1/3): HTTPSConnectionPool(host='ntfy.sh', port=443): Max retries exceeded with url: /process-notify-001 (Caused by SSLError(SSLEOFError(8, 'EOF occurred in violation of protocol (_ssl.c:997)')))
2026-03-27 16:31:52 | ERROR    | src.notify.channels.base:send:80 | NtfyChannel 发送异常 (尝试 2/3): HTTPSConnectionPool(host='ntfy.sh', port=443): Max retries exceeded with url: /process-notify-001 (Caused by SSLError(SSLEOFError(8, 'EOF occurred in violation of protocol (_ssl.c:997)')))
2026-03-27 16:31:53 | ERROR    | src.notify.channels.base:send:80 | NtfyChannel 发送异常 (尝试 3/3): HTTPSConnectionPool(host='ntfy.sh', port=443): Max retries exceeded with url: /process-notify-001 (Caused by SSLError(SSLEOFError(8, 'EOF occurred in violation of protocol (_ssl.c:997)')))
2026-03-27 16:31:53 | INFO     | src.notify.channels.markdown:_do_send:75 | Markdown 文件已保存: ./notify_logs\notify_20260327_163153.md
2026-03-27 16:31:53 | INFO     | src.workflow.analysis:run_batch:254 | 基金 005538 分析完成
2026-03-27 16:31:53 | INFO     | src.workflow.analysis:run_batch:255 | ============================================================

2026-03-27 16:31:53 | INFO     | src.workflow.analysis:run_batch:247 | 
============================================================
2026-03-27 16:31:53 | INFO     | src.workflow.analysis:run_batch:248 | 开始分析基金: 015790
2026-03-27 16:31:53 | INFO     | src.workflow.analysis:run_batch:249 | ============================================================
2026-03-27 16:31:53 | INFO     | src.workflow.analysis:analyze_fund:135 | 执行基金 015790 的完整加权平均分析流程...
2026-03-27 16:31:53 | INFO     | src.workflow.analysis:analyze_fund:139 | 【步骤1】获取基金持仓数据
2026-03-27 16:31:53 | INFO     | src.workflow.analysis:get_fund_holdings_for_analysis:36 | 获取基金 015790 的持仓数据（用于分析）
2026-03-27 16:31:53 | WARNING  | src.core.data_fetcher:get_fund_portfolio_hold_em:331 | get_fund_portfolio_hold_em 方法已过时，建议使用 get_fund_portfolio
2026-03-27 16:31:53 | INFO     | src.core.data_fetcher:inner:294 | 获取基金 015790 持仓
2026-03-27 16:31:53 | INFO     | src.core.akshare_provider:get_fund_portfolio:370 | akshare 获取基金 015790 持仓
2026-03-27 16:31:54 | INFO     | src.core.akshare_provider:get_fund_portfolio:379 | 使用 fund_portfolio_hold_em 成功获取基金 015790 持仓
2026-03-27 16:31:54 | INFO     | src.workflow.analysis:analyze_fund:146 | 【步骤2】过滤最新季度数据
2026-03-27 16:31:54 | INFO     | src.workflow.base:filter_latest_quarter:101 | 过滤最新季度数据
2026-03-27 16:31:54 | INFO     | src.analysis.quarter_filter:filter_latest_quarter_data:63 | 识别到最新季度: 2025年Q4
2026-03-27 16:31:54 | INFO     | src.analysis.quarter_filter:filter_latest_quarter_data:77 | 过滤结果: 从 98 条记录中筛选出 10 条最新季度数据
2026-03-27 16:31:54 | INFO     | src.workflow.analysis:analyze_fund:154 | 最新季度持仓股票数量: 10
2026-03-27 16:31:54 | INFO     | src.workflow.analysis:analyze_fund:155 | 股票代码列表: ['600118', '301005', '605598', '601698', '600879', '300342', '300136', '002149', '300762', '002565']
2026-03-27 16:31:54 | INFO     | src.workflow.analysis:analyze_fund:158 | 【步骤3】检查股票信号数据
2026-03-27 16:31:54 | INFO     | src.workflow.analysis:check_and_calculate_missing_indicators:62 | 所有股票的信号数据已存在，跳过技术指标计算步骤
2026-03-27 16:31:54 | INFO     | src.workflow.analysis:analyze_fund:162 | 【步骤4】进行基金加权平均分析
2026-03-27 16:31:54 | INFO     | src.analysis.fund_weighted_analyzer:parse_holdings_data:263 | 解析到 10 只股票持仓数据
2026-03-27 16:31:54 | INFO     | src.analysis.fund_weighted_analyzer:analyze_fund:296 | 分析股票 600118 (中国卫星)
2026-03-27 16:31:54 | INFO     | src.analysis.fund_weighted_analyzer:analyze_fund:296 | 分析股票 301005 (超捷股份)
2026-03-27 16:31:54 | INFO     | src.analysis.fund_weighted_analyzer:analyze_fund:296 | 分析股票 605598 (上海港湾)
2026-03-27 16:31:54 | INFO     | src.analysis.fund_weighted_analyzer:analyze_fund:296 | 分析股票 601698 (中国卫通)
2026-03-27 16:31:54 | INFO     | src.analysis.fund_weighted_analyzer:analyze_fund:296 | 分析股票 600879 (航天电子)
2026-03-27 16:31:54 | INFO     | src.analysis.fund_weighted_analyzer:analyze_fund:296 | 分析股票 300342 (天银机电)
2026-03-27 16:31:54 | INFO     | src.analysis.fund_weighted_analyzer:analyze_fund:296 | 分析股票 300136 (信维通信)
2026-03-27 16:31:54 | INFO     | src.analysis.fund_weighted_analyzer:analyze_fund:296 | 分析股票 002149 (西部材料)
2026-03-27 16:31:54 | INFO     | src.analysis.fund_weighted_analyzer:analyze_fund:296 | 分析股票 300762 (上海瀚讯)
2026-03-27 16:31:54 | INFO     | src.analysis.fund_weighted_analyzer:analyze_fund:296 | 分析股票 002565 (顺灏股份)
2026-03-27 16:31:54 | INFO     | src.workflow.analysis:analyze_fund:175 | 【步骤5】生成分析报告
2026-03-27 16:31:54 | INFO     | src.analysis.fund_weighted_analyzer:save_report:535 | 分析报告已保存到: outputs/reports\fund-analysis-fund-015790-20260327_163154.txt
2026-03-27 16:31:54 | INFO     | src.analysis.fund_weighted_analyzer:save_report:536 | JSON结果已保存到: outputs/reports\fund-analysis-fund-015790-20260327_163154.json
2026-03-27 16:31:54 | INFO     | src.workflow.analysis:analyze_fund:180 | 
============================================================
2026-03-27 16:31:54 | INFO     | src.workflow.analysis:analyze_fund:181 | 基金 015790 分析结果:
2026-03-27 16:31:54 | INFO     | src.workflow.analysis:analyze_fund:182 | ------------------------------------------------------------
2026-03-27 16:31:54 | INFO     | src.workflow.analysis:analyze_fund:183 | 加权平均得分: 0.148
2026-03-27 16:31:54 | INFO     | src.workflow.analysis:analyze_fund:184 | 基金建议: 建议持有
2026-03-27 16:31:54 | INFO     | src.workflow.analysis:analyze_fund:185 | 置信度: 49.7%
2026-03-27 16:31:54 | INFO     | src.workflow.analysis:analyze_fund:186 | 总股票数: 10
2026-03-27 16:31:54 | INFO     | src.workflow.analysis:analyze_fund:187 | 已分析股票数: 10
2026-03-27 16:31:54 | INFO     | src.workflow.analysis:analyze_fund:188 | 分析覆盖率: 100.0%
2026-03-27 16:31:54 | INFO     | src.workflow.analysis:analyze_fund:189 | ------------------------------------------------------------
2026-03-27 16:31:54 | INFO     | src.workflow.analysis:analyze_fund:196 | ⦿ 基金建议: 建议持有观望
2026-03-27 16:31:54 | INFO     | src.workflow.analysis:analyze_fund:200 | ============================================================
2026-03-27 16:31:54 | ERROR    | src.notify.channels.base:send:80 | NtfyChannel 发送异常 (尝试 1/3): HTTPSConnectionPool(host='ntfy.sh', port=443): Max retries exceeded with url: /process-notify-001 (Caused by SSLError(SSLEOFError(8, 'EOF occurred in violation of protocol (_ssl.c:997)')))
2026-03-27 16:31:55 | ERROR    | src.notify.channels.base:send:80 | NtfyChannel 发送异常 (尝试 2/3): HTTPSConnectionPool(host='ntfy.sh', port=443): Max retries exceeded with url: /process-notify-001 (Caused by SSLError(SSLEOFError(8, 'EOF occurred in violation of protocol (_ssl.c:997)')))
2026-03-27 16:31:56 | ERROR    | src.notify.channels.base:send:80 | NtfyChannel 发送异常 (尝试 3/3): HTTPSConnectionPool(host='ntfy.sh', port=443): Max retries exceeded with url: /process-notify-001 (Caused by SSLError(SSLEOFError(8, 'EOF occurred in violation of protocol (_ssl.c:997)')))
2026-03-27 16:31:56 | INFO     | src.notify.channels.markdown:_do_send:75 | Markdown 文件已保存: ./notify_logs\notify_20260327_163156.md
2026-03-27 16:31:56 | INFO     | src.workflow.analysis:run_batch:254 | 基金 015790 分析完成
2026-03-27 16:31:56 | INFO     | src.workflow.analysis:run_batch:255 | ============================================================

2026-03-27 16:31:56 | INFO     | src.workflow.analysis:run_batch:247 | 
============================================================
2026-03-27 16:31:56 | INFO     | src.workflow.analysis:run_batch:248 | 开始分析基金: 025491
2026-03-27 16:31:56 | INFO     | src.workflow.analysis:run_batch:249 | ============================================================
2026-03-27 16:31:56 | INFO     | src.workflow.analysis:analyze_fund:135 | 执行基金 025491 的完整加权平均分析流程...
2026-03-27 16:31:56 | INFO     | src.workflow.analysis:analyze_fund:139 | 【步骤1】获取基金持仓数据
2026-03-27 16:31:56 | INFO     | src.workflow.analysis:get_fund_holdings_for_analysis:36 | 获取基金 025491 的持仓数据（用于分析）
2026-03-27 16:31:56 | WARNING  | src.core.data_fetcher:get_fund_portfolio_hold_em:331 | get_fund_portfolio_hold_em 方法已过时，建议使用 get_fund_portfolio
2026-03-27 16:31:56 | INFO     | src.core.data_fetcher:inner:294 | 获取基金 025491 持仓
2026-03-27 16:31:56 | INFO     | src.core.akshare_provider:get_fund_portfolio:370 | akshare 获取基金 025491 持仓
2026-03-27 16:31:57 | INFO     | src.core.akshare_provider:get_fund_portfolio:379 | 使用 fund_portfolio_hold_em 成功获取基金 025491 持仓
2026-03-27 16:31:57 | INFO     | src.workflow.analysis:analyze_fund:146 | 【步骤2】过滤最新季度数据
2026-03-27 16:31:57 | INFO     | src.workflow.base:filter_latest_quarter:101 | 过滤最新季度数据
2026-03-27 16:31:57 | INFO     | src.analysis.quarter_filter:filter_latest_quarter_data:63 | 识别到最新季度: 2025年Q4
2026-03-27 16:31:57 | INFO     | src.analysis.quarter_filter:filter_latest_quarter_data:77 | 过滤结果: 从 58 条记录中筛选出 58 条最新季度数据
2026-03-27 16:31:57 | INFO     | src.workflow.analysis:analyze_fund:154 | 最新季度持仓股票数量: 58
2026-03-27 16:31:57 | INFO     | src.workflow.analysis:analyze_fund:155 | 股票代码列表: ['600118', '600879', '601698', '688568', '688270', '300627', '002151', '688375', '600435', '300593']...
2026-03-27 16:31:57 | INFO     | src.workflow.analysis:analyze_fund:158 | 【步骤3】检查股票信号数据
2026-03-27 16:31:57 | INFO     | src.workflow.analysis:check_and_calculate_missing_indicators:62 | 所有股票的信号数据已存在，跳过技术指标计算步骤
2026-03-27 16:31:57 | INFO     | src.workflow.analysis:analyze_fund:162 | 【步骤4】进行基金加权平均分析
2026-03-27 16:31:57 | INFO     | src.analysis.fund_weighted_analyzer:parse_holdings_data:263 | 解析到 58 只股票持仓数据
2026-03-27 16:31:57 | INFO     | src.analysis.fund_weighted_analyzer:analyze_fund:296 | 分析股票 600118 (中国卫星)
2026-03-27 16:31:57 | INFO     | src.analysis.fund_weighted_analyzer:analyze_fund:296 | 分析股票 600879 (航天电子)
2026-03-27 16:31:57 | INFO     | src.analysis.fund_weighted_analyzer:analyze_fund:296 | 分析股票 601698 (中国卫通)
2026-03-27 16:31:57 | INFO     | src.analysis.fund_weighted_analyzer:analyze_fund:296 | 分析股票 688568 (中科星图)
2026-03-27 16:31:57 | INFO     | src.analysis.fund_weighted_analyzer:analyze_fund:296 | 分析股票 688270 (臻镭科技)
2026-03-27 16:31:57 | INFO     | src.analysis.fund_weighted_analyzer:analyze_fund:296 | 分析股票 300627 (华测导航)
2026-03-27 16:31:57 | INFO     | src.analysis.fund_weighted_analyzer:analyze_fund:296 | 分析股票 002151 (北斗星通)
2026-03-27 16:31:57 | INFO     | src.analysis.fund_weighted_analyzer:analyze_fund:296 | 分析股票 688375 (国博电子)
2026-03-27 16:31:57 | INFO     | src.analysis.fund_weighted_analyzer:analyze_fund:296 | 分析股票 600435 (北方导航)
2026-03-27 16:31:57 | INFO     | src.analysis.fund_weighted_analyzer:analyze_fund:296 | 分析股票 300593 (新雷能)
2026-03-27 16:31:57 | INFO     | src.analysis.fund_weighted_analyzer:analyze_fund:296 | 分析股票 688333 (铂力特)
2026-03-27 16:31:57 | INFO     | src.analysis.fund_weighted_analyzer:analyze_fund:296 | 分析股票 002405 (四维图新)
2026-03-27 16:31:57 | INFO     | src.analysis.fund_weighted_analyzer:analyze_fund:296 | 分析股票 002465 (海格通信)
2026-03-27 16:31:57 | INFO     | src.analysis.fund_weighted_analyzer:analyze_fund:296 | 分析股票 300036 (超图软件)
2026-03-27 16:31:57 | INFO     | src.analysis.fund_weighted_analyzer:analyze_fund:296 | 分析股票 002025 (航天电器)
2026-03-27 16:31:57 | INFO     | src.analysis.fund_weighted_analyzer:analyze_fund:296 | 分析股票 688523 (航天环宇)
2026-03-27 16:31:57 | INFO     | src.analysis.fund_weighted_analyzer:analyze_fund:296 | 分析股票 300136 (信维通信)
2026-03-27 16:31:57 | INFO     | src.analysis.fund_weighted_analyzer:analyze_fund:296 | 分析股票 603236 (移远通信)
2026-03-27 16:31:57 | INFO     | src.analysis.fund_weighted_analyzer:analyze_fund:296 | 分析股票 300053 (航宇微)
2026-03-27 16:31:57 | INFO     | src.analysis.fund_weighted_analyzer:analyze_fund:296 | 分析股票 688387 (信科移动)
2026-03-27 16:31:57 | INFO     | src.analysis.fund_weighted_analyzer:analyze_fund:296 | 分析股票 688521 (芯原股份)
2026-03-27 16:31:57 | INFO     | src.analysis.fund_weighted_analyzer:analyze_fund:296 | 分析股票 300672 (国科微)
2026-03-27 16:31:57 | INFO     | src.analysis.fund_weighted_analyzer:analyze_fund:296 | 分析股票 300045 (华力创通)
2026-03-27 16:31:57 | INFO     | src.analysis.fund_weighted_analyzer:analyze_fund:296 | 分析股票 002049 (紫光国微)
2026-03-27 16:31:57 | INFO     | src.analysis.fund_weighted_analyzer:analyze_fund:296 | 分析股票 002179 (中航光电)
2026-03-27 16:31:57 | INFO     | src.analysis.fund_weighted_analyzer:analyze_fund:296 | 分析股票 002338 (奥普光电)
2026-03-27 16:31:57 | INFO     | src.analysis.fund_weighted_analyzer:analyze_fund:296 | 分析股票 300065 (海兰信)
2026-03-27 16:31:57 | INFO     | src.analysis.fund_weighted_analyzer:analyze_fund:296 | 分析股票 300101 (振芯科技)
2026-03-27 16:31:57 | INFO     | src.analysis.fund_weighted_analyzer:analyze_fund:296 | 分析股票 002046 (国机精工)
2026-03-27 16:31:57 | INFO     | src.analysis.fund_weighted_analyzer:analyze_fund:296 | 分析股票 688122 (西部超导)
2026-03-27 16:31:57 | INFO     | src.analysis.fund_weighted_analyzer:analyze_fund:296 | 分析股票 300455 (航天智装)
2026-03-27 16:31:57 | INFO     | src.analysis.fund_weighted_analyzer:analyze_fund:296 | 分析股票 300782 (卓胜微)
2026-03-27 16:31:57 | INFO     | src.analysis.fund_weighted_analyzer:analyze_fund:296 | 分析股票 688685 (迈信林)
2026-03-27 16:31:57 | INFO     | src.analysis.fund_weighted_analyzer:analyze_fund:296 | 分析股票 688385 (复旦微电)
2026-03-27 16:31:57 | INFO     | src.analysis.fund_weighted_analyzer:analyze_fund:296 | 分析股票 300079 (数码视讯)
2026-03-27 16:31:57 | INFO     | src.analysis.fund_weighted_analyzer:analyze_fund:296 | 分析股票 300620 (光库科技)
2026-03-27 16:31:57 | INFO     | src.analysis.fund_weighted_analyzer:analyze_fund:296 | 分析股票 000733 (振华科技)
2026-03-27 16:31:57 | INFO     | src.analysis.fund_weighted_analyzer:analyze_fund:296 | 分析股票 605123 (派克新材)
2026-03-27 16:31:57 | INFO     | src.analysis.fund_weighted_analyzer:analyze_fund:296 | 分析股票 600877 (电科芯片)
2026-03-27 16:31:57 | INFO     | src.analysis.fund_weighted_analyzer:analyze_fund:296 | 分析股票 002583 (海能达)
2026-03-27 16:31:57 | INFO     | src.analysis.fund_weighted_analyzer:analyze_fund:296 | 分析股票 002268 (电科网安)
2026-03-27 16:31:57 | INFO     | src.analysis.fund_weighted_analyzer:analyze_fund:296 | 分析股票 000801 (四川九洲)
2026-03-27 16:31:57 | INFO     | src.analysis.fund_weighted_analyzer:analyze_fund:296 | 分析股票 603678 (火炬电子)
2026-03-27 16:31:57 | INFO     | src.analysis.fund_weighted_analyzer:analyze_fund:296 | 分析股票 603712 (七一二)
2026-03-27 16:31:57 | INFO     | src.analysis.fund_weighted_analyzer:analyze_fund:296 | 分析股票 688709 (成都华微)
2026-03-27 16:31:57 | INFO     | src.analysis.fund_weighted_analyzer:analyze_fund:296 | 分析股票 603267 (鸿远电子)
2026-03-27 16:31:57 | INFO     | src.analysis.fund_weighted_analyzer:analyze_fund:296 | 分析股票 300726 (宏达电子)
2026-03-27 16:31:57 | INFO     | src.analysis.fund_weighted_analyzer:analyze_fund:296 | 分析股票 688776 (国光电气)
2026-03-27 16:31:57 | INFO     | src.analysis.fund_weighted_analyzer:analyze_fund:296 | 分析股票 600345 (长江通信)
2026-03-27 16:31:57 | INFO     | src.analysis.fund_weighted_analyzer:analyze_fund:296 | 分析股票 688182 (灿勤科技)
2026-03-27 16:31:58 | INFO     | src.analysis.fund_weighted_analyzer:analyze_fund:296 | 分析股票 688795 (摩尔线程)
2026-03-27 16:31:58 | INFO     | src.analysis.fund_weighted_analyzer:analyze_fund:296 | 分析股票 001280 (中国铀业)
2026-03-27 16:31:58 | INFO     | src.analysis.fund_weighted_analyzer:analyze_fund:296 | 分析股票 688809 (强一股份)
2026-03-27 16:31:58 | INFO     | src.analysis.fund_weighted_analyzer:analyze_fund:296 | 分析股票 301687 (新广益)
2026-03-27 16:31:58 | INFO     | src.analysis.fund_weighted_analyzer:analyze_fund:296 | 分析股票 301667 (纳百川)
2026-03-27 16:31:58 | INFO     | src.analysis.fund_weighted_analyzer:analyze_fund:296 | 分析股票 688805 (健信超导)
2026-03-27 16:31:58 | INFO     | src.analysis.fund_weighted_analyzer:analyze_fund:296 | 分析股票 603248 (锡华科技)
2026-03-27 16:31:58 | INFO     | src.analysis.fund_weighted_analyzer:analyze_fund:296 | 分析股票 001396 (誉帆科技)
2026-03-27 16:31:58 | INFO     | src.workflow.analysis:analyze_fund:175 | 【步骤5】生成分析报告
2026-03-27 16:31:58 | INFO     | src.analysis.fund_weighted_analyzer:save_report:535 | 分析报告已保存到: outputs/reports\fund-analysis-fund-025491-20260327_163158.txt
2026-03-27 16:31:58 | INFO     | src.analysis.fund_weighted_analyzer:save_report:536 | JSON结果已保存到: outputs/reports\fund-analysis-fund-025491-20260327_163158.json
2026-03-27 16:31:58 | INFO     | src.workflow.analysis:analyze_fund:180 | 
============================================================
2026-03-27 16:31:58 | INFO     | src.workflow.analysis:analyze_fund:181 | 基金 025491 分析结果:
2026-03-27 16:31:58 | INFO     | src.workflow.analysis:analyze_fund:182 | ------------------------------------------------------------
2026-03-27 16:31:58 | INFO     | src.workflow.analysis:analyze_fund:183 | 加权平均得分: 0.160
2026-03-27 16:31:58 | INFO     | src.workflow.analysis:analyze_fund:184 | 基金建议: 建议持有
2026-03-27 16:31:58 | INFO     | src.workflow.analysis:analyze_fund:185 | 置信度: 46.6%
2026-03-27 16:31:58 | INFO     | src.workflow.analysis:analyze_fund:186 | 总股票数: 58
2026-03-27 16:31:58 | INFO     | src.workflow.analysis:analyze_fund:187 | 已分析股票数: 58
2026-03-27 16:31:58 | INFO     | src.workflow.analysis:analyze_fund:188 | 分析覆盖率: 100.0%
2026-03-27 16:31:58 | INFO     | src.workflow.analysis:analyze_fund:189 | ------------------------------------------------------------
2026-03-27 16:31:58 | INFO     | src.workflow.analysis:analyze_fund:196 | ⦿ 基金建议: 建议持有观望
2026-03-27 16:31:58 | INFO     | src.workflow.analysis:analyze_fund:200 | ============================================================
2026-03-27 16:31:58 | ERROR    | src.notify.channels.base:send:80 | NtfyChannel 发送异常 (尝试 1/3): HTTPSConnectionPool(host='ntfy.sh', port=443): Max retries exceeded with url: /process-notify-001 (Caused by SSLError(SSLEOFError(8, 'EOF occurred in violation of protocol (_ssl.c:997)')))
2026-03-27 16:31:59 | ERROR    | src.notify.channels.base:send:80 | NtfyChannel 发送异常 (尝试 2/3): HTTPSConnectionPool(host='ntfy.sh', port=443): Max retries exceeded with url: /process-notify-001 (Caused by SSLError(SSLEOFError(8, 'EOF occurred in violation of protocol (_ssl.c:997)')))
2026-03-27 16:32:00 | ERROR    | src.notify.channels.base:send:80 | NtfyChannel 发送异常 (尝试 3/3): HTTPSConnectionPool(host='ntfy.sh', port=443): Max retries exceeded with url: /process-notify-001 (Caused by SSLError(SSLEOFError(8, 'EOF occurred in violation of protocol (_ssl.c:997)')))
2026-03-27 16:32:00 | INFO     | src.notify.channels.markdown:_do_send:75 | Markdown 文件已保存: ./notify_logs\notify_20260327_163200.md
2026-03-27 16:32:00 | INFO     | src.workflow.analysis:run_batch:254 | 基金 025491 分析完成
2026-03-27 16:32:00 | INFO     | src.workflow.analysis:run_batch:255 | ============================================================

2026-03-27 16:32:00 | INFO     | src.workflow.analysis:run_batch:247 | 
============================================================
2026-03-27 16:32:00 | INFO     | src.workflow.analysis:run_batch:248 | 开始分析基金: 018957
2026-03-27 16:32:00 | INFO     | src.workflow.analysis:run_batch:249 | ============================================================
2026-03-27 16:32:00 | INFO     | src.workflow.analysis:analyze_fund:135 | 执行基金 018957 的完整加权平均分析流程...
2026-03-27 16:32:00 | INFO     | src.workflow.analysis:analyze_fund:139 | 【步骤1】获取基金持仓数据
2026-03-27 16:32:00 | INFO     | src.workflow.analysis:get_fund_holdings_for_analysis:36 | 获取基金 018957 的持仓数据（用于分析）
2026-03-27 16:32:00 | WARNING  | src.core.data_fetcher:get_fund_portfolio_hold_em:331 | get_fund_portfolio_hold_em 方法已过时，建议使用 get_fund_portfolio
2026-03-27 16:32:00 | INFO     | src.core.data_fetcher:inner:294 | 获取基金 018957 持仓
2026-03-27 16:32:00 | INFO     | src.core.akshare_provider:get_fund_portfolio:370 | akshare 获取基金 018957 持仓
2026-03-27 16:32:00 | INFO     | src.core.akshare_provider:get_fund_portfolio:379 | 使用 fund_portfolio_hold_em 成功获取基金 018957 持仓
2026-03-27 16:32:00 | INFO     | src.workflow.analysis:analyze_fund:146 | 【步骤2】过滤最新季度数据
2026-03-27 16:32:00 | INFO     | src.workflow.base:filter_latest_quarter:101 | 过滤最新季度数据
2026-03-27 16:32:00 | INFO     | src.analysis.quarter_filter:filter_latest_quarter_data:63 | 识别到最新季度: 2025年Q4
2026-03-27 16:32:00 | INFO     | src.analysis.quarter_filter:filter_latest_quarter_data:77 | 过滤结果: 从 86 条记录中筛选出 10 条最新季度数据
2026-03-27 16:32:00 | INFO     | src.workflow.analysis:analyze_fund:154 | 最新季度持仓股票数量: 10
2026-03-27 16:32:00 | INFO     | src.workflow.analysis:analyze_fund:155 | 股票代码列表: ['300394', '300308', '300476', '300502', '002837', '600183', '601138', '603083', '688313', '600105']
2026-03-27 16:32:00 | INFO     | src.workflow.analysis:analyze_fund:158 | 【步骤3】检查股票信号数据
2026-03-27 16:32:00 | INFO     | src.workflow.analysis:check_and_calculate_missing_indicators:62 | 所有股票的信号数据已存在，跳过技术指标计算步骤
2026-03-27 16:32:00 | INFO     | src.workflow.analysis:analyze_fund:162 | 【步骤4】进行基金加权平均分析
2026-03-27 16:32:00 | INFO     | src.analysis.fund_weighted_analyzer:parse_holdings_data:263 | 解析到 10 只股票持仓数据
2026-03-27 16:32:00 | INFO     | src.analysis.fund_weighted_analyzer:analyze_fund:296 | 分析股票 300394 (天孚通信)
2026-03-27 16:32:00 | INFO     | src.analysis.fund_weighted_analyzer:analyze_fund:296 | 分析股票 300308 (中际旭创)
2026-03-27 16:32:00 | INFO     | src.analysis.fund_weighted_analyzer:analyze_fund:296 | 分析股票 300476 (胜宏科技)
2026-03-27 16:32:00 | INFO     | src.analysis.fund_weighted_analyzer:analyze_fund:296 | 分析股票 300502 (新易盛)
2026-03-27 16:32:00 | INFO     | src.analysis.fund_weighted_analyzer:analyze_fund:296 | 分析股票 002837 (英维克)
2026-03-27 16:32:00 | INFO     | src.analysis.fund_weighted_analyzer:analyze_fund:296 | 分析股票 600183 (生益科技)
2026-03-27 16:32:00 | INFO     | src.analysis.fund_weighted_analyzer:analyze_fund:296 | 分析股票 601138 (工业富联)
2026-03-27 16:32:00 | INFO     | src.analysis.fund_weighted_analyzer:analyze_fund:296 | 分析股票 603083 (剑桥科技)
2026-03-27 16:32:00 | INFO     | src.analysis.fund_weighted_analyzer:analyze_fund:296 | 分析股票 688313 (仕佳光子)
2026-03-27 16:32:00 | INFO     | src.analysis.fund_weighted_analyzer:analyze_fund:296 | 分析股票 600105 (永鼎股份)
2026-03-27 16:32:00 | INFO     | src.workflow.analysis:analyze_fund:175 | 【步骤5】生成分析报告
2026-03-27 16:32:00 | INFO     | src.analysis.fund_weighted_analyzer:save_report:535 | 分析报告已保存到: outputs/reports\fund-analysis-fund-018957-20260327_163200.txt
2026-03-27 16:32:00 | INFO     | src.analysis.fund_weighted_analyzer:save_report:536 | JSON结果已保存到: outputs/reports\fund-analysis-fund-018957-20260327_163200.json
2026-03-27 16:32:00 | INFO     | src.workflow.analysis:analyze_fund:180 | 
============================================================
2026-03-27 16:32:00 | INFO     | src.workflow.analysis:analyze_fund:181 | 基金 018957 分析结果:
2026-03-27 16:32:00 | INFO     | src.workflow.analysis:analyze_fund:182 | ------------------------------------------------------------
2026-03-27 16:32:00 | INFO     | src.workflow.analysis:analyze_fund:183 | 加权平均得分: 0.007
2026-03-27 16:32:00 | INFO     | src.workflow.analysis:analyze_fund:184 | 基金建议: 建议持有
2026-03-27 16:32:00 | INFO     | src.workflow.analysis:analyze_fund:185 | 置信度: 23.4%
2026-03-27 16:32:00 | INFO     | src.workflow.analysis:analyze_fund:186 | 总股票数: 10
2026-03-27 16:32:00 | INFO     | src.workflow.analysis:analyze_fund:187 | 已分析股票数: 10
2026-03-27 16:32:00 | INFO     | src.workflow.analysis:analyze_fund:188 | 分析覆盖率: 100.0%
2026-03-27 16:32:00 | INFO     | src.workflow.analysis:analyze_fund:189 | ------------------------------------------------------------
2026-03-27 16:32:00 | INFO     | src.workflow.analysis:analyze_fund:196 | ⦿ 基金建议: 建议持有观望
2026-03-27 16:32:00 | INFO     | src.workflow.analysis:analyze_fund:200 | ============================================================
2026-03-27 16:32:01 | ERROR    | src.notify.channels.base:send:80 | NtfyChannel 发送异常 (尝试 1/3): HTTPSConnectionPool(host='ntfy.sh', port=443): Max retries exceeded with url: /process-notify-001 (Caused by SSLError(SSLEOFError(8, 'EOF occurred in violation of protocol (_ssl.c:997)')))
2026-03-27 16:32:02 | ERROR    | src.notify.channels.base:send:80 | NtfyChannel 发送异常 (尝试 2/3): HTTPSConnectionPool(host='ntfy.sh', port=443): Max retries exceeded with url: /process-notify-001 (Caused by SSLError(SSLEOFError(8, 'EOF occurred in violation of protocol (_ssl.c:997)')))
2026-03-27 16:32:03 | ERROR    | src.notify.channels.base:send:80 | NtfyChannel 发送异常 (尝试 3/3): HTTPSConnectionPool(host='ntfy.sh', port=443): Max retries exceeded with url: /process-notify-001 (Caused by SSLError(SSLEOFError(8, 'EOF occurred in violation of protocol (_ssl.c:997)')))
2026-03-27 16:32:03 | INFO     | src.notify.channels.markdown:_do_send:75 | Markdown 文件已保存: ./notify_logs\notify_20260327_163203.md
2026-03-27 16:32:03 | INFO     | src.workflow.analysis:run_batch:254 | 基金 018957 分析完成
2026-03-27 16:32:03 | INFO     | src.workflow.analysis:run_batch:255 | ============================================================

2026-03-27 16:32:03 | INFO     | src.workflow.analysis:run_batch:247 | 
============================================================
2026-03-27 16:32:03 | INFO     | src.workflow.analysis:run_batch:248 | 开始分析基金: 017193
2026-03-27 16:32:03 | INFO     | src.workflow.analysis:run_batch:249 | ============================================================
2026-03-27 16:32:03 | INFO     | src.workflow.analysis:analyze_fund:135 | 执行基金 017193 的完整加权平均分析流程...
2026-03-27 16:32:03 | INFO     | src.workflow.analysis:analyze_fund:139 | 【步骤1】获取基金持仓数据
2026-03-27 16:32:03 | INFO     | src.workflow.analysis:get_fund_holdings_for_analysis:36 | 获取基金 017193 的持仓数据（用于分析）
2026-03-27 16:32:03 | WARNING  | src.core.data_fetcher:get_fund_portfolio_hold_em:331 | get_fund_portfolio_hold_em 方法已过时，建议使用 get_fund_portfolio
2026-03-27 16:32:03 | INFO     | src.core.data_fetcher:inner:294 | 获取基金 017193 持仓
2026-03-27 16:32:03 | INFO     | src.core.akshare_provider:get_fund_portfolio:370 | akshare 获取基金 017193 持仓
2026-03-27 16:32:03 | INFO     | src.core.akshare_provider:get_fund_portfolio:379 | 使用 fund_portfolio_hold_em 成功获取基金 017193 持仓
2026-03-27 16:32:03 | INFO     | src.workflow.analysis:analyze_fund:146 | 【步骤2】过滤最新季度数据
2026-03-27 16:32:03 | INFO     | src.workflow.base:filter_latest_quarter:101 | 过滤最新季度数据
2026-03-27 16:32:03 | INFO     | src.analysis.quarter_filter:filter_latest_quarter_data:63 | 识别到最新季度: 2025年Q4
2026-03-27 16:32:03 | INFO     | src.analysis.quarter_filter:filter_latest_quarter_data:77 | 过滤结果: 从 70 条记录中筛选出 15 条最新季度数据
2026-03-27 16:32:03 | INFO     | src.workflow.analysis:analyze_fund:154 | 最新季度持仓股票数量: 15
2026-03-27 16:32:03 | INFO     | src.workflow.analysis:analyze_fund:155 | 股票代码列表: ['603993', '600111', '601600', '000807', '600362', '000426', '000933', '000630', '002532', '601168']...
2026-03-27 16:32:03 | INFO     | src.workflow.analysis:analyze_fund:158 | 【步骤3】检查股票信号数据
2026-03-27 16:32:03 | INFO     | src.workflow.analysis:check_and_calculate_missing_indicators:62 | 所有股票的信号数据已存在，跳过技术指标计算步骤
2026-03-27 16:32:03 | INFO     | src.workflow.analysis:analyze_fund:162 | 【步骤4】进行基金加权平均分析
2026-03-27 16:32:03 | INFO     | src.analysis.fund_weighted_analyzer:parse_holdings_data:263 | 解析到 15 只股票持仓数据
2026-03-27 16:32:03 | INFO     | src.analysis.fund_weighted_analyzer:analyze_fund:296 | 分析股票 603993 (洛阳钼业)
2026-03-27 16:32:03 | INFO     | src.analysis.fund_weighted_analyzer:analyze_fund:296 | 分析股票 600111 (北方稀土)
2026-03-27 16:32:03 | INFO     | src.analysis.fund_weighted_analyzer:analyze_fund:296 | 分析股票 601600 (中国铝业)
2026-03-27 16:32:03 | INFO     | src.analysis.fund_weighted_analyzer:analyze_fund:296 | 分析股票 000807 (云铝股份)
2026-03-27 16:32:03 | INFO     | src.analysis.fund_weighted_analyzer:analyze_fund:296 | 分析股票 600362 (江西铜业)
2026-03-27 16:32:03 | INFO     | src.analysis.fund_weighted_analyzer:analyze_fund:296 | 分析股票 000426 (兴业银锡)
2026-03-27 16:32:03 | INFO     | src.analysis.fund_weighted_analyzer:analyze_fund:296 | 分析股票 000933 (神火股份)
2026-03-27 16:32:03 | INFO     | src.analysis.fund_weighted_analyzer:analyze_fund:296 | 分析股票 000630 (铜陵有色)
2026-03-27 16:32:03 | INFO     | src.analysis.fund_weighted_analyzer:analyze_fund:296 | 分析股票 002532 (天山铝业)
2026-03-27 16:32:03 | INFO     | src.analysis.fund_weighted_analyzer:analyze_fund:296 | 分析股票 601168 (西部矿业)
2026-03-27 16:32:03 | INFO     | src.analysis.fund_weighted_analyzer:analyze_fund:296 | 分析股票 688795 (摩尔线程)
2026-03-27 16:32:03 | INFO     | src.analysis.fund_weighted_analyzer:analyze_fund:296 | 分析股票 688802 (沐曦股份)
2026-03-27 16:32:03 | INFO     | src.analysis.fund_weighted_analyzer:analyze_fund:296 | 分析股票 001280 (中国铀业)
2026-03-27 16:32:03 | INFO     | src.analysis.fund_weighted_analyzer:analyze_fund:296 | 分析股票 688783 (西安奕材)
2026-03-27 16:32:03 | INFO     | src.analysis.fund_weighted_analyzer:analyze_fund:296 | 分析股票 688759 (必贝特)
2026-03-27 16:32:03 | INFO     | src.workflow.analysis:analyze_fund:175 | 【步骤5】生成分析报告
2026-03-27 16:32:03 | INFO     | src.analysis.fund_weighted_analyzer:save_report:535 | 分析报告已保存到: outputs/reports\fund-analysis-fund-017193-20260327_163203.txt
2026-03-27 16:32:03 | INFO     | src.analysis.fund_weighted_analyzer:save_report:536 | JSON结果已保存到: outputs/reports\fund-analysis-fund-017193-20260327_163203.json
2026-03-27 16:32:03 | INFO     | src.workflow.analysis:analyze_fund:180 | 
============================================================
2026-03-27 16:32:03 | INFO     | src.workflow.analysis:analyze_fund:181 | 基金 017193 分析结果:
2026-03-27 16:32:03 | INFO     | src.workflow.analysis:analyze_fund:182 | ------------------------------------------------------------
2026-03-27 16:32:03 | INFO     | src.workflow.analysis:analyze_fund:183 | 加权平均得分: 0.136
2026-03-27 16:32:03 | INFO     | src.workflow.analysis:analyze_fund:184 | 基金建议: 建议持有
2026-03-27 16:32:03 | INFO     | src.workflow.analysis:analyze_fund:185 | 置信度: 41.4%
2026-03-27 16:32:03 | INFO     | src.workflow.analysis:analyze_fund:186 | 总股票数: 15
2026-03-27 16:32:03 | INFO     | src.workflow.analysis:analyze_fund:187 | 已分析股票数: 15
2026-03-27 16:32:03 | INFO     | src.workflow.analysis:analyze_fund:188 | 分析覆盖率: 100.0%
2026-03-27 16:32:03 | INFO     | src.workflow.analysis:analyze_fund:189 | ------------------------------------------------------------
2026-03-27 16:32:03 | INFO     | src.workflow.analysis:analyze_fund:196 | ⦿ 基金建议: 建议持有观望
2026-03-27 16:32:03 | INFO     | src.workflow.analysis:analyze_fund:200 | ============================================================
2026-03-27 16:32:03 | ERROR    | src.notify.channels.base:send:80 | NtfyChannel 发送异常 (尝试 1/3): HTTPSConnectionPool(host='ntfy.sh', port=443): Max retries exceeded with url: /process-notify-001 (Caused by SSLError(SSLEOFError(8, 'EOF occurred in violation of protocol (_ssl.c:997)')))
2026-03-27 16:32:04 | ERROR    | src.notify.channels.base:send:80 | NtfyChannel 发送异常 (尝试 2/3): HTTPSConnectionPool(host='ntfy.sh', port=443): Max retries exceeded with url: /process-notify-001 (Caused by SSLError(SSLEOFError(8, 'EOF occurred in violation of protocol (_ssl.c:997)')))
2026-03-27 16:32:05 | ERROR    | src.notify.channels.base:send:80 | NtfyChannel 发送异常 (尝试 3/3): HTTPSConnectionPool(host='ntfy.sh', port=443): Max retries exceeded with url: /process-notify-001 (Caused by SSLError(SSLEOFError(8, 'EOF occurred in violation of protocol (_ssl.c:997)')))
2026-03-27 16:32:05 | INFO     | src.notify.channels.markdown:_do_send:75 | Markdown 文件已保存: ./notify_logs\notify_20260327_163205.md
2026-03-27 16:32:06 | INFO     | src.workflow.analysis:run_batch:254 | 基金 017193 分析完成
2026-03-27 16:32:06 | INFO     | src.workflow.analysis:run_batch:255 | ============================================================

2026-03-27 16:32:06 | INFO     | src.workflow.analysis:run_batch:247 | 
============================================================
2026-03-27 16:32:06 | INFO     | src.workflow.analysis:run_batch:248 | 开始分析基金: 025209
2026-03-27 16:32:06 | INFO     | src.workflow.analysis:run_batch:249 | ============================================================
2026-03-27 16:32:06 | INFO     | src.workflow.analysis:analyze_fund:135 | 执行基金 025209 的完整加权平均分析流程...
2026-03-27 16:32:06 | INFO     | src.workflow.analysis:analyze_fund:139 | 【步骤1】获取基金持仓数据
2026-03-27 16:32:06 | INFO     | src.workflow.analysis:get_fund_holdings_for_analysis:36 | 获取基金 025209 的持仓数据（用于分析）
2026-03-27 16:32:06 | WARNING  | src.core.data_fetcher:get_fund_portfolio_hold_em:331 | get_fund_portfolio_hold_em 方法已过时，建议使用 get_fund_portfolio
2026-03-27 16:32:06 | INFO     | src.core.data_fetcher:inner:294 | 获取基金 025209 持仓
2026-03-27 16:32:06 | INFO     | src.core.akshare_provider:get_fund_portfolio:370 | akshare 获取基金 025209 持仓
2026-03-27 16:32:06 | INFO     | src.core.akshare_provider:get_fund_portfolio:379 | 使用 fund_portfolio_hold_em 成功获取基金 025209 持仓
2026-03-27 16:32:06 | INFO     | src.workflow.analysis:analyze_fund:146 | 【步骤2】过滤最新季度数据
2026-03-27 16:32:06 | INFO     | src.workflow.base:filter_latest_quarter:101 | 过滤最新季度数据
2026-03-27 16:32:06 | INFO     | src.analysis.quarter_filter:filter_latest_quarter_data:63 | 识别到最新季度: 2025年Q4
2026-03-27 16:32:06 | INFO     | src.analysis.quarter_filter:filter_latest_quarter_data:77 | 过滤结果: 从 20 条记录中筛选出 10 条最新季度数据
2026-03-27 16:32:06 | INFO     | src.workflow.analysis:analyze_fund:154 | 最新季度持仓股票数量: 10
2026-03-27 16:32:06 | INFO     | src.workflow.analysis:analyze_fund:155 | 股票代码列表: ['001309', '688525', '300475', '301308', '300223', '603986', '688627', '688233', '688228', '688008']
2026-03-27 16:32:06 | INFO     | src.workflow.analysis:analyze_fund:158 | 【步骤3】检查股票信号数据
2026-03-27 16:32:06 | INFO     | src.workflow.analysis:check_and_calculate_missing_indicators:62 | 所有股票的信号数据已存在，跳过技术指标计算步骤
2026-03-27 16:32:06 | INFO     | src.workflow.analysis:analyze_fund:162 | 【步骤4】进行基金加权平均分析
2026-03-27 16:32:06 | INFO     | src.analysis.fund_weighted_analyzer:parse_holdings_data:263 | 解析到 10 只股票持仓数据
2026-03-27 16:32:06 | INFO     | src.analysis.fund_weighted_analyzer:analyze_fund:296 | 分析股票 001309 (德明利)
2026-03-27 16:32:06 | INFO     | src.analysis.fund_weighted_analyzer:analyze_fund:296 | 分析股票 688525 (佰维存储)
2026-03-27 16:32:06 | INFO     | src.analysis.fund_weighted_analyzer:analyze_fund:296 | 分析股票 300475 (香农芯创)
2026-03-27 16:32:06 | INFO     | src.analysis.fund_weighted_analyzer:analyze_fund:296 | 分析股票 301308 (江波龙)
2026-03-27 16:32:06 | INFO     | src.analysis.fund_weighted_analyzer:analyze_fund:296 | 分析股票 300223 (北京君正)
2026-03-27 16:32:06 | INFO     | src.analysis.fund_weighted_analyzer:analyze_fund:296 | 分析股票 603986 (兆易创新)
2026-03-27 16:32:06 | INFO     | src.analysis.fund_weighted_analyzer:analyze_fund:296 | 分析股票 688627 (精智达)
2026-03-27 16:32:06 | INFO     | src.analysis.fund_weighted_analyzer:analyze_fund:296 | 分析股票 688233 (神工股份)
2026-03-27 16:32:06 | INFO     | src.analysis.fund_weighted_analyzer:analyze_fund:296 | 分析股票 688228 (开普云)
2026-03-27 16:32:06 | INFO     | src.analysis.fund_weighted_analyzer:analyze_fund:296 | 分析股票 688008 (澜起科技)
2026-03-27 16:32:06 | INFO     | src.workflow.analysis:analyze_fund:175 | 【步骤5】生成分析报告
2026-03-27 16:32:06 | INFO     | src.analysis.fund_weighted_analyzer:save_report:535 | 分析报告已保存到: outputs/reports\fund-analysis-fund-025209-20260327_163206.txt
2026-03-27 16:32:06 | INFO     | src.analysis.fund_weighted_analyzer:save_report:536 | JSON结果已保存到: outputs/reports\fund-analysis-fund-025209-20260327_163206.json
2026-03-27 16:32:06 | INFO     | src.workflow.analysis:analyze_fund:180 | 
============================================================
2026-03-27 16:32:06 | INFO     | src.workflow.analysis:analyze_fund:181 | 基金 025209 分析结果:
2026-03-27 16:32:06 | INFO     | src.workflow.analysis:analyze_fund:182 | ------------------------------------------------------------
2026-03-27 16:32:06 | INFO     | src.workflow.analysis:analyze_fund:183 | 加权平均得分: 0.000
2026-03-27 16:32:06 | INFO     | src.workflow.analysis:analyze_fund:184 | 基金建议: 建议持有
2026-03-27 16:32:06 | INFO     | src.workflow.analysis:analyze_fund:185 | 置信度: 27.9%
2026-03-27 16:32:06 | INFO     | src.workflow.analysis:analyze_fund:186 | 总股票数: 10
2026-03-27 16:32:06 | INFO     | src.workflow.analysis:analyze_fund:187 | 已分析股票数: 10
2026-03-27 16:32:06 | INFO     | src.workflow.analysis:analyze_fund:188 | 分析覆盖率: 100.0%
2026-03-27 16:32:06 | INFO     | src.workflow.analysis:analyze_fund:189 | ------------------------------------------------------------
2026-03-27 16:32:06 | INFO     | src.workflow.analysis:analyze_fund:196 | ⦿ 基金建议: 建议持有观望
2026-03-27 16:32:06 | INFO     | src.workflow.analysis:analyze_fund:200 | ============================================================
2026-03-27 16:32:06 | ERROR    | src.notify.channels.base:send:80 | NtfyChannel 发送异常 (尝试 1/3): HTTPSConnectionPool(host='ntfy.sh', port=443): Max retries exceeded with url: /process-notify-001 (Caused by SSLError(SSLEOFError(8, 'EOF occurred in violation of protocol (_ssl.c:997)')))
2026-03-27 16:32:07 | ERROR    | src.notify.channels.base:send:80 | NtfyChannel 发送异常 (尝试 2/3): HTTPSConnectionPool(host='ntfy.sh', port=443): Max retries exceeded with url: /process-notify-001 (Caused by SSLError(SSLEOFError(8, 'EOF occurred in violation of protocol (_ssl.c:997)')))
2026-03-27 16:32:08 | ERROR    | src.notify.channels.base:send:80 | NtfyChannel 发送异常 (尝试 3/3): HTTPSConnectionPool(host='ntfy.sh', port=443): Max retries exceeded with url: /process-notify-001 (Caused by SSLError(SSLEOFError(8, 'EOF occurred in violation of protocol (_ssl.c:997)')))
2026-03-27 16:32:08 | INFO     | src.notify.channels.markdown:_do_send:75 | Markdown 文件已保存: ./notify_logs\notify_20260327_163208.md
2026-03-27 16:32:08 | INFO     | src.workflow.analysis:run_batch:254 | 基金 025209 分析完成
2026-03-27 16:32:08 | INFO     | src.workflow.analysis:run_batch:255 | ============================================================

2026-03-27 16:32:08 | INFO     | src.workflow.analysis:summarize_analysis_results:270 | 
============================================================
2026-03-27 16:32:08 | INFO     | src.workflow.analysis:summarize_analysis_results:271 | 基金加权平均分析汇总报告
2026-03-27 16:32:08 | INFO     | src.workflow.analysis:summarize_analysis_results:272 | ============================================================
2026-03-27 16:32:08 | INFO     | src.workflow.analysis:summarize_analysis_results:278 | 总基金数: 6
2026-03-27 16:32:08 | INFO     | src.workflow.analysis:summarize_analysis_results:279 | 分析成功: 6
2026-03-27 16:32:08 | INFO     | src.workflow.analysis:summarize_analysis_results:280 | 分析失败: 0
2026-03-27 16:32:08 | INFO     | src.workflow.analysis:summarize_analysis_results:283 | 
成功分析的基金结果:
2026-03-27 16:32:08 | INFO     | src.workflow.analysis:summarize_analysis_results:284 | ------------------------------------------------------------
2026-03-27 16:32:08 | INFO     | src.workflow.analysis:summarize_analysis_results:288 | 基金代码: 005538
2026-03-27 16:32:08 | INFO     | src.workflow.analysis:summarize_analysis_results:289 | 基金名称: 基金005538
2026-03-27 16:32:08 | INFO     | src.workflow.analysis:summarize_analysis_results:290 | 加权得分: 0.163
2026-03-27 16:32:08 | INFO     | src.workflow.analysis:summarize_analysis_results:291 | 持有建议: 建议持有
2026-03-27 16:32:08 | INFO     | src.workflow.analysis:summarize_analysis_results:292 | 置信度: 46.7%
2026-03-27 16:32:08 | INFO     | src.workflow.analysis:summarize_analysis_results:293 | 报告路径: outputs/reports\fund-analysis-fund-005538-20260327_163151.txt
2026-03-27 16:32:08 | INFO     | src.workflow.analysis:summarize_analysis_results:294 | ------------------------------------------------------------
2026-03-27 16:32:08 | INFO     | src.workflow.analysis:summarize_analysis_results:288 | 基金代码: 015790
2026-03-27 16:32:08 | INFO     | src.workflow.analysis:summarize_analysis_results:289 | 基金名称: 基金015790
2026-03-27 16:32:08 | INFO     | src.workflow.analysis:summarize_analysis_results:290 | 加权得分: 0.148
2026-03-27 16:32:08 | INFO     | src.workflow.analysis:summarize_analysis_results:291 | 持有建议: 建议持有
2026-03-27 16:32:08 | INFO     | src.workflow.analysis:summarize_analysis_results:292 | 置信度: 49.7%
2026-03-27 16:32:08 | INFO     | src.workflow.analysis:summarize_analysis_results:293 | 报告路径: outputs/reports\fund-analysis-fund-015790-20260327_163154.txt
2026-03-27 16:32:08 | INFO     | src.workflow.analysis:summarize_analysis_results:294 | ------------------------------------------------------------
2026-03-27 16:32:08 | INFO     | src.workflow.analysis:summarize_analysis_results:288 | 基金代码: 025491
2026-03-27 16:32:08 | INFO     | src.workflow.analysis:summarize_analysis_results:289 | 基金名称: 基金025491
2026-03-27 16:32:08 | INFO     | src.workflow.analysis:summarize_analysis_results:290 | 加权得分: 0.160
2026-03-27 16:32:08 | INFO     | src.workflow.analysis:summarize_analysis_results:291 | 持有建议: 建议持有
2026-03-27 16:32:08 | INFO     | src.workflow.analysis:summarize_analysis_results:292 | 置信度: 46.6%
2026-03-27 16:32:08 | INFO     | src.workflow.analysis:summarize_analysis_results:293 | 报告路径: outputs/reports\fund-analysis-fund-025491-20260327_163158.txt
2026-03-27 16:32:08 | INFO     | src.workflow.analysis:summarize_analysis_results:294 | ------------------------------------------------------------
2026-03-27 16:32:08 | INFO     | src.workflow.analysis:summarize_analysis_results:288 | 基金代码: 018957
2026-03-27 16:32:08 | INFO     | src.workflow.analysis:summarize_analysis_results:289 | 基金名称: 基金018957
2026-03-27 16:32:08 | INFO     | src.workflow.analysis:summarize_analysis_results:290 | 加权得分: 0.007
2026-03-27 16:32:08 | INFO     | src.workflow.analysis:summarize_analysis_results:291 | 持有建议: 建议持有
2026-03-27 16:32:08 | INFO     | src.workflow.analysis:summarize_analysis_results:292 | 置信度: 23.4%
2026-03-27 16:32:08 | INFO     | src.workflow.analysis:summarize_analysis_results:293 | 报告路径: outputs/reports\fund-analysis-fund-018957-20260327_163200.txt
2026-03-27 16:32:08 | INFO     | src.workflow.analysis:summarize_analysis_results:294 | ------------------------------------------------------------
2026-03-27 16:32:08 | INFO     | src.workflow.analysis:summarize_analysis_results:288 | 基金代码: 017193
2026-03-27 16:32:08 | INFO     | src.workflow.analysis:summarize_analysis_results:289 | 基金名称: 基金017193
2026-03-27 16:32:08 | INFO     | src.workflow.analysis:summarize_analysis_results:290 | 加权得分: 0.136
2026-03-27 16:32:08 | INFO     | src.workflow.analysis:summarize_analysis_results:291 | 持有建议: 建议持有
2026-03-27 16:32:08 | INFO     | src.workflow.analysis:summarize_analysis_results:292 | 置信度: 41.4%
2026-03-27 16:32:08 | INFO     | src.workflow.analysis:summarize_analysis_results:293 | 报告路径: outputs/reports\fund-analysis-fund-017193-20260327_163203.txt
2026-03-27 16:32:08 | INFO     | src.workflow.analysis:summarize_analysis_results:294 | ------------------------------------------------------------
2026-03-27 16:32:08 | INFO     | src.workflow.analysis:summarize_analysis_results:288 | 基金代码: 025209
2026-03-27 16:32:08 | INFO     | src.workflow.analysis:summarize_analysis_results:289 | 基金名称: 基金025209
2026-03-27 16:32:08 | INFO     | src.workflow.analysis:summarize_analysis_results:290 | 加权得分: 0.000
2026-03-27 16:32:08 | INFO     | src.workflow.analysis:summarize_analysis_results:291 | 持有建议: 建议持有
2026-03-27 16:32:08 | INFO     | src.workflow.analysis:summarize_analysis_results:292 | 置信度: 27.9%
2026-03-27 16:32:08 | INFO     | src.workflow.analysis:summarize_analysis_results:293 | 报告路径: outputs/reports\fund-analysis-fund-025209-20260327_163206.txt
2026-03-27 16:32:08 | INFO     | src.workflow.analysis:summarize_analysis_results:294 | ------------------------------------------------------------
2026-03-27 16:32:08 | INFO     | src.workflow.analysis:summarize_analysis_results:302 | 
持有建议分布:
2026-03-27 16:32:08 | INFO     | src.workflow.analysis:summarize_analysis_results:305 |   建议持有: 6只 (100.0%)
2026-03-27 16:32:08 | INFO     | src.workflow.analysis:summarize_analysis_results:313 | 
============================================================
2026-03-27 16:32:08 | INFO     | src.workflow.analysis:summarize_analysis_results:314 | 基金加权平均分析已完成!
2026-03-27 16:32:08 | INFO     | src.workflow.analysis:summarize_analysis_results:315 | ============================================================
2026-03-27 16:32:08 | INFO     | __main__:main:165 | ✅ 基金加权平均分析完成！
2026-03-27 16:32:08 | INFO     | __main__:main:166 |    总基金数: 6
2026-03-27 16:32:08 | INFO     | __main__:main:167 |    分析成功: 6
2026-03-27 16:32:08 | INFO     | __main__:main:168 |    分析失败: 0
2026-03-27 16:32:08 | INFO     | __main__:main:171 | 
成功分析的基金结果:
2026-03-27 16:32:08 | INFO     | __main__:main:172 | ------------------------------------------------------------
2026-03-27 16:32:08 | INFO     | __main__:main:175 | 基金代码: 005538
2026-03-27 16:32:08 | INFO     | __main__:main:176 | 基金名称: 基金005538
2026-03-27 16:32:08 | INFO     | __main__:main:177 | 加权得分: 0.163
2026-03-27 16:32:08 | INFO     | __main__:main:178 | 持有建议: 建议持有
2026-03-27 16:32:08 | INFO     | __main__:main:179 | 置信度: 46.7%
2026-03-27 16:32:08 | INFO     | __main__:main:180 | 报告路径: outputs/reports\fund-analysis-fund-005538-20260327_163151.txt
2026-03-27 16:32:08 | INFO     | __main__:main:181 | ------------------------------------------------------------
2026-03-27 16:32:08 | INFO     | __main__:main:175 | 基金代码: 015790
2026-03-27 16:32:08 | INFO     | __main__:main:176 | 基金名称: 基金015790
2026-03-27 16:32:08 | INFO     | __main__:main:177 | 加权得分: 0.148
2026-03-27 16:32:08 | INFO     | __main__:main:178 | 持有建议: 建议持有
2026-03-27 16:32:08 | INFO     | __main__:main:179 | 置信度: 49.7%
2026-03-27 16:32:08 | INFO     | __main__:main:180 | 报告路径: outputs/reports\fund-analysis-fund-015790-20260327_163154.txt
2026-03-27 16:32:08 | INFO     | __main__:main:181 | ------------------------------------------------------------
2026-03-27 16:32:08 | INFO     | __main__:main:175 | 基金代码: 025491
2026-03-27 16:32:08 | INFO     | __main__:main:176 | 基金名称: 基金025491
2026-03-27 16:32:08 | INFO     | __main__:main:177 | 加权得分: 0.160
2026-03-27 16:32:08 | INFO     | __main__:main:178 | 持有建议: 建议持有
2026-03-27 16:32:08 | INFO     | __main__:main:179 | 置信度: 46.6%
2026-03-27 16:32:08 | INFO     | __main__:main:180 | 报告路径: outputs/reports\fund-analysis-fund-025491-20260327_163158.txt
2026-03-27 16:32:08 | INFO     | __main__:main:181 | ------------------------------------------------------------
2026-03-27 16:32:08 | INFO     | __main__:main:175 | 基金代码: 018957
2026-03-27 16:32:08 | INFO     | __main__:main:176 | 基金名称: 基金018957
2026-03-27 16:32:08 | INFO     | __main__:main:177 | 加权得分: 0.007
2026-03-27 16:32:08 | INFO     | __main__:main:178 | 持有建议: 建议持有
2026-03-27 16:32:08 | INFO     | __main__:main:179 | 置信度: 23.4%
2026-03-27 16:32:08 | INFO     | __main__:main:180 | 报告路径: outputs/reports\fund-analysis-fund-018957-20260327_163200.txt
2026-03-27 16:32:08 | INFO     | __main__:main:181 | ------------------------------------------------------------
2026-03-27 16:32:08 | INFO     | __main__:main:175 | 基金代码: 017193
2026-03-27 16:32:08 | INFO     | __main__:main:176 | 基金名称: 基金017193
2026-03-27 16:32:08 | INFO     | __main__:main:177 | 加权得分: 0.136
2026-03-27 16:32:08 | INFO     | __main__:main:178 | 持有建议: 建议持有
2026-03-27 16:32:08 | INFO     | __main__:main:179 | 置信度: 41.4%
2026-03-27 16:32:08 | INFO     | __main__:main:180 | 报告路径: outputs/reports\fund-analysis-fund-017193-20260327_163203.txt
2026-03-27 16:32:08 | INFO     | __main__:main:181 | ------------------------------------------------------------
2026-03-27 16:32:08 | INFO     | __main__:main:175 | 基金代码: 025209
2026-03-27 16:32:08 | INFO     | __main__:main:176 | 基金名称: 基金025209
2026-03-27 16:32:08 | INFO     | __main__:main:177 | 加权得分: 0.000
2026-03-27 16:32:08 | INFO     | __main__:main:178 | 持有建议: 建议持有
2026-03-27 16:32:08 | INFO     | __main__:main:179 | 置信度: 27.9%
2026-03-27 16:32:08 | INFO     | __main__:main:180 | 报告路径: outputs/reports\fund-analysis-fund-025209-20260327_163206.txt
2026-03-27 16:32:08 | INFO     | __main__:main:181 | ------------------------------------------------------------
2026-03-27 16:32:08 | INFO     | __main__:main:183 | 
2026-03-27 16:32:08 | ERROR    | src.notify.channels.base:send:80 | NtfyChannel 发送异常 (尝试 1/3): HTTPSConnectionPool(host='ntfy.sh', port=443): Max retries exceeded with url: /process-notify-001 (Caused by SSLError(SSLEOFError(8, 'EOF occurred in violation of protocol (_ssl.c:997)')))
2026-03-27 16:32:09 | ERROR    | src.notify.channels.base:send:80 | NtfyChannel 发送异常 (尝试 2/3): HTTPSConnectionPool(host='ntfy.sh', port=443): Max retries exceeded with url: /process-notify-001 (Caused by SSLError(SSLEOFError(8, 'EOF occurred in violation of protocol (_ssl.c:997)')))
2026-03-27 16:32:11 | ERROR    | src.notify.channels.base:send:80 | NtfyChannel 发送异常 (尝试 3/3): HTTPSConnectionPool(host='ntfy.sh', port=443): Max retries exceeded with url: /process-notify-001 (Caused by SSLError(SSLEOFError(8, 'EOF occurred in violation of protocol (_ssl.c:997)')))
2026-03-27 16:32:11 | INFO     | src.notify.channels.markdown:_do_send:75 | Markdown 文件已保存: ./notify_logs\notify_20260327_163211.md
2026-03-27 16:32:11 | INFO     | __main__:send_notification:221 | ✅ 通知发送成功！
2026-03-27 16:32:11 | INFO     | __main__:main:201 | ============================================================
2026-03-27 16:32:11 | INFO     | __main__:main:202 | 自动化执行流程全部完成！
2026-03-27 16:32:11 | INFO     | __main__:main:203 | 完成时间: 2026-03-27 16:32:11
2026-03-27 16:32:11 | INFO     | __main__:main:204 | ============================================================
