日期,开盘,最高,最低,收盘,成交量,成交额,换手率,涨跌幅,MA5,MA10,MA20,MA30,MA60,MA120,MA250,SMA5,SMA10,SMA20,SMA30,SMA60,SMA120,SMA250,EMA12,EMA26,RSI6,RSI12,RSI24,DIF12-26-9,DEA12-26-9,MACD12-26-9,DIF12-26-12,DEA12-26-12,MACD12-26-12,BOLL_UPPER20-2,BOLL_MIDDLE20-2,BOLL_LOWER20-2,K9-3-3,D9-3-3,J9-3-3,K10-3-3,D10-3-3,J10-3-3,ATR10,CCI,Williams_R10,BIAS5,BIAS10,BIAS20,BIAS30,BIAS60,BIAS120,BIAS250,PSY10
2022-08-12,70.0,73.8,60.1,60.1,119133625.0,7864877720.0,59.6845,66.9444,,,,,,,,,,,,,,,60.1,60.1,,,,0.0,0.0,0.0,0.0,0.0,0.0,,,,,,,,,,13.699999999999996,,,,,,,,,,
2022-08-15,57.0,61.19,56.7,56.82,59475630.0,3509521337.96,29.7965,-5.4576,,,,,,,,,,,,,,,59.59538461538462,59.85703703703704,,,,-0.2616524216524212,-0.05233048433048424,-0.4186438746438739,-0.2616524216524212,-0.04025421871575711,-0.4427964058733282,,,,,,,,,,12.02545454545454,,,,,,,,,,57.051566530575606
2022-08-16,56.0,61.66,55.01,60.69,45226222.0,2650930792.06,22.6578,6.811,,,,,,,,,,,,,,,59.763786982248526,59.918737997256514,,,,-0.15495101500798825,-0.07285459046598504,-0.16419284908400641,-0.15495101500798825,-0.05789987968379266,-0.19410227064839117,,,,,,,,,,11.048099173553714,,,,,,,,,,193.26761220408775
2022-08-17,60.35,61.86,56.8,57.64,30965039.0,1814533092.27,15.5131,-5.0255,,,,,,,,,,,,,,,59.43705052344106,59.74994259005233,,,,-0.3128920666112691,-0.12086208569504185,-0.3840599618324545,-0.3128920666112691,-0.09712944690340442,-0.4315252394157294,,,,,,,,,,9.95935386927122,,,,,,,,,,59.71292516093788
2022-08-18,57.02,58.79,55.5,57.65,20379982.0,1172481798.5,10.2101,0.0173,58.58,,,,,,,58.58,,,,,,,59.16211967368089,59.59439128708549,,,,-0.43227161340460185,-0.18314399123695385,-0.498255244335296,-0.43227161340460185,-0.14868978021128096,-0.5671636663866417,,,,,,,,,,8.74674407485827,,,-0.015875725503584837,,,,,,,100.1736261396841
2022-08-19,58.01,59.1,54.02,54.26,19856238.0,1121274064.89,9.9477,-5.8803,57.412,,,,,,,57.412,,,,,,,58.40794741619152,59.19925119174582,28.52941176470587,,,-0.7913037755543044,-0.30477594810042397,-0.9730556549077609,-0.7913037755543044,-0.24755347180251536,-1.087500607503578,,,,,,,,,,8.080063333974948,,,-0.05490141433846584,,,,,,,54.55125896667826
2022-08-22,54.0,56.96,53.95,56.35,17120114.0,961875912.21,8.577,3.8518,57.318000000000005,,,,,,,57.318000000000005,,,,,,,58.091340121392825,58.988195547912795,38.04971319311663,,,-0.89685542651997,-0.42319184378433317,-0.9473271654712736,-0.89685542651997,-0.3474460802205853,-1.0988186925987693,,,,,,,,,,7.1582336368885935,,,-0.016888237551903475,,,,,,,145.9289002550051
2022-08-23,55.93,60.83,55.8,59.87,21665593.0,1282497748.06,10.8542,6.2467,57.153999999999996,,,,,,,57.153999999999996,,,,,,,58.364980102717006,59.05351439621555,59.57313245448839,,,-0.6885342934985417,-0.4762603337271749,-0.4245479195427335,-0.6885342934985417,-0.3999211899556555,-0.5772262070857723,,,,,,,,,,6.771282066545213,,,0.04752073345697591,,,,,,,183.2961646080886
2022-08-24,59.3,60.96,57.23,58.75,12285793.0,719144880.2,6.155,-1.8707,57.376,,,,,,,57.376,,,,,,,58.42421393306824,59.03103184834772,42.640364188163886,,,-0.6068179152794855,-0.5023718500376371,-0.20889213048369681,-0.6068179152794855,-0.4317514553900909,-0.35013291977878913,,,,24.18136020151133,24.18136020151133,24.181360201511332,,,,6.21832169080972,,,0.023947295036252134,,,,,,,82.79157184164136
2022-08-25,59.01,59.3,54.35,55.3,13214891.0,738634613.75,6.6205,-5.8723,56.90599999999999,57.742999999999995,,,,,,56.90599999999999,57.742999999999995,,,,,,57.943565635673124,58.754659118840486,41.3843888070692,,,-0.8110934831673617,-0.564116176663582,-0.4939546130075594,-0.8110934831673617,-0.4901117673558249,-0.6419634316230737,,,,21.809908065230033,23.390876156084232,18.647971883521635,6.801007556675036,6.801007556675036,6.801007556675037,5.987717747026133,,-93.19899244332497,-0.028221980107545685,-0.04230815856467447,,,,,,54.59748072007059
2022-08-26,54.81,55.94,50.0,50.2,21365287.0,1117262543.36,10.7037,-9.2224,56.09400000000001,56.753,,,,,,56.09400000000001,56.753,,,,,,56.75224784556957,58.12098066559304,30.04820567755759,,,-1.3687328200234674,-0.7250395053355592,-1.2873866293758165,-1.3687328200234674,-0.6252842369970006,-1.4868971660529335,,,,15.102052257089847,20.627934856419436,4.050287058430669,5.096118584719847,6.232711232689974,2.822933288779595,5.979041793021381,,-98.31365935919052,-0.10507362641280715,-0.11546526174827758,,,,,,38.00019790283006
2022-08-29,49.04,51.27,48.69,49.09,11626638.0,577106090.08,5.8248,-2.2112,54.64200000000001,55.98,,,,,,54.64200000000001,55.98,,,,,,55.57344048471271,57.45201913480837,34.228187919463096,31.643881293764593,,-1.8785786500956547,-0.9557473342875783,-1.8456626316161528,-1.8785786500956547,-0.8180987620891013,-2.120959776013107,,,,11.080436761623568,17.445435491487483,-1.6495606981042599,4.409814313376901,5.625078926252283,1.9792850876261365,5.361034194290221,,-96.962794229309,-0.10160682259068127,-0.12307967131118246,,,,,,79.96374941859492
2022-08-30,49.02,52.77,48.92,51.74,16427156.0,845275466.9,8.2298,5.3982,53.016,55.085,,,,,,53.016,55.085,,,,,,54.983680410141524,57.02890660630404,36.401179941002944,37.19362745098039,,-2.045226196162517,-1.173643106662566,-1.7431661789999016,-2.045226196162517,-1.006887598100396,-2.076677196124242,,,,15.6727497454562,16.85454024281039,13.309168750747816,10.659440876090812,7.30319957619846,17.37192347587552,5.086300704419272,,-76.84130599848137,-0.024068205824656637,-0.06072433511845328,,,,,,169.174118727261
2022-08-31,52.0,53.76,50.0,50.18,12120606.0,626793711.33,6.0723,-3.0151,51.302,54.339,,,,,,51.302,54.339,,,,,,54.244652654735134,56.52158019102226,17.67845230153435,39.26261319534281,,-2.2769275362871255,-1.3942999925874782,-1.7652550873992947,-2.2769275362871255,-1.2022783578214313,-2.1492983569313884,,,,14.496312924572,16.068464470064264,11.352009833587474,11.154107011661742,8.586835388019555,16.288650258946113,4.8451551217975855,,-87.8565607171964,-0.021870492378464775,-0.0765380297760356,,,,,,73.6278851125449
2022-09-01,57.1,59.8,53.85,54.47,44421194.0,2548811140.05,22.2545,8.5492,51.136,54.021,,,,,,51.136,54.021,,,,,,54.27932147708358,56.369611287983574,38.215859030837,40.0765794511806,,-2.0902898108999963,-1.533497956249982,-1.1135837093000287,-2.0902898108999963,-1.3388955044489028,-1.502788612902187,,,,25.366463438440555,19.16779745952303,37.76379539627561,23.13832616316705,13.43733231306872,42.54031386336371,5.713308736016206,,-52.893235533822335,0.06519868585732157,0.008311582532718721,,,,,,227.1261728412842
2022-09-02,54.91,59.8,54.91,56.1,26976389.0,1543447778.87,13.5148,2.9925,52.315999999999995,54.205000000000005,,,,,,52.315999999999995,54.205000000000005,,,,,,54.55942586522457,56.349640081466276,52.447980416156696,47.4264705882353,,-1.7902142162417078,-1.5848412082483272,-0.4107460159867613,-1.7902142162417078,-1.4083291524170267,-0.7637701276493623,,,,37.041374973630305,25.125656630892124,60.872811659106674,35.55595012344797,20.81020491652847,65.04744053728697,5.643616238558713,,-39.6088019559902,0.07232968881412964,0.03495987455031816,,,,,,134.29345891523695
2022-09-05,55.1,55.62,51.27,52.17,20327715.0,1082191561.78,10.1839,-7.0053,52.932,53.787,,,,,,52.932,53.787,,,,,,54.19182188595925,56.040037112468774,56.49307844429794,41.90307328605201,,-1.8482152265095237,-1.6375160119005667,-0.42139842921791404,-1.8482152265095237,-1.4760039330466417,-0.7444225869257641,,,,34.14820271265656,28.133171991480275,46.17826415500913,33.157919479201674,24.926109770752873,49.62153889609928,5.495686013366219,,-71.63814180929093,-0.014395828610292458,-0.030063026381839428,,,,,,48.37040844814802
2022-09-06,52.95,53.58,51.34,53.3,12381516.0,649731419.85,6.203,2.166,53.24399999999999,53.129999999999995,,,,,,53.24399999999999,53.129999999999995,,,,,,54.05461851888859,55.83707140043405,63.85780118499011,48.48005066497783,,-1.7824528815454599,-1.6665033858295455,-0.2318989914318288,-1.7824528815454599,-1.5231499251233829,-0.518605912844154,,,,36.59685161341821,30.954398532126255,47.88175777600212,34.629050367280875,28.160423302928876,47.566304495984866,4.903743101845087,,-62.42868785656073,0.0010517617008490064,0.003199698851872797,,,,,,123.89783656728363
2022-09-07,53.6,57.29,53.3,54.87,14913190.0,826665169.02,7.4713,2.9456,54.181999999999995,52.742,,,,,,54.181999999999995,52.742,,,,,,54.18006182367496,55.765436481883384,61.09142452161586,47.617514488087565,,-1.5853746582084227,-1.650277640305321,0.12980596419379653,-1.5853746582084227,-1.5327229609826198,-0.10530339445160575,,,,42.93975526103068,34.94951744176107,58.920230899569916,41.62788776360579,32.64957812315451,59.58450704450834,4.737607992418708,,-44.37443744374438,0.01269794396663103,0.04034735125706269,,,,,,133.6834089759459
2022-09-08,54.86,57.2,54.51,56.62,12792981.0,721847521.78,6.4091,3.1894,54.612,52.874,55.3085,,,,,54.612,52.874,55.3085,,,,,54.55543692772497,55.82873748322535,72.51748251748252,44.452031410037556,,-1.2733005555003842,-1.5748822233443336,0.6031633356878987,-1.2733005555003842,-1.4928118216776607,0.4390225323545529,62.12775841005882,55.3085,48.48924158994119,52.418882745277585,40.77263920959991,75.71136981663294,51.54430441366099,38.94782021999001,76.73727280100294,4.365315630160762,5.337367879131893,-28.622862286228624,0.036768475792865955,0.07084767560615794,0.023712449261867437,,,,,136.88285295562756
2022-09-09,57.01,57.48,54.92,55.8,6704055.0,375469781.7,3.3586,-1.4483,54.552,53.434000000000005,55.093500000000006,,,,,54.552,53.434000000000005,55.093500000000006,,,,,54.746908169613434,55.82660878076422,56.14035087719297,44.91203863401172,,-1.079700611150784,-1.475845900905624,0.7922905795096797,-1.079700611150784,-1.429256250827372,0.699111279353176,61.53750096376876,55.093500000000006,48.649499036231255,56.024353202734076,45.85654387397797,76.3599718602463,55.69500282242866,44.53021442080289,78.02457962568022,4.037076424676986,17.2095587354091,-36.003600360036,0.022877254729432424,0.04427892353183352,0.012823654333088136,,,,,86.42578623042762
2022-09-13,56.19,58.22,55.58,55.81,7799766.0,441953878.4,3.9076,0.0179,55.279999999999994,54.105999999999995,55.04299999999999,,,,,55.279999999999994,54.105999999999995,55.04299999999999,,,,,54.910460758903675,55.82537850070761,48.425624321389805,50.99804305283758,,-0.9149177418039329,-1.363660269085286,0.897485054562706,-0.9149177418039329,-1.3501272494391507,0.8704190152704356,61.44573000984324,55.04299999999999,48.640269990156746,57.11147356372749,49.60818710389448,72.11804648339353,58.2390705090701,49.099833116891965,76.51754529342638,3.78306252928117,34.04674046740494,-36.67279411764703,0.009587554269175258,0.03149373452112535,0.013934560252893378,,,,,100.17935606400263
2022-09-14,55.0,59.49,54.33,59.21,14025063.0,807139020.09,7.0264,6.0921,56.462,54.852999999999994,54.96900000000001,,,,,56.462,54.852999999999994,54.96900000000001,,,,,55.571928334456956,56.076091204358896,90.55299539170507,68.88888888888889,,-0.5041628699019398,-1.1917607892486166,1.3751958386933536,-0.5041628699019398,-1.2199788833565028,1.431632026909126,61.1264393173923,54.96900000000001,48.81156068260772,69.1020609221255,56.10614504330482,95.09389267976687,70.15257761829164,56.117414617358534,98.22290362015787,4.033414796684594,71.42803221885889,-6.02040816326527,0.04866990188091101,0.07943047782254402,0.0771525769069838,,,,,180.6468469313216
2022-09-15,58.51,61.4,55.8,56.2,16768023.0,978247437.85,8.4006,-5.0836,56.727999999999994,55.455,54.897000000000006,,,,,56.727999999999994,55.455,54.897000000000006,,,,,55.6685547445405,56.085269633665646,63.73106060606062,63.80582524271845,46.5016146393972,-0.41671488912514576,-1.0367516092239224,1.2400734401975533,-0.41671488912514576,-1.0963998073209096,1.3593698363915276,60.955820798941346,54.897000000000006,48.838179201058665,62.2904822073795,58.167590764663046,70.53626509281239,62.99082667149026,58.40855196873578,72.15537607699923,4.318248470014668,77.80392878408017,-51.33267522211252,-0.009307572979833445,0.013434316112163098,0.023735358944933185,,,,,59.34888236052491
2022-09-16,55.89,65.2,55.67,62.6,27395163.0,1703335363.52,13.7246,11.3879,57.924,56.267999999999994,55.144499999999994,,,,,57.924,56.267999999999994,55.144499999999994,,,,,56.73493093768812,56.56784225339412,75.11371020142951,68.40677966101694,52.01158673962022,0.1670886842940007,-0.7959835505203379,1.9261444696286771,0.1670886842940007,-0.9020169624570773,2.138211293502156,62.025462218515045,55.144499999999994,48.26353778148494,68.63873736055498,61.657972963293695,82.60026615507756,69.10563366996216,61.97424586914458,83.3684092715973,5.265839657284728,164.65718480013464,-18.664752333094054,0.08072646916649406,0.11253287836781134,0.13519933991603894,,,,,294.0222362706265
2022-09-19,62.6,68.03,62.08,62.87,21933351.0,1416638945.39,10.9883,0.4313,59.338,56.94500000000001,55.575,,,,,59.338,56.94500000000001,55.575,,,,,57.678787716505326,57.034668753142704,72.46585190510424,72.49202410492734,55.115846440047356,0.6441189633626223,-0.5079630477437458,2.304164022212736,0.6441189633626223,-0.6641498969463542,2.616537720617953,63.25403091473616,55.575,47.89596908526384,68.7869193747818,64.03428843378973,78.29218125676596,69.1412259470392,64.3632392284428,78.69719938423202,5.390232446869323,214.88549618320624,-30.787589498806707,0.0595234082712595,0.10404776538765456,0.13126405757984694,,,,,104.39778188152222
2022-09-20,63.5,64.88,61.01,62.71,11899013.0,747926762.38,5.9613,-0.2545,60.717999999999996,57.99899999999999,55.892999999999994,,,,,60.717999999999996,57.99899999999999,55.892999999999994,,,,,58.45282037550451,57.455063660317315,76.07547169811323,67.10963455149502,51.82244677011909,0.9977567151871938,-0.20681909515755786,2.4091516206895034,0.9977567151871938,-0.40847195661811597,2.8124573436106193,64.20761389425427,55.892999999999994,47.57838610574572,67.1523567499677,65.07364453918238,71.30978117153833,68.80235913944816,65.84294586544459,74.72118568745529,5.113826547438536,152.10125807808507,-31.87537447573398,0.03280740472347581,0.08122553837135146,0.12196518347556953,,,,,97.48401419506439
2022-09-21,62.5,63.0,60.06,60.81,10193140.0,626149854.32,5.1066,-3.0298,61.038,58.75,55.94,,,,,61.038,58.75,55.94,,,,,58.81546339465766,57.70357746325677,66.51254953764862,59.67145790554415,52.92058227381611,1.1118859314008915,0.05692191015413203,2.109928042493519,1.1118859314008915,-0.17457074307673018,2.5729133489552436,64.35923862040792,55.94,47.520761379592074,60.53466119097604,63.56065008978027,54.48268339336758,62.8630346288333,64.8496421199075,58.889819646684884,4.718585356995165,108.36525233874255,-49.01561439239645,-0.0037353779612699376,0.03506382978723408,0.08705756167322139,,,,,73.51602662424717
2022-09-22,60.58,65.59,60.4,63.34,11563234.0,732528779.38,5.793,4.1605,62.465999999999994,59.597,56.169500000000006,,,,,62.465999999999994,59.597,56.169500000000006,,,,,59.511545949325715,58.12109024375627,64.47091800981082,74.33551198257082,55.00968480366262,1.390455705569444,0.32362866923719447,2.1336540726644992,1.390455705569444,0.06620255671498895,2.64850629770891,65.14323354207771,56.169500000000006,47.1957664579223,62.27858191320545,63.133294030921995,60.56915767777237,63.83083087177696,64.51003837053065,62.472415874269586,4.804297110268772,133.68747233289093,-34.23357664233574,0.013991611436621674,0.06280517475711868,0.127658248693686,,,,,150.32477283612877
2022-09-23,62.79,64.34,60.8,61.12,10718889.0,665991853.91,5.37,-3.5049,62.17,60.047000000000004,56.4605,56.888000000000005,,,,62.17,60.047000000000004,56.4605,56.888000000000005,,,,59.75900041866022,58.34323170718174,68.24925816023737,66.26455906821963,56.166846458108594,1.415768711478485,0.5420566776854525,1.7474240675860648,1.415768711478485,0.273828118986296,2.283881184984378,65.68934830586306,56.4605,47.23165169413694,58.03973587401044,61.43544131195148,51.24832499812837,59.07456851305812,62.698215084706476,51.827275369761395,4.574424908401723,98.09629619212346,-50.437956204379574,-0.016889174843172015,0.017869335687045036,0.08252672222173013,0.07439178737167754,,,,69.99271907783326
2022-09-26,60.31,62.36,59.33,60.3,9431701.0,571944927.31,4.7252,-1.3416,61.65599999999999,60.497,56.965500000000006,56.89466666666667,,,,61.65599999999999,60.497,56.965500000000006,56.89466666666667,,,,59.842231123481724,58.488177506649755,35.44303797468352,61.657363675397164,53.63385464581417,1.354053616831969,0.7044560655147558,1.2991951026344264,1.354053616831969,0.4400166571163996,1.8280739194311388,65.8508835624936,56.965500000000006,48.080116437506405,53.218704694595765,58.696529106166246,42.263055871454796,53.90859312062755,59.768341096680174,42.189097168522295,4.29362037960141,63.598473435773826,-56.4233576642336,-0.021992993382639072,-0.003256359819495227,0.058535429338810174,0.05985329614960964,,,,87.36543944232317
2022-09-27,60.3,61.75,58.11,61.75,10398608.0,623078361.81,5.2096,2.4046,61.464,61.090999999999994,57.5985,57.059,,,,61.464,61.090999999999994,57.5985,57.059,,,,60.13573402756146,58.729793987638665,43.832599118942746,61.15702479338843,51.79801071155317,1.4059400399227968,0.8447528603963641,1.1223743590528654,1.4059400399227968,0.5886202544712299,1.6346395709031338,65.9066045403047,57.5985,49.290395459695304,51.876115966839464,56.42305805972399,42.78223178107042,53.99259006095365,57.843090751438005,46.29158867998494,4.174780310582971,54.0400311308895,-45.839416058394164,0.0046531302876480765,0.010787186328591873,0.07207652977074053,0.0822131477943883,,,,126.82255487369132
2022-09-28,60.8,61.05,57.37,58.19,10687492.0,629618802.36,5.3543,-5.7652,60.94,60.98900000000001,57.92100000000001,56.97566666666667,,,,60.94,60.98900000000001,57.92100000000001,56.97566666666667,,,,59.83639033101354,58.68980924781358,31.891025641025635,54.64438398756315,49.488304093567244,1.1465810831999619,0.9051185049570837,0.4829251564857564,1.1465810831999619,0.6744603819679579,0.944241402464008,65.75902579869782,57.92100000000001,50.082974201302186,41.38019381608068,51.40876997850956,21.32304149122291,42.79117654549013,52.82578601612205,22.721957604226276,4.212092981386068,14.09890760372386,-79.61165048543693,-0.04512635379061372,-0.045893521782616756,0.004644256832582159,0.0213131921814575,,,,55.22223154553446
2022-09-29,58.92,61.58,58.0,60.9,10062079.0,606463548.41,5.041,4.6572,60.452,61.459,58.456999999999994,57.08433333333333,,,,60.452,61.459,58.456999999999994,57.08433333333333,,,,60.000022587780684,58.85352708130887,50.33860045146726,58.95181146676046,55.18710633567989,1.1464955064718154,0.95339390526003,0.38620320242357087,1.1464955064718154,0.7470811703531667,0.7988286722372975,65.49105281095957,58.456999999999994,51.422947189040414,38.624944720414014,47.14749489247772,21.5798443762866,42.632089649528474,49.42788722725753,29.040494494070373,4.097166984770419,35.15832163469046,-57.68608414239485,0.007410838351088474,-0.009095494557347249,0.04179140222727826,0.06684262465475055,,,,157.64832268697896
2022-09-30,60.78,61.98,58.81,58.82,7163333.0,430264402.93,3.5887,-3.4154,59.992,61.080999999999996,58.6745,57.12333333333333,,,,59.992,61.080999999999996,58.6745,57.12333333333333,,,,59.81848065119904,58.85104359380451,32.398753894081,49.280708225746956,58.45761381475667,0.9674370573945268,0.9562025356869294,0.022469043415194845,0.9674370573945268,0.7809820760518374,0.3729099626853787,65.45387266155288,58.6745,51.89512733844713,31.62993070574236,41.97497349689927,10.93984512342854,32.955476902062145,43.937083785525736,10.992263135134962,3.928591169357614,24.666308367100022,-86.39774859287053,-0.019535938125083297,-0.03701642081825766,0.0024797825290372886,0.029701814786718902,,,,70.64432427464385
2022-10-10,55.9,55.9,47.06,47.06,17192303.0,820001057.2,8.6131,-19.9932,57.34400000000001,59.5,58.222500000000004,56.88333333333333,,,,57.34400000000001,59.5,58.222500000000004,56.88333333333333,,,,57.855637474091495,57.9776329572264,18.588025022341384,37.255995538204125,48.35254017204999,-0.12199548313490283,0.740562931922563,-1.7251168301149316,-0.12199548313490283,0.6420624515615697,-1.528115869392945,66.71388231881068,58.222500000000004,49.73111768118933,21.08662047049491,35.012189154764485,-6.764516898044235,21.9703179347081,36.61482850191986,-7.318703199715429,5.352483684019866,-180.31192186742788,-100.0,-0.1793387276785715,-0.2090756302521008,-0.19172141354287434,-0.17269264576618806,,,,10.746549085358806
2022-10-11,45.97,46.45,37.73,38.0,42514760.0,1682176637.8,21.2994,-19.252,52.59400000000001,57.02900000000001,57.513999999999996,56.27166666666667,,,,52.59400000000001,57.02900000000001,57.513999999999996,56.27166666666667,,,,54.80092401653896,56.49780829372815,13.585891574134564,18.06853582554517,39.90002940311673,-1.6968842771891914,0.25307349010021213,-3.899915534578807,-1.6968842771891914,0.2822244932922218,-3.9582175409628264,69.6948242742435,57.513999999999996,45.33317572575649,14.38079077071042,28.135056360079798,-13.127740408028338,14.969922413519212,29.399859805786313,-13.889952371014992,6.075668468743527,-299.71095994481175,-99.03086862885857,-0.2774841236642964,-0.3336723421417175,-0.33929130298709875,-0.3247045582442319,,,,11.784651332635752
2022-10-12,37.19,39.03,36.22,38.55,34500124.0,1298749951.07,17.2841,1.4474,48.666,54.803,56.7765,55.56100000000001,,,,48.666,54.803,56.7765,55.56100000000001,,,,52.30078186014835,55.168341012711245,10.96904441453566,18.659793814432987,41.32219071780331,-2.8675591525628974,-0.3710530384324098,-4.993012228260975,-2.8675591525628974,-0.20235760607010425,-5.330403092985586,71.5432240068587,56.7765,42.00977599314131,12.349166345954881,22.87309302203816,-8.698687006211678,12.624370021224815,23.80802987759915,-9.742949691523854,5.481910565335613,-269.6815304504053,-92.06673476336398,-0.2078658611761805,-0.2965713555827236,-0.321021901667063,-0.3061679955364376,,,,115.45370058013276
2022-10-13,37.8,40.64,37.45,38.8,27786701.0,1084160627.33,13.9208,0.6485,44.245999999999995,52.349000000000004,55.973,54.895999999999994,,,,44.245999999999995,52.349000000000004,55.973,54.895999999999994,,,,50.2237384970486,53.955871308065966,13.290420295342656,19.259449730007717,37.55756709544227,-3.7321328110173653,-1.043268992949401,-5.377727636135928,-3.7321328110173653,-0.7453999452927599,-5.973465731449211,72.78386252835851,55.973,39.162137471641486,11.522754610641687,19.089646884906003,-3.61102993788694,11.474568160190652,19.696875971796317,-4.970047463020677,5.065199553456409,-198.95111100932684,-90.82503556187767,-0.12308457261673368,-0.2588206078435119,-0.30680863987994217,-0.29320897697464293,,,,106.67764803843689
2022-10-14,39.2,39.46,37.49,38.92,26473453.0,1023812554.52,13.2629,0.3093,40.266,50.129000000000005,55.088,54.35,,,,40.266,50.129000000000005,55.088,54.35,,,,48.484701805194966,52.84210306302404,3.8623005877414016,20.506601994071687,36.02342987308818,-4.357401257829075,-1.7060954459253357,-5.302611623807478,-4.357401257829075,-1.3010924549137313,-6.112617605830687,73.53905000577987,55.088,36.63694999422013,11.17562522697024,16.451639665594083,0.6235963497225541,11.092711341682831,16.828821095091822,-0.3795081651351495,4.502435998282516,-157.98085454851042,-89.67100229533281,-0.03342770575671774,-0.22360310399170144,-0.293494045890212,-0.28390064397424103,,,,103.13618432903513
2022-10-17,38.11,41.2,38.03,40.58,31442274.0,1243877315.02,15.7522,4.2652,38.97,48.157,54.327,54.029333333333334,,,,38.97,48.157,54.327,54.029333333333334,,,,47.26859383516497,51.93379913242967,11.025641025641022,18.59823399558499,40.209494847102555,-4.6652052972646985,-2.2979174161932083,-4.73457576214298,-4.6652052972646985,-1.81864827681388,-5.693114040901637,73.87714400270022,54.327,34.77685599729977,13.092238764149933,15.3318393651127,8.613037562224399,13.036962840624993,15.56486834360288,7.981151834669216,4.260174907685696,-120.0405562623001,-83.07453416149069,0.04131383115216832,-0.15733953527005418,-0.2530417656045797,-0.2489265090568087,,,,151.84206836719724
2022-10-18,40.15,40.49,39.35,39.76,17666665.0,703154618.17,8.8508,-2.0207,39.321999999999996,45.958,53.5245,53.718333333333334,,,,39.321999999999996,45.958,53.5245,53.718333333333334,,,,46.1134255528319,51.032036233731176,20.706260032102705,19.34557979334099,38.502038043478265,-4.9186106808992776,-2.8220560691344225,-4.19310922352971,-4.9186106808992776,-2.295565569750095,-5.246090222298365,74.10863643152365,53.5245,32.94036356847636,13.308904517714861,14.657527749313422,10.611658054517736,13.272053902031569,14.800596863079111,10.214967979936482,3.709234015379205,-102.57719993556846,-86.25776397515527,0.011138802705864464,-0.1348622655468036,-0.25716260777774674,-0.2598430082839503,,,,81.53486008458401
2022-10-19,39.49,40.17,37.6,37.8,21493781.0,827730571.46,10.7681,-4.9296,39.172000000000004,43.919,52.45399999999999,53.25366666666666,,,,39.172000000000004,43.919,52.45399999999999,53.25366666666666,,,,44.834437006242375,50.05188540160294,48.13432835820893,18.73262923846582,35.59979753669647,-5.217448395360563,-3.301134534379651,-3.832627721961824,-5.217448395360563,-2.745086004459398,-4.94472478180233,73.99769992168916,52.45399999999999,30.910300078310833,10.917116469366842,13.41072398933123,5.929901429438065,10.892549392244646,13.497914372800958,5.681819431132023,3.5021005580375313,-97.22410520607374,-93.8664596273292,-0.03502501786990725,-0.13932466586215533,-0.2793685896213825,-0.29018972089558775,,,,60.319015022257915
2022-10-20,37.4,41.86,37.2,39.7,38089292.0,1504568225.45,19.0823,5.0265,39.352,41.799,51.629,52.90433333333333,,,,39.352,41.799,51.629,52.90433333333333,,,,44.04452362066663,49.28507907555828,58.569299552906145,19.736480922316773,35.76236957253451,-5.240555454891648,-3.6890187184820507,-3.1030734728191955,-5.240555454891648,-3.1290043814489747,-4.223102146885347,73.82260638135511,51.629,29.435393618644888,13.172386589334,13.331278189332155,12.854603389337694,11.764805184891882,12.9202113101646,9.453992934346445,3.712627729303434,-79.72232382984282,-86.49068322981364,0.008843260825371166,-0.05021651235675487,-0.23105231555908493,-0.24958888055798817,,,,163.30033259144025
2022-10-21,39.0,39.0,37.8,38.35,20923505.0,802884396.84,10.4824,-3.4005,39.238,39.751999999999995,50.4165,52.367,,,,39.238,39.751999999999995,50.4165,52.367,,,,43.16844306364099,48.47507321810952,47.119078104993626,21.011104617182937,35.446205170975816,-5.306630154468529,-4.0125410056793465,-2.5881782975783647,-5.306630154468529,-3.464023731144291,-3.6852128466484757,72.73575133152991,50.4165,28.09724866847008,15.721962516056497,14.128172964906936,18.90954161835562,11.450927033830364,12.430449884719856,9.491881332051378,3.383059051248265,-78.48106592603112,-89.17682926829266,-0.02263112289107493,-0.03526866572751042,-0.2393363283845566,-0.2676685699008917,,,,70.75361192681069
2022-10-24,38.35,39.99,38.29,38.8,20343718.0,797056345.75,10.1919,1.1734,38.882,38.926,49.213,51.790333333333336,,,,38.882,38.926,49.213,51.790333333333336,,,,42.496374900003914,47.75840112787919,49.26289926289923,15.425531914893611,35.91654247391952,-5.262026227875275,-4.262438050118532,-1.9991763555134856,-5.262026227875275,-3.7406394998721346,-3.0427734560062802,71.29939886302977,49.213,27.12660113697024,25.729535294392264,17.995293741402044,41.1980184003727,16.040598472211435,13.633832747217049,20.854129922200208,3.0770483146576715,-67.50257882106456,-74.78005865102642,-0.0021089450131166285,-0.003236911062015228,-0.21159043342206335,-0.25082544361560405,,,,112.3734134285729
2022-10-25,38.59,39.76,37.76,38.89,16350062.0,636333812.4,8.1912,0.232,38.708000000000006,39.015,48.022,51.34766666666666,,,,38.708000000000006,39.015,48.022,51.34766666666666,,,,41.941547992311,47.10148252581406,37.138508371385115,16.750083416750087,32.200420462508774,-5.159934533503062,-4.441937346795438,-1.435994373415248,-5.159934533503062,-3.9589925819692002,-2.4018839030677235,69.6071728837425,48.022,26.43682711625749,29.241721669795123,21.744103050866407,44.23695890765255,26.47387415877926,17.913846551071117,43.59392937419554,2.8812213483562767,-62.718685831622196,-52.65957446808508,0.004701870414384495,-0.0032038959374599513,-0.19016284203073588,-0.2426140752906655,,,,102.34395019508634
2022-10-26,39.11,40.3,38.1,39.94,23138719.0,914894684.26,11.5922,2.6999,39.136,39.154,46.978500000000004,50.90233333333333,,,,39.136,39.154,46.978500000000004,50.90233333333333,,,,41.633617531955466,46.571002338716724,51.3235294117647,31.516095534787112,35.250362844702465,-4.9373848067612585,-4.541026838788603,-0.7927159359453118,-4.9373848067612585,-4.10951446270644,-1.6557406881096366,67.97036035235163,46.978500000000004,25.98663964764838,39.09390886713092,27.52737165628791,62.22698328881694,37.24867719312034,24.35879009842086,63.02845138251931,2.7573629213824074,-53.533359381962015,-41.20171673819749,0.020543744889615568,0.020074577310108654,-0.1498238555935163,-0.21536013411304003,,,,130.52724568779524
2022-10-27,40.45,40.5,38.68,39.4,25173627.0,992040058.13,12.6117,-1.352,39.076,39.214,45.7815,50.38666666666667,,,,39.076,39.214,45.7815,50.38666666666667,,,,41.289984065500775,46.03981698029326,64.86988847583643,56.517690875232766,26.45148193260252,-4.749832914792485,-4.582788053989379,-0.33408972160621175,-4.749832914792485,-4.2080249937966006,-1.0836158419917687,65.5390049298395,45.7815,26.023995070160503,41.79937272114878,32.28470534457487,60.82870747429659,40.569218271808396,29.762266156216707,62.18312250299177,2.5869332993128786,-48.708062695116695,-52.78969957081551,0.008291534445695518,0.004743203957770183,-0.13939036510380837,-0.21804710240804454,,,,87.27334320101883
2022-10-28,39.26,40.37,38.8,38.95,21378750.0,849788380.57,10.7105,-1.1421,39.196,39.217,44.673,49.797666666666665,,,,39.196,39.217,44.673,49.797666666666665,,,,40.929986516962195,45.51464535212339,40.45801526717555,51.879699248120325,25.80906148867315,-4.584658835161193,-4.583162210223742,-0.002993249874901238,-4.584658835161193,-4.265968661698846,-0.6373803469246937,63.26009014343022,44.673,26.085909856569785,40.38413117032237,34.98451395315737,51.183365604652366,39.56402820409545,33.02952017217629,52.63304426793377,2.402036335801446,-46.13548985814666,-62.44635193133045,-0.006276150627614939,-0.006808271922890479,-0.12810870100508134,-0.21783483831237063,,,,89.14816369006306
2022-10-31,39.18,46.29,39.11,44.68,40248329.0,1706268667.65,20.1639,14.7112,40.372,39.626999999999995,43.892,49.427,,,,40.372,39.626999999999995,43.892,49.427,,,,41.506911668198775,45.45281977048462,88.08664259927802,68.23821339950373,33.612070532630426,-3.9459081022858484,-4.455711388636164,1.0196065727006314,-3.9459081022858484,-4.216728575635308,0.5416409466989194,60.96538538254946,43.892,26.818614617450546,54.35216372117568,41.44039720916347,80.17569674520009,53.805428410357734,39.95482291823677,81.50663939459966,3.299847911110273,-6.9132227249874285,-17.711771177117715,0.10670761914197958,0.1275140686905394,0.017953157750842903,-0.09604062556902097,,,,394.5090990677728
2022-11-01,44.0,46.15,43.89,45.07,23373920.0,1047777883.5,11.71,0.8729,41.608000000000004,40.158,43.058,49.068999999999996,,,,41.608000000000004,40.158,43.058,49.068999999999996,,,,42.0550791038605,45.424462750448726,88.00000000000006,68.76143990237951,35.28971962616822,-3.3693836465882256,-4.238445840226577,1.7381243872767023,-3.3693836465882256,-4.086367817320372,1.4339683414642934,57.9484470966067,43.058,28.1675529033933,65.09432843604598,49.325040951457645,96.63290340522265,64.72983822883403,48.21316135510253,97.76319197629704,3.1107846545447684,20.123022337656252,-13.421342134213415,0.08320515285522005,0.12231684844862789,0.04672766965488412,-0.08149748313599209,,,,109.07970036051734
2022-11-02,45.09,46.2,44.21,44.58,18341068.0,829035558.22,9.1886,-1.0872,42.536,40.836,42.3775,48.58133333333333,,,,42.536,40.836,42.3775,48.58133333333333,,,,42.44352847249735,45.36190995411919,82.89017341040464,63.14060446780552,31.772250291488533,-2.918381481621843,-3.97443296850563,2.1121029737675743,-2.918381481621843,-3.906677611828291,1.9765922604128958,55.49456943361651,42.3775,29.260430566383484,70.04725451812992,56.232445473681736,97.67687260702627,70.21593175651641,55.54741815557382,99.5529589584016,2.90700562644572,33.33217071837979,-18.81188118811883,0.04805341357908588,0.0916838084043491,0.05197333490649521,-0.08236359644307831,,,,89.64479135082037
2022-11-03,44.57,45.47,43.61,44.91,18195328.0,812521014.91,9.1156,0.7402,43.638,41.357,41.578,48.205,,,,43.638,41.357,41.578,48.205,,,,42.82298563057468,45.32843514270296,81.33669609079448,67.48133061778682,33.649384708493045,-2.50544951212828,-3.68063627723016,2.3503735302037603,-2.50544951212828,-3.6911040580282894,2.3713090918000193,51.50213029465374,41.578,31.653869705346267,74.63877147633045,62.36788747456464,99.18053947986206,74.75122296858811,61.94868642657859,100.35629605260715,2.7166409670919522,51.08953302289763,-16.17819460726849,0.029148906915990615,0.08591048673743254,0.08013853480205863,-0.06835390519655642,,,,107.65393506663247
2022-11-04,44.11,44.87,43.1,44.34,19257466.0,846804671.87,9.6477,-1.2692,44.715999999999994,41.956,40.854,47.596333333333334,,,,44.715999999999994,41.956,40.854,47.596333333333334,,,,43.05637245664012,45.255217724724965,81.03015075376892,74.51274362818594,33.819951338199516,-2.1988452680848454,-3.3842780754010975,2.3708656146325042,-2.1988452680848454,-3.461525782652375,2.525361029135059,46.79543842232811,40.854,34.91256157767189,75.4723501909417,66.736041713357,92.94496714611108,75.54731785244681,66.48156356853467,93.6788264202711,2.5517971548934146,78.73671205374379,-22.86049237983582,-0.00840862331156612,0.05682143197635619,0.08532824203260402,-0.06841563425754078,,,,88.00884817556744
2022-11-07,44.0,44.25,42.58,43.59,19138619.0,832188380.2,9.5882,-1.6915,44.498,42.434999999999995,40.6805,46.95366666666666,,,,44.498,42.434999999999995,40.6805,46.95366666666666,,,,43.13846900177241,45.131868263634225,78.08716707021796,65.95570139458576,31.324557795146035,-1.9933992618618177,-3.106102312693242,2.2254061016628484,-1.9933992618618177,-3.235660164069212,2.484521804414789,46.03228268381086,40.6805,35.32871731618914,72.65922247161683,68.71043529944362,80.55679681596325,73.14721541863005,68.70344751856646,82.03475121875724,2.4078340358218853,86.10247517276233,-31.65298944900346,-0.02040541147916747,0.0272180982679394,0.07152075318641613,-0.07163799774245519,,,,84.3163508625232
2022-11-08,43.58,48.13,43.58,47.03,31993667.0,1472975056.26,16.0284,7.8917,44.89,43.249,41.132,46.431000000000004,,,,44.89,43.249,41.132,46.431000000000004,,,,43.73716607842281,45.272470614476134,69.68174204355113,80.39215686274514,38.49484536082474,-1.5353045360533244,-2.791942757365258,2.5132764426238676,-1.5353045360533244,-2.974066990528306,2.8775249089499635,47.027609784987725,41.132,35.23639021501227,77.89274443434067,71.77120501107598,90.13582328087006,78.44244404445726,71.9497796938634,91.42777274564497,2.797318756581543,140.50526259478679,-10.967098703888349,0.047672087324571184,0.08742398668177295,0.14339200622386472,0.01290086364713223,,,,213.7376830619583
2022-11-09,47.0,50.37,46.97,49.39,25901582.0,1272265031.74,12.9764,5.0181,45.852000000000004,44.194,41.67399999999999,46.050333333333334,,,,45.852000000000004,44.194,41.67399999999999,46.050333333333334,,,,44.606832835588534,45.577472791181606,77.20403022670028,82.70537368746145,38.04776739356179,-0.9706399555930716,-2.427682197010821,2.9140844828354986,-0.9706399555930716,-2.665847446692116,3.390414982198089,48.49122400672705,41.67399999999999,34.85677599327293,82.438435788264,75.32694860347199,96.66141015784802,82.83388485199347,75.57781474657344,97.34602506283355,2.906897164475807,172.6420620972466,-8.383233532934106,0.0771613015789932,0.11757252115671805,0.1851514133512504,0.07252209538837937,,,,163.17006034694757
2022-11-10,48.7,49.3,46.09,46.25,19736091.0,933546959.85,9.8875,-6.3576,46.120000000000005,44.879000000000005,42.046499999999995,45.48066666666667,,,,46.120000000000005,44.879000000000005,42.046499999999995,45.48066666666667,,,,44.859627783959525,45.62728962146445,57.88479697828141,69.12681912681914,37.22820564925828,-0.7676618375049244,-2.0956781251096417,2.6560325752094345,-0.7676618375049244,-2.3738188914325478,3.2123141078552466,49.01498326017716,42.046499999999995,35.07801673982283,76.09572451011562,75.58320723901987,77.12075905230711,76.68614507274933,75.94725818863208,78.16391884098383,2.978370407298387,115.28272586096645,-35.609334485738955,0.002818733738074489,0.030548809019808706,0.09997264932871953,0.016915612494686278,,,,51.84741510195059
2022-11-11,47.88,47.9,46.01,46.6,14390587.0,672521788.95,7.2095,0.7568,46.572,45.644000000000005,42.4305,44.99666666666666,50.94233333333333,,,46.572,45.644000000000005,42.4305,44.99666666666666,50.94233333333333,,,45.12737735565806,45.69934224209671,57.964184731385515,67.9611650485437,49.39153439153439,-0.57196488643865,-1.7909354773754433,2.4379411818735868,-0.57196488643865,-2.0966105829719477,3.0492913930665955,49.518950131245816,42.4305,35.34204986875419,67.93202344320076,73.03281264041351,57.730445048775266,73.29698007810288,75.06383215178901,69.7632759307306,2.78048487869868,95.58524853019782,-33.48134991119002,0.0006012196169371874,0.020944702480063006,0.09826657710844791,0.03563226905696731,-0.0852401735295464,,,107.83054398493488
2022-11-14,46.68,46.8,44.54,45.6,11937612.0,540066210.78,5.9806,-2.1459,46.974000000000004,45.736000000000004,42.6815,44.50666666666667,50.70066666666666,,,46.974000000000004,45.736000000000004,42.6815,44.50666666666667,50.70066666666666,,,45.20008853171067,45.69198355749696,55.70652173913042,66.31578947368423,62.77740416946874,-0.49189502578629174,-1.5311273870576132,2.078464722542643,-0.49189502578629174,-1.8497312664818468,2.71567248139111,49.84912391811819,42.6815,35.51387608188181,58.21056590693489,68.09206372925397,38.44757026229672,61.787203663536296,70.63828932237145,44.08503234586598,2.6858512643898287,63.75337203300999,-61.23234916559688,-0.029250223527909104,-0.0029735875459157507,0.06837857151224773,0.024565608148591978,-0.10060354235973219,,,80.49877282315747
2022-11-15,45.6,48.55,45.13,47.56,13827590.0,657139741.83,6.9274,4.2982,47.08,45.985,43.0715,44.03366666666667,50.54633333333333,,,47.08,45.985,43.0715,44.03366666666667,50.54633333333333,,,45.56315183452441,45.830355145830524,66.20408163265306,70.98976109215018,64.46227929373998,-0.26720331130611186,-1.2783425719073132,2.0222785212024026,-0.26720331130611186,-1.6062654272240413,2.678124231835859,50.416431012538396,43.0715,35.726568987461604,60.116414926403344,65.43351412830376,49.48221652260253,62.50084009747095,67.92580624740462,51.650907797603594,2.819332852682586,86.30516720764305,-36.07188703465976,0.010195412064571028,0.03425029901054698,0.10421044077870523,0.08008266402222541,-0.05908110710305385,,,152.32459525411534
2022-11-16,47.95,47.95,45.56,45.77,11987054.0,557343153.44,6.0054,-3.7637,46.356,46.104,43.470000000000006,43.619666666666674,50.297666666666665,,,46.356,46.104,43.470000000000006,43.619666666666674,50.297666666666665,,,45.59497462921297,45.82588439428752,44.05660377358492,53.28907664453834,60.660752523707565,-0.23090976507454997,-1.0688560105407605,1.675892490932421,-0.23090976507454997,-1.394672248431812,2.327524966714524,50.467295718234446,43.470000000000006,36.472704281765566,53.727588555984795,61.53153893753077,38.11968779289285,55.31720533669653,63.7229392771686,38.505737455752396,2.7412723340130247,67.66911676825623,-59.05006418485231,-0.012641297782379811,-0.0072444907166405535,0.05291005291005284,0.04929733529982642,-0.09001742956929734,,,68.13820127662494
2022-11-17,45.46,47.38,44.7,46.89,11383354.0,523903869.51,5.7029,2.447,46.484,46.30200000000001,43.8295,43.15266666666666,50.118500000000004,,,46.484,46.30200000000001,43.8295,43.15266666666666,50.118500000000004,,,45.79420930164174,45.90470777248845,36.64529914529915,55.260115606936424,61.828435737607606,-0.11049847084670716,-0.8771845026019499,1.5333720635104855,-0.11049847084670716,-1.1971070518802573,2.1732171620671004,50.74962921996791,43.8295,36.9093707800321,54.2608399530271,59.10797260936289,44.566574640355526,55.3205844735016,60.922154342612934,44.11744473527894,2.73013190964702,60.21804090017764,-44.67265725288828,0.00873418810773597,0.01269923545419191,0.0698273993543161,0.08660723941355512,-0.06441733092570615,,,127.34831503337234
2022-11-18,46.51,47.38,45.42,45.75,9000789.0,417400502.4,4.5093,-2.4312,46.314,46.443,44.1995,42.717,49.92016666666667,,,46.314,46.443,44.1995,42.717,49.92016666666667,,,45.78740787061994,45.893247937489306,46.60326086956522,53.2590529247911,57.793186614410615,-0.10584006686936931,-0.7229156154554338,1.234151097172129,-0.10584006686936931,-1.0292198234170438,1.846759513095349,50.662256377893335,44.1995,37.736743622106665,46.8268142642174,55.01425316098106,30.451936470690057,50.444788450883834,57.4296990453699,36.4749672619117,2.5901079260748343,52.63766180398606,-59.306803594351706,-0.012177743230988471,-0.014921516697887688,0.0350795823482166,0.07100217711917975,-0.08353671361941233,,,78.18233854134674
2022-11-21,45.11,46.39,45.11,45.74,6045714.0,276224992.55,3.0288,-0.0219,46.342,46.658,44.5465,42.672999999999995,49.77816666666667,,,46.342,46.658,44.5465,42.672999999999995,49.77816666666667,,,45.78011435206302,45.881896238416026,43.87464387464388,52.353942144072626,59.23980222496911,-0.10178188635300245,-0.5986888696349475,0.9938139665638901,-0.10178188635300245,-0.8865370638687298,1.5695103550314546,50.51491960920811,44.5465,38.5780803907919,38.078939640982,49.369148654314714,15.498521614316573,44.2336881277861,53.03102873950864,26.639006904341016,2.351906484970319,36.68718678092791,-68.18851251840937,-0.012990375900910551,-0.01967508251532426,0.02679222834566128,0.07187214397862836,-0.08112325015317964,,,99.78163563572774
2022-11-22,45.68,46.98,45.0,45.53,9095430.0,419672223.91,4.5567,-0.4591,45.936,46.507999999999996,44.8785,42.924,49.597833333333334,,,45.936,46.507999999999996,44.8785,42.924,49.597833333333334,,,45.741635220976406,45.855829850385206,49.43820224719101,53.445280833815865,62.62659261679191,-0.1141946294088001,-0.5017900215897181,0.775190784361836,-0.1141946294088001,-0.7677151508748944,1.3070410429321886,50.22878685900907,44.8785,39.528213140990935,32.31873286989838,43.68567672617594,9.584845157343267,35.149502777014646,47.07052008534398,11.307468160355981,2.284287124066624,34.17407965349019,-83.01886792452827,-0.008838383838383812,-0.02102864023393813,0.014516973606515339,0.06071195601528286,-0.08201635152073174,,,95.50253517874674
2022-11-23,45.58,45.91,41.99,43.6,14601665.0,635739253.75,7.3153,-4.239,45.501999999999995,45.929,45.0615,43.092333333333336,49.32666666666667,,,45.501999999999995,45.929,45.0615,43.092333333333336,49.32666666666667,,,45.412152879287724,45.68873134294926,18.064516129032228,50.02710027100271,56.36422976501306,-0.2765784636615365,-0.45674771000408176,0.36033849268509055,-0.2765784636615365,-0.6921556605343778,0.8311543937456827,49.92916895470845,45.0615,40.19383104529155,29.726716222208683,39.03268989152019,11.114768883585668,30.77454311901296,41.63852776323364,9.046573830571603,2.5816894651454185,-47.350620067643845,-77.97537619699042,-0.04180036042371751,-0.05070870256265106,-0.032433452059962516,0.011780904569258229,-0.11609676983376131,,,64.84677608240258
2022-11-24,43.56,44.67,43.42,43.98,7556608.0,333019782.7,3.7858,0.8716,44.92,45.702,45.2905,43.265,49.0805,,,44.92,45.702,45.2905,43.265,49.0805,,,45.19182166708961,45.56215865087894,31.315240083507206,40.090968161143586,59.487698011459386,-0.3703369837893291,-0.43946556476113124,0.13825716194360427,-0.3703369837893291,-0.6426450948812934,0.5446162221839286,49.41017538322606,45.2905,41.17082461677394,29.92959943269195,35.998326405244114,17.792145487587618,30.628150697228136,37.96840207456514,15.947647942554127,2.3395641078462512,-57.009996252361084,-69.66463414634151,-0.02092609082813902,-0.03767887619797824,-0.028935427959505957,0.016526060325898446,-0.10392110919815413,,,109.06549067736513
2022-11-25,43.6,45.15,43.02,43.46,7923905.0,347969583.77,3.9698,-1.1824,44.462,45.388,45.516,43.416333333333334,48.88316666666667,,,44.462,45.388,45.516,43.416333333333334,48.88316666666667,,,44.925387564460436,45.406443195258284,9.069212410501095,28.1180811808118,57.83456624075321,-0.4810556307978473,-0.44778357796847446,-0.06654410565874569,-0.4810556307978473,-0.617785177329994,0.2734590930642935,48.515911577644424,45.516,42.51608842235557,27.422578483583255,33.13974376469049,15.988247921368782,27.88827932660738,34.60836115857922,14.448115662663696,2.3014615427832954,-89.29765115367739,-77.59146341463415,-0.02253609824119478,-0.042478188067330516,-0.045170928904121575,0.0010057658792006097,-0.11094139427683013,,,88.78609793932105
2022-11-28,42.7,43.59,41.66,41.91,9961786.0,420936703.88,4.9907,-3.5665,43.696000000000005,45.019,45.377500000000005,43.46066666666666,48.745,,,43.696000000000005,45.019,45.377500000000005,43.46066666666666,48.745,,,44.46148178531268,45.14744740301693,8.260869565217305,31.85618729096987,54.83974358974359,-0.6859656177042552,-0.49541998591563063,-0.3810912635772492,-0.6859656177042552,-0.6282744758491112,-0.11538228371028802,48.77000489663392,45.377500000000005,41.98499510336609,19.60657325508624,28.628686928155744,1.5623459089472291,19.80166855929607,29.67279695881817,0.05941176025186223,2.233923080459061,-161.84435292715534,-96.37155297532655,-0.04087330648114263,-0.06905973033608036,-0.07641452261583401,-0.035679771747633836,-0.1402195096933019,,,69.54715815503592
2022-11-29,41.85,42.72,41.58,42.12,8446791.0,356285617.45,4.2317,0.5011,43.013999999999996,44.475,45.230000000000004,43.53933333333334,48.62883333333333,,,43.013999999999996,44.475,45.230000000000004,43.53933333333334,48.62883333333333,,,44.10125381834149,44.92319203983049,12.2916666666666,31.049069373942444,53.590250329380765,-0.821938221488999,-0.5607236330303044,-0.5224291769173892,-0.821938221488999,-0.6580688982552478,-0.3277386464675023,48.92209112050423,45.230000000000004,41.53790887949578,16.174497112586224,24.477290322965906,-0.43108930817314217,16.02685805575258,25.12415065779631,-2.1677271483348832,2.03502797492105,-148.44766248217292,-91.5227629513344,-0.020783930813223564,-0.052951096121416616,-0.06875967278355088,-0.032598876112021495,-0.13384720313394322,,,105.12524399361318
2022-11-30,42.18,42.3,41.06,41.44,8475504.0,352186873.69,4.2461,-1.6144,42.581999999999994,44.042,45.073,43.66066666666667,48.457166666666666,,,42.581999999999994,44.042,45.073,43.66066666666667,48.457166666666666,,,43.691830153981265,44.66517781465786,11.195445920303541,31.913043478260846,53.34426229508197,-0.9733476606765947,-0.6432484385595625,-0.6601984442340645,-0.9733476606765947,-0.7065733232431474,-0.5335486748668947,49.130440728237296,45.073,41.015559271762704,12.78721748434016,20.580599376757327,-2.7995463004941783,12.688791446451065,20.97903092068123,-3.891687502009262,1.8904774340263126,-146.54411382873727,-93.98734177215196,-0.026818843642853696,-0.05907996912038517,-0.08060257804006839,-0.05086195049701501,-0.1448117409533506,,,84.9794355779674
2022-12-01,42.09,43.5,41.96,42.71,10637205.0,454048684.78,5.3291,3.0647,42.327999999999996,43.624,44.963,43.760999999999996,48.33266666666667,,,42.327999999999996,43.624,44.963,43.760999999999996,48.33266666666667,,,43.54077936106107,44.520349828386905,40.347071583514094,27.567067530064747,56.00255427841634,-0.9795704673258356,-0.7105128443128172,-0.5381152460260368,-0.9795704673258356,-0.7485728838712532,-0.46199516690916487,49.15606746151824,44.963,40.76993253848176,17.815352196767314,19.658850316760656,14.12835595678063,17.161725943203656,19.706595928188705,12.07198597323356,1.9212997187488015,-89.87181110234657,-73.89240506329116,0.009024759024759145,-0.020951769668072655,-0.05010786646798479,-0.024016818628459013,-0.11633263907088374,,,135.23784661359895
2022-12-02,42.4,44.5,42.31,43.25,9510821.0,413982126.75,4.7648,1.2643,42.286,43.374,44.908500000000004,43.92433333333334,48.14566666666666,,,42.286,43.374,44.908500000000004,43.92433333333334,48.14566666666666,,,43.49604407474398,44.426249841098986,42.34800838574427,36.820083682008345,47.2636815920398,-0.9302057663550087,-0.7544514287212556,-0.3515086752675063,-0.9302057663550087,-0.7765164042533694,-0.3073787242032786,49.16353924157808,44.908500000000004,40.65346075842193,24.207982545592625,21.17522772637131,30.27349218403525,23.77223170988352,21.061807855420312,29.19307941880993,1.970154315339928,-62.36726827814872,-63.006756756756765,0.02279714326254549,-0.002858855535574361,-0.03693064787289719,-0.01535215863644305,-0.10168447143045059,,,113.38755842770499
2022-12-05,43.88,44.17,42.92,43.65,6706085.0,291481628.69,3.3597,0.9249,42.634,43.165,44.911500000000004,44.086,47.93816666666667,,,42.634,43.165,44.911500000000004,44.086,47.93816666666667,,,43.519729601706445,44.368749852869435,52.043010752688154,31.674208144796353,47.28385615914308,-0.8490202511629903,-0.7733651932096025,-0.15131011590677557,-0.8490202511629903,-0.7876708422394649,-0.12269881784705072,49.162708001696124,44.911500000000004,40.66029199830388,33.93934231561845,25.429932589453692,50.958161767947956,30.431487806589008,24.185034505809877,42.92439440814727,1.8392171670963045,-54.12969500365724,-56.25000000000002,0.023830745414457902,0.011235955056179763,-0.02808857419591875,-0.009889760921834596,-0.08945203717288595,,,109.64311421830115
2022-12-06,43.15,46.5,43.15,45.07,13244351.0,595768887.78,6.6353,3.2532,43.224000000000004,43.119,44.8135,44.292,47.819833333333335,,,43.224000000000004,43.119,44.8135,44.292,47.819833333333335,,,43.75823273990545,44.42069430821244,84.9557522123894,46.271929824561404,50.9050609530846,-0.6624615683069877,-0.7511844682290796,0.17744579984418385,-0.6624615683069877,-0.7684078770190838,0.2118926174241922,48.94784027067017,44.8135,40.679159729329825,47.19730664178485,32.685723940230744,76.22047204489306,44.85873696909855,31.076268660239435,72.42367358681679,2.1139049548969764,-0.973620156568714,-26.28676470588236,0.04270775495095309,0.04524687492752616,0.00572372164637894,0.017565248803395616,-0.05750403423962864,,,137.73144386260313
2022-12-07,45.0,45.74,44.58,45.2,6987422.0,315216789.4,3.5006,0.2884,43.976,43.278999999999996,44.604,44.467333333333336,47.68483333333334,,,43.976,43.278999999999996,44.604,44.467333333333336,47.68483333333334,,,43.98004308761231,44.47842065575226,84.68468468468471,47.07792207792208,50.539635280982516,-0.4983775681399507,-0.7006230882112539,0.4044910401426063,-0.4983775681399507,-0.7268647525761401,0.45697436887237886,48.1437853042241,44.604,41.064214695775895,56.832518153346776,40.73465534460276,89.02824377083482,55.273471704889246,39.142003008456044,87.53640909775567,1.940467690370254,18.828505464510393,-23.897058823529367,0.02783336365290167,0.04438642297650146,0.013362030311182936,0.016476514594983584,-0.052109510710952836,,,102.92213045893166
2022-12-08,45.0,46.15,44.6,45.28,7556530.0,343351316.42,3.7857,0.177,44.489999999999995,43.409000000000006,44.5555,44.66333333333333,47.525,,,44.489999999999995,43.409000000000006,44.5555,44.66333333333333,47.525,,,44.18003645874887,44.537796903474316,100.0,48.6278814489572,51.78165276724791,-0.357760444725443,-0.6320505595140917,0.5485802295772975,-0.357760444725443,-0.6700794744452636,0.6246380594396412,48.026234640874954,44.5555,41.08476535912505,63.746188572819435,48.40516642067499,94.42823287710831,62.706824273847744,46.99694343025328,94.12658596103665,1.8694735648483891,32.181343497493984,-22.426470588235283,0.01775679928073739,0.04310166094588668,0.016260618778826386,0.013807000522427218,-0.04723829563387685,,,101.78407488405445
2022-12-09,45.14,46.77,45.04,45.75,12336370.0,565127073.82,6.1804,1.038,44.989999999999995,43.638,44.513,44.89,47.343833333333336,,,44.989999999999995,43.638,44.513,44.89,47.343833333333336,,,44.421569311249044,44.62758972543918,100.0,64.05228758169935,54.13793103448275,-0.20602041419013517,-0.5468445304493004,0.6816482325183304,-0.20602041419013517,-0.5986857728675516,0.785330717354833,47.898082444770836,44.513,41.12791755522916,69.87632653249257,55.56221979128085,98.50454001491602,69.18341699984478,54.392434620117115,98.76538175930011,1.8441147348759555,60.02470053597726,-17.86339754816117,0.01689264280951334,0.04839818506805999,0.027789634488801066,0.01915794163510803,-0.033665067256207305,,,110.87836218282932
2022-12-12,45.36,47.35,44.95,46.21,8902193.0,411998516.48,4.4599,1.0055,45.501999999999995,44.068,44.5435,44.941,47.184000000000005,,,45.501999999999995,44.068,44.5435,44.941,47.184000000000005,,,44.696712494133806,44.744805301332576,100.0,64.42432082794309,48.226643598615915,-0.048092807198770515,-0.4470941857991944,0.7980027572008478,-0.048092807198770515,-0.5139791627646623,0.9317727111317835,47.98041584510252,44.5435,41.10658415489748,73.87621556856155,61.66688505037442,98.29487660493581,73.4142758801297,60.73304837345464,98.77673089347978,1.9451847830803268,72.72555770409882,-18.124006359300488,0.01555975561513792,0.04860669873831359,0.037412866074735915,0.0282370218731225,-0.020642590708714895,,,110.52199131638531
2022-12-13,46.03,46.33,44.8,44.89,6796636.0,307762781.34,3.405,-2.8565,45.466,44.345,44.41,44.93500000000001,47.001999999999995,,,45.466,44.345,44.41,44.93500000000001,47.001999999999995,,,44.726449033497836,44.755560464196826,65.97938144329899,58.38218053927314,39.80978260869565,-0.029111430698989693,-0.36349763477915353,0.6687724081603277,-0.029111430698989693,-0.4393841270622511,0.8205453927265228,47.54799131191996,44.41,41.272008688080035,67.37078564187344,63.56818524754077,74.97598643053877,69.23961794234401,63.56857156308443,80.58171070086317,1.8696966407020859,39.89315225803191,-39.109697933227366,-0.01266880746051996,0.012289998872477207,0.010808376491781221,-0.0010014465338824704,-0.04493425811667578,,,74.8404463245535
2022-12-14,46.42,46.65,44.6,44.61,6806794.0,309861997.25,3.4101,-0.6237,45.348,44.662,44.352,44.936,46.75866666666668,,,45.348,44.662,44.352,44.936,46.75866666666668,,,44.70853379757509,44.744778207589654,41.60583941605838,68.59504132231406,45.73361082206035,-0.03624441001456091,-0.298046989826235,0.5236051596233482,-0.03624441001456091,-0.3773626321318372,0.6822364442345525,47.426387230344645,44.352,41.27761276965535,60.12549730622249,62.42062260043468,55.53524671779812,62.548118826126675,63.22842065076518,61.18751517684966,1.9024790696653424,41.677484119978885,-50.83487940630801,-0.016274146599629523,-0.0011643007478393177,0.005817099567099628,-0.007254762328645196,-0.04595226553366244,,,93.93472718799622
2022-12-15,44.26,45.63,44.12,44.24,6114217.0,273874555.54,3.0631,-0.8294,45.14,44.815,44.2195,44.91366666666667,46.559333333333335,,,45.14,44.815,44.2195,44.91366666666667,46.559333333333335,,,44.63645167487123,44.70738722924968,33.8926174496644,64.2857142857143,43.86694386694386,-0.07093555437845112,-0.25262470273667825,0.3633782967164543,-0.07093555437845112,-0.3302200047851624,0.5185689008134226,47.05225187016012,44.2195,41.38674812983987,50.01594478052155,58.28572999379698,33.4763743539707,54.46329614863472,60.30671248338837,42.776463479127415,1.8311192388170991,14.462790932730408,-61.70634920634921,-0.019937970757642857,-0.012830525493696213,0.00046359637716404564,-0.014999146510713202,-0.0498145735190939,,,92.00871186284144
2022-12-16,44.26,44.26,42.85,43.11,6226726.0,269181067.5,3.1195,-2.5542,44.612,44.801,44.0875,44.87266666666666,46.234500000000004,,,44.612,44.801,44.0875,44.87266666666666,46.234500000000004,,,44.40161295566027,44.589062249305265,23.076923076923066,60.60991105463787,43.57253484770263,-0.1874492936449954,-0.23958962091834168,0.10428065454669255,-0.1874492936449954,-0.30825527999436747,0.24161197269874413,46.86547256626993,44.0875,41.30952743373007,35.269889112940284,50.61378303351142,4.58210127179801,38.23479002501573,52.94940499726415,8.805560080518873,1.7545521044867167,-48.75338367288783,-94.22222222222226,-0.03366807137093164,-0.03774469319881258,-0.0221718174085625,-0.039281522530419284,-0.06757940498978046,,,77.20208785645262
2022-12-19,43.05,43.28,41.6,41.84,4817118.0,203037724.56,2.4133,-2.946,43.738,44.62,43.8925,44.81433333333334,45.884,,,43.738,44.62,43.8925,44.81433333333334,45.884,,,44.00751865478946,44.38542800861599,9.523809523809547,44.47268106734436,34.689507494646676,-0.37790935382653146,-0.26725356749997964,-0.22131157265310364,-0.37790935382653146,-0.31897129135316193,-0.11787612494673905,46.728968337841955,43.8925,41.05603166215804,24.90456375645296,42.04404327449193,-9.374395279624991,26.88116436450325,44.25999145301052,-7.876489812511295,1.7409971763982226,-104.41312961418663,-95.8260869565217,-0.04339475970551914,-0.062303899596593326,-0.04676197528051478,-0.06637013455516465,-0.08813529770726172,,,74.15433251682374
2022-12-20,41.96,42.42,41.43,41.83,3675107.0,153829833.18,1.8412,-0.0239,43.126,44.29600000000001,43.707499999999996,44.641,45.53600000000001,,,43.126,44.29600000000001,43.707499999999996,44.641,45.53600000000001,,,43.67251578482185,44.1961370450148,0.0,40.32697547683923,38.34319526627217,-0.5236212601929537,-0.3185271060385745,-0.4101883083087585,-0.5236212601929537,-0.35045590194389914,-0.3463307164981092,46.57673334708088,43.707499999999996,40.83826665291911,18.85529475655422,34.31446043517936,-12.063036600696066,20.173028495254414,36.23100380042516,-11.942922115087072,1.6044522352349098,-113.23822759200966,-93.24324324324327,-0.030051477067198427,-0.05567094094274896,-0.042956014414002125,-0.06296901951121167,-0.0813861560084331,,,99.76125115693448
2022-12-21,41.83,41.84,40.2,40.51,4578371.0,186957447.18,2.2937,-3.1556,42.306,43.827000000000005,43.553,44.345,45.19766666666667,,,42.306,43.827000000000005,43.553,44.345,45.19766666666667,,,43.18597489484925,43.92308985649518,0.0,30.992736077481837,31.345029239766077,-0.7371149616459292,-0.4022446771600454,-0.6697405689717675,-0.7371149616459292,-0.40994191112882683,-0.6543461010342047,46.75955315843909,43.553,40.346446841560905,14.015417949590903,27.548112939983213,-13.049972031193718,14.893907108724367,29.118638236524895,-13.555555146876685,1.6109154651921989,-145.635470462275,-95.66433566433574,-0.04245260719519689,-0.07568393912428427,-0.06986889536886091,-0.08648100124027513,-0.10371479353653962,,,72.56777143150583
2022-12-22,40.8,40.96,39.7,39.76,3739417.0,150310931.84,1.8734,-1.8514,41.410000000000004,43.275,43.342,44.12866666666666,44.80466666666667,,,41.410000000000004,43.275,43.342,44.12866666666666,44.80466666666667,,,42.65890183410322,43.61471283008814,0.0,15.019762845849812,32.07660083782166,-0.955810995984919,-0.5129579409250202,-0.8857061101197976,-0.955810995984919,-0.49392177033745643,-0.9237784512949252,46.959312756584424,43.342,39.72468724341557,9.605049874890648,21.56709191828569,-14.319034211899435,10.190709314312958,22.809328595787584,-15.046529248636293,1.5471126533390713,-154.1676095647583,-99.21568627450986,-0.03984544795943022,-0.08122472559214329,-0.08264500945964655,-0.0989983835148731,-0.11259243828767847,,,82.95476271838864
2022-12-23,39.6,40.38,39.25,40.08,4174819.0,166147176.88,2.0915,0.8048,40.803999999999995,42.708,43.173,43.91133333333334,44.454,,,40.803999999999995,42.708,43.173,43.91133333333334,44.454,,,42.26214770577965,43.35288225008161,6.666666666666657,17.095115681233906,33.37250293772031,-1.0907345443019665,-0.6285132616004095,-0.9244425654031139,-1.0907345443019665,-0.5857391201781503,-1.0099908482476323,47.07196126517942,43.173,39.274038734820586,10.142105321999164,17.75876305285685,-5.091210139716207,10.20944406962427,18.60936708706648,-6.590401965260149,1.4712739890956044,-141.28569572916012,-89.75308641975312,-0.01774335849426519,-0.061534138803034565,-0.07164199847126684,-0.08725158273490534,-0.09839384532325555,,,108.34612199407539
2022-12-26,40.08,41.56,40.06,41.2,4632977.0,189889441.63,2.3211,2.7944,40.676,42.207,43.1375,43.76466666666666,44.135666666666665,,,40.676,42.207,43.1375,43.76466666666666,44.135666666666665,,,42.09874036642893,43.19340949081631,30.062630480167073,26.870748299319757,37.92526491912996,-1.09466912438738,-0.7217444341578036,-0.7458493804591528,-1.09466912438738,-0.6640360439026473,-0.8612661609694656,47.09733452604844,43.1375,39.17766547395156,15.54518733178324,17.020904479165647,12.593753037018423,15.590079830199977,17.602938001444315,11.564363487711304,1.4764969001691308,-91.3238437874758,-73.6486486486486,0.012882289310650037,-0.023858601653754065,-0.04491451753115039,-0.058601306990418316,-0.06651461025474475,,,131.73313633566036
2022-12-27,41.22,41.7,40.55,41.33,4279635.0,176270018.07,2.144,0.3155,40.576,41.851,43.098,43.557,43.79533333333333,,,40.576,41.851,43.098,43.557,43.79533333333333,,,41.98047261774756,43.05537915816325,43.01369863013693,23.938679245283026,42.96342219466831,-1.0749065404156894,-0.7923768554093809,-0.5650593700126172,-1.0749065404156894,-0.7272468895200384,-0.6953193017913022,47.11590518868529,43.098,39.08009481131471,21.23075184710313,18.42418693514481,26.843881671019766,19.762755922836018,18.32287730857488,22.642513151358287,1.417133827411108,-77.20816099368798,-71.89189189189192,0.0185824132492113,-0.012448925951590185,-0.04102278528005942,-0.05112840645590844,-0.0562921468040735,,,103.20052163833246
2022-12-28,41.3,41.3,40.32,40.48,2904206.0,118129880.92,1.455,-2.0566,40.57,41.438,43.05,43.38066666666667,43.500166666666665,,,40.57,41.438,43.05,43.38066666666667,43.500166666666665,,,41.749630676555626,42.86461033163263,34.966592427616916,17.70011273957158,39.45783132530121,-1.1149796550770077,-0.8568974153429063,-0.5161644794682028,-1.1149796550770077,-0.7868980842211105,-0.6561631417117944,47.17287074232212,43.05,38.927129257677876,22.337467299266343,19.728613723185322,27.555174451428393,19.60150290362525,18.74908584025834,21.306337030359074,1.3431094951545426,-91.63883301655301,-80.7210031347963,-0.002218387971407528,-0.023118876393648475,-0.059698025551684096,-0.06686542392156275,-0.06942885276301627,,,81.2364591368459
2022-12-29,40.6,41.13,40.08,40.6,3400797.0,138240049.37,1.7038,0.2964,40.738,41.074,42.9445,43.17100000000001,43.16183333333333,,,40.738,41.074,42.9445,43.17100000000001,43.16183333333333,,,41.57276441862399,42.696861418178365,51.36778115501525,22.033898305084776,41.17283950617285,-1.124096999554375,-0.9103373321852002,-0.4275193347383497,-1.124096999554375,-0.8387748404262282,-0.5706443182562937,47.20953766874227,42.9445,38.679462331257724,26.057897967914545,21.838375138095063,34.49694362755351,22.04970453056056,19.84929207035908,26.450529450963522,1.289816859671899,-85.75869460960209,-73.05389221556882,-0.0033875006136776012,-0.011540147051662772,-0.0545937198011386,-0.05955386717935662,-0.05935413617740965,,,103.00428633563745
2022-12-30,40.84,41.18,40.08,40.12,3035871.0,122961862.54,1.5209,-1.1823,40.745999999999995,40.775,42.788,42.983333333333334,42.850166666666674,,,40.745999999999995,40.775,42.788,42.983333333333334,42.850166666666674,,,41.34926220037414,42.5059827946096,55.960264900662224,21.473951715374866,44.08460013218771,-1.156720594235459,-0.959613984595252,-0.394213219280414,-1.156720594235459,-0.8876895717814944,-0.5380620449079292,47.231794490487296,42.788,38.3442055095127,26.520196962836796,23.398982413008973,32.762626062492444,21.895832797048627,20.53147231258893,24.624553765968017,1.2553047033679174,-80.79520697167749,-78.41191066997526,-0.015363471260982618,-0.016063764561618666,-0.06235393100869401,-0.06661496704148903,-0.06371426015456981,,,88.78690304143831
2023-01-03,40.8,42.45,40.23,42.02,10156035.0,421831597.54,5.088,4.7358,40.91,40.793,42.7065,42.85933333333334,42.76616666666667,,,40.91,40.793,42.7065,42.85933333333334,42.76616666666667,,,41.45245263108581,42.46998406908296,71.08695652173911,38.19148936170215,49.70273483947683,-1.0175314379971496,-0.9711974752756316,-0.09266792544303604,-1.0175314379971496,-0.9076652435069799,-0.21973238898033953,47.14351310153114,42.7065,38.269486898468855,46.53429797522453,31.11075426708083,77.38138539151193,43.45138853136576,28.17144438551454,74.0112768230682,1.4507038482101153,-40.822912464703286,-13.43749999999998,0.027132730383769413,0.030078689971318705,-0.016074836383220242,-0.019583443512887176,-0.01744759291807778,,,158.83683958501044
2023-01-04,42.15,42.88,41.0,41.05,7127159.0,297475705.96,3.5706,-2.3084,40.854,40.715,42.5055,42.71,42.817,,,40.854,40.715,42.5055,42.71,42.817,,,41.390536841688,42.3648000639657,48.31460674157298,38.85281385281387,48.86031560490941,-0.9742632222777061,-0.9718106246760465,-0.004905195203319224,-0.9742632222777061,-0.9179110863947839,-0.11270427176584441,46.855055210169986,42.5055,38.15594478983001,47.55179093665103,36.59109982360423,69.47317316274463,45.496517974078515,33.946468915035865,68.5966160921638,1.5287576939900946,-34.36351244147992,-50.41322314049598,0.004797571841190531,0.00822792582586255,-0.034242627424686235,-0.03886677593069547,-0.04126865497349191,,,79.17191210689113
2023-01-05,41.01,41.66,40.4,41.47,7097100.0,291855194.26,3.5556,1.0231,41.052,40.81099999999999,42.319,42.639,42.86566666666667,,,41.052,40.81099999999999,42.319,42.639,42.86566666666667,,,41.40276194296677,42.29851857774602,51.47679324894515,47.79499404052441,46.1869618696187,-0.8957566347792536,-0.956599826696688,0.12168638383486874,-0.8957566347792536,-0.9145027092231639,0.0374921488878206,46.4986444069349,42.319,38.139355593065105,52.08686888889681,41.75635617870176,72.7478943092869,50.71668691384846,39.536541581306736,73.07697757893192,1.4798926587191679,-45.85788315468144,-38.84297520661165,0.010182207931404055,0.01614760726274794,-0.02006191072567886,-0.02741621520204517,-0.032559079916327845,,,110.71557989308587
2023-01-06,41.29,43.43,41.01,42.37,10236740.0,435087444.75,5.1285,2.1702,41.40599999999999,41.071999999999996,42.173500000000004,42.58533333333333,42.92516666666667,,,41.40599999999999,41.071999999999996,42.173500000000004,42.58533333333333,42.92516666666667,,,41.551567797894954,42.303813497912984,69.72860125260952,52.909482758620676,47.35258724428399,-0.7522457000180296,-0.9157290013609563,0.3269666026858533,-0.7522457000180296,-0.8895400924223741,0.274588784808689,46.1149519098799,42.173500000000004,38.23204809012011,57.573243947691815,47.02865210169845,78.66242763967854,58.691507384351915,45.921530182321796,84.23146178841215,1.650821266224774,-1.782531194295687,-25.3588516746412,0.023281650002415253,0.031603038566419994,0.0046593239830697766,-0.005056513979773951,-0.012933360771264842,,,123.94935934236533
2023-01-09,42.38,42.96,41.24,41.99,5645296.0,237664185.16,2.8282,-0.8969,41.78,41.263,41.9855,42.53633333333333,42.97633333333333,,,41.78,41.263,41.9855,42.53633333333333,42.97633333333333,,,41.61901890591111,42.280568053623135,63.762376237623734,58.87290167865708,45.00000000000002,-0.661549147712023,-0.8648930306311697,0.40668776583829347,-0.661549147712023,-0.8544645624669355,0.38583082950982495,45.54926190946724,41.9855,38.42173809053276,57.38713775617269,50.48148065318986,71.19845196213834,58.217681480764796,50.020247281802796,74.61254987868881,1.6633992178202694,-2.8585989799478058,-42.72997032640946,0.005026328386787957,0.01761868986743581,0.00010717985971347657,-0.012843921666966976,-0.02295061623063843,,,91.3848295998522
2023-01-10,42.33,43.28,42.03,42.21,4760041.0,202012941.02,2.3847,0.5239,41.818,41.364,41.7855,42.54633333333334,43.0035,,,41.818,41.364,41.7855,42.54633333333334,43.0035,,,41.70993907423248,42.27534079039179,71.81628392484343,65.68501920614594,40.71428571428574,-0.5654017161593075,-0.8049947677367972,0.47918610315497956,-0.5654017161593075,-0.809993355342685,0.4891832783667551,44.749526244645715,41.7855,38.82147375535428,59.45212168819475,53.47169433152483,71.41297640153459,60.00581750458949,53.348770689398364,73.31991113497173,1.5955084509438566,30.74213288300541,-36.417910447761145,0.009373953799799202,0.020452567449956573,0.010159026456545976,-0.007905107373138362,-0.018451986466217905,,,105.36461271289608
2023-01-11,42.16,43.04,41.43,41.49,5411156.0,228692134.13,2.7109,-1.7058,41.906000000000006,41.379999999999995,41.615500000000004,42.525333333333336,43.032333333333334,,,41.906000000000006,41.379999999999995,41.615500000000004,42.525333333333336,43.032333333333334,,,41.67610229358132,42.21716739851091,42.65927977839333,58.58708891595616,38.39899937460913,-0.5410651049295865,-0.7522088351753552,0.4222874604915374,-0.5410651049295865,-0.7686197783560544,0.4551093468529359,44.194863242516135,41.615500000000004,39.036136757483874,53.66459853839852,53.535995733816065,53.92180414756342,54.03372908266168,53.57709015381947,54.947006940346085,1.5981432780449736,13.662434748985186,-57.910447761193936,-0.009926979430153292,0.0026582890285163497,-0.0030157032836323574,-0.024346272026086423,-0.035841266644461106,,,84.19393868068194
2023-01-12,41.53,41.59,40.63,40.71,5112671.0,209172777.78,2.5614,-1.88,41.754,41.403000000000006,41.4205,42.501,43.08083333333333,,,41.754,41.403000000000006,41.4205,42.501,43.08083333333333,,,41.52747117149189,42.105525368991586,45.02923976608192,46.88691232528589,36.30916716596766,-0.5780541974996964,-0.7173779076402236,0.27864742028105427,-0.5780541974996964,-0.7393019966858455,0.32249559837229813,43.606324907515926,41.4205,39.23467509248407,42.045055742016956,49.705682403216365,26.72380241961814,42.29114277152573,49.81510769305489,27.2432129284674,1.4821172274913421,-44.90267874349606,-81.19402985074619,-0.025003592470182426,-0.016737917542207204,-0.017153341944206278,-0.04214018493682494,-0.05503220689788568,,,82.71355280043412
2023-01-13,40.86,41.17,40.2,40.62,4229160.0,171605164.24,2.1188,-0.2211,41.404,41.404999999999994,41.2395,42.431333333333335,43.09616666666667,,,41.404,41.404999999999994,41.2395,42.431333333333335,43.09616666666667,,,41.3878602220316,41.99548645276999,36.245954692556595,45.4661558109834,34.273451870018405,-0.60762623073839,-0.6954275722598569,0.1756026830429338,-0.60762623073839,-0.7190441865400832,0.22283591160338645,43.000522131425285,41.2395,39.478477868574714,32.36440248642199,43.92525576428491,9.24269593069613,33.56722950937535,44.39914829849505,11.903391931135957,1.3890050043110977,-63.1642649116834,-83.8805970149254,-0.018935368563423968,-0.01895906291510679,-0.01502200560142587,-0.04268857919462042,-0.05745677303085745,,,97.8111053628463
2023-01-16,40.4,41.88,40.3,41.61,6798306.0,281434530.22,3.4059,2.4372,41.327999999999996,41.553999999999995,41.1645,42.37666666666667,43.1505,,,41.327999999999996,41.553999999999995,41.1645,42.37666666666667,43.1505,,,41.42203557248828,41.96693190071295,38.05031446540883,57.08908406524466,36.34204275534443,-0.5448963282246737,-0.6653213234528202,0.24084999045629307,-0.5448963282246737,-0.6922522083377125,0.2947117602260776,42.70392538835665,41.1645,39.62507461164334,36.12735191561258,41.325954481394135,25.730146784049467,36.929236597581486,41.90917773152386,26.969354329696742,1.4237313671636262,1.2254901960791602,-56.34674922600625,0.006823461091753862,0.0013476440294557562,0.010822431949859775,-0.018091717139935643,-0.03570062919317277,,,127.22661346995943
2023-01-17,42.48,42.8,40.3,41.8,9272945.0,387756030.32,4.6456,0.4566,41.245999999999995,41.532,41.1625,42.315000000000005,43.2005,,,41.245999999999995,41.532,41.1625,42.315000000000005,43.2005,,,41.480183945951616,41.95456657473421,46.82274247491631,57.462686567164134,40.16549968173138,-0.4743826287825925,-0.6271335845187748,0.3055019114723645,-0.4743826287825925,-0.6587338114830787,0.36870236540097245,42.69832996591803,41.1625,39.626670034081975,40.59676918213177,41.082892714973354,39.62452211644862,41.131358970111044,41.64990481105293,40.09426728822727,1.6194165731338759,47.061065066209615,-50.464396284829846,0.013431605489017168,0.006452855629394219,0.015487397509869315,-0.01217062507385106,-0.0324186062661312,,,104.66118793988169
2023-01-18,41.9,42.5,41.13,41.99,7488689.0,312223391.49,3.7517,0.4545,41.346000000000004,41.626,41.1705,42.21233333333334,43.25216666666667,,,41.346000000000004,41.626,41.1705,42.21233333333334,43.25216666666667,,,41.558617185035985,41.957191272902044,46.28378378378381,62.06451612903226,41.61331626120361,-0.3985740878660593,-0.5814216851882317,0.36569519464434475,-0.3985740878660593,-0.6187092386189219,0.4402703015057252,42.722550935138536,41.1705,39.61844906486146,45.53716500687011,42.56765014560561,51.47619472939911,45.89355819885629,43.06445594032072,51.55176271592744,1.5740681052913523,74.75279654869631,-44.58204334365322,0.01557587191022102,0.008744534665833957,0.019905029086360503,-0.005267023065928723,-0.029181582425543202,,,104.6395657379024
2023-01-19,41.75,45.44,41.74,44.9,15061008.0,664804399.61,7.5454,6.9302,42.184000000000005,41.969,41.39,42.20233333333333,43.334833333333336,,,42.184000000000005,41.969,41.39,42.20233333333333,43.334833333333336,,,42.07267607964583,42.175177104538925,83.10679611650478,66.43835616438352,51.817180616740075,-0.10250102489309398,-0.4856375531292042,0.7662730564722204,-0.10250102489309398,-0.5392925903534099,0.8735831309206319,43.63552889092998,41.39,39.14447110907002,60.25632883409662,48.463876375102615,83.84123375208463,60.49392429542074,48.87427872535406,83.73321543555409,1.9606011770565601,246.66682196907934,-10.305343511450376,0.06438460079651037,0.06983726083537843,0.08480309253442855,0.063922215991217,0.03611798053144305,,,195.43604424837565
2023-01-20,44.64,45.4,44.41,44.98,7104606.0,318697189.12,3.5593,0.1782,43.056,42.230000000000004,41.650999999999996,42.19233333333333,43.42783333333333,,,43.056,42.230000000000004,41.650999999999996,42.19233333333333,43.42783333333333,,,42.51995668277724,42.382941763461965,97.97752808988757,74.96823379923762,55.46464056107538,0.13701491931527698,-0.361107058640308,0.99624395591117,0.13701491931527698,-0.43524528117361194,1.1445204009777779,44.27959498191497,41.650999999999996,39.022405018085024,70.57801057133159,55.83525444051227,100.06352283297022,70.73640754554768,56.161654998751935,99.88591263913916,1.7841282357735495,263.9614142783116,-8.778625954198498,0.04468599033816424,0.06511958323466713,0.07992605219562558,0.06607045513797925,0.03574128726968491,,,101.79609092464545
2023-01-30,45.3,45.6,43.98,44.2,7953849.0,354714529.65,3.9848,-1.7341,43.574,42.451,41.857,42.14066666666667,43.51533333333334,,,43.574,42.451,41.857,42.14066666666667,43.51533333333334,,,42.7784248854269,42.51753866987219,84.8249027237355,66.58566221142166,57.09987966305655,0.2608862155547129,-0.23670840380130387,0.9951892387120336,0.2608862155547129,-0.3281481278307927,1.1780686867710113,44.61002015975205,41.857,39.10397984024795,71.74336507224575,61.13795798442344,92.95417924789038,71.84896305505649,61.39075768418679,92.76537379679588,1.7542867383601775,193.8607042618928,-25.92592592592591,0.014366365263689467,0.041200442863536836,0.05597630026041053,0.04886807675879202,0.015733917546305477,,,83.95144630216615
2023-01-31,44.1,44.47,42.63,43.01,8731889.0,377221706.65,4.3746,-2.6923,43.815999999999995,42.531,41.9475,42.034,43.4875,,,43.815999999999995,42.531,41.9475,42.034,43.4875,,,42.81405182613046,42.55401728691869,63.10861423220973,53.75586854460095,53.31460674157302,0.260034539211766,-0.1373598151986899,0.7947887088209118,0.260034539211766,-0.23765848674732215,0.9953860519181763,44.7284417185742,41.9475,39.16655828142579,65.17458906050949,62.48350167645212,70.55676382862421,65.24498771571665,62.675501028030084,70.38396109108976,1.7698709677492352,93.49865951742596,-47.96296296296304,-0.01839510681029755,0.011262373327690372,0.025329280648429587,0.023219298662987085,-0.010980166714573135,,,76.11525944578743
2023-02-01,43.11,43.88,42.86,43.8,6521100.0,283660202.81,3.267,1.8368,44.178,42.762,42.071000000000005,41.99766666666666,43.46633333333333,,,44.178,42.762,42.071000000000005,41.99766666666666,43.46633333333333,,,42.96573616057192,42.6463123027025,66.83501683501684,60.13437849944007,59.52518818760855,0.31942385786942395,-0.04600308058506712,0.7308538769089822,0.31942385786942395,-0.15195351065243812,0.9427547370437241,44.95398748559658,42.071000000000005,39.18801251440343,65.67194826256186,63.546317205155376,69.92321037737483,65.71888069936662,63.6899609184756,69.77672026114867,1.6335307917948292,89.6833653856263,-33.33333333333342,-0.008556294988455795,0.024273888031429696,0.0410971928406739,0.04291508258395317,0.007676439236497195,,,119.96282364869299
2023-02-02,44.22,46.8,44.11,45.78,15271859.0,696230605.87,7.651,4.5205,44.354,43.26899999999999,42.336,42.03666666666666,43.48633333333334,,,44.354,43.26899999999999,42.336,42.03666666666666,43.48633333333334,,,43.39869982817624,42.87843731731712,74.51487710219922,66.69784845650139,66.27027027027026,0.5202625108591192,0.06725003770377015,0.9060249463106982,0.5202625108591192,-0.0485356611891216,1.1375963440964816,45.55767266134275,42.336,39.11432733865725,71.88386294427204,66.32549911819427,83.00059059642757,71.99440531472928,66.45810905056015,83.06699784306753,1.8819797387412238,176.97700440729855,-15.454545454545407,0.03215042611714844,0.058032309505650935,0.08134920634920641,0.08904924272460565,0.0527445404303266,,,155.60257452661745
2023-02-03,45.47,47.7,44.75,47.68,13827056.0,637991678.85,6.9272,4.1503,44.894,43.974999999999994,42.69,42.15133333333333,43.5325,,,44.894,43.974999999999994,42.69,42.15133333333333,43.5325,,,44.0573613930722,43.23410862714549,70.68452380952382,76.07413647851725,68.92430278884461,0.8232527659267106,0.21845058334835826,1.2096043651567046,0.8232527659267106,0.08558563529023722,1.4753342612729468,46.592479643562825,42.69,38.78752035643717,81.16581853942459,71.27227225860437,100.95291110106501,81.23951345306276,71.38524385139436,100.94805265639954,2.0761652407882747,190.69816469706396,-0.2702702702703123,0.062057290506526516,0.08425241614553737,0.11688920121808391,0.13116231989498156,0.09527364612645726,,,150.1774009538094
2023-02-06,47.77,50.02,46.38,49.1,22382702.0,1083392536.81,11.2135,2.9782,45.874,44.724000000000004,43.138999999999996,42.351000000000006,43.61183333333334,,,45.874,44.724000000000004,43.138999999999996,42.351000000000006,43.61183333333334,,,44.83315194798416,43.66861909920879,75.55831265508687,83.533173461231,69.3817468105986,1.164532848775373,0.40766703643376123,1.5137316246832235,1.164532848775373,0.25157751428795044,1.8259106689748452,47.790894464115055,43.138999999999996,38.487105535884936,83.99431022238355,75.51295157986411,100.95702750742242,84.33800210999794,75.70282993759557,101.6083464548027,2.3604988333722248,215.64870417193416,-9.465020576131698,0.07032305881327111,0.0978445577318665,0.13818122812304426,0.15935869282897674,0.1258412281070504,,,134.10731081288174
2023-02-07,48.4,51.51,48.19,49.66,16643405.0,827818556.62,8.3381,1.1405,47.204,45.510000000000005,43.521,42.611666666666665,43.713,,,47.204,45.510000000000005,43.521,42.611666666666665,43.713,,,45.5757439559866,44.11242509185999,84.82142857142851,84.82280431432974,70.01441614608359,1.463318864126613,0.6187974019723317,1.6890429243085627,1.463318864126613,0.43799926041697546,2.050639207419275,48.9720912475829,43.521,38.0699087524171,83.01770118544437,78.0145347817242,93.02403399288471,83.6177560630558,78.34113864608231,94.17099089700275,2.534953590940911,211.1037049380657,-17.822736030828537,0.05202948902635361,0.09118874972533489,0.14105833965212186,0.16540853443892514,0.1360464850273373,,,112.00882230615763
2023-02-08,49.99,50.78,47.1,47.23,12611675.0,611252728.63,6.3183,-4.8933,47.89,46.034,43.83,42.791666666666664,43.71633333333333,,,47.89,46.034,43.83,42.791666666666664,43.71633333333333,,,45.83024488583482,44.343356566537025,73.23788546255507,69.48682385575589,65.07369361322017,1.4868883192977975,0.7924155854374249,1.3889454677207453,1.4868883192977975,0.599366807937102,1.7750430227213911,49.39085188475756,43.83,38.26914811524244,72.61240139089684,76.21382365144841,65.4095568697937,74.47597930645206,77.0527521995389,69.32243352027837,2.7431438471334726,137.7628756440329,-43.8075742067554,-0.01378158279390277,0.025980796802363426,0.07757243896874284,0.10371957156767282,0.08037423083668192,,,60.54974292153625
2023-02-09,46.99,55.3,46.46,53.51,25652346.0,1315383500.05,12.8515,13.2966,49.436,46.894999999999996,44.432,43.225,43.785,,,49.436,46.894999999999996,44.432,43.225,43.785,,,47.011745672629466,45.02236719123798,83.32189430336308,78.54705021940518,72.6094570928196,1.9893784813914834,1.0318081646282367,1.9151406335264936,1.9893784813914834,0.8132147576993145,2.352327447384338,51.35669752332006,44.432,37.507302476679946,77.03231389753554,76.48665373347745,78.12363422565173,78.27469917457236,77.46006785788339,79.90396180795031,3.8516631476546586,193.2114317377038,-14.127861089187055,0.08240958006311186,0.1410598144791556,0.20431220741807696,0.2379410063620589,0.2221080278634236,,,348.47373800844207
2023-02-10,53.0,53.5,50.44,50.59,19174837.0,994449208.78,9.6064,-5.4569,50.017999999999994,47.456,44.843,43.586,43.85733333333334,,,50.017999999999994,47.456,44.843,43.586,43.85733333333334,,,47.562246338378785,45.43478443633147,65.5061250805932,68.50258175559381,66.89254598257503,2.1274619020473153,1.2509389121120524,1.7530459798705258,2.1274619020473153,1.0154066260605454,2.22411055197354,52.21378186240504,44.843,37.472218137594965,72.29673333763618,75.09001360153036,66.71017280984785,73.12499018899406,76.01504196825363,67.34488663047495,3.709542575353811,155.31631742515165,-37.17442778216255,0.011435883082090646,0.06604012137559002,0.12815824097406506,0.1606938007617126,0.15351290548140942,,,57.05546961637514
2023-02-13,51.0,54.72,50.3,52.52,22827718.0,1199039591.99,10.7785,3.815,50.702,48.288,45.3695,44.000666666666675,43.956,47.44916666666666,,50.702,48.288,45.3695,44.000666666666675,43.956,47.44916666666666,,48.324977670935894,45.959615218825434,65.5727155727156,67.11590296495959,66.92456479690523,2.3653624521104604,1.4738236201117343,1.7830776639974522,2.3653624521104604,1.2230921377605324,2.284540628699856,53.36045139583063,45.3695,37.378548604169374,74.08206659808117,74.75403126704731,72.7381372601489,74.76946202023441,75.59984865224723,73.10868875620878,3.8387166525622094,148.8737948262692,-21.94159431728489,0.03585657370517938,0.0876408217362493,0.1576058806026075,0.1936182785109315,0.19483119483119482,0.10686875428089725,,145.4120443001455
2023-02-14,53.83,55.36,52.49,53.17,19995512.0,1074217964.93,9.4412,1.2376,51.403999999999996,49.304,45.9175,44.39966666666667,44.08216666666667,47.391416666666665,,51.403999999999996,49.304,45.9175,44.39966666666667,44.08216666666667,47.391416666666665,,49.07036572156114,46.49371779520874,63.77792823290454,67.93692509855455,69.73941368078178,2.5766479263524005,1.6943884813598675,1.764518889985066,2.5766479263524005,1.431331489851589,2.290632873001623,54.479004725099195,45.9175,37.3559952749008,76.23248884316524,75.24685045908663,78.20376561132247,77.33964134682296,76.17977955043915,79.65936493959057,3.6625863520963526,144.94205533499064,-17.519999999999982,0.03435530308925386,0.07841148791173129,0.1579463167637612,0.19753151299934685,0.20615668467596482,0.12193312080070767,,113.08875657339384
2023-02-15,53.16,57.01,51.37,56.21,25229176.0,1370536043.15,11.9124,5.7175,53.2,50.545,46.653499999999994,44.89566666666666,44.226333333333336,47.38633333333333,,53.2,50.545,46.653499999999994,44.89566666666666,44.226333333333336,47.38633333333333,,50.16877099516712,47.213442402971054,68.98550724637684,73.93383818254284,72.11884753901562,2.955328592196068,1.9465765035271076,2.0175041773379205,2.955328592196068,1.6657925825199704,2.579072019352195,56.097750325490495,46.653499999999994,37.20924967450949,81.9798974016969,77.49119943995672,90.95729332517726,82.82591076868302,78.3951566231871,91.68741905967485,4.022116106260652,142.3646445851449,-6.201550387596877,0.05657894736842101,0.1120783460282916,0.20483993698222017,0.2520139285899902,0.27096224722827267,0.18620699357761383,,174.36898911657894
2023-02-16,55.03,56.68,50.91,51.5,25265968.0,1353213407.42,11.9297,-8.3793,52.798,51.117,47.193,45.263,44.32183333333334,47.30975,,52.798,51.117,47.193,45.263,44.32183333333334,47.30975,,50.37357545744911,47.53096518793616,60.931899641577075,64.83746941628803,62.29464045246432,2.842610269512946,2.1257832567242754,1.433654025577341,2.842610269512946,1.8468414574419665,1.9915376241419587,56.43834614079749,47.193,37.947653859202504,70.70845464910869,75.23028450967405,61.664794927977965,73.56963926177563,76.78665083604996,67.13561611322697,4.339913177849625,98.61814710440846,-44.94290375203914,-0.02458426455547562,0.007492614981317423,0.09126353484626962,0.13779466672558166,0.1619555448593807,0.08857053778555157,,41.68083757218555
2023-02-17,51.2,51.96,48.0,48.43,18698443.0,925281356.43,8.8288,-5.9612,52.366,51.192,47.5835,45.524,44.3475,47.233,,52.366,51.192,47.5835,45.524,44.3475,47.233,,50.07456384861079,47.597560359200145,34.43627450980392,57.49433473616057,58.08638874937217,2.4770034894106416,2.1960273032615487,0.5619523722981858,2.4770034894106416,1.943789462360224,1.066428054100835,56.30478738686048,47.5835,38.86221261313952,53.3632983600693,67.94128912647247,24.207316827262957,55.47477361885701,69.68269176365231,27.0589373292664,4.270838054604239,33.62138293050262,-80.71495766698025,-0.07516327387999847,-0.05395374277230818,0.017789780070822846,0.06383446094367803,0.09205704943908909,0.025342451252302476,,54.08444781445624
2023-02-20,48.51,52.48,48.03,51.9,19512588.0,982466662.1,9.2132,7.165,52.242000000000004,51.472,48.098,45.916666666666664,44.45,47.18508333333333,,52.242000000000004,51.472,48.098,45.916666666666664,44.45,47.18508333333333,,50.355400179593744,47.91625959185198,53.88263189093063,59.45027794935145,61.2491293243557,2.439140587741761,2.244649960157591,0.38898125516834003,2.439140587741761,2.0199973278035372,0.8382865198764478,56.545289443802055,48.098,39.65071055619794,52.763525920930874,62.88203472462527,32.52650831354208,54.17117609345601,64.51218654025355,33.48915519986093,4.303412953767103,51.4600933533928,-48.43601895734598,-0.006546456873779829,0.008315200497357733,0.07904694581895297,0.13030852994555356,0.16760404949381316,0.09992388131136078,,199.76936448559542
2023-02-21,51.18,52.19,49.01,49.99,15347519.0,773253646.1,7.2466,-3.6802,51.605999999999995,51.50500000000001,48.50750000000001,46.18233333333333,44.520833333333336,47.1495,,51.605999999999995,51.50500000000001,48.50750000000001,46.18233333333333,44.520833333333336,47.1495,,50.29918476734856,48.069869992455544,42.49258160237389,53.56591540598951,59.602349751468594,2.2293147748930124,2.2415829231046756,-0.02453629642332622,2.2293147748930124,2.052200011971149,0.3542295258437269,56.44813997155747,48.50750000000001,40.56686002844255,46.32892249389074,57.364330647713764,24.25810618624469,47.267355942240826,58.76390967424932,24.274248478223825,4.099156053082176,38.8291697195374,-66.54028436018955,-0.03131418827268133,-0.02941461993981181,0.030562284182858206,0.0824485553638838,0.12284510996724378,0.06024454129948353,,68.73181129242595
2023-02-22,49.5,50.97,49.01,50.17,10058181.0,502752894.28,4.7491,0.3601,50.398,51.799,48.9165,46.48633333333333,44.598166666666664,47.098,,50.398,51.799,48.9165,46.48633333333333,44.598166666666664,47.098,,50.27931018775647,48.22543517819958,40.84249084249084,51.71749598715892,60.833715071003205,2.05387500955689,2.2040413403951185,-0.3003326616764568,2.05387500955689,2.0524577039074168,0.0028346112989465766,56.264193587285256,48.9165,41.56880641271474,38.91406523640072,51.214242177276084,14.313711354649982,43.233529553910955,53.5871163008032,22.52635606012646,3.7102185888854162,25.967922841528633,-64.8341232227488,-0.004523989047184442,-0.03144848356145867,0.0256253002565597,0.07924192773503341,0.1249341340638069,0.06522569960507883,,103.65962723240214
2023-02-23,50.32,51.43,49.6,50.18,10337473.0,521682392.16,4.881,0.0199,50.134,51.46600000000001,49.180499999999995,46.776666666666664,44.70783333333333,47.01725,,50.134,51.46600000000001,49.180499999999995,46.776666666666664,44.70783333333333,47.01725,,50.2640316973324,48.37021775759221,27.415730337078642,50.84967320261439,60.968334098210185,1.8938139397401912,2.1419958602641334,-0.49636384104788434,1.8938139397401912,2.0280509709586125,-0.2684740624368427,56.29632513616111,49.180499999999995,42.06467486383888,34.00782299518835,45.47876911658018,11.065930752404682,36.887465873528505,48.02056615837831,14.621265303828906,3.368360663633522,28.91987446867687,-75.8046614872364,0.0009175409901463951,-0.02498737030272429,0.020323095535832388,0.07275707261455147,0.12239838656163908,0.06726786445400364,,100.19950118144065
2023-02-24,51.0,55.18,51.0,52.03,26321697.0,1393592158.69,12.4282,3.6867,50.854,51.61,49.533,47.09866666666667,44.842,46.96124999999999,,50.854,51.61,49.533,47.09866666666667,44.842,46.96124999999999,,50.53571912851203,48.6413127385113,52.52621544327933,57.99467021985344,61.72367236723673,1.894406390000725,2.092477966211452,-0.3961431524214536,1.894406390000725,2.0074902661958607,-0.2261677523902712,56.46889321838532,49.533,42.597106781614684,37.581241967195496,42.84626006678529,27.051205768015905,39.50100388608894,45.18071206761519,28.141587523036435,3.6650223611546995,79.22722290552818,-55.2719200887902,0.02312502458017072,0.00813795776012404,0.050410837219631355,0.10470218548295779,0.16029615092993182,0.10793473342383368,,143.62554483651502
2023-02-27,52.03,52.69,49.6,50.48,17493609.0,891091817.28,8.2599,-2.9791,50.57,51.406000000000006,49.847,47.38166666666667,44.958999999999996,46.92108333333333,,50.57,51.406000000000006,49.847,47.38166666666667,44.958999999999996,46.92108333333333,,50.527146954894796,48.77751179491787,61.42697881828315,44.009489916963226,59.4759825327511,1.7496351599769255,2.023909404964547,-0.5485484899752429,1.7496351599769255,1.9678202498544861,-0.43637017975512116,56.31945857460682,49.847,43.37454142539318,34.22915206248105,39.97389073201721,22.739674723408726,35.50899334174334,41.95680582565791,22.6133683739142,3.5604728409447532,28.63559014701348,-72.47502774694786,-0.001779711291279482,-0.01801346146364255,0.012698858507031428,0.06539097400541691,0.1228007740385685,0.07584898757310596,,73.90183180723142
2023-02-28,51.6,53.35,50.3,51.88,16999869.0,880179862.66,8.0268,2.7734,50.948,51.277,50.2905,47.70399999999999,45.12516666666667,46.93508333333333,,50.948,51.277,50.2905,47.70399999999999,45.12516666666667,46.93508333333333,,50.73527819260329,49.007325736035064,49.855072463768145,52.713504417332764,60.51903850244629,1.7279524565682252,1.9647180152852828,-0.47353111743411525,1.7279524565682252,1.9309175124258304,-0.40593011171521054,55.9556305554707,50.2905,44.625369444529305,37.71958831815174,39.22245659406205,34.71385176633112,38.0270832415174,40.646898297611074,32.78745312933006,3.467659597136617,49.26509441083556,-56.936736958934475,0.01829316165502085,0.011759658326345174,0.03160636700768537,0.08753982894516203,0.14969104453907825,0.10535651191983264,,131.46380914884855
2023-03-01,51.4,54.4,51.4,53.5,19242737.0,1020834095.54,9.0858,3.1226,51.614,51.006,50.7755,48.10433333333333,45.31483333333334,46.97183333333333,,51.614,51.006,50.7755,48.10433333333333,45.31483333333334,46.97183333333333,,51.160620009125864,49.34011642225469,76.5506807866868,52.088661551577154,59.405074365704294,1.820503586871176,1.9358751296024614,-0.23074308546257072,1.820503586871176,1.9139307546481912,-0.1868543355540302,55.71545301490562,50.7755,45.83554698509438,50.68028264849856,43.04173194554089,65.9573840544139,46.47274059419132,42.58884572980449,54.240530322964986,3.3826305794754137,85.40407743979615,-36.635944700460826,0.03654047351493786,0.04889620828922087,0.053657768018040175,0.11216591713844223,0.18062885957136904,0.13898045282456517,,135.999761291543
2023-03-02,52.98,54.35,52.51,53.03,14756757.0,787166648.55,6.9676,-0.8785,52.184000000000005,51.159000000000006,51.138,48.51499999999999,45.508,46.98258333333333,,52.184000000000005,51.159000000000006,51.138,48.51499999999999,45.508,46.98258333333333,,51.44821693079881,49.6134411317173,70.72463768115941,49.69931271477663,58.72912600303622,1.8347757990815055,1.9156552634982704,-0.16175892883352994,1.8347757990815055,1.9017530691763933,-0.1339545401897757,55.5726606112355,51.138,46.7033393887645,57.096878409022366,47.72678076670138,75.83707369366434,54.33373049826312,46.5038073192907,69.99357685620797,3.1021522922980664,85.4751054852317,-29.944289693593294,0.016211865705963446,0.03657225512617516,0.03699792717744149,0.09306400082448744,0.16528961940757664,0.12871613771770044,,91.55423770390114
2023-03-03,54.09,56.66,50.88,55.31,35490448.0,1920405992.75,16.7574,4.2995,52.839999999999996,51.847,51.51950000000001,49.00466666666667,45.717999999999996,47.025333333333336,,52.839999999999996,51.847,51.51950000000001,49.00466666666667,45.717999999999996,47.025333333333336,,52.042337402983605,50.035408455293805,77.97164667393673,48.00177619893428,61.66771686620458,2.0069289476898007,1.9339100003365766,0.14603789470644823,2.0069289476898007,1.9179339735630714,0.1779899482534586,56.013976024726766,51.51950000000001,47.02502397527325,65.51556599817181,53.65637584385819,89.23394630679904,64.34145185013604,52.44968882957248,88.12497789126317,3.5890336936984166,117.32671486637179,-15.643105446118136,0.04674489023467082,0.06679267845777,0.0735740835994137,0.12866801801188993,0.20980795310381045,0.1761745442173013,,152.34223173929487
2023-03-06,54.9,56.99,54.22,55.39,25829321.0,1436859898.04,12.1957,0.1446,53.822,52.196000000000005,51.834,49.46399999999999,45.92033333333334,47.033,,53.822,52.196000000000005,51.834,49.46399999999999,45.92033333333334,47.033,,52.557362417909204,50.43204486601278,72.70270270270268,60.87199552822806,63.311827956989255,2.1253175518964227,1.972191510648546,0.30625208249575353,2.1253175518964227,1.9498391394605101,0.3509568248718251,56.49289257227527,51.834,47.17510742772474,70.3270022276868,59.2132513051344,92.5545040727916,69.54425946232962,58.14787904049153,92.3370203060058,3.440118476662341,152.80286465760406,-20.050125313283214,0.029133068262048936,0.06119242853858524,0.06860361924605465,0.1198043021187128,0.20621946704800329,0.17768375395998554,,101.45584369849547
2023-03-07,54.75,55.28,52.18,52.26,17592305.0,937887724.57,8.3065,-5.6508,53.898,52.423,51.964,49.812666666666665,46.063833333333335,47.001,,53.898,52.423,51.964,49.812666666666665,46.063833333333335,47.001,,52.51161435361548,50.56744895001184,59.910913140311806,60.66852367688022,58.66093366093366,1.944165403603641,1.9665862892395651,-0.044841771271848074,1.944165403603641,1.9489662570209918,-0.009601706834701407,56.511232356639006,51.964,47.41676764336099,58.88286391182728,59.10312217403203,58.44234738741777,59.93844532242191,58.74473446780166,62.325867031662426,3.3982787536328245,49.886178861788636,-59.2731829573935,-0.03039073806078157,-0.0031093222440532553,0.005696251250865972,0.049130743184464455,0.13451261474113813,0.11189123635667328,,55.89595781041275
2023-03-08,52.31,53.79,52.25,53.16,11641059.0,616719758.99,5.4965,1.7222,53.830000000000005,52.722,52.2605,50.184999999999995,46.19866666666666,47.009249999999994,,53.830000000000005,52.722,52.2605,50.184999999999995,46.19866666666666,47.009249999999994,,52.61136599152079,50.75948976852948,57.54716981132072,54.09622886866059,57.726130653266324,1.851876222991315,1.9436442759899153,-0.1835361059972005,1.851876222991315,1.934029328708734,-0.16430621143483792,56.24675784150361,52.2605,48.27424215849639,55.31297828673012,57.83974087826473,50.2594531036609,56.016699227126544,57.835389387576626,52.37931890622639,3.060409889335947,35.94225353249215,-51.82679296346421,-0.012446591120193364,0.008307727324456494,0.017211852163679955,0.05928066155225668,0.15068255938122319,0.1308412706009988,,118.61938520638576
2023-03-09,52.88,53.94,51.73,52.89,12756681.0,676259881.11,6.0233,-0.5079,53.802,52.992999999999995,52.229499999999994,50.45133333333333,46.32683333333333,47.005833333333335,,53.802,52.992999999999995,52.229499999999994,50.45133333333333,46.32683333333333,47.005833333333335,,52.654232762056054,50.917305341231,45.72230014025246,60.55312954876273,55.64708432690224,1.7369274208250545,1.902300904956943,-0.33074696826377714,1.7369274208250545,1.903705958265091,-0.33355707488007313,56.18436362796381,52.229499999999994,48.27463637203618,51.715192561022604,55.79822477251736,43.5491281380331,52.18433985462022,55.951706209924495,44.64960714401167,2.9057899094566837,23.175301401107948,-55.48037889039244,-0.016951042712166815,-0.0019436529352932358,0.012646109957016746,0.04833701124516042,0.14167095383884792,0.12517949899835124,,95.03551827609058
2023-03-10,52.5,53.82,52.35,52.35,12375061.0,657116016.55,5.8431,-1.021,53.209999999999994,53.025,52.317499999999995,50.697,46.44466666666666,46.98483333333333,,53.209999999999994,53.025,52.317499999999995,50.697,46.44466666666666,46.98483333333333,,52.60742772173973,51.023430871510186,45.27777777777778,57.730496453900706,53.59116022099448,1.5839968502295463,1.8386400940114638,-0.509286487563835,1.5839968502295463,1.854519941644238,-0.5410461828293833,56.19635428010868,52.317499999999995,48.43864571989131,44.69104516524578,52.09583157009351,29.88147235555033,47.19370965499716,53.032374024948716,35.51638091509405,2.6447371986463772,19.861156580792052,-62.78755074424899,-0.01616237549332818,-0.012729844413012677,0.0006212070530894246,0.032605479614178326,0.12714771699656952,0.11418933059959083,,90.24667084374587
2023-03-13,51.99,53.8,51.8,53.55,11540251.0,612110006.27,5.4489,2.2923,52.842,53.33200000000001,52.36900000000001,51.00866666666666,46.574666666666666,46.95925,,52.842,53.33200000000001,52.36900000000001,51.00866666666666,46.574666666666666,46.95925,,52.75243884147208,51.21058414028721,35.620915032679676,61.02027468933943,54.23839616474178,1.5418547011848673,1.7792830154461445,-0.4748566285225544,1.5418547011848673,1.806417596958181,-0.5291257915466274,56.2863347545173,52.36900000000001,48.451665245482715,44.360314889214564,49.51732600980053,34.04629264804262,47.655796471542686,51.24018150714671,40.48702640033464,2.527512253437945,28.67962008814883,-51.42002989536625,0.01339843306460767,0.00408760219005455,0.022551509480799523,0.04982159894397033,0.14976668288912423,0.14035041019607425,,125.43764490594194
2023-03-14,52.97,56.0,52.83,55.0,18935935.0,1034213160.44,8.9409,2.7077,53.39,53.644000000000005,52.4605,51.40833333333333,46.72116666666667,46.95258333333333,,53.39,53.644000000000005,52.4605,51.40833333333333,46.72116666666667,46.95258333333333,,53.098217481245605,51.49128161137705,47.39652870493991,59.973136333109466,58.65063460253841,1.6069358698685576,1.7448135863306273,-0.2757554329241394,1.6069358698685576,1.7757281004828545,-0.33758446122859365,56.53879414803499,52.4605,48.38220585196502,52.050357225652036,50.3616697484177,55.42773218012073,54.24734494720411,52.24256932049918,58.25689620061398,2.6443282073583187,101.35091461443969,-32.56955810147303,0.030155459823937057,0.02527775706509571,0.04840784971550017,0.06986545631382723,0.17719663107727757,0.17139454520606792,,130.62675648126879
2023-03-15,55.41,55.78,53.5,53.63,12214280.0,666505061.0,5.7672,-2.4909,53.484,53.657000000000004,52.331500000000005,51.736000000000004,46.86683333333333,46.93441666666667,,53.484,53.657000000000004,52.331500000000005,51.736000000000004,46.86683333333333,46.93441666666667,,53.180030176438585,51.649705195719484,61.95462478184997,60.70700203942898,50.15000000000001,1.5303249807191008,1.7019158652083222,-0.34318176897844266,1.5303249807191008,1.737973774365354,-0.41529758729250643,56.05851249062367,52.331500000000005,48.60448750937634,49.702965919119904,50.14210180531843,48.82469414672286,51.16762440015462,51.884254347051,49.73436450636186,2.5780867151113513,89.11183239893792,-54.99181669394435,0.002729788347917149,-0.0005031962278919996,0.024812971155040404,0.03660893768362452,0.14430603020615154,0.14265828381092052,,77.70537751077833
2023-03-16,52.87,54.17,52.5,53.03,8866895.0,472129964.44,4.1866,-1.1188,53.512,53.657,52.408,51.97766666666667,47.00716666666666,46.88291666666667,,53.512,53.657,52.408,51.97766666666667,47.00716666666666,46.88291666666667,,53.15694861083265,51.75194925529582,48.802946593001884,54.13371675053918,53.237791932059444,1.4049993555368303,1.6425325632740237,-0.4750664154743869,1.4049993555368303,1.6867469406994273,-0.563495170325194,56.12594850053538,52.408,48.69005149946462,41.37358691185943,47.219263507498766,29.68223372058074,45.841154946529706,49.86988788021057,37.78368907916797,2.4129800396365604,35.80266542731187,-64.81178396072015,-0.00900732545970996,-0.011685334625491463,0.011868417035567087,0.020245874830856773,0.1281258531500517,0.13111563380406868,,89.35900031464703
2023-03-17,53.9,59.58,53.72,57.5,28810286.0,1631353525.36,13.6032,8.4292,54.541999999999994,53.876,52.8615,52.305,47.22816666666667,46.89375,,54.541999999999994,53.876,52.8615,52.305,47.22816666666667,46.89375,,53.82511036301224,52.177730791940576,73.93561786085152,61.93317422434368,56.19094977623074,1.6473795710716672,1.6435019648335527,0.007755212476229012,1.6473795710716672,1.6806904222951564,-0.0666217024469784,56.74535741512924,52.8615,48.97764258487076,52.08345284569823,48.84065995356526,58.5690386299642,55.06183153547842,51.60053576529985,61.984423075835565,3.1651654869753667,207.72019620388178,-26.496815286624177,0.05423343478420311,0.06726557279679268,0.08774817211013687,0.09932128859573655,0.21749379783956607,0.22617619618819146,,224.62711315323602
2023-03-20,57.78,62.4,56.92,60.42,26259928.0,1571529729.69,12.3991,5.0783,55.916,54.379,53.2875,52.68233333333333,47.516666666666666,46.87558333333333,,55.916,54.379,53.2875,52.68233333333333,47.516666666666666,46.87558333333333,,54.839708768702664,52.788269251796834,83.59700249791841,69.23477355543989,58.53141915744881,2.0514395169058304,1.7250894752480084,0.652700083315644,2.0514395169058304,1.7377287445429523,0.6274215447257561,58.40151737230256,53.2875,48.173482627697446,61.87006822015623,53.18379604242892,79.24261257561086,63.85565401334301,55.68557518131424,80.19581167740056,3.586044489343481,281.43192036653,-18.5567010309278,0.0805493955218543,0.11109067838687736,0.1338494018296974,0.14687403114263484,0.27155384075762895,0.28894395980850024,,164.10762581298505
2023-03-21,60.11,63.38,58.99,61.6,22530673.0,1374975909.35,10.6382,1.953,57.236000000000004,55.313,53.867999999999995,53.080333333333336,47.846000000000004,46.865,,57.236000000000004,55.313,53.867999999999995,53.080333333333336,47.846000000000004,46.865,,55.87975357351764,53.440990047960035,83.56964136780653,67.36609607951408,56.63302978095004,2.4387635255576043,1.8678242853099276,1.1418784804953535,2.4387635255576043,1.845580249314437,1.1863665524863345,59.950106975642555,53.867999999999995,47.785893024357435,69.48705549441031,58.618215859756056,91.22473476371884,70.81077935653484,60.727309906387774,90.97771825682895,3.7322182185537573,251.20389970735323,-15.278969957081548,0.07624571947725202,0.11366224938079654,0.14353605108784448,0.16050514628770227,0.28746394682941095,0.3144137415982076,,121.33886053580063
2023-03-22,61.18,66.9,60.0,65.93,26010186.0,1671458283.64,12.2811,7.0292,59.696000000000005,56.589999999999996,54.65599999999999,53.70366666666667,48.24766666666666,46.89183333333334,,59.696000000000005,56.589999999999996,54.65599999999999,53.70366666666667,48.24766666666666,46.89183333333334,,57.42594533143801,54.36610189625929,86.7518493611298,73.56887298747765,67.92546583850933,3.0598434351787205,2.1062281152836864,1.9072306397900682,3.0598434351787205,2.0323899702166344,2.0549069299241722,62.538156798077274,54.65599999999999,46.77384320192271,77.51675664307267,64.91772945419493,102.71481102082817,78.40911987864793,66.62124656380783,101.98486650832814,4.308178542453075,257.7311360280915,-6.394199077125895,0.10442910747788799,0.16504682806149515,0.20627195550351318,0.22766291562959703,0.36649095293036654,0.4060017558139122,,197.25300850350462
2023-03-23,64.6,70.44,63.8,66.2,30018975.0,1995807882.52,14.1739,0.4095,62.33,57.92100000000001,55.45700000000001,54.126666666666665,48.67583333333334,46.936749999999996,,62.33,57.92100000000001,55.45700000000001,54.126666666666665,48.67583333333334,46.936749999999996,,58.77579989583216,55.242686940980825,95.64270152505446,85.74358974358977,73.7249666221629,3.533112954851333,2.391605083197216,2.2830157433082343,3.533112954851333,2.2632704293912034,2.5396850509202595,64.58194810367377,55.45700000000001,46.33205189632625,77.42891072342185,69.0881232106039,94.11048574905777,78.02381954713869,70.42210422491812,93.22725019157983,4.73214608018888,235.08959982409857,-22.7467811158798,0.062088881758382876,0.14293606809274695,0.19371765512018307,0.22305702672742958,0.3600178048655219,0.4104086882879622,,104.1715525788834
2023-03-24,66.87,68.18,63.8,66.25,25566062.0,1685270179.95,12.0714,0.0755,64.08,59.311,56.168000000000006,54.64866666666667,49.117333333333335,46.961,,64.08,59.311,56.168000000000006,54.64866666666667,49.117333333333335,46.961,,59.925676834934904,56.05804346387113,100.0,85.09383378016088,71.0843373493976,3.867633371063775,2.686810740770528,2.361645260586494,3.867633371063775,2.5100954973408296,2.7150757474458906,66.32613202886202,56.168000000000006,46.00986797113799,77.1673971898249,71.7812145370109,87.9397624954529,77.8563661072484,72.90019151902823,87.76871528368878,4.668119520154539,171.4731499897127,-22.478540772532178,0.03386392009987518,0.11699347507207769,0.17949722261786058,0.21228941236748677,0.3488110103697269,0.41074508634824647,,100.75785924931924
2023-03-27,65.2,67.5,60.6,63.26,35621836.0,2273438260.18,16.8194,-4.5132,64.648,60.282000000000004,56.807,55.00666666666666,49.50366666666666,46.978833333333334,,64.648,60.282000000000004,56.807,55.00666666666666,49.50366666666666,46.978833333333334,,60.4386496295603,56.5915217258066,74.53151618398635,74.26298549368273,68.8977499287952,3.8471279037537016,2.918874173367163,1.8565074607730772,3.8471279037537016,2.7157927906351174,2.2626702262371685,67.06594238931926,56.807,46.54805761068074,71.43749927853804,71.66664278418662,70.97921226724088,71.89681189015371,72.56573164273672,70.5589723849877,5.0739159710355315,111.94395279067957,-40.022296544035676,-0.02147011508476671,0.049401147938024526,0.11359515552660755,0.15004241910071517,0.2778851398212928,0.3465638780585582,,63.01341978070787
2023-03-28,64.15,66.55,62.5,64.9,29420458.0,1900111822.87,13.8913,2.5925,65.308,61.272000000000006,57.45799999999999,55.397666666666666,49.89866666666667,47.01716666666667,,65.308,61.272000000000006,57.45799999999999,55.397666666666666,49.89866666666667,47.01716666666667,,61.125011225012564,57.20696456093204,71.414913957935,77.92612372051624,70.13945857260049,3.9180466640805207,3.1187086715098347,1.598675985141372,3.9180466640805207,2.9007549250113334,2.0345834781383747,68.04760085724635,57.45799999999999,46.86839914275363,70.66476168922233,71.33268241919853,69.32892022926993,70.97097009696611,72.0341444608132,68.84462136927195,4.887749430847252,107.23587848479832,-30.8807134894091,-0.006247320389538819,0.059211385298341815,0.12952069337603145,0.17152948680148994,0.3006359555365541,0.38034689457396775,,129.16804671501674
2023-03-29,64.03,77.88,64.0,74.5,57175949.0,4082687604.55,26.9966,14.792,67.022,63.359,58.507999999999996,56.007333333333335,50.4515,47.12341666666667,,67.022,63.359,58.507999999999996,56.007333333333335,50.4515,47.12341666666667,,63.18270180577986,58.48793014901115,84.16313559322033,83.93262066731455,76.34315424610051,4.694771656768708,3.4339212685616096,2.521700776414197,4.694771656768708,3.1767574991278527,3.036028315281711,71.36656110473541,58.507999999999996,45.64943889526459,75.77981905109304,72.81506129649671,81.7093345602857,76.20812243396375,73.42547045186339,81.77342639816447,6.5227040797841145,175.501329539488,-13.31757289204096,0.11157530363164325,0.17583926513991696,0.273330142886443,0.3301829522324457,0.4766657086508824,0.5809549746145316,,397.29743341939326
2023-03-30,75.16,81.5,74.13,76.5,53166112.0,4080936271.65,25.1032,2.6846,69.082,65.706,59.68150000000001,56.84066666666667,51.051833333333335,47.275999999999996,,69.082,65.706,59.68150000000001,56.84066666666667,51.051833333333335,47.275999999999996,,65.23151691258296,59.82215754538069,81.9335347432024,84.21387651177594,76.41977974519543,5.409359367202271,3.829008888289742,3.160700957825057,5.409359367202271,3.5202347096008397,3.778249315202862,74.56022981986823,59.68150000000001,44.80277018013179,77.07263228304495,74.23425162534613,82.7493935984426,78.13922825091225,74.99672305154635,84.42423864964405,6.6767578834597305,196.1382867067276,-17.998560115190784,0.1073796357951421,0.16427723495571175,0.2818042441962751,0.3458673954093899,0.49847703804303467,0.618157204501227,,130.33216934985566
2023-03-31,75.0,77.77,71.8,77.17,40805292.0,3052062314.32,19.2669,0.8758,71.26599999999999,67.673,60.7745,57.79866666666667,51.66133333333334,47.41158333333333,,71.26599999999999,67.673,60.7745,57.79866666666667,51.66133333333334,47.41158333333333,,67.06820661833943,61.10718291238953,82.35988200589969,88.31380208333333,79.37486242570989,5.9610237059498985,4.255411851821774,3.4112237082562498,5.9610237059498985,3.8957407090391563,4.1305659938214845,77.40917206580421,60.7745,44.13982793419579,78.30312313612741,75.59054212893989,83.72828515050247,79.55416952556071,76.51587187621782,85.63076482424648,6.548256450103415,149.71621720528842,-17.615947925142386,0.08284455420537158,0.1403366187401179,0.26977597512114454,0.3351519066183764,0.4937670985392039,0.6276613134272744,,109.11153133591367
2023-04-03,77.4,87.27,76.3,84.8,43563012.0,3543190872.17,20.569,9.8873,75.574,70.111,62.24499999999999,58.89533333333334,52.40599999999999,47.62808333333333,,75.574,70.111,62.24499999999999,58.89533333333334,52.40599999999999,47.62808333333333,,69.7961748309026,62.86220640036068,87.81084386465551,92.0794701986755,81.86217576461479,6.933968430541924,4.791123167565804,4.285690525952241,6.933968430541924,4.36316035850112,5.141616144081608,81.81601992877827,62.24499999999999,42.673980071221706,82.51622461611527,77.89910295799835,91.7504679323491,83.4580837855459,78.82994251266051,92.71436633131665,7.352209822811885,182.88254898391685,-8.734087694483732,0.12207902188583375,0.20951063313887966,0.36235842236324217,0.439842432337593,0.6181353280158762,0.7804621573056514,,256.7281670271904
2023-04-04,82.2,90.9,80.8,85.88,36598984.0,3127354049.57,17.2808,1.2736,79.77000000000001,72.539,63.926,60.09166666666667,53.13699999999999,47.95158333333334,,79.77000000000001,72.539,63.926,60.09166666666667,53.13699999999999,47.95158333333334,,72.2706094723022,64.5672281484821,100.0,91.29802095459837,81.67057902973396,7.703381323820096,5.373574798816662,4.659613050006868,7.703381323820096,4.877040507011732,5.652681633616728,85.55330087546527,63.926,42.298699124534735,82.82159748885131,79.53993446828267,89.38492352998861,83.55673762617837,80.40554088383314,89.85913111086884,7.851808036846088,177.7153147406123,-16.245954692556662,0.07659521123229265,0.1839148595927707,0.34342833901698827,0.42914990985993606,0.6161996349059978,0.7909731864954056,,113.49110775885632
2023-04-06,83.38,87.58,80.99,81.23,33733505.0,2835303090.85,15.9278,-5.4145,81.116,74.069,65.32950000000001,61.126999999999995,53.806666666666665,48.31183333333333,,81.116,74.069,65.32950000000001,61.126999999999995,53.806666666666665,48.31183333333333,,73.64897724579417,65.80150754489084,81.85719859539604,78.83070102521475,75.49728752260398,7.847469700903332,5.868353779233996,3.9582318433386714,7.847469700903332,5.334029613764287,5.026880174278091,87.64725830565159,65.32950000000001,43.01174169434843,77.90966785285357,78.99651226313964,75.73597903228145,78.39976127773829,79.73694768180152,75.72538846961183,7.622388393783163,135.8630274139438,-31.914191419141915,0.0014053947433305923,0.09668012258839732,0.2433892804934982,0.32887267492270206,0.509664229959113,0.6813686087949469,,57.31181663814965
2023-04-07,82.07,83.47,79.7,81.65,24152646.0,1974814997.75,11.4041,0.5171,82.146,75.614,66.7675,62.176,54.47633333333333,48.671,,82.146,75.614,66.7675,62.176,54.47633333333333,48.671,,74.8799038233643,66.975469948973,71.73252279635261,78.37531842626665,74.64446107784433,7.904433874391302,6.275569798265458,3.257728152251687,7.904433874391302,5.72947642309152,4.349914902599563,89.4142228952611,66.7675,44.12077710473889,75.0970943001422,77.69670627547383,69.89787034947895,75.42382325006535,78.29923953788948,69.6729906744171,6.921954140368041,107.84839386140499,-30.528052805280524,-0.006038029849292663,0.07982648715846273,0.22290036320065912,0.31320766855378285,0.49881599960839285,0.6775903515440408,,105.2924808359381
2023-04-10,80.5,81.63,73.62,74.8,36819589.0,2849644674.17,17.385,-8.3895,81.672,76.469,67.89000000000001,62.934999999999995,55.01683333333334,48.971,,81.672,76.469,67.89000000000001,62.934999999999995,55.01683333333334,48.971,,74.8676109274621,67.5550647675676,46.0093896713615,61.71730515191545,66.11858495266566,7.312546159894495,6.482965070591266,1.6591621786064579,7.312546159894495,5.9730256133689,2.6790410930511896,89.73928470465958,67.89000000000001,46.04071529534045,64.50134925173799,73.29825393422855,46.907539886756865,65.90411098959252,74.1675300217905,49.377272925196564,7.123417023937487,63.90082087301765,-53.135313531353155,-0.0841414438240768,-0.021825837921249095,0.10178229488879041,0.18852784619051408,0.35958388493218724,0.5274346041534786,,41.63457040978326
2023-04-11,75.61,77.02,71.95,76.0,28457504.0,2138543412.27,13.4367,1.6043,79.912,77.743,69.0125,63.785666666666664,55.58366666666667,49.279999999999994,,79.912,77.743,69.0125,63.785666666666664,55.58366666666667,49.279999999999994,,75.04182463092947,68.18061552552555,47.32020155748969,62.635379061371836,70.3671928620453,6.8612091054039155,6.558613877553796,0.6051904557002388,6.8612091054039155,6.1096692275281335,1.503079755751564,90.0515352740606,69.0125,47.973464725939415,57.87078797699509,68.15576528181741,37.300833367350464,59.7811444155969,69.3720681530593,40.599296940672104,6.7500684741306705,45.27970106605116,-52.464788732394375,-0.048953849234157645,-0.02242002495401509,0.10124977359174057,0.19149025120586136,0.3673081420801073,0.5422077922077924,,117.25191490988874
2023-04-12,75.39,84.5,73.78,82.69,39422530.0,3141038543.07,18.614,8.8026,79.274,79.522,70.39699999999999,64.81266666666667,56.25833333333333,49.630916666666664,,79.274,79.522,70.39699999999999,64.81266666666667,56.25833333333333,49.630916666666664,,76.21846699540185,69.255384745857,44.94973671613212,68.09775429326288,73.04510691431247,6.963082249544854,6.639507551952008,0.6471493951856928,6.963082249544854,6.2409635386076285,1.4442374218744511,91.1964525231595,70.39699999999999,49.59754747684049,57.58576092009096,64.63243049457526,43.492421771122366,63.01394757817984,67.25269462809948,54.53645347834055,7.471874206106912,76.0590962048536,-30.520446096654297,0.04309105129046089,0.03983803224264973,0.1746239186328964,0.2758308561083737,0.46982669234187524,0.6660985843837259,,232.48449635629603
2023-04-13,81.0,83.95,75.18,76.22,30601158.0,2421505705.86,14.4488,-7.8244,78.272,79.694,71.5265,65.57000000000001,56.83716666666667,49.934749999999994,,78.272,79.694,71.5265,65.57000000000001,56.83716666666667,49.934749999999994,,76.21870284226311,69.77128217208981,31.621004566210047,63.25153374233129,66.60025615483136,6.447420670173301,6.601090175596267,-0.30733901084593285,6.447420670173301,6.272726174233116,0.3493889918803692,90.89653358418978,71.5265,52.156466415810215,46.104294365575484,58.456385118242004,21.40011286024246,49.72308547096806,61.40949157572234,26.350273261459506,7.707897077723835,56.23994239871581,-76.8586387434555,-0.026216271463614146,-0.04359173839937767,0.06561903630123102,0.16242183925575707,0.3410239192077953,0.5263919414836363,,44.275097380117515
2023-04-14,78.12,78.45,73.1,77.04,25692358.0,1958140560.45,12.1311,1.0758,77.35,79.748,72.727,66.37033333333333,57.44266666666667,50.26175,,77.35,79.748,72.727,66.37033333333333,57.44266666666667,50.26175,,76.3450562511457,70.30970571489797,40.66815144766148,62.62479201331116,67.49822820694543,6.0353505362477335,6.487942247726561,-0.9051834229576556,6.0353505362477335,6.236206845312289,-0.4017126181291104,90.14837598046265,72.727,55.30562401953736,39.68958234749888,52.20078419466097,14.667178653174687,42.293575305252716,55.03751948556581,16.80568694462653,7.279188518137684,32.78602425141636,-72.56544502617798,-0.004007756948933266,-0.03395696443797962,0.059303972389896494,0.16075957631672794,0.3411633628893738,0.5327759180689094,,111.29439597997701
2023-04-17,76.5,81.5,75.2,80.13,23928710.0,1883998037.52,11.2983,4.0109,78.41600000000001,80.04400000000001,73.8585,67.19766666666666,58.10116666666667,50.59866666666666,,78.41600000000001,80.04400000000001,73.8585,67.19766666666666,58.10116666666667,50.59866666666666,,76.92735528943098,71.03713492120183,46.97452229299361,56.77171036805388,68.34621755935947,5.890220368229151,6.36839787182708,-0.9563550071958566,5.890220368229151,6.182978156530267,-0.5855155766022317,90.0089939145594,73.8585,57.708006085440616,40.84846386930882,48.41667741954359,25.712036768839283,42.584459174478056,50.886499381869896,25.980378759694375,7.101154242112649,51.758343733000544,-56.83377308707128,0.021857784125688434,0.001074409075008549,0.08491236621377347,0.19245211887317515,0.3791461445123016,0.5836385675511873,,148.1796914896605
2023-04-18,79.0,84.5,76.15,82.6,30598442.0,2491393152.52,14.4476,3.0825,79.736,79.824,74.9675,68.10466666666667,58.78433333333333,50.967416666666665,,79.736,79.824,74.9675,68.10466666666667,58.78433333333333,50.967416666666665,,77.80006986028775,71.89364344555725,68.80424300867888,57.254995242626066,68.7857337326436,5.906426414730504,6.276003580407766,-0.7391543313545235,5.906426414730504,6.140431734714919,-0.4680106399688295,90.25564866076641,74.9675,59.67935133923359,49.94504117198962,48.92613200369227,51.982859508584326,47.12314868448052,49.632049149406775,42.105347754628,7.328217107183075,68.26308680479568,-43.79947229551456,0.03591853115280413,0.03477650831830022,0.10181078467335836,0.21283906144463893,0.4051362891473352,0.6206432541051553,,135.47184508212644
2023-04-19,82.0,99.0,82.0,90.55,47687417.0,4295783186.99,22.5164,9.6247,81.308,80.291,76.415,69.38100000000001,59.59683333333334,51.39866666666667,,81.308,80.291,76.415,69.38100000000001,59.59683333333334,51.39866666666667,,79.76159757408963,73.27559578292338,76.46416878865041,63.564476885644766,73.06346826586706,6.4860017911662595,6.318003222559465,0.3359971372135888,6.4860017911662595,6.193596358784355,0.5848108647638082,91.85537564309917,76.415,60.97462435690084,56.21721167473368,51.35649189403941,65.93865123612224,54.33595001639428,51.20001610506928,60.60781783904426,9.086723087695244,159.8313197917127,-31.2384473197782,0.11366655187681396,0.12777272670660472,0.18497677157626108,0.30511235064354764,0.519376029487025,0.7617188513320706,,250.65944474600647
2023-04-20,93.8,98.5,91.48,97.3,38232090.0,3637961448.19,18.0519,7.4544,85.524,81.898,77.9835,70.85233333333333,60.51866666666667,51.885416666666664,,85.524,81.898,77.9835,70.85233333333333,60.51866666666667,51.885416666666664,,82.45981333192199,75.0551812804846,76.51542649727767,62.902559867877784,75.68163360018563,7.404632051437389,6.53532898833505,1.7386061262046777,7.404632051437389,6.379909542269438,2.049445018335902,95.20936094403321,77.9835,60.757639055966806,68.7165884362673,57.14319074144871,91.86338382590448,67.46241399737437,56.62081540250431,89.14561118711448,8.880046162659745,194.29429429429428,-6.2846580406654455,0.13769234366961317,0.18806320056655842,0.2476998339392306,0.37327869700833183,0.6077684020357355,0.8752860871310982,,205.2314228999133
2023-04-21,95.15,95.15,88.18,91.39,30396102.0,2793013279.8,14.352,-6.074,88.39399999999999,82.872,79.243,72.13566666666667,61.293499999999995,52.314166666666665,,88.39399999999999,82.872,79.243,72.13566666666667,61.293499999999995,52.314166666666665,,83.83368820393399,76.26516785230056,78.1030011115228,55.171766472686315,69.3369850507817,7.568520351633424,6.741967260994725,1.6531061812773977,7.568520351633424,6.562772743710051,2.0114952158467467,96.52472396371107,79.243,61.96127603628892,69.76669666545979,61.35102604945241,86.59803789747455,68.9305803728645,60.72407039262438,85.34360033334475,8.923674133085244,134.5062088212956,-28.133086876155268,0.03389370319252449,0.10278501785886669,0.15328798758249948,0.2669183529183437,0.49102270224412065,0.7469455373783392,,53.43900590133016
2023-04-24,91.39,91.74,84.57,89.27,26143439.0,2309277255.26,12.344,-2.3197,90.222,84.319,80.39399999999999,73.36633333333334,62.03166666666666,52.72975,,90.222,84.319,80.39399999999999,73.36633333333334,62.03166666666666,52.72975,,84.67004386486722,77.22848875213015,71.61541180629196,57.92274339771382,66.61292180122078,7.441555112737078,6.881884831343196,1.1193405627877624,7.441555112737078,6.6979700312526695,1.487170162968816,97.08848115553887,80.39399999999999,63.69951884446111,67.32194192111734,63.34133134000739,75.28316308333724,67.29691186903227,62.91501755142701,76.06070050424279,8.604824290706109,92.74061176555936,-35.97042513863219,-0.01055175012746335,0.0587174895337942,0.11040624922257887,0.216770635032417,0.4391036836024612,0.6929721836344757,,79.08034848713346
2023-04-25,89.0,102.0,86.71,98.75,38669637.0,3722020982.25,18.2585,10.6195,93.452,86.59400000000001,82.1685,74.873,62.94083333333333,53.22808333333333,,93.452,86.59400000000001,82.1685,74.873,62.94083333333333,53.22808333333333,,86.83619096257996,78.82267477049088,76.84544405997693,64.29765886287625,69.52591191001787,8.013516192089085,7.1082111034923745,1.8106101771934213,8.013516192089085,6.900361748304427,2.226308887569317,98.73888483814488,82.1685,65.5981151618551,74.46606970058343,67.0495774601994,89.2990541813515,74.44938299919338,66.75980603401581,89.8285369295485,9.820310783304999,154.67177384764236,-11.245674740484427,0.05669220562427772,0.1403792410559622,0.20179874282723922,0.31890000400678475,0.5689337870222034,0.8552236679572345,,274.35677882854367
2023-04-26,97.0,101.29,88.7,92.49,34412708.0,3237544594.52,16.2485,-6.3392,93.84,87.574,83.54799999999999,76.12266666666666,63.765499999999996,53.6265,,93.84,87.574,83.54799999999999,76.12266666666666,63.765499999999996,53.6265,,87.70600773756766,79.83506923193599,62.85417208214192,64.93835500760007,63.682258396867915,7.8709385056316705,7.260756583920234,1.2203638434228736,7.8709385056316705,7.0496812494316945,1.642514512399952,98.5884067694157,83.54799999999999,68.50759323058428,72.00852166890107,68.70255886309997,78.62044728050327,71.99739720130769,68.50566975644645,78.98085209103016,10.323890640885907,121.41304546367854,-32.906574394463675,-0.01438618925831211,0.05613538264781781,0.10702829511179213,0.21501261122398937,0.45047086590711277,0.7247070012027634,,51.94894731104698
2023-04-27,90.08,95.0,84.35,87.3,30543673.0,2699243787.74,14.4217,-5.6114,91.84,88.68199999999999,84.188,77.24499999999999,64.4905,53.97841666666667,,91.84,88.68199999999999,84.188,77.24499999999999,64.4905,53.97841666666667,,87.6435450087111,80.3880270666074,45.44945393447214,58.93987341772152,60.34516571876838,7.255517942103694,7.259708855556926,-0.008381826906463274,7.255517942103694,7.081348432919695,0.34833901836799797,98.68689229888786,84.188,69.68910770111215,63.05543235638181,66.82018336086058,55.525930347424264,64.37658083316707,67.12930678202,58.87112893546123,10.383183251633923,55.39003451764559,-50.86505190311419,-0.04943379790940773,-0.015583771227531979,0.03696488810756871,0.13017023755582896,0.3536877524596646,0.6173130927330521,,56.12994835076164
2023-04-28,87.01,95.0,86.5,94.15,27101882.0,2487725121.06,12.7966,7.8465,92.392,90.393,85.0705,78.61566666666667,65.29666666666667,54.39149999999999,,92.392,90.393,85.0705,78.61566666666667,65.29666666666667,54.39149999999999,,88.644538084294,81.40743246908093,45.60178721027647,59.043560606060616,62.82404853833425,7.237105615213068,7.255188207488154,-0.036165184550172924,7.237105615213068,7.1053110763494445,0.2635890777272465,99.74661661671374,85.0705,70.39438338328625,65.24778662572456,66.29605111581525,63.15125764554318,66.48737229673824,66.91532862025942,65.6314596496959,10.04078629679139,78.87675405021812,-29.291044776119385,0.01902762143908574,0.0415629528835198,0.10672912466718792,0.1975984430584235,0.44188064730205734,0.7309689933169707,,212.84370320046415
2023-05-04,92.66,94.97,88.91,92.15,17355077.0,1588386780.04,8.1945,-2.1243,92.968,91.595,85.8195,79.77066666666668,66.03783333333334,54.78516666666667,,92.968,91.595,85.8195,79.77066666666668,66.03783333333334,54.78516666666667,,89.18383991747953,82.20317821211198,51.191222570532936,63.52521650534896,63.40105761202338,6.980661705367552,7.200282907064034,-0.4392424033929636,6.980661705367552,7.086134250044538,-0.21094508935397194,100.32595079738168,85.8195,71.31304920261833,60.41519108381638,64.3357644384823,52.574044374484544,64.95676528357663,66.2624741746985,62.345347501332895,9.317006970102046,72.30970403521376,-38.1044487427466,-0.00879872644350742,0.0060592827119384995,0.07376528644422305,0.15518653473290078,0.3954122258200476,0.6820246356221727,,80.67707645413327
2023-05-05,92.08,98.99,89.3,92.24,23336494.0,2199261280.13,11.0187,0.0977,91.66600000000001,92.559,86.1915,80.83133333333333,66.75683333333333,55.184333333333335,,91.66600000000001,92.559,86.1915,80.83133333333333,66.75683333333333,55.184333333333335,,89.65401839171345,82.94664649269627,54.97154335453632,63.067400275103154,62.86709337349397,6.707371899017176,7.101700705454663,-0.7886576128749745,6.707371899017176,7.027863119117252,-0.6409824402001529,100.9669565696671,86.1915,71.4160434303329,55.17764391423453,61.28305759706638,42.96681654857083,60.37117685571775,64.29870840170491,52.51611376374342,9.384823884628945,79.9283154121864,-48.800000000000026,0.006261863722645079,-0.0034464503721950606,0.07017513327880348,0.14114163649409875,0.38173120854044895,0.6714888887546585,,100.98097213984963
2023-05-08,91.8,94.2,85.84,88.66,17965549.0,1611961200.0,8.4827,-3.8812,90.9,92.37,86.3305,81.73333333333333,67.40683333333332,55.559916666666666,,90.9,92.37,86.3305,81.73333333333333,67.40683333333332,55.559916666666666,,89.501092485296,83.36985786360765,28.95285773884021,57.27195225916454,57.06445819197765,6.13123462168835,6.907607488701401,-1.552745734026102,6.13123462168835,6.8899202733589595,-1.5173713033412195,101.14586965096552,86.3305,71.51513034903448,44.92485042818658,55.83032187410645,23.113907536346844,48.387205722508725,58.99487417530619,27.1718688169138,9.198492269241864,35.11798666576613,-75.58073654390934,-0.02464246424642474,-0.04016455559164239,0.026983511041868122,0.0847471451876019,0.31529691599021875,0.5957547332534395,,67.31073405499195
2023-05-09,88.67,93.0,85.88,88.9,17379548.0,1560431220.81,8.206,0.2707,91.22,91.53,86.714,82.499,68.10133333333333,55.90883333333333,,91.22,91.53,86.714,82.499,68.10133333333333,55.90883333333333,,89.40861671832738,83.77949802185893,40.000000000000036,55.58312655086849,56.29697339020922,5.629118696468453,6.651909730254812,-2.0455820675727185,5.629118696468453,6.69595079999119,-2.1336642070454737,101.36968242588637,86.714,72.05831757411363,38.54291256118957,50.06785210313416,15.493033477300386,40.851149424071,52.946965924894464,16.659516422424062,8.820584583925163,29.053541926447533,-74.22096317280447,-0.02543301907476423,-0.028733748497760246,0.025209308762137683,0.07758881925841539,0.30540762784869624,0.5900886264245665,,102.74018421077464
2023-05-10,87.28,89.86,76.8,77.49,33203166.0,2692848159.86,15.6774,-12.8346,87.888,90.14000000000001,86.506,82.87533333333334,68.501,56.14300000000001,,87.888,90.14000000000001,86.506,82.87533333333334,68.501,56.14300000000001,,87.57498337704624,83.313609279499,29.706247414149786,39.094856379425515,50.14652014652013,4.2613740975472325,6.1738026037132965,-3.824857012332128,4.2613740975472325,6.321400538076735,-4.120052881059005,101.57650573663366,86.506,71.43549426336634,26.607973453491457,42.247892553253266,-4.671864746032156,28.146798028745746,44.68024329284489,-4.920092499452551,9.59138738684786,-53.25337571714396,-97.26190476190477,-0.11830966684871666,-0.14033725316174858,-0.10422398446350549,-0.06498113632524373,0.13122436168815038,0.38022549560942565,,25.318559871566666
2023-05-11,77.77,78.95,75.5,75.95,17526488.0,1347356317.01,8.2754,-1.9874,84.648,88.80799999999999,86.5635,83.19866666666667,68.92366666666666,56.3905,,84.648,88.80799999999999,86.5635,83.19866666666667,68.92366666666666,56.3905,,85.7865243959622,82.76815674027685,1.7497348886532222,30.473751600512173,45.70846668606343,3.0183676556853527,5.542715614107708,-5.048695916844711,3.0183676556853527,5.813241633093446,-5.589747954816186,101.4536469011174,86.5635,71.67335309888261,18.320269752243632,34.27201828625006,-13.583227315769221,19.330569755012895,36.23035211356756,-14.468994962096438,8.474771498330066,-101.3514220812528,-98.30188679245282,-0.10275493809658814,-0.14478425367084036,-0.12260941389846762,-0.08712479366656514,0.10194369616629036,0.3468580700649932,,81.81278429706646
2023-05-12,75.95,78.18,74.42,74.42,13121997.0,1000634745.42,6.1958,-2.0145,81.08399999999999,86.375,86.4845,83.57066666666667,69.28866666666666,56.62233333333334,,81.08399999999999,86.375,86.4845,83.57066666666667,69.28866666666666,56.62233333333334,,84.03782833504494,82.14977475951561,1.7944535073409327,33.1278584211573,44.46697566628042,1.8880535755293266,4.811783206392032,-5.84745926172541,1.8880535755293266,5.2093665473143504,-6.642625943570048,101.62528142320522,86.4845,71.34371857679477,12.213513168162423,26.919183246887517,-17.197826989287762,12.887046503341931,28.449250243492354,-18.237360976958918,7.617540316815509,-114.23850362784542,-100.0,-0.08218637462384673,-0.13840810419681618,-0.1394989853673201,-0.10949615495070039,0.07405732539232023,0.3143223816279795,,81.58660750238772
2023-05-15,75.0,76.98,72.5,76.5,15471458.0,1159290500.7,7.3051,2.7949,78.652,84.776,86.175,83.95733333333334,69.6775,56.87983333333333,,78.652,84.776,86.175,83.95733333333334,69.6775,56.87983333333333,,82.87816243734572,81.73127292547743,11.383709519136431,37.29353233830847,47.65818397861174,1.1468895118682951,4.078804467487284,-5.863829911237978,1.1468895118682951,4.58437008032265,-6.874961136908709,101.88474689065468,86.175,70.46525310934531,13.175688028806409,22.338018174193817,-5.148972261968403,13.624710252259415,23.507736913081374,-6.141343069384504,7.047078441030871,-110.0448307196052,-84.89996224990563,-0.027361033413009217,-0.09762196848164571,-0.11227154046997385,-0.08882289416846657,0.09791539593125478,0.3449406497323305,,131.74001079157236
2023-05-16,76.0,77.39,74.08,74.17,14143355.0,1065248198.28,6.678,-3.0458,75.706,83.463,86.0725,83.94633333333334,69.97683333333333,57.10158333333334,,75.706,83.463,86.0725,83.94633333333334,69.97683333333333,57.10158333333334,,81.53844513929253,81.17117863470132,12.127548353371694,21.484918793503482,46.36540330417881,0.367266504591214,3.336496874908071,-5.9384607406337135,0.367266504591214,3.935584914825506,-7.136636820468584,102.07966665155142,86.0725,70.06533334844859,10.885213939425743,18.52041676260446,-4.3851917069316855,11.184562088394415,19.400011971519056,-5.246337677854868,6.367609633570713,-106.43804646677883,-93.6957342393356,-0.020289012759886947,-0.11134275067994193,-0.1382845856690581,-0.11645932520380091,0.059922212351230575,0.29891319417587653,,73.3953318737593
2023-05-17,73.88,78.39,73.68,76.83,15484682.0,1187395278.23,7.3113,3.5864,75.574,81.73100000000001,86.062,83.95733333333334,70.39899999999999,57.360416666666666,,75.574,81.73100000000001,86.062,83.95733333333334,70.39899999999999,57.360416666666666,,80.81406896401677,80.84960984694567,21.995359628770288,30.177215189873422,51.02826461351434,-0.03554088292889901,2.662089323340677,-5.395260412539152,-0.03554088292889901,3.3246424844017515,-6.720366734661301,102.09436936227563,86.062,70.02963063772437,12.705406247776216,16.58207992432838,4.952058894671886,12.904971680421998,17.234998541153374,4.244917958959249,6.066226063830582,-95.95589074416425,-83.65420913552283,0.016619472305290182,-0.05996500715762697,-0.10727150194046152,-0.08489232626095802,0.09135072941377026,0.33942541677260013,,142.2412439700911
2023-05-18,78.0,83.41,77.83,81.33,21377588.0,1729219271.75,10.0938,5.8571,76.65,80.649,86.122,84.096,70.94733333333333,57.64741666666667,,76.65,80.649,86.122,84.096,70.94733333333333,57.64741666666667,,80.89344296955264,80.88519430272747,63.114754098360685,42.30868332903891,52.61248897166944,0.008248666825167561,2.131321192037575,-4.246145050424815,0.008248666825167561,2.8144280509284307,-5.612358768206526,102.06965331689283,86.122,70.17434668310717,22.03401891172792,18.39939292012823,29.30327089492731,19.714425564725776,18.061474215677507,23.020328262822318,6.159639506770476,-53.21579825355611,-66.66666666666666,0.06105675146771027,0.00844399806569204,-0.0556419962378951,-0.03289098173515988,0.1463432969056859,0.41081777298491245,,176.68488213358836
2023-05-19,82.19,87.68,80.9,80.9,19324060.0,1632959302.75,9.1242,-0.5287,77.946,79.51500000000001,86.037,83.966,71.43066666666667,57.940333333333335,,77.946,79.51500000000001,86.037,83.966,71.43066666666667,57.940333333333335,,80.89445174346761,80.88629102104395,68.2926829268293,29.54615622105588,49.06527415143604,0.008160722423667721,1.7066890981147937,-3.397056751382252,0.008160722423667721,2.3826946157738518,-4.749067786700368,102.08152108484758,86.037,69.99247891515243,28.347882526517807,21.71555612225809,41.612535335037244,26.04617618293547,20.72304153809683,36.69244547261275,6.272432323721299,-31.925858340091693,-61.29032258064514,0.03789803197085172,0.017418097214361952,-0.05970687029998722,-0.03651477979182036,0.13256677804117753,0.39626397270755553,,94.83693137326962
2023-05-22,79.82,83.26,76.64,78.01,14697707.0,1160538109.84,6.9398,-3.5723,78.248,78.45,85.41,83.70366666666665,71.89766666666667,58.20925,,78.248,78.45,85.41,83.70366666666665,71.89766666666667,58.20925,,80.45068993678028,80.67323242689255,62.05507051712561,28.7560096153846,50.97103178908539,-0.222542490112275,1.32084278046938,-3.08677054116331,-0.222542490112275,1.981888907175986,-4.408862794576522,101.69030518270829,85.41,69.1296948172917,29.47846546314706,24.303192569221082,39.82901125099902,26.32346704878626,22.58985004165997,33.79070106303884,6.335626446681063,-63.449325940127494,-73.12195121951217,-0.003041611287189443,-0.005608667941363897,-0.08664090855871669,-0.06802171151403139,0.08501434909802366,0.340165008138741,,69.5052424975847
2023-05-23,77.49,78.35,76.31,77.27,7675101.0,592970914.07,3.6239,-0.9486,78.86800000000001,77.287,84.40849999999999,83.57166666666666,72.34933333333333,58.473749999999995,,78.86800000000001,77.287,84.40849999999999,83.57166666666666,72.34933333333333,58.473749999999995,,79.96135302342947,80.42114113601163,52.84132841328412,27.939876215738295,50.12487783689867,-0.4597881125821601,0.964716601859072,-2.8490094288824643,-0.4597881125821601,1.6062462887516558,-4.132068802667632,100.0613595336111,84.40849999999999,68.75564046638888,30.126618609159948,26.244334582534037,37.89118666241177,26.707964207639375,23.96255476365311,32.1987830956119,5.554603456375413,-74.86055776892424,-72.5230414746544,-0.020261703098848872,-0.00021995937221020503,-0.08457086667811885,-0.07540434357736868,0.06801260550661599,0.32144765813719833,,90.90888756904837
2023-05-24,76.48,79.66,74.68,76.83,13934561.0,1077687090.19,6.5794,-0.5694,78.86800000000001,77.22099999999999,83.68050000000001,83.41100000000002,72.7935,58.750666666666675,,78.86800000000001,77.22099999999999,83.68050000000001,83.41100000000002,72.7935,58.750666666666675,,79.47960640444032,80.15513068149225,61.406518010291585,30.789217278337134,48.1551878354204,-0.6755242770519345,0.6366684260768707,-2.6243854062576104,-0.6755242770519345,1.255204663243411,-3.861457880590691,99.32052756088606,83.68050000000001,68.04047243911396,29.592537131622656,27.360402098896913,34.056807197074136,27.31343419727561,25.07951457486061,31.7812734421056,5.4501301006707905,-70.38027933281873,-71.47562582345194,-0.02584064512856939,-0.00506338949249545,-0.08186495061573497,-0.07889846662910187,0.05545137958746322,0.30772984136350207,,94.44940131934078
2023-05-25,81.2,83.45,76.8,81.0,19036963.0,1524164317.04,8.9886,5.4276,78.80199999999999,77.726,83.26700000000001,83.61766666666668,73.27633333333333,59.05916666666667,,78.80199999999999,77.726,83.26700000000001,83.61766666666668,73.27633333333333,59.05916666666667,,79.7135131114495,80.21771359397431,65.83143507972665,38.62327188940092,49.122229536976086,-0.5042004825248085,0.4084946443565348,-1.8253902537626867,-0.5042004825248085,0.9845269485098389,-2.977454862069295,98.72099025290409,83.26700000000001,67.81300974709593,38.393268057006225,31.038024084933355,53.103756001151964,36.87386610077486,29.010965083498697,52.59966813532719,5.668288264185192,-33.34554036458341,-44.00527009222664,0.027892693078855963,0.04212232714921649,-0.027225671634621276,-0.03130518670296961,0.10540465543672592,0.3715059756458918,,169.64530969815368
2023-05-26,80.38,87.9,79.9,86.51,25016389.0,2130863972.91,11.8119,6.8025,79.924,78.93499999999999,82.655,83.968,73.87683333333334,59.41791666666666,,79.924,78.93499999999999,82.655,83.968,73.87683333333334,59.41791666666666,,80.7591264789188,80.68380888330954,68.2651622002821,65.64885496183209,47.72266065388952,0.07531759560926332,0.34185923460708056,-0.5330832779956345,0.07531759560926332,0.844648586525135,-1.5386619818317433,96.40253949277015,82.655,68.90746050722986,55.67052375858549,39.248857309484066,88.51385665678833,54.9072527251919,37.643060964063096,89.43563624744951,6.092235852515158,18.41737308710203,-9.025974025974026,0.08240328311896299,0.09596503452207536,0.046639646724336146,0.030273437500000017,0.17100308847383372,0.45595814954804614,,193.11363174846247
2023-05-29,88.81,89.39,84.7,86.37,17146636.0,1492227525.94,8.0961,-0.1618,81.596,79.922,82.349,84.09066666666666,74.45166666666667,59.78841666666666,,81.596,79.922,82.349,84.09066666666666,74.45166666666667,59.78841666666666,,81.62233778985437,81.10500822528661,69.6904247660187,69.00072939460247,43.34267267633086,0.5173295645677598,0.3769533005992164,0.2807525279370868,0.5173295645677598,0.794291813916308,-0.5539244986970964,95.43114355524398,82.349,69.26685644475603,64.03920764894455,47.51230742263756,97.09300810155852,63.53036029334882,46.27216074049167,98.04675939906312,5.837283879330583,49.12937022945206,-19.223424570337347,0.05850776998872494,0.08067866169515286,0.048828765376628745,0.027105663728039665,0.16008148463208796,0.4445942009391453,,98.39342443592852
2023-05-30,85.01,92.0,84.64,90.92,18753685.0,1665698601.79,8.8549,5.268,84.32600000000001,81.59700000000001,82.53,84.58066666666667,75.07533333333335,60.19508333333333,,84.32600000000001,81.59700000000001,82.53,84.58066666666667,75.07533333333335,60.19508333333333,,83.05274736064601,81.83204465304316,91.51125401929256,77.10249671484888,49.70890623064536,1.2207027076028538,0.5457031819999439,1.3499990512058198,1.2207027076028538,0.8598934898680843,0.721618435469539,95.99513001481237,82.53,69.06486998518763,73.9476164926759,56.32407711265034,109.19469525272703,73.72184136004914,55.42205428034416,110.32141551945908,6.1141413558159305,77.4557351109927,-5.895196506550211,0.07819652301781174,0.11425665159258297,0.1016600024233612,0.07495014621150611,0.21105023398719489,0.5104223628452491,,167.09562325852409
2023-05-31,89.95,93.52,89.3,92.73,14677356.0,1346237817.03,6.9302,1.9908,87.506,83.187,82.459,85.10366666666667,75.737,60.622499999999995,,87.506,83.187,82.459,85.10366666666667,75.737,60.622499999999995,,84.54155545900815,82.63930060466959,96.51022864019255,76.89758037785882,52.15120616762,1.9022548543385653,0.8170135164676682,2.1704826757417943,1.9022548543385653,1.0202567767096968,1.763996155257737,95.67888916268575,82.459,69.23911083731426,81.23400901351785,64.62738774627284,114.44725154800787,81.08349225843334,63.975866939707224,115.29874289588555,5.769752018394852,109.76382848998026,-4.193205944798262,0.05969876351335913,0.11471744383136796,0.12455887168168424,0.08961227679183428,0.2243685384950554,0.5296300878386739,,121.78907368912088
2023-06-01,90.88,94.88,86.12,87.3,22750606.0,2045455741.92,10.7421,-5.8557,88.76599999999999,83.784,82.2165,85.34266666666667,76.27016666666667,60.994083333333336,,88.76599999999999,83.784,82.2165,85.34266666666667,76.27016666666667,60.994083333333336,,84.96593154223767,82.98453759691628,74.22489588153631,69.73249173429515,42.50360089040199,1.9813939453213862,1.0498896022384119,1.8630086861659487,1.9813939453213862,1.1681240334191876,1.6265398238043973,94.8529523252546,82.2165,69.58004767474539,74.98108851726272,68.07862133660281,88.78602287858254,74.88074401387306,67.61082596442917,89.42058011276083,6.313433469595786,84.21896807363173,-37.52475247524754,-0.01651533244710806,0.04196505299341152,0.061830654430679984,0.022934991485306182,0.14461530393054509,0.43128636794005965,,54.69401925910462
2023-06-02,88.0,88.88,82.21,83.2,26392267.0,2225381759.2,12.4615,-4.6964,88.104,84.01400000000001,81.7645,85.36266666666667,76.73366666666666,61.327,,88.104,84.01400000000001,81.7645,85.36266666666667,76.73366666666666,61.327,,84.69424976650879,83.0004977749225,55.10677808727949,59.17602996254682,43.74073574989894,1.6937519915862964,1.1786620801079888,1.0301798229566153,1.6937519915862964,1.2489898731372042,0.8895242368981844,93.50637553385927,81.7645,70.02262446614073,64.04679828543587,66.73468031954717,58.671034217213275,63.97990194984277,66.40051795956704,59.13866993039423,6.378263747851097,34.70550404935478,-57.821782178217816,-0.055661490965222875,-0.009688861380246234,0.01755651902720624,-0.025335041079628876,0.08426983375398028,0.3566618292106251,,61.8145662051947
2023-06-05,83.11,84.45,82.28,83.5,14131072.0,1175834142.31,6.6722,0.3606,87.53,84.563,81.5065,85.12766666666667,77.25433333333332,61.659083333333335,,87.53,84.563,81.5065,85.12766666666667,77.25433333333332,61.659083333333335,,84.51051903319976,83.03749793974306,40.78383343539496,53.55621107833497,47.25908828620889,1.473021093456694,1.23753388277773,0.4709744213579281,1.473021093456694,1.283456214724818,0.379129757463752,92.82972303940055,81.5065,70.18327696059946,57.252320969168466,63.573893869420935,44.609175168663526,57.2077234121064,63.336253110413494,44.95066401549221,5.613124884605442,21.947591929391983,-56.33663366336634,-0.04604135724894323,-0.012570509560919105,0.024458172047628072,-0.019120301664558758,0.08084551891371806,0.35422058658564765,,103.66484243689685
2023-06-06,82.62,83.58,78.06,79.39,16492708.0,1333447693.94,7.7873,-4.9222,85.224,84.775,81.03099999999999,84.53066666666665,77.69149999999999,61.94508333333333,,85.224,84.775,81.03099999999999,84.53066666666665,77.69149999999999,61.94508333333333,,83.72274687424594,82.7673129071695,32.807881773399004,47.79175197426147,38.91559026734754,0.9554339670764449,1.181113899637473,-0.4513598651220563,0.9554339670764449,1.2329912535481453,-0.5551145729434008,91.83369732398789,81.03099999999999,70.22830267601209,42.94328772575834,56.697025154866736,15.435812867541529,45.91075950246037,57.52775524109579,22.676768025189546,5.596193087404452,-18.018378586065833,-76.6831683168317,-0.06845489533464755,-0.06352108522559723,-0.02025150868186239,-0.06081422126880952,0.021862108467464395,0.281619068502881,,60.36612026441882
2023-06-07,79.32,81.01,77.17,79.88,12355407.0,981934030.2,5.8338,0.6172,82.654,85.08000000000001,81.1505,84.14699999999999,78.14133333333334,62.234083333333324,,82.654,85.08000000000001,81.1505,84.14699999999999,78.14133333333334,62.234083333333324,,83.13155504743888,82.55343787700879,16.00985221674874,52.94117647058822,40.57169202397417,0.5781171704300903,1.0605145537959966,-0.9647947667318126,0.5781171704300903,1.132241394606906,-1.1082484483536317,91.84055730869431,81.1505,70.46044269130567,33.729554888883115,49.0412017328722,3.106261200904939,36.285639078336416,50.44704985350934,7.962817527990566,5.276885253330916,-31.625891146634775,-82.96460176991151,-0.03356159411522735,-0.061118946873530984,-0.01565609577266928,-0.05070887851022611,0.022250281541139047,0.2835410392751026,,106.34633869284545
2023-06-08,78.5,78.65,75.6,77.25,14833434.0,1145108065.15,7.0038,-3.2924,80.644,84.70500000000001,81.21549999999999,83.74633333333333,78.55633333333334,62.500499999999995,,80.644,84.70500000000001,81.21549999999999,83.74633333333333,78.55633333333334,62.500499999999995,,82.22670042475598,82.16059062686,4.630715123094916,49.97030878859859,38.91436178080166,0.06610979789597593,0.8616336026159924,-1.591047609440033,0.06610979789597593,0.9682211489590706,-1.8042227021261894,91.78757339122674,81.21549999999999,70.64342660877324,25.339067021357774,41.1404901623674,-6.2637792606614795,27.043123147659973,42.64574095155956,-4.162112460139198,5.095633389088931,-66.48072862500383,-91.44190871369292,-0.042086206041367064,-0.08801133345139026,-0.04882688649334169,-0.07757155537157837,-0.01662925543877228,0.23599011207910345,,71.54912368157544
2023-06-09,77.47,78.43,73.06,77.81,21291540.0,1612836716.77,10.0531,0.7249,79.566,83.835,81.385,83.04833333333333,78.96066666666665,62.76766666666666,,79.566,83.835,81.385,83.04833333333333,78.96066666666665,62.76766666666666,,81.5472080517166,81.8383246545,11.07465135356847,51.44970414201184,41.60086700727668,-0.29111660278340423,0.6310835615361131,-1.8444003286390347,-0.29111660278340423,0.7744768794602284,-2.131186964487265,91.60104001970538,81.385,71.16895998029463,24.149051097037173,35.47667714059066,1.4937990099301999,25.285088514571974,36.858856805897034,2.1375519319218483,5.145518227436399,-79.20409696431014,-78.23098075160402,-0.022069728275896743,-0.07186735850181895,-0.04392701357744059,-0.06307571895883919,-0.014572656428094816,0.23965098803524118,,107.49029930771457
2023-06-12,77.79,81.1,77.75,78.39,18523219.0,1472847160.82,8.746,0.7454,78.54400000000001,83.037,81.4795,82.57833333333335,79.3505,63.035833333333336,,78.54400000000001,83.037,81.4795,82.57833333333335,79.3505,63.035833333333336,,81.06148373606788,81.58289319861112,22.26066897347168,45.68023833167825,41.90666872016017,-0.5214094625432324,0.40058495672024397,-1.8439888385269527,-0.5214094625432324,0.5751097499212344,-2.1930384249289334,91.53904582002957,81.4795,71.41995417997043,24.241744422161663,31.731699567780996,9.261834130922999,24.999102700518197,32.90560543743742,9.186097226679749,4.819060367902507,-41.66529501486875,-75.57286892758937,-0.0019606844571197104,-0.05596300444380222,-0.037917512994066004,-0.050719518840696864,-0.012104523600985453,0.2435783879539415,,107.7091233888576
2023-06-13,78.82,82.32,73.89,80.78,27289325.0,2139524403.35,12.8851,3.0489,78.822,82.023,81.81,82.361,79.80299999999998,63.33491666666667,,78.822,82.023,81.81,82.361,79.80299999999998,63.33491666666667,,81.0181785459036,81.52341962834362,37.36059479553903,39.42414174972313,52.94222858164909,-0.5052410824400226,0.21941974888819066,-1.4493216626564265,-0.5052410824400226,0.4089019295579641,-1.8282860239959735,91.27516716564983,81.81,72.34483283435017,27.95462460408089,30.472674579880962,22.918524652480748,28.45953012298525,31.423580332620034,22.531429703715673,5.475594846465686,-47.941887239815024,-64.61961503208066,0.024840780492755808,-0.015154285992953136,-0.01259014790367927,-0.019195978679229283,0.01224264751951704,0.27544179816557207,,135.03049007357265
2023-06-14,79.71,82.64,78.01,81.48,22066544.0,1769091881.09,10.4191,0.8666,79.142,80.898,82.0425,81.93866666666666,80.27716666666667,63.64216666666666,,79.142,80.898,82.0425,81.93866666666666,80.27716666666667,63.64216666666666,,81.08922800037996,81.52020335957744,64.21768707482997,41.15732368896926,55.02088251316506,-0.4309753591974754,0.08934072727105744,-1.0406321729370658,-0.4309753591974754,0.2796900389802042,-1.4213307963553592,91.21657072592217,82.0425,72.86842927407784,36.37767219707375,32.44100711894522,44.251002353330804,31.83583706946344,31.56099924490117,32.38551271858799,5.32185032892647,-23.47863462158397,-61.41154903758018,0.02954183619317187,0.007194244604316644,-0.006856202577932169,-0.005597682819669901,0.014983505064744404,0.2802832503607411,,109.01134923397204
2023-06-15,81.38,81.99,75.58,75.78,21340775.0,1672718317.92,10.0764,-6.9499,78.848,79.74600000000001,81.765,81.393,80.58183333333334,63.905,,78.848,79.74600000000001,81.765,81.393,80.58183333333334,63.905,,80.27242369262919,81.09500311071984,33.67834394904462,23.71527777777777,51.14787305874409,-0.8225794180906547,-0.09304330180128502,-1.4590722325787393,-0.8225794180906547,0.11011012250776436,-1.865379081196838,91.35609345613011,81.765,72.17390654386989,32.21198046969096,32.36466490252714,31.906611604018593,26.95503339397015,30.02567729459083,20.813745592728786,5.519695723667111,-70.80198328768077,-82.80657395701644,-0.03891030844155841,-0.049732901963734956,-0.07319757842597688,-0.06896170432346761,-0.0595895270025709,0.18582270557859323,,48.421228760085924
2023-06-16,74.98,77.52,72.01,77.08,21496221.0,1620970499.06,10.1498,1.7155,78.702,79.13399999999999,81.574,80.88766666666668,80.8595,64.18808333333334,,78.702,79.13399999999999,81.574,80.88766666666668,80.8595,64.18808333333334,,79.78128158607085,80.79759547288874,49.24309884238646,22.34004948745138,50.4960656859391,-1.0163138868178976,-0.2776974188046075,-1.4772329360265801,-1.0163138868178976,-0.06318587892695288,-1.9062560157818895,91.38719712910874,81.574,71.76080287089125,36.08139521949434,33.60357500818287,41.037035642117274,31.555231265862187,30.535528618347954,33.59463656089065,5.517932864818543,-99.58113824948407,-59.244372990353746,-0.020609387309089983,-0.025955973412186775,-0.05509108294309461,-0.04707351347341799,-0.04674157025457737,0.2008459514162155,,118.54167251464895
2023-06-19,76.95,80.84,75.28,80.01,24179651.0,1916087808.45,11.4168,3.8012,79.026,78.785,81.674,80.59933333333333,81.16633333333334,64.50616666666666,,79.026,78.785,81.674,80.59933333333333,81.16633333333334,64.50616666666666,,79.81646903436763,80.73925506748958,58.08823529411765,35.8666149670415,54.944124619031506,-0.9227860331219517,-0.4067151416680764,-1.0321417829077508,-0.9227860331219517,-0.19543205649541426,-1.454707953253075,91.37439044249527,81.674,71.97360955750474,49.140497408794296,38.78254914172001,69.85639394294287,44.084933779661526,35.05199700545248,62.15080732807962,5.525581434851536,-45.73174539081778,-30.855661192739802,0.01245159820818476,0.015548645046646044,-0.02037368073070991,-0.007311888435801729,-0.014246465077885363,0.24034653017670168,,145.2197364542077
2023-06-20,81.68,84.49,77.4,83.97,33139341.0,2706173196.7,15.6473,4.9494,79.66400000000002,79.243,82.009,80.435,81.46700000000001,64.85733333333333,,79.66400000000002,79.243,82.009,80.435,81.46700000000001,64.85733333333333,,80.45547379831108,80.97856950693479,66.43109540636041,51.50097465886939,55.914512922465214,-0.523095708623714,-0.42999125505920394,-0.18620890712902016,-0.523095708623714,-0.2458418491305373,-0.5545077189863534,91.53011647588558,82.009,72.48788352411442,64.70477605030732,47.423291444582446,99.26774526175706,61.334400297552136,43.81279810281903,96.37760468701836,5.810021173969436,4.56195991910284,-4.166666666666638,0.054052018477605726,0.05965195663970324,0.0239120096574766,0.04394852986883815,0.030724096873580537,0.29468782764220963,,162.10590226260786
2023-06-21,82.12,82.3,76.4,76.4,21287204.0,1689258182.71,10.0511,-9.0151,78.648,78.89500000000001,81.9875,80.39866666666667,81.637,65.15641666666667,,78.648,78.89500000000001,81.9875,80.39866666666667,81.637,65.15641666666667,,79.83155475241706,80.6394162101248,40.1173285198556,39.21628189550425,46.11382626517422,-0.8078614577077445,-0.5055652955889121,-0.604592324237665,-0.8078614577077445,-0.3323064042962615,-0.951110106822966,91.55966331485871,81.9875,72.41533668514128,54.86194471729891,49.902842535487935,64.78014908092086,52.61502754879545,46.746874584811174,64.351333476764,6.130017324156809,-59.19098374978162,-64.82371794871791,-0.028583053605940274,-0.03162431079282596,-0.06815063271840209,-0.049735484833910985,-0.0641498340213383,0.17256294788054896,,38.8769381714965
2023-06-26,74.0,75.98,69.0,69.44,22106950.0,1596289025.26,10.4382,-9.1099,77.38,78.114,81.40950000000001,80.18166666666667,81.69016666666668,65.40375,,77.38,78.114,81.40950000000001,80.18166666666667,81.69016666666668,65.40375,,78.23285402127598,79.80982982418963,28.817733990147772,36.0916969527537,41.80960548885077,-1.5769758029136511,-0.7198473970538599,-1.7142568117195824,-1.5769758029136511,-0.5237940040835523,-2.1063635976601978,92.50722755306764,81.40950000000001,70.31177244693238,37.52147723998107,45.77572077031898,21.012990179305234,36.023532460978764,43.17242721020037,21.72574296253555,6.360923265219208,-157.09736511385137,-97.15945771465464,-0.10261049366761435,-0.1110428348311443,-0.14702829522353053,-0.1339666174728222,-0.14995888938081103,0.06171282227701004,,38.473662942316174
2023-06-27,69.39,70.5,68.6,68.72,10526061.0,731051278.2,4.9701,-1.0369,75.708,77.20500000000001,80.52,79.99166666666666,81.78116666666666,65.64241666666666,,75.708,77.20500000000001,80.52,79.99166666666666,81.78116666666666,65.64241666666666,,76.76933801800276,78.98836094832373,34.94027303754265,34.5,43.14795692580026,-2.2190229303209748,-1.019682503707283,-2.3986808532273836,-2.2190229303209748,-0.784598454273925,-2.8688489520940994,92.69583456558243,80.52,68.34416543441756,25.26604880819381,38.9391634496106,-2.0801804746397607,24.267418955525606,36.87075779197545,-0.9392587173740878,5.549846307906625,-171.09648856199215,-99.24480805538072,-0.09230200243039044,-0.10990220840619147,-0.1465474416294088,-0.14091051151161574,-0.15970873489617615,0.04688406505448083,,90.10199074661016
2023-06-28,73.0,74.0,68.92,70.0,19634999.0,1394122617.41,9.271,1.8626,73.706,76.36600000000001,79.7015,79.775,81.86616666666666,65.88241666666667,,73.706,76.36600000000001,79.7015,79.775,81.86616666666666,65.88241666666667,,75.72790139984849,78.3225564336331,34.884713919726735,39.53823953823954,44.6802283038197,-2.594655033784605,-1.3346770097227474,-2.519956048123715,-2.594655033784605,-1.063068697275568,-3.0631726730180735,92.41072627981696,79.7015,66.99227372018304,19.78089010120411,32.5530723334751,-5.763474363337863,19.115136866091976,30.952217483347628,-4.559024368419323,5.500783342832693,-133.6417823985852,-91.1894273127753,-0.050280845521395855,-0.0833617054710213,-0.12172292867762835,-0.1225321215919775,-0.1449459178293026,0.06249897228522019,,120.26766851638533
2023-06-29,70.0,70.47,66.7,68.01,16262480.0,1106648462.12,7.6786,-2.8429,70.514,75.089,78.556,79.56966666666668,81.758,66.10475,,70.514,75.089,78.556,79.56966666666668,81.758,66.10475,,74.54053195371796,77.5586633644751,23.309608540925254,36.41906873614192,43.689181453921016,-3.0181314107571353,-1.6713678899296252,-2.6935270416550203,-3.0181314107571353,-1.3638475762727322,-3.308567668968806,91.13697209866467,78.556,65.97502790133532,15.641822555758715,26.915989074236307,-6.90651048119647,15.197987065683959,25.700807344126407,-5.807653491200938,5.186095462317657,-160.16275007219377,-92.63631253513208,-0.03551067873046474,-0.09427479391122526,-0.1342481796425479,-0.14527730416532267,-0.16815479830719918,0.028821680741550487,,74.94580837517555
2023-06-30,67.01,69.78,66.88,68.27,12524838.0,854641000.32,5.9138,0.3823,68.888,73.768,77.333,79.28433333333334,81.62083333333334,66.33633333333333,,68.888,73.768,77.333,79.28433333333334,81.62083333333334,66.33633333333333,,73.57583473006905,76.87061422636583,8.200212992545232,35.85011185682326,40.351675003789595,-3.2947794962967833,-1.996050211203057,-2.597458570187453,-3.2947794962967833,-1.6609140255072017,-3.2677309415791633,88.8204670379235,77.333,65.84553296207649,13.369609266140051,22.400529138204227,-4.6922304779883035,13.073718939423546,21.491777875892122,-3.7623989335136017,4.770441741896265,-144.095321509379,-91.17481731309728,-0.008971083497851718,-0.0745309619347143,-0.11719447066582186,-0.13892193918092274,-0.1635713921078157,0.02914943545266798,,103.88941004486342
2023-07-03,68.11,70.45,66.01,69.6,13811613.0,947291049.53,6.5214,1.9481,68.92,73.15,76.44800000000001,78.89333333333335,81.49466666666667,66.578,,68.92,73.15,76.44800000000001,78.89333333333335,81.49466666666667,66.578,,72.96416784851996,76.332050209598,22.88676236044651,33.890489913544656,36.31655607703511,-3.3678823610780313,-2.270416641178052,-2.1949314397999586,-3.3678823610780313,-1.9235245386719448,-2.888715644812173,87.41793710100521,76.44800000000001,65.4780628989948,15.388541819562327,20.063200031990263,6.039225394706456,15.191281601751324,19.391612451178524,6.790619902896921,4.710361425187853,-121.46342729585221,-80.57359307359312,0.009866511897852476,-0.048530416951469736,-0.08957722896609477,-0.11779618049687363,-0.14595638160370428,0.04539036919102393,,121.28116710681205
2023-07-04,69.17,71.99,68.56,71.15,13501722.0,954630972.07,6.3751,2.227,69.40599999999999,72.557,75.8455,78.56833333333334,81.26716666666668,66.83658333333334,,69.40599999999999,72.557,75.8455,78.56833333333334,81.26716666666668,66.83658333333334,,72.68506510259382,75.94819463851667,61.99158485273498,35.471167369901536,37.95886075949367,-3.263129535922843,-2.4689592201270103,-1.5883406315916657,-3.263129535922843,-2.129617615172083,-2.26702384150152,86.57501556271468,75.8455,65.11598443728532,19.530312150992494,19.88557073832434,18.8197949763288,19.398805339118496,19.39401008049185,19.40839585637179,4.47756843879006,-80.77487647046644,-72.18614718614717,0.02512751058986275,-0.01939165070220649,-0.06190874870625147,-0.09441887104643519,-0.1244926712920143,0.06453676192803595,,124.63977263447804
2023-07-05,71.17,71.5,69.21,69.29,8504015.0,596132462.53,4.0153,-2.6142,69.264,71.48499999999999,75.135,78.27766666666668,80.99066666666667,67.06383333333333,,69.264,71.48499999999999,75.135,78.27766666666668,80.99066666666667,67.06383333333333,,72.16274739450246,75.45499503566357,53.446191051995214,39.76663513087355,32.12692117005453,-3.2922476411611115,-2.633616904333831,-1.3172614736545611,-3.2922476411611115,-2.3084837730165493,-1.9675277362891244,85.60921797105988,75.135,64.66078202894013,19.73189216041203,19.834344545686903,19.526987389862285,18.848842809051586,19.212287656678427,18.1219531137979,4.079828722646414,-78.84820311655407,-82.25108225108222,0.0003753753753755264,-0.030705742463453582,-0.07779330538364275,-0.11481776411322091,-0.14446932156791725,0.0331947423226131,,76.72847545394676
2023-07-06,68.8,71.18,68.7,69.5,8031311.0,563850219.75,3.7921,0.3031,69.562,70.03800000000001,74.6405,78.01866666666668,80.79516666666667,67.30091666666667,,69.562,70.03800000000001,74.6405,78.01866666666668,80.79516666666667,67.30091666666667,,71.75309394919438,75.01388429228109,46.52777777777777,37.622468974526456,30.283483279579002,-3.260790343086711,-2.7590515920844068,-1.0034775020046087,-3.260790343086711,-2.4549924761042665,-1.6115957339648892,85.20236282413286,74.6405,64.07863717586714,24.822933121986473,21.497207404453427,31.474384557052574,19.70729074521998,19.37728868619228,20.367294863275376,3.788950773074339,-72.93921562649271,-78.57581338244324,-0.0008912912222189933,-0.007681544304520557,-0.06887011742954566,-0.10918754486105899,-0.13980002929218133,0.03267538456014097,,103.07241044938074
2023-07-07,68.9,69.46,66.81,67.05,7771918.0,525634473.56,3.6696,-3.5252,69.31800000000001,69.103,73.999,77.69266666666665,80.55183333333333,67.51408333333333,,69.31800000000001,69.103,73.999,77.69266666666665,80.55183333333333,67.51408333333333,,71.0295410339337,74.42396693729731,43.733681462140936,28.500331785003297,31.897014124798844,-3.3944259033636115,-2.8861264543402476,-1.0165988980467278,-3.3944259033636115,-2.599520695682627,-1.5898104153619688,84.77723713737473,73.999,63.220762862625264,20.887378860631756,21.293931223179538,20.074274135536193,16.61529179069494,18.456623054359834,12.93262926336515,3.589141541606277,-92.75427095748914,-89.56870611835515,-0.03271877434432636,-0.029709274561162284,-0.0939066744145191,-0.13698418555161782,-0.16761671056524685,-0.006873874463229298,,69.84571636039416
2023-07-10,68.2,71.35,67.79,70.35,15190578.0,1065375409.8,7.1725,4.9217,69.46799999999999,69.194,73.654,77.33766666666665,80.47766666666666,67.74725,,69.46799999999999,69.194,73.654,77.33766666666665,80.47766666666666,67.74725,,70.92499625948236,74.12219160860862,59.71962616822429,26.899592944369047,38.345728278614175,-3.197195349126261,-2.94834023329745,-0.4977102316576216,-3.197195349126261,-2.691470642366263,-1.0114494135199958,84.43580807022495,73.654,62.87219192977504,32.030885030992685,24.87291582578392,46.34682344141021,29.18282698436814,22.032024364362606,43.484432224379205,3.7183885340414986,-56.478376528287065,-45.682102628285456,0.012696493349455938,0.016706650865681873,-0.04485839194069571,-0.0903526957541171,-0.12584443717304597,0.03841853359361451,,161.67884418935338
2023-07-11,71.17,79.83,71.17,77.8,33197508.0,2548934623.22,15.6747,10.5899,70.798,70.102,73.65350000000001,77.04733333333334,80.50766666666667,68.04566666666666,,70.798,70.102,73.65350000000001,77.04733333333334,80.50766666666667,68.04566666666666,,71.98268914263892,74.39462185982279,74.3757431629013,52.38419618528609,45.42389210019268,-2.4119327171838734,-2.8410587300747348,0.8582520257817228,-2.4119327171838734,-2.6484648077228186,0.4730641810778904,84.43449746386204,73.65350000000001,62.87250253613797,49.79097111086921,33.17893425414569,83.01504482431625,47.89226574645285,30.652104825059354,82.37258758923986,4.765954255124863,39.337682135552086,-14.688856729377727,0.09890109890109883,0.10981141764856912,0.05629739252038245,0.009768886658417625,-0.03363240767959989,0.14334980919676496,,273.62448185996124
2023-07-12,78.3,79.0,74.5,74.94,16990048.0,1298320853.24,8.0221,-3.6761,71.928,70.596,73.481,76.66633333333334,80.3785,68.31841666666666,,71.928,70.596,73.481,76.66633333333334,80.3785,68.31841666666666,,72.43766004377139,74.43502024057666,60.452289023717576,60.886777513855904,46.35425200720957,-1.9973601968052748,-2.672319023420843,1.3499176532311363,-1.9973601968052748,-2.548294867581658,1.1018693415527663,84.05124204274033,73.481,62.91075795725966,54.7328133503238,40.36356061953839,83.47131881189463,53.46700977404623,38.25707314138832,83.88688303936206,4.717598936011251,41.219364377173804,-35.38350217076703,0.041875208541875215,0.06153323134455201,0.019855472843320086,-0.02251748920647494,-0.06766112828679317,0.09692237695789692,,68.76079949679189
2023-07-13,76.5,77.41,74.0,76.94,17570171.0,1330724777.3,8.296,2.6688,73.416,71.489,73.289,76.20033333333335,80.3905,68.61383333333333,,73.416,71.489,73.289,76.20033333333335,80.3905,68.61383333333333,,73.13032772934501,74.62057429683024,70.93596059113298,65.48605877920122,47.64950431723697,-1.4902465674852294,-2.4359045322337205,1.8913159294969821,-1.4902465674852294,-2.3855182060283613,1.7905432770862637,83.43186972783342,73.289,63.14613027216659,62.85130151960805,47.85947425289494,92.83495605303426,62.00743246875634,46.173859583844326,93.67457823858037,4.479853674918296,44.616488144612745,-20.911722141823457,0.048000435872289436,0.07624949292898199,0.0498164799628866,0.009706869173800425,-0.04292173826509357,0.12134822181144228,,130.13224798725423
2023-07-14,76.99,81.88,76.99,78.4,23955961.0,1902695159.29,11.3112,1.8976,75.68599999999999,72.502,73.135,75.72266666666668,80.41316666666667,68.92791666666668,,75.68599999999999,72.502,73.135,75.72266666666668,80.41316666666667,68.92791666666668,,73.94104654021501,74.9005317563243,72.79713114754098,65.71856287425152,50.93693987290207,-0.9594852161092859,-2.1406206690088334,2.362270905799095,-0.9594852161092859,-2.1661285152715806,2.4132865983245892,82.83822897965358,73.135,63.43177102034643,67.53678893609793,54.418579147295944,93.77320851370192,67.36223286196864,53.23665067655243,95.61339723280105,4.563516643114968,95.6226308986104,-21.928166351606755,0.03585867928018409,0.08134948001434458,0.07199015519245232,0.03535709254824608,-0.025035286509879143,0.1374201309338862,,120.6809741352283
2023-07-17,77.15,79.41,74.0,76.1,15984040.0,1216901797.04,7.5471,-2.9337,76.836,73.152,73.151,75.34933333333333,80.346,69.22358333333334,,76.836,73.152,73.151,75.34933333333333,80.346,69.22358333333334,,74.27319322633578,74.98938125585583,73.36086732059883,64.9648538660747,48.64522262715893,-0.7161880295200547,-1.855734141111078,2.2790922231820465,-0.7161880295200547,-1.943060748232884,2.453745437425659,82.87362884095435,73.151,63.42837115904564,65.57307716288413,58.13674515249201,80.44574118366836,65.45670644679794,57.3100025999676,81.7501141404586,4.717422708003155,55.25761281889952,-38.354346383543486,-0.009578843250559688,0.04029965004374444,0.04031387130729584,0.009962485843714525,-0.052846439150673455,0.0993363292615834,,74.24820194056257
2023-07-18,75.93,76.24,73.03,73.16,11800674.0,875384021.85,5.5719,-3.8633,75.90799999999999,73.353,72.95500000000001,75.01466666666667,80.18866666666668,69.48649999999999,,75.90799999999999,73.353,72.95500000000001,75.01466666666667,80.18866666666668,69.48649999999999,,74.10193272997643,74.85387153319985,57.390846922672274,58.22955233927969,46.005804185122955,-0.7519388032234247,-1.6349750735335475,1.7660725406202458,-0.7519388032234247,-1.7598112182314287,2.015744830016008,82.50056827455657,72.95500000000001,63.40943172544346,57.760949915711734,58.01148007356526,57.25988960000468,57.68336943832094,57.43445821275205,58.18119188945872,4.4433458520025795,17.41573590618308,-57.86330457863307,-0.03620171786899919,-0.0026311125652665585,0.002809951339866823,-0.024724053962780705,-0.0876516215924114,0.05286638411777834,,67.43578235637877
2023-07-19,73.24,74.22,71.69,71.95,7667356.0,556797120.24,3.6203,-1.6539,75.31,73.619,72.55199999999999,74.62966666666667,79.87866666666667,69.73775,,75.31,73.619,72.55199999999999,74.62966666666667,79.87866666666667,69.73775,,73.7708661561339,74.63876993814802,27.0947533281128,53.97093612706996,43.132680043552654,-0.8679037820141104,-1.4815608152296602,1.2273140664310995,-0.8679037820141104,-1.6225946895826107,1.5093818151370004,81.50566693477913,72.55199999999999,63.59833306522085,49.8764660574995,55.29980873487668,39.02978070274514,49.82474573923896,54.897887388247696,39.67846244122151,4.0954647880021104,-3.5851567120045176,-65.892501658925,-0.04461558889921656,-0.02267077792417714,-0.008297496967691996,-0.03590618565449838,-0.09925887596187556,0.031722417198719446,,84.63909570981986
2023-07-20,72.0,72.27,68.38,68.53,9499010.0,664159604.08,4.4851,-4.7533,73.628,73.522,71.78,74.26766666666667,79.39916666666666,69.95891666666667,,73.628,73.522,71.78,74.26766666666667,79.39916666666666,69.95891666666667,,72.96457905519023,74.18626846124816,25.956489122280615,45.83598219961856,40.337263095060436,-1.2216894060579335,-1.429586533395315,0.41579425467476305,-1.2216894060579335,-1.5609169536557372,0.6784550951956074,79.10242122740756,71.78,64.45757877259244,35.00162795127361,48.53374847367566,7.937386906469527,37.02096519753733,48.93891332467758,13.185068943256837,4.058107553819909,-52.18344292699375,-88.58659588586596,-0.06923996305753245,-0.06789804412284764,-0.04527723599888548,-0.0772565899022904,-0.13689270458338135,-0.02042508281646251,,61.446809145321645
2023-07-21,67.94,67.94,61.02,61.4,23817707.0,1514900098.82,11.2459,-10.4042,70.22800000000001,72.957,71.03,73.65166666666667,78.89933333333333,70.09641666666668,,70.22800000000001,72.957,71.03,73.65166666666667,78.89933333333333,70.09641666666668,,71.18541304669942,73.23913746411867,7.908992416034707,39.25946093111897,39.49444769140853,-2.0537244174192466,-1.5544141102001015,-0.9986206144382903,-2.0537244174192466,-1.636733486542431,-0.8339818617536312,79.36300097582905,71.03,62.69699902417096,23.941641389056162,40.33637944546916,-8.847834723769836,25.287866219898643,41.055230956417944,-6.2468632531399635,4.6857243622162885,-173.78119390886454,-98.17833173537873,-0.12570484706954504,-0.15840837753745352,-0.13557651696466286,-0.16634608857007088,-0.22179317104496024,-0.12406364091364656,,33.333152807880644
2023-07-24,61.0,63.09,60.29,61.2,10660464.0,656575845.52,5.0335,-0.3257,67.248,72.042,70.618,73.11666666666666,78.4315,70.23158333333332,,67.248,72.042,70.618,73.11666666666666,78.4315,70.23158333333332,,69.64919565489951,72.34734950381358,0.0,38.69825708061003,38.20908820908822,-2.6981538489140604,-1.7831620579428935,-1.8299835819423338,-2.6981538489140604,-1.800028926907297,-1.7962498440135266,80.02729797705771,70.618,61.208702022942276,17.366065696764636,32.67960819590099,-13.261019301508071,18.263548917326293,33.458003610054064,-12.125360468129244,4.342865387267873,-183.9723836642353,-95.78508568781842,-0.08993576017130624,-0.1504955442658449,-0.1333654309099662,-0.16298153635741952,-0.21970126798543949,-0.1285971767212992,,96.79000449869588
2023-07-25,61.97,62.45,59.62,60.4,14043734.0,852544746.7,6.631,-1.3072,64.696,70.30199999999999,70.20200000000001,72.53633333333333,77.79233333333333,70.36658333333334,,64.696,70.30199999999999,70.20200000000001,72.53633333333333,77.79233333333333,70.36658333333334,,68.22624247722267,71.46236065167923,0.0,40.51896207584831,34.96396258242601,-3.236118174456564,-2.0737532812456276,-2.324729786421873,-3.236118174456564,-2.020965734222569,-2.4303048804679905,80.64366471906052,70.20200000000001,59.7603352809395,12.745391506737972,26.034869299513318,-13.83356407881272,13.343713653779078,26.75324029129574,-13.475339621254243,4.067798953219169,-172.2669764238708,-96.49595687331536,-0.06640286880178063,-0.14084947796648736,-0.13962565169083518,-0.16731385190869863,-0.2235738740321454,-0.14163801709855184,,87.67083941029507
2023-07-26,60.57,61.0,58.8,59.15,9401267.0,562052872.46,4.439,-2.0695,62.136,68.72299999999998,69.65950000000001,71.895,77.23666666666668,70.50108333333334,,62.136,68.72299999999998,69.65950000000001,71.895,77.23666666666668,70.50108333333334,,66.82989748072687,70.55033393674003,0.0,33.04058146577833,30.144000000000005,-3.720436456013161,-2.4030899161991344,-2.634693079628053,-3.720436456013161,-2.2824227683441984,-2.876027375337925,81.2135331987538,69.65950000000001,58.10546680124622,9.002415828293255,20.35738480910663,-13.707522133333494,9.401297259653994,20.969259280748492,-13.734626782535003,3.7281991435429567,-164.94730028847002,-98.48353552859618,-0.04805587743015328,-0.1392983426218295,-0.15086958706278408,-0.1772724111551568,-0.2341720253765484,-0.16100580014727917,,81.12936998072854
2023-07-27,58.74,59.28,57.23,57.28,10507560.0,609313463.94,4.9613,-3.1615,59.886,66.757,69.12299999999999,71.11166666666666,76.73633333333333,70.61341666666665,,59.886,66.757,69.12299999999999,71.11166666666666,76.73633333333333,70.61341666666665,,65.36068248369197,69.56734623772225,0.0,12.609329446064166,33.16901408450704,-4.206663754030274,-2.7638046837653625,-2.8857181405298222,-4.206663754030274,-2.578459843065133,-3.2564078219302814,81.92825402037482,69.12299999999999,56.317745979625165,6.076753323460914,15.597174313891394,-12.964088657400044,6.335144758633433,16.09122110671014,-13.177007937519981,3.423072026535147,-161.8946549720755,-99.79716024340769,-0.04351601375947636,-0.1419626406219573,-0.17133226277794641,-0.19450629291958652,-0.25354786302881294,-0.18882270956534444,,72.52414263341547
2023-07-28,57.1,58.0,56.71,56.86,8872094.0,508435532.9,4.1891,-0.7332,58.977999999999994,64.603,68.5525,70.291,76.11483333333332,70.70575000000001,,58.977999999999994,64.603,68.5525,70.291,76.11483333333332,70.70575000000001,,64.05288517850859,68.62606133122429,0.0,13.840000000000018,37.485077596498215,-4.573176152715703,-3.1256789775554306,-2.8949943503205455,-4.573176152715703,-2.8853392753190668,-3.375673754793273,82.4848415873023,68.5525,54.6201584126977,4.3071852673559174,11.833844631712903,-10.746133461358054,4.44369415626957,12.208712123229951,-11.08634177765119,3.0352407489833015,-144.19648725026278,-99.33920704845815,-0.0359116958866017,-0.11985511508753456,-0.17056270741402568,-0.19107709379579174,-0.2529708401121988,-0.19582212196320678,,92.90486584602087
2023-07-31,57.05,57.91,56.1,57.09,8467555.0,484713200.41,3.9981,0.4045,58.15599999999999,62.702,67.92699999999999,69.66799999999999,75.5305,70.78416666666666,,58.15599999999999,62.702,67.92699999999999,69.66799999999999,75.5305,70.78416666666666,,62.981672074122656,67.77153826965213,4.821802935010567,7.27507533362035,38.31625477195099,-4.78986619552947,-3.4585164211502386,-2.6626995487584626,-4.78986619552947,-3.1783434168898976,-3.2230455572791445,82.75577586600527,67.92699999999999,53.09822413399472,4.692648897884082,9.453446053769964,-4.828945413887682,4.600993058830495,9.672805768430134,-5.542632360368783,2.8124697037136093,-123.04488578495575,-95.08440913604765,-0.01833000894146758,-0.08950272718573563,-0.15953891677830598,-0.1805419991961875,-0.2441464044326464,-0.19346369833178315,,104.11945268371218
2023-08-01,57.12,58.95,55.7,58.94,15372734.0,886031117.48,7.2585,3.2405,57.864,61.28000000000001,67.31649999999999,69.06333333333333,74.97550000000001,70.86616666666667,,57.864,61.28000000000001,67.31649999999999,69.06333333333333,74.97550000000001,70.86616666666667,,62.359876370411484,67.1173502496779,32.39875389408097,8.806096528365785,39.01470003972983,-4.7574738792664135,-3.718307912773474,-2.078331932985879,-4.7574738792664135,-3.4212865649478235,-2.67237462863718,82.58541617151137,67.31649999999999,52.04758382848861,9.64623585749101,9.51770932167698,9.903288929119071,8.898862183208802,9.414824573356357,7.866937402913692,2.892020666674771,-99.214897066904,-82.50539956803458,0.018595326973593264,-0.03818537859007849,-0.12443457399003208,-0.1465804334186013,-0.2138765330007804,-0.168291403749321,,137.562761373843
2023-08-02,58.12,61.8,57.8,60.72,14966201.0,899763611.51,7.0665,3.02,58.178,60.157,66.888,68.42033333333333,74.50983333333333,70.95833333333333,,58.178,60.157,66.888,68.42033333333333,74.50983333333333,70.95833333333333,,62.10758769804049,66.64347245340545,52.16216216216216,16.709956709956714,42.72890484739676,-4.535884755364961,-3.8818232812917715,-1.3081229481463792,-4.535884755364961,-3.592763209627383,-1.8862430914751558,82.40275304686715,66.888,51.37324695313286,20.10184787013561,13.045755504496523,34.214032601413784,16.03114650475839,11.620265217157035,24.852909079961098,3.093471454552085,-68.29799013738142,-69.70428485214244,0.04369349238543782,0.009358844357265196,-0.09221385001794052,-0.11254451649363494,-0.18507400589183978,-0.14428655314151492,,134.65308682048394
2023-08-03,60.1,64.31,60.09,63.29,15564696.0,978554115.04,7.3491,4.2325,59.379999999999995,59.633,66.5775,67.731,74.083,71.09216666666666,,59.379999999999995,59.633,66.5775,67.731,74.083,71.09216666666666,,62.289497282957335,66.39506708648653,73.73853211009174,28.288605367355913,45.2517162471396,-4.1055698035292,-3.9265725857392573,-0.35799443557988475,-4.1055698035292,-3.671656531766124,-0.8678265435261512,82.12068788002301,66.5775,51.03431211997699,42.7856686149336,22.959059874642215,82.43888609551637,31.357365643695132,18.199298692669736,57.673499545745926,3.2982948264517056,-40.496870761249866,-37.990196078431374,0.06584708656113177,0.06132510522697158,-0.049378543802335646,-0.06556820362906196,-0.14568794460267537,-0.10974720609162274,,151.36774039759783
2023-08-04,63.0,63.98,62.66,63.52,9343854.0,591661493.51,4.4119,0.3634,60.712,59.845000000000006,66.401,67.30166666666666,73.85016666666667,71.17558333333334,,60.712,59.845000000000006,66.401,67.30166666666666,73.85016666666667,71.17558333333334,,62.47880539327159,66.1820991541542,94.06779661016947,30.620689655172413,44.078691079080656,-3.703293760882609,-3.8819168207679278,0.3572461197706378,-3.703293760882609,-3.6765237977840446,-0.05353992619712855,82.00165977012408,66.401,50.800340229875914,58.798653253935605,34.90559100107335,106.58477775966011,51.17978460644329,29.19279399726092,95.15376582480803,2.9386048580059407,-30.133938169993865,-9.175377468060386,0.04625115298458295,0.06140863898404206,-0.043387900784626635,-0.05618979222901849,-0.13988007248911644,-0.10755912315435887,,103.69407394965538
2023-08-07,63.3,64.98,63.0,64.4,8221161.0,526204516.89,3.8818,1.3854,62.174,60.165,66.10350000000001,67.13366666666667,73.65766666666667,71.29066666666667,,62.174,60.165,66.10350000000001,67.13366666666667,73.65766666666667,71.29066666666667,,62.77437379430673,66.05009180940203,100.0,39.25039042165541,43.3392539964476,-3.2757180150953005,-3.7606770596334025,0.969918089076204,-3.2757180150953005,-3.614861369678084,0.6782867091655671,81.6137482588978,66.10350000000001,50.59325174110223,70.44910216929041,46.7534280571457,117.84045039357983,65.36985640429555,41.251814799605796,113.60593961367505,2.764313065641225,-20.79371117028023,-6.2499999999999805,0.03580274712902509,0.07038976148923803,-0.025770193711376933,-0.040719758094547656,-0.12568503844361073,-0.09665594374205123,,114.75028673326494
2023-08-08,64.4,64.99,63.19,64.34,7102603.0,455870050.59,3.3536,-0.0932,63.254,60.559000000000005,65.4305,66.98766666666667,73.48966666666666,71.38916666666665,,63.254,60.559000000000005,65.4305,66.98766666666667,73.48966666666666,71.38916666666665,,63.01523936441339,65.92341834203891,99.18588873812752,62.10873146622736,44.93554327808471,-2.908178977625525,-3.590177443231827,1.3639969312126041,-2.908178977625525,-3.506141001669998,1.195924048088946,79.93959185014002,65.4305,50.92140814985997,77.96714453912512,57.15800021780551,119.58543318176433,74.5809806957952,52.36153676500227,119.01986855738107,2.5889834173428197,-15.897175714527238,-6.996770721205511,0.01716887469567151,0.062434980762562105,-0.016666539305064024,-0.03952468862427411,-0.12450276456100397,-0.09874280644822372,,99.0722193918786
2023-08-09,64.3,64.56,61.0,61.0,10431557.0,649052614.14,4.9254,-5.1912,63.31,60.74400000000001,64.7335,66.68766666666667,73.23133333333334,71.45441666666666,,63.31,60.74400000000001,64.7335,66.68766666666667,73.23133333333334,71.45441666666666,,62.70520253911902,65.55872068707306,61.62528216704288,49.34554973821989,41.82692307692308,-2.8535181479540412,-3.44284558417627,1.1786548724444579,-2.8535181479540412,-3.4057374857136966,1.1044386755193107,78.64618149264548,64.7335,50.82081850735453,70.99496037089864,61.77032026883656,89.4442405750228,68.73751780867869,57.82019711289442,90.57215920024723,2.765531886916853,-32.38383560387134,-42.94940796555434,-0.036487126836202845,0.0042144080073751,-0.057674928746321553,-0.0852881342377152,-0.16702322321046553,-0.1463088938985576,,58.67968643472932
2023-08-10,60.05,61.95,58.5,58.87,12208549.0,728952456.4,5.7645,-3.4918,62.426,60.903,63.83,66.383,72.97633333333333,71.47658333333334,,62.426,60.903,63.83,66.383,72.97633333333333,71.47658333333334,,62.115171379254555,65.06325989543802,39.95656894679696,45.394340758579176,42.085913312693506,-2.948088516183468,-3.34389417057771,0.7916113087884842,-2.948088516183468,-3.335329951939815,0.7744828715126948,76.71392388742082,63.83,50.94607611257918,58.70421111199485,60.748283883222655,54.616065569539245,57.19924940384822,57.61321454321235,56.37131912511995,2.889980634750153,-57.64902155779086,-65.87728740581274,-0.05696344471854683,-0.03338095003530206,-0.07770640764530787,-0.11317656628956206,-0.19330011099488875,-0.17637361420232042,,70.08773221477239
2023-08-11,59.18,59.57,55.2,55.27,17393423.0,985642212.61,8.2126,-6.1152,60.775999999999996,60.74400000000001,62.673500000000004,65.94966666666667,72.617,71.50800000000001,,60.775999999999996,60.74400000000001,62.673500000000004,65.94966666666667,72.617,71.50800000000001,,61.062068090138474,64.33783323651669,10.839843750000057,39.767932489451496,35.494420931127365,-3.2757651463782125,-3.330268365737811,0.10900643871919691,-3.2757651463782125,-3.3261661356995686,0.10080197864271234,74.12332146493814,62.673500000000004,51.223678535061865,39.37447918191554,53.62368231612029,10.876072913506036,38.371171376484455,51.19920015430306,12.71511382084725,3.1590750647955788,-97.86602167656595,-99.2849846782431,-0.0905949716993549,-0.09011589622020287,-0.11812807645974775,-0.16193662843885998,-0.23888345704173955,-0.227079487609778,,53.20522543774613
2023-08-14,54.0,54.5,51.55,53.8,36189610.0,1926425958.23,4.1099,-2.6597,58.65599999999999,60.415000000000006,61.5585,65.423,72.15816666666667,71.55275,,58.65599999999999,60.415000000000006,61.5585,65.423,72.15816666666667,71.55275,,59.94482684550179,63.557252996774714,7.66550522648086,40.625,23.91304347826089,-3.6124261512729277,-3.3866999228448345,-0.4514524568561864,-3.6124261512729277,-3.37020613809547,-0.4844400263549149,71.78046865373328,61.5585,51.33653134626672,31.830009930800838,46.359124854347144,2.7717800837082223,31.161138060513448,44.519846123039855,4.44372193546063,3.261061416650929,-146.8509252640775,-83.25892857142857,-0.08278777959629015,-0.10949267566001834,-0.12603458498826328,-0.17765923299145567,-0.254415647108551,-0.24810716569244376,,76.37093556217006
2023-08-15,54.72,54.92,52.16,52.6,23483995.0,1242905361.75,2.6669,-2.2305,56.30800000000001,59.78099999999999,60.530499999999996,64.80466666666668,71.6865,71.55858333333335,,56.30800000000001,59.78099999999999,60.530499999999996,64.80466666666668,71.6865,71.55858333333335,,58.81485348465536,62.74560462664326,0.0,38.98655635987591,24.808299503834036,-3.9307511419878978,-3.4955101666734474,-0.8704819506289008,-3.9307511419878978,-3.4564438310019976,-0.9486146219718004,69.94320468429216,60.530499999999996,51.11779531570784,23.824173287200573,38.84747433196495,-6.222428802328196,23.37825870700898,37.472650317696235,-4.8105245143655395,3.1699593408962157,-141.59874332157898,-92.18749999999997,-0.06585209916885709,-0.1201217778223849,-0.13101659493974105,-0.18833005853487927,-0.26624957279264566,-0.2649379354677928,,79.80584215570993
2023-08-16,52.88,52.88,50.8,51.0,15233996.0,783462615.44,1.73,-3.0418,54.30800000000001,58.809000000000005,59.483000000000004,64.19500000000001,71.23633333333333,71.56700000000001,,54.30800000000001,58.809000000000005,59.483000000000004,64.19500000000001,71.23633333333333,71.56700000000001,,57.61256833316992,61.875559839484495,0.0,35.296957991308545,20.4824761037779,-4.262991506314577,-3.6490064346016737,-1.2279701434258072,-4.262991506314577,-3.5805280887423945,-1.3649268351443657,68.18055706778519,59.483000000000004,50.78544293221483,16.35259661476985,31.34918175956659,-13.640573674823628,16.055320227975457,30.33354028778931,-12.501119891652252,2.971784915278723,-162.10491856944105,-98.59055673009159,-0.06091183619356276,-0.13278579809212882,-0.1426121749071164,-0.20554560324012783,-0.2840732023452452,-0.2873810555144131,,73.42506158230927
2023-08-17,51.0,51.6,50.0,50.68,17594691.0,899287682.4,1.9981,-0.6275,52.67,57.548,58.5905,63.56766666666667,70.79316666666666,71.57125,,52.67,57.548,58.5905,63.56766666666667,70.79316666666666,71.57125,,56.546019358836084,61.04625911063379,0.0,28.467153284671568,17.61682242990655,-4.500239751797707,-3.8192530980408805,-1.3619733075136535,-4.500239751797707,-3.7220221907509043,-1.556435122093606,67.03897036918275,58.5905,50.14202963081725,12.413850267084726,25.03740459540597,-12.833258389557763,12.215666009221797,24.294248861600142,-11.941499695534894,2.722369476137137,-157.7268444414172,-95.46364242828552,-0.037782418834251034,-0.11934385208869121,-0.13501335540744658,-0.202739338133118,-0.2841116962795373,-0.2918944408543934,,93.89972084134895
2023-08-18,51.0,51.68,50.13,50.13,12253349.0,623992350.63,1.3915,-1.0852,51.64200000000001,56.209,58.027,63.00366666666667,70.34816666666667,71.57083333333334,,51.64200000000001,56.209,58.027,63.00366666666667,70.34816666666667,71.57083333333334,,55.55893945747668,60.23764732466091,0.0,20.5013927576602,18.36784409257004,-4.6787078671842295,-3.9911440518695507,-1.3751276306293576,-4.6787078671842295,-3.8692046025098774,-1.6190065293487041,67.16195565051379,58.027,48.89204434948621,8.564981788018688,19.546596992943545,-13.398248621831026,8.432858949443402,19.00711889088123,-12.715660933432254,2.509211389566748,-140.05144080457114,-99.1327551701134,-0.029278494248867342,-0.1081499404010034,-0.1360918193254864,-0.20433202300395212,-0.28740147220136036,-0.2995750130989114,,89.6625289394979
2023-08-21,50.12,51.87,49.41,50.34,15965909.0,813694588.56,1.8132,0.4189,50.95,54.80300000000001,57.484,62.336666666666666,69.83716666666668,71.55675,,50.95,54.80300000000001,57.484,62.336666666666666,69.83716666666668,71.55675,,54.756025694787965,59.50448826357492,3.9252336448598157,8.466966003848654,20.224425887265156,-4.748462568786955,-4.142607755253032,-1.2117096270678474,-4.748462568786955,-4.004475058860197,-1.4879750198535167,67.10306309038744,57.484,47.86493690961257,7.756192479141186,15.616462155009426,-7.964346872595293,7.611636389915642,15.208624723892703,-7.58234027803848,2.500263864190975,-124.66493986025398,-94.03080872913988,-0.011972522080471039,-0.08143714760140881,-0.12427805998190798,-0.19244960162558145,-0.2791803791200006,-0.2965024263958326,,104.26896580356842
2023-08-22,51.35,52.16,49.88,51.8,17767158.0,909621395.24,2.0177,2.9003,50.790000000000006,53.549,57.053999999999995,61.47,69.25866666666666,71.56774999999999,59.18436,50.790000000000006,53.549,57.053999999999995,61.47,69.25866666666666,71.56774999999999,59.18436,54.30125251097443,58.93378542923604,31.27340823970033,15.16052318668251,23.87866217267306,-4.63253291826161,-4.240592787854747,-0.7838802608137261,-4.63253291826161,-4.101099344921953,-1.0628671466793147,66.89063485462226,57.053999999999995,47.21736514537773,11.523798707518896,14.252241005845917,6.066914110864857,10.33295011252902,13.583399853438141,3.832050630710775,2.460215888883524,-99.17881682587577,-84.22442244224423,0.01988580429218332,-0.03266167435432972,-0.09208819714656287,-0.15731251016756145,-0.25207916217464954,-0.2762103042222229,-0.12476877337188408,133.09614763193835
2023-08-23,51.52,51.52,49.68,49.9,13071491.0,656538918.05,1.4845,-3.668,50.57000000000001,52.439,56.59150000000001,60.63533333333333,68.65083333333334,71.55125000000001,59.14356,50.57000000000001,52.439,56.59150000000001,60.63533333333333,68.65083333333334,71.55125000000001,59.14356,53.624136740055285,58.264616138181516,27.64900662251651,9.360986547085176,24.858299595141702,-4.640479398126232,-4.320570109909044,-0.6398185764343758,-4.640479398126232,-4.184080891568765,-0.9127970131149326,66.87296472260239,56.59150000000001,46.31003527739764,9.2901440202357,12.59820867730918,2.674014706088741,8.191132079272409,11.785977262049565,1.0014417137180978,2.3983584545410643,-100.44156639730988,-96.09250398724082,-0.013248961835080258,-0.04841816205495912,-0.1182421388371047,-0.17704748606423093,-0.27313336813100114,-0.3025977882985973,-0.15629021993265205,68.81892094796132
2023-08-24,51.0,51.78,50.5,50.69,15157427.0,775031365.73,1.7213,1.5832,50.572,51.621,56.262,59.76033333333333,67.98033333333333,71.52783333333333,59.11904,50.572,51.621,56.262,59.76033333333333,67.98033333333333,71.52783333333333,59.11904,53.17273108773909,57.70353346127918,47.0363288718929,13.2471728594507,32.56268316509281,-4.530802373540091,-4.362616562635253,-0.3363716218096755,-4.530802373540091,-4.237422658025892,-0.5867594310283977,66.86783473972359,56.262,45.65616526027641,13.936926019540074,13.044447791386146,15.72188247584793,9.66022978513174,11.077394769743623,6.825899815907974,2.304111462806326,-80.25955903220567,-87.4015748031496,0.002333306968282745,-0.01803529571298511,-0.09903664995911989,-0.15177849298029347,-0.2543431678769841,-0.29132482227198275,-0.14257741668335616,117.008511879217
2023-08-25,50.81,51.73,49.31,49.66,14130097.0,710519264.07,1.6047,-2.032,50.477999999999994,51.06,55.902,58.80233333333333,67.2625,71.49974999999999,59.07492,50.477999999999994,51.06,55.902,58.80233333333333,67.2625,71.49974999999999,59.07492,52.632310920394616,57.10771616785109,41.414141414141376,15.129151291512883,31.705770450221934,-4.475405247456472,-4.3851742995994965,-0.18046189571395033,-4.475405247456472,-4.274035364092136,-0.40273976672867207,66.90376559992993,55.902,44.900234400070076,11.370903739705234,12.486599774159176,9.13951167079735,8.519772916766344,10.22485415208453,5.109610446129974,2.325182105932447,-81.47732322877935,-93.76114081996445,-0.016205079440548317,-0.027418723070897093,-0.11165969017208695,-0.15547568974020307,-0.2616985690392121,-0.3054521169654439,-0.15937253914182198,81.44121420969839
2023-08-28,54.9,54.91,50.42,50.77,22187669.0,1144876002.39,2.5197,2.2352,50.564,50.757,55.586,57.958,66.65366666666667,71.46191666666667,59.04744,50.564,50.757,55.586,57.958,66.65366666666667,71.46191666666667,59.04744,52.345801548026216,56.63825571097323,54.923076923076934,23.425196850393718,34.88226059654632,-4.292454162947017,-4.366630272269001,0.14835221864396786,-4.292454162947017,-4.276869025454425,-0.03117027498518432,66.80500155047167,55.586,44.366998449528324,16.271078683613027,13.748092743977127,21.317050562884827,14.35483375675095,11.60151402030667,19.861473229639508,2.856967177581093,-51.350064147701566,-73.97504456327984,0.004074044774938753,0.00025612230825315186,-0.08664052099449493,-0.1240208426791814,-0.2383014687864133,-0.2895516609662722,-0.14018287668356152,124.73963871393323
2023-08-29,50.5,53.49,49.98,53.02,25022450.0,1304798051.72,2.8417,4.4318,50.808,50.799,55.29,57.28666666666667,66.15066666666667,71.44216666666667,59.02892,50.808,50.799,55.29,57.28666666666667,66.15066666666667,71.44216666666667,59.02892,52.44952438679142,56.37023676941966,65.69086651053865,41.90064794816415,40.669710806697125,-3.9207123826282455,-4.27744669434085,0.713468623425209,-3.9207123826282455,-4.222075695788859,0.6027266263212265,66.44862847637182,55.29,44.13137152362817,32.93071912240871,20.142301536787656,58.50755429365083,31.65322250450066,18.285416848371334,58.388833816759316,2.975700418020895,-45.48404518450941,-33.74999999999992,0.04353645095260596,0.04372133309710828,-0.0410562488695966,-0.07447922727801697,-0.19849636184064656,-0.25786125374137114,-0.10179620430121365,154.28567323660226
2023-08-30,53.78,57.26,53.21,56.54,33565299.0,1869644697.22,3.8118,6.639,52.136,51.352999999999994,55.080999999999996,56.773,65.70133333333334,71.47783333333332,59.03804,52.136,51.352999999999994,55.080999999999996,56.773,65.70133333333334,71.47783333333332,59.03804,53.078828327285045,56.38281182353673,72.35849056603774,58.59473023839399,48.927536231884055,-3.303983496251682,-4.082754054723017,1.5575411169426694,-3.303983496251682,-4.080830742013909,1.5536944915244533,65.96459634834443,55.080999999999996,44.197403651655556,52.26827815707751,30.850960410217606,95.10291365079732,51.41661374513881,29.329149147293826,95.59154294082877,3.205573069289822,5.584031637246607,-9.056603773584897,0.08447138253797752,0.10100675715148102,0.02648826274032794,-0.004104063551336095,-0.13943907784722792,-0.20898553630845915,-0.04231238028904759,190.17823284090014
2023-08-31,55.92,62.3,55.19,59.19,39076383.0,2303283806.65,4.4377,4.6869,53.836,52.20400000000001,54.876,56.46166666666667,65.36466666666666,71.52808333333333,59.0494,53.836,52.20400000000001,54.876,56.46166666666667,65.36466666666666,71.52808333333333,59.0494,54.01900858462581,56.59075168845993,90.92511013215858,68.94767107533065,53.17179417369997,-2.571743103834123,-3.780551864545238,2.4176175214222297,-2.571743103834123,-3.8486634130631727,2.553840618458099,65.25113099473481,54.876,44.50086900526519,60.19835428588334,40.633425035439515,99.32821278677099,59.63057801125754,39.429625435281736,100.03248316320915,3.9154688748734907,57.363708283573516,-23.941493456505007,0.09945018203432646,0.13382116312926193,0.07861360157445878,0.04832187029548055,-0.09446489948698074,-0.17249285537032655,0.002381057216500069,158.09762948922634
2023-09-01,59.19,61.39,58.43,59.31,27377647.0,1632379642.7,3.1091,0.2027,55.766000000000005,53.122,54.665499999999994,56.392,65.02183333333333,71.58158333333333,59.047160000000005,55.766000000000005,53.122,54.665499999999994,56.392,65.02183333333333,71.58158333333333,59.047160000000005,54.83300726391414,56.79217748931475,90.35580524344569,76.1156505342552,53.03113052976516,-1.9591702254006123,-3.4162755367163133,2.914210622631402,-1.9591702254006123,-3.557972153422779,3.197603856044333,64.45659471864539,54.665499999999994,44.87440528135459,65.79300088137668,49.019950317418576,99.3391020092929,65.4144833649595,48.09124474517432,100.06096060452984,3.7417472612601284,76.30512502254332,-23.017705927636616,0.06355126779758269,0.11648657806558492,0.08496217907089496,0.05174492835863241,-0.08784485211377713,-0.17143492448593028,0.004451357186357431,102.04596586079937
2023-09-04,59.96,61.23,58.58,61.1,22694765.0,1359654809.18,2.5773,3.018,57.83200000000001,54.198,54.5005,56.38866666666667,64.75266666666667,71.6545,59.056560000000005,57.83200000000001,54.198,54.5005,56.38866666666667,64.75266666666667,71.6545,59.056560000000005,55.79715999254273,57.11127545306922,100.0,79.97698504027619,52.954048140043774,-1.3141154605264873,-2.9958435214783483,3.363456121903722,-1.3141154605264873,-3.212763431438734,3.797295941824493,63.693851087092156,54.5005,45.30714891290785,74.11604215802328,57.38531426428681,107.5774979454962,73.86369714707848,56.682062212475714,108.22696701628402,3.5432477592128317,93.93220091693188,-9.237875288683574,0.05650850740074687,0.12734787261522568,0.12109063219603487,0.08355106818154939,-0.05640951723995925,-0.14729709927499315,0.034601405838741654,134.6272151084478
2023-09-05,62.4,62.44,58.13,58.13,26112165.0,1564447899.32,2.9654,-4.8609,58.854,54.830999999999996,54.19,56.313,64.42466666666667,71.69266666666667,59.067879999999995,58.854,54.830999999999996,54.19,56.313,64.42466666666667,71.69266666666667,59.067879999999995,56.15605845522846,57.18673653061965,77.66917293233084,70.20202020202021,46.569536423841065,-1.0306780753911866,-2.6028104322609162,3.1442647137394593,-1.0306780753911866,-2.8770579920468036,3.692759833311234,62.34492618315113,54.19,46.035073816848865,71.80216468823792,62.190931072270516,91.02463192017274,71.6339346809414,61.666019701964274,91.56976463889563,3.6826572575377705,91.81672850119122,-32.8255902513328,-0.01230162775682191,0.06016669402345401,0.07270714153902944,0.032266084207909364,-0.0977058476566946,-0.1891778796529631,-0.015878003408959198,60.75627331569814
2023-09-06,57.9,60.48,57.6,60.0,22347129.0,1327644967.75,2.5378,3.2169,59.54600000000001,55.840999999999994,54.14,56.34133333333333,64.11816666666667,71.73433333333334,59.10708,59.54600000000001,55.840999999999994,54.14,56.34133333333333,64.11816666666667,71.73433333333334,59.10708,56.747434077501005,57.39512641724041,77.0123839009288,72.50698974836905,45.56005398110661,-0.6476923397394074,-2.2117868137566146,3.1281889480344143,-0.6476923397394074,-2.5340786609225887,3.7727726423663626,62.12970917065141,54.14,46.15029082934859,75.00697752508576,66.46294655654228,92.09503946217274,74.89482418688807,66.07562119693888,92.53323016678647,3.5367195743490836,95.00863197435062,-18.583396801218573,0.007624357639471896,0.07447932522698388,0.10823790173623937,0.06493752366527834,-0.06422776696152158,-0.1635804333582711,0.015106819690635988,137.24902699522139
2023-09-07,59.53,60.1,57.93,58.08,17864564.0,1048733809.84,2.0288,-3.2,59.324,56.580000000000005,54.1005,56.368,63.73983333333333,71.77141666666667,59.14304,59.324,56.580000000000005,54.1005,56.368,63.73983333333333,71.77141666666667,59.14304,56.952444219423924,57.44585779374112,56.802120141342755,64.32481751824818,42.97883324728962,-0.493413574317195,-1.8681121658687307,2.7493971831030715,-0.493413574317195,-2.2201301860602203,3.4534332234860505,61.9990394386032,54.1005,46.201960561396795,71.67399357745151,68.1999622301787,78.62205627199714,72.19441693698099,68.11521977695293,80.3528112570371,3.2882251062856143,85.12084202932168,-33.20639756283321,-0.020969590722136063,0.02651113467656403,0.07355754567887546,0.030371842179960192,-0.088795860254838,-0.1907641969818533,-0.017974050708249034,72.23598066548776
2023-09-08,57.51,59.4,57.2,57.24,15387387.0,894313738.74,1.7475,-1.4463,58.910000000000004,57.33800000000001,54.199,56.38066666666667,63.335833333333326,71.8065,59.16504,58.910000000000004,57.33800000000001,54.199,56.38066666666667,63.335833333333326,71.8065,59.16504,56.99668357028178,57.43060906827882,39.747634069400654,67.59348034515821,40.74935400516795,-0.4339254979970377,-1.5812748322943921,2.294698668594709,-0.4339254979970377,-1.9453294648197308,3.022807933645386,62.20731909559393,54.199,46.190680904406065,67.20481326779273,67.86824590938338,65.87794798461144,67.55176217414572,67.92740057601719,66.80048537040278,3.0903659960518652,67.7816013714515,-41.73354735152484,-0.02834832795790191,-0.001709163207645995,0.056108046273916565,0.015241631292050441,-0.09624620080786271,-0.2028576800150404,-0.03253678185631237,86.44306833444504
2023-09-11,57.0,60.12,56.19,58.3,20974364.0,1215462735.99,2.3819,1.8519,58.35,58.090999999999994,54.424,56.421,63.0445,71.81316666666666,59.197520000000004,58.35,58.090999999999994,54.424,56.421,63.0445,71.81316666666666,59.197520000000004,57.19719379023843,57.49500839655446,45.167464114832505,68.00757217226692,42.39294710327455,-0.29781460631603096,-1.3245827870987201,2.0535363615653783,-0.29781460631603096,-1.6918656404345462,2.7881020682370306,62.63540516214212,54.424,46.21259483785788,63.185296241367055,66.30726268671128,56.941363350678614,67.29240003691042,67.71573372964826,66.44573265143475,3.243026724042435,64.98371114735878,-33.22632423756019,-0.000856898029134606,0.0035978034463170407,0.07121858003821839,0.033303202708211445,-0.0752563665347493,-0.18817115709978902,-0.015161445952465697,120.14046172870678
2023-09-12,57.98,58.57,56.72,56.76,14101761.0,808793975.23,1.6015,-2.6415,58.076,58.464999999999996,54.63199999999999,56.348333333333336,62.70583333333334,71.78266666666667,59.20668,58.076,58.464999999999996,54.63199999999999,56.348333333333336,62.70583333333334,71.78266666666667,59.20668,57.12993320712482,57.44056333014302,28.725490196078397,66.40480591497229,44.406332453825854,-0.3106301230181998,-1.121792254282616,1.6223242625288323,-0.3106301230181998,-1.479367868524339,2.3374754910122784,62.859600788617186,54.63199999999999,46.404399211382795,49.34192163217575,60.65214900186611,26.721466892795036,57.68211284511976,64.37119343480543,44.3039516657484,2.9897491378529013,45.00443655723149,-61.538461538461554,-0.02265996280735592,-0.02916274694261521,0.03895153023868809,0.007305746990446243,-0.09482105598894318,-0.20927986329104528,-0.04132439109911248,76.51354433885315
2023-09-13,56.4,56.8,54.87,55.33,12681051.0,705047061.84,1.4401,-2.5194,57.141999999999996,58.34400000000001,54.8485,56.168666666666674,62.2945,71.73041666666667,59.20360000000001,57.141999999999996,58.34400000000001,54.8485,56.168666666666674,62.2945,71.73041666666667,59.20360000000001,56.8530204060287,57.28422530568798,33.83371824480365,60.38251366120218,45.24193548387097,-0.431204899659285,-0.9836747833579498,1.1049397673973296,-0.431204899659285,-1.3181120271604847,1.7738142550023994,62.899679122536654,54.8485,46.79732087746335,34.920153831402075,52.074817278378106,0.6108269374500139,40.48028130669808,56.40755605876966,8.625731802554924,2.797067476425101,11.934391573409945,-93.9233817701453,-0.03171047565713482,-0.05165912518853712,0.008778726856705232,-0.014931219066383549,-0.11179959707518322,-0.22863964031994802,-0.06542845367511452,77.47879082796999
2023-09-14,55.49,55.6,53.25,53.69,12824006.0,691618730.81,1.4564,-2.964,56.263999999999996,57.794,54.999,55.84866666666667,61.78983333333334,71.62841666666667,59.20968,56.263999999999996,57.794,54.999,55.84866666666667,61.78983333333334,71.62841666666667,59.20968,56.36640188202428,57.017986394155535,12.574139976275163,51.56908665105386,47.75822928490351,-0.651584512131258,-0.9172567291126115,0.5313444339627069,-0.651584512131258,-1.2155693325406036,1.1279696408186912,62.83165472237939,54.999,47.166345277620614,24.876040167615884,43.00855824145737,-11.388995980067094,28.582791817813224,47.13263464511752,-8.516893836795361,2.7157824807114466,-19.648836206756748,-95.2121871599565,-0.04574861367837335,-0.07101083157421184,-0.023800432735140722,-0.0386520716698698,-0.13108682927881893,-0.25043715192178156,-0.09322259468384225,74.01629422777862
2023-09-15,54.0,54.87,52.6,52.85,13064099.0,698712050.92,1.4836,-1.5645,55.386,57.148,55.135000000000005,55.49300000000001,61.397333333333336,71.51716666666668,59.207879999999996,55.386,57.148,55.135000000000005,55.49300000000001,61.397333333333336,71.51716666666668,59.207879999999996,55.82541697709747,56.70924666125512,14.421768707482954,40.1178361006963,48.6275642877781,-0.8838296841576536,-0.91057132012162,0.053483271927932785,-0.8838296841576536,-1.1645324635586114,0.5614055588019156,62.70162895113951,55.135000000000005,47.5683710488605,17.430910247245283,34.48267557672001,-16.672620411704173,19.902078014043507,38.05578243475952,-16.405330827388525,2.634731120582092,-38.48111574875294,-97.45934959349594,-0.04578774419528403,-0.0752082312591867,-0.04144372902874768,-0.04762762870992751,-0.1392134294649062,-0.2610165857614607,-0.10738232816307551,85.41140712833491
2023-09-18,52.09,53.56,51.95,52.95,10602954.0,560388662.69,1.2041,0.1892,54.315999999999995,56.33299999999999,55.265499999999996,55.11133333333334,61.122499999999995,71.40633333333334,59.2002,54.315999999999995,56.33299999999999,55.265499999999996,55.11133333333334,61.122499999999995,71.40633333333334,59.2002,55.383045134467096,56.4307839456066,17.549167927382726,30.64516129032259,50.52223216950164,-1.047738811139503,-0.9380048183251967,-0.21946798562861258,-1.047738811139503,-1.146564209340287,0.19765079640156813,62.56939218517385,55.265499999999996,47.961607814826145,15.528383306682478,28.16457815337417,-9.744006386700903,16.445681497763992,30.85241545576101,-12.367786418230047,2.4484163713853473,-55.553203201083846,-90.46711153479504,-0.025149127328963707,-0.060053609784673084,-0.04189774814305477,-0.03921758380006541,-0.1337069000777127,-0.2584691367245669,-0.10557734602247965,101.90834015023218
2023-09-19,53.0,53.5,51.78,52.07,9249642.0,485551620.26,1.0504,-1.6619,53.378,55.727,55.27900000000001,54.70233333333333,60.845000000000006,71.31308333333332,59.182,53.378,55.727,55.27900000000001,54.70233333333333,60.845000000000006,71.31308333333332,59.182,54.873345883010614,56.1077629125987,1.5552099533437342,28.554502369668228,51.631594998475144,-1.2344170295880872,-0.9972872605777748,-0.4742595380206247,-1.2344170295880872,-1.1600800278399486,-0.14867400349627724,62.556873894281544,55.27900000000001,48.00112610571848,11.511328279594872,22.613494862114408,-10.693004885444196,12.074898776287105,24.593243229269714,-12.961790129678114,2.3159770311334658,-65.97325408618131,-96.66666666666669,-0.024504477500093668,-0.06562348592244328,-0.05805097776732592,-0.04812104297805691,-0.14421891692004282,-0.26983945208744997,-0.12017167381974252,84.56996139108762
2023-09-20,52.0,53.48,51.28,51.39,9798317.0,513720456.94,1.1127,-1.3059,52.589999999999996,54.866,55.3535,54.382,60.53483333333334,71.20049999999999,59.16436,52.589999999999996,54.866,55.3535,54.382,60.53483333333334,71.20049999999999,59.16436,54.3374465163936,55.758298993146944,1.7953321364452677,19.213696892834477,51.07088989441932,-1.4208524767533461,-1.0820003038128891,-0.677704345880914,-1.4208524767533461,-1.2001988661343175,-0.4413072212380573,62.427173280850795,55.3535,48.2798267191492,8.089000150197485,17.771996624808768,-11.27699279902508,8.464713814658975,19.217066757732802,-13.03999207148868,2.2948902982001074,-78.80273321449795,-98.7556561085973,-0.022818026240730097,-0.06335435424488753,-0.07160342164452106,-0.05501820455297704,-0.15106729183472883,-0.27823540565024113,-0.1314027566595836,87.68199045343535
2023-09-21,51.01,52.08,51.01,51.3,9551189.0,491244774.95,1.0847,-0.1751,52.112,54.188,55.384,54.12966666666667,60.25633333333334,71.00716666666668,59.14632,52.112,54.188,55.384,54.12966666666667,60.25633333333334,71.00716666666668,59.14632,53.87014705233304,55.428054623284204,2.3640661938534464,23.50659425911556,51.789538085041286,-1.5579075709511656,-1.1771817572405445,-0.7614516274212422,-1.5579075709511656,-1.2552309745676786,-0.605353192766974,62.37781802210551,55.384,48.39018197789449,6.453771779604761,13.999255009740768,-8.637194680667253,6.704247555912421,15.046127023792675,-9.979511379848088,2.0721829712546334,-93.21300531586085,-96.81668496158069,-0.015581823764200274,-0.053295932678821975,-0.07373970821898027,-0.05227570832999787,-0.14863721102622696,-0.27753771332940586,-0.13265947906818218,98.26242419975422
2023-09-22,51.2,54.46,51.1,54.26,24431858.0,1299522649.48,2.7746,5.77,52.39399999999999,53.89,55.61400000000001,54.096000000000004,60.02283333333333,70.82183333333334,59.126520000000006,52.39399999999999,53.89,55.61400000000001,54.096000000000004,60.02283333333333,70.82183333333334,59.126520000000006,53.93012442889719,55.341532058596485,55.13513513513514,29.4706723891273,55.53047404063205,-1.4114076296992977,-1.2240269317322952,-0.37476139593400504,-1.4114076296992977,-1.2792581522802353,-0.2642989548381247,62.09929153668527,55.61400000000001,49.12870846331475,18.632320516209166,15.543610178563569,24.809741191500365,16.36119247964597,15.484482175743773,18.114613087450362,2.3063315219356086,-58.89242490565136,-64.32491767288694,0.03561476504943328,0.006865837817776906,-0.024346387600244778,0.0030316474415852256,-0.09601068482272024,-0.23385208422073245,-0.08230689037677184,175.23636794032714
2023-09-25,53.9,54.11,52.35,52.57,14840218.0,784746303.84,1.6853,-3.1146,52.318,53.31699999999999,55.70399999999999,54.055,59.739000000000004,70.61683333333333,59.112,52.318,53.31699999999999,55.70399999999999,54.055,59.739000000000004,70.61683333333333,59.112,53.72087451675916,55.13623338758934,47.81249999999999,29.963636363636354,51.0793383795907,-1.4153588708301825,-1.2622933195518726,-0.3061311025566198,-1.4153588708301825,-1.3001967243648425,-0.23032429293068013,61.951860770738904,55.70399999999999,49.45613922926108,21.402548737921844,17.49658969834966,29.21446681706621,17.785768531404198,16.25157762763058,20.854150338951428,2.2342712452200426,-67.32885863022788,-79.36507936507934,0.004816697886004863,-0.014010540728097846,-0.05626166882091041,-0.027472019239663296,-0.12000535663469432,-0.2555599349541304,-0.11067126810123158,72.87555511453843
2023-09-26,52.66,55.11,52.43,53.46,18387565.0,988263293.84,2.0882,1.693,52.596000000000004,52.987,55.726,54.083666666666666,59.44416666666667,70.35566666666666,59.07543999999999,52.596000000000004,52.987,55.726,54.083666666666666,59.44416666666667,70.35566666666666,59.07543999999999,53.680739975719284,55.012067951471614,53.54659248956883,36.304347826086946,55.135603000577035,-1.3313279757523304,-1.276100250791964,-0.11045544992073264,-1.3313279757523304,-1.3049861476552254,-0.052683656194210116,61.93705771143279,55.726,49.514942288567205,32.06066793130883,22.35128244266938,51.479438908587724,25.961957374419168,19.48837087656011,38.90913037013728,2.3153128369982166,-54.685735637705996,-57.6856649395509,0.016427104722792553,0.008926717874195538,-0.04066324516383732,-0.011531515984493132,-0.1006686947135267,-0.2401464937673819,-0.09505540712011613,118.27958008285022
2023-09-27,53.88,54.5,53.19,54.0,14060580.0,758220242.03,1.5968,1.0101,53.117999999999995,52.854,55.599000000000004,54.18366666666667,59.18933333333334,70.09,59.03996,53.117999999999995,52.854,55.599000000000004,54.18366666666667,59.18933333333334,70.09,59.03996,53.7298569025317,54.93709995506631,64.08759124087591,33.81024096385542,54.80964835803545,-1.2072430525346078,-1.262328811140493,0.1101715172117701,-1.2072430525346078,-1.2899487484058996,0.16541139174258346,61.843758307236676,55.599000000000004,49.35424169276333,45.682721710303454,30.128428865214072,76.79130740048222,39.02184231642469,25.99952802318164,65.0664709029108,2.132528684816723,-45.49316166704563,-34.85838779956428,0.01660454083361582,0.021682370303099118,-0.028759510063130697,-0.0033897053847715603,-0.08767345467651835,-0.22956199172492514,-0.0853652339872859,110.57273553218813
2023-09-28,54.27,54.59,53.11,53.98,14447341.0,779568456.03,1.6407,-0.037,53.653999999999996,52.883,55.338499999999996,54.293666666666674,58.93066666666667,69.86291666666666,59.005039999999994,53.653999999999996,52.883,55.338499999999996,54.293666666666674,58.93066666666667,69.86291666666666,59.005039999999994,53.768340455988366,54.86620366209843,70.92084006462031,38.18027210884354,56.467065868263475,-1.0978632061100626,-1.2294356901344068,0.26314496804868837,-1.0978632061100626,-1.2603971265142324,0.3250678408083396,61.384019524060896,55.338499999999996,49.292980475939096,54.60148927028359,38.28611566690391,87.23223647704293,50.16090300769774,34.05331968468701,82.37606965371918,2.013887105759138,-41.02856623224133,-27.56097560975615,0.00607596824095129,0.02074390635932141,-0.024548912601534186,-0.005777223862820285,-0.08400832616860497,-0.22734402490591696,-0.08516289455951555,99.63024630431197
2023-10-09,53.14,53.5,51.7,53.06,11534658.0,609064530.23,1.3099,-1.7043,53.414,52.903999999999996,55.025999999999996,54.391333333333336,58.6975,69.62466666666666,58.97404,53.414,52.903999999999996,55.025999999999996,54.391333333333336,58.6975,69.62466666666666,58.97404,53.65936500122092,54.732410798239286,62.53561253561258,39.911111111111126,53.44775669978922,-1.0730457970183664,-1.1981577115111988,0.25022382898566464,-1.0730457970183664,-1.23157384505333,0.31705609606992713,60.8491855995089,55.025999999999996,49.20281440049109,53.06765951352242,43.21329694911008,72.77638464234711,50.10726867179852,39.404636013724186,71.5125339879472,2.0622712683483844,-63.95744013384922,-49.999999999999915,-0.006627475942636747,0.002948737335551299,-0.035728564678515505,-0.02447693872798362,-0.09604327271178494,-0.23791376619397325,-0.10028209022139233,84.20611953627781
2023-10-10,53.58,54.6,53.21,53.94,13503757.0,727609387.64,1.5335,1.6585,53.688,53.003,54.668000000000006,54.51133333333334,58.424,69.45083333333334,58.93644,53.688,53.003,54.668000000000006,54.51133333333334,58.424,69.45083333333334,58.93644,53.7025396164177,54.673713702073414,46.761133603238854,51.19161105815062,51.44472361809045,-0.9711740856557114,-1.1527609863401014,0.36317380136877997,-0.9711740856557114,-1.1915123436075425,0.4406765159036623,59.752397599261954,54.668000000000006,49.58360240073806,59.19957788706372,48.5420572617613,80.51461913766855,57.22598399258112,45.34508534000983,80.9877812977237,1.967312855921405,-28.389997962675235,-28.53658536585369,0.004693786320965492,0.01767824462766254,-0.013316748371991084,-0.01048100089278087,-0.07674928111734906,-0.22333545313831132,-0.08477675271869152,117.87914161729158
2023-10-11,54.12,55.55,52.88,55.02,19630937.0,1069933781.53,2.2294,2.0022,54.0,53.298,54.5125,54.61866666666667,58.04433333333334,69.27600000000001,58.91204,54.0,53.298,54.5125,54.61866666666667,58.04433333333334,69.27600000000001,58.91204,53.90522582927652,54.699364538956864,78.29099307159358,60.111835973904945,47.414965986394556,-0.7941387096803467,-1.0810365310081504,0.5737956426556075,-0.7941387096803467,-1.130377938387974,0.6724784574152545,59.33454531839383,54.5125,49.69045468160618,68.90838232118497,55.330832281569194,96.06348240041653,67.59265305819656,52.76094124607208,97.25607668244552,2.095074154844785,-4.895918926321333,-11.674008810572557,0.018888888888888948,0.03230890464933021,0.009309791332263248,0.0073479152426520885,-0.05210385165362116,-0.2057855534384203,-0.06606527290516497,121.92603176302907
2023-10-12,55.22,55.5,53.87,55.0,15459879.0,845739421.93,1.7557,-0.0364,54.2,53.659000000000006,54.2625,54.78866666666667,57.712,69.04525,58.89084,54.2,53.659000000000006,54.2625,54.78866666666667,57.712,69.04525,58.89084,54.073652624772436,54.721633832367466,72.2543352601156,59.62441314553989,42.174075457601795,-0.6479812075950306,-0.9944254663255265,0.6928885174609918,-0.6479812075950306,-1.056163056727521,0.8163636982649809,58.349000883848746,54.2625,50.17599911615126,75.15240469352409,61.938023085554164,101.58116790946394,74.35692289048643,59.9596017942102,103.15156508303889,2.010515217600279,15.98217712164568,-12.11453744493386,0.014760147601475962,0.0249911478037234,0.013591338401289971,0.0038572454157184944,-0.04699196007762689,-0.20342094496000807,-0.06606867893207156,99.63708985248849
2023-10-13,54.43,55.05,52.82,53.51,13710044.0,739588523.92,1.557,-2.7091,54.105999999999995,53.879999999999995,54.034000000000006,54.882666666666665,57.3215,68.85600000000001,58.857879999999994,54.105999999999995,53.879999999999995,54.034000000000006,54.882666666666665,57.3215,68.85600000000001,58.857879999999994,53.986936836345905,54.631883178118024,44.44444444444443,56.39431616341029,39.69438521677326,-0.6449463417721191,-0.9245296414148451,0.559166599285452,-0.6449463417721191,-0.9928989467343823,0.6959052099245264,57.71242300306614,54.034000000000006,50.35557699693387,65.7725988000117,63.21621499037335,70.88536641928842,67.62371638391978,62.51430665744674,77.84253583686589,2.050421541672955,-17.658198273529994,-45.842696629213506,-0.011015414186966263,-0.006867112100965061,-0.009697597808787208,-0.025010932413391005,-0.06649337508613701,-0.22287091901940295,-0.09086090086832888,75.98408092974653
2023-10-16,53.1,53.47,50.88,51.89,14464690.0,748741963.24,1.6427,-3.0275,53.872,53.64300000000001,53.76649999999999,54.957,56.87966666666667,68.64641666666667,58.83268,53.872,53.64300000000001,53.76649999999999,54.957,56.87966666666667,68.64641666666667,58.83268,53.664331169215764,54.42878072047965,32.61231281198006,52.04918032786885,33.53593135502324,-0.7644495512638869,-0.8925136233846536,0.2561281442415333,-0.7644495512638869,-0.9577528858927676,0.38660666925776144,57.23541322280925,53.76649999999999,50.29758677719074,51.05753553119981,59.16332183731551,34.84596291896841,52.29161392047186,59.106742411788446,38.66135693783869,2.1557994431869623,-101.8113142759028,-78.372591006424,-0.036790911790911776,-0.03267900751262992,-0.03490091413798542,-0.05580726750004549,-0.08772320512895654,-0.24409747049190478,-0.11800720279953254,73.53383177345385
2023-10-17,52.2,53.1,51.63,52.54,10768040.0,563662499.34,1.2229,1.2526,53.592,53.64,53.4785,55.01599999999999,56.487,68.4165,58.79924,53.592,53.64,53.4785,55.01599999999999,56.487,68.4165,58.79924,53.49135714318257,54.28887103748116,45.4703832752613,54.85893416927901,39.103313840155934,-0.7975138942985893,-0.8735136775674408,0.15199956653770297,-0.7975138942985893,-0.9331007333398171,0.2711736780824556,56.24868923921547,53.4785,50.70831076078452,45.88703653543227,54.737893403354434,28.185322799587937,46.70975546161364,54.97441342839685,30.180439528047216,2.0311086353347867,-76.93167840769324,-64.45396145610282,-0.01962979549186445,-0.020507084265473555,-0.017549108520246413,-0.045005089428529745,-0.06987448439463952,-0.23205659453494407,-0.1064510357616867,113.25671936740147
2023-10-18,55.3,57.46,54.55,55.51,49130438.0,2751036143.52,5.5795,5.6528,53.69,53.84499999999999,53.416,55.099,56.192833333333326,68.19075000000001,58.786,53.69,53.84499999999999,53.416,55.099,56.192833333333326,68.19075000000001,58.786,53.801917582692944,54.37932503470478,60.02554278416347,54.89428347689899,41.60747663551401,-0.5774074520118333,-0.8142924324563193,0.47376996088897205,-0.5774074520118333,-0.8783786900585888,0.601942476093511,55.917867933746166,53.416,50.91413206625383,54.046271570733964,54.507352792480944,53.12410912724002,54.59475085485487,54.8478592372162,54.088534090132214,2.556361610728462,170.30314031584626,-29.635258358662664,0.03389830508474577,0.030922091187668428,0.039201737307173905,0.007459300531770112,-0.012151608894372551,-0.1859599725769259,-0.05572755417956662,173.3051979884667
2023-10-19,54.87,60.91,54.87,59.06,60219817.0,3554828504.99,6.8388,6.3952,54.501999999999995,54.351,53.6025,55.183,55.977999999999994,67.92833333333333,58.834,54.501999999999995,54.351,53.6025,55.183,55.977999999999994,67.92833333333333,58.834,54.610853339201725,54.726041698800714,69.61165048543688,72.18045112781955,51.72656800563777,-0.11518835959898865,-0.6744716178848533,1.1185665165717293,-0.11518835959898865,-0.7609647930648041,1.291552866931631,57.073510015302226,53.6025,50.13148998469777,63.21595904649132,57.41022154381774,74.82743405183848,63.58161190257193,57.759110125668116,75.22661545637956,3.189750408777832,295.8737221251125,-18.444666001993973,0.08362995853363193,0.08664054019245282,0.10181428105032421,0.07025714441041629,0.055057343956554504,-0.13055426061780787,0.0038413162457082485,185.87550136964836
2023-10-20,59.06,60.7,57.58,59.22,40644610.0,2408901479.69,4.6158,0.2709,55.64399999999999,54.875,53.879,55.184,55.82283333333333,67.611,58.918879999999994,55.64399999999999,54.875,53.879,55.184,55.82283333333333,67.611,58.918879999999994,55.31995282547838,55.058927498889545,70.21072796934865,70.71942446043165,53.57400722021661,0.26102532658883604,-0.4873722289901155,1.496795111157903,0.26102532658883604,-0.603735543887321,1.729521740952314,58.164770335474536,53.879,49.59322966452546,69.86082214930596,61.56042174564715,86.46162295662359,70.10459072002635,61.874270323787535,86.56523151250398,3.1770685162727723,265.8578653002443,-16.849451645064793,0.06426568902307542,0.07917995444191342,0.0991295309860985,0.07313714120034795,0.06085622072210602,-0.12410702400496967,0.00511075566949006,102.74237584123573
2023-10-23,58.62,61.15,56.88,59.15,36385261.0,2143923578.05,4.1321,-0.1182,57.096000000000004,55.484,54.194,55.178666666666665,55.78533333333334,67.34233333333333,59.00128000000001,57.096000000000004,55.484,54.194,55.178666666666665,55.78533333333334,67.34233333333333,59.00128000000001,55.90919085232786,55.36196990637921,81.2638580931264,69.17349218168279,51.59116435791839,0.5472209459486521,-0.280453594002362,1.6553490799020283,0.5472209459486521,-0.42666531468178664,1.9477725212608776,59.049540080536524,54.194,49.33845991946348,73.41581586974178,65.51221978701203,89.22300803520127,73.57832825022206,65.77562296593239,89.1837388188014,3.375783331495904,195.94095203851333,-19.47419668938657,0.0359744990892531,0.06607310215557632,0.09144923792301723,0.07197225981055481,0.06031453906642111,-0.12165205640830183,0.002520623281393051,98.8242345356293
2023-10-24,59.3,59.55,55.0,57.16,32180626.0,1834154734.76,3.6546,-3.3643,58.019999999999996,55.806000000000004,54.4045,55.047333333333334,55.717999999999996,67.07475,59.07472,58.019999999999996,55.806000000000004,54.4045,55.047333333333334,55.717999999999996,67.07475,59.07472,56.1016230288928,55.49515732072149,78.06176783812565,60.324675324675326,50.736377025036816,0.6064657081713136,-0.1030697335676269,1.4190708834778811,0.6064657081713136,-0.2677220803966943,1.7483755771360159,59.3960865002508,54.4045,49.412913499749195,69.32686978138578,66.78376978513661,74.41306977388413,69.43521136837263,66.9954857667458,74.31466257162631,3.5892772712239207,104.645703379857,-38.851022395326225,-0.014822475008617709,0.024262624090599434,0.05064838386530522,0.03837909193300303,0.025880325926989488,-0.1478164286859064,-0.03241183369129812,71.01902595643242
2023-10-25,59.0,61.68,58.35,60.98,44095106.0,2643217752.32,5.0076,6.683,59.114,56.402,54.85,55.14233333333333,55.727666666666664,66.76,59.16296,59.114,56.402,54.85,55.14233333333333,55.727666666666664,66.76,59.16296,56.85214256290929,55.90144196363101,83.59872611464966,71.63934426229507,59.56006768189509,0.9507005992782851,0.10768433300155551,1.686032532553459,0.9507005992782851,-0.08027243736977438,2.061946073296119,60.509990701127904,54.85,49.1900092988721,77.39075269376335,70.31943075467886,91.53339657193231,77.46298041842125,70.48465065063762,91.41963995398854,3.7584995855468444,174.08438369874645,-6.4814814814815085,0.031566126467503466,0.08116733449168462,0.11175934366453957,0.10586542704637085,0.09425001345830616,-0.08657878969442792,0.030712459281956123,190.96421815093962
2023-10-26,59.95,60.6,58.67,60.1,31941875.0,1906662852.95,3.6275,-1.4431,59.322,56.912,55.2855,55.14566666666666,55.743500000000004,66.49008333333333,59.24104,59.322,56.912,55.2855,55.14566666666666,55.743500000000004,66.49008333333333,59.24104,57.351812937846326,56.2124462626213,71.91977077363899,66.83060109289619,61.13233761722821,1.1393666752250269,0.31402080144624983,1.6506917475575542,1.1393666752250269,0.10736434918327199,2.0640046520835096,61.16080594948144,55.2855,49.410194050518555,80.05062525263236,73.5631622539967,93.02555124990369,80.09877706907096,73.68935945678207,92.91761229364874,3.495136024538326,130.82176628682558,-14.629629629629617,0.013114864637065484,0.056016305875738026,0.0870843168642773,0.0898408457600175,0.07815260972131274,-0.09610581026493921,0.014499407842941368,86.47100762575974
2023-10-27,59.62,60.16,57.57,59.44,29334038.0,1729996376.88,3.3313,-1.0982,59.366,57.504999999999995,55.692499999999995,55.191,55.7795,66.25791666666666,59.319759999999995,59.366,57.504999999999995,55.692499999999995,55.191,55.7795,66.25791666666666,59.319759999999995,57.673072485869966,56.45152431724194,52.50659630606857,62.36017897091721,61.51695211464522,1.2215481686280256,0.49552627488260503,1.4520437874908412,1.2215481686280256,0.2787772444824649,1.8855418482911215,61.53299340021086,55.692499999999995,49.85200659978913,79.27089776377812,75.46574075725718,86.88121177682001,79.81893779913372,75.73255223756595,87.99170892226925,3.3305658382586296,95.88941565400604,-20.740740740740765,0.0012465047333490224,0.03364924789148774,0.06728913228890789,0.07698718994038874,0.06562446777041743,-0.10289965350052503,0.0020269805542032296,89.54540138213613
2023-10-30,59.1,62.98,58.23,62.8,37409232.0,2280668861.4,4.2484,5.6528,60.096000000000004,58.596000000000004,56.1195,55.376333333333335,55.8785,65.99666666666667,59.419760000000004,60.096000000000004,58.596000000000004,56.1195,55.376333333333335,55.8785,65.99666666666667,59.419760000000004,58.461830564966895,56.92178177522402,66.60482374768088,68.37888784165881,65.45340445560086,1.540048789742876,0.7044307778546592,1.6712360237764337,1.540048789742876,0.47281902067637427,2.1344595381330036,62.71849346391963,56.1195,49.520506536080376,85.46885473694343,78.80011208381927,98.80634004319177,86.01732417152235,79.16080954888476,99.73035341679756,3.5886447767570604,134.5375518379084,-1.5859030837004389,0.04499467518636837,0.07174551163901961,0.11904061867978144,0.13405847263271306,0.12386696135365112,-0.04843678973685548,0.05688747312341876,173.3039374056557
2023-10-31,61.7,62.59,60.86,61.97,22353882.0,1380012848.98,2.5386,-1.3217,61.05799999999999,59.539,56.5895,55.498666666666665,55.959833333333336,65.74516666666666,59.50884,61.05799999999999,59.539,56.5895,55.498666666666665,55.959833333333336,65.74516666666666,59.50884,59.00154893958737,57.29572386594817,62.21837088388215,70.5739299610895,65.55625392834695,1.705825073639204,0.9047096370115681,1.6022308732552717,1.705825073639204,0.6625122595937327,2.0866256280909425,63.45755411804775,56.5895,49.72144588195225,86.1613162282459,81.25384679862815,95.9762550874814,86.68454272565705,81.66872060780886,96.71618696135346,3.2888911809830486,126.28043269995347,-11.981020166073524,0.014936617642241905,0.04083038008700175,0.09507947587449965,0.11660340188352875,0.10740143972313468,-0.057421204600591635,0.04135788901279204,87.54241519398316
2023-11-01,61.73,67.5,61.44,64.8,39317556.0,2539504345.26,4.4651,4.5667,61.822,60.468,57.15650000000001,55.766666666666666,56.057500000000005,65.5165,59.61464,61.822,60.468,57.15650000000001,55.766666666666666,56.057500000000005,65.5165,59.61464,59.89361833349701,57.851596172174226,80.85621970920842,79.65089572806615,69.73800412128348,2.042022161322784,1.1321721418738113,1.819700038897945,2.042022161322784,0.8747445521674329,2.334555218310702,64.76877616558045,57.15650000000001,49.54422383441956,83.5742108188306,82.02730147202897,86.66802951243386,83.99713774742932,82.44485965434902,87.10169393358993,3.79272914807704,162.55707762557077,-21.377672209026148,0.048170554171654015,0.07164119865052579,0.1337293221243426,0.16198445905558873,0.1559559380992729,-0.010936176383048491,0.08698131868279328,156.2914056748487
2023-11-02,65.7,67.78,63.61,64.38,34430581.0,2262608362.46,3.9101,-0.6481,62.678,61.0,57.6755,56.068333333333335,56.1185,65.31416666666667,59.71696,62.678,61.0,57.6755,56.068333333333335,56.1185,65.31416666666667,59.71696,60.58383089757439,58.33518164090206,68.93095768374165,77.48375116063137,69.067055393586,2.24864925667233,1.355467564833515,1.7863633836776298,2.24864925667233,1.0861145067066478,2.3250694999313644,65.7810574826951,57.6755,49.5699425173049,80.18145092669039,81.41201795691612,77.72031686623893,80.46340221242288,81.78437384037363,77.82145895652138,3.861323848426669,153.42754554139054,-26.604068857590025,0.027154663518299853,0.055409836065573696,0.11624519943476859,0.148241728842781,0.14721526769247215,-0.014302665322735032,0.07808568955954884,93.70433108913059
2023-11-03,63.65,66.77,63.38,66.65,32501165.0,2125578154.14,3.691,3.5259,64.12,61.742999999999995,58.309000000000005,56.50033333333333,56.174499999999995,65.12875000000001,59.828,64.12,61.742999999999995,58.309000000000005,56.50033333333333,56.174499999999995,65.12875000000001,59.828,61.517087682562945,58.95109411194635,81.5814850530376,76.7274472168906,68.43201428146386,2.565993570616598,1.5975727659901318,1.9368416092529328,2.565993570616598,1.3137882088466402,2.504410723539916,67.14592945005641,58.309000000000005,49.472070549943595,83.84032044043315,82.22145211808846,87.07805708512251,84.02828796425482,82.5323452150007,87.02017346276304,3.7756286032581823,141.6428105067552,-8.841940532081342,0.039457267623206504,0.07947459631051311,0.14304824298135793,0.1796390581766481,0.18648141060445597,0.02335758017772481,0.1140268770475363,141.41380697940357
2023-11-06,67.39,68.01,65.66,65.9,37886099.0,2528372120.12,4.3025,-1.1253,64.74,62.41799999999999,58.951,56.93533333333333,56.214166666666664,65.03216666666667,59.931839999999994,64.74,62.41799999999999,58.951,56.93533333333333,56.214166666666664,65.03216666666667,59.931839999999994,62.19138188524557,59.4658278814318,80.87954110898663,68.95787139689578,70.40097949188859,2.7255540038137696,1.8231690135548595,1.8047699805178201,2.7255540038137696,1.5309829465338909,2.3891421145597573,68.0442222301188,58.951,49.8577777698812,82.4899709705059,82.31095840222761,82.84799610706244,83.94609410273918,83.00359484424686,85.83109261972382,3.516423402665787,143.3529110040066,-16.218293620292073,0.01791782514674098,0.05578519016950261,0.11787755932893429,0.15745348524056543,0.17230235557466253,0.013344678146455784,0.09958245900676523,89.30023637232955
2023-11-07,65.9,68.76,64.9,67.97,37386826.0,2498096507.01,4.2458,3.1411,65.94000000000001,63.499,59.652499999999996,57.43600000000001,56.273666666666664,64.96566666666666,60.04612,65.94000000000001,63.499,59.652499999999996,57.43600000000001,56.273666666666664,64.96566666666666,60.04612,63.08040005674625,60.095766556881294,78.1897491821156,71.9298245614035,71.4327917282127,2.9846334998649553,2.0554619108168786,1.8583431780961535,2.9846334998649553,1.7546214932002084,2.4600240133294937,69.26775076991919,59.652499999999996,50.0372492300808,85.97335568423955,83.53175749623159,90.85655206025547,86.94410443906173,84.3170980425185,92.1981172321482,3.5788918749083707,138.0917504494308,-7.059874888293171,0.030785562632696186,0.07041055764657705,0.1394325468337455,0.183404136778327,0.20784736496052036,0.046244939634781476,0.13196323092982523,136.24436630781136
2023-11-08,69.8,71.26,67.07,68.8,40571339.0,2808844495.4,4.6075,1.2211,66.74,64.28099999999999,60.341499999999996,57.99366666666666,56.348,64.91883333333332,60.165519999999994,66.74,64.28099999999999,60.341499999999996,57.99366666666666,56.348,64.91883333333332,60.165519999999994,63.96033850955452,60.740524589704904,87.24100327153761,73.29792370835345,71.67545401288811,3.2198139198496136,2.288332312623426,1.8629632144523756,3.2198139198496136,1.9800357126847323,2.4795564143297626,70.5175736404987,60.341499999999996,50.165426359501296,84.6591302321519,83.90754840820503,86.16229388004564,85.30629606870002,84.64683071791234,86.62522677027539,3.6900024431068505,147.13193895199174,-17.969320672023425,0.030866047347917328,0.07030071094102466,0.14017715834044564,0.18633643903644653,0.22098388585220413,0.05978491090156179,0.14351209795909692,112.904612131458
2023-11-09,68.01,69.5,64.8,65.0,39071914.0,2607236732.92,4.4372,-5.5233,66.864,64.77099999999999,60.841499999999996,58.44733333333333,56.41466666666667,64.823,60.24679999999999,66.864,64.77099999999999,60.841499999999996,58.44733333333333,56.41466666666667,64.823,60.24679999999999,64.12028643116152,61.0560412867638,50.98619329388562,67.40674955595027,64.53059071729959,3.0642451443977166,2.4435148789782843,1.2414605308388644,3.0642451443977166,2.146837163717499,1.8348159613604347,70.89445719781313,60.841499999999996,50.78854280218687,73.7584275735451,80.52450812998507,60.22626646066519,74.96192808281,81.4185298395449,62.04872456934021,3.8736383625419686,92.2925552906577,-45.72680788897007,-0.02787748265135206,0.0035355328773681656,0.0683497283926268,0.11211232904837404,0.15218264753846514,0.002730512318158782,0.0788954766062265,56.656427198158276
2023-11-10,63.7,66.23,63.58,65.02,29612789.0,1919972325.54,3.363,0.0308,66.53799999999998,65.329,61.41700000000001,58.904666666666664,56.51716666666667,64.74674999999999,60.3266,66.53799999999998,65.329,61.41700000000001,58.904666666666664,56.51716666666667,64.74674999999999,60.3266,64.25870390329051,61.34966785811463,53.28542094455853,60.7905982905983,66.15343057806591,2.909036045175881,2.536619112217804,0.7448338659161546,2.909036045175881,2.264098530095712,1.2898750301603386,71.0100810593123,61.41700000000001,51.82391894068772,62.50561838236339,74.51821154744451,38.48043205220114,67.34479012120819,76.727283266766,48.5798038300926,3.6511586602616113,61.12952165219442,-47.889485801995434,-0.022814031079984174,-0.0047299055549602405,0.05866453913411575,0.10381746777278539,0.15044691435935384,0.004220289049257368,0.07779984285539045,100.3081186929512
2023-11-13,64.84,66.4,64.11,65.4,21485736.0,1403277753.68,2.44,0.5844,66.438,65.589,62.092499999999994,59.275999999999996,56.686,64.6515,60.409879999999994,66.438,65.589,62.092499999999994,59.275999999999996,56.686,64.6515,60.409879999999994,64.43428791816889,61.649692461217256,42.03821656050954,64.54445664105378,65.69003285870757,2.784595456951635,2.58621438116457,0.39676215157413,2.784595456951635,2.3441749803812386,0.880840953140793,70.71442767553259,62.092499999999994,53.4705723244674,55.11236744839164,68.04959684776023,29.237908649654457,59.447808798754195,70.9674584440954,36.4085095080718,3.403675267486774,59.825999785184756,-56.34615384615381,-0.015623588909961116,-0.0028815807528700384,0.05326730281434975,0.10331331398879832,0.1537240235684297,0.011577457599591766,0.08260436868936029,106.00047994258266
2023-11-14,65.4,69.0,64.91,68.54,33887291.0,2282900893.8,3.8484,4.8012,66.552,66.24600000000001,62.8925,59.80833333333333,56.931666666666665,64.54491666666667,60.504400000000004,66.552,66.24600000000001,62.8925,59.80833333333333,56.931666666666665,64.54491666666667,60.504400000000004,65.0659359307583,62.1600856122382,62.890625000000014,71.98067632850243,67.5220321410057,2.905850318520102,2.650141568635677,0.5114174997688501,2.905850318520102,2.4305865708641408,0.9505274953119223,70.71451717152222,62.8925,55.070482828477786,58.568989466440456,64.88939438732031,45.92817962468075,63.73234775314097,68.55575488044393,54.08553349853506,3.5284615824891787,90.23651844843904,-27.698574338085507,0.029871378771486948,0.0346285058720526,0.0897960806137458,0.1459941479726907,0.20389941157528046,0.06189617307843774,0.13281017578886828,159.83192043941298
2023-11-15,69.23,69.83,66.82,67.42,23743132.0,1615582029.98,2.6964,-1.6341,66.276,66.508,63.488,60.27366666666667,57.17866666666667,64.43258333333333,60.59672,66.276,66.508,63.488,60.27366666666667,57.17866666666667,64.43258333333333,60.59672,65.42809963371856,62.54970890022055,47.03982777179765,62.513542795232944,65.65020161290323,2.8783907334980086,2.6957914016081435,0.3651986637797302,2.8783907334980086,2.499479518961659,0.7578224290726991,70.73591541719038,63.488,56.240084582809615,56.13567148862527,61.97148675442196,44.4640409570319,59.57791034642562,65.56314003577117,47.60745096773451,3.4341958402184196,92.58520521319136,-48.73096446700511,0.017261150340998333,0.01371263607385587,0.061932963709677456,0.11856476847268842,0.17911109038335968,0.046364999075260975,0.1126014741391944,84.8098862875916
2023-11-16,67.2,68.24,66.22,66.22,16405160.0,1103171968.71,1.863,-1.7799,66.52000000000001,66.692,63.846000000000004,60.681,57.43233333333333,64.33433333333333,60.687239999999996,66.52000000000001,66.692,63.846000000000004,60.681,57.43233333333333,64.33433333333333,60.687239999999996,65.54993045930031,62.82158231501903,36.64596273291928,61.28518321826872,66.13353643056612,2.7283481442812842,2.702302750142772,0.052090788277024735,2.7283481442812842,2.5346900767031397,0.38731613515628904,70.87708406704854,63.846000000000004,56.81491593295147,48.88211432575018,57.60836261153137,31.429617754187788,51.73214327663568,60.95280778272601,33.29081426445504,3.17706932381507,64.90575140425214,-63.95939086294422,-0.004509921828021818,-0.007077310621963567,0.03718322212824601,0.09128063149915133,0.1530090483293383,0.029310425226550866,0.09116842354340061,83.56112576396636
2023-11-17,65.85,67.22,64.83,66.12,15728419.0,1036339936.17,1.7862,-0.151,66.74000000000001,66.639,64.191,61.08566666666666,57.68966666666666,64.24141666666667,60.763600000000004,66.74000000000001,66.639,64.191,61.08566666666666,57.68966666666666,64.24141666666667,60.763600000000004,65.6376334655618,63.065909550943545,59.39597315436245,54.099378881987604,68.7879588064431,2.5717239146182607,2.6761869830378697,-0.20892613683921812,2.5717239146182607,2.540387590228543,0.06267264877943557,70.93773223045665,64.191,57.44426776954335,43.612381772722365,52.943035665261704,24.951073987643696,45.512401073312695,55.80600554625491,24.92519212742826,3.033965810394148,43.41367153721645,-66.92708333333329,-0.009289781240635368,-0.007788232116328145,0.030050941720802013,0.08241431432360036,0.1461324673973966,0.029242557695775263,0.08815145909722269,98.50010304556103
2023-11-20,65.82,68.65,65.28,68.19,24774936.0,1662805520.15,2.8136,3.1307,67.298,66.86800000000001,64.643,61.59,57.99066666666667,64.16941666666666,60.8388,67.298,66.86800000000001,64.643,61.59,57.99066666666667,64.16941666666666,60.8388,66.03030524009077,63.44547180642921,69.78776529338327,60.732394366197184,69.9160091626368,2.584833433661558,2.6579162731626074,-0.14616567900209887,2.584833433661558,2.5472254122951608,0.07521604273279436,71.17561646622129,64.643,58.11038353377871,49.08360173737045,51.656557689297955,43.937689833515435,50.35028127109734,53.98743078786905,43.0759822375539,3.095062935777031,69.25201046410258,-39.97395833333339,0.013254480073701981,0.019770293712986605,0.05487059697105637,0.10716025328787131,0.17587887706067634,0.0626557563117425,0.12083078561707329,136.10637127975303
2023-11-21,67.85,68.58,66.8,67.1,15013298.0,1014206480.87,1.705,-1.5985,67.00999999999999,66.78099999999999,65.14000000000001,62.028666666666666,58.269999999999996,64.05358333333332,60.9222,67.00999999999999,66.78099999999999,65.14000000000001,62.028666666666666,58.269999999999996,64.05358333333332,60.9222,66.19487366469218,63.71617759854556,59.74770642201829,51.35787567893781,65.49051055867415,2.478696066146618,2.62207223175941,-0.28675233122558375,2.478696066146618,2.5366824359646154,-0.11597273963599442,70.71830383577475,65.14000000000001,59.56169616422529,51.495734491580286,51.6029499567254,51.281303561290045,48.84463195850931,52.273164511415814,41.98756685269632,2.855960583817571,70.4412755312135,-54.166666666666764,0.0013430831219221522,0.0047768077746664864,0.030089038992937966,0.08175789688638578,0.15153595332074823,0.04756044093291695,0.10140474244199976,85.11738982207015
2023-11-22,67.12,68.98,66.4,67.33,19263867.0,1302478596.1,2.1877,0.3428,66.992,66.634,65.45750000000001,62.43899999999999,58.52883333333333,63.89375,61.00512,66.992,66.634,65.45750000000001,62.43899999999999,58.52883333333333,63.89375,61.00512,66.36950848550876,63.98386814680144,39.58691910499133,54.45482866043612,62.12965679084775,2.3856403387073186,2.5747858531489918,-0.3782910288833463,2.3856403387073186,2.5134451902327237,-0.2556097030508102,70.75461689208663,65.45750000000001,60.16038310791339,54.33048966105353,52.512129858168116,57.967209266824355,52.563087972339545,52.36980566505706,52.949652586904534,2.8057859322143757,69.12050534499465,-40.0,0.0050453785526629125,0.010445118107872827,0.02860634763014151,0.07833245247361434,0.15037317789237784,0.05378069059962831,0.10367785523575727,103.48107769453256
2023-11-23,67.15,67.67,64.11,67.31,19872869.0,1313221413.06,2.2569,-0.0297,67.21000000000001,66.86500000000001,65.818,62.849333333333334,58.818999999999996,63.73491666666667,61.09196,67.21000000000001,66.86500000000001,65.818,62.849333333333334,58.818999999999996,63.73491666666667,61.09196,66.51419948773818,64.2302482840754,48.83227176220807,47.64285714285715,61.91458026509573,2.283951203662781,2.51661892325175,-0.46533543917793807,2.283951203662781,2.4781384230681174,-0.3883744388106729,70.52884124792655,65.818,61.107158752073445,54.86834508872103,53.297534935019094,58.00996539612491,54.93539198155972,53.22500110389129,58.35617373689658,2.942915762720853,24.111754091220032,-40.319999999999936,0.0014878738282992755,0.00665520077768628,0.02266857090765451,0.07097396949317948,0.1443581155748994,0.056093010241638847,0.10178164197056375,99.70335233671841
2023-11-24,66.8,67.36,62.79,63.43,22285229.0,1438381245.37,2.5308,-5.7644,66.672,66.706,66.01750000000001,63.17999999999999,59.031333333333336,63.50583333333334,61.15543999999999,66.672,66.706,66.01750000000001,63.17999999999999,59.031333333333336,63.50583333333334,61.15543999999999,66.03970725885539,64.17097063340314,31.1231393775372,34.25219941348975,55.667372881355924,1.868736625452243,2.3870424636918486,-1.036611676479211,1.868736625452243,2.384384300357983,-1.0312953498114803,69.84646921679533,66.01750000000001,62.188530783204705,39.60919975611706,48.734756542051755,21.358086184247668,39.65389768467618,48.70129996415292,21.559093125722697,3.2387492604079706,-66.98075808861626,-90.90909090909089,-0.04862610991120707,-0.049111024495547675,-0.03919415306547525,0.003956948401392959,0.07451409985657328,-0.001194116026086987,0.03719309353346176,55.22696896726135
2023-11-27,64.0,67.35,63.71,67.31,31079351.0,2049612533.92,3.5295,6.117,66.49600000000001,66.897,66.243,63.694,59.3255,63.294,61.241600000000005,66.49600000000001,66.897,66.243,63.694,59.3255,63.294,61.241600000000005,66.23513691133918,64.40349132722514,55.32676812891673,56.742556917688276,62.799495586380836,1.8316455841140424,2.2759630877762875,-0.8886350073244902,1.8316455841140424,2.2993475747819923,-0.9354039813358996,69.7953460002189,66.243,62.690653999781084,47.807648322259865,48.425720468787794,46.57150402920401,47.83744694129929,48.41334895653505,46.68564291082778,3.3626130312428835,-6.006343147436041,-35.79545454545449,0.012241337824831462,0.006173669970252727,0.01610736228733613,0.05677143844004144,0.13458799335867383,0.06344993206307084,0.09908950778555747,181.07095477081143
2023-11-28,67.4,71.21,67.3,70.74,37897832.0,2651735449.66,4.3038,5.0958,67.22399999999999,67.11699999999999,66.6815,64.30066666666667,59.65833333333333,63.15599999999999,61.337,67.22399999999999,67.11699999999999,66.6815,64.30066666666667,59.65833333333333,63.15599999999999,61.337,66.92819277113315,64.87286234002327,60.17557861133279,63.92405063291139,62.42995415180845,2.05533043110988,2.2318365564430063,-0.35301225066625275,2.05533043110988,2.261806475755513,-0.4129520892912666,70.17765894496074,66.6815,63.18534105503925,63.344449633683936,53.39863019041985,83.23608852021209,63.36431537971022,53.397004430926785,83.2989372772771,3.462137934653267,185.98764053309432,-5.581947743467923,0.05230274901820787,0.05398036265029732,0.06086395776939624,0.100144114628153,0.18575220002793683,0.1200836025080753,0.1533006178978429,164.38214727953203
2023-11-29,70.06,73.18,70.06,70.6,36559280.0,2639881326.31,4.1518,-0.1979,67.878,67.435,66.97149999999999,64.80366666666667,59.95133333333333,63.051,61.43639999999999,67.878,67.435,66.97149999999999,64.80366666666667,59.95133333333333,63.051,61.43639999999999,67.49308619095882,65.29709475928081,65.11226252158895,62.80788177339899,63.629283489096565,2.19599143167801,2.2246675314900073,-0.057352199623994515,2.19599143167801,2.2516810843589745,-0.11137930536192897,70.760471669965,66.97149999999999,63.18252833003499,67.28577681706614,58.02767906596861,85.80197231926118,67.29902064775032,58.031009836534636,85.8350422701817,3.399931037443583,229.09066790475538,-24.831568816169497,0.04010135831933755,0.04693408467413052,0.054179763033529234,0.089444527315841,0.17762184883294224,0.11972847377519773,0.1491558750187186,98.03845436715194
2023-11-30,71.79,71.8,69.9,71.77,33999712.0,2416644681.06,3.8612,1.6572,68.77,67.99,67.341,65.22733333333333,60.20516666666666,62.95325,61.540519999999994,68.77,67.99,67.341,65.22733333333333,60.20516666666666,62.95325,61.540519999999994,68.15107293081131,65.7765692215563,67.73162939297124,58.81069285324602,65.79554189085319,2.374503709255009,2.254634767043008,0.23973788442400235,2.374503709255009,2.270576872804518,0.2078536729009821,71.49010465928397,67.341,63.19189534071601,73.66693751230778,63.240765214748336,94.51928210742668,73.6757667327639,63.245928801944395,94.53544259440291,3.1272163033629297,187.60650347827837,-13.570741097208948,0.04362367311327614,0.05559641123694663,0.06576973908911365,0.10030559785774873,0.19209037984004695,0.14005234042722178,0.16622348982426544,117.86434628622295
2023-12-01,71.2,73.46,70.89,71.9,25020241.0,1803988195.89,2.8414,0.1811,70.46399999999998,68.56800000000001,67.6035,65.65,60.417,62.89083333333334,61.646,70.46399999999998,68.56800000000001,67.6035,65.65,60.417,62.89083333333334,61.646,68.72783094145572,66.2301566866262,68.17102137767222,62.91810841983854,62.70949720670392,2.497674254829519,2.3032426646003104,0.3888631804584177,2.497674254829519,2.305514931577595,0.38431864650384817,72.20785617534976,67.6035,62.99914382465023,77.57114796977973,68.01755946642547,96.67832497648826,77.5770341167505,68.02296390687977,96.68517453649196,3.025904248206032,189.38437806759245,-14.620431115276372,0.02037920072661248,0.04859409637148514,0.0635544017691393,0.0952018278750952,0.1900623996557261,0.14325087121864602,0.1663368263958733,101.82617764387143
2023-12-04,71.91,74.5,71.91,72.71,26240379.0,1919797912.67,2.98,1.1266,71.54400000000001,69.02,67.944,66.102,60.64033333333334,62.83108333333334,61.762440000000005,71.54400000000001,69.02,67.944,66.102,60.64033333333334,62.83108333333334,61.762440000000005,69.34047233507792,66.71014508020944,98.53556485355648,69.14454277286136,65.0083845723868,2.630327254868476,2.3686595826539434,0.5233353444290652,2.630327254868476,2.3554860582377306,0.5496823932614907,73.00273044194077,67.944,62.885269558059235,79.9520718887629,71.99573027387129,95.86475511854613,79.95599598674342,72.00064126683432,95.86670542656162,2.9484671121685704,179.8589513338301,-15.28608027327076,0.01629766297662952,0.053462764416111246,0.0701460025903684,0.09996671810232655,0.1990369446078241,0.15722976817472223,0.17725271216616423,111.854263512625
2023-12-05,71.55,74.28,70.37,72.85,33405194.0,2425347797.78,3.7936,0.1925,71.966,69.595,68.188,66.625,60.83616666666667,62.79441666666666,61.87792,71.966,69.595,68.188,66.625,60.83616666666667,62.79441666666666,61.87792,69.88039966814286,67.16494914834207,97.59450171821305,69.80576809888167,62.163795708673305,2.7154505198007826,2.438017770083311,0.5548654994349427,2.7154505198007826,2.4108652061705076,0.6091706272605499,73.70225941012144,68.188,62.673740589878555,81.93787428507903,75.30977827760721,95.19406630002268,81.94049035039939,75.31392429468934,95.19362246181947,3.123291273592466,133.2758514503912,-14.090520922288691,0.012283578356446105,0.04677060133630283,0.06836980113803003,0.09343339587242018,0.19747847360533877,0.1601349907701454,0.1773181774694429,101.94222648246725
2023-12-06,72.85,75.78,72.4,75.59,42280489.0,3165862222.83,4.8016,3.7612,72.964,70.421,68.5275,67.112,61.12716666666667,62.77591666666667,62.006440000000005,72.964,70.421,68.5275,67.112,61.12716666666667,62.77591666666667,62.006440000000005,70.7587997191978,67.78902698920562,97.270955165692,70.95130237825595,65.82886190341712,2.9697727299921723,2.5443687620650834,0.8508079358541778,2.9697727299921723,2.4968509790661484,0.9458435018520479,74.96003858376199,68.5275,62.09496141623803,87.4710283275944,79.36352829426961,103.68602839424395,87.4727723711413,79.36687365350667,103.68456980641054,3.169965587484744,162.09985393238708,-1.462663587374886,0.035990351406172974,0.07340140015052322,0.10306081500127685,0.12632614137561105,0.23660238355559315,0.20412419306236074,0.219066922726091,144.65981066849005
2023-12-07,74.99,75.38,71.96,73.16,49264875.0,3651335217.29,5.5947,-3.2147,73.24199999999999,71.006,68.9355,67.54733333333334,61.3465,62.73233333333333,62.131440000000005,73.24199999999999,71.006,68.9355,67.54733333333334,61.3465,62.73233333333333,62.131440000000005,71.12821514701352,68.18687684185706,67.25067385444741,65.94736842105263,59.15096991847061,2.9413383051564637,2.6237626706833597,0.635151268946208,2.9413383051564637,2.5652336446185044,0.7522093210759184,75.46044638009887,68.9355,62.41055361990114,84.41178193394444,81.04627950749456,91.1427867868442,84.9253945651078,81.21971395737371,92.33675578057594,3.2536082079420647,113.96315525579413,-20.16936104695923,-0.0011195761994483172,0.03033546460862457,0.0612819229569669,0.08309235005576318,0.1925700732723138,0.16622475384836105,0.17750369217259396,72.12627686510541
2023-12-08,73.99,82.0,73.9,80.34,98702387.0,7764774981.52,11.2091,9.8141,74.92999999999999,72.697,69.70150000000001,68.244,61.7175,62.72866666666666,62.28432,74.92999999999999,72.697,69.70150000000001,68.244,61.7175,62.72866666666666,62.28432,72.54541281670375,69.08710818690469,81.9061801935964,75.0674373795761,67.19047619047618,3.458304629799059,2.7906710625065,1.3352671345851181,3.458304629799059,2.702629180800128,1.511350897997862,77.71763182736484,69.70150000000001,61.68536817263518,85.84368228702874,82.64541376733929,92.24021932640764,86.92493043906768,83.12145278460504,94.53188574799296,4.269315806498053,197.6607375209375,-9.075997813012556,0.07220072067262794,0.10513501244893188,0.15262942691333747,0.17724635132758929,0.30173775671406006,0.2807541474923747,0.28989125995114023,255.02414834651094
2023-12-11,78.01,83.5,77.5,82.22,47701898.0,3872866571.49,5.4172,2.3401,76.832,74.188,70.54249999999999,68.89133333333332,62.133833333333335,62.734833333333334,62.44744,76.832,74.188,70.54249999999999,68.89133333333332,62.133833333333335,62.734833333333334,62.44744,74.03381084490317,70.0599149878747,83.99209486166004,76.80690399136998,67.04137766084668,3.9738958570284666,3.0273160214108934,1.8931596712351464,3.9738958570284666,2.898208669450642,2.1513743751556493,80.04919099551559,70.54249999999999,61.035809004484385,87.42519995605838,84.23867583024565,93.79824820768386,88.64954210341138,84.96414922420716,96.02032786181982,4.5839856598620425,203.0212389713494,-7.90123456790124,0.07012703040399841,0.10826548767994819,0.16553850515646612,0.19347377996264667,0.32327261314957223,0.31059565525797733,0.3166272308360439,126.02492582238203
2023-12-12,81.13,83.61,79.7,80.67,32240035.0,2619859188.16,3.6613,-1.8852,78.396,75.18100000000001,71.149,69.51466666666667,62.50666666666667,62.77558333333333,62.59928,78.396,75.18100000000001,71.149,69.51466666666667,62.50666666666667,62.77558333333333,62.59928,75.05476302261037,70.8458472109951,75.0,83.83045525902668,63.95485539619092,4.20891581161527,3.263635979451769,1.8905596643270028,4.20891581161527,3.099855922091354,2.218119779047832,81.61690563680526,71.149,60.68109436319474,84.46873286640216,84.3153615089645,84.7754755812775,85.28496096463749,85.07108647101728,85.71270995187791,4.461442812614398,174.46461923017512,-21.444201312910277,0.02900658196846779,0.07301046807038998,0.133817762723299,0.16047452815712748,0.29058233788395904,0.28505376957867123,0.28867296876258003,82.66960165680588
2023-12-13,80.99,81.44,76.81,77.65,34239072.0,2682237737.15,3.8883,-3.7436,78.80799999999999,75.886,71.6605,69.943,62.85483333333333,62.78033333333333,62.73688,78.80799999999999,75.886,71.6605,69.943,62.85483333333333,62.78033333333333,62.73688,75.45403024990108,71.34985852869917,62.765957446808535,70.99918765231519,65.14970059880241,4.104171721201908,3.4317431278017967,1.3448571868002226,4.104171721201908,3.2543660450314396,1.6996113523409369,82.35841809554336,71.6605,60.96258190445664,74.6407866642077,81.0905032273789,61.74135353786528,75.69933454049017,81.94716916084158,63.20366529978736,4.492089573957234,113.27909834329078,-43.47191830780449,-0.014693939701552979,0.023245394407400706,0.08358161051067195,0.11018972591967757,0.23538630017845366,0.23685230512740202,0.2377089839341709,68.28008156187312
2023-12-14,78.13,78.54,75.08,75.6,24797721.0,1902930908.24,2.8161,-2.6401,79.296,76.269,72.1295,70.317,63.19266666666667,62.74358333333334,62.86468,79.296,76.269,72.1295,70.317,63.19266666666667,62.74358333333334,62.86468,75.47648713453168,71.6646838228696,50.02760905577026,60.456110154905325,62.08314298766559,3.811803311662075,3.5077551645738527,0.6080962941764447,3.811803311662075,3.340125624513076,0.9433553742979983,82.64402424030713,72.1295,61.614975759692854,62.92769463414449,75.03623369630077,38.71061650983194,63.63339321833281,75.84257718000534,39.21502529498778,4.304436924146828,70.09737946322548,-60.49848942598194,-0.04661016949152557,-0.00877158478543066,0.04811484898689165,0.07513119160373738,0.19634134762472427,0.20490408713772834,0.20258307208435633,76.52500283636292
2023-12-15,75.91,76.31,73.65,73.84,20783237.0,1548883736.87,2.3602,-2.328,77.99600000000001,76.463,72.5155,70.55666666666666,63.5285,62.65916666666667,62.97976,77.99600000000001,76.463,72.5155,70.55666666666666,63.5285,62.65916666666667,62.97976,75.22471988306528,71.8258183545089,51.94954128440369,56.51649235720034,59.344552701505755,3.3989015285563795,3.4859844373703583,-0.1741658176279577,3.3989015285563795,3.3491680712889687,0.0994669145348217,82.66147763181398,72.5155,62.36952236818603,50.6879494942635,66.92013896228835,18.223570558213794,51.15841521705572,67.61452319235546,18.246199266456216,4.005448392483768,36.23721205612265,-73.79154078549848,-0.05328478383506854,-0.03430417326026955,0.018265060573256758,0.046534700240941265,0.1623129776399569,0.1784389089119708,0.17244016172814894,79.01306796607568
2023-12-18,73.34,76.38,73.33,75.23,21258909.0,1596251319.49,2.4143,1.8824,76.598,76.715,72.86749999999999,70.86766666666666,63.90149999999999,62.64941666666666,63.09988,76.598,76.715,72.86749999999999,70.86766666666666,63.90149999999999,62.64941666666666,63.09988,75.22553220874755,72.07797995787861,28.068669527896986,56.89792663476875,57.70559778852798,3.147552250868941,3.418298000070075,-0.5414914984022685,3.147552250868941,3.3181502527628104,-0.34119600378773907,82.86907434975565,72.86749999999999,62.86592565024433,43.14818950547469,58.996155810017136,11.452256896389784,46.34125969153162,60.52343535874752,17.97690835709983,3.831730502941264,37.46031746031755,-63.2930513595166,-0.01785947413770588,-0.019357361663299218,0.03242186159810631,0.061556045775459506,0.17728065851349364,0.20080926531638382,0.1922368156643088,120.50185653764393
2023-12-19,74.87,76.67,74.11,76.1,19224173.0,1453616535.85,2.1832,1.1565,75.684,77.03999999999999,73.31750000000001,71.13866666666668,64.28733333333334,62.70491666666667,63.22316,75.684,77.03999999999999,73.31750000000001,71.13866666666668,64.28733333333334,62.70491666666667,63.22316,75.36006571509408,72.37590736840612,21.240601503759336,58.133230054221514,60.055607043558844,2.9841583466879626,3.331470069393653,-0.6946234454113807,2.9841583466879626,3.2667668825974494,-0.5652170718189735,83.03221564174713,73.31750000000001,63.6027843582529,40.61095323254822,52.867754950860835,16.097349795922995,42.7396666899195,54.595512469138185,19.02797513148215,3.6005067751337614,43.19853213181195,-64.46351931330473,0.005496538237936642,-0.01220145379023881,0.03795137586524342,0.06974172508153063,0.1837479648660699,0.213620941473223,0.2036728312852441,112.18529893207729
2023-12-20,76.07,76.5,74.3,74.52,16495809.0,1238490903.11,1.8733,-2.0762,75.05799999999999,76.93299999999999,73.67699999999999,71.32933333333334,64.6615,62.753249999999994,63.338240000000006,75.05799999999999,76.93299999999999,73.67699999999999,71.32933333333334,64.6615,62.753249999999994,63.338240000000006,75.23082483584884,72.53472904482048,21.18088097469534,53.40353516359534,59.53146531924668,2.6960957910283554,3.204395213720594,-1.0165988453844772,2.6960957910283554,3.1789713300483577,-0.9657510780400047,82.98229696350165,73.67699999999999,64.37170303649833,30.932593983825917,45.55603462851587,1.6857126944460248,35.81786076895922,48.3362952357452,10.780991835387269,3.345869179654896,28.940178991992468,-78.02575107296137,-0.007167790242212646,-0.031364953920944155,0.011441833950893815,0.044731480269921554,0.15246321226695936,0.1875082167059077,0.17654042802578646,81.07405486981989
2023-12-21,73.71,78.65,73.42,77.17,23381258.0,1784396689.12,2.6553,3.5561,75.372,77.334,74.17,71.735,65.09116666666667,62.812999999999995,63.46208,75.372,77.334,74.17,71.735,65.09116666666667,62.812999999999995,63.46208,75.52915947648748,72.87808244890785,47.66990291262134,57.42268041237115,61.987415925363415,2.651077027579632,3.093731576492402,-0.88530909782554,2.651077027579632,3.097756821976246,-0.8933595887932286,83.09184781427359,74.17,65.24815218572641,33.0730911902549,41.39505348242888,16.429166605906943,36.3299357136771,44.33417539505584,20.321456350919632,3.6884384197176425,47.71200853589966,-62.64591439688713,0.023855012471474844,-0.002120671373522661,0.040447620331670486,0.07576496828605286,0.18556793420510212,0.2285673347873849,0.2160017446639001,141.82622397441924
2023-12-22,76.8,77.6,74.33,75.31,19168535.0,1454708270.52,2.1769,-2.4103,75.666,76.83099999999999,74.764,72.078,65.49133333333333,62.87383333333333,63.583760000000005,75.666,76.83099999999999,74.764,72.078,65.49133333333333,62.87383333333333,63.583760000000005,75.49544263395094,73.0582244897295,48.565776458951575,49.50389794472005,57.759372275501306,2.437218144221447,2.962428890038211,-1.0504214916335286,2.437218144221447,2.9961354869370465,-1.1178346854311991,82.11951751372685,74.764,67.40848248627314,28.468960923204968,37.08635596268758,11.234170844239742,30.640190605486435,39.76951379853271,12.381544219393888,3.6123587070417065,26.75726053755027,-80.7392996108949,-0.004704887267729159,-0.019796696645884952,0.007302980043871469,0.0448403118843475,0.1499231450471819,0.19779558533889308,0.18442193415425567,78.35044609667493
2023-12-25,74.21,74.94,67.67,72.61,25457718.0,1824651224.69,2.8911,-3.5852,75.14200000000001,75.87,75.029,72.31833333333333,65.79716666666667,62.91,63.69576,75.14200000000001,75.87,75.029,72.31833333333333,65.79716666666667,62.91,63.69576,75.05152838257388,73.02502267567546,44.43438914027147,49.03474903474904,55.80122130974942,2.026505706898419,2.7752442534102526,-1.497477093023667,2.026505706898419,2.8469616746234117,-1.640911935449985,81.59310301724905,75.029,68.46489698275094,30.937670874487168,35.036794266620774,22.739424090219956,30.757199424987608,36.76540900735101,18.740780260260806,4.344657123943215,-84.97256791114627,-69.00878293601005,-0.03369620185781601,-0.042968235139053707,-0.032240866864812236,0.0040330944205020135,0.10354295904332249,0.15418852328723578,0.13995028868483553,69.41253277723688
2023-12-26,72.85,73.13,70.36,71.0,17232935.0,1229348251.29,1.957,-2.2173,74.122,74.90299999999999,75.042,72.40033333333332,66.10433333333333,62.92166666666666,63.802800000000005,74.122,74.90299999999999,75.042,72.40033333333332,66.10433333333333,62.92166666666666,63.802800000000005,74.42821632371636,72.87502099599578,31.233362910381516,29.624781849912722,53.7548598322079,1.553195327720573,2.530834468272317,-1.955278281103488,1.553195327720573,2.647920698176821,-2.1894507409124957,81.5712752882291,75.042,68.5127247117709,30.73440353381111,33.602664022350886,24.997882556731568,28.565801795307642,34.032206603336554,17.632992179249825,4.058355828680811,-97.14082510125574,-75.8169934640523,-0.04211974852270581,-0.05210739222728051,-0.053863169958156785,-0.01934153157674212,0.07405969351479738,0.1283871480412154,0.1128038267913006,79.91331002811927
2023-12-27,71.25,72.58,70.4,70.48,14875137.0,1065244586.13,1.6893,-0.7324,73.314,74.186,75.036,72.50233333333333,66.38799999999999,62.91608333333333,63.912279999999996,73.314,74.186,75.036,72.50233333333333,66.38799999999999,62.91608333333333,63.912279999999996,73.82079842776,72.69761203332942,24.267399267399313,22.773654916512058,53.21045169131051,1.1231863944305758,2.249304853503969,-2.252236918146786,1.1231863944305758,2.4133461899081676,-2.5803195909551837,81.58265973487366,75.036,68.48934026512634,29.02026416522441,32.075197403308735,22.91039768905577,27.574529672888765,31.87964762652063,18.964293765625044,3.71683658710248,-106.22730874845627,-74.40801457194898,-0.03865564557928894,-0.04995551721349045,-0.06071752225598376,-0.02789335515638561,0.06163764535759495,0.12022230669688336,0.10276147244316755,92.9127826219294
2023-12-28,70.05,71.93,69.81,70.31,20472985.0,1450645926.03,2.325,-0.2412,71.942,73.657,74.963,72.63866666666667,66.65983333333332,62.92458333333333,64.02615999999999,71.942,73.657,74.963,72.63866666666667,66.65983333333332,62.92458333333333,64.02615999999999,73.28067559272,72.52075188271243,27.865404837013713,24.33102081268582,57.53394656154183,0.7599237100075698,1.951428624804689,-2.3830098295942386,0.7599237100075698,2.158973500692691,-2.7980995813702423,81.69299288339384,74.963,68.23300711660615,27.361414725814456,30.503936510810643,21.07637115582208,26.39759173092402,30.052295661321764,19.088183870128532,3.426502662174757,-117.49075469113825,-75.95628415300547,-0.022684940646631884,-0.04544035190138065,-0.06207062150660982,-0.03205822426990212,0.0547581127065526,0.11736933763301315,0.09814488327895993,97.61398106917822
2023-12-29,70.5,71.74,69.36,70.98,21903903.0,1541728335.68,2.4875,0.9529,71.076,73.37100000000001,74.917,72.80066666666667,66.94316666666666,62.93691666666667,64.14276,71.076,73.37100000000001,74.917,72.80066666666667,66.94316666666666,62.93691666666667,64.14276,72.9267255015323,72.40662211362262,8.897742363877839,31.29556926528322,54.32273262661955,0.5201033879096855,1.6651635774256883,-2.2901203790320057,0.5201033879096855,1.9068396371876133,-2.7734724985558556,81.74697757567446,74.917,68.08702242432554,28.289516313870237,29.765796445163843,25.336956051283025,27.646967650609945,29.25051965775116,24.43986363632751,3.2362294508702547,-112.11132565417154,-69.85428051001821,-0.0013506668917776666,-0.032587807171770934,-0.05255149031594962,-0.02500892848966586,0.0603023958133643,0.12779595441467187,0.1065941035278184,109.94841442909362
2024-01-02,70.77,73.39,70.13,72.36,18174808.0,1313318658.99,2.064,1.9442,71.026,73.084,74.8995,72.93966666666667,67.26483333333333,62.98116666666667,64.27015999999999,71.026,73.084,74.8995,72.93966666666667,67.26483333333333,62.98116666666667,64.27015999999999,72.83953696283503,72.40316862372464,29.07801418439712,40.55944055944057,52.004950495049506,0.43636833911038764,1.4194045297626283,-1.9660723813044814,0.43636833911038764,1.680613283637271,-2.4884898890537666,81.75503322429985,74.8995,68.04396677570016,33.09768604288374,30.876426311070475,37.54020550651026,32.669320267376875,30.390119860959732,37.22772108021116,3.2405513688938457,-75.31338938495306,-57.285974499089285,0.018781854532143205,-0.009906409063543372,-0.03390543328059605,-0.007947207509402768,0.0757478523943914,0.1489148872546555,0.12587241108470884,121.23433420964085
2024-01-03,73.5,74.17,71.77,72.67,16533816.0,1204854496.45,1.8777,0.4284,71.35999999999999,72.74100000000001,74.8905,73.12533333333334,67.577,63.0005,64.40180000000001,71.35999999999999,72.74100000000001,74.8905,73.12533333333334,67.577,63.0005,64.40180000000001,72.8134543531681,72.42293391085614,50.64377682403436,46.276257161043915,52.55114616711857,0.3905204423119528,1.2136277122724932,-1.6462145399210808,0.3905204423119528,1.4821374618949141,-2.1832340391659226,81.75782453840613,74.8905,68.02317546159388,37.24423756835843,32.999030063499795,45.734652578075696,36.95866038468719,32.57963336886888,45.71671441632381,3.087723847276784,-52.45098039215677,-54.46265938069218,0.018357623318385884,-0.0009760657675865352,-0.029649955601845378,-0.006226752242724946,0.07536587892330236,0.15348290886580263,0.12838461036803306,104.36767770677542
2024-01-04,71.75,75.15,69.3,74.9,20456381.0,1468248931.79,2.3231,3.0687,72.244,72.77900000000001,74.856,73.37766666666667,67.90833333333333,62.97633333333333,64.54108000000001,72.244,72.77900000000001,74.856,73.37766666666667,67.90833333333333,62.97633333333333,64.54108000000001,73.13446137575762,72.60642028782976,86.93181818181823,49.00302114803626,53.75930819120828,0.5280410879278605,1.0765103874035666,-1.0969385989514122,0.5280410879278605,1.3353534043615212,-1.6146246328673213,81.71545647685734,74.856,67.99654352314265,49.09938093681099,38.365813687936864,70.56651543455925,46.58810510163117,37.249123946456315,65.26606741198087,3.5899558750446428,-42.79698864361379,-34.15300546448086,0.03676429876529547,0.02914302202558423,0.0005877952335151644,0.02074654867739052,0.10295741808810908,0.18933567636519555,0.16050118777064154,135.29027359982993
2024-01-05,74.11,74.97,70.58,71.73,16721788.0,1216569640.07,1.899,-4.2323,72.528,72.235,74.78450000000001,73.525,68.18716666666667,62.94958333333333,64.6632,72.528,72.235,74.78450000000001,73.525,68.18716666666667,62.94958333333333,64.6632,72.91839039487184,72.54150026650905,57.88146279949558,38.40848806366051,49.80971569285874,0.37689012836278835,0.936586335595411,-1.1193924144652454,0.37689012836278835,1.1878975157463316,-1.6220147747670866,81.74742278315766,74.78450000000001,67.82157721684236,50.82561224664405,42.51907987417259,67.43867699158696,44.687471209076726,39.728573033996454,54.60526755923726,3.735418443218344,-57.84779528215387,-59.11379657603217,-0.011002647253474544,-0.00699107081054884,-0.040844025165642665,-0.024413464807888495,0.0519574797799195,0.13948331667538189,0.10928627101659058,64.89184637431795
2024-01-08,70.99,71.54,68.39,68.41,15171222.0,1052610700.2,1.7229,-4.6285,72.014,71.545,74.188,73.691,68.4355,62.8785,64.77152000000001,72.014,71.545,74.188,73.691,68.4355,62.8785,64.77152000000001,72.22479187258386,72.2354632097306,41.42599277978338,35.16270033997087,45.442984315387875,-0.010671337146732185,0.7471348010469825,-1.5156122763874293,-0.010671337146732185,1.0035023076089373,-2.028347289511339,81.19093652691538,74.188,67.18506347308463,33.98236082715125,39.67350685849881,22.600068764456125,33.08933018216521,37.51549208338604,24.237006379723553,3.663524180815009,-118.50124759684213,-90.10695187165783,-0.05004582442302885,-0.0438185757215739,-0.07788321561438515,-0.07166411094977684,-0.00037261362889155585,0.08797124613341593,0.05617407156725651,62.25691492659712
2024-01-09,69.5,70.8,68.3,69.17,12767303.0,886795990.03,1.4499,1.1109,71.376,71.201,73.5355,73.753,68.7235,62.80158333333333,64.88628,71.376,71.201,73.5355,73.753,68.7235,62.80158333333333,64.88628,71.75482389218635,72.00839186086166,41.897940913160255,28.609625668449212,46.150627615062774,-0.2535679686753127,0.5469942471025234,-1.6011244315556723,-0.2535679686753127,0.8101068804882834,-2.1273496983271922,79.7779269065978,73.5355,67.2930730934022,26.88848386043662,35.41183252581142,9.841786529687013,26.293130097112595,33.77470475462823,11.329980782081321,3.4519743297577343,-111.14365366049468,-87.29927007299266,-0.03090674736606146,-0.02852488026853544,-0.05936588450476297,-0.062139845158840974,0.006497049771912088,0.10140535204128348,0.06601888719772504,111.68165794321656
2024-01-10,68.61,70.38,67.03,67.99,10789089.0,740741168.5,1.2253,-1.7059,70.44000000000001,70.9,72.9015,73.66133333333332,68.981,62.734,64.99584,70.44000000000001,70.9,72.9015,73.66133333333332,68.981,62.734,64.99584,71.17562021646538,71.71073320450155,30.082041932543333,29.689234184239737,41.78200692041522,-0.5351129880361754,0.3305728000747837,-1.731371576221918,-0.5351129880361754,0.6031499776383666,-2.276525931349084,78.64899107734988,72.9015,67.15400892265012,21.86654260646511,30.89673588602932,3.8061560473366853,21.469640097582428,29.673016535612966,5.0628872215213505,3.433433542529054,-131.77865480050147,-88.17733990147791,-0.034781374219193875,-0.041043723554301983,-0.06737172760505619,-0.07699199942077241,-0.014366274771313836,0.0837823189976726,0.04606694828469012,84.1923544818134
2024-01-11,67.13,69.77,67.06,68.8,13706253.0,936648074.04,1.5565,1.1914,69.22,70.732,72.45899999999999,73.60133333333333,69.2025,62.69766666666667,65.11055999999999,69.22,70.732,72.45899999999999,73.60133333333333,69.2025,62.69766666666667,65.11055999999999,70.81014018316301,71.49512333750144,33.12990409764606,38.18970861748296,45.114298520842674,-0.6849831543384255,0.12746160919214183,-1.6248895270611348,-0.6849831543384255,0.40497564964193705,-2.179917607960725,78.02710049818613,72.45899999999999,66.89089950181385,21.84370492319347,27.87905889841737,9.772996972745673,21.579103250605016,26.975045440610316,10.787218870594415,3.301900171160134,-121.47428600338962,-78.20197044334981,-0.0060676105171915875,-0.027314369733642513,-0.05049752273699599,-0.06523432546511837,-0.005816263863299785,0.09732951252837681,0.05666423388157014,112.57293019366104
2024-01-12,68.16,68.44,65.41,65.41,17356158.0,1151765767.81,1.971,-4.9273,67.95599999999999,70.242,71.9495,73.38933333333333,69.30833333333334,62.643166666666666,65.20412,67.95599999999999,70.242,71.9495,73.38933333333333,69.30833333333334,62.643166666666666,65.20412,69.97934938575332,71.04437346064948,12.43072050673004,34.394193188163044,31.716874846926274,-1.065024074896158,-0.11103552762551813,-1.9079770945412795,-1.065024074896158,0.1788218458668455,-2.487691841526007,78.13774854058127,71.9495,65.76125145941873,14.562469948795648,23.440195915210133,-3.192981984033324,14.38606883373668,22.778719904985774,-2.3992333087615094,3.317918321858291,-166.86688319713676,-100.0,-0.03746541880040015,-0.0687907519717549,-0.09089013822194739,-0.10872606373314919,-0.05624624263556581,0.0441681588042324,0.0031574691905970572,60.33330399496657
2024-01-15,64.8,67.45,64.61,66.0,13587406.0,900021975.36,1.543,0.902,67.474,69.744,71.5575,73.19266666666665,69.42133333333332,62.62208333333333,65.30392,67.474,69.744,71.5575,73.19266666666665,69.42133333333332,62.62208333333333,65.30392,69.36714178794512,70.67071616726804,21.492537313432905,37.54171301446053,29.489124936772896,-1.3035743793229244,-0.34954329796499944,-1.9080621627158498,-1.3035743793229244,-0.0492391118546576,-2.5086705349365337,78.21684681481648,71.5575,64.89815318518353,14.10426522835586,20.328219019592044,1.6563576458834959,13.986664484983216,19.848034764984924,2.2639239249797996,3.2310240815204203,-156.63774605840126,-86.81214421252372,-0.021845451581349908,-0.053682037164487266,-0.07766481500890898,-0.09827031852007015,-0.04928360158260654,0.05394130132474574,0.01065908447762393,109.3950986105382
2024-01-16,65.36,66.43,64.43,66.22,12797230.0,836506352.3,1.4533,0.3333,66.88399999999999,69.13,71.107,72.97633333333333,69.53916666666667,62.66225,65.40292,66.88399999999999,69.13,71.107,72.97633333333333,69.53916666666667,62.66225,65.40292,68.88296612826124,70.34103348821115,34.24460431654681,38.65779256794233,31.091337346244444,-1.4580673599499079,-0.5712481103619812,-1.7736384991758534,-1.4580673599499079,-0.2659819192539269,-2.384170881391962,77.93712552863039,71.107,64.27687447136961,14.9687638835805,18.541733974254864,7.822823702231773,14.890363387998738,18.19547763932286,8.280134885350492,3.00720152124398,-145.68405321377577,-83.30223880597022,-0.009927635906943176,-0.04209460436858089,-0.06872741080343708,-0.09258252675524939,-0.047730895059139446,0.056776607925824535,0.012493020189312714,103.38378038076968
2024-01-17,66.6,67.55,65.56,65.77,12230774.0,815949888.13,1.389,-0.6796,66.44,68.44,70.59049999999999,72.74033333333334,69.68266666666666,62.70033333333333,65.49652,66.44,68.44,70.59049999999999,72.74033333333334,69.68266666666666,62.70033333333333,65.49652,68.4040482623749,70.00243841501033,24.397590361445793,35.37338573834924,33.33333333333333,-1.5983901526354316,-0.7766765188166713,-1.6434272676375206,-1.5983901526354316,-0.47096780131261995,-2.2548447026456233,77.39310778169559,70.59049999999999,63.78789221830439,14.217000084309804,17.100156010939845,8.450688231049725,14.093575591999127,16.828176956881617,8.624372862234146,2.82225579010871,-116.2869712172756,-87.5000000000001,-0.010084286574352825,-0.03901227352425485,-0.06828822575275705,-0.0958248747829037,-0.05614978378171521,0.04895774078819352,0.004175489018347725,93.4085551494912
2024-01-18,65.0,69.96,64.86,69.89,24021961.0,1621680655.07,2.728,6.2643,66.65799999999999,67.939,70.35900000000001,72.55033333333333,69.83116666666666,62.77941666666666,65.60812,66.65799999999999,67.939,70.35900000000001,72.55033333333333,69.83116666666666,62.77941666666666,65.60812,68.63265622200953,69.99410964352809,59.91649269311067,43.99026763990269,42.42906390877752,-1.3614534215185614,-0.8936318993570493,-0.9356430443230241,-1.3614534215185614,-0.6079655890366109,-1.506975664963901,76.90899204499368,70.35900000000001,63.80900795500634,35.07574970458907,23.092020575489588,59.04320796278804,26.663269243495932,20.106541052419722,39.77672562564835,3.2363911009980346,-57.20806700313153,-48.197343453510456,0.048486303219418735,0.028716937252535477,-0.00666581389729826,-0.03666879545694705,0.0008425082401125502,0.11326297233833284,0.06526448250612883,183.59970799535301
2024-01-19,69.86,70.2,67.98,69.83,15707483.0,1089238453.02,1.7838,-0.0858,67.542,67.749,69.99199999999999,72.43933333333332,69.99333333333333,62.86841666666667,65.71860000000001,67.542,67.749,69.99199999999999,72.43933333333332,69.99333333333333,62.86841666666667,65.71860000000001,68.816862957085,69.98195337363713,55.83238958097395,43.004926108374384,44.43210219383505,-1.1650904165521325,-0.947923602796066,-0.434333627512133,-1.1650904165521325,-0.6936771009620757,-0.9428266311801137,75.7040872763499,69.99199999999999,64.27991272365009,51.64128996527812,32.6084437054191,89.70698248499615,43.091968525199775,27.768350210013075,73.73920515557317,3.0515927189983914,-19.744483159117415,-24.05063291139252,0.03387521838263594,0.03071632053609652,-0.002314550234312378,-0.0360209462630798,-0.0023335555767215006,0.11073260155801595,0.06256067536435633,99.14481704060174
2024-01-22,70.53,71.69,68.28,70.39,20611013.0,1453610134.76,2.3407,0.8019,68.42,67.947,69.74600000000001,72.10766666666665,70.17583333333333,62.97766666666667,65.8342,68.42,67.947,69.74600000000001,72.10766666666665,70.17583333333333,62.97766666666667,65.8342,69.05888404061038,70.01217904966401,91.49999999999993,37.89586688137413,43.121091529278,-0.9532950090536332,-0.9489978840475795,-0.008594250012107452,-0.9532950090536332,-0.733618317591546,-0.43935338292417425,74.88920563564528,69.74600000000001,64.60279436435474,61.79208128080067,42.33632289721295,100.7035980479761,56.09253365408177,37.20974469136931,93.8581115795067,3.116757679180501,14.347750564530504,-17.906336088154255,0.02879275065770241,0.03595449394380911,0.00923350443036147,-0.023820860472533834,0.003051857833299747,0.1176978082177279,0.06920111431444455,108.3151565193823
2024-01-23,69.51,73.51,67.5,73.1,22012220.0,1559993939.84,2.4998,3.85,69.79599999999999,68.34,69.7705,71.80366666666667,70.3475,63.11299999999999,65.96376,69.79599999999999,68.34,69.7705,71.80366666666667,70.3475,63.11299999999999,65.96376,69.68059418820877,70.24090652746668,93.71921182266004,53.769950467804044,45.948136142625614,-0.560312339257905,-0.8712607750896446,0.6218968716634792,-0.560312339257905,-0.7069558593863705,0.293287040256931,74.97544693840253,69.7705,64.56555306159747,73.0229146864662,52.56518682696404,113.9383704054705,69.2232162686536,47.88090188379741,111.90784503836599,3.6428017375113195,58.984477769007626,-4.515418502202763,0.04733795632987567,0.0696517412935322,0.047720741574160945,0.01805385983074201,0.03912719002096731,0.1582399822540523,0.1081842514738396,145.90296498312154
2024-01-24,72.11,73.59,69.88,72.9,18114819.0,1302639456.67,2.0572,-0.2736,71.22200000000001,68.83099999999999,69.8655,71.54466666666667,70.52966666666667,63.244749999999996,66.09288000000001,71.22200000000001,68.83099999999999,69.8655,71.54466666666667,70.52966666666667,63.244749999999996,66.09288000000001,70.17588739002281,70.43787641432101,91.23456790123464,64.9169435215947,47.72727272727274,-0.26198902429820237,-0.7494064249313562,0.9748348012663077,-0.26198902429820237,-0.63849942321896,0.7530207978415153,75.23179039761973,69.8655,64.49920960238026,79.50435942707645,61.54491102700152,115.42325622722632,76.97122714853472,57.57767697204318,115.75832750151781,3.6550196034183537,82.94366318695565,-7.532751091703034,0.02356013591306053,0.059115805378390805,0.04343345428000957,0.018943876552643114,0.03360760720075242,0.152664845698655,0.10299324223728784,97.29746238924504
2024-01-25,72.9,74.01,70.9,73.2,18030614.0,1309896316.2,2.0476,0.4115,71.884,69.271,70.0015,71.39633333333333,70.66966666666667,63.36358333333333,66.21924,71.884,69.271,70.0015,71.39633333333333,70.66966666666667,63.36358333333333,66.21924,70.64113548386545,70.64247816140833,96.72955974842779,63.81082933516107,44.03724842294984,-0.0013426775428797555,-0.599793675453661,1.1969019958215625,-0.0013426775428797555,-0.540475308499563,1.0782652619133666,75.56751444860791,70.0015,64.43548555139208,83.51786801053531,68.86923002151279,112.81514398858033,81.82911315817415,65.66148903408684,114.16436140634877,3.555925130069562,96.41672196416695,-8.455114822546998,0.018307272828445863,0.05671926202884327,0.04569187803118519,0.025262735247841932,0.03580508374644469,0.15523769567956366,0.10541890846225363,104.19227658580424
2024-01-26,72.51,73.16,70.36,70.63,14826765.0,1059911801.82,1.6838,-3.5109,72.04400000000001,69.79299999999999,70.01750000000001,71.23066666666666,70.77383333333334,63.44616666666666,66.33456,72.04400000000001,69.79299999999999,70.01750000000001,71.23066666666666,70.77383333333334,63.44616666666666,66.33456,70.63942233250154,70.64155385315587,55.781249999999964,58.26032540675845,43.11764705882353,-0.002131520654330643,-0.480261244493795,0.9562594476789287,-0.002131520654330643,-0.4576531872926042,0.9110433332765471,75.58908533614103,70.01750000000001,64.445914663859,77.25129962010632,71.66325322104397,88.42739241823102,76.12546305186555,69.14948037334642,90.07742840890381,3.4257569246023696,50.578835806293434,-35.28183716075167,-0.019626894675476313,0.011992606708409202,0.00874781304673807,-0.008432697527282288,-0.0020322953633995725,0.1132272241296427,0.06475417942019966,69.9489584111419
2024-01-29,72.15,74.67,69.83,70.0,20844795.0,1510959913.93,2.3672,-0.892,71.96600000000001,70.193,69.9685,71.10266666666666,70.82966666666667,63.50208333333333,66.44659999999999,71.96600000000001,70.193,69.9685,71.10266666666666,70.82966666666667,63.50208333333333,66.44659999999999,70.54104966596284,70.5940313455147,51.219512195121965,53.79746835443039,45.91293454431569,-0.052981679551848515,-0.3948053315054057,0.6836473039071144,-0.052981679551848515,-0.3953960322555648,0.6848287054074326,75.52165093106291,69.9685,64.4153490689371,68.96603800701618,70.76418148303472,65.3697510549791,68.88181911791035,69.06025995486773,68.52493744399558,3.6828920292201213,52.0413601961409,-45.605468750000036,-0.027318455937526166,-0.0027495619221289567,0.00045020259116594017,-0.015508091585875789,-0.01171354752481307,0.10232603917194322,0.05347752932429968,91.42991955050753
2024-01-30,68.66,68.93,65.0,65.35,19477153.0,1301376916.32,2.2119,-6.6429,70.416,70.10600000000001,69.618,70.77333333333334,70.8205,63.51733333333333,66.5284,70.416,70.10600000000001,69.618,70.77333333333334,70.8205,63.51733333333333,66.5284,69.7424266404301,70.20558457918027,27.21518987341767,49.824150058616645,41.92164712610809,-0.46315793875017164,-0.4084758529543589,-0.10936417159162548,-0.46315793875017164,-0.4058209409470428,-0.11467399560625768,75.41513758768353,69.618,63.82086241231646,47.6423263913577,63.05689645247571,16.813186269121672,47.58618046528714,61.90223345834087,18.954074479179667,3.9223662057255537,-99.43318483194223,-95.00509683995928,-0.0719438763917292,-0.0678401278064647,-0.06130598408457584,-0.07662961567445382,-0.07724458313623882,0.02885301649943314,-0.01771273621490988,50.289291721278296
2024-01-31,64.7,68.2,64.59,66.27,18219527.0,1214352925.11,2.0691,1.4078,69.08999999999999,70.15599999999999,69.298,70.44566666666667,70.79216666666666,63.532916666666665,66.61355999999999,69.08999999999999,70.15599999999999,69.298,70.44566666666667,70.79216666666666,63.532916666666665,66.61355999999999,69.208207157287,69.91405979553728,13.160733549083062,50.77630822311673,44.0486287814532,-0.7058526382502777,-0.4679512100135427,-0.47580285647347,-0.7058526382502777,-0.45197966360907893,-0.5077459492823975,75.09234788120528,69.298,63.50365211879472,37.31710648312733,54.47696646269293,2.9973865239961412,37.27967586574697,53.694714260809576,4.449599075621748,3.865572350139089,-92.694256197581,-83.3333333333334,-0.04081632653061215,-0.055390843263583955,-0.04369534474299411,-0.059274996806049175,-0.0638794781908544,0.043081342348782414,-0.0051575084712481446,115.00422263876983
2024-02-01,65.5,71.13,65.0,68.9,19857914.0,1367573338.8,2.2552,3.9686,68.22999999999999,70.05699999999999,68.998,70.25833333333334,70.79383333333334,63.57091666666666,66.71236,68.22999999999999,70.05699999999999,68.998,70.25833333333334,70.79383333333334,63.57091666666666,66.71236,69.16079067155054,69.83894425512712,32.905982905982924,56.76767676767678,48.13639968279145,-0.6781535835765737,-0.509991684726149,-0.3363237977008495,-0.6781535835765737,-0.48677565129638584,-0.3827558645603758,74.15765563926476,68.998,63.83834436073524,39.13071649139707,49.36154980559431,18.669049863002584,39.10576274647683,48.83173042269866,19.653827394033158,4.2772864682956175,-23.504966840292393,-57.242063492063465,0.009819727392642768,-0.016515123399517287,-0.0014203310240876398,-0.01933341240659472,-0.02675138842130788,0.08382895218070126,0.03279212427801987,147.57830336405215
2024-02-02,68.9,69.43,65.29,68.32,18855360.0,1279554319.11,2.1413,-0.8418,67.768,69.906,68.8275,69.96333333333334,70.84916666666668,63.63191666666667,66.8136,67.768,69.906,68.8275,69.96333333333334,70.84916666666668,63.63191666666667,66.8136,69.03143826054277,69.72642986585845,29.632721202003353,56.397390868038116,46.47588765235823,-0.6949916053156784,-0.5469916688440549,-0.2959998729432469,-0.6949916053156784,-0.5188088749916616,-0.35236546064803353,73.83000831820313,68.8275,63.824991681796874,38.4218004122541,45.714966674480905,23.83546788780049,38.40516458230728,45.35620847590154,24.50307679511876,4.252325292241869,-40.67971947119396,-62.996031746031846,0.008145437374571959,-0.02268760907504381,-0.007373506229341577,-0.02348849397303366,-0.03569790282172242,0.07367502943360432,0.022546307937306168,91.89383107341384
2024-02-05,68.52,71.03,65.61,69.7,22899831.0,1567191945.25,2.6006,2.0199,67.708,69.837,68.892,69.77633333333333,70.92716666666666,63.722166666666666,66.9172,67.708,69.837,68.892,69.77633333333333,70.92716666666666,63.722166666666666,66.9172,69.13429391276696,69.72447209801709,45.69045412418912,49.44735311227459,46.47588765235825,-0.5901781852501244,-0.5556289721252688,-0.06909842624971119,-0.5901781852501244,-0.529788768877579,-0.12077883274509094,73.90509695224806,68.892,63.87890304775193,42.51268175631755,44.64753836842645,38.24296853209974,42.50159120301967,44.40466938494092,38.69543483917718,4.464629784561529,0.7141415552754606,-49.30555555555555,0.029420452531458682,-0.0019617108409582377,0.011728502583754383,-0.0010939716904966384,-0.017301786104524996,0.0938108925988602,0.04158572086100448,122.13755002499822
2024-02-06,69.54,76.37,68.08,76.3,26086448.0,1894171127.47,2.9625,9.4692,69.898,70.15700000000001,69.2485,69.89933333333333,71.10883333333335,63.89741666666667,67.03928,69.898,70.15700000000001,69.2485,69.89933333333333,71.10883333333335,63.89741666666667,67.03928,70.23671023387973,70.21154823890471,68.79474940334124,63.63253265908131,54.12218941630705,0.02516199497502214,-0.4394707787052107,0.9292655473604656,0.02516199497502214,-0.4444117282848711,0.9391474465197864,75.25958195883209,69.2485,63.23741804116792,61.47704533613018,50.2573740243277,83.91638795973515,61.4696516339316,50.09299680127115,84.2229612992525,5.160151641913979,151.02768868233338,-0.5942275042445448,0.09159060345074253,0.0875607565887935,0.10182892048203195,0.09156978130454271,0.07300311963117538,0.19410148297596785,0.13813871509359874,247.1255213692171
2024-02-07,76.6,77.06,74.7,75.75,21829986.0,1658235928.39,2.4791,-0.7208,71.79400000000001,70.44200000000001,69.6365,70.05766666666666,71.22900000000001,64.08033333333334,67.15156,71.79400000000001,70.44200000000001,69.6365,70.05766666666666,71.22900000000001,64.08033333333334,67.15156,71.0849086594367,70.62180392491177,91.07424960505523,61.29848229342326,51.00354191263281,0.46310473452493284,-0.258955676059182,1.4441208211682297,0.46310473452493284,-0.30479381092951663,1.535797090908899,76.27462045370538,69.6365,62.998379546294615,70.81629272074544,57.11034692313362,98.22818431596909,70.81136358594638,56.999119062829564,98.43585263218003,4.651033161565982,181.13074336250287,-10.505212510024077,0.055102097668328666,0.07535277249368263,0.08779160354124636,0.08125211135588307,0.06347133892094492,0.1821099557326479,0.1280452754932275,93.02099747581335
2024-02-08,77.0,79.56,75.19,76.72,21863527.0,1690034262.24,2.4829,1.2805,73.35799999999999,70.79400000000001,70.0325,70.26566666666666,71.384,64.28133333333332,67.26204,73.35799999999999,70.79400000000001,70.0325,70.26566666666666,71.384,64.28133333333332,67.26204,71.95184578875414,71.07352215269609,91.10936270653023,58.23475887170155,56.21419676214195,0.878323636058056,-0.031499813635734425,1.8196468993875807,0.878323636058056,-0.12277574216219772,2.0021987564405075,77.36873989448821,70.0325,62.69626010551178,74.22043651879578,62.81371012168768,97.03388931301197,74.21715042892974,62.738462851529626,97.17452558372996,4.599936223099441,176.77504765094787,-18.971275885103562,0.04583003898688636,0.08370765884114455,0.09549137900260593,0.09185614596033158,0.0747506444021069,0.19350355727945923,0.1406136358635569,113.56893936808771
2024-02-19,80.6,88.32,79.02,86.0,35771166.0,2944211396.72,4.0623,12.0959,76.894,72.33099999999999,71.062,70.78866666666666,71.71366666666667,64.573,67.4074,76.894,72.33099999999999,71.062,70.78866666666666,71.71366666666667,64.573,67.4074,74.11310028279196,72.1791871784223,94.16322314049582,71.08821635544105,69.0739535892431,1.9339131043696653,0.36158276996534555,3.1446606688086396,1.9339131043696653,0.19363792653501202,3.4805503556693065,80.98849956853961,71.062,61.13550043146039,79.55473967104999,68.39405330480845,101.87611240353306,79.55254894447263,68.34315821584397,101.97133040172997,5.872675091626814,269.51492269671434,-9.776654024441612,0.1184227638047181,0.18897844630932814,0.21021080183501734,0.21488373845154138,0.1992135390278933,0.3318259953850682,0.2758243160246502,313.2554032943356
2024-02-20,84.21,84.9,81.44,82.39,24696197.0,2049873330.23,2.8046,-4.1977,79.432,73.57000000000001,71.8815,71.16900000000001,71.98483333333334,64.83725,67.54804,79.432,73.57000000000001,71.8815,71.16900000000001,71.98483333333334,64.83725,67.54804,75.38646947005473,72.93554368372435,81.42027690933455,63.36921734070408,63.50081699346404,2.4509257863303873,0.7794513732383539,3.3429488261840667,2.4509257863303873,0.5409129818881466,3.8200256088844813,82.71333665234867,71.8815,61.04966334765133,78.04000484320878,71.60937048427523,90.90127356107587,78.03854435882388,71.57495359683728,90.9657258827971,5.634006893149211,199.07793582235348,-24.989464812473642,0.03723939973814078,0.11988582302568972,0.1461919965498772,0.1576669617389592,0.14454665218830806,0.2707201492968934,0.2197245101412269,65.12691643906942
2024-02-21,80.22,81.76,78.42,79.76,24441360.0,1958774494.53,2.7757,-3.1921,80.124,75.011,72.55850000000001,71.41566666666667,72.17766666666667,65.08416666666668,67.65304,80.124,75.011,72.55850000000001,71.41566666666667,72.17766666666667,65.08416666666668,67.65304,76.05932032081554,73.44105896641143,71.27749576988157,63.258785942492025,61.67427097798056,2.618261354404112,1.1472133694715057,2.9420959698652123,2.618261354404112,0.8605050391982951,3.5155126304116333,83.59111056094521,72.55850000000001,61.52588943905481,73.12444004984647,72.11439367279898,75.14453280394144,73.3348688758222,72.16159202316558,75.68142258113542,5.331460185303899,125.98615021852743,-36.07248209018117,-0.004542958414457467,0.0633107144285506,0.09925094923406623,0.11684177608087869,0.10505096220899361,0.22549007054967277,0.1789566292955941,72.29469410379075
2024-02-22,82.5,86.27,81.77,82.83,28739610.0,2399914626.65,3.2638,3.849,81.53999999999999,76.667,73.4115,71.75433333333334,72.43983333333334,65.35491666666667,67.782,81.53999999999999,76.667,73.4115,71.75433333333334,72.43983333333334,65.35491666666667,67.782,77.1009633483824,74.13653608001059,66.23570363003483,67.3989693517765,63.31877729257642,2.964427268371807,1.510656149251566,2.9075422382404823,2.964427268371807,1.1841853821480661,3.560483772447482,84.86420048595781,73.4115,61.9587995140422,74.13680284695222,72.78853006418339,76.8333484124899,74.37590457930743,72.8996962085462,77.3283213208299,5.545740151612279,153.00848217097086,-23.542024013722113,0.01582045621780729,0.08038660701475206,0.12829733761059225,0.1543553699428141,0.1434316754824117,0.2673874319580648,0.22200584225900685,145.88987781282648
2024-02-23,86.24,86.95,80.7,81.4,26403504.0,2192990258.51,3.0003,-1.7264,82.47600000000001,77.917,73.987,71.971,72.67433333333334,65.60158333333332,67.89752,82.47600000000001,77.917,73.987,71.971,72.67433333333334,65.60158333333332,67.89752,77.76235360247742,74.67457044445425,63.45878989995238,73.84843982169392,65.7661210806547,3.0877831580231714,1.8260815510058872,2.5234032140345684,3.0877831580231714,1.4770465784365439,3.221473159173255,85.84423691963798,73.987,62.129763080362004,72.60081587125453,72.72595866654044,72.3505302806827,72.90134845741643,72.90024695816962,72.90355145591008,5.673787396773682,122.1119259589237,-30.04776378636557,-0.013046219506280704,0.04470141304208329,0.10019327719734564,0.13101110169373778,0.1200653142099687,0.2408237097935901,0.19886558448673833,84.0170513051546
2024-02-26,80.18,84.61,79.78,82.15,25612476.0,2126130271.2,2.9104,0.9214,81.70599999999999,79.3,74.603,72.31833333333334,72.92166666666667,65.87033333333333,68.01343999999999,81.70599999999999,79.3,74.603,72.31833333333334,72.92166666666667,65.87033333333333,68.01343999999999,78.4373761251732,75.22830596708727,63.071738083774704,73.71565113500598,65.87379595046195,3.209070158085936,2.102679272421897,2.2127817713280784,3.209070158085936,1.7435117445364505,2.931116827098971,86.82538343540695,74.603,62.38061656459305,71.57248067306298,72.34146600204795,70.03451001509305,72.87801624740725,72.89283672124884,72.84837529972407,5.520371506451194,96.28403007769371,-27.16864817261114,0.005434117445475447,0.035939470365699985,0.10116215165609978,0.13594985135166274,0.12655132219504955,0.24714717298126124,0.20784950739148056,109.605318602976
2024-02-27,81.3,88.62,80.73,88.0,37833674.0,3243611525.08,4.2991,7.1211,82.828,81.13000000000001,75.4835,72.97133333333333,73.33116666666666,66.18125,68.14059999999999,82.828,81.13000000000001,75.4835,72.97133333333333,73.33116666666666,66.18125,68.14059999999999,79.90854902899272,76.17435737693266,55.76701268742792,76.02179836512262,69.27433628318585,3.734191652060062,2.4289817483495297,2.6104198074210645,3.734191652060062,2.0497701918477755,3.368842920424573,88.90627134299471,75.4835,62.06072865700529,79.56364611920674,74.74885937443422,89.19321960875178,80.91251066931986,75.56606137060585,91.60540926674787,5.951213050732795,121.80447937101337,-3.018500486854938,0.062442652243202744,0.08467891039073079,0.16581769525790394,0.2059530226481632,0.20003545559300626,0.3296817452072905,0.2914473896619638,198.9532526729605
2024-02-28,87.1,89.32,83.28,83.28,34808926.0,2999120563.93,3.9554,-5.3636,83.53200000000001,81.828,75.99249999999999,73.44166666666666,73.59733333333334,66.46141666666666,68.26772,83.53200000000001,81.828,75.99249999999999,73.44166666666666,73.59733333333334,66.46141666666666,68.26772,80.42723379376308,76.70070127493764,52.4119241192412,68.31537708129287,64.40677966101696,3.7265325188254366,2.6884919024447114,2.0760812327614504,3.7265325188254366,2.3077336267674156,2.837597784116042,89.8012232154935,75.99249999999999,62.18377678450649,72.12712053146457,73.87494642677768,68.63146874083833,73.50391728159858,74.87868000760344,70.75439182958885,5.9673561324177395,102.40312606519535,-41.313269493844025,-0.003016807929895244,0.017744537322187982,0.09589762147580365,0.13396119369113815,0.1315627377803543,0.2530578518614184,0.21990305227712315,57.62095388491439
2024-02-29,82.5,86.98,82.5,85.12,33972253.0,2883976276.0,3.8603,2.2094,83.99000000000001,82.765,76.6035,74.01266666666668,73.837,66.74766666666667,68.41448,83.99000000000001,82.765,76.6035,74.01266666666668,73.837,66.74766666666667,68.41448,81.14919782549184,77.32435303234966,65.17553793884485,68.66828087167072,63.01931954180203,3.8248447931421765,2.9157624805842044,1.8181646251159442,3.8248447931421765,2.541135344671225,2.567418896941903,90.90856170997942,76.6035,62.29843829002058,68.57404365706203,72.10797883687248,61.506173297441165,72.42794768525542,74.06176923348744,69.16030458879138,5.696927744705424,87.09824561403504,-29.723991507430924,0.013453982616978156,0.02845405666646534,0.11117638228018313,0.15007341085760087,0.1528095670192451,0.27525057055677343,0.24418105640794183,124.42538249668506
2024-03-01,86.33,88.33,85.08,87.49,31746787.0,2754471320.61,3.6074,2.7843,85.208,83.84200000000001,77.31800000000001,74.63566666666665,74.1185,67.03491666666666,68.55684000000001,85.208,83.84200000000001,77.31800000000001,74.63566666666665,74.1185,67.03491666666666,68.55684000000001,82.12470585233925,78.07736391884228,63.73820754716982,65.09306717021852,64.52302631578948,4.047341933496966,3.142078371166757,1.8105271246604184,4.047341933496966,2.7728594352598006,2.5489649964743313,92.31790961376288,77.31800000000001,62.318090386237145,73.45303216281201,72.556329945519,75.24643659739803,76.02230151494092,74.71527999397193,78.6363445568789,5.2520317911226195,97.57029481320617,-16.78899082568807,0.026781522861703086,0.04351041244245105,0.1315605680436636,0.17222775527339493,0.18040705087123995,0.3051407288987456,0.2761673379344787,131.60367463193842
2024-03-04,89.1,89.76,83.85,86.28,33029482.0,2845580073.79,3.7532,-1.383,86.034,83.87,78.1005,75.33133333333333,74.36033333333334,67.28275000000001,68.702,86.034,83.87,78.1005,75.33133333333333,74.36033333333334,67.28275000000001,68.702,82.76398187505629,78.68496659152063,64.57586618876942,63.954412934004786,62.92921074043939,4.079015283535654,3.3294657536405365,1.4990990597902343,4.079015283535654,2.973806488840701,2.2104175893899054,93.26332916942135,78.1005,62.93767083057864,72.0727445459311,72.39513481232304,71.42796401314723,73.78559078068372,74.40538358954254,72.54600516296608,5.371662374554871,85.25867784573845,-30.687830687830715,0.002859334681637435,0.028734946941695438,0.10473044346707133,0.14534014177367544,0.16029603596899766,0.28234948779590596,0.2558586358475736,86.9995886094086
2024-03-05,84.82,90.26,84.13,86.3,39605783.0,3460218799.87,4.5005,0.0232,85.694,84.261,78.9155,76.008,74.60033333333332,67.50866666666667,68.84652,85.694,84.261,78.9155,76.008,74.60033333333332,67.50866666666667,68.84652,83.30798466350917,79.24904314029689,62.96064959400374,63.02338227297445,61.23213070115725,4.058941523212283,3.475360907554886,1.167161231314794,4.058941523212283,3.140750340282483,1.8363823658596008,93.99709069510702,78.9155,63.83390930489297,68.78640984995914,71.19222649153508,63.974776566807265,71.37507853847382,73.39528190585297,67.33467180371551,5.5095419428176235,80.74179457379871,-33.445945945946,0.007071673629425567,0.024198620951567173,0.09357477301670779,0.1354067992842859,0.15683129208537952,0.2783543841284575,0.2535128863448726,100.23204537795401
2024-03-06,85.0,85.81,82.98,84.42,27199788.0,2293979459.17,3.0908,-2.1784,85.922,84.727,79.869,76.61466666666666,74.79549999999999,67.71791666666667,68.98348000000001,85.922,84.727,79.869,76.61466666666666,74.79549999999999,67.71791666666667,68.98348000000001,83.47906394604622,79.63207698175638,35.13289036544849,47.311095983662355,59.530112508272666,3.84698696428984,3.549686118901877,0.5946016907759262,3.84698696428984,3.2494021285913073,1.1951696713970659,93.6988059506119,79.869,66.0391940493881,60.61587628674121,67.66677642327046,46.51407601368271,62.34165541241765,69.71073974137454,47.60348675450388,5.1114434077598725,51.49140446065155,-55.72519083969467,-0.017480971113335297,-0.0036234022212518107,0.05698080606993955,0.1018777953742539,0.12867752739135394,0.24664201374574676,0.22377125653852176,80.2316125487243
2024-03-07,84.6,85.27,80.75,80.9,29708196.0,2445734164.61,3.3758,-4.1696,85.078,84.534,80.6005,77.119,74.92966666666668,67.88291666666666,69.09895999999999,85.078,84.534,80.6005,77.119,74.92966666666668,67.88291666666666,69.09895999999999,83.08228487742373,79.72599720532997,39.02214022140222,47.45646978490953,56.04775369148602,3.3562876720937567,3.511006429540253,-0.3094375148929931,3.3562876720937567,3.265846058360915,0.1808832274656833,92.86023379121993,80.6005,68.34076620878007,43.97292515808195,59.76882600154096,12.381123471163932,45.12344457519957,61.51497468598289,12.340384353632913,5.0039082427126225,22.55985999522704,-89.3129770992366,-0.049107877477138594,-0.042988619963564956,0.0037158578420730514,0.049028125364696196,0.07967916579547925,0.19175786740650283,0.1707846254125969,65.31782847183165
2024-03-08,81.41,82.59,79.77,82.3,28009751.0,2278499266.1,3.1828,1.7305,84.03999999999999,84.624,81.2705,77.53266666666667,75.04150000000001,68.08433333333333,69.22623999999999,84.03999999999999,84.624,81.2705,77.53266666666667,75.04150000000001,68.08433333333333,69.22623999999999,82.96193335782007,79.91666407900924,36.442307692307615,54.526015680684246,59.33749399903985,3.045269278810835,3.4178589993943698,-0.7451794411670694,3.045269278810835,3.2319111691993645,-0.3732837807770588,92.23396751716811,81.2705,70.30703248283189,37.35468604437748,52.2974460158198,7.469166101492846,38.121698989122564,53.717216120362785,6.930664726642121,4.606834016764873,5.415716651315396,-75.88179218303146,-0.020704426463588707,-0.027462658347513685,0.012667573104632047,0.0614880609463537,0.09672647801549786,0.20879497485961035,0.18885555535011014,118.71706085623256
2024-03-11,82.2,84.8,81.11,83.81,27453312.0,2284218069.11,3.1196,1.8348,83.546,84.78999999999999,82.045,77.99866666666667,75.21900000000001,68.28275000000001,69.35396,83.546,84.78999999999999,82.045,77.99866666666667,75.21900000000001,68.28275000000001,69.35396,83.09240514892468,80.20505933241597,30.71278825995806,51.84905660377359,60.896323181316085,2.887345816508713,3.3117563628172384,-0.848821092617051,2.887345816508713,3.1789011149392645,-0.5831105968611032,91.19492435976785,82.045,72.89507564023215,37.74074716272767,47.445213064789094,18.33181535860483,38.25208912589106,48.562173788872215,17.631919799928752,4.440136922807623,24.176984172405504,-61.48713060057195,0.0031599358437267586,-0.01155796674136089,0.02151258455725517,0.07450554710336935,0.11421316422712337,0.22739637756241501,0.2084385664495582,119.93889805938662
2024-03-12,83.0,83.5,79.57,80.0,29602349.0,2398647730.66,3.3638,-4.546,82.286,83.99,82.56,78.319,75.21333333333334,68.46541666666667,69.45996000000001,82.286,83.99,82.56,78.319,75.21333333333334,68.46541666666667,69.45996000000001,82.61665051062857,80.189869752237,24.135090609555164,47.57617728531855,61.71437709899249,2.4267807583915726,3.1347612419321056,-1.415960967081066,2.4267807583915726,3.063190290855004,-1.2728190649268631,89.72943512419208,82.56,75.39056487580793,26.50131507137881,40.46391373365233,-1.4238822531682445,26.842209713487733,41.32218576374406,-2.1177423870249186,4.403748391388056,-38.47196215630253,-95.97754911131892,-0.027781153537661345,-0.047505655435170796,-0.031007751937984523,0.021463501832250122,0.06364119836908343,0.16847313424660865,0.15174267304501743,62.79737113050635
2024-03-13,81.38,82.55,79.66,79.7,23502709.0,1904133808.66,2.6706,-0.375,81.342,83.632,82.73,78.539,75.17133333333332,68.65258333333333,69.56663999999999,81.342,83.632,82.73,78.539,75.17133333333332,68.65258333333333,69.56663999999999,82.16793504745495,80.15358310392314,23.429951690821255,45.69117129792472,60.846389920852864,2.014351943531807,2.910679382252046,-1.7926548774404782,2.014351943531807,2.901830545112974,-1.7749572031623337,89.41962747763077,82.73,76.04037252236924,18.072906648770815,33.0002447053585,-11.781769464404547,18.300169743510097,33.648180423666076,-12.395851616801863,4.128521411135682,-67.11637800060801,-98.78391019644519,-0.02018637358314273,-0.04701549646068493,-0.03662516620331199,0.014782464762729361,0.06024459678778277,0.160917712492004,0.14566407116974475,96.31265257170264
2024-03-14,78.7,81.3,78.4,80.75,21081183.0,1687129197.44,2.3955,1.3174,81.312,83.19500000000001,82.98,78.80066666666667,75.17266666666666,68.83966666666667,69.6684,81.312,83.19500000000001,82.98,78.80066666666667,75.17266666666666,68.83966666666667,69.6684,81.94979119400034,80.19776213326216,34.167385677308005,34.65933135844264,59.8209845847837,1.752029060738181,2.678949317949273,-1.853840514422184,1.752029060738181,2.7249380090553137,-1.9458178966342654,88.90084275651425,82.98,77.05915724348576,18.653438609017517,28.21797600657817,-0.47563618610378455,18.804947338843704,28.70043606205862,-0.9860301075861315,3.9051538818382836,-97.10344084283147,-80.18549747048908,-0.006911648957103473,-0.02938878538373709,-0.02687394552904319,0.024737523371206608,0.07419363421101655,0.17301555789055717,0.15906207118291785,113.98352826529592
2024-03-15,80.06,80.7,78.5,80.7,21706181.0,1729629526.95,2.4665,-0.0619,80.99199999999999,82.51599999999999,83.179,79.05066666666667,75.2235,69.03916666666666,69.76964,80.99199999999999,82.51599999999999,83.179,79.05066666666667,75.2235,69.03916666666666,69.76964,81.75751562569259,80.2349649382057,48.76847290640392,43.19620253164556,60.3511705685619,1.5225506874868842,2.447669591856795,-1.8502378087398217,1.5225506874868842,2.5399553441986322,-2.034809313423496,88.4453096037077,83.179,77.9126903962923,18.89993152911454,25.11196118075696,6.475872225829697,19.00093734899866,25.46726982437197,6.0682723982520415,3.604216812413141,-115.11911558623581,-80.60708263069142,-0.00360529435005911,-0.022007853022443992,-0.02980319551809951,0.02086425583591955,0.07280304692017789,0.16890171038178828,0.15666355738685206,99.3825274191088
2024-03-18,80.68,84.29,80.37,83.19,32622592.0,2700434366.39,3.707,3.0855,80.868,82.20700000000001,83.0385,79.46933333333332,75.35,69.27133333333333,69.89336,80.868,82.20700000000001,83.0385,79.46933333333332,75.35,69.27133333333333,69.89336,81.9778978371245,80.45385642426454,54.83170466883823,45.07904130545637,61.07371531768184,1.5240414128599582,2.262943956057428,-1.4778050863949392,1.5240414128599582,2.3836608932234515,-1.7192389607269867,88.13512127502636,83.0385,77.94187872497363,34.14741274230665,28.12377836794019,46.194681491039574,26.12991101512781,25.688150221290584,27.013432602802254,3.6616319374289334,-20.670238210815086,-59.61214165261389,0.02871345897017365,0.011957619180848223,0.001824454921512294,0.04681889869467477,0.10404777704047782,0.20092967750007218,0.1902418198238001,135.51141986121746
2024-03-19,82.5,82.5,80.5,80.65,21584127.0,1754165141.28,2.4526,-3.0533,80.998,81.642,82.9515,79.82433333333333,75.4635,69.49600000000001,70.00332,80.998,81.642,82.9515,79.82433333333333,75.4635,69.49600000000001,70.00332,81.77360586218228,80.46838557802272,34.570312499999986,32.70980788675429,53.82585751978893,1.3052202841595602,2.0713992216778543,-1.5323578750365883,1.3052202841595602,2.217746953367468,-1.8250533384158159,88.15305553656776,82.9515,77.74994446343223,33.68197239589004,29.976509710590143,41.09289776648984,27.541398166630422,26.305899536403864,30.012395427083547,3.4849715851691268,-64.50335807705866,-69.63562753036436,-0.004296402380305674,-0.0121506087552974,-0.027745128177308308,0.010343546036505294,0.06872859064315874,0.1604984459537239,0.15208821524464844,73.33857619833081
2024-03-20,80.65,81.7,79.8,80.19,15436192.0,1244508729.94,1.754,-0.5704,81.096,81.21900000000001,82.973,80.319,75.54616666666668,69.72383333333333,70.11252,81.096,81.21900000000001,82.973,80.319,75.54616666666668,69.72383333333333,70.11252,81.5299741910773,80.44776442409511,51.3788098693759,33.99894902785073,53.911205073995774,1.0822097669821886,1.873561330738721,-1.582703127513065,1.0822097669821886,2.0430489246928096,-1.921678315421242,88.12230388754777,82.973,77.82369611245223,31.777564930593336,30.57686145059121,34.17897189059758,27.046036429379015,26.55261183406225,28.032885620012543,3.1967949333201955,-88.85067354542824,-73.9446870451238,-0.01117194436223742,-0.012669449266797307,-0.033541031419859486,-0.0016060956934225387,0.06147013856868959,0.15010888194615424,0.14373295953418866,94.44053039994796
2024-03-21,80.3,81.5,78.88,79.22,16673668.0,1334364700.78,1.8947,-1.2096,80.78999999999999,81.051,82.79249999999999,80.75066666666666,75.59816666666666,69.94274999999999,70.22,80.78999999999999,81.051,82.79249999999999,80.75066666666666,75.59816666666666,69.94274999999999,70.22,81.17459354629617,80.35681891119918,46.825396825396794,32.28228228228227,52.20225510923186,0.8177746350969812,1.6624039916103732,-1.689258713026784,0.8177746350969812,1.8545451878319128,-2.073541105469863,88.20905891930612,82.79249999999999,77.37594108069386,25.45587662039553,28.86986650719265,18.627896846801285,22.30152428625265,25.135582651459053,16.633407555839838,3.091923127261979,-100.7195806834253,-87.18750000000009,-0.01943309815571226,-0.022590714488408572,-0.04315004378415909,-0.018955467859914407,0.047909010139134886,0.13264062393886444,0.12816861293078896,88.54137171059281
2024-03-22,78.9,81.4,78.9,80.12,19784091.0,1582876561.37,2.2481,1.1361,80.674,80.833,82.7285,81.12466666666667,75.6915,70.1765,70.32628,80.674,80.833,82.7285,81.12466666666667,75.6915,70.1765,70.32628,81.01234838532753,80.33927676962887,45.748987854251034,38.68421052631579,43.923108722612646,0.6730716156986603,1.4645375164280308,-1.582931801458741,0.6730716156986603,1.6727800228883354,-1.9994168143793503,88.24368582976504,82.7285,77.21331417023495,26.704596864078052,28.148109959487783,23.817570673258587,23.826016190835105,24.69906049791774,22.07992757666984,2.9843007404870736,-82.7149041434754,-73.12499999999999,-0.006867144309195057,-0.00882065493053572,-0.03153085091594786,-0.012384231676349963,0.058507230006011234,0.14169273189743004,0.13926116950875275,111.95951939921898
2024-03-25,80.1,83.1,79.45,80.5,24861292.0,2030109301.3,2.825,0.4743,80.136,80.502,82.646,81.53066666666668,75.74700000000001,70.41908333333335,70.42828,80.136,80.502,82.646,81.53066666666668,75.74700000000001,70.41908333333335,70.42828,80.9335255568156,80.3511821941008,48.708010335917294,48.73896595208068,47.906976744186046,0.5823433627147949,1.2880986856853835,-1.4115106459411773,0.5823433627147949,1.5050205367077907,-1.8453543479859915,88.24632856178985,82.646,77.04567143821015,29.687614660941644,28.66127819330574,31.74028759621345,27.76856087877968,25.72222729153839,31.861228053262266,3.1053369694894224,-52.67167100510518,-64.34634974533117,0.004542278127183842,-2.4844103252035216e-05,-0.025966168961595246,-0.012641460064106868,0.06274835967100988,0.14315603369825156,0.1430067580807028,104.84540399145968
2024-03-26,80.1,80.71,76.08,76.29,25850636.0,2007755103.04,2.9374,-5.2298,79.264,80.131,82.0605,81.75033333333334,75.76333333333334,70.62733333333333,70.51892,79.264,80.131,82.0605,81.75033333333334,75.76333333333334,70.62733333333333,70.51892,80.21913700961319,80.05035388342667,13.530655391120533,33.90465988216391,46.287181682002995,0.16878312618652558,1.064235573785612,-1.7909048951981728,0.16878312618652558,1.2994455504737499,-2.2613248485744486,87.75176190798341,82.0605,76.3692380920166,20.644361864907133,25.988972750506207,9.955140093708984,19.364992676799154,23.60314908662531,10.88867985714684,3.3825484295822537,-140.5769114718484,-97.4421437271619,-0.03752018570851824,-0.047934008061798726,-0.07032006872977861,-0.06679279595190239,0.006951471688151755,0.0801767021266556,0.08183732819504344,58.44096052082568
2024-03-27,76.31,78.17,74.5,75.23,16717968.0,1275544759.5,1.8997,-1.3894,78.272,79.684,81.658,81.71466666666667,75.807,70.80208333333333,70.60772,78.272,79.684,81.658,81.71466666666667,75.807,70.80208333333333,70.60772,79.45157746967271,79.69329063280247,16.04010025062658,26.454445664105364,41.50268336314848,-0.24171316312975932,0.8030458264025377,-2.089517979064594,-0.24171316312975932,1.0623442099193638,-2.6081147460982463,88.07808558723079,81.658,75.23791441276921,16.248437361759688,22.742127620924034,3.2610568434309997,15.395524569687703,20.867274247646108,4.452025213770895,3.4348123514763893,-172.78689162628618,-92.5434116445352,-0.03886447260834017,-0.05589578836403787,-0.0787185578877758,-0.0793574388930588,-0.007611434300262484,0.0625393555980581,0.06546422969046449,86.94296949748478
2024-03-28,75.53,78.5,75.21,76.79,18042079.0,1389229683.46,2.0501,2.0736,77.78600000000002,79.288,81.2415,81.74933333333334,75.9035,71.00391666666665,70.68488,77.78600000000002,79.288,81.2415,81.74933333333334,75.9035,71.00391666666665,70.68488,79.0421040128,79.47823206740969,31.277533039647622,39.94990607388855,44.860646599777034,-0.4361280546096964,0.555211050200091,-1.9826782096195747,-0.4361280546096964,0.8318100153764315,-2.535876139972256,87.79533624098777,81.2415,74.68766375901224,18.62936341652214,21.371206219456738,13.145677810652941,18.060754888474147,19.931767794588787,14.318729076244864,3.4084828330261376,-136.36097103318843,-76.60878447395297,-0.01280436068187089,-0.03150539804257883,-0.0547934245428752,-0.06066512265135699,0.011679303325933749,0.0814896361350961,0.0863709466578991,122.78238289954228
2024-03-29,76.39,77.57,75.38,77.26,10726867.0,817886041.34,1.2189,0.6121,77.21400000000001,78.944,80.72999999999999,81.76733333333333,76.0165,71.20225,70.75224,77.21400000000001,78.944,80.72999999999999,81.76733333333333,76.0165,71.20225,70.75224,78.76793416467692,79.31391858093491,38.57808857808862,42.441140024783145,44.51424725151446,-0.5459844162579941,0.334971956908474,-1.761912746332936,-0.5459844162579941,0.6198416412788276,-2.331652115073643,86.81019390272527,80.72999999999999,74.6498060972747,23.117250029619438,21.953220822844308,25.445308443169694,21.43784748778768,20.43379435898842,23.4459537453862,3.1869404997486575,-133.37006427915495,-71.80796731358525,0.0005957468852797713,-0.021331576813944028,-0.04298278211321671,-0.05512388810527417,0.016358290634270346,0.08507806986436521,0.09197956135381727,106.29194697421715
2024-04-01,78.39,79.82,77.6,78.48,13228836.0,1042146631.12,1.5032,1.5791,76.81000000000002,78.473,80.34,81.51666666666667,76.15266666666666,71.40625,70.81975999999999,76.81000000000002,78.473,80.34,81.51666666666667,76.15266666666666,71.40625,70.81975999999999,78.72363660088047,79.252146834199,40.786516853932575,43.04107909258124,38.08212318477715,-0.5285102333185279,0.16227551886307362,-1.3815715043632029,-0.5285102333185279,0.4431721221100036,-1.9433647108570629,85.89962134265326,80.34,74.78037865734674,30.837856608893606,24.914766084860744,42.68403765695933,29.7182549143391,23.528614544105313,42.09753565480667,3.072951317976172,-67.41976595991243,-53.72093023255806,0.02174196068220267,8.920265569055601e-05,-0.023151605675877512,-0.03725209568595373,0.030561416102741108,0.09906345733041581,0.108165291720842,116.96149360936236
2024-04-02,78.0,79.12,76.5,77.26,12737542.0,988344511.59,1.4474,-1.5545,77.004,78.134,79.888,81.34566666666666,76.25733333333332,71.60025,70.86508,77.004,78.134,79.888,81.34566666666666,76.25733333333332,71.60025,70.86508,78.49846173920655,79.1045804020361,33.367556468172495,40.16018306636155,41.73984632272228,-0.6061186628295587,0.008596682524547164,-1.2294306907082118,-0.6061186628295587,0.2817427705808402,-1.7757228668207978,84.84461854175031,79.888,74.9313814582497,31.256245491200417,27.028592553640635,39.71155136631998,30.50984436149741,25.85569114990268,39.81815078468687,2.9905965328895956,-94.30032790205955,-67.90697674418597,0.003324502623240354,-0.011185911383008616,-0.03289605447626677,-0.050225990321139675,0.013148462224398322,0.07904651170910719,0.09024077867406624,85.49822417110055
2024-04-03,76.31,77.21,74.33,74.5,16956866.0,1275600413.79,1.9268,-3.5724,76.858,77.565,79.392,81.17033333333333,76.29299999999999,71.77891666666666,70.89828000000001,76.858,77.565,79.392,81.17033333333333,76.29299999999999,71.77891666666666,70.89828000000001,77.88331377932862,78.76350037225565,39.20386007237632,25.52112676056339,35.786937901498916,-0.880186592927032,-0.16915997256576867,-1.4220532407225268,-0.880186592927032,0.10298440696424443,-1.966341999782553,84.42388820895006,79.392,74.36011179104993,21.4836391454069,25.180274750896057,14.090367934428592,20.986038392271563,24.232473564025643,14.493168048763401,2.979578981455125,-153.16275764036945,-98.06157354618014,-0.030679955242134897,-0.039515245278153775,-0.06161829907295441,-0.08217698584458195,-0.023501500792995324,0.037909228220450154,0.050801232413536485,69.50494266067982
2024-04-08,74.5,75.55,74.0,74.01,10590764.0,791323434.71,1.2034,-0.6577,76.30199999999999,77.04400000000001,79.0475,80.87633333333333,76.31533333333333,71.94616666666667,70.92932,76.30199999999999,77.04400000000001,79.0475,80.87633333333333,76.31533333333333,71.94616666666667,70.92932,77.2874193517396,78.41138923357005,42.09844559585493,28.853503184713375,31.003382187147693,-1.1239698818304475,-0.3601219544187045,-1.5276958548234862,-1.1239698818304475,-0.08577779131186204,-2.076384181037171,84.56470323886568,79.0475,73.53029676113432,14.359056133567991,21.573201878453368,-0.06923535620276056,14.027322298144433,20.830756475398577,0.4204539436361472,2.719655530281465,-152.28990900244835,-99.89010989010984,-0.030038531100102062,-0.039380094491459496,-0.06372750561371321,-0.08489916704103792,-0.030207996645497056,0.02868579979938706,0.0434330964966251,93.6141103970387
2024-04-09,74.26,75.86,72.71,75.79,12324240.0,916139102.23,1.4004,2.4051,76.00800000000001,76.61100000000002,78.72200000000001,80.68933333333334,76.33016666666667,72.11925000000001,70.97944,76.00800000000001,76.61100000000002,78.72200000000001,80.68933333333334,76.33016666666667,72.11925000000001,70.97944,77.05704714377966,78.21721225330559,43.70277078085642,37.07403055229145,35.4507628294036,-1.1601651095259342,-0.5201305854401505,-1.2800690481715675,-1.1601651095259342,-0.25106814796018084,-1.8181939231315067,84.19925094319585,78.72200000000001,73.24474905680417,22.406037422378716,21.850813726428484,23.51648481427918,19.232844316825236,20.298119089207464,17.10229477206078,2.7978999793211994,-124.29548057351748,-70.35611164581317,-0.0028681191453531667,-0.010716476746159324,-0.03724498869439295,-0.06071847580018835,-0.007076712789395161,0.050898338515722195,0.06777399201797041,126.82796630415226
2024-04-10,75.3,75.59,73.18,73.55,10646729.0,788311245.18,1.2098,-2.9555,75.022,75.91600000000001,78.209,80.40266666666666,76.3605,72.27383333333334,71.01404,75.022,75.91600000000001,78.209,80.40266666666666,76.3605,72.27383333333334,71.01404,76.51750142935201,77.8714928271348,30.89598352214209,34.4997266265719,33.342043376012526,-1.3539913977827922,-0.6869027479086789,-1.3341772997482266,-1.3539913977827922,-0.42074864793289024,-1.866485499699804,83.6009975792595,78.209,72.81700242074051,18.875473612106223,20.859033688321066,14.90835345967654,16.32189621121684,18.97271146321059,11.020265707229335,2.763736346717345,-128.58538405274157,-89.49999999999996,-0.019620911199381627,-0.031166025607250295,-0.05957114910048723,-0.08522934562701069,-0.036805678328455216,0.017657381763339718,0.03571068481669263,74.08114735142462
2024-04-11,73.55,74.9,72.55,74.01,13224618.0,977372211.75,1.5027,0.6254,74.372,75.688,77.90950000000001,79.93633333333334,76.45383333333334,72.44466666666668,71.01208,74.372,75.688,77.90950000000001,79.93633333333334,76.45383333333334,72.44466666666668,71.01208,76.13173197868247,77.5854563214211,25.027932960893907,32.88515406162466,35.8751696065129,-1.4537243427386386,-0.8402670668746709,-1.2269145517279354,-1.4537243427386386,-0.5796679855953131,-1.748112714286651,83.54266672648919,77.90950000000001,72.27633327351083,19.277826057772828,20.33196447813832,17.16954921704184,17.575441123846574,18.506954683422585,15.712414004694551,2.688511556405102,-120.81251612600596,-79.91746905089397,-0.004867423223793831,-0.022169960892083253,-0.050051662505856194,-0.07413816829226591,-0.03196482408773919,0.021607295683142,0.04221704250882396,106.4332371766874
2024-04-12,77.61,79.75,76.66,77.99,32158882.0,2517739977.8,3.6543,5.3777,75.07000000000001,75.964,77.824,79.76,76.60083333333334,72.66216666666668,71.01804,75.07000000000001,75.964,77.824,79.76,76.60083333333334,72.66216666666668,71.01804,76.41761936657747,77.61542251983435,53.1169940222032,44.149184149184144,46.10024122219243,-1.197803153256885,-0.9117742841511137,-0.5720577382115424,-1.197803153256885,-0.6747657036970933,-1.0460748991195832,83.39429867856516,77.824,72.25370132143483,37.7945708794139,26.152833278563513,61.078046081114664,36.65964759012972,24.55785231899163,60.86323813240591,3.2433276370587185,4.348687469044015,-25.17193947730398,0.03889702943918992,0.026670528144910697,0.0021330180921052223,-0.022191574724172644,0.01813513778135556,0.07332334800549552,0.09817167581645446,168.84381690841263
2024-04-15,77.6,79.5,76.99,78.66,19678314.0,1542971195.17,2.2361,0.8591,76.0,76.151,77.7195,79.54466666666666,76.77866666666667,72.87983333333334,71.024,76.0,76.151,77.7195,79.54466666666666,76.77866666666667,72.87983333333334,71.024,76.76260100248864,77.69279862947626,71.62162162162159,56.61641541038524,45.02460360852925,-0.9301976269876207,-0.9154589527184152,-0.029477348538410997,-0.9301976269876207,-0.7140629226648667,-0.4322694086455079,83.13493787411737,77.7195,72.30406212588262,53.21105275500588,35.17223977071097,89.2886787235957,52.45443722881643,33.8567139555999,89.64988377524949,3.1099953394116797,14.993555039958839,-15.955983493810141,0.034999999999999955,0.032947696025002964,0.012101210121012103,-0.011121633966660167,0.024503334259516493,0.07931092048783489,0.10751295336787559,108.93068065191844
2024-04-16,78.0,78.8,76.38,77.85,14568650.0,1130819667.39,1.6555,-1.0297,76.41199999999999,76.21000000000001,77.57700000000001,79.22333333333334,76.9295,73.066,70.9962,76.41199999999999,76.21000000000001,77.57700000000001,79.22333333333334,76.9295,73.066,70.9962,76.92989315595192,77.70444317544099,69.31589537223333,57.417893544733836,41.69453734671125,-0.7745500194890695,-0.8872771660725461,0.2254542931669532,-0.7745500194890695,-0.7233686298685902,-0.10236277924095871,82.80909970933517,77.57700000000001,72.34490029066485,60.01107220704094,43.45185058282097,93.12951545548088,59.27040427817474,42.327944063124846,93.15532470827452,2.984541641336829,-3.493804590696784,-27.097661623108664,0.018819033659634644,0.021519485631806667,0.00351908426466584,-0.017334960238987028,0.011965500880676331,0.06547504995483525,0.09653756116524535,90.16681897029677
2024-04-17,78.3,80.67,77.2,80.04,19643822.0,1561786178.49,2.2322,2.8131,77.71000000000001,76.366,77.4195,79.01533333333333,77.17333333333335,73.24083333333333,70.97283999999999,77.71000000000001,76.366,77.4195,79.01533333333333,77.17333333333335,73.24083333333333,70.97283999999999,77.40837113195931,77.87744738466758,70.53140096618353,58.88463641334061,50.058377116170476,-0.4690762527082626,-0.8036369833996895,0.6691214613828538,-0.4690762527082626,-0.6842467256900783,0.43034094596363137,82.10081998928821,77.4195,72.73818001071179,70.75450790814226,52.55273635792807,107.15805100857062,70.26072928889812,51.63887247171594,107.50444292326247,3.0728067974574054,59.64645213060974,-7.758620689655111,0.02998327113627587,0.04811041562999249,0.03384806153488471,0.012967947149498522,0.037145818935729005,0.09283300526800868,0.1277553497929633,131.97286065424282
2024-04-18,79.23,81.28,78.48,79.3,16855015.0,1345737022.69,1.9153,-0.9245,78.768,76.57000000000001,77.352,78.782,77.395,73.40816666666667,70.96512,78.768,76.57000000000001,77.352,78.782,77.395,73.40816666666667,70.96512,77.69939095781173,77.98282165246998,82.48587570621461,55.495689655172384,49.42363112391929,-0.2834306946582501,-0.6995957256514016,0.832330061986303,-0.2834306946582501,-0.6225827209159508,0.6783040525154014,81.87339056392867,77.352,72.83060943607134,72.94286781505016,59.349446843635434,100.12970975787962,72.6136820688874,58.6304756707731,100.58009486511601,3.0232055615560585,78.47585592837893,-22.680412371134057,0.00675401178143404,0.035653650254668795,0.025183576378115538,0.006575105988677625,0.02461399315201242,0.08026127883137421,0.1174503756211502,91.12993773387687
2024-04-19,79.0,79.13,75.5,75.5,17337044.0,1332471288.02,1.97,-4.7919,78.27000000000001,76.67,77.11749999999999,78.48466666666667,77.54966666666665,73.54441666666666,70.94051999999999,78.27000000000001,76.67,77.11749999999999,78.48466666666667,77.54966666666665,73.54441666666666,70.94051999999999,77.36102311814838,77.7989089374722,56.111566858080366,42.95175023651844,42.99065420560748,-0.4378858193238244,-0.6472537443858862,0.4187358501241236,-0.4378858193238244,-0.5941678129787006,0.3125639873097523,81.50360185400301,77.11749999999999,72.73139814599698,59.89241970411516,59.530437797128684,60.61638351808813,59.67296254000666,58.977971293850956,61.062945032318055,3.164440914000411,-24.612462786161885,-66.20847651775486,-0.035390315574294236,-0.01526020607799663,-0.020974486984147472,-0.038028659525852215,-0.026430373653013595,0.026590507097185082,0.06427187170322417,61.198058314631034
2024-04-22,72.26,74.33,70.3,73.35,15814634.0,1150006090.42,1.797,-2.8477,77.208,76.604,76.824,78.23299999999999,77.676,73.67933333333333,70.93472,77.208,76.604,76.824,78.23299999999999,77.676,73.67933333333333,70.93472,76.74394263843324,77.46936012728908,27.606177606177667,41.14182147711825,40.7079646017699,-0.7254174888558396,-0.6628864932798769,-0.1250619911519253,-0.7254174888558396,-0.6143600708059527,-0.22211483609977378,81.39923493788535,76.824,72.24876506211464,49.18753906200269,56.082804885420025,35.397007415168034,49.04123428593036,55.665725624544095,35.792251608702884,3.5345425660003364,-156.81941677232416,-72.22222222222226,-0.049968915138327685,-0.04247819957182399,-0.045220243673851974,-0.06241611596129506,-0.05569287810906853,-0.004469819669016249,0.034049334373914435,74.90859742588871
2024-04-23,74.02,74.48,71.45,71.62,13059174.0,943766113.0,1.4839,-2.3586,75.96199999999999,76.18699999999998,76.399,77.877,77.70483333333333,73.768,70.9172,75.96199999999999,76.18699999999998,76.399,77.877,77.70483333333333,73.768,70.9172,75.95564377098196,77.03607419193433,19.176882661996572,43.155893536121695,35.086362464552735,-1.0804304209523679,-0.7463952788143752,-0.6680702842759854,-1.0804304209523679,-0.6860632015977088,-0.788734438709318,81.25560006697395,76.399,71.54239993302605,36.79897868250091,49.65486281778032,11.087210411942081,36.70144216511935,49.344297804735845,11.415730885886376,3.4428075540002756,-142.5046733312437,-87.97814207650268,-0.057160159026881666,-0.05994460997282974,-0.06255317477977455,-0.08034464604440324,-0.07830701221931698,-0.029118316885370296,0.009910148736836911,78.76657925747837
2024-04-24,72.6,75.63,72.47,75.29,18305769.0,1356329266.03,2.0801,5.1243,75.012,76.361,76.1385,77.593,77.79583333333333,73.89458333333333,70.8876,75.012,76.361,76.1385,77.593,77.79583333333333,73.89458333333333,70.8876,75.85323703698475,76.90673536290217,41.03641456582639,52.64244426094137,43.28657314629259,-1.0534983259174169,-0.8078158882349835,-0.4913648753648667,-1.0534983259174169,-0.7425916822622793,-0.6218132873102751,80.61276924348135,76.1385,71.66423075651863,39.681407767690374,46.33037780108367,26.38346770090378,39.61638342276933,46.10165967741368,26.645830913480637,3.5459334532729505,-66.06126165435019,-54.55373406193071,0.003706073694875564,-0.014025484213145426,-0.011144164909999373,-0.0296805124173572,-0.03221037973327614,0.018883883009016358,0.062103950479350405,164.82755050631778
2024-04-25,74.58,75.48,74.18,74.7,8928177.0,667327935.19,1.0145,-0.7836,74.09200000000001,76.42999999999999,76.059,77.41633333333333,77.86766666666666,74.02175000000001,70.88152000000001,74.09200000000001,76.42999999999999,76.059,77.41633333333333,77.86766666666666,74.02175000000001,70.88152000000001,75.67581595437171,76.74327348416867,28.943217665615137,47.63352149370386,43.14606741573034,-1.067457529796954,-0.8597442165473776,-0.41542662649915263,-1.067457529796954,-0.7925710434214601,-0.5497729727509877,80.57821232074855,76.059,71.53978767925145,39.81189176012389,44.15754912076375,31.120577038844175,39.7685421968432,43.99062051722352,31.32438555608256,3.1375819163142316,-48.913076341647454,-59.92714025500907,0.008206014144576874,-0.022635090932879628,-0.01786770796355454,-0.03508734160319301,-0.04068012825177753,0.009162847406336532,0.05387130524288973,92.4342766019996
2024-04-26,76.03,79.66,76.03,79.16,23570140.0,1853724361.77,2.6783,5.9705,74.824,76.547,76.25550000000001,77.39833333333334,77.96866666666668,74.15808333333332,70.89,74.824,76.547,76.25550000000001,77.39833333333334,77.96866666666668,74.15808333333332,70.89,76.21184426908376,76.92229026311914,49.573170731707314,61.1089108910891,49.931097841065686,-0.710445994035382,-0.8298845720449786,0.23887715601919313,-0.710445994035382,-0.7799364204389865,0.13898085280720895,80.96086748383163,76.25550000000001,71.55013251616839,53.43865036588707,47.25124953580486,65.8134520260515,53.409750657033285,47.130330563826774,65.96859084344632,3.4689306588025515,70.39782041513719,-19.307832422586554,0.05794932107345235,0.034135890368009195,0.03808905587137956,0.022761041366093016,0.01527964224945044,0.06744937897307227,0.11665961348568199,178.587820520694
2024-04-29,79.84,81.28,79.17,79.92,20363970.0,1634066411.0,2.314,0.9601,76.138,76.673,76.412,77.37066666666666,78.08566666666665,74.30766666666666,70.88916,76.138,76.673,76.412,77.37066666666666,78.08566666666665,74.30766666666666,70.88916,76.7823297661478,77.14434283622143,66.54191616766468,61.56555772994128,49.76958525345621,-0.3620130700736297,-0.7363102716507088,0.7485944031541583,-0.3620130700736297,-0.7156405203827777,0.707254900618296,81.39238933164286,76.412,71.43161066835715,64.83038136110748,53.11096014423907,88.26922379484432,64.81111488853828,53.02392533873061,88.38549398815364,3.22367053902027,119.25378614289136,-12.38615664845172,0.049672962252751536,0.04234867554419417,0.04590901952572888,0.03294961053284626,0.023491293750026867,0.07552832143834426,0.12739380745941972,110.02639835514923
2024-04-30,80.09,80.58,78.58,79.25,12080060.0,960052136.19,1.3727,-0.8383,77.66400000000002,76.813,76.5115,77.32233333333333,78.1865,74.42808333333332,70.87576,77.66400000000002,76.813,76.5115,77.32233333333333,78.1865,74.42808333333332,70.87576,77.1619713405866,77.30031744094576,74.83164983164987,52.83273381294964,48.569466697184716,-0.13834610035915773,-0.6167174373923987,0.956742674066482,-0.13834610035915773,-0.6268259942252977,0.97695978773228,81.64051868114983,76.5115,71.38248131885017,70.39086747692534,58.8709292551345,93.43074392050701,70.3780231618792,58.80862461311348,93.51682025941065,3.00118498647113,88.59103868932415,-18.488160291438984,0.020421302018953234,0.03172640047908554,0.035792005123412844,0.024930270253958543,0.013602092432836933,0.06478625339673554,0.11815379475295927,91.92591401221519
2024-05-06,80.5,80.96,78.8,79.24,11349144.0,902467776.07,1.2896,-0.0126,78.454,76.733,76.5495,77.19066666666667,78.33,74.55191666666666,70.83052,78.454,76.733,76.5495,77.19066666666667,78.33,74.55191666666666,70.83052,77.48166805741944,77.44399763050534,87.49999999999991,51.343836886005555,53.73512281590275,0.03767042691410438,-0.4858398645310981,1.0470205828904051,0.03767042691410438,-0.5245957755884666,1.124532405005142,81.7506799268612,76.5495,71.3483200731388,74.06749999372434,63.93645283466445,94.32959431184412,74.05893711702691,63.89206211441797,94.39268712224481,2.8482422616581964,91.06471743875245,-18.579234972677646,0.01001860963112144,0.03267173184939975,0.03514719233959726,0.026548978287530303,0.011617515638963316,0.06288347158523766,0.11872678613682332,99.87388866022962
2024-05-07,79.51,80.68,76.5,76.58,19486613.0,1522555442.25,2.2143,-3.3569,78.83,76.461,76.5155,77.055,78.43966666666667,74.63466666666666,70.74764,78.83,76.461,76.5155,77.055,78.43966666666667,74.63466666666666,70.74764,77.34294989473952,77.37999780602347,57.0491803278688,47.28979940247547,51.64273545874909,-0.03704791128394902,-0.3960814738816683,0.7180671251954386,-0.03704791128394902,-0.44958841184931003,0.825081001130722,81.70600337281105,76.5155,71.32499662718895,68.44329993509977,65.43873520147622,74.45242940234687,68.43759135063482,65.40723852649026,74.49829699892393,3.090380032265798,38.47565285710421,-42.805100182149374,-0.028542433083851328,0.0015563489883731545,0.000842966457776468,-0.006164428005969872,-0.023708242853318295,0.026064742032299616,0.08243893365206237,71.07370435997713
2024-05-08,76.2,77.25,75.51,76.36,11460461.0,875889903.23,1.3023,-0.2873,78.27000000000001,76.547,76.6085,76.92733333333334,78.62316666666668,74.72183333333334,70.68752,78.27000000000001,76.547,76.6085,76.92733333333334,78.62316666666668,74.72183333333334,70.68752,77.19172683401035,77.30444241298468,59.4533029612756,41.42590866728797,49.45911949685534,-0.11271557897433127,-0.3394082949002009,0.4533854318517393,-0.11271557897433127,-0.39776182217623635,0.5700924864038102,81.71288933921784,76.6085,71.50411066078217,62.27857839010042,64.3853495976843,58.06503597493267,64.02214651062357,64.94554118786803,62.17535715613465,2.844856390035652,-8.977944166988689,-44.80874316939891,-0.024402708572888853,-0.0024429435510209103,-0.0032437653785155306,-0.007374925254135991,-0.028784984917507483,0.021923534174527255,0.08024726288317928,97.16404290569814
2024-05-09,76.01,77.08,75.5,76.56,16022291.0,1224724227.51,1.8206,0.2619,77.598,76.86800000000001,76.736,76.83866666666668,78.79466666666667,74.79341666666666,70.63668000000001,77.598,76.86800000000001,76.736,76.83866666666668,78.79466666666667,74.79341666666666,70.63668000000001,77.09453809031646,77.24929853054138,21.23893805309747,43.451242829827926,49.11347517730496,-0.1547604402249192,-0.3024787239651446,0.2954365674804508,-0.1547604402249192,-0.36037699418372604,0.4112331079176137,81.69234160498124,76.736,71.77965839501877,56.99389145794815,61.92153021777225,47.13861393829994,60.009338772426574,63.30014038272088,53.42773555183794,2.6148825009382604,-12.130341710933394,-48.01627670396744,-0.013376633418387029,-0.004006868918145482,-0.002293577981651401,-0.003626646306547229,-0.028360633545417655,0.023619503053410592,0.08385614952458112,102.65025923209004
2024-05-10,76.01,76.11,72.7,72.9,19242956.0,1417481163.8,2.1866,-4.7806,76.328,76.996,76.5915,76.598,78.86133333333333,74.82758333333335,70.53328,76.328,76.996,76.5915,76.598,78.86133333333333,74.82758333333335,70.53328,76.44922453796009,76.9271282690198,2.6954177897574567,43.743984600577484,43.34446564885497,-0.47790373105971184,-0.33756372538405804,-0.2806800113513076,-0.47790373105971184,-0.3784580306261854,-0.19889140086705293,81.82474705482619,76.5915,71.3582529451738,38.77292841563289,54.205329617059135,7.9081260127804,41.63316493265823,56.077815232700004,12.743864332574688,2.841267500767667,-87.43593725733798,-95.11918274687847,-0.04491143486007752,-0.05319756870486765,-0.048197254264507036,-0.04827802292488046,-0.07559260135934799,-0.0257603312503969,0.033554656752103416,61.27115053577826
2024-05-13,71.5,73.27,71.38,72.02,15542738.0,1119601351.38,1.7661,-1.2071,74.88399999999999,76.669,76.515,76.31533333333333,78.923,74.88608333333333,70.45139999999999,74.88399999999999,76.669,76.515,76.31533333333333,78.923,74.88608333333333,70.45139999999999,75.76780537827392,76.56363728612945,2.621231979030185,46.591491542798565,43.69889369889369,-0.7958319078555292,-0.4292173618783523,-0.7332290919543537,-0.7958319078555292,-0.4426693963537767,-0.7063250230035049,81.97525833204223,76.515,71.05474166795777,28.003501098637418,45.47138677758524,-6.9322702592582175,29.910325443320982,47.35531863624034,-4.979660942517739,2.668309773355364,-130.44820729433027,-93.53535353535354,-0.03824582020191217,-0.06063728495219712,-0.058746650983467354,-0.05628401457112156,-0.08746499752923743,-0.03827257623523733,0.022264994024249394,88.56372753774929
2024-05-14,72.42,72.99,71.0,71.7,13763393.0,990712129.06,1.564,-0.4443,73.90799999999999,76.369,76.3995,76.16233333333334,78.95633333333333,74.94175,70.389,73.90799999999999,76.369,76.3995,76.16233333333334,78.95633333333333,74.94175,70.389,75.14198916623178,76.20336785752727,2.518891687657458,50.22099447513811,46.423096576392446,-1.061378691295488,-0.5556496277617795,-1.0114581270674168,-1.061378691295488,-0.5378554417294246,-1.0470464991321267,82.17168183687069,76.3995,70.62731816312932,20.93878023955855,37.29385126490968,-11.771361811143706,22.209996469347594,38.97354458060943,-11.31709975317608,2.5449807236543878,-131.1138163047683,-93.1906614785992,-0.029874979704497276,-0.06113737249407478,-0.06151218267135256,-0.05858976659503604,-0.09190311944576957,-0.04325692954861604,0.018625069257980752,95.64458482813905
2024-05-15,71.7,72.12,71.03,71.18,9741133.0,695527037.81,1.1069,-0.7252,72.872,75.571,76.059,76.02733333333332,78.87100000000001,74.98991666666667,70.29711999999999,72.872,75.571,76.059,76.02733333333332,78.87100000000001,74.98991666666667,70.29711999999999,74.5324523714269,75.83126653474747,3.4482758620690106,36.25418060200669,46.387541485830994,-1.2988141633205714,-0.704282534873538,-1.1890632568940669,-1.2988141633205714,-0.6549260142819087,-1.2877762980773255,82.22607010534306,76.059,69.89192989465694,14.561596464926609,29.716432998248656,-15.748076601717486,15.39032190044706,31.11247035388864,-16.053975006436104,2.280438773899045,-123.43866396410415,-98.24902723735401,-0.023218794598748396,-0.0581042992682377,-0.06414756964987695,-0.06375777132785548,-0.0975136615486047,-0.050805719435612996,0.012559262740778206,92.97972984610733
2024-05-16,71.98,73.73,71.1,72.54,19343300.0,1403303677.48,2.198,1.9106,72.06800000000001,74.833,75.75300000000001,75.88566666666667,78.81750000000001,75.02324999999999,70.21868,72.06800000000001,74.833,75.75300000000001,75.88566666666667,78.81750000000001,75.02324999999999,70.21868,74.22592123736122,75.58746901365507,22.478386167147022,43.129770992366424,45.80645161290323,-1.3615477762938468,-0.8357355831575999,-1.0516243862724939,-1.3615477762938468,-0.7636370545914377,-1.1958214434048182,81.98367150220801,75.75300000000001,69.52232849779202,14.861680106470509,24.764848700989276,-4.944657082567026,15.414163730150808,25.879701479309364,-5.5169117681663025,2.3439953604628565,-85.82636407291683,-84.5381526104417,0.006549370039407145,-0.03064156187778109,-0.042414161815373747,-0.044088255577469516,-0.07964601769911507,-0.03309973908088472,0.03305843972002891,120.83581504452002
2024-05-17,72.19,74.37,71.44,73.87,17443318.0,1278904908.16,1.9821,1.8335,72.262,74.295,75.554,75.77266666666668,78.77000000000001,75.077,70.1452,72.262,74.295,75.554,75.77266666666668,78.77000000000001,75.077,70.1452,74.17116412392103,75.46024908671765,33.33333333333333,28.991262907069142,50.42283298097253,-1.2890849627966219,-0.9264054590854043,-0.7253590074224352,-1.2890849627966219,-0.8444751943153123,-0.8892195369626192,81.75683941772728,75.554,69.35116058227273,19.79070684783985,23.106801416606135,13.15851771030728,19.881196168159462,23.880199708926067,11.883189086626253,2.45054165856052,-60.066249539933565,-71.18473895582324,0.02225235946970751,-0.0057204387913048944,-0.02228869417899777,-0.025110198048548842,-0.06220642376539298,-0.016076827790135376,0.05310128134213035,119.92382659464498
2024-05-20,73.43,75.27,72.61,73.87,13924855.0,1029144549.82,1.5823,0.0,72.632,73.75800000000001,75.2455,75.619,78.56783333333334,75.14075,70.08604,72.632,73.75800000000001,75.2455,75.619,78.56783333333334,75.14075,70.08604,74.12483118177934,75.34245285807191,60.99773242630385,24.42941673710905,49.812734082397,-1.2176216762925662,-0.9846487025268367,-0.4659459475314591,-1.2176216762925662,-0.9018823453887359,-0.6314786618076607,81.11362074284757,75.2455,69.37737925715244,28.500471231893258,24.904691355035176,35.69203098560942,23.137050888965824,23.632483435605987,22.14618579568549,2.4886249933676976,-38.22190270788383,-70.35123966942146,0.017044828725630568,0.0015184793513923203,-0.01828016293333159,-0.023129107763921703,-0.05979334205898514,-0.01691159590501815,0.05399020974790426,100.0
2024-05-21,74.1,74.79,71.88,72.02,12629922.0,924331115.44,1.4352,-2.5044,72.696,73.30199999999999,74.8815,75.44433333333333,78.395,75.18991666666666,70.01852000000001,72.696,73.30199999999999,74.8815,75.44433333333333,78.395,75.18991666666666,70.01852000000001,73.80101099996713,75.09634523895548,50.0,22.213681783243644,41.53191489361703,-1.295334238988346,-1.0467858098191387,-0.49709685833841455,-1.295334238988346,-0.962413405942522,-0.665841666091648,80.5917024113821,74.8815,69.1712975886179,24.59241941775338,24.80060070927458,24.176056834710984,20.864700592643864,22.709889154618615,17.17432346869436,2.565238630937209,-59.266848816029544,-83.68000000000006,-0.009298998569384861,-0.01748929087883,-0.03821371099670822,-0.04538887391586737,-0.08131896166847376,-0.04215880010506727,0.02858500865199645,77.59793785394048
2024-05-22,71.9,72.79,70.8,72.51,12516993.0,898364210.73,1.4223,0.6804,72.962,72.917,74.732,75.378,78.27416666666666,75.22591666666668,69.99860000000001,72.962,72.917,74.732,75.378,78.27416666666666,75.22591666666668,69.99860000000001,73.6023939230491,74.90476411014396,57.2972972972973,25.055596738324738,41.23182207014544,-1.3023701870948514,-1.0979026852742813,-0.4089350036411403,-1.3023701870948514,-1.0147144491967266,-0.5753114757962496,80.52991105757803,74.732,68.93408894242197,27.129409555338462,25.57687032462921,30.234488016756963,22.986233516115057,22.802003941784097,23.354692664776984,2.4606497889486274,-76.48929095265406,-72.77070063694255,-0.006195005619363479,-0.0055816887694227196,-0.029732912273189454,-0.03804823688609402,-0.07364072863545854,-0.03610347054594445,0.035877860414351065,107.01579470311353
2024-05-23,72.74,72.88,71.05,71.32,10362383.0,742426678.22,1.1775,-1.6412,72.718,72.393,74.6305,75.28833333333334,78.08233333333332,75.26108333333333,69.98008,72.718,72.393,74.6305,75.28833333333334,78.08233333333332,75.26108333333333,69.98008,73.25125639642617,74.63922602791106,51.125401929260335,28.119800332778723,40.7898448519041,-1.3879696314848928,-1.1559160745164037,-0.46410711393697834,-1.3879696314848928,-1.072138323394906,-0.6316626161799737,80.59884976751323,74.6305,68.66215023248677,21.96397624345455,24.37257229757099,17.146784135221665,18.58843690779294,21.39748159712038,12.97034752913806,2.3459861909579676,-81.91922734507789,-90.2071563088513,-0.019224951181275755,-0.014821875043167261,-0.04435853973911477,-0.05270847630221611,-0.08660516463391205,-0.052365487696718054,0.01914716302124822,84.74894366918531
2024-05-24,71.32,72.08,67.62,67.68,20013699.0,1391700489.73,2.2742,-5.1038,71.48,71.87100000000001,74.43350000000001,75.018,77.85366666666667,75.264,69.95312000000001,71.48,71.87100000000001,74.43350000000001,75.018,77.85366666666667,75.264,69.95312000000001,72.39414002774522,74.12372780362136,21.411764705882405,21.891191709844605,33.252032520325216,-1.7295877758761407,-1.270650414788351,-0.9178747221755792,-1.7295877758761407,-1.1732843930074037,-1.1126067657374739,81.04562371330174,74.43350000000001,67.82137628669828,14.904088737466443,21.216411110869476,2.2794439906603756,12.653729180358702,18.482897458199822,0.9953926246764624,2.730352338056518,-140.41414115580983,-99.21568627450978,-0.05316172355903745,-0.058312810452059965,-0.0907319956739909,-0.0978165240342317,-0.13067678251077872,-0.10076530612244884,-0.03249490515934107,59.222966187628856
2024-05-27,68.0,70.75,67.9,70.66,17973726.0,1247075279.62,2.0424,4.4031,70.838,71.735,74.202,74.92166666666667,77.66216666666666,75.29191666666667,69.92976000000002,70.838,71.735,74.202,74.92166666666667,77.66216666666666,75.29191666666667,69.92976000000002,72.12734925424596,73.86715537372348,34.18719211822658,33.80900109769483,38.962698007153804,-1.739806119477521,-1.3644815557261851,-0.7506491275026717,-1.739806119477521,-1.260441581695114,-0.9587290755648139,81.00919000685899,74.202,67.39480999314101,23.182246522145366,21.871689581294774,25.803360403846554,21.682006817406872,19.549267244602174,25.94748596301627,2.7921064584098767,-110.03491025916283,-60.261437908496795,-0.002512775628899705,-0.01498571129852935,-0.04773456241071671,-0.05688163192667903,-0.09016187633189049,-0.06151944155138392,0.010442478281063462,153.86251629126824
2024-05-28,70.9,73.3,70.38,70.38,16641787.0,1193879997.48,1.891,-0.3963,70.50999999999999,71.603,73.986,74.80066666666667,77.3685,75.34983333333335,69.9146,70.50999999999999,71.603,73.986,74.80066666666667,77.3685,75.34983333333335,69.9146,71.85852629205426,73.60884756826249,33.26941514860975,41.50943396226411,42.81302638966872,-1.7503212762082256,-1.4416494998225933,-0.6173435527712647,-1.7503212762082256,-1.335807688543285,-0.8290271753298812,80.99773872873251,73.986,66.9742612712675,27.480974805613226,23.741451322734257,34.96002177137116,26.48081500245423,21.859783163886192,35.72287867959031,2.8153598296080813,-66.27544669434577,-63.921568627451066,-0.001843710112040781,-0.017080289931986077,-0.04873895061227811,-0.05909929501519607,-0.09032745884953182,-0.06595679264939786,0.006656692593535578,96.10728173790689
2024-05-29,70.93,70.99,68.88,69.54,10786410.0,753231704.48,1.2257,-1.1935,69.916,71.439,73.505,74.519,77.1395,75.36841666666666,69.88544,69.916,71.439,73.505,74.519,77.1395,75.36841666666666,69.88544,71.50182993943054,73.3074514520949,36.83651804670917,41.62162162162165,44.44768289128536,-1.8056215126643593,-1.5144439023909466,-0.5823552205468254,-1.8056215126643593,-1.4080867384080658,-0.7950695485125872,80.33990576687881,73.505,66.67009423312118,26.68666294230426,24.72318852925759,30.613611768397604,26.019889740198263,23.246485355990217,31.56669850861435,2.687112587861157,-96.70632030428068,-74.90196078431367,-0.005377882029864274,-0.026582119010624267,-0.0539419087136928,-0.06681517465344407,-0.0985163243215213,-0.07733234854122126,-0.0049429466280815635,88.68583073342917
2024-05-30,69.21,70.58,68.63,69.51,10996217.0,765472087.54,1.2495,-0.0431,69.554,71.136,72.9845,74.214,76.87933333333334,75.35816666666666,69.83815999999999,69.554,71.136,72.9845,74.214,76.87933333333334,75.35816666666666,69.83815999999999,71.19539456413354,73.02615875193972,33.25892857142854,42.45348035837354,46.76479607482367,-1.8307641878061816,-1.5777079594739938,-0.5061124566643755,-1.8307641878061816,-1.473114038315468,-0.7153002989814272,79.33049077744184,72.9845,66.63850922255816,26.02640274584991,25.1575932681217,27.764021701306334,25.581887277779245,24.024952663253227,28.69575650683128,2.553092117340947,-99.01832387476684,-75.29411764705878,-0.0006326020070735965,-0.02285762483130891,-0.04760599853393518,-0.06338426711941135,-0.09585584335625522,-0.07760494881112187,-0.004698863773043029,99.56943015404622
2024-05-31,70.0,71.51,69.21,71.3,12347612.0,870882761.71,1.4031,2.5752,70.27799999999999,70.87899999999999,72.587,73.99566666666666,76.60950000000001,75.364,69.79976,70.27799999999999,70.87899999999999,72.587,73.99566666666666,76.60950000000001,75.364,69.79976,71.211487708113,72.89829514068492,49.89539748953977,50.3802281368821,43.507972665148046,-1.686807432571925,-1.5995278540935802,-0.17455915695668933,-1.686807432571925,-1.5059899451241536,-0.3616349748955425,78.23847433023208,72.587,66.93552566976793,34.45925687473208,28.258147803658495,46.86147501687924,33.08944990631905,27.046451744275167,45.175446230406806,2.507075368733504,-65.84235878869703,-51.89542483660134,0.014542246506730494,0.005939700052201732,-0.017730447600810145,-0.03643006121980118,-0.06930602601505052,-0.05392495090494144,0.02149348364521584,128.95031679692107
2024-06-03,70.51,71.48,69.85,71.11,12838509.0,908579009.95,1.4589,-0.2665,70.36800000000001,70.603,72.18050000000001,73.69800000000001,76.35666666666665,75.3585,69.77216,70.36800000000001,70.603,72.18050000000001,73.69800000000001,76.35666666666665,75.3585,69.77216,71.19587421455715,72.76582883396752,78.0687397708675,45.106091718001345,44.081767227167816,-1.5699546194103675,-1.5936132071569378,0.04731717549314052,-1.5699546194103675,-1.5158306642451096,-0.10824791033051584,76.91170202819414,72.18050000000001,67.44929797180588,43.454058573765046,33.323451393694015,63.7152729339071,38.2846448933805,30.79251612731028,53.26890242552095,2.3476071198728685,-57.70887166236,-51.324965132496594,0.01054456571168699,0.007180997974590386,-0.014830875374928266,-0.035116285380878826,-0.06871262059632413,-0.05637718372844479,0.019174409965235416,97.36693247941889
2024-06-04,71.1,71.89,70.75,71.54,9734992.0,694799120.37,1.1062,0.6047,70.6,70.55499999999999,71.9285,73.43933333333334,76.11066666666667,75.35550000000002,69.74923999999999,70.6,70.55499999999999,71.9285,73.43933333333334,76.11066666666667,75.35550000000002,69.74923999999999,71.24881664308683,72.67502669811807,62.35955056179793,41.502552881108684,35.5133079847909,-1.4262100550312482,-1.5601325767318,0.2678450434011035,-1.4262100550312482,-1.502042878212208,0.15166564636191948,76.18624476998392,71.9285,67.67075523001608,51.974067218190825,39.54032333519295,76.84155498418656,48.52779143126779,36.70427456196278,72.1748251698778,2.1280421889868926,-29.250701215439985,-30.985915492957627,0.013314447592068158,0.013960739848345458,-0.0054011970220426316,-0.025862616763042478,-0.06005290541842581,-0.05063333134276879,0.02567425824281412,106.21419739689392
2024-06-05,71.54,72.79,70.87,70.87,9893132.0,710794019.3,1.1242,-0.9365,70.86600000000001,70.391,71.654,73.28500000000001,75.88483333333333,75.34016666666666,69.72540000000001,70.86600000000001,70.391,71.654,73.28500000000001,75.88483333333333,75.34016666666666,69.72540000000001,71.19053715953501,72.541321016776,56.20253164556975,39.568845618915155,32.735597100343384,-1.3507838572409838,-1.5182628328336367,0.3349579511853058,-1.3507838572409838,-1.4787722596012505,0.2559768047205333,75.38396627612937,71.654,67.92403372387062,53.72214809851222,44.26759825629938,72.63124778293792,51.424630907230195,41.611060010385245,71.05177270092008,2.0902163364438215,-15.637676011559583,-42.781690140844994,5.6444557333427554e-05,0.006804847210580886,-0.010941468724704717,-0.03295353755884568,-0.06608479076846706,-0.059333113589253944,0.016415825509785483,91.01960982654231
2024-06-06,71.69,72.11,68.3,69.3,14641447.0,1034666113.2,1.6637,-2.2153,70.824,70.189,71.29100000000001,73.15,75.69149999999999,75.31058333333334,69.6786,70.824,70.189,71.29100000000001,73.15,75.69149999999999,75.31058333333334,69.6786,70.89968528883732,72.30122316368147,47.435897435897346,40.354609929078016,31.648838067133894,-1.401537874844152,-1.4949178412357398,0.1867599327831755,-1.401537874844152,-1.4668900465616967,0.1307043434350894,74.36627251680918,71.29100000000001,68.21572748319085,44.456740707650084,44.33064574008295,44.70893064278435,44.142242201064235,42.454787407278246,47.51715178863623,2.402904275272218,-95.9319975713417,-70.4225352112677,-0.02151812944764488,-0.012665802333698954,-0.02792778892146293,-0.052631578947368536,-0.08444144983254387,-0.07981060652165987,-0.00543351904314963,79.9296697368836
2024-06-07,69.58,70.15,67.3,68.14,13938997.0,955227351.76,1.5839,-1.6739,70.19200000000001,70.235,71.053,73.034,75.4555,75.24849999999999,69.60512,70.19200000000001,70.235,71.053,73.034,75.4555,75.24849999999999,69.60512,70.47511832132389,71.99298441081618,38.20998278829601,35.20649966147593,30.360934182590242,-1.517866089492287,-1.4995074908870492,-0.03671719721047584,-1.517866089492287,-1.4747325147048644,-0.08626714957484527,74.3338606059691,71.053,67.7721393940309,34.30449380510008,40.98859509508866,20.936291225122915,34.09482813404284,39.66813431619978,22.94821576972896,2.4841944070409068,-155.30872767943254,-85.99999999999994,-0.029234100752222568,-0.029828433117391598,-0.04099756519781004,-0.06700988580661069,-0.09695118314768307,-0.09446699934217949,-0.02104902627852662,84.46736496720978
2024-06-11,68.04,71.47,67.5,71.42,17639227.0,1228446787.26,2.0044,4.8136,70.25399999999999,70.311,71.023,72.905,75.24900000000001,75.234,69.54531999999999,70.25399999999999,70.311,71.023,72.905,75.24900000000001,75.234,69.54531999999999,70.62048473342792,71.9505411211261,50.82191780821921,50.29655990510086,41.066481994459835,-1.3300563876981784,-1.4656172702492751,0.27112176510219355,-1.3300563876981784,-1.4524746490115281,0.24483652262669953,74.27749713150247,71.023,67.76850286849752,47.884841650273145,43.287343946816826,57.0798370571858,45.61877431158415,41.65168098132791,53.55296097209661,2.7543408784880143,-56.0,-31.333333333333258,0.01659691974834189,0.01577278093043755,0.0055897385354041025,-0.02036897332144571,-0.050884397134845744,-0.050695164420341776,0.026956235157161005,160.02106860127518
2024-06-12,71.01,71.96,70.5,70.94,11551789.0,822480241.44,1.3126,-0.6721,70.134,70.367,70.985,72.77966666666667,75.098,75.15566666666668,69.4654,70.134,70.367,70.985,72.77966666666667,75.098,75.15566666666668,69.4654,70.66964092828516,71.87568622326489,48.880105401844524,61.89781021897808,40.70006863417982,-1.206045294979731,-1.4137028751953662,0.4153151604312706,-1.206045294979731,-1.4145624406989439,0.41703429143842596,74.22392444786195,70.985,67.74607555213805,54.0240170807528,46.86623499146215,68.3395812593341,52.513305521626805,45.272222494760875,66.99547157535865,2.519006173308374,3.6208952148247713,-33.697632058287894,0.011492286194998109,0.008143021586823273,-0.0006339367472001367,-0.025277206545784397,-0.055367652933500246,-0.05609246585974902,0.021227834288724965,93.47885470026107
2024-06-13,71.49,72.93,70.7,71.94,17796715.0,1285763633.13,2.0223,1.4096,70.34799999999998,70.607,71.023,72.53899999999999,74.96866666666666,75.07,69.38224000000001,70.34799999999998,70.607,71.023,72.53899999999999,74.96866666666666,75.07,69.38224000000001,70.86508078547206,71.88045020672675,52.4509803921568,55.460750853242324,42.284569138276545,-1.0153694212546895,-1.3340361844072308,0.6373335263050826,-1.0153694212546895,-1.3531481300152124,0.6755574175210457,74.28927487804651,71.023,67.75672512195348,63.48788823737572,52.40678607343334,85.65009256526048,62.48074719795839,51.00839739582671,85.42544680222174,2.4664595963432157,44.264233823280925,-17.58436944937846,0.022630351964519436,0.01887914795983399,0.012911310420568008,-0.008257626931719346,-0.04039910006847305,-0.04169441854269343,0.03686476539241148,115.02506661865519
2024-06-14,71.71,73.14,70.98,73.14,18800201.0,1362123973.99,2.1363,1.6681,71.11600000000001,70.97,71.053,72.31300000000002,74.84183333333334,75.00725000000001,69.3256,71.11600000000001,70.97,71.053,72.31300000000002,74.84183333333334,75.00725000000001,69.3256,71.21506835693789,71.97375019141366,63.06098964326809,60.91772151898736,50.43668122270741,-0.758681834475766,-1.218965314420938,0.9205669598903441,-0.758681834475766,-1.2616917768552975,1.0060198847590631,74.38823517674855,71.053,67.71776482325144,75.65859215825049,60.15738810170572,106.66100027134001,74.98716479863893,59.00131986343079,106.95885466905521,2.4107396697353574,77.1119747858529,-0.0,0.028460543337645344,0.030576299845004956,0.029372440291050392,0.01143639456252657,-0.02273906527320959,-0.024894260221512084,0.055021521631258966,117.99000653827866
2024-06-17,72.8,74.67,72.37,73.56,16703699.0,1233868861.57,1.8981,0.5742,72.2,71.196,71.0375,72.12333333333335,74.72283333333334,74.97316666666667,69.28704,72.2,71.196,71.0375,72.12333333333335,74.72283333333334,74.97316666666667,69.28704,71.57582707125513,72.09125017723487,78.24933687002654,66.4484451718494,52.8497409326425,-0.5154231059797354,-1.0782568727326975,1.1256675335059243,-0.5154231059797354,-1.146881212105211,1.2629162122509512,74.32007841530739,71.0375,67.7549215846926,78.75204199062019,66.3556060646772,103.54491384250616,78.30442375087915,65.43568782591359,104.04189560081028,2.390605184328928,139.13408995376184,-15.061058344640418,0.0188365650969529,0.03320411259059504,0.035509414041879406,0.019919582197162077,-0.015561954511896256,-0.018848965963378036,0.06167040762601487,105.89309591884606
2024-06-18,73.5,76.75,73.12,74.63,18290083.0,1375843691.3,2.0783,1.6065,72.84200000000001,71.548,71.0755,71.96966666666667,74.58016666666667,74.96508333333333,69.25156000000001,72.84200000000001,71.548,71.0755,71.96966666666667,74.58016666666667,74.96508333333333,69.25156000000001,72.04569982952357,72.27930571966192,93.55704697986572,69.30618401206632,55.27547713359739,-0.23360589013834954,-0.909326676213828,1.351441572150957,-0.23360589013834954,-1.0063773164180014,1.5455428525593038,74.51021120367375,71.0755,67.64078879632626,78.35674051579264,70.35598421504902,94.35825311727987,78.05832835596529,69.64323466926416,94.88851572936755,2.615949696269122,203.48210584496275,-22.433862433862476,0.024546278246066585,0.0430759769665119,0.050010200420679274,0.03696464714300923,0.0006681847944380873,-0.0044698587453491775,0.07766525403904233,115.53596884583996
2024-06-19,74.7,76.16,74.16,75.32,14197243.0,1066250298.22,1.6133,0.9246,73.718,71.926,71.2405,71.92766666666667,74.49133333333334,74.97741666666666,69.23528,73.718,71.926,71.2405,71.92766666666667,74.49133333333334,74.97741666666666,69.23528,72.54943831728917,72.5045423330203,90.12345679012337,66.52960526315786,57.408732999284155,0.04489598426887653,-0.7184821441172871,1.5267562567723272,0.04489598426887653,-0.8446429624661741,1.7790778934701013,75.15043592624976,71.2405,67.33056407375024,80.52706863310337,73.74634568773381,94.08851452384249,80.32812719321846,73.20486551058227,94.57465055849087,2.503958842402009,198.97461758278658,-15.1322751322752,0.021731463143329847,0.047187387036676465,0.057263775520946594,0.04716312221073939,0.011124336611865125,0.004569153600695373,0.08788467382525195,109.6399167843747
2024-06-20,75.32,76.06,74.17,74.9,15401440.0,1157915510.62,1.7501,-0.5576,74.31,72.329,71.36,71.87899999999999,74.40316666666666,74.97466666666668,69.21536,74.31,72.329,71.36,71.87899999999999,74.40316666666666,74.97466666666668,69.21536,72.91106319155237,72.68198364168546,91.25000000000023,65.2945924132365,54.37037037037037,0.22907954986690982,-0.5289698053204478,1.5160987103747152,0.22907954986690982,-0.6794548836456996,1.8170688670252189,75.56803241932798,71.36,67.15196758067202,80.49247256316241,75.99505464621001,89.48730839706721,80.35984493657247,75.58985865257901,89.8998175045594,2.39232996196528,163.13413134131375,-19.576719576719512,0.007939712017225183,0.035545908280219723,0.04960762331838574,0.04202896534453756,0.006677583167383224,-0.0009958919457239686,0.0821297469232263,94.56165478351312
2024-06-21,74.67,76.74,73.0,76.74,23782590.0,1786831211.68,2.7025,2.4566,75.03,73.07300000000001,71.631,71.885,74.36183333333335,74.98,69.21332000000001,75.03,73.07300000000001,71.631,71.885,74.36183333333335,74.98,69.21332000000001,73.500130392852,72.98257744600505,92.5531914893619,68.84057971014491,55.21628498727734,0.5175529468469477,-0.3196652548869687,1.674436403467833,0.5175529468469477,-0.4952998328006769,2.0257055592952495,76.47780643636494,71.631,66.78419356363506,86.95894567273889,79.6496849883863,101.5774670414441,86.8712899224416,79.35033574253322,101.91319828225835,2.6373608779715916,151.08416880391698,-0.10582010582015992,0.0227908836465413,0.05018269401831028,0.07132386815764118,0.06753842943590442,0.03198101176454736,0.02347292611363018,0.10874611996650332,127.46758907428766
2024-06-24,75.99,77.0,73.36,73.62,16983006.0,1278723727.13,1.9298,-4.0657,75.042,73.62100000000001,71.928,71.909,74.2535,74.9725,69.19655999999999,75.042,73.62100000000001,71.928,71.909,74.2535,74.9725,69.19655999999999,73.51857187087477,73.02979393148615,53.17460317460321,58.461538461538474,49.59190336271629,0.488777939388612,-0.15797661603185253,1.2935091108409291,0.488777939388612,-0.3439032524638632,1.6653623837049505,76.47405253865593,71.928,67.38194746134407,73.97263044849262,77.75733347508842,66.40322439530104,79.38787749215408,79.3628496590735,79.43793315831522,2.8196589001585752,102.75948805208255,-35.578947368421005,-0.018949388342528146,-1.3583080914477863e-05,0.023523523523523625,0.02379396181284677,-0.00853158436976032,-0.018039947980926233,0.06392572116301756,66.02983050796244
2024-06-25,73.63,73.99,70.54,71.16,16782613.0,1203261627.7,1.907,-3.3415,74.348,73.595,71.953,71.88033333333333,74.09783333333333,74.92241666666665,69.16764,74.348,73.595,71.953,71.88033333333333,74.09783333333333,74.92241666666665,69.16764,73.15571465997095,72.891290677302,37.49999999999993,55.42590431738624,48.62355953905249,0.2644239826689585,-0.07349649629169032,0.6758409579212976,0.2644239826689585,-0.2503144470588137,1.0294768594555443,76.47512851606398,71.953,67.43087148393603,52.51426137226645,69.34297610748109,18.856831901837182,56.30986704605142,71.67852212139948,25.57255689535532,2.9342663728570137,-3.5368637664384477,-89.8461538461539,-0.04287943186097814,-0.033086486853726504,-0.011021083207093607,-0.010021285377085003,-0.03964803289344939,-0.05021750277231207,0.028804799469809735,71.1870937517713
2024-06-26,71.16,73.1,69.92,72.65,13949896.0,997601371.63,1.5851,2.0939,73.814,73.76599999999999,72.06649999999999,71.912,74.03716666666666,74.90025,69.13512000000001,73.814,73.76599999999999,72.06649999999999,71.912,74.03716666666666,74.90025,69.13512000000001,73.0779124045908,72.87341729379816,40.11976047904194,62.90784201488268,50.21712158808933,0.20449511079264937,-0.017898174874822384,0.4447865713349435,0.20449511079264937,-0.18034374585089633,0.7696777132870913,76.53603794856845,72.06649999999999,67.59696205143153,47.86261492614376,62.18285571370198,19.222133351027338,50.39301870866708,64.58335431715535,22.01234749169052,2.978945214155737,-4.882504575316019,-61.44067796610163,-0.015769366244885622,-0.015128921183200738,0.00809668847522795,0.010262543108243401,-0.018736085254477935,-0.03004329091024388,0.05084073044206751,123.02596838557984
2024-06-27,71.7,72.18,70.51,71.05,9962066.0,708657419.29,1.132,-2.2023,73.04400000000001,73.67699999999999,72.14200000000001,71.90766666666669,73.9675,74.88725,69.09339999999999,73.04400000000001,73.67699999999999,72.14200000000001,71.90766666666669,73.9675,74.88725,69.09339999999999,72.7659258808076,72.7383493461094,30.466605672461128,48.828372387587066,49.58652373660031,0.02757653469819843,-0.008803232960218222,0.0727595353168333,0.02757653469819843,-0.14835601038180482,0.3518650901600065,76.4809477259389,72.14200000000001,67.80305227406112,37.2285606098962,53.864757345766726,3.956167138155152,38.91549646491175,56.02740169974082,4.691685995253607,2.8264097206728755,-33.79156952595305,-84.03954802259894,-0.027298614533705898,-0.03565563201541859,-0.015136813506695306,-0.011927332736889732,-0.03944299861425631,-0.05124036468157126,0.02831818958105997,80.03586376299849
2024-06-28,70.52,71.9,70.23,70.32,9940513.0,706441683.93,1.1296,-1.0274,71.75999999999999,73.395,72.1825,71.83366666666666,73.85966666666667,74.88158333333332,69.07155999999999,71.75999999999999,73.395,72.1825,71.83366666666666,73.85966666666667,74.88158333333332,69.07155999999999,72.38962959145259,72.55921235750871,29.62633451957292,48.06733167082293,54.43846671149964,-0.16958276605612355,-0.04095913957939929,-0.2572472529534485,-0.16958276605612355,-0.15162166510093078,-0.03592220191038553,76.43221020683934,72.1825,67.93278979316067,26.702279577972195,44.810598089835224,-9.514357445753859,27.82690348131589,46.62723562693252,-9.773760809917363,2.616153407823262,-55.01835206379036,-94.35028248587582,-0.020066889632106993,-0.04189658696096468,-0.02580265299761038,-0.02107182797295603,-0.04792421664507931,-0.06091729274777174,0.018074588151766116,90.18780102762926
2024-07-01,70.2,71.3,69.09,70.47,8796144.0,617804119.42,0.9995,0.2133,71.13,73.086,72.141,71.72033333333334,73.7465,74.8815,69.04512000000001,71.13,73.086,72.141,71.72033333333334,73.7465,74.8815,69.04512000000001,72.09430196199835,72.40445588658214,17.172774869110057,45.16129032258065,49.646971386101825,-0.310153924583787,-0.09479809658027682,-0.4307116560070203,-0.310153924583787,-0.17601124348290864,-0.2682853622017567,76.44288648948695,72.141,67.83911351051306,23.616943233186674,37.74604647095238,-4.641263242344735,24.366692502082472,39.20705458531584,-5.31403166438426,2.5423073336735764,-75.46590525313938,-82.55372945638437,-0.009278785322648624,-0.03579344881372629,-0.023162972512163767,-0.017433456806763458,-0.04442922714976302,-0.05891308267061963,0.02063694001835303,102.15369834074414
2024-07-02,70.1,71.25,69.52,71.04,8861227.0,624386004.86,1.0069,0.8089,71.10600000000001,72.727,72.1375,71.626,73.6225,74.88758333333334,69.00924,71.10600000000001,72.727,72.1375,71.626,73.6225,74.88758333333334,69.00924,71.93210166015245,72.30338508016865,31.571428571428683,42.78846153846156,51.21323529411767,-0.37128342001619785,-0.15009516126746103,-0.44237651749747364,-0.37128342001619785,-0.20605311679572239,-0.33046060644095093,76.44303071488886,72.1375,67.83196928511114,23.96207509266808,33.15138934485762,5.583446588289007,24.461907938598614,34.29200570307677,4.801712409642306,2.394615091187472,-61.79405152447521,-75.3476611883691,-0.0009281917137794629,-0.023196336986263666,-0.015214001039681117,-0.008181386647306823,-0.035077591768820617,-0.05137812120611894,0.029427363639999524,108.38940012915694
2024-07-03,70.6,71.98,69.71,71.2,9246431.0,656039588.4,1.0507,0.2252,70.816,72.31500000000001,72.1205,71.59866666666667,73.5215,74.88941666666668,68.95815999999999,70.816,72.31500000000001,72.1205,71.59866666666667,73.5215,74.88941666666668,68.95815999999999,71.81947063551361,72.22165285200802,50.42553191489368,41.748251748251754,53.12971342383106,-0.40218221649440977,-0.2005125723128508,-0.40333928836311794,-0.40218221649440977,-0.23622682444167428,-0.331910784105471,76.43863056529752,72.1205,67.8023694347025,24.866415000674635,30.38973123012996,13.819782541763985,25.199636897961657,31.26121610137173,13.076478491141515,2.3719578018806606,-45.825467491780685,-73.32490518331227,0.005422503389064623,-0.015418654497683868,-0.012763361318903835,-0.005568073893368648,-0.031575797555817006,-0.04926486052212548,0.03251014818260828,102.27521677339955
2024-07-04,71.58,71.7,68.91,68.92,10967222.0,764551070.49,1.2462,-3.2022,70.39,71.717,72.023,71.479,73.4285,74.86075000000001,68.92824,70.39,71.717,72.023,71.479,73.4285,74.86075000000001,68.92824,71.37339823004997,71.97708597408149,16.029143897996462,31.592520954223104,48.97462634688912,-0.603687744031518,-0.2811476066565842,-0.6450802747498676,-0.603687744031518,-0.29275927360934256,-0.621856940844351,76.54334046226013,72.023,67.50265953773986,16.61881313188777,25.799425197382565,-1.7424109991018213,16.84096106341245,26.45446442205197,-2.3860456538665886,2.447965474265996,-84.69436508478151,-99.87639060568597,-0.0208836482454894,-0.039000515916728214,-0.043083459450453256,-0.03580072468836998,-0.061399865174966095,-0.0793573401281714,-0.00011954461625598871,72.2192129909379
2024-07-05,68.9,72.4,67.72,71.5,17418059.0,1222035297.69,1.9792,3.7435,70.626,71.193,72.133,71.485,73.38666666666667,74.85100000000001,68.93647999999999,70.626,71.193,72.133,71.485,73.38666666666667,74.85100000000001,68.93647999999999,71.3928754254269,71.94174627229766,53.477588871715625,39.02298850574715,50.33829499323411,-0.5488708468707699,-0.3346922546994214,-0.4283571843426971,-0.5488708468707699,-0.33216105411110064,-0.43341958551933857,76.47801093209317,72.133,67.78798906790682,31.17490253449617,27.591250976420437,38.342205650647635,24.804893582504857,25.904607475536267,22.605465796442033,2.8537899334903614,-59.54027530791001,-59.26724137931034,0.012375046017047477,0.004312221707190344,-0.008775456448504785,0.0002098342309575515,-0.025708575581395398,-0.04476894096271276,0.03718669708694165,144.41347891518777
2024-07-08,71.47,71.72,70.52,70.98,8796349.0,625175796.51,0.9995,-0.7273,70.728,70.929,72.275,71.595,73.3065,74.81833333333334,68.94552,70.728,70.929,72.275,71.595,73.3065,74.81833333333334,68.94552,71.32935612920738,71.87050580768302,55.271565495207746,38.800000000000004,49.78253596520577,-0.5411496784756338,-0.3759837394546639,-0.33033187804193975,-0.5411496784756338,-0.36431315016718263,-0.3536730566169023,76.23952426295868,72.275,68.31047573704133,40.981533536008655,32.054678496283174,58.83524361545962,33.867802526560965,28.559005825877836,44.48539592792722,2.553100854673932,-45.9120349607317,-48.00637958532684,0.003562945368171157,0.0007190288880429997,-0.01791767554479421,-0.00858998533417131,-0.03173661271510706,-0.051302042725713454,0.029508516289383297,92.96073141851359
2024-07-09,70.6,73.67,70.05,73.11,15953052.0,1151723779.83,1.8128,3.0008,71.142,71.124,72.3595,71.67666666666668,73.29916666666666,74.82983333333335,68.95796,71.142,71.124,72.3595,71.67666666666668,73.29916666666666,74.82983333333335,68.95796,71.60330134009855,71.96232019229909,66.01941747572818,39.7976391231029,52.4849635960747,-0.35901885220053487,-0.3725907620038381,0.0271438196066065,-0.35901885220053487,-0.3634986427876984,0.008959581174327047,76.31933239943156,72.3595,68.39966760056843,57.517100788711645,40.54215259375933,91.46699717861627,52.77461344907985,36.630875033611844,85.06209028001587,2.7470825174604907,-0.19699904783887603,-9.411764705882387,0.027662983891372235,0.02792306394466009,0.010371824017578928,0.01999720969167078,-0.0025807478484293615,-0.022983257568839805,0.060211177940878755,134.4026677008653
2024-07-10,72.96,73.29,72.28,72.82,9805553.0,713310286.38,1.1142,-0.3967,71.466,71.14099999999999,72.45349999999999,71.758,73.27933333333333,74.86658333333334,68.9772,71.466,71.14099999999999,72.45349999999999,71.758,73.27933333333333,74.86658333333334,68.9772,71.79048574931416,72.02585202990656,61.18090452261299,47.326203208556116,53.12399871835948,-0.23536628059240172,-0.34514586572155087,0.2195591702582983,-0.23536628059240172,-0.34378597168072966,0.21683938217665588,76.36035376176257,72.45349999999999,68.54664623823741,66.91616243056963,49.333489206029434,102.08150887965003,63.75450420414843,45.67208475712404,99.91934309819723,2.431249332467675,19.114569516903295,-14.285714285714421,0.018946072258136725,0.023601017697249156,0.005058416777657423,0.01479974358259703,-0.006268252076529082,-0.02733640620704179,0.055711162529067534,96.10343414031868
2024-07-11,74.45,74.6,72.02,72.99,14592528.0,1068572219.48,1.6582,0.2335,72.28,71.335,72.506,71.873,73.196,74.89841666666668,68.99607999999999,72.28,71.335,72.506,71.873,73.196,74.89841666666668,68.99607999999999,71.97502640326583,72.09727039806162,61.22961104140522,57.22178374112073,56.18919825561891,-0.12224399479579517,-0.3005654915363997,0.3566429934812091,-0.12224399479579517,-0.309702590621509,0.3749171916514277,76.41201910686145,72.506,68.59998089313855,70.14372069014719,56.270233034068696,97.8906960023042,68.03594853919974,53.12670601781594,97.85443358196731,2.4582949083826424,33.57261982452364,-23.401162790697683,0.009822910902047507,0.02320039251419361,0.006675309629547826,0.015541302018838648,-0.002814361440515917,-0.025480066890599798,0.057886187157299415,102.35920178540358
2024-07-12,72.08,72.3,69.76,70.59,14373590.0,1014855334.06,1.6333,-3.2881,72.098,71.362,72.3785,71.909,73.0615,74.92008333333334,69.00004,72.098,71.362,72.3785,71.909,73.0615,74.92008333333334,69.00004,71.76194541814802,71.98562073894595,60.321384425216344,42.41531664212076,53.94524959742352,-0.22367532079793762,-0.2851874573887073,0.12302427318153941,-0.22367532079793762,-0.29646762603326726,0.1455846104706593,76.36306640974814,72.3785,68.39393359025186,60.66751921978808,57.73599509597516,66.53056746741392,59.262337785823114,55.17191660715167,67.44318014316599,2.598604925040342,-61.551010164386646,-58.28488372093014,-0.020915975477821792,-0.010818082452845932,-0.024710376700263187,-0.018342627487518984,-0.033827665733662624,-0.05779602932458031,0.023042885192530393,71.58106941953137
2024-07-15,70.68,72.95,70.68,72.0,14428960.0,1041696174.31,1.6396,1.9975,72.30199999999999,71.515,72.3005,71.93233333333333,72.96399999999998,74.94675000000001,69.00343999999998,72.30199999999999,71.515,72.3005,71.93233333333333,72.96399999999998,74.94675000000001,69.00343999999998,71.7985691999714,71.98668586939439,53.61271676300579,53.54742345033609,50.99383139136395,-0.1881166694229961,-0.2657732997955651,0.15531326074513796,-0.1881166694229961,-0.2797982480932255,0.18336315734045883,76.24859201087372,72.3005,68.35240798912628,61.18144692171921,58.88447903788985,65.77538268937792,60.2446592990759,56.862830837793084,67.00831622164154,2.5552222113966434,-17.17645695747916,-37.79069767441855,-0.0041769245664019326,0.00678179402922463,-0.004156264479498752,0.0009406988975750496,-0.013211994956416652,-0.039317915720161425,0.04342624077872085,121.86897132885018
2024-07-16,71.52,78.55,71.52,77.84,33755998.0,2555250945.53,3.8357,8.1111,73.248,72.19500000000001,72.461,72.15666666666667,72.92733333333332,75.05033333333334,69.03764,73.248,72.19500000000001,72.461,72.15666666666667,72.92733333333332,75.05033333333334,69.03764,72.72802009228349,72.4202646938837,78.02287581699346,70.32432432432435,59.98841922408803,0.3077553983997916,-0.15106756015649375,0.9176459171125707,0.3077553983997916,-0.18940537940199212,0.9943215556035674,77.02134578559779,72.461,67.90065421440221,71.93567683362384,63.23487830313452,89.33727389460248,71.31115175186164,61.678937809149275,90.57557963728638,3.36881817296089,150.97768886032412,-6.555863342566886,0.06269113149847093,0.07819101045778787,0.07423303570196388,0.07876380098858969,0.06736385991534972,0.03717060994621381,0.12750088212748883,218.12392718718306
2024-07-17,77.33,78.66,76.06,76.62,19811585.0,1528245001.82,2.2512,-1.5673,74.00800000000001,72.737,72.526,72.326,72.88266666666667,75.13883333333334,69.06612000000001,74.00800000000001,72.737,72.526,72.326,72.88266666666667,75.13883333333334,69.06612000000001,73.32678623193218,72.73135619804046,65.4898499558694,65.71282575370466,56.731875719217506,0.5954300338917164,-0.001768041346851712,1.1943961504771363,0.5954300338917164,-0.0686614696644985,1.3281830071124299,77.2904181176728,72.526,67.76158188232719,75.07472910175778,67.18149523600894,90.86119683325546,74.65837904724965,66.00541822184941,91.96430069805015,3.2290330506043636,180.57547723794005,-18.64716636197434,0.03529348178575282,0.053384109875304314,0.056448721837685914,0.059370074385421724,0.05127876769968176,0.019712399047984507,0.10937171510430861,85.38728481332457
2024-07-18,75.35,76.49,73.1,75.36,21191195.0,1584205793.79,2.408,-1.6445,74.482,73.381,72.549,72.47566666666667,72.88033333333334,75.215,69.09936,74.482,73.381,72.549,72.47566666666667,72.88033333333334,75.215,69.09936,73.63958835009646,72.92607055374117,60.32520325203255,60.661401776900284,53.18782309017805,0.7135177963552906,0.14128912619357675,1.1444573403234277,0.7135177963552906,0.05167380203085367,1.3236879886488737,77.36582533582009,72.549,67.73217466417992,71.02360217270744,68.46219754824179,76.14641142163873,73.0507414245528,68.35385928941722,82.44450569482396,3.281936132312663,98.8952674996384,-30.164533820840933,0.01178808302677157,0.02696883389433231,0.03874622668816927,0.0397972652890395,0.03402381072168522,0.0019278069534001997,0.09060344408399723,84.72028759531976
2024-07-19,75.01,79.16,74.93,78.22,27954182.0,2179008991.75,3.1765,3.7951,76.00800000000001,74.053,72.62299999999999,72.77299999999998,72.96149999999999,75.31875,69.13083999999999,76.00800000000001,74.053,72.62299999999999,72.77299999999998,72.96149999999999,75.31875,69.13083999999999,74.34426706546623,73.31821347568626,67.44496330887259,65.28745644599303,56.253354804079436,1.0260535897799627,0.31824201891085396,1.4156231417382177,1.0260535897799627,0.20157838476148585,1.6489504100369539,77.74662577211102,72.62299999999999,67.49937422788896,77.34906811513831,71.4244877372073,89.19822887100031,78.70049428303521,71.80273762062322,92.49600760785921,3.454311380983086,176.89227744611472,-9.999999999999986,0.02910219976844528,0.056270508959799084,0.0770692480343694,0.07484918857268517,0.07207225728637724,0.03851962492739198,0.13147764442034854,145.13401784881935
2024-07-22,78.22,80.18,77.88,78.66,21027424.0,1659704837.15,2.388,0.5625,77.34,74.821,72.875,73.12366666666667,73.07883333333334,75.39183333333332,69.13428,77.34,74.821,72.875,73.12366666666667,73.07883333333334,75.39183333333332,69.13428,75.00822597847143,73.71390136637618,80.96699923254026,73.05871212121212,55.500955500955506,1.2943246120952523,0.5134585375477336,1.5617321490950373,1.2943246120952523,0.3696931889666807,1.8492628462571432,78.65839000932917,72.875,67.09160999067083,80.03693472551124,74.29530339997528,91.52019737658318,80.93788550410918,74.84778691511855,93.11808268209043,3.2444365844407086,193.33364635666922,-14.5873320537429,0.017067494181535987,0.051309124443672215,0.07938250428816462,0.07571192181281935,0.07637186326181993,0.04334908069176378,0.1377857699537768,105.76970780137391
2024-07-23,78.47,78.58,75.13,75.3,16672437.0,1281047586.08,1.8934,-4.2715,76.832,75.03999999999999,73.082,73.25299999999999,73.079,75.43741666666666,69.13572,76.832,75.03999999999999,73.082,73.25299999999999,73.079,75.43741666666666,69.13572,75.05311428947583,73.83139015405202,61.014686248331095,58.67579908675799,49.97455470737914,1.2217241354238126,0.6551116571229495,1.1332249566017263,1.2217241354238126,0.5007748730370087,1.4418985247736078,78.9031686292818,73.082,67.2608313707182,71.08028533844062,73.22363071279706,66.79359458972775,71.68091919083923,73.79216434035878,67.45842889180014,3.2963572054514887,96.9014998592242,-46.83301343570066,-0.019939608496459763,0.0034648187633262947,0.030349470457841927,0.027944248017146213,0.030391767812914843,-0.0018215982563913366,0.08916201350040168,64.62645609399796
2024-07-24,75.2,77.61,75.01,75.44,14734334.0,1122365143.15,1.6733,0.1859,76.596,75.30199999999999,73.2215,73.40299999999999,73.09133333333334,75.47949999999999,69.12972,76.596,75.30199999999999,73.2215,73.40299999999999,73.09133333333334,75.47949999999999,69.12972,75.11263516801802,73.95054643893705,37.06896551724135,60.362453531598504,50.69195284469501,1.1620887290809634,0.7565070715145523,0.8111633151328221,1.1620887290809634,0.6025154662745402,1.1191465256128463,79.13211231132148,73.2215,67.31088768867853,65.55704243292072,70.66810128617162,55.33492472641893,65.95746500118648,71.18059789396801,55.51119921562341,3.1697468044603077,77.22655582246925,-45.489443378119084,-0.015092171914982582,0.0018326206475260318,0.030298477906079382,0.027750909363377606,0.03213331265904748,-0.0005233209017016496,0.09128172369279076,101.87486243019224
2024-07-25,74.3,76.49,74.3,74.8,12521743.0,943190256.4,1.422,-0.8484,76.484,75.483,73.409,73.49833333333335,73.01866666666666,75.49366666666667,69.11532000000001,76.484,75.483,73.409,73.49833333333335,73.01866666666666,75.49366666666667,69.11532000000001,75.06453744986139,74.01346892494172,39.540229885057435,54.21867199201198,47.43521946060286,1.0510685249196712,0.8154193621955761,0.47129832544819017,1.0510685249196712,0.6715236291430219,0.7590897915532986,79.26725517404445,73.409,67.55074482595556,58.160835306157644,66.49901262616696,41.48448066613901,60.094484025103185,67.48522660434641,45.31299886661674,2.9916110218311602,48.85538064013735,-51.63147792706343,-0.022017676899743707,-0.009048395002848415,0.018948630276941398,0.017710152157645043,0.024395588342706928,-0.00918840874068914,0.08224920321572678,91.83308654219081
2024-07-26,75.12,75.89,73.73,74.31,10720159.0,800180306.74,1.2174,-0.6551,75.702,75.85499999999999,73.60849999999999,73.53733333333334,72.92516666666667,75.50541666666666,69.10816,75.702,75.85499999999999,73.60849999999999,73.53733333333334,72.92516666666667,75.50541666666666,69.10816,74.94845476526733,74.03543418976085,43.379571248423716,53.682649530400425,50.98039215686275,0.9130205755064793,0.8349396048577569,0.15616194129744487,0.9130205755064793,0.7086770055066307,0.4086871399996972,79.29300997749306,73.60849999999999,67.92399002250693,49.5129202271998,60.83698182651124,26.864797028576916,52.79983145533194,62.59009488800825,33.219304589979316,2.8404090178618575,29.5994128744387,-61.78947368421057,-0.018387889355631237,-0.020367807000197583,0.009530149371336328,0.010507134698021857,0.018989786333478833,-0.01583219746927639,0.07527099549459867,93.63897139411321
2024-07-29,74.51,74.66,73.08,73.85,8220594.0,607072547.77,0.9336,-0.619,74.74,76.03999999999999,73.7775,73.547,72.83516666666668,75.51083333333334,69.11092,74.74,76.03999999999999,73.7775,73.547,72.83516666666668,75.51083333333334,69.11092,74.77946172445697,74.02169832385265,10.48824593128387,52.095516569200775,54.05242542934619,0.7577634006043183,0.8195043640070692,-0.12348192680550163,0.7577634006043183,0.7162287585985827,0.08306928401147129,79.26675793086703,73.7775,68.28824206913298,36.62363695897825,52.76586687066691,4.339177135600934,44.16832489631828,56.449504890778265,19.60596490739833,2.611243741886974,3.931145107615554,-73.09468822170906,-0.011907947551511916,-0.02880063124671223,0.0009826844227574926,0.004119814540361908,0.01393328772044613,-0.021994636531182193,0.06857208672667071,93.97933842011258
2024-07-30,73.73,75.06,72.49,75.0,10902538.0,806518603.29,1.2381,1.5572,74.67999999999999,75.756,73.9755,73.55933333333333,72.7645,75.54725,69.12312,74.67999999999999,75.756,73.9755,73.55933333333333,72.7645,75.54725,69.12312,74.81339068992513,74.09416511467838,20.67307692307699,61.442656979761274,53.576864535768635,0.7192255752467531,0.799448606255006,-0.1604460620165058,0.7192255752467531,0.7166898073136859,0.005071535866134402,79.33309755664371,73.9755,68.61790244335629,35.2956886185126,46.94247411994881,12.002117615640174,40.32548057673929,51.074830119431944,18.82678149135397,2.6037448797257072,8.521841372083367,-67.3602080624187,0.004284949116229344,-0.009979407571677494,0.01384917979601359,0.019585096837926832,0.03072239897202622,-0.007243810992458432,0.08502046782610508,116.70988400817966
2024-07-31,74.55,79.87,74.4,79.5,21418891.0,1670244436.69,2.4324,6.0,75.492,76.044,74.3905,73.69866666666667,72.81316666666666,75.62641666666667,69.167,75.492,76.044,74.3905,73.69866666666667,72.81316666666666,75.62641666666667,69.167,75.53440750685972,74.4945973284059,78.45528455284551,66.7710196779964,61.81818181818182,1.0398101784538198,0.8475209206947688,0.38457851551810207,1.0398101784538198,0.7664006336429373,0.5468190896217651,80.11607503432548,74.3905,68.66492496567453,53.916241480395456,49.2670632400977,63.21459796099097,57.26943611921325,53.13969878602572,65.52891078558832,3.1248821743210327,111.23235078679498,-8.842652795838827,0.053091718327769766,0.04544737257377312,0.06868484551118754,0.07871693743894054,0.09183549678515113,0.05121997714643356,0.14939205112264517,179.08476965428545
2024-08-01,81.01,81.3,79.11,79.66,16835242.0,1344851667.13,1.9119,0.2013,76.464,76.47399999999999,74.9275,73.85733333333333,72.86816666666667,75.74566666666666,69.24004,76.464,76.47399999999999,74.9275,73.85733333333333,72.86816666666667,75.74566666666666,69.24004,76.16911404426592,74.87721974852398,78.51351351351349,55.45563549160669,63.27458783399659,1.2918942957419404,0.9363955957042032,0.7109974000754744,1.2918942957419404,0.8472458124273993,0.8892969666290822,80.50545236906746,74.9275,69.34954763093253,63.07242432404722,53.86885026808088,81.47957243597989,65.30788741659242,57.195761662881296,81.53213892401467,2.9549035971717537,157.38040036895754,-18.615209988649266,0.04179744716467878,0.04166121819180385,0.06316105568716429,0.07856588377592838,0.09320713891983005,0.05167732367528173,0.15049038099920226,102.03090391154655
2024-08-02,78.2,79.42,77.57,77.97,13109015.0,1029558554.97,1.4887,-2.1215,77.196,76.449,75.251,73.89833333333333,72.89166666666667,75.84316666666668,69.30712000000001,77.196,76.449,75.251,73.89833333333333,72.89166666666667,75.84316666666668,69.30712000000001,76.44617342207115,75.10631458196666,68.75739644970415,53.93586005830902,60.212418300653596,1.3398588401044975,1.017088244584262,0.6455411910404711,1.3398588401044975,0.9230324320700297,0.8336528160689356,80.74176506988212,75.251,69.76023493011789,62.78229726029937,56.839999265487045,74.66689324992403,64.27260598866283,59.554709771475146,73.7083984230382,2.7976483976859807,97.20070557558128,-37.79795686719633,0.010026426239701552,0.019895616685633572,0.03613241020052881,0.05509822052820325,0.06966960100605922,0.028042517563656444,0.12499264144867057,80.69977455617294
2024-08-05,77.5,77.5,73.45,73.81,18351232.0,1373632865.48,2.084,-5.3354,77.188,75.964,75.39250000000001,73.90466666666666,72.90683333333332,75.88408333333334,69.36076,77.188,75.964,75.39250000000001,73.90466666666666,72.90683333333332,75.88408333333334,69.36076,76.04060828021406,75.01029127959876,47.93729372937294,46.1346633416459,53.43587199206152,1.0303170006152982,1.0197339957904692,0.02116600964965798,1.0303170006152982,0.9395377503077633,0.18155850061506973,80.55593368006475,75.39250000000001,70.22906631993527,46.84918947130063,53.50972933409158,33.52810974571874,47.84272862354294,55.650716055497746,32.226753759633326,3.110803234470347,-14.159282180629726,-85.01702610669686,-0.04376327926620718,-0.028355536833236748,-0.020990151540272707,-0.0012809294857337083,0.012387956318680848,-0.02733225786259526,0.06414635595111708,57.793195890560625
2024-08-06,75.18,75.4,72.81,74.87,10873047.0,804589610.31,1.2348,1.4361,77.162,75.921,75.48049999999999,74.02833333333334,72.95433333333332,75.93866666666666,69.42364,77.162,75.921,75.48049999999999,74.02833333333334,72.95433333333332,75.93866666666666,69.42364,75.86051469864266,74.99989933296182,54.0094339622642,40.8219178082192,54.45280271778695,0.8606153656808431,0.987910269768544,-0.2545898081754019,0.8606153656808431,0.9273958449805448,-0.13356095859940353,80.53906844738191,75.48049999999999,70.42193155261808,40.23771163391291,49.08572343403203,22.54168803367466,40.90007106874111,50.733834393245544,21.23254441973225,3.0161117372939206,-38.13930662179668,-72.98524404086255,-0.029703740182991645,-0.013843337153093372,-0.008088181715807231,0.01136952067901932,0.026258435642388358,-0.014072760473364358,0.07845108669035501,115.32574744110771
2024-08-07,74.87,74.88,71.18,71.64,12343576.0,900251621.03,1.4018,-4.3141,75.59,75.541,75.42150000000001,73.99466666666667,72.95333333333333,75.95483333333335,69.48108,75.59,75.541,75.42150000000001,73.99466666666667,72.95333333333333,75.95483333333335,69.48108,75.21120474500532,74.75101790089057,38.648648648648646,33.31749049429659,53.22580645161291,0.46018684411474453,0.8823655846377841,-0.8443574810460792,0.46018684411474453,0.8555175371550371,-0.7906613860805851,80.6358497349047,75.42150000000001,70.20715026509532,28.34029260442677,42.17057982416362,0.679718164953087,28.781865560978908,43.41651144915667,-0.48742621537661535,3.1404550577859327,-100.05607416898374,-95.45454545454551,-0.05225558936367248,-0.05164083080711132,-0.05013822318569649,-0.03182211330546355,-0.018002375948094663,-0.0568078836325977,0.031072055874779073,64.3394642865687
2024-08-08,70.7,73.43,70.51,72.38,9305299.0,671568693.01,1.0568,1.0329,74.134,75.299,75.39099999999999,74.03899999999999,72.97333333333334,75.92216666666667,69.54315999999999,74.134,75.299,75.39099999999999,74.03899999999999,72.97333333333334,75.92216666666667,69.54315999999999,74.77563478423527,74.57538694526905,17.75362318840574,42.07383279044517,51.091269841269835,0.20024783896622012,0.7459420355034714,-1.0913883930745025,0.20024783896622012,0.7547068143567576,-1.108917950781075,80.671944492877,75.39099999999999,70.11005550712298,24.67048237267621,36.33721400700115,1.337019104026325,24.964864343710968,37.26596241400811,0.3626682031166837,3.1003723200066724,-111.3093720791908,-82.66913809082492,-0.023659859173928356,-0.03876545505252408,-0.039938454192144895,-0.02240710976647432,-0.008130824045313555,-0.0466552368324579,0.040792509284881644,110.82302897138857
2024-08-09,73.4,73.77,72.01,72.01,7869845.0,573237821.19,0.8937,-0.5112,72.942,75.069,75.462,74.09533333333334,72.9645,75.891,69.60284,72.942,75.069,75.462,74.09533333333334,72.9645,75.891,69.60284,74.35015250973754,74.38535828265651,16.0,40.804289544235935,51.282051282051285,-0.03520577291897098,0.589712473818983,-1.2498364934759079,-0.03520577291897098,0.6331818009297223,-1.3367751476973866,80.50394031155358,75.462,70.42005968844643,21.080908545021714,31.25177885300801,0.739167929049124,21.277163192378218,31.936362673464814,-0.04123576979497301,2.856668261823639,-101.55899903299564,-86.0982391102873,-0.012777275095281019,-0.04074917742343707,-0.04574487821685084,-0.028143922694186828,-0.013081704116385309,-0.05113913375762607,0.03458422098868386,95.00409417395743
2024-08-12,71.96,74.14,71.7,73.7,9528696.0,698342339.85,1.0748,2.3469,72.92,75.054,75.547,74.20299999999999,72.96166666666666,75.86583333333333,69.66188000000001,72.92,75.054,75.547,74.20299999999999,72.96166666666666,75.86583333333333,69.66188000000001,74.25012904670099,74.33459100245973,31.02222222222221,47.208121827411176,50.74251195570099,-0.08446195575874071,0.45487758790343824,-1.078679087324358,-0.08446195575874071,0.5227750691314972,-1.2144740497804758,80.39685555943413,75.547,70.69714444056586,23.908742860721922,28.80410018891265,14.118028204340462,24.039579292292927,29.30410154640752,13.510534784063744,2.7809103960375228,-85.9007713724951,-70.43558850787767,0.010696653867251799,-0.0180403442854478,-0.02444835665215024,-0.006778701669743622,0.010119469127624242,-0.02854820461560419,0.057967427809872366,126.10919962845833
2024-08-13,73.79,74.98,72.9,73.51,7586031.0,559439747.6,0.8557,-0.2578,72.648,74.905,75.3305,74.28533333333333,72.95566666666667,75.76174999999999,69.71303999999999,72.648,74.905,75.3305,74.28533333333333,72.95566666666667,75.76174999999999,69.71303999999999,74.13626303951622,74.2735101874627,47.93956043956045,47.938144329896915,50.87055261165784,-0.13724714794648207,0.3364526407334542,-0.9473995773598726,-0.13724714794648207,0.42123318958103884,-1.1169606750550418,80.1357448319251,75.3305,70.5252551680749,25.207002500289754,27.605067626038352,20.410872248792565,25.29422678800376,27.9674766269396,19.947727110132078,2.653472142212518,-58.04261491997828,-72.19647822057459,0.011865433322321454,-0.018623589880515264,-0.024166838133292564,-0.010437233011451184,0.007598221751109105,-0.02972146234742449,0.054465563401051124,97.45168413975902
2024-08-14,74.09,74.65,73.26,73.57,7466931.0,552642160.01,0.8422,0.0816,73.034,74.312,75.178,74.36433333333333,72.98150000000001,75.68824999999998,69.75416,73.034,74.312,75.178,74.36433333333333,72.98150000000001,75.68824999999998,69.75416,74.04914564882142,74.22139832172472,39.649681528662285,49.26315789473684,50.733805668016196,-0.17225267290329782,0.23471157800610382,-0.8139285018188033,-0.17225267290329782,0.32992767227575626,-1.0043606903581082,80.00447784839615,75.178,70.35152215160385,28.25247978133791,27.820871677804874,29.115695988403985,26.316015263673776,27.416989505850996,24.114066779319337,2.423749934537515,-52.628840261644555,-71.6404077849862,0.007339047566886479,-0.00998492840994731,-0.021389236212721863,-0.010681643978072032,0.008063687372827113,-0.02798651045571789,0.054704120872504154,100.8192199501456
2024-08-15,73.48,78.0,73.05,76.6,19043305.0,1454000595.38,2.148,4.1185,73.878,74.006,75.24,74.62033333333333,73.04966666666668,75.66191666666667,69.80648000000001,73.878,74.006,75.24,74.62033333333333,73.04966666666668,75.66191666666667,69.80648000000001,74.44158477977197,74.39759103863399,90.78947368421068,53.83141762452106,57.48443337484433,0.0439937411379816,0.1965680106324794,-0.3051485389889956,0.0439937411379816,0.2859378367160986,-0.48388819115623405,80.10800077844625,75.24,70.37199922155374,45.93779025920966,33.85984453827314,70.09368170108272,40.3273996258386,31.720459545846865,57.54127978582207,2.883068128257967,20.956277228679255,-31.649831649831743,0.036844527464197654,0.03505121206388663,0.01807549175970228,0.02652985558002501,0.0486016363296202,0.012398355403367712,0.09731933195886665,149.72010944170506
2024-08-16,76.59,77.66,76.37,76.84,9371878.0,721759990.7,1.0571,0.3133,74.84400000000001,73.893,75.171,74.79833333333333,73.14166666666667,75.61200000000001,69.85624,74.84400000000001,73.893,75.171,74.79833333333333,73.14166666666667,75.61200000000001,69.85624,74.81057173673013,74.5785102209574,89.96415770609337,41.997593261131165,56.20831195484865,0.2320615157727275,0.20366671166052902,0.05678960822439694,0.2320615157727275,0.27764917195558,-0.09117531236570497,79.89823753759511,75.171,70.4437624624049,58.7960880321745,42.171925702906925,92.04441269070965,55.05582760992713,39.49891556720695,86.16965169536749,2.5934193776656076,61.648705971778185,-15.487316421895828,0.026668804446582157,0.039881991528290944,0.022202711151906942,0.027295617103767975,0.050563974023014754,0.01624080833730088,0.09997331662855034,103.1777054787192
2024-08-19,76.98,78.23,76.51,76.84,7937911.0,613971104.27,0.8954,0.0,75.472,74.196,75.08,74.99366666666667,73.29433333333333,75.574,69.90624000000001,75.472,74.196,75.08,74.99366666666667,73.29433333333333,75.574,69.90624000000001,75.12279146954087,74.74602798236796,96.35316698656433,41.43377885783718,48.49124924562462,0.37676348717290864,0.23828606676300496,0.27695484081980737,0.37676348717290864,0.2928975281428613,0.1677319180600947,79.58949874679821,75.08,70.57050125320178,66.52899823906625,50.2909498816267,99.00509495394536,64.03549129090133,47.67777414177175,96.75092558916049,2.4346158544536785,77.91498942484846,-18.00518134715027,0.018125927496290137,0.03563534422340835,0.02344166222695798,0.02461985678790654,0.04837572709122592,0.01675179294466358,0.0991865676082706,100.0
2024-08-20,77.3,77.38,75.3,75.65,7490602.0,569501802.56,0.8449,-1.5487,75.9,74.274,75.0975,75.07833333333333,73.37750000000001,75.51983333333332,69.96484,75.9,74.274,75.0975,75.07833333333333,73.37750000000001,75.51983333333332,69.96484,75.20390047422688,74.81298887256293,70.70063694267522,42.73182957393485,48.53518574448807,0.39091160166395866,0.26881117374319574,0.24420085584152584,0.39091160166395866,0.3079766163768763,0.16586997057416475,79.61330557597492,75.0975,70.58169442402507,66.54610245298718,55.709334072080196,88.21963921480116,64.88376448754391,53.41310425702914,87.82508494857346,2.370140244553009,36.386486141520635,-33.41968911917097,-0.0032938076416337285,0.018525998330506027,0.007357102433503234,0.007614269540702012,0.03096998398691688,0.0017236090298577002,0.08125738585266558,85.5491623831933
2024-08-21,75.1,78.1,75.1,76.98,9396266.0,721863167.13,1.0599,1.7581,76.582,74.80799999999999,75.1745,75.21700000000001,73.4875,75.42800000000001,70.03728,76.582,74.80799999999999,75.1745,75.21700000000001,73.4875,75.42800000000001,70.03728,75.47714655511506,74.97350821533604,79.65811965811967,62.071591774562094,52.441229656419544,0.5036383397790161,0.3157766069503598,0.3757234656573125,0.5036383397790161,0.3380784199772055,0.3311198396036211,79.76676569467975,75.1745,70.58223430532024,71.31659510137891,60.91175441517977,92.12627647377718,71.19193971017609,59.33938274141146,94.89705364770533,2.4846602000888254,57.81791224101196,-16.191709844559586,0.0051970436917292626,0.029034327879371345,0.024017452726656105,0.023438850259914525,0.04752508930090161,0.020575913453889698,0.09912892105461561,119.03912995358792
2024-08-22,76.8,78.2,76.55,77.3,10349274.0,801791547.92,1.1674,0.4157,76.72200000000001,75.3,75.2995,75.36066666666666,73.61683333333333,75.37816666666667,70.1254,76.72200000000001,75.3,75.2995,75.36066666666666,73.61683333333333,75.37816666666667,70.1254,75.75758554663581,75.14584094012596,80.52373158756141,59.806295399515726,48.49869451697128,0.6117446065098449,0.3749702068622568,0.4735487992951761,0.6117446065098449,0.38018091021299616,0.4631273925936974,79.98401637676895,75.2995,70.61498362323104,76.13041000633017,65.98463961222991,96.42195079453066,76.04730641219496,64.90869063167264,98.32453797323959,2.3329038000726765,72.72955997448081,-14.241960183767329,0.00753369307369449,0.02656042496679947,0.026567241482347195,0.02573402570748672,0.050031582450571745,0.025495888508829806,0.10231100286058972,104.23555223134784
2024-08-23,76.85,77.69,75.5,76.25,9613552.0,733067450.23,1.0844,-1.3583,76.604,75.724,75.3965,75.54933333333334,73.72916666666667,75.30425,70.2152,76.604,75.724,75.3965,75.54933333333334,73.72916666666667,75.30425,70.2152,75.83334161638415,75.22763050011663,45.762711864406846,72.57590597453485,46.144,0.6057111162675142,0.42111838874330826,0.3691854550484118,0.6057111162675142,0.41487786499061435,0.38166650255379964,80.07508401880938,75.3965,70.71791598119063,71.70420079221259,67.89116000555748,79.3302823655228,73.92434005835966,67.91390710723499,85.945205960609,2.3069212909685533,37.68115942028987,-30.32159264931093,-0.004621168607383416,0.006946278590671336,0.011320154118559838,0.009274293177085126,0.034190449279457406,0.012559052111932645,0.0859472023151683,87.21748134211764
2024-08-26,76.25,77.0,74.66,74.88,7378577.0,556857411.25,0.8323,-1.7967,76.212,75.842,75.44800000000001,75.64533333333334,73.78883333333333,75.19916666666667,70.30431999999999,76.212,75.842,75.44800000000001,75.64533333333334,73.78883333333333,75.19916666666667,70.30431999999999,75.68667367540196,75.20188009270059,31.36882129277555,61.53136531365316,49.2822966507177,0.4847935827013714,0.4338534275349209,0.10188031033290101,0.4847935827013714,0.4256341292538078,0.11831890689512725,80.07732346995536,75.44800000000001,70.81867653004466,59.57886230420348,65.12039410510616,48.49579870239813,61.66563258424722,65.83114893290573,53.33459988693019,2.312935601701544,0.4637143519587713,-62.85178236397767,-0.01747756258856883,-0.01268426465546799,-0.007528363906266726,-0.010117389924912904,0.014787693711559783,-0.004244284621948489,0.06508390949517763,83.41801996950295
2024-08-27,74.43,76.05,74.2,75.3,6222749.0,468393834.26,0.7019,0.5609,76.142,76.02099999999999,75.463,75.56066666666668,73.85866666666668,75.10766666666667,70.40151999999999,76.142,76.02099999999999,75.463,75.56066666666668,73.85866666666668,75.10766666666667,70.40151999999999,75.62718541764782,75.20914823398203,36.44366197183092,65.10560146923783,49.763033175355446,0.41803718366578835,0.43069017876109444,-0.025305990190612193,0.41803718366578835,0.4244653683941125,-0.012856369456648253,80.08815365320929,75.463,70.8378463467907,54.198006014900116,61.47959807503748,39.634821894625404,55.589186201595936,62.41716135580247,41.93323589318287,2.228765492301262,-14.033412887827879,-56.56370656370662,-0.011058285834362098,-0.009484221465121342,-0.0021599989398777774,-0.0034497666334337928,0.01951474888977125,0.0025607683192571096,0.06957917954044184,105.75268549473414
2024-08-28,75.59,75.89,74.47,74.71,5523133.0,413817828.75,0.623,-0.7835,75.688,76.135,75.2235,75.49700000000001,73.9115,75.01108333333333,70.49764,75.688,76.135,75.2235,75.49700000000001,73.9115,75.01108333333333,70.49764,75.48607996877892,75.1721742907241,40.74803149606287,55.158324821246126,49.84740590030518,0.31390567805482306,0.4073332786198402,-0.1868552011300343,0.31390567805482306,0.40745618526499106,-0.187101014420336,79.44710920740168,75.2235,70.99989079259832,40.350366292811756,54.43652081429558,12.178057249844116,47.74156814984128,57.52529695381541,28.174110541893015,2.08171722097376,-15.456106677442456,-67.95366795366806,-0.012921467075362127,-0.018716753135877208,-0.006826324220489709,-0.01042425526842153,0.010803460895800924,-0.00401385128642107,0.059751787435721106,92.43524615494549
2024-08-29,74.4,75.83,73.41,75.0,6863327.0,513332814.43,0.7742,0.3882,75.228,75.975,74.99050000000001,75.485,73.98033333333335,74.93258333333333,70.59712,75.228,75.975,74.99050000000001,75.485,73.98033333333335,74.93258333333333,70.59712,75.41129843512063,75.15942063955936,25.495049504950487,57.5328614762386,51.177876408330484,0.25187779556127055,0.3762421820081263,-0.24872877289371154,0.25187779556127055,0.38352104838749557,-0.26328650565245004,78.6616190033624,74.99050000000001,71.31938099663762,37.89609481761448,48.923045482068545,15.842193488706357,42.823562722300835,52.62471887664389,23.221250413614726,2.143223180796713,-18.434755576280054,-67.01244813278007,-0.0030307864093156063,-0.01283316880552806,0.00012668271314351172,-0.006425117573027746,0.013782942313497526,0.0008996976170803343,0.062366283497117106,103.95018577649529
2024-08-30,75.19,80.0,74.8,79.39,21050996.0,1651689396.26,2.3745,5.8533,75.856,76.22999999999999,75.0615,75.52400000000002,74.1485,74.92000000000002,70.71332000000001,75.856,76.22999999999999,75.0615,75.52400000000002,74.1485,74.92000000000002,70.71332000000001,76.023406368179,75.47279688848089,62.88532675709001,70.46413502109705,58.33835039133054,0.5506094796981102,0.4111156415461231,0.27898767630397425,0.5506094796981102,0.40922696089682087,0.28276503760257876,79.01900200319209,75.0615,71.1039979968079,55.51191348994229,51.11933481802646,64.29707083377394,58.79689209306652,54.68210994878477,67.02645638163003,2.69900078428822,138.0621887621058,-9.256449165402111,0.04658827251634685,0.04145349599895069,0.057666047174650195,0.05118902600497835,0.07068922500118009,0.05966364121729823,0.12270220094318848,176.6222388412825
2024-09-02,78.91,80.33,77.78,77.87,11776652.0,930756326.09,1.3284,-1.9146,76.454,76.333,75.2645,75.49766666666666,74.31066666666666,74.88308333333333,70.8176,76.454,76.333,75.2645,75.49766666666666,74.31066666666666,74.88308333333333,70.8176,76.30749769615146,75.65036748933414,59.440559440559454,54.996066089693194,54.27210479309319,0.6571302068173139,0.4603185546003613,0.39362330443390525,0.6571302068173139,0.447365921807666,0.4195285700192959,79.36561396933561,75.2645,71.16338603066438,58.4915646773026,53.576744771118506,68.32120448967079,60.68155041271875,56.681923436762766,68.6808043646307,2.671909732599452,141.31361155133007,-35.54913294797678,0.01852094069636659,0.020135459106808407,0.034617914156076325,0.03142260467210922,0.04789801374410146,0.039887736104171366,0.09958541379544077,82.42210986329913
2024-09-03,77.87,78.87,77.1,77.32,7477279.0,582441254.94,0.8434,-0.7063,76.85799999999999,76.5,75.387,75.56500000000001,74.409,74.829,70.92728,76.85799999999999,76.5,75.387,75.56500000000001,74.409,74.829,70.92728,76.46326728135892,75.77404397160569,65.72164948453603,51.843317972350185,46.322537112010785,0.6892233097532312,0.5060995056309353,0.3662476082445918,0.6892233097532312,0.48457475072236833,0.40929711806172575,79.58374610796778,75.387,71.19025389203222,57.82867317600518,54.99405423941407,63.49791104918742,59.288663666282616,57.55083684660272,62.76431730564241,2.507926144854099,92.84214389105213,-43.49710982658966,0.0060110853782300265,0.010718954248365924,0.025641025641025543,0.023225038046714497,0.03912161163300121,0.03328923278408104,0.0901306239291849,93.15726006349077
2024-09-04,76.33,77.28,76.1,76.47,5252524.0,402902676.69,0.5925,-1.0993,77.21000000000001,76.44899999999998,75.6285,75.59933333333333,74.50116666666666,74.79958333333335,71.03040000000001,77.21000000000001,76.44899999999998,75.6285,75.59933333333333,74.50116666666666,74.79958333333335,71.03040000000001,76.46430308422678,75.82559627000526,57.14285714285714,48.66618601297763,44.74118034948896,0.6387068142215213,0.5326209673490525,0.2121716937449376,0.6387068142215213,0.5082873758760842,0.26083887669087424,79.45710851457817,75.6285,71.79989148542184,53.29233317706705,54.4268138852984,51.023371760604334,54.26566017058534,56.455777954596925,49.88542460256218,2.273757754880626,40.62450970733824,-55.78034682080922,-0.009584250744722304,0.00027469293254346047,0.011126757769888288,0.011516856409668493,0.026426879221130805,0.02233189801636578,0.07658129476956323,89.53491967455288
2024-09-05,76.57,78.18,73.8,74.7,11312544.0,857154560.01,1.276,-2.3146,77.15,76.189,75.7445,75.596,74.54716666666668,74.75791666666666,71.13056000000002,77.15,76.189,75.7445,75.596,74.54716666666668,74.75791666666666,71.13056000000002,76.19287184049958,75.74221876852339,49.94663820704381,46.712802768166085,44.623479118710954,0.4506530719761912,0.5162273882744803,-0.13114863259657827,0.4506530719761912,0.49942055989148526,-0.09753497583058812,79.2887138167657,75.7445,72.2002861832343,41.742094950414675,50.198574240337166,24.8291363705697,42.390979612760205,51.76751184065135,23.63791515697791,2.6567108903568775,-15.08235264691559,-81.35838150289008,-0.03175631885936491,-0.019543503655383196,-0.01378978011604802,-0.011852478967141129,0.00205015616511228,-0.0007747228554388103,0.050181525352815795,79.12161006882306
2024-09-06,75.2,78.27,74.0,76.18,11257818.0,865599166.35,1.2698,1.9813,76.50800000000001,76.18199999999999,75.953,75.65833333333333,74.59783333333333,74.71983333333333,71.2322,76.50800000000001,76.18199999999999,75.953,75.65833333333333,74.59783333333333,74.71983333333333,71.2322,76.1908915573458,75.77464700789203,55.58712121212125,47.260273972602754,54.27335016227913,0.416244549453765,0.4962308205103373,-0.1599725421131446,0.416244549453765,0.48662425059337444,-0.1407594022792189,79.03232391759605,75.953,72.87367608240396,41.171030544977846,47.189393008550724,29.134305617832098,41.603620319874864,48.379548000392525,28.05176495883954,2.9500361830192627,6.348297176677466,-59.97109826589582,-0.004287133371673589,-2.6252920637173195e-05,0.0029886903743104798,0.006895032492565376,0.021209284451961477,0.01954188869978761,0.06946015987151878,121.67564723794457
2024-09-09,76.0,78.02,75.72,76.4,8020341.0,617417369.03,0.9047,0.2888,76.214,76.334,76.088,75.74333333333334,74.64516666666667,74.684,71.32572,76.214,76.334,76.088,75.74333333333334,74.64516666666667,74.684,71.32572,76.2230620869849,75.82096945175188,26.604068857590036,46.896551724137964,52.84492376348084,0.40209263523301786,0.4774031834548734,-0.15062109644371113,0.40209263523301786,0.4736193866917811,-0.1430535029175265,78.98263823755593,76.088,73.19336176244406,41.850051191834986,45.40961240297881,34.73092876954735,42.13844437509967,46.29918012529491,33.81697287470918,2.831847786106669,31.998713619553083,-56.79190751445075,0.0024404964967067342,0.0008646212696832669,0.0041005151929346525,0.008669629890419393,0.023509001475871455,0.022976808955064112,0.07114235930601193,102.92571734366929
2024-09-10,76.4,79.88,76.03,78.9,12311393.0,965438311.69,1.3887,3.2723,76.53,76.694,76.3575,75.87333333333335,74.71633333333332,74.64825,71.41516,76.53,76.694,76.3575,75.87333333333335,74.71633333333332,74.64825,71.41516,76.63489868898722,76.04904578865916,56.98778833107192,58.30721003134797,63.876146788990845,0.5858529003280637,0.4990931268295115,0.17351954699710437,0.5858529003280637,0.49088608109736304,0.18993363846140132,79.24517161713827,76.3575,73.46982838286173,54.345120833092345,48.388115213016654,66.25913207324372,54.5373829552688,49.04524773528621,65.52165339523395,3.0169663704509095,122.53778052984691,-20.66473988439295,0.030968247745982027,0.028763658174042337,0.033297318534525146,0.039891046480976924,0.055994003988418625,0.056957128934703775,0.10480743864468,137.98645149729347
2024-09-11,78.5,79.57,78.35,79.2,8120785.0,641640268.8,0.916,0.3802,77.076,77.143,76.63900000000001,75.86333333333333,74.78099999999999,74.63616666666667,71.49520000000001,77.076,77.143,76.63900000000001,75.86333333333333,74.78099999999999,74.63616666666667,71.49520000000001,77.02952965991226,76.28244980431403,63.202247191011324,64.51612903225808,63.25816485225508,0.7470798555982299,0.5486904725832552,0.3967787660299493,0.7470798555982299,0.5303005079436502,0.43355869530915925,79.47980714994216,76.63900000000001,73.79819285005786,63.79516478204117,53.5237984026915,84.3378975407405,64.24842871391718,54.1129747281632,84.51933668542513,2.6902452121871074,160.23511955715395,-16.329479768786058,0.027557216254087,0.026664765435619592,0.033416406790276396,0.043982600289995254,0.05909255024672058,0.06114774561930433,0.10776667524533103,103.86800347511604
2024-09-12,79.6,80.09,76.02,76.1,10655235.0,828398601.08,1.2019,-3.9141,77.35600000000001,77.253,76.614,75.74466666666667,74.801,74.60208333333334,71.56236,77.35600000000001,77.253,76.614,75.74466666666667,74.801,74.60208333333334,71.56236,76.88652509684884,76.26893500399447,48.02561366061897,52.27790432801821,57.18804920913882,0.6175900928543712,0.5624703966374784,0.11023939243378544,0.6175900928543712,0.543729674852992,0.14772083600275843,79.46503416140149,76.614,73.76296583859852,54.27079387715454,53.77279689417918,55.26678784310525,54.57296983173855,54.266306429354984,55.18629663650569,2.9411097190621796,43.03990026363791,-64.77794793261873,-0.01623662030094646,-0.014924986731906927,-0.006708956587568982,0.004691199380374239,0.01736607799360961,0.020078751151944876,0.06340819391646665,67.08026225015378
2024-09-13,76.08,78.72,76.08,77.98,12386718.0,959933047.28,1.3972,2.4704,77.71600000000001,77.112,76.671,75.74499999999999,74.82166666666666,74.59175,71.62988,77.71600000000001,77.112,76.671,75.74499999999999,74.82166666666666,74.59175,71.62988,77.05475200502595,76.39568055925415,67.2995780590717,58.673740053050416,57.47206703910614,0.6590714457718008,0.581790606464343,0.15456167861491554,0.6590714457718008,0.5614745626866549,0.19519376617029183,79.58592637805455,76.671,73.75607362194546,58.33209257947029,55.29256212260955,64.41115349319176,57.71939693734079,55.41733659868359,62.3235176146552,2.8863624974145106,52.019164955510284,-35.98774885145473,0.003396983890061194,0.011256354393609416,0.017072948050762315,0.029506898145092268,0.042211480631724495,0.04542392422754526,0.08865183077229788,127.63969001976446
2024-09-18,77.1,77.36,74.28,74.73,10573757.0,795802288.88,1.1927,-4.1677,77.38199999999999,76.798,76.56550000000001,75.77566666666667,74.84016666666666,74.54683333333332,71.69628,77.38199999999999,76.798,76.56550000000001,75.77566666666667,74.84016666666666,74.54683333333332,71.69628,76.69709785040658,76.27229681412422,43.55555555555556,49.38101788170565,51.92429022082018,0.42480103628236066,0.5503926924279465,-0.25118331229117175,0.42480103628236066,0.5404478663167634,-0.23129366006880558,79.60475527581737,76.56550000000001,73.52624472418266,43.816519589281235,51.46721461150012,28.515129544843475,43.40805582786157,51.414243008409585,27.395681466765524,3.034296588793691,-81.2177850570842,-85.21462639109689,-0.03427153601612762,-0.026927784577723348,-0.02397293820323788,-0.013799504678282766,-0.0014720259397247568,0.0024570683753615177,0.04231349241550611,65.33073045965682
2024-09-19,75.65,76.27,73.9,75.92,9365656.0,705214748.09,1.0564,1.5924,76.786,76.658,76.579,75.81066666666668,74.9195,74.50866666666666,71.75996,76.786,76.658,76.579,75.81066666666668,74.9195,74.50866666666666,71.75996,76.57754433495941,76.24620075381871,48.036006546644835,40.677055346587856,53.579043557721604,0.3313435811407004,0.5065828701704973,-0.3504785780595938,0.3313435811407004,0.5082779762896769,-0.35386879029795293,79.60349578224978,76.579,73.5545042177502,40.445777235461485,47.793402152820576,25.750527400743294,40.17346806118171,47.667318026000295,25.185768131544535,2.9135153908312,-81.92957964944888,-66.29570747217802,-0.011278097569869503,-0.009627175245897356,-0.008605492367359092,0.0014421893137288265,0.013354333651452591,0.018941868060091613,0.0579716042205151,117.11490531700576
2024-09-20,76.0,76.19,74.4,75.92,8777017.0,661563028.41,0.99,0.0,76.13000000000001,76.60300000000001,76.526,75.95333333333333,74.974,74.50558333333333,71.83131999999999,76.13000000000001,76.60300000000001,76.526,75.95333333333333,74.974,74.50558333333333,71.83131999999999,76.47638366804259,76.22203773501732,34.67078189300412,44.29490930368636,48.85906040268458,0.2543459330252631,0.4561354827414505,-0.4035790994323748,0.2543459330252631,0.46921150809515166,-0.42973115013977714,79.55804915944115,76.526,73.49395084055884,37.84161131798669,44.47613854120928,24.572556871541508,38.01707621672847,44.450570756243025,25.15008713769936,2.7092398652255256,-66.31514505203751,-66.29570747217802,-0.002758439511362248,-0.00891609989164924,-0.007918877244335187,-0.00043886597033263546,0.012617707471923572,0.018984035872031978,0.05692057447921062,100.0
2024-09-23,75.11,76.35,74.63,75.51,7143629.0,539367218.7,0.8058,-0.54,76.012,76.684,76.4365,76.05766666666666,75.04833333333333,74.50791666666666,71.90440000000001,76.012,76.684,76.4365,76.05766666666666,75.04833333333333,74.50791666666666,71.90440000000001,76.3277092575745,76.16929419909012,31.230925737538186,44.66076696165195,47.78111444778112,0.15841505848437976,0.39659139789003633,-0.47635267881131316,0.15841505848437976,0.42139666969349443,-0.5259632224182293,79.47801122409906,76.4365,73.39498877590093,33.89763856309506,40.949971881837875,19.79297192560942,34.01461516225625,40.97191889158077,20.100007703607204,2.529378071548157,-60.67723624975516,-73.99030694668821,-0.006604220386254741,-0.015309582181419755,-0.012121172476499973,-0.007200676679536897,0.00615159119678438,0.013449353815869845,0.05014435834246576,94.72894672546187
2024-09-24,76.67,79.05,75.61,78.12,16729206.0,1297123361.8,1.887,3.4565,76.03999999999999,76.87800000000001,76.53,76.26133333333334,75.17833333333334,74.519,71.98368,76.03999999999999,76.87800000000001,76.53,76.26133333333334,75.17833333333334,74.519,71.98368,76.60344629487072,76.31379092508344,60.81370449678806,54.40940673436666,51.96439533456108,0.28965536978728323,0.37520419226948576,-0.17109764496440505,0.28965536978728323,0.4011287774002312,-0.22294681522589588,79.66102639972807,76.53,73.39897360027193,45.32325069526747,42.40773148631441,51.15428911317359,45.40123509470826,42.448357625956604,51.30699003221159,2.7131275130848542,56.64230841296596,-31.825525040387713,0.027354024197790802,0.016155467103722652,0.02077616620932972,0.02437233372963141,0.0391291817234575,0.048323246420376,0.08524598909086055,140.4680790966601
2024-09-25,79.43,80.0,78.5,78.75,15692898.0,1244426784.16,1.7701,0.8065,76.84400000000001,77.113,76.7235,76.42966666666668,75.31633333333335,74.53141666666667,72.07164,76.84400000000001,77.113,76.7235,76.42966666666668,75.31633333333335,74.53141666666667,72.07164,76.93368532642907,76.49425085655874,54.75896168108774,61.52532726237904,54.84072454715801,0.43943446987033496,0.38805024778965563,0.10276844416135866,0.43943446987033496,0.4070219608571702,0.06482501802632956,79.90313437156642,76.7235,73.54386562843358,56.33289410917668,47.04945236060183,74.89977760632638,56.38488370880387,47.09386632023903,74.96691848593355,2.5616497834330616,122.78031456113601,-21.64781906300491,0.024803497995939717,0.021228586619636124,0.026413028602709714,0.030359066505588884,0.04558993401165731,0.056601410814455126,0.09266280051348905,108.36356355779726
2024-09-26,78.8,81.18,77.75,80.99,17656470.0,1403529573.67,1.9916,2.8444,77.858,77.322,77.00800000000001,76.679,75.48216666666667,74.55233333333334,72.17428,77.858,77.322,77.00800000000001,76.679,75.48216666666667,74.55233333333334,72.17428,77.55773373774767,76.82726931162846,94.20903954802263,63.12056737588649,56.088672942605506,0.7304644261192124,0.456533083455567,0.5478626853272908,0.7304644261192124,0.45678234012825364,0.5473641719819174,80.63772291243517,77.00800000000001,73.37827708756485,70.01863270282104,54.705845808008235,100.64420649244664,70.05329243590583,54.74700835879463,100.66586059012823,2.719531640990688,147.67114205204695,-2.6098901098902734,0.04022708006884316,0.0474379866014846,0.05170891335965075,0.05622139047196746,0.07296867030402311,0.08635097493036199,0.12214489704642706,132.37572907295106
2024-09-27,82.0,86.79,81.2,86.09,12566667.0,1055011429.86,1.4175,6.2971,79.89200000000001,78.011,77.577,77.09633333333335,75.73033333333335,74.62591666666667,72.30387999999999,79.89200000000001,78.011,77.577,77.09633333333335,75.73033333333335,74.62591666666667,72.30387999999999,78.87039008578648,77.51339751076709,96.26933575978165,70.87462300732442,61.65473349244232,1.3569925750193903,0.6366249817683316,1.4407351865021174,1.3569925750193903,0.5952762224191978,1.523432705200385,82.87461455751581,77.577,72.27938544248418,78.2022330250511,62.53797488035586,109.53074931444158,78.2253395137743,62.57311874378786,109.52978105374717,3.279616797174201,302.87555602255554,-5.430566330488773,0.07757973263906263,0.10356231813462215,0.10973613313224287,0.11665492089982646,0.1367967921264485,0.15362067020952286,0.19066915911013368,184.16754060475776
2024-09-30,90.09,103.28,90.08,103.28,44184421.0,4307718812.4,4.9838,19.9675,85.446,80.72900000000001,78.991,77.98566666666666,76.30300000000001,74.86574999999999,72.5056,85.446,80.72900000000001,78.991,77.98566666666666,76.30300000000001,74.86574999999999,72.5056,82.62571468797319,79.42203473219175,98.54506742370477,82.1635883905013,75.09749303621169,3.203679955781439,1.1500359765709531,4.107287958420972,3.203679955781439,0.9965691044749272,4.414221702613023,91.53416991748693,78.991,66.44783008251306,85.46815535003407,70.1813683702486,116.04172930960499,85.48355967584953,70.20993238780842,116.03081425193179,5.808777379506164,477.20024033962625,-0.0,0.20871661634248537,0.2793419960608949,0.30749072679165984,0.32434592681561153,0.3535509744046759,0.3795360361714137,0.42444169829640743,617.497515290713
2024-10-08,123.94,123.94,118.0,123.94,47248899.0,5827866050.68,5.3295,20.0039,94.61,85.325,81.2185,79.55566666666667,77.17699999999999,75.28183333333332,72.78956,94.61,85.325,81.2185,79.55566666666667,77.17699999999999,75.28183333333332,72.78956,88.98175858213116,82.71966178906644,100.0,88.39684174390662,83.53841946951053,6.262096793064728,2.1724481398697084,8.17929730639004,6.262096793064728,1.8066502873348966,8.910893011459663,104.91989260843013,81.2185,57.51710739156988,90.31210356668939,76.89161343572887,117.15308382861039,90.32237311723303,76.91407929761662,117.13896075646582,8.508999674141407,435.5344411335329,-0.0,0.3100095127364972,0.4525637269264576,0.526007005793015,0.5579028520909887,0.605918861837076,0.6463467281836478,0.7027167082751978,619.3735078404511
2024-10-09,120.19,148.7,118.0,131.0,78096514.0,10386989327.83,8.809,5.6963,105.05999999999999,90.952,83.875,81.361,78.17733333333332,75.74191666666665,73.10528,105.05999999999999,90.952,83.875,81.361,78.17733333333332,75.74191666666665,73.10528,95.44610341564945,86.29598313802447,100.0,94.11764705882354,84.90849837051893,9.150120277624978,3.5679825674207626,11.164275420408432,9.150120277624978,2.9364149012256786,12.4274107527986,116.30041725576592,83.875,51.449582744234085,85.60062175868123,79.79461621004633,97.21263285595106,85.66054821006267,79.82956893509865,97.32250675999074,12.543727006115695,314.7055926054424,-23.663101604278065,0.24690652960213225,0.4403201688802885,0.5618479880774963,0.6101080370201939,0.6756775194856142,0.7295574995351543,0.7919362322393131,174.01954885758298
2024-10-10,133.98,144.0,119.32,131.03,57916204.0,7622190354.07,6.5327,0.0229,115.06800000000001,96.46300000000001,86.5605,83.20700000000001,79.14266666666667,76.22091666666667,73.42384,115.06800000000001,96.46300000000001,86.5605,83.20700000000001,79.14266666666667,76.22091666666667,73.42384,100.92054904401107,89.60961401668932,100.0,93.93738611893325,85.54657914668013,11.310935027321747,5.1165730594009595,12.388723935841575,11.310935027321747,4.224802612932766,14.172264828777962,125.03283946890309,86.5605,48.08816053109691,82.44847714923289,80.67923652310851,85.98695840148164,82.5130438044653,80.72406055822087,86.09101029695415,14.750322095912843,215.48428122888598,-23.781965006729465,0.13871797545798994,0.3583446502804183,0.5137389455929667,0.5747473169324695,0.6556177030510302,0.7190819230504313,0.7845702431253937,100.22924377800094
2024-10-11,125.02,130.79,121.21,123.7,38857637.0,4864269342.27,4.383,-5.5941,122.58999999999999,101.241,88.922,84.76433333333333,79.99066666666667,76.63499999999999,73.71344,122.58999999999999,101.241,88.922,84.76433333333333,79.99066666666667,76.63499999999999,73.71344,104.42507996031705,92.13482779323085,87.22328743245599,87.99069045771917,78.22861117551588,12.290252167086194,6.551308880938007,11.477886572296375,12.290252167086194,5.465641005879448,13.649222322413493,130.4622529450271,88.922,47.381747054972905,76.89751625701129,79.4186631010761,71.85522256888166,77.09141041894375,79.51317717846183,72.2478768999076,13.853899896655962,146.20026378141154,-33.75185635209935,0.009054572151072793,0.22183700279531024,0.3911068127122648,0.45934020991533403,0.5464304168819696,0.6141449729235992,0.6781200280437325,56.23278410076175
2024-10-14,124.99,125.5,116.45,124.2,42710957.0,5213762423.49,4.8176,0.4042,126.774,106.10999999999999,91.397,86.32766666666667,80.84416666666667,77.02008333333333,73.9932,126.774,106.10999999999999,91.397,86.32766666666667,80.84416666666667,77.02008333333333,73.9932,107.4673753510375,94.51002573447302,86.10953193102142,87.86072772898369,77.20043705232487,12.957349616564485,7.832517028063303,10.249665177002365,12.957349616564485,6.618211561369454,12.678276110390064,135.20597389444538,91.397,47.58802610555462,73.08789080042239,77.30840566752487,64.64686106621744,73.5541678070014,77.52684072130836,65.60882197838748,12.980463551809422,111.20669158927637,-33.52031741688328,-0.020303847792134018,0.17048346055979663,0.3589067474862413,0.4387044709498306,0.5362889509653346,0.6125664193646463,0.6785326219166086,104.11635657916534
2024-10-15,124.0,124.3,116.99,117.0,35780323.0,4309667574.97,4.0359,-5.7971,125.38600000000001,109.998,93.43800000000002,87.686,81.61766666666668,77.33958333333334,74.25092,125.38600000000001,109.998,93.43800000000002,87.686,81.61766666666668,77.33958333333334,74.25092,108.93393298933943,96.17594975414168,66.03553062178588,78.94588500563698,72.22032935831913,12.757983235197742,8.817610269490192,7.880745931415099,12.757983235197742,7.562791818881498,10.390382832632486,138.05795616785207,93.43800000000002,48.81804383214797,67.16547664824965,73.92742932776646,53.641571289216046,67.476327985969,74.17666980952858,54.07564433884983,11.949470178753163,87.80091752276657,-44.67935165609583,-0.06688147002057654,0.06365570283096052,0.25216721248314367,0.3343065027484432,0.43351316912596516,0.5128087708428736,0.5757380514611807,55.03546738653024
2024-10-16,115.0,117.99,113.0,113.57,25167829.0,2892499502.88,2.8388,-2.9316,121.9,113.47999999999999,95.29650000000001,88.97566666666667,82.3105,77.63725,74.49136,121.9,113.47999999999999,95.29650000000001,88.97566666666667,82.3105,77.63725,74.49136,109.6471740679026,97.46439792050155,29.706457925636016,75.72316842389834,69.93291542945123,12.182776147401043,9.490643445072363,5.384265404657359,12.182776147401043,8.273558638653736,7.818435017494615,140.02466339905558,95.29650000000001,50.568336600944434,60.76216961735162,69.53900942429485,43.20849000346516,61.812971300018795,70.05543697302532,45.32803995400573,10.684111964434404,64.04774947946892,-49.51374207188161,-0.06833470057424128,0.0007930912936200512,0.19175415676336469,0.2764163984909731,0.3797753628030444,0.4628287323417561,0.5246063436081714,74.26388080254715
2024-10-17,121.94,122.0,116.18,116.18,33150593.0,3946806167.41,3.7393,2.2981,118.93000000000002,116.999,97.1605,90.33833333333334,82.9495,77.93841666666667,74.74008,118.93000000000002,116.999,97.1605,90.33833333333334,82.9495,77.93841666666667,74.74008,110.6522242113022,98.85073881527923,14.88151658767778,75.72316842389836,71.42086524975726,11.801485396022969,9.952811835262485,3.6973471215209663,11.801485396022969,8.816316601325925,5.970337589394088,142.11820244878697,97.1605,52.20279755121304,55.34946415295295,64.80916100051422,36.430070457830396,58.48272160741995,66.1978651844902,43.05243445327946,10.274273425446331,66.5304920658394,-48.177777777777756,-0.02312284537122689,-0.007000059829571094,0.19575341831299764,0.2860542774385182,0.400611215257476,0.4906641033893213,0.5544537816925001,125.50974972377745
2024-10-18,117.0,138.89,115.15,132.99,59997761.0,7608761533.95,6.7675,14.4689,120.78800000000001,121.68900000000001,99.85000000000001,92.28099999999999,83.889,78.38583333333332,75.05612,120.78800000000001,121.68900000000001,99.85000000000001,92.28099999999999,83.889,78.38583333333332,75.05612,114.08880510187109,101.3795729771104,52.587117212249225,80.0798580301686,77.0537454747981,12.709232124760689,10.504095893162127,4.410272463197124,12.709232124760689,9.41522668185435,6.588010885812679,146.68044803498975,99.85000000000001,53.01955196501028,55.56444202166986,61.727588007566105,43.238150049877376,63.38857205307583,65.26143414068541,59.64284787785667,12.722587348092448,89.81690773551969,-26.799727055612387,0.10101996887107989,0.09286788452530632,0.3318978467701552,0.441141730150302,0.585309158530916,0.6966075927835603,0.7718741656243354,386.25680052529634
2024-10-21,136.0,146.88,129.06,131.3,67436776.0,9145134078.33,7.6066,-1.2708,122.208,124.49100000000001,102.60999999999999,94.15766666666667,84.82133333333333,78.85083333333334,75.36908,122.208,124.49100000000001,102.60999999999999,94.15766666666667,84.82133333333333,78.85083333333334,75.36908,116.73668124004477,103.59590090473185,61.78660049627792,78.0716437897556,75.53270335371502,13.140780335312925,11.031432781592287,4.2186951074412775,13.140780335312925,9.988388782386437,6.304783105852977,150.04942309048317,102.60999999999999,55.17057690951678,54.12979608167349,59.19499069893524,43.99940684715,59.345882769277466,63.28958368354944,51.45848094073352,13.649389648439273,98.32908147545632,-48.73949579831928,0.07439774810159738,0.054694716887164506,0.279602377935874,0.39446955992254135,0.547959632796781,0.6651694655520445,0.7420937073930054,87.99487945948978
2024-10-22,128.0,132.0,125.0,128.11,37190535.0,4780590501.84,4.1949,-2.4296,124.43000000000002,124.90800000000002,105.1165,95.78166666666667,85.65283333333333,79.30716666666666,75.66576,124.43000000000002,124.90800000000002,105.1165,95.78166666666667,85.65283333333333,79.30716666666666,75.66576,118.48642258773019,105.41176009697394,55.59690810191814,73.95667046750285,73.31169416644126,13.074662490756253,11.440078723425081,3.269167534662344,13.074662490756253,10.46320012213564,5.222924737241225,152.3735392528705,105.1165,57.85946074712952,50.95272513276464,56.44756884354504,39.96303771120384,53.67223183684793,60.083799734648935,40.84909604124593,12.440409712359406,69.63733560200697,-57.675070028011156,0.029574861367837275,0.025634867262305037,0.218743013703843,0.3375210983312744,0.49568899258051413,0.6153647316446814,0.6931039878539514,78.1957322758193
2024-10-23,127.0,129.5,124.66,125.02,30178249.0,3840140979.17,3.404,-2.412,126.72,124.31000000000002,107.631,97.35333333333332,86.4255,79.75216666666667,75.94575999999999,126.72,124.31000000000002,107.631,97.35333333333332,86.4255,79.75216666666667,75.94575999999999,119.49158834346402,106.86422231201291,63.01103179753405,64.76902173913044,70.68161434977577,12.627366031451103,11.677536185030286,1.8996596928416345,12.627366031451103,10.79614872356879,3.662434615764628,153.40892522488002,107.631,61.853074775119964,45.79453615698674,52.89655794802562,31.59049257490898,47.607540626375595,55.92504669855782,30.972528482011143,11.058517037384968,58.54883939116556,-64.52184179456908,-0.013415404040404063,0.005711527632531409,0.1615612602317176,0.284188180510854,0.44656380350706676,0.5676063137260638,0.6461748489974951,78.33658477192498
2024-10-24,122.52,126.35,122.01,123.8,21396357.0,2665221787.74,2.4134,-0.9758,128.244,123.58700000000002,110.025,98.90266666666666,87.23383333333335,80.15641666666666,76.22096,128.244,123.58700000000002,110.025,98.90266666666666,87.23383333333335,80.15641666666666,76.22096,120.15442090600801,108.11872436297492,67.87836420831877,49.87075332348597,69.83632805550613,12.035696543033097,11.749168256630849,0.5730565728044965,12.035696543033097,10.98684838810176,2.0976963098626733,153.78369694009072,110.025,66.26630305990929,41.155428669789664,48.98284818861363,25.500589632141725,42.3640983160489,51.404730571054856,24.28283380603699,9.836968485133154,47.017519167087,-68.12278630460449,-0.03465269330339043,0.0017234822432778498,0.1251988184503521,0.25173571322647187,0.41917413541764154,0.5444802194043522,0.6242251475184777,90.65912041584112
2024-10-25,125.88,125.96,120.65,122.0,24973741.0,3064962783.47,2.8169,-1.454,126.046,123.417,112.329,100.42033333333333,88.00983333333333,80.55058333333334,76.49492,126.046,123.417,112.329,100.42033333333333,88.00983333333333,80.55058333333334,76.49492,120.43835615123756,109.14696700275455,60.46762589928056,40.79754601226995,70.65334773218143,11.291389148483006,11.65761243500128,-0.7324465730365475,11.291389148483006,11.033700812775798,0.5153766714144155,153.28981100142795,112.329,71.36818899857202,36.291734028580755,44.752476801936005,19.370248481870263,37.09751379275358,46.6356583116211,18.02122475501855,9.013883306018032,39.107966151878685,-73.43565525383707,-0.03209939228535619,-0.011481400455366778,0.0860953093146027,0.2148933980833895,0.3862087380387419,0.5145762445337143,0.5948771500120532,86.37575567467496
2024-10-28,121.0,124.21,120.48,122.57,19549656.0,2388163762.74,2.2051,0.4672,124.3,123.25399999999999,114.68199999999999,102.016,88.806,80.91233333333335,76.77764,124.3,123.25399999999999,114.68199999999999,102.016,88.806,80.91233333333335,76.77764,120.76630135873947,110.14126574329126,4.930795847750815,41.444174757281544,70.30325107003004,10.625035615448212,11.451097071090668,-1.6521229112849127,10.625035615448212,10.97082924395617,-0.6915872570159145,151.9802300130345,114.68199999999999,77.38376998696549,33.610073767971585,41.0383424572812,18.753536389352348,34.14726027742013,42.47285896688744,17.496062898485505,8.053177250378388,33.373697442942756,-71.75324675324677,-0.013917940466613066,-0.005549515634381014,0.06878150014823604,0.20147819949811782,0.38019953606738277,0.5148494049114881,0.5964283351246533,104.77159469759316
2024-10-29,123.33,132.17,121.6,126.53,38573519.0,4901726636.93,4.3509,3.2308,123.984,124.207,117.1025,103.69433333333333,89.67633333333333,81.30075000000001,77.0736,123.984,124.207,117.1025,103.69433333333333,89.67633333333333,81.30075000000001,77.0736,121.6530242266257,111.35524605860302,32.75488069414314,53.07141306707184,73.43467245747375,10.297778168022688,11.220433290477072,-1.8453102449087666,10.297778168022688,10.867282924581787,-1.1390095131181965,150.48834375387054,117.1025,83.71665624612947,34.36175313914778,38.81281268457006,25.459634048303215,36.07652849663507,40.34074881013666,27.5480878696319,8.510781386673225,49.65336549997711,-60.06493506493506,0.020534907730029736,0.018702649609120322,0.08050639397109365,0.22022096996621482,0.410963130368845,0.5563202061481596,0.6416775653401424,137.43369387975704
2024-10-30,124.8,128.56,124.01,125.19,26948598.0,3395250061.99,3.0397,-1.059,124.018,125.369,119.42450000000001,105.32066666666667,90.532,81.68358333333335,77.35231999999999,124.018,125.369,119.42450000000001,105.32066666666667,90.532,81.68358333333335,77.35231999999999,122.19717434560637,112.38004264685463,37.81302170283801,51.055212108292466,72.25987169061172,9.817131698751737,10.939772972132005,-2.245282546760535,9.817131698751737,10.70572119753101,-1.777178997558547,147.63826631138855,119.42450000000001,91.21073368861147,33.45516182593043,37.02692906502352,26.31162734774425,34.59834539758863,38.42661433928732,26.941807514191254,7.790639316369002,42.00978165708902,-68.35802080050428,0.009450241094034712,-0.0014277851781541054,0.04827736352256018,0.18865559782505487,0.3828259620907525,0.5326213039543847,0.6184388522542054,89.90033579641089
2024-10-31,125.65,129.78,124.38,128.42,34571786.0,4418374093.63,3.8996,2.5801,124.94200000000001,126.593,121.796,106.97133333333333,91.42233333333334,82.09341666666667,77.62975999999999,124.94200000000001,126.593,121.796,106.97133333333333,91.42233333333334,82.09341666666667,77.62975999999999,123.15453213859,113.56818763597651,64.026402640264,63.29762459245457,73.04653204565408,9.586344502613485,10.6690872782283,-2.1654855512296294,9.586344502613485,10.53350939831293,-1.8943297913988886,143.66790882820771,121.796,99.92409117179231,32.328693742539464,35.46085062419551,26.064379979227382,37.00610357107861,37.95311074988442,35.112089213467,7.35597762248373,50.823124476347736,-58.17838008194143,0.027836916329176578,0.014432077603026897,0.05438602252947536,0.2005085474613135,0.4046895908002054,0.5643154495742145,0.6542624890248276,129.01204562385217
2024-11-01,127.0,129.7,123.81,123.88,26503845.0,3347434258.13,2.9895,-3.5353,125.31799999999998,125.68199999999999,123.68549999999998,108.46066666666667,92.162,82.48758333333333,77.8884,125.31799999999998,125.68199999999999,123.68549999999998,108.46066666666667,92.162,82.48758333333333,77.8884,123.26614257880692,114.33202558886715,50.25906735751295,61.70261066969353,70.49055324917393,8.934116989939767,10.322093220570594,-2.775952461261653,8.934116989939767,10.287449027793981,-2.706664075708428,137.68044115367016,123.68549999999998,109.6905588463298,31.247358417467133,34.05635322195272,25.62936880849597,28.963665006981692,34.95662883558351,16.977737349778053,7.089436236577594,23.781612938239284,-87.12121212121215,-0.011474808088223466,-0.01433777310991226,0.0015725367969569534,0.14216520889293194,0.3441548577504827,0.5018017863294576,0.590480739108776,69.7726649459017
2024-11-04,121.99,124.84,121.5,124.45,20141749.0,2479943695.47,2.2719,0.4601,125.694,124.997,124.744,110.07233333333333,92.9085,82.88833333333334,78.14959999999999,125.694,124.997,124.744,110.07233333333333,92.9085,82.88833333333334,78.14959999999999,123.44827448975971,115.081505174877,58.62068965517243,59.842894548916924,69.97154927148891,8.366769314882717,9.93102843943302,-3.1285182491006047,8.366769314882717,9.991959841192248,-3.250381052619062,134.92260377148042,124.744,114.56539622851959,32.151788987749704,33.42149847721838,29.61237000881235,30.62932671409274,33.51419479508659,24.859590552105047,6.40772055719985,-28.61713473160302,-66.03934987168516,-0.009897051569685107,-0.004376105026520613,-0.0023568267812479715,0.13062016795016612,0.3394899282627531,0.501417569822854,0.5924585666465345,104.69767622997566
2024-11-05,124.0,131.5,123.35,129.28,33088970.0,4266204172.16,3.7323,3.8811,126.244,125.11399999999999,125.011,111.78233333333334,93.76366666666667,83.32766666666667,78.43808,126.244,125.11399999999999,125.011,111.78233333333334,93.76366666666667,83.32766666666667,78.43808,124.34546302979669,116.13324553229351,68.16459122902006,43.822843822843815,71.02088360096513,8.212217497503175,9.587266251047051,-2.7500975070877516,8.212217497503175,9.718153326778545,-3.0118716585507386,135.37919001612525,125.011,114.64280998387474,46.527197791091794,37.79006491517619,64.001463542923,45.51222294198715,37.51353751072011,61.50959380452122,6.724498637708969,45.66662909951516,-24.721984602224044,0.024048667659453134,0.033297632559106186,0.034148994888449864,0.15653338184030266,0.3787856703556104,0.5514654996539764,0.6481790477278383,146.340463038646
2024-11-06,131.24,136.95,127.4,133.19,35428268.0,4684275605.81,3.9962,3.0244,127.84400000000001,125.931,125.12049999999999,113.73100000000001,94.75333333333334,83.83008333333332,78.72691999999999,127.84400000000001,125.931,125.12049999999999,113.73100000000001,94.75333333333334,83.83008333333332,78.72691999999999,125.70616102521258,117.3967088261977,68.07817589576547,52.930232558139515,71.41802067946824,8.309452199014885,9.331703440640618,-2.044502483251467,8.309452199014885,9.501430076353367,-2.3839557546769647,135.79669186000007,125.12049999999999,114.44430813999992,56.741669606123544,44.10726647882531,82.01047586072002,56.06501970672045,43.69736490938689,80.80032930138756,7.238226158125517,126.40084926839361,-22.82938676381296,0.04181658896780443,0.05764267733917781,0.06449382794985638,0.17109671065936277,0.405649757264476,0.5888091089018364,0.6917974182147607,134.7109053457312
2024-11-07,132.0,143.99,131.0,141.75,38119247.0,5273647359.34,4.2997,6.4269,130.51,127.726,125.65650000000001,115.92533333333334,95.868,84.41116666666667,79.05352,130.51,127.726,125.65650000000001,115.92533333333334,95.868,84.41116666666667,79.05352,128.17444394441065,119.20065632055342,82.29329173166929,68.12865497076021,72.20714969677624,8.973787623857234,9.260120277283942,-0.5726653068534162,8.973787623857234,9.420254314430885,-0.8929333811473015,138.44862138285268,125.65650000000001,112.86437861714734,67.98515957578235,52.06656417781099,99.82235037172507,67.53405964284694,51.642929820540246,99.31631928746032,8.284003220284516,215.10274820500135,-9.52786048490008,0.08612366868439207,0.10979753534910669,0.12807534827088127,0.2227698288553551,0.4785955689072475,0.679280190022252,0.7930890363895243,186.42943631668663
2024-11-08,145.88,149.8,135.69,136.99,49663550.0,7130097684.88,5.6018,-3.358,133.132,129.225,126.321,117.961,96.95716666666667,84.95524999999999,79.36372,133.132,129.225,126.321,117.961,96.95716666666667,84.95524999999999,79.36372,129.53068333757824,120.5183854819939,65.77107103422898,65.23288368541616,64.93046328284171,9.012297855584336,9.210555792944021,-0.3965158747193698,9.012297855584336,9.357491782300647,-0.6903878534326218,140.03285718159188,126.321,112.60914281840812,63.56843382790673,55.90052072784291,78.90426002803436,63.792601835567815,55.6928204922161,79.99216452227125,9.34327536205097,197.70230444117246,-43.69031377899045,0.028978757924465973,0.060088992068098396,0.08445943271506726,0.16131602817880494,0.41289194713129346,0.6124959905361943,0.7261035647018563,71.06536338125225
2024-11-11,133.5,142.97,131.1,139.05,57710412.0,7782626091.01,6.5095,1.5038,136.052,130.873,127.0635,120.07900000000001,98.06833333333334,85.52083333333333,79.66872000000001,136.052,130.873,127.0635,120.07900000000001,98.06833333333334,85.52083333333333,79.66872000000001,130.99519359333544,121.89109766851287,80.72093965168088,69.00074757039624,58.012514582670484,9.104095924822573,9.189263819319732,-0.17033578899431845,9.104095924822573,9.318507804227096,-0.42882375880904533,141.85733979193452,127.0635,112.26966020806549,63.05033397714396,58.28379181094326,72.58341830954535,63.19977931558468,58.19514010000563,73.20905774674276,9.802679841678067,132.43519059186892,-37.98586572438161,0.022035692235321928,0.06248041994911113,0.09433472240257829,0.15798765812506768,0.4178888870005608,0.6259196102314253,0.745352504722054,116.09707425312688
2024-11-12,136.0,137.39,129.32,129.41,44724908.0,5922228425.5,5.0448,-6.9328,136.078,131.161,127.68400000000001,121.78866666666666,99.025,85.99475000000001,79.93848,136.078,131.161,127.68400000000001,121.78866666666666,99.025,85.99475000000001,79.93848,130.75131765589921,122.44805339677117,57.34597156398104,57.72357723577235,49.17931248064416,8.303264259128042,9.012063907281394,-1.4175992963067046,8.303264259128042,9.162316489596472,-1.7181044609368605,141.72233608373696,127.68400000000001,113.64566391626306,51.350399329874534,55.972660983920356,42.10587602178289,51.45002955550167,55.946769918504316,42.4565488294964,9.789465325009331,52.318882644221006,-72.04946996466434,-0.04900130807331094,-0.013350004955741453,0.013517746937752456,0.06257834609679067,0.3068417066397373,0.5048593082717256,0.6188699109615294,48.74930629634948
2024-11-13,127.44,132.9,127.1,131.51,28514184.0,3719590398.99,3.2163,1.6227,135.74200000000002,131.793,128.581,123.54733333333333,99.98849999999999,86.47508333333333,80.20531999999999,135.74200000000002,131.793,128.581,123.54733333333333,99.98849999999999,86.47508333333333,80.20531999999999,130.8680380165301,123.11930870071406,53.59329680953914,59.03030303030303,50.242571255306245,7.74872931581605,8.759396988988325,-2.02133534634455,7.74872931581605,8.9448415397841,-2.3922244479361012,141.02410656759724,128.581,116.13789343240273,46.023941131577125,52.65642103313928,32.75898132845282,46.090361281995214,52.66130037300128,32.948483099983065,9.064107993189454,23.653890357430228,-64.62897526501771,-0.031176791265783817,-0.0021473067613607356,0.022779415310193594,0.06445033212641846,0.3152512538941979,0.520784888903451,0.6396667951701959,117.4652495335171
2024-11-14,129.8,132.9,126.38,126.7,29596901.0,3833863239.74,3.3384,-3.6575,132.73200000000003,131.62099999999998,129.10700000000003,125.071,100.875,86.91533333333334,80.45459999999999,132.73200000000003,131.62099999999998,129.10700000000003,125.071,100.875,86.91533333333334,80.45459999999999,130.2268013986024,123.38454509325375,39.83714375195741,50.168818272095336,51.555693839452395,6.842256305348641,8.375968852260389,-3.067425093823495,6.842256305348641,8.621366888332492,-3.5582211659677014,140.1539488047464,129.10700000000003,118.06005119525368,36.80748018901373,47.3734407517641,15.675559063512992,36.85176028929246,47.39145367843168,15.77237351101401,8.601542903518645,-11.33739788053593,-81.62544169611307,-0.04544495675496507,-0.037387650906770035,-0.018643450781135218,0.013024602026049244,0.2560099132589839,0.45774048307548343,0.5748011922251808,68.89351941237098
2024-11-15,126.21,128.61,121.9,121.9,23103805.0,2891839473.59,2.606,-3.7885,129.714,131.423,128.55249999999998,126.26466666666667,101.6805,87.331,80.6756,129.714,131.423,128.55249999999998,126.26466666666667,101.6805,87.331,80.6756,128.94575502958662,123.27457879004976,14.767483138090157,46.94294740754507,48.8582208101668,5.671176239536862,7.835010329715684,-4.327668180357643,5.671176239536862,8.167491403902394,-4.992630328731064,139.88833396045024,128.55249999999998,117.21666603954971,24.538320126009157,39.76173387651245,-5.908507374997427,25.038982713474134,39.940630023445834,-4.76431190646926,8.257626011969801,-75.35022758675227,-98.58657243816252,-0.06024022079343782,-0.07246068039840817,-0.05174928531144844,-0.03456760138756156,0.19885327078446716,0.3958388201211483,0.5109896920506324,67.96274433360395
2024-11-18,122.9,126.79,121.35,123.11,25210401.0,3119928327.02,2.8436,0.9926,126.526,131.289,128.143,126.92566666666667,102.45566666666666,87.75266666666667,80.90444000000001,126.526,131.289,128.143,126.92566666666667,102.45566666666666,87.75266666666667,80.90444000000001,128.04794656349637,123.2623877685646,21.811535337124255,44.87352770805176,53.22495513564869,4.785558794931774,7.225120022758902,-4.879122455654256,4.785558794931774,7.647194079445375,-5.723270569027203,139.65133674936533,128.143,116.63466325063467,18.420977330637626,32.64814836122085,-10.033364730528817,18.754752388947615,32.87867081194643,-9.49308445705001,7.745330373429839,-77.17444130290608,-93.81370826010543,-0.026998403490191714,-0.062297679165809694,-0.039276433359606074,-0.03006221489218103,0.20159288407669018,0.4029203291068077,0.5216717401418264,110.38149121072729
2024-11-19,123.22,127.78,122.37,127.2,21612836.0,2702243035.53,2.4378,3.3222,126.08400000000002,131.081,128.09750000000003,127.03433333333334,103.29500000000002,88.21833333333333,81.14136,126.08400000000002,131.081,128.09750000000003,127.03433333333334,103.29500000000002,88.21833333333333,81.14136,127.91749324603539,123.55406274867092,27.767354596622866,53.23334631865992,57.14435475416711,4.363430497364476,6.652782117680017,-4.578703240631082,4.363430497364476,7.141999682202161,-5.55713836967537,139.6135791481875,128.09750000000003,116.58142085181252,19.134781606482502,28.143692776308068,1.1169592668313655,19.357298312022493,28.37154664530512,1.32880164545724,7.320724850988049,-41.426570707110336,-79.43760984182775,0.008851242029123324,-0.02960764717998784,-0.007006381857569601,0.0013041093877508177,0.23142456072413944,0.4418771608320266,0.5676345577643755,138.65572308976542
2024-11-20,127.21,129.75,125.1,126.54,19706599.0,2500334603.53,2.2228,-0.5189,125.09,130.416,128.17350000000002,126.88566666666667,104.12333333333335,88.70883333333333,81.37231999999999,125.09,130.416,128.17350000000002,126.88566666666667,104.12333333333335,88.70883333333333,81.37231999999999,127.70557120818378,123.77524328580641,41.87889077532543,52.03188800311103,55.54366438356165,3.930327922377373,6.108291278619489,-4.355926712484232,3.930327922377373,6.647896334536809,-5.435136824318873,139.62393924691622,128.17350000000002,116.72306075308381,18.837364656225603,25.041583402947246,6.4289271627823155,18.985709126585597,25.242934139065284,6.471259101626224,6.835138514444768,-20.903804693376152,-81.75746924428819,0.011591654009113462,-0.029720279720279647,-0.0127444440543483,-0.002724237305500694,0.21528956045715006,0.4264644821165875,0.5550742562089913,94.9308103469703
2024-11-21,125.6,131.44,125.51,128.5,26084975.0,3367446920.31,2.9423,1.5489,125.45,129.09099999999998,128.4085,126.80133333333333,105.00416666666666,89.19083333333333,81.62631999999999,125.45,129.09099999999998,128.4085,126.80133333333333,105.00416666666666,89.19083333333333,81.62631999999999,127.82779102230936,124.12522526463556,41.41471762692528,49.196869851729815,47.14340246850744,3.7025657576737956,5.62714617443035,-3.8491608335131087,3.7025657576737956,6.1947685534809604,-4.98440559161433,139.67240840834253,128.4085,117.14459159165749,23.581986551575632,24.555051119156712,21.63585741641348,21.03440948216427,23.84009258676495,15.423043272962914,6.670567875454809,-3.0626862722498736,-74.86818980667837,0.024312475089677137,-0.0045781657900239355,0.0007125696507629663,0.01339628395074711,0.22376096186659264,0.4407310168272151,0.5742471300923527,116.61461302206135
2024-11-22,128.7,132.22,123.17,123.9,25715458.0,3291711791.39,2.9006,-3.5798,125.85,127.782,128.50349999999997,126.808,105.78616666666667,89.63683333333333,81.86184,125.85,127.782,128.50349999999997,126.808,105.78616666666667,89.63683333333333,81.86184,127.22351548041561,124.10854191169959,41.916859122401846,40.56852791878173,45.4601226993865,3.1149735687160245,5.124711653287485,-4.019476169142921,3.1149735687160245,5.720953940440201,-5.211960743448353,139.57015408475067,128.50349999999997,117.43684591524928,21.020576238041304,23.376892825451577,16.307943063220762,17.954484520641138,21.878223231390347,10.10700709914272,7.103191898099389,-40.882364547571115,-88.20536540240514,-0.015494636471990375,-0.030379865708785203,-0.035823926974751424,-0.022932307109961525,0.17123064294795945,0.38224427830077307,0.5135257160112697,69.45152512388066
2024-11-25,124.05,125.2,116.17,118.26,28093648.0,3338292520.06,3.1688,-4.5521,124.88,125.703,128.288,126.60999999999999,106.46883333333334,90.04283333333333,82.07328,124.88,125.703,128.288,126.60999999999999,106.46883333333334,90.04283333333333,82.07328,125.84451309881321,123.67531658490704,39.977973568281925,24.649255342110933,44.133412745681945,2.169196513906172,4.5336086254112224,-4.7288242230101005,2.169196513906172,5.174529720973427,-6.01066641413451,139.99072590827288,128.288,116.58527409172714,18.17789362273087,21.643893091211343,11.245894685769926,15.25272263675794,19.669723033179547,6.4187218439147244,7.4535206438995,-146.72285498602199,-90.15080113100846,-0.05301089045483657,-0.05921099735089853,-0.07816787228735349,-0.06595055682805451,0.1107475896702165,0.31337493081996165,0.44090744271460836,62.75750695239505
2024-11-26,117.97,119.45,117.11,118.1,12471761.0,1477502869.55,1.4068,-0.1353,123.06000000000002,124.572,127.8665,126.64666666666666,107.16633333333333,90.44775,82.27152000000001,123.06000000000002,124.572,127.8665,126.64666666666666,107.16633333333333,90.44775,82.27152000000001,124.65304954514963,123.26233017121022,35.359438924605485,27.36640306733763,45.72944951863737,1.3907193739394046,3.905030775116859,-5.028622802354909,1.3907193739394046,4.592405052198962,-6.403371356519115,140.4126846160896,127.8665,115.3203153839104,15.963983275883127,19.75058981943527,8.390770188778845,14.013869285234506,17.7844384505312,6.472730954641115,6.523789617735955,-155.0716382371661,-88.46383741781236,-0.04030554201202683,-0.05195389011977016,-0.07638044366585468,-0.06748433963257357,0.10202520070046875,0.30572623420704215,0.43549067769745814,98.65525637241734
2024-11-27,116.9,123.8,116.3,123.2,20835993.0,2525283702.33,2.3502,4.3184,122.39200000000001,123.74099999999999,127.76700000000001,126.96766666666667,107.97166666666666,90.88025,82.49464,122.39200000000001,123.74099999999999,127.76700000000001,126.96766666666667,107.97166666666666,90.88025,82.49464,124.42950346128046,123.25771312149095,38.96247240618102,32.29841411659592,49.64664310954064,1.17179033978951,3.3583826880513894,-4.373184696523759,1.17179033978951,4.0661566349052,-5.78873259023138,140.4335462413462,127.76700000000001,115.10045375865381,25.242863201575254,21.58134761348193,32.56589437776189,23.349353781309954,19.639410227457454,30.769240889014952,6.701282414511235,-102.46187556498825,-57.97967722653915,0.00660173867573038,-0.0043720351379088794,-0.0357447541227391,-0.029674221520964685,0.14104008767732282,0.3556300736408625,0.49343036105133614,152.61882377556705
2024-11-28,123.95,128.8,122.44,126.0,21344884.0,2697715246.56,2.4076,2.2727,121.89200000000001,123.671,127.646,127.295,108.81666666666666,91.33766666666666,82.73375999999999,121.89200000000001,123.671,127.646,127.295,108.81666666666666,91.33766666666666,82.73375999999999,124.67111831339116,123.46084548286198,48.66732477788745,45.50487740574743,52.32828870779976,1.2102728305291777,2.928760716546947,-3.436975772035539,1.2102728305291777,3.626789895770427,-4.833034130482499,140.33250074104686,127.646,114.95949925895314,37.24394410738454,26.80221311144947,58.127406099254685,35.98160449387434,25.086808316263085,57.77119684909686,6.639231066418286,-32.101260077663966,-38.753894080996886,0.033701965674531466,0.018832224207777033,-0.012895037839023555,-0.010173219686554866,0.15791085924337575,0.37949659322732865,0.5229574964319283,125.19828299927704
2024-11-29,125.61,129.0,123.1,125.81,21307453.0,2691220262.3,2.4034,-0.1508,122.274,124.06200000000001,127.74250000000002,127.05566666666667,109.66833333333332,91.78991666666666,82.97252,122.274,124.06200000000001,127.74250000000002,127.05566666666667,109.66833333333332,91.78991666666666,82.97252,124.84633088056174,123.63485692857591,42.7257977285019,42.087729039422555,51.89429373246025,1.2114739519858233,2.5853033636347225,-2.7476588232977983,1.2114739519858233,3.255202827495873,-4.087457751020099,140.33741605872254,127.74250000000002,115.14758394127749,44.85006450357309,32.81816357549067,68.91386635973791,44.008504761232956,31.394040464586375,69.23743335452612,6.504825417978599,-29.041022348456103,-39.93769470404983,0.028918658095752173,0.014089729328883867,-0.015128089711724904,-0.009804101614253057,0.14718621297548684,0.37062985313383207,0.516285150794504,98.50225488048709
2024-12-02,126.45,130.33,126.04,126.89,18385640.0,2352106581.7,2.0738,0.8584,124.0,124.44000000000001,127.86449999999999,126.90866666666666,110.53316666666666,92.25675,83.20732,124.0,124.44000000000001,127.86449999999999,126.90866666666666,110.53316666666666,92.25675,83.20732,125.16074151432147,123.87597863757028,59.98663994655976,50.294208733353976,50.21781219748305,1.2847628767511878,2.325195266258016,-2.0808647790136563,1.2847628767511878,2.9520582196889986,-3.3345906858756216,140.3720984905157,127.86449999999999,115.35690150948429,52.16380208857105,39.26670974651746,77.95798677267823,51.6027622603443,38.13028106317235,78.54772465468821,6.143948069255219,-6.423595403962963,-33.208722741433014,0.02330645161290323,0.01968820315011241,-0.0076213491625900225,-0.0001470874066913822,0.14798122433839625,0.3754007159367743,0.5249860228643346,108.92369121325369
2024-12-03,127.65,127.87,123.79,125.37,15904401.0,2004001475.5,1.794,-1.1979,125.454,124.25700000000002,127.66900000000001,126.81733333333334,111.29950000000001,92.72399999999999,83.4404,125.454,124.25700000000002,127.66900000000001,126.81733333333334,111.29950000000001,92.72399999999999,83.4404,125.19293512750279,123.98664688663915,82.76497695852532,55.98069631161669,50.108669403525724,1.2062882408636426,2.1014138611791413,-1.7902512406309974,1.2062882408636426,2.6834782229466363,-2.9543799641659874,140.20563750771916,127.66900000000001,115.13236249228085,53.88282548376182,44.13874832559892,73.37097980008762,53.50879893161065,43.256453685985115,74.01348942286172,5.768684783936088,-35.19934650171688,-42.67912772585667,-0.0006695681285569928,0.00895724184552971,-0.018007503779304344,-0.011412740634823837,0.12642015462782846,0.35207713213407554,0.5025095756971444,88.6466411735508
2024-12-04,128.51,133.7,127.0,128.89,30252123.0,3927942876.59,3.4123,2.8077,126.59200000000001,124.492,127.454,126.94633333333334,112.14983333333335,93.23025,83.68664,126.59200000000001,124.492,127.454,126.94633333333334,112.14983333333335,93.23025,83.68664,125.76171433865622,124.34985822836958,87.96622097114711,59.2273307790549,50.28275779087956,1.4118561102866352,1.9635023110006402,-1.10329240142801,1.4118561102866352,2.4878440517681746,-2.151975882963079,139.7368890823974,127.454,115.17111091760259,60.1089914710152,49.462162707404346,81.40264899823691,59.859640436247744,48.790849269405996,81.99722276993126,6.234378459584069,29.6058839430983,-27.43867655447807,0.018152805864509392,0.03532757124955806,0.01126680998634796,0.015310931916111353,0.14926608599507477,0.3824911978676448,0.5401502557636438,131.9033963569234
2024-12-05,127.6,129.8,126.76,128.02,15278465.0,1952056237.88,1.7233,-0.675,126.99600000000001,124.444,126.76750000000001,127.087,112.99483333333333,93.70191666666666,83.92948000000001,126.99600000000001,124.444,126.76750000000001,127.087,112.99483333333333,93.70191666666666,83.92948000000001,126.10914290193989,124.62172058182368,74.14829659318653,51.4590747330961,52.60574018126889,1.4874223201162096,1.8682863128237541,-0.7617279854150891,1.4874223201162096,2.3339330161294107,-1.6930213920264023,137.05953652293488,126.76750000000001,116.47546347706516,62.60546189339789,53.84326243606887,80.12986080805592,62.43922787021958,53.34030880301053,80.63706600463769,5.65358237602333,14.237986236119887,-32.40159726183675,0.00806324608649092,0.028735816913631897,0.009880292661762657,0.007341427526025533,0.13297215654403088,0.36624739977748605,0.5253281683622965,93.4514386792642
2024-12-06,128.6,132.4,126.3,129.81,18389273.0,2379502663.71,2.0742,1.3982,127.796,125.03500000000001,126.4085,127.34733333333334,113.88383333333334,94.19249999999998,84.195,127.796,125.03500000000001,126.4085,127.34733333333334,113.88383333333334,94.19249999999998,84.195,126.67850553241068,125.00603757576268,71.23745819398007,55.5935682517961,53.322588643689556,1.6724679566480063,1.8291226415886046,-0.3133093698811966,1.6724679566480063,2.2321691608245793,-1.119402408353146,135.64604643888072,126.4085,117.17095356111929,67.61820064923846,58.4349085071254,85.98478493346457,67.56264174044304,58.08108644882137,86.52575232368639,5.734749216746362,56.5244932432431,-22.190530519110034,0.015759491689880712,0.0381893069940416,0.026908791734733015,0.01933818794792193,0.13984571998074055,0.3781352018472811,0.5417780153215751,114.89556644427618
2024-12-09,129.99,130.76,127.27,128.99,14026247.0,1807958203.76,1.5821,-0.6317,128.216,126.10800000000002,125.9055,127.56133333333332,114.78866666666666,94.66791666666667,84.44172,128.216,126.10800000000002,125.9055,127.56133333333332,114.78866666666666,94.66791666666667,84.44172,127.03412006588596,125.30114590348397,66.56250000000014,50.87219651121397,49.81082844096543,1.7329741624019874,1.8098929457512813,-0.15383756669858784,1.7329741624019874,2.1553699302980265,-0.8447915357920781,133.11842254075273,125.9055,118.69257745924726,69.38914526041188,62.08632075822089,83.99479426479385,69.3521059878816,61.83809296184145,84.38013203996191,5.32661299551975,63.955526210679736,-27.068965517241274,0.006036688088850072,0.022853427221111985,0.024498532629630997,0.011199841122179288,0.12371720785443412,0.36255243108585716,0.5275624418829934,93.85964955963043
2024-12-10,137.0,137.88,130.01,130.3,24668777.0,3284302074.28,2.7825,1.0156,129.20200000000003,127.328,125.95,127.687,115.69066666666667,95.14425,84.67996000000001,129.20200000000003,127.328,125.95,127.687,115.69066666666667,95.14425,84.67996000000001,127.53656313267274,125.67143139211478,67.34486266531043,62.90322580645165,48.04861580013505,1.8651317405579562,1.8209407047126163,0.0883820716906798,1.8651317405579562,2.1107179011072463,-0.49117232109858033,133.26422838323066,125.95,118.63577161676936,63.2283420907064,62.46699453571607,64.75103720068705,67.85969870925196,63.84529487764495,75.88850637246595,5.974501541788884,152.42643132751053,-35.12511584800734,0.008498320459435493,0.023341291781854803,0.03453751488685993,0.02046410362840394,0.1262792734648719,0.36949947054078425,0.5387347844755713,110.63275554869855
2024-12-11,129.39,130.42,123.88,124.38,25269114.0,3178328581.29,2.8503,-4.5434,128.3,127.446,125.59350000000002,127.66000000000001,116.49033333333334,95.56774999999999,84.89508000000001,128.3,127.446,125.59350000000002,127.66000000000001,116.49033333333334,95.56774999999999,84.89508000000001,127.05093803533848,125.5757698075137,46.52143359100487,62.20095693779904,37.837837837837824,1.4751682278247813,1.7517862093350494,-0.5532359630205361,1.4751682278247813,2.0129410282945592,-1.0755456009395559,132.44722975677473,125.59350000000002,118.73977024322531,45.03901200273526,56.65766702472247,21.801701958760844,49.42805475262738,59.03954816930576,30.20506791927062,6.077319443281812,0.38122963887054906,-87.43523316062178,-0.030553390491036753,-0.02405724777552848,-0.009662124234136515,-0.025693247689174487,0.06772808044158161,0.3014850721085304,0.46510257131508664,62.81471123892444
2024-12-12,123.88,127.68,123.8,126.8,15825641.0,1992953428.38,1.7851,1.9457,128.05599999999998,127.52600000000002,125.59849999999999,127.606,117.28866666666666,96.00250000000001,85.1152,128.05599999999998,127.52600000000002,125.59849999999999,127.606,117.28866666666666,96.00250000000001,85.1152,127.01233218374794,125.66645352547565,42.04112718964207,65.91075347476229,42.62342551035181,1.345878658272298,1.6706046991224992,-0.6494520817004026,1.345878658272298,1.9103160482911345,-1.1288747800376733,132.45577358740945,125.59849999999999,118.74122641259054,37.14689752157746,50.15407719034081,11.132538184050759,41.2966463348594,53.12524755782364,17.639443888930927,5.677806817230575,0.2631137241031896,-74.96617050067658,-0.009808208908602378,-0.005692956730392449,0.009566197048531712,-0.0063163174145416156,0.08109337077182797,0.32079893752766836,0.48974566234938055,121.25146949152872
2024-12-13,125.29,127.86,123.4,123.81,20089117.0,2512476342.5,2.266,-2.358,126.85600000000002,127.326,125.694,127.60366666666667,118.03216666666667,96.40658333333334,85.32284000000001,126.85600000000002,127.326,125.694,127.60366666666667,118.03216666666667,96.40658333333334,85.32284000000001,126.51966569394057,125.5289384495145,36.19672131147539,51.20887831946096,39.11428571428571,0.9907272444260684,1.5346292081832131,-1.0878039275142894,0.9907272444260684,1.768840847696509,-1.556227206540881,132.38559535693875,125.694,119.00240464306124,25.708428918620697,42.00552776643411,-6.885768777006135,28.474928127475327,44.908474414374204,-4.392164446322425,5.4563873959159235,-30.63412830467763,-97.16850828729284,-0.024011477580879265,-0.027614155789076788,-0.014988782280777128,-0.029730075677031224,0.04895134518415178,0.2842483958996575,0.4510768746094244,78.77069921033349
2024-12-16,122.01,124.9,119.5,123.42,16153504.0,1983537599.51,1.822,-0.315,125.742,126.979,125.7095,127.56933333333333,118.82083333333334,96.81091666666666,85.52568000000001,125.742,126.979,125.7095,127.56933333333333,118.82083333333334,96.81091666666666,85.52568000000001,126.04279404871895,125.3727207865875,26.93140794223828,44.347063978965814,45.06995884773662,0.6700732621314529,1.3617180189728613,-1.3832895136828167,0.6700732621314529,1.5997996806865005,-1.8594528371100951,132.37728737071035,125.7095,119.04171262928966,24.248129253690553,36.086394928852926,0.571597903365813,26.09246205959364,38.63647029611402,1.004445586552876,5.44613514211303,-93.74964762130263,-78.67247007616973,-0.018466383547263467,-0.028028256640861855,-0.018212625139707055,-0.032526103452240336,0.03870673633271378,0.2748562274743466,0.4430753429847034,96.89429001544602
2024-12-17,123.5,123.89,121.42,121.81,11427136.0,1400080158.72,1.2889,-1.3045,124.04400000000001,126.623,125.43999999999998,127.32033333333332,119.55133333333333,97.1865,85.72152,124.04400000000001,126.623,125.43999999999998,127.32033333333332,119.55133333333333,97.1865,85.72152,125.39159496430065,125.10881554313657,25.478142076502735,41.74917491749173,41.951543312313305,0.2827794211640793,1.145930299411105,-1.7263017564940513,0.2827794211640793,1.3971811792215125,-2.2288035161148665,132.28741979833927,125.43999999999998,118.59258020166071,20.354755737498458,30.84251519840144,-0.6207631843075063,21.58431094143385,32.9524171778873,-1.1519015314730439,4.905019661728843,-88.46472196443366,-87.43199129488572,-0.018009738479894302,-0.038010472031147595,-0.028938137755101893,-0.043279287675966824,0.018892860528531705,0.2533633786585586,0.4209967345422714,87.69483416605802
2024-12-18,121.5,122.86,120.71,121.2,14308466.0,1739968744.49,1.6139,-0.5008,123.40799999999999,125.85400000000001,125.173,126.92066666666668,120.32583333333334,97.58300000000001,85.90396,123.40799999999999,125.85400000000001,125.173,126.92066666666668,120.32583333333334,97.58300000000001,85.90396,124.74673420056209,124.81927365105238,17.360114777618364,38.03113167858643,45.09454156261148,-0.07253945049029653,0.9022363494308246,-1.9495515998422424,-0.07253945049029653,1.1710703131120033,-2.4872195272045996,132.25233716789884,125.173,118.09366283210116,16.65289845684519,26.112642951216024,-2.266590531896483,17.47260192613545,27.792478760636683,-3.16715174286702,4.404106995959962,-94.1048374552811,-90.75081610446135,-0.01789187086736666,-0.03697935703275232,-0.03174007174071085,-0.04507277511936595,0.007264995740731769,0.24201961407212308,0.41087791529051754,95.10355829680476
2024-12-19,120.55,130.89,119.52,128.78,33519717.0,4248731813.13,3.7809,6.2541,123.804,125.93000000000002,125.18699999999998,126.48833333333332,121.20683333333334,98.06316666666667,86.12644,123.804,125.93000000000002,125.18699999999998,126.48833333333332,121.20683333333334,98.06316666666667,86.12644,125.36723663124485,125.11266078801147,64.10256410256412,55.715722427086824,55.84636301835487,0.25457584323338267,0.7727042481913363,-1.0362568099159073,0.25457584323338267,1.0300711638999078,-1.5509906413330503,132.29508909104743,125.18699999999998,118.07891090895254,27.931819863504344,26.719035255312136,30.357389079888762,28.478288843031184,28.02108212143485,29.39270228622385,5.670632996694513,21.014657583992886,-49.51033732317735,0.04019256243740105,0.022631620741681725,0.028701063209438826,0.018117612955081647,0.06248135074892641,0.3132351766463452,0.49524350478203905,183.42478101567534
2024-12-20,128.0,133.28,127.78,131.06,33184363.0,4349429404.77,3.7431,1.7705,125.25399999999999,126.05499999999999,125.545,126.29066666666668,122.12583333333333,98.54991666666666,86.32932,125.25399999999999,126.05499999999999,125.545,126.29066666666668,122.12583333333333,98.54991666666666,86.32932,126.24304638028411,125.55320443334395,63.777490297542066,53.79503322840158,56.634952428642976,0.6898419469401631,0.7561317879411018,-0.13257968200187742,0.6898419469401631,0.9777282074445625,-0.5757725210087987,133.08808187748735,125.545,118.00191812251265,39.5860300722238,31.008033527616025,56.742023161439356,39.9503427252417,31.997502322703802,55.856023530317486,5.639608815477328,112.8006833885187,-37.10554951033729,0.046353809059990196,0.039704890722303834,0.043928471862678724,0.03776473320804906,0.0731554202973709,0.329884432508399,0.5181400710673965,119.1838550207737
2024-12-23,132.09,141.5,131.06,136.7,49768040.0,6872295632.43,5.6136,4.3034,127.91,126.826,126.46700000000001,126.21233333333333,123.14566666666668,99.097,86.54724,127.91,126.826,126.46700000000001,126.21233333333333,123.14566666666668,99.097,86.54724,127.851808475625,126.378892993837,85.58807288790723,63.009592326139064,57.728603970061826,1.4729154817880072,0.8994885267104828,1.1468539101550488,1.4729154817880072,1.0539108650358617,0.838009233504291,134.7339541262951,126.46700000000001,118.20004587370494,52.451292775421905,38.15578661021799,81.04230510582974,52.69416787743384,38.89639084094715,80.28972195040723,6.512407212663268,207.38247975602008,-21.81818181818187,0.06872019388632626,0.07785469856338602,0.08091438873381969,0.08309541856712356,0.11006748105901658,0.3794564921238786,0.5794842215650087,152.39948853443005
2024-12-24,138.49,141.21,134.5,140.75,32539814.0,4488752108.08,3.6704,2.9627,131.698,127.87100000000001,127.5995,126.59033333333333,124.1895,99.68391666666666,86.78756,131.698,127.87100000000001,127.5995,126.59033333333333,124.1895,99.68391666666666,86.78756,129.83614563322115,127.44341943873796,89.80248047772164,65.35654126895002,60.95605242868158,2.3927261944831884,1.198136060265024,2.389180268436329,2.3927261944831884,1.2598824541816043,2.265687480603168,137.14686993268458,127.5995,118.05213006731542,67.16449821391764,47.82535714478454,105.84278035218385,67.32641494859226,48.37306554349552,105.23311375878573,6.548333173997221,215.83701710551665,-3.4090909090909087,0.06873301037221516,0.10071869305784728,0.10306074867064521,0.11185424900795479,0.13334863253334625,0.41196297965151524,0.6217762084796484,133.90564617186888
2024-12-25,147.5,161.22,147.5,156.6,48673433.0,7606391117.75,5.4902,11.2611,138.778,131.09300000000002,129.2695,127.42666666666668,125.487,100.40166666666666,87.10336,138.778,131.09300000000002,129.2695,127.42666666666668,125.487,100.40166666666666,87.10336,133.95366168964867,129.6031661469796,98.30602610386003,77.25567620927936,67.84353568707138,4.35049554266908,1.8286079567458353,5.043775171846489,4.35049554266908,1.7353613908719852,5.2302683035941895,145.15639426771747,129.2695,113.38260573228253,74.41839030815986,56.689701532576315,109.87576785932693,74.52633479794294,57.090821961644664,109.3973604705395,9.079545324179543,357.68336416054166,-11.073825503355717,0.1284209312715272,0.19457179254422413,0.21142264803375896,0.2289421366537615,0.24793803342178872,0.5597350641589616,0.797864054842431,290.692309282153
2024-12-26,155.0,160.6,154.5,159.18,36154165.0,5704294979.45,4.078,1.6475,144.858,134.331,130.92849999999999,128.50933333333333,126.79016666666666,101.13616666666667,87.43768000000001,144.858,134.331,130.92849999999999,128.50933333333333,126.79016666666666,101.13616666666667,87.43768000000001,137.83463681431812,131.79404272868481,100.0,77.81201848998458,72.99270072992701,6.040594085633302,2.671005182523329,6.739177806219946,6.040594085633302,2.397704882373726,7.285778406519151,151.59004044799562,130.92849999999999,110.26695955200435,81.31567982832263,64.89836096449176,114.15031755598437,81.38764282151135,65.1897622482669,113.78340396800024,8.537809810692352,271.9994663865194,-4.88974113135185,0.09886923746013339,0.18498336199388093,0.2157780773475601,0.23866489593492568,0.25546013689284536,0.5739176720493988,0.8204966096996167,117.75176523899154
2024-12-27,159.18,160.67,154.79,155.05,31031859.0,4904550635.32,3.5003,-2.5945,149.656,137.45499999999998,132.3905,129.61433333333332,127.9395,101.83491666666666,87.76252000000001,149.656,137.45499999999998,132.3905,129.61433333333332,127.9395,101.83491666666666,87.76252000000001,140.48315422749994,133.5167062302637,88.03938604112368,80.590464791542,74.45818375216064,6.96644799723623,3.5300937454659094,6.8727085035406414,6.96644799723623,3.100588438506419,7.7317191174596225,155.51792866905126,132.3905,109.26307133094875,82.61173219570031,70.80281804156128,106.22956050397838,82.6620718842035,71.01386546024577,105.95848473211896,8.054571663293741,195.16183677334888,-14.789069990412242,0.03604265782862034,0.1280055290822453,0.1711565406883425,0.19624115645646206,0.21190093755251518,0.5225622514870885,0.7666994976899022,76.88342146781791
2024-12-30,155.0,159.18,151.33,154.0,27532213.0,4270340687.42,3.1055,-0.6772,153.11599999999999,140.513,133.746,130.644,128.78483333333332,102.54391666666666,88.0776,153.11599999999999,140.513,133.746,130.644,128.78483333333332,102.54391666666666,88.0776,142.5626689617307,135.03398725024417,84.44444444444443,77.89171452009845,73.58738501971092,7.528681711486541,4.329811338670036,6.39774074563301,7.528681711486541,3.7818335574264377,7.4936963081202075,158.62735078411245,133.746,108.86464921588755,82.63643857011516,74.74735821774591,98.41459927485366,82.66999836245063,74.89924309431406,98.21150889872376,8.01737681542215,144.12688840385584,-17.31414868105515,0.005773400559053362,0.09598400148029004,0.15143630463714794,0.17877591010685523,0.1957929828693597,0.5017955721410421,0.7484581777886772,93.43067847757035
2024-12-31,153.48,154.87,149.58,149.79,22446078.0,3396781825.48,2.5318,-2.7338,154.92399999999998,143.31099999999998,134.967,131.397,129.21566666666666,103.19633333333333,88.37236,154.92399999999998,143.31099999999998,134.967,131.397,129.21566666666666,103.19633333333333,88.37236,143.67456604454136,136.12702523170756,70.53655475368684,75.99039615846337,67.67717058901741,7.547540812833802,4.97335723350279,5.148367158662024,7.547540812833802,4.361173135181417,6.372735355304769,160.50571537798726,134.967,109.42828462201277,79.28760173259477,76.26077272269553,85.34125975239323,79.30997492748507,76.3694870387044,85.19095070504639,7.5214901217090295,102.76364613240641,-27.410071942446056,-0.033138829361493295,0.0452093698320437,0.10982684656249289,0.13998036484851253,0.15922475860770233,0.4515050599343,0.6949869846182675,75.79158674347909
2025-01-02,148.3,149.47,137.41,139.08,38644594.0,5449063429.7,4.359,-7.15,151.42000000000002,145.099,135.4765,131.815,129.35033333333334,103.76383333333334,88.6306,151.42000000000002,145.099,135.4765,131.815,129.35033333333334,103.76383333333334,88.6306,142.96770972999653,136.3457641034329,47.83285751362576,62.985074626865675,57.868142444658346,6.621945626563615,5.303074912114955,2.6377414288973213,6.621945626563615,4.708984287701755,3.825922677723721,160.9111156789677,135.4765,110.0418843210323,64.12235649796591,72.214633981119,47.937801531659744,68.50880822503802,73.74926076748228,58.027903140149505,8.404855554125568,38.843797099300936,-53.09352517985608,-0.08149517897239468,-0.04148202261903926,0.026598709001192277,0.05511512346849763,0.07521949434481555,0.34035140696099964,0.5692097311763659,47.62320419662363
2025-01-03,139.39,139.8,135.58,135.61,19919539.0,2741766651.89,2.2468,-2.495,146.706,145.78199999999998,135.856,132.052,129.42666666666665,104.28466666666667,88.86436,146.706,145.78199999999998,135.856,132.052,129.42666666666665,104.28466666666667,88.86436,141.83575438692014,136.2912630587342,9.86615678776296,61.10038610038611,55.67129629629631,5.544491328185956,5.351358195329155,0.38626626571360134,5.544491328185956,4.837523832391632,1.413934991588647,161.04750433233914,135.856,110.66449566766083,47.776973297494536,64.06874708657752,15.193425719328587,53.477562740137,66.99202809170052,26.448632037009986,7.643972726102737,5.436015980831541,-76.58492822966502,-0.07563426172072019,-0.06977541809002462,-0.00181074078435977,0.026943931178626764,0.047774801689502676,0.3003829262211768,0.5260336089743965,77.67304652246493
2025-01-06,137.74,141.8,133.33,134.57,19911463.0,2719449702.64,2.2459,-0.7669,142.61,146.13299999999998,136.094,132.40766666666667,129.60783333333333,104.79925,89.10140000000001,142.61,146.13299999999998,136.094,132.40766666666667,129.60783333333333,104.79925,89.10140000000001,140.71794601970166,136.16376209142055,0.0,60.68061990733343,54.446503010653075,4.554183928281105,5.191923341919546,-1.2754788272768813,4.554183928281105,4.793933077913089,-0.4794982992639678,161.13448629088813,136.094,111.05351370911184,33.33332820048098,53.82360745787867,-7.647230314314413,39.53101883825225,57.838358340551096,2.916339833654561,7.794159503174966,0.4901649116912963,-88.36206896551727,-0.05637753313231905,-0.07912654910252982,-0.01119814246035829,0.016330877114366406,0.03828600894750442,0.28407407495759746,0.5103017461005099,92.5902729616569
2025-01-07,135.57,148.62,134.03,147.6,35828473.0,5096022843.94,4.0413,9.6827,141.33,147.223,137.02450000000002,133.38566666666668,129.99783333333332,105.421,89.40136,141.33,147.223,137.02450000000002,133.38566666666668,129.99783333333332,105.421,89.40136,141.77672355513218,137.0108908253894,38.88391524917933,63.83009994121104,61.35690201287422,4.765832729742783,5.106705219484194,-0.6817449794828221,4.765832729742783,4.789609947425349,-0.047554435365132264,162.33510894690417,137.02450000000002,111.71389105309586,39.27731620679847,48.97484370751861,19.882261205358176,43.40910996531265,53.028608882138286,24.17011213166137,9.029766866234063,40.23230731655633,-48.834707780566546,0.04436425387391199,0.0025607411885369886,0.07717962846060358,0.10656567297335781,0.13540353877692843,0.40010054922643484,0.6509815958057014,251.9886911504416
2025-01-08,145.25,151.3,144.8,149.89,32891375.0,4877719726.29,3.71,1.5515,141.35,148.137,138.004,134.44533333333334,130.546,106.08183333333334,89.71692,141.35,148.137,138.004,134.44533333333334,130.546,106.08183333333334,89.71692,143.02491993126569,137.9648989123976,44.08633093525178,63.835415135929445,60.86506622516557,5.060021018868099,5.097368379360976,-0.0746947209857538,5.060021018868099,4.831211650724234,0.45761873628772953,163.7316901002535,138.004,112.27630989974648,46.37507498400072,48.10825413301265,42.908716685976856,48.731446801304386,51.59622152186032,43.0018973601925,8.569809254191506,66.32512258029702,-40.623879526712145,0.06041740360806503,0.011833640481446134,0.08612793832062836,0.11487692643354411,0.14817765385381396,0.41296577642103327,0.6706993508025018,116.64416569575002
2025-01-09,149.89,150.88,145.78,148.2,20943110.0,3106013724.7,2.3623,-1.1275,143.174,147.297,139.195,135.27866666666668,131.12316666666666,106.71683333333334,90.0278,143.174,147.297,139.195,135.27866666666668,131.12316666666666,106.71683333333334,90.0278,143.82108609568635,138.7230545485163,47.533354017995656,58.970358814352565,60.352965319105266,5.098031547170052,5.097501012922791,0.0010610684945220328,5.098031547170052,4.872260865562052,0.45154136321600014,164.46852307101244,139.195,113.92147692898754,49.04644111344987,48.42098312649173,50.297357087366166,50.617355658318985,51.269932900679876,49.3122011735972,7.938934844338504,57.360778981260125,-45.61082662765183,0.03510413901965428,0.00613047108902416,0.06469341571177123,0.09551641549788566,0.13023505889500833,0.38872186674704534,0.6461581866934435,89.28025878291116
2025-01-10,149.12,153.66,146.63,146.7,32695512.0,4892245268.5,3.6879,-1.0121,145.392,146.049,140.19,135.96866666666668,131.63183333333333,107.29066666666667,90.33336,145.392,146.049,140.19,135.96866666666668,131.63183333333333,107.29066666666667,90.33336,144.26399592711923,139.31393939677437,66.55082536924408,54.83346872461412,58.69095399814756,4.9500565303448525,5.068012116407203,-0.2359111721247018,4.9500565303448525,4.88422942937479,0.13165420194012434,164.9709587342665,140.19,115.4090412657335,49.93811741541401,48.926694556132496,51.960963133977046,50.04580599118363,50.86189059751446,48.413636778521976,7.773673963549684,55.45491558403775,-51.09729334308709,0.008996368438428475,0.004457408130147978,0.04643697838647543,0.07892504645678154,0.11447205653141139,0.3673137147686036,0.6239847604473031,90.32731522416375
2025-01-13,146.7,146.7,141.26,143.4,21789659.0,3121265213.57,2.4578,-2.2495,147.158,144.884,141.16950000000003,136.55499999999998,131.80533333333335,107.84716666666667,90.62304,147.158,144.884,141.16950000000003,136.55499999999998,131.80533333333335,107.84716666666667,90.62304,144.1310734767932,139.6166105525689,67.04595185995623,36.530612244897966,57.230306071249366,4.514462924224318,4.957302277970626,-0.885678707492616,4.514462924224318,4.827342274736256,-0.6257587010238748,164.74364683392199,141.16950000000003,117.59535316607807,48.87548898570157,48.909626032655524,48.80721489179368,46.34904151830037,49.35760757110977,40.33190941268157,7.349369606540649,17.58045460455285,-61.044487427466166,-0.025537177727340557,-0.010242676900140668,0.015800155132659515,0.0501263227271065,0.0879681145932384,0.3296594099984083,0.5823790506255363,79.6508426853584
2025-01-14,145.5,146.55,138.28,144.05,32829793.0,4699483490.34,3.7031,0.4533,146.448,143.889,142.201,137.127,132.01783333333333,108.41958333333334,90.9098,146.448,143.889,142.201,137.127,132.01783333333333,108.41958333333334,90.9098,144.11860063420963,139.94500977089712,71.1041852181657,33.92819205438708,56.945145974340846,4.173590863312512,4.800559995039004,-1.2539382634529836,4.173590863312512,4.726765134517218,-1.1063485424094122,164.26187071813007,142.201,120.14012928186992,50.16031123395027,49.326521099753776,51.82789150234325,47.48865225330208,48.73462246517387,44.99671182955851,7.516756950805987,5.657929934537791,-50.23212627669451,-0.01637441276084341,0.0011189180548895423,0.013002721499848933,0.05048604578237693,0.09114046460894816,0.3286345102168659,0.5845376406064033,104.62635917427352
2025-01-15,144.01,151.27,140.87,147.2,32141098.0,4708994717.5,3.6254,2.1867,145.91,143.63,143.47050000000002,137.85466666666667,132.336,108.99441666666667,91.20792,145.91,143.63,143.47050000000002,137.85466666666667,132.336,108.99441666666667,91.20792,144.59266207510046,140.4824164545344,48.41017488076309,41.48405293990016,61.85824152982748,4.110245620566076,4.662497120144419,-1.1045029991566864,4.110245620566076,4.631915978524734,-1.0433407159173171,163.41095924086972,143.47050000000002,123.53004075913032,56.18164051110702,51.61156090353819,65.32179972624468,54.40053452400822,50.62325981811866,61.95508393578736,8.040982959750353,25.799841925949373,-31.775700934579504,0.008841066410801124,0.02485553157418362,0.025994890935767092,0.06779120039461835,0.11232015475758655,0.3505278940129195,0.6138949336855833,124.1496426566267
2025-01-16,147.19,147.99,132.79,132.81,51585061.0,7111707016.1,5.8186,-9.7758,142.832,143.003,144.051,137.98533333333333,132.46583333333334,109.44566666666668,91.43956,142.832,143.003,144.051,137.98533333333333,132.46583333333334,109.44566666666668,91.43956,142.77994483277732,139.91408930975405,15.397082658022654,32.17230355039541,52.77752102782143,2.8658555230232707,4.30316880072019,-2.8746265553938386,2.8658555230232707,4.360214369986047,-2.988717693925553,161.81930756386643,144.051,126.28269243613354,37.486370786353746,46.90316419781004,18.652783963441152,36.29896679495455,45.84849547706396,17.19990943073573,9.342622421613928,-60.11109537522236,-99.9041686631528,-0.07016634927747278,-0.07127822493234397,-0.07803486265281037,-0.037506401646551765,0.0025981542410307033,0.21347883424652095,0.4524348104912141,35.74618239063197
2025-01-17,130.0,134.82,129.13,131.78,29516716.0,3889296126.76,3.3294,-0.7755,139.848,142.62,144.201,138.11066666666665,132.59883333333335,109.91633333333333,91.67976000000002,139.848,142.62,144.201,138.11066666666665,132.59883333333335,109.91633333333333,91.67976000000002,141.08764562773464,139.31156417569818,15.820149875104036,33.991111111111096,53.751294361291535,1.7760814520364647,3.797751330983445,-4.0433397578939605,1.7760814520364647,3.962655459532265,-4.3731480149916,161.47013632680068,144.201,126.9318636731993,28.591946606583985,40.79942500073469,4.176989818282564,27.80034394565119,39.832444966593044,3.736141903767475,8.678509254047759,-123.25310970528159,-89.19690175295554,-0.057691207596819484,-0.07600617024260274,-0.0861367119506799,-0.04583763745016059,-0.006175268007637155,0.19891189965701192,0.43739468776968854,92.50969841234183
2025-01-20,133.0,136.16,131.4,133.9,22901899.0,3072481175.65,2.5832,1.6087,137.948,142.553,144.34300000000002,138.24699999999999,132.79716666666667,110.4035,91.94172,137.948,142.553,144.34300000000002,138.24699999999999,132.79716666666667,110.4035,91.94172,139.98185399269855,138.9107075700909,24.02597402597401,44.56567352077212,54.85364949981475,1.0711464226076544,3.252430349308287,-4.3625678534012655,1.0711464226076544,3.517807915390017,-4.893322985564725,161.19892833397034,144.34300000000002,127.4870716660297,25.54315668594933,35.714002229139574,5.201465599568849,25.015421578660803,34.893437170615634,5.2593903947511365,7.966053026039073,-108.31368474336912,-80.55442315531998,-0.029344390639951298,-0.06070023079135474,-0.07234850321802935,-0.03144372029772784,0.008304645053923112,0.2128238688085071,0.45635735333208904,117.30343722694565
2025-01-21,134.6,134.99,131.42,133.03,22317588.0,2968710571.39,2.5173,-0.6497,135.744,141.096,144.1595,138.38166666666666,132.9715,110.88875,92.19716,135.744,141.096,144.1595,138.38166666666666,132.9715,110.88875,92.19716,138.91233799382186,138.47509960193602,26.65466006303464,47.137150466045256,55.23223279238948,0.4372383918858418,2.689391957823798,-4.504307131875913,0.4372383918858418,3.0438741425432205,-5.2132715013147575,161.44031439966685,144.1595,126.87868560033317,22.328404226289916,31.25213622818969,4.480940222490361,21.976580821430897,30.58781838755406,4.75410568918457,7.166770657668335,-110.95633983861461,-84.10110069302891,-0.019993517208863734,-0.057166751715144314,-0.07720268175180968,-0.03867323465295253,0.00043994389775259604,0.19967084127109377,0.44288609323757916,93.68933161903618
2025-01-22,132.7,134.88,131.05,132.47,22348615.0,2972590593.43,2.5208,-0.421,132.798,139.35399999999998,143.7455,138.454,133.0705,111.37341666666666,92.45508,132.798,139.35399999999998,143.7455,138.454,133.0705,111.37341666666666,92.45508,137.92120907169542,138.0302774092,23.824593128390532,47.644683714670265,55.258001306335736,-0.10906833750459555,2.1296998987581195,-4.47753647252543,-0.10906833750459555,2.5588060686897105,-5.335748812388612,161.75174391704007,143.7455,125.73925608295991,19.424262961567926,27.30951180598244,3.6537652727389016,19.189714024995247,26.788450266701126,3.992241541583489,6.5600850835468165,-107.14677447155245,-86.38401956787605,-0.0024699167156132093,-0.049399371385105466,-0.07844071640503525,-0.043220130873792076,-0.004512645552545537,0.18942207184389462,0.4328039086657002,95.86927703773202
2025-01-23,133.83,135.91,130.15,130.54,25493131.0,3371067303.67,2.8755,-1.4569,132.344,137.58800000000002,142.4425,138.65933333333334,133.15966666666665,111.84583333333333,92.70204000000001,132.344,137.58800000000002,142.4425,138.65933333333334,133.15966666666665,111.84583333333333,92.70204000000001,136.78563844528074,137.47544204555558,10.143540669856478,24.522102747909173,50.86682427107959,-0.6898036002748427,1.565799198951527,-4.511205598452739,-0.6898036002748427,2.059019965772087,-5.497647132093859,160.30312281580248,142.4425,124.58187718419751,15.072363202924231,23.230462271629705,-1.2438349344867135,14.709163881862569,22.76202147175494,-1.3965512979221728,6.414615068356484,-102.95871088128771,-94.25193640440278,-0.013631143081665978,-0.05122539756374123,-0.08356003299577025,-0.058555981325935584,-0.01967312424432819,0.16714227172819723,0.40816750095251386,86.34967761325801
2025-01-24,130.57,133.54,130.01,131.0,20550057.0,2710711734.38,2.318,0.3524,132.18800000000002,136.01799999999997,141.0335,138.79933333333335,133.20266666666666,112.3125,92.9644,132.18800000000002,136.01799999999997,141.0335,138.79933333333335,133.20266666666666,112.3125,92.9644,135.89554022292987,136.9957796718107,37.01578192252514,20.157977883096365,49.96990972918756,-1.100239448880842,1.0325914693850533,-4.265661836531791,-1.100239448880842,1.5729800558254823,-5.346439009412649,157.74366113815486,141.0335,124.32333886184514,12.863659178342147,19.774861240533852,-0.9587449460412643,12.621526297634372,19.381856413714754,-0.8991339345263967,5.890139601382579,-99.06291834002688,-91.55374887082203,-0.008987200048416017,-0.03689217603552451,-0.07114267177656375,-0.05619143223550557,-0.016536205481371684,0.16638842515303284,0.409141563867459,103.58023045883189
2025-01-27,128.1,130.72,126.01,128.0,17585705.0,2263675771.4,1.9836,-2.2901,131.00799999999998,134.478,139.68099999999998,138.939,133.27133333333333,112.71666666666667,93.21239999999999,131.00799999999998,134.478,139.68099999999998,138.939,133.27133333333333,112.71666666666667,93.21239999999999,134.6808417270945,136.32942562204695,28.85906040268462,19.356796116504853,45.518236142592215,-1.648583894952452,0.49635639651755226,-4.289880582940008,-1.648583894952452,1.0773548326288769,-5.451877455162657,155.98834274394096,139.68099999999998,123.37365725605902,11.201795482843028,16.91717265463691,-0.22895886074473282,11.04037356237118,16.601362129933563,-0.0816035727535862,5.726477855676654,-118.36734693877547,-92.1219319081552,-0.022960429897410706,-0.04817144811790782,-0.08362626269857737,-0.07873239335247838,-0.03955339232743224,0.13559071418009758,0.37320785646544896,79.32073684824024
2025-02-05,136.0,140.88,132.66,139.19,50016968.0,6830831679.42,5.6417,8.7422,132.24,133.992,138.9405,139.4646666666667,133.517,113.21275,93.50428,132.24,133.992,138.9405,139.4646666666667,133.517,113.21275,93.50428,135.3745583844646,136.54132002041385,64.68628539700163,41.19577960140681,49.251439539347416,-1.166761635949257,0.16373279002419042,-2.660988851946895,-1.166761635949257,0.7321061451553178,-3.7977355622091498,153.78995715824922,138.9405,124.09104284175073,27.455731413797068,20.430025574356964,41.507143092677275,24.75270087583783,19.318475045234983,35.62115253704353,7.027118245553625,-20.223956812876263,-47.822644497228865,0.052555958862673835,0.03879336079765962,0.0017957327057266373,-0.0019694355081575476,0.042488971441838885,0.22945516295646912,0.48859496057292784,231.19617884740293
2025-02-06,139.0,141.86,136.88,140.81,35885630.0,5018503369.93,4.0478,1.1639,133.908,133.353,138.4915,140.09799999999998,133.70916666666668,113.73641666666667,93.80444,133.908,133.353,138.4915,140.09799999999998,133.70916666666668,113.73641666666667,93.80444,136.21078017147005,136.85751853742025,70.73560767590617,46.83915059799853,41.22485272868735,-0.6467383659501991,0.0016385588293125197,-1.2967538495590232,-0.6467383659501991,0.5199762203698537,-2.3334291726401055,152.47763339591626,138.4915,124.50536660408375,49.42895238312021,30.096334510611378,88.09418812813787,38.946447232360185,25.861132440943386,65.11707681519378,6.654914928180242,12.161078458243269,-32.666060054595114,0.05154285031514186,0.05591925191034317,0.016741099634273584,0.005082156775971232,0.05310655589556931,0.2380379488539657,0.5011016536104261,112.26765115839281
2025-02-07,141.0,144.28,137.3,139.7,39442073.0,5544944265.32,4.4489,-0.7883,135.74,134.04199999999997,138.52249999999998,140.71466666666666,133.81766666666667,114.2855,94.08368,135.74,134.04199999999997,138.52249999999998,140.71466666666666,133.81766666666667,114.2855,94.08368,136.74758322201313,137.06807271983357,68.72087001553594,44.750181028240384,38.99435028248587,-0.32048949782043223,-0.06278705250063643,-0.5154048906395916,-0.32048949782043223,0.39067380218673275,-1.42232660001433,152.51687161297525,138.52249999999998,124.5281283870247,57.929828864791304,39.37416596200469,95.04115467036452,50.94149209761795,34.22125232650158,84.3819716398507,6.714021304874741,20.456528330373807,-25.06841817186652,0.029173419773095472,0.04221065039316048,0.008500424118825529,-0.007210809581564611,0.04395782320719975,0.22237729195742234,0.4848483817809846,92.39087416527639
2025-02-10,140.79,143.7,140.0,142.3,31023235.0,4404750550.51,3.4993,1.8611,138.0,135.094,138.857,141.16533333333334,133.82683333333333,114.84741666666667,94.37356,138.0,135.094,138.857,141.16533333333334,133.82683333333333,114.84741666666667,94.37356,137.6018011878573,137.45562288873478,79.4294294294294,44.00684931506853,42.669886167644016,0.14617829912251068,-0.02099398217600701,0.3343445625970354,0.14617829912251068,0.35305910940762164,-0.4137616205702219,152.87804148094818,138.857,124.83595851905183,68.34073976864579,49.02969056421839,106.96283817750059,63.68184859053022,44.0414510811778,102.96264360923507,6.220562885806606,36.342359393920944,-10.837438423645267,0.031159420289855154,0.053340636889869404,0.02479529299927272,0.008037856319776396,0.06331440754905919,0.2390352707106313,0.5078375765415654,120.24995975607486
2025-02-11,142.48,143.67,137.53,140.0,26601503.0,3719734380.32,3.0005,-1.6163,140.4,135.704,139.12849999999997,141.4633333333333,133.877,115.41708333333332,94.652,140.4,135.704,139.12849999999997,141.4633333333333,133.877,115.41708333333332,94.652,137.97075485126385,137.644095267347,70.62328139321718,62.48697464397357,42.065291317161645,0.326659583916836,0.0485367310425616,0.5562457057485488,0.326659583916836,0.34899764394750077,-0.04467612006132948,153.00960760786023,139.12849999999997,125.24739239213973,71.08503249673996,56.38147120839225,100.49215507343537,67.97910504466292,52.020669069006175,99.89597699597641,6.20591508838722,14.660696769881692,-23.426382047071716,-0.0028490028490028895,0.031657136119790076,0.0062639933586578316,-0.010344258818539386,0.045736011413461536,0.21299201085916666,0.47910239614588174,84.96329682032095
2025-02-12,143.0,146.55,139.78,141.08,28461623.0,4038758764.69,3.2104,0.7714,140.778,136.509,138.80249999999998,141.60933333333332,133.91083333333333,115.98958333333333,94.92392000000001,140.778,136.509,138.80249999999998,141.60933333333332,133.91083333333333,115.98958333333333,94.92392000000001,138.44910025876172,137.898606729025,82.86432160804013,66.12343966712896,44.88188976377955,0.5504935297367126,0.1489280907813918,0.8031308779106416,0.5504935297367126,0.3799970109919949,0.34099303748943544,152.1415678676919,138.80249999999998,125.46343213230809,71.8463670069146,61.53643647456637,92.46622807161108,69.7757487055299,57.93902894784742,93.44918822089488,6.308475981407726,41.19297654655655,-26.63096397273611,0.0021452215545044034,0.033484971686848684,0.016408205904072565,-0.00373798337209397,0.053536868438575545,0.21631612034126643,0.48624287745385986,107.9876656409178
2025-02-13,140.5,140.5,135.0,135.05,28433220.0,3890415549.91,3.2072,-4.2742,139.626,136.767,138.0605,141.41933333333333,134.00483333333332,116.51491666666666,95.17252,139.626,136.767,138.0605,141.41933333333333,134.00483333333332,116.51491666666666,95.17252,137.92616175741375,137.6875988231713,35.956580732700246,51.75572519083969,47.49409277453053,0.23856293424245223,0.1668550594736039,0.14341574953769665,0.23856293424245223,0.358237922261296,-0.2393499760376876,150.41754184494968,138.0605,125.70345815505028,62.56813951061429,61.88033748658235,63.943743558678165,61.187727309691155,59.021928401795336,65.5193251254828,6.26693489387905,-23.103413688187384,-55.98831548198635,-0.03277326572414875,-0.012554198015603067,-0.02180565766457444,-0.04503863215307655,0.007799469919617488,0.15907905926208316,0.41900203966439054,64.60875543768168
2025-02-14,135.05,137.4,134.21,135.89,19071311.0,2587908539.36,2.1512,0.622,138.864,137.30200000000002,137.445,140.72899999999998,134.07783333333333,117.03316666666667,95.42328,138.864,137.30200000000002,137.445,140.72899999999998,134.07783333333333,117.03316666666667,95.42328,137.61290610242702,137.55444335478825,32.378223495702,54.370415647921725,50.17999485728978,0.05846274763877091,0.1451765971066373,-0.1734276989357328,0.05846274763877091,0.3121186646270614,-0.507311833976581,148.8664304570029,137.445,126.02356954299708,57.745848281337764,60.50217441816749,52.2331960076783,56.82557348072234,58.289810094771006,53.89710025262501,5.707492185901041,-30.919007939255014,-51.8987341772153,-0.02141663786150491,-0.01028389972469472,-0.011313616355633212,-0.03438523687370762,0.013515781256409442,0.16112384096246202,0.42407596972143463,106.39693104461428
2025-02-17,137.3,144.51,137.3,141.61,37889071.0,5359928275.06,4.2737,4.2093,138.726,138.363,137.1905,140.14333333333335,134.32633333333334,117.60066666666667,95.70720000000001,138.726,138.363,137.1905,140.14333333333335,134.32633333333334,117.60066666666667,95.70720000000001,138.22784362513056,137.85485495813725,55.142703284868126,62.06441393875396,54.2687363570216,0.372988666993308,0.19073901108397145,0.3644993118186731,0.372988666993308,0.3214832803757147,0.10301077323518659,147.95134417545222,137.1905,126.42965582454775,59.97551392501954,60.32662092045151,59.27329993415562,63.200171350017435,59.926597179853154,69.747319690346,6.237039061191761,57.15015892791591,-24.050632911392388,0.020789181552124437,0.023467256419707684,0.032214329709418864,0.010465475822372346,0.05422366922345836,0.20415984036371684,0.4796169985121286,151.03035438256265
2025-02-18,141.0,141.9,136.38,137.47,20451747.0,2846087146.07,2.3069,-2.9235,138.22,139.31,136.89399999999998,139.55733333333333,134.58583333333334,118.13316666666668,95.97708,138.22,139.31,136.89399999999998,139.55733333333333,134.58583333333334,118.13316666666668,95.97708,138.1112522981874,137.82634718346043,37.99104922923918,58.64305313045646,43.115400299034945,0.28490511472696767,0.2095722318125707,0.15066576582879393,0.28490511472696767,0.3158558702759075,-0.06190151109787967,147.25375898926862,136.89399999999998,126.53424101073132,48.78972673337335,56.4809895247588,33.40720115060245,53.67652412055398,57.8432394934201,45.343093374821734,6.1066683227932606,21.685513518544273,-65.37077033837295,-0.005426132252930111,-0.013207953485033404,0.004207635104533595,-0.014956815836740935,0.021429942477848647,0.1636867433503714,0.4323211333372509,74.32588667188284
2025-02-19,137.5,139.44,136.05,137.37,25133034.0,3454393505.43,2.8349,-0.0727,137.478,139.12800000000001,136.56,139.00300000000001,134.82350000000002,118.63958333333333,96.26516000000001,137.478,139.12800000000001,136.56,139.00300000000001,134.82350000000002,118.63958333333333,96.26516000000001,137.99721348308165,137.7925436883893,42.65773310999444,58.01661213189024,41.23003642476886,0.20466979469236435,0.20859174438852945,-0.007843899392330211,0.20466979469236435,0.2987503201861317,-0.18816105098753466,146.3641774125515,136.56,126.75582258744849,41.06241101511761,51.34146335487841,20.504306335596013,44.3202759399047,53.33558497558164,26.28965786855082,5.612728627739937,10.545396113131222,-74.39222042139387,-0.000785580238292702,-0.012635846127307298,0.005931458699472775,-0.011747947886016918,0.018887656825404917,0.15787662212232428,0.4269960180817234,99.27494515143421
2025-02-20,138.17,140.52,135.31,136.15,21313758.0,2918970391.68,2.4041,-0.8881,137.698,138.662,136.0075,138.54833333333332,134.97266666666667,119.13383333333334,96.54468,137.698,138.662,136.0075,138.54833333333332,134.97266666666667,119.13383333333334,96.54468,137.7130267933768,137.67087378554564,36.34349030470913,60.73781291172594,41.50331406007617,0.042153007831160494,0.17530399707705568,-0.2663019784917904,0.042153007831160494,0.2592738105930592,-0.4342416055237974,144.43592777371825,136.0075,127.57907222628175,32.61535126561595,45.09942599179092,7.647201813266008,34.787261215474004,47.1528103888791,10.056162868663819,5.539505240878132,15.034545612941963,-84.27876823338738,-0.011241993347761055,-0.018115994288269318,0.0010477363380696836,-0.017310445211658837,0.008722753742733123,0.14283236080430547,0.4102278861973545,91.46553400819697
2025-02-21,139.07,160.01,139.07,156.96,78244142.0,11800501912.44,8.8256,15.2846,141.912,140.388,137.21499999999997,139.14433333333332,135.47966666666667,119.8015,96.89692000000001,141.912,140.388,137.21499999999997,139.14433333333332,135.47966666666667,119.8015,96.89692000000001,140.67409959439576,139.0996979495793,83.3688699360341,68.6777380702123,55.68610064287299,1.5744016448164473,0.45512352662493405,2.2385562363830265,1.5744016448164473,0.4616011697043497,2.2256009502241954,149.67169974034036,137.21499999999997,124.75830025965959,51.13633236829179,47.111728117291214,59.18554087029294,52.584272334863826,48.96329770420734,59.82622159617678,8.870504287991196,250.09552436508088,-11.82170542635653,0.10603754439370879,0.11804427728865717,0.14389826185183863,0.12803731377250976,0.1585502375510224,0.31016723496784265,0.619865729478295,414.6803377594957
2025-02-24,155.87,157.42,151.52,154.06,37496451.0,5784547209.44,4.2294,-1.8476,144.402,141.564,138.329,139.75933333333333,135.90566666666666,120.45491666666666,97.23988,144.402,141.564,138.329,139.75933333333333,135.90566666666666,120.45491666666666,97.23988,142.73346888756564,140.20786847183268,76.0389796503296,63.561924257932425,55.93409040302827,2.525600415732953,0.8692189044465379,3.3127630225728297,2.525600415732953,0.7791395152472118,3.492921800971482,152.59304666875306,138.329,124.06495333124697,59.73688307756922,51.32011310405055,76.57042302460655,60.70217638861724,52.87625726567731,76.3540146344971,8.330412599265518,233.0936655750502,-23.06201550387594,0.06688273015609214,0.08827102935774639,0.11372163465361561,0.10232351804769155,0.13358040013048272,0.2789847377199907,0.584329392426235,82.98680315858786
2025-02-25,151.0,161.29,149.21,155.9,39484960.0,6095226350.74,4.4537,1.1943,148.08800000000002,143.154,139.429,140.47033333333331,136.439,121.11258333333333,97.58468,148.08800000000002,143.154,139.429,140.47033333333331,136.439,121.11258333333333,97.58468,144.75908905870938,141.37024858503028,73.04095453079648,66.33723275514319,56.51027359630809,3.388840473679096,1.3731432182930496,4.031394510772093,3.388840473679096,1.1806319703905785,4.416417006577035,155.52982299302045,139.429,123.32817700697957,66.52325932399249,56.38782851069787,86.79412095058174,67.1667881980245,57.63976757645971,86.2208294411541,9.01215576303542,202.1430823229969,-19.903988183160966,0.052752417481497366,0.08903698115316379,0.11813180902107885,0.10984288497452624,0.14263517029588324,0.28723205887634856,0.5975868343268635,112.60617759367857
2025-02-26,158.29,168.5,152.78,165.0,51813707.0,8350170495.3,5.8444,5.8371,153.614,145.546,141.02749999999997,141.05033333333333,137.218,121.84341666666667,97.93948000000002,153.614,145.546,141.02749999999997,141.05033333333333,137.218,121.84341666666667,97.93948000000002,147.8730753573695,143.1206005416947,88.26800111203781,70.23894436519255,59.17904290429043,4.752474815674788,2.0490095377693973,5.4069305558107805,4.752474815674788,1.7301462542804569,6.044657122788662,160.45725566658265,141.02749999999997,121.59774433341728,74.27982039894435,62.351825806780035,98.13580958327297,74.70883964829903,63.32945826707282,97.46760241075145,10.231763806119888,224.02946655406677,-10.207057451151941,0.07412084836017548,0.13366220988553454,0.16998457747602438,0.16979517949857148,0.2024661487559942,0.354197087655536,0.6847138661548945,176.3511476321371
2025-02-27,165.05,171.9,162.6,169.99,49023076.0,8200020909.8,5.5296,3.0242,160.382,149.04000000000002,142.9035,141.72033333333334,138.08283333333335,122.62458333333333,98.31644,160.382,149.04000000000002,142.9035,141.72033333333334,138.08283333333335,122.62458333333333,98.31644,151.27567914854342,145.1109264274951,89.91678903573177,75.51471839373829,71.23115577889445,6.16475272104833,2.8721581744251843,6.585189093246292,6.16475272104833,2.4123934030139758,7.504718636068709,165.79181581948694,142.9035,120.01518418051306,81.1132117773048,68.60562113028828,106.12839307133783,81.45000736436528,69.36964129950364,105.61073949408856,10.062352205007183,216.0845393201203,-5.067657203502247,0.05990697210410148,0.14056629092860967,0.18954399297427985,0.1994750224032778,0.2310726532504039,0.3862636298458371,0.7290089022751435,134.70828180896598
2025-02-28,169.5,169.5,157.83,160.0,42343127.0,6871976441.5,4.7761,-5.8768,160.99,151.451,144.37650000000002,142.1136666666667,138.69616666666667,123.33391666666668,98.64956,160.99,151.451,144.37650000000002,142.1136666666667,138.69616666666667,123.33391666666668,98.64956,152.6178823564598,146.21382076619915,74.02780576264354,63.977541371158374,64.61873186904266,6.404061590260653,3.578538857592278,5.65104546533675,6.404061590260653,3.0264962010519265,6.7551307784174535,167.70231969000173,144.37650000000002,121.05068030999831,76.56795880352706,71.25973368803454,87.1844090345121,76.79248919490071,71.84392393130267,86.68961972209678,10.443742713187694,136.20426591935254,-32.52254714402844,-0.00614945027641474,0.05644729978672975,0.10821359431763464,0.12585934732995402,0.15360073638180335,0.29729116146072265,0.6219028245032214,54.57152466461261
2025-03-03,160.05,162.09,149.51,150.93,39622103.0,6082397394.35,4.4692,-5.6688,160.364,152.383,145.373,142.25466666666668,139.11166666666665,123.96416666666666,98.90928,160.364,152.383,145.373,142.25466666666668,139.11166666666665,123.96416666666666,98.90928,152.35820814777367,146.56316737611033,42.04275534441805,61.22737556561085,58.2294384845849,5.795040771663338,4.02183924040649,3.5464030625136953,5.795040771663338,3.4524261349921437,4.685229273342388,167.98460959376837,145.373,122.76139040623161,65.27505898917838,69.26484212174915,57.29549272403682,65.42474591676081,69.70419792645538,56.865841897371695,10.83215312897175,64.49295085970098,-57.31074063951899,-0.058828664787608176,-0.009535184370960034,0.03822580534212004,0.060984525405141904,0.0849557310074642,0.21752925912730173,0.5259437739310205,55.78993994241833
2025-03-04,147.5,156.0,147.0,151.5,30038785.0,4549771068.23,3.3883,0.3777,159.48399999999998,153.786,146.548,142.52466666666666,139.53983333333332,124.60408333333334,99.18572,159.48399999999998,153.786,146.548,142.52466666666666,139.53983333333332,124.60408333333334,99.18572,152.22617612503927,146.92885868158365,46.400449943757025,61.07877927608233,58.95124551710768,5.297317443455626,4.2769348810163175,2.0407651248786163,5.297317443455626,3.7362555670634485,3.122123752784354,167.75728158290855,146.548,125.33871841709146,58.26572667238839,65.59847030529556,43.60023940657405,58.365517957443345,65.9246379367847,43.24727799876064,10.499034378249613,37.742037212235765,-55.7529379611916,-0.05006144817034926,-0.014864812141547354,0.033790976335398626,0.06297389457731298,0.0857114874008498,0.2158510054178267,0.5274376190443543,103.8414175101158
2025-03-05,150.96,154.79,150.13,153.95,23075773.0,3515640782.27,2.6029,1.6172,157.274,155.44400000000002,147.286,142.85466666666665,139.99083333333334,125.262,99.48248,157.274,155.44400000000002,147.286,142.85466666666665,139.99083333333334,125.262,99.48248,152.49137979811013,147.44894322368856,47.304395908211205,59.184281036022604,60.22272986864648,5.042436574421572,4.430035219697369,1.2248027094484062,5.042436574421572,3.9372064912723905,2.210460166298363,168.4443815916741,147.286,126.1276184083259,53.9519505869532,61.71629706584811,38.42325762916337,55.89130549444933,62.58019378933958,42.5135289046688,9.437391764022408,43.18086983211379,-49.057119431538716,-0.021135089080204054,-0.00961117830215401,0.04524530505275442,0.07766867959044632,0.09971486228264931,0.2290239657677507,0.5475086668526961,117.40067772925735
2025-03-06,159.0,166.66,155.71,163.03,39824198.0,6474314875.71,4.492,5.898,155.882,158.132,148.397,143.38233333333335,140.6185,125.959,99.80328,155.882,158.132,148.397,143.38233333333335,140.6185,125.959,99.80328,154.11270598301627,148.60309557748943,47.27524204702628,67.72046589018302,64.47731931200427,5.509610405526843,4.645950256863264,1.7273202973271573,5.509610405526843,4.179114785773075,2.660991239507535,170.43865826219331,148.397,126.35534173780668,57.42713707135568,60.28657706768397,51.708257078699106,61.588213207082376,62.24953359525385,60.26557243073941,10.032411443291062,98.1562410478644,-27.017971367651544,0.045855198162712794,0.030974122884678598,0.09860711469908429,0.1370298990810117,0.15937803347354712,0.29431005327130255,0.6335134476542253,177.369259584871
2025-03-07,161.5,164.24,158.7,159.8,21462920.0,3469333053.93,2.4209,-1.9812,155.842,158.416,149.402,144.28200000000004,141.13366666666667,126.64175,100.11688000000001,155.842,158.416,149.402,144.28200000000004,141.13366666666667,126.64175,100.11688000000001,154.98767429332145,149.43249590508282,35.18464669962198,64.90365448504984,62.52391720299182,5.55517838823863,4.827795883138338,1.4547650102005854,5.55517838823863,4.390816878460084,2.328723019557092,171.60633774596278,149.402,127.19766225403718,55.41996554422374,58.66437322653057,48.931150179610086,58.19401630137487,60.8976944972942,52.78665990953624,9.21560936269269,83.02599108482043,-48.594377510040125,0.025397517998998975,0.008736491263508828,0.06959746188136721,0.10755326374738337,0.1322599615966897,0.26182716205358825,0.5961344380687852,81.86390634843582
2025-03-10,159.79,164.82,158.0,163.0,22279780.0,3594917068.06,2.5131,2.0025,158.256,159.31,150.437,145.32266666666666,141.71666666666667,127.35575,100.44028000000002,158.256,159.31,150.437,145.32266666666666,141.71666666666667,127.35575,100.44028000000002,156.2203397866566,150.43749620841,55.434782608695656,67.38314126634728,65.1936100017364,5.782843578246599,5.01880542215999,1.5280763121732175,5.782843578246599,4.6049748322733945,2.3557374919464085,173.17091910548385,150.437,127.70308089451618,58.36565306696576,58.56479984000897,57.96735952087934,60.21502023839985,60.67013641099608,59.30478789320739,8.78004402402129,82.72810482820606,-35.74297188755022,0.02997674653725609,0.02316238779737617,0.0835100407479542,0.12164195537287142,0.1501822886040221,0.27987939296027076,0.6228548944706245,121.92936001083751
2025-03-11,158.9,160.6,155.0,158.01,24857197.0,3910331002.11,2.8038,-3.0613,159.558,159.52100000000002,151.3375,146.12633333333332,142.18666666666667,128.03525,100.72032,159.558,159.52100000000002,151.3375,146.12633333333332,142.18666666666667,128.03525,100.72032,156.49567212717096,150.99842241519445,65.05102040816325,50.85490962383976,58.6346118553863,5.497249711976508,5.114494280123294,0.7655108637064281,5.497249711976508,4.742247890689258,1.5100036425744996,173.75529826270446,151.3375,128.91970173729555,53.64939120127033,56.92633029376276,47.09551301628548,54.88230264889306,58.740858490295075,47.165190966089014,8.638217837835601,49.348168211758804,-55.783132530120525,-0.009701801225886523,-0.009472107120692724,0.044090195754522075,0.0813246072462413,0.11128563390847705,0.23411326177751832,0.5687996225587845,73.27733845928066
2025-03-12,162.88,169.28,160.5,162.42,36404461.0,6009882143.87,4.1063,2.791,161.252,159.26299999999998,152.4045,147.10600000000002,142.74383333333336,128.76625,101.03688,161.252,159.26299999999998,152.4045,147.10600000000002,142.74383333333336,128.76625,101.03688,157.40710718452925,151.8444651992541,69.95614035087718,56.64335664335663,59.66717366019503,5.56264198527515,5.204123821153665,0.717036328242969,5.56264198527515,4.868462366779395,1.3883592369915085,174.7980361679483,152.4045,130.01096383205171,58.610705245291314,57.48778861093895,60.85653851399604,57.230772047053186,58.237496342547786,55.21732345606398,9.116723685501857,88.7594666828337,-38.07228915662657,0.007243321013072569,0.01982255765620396,0.06571656348729843,0.10410180414123124,0.13784249874191853,0.26135536291536,0.6075318240230695,131.6889487459103
2025-03-13,164.73,164.73,154.17,155.49,24918589.0,3939397186.0,2.8107,-4.2667,159.744,157.813,153.4265,147.87333333333333,143.16366666666667,129.42716666666666,101.31836,159.744,157.813,153.4265,147.87333333333333,143.16366666666667,129.42716666666666,101.31836,157.1121676176786,152.11450481412416,52.41834170854274,49.69857373915601,56.71400629305214,4.997662803554448,5.162831617633822,-0.33033762815874823,4.997662803554448,4.888339357052481,0.21864689300393358,174.2992304092394,153.4265,132.5537695907606,51.775778362210986,55.583785194696304,44.15976469724035,50.731625809146585,55.735539498080726,40.72379843127831,9.379137560865155,39.07947777906805,-62.26666666666662,-0.026630108173076865,-0.014719953362523868,0.013449436700961078,0.05150804742797895,0.08609959230810427,0.20137065505309945,0.5346675567981954,64.65908790247711
2025-03-14,155.99,159.3,154.3,156.88,25552591.0,4015842406.71,2.8822,0.8939,159.16000000000003,157.501,154.476,148.75133333333332,143.70533333333336,130.09783333333334,101.59591999999999,159.16000000000003,157.501,154.476,148.75133333333332,143.70533333333336,130.09783333333334,101.59591999999999,157.07644952265113,152.46750445752235,37.26708074534157,43.2669983416252,56.26396288021997,4.608945065128779,5.0520543071328134,-0.8862184840080687,4.608945065128779,4.84535561983345,-0.47282110940934174,173.6801962519694,154.476,135.2718037480306,49.29875349820648,53.488774629199696,40.91871123622005,48.60265179616355,53.35791026410834,39.09213486027397,8.582930731616944,22.282530392247377,-55.65529622980253,-0.014325207338527452,-0.003942832109002542,0.015562287992956812,0.05464600877527154,0.09167834179200009,0.20586174250916286,0.544156497623133,109.3078044067437
2025-03-17,158.66,158.8,154.28,154.79,16664155.0,2593589291.01,1.8796,-1.3322,157.51799999999997,157.887,155.135,149.54433333333333,144.17183333333332,130.73024999999998,101.86996,157.51799999999997,157.887,155.135,149.54433333333333,144.17183333333332,130.73024999999998,101.86996,156.72468805762787,152.63954116437253,39.11342894393736,36.75958188153307,56.36567099939744,4.085146893255342,4.85867282435732,-1.547051862203956,4.085146893255342,4.728400431129126,-1.2865070757475685,173.35982113116896,155.135,136.91017886883103,40.977236883921805,49.3182620474404,24.295186556884616,44.056465649866055,50.257428726027584,31.654539497543,7.844216053141138,7.891524087971404,-65.03590664272895,-0.01731865564570386,-0.019615294482763043,-0.002223869532987391,0.035077669275331944,0.07364938366370685,0.18404118404118414,0.5194862155634495,87.44866740336627
2025-03-18,155.08,157.22,153.03,153.4,15152308.0,2346101804.92,1.7091,-0.898,156.59599999999998,158.077,155.9315,150.39100000000002,144.665,131.34858333333332,102.13836,156.59599999999998,158.077,155.9315,150.39100000000002,144.665,131.34858333333332,102.13836,156.2131975872236,152.69587144849308,27.358490566037702,43.237704918032776,55.28846153846153,3.5173261387305104,4.590403487231958,-2.1461546970028955,3.5173261387305104,4.542081309221647,-2.0495103409822732,172.1922325205603,155.9315,139.6707674794397,28.077132281588906,42.23788545882324,-0.24437407287976498,35.062883105132656,45.192580185729284,14.8034889439394,7.179813134388203,-17.93420296989095,-82.92428198433416,-0.02040920585455548,-0.02958684691637615,-0.016234692797798995,0.02000784621420155,0.06038087996405498,0.1678846935920513,0.5018843067384281,91.37441167407397
2025-03-19,152.8,154.54,151.8,152.84,12026350.0,1838231195.94,1.3565,-0.3651,154.68,157.966,156.70499999999998,150.846,145.15533333333332,131.98808333333332,102.41203999999999,154.68,157.966,156.70499999999998,150.846,145.15533333333332,131.98808333333332,102.41203999999999,155.6942441122661,152.70654763749357,34.58556946929039,52.37031521469348,58.01279164039276,2.9876964747725197,4.269862084740071,-2.5643312199351023,2.9876964747725197,4.302945180844858,-2.6304974121446776,170.53872157561094,156.70499999999998,142.87127842438903,20.701307104583286,35.059026007409926,-8.014130701069995,25.358474320279118,38.58121156391256,-1.0870001669877638,6.372574382681253,-53.37734404898554,-94.05034324942795,-0.011895526247737286,-0.03245002089057142,-0.02466417791391456,0.013218779417419087,0.05294098735607387,0.1579833280403472,0.49240265109453946,96.40880372970108
2025-03-20,151.01,153.69,149.02,151.66,13659444.0,2075479483.17,1.5407,-0.772,153.914,156.829,157.4805,151.20766666666668,145.65283333333335,132.60208333333333,102.69508,153.914,156.829,157.4805,151.20766666666668,145.65283333333335,132.60208333333333,102.69508,155.07359117191746,152.62902559027182,10.265878877400212,50.19559902200489,57.081275258194886,2.4445655816456338,3.9048027841211836,-2.9204744049511,2.4445655816456338,4.017040627121901,-3.144950090952534,167.73958885868873,157.4805,147.22141114131128,18.14440546031118,29.42081915837701,-4.408421935820478,21.249183604108403,32.80386891064451,-1.8601870089638126,6.0630154040119315,-100.36692538721398,-86.96939782823303,-0.014644541757085065,-0.03295946540499532,-0.03696013157184547,0.0029914708910261214,0.04124304710859256,0.14372260365441725,0.47679908326669584,92.54228664076665
2025-03-21,151.5,152.63,144.0,145.8,21389642.0,3156244397.44,2.4127,-3.8639,151.698,155.429,156.9225,151.41100000000003,146.06283333333334,133.19433333333333,102.94908,151.698,155.429,156.9225,151.41100000000003,146.06283333333334,133.19433333333333,102.94908,153.64688483777633,152.1231718428443,11.146752205292614,40.80343037689011,51.87909229527312,1.5237129949320263,3.4285848262833527,-3.809743662702653,1.5237129949320263,3.6334517606311505,-4.219477531398248,168.4378734770408,156.9225,145.40712652295923,14.469688028393124,24.437108781715715,-5.465153478252056,16.53954012425794,27.38242598184899,-5.14623159092416,6.529739876009761,-154.9467926431031,-92.87974683544299,-0.03887987976110427,-0.06195111594361406,-0.07087893705491566,-0.037058073719875156,-0.001799453887995689,0.094641163412858,0.4162341227332971,67.43179543256629
2025-03-24,145.8,149.34,144.5,149.0,16019181.0,2351207291.22,1.8069,2.1948,150.54000000000002,154.029,156.66950000000003,151.63433333333336,146.39983333333336,133.80333333333334,103.20984,150.54000000000002,154.029,156.66950000000003,151.63433333333336,146.39983333333336,133.80333333333334,103.20984,152.93197947811845,151.89182578041138,22.408963585434137,31.746031746031704,55.214834916327455,1.0401536977070691,2.950898600568096,-3.821489805722054,1.0401536977070691,3.2344828278735993,-4.38865826033306,168.66213014916588,156.66950000000003,144.67686985083418,16.239285689814828,21.70450108441542,5.308854900613646,17.619187087058037,24.128013016918672,4.601535227336768,6.222514444007986,-137.57552023683746,-80.22151898734178,-0.010229839245383421,-0.0326496958364983,-0.04895336999224499,-0.017372934449761984,0.017760721494445946,0.1135746493610024,0.44366079823396687,124.24743857790787
2025-03-25,148.9,150.28,141.0,142.02,20801565.0,3009241925.12,2.3463,-4.6846,148.264,152.43,155.9755,151.70166666666668,146.58249999999998,134.35416666666666,103.45792,148.264,152.43,155.9755,151.70166666666668,146.58249999999998,134.35416666666666,103.45792,151.2532134045618,151.16057942630684,16.69274908711526,28.92366050260783,51.979902920889046,0.0926339782549519,2.3792456761054677,-4.5732233957010315,0.0926339782549519,2.7511214663938075,-5.316974976277711,169.64485177302427,155.9755,142.30614822697575,12.258975963458532,18.555992710763125,-0.3350575311506532,12.948387808156573,20.40147128066464,-1.957779136859564,6.778420908733807,-157.49340369393167,-96.39321074964636,-0.04211406679976258,-0.06829364298366461,-0.0894723850861193,-0.06382043704200133,-0.031125816519707142,0.057056908047759494,0.3727320247691043,61.89169818102788
2025-03-26,142.3,143.41,140.8,141.05,12282265.0,1742009996.22,1.3854,-0.683,145.906,150.293,154.77800000000002,151.70066666666668,146.65500000000003,134.90033333333335,103.70331999999999,145.906,150.293,154.77800000000002,151.70066666666668,146.65500000000003,134.90033333333335,103.70331999999999,149.68348826539844,150.41164761695077,17.066666666666634,22.528160200250284,52.090800477897254,-0.7281593515523355,1.7577646705739072,-4.971848044252486,-0.7281593515523355,2.215847494402093,-5.888013691908857,169.28891726941978,154.77800000000002,140.26708273058026,8.623101092756139,15.24502883809413,-4.620754397919843,8.98049645491536,16.594479672081548,-6.247469979417019,6.02052619805493,-166.16982284667043,-98.95528625156706,-0.03328170191767298,-0.06149987025343825,-0.08869477574332274,-0.07020843678999432,-0.03821894923459832,0.04558674181679803,0.3601300324811204,93.37611952400356
2025-03-27,141.79,144.88,141.4,142.16,15199574.0,2174122876.49,1.7144,0.787,144.00600000000003,148.96,153.3865,151.93766666666667,146.6785,135.434,103.94895999999999,144.00600000000003,148.96,153.3865,151.93766666666667,146.6785,135.434,103.94895999999999,148.52602853226023,149.80041446013962,22.331606217616496,28.028832825062324,42.40869922035288,-1.2743859278793934,1.151334550883247,-4.851440957525281,-1.2743859278793934,1.6788885063587875,-5.906548868476362,167.0691856012664,153.3865,139.7038143987336,8.267252580355917,12.91910341884806,-1.0364490966283668,8.437448087060663,13.875469143741253,-2.4385940263005175,5.622248707499485,-139.9092175521008,-92.64864864864873,-0.012818910323181198,-0.045649838882921664,-0.07319092618972345,-0.06435314482035402,-0.03080546910419739,0.04966256626844071,0.36759425010120367,108.15416359265588
2025-03-28,141.72,142.8,140.01,140.99,10550895.0,1489494101.69,1.1901,-0.823,143.044,147.371,152.43599999999998,152.10766666666666,146.41833333333335,135.95266666666666,104.19012,143.044,147.371,152.43599999999998,152.10766666666666,146.41833333333335,135.95266666666666,104.19012,147.36663952729714,149.14779116679594,22.343182996371112,17.362168748096195,43.17493472584856,-1.7811516394988018,0.5648373128068374,-4.691977904611278,-1.7811516394988018,1.1465746377653123,-5.855452554528228,166.80805827107977,152.43599999999998,138.06394172892018,7.4096229675741325,11.082609935090087,0.06364903254222298,7.3634787850229095,11.70480569083514,-1.3191750266015525,5.107294397045036,-140.06089258849053,-94.78445981905259,-0.014359218142669402,-0.04329888512665314,-0.07508724973103448,-0.07309077123002775,-0.0370741368908721,0.03705211127402197,0.3531993244656981,92.06805264775507
2025-03-31,139.82,142.32,138.99,141.3,11682710.0,1640783301.8,1.3178,0.2199,141.504,146.022,151.9545,152.09733333333332,146.12033333333332,136.45525,104.42256,141.504,146.022,151.9545,152.09733333333332,146.12033333333332,136.45525,104.42256,146.43331036925142,148.56647330258883,33.62445414847157,22.930179320869826,42.25217575886223,-2.1331629333374167,0.025237263577986502,-4.316800393830807,-2.1331629333374167,0.641999626826431,-5.550325120327695,167.1600868887565,151.9545,136.7489131112435,9.891517133795414,10.685579001325197,8.30339339873585,9.132792768365984,10.84746805001209,5.703442205073774,4.784149961218663,-123.4164867931687,-87.32857926494788,-0.0014416553595656611,-0.032337592965443425,-0.07011638352269912,-0.07098962944780961,-0.03298879234238431,0.03550431368525582,0.3531558697660736,102.2206205570233
2025-04-01,142.39,144.11,141.69,141.91,14002343.0,1998597253.44,1.5794,0.4317,141.48200000000003,144.873,151.475,152.24533333333332,145.90133333333335,136.92041666666668,104.6676,141.48200000000003,144.873,151.475,152.24533333333332,145.90133333333335,136.92041666666668,104.6676,145.73741646628966,148.07340120610075,18.20627802690568,20.566260322453715,36.533302227924864,-2.335984739811096,-0.44700713709983,-3.777955205422532,-2.335984739811096,0.18384818580527296,-5.039665851232737,167.33181922043065,151.475,135.61818077956934,13.215659948607351,11.528939317085914,16.589101211650224,12.347906861654474,11.34761432055955,14.348491943844323,4.425213604633452,-93.00755726830407,-81.22186495176855,0.003025119803225631,-0.02045239623670383,-0.06314573361940913,-0.06788604357878507,-0.027356386964706908,0.03644148516930441,0.35581593539930223,104.40189509635604
2025-04-02,141.2,142.62,140.68,141.83,7610829.0,1078637131.82,0.8585,-0.0564,141.638,143.772,150.86899999999997,152.39399999999998,145.69850000000002,137.24166666666667,104.91416000000001,141.638,143.772,150.86899999999997,152.39399999999998,145.69850000000002,137.24166666666667,104.91416000000001,145.13627547147587,147.6109270426859,47.764705882352935,22.331340734414965,32.57856966097496,-2.4746515712100177,-0.8525360239218676,-3.2442310945763,-2.4746515712100177,-0.22515177681246407,-4.498999588795107,167.24542451818908,150.86899999999997,134.49257548181086,15.750811422238739,12.936230018803524,21.379974229109166,14.671847204821818,12.455691948646972,19.10415771717151,3.9733565856091877,-89.69610161517473,-80.6802721088435,0.001355568420904046,-0.013507497982917251,-0.059912904572841076,-0.06932031444807515,-0.026551405814061305,0.03343250956342222,0.3518670882938966,99.43769037235985
2025-04-03,140.01,145.38,140.01,142.02,14092663.0,2017350132.56,1.5896,0.134,141.60999999999999,142.808,149.8185,152.5896666666667,145.569,137.39233333333334,105.16536,141.60999999999999,142.808,149.8185,152.5896666666667,145.569,137.39233333333334,105.16536,144.6568484758642,147.19678429878323,63.97694524495699,24.3924392439243,37.341593917206396,-2.539935822919034,-1.1900159837213011,-2.699839678395466,-2.539935822919034,-0.5812723992903979,-3.9173268472572724,165.5947877028836,149.8185,134.0422122971164,19.446510833013022,15.106323623540025,28.126885251959017,17.18592355199266,14.032435816428869,23.492899023120238,4.227291751862063,-74.44951180904903,-77.78592375366566,0.002895275757361945,-0.005517898156965874,-0.05205298411077397,-0.06926856121755738,-0.024380190837334725,0.0336821317055537,0.35044467113505817,101.34773663292498
2025-04-07,135.55,140.22,128.07,136.46,37756549.0,5125057017.6,4.2588,-3.9149,140.704,141.874,148.6515,151.90633333333335,145.52533333333335,137.43783333333334,105.39072,140.704,141.874,148.6515,151.90633333333335,145.52533333333335,137.43783333333334,105.39072,143.3957948641928,146.4014669433178,14.015151515151402,19.911829537104992,39.283069174937026,-3.00567207912502,-1.553147202802045,-2.90504975264595,-3.00567207912502,-0.9542569654188013,-4.102830227412437,164.76827684245268,148.6515,132.53472315754732,25.556266114399513,18.589637787159855,39.489522768878835,24.049207927052606,17.37135985330345,37.40490407455092,5.995056887887146,-131.08549271725863,-62.2242233228275,-0.030162610871048438,-0.03816062139645028,-0.0820139722774408,-0.10168327412286962,-0.06229385032617465,-0.0071147318727133825,0.2948009084670833,67.07467643163132
2025-04-08,138.0,138.96,130.55,134.23,28559669.0,3809132621.39,3.2214,-1.6342,139.29000000000002,140.397,147.213,151.24533333333332,145.50233333333333,137.46450000000002,105.60564,139.29000000000002,140.397,147.213,151.24533333333332,145.50233333333333,137.46450000000002,105.60564,141.9856725773939,145.49987679936834,12.360801781737052,19.172267421294563,37.51626427642038,-3.5142042219744383,-1.9453586066365238,-3.137691230675829,-3.5142042219744383,-1.3480950048888993,-4.332218434171078,163.0711170980253,147.213,131.3548829019747,28.899632830358385,22.026302801559368,42.64629288795642,25.277890081339883,20.00686992931559,35.819930385388474,6.434137453725846,-124.85153124732763,-72.26474561008557,-0.03632708737167083,-0.04392544000227926,-0.08819193957055427,-0.11250154274732443,-0.07747183893958175,-0.023529711307283156,0.27104953864206494,84.80905664132456
2025-04-09,132.0,142.74,131.66,141.48,33654470.0,4678045506.18,3.7961,5.4012,139.204,140.34300000000002,146.3865,150.76466666666667,145.61749999999998,137.61266666666668,105.8664,139.204,140.34300000000002,146.3865,150.76466666666667,145.61749999999998,137.61266666666668,105.8664,141.90787679625637,145.20210814756328,50.56532663316577,42.717464598786194,41.57090712450992,-3.2942313513069053,-2.2151331555706,-2.15819639147261,-3.2942313513069053,-1.6475005966455156,-3.2934615093227793,161.58455704340798,146.3865,131.18844295659204,45.089645457096225,29.71408368673832,75.84076899781203,42.67515029108388,27.562963383238355,72.89952410677495,7.278839734866603,-79.33828384448493,-22.530329289428106,0.01635010488204349,0.008101579701160527,-0.03351743500937602,-0.06158383706173427,-0.02841348052260195,0.028103033151017875,0.33640135113690456,169.22113730928893
2025-04-10,143.77,144.5,140.12,141.27,21648120.0,3073650387.48,2.4418,-0.1484,139.092,140.365,145.329,149.97366666666667,145.512,137.75491666666667,106.13056,139.092,140.365,145.329,149.97366666666667,145.512,137.75491666666667,106.13056,141.80974190452463,144.9108408773734,47.93814432989695,35.508061492313445,33.287250384024546,-3.1010989728487743,-2.3923263190262354,-1.417545307645078,-3.1010989728487743,-1.8711311160614015,-2.4599357135747457,158.65802475999567,145.329,131.99997524000435,55.47859668254714,38.30225468534127,89.8312806769589,53.868933238538915,36.33162000167188,88.94355971227299,6.751777964890856,-41.08793073361612,-23.743500866551038,0.015658700716072792,0.006447476222705098,-0.027929731849802842,-0.05803463274663772,-0.02915223486722738,0.025516935572172585,0.3310963402058748,98.52556639918795
2025-04-11,142.5,152.88,141.02,146.92,31677305.0,4642397825.88,3.5731,3.9994,140.072,140.841,144.9005,149.20466666666664,145.4625,138.00424999999998,106.41107999999998,140.072,140.841,144.9005,149.20466666666664,145.4625,138.00424999999998,106.41107999999998,142.59593545767467,145.05966747904944,62.06733048838308,59.668508287292795,40.46208530805683,-2.463732021374767,-2.406607459495942,-0.1142491237576504,-2.463732021374767,-1.9623004861096116,-1.002863070530311,157.37794824620755,144.9005,132.42305175379244,62.311540607120634,46.30534999260105,94.3239218361598,61.23843164444848,44.63389054926408,94.44751383481727,7.68054560763797,23.176260015723944,-24.022571543732397,0.04888914272659764,0.04316214738605931,0.013937149975327854,-0.015312300330195119,0.010019764544126368,0.06460489441448364,0.38068328974764665,148.01636859553628
2025-04-14,148.0,151.26,145.2,150.15,21568350.0,3207569485.33,2.4328,2.1985,142.81,141.757,144.56400000000002,148.87633333333332,145.49499999999998,138.30908333333335,106.70264,142.81,141.757,144.56400000000002,148.87633333333332,145.49499999999998,138.30908333333335,106.70264,143.75809923341703,145.436729147268,66.84624948197265,66.48550724637684,40.48852701702442,-1.6786299138509833,-2.2610119503669504,1.1647640730319342,-1.6786299138509833,-1.918658859608284,0.48005789151460165,156.00074668499695,144.56400000000002,133.1272533150031,71.20648454823763,54.60572817781325,104.40799728908638,70.49107857312288,53.25295322388368,104.96732927160127,7.3859009517037935,57.551196695475454,-11.003627569528373,0.05139696099712907,0.05920695274307442,0.038640325392213716,0.00855519905783112,0.03199422660572549,0.08561199583782451,0.4071816779791016,124.2922839751935
2025-04-15,149.68,151.43,147.48,150.4,13290169.0,1984973804.08,1.4991,0.1665,146.044,142.667,144.3445,148.85866666666666,145.55666666666667,138.59425000000002,106.99032000000001,146.044,142.667,144.3445,148.85866666666666,145.55666666666667,138.59425000000002,106.99032000000001,144.77993012058363,145.80437884006298,87.03506907545166,65.40762902019452,43.94204744467441,-1.0244487194793521,-2.013699304189431,1.9785011694201575,-1.0244487194793521,-1.7810880688192177,1.513278698679731,155.10329366158575,144.3445,133.58570633841427,77.47233324309488,62.22792986624046,107.96113999680372,76.99539592635172,61.16710079137303,108.65198619630911,6.761191687757652,80.3048437191229,-9.995969367190607,0.029826627591684658,0.0542031443851767,0.041951719670649,0.010354340582566067,0.03327455515606751,0.08518210531822198,0.40573464963933176,101.67753225338687
2025-04-16,155.0,155.7,149.02,154.5,22077419.0,3356369612.98,2.4902,2.7261,148.648,143.926,144.39950000000002,148.9586666666667,145.74166666666667,138.77349999999998,107.29928,148.648,143.926,144.39950000000002,148.9586666666667,145.74166666666667,138.77349999999998,107.29928,146.2753254866477,146.44849892598427,98.98501691638482,72.7671048196832,43.663999999999994,-0.1731734393365798,-1.645594131218861,2.944841383764562,-0.1731734393365798,-1.5337165873603502,2.721086296047541,155.36251816875114,144.39950000000002,133.4364818312489,83.53385372196193,69.32990448481429,111.94175219625723,83.21589551079983,68.51669903118196,112.61428847003555,6.7464295627108015,133.09029228218114,-4.343105320303977,0.03936817178838601,0.07346831010380343,0.06994830314509386,0.037200476194738444,0.06009491680484871,0.1133249503687665,0.4398978259686366,130.85986714669096
2025-04-17,152.49,157.77,152.0,154.0,16359547.0,2523530427.42,1.8453,-0.3236,151.19400000000002,145.143,144.4575,148.96033333333335,145.90749999999997,138.96266666666668,107.61728,151.19400000000002,145.143,144.4575,148.96033333333335,145.90749999999997,138.96266666666668,107.61728,147.46373695024033,147.00786937591138,94.90674318507905,71.26590756865373,48.6713037274835,0.4558675743289484,-1.225301790109299,3.362338728876495,0.4558675743289484,-1.2276267163312273,3.3669885813203515,155.619014469959,144.4575,133.295985530041,84.79136825010704,74.48372573991188,105.40665327049737,84.57939610933232,73.87093139056542,105.99632554686613,6.568896914945203,152.05114160695632,-12.69360269360272,0.018558937523975704,0.06102257773368333,0.066057490957548,0.03383227302122924,0.055463221561606026,0.1082113181477998,0.4309969551358296,96.81047940570123
2025-04-18,152.75,152.8,147.8,149.64,12958745.0,1939699702.01,1.4617,-2.8312,151.738,145.905,144.3565,148.514,145.94816666666668,139.14208333333332,107.91980000000001,151.738,145.905,144.3565,148.514,145.94816666666668,139.14208333333332,107.91980000000001,147.79854665020335,147.20284201473277,73.13432835820889,61.49955370425468,43.86856368563684,0.5957046354705824,-0.8611005049933228,2.91361028092781,0.5957046354705824,-0.9471142006694104,3.0856376722799856,155.27756082180804,144.3565,133.43543917819198,79.90499739818547,76.29081629266975,87.13335960921694,80.59501828164241,76.11229368759109,89.56046746974505,6.5018247485915275,87.33708313750489,-27.373737373737438,-0.013826464036694916,0.02559884856584754,0.03660036091204743,0.00758177680218684,0.025295510163996393,0.07544745928172943,0.3865852234715036,75.03601938015738
2025-04-21,150.68,154.87,149.79,153.72,13158995.0,2017079669.2,1.4843,2.7265,152.452,147.631,144.7525,148.31133333333335,146.29666666666665,139.38125000000002,108.23152,152.452,147.631,144.7525,148.31133333333335,146.29666666666665,139.38125000000002,108.23152,148.70953947324898,147.6855944580859,70.58111380145277,65.80696623238498,49.12338194330657,1.0239450151630933,-0.4840914009620396,3.016072832250266,1.0239450151630933,-0.6438743213105637,3.335638672947314,156.44132124532706,144.7525,133.06367875467294,81.4328988144165,78.00484379991867,88.28900884341218,82.10375698325511,78.1094481194791,90.09237471080715,6.270583885211252,116.30746413878737,-14.878765613519512,0.008317372025293212,0.04124472502387709,0.061950570801885985,0.03646833013435687,0.05074164369204138,0.1028743105690326,0.42028865528267545,130.8659802702901
2025-04-22,154.68,157.27,152.08,152.1,17660103.0,2732403144.52,1.992,-1.0539,152.79199999999997,149.418,144.9075,147.948,146.63533333333334,139.61708333333334,108.54572,152.79199999999997,149.418,144.9075,147.948,146.63533333333334,139.61708333333334,108.54572,149.23114878505683,148.01258746119066,56.5392354124748,62.90983606557375,48.93894874306235,1.2185613238661688,-0.14356085599639795,2.7242443597251333,1.2185613238661688,-0.35734576051414324,3.151814168760624,156.91144299254904,144.9075,132.90355700745096,76.91371724549388,77.64113494844375,75.45888183959414,80.83056542404674,79.01648722100165,84.45872183013691,6.0741140879001145,117.14550834252535,-21.715817694370024,-0.00452903293366131,0.0179496446211299,0.04963511205424147,0.028063914348284442,0.037267052506671824,0.08940823263628785,0.40125285455750803,89.94735202589581
2025-04-23,152.1,153.53,148.45,149.0,14664934.0,2192327186.84,1.6541,-2.0381,151.69199999999998,150.17000000000002,145.25650000000002,147.64766666666668,146.88700000000003,139.84208333333333,108.84568,151.69199999999998,150.17000000000002,145.25650000000002,147.64766666666668,146.88700000000003,139.84208333333333,108.84568,149.19558743350962,148.0857291307321,46.058558558558545,67.1405139420448,46.99059561128526,1.1098583027775248,0.10712297575838663,2.0054706540382763,1.1098583027775248,-0.13162205846927122,2.4829607224935923,157.3127231582719,145.25650000000002,133.20027684172814,67.15640851192128,74.1462261362696,53.176773263224646,70.65758185965721,76.23018543388685,59.512374711197936,5.893366071918277,63.94854237991517,-49.68838526912185,-0.017746486301189114,-0.007791170007325137,0.025771652215219164,0.009159192040510763,0.014385207676649197,0.06548755888338333,0.36891055299576425,81.38990538021321
2025-04-24,149.0,151.35,148.06,148.3,8782467.0,1311540473.43,0.9906,-0.4698,150.552,150.873,145.61899999999997,147.17700000000002,147.1415,140.0565,109.12692,150.552,150.873,145.61899999999997,147.17700000000002,147.1415,140.0565,109.12692,149.0578047514312,148.10160104697414,28.412256267409532,70.07132667617694,47.34680985470626,0.9562037044570673,0.2769391214981228,1.358529165917889,0.9562037044570673,0.03573575121170394,1.8409359064907267,157.57826929645822,145.61899999999997,133.65973070354173,52.99157014027321,67.09467413760414,24.785362145611344,61.592616762159544,71.35099587664442,42.0758585331898,5.420026786114952,45.4615789310802,-56.53731343283581,-0.014958286837770214,-0.017054078595905027,0.01841105899642245,0.00763026831638089,0.007873373589368082,0.058858389292892596,0.3589680713063286,95.40009917008058
2025-04-25,149.07,149.68,146.66,147.21,9015608.0,1334717422.55,1.0169,-0.735,150.06599999999997,150.902,145.8715,146.901,147.3871666666667,140.2288333333333,109.40111999999999,150.06599999999997,150.902,145.8715,146.901,147.3871666666667,140.2288333333333,109.40111999999999,148.77352709736488,148.03555652497604,27.290969899665598,59.9169262720665,51.20409906063194,0.7379705723888321,0.3691454116762647,0.7376503214251349,0.7379705723888321,0.14377187754664675,1.1883973896843707,157.73614056722408,145.8715,134.0068594327759,36.97787844335049,57.0557422395196,-3.1778491489877325,46.39189566164658,63.03129580497848,13.113095374982791,4.983658279548598,25.407214949535586,-84.00954653937936,-0.019031626084522586,-0.024466209858053433,0.009175884254292378,0.002103457430514411,-0.0012020494773970127,0.0497841028889686,0.34559865566275755,92.8884287649139
2025-04-28,147.97,149.75,147.15,148.6,8606360.0,1276793401.77,0.9708,0.9442,149.04199999999997,150.747,146.252,146.625,147.6881666666667,140.42391666666668,109.68412000000001,149.04199999999997,150.747,146.252,146.625,147.6881666666667,140.42391666666668,109.68412000000001,148.74683062084722,148.0773671527556,45.659432387312215,62.18822746923842,49.64751498061332,0.6694634680916067,0.4292090229593331,0.48050889026454724,0.6694634680916067,0.22464750686125598,0.8896319224607014,157.94433775193008,146.252,134.55966224806994,30.472501020439466,48.19466183315956,-4.971820605000715,36.74851249930353,54.270368036420166,1.704801425070258,4.5502658650852155,29.93777823613351,-82.53825382538258,-0.002965607010104393,-0.014242406150702963,0.016054481306238443,0.013469735720375067,0.006174044636841625,0.05822429346377944,0.35479958265608535,109.85377036879196
2025-04-29,148.06,150.72,145.66,150.1,9126561.0,1356820471.7,1.0294,1.0094,148.642,150.717,146.692,146.46866666666668,148.0065,140.60458333333332,109.96436,148.642,150.717,146.692,146.46866666666668,148.0065,140.60458333333332,109.96436,148.95501052533226,148.22719180810705,30.744680851063762,56.134259259259274,57.881388997268814,0.7278187172252046,0.4889309618125075,0.47777551082539427,0.7278187172252046,0.30205846230186345,0.8515205098466824,158.26136899520947,146.692,135.12263100479055,32.5363053871468,42.97520968448864,11.658496792463112,36.72031303972284,48.42034970418773,13.32023971079306,4.642944798706086,30.5086774792113,-63.33608587943854,0.00980880235734179,-0.004093765135983456,0.023232350775775006,0.024792560866260242,0.014144649052575434,0.06753276772035055,0.3649877105636771,110.56529479281
2025-04-30,149.5,152.28,148.4,148.6,11490290.0,1723056251.81,1.2961,-0.9993,148.562,150.127,147.0265,146.30866666666668,148.34983333333332,140.81058333333334,110.24156,148.562,150.127,147.0265,146.30866666666668,148.34983333333332,140.81058333333334,110.24156,148.90039352143498,148.25480722972875,31.142241379310292,46.79619677552705,57.289051940529056,0.6455862917062234,0.5202620277912507,0.2506485278299453,0.6455862917062234,0.3549088975948419,0.581354788222763,158.39889552600707,147.0265,135.65410447399293,30.131869396771407,38.69409625524956,13.007415679815097,32.57269424228149,43.13779788355232,11.442486959739838,4.5042275625777055,39.78032809969708,-75.7225433526012,0.00025578546330813054,-0.010171388224636575,0.010702152333082783,0.015660954238299708,0.0016863292734853464,0.05531840350541824,0.3479489949162547,90.44429374279834
2025-05-06,151.1,151.1,147.55,150.01,12535282.0,1870456685.79,1.4139,0.9489,148.904,149.728,147.4355,146.21433333333331,148.53016666666664,141.02358333333333,110.53960000000001,148.904,149.728,147.4355,146.21433333333331,148.53016666666664,141.02358333333333,110.53960000000001,149.07110221044496,148.3848215090081,56.65349143610009,49.2307692307692,57.53503551545403,0.686280701436857,0.553465762520372,0.26562987783297,0.686280701436857,0.4058891751089981,0.5607830526557179,158.607609022022,147.4355,136.263390977978,32.577146350646885,36.65511295371534,24.421213144509977,34.20436291432028,40.15998622714164,22.293116288677552,4.330731642109028,33.376062289322476,-62.53229974160216,0.007427604362542273,0.0018834152596707513,0.017461873158092864,0.025959607243247994,0.009963183685469144,0.06372279340984922,0.35707022641659625,109.90413090540996
2025-05-07,153.41,153.41,149.4,150.8,12674245.0,1910156347.17,1.4296,0.5266,149.62199999999999,149.844,147.87449999999998,146.18566666666666,148.69666666666666,141.20291666666665,110.84939999999999,149.62199999999999,149.844,147.87449999999998,146.18566666666666,148.69666666666666,141.20291666666665,110.84939999999999,149.33708648576112,148.56372361945193,66.27604166666666,41.6061705989111,59.48559272867918,0.7733628663091849,0.5974451832781347,0.35183536606210053,0.7733628663091849,0.46242358913979603,0.6218785543387778,158.83868950852695,147.87449999999998,136.910310491473,36.475490619064644,36.59523884216511,36.23599417286371,37.56030166151358,39.29342470526562,34.09405557400949,4.272416798089203,54.86630376263716,-55.72782084409984,0.007873173731135968,0.0063799685005740455,0.01978366790758399,0.03156488210198457,0.014145127664821134,0.06796660833847289,0.36040429627945686,105.39288787024665
2025-05-08,149.5,149.98,145.91,146.0,16494739.0,2427864592.28,1.8605,-3.183,149.102,149.072,148.35150000000002,146.19233333333332,148.80166666666665,141.30966666666666,111.14692,149.102,149.072,148.35150000000002,146.19233333333332,148.80166666666665,141.30966666666666,111.14692,148.8236885648748,148.3738181661592,44.688323090430174,34.8139711465452,54.1814946619217,0.4498703987156034,0.5679302263656284,-0.23611965530004997,0.4498703987156034,0.46049232907453563,-0.021243860717864438,157.9725980334038,148.35150000000002,138.73040196659622,25.757061513938073,32.98251306608943,11.306158409635358,26.01637107609376,34.867740162208335,8.313632903864601,4.384704652982078,-21.915974751398487,-97.07149009474588,-0.02080454990543389,-0.020607491681871867,-0.015850867702719658,-0.001315618466084564,-0.01882819412864987,0.0331918788287662,0.31357666051384964,72.3627632500275
2025-05-09,145.61,146.27,143.88,143.88,9502054.0,1375398296.07,1.0718,-1.4521,147.858,148.25,148.834,146.02166666666665,148.828,141.32741666666666,111.42128,147.858,148.25,148.834,146.02166666666665,148.828,141.32741666666666,111.42128,148.0631210933556,148.0409427464437,30.528052805280595,38.04979253112036,51.706809911627104,0.022178346911886138,0.45877985047487996,-0.8732030071259876,0.022178346911886138,0.3930594087418203,-0.7417621236598684,156.1696760532237,148.834,141.4983239467763,17.171374342625384,27.71213349160142,-3.9101439553266886,17.34424738406251,29.026575902826394,-6.020409653465265,4.022031079712612,-106.18152476770462,-100.0,-0.02690419185975739,-0.029477234401349105,-0.03328540521655003,-0.014666773195758518,-0.03324643212298766,0.018061487243864555,0.2913152676041776,86.39243872115836
2025-05-12,143.6,145.68,142.8,143.7,11402035.0,1642442800.35,1.2861,-0.1251,146.878,147.71999999999997,148.945,146.07766666666666,148.88966666666664,141.38333333333333,111.69727999999999,146.878,147.71999999999997,148.945,146.07766666666666,148.88966666666664,141.38333333333333,111.69727999999999,147.3918716943778,147.71939143189232,20.370370370370452,25.198019801980195,51.61736723750213,-0.3275197375145069,0.30151993287700257,-1.258079340783019,-0.3275197375145069,0.2822010785485392,-1.2194416321260921,155.86769950387836,148.945,142.02230049612163,14.27510410149257,23.23312369489847,-3.640935085319235,14.390352795783986,24.14783486714559,-5.1246113469392185,3.814389065219409,-144.966264877568,-91.51743638077305,-0.021637004861177287,-0.027213647441104674,-0.035214340864077376,-0.016276729502342383,-0.03485578806677867,0.01638571260167391,0.28651297506976,98.75597700314054
2025-05-13,144.54,144.7,142.0,142.17,10043497.0,1436862794.06,1.1329,-1.0647,145.31,147.107,148.99,146.11499999999998,148.90783333333331,141.40933333333334,111.94931999999999,145.31,147.107,148.99,146.11499999999998,148.90783333333331,141.40933333333334,111.94931999999999,146.5885068183197,147.3083253999003,20.31394275161597,25.310790651417207,50.12679628064242,-0.7198185815805971,0.09725222998548264,-1.6341416231321595,-0.7198185815805971,0.1280442077594413,-1.6957255786800767,155.71140962658623,148.99,142.2685903734138,10.013376441602665,18.826541277133202,-7.612953229458412,10.090208904463609,19.4619595462516,-8.653292379112372,3.6117728715431503,-181.98400108664515,-98.51007887817714,-0.021608973917830947,-0.03356060554562333,-0.045774884220417617,-0.026999281387947806,-0.045248347131950716,0.005379182892218226,0.2699496522176285,89.84873208032022
2025-05-14,143.4,145.5,142.7,144.22,11853435.0,1708402762.74,1.337,1.4419,143.994,146.808,148.855,146.18366666666668,149.0606666666667,141.53275,112.20652,143.994,146.808,148.855,146.18366666666668,149.0606666666667,141.53275,112.20652,146.2241211539628,147.07956055546325,24.760244115082983,37.46065057712488,56.973400431344345,-0.8554394015004334,-0.0932860963117006,-1.5243066103774656,-0.8554394015004334,-0.02326096289592404,-1.6643568772090187,155.85418641888188,148.855,141.8558135811181,13.1611232952782,16.93806861651487,5.607232652804861,13.212344937185495,17.3787546765629,4.879525458430692,3.5605414403534885,-134.42788376310892,-80.54338299737073,0.0015695098406878002,-0.01762846711350876,-0.031137684323670627,-0.013432873257614388,-0.032474473480596434,0.01898677161293062,0.2853085542622657,115.39188770255748
2025-05-15,144.21,144.98,141.7,142.11,8599990.0,1227878124.25,0.97,-1.463,143.216,146.159,148.453,146.221,149.1643333333333,141.62108333333336,112.45796,143.216,146.159,148.453,146.221,149.1643333333333,141.62108333333336,112.45796,145.59117943796852,146.71144495876226,16.028146989835875,34.880312652662454,57.09654178674353,-1.1202655207937369,-0.29868198120810785,-1.643167079171258,-1.1202655207937369,-0.19203089488020295,-1.8564692518270678,156.03805205893718,148.453,140.86794794106282,9.941175849001365,14.605771027343701,0.6119854923166912,9.975323610272895,14.910944321132899,0.10408218855288709,3.5095339057437633,-140.26747340872538,-96.4987190435523,-0.007722600826723233,-0.027702707325583633,-0.04272732784113483,-0.028114976644941492,-0.047292359880489465,0.003452287294794176,0.2636722202679118,86.29616224237382
2025-05-16,142.01,142.67,137.06,138.49,13572217.0,1885082866.06,1.5309,-2.4306,142.138,144.998,147.85750000000002,146.12733333333333,149.11233333333337,141.71933333333334,112.69496,142.138,144.998,147.85750000000002,146.12733333333333,149.11233333333337,141.71933333333334,112.69496,144.49869029366567,146.10244903589097,17.6571920757968,31.04347826086959,47.11890537675854,-1.6037587422252955,-0.5596973334115454,-2.0881228176275,-1.6037587422252955,-0.40921979447175566,-2.3890778955070795,156.5832631245186,147.85750000000002,139.13173687548144,9.542843022677786,12.91812835912173,2.792272349789897,9.565608196858806,13.129165613041534,2.4384933644933504,3.8914368319721673,-180.29318062942744,-91.25382262996938,-0.025665198609801713,-0.044883377701761276,-0.0633549194325618,-0.052264919636298826,-0.07123712100720501,-0.02278682278117779,0.22889257869207297,77.25698547084507
2025-05-19,138.8,140.66,138.08,139.9,7996708.0,1114671081.3,0.902,1.0181,141.378,144.128,147.1275,146.06033333333335,149.15283333333335,141.86933333333334,112.94824,141.378,144.128,147.1275,146.06033333333335,149.15283333333335,141.86933333333334,112.94824,143.79119947925557,145.6430083665657,31.743119266055103,31.10338835794967,48.709738180448284,-1.851808887310142,-0.8181196441912648,-2.067378486237754,-1.851808887310142,-0.6311565779853536,-2.4413046186495766,155.9556961559747,147.1275,138.2993038440253,12.151905542131786,12.662720753458416,11.130275119478526,12.167082324919132,12.8084711836674,10.884304607422592,3.652993771613588,-150.36197965424665,-82.62996941896021,-0.01045424323444935,-0.02933503552397855,-0.049124059064416865,-0.042176634769650036,-0.06203592064962454,-0.013881318020337999,0.2386204512792763,110.6605927724847
2025-05-20,139.84,140.75,138.8,138.96,7864040.0,1098006993.08,0.887,-0.6719,140.73600000000002,143.023,146.3755,145.9646666666667,149.17933333333335,142.00141666666664,113.19864,140.73600000000002,143.023,146.3755,145.9646666666667,149.17933333333335,142.00141666666664,113.19864,143.04793802090856,145.14797070978307,29.674099485420328,25.20035618878012,41.77346010748246,-2.1000326888745064,-1.0745022531279131,-2.0510608714931866,-2.1000326888745064,-0.8571375181221464,-2.4857903415047202,155.30054099946048,146.3755,137.4504590005395,13.003231145734937,12.77622421755059,13.45724500210363,11.984986585623982,12.533976317652929,10.887007121566086,3.3433585404111152,-130.59936720905893,-88.37920489296633,-0.012619372442019171,-0.02840801829076434,-0.05066080047548928,-0.04798878267343246,-0.06850368013442437,-0.021418213550686186,0.227576585725765,93.48047477972924
2025-05-21,138.5,139.81,138.02,138.85,6152054.0,855266332.46,0.6939,-0.0792,139.66199999999998,141.828,145.836,145.85899999999998,149.2243333333333,142.09850000000003,113.4478,139.66199999999998,141.828,145.836,145.85899999999998,149.2243333333333,142.09850000000003,113.4478,142.40210140230724,144.68145436091024,33.78906250000004,26.86283815851928,37.516570923552806,-2.279352958602999,-1.3154723942229305,-1.927761128760137,-2.279352958602999,-1.0759398935807392,-2.4068261300445197,155.22269472682916,145.836,136.44930527317086,15.147286199943418,13.566578211681534,18.308702176467186,12.608154111778202,12.55870224902802,12.707057837278562,3.0609297148818198,-122.04481572400184,-86.14551083591337,-0.005814036745857739,-0.020997264291959337,-0.04790312405716022,-0.0480532569124976,-0.06952172679612115,-0.022860902824449483,0.22391090880563566,99.21121915214236
2025-05-22,138.51,139.56,136.0,136.66,8607536.0,1184784350.37,0.9709,-1.5772,138.572,140.894,144.983,145.86566666666667,148.886,142.18283333333335,113.70284000000001,138.572,140.894,144.983,145.86566666666667,148.886,142.18283333333335,113.70284000000001,141.51870118656765,144.08727255639837,13.58381502890171,19.450800915331897,35.44491525423729,-2.568571369830721,-1.5660921893444886,-2.004958360972465,-2.568571369830721,-1.3055755053115057,-2.525991729038431,154.45330839268593,144.983,135.51269160731408,12.37091807268954,13.168024832017537,10.776704554033543,10.54759771035131,11.888334069469117,7.866124992115694,3.151669766721489,-130.16026285790892,-93.57351509250248,-0.013797881245850577,-0.030050960296393096,-0.057406730444259035,-0.06311057891164706,-0.08211651867872063,-0.038843179614979434,0.2019048952515169,85.30123579173737
2025-05-23,136.67,139.78,135.38,136.13,9965739.0,1368973473.54,1.1241,-0.3878,138.1,140.11899999999997,144.1845,145.929,148.5871666666667,142.24641666666668,113.95927999999999,138.1,140.11899999999997,144.1845,145.929,148.5871666666667,142.24641666666668,113.95927999999999,140.68967023478803,143.4978449596281,16.022727272727224,16.02593793422882,28.947971579188646,-2.808174724840086,-1.8145086964436081,-1.9873320567929555,-2.808174724840086,-1.5367446160082103,-2.542860217663751,153.8197848809357,144.1845,134.5492151190643,10.717634446351656,12.351228036795577,7.4504472654638185,9.458916272920288,11.078528137286174,6.219692544188515,3.3786389000448556,-124.03056273151005,-92.71844660194175,-0.01426502534395365,-0.02846865878289152,-0.05586245400857941,-0.06714909305210072,-0.08383743324625406,-0.04299873986280859,0.1945494917131804,96.18875007111582
2025-05-26,136.13,136.13,136.13,136.13,,,,,137.346,139.36200000000002,143.541,145.75066666666666,148.25766666666667,142.34833333333333,114.217,137.346,139.36200000000002,143.541,145.75066666666666,148.25766666666667,142.34833333333333,114.217,139.9881825063591,142.9520786663223,27.220077220077115,20.60750446694462,29.283561326223065,-2.9638961599632125,-2.044386189147529,-1.839019941631367,-2.9638961599632125,-1.7563063920012876,-2.41517953592385,153.53455560769822,143.541,133.54744439230177,9.615445362126401,11.43930047857252,5.967735129234164,8.776299913172153,10.311118729248168,5.706662281020122,2.764340918218518,-125.09466363743047,-92.58893280632411,-0.008853552342259754,-0.023191400812273267,-0.05162984791801647,-0.0660077026520176,-0.08180127840493917,-0.043683920898266,0.19185410227899521,100.0
2025-05-27,136.13,136.13,136.13,136.13,,,,,136.78,138.75799999999998,142.9325,145.57933333333332,147.77649999999997,142.49725,114.4768,136.78,138.75799999999998,142.9325,145.57933333333332,147.77649999999997,142.49725,114.4768,139.39461596691925,142.44673950585397,0.0,23.585548738922995,32.576734588599464,-3.0521235389347225,-2.245933659104968,-1.6123797596595093,-3.0521235389347225,-1.9556628761448929,-2.1929213255796594,153.18466151791515,142.9325,132.68033848208486,9.014463574750936,10.631021510631992,5.781347702988825,8.321222340006731,9.647819932834356,5.668027154351481,2.2617334785424235,-111.23188405797133,-92.58893280632411,-0.0047521567480626236,-0.018939448536300512,-0.04759239501163143,-0.06490848059935245,-0.07881158370918229,-0.04468331845000526,0.18914924246659584,100.0
2025-05-28,136.13,136.13,136.13,136.13,,,,,136.236,137.949,142.3785,145.21966666666668,147.21216666666666,142.64749999999998,114.73115999999999,136.236,137.949,142.3785,145.21966666666668,147.21216666666666,142.64749999999998,114.73115999999999,138.89236735662396,141.9788328757907,0.0,23.87853692201523,24.646872297492095,-3.0864655191667225,-2.414040031117319,-1.3448509760988072,-3.0864655191667225,-2.129632513532867,-1.9136660112677113,152.85248838225084,142.3785,131.90451161774916,9.438997664374428,10.233680228546138,7.8496325360310095,8.151648226671156,9.149096030779956,6.156752618453556,1.850509209716528,-99.37950763527961,-92.1875,-0.000778061598989948,-0.013186032519264486,-0.04388654185849694,-0.06259253223277852,-0.07528023612178794,-0.045689549413764595,0.18651288804192348,100.0
2025-05-29,136.13,136.13,136.13,136.13,,,,,136.13,137.351,141.75500000000002,144.75233333333333,146.8143333333333,142.75525000000002,114.9802,136.13,137.351,141.75500000000002,144.75233333333333,146.8143333333333,142.75525000000002,114.9802,138.4673877632972,141.5455859961025,0.0,26.69753086419759,25.854248563652874,-3.0781982328052777,-2.5468716714549107,-1.062653122700734,-3.0781982328052777,-2.275565701113238,-1.6052650633840795,152.1539645233476,141.75500000000002,131.35603547665244,10.948158591892074,10.471839682994784,11.900796409686656,8.863787432321242,9.053993164627052,8.483375967709623,1.5140529897680683,-89.24083018208594,-89.71193415637859,0.0,-0.008889633129718777,-0.0396811399950621,-0.05956610946973795,-0.07277445662662353,-0.046409851826815625,0.18394297452952768,100.0
2025-05-30,136.13,136.13,136.13,136.13,,,,,136.13,137.115,141.05649999999997,144.27666666666667,146.5676666666667,142.8396666666667,115.22924,136.13,137.115,141.05649999999997,144.27666666666667,146.5676666666667,142.8396666666667,115.22924,138.10778964586686,141.14443147787267,0.0,12.923923006416103,28.528528528528554,-3.036641832005813,-2.644825703565091,-0.783632256881444,-3.036641832005813,-2.3926543366351725,-1.2879749907412812,150.96026063608105,141.05649999999997,131.1527393639189,11.954265876903838,10.965981747631137,13.930834135449238,10.564685103856615,9.55755714437024,12.578941022829365,1.2387706279920558,-81.61138021951092,-86.03351955307264,0.0,-0.007183750866061434,-0.034925721253540085,-0.05646558695099699,-0.07121397852641463,-0.04697341308086706,0.18138416950419867,100.0
2025-06-03,136.13,136.13,136.13,136.13,,,,,136.13,136.738,140.433,143.66433333333333,146.3115,142.92566666666667,115.48568,136.13,136.738,140.433,143.66433333333333,146.3115,142.92566666666667,115.48568,137.8035143157335,140.77299210914134,,16.022727272727224,29.210796036897847,-2.969477793407833,-2.7097561215336397,-0.519443343748387,-2.969477793407833,-2.4813964069078898,-0.9761627729998867,149.89752901488663,140.433,130.96847098511336,13.612851442390362,11.848271645884212,17.142011035402657,11.698616884880199,10.271243724540227,14.553363205560146,1.013539604720773,-76.16274300713661,-86.03351955307264,0.0,-0.004446459652766635,-0.030640946216345142,-0.05244400721125403,-0.06958783144182104,-0.047546860022809126,0.17876086455047926,100.0
2025-06-04,136.13,136.13,136.13,136.13,,,,,136.13,136.45499999999998,139.739,143.06866666666667,146.01450000000003,143.00266666666667,115.74015999999999,136.13,136.45499999999998,139.739,143.06866666666667,146.01450000000003,143.00266666666667,115.74015999999999,137.54605057485142,140.42906676772344,,27.220077220077115,30.340667139815466,-2.88301619287202,-2.744408135801316,-0.27721611414140845,-2.88301619287202,-2.5431840662869867,-0.679664253170067,148.23242011577815,139.739,131.24557988422185,14.757052476745084,12.81786525617117,18.635426917892907,13.442418781041269,11.328302076707242,17.670652189709322,0.8292596765897233,-72.42861398357347,-83.0699774266366,0.0,-0.0023817375691619117,-0.02582671981336641,-0.04849885602717583,-0.06769533162802345,-0.048059709842240755,0.17616910154608398,100.0
2025-06-05,136.13,136.13,136.13,136.13,,,,,136.13,136.183,139.0055,142.6183333333333,145.56616666666665,143.09233333333336,115.9994,136.13,136.183,139.0055,142.6183333333333,145.56616666666665,143.09233333333336,115.9994,137.32819664025888,140.1106173775217,,0.0,26.726390444195644,-2.782420737262811,-2.7520106560936153,-0.06082016233839127,-2.782420737262811,-2.579989707975575,-0.404862058574472,145.85078412389066,139.0055,132.16021587610936,15.519853166314899,13.718527892885747,19.1225037131732,14.643430702512354,12.433344951975613,19.063602203585837,0.6784851899370463,-70.59150459433488,-82.95454545454548,0.0,-0.00038918220335869584,-0.020686231839747465,-0.04549438477989026,-0.06482390024238681,-0.04865622896171955,0.17354055279596275,100.0
2025-06-06,136.13,136.13,136.13,136.13,,,,,136.13,136.13,138.512,142.032,145.17166666666668,143.15266666666668,116.2732,136.13,136.13,138.512,142.032,145.17166666666668,143.15266666666668,116.2732,137.14385869560365,139.81575683103858,,0.0,22.380387504942732,-2.6718981354349296,-2.735988151961878,0.1281800330538969,-2.6718981354349296,-2.594129466046245,-0.15553733877736953,144.61721295804702,138.512,132.40678704195298,15.519853166314899,14.318969650695465,17.921620197553764,15.444105316826413,13.436931740259213,19.458452469960815,0.5551242463121288,-65.63986111796753,-82.95454545454548,0.0,0.0,-0.017197065958184165,-0.041554015996395285,-0.062282584985591895,-0.049057183705973666,0.17077710082804973,100.0
2025-06-09,136.13,136.13,136.13,136.13,,,,,136.13,136.13,138.12449999999998,141.49966666666666,144.72383333333335,143.22024999999996,116.53508,136.13,136.13,138.12449999999998,141.49966666666666,144.72383333333335,143.22024999999996,116.53508,136.98788043474156,139.5427378065172,,0.0,23.791509037410734,-2.554857371775654,-2.6997619959246335,0.28980924829795907,-2.554857371775654,-2.588087605389231,0.06646046722715404,143.76094335411594,138.12449999999998,132.48805664588403,15.519853166314899,14.719264155901943,17.121031187140808,15.444105316826413,14.105989599114947,18.120336752249347,0.45419256516446893,-60.63404960473834,,0.0,0.0,-0.014439871275552043,-0.037948263717935686,-0.05938091284204525,-0.049505918332079235,0.16814610673455582,100.0
2025-06-10,148.0,148.0,140.0,141.98,60907734.0,8730159987.19,6.8701,4.2974,137.3,136.71499999999997,138.0385,141.26566666666668,144.45666666666665,143.3216666666667,116.82148000000001,137.3,136.71499999999997,138.0385,141.26566666666668,144.45666666666665,143.3216666666667,116.82148000000001,137.7558988293967,139.7232757467752,100.0,91.69278996865201,35.777541622387545,-1.9673769173784876,-2.5532849802154045,1.1718161256738338,-1.9673769173784876,-2.492593653387578,1.050433472018181,143.3604674834298,138.0385,132.7165325165702,33.394941556436166,20.94448995608002,58.29584475714846,29.946878330038693,19.386285842756195,51.0680633046037,2.529793916952748,138.34564281301581,-50.71609098567824,0.034085943190094524,0.038510770581136056,0.028553628154464085,0.005056666281261887,-0.017144703140503446,-0.009361227076622725,0.21535868232451755,152.31170271792612
2025-06-11,140.1,141.0,135.41,135.5,31970969.0,4367176606.05,3.6062,-4.564,137.17399999999998,136.652,137.70499999999998,140.839,144.00799999999998,143.37591666666668,117.08532000000001,137.17399999999998,136.652,137.70499999999998,140.839,144.00799999999998,143.37591666666668,117.08532000000001,137.40883747102797,139.41044050627332,47.44525547445257,47.44525547445257,27.44693396226414,-2.0016030352453527,-2.442948591221394,0.8826911119520826,-2.0016030352453527,-2.417056635211851,0.8309071999329971,142.766435203155,137.70499999999998,132.64356479684497,22.501578723618298,21.463519545259448,24.577697080336,20.202869906019984,19.658480530510793,21.291648657038365,3.2643768411431564,-22.980645696050864,-99.28514694201745,-0.012203478793357184,-0.00843017299417489,-0.01601249046875556,-0.03790853385780926,-0.05908005110827164,-0.05493193591903811,0.15727573704372153,62.67888089528522
2025-06-12,135.5,136.56,132.01,136.09,18755783.0,2532497846.25,2.1156,0.4354,137.166,136.648,137.29850000000002,140.4683333333333,143.68466666666666,143.42416666666668,117.35164000000002,137.166,136.648,137.29850000000002,140.4683333333333,143.68466666666666,143.42416666666668,117.35164000000002,137.20593939856212,139.16448195025308,49.845201238390125,49.845201238390125,33.322113766408634,-1.9585425516909538,-2.3460673833153063,0.775049663248705,-1.9585425516909538,-2.346516006977867,0.7759469105738264,141.36490291062339,137.29850000000002,133.23209708937665,23.506368304801214,22.14446913177337,26.2301666508569,21.973895759735672,20.430285606919085,25.06111606536885,3.4981265063898572,-99.0560254995709,-74.48405253283296,-0.007844509572342952,-0.004083484573502669,-0.008801989825089238,-0.03116953999121963,-0.05285648665828403,-0.051136198571835344,0.15967701857426095,104.44055924447184
2025-06-13,135.01,137.96,134.43,137.06,19493023.0,2656599454.9,2.1987,0.7128,137.352,136.741,137.046,140.0836666666667,143.3543333333333,143.52983333333333,117.61467999999999,137.352,136.741,137.046,140.0836666666667,143.3543333333333,143.52983333333333,117.61467999999999,137.1834871833987,139.00859439838246,53.34773218142551,53.34773218142551,38.06022408963587,-1.8251072149837455,-2.2418753496489945,0.833536269330498,-1.8251072149837455,-2.266299269748002,0.8823841095285134,140.42318288081555,137.046,133.66881711918444,26.19832516963818,23.49575447772831,31.603466553457928,25.176676806261156,22.012416006699777,31.505198405383915,3.503921687046247,-35.39890435591087,-68.41776110068788,-0.002125924631603483,0.0023328774837099945,0.00010215548064160943,-0.021584719608043892,-0.04390752052606223,-0.045076575253228376,0.1653307223213974,107.36065045533138
2025-06-16,136.69,138.98,135.74,138.35,14870806.0,2048039604.78,1.6774,0.9412,137.796,136.963,137.039,139.692,143.08033333333333,143.62608333333336,117.88364,137.796,136.963,137.039,139.692,143.08033333333333,143.62608333333336,117.88364,137.36295069364508,138.9598096281319,57.31225296442688,57.31225296442688,40.98415908324908,-1.5968589344868178,-2.1128720666165592,1.0320262642594829,-1.5968589344868178,-2.163308448938589,1.1328990289035428,140.40413955289725,137.039,133.67386044710273,30.682143817490708,25.891217590982443,40.263996270507235,30.00104490857269,24.675292307324085,40.6525501110699,3.4559359257651074,25.650862798000105,-60.35021888680425,0.004020436006850722,0.01012682257251959,0.009566619721393232,-0.009606849354293824,-0.03306068152855855,-0.036734854915512864,0.17361493079107496,109.82073852989605
2025-06-17,138.2,138.2,135.38,135.7,13154446.0,1789374771.92,1.4838,-1.9154,136.54,136.92000000000002,136.829,139.262,142.78533333333334,143.72516666666664,118.14028,136.54,136.92000000000002,136.829,139.262,142.78533333333334,143.72516666666664,118.14028,137.107112125392,138.7183422482703,48.794167134043725,48.794167134043725,39.493341994153944,-1.6112301228782826,-2.012543677868904,0.802627109981243,-1.6112301228782826,-2.0783733218523883,0.9342863979482114,139.95833085161902,136.829,133.699669148381,28.14707023730149,26.643168473088792,31.15487376572689,27.693004298022814,25.68119630422366,31.71662028562112,3.36758393926236,-32.43640033950424,-76.92307692307695,-0.006152043357257972,-0.008910312591294385,-0.008251174824050597,-0.02557768809869176,-0.04962227679780383,-0.05583689240228156,0.1486344877462622,82.41510984967982
2025-06-18,136.13,136.4,134.21,134.68,11917781.0,1608698271.18,1.3443,-0.7517,136.37600000000003,136.775,136.615,138.751,142.4826666666667,143.819,118.39551999999999,136.37600000000003,136.775,136.615,138.751,142.4826666666667,143.819,118.39551999999999,136.7337102599471,138.41920578543545,21.92307692307692,46.15384615384618,33.97177419354837,-1.6854955254883635,-1.947134047392796,0.5232770438088652,-1.6854955254883635,-2.0179305839502306,0.6648701169237343,139.71598456350642,136.615,133.5140154364936,24.330692228244803,25.8723430581408,21.247390568452815,24.02798160205902,25.130124736835448,21.823695332506162,3.153477768487385,-103.4895880925545,-83.30206378986857,-0.012436205784009106,-0.015317126667885204,-0.014163891227171264,-0.029340329078709326,-0.054762216690685275,-0.06354515050167212,0.1375430421691633,92.7326350249707
2025-06-19,134.24,136.36,133.58,134.15,10646916.0,1435641242.65,1.2009,-0.3935,135.988,136.577,136.38,138.196,142.19083333333336,143.92183333333332,118.65492,135.988,136.577,136.38,138.196,142.19083333333336,143.92183333333332,118.65492,136.3362163738014,138.10296831984766,40.42553191489363,44.89164086687308,35.87650816181687,-1.76675194604627,-1.911057627123491,0.28861136215444194,-1.76675194604627,-1.9792877165803904,0.42507154106824085,139.4801867515819,136.38,133.2798132484181,20.68158301978883,24.142089712023477,13.760569635319541,20.479775935664975,23.580008469778626,14.279310867437673,3.085572719671497,-127.26966481387716,-86.61663539712312,-0.013515898461628923,-0.017770195567335587,-0.016351371168793004,-0.02927725838663921,-0.0565495900462408,-0.06789680972657602,0.1305894437415659,96.13370777656839
2025-06-20,134.5,135.48,133.5,133.5,9018692.0,1209991160.76,1.0173,-0.4845,135.276,136.314,136.222,137.77933333333334,141.98583333333332,144.02433333333335,118.91636,135.276,136.314,136.222,137.77933333333334,141.98583333333332,144.02433333333335,118.91636,135.89987539321658,137.76200770356266,31.786216596343124,43.43484772840739,40.10313367711224,-1.8621323103460838,-1.9012725637680097,0.07828050684385168,-1.8621323103460838,-1.9612638079289586,0.19826299516574952,139.57397412374604,136.222,132.87002587625398,16.89382999734934,21.726003140465433,7.2294837111171475,16.759291941266767,21.30643629360801,7.665003236584283,2.884559497913041,-154.17801998183478,-90.68167604752966,-0.013128714627871983,-0.020643514239183012,-0.019982088062133932,-0.03105932674953675,-0.05976535217715372,-0.07307330011363829,0.12263779348779262,95.25897122633206
2025-06-23,133.01,134.36,132.9,133.58,9057194.0,1209231345.74,1.0216,0.0599,134.32199999999997,136.05900000000003,136.09449999999998,137.436,141.7288333333333,144.0643333333333,119.165,134.32199999999997,136.05900000000003,136.09449999999998,137.436,141.7288333333333,144.0643333333333,119.165,135.54297148656786,137.45222935515062,22.025723472668886,43.65987071108905,36.76716917922949,-1.9092578685827561,-1.902869624730959,-0.012776487703594075,-1.9092578685827561,-1.9532628941833892,0.08801005120126604,139.64907585003206,136.09449999999998,132.5399241499679,17.08383623849993,20.1786141731436,10.894280369212595,14.445740176812869,19.01953758800963,5.298145354419347,2.625548680110671,-176.0008902985273,-90.18136335209493,-0.005524039248968612,-0.018220036895758553,-0.018476132393300024,-0.02805669548007796,-0.05749594589668276,-0.07277535730564792,0.12096672680736797,100.60086947892508
2025-06-24,134.0,138.12,133.6,137.14,19608053.0,2674750708.95,2.2117,2.6651,134.60999999999999,135.575,136.145,137.21733333333336,141.6475,144.11500000000004,119.4298,134.60999999999999,135.575,136.145,137.21733333333336,141.6475,144.11500000000004,119.4298,135.78866818094204,137.42910125476908,42.8739693757361,52.133502323616376,46.566037735849015,-1.6404330738270403,-1.8503823145501754,0.4198984814462703,-1.6404330738270403,-1.9051352295131816,0.5294043113722826,139.7302651667257,136.145,132.55973483327432,35.92294008439448,25.42672281022723,56.91537463272899,28.651628045201868,22.23023440707371,41.49441532145818,2.9736307382723655,1.9828008733228621,-42.93659621802013,0.018795037515786355,0.011543426147888607,0.007308384443056859,-0.0005635828321011752,-0.03182195238179298,-0.048398848142109076,0.14828962285794656,130.0849516903701
2025-06-25,136.54,138.25,135.74,137.99,16995590.0,2332328873.8,1.917,0.6198,135.272,135.824,136.238,137.078,141.5965,144.12575,119.694,135.272,135.824,136.238,137.078,141.5965,144.12575,119.694,136.12733461464327,137.47064930997138,67.11509715994038,53.792822185970664,48.42143906020561,-1.3433146953281039,-1.7489687907057612,0.8113081907553146,-1.3433146953281039,-1.818701301177016,0.950773211697824,139.91689914883727,136.238,132.55910085116273,51.854328477315704,34.23592469925673,87.09113603343366,47.69984193926905,30.720103584472156,81.65931864886284,2.889334240404661,63.179737437566544,-14.203730272596568,0.020092849961559064,0.015947108022146283,0.012859848206814616,0.0066531463838107215,-0.02547026232993035,-0.042572198236609356,0.15285645061573686,106.37380522047471
2025-06-26,138.8,146.68,138.11,141.75,29916733.0,4273947686.27,3.3745,2.7248,136.792,136.39,136.519,136.99566666666666,141.58966666666666,144.13408333333334,119.96844,136.792,136.39,136.519,136.99566666666666,141.58966666666666,144.13408333333334,119.96844,136.9923600585443,137.7876382499735,87.48674443266165,49.48729380294251,58.83373828531761,-0.7952781914291904,-1.5582306708504472,1.5259049588425135,-0.7952781914291904,-1.6612515919850428,1.7319468011117047,140.94569366932618,136.519,132.09230633067384,55.977389763783755,41.48307972076574,84.9660098498198,53.207732071752645,38.21597974689898,83.19123672145997,3.9440007421492673,251.67081541826767,-35.776487663280164,0.03624480963799051,0.039299068846689746,0.03831701081900684,0.03470426071870888,0.0011323801878197867,-0.01654073261644686,0.18156075047737555,130.8442159632485
2025-06-27,142.85,143.29,138.88,139.0,17061097.0,2388931717.69,1.9244,-1.94,137.892,136.584,136.6625,136.892,141.5565,143.98741666666666,120.2302,137.892,136.584,136.6625,136.892,141.5565,143.98741666666666,120.2302,137.3012277418452,137.87744282404952,70.81545064377679,59.35828877005348,54.62455688043829,-0.5762150822043282,-1.3618275531212234,1.5712249418337905,-0.5762150822043282,-1.4943228981726253,1.8362156319365943,141.22023200754265,136.6625,132.10476799245734,52.07394440952781,45.0133679503531,66.19509732787722,50.227505948173736,42.21982181399056,66.24287421654009,4.028727879940309,137.71257515934954,-55.732946298984075,0.008035273982537087,0.017688748316054565,0.017104180005488013,0.015399000672062678,-0.01805992660174559,-0.03463786476711792,0.15611551839720805,82.20861411980542
2025-06-30,139.16,142.77,138.69,141.29,15404465.0,2173041988.02,1.7376,1.6475,139.43400000000003,136.878,136.9205,136.98533333333333,141.55633333333336,143.8383333333333,120.49683999999999,139.43400000000003,136.878,136.9205,136.98533333333333,141.55633333333336,143.8383333333333,120.49683999999999,137.91488501233056,138.1302248370829,79.30775018811136,62.74509803921567,57.743097238895565,-0.21533982475233415,-1.1325300074474456,1.8343803653902229,-0.21533982475233415,-1.2975562714925806,2.164432893480493,141.91460800211502,136.9205,131.926391997885,55.01107663102528,48.34593751057716,68.34135487192154,53.78011765678923,46.073253761590124,69.19384544718744,4.038050083587527,130.57135580269966,-39.11465892597978,0.01331095715535641,0.03223308347579601,0.03191267925548028,0.03142428873164034,-0.0018814653294685784,-0.017716649479160528,0.17256186967226694,117.75144592728093
2025-07-01,141.07,141.09,136.21,136.5,19541139.0,2683905185.41,2.2042,-3.3902,139.30599999999998,136.958,136.93900000000002,136.87199999999999,141.46616666666668,143.68375,120.74155999999999,139.30599999999998,136.958,136.93900000000002,136.87199999999999,141.46616666666668,143.68375,120.74155999999999,137.69721039504893,138.00946744174342,58.11111111111109,48.84393063583814,50.48543689320389,-0.31225704669449783,-0.9684754152968561,1.3124367372047165,-0.31225704669449783,-1.1459717753697987,1.6674294573506017,141.92351032277415,136.93900000000002,131.9544896772259,45.38232394656643,47.358066322573585,41.43083919455212,44.56168463040906,45.56939738452977,42.546259122167655,4.227495522935246,26.013217344392885,-73.87518142235128,-0.020142707421072915,-0.0033440908891776925,-0.00320580696514522,-0.0027178677888829396,-0.035104977986491565,-0.049996955118445915,0.1305138015443896,70.82918791714049
2025-07-02,136.31,136.78,135.5,135.56,10266933.0,1395235281.29,1.1581,-0.6886,138.82,137.046,136.9105,136.75866666666664,141.36166666666665,143.53008333333335,120.98420000000002,138.82,137.046,136.9105,136.75866666666664,141.36166666666665,143.53008333333335,120.98420000000002,137.36840879581064,137.82802540902168,44.863459037711365,44.155844155844164,49.270166453265055,-0.45961661321103975,-0.8667036548796928,0.8141740833373061,-0.45961661321103975,-1.0403786734992204,1.1615241205763613,141.9209374218068,136.9105,131.90006257819323,36.689328688131845,43.80182044442634,22.46434517554286,36.1422358106936,42.42701019325105,23.572687045578704,3.691587246037929,-40.513302875571554,-80.69666182873732,-0.023483647889353056,-0.010843074588094435,-0.00986410830433028,-0.008764831479296666,-0.04104130068264604,-0.05552900930757267,0.12047688871770021,93.32308520769939
2025-07-03,135.8,136.43,135.1,135.36,9140742.0,1238216534.85,1.031,-0.1475,137.54199999999997,137.167,136.87199999999999,136.6423333333333,141.2506666666667,143.40983333333332,121.21867999999999,137.54199999999997,137.167,136.87199999999999,136.6423333333333,141.2506666666667,143.40983333333332,121.21867999999999,137.05942282722438,137.6452087120571,41.07264086897487,49.206349206349266,49.0191082802548,-0.5857858848327169,-0.8105201008702977,0.44946843207516163,-0.5857858848327169,-0.9704413213966814,0.769310873127929,141.91938640027007,136.87199999999999,131.8246135997299,30.410205579219024,39.33794882269057,12.554719092275931,30.045476994260195,38.2998324602541,13.536766062272378,3.2622077467583073,-49.809321094408254,-82.14804063860662,-0.015864245103313607,-0.013173722542593976,-0.011046817464492169,-0.009384597745451983,-0.041703637976929955,-0.05613166926024351,0.11665957755025894,98.53439521039975
2025-07-04,135.36,137.3,134.9,135.56,11151327.0,1514571790.83,1.2578,0.1478,136.854,137.373,136.8435,136.60566666666668,141.23566666666665,143.3805,121.46644,136.854,137.373,136.8435,136.60566666666668,141.23566666666665,143.3805,121.46644,136.82874239226678,137.49074880746028,22.29185317815569,52.135922330097074,49.27756653992396,-0.6620064151935026,-0.7808173637349387,0.2376218970828723,-0.6620064151935026,-0.9229897973654231,0.521966764343841,141.91490705067454,136.8435,131.77209294932547,25.268373546186808,34.64809039718932,6.508939844181782,26.46476405326102,34.35480965792308,10.684672843936909,3.1054427018931614,-39.64915766929342,-80.69666182873732,-0.00945533195960667,-0.013197644369708664,-0.009379327479931482,-0.0076546360936711475,-0.040185788764405435,-0.054543679231136795,0.11602842727587963,101.48740425764089
2025-07-07,135.56,136.32,134.83,136.03,7232237.0,981568197.81,0.8158,0.3467,135.802,137.618,136.8385,136.60233333333332,141.26566666666668,143.384,121.72592,135.802,137.618,136.8385,136.60233333333332,141.26566666666668,143.384,121.72592,136.70585894730266,137.38254519209286,33.2958380202474,54.57643622200584,49.874749498998,-0.6766862447902042,-0.7599911399459919,0.1666097903115753,-0.6766862447902042,-0.8850969431230817,0.416821396665755,141.91306516155765,136.8385,131.76393483844237,20.22110979028485,29.8390968615545,0.9851356477455511,23.835836585966074,30.84848530060408,9.810539156690062,2.811725847003492,-45.02343715775127,-81.42201834862381,0.0016789148907969593,-0.011539188187591694,-0.005908424895040572,-0.004189777138994591,-0.03706255589350567,-0.051288846733247684,0.11751055157356789,103.52169611667028
2025-07-08,136.16,137.2,135.39,136.9,10073586.0,1375161421.04,1.1363,0.6396,135.882,137.594,136.5845,136.62800000000001,141.18933333333334,143.40341666666666,121.98292,135.882,137.594,136.5845,136.62800000000001,141.18933333333334,143.40341666666666,121.98292,136.7357268015638,137.3468011037897,20.61579651941095,58.188824662813126,50.94385878891887,-0.6110743022258873,-0.730207772401971,0.23826694035216733,-0.6110743022258873,-0.8429396137542826,0.4637306230567906,141.04713304386073,136.5845,132.12186695613926,19.303524670316467,26.327239464475156,5.256095081999092,21.71334253410395,27.803437711770705,9.533152178770436,2.629593874821039,-10.488743005535175,-82.53164556962031,0.007491794350981003,-0.005043824585374278,0.0023099253575626397,0.001990807155195065,-0.030380009821327377,-0.045350500133364925,0.12228826789848951,106.58289215256458
2025-07-09,137.19,137.38,135.38,135.39,9061980.0,1234160610.27,1.0222,-1.103,135.848,137.334,136.579,136.60333333333335,141.09133333333332,143.30166666666668,122.24028,135.848,137.334,136.579,136.60333333333335,141.09133333333332,143.30166666666668,122.24028,136.52869190901552,137.20185287387935,36.754176610978355,54.07841369986475,49.12529550827422,-0.6731609648638255,-0.7187984108943419,0.0912748920610329,-0.6731609648638255,-0.8168198216172892,0.28731771350692736,141.04752807508714,136.579,132.11047192491287,15.075478227807414,22.57665238558591,0.07312991225042254,16.05080782161072,23.88589441505071,0.38063463473074677,2.5151222612172135,-26.324590320578004,-95.27426160337575,-0.0033714151110066162,-0.014155271090917156,-0.008705584313840498,-0.008882164905688245,-0.0404088132037404,-0.055209871948453886,0.10757272480069571,89.50172404019807
2025-07-10,135.51,136.1,135.01,135.11,10940466.0,1480661391.71,1.234,-0.2068,135.798,136.67000000000002,136.53,136.56933333333333,140.8945,143.1785,122.49944,135.798,136.67000000000002,136.53,136.56933333333333,140.8945,143.1785,122.49944,136.31043161532082,137.04690080914753,43.62606232294629,44.6324695928081,48.80225457961486,-0.7364691938267072,-0.722332567480815,-0.02827325269178438,-0.7364691938267072,-0.8044581865725842,0.135977985491754,141.0423829624653,136.53,132.0176170375347,11.225801606111752,18.793035459094526,-3.9086660998537965,11.803769438205423,19.85851942276895,-4.305730530921629,2.256009122814084,-54.25427080964411,-96.69030732860517,-0.005066348547106645,-0.01141435574742081,-0.010400644546985919,-0.010685659054741323,-0.04105554155769019,-0.056352734523688955,0.10294381753908431,97.95104133608353
2025-07-11,135.46,138.95,135.01,137.43,20963941.0,2880699145.19,2.3646,1.7171,136.172,136.513,136.5485,136.61266666666668,140.6825,143.08875,122.76728,136.172,136.513,136.5485,136.61266666666668,140.6825,143.08875,122.76728,136.48267290527147,137.07527852698846,68.31858407079648,48.62610402355249,51.4476614699332,-0.5926056217169844,-0.6963871783280489,0.20756311322212895,-0.5926056217169844,-0.7718654842871073,0.3585197251402459,141.07304952685897,136.5485,132.023950473141,21.328383179367354,19.638151365852135,24.708846806397794,18.78437693865246,19.500471928063455,17.352186959830476,2.5621892823024317,15.486130272898414,-67.25440806045346,0.009238316247099329,0.006717308974236897,0.006455581716386609,0.005982851760939614,-0.023119435608551155,-0.03954713420866419,0.11943508074789966,118.56063730786146
2025-07-14,137.0,137.68,136.0,136.1,9621070.0,1313903136.76,1.0852,-0.9678,136.186,135.994,136.436,136.61166666666665,140.4441666666667,143.00041666666667,123.02752,136.186,135.994,136.436,136.61166666666665,140.4441666666667,143.00041666666667,123.02752,136.42380015061434,137.00303567313745,53.98230088495569,34.261838440111376,42.71916790490341,-0.5792355225231063,-0.6729568471670604,0.18744264928790821,-0.5792355225231063,-0.7422301055541841,0.32598916606215567,140.88317485719568,136.436,131.98882514280433,24.494003025727018,21.256768585810427,30.968471905560207,19.285431271135636,19.428791709087516,18.998710395231875,2.401791230974718,-4.374044504840292,-79.71246006389802,-0.0006314892867109155,0.0007794461520360791,-0.0024626931308453248,-0.0037454097380652416,-0.030931627633757383,-0.0482545214029097,0.10625655137972381,90.73310789262244
2025-07-15,136.1,137.64,135.86,136.7,13308344.0,1816701018.34,1.5011,0.4409,136.14600000000002,136.014,136.48600000000002,136.63066666666666,140.1475,142.94458333333333,123.28952000000001,136.14600000000002,136.014,136.48600000000002,136.63066666666666,140.1475,142.94458333333333,123.28952000000001,136.46629243513522,136.98058858623838,54.848046309696,42.72151898734171,51.73913043478259,-0.5142961511031672,-0.6412247079542818,0.2538571137022292,-0.5142961511031672,-0.7071633433309508,0.3857343844555672,140.92080207829295,136.48600000000002,132.0511979217071,31.458785188672277,24.657440786764376,45.061473992488075,27.98640401894469,22.281329145706575,39.396553765420926,2.2887382798884004,0.9242472716923138,-54.61165048543721,0.004069161047698599,0.0050435984531002585,0.0015679263807274752,0.0005074507431225748,-0.02459908310886758,-0.04368534426219955,0.10877226223283193,104.49701712226506
2025-07-16,136.7,139.15,136.5,137.56,15745373.0,2169023139.22,1.776,0.6291,136.58,136.214,136.63,136.67833333333334,139.8735,142.8905,123.56408,136.58,136.214,136.63,136.67833333333334,139.8735,142.8905,123.56408,136.6345551374221,137.02350795022073,54.782608695652144,37.02157272094643,52.11389128559102,-0.38895281279863525,-0.5907703289231525,0.4036350322490345,-0.38895281279863525,-0.6582078770952099,0.5385101285931493,141.0045098973545,136.63,132.2554901026455,42.03733827392962,30.45073994915279,65.21053492348328,39.72241749411123,28.09502526184146,62.97720195865076,2.354422228999601,37.90081276658832,-36.80555555555569,0.00717528188607402,0.009881509976948064,0.006806704237722366,0.006450668845342426,-0.01653994502175183,-0.037304789331691054,0.11326851622251384,106.47227305263358
2025-07-17,137.56,138.0,135.82,138.0,17159059.0,2347195046.74,1.9355,0.3199,137.158,136.478,136.8225,136.74066666666667,139.6795,142.81383333333332,123.83008,137.158,136.478,136.8225,136.74066666666667,139.6795,142.81383333333332,123.83008,136.8446235778187,137.0958406946488,72.38421955403105,57.48502994011977,51.37266355140187,-0.25121711683010517,-0.5228596865045431,0.5432851393488758,-0.25121711683010517,-0.5955939139775015,0.6887535942947927,141.0746319729915,136.8225,132.57036802700847,52.48476872582957,37.795416208045054,81.86347376139861,50.94148820595064,35.71051290987785,81.40343879809623,2.3227090964542203,13.275963518682431,-26.620370370370544,0.006138905495851595,0.011151980538987905,0.008606040673134968,0.009209647459180619,-0.012023954839471721,-0.03370705218798824,0.11443035488630876,103.24503896477839
2025-07-18,137.5,138.16,136.31,136.97,12068745.0,1654756451.42,1.3613,-0.7464,137.06599999999997,136.619,136.99599999999998,136.76866666666666,139.40033333333335,142.8485,124.09403999999999,137.06599999999997,136.619,136.99599999999998,136.76866666666666,139.40033333333335,142.8485,124.09403999999999,136.8639122581543,137.08651916171186,64.13373860182358,56.973293768545986,47.9693937610359,-0.22260690355756196,-0.4628091299151469,0.48040445271516985,-0.22260690355756196,-0.5382112969898185,0.6312087868645131,140.95004336689868,136.99599999999998,133.04195663310128,50.770844206913765,42.12055887433462,68.07141487207207,50.47333781631269,40.631454545356135,70.15710435822581,2.236761988007997,1.1878993713700388,-50.462962962963196,-0.0007003925116365491,0.002569188765837834,-0.00018978656311120063,0.0014720720632893827,-0.017434200300812414,-0.04115198969537659,0.10375969708134256,92.78199224548234
2025-07-21,137.22,138.34,136.18,136.67,13169501.0,1804042299.78,1.4855,-0.219,137.18,136.683,137.1505,136.7866666666667,139.14316666666667,142.88925,124.34828,137.18,136.683,137.1505,136.7866666666667,139.14316666666667,142.88925,124.34828,136.83407960305362,137.05566589047396,41.66666666666651,56.41527913809977,51.533354410369896,-0.2215862874203367,-0.41456456141618486,0.3859565479916963,-0.2215862874203367,-0.4894997570560521,0.5358269392714308,140.76984844382827,137.1505,133.53115155617172,47.21276892377174,43.817962224146996,54.00238232302124,47.014431330037695,42.75911347358333,55.52506704294643,2.2228052629156334,-12.109456909206493,-59.9033816425123,-0.0037177431112408463,-9.511058434483608e-05,-0.0035034505889515997,-0.0008529096403160833,-0.017774258886830124,-0.04352496776349527,0.09909039353017174,97.83120134202443
2025-07-22,136.5,137.64,135.2,135.34,22006605.0,2995090613.07,2.4823,-0.9731,136.908,136.527,137.0605,136.56533333333334,138.9155,142.90125,124.59836,136.908,136.527,137.0605,136.56533333333334,138.9155,142.90125,124.59836,136.60422120258383,136.92857952821663,41.66666666666677,49.0299823633157,51.03318722604884,-0.32435832563280087,-0.3965233142595081,0.14432997725341445,-0.32435832563280087,-0.4640933829909365,0.27947011471627126,140.7693598049237,137.0605,133.35164019507627,34.13218411343246,40.58936952057549,21.2178132991464,33.9999590509431,39.83939533270325,22.321086487422804,2.2622952151127906,-63.77098758994704,-92.0289855072461,-0.011452946504221694,-0.008694250954023626,-0.01255285074839204,-0.008972506443802273,-0.025738668471120968,-0.05291241329239598,0.08621012347193016,90.68381395608972
2025-07-23,135.4,136.27,134.85,135.17,20382472.0,2760903353.0,2.2991,-0.1256,136.43,136.505,136.91950000000003,136.55433333333335,138.69666666666666,142.9190833333333,124.84708,136.43,136.505,136.91950000000003,136.55433333333335,138.69666666666666,142.9190833333333,124.84708,136.3835717868017,136.79831437797836,31.47699757869259,46.10507246376807,51.61494616846102,-0.4147425911766618,-0.40016716964293886,-0.029150843067445864,-0.4147425911766618,-0.4565009534810481,0.08351672460877257,140.69341866701055,136.91950000000003,133.1455813329895,25.235409563993674,35.47138286838155,4.763462955217918,25.1472595223341,34.942016729246866,5.55774510850857,2.1091506305468313,-88.12202925427636,-92.55813953488389,-0.009235505387378284,-0.009779861543533263,-0.012777580987368782,-0.010137600906110818,-0.02542719123266604,-0.054220074412735776,0.08268451292573267,98.75098050580637
2025-07-24,135.45,137.78,135.44,136.7,19830632.0,2706856453.97,2.2368,1.1319,136.17000000000002,136.664,136.667,136.57466666666667,138.5215,142.95433333333332,125.11152,136.17000000000002,136.664,136.667,136.57466666666667,138.5215,142.95433333333332,125.11152,136.43225305037066,136.79103183146142,41.04166666666654,49.14529914529908,54.92914356130621,-0.3587787810907628,-0.39188949193250366,0.06622142168348177,-0.3587787810907628,-0.4414667731133119,0.16537598404509823,139.67894184607832,136.667,133.6550581539217,31.164691647313532,34.03581912802555,25.422436685889494,31.105924952873814,33.663319470455846,25.991135917709755,2.2002141522655916,-17.550104631846466,-56.97674418604676,0.0038921935815522703,0.00026341977404438163,0.00024146282570033028,0.0009176909334087041,-0.01314958327768624,-0.0437505683633235,0.09262520349844675,111.91337878175096
2025-07-25,136.86,142.99,136.12,141.49,35889525.0,5000457425.66,4.0482,3.504,137.074,137.07,136.7915,136.72233333333332,138.403,143.04558333333335,125.38948,137.074,137.07,136.7915,136.72233333333332,138.403,143.04558333333335,125.38948,137.21036796569825,137.13910354764946,69.0710382513661,70.36048064085452,60.640301318267426,0.07126441804879846,-0.29925870993624326,0.7410462559700834,0.07126441804879846,-0.3625850513960642,0.8676989388897253,140.36330346603046,136.7915,133.21969653396957,47.96728828903622,38.679642181695776,66.5425805037171,47.92811049274307,38.41824981121826,66.94783185579269,3.049266124580939,215.85951134380596,-18.427518427518393,0.03221617520463397,0.03224629751222015,0.034347894423264566,0.03487116223391949,0.022304429817272875,-0.010874738646830025,0.12840407345177604,141.11472058917164
2025-07-28,141.01,141.3,138.7,139.93,18647934.0,2607009431.29,2.1034,-1.1026,137.72600000000003,137.453,136.7235,136.775,138.2335,143.12,125.63784000000001,137.72600000000003,137.453,136.7235,136.775,138.2335,143.12,125.63784000000001,137.62877289405236,137.34583661819394,65.28925619834709,64.82164821648209,53.96644867785047,0.2829362758584182,-0.182819712777311,0.9315119772714584,0.2829362758584182,-0.2632740779722976,1.0924207076614316,139.9718406290062,136.7235,133.4751593709938,52.780812995311635,43.38003245290106,71.58237408013278,52.754694464449535,43.19706469562868,71.86995400209125,3.0021268292025898,216.29485935984556,-37.592137592137554,0.01600278814457676,0.01802070525925228,0.023452442338003383,0.023067080972399935,0.012272712475630108,-0.02228898826159864,0.11375681084615905,89.50573751918569
2025-07-29,139.1,145.0,138.51,143.0,28162518.0,3998417032.42,3.1766,2.194,139.25799999999998,138.083,137.0485,137.01833333333335,138.14016666666666,143.245,125.90336,139.25799999999998,138.083,137.0485,137.01833333333335,138.14016666666666,143.245,125.90336,138.45511552573663,137.76466353536475,75.42168674698797,66.37272192827743,56.69965231345279,0.6904519903718835,-0.008165372147472094,1.3972347250387114,0.6904519903718835,-0.1165469905347313,1.6139979618132296,141.33686013314252,137.0485,132.76013986685746,61.95239749769544,49.57082080116586,86.71555089075461,61.93498514378738,49.443038178348246,86.91887907466565,3.636285587529393,279.6170230251908,-19.704433497536936,0.026870987663186453,0.03560901776467778,0.04342623231921554,0.04365595844838273,0.035180450774032715,-0.0017103563824217567,0.1357917691791545,124.2373082540801
2025-07-30,142.1,143.19,139.61,140.45,16945833.0,2393448555.89,1.9114,-1.7832,140.314,138.372,137.29299999999998,137.21066666666667,137.98083333333335,143.2555,126.16372,140.314,138.372,137.29299999999998,137.21066666666667,137.98083333333335,143.2555,126.16372,138.76202082946946,137.96357734755995,68.69056327724934,61.930883159626944,48.2034273079049,0.7984434819095156,0.15315639866392547,1.2905741664911803,0.7984434819095156,0.02422077445669131,1.5484454149056486,141.77716207040194,137.29299999999998,132.808837929598,59.69240292949809,52.94468151060994,73.18784576727438,59.68079469355938,52.85562368341863,73.33113671384086,3.6260518443422276,172.2794959908373,-44.82758620689664,0.0009692546716649493,0.015017489087387436,0.022994617351212453,0.023608465814125144,0.01789499749361303,-0.01958389032183772,0.11323603964753093,83.53280415950287
2025-07-31,140.3,144.96,138.8,139.2,31067382.0,4390459187.61,3.5043,-0.89,140.814,138.49200000000002,137.485,137.379,137.7875,143.24208333333334,126.40764,140.814,138.49200000000002,137.485,137.379,137.7875,143.24208333333334,126.40764,138.82940224032032,138.05516421070365,63.66101694915251,56.62076271186439,50.28835063437138,0.7742380296166687,0.2773727248544741,0.9937306095243891,0.7742380296166687,0.1396080444813032,1.2692599702707308,141.94946790605084,137.485,133.02053209394919,54.08064957204632,53.32333753108874,55.59527365396147,54.07291074808718,53.261386038308146,55.69596016764527,4.0867696908254585,136.3134547060361,-57.14285714285722,-0.011461928501427446,0.005112208647430681,0.012474088082336071,0.013255301028541467,0.010251292751519508,-0.028218546109296454,0.10119926295594149,91.44814858165603
2025-08-01,139.7,143.67,137.02,137.75,22549053.0,3151509515.39,2.5434,-1.0417,140.06599999999997,138.57,137.59449999999998,137.52066666666667,137.65,143.22583333333333,126.644,140.06599999999997,138.57,137.59449999999998,137.52066666666667,137.65,143.22583333333333,126.644,138.6633403571941,138.03255945435524,53.5787321063395,50.48793014894709,44.7695035460993,0.6307809028388647,0.34805436045135224,0.5654530847750249,0.6307809028388647,0.21517309961323575,0.8312156064512579,141.9666437593678,137.59449999999998,133.22235624063217,45.57757590517376,50.741416989117084,35.249893737287096,45.57241668920099,50.69839625527243,35.32045755705812,4.552811565220825,65.99800687948046,-71.42857142857139,-0.016535062042179933,-0.005917586779245098,0.0011301323817450388,0.0016676281383161517,0.0007264802034144157,-0.038232162493963454,0.08769464009349037,90.0582954002326
2025-08-04,137.0,145.03,137.0,142.58,31919602.0,4550834999.22,3.6004,3.5064,140.59599999999998,139.161,137.922,137.82066666666665,137.6283333333333,143.22816666666668,126.91312,140.59599999999998,139.161,137.922,137.82066666666665,137.6283333333333,143.22816666666668,126.91312,139.26590337916423,138.36940690218077,53.70496261046908,59.597652975691545,58.97284533648171,0.896496476983458,0.45774278375777344,0.8775073864513692,0.896496476983458,0.3199920807471161,1.1530087924726837,142.75743325223186,137.922,133.08656674776813,55.6961180559705,52.392984011401566,62.302386145108386,55.69267857865532,52.3631570297334,62.35172167649915,5.185027644271584,121.89948638841511,-24.066797642436022,0.014111354519332254,0.024568665071392208,0.03377271211264349,0.034532798661062146,0.035978541240297264,-0.004525413413795482,0.12344570837120705,141.14647240255746
2025-08-05,141.5,142.8,139.35,142.46,17612763.0,2489166222.85,1.9866,-0.0842,140.488,139.873,138.2,137.99800000000002,137.60766666666666,143.24866666666668,127.1812,140.488,139.873,138.2,137.99800000000002,137.60766666666666,143.24866666666668,127.1812,139.75730285929282,138.67241379831552,59.532780708364726,61.96078431372548,60.435571687840294,1.0848890609773036,0.5831720392016795,1.0034340435512483,1.0848890609773036,0.43766853924406807,1.2944410434664713,143.4126364679801,138.2,132.98736353201988,61.53116247179406,55.43904349819907,73.71540041898405,62.04659252984359,55.59096886310347,74.95783986332384,4.869568072585845,104.99755819632034,-25.245579567779874,0.01403678606001942,0.01849534935262715,0.030824891461649927,0.032333801939158455,0.035262085688055285,-0.005505577713346986,0.12013410787128918,99.16154764467302
2025-08-06,139.35,139.62,136.38,137.34,40868260.0,5613457352.75,4.6098,-3.594,139.866,140.08999999999997,138.2975,137.97633333333334,137.52716666666666,143.2175,127.43136,139.866,140.08999999999997,138.2975,137.97633333333334,137.52716666666666,143.2175,127.43136,139.38541011170932,138.57371647992179,31.527415143603164,51.206337774576916,52.60663507109003,0.8116936317875343,0.6288763577188505,0.3656345481373675,0.8116936317875343,0.4952108611738321,0.6329655412274043,143.35960638495274,138.2975,133.2353936150473,45.58493510091172,52.154340699103294,32.44612390452859,47.96849651450819,53.05014474690505,37.80520004971447,5.089646604842966,-20.829823319967133,-80.18769551616262,-0.01806014327999664,-0.01963023770433273,-0.006923480178600555,-0.004611902041171361,-0.001360943231821996,-0.041038979175030965,0.07775668406897647,69.34913213529092
2025-08-07,137.89,138.85,136.41,136.61,24239698.0,3328624756.0,2.7341,-0.5315,139.348,140.081,138.3725,137.80499999999998,137.40033333333335,143.2305,127.68056,139.348,140.081,138.3725,137.80499999999998,137.40033333333335,143.2305,127.68056,138.95842394067714,138.4282559999276,35.77777777777787,52.33713654766288,51.363282264346935,0.5301679407495499,0.6091346743249904,-0.15793346715088097,0.5301679407495499,0.5005888734162502,0.05915813466659925,143.27777911110493,138.3725,133.46722088889507,31.27627657979864,45.194985992668414,3.4388577540591,33.81214395392955,46.637477815913215,8.161476229962219,4.607892676689699,-42.11767728074183,-94.50056116722773,-0.01964864942446249,-0.02477852099856494,-0.012737357495166949,-0.00867167374188139,-0.00575204815126603,-0.04622269698143896,0.06993578348967151,94.8100733949978
2025-08-08,136.6,137.17,135.7,136.12,16515727.0,2249937370.75,1.8629,-0.3587,139.022,139.544,138.30700000000002,137.70899999999997,137.3005,143.23241666666667,127.92964,139.022,139.544,138.30700000000002,137.70899999999997,137.3005,143.23241666666667,127.92964,138.5217433344191,138.25727407400703,37.91208791208798,51.72790105492909,50.11679211004412,0.26446926041208485,0.5402015915424092,-0.5514646622606487,0.26446926041208485,0.46426277910791713,-0.39958703739166457,143.299478974992,138.30700000000002,133.31452102500802,22.35138695887975,37.58045298140553,-8.106745086171799,24.041965208300354,39.105640280042266,-6.08538493518347,4.037366735473389,-73.11583468265152,-95.49839228295804,-0.0208743939808087,-0.024537063578512916,-0.015812648672879983,-0.011538824622936558,-0.008597929359324947,-0.04965647324947968,0.06402237980189734,96.47049143281409
2025-08-11,136.15,136.89,135.7,135.91,16045534.0,2184254281.22,1.8099,-0.1543,137.68800000000002,139.142,138.29749999999999,137.52966666666669,137.25750000000002,143.18491666666665,128.17328,137.68800000000002,139.142,138.29749999999999,137.52966666666669,137.25750000000002,143.18491666666665,128.17328,138.1199366675854,138.0834019203769,42.00000000000001,48.49063813526941,48.692896752046465,0.036534747208492035,0.4394682226756258,-0.8058669509342675,0.036534747208492035,0.3984584665080056,-0.7238474385990271,143.30835085746293,138.29749999999999,133.28664914253704,15.651192592093498,30.27069951830152,-13.587821260322542,16.7782447583739,31.663175106152813,-12.991615937183923,3.519663692660045,-77.32586597456978,-97.74919614147902,-0.012913253152054063,-0.02322806916675051,-0.01726350801713689,-0.011776852994142028,-0.009817314172267635,-0.05080784230648123,0.06036141074021037,98.46791010217389
2025-08-12,136.0,143.68,135.05,138.8,49599929.0,6896303131.47,2.1339,2.1264,136.956,138.722,138.4025,137.6063333333333,137.23916666666668,143.196,128.41048,136.956,138.722,138.4025,137.6063333333333,137.23916666666668,143.196,128.41048,138.22456179564918,138.13648325960824,30.230125523012617,44.45817882159046,54.34394904458601,0.08807853604093907,0.3691902853486885,-0.5622234986154988,0.08807853604093907,0.3507077079746107,-0.5252583438673433,143.36013048239255,138.4025,133.44486951760746,22.95917849492941,27.83352584384415,13.21048379709994,23.710546605783016,29.012298939362882,13.10704193862329,4.448815748540036,21.685259414481845,-62.424849699398756,0.013464178276234869,0.0005622756303975069,0.002872057946930207,0.008674503838244129,0.011373089557767169,-0.030699181541383746,0.08090866103763497,123.41857748774807
2025-08-13,140.0,142.33,138.58,140.12,36888371.0,5177697113.73,1.587,0.951,137.512,138.68900000000002,138.53050000000002,137.75833333333333,137.2585,143.21891666666667,128.65232,137.512,138.68900000000002,138.53050000000002,137.75833333333333,137.2585,143.21891666666667,128.65232,138.51616767324163,138.2834104255632,39.12639405204462,50.3953391593841,56.217423678332075,0.2327572476784212,0.34190367781463504,-0.21829286027242767,0.2327572476784212,0.3325614833136585,-0.19960847127047454,143.528568995538,138.53050000000002,133.53243100446204,32.23998673209054,29.302346139926282,38.115267916419064,32.74089880599294,30.255165561572905,37.71236529483301,4.321758339714575,56.29893439611131,-49.19839679358719,0.018965617546105096,0.01031804973718163,0.011474007529027807,0.017143548484665264,0.02084752492559664,-0.021637621194127644,0.08913698563694772,109.92756936058994
2025-08-14,140.9,159.99,140.56,152.49,78901478.0,12019911088.99,3.3946,8.8281,140.68800000000002,140.018,139.255,138.32933333333332,137.48583333333332,143.35508333333334,128.9504,140.68800000000002,140.018,139.255,138.32933333333332,137.48583333333332,143.35508333333334,128.9504,140.66598803120445,139.33575039404,92.05996668517487,64.23642364236423,64.95828367103692,1.3302376371644584,0.5395704696845998,1.5813343349597173,1.3302376371644584,0.4860501223676277,1.6883750295936615,147.2384895417421,139.255,131.2715104582579,44.802600082821115,34.46909745422456,65.46960534001421,45.136541465422724,35.21562419618951,64.97837600388914,7.14871136885738,315.24628263273127,-30.072173215717722,0.08388775162060724,0.08907426188061542,0.09504147068327898,0.10236922513422089,0.10913245607123177,0.06372230725453872,0.18254770826612407,233.03028041033943
2025-08-15,150.03,155.0,150.0,153.86,44245540.0,6770492665.6,1.9036,0.8984,144.23600000000002,141.629,140.0995,138.93933333333334,137.7725,143.32924999999997,129.2706,144.23600000000002,141.629,140.0995,138.93933333333334,137.7725,143.32924999999997,129.2706,142.69583602640375,140.41162073522224,96.2466487935656,70.85536547433905,67.62604208019054,2.2842152911815106,0.888499433983982,2.791431714395057,2.2842152911815106,0.7626909175697636,3.043048747223494,150.32400817244374,140.0995,129.87499182755627,55.0087368635541,41.31564392400107,82.39492274266014,55.23136445195517,41.88753761477807,81.91901812630937,6.758036574519674,280.7604729637056,-24.578989574979936,0.06672398014365341,0.08635943203722418,0.09821947972690842,0.1073897960260834,0.11676858589341127,0.07347244194747438,0.19021649160752724,109.35625695680488
2025-08-18,155.0,155.58,151.4,152.61,43059835.0,6592989485.65,1.8526,-0.8124,147.57600000000002,142.632,140.8965,139.49200000000002,138.04716666666667,143.31716666666668,129.58156,147.57600000000002,142.632,140.8965,139.49200000000002,138.04716666666667,143.31716666666668,129.58156,144.22109202234162,141.31520438446503,92.47810407006695,70.85536547433905,65.58886929257301,2.9058876378765888,1.2919770747625035,3.2278211262281706,2.9058876378765888,1.0924134899246598,3.626948295903858,152.40040922114605,140.8965,129.39259077885396,60.14215176094733,47.591146536316494,85.24416221020898,60.29057015321471,48.02188179425695,84.82794687113024,6.289302651879734,221.92481021080985,-29.591018444266226,0.034111237599609635,0.06995625105165747,0.08313549307470385,0.09404123533966101,0.10549172203220404,0.06484103439573999,0.17771386607785875,92.1664038458429
2025-08-19,152.1,153.66,148.7,148.73,36311641.0,5472754780.5,1.5622,-2.5424,149.562,143.25900000000001,141.566,139.88633333333334,138.25716666666668,143.25741666666667,129.88992,149.562,143.25900000000001,141.566,139.88633333333334,138.25716666666668,143.25741666666667,129.88992,144.9147701727506,141.8644485041343,77.77296360485262,65.87622903412372,60.33302497687324,3.0503216686163057,1.643645993533264,2.8133513501660836,3.0503216686163057,1.3936301328002978,3.313383071632016,153.26520447137779,141.566,129.86679552862222,58.3786491557879,51.186980742806966,72.76198598174975,58.47759475063282,51.50711944638224,72.41854535913397,6.047611260628875,140.18032566276432,-45.14835605453096,-0.005562910364932416,0.03818957273190497,0.05060537134622711,0.06322037654381282,0.07574893646260636,0.038201047182548326,0.14504651323212764,77.29579278464087
2025-08-20,148.88,155.96,146.77,155.79,48236173.0,7339021046.81,2.0753,4.7469,152.696,145.104,142.597,140.56633333333332,138.58483333333334,143.18066666666667,130.22356000000002,152.696,145.104,142.597,140.56633333333332,138.58483333333334,143.18066666666667,130.22356000000002,146.5878824538659,142.89597083716137,81.17431192660544,67.9434936158652,64.66128234712374,3.691911616704516,2.0532991181675144,3.2772249970740033,3.691911616704516,1.747211899554793,3.8893994342994462,155.4957410238344,142.597,129.69825897616562,66.6389604369246,56.33764064084618,87.24160002908145,66.70492416682121,56.57305435319523,86.96866379407317,6.618954667787261,144.07077373762158,-16.840417000801995,0.020262482317807893,0.07364373139265615,0.09251947796938212,0.10830236732835512,0.12414898696225769,0.08806589343998951,0.19632730052841413,159.00471171143124
2025-08-21,156.91,160.3,154.14,155.05,41757541.0,6561110983.8,1.7965,-0.475,153.20800000000003,146.948,143.5145,141.23100000000002,138.90016666666668,143.05616666666668,130.55572,153.20800000000003,146.948,143.5145,141.23100000000002,138.90016666666668,143.05616666666668,130.55572,147.88974669173268,143.79626929366793,77.99025121859768,66.81806037937483,64.97184498178204,4.093477398064749,2.4613347741469616,3.2642852478355753,4.093477398064749,2.1081758224024787,3.970603151324541,157.2316402190625,143.5145,129.79735978093748,70.82861388864282,61.1679650567784,90.14991155237166,70.87258970857388,61.33956613832145,89.93863684907875,6.535508364553217,155.3191574419433,-20.792079207920793,0.012022870868361863,0.055135149848926174,0.08037863769862985,0.0978467900106916,0.11626935892805504,0.0838400301979292,0.18761552538640208,95.3502711913154
2025-08-22,159.18,186.06,159.18,186.06,75154632.0,13309982030.7,3.2334,20.0,159.648,151.942,145.743,142.85199999999998,139.73233333333334,143.27333333333337,131.00516,159.648,151.942,145.743,142.85199999999998,139.73233333333334,143.27333333333337,131.00516,153.76209335454305,146.9269160126555,87.0448024718605,88.47125710675931,77.11055000548907,6.835177341887544,3.336103287695078,6.998148108384932,6.835177341887544,2.835406825400181,7.999541032974726,169.1409595151721,145.743,122.34504048482788,80.55240925909521,67.62944645755067,106.3983348621843,80.5817264723826,67.7536195830085,106.2379402511308,10.98541593463445,277.32323475264394,-0.0,0.16543896572459416,0.22454620842163453,0.2766307815812767,0.3024668888079973,0.331545788734175,0.2986366385928991,0.4202494008632944,619.1736422399997
2025-08-25,196.0,217.66,195.36,210.1,102204424.0,21035996933.8,4.3971,12.9206,171.146,159.36100000000002,149.25150000000002,145.31866666666667,140.96516666666668,143.7664166666667,131.55151999999998,171.146,159.36100000000002,149.25150000000002,145.31866666666667,140.96516666666668,143.7664166666667,131.55151999999998,162.42946360769025,151.60640371542178,91.36510738452485,92.41602216322288,82.8471001757469,10.823059892268475,4.833494608609758,11.979130567317434,10.823059892268475,4.064276527995303,13.517566728546344,186.13623498260213,149.25150000000002,112.36676501739791,83.84829307207258,73.0357286623913,105.47342189143512,84.00400616457674,73.17041511019792,105.67118827333437,14.733522128337276,352.4998753800907,-9.151434451034989,0.22760683860563502,0.3183903213458749,0.40769104498112224,0.4457881070566754,0.4904391273967208,0.4613983214670554,0.5970929108230755,337.0779607359981
2025-08-26,203.18,203.9,196.8,197.23,57920179.0,11572471614.55,2.4919,-6.1257,180.846,165.204,151.96300000000002,147.3363333333333,141.9835,144.1475,132.04616000000001,180.846,165.204,151.96300000000002,147.3363333333333,141.9835,144.1475,132.04616000000001,167.7833922834302,154.98592936613127,78.02763819095476,80.86051913948084,74.52964426877469,12.79746291729893,6.426288270347593,12.742349293902674,12.79746291729893,5.407843664811246,14.779238504975368,194.45908779516873,151.96300000000002,109.4669122048313,80.399510556479,75.49032262708721,90.21788641526257,80.72447148452815,75.68843390164133,90.79654665030179,14.472881741366859,230.0466481939657,-25.83459787556906,0.09059641905267457,0.1938572915910025,0.2978817212084518,0.3386379010382144,0.3891050720682333,0.36825127040011085,0.4936443437658465,53.14583356710823
2025-08-27,200.17,202.61,191.37,191.95,64584689.0,12778391678.85,2.7786,-2.6771,188.07800000000003,170.387,154.538,149.14933333333335,142.91383333333334,144.46416666666667,132.50755999999998,188.07800000000003,170.387,154.538,149.14933333333335,142.91383333333334,144.46416666666667,132.50755999999998,171.50133193213324,157.72400867234379,76.67901234567903,76.92159877017679,71.20921305182341,13.777323259789455,7.896495268235966,11.761655983106978,13.777323259789455,6.695455910192509,14.163734699193892,200.2185994061507,154.538,108.85740059384932,74.84385483000702,75.27483336139382,73.98189776723342,76.03421315570358,75.80369365299542,76.49525216111991,13.885085061118339,166.32408445962534,-33.34630350194554,0.020587203181658444,0.12655308210133395,0.24208932430858413,0.2869651892510413,0.3431170064012929,0.328703196294352,0.44859659328116835,76.23447561769163
2025-08-28,191.0,205.69,190.88,205.0,69739515.0,13774649778.42,3.0004,6.7986,198.06799999999998,175.63799999999998,157.828,151.3826666666667,144.06166666666667,144.81391666666667,133.0202,198.06799999999998,175.63799999999998,157.828,151.3826666666667,144.06166666666667,144.81391666666667,133.0202,176.6549731733435,161.22593395587387,78.28486032877343,78.97408963585434,72.92614251678577,15.429039217469636,9.4030040580827,12.052070318773872,15.429039217469636,8.039084111312068,14.779910212315137,208.10425518860197,157.828,107.55174481139804,77.2763518023153,75.94200617503432,79.94504305687727,78.06992401944635,76.55910377514573,81.09156450804758,14.053251413642277,148.96524772561398,-17.85865425306813,0.034998081466971025,0.16717339072410314,0.298882327597131,0.3541840985757944,0.42300172379883616,0.4156098026950678,0.5411193187200141,193.04450591260544
2025-08-29,199.71,199.82,192.6,194.52,49882764.0,9790166234.75,2.1461,-5.1122,199.76000000000002,179.704,160.66649999999998,153.301,145.0348333333333,145.10325,133.49092000000002,199.76000000000002,179.704,160.66649999999998,153.301,145.0348333333333,145.10325,133.49092000000002,179.40343883898296,163.6921610702536,70.40215031531066,72.0421393841167,68.51387098962219,15.71127776872936,10.664658800212033,10.093237937034655,15.71127776872936,9.219421597068575,12.98371234332157,212.55427131057854,160.66649999999998,108.77872868942143,73.97019400259683,75.28473545088849,71.3411111060135,74.49924214735086,75.87248323254744,71.75275997695769,13.7526602475255,110.2231629300427,-32.64212159684016,-0.026231477773328037,0.08244669011262967,0.21070665011063308,0.2688762630380756,0.34119504624751107,0.3405626683068781,0.45717776160356066,59.170330954785896
2025-09-01,199.0,217.33,194.9,208.96,65733413.0,13449100184.89,2.828,7.4234,199.532,185.339,163.9855,155.71066666666667,146.24866666666668,145.48624999999998,134.02416,199.532,185.339,163.9855,155.71066666666667,146.24866666666668,145.48624999999998,134.02416,183.95060209452407,167.0453343243089,64.28393213572855,72.50338726388779,70.76826196473552,16.905267770215175,11.912780594212661,9.984974352005029,16.905267770215175,10.40185946986036,13.00681660070963,219.37587403547144,163.9855,108.59512596452856,78.55595103064927,76.37514064414208,82.91757180366363,78.90864979381863,76.88453875297117,82.95687187551354,15.399449293429953,121.87162386624728,-12.27253491324586,0.04725056632520096,0.12744754207155543,0.27425900460711466,0.34197614378805136,0.4287993508772729,0.4362869343322825,0.5591218777271204,204.6392742828471
2025-09-02,206.0,211.79,196.8,201.89,55062623.0,11252789619.4,2.369,-3.3834,200.464,190.655,166.957,157.929,147.24716666666666,145.85191666666665,134.5238,200.464,190.655,166.957,157.929,147.24716666666666,145.85191666666665,134.5238,186.7105094645973,169.6264206706564,43.503718942870705,68.30830220324768,68.80969875091844,17.084088793940907,12.94704223415831,8.274093119565194,17.084088793940907,11.429894750488137,11.308388086905541,223.84146651350673,166.957,110.07253348649326,77.42835862160834,76.7262133032975,78.83264925823002,78.52385558737765,77.43097769777333,80.7096113665863,15.325003967351776,97.03901341840522,-22.245732825504323,0.00711349668768451,0.05892843093545926,0.20923351521649283,0.2783592627066592,0.37109599166028095,0.3842121832475062,0.5007753274885187,70.87882092327
2025-09-03,198.0,199.39,192.0,194.98,39003401.0,7617745954.55,1.678,-3.4227,201.07,194.574,169.839,159.9226666666667,148.2385,146.12325,134.99452000000002,201.07,194.574,169.839,159.9226666666667,148.2385,146.12325,134.99452000000002,187.9827387777362,171.5044635839411,48.034247772147474,65.4827157787035,66.50491182388447,16.4782751937951,13.653288826085667,5.649972735418864,16.4782751937951,12.206568664843054,8.54341305790409,226.24403034677852,169.839,113.43396965322147,72.02474250104487,75.15905636921329,65.75611476470803,73.78080716740374,76.21425418765014,68.91391312691093,14.336821427833268,67.59173908515238,-35.70528967254409,-0.030287959417118433,0.0020866097217509916,0.14802842692196722,0.21921428690533737,0.31531282359171203,0.33435302048099785,0.4443549264073827,70.59152761029249
2025-09-04,195.5,195.6,170.41,173.28,67091705.0,12044217643.48,2.8865,-11.1293,194.72599999999997,196.397,171.6725,161.142,148.85833333333332,146.2715,135.38264,194.72599999999997,196.397,171.6725,161.142,148.85833333333332,146.2715,135.38264,185.7207789657768,171.63598479994545,37.32518669382214,57.93727772389266,59.3880462928711,14.08479416583134,13.739589894034802,0.690408543593076,14.08479416583134,12.495526434225866,3.178535463210949,225.87037328319266,171.6725,117.47462671680736,50.04118635872128,66.78643303238263,16.55069301139858,57.224140482783525,69.88421628602794,31.903988876294704,16.31012662277267,22.337132595139384,-75.88919288645691,-0.11013423990632978,-0.11770546393274842,0.009363759483900959,0.07532486874930189,0.16405978838940838,0.1846463596804572,0.27992776621877064,30.731498135118173
2025-09-05,173.88,181.24,169.33,179.4,46046555.0,8044531091.8,1.9811,3.5319,191.702,195.731,173.8365,162.40566666666666,149.564,146.45916666666665,135.80072,191.702,195.731,173.8365,162.40566666666666,149.564,146.45916666666665,135.80072,184.74835143258036,172.21109703698653,30.815347721822548,57.68004684145469,59.66302750367415,12.537254395593834,13.49912279434661,-1.9237367975055513,12.537254395593834,12.50194612059017,0.07061655000732969,225.45202409274148,173.8365,122.22097590725852,40.35384646136974,57.975570842045,5.11039770001922,45.09473356138945,61.62105537781511,12.042089928538132,15.510103600450368,9.096906828691088,-79.16408028139872,-0.06417251776194298,-0.08343594014233816,0.03200421085330184,0.10464125841257599,0.19948650744831653,0.22491479422592212,0.32105337880388257,141.4946418678804
2025-09-08,179.99,182.5,175.12,179.35,32391946.0,5780920118.77,1.3936,-0.0279,185.77999999999997,192.656,176.0085,163.71966666666668,150.24733333333333,146.66383333333334,136.21692000000002,185.77999999999997,192.656,176.0085,163.71966666666668,150.24733333333333,146.66383333333334,136.21692000000002,183.91783582756798,172.73990466387642,36.52513767987209,57.94013854398117,59.68495668154371,11.177931163691568,13.034884468215601,-3.713906609048067,11.177931163691568,12.298251511836538,-2.2406406962899403,224.46335941629164,176.0085,127.55364058370836,33.86089764091315,49.93734644166773,1.7080000394039985,37.02148904092629,53.42119993218551,4.222067258407847,14.031902945823028,10.590694820613722,-79.12500000000003,-0.03461083001399494,-0.06906610746615735,0.018984878571205347,0.0954701023497481,0.19369839065363334,0.22286453261028893,0.3166499433403719,99.72164248855258
2025-09-09,177.43,179.3,173.5,174.51,24336912.0,4280954905.37,1.047,-2.6986,180.304,190.384,177.79399999999998,164.76999999999998,150.89416666666665,146.83975,136.61612,180.304,190.384,177.79399999999998,164.76999999999998,150.89416666666665,146.83975,136.61612,182.47047646948062,172.8710228369226,13.107731848361524,45.447378793850994,59.77283483199242,9.59945363255801,12.347798301084083,-5.496689337052146,9.59945363255801,11.883051838101379,-4.567196411086737,222.99859101043836,177.79399999999998,132.5894089895616,26.171153982830976,42.01528228872215,-5.517102628951363,28.27821491617307,45.040204926848034,-5.245765105176858,12.544284228400658,-6.1255263709252885,-89.20833333333337,-0.032134617091135034,-0.08337885536599712,-0.018470814538173348,0.059112702555076835,0.1565059395934237,0.1884384167093718,0.2773748807973759,76.06578911745513
2025-09-10,178.27,189.41,178.27,184.03,46981365.0,8656282354.26,2.0213,5.4553,178.114,189.592,179.9895,166.22266666666667,151.71666666666667,147.09966666666665,137.05224,178.114,189.592,179.9895,166.22266666666667,151.71666666666667,147.09966666666665,137.05224,182.7104031664836,173.6976137378913,31.827431827431838,38.395798094898964,61.916968234821056,9.0127894285923,11.680796526585727,-5.336014195986856,9.0127894285923,11.441473005869211,-4.857367154553824,221.61328999663732,179.9895,138.36571000336266,27.655769321887313,37.22877796644387,8.509752032774202,29.06047661078204,39.713628821492705,7.754172189360702,12.972596186873266,16.43539902177183,-69.37500000000001,0.03321468273128444,-0.02933668087261072,0.02244853171990593,0.10712939270215854,0.21298473030868945,0.2510565398969861,0.34277265369759724,170.0916820836617
2025-09-11,185.14,220.84,184.8,220.84,77578736.0,15996969870.26,3.3377,20.0022,187.62599999999998,191.176,183.407,168.944,153.16150000000002,147.67616666666666,137.61804,187.62599999999998,191.176,183.407,168.944,153.16150000000002,147.67616666666666,137.61804,188.57649498702457,177.18964234989934,66.3588056680162,58.66294855800984,68.00408024481469,11.38685263712523,11.62200774869363,-0.47031022313679927,11.38685263712523,11.43306987221629,-0.09243447018211981,226.71378619484793,183.407,140.1002138051521,51.770512881258206,42.07602293804865,71.1594927676773,52.706984407188024,44.04474735005781,70.03145852144844,17.306669607441762,102.03983821191125,-0.0,0.17702237429780537,0.15516592040841956,0.20409798971685916,0.3071787101051237,0.4418767118368518,0.49543426664424534,0.6047314727051772,619.2858022343058
2025-09-12,216.0,233.33,215.68,220.02,81504861.0,18219965133.32,3.5066,-0.3713,195.75,193.726,186.715,171.68633333333335,154.6035,148.29466666666667,138.18664,195.75,193.726,186.715,171.68633333333335,154.6035,148.29466666666667,138.18664,193.41395729671308,180.362261435092,90.18225584594222,60.64790228359002,67.8282250201365,13.051695861621084,11.907945371279121,2.2875009806839266,13.051695861621084,11.682089255201642,2.7392132128388837,230.6219554494736,186.715,142.8080445505264,60.914716920838806,48.3555875989787,86.03297556455902,61.53903127145868,49.87617532385811,84.86474316665985,17.369093315179622,140.2112987916745,-20.796875000000004,0.12398467432950197,0.13572778047345224,0.17837345687277403,0.2815230876462696,0.4231243147794197,0.48366765269148815,0.592194440793987,96.3483360577856
2025-09-15,232.24,241.88,225.01,231.5,66250859.0,15421766408.23,2.8503,5.2177,206.18,195.98,190.6595,174.65033333333335,156.23549999999997,148.98216666666667,138.80336000000003,206.18,195.98,190.6595,174.65033333333335,156.23549999999997,148.98216666666667,138.80336000000003,199.27334848183415,184.15024206952964,91.01070528967253,60.173525798525795,68.9586060209424,15.123106412304509,12.550977579484199,5.14425766564062,15.123106412304509,12.211476510140546,5.823259804327925,235.82239136937602,190.6595,145.496608630624,69.174019872335,55.2950650234308,96.93192957014337,69.59022943941491,56.44752669571038,95.87563492682398,18.18562180332878,159.5761096261342,-14.307374224672637,0.12280531574352503,0.181242983977957,0.21420647804069554,0.3255056293432018,0.4817375052404866,0.5538772537652716,0.667827061246932,166.29850695519139
2025-09-16,234.07,255.96,234.0,246.0,64081001.0,15794796503.69,2.757,6.2635,220.478,200.391,195.523,178.10166666666666,158.04983333333334,149.84866666666667,139.48148,220.478,200.391,195.523,178.10166666666666,158.04983333333334,149.84866666666667,139.48148,206.4620641000135,188.73170561993487,92.74079774272157,69.17175629375836,70.54645657067454,17.73035848007862,13.586853759603084,8.287009440951074,17.73035848007862,13.060535274746403,9.339646410664436,242.58382831937,195.523,148.46217168062998,75.61695595475302,62.069028667204876,102.71281052984932,75.89442899947296,62.92982746363125,101.82363207115641,19.326417839087185,190.42189639792454,-11.497171880410953,0.11575758125527259,0.22760004191805028,0.2581640011661032,0.3812335650985861,0.5564711130139333,0.6416562487487375,0.7636750054559214,183.58665861469703
2025-09-17,241.57,244.97,234.55,242.69,49119380.0,11780855548.02,2.1133,-1.3455,232.20999999999998,205.16199999999998,199.868,181.61333333333332,159.79483333333334,150.69566666666668,140.15344,232.20999999999998,205.16199999999998,199.868,181.61333333333332,159.79483333333334,150.69566666666668,140.15344,212.03559270001142,192.7286163147545,94.5970695970696,63.69690570941281,68.14159292035399,19.306976385256917,14.730878284733851,9.15219620104613,19.306976385256917,14.021526214824945,10.570900340863943,247.52546535654704,199.868,152.21053464345295,78.63863091585097,67.59222941675358,100.73143391404574,78.82361294566427,68.22775595764226,100.0153269217083,17.894341868344057,156.6052198389062,-15.318019161953147,0.045131561948236594,0.18291886411713681,0.21425140592791245,0.3363005653035755,0.5187599932830534,0.6104643575241047,0.7316021640282252,87.330861755844
2025-09-18,250.06,265.0,237.01,243.81,76028572.0,19119557823.88,3.271,0.4615,236.804,212.215,204.306,185.18666666666667,161.49583333333334,151.54275,140.82396000000003,236.804,212.215,204.306,185.18666666666667,161.49583333333334,151.54275,140.82396000000003,216.9239630538558,196.5124225136616,93.93004115226339,67.88701143539853,68.10952285081538,20.41154054019421,15.867010735825925,9.08905960873657,20.41154054019421,15.004605341804831,10.813870396778757,250.91002259575046,204.306,157.70197740424956,78.03959729544891,71.0746853763187,91.96942113370935,78.4993906171332,71.65163417747257,92.19490349645446,19.729916074099684,162.63590145647152,-22.149054039928924,0.02958564889106603,0.1488820300167283,0.19335702328859647,0.31656346749226005,0.5096983926313888,0.6088529474356245,0.7313104957423435,104.71196945639892
2025-09-19,247.99,249.99,235.2,235.96,49765418.0,11972547568.62,2.1411,-3.2197,239.99200000000002,217.871,206.80100000000002,188.51466666666667,163.11183333333335,152.33416666666665,141.46220000000002,239.99200000000002,217.871,206.80100000000002,188.51466666666667,163.11183333333335,152.33416666666665,141.46220000000002,219.85258412249337,199.4344652904274,69.34493346980554,67.34676600067729,66.34634242008237,20.41811883206597,16.777232355073934,7.281772953984074,20.41811883206597,15.837453571075775,9.161330521980393,254.61918544180995,206.80100000000002,158.98281455819009,74.78049655762169,72.30995577008636,79.72157813269234,75.08702543874455,72.79676459789657,79.6675471204405,18.83174951517247,116.1754421947249,-31.737704918032776,-0.01680056001866733,0.08302619439943819,0.14100028529842695,0.2516797985656289,0.44661484809501856,0.5489630800706782,0.6680074253051342,72.08895503333108
2025-09-22,232.0,274.78,230.0,261.21,71882818.0,18179081183.39,3.0926,10.701,245.93400000000003,226.05699999999996,209.3565,192.69133333333332,165.11049999999997,153.3334166666667,142.19144,245.93400000000003,226.05699999999996,209.3565,192.69133333333332,165.11049999999997,153.3334166666667,142.19144,226.21526348826362,204.0104308244698,82.42796410014171,86.13462644859044,70.35321366531558,22.20483266379381,17.86275241681791,8.6841604939518,22.20483266379381,16.81705035457086,10.775564618445898,263.0223155528016,209.3565,155.6906844471984,78.50009133959223,74.37333429325498,86.75360543226671,78.92518388912617,74.83957102830644,87.09640961076565,23.549613239686558,138.86328400335097,-13.398499210110582,0.06211422576788875,0.15550502749306602,0.24768039205852202,0.3555876929251272,0.5820314274379886,0.7035425524225254,0.8370304147703967,276.3847757081088
2025-09-23,258.88,264.88,249.53,254.66,53757305.0,13752965639.28,2.3128,-2.5076,247.666,234.07200000000003,212.22799999999998,196.55333333333334,167.0798333333333,154.27300000000002,142.89328,247.666,234.07200000000003,212.22799999999998,196.55333333333334,167.0798333333333,154.27300000000002,142.89328,230.5913767977615,207.76225076339796,69.76783885285082,80.81900081900082,67.92357057394582,22.829126034363554,18.856027140327036,7.946197788073036,22.829126034363554,17.741985074538967,10.174281919649175,269.20544469709466,212.22799999999998,155.25055530290533,78.21321937272364,75.65329598641121,83.33306614534851,79.0009290722175,76.22669037627679,84.54940646409892,22.058774468834454,120.18021793797146,-20.84758056159982,0.02823964532878958,0.08795584264670683,0.1999359179750081,0.2956279890106162,0.5241815539278132,0.6507101048141928,0.7821691824835989,77.57277999198358
2025-09-24,255.99,267.0,252.16,259.89,54606168.0,14120154981.15,2.3493,2.0537,251.106,241.658,215.625,200.54566666666668,169.15200000000002,155.25683333333333,143.62844,251.106,241.658,215.625,200.54566666666668,169.15200000000002,155.25683333333333,143.62844,235.0988572904136,211.62356552166477,64.08436422632326,81.63890634820868,68.70139136639315,23.475291768748832,19.779880066011394,7.390823405474876,23.475291768748832,18.62403225826356,9.702519020970541,275.53759510847055,215.625,155.71240489152945,77.07728443235158,76.12795880172467,78.97593569360538,80.48457877986317,77.64598651080559,86.16176331797834,20.74627001995546,112.00688222103445,-16.548121804845515,0.0349812429810518,0.07544546425113177,0.20528695652173906,0.29591431378056854,0.5364287741203176,0.6739359834940168,0.8094605775847734,122.54295360977365
2025-09-25,259.88,277.98,258.05,267.92,48105178.0,12965479639.96,2.0696,3.0898,255.92799999999997,246.36599999999999,218.77100000000002,204.39333333333335,171.36133333333333,156.30599999999998,144.3882,255.92799999999997,246.36599999999999,218.77100000000002,204.39333333333335,171.36133333333333,156.30599999999998,144.3882,240.14826386111918,215.79367177931925,73.34813992226543,85.79750134130452,65.90626457329395,24.35459208179992,20.6948224691691,7.319539225261643,24.35459208179992,19.505656846499924,9.697870470599995,282.8008377485467,218.77100000000002,154.74116225145332,78.38756222241096,76.88115994195344,81.400366783326,81.60716166918647,78.96637823026589,86.88872854702763,20.597857289054467,116.16791919287333,-16.147672552166938,0.046856928511143946,0.08748772152001506,0.2246595755378912,0.3108059623601553,0.563479898226749,0.7140736759945239,0.8555532931361427,135.56752086149373
2025-09-26,263.03,268.68,259.0,259.1,34330791.0,9049612442.93,1.477,-3.292,260.556,250.27399999999997,222.0,207.90133333333333,173.42033333333333,157.328,145.12568,260.556,250.27399999999997,222.0,207.90133333333333,173.42033333333333,157.328,145.12568,243.06391557479316,219.00154794381413,62.384578000972,78.92425059721046,60.11978521272202,24.062367630979026,21.368331501531088,5.388072258895875,24.062367630979026,20.206689274881327,7.711356712195396,287.3797554373874,222.0,156.6202445626126,72.47513179701652,75.41248389364114,66.60042760376729,75.85716888322709,77.9299751145863,71.71155642050869,18.6127923274082,92.54758019566421,-35.64281668869169,-0.005588050169637085,0.03526534917730188,0.16711711711711721,0.24626425355617423,0.49405779022452206,0.6468778602664498,0.7853490850137622,71.55216590900709
2025-09-29,259.0,259.88,246.0,255.84,46371883.0,11751260138.76,1.9951,-1.2582,259.482,252.708,224.344,211.34233333333336,175.41716666666665,158.34141666666667,145.84536,259.482,252.708,224.344,211.34233333333336,175.41716666666665,158.34141666666667,145.84536,245.02946702482495,221.73032217019826,67.39586979348968,68.18748700893785,62.604843219063184,23.29914485462669,21.75449417215021,3.0893013649529593,23.29914485462669,20.682451671765232,5.2333863657229145,291.10224613759993,224.344,157.58575386240005,66.26867894429418,72.36454891052549,54.07693901183157,68.52337033510123,74.79444018809127,55.98123062912117,17.7522846315158,66.7040453981685,-46.14422676115049,-0.01403565565241529,0.012393750890355687,0.14039154156117395,0.21054781578702472,0.4584661516404231,0.6157490907043166,0.7541867632950408,88.10698380712991
2025-09-30,260.5,262.5,251.5,252.6,38990798.0,9959058583.19,1.6775,-1.2664,259.07,253.368,226.8795,214.8046666666667,177.3455,159.26741666666666,146.55208000000002,259.07,253.368,226.8795,214.8046666666667,177.3455,159.26741666666666,146.55208000000002,246.1941644056211,224.0169649724058,37.74551665243384,66.51459854014598,63.15903666738989,22.17719943321532,21.839035224363233,0.6763284177041768,22.17719943321532,20.912412865834476,2.5295731347616908,293.89842190780274,226.8795,159.86057809219727,59.88010581835813,68.20306787980303,43.23418169546835,61.3832334122295,70.32403792947069,43.501624377747106,16.524596516694743,64.52794921717108,-52.897040433514,-0.024973945265758284,-0.003031164156483852,0.11336634645263229,0.17595210532359618,0.4243383677623622,0.5860117862567621,0.7236193440584396,88.03370867838657
2025-10-09,262.0,273.33,261.39,263.05,46320724.0,12377111523.2,1.9929,4.137,259.70200000000006,255.404,230.283,218.38,179.47316666666669,160.28225,147.30223999999998,259.70200000000006,255.404,230.283,218.38,179.47316666666669,160.28225,147.30223999999998,248.7873698816794,226.9083009003757,60.74814245452217,66.16125396988014,62.73864384463463,21.879068981303703,21.847041975751328,0.0640540111047514,21.879068981303703,21.06112919129128,1.6358795800248487,297.3946057419513,230.283,163.17139425804868,62.88102649944176,66.42905408634928,55.784971325626714,63.88311156202267,68.17706247365469,55.29520973875864,17.28921533184115,82.02805663014803,-31.117132138390996,0.012891698947254759,0.029936884308781442,0.14229013865548054,0.20455169887352329,0.46567871334526323,0.6411673781719436,0.7857841129910859,149.98561186451943
2025-10-10,257.0,257.0,238.58,241.49,47982149.0,11797045890.07,2.0643,-8.1962,254.41600000000003,255.17199999999997,233.6935,221.26133333333334,181.24616666666668,161.07033333333337,147.95572,254.41600000000003,255.17199999999997,233.6935,221.26133333333334,181.24616666666668,161.07033333333337,147.95572,247.66469759219027,227.98842675960714,33.38150289017345,47.845610012419996,59.82923868915582,19.67627083258313,21.412887747117686,-3.473233829069116,19.67627083258313,20.848074059182334,-2.3436064531984115,295.3162416240393,233.6935,172.07075837596065,49.90317703825505,60.92042840365121,27.86867430746274,50.57123374664232,62.3084528979839,27.096795443959167,18.59481254423367,30.59950671038024,-76.05252188411838,-0.05080655304697824,-0.05361873559794947,0.03336207468329247,0.09142431875429358,0.3323867999047336,0.49928292195334933,0.6321775190577288,42.521487988953055
2025-10-13,241.0,249.88,237.01,244.0,38308671.0,9317151796.07,1.6482,1.0394,251.39600000000002,255.97599999999997,236.92350000000002,223.1926666666667,183.02233333333334,161.85241666666667,148.61672000000002,251.39600000000002,255.97599999999997,236.92350000000002,223.1926666666667,183.02233333333334,161.85241666666667,148.61672000000002,247.10089796262253,229.17446922185846,26.00321027287319,50.630595937229224,57.71806167400881,17.926428740764067,20.715595945846964,-5.578334410165795,17.926428740764067,20.39859016404106,-4.9443228465539875,293.0947656548089,236.92350000000002,180.75223434519114,38.95587280542364,53.598909870908685,9.669798674453546,43.44043066783241,56.019112154600066,18.283067694297102,17.55393753619118,19.379481012773315,-70.82117548978742,-0.029419720281945675,-0.04678563615338927,0.02986829081961047,0.09322588257081312,0.3331706330921363,0.5075462265263262,0.6418071936993359,110.89366788901111
2025-10-14,248.8,248.98,224.38,227.6,46191968.0,10823030704.24,1.9873,-6.7213,245.748,252.615,239.336,223.77599999999998,184.54733333333334,162.49575,149.20316,245.748,252.615,239.336,223.77599999999998,184.54733333333334,162.49575,149.20316,244.10075981452675,229.05784187209116,22.570532915360502,43.19765002098195,55.439427918588414,15.042917942435594,19.58106034516469,-9.076284805458194,15.042917942435594,19.57464059148637,-9.063445298101556,288.84531710294493,239.336,189.82668289705512,27.97306943247148,45.05696305809629,-6.19471781877813,30.96277467407733,47.66699966109249,-2.4456752999529954,18.835039802338237,-23.14175739499256,-93.99253731343285,-0.07384800690137863,-0.09902420679690443,-0.04903566534077622,0.017088517088517146,0.23328793697009972,0.4006520170527538,0.5254368607206442,49.86827133726874
2025-10-15,228.18,243.21,228.06,241.05,35901105.0,8451373359.61,1.5446,5.9095,243.43800000000002,251.254,242.66299999999995,225.23666666666668,186.28650000000002,163.21699999999998,149.823,243.43800000000002,251.254,242.66299999999995,225.23666666666668,186.28650000000002,163.21699999999998,149.823,243.63141215075342,229.9461498815659,39.06226889513387,52.04008016032064,59.48449787952403,13.685262269187518,18.401900729969256,-9.433276921563476,13.685262269187518,18.66858238805578,-9.96664023773652,281.6561659869285,242.66299999999995,203.6698340130714,29.015628377866566,39.70985149801972,7.627182137560268,31.008765205603797,42.11425484259626,8.797785931618876,18.248668929185833,-26.03124801779804,-68.89925373134326,-0.009809479210312298,-0.04061228875958186,-0.006647078458602848,0.07020763345222061,0.2939746036347239,0.4768682183841146,0.6088985002302717,177.56149009275757
2025-10-16,230.0,238.58,227.84,233.01,29767646.0,6961368397.77,1.2807,-3.3354,237.43,248.56599999999997,245.112,226.60533333333333,187.87733333333335,163.87541666666667,150.34192000000002,237.43,248.56599999999997,245.112,226.60533333333333,187.87733333333335,163.87541666666667,150.34192000000002,241.9973487429452,230.17310174219065,36.47286286424528,36.888599590849935,63.029536233148626,11.824247000754553,17.086369984126314,-10.524245966743521,11.824247000754553,17.61560771308636,-11.58272142466361,273.23809921126735,245.112,216.98590078873264,25.220497229779617,34.880066741939686,5.9013582054594735,26.039425559954765,36.7559784150491,4.606319849766095,17.3325473056975,-70.97465327594435,-83.89925373134331,-0.018616013140715225,-0.06258297595004943,-0.04937334769411536,0.028263530131682646,0.2402241178641381,0.42187281496868806,0.5498671295404499,71.23185275045554
2025-10-17,233.29,234.89,223.0,228.25,29385359.0,6748460642.07,1.2642,-2.0428,234.782,244.599,245.4825,227.38033333333334,189.38150000000002,164.5305,150.75916,234.782,244.599,245.4825,227.38033333333334,189.38150000000002,164.5305,150.75916,239.88237201326132,230.03064976128763,23.920863309352526,37.51300236406621,60.71977177967961,9.851722251973683,15.63944043769579,-11.575436371444212,9.851722251973683,16.4211637959921,-13.138883088036835,272.4330183037739,245.4825,218.53198169622607,20.290716280214696,30.01694992136469,0.8382489979147039,20.83666850033146,31.449541776809887,-0.3890780526253934,16.342993250116134,-110.81180677742671,-89.56884561891516,-0.027821553611435332,-0.06684001161084056,-0.07019848665383474,0.003824722454741733,0.20523916010803578,0.3872807777281417,0.5140041905248078,81.35088151965361
2025-10-20,235.0,236.7,227.2,228.74,28194944.0,6531221915.44,1.213,0.2147,231.73000000000002,241.56300000000002,245.9185,228.52100000000002,190.911,165.15566666666663,151.15012,231.73000000000002,241.56300000000002,245.9185,228.52100000000002,190.911,165.15566666666663,151.15012,238.16816093429804,229.93504607526634,36.035049288061344,34.5807345807346,60.8173814008498,8.233114859031701,14.158175321962974,-11.850120925862544,8.233114859031701,15.161463959536654,-13.856698201009905,271.37533676136303,245.9185,220.46166323863696,17.328720450138505,25.78754009762263,0.4110811551702511,17.692688596883013,26.863924050167597,-0.6497823096861595,15.098812659185926,-103.18190089551864,-88.59527121001388,-0.01290294739567604,-0.053083460629318256,-0.06985444364698055,0.0009583364329754993,0.19814992326267217,0.38499637715529017,0.5133299265657217,102.16762683962793
2025-10-21,229.2,240.39,225.6,236.9,33830368.0,7930160763.7,1.4555,3.5674,233.59,239.669,246.18850000000003,229.4523333333333,192.58149999999998,165.86233333333334,151.5736,233.59,239.669,246.18850000000003,229.4523333333333,192.58149999999998,165.86233333333334,151.5736,237.97305925209832,230.45096858820958,43.07992202729046,34.664821040142385,63.46876214325806,7.522090663888747,12.830958390348128,-10.617735452918762,7.522090663888747,13.986175760206207,-12.92817019263492,271.1103663447426,246.18850000000003,221.2666336552575,20.758387976097378,24.111156057114215,14.0528518140637,21.001033407260383,24.90962716919853,13.183845883384095,15.042664902970301,-82.1928762427782,-72.38227697198488,0.014170127145853856,-0.011553434111211736,-0.03772921968329157,0.032458448159893884,0.23012854298050453,0.42829294173682186,0.5629370813914825,141.9807413495885
2025-10-22,233.76,247.2,232.88,241.79,35916285.0,8641224246.4,1.5452,2.0642,233.738,238.58800000000002,245.978,230.78233333333336,194.35566666666668,166.63558333333333,152.04595999999998,233.738,238.58800000000002,245.978,230.78233333333336,194.35566666666668,166.63558333333333,152.04595999999998,238.56028090562165,231.2908968409348,67.83111334506157,41.09659500051434,62.72358798131994,7.269384064686847,11.718643525215873,-8.898518921058052,7.269384064686847,12.952823191664766,-11.36687825395584,270.97756765941847,245.978,220.97843234058152,32.26049394484922,26.827602019692556,43.12627779516255,26.445221688686868,25.42149200902798,28.49268104800464,14.911271284248425,-38.85144078151811,-62.66640174846017,0.034448827319477335,0.013420624675172136,-0.017025912886518373,0.04769718074895957,0.2440594305628683,0.4510106134794139,0.5902428449923959,122.6684126140069
2025-10-23,238.12,239.0,231.64,236.15,22349111.0,5242779421.24,0.9615,-2.3326,234.36599999999999,235.898,245.65099999999998,232.15466666666669,196.03866666666667,167.36766666666665,152.49376,234.36599999999999,235.898,245.65099999999998,232.15466666666669,196.03866666666667,167.36766666666665,152.49376,238.18946845860296,231.65083040827295,42.33896185115697,40.11446932422935,53.909401971298706,6.5386380503300074,10.6826424302387,-8.288008759817384,6.5386380503300074,11.966025477613265,-10.854774854566514,271.0002961804081,245.65099999999998,220.30170381959186,37.81403961402648,30.489747884470532,52.46262307313836,30.52230465520302,27.121762891086327,37.32338818343641,14.045585596203257,-67.66227913409682,-61.32352941176469,0.007612025635117809,0.0010682583150345044,-0.03867682199543245,0.017209791173700237,0.20460929476497833,0.41096547919450804,0.5485879553366643,78.97618419130285
2025-10-24,240.01,251.81,237.31,249.01,40447010.0,9917363698.16,1.7402,5.4457,238.51799999999997,236.65,245.911,234.67900000000003,197.9105,168.216,153.02179999999998,238.51799999999997,236.65,245.911,234.67900000000003,197.9105,168.216,153.02179999999998,239.8541656188179,232.93669482247495,71.73913043478264,48.35637762109697,56.973779167668994,6.91747079634294,9.929608103459548,-6.024274614233217,6.91747079634294,11.18932475741783,-8.543707922149782,271.28744568865824,245.911,220.53455431134176,55.30307720189985,38.760857656946975,88.38751629180562,50.44192056268422,34.89514878161896,81.53546412481472,14.339115487802662,-1.9480016496779637,-9.718847622353389,0.04398829438449098,0.05222903021339525,0.012602120279287992,0.06106639281742277,0.2581949921808089,0.4802991392019783,0.6272844784207219,169.93717086243709
2025-10-27,253.0,254.84,245.55,251.03,34773215.0,8674534245.38,1.496,0.8112,242.97599999999997,237.353,246.6645,237.06666666666666,199.73616666666666,169.06958333333333,153.57164,242.97599999999997,237.353,246.6645,237.06666666666666,199.73616666666666,169.06958333333333,153.57164,241.57352475438438,234.27693965043977,83.44098649442164,44.036515181583646,54.9221230908816,7.296585103944608,9.40300350355656,-4.212836799223904,7.296585103944608,10.590441733806566,-6.587713259723916,271.6893528887826,246.6645,221.63964711121739,66.21335800059656,47.91169110483017,102.81669179212935,62.97258690778612,44.254294823674684,100.40917107600899,13.421094490020357,22.796442023136894,-11.966080402010055,0.03314730672988292,0.057623034046336015,0.017698128429506466,0.05890044994375705,0.25680793913971517,0.484773281218039,0.6346117030462135,108.41475131610436
2025-10-28,248.0,252.58,245.08,245.74,24542669.0,6086608060.99,1.0559,-2.1073,244.744,239.167,245.89100000000002,239.27966666666666,201.49966666666666,169.86658333333335,154.08988,244.744,239.167,245.89100000000002,239.27966666666666,201.49966666666666,169.86658333333335,154.08988,242.21452094601756,235.1260552318887,71.8733916623778,52.514495325996926,49.931282376572575,7.0884657141288585,8.94009594567102,-3.703260463084323,7.0884657141288585,10.05167619231769,-5.926420956377662,269.96095322847555,245.89100000000002,221.82104677152446,67.94877133038096,54.590717846680434,94.66487829778202,65.78825726850735,51.432282305285575,94.5002071949509,12.3445318554712,8.652724525404643,-28.580402010050232,0.004069558395711476,0.027482888525590936,-0.0006140932364340722,0.026999090325268003,0.21955536733724965,0.446664759941503,0.5947835120645173,80.81691691420524
2025-10-29,245.07,252.76,242.24,246.84,25978803.0,6414161136.76,1.1177,0.4476,245.754,239.746,245.5,241.6906666666667,203.23033333333333,170.68525,154.54528,245.754,239.746,245.5,241.6906666666667,203.23033333333333,170.68525,154.54528,242.9261331081687,235.99375484434137,65.62893081761008,51.70878459687124,51.10980371182543,6.9323782638273315,8.538552409302284,-3.2123482909499046,6.9323782638273315,9.571784203319172,-5.2788118789836815,269.22172089257464,245.5,221.7782791074254,70.25730484001947,59.81291351112678,91.14608749780487,68.81696213210373,57.22717558089163,91.99653523452791,12.012798790840069,8.641847519810405,-25.125628140703515,0.0044190531995410565,0.02958964904523952,0.005458248472505106,0.02130547035328898,0.2145824688243717,0.44617065622249147,0.5972018038985081,104.56752721141784
2025-10-30,245.0,248.88,236.38,238.2,32111392.0,7755256369.65,1.3815,-3.5002,246.164,240.26500000000001,244.4155,243.49633333333333,204.8595,171.42016666666666,154.97288,246.164,240.26500000000001,244.4155,243.49633333333333,204.8595,171.42016666666666,154.97288,242.19903570691199,236.1571804114272,44.95077355836848,57.03477568356782,48.55776646614222,6.041855295484794,8.039212986538786,-3.9947153821079837,6.041855295484794,9.028718217498497,-5.973725844027406,267.3369461516755,244.4155,221.49405384832454,61.20208831559893,60.27597177928417,63.054321388228445,61.79087257718137,58.74840791298821,67.87580190556767,12.101380828869146,-28.644331174759795,-52.261306532663355,-0.032352415462862154,-0.008594676711131568,-0.025430056604429832,-0.02175118311158691,0.16274812737510339,0.3895681274373591,0.5370431265134905,70.02646350454917
2025-10-31,238.0,239.8,229.06,229.33,26190056.0,6064774453.18,1.1268,-3.7238,242.22799999999998,240.373,242.48600000000002,243.77933333333334,206.36166666666668,172.07458333333335,155.37776000000002,242.22799999999998,240.373,242.48600000000002,243.77933333333334,206.36166666666668,172.07458333333335,155.37776000000002,240.21918405969475,235.65146334391406,41.20680763280041,41.718485019785184,48.3044345557772,4.567720715780695,7.344914532387168,-5.554387633212947,4.567720715780695,8.342410909541913,-7.549380387522437,263.4936010304028,242.48600000000002,221.47839896959727,45.05355819307145,55.201833917213264,24.757006744787816,45.44608103412641,54.31429895336762,27.709645195644,11.85385704180203,-83.0524729414985,-87.24350205198353,-0.05324735373284661,-0.04594109987394582,-0.054254678620621416,-0.059272183313324324,0.11130135603350105,0.3327360471113543,0.475951255829663,68.4212712544139
2025-11-03,225.99,227.13,220.86,226.17,22377081.0,5017786407.8,0.9627,-1.3779,237.256,240.11599999999999,240.8395,243.98433333333332,207.83533333333335,172.74266666666668,155.78236,237.256,240.11599999999999,240.8395,243.98433333333332,207.83533333333335,172.74266666666668,155.78236,238.05777112743402,234.94913272584634,10.729023383768933,44.8087431693989,39.897359012801296,3.108638401587683,6.497659306227272,-6.778041809279177,3.108638401587683,7.537215139087416,-8.857153474999466,261.5237645251726,240.8395,220.15523547482735,35.24465190112943,48.54943991185199,8.635075879684308,35.506333795166064,48.0449772339671,10.429046917563994,11.238610306928932,-134.26524634141953,-84.37316068275463,-0.04672589945038276,-0.05808026120708324,-0.06090985905551207,-0.07301425091501779,0.08821727457313948,0.30928857568483353,0.45183318573425113,87.04448694398965
2025-11-04,226.13,230.65,221.86,223.7,17825814.0,4029342525.18,0.7669,-1.0921,232.848,238.796,239.23250000000002,243.7243333333333,209.18733333333336,173.40783333333331,156.18196,232.848,238.796,239.23250000000002,243.7243333333333,209.18733333333336,173.40783333333331,156.18196,235.84888326167496,234.1158636350429,3.72502539790041,46.42239345809089,40.8586276130861,1.733019626632057,5.544731370308229,-7.623423487352344,1.733019626632057,6.644261983325053,-9.822484713385991,260.00359720133525,239.23250000000002,218.4614027986648,26.28238712184377,41.127088981849255,-3.4070165981672034,26.45684171786819,40.848932061934136,-2.327338970263696,10.793408432941852,-116.43061744112055,-91.64214243672755,-0.039287432144575106,-0.06321713931556644,-0.06492637914999018,-0.08215976246387648,0.06937641221106423,0.2900224614997209,0.43230370524226985,89.6003818805694
2025-11-05,218.01,224.41,217.5,222.0,18213333.0,4011416294.97,0.7836,-0.7599,227.88000000000002,236.817,237.70250000000001,242.92433333333332,210.513,174.06033333333332,156.58195999999998,227.88000000000002,236.817,237.70250000000001,242.92433333333332,210.513,174.06033333333332,156.58195999999998,233.7182858368019,233.21839225466937,4.240555127216638,44.79938271604937,38.57427175683011,0.499893582132529,4.535763812673089,-8.07174046108112,0.499893582132529,5.698974536987742,-10.398161909710426,258.83259216110497,237.70250000000001,216.57240783889506,21.538731211027432,34.597636391575314,-4.579079150068324,21.655034275043715,34.45096613297066,-3.936829440810186,10.087334172406969,-135.58653733180145,-87.94858061060525,-0.025803054239073298,-0.06256729880033954,-0.06605946508766215,-0.0861351888722551,0.05456670134385997,0.2754198256926239,0.41778784733567026,92.65522255146897
2025-11-06,227.0,246.38,226.01,239.68,41999265.0,9941121597.88,1.8069,7.964,228.17600000000002,237.17,236.53400000000002,242.824,212.21866666666665,174.87291666666667,157.0504,228.17600000000002,237.17,236.53400000000002,242.824,212.21866666666665,174.87291666666667,157.0504,234.63547263114006,233.69702986543462,41.58043273753528,51.8702906350915,41.95258178502223,0.9384427657054459,3.8162996032795604,-5.755713675148229,0.9384427657054459,4.966585033713542,-8.056284536016193,254.03522209266512,236.53400000000002,219.03277790733492,34.159189848594266,34.451487543914965,33.57459445795287,34.23672522460512,34.37955249684882,33.95107068011771,12.686000686514792,4.4768738092341165,-40.59989287627208,0.05041722179370306,0.010583126027743894,0.013300413471213383,-0.012947649326261017,0.1294011208564752,0.37059531326320305,0.5261342855541916,215.17321836231497
2025-11-07,233.97,237.25,230.71,232.67,21415506.0,5010511857.64,0.9214,-2.9247,228.844,235.536,236.093,242.45266666666666,213.81966666666665,175.61,157.47495999999998,228.844,235.536,236.093,242.45266666666666,213.81966666666665,175.61,157.47495999999998,234.3330922263493,233.62095357910613,43.237955490339935,44.03453689167974,42.38986467031384,0.7121386472431652,3.1954674120722815,-4.9666575296582325,0.7121386472431652,4.312054820410408,-7.199832346334485,253.51270825787333,236.093,218.67329174212665,37.113878503714,35.33895119718131,40.66373311677937,36.366708085819575,35.04193769317241,39.016248871113916,12.010364198057555,-28.077082028536985,-59.37332619175151,0.01671881281571723,-0.012167991304938583,-0.01449852388677344,-0.040348769106822245,0.0881599603404115,0.32492454871590437,0.4775047410712155,74.3166181145776
2025-11-10,232.0,233.21,220.68,224.87,24090569.0,5400051941.81,1.0364,-3.3524,228.584,232.92,235.1365,242.083,215.29883333333333,176.29966666666667,157.87367999999998,228.584,232.92,235.1365,242.083,215.29883333333333,176.29966666666667,157.87367999999998,232.87723188383404,232.97273479546865,44.399799095931684,42.824427480916036,41.309837813569786,-0.09550291163461111,2.537273347330903,-5.265552517931028,-0.09550291163461111,3.633969015480405,-7.458943854230032,252.82685928348812,235.1365,217.4461407165119,31.709876272281264,34.12925955554796,26.87110970574787,31.211762660351646,33.76521268223215,26.104862616590637,12.104843434774363,-94.04414442603533,-79.09812819058422,-0.01624785636789976,-0.0345612227374205,-0.043661872997174014,-0.0711037123631151,0.04445526489151127,0.2754987247092545,0.4243666201991366,71.10682715595954
2025-11-11,226.0,230.9,220.5,221.4,18570142.0,4174707761.75,0.7989,-1.5431,228.12399999999997,230.48600000000002,234.82649999999998,240.756,216.72366666666667,176.99058333333335,158.2456,228.12399999999997,230.48600000000002,234.82649999999998,240.756,216.72366666666667,176.99058333333335,158.2456,231.1115039017057,232.1154951809895,44.05681535011215,30.05346048258923,41.256585584575724,-1.0039912792838095,1.8290204220079609,-5.666023402583541,-1.0039912792838095,2.9204366624397564,-7.848855883447132,253.27402132829343,234.82649999999998,216.37897867170653,25.282683607907085,31.180400906334338,13.487249011052576,24.49473910765739,30.67505482404057,12.134107674891034,11.794871901179025,-102.9205177974827,-88.93930799773112,-0.029475197699496598,-0.039421049434672874,-0.05717625566109437,-0.0803967502367542,0.021577400406969854,0.2509140081369677,0.3990910331788057,85.59747749918608
2025-11-12,221.0,221.95,216.0,219.98,17237803.0,3774076206.35,0.7416,-0.6414,227.71999999999997,227.8,233.773,239.6,218.07666666666665,177.65791666666667,158.63,227.71999999999997,227.8,233.773,239.6,218.07666666666665,177.65791666666667,158.63,229.39896483990483,231.21656961202734,45.24053224155579,27.372103191954523,37.28673475411772,-1.8176047721225075,1.0996953831818672,-5.834600310608749,-1.8176047721225075,2.191507210968639,-8.018223966182294,253.1091772741898,233.773,214.4368227258102,21.22203045881538,27.860944090494687,7.944203195456758,20.364700362120328,27.238270003400487,6.617561079560005,10.732167919146473,-132.3447187186332,-87.8953771289538,-0.03398910943263649,-0.034328358208955315,-0.059001681118007666,-0.08188647746243742,0.00872781743423568,0.23822233271338406,0.38674903864338395,93.7682501838178
2025-11-13,219.9,224.34,216.2,222.75,19094611.0,4207202615.46,0.8215,1.2592,224.334,226.25500000000002,233.26,238.362,219.45383333333334,178.35616666666667,159.02319999999997,224.334,226.25500000000002,233.26,238.362,219.45383333333334,178.35616666666667,159.02319999999997,228.37604717222717,230.5894163074327,50.933997509339974,32.60705099107278,43.778220451527226,-2.2133691352055394,0.43708247950438595,-5.30090322941985,-2.2133691352055394,1.5138339269418424,-7.4544061242947635,253.2158871408638,233.26,213.30411285913618,21.55420858764124,25.758698922876874,13.145227917169976,20.98265518984454,25.153065065548503,12.641835438436615,10.260864661119843,-103.20814262127185,-77.78143515470704,-0.007060900264783774,-0.015491370356456315,-0.045057017919917654,-0.06549701714199409,0.015019863707097078,0.2489055139669033,0.4007390116662225,113.33006816379003
2025-11-14,218.0,218.0,212.21,212.21,19864159.0,4278790415.4,0.8546,-4.7318,220.24200000000002,224.54299999999998,232.458,236.505,220.44916666666668,178.9675,159.35492,220.24200000000002,224.54299999999998,232.458,236.505,220.44916666666668,178.9675,159.35492,225.8889629918845,229.2279780624377,8.39139654650107,27.075334304249978,39.97982727100801,-3.339015070553188,-0.31813703050712894,-6.041756080092118,-3.339015070553188,0.7672417734810685,-8.212513688068514,254.447308981267,232.458,210.46869101873298,14.36947239176083,21.962290079171527,-0.8161629830605648,13.988436793229695,21.431522308108903,-0.89773423652872,10.311616540916232,-142.24691693679142,-100.0,-0.03646897503655075,-0.05492489189153067,-0.08710390694232932,-0.10272510094923992,-0.03737445140414083,0.1857460153379804,0.3316815069155067,61.58590483286882
2025-11-17,213.8,217.88,211.18,213.53,15265307.0,3270462275.91,0.6568,0.622,217.97400000000002,223.279,231.69750000000005,234.986,221.44366666666667,179.60808333333333,159.67628,217.97400000000002,223.279,231.69750000000005,234.986,221.44366666666667,179.60808333333333,159.67628,223.98758407005613,228.0651648726275,14.970717423133252,31.916141328251,45.09926854754441,-4.077580802571362,-1.0700257849199755,-6.015110035302772,-4.077580802571362,0.021884454088386907,-8.198930513319496,255.22640529137456,231.69750000000005,208.16859470862553,11.805027049052672,18.576535735798576,-1.7379903244391315,11.55100331669858,18.138015977638798,-1.6230220051818591,9.65495898802237,-122.5104386062148,-93.32386363636364,-0.02038775266774944,-0.043662861263262534,-0.07841042738916063,-0.09130756725932604,-0.035736703540855404,0.18886631401611942,0.3372681277394489,106.39728524386716
2025-11-18,212.78,218.2,212.01,215.0,15560599.0,3357818629.72,0.6695,0.6884,216.69400000000002,222.40900000000002,230.60250000000002,233.62466666666666,222.4835,180.26533333333333,159.96928,216.69400000000002,222.40900000000002,230.60250000000002,233.62466666666666,222.4835,180.26533333333333,159.96928,222.60487882850902,227.0973748820625,26.4888041924726,38.217398454201614,40.100326822223906,-4.492496053553481,-1.7545198386466767,-5.475952429813608,-4.492496053553481,-0.672635624010362,-7.639720859086237,255.12919684027352,230.60250000000002,206.07580315972652,11.48744227512602,16.213504582241058,2.0353176608959416,11.318093120223292,15.864708358500296,2.2248626436692795,9.024966444745575,-102.15947914652197,-89.14772727272728,-0.007817475333881033,-0.03331250084304151,-0.06765971747921215,-0.07972046330724206,-0.0336362022352219,0.1926863364373997,0.3440080495455128,107.1015111501907
2025-11-19,215.0,218.9,212.84,213.03,11876154.0,2559043966.68,0.5109,-0.9163,215.304,221.512,229.1645,232.30566666666667,223.55516666666665,180.90616666666668,160.27344,215.304,221.512,229.1645,232.30566666666667,223.55516666666665,180.90616666666668,160.27344,221.13182054719994,226.05534711302084,28.527449974345828,38.98020798389803,42.0398406374502,-4.923526565820907,-2.388321184081523,-5.070410763478769,-4.923526565820907,-1.326618845827369,-7.193815439987077,254.2943953649349,229.1645,204.0346046350651,10.023721266143333,14.15024347687515,1.7706768446796985,9.29728935287613,13.675568689958908,0.5407306787105739,8.485881636610015,-93.14661372830287,-94.7443181818182,-0.010561810277561035,-0.03829137924807685,-0.07040575656351661,-0.08297544757840604,-0.04708084730763689,0.17757179827111103,0.3291659553822518,91.20592967497001
2025-11-20,218.29,219.79,213.51,214.83,13272312.0,2867827329.92,0.571,0.845,213.72000000000003,219.027,228.0985,230.69833333333335,224.53916666666666,181.56199999999998,160.57656000000003,213.72000000000003,219.027,228.0985,230.69833333333335,224.53916666666666,181.56199999999998,160.57656000000003,220.16230969378455,225.22383991946373,37.04076497232014,42.47667514843089,44.524236983842016,-5.061530225679178,-2.922962992401054,-4.277134466556248,-5.061530225679178,-1.9012205965738012,-6.320619258210753,253.78336695558806,228.0985,202.41363304441194,12.205252821701858,13.501913258484054,9.611931948137464,10.865115290358805,12.738750890092208,7.117844090892003,8.172084975408191,-78.4787126802982,-85.99923283467584,0.00519371139809089,-0.019162021120683635,-0.0581700449586472,-0.06878390972337614,-0.043240414626995204,0.18323217413335408,0.3378664980741895,108.77813555307436
2025-11-21,210.0,211.88,205.36,206.3,17564598.0,3655836022.32,0.7557,-3.9706,212.538,216.39000000000001,225.96300000000002,229.52533333333332,225.39333333333335,182.14675,160.88412,212.538,216.39000000000001,225.96300000000002,229.52533333333332,225.39333333333335,182.14675,160.88412,218.02964666397153,223.82207399950346,17.908700741318782,38.06628154454243,41.40756624291622,-5.792427335531926,-3.4968558610272282,-4.591142949009395,-5.792427335531926,-2.4998677871827435,-6.585119096698365,251.4283962115352,225.96300000000002,200.49760378846486,9.363668939343915,12.122498485437342,3.8460098471570596,8.36848499907822,11.281995593087547,2.5414638110595646,8.408069525333975,-122.1823722191423,-96.62477558348294,-0.02935004563889751,-0.04662877212440502,-0.08701867119838208,-0.10118853982712138,-0.08471117158153155,0.13260324436203233,0.28228938940648723,66.68727865312454
2025-11-24,208.97,210.82,203.27,208.26,17832895.0,3706437989.38,0.7672,0.9501,211.484,214.72899999999998,223.82450000000003,228.33399999999997,225.76333333333332,182.74783333333335,161.19111999999998,211.484,214.72899999999998,223.82450000000003,228.33399999999997,225.76333333333332,182.74783333333335,161.19111999999998,216.52662410028358,222.66932777731802,38.41642228738997,18.617658809428676,38.48689499919601,-6.142703677034433,-4.026025424228669,-4.233356505611528,-6.142703677034433,-3.060304077929157,-6.164799198210552,247.5505172318102,223.82450000000003,200.09848276818985,14.13676647846782,12.793921149780836,16.822457135841788,11.599016540584635,11.387669242253244,12.021711137247419,8.252056884364158,-120.4493108467139,-81.93992037640253,-0.015244652077698633,-0.030126345300355305,-0.06953885745304932,-0.08791507178081226,-0.07752956636005255,0.13960311430960864,0.2920066564460872,109.91737819299108
2025-11-25,210.0,211.78,204.36,206.7,21285608.0,4416982744.93,0.9158,-0.7491,209.824,213.25900000000001,221.8725,227.63733333333332,225.70666666666665,183.3359166666667,161.51112,209.824,213.25900000000001,221.8725,227.63733333333332,225.70666666666665,183.3359166666667,161.51112,215.01483577716303,221.4864146086278,30.24869866975125,20.892176642008508,35.5059892606361,-6.471578831464768,-4.515136105675889,-3.9128854515777576,-6.471578831464768,-3.585115578473097,-5.772926505983342,244.40033903482288,221.8725,199.34466096517713,14.85086757479247,13.479569958118049,17.59346280814131,13.159034282870346,11.978124255792277,15.520854337026485,8.100773814479762,-111.5935277493089,-83.72093023255823,-0.014888668598444522,-0.03075602905387358,-0.06838386911401825,-0.09197671149430671,-0.08420959357277881,0.12743865881889824,0.27978804183885286,92.75687862847299
2025-11-26,206.0,217.62,204.0,213.65,29822061.0,6371850335.32,1.283,3.3624,209.948,212.62599999999998,220.21300000000002,226.72400000000002,225.98033333333333,183.98191666666665,161.87812,209.948,212.62599999999998,220.21300000000002,226.72400000000002,225.98033333333333,183.98191666666665,161.87812,214.80486104221487,220.90593945243316,47.03557312252966,37.1800731261426,40.80581889506375,-6.1010784102182924,-4.83232456658437,-2.537507687267844,-6.1010784102182924,-3.9721867833569733,-4.257783253722638,239.67846966999838,220.21300000000002,200.74753033000167,30.844888310555767,19.268009408930624,53.998646113806046,25.194141823764532,16.383463445116362,42.815498581060865,9.104269484574353,-75.6822663015839,-50.73564309444709,0.017632937679806417,0.004815967943713513,-0.029802963494435005,-0.0576648259557877,-0.05456374522266685,0.16125543135353443,0.3198201214592807,139.19518266519475
2025-11-27,217.0,232.89,215.66,215.95,38381092.0,8583298058.26,1.6513,1.0765,210.17200000000003,211.946,219.10049999999995,226.15533333333332,226.38033333333334,184.64708333333334,162.24947999999998,210.17200000000003,211.946,219.10049999999995,226.15533333333332,226.38033333333334,184.64708333333334,162.24947999999998,214.9810362664895,220.538832826327,56.32034632034629,43.60178445644516,35.21466905187836,-5.557796559837499,-4.977418965234996,-1.1607551892050054,-5.557796559837499,-4.216126748969362,-2.6833396217362733,236.6904749857679,219.10049999999995,201.510525014232,34.832896505934315,24.456305107931854,55.586079301939236,31.06573218140682,21.277553023879847,50.64209049646077,10.947129578288102,15.961411622603142,-57.19108710330861,0.027491768646632105,0.018891604465288283,-0.014379246053751434,-0.04512532684025432,-0.046074379252614775,0.1695283570234207,0.33097498987361945,111.30203690584261
2025-11-28,214.0,219.58,210.68,217.3,20389485.0,4393752815.34,0.8772,0.6251,212.37199999999999,212.45499999999998,218.49899999999997,225.79033333333334,226.58533333333332,185.3235,162.60988,212.37199999999999,212.45499999999998,218.49899999999997,225.79033333333334,226.58533333333332,185.3235,162.60988,215.3377999177988,220.2989192836361,55.45253863134657,46.8485418626529,34.82407990641592,-4.961119365837305,-4.974159045355458,0.02607935903630576,-4.961119365837305,-4.3307409977182765,-1.2607567362380578,235.42638286109985,218.49899999999997,201.57161713890008,39.01081239040683,29.307807535423514,58.41682210037345,36.499369507388494,26.351491851716062,56.795124818733356,10.574924200417538,-32.12690589866003,-52.633355840648164,0.02320456557361623,0.02280482925796064,-0.0054874393017814984,-0.037602731737851156,-0.04097941025897519,0.17254422671706512,0.336327165360432,106.43027379066281
2025-12-01,219.9,219.9,211.5,216.03,25556135.0,5490350754.22,1.0995,-0.5844,213.926,212.70499999999998,217.99199999999996,225.36666666666667,226.94383333333334,185.98933333333332,162.96784,213.926,212.70499999999998,217.99199999999996,225.36666666666667,226.94383333333334,185.98933333333332,162.96784,215.44429223813745,219.9827030404038,81.61143599740085,41.808873720136525,36.13108019792737,-4.538410802266355,-4.887009396737638,0.6971971889425657,-4.538410802266355,-4.362690198417981,-0.35144120769674814,234.55548628443535,217.99199999999996,201.42851371556458,40.36687515201103,32.994163407619354,55.11229864079439,38.69257989666548,30.465187866699203,55.14736395659803,10.17948343670526,-28.7632303212023,-56.92099932478055,0.009835176649869644,0.015631978561858054,-0.009000330287349815,-0.041428782724449074,-0.04809045997431087,0.16151822326728424,0.32559896480188977,94.30688349241143
2025-12-02,215.0,215.76,211.6,212.58,12135227.0,2585425044.35,0.5221,-1.597,215.102,212.46300000000002,217.436,224.556,227.00416666666666,186.62641666666667,163.30416,215.102,212.46300000000002,217.436,224.556,227.00416666666666,186.62641666666667,163.30416,215.0036318938086,219.43435466704057,62.796208530805735,50.54524020041262,34.35044765211036,-4.430722773231963,-4.795752072036503,0.7300585976090801,-4.430722773231963,-4.373156748389364,-0.11513204968519908,233.93916639474298,217.436,200.93283360525703,37.38840517674021,34.458910663992974,43.24739420223467,36.272208339843175,32.400861357747196,44.01490230403513,9.134122811849759,-50.33948363612555,-68.56853477380145,-0.01172467015648386,0.0005506841191171649,-0.022333008333486608,-0.05333190829904344,-0.06354141810906548,0.13906703990190747,0.3017427112695722,85.13014453874288
2025-12-03,211.43,215.0,209.1,210.14,13403465.0,2837107738.43,0.5767,-1.1478,214.4,212.17399999999998,216.843,223.501,227.14166666666668,187.19441666666665,163.64911999999998,214.4,212.17399999999998,216.843,223.501,227.14166666666668,187.19441666666665,163.64911999999998,214.25538083322266,218.7458839509635,59.684684684684655,45.16405135520683,36.41293821421655,-4.490503117740843,-4.734702281177372,0.48839832687305673,-4.490503117740843,-4.391210035981899,-0.19858616351788783,233.507190538869,216.843,200.17880946113098,32.656866111524735,33.85822914650356,30.254140041567084,31.912734886926714,32.23815253414037,31.261899592499404,8.54610048242253,-65.56012307826241,-76.80621201890621,-0.019869402985074718,-0.009586471480954274,-0.030911765655335904,-0.059780493152156,-0.07485049712000598,0.12257621643807931,0.28408878703411305,89.09703507426879
2025-12-04,209.01,216.28,208.38,216.0,17686414.0,3769120320.33,0.7609,2.7886,214.41,212.291,215.65900000000002,222.82933333333332,227.49200000000002,187.86524999999997,164.04008,214.41,212.291,215.65900000000002,222.82933333333332,227.49200000000002,187.86524999999997,164.04008,214.52378378195763,218.54248513978104,57.048590281943575,51.26774847870182,43.35162094763092,-4.018701357823403,-4.591502096506578,1.14560147736635,-4.018701357823403,-4.3339010085729,0.6303993014989935,228.39268826546524,215.65900000000002,202.9253117345348,36.09714999377364,34.60453609559359,39.08237779013375,35.60106251070829,33.35912252632968,40.08494247946551,8.428627667436615,-37.04773166863743,-57.02228224172856,0.007415698894641124,0.017471301185636712,0.0015811999499208461,-0.03064826892928515,-0.05051606210328283,0.14976026699988437,0.3167513695433458,131.6589030376383
2025-12-05,213.0,215.68,208.33,214.26,20001440.0,4251604437.01,0.8605,-0.8056,213.802,213.087,214.7385,221.671,228.175,188.51666666666668,164.42472,213.802,213.087,214.7385,221.671,228.175,188.51666666666668,164.42472,214.48320166165647,218.22526401831576,44.75481067659842,51.56847742922723,43.97450166953355,-3.7420623566592894,-4.42161414853712,1.3591035837556618,-3.7420623566592894,-4.242848908278498,1.0015731032384174,224.641546368081,214.7385,204.83545363191897,35.90277289304535,35.03728169474418,37.633755289647695,36.101811198901174,34.27335208385351,39.7587294289965,8.290695364266318,-42.48989023685762,-62.89669142471307,0.0021421689226480503,0.005504793816610126,-0.0022282916198073325,-0.03343242914048297,-0.0609838939410541,0.13655733356909192,0.3030887326431207,92.23027302360993
2025-12-08,214.0,224.66,213.51,220.88,24229891.0,5359487703.25,1.0424,3.0897,214.772,214.34900000000002,214.539,220.666,228.86633333333336,189.21516666666668,164.81544,214.772,214.34900000000002,214.539,220.666,228.86633333333336,189.21516666666668,164.81544,215.46732448294009,218.42191112807015,58.372310570626695,56.87031569384508,48.630802097494666,-2.954586645130064,-4.128208647855709,2.347244005451291,-2.954586645130064,-4.04465471394797,2.1801361376358113,223.71687706217307,214.539,205.3611229378269,43.41135592200486,37.828639770497745,54.57678822501907,43.54404812590874,37.36358409787192,55.90497618198236,8.810568934399715,92.13138336130415,-41.57147802007614,0.028439461382303112,0.030469001488227038,0.029556397671285914,0.0009697914495209893,-0.034895186273210546,0.16734828339165897,0.3401657029220078,135.56667068186556
2025-12-09,217.94,223.73,215.99,219.3,21965720.0,4828485337.28,0.945,-0.7153,216.11599999999999,215.609,214.43400000000003,219.78466666666665,229.53216666666668,189.88974999999996,165.18864000000002,216.11599999999999,215.609,214.43400000000003,219.78466666666665,229.53216666666668,189.88974999999996,165.18864000000002,216.05696687018008,218.4869547482131,57.53803596127249,67.529665587918,48.68753645732063,-2.4299878780330175,-3.788564493891171,2.717153231716307,-2.4299878780330175,-3.7962444314995154,2.7325131069329958,223.32494252300117,214.43400000000003,205.54305747699888,43.82961187417047,39.828963805055324,51.830908012400755,46.68253260314998,40.46990026629794,59.10779727685406,8.615920037236126,103.16099330834683,-47.040498442367536,0.014732828666086852,0.017118951435236944,0.022692296930524006,-0.0022051887150148822,-0.04457835612002096,0.15488066101514197,0.3275731309368488,93.07271450151332
2025-12-10,212.01,221.0,207.18,218.5,45135207.0,9641695202.1,1.9419,-0.3648,217.788,216.094,214.35999999999999,218.84,230.26533333333333,190.57975,165.55939999999998,217.788,216.094,214.35999999999999,218.84,230.26533333333333,190.57975,165.55939999999998,216.4328181209216,218.4879210631603,65.5462184873949,64.25389755011133,37.68318213538033,-2.055102942238676,-3.441872183560672,2.7735384826439917,-2.055102942238676,-3.528376510074771,2.9465471356721897,223.0795702453217,214.35999999999999,205.64042975467828,50.80631638293287,43.488081331014506,65.4427864867696,45.79820856286753,42.24600303182114,52.90261962496031,9.562116394102283,23.917465852950798,-55.97043951769739,0.003269234301247034,0.011134043518098633,0.019313304721030114,-0.0015536464997258426,-0.051094679181697626,0.14650166137797963,0.31976801075626043,96.41133494354158
2025-12-11,218.52,218.98,210.7,212.6,25636099.0,5456722576.21,1.1029,-2.7002,217.108,215.75900000000001,213.85250000000002,217.98666666666668,230.7415,191.22908333333334,165.90223999999998,217.108,215.75900000000001,213.85250000000002,217.98666666666668,230.7415,191.22908333333334,165.90223999999998,215.84315379462598,218.05177876218545,55.46666666666668,57.327372081470436,38.1760339342524,-2.208624967559473,-3.1952227403604327,1.9731955456019197,-2.208624967559473,-3.3253378112262637,2.2334256873335816,221.648601252343,213.85250000000002,206.05639874765703,44.20649925147468,43.7275539711679,45.16438981208826,40.86776070476446,41.786588922802245,39.03010426868887,9.329004322447322,-0.4694979433951478,-68.9931350114417,-0.020763859461650467,-0.014641335935001646,-0.0058568405793714175,-0.024710991497951026,-0.07862261448417387,0.11175557762526529,0.2814775737808002,76.0533220129702
2025-12-12,212.0,212.0,205.0,210.0,32185679.0,6717705485.36,1.3847,-1.223,216.256,215.029,213.74200000000002,217.34233333333336,230.56083333333333,191.86116666666666,166.24076000000002,216.256,215.029,213.74200000000002,217.34233333333336,230.56083333333333,191.86116666666666,166.24076000000002,214.94420705699122,217.45535070572726,34.40748440748442,44.91785018100808,40.66775448725995,-2.511143648736038,-3.058406922035554,1.094526546599032,-2.511143648736038,-3.200077170843152,1.377867044214228,221.69714954042152,213.74200000000002,205.78685045957852,37.948449484028224,41.801185808788006,30.242976834508653,35.722623786221405,39.765267210608634,27.637336937446946,9.01463990018417,-107.91378898414743,-74.5676500508647,-0.028928677123409293,-0.023387543075585136,-0.017507087984579627,-0.033782343369216414,-0.08917747666017284,0.09454145228277047,0.2632281036251276,88.42200235424656
2025-12-15,207.8,208.9,202.68,203.0,18585939.0,3818389970.62,0.7996,-3.3333,212.68,213.72599999999997,213.21550000000002,216.57000000000002,230.2771666666667,192.44033333333334,166.5372,212.68,213.72599999999997,213.21550000000002,216.57000000000002,230.2771666666667,192.44033333333334,166.5372,213.10663674053103,216.3845839867845,27.020408163265316,34.05565131740954,38.9423076923077,-3.2779472462534613,-3.1023149868791355,-0.3512645187486516,-3.2779472462534613,-3.212057182444738,-0.1317801276174464,222.51068828551098,213.21550000000002,203.92031171448906,25.784255979949652,36.46220919917522,4.42834954149852,24.300372181411774,34.61030220087635,3.680512142482627,8.706523554696137,-164.86249645609414,-98.54413102820749,-0.04551438781267635,-0.050185751850500046,-0.04791161993382291,-0.06265872466177227,-0.11845363160191748,0.05487241932997409,0.21894687793477965,71.24713937580671
2025-12-16,201.99,203.38,196.21,197.75,17187429.0,3416522660.81,0.7395,-2.5862,208.36999999999998,212.243,212.353,215.705,229.7146666666667,192.97508333333334,166.81611999999998,208.36999999999998,212.243,212.353,215.705,229.7146666666667,192.97508333333334,166.81611999999998,210.7440772419878,215.00424443220786,0.0,28.038643001572694,37.22854188210964,-4.260167190220045,-3.3338854275473175,-1.852563525345455,-4.260167190220045,-3.3733048759486315,-1.7737246285428272,223.88347787387596,212.353,200.82252212612406,18.993839077435673,30.639419158595373,-4.297321084883727,18.004583211743757,29.075062537832153,-4.136375440433035,8.427155635660473,-215.60550311950095,-94.58699472759228,-0.05096702980275461,-0.0682849375479992,-0.06876757097851223,-0.08323868245984103,-0.13914943756312187,0.024743695321632567,0.1854369949378994,76.94927680905832
2025-12-17,199.0,208.69,197.41,207.1,21042703.0,4273910571.93,0.9053,4.7282,206.09,211.939,212.0565,215.20833333333334,229.06633333333335,193.55808333333331,167.12528,206.09,211.939,212.0565,215.20833333333334,229.06633333333335,193.55808333333331,167.12528,210.18344997398967,214.4187448446369,30.25889967637538,41.509792736261645,41.64085033650251,-4.2352948706472375,-3.5141673161673017,-1.4422551089598716,-4.2352948706472375,-3.5059187212868785,-1.458752298720718,223.8163698077266,212.0565,200.2966301922734,25.42178609848962,28.900208138560124,18.46494201834861,24.762282188028344,27.63746908789755,19.01190838828994,8.945854610994932,-113.22687230092698,-61.722319859402496,0.004900771507593726,-0.022832041294900886,-0.02337348772614848,-0.037676669893514106,-0.09589507551669903,0.06996306448925545,0.23919014526108792,158.72161260169062
2025-12-18,205.05,206.78,201.5,202.7,11934840.0,2430261184.98,0.5135,-2.1246,204.10999999999999,210.609,211.45,213.97566666666668,228.39983333333333,194.09733333333332,167.42012000000003,204.10999999999999,210.609,211.45,213.97566666666668,228.39983333333333,194.09733333333332,167.42012000000003,209.03214997799125,213.55068967096008,27.1014492753623,40.77325364213671,44.56385046301588,-4.5185396929688295,-3.7150417915276077,-1.6069958028824436,-4.5185396929688295,-3.6617065630841017,-1.7136662597694556,223.84179694712958,211.45,199.0582030528704,24.551840995946783,27.45075242435568,18.754018139128995,24.11217172230593,26.46236996603368,19.41177523485043,8.337517408995852,-108.91972145762563,-77.1880492091389,-0.00690803978247022,-0.03755300105883424,-0.04138094112083235,-0.05269602306804369,-0.11252124381293337,0.04432140575518811,0.21072664384662942,80.67454004201375
2025-12-19,205.1,210.0,204.08,204.08,18321022.0,3787265802.87,0.7882,0.6808,202.926,209.59099999999998,211.339,213.02266666666668,227.73766666666668,194.61675000000002,167.71524,202.926,209.59099999999998,211.339,213.02266666666668,227.73766666666668,194.61675000000002,167.71524,208.27028075060798,212.84915710274083,35.79052701801204,44.22637195121954,44.601850794013494,-4.578876352132852,-3.887808703648657,-1.3821352969683902,-4.578876352132852,-3.80280960755314,-1.5521334891594236,223.96263681019587,211.339,198.71536318980412,25.900355237607947,26.93395336210644,23.833158988610954,25.29563644990285,26.07345879399007,23.73999176172842,8.148877880087516,-72.59223766171526,-72.3374340949033,0.0056868020854894145,-0.026294067970475676,-0.03434765944761727,-0.04197988320491716,-0.10388122005875182,0.04862505411276258,0.21682442215746178,107.02049837841933
2025-12-22,205.55,216.16,205.55,215.18,30868827.0,6547458856.4,1.3281,5.439,205.362,209.02100000000002,211.685,212.69966666666667,227.39133333333334,195.25158333333334,168.07844,205.362,209.02100000000002,211.685,212.69966666666667,227.39133333333334,195.25158333333334,168.07844,209.33331448128368,213.02181213216744,56.73076923076924,49.2896742896743,50.09263071222726,-3.688497650883761,-3.847946493095678,0.3188976844238338,-3.688497650883761,-3.7852231526809277,0.19345100359433332,224.33261845690808,211.685,199.03738154309193,42.774500641126835,32.21413578844657,63.89523034648735,39.840986315439125,30.662634634473093,58.19768967737119,8.863627356435238,9.977431150726384,-31.06831395348833,0.04780826053505523,0.029465938829112824,0.01651038099062288,0.011661199907851293,-0.053701841465667095,0.10206532682833556,0.28023558524222386,169.83006497586388
2025-12-23,213.99,222.37,213.99,219.52,23905343.0,5246323343.36,1.0285,2.0169,209.71599999999998,209.04299999999998,212.32599999999996,212.637,226.69650000000001,195.90349999999998,168.44932,209.71599999999998,209.04299999999998,212.32599999999996,212.637,226.69650000000001,195.90349999999998,168.44932,210.9004968687785,213.50315938163652,73.05974316024567,54.36007957559683,53.26032352054657,-2.602662512858018,-3.598889697048146,1.9924543683802565,-2.602662512858018,-3.603290746554326,2.001256467392616,225.20715784269268,212.32599999999996,199.44484215730725,58.21816862313655,40.882146733343234,92.8902124027232,56.26249240601141,39.1959205583192,90.39563610139584,8.775695109810648,92.01337102219199,-10.894495412844016,0.046748936657193686,0.05011887506398221,0.03388186091199404,0.03236971928685981,-0.03165686280996841,0.120551700199333,0.30318127731236916,122.10175563833927
2025-12-24,218.99,221.12,215.65,219.9,16725323.0,3658175565.07,0.7196,0.1731,212.276,209.183,212.63850000000002,212.63433333333333,226.1171666666667,196.5985,168.83368000000002,212.276,209.183,212.63850000000002,212.63433333333333,226.1171666666667,196.5985,168.83368000000002,212.28503581204336,213.97699942744123,85.78352180936994,49.09393491124261,52.58383447151156,-1.6919636153978672,-3.2175044807180906,3.0510817306404467,-1.6919636153978672,-3.309240418684101,3.234553606572468,225.95093546067662,212.63850000000002,199.32606453932343,68.9981470739361,50.25414684687419,106.48614752805992,67.694362929186,48.69540134860813,105.69228609034172,8.174659635299621,86.42769151629204,-9.441896024464828,0.03591550622774122,0.051232652749028426,0.034149507262325414,0.03416977189321892,-0.027495332434585983,0.11852328476565184,0.3024652427169744,101.74459639404292
2025-12-25,219.95,224.38,218.59,220.45,15701558.0,3478519271.39,0.6755,0.2501,215.82600000000002,209.968,212.8635,212.55766666666668,225.45983333333334,197.30591666666666,169.22180000000003,215.82600000000002,209.968,212.8635,212.55766666666668,225.45983333333334,197.30591666666666,169.22180000000003,213.5411841486521,214.45648095133447,80.13544018058688,51.08388312912345,57.84977255076,-0.9152968026823771,-2.757062945110948,3.683532284857142,-0.9152968026823771,-2.940941400837682,4.05128919631061,226.55822011204722,212.8635,199.16877988795275,74.68176081109405,58.39668483494748,107.2519127633872,73.81257138126065,57.067791359492304,107.30213142479735,7.741085156154234,117.47335550879099,-13.95101171459002,0.021424666166263408,0.04992189285986436,0.03564021074538379,0.03713031600836155,-0.022220513779616386,0.11730050332161857,0.3027281355002721,102.52947604621725
2025-12-26,219.62,221.28,216.04,217.6,14391107.0,3145610189.35,0.6191,-1.2928,218.53000000000003,210.72799999999998,212.87849999999997,212.73733333333334,224.62116666666665,197.99125,169.60496,218.53000000000003,210.72799999999998,212.87849999999997,212.73733333333334,224.62116666666665,197.99125,169.60496,214.16561735655176,214.6893342141986,86.16504854368935,49.18330308529945,55.13074049659416,-0.5237168576468321,-2.310393727618125,3.5733537399425854,-0.5237168576468321,-2.5690607018852436,4.090687688476823,226.59432148277347,212.87849999999997,199.16267851722648,75.09845466923487,63.96394144637661,97.3674811149514,74.51899504934593,62.88485925611018,97.78726663581743,7.286342400489829,75.82493644095987,-24.068157614483507,-0.004255708598361942,0.032610758892980596,0.022179318249611966,0.022857608443589222,-0.031257814082525585,0.0990384676090483,0.28298134677193393,87.7986581738663
2025-12-29,216.88,222.59,216.79,219.23,15958121.0,3507635868.26,0.6866,0.7491,219.34,212.35099999999997,213.03849999999997,212.92733333333337,223.95666666666668,198.6885,169.99708,219.34,212.35099999999997,213.03849999999997,212.92733333333337,223.95666666666668,198.6885,169.99708,214.9447531478515,215.02567982796165,86.33093525179856,56.52173913043478,56.87781315182786,-0.08092668011016713,-1.8645003181165334,3.5671472760127325,-0.08092668011016713,-2.186270852381386,4.2106883445424375,226.98188518890794,213.03849999999997,199.095114811092,77.03387275810812,68.32058521695379,94.46044784041678,76.91870998793219,67.56280950005086,95.63051096369486,7.0160983276734985,87.05666831346934,-18.281860134895307,-0.0005015045135406841,0.03239447895230076,0.029062821978187135,0.029600082657306986,-0.02110527334156915,0.10338545008895826,0.2896103862489872,107.74842442821182
2025-12-30,219.0,230.0,218.74,225.01,24883702.0,5615433310.79,1.0706,2.6365,220.43800000000002,215.077,213.66,213.261,223.44283333333337,199.43,170.382,220.43800000000002,215.077,213.66,213.261,223.44283333333337,199.43,170.382,216.49325266356664,215.7652590999645,81.64842240824211,63.895574893538225,56.316725978647675,0.7279935636021264,-1.3460015417728015,4.147990210749856,0.7279935636021264,-1.7379224806916147,4.931832088587482,228.59048312398937,213.66,198.72951687601062,78.85299119546389,71.83138720979049,92.89619916681067,79.50865824908888,71.54475908306354,95.43645658113957,7.787716813551041,131.99263005213902,-15.311445228597757,0.020740525680690142,0.046183459877160236,0.053121782270897665,0.05509211717097826,0.007013725360028505,0.12826555683698532,0.32062072284631,129.72341050435392
2025-12-31,225.15,231.2,222.0,224.41,18837516.0,4259577231.49,0.8104,-0.2667,221.33999999999997,216.808,214.3735,213.6403333333333,222.973,200.15925000000001,170.75539999999998,221.33999999999997,216.808,214.3735,213.6403333333333,222.973,200.15925000000001,170.75539999999998,217.7112137922487,216.40561027774493,70.7379134860051,72.48477210670028,54.794831104058034,1.3056035145037868,-0.8156805305174839,4.242568090042541,1.3056035145037868,-1.2696877122000145,5.150582453407603,229.94579155296253,214.3735,198.80120844703748,77.55636974486187,73.73971472148095,85.18967979162372,78.7184545454083,73.93599090384514,88.28338182853466,8.044495574723577,128.71142074309878,-22.861952861952844,0.013870064154694235,0.03506328179771966,0.04681782029961721,0.05041026897230717,0.00644472649154823,0.12115727851698076,0.31421905251605525,97.36522253545957
2026-01-05,227.5,228.15,221.7,226.0,21115862.0,4753487819.42,0.9085,0.7085,222.45,219.138,214.8735,214.01266666666663,222.3555,200.91433333333333,171.11260000000001,222.45,219.138,214.8735,214.01266666666663,222.3555,200.91433333333333,171.11260000000001,218.9864116703643,217.11630581272678,73.4615384615385,82.13879408418659,54.91747682568391,1.870105857637526,-0.27852325288648194,4.297258221048016,1.870105857637526,-0.7866425476096235,5.313496810494299,231.2852240186124,214.8735,198.4617759813876,78.27994500209766,75.25312481501986,84.33358537625327,79.42095593096052,75.76431257955026,86.73424263378101,7.754587288410201,107.55324970107198,-19.17404129793508,0.015958642391548716,0.031313601474869696,0.0517816296565188,0.05601226095651676,0.016390419845697515,0.12485752634207284,0.32076772838470097,107.31547052606048
2026-01-06,224.2,232.13,223.5,225.82,22419769.0,5081891924.82,0.9646,-0.0796,224.094,221.31199999999998,215.45149999999998,214.66333333333336,222.09433333333334,201.67025,171.45288,224.094,221.31199999999998,215.45149999999998,214.66333333333336,222.09433333333334,201.67025,171.45288,220.03773295184672,217.76102390067294,71.25890736342046,76.9120184013801,55.60260959139292,2.276709051173782,0.23252320792557082,4.088371686496422,2.276709051173782,-0.31535768625833027,5.1841334748642245,232.57123348906993,215.45149999999998,198.33176651093004,73.92496149717205,74.81040370907058,72.15407707337499,78.36741932894232,76.63201482934761,81.83822832813172,7.913753235971982,112.59609585172251,-23.739653875094078,0.0077021250011156,0.020369433198380613,0.04812451990355144,0.051972856721377525,0.01677515410118518,0.11974869868014733,0.3170965690398435,99.20638833830917
2026-01-07,225.83,226.89,219.35,222.75,24150028.0,5354517593.8,1.039,-1.3595,224.798,222.06900000000002,215.545,215.14633333333333,221.74016666666665,202.38125,171.71748000000002,224.798,222.06900000000002,215.545,215.14633333333333,221.74016666666665,202.38125,171.71748000000002,220.45500480540878,218.13057768580828,70.03891050583661,79.97010463378179,55.845499482699154,2.3244271196005,0.6509039902605567,3.347046258679887,2.3244271196005,0.09076305310456673,4.467328132991867,232.80938195275078,215.545,198.2806180472492,63.644149088729584,71.0883188356236,48.75580959494155,68.34196937254735,73.86866634374752,57.288575430147034,7.845798102158892,69.91666744957311,-51.70893054024257,-0.009110401338090204,0.003066614430649857,0.03342689461597352,0.03534183710621764,0.004554129044429691,0.10064544022729381,0.2971888476350804,87.20735136216794
2026-01-08,226.0,252.0,226.0,241.68,51906080.0,12659259218.4,2.2332,8.4983,228.13199999999998,224.285,216.664,216.31233333333336,221.97483333333332,203.26108333333335,172.04748,228.13199999999998,224.285,216.664,216.31233333333336,221.97483333333332,203.26108333333335,172.04748,223.72038868149974,219.87497933871134,87.23051409618576,86.86274509803923,65.2396598376498,3.8454093427884004,1.2898050607661253,5.11120856404455,3.8454093427884004,0.6684009438251566,6.354016797926487,237.48744164890144,216.664,195.84055835109854,66.1965814095424,69.45773969359654,59.67426484143414,69.43109741755336,72.38947670168281,63.51433884929446,11.737471174493638,194.2652837170312,-28.39064649243465,0.05938667087475686,0.0775575718394008,0.11545988258317035,0.11727332545378048,0.088772075513065,0.18901265326655,0.40472850866516613,226.0632648952361
2026-01-09,238.01,250.77,232.0,246.55,34652502.0,8400560821.89,1.4909,2.0151,232.56,226.95,218.0665,217.409,222.0665,204.1765,172.41348000000002,232.56,226.95,218.0665,217.409,222.0665,204.1765,172.41348000000002,227.23263657665365,221.8509067951031,86.83310533515734,85.03462139825778,64.90389306273784,5.381729781550547,2.10819000492301,6.547079553255074,5.381729781550547,1.3935284573213704,7.976402648458353,242.81847665684484,218.0665,193.31452334315514,72.4124780772552,70.44265248814943,76.35212925546674,74.56882208259584,73.11592516198715,77.47461592381325,13.01611277913116,186.25818215014453,-15.155728587319208,0.06015651874785006,0.0863626349416172,0.13061841227332038,0.13403768933208846,0.11025300979661508,0.20753367796979577,0.4299925968665558,122.07955738378577
2026-01-12,246.55,249.99,239.7,246.05,27002508.0,6633944156.53,1.1617,-0.2028,236.57,229.51000000000005,219.73899999999998,218.41233333333332,222.28383333333332,205.08058333333332,172.78168,236.57,229.51000000000005,219.73899999999998,218.41233333333332,222.28383333333332,205.08058333333332,172.78168,230.12761556486078,223.64343221768806,87.13109128345917,82.40899096017593,65.69876543209878,6.484183347172717,2.9833886733729518,7.0015893475995306,6.484183347172717,2.1767061326831163,8.614954428979201,247.2971115386901,219.73899999999998,192.18088846130985,75.97544926820328,72.28691808150072,83.3525116416084,77.5304939208407,74.587448081605,83.4165855993121,12.520455910198224,171.98396793587185,-16.546162402669598,0.04007270575305414,0.07206657661975496,0.11973750676939478,0.12653894697643764,0.1069181069548469,0.1997722846344548,0.4240514387867974,97.99042133427895
2026-01-13,246.04,246.89,233.33,235.57,25970517.0,6210860038.25,1.1173,-4.2593,238.52000000000004,231.30699999999996,221.01749999999998,219.0213333333333,222.40583333333333,205.89366666666666,173.1248,238.52000000000004,231.30699999999996,221.01749999999998,219.0213333333333,222.40583333333333,205.89366666666666,173.1248,230.96490547795912,224.5268816830445,62.58217196949775,65.35371350186165,56.98791741984587,6.4380237949146135,3.6743156976812843,5.527416194466658,6.4380237949146135,2.832293465334116,7.211460659160995,249.0417991367349,221.01749999999998,192.99320086326506,67.51740714893648,70.69708110397931,61.158059238850825,69.46603599266876,72.88031071862626,62.63748654075377,12.709463926525816,112.85722675123206,-46.6628798636751,-0.012367935602884643,0.018430051835871954,0.0658432024613436,0.0755573277488952,0.05918984439107185,0.14413426995487963,0.36069471271591363,64.70921415644959
2026-01-14,239.81,255.97,239.8,251.5,45635381.0,11428040798.11,1.9634,6.7623,244.27000000000004,234.53400000000002,223.44249999999997,220.20366666666666,222.78516666666667,206.84808333333334,173.57448000000002,244.27000000000004,234.53400000000002,223.44249999999997,220.20366666666666,222.78516666666667,206.84808333333334,173.57448000000002,234.12415078904235,226.52489044726343,73.8750464856824,73.37750338804398,63.47731458228695,7.5992603417789155,4.459304626500811,6.27991143055621,7.5992603417789155,3.565672984787162,8.067174713983507,253.23973185659577,223.44249999999997,193.64526814340417,74.27612324402065,71.89009515065976,79.04817943074244,75.64187519038515,73.80083220921256,79.32396115273033,14.107743212612032,156.8264118494835,-12.006446414182111,0.0295983952184057,0.07233919175897728,0.12556921803148477,0.1421244877847932,0.12889023880255343,0.21586816733859027,0.4489457205921053,192.38892791202042
2026-01-15,254.0,258.0,245.46,250.0,26414634.0,6603664050.65,1.1364,-0.5964,245.93400000000003,237.033,226.05499999999998,221.451,223.0035,207.7925,174.03204,245.93400000000003,237.033,226.05499999999998,221.451,223.0035,207.7925,174.03204,236.5665891291897,228.26378745116983,76.09653323118175,74.90009222256379,63.10752330226365,8.302801678019875,5.228004036804624,6.149595282430504,8.302801678019875,4.294462014515272,8.016679327009207,255.5279117379964,226.05499999999998,196.58208826200357,75.95122317173607,73.24380449101854,81.36606053317115,76.8617244693124,74.82112962924585,80.94291414944553,13.822698992137116,148.6200321940394,-20.698576972833116,0.01653289093821909,0.05470546295241597,0.10592554909203523,0.12891790960528518,0.12105863809312409,0.20312330810784804,0.4365170919102023,94.19333913027995
2026-01-16,252.7,256.6,242.0,244.33,30110571.0,7404735639.09,1.2954,-2.268,245.49,239.025,227.91649999999998,222.59066666666666,223.04583333333332,208.70075,174.47108000000003,245.49,239.025,227.91649999999998,222.59066666666666,223.04583333333332,208.70075,174.47108000000003,237.7609600323913,229.4538772696017,53.4017971758665,68.16208393632418,63.228549987492705,8.307082762789605,5.843819782001621,4.926525961575969,8.307082762789605,4.911788283480554,6.790588958618102,257.0495142079744,227.91649999999998,198.78348579202554,72.17791764704786,72.88850887636164,70.7567351884203,72.78491851209876,74.14239259019682,70.06997035590263,13.96402644811219,110.2581227192516,-35.36869340232855,-0.004725243390769468,0.022194331136910394,0.07201540915203607,0.09766507131176516,0.09542508079430623,0.1707193194082916,0.4004040096501952,79.50013445942817
2026-01-19,246.0,262.09,245.24,255.95,40900545.0,10421154437.58,1.7597,4.7559,247.46999999999997,242.02000000000004,230.579,223.92233333333334,223.37583333333333,209.70725000000002,174.90447999999998,247.46999999999997,242.02000000000004,230.579,223.92233333333334,223.37583333333333,209.70725000000002,174.90447999999998,240.55927387356186,231.41655302740898,60.28446389496715,70.64318121163598,67.81698332687088,9.142720846152883,6.503599994831874,5.278241702642019,9.142720846152883,5.562700985430143,7.1600397214454805,259.74172523544104,230.579,201.41627476455898,76.66330058079592,74.14677277783974,81.69635618670827,77.06796782416318,75.11758433485227,80.96873480278498,14.65420345754633,127.43364873811475,-14.365933551707977,0.034266779811694424,0.057557226675481146,0.11003170280034166,0.14303024709460266,0.14582672700344332,0.22051097422716653,0.4633701778250621,159.14147865106065
2026-01-20,261.0,273.8,253.5,254.21,37761387.0,9883346580.88,1.6246,-0.6798,251.198,244.859,233.0855,225.254,223.4625,210.6865,175.32175999999998,251.198,244.859,233.0855,225.254,223.4625,210.6865,175.32175999999998,242.6593855853216,233.10495650686016,58.69194716659566,69.58464773922188,70.70094591317003,9.554429078461425,7.113765811557784,4.881326533807281,9.554429078461425,6.176812999742648,6.755232157437554,261.25895856241925,233.0855,204.91204143758074,70.7811125210885,73.02488602558932,66.29356551208684,72.7193247386065,74.31816446943702,69.52164527694546,15.680711919810635,139.17302737335328,-35.97796143250688,0.011990541325965973,0.03818932528516411,0.09062983325861117,0.12854821667983707,0.13759579347765286,0.20657944386564878,0.4499626287119182,93.40604154686419
2026-01-21,263.49,298.0,263.49,288.11,62366570.0,17745949208.59,2.6832,13.3354,258.52000000000004,251.39499999999998,236.73200000000003,227.495,224.0805,211.90833333333333,175.88139999999999,258.52000000000004,251.39499999999998,236.73200000000003,227.495,224.0805,211.90833333333333,175.88139999999999,249.6517878029644,237.17940417301867,87.33655486071635,78.65116708183413,79.65734541157937,12.472383629945739,8.185489375235376,8.573788509420726,12.472383629945739,7.1453623274662,10.654042604959077,272.89371956786897,236.73200000000003,200.57028043213109,75.52579218577618,73.85852141231828,78.86033373269197,77.2341794553673,75.29016946474712,81.12219943660764,20.791491570754154,213.1569183219916,-13.736111111111093,0.11445922946000298,0.14604506851767154,0.2170302282750113,0.2664454163827777,0.2857432931468825,0.35959731015769403,0.6380924873238446,349.66890873480463
2026-01-22,302.0,308.56,285.0,288.5,51698450.0,15202145907.13,2.2242,0.1354,266.22,256.077,240.18099999999998,229.80166666666668,224.79316666666668,213.14641666666665,176.44859999999997,266.22,256.077,240.18099999999998,229.80166666666668,224.79316666666668,213.14641666666665,176.44859999999997,255.62843583327756,240.98092978983212,83.74680773440355,78.85819521178638,78.38610684893291,14.647506043445446,9.477892708877391,10.33922666913611,14.647506043445446,8.2995382837707,12.695935519349494,282.12631070961623,240.18099999999998,198.23568929038373,74.79556334915983,74.1708687245988,76.0449525982819,76.08889567313585,75.55641153421004,77.15386395098747,21.294856739707946,217.9585264238099,-26.201671891327067,0.0836901810532641,0.1266142605544426,0.20117744534330367,0.25543040738027717,0.2834020013953567,0.3535296746328913,0.6350370589508789,101.36192513608826
2026-01-23,276.0,284.95,270.2,276.0,41251221.0,11382464119.94,1.7748,-4.3328,272.554,259.022,242.98600000000002,231.71833333333333,225.27916666666667,214.25475,176.979,272.554,259.022,242.98600000000002,231.71833333333333,225.27916666666667,214.25475,176.979,258.76252262815797,243.5749349905853,69.75083561227592,72.55782428196221,74.19461315025087,15.187587637572676,10.619831694616447,9.135511885912457,15.187587637572676,9.359238184355618,11.656698906434116,286.6871730060555,242.98600000000002,199.28482699394453,68.77017351905086,72.37063698941617,61.56924657832025,69.6323950683682,73.58173937892943,61.73370644724574,20.750337332488318,130.7471893156878,-43.28060614116709,0.01264336608525293,0.06554655589100543,0.13586791008535462,0.19110126518546222,0.22514657739471394,0.2881861428976487,0.5595070601596799,64.21443204735938
2026-01-26,275.49,285.0,269.96,273.0,31365719.0,8647104289.21,1.3494,-1.087,275.96400000000006,261.717,245.61350000000002,233.73166666666665,225.85916666666665,215.35933333333335,177.4948,275.96400000000006,261.717,245.61350000000002,233.73166666666665,225.85916666666665,215.35933333333335,177.4948,260.9529037622875,245.75456943572712,72.69992082343627,65.33790401567092,72.50816459830176,15.1983343265604,11.535532221005239,7.325604211110321,15.1983343265604,10.257560667771738,9.881547317577322,289.92438319446603,245.61350000000002,201.30261680553397,61.94141100610759,68.89422832831332,48.03577636169615,63.9988043864889,70.38742771478259,51.22155772990152,19.712094181126808,111.98352813208311,-47.26837697726972,-0.010740531373657632,0.04311145244672687,0.11150242148741817,0.1680060468200715,0.20871782194656707,0.2676487978231729,0.5380732280607657,89.64697710810422
2026-01-27,274.37,279.22,268.01,270.75,28374826.0,7744438106.52,1.2208,-0.8242,279.27200000000005,265.235,248.27100000000002,235.75666666666666,226.5495,216.45558333333335,177.989,279.27200000000005,265.235,248.27100000000002,235.75666666666666,226.5495,216.45558333333335,177.989,262.4601493373202,247.60608281085842,63.75976199330608,62.1632488942501,69.26169844020798,14.854066526461793,12.19923908209655,5.309654888730485,14.854066526461793,10.964715415262516,7.778702222398554,291.87749294965545,248.27100000000002,204.66450705034458,55.69231086304609,64.49358917322425,38.089754242689764,57.66974781476611,66.14820108144377,40.71284128141079,18.166258875467395,88.99363796086402,-54.98836532867948,-0.030515053424618462,0.020792881784078218,0.09054218978454988,0.14842987826431212,0.19510305694781938,0.25083398557132763,0.5211614200877582,92.0572892927395
2026-01-28,276.31,278.0,260.5,268.31,34497023.0,9199132084.64,1.4842,-0.9012,275.312,266.916,250.725,237.93366666666668,227.25183333333334,217.54358333333332,178.531,275.312,266.916,250.725,237.93366666666668,227.25183333333334,217.54358333333332,178.531,263.3601263623479,249.1397063063504,62.94052863436123,60.9741668309998,67.13733754829646,14.220420055997494,12.60347527687674,3.2338895582415077,14.220420055997494,11.465593052298667,5.509654007397653,292.95242710608744,250.725,208.49757289391258,50.30428897279997,59.76382243974949,31.385222038900935,51.62258027394664,61.30632747894474,32.25508586395043,18.045120898109687,66.60739044325726,-60.4717548076923,-0.025432963328877817,0.005222616853242239,0.07013660384883841,0.1276672349856612,0.18067254316246806,0.23336205043970126,0.5028762511832678,91.34482323538583
2026-01-29,268.3,272.8,260.51,261.29,22831104.0,6071189834.12,0.9823,-2.5837,269.87,268.045,252.53900000000004,240.05166666666668,227.8783333333333,218.53283333333331,179.04904000000002,269.87,268.045,252.53900000000004,240.05166666666668,227.8783333333333,218.53283333333331,179.04904000000002,263.0416453835252,250.03972806143554,1.4130434782608177,63.12780726827278,63.89019397274986,13.00191732208964,12.683163685919322,0.6375072723406348,13.00191732208964,11.70195063226651,2.5999333796462594,293.2033130236346,252.53900000000004,211.87468697636547,41.98533983741519,53.837661572304725,18.280696367636125,44.07551024673367,55.56272173487439,21.10108727045224,16.998735280271564,44.716001209803316,-71.01862980769228,-0.03179308555971388,-0.02520099237068401,0.034652073541116324,0.08847400906749246,0.1466206382060605,0.19565557273239662,0.45932086538972783,76.71129177707749
2026-01-30,261.29,269.14,256.39,264.44,22626325.0,5968688462.42,0.9735,1.2056,267.558,270.05600000000004,254.5405,241.96300000000002,228.58566666666667,219.54933333333332,179.57119999999998,267.558,270.05600000000004,254.5405,241.96300000000002,228.58566666666667,219.54933333333332,179.57119999999998,263.25677686298286,251.10641487169957,10.375494071146193,57.595679737027474,64.50953229104823,12.15036199128329,12.576603346992117,-0.8524827114176539,12.15036199128329,11.770936995192168,0.7588499921822454,293.26981242679835,254.5405,215.81118757320166,34.61330441273859,47.42954251911601,8.980828199983762,39.491064527512904,50.2055026657539,18.062188251030918,16.226237956585827,32.94466793272208,-69.67782691092863,-0.011653548015757314,-0.020795686820511455,0.0388916498553275,0.09289436814719595,0.15685293770242226,0.20446733308231413,0.4726192173355195,112.73106141636566
2026-02-02,260.0,268.34,251.92,252.3,22579743.0,5824944331.23,0.9714,-4.5908,263.418,269.691,255.85550000000003,243.61633333333333,228.796,220.50733333333335,180.04828,263.418,269.691,255.85550000000003,243.61633333333333,228.796,220.50733333333335,180.04828,261.5711188840624,251.19482858490701,10.499999999999943,51.20016697975371,60.78443560417704,10.376290299155386,12.136540737424772,-3.5205008765387724,10.376290299155386,11.556375965032663,-2.360171331754554,292.21824407744873,255.85550000000003,219.49275592255134,23.29917092675983,39.386085321663955,-8.874657863048412,26.55101100327604,42.32067211159462,-4.988311213361115,16.261467419024765,2.907541086032417,-99.3290960451977,-0.042206682914607184,-0.06448491050869315,-0.013896515806773835,0.03564484592576585,0.10272906869001215,0.14417963423741006,0.4012908093318081,62.50302263946862
2026-02-03,257.2,258.0,243.98,251.5,26108936.0,6519329531.6,1.1233,-0.3171,259.568,269.41999999999996,257.1395,245.197,229.10983333333334,221.46475,180.52439999999999,259.568,269.41999999999996,257.1395,245.197,229.10983333333334,221.46475,180.52439999999999,260.02171597882204,251.2174338749139,11.330935251798508,53.94172622319955,60.08122461730709,8.80428210390815,11.470089010721448,-5.331613813626596,8.80428210390815,11.132976909475046,-4.657389611133791,290.7457321757819,257.1395,223.53326782421811,19.414271275422223,32.72881397291671,-7.2148141195667534,21.582164659766363,35.407836294318535,-6.069178609337982,15.85392788829299,-33.39479961428479,-88.355528027253,-0.031082413856869814,-0.06651325068666009,-0.02193167521909313,0.025705861001561997,0.09772678169640613,0.13562090581006678,0.39316347263860185,96.87403486266506
2026-02-04,248.24,248.7,240.52,244.0,16734575.0,4077204475.91,0.72,-2.9821,254.706,265.009,258.202,246.15766666666667,229.42866666666666,222.36375,180.97824000000003,254.706,265.009,258.202,246.15766666666667,229.42866666666666,222.36375,180.97824000000003,257.5568365974648,250.6828091434388,9.531013615733684,43.11873776344581,55.8694442727329,6.874027454025992,10.550876699382357,-7.3536984907127305,6.874027454025992,10.477753916329037,-7.207452924606091,288.4012684470463,258.202,228.0027315529537,15.550761186012892,27.002796377282106,-7.353309196525537,16.092989255834834,28.9695539481573,-9.660140128810106,14.967759181330624,-76.55935435062864,-94.88536155202823,-0.04203277504259809,-0.07927655287178931,-0.055003446913656745,-0.008765384787256966,0.06351138916090118,0.09730115632606479,0.3482283836996092,73.87855109376866
2026-02-05,238.84,242.81,236.82,238.17,15872981.0,3797184765.48,0.6829,-2.3893,250.08200000000002,259.976,258.02650000000006,246.77933333333334,229.70816666666667,223.21591666666666,181.40692,250.08200000000002,259.976,258.02650000000006,246.77933333333334,229.70816666666667,223.21591666666666,181.40692,254.57424635170096,249.75593439207296,8.644346871569653,41.17905851297843,54.11976047904192,4.818311959628005,9.404363751431486,-9.172103583606962,4.818311959628005,9.607070538375032,-9.577517157494054,288.6676098294248,258.02650000000006,227.38539017057528,11.301171633348567,21.768921462637596,-9.634328025229493,11.662657013229861,23.20058830318149,-11.413205566673398,13.551802966543239,-102.8804610604341,-97.19800747198009,-0.047632376580481736,-0.0838769732590701,-0.0769552739737975,-0.03488676793572673,0.036837320397112495,0.06699380383194,0.31290471168354533,78.51855584981625
2026-02-06,235.8,247.54,232.58,242.68,20362793.0,4902853724.68,0.8761,1.8936,245.73000000000002,256.644,257.83299999999997,247.5386666666667,230.0865,224.08158333333333,181.86564,245.73000000000002,256.644,257.83299999999997,247.5386666666667,230.0865,224.08158333333333,181.86564,252.7443622975931,249.2317911037713,22.575891541408765,13.083048919226371,54.90819209039548,3.5125711938218274,8.226005239909554,-9.426868092175454,3.5125711938218274,8.669455254597617,-10.313768121551579,288.8261225647838,257.83299999999997,226.83987743521612,14.752524942529686,19.43012262260163,5.397329582385794,14.197589732080747,20.199588779481246,2.193591637279752,13.807838790808098,-92.9679864798166,-80.73254483021748,-0.012411996907174587,-0.054409999844142076,-0.058770599574142816,-0.01962790998308692,0.05473376317167677,0.08299841687123631,0.33439169707922833,120.6338798972022
2026-02-09,251.0,253.33,244.51,250.11,19270827.0,4798522170.63,0.8291,3.0616,245.292,254.35500000000002,258.036,248.52733333333333,230.54250000000002,224.99816666666666,182.30932,245.292,254.35500000000002,258.036,248.52733333333333,230.54250000000002,224.99816666666666,182.30932,252.3390757902711,249.29684361460303,31.248364302538633,22.006708473093198,56.85499802449625,3.0422321756680617,7.189250627061257,-8.29403690278639,3.0422321756680617,7.803728627069993,-9.522992902803862,288.7561503559905,258.036,227.31584964400952,22.700127445907803,20.520124230370357,27.06013387698269,21.993647585823986,20.797608381595495,24.38572599428096,13.233686283388444,-51.60433832081897,-62.41423670668954,0.019641896189031897,-0.016689272866662754,-0.030716644189182858,0.006368179489311769,0.0848758905624776,0.11160905755528386,0.3718991437190375,135.1981345968953
2026-02-10,254.87,269.5,254.0,259.0,28203449.0,7437318551.97,1.2134,3.5544,246.792,253.18,259.20750000000004,249.90733333333336,231.32233333333335,225.88575,182.78208,246.792,253.18,259.20750000000004,249.90733333333336,231.32233333333335,225.88575,182.78208,253.3638333609986,250.01559593944725,59.5823798627002,36.915024630541865,59.90491283676704,3.348237421551346,6.421047985959275,-6.145621128815858,3.348237421551346,7.1182684416055855,-7.540062040108479,288.0499620271814,259.20750000000004,230.3650379728187,37.02965565845204,26.023301373064253,59.04236422922762,34.05183433653494,25.215683699908645,51.724135609787524,14.353016050045088,2.9236386190950565,-41.831792162043165,0.04946675743135919,0.022987597756536825,-0.0008005169603504475,0.03638415305940059,0.11964978161785784,0.14659733958428098,0.41698792354261416,141.80354192167454
2026-02-11,255.0,258.33,251.37,255.0,13184335.0,3361572075.53,0.5672,-1.5444,248.99200000000002,251.849,259.38250000000005,251.09966666666665,232.0135,226.72858333333335,183.24328,248.99200000000002,251.849,259.38250000000005,251.09966666666665,232.0135,226.72858333333335,183.24328,253.61555130546034,250.38481105504374,54.585953878406706,36.35536688902364,53.962870403427345,3.230740250416602,5.782986438850741,-5.1044923768682775,3.230740250416602,6.520187181422665,-6.5788938620121264,288.0701139603274,259.38250000000005,230.69488603967275,44.92840171379648,32.32500148664167,70.1352021681061,41.28235997041993,30.571242456745743,62.70459499776831,13.130649495491435,-32.95156797175342,-44.25658876181007,0.024129289294435086,0.01251146520335602,-0.016895896986111436,0.015533008805268627,0.09907397629879298,0.12469277693630006,0.3915926412144555,85.5862826231667
2026-02-12,260.0,264.99,257.01,262.34,18394769.0,4811394570.13,0.7914,2.8784,253.82599999999996,251.954,259.9995,252.34400000000002,232.80249999999998,227.643,183.72344,253.82599999999996,251.954,259.9995,252.34400000000002,232.80249999999998,227.643,183.72344,254.95777418154336,251.27038060652197,74.13157894736838,44.081632653061206,54.62968392658182,3.687393575021389,5.36386786608487,-3.352948582126963,3.687393575021389,6.084372780437853,-4.7939584108329285,288.3664670567709,259.9995,231.63253294322914,56.82117355134281,40.49039217487538,89.48273630427767,54.39047905575845,38.51098798974998,86.14946118777539,12.559622314492993,1.9547417447066615,-19.39328277356454,0.03354266308416006,0.041221810330457014,0.00900194038834676,0.03961259233427366,0.12687793301188774,0.15241847981268905,0.4279070759833365,132.8138413008084
2026-02-13,260.0,265.69,258.02,259.06,15320781.0,4005122304.93,0.6591,-1.2503,257.102,251.41600000000003,260.736,253.49899999999997,233.56966666666668,228.56241666666665,184.19968000000003,257.102,251.41600000000003,260.736,253.49899999999997,233.56966666666668,228.56241666666665,184.19968000000003,255.5888858459213,251.8473894504833,79.4640338504937,43.56656002225622,53.753389879406846,3.74149639543802,5.0393935719555,-2.595794353034961,3.74149639543802,5.7239302596686485,-3.9648677284612575,288.1384727274542,260.736,233.33352727254578,61.7883302187717,47.58970485617416,90.18558094396677,60.167867221715454,45.72994773373847,89.04370619766942,11.670600075494269,-5.4247002443424845,-28.277356446370533,0.007615654487324202,0.030403792916918478,-0.006427957781050517,0.021936970165562925,0.10913374881726932,0.1334321879253261,0.4064085236195848,88.17763973599368
2026-02-24,266.83,268.0,247.77,248.14,21386662.0,5396322581.44,0.9201,-4.2152,256.70799999999997,251.0,260.3455,254.237,234.12483333333333,229.332,184.62792000000002,256.70799999999997,251.0,260.3455,254.237,234.12483333333333,229.332,184.62792000000002,254.44290340808726,251.57276800970675,56.52173913043476,41.32471302282621,53.617266187050355,2.870135398380512,4.605541937240503,-3.4708130777199813,2.870135398380512,5.284884896393551,-4.829498996026079,288.25308167123706,260.3455,232.43791832876298,55.24061306748014,50.14000759327615,65.44182401588813,54.16030440277598,48.540066623417644,65.40077996149265,13.226854607222581,-45.15100096090591,-57.85482123510298,-0.03337644327407009,-0.011394422310757027,-0.046881931894348194,-0.02398156051243528,0.05986193974866681,0.08201210472153905,0.34400040903889273,65.00760513408306
2026-02-25,250.0,252.33,245.18,246.48,15989549.0,3965797052.37,0.6879,-0.669,254.204,250.498,259.95899999999995,254.92566666666664,234.7945,230.09391666666667,185.07363999999998,254.204,250.498,259.95899999999995,254.92566666666664,234.7945,230.09391666666667,185.07363999999998,253.21784134530458,251.19552593491363,44.97090606816289,37.913862718707925,48.426134938550284,2.022315410390945,4.0888966318705915,-4.133162442959293,2.022315410390945,4.782951129316228,-5.521271437850565,288.4327270590188,259.95899999999995,231.48527294098108,49.376732294174175,49.8855824935755,48.359031895371515,48.656526517704734,48.57888658818001,48.81180637675419,12.12197195136393,-79.13728494078603,-62.35102925243775,-0.030385045081902793,-0.016040048223937918,-0.051850484114802566,-0.03312991891754062,0.049769053363686075,0.07121476121887903,0.3317941982445475,93.50806588512143
2026-02-26,251.41,257.98,244.47,252.7,27317852.0,6853226142.74,1.1753,2.5235,253.744,251.368,258.1885,255.924,235.53516666666667,230.64925,185.54088000000002,253.744,251.368,258.1885,255.924,235.53516666666667,230.64925,185.54088000000002,253.13817344602694,251.30696845825338,40.57450628366246,50.292483182217005,50.82216808769793,1.8312049877735603,3.6373583030511853,-3.61230663055525,1.8312049877735603,4.328836338309664,-4.995262701072207,283.52247242730186,258.1885,232.85452757269806,51.08322420189437,50.28479639634846,52.680079812986165,50.60308701758141,49.253620064647144,53.302020923449945,12.374340687479583,-50.45523925411173,-45.50379198266527,-0.004114383000189211,0.005299003850927698,-0.021257724491989333,-0.012597489879808138,0.07287588336065876,0.0956029555699834,0.36196400491363395,128.30263215588116
2026-02-27,247.0,269.88,242.63,261.1,39267723.0,10061862538.14,1.6894,3.3241,253.496,253.66099999999997,256.8185,256.57133333333337,236.44183333333334,231.07425,186.01883999999998,253.496,253.66099999999997,256.8185,256.57133333333337,236.44183333333334,231.07425,186.01883999999998,254.36306983894588,252.03237820208648,58.06451612903229,56.317451961042394,55.023063559575874,2.330691636859399,3.3760249698128284,-2.090666665906859,2.330691636859399,4.021429461163469,-3.3814756486081397,277.8485539579338,256.8185,235.7884460420661,56.64875497251678,52.40611592173791,65.13403307407452,59.222433346841605,52.576557825378636,72.51418438976755,15.07900601702875,0.639373801173982,-23.538873994638006,0.029996528544829162,0.029326542117235406,0.016671306778912154,0.017650711822832836,0.10428851070488804,0.12993983535595166,0.4036212676092381,138.68078746619156
2026-03-02,255.08,265.0,254.75,258.95,26884441.0,6996210443.29,1.1566,-0.8234,253.474,255.288,255.96599999999998,256.98466666666667,237.19683333333336,231.58858333333333,186.50475999999998,253.474,255.288,255.96599999999998,256.98466666666667,237.19683333333336,231.58858333333333,186.50475999999998,255.06875140218497,252.54479463156156,44.805393809377904,60.58332153475858,50.9526228883526,2.523956770623414,3.205611329974946,-1.3633091187030635,2.523956770623414,3.7910490472342295,-2.534184553221631,275.01070242682306,255.96599999999998,236.9212975731769,57.72913940063809,54.18045708137131,64.82650403917167,59.444924983521304,54.866013544759525,68.60274786104486,14.201004923023522,22.711061656538256,-40.11009174311929,0.02160379368298129,0.014344583372504691,0.011657798301336932,0.007647667694829987,0.09170934687857676,0.11814665590524571,0.388436413097446,92.0641261523591
2026-03-03,257.79,258.0,240.0,241.0,31967638.0,7857516651.23,1.3753,-6.9318,252.046,254.377,254.36599999999999,256.8163333333333,237.61433333333335,231.99733333333333,186.91928,252.046,254.377,254.36599999999999,256.8163333333333,237.61433333333335,231.99733333333333,186.91928,252.90432810954115,251.6896246588533,30.909090909090935,51.70996978851965,46.19681004203374,1.214703450687864,2.8074297541175297,-3.1854526068593314,1.214703450687864,3.3946881862270963,-4.359969471078465,272.7505030850479,254.36599999999999,235.98149691495206,39.60166633848876,49.32086016707713,20.163278681312022,40.745523393744236,50.1591834944211,21.918203192390507,15.064458573382879,-82.35862152211985,-96.65327978580991,-0.043825333470874334,-0.05258730152490205,-0.05254633087755434,-0.06158616598892329,0.014248579280430548,0.038805043736134914,0.2893266013008397,48.754114417764534
2026-03-04,236.98,243.88,233.77,236.0,18468291.0,4391225517.72,0.7946,-2.0747,249.95,252.077,252.62849999999997,256.8306666666667,237.92600000000002,232.25566666666666,187.31868,249.95,252.077,252.62849999999997,256.8306666666667,237.92600000000002,232.25566666666666,187.31868,250.30366224653483,250.52743023967895,35.33107781536978,45.987506006727536,32.0024867030462,-0.2237679931441221,2.2011902046651994,-4.849916395618643,-0.2237679931441221,2.838002620169986,-6.123541226628216,271.061586128222,252.62849999999997,234.1954138717779,28.45963577001438,42.36711870138954,0.6446699072640456,29.222207140184693,43.1801913763423,1.3062386678694793,14.163647923676898,-142.00984102102316,-93.82442536693439,-0.05581116223244645,-0.06377813128528187,-0.06582194803832496,-0.08110661758979978,-0.008094953893227372,0.01612160162579461,0.25988502588209567,81.08669584290827
2026-03-05,245.96,247.5,237.85,242.99,21406034.0,5197294198.53,0.921,2.9619,248.00799999999998,250.87599999999998,251.3625,256.547,238.37533333333334,232.6595833333333,187.6628,248.00799999999998,250.87599999999998,251.3625,256.547,238.37533333333334,232.6595833333333,187.6628,249.1784834393756,249.96910207377678,46.26418325840293,45.70048309178743,34.967298672127896,-0.7906186344011701,1.6028284368519257,-4.786894142506192,-0.7906186344011701,2.279753196389808,-6.140743661581956,268.7066012268825,251.3625,234.0183987731175,27.48412162199242,37.40611967492384,7.640125516129572,27.992502535439296,38.11762842937463,7.742250747568619,13.679348301190188,-88.86832608494514,-74.4669066740515,-0.020233218283281073,-0.03143385576938395,-0.03330846884479587,-0.05284411823174707,0.019358826276768,0.04440142339576975,0.2948224155240144,133.89488315463882
2026-03-06,240.0,242.97,238.49,241.9,14518915.0,3488340369.43,0.6246,-0.4486,244.16799999999998,248.83199999999997,250.39299999999997,256.277,238.864,232.93408333333335,188.01415999999998,244.16799999999998,248.83199999999997,250.39299999999997,256.277,238.864,232.93408333333335,188.01415999999998,248.05871675639474,249.37139080905257,37.012987012987054,38.60000000000001,37.817947985138616,-1.312674052657826,1.0197279389499754,-4.664803983215602,-1.312674052657826,1.7270720811517104,-6.079492267619073,267.5674597402174,250.39299999999997,233.21854025978257,25.827594050958115,33.546611133601935,10.38955988567048,26.1665146599227,34.133923839557326,10.231696300653454,12.01037588279197,-94.92408898937077,-77.4854610911105,-0.009288686478162464,-0.02785815329218091,-0.03391867983529878,-0.05609945488670455,0.012710161430772329,0.03849121836685553,0.2866052216492632,95.60369403496566
2026-03-09,232.73,241.4,226.1,238.43,22785188.0,5283678883.29,0.9803,-1.4345,240.064,246.769,249.09250000000003,256.08033333333333,239.33550000000002,233.23858333333334,188.34428,240.064,246.769,249.09250000000003,256.08033333333333,239.33550000000002,233.23858333333334,188.34428,246.5773757169494,248.56091741578942,19.07230559345159,38.87471465019472,37.69137648650573,-1.983541698840014,0.4190740113919775,-4.805231420463983,-1.983541698840014,1.156208422691445,-6.279500243062918,265.7186618509704,249.09250000000003,232.4663381490296,26.60624436654404,31.233155544582637,17.35242201046684,26.832191439187095,31.700013039433916,17.09654823869345,12.699398449557068,-132.99669482188733,-71.83645500228411,-0.006806518261796796,-0.033792737337347875,-0.042805383542258484,-0.06892498577920206,-0.0037833919330814594,0.02225796689584307,0.26592641942723194,86.54665838711739
2026-03-10,246.99,250.98,244.8,247.53,21685637.0,5364984043.55,0.933,3.8166,241.36999999999998,246.708,248.85399999999998,255.79966666666667,239.861,233.6765,188.67440000000002,241.36999999999998,246.708,248.85399999999998,255.79966666666667,239.861,233.6765,188.67440000000002,246.72393329895718,248.48455316276798,36.90366972477066,40.28597664961304,42.117055947854425,-1.7606198638108026,-0.016864763648578585,-3.487510200324448,-1.7606198638108026,0.707465609383407,-4.936170946388419,265.42318306279304,248.85399999999998,232.28481693720693,34.05392688240138,32.17341265718889,37.814955332826344,34.20455826416341,32.53486144767709,37.543951897136054,12.672235095092141,-14.803589040437103,-51.050708085883954,0.025520984380826225,0.0033318741183909835,-0.005320388661624824,-0.03232868429591386,0.031972684179587395,0.05928495163185,0.3119426906882967,145.43516585826657
2026-03-11,247.54,255.36,242.82,244.2,19250048.0,4796792255.12,0.8282,-1.3453,243.01,246.48000000000002,248.48899999999998,255.46599999999998,240.36,234.26749999999998,188.97124,243.01,246.48000000000002,248.48899999999998,255.46599999999998,240.36,234.26749999999998,188.97124,246.3356358683484,248.16717885441477,55.52104899930985,40.259570005243845,41.864075048930275,-1.8315429860663812,-0.3798004081321391,-2.903485155868484,-1.8315429860663812,0.31684890239113184,-4.296783776915026,265.13420528402384,248.48899999999998,231.84379471597612,36.48364426544133,33.610156526606374,42.230619743111234,36.584065186616016,33.8845960273234,41.98300350520125,12.648192350529936,-16.049552450487333,-58.65692096847878,0.0048969178223118295,-0.009250243427458737,-0.01726032138243539,-0.04409980193058956,0.015976035946080772,0.04239811326795226,0.2922601343992874,87.33295953153106
2026-03-12,241.7,251.68,240.5,242.0,17298802.0,4222041361.33,0.7442,-0.9009,242.81199999999998,245.41000000000003,248.38899999999998,253.929,240.712,234.78916666666666,189.29924,242.81199999999998,245.41000000000003,248.38899999999998,253.929,240.712,234.78916666666666,189.29924,245.66861496552556,247.7103507911248,61.45912910618792,45.45589105979871,43.271712591559115,-2.0417358255992326,-0.7121874916255578,-2.65909666794735,-2.0417358255992326,-0.04601028653046274,-3.9914510781375396,265.17122480702756,248.38899999999998,231.6067751929724,37.947108173533294,35.05580707558202,43.72971036943585,36.49536125887086,34.75485110450589,39.9763815676008,12.38124828679722,-42.66420449555679,-63.68204659661944,-0.003344151030426764,-0.013895114298520942,-0.025721750963206832,-0.04697769849052295,0.005350792648476233,0.03071195079273252,0.27839921597149575,91.34758363855236
2026-03-13,239.0,240.8,235.05,235.74,13656840.0,3237068552.31,0.5876,-2.5868,241.58,242.87399999999997,248.26749999999998,252.17033333333333,240.986,235.25908333333334,189.63848,241.58,242.87399999999997,248.26749999999998,252.17033333333333,240.986,235.25908333333334,189.63848,244.14113574006012,246.8236581399304,35.75638506876227,42.55820399113084,40.202102963266434,-2.6825223998702654,-1.1062544732744994,-3.152535853191532,-2.6825223998702654,-0.4516275347365863,-4.461789730267358,265.3929109439723,248.26749999999998,231.14208905602766,35.371217361247915,35.160943837470654,35.791764408802436,32.590737840104154,34.03348001637198,29.7052534875685,11.393748598288632,-112.93948557492004,-75.21850899742927,-0.02417418660485141,-0.02937325526816357,-0.0504596856213559,-0.06515569502624545,-0.021768899438141556,0.002044200206226565,0.2431021383423872,76.94477466610084
2026-03-16,235.18,236.88,224.99,233.85,22247394.0,5110398365.3,0.9571,-0.8017,240.664,240.36399999999998,247.82600000000002,250.76533333333333,241.24183333333335,235.75358333333332,189.96787999999998,240.664,240.36399999999998,247.82600000000002,250.76533333333333,241.24183333333335,235.75358333333332,189.96787999999998,242.55788408774316,245.86264642586147,34.66666666666664,36.10496830311074,43.227369502973346,-3.3047623381183087,-1.5459560462432613,-3.5176125837500947,-3.3047623381183087,-0.8905713506414666,-4.828381974953684,265.98218949124606,247.82600000000002,229.66981050875398,33.30532040963887,34.54240269486006,30.831155839196484,30.673942362957437,32.913634131900466,26.194558825071383,11.483976125872513,-150.3579091613929,-73.159648591336,-0.028313333111724202,-0.02710056414438095,-0.056394405752423174,-0.06745483160883484,-0.03064076089622385,-0.008074461929352067,0.2309975770640806,92.26584223515046
2026-03-17,235.98,236.1,227.09,227.09,13597204.0,3135521607.88,0.585,-2.8907,236.57600000000002,238.973,246.675,249.235,241.48333333333332,236.1124166666667,190.26044,236.57600000000002,238.973,246.675,249.235,241.48333333333332,236.1124166666667,190.26044,240.17820961270576,244.4720800239458,30.805687203791464,24.308807977035798,41.415207146374065,-4.29387041124005,-2.0955389192426193,-4.396662983994862,-4.29387041124005,-1.4141558215027872,-5.759429179474526,267.0095353110347,246.675,226.3404646889653,24.508453097151403,31.197752828957178,11.129853633539852,22.75420106603045,29.52715644327713,9.208290311537098,11.034162284804781,-143.5281274519837,-93.08528152782353,-0.040097051264709936,-0.04972528277253083,-0.07939596635248812,-0.08885188677352703,-0.05960383739388495,-0.03821237694332757,0.19357444984359343,74.57724926320769
2026-03-18,228.45,232.5,224.1,231.4,14926349.0,3410110393.5,0.6422,1.8979,234.016,238.513,245.295,247.92333333333332,241.84,236.20041666666665,190.53392000000002,234.016,238.513,245.295,247.92333333333332,241.84,236.20041666666665,190.53392000000002,238.82771582613563,243.50377779994983,17.414141414141426,29.84637893196782,45.46697366527558,-4.6760619738142,-2.6116435301569356,-4.128836887314528,-4.6760619738142,-1.9159875372430046,-5.52014887314239,265.85262273784366,245.295,224.73737726215631,24.123144461867206,28.83955003992719,14.690333305747231,22.95364310778657,27.335985331446942,14.188958660465815,10.55522368756755,-132.52358517056194,-76.6474728087012,-0.011178722822371059,-0.029822273838323275,-0.05664607921074617,-0.06664694730897984,-0.043169037380086,-0.020323489409593828,0.21448191482125586,120.68504121387593
2026-03-19,227.0,227.8,221.0,222.63,17363854.0,3890788548.65,0.747,-3.79,230.142,236.477,243.67649999999998,246.40066666666664,242.16716666666665,236.22216666666665,190.78524,230.142,236.477,243.67649999999998,246.40066666666664,242.16716666666665,236.22216666666665,190.78524,236.33575954519168,241.95757203699057,14.276250414044398,34.47693087713368,44.52508455467869,-5.621812491798892,-3.213677322485327,-4.816270338627129,-5.621812491798892,-2.4861144533285255,-6.271396076940732,266.03505967020783,243.67649999999998,221.31794032979212,17.66339238862548,25.114164156159955,2.761848853556522,16.883724819238385,23.851898494044093,2.9473774696269714,10.527001198918905,-151.51004622067242,-95.25611175785798,-0.03264071747008369,-0.05855537747857089,-0.08637065946039106,-0.09647160045562639,-0.0806763647425366,-0.05753975953428019,0.16691417008988751,67.95216793154343
2026-03-20,224.5,225.5,216.0,216.42,20227563.0,4431220373.33,0.8703,-2.7894,226.27799999999996,233.929,241.38049999999998,244.905,242.47833333333332,236.09650000000002,190.99891999999997,226.27799999999996,233.929,241.38049999999998,244.905,242.47833333333332,236.09650000000002,190.99891999999997,233.2717965382391,240.06590003425052,12.602339181286538,33.786021861543546,40.85781924523046,-6.794103496011417,-3.929762557190545,-5.728681877641743,-6.794103496011417,-3.1488819983566625,-7.290442995309508,265.0613067741286,241.38049999999998,217.69969322587139,12.131285982660879,20.786538098326933,-5.179218248671226,11.611507603069482,19.77176819705256,-4.709013584896674,10.340273708206375,-161.0804611338518,-98.93292682926833,-0.04356587913981906,-0.07484749646260196,-0.1034072760641394,-0.11631040607582538,-0.1074666465044987,-0.0833409220382345,0.13309541226725272,75.35933613057122
