日期,开盘,最高,最低,收盘,成交量,成交额,换手率,涨跌幅,MA5,MA10,MA20,MA30,MA60,MA120,MA250,SMA5,SMA10,SMA20,SMA30,SMA60,SMA120,SMA250,EMA12,EMA26,RSI6,RSI12,RSI24,DIF12-26-9,DEA12-26-9,MACD12-26-9,DIF12-26-12,DEA12-26-12,MACD12-26-12,BOLL_UPPER20-2,BOLL_MIDDLE20-2,BOLL_LOWER20-2,K9-3-3,D9-3-3,J9-3-3,K10-3-3,D10-3-3,J10-3-3,ATR10,CCI,Williams_R10,BIAS5,BIAS10,BIAS20,BIAS30,BIAS60,BIAS120,BIAS250,PSY10
2022-01-27,69.0,69.0,53.85,56.2,12259172,719259345.95,51.297,-9.1791,,,,,,,,,,,,,,,56.2,56.2,,,,0.0,0.0,0.0,0.0,0.0,0.0,,,,,,,,,,15.149999999999999,,,,,,,,,,
2022-01-28,55.71,58.05,50.58,54.81,6398633,343824108.05,26.7743,-2.4733,,,,,,,,,,,,,,,55.986153846153854,56.09703703703704,,,,-0.11088319088318599,-0.0221766381766372,-0.17741310541309757,-0.11088319088318599,-0.017058952443567078,-0.18764847687923783,,,,,,,,,,13.75363636363636,,,,,,,,,,77.84574244479828
2022-02-07,54.51,56.6,53.73,54.24,3274273,179530161.09,13.7008,-1.04,,,,,,,,,,,,,,,55.717514792899415,55.959478737997266,,,,-0.2419639450978508,-0.06613409956087993,-0.35165969107394174,-0.2419639450978508,-0.051659720544226115,-0.38060844910724934,,,,,,,,,,11.77479338842975,,,,,,,,,,90.07386281886821
2022-02-08,53.99,55.6,53.59,54.55,2489301,135431590.45,10.4162,0.5715,,,,,,,,,,,,,,,55.53789713245335,55.85507290555302,,,,-0.31717577309967027,-0.116342434268638,-0.40166667766206454,-0.31717577309967027,-0.09250834401429445,-0.44933485817075164,,,,,,,,,,9.999376408715248,,,,,,,,,,105.86459506181254
2022-02-09,54.61,54.68,52.5,53.18,2391256,127582741.18,10.0059,-2.5115,54.596000000000004,,,,,,,54.596000000000004,,,,,,,55.17514372746052,55.65691935699354,,,,-0.48177562953301845,-0.1894290733215141,-0.5846931124230087,-0.48177562953301845,-0.15239561870948276,-0.6587600216470714,,,,,,,,,,8.577671607130657,,,-0.025935966004835588,,,,,,,77.5417825955559
2022-02-10,53.21,53.7,51.5,51.66,2067780,108789988.55,8.6524,-2.8582,53.688,,,,,,,53.688,,,,,,,54.63435238477429,55.3608512564755,6.007751937984395,,,-0.7264988717012102,-0.29684303299745335,-0.8593116774075137,-0.7264988717012102,-0.24071919609282544,-0.9715593512167695,,,,,,,,,,7.41809495128872,,,-0.037773804202056435,,,,,,,74.82740572060172
2022-02-11,51.39,51.96,49.68,51.1,2531617,128555266.89,10.5932,-1.084,52.946000000000005,,,,,,,52.946000000000005,,,,,,,54.09060586403979,55.04523264488472,5.419580419580342,,,-0.9546267808449329,-0.42839978256694927,-1.0524539965559674,-0.9546267808449329,-0.3505511322085343,-1.2081512972727972,,,,,,,,,,6.483895869236226,,,-0.03486571223510753,,,,,,,89.67367801994278
2022-02-14,50.8,51.43,50.22,50.52,1003408,50924970.4,4.1986,-1.135,52.202,,,,,,,52.202,,,,,,,53.54128188495674,54.71003022674511,6.3136456211811804,,,-1.1687483417883726,-0.576469494411234,-1.1845576947542773,-1.1687483417883726,-0.4764276259900479,-1.3846414315966493,,,,,,,,,,5.525005711193275,,,-0.03222098770162053,,,,,,,89.2122345412164
2022-02-15,51.0,52.68,50.55,52.28,1548267,80210311.61,6.4785,3.4838,51.748000000000005,,,,,,,51.748000000000005,,,,,,,53.34723851804032,54.53002798772695,33.93442622950815,,,-1.1827894696866323,-0.6977334894663136,-0.9701119604406374,-1.1827894696866323,-0.5850986788664455,-1.1953815816403737,,,,13.457556935817813,13.457556935817813,13.457556935817813,,,,4.913186490976314,,,0.010280590554224249,,,,,,,140.83881757408864
2022-02-16,51.91,52.72,51.81,52.27,1100515,57563053.01,4.605,-0.0191,51.565999999999995,53.081,,,,,,51.565999999999995,53.081,,,,,,53.18150951526489,54.362618507154586,30.344827586206918,,,-1.181108991889694,-0.7944085899509897,-0.7734008038774085,-1.181108991889694,-0.6767925731777145,-1.008632837423959,,,,19.286320314838335,15.400478062157987,27.05800482019903,13.405797101449293,13.405797101449293,13.405797101449291,4.185334401707893,,-86.5942028985507,0.013652406624520184,-0.015278536576176031,,,,,,99.8088868230508
2022-02-17,52.2,54.79,52.11,53.82,2145609,115248060.64,8.978,2.9654,51.998000000000005,52.843,,,,,,51.998000000000005,52.843,,,,,,53.279738820608756,54.322424543661654,55.351170568561884,,,-1.042685723052898,-0.8440640165713714,-0.3972434129630533,-1.042685723052898,-0.7330838270046658,-0.6192037920964646,,,,32.79974340835079,21.20023317755559,55.9987638699412,25.424653264765485,17.41208248922136,41.44979481585374,3.911637237761003,,-50.53763440860213,0.035039809223431584,0.01848873076850286,,,,,,133.94050538945294
2022-02-18,53.33,56.5,52.8,55.52,1996113,109616993.73,8.3525,3.1587,52.882000000000005,52.914,,,,,,52.882000000000005,52.914,,,,,,53.62439438666895,54.41113383672375,81.33116883116894,46.996466431095406,,-0.786739450054796,-0.8325991032680563,0.09171930642652071,-0.786739450054796,-0.7413385382431473,-0.09080182362329725,,,,50.40999511680866,30.936820490639946,89.35634436914609,45.08079003778201,26.634985005408243,81.97240010252955,3.8731577399862758,,-15.606936416184944,0.04988464884081536,0.04924972597044264,,,,,,136.47642580519422
2022-02-21,55.49,57.29,54.43,56.07,1946123,108333273.45,8.1433,0.9906,53.992000000000004,53.097,,,,,,53.992000000000004,53.097,,,,,,54.0006414041045,54.53401281178125,90.40650406504069,49.452401010951974,,-0.5333714076767535,-0.7727535641497958,0.47876431294608457,-0.5333714076767535,-0.7093435950790867,0.35194437480466645,,,,61.59615092763154,41.15659730297048,102.47525817695367,58.04334754161377,37.104439184143416,99.92116425655448,3.688947241806953,,-16.03153745072272,0.03848718328641272,0.05599186394711564,,,,,,110.35982077653487
2022-02-22,56.06,56.7,55.0,55.67,1649501,91990474.51,6.9021,-0.7134,54.67,53.209,,,,,,54.67,53.209,,,,,,54.25746580347304,54.61816001090857,93.13232830820775,53.95220588235294,,-0.3606942074355288,-0.6903416928069425,0.6592949707428273,-0.3606942074355288,-0.6557052277493086,0.5900220406275596,,,,67.3015075391394,49.87156738169345,102.16138785403129,64.93297194846087,46.38061677224924,102.03768230088414,3.327320470569325,,-21.28777923784491,0.018291567587342236,0.046251573981845144,,,,,,93.09077632338656
2022-02-23,55.69,64.88,55.69,62.52,4095700,248770663.69,17.138,12.3047,56.720000000000006,54.142999999999994,,,,,,56.720000000000006,54.142999999999994,,,,,,55.52862491063103,55.203481491582004,96.29294755877038,74.12587412587416,,0.3251434190490272,-0.4872446704357486,1.6247761789695516,0.3251434190490272,-0.50480543593418,1.6598977099664145,,,,73.02556642960172,57.58956706432955,103.89756516014607,71.4465427024827,54.7359254156604,104.86777727612731,4.396898566829447,,-15.526315789473639,0.10225669957686877,0.15471990839074323,,,,,,319.1372367652094
2022-02-24,62.61,64.54,61.08,62.18,3532994,221950337.61,14.7834,-0.5438,58.39200000000001,55.19500000000001,,,,,,58.39200000000001,55.19500000000001,,,,,,56.55191338591856,55.72026064035371,93.5030728709394,72.1931355439209,,0.8316527455648526,-0.22346518723562836,2.110235865600962,0.8316527455648526,-0.2991964849343288,2.261698460998363,,,,75.8778901254189,63.685674751359336,100.26232087353803,75.0433091700762,61.505053333799,102.11982084263059,4.226553372860457,,-17.76315789473682,0.06487190026030944,0.1265513180541714,,,,,,94.69291448620456
2022-02-25,62.99,65.79,61.54,64.71,3112223,199583062.27,13.0227,4.0688,60.23,56.556,,,,,,60.23,56.556,,,,,,57.80700363423878,56.38616725958677,94.01778496362165,81.41689373297004,,1.420836374652012,0.10539512514189975,2.630882499020225,1.420836374652012,-0.03457604499796865,2.9108248392999614,,,,81.55638869253646,69.64257939841838,105.38400728077261,81.0500673850604,68.0200580175528,107.11008612007561,4.230816395976738,,-6.936416184971176,0.074381537439814,0.1441756842775302,,,,,,149.00705150666963
2022-02-28,64.2,67.84,63.0,63.7,2495851,161261148.0,10.4436,-1.5608,61.75600000000001,57.874,,,,,,61.75600000000001,57.874,,,,,,58.7136184597405,56.92793264776553,85.01712328767127,83.74439461883415,,1.7856858119749717,0.4414532625085142,2.688465098932915,1.7856858119749717,0.24546424069017606,3.080443142569591,,,,79.09540073783987,72.79351984489222,91.69916252373517,79.38521939802176,71.80844514437578,94.5387679053137,4.3415770512536955,,-23.944476576055518,0.03147872271520168,0.10066696616788195,,,,,,85.44375481726387
2022-03-01,63.51,67.31,63.12,66.88,2547013,167317845.0,10.6577,4.9922,63.998000000000005,59.334,,,,,,63.998000000000005,59.334,,,,,,59.96998485054966,57.66512282200512,87.77078965758214,88.56304985337248,,2.304862028544541,0.8141350157157196,2.9814540256576425,2.304862028544541,0.5622946695908476,3.4851347179073864,,,,84.02927118483666,76.53877029154037,99.01027297142923,84.26055591392341,75.959148734225,100.86337027332024,4.314017587389388,,-5.988771054273287,0.04503265727053956,0.12717834631071548,,,,,,162.7677353264231
2022-03-02,66.45,66.87,63.2,65.2,2064982,133503914.0,8.6407,-2.512,64.534,60.626999999999995,56.854,,,,,64.534,60.626999999999995,56.854,,,,,60.77460256584971,58.223261872226956,80.56446440025663,84.04452690166981,,2.5513406936227554,1.1615761512971268,2.7795290846512573,2.5513406936227554,0.8683017502111412,3.3660778868232284,67.36331897237676,56.854,46.344681027623245,83.50178362677055,78.8597747366171,92.78580140707746,83.91263168154336,78.61030971666446,94.51727561130116,4.198741662409497,122.19654665732833,-16.783216783216783,0.010320141320854074,0.07542843947416181,0.14679705913392205,,,,,77.53777116853226
2022-03-03,64.95,65.4,63.16,63.16,1318292,84250084.0,5.5162,-3.1288,64.72999999999999,61.561,57.202,,,,,64.72999999999999,61.561,57.202,,,,,61.14158678648822,58.58894617798792,52.96846011131723,74.90842490842493,,2.5526406085002975,1.439789042737761,2.225703131525073,2.5526406085002975,1.12743080533255,2.850419606335495,68.07478901904344,57.202,46.32921098095655,77.36807946482688,78.36254297935369,75.37915243577325,78.90274736216365,78.70778893183086,79.29266422282922,3.842606814698681,95.41951521223287,-31.117021276595775,-0.024254596014212784,0.025974236935722237,0.10415719730079366,,,,,72.76880717684836
2022-03-04,62.23,68.48,62.21,65.24,1605952,105072003.0,6.7199,3.2932,64.83599999999998,62.533,57.7235,,,,,64.83599999999998,62.533,57.7235,,,,,61.77211189625926,59.08161683147029,62.220447284345056,77.12254286909244,,2.690495064788969,1.6899302471480027,2.001129635281933,2.690495064788969,1.3679022298643067,2.645185669849325,69.10198250912777,57.7235,46.34501749087224,76.90018354034945,77.87508983301895,74.95037095501044,78.24833216789557,78.55463667718577,77.63572314931517,4.283951030208012,99.50622117810843,-23.06049822064063,0.006231106175581632,0.04328914333232043,0.13021559676734767,,,,,138.2669268784934
2022-03-07,65.46,66.91,64.84,66.11,1384727,91048128.0,5.7942,1.3335,65.318,63.537,58.31699999999999,,,,,65.318,63.537,58.31699999999999,,,,,62.43947929683476,59.60223780691694,56.44567219152857,76.45286267757213,,2.8372414899178224,1.9193924957019668,1.8356979884317113,2.8372414899178224,1.5939544237186936,2.4865741323982578,70.15925814170325,58.31699999999999,46.47474185829674,78.42342181293037,78.0578671596561,79.15453111947892,79.63835398730129,78.91587578055761,81.08331040078863,3.881414479261099,94.59796478231192,-17.58160237388727,0.012125294712024275,0.040496088893085924,0.13363170259101131,,,,,114.16475471988505
2022-03-08,66.11,70.87,65.1,68.64,2297599,157351788.0,9.614,3.827,65.66999999999999,64.834,59.0215,,,,,65.66999999999999,64.834,59.0215,,,,,63.39340555886019,60.27170167307124,69.95153473344104,77.26517040731507,67.58055398530244,3.1217038857889463,2.159854773719363,1.9236982241391667,3.1217038857889463,1.8289928024987323,2.585422166580428,71.57524345511499,59.0215,46.46775654488502,78.02283279186845,78.04618903706023,77.97612030148491,81.5287752976387,79.78684228625131,85.01264132041348,4.224793664849992,107.60223748659531,-14.690382081686447,0.04522613065326654,0.05870376654224631,0.16296603779978477,,,,,145.57981957410922
2022-03-09,68.18,69.75,64.0,68.2,1698329,114640936.0,7.1064,-0.641,66.27000000000001,65.402,59.7725,,,,,66.27000000000001,65.402,59.7725,,,,,64.13288162672785,60.858983030621516,56.84647302904568,75.32359081419627,66.75041876046903,3.273898596106335,2.3826635381967574,1.7824701158191552,3.273898596106335,2.0512860015152867,2.4452251891820964,72.64781277085604,59.7725,46.89718722914396,75.80943407989515,77.30060405133854,72.8270941370084,78.59494110751672,79.38954189333978,77.00573953587059,4.502103907604539,88.10715477382145,-27.27272727272727,0.029123283537045304,0.04278156631295682,0.14099293153205908,,,,,93.77152914364314
2022-03-10,69.69,70.19,64.8,64.95,1324052,88914563.0,5.5403,-4.7654,66.62800000000001,65.679,60.437,,,,,66.62800000000001,65.679,60.437,,,,,64.2585921456928,61.16202132464955,48.884924174843896,67.31343283582092,63.45541401273887,3.096570821043251,2.5254449947660564,1.142251652554389,3.096570821043251,2.212099050673435,1.768943540739632,72.91508706661824,60.437,47.958912933381754,61.08619700784389,71.89580170350699,39.466987616517685,64.5795498773227,74.45287788800076,44.8328938559666,4.66353956076735,74.24698559041651,-63.45123258306536,-0.025184607072101985,-0.011099438176586112,0.07467279977497238,,,,,61.36882491438544
2022-03-11,64.26,66.48,62.78,66.0,1467130,94522062.0,6.139,1.6166,66.78,65.80799999999999,61.182,,,,,66.78,65.80799999999999,61.182,,,,,64.52650104635545,61.52039011541625,63.89432485322898,58.28571428571429,65.40880503144655,3.006110930939201,2.6215781820006856,0.7690654978770306,3.006110930939201,2.334254724560476,1.3437124127574496,73.07852333114265,61.182,49.285476668857356,55.31227606527544,66.36795982409647,33.20090854763336,57.641177978261325,68.84897791808761,35.225578098608736,4.488350549718741,51.61743125119627,-56.235565819861456,-0.01168014375561547,0.0029175784099198777,0.0787486515641855,,,,,117.39451375526524
2022-03-14,65.7,65.7,62.51,63.56,892270,56881015.0,3.7336,-3.697,66.27000000000001,65.79400000000001,61.834,,,,,66.27000000000001,65.79400000000001,61.834,,,,,64.37780857768539,61.67147232908912,42.06049149338378,52.98701298701299,61.181434599156134,2.7063362485962656,2.6385297953198017,0.1356129065529279,2.7063362485962656,2.3914980359505975,0.6296764252913363,72.65045023977248,61.834,51.017549760227524,42.07115556006816,58.26902506942037,9.675416541363745,43.623756835392086,60.440570890522444,9.990128725131356,4.306832267951697,31.82105728029037,-84.4110854503464,-0.040893315225592385,-0.03395446393288155,0.02791344567713554,,,,,68.61191326497786
2022-03-15,63.0,64.6,60.13,60.26,1386190,87254759.0,5.8003,-5.1919,64.59400000000001,65.132,62.233000000000004,,,,,64.59400000000001,65.132,62.233000000000004,,,,,63.74429956573379,61.566918823230665,27.517294388931575,40.678676162547134,58.384651823780196,2.177380742503125,2.5462999847564665,-0.7378384845066828,2.177380742503125,2.3585569138817557,-0.36235234275726125,72.11380137384991,62.233000000000004,52.3521986261501,28.450913141845554,48.32965442689544,-11.306569428254207,29.48598065872817,50.12237414659103,-11.786806316997541,4.336499128324115,-8.793118236728198,-98.78957169459966,-0.06709601510976267,-0.07480194067432301,-0.03170343708321961,,,,,58.674904042244314
2022-03-16,61.0,63.88,60.3,62.41,1746727,108399056.0,7.309,3.5679,63.436,64.853,62.739999999999995,59.52033333333333,,,,63.436,64.853,62.739999999999995,59.52033333333333,,,,63.539022709467055,61.62936928076914,25.336500395882794,47.42103158736504,62.54375729288216,1.909653428697915,2.4189706735447563,-1.0186344896936825,1.909653428697915,2.289494839238088,-0.7596828210803457,71.43812562990928,62.739999999999995,54.04187437009072,26.043625521006888,40.90097812493259,-3.6710796868445215,26.733670532261964,42.32613960848134,-4.451267620176793,4.206226559537913,-9.722688025672833,-78.77094972067044,-0.01617378144901954,-0.03766980710221575,-0.005259802358941637,0.048549235275340025,,,,141.98764381474132
2022-03-17,62.79,64.89,60.81,62.66,2193070,138126617.0,9.1766,0.4006,62.977999999999994,64.803,63.181999999999995,59.73566666666667,,,,62.977999999999994,64.803,63.181999999999995,59.73566666666667,,,,63.40378844647212,61.70571229700846,27.73311897106106,40.44384057971015,63.58721203573108,1.6980761494636596,2.2747917687285373,-1.1534312385297554,1.6980761494636596,2.1985073485035604,-1.0008623980798017,70.80337327037039,63.181999999999995,55.560626729629604,25.214682687499298,35.6722129791215,4.299622104254894,25.674712695002682,36.775663970655124,3.4728101436977994,4.183276275985564,-8.573719838667717,-76.44320297951589,-0.00504938232398612,-0.033069456660957064,-0.0082618467284986,0.04895456092674945,,,,104.07875287561441
2022-03-18,62.8,66.08,61.3,65.5,2051756,132046219.21,8.5853,4.5324,62.878,64.829,63.681,60.092,,,,62.878,64.829,63.681,60.092,,,,63.72628253163026,61.9867706453782,52.285951787198655,50.64543889845095,66.71875,1.7395118862520604,2.167735792233242,-0.8564478119623633,1.7395118862520604,2.1278926620033296,-0.7767615515025383,70.44922576455606,63.681,56.91277423544393,33.47645512499952,34.94029369441417,30.548777986170208,33.783141796668446,35.778156579326236,29.793112231352865,4.2917714985336435,19.30427451792897,-50.000000000000036,0.04169979961194694,0.01035030619013106,0.028564249933261142,0.08999534047793385,,,,155.77906558262717
2022-03-21,65.01,68.16,64.51,68.0,1608455,106953213.98,6.7304,3.8168,63.766000000000005,65.018,64.2775,60.550666666666665,,,,63.766000000000005,65.018,64.2775,60.550666666666665,,,,64.38377752676406,62.43219504201685,57.41839762611276,60.21097046413503,67.25955204216075,1.9515824847472132,2.1245051307360363,-0.34584529197764624,1.9515824847472132,2.1007680193485423,-0.2983710692026582,70.28104938874984,64.2775,58.27395061125017,48.39450885072864,39.42503207985233,66.33346239248127,46.94791700162749,39.50141005342665,61.84093089802914,4.175085771527525,92.74153510078482,-26.722532588454413,0.06639902142207436,0.045864222215386496,0.057912955544319494,0.12302644617180106,,,,145.43740841433882
2022-03-22,67.52,69.99,65.52,65.52,1424169,96339634.11,5.9593,-3.6471,64.81800000000001,64.70599999999999,64.77,60.916333333333334,,,,64.81800000000001,64.70599999999999,64.77,60.916333333333334,,,,64.55858098418499,62.66092133520078,57.24852071005915,50.58091286307055,63.79920849822953,1.8976596489842024,2.0791360343856695,-0.3629527708029343,1.8976596489842024,2.0695205777540284,-0.3437218575396521,69.21394324659394,64.77,60.32605675340605,50.12251550949834,42.99085988973434,64.38582674902636,49.1581209434309,42.720313683428074,62.03373546343656,4.228706540340701,94.37595373173903,-46.42147117296226,0.010830324909747044,0.012579977127314427,0.011579434923575731,0.07557360094993672,,,,68.96833799696392
2022-03-23,65.26,69.68,65.26,67.83,1260081,85635792.22,5.2727,3.5256,65.902,64.669,65.0355,61.404666666666664,,,,65.902,64.669,65.0355,61.404666666666664,,,,65.0618762173873,63.04381605111183,80.20750199521147,53.3672670321065,64.3633381176953,2.018060166275461,2.066920860763628,-0.09772138897633376,2.018060166275461,2.0616035913727107,-0.08708685019449902,69.54740927027113,65.0355,60.52359072972887,59.44611243567638,48.47594407171502,81.38644916359911,58.2856657846862,47.908764383847455,79.03946858636368,4.2634871693696645,110.72893576906391,-23.459244532803186,0.02925556128797301,0.04887967959918974,0.04296884009502502,0.10463916966137213,,,,141.40972676788303
2022-03-24,67.6,70.5,66.5,69.35,1206741,83124592.56,5.0495,2.2409,67.24000000000001,65.10900000000001,65.394,61.99433333333333,,,,67.24000000000001,65.10900000000001,65.394,61.99433333333333,,,,65.72158756855848,63.510940788066506,79.1596638655462,51.44720750101914,64.23132331755505,2.2106467804919703,2.0956660447092963,0.22996147156534796,2.2106467804919703,2.0845333127756738,0.252226935432593,70.08638756419718,65.394,60.701612435802836,69.26751436566788,55.406467503032644,96.98960809093836,68.49388326500777,54.77047067756756,95.9407084398882,4.215580411302453,143.48257871399983,-11.089681774349142,0.03138013087447925,0.06513692423474458,0.06049484662201408,0.11865062935859726,,,,124.80916665717726
2022-03-25,69.39,69.99,66.68,66.82,634684,43343687.27,2.6558,-3.6482,67.50399999999999,65.191,65.4995,62.51833333333333,,,,67.50399999999999,65.191,65.4995,62.51833333333333,,,,65.89057409647255,63.756056285246764,64.66854724964736,47.40796393688954,60.62883132291873,2.134517811225784,2.103436398012594,0.06216282642638049,2.134517811225784,2.0922232356141524,0.08458915122326349,70.22191898317296,65.4995,60.77708101682705,67.68268235113955,59.49853911906828,84.05096881528209,67.1669282840328,58.90262321305598,83.69553842598647,4.050929427429277,92.23337049424003,-35.48698167791714,-0.010132732875088849,0.02498811185593089,0.020160459240146804,0.06880648343152669,,,,68.96044557340137
2022-03-28,65.65,70.2,65.65,69.38,1202915,82744910.97,5.0334,3.8312,67.78,65.773,65.7835,63.147000000000006,,,,67.78,65.773,65.7835,63.147000000000006,,,,66.42740885086138,64.17264470856182,63.95683453237408,58.542229078287676,63.000189645363164,2.254764142299564,2.133701946869988,0.24212439085915172,2.254764142299564,2.1172295289503698,0.2750692266983883,70.72820168330131,65.7835,60.8387983166987,74.79499084847211,64.5973563622029,95.19025982101053,74.51115694666795,64.10546779092664,95.3225352581506,4.1416695315330445,102.9199746256322,-10.800385728061764,0.023605783416937066,0.05484013196904504,0.05467176419618889,0.09870619348504267,,,,145.6391857014801
2022-03-29,69.0,69.75,64.89,67.14,1061877,71133226.63,4.4433,-3.2286,68.104,66.46099999999998,65.7965,63.64233333333333,,,,68.104,66.46099999999998,65.7965,63.64233333333333,,,,66.53703825842118,64.3924488042239,46.8475073313783,52.10176991150442,54.80049875311721,2.1445894541972734,2.1358794483354453,0.01742001172365626,2.1445894541972734,2.1214387482191244,0.04630141195629811,70.7546884425241,65.7965,60.83831155747589,71.63835303210834,66.94435525217139,81.02634859198224,72.02704580758257,66.74599379647861,82.58914982979047,4.272275071254309,53.763938370424704,-32.94117647058822,-0.014154822036884744,0.01021651795790037,0.020419019248744327,0.054958177732850784,,,,72.0228684603348
2022-03-30,67.15,68.48,65.9,66.78,819110,54490277.65,3.4275,-0.5362,67.89399999999999,66.898,65.8755,64.126,,,,67.89399999999999,66.898,65.8755,64.126,,,,66.57441698789484,64.56930444835547,55.468750000000036,56.4297124600639,54.77773161611965,2.0051125395393683,2.10972606657623,-0.20922705407372355,2.0051125395393683,2.1035424084222387,-0.19685973776574084,70.84400914841619,65.8755,60.90699085158381,67.61397448517369,67.16756166317217,68.50680012917672,68.55466624530273,67.34888461275332,70.96622951040155,3.964588694662616,42.32121346215305,-38.39009287925697,-0.016407930008542584,-0.0017638793386946547,0.013730446068720521,0.04138726881452135,,,,94.76561340123867
2022-03-31,66.66,68.29,64.35,66.53,825380,54946129.36,3.4537,-0.3744,67.33000000000001,67.285,66.044,64.54966666666665,,,,67.33000000000001,67.285,66.044,64.54966666666665,,,,66.56758360514178,64.71454115588469,43.128964059196626,64.25648021828104,51.984300043611,1.8530424492570887,2.058389343112402,-0.4106937877106267,1.8530424492570887,2.0650039531660616,-0.4239230078179457,70.8506944545028,66.044,61.23730554549719,56.8917011472974,63.742274824547245,43.1905537927977,64.65238619252067,66.4500518060091,61.057054965543784,3.9601180229057786,14.103166523089444,-43.15217391304345,-0.011881776325560837,-0.011220925912164606,0.007358730543274245,0.030679218586205176,,,,96.3188053321921
2022-04-01,66.0,68.66,64.88,67.26,625901,41977778.67,2.619,1.0972,67.418,67.461,66.14500000000001,64.941,,,,67.418,67.461,66.14500000000001,64.941,,,,66.67410920435074,64.9030936628562,37.94694348327572,61.78901312591154,53.90522158841597,1.771015541494549,2.0009145827888317,-0.45979808258856547,1.771015541494549,2.0197749667550595,-0.49751885052102107,70.96543238942871,66.14500000000001,61.32456761057131,53.70015848844221,60.394902712512234,40.31067004030217,58.873948518591064,63.92468404353643,48.772477468700316,3.927369291468364,32.48980989444493,-52.68292682926816,-0.002343587765878567,-0.0029794992662426204,0.016856905283846015,0.035709336166674405,,,,111.5304348077931
2022-04-06,66.55,67.7,60.38,61.22,1598871,100310895.19,6.6903,-8.9801,65.78600000000002,66.783,65.9005,65.11266666666667,,,,65.78600000000002,66.783,65.9005,65.11266666666667,,,,65.83501548060447,64.63027191005203,27.011494252873604,47.26858877086495,44.15772089182495,1.2047435705524379,1.8416803803415531,-1.2738736195782305,1.2047435705524379,1.8943855211854252,-1.3792839012659748,71.20059920463268,65.9005,60.60040079536731,38.5669040779338,53.11890316765276,9.462905898495876,42.01609743136637,56.62182183947975,12.804648615139598,4.544211238474116,-102.10317107175705,-91.69960474308304,-0.06940686468245547,-0.0832996421244928,-0.07102374033580922,-0.05978355465910376,,,,39.026950972439636
2022-04-07,60.4,61.72,56.5,56.5,1309178,76672179.05,5.4781,-7.7099,63.657999999999994,65.881,65.2935,65.14033333333333,,,,63.657999999999994,65.881,65.2935,65.14033333333333,,,,64.39885925281916,64.02802954634447,5.09065550906557,34.06515580736546,41.55011655011655,0.3708297064746944,1.5475102455681815,-2.3533610781869743,0.3708297064746944,1.6599923189222359,-2.578325224895083,71.8937879522512,65.2935,58.69321204774879,25.711269385289203,43.983025240198245,-10.832242324528877,28.010731620910917,47.08479176662348,-10.137388670514213,4.667081922387912,-214.5004499559936,-100.0,-0.11244462597002725,-0.1423931027155022,-0.1346764991921094,-0.13264183480792746,,,,44.828192229582356
2022-04-08,57.22,58.95,55.76,57.36,1036993,59352551.02,4.3392,1.5221,61.774,64.834,64.7515,64.96833333333333,,,,61.774,64.834,64.7515,64.96833333333333,,,,63.31595782930852,63.53410143180044,12.268518518518547,30.000000000000014,44.23459244532804,-0.21814360249191367,1.1943794759561626,-2.8250461568961525,-0.21814360249191367,1.3710483310123667,-3.1783838670085607,72.08628310230749,64.7515,57.416716897692496,20.83429039351691,36.26678029130447,-10.030689402058215,22.292093355595973,38.82055896294765,-10.764837859107374,4.398521572862838,-193.6505111122413,-89.14518317503392,-0.07145400977757635,-0.11527902026714383,-0.11415179571129618,-0.11710833482978888,,,,116.30729315199008
2022-04-11,56.3,57.7,55.72,56.99,812742,46197678.58,3.4008,-0.645,59.866,63.598,64.3535,64.79533333333333,,,,59.866,63.598,64.3535,64.79533333333333,,,,62.34273354787644,63.049353177593,12.259059367771798,32.58472846059618,41.510598888660226,-0.7066196297165561,0.8141796548216189,-3.04159856907635,-0.7066196297165561,1.05140710628484,-3.5160534720027923,72.4655943496019,64.3535,56.24140565039809,16.813099673026016,29.782220085211655,-9.125141151345261,17.784968314412055,31.808695413435785,-10.262485883635406,3.9587903777968676,-170.8393605578426,-91.22928176795578,-0.04804062406040153,-0.10390263844774988,-0.11442268097306277,-0.12046135009722918,,,,93.73356675541228
2022-04-12,56.75,58.5,56.47,57.95,620048,35769365.99,2.5945,1.6845,58.004,62.711,63.951,64.57000000000001,,,,58.004,62.711,63.951,64.57000000000001,,,,61.66692838666469,62.67162331258611,18.640350877193,28.651685393258433,41.61873459326212,-1.0046949259214202,0.4504047386730112,-2.910199329188863,-1.0046949259214202,0.7350837167146462,-3.479557285272133,72.5058703272341,63.951,55.396129672765895,16.506903702188417,25.357114624203913,-1.1935181418425742,16.990163038337325,26.869184621736302,-2.7678801284606322,3.608101218197437,-129.6424359655365,-84.59944751381214,-0.000930970277911781,-0.0759196951093109,-0.0938374693124423,-0.10252439213256936,,,,118.18104701551306
2022-04-13,57.99,61.16,56.39,60.13,764580,45256016.28,3.1993,3.7619,57.786,61.786,63.7795,64.451,,,,57.786,61.786,63.7795,64.451,,,,61.43047786563935,62.483354919061206,26.437541308658282,30.63025210084035,41.195944547899856,-1.0528770534218594,0.14974838025403703,-2.4052508673517927,-1.0528770534218594,0.46001282900133766,-3.025779764846394,72.50323043093263,63.7795,55.055769569067365,22.36472611572995,24.359651788045927,18.374874771098,21.80432347008186,25.180897571184822,15.051175267875934,3.8193555421615386,-86.41900678747412,-68.56735566642905,0.040563458277091353,-0.02680218819797363,-0.05722058028049759,-0.06704318009030102,,,,144.66971818365823
2022-04-14,60.09,60.5,57.55,58.18,629385,37001915.58,2.6336,-3.243,58.122,60.89000000000001,63.6755,64.161,,,,58.122,60.89000000000001,63.6755,64.161,,,,60.93040434784868,62.16458788801964,36.23188405797102,31.395348837209312,39.947833065810585,-1.2341835401709602,-0.12703800383096242,-2.2142910726799956,-1.2341835401709602,0.19936723374406104,-2.8671015478300426,72.62262767787583,63.6755,54.72837232212417,21.246757132279527,23.322020236123798,17.096230924590984,20.873155368514134,23.744983503627928,15.129499098286544,3.6612908981321683,-88.71818380072015,-80.98918083462132,0.0009979009669316237,-0.04450648710789962,-0.08630477970333959,-0.09321862190427209,,,,71.91593490740694
2022-04-15,57.85,60.15,56.08,59.9,633724,37079225.92,2.6517,2.9563,58.629999999999995,60.202,63.55,63.98433333333333,,,,58.629999999999995,60.202,63.55,63.98433333333333,,,,60.7718806020258,61.99684063705522,71.14427860696517,28.82037533512066,44.77333885323949,-1.2249600350294187,-0.3466224100706537,-1.7566752499175302,-1.2249600350294187,-0.019760038374935868,-2.4103999933089657,72.64112464816219,63.55,54.458875351837804,24.93215029838728,23.858730256878296,27.078990381405248,24.68308245587702,24.057683154377628,25.933881058875812,3.7356016439263198,-82.008509917653,-67.69706336939721,0.021661265563704644,-0.005016444636390811,-0.057435090479937036,-0.06383333420160144,,,,133.82309036461595
2022-04-18,59.9,61.95,58.06,61.32,452065,27577455.96,1.8916,2.3706,59.496,59.681,63.483000000000004,63.923,,,,59.496,59.681,63.483000000000004,63.923,,,,60.8562066632526,61.94670429356965,73.02325581395348,36.50278293135437,45.19309778142974,-1.0904976303170528,-0.4953974541199335,-1.1902003523942386,-1.0904976303170528,-0.1844888986737231,-1.8120174632866595,72.6213704639746,63.483000000000004,54.34462953602541,32.20295829575291,26.640139603169835,43.32859568091905,30.88094214214574,26.332102816967,39.97862079250322,3.7636740723033526,-49.063658128628,-56.72333848531683,0.030657523194836594,0.02746267656373055,-0.034072113794244185,-0.04072086729346247,,,,126.4017940202467
2022-04-19,60.1,61.94,58.5,59.22,556226,32976168.04,2.3275,-3.4247,59.75,58.876999999999995,63.169000000000004,63.72233333333334,,,,59.75,58.876999999999995,63.169000000000004,63.72233333333334,,,,60.604482561213736,61.744726197749685,60.79380445304935,33.776824034334766,45.510964004964826,-1.1402436365359492,-0.6243666906031367,-1.031753891865625,-1.1402436365359492,-0.3315280891140656,-1.6174310948437671,72.44607508351983,63.169000000000004,53.89192491648018,40.19523062413489,31.158503276824852,58.26868531875495,30.325747738614687,27.663317790849565,35.650607634144926,3.7048242409754697,-52.83068783068785,-70.78464106844741,-0.008870292887029308,0.005825704434668946,-0.06251484114043289,-0.0706555001647775,,,,70.57689839047625
2022-04-20,59.6,59.76,57.3,57.78,577304,33651054.82,2.4157,-2.4316,59.279999999999994,58.532999999999994,62.658,63.44466666666667,,,,59.279999999999994,58.532999999999994,62.658,63.44466666666667,,,,60.16994678256547,61.451042775694155,49.213691026827,32.13556553695386,47.332185886402755,-1.2810959931286874,-0.7557125511082469,-1.050766884040881,-1.2810959931286874,-0.477615458962469,-1.6069610683324367,71.94052370402525,62.658,53.37547629597475,37.818757280723425,33.37858794479105,46.69909595258818,31.23910202370996,28.855245868469698,36.00681433419049,3.478492560798111,-70.63389391979305,-66.93418940609949,-0.025303643724696238,-0.0128645379529495,-0.0778511921861534,-0.08928515136549438,,,,78.17922205577746
2022-04-21,57.78,58.78,53.9,55.89,484755,27384398.28,2.0284,-3.271,58.822,58.472,62.1765,63.019666666666666,,,,58.822,58.472,62.1765,63.019666666666666,,,,59.51149343140155,61.039113681198295,29.847908745247153,27.836257309941516,42.94677628732151,-1.5276202497967475,-0.910094090845947,-1.235052317901601,-1.5276202497967475,-0.639154657552358,-1.776931184488779,71.82574709361748,62.1765,52.52725290638251,33.4526704852856,33.4032821249559,33.551447205944996,29.066233647276626,28.925575128072012,29.34755068568586,3.7333120951984546,-93.50803820027738,-75.27950310559005,-0.04984529597769546,-0.04415788753591464,-0.10110733154809289,-0.11313399520784514,,,,71.70768814478573
2022-04-22,55.89,55.89,52.9,53.4,447173,24145947.46,1.8711,-4.4552,57.522000000000006,58.076,61.455,62.52633333333333,,,,57.522000000000006,58.076,61.455,62.52633333333333,,,,58.571263672724385,60.47325340851694,28.390596745027125,32.30769230769231,40.445728435823355,-1.9019897357925544,-1.1084732198352685,-1.5870330319145718,-1.9019897357925544,-0.833436977281619,-2.1371055170218707,71.47515337628182,61.455,51.43484662371817,24.14340094967475,30.316655066528853,11.79689271596655,21.219109724335432,26.35675332682649,10.943822519353319,3.5981644415260083,-115.73916977717447,-94.47513812154696,-0.0716595389590071,-0.08051518699634964,-0.13107151574322676,-0.14595983558927175,,,,63.39740391130064
2022-04-25,42.72,53.0,42.72,50.33,478251,24507518.34,2.0012,-5.7491,55.324,57.40999999999999,60.504,62.038999999999994,,,,55.324,57.40999999999999,60.504,62.038999999999994,,,,57.30337695384371,59.72190130418235,11.442385173247388,34.91442542787286,34.421852536455134,-2.418524350338643,-1.3704834459359434,-2.0960818088053994,-2.418524350338643,-1.0772965731365458,-2.6824555544041946,70.96961366923534,60.504,50.038386330764645,29.28679494755574,29.973368360204486,27.91364812225826,27.337267463996195,26.683591372549728,28.644619646889126,4.885770906703097,-183.9903865390894,-60.42641705668228,-0.0902682380160509,-0.12332346281135678,-0.16815417162501653,-0.18873611760344294,,,,55.316759859364815
2022-04-26,50.35,51.25,45.5,46.77,636401,31011253.25,2.6629,-7.0733,52.834,56.29200000000001,59.5015,61.397999999999996,,,,52.834,56.29200000000001,59.5015,61.397999999999996,,,,55.68285742248314,58.76250120757626,0.0,27.12742980561555,28.66331658291459,-3.0796437850931184,-1.7123155137673787,-2.7346565426514795,-3.0796437850931184,-1.3853499903606339,-3.388587589464969,71.1894952357785,59.5015,47.813504764221506,26.54481077626962,28.830515832226197,21.97340066435646,25.245125787229924,26.204102844109794,23.327171673470183,5.042903469120716,-181.85108770405762,-78.93915756630263,-0.11477457697694665,-0.16915369857173318,-0.21396939572951937,-0.23824880289260228,,,,48.01803624738012
2022-04-27,45.5,49.79,45.1,49.0,420719,19973561.04,1.7604,4.768,51.077999999999996,55.17900000000001,58.482499999999995,60.91266666666666,,,,51.077999999999996,55.17900000000001,58.482499999999995,60.91266666666666,,,,54.65472551133189,58.03935296997801,15.190735694822877,34.0263894442223,33.31313131313132,-3.384627458646122,-2.0467779027431274,-2.675699111805989,-3.384627458646122,-1.692931139327632,-3.38339263863698,70.09758433936354,58.482499999999995,46.86741566063645,28.582309281596977,28.747780315349793,28.251367214091346,27.71585262223718,26.708019436818923,29.731518993073692,4.9787392020078585,-166.52759190742347,-67.34269370774831,-0.0406828771682524,-0.11198100726725761,-0.16214252126704562,-0.19556961332618275,,,,159.32616443357483
2022-04-28,47.5,51.77,47.05,50.09,649695,31978147.97,2.7186,2.2245,49.918,54.370000000000005,57.63000000000001,60.57366666666667,,,,49.918,54.370000000000005,57.63000000000001,60.57366666666667,,,,53.95246004805006,57.4505120092389,23.168178646196793,34.36754176610978,31.62800331400166,-3.4980519611888425,-2.3370327144322705,-2.322038493513144,-3.4980519611888425,-1.9706420349985876,-3.05481985238051,69.07110778589308,57.63000000000001,46.18889221410694,31.83005052817161,29.775203719623732,35.93974414526737,31.252412755265077,28.22281720963431,37.3116038465266,4.931695710733703,-125.0901436451168,-61.674466978679135,0.003445650867422656,-0.0787198822880265,-0.13083463473885137,-0.17307300752252075,,,,124.60903036629796
2022-04-29,48.5,50.33,46.01,49.9,1052867,50881754.73,4.4056,-0.3793,49.218,53.370000000000005,56.786,60.156666666666666,59.838499999999996,,,49.218,53.370000000000005,56.786,60.156666666666666,59.838499999999996,,,53.32900465604235,56.89121482336935,26.28661916072842,27.904967602591796,29.28647497337593,-3.5622101673270024,-2.582068205011217,-1.9602839246315709,-3.5622101673270024,-2.215498670741421,-2.693422993171163,67.86992558238242,56.786,45.70207441761758,33.6723403104911,31.07424924991286,38.86852243164758,33.280773003423384,29.908802474230672,40.024714061808815,4.82047830878212,-120.9396813874679,-62.662506500260015,0.013856719086512963,-0.06501780026231976,-0.12126228295706692,-0.17049925195323323,-0.1660887221437703,,,96.2709238188318
2022-05-05,49.8,52.86,49.8,50.71,768059,39402971.55,3.2138,1.6232,49.294,52.309000000000005,55.995000000000005,59.75833333333333,59.747,,,49.294,52.309000000000005,55.995000000000005,59.75833333333333,59.747,,,52.926080862805065,56.43334705867533,37.71689497716896,33.03044070876875,32.19102365686493,-3.5072661958702653,-2.767107803183027,-1.4803167853744768,-3.5072661958702653,-2.4142321361458583,-2.186068119448814,66.3874294307773,55.995000000000005,45.602570569222706,38.07811732749485,33.40887194244019,47.41660809760417,36.04427530786673,31.95396008544269,44.2249057527148,4.5003913435490075,-73.9179453230915,-58.42872008324661,0.028725605550371323,-0.030568353438222937,-0.09438342709170468,-0.15141542323246407,-0.1512544562906924,,,117.47099552098312
2022-05-06,49.94,53.18,49.0,51.67,589648,30306667.86,2.4673,1.8931,50.274,51.55400000000001,55.2155,59.297333333333334,59.69466666666666,,,50.274,51.55400000000001,55.2155,59.297333333333334,59.69466666666666,,,52.73283765314275,56.08050653581049,57.57918552036201,30.635294117647078,29.704331881732756,-3.3476688826677403,-2.8832200190799697,-0.9288977271755412,-3.3476688826677403,-2.557837789456917,-1.579662186421647,64.30760525097124,55.2155,46.12339474902876,43.961584237424965,36.926442707435115,58.03186729740466,41.53734159804574,35.148420589643706,54.315183614849815,4.442138371994642,-61.778661532472654,-47.476525821596226,0.02776783227911049,0.0022500678899792944,-0.064212041908522,-0.12862860612056753,-0.13442853632932023,,,120.62810628459847
2022-05-09,51.0,54.64,50.1,54.2,760231,40339881.22,3.1811,4.8965,51.314,51.196,54.86450000000001,58.83733333333334,59.693999999999996,,,51.314,51.196,54.86450000000001,58.83733333333334,59.693999999999996,,,52.958554937274634,55.941209755380086,97.56722151088343,34.07871198568874,35.26867030965393,-2.982654818105452,-2.9031069788850665,-0.15909567844077088,-2.982654818105452,-2.6231942554028453,-0.7189211254052132,63.511720362636886,54.86450000000001,46.21727963736313,58.363658031226876,44.07218114869904,86.94661179628257,51.518875303636975,40.60523882764146,73.34614825562801,4.4599313952683435,-28.59911128929866,-28.51805728518056,0.056241961258136235,0.058676459098367155,-0.012111656900181424,-0.07881617113850622,-0.09203605052434069,,,161.29030008420685
2022-05-10,53.1,55.49,53.1,54.21,587480,32006435.43,2.4582,0.0185,52.138,51.028000000000006,54.75,58.46033333333333,59.688333333333325,,,52.138,51.028000000000006,54.75,58.46033333333333,59.688333333333325,,,53.15108494692468,55.81297199572231,96.60107334525931,37.641835224469666,35.574936883176505,-2.661887048797624,-2.854862992867578,0.38595188813990866,-2.661887048797624,-2.629146992848196,-0.0654801118988555,63.36662774432158,54.75,46.13337225567842,68.90127450058822,52.348545599328766,102.00673230310711,63.4271621234573,48.212546592913405,93.8563931845451,4.083580232492281,-3.940658321742914,-12.756264236902046,0.039740688173692945,0.062357921141334066,-0.009863013698630121,-0.0727045689099731,-0.0917823136849746,,,100.18465510459878
2022-05-11,54.5,56.5,54.0,54.3,625304,34667501.95,2.6165,0.166,53.01800000000001,51.117999999999995,54.597,58.00933333333334,59.707,,,53.01800000000001,51.117999999999995,54.597,58.00933333333334,59.707,,,53.32784110893627,55.70089999603917,95.86056644880163,40.80338266384777,35.91338401290025,-2.3730588871029,-2.7585021717146425,0.7708865692234852,-2.3730588871029,-2.589748822733535,0.43337987126126976,63.12672536116164,54.597,46.06727463883836,72.83476779571377,59.177286331457104,100.1497307242271,70.29638577945047,55.5738263217591,99.74150469483322,3.7956565538573206,10.074353335427766,-15.965166908563155,0.02418046701120354,0.062248131773543616,-0.005439859332930457,-0.06394373319235996,-0.09055889594184942,,,101.67266870755975
2022-05-12,54.1,55.33,53.38,54.55,693700,37681141.7,2.9027,0.4604,53.786,51.54,54.475,57.516,59.75516666666667,,,53.786,51.54,54.475,57.516,59.75516666666667,,,53.5158655537153,55.61564814448071,100.0,46.122685185185176,35.19683205217795,-2.0997825907654075,-2.6267582555247957,1.0539513295187763,-2.0997825907654075,-2.514369402430746,0.8291736233306768,62.93008380237979,54.475,46.01991619762021,76.1880908111776,64.84755449136394,98.86916345080493,74.49583613366873,61.88116292572898,99.72518254954825,3.46008263497417,3.0962909401041503,-17.105263157894765,0.014204439817052687,0.058401241753977456,0.001376778338687393,-0.0515682592669866,-0.0871082277404186,,,104.7006199832522
2022-05-13,54.51,56.0,54.05,55.02,408498,22387900.59,1.7093,0.8616,54.456,52.364999999999995,54.3285,57.12266666666667,59.8205,,,54.456,52.364999999999995,54.3285,57.12266666666667,59.8205,,,53.74727085314372,55.57152605970436,100.0,55.30799475753606,41.70235546038545,-1.8242552065606432,-2.4662576457319654,1.2840048783426443,-1.8242552065606432,-2.4081979876814996,1.1678855622417128,62.63020882852959,54.3285,46.02679117147041,79.42250223128397,69.70587040467062,98.85576588451067,78.66973870899554,67.47735485348451,101.05450642001759,3.1855221558879574,17.273904966367386,-12.982456140350852,0.010356985456148084,0.05070180464050432,0.012728126121648949,-0.036809672751038656,-0.08024840982606296,,,108.957796389134
2022-05-16,56.31,57.58,55.0,55.66,358474,20123609.03,1.5,1.1632,54.748000000000005,53.031000000000006,54.105000000000004,56.665333333333336,59.906166666666664,,,54.748000000000005,53.031000000000006,54.105000000000004,56.665333333333336,59.906166666666664,,,54.04153687573699,55.578079684911444,100.0,70.77162899454403,48.73798076923077,-1.5365428091744562,-2.2803146784204635,1.4875437384920147,-1.5365428091744562,-2.2740971909881083,1.4751087636273041,61.97872312120992,54.105000000000004,46.23127687879009,80.7501210496085,73.38728728631659,95.47578857619231,80.24827870141621,71.73432946946176,97.27617716532512,3.075427218453783,42.140670345798696,-16.59464131374245,0.016658142763205812,0.049574777017216166,0.028740412161537613,-0.01774159391985705,-0.07088029334765204,,,112.2602899103873
2022-05-17,55.11,56.46,54.3,55.28,577636,31886177.33,2.417,-0.6827,54.962,53.55,53.96,56.27,59.95616666666667,,,54.962,53.55,53.96,56.27,59.95616666666667,,,54.232069664085145,55.555999708251335,79.34782608695664,94.09326424870466,46.829268292682926,-1.3239300441661896,-2.089037751569609,1.5302154148068388,-1.3239300441661896,-2.1279176299385822,1.6079751715447852,61.62170518329904,53.96,46.29829481670096,78.23123843089675,75.00193766784332,84.68983995700361,80.20585333191505,74.5581707569462,91.50121848185276,2.9089859060076413,32.222337590419734,-19.87899740708727,0.005785815654452128,0.03230625583566767,0.024462564862861382,-0.017593744446419084,-0.0779930893958642,,,93.37880755080322
2022-05-18,54.65,55.6,53.76,55.01,468153,25644526.22,1.9589,-0.4884,55.104,54.061,53.7155,55.87766666666667,60.00183333333334,,,55.104,54.061,53.7155,55.87766666666667,60.00183333333334,,,54.35175125422589,55.5155552854179,69.04761904761904,89.07672301690504,46.97247706422018,-1.163804031192015,-1.9039910074940902,1.4803739526041504,-1.163804031192015,-1.9795924609006488,1.6315768594172675,60.874689824789556,53.7155,46.55631017521044,75.50303230280451,75.16896921283039,76.17115848275276,76.81944223681671,75.31192791690304,79.83447087664405,2.7146248321880706,26.002663580988056,-29.95337995337996,-0.0017058652729384654,0.017554244279610033,0.024099189247051584,-0.015527968836684993,-0.08319468016255069,,,95.2217383999166
2022-05-19,54.04,56.08,53.44,55.01,609920,33689323.69,2.5521,0.0,55.19599999999999,54.491,53.4,55.49366666666667,60.02166666666666,,,55.19599999999999,54.491,53.4,55.49366666666667,60.02166666666666,,,54.453020292037294,55.478106745757316,67.6616915422886,87.27272727272722,45.368620037807176,-1.0250864537200215,-1.7282100967392764,1.4062472860385098,-1.0250864537200215,-1.83274538287286,1.6153178583056769,59.64605981062434,53.4,47.15394018937566,72.21592527851851,74.18462123472644,68.27853336610266,74.56183484008449,75.06189689129687,73.56171073765972,2.7010566808811487,35.914834798042975,-29.95337995337996,-0.0033698094064786013,0.009524508634453366,0.030149812734082387,-0.008715709300160466,-0.08349762585732924,,,100.0
2022-05-20,54.99,55.4,52.2,53.84,1068920,57142361.66,4.4728,-1.6262,54.96,54.708000000000006,53.13100000000001,55.04633333333334,59.99366666666666,,,54.96,54.708000000000006,53.13100000000001,55.04633333333334,59.99366666666666,,,54.35870947787771,55.35676550533085,37.88395904436868,75.9894459102903,39.76570126911813,-0.9980560274531385,-1.582179282882049,1.1682465108578208,-0.9980560274531385,-1.7043316358852103,1.4125512168641436,58.754016234988946,53.13100000000001,47.50798376501107,58.30504064416725,68.89142770454004,37.13226652342166,66.37455656005633,72.16611678088336,54.79143611840229,2.7917736479936663,20.567540400525832,-49.99999999999995,-0.02037845705967972,-0.01586605249689263,0.013344375223504094,-0.02191487171413173,-0.10257193814902672,,,80.65551389895384
2022-05-23,53.8,59.16,53.8,58.36,1137718,64385951.39,4.7606,8.3952,55.5,55.124,53.160000000000004,54.95100000000001,60.03183333333334,,,55.5,55.124,53.160000000000004,54.95100000000001,60.03183333333334,,,54.97429263512729,55.579227319750785,73.92550143266479,83.87953941541191,50.27027027027027,-0.604934684623494,-1.386730363230338,1.5635913572136881,-0.604934684623494,-1.5351936433834077,1.8605179175198274,58.88895508062259,53.160000000000004,47.43104491937742,68.37194280492378,68.71826607133463,67.67929627210208,73.75162008218317,72.69461788131663,75.86562448391624,3.2587238938129994,108.83818515604487,-11.494252873563187,0.05153153153153152,0.05870401277120668,0.0978179082016553,0.06203708758712292,-0.027849113387064178,,,223.92486448241277
2022-05-24,59.8,59.8,55.01,55.4,1331205,75592042.45,5.5703,-5.072,55.524,55.242999999999995,53.1355,54.91433333333334,60.02733333333334,,,55.524,55.242999999999995,53.1355,54.91433333333334,60.02733333333334,,,55.03978607587694,55.56595122199147,48.602150537634415,64.03310759969904,43.48581354950781,-0.5261651461145291,-1.2146173198071764,1.3769043473852944,-0.5261651461145291,-1.3799584899574262,1.7075866876857941,58.819310712060016,53.1355,47.451689287939985,59.616382922580755,65.68430502175,47.48053872424225,63.20283444075369,69.53069006779566,50.54712318666975,3.5371377313015446,97.66719586358876,-57.89473684210529,-0.0022332684965060572,0.002841989030284445,0.04261745913748809,0.008844078352342613,-0.07708710476338566,,,59.421664789905506
2022-05-25,55.01,56.0,54.15,55.4,404722,22303286.37,1.6935,0.0,55.602,55.352999999999994,53.2355,54.849000000000004,59.90866666666667,,,55.602,55.352999999999994,53.2355,54.849000000000004,59.90866666666667,,,55.0952036026651,55.55365853888099,50.672645739910294,55.57620817843864,41.062801932367144,-0.45845493621588673,-1.0633848430889183,1.2098598137460632,-0.45845493621588673,-1.2381887124587279,1.5594675524856823,59.0085789924124,53.2355,47.4624210075876,53.779343001018745,61.715984348172924,37.9060603067104,56.17031067980071,65.07723027179735,38.356471495807426,3.2303854165194457,54.82371999829486,-57.89473684210529,-0.0036329628430631666,0.0008490958032989026,0.04065895877750743,0.010045762001130281,-0.07525900537484843,,,100.0
2022-05-26,54.5,56.75,53.19,55.45,626624,34437002.78,2.622,0.0903,55.69,55.443000000000005,53.49150000000001,54.79766666666667,59.7965,,,55.69,55.443000000000005,53.49150000000001,54.79766666666667,59.7965,,,55.149787663793546,55.545980128593506,52.52873563218393,55.740740740740755,43.93305439330545,-0.3961924647999595,-0.9299463674311266,1.0675078052623341,-0.3961924647999595,-1.1086508282035326,1.424916726807146,59.17548405494281,53.49150000000001,47.80751594505721,50.10728129892479,57.84641666509022,34.629010566593934,51.7012597514461,60.61857343168027,33.866632390977756,3.290315340788638,49.17766742246147,-57.23684210526313,-0.004309570838570568,0.00012625579423909054,0.03661329370086824,0.011904399822376826,-0.07268820081442892,,,100.90620140970911
2022-05-27,55.45,56.85,55.18,55.4,491314,27582110.61,2.0558,-0.0902,56.001999999999995,55.480999999999995,53.923,54.712666666666664,59.641333333333336,,,56.001999999999995,55.480999999999995,53.923,54.712666666666664,59.641333333333336,,,55.18828186936377,55.535166785734724,52.22857142857143,55.11152416356878,45.990566037735846,-0.34688491637095353,-0.813334077219092,0.932898321696277,-0.34688491637095353,-0.9914560725369819,1.2891423123320567,58.69576086932829,53.923,49.150239130671714,47.43994191858144,54.377591749587296,33.564642256569726,48.50259422026231,56.57991369454095,32.34795527170502,2.9957125515543406,65.5785796197029,-57.89473684210529,-0.01074961608513976,-0.0014599592653340057,0.027390909259499597,0.012562599763613574,-0.07111399253314263,,,99.10193685120525
2022-05-30,55.5,55.78,54.12,55.5,397132,21852898.0,1.6617,0.1805,55.42999999999999,55.464999999999996,54.248000000000005,54.55833333333333,59.50466666666667,,,55.42999999999999,55.464999999999996,54.248000000000005,54.55833333333333,59.50466666666667,,,55.23623850484627,55.53256183864326,60.807291666666636,54.47690857681434,49.30082466833991,-0.29632333379699105,-0.7099319285346719,0.8272171894753617,-0.29632333379699105,-0.884512574269291,1.1763784809445998,58.461759916224565,54.248000000000005,50.034240083775444,46.10031215624728,51.61849855180729,35.063939365127254,46.808747024034524,53.322858137705474,33.78052479669263,2.752855723999007,39.456788201875554,-56.57894736842106,0.00126285405015348,0.0006310285765798917,0.02307919185960764,0.01725981365510927,-0.0673000436940521,,,101.81978694242362
2022-05-31,55.21,56.98,54.65,56.7,489693,27368324.25,2.0491,2.1622,55.69,55.60699999999999,54.5785,54.509,59.335,,,55.69,55.60699999999999,54.5785,54.509,59.335,,,55.461432581023764,55.6190387394845,30.963302752293686,57.40740740740741,56.203007518797,-0.15760615846073733,-0.5994667745198851,0.8837212321182955,-0.15760615846073733,-0.7726808179910519,1.2301493190606292,58.44137743855084,54.5785,50.71562256144916,50.47038354276136,51.23579354879199,48.9395635307001,50.94267345461952,52.5294632433435,47.76909387717157,2.6759728650900962,76.8149667073703,-40.78947368421048,0.018136110612318283,0.019655798730375866,0.03887061755086719,0.04019519712341086,-0.0444088649195247,,,123.85135367128923
2022-06-01,56.08,61.7,56.08,60.0,1451592,87424081.23,6.074,5.8201,56.61,56.105999999999995,55.083499999999994,54.51233333333334,59.248333333333335,,,56.61,56.105999999999995,55.083499999999994,54.51233333333334,59.248333333333335,,,56.159673722404726,55.94355438841158,98.93617021276587,65.5,68.02087215803206,0.21611933399314864,-0.43634955281727833,1.3049377736208538,0.21611933399314864,-0.6205577176857903,1.6733541033578778,59.01133467869509,55.083499999999994,51.155665321304895,61.01534341447248,54.49564350401883,74.05474323537979,61.33020335571125,55.46304328079942,73.0645235055349,3.2112505259828064,233.26266963816585,-17.894736842105292,0.059883412824589304,0.06940434178162774,0.08925540316065622,0.10066835028158756,0.012686714112914542,,,176.06860159311555
2022-06-02,60.0,62.87,59.6,62.38,979537,60544574.91,4.0988,3.9667,57.996,56.842999999999996,55.666999999999994,54.547666666666665,59.23533333333333,,,57.996,56.842999999999996,55.666999999999994,54.547666666666665,59.23533333333333,,,57.11664699588092,56.42032813741813,99.2937853107344,72.1875,80.4288499025341,0.6963188584627886,-0.20981587056126497,1.8122694580481071,0.6963188584627886,-0.41796132135523967,2.228560359636057,60.26870265971445,55.666999999999994,51.06529734028554,72.32290111929021,60.43806270910929,96.09257793965205,72.68936393660977,61.20515016606954,95.65779147769022,3.221932248531386,286.1370716510913,-4.592314901593206,0.07559142009793779,0.09740865190084982,0.12059209226292074,0.14358695452906642,0.05308768415247667,,,147.5506749210219
2022-06-06,62.81,66.29,62.5,65.5,1629543,104677360.79,6.8186,5.0016,60.016000000000005,58.00899999999999,56.35850000000001,54.757,59.23966666666667,,,60.016000000000005,58.00899999999999,56.35850000000001,54.757,59.23966666666667,,,58.40639361189923,57.09289642353531,99.50738916256154,77.82493368700266,81.08515448379804,1.3134971883639253,0.0948467412237731,2.4373008942803045,1.3134971883639253,-0.15158308909075274,2.930160554909356,62.37134335927355,56.35850000000001,50.34565664072646,79.53842262914512,66.80484934912124,105.00556918919287,79.78273117402483,67.3976771687213,104.55283918463189,3.3470354760711345,307.3292813728995,-6.030534351145081,0.09137563316448938,0.1291351342033134,0.16220268459948353,0.19619409390580203,0.10567806481017777,,,162.91433338633243
2022-06-07,66.0,68.8,65.41,67.5,1660505,111551877.76,6.9482,3.0534,62.41600000000001,58.923,57.0235,55.080999999999996,59.26283333333333,,,62.41600000000001,58.923,57.0235,55.080999999999996,59.26283333333333,,,59.805409979299355,57.863792984754916,100.0,79.95203836930456,81.71220400728596,1.9416169945444395,0.46420079188790636,2.9548324053130663,1.9416169945444395,0.17044769300696916,3.5423386030749406,64.73353795471593,57.0235,49.313462045284076,83.58295012773672,72.39754960865974,105.95375116589068,83.74582249098987,72.84705894281083,105.54334958734793,3.354847207694564,269.88501254112487,-8.32799487508006,0.08145347346834125,0.14556285321521303,0.18372250037265342,0.22546794720502542,0.13899380443616996,,,135.0904748934218
2022-06-08,67.8,68.0,63.31,64.36,1315571,85265703.38,5.5048,-4.6519,63.948,59.818999999999996,57.53099999999999,55.36333333333334,59.1915,,,63.948,59.818999999999996,57.53099999999999,55.36333333333334,59.1915,,,60.50611613633022,58.344993504402694,79.26023778071334,73.04995617879052,73.78289473684211,2.161122631927526,0.8035851598958303,2.7150749440633914,2.161122631927526,0.4767053759178241,3.368834512019404,65.77873755261673,57.53099999999999,49.28326244738325,79.57419822737435,74.78976581489795,89.14306305232716,79.68277980287644,75.1256325628327,88.7970742829639,3.5976022608410068,167.85816824576546,-28.443305573350404,0.0064427347219615785,0.07591233554556252,0.11870122194990541,0.16250225781202954,0.08731828049635508,,,62.10443655177098
2022-06-09,63.72,64.77,62.12,63.01,500036,31482266.91,2.0923,-2.0976,64.55,60.58,57.966499999999996,55.68366666666667,59.105000000000004,,,64.55,60.58,57.966499999999996,55.68366666666667,59.105000000000004,,,60.89132903843326,58.69054954111361,70.63440156965336,61.83206106870228,69.87718164188752,2.200779497319651,1.0830240273805947,2.235510939878113,2.200779497319651,0.741947548441182,2.9176638977569382,66.41331758820583,57.966499999999996,49.519682411794165,73.23565985367192,74.27173049448928,71.16351857203722,74.091317220709,74.7808607821248,72.71223009787738,3.425310940688096,105.93140777861936,-37.091607943625874,-0.02385747482571649,0.0401122482667547,0.08700715068185938,0.13157059820054948,0.06606886050249546,,,80.89737728243047
2022-06-10,63.39,64.31,62.32,64.05,624443,39551586.05,2.6129,1.6505,64.884,61.44,58.441500000000005,56.141,59.09,,,64.884,61.44,58.441500000000005,56.141,59.09,,,61.37727841713584,59.08754587140149,65.54105909439753,74.39368302312462,69.95486782720825,2.2897325457343527,1.3243657310513464,1.9307336293660127,2.2897325457343527,0.980068317255516,2.6193284569576734,67.14395524943527,58.441500000000005,49.73904475056474,71.37145715948701,73.30497271615519,67.50442604615063,71.9418954041784,73.834538989476,68.15660823358317,3.1643453151084424,95.13467861128724,-32.356948228882835,-0.012853708156094,0.04248046874999999,0.09596776263442916,0.14087743360467392,0.08393975291927556,,,117.78677871196037
2022-06-13,63.1,65.02,62.07,63.49,580253,36719518.35,2.428,-0.8743,64.482,62.249,58.86500000000001,56.69833333333334,59.04816666666667,,,64.482,62.249,58.86500000000001,56.69833333333334,59.04816666666667,,,61.702312506807246,59.41365358463101,54.950936663693135,72.11591033351559,65.98967297762479,2.2886589221762392,1.5172243692763252,1.542869105799828,2.2886589221762392,1.1813899487817812,2.214537946788916,67.68989421436538,58.86500000000001,50.040105785634644,68.40547085072987,71.67180542768008,61.87280169682944,69.23737622767207,72.30215140220803,63.10782587860015,3.1253734396341795,82.74413096962604,-36.17166212534057,-0.01538413820911258,0.019936063229931397,0.07856960842605949,0.11978600194009226,0.07522389913319355,,,91.5929253369185
2022-06-14,63.2,63.7,61.1,63.4,594812,37094696.05,2.4889,-0.1418,63.662,63.039,59.251999999999995,57.178333333333335,59.0455,,,63.662,63.039,59.251999999999995,57.178333333333335,59.0455,,,61.96349519806767,59.70893850428797,37.16381418092908,71.68576104746316,65.77411603158257,2.2545566937796977,1.664690834177,1.1797317192053955,2.2545566937796977,1.3464925249353068,1.8161283376887818,68.16352913808566,59.251999999999995,50.34047086191433,64.78603717092685,69.37654934209567,55.605012828589196,66.77073609524429,70.45834629988678,59.39551568595931,3.029850996064329,61.71267878624931,-38.1625441696113,-0.004115484904652704,0.0057266136835926506,0.07000607574427874,0.10881161279039259,0.07374821112531864,,,98.59146229864696
2022-06-15,63.04,64.51,60.99,64.05,1056451,66499009.48,4.4206,1.0252,63.6,63.774,59.6905,57.64366666666667,59.108666666666664,,,63.6,63.774,59.6905,57.64366666666667,59.108666666666664,,,62.28449593682649,60.030498615081456,24.743777452415785,72.8473322768093,66.41966992253285,2.2539973217450324,1.7825521316906066,0.9428903801088517,2.2539973217450324,1.4861086475214185,1.535777348447228,68.64208080717428,59.6905,50.73891919282572,59.313879853081666,66.02232617909101,45.896987201062984,65.39956829829703,68.77208696602354,58.65453096284401,3.118968996779906,62.06929064856325,-37.34276729559749,0.00707547169811314,0.0043277824818891125,0.07303507258273925,0.11113681179198633,0.08359744199948117,,,110.73853199476503
2022-06-16,62.88,65.93,62.88,65.47,809418,52480164.95,3.3869,2.217,64.092,64.321,60.213499999999996,58.162666666666674,59.159666666666666,,,64.092,64.321,60.213499999999996,58.162666666666674,59.159666666666666,,,62.774573485007025,60.433424643593945,60.86105675146771,74.61728395061728,67.69280622164615,2.34114884141308,1.8942714736351014,0.8937547355559574,2.34114884141308,1.6176532927355203,1.4469910973551197,69.23565116138883,60.213499999999996,51.19134883861116,58.663371886689525,63.56934141495719,48.851432830154195,64.86782814089366,67.47066735764692,59.66214970738716,3.10642917918356,79.37110551726995,-36.19565217391304,0.021500343256568685,0.01786352824116542,0.08729769902098372,0.1256361468983539,0.10666614078285316,,,124.51798049090482
2022-06-17,65.0,65.7,63.58,64.98,465632,30102439.79,1.9484,-0.7484,64.27799999999999,64.581,60.712,58.638333333333335,59.19833333333334,,,64.27799999999999,64.581,60.712,58.638333333333335,59.19833333333334,,,63.113869871929026,60.770208003327724,73.1764705882354,71.18730808597749,66.12694300518135,2.343661868601302,1.9841495526283417,0.7190246319459206,2.343661868601302,1.7293469197917943,1.2286298976190153,69.62466774404791,60.712,51.799332255952095,56.138364014942,61.09234894828546,46.23039414825507,60.274668184411425,65.07200096656842,50.68000262009741,2.927078419332004,72.2423998411885,-48.91165172855308,0.010921310557267066,0.006178287731685804,0.07029911714323364,0.10814882187420063,0.097666037895211,,,92.7627597883667
2022-06-20,64.97,65.67,63.21,64.15,533836,34258259.01,2.2338,-1.2773,64.41,64.446,61.2275,59.05433333333333,59.17583333333334,,,64.41,64.446,61.2275,59.05433333333333,59.17583333333334,,,63.273274507016865,61.02056296604419,51.237623762376344,62.155828939660246,63.6626971355005,2.252711540972676,2.0378619502972084,0.42969918135093543,2.252711540972676,1.8098645538196223,0.8856939743061076,69.64552545919062,61.2275,52.809474540809376,52.451729124559556,58.21214234037683,40.930902692925,53.67009462400799,61.27136551904828,38.4675528339274,2.8421550703625487,60.20032036967556,-59.5390524967989,-0.004036640273249355,-0.004592992582937533,0.04773181985219071,0.0862877688907956,0.08405739955781502,,,87.93657308387246
2022-06-21,64.15,64.65,62.0,62.58,417100,26205266.99,1.7453,-2.4474,64.24600000000001,63.95400000000001,61.4385,59.333666666666666,59.0855,,,64.24600000000001,63.95400000000001,61.4385,59.333666666666666,59.0855,,,63.16661689055273,61.13607682041128,40.99009900990096,50.61500615006148,61.31432114073155,2.0305400701414484,2.0363975742660565,-0.011715008249216119,2.0305400701414484,1.8438146332537495,0.3734508737753979,69.76494809596142,61.4385,53.11205190403859,45.696564355644256,54.04028301213265,29.009127042667473,43.34069075742234,55.29447393183963,19.43312440858773,2.807217784842086,33.851675389069456,-77.31811697574898,-0.025931575506646497,-0.021484191762829678,0.01857955516492103,0.05471317576867544,0.059143106176642236,,,78.05288874776738
2022-06-22,63.68,64.43,62.0,63.1,342559,21631800.12,1.4334,0.8309,64.05600000000001,63.82800000000001,61.8235,59.63,59.04516666666667,,,64.05600000000001,63.82800000000001,61.8235,59.63,59.04516666666667,,,63.156368138160005,61.28155261149193,47.26277372262777,41.21522693997072,62.44232543832668,1.8748155266680726,2.00408116474646,-0.2585312761567744,1.8748155266680726,1.8485840014713377,0.05246305039346977,69.6727219527263,61.8235,53.9742780472737,44.701893106191974,50.9274863768191,32.250706564937744,43.13131070737736,51.240086190352216,26.91375974142764,2.7386327330526172,32.033896018027626,-57.28744939271261,-0.014924441114025385,-0.011405652691608831,0.020647488414599603,0.058192185141707174,0.06867341667819271,,,108.62705471201947
2022-06-23,64.38,69.98,63.48,69.98,1355955,91412329.66,5.6738,10.9033,64.958,64.525,62.55250000000001,60.15266666666666,59.081,,,64.958,64.525,62.55250000000001,60.15266666666666,59.081,,,64.20615765536616,61.92588204767772,75.32023911187021,56.68824163969796,69.002284843869,2.280275607688438,2.0593200533348552,0.4419111087071652,2.280275607688438,1.914998094735507,0.7305550259058617,70.59563600793298,62.55250000000001,54.509363992067044,63.13459540412798,54.996522719255395,79.41074077387313,62.0875404715849,54.855904284096454,76.5508128465618,3.4916085997703235,122.97303740871543,-0.0,0.07731149358046746,0.0845408756296009,0.11874025818312607,0.16337319487082883,0.18447555051539413,,,281.47886361503487
2022-06-24,70.5,70.5,66.8,66.94,1039598,71406995.51,4.3501,-4.3441,65.35,64.814,63.126999999999995,60.565666666666665,59.04083333333334,,,65.35,64.814,63.126999999999995,60.565666666666665,59.04083333333334,,,64.62674878530981,62.29729819229418,55.513878469617396,56.99566160520606,65.8749394086282,2.329450593015636,2.1133461612710116,0.43220886348924914,2.329450593015636,1.9787600175478346,0.7013811509356032,70.65925792665698,63.126999999999995,55.59474207334302,62.944970367560956,57.64600526869059,73.5429005653017,62.24693374586556,57.319580771352825,72.10163969489103,3.5294979452666286,130.62565852190016,-37.43427970557312,0.024330527926549404,0.03280155521955141,0.06040204666782839,0.10524664689015227,0.13379158492004106,,,64.13833752297387
2022-06-27,66.8,67.81,65.61,66.97,630957,41967480.99,2.6402,0.0448,65.91400000000002,65.162,63.705499999999994,60.964000000000006,59.04333333333333,,,65.91400000000002,65.162,63.705499999999994,60.964000000000006,59.04333333333333,,,64.98724897218523,62.64342425212424,57.7311577311577,61.56542056074766,61.70791406037529,2.3438247200609865,2.1594418730290066,0.36876569406395987,2.3438247200609865,2.0349238179344735,0.617801804253026,70.47788502651548,63.705499999999994,56.933114973484514,62.92370614759935,59.40523889499351,69.96064065281102,62.45834839980242,59.03250331416936,69.31003857106853,3.287771046127242,96.91764919889508,-37.11882229232389,0.016020875686500333,0.027746232466775,0.05124361318881424,0.09851715766681964,0.1342516795573873,,,100.44906743807363
2022-06-28,66.58,67.84,64.66,67.34,722818,47661974.58,3.0245,0.5525,66.866,65.556,64.29749999999999,61.35333333333333,59.00933333333333,,,66.866,65.556,64.29749999999999,61.35333333333333,59.00933333333333,,,65.34921066877212,62.991318751966894,62.85253827558417,60.000000000000014,67.46635459332943,2.3578919168052224,2.1991318817842496,0.3175200700419456,2.3578919168052224,2.0846112177607425,0.5465613980889596,70.0416920324155,64.29749999999999,58.55330796758447,62.89031390232115,60.56693056410272,67.53708057875801,63.8961719791182,60.65372620248564,70.38106353238331,3.2681763104677444,85.43911198171742,-33.228180862250234,0.0070888044746209395,0.027213374824577554,0.04731910260896643,0.09757687710529184,0.14117540728020436,,,105.66426371655355
2022-06-29,67.0,67.3,64.13,64.5,854950,55786230.2,3.5774,-4.2174,67.146,65.601,64.6875,61.660666666666664,58.965333333333334,,,67.146,65.601,64.6875,61.660666666666664,58.965333333333334,,,65.2185628735764,63.10307291848787,57.017543859649116,52.696209289909234,62.29065370070231,2.1154899550885347,2.1824034964451067,-0.13382708271314403,2.1154899550885347,2.089361792734249,0.052256324708571,69.18327052701555,64.6875,60.191729472984456,51.73079750350822,57.62155287723789,39.94928675604888,52.40136955470626,57.902940653225855,41.398227357667054,3.2575987994736106,33.90256817580101,-70.58823529411765,-0.039406666070949885,-0.016783280742671592,-0.002898550724637681,0.04604772356229259,0.09386306078147612,,,64.99291647672806
2022-06-30,64.2,64.95,59.31,62.01,1649103,102275083.72,6.9005,-3.8605,65.55199999999999,65.25500000000001,64.78800000000001,61.894,58.88583333333334,,,65.55199999999999,65.25500000000001,64.78800000000001,61.894,58.88583333333334,,,64.72493781610311,63.02210455415543,46.517571884984015,46.71083767155703,58.312214901165724,1.7028332619476743,2.08648944954562,-0.7673123751958917,1.7028332619476743,2.02989586492093,-0.6541252059465119,68.91751175908531,64.78800000000001,60.658488240914714,42.53009377803139,52.591066510835724,22.40814831242274,42.97714181216342,52.927674372871714,23.07607669074683,3.6907626541147724,-108.76432108135482,-75.87131367292228,-0.05403343910178171,-0.0497279901923226,-0.042878310798296175,0.0018741719714350286,0.05305463962752773,,,67.45593511476898
2022-07-01,62.3,63.49,59.97,60.53,912974,55902806.97,3.8202,-2.3867,64.27000000000001,64.81,64.69550000000001,62.077999999999996,58.785833333333336,,,64.27000000000001,64.81,64.69550000000001,62.077999999999996,58.785833333333336,,,64.07956276747186,62.837504216810586,3.90243902439029,41.98542805100183,56.272927366104184,1.2420585506612696,1.9176032697687502,-1.3510894382149612,1.2420585506612696,1.9086901242655978,-1.3332631472086565,69.12416488138149,64.69550000000001,60.26683511861853,31.987593051901776,45.72324202452441,4.516295106656514,32.28562507465646,46.04699127346663,4.76289267703612,3.6597148988211776,-139.80019336126318,-89.09740840035747,-0.05819200248949757,-0.06603919148279588,-0.06438624015580695,-0.02493637037275677,0.029669846760132085,,,78.53973392706214
2022-07-04,60.57,66.39,59.98,65.63,1200264,76149903.61,5.0224,8.4256,64.002,64.958,64.702,62.471000000000004,58.75866666666666,,,64.002,64.958,64.702,62.471000000000004,58.75866666666666,,,64.31809157247619,63.0443557563061,44.6791226645004,50.31201248049921,61.03726302026584,1.2737358161700882,1.788829779049018,-1.0301879257578594,1.2737358161700882,1.8110048460970578,-1.0745380598539391,69.13601493243486,64.702,60.267985067565135,40.15139507004948,43.865959706366105,32.72226579741623,40.35008308521927,44.14802187738418,32.75420550088944,4.159766735399145,-23.187912804376747,-43.5210008936551,0.025436705102965536,0.010345146094399413,0.014342678742542693,0.050567463302972446,0.11694161428668678,,,224.55219437500554
2022-07-05,65.8,68.0,64.0,65.05,734650,48371656.46,3.0741,-0.8837,63.544,65.205,64.5795,62.693999999999996,58.8225,,,63.544,65.205,64.5795,62.693999999999996,58.8225,,,64.43069286901832,63.19292199657972,42.53499222395023,50.13602798289933,59.222443119063385,1.2377708724385954,1.6786179977269335,-0.8816942505766763,1.2377708724385954,1.722815003995756,-0.9700882631143211,68.81914981175551,64.5795,60.33985018824449,43.8661966537893,43.866038688840504,43.8665125836869,43.998655330569164,44.09823302844585,43.7994999348158,4.130718238053846,54.66987460556586,-48.70420017873104,0.02370011330731462,-0.002377118319147322,0.007285593725563085,0.037579353686158196,0.10586935271367248,,,91.50587251528559
2022-07-06,64.95,67.5,63.86,65.18,732541,48003510.51,3.0652,0.1998,63.67999999999999,65.413,64.6205,63.02,58.96716666666667,,,63.67999999999999,65.413,64.6205,63.02,58.96716666666667,,,64.54597088916934,63.340112959796045,41.4421553090333,52.05753096284459,56.15201900237531,1.2058579293732947,1.584065984056206,-0.7564161093658224,1.2058579293732947,1.6432831463615312,-0.8748504339764729,68.86706629091795,64.6205,60.37393370908206,46.72998156424799,44.82068631397634,50.5485720647913,46.81828734876791,45.004917801886535,50.44502644253066,4.041496740225874,45.87907707937064,-47.54244861483462,0.023555276381909775,-0.003561983092045769,0.008658243127181,0.03427483338622665,0.10536089292628953,,,102.01653117517087
2022-07-07,65.0,67.3,64.06,66.58,696213,45926535.13,2.9132,2.1479,64.59400000000001,65.07300000000001,64.799,63.39266666666666,59.12083333333333,,,64.59400000000001,65.07300000000001,64.799,63.39266666666666,59.12083333333333,,,64.85889844468174,63.58010459240375,59.30232558139535,58.0450522928399,55.107003891050574,1.2787938522779925,1.5230115577005634,-0.48843541084514186,1.2787938522779925,1.587207870348679,-0.6168280361413729,69.06062756158805,64.799,60.53737243841196,59.03978057486114,49.56038440093794,77.99857292270754,52.868432256938505,47.62608928690386,63.3531181970078,3.8957700601848044,60.0476976701529,-35.03127792672031,0.03074588971111852,0.023158606488097838,0.027484992052346356,0.05027921210655283,0.12616815843258866,,,123.67853916522775
2022-07-08,65.02,75.59,65.02,72.45,1859232,133549879.66,7.7797,8.8165,66.978,65.624,65.219,63.95933333333333,59.3785,,,66.978,65.624,65.219,63.95933333333333,59.3785,,,66.02676022242301,64.23713388185531,85.85164835164838,65.47500827540549,57.92113061317529,1.7896263405676933,1.5763345142739895,0.4265836525874076,1.7896263405676933,1.6183491734592965,0.3425543342167936,70.66182782539046,65.219,59.77617217460952,66.264030620751,55.128266474208964,88.53555891383509,62.149798408802575,52.4673256608701,81.51474390466751,5.109266412878478,224.51797043448616,-19.28746928746929,0.08169846815372225,0.10401682311349518,0.1108725984759044,0.13275101887657786,0.22013860235607163,,,232.7801747415838
2022-07-11,72.0,75.0,71.23,74.59,1371581,100699797.73,5.7392,2.9538,68.77,66.386,65.774,64.599,59.655833333333334,,,68.77,66.386,65.774,64.599,59.655833333333334,,,67.34418172666562,65.00401285356973,96.18922470433641,59.049862583431484,58.05498750284026,2.340168873095891,1.72910138603837,1.222134974115042,2.340168873095891,1.7293983580187726,1.2215410301542367,72.56999696415801,65.774,58.978003035842,75.46185169966529,61.906128216027746,102.57329866694037,72.71903022503301,59.21789384892441,99.7213029772502,4.865763428718753,249.62887184733395,-6.142506142506142,0.08462992583975582,0.1235802729491159,0.13403472496731234,0.15466183687053978,0.25033874865548217,,,133.78954397841417
2022-07-12,74.0,74.5,71.85,72.66,927307,67690755.96,3.8802,-2.5875,70.292,66.91799999999999,66.237,65.171,59.86466666666666,,,70.292,66.91799999999999,66.237,65.171,59.86466666666666,,,68.16199992256323,65.57112301256457,79.17012448132778,61.74055829228242,59.69626168224298,2.5908769099986557,1.901456490830427,1.3788408383364574,2.5908769099986557,1.8619335198618316,1.4578867802736482,73.59084210356825,66.237,58.88315789643174,77.64205346726251,67.151436633106,98.62328713557554,75.81350581750766,64.74976450511883,97.94098844228532,4.479260987133527,187.42744887936433,-17.99754299754304,0.033688044158652404,0.08580650945933838,0.09696997146609904,0.11491307483389834,0.2137376527055471,,,76.9392349835191
2022-07-13,72.66,73.04,68.7,71.3,1047911,73935961.62,4.3849,-1.8717,71.516,67.598,66.5995,65.65766666666667,60.083333333333336,,,71.516,67.598,66.5995,65.65766666666667,60.083333333333336,,,68.6447691652458,65.99548427089312,74.35697583787994,58.42740365901128,59.68231721560383,2.6492848943526894,2.0510221715348798,1.1965254456356194,2.6492848943526894,1.983064500552733,1.332440787599913,74.20971605613502,66.5995,58.98928394386498,75.93977273404354,70.08088200008518,87.65755420196027,75.0918867612213,68.19713859048633,88.88138310269125,4.453940807654704,114.97101954727407,-26.351351351351386,-0.0030203031489458047,0.05476493387378322,0.07057860794750698,0.08593563584856796,0.1866851595006934,,,82.78303857343406
2022-07-14,70.63,76.0,70.22,75.68,1161607,86081464.7,4.8606,6.1431,73.33599999999998,68.965,67.11,66.18033333333334,60.34633333333333,,,73.33599999999998,68.965,67.11,66.18033333333334,60.34633333333333,,,69.72711237059261,66.71285580638252,80.73770491803276,64.04040404040404,62.600216684723726,3.0142565642100863,2.2436690500699212,1.54117502828033,3.0142565642100863,2.141709433423095,1.7450942615739828,75.70700804747929,67.11,58.51299195252071,83.29401411566283,74.48525937194441,100.91152360309968,82.72917216811719,73.04114978302995,102.10521693829165,4.695042478990213,155.4011831171698,-1.9962570180910366,0.03196247409185152,0.097368230261727,0.12770078974817475,0.1435421399106482,0.2540944216439554,,,181.5164274946979
2022-07-15,75.08,78.33,75.08,75.3,820236,62552098.47,3.4322,-0.5021,73.90599999999999,70.442,67.626,66.611,60.57933333333334,,,73.90599999999999,70.442,67.626,66.611,60.57933333333334,,,70.58447969819375,67.3489405614653,77.14819427148188,69.82378854625549,62.84533391342178,3.2355391367284483,2.442043067401627,1.5869921386536427,3.2355391367284483,2.309990926239303,1.8510964209782905,76.8971173459356,67.626,58.35488265406441,81.88271754220877,76.95107876203252,91.74599510256127,82.9820275852843,76.35477571711473,96.23653132162343,4.432307482810174,166.37061113420768,-16.512261580381477,0.018861797418342294,0.06896453820164113,0.11347706503415834,0.13044392067376248,0.24299816218952544,,,95.09080589677414
2022-07-18,75.16,75.54,72.0,73.31,701323,51508351.84,2.9346,-2.6428,73.65,71.21000000000001,68.084,66.87133333333333,60.814166666666665,,,73.65,71.21000000000001,68.084,66.87133333333333,60.814166666666665,,,71.00379051385625,67.79050051987528,53.530377668308695,71.12939416604337,60.350950490912886,3.2132899939809647,2.5962924527174946,1.2339950825269401,3.2132899939809647,2.4489600135841743,1.528659960793581,77.53536782080843,68.084,58.63263217919157,76.3576559703184,76.75327116479448,75.56642558136625,77.09052933236876,76.60002692219942,78.07153415270744,4.270069758662871,102.04130172377936,-34.69246717346231,-0.004616429056347636,0.029490240134812443,0.07675812231948767,0.09628440687090649,0.20547569782260172,,,76.50369882250104
2022-07-19,72.58,75.59,71.66,73.36,622797,45699736.3,2.606,0.0682,73.78999999999999,72.04100000000001,68.623,67.06666666666666,61.07383333333334,,,73.78999999999999,72.04100000000001,68.623,67.06666666666666,61.07383333333334,,,71.36628428095528,68.20305603692155,43.90485629335976,75.34571315685497,59.84768352020308,3.163228244033732,2.709679610980742,0.9070972661059802,3.163228244033732,2.558847433653337,1.2087616207607903,77.98182831172919,68.623,59.26417168827082,72.62900026612678,75.37851419857192,67.1299724012365,73.27804466433432,75.49269950291105,68.84873498718085,4.2082388934514405,88.27859048670537,-34.34692467173462,-0.005827347879116312,0.018309018475590126,0.06902933418824585,0.09383697813121278,0.20116907677319515,,,100.68413227874815
2022-07-20,73.5,76.77,73.36,75.8,685948,51630590.74,2.8703,3.3261,74.69,73.103,69.258,67.44800000000001,61.40566666666666,,,74.69,73.103,69.258,67.44800000000001,61.40566666666666,,,72.04839439157755,68.76579262677922,64.81132075471697,72.4503311258278,60.69579623110374,3.282601764798329,2.8242640417442595,0.9166754461081394,3.282601764798329,2.6701942538294894,1.2248150219376797,78.76127057275284,69.258,59.75472942724716,75.41657868981456,75.39120236231946,75.46733134480473,76.27552895865689,75.75364265482634,77.31930156631802,4.063104549187542,104.53471737032986,-17.729502452697982,0.014861427232561246,0.03689315075988678,0.09445840191746804,0.12382872731585798,0.2344137620306487,,,138.70714402019416
2022-07-21,74.9,77.63,74.0,74.28,632249,47807607.71,2.6456,-2.0053,74.41,73.873,69.47299999999998,67.82366666666667,61.75366666666667,,,74.41,73.873,69.47299999999998,67.82366666666667,61.75366666666667,,,72.39171833133484,69.17425243220298,63.84758364312268,69.56337431114878,59.42822384428223,3.2174658991318665,2.9029044132217807,0.6291229718201716,3.2174658991318665,2.7543898915683163,0.9261520151271005,79.23606056413405,69.47299999999998,59.70993943586591,69.59236087109133,73.45825519857675,61.86057221612049,74.04093616026664,75.1827404899731,71.7573275008537,3.9843582675170786,92.35804159332399,-30.42824943651387,-0.0017470770057787322,0.005509455416728662,0.06919234810645887,0.09519292675614706,0.20284355584823574,,,81.66329410495634
2022-07-22,74.26,79.0,74.26,76.66,1209496,93338088.46,5.061,3.2041,74.682,74.294,69.959,68.244,62.192499999999995,,,74.682,74.294,69.959,68.244,62.192499999999995,,,73.04837704959101,69.7287522520398,55.59360730593602,72.21362229102165,62.29604875172006,3.3196247975512136,2.986248490087667,0.666752614927093,3.3196247975512136,2.8413491078733775,0.9565513793556724,80.14950517832537,69.959,59.768494821674636,72.15542504674696,73.02397848130016,70.41831817764054,75.12114190619717,75.16220762871446,75.03901046116258,4.121747673423063,100.59851055424085,-22.718446601941785,0.026485632414771892,0.031846447896196194,0.09578467388041557,0.1233221968231639,0.23262451260200187,,,137.07845424812717
2022-07-25,76.27,78.27,73.8,77.58,995929,75331386.15,4.1673,1.2001,75.536,74.59299999999999,70.48949999999999,68.71366666666667,62.705999999999996,,,75.536,74.59299999999999,70.48949999999999,68.71366666666667,62.705999999999996,,,73.74554981119239,70.31032615929611,62.25806451612906,71.68769716088326,64.9342891278375,3.4352236518962798,3.07604352244939,0.7183602588937799,3.4352236518962798,2.932714422338439,1.0050184591156812,81.12001511352811,70.48949999999999,59.85898488647187,76.8414807755012,74.29647924603384,81.93148383443591,78.818625348468,76.38101353529898,83.69384897480606,4.185066278255233,90.3270833937076,-13.78640776699031,0.027059944926922222,0.04004397195447307,0.1005894494924777,0.12903304049170222,0.23720218160941542,,,112.67033963365154
2022-07-26,77.55,80.79,74.8,80.15,1287468,100810338.78,5.3873,3.3127,76.894,75.342,71.13,69.27199999999999,63.22516666666666,,,76.894,75.342,71.13,69.27199999999999,63.22516666666666,,,74.73084984023971,71.03919088823714,84.61538461538464,67.45240253853127,66.30954658503921,3.6916589520025695,3.199166608360026,0.9849846872850874,3.6916589520025695,3.049475119209844,1.2843676655854512,82.4807560610691,71.13,59.77924393893089,82.54269642365486,77.04521830524085,93.53765266048288,84.11453986561777,78.95885564540525,94.42590830604283,4.513236045845192,109.9118540052837,-5.293631100082717,0.04234400603428096,0.06381566722412475,0.12681006607619866,0.15703314470493152,0.267691399258207,,,138.52798409226693
2022-07-27,79.5,80.94,77.88,78.99,1488042,117415827.49,5.9546,-1.4473,77.532,76.111,71.8545,69.77,63.706833333333336,,,77.532,76.111,71.8545,69.77,63.706833333333336,,,75.38610371097207,71.62813971133069,75.61419472247493,60.43643263757112,59.67776584317936,3.757963999641376,3.310926086616296,0.8940758260501598,3.757963999641376,3.1584734085070023,1.1989811822687475,83.27298081885364,71.8545,60.436019181146364,81.35748727094231,78.482641293808,87.10717922521093,83.34626040792428,80.42132389957825,89.19613342461633,4.249011310236975,110.33066781932136,-18.190298507462714,0.018805138523448364,0.03782633259318614,0.09930484520802445,0.1321484878887774,0.23989838871287997,,,86.43425068276088
2022-07-28,78.9,80.43,77.21,78.49,837164,65776154.8,3.35,-0.633,78.374,76.392,72.6785,70.204,64.18333333333334,62.01091666666667,,78.374,76.392,72.6785,70.204,64.18333333333334,62.01091666666667,,75.86362621697637,72.13642565863952,64.86187845303864,64.83460559796436,63.1220177232447,3.727200558336847,3.3941809809604067,0.6660391547528803,3.727200558336847,3.245969893096209,0.9624613304812755,83.46688805578049,72.6785,61.890111944219505,78.77137082430636,78.57888447064079,79.1563435316375,80.09721958229434,80.31328912715028,79.66508049258246,4.061918344739346,98.14908354771379,-26.400862068965548,0.0014800826804807674,0.027463608754843428,0.07996174934815654,0.11802746282263121,0.22290314204102815,0.26574487556626447,,93.84737998666007
2022-07-29,78.6,79.65,74.0,75.58,852309,64937067.28,3.4106,-3.7075,78.15799999999999,76.42,73.431,70.55733333333333,64.59783333333333,62.17241666666667,,78.15799999999999,76.42,73.431,70.55733333333333,64.59783333333333,62.17241666666667,,75.81999141436462,72.39150523948103,56.22605363984672,60.094339622641506,59.18106206014075,3.428486174883588,3.4010420197450433,0.0548883102770894,3.428486174883588,3.274049321063498,0.3088737076401795,82.63462377144555,73.431,64.22737622855445,66.5947069863192,74.5841586425336,50.61580367389041,67.47860615831118,76.03506147087059,50.365695533192365,4.350660463877647,59.21249683201634,-57.75862068965516,-0.03298446736098658,-0.010991886940591512,0.02926556903759994,0.07118560792169015,0.17000828201152265,0.21565163543854513,,68.53707802167766
2022-08-01,75.62,76.65,73.91,76.41,751889,56706223.25,3.0088,1.0982,77.924,76.72999999999999,73.97,70.966,65.01016666666666,62.35241666666666,,77.924,76.72999999999999,73.97,70.966,65.01016666666666,62.35241666666666,,75.91076196600083,72.689171518038,48.59392575928009,52.067988668555216,59.57761351636746,3.221590447962839,3.3651517053886026,-0.28712251485152684,3.221590447962839,3.2659787252018586,-0.08877655447803878,82.48704421177118,73.97,65.45295578822882,57.808960330369345,68.99242587181217,35.442029247483674,62.047519048069525,71.3725473299369,43.39746248433477,4.057813106808985,40.286709107630195,-48.8146551724138,-0.019429187413377264,-0.004170467874364567,0.03298634581587127,0.07671279204125923,0.17535462402034555,0.22545370468132084,,111.540637163809
2022-08-02,76.39,77.76,74.3,74.51,769324,57961618.8,3.0786,-2.4866,76.796,76.845,74.44300000000001,71.36366666666666,65.34866666666667,62.52133333333334,,76.796,76.845,74.44300000000001,71.36366666666666,65.34866666666667,62.52133333333334,,75.69526012507762,72.82404770188703,34.44782168186427,47.939488784559224,60.7843137254902,2.871212423190599,3.266363848949002,-0.790302851516806,2.871212423190599,3.2052454479693573,-0.6680660495575168,81.85303331195024,74.44300000000001,67.03296668804978,41.85396608392508,59.94627260918315,5.669353033408939,46.42218068464093,63.05575844817159,13.155025157579615,3.9491198146618984,30.668153904612275,-84.82849604221629,-0.029767175373717397,-0.03038584162925361,0.0009000174630253087,0.044088728624743855,0.14019158768860365,0.19175321490264655,,77.73983904926254
2022-08-03,74.59,84.89,74.59,79.81,2283003,183515445.15,9.1358,7.1131,76.96000000000001,77.24600000000001,75.1745,71.92066666666666,65.77533333333334,62.731833333333334,,76.96000000000001,77.24600000000001,75.1745,71.92066666666666,65.77533333333334,62.731833333333334,,76.32829702891183,73.34152564989539,48.65079365079364,64.45729537366549,68.08208045509956,2.986771379016446,3.210445354962491,-0.4473479518920902,2.986771379016446,3.1716340527458327,-0.3697253474587736,81.55069743140156,75.1745,68.79830256859843,45.96696626815325,55.28650382883985,27.32789114678006,49.012442668630484,58.37465318832456,30.288021629242337,5.118370757450643,131.99182388199876,-45.80703336339042,0.037032224532224454,0.03319265722496948,0.0616631969617358,0.10969494164866854,0.2133727942592461,0.2722408346639532,,198.80507840856382
2022-08-04,82.23,82.88,77.4,81.18,1615819,130402220.0,6.4659,1.7166,77.498,77.936,75.90450000000001,72.29400000000001,66.22333333333333,62.96516666666667,,77.498,77.936,75.90450000000001,72.29400000000001,66.22333333333333,62.96516666666667,,77.0747128706177,73.92215337953277,58.54800936768155,66.42857142857144,71.02423131745061,3.1525594910849293,3.198868182186979,-0.09261738220409921,3.1525594910849293,3.1686995047980018,-0.032280027426145,81.42304471663273,75.90450000000001,70.3859552833673,52.8267902563162,54.46659930466531,49.547172159617986,54.85710785663436,57.20213807776116,50.16704741438076,5.184121528823251,149.81455489253594,-33.45356176735791,0.047510903507187306,0.041623896530486544,0.06950180819319003,0.1229147647107643,0.22585191523632173,0.28928428681466745,,118.5543139594692
2022-08-05,81.45,87.69,81.42,87.17,1744528,147857184.0,6.981,7.3787,79.816,78.987,76.6405,72.96833333333332,66.767,63.26108333333333,,79.816,78.987,76.6405,72.96833333333332,66.767,63.26108333333333,,78.62783396744575,74.90347535141923,73.71584699453555,70.78610603290677,71.53999999999999,3.724358616026521,3.3039662689548877,0.8407846941432666,3.724358616026521,3.254185521910082,0.9403461882328781,83.877860597694,76.6405,69.40313940230601,67.29333186899069,58.742176826107105,84.39564195475786,68.65683840310302,61.02037151954179,83.92977217022549,5.425190341764476,250.07412761068204,-3.7437005039596545,0.09213691490427983,0.10359932647144476,0.13738819553630258,0.19462780658276446,0.3055850944328786,0.37794036091172434,,203.78864892652408
2022-08-08,86.0,92.39,82.25,90.5,1431294,124342513.0,5.7275,3.8201,82.634,80.279,77.43599999999999,73.75266666666667,67.35833333333333,63.58941666666667,,82.634,80.279,77.43599999999999,73.75266666666667,67.35833333333333,63.58941666666667,,80.45432104937717,76.05877347353633,89.8504273504274,77.81207133058984,74.12322274881517,4.395547575840837,3.5222825303320775,1.7465300910175188,4.395547575840837,3.4297796840532753,1.9315357835751232,86.88421765425129,77.43599999999999,67.9877823457487,74.78646367023623,64.09027244081682,96.17884612907505,75.69546802631112,65.91207035513156,95.26226336867023,6.282428461443662,245.58905409969262,-10.227272727272728,0.09519084154222232,0.1273184768121178,0.16870706131515067,0.22707427528044177,0.34356055919831746,0.4231928006887937,,145.4840331533201
2022-08-09,88.9,91.34,87.12,90.0,877721,78246110.0,3.5123,-0.5525,85.732,81.264,78.303,74.508,67.93066666666667,63.918416666666666,,85.732,81.264,78.303,74.508,67.93066666666667,63.918416666666666,,81.92288704178068,77.09145691994105,86.94942903752043,74.45014662756599,73.36219879518072,4.831430121839631,3.784112048633588,2.0946361464120855,4.831430121839631,3.6454182129434836,2.3720238177922948,89.00506099186902,78.303,67.60093900813098,78.88000896919068,69.02018461694145,98.59965767368917,79.48601187324061,70.43671752783459,97.58460056405266,5.907441468453905,211.91727359331315,-12.932900432900432,0.04978304483740028,0.10750147666863562,0.14938124976054562,0.2079239813174425,0.32488027007929654,0.4080448905571034,,94.61049230589035
2022-08-10,88.9,94.3,88.9,91.25,888354,81464783.0,3.5549,1.3889,88.02000000000001,82.49,79.3005,75.39966666666666,68.53016666666667,64.24316666666667,,88.02000000000001,82.49,79.3005,75.39966666666666,68.53016666666667,64.24316666666667,,83.35782749689136,78.1402378888343,97.1815107102593,74.75552336110106,73.28676609401548,5.217589608057054,4.070807560518281,2.2935640950775458,5.217589608057054,3.8872907352686483,2.660597745576811,90.93275728195881,79.3005,67.66824271804118,80.93390167996725,72.99142363795005,96.81885776400165,81.33790361600055,74.07044622388992,95.8728184002218,5.815179383280467,201.82699040364596,-14.958312898479633,0.036696205407861726,0.1061946902654868,0.15068631345325692,0.21021755180173218,0.3315303965893364,0.4203845285750235,,114.7898892545693
2022-08-11,92.5,92.8,90.11,90.81,729308,66517354.0,2.9184,-0.4822,89.946,83.72200000000001,80.057,76.35966666666667,69.12683333333332,64.56433333333332,,89.946,83.72200000000001,80.057,76.35966666666667,69.12683333333332,64.56433333333332,,84.50431557429269,79.07873878595768,92.70186335403729,70.91836734693878,69.3100546907867,5.4255767883350074,4.341761406081627,2.167630764506761,5.4255767883350074,4.123950128048088,2.603253320573838,92.6279307112627,80.057,67.4860692887373,81.58385663738868,75.85556797109626,93.04043396997349,81.85319126141087,76.66469456973024,92.23018464477212,5.246964949956745,160.37582679777756,-17.11623344776849,0.009605763458074894,0.08466114044098318,0.13431679928051263,0.1892403930521785,0.31367221122526007,0.4065041070147091,,95.2813771234638
2022-08-12,89.42,90.81,86.02,86.35,848858,74541629.0,3.3968,-4.9114,89.782,84.799,80.6095,77.22033333333334,69.64916666666666,64.83541666666666,,89.782,84.799,80.6095,77.22033333333334,69.64916666666666,64.83541666666666,,84.7882670244015,79.6173507277386,66.18659987476515,62.7866574009729,61.79302045728038,5.170916296662909,4.507592384197884,1.3266478249300508,5.170916296662909,4.285021846296522,1.7717889007327745,93.27110457944865,80.6095,67.94789542055135,74.47257109159246,75.39456901126167,72.62857525225405,74.90556056302657,76.07831656749569,72.56004855408833,5.163880413600974,94.97066858218739,-38.98970083374204,-0.038225925018377876,0.01829031002724074,0.07121369069402486,0.11822879120784227,0.23978511348544496,0.3318338099675461,,60.43474058852735
2022-08-15,86.52,89.39,85.88,88.0,380527,33430283.07,1.5227,1.9108,89.282,85.958,81.344,77.966,70.21849999999999,65.10608333333333,,89.282,85.958,81.344,77.966,70.21849999999999,65.10608333333333,,85.2823797898782,80.23828771086907,53.568357695614786,65.88706982960242,65.4699475594998,5.044092079009133,4.614892323160134,0.8583995116979963,5.044092079009133,4.401801882098463,1.28458039382134,93.92677084370774,81.344,68.76122915629225,72.32722395451674,74.37212065901336,68.2374305455235,72.77037370868439,74.97566894789193,68.3597832302693,4.8631748838553435,82.38287382311648,-31.499999999999982,-0.014358997334289067,0.023755787710277133,0.08182533438237616,0.12869712438755362,0.2532309861361324,0.351640207712285,,120.83793707637871
2022-08-16,88.88,88.88,85.15,85.68,678319,58558086.85,2.7144,-2.6364,88.41799999999999,87.075,81.96000000000001,78.65366666666667,70.67383333333333,65.35283333333334,,88.41799999999999,87.075,81.96000000000001,78.65366666666667,70.67383333333333,65.35283333333334,,85.34355212989695,80.64137751006396,27.306967984934133,67.21199727334698,64.22635536208944,4.702174619832988,4.632348782494706,0.13965167467656414,4.702174619832988,4.448013072519159,0.5083230946276576,94.0953472398435,81.96000000000001,69.82465276015651,64.54951024975674,71.09791718926115,51.4526963707479,67.2688674377869,72.40673511119026,56.99313209098017,4.657143086790733,59.20181891354781,-43.73414510400808,-0.030966545273586662,-0.016020671834625275,0.04538799414348461,0.08933255919410421,0.21232988163936212,0.3110372669381843,,76.55399452128303
2022-08-17,86.33,86.6,83.51,83.86,594945,50433650.37,2.3808,-2.1242,86.94,87.48,82.363,79.27633333333333,71.14816666666665,65.58775,,86.94,87.48,82.363,79.27633333333333,71.14816666666665,65.58775,,85.11531334068204,80.87979399079995,24.28810720268008,62.28156940323113,58.524385160483526,4.2355193498820825,4.552982895972182,-0.6349270921801988,4.2355193498820825,4.415321730574993,-0.3596047613858211,94.16784129053563,82.363,70.55815870946437,49.347706626131824,63.847847001551386,20.347425875292714,57.587528982193234,67.46699973485792,37.828587476863845,4.372207980101507,30.341926735763085,-61.7751479289941,-0.035426731078904976,-0.04138088705989946,0.018175637118609082,0.05781885304147106,0.1786670539648482,0.27859242007844454,,80.67779173256112
2022-08-18,84.48,88.41,83.59,88.33,784178,68189303.06,3.138,5.3303,86.44399999999999,88.19500000000001,83.06550000000001,80.00133333333333,71.69700000000002,65.80283333333334,,86.44399999999999,88.19500000000001,83.06550000000001,80.00133333333333,71.69700000000002,65.80283333333334,,85.60988051903864,81.43166110259254,40.369393139841684,71.0030395136778,62.51200307278664,4.1782194164460975,4.478030200066965,-0.5996215672417353,4.1782194164460975,4.37884445147824,-0.40125007006428426,94.5117854926367,83.06550000000001,71.61921450736332,49.717281595844455,59.137658532982414,30.87652772156855,56.274708762455944,63.7362360773906,41.351654132586646,4.453624710992141,51.311571923856825,-46.35093167701864,0.021817592892508564,0.0015306990192186733,0.06337769591466955,0.1041065982233629,0.2319901809001768,0.342343414797235,,168.08684428897388
2022-08-19,87.86,88.3,81.88,83.0,881435,74536499.31,3.5272,-6.0342,85.774,87.778,83.38250000000001,80.35300000000001,72.15616666666668,65.97633333333333,,85.774,87.778,83.38250000000001,80.35300000000001,72.15616666666668,65.97633333333333,,85.20836043918655,81.54783435425236,30.52369077306733,54.84360765259641,58.74390904168923,3.6605260849341903,4.31452937704041,-1.308006584212439,3.6605260849341903,4.268333933548385,-1.2156156972283902,94.42592600349795,83.38250000000001,72.33907399650207,36.150758852409474,51.4753586394581,5.501559278312229,40.5223769634838,55.99828303942167,9.570564811608065,4.816602036266298,15.909546418969764,-90.98228663446051,-0.03234080257420665,-0.05443277358791503,-0.0045872934968369545,0.03294214279491731,0.15028283560887593,0.25802686822042253,,53.6659250020705
2022-08-22,81.0,83.88,80.31,83.32,622417,51097059.74,2.4907,0.3855,84.838,87.06,83.6695,80.644,72.6215,66.13141666666667,,84.838,87.06,83.6695,80.644,72.6215,66.13141666666667,,84.91784344854246,81.679105883567,40.47768698931489,53.35633626097865,58.943965517241374,3.2387375649754517,4.099371014627419,-1.7212668993039344,3.2387375649754517,4.109934492229472,-1.742393854508041,94.37104435485574,83.6695,72.96795564514426,31.272295274968222,44.74100418462814,4.334877455648382,34.18670734901777,48.72775780928704,5.104606428479229,4.589947120581515,-15.372828155507701,-78.48463187991428,-0.017892925340059887,-0.042958878934068565,-0.00417714937940356,0.03318287783344065,0.1473186315347383,0.2599155469475551,,103.92300328852745
2022-08-23,82.99,84.15,79.55,80.02,729961,59354136.81,2.9211,-3.9606,83.70599999999999,86.062,83.663,80.88933333333334,73.03016666666666,66.26741666666666,,83.70599999999999,86.062,83.663,80.88933333333334,73.03016666666666,66.26741666666666,,84.16432907184361,81.55620915145093,27.277904328018195,37.75265501884206,53.73187124159887,2.6081199203926815,3.801120795780472,-2.3860017507755806,2.6081199203926815,3.878886096562274,-2.5415323523391846,94.37369922529496,83.663,72.95230077470504,22.03058678708573,37.17086505211401,-8.24996974297082,23.85328512533388,40.43626691463599,-9.312678453270351,4.591774916839423,-37.292785922854556,-96.81355932203391,-0.044035075143956146,-0.07020520090167556,-0.04354374096075925,-0.010747193696738063,0.09571158950296801,0.20753160489883793,,66.75639222403504
2022-08-24,80.12,81.43,74.5,78.33,1541781,119152338.2,6.1697,-2.112,82.6,84.77000000000001,83.63,81.12366666666667,73.39066666666666,66.36283333333333,,82.6,84.77000000000001,83.63,81.12366666666667,73.39066666666666,66.36283333333333,,83.26673998386767,81.3172306957879,28.292971057294707,27.912885662431933,53.57079880091695,1.949509288079767,3.430798494240331,-2.962578412321128,1.949509288079767,3.5820588952572727,-3.2650992143550113,94.40519373375706,83.63,72.85480626624293,22.514566543934933,32.28543221605432,2.9728351996961635,22.87851066643388,34.58368149856862,-0.5318309978356126,5.016906750141347,-83.47082372159116,-79.07103825136612,-0.05169491525423724,-0.07597027250206455,-0.06337438718163335,-0.034437135073611895,0.06730192758388902,0.18032935101726125,,80.77850197733835
2022-08-25,79.86,82.8,78.5,80.7,862535,69481995.33,3.4516,3.0257,81.074,83.75899999999999,83.7405,81.291,73.73566666666667,66.492,,81.074,83.75899999999999,83.7405,81.291,73.73566666666667,66.492,,82.87185690942648,81.27150990350731,40.96109839816934,34.19442556084297,53.562610229276906,1.6003470059191756,3.0647081965761003,-2.9287223813138494,1.6003470059191756,3.2771801430514116,-3.353666274264472,94.33760879140341,83.7405,73.14339120859658,28.889272256064082,31.153378896057575,24.36105897607709,27.92350333004442,32.36362210906056,19.04326577201215,4.917469159206556,-47.13439882357496,-61.98651134273451,-0.004613069541406558,-0.036521448441361334,-0.03630859619897176,-0.007270177510425435,0.09444999480124944,0.2136798411839018,,134.7268270364482
2022-08-26,81.74,87.0,81.6,82.91,973544,81703515.86,3.8958,2.7385,81.056,83.41499999999999,84.107,81.54466666666667,74.07783333333333,66.65658333333333,,81.056,83.41499999999999,84.107,81.54466666666667,74.07783333333333,66.65658333333333,,82.87772507720702,81.39287954028454,32.194480946123505,36.27386438446346,54.59561993447146,1.484845536922478,2.748735664645376,-2.527780255445796,1.484845536922478,3.0014363574931138,-3.0331816411412715,93.99935132498028,84.107,74.21464867501972,38.75418335847016,33.686980383528436,48.8885893083536,37.44262209914311,34.05662210575474,44.21462208591984,5.168838402987182,-4.2125904581121905,-43.51914036265953,0.022873075404658497,-0.0060540670143259066,-0.014231871306787814,0.016743379906308916,0.11922819916889217,0.24383813051724074,,131.01885635848035
2022-08-29,81.39,88.97,81.39,84.23,884947,76100705.8,3.5413,1.5921,81.238,83.038,84.498,81.90866666666668,74.39,66.81483333333334,,81.238,83.038,84.498,81.90866666666668,74.39,66.81483333333334,,83.08576737302131,81.60303661137458,55.486173059768085,39.475367882277666,53.59534719774409,1.4827307616467351,2.495534684045648,-2.0256078447978254,1.4827307616467351,2.767789342747517,-2.570117162201564,93.70374328740928,84.498,75.29225671259073,48.25031251771773,38.5414244282582,67.66808869663679,47.37593834483303,38.49639418544751,65.13502666360408,5.607231420625876,6.203353688088037,-32.75742916378711,0.03683005490041612,0.0143548736722947,-0.0031716727023124885,0.028340509347810097,0.13227584352735589,0.2606482093547091,,117.11131444129154
2022-08-30,86.0,89.3,82.29,86.82,805574,69394688.74,3.2236,3.0749,82.59799999999998,83.152,85.1135,82.35733333333333,74.712,66.98741666666666,,82.59799999999998,83.152,85.1135,82.35733333333333,74.712,66.98741666666666,,83.6602647002488,81.98947834386534,62.98219584569733,50.799591697856414,56.73027333677154,1.6707863563834593,2.33058501851321,-1.3195973242595018,1.6707863563834593,2.5990196525376623,-1.856466592308406,93.06859575184669,85.1135,77.15840424815332,59.91462275955956,45.66582387202533,88.41222053462803,59.3317066443031,45.44149833839937,87.11212325611055,5.8622802532393505,23.42481354935872,-16.75675675675679,0.05111503910506319,0.04411198768520291,0.02004969834397588,0.05418663385571814,0.1620623193061354,0.2960643105856946,,135.3723001226365
2022-08-31,86.82,90.88,85.51,88.0,870331,77057109.25,3.4828,1.3591,84.532,83.566,85.523,82.764,75.10600000000001,67.14875,,84.532,83.566,85.523,82.764,75.10600000000001,67.14875,,84.3279162848259,82.43470217024569,85.12323943661974,50.0,58.07986406117248,1.8932141145802177,2.243110837726612,-0.6997934462927882,1.8932141145802177,2.490434185159594,-1.1944401411587524,93.16564792911575,85.523,77.88035207088424,67.41560931223385,52.91575235209484,96.41532323251187,67.02699856872955,52.636665081842764,95.80766554250314,5.772774752650376,61.13493259164823,-17.58241758241756,0.04102588368901722,0.053059856879592145,0.028962969025876126,0.06326422115895805,0.17167736266077263,0.3105232785420427,,114.45345480059814
2022-09-01,87.58,90.6,86.13,89.0,854305,75596386.48,3.4186,1.1364,86.192,83.633,85.914,83.25466666666667,75.53916666666667,67.32208333333332,,86.192,83.633,85.914,83.25466666666667,75.53916666666667,67.32208333333332,,85.04669839485268,82.92102052800527,100.0,56.01449275362317,61.78433438707412,2.1256778668474112,2.2196242435507716,-0.18789275340672074,2.1256778668474112,2.434317828496181,-0.6172799232975397,93.42004079532272,85.914,78.40795920467728,74.45126904901876,60.09425791773615,103.16529131158397,74.19219522001589,59.82184179456714,102.93290207091339,5.535906615804852,65.20712050887471,-11.477411477411453,0.03257842955262678,0.0641732330539381,0.035919640570803345,0.06900914463253313,0.1781967412048936,0.32200305744152813,,111.96269534406775
2022-09-02,88.8,95.92,87.81,90.32,1295434,118546094.74,5.1839,1.4831,87.67399999999999,84.365,86.0715,83.71000000000001,75.977,67.53349999999999,,87.67399999999999,84.365,86.0715,83.71000000000001,75.977,67.53349999999999,,85.85797556487535,83.46909308148636,100.0,61.918819188191875,62.110395263799404,2.388882483388983,2.253475891518414,0.2708131837411374,2.388882483388983,2.427327775402766,-0.07689058402756643,93.81688579107767,86.0715,78.32611420892233,74.25291574945476,64.81381052830902,93.13112619174623,74.08019986345286,64.57462781752905,93.09134395530049,6.003923594749424,117.1233576725227,-26.143790849673245,0.03017998494422521,0.0705861435429384,0.049360125012344304,0.07896308684744935,0.18878081524671925,0.33741032228449597,,115.86152025680079
2022-09-05,90.98,91.5,86.87,87.69,1001278,89015164.89,4.0068,-2.9119,88.366,84.80199999999999,85.93100000000001,84.04700000000001,76.38033333333333,67.71425,,88.366,84.80199999999999,85.93100000000001,84.04700000000001,76.38033333333333,67.71425,,86.13982547797144,83.78175285322811,73.80478087649405,48.73317498020585,61.33081155433287,2.358072624743329,2.274395238163397,0.1673547731598637,2.358072624743329,2.416673136839776,-0.11720102419289358,93.43637183061477,85.93100000000001,78.42562816938525,70.02793200601684,66.5518510208783,76.98009397629392,69.91278808201557,66.3540145723579,77.0303351013309,5.754119304794982,56.023358764245806,-38.42203548085902,-0.007650001131656994,0.03405580057074132,0.020469911906064002,0.04334479517412859,0.14807040206684977,0.2950006830172377,,74.41515858341165
2022-09-06,87.0,90.88,85.51,90.79,739057,65224978.22,2.9574,3.5352,89.16,85.87899999999999,85.9705,84.40166666666667,76.83683333333333,67.94116666666667,,89.16,85.87899999999999,85.9705,84.40166666666667,76.83683333333333,67.94116666666667,,86.85523694289893,84.3008822715075,77.7495769881557,66.91272253582287,59.810578984989284,2.5543546713914225,2.3303871248090022,0.4479350931648405,2.5543546713914225,2.4378549113861827,0.23299952001047952,93.57371670153643,85.9705,78.36728329846358,70.2023182374594,67.76867342640534,75.0696078595675,71.9586654440328,68.22223152958287,79.43153327293265,5.684279431195892,65.37048203051238,-23.94957983193275,0.018281740690892886,0.057185109281663926,0.056059927533281824,0.07568965857704234,0.18159476466364885,0.3363032231317782,,141.54008765072
2022-09-07,90.26,93.65,89.3,89.31,619289,56547767.62,2.4782,-1.6301,89.422,86.977,85.8735,84.74566666666666,77.25783333333334,68.18325,,89.422,86.977,85.8735,84.74566666666666,77.25783333333334,68.18325,,87.23289279783756,84.67192802917361,61.62464985994401,62.38114923522118,57.24986623863028,2.5609647686639505,2.3765026535799922,0.36892423016791653,2.5609647686639505,2.456794889428916,0.20833975847006858,93.23889926384075,85.8735,78.50810073615926,64.97085037808145,66.83606574363071,61.24041964698293,68.65747998603335,68.3673143483997,69.23781126130064,5.441683170978459,105.91756938411953,-37.94489092996555,-0.0012524882020083959,0.026823183140370424,0.040018166256179086,0.05385919437375367,0.15599928378352138,0.30985249309764495,,84.84392134561077
2022-09-08,88.94,92.24,88.46,91.78,747666,67940888.06,2.9919,2.7656,89.978,88.085,85.922,85.18866666666666,77.69633333333333,68.42800000000001,,89.978,88.085,85.922,85.18866666666666,77.69633333333333,68.42800000000001,,87.9324477520164,85.19845187886446,65.75,75.17123287671234,54.38629876308278,2.7339958731519403,2.448001297494382,0.5719891513151163,2.7339958731519403,2.4994411946170736,0.46910935706973333,93.43555154651257,85.922,78.40844845348742,67.14964239474759,66.94059129400301,67.56774459623674,69.60739546671552,68.78067472117164,71.26083695780329,5.139558958073285,108.75320305023027,-28.492773571920164,0.02002711773989205,0.041948118294828945,0.06817811503456628,0.07737335952356736,0.18126552518565878,0.34126381013620133,,131.36499085435543
2022-09-09,91.7,91.7,88.38,89.81,396937,35585686.25,1.5884,-2.1464,89.876,88.775,86.095,85.66300000000001,78.11016666666667,68.65425,,89.876,88.775,86.095,85.66300000000001,78.11016666666667,68.65425,,88.22130194401387,85.54004803598562,53.12259059367772,74.28087986463622,49.32604024223481,2.6812539080282534,2.4946518196011565,0.3732041768541938,2.6812539080282534,2.5274123812957168,0.3076830534650732,93.80676408243626,86.095,78.38323591756374,63.1572328608662,65.67947181629074,58.11275495001712,65.72128727374978,67.76087890536436,61.6421040105206,4.82327551115087,83.28205128205121,-42.050929112181684,-0.0007343450976901787,0.011658687693607395,0.043150008711307315,0.04841063236169631,0.14978630609331686,0.30814916774999357,,80.49454137746544
2022-09-13,88.98,97.5,88.98,96.78,1072739,101834305.85,4.2927,7.7608,91.694,90.03,86.534,86.342,78.654,68.91491666666666,,91.694,90.03,86.534,86.342,78.654,68.91491666666666,,89.53802472185788,86.37263707035706,67.34693877551022,78.47025495750708,55.879292403746106,3.165387651500822,2.62879898598109,1.0731773310394646,3.165387651500822,2.625562422865733,1.0796504572701782,95.58560038190376,86.534,77.48239961809625,73.43648718386355,68.26514360548168,83.77917434062726,75.56961557894957,70.36379112989277,85.98126447706315,5.495407236396165,159.47891785671945,-4.7337278106508816,0.05546709708377864,0.07497500833055648,0.11840432662306138,0.1208913390933729,0.23045236097337715,0.4043403762368817,,211.1588138871657
2022-09-14,95.35,115.23,95.0,107.0,1661479,173360814.71,6.6487,10.56,94.936,92.048,87.6,87.425,79.39433333333334,69.23991666666666,,94.936,92.048,87.6,87.425,79.39433333333334,69.23991666666666,,92.22448245695668,87.90058987996024,86.83708508202976,83.22758620689656,61.81900045024764,4.3238925769964425,2.9678177041841605,2.712149745624564,4.3238925769964425,2.8868439850396883,2.8740971839135083,100.45199308729137,87.6,74.74800691270862,73.06039477578341,69.86356066224893,79.45406300285237,74.48248037250744,71.73668754409766,79.97406602932699,8.174424102505954,287.8456168082724,-27.691790040376862,0.1270750821606134,0.1624369893968364,0.22146118721461194,0.22390620531884475,0.347703236586994,0.5453513688515418,,272.88621596202984
2022-09-15,106.84,108.74,102.07,104.5,1182025,124159425.16,4.7301,-2.3364,97.974,93.69800000000001,88.632,88.248,80.08433333333332,69.56474999999999,,97.974,93.69800000000001,88.632,88.248,80.08433333333332,69.56474999999999,,94.11302361742489,89.130175814778,76.76688793440061,77.07721079348117,59.965060416363364,4.982847802646887,3.3708237238767063,3.224048157540362,4.982847802646887,3.2093061108254113,3.547083383642952,103.39252430961491,88.632,73.8714756903851,70.0057185450041,69.91094662316732,70.19526238867766,70.95377560948678,71.47571689922738,69.90989303000558,7.900892447504871,225.4811786748425,-36.10363391655452,0.06660950864515071,0.11528527823432722,0.17903240364653844,0.18416281388813338,0.3048744448560478,0.5021975928900775,,78.94509062447808
2022-09-16,103.6,112.68,102.86,106.9,1517733,165096931.79,6.0734,2.2967,100.998,95.488,89.56049999999999,89.10533333333333,80.69966666666666,69.89033333333332,,100.998,95.488,89.56049999999999,89.10533333333333,80.69966666666666,69.89033333333332,,96.08025075320568,90.44645908775742,83.15114964191483,76.96025778732547,65.42098153984692,5.633791665448257,3.823417312191016,3.6207487065144814,5.633791665448257,3.5823038884596956,4.102975553977123,106.42705672594347,89.56049999999999,72.69394327405651,70.66105776486143,70.16098367039869,71.66120595378689,71.29309580784988,71.41484320210155,71.04960101934654,8.249821093413077,202.43753394894102,-28.028263795423953,0.05843680072872731,0.11951239946380704,0.19360655646183325,0.1997037214382978,0.32466470328254166,0.5295391351212142,,125.4914529475952
2022-09-19,107.0,108.89,100.0,105.66,1221850,126856074.25,4.8894,-1.16,104.16799999999998,97.022,90.6935,89.72166666666666,81.34500000000001,70.19291666666668,,104.16799999999998,97.022,90.6935,89.72166666666666,81.34500000000001,70.19291666666668,,97.55405832963557,91.57338804421984,77.43083003952567,73.67292225201072,63.33434007852612,5.9806702854157265,4.254867906835958,3.4516047571595365,5.9806702854157265,3.951283334145239,4.058773902540975,108.7096533075181,90.6935,72.6773466924819,69.70719239057158,70.00971991045633,69.10213735080208,70.12855108589721,70.98607916336678,68.41349493095808,8.366217258247064,144.64121217047318,-32.2005383580081,0.014323016665386865,0.08903135371359064,0.1650228516927894,0.17764196682332398,0.29891204130555016,0.5052800911772909,,88.98750112211472
2022-09-20,104.0,105.66,102.01,103.98,674800,69730692.95,2.7003,-1.59,105.60799999999999,98.651,91.7265,90.171,81.96183333333333,70.50258333333333,,105.60799999999999,98.651,91.7265,90.171,81.96183333333333,70.50258333333333,,98.54266474046086,92.49239633724059,78.32866853258696,69.72090573986308,63.95242451967063,6.050268403220272,4.613948006112821,2.8726407942149024,6.050268403220272,4.274204114002936,3.5521285784346723,110.32239233080635,91.7265,73.13060766919365,65.83831448012035,68.61925143367768,60.27644057300569,67.46793490966499,69.81336441213286,62.77707590472926,7.50872321129305,113.94402962423361,-37.85329744279946,-0.015415498825846394,0.05401871243069009,0.13358734934833447,0.15314236284392982,0.2686392650237611,0.4748395744363978,,85.19067659251512
2022-09-21,103.38,104.4,98.19,98.19,678889,68365441.27,2.7167,-5.5684,103.846,99.391,92.635,90.444,82.47600000000001,70.74266666666668,,103.846,99.391,92.635,90.444,82.47600000000001,70.74266666666668,,98.4884086265438,92.91444105300054,52.958455728073844,59.26972909305066,60.3019410496046,5.573967573543257,4.805951919598908,1.5360313078886971,5.573967573543257,4.474167723162985,2.199599700760544,110.58705016880114,92.635,74.68294983119887,56.07098060313423,64.4364944901632,39.33995282907631,57.15739422283066,65.59470768236547,40.28276730376106,7.272591718330679,69.35731895772255,-63.46368715083799,-0.05446526587446802,-0.012083589057359394,0.05996653532682023,0.08564415549953557,0.1905281536446964,0.38798838984488354,,56.38641317016175
2022-09-22,97.31,109.86,97.16,106.1,1425415,149111984.1,5.704,8.0558,104.16600000000001,101.07000000000001,94.0235,90.93900000000001,83.16933333333333,71.06733333333334,,104.16600000000001,101.07000000000001,94.0235,90.93900000000001,83.16933333333333,71.06733333333334,,99.6594226839986,93.89114912314865,47.90892193308549,69.28556463440182,62.1729003973147,5.7682735608499485,4.998416247849117,1.539714626001663,5.7682735608499485,4.673260928960979,2.1900252637779385,111.6089368875587,94.0235,76.4380631124413,59.3794122704942,62.7508004169402,52.63663597760221,60.103688016958486,63.764367793896476,52.78232846308252,8.259393224088736,93.25503315681509,-34.00372439478587,0.018566518825720323,0.04976748787968721,0.12844129393183615,0.16671615038652268,0.2757105984577649,0.49295034755771505,,217.01074541923623
2022-09-23,105.91,115.3,102.34,114.72,1738935,189710888.37,6.9586,8.1244,105.72999999999999,103.364,95.7245,91.736,84.04783333333333,71.46683333333334,,105.72999999999999,103.364,95.7245,91.736,84.04783333333333,71.46683333333334,,101.97643457876805,95.43402696587839,68.48769898697539,72.4694835680751,70.79181961195596,6.5424076128896616,5.307214520857226,2.4703861840648713,6.5424076128896616,4.9608219572577,3.1631713112639233,114.42934032487156,95.7245,77.01965967512845,72.18505904152502,65.8955532918018,84.76407054097146,72.6842813624696,66.73767231675419,84.57749945390043,9.114049001527146,129.639807220766,-2.1545319465081656,0.08502790125792122,0.10986416934329161,0.19843927103301653,0.250545042295282,0.3649370299055895,0.605220137079904,,218.39241169957631
2022-09-26,112.39,115.0,106.06,109.5,1229494,135513228.38,4.92,-4.5502,106.498,105.333,97.054,92.50766666666667,84.864,71.82491666666667,,106.498,105.333,97.054,92.50766666666667,84.864,71.82491666666667,,103.13390618203451,96.47595089433185,54.26789231779382,67.71363397087208,66.12466124661248,6.657955287702663,5.577362674226314,2.161185226952698,6.657955287702663,5.22191939271077,2.872071789983785,115.70361735179611,97.054,78.40438264820389,71.93289650387383,67.90800102915915,79.98268745330319,74.4440295202685,69.30645805125896,84.7191724582876,9.082403728522209,109.43650194766782,-22.036474164133736,0.028188322785404375,0.03956025177294866,0.1282378881859583,0.1836856765024881,0.290299773755656,0.5245405784204413,,62.76966466542174
2022-09-27,107.31,117.96,106.99,115.9,1569307,178379524.97,6.2798,5.8447,108.88199999999999,107.245,98.6375,93.43766666666667,85.70183333333333,72.23025000000001,,108.88199999999999,107.245,98.6375,93.43766666666667,85.70183333333333,72.23025000000001,,105.09792061556766,97.91476934660356,64.37394722066256,69.79645436638214,71.28618889416232,7.183151268964096,5.89852039317387,2.569261751580452,7.183151268964096,5.523647373672821,3.3190077905825497,118.06432017483192,98.6375,79.21067982516809,77.9873156179672,71.26777255876183,91.42640173637793,79.97197786833233,72.86163132361675,94.19267095776351,9.42560305060908,122.00446080954457,-8.97212543554002,0.0644550981796809,0.08070306307986387,0.17500950449879613,0.24039912526354468,0.35236313497766497,0.6045908743220463,,176.47905431228884
2022-09-28,115.0,117.67,111.11,114.0,564644,64550770.27,2.2595,-1.6393,112.04400000000001,107.94500000000001,99.9965,94.38166666666667,86.51766666666666,72.67008333333334,,112.04400000000001,107.94500000000001,99.9965,94.38166666666667,86.51766666666666,72.67008333333334,,106.46747129009572,99.10626791352182,63.97879464285713,69.87674609695972,71.10900698307492,7.361203376573897,6.191056989853876,2.3402927734400425,7.361203376573897,5.806348297196063,3.109710158755668,119.74263542469814,99.9965,80.25036457530186,78.97872323249096,73.83808945000487,89.25999079746316,80.30183139940105,75.34169801554485,90.22209816711344,8.904584314134702,115.16661194525754,-19.038461538461508,0.017457427439220206,0.056093380888415326,0.1400399013965489,0.20786169630401374,0.3176499597384736,0.56873358018717,,84.76452910851322
2022-09-29,113.33,115.98,110.12,111.99,852204,96034213.25,3.4102,-1.7632,113.22200000000001,108.694,101.196,95.31933333333333,87.29783333333334,73.1325,,113.22200000000001,108.694,101.196,95.31933333333333,87.29783333333334,73.1325,,107.31709109161945,100.06061843844613,71.52214597629442,63.60708534621577,68.59622013550457,7.256472653173319,6.404140122517765,1.7046650613111076,7.256472653173319,6.029444351961795,2.454056602423048,120.78774842416524,101.196,81.60425157583475,76.41850779601963,74.69822889867646,79.85906559070594,77.30057990729301,75.99465864612758,79.91242242962389,8.351023529746573,94.40971855769533,-28.701923076923073,-0.010881277490240532,0.030323660919645907,0.10666429503142413,0.17489281642758722,0.2828497079919889,0.5313301199876936,,83.70356071506183
2022-09-30,111.0,111.9,105.0,105.0,821258,88387859.8,3.2864,-6.2416,111.27799999999999,108.50399999999999,101.99600000000001,95.875,87.93816666666667,73.52950000000001,,111.27799999999999,108.50399999999999,101.99600000000001,95.875,87.93816666666667,73.52950000000001,,106.96061553906262,100.42649855411678,48.23378291586385,48.101025446259015,62.42267461477899,6.53411698494584,6.43013549500338,0.2079629798849183,6.53411698494584,6.107086295497801,0.8540613788960769,120.78094290648743,101.99600000000001,83.2110570935126,63.509774428115655,70.9687440751562,48.59183513403457,64.09782250229792,72.02904659818435,48.23537431052506,8.103564706156286,46.62949822605166,-62.307692307692285,-0.05641726127356703,-0.03229374032293732,0.02945213537785786,0.09517601043024772,0.19402079870515068,0.42799828640205606,,52.49289733653446
2022-10-10,104.16,107.73,98.74,99.07,832876,85131836.09,3.3329,-5.6476,109.19200000000001,107.84499999999998,102.43350000000001,96.41066666666667,88.38183333333333,73.88016666666665,,109.19200000000001,107.84499999999998,102.43350000000001,96.41066666666667,88.38183333333333,73.88016666666665,,105.74667468689913,100.32601717973775,22.495606326889288,45.15956498484578,57.93413173652694,5.42065750716138,6.228239897434981,-1.615164780547202,5.42065750716138,6.001481866522966,-1.161648718723173,120.46596344498523,102.43350000000001,84.40103655501478,45.40074705464121,62.44607840165121,11.310084360621204,45.79277910409605,63.28362410015492,10.811089111978319,8.264734759582417,-4.2059492226110065,-90.81730769230771,-0.09269909883507961,-0.08136677639204407,-0.03283593746186566,0.02758339326215621,0.12093171485090255,0.3409552856991391,,55.91503991114002
2022-10-11,101.0,105.6,98.48,102.8,785689,80825743.64,3.1441,3.765,106.572,107.727,103.189,97.05999999999999,88.852,74.25391666666668,,106.572,107.727,103.189,97.05999999999999,88.852,74.25391666666668,,105.29334011968388,100.50927516642383,37.57418397626114,46.42981539533263,58.44073526304669,4.784064953260042,5.939404908599994,-2.3106799106799034,4.784064953260042,5.814186956790209,-2.0602440070603336,119.83329208309442,103.189,86.54470791690557,39.305626241555686,54.732594348286035,8.451690028094987,39.56698094119224,55.378076380500694,7.944790062575336,8.056601166931067,-7.155391452142842,-72.88461538461539,-0.03539391209698613,-0.045735980766196095,-0.0037697816627740924,0.05913867710694426,0.1569801467609057,0.3844387557558689,,144.713656375798
2022-10-12,104.55,107.84,98.5,107.01,991869,102939048.02,3.9691,4.0953,105.174,108.609,104.0,97.95966666666666,89.4245,74.64458333333332,,105.174,108.609,104.0,97.95966666666666,89.4245,74.64458333333332,,105.55744163973252,100.99081033928132,32.054905127169974,51.117734724292106,59.729757395844,4.566631300451192,5.664850186970234,-2.1964377730380846,4.566631300451192,5.622255317353438,-2.1112480338044914,119.6515652487805,104.0,88.3484347512195,40.79991783660182,50.0883688443913,22.22301582102287,42.16324370438459,50.97313215512866,24.543466802896447,8.289946409307236,8.289718920508555,-52.644230769230724,0.0174567858976553,-0.01472253680634192,0.028942307692307743,0.09238836391848354,0.19665192424894756,0.43359364097640524,,149.38689273709457
2022-10-13,107.0,121.5,106.06,119.03,1365142,159614802.96,5.4628,11.2326,106.582,109.902,105.48600000000002,99.31633333333333,90.22000000000001,75.15166666666667,,106.582,109.902,105.48600000000002,99.31633333333333,90.22000000000001,75.15166666666667,,107.63014292592752,102.32704661044568,57.20836916021782,60.63904990810122,63.81197681905988,5.303096315481838,5.592499412672556,-0.5788061943814355,5.303096315481838,5.573153932450114,-0.540115233936552,120.90680262775585,105.48600000000002,90.06519737224419,56.956678499813904,52.37780539619884,66.11442470704404,57.86556241166908,53.2706089073088,67.05546942038964,9.589956153069556,133.1164524178012,-10.729800173761943,0.11679270420896594,0.08305581336099434,0.128396185275771,0.19849370194227872,0.3193305253823984,0.5838637422101971,,289.9483858744229
2022-10-14,119.1,122.0,115.24,119.35,956552,113187326.62,3.8278,0.2688,109.452,110.36500000000001,106.86449999999999,100.60466666666667,90.94783333333334,75.64708333333333,,109.452,110.36500000000001,106.86449999999999,100.60466666666667,90.94783333333334,75.64708333333333,,109.4331978604002,103.58800612078304,61.084337349397586,66.21207477781182,63.47600037136756,5.845191739617164,5.643037878061477,0.40430772311137275,5.845191739617164,5.615005902783506,0.460371673667316,122.05387506077298,106.86449999999999,91.675124939227,67.54878339896891,57.43479806378886,87.776754069329,68.15470600687235,58.231974607163316,88.0001688062904,9.075418670693274,156.35228170497714,-11.267006802721115,0.09043233563571243,0.08141167942735454,0.11683487032644145,0.1863266780202375,0.31229074542732366,0.5777211062334415,,102.7211558219011
2022-10-17,119.35,128.12,117.88,128.0,1059316,130404382.57,4.239,7.2476,115.23800000000001,112.215,108.774,102.10766666666665,91.82616666666667,76.20275,,115.23800000000001,112.215,108.774,102.10766666666665,91.82616666666667,76.20275,,112.28962895880017,105.39630196368799,82.98909925415948,66.5909090909091,67.72179723907499,6.893326995112176,5.893095701471617,2.000462587281117,6.893326995112176,5.811670686218686,2.16331261778698,124.52760196072099,108.774,93.02039803927902,78.23090283278088,64.3668329867862,105.95904252477024,78.63485123804985,65.0329334841255,105.83868674589854,9.287160730567226,198.4086036987265,-0.40485829959515707,0.1107447196237351,0.14066746869848057,0.1767517973045029,0.25357873878226606,0.3939381839236093,0.6797294060909876,,201.31468832798052
2022-10-18,125.3,127.88,120.48,121.7,1166026,144093221.08,4.666,-4.9219,119.018,112.795,110.02000000000001,103.35666666666665,92.63266666666665,76.72341666666667,,119.018,112.795,110.02000000000001,103.35666666666665,92.63266666666665,76.72341666666667,,113.73737834975398,106.6039832997111,82.11751348282715,55.48052763819096,63.217309501411094,7.133395050042878,6.14115557118587,1.9844789577140176,7.133395050042878,6.015012896037792,2.236764308010173,125.72123025686004,110.02000000000001,94.31876974313998,78.26729554574057,69.00032050643766,96.80124562434636,78.53659448258654,69.53415381694585,96.54147581386792,8.965858779555003,158.9895545111028,-21.659919028340084,0.022534406560352233,0.07894853495279047,0.1061625159061988,0.17747605379430467,0.31379139108593823,0.5862171588204819,,60.36790241549544
2022-10-19,120.46,123.44,118.56,121.02,661502,79783776.53,2.6471,-0.5588,121.82000000000001,113.497,110.721,104.49666666666667,93.42699999999999,77.25041666666667,,121.82000000000001,113.497,110.721,104.49666666666667,93.42699999999999,77.25041666666667,,114.85778168056106,107.67183638862139,78.30950901180857,59.73960094690564,63.652802893309214,7.1859452919396745,6.350113515336631,1.6716635532060877,7.1859452919396745,6.195156341561159,1.9815779007570313,127.0921079263693,110.721,94.34989207363071,77.52682501070063,71.84248867452533,88.89549768305125,77.70635763526461,72.25822175638544,88.60262939302294,8.222975365090456,115.21766918173066,-23.954116059379245,-0.0065670661631916875,0.06628369031780572,0.09301758474002214,0.15812306612651114,0.29534288803022685,0.5665934919444878,,94.55090795766226
2022-10-20,119.0,125.57,117.0,122.26,1045081,126663235.25,4.1821,1.0246,122.46600000000001,114.524,111.60900000000001,105.63866666666667,94.20133333333334,77.8035,,122.46600000000001,114.524,111.60900000000001,105.63866666666667,94.20133333333334,77.8035,,115.99658449893627,108.75244110057535,76.10407394727832,55.89107076695072,63.26370757180156,7.244143398360919,6.528919491941489,1.4304478128388602,7.244143398360919,6.356538965684199,1.7752088653534397,128.4784016366597,111.60900000000001,94.73959836334032,78.42768990816839,74.03755575240635,87.20795821969247,78.54737832454438,74.3546072791051,86.93292041542296,8.286070753255826,106.93655921134595,-19.770580296896085,-0.0016820995214998698,0.06754916000139713,0.09543137202196951,0.157341377525906,0.29785848749486915,0.571394603070556,,110.73181757501955
2022-10-21,122.27,131.6,119.01,131.6,1329627,166355052.28,5.3207,7.6395,124.91599999999998,117.184,112.84400000000001,107.05866666666667,95.15666666666667,78.45516666666667,,124.91599999999998,117.184,112.84400000000001,107.05866666666667,95.15666666666667,78.45516666666667,,118.39710996063839,110.4448528709031,73.69016208066338,64.32758059264083,67.08922875603173,7.952257089735284,6.813587011500248,2.2773401564700713,7.952257089735284,6.602034061692058,2.7004460560864505,131.7548728402191,112.84400000000001,93.93312715978092,85.61845993877893,77.89785714786387,101.05966552060903,85.69825221636293,78.13582225819104,100.82311213270674,9.068603343572946,142.33418158896185,-0.0,0.053507957347337515,0.12302020753686507,0.16621176136967836,0.22923257030413224,0.38298244999474546,0.6773911214685243,,208.79254031185036
2022-10-24,130.0,143.43,127.87,136.7,1575588,214258193.04,6.305,3.8754,126.65599999999999,120.947,114.396,108.60466666666666,96.15733333333334,79.17491666666668,,126.65599999999999,120.947,114.396,108.60466666666666,96.15733333333334,79.17491666666668,,121.21293919746324,112.38967858416954,77.70680293835835,69.15206944659742,66.57807308970098,8.823260613293698,7.215521731858939,3.2154777628695186,8.823260613293698,6.943761223476926,3.7589987796335436,135.7601365992536,114.396,93.0318634007464,85.41935462644614,80.40502297405797,95.44801793122247,85.47477103634428,80.58213851757546,95.2600360738819,10.248857281105137,187.50192854157368,-14.972191323693032,0.07930141485598785,0.13024713304174543,0.1949718521626629,0.25869361046486644,0.42162844227515994,0.7265569167002593,,146.2602302912545
2022-10-25,135.15,144.85,128.07,133.56,1914006,261213932.59,7.6592,-2.297,129.028,124.023,115.875,110.13366666666666,97.09033333333333,79.89816666666667,,129.028,124.023,115.875,110.13366666666666,97.09033333333333,79.89816666666667,,123.11248701323814,113.95785054089772,60.77519379844963,73.5410484668645,61.71902576773738,9.154636472340414,7.603344679955234,3.1025835847703593,9.154636472340414,7.2838958771482325,3.7414811903843628,138.273506059204,115.875,93.476493940796,80.5777565688725,80.46260083899615,80.8080680286252,82.19713250678976,81.12046984731356,84.35045782574215,11.436337775449656,156.1245455371309,-24.358144552319295,0.03512415909725029,0.07689702716431634,0.152621359223301,0.21270819398246388,0.3756261351112881,0.6716278429417446,,79.26454265403234
2022-10-26,136.5,141.23,132.16,139.5,1301112,179364211.62,5.2066,4.4474,132.724,127.272,117.9405,111.75733333333332,98.0795,80.65233333333335,,132.724,127.272,117.9405,111.75733333333332,98.0795,80.65233333333335,,125.63364285735535,115.84986161194233,84.98427672955977,83.31959782429539,64.98800959232614,9.783781245413024,8.039431993046794,3.4886985047324615,9.783781245413024,7.668493626112046,4.230575238601956,141.0789742025277,117.9405,94.8020257974723,81.02909764728842,80.65143310842691,81.78442672501143,83.53401684176978,81.92498551213231,86.75207950104473,11.006094543549718,149.06417518106377,-13.79221448827016,0.051053313643350196,0.09607769187252493,0.182799801594872,0.2482402347944357,0.4223155705320684,0.7296461768000096,,154.51760651141345
2022-10-27,138.0,146.99,137.67,142.44,1184603,169121351.73,4.7404,2.1075,136.76,129.613,119.75749999999998,113.52833333333334,99.13699999999999,81.42191666666668,,136.76,129.613,119.75749999999998,113.52833333333334,99.13699999999999,81.42191666666668,,128.21923626391606,117.8195014925392,88.66425992779787,83.09953239812961,65.14919011082694,10.399734771376856,8.511492548712805,3.7764844453281015,10.399734771376856,8.088684571537401,4.62210039967891,144.62386271626448,119.75749999999998,94.89113728373549,82.29549046220251,81.19945222635212,84.48756693390328,84.24577500737408,82.69858201054623,87.34016100102977,10.699531899267955,158.62705983010707,-14.330708661417352,0.04153261187481725,0.09896383850385376,0.18940358641421223,0.2546647679727527,0.43679958037866806,0.7494061283663385,,123.19060098336041
2022-10-28,143.0,152.96,140.07,148.3,1447711,214881457.54,5.7932,4.114,140.1,132.50799999999998,121.4365,115.41233333333335,100.3005,82.24191666666667,,140.1,132.50799999999998,121.4365,115.41233333333335,100.3005,82.24191666666667,,131.3085845310059,120.07731619679556,90.28465346534657,83.55273850154397,67.48687664041995,11.231268334210327,9.055447705812309,4.351641256796036,11.231268334210327,8.572158996564005,5.318218675292645,149.23280060580737,121.4365,93.64019939419262,83.87737925511314,82.09209456927246,87.4479486267945,85.17756895189419,83.52491099099555,88.48288487369146,11.097798826673785,162.19071620361055,-12.958843159065617,0.058529621698786706,0.11917771002505534,0.22121437953168954,0.2849579912025577,0.4785569364060998,0.8032167295063447,,149.6552167451353
2022-10-31,146.0,154.88,130.03,137.4,2426601,351657413.59,9.7104,-7.35,140.23999999999998,133.448,122.8315,116.99866666666665,101.33083333333335,82.96433333333333,,140.23999999999998,133.448,122.8315,116.99866666666665,101.33083333333335,82.96433333333333,,132.2457253723896,121.36047795999589,58.55962219598585,65.20443635159742,62.74210767119109,10.885247412393696,9.421407647128587,2.9276795305302166,10.885247412393696,8.928018752845496,3.9144573190963996,150.90450953247642,122.8315,94.75849046752359,73.86967839112437,79.35128917655643,62.906456820260246,74.73647152231173,80.59543116810096,63.01855223073329,13.598199040005822,108.2286814849752,-46.1457233368532,-0.020250998288647855,0.029614531502907486,0.11860556941826811,0.17437235751974403,0.355954505456549,0.656133358511489,,46.6075009342118
2022-11-01,134.0,143.86,130.53,141.63,1790457,245912727.75,7.1648,3.0786,141.85399999999998,135.44099999999997,124.11799999999998,118.49366666666667,102.41783333333335,83.714,,141.85399999999998,135.44099999999997,124.11799999999998,118.49366666666667,102.41783333333335,83.714,,133.6894599304835,122.86192403703323,57.46743411087551,67.31965174129354,66.7618459638833,10.827535893450275,9.702633296392925,2.2498051941146997,10.827535893450275,9.220252159092386,3.214567468715778,153.19387938661956,124.11799999999998,95.0421206133804,70.92015870214345,76.54091235175211,59.678651402926135,71.4980207896017,77.56296104193454,59.368140284936004,13.549435578186582,85.42488785036528,-34.97888067581838,-0.0015790883584529839,0.045695173544200225,0.14109154191978615,0.19525375477170362,0.3828646378316274,0.6918317127362209,,135.42075297942958
2022-11-02,140.0,141.49,129.07,131.06,2279320,303425996.62,9.121,-7.4631,140.166,136.445,124.971,119.29566666666666,103.36033333333333,84.3545,,140.166,136.445,124.971,119.29566666666666,103.36033333333333,84.3545,,133.28492763348603,123.46918892317893,46.90900098911968,52.30978260869565,59.437386569872956,9.815738710307102,9.72525437917576,0.18096866226268205,9.815738710307102,9.31186547466388,1.007746471286442,153.79696556104065,124.971,96.14503443895936,58.47794986796554,70.51992485715658,34.393999889583455,60.03775127613714,71.72122445333542,36.67080492174057,13.369538200334475,52.340769525322244,-62.88278775079197,-0.0649658262346075,-0.039466451683828584,0.04872330380648309,0.09861492594031084,0.26799126679803026,0.5536811906892934,,46.04145976668484
2022-11-03,131.99,142.99,129.06,138.99,1516795,206977688.26,6.0697,6.0507,139.47600000000003,138.118,126.321,120.44533333333334,104.34666666666665,85.06099999999999,,139.47600000000003,138.118,126.321,120.44533333333334,104.34666666666665,85.06099999999999,,134.1626310744882,124.61887863257309,49.39901013433892,62.737586562546056,59.22462941847206,9.543752441915103,9.68895399172363,-0.2904030996170519,9.543752441915103,9.34754039270253,0.3924240984251455,155.11618739029302,126.321,97.52581260970697,52.70861226542638,64.58282065991318,28.960195476452782,58.592215189574205,67.34488803208168,41.086869504559246,13.471440345728208,63.15511252076728,-44.29885698355169,-0.0034844704465285662,0.00631344212919398,0.10029211295034089,0.15396749839484583,0.33200230002555614,0.6340038325437042,,179.94256755559675
2022-11-04,139.55,140.98,133.66,135.69,1418252,193479292.46,5.6754,-2.3743,136.954,138.527,127.8555,121.405,105.25516666666667,85.73925000000001,,136.954,138.527,127.8555,121.405,105.25516666666667,85.73925000000001,,134.3976109091823,125.43896169682694,42.11264314092078,60.40573130940559,60.10182828049062,8.958649212355368,9.542893035849978,-1.1684876469892203,8.958649212355368,9.287710980341428,-0.6581235359721198,155.0956510738524,127.8555,100.61534892614762,44.613151680618714,57.9262643334817,17.986926374892732,48.712223430097474,61.13399983142028,23.86867062745185,12.352996646504897,55.98726470368743,-71.047760088856,-0.00922937628692853,-0.02047976206804442,0.06127620634231606,0.1176640171327375,0.2891528681885766,0.5825890709330904,,78.6398860319376
2022-11-07,136.4,138.9,131.0,132.5,1111645,147564247.04,4.4484,-2.3509,135.974,138.107,129.527,122.29966666666668,106.01066666666667,86.38883333333334,,135.974,138.107,129.527,122.29966666666668,106.01066666666667,86.38883333333334,,134.10567076930812,125.96200157113604,30.309072781655033,57.06791827719491,56.56541686442018,8.143669198172077,9.263048268314398,-2.2387581402846415,8.143669198172077,9.111704552315373,-1.936070708286593,153.1989279449639,129.527,105.85507205503606,34.18310292779693,50.011877198253444,2.525554386883897,37.98271068409583,53.4169034489788,7.11432515432989,11.543360892594915,34.07942000871307,-83.47631480790747,-0.025549002015091044,-0.040598955882033494,0.022952743443452047,0.08340442465092561,0.24987422649293153,0.5337630442206072,,78.82797280228802
2022-11-08,131.53,133.65,127.2,130.0,1077090,139982363.4,4.3101,-1.8868,133.648,137.751,130.887,123.167,106.66900000000001,87.01366666666668,,133.648,137.751,130.887,123.167,106.66900000000001,87.01366666666668,,133.47402911249148,126.26111256586671,38.335435056746526,48.78048780487806,56.298220752637384,7.212916546624768,8.853021923976472,-3.2802107547034076,7.212916546624768,8.819583320670665,-3.213333548091793,150.9427644686269,130.887,110.8312355313731,26.160604264003346,42.06145288683675,-5.641092981663462,28.693676101535946,45.17582766649785,-4.270627028387864,10.617295275759476,-0.5194623951868889,-89.88439306358383,-0.027295582425475848,-0.05626819406029723,-0.0067768380358629995,0.055477522388302045,0.21872334042692804,0.49401818105201845,,82.65606772568573
2022-11-09,133.0,133.43,127.83,131.81,895167,117627579.17,3.5821,1.3923,133.798,136.982,132.127,124.28766666666667,107.36583333333333,87.64825,,133.798,136.982,132.127,124.28766666666667,107.36583333333333,87.64825,,133.21802463364662,126.67214126469139,33.24232081911265,46.07607125662014,57.81422488566473,6.545883368955231,8.391594212972224,-3.691421688033987,6.545883368955231,8.469783328099059,-3.847799918287656,148.7377056157352,132.127,115.51629438426484,22.99194426848778,35.704950014053765,-2.434067222644188,24.680658826842848,38.34410471994619,-2.6462329593638287,9.705059771075936,-6.1244918960237085,-83.34537572254335,-0.014858219106414144,-0.03775678556306666,-0.0023992068237378224,0.06052357031939347,0.22767174535660795,0.5038520449638184,,114.8286019403898
2022-11-10,132.0,134.69,123.18,123.27,1873452,237363741.84,7.4969,-6.479,130.654,135.065,132.339,124.86,107.8995,88.21483333333335,,130.654,135.065,132.339,124.86,107.8995,88.21483333333335,,131.68755930539328,126.42013080064018,35.71690502383572,42.40141781125387,57.11614863285814,5.267428504753099,7.766761071328399,-4.998665133150601,5.267428504753099,7.977113355276604,-5.41936970104701,148.3430454096353,132.339,116.3349545903647,15.422600069633274,28.944166699246935,-11.620533189594049,16.548409775203318,31.078873071698567,-12.51251681778718,10.0332307217894,-53.38684147359255,-99.71608832807574,-0.056515682642705165,-0.08732832339984453,-0.06852855167410969,-0.01273426237385875,0.14245200394811833,0.39738403783188364,,51.17883073700947
2022-11-11,124.46,127.59,120.38,121.99,1215394,150380802.93,4.8636,-1.0384,127.91400000000002,132.434,132.471,125.10233333333332,108.41916666666665,88.773,,127.91400000000002,132.434,132.471,125.10233333333332,108.41916666666665,88.773,,130.19562710456356,126.09197296355573,8.77788554801164,36.114195083267255,59.262851600387975,4.103654141007823,7.034139685264284,-5.8609710885129225,4.103654141007823,7.381196553081407,-6.555084824147169,148.06218630913955,132.471,116.87981369086046,12.567366542731097,23.48523331374166,-9.268366999290024,12.587828739024435,24.91519162747386,-12.066897037874412,9.519916045100418,-97.5480718872445,-95.33333333333334,-0.04631236612098769,-0.07886192367518917,-0.07911920344830195,-0.02487829963203451,0.12517005756977173,0.3741790859833508,,90.08829202663044
2022-11-14,120.05,126.49,117.01,126.49,1534116,188114891.76,6.139,3.6888,126.71200000000002,131.343,132.3955,125.66866666666667,109.08816666666667,89.36866666666667,,126.71200000000002,131.343,132.3955,125.66866666666667,109.08816666666667,89.36866666666667,,129.6255306269384,126.12145644773679,28.91842346471128,37.65670948769541,59.51482046750743,3.5040741792016092,6.328126584051749,-5.64810480970028,3.5040741792016092,6.78471618786913,-6.561284017335042,148.09211508934783,132.3955,116.69888491065215,20.541446825254127,22.503971150912484,16.616398173937412,20.16097334929374,23.33045220141382,13.822015645053582,9.512658582354884,-95.60658901976275,-64.69273743016764,-0.0017520045457417024,-0.036949057049100405,-0.04460499035088053,0.0065357050020423664,0.15952081573161767,0.4153730241024072,,143.65462496532882
2022-11-15,125.19,130.0,123.3,128.55,1377101,175756044.94,5.5107,1.6286,126.422,130.035,132.738,126.09033333333332,109.764,89.99125,,126.422,130.035,132.738,126.09033333333332,109.764,89.99125,,129.4600643766402,126.30134856271926,40.45432576123735,33.76089458970566,58.80333496812163,3.158715813920935,5.694244430025587,-5.071057232209304,3.158715813920935,6.226869976492485,-6.1363083251431,147.73533814978285,132.738,117.74066185021717,28.50055911008731,24.50283380397076,36.49600972232041,28.24691012611372,24.969271509647122,34.80218735904691,9.001266112835815,-58.03420573583724,-55.58121632024633,0.016832513328376503,-0.01142000230707106,-0.031550874655335986,0.01950717871578862,0.17114901060456994,0.4284722125762229,,117.53274628129395
2022-11-16,128.55,128.95,124.22,127.1,773873,97837978.99,3.0968,-1.128,125.47999999999999,129.639,133.042,126.527,110.45433333333334,90.56408333333334,,125.47999999999999,129.639,133.042,126.527,110.45433333333334,90.56408333333334,,129.09697754946478,126.36050792844375,42.61710794297352,39.9727414330218,53.61009215352957,2.7364696210210298,5.102689468224676,-4.732439694407292,2.7364696210210298,5.689885306419954,-5.906831370797848,147.26576010691025,133.042,118.81823989308975,33.03180091416472,27.345822840702084,44.40375706108999,31.777129203911567,27.23855740773527,40.854272796264155,8.224672274138392,-70.5574921236123,-61.16243264049274,0.012910423971947757,-0.019585155701602262,-0.044662587754243074,0.004528677673539982,0.1507017983299281,0.40342611907406245,,89.27599429180434
2022-11-17,126.98,130.98,121.25,129.89,1170016,149105568.69,4.682,2.1951,126.804,128.72899999999998,133.4235,127.12366666666667,111.2215,91.18483333333332,,126.804,128.72899999999998,133.4235,127.12366666666667,111.2215,91.18483333333332,,129.21898100339328,126.62195178559607,45.34432589718717,38.2411858974359,54.613095238095234,2.597029217797214,4.601557418139183,-4.009056400683939,2.597029217797214,5.214061292785686,-5.234064149976945,146.81454693049506,133.4235,120.03245306950492,41.63441821261047,32.108687964671546,60.68587870848832,39.09603078897955,31.191048534816698,54.905995297305246,8.498368224295046,-70.64240449251479,-46.266166040884485,0.024336771710671463,0.009018946779668928,-0.026483340640891626,0.02176096242241797,0.1678497412820361,0.4244693470588129,,124.25150632284334
2022-11-18,127.08,131.46,125.66,127.38,731919,93661332.56,2.9289,-1.9324,127.88199999999999,127.898,133.2125,127.86966666666667,111.87233333333332,91.78466666666667,,127.88199999999999,127.898,133.2125,127.86966666666667,111.87233333333332,91.78466666666667,,128.93606084902507,126.67810350518154,64.08498971898558,45.6043956043956,49.713228492136906,2.257957343843529,4.132837403280053,-3.7497601188730485,2.257957343843529,4.759276069871508,-5.002637452055959,146.8551496500375,133.2125,119.56985034996251,47.30756085968902,37.17497892967737,67.5727247197123,41.85509712108305,34.745731396905484,56.07382856943818,8.007755819877767,-61.9342427315028,-52.626770214709964,-0.0039254938146103075,-0.004050102425370222,-0.04378342873228871,-0.003829420060530479,0.13861931904522132,0.3878135055237984,,82.27261047242477
2022-11-21,126.29,135.88,126.15,132.26,1011711,133551501.62,4.0485,3.8311,129.036,127.874,132.9905,128.976,112.69333333333333,92.42475,,129.036,127.874,132.9905,128.976,112.69333333333333,92.42475,,129.4474361030212,127.09157731961253,78.22979659153378,41.329554238598284,54.94938132733407,2.355858783408678,3.7774416793057783,-2.843165791794201,2.355858783408678,4.389519564261842,-4.067321561706327,146.53837141952508,132.9905,119.44262858047493,58.47707731575098,44.27567839170191,86.87987516384912,54.84210149001367,41.44452142794155,81.6372616141579,8.320891125354533,-19.323193602901856,-19.183889772125102,0.024985275427012534,0.034299388460515785,-0.005492873551118361,0.02546210147624358,0.1736275437766209,0.43100197728422296,,145.6373400136529
2022-11-22,131.2,139.39,127.55,138.8,1217141,165613688.6,4.8706,4.9448,131.08599999999998,128.754,133.2525,130.17600000000002,113.618,93.11975,,131.08599999999998,128.754,133.2525,130.17600000000002,113.618,93.11975,,130.8862920871718,127.95886788853011,80.42511122095897,53.69797859690845,57.899413541851786,2.9274241986416882,3.6074381831729605,-1.3600279690625445,2.9274241986416882,4.164581815704895,-2.474315234126413,147.0471669710468,133.2525,119.45783302895319,71.43929074550218,53.33021584296867,107.65744055056919,69.01597352834398,50.63500546140903,105.77790966221387,8.960729102562798,28.088657536510333,-2.636282394995422,0.05884686389088101,0.0780247603957937,0.04163148909026108,0.06624877089478855,0.22163741660652378,0.4905538298803424,,162.03524029325095
2022-11-23,137.15,142.7,134.51,136.07,852039,117528899.39,3.4096,-1.9669,132.88,129.18,133.08100000000002,131.14466666666667,114.55216666666666,93.79116666666665,,132.88,129.18,133.08100000000002,131.14466666666667,114.55216666666666,93.79116666666665,,131.6837856122223,128.55969248937973,67.9904306220095,54.29189709064677,56.0554240112251,3.1240931228425666,3.510769171106882,-0.7733520965286305,3.1240931228425666,4.0045066321876135,-1.7608270186900938,146.63176055352363,133.08100000000002,119.5302394464764,72.35695807063581,59.67246325219105,97.72594770752534,70.741413259197,57.33714139400502,97.54995698958096,8.820596538460471,59.08664211514461,-25.807707279096924,0.024006622516556275,0.053336429787892756,0.022460005560523105,0.037556489779734296,0.18784309332138338,0.4507762813484569,,81.98401566013023
2022-11-24,135.2,137.17,130.85,130.87,824932,109571248.89,3.3011,-3.8216,133.076,129.94,132.5025,131.53933333333333,115.42783333333334,94.40925,,133.076,129.94,132.5025,131.53933333333333,115.42783333333334,94.40925,,131.55858782572656,128.73082637905532,57.64705882352943,50.98216301648227,49.66784966784967,2.8277614466712464,3.374167626219755,-1.0928123590970173,2.8277614466712464,3.8234689113389417,-1.9914149293353907,145.34006145887957,132.5025,119.66493854112042,66.22162327324858,61.855516592543566,74.95383663465861,65.14459339895606,59.939625395655376,75.55452940555743,8.365942622376748,6.058140060581674,-46.04904632152586,-0.01657699359764337,0.007157149453594019,-0.012320522254297037,-0.005088465300619792,0.1337820023189092,0.38619891589012734,,67.7293918826601
2022-11-25,129.64,132.53,122.55,125.0,1240281,155762978.28,4.9632,-4.4854,132.6,130.241,131.3375,131.72766666666666,116.16616666666665,94.95091666666667,,132.6,130.241,131.3375,131.72766666666666,116.16616666666665,94.95091666666667,,130.54957431407632,128.45446886949566,41.18283447529755,42.957600827300936,44.71353696005784,2.0951054445806676,3.1183551898919375,-2.0464994906225398,2.0951054445806676,3.557566839529976,-2.924922789898617,142.21863940434667,131.3375,120.45636059565335,49.975254676338224,57.895429287141795,34.13490545473107,53.79692758321478,57.89205945817518,45.60666383329399,8.65940760012643,-73.18513438863187,-68.89840404826782,-0.057315233785821984,-0.040240784392011834,-0.04825354525554396,-0.051072541075906586,0.07604480363617071,0.31646964966987323,,63.19738466016942
2022-11-28,123.18,125.66,119.3,121.9,1006911,122660573.98,4.0293,-2.48,130.528,129.782,130.5625,131.52433333333332,116.816,95.44691666666667,,130.528,129.782,130.5625,131.52433333333332,116.816,95.44691666666667,,129.21887057344918,127.96895265694042,40.324858757062174,48.40363551619671,44.729705297414576,1.249917916508764,2.744667735215303,-2.9894996374130782,1.249917916508764,3.2025439282959436,-3.9052520235743593,141.82675342679846,130.5625,119.29824657320155,37.02054015459587,50.937132909626484,9.18735464453465,39.568322092513576,51.78414700295465,15.13667227163144,8.241333491012533,-127.92403304253816,-88.88888888888886,-0.06610075999019357,-0.0607326131512845,-0.06634753470560072,-0.07317530596366183,0.043521435419805535,0.27714968966170556,,77.7923562651203
2022-11-29,121.82,124.0,118.62,119.68,1078989,130043809.01,4.3177,-1.8212,126.704,128.89499999999998,129.465,131.457,117.40683333333332,95.89841666666666,,126.704,128.89499999999998,129.465,131.457,117.40683333333332,95.89841666666666,,127.75135202368777,127.35495616383372,25.48713951675765,47.36602052451541,40.729653882132844,0.3963958598540529,2.275013360143053,-3.7572350005780004,0.3963958598540529,2.770828840843345,-4.748865961978584,140.46304097387986,129.465,118.46695902612016,26.147691221557828,42.67398568027027,-6.904897695867064,27.846212513502966,43.80483550647075,-4.071033472432603,7.721091038101163,-135.79738860945994,-95.59800664451826,-0.05543629246116924,-0.07149229993405466,-0.0755802726605646,-0.08958823037190859,0.019361451136433137,0.24798723649417234,,83.21061829130349
2022-11-30,118.89,121.27,116.15,118.83,995520,117444306.86,3.9837,-0.7102,123.256,128.068,128.8535,131.384,117.94033333333331,96.32616666666667,,123.256,128.068,128.8535,131.384,117.94033333333331,96.32616666666667,,126.37883632773581,126.72347792947568,0.0,40.47263681592042,38.73676175937412,-0.34464160173986613,1.7510823677664695,-4.191447939012671,-0.34464160173986613,2.291525695830543,-5.272334595140818,140.79745557329412,128.8535,116.90954442670588,20.79651480056146,35.38149538703401,-8.373446372383633,21.928862328524886,36.512844447155466,-7.239101908736274,7.24816539481004,-146.2854485282394,-89.90583804143128,-0.035909002401505824,-0.07213355404941135,-0.0777898931732549,-0.0955519697984533,0.0075433623216260605,0.23362118635123374,,93.12047144565057
2022-12-01,118.88,126.71,118.88,122.0,998943,124204185.96,3.9974,2.6677,121.482,127.27900000000002,128.004,131.37533333333334,118.50699999999999,96.8065,,121.482,127.27900000000002,128.004,131.37533333333334,118.50699999999999,96.8065,,125.70516920039185,126.37359067544044,15.531602155805984,42.072137496974086,37.12299255777518,-0.6684214750485893,1.2671815992034579,-3.8712061485040943,-0.6684214750485893,1.8361492080029842,-5.009141366103147,139.31226134897946,128.004,116.69573865102052,21.20897596873589,30.657322247601304,2.312283411005062,21.963874320711504,31.663187738340813,2.565247485452879,7.363044413935486,-85.75363612973536,-77.96610169491525,0.004264006190217487,-0.041475812977789135,-0.046904784225492886,-0.0713629651431269,0.02947505210662669,0.2602459545588364,,130.11798688951666
2022-12-02,121.81,125.08,120.41,122.49,596567,73329710.7,2.3873,0.4016,120.97999999999999,126.79,127.34400000000001,131.07166666666666,119.06516666666667,97.30216666666666,,120.97999999999999,126.79,127.34400000000001,131.07166666666666,119.06516666666667,97.30216666666666,,125.21052778494695,126.08591729207448,23.31210191082799,44.287484510532835,41.87111547268563,-0.8753895071275366,0.8386673779372591,-3.4281137701295914,-0.8753895071275366,1.418989405675212,-4.588757825605497,138.29876132964358,127.34400000000001,116.38923867035645,22.099141543501254,27.80459534623462,10.688233938034529,22.602407111485,28.642927529388878,10.521366275677238,6.873399975038125,-78.37617100452157,-76.12052730696801,0.01248140188460907,-0.03391434655729956,-0.038117225782133536,-0.06547308724234831,0.028764360133316277,0.25886199861942094,,104.0897677883855
2022-12-05,124.5,124.5,117.7,119.9,698127,83384528.38,2.7937,-2.1145,120.58,125.554,126.71399999999998,130.51166666666666,119.55816666666666,97.76758333333332,,120.58,125.554,126.71399999999998,130.51166666666666,119.55816666666666,97.76758333333332,,124.39352351033972,125.62770119636527,29.46859903381643,37.55915317559156,37.93715998667704,-1.2341776860255464,0.424098365144698,-3.3165521023404887,-1.2341776860255464,1.0108098531058645,-4.489975078262821,137.86769261488536,126.71399999999998,115.56030738511463,19.44085895743775,25.016683216635663,8.289210439041923,19.77636933609358,25.68740813162378,7.954291745033181,6.860054525031192,-100.98617701671134,-85.87570621468925,-0.0056394095206501295,-0.04503241633082177,-0.05377464210742285,-0.08130818445349701,0.0028591382994888745,0.22637786382841643,,80.75798691105686
2022-12-06,118.88,121.69,114.3,117.66,1038945,121021322.51,4.1575,-1.8682,120.176,123.44000000000001,126.09700000000001,129.98166666666665,120.05766666666666,98.219,,120.176,123.44000000000001,126.09700000000001,129.98166666666665,120.05766666666666,98.219,,123.35759681644129,125.03750110774561,31.660899653979214,37.8134403209629,41.803278688524586,-1.6799042913043252,0.003297833854893406,-3.3664042503184373,-1.6799042913043252,0.5968538308889122,-4.553516244386475,137.83525433089696,126.09700000000001,114.35874566910304,17.857817937810857,22.63039479036073,8.312664232711114,17.127908195893376,22.834241486380314,5.715241614919499,6.956408247752793,-127.26046038845693,-88.16901408450704,-0.02093596059113305,-0.04682436811406363,-0.06690880829837356,-0.09479541986690425,-0.0199709584005464,0.19793522638186098,,82.81263613027753
2022-12-07,118.4,118.83,114.2,114.5,982486,114113948.78,3.9316,-2.6857,119.30999999999999,121.28300000000002,125.23150000000001,129.14833333333334,120.45283333333333,98.64483333333332,,119.30999999999999,121.28300000000002,125.23150000000001,129.14833333333334,120.45283333333333,98.64483333333332,,121.99488961391185,124.25694547013482,29.279999999999973,26.729559748427704,34.09120436533715,-2.262055856222972,-0.44977290416067967,-3.624565904124584,-2.262055856222972,0.15702157133323769,-4.838154855112419,137.72450145133814,125.23150000000001,112.7384985486619,12.450765695583666,19.23718509210171,-1.1220730974524287,11.853955921046895,19.17414629793584,-2.786424832731001,6.533424929979557,-138.09917850932436,-98.69394862864607,-0.04031514541949534,-0.055927046659466,-0.08569329601577885,-0.11342255029746162,-0.04942045088188044,0.16072982366030333,,76.16692562629291
2022-12-08,114.24,116.31,112.52,113.22,743474,84828483.94,2.9751,-1.1179,117.554,119.518,124.729,128.17433333333332,120.85133333333333,99.05458333333334,,117.554,119.518,124.729,128.17433333333332,120.85133333333333,99.05458333333334,,120.64490659638696,123.43939395382854,28.306264501160086,11.124620060790264,35.010006671114084,-2.7944873574415823,-0.9187157948168603,-3.751543125249444,-2.7944873574415823,-0.29705672540135,-4.994861264080464,138.3148686644763,124.729,111.1431313355237,9.944860945282235,16.139743709828554,-2.4449045838104055,9.068720905552174,15.805671167141288,-4.405179617626054,6.034620397256002,-141.96717278222977,-96.50174912543726,-0.036868162716708945,-0.052694991549390065,-0.09227204579528418,-0.11667182457226219,-0.06314645542457122,0.14300617084015116,,89.36688879284038
2022-12-09,113.75,118.0,112.58,113.13,809108,93088784.29,3.2378,-0.0795,115.68199999999999,118.33099999999999,124.28599999999999,127.002,121.20716666666667,99.45174999999999,,115.68199999999999,118.33099999999999,124.28599999999999,127.002,121.20716666666667,99.45174999999999,,119.48876712001973,122.67573514243384,4.9746192893400405,12.095175148711164,36.52052887961031,-3.1869680224141064,-1.3723662403363095,-3.6292035641555938,-3.1869680224141064,-0.7416584634033125,-4.890619118021588,138.79439959979547,124.28599999999999,109.7776004002045,8.062841287928348,13.447442902528486,-2.706361941271929,7.478747928108309,13.03003008746363,-3.6238163906023324,5.922871234118547,-119.59781482240106,-95.70119802677942,-0.02206047613284688,-0.043952979354522435,-0.08976071319376272,-0.10922662635234091,-0.06663934888338564,0.13753654410304503,,99.20792490812767
2022-12-12,112.76,121.28,110.28,119.3,1136100,133227728.26,4.5463,5.4539,115.56200000000001,118.07099999999998,123.9265,126.39866666666667,121.69866666666667,99.90441666666668,,115.56200000000001,118.07099999999998,123.9265,126.39866666666667,121.69866666666667,99.90441666666668,,119.45972602463209,122.42568068743874,39.72955569864779,31.47614473262888,42.91578389830509,-2.965954662806652,-1.6910839248303782,-2.549741475952548,-2.965954662806652,-1.0838578786961341,-3.764193568221036,138.56072560121805,123.9265,109.29227439878196,23.67508550864933,16.856657104568768,37.31194231681046,23.285689935435972,16.448583370121078,36.95990306606576,6.8459855551879025,-82.22732069042294,-45.100426049908705,0.032346272996313534,0.010408991200210159,-0.03733261247594346,-0.05616092996761574,-0.019709884523522615,0.19414140015498133,,170.0695511244195
2022-12-13,117.5,121.82,113.88,114.63,694526,81240026.63,2.7793,-3.9145,114.95599999999999,117.566,123.23049999999998,125.49866666666667,121.99616666666667,100.32508333333334,,114.95599999999999,117.566,123.23049999999998,125.49866666666667,121.99616666666667,100.32508333333334,,118.71669125161176,121.84822285873958,35.03691084611013,32.73393273393272,39.040571574381225,-3.131531607127812,-1.979173461289865,-2.3047162916758936,-3.131531607127812,-1.3988846061471616,-3.4652940019613006,138.2576508312534,123.23049999999998,108.20334916874658,24.608709876531073,19.440674695222867,34.94478023914749,24.349112827722166,19.08209318932144,34.88315210452362,7.044897272426465,-76.90256621223728,-73.52404138770544,-0.002835867636312967,-0.02497320653930564,-0.06979197520094445,-0.08660384174068253,-0.06038031249615771,0.14258564450066896,,67.07775012513112
2022-12-14,116.4,120.0,109.83,110.78,949825,107788322.04,3.8009,-3.3586,114.21199999999999,116.761,122.4145,124.82266666666668,122.05916666666667,100.72675000000001,,114.21199999999999,116.761,122.4145,124.82266666666668,122.05916666666667,100.72675000000001,,117.49566182828687,121.02835449883294,32.10197710718003,31.936322287199474,41.525308725742995,-3.5326926705460693,-2.2898773031411057,-2.485630734809927,-3.5326926705460693,-1.7271627699008398,-3.611059801290459,138.30456505236518,122.4145,106.52443494763483,18.482309316594492,19.12121956901341,17.204488811756654,18.10872924691747,18.757638541853453,16.810910657045504,7.6130977683489265,-103.92152484723954,-94.37203791469192,-0.030049381851293983,-0.051224295783694855,-0.09504184553300468,-0.1125009346593034,-0.09240737074233125,0.09980715152628264,,71.0608967953374
2022-12-15,109.5,114.44,109.2,113.63,702008,79320487.97,2.8092,2.5727,114.29399999999998,115.92399999999998,121.60150000000002,123.97733333333332,122.21133333333334,101.14783333333334,,114.29399999999998,115.92399999999998,121.60150000000002,123.97733333333332,122.21133333333334,101.14783333333334,,116.90094462393505,120.48032823966012,47.69962982548915,40.36930913721743,44.44592080786607,-3.579383615725078,-2.5477785656579,-2.0632101001343557,-3.579383615725078,-2.0121198231045687,-3.1345275852410186,137.5449015719415,121.60150000000002,105.65809842805855,21.972955666400672,20.071798268142498,25.775270462917014,21.37139464488032,19.628890576195744,24.85640278224946,7.181625446830939,-105.9821382111373,-72.10327455919399,-0.005809578805536488,-0.019788827162623642,-0.06555429003754082,-0.08346149296107884,-0.0702171648019552,0.12340518086563057,,128.91886064751975
2022-12-16,113.63,114.8,107.36,110.64,1131465,123707571.53,4.5277,-2.6313,113.796,114.739,120.7645,123.14233333333333,122.27366666666667,101.48666666666666,,113.796,114.739,120.7645,123.14233333333333,122.27366666666667,101.48666666666666,,115.93772237409888,119.75141503672234,43.743937924345296,37.79433681073025,39.2542372881356,-3.8136926626234526,-2.800961385051011,-2.025462555144883,-3.8136926626234526,-2.289284875338243,-3.048815574570419,137.18120711901608,120.7645,104.34779288098392,22.20972516994716,20.784440568744053,25.06029437235337,20.62643734785098,19.96140616674749,21.95649971005796,7.2286026383162225,-111.35670100121406,-80.8634772462077,-0.027733839502267266,-0.0357245574739191,-0.0838367235404444,-0.10152750069702533,-0.09514449827027353,0.0901924719174933,,76.5934451211424
2022-12-19,110.0,113.38,109.82,111.5,456254,51056763.13,1.8258,0.7773,112.23600000000002,113.899,119.72650000000002,122.44233333333334,122.371,101.85799999999999,,112.23600000000002,113.899,119.72650000000002,122.44233333333334,122.371,101.85799999999999,,115.25499585500674,119.14019910807625,46.189808321645636,33.19462227912932,38.249483115093035,-3.8852032530695055,-3.0178097586547104,-1.7347869888295904,-3.8852032530695055,-2.5348107796045913,-2.7007849469298284,135.70213839429388,119.72650000000002,103.75086160570615,24.35005191136174,21.97297768294995,29.104200368185325,23.294526696630953,21.07244634337531,27.738687403142237,6.561583976804182,-97.34524858024942,-71.3692946058091,-0.006557610748779521,-0.021062520303075538,-0.06871076996320793,-0.08936723954405751,-0.08883640731872744,0.09466119499695666,,108.05055521331562
2022-12-20,110.38,113.23,109.25,110.66,576259,63819222.9,2.306,-0.7534,111.44200000000001,113.199,118.31949999999999,121.79766666666666,122.48233333333333,102.22208333333333,,111.44200000000001,113.199,118.31949999999999,121.79766666666666,122.48233333333333,102.22208333333333,,114.54807341577494,118.51203621118171,23.100871731008695,31.275720164609055,38.57381150959133,-3.963962795406772,-3.2070403660051228,-1.5138448588032984,-3.963962795406772,-2.7546803204972345,-2.418564949819075,132.01629098029412,118.31949999999999,104.62270901970587,23.840560195402986,22.59550518710096,26.330670212007036,23.136876718915794,21.760589801888806,25.889450552969762,6.092205071930695,-98.42173584409595,-77.17842323651453,-0.007017103067066372,-0.022429526762603923,-0.0647357367128833,-0.09144400686384245,-0.0965227638271642,0.08254494910998521,,92.71670410870541
2022-12-21,109.6,112.8,106.44,108.76,924683,99890611.68,3.7003,-1.717,111.03799999999998,112.625,116.954,121.02933333333333,122.65849999999999,102.56725,,111.03799999999998,112.625,116.954,121.02933333333333,122.65849999999999,102.56725,,113.6576005825788,117.78966315850158,27.915726109857033,31.97411003236246,35.130190007037314,-4.132062575922788,-3.392044807988656,-1.4800355358682644,-4.132062575922788,-2.9665852828703967,-2.3309545861047827,128.4716923858344,116.954,105.43630761416561,20.92188191613777,22.037630763446565,18.690384221520183,20.45275959847964,21.324646400752417,18.708985993934085,6.1408950588523865,-118.10583633531857,-84.91547464239267,-0.020515499198472394,-0.034317425083240795,-0.07006173367306795,-0.1013748733089498,-0.11331053290232626,0.06037745966670651,,84.0979346935445
2022-12-22,108.04,111.28,108.04,109.4,611361,67146257.81,2.4465,0.5885,110.19200000000001,112.24300000000001,115.88050000000001,120.567,122.71350000000001,102.94141666666668,,110.19200000000001,112.24300000000001,115.88050000000001,120.567,122.71350000000001,102.94141666666668,,113.00258510833591,117.1682066282422,43.15476190476192,35.90443686006826,37.004914715235635,-4.165621519906296,-3.546760150372184,-1.2377227390682233,-4.165621519906296,-3.151052396260535,-2.029138247291521,125.83282525064904,115.88050000000001,105.92817474935099,20.363179188131745,21.479480238341626,18.130577087711984,20.050430976359657,20.89990792595483,18.351477077169307,5.613459593606496,-110.13481914993108,-80.7542262678803,-0.007187454624655161,-0.025328973744465164,-0.05592399066279491,-0.09262070052336036,-0.10849254564493722,0.06274037741530973,,106.04281081868254
2022-12-23,107.68,108.85,104.37,106.89,943671,99874401.55,3.7762,-2.2943,109.44200000000001,111.619,114.975,120.06366666666668,122.583,103.31541666666666,,109.44200000000001,111.619,114.975,120.06366666666668,122.583,103.31541666666666,,112.06218739936115,116.40685798911315,15.40041067761807,36.71902268760907,31.01332135907799,-4.344670589751999,-3.7063422382481472,-1.2766567030077036,-4.344670589751999,-3.334685964489991,-2.0199692505240163,124.72715927506746,114.975,105.22284072493252,18.38920637374972,20.449388950144325,14.26884122096051,18.18070756590166,19.993507805937107,14.55510708583077,5.507376031132588,-143.06840195356202,-85.55873925501433,-0.023318287312000936,-0.042367338893915904,-0.0703196347031963,-0.10972234175756758,-0.1280193827855412,0.03459874091072246,,79.28619034051084
2022-12-26,107.56,116.29,107.56,115.64,1025363,116238139.58,4.1031,8.186,110.27000000000001,111.253,114.66199999999999,119.702,122.68533333333333,103.77466666666666,,110.27000000000001,111.253,114.66199999999999,119.702,122.68533333333333,103.77466666666666,,112.61262010715174,116.35005369362328,66.12903225806451,53.3499446290144,33.222254419008976,-3.737433586471539,-3.712560507892826,-0.049746157157426474,-3.737433586471539,-3.3966471371025366,-0.681572898738005,123.86467832867262,114.66199999999999,105.45932167132736,36.294446390347964,25.73107476354554,57.42118964395282,33.64864745081124,24.545221020895152,51.855500310643414,6.215125843653936,-31.998151308928843,-35.41547277936961,0.048698648771197874,0.03943264451295696,0.008529416894873704,-0.03393427010409181,-0.05742604386289042,0.1143374747851114,,219.63930422558252
2022-12-27,115.01,118.49,113.49,117.9,796511,92472362.75,3.1874,1.9543,111.718,111.58,114.57300000000001,119.34700000000001,122.71866666666666,104.21025,,111.718,111.58,114.57300000000001,119.34700000000001,122.71866666666666,104.21025,,113.42606316758993,116.46486453113266,68.93491124260356,56.228780360407434,36.74690007293947,-3.0388013635427313,-3.577808679022807,1.0780146309601513,-3.0388013635427313,-3.3415939411702587,0.6055851552550546,123.60417431310306,114.57300000000001,105.54182568689696,56.1368075085795,35.8663190118902,96.67778450195812,51.28719810860226,33.45921338346419,86.9431675588784,5.994193872080492,34.48667503706757,-13.435700575815707,0.05533575610018083,0.05664097508514077,0.029038255086276853,-0.012124309785750817,-0.03926596334162685,0.1313666361994142,,121.35487324290817
2022-12-28,117.89,119.88,115.0,116.18,758276,88964106.69,3.0344,-1.4589,113.202,112.12,114.4405,118.98299999999999,122.75500000000001,104.63633333333333,,113.202,112.12,114.4405,118.98299999999999,122.75500000000001,104.63633333333333,,113.84974575719149,116.44376345475247,65.52305961754783,45.39007092198583,38.71215613954203,-2.594017697560986,-3.381050482730443,1.574065570338914,-2.594017697560986,-3.226582211384217,1.265129027646462,123.2845202218323,114.4405,105.5964797781677,62.80601265669756,44.84621689349265,98.72560418310738,59.57293972337939,42.16378883010259,94.391241509933,5.791613168065856,44.634551017080554,-23.855577047066348,0.026306955707496412,0.03621120228326795,0.015200038447927148,-0.023557987275493,-0.05356197303572158,0.11032178115313689,,86.33276898861926
2022-12-29,115.0,119.73,114.87,117.7,456054,53665811.33,1.825,1.3083,114.86200000000001,112.527,114.22550000000001,118.57666666666665,122.85016666666665,105.07400000000001,,114.86200000000001,112.527,114.22550000000001,118.57666666666665,122.85016666666665,105.07400000000001,,114.44209256377741,116.5368180136597,75.68965517241378,55.0016291951776,43.988801054018445,-2.09472544988229,-3.123785476160813,2.0581200525570456,-2.09472544988229,-3.052450401922382,1.9154499040801838,122.48552542368775,114.22550000000001,105.96547457631227,70.51885907179796,53.403764286261094,104.74904864287168,68.36347711625251,50.89701825881923,103.29639483111907,5.622228955690246,62.233996502346436,-14.05544809800125,0.024707910361999562,0.0459711891368294,0.030417901431816816,-0.007393247687853015,-0.04192234171436465,0.12016293279022393,,113.88090427874242
2022-12-30,117.66,118.96,115.31,115.97,499380,58303889.14,1.9983,-1.4698,116.67800000000003,113.05999999999999,113.89949999999999,118.19633333333333,123.033,105.48558333333334,,116.67800000000003,113.05999999999999,113.89949999999999,118.19633333333333,123.033,105.48558333333334,,114.67715524627319,116.49483149412934,67.76636019469981,59.082954147707376,45.00421229991574,-1.8176762478561557,-2.8625636304998814,2.0897747652874514,-1.8176762478561557,-2.8624851474506547,2.089617799188998,121.25081774796507,113.89949999999999,106.5481822520349,71.94272530425904,59.58341795892708,96.66133999492295,70.50580400056208,57.43328017273352,96.6508516562192,5.263641872837472,59.60214376990726,-25.209542230818823,-0.006067981967466246,0.025738545904829394,0.018178306313899623,-0.018835891694327766,-0.057407362252403844,0.09939193902484299,,86.2366630811686
2023-01-03,115.6,122.89,114.24,121.91,846037,101251638.67,3.3855,5.122,117.93199999999999,114.101,114.0,117.85133333333333,123.41366666666666,105.89775,,117.93199999999999,114.101,114.0,117.85133333333333,123.41366666666666,105.89775,,115.78990059300038,116.8959550871568,84.26094890510947,63.07643714466204,51.76787696210559,-1.1060544941564245,-2.51126180323119,2.8104146181495313,-1.1060544941564245,-2.59226504694385,2.972421105574851,121.74133131485038,114.0,106.25866868514962,79.53129131155066,66.23270907646827,106.12845578171545,78.57334377575269,64.47996804040658,106.76009524644493,5.879343350503388,130.18461359268537,-5.291576673866113,0.033731302784655644,0.06843936512388145,0.06938596491228068,0.034438869309921544,-0.012183955855780375,0.1512048178549591,,164.79223391660156
2023-01-04,122.84,122.84,118.12,120.28,512384,61418245.34,2.0504,-1.3371,118.40799999999999,115.06299999999999,114.131,117.234,123.70499999999998,106.2785,,118.40799999999999,115.06299999999999,114.131,117.234,123.70499999999998,106.2785,,116.48068511715417,117.14662508070076,65.67567567567568,65.9075907590759,51.135473766640565,-0.6659399635465917,-2.1421974352942703,2.9525149434953573,-0.6659399635465917,-2.29590734180581,3.2599347565184367,122.21423254775095,114.131,106.04776745224905,81.65657001763564,71.37399605685741,102.2217179391921,81.01793832710366,69.99262480263894,103.06856537603312,5.668553650411862,138.2115634876376,-14.092872570194384,0.015809742584960595,0.04534037874903325,0.05387668556308103,0.02598222358701406,-0.027686835616991902,0.1317434852768905,,87.40592668650434
2023-01-05,119.01,120.9,118.21,119.13,398343,47607077.06,1.594,-0.9561,118.998,116.1,114.3625,116.66933333333333,123.907,106.66574999999999,,118.998,116.1,114.3625,116.66933333333333,123.907,106.66574999999999,,116.88827202220736,117.29354174138959,54.49233016800581,62.471395881006856,47.67912016820313,-0.405269719182229,-1.794811892071862,2.779084345779266,-0.405269719182229,-2.005040015248336,3.199540592132214,122.74971552188175,114.3625,105.97528447811824,81.00358807511202,74.58386006294228,93.8430440994515,80.57783361475737,73.52102774001176,94.69144536424858,5.126998441246071,105.61198533410564,-20.302375809935235,0.001109262340543461,0.026098191214470295,0.041687616132910686,0.021090946492651613,-0.03855310837967186,0.1168533479584591,,90.8400204989701
2023-01-06,118.12,123.74,116.16,116.38,726285,86782807.85,2.9063,-2.3084,118.734,116.798,114.5205,116.18633333333332,123.86283333333333,107.04141666666668,,118.734,116.798,114.5205,116.18633333333332,123.86283333333333,107.04141666666668,,116.81007632648314,117.22587198276814,50.67934782608692,58.8,45.233265720081135,-0.4157956562849989,-1.5190086449144895,2.206425977258981,-0.4157956562849989,-1.7605408831001303,2.689490453630263,122.93610324009543,114.5205,106.10489675990456,72.17297301422796,73.78023104670417,68.95845694927553,74.38625493436071,73.80943680479474,75.53989119349265,5.572998724655876,82.1487822682323,-37.99690242643264,-0.01982582916435056,-0.0035788284045960234,0.016237267563449315,0.0016668627119082202,-0.060412257106987964,0.08724271057075245,,79.17209019296348
2023-01-09,116.16,116.75,112.0,113.74,759969,86387311.48,3.0411,-2.2684,118.28799999999998,117.48299999999999,114.551,115.81099999999999,123.76933333333334,107.35858333333334,,118.28799999999998,117.48299999999999,114.551,115.81099999999999,123.76933333333334,107.35858333333334,,116.33775689163959,116.96765924330383,37.49999999999998,57.49097472924186,45.19800436545057,-0.6299023516642421,-1.3411873862644401,1.422570069200396,-0.6299023516642421,-1.5865964936484553,1.9133882839684264,122.94978913578241,114.551,106.1522108642176,53.055690129871444,66.87205074109326,25.422968907427816,62.32260423724582,69.98049261561178,47.00682748051389,5.423362592900261,-8.904719501335206,-61.804697156983956,-0.03844853239550917,-0.031859928670531015,-0.0070798159771630715,-0.017882584555871186,-0.08103245822874816,0.059440209329637374,,79.49662854240454
2023-01-10,112.25,115.44,111.0,111.8,623543,70222955.99,2.4952,-1.7056,116.266,117.099,114.176,115.47433333333333,123.49933333333334,107.66274999999999,,116.266,117.099,114.176,115.47433333333333,123.49933333333334,107.66274999999999,,115.63964044677196,116.58486966972576,37.009345794392516,53.474232773595816,45.41040100250626,-0.9452292229537989,-1.2619957536023119,0.633533061297026,-0.9452292229537989,-1.4879246058492774,1.0853907657909572,122.34868724729346,114.176,106.00331275270655,37.46360503686877,57.06923550635177,-1.7476559020972218,43.641547775118354,61.20084433544731,8.522954654460463,5.244569394191122,-33.21668387998119,-93.72056514913659,-0.038411917499527014,-0.04525230787624152,-0.02080997757847538,-0.031819480808144986,-0.09473195536818019,0.03842786850605255,,84.19490211067878
2023-01-11,111.77,113.7,109.31,110.43,452016,50106024.91,1.8088,-1.2254,114.296,116.352,113.96600000000001,115.166,123.31150000000001,107.97208333333333,,114.296,116.352,113.96600000000001,115.166,123.31150000000001,107.97208333333333,,114.83815730111473,116.12895339789424,0.0,55.2994011976048,46.72038678485094,-1.290796096779502,-1.2677558222377499,-0.04608054908350434,-1.290796096779502,-1.457597142915466,0.33360209227192783,122.3037427211553,113.96600000000001,105.62825727884471,27.562939278448447,47.233803430384,-11.778789025422668,31.68156777061484,51.36108548050316,-7.677467649161784,5.089193140701827,-59.8019556502613,-92.23839223839221,-0.03382445579897809,-0.05089727722772275,-0.031026797465910895,-0.04112324818088663,-0.10446308738438834,0.022764371963431996,,88.40008572372284
2023-01-12,108.69,111.39,104.56,108.8,960427,103160709.96,3.8433,-1.476,112.22999999999999,115.61399999999999,113.867,114.83166666666666,123.10783333333333,108.26741666666666,,112.22999999999999,115.61399999999999,113.867,114.83166666666666,123.10783333333333,108.26741666666666,,113.90921002402015,115.58606796101319,0.0,36.986301369863014,46.458333333333336,-1.6768579369930308,-1.349576245188806,-0.6545633836084495,-1.6768579369930308,-1.491329572773553,-0.37105672843895565,122.4085544006296,113.867,105.32544559937041,25.744079783129685,40.07056221463256,-2.9088850798760575,28.489832111240617,43.73733435741565,-2.005172381109446,5.405703478756039,-105.17397957668442,-77.89363920750783,-0.030562238260714542,-0.05893749891881601,-0.04449928425268082,-0.05252616148275011,-0.1162219571730475,0.004919146957879771,,86.1823301170818
2023-01-13,108.0,108.18,100.7,101.6,1069989,110438043.56,4.2817,-6.6176,109.274,114.00399999999999,113.2655,114.15166666666666,122.7635,108.48241666666667,,109.274,114.00399999999999,113.2655,114.15166666666666,122.7635,108.48241666666667,,112.01548540494014,114.55006292686406,0.0,23.89493914157589,41.70622931952237,-2.5345775219239215,-1.5865765005358292,-1.8960020427761846,-2.5345775219239215,-1.651829257258225,-1.7654965293313931,123.41945484268741,113.2655,103.11154515731259,18.464803188753113,32.86864253933941,-10.342875512419482,20.295304740827067,35.92332448521946,-10.960734747957716,5.895575573527667,-167.124472680496,-96.09375000000003,-0.07022713545765696,-0.10880319988772322,-0.1029925264091891,-0.10995605262005224,-0.17239244563734335,-0.06344269309388853,,50.425257640802236
2023-01-16,100.09,107.0,100.09,105.22,1257146,130448232.34,5.0307,3.563,107.57000000000001,112.92900000000002,112.99449999999999,113.57600000000001,122.32383333333334,108.74025,,107.57000000000001,112.92900000000002,112.99449999999999,113.57600000000001,122.32383333333334,108.74025,,110.97002611187241,113.85894715450375,19.67391304347828,33.45410628019323,39.48626045400239,-2.8889210426313383,-1.847045408954931,-2.0837512673528145,-2.8889210426313383,-1.84215107039255,-2.0935399444775764,123.71689461667755,112.99449999999999,102.27210538332243,19.540312767132093,28.42586594860364,1.7692064041889992,20.760647135181397,30.86909870187344,0.5437440017973074,6.080016378340818,-139.88896256712286,-78.30866807610994,-0.02184623965789726,-0.06826413055990947,-0.06880423383439008,-0.07357188138339094,-0.1398242097819586,-0.03237301735098093,,141.9207491990226
2023-01-17,107.0,109.46,104.5,104.9,822370,87666800.65,3.2908,-0.3041,106.19000000000001,111.228,112.6645,113.07600000000001,121.79383333333332,108.97558333333333,,106.19000000000001,111.228,112.6645,113.07600000000001,121.79383333333332,108.97558333333333,,110.03617594081513,113.19532143935533,22.5124378109453,29.94987468671681,42.22967577064367,-3.159145498540198,-2.1094654268719846,-2.099360143336427,-3.159145498540198,-2.0447655977998807,-2.228759801480635,123.97090894174012,112.6645,101.35809105825989,19.806297306347407,25.552676401184897,8.31353911667243,20.61985355171361,27.452683651820166,6.9541933515005,5.876377036824304,-95.78634142757394,-79.66173361522198,-0.012148036538280498,-0.056892149458769276,-0.06891700580040738,-0.07230535215253459,-0.13870844582990643,-0.03739905039890429,,97.00003865262713
2023-01-18,107.6,107.6,103.41,103.64,624193,65659356.96,2.4978,-1.2011,104.832,109.56400000000001,112.3135,112.60866666666666,121.29516666666667,109.19274999999999,,104.832,109.56400000000001,112.3135,112.60866666666666,121.29516666666667,109.19274999999999,,109.05214887299742,112.48751985125493,23.506493506493527,30.39745627980922,44.05198267244252,-3.4353709782575095,-2.37464653714909,-2.121448882216839,-3.4353709782575095,-2.258704887101054,-2.3533321823129105,124.29748277526552,112.3135,100.32951722473449,18.207721812406373,23.10435820492539,8.414449027368335,18.75009264265051,24.55181998209695,7.146637963757627,5.569763030128976,-104.22612977045253,-84.98942917547569,-0.011370573870573806,-0.054068854733306616,-0.07722580099453764,-0.07964455074505808,-0.14555540135564626,-0.050852735186172976,,88.61743210728011
2023-01-19,104.05,112.4,103.87,111.45,1450584,159491850.6,5.8047,7.5357,105.36200000000001,108.796,112.44800000000001,112.507,120.82766666666666,109.45358333333334,,105.36200000000001,108.796,112.44800000000001,112.507,120.82766666666666,109.45358333333334,,109.42104904638244,112.41066652893976,52.335164835164825,34.30372148859546,48.322560787934755,-2.989617482557321,-2.497640726230736,-0.9839535126531702,-2.989617482557321,-2.3711529787097105,-1.2369290076952213,124.3239528814353,112.44800000000001,100.57204711856471,34.867572844925576,27.02542975159212,50.551859031592485,28.511337307926283,25.87165909070673,33.79069374236539,6.149806115560072,-44.47544095961552,-51.96617336152218,0.0577817429433761,0.024394279201441195,-0.00887521343198638,-0.00939497097958351,-0.07761191559328291,0.018239847484816572,,206.78864383470471
2023-01-20,112.0,115.0,109.62,110.53,677902,75861292.78,2.7127,-0.8255,107.148,108.21100000000001,112.50449999999998,112.41733333333333,120.29583333333332,109.71641666666666,,107.148,108.21100000000001,112.50449999999998,112.41733333333333,120.29583333333332,109.71641666666666,,109.59165688540051,112.27135789716644,54.09370563180313,35.050597976080965,49.91257351772373,-2.6797010117659283,-2.5340527833377746,-0.29129645685630745,-2.6797010117659283,-2.4186219068722057,-0.5221582097874453,124.33004144748904,112.50449999999998,100.67895855251092,45.91605833527069,33.322305946151644,71.10356311350878,39.895913547421046,30.54641057627817,58.5949194897068,6.0098413672764215,-12.371846749791896,-37.334933973589436,0.031563818270056415,0.021430353660903127,-0.017550409094747126,-0.01678863283242202,-0.08118180873540912,0.00741532906424676,,92.04516319587694
2023-01-30,111.68,112.76,107.5,109.2,994372,108793449.68,1.6068,-1.2033,107.944,107.75700000000002,112.62,112.28633333333332,119.64416666666668,109.97233333333334,,107.944,107.75700000000002,112.62,112.28633333333332,119.64416666666668,109.97233333333334,,109.53140197995427,112.04384990478374,74.90170380078638,34.858188472095165,48.18554749132218,-2.5124479248294733,-2.5297318116361143,0.034567773613281894,-2.5124479248294733,-2.4330566788656314,-0.1587824919276839,124.25829070466457,112.62,100.98170929533543,50.977349867153414,39.207320586485565,74.51740842848912,46.3801204322655,35.82431386160728,67.49173357358194,5.873506573226163,-42.66472868217093,-40.651465798045585,0.011635662936337362,0.013391241404270567,-0.03036760788492276,-0.027486277641386885,-0.08729357191115328,-0.007022978506715347,,88.59815609871009
2023-01-31,108.32,108.32,103.33,104.0,1211020,126751800.14,1.9568,-4.7619,107.76399999999998,106.977,112.03800000000001,111.77633333333333,119.0875,110.20916666666668,,107.76399999999998,106.977,112.03800000000001,111.77633333333333,119.0875,110.20916666666668,,108.6804170599613,111.44800917109606,46.37767220902613,32.43473325766176,45.08414526129318,-2.7675921111347606,-2.5773038715358436,-0.3805764791978339,-2.7675921111347606,-2.4845236684454974,-0.5661368853785262,124.1931039312263,112.03800000000001,99.88289606877372,42.7262368217866,40.380292664919246,47.41812513552132,39.66141719852799,37.103348307247515,44.77755498108894,5.872869014457771,-96.32876958701506,-73.77598926894703,-0.034928176385434676,-0.027828411714667673,-0.07174351559292393,-0.06957048152709722,-0.12669255799307236,-0.05633983864016159,,61.391325354075896
2023-02-01,104.31,110.0,104.28,109.35,1160603,126242866.9,1.8754,5.1442,108.90599999999999,106.869,111.6105,111.60033333333334,118.5495,110.48366666666668,,108.90599999999999,106.869,111.6105,111.60033333333334,118.5495,110.48366666666668,,108.78342981996725,111.2926010843482,60.17375400091447,44.21607378129117,50.41438404270262,-2.509171264380953,-2.5636773501048657,0.1090121714478256,-2.509171264380953,-2.4883156062817213,-0.041711316198463244,123.4959470500235,111.6105,99.7250529499765,49.186147597265276,43.31557764236793,60.92728750705996,47.14293451509287,40.44987704319597,60.529049458886675,5.895983739101812,-54.91484837476888,-37.89403085177738,0.00407691036306542,0.023215338404963034,-0.020253470775599136,-0.020164216952757108,-0.07760049599534373,-0.010260943548216939,,165.14083673559384
2023-02-02,109.8,114.3,107.2,108.52,1844519,202431462.07,2.9805,-0.759,108.32000000000001,106.84099999999998,111.2275,111.525,118.17383333333333,110.76708333333335,,108.32000000000001,106.84099999999998,111.2275,111.525,118.17383333333333,110.76708333333335,,108.7429021553569,111.08722322624834,61.380597014925364,45.54831704668838,49.38358083496777,-2.3443210708914393,-2.5198060942621807,0.3509700467414829,-2.3443210708914393,-2.4661626008370625,0.2436830598912465,122.98594936966232,111.2275,99.46905063033769,51.63717686900179,46.089444051245884,62.732642504513606,50.275034814220184,43.72492963353737,63.3752451755858,6.114895786537845,-22.19863267404877,-43.46076458752518,0.001846381093057502,0.01571494089347738,-0.02434200175316365,-0.026944631248599055,-0.08169180148453624,-0.020286562268423756,,92.6637725136423
2023-02-03,108.23,110.48,107.52,108.5,1017528,110719812.46,1.6442,-0.0184,107.91399999999999,107.53099999999999,110.7675,111.35400000000001,117.66566666666668,111.00616666666666,,107.91399999999999,107.53099999999999,110.7675,111.35400000000001,117.66566666666668,111.00616666666666,,108.7055325929943,110.89557706134106,39.194139194139176,47.28092420400112,51.16852953984613,-2.1900444683467555,-2.453853769079096,0.5276186014646811,-2.1900444683467555,-2.4236828881462458,0.4672768395989806,122.17437119793505,110.7675,99.36062880206495,49.19199394808632,47.1236273501927,53.328727143873564,52.31838895953601,46.58941607553692,63.77633472753419,5.541278370803693,-34.53244949825764,-43.594902749832336,0.005430250013900076,0.009011354865108744,-0.020470805967454337,-0.025629972879286,-0.07789584614033558,-0.022576823810088555,,99.8158549452188
2023-02-06,107.19,108.9,104.6,105.9,994201,105308268.01,1.6065,-2.3963,107.25399999999999,107.599,110.26400000000001,111.19599999999998,117.16916666666665,111.21216666666668,,107.25399999999999,107.599,110.26400000000001,111.19599999999998,117.16916666666665,111.21216666666668,,108.2739121940721,110.52553431605654,34.89889106327463,46.02303894679101,42.23780682180428,-2.2516221219844397,-2.413407439660165,0.3235706353514507,-2.2516221219844397,-2.3972120010444296,0.29117975811997976,121.59268441286453,110.26400000000001,98.93531558713549,40.13542241497674,44.794225705120716,30.817815834688773,42.219685755943196,45.132839302339015,36.39337866315155,5.315591394293932,-64.4332558739994,-77.97772065124245,-0.01262423779066501,-0.01579010957350903,-0.03957774069505916,-0.04762761250404672,-0.09617860216353834,-0.047766056771366465,,78.4625140144165
2023-02-07,105.91,108.0,103.33,106.41,1186798,125619285.34,1.9177,0.4816,107.73599999999999,107.75,109.489,111.02633333333333,116.73433333333332,111.3725,,107.73599999999999,107.75,109.489,111.02633333333333,116.73433333333332,111.3725,,107.98715647190716,110.22067992227457,40.38594073053063,58.07860262008734,40.58042302016723,-2.2335234503674144,-2.377430641801615,0.287814382868401,-2.2335234503674144,-2.3720291470941195,0.2770113934534102,119.50816248206746,109.489,99.46983751793255,35.55443470909903,41.71429537311349,23.234713381070108,36.94394360307666,42.4032074025849,26.02541600406019,5.198211140785944,-69.02515723270427,-73.60754070265641,-0.012307863666740863,-0.012436194895591678,-0.028121546456721748,-0.04157872456684447,-0.08844298878079282,-0.04455767806235835,,104.92158214805491
2023-02-08,105.03,107.77,103.91,105.38,689356,72573084.32,1.1139,-0.968,106.94199999999998,107.924,108.744,110.85033333333332,116.324,111.4965,,106.94199999999998,107.924,108.744,110.85033333333332,116.324,111.4965,,107.58605547622913,109.86211103914312,56.67311411992263,50.29433406916849,41.044776119402975,-2.2760555629139816,-2.3571556260240882,0.1622001262202133,-2.2760555629139816,-2.3572639802971755,0.1624168347663879,117.52387986969512,108.744,99.96412013030488,29.55842633848532,37.66233902823743,13.35060095898109,30.484765601137074,38.430393468768955,14.593509865873315,4.954900024279409,-68.50309672200673,-82.4335904027421,-0.014606048138243007,-0.023572143360142423,-0.030935040094166154,-0.04934882168449347,-0.09408204669715624,-0.0548582242491917,,90.73137875095475
2023-02-09,105.0,108.36,104.06,106.78,1272559,135584658.71,2.0563,1.3285,106.59400000000001,107.457,108.1265,110.78433333333334,115.90683333333335,111.63633333333334,,106.59400000000001,107.457,108.1265,110.78433333333334,115.90683333333335,111.63633333333334,,107.46204694142466,109.63380651772512,29.890453834115817,53.32625619249822,40.9272183449651,-2.1717595763004596,-2.3200764160793628,0.2966336795578064,-2.1717595763004596,-2.3287248412207577,0.31393052984059633,115.44658131964918,108.1265,100.8064186803508,30.188753383967438,35.17114381348077,20.223972524940777,30.177504402471854,35.679430446669926,19.17365231407571,4.835827292592243,-48.633765470139465,-70.43701799485859,0.0017449387395162281,-0.006300194496403143,-0.012453006432280634,-0.036145303337114465,-0.07874284087363284,-0.04350136902860185,,114.10829674414926
2023-02-10,107.18,112.47,106.15,107.92,1542130,167974470.14,2.4919,1.0676,106.478,107.196,107.7035,110.735,115.651,111.77525,,106.478,107.196,107.7035,110.735,115.651,111.77525,,107.53250125812856,109.50685788678253,45.52238805970153,57.60483297796731,43.245510991777145,-1.9743566286539647,-2.250932458594283,0.553151659880637,-1.9743566286539647,-2.27420665467202,0.5997000520361109,113.90818167892624,107.7035,101.49881832107377,34.07296412167262,34.80508391621139,32.60872453259509,34.065464800675564,35.14144189800514,31.913510606016416,5.105676875757288,21.794077845822837,-58.15861440291701,0.013542703657093553,0.006753983357588005,0.002010148231023099,-0.02542105025511354,-0.06684767101019443,-0.034491088143394875,,111.20394683005979
2023-02-13,107.64,111.76,106.81,109.75,1000464,109287000.72,1.6166,1.6957,107.248,107.251,107.50399999999999,110.83033333333333,115.44699999999999,111.93308333333333,86.842,107.248,107.251,107.50399999999999,110.83033333333333,115.44699999999999,111.93308333333333,86.842,107.87365491072417,109.52486841368753,57.3443008225617,46.16425992779782,39.04109589041096,-1.6512135029633583,-2.1309886674680985,0.9595503290094802,-1.6512135029633583,-2.178361554409149,1.0542961028915814,113.1201174076761,107.50399999999999,101.88788259232388,42.223057819188625,37.27774188387047,52.11368968982494,42.218058271857245,37.50031402262251,51.65354677032671,5.077371989255963,49.315124048219936,-41.47675478577938,0.02332910637028192,0.023300482046787398,0.020892245869921208,-0.009747632266738004,-0.04934731954923029,-0.019503468217990323,0.2637894106538311,118.31121721270645
2023-02-14,110.38,112.33,107.36,108.5,894159,97715394.26,1.4448,-1.139,107.66599999999998,107.701,107.33900000000001,110.59233333333333,115.14716666666666,112.11766666666668,87.0512,107.66599999999998,107.701,107.33900000000001,110.59233333333333,115.14716666666666,112.11766666666668,87.0512,107.97001569368969,109.44895223489586,68.15642458100555,45.48688305913739,39.3103448275862,-1.478936541206167,-2.0005782422157123,1.0432834020190906,-1.478936541206167,-2.0707577062240747,1.1836423300358154,112.60678851031761,107.33900000000001,102.07121148968241,43.85821599978726,39.47123325584273,52.63218148767632,43.85488296823301,39.618503671159345,52.327641562380336,5.057849809391242,57.01313866229017,-52.87146763901548,0.007746177994910348,0.007418686920270068,0.010816199144765528,-0.018919334372183686,-0.05772757471236082,-0.03226669600092771,0.246392927380668,89.17684282001203
2023-02-15,106.25,109.12,104.4,107.99,1004553,106994980.14,1.6232,-0.47,108.18799999999999,107.56499999999998,107.21700000000001,110.26199999999999,114.8045,112.28425,87.26392000000001,108.18799999999999,107.56499999999998,107.21700000000001,110.26199999999999,114.8045,112.28425,87.26392000000001,107.97309020235281,109.34088169897765,61.033519553072594,47.20812182741115,39.77230995225854,-1.3677914966248466,-1.8740208930975393,1.0124587929453854,-1.3677914966248466,-1.9626090585934244,1.1896351239371556,112.29289598001776,107.21700000000001,102.14110401998227,46.23370490430747,41.72539047199765,55.25033376892712,43.39641848444339,40.877808608920695,48.43363823548877,4.996422571320107,-9.957091635807688,-57.52051048313586,-0.0018301475209819326,0.0039510993352857475,0.007209677569788204,-0.020605466978650774,-0.05935742936905791,-0.03824445547794998,0.23751030208131813,95.39772761579631
2023-02-16,107.68,111.0,105.79,106.17,872819,94526183.12,1.4104,-1.6853,108.066,107.33,107.0855,109.92833333333333,114.45566666666667,112.455,87.47164,108.066,107.33,107.0855,109.92833333333333,114.45566666666667,112.455,87.47164,107.69569170968315,109.10600157312746,54.96855345911953,55.932203389830526,40.463291612180086,-1.4103098634443114,-1.7812786871668937,0.7419376474451647,-1.4103098634443114,-1.8776399516474072,0.9346601764061915,112.12485866846504,107.0855,102.04614133153495,41.179873291420165,41.543551411805154,40.45251705065019,39.288349011510775,40.34798874311739,37.16906954829754,5.035254831080086,8.27137268953997,-68.92778993435445,-0.017544833712731116,-0.010807789061772074,-0.008549243361612864,-0.03418894127992473,-0.07239193050001896,-0.05588902227557687,0.21376482709138653,84.36897285370137
2023-02-17,106.02,107.34,102.3,102.61,1414023,146338191.22,2.2849,-3.3531,107.00399999999999,106.74100000000001,107.13600000000001,109.42533333333334,114.001,112.61125,87.66388,107.00399999999999,106.74100000000001,107.13600000000001,109.42533333333334,114.001,112.61125,87.66388,106.91327760050113,108.62481627141432,29.376854599406528,29.575757575757578,39.77961432506887,-1.7115386709131855,-1.7673306839161522,0.11158402600593353,-1.7115386709131855,-1.852085908457527,0.281094475088683,111.95952306274184,107.13600000000001,102.31247693725818,28.469309169042493,37.185470664217604,11.036986178692274,27.208292982436234,35.968090156223674,9.688698634861353,5.036117589065526,-122.65307360883563,-96.95181907571286,-0.041063885462225634,-0.03870115513251716,-0.04224537037037046,-0.06228295702396771,-0.09992017613880584,-0.08881217462731299,0.17049348032507794,71.1014901056143
2023-02-20,102.26,102.71,98.88,102.31,1435373,144289316.65,2.3194,-0.2924,105.516,106.38199999999999,106.9905,108.97,113.58316666666668,112.72775,87.86040000000001,105.516,106.38199999999999,106.9905,108.97,113.58316666666668,112.72775,87.86040000000001,106.20508104657787,108.1570521031614,19.741100323624593,30.557294927989986,41.01495928801363,-1.951971056583531,-1.8042587584496281,-0.29542459626780593,-1.951971056583531,-1.867452854323066,-0.16903640452093027,112.21616732076664,106.9905,101.76483267923335,27.392588256428148,33.92117652828779,14.335411712708861,26.551910798690642,32.829363703712666,13.997004988646594,4.816823481962703,-203.32572362673014,-74.76085356880054,-0.03038401758974945,-0.038277152149799674,-0.04374687472252205,-0.06111773882720012,-0.09925032905404128,-0.09241513291980012,0.16446089478308756,97.11447585926113
2023-02-21,102.0,103.94,99.86,101.81,873336,88917436.02,1.4112,-0.4887,104.178,105.922,106.83599999999998,108.3,113.07566666666666,112.88449999999999,88.061,104.178,105.922,106.83599999999998,108.3,113.07566666666666,112.88449999999999,88.061,105.52891473171974,107.68690009551982,0.0,29.665653495440722,41.70196380438968,-2.15798536380008,-1.8750040795197187,-0.5659625685607224,-2.15798536380008,-1.9121501634733757,-0.4916704006534083,112.48728918687088,106.83599999999998,101.18471081312909,25.448382359816478,31.096911805464018,14.151323468521397,24.887930721324807,30.18221937625005,14.299353411474321,4.682855576151302,-158.21931299907587,-78.44002943340688,-0.022730326940428834,-0.038821019240573205,-0.04704406754277568,-0.05992613111726681,-0.09962945166510916,-0.09810469993666081,0.1561304096024346,95.21898062815359
2023-02-22,102.01,114.74,101.45,114.2,3455523,381105313.78,5.5836,12.1697,105.42,106.804,107.364,108.09733333333334,112.66566666666667,113.14183333333334,88.31339999999999,105.42,106.804,107.364,108.09733333333334,112.66566666666667,113.14183333333334,88.31339999999999,106.8629278499167,108.16935194029612,64.93710691823901,65.8155487804878,54.30622009569379,-1.3064240903794229,-1.7612880816916596,0.9097279826244735,-1.3064240903794229,-1.8189615368435368,1.0250748929282278,113.69087633911765,107.364,101.03712366088236,49.163990930083635,37.119271513670554,73.2534297629098,48.79035650442252,36.38493175230754,73.6012060086525,6.247790925941972,83.86187455954911,-3.404791929382043,0.08328590400303548,0.06924834275869818,0.06367124920830072,0.056455293377573275,0.01361846406920774,0.009352567794700147,0.29312199507662506,315.3237368241042
2023-02-23,112.99,114.2,106.77,107.0,2475086,272372996.13,3.9994,-6.3047,105.58600000000001,106.826,107.1415,107.693,112.18116666666667,113.36666666666666,88.53932,105.58600000000001,106.826,107.1415,107.693,112.18116666666667,113.36666666666666,88.53932,106.88401587300645,108.08273327805196,48.0791618160652,50.89583965988461,54.30622009569379,-1.1987174050455138,-1.6487739463624307,0.9001130826338337,-1.1987174050455138,-1.723539362720764,1.0496439153505004,113.16926828737435,107.1415,101.11373171262564,49.84198806856355,41.36017703196822,66.80561014175422,49.592898451456136,40.7875873186904,67.20352071698761,6.46273803031616,59.272101408309254,-48.80201765447664,0.013391926960013517,0.0016288169546740175,-0.001320683395322947,-0.006434958632408771,-0.046185708533963685,-0.05615995295501318,0.20850261781996965,52.14068563939194
2023-02-24,107.88,110.75,103.62,104.23,1980984,210889814.57,3.201,-2.5888,105.91000000000001,106.457,106.82650000000001,107.28800000000001,111.73716666666668,113.5825,88.74712,105.91000000000001,106.457,106.82650000000001,107.28800000000001,111.73716666666668,113.5825,88.74712,106.47570573869776,107.79734562782589,46.369760479041915,48.3415056244592,49.199676637025064,-1.3216398891281358,-1.5833471349155717,0.5234144915748717,-1.3216398891281358,-1.6617086744757443,0.6801375706952171,112.7664956583328,106.82650000000001,100.88650434166722,44.47221230632276,42.39752212341973,48.6215926721288,44.30615256158448,41.96044239965509,48.99757288544325,6.584058388440493,-28.535210507861816,-66.26733921815884,-0.01586252478519504,-0.020919244389753514,-0.02430576682751944,-0.028502721646409726,-0.06718594081646968,-0.08234102964805311,0.17446064728635713,76.92891386457681
2023-02-27,104.23,111.85,103.51,106.12,2047759,221754082.46,3.3089,1.8133,106.672,106.09400000000001,106.67250000000001,107.034,111.4225,113.79433333333333,88.96251999999998,106.672,106.09400000000001,106.67250000000001,107.034,111.4225,113.79433333333333,88.96251999999998,106.4209817788981,107.67309780354249,57.005988023952106,49.06143344709898,50.961841690318515,-1.252116024644394,-1.5171009128613362,0.5299697764338842,-1.252116024644394,-1.5986944206555367,0.6931567920222852,112.5122580158916,106.67250000000001,100.83274198410842,44.86461904910801,43.219887765315825,48.15408161669238,44.75391255261582,42.89159911730867,48.47853942323013,6.9033204996331285,7.26181476645395,-54.35056746532151,-0.005174741262936783,0.00024506569645782277,-0.00517940425133009,-0.008539342638787688,-0.047589131459085866,-0.06744038221001036,0.1928618928510571,119.68646372571956
2023-02-28,106.01,106.06,95.4,98.99,3448114,342489924.45,5.5717,-6.7188,106.10799999999999,105.143,106.422,106.607,111.04066666666667,113.92833333333333,89.1432,106.10799999999999,105.143,106.422,106.607,111.04066666666667,113.92833333333333,89.1432,105.27775381291377,107.02990537365045,44.792973651191964,39.149453219927096,46.644537451291676,-1.752151560736678,-1.5641110424364046,-0.3760810366005467,-1.752151560736678,-1.6223032114372509,-0.25969669859885425,113.1123185354079,106.422,99.7316814645921,36.09726757703373,40.84568103588846,26.600440659324278,36.02346324603894,40.602220493552096,26.86594875101264,7.59726222697256,-196.66286080564103,-81.43743536711483,-0.06708259509179322,-0.058520300923504236,-0.06983518445434217,-0.07144934197566769,-0.10852480472619645,-0.13112044121304328,0.11046047258792598,49.88165214264632
2023-03-01,97.9,98.21,95.02,97.31,1831145,177151849.35,2.9589,-1.6971,102.72999999999999,104.075,105.82000000000001,106.16966666666666,110.66783333333335,114.03733333333334,89.31036,102.72999999999999,104.075,105.82000000000001,106.16966666666666,110.66783333333335,114.03733333333334,89.31036,104.05194553400396,106.30991238300967,43.19419237749546,34.829268292682926,38.80620645978467,-2.2579668490057117,-1.702882203750266,-1.1101692905108913,-2.2579668490057117,-1.720097617217014,-1.0757384635773954,113.49523700988141,105.82000000000001,98.14476299011861,27.93570373965874,36.54235527047856,10.722400678019099,27.886500852328883,36.363647279811026,10.9322079973646,6.937760003886639,-228.2339415289384,-88.38742393509125,-0.052759661247931355,-0.06500120105693011,-0.08041958041958046,-0.08344819141688294,-0.12070204079173874,-0.14668295762791134,0.08957124347052234,84.26776647226497
2023-03-02,97.0,99.68,96.33,96.91,1487030,145741887.92,2.4028,-0.4111,100.71199999999999,103.149,105.23949999999999,105.77333333333334,110.30250000000001,114.12141666666666,89.47372,100.71199999999999,103.149,105.23949999999999,105.77333333333334,110.30250000000001,114.12141666666666,89.47372,102.95318468261874,105.6136225768608,8.970099667774079,35.566625155666244,39.12835249042145,-2.6604378942420652,-1.8943933418486258,-1.5320891047868788,-2.6604378942420652,-1.864765352143945,-1.5913450841962407,113.76410827931389,105.23949999999999,96.7148917206861,21.81852865943443,31.634413066797187,2.1867598447089165,21.785726734547858,31.504340431389974,2.3484993408636186,6.285440003179978,-168.15404791606701,-90.4158215010142,-0.037751211375009856,-0.06048531735644557,-0.07914803852165771,-0.0837955376276315,-0.12141610570929953,-0.1508167105648443,0.08311133146134973,95.96463374604049
2023-03-03,98.82,101.44,95.88,100.44,2019359,199668371.29,3.263,3.6426,99.954,102.93199999999999,104.8365,105.73466666666668,109.94316666666667,114.22508333333333,89.6528,99.954,102.93199999999999,104.8365,105.73466666666668,109.94316666666667,114.22508333333333,89.6528,102.56654088529278,105.23039127487111,31.149425287356323,41.255501505675234,43.244910549043794,-2.6638503895783288,-2.0482847513945663,-1.2311312763675248,-2.6638503895783288,-1.9877015117492347,-1.352297755658188,113.47342994919639,104.8365,96.19957005080362,23.707281445708155,28.992035859767512,13.137772617589434,23.68541349578377,28.898031452854575,13.260177581642168,6.153541820783619,-112.98614124649133,-72.51521298174441,0.004862236628849313,-0.024210158162670407,-0.04193673005107957,-0.05007503057969021,-0.08643708340218209,-0.12068350427992684,0.12032195313475987,143.01484004548482
2023-03-06,99.14,104.4,99.14,103.45,1774037,182517423.75,2.8666,2.9968,99.42,103.046,104.71400000000001,105.67566666666667,109.62583333333332,114.34549999999999,89.81652,99.42,103.046,104.71400000000001,105.67566666666667,109.62583333333332,114.34549999999999,89.81652,102.70245767217082,105.09851043969547,47.7891156462585,46.934174932371505,49.561053471668004,-2.396052767524651,-2.1178383546205835,-0.5564288258081351,-2.396052767524651,-2.0505247818685293,-0.6910559713122435,113.35691471303514,104.71400000000001,96.07108528696489,30.0543471977473,29.346139639094112,31.470762315053676,30.039768564464378,29.278610490057844,31.562084713277443,5.991079671550234,-47.47222537484719,-57.2515212981744,0.04053510360088514,0.003920579158822238,-0.012070974272781193,-0.021061297618183962,-0.05633556567414903,-0.09528577862705559,0.15179256555475548,134.35007388557023
2023-03-07,103.0,103.8,98.8,99.3,2006863,201488794.44,3.2428,-4.0116,99.482,102.795,104.3585,105.489,109.2825,114.42033333333333,89.965,99.482,102.795,104.3585,105.489,109.2825,114.42033333333333,89.965,102.17900264568301,104.66899114786618,32.8643216080402,46.318131256952164,41.8226200162734,-2.4899885021831665,-2.1922683841331003,-0.5954402361001323,-2.4899885021831665,-2.118134584993858,-0.7437078343786165,113.2878396349196,104.3585,95.4291603650804,27.474535253833622,28.722271510673952,24.979062740152962,27.261130361434674,28.60611711385012,24.57115685660377,5.81088336763201,-70.89061315255535,-78.29614604462473,-0.0018294766892503385,-0.033999708157011574,-0.048472333350901065,-0.05866962432101932,-0.0913458238967813,-0.13214725820876827,0.10376257433446333,66.40297466056543
2023-03-08,98.96,106.29,98.79,102.19,2278010,236111436.94,3.6809,2.9104,100.458,101.594,104.199,105.44066666666666,109.02466666666668,114.54116666666667,90.11492,100.458,101.594,104.199,105.44066666666666,109.02466666666668,114.54116666666667,90.11492,102.18069454634715,104.48536217395016,60.21711366538953,49.873790492217076,45.01653282947568,-2.30466762760301,-2.214748232827082,-0.17983878955185517,-2.30466762760301,-2.146831976164497,-0.3156713028770257,113.16539785679133,104.199,95.23260214320867,32.517188683779764,29.987243901709224,37.577078247920845,30.634983675089224,29.28240596759649,33.3401390900747,6.117995482608007,-35.27360316826989,-62.61730969760168,0.017241036054868694,0.005866488178435771,-0.019280415359072548,-0.030829344781583265,-0.06268917737270474,-0.10783168205899775,0.133996456968502,133.22677237526034
2023-03-09,102.0,102.6,99.3,99.77,1783501,178810444.68,2.8819,-2.3681,101.03,100.871,103.84849999999999,105.05133333333333,108.77916666666667,114.616,90.25919999999999,101.03,100.871,103.84849999999999,105.05133333333333,108.77916666666667,114.616,90.25919999999999,101.80981846229375,104.1360760869909,57.49999999999998,47.93772745653053,43.377332726445154,-2.326257624697149,-2.237050111201096,-0.17841502699210654,-2.326257624697149,-2.1744359220925973,-0.3036434052091037,112.93729999026898,103.84849999999999,94.75970000973099,31.0859293146371,30.353472372685186,32.550843198540925,29.83112597551007,29.465312636901018,30.562752652728165,5.6056326675883685,-62.1329544100683,-71.77658942364825,-0.012471543106008167,-0.010914930951413182,-0.039273557152967944,-0.050273834379382806,-0.0828206994292719,-0.12952816360717528,0.10537208395376875,78.6893088258149
2023-03-10,99.17,102.55,99.03,100.75,1882639,190272095.06,3.0421,0.9823,101.09200000000001,100.523,103.49000000000001,104.72533333333332,108.57133333333333,114.71133333333333,90.39468,101.09200000000001,100.523,103.49000000000001,104.72533333333332,108.57133333333333,114.71133333333333,90.39468,101.6467694680947,103.88525563610268,61.30742049469965,32.32588699080159,45.99471146368019,-2.238486168007981,-2.237337322562473,-0.0022976908910159466,-2.238486168007981,-2.1842898060795797,-0.10839272385680232,112.46755094959573,103.49000000000001,94.51244905040429,37.671601501091985,32.79284874882079,47.42910700563438,31.236199254023955,30.055608175941998,33.597381410187865,5.226426728026846,-52.825826891433216,-65.95365418894828,-0.0033830570173704437,0.0022581896680362095,-0.026475988018166093,-0.03795961499287016,-0.07203865968303476,-0.12170840428437756,0.11455674161355521,110.26833727670822
2023-03-13,100.0,101.24,97.01,98.39,1742970,171691086.15,2.8164,-2.3424,100.08,99.75,102.922,104.36500000000001,108.32566666666666,114.76641666666667,90.52743999999998,100.08,99.75,102.922,104.36500000000001,108.32566666666666,114.76641666666667,90.52743999999998,101.14572801146475,103.47819966305805,43.51676154332702,37.03703703703705,43.937103114605385,-2.332471651593295,-2.256364188368637,-0.15221492644931534,-2.332471651593295,-2.2070870130816895,-0.2507692770232106,111.66635661621446,102.922,94.17764338378554,35.08186624769635,33.55585458177931,38.13388957953042,30.79159808298433,30.30093814495611,31.77291795904076,5.045258232021963,-80.67616568992742,-70.09760425909492,-0.016886490807354094,-0.013634085213032577,-0.044033345640387835,-0.05725099410721993,-0.09172033713155081,-0.1426934563464777,0.08685278187475552,78.89673981245497
2023-03-14,98.05,101.27,96.05,99.15,1546458,152738555.1,2.4989,0.7724,100.05,99.76599999999999,102.45450000000001,104.20333333333335,107.98983333333332,114.84425,90.67139999999999,100.05,99.76599999999999,102.45450000000001,104.20333333333335,107.98983333333332,114.84425,90.67139999999999,100.83869293277787,103.15759228060931,34.144542772861385,41.85897435897437,45.27098831030819,-2.318899347831433,-2.2688712202611963,-0.10005625514047356,-2.318899347831433,-2.2242889107354964,-0.18922087419187328,110.93910767321478,102.45450000000001,93.96989232678524,33.85861208059682,33.65677374805181,34.26228874568683,32.74305296629599,31.11497641873607,35.99920606141583,5.0770294625634245,-77.2803338150556,-63.3540372670807,-0.008995502248875476,-0.006174448208808467,-0.03225334172730338,-0.048494929784715854,-0.08185801441185035,-0.13665681999751836,0.0935090888637433,107.99846422339925
2023-03-15,99.0,100.8,97.78,99.33,1511727,150345996.41,2.4427,0.1815,99.478,99.96799999999999,102.0215,103.86933333333333,107.73483333333333,114.86550000000001,90.80776,99.478,99.96799999999999,102.0215,103.86933333333333,107.73483333333333,114.86550000000001,90.80776,100.60658632773512,102.87406692649009,50.156412930135566,38.48762292302476,44.23820572312452,-2.2674805987549718,-2.268593095959951,0.002224994409958825,-2.2674805987549718,-2.2309337858154157,-0.07309362587911217,110.1948411965819,102.0215,93.8481588034181,33.61947817861113,33.644341891571585,33.569750752690226,32.87577210241058,31.701908313294243,35.22349968064325,4.703024105733711,-63.38630676106333,-66.85878962536023,-0.00148776613924683,-0.006382042253521038,-0.026381694054684598,-0.04370234397062975,-0.07801407468027205,-0.13524948744401072,0.09384924812593105,101.83033424928692
2023-03-16,98.7,99.9,95.62,95.87,1483530,143923150.05,2.3972,-3.4833,98.69800000000001,99.864,101.50649999999999,103.44766666666666,107.48633333333332,114.77275,90.9268,98.69800000000001,99.864,101.50649999999999,103.44766666666666,107.48633333333332,114.77275,90.9268,99.87788073885278,102.3552471541575,18.897637795275614,43.95817195972117,41.00343437360012,-2.477366415304715,-2.310347759828904,-0.33403731095162215,-2.477366415304715,-2.268846498044539,-0.4170398345203523,109.87489989735538,101.50649999999999,93.1381001026446,23.193991388052535,30.160891723731904,9.260190716693792,22.69818733725217,28.700667987946886,10.693226035862736,4.626110631963945,-103.8625578182255,-97.65698219306466,-0.028653062878680448,-0.03999439237362813,-0.05552846369444306,-0.07325120914600934,-0.10807265419789788,-0.1646971951094663,0.05436460977401607,70.1492317253374
2023-03-17,96.77,97.6,94.5,94.6,1149298,109732303.85,1.8571,-1.3247,97.46799999999999,99.28,101.10600000000001,102.98433333333332,107.16916666666665,114.69025,91.03064,97.46799999999999,99.28,101.10600000000001,102.98433333333332,107.16916666666665,114.69025,91.03064,99.06589908672159,101.78078440199769,21.30965593784684,44.66745375836284,38.59358530341816,-2.7148853152761063,-2.3912552709183448,-0.6472600887155231,-2.7148853152761063,-2.3374678545417034,-0.7548349214688059,110.00209115818228,101.10600000000001,92.20990884181774,15.74538639893351,25.355723282132445,-3.475287367464361,15.4148503650666,24.272062113653462,-2.2995731321071204,4.348635971606862,-126.75329066449075,-99.15182357930455,-0.029425042065087982,-0.047139403706688225,-0.06434830771665395,-0.08141367780859869,-0.11728342262622174,-0.17516964170886376,0.03921053394769046,87.51532104363984
2023-03-20,93.99,94.5,90.18,93.5,1794901,166040715.98,2.9003,-1.1628,96.49,98.285,100.6655,102.571,106.8835,114.57858333333334,91.13184,96.49,98.285,100.6655,102.571,106.8835,114.57858333333334,91.13184,98.20960691953366,101.16739296481268,10.295728368017507,43.469934890846424,38.68095381829158,-2.957786045279022,-2.5045614257904805,-0.9064492389770828,-2.957786045279022,-2.4329014223474448,-1.0497692458631542,110.1627338909231,100.6655,91.16826610907688,17.36636353762957,22.692603367298155,6.713883878292407,17.146006181718295,21.896710136341742,7.644598272471406,4.361611249496521,-163.6802222656853,-79.39168218497832,-0.03098766711576324,-0.048684946838276406,-0.07118128852486696,-0.08843630265864619,-0.12521577231284528,-0.18396617168857188,0.02598608784811108,88.96204235412753
2023-03-21,94.94,95.5,92.94,94.25,961602,90458452.85,1.5538,0.8021,95.50999999999999,97.78,100.2875,102.16566666666667,106.596,114.48349999999999,91.24904,95.50999999999999,97.78,100.2875,102.16566666666667,106.596,114.48349999999999,91.24904,97.60043662422079,100.65499348593767,22.47340425531914,36.73381911701673,39.66917293233083,-3.0545568617168755,-2.6145605129757596,-0.8799926974822316,-3.0545568617168755,-2.5285407207119723,-1.0520322820098063,110.18623968585757,100.2875,90.38876031414242,22.500817774415413,22.62867483633724,22.245103650571764,19.851941220255803,21.21512049764643,17.125582665474546,4.034045567769881,-119.52216533714312,-74.7361887026692,-0.013192335881059482,-0.03610145223972184,-0.06020191948149066,-0.07747873551780278,-0.11582048106870806,-0.17673725908100288,0.03288757887206273,108.31721373768912
2023-03-22,94.0,95.01,92.05,93.02,1376398,127978680.5,2.2241,-1.305,94.248,96.863,99.2285,101.75366666666667,106.302,114.39216666666667,91.35712,94.248,96.863,99.2285,101.75366666666667,106.302,114.39216666666667,91.35712,96.89575406664835,100.08943841290525,11.639549436795917,25.800464037122964,40.02427552723411,-3.1936843462569016,-2.7303852796319883,-0.9265981332498265,-3.1936843462569016,-2.630870509257346,-1.1256276739991113,107.20554938194908,99.2285,91.25145061805091,22.653468923175332,22.63693953194994,22.686527705626126,20.856742348662195,21.095661114651687,20.37890481668321,3.838764555448085,-129.09940251346993,-77.13365539452502,-0.013029454205924886,-0.03967459194945442,-0.06256770988173761,-0.08583146880865893,-0.12494590882579829,-0.18683243170788214,0.018201974843340085,87.68993799224249
2023-03-23,93.83,94.99,91.0,92.7,1602418,148235221.28,2.5893,-0.344,93.614,96.156,98.5135,101.28433333333334,106.03433333333334,114.34641666666667,91.47368,93.614,96.156,98.5135,101.28433333333334,106.03433333333334,114.34641666666667,91.47368,96.25025344101014,99.5420726045419,9.2250922509225,31.376975169300238,42.093505664592314,-3.2918191635317555,-2.8426720564119417,-0.8982942142396277,-3.2918191635317555,-2.732554917607255,-1.118528491849001,106.11209897058251,98.5135,90.91490102941748,22.676703959002968,22.650194340967616,22.729723195073674,20.695117372834886,20.962146534046088,20.161059050412483,3.866261909002978,-130.52144939303824,-79.62813257881974,-0.00976349691285493,-0.03594159490827408,-0.05901221659975527,-0.08475479919566369,-0.12575486556241217,-0.1893055969542844,0.013406260686133991,96.61264891028345
2023-03-24,94.36,95.21,91.86,92.68,1241462,115889697.6,2.006,-0.0216,93.23,95.349,97.93599999999999,100.77633333333333,105.75566666666666,114.23458333333333,91.60336,93.23,95.349,97.93599999999999,100.77633333333333,105.75566666666666,114.23458333333333,91.60336,95.70098368085475,99.03377093013138,15.991471215351822,17.979797979797993,42.28241705401507,-3.3327872492766346,-2.9406950949848802,-0.7841843085835087,-3.3327872492766346,-2.824898353248698,-1.0157777920558733,105.46055740960712,97.93599999999999,90.41144259039287,22.632079765875748,22.64415614927033,22.607926999086587,21.311022041763692,21.078438369951957,21.776189385387163,3.7723961073660717,-109.4740957534112,-77.4571686203787,-0.005899388608816874,-0.02799190342845753,-0.053667701355987446,-0.08033963000572211,-0.12364034078552119,-0.18868702195409295,0.011753280665687501,99.78445961497779
2023-03-27,92.47,92.48,89.73,90.7,1260420,114226939.64,2.0367,-2.1364,92.67,94.58,97.16499999999999,100.14133333333332,105.48583333333335,114.03441666666666,91.71652,92.67,94.58,97.16499999999999,100.14133333333332,105.48583333333335,114.03441666666666,91.71652,94.93160157610787,98.41645456493647,13.888888888888914,18.52879944483,41.30264599968686,-3.4848529888286066,-3.0495266737536255,-0.8706526301499622,-3.4848529888286066,-2.9264298356456067,-1.116846306366,104.30912677437676,97.16499999999999,90.02087322562322,18.008860163098134,21.09905748721293,11.82846551486854,17.009196670245696,19.72202447004987,11.583541070637345,3.622869542390423,-144.97861316946782,-91.5944540727903,-0.02125822812129059,-0.041023472192852566,-0.06653630422477219,-0.09428008414773772,-0.14016890103726418,-0.20462608876121455,-0.011083281397942266,80.57728303277
2023-03-28,90.48,91.98,88.54,89.14,833630,75307085.06,1.347,-1.72,91.648,93.579,96.6725,99.49600000000001,105.04416666666665,113.86474999999999,91.82244,91.648,93.579,96.6725,99.49600000000001,105.04416666666665,113.86474999999999,91.82244,94.04058594901434,97.72930978234858,12.798634812286693,11.274182788525678,26.376319758672707,-3.6887238333342367,-3.177366105669748,-1.022715455328977,-3.6887238333342367,-3.0437058352900115,-1.2900359960884504,104.60181901237081,96.6725,88.74318098762919,13.766470155680432,18.654861710035433,3.989687046970431,12.970785817140403,17.471611585746714,3.969134279927779,3.5896205346830725,-144.9651201991651,-95.10603588907018,-0.027365572625698276,-0.04743585633528883,-0.0779177118622152,-0.10408458631502782,-0.15140456791984314,-0.21714138923591356,-0.029213338264589786,84.07239643387399
2023-03-29,88.01,90.98,87.02,89.13,1030985,91936767.03,1.6659,-0.0112,90.87,92.559,96.2635,98.86733333333333,104.56466666666667,113.64166666666667,91.91695999999999,90.87,92.559,96.2635,98.86733333333333,104.56466666666667,113.64166666666667,91.91695999999999,93.28511118762752,97.09232387254498,0.0,13.370253164556956,30.51254089422028,-3.8072126849174595,-3.3033354215192907,-1.0077545267963375,-3.8072126849174595,-3.161168427540388,-1.292088514754143,104.86936403502973,96.2635,87.65763596497025,15.825409845437868,17.711711088502913,12.052807359307778,14.10785307064018,16.35035874737787,9.622841717164796,3.656962255649788,-136.17867579323703,-83.61801242236027,-0.019148233740508516,-0.03704664052118111,-0.07410389192165254,-0.09848888409383624,-0.14760881623492964,-0.2156926010119528,-0.03032041094483536,99.88787353296851
2023-03-30,89.05,90.9,88.62,89.1,632395,56600069.76,1.0219,-0.0337,90.15,91.882,95.873,98.29833333333335,104.11333333333333,113.43416666666667,92.00136,90.15,91.882,95.873,98.29833333333335,104.11333333333333,113.43416666666667,92.00136,92.64124792799252,96.5002998819861,0.0,7.808564231737975,32.45186731616795,-3.8590519539935713,-3.414478728014147,-0.8891464519588483,-3.8590519539935713,-3.268535123917801,-1.1810336601515408,105.04546703885555,95.873,86.70053296114446,18.72637385922272,18.049932012076184,20.079257553515788,15.958480496998932,16.219732663918226,15.435976163160348,3.406605481895281,-110.86809087826371,-80.34026465028357,-0.01164725457570728,-0.030277965216255746,-0.07064554149760631,-0.09357567947913682,-0.1442018313376449,-0.21452237347653932,-0.031536055553961495,99.66392234360332
2023-03-31,89.03,90.87,87.88,89.64,914139,81589689.28,1.4771,0.6061,89.542,91.386,95.333,97.866,103.64566666666666,113.24791666666667,92.09783999999999,89.542,91.386,95.333,97.866,103.64566666666666,113.24791666666667,92.09783999999999,92.17951747753213,95.9921295203575,13.043478260869676,10.513447432762874,30.268199233716487,-3.8126120428253643,-3.494105390976391,-0.6370133036979464,-3.8126120428253643,-3.3522392652881954,-0.9207455550743378,104.64397846630219,95.333,86.02202153369781,22.782991377846606,19.627618467332994,29.09373719887384,20.937729136364084,17.79239815473351,27.228391099625227,3.330859030641595,-100.71500888452336,-69.10377358490562,0.0010944584664179823,-0.019105771124679878,-0.05971699201745458,-0.08405370608791612,-0.13513026754615878,-0.20846226015931124,-0.026687270841531035,106.22859519782695
2023-04-03,89.68,96.88,89.68,95.71,2747469,257719612.45,4.4395,6.7715,90.544,91.607,94.946,97.646,103.30799999999999,113.17049999999999,92.20936,90.544,91.607,94.946,97.646,103.30799999999999,113.17049999999999,92.20936,92.72266863483489,95.97123103736804,64.86751717369962,49.46236559139781,45.970515970515976,-3.248562402533153,-3.4449967932877437,0.3928687815091809,-3.248562402533153,-3.3362889787104963,0.17545315235468628,103.44440951063602,94.946,86.44759048936398,44.566618998348034,27.94061864433801,77.8186197063681,43.33644417069302,26.307080160053346,77.39517219197236,4.041611934161304,-19.335481720191257,-11.866125760649107,0.057055133415797814,0.044789153667296105,0.008046679164999009,-0.01982672101263756,-0.07354706315096604,-0.1542849064022868,0.03796404182829151,192.55494830553258
2023-04-04,95.23,99.58,95.14,95.4,2296853,222833876.2,3.7114,-0.3239,91.796,91.72200000000001,94.751,97.43233333333335,102.86616666666667,113.13991666666668,92.31356,91.796,91.72200000000001,94.751,97.43233333333335,102.86616666666667,113.13991666666668,92.31356,93.1345657679372,95.92891762719263,77.58215962441318,52.87356321839085,47.57182812102721,-2.7943518592554284,-3.314867806481281,1.041031894451705,-2.7943518592554284,-3.2529140372558705,0.9171243560008842,103.00419561713396,94.751,86.49780438286605,51.95099440654202,35.94407723173934,83.9648287561474,51.13087785477202,34.58167939162624,84.22927478106357,4.114046127950157,32.55399331185703,-33.28025477707,0.0392609699769053,0.040099430888990616,0.006849531931061423,-0.020858920892106392,-0.0725813638109064,-0.15679626774812017,0.03343430802581994,96.80785217009523
2023-04-06,94.04,102.01,93.89,97.84,2306055,226650493.43,3.7263,2.5577,93.538,92.20400000000001,94.5335,96.88699999999999,102.49216666666668,113.09858333333334,92.43764,93.538,92.20400000000001,94.5335,96.88699999999999,102.49216666666668,113.09858333333334,92.43764,93.8584787267161,96.07047928443762,96.2765957446809,64.22018348623855,51.12400290065265,-2.212000557721524,-3.0942943567293293,1.764587598015611,-2.212000557721524,-3.092773501942894,1.7615458884427406,102.1672816385593,94.5335,86.8997183614407,58.69448103865088,43.52754516737652,89.02835278119959,58.14773667080421,42.437031818018895,89.56914637637485,4.842401377413766,64.07147760744819,-27.818545697131412,0.04599200325001611,0.06112533078825209,0.03497701872881042,0.009836200935110152,-0.04539046073439765,-0.13491400938561712,0.05844329214809034,128.7302738815162
2023-04-07,97.6,99.4,96.5,98.9,1226302,120120090.27,1.9815,1.0834,95.498,92.824,94.49000000000001,96.61699999999999,102.155,113.031,92.55572000000001,95.498,92.824,94.49000000000001,96.61699999999999,102.155,113.031,92.55572000000001,94.6340973841444,96.28007341151633,96.7464114832537,64.93256262042392,48.02056555269924,-1.6459760273719297,-2.8046306908578496,2.3173093269718397,-1.6459760273719297,-2.8701892750858224,2.4484264954277855,102.00716631940695,94.49000000000001,86.97283368059307,65.54726576692804,50.8674520338937,94.90689323299671,65.18276952169693,50.018944385911574,95.51041979326764,4.489237490611264,76.49662142559494,-20.747164776517664,0.035623782697019844,0.06545720934241153,0.04667160546089529,0.023629381992817163,-0.03186334491703779,-0.12501880015217065,0.06854552047134414,111.37775909303762
2023-04-10,97.77,100.02,94.5,95.29,1577537,152515392.79,2.5491,-3.6502,96.628,93.08500000000001,94.21700000000001,96.31899999999999,101.8035,112.83316666666666,92.66832,96.628,93.08500000000001,94.21700000000001,96.31899999999999,101.8035,112.83316666666666,92.66832,94.73500547889141,96.2067346402929,72.05987170349258,56.32311977715881,39.670886075949376,-1.471729161401484,-2.5380503849665765,2.132642447130185,-1.471729161401484,-2.655041565288232,2.366624807773496,101.15088051146759,94.21700000000001,87.28311948853244,62.088214980931795,54.607706349573064,77.04923224364924,61.84521748411106,53.96103541864474,77.6135816150437,4.676648855954669,49.39184513144336,-44.82988659106068,-0.013846918077575794,0.02368802707203092,0.01138860290605722,-0.010683250449028564,-0.06398110084623804,-0.15547881163783095,0.028291006030971667,68.9462029634538
2023-04-11,95.28,97.29,94.91,95.85,1138439,108944103.56,1.8396,0.5877,96.656,93.6,94.09,95.97666666666666,101.50533333333334,112.63733333333333,92.78460000000001,96.656,93.6,94.09,95.97666666666666,101.50533333333334,112.63733333333333,92.78460000000001,94.9065430975235,96.18030985212305,72.09964412811391,58.658603628367224,45.19632414369256,-1.2737667545995492,-2.285193658893171,2.022853808587244,-1.2737667545995492,-2.442537748259204,2.3375419873193097,100.79120177752462,94.09,87.38879822247539,61.02745575113041,56.74762281675885,69.58712161987353,60.86545741991659,56.26250941906869,70.07135342161237,4.259076336690185,41.533418291695426,-41.094062708472364,-0.008338851183578997,0.02403846153846154,0.01870549473907951,-0.0013197652207133522,-0.05571464225196717,-0.14903880300196504,0.03303781015383999,106.03467330800744
2023-04-12,95.85,98.28,94.77,96.96,1001070,96816857.93,1.6176,1.1581,96.96799999999999,94.382,93.98049999999999,95.909,101.25800000000001,112.37866666666667,92.90632000000001,96.96799999999999,94.382,93.98049999999999,95.909,101.25800000000001,112.37866666666667,92.90632000000001,95.22245954405835,96.23806467789171,56.875687568756895,61.09958506224064,42.33811895692938,-1.0156051338333612,-2.031275953881209,2.031341640095696,-1.0156051338333612,-2.2230096537321513,2.4148090397975803,100.39918153373571,93.98049999999999,87.56181846626427,62.10511676166419,58.533454131727304,69.24844202153797,62.68059625192569,58.4018716966877,71.23804536240168,4.122880639110153,62.38769796498259,-33.68912608405609,-8.250144377522035e-05,0.02731453031298329,0.03170338527673296,0.010958304225880655,-0.042446028955736986,-0.13720279056523196,0.04363190792617752,112.2031103609663
2023-04-13,96.96,97.5,94.38,94.54,832450,79438407.03,1.3451,-2.4959,96.308,94.923,93.741,95.81666666666666,100.99316666666667,112.15233333333335,93.01544,96.308,94.923,93.741,95.81666666666666,100.99316666666667,112.15233333333335,93.01544,95.11746576804937,96.112282109159,46.16071428571428,59.73630831643004,42.33811895692939,-0.994816341109626,-1.8239840313268925,1.6583353804345329,-0.994816341109626,-2.034056836405609,2.0784809905919657,99.65701181450936,93.741,87.82498818549064,57.11466382837063,58.06052403060842,55.22294342389506,57.4983168218783,58.1006867384179,56.2935769887991,3.9405387047264893,39.91057233258689,-52.86624203821651,-0.018357768825019733,-0.004034849298905381,0.008523484921219173,-0.013324056357627309,-0.06389706234250166,-0.15703938393316236,0.016390397121166207,77.6658163402573
2023-04-14,94.54,98.8,93.61,97.95,1325149,128184395.51,2.1413,3.6069,96.118,95.808,93.845,95.85133333333333,100.81233333333333,111.96008333333334,93.16236,96.118,95.808,93.845,95.85133333333333,100.81233333333333,111.96008333333334,93.16236,95.55324026527255,96.2484093603324,50.4519309778143,70.42188224385725,46.17067833698031,-0.6951690950598532,-1.5982210440734848,1.806103898027263,-0.6951690950598532,-1.8280741069678004,2.2658100238158942,99.98739624079138,93.845,87.70260375920861,60.433836442487696,58.85162816790152,63.59825299166006,62.087813951079994,59.42972914263861,67.40398356796277,4.167713485685309,76.18815522851511,-28.733191790516628,0.019059905532782705,0.022357214428857672,0.04374234109435776,0.0218950179792318,-0.028392690047844595,-0.1251346275942096,0.051390282513238135,142.52413820025686
2023-04-17,98.2,108.0,98.2,102.35,2890928,298344843.76,4.6713,4.4921,97.53,97.079,94.23249999999999,95.91499999999999,100.82483333333333,111.79416666666665,93.34576000000001,97.53,97.079,94.23249999999999,95.91499999999999,100.82483333333333,111.79416666666665,93.34576000000001,96.59889560907678,96.70037903734482,61.121856866537705,75.46224961479203,55.129533678756474,-0.10148342826803969,-1.2988735209123958,2.3947801852887123,-0.10148342826803969,-1.5624447717832217,2.921922687030364,101.45781769470484,94.23249999999999,87.00718230529513,60.534765179865545,59.4126738385562,62.778947862484245,64.4450055161494,61.10148793380887,71.13204068083044,5.237220124651616,200.87741549812282,-30.840611353711832,0.04942069106941447,0.05429598574356968,0.0861433157350172,0.06709065318250537,0.015126894994454049,-0.08447817044717594,0.09646115688596868,155.17939940642145
2023-04-18,102.05,102.71,99.53,101.28,1094760,110564593.55,1.769,-1.0454,98.616,97.636,94.6215,95.84266666666667,100.75916666666667,111.5415,93.52144,98.616,97.636,94.6215,95.84266666666667,100.75916666666667,111.5415,93.52144,97.31906551537266,97.03961021976372,73.09175019275256,72.55555555555561,52.73708558211256,0.27945529560894045,-0.9832077576081286,2.525326106434138,0.27945529560894045,-1.2790755306459658,3.1170616525098125,102.48987848606319,94.6215,86.7531215139368,58.12347792162453,58.98294186624565,56.404550032382275,60.730304812480426,60.977760226699395,60.23539398404249,4.863180101987685,138.53519808484972,-46.69909659485753,0.027013871988318342,0.037322299151952204,0.07036984194923991,0.056731866113908846,0.005169091315099489,-0.09199714904318122,0.08296022815730814,90.02403127669005
2023-04-19,100.99,101.5,99.11,99.44,1252803,125369252.11,2.0244,-1.8167,99.112,98.03999999999999,94.881,95.84733333333332,100.66816666666666,111.231,93.69124,99.112,98.03999999999999,94.881,95.84733333333332,100.66816666666666,111.231,93.69124,97.64536312839225,97.21741687015158,62.596491228070214,67.31448763250887,50.13556815380824,0.42794625824066657,-0.7009769544383696,2.257846425358072,0.42794625824066657,-1.0164567938941762,2.8888061042696855,103.03494228191398,94.881,86.72705771808602,52.25373394913954,56.73987256054362,43.281456726331385,53.99161854304347,58.64904633214743,44.67676296483556,4.413510992535379,100.54460112900584,-59.48575399583045,0.003309387359754651,0.014279885760913972,0.04804966220845056,0.03748321984266654,-0.012200149335523146,-0.10600462101392595,0.06135856457871627,83.24808070947788
2023-04-20,100.5,101.9,95.2,96.27,2302275,224409854.52,3.7202,-3.1879,99.458,97.883,95.0435,95.65,100.54533333333333,110.92025,93.84451999999999,99.458,97.883,95.0435,95.65,100.54533333333333,110.92025,93.84451999999999,97.43376880094729,97.14723784273295,47.88473329245862,51.102362204724415,50.49652432969214,0.2865309582143425,-0.5034753719078272,1.5800126602443394,0.2865309582143425,-0.8159971397236349,2.2050561958759545,103.1707777212199,95.0435,86.91622227878008,40.99750898902561,51.49241803670429,20.007690893668254,42.156098718294906,53.15139712752992,20.165501899824875,4.829236266619856,50.867417665980525,-81.51494093120225,-0.03205373122322993,-0.01647885741139932,0.01290461735941965,0.0064819654992157895,-0.04252144969433359,-0.1320791289237087,0.02584572865842361,72.32668526446543
2023-04-21,97.5,99.0,93.75,93.75,1868396,180046591.42,3.0191,-2.6176,98.61800000000001,97.368,95.09599999999999,95.44933333333333,100.25033333333334,110.539,93.979,98.61800000000001,97.368,95.09599999999999,95.44933333333333,100.25033333333334,110.539,93.979,96.8670351392631,96.8955905951231,47.59293113954904,47.01195219123504,48.976643390320255,-0.02855545586000119,-0.408491388698262,0.7598718656765217,-0.02855545586000119,-0.6948522652830759,1.3325936188461494,103.172946791556,95.09599999999999,87.01905320844398,27.655971941259143,43.54693600488925,-4.125956186001062,28.42836509410534,44.910386449721734,-4.5356776171274475,4.905738763598064,2.101805546020693,-99.02710215427379,-0.04936218540225931,-0.03715799852107464,-0.014154117943972297,-0.017803511810803585,-0.06484101465996799,-0.15188304580283882,-0.002436714585173275,76.70135669857487
2023-04-24,92.8,95.6,89.5,91.57,1752911,161119757.94,2.8325,-2.3253,96.46199999999999,96.99600000000001,95.04050000000001,95.14333333333335,99.93433333333334,110.11508333333335,94.11256,96.46199999999999,96.99600000000001,95.04050000000001,95.14333333333335,99.93433333333334,110.11508333333335,94.11256,96.05210665629954,96.50110240289175,28.98550724637677,38.53747714808041,47.73527340999764,-0.4489957465922032,-0.41659226027705026,-0.06480697263030588,-0.4489957465922032,-0.6570281854844802,0.4160648777845539,103.20215740391559,95.04050000000001,86.87884259608443,22.167044357235817,36.42030545567144,-6.339477839635435,22.68197312579995,37.50091534174781,-6.955911306095771,5.122877170216597,-64.66182263250009,-88.81081081081085,-0.05071427090460488,-0.05594045115262501,-0.036516011595057005,-0.03755736958273501,-0.08369829521385724,-0.1684154683622666,-0.02701616022346017,79.03498548521861
2023-04-25,90.5,92.86,85.88,86.53,1454521,128500989.76,2.3503,-5.504,93.512,96.064,94.83200000000001,94.748,99.55649999999999,109.60033333333332,94.21908,93.512,96.064,94.83200000000001,94.748,99.55649999999999,109.60033333333332,94.21908,94.587167170715,95.76250222489978,0.0,30.258538142355533,41.76972281449892,-1.175335054184771,-0.5683408190585943,-1.2139884702523531,-1.175335054184771,-0.7367677037460634,-0.8771347008774151,103.64740899728517,94.83200000000001,86.01659100271485,15.757535297831723,29.5327154030582,-11.792824912621235,16.100821143541147,30.36755060901226,-12.432637787401077,5.460535866540853,-133.76488585665317,-97.06148282097647,-0.07466421421849602,-0.09924633577614915,-0.08754428884764642,-0.08673534005994853,-0.13084529890062413,-0.2104951019005416,-0.08160852345406051,56.772091660804016
2023-04-26,86.95,87.78,83.31,83.99,1152840,98544807.26,1.8628,-2.9354,90.422,94.767,94.5745,94.24266666666666,99.223,109.15525000000001,94.30976,90.422,94.767,94.5745,94.24266666666666,99.223,109.15525000000001,94.30976,92.95683375983577,94.89046502305534,0.0,31.32848645076004,40.634723086496564,-1.9336312632195671,-0.841398907890789,-2.184464710657556,-1.9336312632195671,-0.9209005590496793,-2.0254614083397757,104.33967221665827,94.5745,84.80932778334173,11.42307402466491,23.496168276927108,-12.72311447985949,11.651931255137859,24.12901082438746,-13.302227883361347,5.280438436260698,-179.1158045033167,-97.24584852166872,-0.07113313131759973,-0.11372102103052752,-0.11191706009548034,-0.1087900738519001,-0.15352287272104254,-0.23054548452777135,-0.10942409354026564,74.23501069763655
2023-04-27,83.48,86.7,83.26,86.3,1414159,120800471.17,2.2851,2.7503,88.428,93.943,94.433,93.80833333333334,98.83883333333333,108.69416666666666,94.41807999999999,88.428,93.943,94.433,93.80833333333334,98.83883333333333,108.69416666666666,94.41807999999999,91.93270548909182,94.25413428060679,13.006756756756772,35.08278662917837,43.62549800796812,-2.3214287915149754,-1.1374048846156264,-2.368047813798698,-2.3214287915149754,-1.1363664409674172,-2.3701247010951163,104.60393506025586,94.433,84.26206493974415,11.71131369900861,19.567883417620944,-4.001825738216063,11.863885185990576,20.040635611588502,-4.489615665205278,4.94581326603148,-158.68664562727565,-87.712206952304,-0.024064775862848872,-0.08135784465047956,-0.08612455391653351,-0.08003908679044157,-0.12686140568905943,-0.2060291490650372,-0.08598014278621206,131.16928298470015
2023-04-28,85.37,86.2,82.0,83.88,1639911,137300642.87,2.6499,-2.8042,86.454,92.53599999999999,94.172,93.40866666666666,98.42816666666666,108.30099999999999,94.52248,86.454,92.53599999999999,94.172,93.40866666666666,98.42816666666666,108.30099999999999,94.52248,90.69382772153922,93.48567988945074,13.580246913580254,30.3721488595438,41.634980988593135,-2.7918521679115145,-1.4682943412748042,-2.6471156532734206,-2.7918521679115145,-1.3910565528049705,-2.801591230213088,105.15466691799037,94.172,83.18933308200963,10.833455873377375,16.656407569539756,-0.812447518947387,10.319513200916788,16.800261474697933,-2.641983346645503,4.828392672207573,-162.79153934844112,-92.76923076923079,-0.02977305850510096,-0.09354197285380816,-0.10928938537994311,-0.10201052008022096,-0.14780491356640793,-0.2254919160487899,-0.11259205217637124,75.24475990809366
2023-05-04,83.0,84.24,80.22,80.72,1089813,89318528.6,1.761,-3.7673,84.28399999999999,90.373,93.726,92.946,97.96516666666666,107.81541666666666,94.62180000000001,84.28399999999999,90.373,93.726,92.946,97.96516666666666,107.81541666666666,94.62180000000001,89.15939268745626,92.54007397171365,13.087818696883872,29.712272460364048,40.72145779100036,-3.380681284257392,-1.8507717298713218,-3.0598191087721403,-3.380681284257392,-1.6971526653361124,-3.367057237842559,106.11767020729071,93.726,81.33432979270928,7.991061603161793,13.767958914080435,-3.562733018675491,7.620745572509815,13.740422840635228,-4.618608963741011,4.68141218635165,-172.3061755138739,-97.77678968430413,-0.04228560580893163,-0.10681287552698268,-0.13876619081151442,-0.13153874292600004,-0.17603365822205508,-0.2513130079572726,-0.14691963162822952,68.1125773891408
2023-05-05,82.4,82.4,79.8,80.74,907311,73341566.02,1.4661,0.0248,83.126,88.31899999999999,92.97749999999999,92.52066666666666,97.54583333333333,107.3575,94.73115999999999,83.126,88.31899999999999,92.97749999999999,92.52066666666666,97.54583333333333,107.3575,94.73115999999999,87.86410150477069,91.66599441825339,15.041962556488059,21.9432670361917,41.96018376722816,-3.8018929134827033,-2.2409959665935983,-3.12179389377821,-3.8018929134827033,-2.0209588573586648,-3.561868112248077,106.61084901127,92.97749999999999,79.34415098872998,6.745172290493982,11.427030039551619,-2.6185432076212933,6.498294936725997,11.326380205998818,-3.157875601819647,4.302973607014987,-147.40781360865904,-95.74660633484164,-0.028703414094266654,-0.08581392452360188,-0.13161786453711918,-0.12733011002947084,-0.1722865319721499,-0.24793330694176008,-0.14769332498409177,100.24804650701469
2023-05-08,79.65,83.34,79.65,82.28,974934,79693295.0,1.5754,1.9074,82.78399999999999,86.603,92.32149999999999,92.12166666666667,97.14366666666666,106.939,94.85896000000001,82.78399999999999,86.603,92.32149999999999,92.12166666666667,97.14366666666666,106.939,94.85896000000001,87.0050089655752,90.97073557245685,32.276897414512106,13.915857605178005,43.63027710619304,-3.9657266068816455,-2.585942094651208,-2.759569024460875,-3.9657266068816455,-2.3201538957468157,-3.2911454222696594,106.7059598530183,92.32149999999999,77.93704014698167,9.027358615712604,10.627139564938615,5.827796717260583,8.272271530851032,10.308343980949557,4.200126630653983,4.191523860284989,-117.49686867713643,-88.1797752808989,-0.006088132972554971,-0.04991743934967603,-0.1087666469890544,-0.10683335444068534,-0.15300705827451433,-0.23058940143446258,-0.132606977769944,120.79678604846424
2023-05-09,81.85,81.85,77.8,77.84,1084091,85848235.21,1.7517,-5.3962,81.09200000000001,84.76,91.3215,91.61566666666667,96.68466666666667,106.50433333333332,94.98324000000001,81.09200000000001,84.76,91.3215,91.61566666666667,96.68466666666667,106.50433333333332,94.98324000000001,85.59500758625593,89.9980884930156,27.86177105831537,12.411802437459926,40.32313509797181,-4.403080906759669,-2.9493698570729,-2.9074220993735382,-4.403080906759669,-2.6406042051334087,-3.524953403252521,106.82766349442136,91.3215,75.81533650557864,6.093145444182947,9.115808191353393,0.0478199498420544,5.577740768995039,8.731476243631386,-0.7297301802776559,4.2439740675059,-124.13964809518662,-99.81132075471695,-0.040102599516598544,-0.08164228409627185,-0.14762679106234564,-0.15036365687091363,-0.1949085342729285,-0.2691377189660513,-0.18048699960119285,57.42294240395259
2023-05-10,78.4,78.61,75.73,77.2,858180,65831231.35,1.3867,-0.8222,79.756,83.10499999999999,90.2365,91.09899999999999,96.19166666666666,106.04925,95.09604,79.756,83.10499999999999,90.2365,91.09899999999999,96.19166666666666,106.04925,95.09604,84.30346795760117,89.05008193797741,12.765957446808542,12.908605737158112,39.3273850377488,-4.746613980376239,-3.3088186817335683,-2.875590597285341,-4.746613980376239,-2.964605709016921,-3.564016542718636,106.52685139034719,90.2365,73.94614860965282,6.9225756551412285,8.384730679282672,3.9982656068583395,6.184523035729958,7.882491840997577,2.788585425194718,3.9959787825048263,-123.90712067702536,-92.6019124308002,-0.032047745624153634,-0.07105468985018937,-0.14447036398796498,-0.15257028068365172,-0.1974356753010482,-0.27203634160543333,-0.1881891191263064,92.07563671802343
2023-05-11,77.76,77.76,76.01,76.26,716681,54859578.48,1.1581,-1.2176,78.864,81.574,89.285,90.55166666666668,95.664,105.6575,95.20072,78.864,81.574,89.285,90.55166666666668,95.664,105.6575,95.20072,83.06601134873947,88.1026684610902,14.525139664804485,13.945945945945965,31.70272812793978,-5.036657112350738,-3.6543863678570023,-2.764541488987472,-5.036657112350738,-3.2833828479913545,-3.506548528718768,106.52773454927535,89.285,72.04226545072464,6.0811638530817085,7.6168750705490185,3.0097414181470885,5.154344409498123,6.973109363831092,1.516814500832183,3.587619003867585,-113.04899501110238,-96.90601284296555,-0.03301886792452829,-0.0651433054649765,-0.1458811670493363,-0.15782886381623754,-0.20283492222779725,-0.27823391619146765,-0.19895563815063583,88.46979196124094
2023-05-12,76.01,77.59,73.81,73.84,1259705,94896930.56,2.0355,-3.1734,77.48400000000001,80.30499999999999,88.1845,89.98966666666666,95.0655,105.25625,95.29648,77.48400000000001,80.30499999999999,88.1845,89.98966666666666,95.0655,105.25625,95.29648,81.64662498739493,87.04617450100946,15.600000000000023,13.996383363471992,30.49221860296778,-5.399549513614531,-4.003418997008509,-2.7922610332120446,-5.399549513614531,-3.60894695039492,-3.5812051264392215,106.44263903585362,88.1845,69.92636096414638,4.1316887543947916,6.45514629849761,-0.515226333810844,3.507811567677826,5.8180100984466705,-1.1125854938598643,3.6225973668007514,-113.18093947812628,-99.78525411596277,-0.047029064064839254,-0.08050557250482522,-0.16266464061144528,-0.1794613455618978,-0.2232723753622502,-0.2984739623537794,-0.22515501097207366,72.43506777356905
2023-05-15,73.6,77.2,73.1,76.97,1300473,97884955.62,2.1014,4.2389,76.422,79.603,87.185,89.584,94.54,104.84358333333333,95.40152,76.422,79.603,87.185,89.584,94.54,104.84358333333333,95.40152,80.9271442201034,86.29979120463838,35.621662852784155,24.47552447552448,31.349419124218045,-5.372646984534981,-4.277264594513803,-2.1907647800423558,-5.372646984534981,-3.8802854171856986,-2.984723134698565,105.60829132261179,87.185,68.76170867738821,12.601787413871342,8.504026670288855,20.797308901036317,11.823835162765615,7.819951786552986,19.83160191519087,3.7093978455642524,-97.45090689873872,-71.5441176470588,0.007170710004972414,-0.033076642840093914,-0.11716464988243394,-0.14080639399892841,-0.1858472604188704,-0.26585874354097333,-0.19319943749323915,151.46001148350186
2023-05-16,76.8,77.2,75.22,75.86,855655,65197226.9,1.3826,-1.4421,76.026,78.559,86.251,89.14166666666667,94.0045,104.40450000000001,95.49828,76.026,78.559,86.251,89.14166666666667,94.0045,104.40450000000001,95.49828,80.14758357085671,85.52647333762812,24.684542586750766,28.374543980543166,29.428571428571402,-5.378889766771408,-4.497589628965324,-1.7626002756121686,-5.378889766771408,-4.110839932506577,-2.536099668529662,104.99552273682917,86.251,67.50647726317084,16.659719436895692,11.222590925824468,27.53397645903814,14.905457538535863,10.181787037213946,24.3527985411797,3.3949618736434797,-86.82847498394202,-78.93129770992364,-0.0021834635519427147,-0.03435634363981209,-0.12047396551924042,-0.1489950453398149,-0.19301735555212776,-0.2734029663472361,-0.2056401434664582,86.47956931358455
2023-05-17,75.25,78.98,75.25,78.6,1112367,86474911.13,1.7974,3.6119,76.306,78.031,85.2835,88.79166666666667,93.545,104.00033333333334,95.59588000000001,76.306,78.031,85.2835,88.79166666666667,93.545,104.00033333333334,95.59588000000001,79.9094937907249,85.01340123854456,53.46083788706736,39.16365098512263,34.86305097043349,-5.103907447819665,-4.618853192736192,-0.9701085101669467,-5.103907447819665,-4.263619550247052,-1.6805757951452271,103.4748597477926,85.2835,67.0921402522074,29.01012545793045,17.15176910319313,52.726838167405084,26.394182943105296,15.585919005844396,48.0107108176271,3.455877896617393,-69.42679610210523,-50.62836624775584,0.03006316672345552,0.007291973702759011,-0.0783680313307968,-0.11478179258564065,-0.15976268106259028,-0.24423319156028359,-0.17778883357734676,142.5926291611336
2023-05-18,78.3,78.6,76.09,77.08,985308,75827832.12,1.5921,-1.9338,76.47,77.667,84.02000000000001,88.373,93.1195,103.56025000000001,95.68736,76.47,77.667,84.02000000000001,88.373,93.1195,103.56025000000001,95.68736,79.4741870536903,84.42574188754126,49.49409780775714,30.85548172757474,33.26796220360134,-4.951554833850963,-4.685393520959146,-0.5323226257836335,-4.951554833850963,-4.369455747724577,-1.1641981722527728,100.66489679972835,84.02000000000001,67.37510320027167,32.29581280528697,22.199783670557743,52.48787107474543,30.551851128736867,20.574563046808557,50.506427292593486,3.2839000972324106,-68.4299388122986,-61.1328125,0.007976984438341826,-0.007557907476791987,-0.08259938109973829,-0.1277878990189312,-0.17224641455334277,-0.2556989771654666,-0.1944599579296576,82.26054820680429
2023-05-19,77.05,80.49,76.22,79.4,1285635,101144913.24,2.0774,3.0099,77.582,77.533,82.926,87.82933333333334,92.73766666666666,103.16041666666666,95.78775999999999,77.582,77.533,82.926,87.82933333333334,92.73766666666666,103.16041666666666,95.78775999999999,79.46277366081488,84.05346471068636,61.85800604229608,40.65888240200169,34.67713787085515,-4.590691049871481,-4.666453026741614,0.1515239537402664,-4.590691049871481,-4.403491948054869,-0.3743982036332234,97.5475405625048,82.926,68.3044594374952,45.53054187019136,29.976703070435615,76.63821946970282,40.875713252491266,27.341613115369462,67.94391352673487,3.4631909886446985,-49.75716820771475,-38.47656249999994,0.02343327060400624,0.02408006913185359,-0.042519836963075465,-0.0959740102016031,-0.1438214605356326,-0.23032493890986924,-0.17108407170185405,134.52034251327822
2023-05-22,79.71,81.06,78.61,80.78,744800,59484983.02,1.2035,1.738,78.34400000000001,77.38300000000001,81.99300000000001,87.342,92.38716666666667,102.73141666666668,95.89268,78.34400000000001,77.38300000000001,81.99300000000001,87.342,92.38716666666667,102.73141666666668,95.89268,79.66542386684335,83.81098584322811,78.4426229508197,50.135135135135144,37.771062922147166,-4.145561976384755,-4.562274816670243,0.8334256805709757,-4.145561976384755,-4.363810413951775,0.4364968751340399,94.38980111539489,81.99300000000001,69.59619888460513,62.51449860022807,40.82263491369977,105.89822597328467,56.507618358803725,37.06361486318089,95.39562535004941,3.278974445254754,-27.848217302647626,-12.228571428571351,0.031093638313080676,0.04389853068503406,-0.014793945824643663,-0.07512994893636507,-0.12563613633206636,-0.21367773733611195,-0.15759993359242852,118.8046567995678
2023-05-23,81.01,84.43,80.0,81.78,2067433,170527222.5,3.3407,1.2379,79.52799999999999,77.777,81.2685,86.80666666666667,91.84683333333334,102.25625,95.99972,79.52799999999999,77.777,81.2685,86.80666666666667,91.84683333333334,102.25625,95.99972,79.99074327194437,83.66054244743343,73.88282025819268,52.24331320103539,34.986072423398326,-3.669799175489061,-4.383779688434007,1.4279610258898927,-3.669799175489061,-4.257039454188281,1.1744805573984394,91.6880954563314,81.2685,70.84890454366861,67.21325502445332,49.61950828395096,102.40074850545805,63.20866819683708,45.77863264106629,98.06873930837865,3.4882518188448,8.334088470564835,-23.38923212709623,0.02831707071723179,0.051467657533718195,0.006293951531035986,-0.05790645879732744,-0.10960457718556801,-0.20024448383350646,-0.14812251535733642,113.09217950473034
2023-05-24,81.78,85.42,80.06,84.37,1493636,125060752.76,2.4135,3.167,80.68199999999999,78.494,80.7995,86.32233333333333,91.46966666666667,101.82541666666667,96.11456,80.68199999999999,78.494,80.7995,86.32233333333333,91.46966666666667,101.82541666666667,96.11456,80.66447507626062,83.71309485873465,86.83982683982687,54.31283532810566,32.7248270561107,-3.0486197824740344,-4.116747707242013,2.1362558495359565,-3.0486197824740344,-4.071128735463011,2.0450179059779536,89.56702494630767,80.7995,72.03197505369232,75.30126092539314,58.180092497765024,109.54359778064936,72.63153637364897,54.729600551927184,108.43540801709254,3.828569669963927,44.0224508886812,-8.522727272727245,0.04571031952604072,0.0748592249089103,0.044189629886323675,-0.022616781288735573,-0.07761771662008167,-0.17142494711127296,-0.12219334926987122,136.58701969112198
2023-05-25,84.22,86.47,83.7,86.25,906130,77245888.78,1.4642,2.2283,82.51599999999999,79.493,80.53349999999999,86.021,91.17,101.45358333333334,96.23844,82.51599999999999,79.493,80.53349999999999,86.021,91.17,101.45358333333334,96.23844,81.52378660298976,83.90101375808763,85.78110383536018,69.40470696815875,35.78051087984862,-2.37722715509787,-3.768843596813184,2.783232883430628,-2.37722715509787,-3.810528492329913,2.866602674464086,88.17575448962063,80.53349999999999,72.89124551037935,82.98568230229401,66.44862243260803,116.05980204166596,81.20586593446455,63.55502234610631,116.50755311118104,3.636102457243212,100.86282614311546,-1.6454749439042544,0.045251829948131386,0.08500119507378015,0.07098288289966301,0.002662140640076251,-0.05396512010529781,-0.14985752926420381,-0.10378846539906504,124.65524206127981
2023-05-26,86.36,90.0,86.1,89.01,1684993,148415714.57,2.7227,3.2,84.43800000000002,81.01,80.6575,85.79299999999999,90.88483333333333,101.15366666666667,96.37444,84.43800000000002,81.01,80.6575,85.79299999999999,90.88483333333333,101.15366666666667,96.37444,82.67551174099133,84.27945718341448,100.0,74.82135350987811,40.3012832434443,-1.6039454424231536,-3.3358639659351783,3.4638370470240494,-1.6039454424231536,-3.471054176959642,3.734217469072977,88.7751192387411,80.6575,72.5398807612589,86.42437457951763,73.1072064815779,113.05871077539709,85.51791456774956,70.8759864199874,114.80177086327384,3.684083828653538,160.91490425220215,-5.857988165680441,0.05414623747601776,0.09875324034069867,0.10355515606112273,0.037497231708880835,-0.020628671083734115,-0.12005167056063212,-0.07641486684643772,137.0241046335647
2023-05-29,89.68,96.37,89.12,92.57,2501940,232403581.56,4.0428,3.9996,86.796,82.57000000000001,81.0865,85.64666666666668,90.77783333333333,100.90925,96.52467999999999,86.796,82.57000000000001,81.0865,85.64666666666668,90.77783333333333,100.90925,96.52467999999999,84.19774070391574,84.89357146612451,100.0,80.87845513063233,46.584194977843424,-0.6958307622087716,-2.807857325189897,4.224053125962251,-0.6958307622087716,-3.0440967285364313,4.696531932655319,90.71240862422985,81.0865,71.46059137577015,84.952108305537,77.05550708956427,100.74531073748244,84.35630868740434,75.36942717579305,102.3300717106269,4.352432223443803,216.54573184822289,-17.9669030732861,0.0665238029402275,0.12110936175366338,0.14162036837204703,0.08083599283879486,0.019742337978985246,-0.08264108592621595,-0.04097066159659889,148.01803242785516
2023-05-30,92.0,94.48,90.6,92.74,1850697,170680948.96,2.9905,0.1836,88.988,84.25800000000001,81.4085,85.58666666666667,90.70166666666665,100.68475,96.68028,88.988,84.25800000000001,81.4085,85.58666666666667,90.70166666666665,100.68475,96.68028,85.51193444177486,85.47478839455974,100.0,89.11423841059604,49.02528469407449,0.03714604721511705,-2.238856650708894,4.552005395848022,0.03714604721511705,-2.5700593784208086,5.214410851271851,92.13648460495394,81.4085,70.68051539504607,84.00160277568344,79.37087231827067,93.26306369050897,83.84170579160289,78.19352004772966,95.13807727934935,4.266535455544932,187.86755261166323,-17.187500000000043,0.042162988268081035,0.10066699897932521,0.13919308180349707,0.08357999688424975,0.022472942430311917,-0.07890718306396946,-0.040755777703581346,101.85169909188568
2023-05-31,92.77,95.17,92.51,93.41,1137802,106599944.9,1.8385,0.7224,90.796,85.739,81.885,85.43533333333333,90.64333333333333,100.47291666666666,96.82047999999999,90.796,85.739,81.885,85.43533333333333,90.64333333333333,100.47291666666666,96.82047999999999,86.72702145073256,86.06258184681458,100.0,87.88018433179725,51.82902584493043,0.6644396039179838,-1.6581973997835187,4.645274007403005,0.6644396039179838,-2.0724441503686863,5.47376750857334,93.8504106754218,81.885,69.91958932457821,84.43779308287911,81.05984590647348,91.19368743569035,84.36258361123295,80.24987456889743,92.58800169590401,3.974438099991307,174.17267733927562,-14.595660749506942,0.028789814529274305,0.08946920304645485,0.140746168406912,0.09334155267531775,0.03052256095318647,-0.07029672175337466,-0.03522477888975548,107.46395136629722
2023-06-01,66.51,67.48,63.57,64.1,2574401,167027322.37,2.9713,-3.6235,86.366,84.441,81.054,84.16033333333333,90.03766666666667,99.99041666666668,96.85528,86.366,84.441,81.054,84.16033333333333,90.03766666666667,99.99041666666668,96.85528,83.24594122754293,84.43572393223572,23.572359843546266,38.216432865731456,34.96043985516964,-1.1897827046927887,-1.5645144607653727,0.749463512145168,-1.1897827046927887,-1.9366500818031636,1.4937347542207497,95.42649038962689,81.054,66.68150961037311,56.830479941431605,72.98339058479286,24.5246586547091,56.78034029366749,72.42669647715412,25.487627926694216,8.677267536356522,-203.92129256315394,-98.38414634146343,-0.2578097862584814,-0.24089008893783834,-0.20916919584474558,-0.23835852994878823,-0.28807573126802494,-0.3589385649458074,-0.33818786131225886,2.315509538648012
2023-06-02,64.11,64.96,62.6,62.91,2290807,144667811.26,2.644,-1.8565,81.14599999999999,82.792,80.1625,82.88133333333332,89.36200000000001,99.49391666666666,96.88532,81.14599999999999,82.792,80.1625,82.88133333333332,89.36200000000001,99.49391666666666,96.88532,80.11733488484401,82.84122586318122,19.012214551248007,33.77456049638056,35.6050259491942,-2.7238909783372094,-1.79638976427974,-1.8550024281149389,-2.7238909783372094,-2.0577640658853245,-1.3322538249037699,96.67030341790289,80.1625,63.65469658209711,38.19297813882431,61.38658643613668,-8.194238455800445,38.15955170698157,61.00431488709661,-7.52997465324853,7.528673438837153,-187.37538031906396,-99.0820254663903,-0.2247307322603701,-0.24014397526331052,-0.21521908623109307,-0.24096298322099055,-0.296009489492178,-0.36770003526178735,-0.35067562351035225,82.91184065668202
2023-06-05,62.9,63.46,61.82,63.08,1575567,98820239.41,1.8185,0.2702,75.24799999999999,81.022,79.20250000000001,81.66933333333333,88.75833333333334,99.02041666666668,96.91584,75.24799999999999,81.022,79.20250000000001,81.66933333333333,88.75833333333334,99.02041666666668,96.91584,77.49620644102185,81.37743135479742,13.031080695751342,35.1063829787234,33.66629150253236,-3.8812249137755686,-2.213356794178906,-3.3357362391933254,-3.8812249137755686,-2.338296504022285,-3.085856819506567,97.34408917776089,79.20250000000001,61.06091082223914,26.677614948314133,49.81692927352917,-19.601013702115935,26.655330660418972,49.554653478204074,-19.143314975151227,6.45800554086676,-167.7488761670572,-96.35311143270623,-0.1617052944928768,-0.22144602700501106,-0.20356049367128579,-0.22761705740220722,-0.2893061684348888,-0.36295965899288457,-0.3491260045829454,102.73537126432221
2023-06-06,62.27,63.35,60.66,60.85,1221963,75209120.91,1.4104,-3.5352,68.87,78.929,78.353,80.48866666666667,88.06933333333333,98.54700000000001,96.93764,68.87,78.929,78.353,80.48866666666667,88.06933333333333,98.54700000000001,96.93764,74.93525160394157,79.8568808840717,2.9934795494961577,30.2280963547218,33.75652419241078,-4.921629280130134,-2.7550112913691516,-4.333235977521964,-4.921629280130134,-2.735732315731185,-4.3717939287978975,98.26772250952774,78.353,58.438277490472245,17.962431248096667,39.198763265051674,-24.510232785813344,17.94757505616656,39.01896067085824,-24.1951961732168,5.772913624345532,-153.2095666326447,-99.46793615233827,-0.11645128502976626,-0.22905395988800062,-0.22338646892907732,-0.24399294310586175,-0.30906709864954884,-0.38252813378387984,-0.37227685757565376,69.77325424803851
2023-06-07,60.85,64.64,60.26,63.32,2393816,151304056.91,2.7629,4.0592,62.852,76.824,77.659,79.47433333333333,87.46183333333333,98.1205,96.96892,62.852,76.824,77.659,79.47433333333333,87.46183333333333,98.1205,96.96892,73.14828981871979,78.63192674451084,9.184239733629312,31.8125,37.60683760683761,-5.483636925791046,-3.3007364182535306,-4.365801015075031,-5.483636925791046,-3.15848687112501,-4.650300109332073,98.6795953143181,77.659,56.638404685681905,14.799656463930043,31.065727664677798,-17.732485937565464,14.789752335976639,30.942557892564377,-17.515858777198837,5.519656601737253,-124.9841872232764,-91.52589310440321,0.007446063768853871,-0.17577840258252628,-0.18464054391635232,-0.20326478569601086,-0.2760270670444822,-0.3546710422388798,-0.347007267895734,148.86864527306778
2023-06-08,62.88,63.85,61.8,63.46,1990510,124954059.87,2.2974,0.2211,62.724000000000004,74.545,77.01899999999999,78.53733333333334,86.84033333333333,97.70583333333333,96.99596000000001,62.724000000000004,74.545,77.01899999999999,78.53733333333334,86.84033333333333,97.70583333333333,96.99596000000001,71.6577836927629,77.50808031899152,7.828780625176023,30.56851930420025,37.713310580204784,-5.850296626228612,-3.8106484598485473,-4.07929633276013,-5.850296626228612,-3.5726114488332565,-4.555370354790711,98.9774448687183,77.01899999999999,55.06055513128169,12.820374686836777,24.983943338730793,-11.506762616951256,12.813771934867841,24.899629239998866,-11.357942675394213,4.888809946875935,-106.98780528652291,-91.13818886734975,0.011733945539187505,-0.14870212623247703,-0.17604746880639832,-0.19197663955995453,-0.26923357426080813,-0.3504993731182887,-0.34574594653220614,102.23312017280031
2023-06-09,63.25,65.2,62.55,64.33,4354138,280648100.37,5.0255,1.3709,63.007999999999996,72.077,76.5435,77.79733333333333,86.27266666666667,97.29916666666666,97.01328,63.007999999999996,72.077,76.5435,77.79733333333333,86.27266666666667,97.29916666666666,97.01328,70.53043235541476,76.53192622128844,51.626591230551654,27.939233817701435,37.11414213926776,-6.001493865873684,-4.248817541053574,-3.505352649640219,-6.001493865873684,-3.9462856668394766,-4.1104163980684145,99.19279814179013,76.5435,53.894201858209854,12.433099977417587,20.800328884959725,-4.301357837666686,12.2995533013584,20.699603927118712,-4.500547950162222,4.481753592898493,-88.80416678701063,-88.72888396566049,0.02098146267140685,-0.10748227589938537,-0.15956286294721297,-0.1731079042983478,-0.2543408881917023,-0.33884325833554585,-0.33689490758378643,114.5868646574786
2023-06-12,63.17,64.5,62.06,62.47,2569592,161751194.39,2.9658,-2.8913,62.886,69.067,75.8185,77.08,85.66133333333333,96.82558333333333,97.01364,62.886,69.067,75.8185,77.08,85.66133333333333,96.82558333333333,97.01364,69.29036583919711,75.49030205674856,47.1576227390181,23.810572687224663,38.54182197703891,-6.199936217551453,-4.639041276353151,-3.1217898823966053,-6.199936217551453,-4.293001136179781,-3.8138701627433456,99.32247437836534,75.8185,52.31452562163465,10.398921421018773,17.33319306364608,-3.4696218642358367,10.309890303645982,17.236366052627805,-3.543061194317662,4.110525666916948,-84.73692653192174,-93.66943569177886,-0.006615144865311896,-0.09551594828210282,-0.17605861366289233,-0.1895433316035288,-0.27073280826821905,-0.3548192755530348,-0.3560699299603643,74.57264469119231
2023-06-13,62.95,64.27,61.82,62.7,1667412,105217752.85,1.9245,0.3682,63.25600000000001,66.063,75.1605,76.29333333333332,85.05083333333333,96.39283333333333,97.00244,63.25600000000001,66.063,75.1605,76.29333333333332,85.05083333333333,96.39283333333333,97.00244,68.27646340239755,74.54287227476719,47.56410256410259,19.314205738278517,39.12391239123912,-6.266408872369638,-4.964514795556449,-2.603788153626379,-6.266408872369638,-4.596602326362836,-3.339613092013604,99.3853628044545,75.1605,50.935637195545496,18.197618897484364,17.621335008258843,19.35018667593541,9.203060641655332,14.558597582303648,-1.5080132396413006,3.808611909295684,-75.68651797084361,-93.01059868232598,-0.008789680030352923,-0.05090595340811043,-0.16578521962999176,-0.17817196784341124,-0.26279381938252605,-0.3495367048380152,-0.35362450676498447,103.74336936380719
2023-06-14,62.91,63.49,61.47,62.76,983919,61514660.45,1.1356,0.0957,63.144000000000005,62.998000000000005,74.3685,75.58933333333334,84.49900000000001,95.99266666666666,96.98348,63.144000000000005,62.998000000000005,74.3685,75.58933333333334,84.49900000000001,95.99266666666666,96.98348,67.42777672510562,73.67006692108073,66.96269982238009,12.141224282448576,39.73852234721799,-6.242290195975116,-5.220069875640182,-2.044440640669867,-6.242290195975116,-4.849785075533957,-2.7850102408823183,99.14924742936135,74.3685,49.58775257063864,29.000841748120468,21.41450392154605,44.17351740126931,17.677386688158023,15.598193950921774,21.835772162630523,3.4834097439691964,-69.97260000996359,-65.3739612188366,-0.006081337894336871,-0.003777897711038551,-0.15609431412493194,-0.16972412333309828,-0.2572693167966486,-0.3462000569487947,-0.3528794800928983,100.96106911701288
2023-06-15,62.15,63.6,61.69,62.1,1237939,77338783.67,1.4288,-1.0516,62.872,62.798,73.61949999999999,74.96866666666666,83.95733333333334,95.56325,96.97444,62.872,62.798,73.61949999999999,74.96866666666666,83.95733333333334,95.56325,96.97444,66.60811876739706,72.8130249269266,34.03141361256543,11.565479177119911,40.83099031552639,-6.204906159529543,-5.417037132418054,-1.5757380542229775,-6.204906159529543,-5.058265242302509,-2.293281834454067,98.95451714394748,73.61949999999999,48.28448285605249,31.749549019664673,24.85951895425226,45.529609150489506,24.20057897968971,18.465655627177753,35.67042568471362,3.1973352450657067,-64.09421705224469,-62.753036437246934,-0.012278915892607177,-0.011115003662537029,-0.15647348868166708,-0.17165393542190954,-0.2603385846779317,-0.35016860560937385,-0.3596250723386492,89.96770717121395
2023-06-16,61.81,63.3,60.76,62.81,1945654,120937366.8,2.2456,1.1433,62.568000000000005,62.788,72.78999999999999,74.37100000000001,83.44583333333334,95.16466666666666,96.97364,62.568000000000005,62.788,72.78999999999999,74.37100000000001,83.44583333333334,95.16466666666666,96.97364,66.02379280318213,72.07206011752464,42.59681093394078,11.654135338345867,38.506493506493506,-6.04826731434251,-5.543283168802946,-1.0099682910791294,-6.04826731434251,-5.210573253385586,-1.6753881219138478,98.41284917802666,72.78999999999999,47.16715082197332,38.37284374590332,29.363960551469283,56.39061013477139,33.340197052586674,23.423836102314063,53.1729189531319,3.0778197459628505,-59.623121946942746,-48.380566801619395,0.0038677918424753436,0.0003503854239664517,-0.13710674543206472,-0.1554503771631416,-0.24729615019723378,-0.3399861293056946,-0.35229821217394747,112.03969870969124
2023-06-19,62.05,64.27,60.8,63.55,2276954,142948266.23,2.628,1.1782,62.784000000000006,62.834999999999994,71.9285,73.74666666666667,82.93416666666667,94.76508333333335,96.97164,62.784000000000006,62.834999999999994,71.9285,73.74666666666667,82.93416666666667,94.76508333333335,96.97164,65.64320929500026,71.4407964051154,40.84507042253518,47.57281553398059,39.94773803691001,-5.7975871101151455,-5.594143957065386,-0.40688630609951915,-5.7975871101151455,-5.300883077497826,-0.9934080652346395,97.57883396725039,71.9285,46.27816603274961,47.78162592506912,35.503182342669234,72.33851308986888,44.42652812952469,30.424733444717607,72.43011749913887,3.1491252466968773,-51.966050351604885,-33.40080971659927,0.012200560652395373,0.011379008514363069,-0.11648373037113248,-0.13826613632254572,-0.23372956461450353,-0.32939435322960914,-0.3446537565003541,112.42622150685287
2023-06-20,63.89,65.46,62.9,63.83,3245175,208929030.88,3.7455,0.4406,63.010000000000005,63.133,71.03099999999999,73.27966666666666,82.44766666666666,94.37483333333334,96.973,63.010000000000005,63.133,71.03099999999999,73.27966666666666,82.44766666666666,94.37483333333334,96.973,65.36425401884637,70.8770337084402,75.37313432835828,54.414587332053756,37.43406499914923,-5.5127796895938275,-5.577871103571074,0.13018282795449387,-5.5127796895938275,-5.333482556281826,-0.35859426662400296,96.485342117436,71.03099999999999,45.57665788256397,53.62746692876951,41.544610538036,77.79317971023653,52.502300804298535,37.78392256457792,81.93905728373977,3.042011565479262,-41.60891983481634,-31.346153846153786,0.013013807332169388,0.011040185006256562,-0.10137827145894038,-0.12895346139674935,-0.22581192918336074,-0.32365443470981853,-0.3417755457704722,104.49437083153306
2023-06-21,63.97,63.97,61.75,62.01,1563248,97920716.94,1.8043,-2.8513,62.86,63.001999999999995,69.913,72.77333333333333,81.93616666666667,93.98525000000001,96.96744,62.86,63.001999999999995,69.913,72.77333333333333,81.93616666666667,93.98525000000001,96.96744,64.84821493902385,70.22021639670389,41.920374707259874,45.56752278376139,37.243947858473,-5.372001457680042,-5.536697174392868,0.329391433425652,-5.372001457680042,-5.339408541112321,-0.0651858331354429,94.85962858773972,69.913,44.96637141226027,44.61689284613004,42.56870464073401,48.7132692569221,43.86678209648272,39.81154240854619,51.97726147235579,2.8925549172103047,-47.40618769725002,-73.40425531914892,-0.013522112631244056,-0.015745531887876533,-0.11304049318438629,-0.14790216196408937,-0.24319134610886117,-0.34021561894020613,-0.36050699080021087,74.88052302042783
2023-06-26,61.61,62.8,60.5,61.23,1160784,71466057.57,1.3398,-1.2579,62.686,62.778999999999996,68.662,72.27233333333332,81.412,93.58383333333333,96.95615999999998,62.686,62.778999999999996,68.662,72.27233333333332,81.412,93.58383333333333,96.95615999999998,64.29156648686633,69.5542744413925,34.66933867735469,51.789077212806006,34.208239179558475,-5.262707954526164,-5.481899330419528,0.4383827517867278,-5.262707954526164,-5.327608450868296,0.12980099268426493,92.65008792099022,68.662,44.673912079009796,34.65050920924797,39.929306163572,24.092915300599913,34.15043537614976,37.92450673108071,26.602292666287852,2.784817659535703,-51.97520184544406,-85.28225806451617,-0.0232268768145998,-0.02467385590723012,-0.10824036585010645,-0.15278783490224465,-0.2478995725445881,-0.345720325626043,-0.36847746445403773,88.11001615851362
2023-06-27,61.63,61.8,60.1,60.43,944392,57170009.08,1.09,-1.3065,62.21,62.388999999999996,67.233,71.82533333333335,80.9075,93.19666666666667,96.936,62.21,62.388999999999996,67.233,71.82533333333335,80.9075,93.19666666666667,96.936,63.69747933504074,68.87840226054861,33.72319688109158,33.85474860335192,32.1334503950834,-5.180922925507872,-5.421704049437197,0.48156224785864943,-5.180922925507872,-5.305041446966692,0.2482370429176406,89.45754129536456,67.233,45.00845870463545,25.152578278802125,35.003730201982044,5.450274432442285,24.819195723403315,33.55606972852158,7.3454477131667915,2.587578085074665,-56.851170962046844,-93.84328358208958,-0.02861276322134707,-0.03139976598438821,-0.10118542977406934,-0.15865339991460783,-0.2530976732688564,-0.3515862512965414,-0.3765989931501197,87.67652895993663
2023-06-28,60.15,60.72,58.91,60.4,1188783,71059452.53,1.3721,-0.0496,61.58,62.181999999999995,65.62449999999998,71.27299999999998,80.4285,92.73633333333333,96.91768,61.58,62.181999999999995,65.62449999999998,71.27299999999998,80.4285,92.73633333333333,96.91768,63.19017482195755,68.25037246347094,22.921348314606675,32.69230769230765,30.903894247945686,-5.0601976415133905,-5.349402767852435,0.5784102526780899,-5.0601976415133905,-5.267373169204646,0.41435105538251094,84.53787313008395,65.62449999999998,46.711126869916015,24.351082720219246,31.452847708061114,10.147552744535517,24.1288276832867,30.41365571344329,11.559171622973523,2.446200251424726,-69.18643841356418,-77.25190839694652,-0.019162065605716136,-0.028657810942073213,-0.07961203513931514,-0.1525542631852172,-0.24902242364336027,-0.3486910919488586,-0.3767906949485378,99.5046654152822
2023-06-29,60.4,64.4,59.6,63.35,1863239,116252471.9,2.1505,4.8841,61.484,62.24699999999999,64.155,70.85600000000001,79.99883333333334,92.28175000000002,96.91448,61.484,62.24699999999999,64.155,70.85600000000001,79.99883333333334,92.28175000000002,96.91448,63.21476331088716,67.88738191062124,48.49849849849853,45.51282051282053,31.345402910898116,-4.672618599734086,-5.214045934228766,1.0828546689893592,-4.672618599734086,-5.175872466209174,1.0065077329501761,78.1164800904372,64.155,50.19351990956281,38.82947499414111,33.91172347008778,48.66497804224777,38.68130496951942,33.169538798802,49.70483731095425,2.8741638420747764,-38.41197317166046,-32.21374045801517,0.030349359182876838,0.01771972946487395,-0.012547735951991266,-0.10593316021226158,-0.20811345165450332,-0.3135154025579273,-0.34633090947812956,161.10046945719188
2023-06-30,64.0,65.61,62.6,64.93,1998630,129293008.45,2.3068,2.4941,62.068000000000005,62.464,62.73100000000001,70.40033333333334,79.596,91.85466666666667,96.92388,62.068000000000005,62.464,62.73100000000001,70.40033333333334,79.596,91.85466666666667,96.92388,63.47864587844298,67.66831658390856,56.90954773869351,61.56015037593989,30.97787294789437,-4.189670705465581,-5.009170888476129,1.6390003660210972,-4.189670705465581,-5.024149118402468,1.6689568258737744,65.24722022295512,62.73100000000001,60.214779777044896,55.83656541897969,41.22000411971842,85.06968801750223,55.73778540256522,40.692287666723075,85.8287808742495,2.8988613253339075,131.8973168111361,-10.149253731343169,0.04611071727782435,0.03947873975409849,0.03505443879421654,-0.07770323057182488,-0.18425549022563942,-0.29312246882756815,-0.33009285224652574,127.93454724924797
2023-07-03,64.93,68.11,64.89,68.06,2754363,184325181.76,3.179,4.8206,63.43399999999999,63.05999999999999,62.928999999999995,70.09966666666668,79.23633333333333,91.441,96.94372,63.43399999999999,63.05999999999999,62.928999999999995,70.09966666666668,79.23633333333333,91.441,96.94372,64.18346958945176,67.69733017028571,82.63214670981662,69.79320531757756,31.430597411806403,-3.513860580833949,-4.710108826947694,2.3924964922274903,-3.513860580833949,-4.791797035699619,2.55587290973134,66.35687274834257,62.928999999999995,59.501127251657415,70.37655085902995,50.938853032822266,109.25194651144531,70.31069751475363,50.56509094939993,109.80191064546102,2.957250175273197,298.7210573860112,-0.5434782608695341,0.07292619100167122,0.07928956549318134,0.08153633459931045,-0.029096667126329783,-0.14105061230327837,-0.25569492897059304,-0.2979431777530303,160.12731403030585
2023-07-04,68.0,70.45,67.8,69.72,2166108,150400502.48,2.5001,2.439,65.292,63.751,63.26950000000001,69.777,78.80316666666667,91.05558333333333,96.94268000000001,65.292,63.751,63.26950000000001,69.777,78.80316666666667,91.05558333333333,96.94268000000001,65.03524349876687,67.84715756507936,91.82266009852218,72.98546895640688,29.040543019629425,-2.8119140663124824,-4.330469874820652,3.0371116170163397,-2.8119140663124824,-4.487199655793906,3.3505711789628467,67.84891607400228,63.26950000000001,58.69008392599774,78.14242616482989,60.00671074349148,114.41385700750669,78.09852393531236,59.74290194470407,114.80976791652893,2.9013865070417073,313.18769204865873,-6.325823223570222,0.06781841573240209,0.09362990384464559,0.10195275764783965,-0.0008168880863322034,-0.11526398050839755,-0.23431383944056147,-0.2808121252682514,127.24898790181615
2023-07-05,70.32,74.5,70.0,70.0,3278894,236428082.84,3.7845,0.4016,67.212,64.396,63.6155,69.41766666666668,78.37983333333334,90.623,96.95492000000002,67.212,64.396,63.6155,69.41766666666668,78.37983333333334,90.623,96.95492000000002,65.79905219126428,68.00662737507348,99.6884735202492,76.76151761517615,29.183449285975826,-2.2075751838091975,-3.905890936618362,3.3966315056183287,-2.2075751838091975,-4.136488198565489,3.8578260295125837,69.09237761602688,63.6155,58.13862238397312,75.80673183278589,65.27338443992295,96.87342661851176,75.7774636797742,65.08775585639412,97.15687932653435,3.242952596670488,279.2114947378292,-28.86465683130211,0.041480687972385834,0.08702403876017142,0.10036076113525796,0.008388834734673552,-0.10691313029074236,-0.22756916014698259,-0.2780149785075374,104.0894265110738
2023-07-06,68.74,70.46,67.67,67.98,1730949,118937142.57,1.9978,-2.8857,68.138,64.811,63.972,68.95766666666667,77.88216666666666,90.18716666666666,96.95896,68.138,64.811,63.972,68.95766666666667,77.88216666666666,90.18716666666666,96.95896,66.13458262337747,68.0046549769199,82.6161790017212,66.08587429993779,27.282472753260677,-1.870072353542426,-3.498727220003175,3.257309732921498,-1.870072353542426,-3.7878088377927104,3.835472968500569,69.61657671713954,63.972,58.327423282860465,69.93059436703581,66.82578774896058,76.14020760318627,69.91108226502801,66.69553132593876,76.34218414320651,3.160597579094034,147.671488351662,-41.821680564464366,-0.0023188235639437795,0.04889602073722048,0.06265241042956297,-0.014177780570688261,-0.12714292745664915,-0.24623422031589848,-0.2988786183350151,74.61586917958576
2023-07-07,67.69,67.9,65.26,65.6,1334771,88468223.92,1.5406,-3.501,68.27199999999999,65.17,64.086,68.33200000000001,77.32716666666667,89.74108333333334,96.952,68.27199999999999,65.17,64.086,68.33200000000001,77.32716666666667,89.74108333333334,96.952,66.05233914285786,67.82653238603694,60.180995475113086,55.78769057029926,52.582644628099175,-1.7741932431790843,-3.153820424638357,2.7592543629185453,-1.7741932431790843,-3.478021823236768,3.4076571601153676,69.76710960250495,64.086,58.404890397495045,60.92443729664692,64.8586709315227,53.05597002689538,60.91142922864172,64.76749729350641,53.199293098912335,3.0804889283496637,63.72123370666396,-57.08787684413088,-0.03913756737754859,0.006598127972993595,0.023624504571981335,-0.03998126792717926,-0.15165648984940622,-0.26900815587063903,-0.32337651621420915,70.02075532958092
2023-07-10,66.48,69.98,65.93,68.43,2280189,155894908.99,2.6318,4.314,68.34599999999999,65.89,64.3345,67.738,76.87950000000001,89.3415,96.96772,68.34599999999999,65.89,64.3345,67.738,76.87950000000001,89.3415,96.96772,66.41813312087973,67.87123369077494,64.22764227642276,61.35241855873644,58.996088657105624,-1.4531005698952129,-2.8136764536897285,2.7211517675890313,-1.4531005698952129,-3.1664954765688367,3.4267898133472476,70.32659470446299,64.3345,58.34240529553701,60.97121990398657,63.56285392234399,55.787951867271744,60.96254785864978,63.49918081522087,55.889281945507605,3.3167636686497266,100.97602120737419,-38.93521488133413,0.0012290404705471776,0.038549096979814935,0.06365946731535958,0.010215831586406555,-0.1099057616139543,-0.23406255771394022,-0.2943012375664808,152.55519669954006
2023-07-11,68.43,69.24,66.74,67.2,1835894,124240886.3,2.119,-1.7975,67.84200000000001,66.56700000000001,64.47800000000001,67.011,76.402,88.95366666666668,96.98848,67.84200000000001,66.56700000000001,64.47800000000001,67.011,76.402,88.95366666666668,96.98848,66.53842033305209,67.82151267664347,45.86538461538463,63.19267920691408,56.49023314429743,-1.2830923435913775,-2.507559631670058,2.4489345761573613,-1.2830923435913775,-2.8767411484184584,3.187297609654162,70.60557219888244,64.47800000000001,58.350427801117576,57.64971707245638,61.59180830571479,49.765534605939564,58.366735989580945,61.7883658733409,51.523476222061035,3.168261183440685,79.14636057030211,-46.82488774855674,-0.009463164411426698,0.009509216278336044,0.04221594962622901,0.002820432466311608,-0.12044187324939135,-0.2445505337984944,-0.3071342081038902,83.41176875962822
2023-07-12,67.02,67.07,62.6,62.84,2409178,155041533.64,2.7806,-6.4881,66.41,66.81099999999999,64.4965,66.02,75.83333333333333,88.54566666666668,96.99772,66.41,66.81099999999999,64.4965,66.02,75.83333333333333,88.54566666666668,96.99772,65.96943258950562,67.45251173763285,23.740458015267237,53.46236559139786,52.937702981989965,-1.4830791481272314,-2.302663534961493,1.6391687736685228,-1.4830791481272314,-2.662331609912116,2.358504923569769,70.6007358890658,64.4965,58.39226411093419,39.10541362253396,54.096343411321186,9.123554044959505,46.159479474038314,56.57873707357337,25.320964274968205,3.4285773319060153,-10.431841395823984,-78.25503355704696,-0.05375696431260343,-0.05943632036640658,-0.025683564224415187,-0.048167222053922945,-0.17134065934065926,-0.2903097083614105,-0.35214972063260863,51.12920419225232
2023-07-13,62.84,63.4,61.6,61.66,1469757,91801504.5,1.6964,-1.8778,65.146,66.64200000000001,64.4445,64.984,75.28533333333333,88.13925,96.98183999999999,65.146,66.64200000000001,64.4445,64.984,75.28533333333333,88.13925,96.98183999999999,65.3064429603509,67.02343679410448,20.21428571428575,52.60262378332627,47.452424800491094,-1.7169938337535768,-2.1855295947199096,0.9370715219326655,-1.7169938337535768,-2.5168950289646483,1.599802390422143,70.63034623831662,64.4445,58.2586537616834,26.225314508045884,44.80600044356275,-10.936057362987853,30.928025075715453,48.028499740954075,-3.27292425476179,3.1324723624685573,-57.97516179669512,-99.53488372093027,-0.05351057624412864,-0.07475766033432389,-0.04320772137265411,-0.05115105256678564,-0.1809825729668461,-0.30042517947452474,-0.3642108666942182,82.73198417807343
2023-07-14,62.34,62.34,60.13,60.58,1675742,101988907.36,1.9341,-1.7515,64.14200000000001,66.207,64.3355,63.88966666666666,74.6625,87.73741666666666,96.96395999999999,64.14200000000001,66.207,64.3355,63.88966666666666,74.6625,87.73741666666666,96.96395999999999,64.57929788952768,66.54614517972637,21.66921898928028,50.3646677471637,45.704057279236274,-1.966847290198686,-2.141793133815665,0.34989168723395814,-1.966847290198686,-2.432272299923731,0.9308500194500899,70.71996296631957,64.3355,57.95103703368043,18.527384341480825,36.04646174286878,-16.51077046129508,21.662524719927205,39.23984140061179,-13.492108641441959,2.9647501147470012,-84.26820147627868,-96.86847599164929,-0.05553303607620609,-0.0849910130348754,-0.05837368171538261,-0.05180284761750724,-0.18861543612924825,-0.30953061645117197,-0.37523178715060723,83.80259867082745
2023-07-17,60.58,60.58,57.88,57.9,1969244,115762538.99,2.2729,-4.4239,62.036,65.191,64.12550000000002,63.683,73.92166666666667,87.37325000000001,96.93484,62.036,65.191,64.12550000000002,63.683,73.92166666666667,87.37325000000001,96.93484,63.551713598831114,65.90568998122812,21.18263473053898,38.836542400655475,40.90008491367111,-2.3539763823970077,-2.1842297835319338,-0.33949319773014786,-2.3539763823970077,-2.420226774150389,0.13250078350676286,71.07119453917056,64.12550000000002,57.17980546082947,12.391701875467756,28.161541787068437,-19.147977947733608,14.481795461098677,30.987159420774084,-18.528932458252136,2.916613730247546,-127.72799034175323,-99.87966305655839,-0.06667096524598624,-0.11184059149269077,-0.09708306367981562,-0.09080916414113659,-0.21673843933893988,-0.33732578334902286,-0.4026915400077,63.60524756249529
2023-07-18,58.6,59.09,57.21,57.39,1126845,65515990.66,1.3006,-0.8808,60.074,63.958000000000006,63.854499999999994,63.499,73.19016666666667,86.97466666666666,96.89808000000001,60.074,63.958000000000006,63.854499999999994,63.499,73.19016666666667,86.97466666666666,96.89808000000001,62.603757660549405,65.27489813076679,0.0,33.847472150814056,42.525014714537974,-2.671140470217381,-2.281611920869023,-0.7790570986967156,-2.671140470217381,-2.4588288812376184,-0.42462317795952487,71.41228155976654,63.854499999999994,56.296718440233455,8.713964772324417,21.6790161154871,-17.216137914000953,10.001551707052098,23.991956849533423,-17.979258577910553,2.7281385065661743,-134.5791471553977,-98.95893580104106,-0.04467823018277454,-0.10269239188217275,-0.10123797069901094,-0.0962062394683381,-0.21587827144356828,-0.34015268813907495,-0.4077282026640776,91.53277102158764
2023-07-19,57.21,57.96,56.15,56.66,1205409,68533319.33,1.3913,-1.272,58.838,62.624,63.510000000000005,63.285,72.47716666666666,86.57266666666666,96.83492,58.838,62.624,63.510000000000005,63.285,72.47716666666666,86.57266666666666,96.83492,61.68933340508026,64.63675752848776,0.0,22.77936962750718,41.24129930394431,-2.947424123407501,-2.4147743613767187,-1.0652995240615644,-2.947424123407501,-2.533997380032985,-0.826853486749032,71.72570767685063,63.510000000000005,55.294292323149385,7.038521706495376,16.79885131248986,-12.48213750549359,7.855681571298181,18.61319842345501,-13.659352133015478,2.561204232645052,-136.09592898075468,-96.43605870020966,-0.03701689384411442,-0.09523505365355145,-0.10785703038891525,-0.10468515445998262,-0.21823654806226328,-0.3455209111420849,-0.41488049972055535,87.9839497649886
2023-07-20,56.66,58.07,56.28,57.25,1494945,85646504.42,1.7254,1.0413,57.955999999999996,61.551,63.181000000000004,63.165,71.82683333333333,86.18608333333333,96.76556,57.955999999999996,61.551,63.181000000000004,63.165,71.82683333333333,86.18608333333333,96.76556,61.00635903506791,64.08959030415534,8.71491875923195,18.621036738802275,42.13081976578121,-3.0832312690874275,-2.548465742918861,-1.0695310523371333,-3.0832312690874275,-2.6184949014259757,-0.9294727353229035,71.85686100686318,63.181000000000004,54.50513899313683,7.3435890672851825,13.64709723075497,-5.263427259654392,7.888362310487053,15.038253052465691,-6.411419173470225,2.4209852812550423,-114.2527797269882,-92.04627621113521,-0.012181655048657534,-0.06987701255869119,-0.0938731580696729,-0.09364363175809387,-0.20294411791322176,-0.3357396254035599,-0.40836388483671254,110.91472538696516
2023-07-21,57.92,57.92,56.1,56.18,876139,49650721.35,1.0112,-1.869,57.076,60.608999999999995,62.8895,62.927,71.20066666666666,85.7255,96.69964,57.076,60.608999999999995,62.8895,62.927,71.20066666666666,85.7255,96.69964,60.26384226044208,63.50369472606975,8.858858858858909,16.553727008712542,41.64313946922643,-3.2398524656276706,-2.686743087460623,-1.106218756334095,-3.2398524656276706,-2.714088372841621,-1.0515281855720993,72.10594405682113,62.8895,53.673055943178866,5.098668713552878,10.797621058354274,-6.299235976049914,5.451031165684928,11.842512423538771,-7.3319313500227565,2.3117152301177617,-109.52865668152153,-99.42363112391932,-0.015698367089494722,-0.07307495586464048,-0.1066871258318161,-0.10721947653630397,-0.21096244417187102,-0.34465240797662305,-0.41902575852402346,82.80612055499303
2023-07-24,56.18,56.46,55.46,55.86,606812,33974663.32,0.7004,-0.5696,56.668000000000006,59.352,62.621,62.67366666666666,70.60549999999999,85.26991666666667,96.63788000000001,56.668000000000006,59.352,62.621,62.67366666666666,70.60549999999999,85.26991666666667,96.63788000000001,59.58632806652791,62.937495116731256,10.000000000000043,18.03797468354435,40.07993148729661,-3.351167050203344,-2.8196278800091674,-1.063078340388353,-3.351167050203344,-2.812100477051117,-1.0781331463044541,72.34017886936023,62.621,52.90182113063978,4.547547732664304,8.714263283124286,-3.785883368255659,4.601606650369534,9.428877165815694,-5.052934380522785,2.073221551914532,-111.37227170880719,-97.09724238026126,-0.014258488035575754,-0.05883542256368779,-0.10796697593459068,-0.10871657953100979,-0.208843503693055,-0.34490378103258384,-0.42196579643510396,94.44782582851771
2023-07-25,56.45,56.63,55.0,55.73,1198942,66596750.88,1.3838,-0.2327,56.336,58.205,62.386,62.38699999999999,70.09216666666667,84.82433333333333,96.55808,56.336,58.205,62.386,62.38699999999999,70.09216666666667,84.82433333333333,96.55808,58.99304682552362,62.40360658956598,17.611940298507506,20.466786355475833,38.640325392213846,-3.410559764042361,-2.9378142568158063,-0.9454910144531095,-3.410559764042361,-2.9041711365882317,-1.0127772549082588,72.54554288237559,62.386,52.22645711762442,5.9285238852682545,7.785683483838943,2.214204688126877,5.083755441588519,7.980503257739969,-0.7097401907143812,1.9926358152027992,-103.98355452898421,-93.95194697597351,-0.010756887247940956,-0.04252212009277556,-0.1066906036610779,-0.10670492249987974,-0.20490401923182106,-0.3429951311141064,-0.4228344225568695,97.69697501873824
2023-07-26,56.2,56.2,54.7,56.07,754422,42013501.96,0.8707,0.6101,56.217999999999996,57.528000000000006,62.169500000000006,62.17366666666667,69.62683333333332,84.42491666666666,96.48116,56.217999999999996,57.528000000000006,62.169500000000006,62.17366666666667,69.62683333333332,84.42491666666666,96.48116,58.543347313904604,61.93445054589443,29.245283018868008,6.540084388185704,38.74709976798145,-3.391103231989824,-3.0284720518506103,-0.7252623602784274,-3.391103231989824,-2.9790837666500147,-0.8240389306796185,72.68552981917489,62.169500000000006,51.653470180825124,9.929661647770448,8.500342871816112,12.78829919967912,8.638212439986209,8.19973965182205,9.515158016314526,1.9030656669841084,-98.11522393859903,-84.25287356321842,-0.0026326087729907884,-0.025344180225281697,-0.09811080996308488,-0.09817125149446983,-0.194707021478788,-0.33585957542155304,-0.418850270871536,106.27108886339155
2023-07-27,55.66,57.57,55.02,55.16,1077343,60437227.36,1.2435,-1.623,55.8,56.878,61.760000000000005,61.92233333333333,69.10783333333333,83.97333333333333,96.40856,55.8,56.878,61.760000000000005,61.92233333333333,69.10783333333333,83.97333333333333,96.40856,58.02283234253466,61.432639394346694,27.678571428571516,6.690647482014427,39.79743818885911,-3.409807051812031,-3.1047390518428943,-0.6101359999382732,-3.409807051812031,-3.045348887444171,-0.7289163287357194,72.7113123462507,61.760000000000005,50.80868765374932,9.227484182413825,8.742723308682017,10.197005929877442,7.765789096116433,8.055089466586844,7.187188355175611,2.0206900911688153,-83.99043389135652,-93.97905759162312,-0.011469534050179222,-0.030205000175814962,-0.1068652849740934,-0.10920669440751045,-0.20182709630119117,-0.3431248015242934,-0.4278516347511051,84.90573268958745
2023-07-28,55.16,55.33,53.4,54.5,1312077,71112172.74,1.5144,-1.1965,55.464,56.269999999999996,61.2385,61.647,68.61816666666667,83.52316666666665,96.33312,55.464,56.269999999999996,61.2385,61.647,68.61816666666667,83.52316666666665,96.33312,57.48085813599087,60.919110550321015,9.912536443148767,9.117647058823593,39.940209267563546,-3.438252414330144,-3.1714417243403448,-0.5336213799795981,-3.438252414330144,-3.105795583888167,-0.6649136608839541,72.54190288771412,61.2385,49.93509711228589,12.59571001733271,10.027052211565582,17.73302562886697,10.283970818023775,8.798049917065821,13.255812619939682,2.004200983683576,-93.605700298208,-84.67966573816153,-0.01738064330015864,-0.03145548249511278,-0.11003698653624765,-0.11593427092964781,-0.20574969213692196,-0.34748642592175016,-0.4342548025019847,88.65892226553436
2023-07-31,54.47,55.1,53.63,54.06,1276449,69365695.55,1.4733,-0.8073,55.104,55.886,60.5385,61.379,68.17383333333333,83.0695,96.24616,55.104,55.886,60.5385,61.379,68.17383333333333,83.0695,96.24616,56.95457226891535,60.411028287334275,12.142857142857238,9.830866807611045,40.37473556965852,-3.456456018418926,-3.228444583156061,-0.45602287052573054,-3.456456018418926,-3.1597433430467454,-0.5934253507443614,71.79709535970457,60.5385,49.27990464029543,13.10806078243311,11.054055068521425,17.216072210256478,10.722412882783297,9.439504238971647,13.2882301704066,1.9070735321047436,-87.63127264596973,-88.40070298769766,-0.01894599303135883,-0.03267365708764271,-0.10701454446344057,-0.11924273774417954,-0.20702713406658957,-0.3492196293465111,-0.4383152533046513,92.21368784930468
2023-08-01,53.6,54.6,53.41,53.96,731879,39406968.38,0.8447,-0.185,54.75,55.543000000000006,59.7505,61.083999999999996,67.7275,82.63666666666667,96.16488000000001,54.75,55.543000000000006,59.7505,61.083999999999996,67.7275,82.63666666666667,96.16488000000001,56.49386884292837,59.93317434012433,13.178294573643527,10.966981132075531,40.28950542822679,-3.43930549719596,-3.270616765964041,-0.33737746246383793,-3.43930549719596,-3.2027529052235475,-0.47310518394482504,70.49782470994192,59.7505,49.00317529005808,12.735852084791254,11.614654073944703,14.978248106484358,11.14542015169138,10.008142876544891,13.419974701984351,1.7766965262675183,-84.9360077460684,-88.00856531049246,-0.014429223744292221,-0.028500441099688627,-0.09691132291779987,-0.11662628511557847,-0.20327784134952573,-0.34702109636561657,-0.43888038959753295,98.16552563079959
2023-08-02,53.52,54.09,52.75,53.47,1326127,70726950.99,1.5306,-0.9081,54.230000000000004,55.224000000000004,58.924,60.748000000000005,67.24733333333333,82.1955,96.07212000000001,54.230000000000004,55.224000000000004,58.924,60.748000000000005,67.24733333333333,82.1955,96.07212000000001,56.02865825170862,59.454420685300306,11.564625850340235,14.7853736089031,33.908794788273624,-3.425762433591686,-3.30164589948957,-0.24823306820423152,-3.425762433591686,-3.2370620634340304,-0.377400740315311,68.86465633753257,58.924,48.98334366246743,13.132734400821498,12.120680849570302,15.15684150332389,11.9415582966163,10.652614683235361,14.519445523378177,1.6972971578552427,-89.38222875799424,-86.46616541353386,-0.014014383182740274,-0.03176155294799371,-0.09255990767768653,-0.11980641337986445,-0.20487553409800635,-0.34947776946426506,-0.44343894982227944,91.28142914975446
2023-08-03,53.5,54.0,52.66,53.75,979981,52242900.96,1.1311,0.5237,53.948,54.874,58.2125,60.412,66.84583333333333,81.76525,95.9768,53.948,54.874,58.2125,60.412,66.84583333333333,81.76525,95.9768,55.67809544375345,59.03187100490769,9.722222222222243,19.966996699670034,30.986394557823147,-3.3537755611542437,-3.312071831822505,-0.08340745866347721,-3.3537755611542437,-3.255017986160217,-0.1975151499880532,67.4350533055416,58.2125,48.98994669445839,16.155020489889164,13.46546072967659,21.53414001031431,14.86851668443623,12.057915350302318,20.489719352704054,1.6323340382451992,-86.28656389209678,-79.27756653992391,-0.0036702009342329724,-0.02048328898932103,-0.07665879321451576,-0.11027610408528106,-0.19591098921648067,-0.3426302738632854,-0.4399688257995682,105.36171833282144
2023-08-04,53.99,54.2,52.68,53.09,1004876,53410310.54,1.1598,-1.2279,53.666,54.565,57.587,60.11466666666667,66.444,81.31783333333333,95.86856,53.666,54.565,57.587,60.11466666666667,66.444,81.31783333333333,95.86856,55.279926913945225,58.59173241195157,10.646387832699688,20.200333889816477,22.20571852952102,-3.3118054980063434,-3.312018565059273,0.00042613410585889966,-3.3118054980063434,-3.2637545264442362,-0.09610194312421427,66.38716052484436,57.587,48.78683947515565,13.68922615144007,13.54004920359775,13.987580047124716,12.831556947804781,12.31579588280314,13.86307907780806,1.6119096676551634,-86.21100261967142,-91.24236252545812,-0.010733052584504034,-0.027031980207092354,-0.0780905412679945,-0.11685445592866968,-0.20098127746673888,-0.34712967840182646,-0.4462209508518747,88.377674060224
2023-08-07,53.1,53.74,52.28,52.75,1186922,62846980.19,1.3699,-0.6404,53.403999999999996,54.254,56.803,59.832,66.05216666666666,80.85808333333333,95.76360000000001,53.403999999999996,54.254,56.803,59.832,66.05216666666666,80.85808333333333,95.76360000000001,54.89070738872288,58.15901149254775,12.121212121212153,10.801393728223061,16.868410777040268,-3.2683041038248675,-3.303275672812392,0.06994313797504947,-3.2683041038248675,-3.2644544614258715,-0.007699284797991979,64.22113169838647,56.803,49.38486830161353,12.08771346453912,13.055937290578207,10.151265812460949,11.515933995448927,12.049175253685071,10.449451478976641,1.5842897280814974,-94.47238460273617,-91.11531190926277,-0.012246273687364174,-0.02772145832565337,-0.07135186521838631,-0.1183647546463431,-0.20138880127575928,-0.3476224290088498,-0.44916440066998325,93.77722696007963
2023-08-08,52.56,53.17,52.46,52.76,520840,27486955.79,0.6011,0.019,53.164,53.95700000000001,56.080999999999996,59.57633333333334,65.70083333333334,80.38316666666667,95.66068,53.164,53.95700000000001,56.080999999999996,59.57633333333334,65.70083333333334,80.38316666666667,95.66068,54.56290625199629,57.75908471532199,15.425531914893554,13.46153846153851,15.982636148382056,-3.196178463325701,-3.281856230915054,0.17135553517870594,-3.196178463325701,-3.253950461718153,0.11554399678490412,61.87044193291586,56.080999999999996,50.29155806708413,11.083050312213208,12.398308297789875,8.452534341059874,10.701863999486413,11.60007150228552,8.9054489938882,1.4253279593394068,-97.64448850701326,-90.92627599243862,-0.007599127228951987,-0.02218433196804881,-0.05921791694156663,-0.11441344157915066,-0.1969660455854188,-0.3436436733229802,-0.44846722812340456,100.18973526293257
2023-08-09,52.51,52.8,52.22,52.6,437563,22970706.66,0.505,-0.3033,52.989999999999995,53.61,55.568999999999996,59.31633333333333,65.29466666666666,79.91733333333333,95.56876,52.989999999999995,53.61,55.568999999999996,59.31633333333333,65.29466666666666,79.91733333333333,95.56876,54.26092067476609,57.37693029196481,14.948453608247391,13.938053097345176,17.248722316865468,-3.1160096171987206,-3.2486869081717877,0.26535458194613426,-3.1160096171987206,-3.232728793330548,0.23343835226365517,60.603599863876,55.568999999999996,50.53440013612399,11.461583380703797,12.086066658761183,10.21261682458902,9.502177245763544,10.900773416778195,6.704984903734243,1.2716319667322415,-103.24011005155346,-92.8971962616822,-0.007359879222494687,-0.01883976869986939,-0.053429070165019965,-0.11322907125075159,-0.1944211880500703,-0.341819880543228,-0.4496109398092012,97.00845163190557
2023-08-10,52.25,52.9,52.1,52.17,405749,21240487.68,0.4683,-0.8175,52.674,53.311,55.0945,58.94366666666667,64.89983333333333,79.45216666666667,95.4718,52.674,53.311,55.0945,58.94366666666667,64.89983333333333,79.45216666666667,95.4718,53.939240570955924,56.99123175181927,15.425531914893611,13.070539419087197,18.81096144914079,-3.0519911808633466,-3.2093477627100997,0.3147131636935061,-3.0519911808633466,-3.2049230067971326,0.3058636518675719,59.45579133458529,55.0945,50.7332086654147,8.418833364913645,10.863655560812004,3.529188973116927,7.057179051355267,9.619575294970552,1.9323865641246982,1.1858807000536515,-100.23788801856671,-97.8328173374613,-0.009568287959904276,-0.021402712385811526,-0.05308152356405803,-0.11491763322041955,-0.19614585553635214,-0.3433785107601429,-0.4535559191300468,92.11936289493819
2023-08-11,52.15,52.9,51.37,51.69,833952,43570997.88,0.9625,-0.9201,52.394000000000005,53.029999999999994,54.65,58.50233333333333,64.45133333333334,78.99816666666668,95.38051999999999,52.394000000000005,53.029999999999994,54.65,58.50233333333333,64.45133333333334,78.99816666666668,95.38051999999999,53.593203560039626,56.59854791835118,0.48076923076914113,5.84677419354837,6.360792492179385,-3.0053443583115538,-3.1685470818303907,0.3264054470376738,-3.0053443583115538,-3.174218599337813,0.3377484820525183,58.43076572582181,54.65,50.86923427417819,8.914929157620449,10.214080093081487,6.316627286698374,7.564482191520134,8.93454426048708,4.824358053586241,1.2484478454984425,-108.06288984099484,-91.42091152815014,-0.013436653051876316,-0.025268715821233197,-0.054162854528819776,-0.11644549790036868,-0.1979995241887937,-0.3456810179139179,-0.4580654414549218,91.17104956672789
2023-08-14,50.9,51.76,49.81,51.29,1381370,69841525.37,1.5944,-0.7738,52.102,52.753,54.31949999999999,57.94333333333334,64.0215,78.5705,95.26644,52.102,52.753,54.31949999999999,57.94333333333334,64.0215,78.5705,95.26644,53.23886455080276,56.20532214662146,0.5494505494504551,6.5168539325842545,6.6485013623978375,-2.966457595818703,-3.1281291846280532,0.3233431776187006,-2.966457595818703,-3.1422553680271808,0.3515955444169556,58.059466084826624,54.31949999999999,50.57953391517336,17.18094745663684,12.536369214266605,26.470103941377307,15.342222644033583,11.070437055002582,23.885793822095586,1.376002782680543,-139.21403565033836,-69.10229645093952,-0.015584814402518092,-0.02773301992303757,-0.05577186829775665,-0.11482482885577878,-0.19886288200057797,-0.3472104670327922,-0.46161523407403493,92.52554864232296
2023-08-15,51.65,51.65,49.83,50.3,1051373,52861231.27,1.1953,-1.9302,51.61,52.387,53.964999999999996,57.29600000000001,63.5365,78.13708333333334,95.14292,51.61,52.387,53.964999999999996,57.29600000000001,63.5365,78.13708333333334,95.14292,52.78673154298695,55.767890876501355,0.4048582995950625,6.0669456066945315,8.14419225634181,-2.9811593335144053,-3.0987352144053237,0.23515176178183683,-2.9811593335144053,-3.117471362717523,0.27262405840623494,57.821775309677356,53.964999999999996,50.108224690322636,15.17454204018762,13.415760156240278,18.692105808082303,13.948725498452115,12.029866536152426,17.786443423051495,1.456729549465899,-142.1087501451416,-88.83826879271083,-0.025382677775624925,-0.03983812777979276,-0.06791438895580468,-0.12210276459089654,-0.2083290706916497,-0.3562595651872511,-0.47132167059829577,82.2910985307449
2023-08-16,48.5,50.25,47.66,49.05,1681917,82366468.86,1.9121,-2.4851,50.9,51.94499999999999,53.584500000000006,56.59766666666667,63.007666666666665,77.69741666666667,94.99043999999999,50.9,51.94499999999999,53.584500000000006,56.59766666666667,63.007666666666665,77.69741666666667,94.99043999999999,52.21184976714281,55.270269330093846,0.0,5.187835420393554,8.10631229235885,-3.0584195629510376,-3.0906720841144666,0.06450504232685805,-3.0584195629510376,-3.108386470445756,0.09993381498943688,57.80608600776001,53.584500000000006,49.36291399224,17.200968903448217,14.677496405309592,22.24791389972547,16.383757875624546,13.481163649309801,22.188946328254037,1.67186963138119,-184.45309804308195,-78.7461773700306,-0.03634577603143421,-0.055732024256425,-0.08462335190213603,-0.13335649879559236,-0.221523306687546,-0.3687048797203683,-0.4836322476240767,77.7517668099496
2023-08-17,49.41,50.08,48.22,49.82,1388124,68540058.69,1.5781,1.5698,50.43,51.552,53.213,55.992333333333335,62.475,77.16091666666667,94.82772,50.43,51.552,53.213,55.992333333333335,62.475,77.16091666666667,94.82772,51.84387287989007,54.86654567601282,17.82407407407412,16.932907348242836,13.500678426051607,-3.022672796122748,-3.0770722265161234,0.1087988607867505,-3.022672796122748,-3.0951997513191394,0.14505391039278237,57.383796213253916,53.213,49.042203786746086,23.309417865456716,17.554803558691965,34.818646478986224,21.93167956234298,16.298002286987526,33.199034113053884,1.7060751529482463,-153.71576675568872,-66.97247706422016,-0.012095974618282757,-0.03359714463066417,-0.06376261439873716,-0.11023532983682291,-0.20256102440976392,-0.35433633823686644,-0.474626195800131,116.8549502482612
2023-08-18,50.0,51.9,49.77,49.77,1663243,84656531.64,1.8909,-0.1004,50.04600000000001,51.220000000000006,52.8925,55.46466666666666,61.89833333333333,76.684,94.6668,50.04600000000001,51.220000000000006,52.8925,55.46466666666666,61.89833333333333,76.684,94.6668,51.52481551375314,54.48902377408594,19.543147208121894,18.21305841924402,16.4327002477292,-2.9642082603328035,-3.0544994332794597,0.18058234589331246,-2.9642082603328035,-3.0750472142443184,0.22167790782302976,57.08837704900742,52.8925,48.69662295099258,28.304282206735238,21.13796310803972,42.63692040412627,26.18910216436903,19.59503557944803,39.37723533421102,1.783152397866746,-99.73526356355352,-65.29605263157887,-0.00551492626783366,-0.028309254197579122,-0.05903483480644695,-0.10267197134512043,-0.19593957834082765,-0.35097282353554843,-0.47426130385731846,99.00090745971985
2023-08-21,49.89,50.88,47.98,47.98,910448,44615215.39,1.0351,-3.5965,49.384,50.743,52.4985,54.783,61.2605,76.21525,94.49372,49.384,50.743,52.4985,54.783,61.2605,76.21525,94.49372,50.97945928086804,54.00687386489439,14.6666666666667,10.641200545702603,14.861837191934328,-3.027414584026346,-3.0490824634288374,0.04333575880498319,-3.027414584026346,-3.0677191172877074,0.08060906652272326,56.990538688480704,52.4985,48.006461311519296,20.90514488082604,21.060357032301827,20.59472057787446,19.39527561109176,19.52844892332927,19.128928986616728,1.9862155982546112,-141.61908350482602,-94.1923774954628,-0.028430260813218925,-0.054450860217172915,-0.08606912578454629,-0.12418085902561021,-0.21678732625427483,-0.37046719652562976,-0.49224138916321636,69.33077084604578
2023-08-22,48.0,48.95,47.0,48.5,1400218,67087517.18,1.5919,1.0838,49.024,50.317,52.137,54.159666666666666,60.58533333333334,75.73508333333332,94.32448000000001,49.024,50.317,52.137,54.159666666666666,60.58533333333334,75.73508333333332,94.32448000000001,50.59800400688834,53.59895728230962,24.022346368715148,18.08066759388042,19.04400606980279,-3.0009532754212813,-3.0394566258273263,0.07700670081209005,-3.0009532754212813,-3.057447449308257,0.1129883477739515,56.69722206290628,52.137,47.57677793709372,22.411339525070467,21.510684529891375,24.212649515428645,21.40476001191428,20.153885952857607,23.906508130027632,1.9796309440265003,-148.0863009886133,-74.57627118644066,-0.01068864229765015,-0.03611105590555876,-0.06975852082014693,-0.10449965841739547,-0.19947622086753677,-0.3596098681698595,-0.48581746753334876,111.3819840458122
2023-08-23,48.33,48.6,46.7,46.8,1021356,48471976.31,1.1611,-3.5052,48.574,49.737,51.673500000000004,53.62499999999999,59.8225,75.30016666666667,94.16628,48.574,49.737,51.673500000000004,53.62499999999999,59.8225,75.30016666666667,94.16628,50.01369569813629,53.09533081695336,21.217105263157947,15.20467836257312,13.435969209237271,-3.0816351188170685,-3.047892324425275,-0.06748558878358679,-3.0816351188170685,-3.06116862923269,-0.04093297916875738,56.43071402325103,51.673500000000004,46.91628597674898,15.478527425315766,19.49996549503284,7.435651285881619,14.807474416544975,18.371748774086733,7.678925701461459,1.9651525905671363,-150.76997819430755,-98.38709677419364,-0.03652159591551037,-0.059050606188551874,-0.09431333275276509,-0.1272727272727272,-0.21768565339128257,-0.3784874314133878,-0.5030068088067193,69.99083016249185
2023-08-24,47.13,48.38,46.4,47.79,1364881,64885606.68,1.5517,2.1154,48.16799999999999,49.29899999999999,51.30500000000001,53.162666666666674,59.07333333333333,74.8875,94.00544000000001,48.16799999999999,49.29899999999999,51.30500000000001,53.162666666666674,59.07333333333333,74.8875,94.00544000000001,49.67158866765378,52.70234334903088,39.17525773195881,23.9244491080798,20.478536242083095,-3.030754681377104,-3.044464795815641,0.02742022887707396,-3.030754681377104,-3.0564895603318307,0.051469757909453406,56.066859433353265,51.30500000000001,46.54314056664675,18.743260707786273,19.247730565950654,17.73432099145751,16.99985473923512,17.914450762469528,15.1706626927663,1.9678521195549303,-127.88985320550402,-78.61538461538461,-0.007847533632286852,-0.03060914014483039,-0.06851184095117449,-0.10106089486356354,-0.19100552984990404,-0.36184276414621935,-0.49162516552233576,123.28543573732338
2023-08-25,47.26,47.6,45.64,46.12,1749192,81292709.58,1.9886,-3.4945,47.438,48.742,50.886,52.68066666666667,58.28516666666667,74.46425,93.8472,47.438,48.742,50.886,52.68066666666667,58.28516666666667,74.46425,93.8472,49.12519041109166,52.21476236021378,22.47023809523813,20.652173913043512,18.70179948586123,-3.0895719491221243,-3.053486226476938,-0.07217144529037256,-3.0895719491221243,-3.0615791586072607,-0.05598558102972717,55.930490063411426,50.886,45.84150993658858,15.051417681655158,17.84895960451882,9.456333835927829,13.889147035954387,16.57268285363115,8.522075400600862,2.0009699159994883,-143.25346784363163,-92.33226837060707,-0.027783633374088387,-0.05379344302654795,-0.09366033879652566,-0.12453651560977468,-0.2087180557660469,-0.3806423887973089,-0.5085628553648911,70.06847751550987
2023-08-28,49.1,49.5,44.25,44.68,2894473,132879570.56,2.8106,-3.1223,46.778,48.081,50.416999999999994,52.24,57.9615,73.99958333333332,93.69048000000001,46.778,48.081,50.416999999999994,52.24,57.9615,73.99958333333332,93.69048000000001,48.4413149632314,51.65663181501276,18.61898890258942,18.921161825726188,17.24955542382932,-3.2153168517813597,-3.0858523515378224,-0.25892900048707457,-3.2153168517813597,-3.085231111403276,-0.26017148075616703,55.94041656279619,50.416999999999994,44.8935834372038,11.907916798663353,15.868612002567,3.98652639085606,11.133069701529505,14.75947846959727,3.8802521653939763,2.591702658545036,-135.41159279103763,-94.37908496732025,-0.044850143229723353,-0.07073480168881685,-0.11379098320011098,-0.14471669218989283,-0.229143483174176,-0.3962128165136064,-0.523110565769329,72.81798518893234
2023-08-29,44.79,47.08,44.25,46.67,3337784,153889437.32,3.241,4.4539,46.412,47.718,50.052499999999995,51.88266666666666,57.69083333333334,73.52641666666666,93.52383999999999,46.412,47.718,50.052499999999995,51.88266666666666,57.69083333333334,73.52641666666666,93.52383999999999,48.168804968888104,51.28725168056737,42.117930204572836,31.489675516224224,24.622030237581015,-3.118446711679269,-3.0923712235661123,-0.05215097622631326,-3.118446711679269,-3.090341203753429,-0.0562110158516802,55.553573101042424,50.052499999999995,44.551426898957565,18.4832735084771,16.740165837870368,21.96948884969057,17.966708777054535,15.828555238749694,22.243015853664218,2.6350294479004837,-122.65878560438156,-68.3660130718954,0.005558907179177857,-0.021962362211324905,-0.06757904200589368,-0.1004702919407893,-0.1910326597235263,-0.3652621450113734,-0.5009828510035516,154.61312724782766
2023-08-30,46.98,52.02,46.59,51.1,5517813,275575565.0,5.3578,9.4922,47.272000000000006,47.922999999999995,49.934000000000005,51.69733333333333,57.491166666666665,73.12474999999999,93.39624,47.272000000000006,47.922999999999995,49.934000000000005,51.69733333333333,57.491166666666665,73.12474999999999,93.39624,48.619758050597625,51.27338118571053,60.638297872340424,49.45992040932349,40.78947368421054,-2.653623135112902,-3.0046216058754704,0.7019969415251373,-2.653623135112902,-3.023153808577963,0.7390613469301224,55.22312847261763,49.934000000000005,44.64487152738238,41.708711725514114,25.06301446708495,75.00010624237242,41.36433523789907,24.34048190513282,75.41204190343157,3.1432059119185776,-3.499439359565979,-11.840411840411857,0.08097816889490597,0.06629384637856577,0.02335082308647408,-0.011554432207979744,-0.11116780258996305,-0.301194192116896,-0.4528687664514118,247.64581460999705
2023-08-31,51.0,51.61,50.0,51.2,2740722,139351764.58,2.6613,0.1957,47.95399999999999,48.061,49.8065,51.49566666666667,57.33033333333333,72.69983333333333,93.26776,47.95399999999999,48.061,49.8065,51.49566666666667,57.33033333333333,72.69983333333333,93.26776,49.016718350505684,51.26794554232456,70.71563088512244,52.69461077844313,42.318435754189956,-2.2512271918188773,-2.8539427230641516,1.2054310624905487,-2.2512271918188773,-2.9043958675381036,1.3063373514384526,54.82428846230944,49.8065,44.78871153769056,57.62133763253922,35.91578885556971,101.03243518647825,57.39175330746253,35.35757237257606,101.46011517723548,2.864441200660654,34.846255925221044,-10.553410553410552,0.06768986945823101,0.06531283160982923,0.027978275927840805,-0.005741583434204868,-0.10693001377979068,-0.2957342864151453,-0.45104288984746704,101.97427079391387
2023-09-01,51.15,51.25,49.3,50.5,1828965,91636783.86,1.7759,-1.3672,48.83,48.134,49.677,51.306333333333335,57.11666666666667,72.28925000000001,93.14967999999999,48.83,48.134,49.677,51.306333333333335,57.11666666666667,72.28925000000001,93.14967999999999,49.24491552735097,51.21106068733756,63.11713455953533,54.48916408668732,41.81232750689973,-1.9661451599865885,-2.6763832104486394,1.4204761009241018,-1.9661451599865885,-2.7600496048378704,1.587808889702564,54.46647574318847,49.677,44.88752425681153,65.22675190088628,45.68610987067524,104.30803596130838,65.0736956841685,45.26294680977354,104.6951934329584,2.698179164176899,21.735193975177783,-19.562419562419596,0.03420028670899041,0.04915444384426808,0.016567022968375714,-0.01571605844632569,-0.11584476218266707,-0.3014175690023068,-0.4578617983443421,87.13932097790408
2023-09-04,50.86,50.98,49.53,50.24,1419856,71099586.91,1.3787,-0.5149,49.942,48.36,49.5515,51.11900000000001,56.89633333333334,71.86833333333334,93.03732000000001,49.942,48.36,49.5515,51.11900000000001,56.89633333333334,71.86833333333334,93.03732000000001,49.39800544622005,51.13913026605329,73.09417040358747,51.34271099744247,41.5068493150685,-1.7411248198332459,-2.489331532325561,1.4964134249846301,-1.7411248198332459,-2.6032919456063897,1.7243342515462876,54.128772343341254,49.5515,44.97422765665874,69.18162696438321,53.51794890191123,100.50898308932717,69.07958948657136,53.20182770203948,100.83511305563513,2.471237497962916,24.509943880286695,-22.908622908622913,0.00596692162908978,0.03887510339123248,0.013894634874827297,-0.01719517204953158,-0.11699055006473766,-0.30094385566197446,-0.4600016423516929,94.9691445634316
2023-09-05,50.35,55.0,50.3,52.71,4978015,262611914.4,4.8337,4.9164,51.150000000000006,48.781,49.549,51.01833333333333,56.70266666666667,71.48766666666666,92.92536,51.150000000000006,48.781,49.549,51.01833333333333,56.70266666666667,71.48766666666666,92.92536,49.9075430698785,51.25549098708638,90.35175879396985,58.13953488372091,48.408710217755456,-1.3479479172078825,-2.2610548093020255,1.826213784188286,-1.3479479172078825,-2.4101620950835425,2.12442835575132,54.1189425310058,49.549,44.9790574689942,72.35364278245703,59.79651352875983,97.46790128985143,72.28561779724913,59.56309106710937,97.73067125752866,2.887376134696931,117.25913689993075,-21.30232558139534,0.03049853372434008,0.08054365429162998,0.06379543482209533,0.03315801509261383,-0.0704140898723165,-0.26267001767204584,-0.4327705590809656,161.59720870291474
2023-09-06,52.5,53.2,51.47,52.8,3734469,196108639.69,3.6262,0.1707,51.489999999999995,49.381,49.559,50.90933333333333,56.5415,71.10141666666667,92.80492,51.489999999999995,49.381,49.559,50.90933333333333,56.5415,71.10141666666667,92.80492,50.35253644374335,51.36989906211702,88.07453416149067,64.73105134474326,47.994934571549166,-1.0173626183736744,-2.012316371116355,1.9899075054853617,-1.0173626183736744,-2.1958852525127934,2.357045268278238,54.15783692388469,49.559,44.96016307611531,74.74738976194809,64.78013893982259,94.68189140619907,74.7020397718095,64.60940730200942,94.88730471140966,2.6769441102065805,110.62245847514876,-20.465116279069797,0.025441833365702125,0.06923715599117063,0.06539679977400674,0.03713791839086483,-0.06617263425979152,-0.25739876256567795,-0.43106464614160545,101.72063512998288
2023-09-07,52.63,54.3,52.39,53.03,4484091,239780671.86,4.3541,0.4356,51.85600000000001,49.905,49.602000000000004,50.83833333333334,56.38033333333333,70.71558333333333,92.68012000000002,51.85600000000001,49.905,49.602000000000004,50.83833333333334,56.38033333333333,70.71558333333333,92.68012000000002,50.76445391393668,51.4928695019602,75.06493506493504,64.09458618543871,49.87102321582115,-0.7284155880235232,-1.7555362144977888,2.054241252948531,-0.7284155880235232,-1.9701206887452134,2.4834102014433803,54.31821436054285,49.602000000000004,44.88578563945716,77.05639937618245,68.87222575194255,93.42474662466225,77.0261660494234,68.74832688448075,93.58184437930868,2.537499726532656,134.72291087805965,-18.325581395348827,0.02263961740203626,0.06261897605450356,0.06911011652755931,0.04311051371996189,-0.05942379434909333,-0.25009456897171406,-0.42781688241232324,104.44244878381956
2023-09-08,53.02,58.18,52.01,57.43,7190326,401565400.25,6.9819,8.2972,53.242000000000004,51.036,49.888999999999996,50.936,56.2915,70.39525,92.56255999999999,53.242000000000004,51.036,49.888999999999996,50.936,56.2915,70.39525,92.56255999999999,51.7899225425618,51.93265694625945,88.2208588957055,78.31646244006393,58.56515373352855,-0.1427344036976521,-1.4329758523377616,2.580482897280219,-0.1427344036976521,-1.6889843371994346,3.092499867003565,55.70952954724745,49.888999999999996,44.06847045275254,82.90957852645235,73.55134334344582,101.6260488924654,82.88942297527964,73.46202558141371,101.7442177630115,3.1979543217085373,205.79006403430313,-5.384063173007897,0.07865970474437464,0.12528411317501367,0.1511555653550884,0.12749332495680854,0.02022507838661255,-0.18417790973112538,-0.3795547573446542,221.9074544831856
2023-09-11,56.88,56.88,53.31,54.15,6425442,349400009.81,6.2392,-5.7113,54.024,51.983000000000004,50.032,50.939,56.159,70.05816666666668,92.42715999999999,54.024,51.983000000000004,50.032,50.939,56.159,70.05816666666668,92.42715999999999,52.153011382167676,52.096904579869864,67.00838769804287,65.0997150997151,52.27198430859758,0.05610680229781195,-1.135159321410647,2.382532247416918,0.05610680229781195,-1.4205087772767813,2.9532311591491864,56.13131005587922,50.032,43.932689944120774,77.0159341456188,74.70620694417016,81.63538854851606,78.94949327808784,75.29118148030508,86.26611687365335,3.3655989904888024,148.057609964967,-28.930366116295776,0.002332296756996847,0.04168670526903015,0.08230732331307967,0.06303618052965308,-0.0357734290140494,-0.2270708387554153,-0.414133248278969,55.538794229546205
2023-09-12,53.82,53.82,52.6,52.7,3048106,162042347.18,2.9597,-2.6777,54.022000000000006,52.586,50.152,50.897000000000006,55.9905,69.71816666666668,92.28196,54.022000000000006,52.586,50.152,50.897000000000006,55.9905,69.71816666666668,92.28196,52.23716347721881,52.14157831469432,60.31879194630874,65.78694817658351,50.15683814303639,0.09558516252448612,-0.8890104246236203,1.969191174296213,0.09558516252448612,-1.187263555768894,2.56569743658676,56.36685351479673,50.152,43.93714648520327,64.10671885984199,71.17304424939411,49.974068080737766,70.20561559350234,73.59599285137084,63.42486107776537,3.0354900831272014,85.19527702088998,-47.28213977566867,-0.024471511606382633,0.002167877381812732,0.05080555112458131,0.035424484743698,-0.05876889829524642,-0.24409945757801058,-0.42892413641842886,76.22923168102194
2023-09-13,52.61,52.98,50.76,51.43,2966908,153149797.84,2.8809,-2.4099,53.748000000000005,52.61900000000001,50.271,50.829,55.7885,69.36133333333333,92.12639999999999,53.748000000000005,52.61900000000001,50.271,50.829,55.7885,69.36133333333333,92.12639999999999,52.112984480723604,52.08886880990215,44.02985074626866,66.32801161103048,48.86919315403423,0.02411567082145183,-0.7063852055346059,1.4610017527121155,0.02411567082145183,-1.0008975209088409,2.0500263834605854,56.48815081129463,50.271,44.05384918870537,50.7333080687235,64.35979885583724,23.48032649449604,54.79923922449707,67.33040830907959,29.736901055332055,2.8872191589222553,42.183453061623325,-76.01351351351349,-0.04312718612785601,-0.02259640053972913,0.023055041674126215,0.011823958763697871,-0.07812542011346424,-0.2585205974510294,-0.44174525434620254,78.35362452201633
2023-09-14,50.81,51.43,49.8,50.89,1832062,92675016.11,1.7789,-1.05,53.32000000000001,52.588,50.3245,50.733666666666664,55.57283333333333,69.01025,91.97919999999999,53.32000000000001,52.588,50.3245,50.733666666666664,55.57283333333333,69.01025,91.97919999999999,51.92483302215074,52.00006371287236,41.450313339301715,60.978147762747135,48.77974374618671,-0.07523069072161803,-0.5801543025720084,1.0098472237007807,-0.07523069072161803,-0.8584872393415759,1.5665130972399157,56.543724778214774,50.3245,44.10527522178523,39.06305316334939,55.92755029167462,5.334058906698914,42.5012946181332,59.05403707876413,9.39580969687134,2.6586338573000274,10.562822037257265,-82.09459459459455,-0.04557389347336847,-0.03228873507264015,0.011237071406571354,0.003081451501632764,-0.08426479364917501,-0.2625733133846059,-0.4467227373145232,89.98275079491304
2023-09-15,50.38,51.05,48.57,49.46,3266123,161731772.06,3.1714,-2.81,51.726,52.484,50.309,50.61266666666666,55.36366666666667,68.64991666666667,91.81387999999998,51.726,52.484,50.309,50.61266666666666,55.36366666666667,68.64991666666667,91.81387999999998,51.54562794181986,51.811910845252186,35.56992724333064,44.94451294697904,47.29370008873115,-0.26628290343232663,-0.5173800227440721,0.502194238623491,-0.26628290343232663,-0.7673788799709221,1.002191953077191,56.53558443161785,50.309,44.082415568382146,29.1290975303356,46.99473270456161,-6.602172818116429,31.421258500191477,49.84311088590658,-5.4224462712387265,2.626154974154567,-18.177366436511317,-90.73881373569198,-0.043807756254108154,-0.05761755963722279,-0.01687570812379488,-0.022774272579986463,-0.10663431492374661,-0.2795329928781171,-0.46130149384820673,75.19978718111157
2023-09-18,49.13,49.57,48.18,49.16,2179181,106790808.84,2.116,-0.6066,50.727999999999994,52.376,50.368,50.493,55.1625,68.28725,91.65328,50.727999999999994,52.376,50.368,50.493,55.1625,68.28725,91.65328,51.17860825846295,51.615473004863134,0.0,43.7880633373934,48.278985507246375,-0.43686474640018247,-0.5012769674752943,0.1288244421502236,-0.43686474640018247,-0.7165305517292699,0.5593316106581749,56.52362250474378,50.368,44.21237749525623,22.686065020223722,38.89184347644898,-9.725491892226799,24.214172333460976,41.30013136842472,-9.95774573646652,2.401399524308282,-39.48457901570278,-90.20000000000003,-0.030909951111811978,-0.061402168932335445,-0.023983481575603666,-0.026399698968173915,-0.10881486517108552,-0.280099872230907,-0.46363076149593335,94.09739962405978
2023-09-19,48.82,49.91,47.95,48.69,1630485,79316804.73,1.5832,-0.9561,49.926,51.974000000000004,50.377500000000005,50.35733333333333,54.96683333333333,67.93716666666667,91.48092,49.926,51.974000000000004,50.377500000000005,50.35733333333333,54.96683333333333,67.93716666666667,91.48092,50.795745449468654,51.3987713007992,0.0,44.41012970969733,49.44341372912802,-0.6030258513305427,-0.5216267442463439,-0.16279821416839746,-0.6030258513305427,-0.6990682901294658,0.19208487759784632,56.52155960427697,50.377500000000005,44.233440395723036,17.535252209637566,31.77297972084518,-10.940202812777656,18.5539904184624,33.71808438510395,-11.774197514820699,2.3211450653431385,-44.73140752904891,-92.76637341153476,-0.02475663982694396,-0.0631854388732829,-0.03349709691826722,-0.033110040245710626,-0.11419310432654836,-0.28330835109893215,-0.4677578668863409,90.84039276743661
2023-09-20,49.04,49.17,47.8,47.8,1198739,57967229.95,1.164,-1.8279,49.2,51.474000000000004,50.427499999999995,50.19733333333333,54.75683333333333,67.59266666666666,91.31288,49.2,51.474000000000004,50.427499999999995,50.19733333333333,54.75683333333333,67.59266666666666,91.31288,50.33486153416579,51.13219564888814,0.0,42.74673008323423,46.88847812692544,-0.7973341147223536,-0.5767682183415459,-0.4411317927616154,-0.7973341147223536,-0.7141861092976024,-0.1662960108495024,56.464316431815234,50.427499999999995,44.390683568184755,11.690168139758379,25.07870919381625,-15.086913968357358,12.369326945641602,26.60183190528317,-16.095682973641537,2.1482095989171137,-64.94572653470796,-100.0,-0.02845528455284564,-0.07137584023001917,-0.05210450646968416,-0.04775818104547391,-0.12704959198395335,-0.292822692797049,-0.476525107958483,83.15363152061082
2023-09-21,48.11,48.51,46.73,46.9,1256192,59628781.64,1.2198,-1.8828,48.402,50.861000000000004,50.382999999999996,50.02166666666666,54.48266666666667,67.24074999999999,91.11336,48.402,50.861000000000004,50.382999999999996,50.02166666666666,54.48266666666667,67.24074999999999,91.11336,49.80642129814028,50.81869967489643,0.0,30.950819672131146,45.691984389072346,-1.01227837675615,-0.6638702500244668,-0.6968162534633666,-1.01227837675615,-0.7600464581373789,-0.5044638372375423,56.51406361510684,50.382999999999996,44.25193638489315,8.351737708935806,19.503052032189437,-13.950890937571458,8.741123349496153,20.648262386687502,-15.073154724886546,2.081262399114002,-91.11510273375642,-98.51528384279474,-0.031031775546465072,-0.07787892491299828,-0.06913046067125811,-0.06240629060740338,-0.13917576232196174,-0.30250629268709817,-0.4852566078125096,82.68932771668092
2023-09-22,47.0,47.5,45.6,46.56,3118087,144979902.15,3.0277,-0.7249,47.822,49.774,50.405,49.85066666666667,54.176500000000004,66.88625,90.87159999999999,47.822,49.774,50.405,49.85066666666667,54.176500000000004,66.88625,90.87159999999999,49.306971867657154,50.503240439718915,0.0,29.8709677419355,47.7715003138732,-1.1962685720617614,-0.7703499144319258,-0.8518373152596712,-1.1962685720617614,-0.827157552587284,-0.7382220389489549,56.47450444520653,50.405,44.335495554793475,9.460769178219984,16.15562441419962,-3.9289412937392925,8.664294998954885,16.653606590776633,-7.314328184688613,2.0483055992750923,-116.56654490037175,-91.48936170212765,-0.026389527832378412,-0.06457186482902717,-0.07628211486955656,-0.06601048464748047,-0.14058678578350395,-0.3038928030798557,-0.4876286980750861,92.9825150904951
2023-09-25,46.85,47.65,45.94,46.6,2223972,103871952.77,2.1595,0.0859,47.31,49.019,50.501000000000005,49.69433333333333,53.81883333333334,66.52758333333333,90.64,47.31,49.019,50.501000000000005,49.69433333333333,53.81883333333334,66.52758333333333,90.64,48.89051465724836,50.21411151825825,1.3605442176870497,29.00065316786413,46.97259400892289,-1.3235968610098894,-0.8809993037475186,-0.8851951145247416,-1.3235968610098894,-0.9035328308061463,-0.8401280604074861,56.241030808633894,50.501000000000005,44.760969191366115,10.823891285931662,14.378380038110302,3.714913781574378,9.831346706521426,14.379519962691566,0.735000194181147,1.9867954903159846,-113.45565984313303,-87.8345498783455,-0.015007398013105069,-0.04934821191782772,-0.07724599512880939,-0.06226732759603707,-0.13413210369356457,-0.29953866253471295,-0.4858781994704325,100.86243543769682
2023-09-26,46.6,46.68,45.11,45.54,2744792,125725113.82,2.6652,-2.2747,46.68,48.303,50.4445,49.535666666666664,53.41583333333333,66.1095,90.39456,46.68,48.303,50.4445,49.535666666666664,53.41583333333333,66.1095,90.39456,48.375050863825535,49.867881035424304,1.0810810810810665,0.3341687552213841,47.950553025374106,-1.4928301715987686,-1.0033654773177687,-0.9789293885619998,-1.4928301715987686,-0.9941939601588574,-0.9972724228798224,56.362783801724134,50.4445,44.52621619827586,9.483860013405916,12.746873363208842,2.957833313800066,8.375493314724576,12.378177746702569,0.37012445076858924,1.9110144920767147,-141.76843265081254,-94.53621346886912,-0.024421593830334203,-0.05720141606111418,-0.09722566384838781,-0.08066241832484335,-0.14744379787516185,-0.3111428765911102,-0.49620862140376587,79.44582803473901
2023-09-27,45.18,46.62,45.18,45.75,1468200,67400482.15,1.4256,0.4611,46.269999999999996,47.735,50.177,49.425666666666665,53.01166666666666,65.69575,90.15492,46.269999999999996,47.735,50.177,49.425666666666665,53.01166666666666,65.69575,90.15492,47.97119688477545,49.56285281057806,7.2674418604651265,2.8089887640449547,46.5954606141522,-1.5916559258026055,-1.1210235670147362,-0.9412647175757387,-1.5916559258026055,-1.086111185642511,-1.011089480320189,56.443895815134454,50.177,43.910104184865546,9.91404360040754,11.802596775608409,6.136937250005804,8.959189635976724,11.238515043127288,4.400538821675596,1.8253754935173117,-122.04757501891235,-89.87341772151898,-0.011238383401772122,-0.04158374358437204,-0.08822767403391991,-0.07436756880703005,-0.1369824252523029,-0.3036079198426078,-0.49254017418017787,104.70820659986867
2023-09-28,46.09,49.25,45.99,48.4,3246577,154973651.79,3.1525,5.7923,46.57,47.486,50.037,49.37833333333334,52.68533333333333,65.28375,89.93260000000001,46.57,47.486,50.037,49.37833333333334,52.68533333333333,65.28375,89.93260000000001,48.037166594809996,49.47671556535005,55.769230769230795,28.712871287128692,53.684550743374274,-1.4395489705400522,-1.1847286477197994,-0.5096406456405056,-1.4395489705400522,-1.140486229472902,-0.5981254821343005,56.33270647345115,50.037,43.74129352654885,29.45658462249392,17.687259391236914,52.995235085007934,24.435194886386284,15.63740832421362,42.03076801073161,2.129852676514164,-58.91336270190875,-44.6127946127946,0.039295683916684525,0.019247778292549415,-0.03271579031516678,-0.01981300840449601,-0.0813382598572658,-0.2586210197790415,-0.46181918458934806,175.60732702732253
2023-10-09,49.14,49.14,47.48,47.76,1721891,82790717.45,1.672,-1.3223,46.81,47.315999999999995,49.9,49.31133333333334,52.388,64.85758333333334,89.73087999999998,46.81,47.315999999999995,49.9,49.31133333333334,52.388,64.85758333333334,89.73087999999998,47.99452558022384,49.34955144939819,58.70445344129555,30.62302006335797,55.10948905109489,-1.355025869174348,-1.218788092010709,-0.2724755543272779,-1.355025869174348,-1.173492327888509,-0.36306708257167797,56.27207063758561,49.9,43.52792936241439,38.0405008594404,24.471673213971407,65.17815615037838,34.6929077020353,21.989241450154182,60.10024020579753,2.044424917147953,-47.84369536761285,-44.791666666666664,0.020294808801538042,0.009383717981232621,-0.04288577154308618,-0.03145997539443277,-0.0883408414140643,-0.26361733593218994,-0.4677417629248704,87.53657793945996
2023-10-10,47.65,48.44,47.5,47.78,1141647,54719139.8,1.1085,0.0419,47.046,47.178,49.777,49.30466666666667,52.04383333333333,64.46166666666666,89.4976,47.046,47.178,49.777,49.30466666666667,52.04383333333333,64.46166666666666,89.4976,47.96152164480479,49.2332883790724,63.20346320346318,32.62569832402235,51.97018104366347,-1.271766734267608,-1.2293838204620888,-0.08476582761103835,-1.271766734267608,-1.1886114673314472,-0.16631053387232164,56.216055504445336,49.777,43.337944495554666,46.85791844735641,31.933754958433077,76.70624542520308,41.67027180135689,28.549584900555086,67.9116456029605,1.8436203867574155,-49.326681581676766,-44.37499999999993,0.015601751477277596,0.012760184831913263,-0.04011893042971653,-0.03092337439322853,-0.0819277339934606,-0.2587842904051502,-0.4661309353546911,100.4195504723524
2023-10-11,47.78,50.46,47.6,49.83,2515204,124513712.58,2.4423,4.2905,47.903999999999996,47.291999999999994,49.632999999999996,49.349000000000004,51.75433333333333,64.07816666666666,89.23804,47.903999999999996,47.291999999999994,49.632999999999996,49.349000000000004,51.75433333333333,64.07816666666666,89.23804,48.24897985329636,49.27748923988185,74.35897435897432,51.93312434691744,47.5378053509112,-1.0285093865854904,-1.189208933686769,0.3213990942025573,-1.0285093865854904,-1.1639803779859155,0.27094198280085013,55.92296560946678,49.632999999999996,43.34303439053321,60.64671198671112,41.50474063452576,98.93065469108183,57.188280889378106,38.095816896829426,95.37320887447545,2.028416680074249,-9.863908247818802,-11.775700934579483,0.04020541082164333,0.05366658208576512,0.0039691334394455855,0.009746904699183255,-0.037182071710581334,-0.2223560287045249,-0.44160584432378835,152.21148308865048
2023-10-12,50.01,50.5,49.51,49.94,2063998,103226164.08,2.0042,0.2208,48.742,47.506,49.49,49.45366666666667,51.53933333333334,63.68633333333333,88.99980000000001,48.742,47.506,49.49,49.45366666666667,51.53933333333334,63.68633333333333,88.99980000000001,48.509136798943075,49.326564111001716,88.73239436619717,54.15778251599148,47.558139534883715,-0.8174273120586406,-1.1148526093611433,0.5948505946050053,-0.8174273120586406,-1.1106645216894115,0.5864744192615419,55.60439716009947,49.49,43.37560283990054,70.30127119460394,51.103584154551825,108.69664527470817,67.9956504630486,48.06242808556915,107.86209521800751,1.8396136473334765,13.23486399532029,-10.38961038961043,0.024578392351565396,0.05123563339367654,0.00909274600929472,0.009834120826901825,-0.031031315888189102,-0.21584432034083711,-0.43887514353964846,102.22956396976987
2023-10-13,49.81,51.35,49.72,50.88,2546111,128723602.77,2.4723,1.8823,49.238,47.903999999999996,49.3825,49.55666666666666,51.35966666666666,63.3225,88.73972,49.238,47.903999999999996,49.3825,49.55666666666666,51.35966666666666,63.3225,88.73972,48.87388498372106,49.4416334361127,90.01560062402496,61.116751269035554,50.72964669738864,-0.5677484523916405,-1.0054317779672428,0.8753666511512046,-0.5677484523916405,-1.0271389725666775,0.918781040350074,55.30750810568938,49.3825,43.45749189431062,77.69016370238555,59.96577733716307,113.1389364328305,76.15308321468198,57.425979795273435,113.60729005349907,1.8015020750910267,39.1935298241208,-7.532051282051261,0.033348226979162496,0.06212424849699412,0.030324507669721102,0.0267034371426652,-0.0093393648712672,-0.1964941371550396,-0.42663781224461833,120.49961137122997
2023-10-16,50.77,51.22,47.1,47.61,3475534,168725704.61,3.3748,-6.4269,49.208,48.009,48.8915,49.60633333333333,51.143499999999996,62.903000000000006,88.47416,49.208,48.009,48.8915,49.60633333333333,51.143499999999996,62.903000000000006,88.47416,48.67944114007167,49.30595688528954,44.381223328591766,49.22322158626329,45.47332185886402,-0.6265157452178727,-0.9296485714173688,0.6062656523989922,-0.6265157452178727,-0.9655046298976306,0.6779777693595159,53.4869223217939,48.8915,44.2960776782061,65.14814332295788,61.69323266576134,72.05796463735095,64.12342299782217,59.65846086278969,73.05334726788716,2.223047152347203,-15.057724441743739,-59.935897435897445,-0.03247439440741341,-0.008310941698431563,-0.026211100088972546,-0.040243517292818776,-0.0690899136742694,-0.2431203599192408,-0.4618767784853792,51.464859127887884
2023-10-17,47.6,49.18,46.4,48.41,2345317,112103900.11,2.2773,1.6803,49.333999999999996,48.190000000000005,48.6045,49.730666666666664,50.98533333333333,62.4535,88.21983999999999,49.333999999999996,48.190000000000005,48.6045,49.730666666666664,50.98533333333333,62.4535,88.21983999999999,48.637988656983715,49.23958970860143,54.52016689847008,56.22423742786479,42.14755295836376,-0.6016010516177133,-0.8640390674574377,0.524876031679449,-0.6016010516177133,-0.9095194640084125,0.6158368247813986,52.477284799742264,48.6045,44.73171520025774,60.882122561064286,61.422862630862326,59.80064242146821,60.37715379341989,59.898025172999766,61.33541103426015,2.3243113064658933,-32.12998037515376,-47.11538461538468,-0.0187294766286942,0.0045652625025937275,-0.0040016870865867355,-0.02655638372030674,-0.0505112581395957,-0.22486329829393073,-0.4512572228650607,118.13239575732719
2023-10-18,48.0,48.23,46.62,47.04,1595345,75397600.85,1.5491,-2.83,48.775999999999996,48.339999999999996,48.3215,49.74300000000001,50.81283333333333,62.0015,87.988,48.775999999999996,48.339999999999996,48.3215,49.74300000000001,50.81283333333333,62.0015,87.988,48.39214424821699,49.07665713759391,45.66744730679156,51.823708206686916,39.95115143056525,-0.6845128893769257,-0.8281338318413354,0.2872418849288194,-0.6845128893769257,-0.8749030679112607,0.3807803570686701,51.73402969909704,48.3215,44.90897030090296,47.11793245364484,56.654552571789836,28.04469221735485,50.30005822856842,56.69870285818932,37.50276896932661,2.227163796199367,-58.19037570610463,-69.85413290113453,-0.035591274397244486,-0.026892842366570073,-0.026520286001055455,-0.05433930402267675,-0.074249615418677,-0.24130867801585448,-0.46538164295131157,75.04509371381546
2023-10-19,46.59,51.5,46.07,49.16,4212611,208422761.88,4.0905,4.5068,48.61999999999999,48.681,48.208,49.67833333333333,50.68783333333333,61.582499999999996,87.78836,48.61999999999999,48.681,48.208,49.67833333333333,50.68783333333333,61.582499999999996,87.78836,48.51027590233745,49.08283068295732,46.10917537746805,58.39895013123358,43.666121112929616,-0.5725547806198747,-0.7770180215970434,0.40892648195433723,-0.5725547806198747,-0.828387946789509,0.5116663323392685,51.32326361136128,48.208,45.09273638863872,50.38064741845197,54.56325085401055,42.015440547334805,52.710625630902825,55.36934378242716,47.39318932785416,2.8094976514358456,37.76529800801134,-42.46823956442839,0.011106540518305355,0.009839567798525076,0.019747759707932255,-0.010433790720300552,-0.030142013040604754,-0.20172126821743191,-0.44001687695270764,155.398066700699
2023-10-20,48.9,48.96,46.0,46.15,3004453,141781037.2,2.9173,-6.1229,47.67399999999999,48.456,47.971000000000004,49.51,50.502833333333335,61.164833333333334,87.56176,47.67399999999999,48.456,47.971000000000004,49.51,50.502833333333335,61.164833333333334,87.56176,48.14715653274707,48.86558396570123,33.53605560382276,51.77428737638162,30.658436213991763,-0.718427432954158,-0.7652999038684664,0.0937449418286167,-0.718427432954158,-0.8114709446609936,0.18608702341367112,50.94516879141891,47.971000000000004,44.9968312085811,34.496189188058885,47.87423029869333,7.740106966790009,36.04950799635945,48.92939852040459,10.289726948269177,2.873225351174782,-66.92095783004834,-97.2727272727273,-0.03196710995511168,-0.04758956579164612,-0.03796043442913437,-0.06786507776206827,-0.08618988373589606,-0.24548147219671437,-0.4729434401501295,53.16163281604596
2023-10-23,45.91,48.49,44.88,47.0,4062730,190535513.91,3.9449,1.8418,47.552,48.379999999999995,47.848,49.39333333333333,50.349833333333336,60.77525,87.32172,47.552,48.379999999999995,47.848,49.39333333333333,50.349833333333336,60.77525,87.32172,47.970670912324444,48.72739256083447,33.01225919439578,53.505328098710045,36.62551440329219,-0.7567216485100232,-0.7635842527967778,0.013725208573509118,-0.7567216485100232,-0.8030479760223826,0.09265265502471887,50.76582615546816,47.848,44.930173844531836,33.67218252013593,43.14021437250753,14.736118815392729,34.70772839233631,44.1888418110485,15.745501554911925,3.0071843782339123,-75.12883102793613,-67.97583081571,-0.01160834454912516,-0.028524183546920125,-0.017722788831299092,-0.048454582264813015,-0.0665311702455156,-0.2266588784085627,-0.4617604875396408,120.02218414847819
2023-10-24,47.07,47.3,44.81,46.83,2975189,137136688.32,2.8889,-0.3617,47.236000000000004,48.285,47.7315,49.279666666666664,50.199333333333335,60.40241666666667,87.03292,47.236000000000004,48.285,47.7315,49.279666666666664,50.199333333333335,60.40241666666667,87.03292,47.79518307965915,48.58684496373562,45.31249999999999,44.88599348534202,38.467583497053035,-0.7916618840764755,-0.7691997790527174,-0.04492421004751623,-0.7916618840764755,-0.8012962695691662,0.019268770985381378,50.6146143613985,47.7315,44.84838563860149,32.51289497356345,39.59777457285951,18.34313577497133,33.203258888363706,40.526980836820236,18.555814991450646,2.9131508549186544,-94.43358759377188,-69.80568011958151,-0.008595139300533615,-0.030133581857719756,-0.01888689858898209,-0.049709481260019325,-0.0671190852468161,-0.22469989473379243,-0.46192773952660676,96.44128724429122
2023-10-25,46.99,48.5,46.51,47.03,2639514,125510735.61,2.563,0.4271,47.233999999999995,48.005,47.6485,49.090333333333334,50.05433333333334,60.07325,86.74364,47.233999999999995,48.005,47.6485,49.090333333333334,50.05433333333334,60.07325,86.74364,47.677462605865436,48.47152311457002,41.06217616580314,47.551978537894044,40.97621000820345,-0.7940605087045824,-0.7741719249830905,-0.039777167442983874,-0.7940605087045824,-0.8001830755899995,0.012245133770834027,50.510933819020195,47.6485,44.7860661809798,32.73654881645635,37.31069932072512,23.588247807918805,33.19679142632319,38.083584366654556,23.42320554566045,2.7453052449334447,-25.238943787461405,-66.81614349775785,-0.004318922809840232,-0.020310384334965136,-0.01298047157832875,-0.041970245330037806,-0.06042100917003532,-0.21712242970040743,-0.4578276862718696,104.35378589501802
2023-10-26,46.88,51.52,45.11,50.34,5601571,273064598.72,5.4392,7.0381,47.47,48.045,47.7755,49.00833333333333,49.95883333333333,59.792833333333334,86.433,47.47,48.045,47.7755,49.00833333333333,49.95883333333333,59.792833333333334,86.433,48.0870837434246,48.60992880978706,67.08074534161493,57.032967032967036,48.98710865561694,-0.5228450663624571,-0.7239065532589639,0.40212297379301365,-0.5228450663624571,-0.7575156895549929,0.4693412463850717,50.88128051887585,47.7755,44.669719481124154,49.295801545794546,41.30573339574826,65.27593784588711,49.60262995237244,41.92326622856052,64.96135739999627,3.411613382218274,76.15621252411515,-17.585692995529055,0.060459237413103106,0.04776771776459573,0.05367814046948755,0.027172249617412086,0.007629615049724389,-0.15809308250431345,-0.41758356183402173,197.41598935482457
2023-10-27,51.2,54.44,50.6,51.9,7649773,398888686.14,7.428,3.0989,48.620000000000005,48.147000000000006,48.0255,48.970666666666666,49.9045,59.506166666666665,86.1538,48.620000000000005,48.147000000000006,48.0255,48.970666666666666,49.9045,59.506166666666665,86.1538,48.6736862444362,48.85363778683986,65.05494505494505,55.84415584415584,54.47214076246334,-0.17995154240366418,-0.615115551087904,0.8703280173684795,-0.17995154240366418,-0.668659666916327,0.9774162490253255,51.60358813987197,48.0255,44.447411860128035,57.40523149089661,46.67223276079771,78.87122895109442,57.60978376194854,47.152105406356526,78.52514047313258,3.5367745854513135,224.38510312151638,-26.375908618899274,0.06746194981489086,0.07794878185556717,0.08067589093294182,0.05981812241341753,0.0399863739742909,-0.12782148628853593,-0.39758896299408736,135.6880078787626
2023-10-30,52.1,56.0,51.15,54.56,6157305,331159868.05,5.9788,5.1252,50.132000000000005,48.842,48.4255,48.875,49.905499999999996,59.261833333333335,85.88796,50.132000000000005,48.842,48.4255,48.875,49.905499999999996,59.261833333333335,85.88796,49.5792729760614,49.27633128411099,98.05714285714284,61.401776900296156,59.109311740890696,0.30294169195040865,-0.4315041024802414,1.4688915888613001,0.30294169195040865,-0.519182534782983,1.6442484534667834,52.97151954285963,48.4255,43.87948045714037,67.31394342467283,53.55280298208942,94.83622430983965,67.45031160537411,53.91817413936239,94.51458653739755,3.7755428426419835,235.83144514271862,-12.868632707774783,0.08832681720258512,0.11707137299864878,0.12667912566726214,0.11631713554987216,0.09326627325645483,-0.07933999116913358,-0.36475380251201683,164.84282095596703
2023-10-31,54.4,57.99,53.28,55.9,6636745,372398376.7,6.4443,2.456,51.946000000000005,49.590999999999994,48.890499999999996,48.93333333333333,49.936166666666665,59.055,85.62252,51.946000000000005,49.590999999999994,48.890499999999996,48.93333333333333,49.936166666666665,59.055,85.62252,50.5516925182058,49.766973411213876,98.16017316017314,62.1490803484995,61.81579809898394,0.7847191069919219,-0.18825946058580875,1.9459571351554614,0.7847191069919219,-0.31858228220222845,2.2066027783883007,54.44171788437926,48.890499999999996,43.33928211562073,72.92350907117793,60.00970501178559,98.75111718996261,73.01442119164545,60.28358982345675,98.47608392802286,3.9454441439798047,240.66631719960435,-15.857359635811862,0.0761175066415122,0.12722066504002752,0.14337141162393519,0.14237057220708452,0.11942913786600895,-0.05342477351621372,-0.34713437539563186,127.46016090055943
2023-11-01,55.4,56.9,53.45,54.19,4795795,262872844.25,4.6568,-3.059,53.378,50.306,49.323,48.983,49.940000000000005,58.833749999999995,85.31288,53.378,50.306,49.323,48.983,49.940000000000005,58.833749999999995,85.31288,51.111432130789524,50.09460501038322,84.13729128014842,67.22513089005236,60.19789339291414,1.0168271204063046,0.052757855612613924,1.9281385295873814,1.0168271204063046,-0.11313468180091565,2.2599236044144404,55.11762218920635,49.323,43.52837781079365,72.33848505605083,64.11929835987401,88.77685844840445,72.39909313636251,64.32209092775867,88.55309755357018,3.85536339052893,170.82074811894265,-28.831562974203372,0.015212259732474009,0.07720749016021947,0.09867607404253588,0.10630218647285795,0.08510212254705632,-0.07893003590626124,-0.36480869008290434,73.2948450850091
2023-11-02,54.2,54.43,50.7,51.01,4798539,250070101.74,4.6594,-5.8682,53.512,50.491,49.586,48.969,49.898999999999994,58.573166666666665,84.97012,53.512,50.491,49.586,48.969,49.898999999999994,58.573166666666665,84.97012,51.095827187591134,50.16241204665113,64.46220930232558,56.05214152700187,56.11425171080035,0.9334151409400064,0.22888931267809245,1.409051656523828,0.9334151409400064,0.04787298323614929,1.7710843154077143,55.17150907069365,49.586,44.000490929306345,63.90598042684622,64.04819238219808,63.621556516142505,63.946385813720674,64.196855889746,63.44544566167002,3.8325700467963966,73.25349301397179,-52.959028831563,-0.04675586784272691,0.010279059634390254,0.02871778324527083,0.04167942984337023,0.022264975250005096,-0.12912340406158682,-0.39967131975334386,54.62126138211685
2023-11-03,51.12,54.55,50.49,53.63,4683012,248329082.0,4.5472,5.1362,53.858000000000004,51.239,49.847500000000004,49.06033333333333,49.897,58.37141666666666,84.6504,53.858000000000004,51.239,49.847500000000004,49.06033333333333,49.897,58.37141666666666,84.6504,51.485699927961726,50.419270413565854,62.586074980872226,64.49626044874614,59.84954026191139,1.066429514395871,0.39639735302164825,1.3400643227484457,1.066429514395871,0.20457398802995266,1.723711052731837,55.683319971237665,49.847500000000004,44.01168002876234,64.91051198916708,64.33563225118775,66.06027146512574,64.93744891375005,64.44372023108069,65.92490627908876,3.8739209473788687,86.03413626199433,-33.080424886191196,-0.004233354376322951,0.04666367415445277,0.07588143838708057,0.0931438161175696,0.07481411708118733,-0.08122839803157068,-0.3664530823244781,165.01549797123153
2023-11-06,54.29,56.1,53.15,56.1,6187372,339531273.09,6.008,4.6056,54.16600000000001,52.149,50.2645,49.281666666666666,49.94716666666667,58.19558333333334,84.3168,54.16600000000001,52.149,50.2645,49.281666666666666,49.94716666666667,58.19558333333334,84.3168,52.195592246736844,50.840065197746156,65.02145922746782,65.03466204506066,62.395615866388304,1.3555270489906874,0.5882232922154562,1.5346075135504624,1.3555270489906874,0.38164368971621954,1.9477667185489358,56.63925440186253,50.2645,43.889745598137466,71.71570364495196,66.79565604910916,81.55579883663756,71.8449962915137,66.91081225122502,81.71336437209104,3.7059353205827112,126.60400841165611,-14.339908952959032,0.03570505483144389,0.07576367715584192,0.11609585293795827,0.13835435760424772,0.12318683408801967,-0.03600931914936278,-0.33465216896276895,156.87388171116885
2023-11-07,55.26,57.2,55.22,56.58,3504172,197599898.13,3.4026,0.8556,54.302,53.124,50.7045,49.528999999999996,50.011,58.03158333333333,83.97336,54.302,53.124,50.7045,49.528999999999996,50.011,58.03158333333333,83.97336,52.870116516469636,51.26524555346867,58.55932203389829,75.37712895377129,64.62639109697933,1.6048709630009697,0.7915528263725589,1.6266362732568216,1.6048709630009697,0.5698325009907965,2.0700769240203463,57.55430053492634,50.7045,43.854699465073665,77.4947341069866,70.36201540173496,91.76017151748988,77.58092920469443,70.4675179023815,91.80775180932028,3.3921288986585822,134.88558811722191,-10.947204968944126,0.041950572722919945,0.06505534221820639,0.11587728899801783,0.1423610410062792,0.13135110275739328,-0.02501367789666257,-0.32621488529219267,108.8932145976135
2023-11-08,56.0,56.74,54.67,55.23,3420631,189942941.08,3.3215,-2.386,54.510000000000005,53.943999999999996,50.9745,49.747,50.05216666666666,57.87649999999999,83.60108,54.510000000000005,53.943999999999996,50.9745,49.747,50.05216666666666,57.87649999999999,83.60108,53.23317551393584,51.558931068026546,47.16342082980524,69.54869358669832,62.191358024691354,1.674244445909295,0.9680911502799062,1.4123065912587778,1.674244445909295,0.7397420309782579,1.8690048298620745,58.09934600017239,50.9745,43.84965399982761,72.72982273799104,71.15128451382033,75.88689918633247,77.91109566027247,72.94871048834516,87.8358660041271,3.1517418261752037,101.44059053032998,-21.428571428571463,0.013208585580627255,0.02383953729793863,0.08348291792955297,0.11021770156994386,0.10344873515299052,-0.045726676630411245,-0.33936260153576964,78.54544436432717
2023-11-09,55.5,57.85,55.08,57.53,4782195,272451898.12,4.6436,4.1644,55.814,54.663,51.354,50.07133333333333,50.13433333333333,57.71450000000001,83.2816,55.814,54.663,51.354,50.07133333333333,50.13433333333333,57.71450000000001,83.2816,53.89422543486879,52.00123247039495,63.46774193548388,73.0802415875755,61.84791071892032,1.8929929644738337,1.1530715131186917,1.479842902710284,1.8929929644738337,0.9171652515160389,1.9516554259155896,59.03377905383006,51.354,43.67422094616994,79.77543738088292,74.02600213617453,91.27430787029971,83.22961932907053,76.3756801019203,96.93749778337099,3.082334221416076,112.74699203524828,-6.133333333333344,0.030744974379188036,0.052448639847794756,0.12026327063130432,0.1489608159026457,0.14751700431507359,-0.0031967703090212507,-0.3092111582870646,150.38111757707392
2023-11-10,57.5,63.73,56.77,61.65,7917323,484136326.81,7.6878,7.1615,57.41799999999999,55.638,51.8925,50.563,50.29233333333333,57.59608333333333,82.96168,57.41799999999999,55.638,51.8925,50.563,50.29233333333333,57.59608333333333,82.96168,55.08742152181205,52.71595599110644,89.88005997001498,76.97416974169741,66.53177814805998,2.3714655307056063,1.3967503166360746,1.9494304281390633,2.3714655307056063,1.1409037560067414,2.4611235493977297,60.83834378650165,51.8925,42.94665621349834,81.28030165774874,76.44410197669927,90.95270101984767,83.58308962320714,78.77814994234924,93.19296898492294,3.787364362976788,162.41001365884398,-15.709969788519631,0.07370510989585159,0.10805564542219348,0.1880329527388351,0.21927100844491024,0.22583296327472047,0.07038528372154934,-0.2568858296987236,199.70414040661262
2023-11-13,61.66,65.9,60.58,64.56,6630434,417082144.85,6.4382,4.7202,59.11,56.638,52.739999999999995,51.163000000000004,50.50683333333333,57.47908333333333,82.69568,59.11,56.638,52.739999999999995,51.163000000000004,50.50683333333333,57.47908333333333,82.69568,56.54474128768712,53.59329258435782,90.09537784299339,76.62921348314606,68.68596881959911,2.951448703329298,1.7076899939747194,2.487517418709157,2.951448703329298,1.419449132517904,3.063999141622788,63.080459116340165,52.739999999999995,42.399540883659824,84.62165038052814,79.16995144464224,95.52504825229994,86.15684235750041,81.23771408073297,95.99509891103529,4.0660253878901,184.58121214629656,-8.695652173913064,0.09220098122145158,0.13987075814823977,0.22411831626848708,0.2618493833434317,0.27824287802640574,0.1231911898386226,-0.21930625638485582,158.60044730032882
2023-11-14,64.22,69.97,63.31,64.37,9731348,646502186.27,9.4492,-0.2943,60.668000000000006,57.485,53.538,51.755333333333326,50.72483333333333,57.37316666666667,82.39720000000001,60.668000000000006,57.485,53.538,51.755333333333326,50.72483333333333,57.37316666666667,82.39720000000001,57.74862724342756,54.391567207738724,86.43171806167402,74.61508093170156,66.89126394052045,3.357060035688839,2.037564002317543,2.638992066742592,3.357060035688839,1.7175431176211249,3.2790338361354285,64.88576694934753,53.538,42.19023305065246,80.16528916538975,79.50173068489141,81.49240612638641,81.18875048337127,81.2213928816124,81.12346568688898,4.537657135546445,187.4042595865769,-28.74743326488704,0.061020636909078885,0.11977037488040368,0.20232358324928104,0.24373655533085184,0.26900367670010433,0.12195306168098329,-0.2187841334414277,97.0956725163619
2023-11-15,64.37,68.96,62.77,66.46,7094085,465267567.22,6.8884,3.2469,62.914,58.71199999999999,54.509,52.452666666666666,50.994166666666665,57.26533333333334,82.12028,62.914,58.71199999999999,54.509,52.452666666666666,50.994166666666665,57.26533333333334,82.12028,59.0888384367464,55.28552519235067,88.11728395061729,74.03069466882067,68.3474011550422,3.8033132443957314,2.390713850733181,2.8251987873251005,3.8033132443957314,2.038430829432603,3.5297648299262567,66.79988990824938,54.509,42.218110091750624,80.77069927932212,79.92472021636831,82.46265740522972,81.45300682464313,81.29859752928931,81.76182541535076,4.838083110901634,165.62031826921935,-18.018480492813172,0.0563626537813522,0.13196620793023583,0.21924819754535935,0.2670471154946046,0.3032863235991044,0.16056252764907195,-0.19069930107398564,137.6474841965162
2023-11-16,65.43,66.6,63.0,64.77,4204927,271739487.82,4.083,-2.5429,64.362,60.088,55.2895,53.086666666666666,51.256166666666665,57.13191666666667,81.84936,64.362,60.088,55.2895,53.086666666666666,51.256166666666665,57.13191666666667,81.84936,59.96286329263157,55.988078881806175,85.86466165413536,67.66228594185583,65.17369455975529,3.974784410825393,2.7075279627516236,2.5345128961475387,3.974784410825393,2.336331380416109,3.2769060608185674,68.12084398342272,55.2895,42.45815601657727,76.87527395474427,78.90823812916031,72.8093456059122,78.73732282491608,80.44483929449824,75.32228988575176,4.612977090737699,130.6832635202742,-26.694045174538005,0.0063391442155309235,0.077919052056983,0.17147017064722958,0.22008037171920125,0.26365282876531926,0.13369205479132348,-0.20866821683150616,77.29218792174531
2023-11-17,64.87,66.59,62.32,66.4,4577505,296882232.28,4.4448,2.5166,65.312,61.364999999999995,56.302,53.68666666666666,51.5325,57.00375,81.59495999999999,65.312,61.364999999999995,56.302,53.68666666666666,51.5325,57.00375,81.59495999999999,60.953192016842095,56.759332297968676,85.11480601741887,74.39073112265282,71.2893723090868,4.193859718873419,3.0047943139759825,2.3781308097948735,4.193859718873419,2.622104970948003,3.1435094958508323,69.29159680910173,56.302,43.31240319089826,76.80573819205175,78.20740481679078,74.00240494257366,78.74997106282555,79.87988321727401,76.49014675392863,4.550617619694481,118.4270840154542,-21.22473246135549,0.01665850073493398,0.08205002851788497,0.17935419700898736,0.23680615919533118,0.28850725270460403,0.16483564677762444,-0.1862242471838945,128.21588167879668
2023-11-20,67.26,74.89,65.5,72.99,6815959,476542883.0,6.6184,9.9247,66.998,63.053999999999995,57.6015,54.52766666666666,51.91949999999999,56.90891666666667,81.35968000000001,66.998,63.053999999999995,57.6015,54.52766666666666,51.91949999999999,56.90891666666667,81.35968000000001,62.805008629635616,57.961603979600625,87.5496688741722,88.64275668073137,74.61939102564102,4.843404650034991,3.372516381187784,2.9417765376944134,4.843404650034991,2.963843383115232,3.759122533839517,71.8153098526112,57.6015,43.38769014738882,81.40494646367577,79.27325203241912,85.66833532618907,82.70110171085831,80.82028938180211,86.46272636897069,5.430505325204576,163.64270142208102,-9.396636993076191,0.08943550553747857,0.1575792178133029,0.26715450118486483,0.33858652793994487,0.4058301794123596,0.2825758119333963,-0.1028725776699222,257.60414264559216
2023-11-21,72.0,73.5,69.8,70.5,4085830,292534226.85,3.9674,-3.4114,68.224,64.446,58.78499999999999,55.285,52.29483333333333,56.77766666666667,81.1486,68.224,64.446,58.78499999999999,55.285,52.29483333333333,56.77766666666667,81.1486,63.98885345584552,58.89037405518577,70.23160762942781,79.7951253973861,72.9819749216301,5.098479400659755,3.7177089850821785,2.7615408311551537,5.098479400659755,3.292248924275928,3.6124609527676546,73.16324745926545,58.78499999999999,44.40675254073453,80.21645597999049,79.58765334827625,81.47406124341896,81.23034212309776,80.95697362890067,81.77707911149193,5.115867993349198,140.56920525295763,-21.71117705242335,0.03336069418386486,0.09393911181454244,0.1992855320234756,0.27521027403454834,0.348125531840303,0.24168540447241577,-0.1312234591847549,70.6736519547443
2023-11-22,69.95,72.32,68.26,68.66,2973175,207980478.01,2.887,-2.6099,68.664,65.789,59.866499999999995,55.912666666666674,52.630833333333335,56.60808333333333,80.93528,68.664,65.789,59.866499999999995,55.912666666666674,52.630833333333335,56.60808333333333,80.93528,64.70749138571544,59.614050051097934,63.1353337415799,72.6878612716763,69.20803782505911,5.093441334617509,3.992855454989245,2.2011717592565283,5.093441334617509,3.5693554489438637,3.048171771347291,73.76787634230519,59.866499999999995,45.965123657694804,75.35033783507828,78.17521484387693,69.70058381748098,77.00397366510404,79.6393069743018,71.73330704670852,4.923891994558433,109.37742502499461,-31.44876325088341,-5.825468950257614e-05,0.0436395142045022,0.1468851527983096,0.22798650276025687,0.30455848124515084,0.21290098440004881,-0.15166785115217996,76.76209534338763
2023-11-23,68.89,71.88,67.8,70.35,2902553,203769649.69,2.8184,2.4614,69.78,67.071,60.867,56.592999999999996,53.02333333333333,56.42291666666666,80.71072,69.78,67.071,60.867,56.592999999999996,53.02333333333333,56.42291666666666,80.71072,65.57556963406691,60.40930560286846,62.209667294413066,73.83177570093459,74.47411003236246,5.166264031198452,4.227537170231087,1.8774537219347298,5.166264031198452,3.8150336923676464,2.7024606776616107,74.76178372399946,60.867,46.97221627600054,72.9915366606089,76.44732211612093,66.07996574958483,76.31758656407965,78.53206683756109,71.88862601711676,4.770457086456899,101.0871728080173,-25.055187637969134,0.008168529664660263,0.04888849130026385,0.15579870865986492,0.24308660081635536,0.3267743760608536,0.24683380718531928,-0.12836857359220685,127.52725944262468
2023-11-24,71.23,71.9,65.68,66.46,5336567,362079280.29,5.1819,-5.5295,69.792,67.55199999999999,61.59499999999999,57.11233333333334,53.334500000000006,56.203916666666665,80.46236,69.792,67.55199999999999,61.59499999999999,57.11233333333334,53.334500000000006,56.203916666666665,80.46236,65.71163584421046,60.85750518784116,54.6607832322118,67.86509704104358,68.5403963414634,4.8541306563693,4.35285586745873,1.0025495778211404,4.8541306563693,3.9748947637525163,1.7584717852335672,75.029705254044,61.59499999999999,48.16029474595599,59.6395447268021,70.84472965301465,37.22917487437698,64.5751066262278,73.87974676711666,45.96582634445005,5.034010343464735,71.54044137779978,-58.90985324947593,-0.04774186153140772,-0.016165324490762654,0.0789836837405634,0.16367159457676952,0.24609774161190198,0.182479868692425,-0.1740237298533129,56.61902048048212
2023-11-27,66.46,66.65,64.32,65.55,4898857,320085223.3,4.7568,-1.3692,68.304,67.651,62.144499999999994,57.71033333333333,53.658333333333324,55.97175,80.21616,68.304,67.651,62.144499999999994,57.71033333333333,53.658333333333324,55.97175,80.21616,65.686768791255,61.20509739614922,47.55887421022398,63.34886817576565,67.58737316798197,4.481671395105785,4.378618972988141,0.20610484423528774,4.481671395105785,4.0528603993453265,0.8576219915209169,75.2629522113294,62.144499999999994,49.02604778867058,48.32506376111918,63.33817435571617,18.29884257192522,51.61543836073632,66.45831063165654,21.929693818895856,4.542372099198421,39.25210041747241,-74.30389817024664,-0.04031974701335214,-0.031056451493695573,0.05479970069756783,0.13584511150516082,0.2216182637055445,0.17112650578193458,-0.18283298527379027,87.12114826624212
2023-11-28,65.0,67.85,64.93,66.1,3242118,216224338.48,3.1481,0.8391,67.424,67.824,62.6545,58.3,54.01533333333334,55.988416666666666,79.961,67.424,67.824,62.6545,58.3,54.01533333333334,55.988416666666666,79.961,65.75034282336962,61.567682774212244,19.700967458223374,58.40574234983,67.79914131043495,4.182660049157377,4.339427188221989,-0.3135342781292234,4.182660049157377,4.072829576239488,0.21966094583577878,75.54183115157706,62.6545,49.76716884842294,42.24057552252813,56.30564141132016,14.110443744944078,44.43415858893955,59.11692661741755,15.06862253198355,4.247395353889615,43.77203868959665,-69.928400954654,-0.019636924537256944,-0.025418730832743628,0.05499205962859804,0.13379073756432242,0.2237265961517098,0.18060134462336694,-0.17334700666574962,108.71454050401965
2023-11-29,66.0,67.97,65.11,66.09,3514839,234822597.52,3.4129,-0.0151,66.91,67.78699999999999,63.2495,58.934999999999995,54.33899999999999,56.014916666666664,79.71584,66.91,67.78699999999999,63.2495,58.934999999999995,54.33899999999999,56.014916666666664,79.71584,65.80259777362045,61.90266923538171,25.19685039370077,53.24565125159101,65.6654068032624,3.89992853823874,4.25152745822534,-0.7031978399731997,3.89992853823874,4.046229416547065,-0.29260175661664967,75.57807267531037,63.2495,50.92092732468962,38.15773186519113,50.256338229277155,13.96051913701909,39.62012057613208,52.61799127032239,13.624379187751458,3.9951416531824124,40.76942619831489,-70.00795544948288,-0.012255268270811437,-0.02503429861182806,0.0449094459244738,0.12140493764316634,0.21625351957157868,0.17986429210076493,-0.17093014387102987,99.8488170214994
2023-11-30,66.07,67.3,64.99,66.73,2644872,175673717.79,2.5682,0.9684,66.18599999999999,67.98299999999999,64.0355,59.52066666666667,54.5995,56.04533333333333,79.45372,66.18599999999999,67.98299999999999,64.0355,59.52066666666667,54.5995,56.04533333333333,79.45372,65.94527503921731,62.260249292020106,37.4512353706112,54.912572855953385,65.02532928064844,3.6850257471972014,4.138227116019712,-0.9064027376450206,3.6850257471972014,3.9906596212624703,-0.6112677481305377,75.0084110948108,64.0355,53.0625889051892,33.03861405329995,44.517096837284754,10.081648485330348,38.1079244572782,47.781302332641,18.76116870655261,3.688752261694701,35.57185942495088,-64.91646778042957,0.008219260870879206,-0.018431078357824544,0.04207822223610349,0.12112319530471208,0.22217236421578962,0.19064328876623696,-0.16014001609993841,110.11683740399481
2023-12-01,66.68,67.15,66.0,66.29,1885900,125566015.59,1.8312,-0.6594,66.152,67.97200000000001,64.6685,60.192,54.851,56.09066666666667,79.16368,66.152,67.97200000000001,64.6685,60.192,54.851,56.09066666666667,79.16368,65.9983096485685,62.55874934446307,18.478260869565233,49.620026821636145,62.44430299172503,3.4395603041054272,3.998493753636855,-1.1178668990628555,3.4395603041054272,3.9058751109306176,-0.9326296136503807,74.51700782178071,64.6685,54.81999217821928,29.178974365235597,39.404389346601704,8.728144402503375,31.61783421718267,42.39347962748822,10.066543396571575,3.2271609413865745,32.668164998070345,-81.3623462630084,0.0020861047285041304,-0.024745483434355352,0.025074031406326292,0.10130914407230207,0.20854679039579965,0.18183655034705717,-0.1626210403558803,93.59851138642978
2023-12-04,65.72,67.05,63.55,65.92,3246195,211701217.11,3.1521,-0.5582,66.22600000000001,67.265,65.15950000000001,60.82266666666666,55.108,56.11233333333333,78.88308,66.22600000000001,67.265,65.15950000000001,60.82266666666666,55.108,56.11233333333333,78.88308,65.9862620103272,62.80773087450284,40.753424657534346,52.73159144893113,60.85355285961873,3.1785311358243575,3.834501230074356,-1.3119401884999968,3.1785311358243575,3.793976037837347,-1.2308898040259786,74.15122362142532,65.15950000000001,56.16777637857469,28.460631332810074,35.756470008671165,13.868953981087898,29.01825463725077,37.93507129740907,11.18462131693417,3.2767680429526513,8.708693355147616,-76.18090452261302,-0.004620541781173731,-0.01999554002824647,0.011671360277472866,0.08380647565600553,0.19619655948319673,0.17478629178374339,-0.16433283284577635,94.5565888860698
2023-12-05,66.35,66.35,63.52,63.6,2102667,135602280.55,2.0417,-3.5194,65.726,66.575,65.5105,61.38166666666667,55.33066666666666,56.1135,78.614,65.726,66.575,65.5105,61.38166666666667,55.33066666666666,56.1135,78.614,65.61914477796917,62.86641747639151,27.482678983833722,43.56025758969639,60.05986743639085,2.752727301577657,3.6181464443750166,-1.7308382855947189,2.752727301577657,3.6337839245666257,-1.762113245977937,73.59430961518918,65.5105,57.42669038481081,19.29197220118921,30.268304072843847,-2.6606915421200625,19.648533394530812,31.839558663116314,-4.733517142640196,3.195537489688531,-24.410712685259828,-99.09090909090911,-0.03234640781425916,-0.04468644386030794,-0.029163263904259502,0.036139998370849066,0.14945298568605736,0.13341709214360178,-0.19098379423512354,69.88744598284899
2023-12-06,64.0,65.32,62.4,63.19,2232332,141842838.19,2.1676,-0.6447,65.14599999999999,66.02799999999999,65.9085,61.92033333333334,55.505333333333326,56.104,78.36676,65.14599999999999,66.02799999999999,65.9085,61.92033333333334,55.505333333333326,56.104,78.36676,65.24543019674314,62.89038655221436,15.274463007159923,18.508997429305907,63.84090909090909,2.3550436445287843,3.3655258844057703,-2.020964479753972,2.3550436445287843,3.43705465071465,-2.1640220123717313,72.5088326072407,65.9085,59.3081673927593,15.633244625354207,25.389950923680637,-3.880167971298654,15.87095208758194,26.51668980460486,-5.420523346463895,3.145439764290615,-65.98435558154867,-91.6842105263158,-0.030024867221318106,-0.04298176531168586,-0.04124657669344631,0.020504842243527843,0.13844915803886726,0.1263011549978611,-0.1936632317069125,93.73729075502322
2023-12-07,63.07,64.5,62.67,63.52,2793387,177629091.69,2.7124,0.5222,64.504,65.345,66.208,62.35966666666666,55.684,56.112750000000005,78.13323999999999,64.504,65.345,66.208,62.35966666666666,55.684,56.112750000000005,78.13323999999999,64.97997939724421,62.93702458538367,21.507760532150854,23.955223880597018,61.85567010309279,2.0429548118605396,3.1010116698967245,-2.1161137160723698,2.0429548118605396,3.222577752429402,-2.359245881137725,71.64941080776273,66.208,60.76658919223726,17.12473639296507,22.634879413442114,6.1044503520109785,14.510459286458149,22.514612965222625,-1.4978480710708055,2.9062688980559575,-90.74360762831536,-88.21052631578944,-0.015254867915168079,-0.02792868620399412,-0.04059932334461085,0.018607112503274143,0.14072264923496886,0.13200654040302778,-0.18702974559867203,105.34679817487303
2023-12-08,63.79,65.48,62.82,64.94,3257666,209816633.67,3.1632,2.2355,64.23400000000001,65.19300000000001,66.3725,62.794333333333334,55.8825,56.13141666666666,77.91428000000002,64.23400000000001,65.19300000000001,66.3725,62.794333333333334,55.8825,56.13141666666666,77.91428000000002,64.9738287207451,63.085393134614506,33.08128544423437,35.67026194144837,60.87063453025086,1.8884355861305977,2.8584964531434993,-1.9401217340258032,1.8884355861305977,3.017325111460355,-2.257779050659515,71.4182647691062,66.3725,61.32673523089381,26.61696968387976,23.96224283692133,31.926423377796617,24.87411827954181,23.301114736662356,28.020125365300714,2.8614927347730568,-73.51978013233628,-54.39856373429086,0.010991063922533063,-0.003880784746828866,-0.021582733812949707,0.03416974992435618,0.1620811524180199,0.15692786422339253,-0.16651992420388173,124.74350677114549
2023-12-11,64.35,67.94,64.2,67.23,4198974,280650855.6,4.0772,3.5263,64.49600000000001,65.361,66.506,63.21666666666667,56.045833333333334,56.168666666666674,77.70788,64.49600000000001,65.361,66.506,63.21666666666667,56.045833333333334,56.168666666666674,77.70788,65.32093199447662,63.39240105056899,56.582633053221265,38.51251840942565,62.53826230280199,1.9285309439076315,2.6725033512963257,-1.4879448147773884,1.9285309439076315,2.849818316452244,-1.842574745089225,71.49076584467176,66.506,61.52123415532824,46.64949385268827,31.52465984217698,76.89916187371087,45.48759291646297,30.696607463262563,75.06956382286378,3.0212213284506815,-3.7306758655936436,-13.285457809694702,0.042390225750434045,0.028595033735713954,0.010886235828346372,0.06348536778275775,0.19955393651029668,0.19693067309175927,-0.1348367758842475,141.4191653238682
2023-12-12,67.69,68.7,67.05,68.12,2874926,195543423.81,2.7916,1.3238,65.4,65.563,66.6935,63.624,56.278666666666666,56.218833333333336,77.49236,65.4,65.563,66.6935,63.624,56.278666666666666,56.218833333333336,77.49236,65.75155784148022,63.742593565341664,64.36031331592689,57.84499054820421,65.34158533682458,2.008964276138556,2.539795536264772,-1.0616625202524315,2.008964276138556,2.720456156403984,-1.4229837605308555,71.62176124989932,66.6935,61.76523875010068,61.36421283300913,41.47117750578769,101.15028348745199,60.589612208858924,40.66094237846135,100.44695186965409,2.7719083596414675,47.65048971057575,-9.206349206349174,0.04159021406727827,0.039000655857724664,0.02138889097138408,0.07066515780208729,0.21040536378497485,0.21169359022628836,-0.12094560031466328,114.05524988716118
2023-12-13,68.34,72.63,67.88,69.71,3754628,265242277.82,3.6458,2.3341,66.70400000000001,65.925,66.856,64.14133333333334,56.56216666666667,56.27633333333333,77.28124,66.70400000000001,65.925,66.856,64.14133333333334,56.56216666666667,56.27633333333333,77.28124,66.36054894279096,64.18462367161266,94.08369408369403,68.47246891651865,64.74576271186442,2.1759252711783006,2.467021483247478,-0.5821924241383547,2.1759252711783006,2.6366821740615713,-0.9215138057665415,71.9629298635746,66.856,61.74907013642539,64.72830871825893,49.22355457661144,95.73781700155392,64.21190830215879,48.511264353027165,95.61319620042202,3.1315613851612008,106.18382775883298,-28.54349951124147,0.04506476373230969,0.057413727720894904,0.042688763910494185,0.08681869205504497,0.2324492520029582,0.23870898956932743,-0.09796996010933576,125.9518162407701
2023-12-14,69.14,70.44,67.41,67.8,2062565,141031256.47,2.0028,-2.7399,67.55999999999999,66.03200000000001,67.0075,64.701,56.835,56.311749999999996,77.07284,67.55999999999999,66.03200000000001,67.0075,64.701,56.835,56.311749999999996,77.07284,66.58200295159234,64.45242932556728,77.34282325029658,56.7353407290016,57.86646201074444,2.1295736260250635,2.399531911802995,-0.5399165715558629,2.1295736260250635,2.558665474363647,-0.858183696677167,72.0329965714211,67.0075,61.9820034285789,60.747513730061186,53.06487429442803,76.11279260132748,60.403246785994426,52.47525849734959,76.25922336328408,3.1130956787682553,49.20759573748678,-47.21407624633431,0.0035523978685614143,0.02677489701962664,0.011827034287206717,0.04789725042889606,0.19292689363948265,0.2040115961588834,-0.12031268083542791,75.74362939588733
2023-12-15,67.99,68.08,65.6,65.66,1660831,110468139.94,1.6127,-3.1563,67.704,65.969,66.9705,65.102,57.08116666666667,56.327000000000005,76.86484,67.704,65.969,66.9705,65.102,57.08116666666667,56.327000000000005,76.86484,66.44015634365506,64.54187900515488,60.449218749999986,48.54237288135591,51.43528183716075,1.8982773385001792,2.299280997142432,-0.8020073172845059,1.8982773385001792,2.4570672996154213,-1.117579922230484,72.02563798030197,66.9705,61.91536201969804,51.12069504454389,52.41681454446666,48.52845604469837,50.89118374849939,51.94723358106619,48.77908408336579,2.997987373537664,-22.405198005937073,-68.13294232649072,-0.03019023986765918,-0.004684018250996643,-0.01956831739347929,0.008571165248379354,0.150291835894501,0.16569318444085412,-0.14577328203636414,72.56243453421082
2023-12-18,65.9,66.65,65.0,65.33,1695895,111547190.26,1.6467,-0.5026,67.32399999999998,65.91,66.5875,65.40966666666667,57.345666666666666,56.35466666666667,76.66816,67.32399999999998,65.91,66.5875,65.40966666666667,57.345666666666666,56.35466666666667,76.66816,66.26936306001582,64.60025833810637,52.13114754098361,45.1523545706371,51.24804992199687,1.6691047219094486,2.1732457420958355,-1.008282040372774,1.6691047219094486,2.335842287660656,-1.3334751315024151,70.81539172294458,66.5875,62.359608277055436,43.6275471036614,49.48705873086491,31.908523849254365,43.47453957296506,49.12300224503248,32.17761422883021,2.752898760167181,-44.35256530727279,-71.3587487781036,-0.02961796684688946,-0.008799878622363803,-0.018884925849446326,-0.0012179647248877806,0.1392316769067119,0.15926513036483222,-0.1478861629130007,95.08626705181665
2023-12-19,65.5,65.5,62.48,63.67,2803526,177884543.09,2.7222,-2.5409,66.434,65.917,66.24600000000001,65.646,57.5875,56.375,76.46995999999999,66.434,65.917,66.24600000000001,65.646,57.5875,56.375,76.46995999999999,65.86946105078262,64.53135031306145,29.107981220657223,41.63473818646231,46.33184328161979,1.3381107377211663,2.0062187412209016,-1.3362160069994706,1.3381107377211663,2.182345126131504,-1.6884687768206756,70.24016100140605,66.24600000000001,62.25183899859396,32.993077379452444,43.989064947060754,11.001102244235824,33.121182133035695,43.789062207700226,11.785421983706641,2.8014626219549665,-111.04554476691165,-87.58553274682303,-0.041605202155522714,-0.034088323194320126,-0.038885366663647725,-0.03010084392042164,0.1056218797482093,0.12940133037694015,-0.1673854674436862,77.3075511995748
2023-12-20,63.52,64.29,60.9,61.6,2636725,163262495.75,2.5603,-3.2511,64.812,65.75800000000001,65.893,65.85833333333333,57.80266666666667,56.384750000000004,76.26384,64.812,65.75800000000001,65.893,65.85833333333333,57.80266666666667,56.384750000000004,76.26384,65.21262088912376,64.31421325283468,16.391752577319508,37.557603686635936,45.873470450403545,0.8984076362890789,1.7846565202345372,-1.7724977678909166,0.8984076362890789,1.9848162815403618,-2.172817290502566,70.22267775632012,65.893,61.56332224367988,23.9845863973275,37.32090543048301,-2.688051668983519,24.069989566383,37.21603799392782,-2.2221072887066384,2.908469417963156,-160.25641025641028,-94.0323955669224,-0.04955872369314319,-0.06323185011709613,-0.06515107826324494,-0.06465899025686447,0.06569477763424988,0.09249398108531114,-0.1922777557489893,71.85526956937277
2023-12-21,60.88,63.88,60.4,62.39,1815081,112726566.73,1.7625,1.2825,63.73,65.64500000000001,65.495,66.02033333333333,58.045833333333334,56.40133333333333,76.0362,63.73,65.64500000000001,65.495,66.02033333333333,58.045833333333334,56.40133333333333,76.0362,64.77837152156626,64.17167893780989,8.876404494382015,46.1781427668983,44.66329518232631,0.6066925837563701,1.5490637329389039,-1.8847422983650675,0.6066925837563701,1.7727972511120553,-2.3322093347113704,69.5546110780654,65.495,61.4353889219346,21.413545469572934,32.01845211017965,0.20373218835949558,21.470480915609937,31.96751896782186,0.4764048111860859,3.0123840692425823,-145.83507743825876,-83.72853638593621,-0.021026204299387986,-0.04958488841495939,-0.047408199099167936,-0.054988109723771855,0.07484028425812934,0.10617952294272004,-0.17946977886848625,113.59068921815887
2023-12-22,62.25,65.46,62.1,63.43,2221337,142331956.97,2.1569,1.6669,63.284000000000006,65.494,65.3435,66.07966666666667,58.32133333333333,56.40200000000001,75.83139999999999,63.284000000000006,65.494,65.3435,66.07966666666667,58.32133333333333,56.40200000000001,75.83139999999999,64.57092974901761,64.11673975723137,22.78953922789539,50.72904009720534,35.071830106183626,0.45418999178623665,1.3300889847083706,-1.7517979858442678,0.45418999178623665,1.5699345958311601,-2.231489208089847,69.47695923689176,65.3435,61.21004076310825,22.534078009968773,28.856994076776026,9.888245876354276,22.57203497399344,28.835690969879053,10.044722982222211,3.075586965743929,-77.15540911587058,-75.22485690923956,0.0023070602363945655,-0.031514337191193086,-0.02928370840251909,-0.040098063448665525,0.08759516243341496,0.12460551044289193,-0.16353911440379565,117.97697534354315
2023-12-25,63.9,65.7,63.19,64.9,1628161,105438590.24,1.581,2.3175,63.198,65.261,65.311,66.091,58.626999999999995,56.40175,75.64787999999999,63.198,65.261,65.311,66.091,58.626999999999995,56.40175,75.64787999999999,64.62155594147644,64.1747590344735,44.83695652173919,53.92045454545456,40.96774193548387,0.4467969070029483,1.1534305691672861,-1.4132673243286757,0.4467969070029483,1.3971441821652812,-1.900694550324666,69.4478429355696,65.311,61.17415706443042,27.287640995471165,28.33387638300774,25.195170220398012,27.312945638154275,28.328109192637463,25.2826185291879,2.9727529719723065,-34.74257297238227,-63.20523303352405,0.026931232001012773,-0.005531634513721672,-0.006292967493990313,-0.01802060794964501,0.10699848192812204,0.1506735163359294,-0.1420777422976028,125.74764317165285
2023-12-26,64.48,65.3,62.2,63.15,2075505,131350445.4,2.0153,-2.6965,63.09400000000001,64.764,65.1635,66.05033333333333,58.902833333333334,56.360833333333325,75.44595999999999,63.09400000000001,64.764,65.1635,66.05033333333333,58.902833333333334,56.360833333333325,75.44595999999999,64.39516271971084,64.09885095784583,37.5854214123007,45.008365867261574,41.0870268521514,0.29631176186501307,0.9820068077068316,-1.371390091683637,0.29631176186501307,1.2277853482729322,-1.8629471728158382,69.39125926714615,65.1635,60.93574073285385,27.321906745984766,27.99655317066675,25.9726138966208,25.703860733422015,27.453359706232316,22.20486278780141,2.995888795250068,-69.77729243191328,-77.51430907604251,0.0008875645861728575,-0.02492125254771165,-0.030899199705356536,-0.043910956795575024,0.07210462428236329,0.1204589475551877,-0.16297705006338298,76.0828164283981
2023-12-27,63.0,63.49,61.88,62.76,1185348,74196917.21,1.151,-0.6176,63.326,64.069,64.997,65.92699999999999,59.18983333333333,56.30283333333333,75.25444,63.326,64.069,64.997,65.92699999999999,59.18983333333333,56.30283333333333,75.25444,64.1435992243707,63.99967681282021,43.94141145139812,36.057392389270106,37.18338399189464,0.14392241155049135,0.8143899284755636,-1.3409350338501445,0.14392241155049135,1.0610372041617873,-1.8342295852225918,69.33205223666613,64.997,60.66194776333387,28.457660052878733,28.150255464737413,29.07246922916137,24.97123252082052,26.62598397776172,21.661729606938124,2.7439090142955096,-92.66352433705471,-76.49402390438247,-0.00893787701733889,-0.020431097722767712,-0.03441697309106577,-0.048037981403673685,0.06031722790231429,0.11468635385430571,-0.1660292734887138,93.99306252974728
2023-12-28,63.0,65.08,62.0,64.71,1980510,126845053.86,1.9231,3.1071,63.79,63.75999999999999,64.896,65.925,59.505833333333335,56.25875,75.06728,63.79,63.75999999999999,64.896,65.925,59.505833333333335,56.25875,75.06728,64.23073780523674,64.0522933452039,71.04194857916096,40.023405500292526,46.83773039392843,0.17844446003283565,0.687200834787018,-1.0175127495083647,0.17844446003283565,0.9252537050650255,-1.4936184900643796,69.15449689319608,64.896,60.637503106803926,41.95844003525244,32.75298365490909,60.369352795939136,35.35408556943588,29.53535117498644,46.99155435833476,2.80501646624178,-41.798178960630864,-43.88020833333339,0.014422323248157934,0.01489962358845676,-0.0028661242603551383,-0.018430034129692886,0.08745641183637445,0.1502210767213988,-0.13797329542245307,135.7952719210697
2023-12-29,64.5,69.8,64.01,68.38,3794086,256003476.51,3.6841,5.6715,64.78,64.032,65.0005,65.991,59.83883333333333,56.26208333333333,74.89815999999999,64.78,64.032,65.0005,65.991,59.83883333333333,56.26208333333333,74.89815999999999,64.86908583520032,64.37286420852213,79.16260954235632,46.531038080333865,54.65001643115347,0.49622162667819225,0.6490049931652528,-0.3055667329741212,0.49622162667819225,0.8592487699285896,-0.7260542865007946,69.49884811784958,65.0005,60.50215188215042,56.27016569726049,40.59204433569289,87.62640842039568,51.86726272004945,36.97932169000745,81.64314478013347,3.3477407451069094,88.65020638276414,-15.106382978723426,0.05557270762581035,0.06790354822588704,0.05199190775455562,0.0362019063205588,0.14273618302495863,0.21538336209258752,-0.08702697102305311,173.61089116916014
2024-01-02,68.63,69.9,67.34,67.84,2901683,199057097.57,2.8176,-0.7897,65.36800000000001,64.28299999999999,65.0965,65.81933333333333,60.173500000000004,56.280750000000005,74.73447999999999,65.36800000000001,64.28299999999999,65.0965,65.81933333333333,60.173500000000004,56.280750000000005,74.73447999999999,65.3261495528618,64.62968908196494,72.56908904810646,50.11235955056181,52.859960552268255,0.6964604708968665,0.6584960887115756,0.07592876437058171,0.6964604708968665,0.8342044162314014,-0.27548789066906987,69.75651705439539,65.0965,60.43648294560463,63.618706956068394,48.26759854248473,94.32092378323573,60.683438304594375,44.880693894869765,92.2889271240436,3.2045151550874715,109.0595172540378,-21.6842105263158,0.03781666870640059,0.05533344741222434,0.04214512300968558,0.03070019953610394,0.12740658263188942,0.2053855003709083,-0.09225300022158431,92.37776015493533
2024-01-03,67.34,68.49,63.8,65.46,2335274,153045142.55,2.2676,-3.5083,65.83,64.462,65.1895,65.65133333333333,60.46816666666666,56.256,74.55872000000001,65.83,64.462,65.1895,65.65133333333333,60.46816666666666,56.256,74.55872000000001,65.3467419293446,64.69119359441198,52.62172284644189,49.44567627494456,49.03934126258004,0.6555483349326181,0.6579065379557841,-0.004716406046332056,0.6555483349326181,0.8067188652623578,-0.3023410606594794,69.79771908743304,65.1895,60.581280912566946,60.166857268957855,52.23401811797577,76.03253557092201,58.21001150130851,49.32379976368268,75.98243497656016,3.4746033087079304,22.417362747197892,-46.73684210526325,-0.0056205377487468415,0.015481989389097305,0.004149441244372152,-0.0029143861003076764,0.08255307889275072,0.16360921501706474,-0.12203428385036671,69.96834754670998
2024-01-04,65.55,65.57,64.04,64.95,1163675,75229282.13,1.1299,-0.7791,66.268,64.797,65.2775,65.52766666666668,60.720166666666664,56.23725,74.39095999999999,66.268,64.797,65.2775,65.52766666666668,60.720166666666664,56.23725,74.39095999999999,65.28570470944544,64.71036443927036,59.53389830508478,48.95718990120748,47.274954072259646,0.5753402701750758,0.6413932843996425,-0.13210602844913333,0.5753402701750758,0.7711221583258528,-0.39156377630155403,69.79119786549126,65.2775,60.763802134508744,52.871005427850534,52.44634722126736,53.72032184101687,54.771586614907434,51.139728714090936,62.03530241654042,3.1210390707610314,-16.572637517630426,-52.10526315789473,-0.01988893583630105,0.002361220426871704,-0.0050170426257133095,-0.008815614778490603,0.06966109557231133,0.15492845044876838,-0.1269100439085608,92.47653405324805
2024-01-05,64.9,64.9,61.68,62.0,2259904,141337641.97,2.1944,-4.542,65.726,64.758,65.2015,65.24933333333334,60.921166666666664,56.23025,74.1764,65.726,64.758,65.2015,65.24933333333334,60.921166666666664,56.23025,74.1764,64.78021167722306,64.50959670302811,46.833333333333336,45.72014351614557,43.90105203298265,0.27061497419495595,0.5672376223587052,-0.5932452963274986,0.27061497419495595,0.6941210530749456,-0.8470121577599794,69.88768698100493,65.2015,60.51531301899506,36.54498496487684,47.14589313580385,15.343168623022805,37.81203908958144,46.697165505921106,20.0417862569021,3.148122876077208,-84.2097353598233,-96.10705596107056,-0.056689894410126875,-0.0425893325921121,-0.04910163109744402,-0.0497987208042995,0.01770867815510212,0.10260936061995105,-0.16415463678474557,62.823964768332495
2024-01-08,61.62,61.88,57.6,58.0,2603236,153152173.61,2.5278,-6.4516,63.65,64.215,64.8545,64.96733333333333,61.039833333333334,56.19975,73.93679999999999,63.65,64.215,64.8545,64.96733333333333,61.039833333333334,56.19975,73.93679999999999,63.73710218841951,64.02740435465566,26.12099644128115,41.6044776119403,39.793814432989684,-0.29030216623614535,0.39572966463973513,-1.372063661751761,-0.29030216623614535,0.5426713270270854,-1.6659469865264616,70.54283885657802,64.8545,59.16616114342198,25.447334150026293,39.913040140544666,-3.4840778310104525,26.29203689982936,39.895455970557194,-0.9148012416263072,3.3757368986086242,-181.1415733113036,-96.74796747967481,-0.0887666928515318,-0.09678424044226432,-0.10569043011664575,-0.10724364039363367,-0.04980081313022372,0.03203306064528754,-0.21554625031107638,51.3290280463509
2024-01-09,57.3,58.78,54.61,55.31,4188120,236316966.85,4.0667,-4.6379,61.144000000000005,63.25599999999999,64.2585,64.626,61.16816666666667,56.15583333333334,73.69331999999999,61.144000000000005,63.25599999999999,64.2585,64.626,61.16816666666667,56.15583333333334,73.69331999999999,62.440624928662665,63.381670698755244,0.0,34.83290488431878,39.41792187898903,-0.941045770092579,0.12837457769327232,-2.1388406955717025,-0.941045770092579,0.3144071582394447,-2.5109058566640474,71.24791839308321,64.2585,57.269081606916785,18.490941319114988,32.77234053340145,-10.07185710945793,19.054076485650363,32.94832947558825,-8.734429494225417,3.520148371588874,-223.81081081081078,-95.42184434270764,-0.09541410440926343,-0.1256165423042872,-0.13925784137507094,-0.1441525082784019,-0.09577149334212516,-0.015062252363215548,-0.2494570742639901,62.19516854419018
2024-01-10,55.3,56.96,53.13,54.26,3469435,190413470.83,3.3689,-1.8984,58.90400000000001,62.367,63.56550000000001,64.23133333333334,61.26566666666667,56.125499999999995,73.43956000000001,58.90400000000001,62.367,63.56550000000001,64.23133333333334,61.26566666666667,56.125499999999995,73.43956000000001,61.18206724732995,62.70599138773633,0.0,30.364025695931474,38.78422506907812,-1.5239241404063861,-0.20208516592665943,-2.6436779489594535,-1.5239241404063861,0.031586958447778396,-3.111022197708329,71.61142992891047,63.56550000000001,55.51957007108955,14.573368551840913,26.70601653954794,-9.69192742357314,14.948791996197828,26.948483649124782,-9.050591309656077,3.5764850312999874,-221.91781938855817,-93.26177698270725,-0.07884014667934286,-0.12998861577436785,-0.14639230400138453,-0.15524095197567137,-0.11434898284520427,-0.03323801124266149,-0.26116115074763535,82.55840796932819
2024-01-11,54.69,57.5,54.0,56.74,2537715,142253666.42,2.4641,4.5706,57.262,61.765,62.91700000000001,63.919666666666664,61.42733333333333,56.12008333333333,73.20264,57.262,61.765,62.91700000000001,63.919666666666664,61.42733333333333,56.12008333333333,73.20264,60.498672286202265,62.264066099755865,18.128654970760266,33.251231527093594,41.9208770257388,-1.765393813553601,-0.5147468954520478,-2.5012938362031063,-1.765393813553601,-0.24487162186012612,-3.0410443833869496,70.96844276053672,62.91700000000001,54.8655572394633,16.891090861235227,23.434374646777037,3.8045232901516073,17.14137315747317,23.67944681857425,4.065225835271008,3.5625786619727164,-163.03396156859088,-78.47346451997616,-0.009115993154273314,-0.08135675544402167,-0.09817696330085678,-0.11232328078473494,-0.0763069643264127,0.011046253495109477,-0.22489134271660147,156.34911249478958
2024-01-12,56.65,58.02,56.15,57.08,2744978,157474321.65,2.6654,0.5992,56.278,61.00200000000001,62.38100000000001,63.59799999999999,61.559333333333335,56.123583333333336,72.94332,56.278,61.00200000000001,62.38100000000001,63.59799999999999,61.559333333333335,56.123583333333336,72.94332,59.97272270370961,61.88006120347766,20.873427091043666,36.7755991285403,40.38649706457925,-1.907338499768052,-0.7932652163152487,-2.2281465669056066,-1.907338499768052,-0.500635756922884,-2.8134054856903363,70.49081445695265,62.38100000000001,54.27118554304737,19.112049045633654,21.993599446395912,13.348948244109138,19.27890390979228,22.212599182313596,13.411513364749652,3.2548370870685868,-121.18941631039993,-76.4460345855695,0.014250684103912713,-0.06429297400085261,-0.0849777977268721,-0.10248749960690579,-0.072764487378031,0.017041261620560497,-0.21747460905261787,106.15643608214755
2024-01-15,56.91,57.96,54.01,56.24,1695132,95442377.71,1.646,-1.4716,55.926,59.78800000000001,61.910000000000004,63.263,61.7275,56.11516666666667,72.68716,55.926,59.78800000000001,61.910000000000004,63.263,61.7275,56.11516666666667,72.68716,59.398457672369666,61.46227889210894,24.736842105263165,36.06837606837607,36.06391072787217,-2.0638212197392747,-1.047376417000054,-2.0328896054784416,-2.0638212197392747,-0.7411258281254056,-2.645390783227738,70.30707217144838,61.910000000000004,53.51292782855162,19.490497974866884,21.15923228921957,16.15302934616151,19.034276230062275,21.153158198229825,14.796512293727176,3.381230343965208,-121.18669483786381,-81.45497912939774,0.0056145620999177494,-0.059343011975647425,-0.09158455822968828,-0.11101275627143822,-0.08889878903244093,0.002224591687927534,-0.22627325101159548,86.22108341342867
2024-01-16,56.01,56.23,53.2,53.9,3845961,208519461.27,3.7345,-4.1607,55.644000000000005,58.394000000000005,61.338499999999996,62.86233333333334,61.842499999999994,56.09616666666667,72.42624,55.644000000000005,58.394000000000005,61.338499999999996,62.86233333333334,61.842499999999994,56.09616666666667,72.42624,58.55254110738972,60.90211008528606,28.952772073921977,27.280369903320732,32.60763209393346,-2.3495689778963396,-1.307814929179311,-2.083508097434057,-2.3495689778963396,-0.988578620397857,-2.721980714996965,70.29286212426723,61.338499999999996,52.384137875732755,15.056902186888738,19.125122255109297,6.920462050447625,14.360524431152623,18.888946942537427,5.303679408383012,3.3191884632442608,-128.35407519188882,-94.98697916666669,-0.0313421033714328,-0.07695996163989462,-0.12126967565232273,-0.14257080286552107,-0.1284310951206694,-0.03915003104787321,-0.2557945849460086,65.37843670557483
2024-01-17,54.2,54.35,52.57,52.58,2053687,109782884.78,1.9941,-2.449,55.30800000000001,57.105999999999995,60.784000000000006,62.495,61.93833333333334,56.06883333333333,72.17103999999999,55.30800000000001,57.105999999999995,60.784000000000006,62.495,61.93833333333334,56.06883333333333,72.17103999999999,57.63368862932976,60.28565748637598,33.69175627240142,13.15298507462687,28.909135680866783,-2.6519688570462208,-1.576645714752693,-2.1506462845870553,-2.6519688570462208,-1.2444848106514514,-2.8149680927895386,70.47375454579598,60.784000000000006,51.09424545420403,10.06496912486283,16.105071211693808,-2.0152350487991235,9.59932397974277,15.792405954939209,-2.7868399706501066,3.039336015381668,-127.71792520793768,-99.92307692307693,-0.04932378679395401,-0.07925612019752734,-0.13496972887602013,-0.15865269221537723,-0.15109113903613822,-0.06222411143445703,-0.2714529262707035,78.04016264341294
2024-01-18,51.41,53.25,51.18,53.25,2077063,108435471.44,2.0168,1.2742,54.61,55.936,60.36650000000001,62.163666666666664,62.042,56.04816666666667,71.92908,54.61,55.936,60.36650000000001,62.163666666666664,62.042,56.04816666666667,71.92908,56.95927499404826,59.76449767257035,43.679599499374234,16.17987946221605,31.521463042926086,-2.8052226785220924,-1.822361107506573,-1.9657231420310386,-2.8052226785220924,-1.484598328785396,-2.6412486994733926,70.61183840081658,60.36650000000001,50.12116159918344,13.158577547416343,15.122906656934655,9.229919328379719,11.42870383877895,14.33783858288579,5.610434350565271,2.863093103494092,-117.99752744388327,-84.9125364431487,-0.024903863761215884,-0.0480191647597254,-0.1178882327118519,-0.14339029765511468,-0.14171045420843947,-0.0499243210452914,-0.25968745881359806,113.49854743001035
2024-01-19,53.0,53.0,51.5,51.66,1436602,74679563.28,1.395,-2.9859,53.525999999999996,54.902,59.83,61.76833333333333,62.064,56.01141666666667,71.68851999999998,53.525999999999996,54.902,59.83,61.76833333333333,62.064,56.01141666666667,71.68851999999998,56.144001918040836,59.164164511639214,14.225352112676035,16.79499518768047,31.968057702215347,-3.0201625935983785,-2.0619214047249343,-1.9164823777468882,-3.0201625935983785,-1.7208389849104702,-2.5986472173758166,70.73190712431754,59.83,48.92809287568245,10.877648189505619,13.707820501124978,5.217303566266899,9.114462995323029,12.596713387031539,2.149962211906008,2.660712539222439,-109.76981624568332,-95.51401869158882,-0.03486156260508911,-0.05905067210666286,-0.1365535684439245,-0.1636491190199941,-0.1676334106728539,-0.07768803086275576,-0.2793825287507678,73.84955747678725
2024-01-22,51.02,51.74,47.25,47.48,3629759,178816606.55,3.5245,-8.0914,51.774,53.85,59.03249999999999,61.18633333333334,61.99033333333333,55.94741666666666,71.43671999999998,51.774,53.85,59.03249999999999,61.18633333333334,61.99033333333333,55.94741666666666,71.43671999999998,54.81107854603455,58.29867084411038,6.124314442413166,14.274028629856858,29.083665338645417,-3.487592298075832,-2.347055583395114,-2.2810734293614354,-3.487592298075832,-1.9926471869359106,-2.9898902222798425,71.09712750531406,59.03249999999999,46.96787249468591,7.963619374866937,11.793086792372298,0.3046845398562148,6.741240724838067,10.644889166300382,-1.066056158086564,2.993310259363814,-135.8152361254741,-98.00520381613185,-0.08293738169737713,-0.1182915506035284,-0.19569728539363904,-0.2240097189459521,-0.2340741298374478,-0.15134598112215486,-0.33535582260775676,43.00937033520602
2024-01-23,47.91,49.2,47.36,48.02,2505663,120575873.82,2.433,1.1373,50.598,53.121,58.1885,60.54600000000001,61.88133333333334,55.89341666666666,71.19359999999999,50.598,53.121,58.1885,60.54600000000001,61.88133333333334,55.89341666666666,71.19359999999999,53.76629723126001,57.53728781862072,11.372180451127875,18.284936479128888,31.167268351383882,-3.770990587360707,-2.6318425841882327,-2.2782960063449487,-3.770990587360707,-2.2662384793089565,-3.009504216103501,70.87075660643455,58.1885,45.50624339356544,7.692242690641725,10.426138758462109,2.2244505550009563,6.8773235906224786,9.389033974407749,1.8539028230519392,2.7836174849340303,-128.44428801287205,-92.8505106778087,-0.050950630459701884,-0.0960260537263982,-0.1747510246870085,-0.2068840220658673,-0.22399862101656934,-0.14086483053311272,-0.3255011686443724,111.97329400793186
2024-01-24,48.19,49.52,46.66,49.3,3085618,148909559.69,2.9962,2.6656,49.942,52.625,57.496,59.91866666666667,61.77133333333333,55.85375,70.98440000000001,49.942,52.625,57.496,59.91866666666667,61.77133333333333,55.85375,70.98440000000001,53.07917458029693,56.92711835057474,25.99164926931107,27.484472049689444,34.9116781157998,-3.8479437702778085,-2.8750628214061478,-1.9457618977433215,-3.8479437702778085,-2.509577754842626,-2.6767320308703653,70.54478360936695,57.496,44.44721639063306,12.874640667000584,11.242306061308268,16.139309878385216,12.331361266987752,10.369809738601084,16.254464323761084,2.797505214946026,-113.3208866028668,-76.7605633802817,-0.01285491169756924,-0.06318289786223283,-0.14254904689021852,-0.17721800663121123,-0.20189516172550376,-0.1173376899491977,-0.3054812043209495,130.09111486697012
2024-01-25,49.27,52.69,48.51,52.1,4145120,211791823.25,4.0249,5.6795,49.711999999999996,52.161,56.963,59.33166666666666,61.7365,55.83825,70.77192,49.711999999999996,52.161,56.963,59.33166666666666,61.7365,55.83825,70.77192,52.92853233717432,56.569554028309945,47.83001808318266,41.73957797220793,37.97054009819968,-3.6410216911356272,-3.0282545953520437,-1.2255341915671671,-3.6410216911356272,-2.683646052733857,-1.9147512768035408,69.97725469487322,56.963,43.94874530512678,24.63029141811839,15.704967846911641,42.48093856053188,24.183348825879165,14.974322767693778,42.60140094224994,3.0488679031376575,-75.28587980454387,-52.11267605633802,0.04803669134213078,-0.0011694561070531612,-0.08537120587047732,-0.12188544622039937,-0.15609080527726707,-0.06694783593683543,-0.26383232219784336,173.7432896700123
2024-01-26,52.3,52.49,50.29,50.5,2495119,127097988.45,2.4228,-3.071,49.48,51.503,56.2525,58.754999999999995,61.728,55.8135,70.55432,49.48,51.503,56.2525,58.754999999999995,61.728,55.8135,70.55432,52.55491197760904,56.11995743362032,38.53211009174313,40.5905905905906,35.07962150934688,-3.5650454560112834,-3.135612767483892,-0.8588653770547827,-3.5650454560112834,-2.819245960930384,-1.4915989901617985,69.035462139211,56.2525,43.46953786078899,29.795324895255533,20.40175352969294,48.58246762638072,27.4496661789047,19.132770571430754,44.0834573938526,2.8945282843853564,-70.42530451469324,-66.01769911504422,0.020614389652384865,-0.019474593712987594,-0.1022621216834807,-0.14049868096332221,-0.18189476412649044,-0.09520098184131076,-0.2842394342401713,73.20429259148125
2024-01-29,50.89,52.0,47.6,48.15,2920999,143313765.76,2.8353,-4.6535,49.614,50.694,55.24100000000001,58.17133333333333,61.63666666666666,55.76683333333333,70.33236,49.614,50.694,55.24100000000001,58.17133333333333,61.63666666666666,55.76683333333333,70.33236,51.87723321182303,55.529590216315114,36.23529411764707,28.362720403022664,31.056322099072602,-3.6523570044920817,-3.2389616148855302,-0.8267907792131028,-3.6523570044920817,-2.947416890709107,-1.4098802275659494,67.15544218717132,55.24100000000001,43.326557812828696,26.32215417811141,22.375220412499097,34.21602170933603,23.489606780363502,20.58504930774167,29.298721725607166,3.1682504144971095,-89.33294918718714,-84.4305120167189,-0.029507800217680468,-0.05018345366315548,-0.12836480150612783,-0.17227271164491098,-0.21880915039749066,-0.1365835726731241,-0.31539336942482804,62.09392795251046
2024-01-30,48.4,48.4,46.01,46.54,3129507,146484425.4,3.0377,-3.3437,49.318,49.958,54.176,57.544999999999995,61.47733333333334,55.71225,70.07272,49.318,49.958,54.176,57.544999999999995,61.47733333333334,55.71225,70.07272,51.0561204100041,54.86369464473621,45.38310412573676,25.0473484848485,31.154980712502834,-3.8075742347321153,-3.3526841388548476,-0.9097801917545354,-3.8075742347321153,-3.07974878978957,-1.4556508898850904,65.11669448386802,54.176,43.23530551613198,19.988250115057706,21.5795636466853,16.805623051802513,17.778043209291102,19.64938060825815,14.035368411357013,3.0267503391339985,-116.18751618751612,-93.6450839328537,-0.056328318261081124,-0.0684174706753673,-0.1409480212640284,-0.1912416369797549,-0.24297301986640074,-0.16463614375653468,-0.3358328319494377,71.17064060241776
2024-01-31,46.65,46.93,42.96,43.18,3516485,156089455.39,3.4133,-7.2196,48.094,49.017999999999994,53.062,56.861999999999995,61.254,55.6325,69.80332,48.094,49.017999999999994,53.062,56.861999999999995,61.254,55.6325,69.80332,49.84440957769578,53.998235782163164,31.384615384615373,22.377326565143832,29.18792517006804,-4.153826204467386,-3.5129125519773554,-1.2818273049800606,-4.153826204467386,-3.2449914689707726,-1.8176694709932262,63.69791453024145,53.062,42.42608546975855,14.05591176329212,19.07167968555424,4.0243759187678805,12.564694824982533,17.287818680499612,3.1184471139483776,3.1982502774732713,-146.29428514310112,-97.8620019436346,-0.10217490747286567,-0.11909910645069147,-0.18623497041197087,-0.240617635679364,-0.29506644464035,-0.22383498854087092,-0.381404781319857,47.2674953854302
2024-02-01,43.7,46.3,42.0,44.86,3314939,148053241.65,3.2177,3.8907,46.646,48.178999999999995,52.05749999999999,56.303999999999995,61.081166666666675,55.56666666666667,69.54596,46.646,48.178999999999995,52.05749999999999,56.303999999999995,61.081166666666675,55.56666666666667,69.54596,49.077577334973356,53.32132942792885,33.432835820895534,30.330722367275897,28.77913192217234,-4.243752092955496,-3.659080460172984,-1.1693432655650247,-4.243752092955496,-3.3986469495838074,-1.690210286743378,61.71588141609708,52.05749999999999,42.3991185839029,18.28859973492939,18.810653035345958,17.24449313409626,17.04312988332169,17.206255748106972,16.716878153751125,3.3985684088417667,-136.7879203843515,-74.00000000000001,-0.03828838485615061,-0.06888893501317993,-0.13826057724631402,-0.20325376527422556,-0.2655674007536421,-0.1926814637072586,-0.3549589365075987,146.47594632108948
2024-02-02,45.0,45.58,40.13,41.85,3424594,146823783.26,3.3241,-6.7098,44.916000000000004,47.198,51.05,55.61933333333334,60.819833333333335,55.47708333333333,69.29735999999998,44.916000000000004,47.198,51.05,55.61933333333334,60.819833333333335,55.47708333333333,69.29735999999998,47.96564236036207,52.471601322156346,12.343864805290224,28.252938792055147,21.231836911732813,-4.505958961794278,-3.828456160497243,-1.355005602594069,-4.505958961794278,-3.569002643770034,-1.8739126360484875,60.543922709866195,51.05,41.5560772901338,16.75715566192745,18.12615391087312,14.019159164036104,15.926842427522317,16.77978464124542,14.22095800007611,3.7715559708705357,-153.8886466056111,-86.30573248407643,-0.06826075340635858,-0.11330988601211914,-0.18021547502448573,-0.24756379676131804,-0.311902093341262,-0.2456344586728754,-0.3960808896615973,49.93004193671366
2024-02-05,41.85,41.85,36.2,39.23,5105645,198101667.52,4.9558,-6.2605,43.132,46.373000000000005,50.1115,54.81266666666667,60.44616666666666,55.369249999999994,69.01688,43.132,46.373000000000005,50.1115,54.81266666666667,60.44616666666666,55.369249999999994,69.01688,46.621697381844825,51.49074196495958,11.483253588516746,23.66641622839971,20.315418136542846,-4.869044583114757,-4.0365738450207465,-1.6649414761880212,-4.869044583114757,-3.769009095976915,-2.2000709742756843,60.39110121077127,50.1115,39.83189878922873,17.296361304434342,17.84955637539353,16.189971162515967,16.74281914816425,16.767462810218365,16.693531824056024,4.113091248894074,-183.09113851915163,-81.62522741055189,-0.09046647500695543,-0.1540335971362648,-0.21714576494417454,-0.2842895194541409,-0.350992756640206,-0.2914839915657156,-0.4315883302751443,52.387594590780914
2024-02-06,38.86,44.67,36.89,44.07,4498517,184499302.9,4.3665,12.3375,42.638,45.978,49.5495,54.11833333333333,60.10466666666666,55.30575,68.75908,42.638,45.978,49.5495,54.11833333333333,60.10466666666666,55.30575,68.75908,46.2291285538687,50.941057374962575,38.084112149532714,37.294944760629406,28.884501480750245,-4.711928821093878,-4.171644840235373,-1.0805679617170085,-4.711928821093878,-3.9140736690718323,-1.5957103040440908,59.86139292949317,49.5495,39.23760707050683,27.43953903012421,21.046217260303756,40.226182569765115,27.07051092594415,20.201812182126957,40.80790841357853,4.779801930913333,-122.25335806659574,-52.274105518496064,0.03358506496552376,-0.041498107790682526,-0.11058638331365607,-0.185673370084075,-0.26677906318976885,-0.2031569954299508,-0.3590664680213871,320.0718085417468
2024-02-07,45.3,47.21,44.08,45.03,4319377,197732454.33,4.1926,2.1784,43.007999999999996,45.551,49.088,53.51433333333333,59.782333333333334,55.25358333333334,68.5052,43.007999999999996,45.551,49.088,53.51433333333333,59.782333333333334,55.25358333333334,68.5052,46.0446472378889,50.5032012731135,45.41590771098968,45.40337711069419,30.50880626223092,-4.458554035224594,-4.229026679233217,-0.4590547119827537,-4.458554035224594,-3.99783987924918,-0.9214283119508284,59.338230498043174,49.088,38.83776950195683,36.361370607764414,26.151268376123976,56.78157507104529,35.89620882024738,25.4332777281671,56.822071004407945,4.4816561252927265,-59.844211657265596,-46.45239539114615,0.04701450892857156,-0.011437729138767552,-0.08266786179921773,-0.15854319403524286,-0.24676743965608566,-0.1850302318250853,-0.34267763615024843,124.04777089687029
2024-02-08,44.99,48.65,44.98,48.26,3609336,171686892.52,3.5034,7.173,43.688,45.166999999999994,48.664,53.031,59.479000000000006,55.236583333333336,68.27464,43.688,45.166999999999994,48.664,53.031,59.479000000000006,55.236583333333336,68.27464,46.38547073975215,50.33703821584583,65.54467564259485,50.40899795501022,36.629038536395484,-3.951567476093679,-4.17353483860531,0.4439347250232615,-3.951567476093679,-3.9907210479944877,0.07830714380161741,58.26231432568201,48.664,39.06568567431799,49.68395171319315,33.99549615514704,81.06086282928538,48.60852227058848,33.15835924230756,79.50884832715032,4.334082284330413,-24.544392017661636,-25.96685082872931,0.10465116279069757,0.06847919941550255,-0.008301824757521031,-0.08996624615790766,-0.18862119403486957,-0.12630367253586475,-0.2931489642420671,199.91883212983726
2024-02-19,48.6,49.48,46.03,47.0,3300915,154773899.97,3.2041,-2.6109,44.717999999999996,44.81699999999999,48.16,52.440666666666665,59.182833333333335,55.219500000000004,68.037,44.717999999999996,44.81699999999999,48.16,52.440666666666665,59.182833333333335,55.219500000000004,68.037,46.480013702867204,50.08985019985725,56.721105527638194,46.07776261937245,38.69243421052632,-3.6098364969900487,-4.060795170282258,0.901917346584419,-3.6098364969900487,-3.9321234247630357,0.6445738555459739,56.919545770479075,48.16,39.40045422952092,60.231068210401865,42.74068684023199,95.21183095074161,55.19049164030794,40.50240337497436,84.56666817097512,4.173340050815792,-14.059523237756899,-31.645569620253173,0.051030904781072584,0.048709195171475275,-0.02408637873754146,-0.10374899886856254,-0.20585079569807688,-0.14885140213149345,-0.3091994062054471,76.75477512312028
2024-02-20,46.38,49.61,45.52,49.08,4184966,198934852.96,4.0622,4.4255,46.688,44.910000000000004,47.802,51.79733333333333,58.89416666666667,55.21333333333334,67.8118,46.688,44.910000000000004,47.802,51.79733333333333,58.89416666666667,55.21333333333334,67.8118,46.88001159473379,50.01504648134931,74.11607738492327,44.72027972027971,43.514470122839896,-3.1350348866155215,-3.8756431135489113,1.4812164538667796,-3.1350348866155215,-3.8094944188941877,1.3489190645573323,55.71551302652031,47.802,39.88848697347969,72.16995399957688,52.55044256001362,111.40897687870338,68.80956961951426,49.93812545648766,106.55245794556747,4.158187314303829,5.040450599827797,-3.952274422073089,0.05123372172721033,0.0928523714094855,0.026735283042550493,-0.05246087314662266,-0.16664072559534768,-0.11108427915962339,-0.27623216018451074,154.19381765772366
2024-02-21,48.51,50.9,47.9,48.15,3627891,178559696.93,3.5215,-1.8949,47.504000000000005,45.071,47.5145,51.141,58.48016666666667,55.19983333333333,67.57728,47.504000000000005,45.071,47.5145,51.141,58.48016666666667,55.19983333333333,67.57728,47.0753944263132,49.876894890138246,83.53383458646618,45.79305406373075,43.62346065539553,-2.801500463825043,-3.660814583604138,1.71862823955819,-2.801500463825043,-3.654418425806627,1.7058359239631677,54.89505617643668,47.5145,40.133943823563314,75.21080833531883,60.103897818448694,105.4246293690591,72.97055208194375,57.61560099830636,103.68045424921851,3.9476078026122234,33.1241465977533,-18.70748299319728,0.013598854833277064,0.06831443722127312,0.013374864515042785,-0.05848536399366457,-0.17664393341332252,-0.1277147575928671,-0.2874824201270013,82.58808081072075
2024-02-22,47.93,49.55,47.81,49.5,2169016,105811903.24,2.1054,2.8037,48.398,45.702999999999996,47.3605,50.609,58.13016666666667,55.2125,67.34360000000001,48.398,45.702999999999996,47.3605,50.609,58.13016666666667,55.2125,67.34360000000001,47.44841066841886,49.848976750128,77.67584097859329,52.506498329001126,42.26165027789653,-2.400566081709144,-3.4087648832251394,2.016397603031991,-2.400566081709144,-3.4615180651762447,2.1219039669342017,54.417463638090176,47.3605,40.30353636190983,80.29926904894272,66.83568822861338,107.22643068960139,78.805764880026,64.67898895887959,107.05931672231884,3.5462245657736364,39.75956446915554,-9.523809523809517,0.02276953593123676,0.08307988534669507,0.04517477644872833,-0.021913098460748123,-0.1484627889707295,-0.10346388951777222,-0.2649635600116419,131.8527143571598
2024-02-23,49.59,54.09,48.86,52.85,3881198,200197487.78,3.7673,6.7677,49.316,46.501999999999995,47.340500000000006,50.20566666666666,57.86666666666667,55.24875,67.116,49.316,46.501999999999995,47.340500000000006,50.20566666666666,57.86666666666667,55.24875,67.116,48.279424411739036,50.07127476863704,82.04918032786887,61.00453435647018,45.752159068085966,-1.7918503568980029,-3.0853819779597123,2.5870632421234188,-1.7918503568980029,-3.2046461100565153,2.825591506317025,54.32912075089594,47.340500000000006,40.35187924910407,84.5557638638191,72.7423801070153,108.1825313774267,83.56009441787461,70.9726907785446,108.73490169653462,3.852365553814794,115.58345025723271,-6.931246506428184,0.07166031308297507,0.13651025762332816,0.11638026636812021,0.05267001732872139,-0.08669354838709675,-0.04341727188397927,-0.21255736337088024,192.48545903690413
2024-02-26,52.09,56.6,51.95,53.95,4332509,236018652.12,4.2054,2.0814,50.705999999999996,47.712,47.455,49.93733333333333,57.593333333333334,55.30833333333333,66.8978,50.705999999999996,47.712,47.455,49.93733333333333,57.593333333333334,55.30833333333333,66.8978,49.15182065608688,50.358587748737996,78.25223435948364,70.39000378644454,47.71228771228771,-1.2067670926511127,-2.7096590008979926,3.00578381649376,-1.2067670926511127,-2.8972801073787613,3.381026029455297,54.80717976985564,47.455,40.10282023014436,85.22219197550734,76.90231739651264,101.86194113349674,84.70999758577263,75.5517930476206,103.02640666207668,3.99738999857574,163.69192164481143,-12.990196078431365,0.06397664970614932,0.13074279007377598,0.1368665051101044,0.08035404373481447,-0.06325963653200598,-0.02455928883531705,-0.19354597610085833,122.87529507234633
2024-02-27,54.49,57.95,54.0,56.79,3986446,224459531.95,3.8695,5.2641,52.248000000000005,49.467999999999996,47.920500000000004,49.897,57.43216666666667,55.38333333333333,66.693,52.248000000000005,49.467999999999996,47.920500000000004,49.897,57.43216666666667,55.38333333333333,66.693,50.326925170535056,50.834988656238885,92.01716738197425,71.63583605368154,52.85855588526211,-0.5080634857038291,-2.26933989785916,3.5225528243106616,-0.5080634857038291,-2.5297083194287717,4.043289667449885,56.37554390102591,47.920500000000004,39.4654560989741,87.36033658737259,80.38832379346596,101.30436217518587,87.97064099893547,79.69140903139223,104.52910493402197,3.997864544289242,183.39139147829425,-5.508072174738858,0.08693155718879181,0.14801487830516705,0.18508780167151834,0.1381445778303305,-0.011181306642909197,0.02539873608185374,-0.14848634789258242,167.03373664290183
2024-02-28,56.03,57.2,50.22,50.25,6091431,324472626.72,5.9127,-11.5161,52.66799999999999,50.086,48.032,49.72833333333333,57.17716666666667,55.41775,66.46932000000001,52.66799999999999,50.086,48.032,49.72833333333333,57.17716666666667,55.41775,66.46932000000001,50.31509052891428,50.79165616318415,53.63128491620112,63.50482315112539,47.91106329567868,-0.47656563426986764,-1.9107850451413015,2.868438821742868,-0.47656563426986764,-2.2138402140197098,3.4745491594996842,56.55114154310359,48.032,39.5128584568964,71.78430046457069,77.52031601716754,60.312269359376984,73.47526030546672,77.61935945608373,65.1870620042327,4.540070990782107,92.64633132563924,-55.515501081470795,-0.0459102301207563,0.003274368086890578,0.04617754830113265,0.010490330797332205,-0.12115267458163669,-0.09325080863080869,-0.24401212469151193,29.419952966673108
2024-02-29,49.61,52.98,49.58,52.75,3554134,183942073.35,3.4499,4.9751,53.318,50.858,48.2045,49.678,56.95466666666666,55.485,66.26988,53.318,50.858,48.2045,49.678,56.95466666666666,55.485,66.26988,50.68969198600439,50.936718669614955,63.009049773755656,71.82052937378955,49.56597222222222,-0.24702668361056368,-1.578033372835154,2.662013378449181,-0.24702668361056368,-1.9112535170336873,3.328453666846247,56.967958762015094,48.2045,39.44104123798491,67.24477633545796,74.09513612326435,53.54405675984515,68.95266646938595,74.73046179385113,57.39707582045557,4.332785356094451,69.87060998151584,-40.092521202775636,-0.010653062755542179,0.037201620197412466,0.09429617566824668,0.06183823825435812,-0.07382479632924421,-0.04929260160403712,-0.20401244124781878,162.5039712866093
2024-03-01,52.98,55.4,52.98,54.77,3776979,205475346.0,3.6662,3.8294,53.702,51.509,48.338,49.61233333333333,56.766,55.5525,66.07971999999998,53.702,51.509,48.338,49.61233333333333,56.766,55.5525,66.07971999999998,51.317431680465255,51.22066543482866,64.35967302452318,68.99857954545456,52.6796484576943,0.0967662456365943,-1.2430734491408044,2.6796793895547975,0.0967662456365943,-1.6023273996997978,3.398187290672784,57.42663859875628,48.338,39.249361401243725,69.63542879322834,72.60856701325235,63.689152353180305,70.77402221584701,73.41164860118309,65.49876944517484,4.026824382259096,112.15089201442066,-25.583266291230895,0.019887527466388683,0.06330932458405332,0.13306301460548642,0.10395936494285704,-0.035161892682239286,-0.014085774717609448,-0.17115266226914977,145.61387847007893
2024-03-04,54.83,57.0,54.02,57.0,3315887,185383030.47,3.2186,4.0716,54.312,52.509,48.663,49.60966666666666,56.603833333333334,55.601666666666674,65.90048,54.312,52.509,48.663,49.60966666666666,56.603833333333334,55.601666666666674,65.90048,52.191672960393674,51.648764291508016,62.0429483459083,70.33639143730888,58.487874465049934,0.5429086688856586,-0.8858770255355118,2.8575713888423406,0.5429086688856586,-1.2722910814558812,3.6303995006830796,58.51035518859668,48.663,38.81564481140332,76.63400709818114,73.95038037489529,82.00126054475285,77.96841491783204,74.93057070673274,84.04410334003063,3.8364926763938048,128.91051541614164,-7.642799678197932,0.049491825011047326,0.08552819516654288,0.17132112693422116,0.14896962285576074,0.006998937056677538,0.025149126225232927,-0.1350594107964009,149.04628218090966
2024-03-05,55.7,58.5,55.32,55.61,3929301,224337966.26,3.814,-2.4386,54.076,53.162,49.036,49.58866666666667,56.42583333333334,55.638416666666664,65.66611999999999,54.076,53.162,49.036,49.58866666666667,56.42583333333334,55.638416666666664,65.66611999999999,52.71756942802542,51.94218915880372,54.73744292237442,63.32004349401957,56.66608115229228,0.7753802692216993,-0.5536255665840697,2.658011671611538,0.7753802692216993,-0.9572647198131765,3.4652899780697517,59.35536840171833,49.036,38.71663159828167,75.41113413654858,74.4372982954464,77.35880581875296,76.30073934964918,75.38729358770489,78.12763087353775,3.717130371594931,119.53940837800269,-27.034611786716567,0.028367482801982376,0.046047928971821986,0.13406476874133286,0.12142559455789624,-0.014458507480320846,-0.0005107382339240719,-0.1531401581211132,78.12326654897744
2024-03-06,54.2,55.56,52.3,54.3,3554831,191527989.51,3.4505,-2.3557,54.886,53.777,49.424,49.602,56.23216666666667,55.67008333333333,65.45532,54.886,53.777,49.424,49.602,56.23216666666667,55.67008333333333,65.45532,52.96102028525228,52.116841813707154,42.213883677298305,63.205499276411,54.38904494382022,0.8441784715451277,-0.27406475895823024,2.2364864610067157,0.8441784715451277,-0.6801196134503604,3.0485961699909763,59.930071227220765,49.424,38.917928772779234,69.08460118093556,72.65306592394279,61.9476716949211,71.10414116917677,73.95957611486219,65.39327127780592,3.6431066676685804,72.19380710994244,-39.28905519176804,-0.010676675290602441,0.009725347267419086,0.09865652314664936,0.09471392282569252,-0.03436052318809236,-0.02461076490814187,-0.1704264832866145,78.78968154207388
2024-03-07,54.12,56.08,52.66,52.8,2927054,159410899.47,2.8412,-2.7624,54.896,54.10699999999999,49.904999999999994,49.60933333333333,56.05216666666667,55.69141666666667,65.2496,54.896,54.10699999999999,49.904999999999994,49.60933333333333,56.05216666666667,55.69141666666667,65.2496,52.936247933675006,52.16744612380292,61.64383561643834,56.87361419068736,50.6288178224937,0.7688018098720875,-0.06549144519216671,1.6685865101285082,0.7688018098720875,-0.4572086252469069,2.452020870237989,60.08315927934159,49.904999999999994,39.7268407206584,58.08928569013043,67.798472512672,38.67091204504729,61.026550544319775,69.64856759134805,43.782516450263216,3.6025418190015657,62.12635999236494,-59.128630705394215,-0.03818128825415337,-0.024155839355351344,0.05801021941689216,0.06431585454349985,-0.05802035603738198,-0.051918533226993475,-0.1907996370858979,75.56852221882036
2024-03-08,53.0,54.3,52.6,53.84,2459787,131859545.7,2.3876,1.9697,54.71,54.205999999999996,50.354,49.629000000000005,55.89633333333334,55.70083333333333,65.04048,54.71,54.205999999999996,50.354,49.629000000000005,55.89633333333334,55.70083333333333,65.04048,53.07528671310962,52.29133900352122,55.74288724973658,60.4711078395289,53.03085299455535,0.7839477095883964,0.10439638576394593,1.359102647648901,0.7839477095883964,-0.2662614968107064,2.1004184127982057,60.38632753598747,50.354,40.32167246401253,54.645472971297735,63.41413933221392,37.10814024946535,56.6036495407573,65.30026157448447,39.21042547330296,3.2566251246376434,52.54503982213353,-52.24215246636766,-0.015902028879546653,-0.006752020071578655,0.06922985264328563,0.08484958391263168,-0.03678834032047423,-0.03340763902395222,-0.17220783118451768,121.5377765096588
2024-03-11,53.35,54.29,52.15,54.09,2198074,117412726.13,2.1336,0.4643,54.128,54.220000000000006,50.966,49.71,55.73916666666667,55.71158333333333,64.86088,54.128,54.220000000000006,50.966,49.71,55.73916666666667,55.71158333333333,64.86088,53.231396449554296,52.42457315140854,45.5958549222798,58.80322209436134,55.60377358490566,0.8068232981457584,0.24488176824030844,1.1238830598109,0.8068232981457584,-0.10117152835586563,1.815989653003248,60.281802985412355,50.966,41.65019701458765,53.28382801972916,60.03736889471901,39.77674626974945,54.58927906603553,61.729934071668154,40.30796905477027,3.053602374703526,46.44365976948741,-49.43946188340803,-0.0007020396098137139,-0.0023976392475101907,0.06129576580465413,0.08811104405552207,-0.029587214256880996,-0.029106753682283187,-0.1660612683639197,104.7416237554739
2024-03-12,54.06,56.66,53.55,55.88,2972139,164911966.86,2.8849,3.3093,54.182,54.129000000000005,51.798500000000004,49.99,55.588166666666666,55.73533333333333,64.69516,54.182,54.129000000000005,51.798500000000004,49.99,55.588166666666666,55.73533333333333,64.69516,53.63887391885363,52.68053069574865,42.307692307692335,56.18115055079559,58.781496803309516,0.9583432231049827,0.3875740592132433,1.1415383277834787,0.9583432231049827,0.06183074109964949,1.7930249640106664,59.54144184537853,51.798500000000004,44.05555815462148,59.06515291001377,59.713296899817266,57.76886493040678,59.93545360755135,61.13177391696256,57.54281298872894,3.0638564883937938,75.820549636011,-29.372197309417007,0.031338821010667754,0.03234864859871783,0.07879571802272263,0.1178235647129426,0.005249918297959155,0.002595600636340914,-0.13625686991113398,138.48226557548247
2024-03-13,56.34,59.05,54.88,57.78,4226236,242449137.79,4.1022,3.4001,54.878,54.882000000000005,52.484,50.315333333333335,55.43066666666667,55.738249999999994,64.53864,54.878,54.882000000000005,52.484,50.315333333333335,55.43066666666667,55.738249999999994,64.53864,54.27597023903,53.058269162730234,63.928112965340176,57.56617937574081,64.11446249033256,1.2177010762997682,0.5535994626305483,1.3282032273384399,1.2177010762997682,0.23965694651505237,1.9560882595694316,59.75945086321255,52.484,45.208549136787454,66.5748362395261,62.00047667972022,75.72355535913786,68.82004545325671,63.69453109572728,79.07107416831558,3.264973490504012,111.90164210784452,-13.410770855332588,0.05288093589416526,0.052804198097736885,0.10090694306836367,0.14835769082983316,0.04238327760806294,0.03663103882881159,-0.10472238026707721,139.7048233959848
2024-03-14,57.5,59.29,56.58,57.93,2838038,164789043.69,2.7548,0.2596,55.903999999999996,55.4,53.129,50.602999999999994,55.26083333333334,55.76975,64.3686,55.903999999999996,55.4,53.129,50.602999999999994,55.26083333333334,55.76975,64.3686,54.83812866379461,53.41913811363911,77.37556561085974,52.51989389920425,63.02052201633792,1.418990550155506,0.7266776801355399,1.3846257400399322,1.418990550155506,0.4210928855366607,1.9957953292376907,59.89118868335816,53.129,46.36681131664184,71.36735114381106,65.12276816775051,83.85651709593219,72.86415728629814,66.7510731592509,85.09032554039263,3.1640692195032827,122.5096308053502,-19.047619047619037,0.036240698340011514,0.04566787003610111,0.09036496075589606,0.1447937869296288,0.04830123806795039,0.038735156603714335,-0.10002703181364829,102.62659264151624
2024-03-15,58.16,58.38,55.3,56.81,3633315,206001551.94,3.5267,-1.9334,56.498000000000005,55.604,53.55650000000001,50.760000000000005,55.045833333333334,55.804,64.18204,56.498000000000005,55.604,53.55650000000001,50.760000000000005,55.045833333333334,55.804,64.18204,55.14149348474929,53.670313068184356,82.08000000000004,69.06976744186046,65.48654244306418,1.471180416564934,0.8755782274214188,1.1912043782870305,1.471180416564934,0.5826448133871642,1.7770712063555396,60.10014545107221,53.55650000000001,47.012854548927805,69.3336029100664,66.52637974852247,74.94804923315425,70.33147367172445,67.9445399967421,75.10534102168918,3.148783906866323,91.34511906946595,-34.733893557422924,0.005522319374137095,0.021689087116034872,0.06074892870146471,0.11918833727344359,0.03204905003406255,0.0180273815497097,-0.11486141605969517,82.26452753326618
2024-03-18,57.68,57.83,56.0,57.52,2606154,148237846.89,2.5297,1.2498,57.184000000000005,55.65599999999999,54.0825,50.99400000000001,54.8745,55.854749999999996,64.01492,57.184000000000005,55.65599999999999,54.0825,50.99400000000001,54.8745,55.854749999999996,64.01492,55.50741756401863,53.95547506313367,81.08108108108111,65.47696301103181,69.71330028023281,1.5519425008849623,1.0108510821141277,1.0821828375416693,1.5519425008849623,0.7317675345406717,1.6403499326885813,60.075123096675824,54.0825,48.08987690332418,71.29242995124878,68.11506314943125,77.64716355488383,71.95767712568747,69.28225237305722,77.30852663094797,2.9090050147088093,94.41441441441435,-24.7899159663865,0.0058757694459988545,0.03349144746298713,0.06356030139139278,0.12797584029493655,0.04821000646930734,0.02981393704206012,-0.10145947226052926,113.22462239337182
2024-03-19,57.24,61.0,57.24,59.4,4320260,257472579.08,4.1935,3.2684,57.888,56.035000000000004,54.5985,51.369,54.77016666666667,55.925666666666665,63.843759999999996,57.888,56.035000000000004,54.5985,51.369,54.77016666666667,55.925666666666665,63.843759999999996,56.10627640032345,54.35877320660525,85.1655629139073,65.16044531761622,67.6490904904444,1.7475031937182024,1.1581815044349426,1.1786433785665196,1.7475031937182024,0.8880345590295226,1.7189372693773597,60.55457527080082,54.5985,48.642424729199185,74.83525461909994,70.35512697265415,83.79550991199153,75.2787527353924,71.28108582716895,83.2740865518393,3.0637313756708435,143.5559487852254,-18.079096045197755,0.026119402985074636,0.06005175336843035,0.08794197642792378,0.1563394265023652,0.08453202929818844,0.062124129052253896,-0.06960366995928807,137.93538012785075
2024-03-20,59.13,60.91,59.05,59.5,2576317,153960099.88,2.5007,0.1684,58.232000000000006,56.55500000000001,55.166,51.801,54.673,56.00933333333333,63.68268,58.232000000000006,56.55500000000001,55.166,51.801,54.673,56.00933333333333,63.68268,56.62838772335061,54.739604820930786,80.8873720136519,59.51293759512937,66.99553676297862,1.8887829024198268,1.3043017840319195,1.1689622367758146,1.8887829024198268,1.041995842628031,1.6935741195835918,60.68164053634597,55.166,49.65035946365403,77.57378556527567,72.76134650352799,87.19866368877103,77.8694509761373,73.47720754349174,86.65393784142842,2.8448711255488717,146.24562479241655,-16.94915254237288,0.021774969089160486,0.05207320307665092,0.07856288293514127,0.14862647439238622,0.08828855193605616,0.062322946175637446,-0.06568002477282674,101.69631290927899
2024-03-21,59.01,60.55,57.24,58.88,2507885,147597505.84,2.4343,-1.042,58.422000000000004,57.163,55.635000000000005,52.324333333333335,54.59316666666667,56.09033333333333,63.51520000000001,58.422000000000004,57.163,55.635000000000005,52.324333333333335,54.59316666666667,56.09033333333333,63.51520000000001,56.974789612065905,55.0463007601211,62.00873362445419,63.217461600646736,63.2882882882883,1.928488851944806,1.429139197614497,0.9986993086606182,1.928488851944806,1.1783793825229194,1.5002189388437732,60.69873899716868,55.635000000000005,50.57126100283133,77.06425629022146,74.19564976575916,82.80146933914608,77.26136656412922,74.73859388370424,82.30691192497918,2.929440011812712,109.77945602801928,-23.95480225988697,0.00783951251240968,0.03003691198852415,0.058326592972049916,0.1252890624502303,0.07852325840535598,0.04973524849795882,-0.07297780688717038,90.05510895665923
2024-03-22,58.6,59.14,56.5,57.0,2165795,124708653.19,2.1023,-3.1929,58.46,57.479000000000006,55.84250000000001,52.729000000000006,54.5165,56.15958333333333,63.34964,58.46,57.479000000000006,55.84250000000001,52.729000000000006,54.5165,56.15958333333333,63.34964,56.97866813328653,55.19101922233435,42.63074484944532,60.432766615146846,62.32134056185313,1.7876489109521856,1.5008411402820347,0.5736155413403017,1.7876489109521856,1.272113156127422,1.0310715096495273,60.763834329103815,55.84250000000001,50.9211656708962,66.8124124708859,71.73457066746808,56.968096077721555,69.7749976717547,73.0840618130544,63.156869389155304,2.8768145551194917,59.64936626884996,-45.197740112994346,-0.02497434143003765,-0.008333478313819068,0.020727940188924057,0.08099907072009697,0.04555501545403684,0.014964795263497676,-0.10023166666771904,72.28872142640327
2024-03-25,56.27,56.9,51.48,52.0,6033735,326642669.61,5.8567,-8.7719,57.355999999999995,57.27,55.745000000000005,53.06733333333333,54.343333333333334,56.19458333333333,63.16104,57.355999999999995,57.27,55.745000000000005,53.06733333333333,54.343333333333334,56.19458333333333,63.16104,56.21271918970399,54.95464742808736,26.398429833169757,47.56690997566911,53.356321839080465,1.2580717616166268,1.4522872645489533,-0.38843100586465296,1.2580717616166268,1.2699529415872997,-0.02376235994134568,60.896104122814705,55.745000000000005,50.593895877185304,46.36233660524047,63.27715931339221,12.532691188936994,48.337393405819675,64.83517234397617,15.341835529506682,3.3573937269159484,-79.30084673717127,-94.53781512605039,-0.09338168631006338,-0.09202025493277463,-0.06718091308637554,-0.02011281265310732,-0.04312089799423419,-0.07464390844313276,-0.17670766662486875,39.9286732432452
2024-03-26,52.0,52.35,47.7,48.4,6085765,301041232.81,5.9072,-6.9231,55.156000000000006,56.522000000000006,55.3255,53.373,54.09283333333334,56.20708333333334,62.95732,55.156000000000006,56.522000000000006,55.3255,53.373,54.09283333333334,56.20708333333334,62.95732,55.01076239128799,54.46911798896978,15.13761467889907,35.684210526315766,50.270738574832144,0.5416444023182123,1.2701586921028052,-1.4570285795691857,0.5416444023182123,1.1579054740074401,-1.2325221433784557,61.401740094341065,55.3255,49.24925990565893,32.66261036840592,53.07230966506345,-8.156788224909135,33.979314902125395,54.549886530025915,-7.161828353675645,3.5924130492948665,-176.65507803831616,-94.73684210526318,-0.12248894045978691,-0.14369625986341614,-0.12517735944546365,-0.0931744515016956,-0.10524191436327066,-0.13889856705486417,-0.23122521733771392,48.80004023759674
2024-03-27,48.79,48.88,45.75,45.82,2931798,137516666.54,2.8458,-5.3306,52.42,55.326,55.104000000000006,53.431333333333335,53.774833333333326,56.200916666666664,62.75712,52.42,55.326,55.104000000000006,53.431333333333335,53.774833333333326,56.200916666666664,62.75712,53.59679894647445,53.828442582379424,0.7256894049347125,30.61415846225971,46.11814345991561,-0.23164363590497317,0.9697982265012495,-2.4028837248124453,-0.23164363590497317,0.9441286878670688,-2.3515446475440838,62.197152813944754,55.104000000000006,48.01084718605526,21.92807904341816,42.69089945784835,-19.597561785442238,22.805882065897805,43.96855170864988,-19.519457219606352,3.5083379494230726,-217.46783081253648,-99.54098360655738,-0.1259061426936284,-0.1718179517767415,-0.1684814169570268,-0.14245074675284167,-0.14792855393942012,-0.18471080691151237,-0.26988364029451956,57.822548902140056
2024-03-28,46.26,51.15,46.26,50.0,5379297,264145828.31,5.2215,9.1227,50.644,54.533,54.96650000000001,53.597,53.55566666666666,56.22925,62.578720000000004,50.644,54.533,54.96650000000001,53.597,53.55566666666666,56.22925,62.578720000000004,53.043445262401455,53.54485424294391,23.404255319148945,37.605396290050585,47.04540742276591,-0.5014089805424575,0.675556785092508,-2.3539315312699314,-0.5014089805424575,0.7217382773425263,-2.4462945157699676,62.35236494951664,54.96650000000001,47.58063505048338,23.908336848617573,36.43004525477143,-1.1350799636901456,24.493538863604,37.476880760301256,-1.4731449297905073,3.8395492313461497,-145.39157870087948,-72.1311475409836,-0.012716215148882362,-0.08312397997542774,-0.09035503443006213,-0.06711196522193409,-0.06639197843987864,-0.1107830888727842,-0.20100634848395754,239.41380824619367
2024-03-29,50.75,52.04,48.7,51.34,3106448,156116708.56,3.0153,2.68,49.512,53.986000000000004,54.795,53.699666666666666,53.36533333333333,56.27758333333333,62.41008,49.512,53.986000000000004,54.795,53.699666666666666,53.36533333333333,56.27758333333333,62.41008,52.781376760493536,53.38153170642955,29.709364908503773,36.09671848013818,47.30761295646791,-0.600154945936012,0.420414438886804,-2.0411387696456322,-0.600154945936012,0.518370089145828,-2.23705007016368,62.357259478549985,54.795,47.23274052145002,28.1574704673844,33.672520325642424,17.12737075086835,28.54760514404202,34.50045555488151,16.641904322363033,3.7487220983741216,-95.32107427278707,-63.34426229508195,0.03692034254322191,-0.04901270699811063,-0.06305319828451497,-0.04394192391014213,-0.037952228662802234,-0.08773623600871269,-0.17737647508223026,130.27425552496476
2024-04-01,52.31,52.96,50.86,52.59,2807404,146171347.19,2.725,2.4347,49.63,53.492999999999995,54.5745,53.885999999999996,53.163333333333334,56.33458333333333,62.24344,49.63,53.492999999999995,54.5745,53.885999999999996,53.163333333333334,56.33458333333333,62.24344,52.751934181956074,53.32289972817551,37.71587743732592,38.99422918384172,45.52047781569966,-0.5709655462194334,0.22213844186555654,-1.5862079761699799,-0.5709655462194334,0.3507799913973263,-1.8434910752335194,62.12321191520868,54.5745,47.02578808479132,33.81122481466789,33.71875515531758,33.996164133368495,33.98255643482584,34.32782251486296,33.2920242747516,3.4489544441242814,-56.28314631831628,-55.14754098360653,0.05964134596010479,-0.016880713364365276,-0.03636313662974461,-0.024050773855917907,-0.010784375195936998,-0.06647041855580112,-0.15509168516393046,127.19588599427472
2024-04-02,52.29,52.44,50.56,51.83,2420065,124945762.94,2.3491,-1.4451,50.315999999999995,52.736000000000004,54.3855,53.97766666666667,52.8875,56.363166666666665,62.07868,50.315999999999995,52.736000000000004,54.3855,53.97766666666667,52.8875,56.363166666666665,62.07868,52.61009815396283,53.21231456312547,49.38001458789204,39.58158995815899,51.92214111922141,-0.6022164091626365,0.05726747165991794,-1.318967761645109,-0.6022164091626365,0.20416516054194742,-1.612763139409168,62.0139108160752,54.3855,46.7570891839248,36.23451023680562,34.55734018248026,39.588850345456336,36.0235512555831,34.893065428436344,38.284522909876614,3.1909627270107754,-61.84255751674031,-59.894459102902374,0.030089832260116127,-0.0171799150485438,-0.046988627483428524,-0.039788060494155106,-0.019995272985109988,-0.08042782076947415,-0.16509178352374762,86.45306210133504
2024-04-03,51.83,54.44,51.19,52.58,3998414,210745292.73,3.8811,1.447,51.66799999999999,52.044000000000004,54.2995,54.12533333333333,52.63316666666666,56.40333333333333,61.9182,51.66799999999999,52.044000000000004,54.2995,54.12533333333333,52.63316666666666,56.40333333333333,61.9182,52.605467668737774,53.1654764473384,69.24493554327807,39.68253968253967,49.783989834815756,-0.5600087786006256,-0.06618777839219077,-0.9876420004168697,-0.5600087786006256,0.08659993913539772,-1.2932174354720467,61.97063104951369,54.2995,46.62836895048631,41.15907851983207,36.757919628264204,49.96139630296781,39.39858371993829,36.394904858937,45.40594144194087,3.20169677664518,-34.856973918561316,-53.851351351351354,0.017651157389486843,0.010298977788025406,-0.03166695825928422,-0.028551017391732745,-0.001010136194224726,-0.06778559186809285,-0.15081510767431872,115.44994472125856
2024-04-08,52.0,52.1,48.75,48.9,3444359,171308601.39,3.3433,-6.9989,51.448,51.04600000000001,54.10450000000001,54.105333333333334,52.35716666666667,56.41266666666666,61.74308,51.448,51.04600000000001,54.10450000000001,54.105333333333334,52.35716666666667,56.41266666666666,61.74308,52.03539571970119,52.84951522901704,62.87625418060199,29.603729603729604,42.843208973421106,-0.8141195093158444,-0.21577412457692152,-1.1966907694778457,-0.8141195093158444,-0.05197228370325491,-1.524294451225179,62.12638185034647,54.10450000000001,46.08261814965355,36.85642603863244,36.79075509838695,36.98776791912343,34.10739537017544,35.63240169601648,31.057382718493358,3.3159337263460555,-86.63778626800121,-76.47498132935027,-0.04952573472243822,-0.042040512478940716,-0.09619347743718192,-0.09620739791517784,-0.06603043836724051,-0.13317340077287598,-0.20800841163090666,48.404169551919054
2024-04-09,48.76,49.43,47.51,48.99,1918188,92656110.78,1.8619,0.184,50.977999999999994,50.245000000000005,53.862,53.976666666666674,52.091166666666666,56.40566666666667,61.57624,50.977999999999994,50.245000000000005,53.862,53.976666666666674,52.091166666666666,56.40566666666667,61.57624,51.566873301285625,52.56362521205281,43.58322744599748,29.5763699961135,39.69642397736043,-0.9967519107671876,-0.37196968181497475,-1.2495644579044258,-0.9967519107671876,-0.19732299555924457,-1.598857830415886,62.20437527704327,53.862,45.519624722956735,36.9990289432847,36.86017971335287,37.27672740314836,32.42436223482549,34.56305520895282,28.146976286570833,3.0621275942831367,-100.76866109961944,-70.94170403587442,-0.03899721448467952,-0.024977609712409244,-0.0904533808622034,-0.09238559871549443,-0.05953344616969603,-0.1314702423515368,-0.20440091827627013,101.85580918161845
2024-04-10,49.03,49.62,46.3,46.95,2047625,96602668.75,1.9875,-4.1641,49.85,49.74,53.504999999999995,53.74333333333333,51.840333333333334,56.380750000000006,61.40748000000001,49.85,49.74,53.504999999999995,53.74333333333333,51.840333333333334,56.380750000000006,61.40748000000001,50.85658510108784,52.14780112227112,24.387397899649955,28.029465930018418,39.043522267206484,-1.2912160211832813,-0.5558189496886361,-1.4707941429892903,-1.2912160211832813,-0.36561423027063483,-1.8512035818252928,62.399138815142365,53.504999999999995,44.610861184857626,29.26901124028724,34.329790222331,19.147453276199727,26.21923343464777,31.78178128418447,15.094137735574364,3.1090134862316576,-106.55774176611403,-86.19102416570767,-0.05817452357071211,-0.05609167671893846,-0.12251191477432002,-0.1264032748247844,-0.09433452716996414,-0.16726897034892232,-0.23543516197049613,65.3554142074775
2024-04-11,46.54,47.41,45.89,46.1,1880460,87680670.12,1.8253,-1.8104,48.704,49.510000000000005,53.016,53.38700000000001,51.642,56.340916666666665,61.23536,48.704,49.510000000000005,53.016,53.38700000000001,51.642,56.340916666666665,61.23536,50.124802777843556,51.699815853954746,10.281517747858047,29.134762633996942,39.50332821300564,-1.5750130761111905,-0.759657774973147,-1.6307106022760869,-1.5750130761111905,-0.5516755911691819,-2.046674969884017,62.42107231567208,53.016,43.61092768432792,20.331387610483898,29.663656018381968,1.666850794687754,18.822028273654716,27.461863614007886,1.5423575929483775,2.820101943280446,-112.8970870568473,-95.9723820483314,-0.053465834428383686,-0.0688749747525753,-0.1304511845480609,-0.13649390301009617,-0.10731575074551723,-0.18176695149025793,-0.24716699632369268,83.3015894040368
2024-04-12,46.48,46.96,45.04,45.2,1830255,84144998.31,1.7766,-1.9523,47.227999999999994,49.448,52.387,53.21866666666667,51.473499999999994,56.32083333333333,61.05976,47.227999999999994,49.448,52.387,53.21866666666667,51.473499999999994,56.32083333333333,61.05976,49.367140812021475,51.21834801292106,10.108303249097517,34.55949137148049,40.119604784191374,-1.8512072008995872,-0.9779676601584351,-1.7464790814823044,-1.8512072008995872,-0.7516035311277057,-2.1992073395437632,62.12725202310221,52.387,42.64674797689779,14.121634293514102,24.48298211009268,-6.60106133964306,13.115394735627982,22.679707321214586,-6.013230435545225,2.6564470445021833,-113.61960547137153,-98.2978723404255,-0.04294062844075531,-0.08590842905678688,-0.13719052436673215,-0.15067394899032924,-0.12187824803053983,-0.19745505659539833,-0.2597416039630682,82.10603768239896
2024-04-15,44.99,45.68,42.5,43.12,3525081,153340059.9,3.4217,-4.6018,46.072,48.760000000000005,51.6465,52.897666666666666,51.28783333333333,56.27675,60.87368,46.072,48.760000000000005,51.6465,52.897666666666666,51.28783333333333,56.27675,60.87368,48.40604222555663,50.618470382334316,0.9336099585062527,37.1219512195122,36.430379746835435,-2.2124281567776833,-1.2248597594822848,-1.9751367945907972,-2.2124281567776833,-0.9763457812277023,-2.472164751099962,61.8531031774001,51.6465,41.439896822599906,11.145299467591194,20.03708789592552,-6.638277389077459,10.474473095667113,18.611295912698765,-5.799172538396192,2.7516384909563314,-132.56449628105022,-94.80737018425462,-0.0640736238930371,-0.1156685808039378,-0.16509347196809088,-0.18484117131820563,-0.15925479402197404,-0.2337865992616845,-0.2916478846030009,62.43141433895269
2024-04-16,42.69,43.67,40.5,40.54,2782166,115178637.58,2.7005,-5.9833,44.382000000000005,47.68,50.833000000000006,52.42333333333333,51.017833333333336,56.22258333333333,60.653,44.382000000000005,47.68,50.833000000000006,52.42333333333333,51.017833333333336,56.22258333333333,60.653,47.1958818831633,49.87191702067992,1.0538641686183041,37.1219512195122,33.80349031795362,-2.676035137516621,-1.515094835089152,-2.321880604854938,-2.676035137516621,-1.2378364514259976,-2.8763973721812466,61.86679516709159,50.833000000000006,39.79920483290842,7.5258476603644775,15.86667448407184,-9.155805987050247,7.078630079081757,14.767073968159764,-8.298257699074256,2.827704219873362,-149.93287642196012,-99.71305595408896,-0.08656662610968423,-0.14974832214765102,-0.2024865736824505,-0.22668023144910027,-0.20537589797031763,-0.27893743765479767,-0.33160766985969364,53.95726423690013
2024-04-17,41.49,42.8,40.86,42.08,2369000,99458676.62,2.2995,3.7987,43.408,46.629,50.061,51.92600000000001,50.767833333333336,56.163583333333335,60.439719999999994,43.408,46.629,50.061,51.92600000000001,50.767833333333336,56.163583333333335,60.439719999999994,46.40882313190741,49.29473798211104,15.41541541541541,27.82754759238523,33.405483405483395,-2.8859148502036263,-1.7892588381120471,-2.1933120241831583,-2.8859148502036263,-1.4913869743148638,-2.789055751777525,61.28378115450728,50.061,38.83821884549272,8.795328378071773,13.509559115405153,-0.6331330965949888,8.497183323883291,12.677110420067606,0.13732913151466164,2.7244852708054776,-131.31309204977012,-88.66571018651364,-0.030593438997419897,-0.09755731411782366,-0.15942550088891555,-0.18961599198859933,-0.17112870025967894,-0.25076005656096856,-0.30376911077682023,145.18437117245045
2024-04-18,42.3,43.37,40.54,41.93,2321743,97475645.0,2.2536,-0.3565,42.574,45.638999999999996,49.1875,51.47,50.52933333333333,56.12841666666667,60.21607999999999,42.574,45.638999999999996,49.1875,51.47,50.52933333333333,56.12841666666667,60.21607999999999,45.71977341930627,48.749201835288,19.01234567901234,21.77564487102579,30.102937484308313,-3.0294284159817266,-2.0372927536859833,-1.9842713245914867,-3.0294284159817266,-1.7280087345713042,-2.602839362820845,60.06386331441836,49.1875,38.31113668558164,9.972747654346698,12.330621961719004,5.256999039602086,9.084205429695508,11.479475423276908,4.29366544253271,2.743669767022663,-121.70482958018789,-89.74175035868006,-0.01512660309108842,-0.08126821358925472,-0.14754764930114359,-0.18535068972216823,-0.17018497506398914,-0.25296307129038925,-0.3036743673782816,96.49200098096158
2024-04-19,41.6,42.12,40.8,41.13,1630494,67335543.14,1.5827,-1.9079,41.760000000000005,44.49400000000001,48.269,51.031,50.316500000000005,56.0795,59.985,41.760000000000005,44.49400000000001,48.269,51.031,50.316500000000005,56.0795,59.985,45.013654431720695,48.18481651415556,19.130434782608702,14.673242909987678,29.249011857707515,-3.1711620824348614,-2.2640666194357593,-1.8141909259982043,-3.1711620824348614,-1.950032326550313,-2.442259511769097,58.56570749623458,48.269,37.972292503765416,8.95113001517851,11.204124646205507,4.445140753124516,7.866481780716553,10.275144209090124,3.0491569239694094,2.4848207184730877,-120.48313369590609,-94.56896551724135,-0.015086206896551784,-0.07560569964489602,-0.14790030868673468,-0.19401932158883808,-0.1825743046515557,-0.26657691313224974,-0.31432858214553633,82.47806643379711
2024-04-22,41.6,43.47,40.32,42.28,3041840,128674334.58,2.9526,2.796,41.592,43.832,47.439,50.68033333333334,50.144833333333324,56.04158333333333,59.77296,41.592,43.832,47.439,50.68033333333334,50.144833333333324,56.04158333333333,59.77296,44.593092211455975,47.747422698292176,32.40963855421684,21.252257676098736,32.06615650456678,-3.1543304868362014,-2.442119392915848,-1.4244221878407073,-3.1543304868362014,-2.135308966594296,-2.038043040483811,56.7647106967702,47.439,38.1132893032298,12.99250961585378,11.8002529694216,15.377022908718146,12.269410792879142,10.939899737019797,14.928432904597834,2.605762406023435,-99.8920306982988,-78.92473118279568,0.016541642623581515,-0.035407921153495156,-0.10875018444739558,-0.1657513433876389,-0.15684234666914817,-0.24556021644641843,-0.2926567464619453,131.75366087792298
2024-04-23,41.88,43.5,41.6,42.11,2526967,106929492.92,2.4528,-0.4021,41.906000000000006,43.144,46.6945,50.289333333333325,49.95916666666666,56.00058333333333,59.558,41.906000000000006,43.144,46.6945,50.289333333333325,49.95916666666666,56.00058333333333,59.558,44.21107802507813,47.329835831752014,42.097026604068866,17.34248284466625,30.723042281711287,-3.1187578066738837,-2.5774470756674552,-1.082621462012857,-3.1187578066738837,-2.286608788145002,-1.6642980370577636,55.142509357541925,46.6945,38.24649064245807,17.077281915975867,13.559262618273022,24.113320511381556,14.595377804571758,12.158392426203784,19.469348561307708,2.4774419685646283,-85.24687038332951,-80.75268817204302,0.00486803798978651,-0.02396625254960131,-0.09818072792298876,-0.16264549142296564,-0.15711164117362506,-0.24804354716543128,-0.2929581248530844,96.05116302765182
2024-04-24,42.3,44.4,41.7,44.0,2724061,117964987.22,2.6441,4.4882,42.29,42.849000000000004,46.2945,49.952999999999996,49.8315,55.94775,59.34616,42.29,42.849000000000004,46.2945,49.952999999999996,49.8315,55.94775,59.34616,44.178604482758416,47.08318132569631,80.3508771929825,32.79494382022473,30.74037018509256,-2.9045768429378924,-2.642873029121543,-0.5234076276326984,-2.9045768429378924,-2.381680796574677,-1.0457920927264306,54.43684021706159,46.2945,38.15215978293841,29.85875019297989,18.99242514317531,51.59140029258904,27.031615292375534,17.116133381594366,46.86257911393787,2.5179070651892403,-60.559001155768264,-48.0959097320169,0.040435091038070484,0.026861770403043154,-0.0495631230491743,-0.1191720217003983,-0.11702437213409186,-0.21355193014911233,-0.25858724473495837,155.12234116594786
2024-04-25,44.36,44.59,43.21,43.38,1636557,71614419.64,1.5885,-1.4091,42.58,42.577,46.0435,49.53633333333333,49.76316666666666,55.87675,59.14152,42.58,42.577,46.0435,49.53633333333333,49.76316666666666,55.87675,59.14152,44.055742254641736,46.808871597866954,63.5983263598327,31.008801624915364,30.098765432098773,-2.7531293432252184,-2.6649242919422784,-0.17641010256587997,-2.7531293432252184,-2.4388267268286064,-0.6286052327932241,54.2219730912998,46.0435,37.8650269087002,38.93568420825527,25.64017816486863,65.52669629502854,33.38252264471623,22.53826313596832,55.07104166221205,2.3110148715184695,-48.09911411853151,-53.91566265060238,0.018788163457022177,0.018859947859172898,-0.057847470326973384,-0.1242791486383731,-0.12827090987644799,-0.22364847633407453,-0.26650515576873907,86.76982307505405
2024-04-26,43.9,45.99,43.42,45.38,3739705,168261449.66,3.63,4.6104,43.43,42.595,46.0215,49.123000000000005,49.719166666666666,55.80025,58.931239999999995,43.43,42.595,46.0215,49.123000000000005,49.719166666666666,55.80025,58.931239999999995,44.259474215466085,46.70302925728422,76.01809954751135,44.67073998642226,33.88252148997135,-2.4435550418181364,-2.62065044191745,0.35419080019862736,-2.4435550418181364,-2.4395541599039188,-0.008001763828435315,54.20487023608882,46.0215,37.83812976391118,55.704330330488816,35.66156222007536,95.78986655131574,52.00222262146279,32.35958296446648,91.2875019354554,2.365375803969657,-22.507244681818722,-10.75837742504408,0.04489983882109148,0.06538326094612053,-0.013939137142422576,-0.07619648637094643,-0.08727351960176317,-0.1867419948835354,-0.22995002311168056,156.94570625670144
2024-04-29,45.05,47.28,44.9,46.99,3241452,150326084.48,3.1463,3.5478,44.372,42.982,45.871,48.75833333333333,49.68066666666667,55.726,58.7098,44.372,42.982,45.871,48.75833333333333,49.68066666666667,55.726,58.7098,44.67955510539438,46.72428634933724,89.38172043010753,52.87282117495159,37.971641432347994,-2.044731243942863,-2.505466602322533,0.9214707167593401,-2.044731243942863,-2.378812172832987,0.6681618577802482,53.85456706978442,45.871,37.88743293021558,69.08066466477032,46.80126303497369,113.6394679243636,66.61259285875298,43.77725292922865,112.28327271780162,2.368034748702447,9.027381243712266,-4.166666666666654,0.059001171910213694,0.09324833651295898,0.02439449761287087,-0.03626730473423342,-0.05415923028408097,-0.15676703872519107,-0.19962255023863135,141.71294870140835
2024-04-30,47.01,47.36,46.16,46.67,2058353,96241227.81,1.998,-0.681,45.284,43.595000000000006,45.6375,48.42033333333333,49.59016666666666,55.663333333333334,58.49136,45.284,43.595000000000006,45.6375,48.42033333333333,49.59016666666666,55.663333333333334,58.49136,44.985777396872166,46.720265138275224,83.20726172465962,54.929577464788736,42.78364473327918,-1.7344877414030577,-2.3512708301386382,1.233566177471161,-1.7344877414030577,-2.2796853372283823,1.0903951916506491,53.21017073793085,45.6375,38.06482926206915,76.1200643219681,56.57419679730516,115.21179937129398,74.47468311795654,54.009729658804616,115.4045900362604,2.1556647943929113,21.431367729130734,-9.801136363636333,0.030606836851868272,0.07053561188209646,0.022623938646946017,-0.03614872539773229,-0.058886002265233904,-0.1615665608719085,-0.20210437917668522,93.39498541607529
2024-05-06,47.9,48.16,46.6,47.2,2302707,109162148.59,2.2351,1.1356,45.92400000000001,44.107,45.368,48.07633333333333,49.53516666666666,55.63158333333333,58.2824,45.92400000000001,44.107,45.368,48.07633333333333,49.53516666666666,55.63158333333333,58.2824,45.3264270281226,46.755801053958535,86.5136298421808,65.26946107784434,48.22799763733019,-1.4293740258359335,-2.1668914692780974,1.4750348868843277,-1.4293740258359335,-2.148868212398775,1.4389883731256825,52.251113126750134,45.368,38.48488687324987,79.99841022825086,64.38226794095374,111.23069480284511,78.9014894255765,62.30698291439525,112.090502447939,2.04736210450329,43.001819764221715,-12.2448979591836,0.027785036146677034,0.07012492348153362,0.040380885205431157,-0.01822795692960489,-0.047141593009679836,-0.15156108865018214,-0.19015002813885495,111.95460899142408
2024-05-07,47.0,52.8,47.0,50.7,5553733,279216380.7,5.3908,7.4153,47.388,44.984,45.3115,47.78633333333334,49.57766666666667,55.607166666666664,58.10012,47.388,44.984,45.3115,47.78633333333334,49.57766666666667,55.607166666666664,58.10012,46.15313056225759,47.04796393885049,89.04428904428907,85.57422969187678,57.01552616446234,-0.8948333765929064,-1.9124798507410592,2.0352929482963056,-0.8948333765929064,-1.955939776120949,2.122212799056085,51.98668349835363,45.3115,38.63631650164638,81.05663245985957,69.94038944725568,103.28911848506735,80.32535192474333,68.31310591784461,104.34984393854077,2.7296599036845093,115.24453377184969,-16.826923076923038,0.06989111167384159,0.12706740174284192,0.11892124515851385,0.060972802544660545,0.02263788130408174,-0.08824701851979502,-0.12736841163150772,204.48412948568802
2024-05-08,50.5,50.88,48.85,49.0,3211101,159349562.63,3.1169,-3.3531,48.112,45.771,45.13250000000001,47.43633333333334,49.61866666666666,55.547999999999995,57.921119999999995,48.112,45.771,45.13250000000001,47.43633333333334,49.61866666666666,55.547999999999995,57.921119999999995,46.59111047575642,47.192559202639345,79.08902691511385,73.96121883656511,48.45201238390093,-0.6014487268829214,-1.6502736259694317,2.0976497981730207,-0.6014487268829214,-1.747556537776637,2.2922156217874314,51.146238219133856,45.13250000000001,39.11876178086616,76.06156449704925,71.9807811305202,84.22313123010736,76.73399530025625,71.12006904531516,87.96184781013844,2.6024490121055073,111.13696593626814,-30.448717948717935,0.0184569338210841,0.07054685281073167,0.08569212873206651,0.032963480876121595,-0.012468425861234936,-0.11788003168430898,-0.1540218835547378,71.1019001240999
2024-05-09,49.39,49.98,48.7,49.51,2073676,102293222.25,2.0128,1.0408,48.616,46.494,45.163000000000004,47.124,49.72416666666666,55.48908333333333,57.75288,48.616,46.494,45.163000000000004,47.124,49.72416666666666,55.48908333333333,57.75288,47.04017040256313,47.36422148392532,75.27539779681759,75.60810810810811,47.09246901811248,-0.3240510813621924,-1.3850291170479838,2.121956071371583,-0.3240510813621924,-1.528555698328261,2.4090092339321374,51.26276392984599,45.163000000000004,39.06323607015402,74.16116311815296,72.70757512639778,77.0683391016633,74.69766353350417,72.31260054137817,79.46778951775616,2.3620037371772318,108.24681684622918,-29.375,0.018389007734079282,0.06486858519378841,0.09625135619865806,0.050632374161785836,-0.00430709413598345,-0.10775242577744275,-0.14272673501304178,110.909427372981
2024-05-10,49.04,49.83,47.1,47.94,2545857,122182903.18,2.4712,-3.1711,48.870000000000005,47.077,45.1105,46.822,49.775499999999994,55.428333333333335,57.59852,48.870000000000005,47.077,45.1105,46.822,49.775499999999994,55.428333333333335,57.59852,47.178605725245724,47.406871744375294,55.84255842558423,71.86897880539497,42.68637936458005,-0.22826601912957045,-1.1536764974643012,1.8508209566694616,-0.22826601912957045,-1.3285111322976932,2.2004902263362456,51.088433017167795,45.1105,39.13256698283221,65.88151229079506,70.43222084786355,56.78009517665808,68.53718109440818,71.05412739238818,63.50328849844817,2.4289121485995526,80.36031297258188,-43.783783783783804,-0.019030079803560605,0.01833166939269706,0.06272375610999648,0.023877664345820233,-0.0368755713152052,-0.135099377574646,-0.16768694751184585,72.45210930743588
2024-05-13,47.22,47.22,45.11,45.63,3207894,147456513.97,3.1138,-4.8185,48.556,47.239999999999995,45.0445,46.60966666666666,49.838499999999996,55.329166666666666,57.44508,48.556,47.239999999999995,45.0445,46.60966666666666,49.838499999999996,55.329166666666666,57.44508,46.94035869059254,47.27525161516231,44.86166007905138,60.011954572624035,40.70185962807439,-0.3348929245697718,-0.9899197828853954,1.3100537166312471,-0.3348929245697718,-1.1756467926472438,1.681507736154944,50.965799555072564,45.0445,39.123200444927434,51.77459739073616,64.21301302882108,26.89776611456631,54.10299386133992,65.40374954870543,31.501482486608893,2.5018372124905426,22.666123114553695,-74.76538060479663,-0.06026031798335932,-0.03408128704487706,0.012998257278913147,-0.0210185297756544,-0.08444275008276722,-0.17529934483018295,-0.20567609967642128,61.02733297174696
2024-05-14,46.0,46.2,44.25,45.39,2571524,115956832.14,2.4961,-0.526,47.494,47.441,45.009,46.50933333333334,49.94116666666666,55.193666666666665,57.28144,47.494,47.441,45.009,46.50933333333334,49.94116666666666,55.193666666666665,57.28144,46.70184196896292,47.13560334737251,40.79348931841301,59.761904761904766,39.049649710630526,-0.43376137840959217,-0.8786881019902348,0.8898534471612853,-0.43376137840959217,-1.0615105750722205,1.2554983933252566,50.91214064490539,45.009,39.10585935509461,38.96084270493523,55.79562292085913,5.2912822730874325,43.06937330628063,57.95895746789717,13.290204983047559,2.4015031738558985,5.1989045165483185,-78.99786780383795,-0.04430033267360086,-0.04323264686663438,0.008464973671932285,-0.024066853964795673,-0.09113056362987103,-0.17762303645949715,-0.20759673639489515,94.86306220889117
2024-05-15,45.43,46.45,44.6,45.17,1436273,65516159.73,1.3941,-0.4847,46.728,47.42,45.00750000000001,46.48766666666666,49.959500000000006,55.03208333333334,57.1266,46.728,47.42,45.00750000000001,46.48766666666666,49.959500000000006,55.03208333333334,57.1266,46.46617397373785,46.99000309941899,7.786259541984705,53.86649041639128,43.64998297582568,-0.5238291256811394,-0.8077163067284158,0.5677743620945528,-0.5238291256811394,-0.9787903520889772,0.9099224528156757,50.91045153647353,45.00750000000001,39.104548463526484,29.560639775999718,47.05062853923933,-5.4193377504794995,32.29966017689665,49.405858370897,-1.912736211104047,2.3012298695184628,9.244718638998178,-89.23976608187132,-0.03334189351138503,-0.04744833403627161,0.003610509359551059,-0.028344435441658232,-0.09586765279876706,-0.17920606918691376,-0.20930004586304807,95.25747779595854
2024-05-16,32.5,32.5,31.05,31.28,2770978,87561458.45,1.9212,-2.6758,43.082,45.849000000000004,44.4155,45.86366666666666,49.730333333333334,54.75633333333333,56.928839999999994,43.082,45.849000000000004,44.4155,45.86366666666666,49.730333333333334,54.75633333333333,56.928839999999994,44.12983951623972,45.8262991661287,2.721451440768405,28.697183098591537,29.48807041927263,-1.696459649888979,-0.9854649753605285,-1.421989349056901,-1.696459649888979,-1.0892010132889776,-1.214517273200003,52.91794912084045,44.4155,35.913050879159556,20.059583605455753,38.05361356131147,-15.928476306255689,21.88559720605371,40.232437982615906,-14.80808434707069,4.450097165969652,-282.81328751431835,-98.94252873563218,-0.27394271389443386,-0.317760474601409,-0.2957413515552003,-0.31797864685916943,-0.37100763450878405,-0.42874188069568814,-0.4505421153847504,2.536100958949955
2024-05-17,31.13,32.09,30.98,32.09,2093755,66254664.16,1.4517,2.5895,39.912000000000006,44.391,43.993,45.222,49.460833333333326,54.46991666666666,56.73424,39.912000000000006,44.391,43.993,45.222,49.460833333333326,54.46991666666666,56.73424,42.2775565137413,44.808795524193236,4.254201680672281,25.578831312017655,32.28421554601812,-2.531239010451934,-1.2946197823788097,-2.473238456146248,-2.531239010451934,-1.3110530128525093,-2.440371995198849,54.01102186587309,43.993,33.974978134126914,15.068747762635036,30.391991628419326,-15.577739968933543,16.286090163033677,32.250322042755165,-15.6423735964093,3.842806772156988,-228.69048729670044,-94.9129239230064,-0.1959811585488074,-0.2771057196278524,-0.2705657718273361,-0.2903896333642917,-0.35120381446599147,-0.4108674665985352,-0.4343803671292679,129.13076594669127
2024-05-20,31.92,33.43,31.06,32.67,3280746,106566946.35,2.2746,1.8074,37.32,42.938,43.5225,44.55800000000001,49.221999999999994,54.202416666666664,56.5358,37.32,42.938,43.5225,44.55800000000001,49.221999999999994,54.202416666666664,56.5358,40.79947089624264,43.90962548536411,7.70083102493075,22.650878533231477,33.885289176865854,-3.1101545891214712,-1.6577267437273422,-2.904855690788258,-3.1101545891214712,-1.587837870740042,-3.0446334367628585,54.731866149498885,43.5225,32.31313385050112,12.876652612275958,24.55354528970487,-10.477132742581873,13.439122742358538,25.97992227595629,-11.642476324836963,3.5750237226738992,-179.8502551488277,-92.25481209899175,-0.1245980707395498,-0.23913549769435,-0.2493537825262795,-0.26679833026617,-0.33627239852098645,-0.3972593472923255,-0.4221360624595389,119.61734916450204
2024-05-21,32.43,33.33,31.56,32.25,3174446,102375094.21,2.2009,-1.2856,34.692,41.093,43.0385,43.90533333333334,48.9415,53.917833333333334,56.35344,34.692,41.093,43.0385,43.90533333333334,48.9415,53.917833333333334,56.35344,39.48416768143608,43.045949523485284,8.601485148514854,22.564687975646876,34.28016508861374,-3.561781842049207,-2.0385377633917154,-3.0464881573149833,-3.561781842049207,-1.8915215586337597,-3.340520566830895,55.321865345473235,43.0385,30.755134654526763,10.812505250289236,19.97319860989966,-7.508881468931612,11.086718344151924,21.01552096535484,-8.770886898253906,3.2468375912786445,-150.05428575457196,-93.6180904522613,-0.07039086821169147,-0.21519480203440983,-0.2506709109285872,-0.26546509156063053,-0.34105002911639404,-0.4018676566503971,-0.4277190531758132,87.8629630167463
2024-05-22,32.01,33.09,31.7,32.29,2315189,74841619.52,1.6052,0.124,32.116,39.422000000000004,42.5965,43.229000000000006,48.67716666666667,53.57866666666666,56.1738,32.116,39.422000000000004,42.5965,43.229000000000006,48.67716666666667,53.57866666666666,56.1738,38.37737265352283,42.24921252174563,8.959899749373434,21.09344707250871,36.168582375478934,-3.8718398682228,-2.4051981843579324,-2.933283367729735,-3.8718398682228,-2.1961859139551505,-3.351307908535299,55.772759791955714,42.5965,29.420240208044284,9.524870874198129,16.49042269799915,-4.406232773403914,9.689391176803035,17.240144369170906,-5.4121152079327075,2.9092307565007096,-128.158873080362,-93.10526315789474,0.005417860256569918,-0.1809142103394045,-0.2419564987733734,-0.2530477225936294,-0.3366499693559267,-0.39733476010352375,-0.4251768618110222,101.24725568484554
2024-05-23,32.12,32.44,31.01,31.15,2920002,92495669.08,2.0245,-3.5305,32.089999999999996,37.586,42.040000000000006,42.63733333333333,48.37133333333334,53.250750000000004,55.99336,32.089999999999996,37.586,42.040000000000006,42.63733333333333,48.37133333333334,53.250750000000004,55.99336,37.26546916836548,41.42704863124596,8.47156398104265,8.279982927870236,37.54972155926809,-4.161579462880482,-2.7564744400624424,-2.8102100456360795,-4.161579462880482,-2.4985541522513555,-3.3260506212582532,56.177624307233394,42.040000000000006,27.90237569276662,6.698846592650966,13.226563996216424,-6.356588214479949,6.760213039177264,13.746833925839692,-7.213028734147592,2.6402797098642163,-116.25224348697755,-99.09814323607428,-0.02929261452165777,-0.17123397009524824,-0.2590390104662228,-0.26941960097567075,-0.35602354011329035,-0.4150317131683592,-0.44368403682150886,69.80717447220067
2024-05-24,31.33,31.39,29.89,29.97,2590270,78814186.41,1.7959,-3.7881,31.665999999999997,35.789,41.433,42.00333333333333,47.99,52.92833333333333,55.817879999999995,31.665999999999997,35.789,41.433,42.00333333333333,47.99,52.92833333333333,55.817879999999995,36.14308929630925,40.57837836226478,34.292565947242196,8.467917939764291,33.788487282463194,-4.43528906595553,-3.09223736524106,-2.68610340142894,-4.43528906595553,-2.7965133697443054,-3.277551392422449,56.56543306696447,41.433,26.300566933035533,4.626928324247179,10.360018772226677,-6.8392525717118176,4.660684438120481,10.71811742993329,-7.454181545505136,2.4329561262525408,-108.58160844873574,-99.5383727639931,-0.053559022295206156,-0.16259185783341257,-0.27666352907103037,-0.2864851995873343,-0.37549489476974374,-0.43376263500960416,-0.4630752726545687,67.96525012198941
2024-05-27,29.91,30.18,28.75,30.15,3083743,90318169.29,2.138,0.6006,31.162,34.241,40.7405,41.44333333333334,47.593333333333334,52.59333333333334,55.6306,31.162,34.241,40.7405,41.44333333333334,47.593333333333334,52.59333333333334,55.6306,35.22107555841552,39.805905890985905,22.598870056497105,7.130203720106294,34.242910647405026,-4.584830332570384,-3.390755958706925,-2.388148747726918,-4.584830332570384,-3.0716390563329328,-3.026382552474902,56.627141160681624,40.7405,24.85385883931837,5.72115372275612,8.81373042240316,-0.46399967653795926,5.743657798671655,9.059964219512747,-0.8889550430105295,2.250600466933897,-99.71779398961242,-92.090395480226,-0.032475450869648946,-0.11947665079875007,-0.2599501724328371,-0.27250060323333086,-0.3665079142737078,-0.4267334262897707,-0.458032090252487,106.17095780729655
2024-05-28,30.15,32.18,29.68,31.56,4242894,133698810.55,2.9417,4.6766,31.024,32.858,40.1495,40.958666666666666,47.17283333333333,52.3025,55.4534,31.024,32.858,40.1495,40.958666666666666,47.17283333333333,52.3025,55.4534,34.657833164813134,39.19509804720917,37.29977116704803,13.470115967885803,37.40458015267175,-4.5372648823960375,-3.6200577434447476,-1.8344142779025798,-4.5372648823960375,-3.2971199526503336,-2.480289859491408,56.49549255571288,40.1495,23.803507444287128,23.82834749608242,13.818602780296246,43.84783692765477,9.121007270677522,9.080311903234339,9.202398005563886,2.295945836582279,-76.90477310000013,-84.12429378531074,0.017276946879834894,-0.03950331730476591,-0.2139379070723173,-0.2294671050489925,-0.3309708624667446,-0.39658716122556287,-0.4308734901737315,157.94168996126817
2024-05-29,34.0,34.5,30.99,31.08,3474305,111481864.13,2.4088,-1.5209,30.782,31.449,39.4345,40.48799999999999,46.85333333333334,52.01525,55.26332,30.782,31.449,39.4345,40.48799999999999,46.85333333333334,52.01525,55.26332,34.10739729330342,38.59397967334182,36.794582392776505,14.667314230208845,34.994640943193986,-4.486582380038399,-3.793362670763478,-1.386439418549842,-4.486582380038399,-3.4801141722484976,-2.0129364155798033,56.06568627284133,39.4345,22.80331372715867,29.392811374199866,19.010005644930786,50.158422832738026,19.5879178905966,12.582847232355093,33.598059207079615,2.5166829572036833,-61.24495467940392,-59.47826086956525,0.009680982392307136,-0.011733282457311943,-0.2118576373480075,-0.23236514522821566,-0.33665338645418336,-0.4024829256804495,-0.4376016497018276,85.79068903552826
2024-05-30,31.55,33.29,30.38,32.06,4626706,149119769.33,3.2078,3.1532,30.964,31.526999999999997,38.688,40.11933333333334,46.508500000000005,51.73158333333333,55.083239999999996,30.964,31.526999999999997,38.688,40.11933333333334,46.508500000000005,51.73158333333333,55.083239999999996,33.79241309433367,38.1099811790202,47.858472998137835,18.752930145335213,36.82140047206924,-4.317568084686535,-3.8982037535480893,-0.8387286622768908,-4.317568084686535,-3.6089532357005036,-1.4172296979720622,55.231309157921714,38.688,22.144690842078294,38.783613379901375,25.601208223254318,65.1484236931955,32.247017724165865,19.137570729625352,58.465911713246896,2.5881951468030135,-57.79701164135208,-42.43478260869561,0.0353959436765277,0.016906143940114977,-0.17131927212572373,-0.20088402931255092,-0.31066364212993325,-0.3802625410975564,-0.41797178234250554,136.40336331059768
2024-05-31,32.12,34.0,32.12,33.24,6008029,199095768.59,4.1655,3.6806,31.618000000000002,31.642000000000003,38.0165,39.876000000000005,46.14966666666667,51.45783333333333,54.8986,31.618000000000002,31.642000000000003,38.0165,39.876000000000005,46.14966666666667,51.45783333333333,54.8986,33.70742646443618,37.749241832426115,69.31608133086878,23.239120681920156,35.62266167824694,-4.041815367989933,-3.9269260764364584,-0.22977858310694987,-4.041815367989933,-3.6755474098988774,-0.7325359161821119,54.28358174261416,38.0165,21.74941825738584,51.884727760513975,34.36238140234087,86.92942047686017,47.526997323356966,28.600712927535888,85.37956611499912,2.4703414837479194,-43.25174267785455,-21.913043478260835,0.051299892466316645,0.05050249668162565,-0.1256428129890968,-0.16641588925669581,-0.27973477598249175,-0.35403420923928003,-0.39452007883625445,143.54067062684442
2024-06-03,32.88,33.87,32.5,32.99,4183421,139155999.17,2.9005,-0.7521,32.186,31.674,37.306,39.573,45.749500000000005,51.17666666666666,54.70744,32.186,31.674,37.306,39.573,45.749500000000005,51.17666666666666,54.70744,33.59705316221523,37.39670540039455,83.70535714285714,59.884393063583815,35.97840755735493,-3.79965223817932,-3.9014713087850312,0.20363814121142276,-3.79965223817932,-3.694640460403561,-0.2100235555515173,53.11917292305924,37.306,21.492827076940756,59.169528651936865,42.63143048553954,92.24572498473151,56.26437502716553,37.821933627412434,93.14925782667171,2.2702793957937515,-39.257204890080594,-26.260869565217355,0.024979804884111168,0.04154827303150857,-0.11569184581568637,-0.16635079473378309,-0.2788992229423273,-0.35537028593760167,-0.3969741592734004,92.7284508385188
2024-06-04,32.93,34.45,32.16,34.36,5837650,196090256.07,4.0474,4.1528,32.746,31.885,36.489,39.32066666666667,45.39533333333333,50.910583333333335,54.51776,32.746,31.885,36.489,39.32066666666667,45.39533333333333,50.910583333333335,54.51776,33.7144295987975,37.17176425962458,87.12522045855378,62.323561346362624,34.87095002745744,-3.4573346608270796,-3.8126439791934414,0.7106186367327236,-3.4573346608270796,-3.6581318758533334,0.4015944300525076,51.025328212260916,36.489,21.952671787739078,71.96809156505935,52.41031751204615,111.08363967108576,70.03132248187848,48.55839657890112,112.9771742878332,2.2738649601948886,-29.95551059591029,-2.434782608695662,0.04928846271300303,0.07762270660185033,-0.058346350955082296,-0.12615927162984694,-0.24309400378893573,-0.3250912138438799,-0.36974666604057105,150.21330311422722
2024-06-05,33.89,34.77,33.56,33.63,3395153,115796176.44,2.354,-2.1246,33.25600000000001,32.019,35.7205,39.07066666666666,45.05083333333333,50.6415,54.3148,33.25600000000001,32.019,35.7205,39.07066666666666,45.05083333333333,50.6415,54.3148,33.701440429751734,36.90941135150424,70.74148296593191,55.12820512820513,31.204276871131114,-3.207970921752505,-3.6917093677052546,0.9674768919054992,-3.207970921752505,-3.5888763444532064,0.7618108454014028,49.046650745209405,35.7205,22.394349254790598,74.99976868456892,59.94013456955374,105.11903691459928,73.70858929578166,56.941794151194635,107.24217958495571,2.0804349674321814,-21.54544225250533,-18.93687707641196,0.011246090930959681,0.05031387613604436,-0.05852381685586704,-0.1392519537248744,-0.2535099239747691,-0.3359201445454814,-0.380831743834093,80.67465587436583
2024-06-06,33.61,34.2,32.32,32.76,4524431,149277959.12,3.1369,-2.587,33.396,32.18,34.882999999999996,38.75333333333333,44.716833333333334,50.384499999999996,54.10084,33.396,32.18,34.882999999999996,38.75333333333333,44.716833333333334,50.384499999999996,54.10084,33.55660344055916,36.60204754768911,65.61338289962823,52.59938837920489,30.728733721252425,-3.0454441071299527,-3.5624563155901945,1.0340244169204835,-3.0454441071299527,-3.5052713848650137,0.9196545554701219,46.564032939177466,34.882999999999996,23.201967060822525,72.20361101673363,64.02796005194705,88.55491294630679,71.34282475754213,61.7421376866438,90.5441988993388,2.043992246080876,-27.64763551627472,-33.388704318936945,-0.01904419690980964,0.018023617153511445,-0.06086059111888306,-0.15465336315155684,-0.26738998363778,-0.34980003771001,-0.39446411552944466,76.94320238567842
2024-06-07,33.07,33.39,31.52,31.52,3366947,108251190.63,2.3344,-3.7851,33.05200000000001,32.334999999999994,34.062,38.40033333333334,44.344833333333334,50.120583333333336,53.87088,33.05200000000001,32.334999999999994,34.062,38.40033333333334,44.344833333333334,50.120583333333336,53.87088,33.24327983431929,36.22559958119362,45.212765957446784,46.50317892824705,28.695652173913032,-2.9823197468743317,-3.446429001847022,0.9282185099453804,-2.9823197468743317,-3.4248172867126008,0.8849950796765382,44.06689059357001,34.062,24.057109406429987,60.18551147022582,62.747143858039976,55.06224669459749,62.899646183876364,62.127973852387996,64.44299084685309,2.0123572922479895,-39.24243900854373,-53.986710963455174,-0.04635120416313708,-0.02520488634606446,-0.07462861840173796,-0.1791737918941678,-0.2892069350431655,-0.3711166569955458,-0.41489725061109084,67.98657410406213
2024-06-11,31.0,33.62,30.87,33.41,3948633,128180768.1,2.7377,5.9962,33.136,32.661,33.451,38.047333333333334,44.00016666666667,49.86966666666667,53.63424,33.136,32.661,33.451,38.047333333333334,44.00016666666667,49.86966666666667,53.63424,33.268929090577856,36.01703664925335,51.33858267716531,59.608843537414955,25.433361750497284,-2.7481075586754926,-3.3067647132127163,1.1173143090744473,-2.7481075586754926,-3.320708097783815,1.1452010782166449,41.8440394720136,33.451,25.057960527986403,63.13050802646789,62.874931914182625,63.64166025103842,66.36007846443097,63.53867538973566,72.0028846138216,2.1464741482028997,-23.403809159122112,-26.719056974459836,0.00826895219700609,0.022932549523896856,-0.0012256733729934508,-0.12188326820977391,-0.24068469437615783,-0.33005367324158313,-0.37707703138890386,179.02045978395182
2024-06-12,33.3,33.76,32.23,32.29,3396017,111593892.64,2.3546,-3.3523,32.721999999999994,32.733999999999995,32.79600000000001,37.67766666666667,43.607,49.59758333333333,53.39244,32.721999999999994,32.733999999999995,32.79600000000001,37.67766666666667,43.607,49.59758333333333,53.39244,33.11832461510434,35.74095986041977,45.152354570637094,59.914529914529915,25.859578156602126,-2.622635245315429,-3.169938819633259,1.09460714863566,-2.622635245315429,-3.2133122743271403,1.1813540580234223,39.033956480487944,32.79600000000001,26.558043519512072,56.58966290602794,60.779842244797734,48.20930422848835,58.74270986466999,61.94002021471377,52.34808916458243,2.0343879394387363,-4.515959312521979,-56.49202733485197,-0.013202127009351357,-0.01356387853607856,-0.015428710818392708,-0.14299363902577128,-0.2595225537184397,-0.3489602147954117,-0.3952327333232945,71.10754647055782
2024-06-13,32.35,34.18,32.08,33.2,6361524,210481519.16,4.4106,2.8182,32.635999999999996,32.946000000000005,32.1975,37.27166666666666,43.19733333333333,49.31399999999999,53.1516,32.635999999999996,32.946000000000005,32.1975,37.27166666666666,43.19733333333333,49.31399999999999,53.1516,33.13089005893445,35.55274061149979,41.420118343195284,62.26870474658087,26.706655241359613,-2.4218505525653455,-3.0203211662196767,1.1969412273086624,-2.4218505525653455,-3.0915489325176333,1.3393967599045755,34.47857892289162,32.1975,29.916421077108375,57.64097185188188,59.73355211382578,53.45581132799407,60.57410725981797,61.484715896415175,58.75288998662357,2.04631740499533,76.23791633247475,-35.76309794988608,0.017281529599215813,0.007709585382140404,0.03113595776069586,-0.10924294593748582,-0.23143403913821833,-0.32676319098024886,-0.37537157865426435,132.0384406862195
2024-06-14,33.0,33.02,31.9,32.26,5462745,176860578.33,3.7875,-2.8313,32.536,32.966,32.2465,36.78066666666667,42.7695,49.015166666666666,53.02424,32.536,32.966,32.2465,36.78066666666667,42.7695,49.015166666666666,53.02424,32.99690697294454,35.30883389953685,40.17216642754661,52.92642140468228,27.196044211751015,-2.3119269265923137,-2.8786423182942045,1.1334307834037816,-2.3119269265923137,-2.9716070854521996,1.319360317719772,34.486324006205905,32.2465,30.00667599379409,50.3076564482631,56.59158689197156,37.739795560846176,52.263080053553836,58.41083728212807,39.967565596405365,1.910623331359816,9.145088368269674,-64.35897435897445,-0.008482911236783974,-0.02141600436813696,0.0004186500860558669,-0.12290877453734762,-0.24572417259963297,-0.341836370375156,-0.39159901207447767,75.03481109109654
2024-06-17,32.24,33.59,32.02,32.6,4457656,146431544.47,3.0906,1.0539,32.751999999999995,32.902,32.272,36.311666666666675,42.366,48.70591666666667,52.903,32.751999999999995,32.902,32.272,36.311666666666675,42.366,48.70591666666667,52.903,32.9358443617223,35.1081795366082,48.75776397515531,56.42978003384095,29.8981795742055,-2.1723351748858946,-2.7373808896125427,1.1300914294532962,-2.1723351748858946,-2.8486421761343066,1.352614002496824,34.515930761629434,32.272,30.028069238370563,48.324762418500185,53.83597873414777,37.302329787205,49.62837815536068,55.483350906538945,37.918432653004146,1.848691816567122,35.920907539161405,-55.64102564102566,-0.004640937957987114,-0.009178773326849419,0.010163609320773518,-0.1022169183458027,-0.23051503564178819,-0.33067680004653777,-0.3837778575884165,111.05353060254781
2024-06-18,32.5,33.55,32.5,33.11,3311952,109833231.23,2.2963,1.5644,32.692,32.914,32.294,35.842,41.95916666666667,48.41683333333334,52.783120000000004,32.692,32.914,32.294,35.842,41.95916666666667,48.41683333333334,52.783120000000004,32.962637536841946,34.960166237600184,63.92294220665498,54.62555066079294,31.211750305997555,-1.997528700758238,-2.589410451841682,1.1837635021668875,-1.997528700758238,-2.717701641461065,1.440345881405654,34.56284992889106,32.294,30.025150071108932,51.36180742429925,53.011254964198265,48.062912344501214,52.230884582206244,54.399195465094714,47.894262816429304,1.7034751226458265,59.598971121244155,-42.56410256410263,0.012786002691790017,0.005954912803062464,0.02526785161330286,-0.07622342503208525,-0.21089948561101074,-0.31614693236856334,-0.3727161259129813,116.79272912951629
2024-06-19,33.0,33.85,32.31,32.37,5215994,172022327.0,3.6164,-2.235,32.708,32.714999999999996,32.3,35.230999999999995,41.50866666666666,48.13941666666666,52.6692,32.708,32.714999999999996,32.3,35.230999999999995,41.50866666666666,48.13941666666666,52.6692,32.871462531173954,34.76830207185202,38.59649122807021,46.012832263977984,30.722891566265062,-1.8968395406780658,-2.450896269608959,1.1081134578617862,-1.8968395406780658,-2.5914151644175267,1.3891512474789218,34.56899467648874,32.3,30.031005323511252,49.25621996454781,51.75957663098145,44.24950663168052,47.641102541983614,52.14649782405768,38.63031197783546,1.6737523730738577,38.204025754561606,-61.538461538461654,-0.010333863275039776,-0.010545621274644625,0.0021671826625387085,-0.08120689165791484,-0.22016285755585177,-0.3275780588672138,-0.38540930942562257,79.76919080566034
2024-06-20,31.99,33.52,31.9,32.02,4382135,143409602.39,3.0383,-1.0812,32.472,32.553999999999995,32.286500000000004,34.665,41.050666666666665,47.86183333333334,52.544,32.472,32.553999999999995,32.286500000000004,34.665,41.050666666666665,47.86183333333334,52.544,32.74046829560873,34.56472414060372,46.4379947229552,45.594913714804726,51.88199389623602,-1.824255844994994,-2.325568184686166,1.0026246793823441,-1.824255844994994,-2.473390653737137,1.2982696174842863,34.55895543059474,32.286500000000004,30.014044569405268,44.418547448671376,49.31256690354476,34.6305085389246,43.2722465395006,49.18841406253866,31.439911493424475,1.663979214333157,6.593187514239852,-65.46546546546543,-0.013919684651391913,-0.016403514161085948,-0.008254223901630732,-0.0763017452762151,-0.21998830713264897,-0.33099094267875234,-0.3906059683313032,89.69872745553336
2024-06-21,31.86,31.86,30.3,30.5,5637941,174120833.86,3.9089,-4.747,32.120000000000005,32.327999999999996,32.254,34.03133333333333,40.577666666666666,47.58541666666667,52.41216,32.120000000000005,32.327999999999996,32.254,34.03133333333333,40.577666666666666,47.58541666666667,52.41216,32.39578086551508,34.26363346352196,19.318181818181827,32.706093189964164,46.09720176730485,-1.867852598006884,-2.2340250673503097,0.7323449386868512,-1.867852598006884,-2.3802309528555594,1.0247567096973507,34.61187951119276,32.254,29.896120488807238,31.330578024200157,43.3185706104299,7.3545928517406765,30.566377418086308,42.981068514387886,5.736995225483156,1.6741648117271288,-120.43857335146109,-94.84536082474229,-0.05043586550435879,-0.05654540955209095,-0.05438085198735034,-0.103767116578839,-0.248355006448539,-0.35904732717481724,-0.41807397367328497,61.48725677527535
2024-06-24,30.94,31.0,27.76,27.96,5921922,173118336.85,4.1058,-8.3279,31.191999999999997,31.972,32.1535,33.36533333333333,40.093666666666664,47.305083333333336,52.26668,31.191999999999997,31.972,32.1535,33.36533333333333,40.093666666666664,47.305083333333336,52.26668,31.713353040051217,33.796697651409225,14.1666666666667,28.141865844255975,39.453649798477386,-2.083344611358008,-2.2038889761518496,0.24108872958768313,-2.083344611358008,-2.3345561310867056,0.502423039457395,35.03457637046649,32.1535,29.272423629533517,21.9254736153027,36.18753827872084,-6.598655711533581,21.416006544560133,35.7927145244453,-7.337409415210203,1.9588621186858322,-245.66491450667635,-96.88473520249222,-0.10361631187483958,-0.1254847991992994,-0.1304212605159625,-0.16200447570332474,-0.3026330010558608,-0.4089430135239166,-0.4650511568747049,41.91536740421917
2024-06-25,28.0,28.0,26.05,26.8,6823955,183657505.48,4.7312,-4.1488,29.93,31.311,31.986,32.73766666666667,39.67366666666667,47.0085,52.124,29.93,31.311,31.986,32.73766666666667,39.67366666666667,47.0085,52.124,30.95745257235103,33.27842375130484,7.478005865102617,27.52639517345402,38.18812310359775,-2.320971178953812,-2.2273054167122424,-0.18733152448313906,-2.320971178953812,-2.332466138450876,0.022989918994127834,35.64265017825663,31.986,28.329349821743367,17.692013160509305,30.022363239316995,-6.968686997106076,17.352368446680927,29.645932498523845,-7.234759657004908,1.957250824379317,-315.3300434944954,-90.7749077490775,-0.10457734714333441,-0.14407077384944586,-0.16213343337710248,-0.1813711015853299,-0.32448895573050135,-0.429890338981248,-0.4858414549919423,65.46004048224862
2024-06-26,26.61,27.2,25.91,27.1,5217562,138685619.49,3.6175,1.1194,28.875999999999998,30.792,31.762999999999998,32.128,39.318666666666665,46.705749999999995,51.98160000000001,28.875999999999998,30.792,31.762999999999998,32.128,39.318666666666665,46.705749999999995,51.98160000000001,30.363998330450872,32.82076273268967,4.538577912254183,32.061688311688314,38.87698242606088,-2.4567644022388,-2.273197213817554,-0.3671343768424924,-2.4567644022388,-2.3515889482644026,-0.2103509079487953,36.02321052109384,31.762999999999998,27.50278947890616,16.79047728752678,25.61173458872026,-0.8520373148601834,16.364698674248395,25.218854557098695,-1.3436130914522053,1.8359324926739864,-242.49912577223418,-85.61064087061668,-0.06150436348524714,-0.11990127305793713,-0.14680603217580193,-0.15649900398406372,-0.3107599443860422,-0.41977165552421264,-0.4786616802868708,111.77507461615146
2024-06-27,26.96,27.3,25.83,25.86,4647216,122095333.97,3.222,-4.5756,27.644,30.058,31.502,31.484333333333332,38.986000000000004,46.38041666666666,51.834,27.644,30.058,31.502,31.484333333333332,38.986000000000004,46.38041666666666,51.834,29.671075510381506,32.30515067841636,4.21940928270044,17.65209940017141,38.71105420401195,-2.6340751680348546,-2.345372804661014,-0.5774047267476812,-2.6340751680348546,-2.395048366690626,-0.4780536026884574,36.51201355180815,31.502,26.491986448191845,11.318339804319605,20.84726966058671,-7.739519908214611,11.034487395467348,20.490732169888247,-7.878002153374453,1.7693993121878073,-192.4209510016899,-99.62593516209475,-0.06453479959484876,-0.13966331758600042,-0.1790997396990667,-0.17863911151578032,-0.336684963833171,-0.4424370918041917,-0.5010996643129992,62.60258934370921
2024-06-28,25.72,26.8,25.33,26.1,3749702,98729172.5,2.5998,0.9281,26.764,29.442,31.204,31.311666666666667,38.58766666666667,46.07166666666667,51.69,26.764,29.442,31.204,31.311666666666667,38.58766666666667,46.07166666666667,51.69,29.12167927801512,31.845509887422555,7.714285714285737,21.316033364226186,41.396176078257014,-2.723830609407436,-2.421064365610299,-0.6055324875942745,-2.723830609407436,-2.4456302501855194,-0.5564007184438333,36.75415940973873,31.204,25.653840590261268,10.558079431361751,17.417539584178392,-3.160840874271532,10.368844492126915,17.11676961063447,-3.127005744888198,1.7149630736082064,-158.22512769764427,-90.96244131455396,-0.024809445523837913,-0.11351131037293657,-0.16356877323420072,-0.16644488209932398,-0.32361808177051393,-0.4334912997865645,-0.49506674405107365,109.67808726146544
2024-07-01,25.83,26.18,24.56,25.24,5526102,139210410.48,3.8314,-3.295,26.22,28.706,30.804000000000002,31.083333333333332,38.15266666666666,45.759,51.53972,26.22,28.706,30.804000000000002,31.083333333333332,38.15266666666666,45.759,51.53972,28.52449785062818,31.356212858724586,8.517350157728728,12.94227188081939,39.40440224428141,-2.831715008096406,-2.5031944941075204,-0.6570410279777716,-2.831715008096406,-2.505027905248733,-0.6533742056953464,36.86586144763742,30.804000000000002,24.742138552362583,9.478619154456451,14.771232774271079,-1.1066080851728053,9.352462528299894,14.52866724985628,-0.999946914812881,1.6976970602248962,-147.19066892979947,-92.68030139935415,-0.03737604881769643,-0.12074130843726054,-0.18062589274120255,-0.18798927613941022,-0.3384472907092557,-0.4484145195480671,-0.5102806146405142,71.5300341420958
2024-07-02,25.32,25.43,24.55,24.68,3370253,84130826.08,2.3367,-2.2187,25.796000000000003,27.863,30.3885,30.817,37.6875,45.42541666666667,51.38424,25.796000000000003,27.863,30.3885,30.817,37.6875,45.42541666666667,51.38424,27.933036642839227,30.861678572893137,12.38532110091748,13.416988416988445,34.587813620071685,-2.92864193005391,-2.5882839812967986,-0.6807158975142231,-2.92864193005391,-2.570199293680299,-0.7168852727472226,36.938972140463136,30.3885,23.83802785953686,6.802171223743911,12.114878924095358,-3.8232441769589833,6.700924839655124,11.919419779789228,-3.7360650406130844,1.549024867456733,-131.8284949677119,-98.60215053763442,-0.04326252132113518,-0.11423751929081577,-0.18785066719318166,-0.19914332998020576,-0.3451409618573798,-0.45669183001440095,-0.5196970900026934,79.90207318081917
2024-07-03,24.56,24.67,23.6,24.02,5299435,127589675.13,3.6743,-2.6742,25.18,27.028000000000002,29.871499999999997,30.542666666666666,37.224000000000004,45.055749999999996,51.225,25.18,27.028000000000002,29.871499999999997,30.542666666666666,37.224000000000004,45.055749999999996,51.225,27.331031005479346,30.354887567493645,13.989637305699532,9.831460674157313,34.31111111111113,-3.0238565620142985,-2.675398497440299,-0.6969161291479988,-3.0238565620142985,-2.639992719577837,-0.7677276848729226,36.72723835709018,29.871499999999997,23.015761642909812,6.229696070066556,10.153151306085757,-1.6172144019718466,5.878573549017388,9.90580436953195,-2.1758880920117356,1.4637476188282357,-127.38975681493642,-95.76612903225808,-0.04606830818109611,-0.11129199348823451,-0.19588905813233345,-0.21355917405159994,-0.3547173866322803,-0.4668826953274554,-0.5310883357735481,76.25678248347457
2024-07-04,24.08,25.03,23.63,23.74,5246165,127299170.76,3.6373,-1.1657,24.756,26.2,29.377,30.25766666666667,36.74333333333333,44.688250000000004,51.07192,24.756,26.2,29.377,30.25766666666667,36.74333333333333,44.688250000000004,51.07192,26.77856469694406,29.86489589582745,6.250000000000043,5.167464114832555,30.91743119266056,-3.0863311988833892,-2.7575850377289175,-0.6574923223089435,-3.0863311988833892,-2.7086601779325377,-0.7553420419017032,36.51229138562112,29.377,22.241708614378883,4.7837613440083215,8.363354652059947,-2.3754252720949296,4.484020784090677,8.09854317438486,-2.7450239964976895,1.4521571426776476,-110.77333929799953,-98.30508474576276,-0.04104055582485061,-0.0938931297709924,-0.1918848078428703,-0.21540546197657906,-0.3538963984396263,-0.46876416060150045,-0.5351653119757394,88.93590229083937
2024-07-05,23.61,23.97,22.98,23.5,3718613,87191785.74,2.5782,-1.011,24.236,25.5,28.913999999999998,30.002666666666663,36.32,44.33858333333333,50.921,24.236,25.5,28.913999999999998,30.002666666666663,36.32,44.33858333333333,50.921,26.274170128183435,29.393422125766154,8.450704225352183,5.427135678391977,26.653883029721953,-3.119251997582719,-2.8299184296996778,-0.5786671357660822,-3.119251997582719,-2.771828150186412,-0.6948476947926139,36.32154778657213,28.913999999999998,21.506452213427863,6.6420294750228095,7.789579593047568,4.346929238973292,5.150610697290707,7.115899015353476,1.2200340611651708,1.3681285712817113,-109.88735103764199,-93.51620947630923,-0.030368047532596164,-0.0784313725490196,-0.1872449332503285,-0.2167362901075459,-0.3529735682819383,-0.469987576659155,-0.5385008149879225,90.3382090676837
2024-07-08,23.49,23.53,22.41,22.64,3651530,83817201.73,2.5317,-3.6596,23.715999999999998,24.968,28.47,29.758333333333333,35.88083333333334,43.986,50.769839999999995,23.715999999999998,24.968,28.47,29.758333333333333,35.88083333333334,43.986,50.769839999999995,25.715067031539828,28.89316863496866,0.0,5.162523900573632,25.896599906846774,-3.178101603428832,-2.899555064445509,-0.5570930779666465,-3.178101603428832,-2.8343317583775534,-0.6875396901025574,36.2737777626124,28.47,20.6662222373876,5.995845144221072,7.191668110105404,3.604199212452407,4.805237185194404,6.345678405300452,1.724354744982307,1.3230142855941276,-108.52669484891186,-95.8855098389982,-0.04537021420138291,-0.09323934636334506,-0.20477695820161568,-0.2392047045645477,-0.369022458601389,-0.48529077433728907,-0.5540659572691188,68.87880478513789
2024-07-09,22.53,23.04,22.07,22.69,4567012,103256693.15,3.1664,0.2208,23.318,24.557,27.934000000000005,29.509666666666664,35.476499999999994,43.65841666666667,50.619,23.318,24.557,27.934000000000005,29.509666666666664,35.476499999999994,43.65841666666667,50.619,25.249672103610624,28.43367466200802,1.8867924528302211,6.562847608453879,21.0421836228288,-3.1840025583973954,-2.9564445632358862,-0.4551159903230184,-3.1840025583973954,-2.888127266072914,-0.5917505846489632,35.78161284520605,27.934000000000005,20.08638715479396,7.9487916002901535,7.444042606833654,8.958289587203152,7.155052960939042,6.615469923846649,8.234219035123827,1.2588298700315588,-102.49003123341117,-88.14531548757168,-0.02693198387511794,-0.07602720201979059,-0.1877282165103459,-0.23109941375142598,-0.3604216875960141,-0.4802834886743869,-0.5517493431320255,102.23055856445566
2024-07-10,22.64,23.45,22.52,22.79,4069317,93659584.78,2.8214,0.4407,23.072,24.126,27.458999999999996,29.217333333333332,35.088,43.365,50.456759999999996,23.072,24.126,27.458999999999996,29.217333333333332,35.088,43.365,50.456759999999996,24.871261010747453,28.01562468704446,6.849315068493084,10.534351145038173,22.233606557377044,-3.144363676297008,-2.994028385848111,-0.3006705808977941,-3.144363676297008,-2.9275482522612357,-0.4336308480715445,35.34639674216037,27.458999999999996,19.57160325783962,10.37319017186362,8.42042512851031,14.278720258570239,9.3589454411359,7.529961762943067,13.016912797521563,1.1990426209349114,-89.16075114534563,-86.23326959847039,-0.012222607489597782,-0.05537594296609475,-0.17003532539422403,-0.219983571395975,-0.3504901960784314,-0.4744609708290096,-0.5483261311269293,104.49566953048206
2024-07-11,23.19,23.48,22.79,23.05,4494527,103820640.41,3.1162,1.1409,22.934000000000005,23.845,26.951500000000003,28.949666666666666,34.718833333333336,43.09616666666667,50.28924,22.934000000000005,23.845,26.951500000000003,28.949666666666666,34.718833333333336,43.09616666666667,50.28924,24.591067009093997,27.647800636152276,22.90502793296092,16.814159292035427,24.325753569539955,-3.0567336270582786,-3.0065694340901445,-0.10032838593626803,-3.0567336270582786,-2.9474229253069346,-0.21862140350268788,34.585653935807805,26.951500000000003,19.3173460641922,14.863554194056691,10.568134817025772,23.45439294811853,13.145568983308362,9.401830836398165,20.63304527712875,1.106489417128564,-80.71126762911906,-79.2811839323467,0.005057992500217846,-0.033340322918850834,-0.14476003190917025,-0.20379048693709767,-0.3360952028918023,-0.4651496459468553,-0.5416514546650536,112.01238525763509
2024-07-12,23.0,23.05,22.1,22.25,3708796,82995863.58,2.5714,-3.4707,22.684000000000005,23.46,26.451,28.622666666666667,34.371,42.829416666666674,50.106,22.684000000000005,23.46,26.451,28.622666666666667,34.371,42.829416666666674,50.106,24.230902853848768,27.24796355199285,17.748917748917762,10.569105691056933,24.905251759610195,-3.017060698144082,-3.0086676869009326,-0.01678602248629879,-3.017060698144082,-2.9581364288203416,-0.1178485386474808,33.930732334067386,26.451,18.971267665932615,11.694750415085412,10.94367334971232,13.1969045458316,10.223566670137446,9.675742780977927,11.319214448456485,1.0780367958324613,-88.57413454334694,-95.62043795620438,-0.01913242814318482,-0.05157715260017054,-0.1588219727042456,-0.22264405832207576,-0.35265194495359464,-0.48049724391140836,-0.5559414042230472,70.24102750332129
2024-07-15,22.22,22.77,22.13,22.18,3310343,73969210.18,2.2952,-0.3146,22.592,23.154,25.93,28.254,34.065000000000005,42.54141666666667,49.91584,22.592,23.154,25.93,28.254,34.065000000000005,42.54141666666667,49.91584,23.915379337872036,26.872558844437823,19.158878504672913,13.052208835341403,16.276276276276306,-2.9571795065657867,-2.9983700508339037,0.08238108853623416,-2.9571795065657867,-2.9579892100119487,0.0016194068923240934,33.0492518826236,25.93,18.8107481173764,9.035239015462341,10.307528571628994,6.4906599031290355,7.9069809546948004,9.086155505550218,5.548631852983963,0.9983937420447411,-86.0059085994487,-96.72619047619048,-0.0182365439093484,-0.04206616567331779,-0.14462013112225222,-0.21497841013661786,-0.34889182445325123,-0.4786257313950915,-0.5556520735702335,96.89810079712855
2024-07-16,22.04,22.4,21.8,22.2,3212736,71091279.78,2.2275,0.0902,22.494,22.906,25.3845,27.894333333333336,33.733666666666664,42.25075,49.72464,22.494,22.906,25.3845,27.894333333333336,33.733666666666664,42.25075,49.72464,23.651474824353258,26.526443374479467,33.07692307692304,9.033613445378137,17.556270096463052,-2.8749685501262086,-2.973689750692365,0.19744240113231282,-2.8749685501262086,-2.945216800798758,0.1404965013450985,31.8270705069219,25.3845,18.9419294930781,10.151459653239069,10.255505598832354,9.9433677620525,9.399287612727374,9.190532874609271,9.816797088963579,0.9259585162184241,-86.43756009866622,-87.61609907120747,-0.013070152040544167,-0.030821618789836705,-0.1254505702298647,-0.20413943094774337,-0.3419037361290896,-0.4745655402566818,-0.5535412624405124,100.90538095771235
2024-07-17,22.3,22.55,21.83,22.2,3143416,69777334.11,2.1794,0.0,22.375999999999998,22.724,24.875999999999998,27.488999999999997,33.404833333333336,41.967083333333335,49.541520000000006,22.375999999999998,22.724,24.875999999999998,27.488999999999997,33.404833333333336,41.967083333333335,49.541520000000006,23.42817100522199,26.205966087480988,30.39999999999992,11.025641025641022,12.43169398907105,-2.777795082258997,-2.9345108170056915,0.3134314694933886,-2.777795082258997,-2.919459613331102,0.28332906214420994,30.5575357449258,24.875999999999998,19.194464255074195,12.912033009993465,11.141014735886058,16.45406955820828,10.394158718082423,9.591741489100322,11.998993176046625,0.8885115132696202,-81.57042119306266,-87.61609907120747,-0.007865570253843332,-0.02305932054215811,-0.10757356488181374,-0.1924042344210411,-0.3354255122761677,-0.4710139891383128,-0.5518910198960387,100.0
2024-07-18,21.96,22.38,21.38,22.03,4160465,90673610.56,2.8846,-0.7658,22.171999999999997,22.553,24.3765,27.10233333333333,33.0865,41.7015,49.367239999999995,22.171999999999997,22.553,24.3765,27.10233333333333,33.0865,41.7015,49.367239999999995,23.213067773649378,25.8966352661861,21.21212121212129,12.25071225071224,13.121845710165857,-2.6835674925367208,-2.8843221521118974,0.40150931915035315,-2.6835674925367208,-2.883168517824274,0.3992020505751066,29.087120810558712,24.3765,19.665879189441288,18.685541386507296,13.655856952759805,28.744910254002278,15.294947510896677,11.492810163032441,22.899222206625147,0.9087821472205984,-86.53631907308392,-74.90347490347482,-0.006404474111491788,-0.023189819536203596,-0.09626074292864024,-0.18715485751534294,-0.33416952533510647,-0.4717216407083678,-0.5537526505431537,92.6009041226762
2024-07-19,21.98,24.03,21.7,23.36,6708437,154490593.32,4.6512,6.0372,22.394,22.538999999999998,24.0195,26.788999999999998,32.771166666666666,41.458,49.18696,22.394,22.538999999999998,24.0195,26.788999999999998,32.771166666666666,41.458,49.18696,23.235672731549474,25.70873635757972,56.485355648535545,42.10526315789473,18.909825033647365,-2.473063626030246,-2.8020704468955673,0.6580136417306424,-2.473063626030246,-2.82007545754827,0.6940236630360479,27.758041652038422,24.0195,20.28095834796158,37.36268796836334,21.558133957960983,68.97179598916806,35.102292051289595,19.36263745911816,66.58160123563246,1.1671853931804899,-44.74099466753732,-25.28301886792457,0.043136554434223505,0.03642575092062654,-0.02745685796956645,-0.12800029863003468,-0.2871782613781424,-0.4365381832215736,-0.5250773782319542,179.71462164386824
2024-07-22,23.38,24.97,23.38,24.83,7049212,171892308.06,4.8874,6.2928,22.924,22.758000000000003,23.863,26.566,32.48316666666667,41.22116666666667,49.01748,22.924,22.758000000000003,23.863,26.566,32.48316666666667,41.22116666666667,49.01748,23.480953849772632,25.643644775536778,92.15686274509808,60.1489757914339,23.830594184576483,-2.162690925764146,-2.6741945426692832,1.023007233810275,-2.162690925764146,-2.718939375735328,1.1124968999423643,27.14063778863675,23.863,20.58536221136325,56.941884829419564,33.35271758178051,104.12021932469767,55.43495421803706,31.38674304542446,103.53137656326227,1.247697139874946,23.759002057613085,-3.8997214484679827,0.08314430291397656,0.09104490728535,0.04052298537484804,-0.06534668373108488,-0.23560408211432599,-0.3976395621990321,-0.49344601150446743,184.09365111712833
2024-07-23,24.89,25.01,23.4,23.46,6640647,160727706.2,4.6042,-5.5175,23.176,22.835,23.695999999999998,26.234333333333336,32.14083333333333,40.98616666666667,48.85996,23.176,22.835,23.695999999999998,26.234333333333336,32.14083333333333,40.98616666666667,48.85996,23.47773018057684,25.481893310682203,64.67889908256885,49.69230769230769,22.917933130699097,-2.0041631301053613,-2.5401882601564987,1.0720502601022748,-2.0041631301053613,-2.6089737994845636,1.2096213387584047,26.669832544010358,23.695999999999998,20.722167455989638,57.06134838031094,41.255594514623986,88.67285611168485,56.056727972722605,39.61007135452384,88.95004120912014,1.3135703871704107,11.259226817763087,-42.699724517906326,0.012254055919917264,0.027370264944164658,-0.009959486833220675,-0.10575200437086266,-0.27008737587181414,-0.4276117551856928,-0.5198522471160435,56.69083871799791
2024-07-24,23.4,24.0,22.96,23.08,4990944,117340231.06,3.4604,-1.6198,23.352,22.863999999999997,23.494999999999997,25.92733333333333,31.802500000000002,40.78283333333333,48.70564,23.352,22.863999999999997,23.494999999999997,25.92733333333333,31.802500000000002,40.78283333333333,48.70564,23.416540922026556,25.303975287668706,59.32203389830508,53.65448504983387,22.876213592233,-1.8874343656421502,-2.4096374812536294,1.0444062312229585,-1.8874343656421502,-2.497967732739577,1.2210667341948538,26.007775776920408,23.494999999999997,20.982224223079587,53.651550894495614,45.3875799745812,70.17949273432444,52.98180395610339,44.06731555505036,70.81078075820946,1.2638303167757905,-14.842202839927607,-53.168044077135036,-0.011647824597464971,0.009447165850244976,-0.01766333262396251,-0.10981975264199938,-0.2742708906532506,-0.4340756118791812,-0.5261329078110872,84.93329384816586
2024-07-25,22.74,23.58,22.46,23.01,3476921,80098549.36,2.4106,-0.3033,23.548,22.86,23.3525,25.587666666666667,31.429666666666666,40.57441666666667,48.55536,23.548,22.86,23.3525,25.587666666666667,31.429666666666666,40.57441666666667,48.55536,23.3539961647917,25.13405119228584,58.45511482254701,52.64900662251656,25.08316699933468,-1.7800550274941394,-2.2837209905017315,1.0073319260151843,-1.7800550274941394,-2.3875196242402787,1.2149291934922788,25.610937979019514,23.3525,21.094062020980484,50.735561018736306,47.17024032263291,57.86620241094312,50.28906305980816,46.141231389969626,58.584726399485234,1.2376793500892826,-29.480551452486424,-55.096418732782325,-0.022846950908781923,0.00656167979002634,-0.014666523926774332,-0.10073863710381299,-0.2678891493175237,-0.432893880174905,-0.5261079312356041,97.00813200202573
2024-07-26,23.46,26.5,23.2,25.36,11310913,283607426.75,7.8422,10.213,23.948,23.171,23.315499999999997,25.357666666666667,31.069166666666668,40.37491666666667,48.4252,23.948,23.171,23.315499999999997,25.357666666666667,31.069166666666668,40.37491666666667,48.4252,23.66261213943913,25.150788141005407,73.88809182209471,65.50060313630883,41.2398921832884,-1.488176001566277,-2.124611992714641,1.2728719822967278,-1.488176001566277,-2.249159066905817,1.52196613067908,25.402123815445165,23.315499999999997,21.228876184554828,59.73516567915754,51.35854877480779,76.48839948785704,59.43750037320544,50.57332105104823,77.16585901751985,1.6471921955275945,131.6228453411711,-22.265625000000007,0.05896108234508097,0.09447153769798455,0.08768844759923669,9.201687852454743e-05,-0.18375667194163564,-0.3718872484772931,-0.4763057251183268,264.439486653762
2024-07-29,26.31,26.86,25.3,25.43,10447392,270146219.94,7.2435,0.276,24.067999999999998,23.496000000000002,23.325,25.11866666666667,30.71516666666667,40.15266666666666,48.29736,24.067999999999998,23.496000000000002,23.325,25.11866666666667,30.71516666666667,40.15266666666666,48.29736,23.934517964140802,25.17147050093093,68.12609457092822,64.69135802469137,45.018181818181816,-1.2369525367901275,-1.9470801015297385,1.420255129479222,-1.2369525367901275,-2.0934349853495573,1.7129648971188596,25.449895043804037,23.325,21.20010495619596,64.4584802824554,55.72519261069033,81.92505562598552,64.260036745154,55.13555961575016,82.50899100396167,1.6313390690680316,189.2212362301103,-26.094890510948897,0.05658966262256947,0.0823118828736805,0.09024651661307612,0.01239450076967979,-0.1720702584499515,-0.36666722010991376,-0.4734701855339505,102.79479142218983
2024-07-30,25.08,26.49,24.78,25.51,9793407,250337135.94,6.7901,0.3146,24.478,23.827,23.366500000000002,24.865333333333336,30.353666666666665,39.94441666666667,48.172760000000004,24.478,23.827,23.366500000000002,24.865333333333336,30.353666666666665,39.94441666666667,48.172760000000004,24.17689981581145,25.19654676012123,57.87037037037041,72.08672086720871,44.12416851441241,-1.0196469443097804,-1.7615934700857472,1.4838930515519335,-1.0196469443097804,-1.9282368251895916,1.8171797617596224,25.630676625020296,23.366500000000002,21.102323374979708,68.09397468952017,59.84811997030028,84.58568412795994,67.9616789979859,59.41093274316208,85.06317150763354,1.645641056510207,158.1679797685051,-24.635036496350324,0.042160307214641715,0.07063415453057455,0.09173389253846316,0.025926323127245392,-0.15957435125904604,-0.36136256005741313,-0.47044761396274576,103.19080117619201
2024-07-31,25.15,26.06,24.87,25.96,9498234,242736976.99,6.5854,1.764,25.054000000000002,24.203,23.4635,24.651666666666664,29.941333333333333,39.7595,48.047599999999996,25.054000000000002,24.203,23.4635,24.651666666666664,29.941333333333333,39.7595,48.047599999999996,24.451222921071224,25.2530988519641,86.76470588235296,74.35567010309282,50.39246467817897,-0.8018759308928765,-1.5696499622471731,1.5355480627085933,-0.8018759308928765,-1.7549505337593276,1.9061492057329024,25.99589453977415,23.4635,20.93110546022585,72.91536297130804,64.20386763730288,90.33835363931837,73.16666677724609,63.99617742119008,91.50764548935811,1.5627972280538052,140.79133795323867,-16.42335766423355,0.03616189031691541,0.07259430649093093,0.10639930104204408,0.0530728145493883,-0.13297114356964726,-0.3470742841333518,-0.45970246172545554,119.10837379238205
2024-08-01,26.2,27.72,26.2,27.32,13607468,369562654.49,9.4345,5.2388,25.915999999999997,24.732,23.642500000000002,24.495,29.58,39.599333333333334,47.93216,25.915999999999997,24.732,23.642500000000002,24.495,29.58,39.599333333333334,47.93216,24.892573240906422,25.406202640707498,98.40182648401834,78.13186813186817,54.40115440115439,-0.5136293998010757,-1.3584458497579537,1.689632899913756,-0.5136293998010757,-1.5639780516119042,2.100697303621657,26.707314753537194,23.642500000000002,20.57768524646281,79.40872106832451,69.2721521143101,99.68185897635334,79.89627176068899,69.29620886768973,101.09639754668751,1.5986522774985674,190.72105250967053,-6.644518272425226,0.05417502701034124,0.10464175966359376,0.15554615628634866,0.11532965911410488,-0.07640297498309663,-0.31008939544436775,-0.4300277725852539,166.63263762456825
2024-08-02,27.0,28.29,25.9,26.13,12395924,334183797.29,8.5945,-4.3558,26.07,25.009,23.774,24.349333333333334,29.190333333333335,39.45725,47.81324,26.07,25.009,23.774,24.349333333333334,29.190333333333335,39.45725,47.81324,25.08294658845928,25.459817259914352,78.36363636363635,69.09620991253645,53.13601127554617,-0.37687067145507314,-1.1621308140973776,1.570520285284609,-0.37687067145507314,-1.3813461469723918,2.0089509510346373,27.032629999478225,23.774,20.515370000521777,73.92256647550965,70.82229023470995,80.12311895710906,74.2476002704193,70.94667266859959,80.84945547405871,1.742533681589737,142.97215915495218,-37.04974271012008,0.0023014959723819993,0.044823863409172646,0.09909985698662396,0.07312999671448904,-0.10484064359205682,-0.3377642891990699,-0.45349865434762426,64.06003139622347
2024-08-05,25.98,26.71,24.1,24.1,12124283,304034272.58,8.4061,-7.7688,25.804000000000002,24.936,23.847,24.220666666666666,28.793,39.28425000000001,47.68672,25.804000000000002,24.936,23.847,24.220666666666666,28.793,39.28425000000001,47.68672,24.931724036388623,25.35909005547625,37.83783783783786,58.51851851851853,48.14814814814815,-0.4273660190876285,-1.0151778550954278,1.1756236720155986,-0.4273660190876285,-1.234579973451659,1.6144279087280609,27.063811759266027,23.847,20.630188240733975,58.658497718950414,66.76769272945677,42.44010769793772,58.875186915556846,66.922844084252,42.77987257816653,1.9002548303916027,50.01288992008251,-71.86963979416808,-0.06603627344597739,-0.03352582611485397,0.01060930096028851,-0.004981971319258963,-0.16299100475810085,-0.3865225885692104,-0.4946182081720026,44.54267843997259
2024-08-06,24.8,25.0,24.1,24.55,7358773,179847267.72,5.102,1.8672,25.612000000000002,25.044999999999998,23.939999999999998,24.145666666666667,28.441666666666666,39.14008333333334,47.56064,25.612000000000002,25.044999999999998,23.939999999999998,24.145666666666667,28.441666666666666,39.14008333333334,47.56064,24.872997261559604,25.299157458774307,42.0863309352518,55.279503105590074,51.71521035598707,-0.42616019721470266,-0.8973743235192828,0.9424282526091603,-0.42616019721470266,-1.1102077001844348,1.3680950059394643,27.123344814867185,23.939999999999998,20.75665518513281,51.05535068055814,61.530245379823896,30.105561282026628,51.199810144962434,61.681832771155484,30.235764892576327,1.7183903157749472,25.908833292850694,-64.15094339622641,-0.04146493831016715,-0.01976442403673378,0.02548036758563087,0.0167455858194017,-0.13682976853208317,-0.37276577081040113,-0.483816870420583,120.3218605497089
2024-08-07,24.7,27.09,24.56,25.99,12588375,326886321.16,8.7279,5.8656,25.618000000000002,25.336000000000002,24.1,24.108666666666668,28.118333333333332,39.02975000000001,47.44396,25.618000000000002,25.336000000000002,24.1,24.108666666666668,28.118333333333332,39.02975000000001,47.44396,25.044843836704278,25.35033098034658,53.468208092485526,55.16014234875445,56.77302829620711,-0.3054871436423028,-0.7789968875438869,0.9470194878031681,-0.3054871436423028,-0.9864045376394914,1.3618347879943773,27.360707059232944,24.1,20.83929294076706,52.30802029653451,58.45617035206077,40.011720185482005,54.316168455703945,59.22661133267164,44.49528270176856,1.8677738947249565,81.06490233144282,-39.451114922813055,0.01452103989382451,0.02581307230817794,0.0784232365145227,0.07803556120897037,-0.07569201588524689,-0.33409770751798323,-0.4521958116481002,176.82669526383435
2024-08-08,25.88,26.01,24.22,24.26,9708415,239960200.86,6.7311,-6.6564,25.006,25.461000000000002,24.160500000000003,24.055333333333333,27.769833333333334,38.86466666666667,47.323,25.006,25.461000000000002,24.160500000000003,24.055333333333333,27.769833333333334,38.86466666666667,47.323,24.924098631057465,25.269565722543128,39.63414634146341,53.44827586206897,52.09944751381216,-0.3454670914856628,-0.692290928332242,0.6936476736931585,-0.3454670914856628,-0.8877987766927485,1.0846633704141715,27.38386519149019,24.160500000000003,20.937134808509814,36.14488544828634,51.01907538413596,6.396505576587089,43.15249475304954,53.86857247279761,21.72033931355338,1.8536331865931466,27.930154520063624,-79.17485265225929,-0.029832840118371538,-0.04717018184674602,0.0041182922538854335,0.00850816173821473,-0.12639014758220848,-0.3757826303240304,-0.48735287281026135,50.216353200394956
2024-08-09,24.5,24.85,23.8,23.86,5376687,130368775.93,3.7278,-1.6488,24.552,25.311,24.241,23.980666666666664,27.64616666666667,38.688250000000004,47.2022,24.552,25.311,24.241,23.980666666666664,27.64616666666667,38.688250000000004,47.2022,24.760391149356316,25.16515344679919,26.10497237569058,53.35628227194492,53.45804988662132,-0.4047622974428755,-0.6347852021543687,0.46004580942298645,-0.4047622974428755,-0.813485472192768,0.817446349499785,27.341545962080524,24.241,21.140454037919476,24.542024597298532,42.19339178852349,-10.760709785151391,29.213764133807334,45.65030302646752,-3.659313651513031,1.7075180617580292,-8.587243287983052,-98.66369710467708,-0.028185076572173354,-0.05732685393702345,-0.015717173383936314,-0.005031831197353351,-0.1369508732373989,-0.3832752838394087,-0.49451508616123824,84.68303763278563
2024-08-12,23.6,24.12,23.06,23.68,4391415,103397459.57,3.0447,-0.7544,24.468,25.136,24.316,23.92866666666667,27.505999999999997,38.48341666666667,47.08108,24.468,25.136,24.316,23.92866666666667,27.505999999999997,38.48341666666667,47.08108,24.59417712637842,25.05514208036962,30.337078651685374,52.85592497868713,52.78559369724254,-0.4609649539912013,-0.6000211525217353,0.27811239706106794,-0.4609649539912013,-0.7592515463156039,0.5965731846488052,27.27601706962099,24.316,21.355982930379007,20.31291123567513,34.89989827090737,-8.861062834789351,23.42740426001433,38.24267010431646,-6.203127428589923,1.5897875050747514,-42.56830601092895,-88.14531548757168,-0.032205329409841436,-0.05792488860598343,-0.02615561770027962,-0.010391998439807284,-0.13909692430742374,-0.38467002020350766,-0.4970378759365758,92.70701273070594
2024-08-13,23.6,23.94,23.3,23.75,3468427,81984301.45,2.4048,0.2956,24.308,24.96,24.3935,23.89766666666667,27.35733333333333,38.28966666666667,46.9622,24.308,24.96,24.3935,23.89766666666667,27.35733333333333,38.28966666666667,46.9622,24.4643037223202,24.95846488923113,45.90163934426227,41.481481481481474,52.70574971815107,-0.49416116691093137,-0.5788491553995745,0.16937597697728624,-0.49416116691093137,-0.7184684110225773,0.44861448822329186,27.19728897768629,24.3935,21.589711022313708,17.93964636871651,29.24648097017709,-4.674022834204649,20.01597505160931,32.16710508674741,-4.286285018666895,1.4170988677884329,-47.34975465189697,-86.80688336520073,-0.022955405627776856,-0.04847756410256414,-0.026379978272900548,-0.006179124879695486,-0.1318598303928257,-0.3797282121373043,-0.49427411833346824,102.99571553702391
2024-08-14,23.69,23.78,23.13,23.18,3224754,75294359.38,2.2358,-2.4,23.746000000000002,24.682,24.442500000000003,23.869666666666667,27.206166666666665,38.07383333333333,46.839920000000006,23.746000000000002,24.682,24.442500000000003,23.869666666666667,27.206166666666665,38.07383333333333,46.839920000000006,24.266718534270936,24.826726749288085,34.39635535307514,38.693467336683405,50.3601108033241,-0.5600082150171488,-0.5750809673230893,0.030145504611881035,-0.5600082150171488,-0.6940899193294345,0.26816340862457144,27.116112773565792,24.442500000000003,21.768887226434213,12.724582601451548,23.739181513935243,-9.304615223515839,14.108801723380083,26.147670632291636,-9.968936094443023,1.2776263463723545,-71.93036354326672,-97.70554493307837,-0.023835593363092836,-0.06085406369013852,-0.05165183594149546,-0.02889301624097533,-0.14798728229506786,-0.3911829209036828,-0.5051229805687115,78.43288259649273
2024-08-15,23.11,23.75,22.6,23.12,3895171,90397889.31,2.7006,-0.2588,23.518,24.262,24.497,23.849,27.05333333333333,37.865249999999996,46.72004,23.518,24.262,24.497,23.849,27.05333333333333,37.865249999999996,46.72004,24.090300298229252,24.700302545637115,2.3255813953488484,37.965760322255775,52.51299826689775,-0.6100022474078628,-0.5820652233400441,-0.055874048135637455,-0.6100022474078628,-0.6811533544184234,0.1423022140211212,27.00271641185878,24.497,21.99128358814122,12.343485654122857,19.940616227331116,-2.850775492293664,12.452147839019645,21.58249636786764,-5.808549218676347,1.2544215561228351,-93.28059824072294,-90.86115992970123,-0.01692320775576153,-0.04706949138570602,-0.056210964607911126,-0.030567319384460532,-0.14539181862986683,-0.38941377648371517,-0.5051374099850942,97.44150457799996
2024-08-16,23.88,23.99,22.83,22.9,4514521,105391501.08,3.13,-0.9516,23.326,23.939,24.473999999999997,23.829,26.915833333333335,37.64358333333334,46.60064,23.326,23.939,24.473999999999997,23.829,26.915833333333335,37.64358333333334,46.60064,23.90717717542475,24.566946801515847,4.666666666666671,34.22680412371132,52.06185567010309,-0.6597696260910979,-0.5976061038902549,-0.12432704440168596,-0.6597696260910979,-0.6778635500603734,0.0361878479385509,27.031567923638946,24.473999999999997,21.916432076361048,10.456161928286786,16.779131460983006,-2.1897771371056542,10.528603384884644,17.897865373539975,-4.20992059242602,1.2372540004641377,-89.37968643490103,-93.31848552338536,-0.018262882620252163,-0.043401980032582874,-0.06431314864754427,-0.03898610936254152,-0.14919966562432285,-0.3916625896843864,-0.5085904399596229,90.88171751876361
2024-08-19,22.52,23.04,22.41,22.67,3468556,78832297.11,2.4049,-1.0044,23.124,23.796,24.366,23.830000000000002,26.79416666666667,37.39208333333333,46.48028,23.124,23.796,24.366,23.830000000000002,26.79416666666667,37.39208333333333,46.48028,23.7168422253594,24.426432223625785,5.263157894736864,22.870478413068838,51.329937747594805,-0.7095899982663845,-0.6200028827654809,-0.17917423100180718,-0.7095899982663845,-0.6827445420920674,-0.05369091234863421,27.0400420812784,24.366,21.6919579187216,8.822626470709722,14.126963130891912,-1.7860468496546602,8.870920775108294,14.888883840729417,-3.1650053561339533,1.1268441821979305,-110.24044545684636,-94.44444444444441,-0.019633281439197244,-0.04731887712220532,-0.06960518755643101,-0.04867813680234998,-0.15392031847728052,-0.39372193311864134,-0.5122662772255244,90.39832383522841
2024-08-20,22.5,22.86,21.85,21.91,3511214,78084189.61,2.4344,-3.3524,22.756,23.532,24.288500000000003,23.804,26.65683333333333,37.125083333333336,46.357519999999994,22.756,23.532,24.288500000000003,23.804,26.65683333333333,37.125083333333336,46.357519999999994,23.43886649838103,24.24002983669054,3.6649214659685896,24.07862407862406,49.21323928377645,-0.8011633383095074,-0.6562349738742862,-0.28985672887044234,-0.8011633383095074,-0.700962818433212,-0.20040103975259083,27.1559527481676,24.288500000000003,21.421047251832405,6.362520211242368,11.538815491008734,-3.990070348290363,6.295626572718499,12.024464751392445,-5.162049784629392,1.10559978543467,-125.30707923112993,-98.8549618320611,-0.0371770082615574,-0.06892741798402176,-0.09792700249089084,-0.07956645941858505,-0.17807191401829417,-0.40983297456122436,-0.5273690223290632,71.10638080444569
2024-08-21,21.8,22.15,21.3,21.39,2930501,63472657.32,2.0318,-2.3733,22.398000000000003,23.072,24.204,23.757333333333335,26.487333333333332,36.83008333333333,46.2344,22.398000000000003,23.072,24.204,23.757333333333335,26.487333333333332,36.83008333333333,46.2344,23.123656267860873,24.028916515454203,0.0,29.5625942684766,48.29605963791268,-0.9052602475933291,-0.7060400286180948,-0.3984404379504687,-0.9052602475933291,-0.7323931921501531,-0.3457341108863521,27.31099990680214,24.204,21.09700009319786,5.086750563363457,9.388127181793642,-3.5160026734969136,4.834027056971568,9.627652186585488,-4.753223202256272,1.0591270971738205,-143.32896461336824,-98.08917197452229,-0.045004018215912246,-0.07290221914008316,-0.11626177491323748,-0.09964642496352008,-0.1924441871586418,-0.4192247732265968,-0.5373574654369906,78.64734571371835
2024-08-22,21.31,21.75,20.84,20.9,3564183,75574175.68,2.4712,-2.2908,21.954,22.736,24.098499999999998,23.685666666666666,26.31766666666667,36.5855,46.111239999999995,21.954,22.736,24.098499999999998,23.685666666666666,26.31766666666667,36.5855,46.111239999999995,22.781555303574585,23.797144921716853,0.0,22.638680659670143,43.1438127090301,-1.0155896181422683,-0.7679499465229296,-0.4952793432386775,-1.0155896181422683,-0.775961873072017,-0.4792554901405026,27.50505884401113,24.098499999999998,20.691941155988864,4.000923139803268,7.592392501130185,-3.182015582850566,3.7214378218546837,7.658914065008554,-4.153514664453057,1.032013079505853,-151.0546461438229,-98.5037406483791,-0.04800947435547062,-0.0807529908515131,-0.13272610328443676,-0.11760980621191443,-0.2058566488923792,-0.42873542797009756,-0.5467482548723478,79.31494280535405
2024-08-23,20.62,20.93,20.4,20.63,3535721,73059458.84,2.4514,-1.2919,21.5,22.413,23.862000000000002,23.631666666666664,26.127166666666664,36.31783333333333,45.9886,21.5,22.413,23.862000000000002,23.631666666666664,26.127166666666664,36.31783333333333,45.9886,22.45054679533234,23.56254159418227,0.0,1.2727272727272805,37.45519713261648,-1.1119947988499312,-0.8367589169883299,-0.5504717637232026,-1.1119947988499312,-0.8276592462686192,-0.5686711051626241,27.54532001265229,23.862000000000002,20.178679987347714,4.802843838791784,6.662542947017386,1.0834456223405802,4.541890447544702,6.619906192520604,0.3858589575928981,0.9407379741411527,-150.58980636545752,-93.81720430107526,-0.04046511627906981,-0.07955204568777055,-0.13544547816612199,-0.127018830665068,-0.21040041336284707,-0.43195950566067176,-0.5514105669665961,87.80705645969891
2024-08-26,20.55,21.2,20.18,20.3,3636574,74991039.72,2.5213,-1.5996,21.026,22.075,23.6055,23.569000000000003,25.911499999999997,36.03058333333333,45.8686,21.026,22.075,23.6055,23.569000000000003,25.911499999999997,36.03058333333333,45.8686,22.119693442204287,23.320871846465064,0.0,1.707317073170742,39.936305732484065,-1.2011784042607765,-0.9096428144428192,-0.5830711796359145,-1.2011784042607765,-0.8851237321135664,-0.6321093442944201,27.535302325258158,23.6055,19.67569767474184,4.251764658932064,5.858950184322278,1.0373936081516355,4.07779573143401,5.7725360388250735,0.6883151166518839,0.9551492515700339,-137.79317792534272,-96.85039370078738,-0.03452867877865495,-0.08040770101925249,-0.1400309249962932,-0.13869913869913877,-0.21656407386681575,-0.43658974898639347,-0.5574314454768622,85.1075521137269
2024-08-27,20.32,20.48,19.88,20.14,2865599,57700933.83,1.9868,-0.7882,20.672000000000004,21.714000000000002,23.337,23.500333333333334,25.697333333333333,35.723416666666665,45.75296,20.672000000000004,21.714000000000002,23.337,23.500333333333334,25.697333333333333,35.723416666666665,45.75296,21.815125220326706,23.085251709689874,0.0,1.8134715025906871,40.50387596899224,-1.270126489363168,-0.981739549426889,-0.5767738798725581,-1.270126489363168,-0.9443549255365821,-0.651543127653172,27.448514511559203,23.337,19.225485488440796,4.943187793708169,5.553696054117576,3.722171272889357,4.827208508709466,5.457426862119871,3.566771801888656,0.8905766603754826,-137.43600316118614,-93.67396593673962,-0.025735294117647228,-0.07248779589205127,-0.13699275828084154,-0.14299087956199202,-0.21626109064494367,-0.4362241386952069,-0.559809900823903,92.39198185440249
2024-08-28,20.07,20.41,19.97,20.14,1827357,36831075.72,1.267,0.0,20.421999999999997,21.41,23.046,23.43166666666667,25.46033333333333,35.42783333333333,45.63424,20.421999999999997,21.41,23.046,23.43166666666667,25.46033333333333,35.42783333333333,45.63424,21.55741364796875,22.867084916379515,0.0,1.9021739130434838,40.68786502271252,-1.3096712684107636,-1.047325893223664,-0.5246907503741993,-1.3096712684107636,-1.0005574398249177,-0.6182276571716918,27.199468556814374,23.046,18.892531443185625,5.404136550225573,5.503842886153575,5.204723878369569,5.326817026893105,5.413890250377616,5.152670579924083,0.8086536312163042,-122.32036158011034,-93.67396593673962,-0.013808637743609662,-0.059318075665576814,-0.12609563481732183,-0.1404794082082652,-0.20896558044539862,-0.43152041473982317,-0.558664721928096,100.0
2024-08-29,20.04,21.19,19.88,21.09,3810893,78901334.27,2.6422,4.717,20.46,21.207,22.7345,23.400333333333336,25.251333333333335,35.15108333333333,45.51952,20.46,21.207,22.7345,23.400333333333336,25.251333333333335,35.15108333333333,45.51952,21.48550385597356,22.735448996647698,43.18181818181816,20.83333333333333,34.76088508208423,-1.2499451406741393,-1.087849742713759,-0.3241907959207606,-1.2499451406741393,-1.0389247784171056,-0.4220407245140674,26.449672164293325,22.7345,19.019327835706676,16.36647078031917,9.124718850875439,30.84997463920663,13.36467444939671,8.064151650050647,23.965720048088833,0.8998075164497038,-89.98417363780239,-70.55961070559609,0.030791788856304934,-0.005517046258310976,-0.07233499747080431,-0.09873078731072217,-0.16479657839850048,-0.40001849160647013,-0.5366822848747087,158.5517848084111
2024-08-30,21.12,22.7,20.94,22.2,5831964,128669929.93,4.0435,5.2632,20.774,21.137,22.538,23.361666666666668,25.075333333333337,34.89608333333333,45.4164,20.774,21.137,22.538,23.361666666666668,25.075333333333337,34.89608333333333,45.4164,21.595426339669935,22.69578610800713,73.04964539007096,40.39215686274509,39.269102990033225,-1.1003597683371957,-1.0903517478384464,-0.020016040997498763,-1.1003597683371957,-1.0483763153278887,-0.10396690601861414,25.89550283141671,22.538,19.18049716858329,36.86176351797564,18.370400406575506,73.8444897407759,33.382356805926925,16.503553368676073,67.13996368042864,1.0562061498224846,-32.46504716662539,-26.58227848101265,0.0686434966785404,0.05029095898188006,-0.014996894134350916,-0.0497253335235786,-0.11466780102624106,-0.3638254531907831,-0.5111897904721643,167.0182570115092
2024-09-02,22.19,22.28,20.77,20.77,4048445,86441484.51,2.8069,-6.4414,20.868,20.947,22.3715,23.226333333333333,24.896166666666666,34.6205,45.30548,20.868,20.947,22.3715,23.226333333333333,24.896166666666666,34.6205,45.30548,21.468437672028404,22.553135285191786,51.75879396984925,31.83925811437402,35.54878048780486,-1.0846976131633816,-1.0892209209034336,0.009046615480103881,-1.0846976131633816,-1.05396420730258,-0.06146681172160351,25.73312413751424,22.3715,19.009875862485764,35.09460357463152,23.945134795927512,57.39354113203954,32.21016180797814,21.739089515110095,53.15230639371423,1.138714122582033,-56.18395076065506,-70.13422818791945,-0.004696185547249329,-0.0084498973600038,-0.0715866169009678,-0.10575639719284145,-0.16573501944743835,-0.4000664346268829,-0.5415565622525135,51.38486511501073
2024-09-03,20.78,21.39,20.76,21.33,3307071,69959452.18,2.2929,2.6962,21.105999999999998,20.889000000000003,22.2105,23.15533333333333,24.694833333333335,34.3475,45.2036,21.105999999999998,20.889000000000003,22.2105,23.15533333333333,24.694833333333335,34.3475,45.2036,21.447139568639418,22.462532671473873,62.23277909738716,38.47283406754772,35.97819503331313,-1.0153931028344552,-1.074455357289638,0.11812450891036574,-1.0153931028344552,-1.0480301912305607,0.06527417679221115,25.438596881058103,22.2105,18.982403118941896,40.53588228852502,29.475383960126685,62.65687894532171,38.612921110756105,27.3637000469921,61.11136323828411,1.0462206457489358,-55.67624104915917,-48.58156028368798,0.010613095802141582,0.021111589831968754,-0.039643411899777194,-0.07882993118935881,-0.13625657188750698,-0.3789941043744086,-0.5281349273066748,130.47989217498878
2024-09-04,21.33,22.16,21.05,21.65,3957900,85894632.77,2.7441,1.5002,21.407999999999998,20.915,21.9935,23.107666666666667,24.517500000000002,34.06225,45.09904,21.407999999999998,20.915,21.9935,23.107666666666667,24.517500000000002,34.06225,45.09904,21.478348865771817,22.402345066179514,67.27688787185353,42.60869565217389,31.674208144796367,-0.9239962004076965,-1.0443635259132498,0.24073465101110658,-0.9239962004076965,-1.028948038796274,0.20990367677715493,24.691868122797242,21.9935,19.29513187720276,47.94590734128618,35.63222508717985,72.57327184949884,46.663933222773565,33.79711110558593,72.39757745714886,1.057816891976402,-26.566374454983574,-37.23404255319151,0.011304185351270596,0.03514224240975374,-0.015618250846841219,-0.06308151695685421,-0.11695727541551965,-0.36439900476333775,-0.5199454356456369,116.05676276941203
2024-09-05,21.62,22.7,21.45,22.12,4725228,104763666.12,3.2761,2.1709,21.613999999999997,21.037,21.8865,23.078,24.332833333333333,33.76508333333333,45.00304,21.613999999999997,21.037,21.8865,23.078,24.332833333333333,33.76508333333333,45.00304,21.577064424883847,22.381430616832883,70.45454545454545,51.58850226928896,36.40677966101695,-0.8043661919490361,-0.9963640591204072,0.38399573434274203,-0.8043661919490361,-0.9943969854351604,0.38006158697224857,24.36740200061479,21.8865,19.405597999385215,58.441479598682534,43.23530992434741,88.85381894735279,57.58683018634079,41.72701746583755,89.30645562734728,1.0927592752534196,8.006742520016985,-20.56737588652476,0.02341075229018247,0.05148072443789523,0.01066867703835695,-0.04151139613484697,-0.09094022479913967,-0.3448853722163674,-0.5084776495098997,123.9573318051985
2024-09-06,22.2,22.31,21.0,21.12,3209143,68464273.19,2.225,-4.5208,21.398,21.086,21.7495,22.936666666666667,24.14716666666667,33.458333333333336,44.9088,21.398,21.086,21.7495,22.936666666666667,24.14716666666667,33.458333333333336,44.9088,21.506746821055565,22.287991311882298,50.30674846625768,48.09590973201693,39.1399416909621,-0.7812444908267331,-0.9533401454616723,0.3441913092698785,-0.7812444908267331,-0.9616042939569408,0.36071960626041544,24.068896246263357,21.7495,19.430103753736645,53.61819680101297,46.69627221656927,67.46204596990037,53.048430526118466,45.50082181926452,68.14364793982635,1.1322575888437068,-24.610221631825244,-56.02836879432618,-0.012991868398915725,0.0016124442758229383,-0.028943194096416016,-0.07920360412730706,-0.1253632241187718,-0.36876712328767125,-0.529713552800342,62.963362387879705
2024-09-09,20.97,21.39,20.75,20.87,2790767,58647524.53,1.9349,-1.1837,21.418,21.143,21.609,22.784666666666666,23.951666666666664,33.158833333333334,44.805600000000005,21.418,21.143,21.609,22.784666666666666,23.951666666666664,33.158833333333334,44.805600000000005,21.4087857716624,22.182954918409536,33.49875930521094,49.781021897810234,36.390532544378694,-0.7741691467471341,-0.9175059457187648,0.2866735979432613,-0.7741691467471341,-0.9327681174631244,0.31719794143198055,23.771113001531344,21.609,19.44688699846866,47.44759219358315,46.94671220890723,48.449352162934986,47.067748010320145,46.0231305496164,49.15698293172764,1.042756209053942,-52.66949795237353,-64.89361702127653,-0.025585955738164082,-0.012912074918412697,-0.03419871349900508,-0.0840331216900254,-0.12866188852550262,-0.37060511779163924,-0.5342100094631028,88.77391070808632
2024-09-10,20.72,21.24,20.24,20.96,2684811,55503910.13,1.8615,0.4312,21.344,21.225,21.4695,22.633,23.749166666666667,32.854166666666664,44.68504,21.344,21.225,21.4695,22.633,23.749166666666667,32.854166666666664,44.68504,21.33974180679126,22.092365665194013,53.531598513011176,52.47376311844079,29.334428923582593,-0.7526238584027531,-0.8845295282555625,0.26381133970561876,-0.7526238584027531,-0.9050536160692211,0.30485951533293587,23.397307317250167,21.4695,19.541692682749833,44.39768557586397,46.097036664559475,40.99898339847296,44.144456120355294,45.396905739862696,41.63955688134048,1.034982352862316,-62.258768249706414,-61.7021276595744,-0.01799100449775114,-0.012485276796230885,-0.023731339807634047,-0.07391861441258332,-0.11744271728832589,-0.3620291693088141,-0.5309392136607688,104.39706579329999
2024-09-11,20.83,21.03,20.61,20.9,2470810,51421734.37,1.7131,-0.2863,21.194,21.301,21.3555,22.464333333333336,23.557999999999996,32.53333333333333,44.56384,21.194,21.301,21.3555,22.464333333333336,23.557999999999996,32.53333333333333,44.56384,21.272089221131065,22.004042282587047,40.182648401826505,54.68749999999998,34.0,-0.7319530614559824,-0.8540142348956465,0.24412234687932832,-0.7319530614559824,-0.8784227615133382,0.29293940011471165,23.1201645722185,21.3555,19.5908354277815,38.54154648147029,43.57853993686308,28.467559570684713,41.48637500222267,44.09339549398269,36.27233401870264,0.9231673796146225,-54.03233905794914,-63.82978723404257,-0.013871850523733156,-0.01882540725787521,-0.02132939992039525,-0.0696363123766565,-0.11282791408438739,-0.35758196721311475,-0.5310098950180236,97.17399953304238
2024-09-12,21.0,21.27,20.42,20.43,2363344,49059931.65,1.6386,-2.2488,20.856,21.235,21.221,22.234666666666666,23.36483333333333,32.207750000000004,44.44356,20.856,21.235,21.221,22.234666666666666,23.36483333333333,32.207750000000004,44.44356,21.142537033264745,21.88744655795097,23.931623931624003,52.16095380029805,33.7748344370861,-0.744909524686225,-0.8321932928537623,0.1745675363350747,-0.744909524686225,-0.8578822635399361,0.22594547770742235,22.821853719547875,21.221,19.620146280452126,28.268890066237663,38.475323313321276,7.856023572070441,30.232109080072586,39.472966689345995,11.750393861525765,0.9098642196846907,-62.10773156769412,-92.27642276422759,-0.02042577675489077,-0.03790911231457498,-0.03727439800197919,-0.08116454785320218,-0.12560899927954391,-0.36568062034758725,-0.5403158522854604,79.65642388973232
2024-09-13,20.47,20.6,19.66,19.67,3166119,63160849.17,2.1952,-3.72,20.566000000000003,20.982,21.0595,22.019333333333336,23.18433333333333,31.880999999999997,44.32128,20.566000000000003,20.982,21.0595,22.019333333333336,23.18433333333333,31.880999999999997,44.32128,20.915992874300937,21.723191257362007,3.4220532319391594,46.85408299866132,32.01793721973095,-0.8071983830610705,-0.827194310895224,0.039991855668306986,-0.8071983830610705,-0.8500847434662645,0.085772720810388,22.597639340693817,21.0595,19.521360659306183,18.955575833632146,31.96874082009157,-7.070754139286699,20.264388509522096,33.07010729607136,-5.347049063576435,0.9153434524692925,-133.73436455647854,-99.67105263157889,-0.04356705241660997,-0.06252978743685052,-0.0659797241150074,-0.10669411729086561,-0.1515822466320646,-0.38301809855399754,-0.5561951279385433,68.44786918247631
2024-09-18,19.71,19.9,19.04,19.43,2248514,43493674.63,1.559,-1.2201,20.278,20.848000000000003,20.8975,21.863666666666667,23.04216666666667,31.56791666666667,44.18816,20.278,20.848000000000003,20.8975,21.863666666666667,23.04216666666667,31.56791666666667,44.18816,20.687378585946945,21.553325238298154,4.812834224598916,37.72189349112426,30.918727915194353,-0.8659466523512087,-0.834944779186421,-0.062003746329575504,-0.8659466523512087,-0.8525250371408714,-0.026843230420674713,22.40359813052078,20.8975,19.39140186947922,16.18896312406078,26.708814921414643,-4.85074047064694,17.061504907987416,27.733906500043382,-4.283298276124512,0.9052810065657846,-177.08091366627926,-89.34426229508196,-0.041818719794851515,-0.0680161166538758,-0.0702237109702118,-0.11131100303395286,-0.15676332520813305,-0.3845016696804509,-0.5602894531023696,88.44726474958071
2024-09-19,19.84,20.55,19.28,20.05,3193576,63769169.21,2.2142,3.1909,20.096,20.72,20.804499999999997,21.71366666666667,22.929666666666666,31.301666666666666,44.057159999999996,20.096,20.72,20.804499999999997,21.71366666666667,22.929666666666666,31.301666666666666,44.057159999999996,20.58932034195511,21.44196781323903,31.696428571428584,32.85486443381183,36.23570800351804,-0.8526474712839232,-0.8384853176059215,-0.02832430735600333,-0.8526474712839232,-0.8525438731628793,-0.00020719624208775933,22.276676691276215,20.804499999999997,19.33232330872378,19.991184887807385,24.469604910212226,11.034344842997704,20.57287941042514,25.34689747017064,11.024843290934143,0.9715935508265509,-109.6700247330642,-72.40437158469942,-0.002289012738853472,-0.03233590733590725,-0.03626619241029569,-0.07661841236701927,-0.12558693977234728,-0.35945902774080185,-0.5449093858977746,136.9038821729709
2024-09-20,20.07,20.54,19.52,19.85,2796897,55739541.01,1.9392,-0.9975,19.886000000000003,20.54,20.7275,21.509,22.808833333333332,31.063750000000002,43.924440000000004,19.886000000000003,20.54,20.7275,21.509,22.808833333333332,31.063750000000002,43.924440000000004,20.47557875088509,21.324044271517625,26.382978723404293,40.873015873015895,35.79496090356213,-0.8484655206325336,-0.8404813582112439,-0.015968324842579262,-0.8484655206325336,-0.8519164343120569,0.006901827359046653,22.231485932122066,20.7275,19.223514067877932,21.58433732581657,23.50784904874701,17.7373138799557,21.09230212061132,23.928699020317534,15.419508321198883,0.9803947234035415,-98.56209150326772,-77.86885245901634,-0.001810318817258441,-0.03359298928919171,-0.04233506211554687,-0.07713050351015849,-0.12972313358128784,-0.36099150939600017,-0.5480875794887766,90.46099106208607
2024-09-23,19.87,20.09,19.45,19.46,2870644,56494060.58,1.9903,-1.9647,19.692,20.274,20.6555,21.349,22.702166666666667,30.844083333333337,43.772560000000006,19.692,20.274,20.6555,21.349,22.702166666666667,30.844083333333337,43.772560000000006,20.31933586613354,21.185966918071877,23.134328358209004,30.80082135523618,35.27397260273973,-0.866631051938338,-0.8457112969566628,-0.041839509963350396,-0.866631051938338,-0.8541802216391771,-0.024901660598321884,22.25927810508086,20.6555,19.05172189491914,20.347005025721707,22.454234374405242,16.132546328354636,18.342880312823468,22.066759451152848,10.895122036164707,0.9185047736938067,-119.53497236516088,-87.15596330275224,-0.011781434084907541,-0.04014994574331657,-0.05787804700927109,-0.08848189610754599,-0.14281309419805743,-0.369084832585396,-0.5554292460847619,82.00177408676669
2024-09-24,19.73,20.5,19.25,20.5,6322621,126523905.29,4.3837,5.3443,19.857999999999997,20.212,20.649,21.237000000000002,22.608833333333333,30.598250000000004,43.63796,19.857999999999997,20.212,20.649,21.237000000000002,22.608833333333333,30.598250000000004,43.63796,20.34713034826684,21.135154553770256,51.07692307692308,39.71377459749554,41.31305044035228,-0.7880242055034152,-0.8341738786660133,0.09229934632519621,-0.7880242055034152,-0.844002373002906,0.11195633499898161,22.254266332983544,20.649,19.043733667016458,35.38828735646022,26.76558536842357,52.63369133253352,32.93780673337167,25.690441878559124,47.43253644299677,0.9787766330222054,-65.18413931050752,-37.87234042553192,0.03232953973209805,0.014248961013259462,-0.0072158458036709235,-0.03470358336864914,-0.09327475249349443,-0.3300270440302959,-0.5302255192497541,168.31012837261903
2024-09-25,20.77,21.19,20.41,20.48,5455179,113293633.3,3.7822,-0.0976,20.068,20.173000000000002,20.658,21.130333333333333,22.5295,30.341083333333334,43.509080000000004,20.068,20.173000000000002,20.658,21.130333333333333,22.5295,30.341083333333334,43.509080000000004,20.367571833148865,21.086624586824314,66.13545816733064,34.04669260700389,43.91489361702128,-0.7190527536754487,-0.8111496536679005,0.18419379998490348,-0.7190527536754487,-0.8247793546448356,0.21145320193877382,22.25703391880681,20.658,19.058966081193194,45.11685524810353,32.88267532831689,69.5852150876768,43.48320149937784,31.621361752165363,67.20688099380278,0.9426354270181683,0.3479088844940901,-35.42600896860982,0.020530197329081075,0.015218361175829007,-0.008616516603737091,-0.03077723967124666,-0.09096961761246358,-0.3250076216790765,-0.5292936554852459,99.02866228449508
2024-09-26,20.55,21.74,20.24,21.71,5817046,122612995.5,4.0331,6.0059,20.4,20.247999999999998,20.7365,21.062333333333335,22.48,30.08375,43.3902,20.4,20.247999999999998,20.7365,21.062333333333335,22.48,30.08375,43.3902,20.574099243433654,21.13280054335585,82.57142857142858,55.493482309124765,51.28410914927769,-0.5587012999221947,-0.7606599829187594,0.4039173659931292,-0.5587012999221947,-0.7838442693028909,0.4502859387613922,22.381937391801,20.7365,19.091062608199,63.040866461698684,42.93540570611083,103.25178797287441,61.95176396254822,41.731495822292985,102.39230024305868,1.0439744402875921,53.83480825958716,-1.111111111111022,0.06421568627450992,0.07220466218885833,0.046946205965326906,0.03074999604348992,-0.03425266903914589,-0.27834794531931684,-0.4996566044867274,179.18378718986347
2024-09-27,22.1,23.48,22.02,23.34,4615557,104745976.05,3.2001,7.5081,21.098,20.491999999999997,20.8965,21.067666666666664,22.468666666666664,29.846333333333334,43.28,21.098,20.491999999999997,20.8965,21.067666666666664,22.468666666666664,29.846333333333334,43.28,20.99962243675155,21.296296799403564,86.47450110864746,68.29629629629629,58.97058823529412,-0.29667436265201275,-0.6678628588654101,0.7423769924267947,-0.29667436265201275,-0.7088950528950635,0.8244413804861015,22.88440315337021,20.8965,18.908596846629788,74.3095265900814,53.39344600076769,116.14168776870882,73.58345825731442,52.3488166339668,116.05274150400966,1.1759790875080298,202.1606449296649,-3.1531531531531654,0.10626599677694573,0.13898106578176864,0.11693345775608356,0.10785880417068823,0.038779930569979054,-0.21799439350450645,-0.46072088724584104,206.25775317714704
2024-09-30,24.98,27.85,24.01,27.64,14154367,369122278.99,9.8136,18.4233,22.734,21.213,21.224,21.21833333333333,22.533666666666665,29.6385,43.19272,22.734,21.213,21.224,21.21833333333333,22.533666666666665,29.6385,43.19272,22.02121898494362,21.766200740188488,95.23809523809524,80.47445255474452,69.88088485536018,0.25501824475513146,-0.4832866381413018,1.4766097657928665,0.25501824475513146,-0.5606006994104181,1.6312378883310992,24.838680010562303,21.224,17.609319989437697,82.07846608086396,62.955119360799785,120.32515952099232,81.59442052568596,62.09735126453985,120.58855904797818,1.7821647079611154,365.67625060042553,-2.383654937570951,0.21580012316354352,0.30297459105265634,0.30229928382962684,0.3026470819260076,0.22660907383026888,-0.06742918838672672,-0.3600773463676286,542.4651840010977
2024-10-08,33.17,33.17,29.78,33.17,15892645,508421100.76,11.0188,20.0072,25.268,22.563,21.7725,21.56066666666667,22.69483333333333,29.507416666666664,43.12876,25.268,22.563,21.7725,21.56066666666667,22.69483333333333,29.507416666666664,43.12876,23.73641606418306,22.610926611285635,99.85454545454546,87.34023128423617,78.18659658344284,1.1254894528974262,-0.1615314199335562,2.574041745661965,1.1254894528974262,-0.3012022144399805,2.853383334674813,28.22557556211288,21.7725,15.319424437887122,88.05231072057597,71.32084981405852,121.51523253361088,87.72961368379065,70.64143873762345,121.90596357612503,2.46358930651364,409.4794094794093,-0.0,0.31272756055089446,0.4701059256304571,0.5234814559650935,0.5384496459602361,0.46156614207345303,0.12412416087480846,-0.23090763564730352,619.5470995961703
2024-10-09,31.17,36.94,30.81,32.45,20286561,674464702.52,14.0653,-2.1706,27.662,23.865,22.3565,21.886666666666663,22.858333333333334,29.369583333333335,43.06379999999999,27.662,23.865,22.3565,21.886666666666663,22.858333333333334,29.369583333333335,43.06379999999999,25.07696743892413,23.339746862301514,94.48994787788534,86.03117505995205,76.31466438648995,1.7372205766226152,0.21821897937767812,3.038003194489874,1.7372205766226152,0.012401291877341902,3.4496385694905465,30.35627966800681,22.3565,14.356720331993191,83.57434997727489,75.40534986846399,99.9123501948967,83.35921861941802,74.88069869822164,100.31625846181078,3.1302094326020686,287.74781303380087,-25.381571509327276,0.1730894367724678,0.3597318248481041,0.45147943551092534,0.4826378312519041,0.41961356179365666,0.10488458864755208,-0.24646687008577953,80.29570141088375
2024-10-10,33.52,33.78,30.2,30.39,11613027,365677249.51,8.0516,-6.3482,29.398000000000003,24.899,22.8095,22.16933333333333,22.986666666666668,29.231583333333333,42.994159999999994,29.398000000000003,24.899,22.8095,22.16933333333333,22.986666666666668,29.231583333333333,42.994159999999994,25.894357063705034,23.861987835464365,82.02973497091143,79.81090100111234,70.13752455795678,2.0323692282406682,0.5810490291502761,2.9026403981807842,2.0323692282406682,0.32316558977939214,3.418407276922552,31.555777343432162,22.8095,14.063222656567836,76.70737709055939,75.83935894249579,78.44341338668659,76.56395618532147,75.44178452725492,78.80829950145457,3.211989535765329,178.41071995742246,-37.02656868287167,0.03374379209470023,0.22053094501787218,0.3323395953440453,0.3708125338305168,0.32207076566125287,0.039628940158903496,-0.29315981519350526,51.899119451427964
2024-10-11,30.0,30.4,26.8,27.2,10146675,287257235.23,7.035,-10.4969,30.169999999999998,25.634000000000004,23.087,22.363,23.060166666666667,29.07408333333333,42.91536,30.169999999999998,25.634000000000004,23.087,22.363,23.060166666666667,29.07408333333333,42.91536,26.095225207750413,24.109247995800338,65.74870912220308,68.56187290969899,61.032863849765256,1.9859772119500754,0.862034665710236,2.2478850924796787,1.9859772119500754,0.5789827624210357,2.8139888990580793,32.02838126617932,23.087,14.145618733820676,66.11846620433374,72.59906136310845,53.15727588678433,66.02285226750845,72.30214044067277,53.46427592117982,3.282536892898905,93.00634942731432,-55.059355568117574,-0.09844216108717266,0.061090738862448125,0.1781522068696669,0.2162947726154809,0.1795231315182746,-0.06445889666914112,-0.36619429500300127,32.98997903420515
2024-10-14,27.69,29.49,27.43,29.35,9901692,282711370.58,6.8651,7.9044,30.512,26.623,23.448500000000003,22.64466666666667,23.165166666666668,28.942,42.846520000000005,30.512,26.623,23.448500000000003,22.64466666666667,23.165166666666668,28.942,42.846520000000005,26.595959791173428,24.497451847963276,66.74094707520891,70.70347284060551,62.443438914027155,2.0985079432101514,1.109329321210219,1.9783572439998647,2.0985079432101514,0.8127558671578228,2.5715041521046573,32.8004584776792,23.448500000000003,14.096541522320807,62.262610204086776,69.15357764343456,48.48067532539122,63.046702717626715,69.21699453299075,50.70611908689864,3.102075639644558,89.3486719199922,-42.905596382136785,-0.03808337703198738,0.10243022950080757,0.25167921188988623,0.2961109311979273,0.26698851004741314,0.014097159836915252,-0.3149968772259685,213.98927901574382
2024-10-15,29.0,30.0,28.51,28.72,7793162,227568328.27,5.4032,-2.1465,29.622000000000003,27.445,23.8285,22.914333333333335,23.273000000000003,28.822,42.775,29.622000000000003,27.445,23.8285,22.914333333333335,23.273000000000003,28.822,42.775,26.922735207915977,24.810233192558588,53.781512605042,69.37527304499781,64.23200859291084,2.1125020153573892,1.309963860039653,1.6050763106354724,2.1125020153573892,1.0127168130346793,2.19957040464542,33.39719517584484,23.8285,14.259804824155157,58.43455450731534,65.58056993139482,44.14252365915638,58.95728284967531,65.79709063855228,45.27766727192136,2.8089709778910015,82.18497827436379,-49.22155688622754,-0.03045034096279807,0.04645654946256143,0.20527939232431755,0.2533639788778492,0.2340480384995486,-0.0035389632919297868,-0.32857977790765636,80.49396116664916
2024-10-16,28.44,29.5,28.01,29.17,7160649,207756783.89,4.9647,1.5669,28.966,28.314,24.2435,23.209999999999997,23.3895,28.72725,42.70952,28.966,28.314,24.2435,23.209999999999997,23.3895,28.72725,42.70952,27.26846825285198,25.133178881998695,28.26086956521742,71.15468409586056,64.09058231488137,2.135289370853286,1.4750289622023798,1.3205208173018126,2.135289370853286,1.1854202834683112,1.8997381747699498,33.99023013994276,24.2435,14.496769860057242,54.93045367511819,62.03053117930261,40.73029866674932,57.12920653052207,62.90779593587555,45.5720277198151,2.56915807281991,69.9929451674397,-46.52694610778441,0.0070427397638610995,0.030232393868757562,0.20320910759585045,0.256785868160276,0.2471408110476923,0.015412195737496633,-0.3170140989643526,116.82073531085064
2024-10-17,29.22,32.18,29.22,30.63,10197933,312606629.14,7.0705,5.0051,29.014,29.206,24.727,23.559666666666665,23.529999999999998,28.631833333333336,42.64904,29.014,29.206,24.727,23.559666666666665,23.529999999999998,28.631833333333336,42.64904,27.785626983182446,25.54035081666546,40.8450704225352,71.67308515190413,65.50414364640883,2.2452761665169874,1.6290784030653014,1.232395526903372,2.2452761665169874,1.3484750347065693,1.7936022636208362,34.74356123363628,24.727,14.710438766363723,53.68655663930282,59.24920633263602,42.56125725263644,57.32206261999059,61.04588483058057,49.87441819881063,2.6493111504890168,85.4937750794944,-42.292225201072384,0.055697249603639615,0.048757104704512756,0.2387268977231366,0.3001032838608357,0.3017424564385891,0.06978828925845926,-0.2818126738608888,162.9692537377525
2024-10-18,30.05,34.99,30.05,33.78,14918613,492587340.69,10.3435,10.284,30.330000000000002,30.25,25.371000000000002,24.014333333333333,23.723,28.563916666666668,42.590559999999996,30.330000000000002,30.25,25.371000000000002,24.014333333333333,23.723,28.563916666666668,42.590559999999996,28.707838216538992,26.150695200616166,65.36718041704441,75.0943396226415,68.4260429835651,2.5571430159228257,1.8146913256368065,1.4849033805720384,2.5571430159228257,1.5344239548936858,2.04543812205828,35.98966063512853,25.371000000000002,14.752339364871473,58.73646839727356,59.078293687515206,58.05281781679027,63.40161225452326,61.83112730522814,66.5425821531135,3.0658000322182866,104.43263019493516,-24.439288476411427,0.11374876360039561,0.1166942148760331,0.3314414094832682,0.4066599114417779,0.42393457825738745,0.18261092812318572,-0.20686649811601435,266.15000844201904
2024-10-21,34.85,36.58,34.12,35.1,13246618,469937752.97,9.1843,3.9076,31.48,30.996,26.1045,24.481333333333332,23.940833333333334,28.513666666666666,42.539919999999995,31.48,30.996,26.1045,24.481333333333332,23.940833333333334,28.513666666666666,42.539919999999995,29.691247721686842,26.81360666723719,93.12227074235805,75.17863858593455,71.87108886107634,2.8776410544496507,2.0272812713993753,1.7007195661005508,2.8776410544496507,1.7410727394407575,2.2731366300177864,37.297263592693454,26.1045,14.911736407306545,66.44232672901737,61.532971368015936,76.26103745102023,69.5524226338505,64.40489241476892,79.84748307201366,3.017472753633143,121.53741097142169,-18.145956607495037,0.11499364675984755,0.1324041811846691,0.34459575935183584,0.43374543870159593,0.46611437919871906,0.23098864871815863,-0.17489266552452365,146.715065654858
2024-10-22,35.08,36.0,33.88,34.85,8412297,293096321.63,5.8325,-0.7123,32.706,31.163999999999998,26.8635,24.903000000000002,24.132333333333335,28.451749999999997,42.488200000000006,32.706,31.163999999999998,26.8635,24.903000000000002,24.132333333333335,28.451749999999997,42.488200000000006,30.484901918350406,27.40889506225666,87.87878787878785,72.82824276080919,71.87108886107634,3.076006856093745,2.2370263883382493,1.677960935510991,3.076006856093745,1.9464472189258326,2.2591192743358244,38.275678674779115,26.8635,15.451321325220885,71.73183063461418,64.93259112354869,85.33030965674516,72.83113514183066,67.21363999045617,84.06612544457963,2.8542958893362074,106.5635272455224,-20.61143984220904,0.06555372102978041,0.11827749967911705,0.2972993094719602,0.399429787575794,0.44412061273257175,0.22488071911218133,-0.17977226618214007,93.1014960407795
2024-10-23,34.79,38.75,34.4,36.32,14913874,552748227.72,10.3402,4.2181,34.136,31.551,27.708,25.421333333333337,24.323833333333333,28.4035,42.43416,34.136,31.551,27.708,25.421333333333337,24.323833333333333,28.4035,42.43416,31.382609315527265,28.068976909496907,96.91358024691358,69.3923145665773,73.0353929214157,3.313632406030358,2.452347591876671,1.7225696283073741,3.313632406030358,2.156783401557298,2.31369800894612,39.30232274864821,27.708,16.113677251351792,74.37631107858519,68.08049777522753,86.96793768530051,75.10918075006285,69.84548691032506,85.63656842953841,3.1262420912750786,117.37005008036772,-20.3347280334728,0.06397937661120218,0.15115210294443923,0.31081276165728317,0.4287212839609775,0.4931856957853409,0.278715651240164,-0.14408580257038195,151.15780408022636
2024-10-24,35.36,36.01,34.68,34.95,7625459,268007115.87,5.287,-3.772,35.0,32.007,28.453000000000003,25.875333333333334,24.515333333333334,28.328083333333336,42.3742,35.0,32.007,28.453000000000003,25.875333333333334,24.515333333333334,28.328083333333336,42.3742,31.931438651599994,28.57868232360825,82.03991130820401,54.8847420417124,70.27417027417027,3.352756327991745,2.632429339099686,1.4406539777841187,3.352756327991745,2.3407792363933666,2.023954183196757,39.88919020109459,28.453000000000003,17.016809798905413,71.72790585451028,69.29630046832179,76.59111662688727,72.80639944006981,70.83245775357332,76.75428281306279,2.8560162564977913,94.1675557587766,-31.799163179916295,-0.0014285714285713475,0.09194863623582357,0.22834147541559763,0.3507072372658646,0.4256383759823784,0.23375801986838737,-0.17520566759962428,68.07903675584596
2024-10-25,33.99,35.55,33.99,35.21,7588543,264220635.64,5.2614,0.7439,35.286,32.80800000000001,29.220999999999997,26.327333333333335,24.717499999999998,28.259999999999998,42.311519999999994,35.286,32.80800000000001,29.220999999999997,26.327333333333335,24.717499999999998,28.259999999999998,42.311519999999994,32.43583270519999,29.06989104037801,79.28388746803071,57.77027027027026,71.45760743321719,3.3659416648219818,2.7791318042441455,1.1736197211556725,3.3659416648219818,2.498496533074692,1.734890263494579,40.281451879977475,29.220999999999997,18.16054812002252,70.16497261809066,69.58585785157808,71.32320215111582,71.4469046914953,71.03727339954732,72.26616727539127,2.6203769371345556,83.97630083823015,-31.272084805653698,-0.002153828713937553,0.07321385028041921,0.20495534033742874,0.3373933301258514,0.4244968139981796,0.24593064401981612,-0.16783892424568994,107.6932416813405
2024-10-28,35.21,35.49,34.4,34.8,4675198,162651327.19,3.2414,-1.1644,35.226,33.352999999999994,29.988,26.75,24.913999999999998,28.171833333333332,42.26028000000001,35.226,33.352999999999994,29.988,26.75,24.913999999999998,28.171833333333332,42.26028000000001,32.79955075055384,29.494343555905566,60.03937007874011,63.68715083798881,72.19125843355822,3.3052071946482755,2.8843468823249716,0.8417206246466078,3.3052071946482755,2.6226058656244744,1.3652026580476022,40.300658751560654,29.988,19.675341248439345,67.85051557531307,69.00741042615641,65.53672587362638,68.70513695758284,70.25989458555917,65.59562170163017,2.342126584928273,77.02757847649454,-36.77839851024211,-0.012093340146482766,0.043384403202110844,0.16046418567426962,0.3009345794392522,0.39680500923175727,0.23527636942336017,-0.1765317219857514,88.94718104224083
2024-10-29,35.08,36.23,34.71,35.13,7310004,258932389.03,5.0682,0.9483,35.282000000000004,33.99400000000001,30.7195,27.217,25.076833333333337,28.073,42.20716,35.282000000000004,33.99400000000001,30.7195,27.217,25.076833333333337,28.073,42.20716,33.158081404314785,29.91179958880145,50.36674816625918,79.92452830188678,72.96664716208309,3.246281815513335,2.9567338689626443,0.579095893101381,3.246281815513335,2.718556011761222,1.0554516075042253,40.24379685205904,30.7195,21.19520314794096,65.9052405339443,67.97335379541904,61.769014010994795,67.90150036774921,69.47376317962252,64.75697474400258,2.1926490240322223,79.16811562242897,-33.705772811918045,-0.00430814579672357,0.03341766194034228,0.14357330034668542,0.2907374067678291,0.4008945839785724,0.25138032985430847,-0.16767676384765046,109.89781516043733
2024-10-30,35.0,35.47,33.4,33.79,6287816,215474810.84,4.3595,-3.8144,34.776,34.456,31.385,27.64766666666667,25.216166666666666,27.965666666666667,42.15416,34.776,34.456,31.385,27.64766666666667,25.216166666666666,27.965666666666667,42.15416,33.25529964980482,30.199073693334675,39.768339768339764,67.84565916398711,69.68481375358165,3.0562259564701435,2.9766322864641444,0.1591873400119983,3.0562259564701435,2.770505234024133,0.5714414448920211,39.677112929882966,31.385,23.092887070117037,58.26632893833834,64.73767884305882,45.32362912889738,61.25227691533054,66.73326775819186,50.29029522960792,2.170349201480909,54.808726378859994,-52.04616998950682,-0.02835288704853934,-0.019328999303459597,0.07662896288035678,0.22216461907575066,0.340013351223091,0.20826728011728662,-0.19841837673909285,67.77982135207013
2024-10-31,33.83,35.13,33.0,34.78,6293865,216119310.81,4.3637,2.9299,34.742000000000004,34.871,32.0385,28.108333333333334,25.37066666666667,27.862166666666667,42.09664,34.742000000000004,34.871,32.0385,28.108333333333334,25.37066666666667,27.862166666666667,42.09664,33.48986893445023,30.538401567902476,33.61702127659578,73.67187499999999,70.91622303166152,2.951467366547753,2.971599302480866,-0.04026387186622582,2.951467366547753,2.7983455621046898,0.3062436088861267,39.086979567279336,32.0385,24.990020432720662,49.163059871935715,59.54613918601778,28.396901243771566,58.957456640871705,64.14133071908515,48.58970848444483,2.163012983029835,51.23085666427382,-45.63218390804597,0.00109377698462946,-0.002609618307476157,0.0855689248872451,0.2373554699080937,0.3708745007357578,0.24828770196144118,-0.17380579542690341,133.47928109257825
2024-11-01,34.26,34.6,31.66,31.66,7293097,239491354.36,5.0565,-8.9707,34.032,34.659,32.4545,28.467,25.465666666666667,27.703500000000002,42.03868,34.032,34.659,32.4545,28.467,25.465666666666667,27.703500000000002,42.03868,33.2083506368425,30.62148293324303,24.49612403100778,58.04783451842274,65.87714731910462,2.5868677035994736,2.8946529827045877,-0.6155705582102282,2.5868677035994736,2.765810506950041,-0.3578856067011351,38.2037021414268,32.4545,26.705297858573203,32.77537324795715,50.622550539997576,-2.918981336123707,39.304971093914475,55.86254417736159,6.18982492702024,2.337010622478956,3.691409084313033,-100.0,-0.06969910672308406,-0.08652875155082371,-0.024480426443174375,0.11216496293954409,0.24324253570166365,0.1428158896890284,-0.24688406010845249,39.067293800328265
2024-11-04,31.65,34.5,31.51,34.1,6889587,230396738.08,4.7767,7.7069,33.892,34.559000000000005,32.777499999999996,28.922666666666668,25.578666666666667,27.579333333333334,41.98708,33.892,34.559000000000005,32.777499999999996,28.922666666666668,25.578666666666667,27.579333333333334,41.98708,33.34552746194366,30.879150864113917,43.56894553881809,60.547112462006076,67.07684580612757,2.4663765978297434,2.8089977057296194,-0.685242215799752,2.4663765978297434,2.7197437517007645,-0.5067343077420423,38.0976696648685,32.777499999999996,27.457330335131495,33.774742386299245,45.006614488764804,11.310998181368134,38.12780761693746,49.950965323886884,14.481492203038613,2.4557359638464185,16.490862388412005,-64.22651933701657,0.0061371415083205,-0.013281634306548312,0.04034779955762353,0.17900608519269776,0.33314220183486243,0.2364330779085789,-0.18784540387185766,210.10417609482244
2024-11-05,34.0,37.27,33.68,36.65,9468240,340825002.35,6.5646,7.478,34.196,34.739,32.9515,29.488666666666667,25.754,27.47216666666667,41.94636,34.196,34.739,32.9515,29.488666666666667,25.754,27.47216666666667,41.94636,33.85390785241387,31.30662117047585,58.58867223769731,59.053627760252354,69.09090909090908,2.5472866819380187,2.7566555009712994,-0.4187376380665615,2.5472866819380187,2.6932118948141883,-0.2918504257523393,38.54626550468927,32.9515,27.356734495310736,52.261865294569844,47.42503142403315,61.93553303564323,49.08336345733215,49.661764701701976,47.92656096859248,2.6619657886016155,86.70653173873052,-29.005524861878477,0.07176277927242955,0.055010219062149215,0.11224071741802331,0.2428503605905093,0.42307990991690597,0.33407752088477405,-0.12626506805358081,205.68186418138424
2024-11-06,37.0,38.1,36.5,37.24,8737378,326709191.24,6.0579,1.6098,34.886,34.831,33.190999999999995,30.082333333333334,25.973000000000003,27.383,41.907199999999996,34.886,34.831,33.190999999999995,30.082333333333334,25.973000000000003,27.383,41.907199999999996,34.37484510588866,31.746130713403563,59.56482320942882,57.076719576719576,68.61663869575641,2.6287143924850973,2.7310672792740593,-0.20470577357792408,2.6287143924850973,2.6832892021481745,-0.1091496193261543,39.096825491552536,33.190999999999995,27.28517450844745,63.824551572201855,52.89153814008939,85.69057843642678,61.70555034737673,53.6763599169269,77.76393120827638,2.468881099764958,115.82899231018754,-13.050075872534133,0.06747692484091036,0.06916252763342995,0.12199090114790176,0.23793588706549804,0.43379663496708115,0.35996786327283364,-0.11136988393402553,117.31591529854018
2024-11-07,36.93,40.8,36.61,38.6,9722269,373584572.73,6.7407,3.652,35.65,35.196000000000005,33.6015,30.700666666666667,26.20716666666667,27.324416666666664,41.86024,35.65,35.196000000000005,33.6015,30.700666666666667,26.20716666666667,27.324416666666664,41.86024,35.02486893575194,32.25382473463293,71.76470588235294,61.55268022181145,68.41216216216216,2.771044201119011,2.7390626636430495,0.0639630749519231,2.771044201119011,2.6967899712206105,0.14850845979680116,39.82058192580146,33.6015,27.382418074198544,67.98924177292827,57.92410601770235,88.1195132833801,66.57657428971152,57.97643137452177,83.776860120091,2.7818118088986012,139.4704546287137,-23.68137782561891,0.08274894810659195,0.09671553585634719,0.1487582399595256,0.25730168725977726,0.47287955584668306,0.4126559578887017,-0.07788392995357878,143.14504638900095
2024-11-08,39.16,42.57,39.16,40.78,11589559,477912455.44,8.0354,5.6477,37.474000000000004,35.753,34.2805,31.398333333333333,26.453666666666667,27.286,41.815760000000004,37.474000000000004,35.753,34.2805,31.398333333333333,26.453666666666667,27.286,41.815760000000004,35.910273714867024,32.885393272808265,74.50980392156862,63.16410861865407,66.7090539165819,3.024880442058759,2.7962262193261918,0.4573084454651344,3.024880442058759,2.7472654282726334,0.555230027572251,40.522066857924116,34.2805,28.03893314207589,73.2646783609757,63.03763013212681,93.71877481867347,72.3229000388312,62.75858759595825,91.45152492457709,2.9978460254624917,189.39654513490802,-16.18444846292947,0.08822116667556164,0.14060358571308704,0.1895975846326628,0.2987950528159669,0.5415632363503484,0.4945393241955581,-0.024769608396451558,173.22045207714967
2024-11-11,41.36,43.0,40.01,41.79,9717752,405165163.39,6.7376,2.4767,39.012,36.452000000000005,34.9025,32.14266666666666,26.745833333333334,27.257833333333334,41.76468,39.012,36.452000000000005,34.9025,32.14266666666666,26.745833333333334,27.257833333333334,41.76468,36.81484698950287,33.54499377111876,100.0,70.627261761158,62.38505747126435,3.2698532183841067,2.8909516191377747,0.7578031984926641,3.2698532183841067,2.827663549828245,0.8843793371117235,41.54196058365721,34.9025,28.263039416342796,78.66615343009056,68.24713789811473,99.50418449404222,78.03830121532755,67.85182546908135,98.41125270781995,2.9964194753784024,196.32471650035987,-10.53089643167973,0.07120885881267298,0.14643915285855352,0.19733543442446802,0.30014103787281715,0.5624863685932388,0.5331372632943434,0.0006062538968334171,127.71782000125982
2024-11-12,41.71,42.34,38.94,39.49,8563869,344809860.34,5.9376,-5.5037,39.58,36.888,35.441,32.775666666666666,27.00633333333333,27.32625,41.69904,39.58,36.888,35.441,32.775666666666666,27.00633333333333,27.32625,41.69904,37.226408991117815,33.98536460288774,76.976976976977,61.493018259935546,59.675645959318295,3.2410443882300726,2.9609701729562343,0.5601484305476765,3.2410443882300726,2.891260601890065,0.6995675726800155,41.705583490993064,35.441,29.176416509006945,75.59466799603949,70.69631459742298,85.39137479327249,75.17609985286416,70.29325026367562,84.94179903124123,3.06979775258233,139.96650547729706,-30.54830287206265,-0.002273875694795258,0.07053784428540458,0.11424621201433366,0.2048572619931454,0.46224959577383107,0.44513059786835,-0.052975799922492094,56.773755868072584
2024-11-13,39.22,40.28,38.28,39.93,5440885,213786446.96,3.7723,1.1142,40.11800000000001,37.501999999999995,35.979,33.424,27.27716666666667,27.391583333333337,41.642,40.11800000000001,37.501999999999995,35.979,33.424,27.27716666666667,27.391583333333337,41.642,37.64234606940738,34.425707965636796,70.81218274111677,63.753351206434324,63.722669735327955,3.2166381037705847,3.012103759119104,0.4090686893029609,3.2166381037705847,2.941318679102453,0.5506388493362637,41.8090596728771,35.979,30.148940327122897,74.8234833347545,72.07203750986682,80.32637498452988,74.54443790597094,71.7103128111074,80.21268809569801,2.8752890702946337,102.91556926599061,-26.7188859878155,-0.004686175781444974,0.06474321369526971,0.10981405820061704,0.19465055050263286,0.46386171584292096,0.45774705733817245,-0.04111233850439468,111.71764303191871
2024-11-14,39.87,40.32,37.18,37.8,8617204,331418458.19,5.9746,-5.3343,39.958,37.803999999999995,36.3375,33.96033333333333,27.511333333333333,27.434333333333335,41.58916000000001,39.958,37.803999999999995,36.3375,33.96033333333333,27.511333333333333,27.434333333333335,41.58916000000001,37.666600520267785,34.675655523737774,52.97239915074308,56.52811735941319,65.72700296735904,2.9909449965300112,3.007872006601286,-0.03385402014254968,2.9909449965300112,2.948953497168231,0.08398299872356052,41.64061477488694,36.3375,31.034385225113056,68.13007389128686,70.75804963700683,62.8741223998469,67.94404360543115,70.45488974254866,62.922351331196126,2.9234183302410637,62.39838006603404,-45.256744995648425,-0.05400670704239455,-0.00010580890911008845,0.040247678018575817,0.11306327970867973,0.37397920856858985,0.3778355588496165,-0.09110931790880145,57.799608453368435
2024-11-15,37.8,37.96,35.0,35.3,7727799,280944945.03,5.3579,-6.6138,38.862,38.168,36.4135,34.359,27.71333333333333,27.45975,41.51584,38.862,38.168,36.4135,34.359,27.71333333333333,27.45975,41.51584,37.30250813253428,34.72190326272016,34.37499999999997,53.49375289217955,58.73715124816445,2.580604869814117,2.9224185792438524,-0.6836274188594711,2.580604869814117,2.89228447757529,-0.6233592155223464,41.60467581243636,36.4135,31.222324187563636,51.21404067716691,64.24337998372687,25.15536206404701,56.29109724551226,65.73362557686987,37.40604058279703,2.9300695429245067,-13.274277851288955,-67.01479547432554,-0.091657660439504,-0.07514147977363242,-0.03057931811004166,0.027387292994557333,0.27375511185951407,0.28551789437267266,-0.14972213015562255,50.44626947775812
2024-11-18,35.4,36.82,33.8,35.9,7174468,253354492.01,4.9743,1.6997,37.684,38.348,36.4535,34.63433333333333,27.926333333333336,27.489833333333333,41.43504,37.684,38.348,36.4535,34.63433333333333,27.926333333333336,27.489833333333333,41.43504,37.086737650605926,34.80916968770385,22.828507795100194,52.63901979264844,60.552616108171655,2.2775679629020757,2.793448455975497,-1.0317609861468426,2.2775679629020757,2.797712706087103,-1.040289486370055,41.61430073344837,36.4535,31.292699266551626,41.75138943695186,56.74604980146854,11.762068707918516,45.46731232676497,58.978187826834905,18.44556132662511,2.9464205351200516,-32.165254630550294,-76.18025751072963,-0.04734104659802566,-0.06383644518618964,-0.015183727214122093,0.036543699411951576,0.2855250122345694,0.3059373465341732,-0.13358355633299743,118.35794931310397
2024-11-19,36.27,38.1,36.01,37.85,6412959,238877222.58,4.4463,5.4318,37.355999999999995,38.468,36.603500000000004,34.790333333333336,28.1755,27.545666666666666,41.36012,37.355999999999995,38.468,36.603500000000004,34.790333333333336,28.1755,27.545666666666666,41.36012,37.204162627435785,35.03441637750357,30.14112903225808,65.43640897755611,62.218468468468465,2.169746249932217,2.6687080147668416,-0.997923529669249,2.169746249932217,2.7011024820632747,-1.0627124642621153,41.74240946856928,36.603500000000004,31.464590531430726,42.50817266811285,52.00009075701665,23.524336490305245,44.985454594654925,54.31394341610825,26.32847695174827,2.81070771055277,21.87018984094415,-55.97826086956519,0.013224113930827898,-0.01606530102942711,0.03405412050760166,0.08794588535129484,0.3433656900498661,0.37408182775270166,-0.08486725860563268,169.71270381701765
2024-11-20,38.36,39.5,37.8,38.46,6620025,255499849.82,4.5899,1.6116,37.062,38.589999999999996,36.7105,34.99066666666667,28.438666666666666,27.616416666666666,41.29304,37.062,38.589999999999996,36.7105,34.99066666666667,28.438666666666666,27.616416666666666,41.29304,37.39736837706105,35.2881633125033,43.74240583232078,61.9648737650933,61.292183443899624,2.1092050645577487,2.556807424725023,-0.895204720334549,2.1092050645577487,2.6100413409085785,-1.0016725527016597,41.91327446225555,36.7105,31.507725537744456,45.2228397497564,49.74100708792991,36.18650507340938,46.87436103411778,51.83408262211144,36.95491785813047,2.6087608540886302,56.40056997050721,-49.347826086956495,0.037720576331552624,-0.003368748380409315,0.04765666498685655,0.09915024959036689,0.35238407801584704,0.3926499032882012,-0.06860817222466539,117.33672453037609
2024-11-21,38.46,39.53,37.75,38.92,4499872,175061333.71,3.1199,1.196,37.286,38.622,36.909,35.275,28.72216666666667,27.689500000000002,41.218599999999995,37.286,38.622,36.909,35.275,28.72216666666667,27.689500000000002,41.218599999999995,37.63161939597473,35.55718825231787,43.87878787878789,57.03657780533169,58.036272670419,2.0744311436568594,2.460332168511391,-0.7718020497090627,2.0744311436568594,2.527639772100622,-0.9064172568875248,42.13185624617955,36.909,31.68614375382045,48.699284470852106,49.39376621557065,47.31032098141503,49.800298660426364,51.15615463488308,47.08858671151293,2.458077062436152,54.922436625047375,-44.34782608695649,0.04382341897763236,0.007715809642172902,0.054485355875260856,0.103330970942594,0.3550509768877695,0.40558695534408346,-0.05576608618439233,112.6251848888764
2024-11-22,38.59,39.2,35.2,35.82,10178539,375032223.06,7.0571,-7.9651,37.39,38.126,36.9395,35.56233333333333,28.962666666666667,27.725000000000005,41.115280000000006,37.39,38.126,36.9395,35.56233333333333,28.962666666666667,27.725000000000005,41.115280000000006,37.35290871967092,35.57665578918322,39.26247288503256,46.19098712446351,51.06635071090047,1.7762529304877006,2.323516320906653,-1.0945267808379047,1.7762529304877006,2.4120417964678644,-1.2715777319603276,42.12758949724412,36.9395,31.75141050275589,40.35065490874919,46.3793957799635,28.29317316632057,40.51903968666107,47.61044965214241,26.33621975569838,2.7384266874477605,-8.525418377013047,-78.04347826086953,-0.04198983685477401,-0.060483659444998096,-0.030306311671787708,0.007245493827739252,0.23676457048153943,0.2919747520288546,-0.12879104799967322,43.6041172892315
2024-11-25,35.41,36.3,34.14,35.67,4937386,173239623.56,3.4232,-0.4188,37.34400000000001,37.513999999999996,36.983,35.773,29.208833333333335,27.763249999999996,40.99972,37.34400000000001,37.513999999999996,36.983,35.773,29.208833333333335,27.763249999999996,40.99972,37.093999685875396,35.58357017516965,52.69286754002914,41.594951233505455,51.21806298276886,1.5104295107057482,2.160898958866472,-1.3009388963214477,1.5104295107057482,2.2733322140429233,-1.5258054066743503,42.10978456733221,36.983,31.856215432667778,36.46076380419682,43.073185121374614,23.235921169841234,34.31167829227836,43.17752586552106,16.57998314579295,2.633258198820894,-53.126829527915426,-78.10304449648709,-0.04482647814910042,-0.049154982140000913,-0.03550279858313267,-0.0028792664858972275,0.22120591373614149,0.2847919461878565,-0.12999405849600928,95.89043267629883
2024-11-26,35.52,36.98,35.35,36.3,4820775,175274453.86,3.3424,1.7662,37.034,37.195,37.0415,36.025666666666666,29.470000000000002,27.798583333333333,40.887440000000005,37.034,37.195,37.0415,36.025666666666666,29.470000000000002,27.798583333333333,40.887440000000005,36.97184588804841,35.63663905108301,52.89855072463767,35.894206549118366,49.96953077391834,1.3352068369654049,1.9957605344862586,-1.3211073950417074,1.3352068369654049,2.1290052329540745,-1.5875967919773393,42.10557481027348,37.0415,31.977425189726514,37.088361963534076,41.07824406876111,29.108597753080005,35.655638288921764,40.670230006654634,25.626454853456025,2.4508476172170943,-28.242325455039293,-61.65644171779143,-0.019819625209267208,-0.024062373974996724,-0.020018087820417696,0.007614941199330046,0.2317611129962672,0.3058219393674137,-0.11219680175623632,119.1338445273339
2024-11-27,37.0,43.56,36.72,43.56,20004539,826077455.92,13.8697,20.0,38.054,37.558,37.53,36.505333333333326,29.857666666666667,27.884583333333335,40.79584,38.054,37.558,37.53,36.505333333333326,29.857666666666667,27.884583333333335,40.79584,37.98540805911789,36.223554676928714,73.38247338247339,53.99909624943516,61.12115732368897,1.761853382189173,1.9489791040268416,-0.374251443675337,1.761853382189173,2.0725203328363975,-0.6213339012944488,43.12998120296139,37.53,31.93001879703861,58.05890797568938,46.73846537107053,80.69979318492707,57.10375885928117,46.14807295753015,79.0151306627832,3.3252389595412595,122.0728717558544,-0.0,0.14468912597887212,0.159806166462538,0.16067146282973624,0.19325030132583398,0.45892177330222284,0.5621535197166893,0.06775592805540967,619.1736422400008
2024-11-28,43.0,45.67,42.57,43.71,15784796,692694958.33,10.9441,0.3444,39.012,38.149,37.9765,36.94133333333333,30.2505,27.973916666666664,40.7116,39.012,38.149,37.9765,36.94133333333333,30.2505,27.973916666666664,40.7116,38.866114511561285,36.7781061823414,72.34042553191489,60.56056056056056,61.01036269430051,2.088008329219882,1.9767849490654497,0.22244676030886446,2.088008329219882,2.0749031015107797,0.026210455418204326,44.056694854897465,37.9765,31.896305145102534,66.53520009387437,53.33737694533848,92.93084639094613,65.8984340162689,52.7315266437764,92.2322487612539,3.284286421442849,177.92759783086643,-16.512215669755687,0.12042448477391572,0.14577053133764975,0.15097494503179595,0.18322745975600957,0.44493479446620726,0.5625269968750654,0.07364977058135774,103.49737955675877
2024-11-29,43.67,45.45,42.46,43.93,12992536,571266289.37,9.0081,0.5033,40.634,39.012,38.589999999999996,37.27966666666667,30.647000000000002,28.05366666666667,40.62172,40.634,39.012,38.589999999999996,37.27966666666667,30.647000000000002,28.05366666666667,40.62172,39.645173817474934,37.30787609476056,71.76368375325804,60.121457489878544,61.88492580057277,2.337297722714375,2.048887503795235,0.57682043783828,2.337297722714375,2.1152715047728714,0.44405243588300713,44.459098379590515,38.589999999999996,32.72090162040948,72.6597778018139,59.77817723083029,98.42297894378113,72.37935477523794,59.28080268759692,98.57645895051999,3.230779799362331,161.27414835569965,-14.658803706823937,0.08111433774671456,0.12606377524864143,0.13837781808758756,0.17839036472071446,0.4334192580024145,0.5659272109409346,0.08144116004935281,105.14871454532546
2024-12-02,44.14,46.88,43.65,44.98,12927201,587354529.43,8.9628,2.3902,42.495999999999995,39.92,39.134,37.609,31.045166666666667,28.14825,40.50968,42.495999999999995,39.92,39.134,37.609,31.045166666666667,28.14825,40.50968,40.465916307094176,37.87618156922274,98.41437632135307,69.21841541755889,62.58625095834397,2.5897347378714386,2.1570569506104755,0.8653555745219261,2.5897347378714386,2.188265848326497,0.8029377790898833,45.26199065546966,39.134,33.00600934453034,76.80196594427571,65.45277346864543,99.50035089553626,76.61501725989174,65.0588742116952,99.72730335628484,3.2306380176600893,169.335664659136,-14.91365777080067,0.0584525602409639,0.12675350701402793,0.14938416722031983,0.1959903214656065,0.4488567731960422,0.5979679020898278,0.11035189613939171,126.64337574185431
2024-12-03,44.31,45.42,43.66,44.0,6902984,305970947.66,4.786,-2.1787,44.036,40.535000000000004,39.5015,37.914,31.4085,28.241916666666665,40.40368,44.036,40.535000000000004,39.5015,37.914,31.4085,28.241916666666665,40.40368,41.009621490618144,38.32979774928031,90.4761904761905,75.34965034965036,63.16739747227238,2.6798237413378345,2.261610308755947,0.8364268651637747,2.6798237413378345,2.2638901395590105,0.831867203557648,45.878759847123575,39.5015,33.124240152876425,76.99932214181436,69.30162302636842,92.39472037270625,76.8746896855584,68.9974793696496,92.62911031737599,2.9632492871764375,127.28303038228482,-22.605965463108337,-0.000817512943954977,0.08548168249660777,0.11388175132589902,0.16052117951152603,0.40089466227295156,0.5579679141229202,0.08900971396664854,80.22916160837744
2024-12-04,44.5,44.95,42.0,42.55,7130527,307718523.6,4.9438,-3.2955,43.833999999999996,40.944,39.766999999999996,38.12166666666667,31.7715,28.333833333333335,40.29924,43.833999999999996,40.944,39.766999999999996,38.12166666666667,31.7715,28.333833333333335,40.29924,41.246602799753816,38.642405323407694,78.12781278127812,68.46196557468073,59.90313535559521,2.6041974763461226,2.3301277422739823,0.5481394681442806,2.6041974763461226,2.3162451144493352,0.5759047237935748,46.1898050930258,39.766999999999996,33.344194906974195,73.3370677177768,70.64677125683788,78.71766063965467,73.25397941360616,70.41631271763512,78.92931280554825,2.960840325871631,84.9710183194397,-33.987441130298315,-0.02929233015467443,0.03922430636967552,0.06998264893001739,0.11616316180649658,0.33925058621720716,0.5017382046199184,0.05585117734230223,71.52681375846241
2024-12-05,42.38,44.13,42.05,43.42,5452779,234666760.26,3.7806,2.0447,43.775999999999996,41.394,40.008,38.404,32.13966666666667,28.417250000000003,40.19152,43.775999999999996,41.394,40.008,38.404,32.13966666666667,28.417250000000003,40.19152,41.58097159979169,38.9963012253775,48.51694915254236,66.45008860011814,65.90048674959438,2.5846703744141877,2.3810362687020237,0.407268211424328,2.5846703744141877,2.357541308290082,0.45425813224821177,46.60576549094653,40.008,33.410234509053474,73.17185990185644,71.48846747184407,76.53864476188116,73.11646769907601,71.31636437811542,76.7166743409972,2.8006875393495174,76.79019785075847,-27.1585557299843,-0.008132309941520343,0.04894429144320441,0.0852829434113177,0.13061139464639093,0.35097854157375613,0.5279451741459852,0.08032739244497358,122.43414337186753
2024-12-06,43.44,43.92,41.8,43.29,5103700,218967562.59,3.5385,-0.2994,43.647999999999996,42.141000000000005,40.1335,38.67333333333333,32.50033333333333,28.508916666666668,40.09884,43.647999999999996,42.141000000000005,40.1335,38.67333333333333,32.50033333333333,28.508916666666668,40.09884,41.84389904597758,39.31435298646065,45.53191489361701,64.68085106382978,63.25353331410441,2.5295460595169317,2.4107382268650053,0.2376156653038528,2.5295460595169317,2.3840035777095974,0.2910849636146686,46.88675192620476,40.1335,33.38024807379524,71.73585109386553,71.57092867918456,72.06569592322748,72.6846571683008,71.77246197484388,74.50904755521464,2.6769261685586967,66.82130086015275,-28.17896389324963,-0.008201979472140694,0.02726560831494254,0.07865000560628904,0.1193759696604034,0.3319863386016555,0.518472290832985,0.07958235200818767,97.04600612632123
2024-12-09,43.01,43.85,41.75,41.97,4428155,188242176.18,3.0702,-3.0492,43.046,42.771,40.1425,38.912333333333336,32.83116666666667,28.581999999999997,40.00452,43.046,42.771,40.1425,38.912333333333336,32.83116666666667,28.581999999999997,40.00452,41.863299192750254,39.51106758005616,33.103448275862064,58.80993645291738,57.954545454545446,2.352231612694098,2.399036904030824,-0.09361058267345257,2.352231612694098,2.3791155830918282,-0.05376794079546077,46.905519801977974,40.1425,33.37948019802202,65.0483101780626,69.39672251214391,56.35148550989996,67.59491744148644,70.3799471303914,62.02485806367653,2.5720305015480247,53.7533767073774,-42.584562012142264,-0.024996515355666046,-0.018727642561548758,0.04552531606153081,0.0785783427705011,0.2783584703559117,0.4684066895248759,0.04913144814635945,73.3692085017905
2024-12-10,44.29,45.28,42.56,44.6,8586640,376792777.11,5.9534,6.2664,43.166,43.601,40.397999999999996,39.227999999999994,33.2225,28.684833333333334,39.91852,43.166,43.601,40.397999999999996,39.227999999999994,33.2225,28.684833333333334,39.91852,42.2843300861733,39.888025537089035,47.42547425474258,76.06888361045131,60.372040586245774,2.396304549084263,2.398490433041512,-0.004371767914498115,2.396304549084263,2.3817600393983565,0.029089019371813407,47.43766984870659,40.397999999999996,33.3583301512934,61.88405863722692,66.89250122050493,51.867173470670906,70.91629666702771,70.55873030927017,71.63142938254276,2.7062067739938387,80.97811546899239,-22.440944881889767,0.03322059027938666,0.02291231852480453,0.10401505025001252,0.1369429998980322,0.34246369177515257,0.5548286260451226,0.11727589098994654,183.63645273608788
2024-12-11,44.46,45.9,43.38,45.45,7426480,332602583.29,5.149,1.9058,43.746,43.79,40.674,39.61666666666667,33.63216666666667,28.79191666666667,39.83596,43.746,43.79,40.674,39.61666666666667,33.63216666666667,28.79191666666667,39.83596,42.771356226762016,40.30002364545281,60.0,77.87913340935006,59.79410923648842,2.4713325813092055,2.413058862695051,0.11654743722830929,2.4713325813092055,2.395540430461564,0.1515843016952827,48.06069757418519,40.674,33.28730242581481,65.29762453657884,66.36087565919624,63.171122291344034,71.31911655644603,70.81219239166214,72.33296488601383,2.672350996904049,87.13222995953618,-27.87524366471733,0.03895213276642437,0.03790819821877149,0.11742144859123772,0.14724442574673965,0.3513848349546317,0.5785680587433394,0.14092894962240154,120.7786826697526
2024-12-12,45.8,45.8,43.91,45.04,6317582,283490581.19,4.3802,-0.9021,44.07,43.923,41.035999999999994,39.958666666666666,34.0335,28.891333333333332,39.749199999999995,44.07,43.923,41.035999999999994,39.958666666666666,34.0335,28.891333333333332,39.749199999999995,43.120378345721704,40.6511330050489,70.04830917874392,75.23094688221707,56.41566265060241,2.4692453406728063,2.424296158290602,0.08989836476440871,2.4692453406728063,2.40687964741714,0.12473138651133286,48.53837688650808,41.035999999999994,33.533623113491906,64.90926755979848,65.87700629273033,62.97379009393478,68.92359557304329,70.18266011878919,66.40546648155149,2.530105361103313,79.70576786265585,-35.86744639376223,0.022010437939641452,0.025430867654759402,0.09757286285212997,0.1271647368947913,0.323401942204005,0.5589450123451093,0.13310456562647816,91.33662142426674
2024-12-13,44.6,44.88,41.11,42.42,10503656,447407668.97,7.2825,-5.8171,43.896,43.772000000000006,41.392,40.31733333333333,34.39216666666667,28.975083333333334,39.65372,43.896,43.772000000000006,41.392,40.31733333333333,34.39216666666667,28.975083333333334,39.65372,43.012627830995285,40.78216018986009,43.718592964824126,45.50473186119874,50.90491238149957,2.230467641135192,2.38553045485952,-0.3101256274486559,2.230467641135192,2.379739338758379,-0.29854339524637385,48.40831062145093,41.392,34.375689378549076,52.38905937528669,61.381023986915785,34.40513015202849,53.51694355360599,64.62742126372812,31.295988133361732,2.7846316590845284,32.88241188515682,-77.2963604852686,-0.03362493165664295,-0.030887325230741197,0.02483571704677229,0.05215292016667781,0.23342040096339767,0.46401649693270947,0.06976092028692395,54.91902562565597
2024-12-16,42.0,42.95,40.94,41.25,4605586,190553801.09,3.1932,-2.7581,43.751999999999995,43.399,41.6595,40.55566666666667,34.73916666666666,29.052000000000003,39.55504,43.751999999999995,43.399,41.6595,40.55566666666667,34.73916666666666,29.052000000000003,39.55504,42.74145431853447,40.8168149906112,38.66666666666668,41.021897810218974,52.61282660332541,1.9246393279232734,2.293352229472271,-0.7374258030979952,1.9246393279232734,2.309723952476055,-0.770169249105563,48.18496259701997,41.6595,35.134037402980034,37.009372916857814,53.257140296896466,4.513838156780508,37.76129570240401,55.67204607662009,1.9397949539718553,2.643789539250979,2.696555202190183,-93.74999999999996,-0.05718595721338443,-0.04951726998317935,-0.0098296907068016,0.017120501039723166,0.18742053877707693,0.419867823213548,0.04285067086267646,75.60193079151236
2024-12-17,41.27,42.41,39.3,39.69,5950788,242441012.68,4.1259,-3.7818,42.77,42.967999999999996,41.7515,40.657,35.07283333333333,29.128583333333335,39.4594,42.77,42.967999999999996,41.7515,40.657,35.07283333333333,29.128583333333335,39.4594,42.2719998079907,40.73334721352889,37.66233766233766,35.904255319148945,49.6551724137931,1.5386525944618157,2.1424123024701798,-1.2075194160167282,1.5386525944618157,2.1910975897046336,-1.304889990485636,48.10031265317435,41.7515,35.40268734682565,26.642612247602184,44.385630947131716,-8.843425151456884,27.143894104632984,46.16266208595772,-10.89364185801648,2.7285550775689824,-34.539941670223435,-94.09090909090908,-0.07201309328968916,-0.07628933159560601,-0.049375471539944725,-0.023784342179698423,0.13164510043385916,0.3625791390472701,0.005843981408738994,68.00979413019111
2024-12-18,39.8,40.52,38.71,39.89,4222296,167469668.78,2.9274,0.5039,41.658,42.702000000000005,41.82299999999999,40.74533333333333,35.41383333333333,29.228,39.3662,41.658,42.702000000000005,41.82299999999999,40.74533333333333,35.41383333333333,29.228,39.3662,41.90553829906906,40.670877049563785,15.41850220264321,32.064834390415825,53.17919075144509,1.2346612495052725,1.9608620918771984,-1.452401684743852,1.2346612495052725,2.0439535373662703,-1.6185845757219957,48.046710519571306,41.82299999999999,35.59928948042868,23.232302462703732,37.33452145232239,-4.972135516533584,23.56649036739093,38.63060484643546,-6.561738590698127,2.5615450634655312,-57.86275584795322,-83.58831710709318,-0.04244082769215998,-0.06585171654723443,-0.04621858785835528,-0.02099217906345088,0.12639599403246393,0.36478719036540297,0.013305830890459364,105.15486593543784
2024-12-19,39.0,40.46,38.9,40.1,4109664,162936183.42,2.8493,0.5264,40.67,42.37,41.882,40.79533333333333,35.748000000000005,29.338833333333334,39.27252000000001,40.67,42.37,41.882,40.79533333333333,35.748000000000005,29.338833333333334,39.27252000000001,41.62776317613536,40.62858986070721,6.645056726094069,35.46944858420271,57.8482668410726,0.9991733154281519,1.7685243365873893,-1.5387020423184747,0.9991733154281519,1.8832181186065597,-1.7680896063568157,48.0114959009566,41.882,35.7525040990434,21.93233701500602,32.20045997321694,1.3960910985841792,22.15512895146415,33.13877954811169,0.18782775816906394,2.3794459610172534,-57.79486601693788,-80.66759388038942,-0.014015244652077706,-0.053575643143733684,-0.04254811136048891,-0.017044433186802342,0.12174107642385577,0.3667891815739095,0.02107020379644581,105.39096063363027
2024-12-20,40.1,41.5,39.5,40.77,4430084,181348552.62,3.0715,1.6708,40.34,42.118,42.12949999999999,40.794999999999995,36.09666666666667,29.452749999999998,39.17584,40.34,42.118,42.12949999999999,40.794999999999995,36.09666666666667,29.452749999999998,39.17584,41.49579961057607,40.63906468584001,16.796267496112037,42.9588607594937,57.94453507340947,0.8567349247360596,1.5861664542171234,-1.4588630589621276,0.8567349247360596,1.7252976272418674,-1.7371254050116156,47.591801327217105,42.12949999999999,36.66719867278288,24.171859354463926,29.524259766965937,13.467058529459912,24.32038731210268,30.199315469442027,12.562530997423991,2.3104557862868433,-46.01970638116328,-71.34909596662027,0.01065939514129895,-0.03200531839118664,-0.032269549840372905,-0.0006128201985535354,0.12946717148397816,0.38425104616716627,0.040692426760983356,118.02211370348228
2024-12-23,40.88,41.4,39.47,39.58,4705474,189460976.15,3.2624,-2.9188,40.00599999999999,41.879000000000005,42.325,40.721333333333334,36.432,29.567083333333333,39.06524,40.00599999999999,41.879000000000005,42.325,40.721333333333334,36.432,29.567083333333333,39.06524,41.20106120894898,40.560615449851866,21.60000000000005,35.18518518518519,52.8939444630311,0.640445759097112,1.3970223151931214,-1.5131531121920188,0.640445759097112,1.558397339834982,-1.83590316147574,47.043048213744,42.325,37.606951786256005,20.147952596995417,26.398824043642435,7.6462097037013805,20.24697123542125,26.8818673914351,6.977178923393545,2.2412820069619626,-77.63956492999202,-87.89986091794162,-0.010648402739588935,-0.05489624871654066,-0.0648552864737154,-0.028027896925444537,0.08640755379885803,0.33865080819041443,0.013176931717301504,74.36195246398603
2024-12-24,40.01,40.05,38.2,39.45,4622133,180319828.33,3.2047,-0.3284,39.958,41.364,42.4825,40.720000000000006,36.74783333333333,29.678333333333335,38.950559999999996,39.958,41.364,42.4825,40.720000000000006,36.74783333333333,29.678333333333335,38.950559999999996,40.93166717680298,40.47834763875173,27.27272727272735,35.18518518518522,51.68310098605916,0.4533195380512538,1.2082817597647477,-1.5099244434269878,0.4533195380512538,1.388385370329793,-1.8701316645570785,46.51405383390006,42.4825,38.450946166099946,18.914424538347827,23.904024208544232,8.935225197955013,18.90923623486958,24.224323672579928,8.279061359448889,2.1701398238779683,-128.77455291703325,-83.76623376623375,-0.01271334901646718,-0.04627212068465319,-0.07138233390219499,-0.031188605108055083,0.07353267993124321,0.32925254113550856,0.01282240871504818,96.76363547898107
2024-12-25,39.58,39.58,37.7,38.07,4646710,178564431.27,3.2217,-3.4981,39.594,40.626,42.208,40.658,37.041000000000004,29.78525,38.824,39.594,40.626,42.208,40.658,37.041000000000004,29.78525,38.824,40.49141068806406,40.299951517362715,28.571428571428655,35.023041474654406,48.598747115067596,0.19145917070134288,1.0049172419520667,-1.6269161425014476,0.19145917070134288,1.2042428780792622,-2.0255674147558387,46.656676207575046,42.208,37.75932379242495,14.327350806438002,20.71179974117549,1.5584529369630218,14.128791234769013,20.859146193309623,0.6680813176877933,2.1173871286274277,-140.1618228656437,-95.43209876543213,-0.03849068040612216,-0.06291537439078417,-0.09803828658074294,-0.06365290963647993,0.027780027537053435,0.2781494195952694,-0.019420976715433698,70.04202485734932
2024-12-26,38.12,39.22,37.85,38.47,4106736,158744486.57,2.8473,1.0507,39.268,39.969,41.946,40.68033333333334,37.32033333333333,29.900166666666667,38.70668,39.268,39.969,41.946,40.68033333333334,37.32033333333333,29.900166666666667,38.70668,40.18042442836189,40.164399553113626,32.1608040201005,21.594068582020412,54.79551212450234,0.016024875248263015,0.807138768611306,-1.5822277867260859,0.016024875248263015,1.0214401084129547,-2.0108304663293834,46.633041037163466,41.946,37.25895896283653,14.440456093180867,18.621351858510618,6.078664562521361,12.993938817608292,18.237410401409182,2.506995650006509,1.9814985597860766,-119.25516953714435,-89.27576601671315,-0.020321890597942392,-0.037504065650879485,-0.08286844991179133,-0.054334199162576625,0.030805369726958545,0.28661490181214144,-0.006114706815464405,111.01792221620184
2024-12-27,38.87,39.78,38.0,38.12,3374381,131182711.87,2.3396,-0.9098,38.738,39.539,41.6555,40.77433333333333,37.56666666666667,30.017666666666667,38.59652,38.738,39.539,41.6555,40.77433333333333,37.56666666666667,30.017666666666667,38.59652,39.86343605476775,40.01296254917928,25.97087378640775,14.382896015549107,54.40172475745598,-0.14952649441152488,0.6158057160067398,-1.5306644208365294,-0.14952649441152488,0.8412914002861117,-1.9816357893952732,46.54079253553338,41.6555,36.77020746446663,12.599369879530311,16.61402453218385,4.570060574223227,11.329292545072162,15.934704449296843,2.1184687366227983,1.94486245800679,-102.32141402622798,-92.0000000000001,-0.015953327482059014,-0.03588861630289092,-0.08487474643204393,-0.06509814180489361,0.014729370008872956,0.2699188255804914,-0.01234619079647597,91.26558808538296
2024-12-30,38.04,38.15,36.58,37.14,3232879,120676821.52,2.2414,-2.5708,38.25,39.128,41.2635,40.815666666666665,37.725,30.12933333333333,38.483760000000004,38.25,39.128,41.2635,40.815666666666665,37.725,30.12933333333333,38.483760000000004,39.44444589249579,39.80015050849933,9.029345372460469,13.627992633517522,51.490418736692696,-0.35570461600353553,0.4215036496046848,-1.5544165312164406,-0.35570461600353553,0.6571381670107813,-2.025685566028634,46.281951323272274,41.2635,36.24504867672773,12.193617860066293,15.140555641477999,6.299742297242879,10.754691313638746,14.20803340407748,3.848007132761282,1.876705647460101,-130.17691838412784,-90.39451114922808,-0.02901960784313724,-0.05080760580658351,-0.0999309316950816,-0.09005528922717579,-0.01550695825049704,0.23268575474620534,-0.03491758601550376,77.07083679852424
2024-12-31,37.09,37.44,35.0,35.0,4981520,179173089.92,3.4538,-5.762,37.36,38.659000000000006,40.8135,40.72066666666667,37.7555,30.225166666666667,38.369080000000004,37.36,38.659000000000006,40.8135,40.72066666666667,37.7555,30.225166666666667,38.369080000000004,38.76068498595798,39.44458380416605,7.434944237918188,14.258188824662838,31.439722463139645,-0.6838988182080712,0.2004231560421336,-1.7686439485004095,-0.6838988182080712,0.45082478466941933,-2.269447205754981,46.38260755392733,40.8135,35.244392446072666,8.12907857337753,12.803396618777843,-1.2195575174230946,7.169794209092498,11.86195367241582,-2.214524717554145,1.9791228024673546,-157.0829990193456,-100.0,-0.06316916488222697,-0.09464807677384324,-0.1424406140125203,-0.1404855847153781,-0.07298274423593908,0.15797541783612995,-0.08780716139141213,55.24098952826034
2025-01-02,35.08,35.4,33.38,33.8,4201738,144747618.27,2.9132,-3.4286,36.506,38.05,40.376,40.565333333333335,37.778,30.318166666666666,38.25788,36.506,38.05,40.376,40.565333333333335,37.778,30.318166666666666,38.25788,37.99750268042599,39.026466485338936,6.201550387596882,14.217098943323748,29.44836167565326,-1.028963804912948,-0.04545423614888269,-1.9670191375281305,-1.028963804912948,0.22316500165674744,-2.5042576131393908,46.695005251482414,40.376,34.05699474851758,7.143523646619482,10.916772294725057,-0.4029736495916687,6.504000737096127,10.07596936064259,-0.6399365099968009,1.986555020200562,-180.77388582928083,-94.82758620689663,-0.07412480140250927,-0.11169513797634692,-0.16286903110758869,-0.16677622929266378,-0.10529938059187892,0.11484313585364102,-0.11652187732305092,70.54830101312484
2025-01-03,34.0,34.13,32.18,32.33,3984329,132563303.12,2.7625,-4.3491,35.278,37.273,39.8215,40.345666666666666,37.81033333333334,30.398500000000002,38.13764,35.278,37.273,39.8215,40.345666666666666,37.81033333333334,30.398500000000002,38.13764,37.12557919112968,38.53043193086938,6.116207951070322,14.341085271317851,27.129337539432186,-1.4048527397397024,-0.31733393686704664,-2.1750376057453114,-1.4048527397397024,-0.02729926625039869,-2.755106946978607,46.914705867132625,39.8215,32.728294132867376,5.304648446987097,9.04606434547907,-2.17818334999685,4.872481178092692,8.341473299792625,-2.0655030653071726,1.9799086528913694,-186.96214462637815,-98.39055793991417,-0.08356482793809174,-0.13261610280900396,-0.18812701681252594,-0.1986747853962012,-0.14494274052066913,0.0635393193743111,-0.1522810535733202,64.10472527650303
2025-01-06,32.33,32.7,31.58,31.94,3664012,117467801.06,2.5404,-1.2063,34.042,36.39,39.254000000000005,40.21633333333333,37.88933333333333,30.474749999999997,38.01168,34.042,36.39,39.254000000000005,40.21633333333333,37.88933333333333,30.474749999999997,38.01168,36.32779777710973,38.04225178784203,0.0,12.178877259752625,23.603238866396794,-1.7144540107322968,-0.5967579516400967,-2.2353921181844,-1.7144540107322968,-0.2868615346322292,-2.855184952200135,46.967772781600154,39.254000000000005,31.540227218399856,4.9531973511200995,7.681775347359414,-0.5039586413585297,4.470316712075383,7.051087770553544,-0.6912254048809405,1.8235616250929394,-176.10784454323826,-96.33401221995925,-0.06174725339286764,-0.1222863424017587,-0.1863249605135783,-0.20579532362472952,-0.15701868599781818,0.048080788193504614,-0.15973195607244925,88.57110683625564
2025-01-07,31.94,32.86,31.78,32.55,3996752,129107570.52,2.7711,1.9098,33.123999999999995,35.687,38.783,40.11233333333333,37.94266666666667,30.55391666666667,37.88228,33.123999999999995,35.687,38.783,40.11233333333333,37.94266666666667,30.55391666666667,37.88228,35.746598119092845,37.63541832207595,8.983799705449144,15.398716773602175,26.469379367036595,-1.888820202983105,-0.8551704019086983,-2.0672996021488133,-1.888820202983105,-0.5333167143785178,-2.7110069772091743,46.9363463585171,38.783,30.629653641482903,7.245220998307703,7.536257231008844,6.6631485329054225,6.797605867869221,6.9665938029921035,6.459629997623454,1.6883686023487683,-144.469609088733,-88.54781582054311,-0.017328825021132657,-0.08790315801272174,-0.16071474615166448,-0.1885288813914258,-0.14212671750360203,0.06532986769290333,-0.14075921512643919,120.82611484945132
2025-01-08,32.55,32.55,30.62,32.04,4231527,134021101.2,2.9338,-1.5668,32.532,34.946,38.155,39.97033333333333,37.998000000000005,30.6355,37.75784,32.532,34.946,38.155,39.97033333333333,37.998000000000005,30.6355,37.75784,35.17635225461702,37.22094289081107,9.651898734177152,9.395348837209255,27.533133817870905,-2.0445906361940445,-1.0930544487657676,-1.9030723748565537,-2.0445906361940445,-0.7658203946578296,-2.5575404830724295,46.35652617375481,38.155,29.953473826245194,9.99754180090964,8.356685420975777,13.279254560777368,9.699131713950653,7.87743977331162,13.342515595228718,1.7323015837399005,-137.82133547047715,-84.49781659388648,-0.015123570638140828,-0.0831568706003548,-0.16026733062508194,-0.1984054840673499,-0.1567977261961157,0.04584550603058539,-0.15143451002493794,85.39159881671442
2025-01-09,31.8,32.98,31.8,32.54,3716702,121135345.22,2.5769,1.5605,32.279999999999994,34.393,37.5095,39.603,38.05416666666667,30.721833333333333,37.63696,32.279999999999994,34.393,37.5095,39.603,38.05416666666667,30.721833333333333,37.63696,34.77075960006056,36.87420638038062,23.717948717948673,15.009940357852841,26.368375325803655,-2.1034467803200627,-1.2951329150766266,-1.6166277304868721,-2.1034467803200627,-0.9716090693750963,-2.263675421889933,45.31620015872634,37.5095,29.702799841273666,13.651927430591865,10.121766090847807,20.712250110079978,13.452987372619205,9.735955639747482,20.88705083836265,1.6318831139690089,-107.03875084085864,-79.03930131004368,0.008054522924411561,-0.053877242462128966,-0.13248643676935185,-0.1783450748680656,-0.14490309865323556,0.05918158096033765,-0.1354243275758723,116.74825872717942
2025-01-10,32.2,34.2,32.1,32.22,4895300,162717891.56,3.3941,-0.9834,32.258,33.767999999999994,36.8685,39.22,38.080666666666666,30.805333333333333,37.507,32.258,33.767999999999994,36.8685,39.22,38.080666666666666,30.805333333333333,37.507,34.37833504620509,36.52945035220427,29.210526315789437,14.73170731707313,26.152520465316684,-2.151115305999184,-1.466329393261138,-1.369571825476092,-2.151115305999184,-1.1530715673172636,-1.996087477363841,44.16001568965378,36.8685,29.576984310346212,16.18406494487443,12.142532375523349,24.26713008357659,14.791074551178443,11.420995276891137,21.53123309975306,1.7169952750655528,-87.59573210136254,-82.53275109170308,-0.00117800235600483,-0.04584221748400838,-0.12608324179177344,-0.17848036715961244,-0.15390136727298193,0.045922783933517966,-0.14096035406724075,90.58991972699188
2025-01-13,31.82,33.12,31.0,32.68,3559744,114539178.9,2.4681,1.4277,32.40599999999999,33.224,36.3815,38.845,38.06233333333333,30.89266666666667,37.3642,32.40599999999999,33.224,36.3815,38.845,38.06233333333333,30.89266666666667,37.3642,34.11705273140431,36.24430588167062,56.2724014336918,21.114683815648405,29.217002237136484,-2.127253150266313,-1.5985141446621731,-1.0574780112082793,-2.127253150266313,-1.3029456570017328,-1.64861498652916,43.40807294619903,36.3815,29.354927053800978,20.85780282737474,15.047622526140481,32.47816342984326,18.979795606053443,13.940595386611907,29.058196044936516,1.79026886141727,-88.33887122934422,-72.64276228419656,0.008455224341171637,-0.016373705754875904,-0.10174126960130843,-0.15870768438666494,-0.14140839149815643,0.057856233410302195,-0.12536599204586202,115.22988216492953
2025-01-14,33.33,35.35,32.37,35.35,6317786,216308809.07,4.3803,8.1701,32.965999999999994,33.045,36.0865,38.523999999999994,38.0665,31.003666666666668,37.23424,32.965999999999994,33.045,36.0865,38.523999999999994,38.0665,31.003666666666668,37.23424,34.306736926572874,36.17806100154687,83.62919132149904,36.55172413793104,29.343456900401975,-1.871324074973998,-1.653076130724538,-0.43649588849892007,-1.871324074973998,-1.3903884905359276,-0.961871168876141,42.737841851152076,36.0865,29.435158148847925,46.88986018338234,25.6617017452211,89.34617705970483,35.77147664059478,21.2175558046062,64.87931831257193,2.006583613886858,-39.57176986222646,-30.64516129032254,0.07231693259722162,0.069753366621274,-0.020409294334446385,-0.0823901983179315,-0.0713619586775773,0.14018771973207472,-0.05060503450587412,219.3177100830705
2025-01-15,35.4,35.4,34.2,34.45,3990020,138618599.28,2.7664,-2.546,33.448,32.989999999999995,35.8245,38.20566666666666,38.05983333333334,31.096083333333333,37.110200000000006,33.448,32.989999999999995,35.8245,38.20566666666666,38.05983333333334,31.096083333333333,37.110200000000006,34.32877739940781,36.05005648291377,67.72388059701498,34.897119341563794,25.490196078431367,-1.721279083505955,-1.6667167212808216,-0.10912472445026689,-1.721279083505955,-1.4412947356082395,-0.5599686957954311,42.288354072727685,35.8245,29.360645927272312,57.968414459772355,36.43060598340485,101.04403141250735,50.556158764580644,30.997090124597683,89.67429604454658,1.85993204772561,-27.7999316395125,-19.874476987447622,0.029956948098541093,0.044255835101546175,-0.03836759759382539,-0.09830129910920692,-0.09484627275474146,0.10785656285759472,-0.07168379582971805,77.26771710806777
2025-01-16,34.55,35.49,33.76,34.1,3022510,104421232.19,2.0956,-1.016,33.76,33.019999999999996,35.535000000000004,37.924,38.02283333333333,31.173333333333332,36.9868,33.76,33.019999999999996,35.535000000000004,37.924,38.02283333333333,31.173333333333332,36.9868,34.293580876422,35.905607854549785,69.80769230769232,36.805555555555564,25.5585344057194,-1.612026978127787,-1.655778772650215,0.08750358904485589,-1.612026978127787,-1.4675612344574007,-0.28893148734077245,41.74587501249915,35.535000000000004,29.324124987500856,62.46491148789752,45.10870781823574,97.17731882722106,57.523407691103046,39.839195980099475,92.89183111311019,1.8363080390482271,-28.622432726464037,-28.542094455852162,0.010071090047393467,0.03270745003028484,-0.04038272126072892,-0.10083324543824486,-0.10317046336192717,0.0938836612489308,-0.07804946629608403,90.29246873992672
2025-01-17,34.01,35.4,33.59,34.34,4117417,141491596.79,2.8547,0.7038,34.184,33.221,35.247,37.62133333333333,38.01266666666667,31.264,36.876160000000006,34.184,33.221,35.247,37.62133333333333,38.01266666666667,31.264,36.876160000000006,34.300722280049385,35.78963690236092,68.2186234817814,46.56964656964658,29.80000000000001,-1.4889146223115333,-1.6224059425824786,0.2669826405418907,-1.4889146223115333,-1.4708463710503443,-0.03613650252237788,41.08987276133037,35.247,29.40412723866963,67.10528664559357,52.44090076068835,96.434058415404,63.81095078106392,47.82978091375429,95.77329051568319,1.8315247592212758,-24.0812797233031,-23.61396303901434,0.004563538497542883,0.033683513440294,-0.025732686469770377,-0.0872200170116245,-0.0966169171679615,0.09838792221084967,-0.06877505683889,107.26526704922934
2025-01-20,33.86,34.8,33.08,33.75,4331989,146141060.14,3.0035,-1.7181,34.398,33.402,34.896,37.30333333333333,37.98833333333334,31.352916666666665,36.779160000000005,34.398,33.402,34.896,37.30333333333333,37.98833333333334,31.352916666666665,36.779160000000005,34.2159957754264,35.638552687371224,64.68330134357004,49.72253052164263,30.69001029866118,-1.4225569119448238,-1.5824361364549477,0.31975844902024786,-1.4225569119448238,-1.4634172234956488,0.08172062310165007,40.156267753825645,34.896,29.635732246174356,66.16054017303773,57.01411389813815,84.4533927228369,63.9643162633513,53.20795936361996,85.47703006281398,1.8112475302719526,-33.852113567125194,-35.72895277207396,-0.01883830455259036,0.010418537812107028,-0.03284044016506192,-0.09525511571798753,-0.11156934146448479,0.07645487527741975,-0.08236077169788554,84.08816270700082
2025-01-21,33.91,35.2,33.55,34.91,4897938,168996058.59,3.3959,3.437,34.309999999999995,33.638,34.6625,37.068,37.99016666666667,31.452083333333334,36.69756,34.309999999999995,33.638,34.6625,37.068,37.99016666666667,31.452083333333334,36.69756,34.32276565613003,35.584585821640026,68.86632825719116,64.82758620689654,37.43427970557308,-1.2618201655099952,-1.5183129422659571,0.5129855535119239,-1.2618201655099952,-1.4324022914978558,0.3411642519757212,39.43973494126496,34.6625,29.885265058735044,73.13449523042898,62.3875743422351,94.62833700681676,72.00632720089263,59.47408197604419,97.0708176505895,1.781929797495235,-6.971535284446565,-11.90965092402475,0.01748761294083362,0.037814376597895195,0.00714028128380801,-0.05821733031185932,-0.08107799825393423,0.1099423726568191,-0.04871059547283269,140.2041008218794
2025-01-22,34.72,35.0,32.7,32.9,5570926,186959895.33,3.8625,-5.7577,34.0,33.724000000000004,34.334999999999994,36.678,37.953,31.514916666666668,36.612120000000004,34.0,33.724000000000004,34.334999999999994,36.678,37.953,31.514916666666668,36.612120000000004,34.103878632110025,35.38572761262965,26.666666666666643,54.65116279069766,33.221315410465664,-1.2818489805196265,-1.471020149916691,0.37834233879412915,-1.2818489805196265,-1.4092402436550513,0.25478252627084963,38.6010347667841,34.334999999999994,30.068965233215888,62.861749604250335,62.54563276290685,63.49398328693729,62.10963758455944,60.35260051221594,65.62371172924642,1.8761243797688278,-37.57683818987415,-57.68374164810696,-0.03235294117647063,-0.024433637765389784,-0.04179408766564716,-0.10300452587382079,-0.1331383553342293,0.043950087128053025,-0.10139046851152038,55.266312878167334
2025-01-23,33.33,35.78,33.09,34.42,7653279,264265667.26,5.3062,4.6201,34.064,33.912,34.152499999999996,36.31033333333333,37.9635,31.589833333333335,36.52284,34.064,33.912,34.152499999999996,36.31033333333333,37.9635,31.589833333333335,36.52284,34.152512688708484,35.314192233916344,49.74446337308347,58.32591273374891,37.17253839205059,-1.1616795452078605,-1.409152028974925,0.4949449675341291,-1.1616795452078605,-1.3711539823554835,0.41894887429524585,38.04138767750529,34.152499999999996,30.263612322494698,65.75720545443747,63.616156993417064,70.03930237647828,65.25579744131021,61.9869994885807,71.79339334676921,2.0586472198108594,7.36644006605976,-28.451882845188265,0.010450915922968578,0.014979948100967288,0.007832515921235792,-0.052060478651623436,-0.09333965519512166,0.08959106041500695,-0.057576026398823324,157.09041261265142
2025-01-24,34.28,35.01,34.0,34.27,4197375,144415453.0,2.9102,-0.4358,34.05,34.117,33.9425,35.95133333333333,37.955000000000005,31.66283333333333,36.4316,34.05,34.117,33.9425,35.95133333333333,37.955000000000005,31.66283333333333,36.4316,34.17058765967641,35.23684466103366,51.49911816578485,60.25758969641216,34.96762257169287,-1.0662570013572505,-1.3405730234513902,0.5486320441882793,-1.0662570013572505,-1.3242467545096013,0.5159795063047015,37.26157961240995,33.9425,30.623420387590052,62.410961994062944,63.214425326965696,60.80403532825744,66.30721224120822,63.42707040612321,72.06749591137824,1.8679840889361574,19.169046196073513,-31.589958158995767,0.006461086637298267,0.004484567810768995,0.00964867054577596,-0.04676692565876076,-0.09708865762086687,0.0823415466082738,-0.05933310642409336,95.7265449810359
2025-01-27,34.63,34.65,32.95,33.0,3501071,116899018.85,2.4274,-3.7059,33.9,34.149,33.6865,35.63733333333333,37.97733333333334,31.7215,36.338640000000005,33.9,34.149,33.6865,35.63733333333333,37.97733333333334,31.7215,36.338640000000005,33.99049725049542,35.07115246392005,39.99999999999998,51.97594501718213,34.83870967741936,-1.0806552134246274,-1.2885894614460376,0.4158684960428203,-1.0806552134246274,-1.2867711328042208,0.4122318387591868,36.379706072174805,33.6865,30.993293927825203,44.85406124279518,57.094303965575534,20.37357579723448,50.3631659320665,59.072435581437645,32.94462663332422,1.8374415273114004,-17.456947393253344,-81.52492668621696,-0.02654867256637164,-0.033646666080998006,-0.02037908360916101,-0.07400478898533366,-0.13106063265807694,0.040303894834733574,-0.09187575539425814,68.54856291774118
2025-02-05,33.5,35.1,33.11,34.66,4979473,171370662.0,3.4524,5.0303,33.85,34.08,33.5625,35.41766666666667,37.98666666666667,31.782666666666668,36.26168,33.85,34.08,33.5625,35.41766666666667,37.98666666666667,31.782666666666668,36.26168,34.093497673496124,35.0406967258519,55.85585585585584,59.3990755007704,39.69005596211794,-0.9471990523557778,-1.2203113796279859,0.546224654544416,-0.9471990523557778,-1.234529274273691,0.5746604438358265,35.77095146982392,33.5625,31.354048530176076,51.11482870731795,55.101145546156346,43.14219502964116,54.78756516683216,57.64414544323582,49.07440461402483,1.8851794314366004,45.357604157279454,-36.36363636363653,0.023929098966026446,0.017018779342722955,0.03270018621973919,-0.021392337157539243,-0.08757458757458779,0.09053152661828237,-0.04417004396928112,163.36017312600308
2025-02-06,34.63,36.7,34.2,36.18,5443500,195833702.68,3.7741,4.3855,34.506,34.253,33.6215,35.300666666666665,37.978833333333334,31.86641666666667,36.196079999999995,34.506,34.253,33.6215,35.300666666666665,37.978833333333334,31.86641666666667,36.196079999999995,34.4144980314198,35.12508956097398,57.810578105781076,62.46438746438746,45.95635430038511,-0.7105915295541863,-1.118367409613226,0.8155517601180793,-0.7105915295541863,-1.1539234673937673,0.886663875679162,36.044297643403866,33.6215,31.198702356596133,63.07655247154528,57.759614521286,73.71042837206383,65.52504344455474,60.271111443675466,76.03290744631329,1.9969649893572183,147.8218306412145,-13.000000000000078,0.04851330203442878,0.05625784602808512,0.0760971402227742,0.024909822288530958,-0.04736410193397202,0.13536455568427566,-0.0004442470013326087,153.60312150188636
2025-02-07,36.19,37.06,35.84,36.42,5940403,216811245.71,4.1187,0.6633,34.906000000000006,34.485,33.752500000000005,35.184999999999995,37.96516666666666,31.969083333333337,36.12875999999999,34.906000000000006,34.485,33.752500000000005,35.184999999999995,37.96516666666666,31.969083333333337,36.12875999999999,34.72303679581675,35.22100885275369,77.67295597484276,54.608096468561584,45.58380008616976,-0.4979720569369377,-0.9942883390779683,0.9926325642820613,-0.4979720569369377,-1.0530078657850244,1.1100716176961734,36.480089064557575,33.752500000000005,31.024910935442435,70.49140195350725,62.00354366535976,87.46711852980224,72.12372926884689,64.22198405206595,87.92721970240876,1.8556986276559058,174.61795177508867,-14.678899082568822,0.04337363204033678,0.056111352762070535,0.07903118287534246,0.0351001847378146,-0.04069958865802406,0.1392256581228217,0.008061167889515419,106.8350578101721
2025-02-10,36.62,38.37,35.87,37.9,8218536,307383566.96,5.6981,4.0637,35.632,34.841,34.031,35.111666666666665,37.9535,32.080333333333336,36.07372,35.632,34.841,34.031,35.111666666666665,37.9535,32.080333333333336,36.07372,35.2118003656911,35.4194526414386,77.53164556962022,64.1509433962264,49.5480690221857,-0.2076522757475061,-0.8369611264118759,1.2586177013287396,-0.2076522757475061,-0.9229531596254062,1.4306017677558003,37.24169856308393,34.031,30.82030143691607,77.56452076147986,67.19053603073313,98.31249022297331,78.65273897170628,69.03223569194606,97.89374553122673,1.9728443317184683,201.06730764475142,-8.289241622574945,0.06365065110013474,0.08779885766769029,0.11369045869942111,0.0794133004224617,-0.0014096196661704365,0.18140917072765234,0.050626328529466795,148.9335992317483
2025-02-11,37.99,38.29,36.9,37.34,4213364,157487531.94,2.9212,-1.4776,36.5,35.2,34.301,34.99733333333334,37.896166666666666,32.17491666666667,36.03316,36.5,35.2,34.301,34.99733333333334,37.896166666666666,32.17491666666667,36.03316,35.53921569404631,35.56171540873945,72.80832095096584,63.06451612903226,50.4180602006689,-0.02249971469314005,-0.6740688440681287,1.3031382587499774,-0.02249971469314005,-0.7844218604050576,1.523844291423835,37.67536091412568,34.301,30.926639085874324,78.98775223016943,71.12294143054524,94.71737382941782,79.71323103698705,72.59256747362639,93.95455816370838,1.8668726350423832,188.35954273777088,-18.16578483245141,0.02301369863013708,0.060795454545454555,0.08859800005830738,0.06693843340444984,-0.014676066620634342,0.1605313663076051,0.036267704525498205,86.1689967275289
2025-02-12,37.21,37.74,36.8,37.4,4776436,177663785.62,3.3116,0.1607,37.048,35.449,34.5435,34.92466666666667,37.82299999999999,32.284416666666665,35.99068,37.048,35.449,34.5435,34.92466666666667,37.82299999999999,32.284416666666665,35.99068,35.82549020265457,35.69788463772172,89.85507246376818,62.520458265139105,55.494505494505496,0.1276055649328498,-0.513733962267933,1.2826790544015656,0.1276055649328498,-0.6441099488146104,1.5434310274949203,38.0811666410206,34.5435,31.0058333589794,80.0262751645164,74.09071934186896,91.89738680981131,80.77295943324123,75.31936479349801,91.68014871272766,1.6983503377619507,155.69161564413346,-17.107583774250436,0.009501187648455969,0.05503681345030891,0.08269283656838469,0.07087636245633454,-0.01118367131110686,0.1584536399139936,0.03915791532696801,101.61852478215243
2025-02-13,37.37,37.38,36.28,36.34,4028646,147761534.64,2.7932,-2.8342,37.08,35.793,34.758500000000005,34.821000000000005,37.7705,32.388416666666664,35.938840000000006,37.08,35.793,34.758500000000005,34.821000000000005,37.7705,32.388416666666664,35.938840000000006,35.904645556092326,35.745448738631225,67.07317073170742,60.20488573680066,55.852534562212,0.15919681746110115,-0.3791478063221262,1.0766892475664547,0.15919681746110115,-0.5205242924645009,1.3594422198512042,38.17616479213679,34.758500000000005,31.340835207863226,74.1995585967625,74.12699909350015,74.34467760328721,74.69734810924572,75.11202589874725,73.86799253024267,1.5931957308961409,102.16778978143842,-37.45387453874531,-0.019956850053937294,0.015282317771631441,0.04549966195319125,0.04362310100226869,-0.037873472683708054,0.12200606698382413,0.0111622968354014,75.01242537369023
2025-02-14,36.01,36.77,35.95,36.55,2689104,97769941.37,1.8644,0.5779,37.10600000000001,36.006,34.959,34.77033333333333,37.71416666666667,32.495666666666665,35.87664,37.10600000000001,36.006,34.959,34.77033333333333,37.71416666666667,32.495666666666665,35.87664,36.00393085515505,35.805045128362245,55.124653739612185,56.98466780238502,60.3228962818004,0.1988857267928026,-0.26354109969914047,0.9248536529838861,0.1988857267928026,-0.4098458279633773,1.2174631095123598,38.29826496794556,34.959,31.61973503205444,71.60659380005569,73.28686399568534,68.2460534087964,71.9384534750445,74.05416842417966,67.70702357677416,1.4526146889150242,76.82075303004534,-33.57933579335797,-0.014984099606532944,0.015108593012275646,0.045510455104550866,0.05118348016987654,-0.030868152992907356,0.1247653533291618,0.018768758724339717,105.93136858813956
2025-02-17,36.55,37.21,35.6,35.86,4843383,175583394.63,3.3581,-1.8878,36.698,36.165000000000006,35.141000000000005,34.68333333333333,37.68183333333333,32.596583333333335,35.81808,36.698,36.165000000000006,35.141000000000005,34.68333333333333,37.68183333333333,32.596583333333335,35.81808,35.98178764666965,35.80911585959467,43.103448275862,64.2034548944338,59.450337512054006,0.17267178707498232,-0.17629852234431592,0.6979406188385965,0.17267178707498232,-0.3202277333420912,0.985799040834147,38.23982762208741,35.141000000000005,32.0421723779126,65.16485214046806,70.57952671061292,54.335503000178335,65.85564795015267,71.32132826617067,54.92428731811668,1.481230200021383,57.88854347787913,-46.309963099631005,-0.02283503188184645,-0.00843356836720605,0.020460430835775704,0.03392599711677086,-0.04834778916453987,0.10011529838249911,0.0011703586568570263,82.64737024554435
2025-02-18,35.8,36.31,34.3,34.7,5063935,178558093.47,3.511,-3.2348,36.17,36.335,35.242,34.56933333333333,37.67183333333333,32.69258333333333,35.76428,36.17,36.335,35.242,34.56933333333333,37.67183333333333,32.69258333333333,35.76428,35.784589547182016,35.726959129254325,7.219251336898154,51.39165009940359,55.04931892907471,0.0576304179276903,-0.1295127342899147,0.37428630443521,0.0576304179276903,-0.26209571006981713,0.6394522559950149,38.12742325634458,35.242,32.35657674365542,47.44003731826569,62.86636357983051,16.587384795136032,53.97981092747824,65.54082248660653,30.857787809221662,1.5773701636538597,-9.44415504234931,-69.77186311787065,-0.04064141553773842,-0.04499793587450111,-0.015379376879859104,0.003779843406487543,-0.07888740924917367,0.0614028156233194,-0.02975818330468268,71.97669411337071
2025-02-19,34.7,36.93,34.55,36.61,5898980,212859156.03,4.0899,5.5043,36.012,36.53,35.305,34.55166666666666,37.68366666666667,32.805,35.72456,36.012,36.53,35.305,34.55166666666666,37.68366666666667,32.805,35.72456,35.91157577069247,35.79236956412438,42.82907662082508,59.89847715736041,60.07051564565889,0.11920620656809433,-0.0797689461183129,0.39795030537281445,0.11920620656809433,-0.20343387674090768,0.645280166618004,38.254658320951684,35.305,32.355341679048315,50.545610464429394,58.75944587469681,34.11793964389457,55.25112894765536,62.110924640289475,41.53153756238713,1.7233028611713403,39.31319965496103,-42.206235011990415,0.016605575919138037,0.002189980837667624,0.03696360288910918,0.05957262071294209,-0.028491565753509508,0.11598841639993902,0.02478518979659939,170.8844484076963
2025-02-20,36.65,37.6,36.24,37.44,5913356,219531532.81,4.0999,2.2671,36.232,36.656,35.4545,34.633,37.67683333333333,32.92616666666667,35.701600000000006,36.232,36.656,35.4545,34.633,37.67683333333333,32.92616666666667,35.701600000000006,36.146717959816705,35.91441626307813,50.341296928327644,69.50790861159935,60.642919200695054,0.23230169673857404,-0.017354817546935512,0.4993130285710191,0.23230169673857404,-0.13639763466714128,0.7373986628114306,38.52241528735064,35.4545,32.386584712649366,59.41369935957866,58.97753036965743,60.286037339421114,62.5507116817293,62.25752032076942,63.137094403649044,1.6572477955038236,89.65009208103136,-22.85012285012284,0.033340693309781365,0.021388040157136592,0.056001353847889394,0.08104986573499248,-0.006285913978970182,0.13708954883906915,0.04869249557442779,125.12990413589058
2025-02-21,37.4,38.08,36.7,37.66,6226200,233173835.01,4.3168,0.5876,36.454,36.779999999999994,35.6325,34.76166666666666,37.6635,33.05108333333333,35.6728,36.454,36.779999999999994,35.6325,34.76166666666666,37.6635,33.05108333333333,35.6728,36.379530581383364,36.04371876210938,63.14741035856571,65.09054325955739,61.86736474694591,0.3358118192739852,0.05327850981724863,0.5650666189134731,0.3358118192739852,-0.06375002636850644,0.7991236912849833,38.78154747500473,35.6325,32.48345252499527,67.67930834498225,61.87812302809904,79.28167897874866,69.21890197291373,64.5779808714842,78.50074417577278,1.6068391054122184,99.80704746811321,-17.444717444717465,0.03308278926866725,0.023926046764546023,0.05690030169087199,0.08337728340605073,-9.292816652734083e-05,0.13944827829647538,0.055706308447892906,106.03390507692016
2025-02-24,37.64,38.5,36.66,37.62,5642481,211606063.9,3.9121,-0.1062,36.806,36.751999999999995,35.796499999999995,34.938,37.64183333333334,33.181999999999995,35.655879999999996,36.806,36.751999999999995,35.796499999999995,34.938,37.64183333333334,33.181999999999995,35.655879999999996,36.57037203040131,36.160480335286465,61.03092783505158,58.51063829787236,60.97777777777778,0.4098916951148439,0.1246011468767677,0.5705810964761524,0.4098916951148439,0.009117930782778234,0.8015475286641314,39.003238136099995,35.796499999999995,32.589761863899994,71.46874524586117,65.07499710068643,84.25624153621067,72.49514099781548,67.21703424692797,83.0513544995905,1.64923199533727,96.13668689759992,-20.952380952381,0.022115959354453082,0.023617762298650473,0.050940734429343736,0.07676455435342593,-0.0005800284258207528,0.13374721234404205,0.055085444532570825,98.94292734421083
2025-02-25,36.97,38.8,36.7,37.92,5895300,224465679.01,4.0874,0.7974,37.449999999999996,36.81,36.004999999999995,35.13733333333333,37.676833333333335,33.31975,35.65064,37.449999999999996,36.81,36.004999999999995,35.13733333333333,37.676833333333335,33.31975,35.65064,36.778007102647265,36.29081512526525,73.0941704035875,58.802816901408484,56.38350720317934,0.48719197738201814,0.19711931297781782,0.5801453288084006,0.48719197738201814,0.08266778410573822,0.8090483865525598,39.19368724017011,36.004999999999995,32.816312759829884,74.4606449787223,68.20354639336506,86.97484214943677,75.14490881335851,69.85965910240482,85.7154082352659,1.731189814366856,99.65158691273346,-19.555555555555454,0.012550066755674393,0.030154849225753854,0.05318705735314558,0.07919401965620626,0.006454010200786528,0.13806376098260048,0.06365551922770528,108.2668184033774
2025-02-26,38.32,38.32,36.86,37.44,5628526,209898686.87,3.9024,-1.2658,37.616,36.814,36.1315,35.300333333333334,37.70633333333333,33.45758333333333,35.624120000000005,37.616,36.814,36.1315,35.300333333333334,37.70633333333333,33.45758333333333,35.624120000000005,36.87985216377845,36.37593993080115,86.24338624338617,46.94148936170211,57.58498224251649,0.5039122329772994,0.25847789697771417,0.4908686719991704,0.5039122329772994,0.1474746223936707,0.7128752211672573,39.33796895474276,36.1315,32.92503104525724,72.89968924507414,69.76892734393476,79.1612130473529,73.35586513483162,71.02506111321375,78.01747317806735,1.681882575391064,78.8197927114676,-30.22222222222221,-0.00467886005954918,0.01700440049980979,0.03621493710474226,0.06061321422838301,-0.007063358056559965,0.11902882007317721,0.050973329306099144,88.03900264939828
2025-02-27,37.6,39.09,37.16,38.54,9327786,357324339.99,6.4672,2.938,37.836,37.034000000000006,36.4135,35.517,37.74366666666667,33.606833333333334,35.59816,37.836,37.034000000000006,36.4135,35.517,37.74366666666667,33.606833333333334,35.59816,37.13525952319715,36.53624067666774,82.49158249158242,57.444168734491306,60.850439882697955,0.5990188465294111,0.3265860868880536,0.544865519282715,0.5990188465294111,0.2169429645684,0.7641517639220221,39.40839583332482,36.4135,33.41860416667518,78.10570793095407,72.54785420627454,89.22141538031315,78.40982519079239,73.48664913907331,88.25617729423055,1.7269948344108716,113.5192150775166,-11.482254697286086,0.018606618035733182,0.04066533455743352,0.05839867082263447,0.08511417067882975,0.02109846243519874,0.14679058326431624,0.08264022634877755,133.58530997183513
2025-02-28,38.28,38.35,36.53,36.67,7438090,275798321.76,5.157,-4.8521,37.638,37.046,36.525999999999996,35.654666666666664,37.62883333333333,33.74325,35.5518,37.638,37.046,36.525999999999996,35.654666666666664,37.62883333333333,33.74325,35.5518,37.06368113501297,36.546148774692355,40.39900249376564,46.30192502532929,55.27387958352196,0.5175323603206152,0.3647753415745659,0.3055140374920986,0.5175323603206152,0.2631874869918177,0.508689746657595,39.370876465700775,36.525999999999996,33.68112353429922,68.56316506461657,71.21962449238855,63.25024620907263,68.76590990450879,71.91306939421847,62.47159092508943,1.77845031906344,44.1061041041683,-50.52192066805843,-0.02571868855943452,-0.01014954381039782,0.003942397196517699,0.02847687072286016,-0.025481346308017284,0.0867358656916568,0.03145269719114086,60.812379409662476
2025-03-03,36.26,37.64,35.82,36.47,4507054,166050908.41,3.1249,-0.5454,37.408,37.107,36.635999999999996,35.79633333333334,37.50816666666666,33.879333333333335,35.50968,37.408,37.107,36.635999999999996,35.79633333333334,37.50816666666666,33.879333333333335,35.50968,36.9723455757802,36.540508124715146,35.08771929824569,50.72142064372916,56.26728110599079,0.4318374510650571,0.3781877634726642,0.10729937518478583,0.4318374510650571,0.2891336353107776,0.28540763150855897,39.27636998999111,36.635999999999996,33.99563001000888,59.80569300930385,67.41498066469366,44.587117698524224,60.944844598830485,68.25699446242248,46.32054487164649,1.7860048065064509,2.3929256856888057,-54.69728601252613,-0.02507485029940126,-0.01716657234484061,-0.004531062343050465,0.018819432157855892,-0.027678416700362907,0.07646746295676805,0.02704389338343786,94.67788191050894
2025-03-04,36.2,38.33,36.16,38.22,7189828,270398459.38,4.9849,4.7985,37.468,37.458999999999996,36.897,35.981,37.413,34.03,35.46624,37.468,37.458999999999996,36.897,35.981,37.413,34.03,35.46624,37.16429241027556,36.6649149302918,55.26315789473684,57.91469194312797,57.42485419470616,0.4993774799837567,0.4024257067748827,0.19390354641774799,0.4993774799837567,0.3214788421835436,0.3557972756004262,39.00168249883163,36.897,34.79231750116837,64.33529381048388,66.38841837995707,60.22904467153748,67.57556453431576,68.02985115305358,66.66699129684011,1.855822114414369,64.7772125564627,-19.16299559471373,0.02007046012597404,0.02031554499586222,0.03585657370517929,0.06222728662349565,0.021570042498596804,0.12312665295327645,0.07764454309224772,159.78985183513882
2025-03-05,38.0,41.09,38.0,40.73,12811327,511472829.81,8.8825,6.5672,38.126,37.870999999999995,37.2005,36.160333333333334,37.342166666666664,34.193666666666665,35.43656,38.126,37.870999999999995,37.2005,36.160333333333334,37.342166666666664,34.193666666666665,35.43656,37.7128628086947,36.966032342862775,67.76232616940578,69.68472109943411,67.1785870996051,0.7468304658319269,0.47130665858629156,0.5510476144912707,0.7468304658319269,0.38691755351406415,0.7198258246357255,39.66654285612741,37.2005,34.73445714387259,73.94648935879187,68.90777537290201,84.02391733057158,76.10666984134647,70.72212404915122,86.87576142573698,2.080218093611757,251.66773549162258,-6.83111954459215,0.06829984787284266,0.07549312138575696,0.09487775701939487,0.12637236013679803,0.09072406975135347,0.19115625700665811,0.14937793058919932,188.90231214307948
2025-03-06,40.0,41.16,39.99,40.25,8423023,341029340.92,5.8399,-1.1785,38.467999999999996,38.152,37.404,36.35366666666667,37.279666666666664,34.34408333333333,35.39956,38.467999999999996,38.152,37.404,36.35366666666667,37.279666666666664,34.34408333333333,35.39956,38.103191607357054,37.20928920635442,67.76232616940584,73.73823781009409,63.40229885057473,0.8939024010026344,0.5558258070695601,0.6761531878661486,0.8939024010026344,0.46491522235845956,0.8579743572883497,40.169055628991075,37.404,34.63894437100893,76.95059340523704,71.58871471701369,87.67435078168376,78.39071372694012,73.27832060841419,88.61549996399197,1.9147238947732546,254.26388043551802,-17.041198501872607,0.04632421753145481,0.05499056405955124,0.07608811891776271,0.10717855145285658,0.07967703573887472,0.17196314746111058,0.13701978216678395,88.82081343208642
2025-03-07,39.68,41.85,39.25,41.0,9563830,389751043.32,6.6309,1.8634,39.333999999999996,38.486000000000004,37.632999999999996,36.583666666666666,37.25383333333333,34.51266666666667,35.35216,39.333999999999996,38.486000000000004,37.632999999999996,36.583666666666666,37.25383333333333,34.51266666666667,35.35216,38.54885443699443,37.49008259847631,66.26984126984128,70.84520417853751,65.05592841163312,1.058771838518119,0.6564150133592719,0.8047136503176944,1.058771838518119,0.5562777786907149,1.0049881196548083,40.78629134645469,37.632999999999996,34.4797086535453,79.93500035749909,74.37080993050883,91.06338121147962,80.89508057196781,75.8172405962654,91.05076052337262,2.0393195502690267,220.9609893671062,-14.096185737976805,0.04235521431840149,0.06532245491867161,0.08946934870990898,0.12071871782489456,0.10055788442352691,0.18796963433715153,0.1597594036686868,120.27620597940734
2025-03-10,41.0,42.8,40.95,41.3,7634416,320277001.53,5.2932,0.7317,40.3,38.854,37.803,36.815666666666665,37.2185,34.67908333333334,35.301559999999995,40.3,38.854,37.803,36.815666666666665,37.2185,34.67908333333334,35.301559999999995,38.972107600533754,37.77229870229288,88.64774624373956,69.3,69.4106641721235,1.1998088982408746,0.7650937903355924,0.8694302158105642,1.1998088982408746,0.6552825663138164,1.0890526638541163,41.357923050443375,37.803,34.24807694955662,79.4600097894311,76.06720988348292,86.24560960132746,80.10006326574359,77.24484815275814,85.81049349171448,2.0048978138564753,212.72940963746487,-21.48997134670488,0.02481389578163772,0.06295362124877742,0.09250588577626115,0.12180502865627854,0.10966320512648275,0.19091959850918758,0.16991996954242258,107.56276295224765
2025-03-11,40.4,43.0,40.27,42.98,8472509,358382863.56,5.8742,4.0678,41.251999999999995,39.36,38.084999999999994,37.123333333333335,37.21333333333334,34.856833333333334,35.24632,41.251999999999995,39.36,38.084999999999994,37.123333333333335,37.21333333333334,34.856833333333334,35.24632,39.58870643122087,38.15805435397489,93.57429718875505,73.21116928446772,69.43925233644863,1.4306520772459805,0.8982054477176702,1.0648932590566207,1.4306520772459805,0.7745701833803033,1.3121637877313546,42.31582672023793,38.084999999999994,33.85417327976206,86.21382268227624,79.44941414974737,99.74263974733398,86.6405249998179,80.3767404351114,99.1680941292309,2.136734574973479,179.5805545805548,-0.2785515320334697,0.04188887811500053,0.09197154471544709,0.12852829197846932,0.15776241357636694,0.1549623790755999,0.23304373604410408,0.21941808393046425,148.9922212879997
2025-03-12,43.13,43.83,41.52,41.71,6975821,295703901.61,4.8365,-2.9549,41.448,39.787,38.3005,37.35,37.208999999999996,35.02008333333333,35.212160000000004,41.448,39.787,38.3005,37.35,37.208999999999996,35.02008333333333,35.212160000000004,39.91505928795612,38.42116143886564,74.96423462088704,66.11505122143421,63.073286052009486,1.4938978490904802,1.0173439279922323,0.9531078421964958,1.4938978490904802,0.8852359781049458,1.2173237419710687,42.8140374153581,38.3005,33.7869625846419,81.98690966999857,80.2952459898311,85.3702370303335,82.27137788169301,81.0082862506386,84.79756114380183,2.1682373795237546,154.02484029898267,-26.46691635455678,0.006321173518625759,0.04833236986955543,0.08901972559104976,0.11673360107095045,0.12096535784353261,0.19103086086317145,0.18453397917083178,74.08627970142987
2025-03-13,41.57,41.87,40.27,40.8,5911757,241057039.81,4.0988,-2.1817,41.558,40.013,38.5235,37.61333333333334,37.14566666666666,35.184083333333334,35.16436,41.558,40.013,38.5235,37.61333333333334,37.14566666666666,35.184083333333334,35.16436,40.05120401288595,38.59737170265337,50.649350649350644,60.82706766917291,60.036663611365725,1.4538323102325776,1.1046416044403014,0.6983814115845526,1.4538323102325776,0.9727123368938122,0.9622399466775309,43.06978720696998,38.5235,33.97721279303002,75.3820346613973,78.65750888035316,68.83108622348556,75.57168013586026,79.19608421237916,68.32287198282245,2.064921492337616,88.4881232237465,-37.82771535580527,-0.018239568795418517,0.019668607702496666,0.05909379988837979,0.08472172988302003,0.0983784559885855,0.15961526163582482,0.16026567808997505,80.20468406766588
2025-03-14,41.0,41.57,40.04,40.67,6338047,257700086.8,4.3944,-0.3186,41.492000000000004,40.413,38.7295,37.82166666666667,37.066,35.34908333333333,35.10796,41.492000000000004,40.413,38.7295,37.82166666666667,37.066,35.34908333333333,35.10796,40.14640339551888,38.750899724679044,54.16666666666669,62.471042471042495,56.76599902296045,1.3955036708398367,1.1628140177202084,0.4653793062392566,1.3955036708398367,1.037757157500893,0.7154930266778874,43.27263814563947,38.7295,34.186361854360534,69.85486361172686,75.72329379081106,58.11800325355847,70.5642245433409,76.31879765603308,59.055078317956514,1.9676630391853225,71.0400199872808,-39.45068664169785,-0.019811047912850734,0.006359339816395838,0.05010392594792084,0.07530956682677466,0.09723196460367989,0.15052488395502955,0.1584267499450268,96.85902502214113
2025-03-17,40.67,41.32,39.81,40.8,4755723,193521862.12,3.2973,0.3196,41.391999999999996,40.846,38.9765,38.03933333333334,36.995333333333335,35.51441666666667,35.04315999999999,41.391999999999996,40.846,38.9765,38.03933333333334,36.995333333333335,35.51441666666667,35.04315999999999,40.24695671928521,38.902684930258374,47.73755656108594,59.432387312186975,58.63273453093812,1.344271789026834,1.1991055719815336,0.29033243409060105,1.344271789026834,1.0849132546587301,0.5187170687362079,43.39829422976294,38.9765,34.554705770237064,62.57905715910435,71.34188158024216,45.05340831682872,67.20796195110167,73.28185242105594,55.06018101119312,1.8844515775152635,59.598414119452706,-39.5045632333768,-0.014302280633938897,-0.0011261812662194432,0.04678460097751198,0.07257400234844612,0.10284179986664974,0.14882923132155235,0.16427856391946402,103.24283150397274
2025-03-18,41.0,41.87,40.0,40.6,4917222,200991552.47,3.4093,-0.4902,40.916,41.084,39.271499999999996,38.29266666666667,36.965,35.67858333333333,34.98312,40.916,41.084,39.271499999999996,38.29266666666667,36.965,35.67858333333333,34.98312,40.301271070164404,39.028411972461456,41.898148148148174,69.05916585838995,57.928642220019846,1.2728590977029484,1.2138562771258166,0.1180056411542636,1.2728590977029484,1.113827999742456,0.3180621959209846,43.25779375417514,39.271499999999996,35.28520624582485,51.54469895031995,64.74282070360142,25.148455443757,59.67094547454806,68.74488343888666,41.52306954587087,1.8818240179670331,58.78771599964189,-55.403087478559144,-0.007723140091895479,-0.011780741894654896,0.03382860344015394,0.06025522728459754,0.09833626403354519,0.1379375582457265,0.16055972137419425,95.20476927450932
2025-03-19,40.35,40.85,39.2,39.3,5051991,201429600.5,3.5027,-3.202,40.434,40.940999999999995,39.406,38.447333333333326,36.932500000000005,35.83583333333333,34.923120000000004,40.434,40.940999999999995,39.406,38.447333333333326,36.932500000000005,35.83583333333333,34.923120000000004,40.14722936706218,39.04852960413098,3.2994923857867064,62.4014022787029,57.24779627815866,1.0986997629312043,1.1908249742868942,-0.1842504227113797,1.0986997629312043,1.111500578694571,-0.02560163152673356,43.19060816296846,39.406,35.62139183703154,35.08307503815423,54.85623881511903,-4.463252515775366,40.500572720972976,59.3301131995821,2.841491763754732,1.8396741965184813,16.08478358743158,-97.84017278617722,-0.028045704110402147,-0.040082069319264266,-0.0026899456935492476,0.02217752423228325,0.06410343193664096,0.0966676743483012,0.12532900840474712,72.22127778633552
2025-03-20,39.29,40.8,38.71,40.43,6450784,259000044.95,4.4725,2.8753,40.36,40.958999999999996,39.5555,38.589000000000006,36.944833333333335,36.008833333333335,34.87364,40.36,40.958999999999996,39.5555,38.589000000000006,36.944833333333335,36.008833333333335,34.87364,40.190732541360305,39.15086074456572,33.15789473684208,60.24096385542171,59.0909090909091,1.0398717967945856,1.1606343387884326,-0.2415250839876939,1.0398717967945856,1.1004807660945732,-0.1212179385999752,43.24822100501676,39.5555,35.862778994983245,34.58663335876949,48.099703663002515,7.560492750303439,38.19829848064865,52.28617495993762,10.022545522070729,1.885187978969666,19.386453741439997,-66.40625,0.001734390485629343,-0.012915354378768925,0.022108177118226227,0.04770789603254797,0.09433434535275562,0.12278005859673315,0.15932836377275209,132.77365465805647
2025-03-21,40.23,40.66,39.19,39.25,4817150,191754108.2,3.3399,-2.9186,40.076,40.784,39.635000000000005,38.68333333333333,36.93416666666667,36.174,34.81528,40.076,40.784,39.635000000000005,38.68333333333333,36.93416666666667,36.174,34.81528,40.04600445807411,39.15820439311641,30.95823095823097,42.17758985200846,57.76454420522218,0.8878000649577018,1.1060674840222866,-0.4365348381291696,0.8878000649577018,1.0677606582273622,-0.3599211865393208,43.222871381818344,39.635000000000005,36.04712861818167,26.573380572512992,40.924262632839344,-2.128383548139709,28.981157320432434,44.51783574676923,-2.0921995322411533,1.8096992555206355,3.391882795783902,-89.45312500000001,-0.020610839405130265,-0.03761278932914866,-0.009713636937050714,0.014648858250754073,0.06270165384355038,0.08503344943882347,0.12737855332486192,74.36339304183582
2025-03-24,39.59,39.82,37.07,38.18,4869986,186444762.61,3.3765,-2.7261,39.552,40.471999999999994,39.663,38.69266666666667,36.90216666666666,36.325083333333325,34.75164,39.552,40.471999999999994,39.663,38.69266666666667,36.90216666666666,36.325083333333325,34.75164,39.75892684913963,39.08574480844111,25.14970059880237,39.70149253731342,58.00367985280588,0.6731820406985136,1.019490395357532,-0.6926167093180369,0.6731820406985136,1.0070562555306164,-0.6677484296642056,43.192932756158015,39.663,36.13306724384198,23.188959829407086,35.01249503169526,-0.4581105751692576,24.794144328020046,37.94327194051951,-1.5041108969788866,1.980663027244156,-60.99658363100116,-83.57988165680473,-0.03468851132686084,-0.05663174540422996,-0.0373900108413382,-0.013249711400954564,0.03462759639226263,0.051064347179749774,0.09865318586403397,75.85123036413567
2025-03-25,38.27,40.2,38.27,38.46,4504671,176944539.84,3.1232,0.7334,39.123999999999995,40.019999999999996,39.690000000000005,38.730000000000004,36.86366666666666,36.48016666666667,34.68196,39.123999999999995,40.019999999999996,39.690000000000005,38.730000000000004,36.86366666666666,36.48016666666667,34.68196,39.55909194927199,39.03939334114918,27.32558139534889,36.74321503131524,54.599701640974644,0.519698608122809,0.9195320379105875,-0.7996668595755569,0.519698608122809,0.9320781559294152,-0.8247590956132125,43.171729757620874,39.690000000000005,36.208270242379136,25.112084330715845,31.71235813136879,11.911536729409953,23.3834729445183,33.09000560851911,3.970407616516681,1.9878152041088555,-36.676843280152305,-79.4378698224852,-0.016971679787342667,-0.03898050974512732,-0.0309901738473168,-0.00697134004647568,0.04330370464142673,0.054271499125095324,0.10893386648274794,107.58050000861526
2025-03-26,38.31,39.57,37.97,38.06,3413475,131706687.17,2.3667,-1.04,38.876,39.654999999999994,39.721,38.751999999999995,36.83833333333333,36.63516666666667,34.60308,38.876,39.654999999999994,39.721,38.751999999999995,36.83833333333333,36.63516666666667,34.60308,39.328462418614755,38.96684568624924,26.30597014925378,33.264462809917376,51.57520325203253,0.36161673236551195,0.8079489768015724,-0.8926644888721209,0.36161673236551195,0.844314859996507,-0.9653962552619901,43.1286316825693,39.721,36.313368317430694,23.616389553810585,29.01370193884939,12.821764783732966,22.46398196301222,29.547997726683477,8.29595043566971,1.9173033488163365,-63.75982967617876,-79.37499999999996,-0.020989813766848324,-0.04022191400832157,-0.04181667128219316,-0.01785714285714268,0.033162919060761104,0.038892503104940114,0.09990208964057547,90.0730856048129
2025-03-27,37.9,39.09,37.35,37.7,3400283,129393389.2,2.3575,-0.9459,38.33,39.345000000000006,39.679,38.797333333333334,36.80916666666667,36.7785,34.52216000000001,38.33,39.345000000000006,39.679,38.797333333333334,36.80916666666667,36.7785,34.52216000000001,39.077929738827876,38.87300526504559,31.900452488687847,18.421052631578945,50.100908173562075,0.20492447378228462,0.6873440761977149,-0.9648392048308605,0.20492447378228462,0.745947108271242,-1.0820452689779148,43.167663746577134,39.679,36.19033625342287,20.11925970254041,26.048887860079734,8.260003387461765,19.350987975341503,26.148994476236155,5.754974973552201,1.8850663763042754,-87.39184388121105,-86.87499999999993,-0.0164362118445081,-0.04180963273605294,-0.04987524887219938,-0.028283730840607552,0.024201399108012035,0.025055399214214874,0.09205217749990138,90.93386752699844
2025-03-28,37.6,38.22,37.24,37.5,2391019,90112931.27,1.6578,-0.5305,37.980000000000004,39.028000000000006,39.7205,38.829,36.79966666666667,36.92033333333333,34.44492,37.980000000000004,39.028000000000006,39.7205,38.829,36.79966666666667,36.92033333333333,34.44492,38.83517131746974,38.771301171338514,8.022922636103175,21.124828532235938,49.69969969969971,0.06387014613122233,0.5626492901844165,-0.9975582881063882,0.06387014613122233,0.6410121910189314,-1.154284089775418,43.07564357679254,39.7205,36.365356423207466,16.39895091280472,22.832242210988063,3.5323683164380384,15.886769761338781,22.7282529046037,2.203803474808943,1.720508853339861,-111.04017095130753,-91.04166666666667,-0.012638230647709425,-0.03915137849748913,-0.055903123072468905,-0.03422699528702775,0.019030969483419227,0.015700472187864,0.08869464640939785,94.81983062679969
2025-03-31,37.86,39.1,37.74,38.37,4753024,183063608.95,3.2954,2.32,38.01800000000001,38.785000000000004,39.8155,38.91266666666666,36.798,37.05916666666666,34.36832,38.01800000000001,38.785000000000004,39.8155,38.91266666666666,36.798,37.05916666666666,34.36832,38.76360649939747,38.74157515864677,36.163522012578575,33.24137931034481,51.0948905109489,0.02203134075070068,0.4545257002976733,-0.8649887190939453,0.02203134075070068,0.545784367900742,-1.0475060543000827,42.87794810909382,39.8155,36.75305189090618,22.396478739047915,22.68698772034135,21.815460776461038,19.618957618670287,21.691821142625898,15.473230570759064,1.6985981527326137,-82.80353543184947,-72.91666666666671,0.009258772160555252,-0.010700012891581958,-0.03630495661237464,-0.01394575887885681,0.04271971302788183,0.03537136560904864,0.11643513561326246,125.77818245410775
2025-04-01,38.53,40.26,38.53,39.49,7035774,278100067.24,4.8781,2.9189,38.224000000000004,38.67399999999999,39.879000000000005,39.072333333333326,36.82083333333333,37.19375,34.28868,38.224000000000004,38.67399999999999,39.879000000000005,39.072333333333326,36.82083333333333,37.19375,34.28868,38.87535934564401,38.797014035784045,70.27863777089784,42.83980582524272,54.837187352524786,0.07834530985996224,0.3792896222101311,-0.6018886247003378,0.07834530985996224,0.473870666663699,-0.7910507136074735,42.85355808302906,39.879000000000005,36.90444191697095,36.557438015486845,27.310471152056515,55.05137174234751,34.4196930861682,25.934445123806668,51.39018901089128,1.7333984885994111,-33.128078817733815,-35.97883597883595,0.033120552532440305,0.021099446656668814,-0.00975450738483921,0.010689575744132922,0.07249066425257447,0.06173752310536046,0.1516920453047479,133.33781846812704
2025-04-02,39.55,41.05,39.09,40.7,5983841,240921674.95,4.1488,3.0641,38.752,38.81400000000001,39.8775,39.208666666666666,36.88016666666667,37.30258333333334,34.213480000000004,38.752,38.81400000000001,39.8775,39.208666666666666,36.88016666666667,37.30258333333334,34.213480000000004,39.15607329246801,38.9379759590593,76.92307692307692,49.46351931330476,55.07042253521127,0.21809733340870707,0.34705116444984635,-0.25790766208227855,0.21809733340870707,0.4345209230860079,-0.4328471793546017,42.850280906092685,39.8775,36.90471909390731,54.7736353939092,36.46485923267407,91.39118771637945,53.348472107696765,35.072454118436696,89.90050808621692,1.774598763399517,18.152317209207922,-8.793969849246096,0.050268373245251866,0.048590714690575444,0.020625666102438846,0.038035808409705434,0.10357418847528713,0.0910772488947369,0.18958960035635072,135.22990872015072
2025-04-03,40.34,41.48,39.0,39.79,5580712,223529246.19,3.8693,-2.2359,39.17,38.75,39.8545,39.287,36.96,37.35775,34.137119999999996,39.17,38.75,39.8545,39.287,36.96,37.35775,34.137119999999996,39.25360047824216,39.00108885098083,68.52248394004276,45.962113659022926,57.669616519174035,0.2525116272613346,0.328143257012144,-0.15126325950161879,0.2525116272613346,0.4065194929591351,-0.308015731395601,42.82225992074969,39.8545,36.886740079250316,57.07509177432194,43.33493674655669,84.55540182985243,56.12498291684698,42.0899637179068,84.19502131472734,1.9028535336905135,7.860347482989052,-38.321995464852584,0.015828440132754595,0.02683870967741933,-0.0016183868822843704,0.012803217349250391,0.07656926406926402,0.06510697244882242,0.16559334823792998,79.76186482953396
2025-04-07,37.88,39.18,33.6,35.1,9433816,347507303.06,6.5407,-11.7869,38.69,38.335,39.5595,39.20166666666667,36.98166666666667,37.37983333333333,34.049519999999994,38.69,38.335,39.5595,39.20166666666667,36.98166666666667,37.37983333333333,34.049519999999994,38.61458502005106,38.712119306463734,35.55555555555557,34.3517138599106,47.24124043495772,-0.09753428641267448,0.24300774832718028,-0.6810840694797096,-0.09753428641267448,0.3289727576711644,-0.8530140881676778,43.15448759237261,39.5595,35.96451240762739,44.39523884785592,43.688370780323105,45.808974982921555,43.761832942872616,42.64725345956207,45.9909919094937,2.682334709383147,-201.23349586979285,-80.96446700507613,-0.09278883432411467,-0.08438763532020345,-0.11272892731202362,-0.10462990519110582,-0.050881067195457236,-0.060990997819679836,0.030851536233110117,28.53197095164632
2025-04-08,35.39,37.2,35.18,36.65,6847917,249995646.63,4.7479,4.416,38.346,38.182,39.327000000000005,39.169333333333334,37.053666666666665,37.432,33.988119999999995,38.346,38.182,39.327000000000005,39.169333333333334,37.053666666666665,37.432,33.988119999999995,38.31234117081244,38.55936972820716,45.89371980676328,36.34393063583815,46.812829882257404,-0.24702855739472085,0.14500048718280006,-0.7840580891550418,-0.24702855739472085,0.24035717073795126,-0.9747714562653442,43.04731181486701,39.327000000000005,35.606688185133,42.49868715068567,43.29180957044396,40.91244231116909,42.076416547363465,42.4569744888292,41.31530066443199,2.576455671313484,-154.6595182248036,-61.29441624365484,-0.04422886350597189,-0.04012361845895981,-0.06807028250311507,-0.06431902508765366,-0.010894108545263164,-0.020891216071810312,0.07831795344961721,154.05245550783548
2025-04-09,36.51,40.7,35.71,40.2,9741639,379331323.93,6.7542,9.6862,38.488,38.35600000000001,39.188,39.245333333333335,37.191333333333326,37.540333333333336,33.95532,38.488,38.35600000000001,39.188,39.245333333333335,37.191333333333326,37.540333333333336,33.95532,38.602750221456674,38.680897896488105,57.02225633154261,52.930289944478716,48.96766653681342,-0.07814767503143116,0.10037085473995382,-0.35703705954277,-0.07814767503143116,0.19135642523496935,-0.539008200532801,42.52123677050699,39.188,35.85476322949302,56.25123982634546,47.61161965574446,73.53048016754747,55.96972609079732,46.96122502281858,73.98672822675479,3.015281912892851,-22.76241233724537,-16.24365482233496,0.04448139679900237,0.04807592032537266,0.025824231907726865,0.02432560983896178,0.08089698316812191,0.07084824322284475,0.18390873653966455,252.06975604554808
2025-04-10,40.91,42.78,40.2,41.26,10406559,433924195.9,7.2152,2.6368,38.6,38.676,39.165499999999994,39.37266666666667,37.3365,37.639583333333334,33.93708,38.6,38.676,39.165499999999994,39.37266666666667,37.3365,37.639583333333334,33.93708,39.01155787969411,38.87194249674825,56.82343870470314,59.50617283950616,51.923809523809524,0.13961538294586262,0.10821976038113558,0.06279124512945408,0.13961538294586262,0.18339626488279906,-0.08756176387387288,42.43247332965557,39.165499999999994,35.89852667034442,65.3149151492993,53.512718153596076,88.91930914070575,65.12723932560053,53.0165631237459,89.34859172930979,2.9361397469123323,118.95886918925885,-16.55773420479306,0.0689119170984455,0.06681145930292677,0.053478188712004285,0.04793511573172583,0.10508483655404222,0.09618641722477438,0.2157793186685477,129.72739745892852
2025-04-11,41.06,44.22,41.02,43.02,11987389,515706794.55,8.3112,4.2656,39.246,39.208,39.2765,39.522000000000006,37.5195,37.75875,33.90916,39.246,39.208,39.2765,39.522000000000006,37.5195,37.75875,33.90916,39.628241282818095,39.17920601550764,58.57988165680473,62.89592760180996,53.705062362435804,0.44903526731045673,0.1763828617669998,0.5453048110869139,0.44903526731045673,0.2242638037178233,0.44954292718526684,42.9078388860174,39.2765,35.645161113982596,73.11013175678335,60.045189354658504,99.24001656103303,72.98501454098417,59.67271359615866,99.60961643063519,2.9841143383828164,176.2011072253555,-11.29943502824855,0.09616266625898183,0.09722505611099788,0.09531144577546381,0.08850766661606187,0.1466037660416584,0.13933856390902782,0.2686837420921074,151.84896081217664
2025-04-14,43.89,43.89,42.0,42.7,9652368,414947252.99,6.6923,-0.7438,40.766000000000005,39.727999999999994,39.378,39.723,37.688833333333335,37.8715,33.8746,40.766000000000005,39.727999999999994,39.378,39.723,37.688833333333335,37.8715,33.8746,40.10081954699993,39.44000556991448,61.252900232018575,63.18181818181818,52.565982404692086,0.6608139770854464,0.2732690848306891,0.7750897845095146,0.6608139770854464,0.29142536885130377,0.7387772164682853,43.27695856538332,39.378,35.47904143461668,77.30254860370619,65.7976424376744,100.31236093576976,77.21913712650672,65.52152143960802,100.61436850030412,2.7851844586768495,164.1850784502083,-14.312617702448177,0.047441495363783476,0.07480869915424912,0.08436182640052828,0.07494398711074199,0.13296157570986988,0.12749693040941093,0.2605314896707268,92.80570831709608
2025-04-15,42.83,43.5,41.8,43.28,7250678,309965522.32,5.0271,1.3583,42.092,40.219,39.501999999999995,39.95,37.87316666666666,37.97691666666667,33.837360000000004,42.092,40.219,39.501999999999995,39.95,37.87316666666666,37.97691666666667,33.837360000000004,40.58992423207686,39.72444960177267,96.3718820861678,65.65656565656565,50.5729564553094,0.8654746303041918,0.3917101939253897,0.9475288727576042,0.8654746303041918,0.3797406398440558,0.971467980920272,43.73482710053188,39.501999999999995,35.26917289946811,81.91795770065033,71.17108085866639,103.41171138461823,81.86235004918403,70.9684643094667,103.65012152861868,2.587878193462877,146.9661588643016,-8.851224105461375,0.028223890525515594,0.07610830701907058,0.09564072705179501,0.0833541927409261,0.14276158581933573,0.13963964952394328,0.27905959566585564,114.44419554373886
2025-04-16,43.06,43.45,41.63,43.25,6760041,289291500.52,4.6869,-0.0693,42.702,40.595000000000006,39.634499999999996,40.117666666666665,38.04933333333334,38.05583333333333,33.80304,42.702,40.595000000000006,39.634499999999996,40.117666666666665,38.04933333333334,38.05583333333333,33.80304,40.99916665791119,39.98560148312284,95.20547945205477,66.28895184135976,53.087409783480354,1.0135651747883472,0.5160811900979813,0.9949679693807318,1.0135651747883472,0.47725210675856217,1.07262613605957,44.167320546315786,39.634499999999996,35.101679453684206,84.90073514004436,75.74763228579238,103.20694084854833,84.86366337240015,75.60019733044452,103.39059545631144,2.448263976469627,130.41723213975058,-9.1337099811676,0.012833122570371454,0.06540214312107387,0.09122103218155912,0.0780786519654683,0.13668220205347434,0.13648805483171658,0.2794707221599003,99.30899731861253
2025-04-17,42.89,45.78,42.51,44.01,8678081,389223333.81,6.0168,1.7572,43.251999999999995,40.926,39.87,40.227,38.193666666666665,38.13008333333333,33.76876,43.251999999999995,40.926,39.87,40.227,38.193666666666665,38.13008333333333,33.76876,41.46237178746332,40.283705076965596,92.23946784922391,66.07753705815279,56.4743848325938,1.1786667104977226,0.6485982941779296,1.0601368326395861,1.1786667104977226,0.5851620457953561,1.187009329404733,44.80152266438201,39.87,34.93847733561798,85.08981685855174,78.8616938100455,97.54606295556425,85.06510234678893,78.75516566922599,97.68497570191482,2.5976705262024224,154.1844333491259,-14.532019704433525,0.01752520114676784,0.07535551971851624,0.10383747178329573,0.09404131553434264,0.15228528290030632,0.15420676150283788,0.30327557185990833,119.02894043053477
2025-04-18,44.0,45.38,43.22,43.33,5850285,258373453.73,4.0562,-1.5451,43.31400000000001,41.28,40.015,40.32966666666666,38.34166666666667,38.20075,33.746480000000005,43.31400000000001,41.28,40.015,40.32966666666666,38.34166666666667,38.20075,33.746480000000005,41.749699204776654,40.50935655274593,75.06053268765132,61.22807017543859,55.24861878453038,1.2403426520307264,0.766947165748489,0.9467909725644748,1.2403426520307264,0.6859590621392593,1.1087671797829342,45.180820870200385,40.015,34.849179129799616,82.3554753899779,80.02628767002297,87.01385082988776,83.33842072161409,80.28291735335536,89.44942745813154,2.5180940668928917,127.13001748749437,-20.114942528735654,0.00036939557648776677,0.04966085271317822,0.0828439335249281,0.07439519295142545,0.13010215170615075,0.13427092400018323,0.28398576681182724,85.58018179672597
2025-04-21,43.4,44.79,43.01,43.76,5508099,242388039.76,3.8189,0.9924,43.525999999999996,42.146,40.2405,40.42166666666666,38.50266666666666,38.26275,33.72556,43.525999999999996,42.146,40.2405,40.42166666666666,38.50266666666666,38.26275,33.72556,42.05897625019563,40.750144956246224,63.21428571428564,59.374999999999986,55.772230889235566,1.3088312939494031,0.8753239913886719,0.8670146051214624,1.3088312939494031,0.7817855593408198,1.0540914692171666,45.65354263110463,40.2405,34.82745736889537,81.55045595346424,80.53434376450339,83.58268033138594,82.5400792232144,81.03530464330838,85.54962838302646,2.3838951456396384,106.51398619621612,-19.056603773584932,0.005376097045444143,0.03829544915294446,0.08746163690809013,0.08258772110666736,0.1365446549156769,0.1436710638937348,0.29753219813103166,110.37894605217771
2025-04-22,43.66,44.13,43.31,43.98,4087412,179065787.1,2.8339,0.5027,43.666,42.879000000000005,40.5305,40.510999999999996,38.66333333333333,38.338,33.713680000000004,43.666,42.879000000000005,40.5305,40.510999999999996,38.66333333333333,38.338,33.713680000000004,42.35451836555015,40.98939347800576,73.70370370370364,63.403710812539984,56.58612626656272,1.3651248875443898,0.9732841706198154,0.7836814338491487,1.3651248875443898,0.8715300713721383,0.9871896323445029,46.09800147116458,40.5305,34.96299852883543,76.94761579693312,79.3387677753133,72.16531184017276,82.40176085917041,81.49079004859573,84.22370248031979,2.0995505737051587,92.566805914727,-17.87487586891762,0.007190949480144737,0.025676904778562742,0.08510874526591068,0.08563106316802847,0.13751185447021305,0.14716469299389628,0.3045149624722069,105.14269800331444
2025-04-23,44.85,45.2,42.23,43.12,7300151,318839961.79,5.0614,-1.9554,43.64,43.17100000000001,40.7635,40.51566666666667,38.81949999999999,38.40391666666667,33.70175999999999,43.64,43.17100000000001,40.7635,40.51566666666667,38.81949999999999,38.40391666666667,33.70175999999999,42.47228477085012,41.147216183338664,47.315436241610676,83.98305084745762,57.57335448057097,1.3250685875114598,1.0436410539981442,0.5628550670266312,1.3250685875114598,0.9413052277012647,0.7675267196203903,46.356142817492604,40.7635,35.1708571825074,66.0042928842299,74.89394281161884,48.22499302945201,72.37775694076113,78.45311234598421,60.22704613031499,2.2578141057587673,75.62669610413522,-47.67025089605743,-0.011915673693858916,-0.001181348590489195,0.05780906938805541,0.0642796613655622,0.11078195236929914,0.12280214474652099,0.2794584021724683,82.07960760164819
2025-04-24,43.24,43.74,42.21,43.13,5104489,219380634.32,3.5391,0.0232,43.464,43.358,41.017,40.562999999999995,38.9565,38.473333333333336,33.69348,43.464,43.358,41.017,40.562999999999995,38.9565,38.473333333333336,33.69348,42.57347172918087,41.29408905864691,47.97297297297301,81.57894736842105,55.601659751037346,1.2793826705339626,1.090789377305308,0.3771865864573094,1.2793826705339626,0.9933171419832182,0.5721310571014888,46.553006921186096,41.017,35.48099307881391,56.05105469390428,68.612980105714,30.927203870284814,63.02774832465308,73.31132433887385,42.46059629621155,2.1254842683480826,56.4197548057062,-55.672268907563016,-0.007684520522731366,-0.005258545135845621,0.05151522539434867,0.06328427384562305,0.10713231424794332,0.1210362155605614,0.2800696158425904,100.23215311802242
2025-04-25,43.0,43.04,41.76,42.12,5964129,252138344.03,4.1351,-2.3418,43.221999999999994,43.268,41.238,40.607,39.110166666666665,38.53158333333333,33.689479999999996,43.221999999999994,43.268,41.238,40.607,39.110166666666665,38.53158333333333,33.689479999999996,42.50370684776843,41.355267646895285,20.560747663551467,62.43523316062172,55.996656916005,1.1484392008731419,1.1023193420188746,0.09223971770853456,1.1484392008731419,1.0171820741201294,0.262514253506025,46.565432876393025,41.238,35.910567123606974,41.303112767823706,59.50969099308391,4.889956317303302,45.954241854989576,64.19229684424576,9.47813187647722,1.9881234922847955,32.110810704909646,-88.19277108433748,-0.02549627504511584,-0.026532310252380585,0.02138804015713657,0.037259585785701925,0.07695782426564277,0.0931292294849031,0.25024191528037837,78.90218746942597
2025-04-28,42.03,42.51,41.62,41.74,3789941,158724412.65,2.6277,-0.9022,42.818,43.172000000000004,41.45,40.64266666666666,39.232166666666664,38.597833333333334,33.694280000000006,42.818,43.172000000000004,41.45,40.64266666666666,39.232166666666664,38.597833333333334,33.694280000000006,42.38621348657328,41.38376633971785,22.680412371134125,53.40909090909093,57.6592082616179,1.002447146855431,1.082344902986186,-0.15979551226151,1.002447146855431,1.0149151622332528,-0.024936030755643657,46.48028303063188,41.45,36.419716969368125,28.496946973420968,49.17210965319626,-12.853378386129606,31.597699698198216,53.327431128896585,-11.861763163198518,1.7884646755057416,17.03261220536012,-97.1153846153845,-0.02517632771264412,-0.03316964699342171,0.006996381182147144,0.0269995407125518,0.06392288640698758,0.0814078510451796,0.23878593043092164,91.33575480398407
2025-04-29,41.7,43.08,41.31,42.67,4202526,178466218.84,2.9137,2.2281,42.556,43.111,41.665,40.705,39.372166666666665,38.663583333333335,33.69664000000001,42.556,43.111,41.665,40.705,39.372166666666665,38.663583333333335,33.69664000000001,42.4298729501774,41.47904290714616,34.01759530791796,47.18196457326891,58.81121808287986,0.9508300430312389,1.0560419309951965,-0.21042377592791528,0.9508300430312389,1.0050559131252506,-0.1084517401880234,46.50497172673889,41.665,36.82502827326111,29.139649958417856,42.49462308827013,2.429703698713297,31.20681844160269,45.95389356646529,1.7126681918774835,1.785107461777424,25.492603636788857,-69.57494407158838,0.0026788231976690555,-0.010229407807751976,0.024120964838593606,0.04827416779265455,0.08376052456684722,0.10362248713798297,0.26629836090482584,124.65278365593011
2025-04-30,42.67,45.0,42.33,44.61,6626512,291133571.61,4.5944,4.5465,42.854,43.247,41.921,40.83866666666667,39.56566666666666,38.771499999999996,33.70736,42.854,43.247,41.921,40.83866666666667,39.56566666666666,38.771499999999996,33.70736,42.76527711168857,41.71096565476496,56.14035087719301,62.19667943805873,62.878489972473446,1.0543114569236067,1.0556958361808786,-0.0027687585145437232,1.0543114569236067,1.0126336890942285,0.08335553565875653,46.81787290118592,41.921,37.02412709881408,46.45346033263891,43.81423550305973,51.73190999179728,45.413046746303344,45.77361129307798,44.691917652754086,1.945997014181529,77.99466744942646,-26.17449664429535,0.040976338264806095,0.0315166369921613,0.06414446220271464,0.09234712200855393,0.1274926914749322,0.15058741601434053,0.3234498341015137,155.98965725290304
2025-05-06,44.82,47.81,44.58,47.71,9797162,452207758.15,6.7927,6.9491,43.77,43.617,42.2715,41.11900000000001,39.783166666666666,38.88491666666666,33.73368,43.77,43.617,42.2715,41.11900000000001,39.783166666666666,38.88491666666666,33.73368,43.52600370989033,42.15533856922682,81.13975576662145,71.40096618357487,67.76712815051472,1.3706651406635117,1.1186896970774054,0.5039508871722127,1.3706651406635117,1.0677154508741182,0.605899379578787,47.767271676082686,42.2715,36.77572832391732,63.78948637560542,50.47265246057496,90.42315420566635,63.09587731804838,51.547699968068116,86.1922320180089,2.179452102512161,163.7710535205831,-1.5384615384615603,0.09001599268905637,0.09383955797051617,0.12865642335852756,0.16029086310464732,0.19925093946769784,0.2269538960050921,0.41431352879377525,195.78162694506568
2025-05-07,48.0,49.19,46.6,47.46,9944824,475556106.08,6.895,-0.524,44.838,44.03,42.654999999999994,41.35333333333333,39.97116666666667,38.975,33.754400000000004,44.838,44.03,42.654999999999994,41.35333333333333,39.97116666666667,38.975,33.754400000000004,44.13123390836874,42.5482764529878,78.44940867279894,69.91485335856197,67.6470588235294,1.5829574553809422,1.2115432487381128,0.7428284132856589,1.5829574553809422,1.1469834515674757,0.871948007626933,48.48212170529025,42.654999999999994,36.82787829470974,68.54155267679957,56.4956191993165,92.6334196317657,68.0791466384282,57.05818219152148,90.12107553224163,2.254097174782676,185.0366806260954,-21.954314720812157,0.058477184530978187,0.07790143084260731,0.11264798968467958,0.14767048202482677,0.18735588570094272,0.21770365618986529,0.4060389164079348,94.88185639609247
2025-05-08,47.46,48.86,47.21,48.02,6366012,304871738.72,4.4137,1.1799,46.094,44.456,43.301,41.64566666666667,40.1645,39.06483333333333,33.778040000000004,46.094,44.456,43.301,41.64566666666667,40.1645,39.06483333333333,33.778040000000004,44.72950561477356,42.95358930832204,91.20111731843582,69.33461909353908,67.28771049802938,1.7759163064515207,1.3244178602807943,0.9029968923414526,1.7759163064515207,1.243742352318867,1.0643479082653071,48.42363871147143,43.301,38.17836128852857,74.07846320585287,62.356567201495295,97.52225521456802,73.7701925136053,62.62885229888276,96.05287294305035,2.1442613248221893,188.0672068713522,-14.847715736040549,0.04178418015359921,0.08016915601943495,0.10898131682871068,0.1530611428159792,0.1955831642370752,0.2292385734825441,0.4216337004752199,112.44605368571266
2025-05-09,48.85,49.28,46.76,48.05,8236008,394401603.41,5.7103,0.0625,47.17,44.863,43.870999999999995,41.974666666666664,40.333666666666666,39.14358333333334,33.794239999999995,47.17,44.863,43.870999999999995,41.974666666666664,40.333666666666666,39.14358333333334,33.794239999999995,45.240350904808395,43.33110121140929,96.32892804698972,74.2798353909465,65.95824011931393,1.9092496933991043,1.4413842269044563,0.935730932989296,1.9092496933991043,1.3461280971004421,1.1262431925973244,48.377509443934,43.870999999999995,39.36449055606599,77.57468437897509,67.4292729273219,97.86550728228147,77.36917058414338,67.54229172730297,97.0229282978242,2.2125774475817916,172.9671165305634,-15.432873274780478,0.0186559253762984,0.0710384949735862,0.09525654760547976,0.14473809599440932,0.19131246849199587,0.2275319709701247,0.42183993485280347,100.62649896959601
2025-05-12,47.3,51.44,47.03,49.4,10465150,519866478.82,7.2558,2.8096,48.128,45.491,44.331,42.33933333333333,40.534666666666666,39.21541666666666,33.81832000000001,48.128,45.491,44.331,42.33933333333333,40.534666666666666,39.21541666666666,33.81832000000001,45.88029691945326,43.780649269823414,96.54218533886583,76.50375939849624,66.13501483679524,2.099647649629844,1.573036911449534,1.0532214763606205,2.099647649629844,1.4620541821049655,1.2751869350497573,49.12853401566106,44.331,39.533465984338946,78.33705513386099,71.06520032950161,92.88076474257974,78.20004593730651,71.09487646397082,92.41038488397788,2.612108820748738,181.35427479652833,-20.138203356367228,0.026429521276595713,0.08592908487393108,0.11434436398908203,0.16676376576548216,0.21870991085819544,0.259708660497041,0.4607467195295328,131.9275718333017
2025-05-13,49.38,49.38,47.36,47.58,7790262,373642102.63,5.4012,-3.6842,48.102000000000004,45.936,44.647000000000006,42.656666666666666,40.70433333333334,39.26366666666666,33.82712,48.102000000000004,45.936,44.647000000000006,42.656666666666666,40.70433333333334,39.26366666666666,33.82712,46.14178970107584,44.0620826572439,70.88607594936708,64.70588235294119,63.97560100466451,2.079707043831938,1.6743709379260148,0.8106722118118466,2.079707043831938,1.5570776992937305,1.045258689076415,49.42535955112699,44.647000000000006,39.86864044887302,72.85649019453845,71.66229695118056,75.24487668125423,72.76515073016881,71.65163455270348,74.99218308509947,2.508089035158058,115.12583419558636,-38.10463968410663,-0.01085193962829,0.03578892371995817,0.06569310367997833,0.11541767601781665,0.16891731429086157,0.2118073537027449,0.40656372756533804,68.70287127819968
2025-05-14,48.0,48.22,46.4,46.83,6412311,301542753.99,4.4458,-1.5763,47.976,46.407,44.8375,42.961,40.87916666666667,39.32483333333333,33.826480000000004,47.976,46.407,44.8375,42.961,40.87916666666667,39.32483333333333,33.826480000000004,46.24766820860263,44.26711357152213,40.75630252100837,65.2926628194559,74.50898453823652,1.9805546370805018,1.7356076777569123,0.4898939186471791,1.9805546370805018,1.6222279974147722,0.7166532793314593,49.64643849758249,44.8375,40.02856150241751,66.73486315700391,70.01981901978836,60.164951431435014,66.6739701807575,69.99241309538816,60.03708435149616,2.382981937856593,72.85718010899875,-45.50839091806517,-0.023886943471735884,0.009115004201952331,0.04443824923334262,0.090058425083215,0.14557129752318812,0.19085056516450594,0.3844183610000211,85.3094615483436
2025-05-15,47.05,47.41,46.0,46.08,4885298,227288584.89,3.3871,-1.6015,47.588,46.840999999999994,45.0065,43.24699999999999,41.038,39.376083333333334,33.82412,47.588,46.840999999999994,45.0065,43.24699999999999,41.038,39.376083333333334,33.82412,46.22187309958684,44.40140145511309,36.88212927756651,61.46076146076145,70.38478166882837,1.8204716444737485,1.7525804711002797,0.13578234674693768,1.8204716444737485,1.65272702003923,0.33548924886903686,49.736063349140295,45.0065,40.27693665085971,58.21109428176405,66.08357744044693,42.46612796439828,60.14526606983043,66.71003075353559,47.0157367024201,2.2060761309735755,46.24754826055559,-52.91214215202371,-0.03168866100697661,-0.0162464507589504,0.02385211025074146,0.06550743404166777,0.12286173790145724,0.1702535168344574,0.36234142972529654,85.09090179272378
2025-05-16,46.35,46.7,45.73,45.79,4777931,220914228.43,3.3127,-0.6293,47.135999999999996,47.153000000000006,45.132,43.49433333333333,41.2035,39.44266666666667,33.818479999999994,47.135999999999996,47.153000000000006,45.132,43.49433333333333,41.2035,39.44266666666667,33.818479999999994,46.155431084265786,44.50426060658619,27.65531062124242,65.10288065843622,64.06643180674382,1.6511704776795924,1.7322984724161423,-0.16225598947309994,1.6511704776795924,1.6524875519839013,-0.002634148608617881,49.8014915760492,45.132,40.462508423950794,44.68689084284757,58.95134857458048,16.157975379381753,52.756924544175284,62.058995350415486,34.15278293169487,1.981335016251108,28.66208577612461,-62.019758507135,-0.028555668703326473,-0.028905902063495567,0.014579455818488019,0.0527808220227923,0.11131335930200106,0.1609255628422689,0.3539934379073219,93.88186990346529
2025-05-19,45.8,46.42,45.36,46.28,4549476,209513355.83,3.1543,1.0701,46.512,47.32,45.283500000000004,43.72066666666667,41.396499999999996,39.53416666666667,33.8008,46.512,47.32,45.283500000000004,43.72066666666667,41.396499999999996,39.53416666666667,33.8008,46.174595532840286,44.635796857950176,33.7614678899083,68.51549755301795,63.00518134715026,1.53879867489011,1.693598512910936,-0.3095996760416524,1.53879867489011,1.6349969555079333,-0.19239656123564686,49.892111047736734,45.283500000000004,40.674888952263274,34.8351202110212,50.91260578672738,2.680149059608823,43.43173006540745,55.849906922079484,18.59537635206337,1.813819558750907,22.690976480527763,-75.21865889212823,-0.004987960096319214,-0.02197802197802196,0.02200580785495815,0.05853829615284901,0.11796891041513184,0.1706329967749414,0.3691983621689427,111.23131396206377
2025-05-20,46.0,46.29,44.86,45.15,5563665,251848357.3,3.8574,-2.4417,46.025999999999996,47.06400000000001,45.340500000000006,43.869,41.538833333333336,39.611250000000005,33.7854,46.025999999999996,47.06400000000001,45.340500000000006,43.869,41.538833333333336,39.611250000000005,33.7854,46.01696545086486,44.673885979583495,9.369024856596596,59.95184590690207,55.70433851098017,1.3430794712813636,1.6234947045850219,-0.5608304666073165,1.3430794712813636,1.5900865733192302,-0.49401420407573315,49.910832131182715,45.340500000000006,40.770167868817296,24.692511751623044,42.17257444169261,-10.267613628516088,30.42358498788055,47.374466277346514,-3.4781775910513772,1.7440341844325602,1.3664774404697164,-95.59270516717326,-0.01903272063616212,-0.040668026517083296,-0.004201541668045284,0.02920057443752989,0.08693471570779139,0.13982770046388318,0.33637606776891776,78.0987429529438
2025-05-21,45.0,45.65,44.74,44.83,3523531,158697220.96,2.443,-0.7087,45.626,46.801,45.415499999999994,44.037,41.662000000000006,39.66941666666666,33.76668,45.626,46.801,45.415499999999994,44.037,41.662000000000006,39.66941666666666,33.76668,45.83435538150104,44.68544998109583,13.136729222520145,51.01476014760148,55.70433851098017,1.1489054004052122,1.52857684374906,-0.7593428866876959,1.1489054004052122,1.5222125467170737,-0.7466142926237231,49.89524846566601,45.415499999999994,40.93575153433398,16.909435695111867,33.75152819283237,-16.774749300329134,20.730151185950202,38.49302791354775,-14.795602269244895,1.5923916054448213,-13.01802585057669,-98.6567164179105,-0.017446192960154285,-0.042114484733232274,-0.012892074291816586,0.018007584531189665,0.07604051653785204,0.13008972067062582,0.32764014703251837,93.13434019177558
2025-05-22,45.23,46.25,44.37,44.53,5272641,239093643.09,3.6557,-0.6692,45.315999999999995,46.452,45.454,44.351333333333336,41.77649999999999,39.72,33.75304,45.315999999999995,46.452,45.454,44.351333333333336,41.77649999999999,39.72,33.75304,45.633685322808574,44.67393516768132,14.939024390243972,30.223880597014926,53.39858618814573,0.9597501551272529,1.4148115060246989,-0.9101227017948919,0.9597501551272529,1.4356798710878704,-0.951859431921235,49.88683157691799,45.454,41.02116842308201,12.02731828047535,26.510124888713364,-16.938294936000673,14.574461941034242,30.520172589376585,-17.316959355650447,1.6446840408184904,-16.422866373507897,-97.73691654879768,-0.017344867155088584,-0.04137604408852142,-0.020328243938927255,0.0040284395809219884,0.06591026055318205,0.1210976837865056,0.319288573710694,93.50601798045402
2025-05-23,44.23,44.76,43.46,43.5,4903262,216665241.07,3.3996,-2.313,44.858,45.997,45.43,44.57966666666667,41.8745,39.75816666666666,33.74452,44.858,45.997,45.43,44.57966666666667,41.8745,39.75816666666666,33.74452,45.30542604237649,44.58697700711233,13.764044943820267,27.551020408163268,50.64466219700877,0.7184490352641575,1.2755390118725904,-1.114179953216866,0.7184490352641575,1.32533666557653,-1.213775260624745,49.901462730160674,45.43,40.958537269839326,8.243437412208788,20.421229063211843,-16.112145889797322,9.883392338300187,23.641245839017788,-17.632314663135016,1.582014215215128,-57.800173970425185,-99.49874686716794,-0.030273306879486313,-0.05428614909668022,-0.04248294078802553,-0.024218814257621218,0.0388183739507338,0.09411483594565494,0.2890982002411058,79.13445545914968
2025-05-26,43.5,44.12,43.02,43.78,3222581,140244934.1,2.2343,0.6437,44.358,45.435,45.463,44.699,41.972166666666666,39.82450000000001,33.73808,44.358,45.435,45.463,44.699,41.972166666666666,39.82450000000001,33.73808,45.07074511278011,44.52720093251142,21.690140845070474,25.175644028103036,49.391856160761506,0.5435441802686896,1.1291400455518101,-1.1711917305662412,0.5435441802686896,1.205060898606093,-1.3230334366748067,49.87198651677579,45.463,41.05401348322421,10.36741981326739,17.06995931323036,-3.0376591866585514,10.572156737063846,19.284882805033142,-6.853295398874746,1.4943752669941945,-67.8463946069578,-88.05031446540883,-0.01303034401911709,-0.03642566303510512,-0.03701911444471328,-0.020559744065862702,0.0430721946686892,0.09932328089492631,0.2976434936427919,106.62646292391199
2025-05-27,43.65,45.0,42.9,44.91,4818795,211972924.17,3.341,2.5811,44.309999999999995,45.16799999999999,45.552,44.82066666666666,42.096666666666664,39.901500000000006,33.73703999999999,44.309999999999995,45.16799999999999,45.552,44.82066666666666,42.096666666666664,39.901500000000006,33.73703999999999,45.04601509542932,44.555556418992055,33.651551312649104,33.71369294605809,54.08057851239669,0.4904586764372638,1.001403771728901,-1.0218901905832745,0.4904586764372638,1.0951220951955039,-1.20932683751648,49.8326915329007,45.552,41.2713084670993,21.767489040330506,18.635802555597078,28.030862009797367,19.6420894537819,19.403951687949395,20.11836498544691,1.604488854813432,-48.98937992463155,-62.218045112781994,0.01354096140826002,-0.0057120085015939515,-0.014093782929399433,0.0019931281700406645,0.06683031118853432,0.1255215969324459,0.33117783895682623,129.02473575740567
2025-05-28,44.6,45.49,44.51,44.71,4189668,188352243.77,2.9048,-0.4453,44.286,44.956,45.6815,44.876999999999995,42.19949999999999,39.971583333333335,33.79076,44.286,44.956,45.6815,44.876999999999995,42.19949999999999,39.971583333333335,33.79076,44.994320465363266,44.5669966842519,43.251533742331304,22.37926972909304,52.48301097752222,0.4273237811113688,0.8865877736053946,-0.9185279849880517,0.4273237811113688,0.9923838930287138,-1.13012022383469,49.67189517893384,45.6815,41.69110482106616,30.38885234267648,22.553485817956876,46.05958539211569,26.47240553385906,21.760102969919284,35.89701066173861,1.4909454266655358,-32.54064221416095,-59.866962305986625,0.009574131779794957,-0.0054720170833704555,-0.021266814793734858,-0.0037212826169305993,0.059491226199362736,0.11854463274951578,0.3231427763092633,95.63484273870235
2025-05-29,44.55,46.36,44.51,46.15,4494895,205813483.42,3.1164,3.2208,44.61,44.963,45.902,44.992,42.357499999999995,39.99316666666666,33.847,44.61,44.963,45.902,44.992,42.357499999999995,39.99316666666666,33.847,45.17211731684584,44.684256189122124,65.06849315068497,41.18372379778051,55.33169533169534,0.48786112772371837,0.8068424444290594,-0.637962633410682,0.48786112772371837,0.9147650060587145,-0.8538077566699922,49.43670373951821,45.902,42.367296260481794,51.03575004663277,32.04757389418218,89.01210235153397,46.15704228573057,29.892416075189715,78.68629470681228,1.5562280763627112,-10.133575509894753,-14.473684210526411,0.03452140775610848,0.02639948402019433,0.005402814692170223,0.0257379089615932,0.08953550138700359,0.15394713263515866,0.36348864005672576,137.29994236749735
2025-05-30,46.2,46.2,45.3,45.38,3079264,140334943.05,2.1349,-1.6685,44.986000000000004,44.922,46.0375,45.062,42.506,40.00708333333333,33.89784,44.986000000000004,44.922,46.0375,45.062,42.506,40.00708333333333,33.89784,45.20409926810033,44.735792767705675,58.762886597938184,41.08241082410826,55.57749259624878,0.4683065003946538,0.7391352556221784,-0.5416575104550492,0.4683065003946538,0.8460790821103974,-0.7555451634314871,49.2429747574893,46.0375,42.8320252425107,57.91593355710012,40.67036044848816,92.40707977432403,54.25621000866888,38.01368071968277,86.7412685866411,1.436913880660401,-22.086077110214013,-29.545454545454497,0.00875828035388784,0.010195449890922166,-0.01428183546022262,0.00705694376636645,0.0676139839081542,0.13429913452826087,0.33872836735320005,84.51384524684619
2025-06-03,45.1,46.92,45.0,45.69,4457822,205980010.58,3.0907,0.6831,45.368,44.863,46.0915,45.14333333333333,42.630500000000005,40.021750000000004,33.9516,45.368,44.863,46.0915,45.14333333333333,42.630500000000005,40.021750000000004,33.9516,45.278853226854125,44.806474784912666,76.51331719128339,47.46423927178152,56.22568093385213,0.4723784419414585,0.6857838928860345,-0.42681090188915194,0.4723784419414585,0.7885866759305606,-0.6324164679782043,49.23143814888063,46.0915,42.95156185111938,61.74495072960901,47.69522387552844,89.84440443777015,59.30513503065485,45.11083215667347,87.69374077861761,1.5247477205403281,-15.409043340189836,-30.597014925373212,0.007097513666020005,0.018433898758442327,-0.008710933686254639,0.01210957690319723,0.07176786572993496,0.1416292391012385,0.34573922878450497,107.04506866128068
2025-06-04,45.7,46.49,45.38,45.46,3113888,142956279.53,2.1589,-0.5034,45.478,44.894,45.979,45.19166666666667,42.70933333333333,40.025749999999995,34.00428,45.478,44.894,45.979,45.19166666666667,42.70933333333333,40.025749999999995,34.00428,45.30672196118426,44.85488406010432,70.58823529411777,47.83748361730014,58.4428715874621,0.4518379010799407,0.6389946945248157,-0.37431358688975,0.4518379010799407,0.7367791721073883,-0.5698825420548952,49.03487888983219,45.979,42.923121110167806,62.39049783300634,52.59364852802108,81.98419644297687,60.76395403370358,50.328539449016844,81.63478320307703,1.4493390440784502,-18.29215072879176,-36.318407960199,-0.00039579576938301335,0.012607475386465953,-0.011287761804301927,0.005937672874792495,0.06440434565434568,0.13576884880358286,0.3368905326035428,95.0785901630972
2025-06-05,45.29,46.61,45.07,46.1,4082800,187739832.14,2.8307,1.4078,45.756,45.021,45.911,45.284,42.80683333333334,40.04324999999999,34.064080000000004,45.756,45.021,45.911,45.284,42.80683333333334,40.04324999999999,34.064080000000004,45.42876473638668,44.94711487046696,66.57381615598902,48.84318766066838,60.87824351297406,0.4816498659197208,0.6075257288037968,-0.2517517257681521,0.4816498659197208,0.6975285096169779,-0.43175728739451413,48.88761694225187,45.911,42.934383057748136,68.12766190525466,57.77165298709894,88.83967974156609,67.04329937238614,55.90012609013995,89.32964593687853,1.4658228542460043,-5.466128092280948,-20.398009950248746,0.0075181396975260335,0.023966593367539608,0.004116660495306137,0.01801960957512593,0.07693086384183205,0.1512552053092596,0.3533317206864238,115.00452803093484
2025-06-06,46.14,46.78,45.25,45.46,3132912,143221670.84,2.1721,-1.3883,45.618,45.114000000000004,45.783,45.34066666666667,42.88116666666667,40.0675,34.12604,45.618,45.114000000000004,45.783,45.34066666666667,42.88116666666667,40.0675,34.12604,45.43357016155797,44.98510636154348,59.30521091811417,52.12620027434844,57.06329113924051,0.44846380001448694,0.5757133430459349,-0.25449908606289595,0.44846380001448694,0.6592108619858253,-0.4214941239426768,48.59328262295817,45.783,42.97271737704183,66.6456386167701,60.72964819698933,78.47761945633164,65.92273026152444,59.24099414726812,79.28620249003707,1.4774914262012766,-5.242227042660557,-36.318407960199,-0.003463545091849736,0.007669459591257625,-0.007055020422427547,0.0026319271882488853,0.060139066489950786,0.13458538715916885,0.3321205742008155,86.95309803201951
2025-06-09,45.68,46.53,45.59,45.8,3490406,160558997.71,2.42,0.7479,45.702,45.344,45.6705,45.40133333333333,42.95616666666667,40.08733333333334,34.18864,45.702,45.344,45.6705,45.40133333333333,42.95616666666667,40.08733333333334,34.18864,45.489943982856744,45.045468853281,44.02730375426616,56.63474692202464,53.27823691460055,0.44447512957574276,0.5494657003518965,-0.2099811415523074,0.44447512957574276,0.6261745954611972,-0.363398931770909,48.2709815343267,45.6705,43.07001846567329,68.47686023870907,63.312052210895914,78.80647629433537,67.99492133521196,62.15896987658273,79.6668242524704,1.4034020759828627,12.949824224991907,-27.860696517413025,0.0021443262876897945,0.010056457304163637,0.0028355284045499867,0.00878094622771718,0.0662031450664824,0.1425055295937201,0.33962626182264044,107.73590549378214
2025-06-10,45.86,46.3,43.97,44.17,5443814,242838842.32,3.7744,-3.559,45.398,45.382999999999996,45.409000000000006,45.43633333333333,42.976,40.09466666666667,34.239079999999994,45.398,45.382999999999996,45.409000000000006,45.43633333333333,42.976,40.09466666666667,34.239079999999994,45.28687567780186,44.98061930859352,34.03693931398409,47.916666666666664,39.38848920863308,0.30625636920834154,0.5008238341231855,-0.389134929829688,0.30625636920834154,0.5769564068069117,-0.5414000751971404,47.41407671459882,45.409000000000006,43.40392328540119,47.91112716478913,58.178410528860326,27.37656043664674,55.86062749047299,60.05952241454616,47.46283764232665,1.5718744258041601,-67.7078737609928,-68.40796019900492,-0.027049649764306828,-0.026728069982151773,-0.027285339910590505,-0.027870500113712122,0.027782948622487032,0.10164277875694189,0.2900463447031874,69.6015982800861
2025-06-11,44.18,44.49,43.65,44.01,3383784,148867526.88,2.3461,-0.3622,45.108,45.293,45.2305,45.46566666666667,43.01433333333333,40.11166666666667,34.2908,45.108,45.293,45.2305,45.46566666666667,43.01433333333333,40.11166666666667,34.2908,45.090433265832345,44.908721582031035,26.92307692307689,53.28185328185327,39.60216998191679,0.18171168380131064,0.43700140405881055,-0.5105794405149998,0.18171168380131064,0.5161495263445116,-0.6688756850864019,47.04872904001459,45.2305,43.412270959985406,35.61047621383495,50.65576575718521,5.519897127134442,40.91014309762419,53.67639597557218,15.377637341728217,1.4388063483852225,-120.9981167608286,-88.99082568807343,-0.024341580207501975,-0.0283266729958272,-0.026984004156487353,-0.03201683321480691,0.02314732298536143,0.09718701957036588,0.2834346238641269,96.43611208248657
2025-06-12,43.89,44.47,43.11,43.13,3884613,169717179.13,2.6933,-1.9995,44.513999999999996,45.135,45.045500000000004,45.49933333333333,43.05316666666667,40.09941666666666,34.335080000000005,44.513999999999996,45.135,45.045500000000004,45.49933333333333,43.05316666666667,40.09941666666666,34.335080000000005,44.78882814801199,44.77696442780651,22.84382284382282,46.117084826762245,35.54109994086336,0.011863720205475659,0.35197386728814356,-0.6802202941653358,0.011863720205475659,0.4385670946308138,-0.8534067488506762,46.93020268487451,45.045500000000004,43.1607973151255,23.91529560362403,41.74227570599815,-11.738664601124214,27.448406859483526,44.93373293687596,-7.522245295301346,1.4244779214060908,-144.53786483868402,-99.47506561679782,-0.03109134204969208,-0.04442228868948699,-0.04252367051092787,-0.0520740230626089,0.0017846151463887616,0.07557674363509045,0.25614968714212977,81.71106966926087
2025-06-13,43.09,43.83,42.86,43.33,3356207,145427535.15,2.327,0.4637,44.088,44.853,44.908,45.55233333333333,43.0975,40.08174999999999,34.375440000000005,44.088,44.853,44.908,45.55233333333333,43.0975,40.08174999999999,34.375440000000005,44.56439304831783,44.66978187759862,14.025974025973866,39.38172043010749,36.18266978922715,-0.10538882928079119,0.26050132797435666,-0.7317803145102957,-0.10538882928079119,0.35488156787518227,-0.9205407943119469,46.87440842784753,44.908,42.941591572152475,19.802315295683663,34.42895556922666,-9.45096525140233,22.157722799589994,37.341729557780646,-8.210290716791306,1.3418455720595284,-144.74132062627666,-88.42364532019708,-0.017192886953366057,-0.03395536530443902,-0.035138505388794934,-0.048786377573047816,0.005394744474737554,0.08104062322628144,0.2604929565992462,104.73511378950971
2025-06-16,43.65,44.43,43.08,43.86,3606371,158291797.98,2.5004,1.2232,43.7,44.701,44.8115,45.592,43.1485,40.07191666666667,34.41892,43.7,44.701,44.8115,45.592,43.1485,40.07191666666667,34.41892,44.45602488703817,44.60979803481354,28.609625668449112,44.5302445302445,32.96432964329641,-0.1537731477753681,0.1776464328244117,-0.6628391611995597,-0.1537731477753681,0.27662699623663606,-0.8608002880240083,46.78507570224151,44.8115,42.8379242977585,21.70494489099999,30.187618676484437,4.739597320031088,22.981995823700387,32.55515164642056,3.8356841782600384,1.3433281953214327,-94.05227271160389,-75.36945812807883,0.003661327231121203,-0.018813896780832666,-0.02123338875065559,-0.037989120898403214,0.016489565106550655,0.0945321224548364,0.27429913547548845,112.92741400395283
2025-06-17,43.7,43.86,42.01,43.08,4744985,202561855.18,3.2898,-1.7784,43.482,44.440000000000005,44.6515,45.541000000000004,43.18983333333333,40.077416666666664,34.453799999999994,43.482,44.440000000000005,44.6515,45.541000000000004,43.18983333333333,40.077416666666664,34.453799999999994,44.24432875057076,44.496479661864385,17.46411483253584,28.410689170182778,35.216819973718756,-0.25215091129362577,0.09168696400080421,-0.68767575058886,-0.25215091129362577,0.19527654892428808,-0.8948549204358277,46.642577729814185,44.6515,42.66042227018581,21.94725187003074,27.440829740999874,10.960096128092474,22.798619158497672,29.302974150446268,9.789909174600481,1.4354503416266269,-138.08606294155516,-77.56813417190777,-0.009245204912377559,-0.030603060306030747,-0.035194786289374384,-0.054039217408489174,-0.0025430367486175606,0.07491958272426909,0.2503700607770407,83.57390071737284
2025-06-18,42.96,43.4,42.4,42.6,3290634,141210050.8,2.2815,-1.1142,43.2,44.153999999999996,44.524,45.370666666666665,43.24483333333333,40.08866666666667,34.48968,43.2,44.153999999999996,44.524,45.370666666666665,43.24483333333333,40.08866666666667,34.48968,43.991355096636795,44.35599968691147,24.09240924092404,29.618768328445668,35.85284280936453,-0.364644590274672,0.0004206531457089796,-0.730130486840762,-0.364644590274672,0.10913483520137114,-0.9475588509520863,46.69877790756078,44.524,42.34922209243922,18.75449216213093,24.545383881376893,7.172708723639005,19.322070354442218,25.97600621844492,6.014198626436816,1.3562775522399675,-130.17890772127998,-87.6310272536687,-0.013888888888888921,-0.03519499932055975,-0.0432126493576498,-0.061067356294815966,-0.014911222535254638,0.06264447142168193,0.23515208027444737,89.40031412354321
2025-06-19,42.39,43.09,42.03,42.59,3316159,141033521.88,2.2992,-0.0235,43.092,43.803000000000004,44.412,45.208333333333336,43.280833333333334,40.112833333333334,34.529,43.092,43.803000000000004,44.412,45.208333333333336,43.280833333333334,40.112833333333334,34.529,43.77576200484652,44.22518489528839,25.347222222222214,26.22699386503065,37.71991555242786,-0.44942289044187334,-0.08954805557180749,-0.7197496697401317,-0.44942289044187334,0.023202877410102754,-0.9452515357039522,46.74536080181029,44.412,42.078639198189705,16.780280910447207,21.95701622440033,6.426810282540963,16.93448994978192,22.96216746222392,4.879134924897919,1.3024089063781554,-126.56596827459286,-87.84067085953868,-0.011649494105634348,-0.02769216720315962,-0.0410249482121948,-0.05791705069124421,-0.015961645840152423,0.06175496619951226,0.23345593559037328,99.76550602747784
2025-06-20,42.59,42.85,41.95,42.0,2195383,92814693.19,1.5221,-1.3853,42.826,43.457,44.2855,45.00766666666666,43.32666666666667,40.13041666666666,34.57092,42.826,43.457,44.2855,45.00766666666666,43.32666666666667,40.13041666666666,34.57092,43.50256785025474,44.06035638452629,28.185328185328103,24.854651162790645,36.94004135079253,-0.5577885342715447,-0.18319615131175493,-0.7491847659195796,-0.5577885342715447,-0.0661804166947661,-0.9832162351535573,46.85436192287421,44.2855,41.716638077125786,11.569995702750225,18.494676050516965,-2.2793649927832575,11.653560985444113,19.192631969963987,-3.4245809835956393,1.229243650673036,-128.22614097388717,-98.9082969432315,-0.01928734880679962,-0.033527394896104214,-0.05160831423377853,-0.066825651925968,-0.030620095399292228,0.046587688058725325,0.2148939050508346,86.97941917568548
2025-06-23,41.6,43.98,41.6,43.83,4607962,199442414.34,3.1948,4.3571,42.82000000000001,43.260000000000005,44.302,44.867,43.420833333333334,40.1615,34.6126,42.82000000000001,43.260000000000005,44.302,44.867,43.420833333333334,40.1615,34.6126,43.55294202713863,44.043292948635454,55.92417061611375,35.93556381660467,42.271293375394286,-0.4903509214968267,-0.2446271053487693,-0.49144763229611477,-0.4903509214968267,-0.13143741743354465,-0.7178270081265641,46.853801015145635,44.302,41.750198984854364,33.4342070544286,23.47451971848751,53.35358172631077,23.584643493842165,20.656635811256713,29.44065885901307,1.4384720778233921,-70.84185387335219,-52.55319148936173,0.023587108827650412,0.01317614424410525,-0.010654146539659638,-0.023112755477299553,0.009423279915555067,0.09134369981200906,0.2663018669501857,153.18696172661123
2025-06-24,43.95,44.48,43.5,44.05,3115917,137553165.06,2.1604,0.5019,43.013999999999996,43.248000000000005,44.3155,44.68866666666667,43.514,40.188833333333335,34.659639999999996,43.013999999999996,43.248000000000005,44.3155,44.68866666666667,43.514,40.188833333333335,34.659639999999996,43.62941248450191,44.04378976725505,52.42966751918156,40.78431372549015,46.31860776439088,-0.41437728275313646,-0.27857714082964274,-0.2716002838469874,-0.41437728275313646,-0.17496662748271263,-0.47882131054084764,46.858514994647805,44.3155,41.772485005352195,50.645952851100546,32.53166409602519,86.87453036125125,43.98145783095816,28.43157648449053,75.08122052389342,1.3551135182191383,-20.84390957685134,-15.224913494809853,0.02408518156879159,0.018544210136884766,-0.005991131771050828,-0.014291468381245193,0.01231787470699072,0.0960756097257529,0.27093068479649535,105.13429842412205
2025-06-25,44.14,45.13,43.88,45.05,4668328,209307902.58,3.2367,2.2701,43.504,43.352,44.322500000000005,44.60433333333333,43.630500000000005,40.23441666666667,34.70704,43.504,43.352,44.322500000000005,44.60433333333333,43.630500000000005,40.23441666666667,34.70704,43.847964409963154,44.11832385856949,73.84987893462471,45.48736462093862,50.70422535211267,-0.2703594486063352,-0.27693360238498127,0.013148307557292127,-0.2703594486063352,-0.18964244611711611,-0.16143400497843818,46.8731645160683,44.322500000000005,41.77183548393171,66.34187225011986,43.80173348072341,111.42214978891275,61.89887557002494,39.58734284633533,106.52194101740417,1.3360019694520222,18.13167873147168,-2.266288951841512,0.03553696211842588,0.039167743126038025,0.01641378532348112,0.009991555379522194,0.03253458016754317,0.11968816084073948,0.29800755120574957,125.16670674173494
2025-06-26,44.93,45.3,44.34,44.4,3891586,174369369.59,2.6981,-1.4428,43.866,43.479,44.307,44.52333333333333,43.74216666666666,40.275666666666666,34.7556,43.866,43.479,44.307,44.52333333333333,43.74216666666666,40.275666666666666,34.7556,43.93289296227651,44.13918875793472,70.93023255813952,51.568894952251,49.59298685034438,-0.20629579565820677,-0.26280604103962635,0.11302049076283915,-0.20629579565820677,-0.19220449989266852,-0.028182591531076495,46.851509879360165,44.307,41.76249012063984,69.45314005863847,52.352202340028434,103.65501549585854,66.49114227190853,48.55527598819307,102.36287483933945,1.2676379750061988,18.581517954839136,-24.324324324324316,0.012173437286280921,0.021182639895121768,0.0020989911300696596,-0.0027700831024931086,0.015038883152412117,0.10240260868845538,0.2774919725166591,86.47324327849404
2025-06-27,44.58,46.09,44.46,44.96,5421910,245827204.64,3.7592,1.2613,44.458,43.641999999999996,44.2475,44.486000000000004,43.866499999999995,40.33308333333333,34.80504,44.458,43.641999999999996,44.2475,44.486000000000004,43.866499999999995,40.33308333333333,34.80504,44.090909429618584,44.19998959068029,74.43298969072161,56.14489003880986,54.70967741935485,-0.10908016106170493,-0.23206086504404208,0.2459614079646743,-0.10908016106170493,-0.1794161400725203,0.14067195802163074,46.66293174736141,44.2475,41.83206825263859,71.24641408512052,58.6502729217258,96.43869641190994,69.27174889396723,55.460766956784454,96.89371276833276,1.3444310704596178,50.46557777438613,-25.167037861915414,0.01129155607539706,0.030200265799001078,0.016102604666930302,0.010655037539900117,0.024927906261042163,0.11471765320859445,0.2917669395007161,113.35307981882197
2025-06-30,45.39,47.1,44.9,46.56,5767182,266921550.97,3.9986,3.5587,45.004,43.912,44.3065,44.51166666666667,44.003,40.4005,34.858839999999994,45.004,43.912,44.3065,44.51166666666667,44.003,40.4005,34.858839999999994,44.47076951736957,44.374805176555824,88.90784982935156,70.2958579881657,58.26397146254461,0.09596434081374383,-0.16645582387248492,0.5248403293724575,0.09596434081374383,-0.13704991224386426,0.4660285061152162,46.89019197281177,44.3065,41.72280802718823,77.55821545068642,64.95292043137934,102.76880548930058,76.24177198991755,62.387768634495494,103.94977870076168,1.4999890576487787,108.06171553306503,-9.818181818181802,0.03457470447071381,0.060302423027874,0.05086161172739897,0.046017897929381775,0.058109674340385935,0.15246098439375752,0.33567267298625,141.862200065867
2025-07-01,46.4,46.81,45.4,45.98,3360196,154485562.89,2.3297,-1.2457,45.39,44.202,44.321,44.501666666666665,44.11116666666666,40.465999999999994,34.91328,45.39,44.202,44.321,44.501666666666665,44.11116666666666,40.465999999999994,34.91328,44.70295882238963,44.49370849681095,73.31887201735353,65.00566251415627,53.28826060233559,0.2092503255786795,-0.09131459398225203,0.6011298391218631,0.2092503255786795,-0.08377295257885753,0.5860465563150741,46.94039245664924,44.321,41.701607543350754,78.2509315125788,69.38559079177917,95.98161295417808,77.3733025387329,67.38294660257463,97.35401441104943,1.4836274108035468,99.28680340366917,-20.36363636363645,0.012998457810090246,0.04022442423419752,0.037431465896527585,0.03321972959814236,0.04236644538231064,0.13626254139277427,0.31697737938114084,88.21855765271034
2025-07-02,45.98,46.68,45.12,46.66,5360308,246251375.83,3.7165,1.4789,45.711999999999996,44.608,44.381,44.552,44.2105,40.54533333333334,34.97183999999999,45.711999999999996,44.608,44.381,44.552,44.2105,40.54533333333334,34.97183999999999,45.004042080483536,44.65417453408421,75.73964497041416,65.59020044543428,55.82089552238805,0.3498675463993237,-0.003078165905936875,0.7058914246105212,0.3498675463993237,-0.01705902965913734,0.7338531521169221,47.160336535720916,44.381,41.601663464279085,82.83395434171918,73.86837864175916,100.76510574163922,82.24886835915524,72.33825385476817,102.07009736792938,1.4975133361119932,101.79003386550528,-8.000000000000087,0.02073853692684635,0.046000717360114775,0.05135080327167023,0.04731549649847363,0.05540539012225587,0.15081061527837128,0.33421632948109126,115.81309695996464
2025-07-03,48.0,50.95,47.1,47.31,11625841,568632446.46,8.0605,1.3931,46.294,45.08,44.441500000000005,44.634666666666675,44.33583333333333,40.64791666666667,35.03908,46.294,45.08,44.441500000000005,44.634666666666675,44.33583333333333,40.64791666666667,35.03908,45.35880483733223,44.85090234637427,73.94067796610169,73.89830508474576,53.63408521303259,0.5079024909579601,0.09911796546684254,0.8175690509822352,0.5079024909579601,0.06370428120503151,0.8883964195058572,47.42366646784702,44.441500000000005,41.45933353215299,75.57914246667197,74.43863325006345,77.86016089988902,75.18908514496268,73.28853095149968,78.99019353188865,2.005238184091632,205.38702928870308,-38.93048128342246,0.02194668855575248,0.049467613132209494,0.06454552614110678,0.059938463376747374,0.06708268330733234,0.16389728870893347,0.35020668350881373,114.83707864915067
2025-07-04,47.16,47.66,45.6,45.84,6589051,305578683.0,4.5684,-3.1072,46.47,45.464,44.460499999999996,44.67833333333333,44.51483333333333,40.74825,35.1106,46.47,45.464,44.460499999999996,44.67833333333333,44.51483333333333,40.74825,35.1106,45.43283486235804,44.924168839235435,62.99638989169676,66.46341463414633,51.380552220888354,0.5086660231226077,0.18102757699799557,0.6552768922492243,0.5086660231226077,0.13215993380773552,0.7530121786297443,47.47465939226033,44.460499999999996,41.446340607739664,60.85589363549945,69.91105337854212,42.7455741494141,65.2419212909377,70.60632773131236,54.51310841018838,2.0151948778931525,92.89281598155952,-54.65240641711229,-0.013557133634602873,0.00827027978180549,0.031027541300705286,0.026000671466408238,0.029769103182834378,0.12495628646629008,0.3055886256572091,72.93174571904378
2025-07-07,45.65,46.6,45.45,45.9,3767795,172805834.56,2.6123,0.1309,46.338,45.671,44.465500000000006,44.75833333333333,44.669,40.86133333333333,35.187,46.338,45.671,44.465500000000006,44.75833333333333,44.669,40.86133333333333,35.187,45.504706421995266,44.996452628921695,59.32539682539679,66.73407482305356,50.63985374771481,0.5082537930735711,0.2464728202131107,0.5235619457209209,0.5082537930735711,0.190020527540941,0.6364665310652602,47.48933148372247,44.465500000000006,41.441668516277545,50.09440528080914,63.30550401263113,23.672207817165145,54.23286922751551,65.14850823004676,32.40159122245302,1.8578867182762153,73.20361836490876,-67.7852348993289,-0.00945228538132855,0.005014122747476499,0.03226096636718338,0.0255073543101843,0.02755826188184203,0.12331136200482948,0.3044590331656578,101.31663698713093
2025-07-08,45.95,49.5,45.5,48.92,8613838,414400060.03,5.9722,6.5795,46.926,46.158,44.702999999999996,44.92966666666666,44.81433333333334,41.00283333333333,35.27428,46.926,46.158,44.702999999999996,44.92966666666666,44.81433333333334,41.00283333333333,35.27428,46.03013620322676,45.28708576752009,68.266253869969,78.08441558441558,59.010416666666664,0.743050435706671,0.34578834331182273,0.7945241847896964,0.743050435706671,0.2751020518741302,0.9358967676650815,48.31756177730462,44.702999999999996,41.08843822269537,56.49258889623282,61.03453230716503,47.408702074368406,59.917622389300774,63.40487961646477,52.94310793497277,2.2473618604078123,148.35872943673704,-28.712871287128728,0.04249243489749818,0.05983794791802072,0.09433371362100991,0.08881288532447024,0.09161503388052923,0.19308828251706203,0.3868461666687458,189.12007362349985
2025-07-09,48.66,48.97,47.82,47.9,4461439,215459240.49,3.0932,-2.085,47.174,46.443,44.897499999999994,45.029333333333334,44.925,41.130750000000006,35.36244,47.174,46.443,44.897499999999994,45.029333333333334,44.925,41.130750000000006,35.36244,46.31780755657649,45.480634969926015,63.913043478260875,67.6802780191138,54.596527068437176,0.8371725866504747,0.44406519197955313,0.7862147893418431,0.8371725866504747,0.3615744418397217,0.9511962896215059,48.76485255560186,44.897499999999994,41.030147444398125,55.32993342953783,59.13299934795597,47.723801592701534,57.897678668005845,61.56914596697847,50.55474407006059,2.0478415221518462,135.4008973991786,-46.142208774584034,0.015389833382795589,0.03137178907477985,0.06687454758060038,0.06375103636148284,0.06622148024485257,0.16457881268880317,0.35454453934739794,81.0010503576753
2025-07-10,47.88,48.47,47.05,47.23,3617871,172583581.37,2.5084,-1.3987,47.158,46.726,45.1025,45.11333333333334,44.99516666666667,41.257333333333335,35.44696,47.158,46.726,45.1025,45.11333333333334,44.99516666666667,41.257333333333335,35.44696,46.458144855564726,45.61021756474631,54.13642960812771,63.29431438127089,54.513003569607335,0.8479272908184186,0.5248376117473262,0.6461793581421846,0.8479272908184186,0.4363979570672135,0.8230586675024101,49.00982039016842,45.1025,41.19517960983158,49.72408785109683,55.99669551566959,37.178872521951305,52.825468367268385,58.65458676707511,41.16723156765492,1.933688518124238,96.83382497541794,-57.31895223420654,0.001526782306289402,0.010786286007790049,0.047170334238678516,0.04691887099157662,0.04966829770604977,0.14476618298161123,0.33241327323979264,86.86089933511379
2025-07-11,47.03,47.45,46.6,46.8,3536551,166207585.25,2.452,-0.9104,47.35,46.910000000000004,45.275999999999996,45.135,45.0635,41.37616666666667,35.533199999999994,47.35,46.910000000000004,45.275999999999996,45.135,45.0635,41.37616666666667,35.533199999999994,46.51073795470862,45.69834959698732,46.17691154422784,57.682177348551356,52.53807106598985,0.8123883577212965,0.5823477609421204,0.4600811935583522,0.8123883577212965,0.49424263409091856,0.6362914472607558,49.160020705654446,45.275999999999996,41.391979294345546,42.75488075150308,51.582757260947425,25.099127732614377,45.685298470740904,54.33149066829704,28.39291407562861,1.7366542421016493,64.92040045954404,-68.5950413223141,-0.011615628299894492,-0.002344915796205639,0.033660217333686744,0.03688933200398802,0.0385345124102655,0.13108593111171069,0.31707811286346305,91.25970802729219
2025-07-14,46.79,47.08,46.3,46.4,2831660,131940152.8,1.9633,-0.8547,47.45,46.894,45.403000000000006,45.169000000000004,45.1155,41.49433333333333,35.62008,47.45,46.894,45.403000000000006,45.169000000000004,45.1155,41.49433333333333,35.62008,46.49370134629191,45.75032370091419,54.99999999999996,58.9766606822262,56.036816459122896,0.7433776453777199,0.6145537378292403,0.2576478150969592,0.7433776453777199,0.5325710973658111,0.4216130960238176,49.25806966280904,45.403000000000006,41.54793033719097,35.821721530161575,46.32907868401881,14.807007222447112,37.77533334298679,48.812771559860295,15.70045690923979,1.5627171071740769,46.03123833893064,-78.04459691252144,-0.022128556375131805,-0.010534396724527653,0.02195890139418084,0.02725320463149493,0.028471367933415377,0.11822497851112206,0.30263604124415205,91.77434102953293
2025-07-15,46.52,47.0,45.79,46.14,3677078,169855709.73,2.5494,-0.5603,46.89399999999999,46.91,45.556,45.184,45.16366666666667,41.6065,35.70856,46.89399999999999,46.91,45.556,45.184,45.16366666666667,41.6065,35.70856,46.43928575455469,45.77918861195758,52.06896551724139,55.442804428044276,55.735056542810995,0.6600971425971096,0.6236624187828141,0.07286944762859093,0.6600971425971096,0.552190488939857,0.2158133073145052,49.26292325248954,45.556,41.84907674751045,28.062965868592556,40.24037441221006,3.7081487813575507,31.015459507102698,42.8803342089411,7.285710103425899,1.4985867240515176,30.08862206975419,-82.50428816466548,-0.016078816053226228,-0.016414410573438416,0.01281938712793053,0.021157932011331513,0.021617672022495867,0.1089613401752131,0.29212715382530136,94.53575484817844
2025-07-16,46.14,47.25,45.87,46.33,3740052,174118378.0,2.5931,0.4118,46.58,46.877,45.74249999999999,45.212999999999994,45.202333333333335,41.698,35.798919999999995,46.58,46.877,45.74249999999999,45.212999999999994,45.202333333333335,41.698,35.798919999999995,46.42247256154627,45.81998945551628,6.397306397306323,48.78048780487803,58.948545861297525,0.6024831060299931,0.61942655623225,-0.0338869004045137,0.6024831060299931,0.5599278146460318,0.0851105827679226,49.18943838215513,45.74249999999999,42.295561617844854,25.951442266304472,35.477397030241534,6.899532738430352,26.01030633806844,37.25699158531688,3.5169358435715594,1.4770255014966966,32.83233331353049,-84.00000000000009,-0.0053671103477887505,-0.011668835463020333,0.012843635568672586,0.02470528387853061,0.024947089752003868,0.11108446448270895,0.2941731203064228,104.19505306595738
2025-07-17,46.37,47.36,45.95,47.29,4423282,206261645.38,3.0668,2.0721,46.592,46.875,45.977500000000006,45.25266666666667,45.26833333333333,41.80499999999999,35.89408,46.592,46.875,45.977500000000006,45.25266666666667,45.26833333333333,41.80499999999999,35.89408,46.55593832130838,45.92887912547803,39.518900343642606,56.67686034658512,60.62231759656652,0.6270591958303484,0.6209530841518697,0.012212223356957486,0.6270591958303484,0.570255719443619,0.11360695277345889,49.14936894928327,45.977500000000006,42.80563105071674,32.44499443268033,34.4665961643878,28.40179096926539,32.48423714718964,35.66607343927447,26.12056456301997,1.4648390466791146,47.275861436614065,-54.56790123456796,0.014981112637362647,0.008853333333333315,0.028546571692675608,0.04502128787990385,0.044659622252494424,0.13120440138739403,0.31748745196979544,122.76374773695011
2025-07-18,47.06,48.2,46.57,47.3,4015464,189552822.77,2.784,0.0211,46.69199999999999,47.021,46.2425,45.314,45.32733333333333,41.915,35.99272,46.69199999999999,47.021,46.2425,45.314,45.32733333333333,41.915,35.99272,46.670409348799396,46.03044363470188,51.55555555555557,53.50109409190372,59.49227373068432,0.6399657140975137,0.6247556101409986,0.03042020791303024,0.6399657140975137,0.5809803340057565,0.11797076018351427,48.85068852237906,46.2425,43.63431147762094,36.62999628845353,35.18772953907638,39.51452978720785,36.882495546686066,36.07154747507833,38.504391689901524,1.494868310919276,70.95599950312392,-54.320987654321094,0.01302150261286739,0.005933519065949179,0.022868573282153807,0.0438275146753762,0.043520465944022056,0.12847429321245374,0.31415464016056577,100.21166253165043
2025-07-21,46.75,47.47,45.13,45.45,6443316,296283085.04,4.4673,-3.9112,46.501999999999995,46.976,46.3235,45.30233333333334,45.35183333333334,42.00758333333333,36.083760000000005,46.501999999999995,46.976,46.3235,45.30233333333334,45.35183333333334,42.00758333333333,36.083760000000005,46.48265406436872,45.98744780990915,31.60762942779293,41.00580270793036,56.17509119332986,0.4952062544595677,0.5988457390047124,-0.20727896909028942,0.4952062544595677,0.5677843217678813,-0.14515613461662724,48.70718379213804,46.3235,43.939816207861966,27.197775303413472,32.52441146052208,16.54450298919626,27.029215185204905,33.05743671178719,14.972772132040333,1.6485286180248615,-29.357221436428905,-92.67734553775743,-0.02262268289535918,-0.032484673024523084,-0.018856519908901526,0.003259581919989388,0.002164557845879014,0.08194750550991803,0.2595694018583428,67.10076449253462
2025-07-22,45.71,46.25,45.0,45.11,3914545,178301656.13,2.7141,-0.7481,46.29600000000001,46.595,46.3765,45.333666666666666,45.385000000000005,42.102250000000005,36.17304,46.29600000000001,46.595,46.3765,45.333666666666666,45.385000000000005,42.102250000000005,36.17304,46.2714765160043,45.922451675841806,32.13296398891964,46.03691639522256,56.587926509186346,0.34902484016249247,0.5488815592362685,-0.399713438147552,0.34902484016249247,0.5341290169055138,-0.37020835348604275,48.58827970727946,46.3765,44.16472029272054,19.188526475090246,28.07911646537814,1.4073464945144636,18.943070408944322,28.3526479441729,0.12391533848716563,1.5760688692930684,-83.4283232915374,-97.22921914357684,-0.025617763953689452,-0.03187037235754908,-0.027309089732946656,-0.004933787251564323,-0.006059270684146869,0.07143917486595121,0.24706134734597918,92.76612065225653
2025-07-23,45.01,47.1,44.9,46.05,5747811,265492660.1,3.9851,2.0838,46.239999999999995,46.410000000000004,46.4265,45.401666666666664,45.43366666666667,42.19508333333333,36.26504,46.239999999999995,46.410000000000004,46.4265,45.401666666666664,45.43366666666667,42.19508333333333,36.26504,46.23740320584979,45.931899699853524,48.95104895104891,50.74331020812685,58.65865865865864,0.3055035059962634,0.5002059485882675,-0.3894048851840082,0.3055035059962634,0.4989558613810138,-0.3869047107695007,48.55568838005091,46.4265,44.297311619949085,24.408512599555085,26.855581843437122,19.514374111791014,23.366341990650078,26.690545959665293,16.71793405261964,1.6895108930579656,-45.99453932845356,-67.78711484593842,-0.004108996539792339,-0.0077569489334196615,-0.008109592581822884,0.014279945670129588,0.013565564449270288,0.09135938033854658,0.2698179844831275,122.90458207101618
2025-07-24,46.0,48.17,46.0,47.7,7526159,358209080.67,5.2181,3.5831,46.322,46.457,46.591499999999996,45.553999999999995,45.52666666666667,42.31841666666666,36.366839999999996,46.322,46.457,46.591499999999996,45.553999999999995,45.52666666666667,42.31841666666666,36.366839999999996,46.46241809725751,46.06287009245697,61.91304347826091,43.00458715596331,63.545627376425855,0.3995480048005433,0.4800743598307227,-0.16105271006035882,0.3995480048005433,0.48366234498401833,-0.16822868036695005,48.565246370912796,46.591499999999996,44.6177536290872,44.555170015865016,32.75544456757976,68.15462091243552,43.86038960992835,32.413827176419645,66.75351447694575,1.7768725488656085,56.138749429484534,-15.151515151515133,0.029748283752860413,0.026755924833717245,0.023791893371108604,0.04710892567063284,0.04773758969102354,0.12716882523566408,0.3116344450053952,142.19602137769203
2025-07-25,47.9,47.9,46.72,47.27,5260640,247674107.17,3.6474,-0.9015,46.315999999999995,46.504,46.707,45.68533333333333,45.618833333333335,42.42549999999999,36.4672,46.315999999999995,46.504,46.707,45.68533333333333,45.618833333333335,42.42549999999999,36.4672,46.5866614669102,46.15228712264535,49.80842911877398,46.125461254612574,58.75763747454176,0.4343743442648531,0.47093435671754885,-0.07312002490539149,0.4343743442648531,0.4760795756426083,-0.08341046275551034,48.54440205606694,46.707,44.86959794393306,53.6428406166373,39.71790991726561,81.49270201538069,53.17965367934619,39.33576934406183,80.8674223499149,1.6683502672536796,49.30475825998255,-28.181818181818137,0.020597633647119955,0.016471701359022997,0.012053867728606041,0.034686551482605736,0.03619484642673169,0.1141884008438324,0.29623332748332765,91.34236092652289
2025-07-28,48.05,50.69,48.0,49.28,10574139,524862893.22,4.94,4.2522,47.082,46.792,46.843,45.866,45.729,42.55058333333333,36.575520000000004,47.082,46.792,46.843,45.866,45.729,42.55058333333333,36.575520000000004,47.00102124123171,46.38396955800495,63.71191135734075,60.82365364308345,62.202519832011205,0.6170516832267623,0.5001578220193916,0.23378772241474133,0.6170516832267623,0.4977675921940166,0.23856818206549135,49.00803409474972,46.843,44.67796590525029,60.97778320901902,46.80453434785008,89.3242809313569,60.66899191749161,46.44684353520509,89.11328868206465,1.9868320368439187,198.437294175558,-24.35233160621756,0.04668450787986917,0.05317148230466745,0.05202484896355907,0.07443422142763706,0.07765313039865297,0.1581509850041227,0.34734926530094434,151.65298693610984
2025-07-29,49.28,50.23,49.03,49.68,5293757,261860910.84,2.4731,0.8117,47.996,47.146,47.028,46.086,45.8135,42.68958333333333,36.68543999999999,47.996,47.146,47.028,46.086,45.8135,42.68958333333333,36.68543999999999,47.41317181950376,46.628119961115694,86.6551126516464,65.25423728813563,61.11377820451273,0.7850518583880657,0.5571366292931265,0.45583045818987844,0.7850518583880657,0.5419651716084857,0.48617337355916,49.49395001440302,47.028,44.56204998559698,68.17056589294418,53.92654486288145,96.65860795306965,67.96470503192592,53.619464034112035,96.65518702755368,1.8437716665086599,185.3534613317702,-17.443868739205495,0.035086257188098956,0.05374793195605139,0.056391936718550674,0.07798463741700302,0.08439652067621994,0.16374993899760876,0.35421573245407467,108.41986947925677
2025-07-30,49.46,50.88,49.25,49.8,6509737,326085614.68,3.0412,0.2415,48.746,47.492999999999995,47.185,46.326,45.848333333333336,42.81575,36.79652,48.746,47.492999999999995,47.185,46.326,45.848333333333336,42.81575,36.79652,47.78037615496472,46.86307403807009,92.25225225225225,68.55895196506552,63.30049261083743,0.917302116894632,0.6291697268134276,0.5762647801624088,0.917302116894632,0.5997093170371236,0.6351855997150169,49.93568986559598,47.185,44.43431013440402,72.76031037233066,60.204466699364524,97.87199771826296,72.62306979831848,59.95399928884753,97.9612108172604,1.804904090779813,176.54778446811807,-18.0602006688964,0.021622286956878407,0.04857557955909297,0.05542015471018321,0.07499028623235325,0.08618997419026488,0.1631233833344037,0.3533888530763234,102.44188375683436
2025-07-31,49.81,53.35,49.81,51.86,12288293,642990184.21,5.7408,4.1365,49.578,47.95,47.4125,46.635000000000005,45.92166666666667,42.946416666666664,36.910520000000005,49.578,47.95,47.4125,46.635000000000005,45.92166666666667,42.946416666666664,36.910520000000005,48.40801059266246,47.233216701916746,93.55322338830585,76.09489051094891,65.8256880733945,1.1747938907457112,0.7382945595998843,0.8729986622916537,1.1747938907457112,0.6881838668384448,0.9732200478145328,50.86883742868131,47.4125,43.95616257131869,75.96249488332893,65.457142760686,96.9731991286148,75.8710011673208,65.25966658167195,97.0936703386185,2.122194256092575,231.2307769878489,-17.633136094674573,0.04602848037435952,0.0815432742440041,0.09380437648299494,0.1120403130695828,0.1293144122237143,0.20755127028448248,0.4050194903783526,149.97942931428128
2025-08-01,51.5,52.4,50.5,51.2,6955878,356634789.76,3.2496,-1.2727,50.364,48.339999999999996,47.6805,46.94166666666667,45.974666666666664,43.06958333333333,37.016,50.364,48.339999999999996,47.6805,46.94166666666667,45.974666666666664,43.06958333333333,37.016,48.83754742456054,47.52705250177476,80.80985915492961,71.30358705161859,61.121764141898375,1.3104949227857787,0.8527346322370633,0.915520581097431,1.3104949227857787,0.7839240292918808,1.053141786987796,51.441258462116046,47.6805,43.91974153788396,75.4937342614698,68.80267326094727,88.87585626251484,75.4327384507977,68.6506905380472,88.9968342762987,2.081795300439379,171.79103716002805,-25.443786982248497,0.01659915812882229,0.05916425320645442,0.07381424271977015,0.09071542694834012,0.11365679649662146,0.1887739800903579,0.3831856494488871,87.97808112582976
2025-08-04,51.0,53.5,50.71,53.22,7597337,399414308.91,3.5493,3.9453,51.152,49.117000000000004,48.046499999999995,47.254666666666665,46.060833333333335,43.197250000000004,37.135040000000004,51.152,49.117000000000004,48.046499999999995,47.254666666666665,46.060833333333335,43.197250000000004,37.135040000000004,49.51177089770508,47.94875231645811,90.92159559834941,73.73899119295439,66.23318385650225,1.5630185812469648,0.9947914220390436,1.1364543184158424,1.5630185812469648,0.9037847295926629,1.3184677033086039,52.447874306887044,48.046499999999995,43.645125693112945,82.57721818981707,73.39418823723722,100.94327809497679,82.53655431603568,73.27931179737669,101.05103935335364,2.2105597912685826,180.35705203194144,-3.2558139534883845,0.04042852674382229,0.0835352322006636,0.1076769379663452,0.12623797296916003,0.15542850939880223,0.2320228718263314,0.43314777633200324,147.247894118772
2025-08-05,53.53,54.77,52.8,53.92,8584758,461128210.29,4.0106,1.3153,52.0,49.998000000000005,48.296499999999995,47.583666666666666,46.13616666666666,43.33541666666667,37.258399999999995,52.0,49.998000000000005,48.296499999999995,47.583666666666666,46.13616666666666,43.33541666666667,37.258399999999995,50.189959990365836,48.391066959683435,88.92617449664434,75.11380880121399,66.26344086021507,1.7988930306824003,1.155611743767715,1.2865625738293707,1.7988930306824003,1.0414936989910841,1.5147986633826322,53.41617217287854,48.296499999999995,43.17682782712145,85.15410137017831,77.31415928155091,100.83398554743312,85.4870510705351,77.34855822176283,101.76403676807962,2.1668216474015685,183.7031587044129,-8.611955420466069,0.036923076923076954,0.07844313772550895,0.11643700889298413,0.1331619393209155,0.16871434919098197,0.244247872698428,0.4471904322246798,113.95939452112773
2025-08-06,53.92,56.77,53.28,56.37,9535100,531989410.77,4.4546,4.5438,53.314,51.03,48.72,47.961,46.282666666666664,43.493500000000004,37.391839999999995,53.314,51.03,48.72,47.961,46.282666666666664,43.493500000000004,37.391839999999995,51.1407353764634,48.98209903674392,91.76029962546819,89.62264150943396,68.7810945273632,2.1586363397194788,1.3562166629580676,1.6048393535228223,2.1586363397194788,1.2133617975646833,1.890549084309591,54.9766108195429,48.72,42.4633891804571,88.776034412623,81.13478432524161,104.0585345873858,89.0866939046526,81.26127011605942,104.73754148183895,2.4073995296921926,186.82202610774044,-3.7140204271124007,0.05732077878230854,0.10464432686654901,0.1570197044334975,0.17532995558891598,0.21795056464623186,0.29605573246577055,0.5075481709378304,155.94861171254934
2025-08-07,56.7,60.0,56.0,57.96,11319940,654976057.33,5.2884,2.8206,54.534000000000006,52.056,49.2565,48.413,46.46816666666667,43.67366666666667,37.522240000000004,54.534000000000006,52.056,49.2565,48.413,46.46816666666667,43.67366666666667,37.522240000000004,52.18985301085364,49.64712873772585,93.03797468354433,92.74783765801732,75.00000000000001,2.5427242731277886,1.593518184992012,1.8984121762715533,2.5427242731277886,1.4178791014974688,2.2496903432606397,56.702310620028385,49.2565,41.81068937997162,86.85068960841534,83.04008608629952,94.47189665264696,87.6039806753909,83.37550696916992,96.06092808783285,2.6969632515663395,203.0932690897017,-15.36144578313252,0.0628231928705027,0.11341632088520062,0.1766974917016028,0.19719909941544636,0.24730550305047538,0.32711550056861105,0.5446838994686883,132.06976947496915
2025-08-08,57.47,60.77,57.47,60.52,10858601,642451264.01,5.0729,4.4168,56.398,53.38100000000001,49.9425,48.93166666666666,46.70883333333334,43.87341666666667,37.6626,56.398,53.38100000000001,49.9425,48.93166666666666,46.70883333333334,43.87341666666667,37.6626,53.471414086106925,50.45252660900542,93.38677354709422,93.45345345345348,77.33732236350039,3.018887477101508,1.8785920434139114,2.280590867375193,3.018887477101508,1.6641880823596287,2.7093987894837586,58.82489625088577,49.9425,41.06010374911423,90.5239691086199,85.53471376040632,100.50247980504705,91.08341598667408,85.94480997500465,101.36062801001296,2.8066062967360965,193.3910728829384,-1.9577133907595923,0.0730876981453243,0.13373672280399385,0.21179356259698653,0.2368268674001161,0.29568639764783955,0.379422999120576,0.6068991519438384,154.0655098603117
2025-08-11,60.5,62.74,58.31,58.55,16774705,1010046068.09,7.8368,-3.2551,57.464,54.30800000000001,50.55,49.33133333333333,46.9215,44.0625,37.794760000000004,57.464,54.30800000000001,50.55,49.33133333333333,46.9215,44.0625,37.794760000000004,54.25273499593663,51.05233945278279,82.55093002657215,81.9681791396582,68.74270144024912,3.2003955431538387,2.1429527433618967,2.114885599583884,3.2003955431538387,1.900527691712584,2.5997357028825094,60.052566966205724,50.55,41.04743303379427,83.32929791328303,84.79957514469857,80.38874345045195,83.86839937647953,85.25267310882961,81.09985191177935,3.1017687882386245,163.4592975832578,-30.561633843909586,0.018898788806905167,0.07811003903660584,0.15825914935707222,0.18687244077462595,0.24782882047675361,0.3287943262411347,0.5491565497439326,71.82568897445002
2025-08-12,58.15,59.3,56.71,59.25,14029658,814188105.25,6.5543,1.1956,58.529999999999994,55.265,51.205499999999994,49.77366666666667,47.13766666666666,44.267083333333325,37.92792000000001,58.529999999999994,55.265,51.205499999999994,49.77366666666667,47.13766666666666,44.267083333333325,37.92792000000001,55.02154499656176,51.65957356739147,80.24072216649947,84.74477958236658,72.36893969255026,3.361971429170289,2.3867564805235753,1.9504298972934278,3.361971429170289,2.125365189783,2.4732124787745784,61.22198635736231,51.205499999999994,41.189013642637676,79.8890343912735,83.16272822689021,73.34164672004007,80.62192772862412,83.70909131542778,74.44760055501678,3.008719917649783,119.87202119477888,-25.87101556708674,0.012301383905689493,0.07210712023884917,0.15710226440519098,0.19038849190669754,0.2569565740066332,0.3384663171468645,0.562173723209709,112.61974839332203
2025-08-13,65.55,71.0,64.0,68.51,26282071,1763930185.09,12.2784,15.6287,60.95799999999999,57.136,52.314499999999995,50.502,47.527,44.532916666666665,38.09268,60.95799999999999,57.136,52.314499999999995,50.502,47.527,44.532916666666665,38.09268,57.09669192016764,52.90775330314025,89.36859147328654,89.26092282564312,81.33097762073028,4.188938617027397,2.7471929078243393,2.8834914184061144,4.188938617027397,2.4428380247436765,3.49220118456744,64.69143181093321,52.314499999999995,39.93756818906678,82.54390910637747,82.9564551867193,81.71881694569382,83.16434319866431,83.52750860983997,82.438012376313,4.598043568986186,217.46642764166614,-11.750825861255286,0.12388857902162169,0.19906888826659203,0.3095795620717012,0.3565799374282207,0.44149641256548916,0.5384125974232545,0.7985082698303192,427.2244785511826
2025-08-14,66.54,68.3,65.11,65.5,19144631,1270105246.7,8.9439,-4.3935,62.46600000000001,58.5,53.225,51.108333333333334,47.8715,44.76675,38.25016,62.46600000000001,58.5,53.225,51.108333333333334,47.8715,44.76675,38.25016,58.389508547834154,53.84051231772246,73.91304347826085,79.1881918819188,75.58839627805145,4.5489962301116975,3.107553572281811,2.882885315659773,4.5489962301116975,2.766862364031064,3.564267732161267,66.67805052472906,53.225,39.77194947527094,79.32695632555937,81.74662223299933,74.48762451067944,79.83313936821524,82.29605219596507,74.90731371271556,4.380217465534153,162.19134469439868,-26.82926829268293,0.04857042230973636,0.11965811965811966,0.23062470643494595,0.28159139083645846,0.368246242545147,0.4631394952727191,0.7124111376266138,63.807734426086405
2025-08-15,68.0,72.22,66.9,67.46,23579129,1633910521.96,11.0156,2.9924,63.854,60.126,54.233000000000004,51.82899999999999,48.25366666666667,45.01508333333333,38.4236,63.854,60.126,54.233000000000004,51.82899999999999,48.25366666666667,45.01508333333333,38.4236,59.78496877124428,54.84936325715042,74.40904419321681,80.511402902557,77.63779527559055,4.935605514093858,3.4731639606442206,2.9248831068992747,4.935605514093858,3.100515156348417,3.670180715490882,68.79238850652982,54.233000000000004,39.67361149347019,78.04769968562866,80.51364805054244,73.11580295580109,79.17901217450208,81.25703885547742,75.0229588125514,4.80563247180067,161.2814292015881,-22.129242212924247,0.05647257806871918,0.1219771812527026,0.24389209521877803,0.30158791410214364,0.39802847452007084,0.4986087996430826,0.7556918144057296,134.2920701390081
2025-08-18,69.63,70.66,67.5,69.43,18933862,1307738705.18,8.8455,2.9202,66.03,61.74699999999999,55.431999999999995,52.61333333333333,48.685833333333335,45.280166666666666,38.603120000000004,66.03,61.74699999999999,55.431999999999995,52.61333333333333,48.685833333333335,45.280166666666666,38.603120000000004,61.26881972951439,55.92941042328743,73.6089030206677,80.45060658578855,79.25144436071338,5.339409306226962,3.846413029760769,2.9859925529323856,5.339409306226962,3.4449604101758853,3.788897792102153,70.86907580708043,55.431999999999995,39.994924192919555,80.45489025152436,80.49406211753643,80.37654651950021,81.33046400373604,81.28151390489697,81.42836420141418,4.513699295109639,141.60066751473872,-14.366632337796045,0.0514917461759807,0.12442709767276167,0.25252561697214626,0.31962747085656384,0.42608219365660793,0.5333424126089055,0.7985592874358342,133.35468689172168
2025-08-19,69.68,73.31,68.66,72.91,18299961,1302338688.29,8.5493,5.0122,68.762,63.646,56.822,53.413000000000004,49.17133333333333,45.571749999999994,38.790800000000004,68.762,63.646,56.822,53.413000000000004,49.17133333333333,45.571749999999994,38.790800000000004,63.05977054035833,57.18723187341429,85.23061825318939,84.27533943795387,80.8352668213457,5.872538666944038,4.251638157197423,3.2418010194932307,5.872538666944038,3.8184339881402165,4.1082093576076435,73.3159256442413,56.822,40.3280743557587,86.19965916633494,82.39592780046927,93.8071218980663,86.88797450473731,83.15033410484375,94.36325530452444,4.538481241453342,143.44620767212297,-1.997004493260138,0.0603240161717227,0.14555510165603489,0.28312977367920866,0.36502349615262186,0.4827745163170954,0.5998946715893071,0.8795693824308853,163.0794844345834
2025-08-20,71.9,74.0,69.21,70.44,15142067,1077089619.05,7.074,-3.3877,69.148,65.053,58.041500000000006,54.16433333333334,49.59683333333333,45.84675,38.97552,69.148,65.053,58.041500000000006,54.16433333333334,49.59683333333333,45.84675,38.97552,64.19519045722627,58.168918401309526,75.25959367945823,76.80572851805726,75.94709706343869,6.026272055916749,4.606564936941289,2.839414237950921,6.026272055916749,4.15810138318276,3.736341345467979,74.78668535673606,58.041500000000006,41.29631464326396,83.9364606510866,82.90943875067505,85.99050445190971,84.66605707723228,83.65557509563993,86.687021040417,4.584211924825462,123.97343560003738,-19.777777777777793,0.018684560652513473,0.08280940156487789,0.21361439659553924,0.3004867902001931,0.4202519650112071,0.5364229743656856,0.8072882670968853,70.84716732824893
2025-08-21,69.74,70.77,66.7,66.95,15751341,1076990051.48,7.3587,-4.9546,69.438,65.952,59.004000000000005,54.821666666666665,49.9675,46.0835,39.14788,69.438,65.952,59.004000000000005,54.821666666666665,49.9675,46.0835,39.14788,64.6190073099607,58.819368890101416,45.23809523809523,68.66227441993698,70.43044291952589,5.799638419859278,4.845179633524887,1.9089175726687824,5.799638419859278,4.410645542671455,2.7779857543756457,75.45675520039366,59.004000000000005,42.55124479960635,75.69930228098275,80.50605992744428,66.08578698805968,76.1856998984132,81.16561669656437,66.22586630211089,4.490718847584468,85.06995777466831,-40.77501445922497,-0.03583052507272674,0.015132217370208707,0.13466883601111784,0.22123248107500085,0.33987091609546205,0.4527976390682132,0.7101820073015449,60.160625152174354
2025-08-22,66.94,68.8,66.76,68.25,13270980,901308927.28,6.1999,1.9417,69.596,66.725,60.05300000000001,55.53666666666666,50.33583333333333,46.34666666666667,39.326159999999994,69.596,66.725,60.05300000000001,55.53666666666666,50.33583333333333,46.34666666666667,39.326159999999994,65.17762156996673,59.517934157501315,59.37286980231766,67.59478672985782,73.97980647875472,5.659687412465416,5.008081189312993,1.3032124463048476,5.659687412465416,4.6028058303320645,2.113763164266704,76.02393557553115,60.05300000000001,44.08206442446887,72.71412903174057,77.90874962887638,62.324887837468935,73.03839411002754,78.4565425010521,62.202097327978436,4.045133602569108,74.36293290909265,-33.256217466743784,-0.019340191965055514,0.022855001873360897,0.13649609511598065,0.2289178320629015,0.35589291922586624,0.4725978135788261,0.7354859971072693,121.20505797930663
2025-08-25,68.28,72.96,67.5,72.75,21104697,1486311819.42,9.8596,6.5934,70.26,68.14500000000001,61.22650000000001,56.41499999999999,50.792,46.649,39.52216,70.26,68.14500000000001,61.22650000000001,56.41499999999999,50.792,46.649,39.52216,66.34260286689494,60.498087182871586,65.3689715281813,70.16634851377147,76.7311411992263,5.844515684023349,5.175368088255064,1.3382951915365702,5.844515684023349,4.793838115515339,2.1013551370160215,77.31311067962324,61.22650000000001,45.139889320376774,77.64275268782706,77.82008398185994,77.28809009976129,79.61572524242823,78.84293674817748,81.16130223092972,4.302382038465633,92.00341352969615,-7.2296124927703875,0.03543979504696833,0.0675764913053047,0.18821098707259096,0.2895506514224942,0.4323121751456922,0.5595189607494265,0.8407394737534588,189.366616476638
2025-08-26,74.0,74.0,70.61,70.87,15489167,1112584487.97,7.2362,-2.5842,69.852,69.307,62.286,57.239333333333335,51.211666666666666,46.921083333333335,39.71292,69.852,69.307,62.286,57.239333333333335,51.211666666666666,46.921083333333335,39.71292,67.03912550275726,61.2663770211774,54.205607476635514,64.37899416504585,73.57522796352585,5.77274848157986,5.294844166920024,0.955808629319673,5.77274848157986,4.944439710294496,1.6566175425707286,77.95645547317363,62.286,46.61554452682637,73.35913546267588,76.33310114213192,67.4112041037638,75.97715016161884,77.88767455265793,72.15610137954064,4.136494395108245,89.22423481448753,-31.299999999999955,0.014573670045238513,0.022551834591022585,0.13781588157852492,0.2381346160565579,0.3838643538256258,0.5104084340195328,0.7845577711233526,76.96519092205422
2025-08-27,70.1,74.77,69.71,70.96,17524114,1262242915.9,8.1869,0.127,69.95599999999999,69.55199999999999,63.34400000000001,58.06033333333334,51.63666666666667,47.173,39.90428,69.95599999999999,69.55199999999999,63.34400000000001,58.06033333333334,51.63666666666667,47.173,39.90428,67.64233696387153,61.98442316775685,42.89876183539692,68.19114629141015,72.76820673453406,5.657913796114677,5.367458092758955,0.5809114067114436,5.657913796114677,5.054204954266831,1.2074176836956916,78.30623934829498,63.34400000000001,48.38176065170504,66.50212500485702,73.05610909637363,53.3941568218238,70.83776884480592,75.53770598337393,61.43789456766993,4.304404505088564,81.71595810227973,-39.44099378881991,0.014351878323517711,0.020243846330802874,0.12023238191462465,0.22217693089372526,0.37421728745723304,0.5042503126788627,0.778255365088657,101.27721275034676
2025-08-28,75.0,82.58,73.66,81.9,24270822,1882681659.99,11.3388,15.4171,72.946,71.19200000000001,64.846,59.21399999999999,52.233333333333334,47.52008333333333,40.140280000000004,72.946,71.19200000000001,64.846,59.21399999999999,52.233333333333334,47.52008333333333,40.140280000000004,69.83582358481436,63.45965108125634,75.81081081081084,75.53551296505074,78.11333008605294,6.376172503558024,5.569200974918769,1.6139430572785098,6.376172503558024,5.257584577234708,2.237175852646633,80.94241136860163,64.846,48.749588631398375,76.24071138023216,74.11764319099315,80.48684775871018,79.13114060686476,76.73551752453754,83.9223867715192,5.634512776890643,142.39582726643255,-4.282115869017587,0.12274833438433921,0.15041015844476904,0.2629923202664775,0.3831188570270547,0.5679642629227825,0.7234818261051031,1.0403445117971275,419.47197357821136
2025-08-29,81.0,84.77,79.1,80.25,18384307,1481581108.05,8.5887,-2.0147,75.346,72.471,66.2985,60.31233333333333,52.81316666666667,47.847166666666666,40.3706,75.346,72.471,66.2985,60.31233333333333,52.81316666666667,47.847166666666666,40.3706,71.438004571766,64.7033806307929,82.66208251473478,65.97713663581926,75.28989057651478,6.734623940973094,5.802285568129635,1.8646767456869178,6.734623940973094,5.484821402425228,2.4996050770957314,82.45284407927046,66.2985,50.144155920729546,75.8225292248956,74.6859385356273,78.0957106034322,77.74948204265067,77.07350569724193,79.10143473346815,5.640964999274162,153.53406476938835,-25.01383508577752,0.06508640140153421,0.10733948751914553,0.21043462521776504,0.33057362507392085,0.5195074460598524,0.6772153001048478,0.9878327297587847,81.58520200112623
2025-09-01,81.75,81.75,75.7,79.16,15497728,1216296898.52,7.2402,-1.3583,76.628,73.444,67.59549999999999,61.436,53.369166666666665,48.16266666666666,40.5996,76.628,73.444,67.59549999999999,61.436,53.369166666666665,48.16266666666666,40.5996,72.62600386841738,65.77424132480824,77.07196029776674,69.61516369902355,73.8049095607235,6.851762543609141,6.012180963225537,1.6791631607672066,6.851762543609141,5.695120039530446,2.31328500815739,83.491876912594,67.59549999999999,51.69912308740598,73.5330419883366,74.30163968653041,71.995846591949,74.8176772001733,76.32156286488572,71.80990587074848,5.715334999406132,123.42534540810384,-31.045932484781414,0.03304275199665914,0.07782800501062025,0.17108387392651894,0.28849534474900707,0.48325343909560764,0.6435967000719784,0.9497729041665434,87.21826528261113
2025-09-02,79.16,80.93,72.72,74.04,16444811,1246435033.47,7.6826,-6.4679,77.262,73.55699999999999,68.6015,62.400333333333336,53.867,48.4215,40.810199999999995,77.262,73.55699999999999,68.6015,62.400333333333336,53.867,48.4215,40.810199999999995,72.8435417348147,66.38651974519281,53.105440539239304,58.66245392311745,68.11117752540348,6.457021989621893,6.101149168504809,0.7117456422341686,6.457021989621893,5.812335724159899,1.2893725309239876,83.3597045334965,68.6015,53.843295466503506,62.561965273168894,70.38841488207657,46.90906605535355,63.418388747726695,72.02050482583272,46.214156591514666,6.168910454059564,86.22013280464732,-59.380188157166536,-0.04170225984313109,0.006566336310616506,0.07927669220060793,0.1865321232258375,0.37449644494774187,0.5290728292184258,0.8142523192731232,51.23966072411649
2025-09-03,74.35,75.69,72.11,72.49,11542810,851158357.9,5.3925,-2.0935,77.56800000000001,73.762,69.4075,63.281666666666666,54.34166666666667,48.678000000000004,41.01656,77.56800000000001,73.762,69.4075,63.281666666666666,54.34166666666667,48.678000000000004,41.01656,72.78915069868937,66.83862939369705,53.96281800391387,54.073482428115,65.53229935250715,5.950521304992321,6.071023595802312,-0.24100458161998084,5.950521304992321,5.833595044287964,0.23385252140871415,83.0733620002696,69.4075,55.7416379997304,52.31319617137781,64.36334197851032,28.212904557112807,52.95961205207236,65.66687390124594,27.54508835372519,5.6981994624123695,50.772253155763984,-67.95794133923634,-0.06546514026402661,-0.017244651717686688,0.04441162698555626,0.1455134451789617,0.3339671829474006,0.4891737540572741,0.7673349495910919,80.93137084889665
2025-09-04,72.61,73.18,67.51,69.0,12387411,872023780.18,5.7871,-4.8145,74.988,73.967,69.9595,63.99166666666667,54.77283333333334,48.913000000000004,41.21004,74.988,73.967,69.9595,63.99166666666667,54.77283333333334,48.913000000000004,41.21004,72.20620443735254,66.99873092008986,45.88926174496646,44.79638009049774,62.853841709994214,5.2074735172626845,5.898313580094387,-1.3816801256634044,5.2074735172626845,5.737268655514844,-1.05959027650432,82.52609477386032,69.9595,57.39290522613969,37.770658092248404,55.499114016423015,2.313746243899189,39.45225293569584,56.92866691272924,4.4994249816290335,5.693072287428302,-3.3999066499618893,-87.56246529705722,-0.07985277644423107,-0.06715156759095271,-0.013715078009419814,0.07826539914051307,0.2597485979971822,0.4106679205937071,0.6743492605200092,61.053407800864335
2025-09-05,69.18,70.79,68.4,70.45,11174269,777521222.63,5.2204,2.1014,73.02799999999999,74.187,70.45599999999999,64.76433333333334,55.224833333333336,49.16116666666667,41.41064,73.02799999999999,74.187,70.45599999999999,64.76433333333334,55.224833333333336,49.16116666666667,41.41064,71.93601913929831,67.25438048156468,10.104529616724761,50.01367989056088,62.54550749963594,4.681638657733629,5.654978595622235,-1.9466798757772121,4.681638657733629,5.574864040471581,-1.7864507654759034,82.21071130630712,70.45599999999999,58.70128869369286,30.858306630830725,47.28551155455892,-1.99610321662567,31.995383447190402,48.617572424216306,-1.2489945068614077,5.092513689714066,-12.673596673596682,-82.91835552982047,-0.035301528180971535,-0.05037270680847042,-8.51595321901047e-05,0.08779009022455768,0.27569420761794966,0.4330416622876458,0.7012535908645701,123.11729556738217
2025-09-08,71.69,74.24,70.2,74.05,16099208,1165627011.04,7.5212,5.11,72.006,74.317,71.231,65.59,55.728,49.438250000000004,41.62628,72.006,74.317,71.231,65.59,55.728,49.438250000000004,41.62628,72.26124696402165,67.75775970515248,30.981595092024534,59.683578832514996,64.06315495319268,4.503487258869171,5.424680328271623,-1.842386138804903,4.503487258869171,5.410036843301979,-1.813099168865616,81.64833757277512,71.231,60.81366242722487,33.20256363260479,42.591195580574215,14.425299736665949,33.96061484351125,43.731919897314626,14.418004735904503,4.901147564311507,28.969965492534875,-62.10892236384707,0.028386523345276738,-0.0035927176823606433,0.03957546573823199,0.1289830766885195,0.3287754809072638,0.49782809868876815,0.7789242757219716,164.6041021195311
2025-09-09,74.0,74.0,69.0,69.51,12771311,903942279.65,5.9665,-6.131,71.1,74.181,71.744,66.251,56.1685,49.67916666666667,41.82376,71.1,74.181,71.744,66.251,56.1685,49.67916666666667,41.82376,71.83797820032602,67.88755528254859,25.569620253164558,51.57894736842106,58.91935921802879,3.9504229177774306,5.129828846172784,-2.358811856790707,3.9504229177774306,5.185480854759741,-2.4701158739646214,80.56536736028792,71.744,62.92263263971208,25.99753759361757,37.059976251588665,3.8726602776753793,26.502905067555208,37.988914954061485,3.5308852945426565,4.928211643527596,-23.626780438814706,-88.41251448435689,-0.022362869198312086,-0.06296760626036306,-0.031138492417484315,0.049191710313806584,0.23752637154276868,0.39917805921328536,0.66197395929969,53.115620160655844
2025-09-10,69.0,72.95,69.0,70.53,12077759,863327616.09,5.6425,1.4674,70.708,74.138,71.845,66.942,56.634,49.93941666666667,42.02152,70.708,74.138,71.845,66.942,56.634,49.93941666666667,42.02152,71.63675078489125,68.08329192828573,38.78594249201276,46.952224052718286,58.59898754959639,3.5534588566055163,4.814554848259331,-2.5221919833076303,3.5534588566055163,4.934400547351399,-2.7618833814917654,80.55602749392344,71.845,63.13397250607656,23.16405943861874,32.42800398059869,4.636170354658844,23.500971087910496,33.15960033201116,4.1837125997091675,4.750354981068033,-27.96191166861197,-82.50289687137892,-0.0025173954856592927,-0.04866600124092913,-0.018303291808754927,0.05359863762660226,0.24536497510329486,0.4123112504651468,0.6784257209163305,115.68204392801735
2025-09-11,69.33,73.18,69.18,72.41,11742449,844496312.32,5.4858,2.6655,71.39,73.189,72.1905,67.627,57.131,50.20591666666667,42.22236,71.39,73.189,72.1905,67.627,57.131,50.20591666666667,42.22236,71.75571220260028,68.40378882248679,49.74968710888612,52.11422295442063,58.21019196243613,3.3519233801134902,4.522028554630163,-2.3402103490333452,3.3519233801134902,4.69094252162249,-2.678038283017999,80.37408170201623,72.1905,64.00691829798377,26.912743745596,30.58958390226446,19.559063432259073,25.130427229715522,30.483209297912616,14.424863093321335,4.613926802692027,-17.602274042933626,-71.61066048667443,0.014287715366297745,-0.010643675962234714,0.0030405662794965606,0.07072618924394106,0.26743799338362706,0.4422602913667213,0.7149680879988706,130.0908155603177
2025-09-12,72.41,74.48,71.68,72.67,10431740,763718068.36,4.8735,0.3591,71.834,72.431,72.451,68.34266666666667,57.64216666666667,50.48441666666667,42.42996,71.834,72.431,72.451,68.34266666666667,57.64216666666667,50.48441666666667,42.42996,71.8963718637387,68.71980446526554,64.39215686274513,52.33670401749113,59.98585572842998,3.1765673984731535,4.252936323398761,-2.1527378498512153,3.1765673984731535,4.457961733445669,-2.5627886699450304,80.32644324566436,72.451,64.57555675433562,30.75852066894676,30.645896157825227,30.98376969118982,28.832269838536938,29.932896144787392,26.631017226036022,4.284121929475294,10.222754057644154,-63.76404494382023,0.011637943035331437,0.0032996921207770753,0.0030227326054852012,0.0633181809313849,0.260709029558801,0.4394540889680479,0.7127048906008867,103.64924122097601
2025-09-15,74.63,75.5,71.38,71.4,9665667,702507993.78,4.5156,-1.7476,71.304,71.655,72.5495,68.94866666666667,58.101666666666674,50.761250000000004,42.63024,71.304,71.655,72.5495,68.94866666666667,58.101666666666674,50.761250000000004,42.63024,71.82000696162505,68.91833746783846,53.77883850437551,30.497771173848435,58.52392310930266,2.901669493786599,3.982682957476329,-2.1620269273794595,2.901669493786599,4.218532158113504,-2.63372532865381,80.3143532707116,72.5495,64.78464672928838,36.35735118761082,32.549714501087095,43.97262456065826,28.88370895346079,29.58316708101186,27.48479269835864,4.254281578661605,1.3638280113926338,-71.0134128166915,0.0013463480309660557,-0.003558718861209901,-0.01584435454413868,0.03555302012124969,0.22888041077421756,0.4065847472235219,0.6748674180581673,83.83599359888024
2025-09-16,70.76,71.96,69.97,71.6,7010578,498221104.68,3.2752,0.2801,71.72200000000001,71.411,72.48400000000001,69.538,58.560833333333335,51.03741666666667,42.830040000000004,71.72200000000001,71.411,72.48400000000001,69.538,58.560833333333335,51.03741666666667,42.830040000000004,71.78615973675966,69.11697913688745,36.64122137404574,33.019238319591636,52.483523549268604,2.669180599872206,3.719982485955504,-2.1016037721665963,2.669180599872206,3.980170379922535,-2.621979560100658,80.25814446129955,72.48400000000001,64.70985553870047,41.30122953600417,35.46688617939279,52.96991624922694,35.9224726356405,31.696268932554744,44.37488004181202,3.842594018904948,-38.657745648440304,-50.000000000000085,-0.0017010122417112474,0.002646651076164638,-0.01219579493405461,0.02965285167821907,0.2226601966615911,0.40289232246276807,0.6717238648387904,102.8366937266851
2025-09-17,71.0,73.2,70.5,72.08,8065684,579941396.48,3.7681,0.6704,72.03200000000001,71.37,72.566,70.06166666666667,59.01133333333333,51.32091666666667,43.02988,72.03200000000001,71.37,72.566,70.06166666666667,59.01133333333333,51.32091666666667,43.02988,71.83136593110433,69.33646216378467,75.146771037182,35.76025744167336,55.512734584450406,2.4949037673196557,3.4749667422283346,-1.9601259498173578,2.4949037673196557,3.751667824137477,-2.513528113635642,80.28375915118377,72.566,64.84824084881623,44.81114832916708,38.58164022931756,57.27016452886613,43.01381363026846,35.46878383179265,58.10387322722008,3.6348496518313214,-20.566052406500106,-42.803504380475644,0.0006663705019989394,0.009948157489141008,-0.006697351376677841,0.028807954896876525,0.22146028446513097,0.4044955679214614,0.6751150595818534,106.90980973217603
2025-09-18,71.5,74.22,70.1,71.39,11689785,847799898.74,5.4612,-0.9573,71.828,71.60900000000001,72.788,70.50933333333334,59.46116666666667,51.60166666666667,43.230959999999996,71.828,71.60900000000001,72.788,70.50933333333334,59.46116666666667,51.60166666666667,43.230959999999996,71.7634634801652,69.4885760775784,58.995815899581615,43.514439549681825,53.36414997431947,2.274887402586799,3.2349508743000275,-1.9201269434264567,2.274887402586799,3.5244708362066035,-2.499166867239609,80.0686292382702,72.788,65.50737076172979,42.130509142521646,39.76459653371892,46.86233436012709,42.7134344389583,37.88366736751453,52.37296858184584,3.723058806043809,-27.41033683349268,-57.887323943662004,-0.00609790054017935,-0.0030582747978607195,-0.019206462603725837,0.01249007223629953,0.20061552778143713,0.38348244565744,0.6513628196089101,90.82931520040871
2025-09-19,71.36,72.36,68.86,69.5,8101676,570609015.37,3.7849,-2.6474,71.19399999999999,71.514,72.8505,70.80866666666667,59.87016666666667,51.86833333333333,43.42547999999999,71.19399999999999,71.514,72.8505,70.80866666666667,59.87016666666667,51.86833333333333,43.42547999999999,71.41523832937055,69.48942229405408,19.624217118997905,42.802118440057775,50.06000342876736,1.9258160353164726,2.9731239065033166,-2.094615742373688,1.9258160353164726,3.278523943761968,-2.7054158168909908,79.98714074004874,72.8505,65.71385925995125,31.299857500636925,36.943016856024926,20.013538789860917,31.688474364928034,35.818603033319036,23.428217028146037,3.682502659490389,-77.86286233784382,-90.36144578313252,-0.02379413995561408,-0.02816231786783002,-0.045991448239888495,-0.018481730108367157,0.16084527352242764,0.3399312361427975,0.6004428736308732,76.46703068898884
2025-09-22,55.61,62.98,55.6,60.77,32294471,1917348933.5,15.0872,-12.5612,69.06800000000001,70.186,72.2515,70.88266666666667,60.107,52.055,43.584720000000004,69.06800000000001,70.186,72.2515,70.88266666666667,60.107,52.055,43.584720000000004,69.77750935562123,68.84353916116117,5.128205128205082,34.179161860822745,40.452972632903425,0.9339701944600591,2.565293164094665,-3.2626459392692118,0.9339701944600591,2.9178233669462896,-3.967706344972461,81.20374352944093,72.2515,63.29925647055906,29.526538166253765,34.470857292767874,19.63789991322554,29.78561607578117,33.80760738080642,21.741633465730672,5.540229448673954,-303.8675136841262,-74.02010050251255,-0.12014246829211803,-0.13415780924970797,-0.15891019563607664,-0.14266769497009135,0.011030329246177714,0.16741907597733174,0.3942959826287744,26.12427925955122
2025-09-23,59.56,63.8,59.5,63.6,23544464,1456166817.49,10.9994,4.6569,67.46799999999999,69.595,71.888,71.02766666666666,60.400666666666666,52.25591666666666,43.755520000000004,67.46799999999999,69.595,71.888,71.02766666666666,60.400666666666666,52.25591666666666,43.755520000000004,68.82712330091027,68.45512885292702,23.684210526315752,37.49543629061699,44.65123553331248,0.3719944479832549,2.126633420872383,-3.5092779457782566,0.3719944479832549,2.5261573794135153,-4.308325862860521,81.6318230906017,71.888,62.14417690939831,33.084693785877725,34.008802790471165,31.23647577669084,33.25741239222933,33.62420905128072,32.523819074126536,5.314733185278689,-204.14567125578887,-59.79899497487436,-0.05733088278887752,-0.08614124577915076,-0.11529045181393283,-0.10457427387449952,0.05296851028134351,0.21708706031693406,0.45353089164521404,157.64448896528643
2025-09-24,62.97,63.15,60.88,62.53,13550591,843447092.23,6.3305,-1.6824,65.558,68.795,71.4665,70.82833333333335,60.665166666666664,52.43783333333333,43.923919999999995,65.558,68.795,71.4665,70.82833333333335,60.665166666666664,52.43783333333333,43.923919999999995,67.85833510077023,68.01623041937687,21.096239643084786,26.830249396621056,46.407672301690496,-0.1578953186066343,1.6697276729765798,-3.655245983166428,-0.1578953186066343,2.113226195102723,-4.542243027418714,82.0706963391805,71.4665,60.862303660819485,33.66450272492351,33.89403610195528,33.205435970859966,33.779648462491245,33.6760221883509,33.98690101077193,4.842963515228018,-170.663075624119,-65.17587939698493,-0.04618810824003181,-0.09106766480122103,-0.12504460131670078,-0.11716121137962696,0.030739771038294963,0.19245964268800844,0.4235978938127564,84.39430291524349
2025-09-25,64.0,68.63,63.3,66.28,19149135,1252197519.54,8.946,5.9971,64.536,68.18199999999999,70.68549999999999,70.85433333333334,60.98133333333333,52.65858333333333,44.11036,64.536,68.18199999999999,70.68549999999999,70.85433333333334,60.98133333333333,52.65858333333333,44.11036,67.61551431603635,67.88762075868229,34.70464135021098,43.29040299127543,48.46021572612162,-0.272106442645935,1.2813608498520768,-3.1069345849960235,-0.272106442645935,1.746251943141391,-4.0367167715746515,80.3097598621725,70.68549999999999,61.06124013782749,40.332449052796576,36.04017375223572,48.916999653918296,40.40921287784174,35.92041908484785,49.386800463829516,5.071515603368377,-89.49058339748717,-46.33165829145728,0.027023676707574062,-0.02789592561086485,-0.062325370832773196,-0.06455968348207367,0.08688997726080117,0.25867419524832136,0.5025948552675608,179.03614194728664
2025-09-26,66.21,67.15,64.2,65.11,11148439,728102881.72,5.2083,-1.7652,63.658,67.426,69.9285,70.77600000000001,61.3025,52.90866666666667,44.29308,63.658,67.426,69.9285,70.77600000000001,61.3025,52.90866666666667,44.29308,67.23005057510768,67.68187107285398,33.8477366255144,38.810900082576374,43.70052770448548,-0.4518204977462972,0.934724580332402,-2.7730901561573984,-0.4518204977462972,1.4080869522355928,-3.71981489996378,78.73185886854031,69.9285,61.12514113145968,43.913003987220634,38.66445049723069,54.410110967200524,42.869123493100524,38.23665388759874,52.134062704104096,4.685785493665036,-87.54144044587473,-52.21105527638191,0.022809387665336613,-0.03434876753774512,-0.06890609694187635,-0.08005538600655604,0.06211002813914599,0.23061124201454072,0.469981315365741,83.68583542538043
2025-09-29,64.98,65.5,63.41,64.5,7748739,498809486.2,3.62,-0.9369,64.404,66.736,69.19550000000001,70.61166666666666,61.6125,53.14075,44.47088000000001,64.404,66.736,69.19550000000001,70.61166666666666,61.6125,53.14075,44.47088000000001,66.81004279432189,67.44617691930924,36.23348017621145,32.76688453159041,44.63533771264948,-0.6361341249873504,0.6205528392684516,-2.513373928511604,-0.6361341249873504,1.0935914018936015,-3.459451053761904,77.16416356092749,69.19550000000001,61.22683643907252,45.20802485650012,40.8456419503205,53.932790668859354,44.51210452708671,40.328470767428065,52.879372046404015,4.213824494816848,-90.77019020891785,-52.201933404940924,0.0014905906465437495,-0.03350515463917532,-0.0678584590038371,-0.08655321358604572,0.046865489957395055,0.21375780356882437,0.45038730962823287,91.01651299312775
2025-09-30,64.87,66.1,64.39,65.3,7118270,464862705.21,3.3255,1.2403,64.744,66.10600000000001,68.7585,70.35799999999999,61.8855,53.349916666666665,44.652680000000004,64.744,66.10600000000001,68.7585,70.35799999999999,61.8855,53.349916666666665,44.652680000000004,66.57772851827237,67.28720085121226,72.14076246334308,34.31247339293314,45.2896138482024,-0.709472332939896,0.35454780482678216,-2.1280402755333565,-0.709472332939896,0.8161969811499865,-3.051338628179765,76.56550704157827,68.7585,60.951492958421724,47.50352391077809,43.064935937139694,56.380699858054896,47.03957702450249,42.56550618645288,55.98771870060173,3.7585836775774193,-65.36311123467068,-47.905477980665964,0.008587668355368797,-0.012192539255135864,-0.05029923573085511,-0.07188947951903114,0.05517447544255111,0.2239944142368232,0.462398225593626,113.1187679767915
2025-10-09,68.21,70.16,67.51,68.0,12875900,885167875.36,6.0153,4.1348,65.838,65.69800000000001,68.534,70.27666666666666,62.2205,53.57275,44.84683999999999,65.838,65.69800000000001,68.534,70.27666666666666,62.2205,53.57275,44.84683999999999,66.79653951546123,67.3400007881595,71.78217821782177,43.178170144462264,36.593364197530846,-0.5434612726982664,0.17494598932177244,-1.4368145240400776,-0.5434612726982664,0.6070187882502552,-2.3009601218970435,76.14497102871138,68.534,60.92302897128863,56.33090933749566,47.48692707059169,74.01887387130361,53.558071041755696,46.22969447155382,68.21482418215946,3.9588411907451606,0.2010513037528881,-33.40494092373791,0.03283817855949461,0.03503911839020963,-0.007791752998511775,-0.03239576910306868,0.09288739241889729,0.2693020238834109,0.5162718265099617,149.95374425780295
2025-10-10,68.03,69.33,65.18,67.73,11303893,760826597.72,5.2809,-0.3971,66.128,65.332,68.4705,70.30266666666667,62.56216666666667,53.77866666666667,45.035759999999996,66.128,65.332,68.4705,70.30266666666667,62.56216666666667,53.77866666666667,45.035759999999996,66.9401488207749,67.3688896186662,77.95698924731185,42.256902761104456,37.594133967499,-0.42874079789130803,0.05420863187915635,-0.9658988595409288,-0.42874079789130803,0.4476711596130917,-1.7528239150087994,76.08629100497531,68.4705,60.8547089950247,65.32408607847698,53.43264673988679,89.10696475565737,59.83028125138527,50.76322339816431,77.96439695782722,3.9935973378824023,-19.54876048004746,-27.625298329355587,0.024225744011613898,0.03670483071083099,-0.010814876479651781,-0.03659415479735235,0.08260317071286429,0.25942133187881183,0.5039159991970827,96.09961084565433
2025-10-13,65.27,69.25,65.27,67.72,8931295,604351387.8,4.1725,-0.0148,66.65,65.154,68.334,70.28500000000001,62.910833333333336,53.98716666666667,45.22472,66.65,65.154,68.334,70.28500000000001,62.910833333333336,53.98716666666667,45.22472,67.06012592527107,67.3948977950613,62.94964028776975,41.109298531810765,38.41636289995949,-0.3347718697902309,-0.023587468454721094,-0.6223688026710196,-0.3347718697902309,0.32729530893565745,-1.3241343574517765,75.89809078961694,68.334,60.76990921038307,69.25295544693964,58.70608297557108,90.34670038967676,67.63410691484293,56.386851237057186,90.12861827041442,3.991125094631057,-17.209462775183933,-16.75824175824175,0.01605401350337574,0.03938361420634194,-0.008985278192407941,-0.03649427331578589,0.0764441736319923,0.2543721810430256,0.49741115036201444,99.85245299590349
2025-10-14,67.8,70.19,65.0,65.06,10037943,674932257.91,4.6895,-3.9279,66.762,65.583,67.8845,70.02866666666667,63.22183333333333,54.16866666666667,45.398120000000006,66.762,65.583,67.8845,70.02866666666667,63.22183333333333,54.16866666666667,45.398120000000006,66.75241424446014,67.22194240283453,49.64539007092201,38.052095130237824,40.43052003410059,-0.46952815837438777,-0.11277560643865443,-0.7135051038714667,-0.46952815837438777,0.2047070831956505,-1.3484704831400767,75.07775553995134,67.8845,60.691244460048665,61.13462335918426,59.515596436775475,64.37267720400182,62.4264797580088,58.400060744041056,70.47931778594429,4.2091023501526825,-25.292494200910916,-47.98877455565946,-0.02549354423174857,-0.007974627571169299,-0.04160743615994815,-0.07095189589025443,0.02907487128655459,0.20106334535340237,0.4330989917644165,66.98400260491869
2025-10-15,65.58,69.44,64.58,68.49,11785593,797846862.01,5.506,5.2721,67.4,66.072,67.8335,69.94933333333333,63.59433333333333,54.379,45.578720000000004,67.4,66.072,67.8335,69.94933333333333,63.59433333333333,54.379,45.578720000000004,67.01973512992781,67.31587259521716,70.2127659574468,48.19835890117729,45.90163934426229,-0.29613746528934826,-0.14944797820879321,-0.2933789741611101,-0.29613746528934826,0.12765407573641993,-0.8475830820515364,74.99261277948297,67.8335,60.67438722051704,65.8652689835297,61.63215395236022,74.33149904586868,68.86434132094965,61.88815426967726,82.81671542349443,4.327447377397649,-6.8813696361770935,-18.259935553168678,0.016172106824925654,0.03659644024700315,0.009678108898995248,-0.020862719682818043,0.07698275003538047,0.2594935544971404,0.5026749325123652,167.15950354464078
2025-10-16,68.28,68.28,64.88,65.19,9748183,646041071.07,4.5541,-4.8182,66.838,66.338,67.56649999999999,69.757,63.90866666666667,54.55550000000001,45.728919999999995,66.838,66.338,67.56649999999999,69.757,63.90866666666667,54.55550000000001,45.728919999999995,66.73823741763123,67.158400551127,49.55537590945836,59.778761061946895,46.081053281217855,-0.4201631334957767,-0.20359100926618992,-0.4331442484591736,-0.4201631334957767,0.04337450508531275,-0.927075277162179,74.700443399056,67.56649999999999,60.43255660094399,52.66140842756455,58.641905444095,40.70041439450367,55.05324738281017,59.6098519740549,45.9400382003207,4.197002399688985,-32.41604989787627,-72.56894049346879,-0.024656632454591643,-0.017305315203955444,-0.03517275572954043,-0.06547013202976056,0.02004944556293871,0.19492993373720316,0.42557488783903064,61.02926622229196
2025-10-17,65.33,66.18,62.55,62.56,7338272,469023661.01,3.4283,-4.0344,65.804,65.96600000000001,67.074,69.11233333333332,64.16316666666667,54.71574999999999,45.84647999999999,65.804,65.96600000000001,67.074,69.11233333333332,64.16316666666667,54.71574999999999,45.84647999999999,66.09543166107258,66.81777828808056,27.886178861788608,47.67857142857143,42.07672223338019,-0.7223466270079797,-0.3073421328145479,-0.8300089883868635,-0.7223466270079797,-0.07442874600596303,-1.2958357620040333,74.1598922849254,67.074,59.98810771507459,35.15123563582841,50.81168217467281,3.8303425581395913,36.745794939325485,51.988499629145096,6.260385559686256,4.09391105429099,-76.85257628255275,-99.8691099476439,-0.0492979150203635,-0.05163265924870396,-0.06729880430569216,-0.09480700502081138,-0.02498577844505804,0.14336365671675907,0.3645540508235313,66.24568422654818
2025-10-20,63.66,66.54,63.56,65.22,8180846,535192092.45,3.8219,4.2519,65.304,65.977,66.7015,68.61133333333333,64.46183333333333,54.89458333333334,45.97756,65.304,65.977,66.7015,68.61133333333333,64.46183333333333,54.89458333333334,45.97756,65.96074986706141,66.69942434081533,41.456773315180364,55.606502709462276,40.962128966223126,-0.7386744737539175,-0.39360860100242184,-0.6901317455029913,-0.7386744737539175,-0.17662039642872523,-1.1241081546503846,73.31637725150755,66.7015,60.086622748492445,35.08337175023814,45.56891203319459,14.112291184325244,36.146411285902865,46.70780351473102,15.023626828246549,4.0731999535108105,-41.11956952636228,-65.0523560209424,-0.0012862918044836945,-0.01147369537869265,-0.022210894807463057,-0.04942817998970047,0.011761481600223405,0.18809536460033235,0.4185180770793405,151.64934685921415
2025-10-21,66.47,68.62,65.93,68.2,10383824,698608965.03,4.8511,4.5692,65.93199999999999,66.34700000000001,66.54150000000001,68.24600000000001,64.841,55.09641666666666,46.128800000000005,65.93199999999999,66.34700000000001,66.54150000000001,68.24600000000001,64.841,55.09641666666666,46.128800000000005,66.3052498875135,66.81057809334753,51.35900339750851,54.134366925064604,48.614929160499045,-0.5053282058340329,-0.4159525219687441,-0.17875136773057765,-0.5053282058340329,-0.2271908286449264,-0.556274754378213,72.82433300161608,66.54150000000001,60.258666998383944,48.03987436054273,46.39256614231064,51.33449079700691,48.748567384319216,47.38805813792709,51.46958587710347,3.9507999619633916,27.5819088319086,-26.047120418848095,0.03439907783777248,0.027928919167407633,0.024924295364546774,-0.0006740321777101438,0.051803642756897784,0.23783004641862687,0.47846898250117054,156.32765089071412
2025-10-22,67.79,69.4,66.9,68.22,7018379,478383481.45,3.2788,0.0293,65.878,66.639,66.3725,68.05199999999999,65.22616666666667,55.30558333333333,46.29288,65.878,66.639,66.3725,68.05199999999999,65.22616666666667,55.30558333333333,46.29288,66.59982682789604,66.91497971606253,60.51930758988016,57.045763479836886,47.5048606610499,-0.31515288816649445,-0.3957925952082942,0.16127941408359947,-0.31515288816649445,-0.2407234531867061,-0.1488588699595767,72.25126061050877,66.3725,60.49373938949124,56.76480280231645,49.849978362312584,70.59445168232418,57.237264818167446,50.671127031340546,70.36954039182126,3.68701815069732,50.38247483718197,-25.785340314136107,0.03555056316220891,0.023724845811011617,0.027835323364345122,0.0024687004055723035,0.04589926844287943,0.23351017905063837,0.4736607443736489,100.2936424283303
2025-10-23,68.78,69.5,64.91,67.28,9263382,617526584.51,4.3276,-1.3779,66.296,66.567,66.13250000000001,67.87833333333333,65.58,55.50683333333333,46.4446,66.296,66.567,66.13250000000001,67.87833333333333,65.58,55.50683333333333,46.4446,66.70446885437357,66.94201825561345,45.17158818834798,56.20535714285715,44.34399117971334,-0.23754940123987467,-0.3641439564146103,0.2531891103494712,-0.23754940123987467,-0.2402351375025782,0.0053714725254070395,71.38917845896363,66.13250000000001,60.875821541036395,58.48020012301029,52.72671894921183,69.98716247060722,58.79517480024428,53.37914295430846,69.62723849211591,3.851196668752353,33.612295383967286,-38.089005235602045,0.014842524435863319,0.010711012964381874,0.017351529127131043,-0.008814791170476528,0.025922537358950944,0.21210301434357934,0.4486075883956369,87.04476901937794
2025-10-24,68.6,69.2,65.01,65.1,19106452,1280869887.48,8.9261,-3.2402,66.804,66.304,65.818,67.74833333333333,65.87,55.69833333333334,46.590120000000006,66.804,66.304,65.818,67.74833333333333,65.87,55.69833333333334,46.590120000000006,66.45762749216226,66.80557245890134,49.60560911481155,49.57947855340622,41.99280727734291,-0.34794496673907815,-0.3609041584795039,0.025918383480851515,-0.34794496673907815,-0.2568058804620397,-0.18227817255407686,70.46788330355945,65.818,61.16811669644054,50.11245453226863,51.855297476897434,46.62676864301102,50.322437650424625,52.36024118634719,46.24683057857949,3.9127972744337427,19.324529016377703,-66.6230366492147,-0.02550745464343464,-0.0181587837837839,-0.010908869914005342,-0.03909075254003799,-0.011689691817215882,0.16879619378198013,0.3972919580374549,71.9366248859446
2025-10-27,65.1,67.17,64.3,65.06,13068122,856412551.09,6.1051,-0.0614,66.772,66.038,65.59599999999999,67.56866666666666,66.1665,55.89266666666666,46.73368,66.772,66.038,65.59599999999999,67.56866666666666,66.1665,55.89266666666666,46.73368,66.24260787798346,66.67627079527901,64.17233560090705,43.03977272727273,43.11468288444829,-0.43366291729554973,-0.3754559102427131,-0.11641401410567331,-0.43366291729554973,-0.2840146553595028,-0.2992965238720938,69.9181213115156,65.59599999999999,61.27387868848437,45.4466723260688,49.71908909328789,36.90183879163061,44.499426147403526,49.7399695066993,34.018339428811956,3.723197769991245,-5.708041815483296,-67.14659685863867,-0.0256394896064219,-0.014809655047094014,-0.008171229953045723,-0.037127662723352876,-0.016722964037692745,0.1640167463829484,0.39214373873403513,99.3872568057747
2025-10-28,65.19,66.88,63.56,65.09,12291835,801363507.53,5.7425,0.0461,66.15,66.041,65.812,67.27,66.43,56.0795,46.87152,66.15,66.041,65.812,67.27,66.43,56.0795,46.87152,66.06528358906293,66.55876925488798,48.94991922455578,43.67816091954023,42.90385873119687,-0.49348566582504816,-0.3990618613591801,-0.18884760893173613,-0.49348566582504816,-0.31624096466189444,-0.35448940232630743,69.50455638162207,65.812,62.119443618377936,42.480035747355245,47.30607131131035,32.82796461944504,41.848538294911734,47.10949243610345,31.326630012528298,3.64988908453829,-35.490992965784976,-63.45323741007187,-0.016024187452758916,-0.014400145364243326,-0.0109706436516136,-0.03240671919131846,-0.020171609212705152,0.16067368646296776,0.38868976299467156,100.46207080905896
2025-10-29,65.01,66.06,63.89,65.56,9029980,586082843.31,4.2186,0.7221,65.61800000000001,65.748,65.91,67.13833333333334,66.69466666666668,56.25408333333334,46.99864,65.61800000000001,65.748,65.91,67.13833333333334,66.69466666666668,56.25408333333334,46.99864,65.98754765228402,66.4847863471185,14.130434782608617,44.93908153701968,42.89140863497601,-0.49723869483447913,-0.4186972280542399,-0.15708293356047842,-0.49723869483447913,-0.34408676930383053,-0.3063038510612972,69.45652090451964,65.91,62.36347909548035,42.756474670898726,45.78953909783981,36.69034581701655,42.33547636926971,45.51815374715888,35.970121613491386,3.380818341894965,-47.99402076715703,-56.690647482014334,-0.0008839038068823635,-0.0028594025673785114,-0.005310271582460845,-0.02350867611647593,-0.017012854601067672,0.16542650977928997,0.39493398106838834,107.45997459653915
2025-10-30,65.48,66.42,63.74,64.86,10260325,667968182.64,4.7934,-1.0677,65.134,65.715,66.0265,66.94933333333333,66.94566666666667,56.397000000000006,47.11768,65.134,65.715,66.0265,66.94933333333333,66.94566666666667,56.397000000000006,47.11768,65.81407878270187,66.36443180288751,11.467889908256879,49.48400412796697,42.882057989971656,-0.5503530201856393,-0.44502838648051984,-0.21064926741023882,-0.5503530201856393,-0.37582003867026265,-0.3490659630307532,69.2432736369627,66.0265,62.809726363037306,35.79949040910644,42.45952286826202,22.47942549079528,39.30278760349397,43.44636503260391,31.01563274527409,3.253396825186789,-71.81935740575038,-66.76258992805754,-0.0042067123161482626,-0.01301072814425936,-0.017667148796316617,-0.03120767943917782,-0.031154617923988135,0.15006117346667364,0.376553344731744,89.82143608632839
2025-10-31,64.64,64.64,62.61,62.88,9102012,575680587.96,4.2523,-3.0527,64.69,65.74699999999999,65.85650000000001,66.63166666666667,67.12933333333334,56.5255,47.2298,64.69,65.74699999999999,65.85650000000001,66.63166666666667,67.12933333333334,56.5255,47.2298,65.36268204690158,66.10632574341436,9.259259259259267,34.355828220858896,42.798085291557875,-0.7436436965127768,-0.5047514484869713,-0.4777844960516111,-0.7436436965127768,-0.43240829372295714,-0.6224708055796394,69.36316898470615,65.85650000000001,62.349831015293866,25.172567868286748,36.69720453493693,2.1232945349863854,27.508099331211767,38.13360979880653,6.257078396022237,3.070961038789191,-144.81710043824367,-96.08127721335265,-0.02797959499149784,-0.04360655239022288,-0.045196753547485945,-0.056304559893944395,-0.06330069318926648,0.11241828909076437,0.3313628260123906,73.34252996287299
2025-11-03,62.5,63.68,61.5,63.03,7804729,487420521.44,3.6462,0.2385,64.284,65.528,65.7525,66.31033333333333,67.3265,56.65058333333333,47.33664,64.284,65.528,65.7525,66.31033333333333,67.3265,56.65058333333333,47.33664,65.00380788583979,65.8784497624207,19.287833827893195,42.69282814614345,53.02300695559122,-0.8746418765809096,-0.578729534105759,-0.5918246849503013,-0.8746418765809096,-0.5004442295472575,-0.7483952940673042,69.46945900036644,65.7525,62.035540999633554,23.15671191219117,32.18370699402168,5.102721748530158,24.713732887474517,33.66031749502919,6.820563672365168,2.908968122645702,-154.66441196601815,-80.87499999999999,-0.019507186858316296,-0.03812110853375663,-0.041405269761605974,-0.04946941401792578,-0.0638158823048873,0.1126099025164496,0.3315266989799022,102.41126742800381
2025-11-04,63.0,63.32,59.99,60.58,8317319,507816559.64,3.8857,-3.887,63.382000000000005,64.76599999999999,65.5565,65.94966666666667,67.44916666666667,56.754999999999995,47.439159999999994,63.382000000000005,64.76599999999999,65.5565,65.94966666666667,67.44916666666667,56.754999999999995,47.439159999999994,64.32322205724905,65.48597200224138,11.245674740484404,43.21917808219176,45.91891891891891,-1.1627499449923278,-0.6955336162830728,-0.93443265741851,-1.1627499449923278,-0.6023374165388068,-1.120825056907042,69.91038888477084,65.5565,61.20261111522916,17.505806539427823,27.291073509157062,-2.0647274000306552,18.543820522950053,28.62148517100281,-1.6115087731554638,2.9855193730737555,-194.23681074639845,-93.79600420609889,-0.04420813480167881,-0.0646326776395021,-0.07591161822244936,-0.08142067940702263,-0.10184212802233789,0.06739494317681267,0.27700406162335095,67.26971980026745
2025-11-05,59.51,60.6,59.03,60.11,4608886,277072226.56,2.1532,-0.7758,62.291999999999994,63.955,65.297,65.56666666666666,67.55233333333334,56.84425,47.53876,62.291999999999994,63.955,65.297,65.56666666666666,67.55233333333334,56.84425,47.53876,63.6750340484415,65.0877518539272,9.967845659163956,29.411764705882348,46.675824175824175,-1.4127178054856984,-0.8389704541235978,-1.147494702724201,-1.4127178054856984,-0.7270113225306363,-1.3714129659101242,70.28739962537377,65.297,60.30660037462623,15.210360701801434,23.26416924003852,-0.897256374672736,15.80094243077281,24.347970924259478,-1.2931145562005213,2.7281522143330728,-206.65682293589288,-89.68481375358168,-0.03502857509792582,-0.060120397154249064,-0.07943703386066737,-0.08322318251143869,-0.1101713733056347,0.057450841553895016,0.26444189962043596,92.50699844376305
2025-11-06,60.1,60.6,58.96,60.12,5175801,309512744.91,2.418,0.0166,61.343999999999994,63.239,64.90299999999999,65.16799999999999,67.61483333333334,56.948750000000004,47.64003999999999,61.343999999999994,63.239,64.90299999999999,65.16799999999999,67.61483333333334,56.948750000000004,47.64003999999999,63.12810573329666,64.71977023511778,2.777777777777729,7.203389830508414,40.56950398040415,-1.5916645018211213,-0.9895092636631027,-1.2043104763160373,-1.5916645018211213,-0.8600348885753263,-1.46325922649159,70.22791304597979,64.90299999999999,59.5780869540202,14.849944081347106,20.45942752047472,3.6309772030918808,14.310003287181864,21.001981711900275,0.9260464377450432,2.530306357181605,-176.70128446515616,-88.67187500000003,-0.019953051643192436,-0.04932083050016604,-0.07369459038873388,-0.07746133071446101,-0.1108459928664569,0.055686033495028306,0.2619636759331018,100.16648626846238
2025-11-07,59.8,62.33,59.21,61.92,7375873,450448448.21,3.4458,2.994,61.152,62.92100000000001,64.6125,64.85233333333333,67.68083333333333,57.07450000000001,47.7472,61.152,62.92100000000001,64.6125,64.85233333333333,67.68083333333333,57.07450000000001,47.7472,62.94224331278948,64.51237984733127,28.571428571428584,21.92513368983957,45.208771402823665,-1.5701365345417955,-1.1056347178388413,-0.9290036334059084,-1.5701365345417955,-0.9692812956470908,-1.2017104777894094,69.92194292844391,64.6125,59.303057071556076,22.357875178810538,21.09224340658666,24.8891387232583,21.557866584471228,21.187276669423927,22.29904641456583,2.6375233831485856,-113.45546298550235,-63.94640682095005,0.012558869701726856,-0.01590883806678223,-0.041671503192106725,-0.045215540946869026,-0.08511764778309946,0.08489780900402094,0.29682997118155624,134.31352824030992
2025-11-10,63.77,67.62,63.65,64.69,14653758,958199787.51,6.8459,4.4735,61.483999999999995,62.884,64.461,64.69200000000001,67.75033333333333,57.22958333333334,47.8708,61.483999999999995,62.884,64.461,64.69200000000001,67.75033333333333,57.22958333333334,47.8708,63.21112895697571,64.5255368956771,61.830065359477096,40.07662835249041,50.26798307475317,-1.3144079387013932,-1.1473893620113518,-0.3340371533800828,-1.3144079387013932,-1.0223777022708296,-0.5840604728611272,69.56608064783792,64.461,59.35591935216208,36.9606773709391,26.381721394704144,58.118589323409026,36.42733830804623,26.267297215631363,56.74742049287597,3.1943373134852067,21.44415978745653,-33.83371824480376,0.052143647127708075,0.028719547102601575,0.0035525356417058255,-3.09157237372403e-05,-0.04517074946740728,0.13035944405209998,0.3513457055240354,154.9037867796266
2025-11-11,64.76,64.76,62.66,62.95,7282163,462959937.52,3.4021,-2.6898,61.958000000000006,62.67,64.3555,64.76466666666666,67.82366666666667,57.37258333333333,47.98348,61.958000000000006,62.67,64.3555,64.76466666666666,67.82366666666667,57.37258333333333,47.98348,63.17095527128714,64.40883045896028,49.56709956709958,41.47501982553531,46.77109095905469,-1.23787518767314,-1.1654865271437094,-0.1447773210588612,-1.23787518767314,-1.0555311615634926,-0.3646880522192948,69.49554904747053,64.3555,59.21545095252947,39.99841924806256,30.920620679156954,58.154016385873774,39.64285987280064,30.725818101354456,57.476943415693015,2.995366892851534,-34.00503778337523,-53.92609699769053,0.016010846057006315,0.004467847454922629,-0.02183962520685883,-0.028019393290580053,-0.07185790604066425,0.09721397124933376,0.3119098489730216,76.13525962383943
2025-11-12,62.5,63.55,60.77,62.24,6536587,404037483.83,3.0537,-1.1279,62.384,62.33800000000001,64.043,64.71933333333332,67.8735,57.505583333333334,48.1058,62.384,62.33800000000001,64.043,64.71933333333332,67.8735,57.505583333333334,48.1058,63.02773138339681,64.24817635088915,61.066666666666706,39.38253012048192,41.62790697674418,-1.220444967492341,-1.1764782152134357,-0.08793350455781068,-1.220444967492341,-1.080902516321777,-0.27908490234112815,68.87542600072754,64.043,59.210573999272476,39.2907090599093,33.71065013940773,50.45082690091243,39.05366947640135,33.50176855970342,50.15747130979722,2.9562092759694356,-67.12761473063009,-62.12471131639723,-0.002308284175429571,-0.001572074817928167,-0.02815295973018135,-0.038309006067223435,-0.08299999263335477,0.08232968682751098,0.29381488302865766,89.27677536756538
2025-11-13,62.8,63.87,61.08,61.77,8751396,545629109.73,4.0885,-0.7551,62.714,62.02900000000001,63.872,64.694,67.76116666666667,57.644083333333334,48.216480000000004,62.714,62.02900000000001,63.872,64.694,67.76116666666667,57.644083333333334,48.216480000000004,62.83423424748961,64.06460773230478,61.066666666666706,37.90087463556851,41.387283236994215,-1.2303734848151677,-1.1872572691337822,-0.08623243136277114,-1.2303734848151677,-1.1038980499361448,-0.2529508697580458,68.77505425755285,63.872,58.96894574244714,37.00981835710659,34.81037287864069,41.40870931403839,36.851791968101296,34.618443029169384,41.31848984596512,2.9259894076113557,-58.85821934638389,-67.55196304849883,-0.015052460375673623,-0.004175466314143504,-0.0329095691382765,-0.045197390793582086,-0.08841593144549358,0.07157571823647703,0.28109725139620306,92.70009379325836
2025-11-14,60.97,61.27,59.87,59.88,5987322,361052475.55,2.7971,-3.0597,62.306000000000004,61.729000000000006,63.738,64.48066666666666,67.66749999999999,57.7695,48.309400000000004,62.306000000000004,61.729000000000006,63.738,64.48066666666666,67.66749999999999,57.7695,48.309400000000004,62.37973667095275,63.75463678917109,48.72068230277188,31.241743725231174,39.254385964912274,-1.374900118218335,-1.2247858389506927,-0.3002285585352844,-1.374900118218335,-1.1455906758257126,-0.4586188847852446,68.93000437919304,63.738,58.54599562080697,28.21439776539978,32.61171450756039,19.419764281078557,28.10904683939625,32.448644299245004,19.429851919698734,2.7394458789547467,-106.53772539538639,-89.37644341801384,-0.03893686001348188,-0.029953506455636793,-0.06052904076061372,-0.07134955180364133,-0.11508478959618706,0.03653311868719656,0.23951032304272044,73.28952438510109
2025-11-17,59.87,59.98,58.22,58.63,5719242,336275807.04,2.6719,-2.0875,61.09400000000001,61.289,63.408500000000004,64.26466666666666,67.52033333333333,57.88700000000001,48.39496,61.09400000000001,61.289,63.408500000000004,64.26466666666666,67.52033333333333,57.88700000000001,48.39496,61.80285410619079,63.375034064047306,31.370328425821057,30.146590184831098,40.832620473339034,-1.5721799578565125,-1.2942646627318566,-0.5558305902493119,-1.5721799578565125,-1.2112197961381435,-0.7219203234367382,69.02369095610818,63.408500000000004,57.793309043891824,20.26349921948639,28.49564274486906,3.7992121687210556,20.19326526881737,28.36351795576913,3.852759894913852,2.5613648100538833,-130.3775499871661,-95.63829787234039,-0.04033129276197344,-0.043384620404966615,-0.07536055891560281,-0.08767907714970365,-0.13166897872739558,0.012835351633354551,0.2114897914989496,80.98060651259273
2025-11-18,58.5,59.1,58.08,58.68,3968495,232832748.9,1.854,0.0853,60.24000000000001,61.099000000000004,62.93249999999999,64.07066666666667,67.34116666666667,58.01350000000001,48.47528,60.24000000000001,61.099000000000004,62.93249999999999,64.07066666666667,67.34116666666667,58.01350000000001,48.47528,61.322415012930676,63.02725376300676,0.8183306055645971,34.73837209302323,34.521931208583155,-1.7048387500760853,-1.3763794802007023,-0.656918539750766,-1.7048387500760853,-1.2871611736670574,-0.8353551528180558,68.4506609255144,62.93249999999999,57.414339074485575,15.60543553835781,24.19890700936531,-1.5815074036571914,15.558612904578462,24.095216272038908,-1.5145938303424273,2.2811166627713595,-125.9186535764375,-93.71069182389937,-0.025896414342629633,-0.039591482675657604,-0.06757239899892728,-0.08413626620606415,-0.12861622534012132,0.011488705215165297,0.21051389491716194,100.85608593395735
2025-11-19,58.4,59.86,57.75,58.26,4857148,285350055.8,2.2691,-0.7157,59.444,60.914,62.43449999999999,63.836,67.09700000000001,58.134166666666665,48.545199999999994,59.444,60.914,62.43449999999999,63.836,67.09700000000001,58.134166666666665,48.545199999999994,60.85127424171057,62.67412385463589,1.0438413361168415,33.00071275837489,37.972926067337724,-1.8228496129253173,-1.4656735067456252,-0.7143522123593842,-1.8228496129253173,-1.3695747797067899,-0.9065496664370549,67.73698194119653,62.43449999999999,57.13201805880345,12.126014776331745,20.174609598354124,-3.9711748677130103,12.094799687145512,20.09507741040778,-3.9057557593790193,2.250004542267476,-115.65077304094812,-94.83282674772039,-0.019917905928268698,-0.043569622746823446,-0.06686207145088045,-0.08734883138041231,-0.13170484522407871,0.002164533191898039,0.2001186523075403,93.06872219076281
2025-11-20,58.9,59.35,57.8,58.56,5259304,307859693.87,2.457,0.5149,58.802,60.758,61.9985,63.52133333333333,66.899,58.24791666666667,48.61228,58.802,60.758,61.9985,63.52133333333333,66.899,58.24791666666667,48.61228,60.49877051221664,62.36937393947767,7.990867579908695,41.49831649831651,42.44712990936555,-1.870603427261031,-1.5466594908487066,-0.6478878728246489,-1.870603427261031,-1.4466561100997501,-0.8478946343225617,67.0515544176014,61.9985,56.945445582398605,10.819572160918232,17.056263785875494,-1.6538110889962923,10.798762101460744,16.99630564075877,-1.5963249771353105,2.1227309891279353,-107.77456003564272,-91.7933130699088,-0.004115506275296713,-0.03617630600085586,-0.055461019218206856,-0.07810499359795127,-0.12465059268449452,0.005357845416502743,0.2046338908604987,105.27030411941996
2025-11-21,57.89,58.54,55.84,56.21,6357596,360323325.7,2.9701,-4.013,58.068000000000005,60.18700000000001,61.55400000000001,63.13733333333333,66.72,58.34375,48.67916,58.068000000000005,60.18700000000001,61.55400000000001,63.13733333333333,66.72,58.34375,48.67916,59.838959664183314,61.91312401803488,5.591054313099065,35.828488372093034,32.78563240351548,-2.0741643538515646,-1.6521604634492784,-0.8440077808045725,-2.0741643538515646,-1.5431958399077215,-1.0619370278876863,67.00655671558894,61.55400000000001,56.101443284411076,8.595708794872236,14.236078788874408,-2.6850311931321116,8.246147003690291,14.079586095069278,-3.4207311790676798,2.2313253547410374,-140.8804119225466,-96.85908319185062,-0.03199696907074471,-0.06607739212786831,-0.08681807843519523,-0.10971849724410275,-0.1575239808153477,-0.03657204070701659,0.15470357335664783,66.39344021088323
2025-11-24,57.8,61.5,57.24,60.66,13095968,779950851.35,6.1181,7.9167,58.474000000000004,59.784000000000006,61.334,62.902,66.59349999999999,58.464666666666666,48.762080000000005,58.474000000000004,59.784000000000006,61.334,62.902,66.59349999999999,58.464666666666666,48.762080000000005,59.965273562001265,61.82030001669896,54.421768707482954,51.48351648351648,36.36034732272067,-1.8550264546976933,-1.6927336616989614,-0.3245855859974638,-1.8550264546976933,-1.5911697806446403,-0.527713348106106,66.54044297202266,61.334,56.127557027977346,25.738774729997832,18.070310769248884,41.07570265149573,23.509389482280792,17.222853890806448,36.082460665229476,2.787448017515394,-50.06918595448506,-45.96412556053821,0.03738413653931649,0.01465274989963854,-0.010989010989011096,-0.03564274585863732,-0.08910028756560319,0.03754974514521586,0.24399943562702803,214.23390635331018
2025-11-25,60.66,64.95,60.11,63.3,12352202,779329402.0,5.7707,4.3521,59.398,59.818999999999996,61.244499999999995,62.843333333333334,66.43599999999999,58.614000000000004,48.864079999999994,59.398,59.818999999999996,61.244499999999995,62.843333333333334,66.43599999999999,58.614000000000004,48.864079999999994,60.47830839861645,61.929907422869405,72.86973555337902,53.62394957983192,41.87045604758757,-1.4515990242529568,-1.6445067342097608,0.3858154199136079,-1.4515990242529568,-1.5696973565843813,0.23619666466284883,66.23619615723825,61.244499999999995,56.25280384276174,44.45519486207684,26.86527213352487,79.63504031918077,42.96893803026548,25.80488193729279,77.29705021621086,3.1606392870580504,47.989740161994476,-18.111964873765157,0.0656924475571567,0.058192213176415555,0.03356219742180934,0.007266747997666103,-0.047203323499307545,0.07994677039615096,0.29543009916486723,153.11334358655085
2025-11-26,65.39,65.92,63.04,63.27,10727491,686772112.96,5.0116,-0.0474,60.4,59.92199999999999,61.129999999999995,62.669333333333334,66.30933333333333,58.76049999999999,48.97596,60.4,59.92199999999999,61.129999999999995,62.669333333333334,66.30933333333333,58.76049999999999,48.97596,60.90779941421391,62.02917353969389,72.52208047105006,45.64417177914112,43.16865417376491,-1.1213741254799814,-1.539880212463805,0.837012173967647,-1.1213741254799814,-1.500724551799089,0.7587008526382153,65.79956100719019,61.129999999999995,56.46043899280979,54.206902394823715,35.97914888729115,90.66240940988884,53.21606450694948,34.94194279384502,89.7643079331584,3.109613962138405,94.44211585212501,-26.28968253968253,0.0475165562913908,0.055872634424752404,0.03500736136103399,0.009584698523467121,-0.04583567924073018,0.07674373090766774,0.2918582912922994,99.527075833317
2025-11-27,62.05,64.8,61.32,63.83,11066807,702005827.4,5.1702,0.8851,61.45399999999999,60.128,61.078500000000005,62.623999999999995,66.1905,58.913583333333335,49.08768,61.45399999999999,60.128,61.078500000000005,62.623999999999995,66.1905,58.913583333333335,49.08768,61.35736873510408,62.162568092309165,76.96030977734756,52.91005291005289,47.71006130544537,-0.8051993572050833,-1.3929440414120606,1.1754893684139547,-0.8051993572050833,-1.3937206757077034,1.1770426370052403,65.59506261936087,61.078500000000005,56.56193738063914,62.55989260184015,44.83939679214082,98.0008842212388,61.89933400992399,43.927739865871345,97.84252229802928,3.1769568781132396,74.97811241463836,-20.734126984127023,0.03866306505679053,0.06156865353911652,0.04504858501764111,0.01925779253960148,-0.03566221738769162,0.08345132630703439,0.30032627331338535,109.21193443968504
2025-11-28,64.0,66.59,64.0,65.5,14604637,954057836.33,6.823,2.6163,63.312,60.69,61.209500000000006,62.721999999999994,65.91716666666666,59.07525,49.19828,63.312,60.69,61.209500000000006,62.721999999999994,65.91716666666666,59.07525,49.19828,61.99469662201115,62.40978527065663,79.65811965811967,60.136815920398014,50.74931880108991,-0.41508864864547945,-1.1973729628587444,1.5645686284265299,-0.41508864864547945,-1.243161902313515,1.656146507336071,66.08387758508475,61.209500000000006,56.33512241491526,71.66008343998645,53.77962567475603,107.42099897044727,71.21971104537567,53.02506359237279,107.60900595138145,3.101146536638106,136.07366727686195,-10.139534883720962,0.03455900935051811,0.07925523150436649,0.07009532833955504,0.044290679506393385,-0.006328649845892339,0.10875535863157589,0.33134735604578053,129.46863094613602
2025-12-01,66.66,68.01,65.56,66.25,14737652,982608452.72,6.8851,1.145,64.42999999999999,61.452,61.37050000000001,62.75633333333334,65.68383333333333,59.2485,49.309439999999995,64.42999999999999,61.452,61.37050000000001,62.75633333333334,65.68383333333333,59.2485,49.309439999999995,62.64935868016328,62.69424562097836,99.70297029702976,63.691931540342296,51.928191489361694,-0.044886940815075604,-0.9668757584500106,1.84397763526987,-0.044886940815075604,-1.058811908236832,2.0278499348435126,66.69041086192419,61.37050000000001,56.05058913807582,76.28612519663845,61.28179218205018,106.29479122581498,75.99254360023127,60.68089026165896,106.6158502773759,2.993665348158451,154.73958686251922,-14.461791290057558,0.02824771069377631,0.07807719846384173,0.07950888456180075,0.05567034402902223,0.008619574070737976,0.11817176806163869,0.3435561223165383,112.05876354823478
2025-12-02,65.59,72.18,65.07,68.45,23222578,1598819747.65,10.8491,3.3208,65.46000000000001,62.42900000000001,61.76400000000001,62.76466666666667,65.50533333333334,59.43725,49.42756000000001,65.46000000000001,62.42900000000001,61.76400000000001,62.76466666666667,65.50533333333334,59.43725,49.42756000000001,63.54176503706124,63.12059779720218,99.61783439490453,75.70485902819436,54.54259666771456,0.42116723985905935,-0.6892671587881967,2.220868797294512,0.42116723985905935,-0.8311228085297717,2.504580096777662,67.93403761823205,61.76400000000001,55.593962381767966,76.58161100420531,66.38173178943524,96.98136943374547,76.38588993993386,65.91589015441727,97.32588951096704,3.7420898303114623,175.38194444444457,-22.827417380660975,0.045676749159792154,0.09644556215861207,0.10825076096107751,0.09058174981677587,0.04495308270064518,0.1516347071911975,0.3848549270892594,138.6358976007812
2025-12-03,66.5,70.99,64.9,67.13,20901251,1404104818.97,9.7646,-1.9284,66.232,63.31600000000001,62.114999999999995,62.72833333333334,65.39016666666666,59.62858333333333,49.5528,66.232,63.31600000000001,62.114999999999995,62.72833333333334,65.39016666666666,59.62858333333333,49.5528,64.09380118520566,63.41759055296498,79.3261868300153,75.38829151732375,53.49984582176996,0.6762106322406822,-0.41617160058242086,2.1847644656462064,0.6762106322406822,-0.5992253561035481,2.5508719766884607,68.67522624769339,62.114999999999995,55.554773752306595,74.08582308481087,68.94976222122712,84.35794481197837,73.95534237529657,68.59570756137704,84.67461200313562,4.1689825884366485,133.62737891039762,-30.90575275397803,0.013558400773040165,0.06023753869480045,0.08073734202688564,0.07017031113000488,0.02660695670347994,0.1258023626812085,0.3547165851374695,82.3060855254219
2025-12-04,67.08,72.0,66.14,70.95,20275447,1417328486.08,9.4722,5.6905,67.656,64.55499999999999,62.65650000000001,62.850666666666676,65.36449999999999,59.85308333333333,49.69392,67.656,64.55499999999999,62.65650000000001,62.850666666666676,65.36449999999999,59.85308333333333,49.69392,65.14860100286633,63.975546808300905,87.20930232558135,79.91223793271574,61.774146483805076,1.1730541945654238,-0.09832644155285197,2.5427612722365516,1.1730541945654238,-0.32656696369293703,2.999242316516722,70.23259057634124,62.65650000000001,55.080409423658786,79.9795714809047,72.62636530778632,94.68598382714146,80.12771499030379,72.43971003768596,95.50372489553945,4.476440299629985,156.4988519908158,-7.527539779681786,0.048687477829017334,0.09906281465417104,0.13236455914390355,0.1288663074377359,0.08545158304584309,0.18540258995289866,0.42774005351157657,173.923203491394
2025-12-05,71.25,76.49,69.32,75.5,25872118,1879998991.11,12.0869,6.413,69.65599999999999,66.484,63.3355,63.19733333333333,65.47283333333333,60.12283333333334,49.85072,69.65599999999999,66.484,63.3355,63.19733333333333,65.47283333333333,60.12283333333334,49.85072,66.74112392550228,64.82921000768603,90.77568134171904,84.98376623376623,66.1236100336178,1.9119139178162499,0.30372163032096844,3.216384574990563,1.9119139178162499,0.017814710385399446,3.788198414861701,72.82597938448018,63.3355,53.84502061551983,84.63839563928445,76.6303754182857,100.65443608128197,85.03752427925016,76.6389814515407,101.83460993466909,4.966178426969988,201.75464051149586,-5.142857142857118,0.08389801309291388,0.13561157571746596,0.19206448200456294,0.19467066120933374,0.15315003423811924,0.2557625084202617,0.5145217561551768,186.18535550544442
2025-12-08,77.76,81.28,74.16,74.34,29415290,2281344904.55,13.7421,-1.5364,71.274,67.852,63.818,63.50666666666667,65.53766666666667,60.38125,49.97384,71.274,67.852,63.818,63.50666666666667,65.53766666666667,60.38125,49.97384,67.91018178311731,65.53371297007965,82.02898550724636,80.94117647058823,68.40556447298022,2.376468813037661,0.7182710668643071,3.3163954923467083,2.376468813037661,0.3806845723319013,3.99156848141152,74.50431116502159,63.818,53.131688834978405,78.1690840668042,77.1432783011252,80.2206955981622,79.09760318034094,77.45852202780745,82.37576548540792,5.357782349339081,205.77106037017836,-32.78223901747755,0.04301708898055395,0.09561987855921711,0.16487511360431237,0.17058576527398703,0.13430953192311806,0.23117689680157336,0.48757830096706595,85.65565714313598
2025-12-09,74.96,77.1,73.5,76.53,20987293,1585701053.87,9.8048,2.9459,72.89,69.175,64.49699999999999,63.888000000000005,65.579,60.6535,50.10511999999999,72.89,69.175,64.49699999999999,63.888000000000005,65.579,60.6535,50.10511999999999,69.23630766263773,66.34825275007375,83.72703412073488,90.09471191791634,70.99744245524298,2.888054912563973,1.1522278360042404,3.4716541531194656,2.888054912563973,0.7664338554445278,4.243242114238891,76.58490278270332,64.49699999999999,52.40909721729664,77.51352431440921,77.26669363888655,78.00718566545453,78.13253705676703,77.68319370412732,79.03122376204647,5.038185558550156,155.96926878663743,-23.79759519038076,0.04993826313623269,0.10632453921214317,0.18656681706125894,0.19787753568745295,0.16698943259275087,0.2617573594269086,0.5273888177495636,133.68773511276376
2025-12-10,75.55,77.99,75.2,77.41,15875274,1219578796.93,7.4166,1.1499,74.946,70.58900000000001,65.2555,64.283,65.71066666666667,60.93958333333333,50.239039999999996,74.946,70.58900000000001,65.2555,64.283,65.71066666666667,60.93958333333333,50.239039999999996,70.4937987914627,67.16764143525347,82.18390804597698,88.47037207165825,71.62872154115587,3.3261573562092224,1.5870137400452369,3.478287232327971,3.3261573562092224,1.1602374709467886,4.3318397705248675,78.58692464846771,65.2555,51.924075351532274,77.54373843182836,77.35904190320049,77.9131314890841,78.95876551947461,78.10838430924309,80.65952793993765,4.629424547904671,144.51066018056574,-19.38877755511024,0.03287700477677259,0.09662978651064588,0.18626016197868378,0.20420639982577035,0.17804313860763338,0.27027452052921264,0.5408335828073149,112.11237202274538
2025-12-11,79.56,92.88,78.91,90.88,35349794,3082706729.06,16.5146,17.4009,78.93199999999999,73.29400000000001,66.71099999999998,65.15033333333334,66.04983333333332,61.34191666666666,50.42264,78.93199999999999,73.29400000000001,66.71099999999998,65.15033333333334,66.04983333333332,61.34191666666666,50.42264,73.63013743892996,68.92411244004951,95.55044112006138,92.30061349693253,78.04027885360186,4.7060249988804514,2.2108159918122796,4.990418014136344,4.7060249988804514,1.7057432444750444,6.000563508810814,84.1604721983182,66.71099999999998,49.261527801681765,82.64650467768782,79.12152949469626,89.69645504367094,83.66410776090552,79.96029212646391,91.07173902978874,6.600438266467458,217.8492569496755,-6.9252077562326875,0.15137080018243562,0.23993778481185338,0.3622940744404973,0.3949276289197803,0.3759307997244506,0.48153179650130484,0.8023649693867674,497.40770587050906
2025-12-12,90.0,94.83,88.06,94.2,36863910,3388940276.83,17.222,3.6532,82.672,76.164,68.42699999999999,66.19433333333333,66.413,61.772000000000006,50.62344,82.672,76.164,68.42699999999999,66.19433333333333,66.413,61.772000000000006,50.62344,76.79473167909458,70.79640040745325,95.46343371138053,93.08999721370854,78.27169955930256,5.998331271641334,2.9683190477780905,6.060024447726486,5.998331271641334,2.3661414025006273,7.264379738281413,89.43521303054415,68.42699999999999,47.41878696945584,87.72936596510073,81.99080831816443,99.20648125897333,88.4077680205792,82.77611742450235,99.67106921273293,6.631267672564284,212.1822080252048,-2.10491146007349,0.13944261660538038,0.2368047896644084,0.3766495681529223,0.4230825397944437,0.41839700058723456,0.5249627663018842,0.8607980808890111,143.16136950159927
2025-12-15,95.39,106.88,94.67,105.57,34289217,3450693039.24,16.0191,12.0701,88.91799999999999,80.096,70.774,67.61233333333332,66.96133333333333,62.30175,50.87552,88.91799999999999,80.096,70.774,67.61233333333332,66.96133333333333,62.30175,50.87552,81.22169603615694,73.37222259949374,96.41864773078112,94.68950749464668,84.4710449692656,7.849473436663203,3.9445499255551133,7.8098470222161795,7.849473436663203,3.2097309462179466,9.279484980890512,97.01114474195722,70.774,44.536855258042785,90.77939944759297,84.9203386946406,102.49752095349771,91.23166748457861,85.59463411119444,102.50573423134693,7.731037186643503,229.48462788813848,-3.1205335874225884,0.18727366787377137,0.31804334798242095,0.4916494757961962,0.5614015194466494,0.5765815097270066,0.6944949379431556,1.0750647855786042,312.5332208295773
2025-12-16,103.0,115.0,100.29,112.68,32633162,3500162496.02,15.2455,6.7349,96.148,84.51899999999999,73.474,69.349,67.64933333333333,62.8755,51.15256000000001,96.148,84.51899999999999,73.474,69.349,67.64933333333333,62.8755,51.15256000000001,86.06143510751741,76.28390981434605,100.0,95.24357499041042,86.96863090002932,9.777525293171365,5.111144999078364,9.332760588186002,9.777525293171365,4.220160845749241,11.114728894844248,105.04310508375815,73.474,41.90489491624186,92.27017951984436,87.3702856363752,102.06996728678268,92.61086548206772,87.93337790148554,101.9658406432321,8.999939516344682,217.3360724883637,-4.630738522954079,0.17194325414985243,0.3331913534234908,0.5336037237662302,0.624825159699491,0.6656483434180186,0.7921129851850085,1.2028223025396967,191.8947828933186
2025-12-17,109.6,117.8,108.12,110.99,33272745,3705518779.91,15.5443,-1.4998,102.864,88.905,76.1105,71.045,68.30583333333334,63.43333333333333,51.42336,102.864,88.905,76.1105,71.045,68.30583333333334,63.43333333333333,51.42336,89.89659893713011,78.85473130957966,95.53382663847778,92.14393368500374,85.44066820276495,11.041867627550445,6.297289524772781,9.489156205555329,11.041867627550445,5.26965419679558,11.54442686150973,110.96614726576863,76.1105,41.25485273423137,90.16444311223947,88.30167146166329,93.8899864133918,90.67979495165336,88.84885025154148,94.34168435187712,9.123586877009283,190.1250643751691,-13.182346109175382,0.07899751127702588,0.24841122546538433,0.45827448249584474,0.5622492786262228,0.6248978247343441,0.7497109826589595,1.1583576024592712,85.97459344469601
2025-12-18,110.67,122.0,110.62,115.9,32648625,3834283413.14,15.2527,4.4238,107.86800000000001,93.4,78.97749999999999,72.90433333333334,69.03616666666667,64.02375,51.719080000000005,107.86800000000001,93.4,78.97749999999999,72.90433333333334,69.03616666666667,64.02375,51.719080000000005,93.89712217757163,81.59882528664784,95.96369715786957,92.5255422118659,88.6558101021253,12.298296890923794,7.497490998002984,9.60161178584162,12.298296890923794,6.350983842046075,11.894626097755438,117.04016902995781,78.97749999999999,40.914830970042175,89.25052221228336,88.61795504520332,90.51565654644341,89.92674763418249,89.2081493790885,91.36394414437046,9.533843808462139,168.20061951662856,-11.57934700075929,0.07446137872214184,0.24089935760171305,0.4675065683264223,0.5897546099225925,0.6788301783847596,0.810265721704836,1.2409524686053965,154.16857056304914
2025-12-19,115.93,122.66,111.6,112.99,32102625,3707735845.38,14.9976,-2.5108,111.626,97.149,81.81649999999999,74.60666666666665,69.7295,64.59533333333334,51.99264,111.626,97.149,81.81649999999999,74.60666666666665,69.7295,64.59533333333334,51.99264,96.83448799640676,83.92409748763689,85.3082082401788,89.96165911467408,86.67026443604962,12.91039050876988,8.580070900156365,8.660639217227029,12.91039050876988,7.360123329234353,11.100534359071052,121.17700613442106,81.81649999999999,42.45599386557892,86.27686021095539,87.83759010045401,83.15540043195813,86.72767715888814,88.38132530568838,83.42038086528768,9.811326752378113,137.79649327913535,-19.670463791700573,0.012219375414329907,0.16305880657546648,0.38101727646623856,0.5144759181485123,0.6204045633483675,0.749197568451797,1.1731922056660327,77.5471295491834
2025-12-22,116.7,118.8,110.58,112.49,26666436,3034391024.61,12.4579,-0.4425,113.00999999999999,100.964,84.408,76.2,70.446,65.15808333333334,52.2608,113.00999999999999,100.964,84.408,76.2,70.446,65.15808333333334,52.2608,99.24302830465187,86.04009026633045,82.09898209898205,88.42027376988528,86.08019310714762,13.20293803832142,9.504644327789375,7.3965874210640905,13.20293803832142,8.259017899863132,9.887840276916577,124.71702607553057,84.408,44.09897392446943,83.7083829977798,86.46118773289594,78.20277352754752,84.2559344878077,87.00619503306149,78.75541339730015,9.521994615582091,112.37747491898438,-20.687550854353137,-0.004601362711264455,0.1141595023968939,0.3326935835465832,0.47624671916010486,0.5968259375975925,0.7264166507864844,1.1524737470532405,95.66191738728794
2025-12-23,112.0,117.8,105.0,108.1,35973519,3946621593.29,16.806,-3.9026,112.09400000000001,104.12100000000001,86.648,77.705,71.23483333333333,65.67091666666667,52.513040000000004,112.09400000000001,104.12100000000001,86.648,77.705,71.23483333333333,65.67091666666667,52.513040000000004,100.60563933470543,87.67415765400969,55.88098558809854,80.24118738404451,81.729055258467,12.93148168069574,10.190011798370648,5.482939764650183,12.93148168069574,8.977858481529687,7.907246398332106,126.99725087675981,86.648,46.29874912324019,78.04558866518653,83.65598804365948,66.82478990824063,79.27780096630642,84.43006367747647,68.97327554396631,10.117995594567164,87.31703839383152,-30.678466076696175,-0.03563080985601382,0.03821515352330447,0.2475764010709999,0.39115887008558003,0.5175160092557715,0.646086357355044,1.0585363178364837,67.16109553514765
2025-12-24,105.94,116.82,105.7,114.2,29771339,3352256002.24,13.9085,5.6429,112.73599999999999,107.8,89.1945,79.43699999999998,72.07816666666668,66.23941666666667,52.80016,112.73599999999999,107.8,89.1945,79.43699999999998,72.07816666666668,66.23941666666667,52.80016,102.69707943705843,89.63903486482378,53.70731707317071,83.87151597552682,82.98553474033672,13.05804457223465,10.76361835314345,4.5888524381824,13.05804457223465,9.60557941856122,6.904930307346859,129.75941430573343,89.1945,48.62958569426659,77.21343675944999,81.50847094892299,68.62336838050399,79.73948635849001,82.86653790448099,73.48538326650805,10.300178213736768,84.21534080061193,-19.33714285714284,0.012986091399375647,0.05936920222634514,0.2803480035203964,0.437617231265028,0.5843910199343767,0.7240489990224853,1.162872233720504,173.1426656784088
2025-12-25,117.18,137.04,117.08,133.5,35385849,4641997529.9,16.5315,16.9002,116.256,112.06200000000001,92.678,81.82799999999999,73.261,66.96308333333333,53.16916,116.256,112.06200000000001,92.678,81.82799999999999,73.261,66.96308333333333,53.16916,107.43599029289561,92.88799524520721,79.53293098924166,87.50493745885449,88.1528285121927,14.547995047688403,11.52049369205244,6.055002711271925,14.547995047688403,10.365951053811557,8.364087987753692,135.94730921565449,92.678,49.40869078434551,82.02396846035555,81.68030345273385,82.71129847559894,84.08384431521495,83.27230670805898,85.70691952952689,12.58014581123917,128.24440679138283,-7.2274397713352245,0.14832782824112303,0.19130481340686392,0.44047130926433464,0.6314708901598477,0.8222519485128514,0.9936357968383078,1.5108540364376641,476.5973441574237
2025-12-26,133.98,140.0,129.6,138.0,37636063,5069890277.21,17.5827,3.3708,121.258,116.44200000000001,96.303,84.432,74.45633333333333,67.71883333333334,53.5624,121.258,116.44200000000001,96.303,84.432,74.45633333333333,67.71883333333334,53.5624,112.13814563245015,96.2296252270437,79.31034482758619,88.07339449541283,88.15867377146239,15.908520405406449,12.398099034723241,7.020842741366415,15.908520405406449,11.218654030980002,9.379732748852895,142.06148456268645,96.303,50.54451543731356,86.33714072963518,83.2325825450343,92.54625709883695,87.9185331687432,84.8210488616204,94.1135017829888,12.18375566374114,133.375888759012,-4.4120891242003095,0.13806924079236013,0.18513938269696495,0.4329771658203795,0.634451392836839,0.853435346892362,1.0378378245342874,1.576434215046376,139.30868957814528
2025-12-29,125.0,134.3,120.5,128.14,55386414,7002394500.05,25.8753,-7.1449,124.38799999999999,118.699,99.3975,86.74900000000001,75.50683333333333,68.40466666666666,53.9154,124.38799999999999,118.699,99.3975,86.74900000000001,75.50683333333333,68.40466666666666,53.9154,114.59996938130396,98.59335669170713,66.9652855543113,74.52606635071086,79.86366985998524,16.006612689596835,13.11980176569796,5.773621847797749,16.006612689596835,11.955263055382591,8.102699268428488,144.9690238302436,99.3975,53.825976169756395,79.59618905785202,82.0204513826402,74.74766440827563,81.9901779926264,83.87742523862241,78.21568350063438,13.150345543060931,96.75350301778528,-29.86653235960719,0.030163681384056305,0.07953731707933502,0.28916723257627197,0.4771351831145024,0.6970649455568038,0.8732640073289347,1.3766864383830961,47.649278890588086
2025-12-30,128.0,130.86,119.32,121.0,38921869,4814501315.25,18.1834,-5.572,126.96799999999999,119.53099999999999,102.025,88.82633333333334,76.4485,69.0305,54.239,126.96799999999999,119.53099999999999,102.025,88.82633333333334,76.4485,69.0305,54.239,115.58458947648796,100.25310804787696,58.295964125560545,66.79618952118324,74.95461225901269,15.331481428611,13.56213769828057,3.53868746066086,15.331481428611,12.4746812666485,5.713600323925,146.11933213368502,102.025,57.930667866314984,68.30222127666325,77.44770801398123,50.01124780202727,69.89821389984618,79.21768812569701,51.25926544814453,12.857555444322582,77.57166458270203,-54.285714285714285,-0.04700396950412694,0.012289698906559874,0.1859838274932614,0.36220865434049204,0.5827648678522144,0.7528483786152497,1.2308670882575268,56.36461003165609
2025-12-31,121.0,126.9,115.03,122.07,36399710,4428201874.72,17.0051,0.8843,128.542,120.63899999999998,104.772,90.95333333333333,77.39466666666667,69.64008333333332,54.5642,128.542,120.63899999999998,104.772,90.95333333333333,77.39466666666667,69.64008333333332,54.5642,116.58234494164365,101.8691741184046,64.5611840733792,61.87392055267702,75.06455500086072,14.713170823239054,13.792344323272268,1.8416529999335722,14.713170823239054,12.819064275354739,3.7882130957686293,146.49462776202338,104.772,63.049372237976634,61.79195704158502,72.22912435651583,40.917622411723414,62.85595212370698,73.76377612503367,41.040304121053595,12.677999908991204,64.34020931006998,-51.22857142857144,-0.05034930217360869,0.01186183572476572,0.16510136295956923,0.34211683647291646,0.577240464459222,0.7528698151567406,1.2371811554095908,109.20329499885439
2026-01-05,127.8,132.78,123.1,125.37,36526083,4655727003.57,17.0641,2.7034,126.91599999999998,121.58599999999998,107.49300000000001,93.18033333333332,78.35083333333334,70.28566666666667,54.90736,126.91599999999998,121.58599999999998,107.49300000000001,93.18033333333332,78.35083333333334,70.28566666666667,54.90736,117.93429187369848,103.60997603555981,62.36440115120656,59.66194609410689,75.40955776249893,14.324315838138673,13.89873862624555,0.8511544237862481,14.324315838138673,13.050641438859959,2.5473487985574295,146.96575414763896,107.49300000000001,68.02024585236107,60.594638027723356,68.35096224691833,45.0819895893334,61.30396808247133,69.6105067775129,44.690890692388194,12.320181743720077,81.7016837572315,-41.79999999999999,-0.012181285259541572,0.031122004178112783,0.16630850380955034,0.34545558612153515,0.6001106135863263,0.783720720677995,1.2833004537096668,130.57102485192124
2026-01-06,123.0,137.86,122.91,136.93,32622798,4250811884.45,15.2406,9.2207,126.702,123.97999999999999,110.5645,95.87100000000001,79.50416666666666,71.03316666666666,55.29728,126.702,123.97999999999999,110.5645,95.87100000000001,79.50416666666666,71.03316666666666,55.29728,120.8567085085141,106.07812595885169,54.581886187550104,67.1697114111729,77.47628673612189,14.778582549662417,14.074707410928923,1.407750277466988,14.778582549662417,13.316478532829567,2.9242080336656997,149.10434867367056,110.5645,72.02465132632943,70.80594916133938,69.16929121839202,74.07926504723412,71.2788358645047,70.16661647317683,73.50327464716045,12.798330517589157,101.31376900687593,-8.771428571428553,0.08072485043645727,0.10445233102113259,0.23846261684356201,0.4282734090600911,0.7222996698286255,0.9276910551174454,1.476251996481563,241.57379557402288
2026-01-07,132.0,135.66,128.66,131.93,25922188,3413244084.14,12.1103,-3.6515,127.46,125.92399999999998,113.44399999999999,98.24666666666667,80.57433333333333,71.74258333333334,55.67272,127.46,125.92399999999998,113.44399999999999,98.24666666666667,80.57433333333333,71.74258333333334,55.67272,122.56029181489654,107.99307959152934,41.99841813867653,60.59764643659923,74.15157510272408,14.567212223367207,14.17320837341658,0.7880076999012537,14.567212223367207,13.508899100604589,2.116626245525236,149.0846316914891,113.44399999999999,77.80336830851087,72.6947338432253,70.34443876000311,77.39532400966965,73.16684295728885,71.16669196788084,77.16714493610488,11.974997696209313,95.29152993799181,-23.057142857142836,0.03506982582771076,0.04769543534195252,0.1629526462395545,0.342844540951347,0.6373700475337475,0.8389357320326954,1.369742308261569,68.93654966794097
2026-01-08,130.88,157.5,130.88,152.0,30165675,4322456428.33,14.0927,15.2126,133.66,130.314,117.2175,101.20333333333333,82.02333333333333,72.62258333333334,56.126839999999994,133.66,130.314,117.2175,101.20333333333333,82.02333333333333,72.62258333333334,56.126839999999994,127.08947768952784,111.25285147363829,74.78188616535108,71.02058411466753,78.25797429579809,15.836626215889552,14.505891941911177,2.6614685479567513,15.836626215889552,13.867010964494584,3.939230502789936,152.3798158778642,117.2175,82.05518412213581,77.47971660500397,72.72286470833674,86.99342039833843,78.57197509893902,73.63511967823356,88.44568594034993,14.63772538780762,156.71100818105643,-10.617760617760618,0.13721382612599134,0.16641343217152424,0.29673470258280543,0.5019268140048088,0.8531312228227742,1.0930128483908241,1.708151750570672,412.09776112827984
2026-01-09,159.0,182.4,158.0,180.88,36189515,6128418180.45,16.9069,19.0,145.42200000000003,136.982,122.39099999999999,105.12366666666667,83.8965,73.74541666666666,56.697880000000005,145.42200000000003,136.982,122.39099999999999,105.12366666666667,83.8965,73.74541666666666,56.697880000000005,135.3649426603697,116.41041803114656,92.84487693188322,78.2206816868862,81.36734577412543,18.954524629223144,15.39561847937357,7.117812299699146,18.954524629223144,14.649705374452823,8.609638509540641,162.92901329746235,122.39099999999999,81.85298670253763,84.23441202987598,76.56004714884983,99.58314179192828,84.96258435916602,77.41094123854438,100.06587060040928,17.503593499115325,252.71689990958336,-2.256197120380006,0.24382830658359783,0.3204654626155261,0.4778864458987998,0.7206401349521674,1.1559898207910937,1.4527626010656032,2.1902427392346944,569.4683790118122
2026-01-12,189.92,199.51,176.66,194.99,34159657,6375080066.87,15.9586,7.8008,159.346,143.131,127.59650000000002,109.49566666666666,86.05983333333333,74.98424999999999,57.32928,159.346,143.131,127.59650000000002,109.49566666666666,86.05983333333333,74.98424999999999,57.32928,144.5380284049282,122.2311278066172,93.97009165460685,83.19199327679732,82.33129498349477,22.306900598311017,16.777874903161063,11.058051390299909,22.306900598311017,15.827735408892545,12.958330378836944,176.88949524273184,127.59650000000002,78.3035047572682,87.70614842395774,80.27541424055246,102.56761679076828,88.19159664348443,81.00449304019106,102.56580385007115,18.475667408367084,268.80495538594664,-5.350378787878767,0.22368933013693476,0.36231843555903337,0.5281767133111016,0.7808010667088805,1.2657492171144495,1.6004127533448695,2.4012288310615455,211.9424251413968
2026-01-13,186.0,203.96,163.23,188.06,28355681,5194687967.51,13.2471,-3.554,169.572,148.137,132.2895,113.581,88.1515,76.15733333333334,57.94152,169.572,148.137,132.2895,113.581,88.1515,76.15733333333334,57.94152,151.23371634263157,127.10734056168259,86.2160600808781,78.03674460977831,79.83837111670863,24.126375780948976,18.247575078718647,11.757601404460658,24.126375780948976,17.104449312285844,14.043852937326264,185.87970078335206,132.2895,78.69929921664794,85.84435533072876,82.1317279372779,93.26961011763046,86.16798747707988,82.72565785248734,93.05264672626495,22.52190969775489,200.40294730340602,-17.87923085572923,0.10902743377444389,0.2695005299148761,0.42157918806859196,0.6557346739331402,1.1333726595690374,1.4693616723274623,2.245686340296216,69.6371397769736
2026-01-14,188.88,199.0,183.5,185.52,25443720,4873311125.66,11.8867,-1.3506,180.29000000000002,153.875,136.287,117.55666666666667,90.1565,77.30916666666667,58.5484,180.29000000000002,153.875,136.287,117.55666666666667,90.1565,77.30916666666667,58.5484,156.50852921299594,131.43420422378017,81.33625693280021,72.62526096033403,78.54486407207584,25.074324989215768,19.61292506081807,10.922799856795393,25.074324989215768,18.330584031813526,13.487481914804484,193.30320272020555,136.287,79.27079727979446,83.65110026284125,82.63818537913235,85.67693003025906,83.86685502707533,83.10605691068335,85.3884512598593,21.245198843617636,171.9286758976298,-20.735409872933765,0.029008819124743408,0.2056539398862714,0.36124501970107203,0.5781325318286217,1.05775512580901,1.399715428312727,2.1686604586974196,87.28568782551346
2026-01-15,176.09,188.22,176.09,181.59,24118849,4354990025.59,11.2678,-2.1184,186.20800000000003,159.93400000000003,139.7325,121.32799999999999,92.04633333333332,78.44366666666666,59.14544,186.20800000000003,159.93400000000003,139.7325,121.32799999999999,92.04633333333332,78.44366666666666,59.14544,160.36721702638118,135.149448355352,82.47449646874182,69.05323891948596,76.85605279439059,25.217768671029177,20.733893782860292,8.967749776337769,25.217768671029177,19.390150899385162,11.655235543288029,199.0251142112152,139.7325,80.43988578878478,79.90065125480801,81.72567400435759,76.25060575570888,80.8596980213487,82.35727061423847,77.86455283556916,19.58788996295988,122.72731588291698,-25.154615990104578,-0.024800223406083642,0.13540585491515233,0.2995545059309754,0.49668666754582635,0.9728107945636078,1.3149096379142573,2.070228237375527,80.72572052131049
2026-01-16,185.07,202.0,183.22,195.4,24687052,4819690615.43,11.5332,7.605,189.11200000000002,167.267,143.953,125.60366666666667,94.166,79.69608333333332,59.799279999999996,189.11200000000002,167.267,143.953,125.60366666666667,94.166,79.69608333333332,59.799279999999996,165.75687594539949,139.6124521808815,80.9116809116809,78.41811728916682,76.89655172413792,26.144423764517995,21.815999779191834,8.656847970652322,26.144423764517995,20.429269801713293,11.430307925609405,206.55559591052793,143.953,81.35040408947208,83.07997354885617,82.17710718585712,84.88570627485427,83.71933805988331,82.8112930961201,85.53542798740975,19.737364515148993,129.59919098420366,-10.561381863047503,0.03325013748466508,0.1681921717971866,0.3573874806360409,0.5556870685834543,1.075058938470361,1.4518143405207078,2.267597870743595,208.12598560390225
2026-01-19,193.42,209.44,192.0,201.0,22082800,4414304934.28,10.3166,2.8659,190.314,174.82999999999998,148.208,129.93866666666665,96.39466666666667,80.98733333333332,60.47308,190.314,174.82999999999998,148.208,129.93866666666665,96.39466666666667,80.98733333333332,60.47308,171.17889503072266,144.15967794526063,71.44075021312872,84.24657534246575,77.16451317529757,27.01921708546203,22.856643240445877,8.32514769003231,27.01921708546203,21.443107845366946,11.152218480190172,214.25573826957535,148.208,82.16026173042465,85.23727212409509,83.19716216526979,89.31749204174568,85.89494450727457,83.83917689983826,90.00647972214722,19.319661876030995,125.61532470507841,-9.753842597942908,0.05614931113843442,0.14968826860378665,0.35620209435388106,0.5468836579309214,1.0851776031868983,1.4818695927758252,2.323793000125014,132.6523598523237
2026-01-20,201.0,206.0,175.31,183.0,27908853,5220667035.7,13.0384,-8.9552,189.302,179.43699999999998,151.70850000000002,133.522,98.35966666666668,82.11483333333332,61.07692,189.302,179.43699999999998,151.70850000000002,133.522,98.35966666666668,82.11483333333332,61.07692,172.99752656445764,147.03673883820426,38.20114150757724,72.78097659463097,69.05171989567442,25.960787726253386,23.47747213760738,4.966631177292015,25.960787726253386,22.138135519349476,7.645304413807821,217.31666453524844,151.70850000000002,86.1003354647516,78.93957992251282,81.7779680843508,73.26280359883685,79.68633834528052,82.45489738165236,74.14922027253684,21.386996080388997,83.8483007199806,-32.7308739787076,-0.03329072064743105,0.019856551324420366,0.20626069073255607,0.3705606566708109,0.8605187085492356,1.2285863901974676,1.9962218134116783,39.13364699160902
2026-01-21,184.96,188.99,173.12,173.56,23825792,4266743236.94,11.1309,-5.1585,186.91000000000003,183.60000000000002,154.762,136.82933333333332,100.16799999999999,83.16725,61.641,186.91000000000003,183.60000000000002,154.762,136.82933333333332,100.16799999999999,83.16725,61.641,173.08406093915647,149.00142485018915,36.40285071267817,67.22671051690855,64.80976938795368,24.08263608896732,23.598504927879368,0.968262322175903,24.08263608896732,22.437289453136835,3.2906932716609703,218.33784533039028,154.762,91.18615466960973,62.70933114585355,75.42175577151839,37.28448189452385,71.23352631029564,78.71444035786679,56.27169821515335,20.383905883954633,55.38072863796578,-45.67209775967413,-0.07142474987962132,-0.05468409586056655,0.12146392525296909,0.26844146479312436,0.7326890823416662,1.0868791501462416,1.8156584091757113,58.882401908725846
2026-01-22,173.3,182.3,170.02,179.94,21898003,3890791928.89,10.2302,3.676,186.57999999999998,186.39399999999998,158.35399999999998,140.27633333333333,102.08216666666667,84.25608333333334,62.23188,186.57999999999998,186.39399999999998,158.35399999999998,140.27633333333333,102.08216666666667,84.25608333333334,62.23188,174.13882079467086,151.29317115758255,45.11896431070678,65.96629296904001,66.39870617894687,22.845649637088314,23.447933869721158,-1.2045684652656874,22.845649637088314,22.500114096821676,0.6910710805332769,218.87369436733644,158.35399999999998,97.83430563266353,53.85988880112375,68.23446678138684,25.110732840597564,61.70622853034744,73.04503641536034,39.028612760321636,18.910468450508336,46.85214295036238,-57.348367029548996,-0.035587951548933364,-0.03462557807654742,0.1363148389052377,0.2827538026134131,0.7626976961369354,1.1356321452555849,1.8914440637178247,143.47649108343515
2026-01-23,184.0,215.93,182.05,215.93,30643113,6165581016.28,14.3158,20.0011,190.686,189.899,163.44050000000001,144.8936666666667,104.58833333333334,85.6415,62.96488000000001,190.686,189.899,163.44050000000001,144.8936666666667,104.58833333333334,85.6415,62.96488000000001,180.5682329801061,156.08108440516904,69.24456399910335,75.35007242877836,70.7264514524885,24.487148574937066,23.65577681076434,1.6627435283454517,24.487148574937066,22.80581170883943,3.362673732195276,225.41754005262146,163.44050000000001,101.46345994737855,69.23992586741583,68.56961981006317,70.58053798212117,74.47081902023163,73.52029728365078,76.37186249339334,22.015837823143187,100.92986320111063,-0.0,0.132385177726734,0.13707813100648242,0.3211535696476699,0.4902652749947661,1.0645706181377783,1.5213243579339457,2.4293720562955095,619.2309946399101
2026-01-26,216.0,228.0,205.0,212.31,31923778,6922178781.27,14.9141,-1.6765,192.948,191.631,167.38100000000003,148.94133333333332,107.04583333333333,86.99575000000002,63.67272,192.948,191.631,167.38100000000003,148.94133333333332,107.04583333333333,86.99575000000002,63.67272,185.45158175239746,160.2461892640454,60.69846893584715,70.20706292300476,70.51896537476242,25.20539248835206,23.965699946281884,2.479385084140354,25.20539248835206,23.174977982610603,4.060829011482916,231.3328285488139,167.38100000000003,103.42917145118618,70.4729320661466,69.20405722875765,73.0106817409245,74.90582006011428,73.98213820913861,76.75318376206562,22.19477640075352,114.89806262495013,-24.22417786012042,0.10034828036569435,0.10791051552201888,0.26842353672161096,0.425460584033087,0.9833560390798334,1.4404640456574025,2.3343950124951474,84.44513914933171
2026-01-27,209.1,218.5,206.07,208.1,20716964,4380371023.8,9.6785,-1.9829,197.96800000000002,193.63500000000002,170.886,152.738,109.46616666666665,88.29775,64.36732,197.96800000000002,193.63500000000002,170.886,152.738,109.46616666666665,88.29775,64.36732,188.93595379049015,163.7909159852272,54.57238536836682,60.926461143224145,69.45427908680259,25.145037805262945,24.2015675180781,1.8869405743696888,25.145037805262945,23.4780641091725,3.333947392180889,235.73532508677766,170.886,106.03667491322231,68.87456135673428,69.09422527141652,68.4352335273698,71.8298200193794,73.26469881255221,68.96006243303378,20.419362509707426,97.58612795014976,-34.32218006209039,0.05117998868503988,0.07470240400753982,0.21777091160188664,0.36246382694548834,0.9010440059866293,1.356798446166522,2.2330070601044127,81.84955053086472
2026-01-28,216.0,221.51,204.0,216.95,25728951,5481896294.62,12.02,4.2528,206.64600000000002,196.77800000000002,175.32649999999998,156.45066666666665,112.03150000000001,89.679,65.09872,206.64600000000002,196.77800000000002,175.32649999999998,156.45066666666665,112.03150000000001,89.679,65.09872,193.24580705349166,167.7286259122474,74.78464009344428,59.20368818105615,71.75346736480275,25.517181141244265,24.464690242711335,2.104981797065861,25.517181141244265,23.791774421798927,3.450813438890677,240.01380755679526,175.32649999999998,110.6391924432047,72.896942249781,70.36179759753801,77.96723155426699,74.8671146915444,73.79883743888294,77.00366919686732,19.89038750794244,100.76736987447445,-19.058295964125584,0.04986305082121102,0.10251145961438762,0.23740564033389142,0.3866991085581824,0.9365089282924889,1.4191839784118911,2.3326308105597158,151.66163811322903
2026-01-29,212.61,223.69,203.3,203.8,21473663,4550274017.31,10.032,-6.0613,211.41800000000003,198.999,179.4665,159.488,114.4185,90.93383333333333,65.77656,211.41800000000003,198.999,179.4665,159.488,114.4185,90.93383333333333,65.77656,194.86952904526217,170.4005795483772,70.94182825484765,56.26991714467814,67.41564297931893,24.46894949688496,24.465542093546063,0.006814806677795104,24.46894949688496,23.895955202581394,1.145988588607132,239.9778411814596,179.4665,118.95515881854038,68.01845132393129,69.58068217300244,64.89398962578898,69.33189961844022,72.30985816540203,63.37598252451659,19.981226142861992,87.70986661332303,-41.738530527768184,-0.036032882725217444,0.024125749375625085,0.13558797881498785,0.2778390850722312,0.7811804909171158,1.241190022782133,2.098368172491842,53.511269224496104
2026-01-30,203.4,213.0,191.21,208.99,22054644,4456827568.5,10.3034,2.5466,210.03000000000003,200.358,183.8125,162.75466666666665,116.89983333333335,92.22608333333332,66.47751999999998,210.03000000000003,200.358,183.8125,162.75466666666665,116.89983333333335,92.22608333333332,66.47751999999998,197.0419091921449,173.2590551373863,70.45486551189974,59.15580869158149,65.52461646032987,23.782854054758616,24.329004485788573,-1.0923008620599148,23.782854054758616,23.878555025993276,-0.1914019424693194,239.23856450322683,183.8125,128.38643549677317,67.74991155296696,68.9704252996573,65.30888405958629,68.62554374930625,71.08175336003677,63.713124527845196,20.310094116887083,67.60167408462223,-32.7871679889617,-0.004951673570442415,0.043082881641861095,0.1369738184291058,0.28407992397555437,0.7877698713571019,1.2660617522338677,2.14376950283344,128.59179630182837
2026-02-02,212.0,218.47,195.24,195.5,17837996,3652707528.53,8.3335,-6.4549,206.66800000000003,199.80800000000002,187.31900000000002,165.408,119.15616666666666,93.3855,67.11988,206.66800000000003,199.80800000000002,187.31900000000002,165.408,119.15616666666666,93.3855,67.11988,196.80469239335338,174.90653253461693,28.94248608534322,55.04973498874609,61.40330001586546,21.89815985873645,23.842835560378152,-3.8893514032834062,21.89815985873645,23.5738788464153,-3.3514379753577046,235.58883798343896,187.31900000000002,139.04916201656107,59.8153371489137,65.91872924940944,47.60855294792222,60.39909194647322,67.52086622218226,46.15554339505513,20.840986095634882,59.2023445188222,-56.05381165919283,-0.05403836104283214,-0.02156069827033963,0.04367416012257156,0.18192590443025738,0.6407040060872496,1.0934727554063535,1.9126988904032607,51.311245616003134
2026-02-03,199.13,205.5,191.6,205.08,18879934,3771568421.78,8.8203,4.9003,206.064,202.01600000000002,190.72650000000002,168.47766666666666,121.54216666666667,94.6115,67.80860000000001,206.064,202.01600000000002,190.72650000000002,168.47766666666666,121.54216666666667,94.6115,67.80860000000001,198.07781664052976,177.14160419871936,43.36331925830733,53.625468164794,65.27557179161374,20.936212441810397,23.261510936664603,-4.650596989708411,20.936212441810397,23.168084014937627,-4.463743146254458,233.30539928368992,190.72650000000002,148.1476007163101,60.03326719436606,63.95690856439498,52.185984454308226,60.42243705940575,65.15472316792344,50.957864842370384,19.578988623701267,45.206535049308,-39.530872714729206,-0.004775215467039272,0.015167115476001865,0.07525697792388575,0.21725332536656697,0.6873156503984214,1.167601190130164,2.0243951357202477,161.34869991001182
2026-02-04,200.0,201.0,180.89,185.0,21916757,4172479578.75,10.239,-9.7913,199.674,203.16,193.38000000000002,170.89466666666667,123.54733333333334,95.64883333333334,68.41092,199.674,203.16,193.38000000000002,170.89466666666667,123.54733333333334,95.64883333333334,68.41092,196.06584484967902,177.72370759140682,33.57975547341485,44.593864035680504,62.08550494750359,18.342137258272203,22.277636200986123,-7.87099788542784,18.342137258272203,22.42563066775833,-8.166986818972255,225.97485203137848,193.38000000000002,160.78514796862157,42.93026558447019,56.948027571086726,14.894741611237123,48.89378982067777,59.73441205217488,27.21254535768354,20.41735432848286,-20.39818402512304,-74.16350465677822,-0.07348978835501871,-0.08938767473912186,-0.043334367566449594,0.08253817166129625,0.49740180551583457,0.9341584581097868,1.7042466319704512,35.68487635858746
2026-02-05,180.0,194.99,180.0,189.0,16516512,3148452204.04,7.7161,2.1622,196.714,204.066,195.23000000000002,173.59133333333332,125.64816666666667,96.73591666666668,69.02984,196.714,204.066,195.23000000000002,173.59133333333332,125.64816666666667,96.73591666666668,69.02984,194.97879179588227,178.55898851056187,28.6608642540846,52.23914017017466,62.500466923163124,16.4198032853204,21.10606961785298,-9.372532665065165,16.4198032853204,21.50165722430634,-10.16370787797188,221.52767170002312,195.23000000000002,168.93232829997692,34.870177056313466,49.58874406616231,5.433043036615771,38.84585988045185,52.77156132826721,10.994456984821113,19.430562632395066,-42.41423636707008,-81.25,-0.03921429079780798,-0.07382905530563642,-0.031911079239871014,0.08876403199852533,0.5042002204568576,0.9537727714025552,1.7379463721775976,123.85135367128923
2026-02-06,183.31,191.87,181.0,182.0,14032045,2601177606.47,6.5554,-3.7037,191.316,200.673,195.286,175.85133333333334,127.64416666666668,97.75883333333334,69.62584,191.316,200.673,195.286,175.85133333333334,127.64416666666668,97.75883333333334,69.62584,192.98205459651578,178.81387825052025,31.631277384563532,53.20814961228524,60.43255591172027,14.168176345995533,19.718490963481493,-11.100629234971919,14.168176345995533,20.373429396873906,-12.410506101756745,221.4594838901408,195.286,169.1125161098592,24.772686893878625,41.31672500873442,-8.315389335832975,27.286128809190124,44.27641715524152,-6.6944478829126695,17.874096699232325,-67.45101044532191,-95.83333333333334,-0.04869430680131302,-0.0930518804223787,-0.0680335507921715,0.03496514100926155,0.42583875748336836,0.8617243454555682,1.6139720540534952,68.56395135487469
2026-02-09,187.18,189.27,180.01,185.0,16678704,3064668011.69,7.7919,1.6484,189.216,197.942,194.7865,177.568,129.698,98.72958333333334,70.2272,189.216,197.942,194.7865,177.568,129.698,98.72958333333334,70.2272,191.7540461970518,179.27210949122244,29.011373578302724,51.97409488139825,59.143998478219515,12.481936705829355,18.271180111951068,-11.578486812243426,12.481936705829355,19.159353598251666,-13.354833784844622,221.3619839734132,194.7865,168.21101602658678,20.329880070093193,34.32111002918735,-7.6525798480951295,22.00550801363419,36.85278077470575,-7.689037508508932,16.307897299371906,-65.32581592321316,-88.55573357747768,-0.022281413833925293,-0.06538278889775796,-0.05024218824199824,0.041854388178050025,0.42639053801909044,0.8738051327067621,1.6343069352045931,117.76152041186224
2026-02-10,184.02,185.88,179.0,182.8,12451256,2269538655.79,5.8169,-1.1892,184.76,195.41199999999998,194.52349999999998,179.06133333333335,131.74666666666667,99.70708333333333,70.81367999999999,184.76,195.41199999999998,194.52349999999998,179.06133333333335,131.74666666666667,99.70708333333333,70.81367999999999,190.37650062827458,179.53343471409485,36.15351068469256,32.44675214580906,59.78081138242646,10.843065914179732,16.7855572723968,-11.884982716434138,10.843065914179732,17.87992472377906,-14.073717619198653,221.480638123131,194.52349999999998,167.56636187686897,16.387593650070343,28.34327123614835,-7.523761522085671,17.504678945764343,30.40341349839195,-8.292790159490863,14.593734154031557,-77.43396272977692,-91.49697918997536,-0.010608356787183262,-0.06454056045688068,-0.06026778255583502,0.020879251801989594,0.3875113854872989,0.8333702470152156,1.5814221206975831,88.72471846473402
2026-02-11,184.0,186.88,176.38,176.71,13212244,2379891789.7,6.1725,-3.3315,183.102,191.388,194.083,180.68033333333332,133.71466666666666,100.61749999999999,71.37483999999999,183.102,191.388,194.083,180.68033333333332,133.71466666666666,100.61749999999999,71.37483999999999,188.27396207007848,179.3242914019397,16.52112343639368,31.619165634035525,55.020929003941966,8.949670668138793,15.2183799515452,-12.537418566812814,8.949670668138793,16.506039484449786,-15.112737632621986,221.93275335807036,194.083,166.23324664192964,11.186407170847572,22.62431654771476,-11.689411582886805,11.902294947144533,24.236373981309477,-12.765863121185355,13.849418853298545,-87.01719589483817,-99.30247305009509,-0.03490950399231028,-0.07669237360754069,-0.08951324948604458,-0.021974352493630455,0.3215453802125921,0.7562551246055609,1.4758023975955676,71.26058033023142
2026-02-12,175.64,180.7,174.4,175.0,11000987,1947503415.76,5.1394,-0.9677,180.302,188.50799999999998,193.75349999999997,182.48033333333333,135.65333333333334,101.49725,71.92323999999999,180.302,188.50799999999998,193.75349999999997,182.48033333333333,135.65333333333334,101.49725,71.92323999999999,186.2318140592972,179.00397352031453,29.166666666666657,32.45707017171931,48.65692096847876,7.227840538982662,13.620272069032694,-12.784863060100065,7.227840538982662,15.078624262070228,-15.701567446175133,222.3709626665917,193.75349999999997,165.13603733340824,7.911428243238065,17.72002044622253,-11.705756162730864,8.388686760769373,18.953811574462776,-12.741562866617436,12.476797243607896,-102.81991225302679,-98.63852961198096,-0.02940621845570206,-0.07165743628917597,-0.09679050959079437,-0.04099254531538559,0.29005307646943185,0.7241846453967966,1.4331495633400277,90.73382469870165
2026-02-13,175.55,182.5,173.68,175.28,10908818,1942483201.33,5.0963,0.16,178.958,185.137,192.7475,184.254,137.60366666666667,102.35033333333334,72.475,178.958,185.137,192.7475,184.254,137.60366666666667,102.35033333333334,72.475,184.5469195886361,178.72812362992084,16.173570019723854,25.708289611752377,45.19432388940362,5.818795958715242,12.059976846969205,-12.482361776507926,5.818795958715242,13.654035292323307,-15.67047866721613,222.5128085778886,192.7475,162.9821914221114,6.950380194842552,14.130140362429206,-7.409140140330756,6.783199821609883,14.896940990178479,-9.44428251552731,11.811925017497368,-89.65173381781425,-96.4277740567091,-0.020552308362856073,-0.053241653478235035,-0.09062374349861867,-0.0487045057366461,0.2738032659013447,0.712549381047448,1.4184891341842016,101.61156928989024
2026-02-24,175.28,177.68,167.0,169.91,10424529,1800379858.61,4.8701,-3.0637,175.94,182.578,191.193,185.73866666666666,139.4595,103.17925,73.00504000000001,175.94,182.578,191.193,185.73866666666666,139.4595,103.17925,73.00504000000001,182.29508580576902,178.07492928696374,17.58713136729223,28.27285549429415,45.54075966782959,4.2201565188052825,10.49201278133642,-12.543712525062276,4.2201565188052825,12.202669327166689,-15.965025616722812,222.35807093391372,191.193,160.0279290660863,7.486527973032287,11.9156028992969,-1.3716218794969386,7.041613733887106,12.278498571414687,-3.4321559411680553,11.606120468861484,-108.41394094339458,-92.44155844155844,-0.03427304762987383,-0.06938404407979058,-0.1113168369134854,-0.08522009418250731,0.21834654505429896,0.6467458331011323,1.3273735621540648,73.25980415737962
2026-02-25,171.61,176.47,169.08,174.2,12547064,2178380150.22,5.8617,2.5249,174.22,179.49,190.75300000000001,186.98100000000002,141.426,104.07300000000001,73.55648000000001,174.22,179.49,190.75300000000001,186.98100000000002,141.426,104.07300000000001,73.55648000000001,181.04968798949687,177.7878974879294,22.918756268806376,27.43546504086133,47.24252167982071,3.261790501567475,9.045968325382633,-11.568355647630316,3.261790501567475,10.827149507843732,-15.130718012552514,222.64511293358444,190.75300000000001,158.8608870664156,13.565509538291604,12.465571778961802,15.765385056951203,11.753232685336492,12.103409942721957,11.052878170565563,10.839553110886666,-91.1503043546121,-78.82352941176474,-0.000114797382619735,-0.029472394005237174,-0.08677714111966797,-0.06835453869644527,0.23173956698202597,0.6738251035330968,1.368248181533428,128.31933723882275
2026-02-26,174.0,177.9,169.39,175.06,12485186,2176087225.73,5.8328,0.4937,173.89000000000001,178.496,190.82800000000003,188.41866666666664,143.33266666666665,104.96308333333333,74.11052,173.89000000000001,178.496,190.82800000000003,188.41866666666664,143.33266666666665,104.96308333333333,74.11052,180.12819752957427,177.58583100734205,29.19354838709677,34.14520632950668,48.385182254315254,2.5423665222322143,7.74524796475255,-10.405762885040671,2.5423665222322143,9.552567510057344,-14.020401975650259,222.5565065914928,190.82800000000003,159.09949340850727,19.846514467693666,14.925886008539091,29.687771386002815,17.434154647197058,13.880324844213657,24.541814253163857,10.415997999816366,-84.53521859158766,-71.20400142908181,0.006728391511875251,-0.01924973108641094,-0.08262938352862277,-0.07089884937090436,0.2213545179279905,0.667824481146943,1.3621477760512275,105.04798700454255
2026-02-27,174.88,184.47,172.56,177.57,16479772,2945156453.33,7.699,1.4338,174.404,177.353,190.7095,189.27100000000002,145.2371666666667,105.83658333333332,74.67736000000001,174.404,177.353,190.7095,189.27100000000002,145.2371666666667,105.83658333333332,74.67736000000001,179.73462867887054,177.58465834013154,52.86284953395467,26.032409827496082,45.32977107234533,2.1499703387389957,6.62619243954984,-8.952444201621688,2.1499703387389957,8.413706406777598,-12.527472136077204,222.62636996591513,190.7095,158.79263003408485,29.051994527631713,19.634588848236632,47.88680588642188,25.78977150719181,17.850140398539708,41.66903372449602,10.687634727122479,-64.59243176487591,-57.49899477281869,0.018153253365748474,0.0012235485162358942,-0.06889798358235955,-0.06182140951334341,0.2226209315108733,0.6777752494214746,1.3778291037604968,115.29930928330532
2026-03-02,181.06,191.69,178.0,186.58,18485245,3425728891.42,8.6359,5.0741,176.66400000000002,177.811,189.242,189.46099999999998,147.29233333333335,106.80083333333333,75.28488,176.66400000000002,177.811,189.242,189.46099999999998,147.29233333333335,106.80083333333333,75.28488,180.78776272827506,178.25097994456624,75.94086021505376,51.70552677029363,46.289243437982506,2.5367827837088157,5.808310508381636,-6.5430554493456405,2.5367827837088157,7.509564310920862,-9.945563054424092,218.89497294050977,189.242,159.5890270594902,45.80245024671872,28.35720931439733,80.69293211136151,43.62763489975878,26.442638565612732,77.99762756805087,11.311701140372938,-25.102057403848608,-20.696638315107275,0.05612914911923197,0.049316408996068886,-0.014066644825144407,-0.015206295754798994,0.26673259753279754,0.746990113997238,1.478319683846212,164.0419565306831
2026-03-03,182.99,182.99,161.0,161.19,17977581,3069194886.45,8.3987,-13.6081,174.92000000000002,175.43,186.68599999999998,188.33433333333332,148.915,107.55275,75.7832,174.92000000000002,175.43,186.68599999999998,188.33433333333332,148.915,107.55275,75.7832,177.77272230854044,176.98720365237614,35.14653173097197,29.463890119627834,44.59318756507511,0.7855186561642995,4.80375213793817,-8.03646696354774,0.7855186561642995,6.475095748650621,-11.379154184972643,216.776350542816,186.68599999999998,156.59564945718395,30.74133155363957,29.15191672747808,33.92016120596254,29.29145465566628,27.392243928963914,33.089876109071,13.905937296668768,-110.5665817238659,-99.38090583251874,-0.07849302538303234,-0.08117197742689397,-0.13657156937317197,-0.14412843825608002,0.08242957391800695,0.49870644869610486,1.1269885673869673,23.15954727375342
2026-03-04,156.03,166.61,156.03,160.14,13784068,2225746138.54,6.4396,-0.6514,172.108,173.16400000000002,184.288,187.40366666666668,150.49233333333333,108.20475,76.274,172.108,173.16400000000002,184.288,187.40366666666668,150.49233333333333,108.20475,76.274,175.0599957995342,175.739262641089,38.668522384597544,32.30246113989638,46.528711846870145,-0.6792668415548064,3.7071483420395746,-8.772830367188762,-0.6792668415548064,5.374424580926709,-12.10738284496303,214.83360462824945,184.288,153.74239537175058,24.336060631945905,27.54663136230069,17.914919171236328,23.369476033297044,26.05132129707496,18.00578550574121,13.301221424547174,-145.55737460931695,-88.47448121144143,-0.06953773212169113,-0.07521193781617443,-0.131034033686404,-0.14548096711021322,0.06410736316578686,0.4799719975324557,1.0995358837873979,93.67361677376455
2026-03-05,165.0,165.88,159.55,162.87,11296680,1839036293.54,5.2775,1.7048,169.67000000000002,171.78,181.584,186.64866666666666,152.10266666666666,108.89325000000001,76.77484000000001,169.67000000000002,171.78,181.584,186.64866666666666,152.10266666666666,108.89325000000001,76.77484000000001,173.1846118303751,174.78598392693425,36.365824308062614,32.00520409822738,45.499604534669125,-1.601372096559146,2.6454442543198304,-8.493632701757953,-1.601372096559146,4.301225092082731,-11.805194377283755,209.40903030688398,181.584,153.75896969311603,22.617758873344386,25.903673865981922,16.045928888069312,21.973369140911814,24.692003911687245,16.536099599360952,12.033726620084048,-126.88704431823703,-80.81884464385865,-0.04007779807862327,-0.05186866922808241,-0.10305974094633888,-0.12739799909276958,0.0707899050641234,0.49568499424895474,1.1213981038579823,118.4166367177701
2026-03-06,161.58,166.57,160.33,162.55,8766915,1434505775.6,4.0957,-0.1965,166.666,170.53500000000003,179.5215,186.014,153.671,109.58816666666667,77.27456,166.666,170.53500000000003,179.5215,186.014,153.671,109.58816666666667,77.27456,171.54851770262508,173.87961474716136,34.74762253109,33.01459486663313,32.666580075334466,-2.3310970445362784,1.6501359945486085,-7.962466078169774,-2.3310970445362784,3.280867840295191,-11.223929769662938,206.5157210384694,179.5215,152.5272789615306,21.173103036520125,24.32681692282799,14.865675263904393,20.743509881565075,23.375839234979857,15.47885117473551,10.980321780068762,-116.75523689020083,-81.7162086371284,-0.024696098784395052,-0.04682323276746716,-0.09453742309416974,-0.12614104314728997,0.0577792817122295,0.483280585343004,1.103538344314093,98.05252334825674
2026-03-09,155.0,163.55,155.0,162.58,8937223,1414904125.22,4.1753,0.0185,161.86599999999999,169.26500000000001,177.201,184.92000000000002,155.26183333333336,110.326,77.7732,161.86599999999999,169.26500000000001,177.201,184.92000000000002,155.26183333333336,110.326,77.7732,170.16874574837507,173.04260624737165,30.54762522709582,36.806722689075656,33.466320898995946,-2.873860498996578,0.7453366958395712,-7.238394389672298,-2.873860498996578,2.3339865573272265,-10.415694112647609,201.3592300676199,177.201,153.04276993238008,21.00192878004768,23.218520875234557,16.568744589673933,20.715533343410982,22.4890706044569,17.16845882131915,10.538445092783533,-126.50615556023475,-79.34041973289722,0.0044110560587154015,-0.03949428411071398,-0.08251082104502785,-0.12080899848583172,0.04713435690892045,0.47363268857748875,1.0904373228824327,100.18471195125744
2026-03-10,166.05,169.6,163.28,167.07,9345931,1558579320.18,4.3662,2.7617,163.042,168.981,175.7795,183.78900000000002,156.86383333333333,111.11416666666666,78.29171999999998,163.042,168.981,175.7795,183.78900000000002,156.86383333333333,111.11416666666666,78.29171999999998,169.69201563324046,172.60019096978857,21.31725962952072,42.96112195987928,36.38415079312405,-2.908175336548112,0.01463428936203448,-5.845619251820293,-2.908175336548112,1.5275001121156357,-8.871350897327495,198.7190814902413,175.7795,152.83991850975872,24.967034922139533,23.80135889086955,27.298386984679496,24.776104631048398,23.2514152799874,27.825483333170396,9.898727803186524,-75.1932307254635,-67.10275279367677,0.024705290661301945,-0.011308963729650087,-0.04954787105436083,-0.09096844751318099,0.06506386111946345,0.503588651312089,1.1339421333443693,131.31475687360663
2026-03-11,167.76,168.0,161.0,161.3,9311565,1522791193.24,4.3501,-3.4536,163.27400000000003,167.69099999999997,173.5905,183.0656666666667,158.2938333333333,111.88333333333334,78.78276000000001,163.27400000000003,167.69099999999997,173.5905,183.0656666666667,158.2938333333333,111.88333333333334,78.78276000000001,168.40093630504964,171.76313978684126,50.38220986796391,38.69297961824653,31.147096686767412,-3.3622034817916244,-0.6607332648686973,-5.402940433845854,-3.3622034817916244,0.775238020745288,-8.274883005073825,192.81147590490372,173.5905,154.36952409509627,22.368320365100395,23.323679382279835,20.45760233074151,22.24103350437297,22.91462135478259,20.89385780355373,9.371686384425338,-91.55511689593499,-82.82910874897789,-0.01209010620184486,-0.038111765091745915,-0.07080168557611148,-0.11889540547380997,0.01899105355757195,0.441680321763742,1.047402248918418,70.36536548761819
2026-03-12,160.5,163.49,156.0,156.63,8724882,1380438561.66,4.0761,-2.8952,162.026,165.848,172.172,182.50133333333332,159.66533333333334,112.6015,79.26259999999999,162.026,165.848,172.172,182.50133333333332,159.66533333333334,112.6015,79.26259999999999,166.5900230273497,170.64216646929748,40.25541365907831,39.13612565445026,33.0457911005679,-4.052143441947777,-1.3390153002845135,-5.426256283326527,-4.052143441947777,0.03256394956173947,-8.169414783019032,192.02465258691862,172.172,152.31934741308137,16.393089383038674,21.013482715866118,7.15230271738379,16.30823147588706,20.712491395150746,7.499711637359688,9.029561587257096,-117.29434787111673,-95.55737258108478,-0.033303297001715866,-0.05558101394047572,-0.09027019492135772,-0.14175969490633855,-0.019010597165738382,0.39101166503110524,0.9760896059427777,74.54281777938255
2026-03-13,156.02,157.0,148.22,148.52,12535968,1903132964.17,5.8565,-5.1778,159.22,162.943,170.148,181.454,160.86516666666665,113.22208333333333,79.7108,159.22,162.943,170.148,181.454,160.86516666666665,113.22208333333333,79.7108,163.81001948468054,169.00348747157173,19.32449764856773,30.227902679396394,28.712243892135476,-5.193467986891193,-2.1099058376058495,-6.167124298570687,-5.193467986891193,-0.7714409637387116,-8.844054046304962,191.00546676852298,170.148,149.290533231477,11.216330511902125,17.74776531454479,-1.8465390933832069,11.102198025562627,17.50906027195471,-1.711526467221539,8.98418675321035,-156.0953428848201,-99.30986887508624,-0.06720261273709326,-0.08851561589021928,-0.1271128664456825,-0.18150054559282242,-0.07674232354010746,0.3117582332657426,0.8632355966820054,58.76245427227016
2026-03-16,150.15,152.0,145.93,149.99,8311822,1233690403.06,3.8831,0.9898,156.702,159.284,168.54749999999999,179.256,162.07483333333337,113.89274999999999,80.15788,156.702,159.284,168.54749999999999,179.256,162.07483333333337,113.89274999999999,80.15788,161.68386264088355,167.59508099219605,24.409127954360187,30.87719298245615,32.49750019229292,-5.911218351312499,-2.8701683403471794,-6.082100021930639,-5.911218351312499,-1.5621759464423712,-8.698084809740255,190.46146658706462,168.54749999999999,146.63353341293535,13.195058251421589,16.230196293503724,7.124782167257322,11.053201274102376,15.3571072726706,2.4453892769659262,8.454334616263012,-150.13863503549797,-89.04479222881812,-0.04283289300710896,-0.058348610029883625,-0.11010249336240513,-0.16326371223278435,-0.07456329329353022,0.3169407183512561,0.8711822218851097,110.35033240441057
2026-03-17,152.5,152.92,144.0,144.55,7123375,1052085067.76,3.3279,-3.6269,152.198,157.62,166.525,176.99733333333333,162.96933333333334,114.50958333333334,80.57316,152.198,157.62,166.525,176.99733333333333,162.96933333333334,114.50958333333334,80.57316,159.0478837730553,165.88803795573708,19.899833055091776,25.890771028037406,25.95535075871932,-6.840154182681772,-3.664165508814098,-6.351977347735348,-6.840154182681772,-2.37417259817151,-8.931963169020523,189.48693325805567,166.525,143.56306674194434,9.512851334281075,13.991081307096175,0.5563913886508765,8.084946682734934,12.933053742692046,-1.6112674371792899,8.539001049669734,-148.11573679018636,-97.85156249999996,-0.0502503318046229,-0.08292094911813216,-0.13196216784266623,-0.18332102931870906,-0.11302330908882649,0.2623397605003948,0.7940217313060579,69.11270781295464
2026-03-18,146.27,156.06,143.52,155.18,14252762,2139264125.9,6.6586,7.3539,150.97400000000002,157.124,165.144,175.23333333333332,163.98566666666667,115.19933333333333,81.03288,150.97400000000002,157.124,165.144,175.23333333333332,163.98566666666667,115.19933333333333,81.03288,158.4528247310468,165.09484995901582,33.527292878913826,27.603423680456473,37.192922178319876,-6.642025227969015,-4.259737452645082,-4.764575550647866,-6.642025227969015,-3.030765310448049,-7.222519835041931,187.2924440703376,165.144,142.9955559296624,21.24476387520579,16.40897549646605,30.916340632685277,20.292827440841698,15.386311642075265,30.105859038374565,9.266455404275234,-105.18194254445957,-55.29141104294477,0.027859101567157183,-0.012372393778162396,-0.06033522259361526,-0.1144378923340307,-0.053697782529773946,0.34705640657642706,0.9150251107945317,203.31832128393788
2026-03-19,151.11,157.09,149.88,152.5,12217952,1868199354.0,5.7079,-1.727,150.148,156.08700000000002,163.9335,173.085,164.76783333333333,115.86458333333333,81.47888,150.148,156.08700000000002,163.9335,173.085,164.76783333333333,115.86458333333333,81.47888,157.53700554165496,164.16189811019984,36.66666666666665,40.83139902933108,34.144222415291054,-6.62489256854488,-4.732768475825042,-3.784248185439676,-6.62489256854488,-3.583707965539869,-6.082369206010021,186.06669324358606,163.9335,141.80030675641396,25.640681029278294,19.48621067407013,37.94962173969462,25.00605673970223,18.592893341284253,37.83238353653819,8.892554421679737,-85.73236533719334,-65.5674846625767,0.015664544316274634,-0.022980773542960124,-0.06974474405780398,-0.11893000548863279,-0.0744552688783308,0.31619167490784866,0.8716506657921659,84.01192993584104
2026-03-20,154.0,154.3,146.5,146.69,10683765,1598405585.14,4.9912,-3.8098,149.78199999999998,154.501,162.518,171.18133333333333,165.33466666666666,116.49199999999999,81.90044,149.78199999999998,154.501,162.518,171.18133333333333,165.33466666666666,116.49199999999999,81.90044,155.86823545832343,162.86768343537022,35.4422964264792,37.10450623202301,34.50092178035291,-6.999447977046799,-5.186104376069394,-3.6266872019548106,-6.999447977046799,-4.109206428848627,-5.780483096396344,185.28325385665445,162.518,139.75274614334555,21.145423344672228,20.03928156427083,23.357706905475027,20.722340484954852,19.30270905584112,23.561603343182313,8.693908163192514,-106.26972301239692,-87.84509202453992,-0.020643334980171082,-0.05055630707891863,-0.09739228885415771,-0.14307245338276758,-0.11276925186087208,0.2592281015005323,0.7910770686946248,67.8120149236893
2026-03-23,141.92,146.68,136.0,137.2,10753534,1517436393.66,5.0238,-6.4694,147.224,151.96300000000002,160.61399999999998,168.78833333333336,165.7715,117.03866666666667,82.27731999999999,147.224,151.96300000000002,160.61399999999998,168.78833333333336,165.7715,117.03866666666667,82.27731999999999,152.99619923396597,160.9663735512687,34.06531531531529,28.21252758445084,30.149501661129577,-7.970174317302735,-5.742918364316062,-4.454511905973346,-7.970174317302735,-4.703201488610798,-6.533945657383875,185.1833342454202,160.61399999999998,136.04466575457974,15.346948896448142,18.4751706749966,9.090505339351225,15.00536984711275,17.870262652931665,9.275584235474923,9.056833951702966,-154.43001546818235,-96.42857142857146,-0.06808672499049069,-0.09714864802616448,-0.14577807663092876,-0.18714761091307672,-0.17235471718600612,0.17226215837500983,0.6675312224559575,51.23137687383649
2026-03-24,142.0,142.0,135.38,140.99,9102109,1264282224.16,4.2523,2.7624,146.512,149.35500000000002,159.168,166.97133333333335,166.18966666666665,117.61291666666668,82.67444,146.512,149.35500000000002,159.168,166.97133333333335,166.18966666666665,117.61291666666668,82.67444,151.14909165950968,159.48664217710066,38.107822410148,32.71882013465854,32.86334945487336,-8.337550517590984,-6.261844794971046,-4.151411445239875,-8.337550517590984,-5.262332108453903,-6.1504368182741604,184.81423834118078,159.168,133.52176165881923,16.883736119510445,17.94469248983455,14.761823378862232,15.736259235904734,17.158928180589356,12.890921346535492,8.613773233211518,-137.61955606013512,-82.8019619865113,-0.037689745549852514,-0.05600749891198827,-0.11420637314032969,-0.15560355669835543,-0.1516319707001437,0.1987628909806533,0.705363834336223,131.32336173122667
2026-03-25,143.31,145.72,140.02,141.23,8405887,1201080568.14,3.927,0.1702,143.72199999999998,147.348,157.5195,164.843,166.6603333333333,118.19491666666666,83.07616,143.72199999999998,147.348,157.5195,164.843,166.6603333333333,118.19491666666666,83.07616,149.62307755804665,158.13429831213026,44.91421568627448,32.94455983383925,34.72533149646978,-8.51122075408361,-6.711719986793559,-3.5990015345801005,-8.51122075408361,-5.762161130858473,-5.498119246450273,183.3353461944763,157.5195,131.7036538055237,20.237860007817332,18.70908166249548,23.29541669846104,17.42787257491478,17.248576312031165,17.78646510068201,8.083996281718512,-105.16831215352747,-79.18890074706513,-0.01733902951531422,-0.041520753590140506,-0.10341259336145686,-0.14324539106907785,-0.15258779833633673,0.19489064321012115,0.7000063556139329,101.71534717638701
2026-03-26,145.0,145.9,137.7,141.41,12346708,1744452846.35,5.7681,0.1275,141.504,145.826,155.837,163.39000000000001,167.14233333333334,118.79416666666665,83.47912000000001,141.504,145.826,155.837,163.39000000000001,167.14233333333334,118.79416666666665,83.47912000000001,148.359527164501,156.8954614001206,18.972510139702578,27.985586822237465,35.34595585027485,-8.535934235619607,-7.076562836558769,-2.9187427981216754,-8.535934235619607,-6.188895454667878,-4.694077561903457,181.22205909512857,155.837,130.4519409048714,22.750312936272508,20.056158753754488,28.138621301308547,20.87698798100414,18.458046868355492,25.71487020630144,8.105087866860604,-98.40831964969914,-72.22478120681714,-0.0006642921754861636,-0.030282665642615152,-0.09257750085024734,-0.13452475671705744,-0.15395461353297693,0.19037831543355813,0.6939565246974331,101.2818514132307
