日期,开盘,最高,最低,收盘,成交量,成交额,换手率,涨跌幅,MA5,MA10,MA20,MA30,MA60,MA120,MA250,SMA5,SMA10,SMA20,SMA30,SMA60,SMA120,SMA250,EMA12,EMA26,RSI6,RSI12,RSI24,DIF12-26-9,DEA12-26-9,MACD12-26-9,DIF12-26-12,DEA12-26-12,MACD12-26-12,BOLL_UPPER20-2,BOLL_MIDDLE20-2,BOLL_LOWER20-2,K9-3-3,D9-3-3,J9-3-3,K10-3-3,D10-3-3,J10-3-3,ATR10,CCI,Williams_R10,BIAS5,BIAS10,BIAS20,BIAS30,BIAS60,BIAS120,BIAS250,PSY10
2023-08-07,58.88,59.88,52.3,53.06,62845036.0,3436275242.09,60.4429,2.0385,,,,,,,,,,,,,,,53.06,53.06,,,,0.0,0.0,0.0,0.0,0.0,0.0,,,,,,,,,,7.580000000000005,,,,,,,,,,
2023-08-08,51.4,54.16,51.01,53.39,31695044.0,1669754376.58,30.4836,0.6219,,,,,,,,,,,,,,,53.110769230769236,53.08444444444445,,,,0.02632478632478552,0.005264957264957105,0.04211965811965683,0.02632478632478552,0.004049967126890081,0.04454963839579088,,,,,,,,,,6.774545454545458,,,,,,,,,,106.39635555444822
2023-08-09,52.87,53.53,51.86,52.98,22302415.0,1172289205.71,21.4499,-0.7679,,,,,,,,,,,,,,,53.090650887573965,53.076707818930046,,,,0.013943068643918366,0.007000579540749357,0.013884978206338019,0.013943068643918366,0.005571982744894432,0.016742171798047868,,,,,,,,,,5.846446280991738,,,,,,,,,,92.58067247608957
2023-08-10,52.41,55.23,52.22,53.17,28123645.0,1522027163.81,27.0487,0.3586,,,,,,,,,,,,,,,53.10285844333182,53.08361835086116,,,,0.019240092470660386,0.009448482126731564,0.019583220687857644,0.019240092470660386,0.007674768856550733,0.023130647228219305,,,,,,,,,,5.330728775356875,,,,,,,,,,103.64469157987124
2023-08-11,52.12,52.38,50.75,50.8,21691597.0,1116413681.98,20.8625,-4.4574,52.67999999999999,,,,,,,52.67999999999999,,,,,,,52.74857252897308,52.91446143598256,,,,-0.16588890700948156,-0.02561899570051106,-0.28053982261794097,-0.16588890700948156,-0.01902733512283885,-0.2937231437732854,,,,,,,,,,4.801505361655625,,,-0.03568716780561875,,,,,,,63.38266850674369
2023-08-14,49.87,49.99,47.8,48.9,16330674.0,797313221.15,15.7065,-3.7402,51.848,,,,,,,51.848,,,,,,,52.156484447592604,52.617093922206074,10.000000000000043,,,-0.4606094746134701,-0.11261709148310288,-0.6959847662607345,-0.4606094746134701,-0.08696304889062828,-0.7472928514456837,,,,,,,,,,4.4739589322636935,,,-0.05685850948927636,,,,,,,68.30483843240083
2023-08-15,48.7,48.93,48.03,48.45,7939469.0,384474466.38,7.636,-0.9202,50.86,,,,,,,50.86,,,,,,,51.5862560710399,52.30842029833896,9.20353982300891,,,-0.7221642272990607,-0.23452651864629445,-0.9752754173055325,-0.7221642272990607,-0.1846863071073102,-1.0749558403835011,,,,,,,,,,3.824148217306658,,,-0.04738497837200151,,,,,,,91.16942644684578
2023-08-16,48.38,49.45,48.03,48.53,7386279.0,360025791.56,7.104,0.1651,49.97,,,,,,,49.97,,,,,,,51.11606282934145,52.028537313276814,5.000000000000057,,,-0.9124744839353625,-0.3701161117041081,-1.0847167444625088,-0.9124744839353625,-0.29665371892701053,-1.2316415300167038,,,,,,,,,,3.3870303596145384,,,-0.02881729037422449,,,,,,,101.66350984899388
2023-08-17,48.02,49.18,48.01,49.03,8137798.0,396250787.86,7.8267,1.0303,49.142,,,,,,,49.142,,,,,,,50.795130086365845,51.80642343821927,14.02550091074687,,,-1.0112933518534248,-0.4983515597339715,-1.0258835842389067,-1.0112933518534248,-0.4065982778387666,-1.2093901480293163,,,,10.182119205298042,10.182119205298042,10.18211920529804,,,,2.983933930593713,,,-0.0022791095193521196,,,,,,,110.79394318771863
2023-08-18,49.5,50.74,48.86,48.86,12981110.0,649059299.29,12.4849,-0.3467,48.754,50.717,,,,,,48.754,50.717,,,,,,50.49741776538649,51.58816985020303,10.60329067641679,,,-1.0907520848165433,-0.6168316647504859,-0.9478408401321148,-1.0907520848165433,-0.5118527096815015,-1.1577987502700835,,,,11.543575208197808,10.635937872931297,13.35884987873083,8.774834437086106,8.774834437086106,8.774834437086106,2.7832186704857658,,-91.22516556291389,0.0021741805800550035,-0.03661494173551273,,,,,,96.58633655193287
2023-08-21,48.7,49.06,47.41,47.48,10283599.0,495799790.11,9.8905,-2.8244,48.470000000000006,50.159,,,,,,48.470000000000006,50.159,,,,,,50.03319964763472,51.28386097241021,12.946428571428555,,,-1.2506613247754927,-0.7435975967554873,-1.0141274560400109,-1.2506613247754927,-0.6255155735421156,-1.2502915024667542,,,,7.9940970271190865,9.755324257660561,4.471642566036138,6.148269846377952,7.899312906850056,2.6461837254337457,2.5771789122156274,,-99.10485933503837,-0.02042500515782977,-0.05341015570485859,,,,,,75.0883353478685
2023-08-22,47.89,47.89,45.37,46.48,15785656.0,731123377.36,15.1823,-2.1061,48.076,49.468,,,,,,48.076,49.468,,,,,,49.486553547998604,50.928019418898344,16.201117318435706,12.52847380410023,,-1.4414658708997408,-0.8831712515843381,-1.1165892386308054,-1.4414658708997408,-0.7510463885202118,-1.380838964759058,,,,9.081933515036793,9.530860676785972,8.184079191538434,7.851382061209371,7.883335958303161,7.787474267021791,2.5667827463582413,,-88.7423935091278,-0.03319743739079798,-0.06040268456375852,,,,,,80.82655916149548
2023-08-23,46.11,46.11,44.88,44.89,7437854.0,338350974.75,7.1536,-3.4208,47.348,48.659,,,,,,47.348,48.659,,,,,,48.77939146369113,50.48075872120217,12.288135593220304,10.607521697203467,,-1.7013672575110448,-1.0468104527696795,-1.3091136094827305,-1.7013672575110448,-0.897249599134186,-1.6082353167537176,,,,6.099066787802298,8.386929380458081,1.5233416024907314,5.26646082663555,7.011044247747291,1.7772939844120668,2.391004065202196,,-99.9033816425121,-0.05191349159415389,-0.0774574076738116,,,,,,70.60490291598364
2023-08-24,45.1,46.33,44.98,45.7,8445708.0,386945474.83,8.1229,1.8044,46.682,47.912,,,,,,46.682,47.912,,,,,,48.30563893081557,50.126628445557564,24.036697247706456,14.562211981566861,,-1.8209895147419957,-1.2016462651641429,-1.2386864991557056,-1.8209895147419957,-1.0393634323046181,-1.563252164874755,,,,8.730435879012683,8.50143154664295,9.188444543752151,7.155418328868146,7.059168941454243,7.347917103695954,2.2180942351654327,,-89.06666666666666,-0.02103594533224796,-0.04616797462013684,,,,,,119.58203689505824
2023-08-25,45.2,45.2,43.45,43.83,9620174.0,424271311.2,9.2525,-4.0919,45.676,47.215,,,,,,45.676,47.215,,,,,,47.61707909530548,49.660211523664415,11.876832844574807,12.835093419983792,,-2.0431324283589376,-1.369943497803102,-1.3463778611116712,-2.0431324283589376,-1.1937894316975903,-1.6986859933226945,,,,7.557830595153383,8.186897896146426,6.299695993167294,6.507818895057024,6.875385592655171,5.7726854998607315,2.223895283317172,,-94.78737997256522,-0.04041509764427716,-0.07169331780154622,,,,,,65.84953398807293
2023-08-28,46.77,46.79,44.1,44.33,11803535.0,539178913.25,11.3524,1.1408,45.046,46.757999999999996,,,,,,45.046,46.757999999999996,,,,,,47.11137461910464,49.265381040430015,18.321678321678334,14.97622820919176,,-2.154006421325377,-1.526756082507557,-1.2545006776356402,-2.154006421325377,-1.3415151224095576,-1.624982597831639,,,,9.062330593385271,8.47870879522604,10.229574189703733,8.362322793321033,7.371031326210458,10.34490572754218,2.3577325045322315,,-87.92866941015095,-0.015894863028903812,-0.05192694298301889,,,,,,112.01149828119425
2023-08-29,44.39,49.76,44.34,49.46,23291841.0,1113941254.59,22.4015,11.5723,45.642,46.858999999999995,,,,,,45.642,46.858999999999995,,,,,,47.472701600780844,49.27979725965742,59.08256880733947,45.64369310793239,,-1.8070956588765767,-1.582823997781361,-0.4485433221904316,-1.8070956588765767,-1.4131428972506375,-0.7879055232518786,,,,33.522120715663334,16.826512768705136,66.91333660957973,33.055448848953844,15.932503833791586,67.30133887927836,2.9163265946172805,,-17.55829903978054,0.08365102318040396,0.05550694637102812,,,,,,298.9260801810489
2023-08-30,51.05,52.79,50.11,51.13,27005744.0,1392649295.52,25.9735,3.3765,46.89,47.11899999999999,,,,,,46.89,47.11899999999999,,,,,,48.03536289296841,49.41684931449761,70.09507346586,57.35973597359737,,-1.3814864215292033,-1.5425564825309295,0.3221401220034523,-1.3814864215292033,-1.4082726702165707,0.053572497374734684,,,,49.75707405312603,27.803366530178767,93.66448909902059,49.44595947531971,27.10365571430096,94.13056699735722,2.9915399410505015,,-17.773019271948577,0.09042439752612501,0.08512489653855156,,,,,,139.38524635693145
2023-08-31,50.64,53.43,50.55,52.1,20106726.0,1048569012.41,19.3382,1.8971,48.17,47.426,,,,,,48.17,47.426,,,,,,48.66069167866557,49.61560121712742,82.92237442922372,61.64645820038288,,-0.9549095384618482,-1.4250270937171132,0.94023511051053,-0.9549095384618482,-1.3385244961004594,0.7672299152772224,,,,62.062498266546285,39.22307710896794,107.74134058170296,61.85508854800874,38.68746665887022,108.19033232628578,2.9712599517685927,,-13.326653306613215,0.08158604940834543,0.09855353603508622,,,,,,120.6755552409105
2023-09-01,51.9,52.7,50.41,51.2,11682461.0,597399335.77,11.2359,-1.7274,49.644,47.66,49.1885,,,,,49.644,47.66,49.1885,,,,,49.051354497332404,49.73296408993279,74.90942028985506,58.09581564584597,,-0.6816095926003882,-1.2763435934937684,1.1894680017867603,-0.6816095926003882,-1.237460664792756,1.1117021443847355,55.279864984009826,49.1885,43.09713501599017,67.26010238477836,48.568752200904754,104.6428027525256,67.12182923908667,48.165587518942374,105.03431267937526,2.8473945059924857,54.0036152866297,-22.34468937875749,0.031343163322858844,0.07427612253462036,0.040893704829380956,,,,,84.008334894007
2023-09-04,51.25,51.64,50.5,51.64,9339070.0,476633270.91,8.9821,0.8594,51.106,48.07600000000001,49.1175,,,,,51.106,48.07600000000001,49.1175,,,,,49.44960765158896,49.87422600919703,90.63475546305932,57.942787583688364,,-0.4246183576080682,-1.1059985463166284,1.3627603774171204,-0.4246183576080682,-1.112408002148958,1.3755792890817795,55.04989057166138,49.1175,43.18510942833862,72.19477767535659,56.44409402572204,103.6961449746257,72.10259557822879,56.14459020537118,104.01860632394401,2.5369591412665793,59.23835055543341,-17.93587174348697,0.010448870974053906,0.0741326233463681,0.05135644118694968,,,,,108.93381819669531
2023-09-05,51.8,52.16,49.6,50.16,14942276.0,757749290.08,14.3711,-2.866,51.246,48.444,48.956,,,,,51.246,48.444,48.956,,,,,49.558898782113744,49.89539445296021,77.52596789423983,53.664036076662896,,-0.3364956708464675,-0.9520979712225962,1.2312046007522575,-0.3364956708464675,-0.9930368742562672,1.3130824068195994,54.565744904604564,48.956,43.34625509539544,70.54134142952964,61.14317649365791,89.33767130127309,70.4798866981111,60.923022369617826,89.59361535509765,2.5411483883090185,47.2361633644234,-32.76553106212429,-0.02119189790422678,0.03542234332425055,0.024593512541874203,,,,,74.76751427068672
2023-09-06,50.1,51.85,49.61,51.5,14272987.0,724275996.21,13.7274,2.6715,51.32000000000001,49.105000000000004,48.882000000000005,,,,,51.32000000000001,49.105000000000004,48.882000000000005,,,,,49.857529738711634,50.01425412311131,64.99999999999999,61.355932203389834,,-0.1567243843996735,-0.7930232538580118,1.2725977389166765,-0.1567243843996735,-0.8643734142783297,1.4152980597573124,54.30415183541699,48.882000000000005,43.45984816458302,73.91466850144997,65.40034049625527,90.94332451183936,73.87369868050428,65.23991447324664,91.14126709501954,2.486394135889197,63.11482681780017,-19.33867735470942,0.003507404520654571,0.04877303736890329,0.05355754674522308,,,,,130.16583605326068
2023-09-07,51.0,51.03,48.7,48.7,11455988.0,569913409.2,11.0181,-5.4369,50.64,49.405,48.6585,,,,,50.64,49.405,48.6585,,,,,49.6794482404483,49.916901965843806,34.67843631778058,55.69230769230771,42.29137199434229,-0.23745372539550402,-0.6819093481655102,0.8889112455400123,-0.23745372539550402,-0.7679242313732796,1.0609410119555511,53.690939086357105,48.6585,43.62606091364289,65.71088653937323,65.50385584396126,66.12494793019718,66.78420259395008,65.7546771801478,68.84325342155466,2.5434133839093427,24.631511887180288,-47.3947895791583,-0.03830963665086883,-0.014269810747899975,0.0008528828467792125,,,,,57.176467716398804
2023-09-08,48.65,49.46,48.56,48.94,5787497.0,283326234.45,5.5663,0.4928,50.188,49.916,48.5655,,,,,50.188,49.916,48.5655,,,,,49.565686972687026,49.844538857262776,28.055555555555515,61.15702479338842,42.77699859747545,-0.27885188457575083,-0.6012978554475583,0.644891941743615,-0.27885188457575083,-0.6926823318659675,0.8276608945804333,53.49908191644933,48.5655,43.63191808355067,60.675611194932344,63.89444096095163,54.23795166289378,61.8146916900003,64.44134868343197,56.56137770313697,2.24461095047128,12.318440889869747,-48.12433011789928,-0.024866501952658097,-0.019552848785960395,0.007711235341960808,,,,,105.0388692770994
2023-09-11,48.62,49.55,48.4,48.95,5749409.0,281571638.51,5.5296,0.0204,49.65,50.378,48.568,,,,,49.65,50.378,48.568,,,,,49.47096589996595,49.77827671968776,32.171156893819344,59.36599423631123,42.1276595744681,-0.3073108197218133,-0.5425004483024094,0.4703792571611922,-0.3073108197218133,-0.633394406920713,0.6521671743977995,53.50234622129203,48.568,43.633653778707966,44.09520534267859,57.29469575486061,17.69622451831455,58.114818295717114,62.332505220860355,49.67944444543065,2.0455907776583198,11.43664867643288,-49.284928492849275,-0.014098690835850872,-0.028345706459168632,0.007865261077252616,,,,,100.20451981905481
2023-09-12,48.9,48.9,47.81,48.24,5864113.0,283332328.47,5.64,-1.4505,49.266000000000005,50.25600000000001,48.5575,,,,,49.266000000000005,50.25600000000001,48.5575,,,,,49.28158653074041,49.66433029600718,24.164133738601862,63.61951822112416,41.6842105263158,-0.3827437652667669,-0.5105491116952809,0.2556106928570281,-0.3827437652667669,-0.5948327697431829,0.424178008952832,53.49379682209138,48.5575,43.62120317790861,31.947218745652872,48.84553675179137,-1.8494172666241298,41.29362738101189,55.31954594091087,13.241790261213922,1.8809379089931708,-12.085235920852009,-92.34875444839858,-0.020825721592985087,-0.04011461318051586,-0.006538639756989043,,,,,86.40642361240647
2023-09-13,48.14,48.18,46.59,47.12,6064329.0,286581086.8,5.8325,-2.3217,48.39,49.855000000000004,48.487,,,,,48.39,49.855000000000004,48.487,,,,,48.94903475678035,49.475861385191834,25.562700964630253,58.298631766805464,39.72137274889568,-0.5268266284114844,-0.5138046150385216,-0.026044026745925652,-0.5268266284114844,-0.5843702864613831,0.11508731609979739,53.46504907886403,48.487,43.50895092113598,24.18958063676364,40.626884713448796,-8.685027516606667,30.1119309245732,46.917007602131655,-3.4982224305437057,1.8389491982671395,-45.028988179378,-92.25146198830417,-0.02624509196114906,-0.05485909136495851,-0.028193123930125692,,,,,79.064190082594
2023-09-14,47.15,47.18,46.13,46.28,4422390.0,205649803.41,4.2534,-1.7827,47.906,49.273,48.3495,,,,,47.906,49.273,48.3495,,,,,48.53841402496799,49.23913091221466,4.370629370629359,37.3003194888179,41.89964157706095,-0.7007168872466707,-0.5511870694801515,-0.2990596355330384,-0.7007168872466707,-0.6022697635052735,-0.19689424748279438,53.415537484017825,48.3495,43.28346251598217,16.95557448752733,32.73644797147497,-14.60617248036796,20.83565562399248,38.223223609418596,-13.939480346859753,1.6955038894912955,-64.84889037582245,-97.71689497716896,-0.033941468709556166,-0.06074320621841581,-0.042802924539033456,,,,,83.53734821019056
2023-09-15,46.37,47.47,45.83,46.55,6296670.0,294534595.23,6.056,0.5834,47.428,48.80800000000001,48.234,49.06166666666666,,,,47.428,48.80800000000001,48.234,49.06166666666666,,,,48.23250417497292,49.03993602982839,16.300940438871365,29.406474820143856,45.52721735820327,-0.8074318548554729,-0.6024360265552158,-0.4099916566005142,-0.8074318548554729,-0.633833162174535,-0.3471973853618757,53.35605304232796,48.234,43.111946957672046,15.095185519331011,26.856027154093656,-8.42649775019428,17.68190627697445,31.376117831937215,-9.706516832951081,1.6854122732201509,-56.37560265898774,-88.62559241706163,-0.018512271232183523,-0.04626290772004609,-0.03491313181573174,-0.05119407548323532,,,,105.98962372821109
2023-09-18,46.17,47.13,45.66,46.55,4724636.0,220120675.62,4.544,0.0,46.948,48.29899999999999,48.1875,48.84466666666667,,,,46.948,48.29899999999999,48.1875,48.84466666666667,,,,47.97365737882324,48.855496323915176,9.491525423728831,22.66009852216746,46.32068164213787,-0.8818389450919355,-0.6583166102625597,-0.44704466965875156,-0.8818389450919355,-0.6719878980079812,-0.4197020941679086,53.355058213966906,48.1875,43.019941786033094,14.85613337260732,22.85606256026488,-1.1437250027077965,16.352040082085534,26.36809191531999,-3.680063584383383,1.6462464053619428,-57.2943172179815,-86.30769230769229,-0.008477464428729728,-0.03621192985362007,-0.03398184176394299,-0.04697885814896211,,,,100.0
2023-09-19,46.47,46.6,45.82,46.01,3695599.0,170500914.36,3.5543,-1.16,46.501999999999995,47.884,48.164,48.59866666666667,,,,46.501999999999995,47.884,48.164,48.59866666666667,,,,47.67155624361966,48.64471881843998,7.758620689655075,23.49336057201222,45.205479452054796,-0.9731625748203214,-0.7212858031741121,-0.5037535432924187,-0.9731625748203214,-0.7183224636714182,-0.5096802222978065,53.368396521970126,48.164,42.95960347802988,12.076652540149148,19.262925886892972,-2.2958941533385016,12.78612042090571,21.840768083848566,-5.32317490498,1.4887470589324987,-65.5649117284434,-94.34571890145394,-0.010580190099350508,-0.039136245927658554,-0.04472219915289435,-0.05326620757771136,,,,88.98677742453255
2023-09-20,46.09,46.5,45.38,45.38,3934291.0,180854739.95,3.7839,-1.3693,46.153999999999996,47.272000000000006,48.1885,48.34533333333333,,,,46.153999999999996,47.272000000000006,48.1885,48.34533333333333,,,,47.31900912921664,48.402887794851836,7.9411764705881325,18.637274549098194,43.08973873532753,-1.083878665635197,-0.7938043756663291,-0.5801485799377359,-1.083878665635197,-0.7745618793581535,-0.6186335725540872,53.332261781338424,48.1885,43.04473821866157,8.051101693432766,15.52565115573957,-6.897997231180842,8.524080280603808,17.40187214943365,-9.231503457055876,1.4217021391265894,-79.42822287638913,-100.0,-0.0167699441001862,-0.040023692672195015,-0.05828154020150026,-0.06133649576656816,,,,87.12094605921325
2023-09-21,45.44,46.15,45.44,45.7,3774838.0,172980759.44,3.6306,0.7052,46.038,46.972,48.1885,48.096333333333334,,,,46.038,46.972,48.1885,48.096333333333334,,,,47.069930801644844,48.20267388412207,22.692307692307665,24.71655328798188,44.05120481927712,-1.1327430824772264,-0.8615921170285087,-0.5423019308974355,-1.1327430824772264,-0.8296666798380108,-0.6061528052784313,53.332261781338424,48.1885,43.04473821866157,7.925354766045511,12.992219025841553,-2.2083737535465744,8.24067382415954,14.348139374342281,-3.974257276205943,1.3032108411035723,-79.4354517183635,-92.326139088729,-0.007341761153829313,-0.02707996253086942,-0.051640951679342476,-0.049823617878008666,,,,107.2795850953273
2023-09-22,45.55,47.48,45.41,47.37,7324866.0,341438094.96,7.0449,3.6543,46.202,46.815000000000005,48.365500000000004,47.98199999999999,,,,46.202,46.815000000000005,48.365500000000004,47.98199999999999,,,,47.11609529369949,48.14099433715007,65.88921282798836,27.431693989070993,49.7951582867784,-1.0248990434505814,-0.8942535023129232,-0.2612910822753163,-1.0248990434505814,-0.8597024280860985,-0.33039323072896565,53.105557627897525,48.365500000000004,43.62544237210248,24.128266813727283,16.704234955136798,38.97633053090826,21.401056730095146,16.6991118262599,30.80494653776563,1.4426270518120137,-55.24537339060648,-52.27817745803364,0.025280290896497973,0.011855174623517943,-0.02058285348027017,-0.01275478304364126,,,,143.1765345669201
2023-09-25,47.1,47.1,46.35,46.57,4498736.0,209970248.67,4.3268,-1.6888,46.206,46.577,48.4775,47.904333333333334,,,,46.206,46.577,48.4775,47.904333333333334,,,,47.03208063313034,48.02462438625006,50.252525252525295,35.104895104895064,50.1688555347092,-0.992543753119719,-0.9139115524742825,-0.15726440129087305,-0.992543753119719,-0.8801395550143478,-0.22480839621074233,52.91208595943059,48.4775,44.04291404056941,30.252177875818177,21.220215928697257,48.316101770060015,25.53631054733615,19.644844733285318,37.31924217543782,1.365785769664374,-62.972506324512445,-66.19318181818184,0.007877764792451137,-0.00015028876913493564,-0.03934815120416686,-0.02785412593154412,,,,84.33901645424027
2023-09-26,46.57,46.93,46.34,46.41,2901587.0,135213374.02,2.7907,-0.3436,46.286,46.39399999999999,48.325,47.83633333333333,,,,46.286,46.39399999999999,48.325,47.83633333333333,,,,46.93637592034106,47.90502257986117,48.3009708737864,32.10749646393208,53.01348136399682,-0.9686466595201111,-0.9248585738834482,-0.08757617127332584,-0.9686466595201111,-0.8937560326306191,-0.149781253778984,52.82659036224685,48.325,43.82340963775316,36.517324933085085,26.3192522634932,56.913470272268846,29.286111793462137,22.858600420010923,42.14113454036456,1.224733811543578,-62.75721042407906,-63.21428571428589,0.0026789958086677443,0.000344872181747755,-0.039627521986549535,-0.0298169452786933,,,,96.61694583691335
2023-09-27,46.41,46.9,46.23,46.44,3355595.0,156249877.92,3.2273,0.0646,46.498000000000005,46.326,48.0905,47.766666666666666,,,,46.498000000000005,46.326,48.0905,47.766666666666666,,,,46.86001039413474,47.79650238876034,55.955678670360115,32.299012693935055,51.51391162029459,-0.9364919946255981,-0.9271852580318782,-0.018613473187439666,-0.9364919946255981,-0.900330796014462,-0.07232239722227218,52.4636452008101,48.0905,43.7173547991899,41.17028011412019,31.269594880368864,60.97165058162284,36.34947135437156,27.355557398131136,54.337299266852405,1.1238731185356547,-58.345306406561065,-49.52380952380962,-0.001247365478085228,0.002460821137158339,-0.034320707832108235,-0.027773900907187746,,,,100.6482959765447
2023-09-28,46.51,46.65,45.81,46.0,5453889.0,252316097.94,5.2454,-0.9475,46.558,46.297999999999995,47.7855,47.66566666666667,,,,46.558,46.297999999999995,47.7855,47.66566666666667,,,,46.7277011027294,47.66342813774105,59.06432748538009,33.57771260997062,54.71534115601913,-0.9357270350116522,-0.9288936134278332,-0.01366684316763811,-0.9357270350116522,-0.9057763712447989,-0.05990132753370658,51.81889989795732,47.7855,43.752100102042675,37.28812325068329,33.27577100380701,45.31282774443585,34.0742507441842,29.595121846815495,43.032508538921604,1.072259824256444,-66.47885499643807,-70.47619047619051,-0.011985050904248461,-0.006436563134476538,-0.03736489102342759,-0.034944789051518564,,,,90.91932570321171
2023-10-09,46.0,46.0,45.26,45.68,3322570.0,151349789.98,3.1956,-0.6957,46.220000000000006,46.211,47.5095,47.559666666666665,,,,46.220000000000006,46.211,47.5095,47.559666666666665,,,,46.5665163176941,47.51650753494542,49.70760233918124,38.039867109634535,52.95663600525625,-0.9499912172513163,-0.9331131341925298,-0.03375616611757293,-0.9499912172513163,-0.9125786552458016,-0.07482512401102936,51.30770719481401,47.5095,43.711292805186,31.1650551400952,32.5721990492364,28.350767321812782,29.0224734690958,29.404239054242264,28.25894229880287,1.0118489471189092,-82.33686368295179,-81.081081081081,-0.011683254002596413,-0.011490770595745577,-0.03850808785611305,-0.03952228428850774,,,,93.25725662907122
2023-10-10,45.62,46.55,45.62,45.9,3592533.0,165656957.32,3.4552,0.4816,46.086,46.146,47.222500000000004,47.50699999999999,,,,46.086,46.146,47.222500000000004,47.50699999999999,,,,46.46397534574116,47.39676623606057,12.690355329949242,46.48148148148145,40.06696428571427,-0.93279089031941,-0.9330486854179059,0.0005155901969917664,-0.93279089031941,-0.9156882298725105,-0.03420532089379891,50.54411580845038,47.222500000000004,43.90088419154963,30.386313036339757,31.843570378270854,27.471798352477563,28.957925255673494,29.255467788052677,28.362840190915122,0.9969673203700165,-63.69631257872504,-71.17117117117114,-0.004035932821247232,-0.005330906254063239,-0.02800571761342591,-0.033826593975624486,,,,104.92184117087129
2023-10-11,46.0,47.33,45.88,47.1,6306587.0,293937889.35,6.0655,2.6144,46.224000000000004,46.255,47.0695,47.52766666666667,,,,46.224000000000004,46.255,47.0695,47.52766666666667,,,,46.56182529255021,47.37478355190793,61.18143459915612,54.344391785150115,38.452722063037236,-0.8129582593577211,-0.909030600205869,0.19214468169629573,-0.8129582593577211,-0.8998836190240813,0.17385071933272034,50.08961833159599,47.0695,44.049381668404,47.8851696518542,37.190770136131974,69.27396868329865,46.93291113141002,35.14794890250513,70.5028355892198,1.0793368984845582,-20.584133718303416,-17.11711711711692,0.018951194184838992,0.0182682953194249,0.0006479779899935951,-0.008998267675669618,,,,129.44408677482426
2023-10-12,47.1,47.1,46.25,46.82,5492032.0,256171604.47,5.2821,-0.5945,46.3,46.398999999999994,46.835499999999996,47.592,,,,46.3,46.398999999999994,46.835499999999996,47.592,,,,46.601544478311716,47.33368847398882,58.232931726907694,52.0423600605144,34.248210023866335,-0.7321439956771059,-0.8736532793001164,0.28301856724602104,-0.7321439956771059,-0.8740775231245466,0.2838670548948814,49.019802610614406,46.835499999999996,44.65119738938559,55.346869857992935,43.24280337675229,79.55500282047421,54.71203084436348,41.66930954979125,80.79747343350795,1.037639280578275,-14.318812204274895,-29.72972972972959,0.011231101511879117,0.00907347141102193,-0.00033094554344452074,-0.0162212136493528,,,,94.21173944651304
2023-10-13,46.4,47.57,46.31,46.81,6042176.0,284315961.39,5.8112,-0.0214,46.462,46.51,46.741,47.629,,,,46.462,46.51,46.741,47.629,,,,46.63361455857145,47.29489673517484,57.48987854251022,56.5789473684211,36.168872085696265,-0.6612821766033861,-0.8311790587607704,0.3397937643147686,-0.6612821766033861,-0.8413397775059065,0.36011520180504086,48.741462051890196,46.741,44.740537948109804,59.26443560518437,48.58334745289632,80.62661190976047,58.84120959609806,47.39327623189352,81.73707632450714,1.0780685022913155,12.111997972887528,-32.90043290043278,0.0074899918212732765,0.006450225757901619,0.001476220020966659,-0.017195406160112444,,,,99.78662122608087
2023-10-16,47.04,47.2,44.68,45.0,6692082.0,305204336.07,6.4363,-3.8667,46.326,46.272999999999996,46.544,47.668,,,,46.326,46.272999999999996,46.544,47.668,,,,46.38228924186815,47.12490438442115,36.97916666666668,47.38292011019282,30.74245939675174,-0.7426151425529994,-0.8134662755192161,0.1417022659324334,-0.7426151425529994,-0.8261513721285362,0.1670724591510735,48.40371588096,46.544,44.684284119039994,43.200511856743454,46.78906892084537,36.023397728539635,42.91836118401925,45.9016378826021,36.95180778685352,1.3402378655110767,-118.4270001506707,-88.92733564013841,-0.028623235332210863,-0.027510643355736525,-0.03317291165348911,-0.05597046236468908,,,,67.41223506320387
2023-10-17,45.18,47.45,44.96,47.2,9449282.0,440763522.11,9.0881,4.8889,46.586,46.336,46.4565,47.76366666666667,,,,46.586,46.336,46.4565,47.76366666666667,,,,46.50809089696536,47.13046702261217,63.2867132867133,58.205689277899346,41.75946547884188,-0.6223761256468094,-0.7752482455447349,0.30574423979585097,-0.6223761256468094,-0.7948013342082705,0.3448504171229221,47.972481877408725,46.4565,44.94051812259127,57.86608518246568,50.48140767471881,72.63544019795944,57.677984733982875,49.82708683306237,73.3797805358239,1.549285526327245,7.518796992481121,-12.802768166089876,0.013179925299446279,0.0186464088397791,0.016004219000570523,-0.011801159877452243,,,,161.17394962648078
2023-10-18,47.0,47.69,45.8,45.81,6116063.0,284449020.82,5.8823,-2.9449,46.327999999999996,46.276,46.335,47.642,,,,46.327999999999996,46.276,46.335,47.642,,,,46.40069229743223,47.032654650566826,49.34687953555881,41.19638826185105,34.203220433092724,-0.6319623531345968,-0.7465910670627074,0.22925742785622116,-0.6319623531345968,-0.7697491832738591,0.2755736602785246,47.621226631417855,46.335,45.04877336858215,51.09123286804471,50.684682739160785,51.904333125812585,50.965832569056175,50.20666874506031,52.4841602170479,1.611233612449564,7.286474291550542,-62.45847176079723,-0.011181143153168573,-0.010070014694442067,-0.011330527678860442,-0.038453465429662916,,,,74.1622558184974
2023-10-19,45.3,47.91,45.21,46.69,10286356.0,484142679.81,9.8932,1.921,46.302,46.301,46.3135,47.494,,,,46.302,46.301,46.3135,47.494,,,,46.44520117475035,47.007272824598914,46.87975646879754,50.671140939597294,43.75388440024858,-0.5620716498485621,-0.7096871836198784,0.2952310675426326,-0.5620716498485621,-0.7377987935161211,0.3514542873351181,47.5581817390719,46.3135,45.0688182609281,54.80385596775737,52.05774048202632,60.296086939219464,54.72025576843167,51.711197752850765,60.738371799593466,1.8091911374587333,47.91533976777122,-37.77089783281734,0.008379767612630084,0.008401546402885375,0.008129379122718,-0.01692845412052053,,,,120.95834097225817
2023-10-20,46.55,46.76,45.48,45.7,7441002.0,341705312.05,7.1566,-2.1204,46.08,46.271,46.2845,47.28066666666667,,,,46.08,46.271,46.2845,47.28066666666667,,,,46.33055484017338,46.910437800554554,42.30769230769233,46.36642784032757,40.38004750593825,-0.5798829603811768,-0.6837263389721381,0.20768675718192253,-0.5798829603811768,-0.713504049956899,0.2672421791514443,47.559134725798195,46.2845,45.00986527420181,47.06221976797865,50.3925669106771,40.40152548258173,47.00648630176151,50.14296060248768,40.73353770030916,1.712974567011691,-65.78044061661427,-68.42105263157882,-0.008246527777777679,-0.012340342763285815,-0.012628417720835235,-0.03343156469874929,,,,80.70924066976332
2023-10-23,45.25,45.43,43.75,43.88,6157750.0,272279832.78,5.9224,-3.9825,45.856,46.091,46.150999999999996,47.03666666666666,,,,45.856,46.091,46.150999999999996,47.03666666666666,,,,45.953546403223626,46.6859609264394,33.88338833883388,38.92733564013842,36.40750670241285,-0.7324145232157733,-0.6934639758208652,-0.07790109478981622,-0.7324145232157733,-0.7164133535351873,-0.032002339361171916,47.8099140392057,46.150999999999996,44.49208596079429,32.416479845319124,44.40053788889111,8.448363758175162,32.37932420117436,44.221748468716584,8.694475666089915,1.756070100282293,-275.03902265157404,-96.87499999999993,-0.04309141660851359,-0.04797031958516844,-0.04920803449546042,-0.06711076465169002,,,,66.60459446026533
2023-10-24,44.02,44.8,43.6,44.31,4116065.0,181911716.36,3.9587,0.9799,45.278000000000006,45.932,46.039,46.79233333333333,,,,45.278000000000006,45.932,46.039,46.79233333333333,,,,45.70069311041999,46.50996382077722,45.52529182879378,42.68398268398269,39.30321175830157,-0.8092707103572323,-0.7166253227281386,-0.18529077525818738,-0.8092707103572323,-0.7306991007385788,-0.157143219237307,47.877258901644105,46.039,44.2007410983559,27.102092518689176,38.634389432157136,4.037498691753257,27.077322089259336,38.50693967556417,4.218086916649668,1.6549664456855115,-227.6986734818058,-83.52668213457073,-0.021379036176509637,-0.03531307149699556,-0.03755511631442905,-0.05305000106855104,,,,110.24307317756607
2023-10-25,44.56,45.08,43.9,44.18,5198176.0,231121938.27,4.9995,-0.2934,44.952000000000005,45.64,45.947500000000005,46.592999999999996,,,,44.952000000000005,45.64,45.947500000000005,46.592999999999996,,,,45.46674032420153,46.33737390812706,23.22695035460987,43.39788732394367,41.54200230149598,-0.8706335839255317,-0.7474269749676173,-0.2464132179158287,-0.8706335839255317,-0.7522274827673407,-0.2368122023163819,47.96525148435869,45.947500000000005,43.92974851564132,22.553753867834544,33.27417757738294,1.1129064487377462,22.53724024821465,33.18370653311433,1.2443076784152822,1.5686089101063276,-169.80314687738365,-86.54292343387473,-0.017173874354867537,-0.03198948290972833,-0.03846781652973514,-0.051788895327624256,,,,97.10455783498226
2023-10-26,43.59,43.69,42.45,43.24,6917880.0,297957642.81,6.6535,-2.1277,44.262,45.282000000000004,45.840500000000006,46.31766666666667,,,,44.262,45.282000000000004,45.840500000000006,46.31766666666667,,,,45.124164889708986,46.107938803821355,25.24084778420034,38.990066225165585,41.30434782608696,-0.9837739141123691,-0.7946963627965677,-0.3781551026316028,-0.9837739141123691,-0.7878500106665759,-0.3918478068915865,48.18540691095675,45.840500000000006,43.49559308904326,19.858790734844522,28.802381963203473,1.9716082781266238,19.847781655097926,28.738398240442198,2.066548484409381,1.5979527446324493,-227.88813939256437,-85.53113553113553,-0.023089783561520003,-0.045095181308246135,-0.05672931141676037,-0.06644692809798994,,,,80.6491394051554
2023-10-27,43.0,44.73,42.85,44.52,6465942.0,284981696.51,6.2188,2.9602,44.025999999999996,45.053000000000004,45.7815,46.178333333333335,,,,44.025999999999996,45.053000000000004,45.7815,46.178333333333335,,,,45.03121644513838,45.990313707241995,30.59033989266551,39.391447368421055,44.510546241211486,-0.9590972621036187,-0.827576542657978,-0.2630414388912814,-0.9590972621036187,-0.8141957416568901,-0.2898030408934571,48.19953116953487,45.7815,43.36346883046513,25.876556460592333,27.82710679566643,21.975455790444144,25.869217074094607,27.782004518326335,22.04364218563115,1.649234063790185,-128.10855183736592,-62.08791208791203,0.011220642347703787,-0.01183051073180479,-0.027554798335572186,-0.03591150250839134,,,,133.8735265241058
2023-10-30,44.5,46.06,44.11,45.98,6587319.0,299561507.89,6.3355,3.2794,44.446000000000005,45.151,45.712,46.07966666666666,,,,44.446000000000005,45.151,45.712,46.07966666666666,,,,45.17718314588632,45.98954972892778,52.31023102310226,46.85157421289353,48.57142857142857,-0.8123665830414595,-0.8245345507346743,0.02433593538642964,-0.8123665830414595,-0.8139143326391316,0.0030954991953442423,48.014955538113234,45.712,43.40904446188677,38.801709191066436,31.485307594133104,53.4345123849331,38.796816266734616,31.45360843446243,53.48323193127898,1.703918779464697,-25.72485062200068,-35.347985347985386,0.03451379201727921,0.01836061216805815,0.005862793139656842,-0.0021629207387205665,,,,138.08233190504916
2023-10-31,45.75,46.13,45.13,45.32,4396657.0,200030415.6,4.2286,-1.4354,44.648,44.963,45.6495,45.958666666666666,,,,44.648,44.963,45.6495,45.958666666666666,,,,45.199154969596115,45.93995345271091,64.6938775510204,44.67476769120799,48.281016442451424,-0.7407984831147942,-0.8077873372106983,0.1339777081918081,-0.7407984831147942,-0.8026657404046181,0.12373451457964779,47.92205918804285,45.6495,43.376940811957155,43.38917364874515,35.45326294567045,59.260995054894536,43.3859116991906,35.43104285603849,59.29564938549481,1.5759335468347522,-11.370334455155335,-47.435897435897424,0.015051066117183234,0.007939861664034858,-0.0072180418186399194,-0.013896544721343794,,,,86.5384958993268
2023-11-01,45.36,46.18,45.26,45.29,4743856.0,216743316.83,4.5625,-0.0662,44.87,44.911,45.5935,45.86033333333333,,,,44.87,44.911,45.5935,45.86033333333333,,,,45.21313112811979,45.8918087525101,60.88888888888887,51.18755118755118,49.768875192604,-0.6786776243903105,-0.7819653946466207,0.2065755405126204,-0.6786776243903105,-0.7835906456331861,0.2098260424857512,47.842226189131146,45.5935,43.34477381086885,50.89053958640241,40.59902182591444,71.47357510737835,46.26215847101107,39.041414727696015,60.70364595764117,1.4566729019557065,-3.9980406952890495,-47.98534798534799,0.009360374414976638,0.00843891251586466,-0.006656650619057534,-0.012436310246327556,,,,99.34000897954725
2023-11-02,45.55,46.12,44.97,44.99,4195354.0,190934301.8,4.035,-0.6624,45.220000000000006,44.741,45.521,45.78933333333334,,,,45.220000000000006,44.741,45.521,45.78933333333334,,,,45.17880326225521,45.82500810417602,58.67237687366172,39.28225024248301,48.17480719794344,-0.6462048419208131,-0.7548132841014593,0.2172168843612925,-0.6462048419208131,-0.7624543681389749,0.23249905243632374,47.748208779474545,45.521,43.293791220525456,56.62586463937106,45.94130276373332,77.99498839064654,50.48567718639719,42.85616888059641,65.74469379799875,1.4009141925092141,-17.09506657934871,-41.06728538283058,-0.005086245024325607,0.00556536510136122,-0.011664945849168488,-0.017456758488148694,,,,93.57002054328211
2023-11-03,45.25,46.75,45.05,46.53,7566267.0,348498995.73,7.2771,3.423,45.622,44.824,45.5475,45.79766666666667,,,,45.622,44.824,45.5475,45.79766666666667,,,,45.386679683446715,45.877229726088906,81.21442125237198,53.44168260038241,47.82608695652175,-0.49055004264219093,-0.7019606358096057,0.42282118633482946,-0.49055004264219093,-0.7206229334471621,0.46014578160994235,47.81102194134438,45.5475,43.28397805865562,69.37848340299158,53.75369631015274,100.62805758866925,65.28502510100898,50.3324542874006,95.19016672822575,1.466202521143902,44.57205359584336,-5.116279069767419,0.019902678532287083,0.0380599678743531,0.021570887534990982,0.01599062543215439,,,,140.01371975010858
2023-11-06,46.76,47.45,46.75,46.96,6618782.0,311632206.99,6.3658,0.9241,45.818,45.132,45.6115,45.81133333333334,47.4365,,,45.818,45.132,45.6115,45.81133333333334,47.4365,,,45.62872896291645,45.9574349315638,77.60180995475119,51.34865134865137,51.02902374670184,-0.32870596864735546,-0.6273097023771557,0.5972074674596004,-0.32870596864735546,-0.6603280157856534,0.6632440942765958,47.96152597969964,45.6115,43.26147402030036,76.31898893532771,61.2754605185444,106.40604576889434,73.59001673400599,58.08497510293573,104.6000999961465,1.3668929718450111,107.78792491121268,-9.80000000000004,0.024924702082151185,0.04050341221306397,0.029564912357629137,0.02507385363156126,-0.010045007536390784,,,109.63528680777877
2023-11-07,46.6,47.12,46.44,46.9,4771574.0,223187903.64,4.5892,-0.1278,46.134,45.391000000000005,45.661500000000004,45.82299999999999,47.33383333333334,,,46.134,45.391000000000005,45.661500000000004,45.82299999999999,47.33383333333334,,,45.82430912246776,46.02725456626278,65.23178807947025,56.60792951541848,51.299734748010614,-0.20294544379502355,-0.5424368506607292,0.6789828137314113,-0.20294544379502355,-0.5899614662486333,0.7740320449072196,48.078956471060806,45.661500000000004,43.2440435289392,80.54599262355178,67.69897122021354,106.24003543022826,78.72667782267064,64.9655426761807,106.2489481156505,1.2420033406004636,83.21504397937515,-11.000000000000085,0.01660380630337708,0.03324447577713628,0.02712350667411265,0.023503480784758866,-0.009165396140181747,,,98.72963802574492
2023-11-08,46.79,47.32,46.38,46.74,6226079.0,291743131.23,5.9881,-0.3412,46.424,45.647000000000006,45.6435,45.84733333333333,47.223,,,46.424,45.647000000000006,45.6435,45.84733333333333,47.223,,,45.965184642088104,46.08005052431739,78.17460317460325,69.27223719676553,50.79030558482615,-0.11486588222928873,-0.4569226569744411,0.6841135494903048,-0.11486588222928873,-0.5168698379379649,0.8040079114173524,48.020887110607845,45.6435,43.26611288939216,81.88573421280265,72.42789221774325,100.80141820292144,81.08445188178042,70.3385124113806,102.57633082258008,1.1870936423094696,82.37714839022011,-14.200000000000019,0.006806824056522542,0.023944618485333018,0.024023135824378036,0.019470416309200184,-0.010228066831840353,,,96.6403854384274
2023-11-09,46.5,46.98,46.1,46.38,4321506.0,200756832.07,4.1563,-0.7702,46.702,45.961,45.621500000000005,45.88066666666667,47.11300000000001,,,46.702,45.961,45.621500000000005,45.88066666666667,47.11300000000001,,,46.029002389459166,46.102269003997584,69.12280701754396,64.08163265306125,51.00529100529101,-0.07326661453841865,-0.3801914484872366,0.613849667897636,-0.07326661453841865,-0.4486231881841886,0.7507131472915399,47.96088610930756,45.621500000000005,43.28211389069245,77.24518009396425,74.03365484315026,83.66823059559223,79.63601139944782,73.43767874073635,92.03267671687078,1.131258434616838,60.290601434615034,-23.26086956521739,-0.006894779666823597,0.009116424794934925,0.01662593294828092,0.010883305967655204,-0.015558338462844734,,,92.5593641399204
2023-11-10,44.49,45.08,43.45,43.98,11345246.0,501049450.35,10.9116,-5.1746,46.19199999999999,45.907,45.480000000000004,45.82333333333334,46.959833333333336,,,46.19199999999999,45.907,45.480000000000004,45.82333333333334,46.959833333333336,,,45.713771252619296,45.945063892590355,39.79797979797976,48.960498960498946,45.948522402287885,-0.2312926399710591,-0.35041168678400114,0.2382380936258841,-0.2312926399710591,-0.41518771922832254,0.3677901585145269,47.858721461094966,45.480000000000004,43.10127853890504,55.91345339597612,67.99358769409221,31.753184799743934,57.50734093296517,68.12756613814595,36.2668905226036,1.4583023555955945,-98.60217975424979,-86.75000000000014,-0.04788708001385514,-0.04197616921166706,-0.03298153034300807,-0.04022695860915125,-0.06345493844029838,,,58.78206074475209
2023-11-13,44.01,44.8,43.98,44.23,5578491.0,247483361.86,5.3653,0.5684,45.646,45.732,45.4415,45.71866666666667,46.85033333333333,,,45.646,45.732,45.4415,45.71866666666667,46.85033333333333,,,45.48549875221633,45.818022122768845,18.57923497267757,55.54311310190367,46.02570204664445,-0.332523370552515,-0.346834023537704,0.02862130597037793,-0.332523370552515,-0.40247012712435215,0.13989351314367426,47.87717584914441,45.4415,43.00582415085559,43.77563559731737,59.92093699516727,11.485032801617564,44.8382272886434,60.36445318831177,13.785775489306673,1.342247381850941,-76.76712763186246,-80.50000000000014,-0.031021338123822545,-0.03284352313478532,-0.026660651607011233,-0.03256146285980943,-0.055929875988075535,,,105.83203411645508
2023-11-14,44.26,45.56,44.04,45.21,7486601.0,337359149.55,7.2004,2.2157,45.30800000000001,45.721,45.342,45.67333333333333,46.78883333333333,,,45.30800000000001,45.721,45.342,45.67333333333333,46.78883333333333,,,45.44311432879844,45.77298344700819,29.216152019002422,53.99768250289686,45.454545454545446,-0.32986911820974996,-0.34344104247211316,0.0271438485247264,-0.32986911820974996,-0.39130074113749025,0.12286324585548059,47.63352764490601,45.342,43.05047235509399,43.8504237315449,54.56409924062648,22.42307271338173,44.55881819242892,55.09590818968416,23.484638197918443,1.3745660396962252,-31.423247146517017,-56.00000000000005,-0.0021629734263266106,-0.011176483453992601,-0.0029112081513827776,-0.010144504451904785,-0.033743806392550826,,,124.50181327429581
2023-11-15,45.77,46.16,45.27,45.4,5513108.0,251663022.52,5.3024,0.4203,45.04,45.732,45.3215,45.63966666666667,46.73800000000001,,,45.04,45.732,45.3215,45.63966666666667,46.73800000000001,,,45.43648135513713,45.7453550435261,32.71889400921661,46.05978260869566,46.57004830917874,-0.3088736883889638,-0.3365275716554833,0.05530776653303904,-0.3088736883889638,-0.3786196560992554,0.13949193542058325,47.602711820156365,45.3215,43.040288179843635,45.4836158210299,51.53727143409429,33.376304594901114,45.95587879495258,52.049231724773634,33.76917293531048,1.2973722142969106,19.229838319295833,-51.25000000000011,0.007992895204262865,-0.007259686871337373,0.0017320697682115162,-0.005251279953841434,-0.02862766913432342,,,104.28298603075407
2023-11-16,45.35,45.35,44.2,44.25,5539553.0,246853838.31,5.3278,-2.533,44.614,45.658,45.1995,45.56666666666667,46.666666666666664,,,44.614,45.658,45.1995,45.56666666666667,46.666666666666664,,,45.25394576203911,45.6345880032649,26.641651031894938,43.18471337579617,44.13919413919413,-0.38064224122579304,-0.3453505055695453,-0.07058347131249554,-0.38064224122579304,-0.37893082304179965,-0.0034228363679867924,47.43303837759967,45.1995,42.96596162240033,36.989077214019915,46.68787336073617,17.591484920587405,37.303919196635036,47.13412754872744,17.643502492450224,1.279668175333835,-47.645429362880584,-80.00000000000007,-0.008158873896086369,-0.030837969249638643,-0.021006869545017102,-0.028895391367959104,-0.05178571428571424,,,77.37028947986202
2023-11-17,44.19,44.49,43.95,44.32,3384485.0,149548054.87,3.2551,0.1582,44.681999999999995,45.437,45.1305,45.510666666666665,46.588166666666666,,,44.681999999999995,45.437,45.1305,45.510666666666665,46.588166666666666,,,45.11026179864848,45.537211114134166,29.563492063492063,43.85297845373891,48.308457711442784,-0.42694931548568604,-0.36167026755277343,-0.13055809586582523,-0.42694931548568604,-0.3863182834177822,-0.08126206413580772,47.38410973598032,45.1305,42.87689026401968,32.15292486102618,41.842890527499506,12.772993528079525,32.11927946442334,42.129178187292744,12.09948201868454,1.1451830525458646,-65.93833454721998,-78.25000000000006,-0.008101696432567808,-0.024583489226841504,-0.0179590299243305,-0.02616236486684437,-0.04868546733970355,,,101.59322967215958
2023-11-20,44.33,44.48,43.88,44.26,4068890.0,179738026.85,3.9134,-0.1354,44.688,45.167,45.1495,45.46333333333333,46.5115,,,44.688,45.167,45.1495,45.46333333333333,46.5115,,,44.979452291164094,45.44260288345756,55.185185185185205,45.228758169934615,41.81514476614697,-0.46315059229346645,-0.38196633250091205,-0.16236851958510878,-0.46315059229346645,-0.3981386386294259,-0.1300239073280811,47.364800621158516,45.1495,42.93419937884149,28.412027426730596,37.36593616057654,10.504209959038718,28.389597162328705,37.549317845638065,10.070155795709994,1.0460588611738881,-68.2562620423889,-79.06976744186058,-0.009577515216613059,-0.020081032612305524,-0.019701214852877777,-0.026468216144878653,-0.048407383120303585,,,98.65442705342038
2023-11-21,44.43,44.44,43.58,43.65,5109575.0,224658959.47,4.9143,-1.3782,44.376,44.842,45.1165,45.388333333333335,46.44766666666667,,,44.376,44.842,45.1165,45.388333333333335,46.44766666666667,,,44.77492116944654,45.30981748468293,40.5228758169935,28.57142857142857,43.71362048894061,-0.5348963152363879,-0.4125523290480072,-0.24468797237676143,-0.5348963152363879,-0.41917828118434314,-0.23143606810408957,47.40297533852527,45.1165,42.83002466147473,20.829925744354828,31.85393268850264,-1.2180881439407898,20.649050993662687,31.915895561646273,-1.8846381423044818,1.0122299773240901,-88.2269503546103,-94.83204134366936,-0.01636019469983773,-0.026582222023995367,-0.03250473773453179,-0.038299122388279004,-0.060232663284126325,,,87.0419044131696
2023-11-22,43.66,43.75,43.0,43.01,4103536.0,177309345.74,3.9467,-1.4662,43.898,44.468999999999994,45.058,45.251999999999995,46.38983333333333,,,43.898,44.468999999999994,45.058,45.251999999999995,46.38983333333333,,,44.50339483568554,45.13946063396568,9.558823529411697,21.500721500721497,39.138134592680046,-0.6360657982801428,-0.4572550228944343,-0.3576215507714169,-0.6360657982801428,-0.45254559150677387,-0.3670404135467378,47.49994572981638,45.058,42.61605427018362,13.992102394970711,25.89998925732533,-9.82367132973853,13.849786089577455,25.89385907095667,-10.238359873180976,0.964551799628801,-122.00668896321042,-99.74874371859302,-0.02022871201421489,-0.032809372821516025,-0.04545252785298952,-0.049544771501812024,-0.07285719931450492,,,86.26844007995817
2023-11-23,43.01,43.48,42.75,43.48,2896884.0,125098331.98,2.7862,1.0928,43.744,44.178999999999995,45.07,45.14066666666667,46.36633333333334,,,43.744,44.178999999999995,45.07,45.14066666666667,46.36633333333334,,,44.345949476349304,45.01653762404229,17.99999999999997,26.702997275204368,43.23995127892811,-0.6705881476929889,-0.4999216478541453,-0.34133299967768727,-0.6705881476929889,-0.48609060015080696,-0.3689950950843639,47.476429983015905,45.07,42.663570016984096,16.463943141124147,22.754640551924936,3.88254831952257,16.36906560419531,22.718927915369548,3.6693409818468297,0.9219060178781092,-124.17465388711484,-78.59237536656899,-0.006035113386978852,-0.015821996876343922,-0.035278455735522594,-0.036788704937159494,-0.06225062725109468,,,111.48101870309537
2023-11-24,43.33,43.47,42.72,42.85,3175061.0,136299065.94,3.0537,-1.4489,43.449999999999996,44.066,44.9865,45.00866666666666,46.31883333333334,,,43.449999999999996,44.066,44.9865,45.00866666666666,46.31883333333334,,,44.115803403064795,44.85605335559471,21.77419354838709,25.096030729833558,46.618516086671036,-0.7402499525299149,-0.5479873087892992,-0.38452528748123127,-0.7402499525299149,-0.525192038978362,-0.4301158271031058,47.58176917780472,44.9865,42.391230822195276,12.235652016563412,19.248311040137764,-1.7896660305852947,12.17240032527752,19.203418718672207,-1.8896364615118557,0.892468560082089,-129.12202142971373,-96.22093023255806,-0.01380897583429216,-0.02759497117959427,-0.047492025385393356,-0.04796113341134289,-0.07489034338084226,,,86.4197306631655
2023-11-27,42.72,43.18,42.59,43.03,2543175.0,109036378.42,2.446,0.4201,43.20399999999999,43.946,44.839,44.943000000000005,46.3055,,,43.20399999999999,43.946,44.839,44.943000000000005,46.3055,,,43.94875672567021,44.72079014406918,25.096525096525085,28.047182175622538,45.72763684913217,-0.7720334183989692,-0.5927965307112333,-0.35847377537547187,-0.7720334183989692,-0.5631676358123016,-0.4177315651733353,47.53007609077034,44.839,42.147923909229654,12.265411335038529,16.920677805104688,2.95487839490621,12.223243540847932,16.87669365939745,2.9163433037488957,0.8374742764307994,-117.61904761904698,-87.67507002801125,-0.004027404869919276,-0.020843762799799683,-0.04034434309418135,-0.0425650268117394,-0.07073673753657775,,,104.28100265597595
2023-11-28,43.06,43.32,42.83,43.15,2243722.0,96714151.98,2.158,0.2789,43.104,43.739999999999995,44.7305,44.808,46.285833333333336,,,43.104,43.739999999999995,44.7305,44.808,46.285833333333336,,,43.8258710755671,44.604435318582574,29.056603773584854,42.24299065420561,46.559786239144955,-0.7785642430154738,-0.6299500731720814,-0.29722833968678475,-0.7785642430154738,-0.5963055753820203,-0.3645173352669069,47.51333819526983,44.7305,41.94766180473017,14.940225914180223,16.260527174796536,12.299623392947595,13.377587197166562,15.710324838653822,8.712111914192043,0.7742971352615634,-96.39104613978945,-84.31372549019618,0.0010671863400148333,-0.01348879743941464,-0.035333832619800824,-0.03700232101410465,-0.06774931134436392,,,102.82401069056534
2023-11-29,43.26,43.41,42.76,42.78,2405712.0,103490417.59,2.3138,-0.8575,43.058,43.477999999999994,44.605,44.707,46.174499999999995,,,43.058,43.477999999999994,44.605,44.707,46.174499999999995,,,43.66496783317216,44.469291961650526,31.95020746887964,36.745886654478994,48.402777777777764,-0.8043241284783633,-0.6648248842333377,-0.27899848849005116,-0.8043241284783633,-0.6283084297045346,-0.35203139754765744,47.50550086418844,44.605,41.70449913581155,13.293483942786779,15.27151276412662,9.337426300107097,11.213077455115847,14.211242377474498,5.216747610398542,0.751697656123097,-93.65389991613094,-93.11594202898559,-0.006456407636211591,-0.016054096324577796,-0.04091469566192121,-0.04310286979667612,-0.07351460221550843,,,91.74867516724046
2023-11-30,42.77,42.9,42.41,42.56,2713800.0,115526455.43,2.6101,-0.5143,42.874,43.309,44.4835,44.56933333333333,46.031666666666666,,,42.874,43.309,44.4835,44.56933333333333,46.031666666666666,,,43.49497278191491,44.32786292745419,38.693467336683455,21.868365180467023,42.653673163418276,-0.832890145539281,-0.6984379364945265,-0.26890441808950905,-0.832890145539281,-0.6597825398329571,-0.34621521141264777,47.5166451455023,44.4835,41.4503548544977,11.277781565722679,13.940269031325307,5.952806634517422,9.879231123923471,12.767238626290823,4.103216119188769,0.704116264100716,-103.23416906872559,-92.78846153846129,-0.0073237859775155114,-0.017294326814287914,-0.04324075218901384,-0.045083315882370474,-0.07541909555016468,,,94.97480061973275
2023-12-01,42.51,42.98,42.42,42.97,2209653.0,94362139.56,2.1252,0.9633,42.898,43.174,44.3055,44.47833333333333,45.8795,,,42.898,43.174,44.3055,44.47833333333333,45.8795,,,43.41420773854338,44.22728048838351,36.78756476683934,25.354969574036446,37.754271765663134,-0.8130727498401242,-0.721364899163646,-0.18341570135295648,-0.8130727498401242,-0.683365649064829,-0.2594142015505905,47.24949281320633,44.3055,41.36150718679367,16.713923342665726,14.864820468438783,20.412129091119617,15.603867448155134,13.71278156691226,19.386039210640877,0.677913306991494,-88.21084956824284,-72.94685990338154,0.0016783999254043455,-0.004725066011951652,-0.030142984505309795,-0.033911642372690814,-0.06341612266916599,,,110.06198570850525
2023-12-04,43.3,43.4,43.06,43.3,2665512.0,115240225.98,2.5636,0.768,42.952,43.077999999999996,44.122499999999995,44.458999999999996,45.74783333333333,,,42.952,43.077999999999996,44.122499999999995,44.458999999999996,45.74783333333333,,,43.396637317229015,44.158593044799545,63.80368098159506,38.44282238442815,41.55518394648827,-0.7619557275705304,-0.729483064845023,-0.06494532545101483,-0.7619557275705304,-0.6954564303733985,-0.13299859439426376,46.81610158035373,44.122499999999995,41.42889841964626,33.28191904436417,21.00385332708058,57.83805047893136,25.016699809443324,17.480754314422615,40.08859079948474,0.6328381602657677,-57.486476550601076,-56.15763546798029,0.008102067424101298,0.0051534425925066464,-0.018641282792226144,-0.02606896241480913,-0.05350708776736243,,,107.9506910163589
2023-12-05,43.3,44.56,43.2,43.42,5625667.0,246777036.9,5.4106,0.2771,43.006,43.055,43.9485,44.42933333333333,45.61083333333333,,,43.006,43.055,43.9485,44.42933333333333,45.61083333333333,,,43.40023157611686,44.10388244888847,62.42038216560516,39.18269230769229,42.240663900414944,-0.7036508727716111,-0.7243166264303407,0.04133150731745916,-0.7036508727716111,-0.6967171138192774,-0.013867517904667448,46.31657961281531,43.9485,41.580420387184695,37.84686075825832,26.618189137473163,60.30420399982865,32.336714601644424,22.432741076829885,52.14466165127351,0.7650494038538098,-20.33574857619971,-53.02325581395338,0.009626563735292784,0.008477528742306398,-0.012025438865945391,-0.022717724026168836,-0.04803317925200512,,,102.80618128091005
2023-12-06,43.42,43.7,42.96,42.99,4056583.0,175280910.54,3.9015,-0.9903,43.048,43.053000000000004,43.760999999999996,44.38966666666667,45.49133333333334,,,43.048,43.053000000000004,43.760999999999996,44.38966666666667,45.49133333333334,,,43.337119025945036,44.02137263785969,45.74468085106391,35.98233995584988,41.78981937602627,-0.6842536119146558,-0.7163040235272037,0.0641008232250957,-0.6842536119146558,-0.6947996519877971,0.02109208014628261,45.76416486432946,43.760999999999996,41.75783513567053,34.223488567521116,29.153288947489152,44.363887807585044,30.55005779644518,25.13851331670165,41.37314675593225,0.7604949667894811,-51.12414873992711,-73.02325581395331,-0.0013473332094406205,-0.0014633126611386519,-0.01761842736683334,-0.03153136240416317,-0.05498483227574486,,,90.52661053707249
2023-12-07,42.8,43.19,42.67,43.05,2623426.0,112611925.12,2.5231,0.1396,43.146,43.010000000000005,43.5945,44.38333333333333,45.3505,,,43.146,43.010000000000005,43.5945,44.38333333333333,45.3505,,,43.292946868107336,43.949419109129344,58.598726114649594,42.462311557788894,33.73831775700931,-0.6564722410220085,-0.7043376670261647,0.09573085200831244,-0.6564722410220085,-0.6889031272238296,0.06486177240364221,45.19397984966161,43.5945,41.995020150338384,32.7381396651691,30.3482391867158,37.5179406220757,30.289185817785143,26.85540415039615,37.15674915256313,0.7167686091913928,-66.84389811630534,-70.23255813953494,-0.0022250034765680165,0.0009300162752846323,-0.012490107697071864,-0.030041306796845718,-0.05072711436478098,,,101.40447168512807
2023-12-08,43.13,43.6,43.1,43.48,2790660.0,121069562.41,2.684,0.9988,43.248000000000005,43.07299999999999,43.5695,44.34866666666666,45.2635,,,43.248000000000005,43.07299999999999,43.5695,44.34866666666666,45.2635,,,43.3217242730139,43.91464732326791,75.84269662921342,56.23342175066314,33.73831775700931,-0.5929230502540079,-0.6820547436717334,0.17826338683545084,-0.5929230502540079,-0.6741369615361648,0.16242782256431365,45.15921000334548,43.5695,41.97978999665452,38.41457373026773,33.03701736789978,49.16968645500364,36.781937832011764,30.164248710934693,50.017316074165905,0.6864470438838676,-22.425583266291074,-50.232558139535,0.005364409914909179,0.009449074826457494,-0.0020541892837879945,-0.019587210438494866,-0.039402609166326145,,,110.44951069815743
2023-12-11,43.48,43.68,42.76,43.67,2717344.0,117677119.8,2.6135,0.437,43.321999999999996,43.137,43.5415,44.27166666666667,45.175666666666665,,,43.321999999999996,43.137,43.5415,44.27166666666667,45.175666666666665,,,43.375305154088686,43.896525299322136,72.43589743589749,52.72206303724936,35.08771929824562,-0.5212201452334497,-0.6498878239840766,0.2573353575012538,-0.5212201452334497,-0.6506112974895931,0.2587823045122868,45.10167913951196,43.5415,41.98132086048804,45.14459954110875,37.07287809230277,61.28804243872071,44.056175608938105,34.79489101026917,62.57874480627598,0.7289112177231646,-21.129015046419088,-41.39534883720922,0.008032870135266287,0.01235598210353064,0.00295120746873678,-0.013590332417272142,-0.033329152124668804,,,104.45676340139103
2023-12-12,43.68,43.7,43.19,43.38,2329432.0,101033040.68,2.2404,-0.6641,43.314,43.160000000000004,43.45,44.207,45.08283333333334,,,43.314,43.160000000000004,43.45,44.207,45.08283333333334,,,43.37602743807504,43.858264166039014,52.63157894736859,58.412698412698454,34.67153284671532,-0.4822367279639721,-0.6163576047800557,0.2682417536321673,-0.4822367279639721,-0.6247075175625745,0.28494157919720475,44.798449401895944,43.45,42.10155059810406,45.13515938399503,39.760305189533526,55.88486777291806,44.40954342921461,37.99977514991765,57.22907998780852,0.6891091781371356,-8.626078259781897,-54.88372093023241,0.0015237567530129404,0.005097312326227962,-0.0016110471806674402,-0.018707444522360672,-0.037771213728803,,,93.55425777073802
2023-12-13,43.3,43.33,42.78,42.81,2012987.0,86561639.78,1.936,-1.314,43.278,43.163,43.3205,44.12433333333333,44.992333333333335,,,43.278,43.163,43.3205,44.12433333333333,44.992333333333335,,,43.28894629375581,43.780614968554644,34.517766497461935,46.89265536723165,34.019695613249766,-0.4916686747988379,-0.5914198187838122,0.19950228796994862,-0.4916686747988379,-0.6042400032912303,0.22514265698478475,44.33706749588211,43.3205,42.303932504117896,36.164872611136886,38.56182766340132,31.370962506608024,35.80791267374005,37.26915432452512,32.88542937216991,0.6729075093849293,-64.8629027754507,-81.3953488372091,-0.010813808401497213,-0.008178300859532342,-0.011784259184450788,-0.02978704116398352,-0.04850456003615428,,,87.61062964579043
2023-12-14,43.42,45.46,43.42,44.67,12748325.0,569027464.2,12.261,4.3448,43.602000000000004,43.374,43.3415,44.11366666666666,44.9515,,,43.602000000000004,43.374,43.3415,44.11366666666666,44.9515,,,43.501416094716454,43.8464953412543,74.70588235294119,64.39393939393943,53.245531514581394,-0.3450792465378427,-0.5421517043346183,0.39414491559355125,-0.3450792465378427,-0.5643691176368629,0.4385797421980404,44.451934244125304,43.3415,42.2310657558747,48.004777678631285,41.70947766847797,60.59537769893791,48.542994414072325,41.027101021040856,63.57478120013526,1.032378871314942,196.8668702635455,-25.986842105263136,0.024494289252786516,0.029879651404066936,0.0306519156005214,0.012611360047151115,-0.006262304928645344,,,153.005571851563
2023-12-15,44.67,44.94,43.89,44.89,7206507.0,320977693.49,6.931,0.4925,43.884,43.565999999999995,43.37,44.059,44.92833333333333,,,43.884,43.565999999999995,43.37,44.059,44.92833333333333,,,43.715044387837004,43.92379198264287,75.84269662921352,70.56530214424953,53.113207547169836,-0.2087475948058639,-0.4754708824288675,0.5334465752460071,-0.2087475948058639,-0.5096581141244015,0.6018210386370753,44.60809701175882,43.37,42.13190298824117,58.52648261012695,47.31514598236097,80.94915586565891,58.885293767087646,46.979831936389786,82.69621742848335,1.035582712894043,194.16377010750733,-20.430107526881734,0.022924072554917515,0.030390671624661556,0.03504726769656452,0.018861072652579566,-0.0008532106688428289,,,105.03560209790865
2023-12-18,44.55,44.59,43.3,43.47,4502953.0,197650235.19,4.3308,-3.1633,43.844,43.583000000000006,43.3305,43.94266666666667,44.876999999999995,,,43.844,43.583000000000006,43.3305,43.94266666666667,44.876999999999995,,,43.6773452512467,43.89017776170636,49.89010989010991,57.187993680884645,42.11956521739129,-0.21283251045966267,-0.42294320803502655,0.42022139515072776,-0.21283251045966267,-0.46399263663751866,0.502320252355712,44.49740278312419,43.3305,42.163597216875814,48.57560011523395,47.735297359985296,50.25620562573124,48.81480755320774,47.59149047532911,51.26144170896501,1.1363858560042175,75.00574316563356,-71.32616487455206,-0.00853024359091329,-0.0025927540554805,0.0032194412711599955,-0.010756440209970616,-0.031352363125877324,,,72.51040784619998
2023-12-19,43.37,43.52,42.88,43.11,3076896.0,132608905.69,2.9593,-0.8282,43.790000000000006,43.552,43.3035,43.81633333333333,44.81966666666666,,,43.790000000000006,43.552,43.3035,43.81633333333333,44.81966666666666,,,43.590061366439514,43.83238681639478,44.06779661016947,51.11464968152866,39.785905441570016,-0.24232544995526695,-0.3868196564190747,0.28898841292761546,-0.24232544995526695,-0.4298899925325569,0.3751290851545799,44.46424885084443,43.3035,42.14275114915557,37.64060318315475,44.370399301041786,24.181010947380685,37.80007480847061,44.327685253042944,24.744853919325948,1.0461338821852688,-27.04379109291647,-84.22939068100365,-0.015528659511304103,-0.0101487876561352,-0.004468460978904713,-0.01612032042845514,-0.03814545697945092,,,92.0203385278655
2023-12-20,43.09,43.42,42.88,42.91,1980754.0,85451164.05,1.905,-0.4639,43.81,43.544,43.298500000000004,43.68866666666667,44.768,,,43.81,43.544,43.298500000000004,43.68866666666667,44.768,,,43.48543654083343,43.764061867032204,44.924406047516136,46.829268292682926,43.46978557504872,-0.278625326198771,-0.36518079037501394,0.17311092835248587,-0.278625326198771,-0.4066185054042821,0.25598635841102224,44.46541721620409,43.298500000000004,42.13158278379592,26.94558730728834,38.5621286364573,3.7125046489504143,28.067433384858486,38.90760129698146,6.387097560612531,0.9541095399697652,-43.172920189510066,-91.39784946236577,-0.02054325496462008,-0.014559985302223048,-0.008972597203136543,-0.01782308150092335,-0.04150285918513233,,,95.45637037951113
2023-12-21,42.7,43.47,42.51,43.21,2257780.0,97129848.28,2.1715,0.6991,43.517999999999994,43.559999999999995,43.285000000000004,43.583,44.731833333333334,,,43.517999999999994,43.559999999999995,43.285000000000004,43.583,44.731833333333334,,,43.44306168839752,43.723020247252045,54.58715596330273,48.34123222748814,44.70924690181125,-0.27995855885452414,-0.348136344070916,0.13635557043278368,-0.27995855885452414,-0.38713235978124244,0.2143476018534366,44.44932044784199,43.285000000000004,42.120679552158016,25.873329391299595,34.3325288880714,8.954930397755987,26.62122677634636,34.81214312343643,10.239394082166228,0.9551805327025352,-42.10684048849917,-76.2711864406779,-0.007077531136541035,-0.008034894398530633,-0.0017327018597667284,-0.008558382855700562,-0.03402126002734816,,,107.21548581059747
2023-12-22,43.23,43.35,42.89,42.9,2034853.0,87572131.52,1.9571,-0.7174,43.12,43.502,43.2875,43.547,44.68516666666667,,,43.12,43.502,43.2875,43.547,44.68516666666667,,,43.35951373633637,43.66205578449264,18.50533807829187,49.27536231884056,43.668528864059596,-0.30254204815626906,-0.3390174848879866,0.0729508734634351,-0.30254204815626906,-0.37411846568509266,0.1431528350576472,44.44809648910641,43.2875,42.12690351089359,21.65566592188335,30.106907899342055,4.75318196696594,22.154264178581194,30.59285014181802,5.277092252107536,0.8651477085748017,-45.546786922207964,-86.77966101694915,-0.005102040816326504,-0.013838444209461722,-0.00895177591683518,-0.014857510276253209,-0.039949871508442446,,,93.05297418617613
2023-12-25,42.9,43.23,42.52,42.78,1684414.0,72124522.01,1.62,-0.2797,42.982,43.413,43.275,43.498666666666665,44.608666666666664,,,42.982,43.413,43.275,43.498666666666665,44.608666666666664,,,43.270357776900006,43.59671831897466,11.07011070110714,47.84688995215315,45.75609756097562,-0.3263605420746529,-0.3364860963253199,0.020251108501333936,-0.3263605420746529,-0.3667710928219481,0.08082110149459032,44.45253533861367,43.275,42.097464661386326,17.487958072216053,25.900591290300056,0.662691636048045,17.820356910014613,26.335352397883554,0.7903659342767355,0.8369390342884729,-80.72497466165933,-90.84745762711854,-0.004699641710483416,-0.014580885909750435,-0.011438474870017272,-0.016521579205492826,-0.04099352891067498,,,97.23774539451242
2023-12-26,42.71,42.72,41.6,41.6,3038902.0,127794523.78,2.9227,-2.7583,42.67999999999999,43.235,43.197500000000005,43.37833333333333,44.52583333333334,,,42.67999999999999,43.235,43.197500000000005,43.37833333333333,44.52583333333334,,,43.01337965737692,43.44881325830987,12.14574898785439,36.60968660968666,43.46617238183504,-0.4354336009329458,-0.3562755972468451,-0.15831600737220142,-0.4354336009329458,-0.37733455560825546,-0.11619809064938069,44.59344714121002,43.197500000000005,41.80155285878999,11.658638714810703,21.15327376513694,-7.330631385841777,11.880237940009744,21.51698091192562,-7.393248003822009,0.8993137553269323,-203.86784850926594,-100.0,-0.02530459231490139,-0.03781658378628421,-0.03698130678858738,-0.04099588888461972,-0.06571091688345725,,,75.60064554602928
2023-12-27,41.5,41.66,40.39,41.47,2766771.0,113539820.58,2.661,-0.3125,42.391999999999996,43.101,43.132000000000005,43.24733333333334,44.44349999999999,,,42.391999999999996,43.101,43.132000000000005,43.24733333333334,44.44349999999999,,,42.77593663316509,43.30223449843506,13.392857142857281,34.19540229885058,40.38277511961723,-0.5262978652699744,-0.39028005085147094,-0.2720356288370068,-0.5262978652699744,-0.40025198786390453,-0.25209175481213963,44.720134953830666,43.132000000000005,41.543865046169344,15.684513721961707,19.330353750745196,8.392833664394729,15.020750342649482,19.351570722166908,6.359109583614632,0.9667112543583983,-265.8364187142382,-78.69822485207104,-0.021749386676731392,-0.03784134938864528,-0.038532875823054945,-0.041096946247167566,-0.06690517173489925,,,96.91858109678786
2023-12-28,41.23,42.56,41.23,42.36,2660568.0,112095378.98,2.5589,2.1461,42.222,42.87,43.122,43.184333333333335,44.375499999999995,,,42.222,42.87,43.122,43.184333333333335,44.375499999999995,,,42.71194638190892,43.232439350402835,40.61433447098983,43.25396825396823,47.71241830065358,-0.5204929684939117,-0.4163226343799591,-0.2083406682279052,-0.5204929684939117,-0.418750600268521,-0.20348473645078136,44.72772134962183,43.122,41.51627865037817,26.09126311622842,21.58399020590627,35.10580893687271,24.446067994000757,21.04973647944486,31.23873102311255,1.032763753565963,-136.069572595185,-56.7032967032967,0.0032684382549381394,-0.01189643107067875,-0.017670794490051493,-0.019088712727609595,-0.045419206544151526,,,123.65712946511775
2023-12-29,42.32,42.95,42.25,42.77,2349914.0,100380944.34,2.2601,0.9679,42.196000000000005,42.658,43.112,43.132666666666665,44.321666666666665,,,42.196000000000005,42.658,43.112,43.132666666666665,44.321666666666665,,,42.720877707769084,43.19818458370633,42.7631578947369,49.72972972972974,48.811700182815365,-0.47730687593724497,-0.4285194826914163,-0.0975747864916573,-0.47730687593724497,-0.42775925806370935,-0.09909523574707124,44.72418517938584,43.112,41.49981482061416,42.740288296867945,28.636089569560163,70.9486857514835,35.18626755155607,25.76191350348193,54.03497564770435,0.9722612529176066,-57.28348518169404,-43.333333333333314,0.013603185136031804,0.002625533311453933,-0.007932826127296315,-0.008408167050495269,-0.03500921295077642,,,110.11157842921233
2024-01-02,42.8,42.85,42.0,42.09,2051843.0,86677014.74,1.9734,-1.5899,42.05800000000001,42.519999999999996,43.0515,43.06033333333334,44.261833333333335,,,42.05800000000001,42.519999999999996,43.0515,43.06033333333334,44.261833333333335,,,42.62381959888154,43.11609683676512,38.1231671554253,29.260450160771768,45.391304347826114,-0.49227723788357736,-0.44127103372984855,-0.10201240830745761,-0.49227723788357736,-0.4376851011129198,-0.1091842735413151,44.72367822016666,43.0515,41.37932177983333,46.89179392951374,34.721324356211355,71.2327330761185,41.56187804821525,31.02856835172637,62.628497441193005,0.9500319342053147,-89.67709885742669,-45.68690095846641,0.0007608540586807853,-0.010112888052680919,-0.02233371659524044,-0.022534273616089114,-0.04906785755974858,,,85.19159608111865
2024-01-03,41.99,42.35,41.47,41.62,1524125.0,63761243.64,1.4659,-1.1167,42.062,42.371,42.961499999999994,42.992666666666665,44.1905,,,42.062,42.371,42.961499999999994,42.992666666666665,44.1905,,,42.469385814438226,43.00527484885659,34.574468085106375,24.729520865533274,44.99999999999999,-0.5358890344183607,-0.460194633867551,-0.15138880110161934,-0.5358890344183607,-0.4527933985445261,-0.16619127174766912,44.74051539888596,42.961499999999994,41.18248460111403,44.57288426469745,38.00517765904006,57.708297476012234,41.019607010498454,34.358914571317065,54.34099188886124,0.9372988552588943,-129.24314810158342,-60.06493506493514,-0.01050829727545053,-0.01772438696278126,-0.031225632252132644,-0.03192792569275382,-0.05816861090053298,,,89.37817883963862
2024-01-04,41.73,41.74,41.0,41.14,1385600.0,57167807.22,1.3326,-1.1533,41.996,42.194,42.86900000000001,42.93033333333334,44.091166666666666,,,41.996,42.194,42.86900000000001,42.93033333333334,44.091166666666666,,,42.264864919909265,42.867106341533876,42.48366013071897,28.93309222423153,44.01349072512647,-0.6022414216246119,-0.4886039914189632,-0.2272748604112974,-0.6022414216246119,-0.47578540209530856,-0.2529120390586067,44.82532200556897,42.86900000000001,40.91267799443104,38.16120212241091,38.057185813497014,38.36923474023871,35.46328779054876,34.72703897772763,36.935785416191024,0.9014263361209138,-153.29647233808527,-75.64935064935064,-0.020382893608915174,-0.02497985495568095,-0.040332174764981826,-0.04170322460420378,-0.06693328595674869,,,89.0475786606247
2024-01-05,41.12,41.49,40.83,41.07,2035141.0,83847960.21,1.9574,-0.1702,41.738,41.980000000000004,42.769999999999996,42.85,43.99533333333333,,,41.738,41.980000000000004,42.769999999999996,42.85,43.99533333333333,,,42.08103954761553,42.733987353272106,43.33333333333337,30.534351145038244,41.753472222222236,-0.6529478056565736,-0.5214727542664853,-0.2629501027801766,-0.6529478056565736,-0.5030411564893493,-0.2998132983344486,44.88196092467831,42.769999999999996,40.65803907532168,33.422022072217615,36.51213123307055,27.24180375051175,31.299849518023496,33.584642491159585,26.730263571751323,0.8575306386443846,-140.26893135173452,-77.02702702702705,-0.01600460012458669,-0.02167698904240123,-0.0397474865559971,-0.0415402567094516,-0.06649190065613007,,,98.31146208169653
2024-01-08,40.96,40.96,39.77,39.82,2249452.0,90589299.69,2.1635,-3.0436,41.148,41.672,42.587,42.749,43.87883333333333,,,41.148,41.672,42.587,42.749,43.87883333333333,,,41.73318730952084,42.51813643821491,12.202380952381034,25.437201907790225,36.01286173633443,-0.7849491286940733,-0.5741680291520029,-0.4215621990841407,-0.7849491286940733,-0.5464116137516146,-0.47707502988491735,45.04572966772417,42.587,40.12827033227584,22.805457062820103,31.94323984298707,4.52989150248618,21.348261913749745,29.505848965356307,5.033087810536614,0.9379796134363142,-179.79447845219582,-98.55491329479776,-0.03227374355983287,-0.04444231138414276,-0.06497287904759674,-0.06851622260169833,-0.09250094008880513,,,73.41174178605498
2024-01-09,39.99,40.33,39.7,40.24,1604272.0,64291160.28,1.543,1.0547,40.778,41.418,42.4155,42.65599999999999,43.799499999999995,,,40.778,41.418,42.4155,42.65599999999999,43.799499999999995,,,41.503466184979175,42.34938559093973,12.462908011869473,26.83307332293296,37.519623233908966,-0.8459194059605579,-0.6285183045137139,-0.434802202893688,-0.8459194059605579,-0.5924897356299136,-0.5068593406612887,45.02974015326575,42.4155,39.801259846734254,20.742099580341602,28.20952642210525,5.807245896814308,19.77063614762803,26.26077802611355,6.790352390656992,0.8819833200842562,-156.33375710645467,-83.38461538461542,-0.013193388591887702,-0.02844174030614702,-0.05129021230446416,-0.056639159789947255,-0.0812680510051483,,,111.0624279901588
2024-01-10,40.0,40.2,39.48,39.56,1284206.0,51088065.55,1.2351,-1.6899,40.366,41.214,42.2245,42.53633333333334,43.67216666666666,,,40.366,41.214,42.2245,42.53633333333334,43.67216666666666,,,41.20447138729007,42.14276443605531,12.462908011869473,25.36873156342189,36.797536566589706,-0.9382930487652388,-0.690473253364019,-0.4956395908024396,-0.9382930487652388,-0.6456902453430405,-0.5852056068443965,45.088310306861075,42.2245,39.36068969313892,14.596558221668708,23.67187035529307,-3.554066045580015,13.948915933192993,22.15682399514003,-2.4669001907010824,0.8598045346143923,-153.03856248738106,-97.69452449567709,-0.01996729921220823,-0.04013199398262718,-0.06310317469715442,-0.0699715537305363,-0.09415989589097541,,,84.33019581717053
2024-01-11,39.56,40.25,39.45,40.01,1512011.0,60272118.63,1.4542,1.1375,40.14,41.068,42.0845,42.444,43.575500000000005,,,40.14,41.068,42.0845,42.444,43.575500000000005,,,41.020706558476206,41.984781885236394,25.970149253731307,30.520393811533054,38.63976083707028,-0.964075326760188,-0.7451936680432528,-0.4377633174338704,-0.964075326760188,-0.6946725655610633,-0.5388055223982495,45.09766043208342,42.0845,39.071339567916574,15.064372147779093,20.802704286121745,3.5877078710937838,14.632610622128617,19.648752870802895,4.600326124780061,0.8489309828663204,-124.7853624208302,-84.00000000000014,-0.003238664673642316,-0.025762150579526636,-0.04929368294740345,-0.05734615022146839,-0.08182350173836231,,,111.97541599249415
2024-01-12,39.9,40.13,39.72,39.72,1176342.0,46917957.05,1.1314,-0.7248,39.870000000000005,40.804,41.837,42.349333333333334,43.45933333333333,,,39.870000000000005,40.804,41.837,42.349333333333334,43.45933333333333,,,40.820597857172174,41.81702026410777,27.531645569620196,34.88745980707395,35.80060422960727,-0.9964224069355936,-0.7954394158217211,-0.40196598222774504,-0.9964224069355936,-0.7410956180802218,-0.5106535777107435,44.768025328052225,41.837,38.90597467194778,12.689973588715437,18.098460720319643,1.872999325507024,12.32650231951428,17.208002687040025,2.5635015844627915,0.7691253496178991,-114.78136322303777,-92.2857142857144,-0.003762227238525349,-0.02656602293892763,-0.05060114252934016,-0.06208677035451172,-0.08604212367117155,,,92.98371302624511
2024-01-15,39.62,39.88,38.76,39.16,2133919.0,83932285.05,2.0524,-1.4099,39.738,40.443,41.5505,42.22233333333334,43.35033333333334,,,39.738,40.443,41.5505,42.22233333333334,43.35033333333334,,,40.56512126376107,41.62020394824793,23.835616438356098,32.631578947368425,33.4313005143277,-1.0550826844868553,-0.847368069554748,-0.4154292298642146,-1.0550826844868553,-0.7894013206043192,-0.5313627277650721,44.34186620011729,41.5505,38.75913379988271,12.17400281958929,16.123641420076193,4.274725618615484,11.477651913091005,15.297885762390353,3.837184214492307,0.8329207405964637,-131.3696229248313,-90.22004889975554,-0.014545271528511827,-0.03172366046040109,-0.05753240033212604,-0.07252875650327256,-0.09666207872296272,,,86.76297460742303
2024-01-16,39.01,39.29,38.32,38.83,2009925.0,77828831.47,1.9331,-0.8427,39.456,40.117,41.3185,42.07333333333333,43.26616666666667,,,39.456,40.117,41.3185,42.07333333333333,43.26616666666667,,,40.298179530874755,41.41352217430364,31.86813186813181,21.018062397372745,33.33333333333333,-1.1153426434288818,-0.9009629843295748,-0.428759318198614,-1.1153426434288818,-0.8395461395004058,-0.551593007856952,44.20771242227911,41.3185,38.42928757772089,13.086762113644301,15.11134831793223,9.037589705068449,11.870130224939064,14.155300583239924,7.299789508337348,0.8578442423061974,-139.046584272715,-87.34491315136482,-0.015865774533657864,-0.032081162599396744,-0.060227258976003534,-0.07708762478212643,-0.10253200152544148,,,91.8855193036371
2024-01-17,38.72,38.82,37.32,37.36,2505446.0,95047363.42,2.4097,-3.7857,39.016,39.690999999999995,41.031,41.87133333333334,43.150333333333336,,,39.016,39.690999999999995,41.031,41.87133333333334,43.150333333333336,,,39.846151910740176,41.113261272503365,11.904761904761813,12.167832167832145,31.271477663230243,-1.2671093617631897,-0.9741922598162978,-0.5858342038937838,-1.2671093617631897,-0.9053250967716033,-0.7235685299831727,44.29025338560507,41.031,37.77174661439493,9.044252280399153,13.088982972087871,0.9547908970217165,8.215079275147907,12.17522681387592,0.29478419769188235,0.9764180164323429,-165.8558010676398,-99.0950226244344,-0.04244412548697967,-0.058728679045627376,-0.08946893811995807,-0.10774276752591286,-0.1341897706468085,,,67.98213038319602
2024-01-18,37.2,37.92,36.78,37.87,2506346.0,93384219.33,2.4105,1.3651,38.588,39.364,40.779,41.70066666666666,43.04516666666667,,,38.588,39.364,40.779,41.70066666666666,43.04516666666667,,,39.54212853985707,40.87301969676238,26.592797783933392,19.77077363896842,24.24242424242425,-1.3308911569053095,-1.0455320392341,-0.5707182353424187,-1.3308911569053095,-0.970796798330635,-0.7201887171493488,44.201808326813584,40.779,37.35619167318642,14.721686528240554,13.633217490805432,16.898624603110797,13.190803027027098,12.513752218259647,14.544904644561996,1.006160195262826,-154.7295821240208,-76.85774946921453,-0.018606820773297488,-0.03795346001422619,-0.07133573653105779,-0.09186104139022556,-0.12022642882863355,,,114.52080064519139
2024-01-19,37.84,38.24,37.12,37.17,1963208.0,74088562.84,1.8882,-1.8484,38.077999999999996,38.974000000000004,40.477,41.50466666666667,42.943999999999996,,,38.077999999999996,38.974000000000004,40.477,41.50466666666667,42.943999999999996,,,39.17718568757137,40.59872194144664,13.212435233160605,19.140083217753087,21.78362573099416,-1.4215362538752743,-1.120732882162335,-0.6016067434258785,-1.4215362538752743,-1.0401413299528872,-0.7627898478447741,44.05883193352215,40.477,36.895168066477844,13.476429516479627,13.580954832696833,13.267378884045215,11.90391653157469,12.31047365603133,11.090802282661407,1.0268583415786767,-137.13641488162366,-90.66985645933013,-0.023845790220074433,-0.046287268435367214,-0.08170071892679782,-0.10443805515845615,-0.1344541728763039,,,82.97983362841535
2024-01-22,37.36,37.38,34.91,35.27,2840957.0,102244455.34,2.7324,-5.1116,37.3,38.519,40.0955,41.231,42.78983333333334,,,37.3,38.519,40.0955,41.231,42.78983333333334,,,38.57608019717577,40.204001797635776,9.323583180987185,15.990730011587459,21.04519774011301,-1.627921600460006,-1.2221706258218692,-0.8115019492762734,-1.627921600460006,-1.1305690638770594,-0.9947050731658931,44.18067976155388,40.0955,36.01032023844612,11.231477355555747,12.797795673649805,8.09884071936763,10.14996649460457,11.590304602222412,7.269290279368885,1.2892477340189183,-186.28419289732486,-93.35793357933568,-0.05442359249329743,-0.08434798411173694,-0.12035016398348937,-0.14457568334505586,-0.17573878530336265,,,59.173735442344174
2024-01-23,35.27,36.09,35.0,35.79,1807564.0,64513990.05,1.7385,1.4743,36.692,38.074,39.745999999999995,40.968333333333334,42.620000000000005,,,36.692,38.074,39.745999999999995,40.968333333333334,42.620000000000005,,,38.14745247453334,39.87703870151461,18.968692449355373,20.925110132158537,24.441340782122893,-1.7295862269812687,-1.3236537460537492,-0.8118649618550391,-1.7295862269812687,-1.2227255505084762,-1.013721352945585,44.05410936673946,39.745999999999995,35.43789063326053,12.980785153391734,12.858792166897114,13.224771126380972,12.259777912757617,11.813462372400814,13.152408993471226,1.2530208732882067,-170.15434847135663,-83.52059925093629,-0.02458301537119811,-0.05998844355728316,-0.09953202838021427,-0.1263984378178268,-0.16025340215861109,,,115.76103130633592
2024-01-24,35.98,36.1,34.59,35.95,2644422.0,93559525.06,2.5433,0.4471,36.410000000000004,37.713,39.463499999999996,40.720666666666666,42.46383333333333,,,36.410000000000004,37.713,39.463499999999996,40.720666666666666,42.46383333333333,,,37.80938286306667,39.58614694584686,22.623574144486682,25.782227784730892,25.630252100840366,-1.7767640827801898,-1.4142758133990374,-0.7249765387623048,-1.7767640827801898,-1.3079622477810475,-0.9376036699982846,43.994916764626225,39.463499999999996,34.93208323537377,16.83676892295911,14.18478441891778,22.14073793104177,16.182608125583997,13.269844290128542,22.008135796494905,1.2997443508721687,-145.94843462246794,-75.97173144876325,-0.01263389178797036,-0.04674780579640968,-0.08903163682896838,-0.11715590772908098,-0.15339720468006102,,,104.56153814781626
2024-01-25,35.95,37.36,35.42,37.3,3067140.0,112637502.08,2.9499,3.7552,36.29600000000001,37.442,39.254999999999995,40.537,42.330666666666666,,,36.29600000000001,37.442,39.254999999999995,40.537,42.330666666666666,,,37.731016268748725,39.41680272763598,49.41634241245134,33.52017937219725,30.724070450097813,-1.6857864588872573,-1.4685779424966814,-0.43441703278115185,-1.6857864588872573,-1.3660890494896951,-0.6393948187951244,43.78142533527155,39.254999999999995,34.72857466472844,28.300757101758464,18.89010864653134,47.122054012212715,27.09406125339772,17.877916611218268,45.52635053775663,1.4161544688954102,-91.42349873749598,-51.08303249097483,0.027661450297553188,-0.003792532450189707,-0.04980257292064701,-0.07985297382638089,-0.11884213178782921,,,144.57705395849993
2024-01-26,37.0,37.48,36.73,36.84,1984193.0,73540741.41,1.9084,-1.2332,36.230000000000004,37.153999999999996,38.979,40.276,42.194833333333335,,,36.230000000000004,37.153999999999996,38.979,40.276,42.194833333333335,,,37.593936842787386,39.2259284515148,39.882121807465644,34.36781609195398,30.426356589147275,-1.631991608727411,-1.5012606757428273,-0.2614618659691672,-1.631991608727411,-1.4069971355262667,-0.44998894640228837,43.37967411103999,38.979,34.57832588896001,34.82461820968297,24.20161183424855,56.0706309605518,32.24040126407989,22.665411495505477,51.39038080122872,1.2950354745507902,-71.19763949318519,-57.46691871455576,0.016836875517526894,-0.008451310760617779,-0.054875702301239025,-0.08531135167345316,-0.12690732277648523,,,88.32993221597395
2024-01-29,37.8,38.58,36.93,37.06,3164290.0,119634049.25,3.0433,0.5972,36.588,36.944,38.6935,40.015,42.037,,,36.588,36.944,38.6935,40.015,42.037,,,37.51179271312779,39.06548930695815,48.80694143167029,32.58559622195983,31.643132220795877,-1.5536965938303595,-1.5117478593603337,-0.08389746894005157,-1.5536965938303595,-1.4295662829576656,-0.24826062174538777,42.78891091055761,38.6935,34.59808908944239,42.680557135848545,30.361260268115217,67.3191508713152,39.011331339173836,28.11405144339493,60.805891130731645,1.3759381155415547,-46.77718795771961,-47.44680851063827,0.012900404504209066,0.0031398873971416105,-0.042216392934213705,-0.07384730725977753,-0.11839569902704752,,,106.13483145698545
2024-01-30,36.62,36.62,34.93,35.01,2669266.0,95632521.2,2.5672,-5.5316,36.432,36.562,38.3395,39.733,41.837833333333336,44.637166666666666,,36.432,36.562,38.3395,39.733,41.837833333333336,44.637166666666666,,37.126901526492745,38.76508269162792,47.26890756302515,26.979472140762425,29.96960486322186,-1.6381811651351725,-1.5370345205153018,-0.20229328923974155,-1.6381811651351725,-1.4616608802157436,-0.3530405698388579,42.42270037019448,38.3395,34.256299629805525,31.962476687056885,30.89499907442911,34.09743191231243,29.317246897510653,28.515116594766837,30.92150750299828,1.5130402763521813,-109.71947970537532,-90.07092198581572,-0.0390316205533598,-0.042448443739401556,-0.08684255141564191,-0.11886844688294364,-0.16319758432359877,-0.21567602483729928,,56.60658533305437
2024-01-31,34.61,35.14,33.28,33.39,3650156.0,123861875.81,3.5106,-4.6272,35.92,36.165000000000006,37.928000000000004,39.409,41.61266666666666,44.47325,,35.92,36.165000000000006,37.928000000000004,39.409,41.61266666666666,44.47325,,36.551993599340015,38.366928418174,29.52218430034128,24.446412754650098,27.48049052396877,-1.8149348188339829,-1.5926145801790381,-0.44464047730988954,-1.8149348188339829,-1.516010716926242,-0.5978482038154818,42.26980946998859,37.928000000000004,33.58619053001142,22.000141690742325,27.930046613200183,10.140331845826609,20.23665516437817,25.75562945130395,9.198706590526612,1.5761238624699663,-153.00546448087445,-97.92452830188681,-0.07043429844097998,-0.07673164661966003,-0.11964775363847298,-0.1527316095308178,-0.1976000897162722,-0.2492116047286852,,62.264869598850225
2024-02-01,33.25,34.22,32.7,33.41,2691843.0,90166073.46,2.589,0.0599,35.141999999999996,35.719,37.5415,39.092333333333336,41.3905,44.30675,,35.141999999999996,35.719,37.5415,39.092333333333336,41.3905,44.30675,,36.06860996867232,37.99974853534629,27.797202797202686,25.31876138433509,23.784417106033942,-1.9311385666739724,-1.660319377478025,-0.541638378391895,-1.9311385666739724,-1.5798765399643544,-0.7025240534192361,42.05233969309931,37.5415,33.030660306900685,18.691704437819116,24.850599221406497,6.373914870644356,17.516046753576347,23.00910188539475,6.529936489939544,1.5659195238390626,-156.12969061644776,-87.9251700680273,-0.04928575493711227,-0.0646434670623479,-0.11005154295912531,-0.14535671956138047,-0.19280994431089274,-0.24593882421978602,,100.60059881860136
2024-02-02,33.5,33.83,31.4,32.05,2894572.0,94158672.46,2.7839,-4.0706,34.184,35.207,37.0905,38.72033333333333,41.151666666666664,44.132333333333335,,34.184,35.207,37.0905,38.72033333333333,41.151666666666664,44.132333333333335,,35.45036228118427,37.559026421616934,4.188481675392595,25.574977000919887,20.25527192008873,-2.1086641404326656,-1.7499883300689532,-0.7173516207274249,-2.1086641404326656,-1.6612284784979408,-0.8948713238694497,41.90909763394838,37.0905,32.27190236605162,15.478777888908187,21.726658777240395,2.9830161122437744,14.69500609941301,20.23773662340084,3.609545051437358,1.723025064959233,-169.1240089700352,-90.94707520891366,-0.062426866370231704,-0.0896696679637573,-0.13589733220096795,-0.1722695224731192,-0.22117370701875178,-0.2737750855381921,,65.99569126081096
2024-02-05,31.67,32.32,29.5,30.63,4337256.0,133778437.16,4.1715,-4.4306,32.897999999999996,34.743,36.631,38.31133333333334,40.92916666666667,43.94449999999999,,32.897999999999996,34.743,36.631,38.31133333333334,40.92916666666667,43.94449999999999,,34.708768084079,37.045765205200865,3.587443946188273,19.26994906621387,19.456289978677987,-2.3369971211218683,-1.8673900882795365,-0.9392140656846637,-2.3369971211218683,-1.765192885055468,-1.1436084721328008,42.06684167694757,36.631,31.195158323052432,14.46749656617374,19.306938040218178,4.788613618084867,13.94498203984362,18.1401517622151,5.554642595100653,1.9224750531484633,-189.5144969216678,-87.55506607929516,-0.0689403611161772,-0.11838355927812805,-0.16382299145532475,-0.20049767692762813,-0.2516339203909193,-0.3029844462902068,,63.56084021152558
2024-02-06,30.03,33.66,29.98,33.16,4209641.0,134775702.96,4.0487,8.2599,32.528,34.48,36.277,37.99066666666666,40.74466666666667,43.79750000000001,,32.528,34.48,36.277,37.99066666666666,40.74466666666667,43.79750000000001,,34.47049607114377,36.75793074555636,28.33333333333327,35.26818515797204,29.682997118155583,-2.2874346744125873,-1.9513990055061468,-0.6720713378128811,-2.2874346744125873,-1.845537775725794,-0.8837937973735865,41.64496384017922,36.277,30.909036159820776,23.081121058800107,20.564999046412154,28.113365083576014,22.732778041246693,19.671027188558966,28.85627974662215,2.2420250434851057,-125.24021345501602,-59.691629955947164,0.019429414658140614,-0.03828306264501161,-0.08592220966452585,-0.12715403783385393,-0.18615115270710286,-0.24287915976939342,,221.14404581496717
2024-02-07,32.49,32.49,27.9,29.48,40477376.0,1207285285.42,19.854,-11.0977,31.746,33.833,35.773,37.586666666666666,40.482499999999995,43.635666666666665,,31.746,33.833,35.773,37.586666666666666,40.482499999999995,43.635666666666665,,33.70272744481396,36.21882476440404,23.988711194731863,31.18908382066273,25.728559533721864,-2.516097319590081,-2.0643386683229337,-0.9035173025342944,-2.516097319590081,-1.9487007824741458,-1.1347930742318701,41.70617559419716,35.773,29.83982440580284,20.318749869412315,20.48291598741221,19.990417633412527,20.08652119104337,19.809525189387102,20.640513194355904,2.7907477628514497,-169.29246634202235,-85.20599250936328,-0.07137907137907133,-0.12866136612183365,-0.17591479607525234,-0.21567931890741396,-0.2717841042425738,-0.3244058759271849,,30.841079660479625
2024-02-08,28.99,30.98,28.71,30.51,24055489.0,724514580.84,11.7991,3.4939,31.165999999999997,33.153999999999996,35.298,37.22133333333333,40.23433333333333,43.48616666666667,,31.165999999999997,33.153999999999996,35.298,37.22133333333333,40.23433333333333,43.48616666666667,,33.211538607150274,35.795948855929666,35.65737051792827,33.39622641509432,28.863090472377877,-2.584410248779392,-2.1683529844142253,-0.8321145287303331,-2.584410248779392,-2.0465022388287992,-1.0758160199011852,41.32332759537412,35.298,29.27267240462589,21.691900662005224,20.885910878943214,23.303880228129245,21.537081543092597,20.385377307288934,23.840490014699924,2.696066351423913,-143.20947685306987,-75.56179775280896,-0.021048578579220795,-0.07974904988839944,-0.13564507904130546,-0.18030878349333695,-0.2416924185811454,-0.29839757470766565,,140.97668189384066
2024-02-19,31.1,31.26,29.87,30.64,26074594.0,795286414.93,12.7895,0.4261,30.883999999999997,32.534000000000006,34.844,36.830666666666666,40.0075,43.33708333333333,,30.883999999999997,32.534000000000006,34.844,36.830666666666666,40.0075,43.33708333333333,,32.81591728297331,35.41402671845339,36.35467980295568,33.27032136105856,30.762782900251437,-2.598109435480083,-2.254304274627397,-0.687610321705372,-2.598109435480083,-2.1313648844674584,-0.9334891020252494,40.83464674480564,34.844,28.853353255194364,24.935273224211443,22.23569832736596,30.33442301790241,22.909864599265234,21.226873071281034,26.275847655233633,2.4585997420741106,-111.71574076467701,-74.3445692883895,-0.007900531019297897,-0.0582160201635214,-0.12065204913327977,-0.16808456720848564,-0.23414359807536086,-0.29298426097741537,,104.34353195124511
2024-02-20,30.5,30.5,29.77,30.19,16421209.0,493250249.41,8.0545,-1.4687,30.796,31.847,34.3955,36.41133333333334,39.772000000000006,43.18008333333333,,30.796,31.847,34.3955,36.41133333333334,39.772000000000006,43.18008333333333,,32.41193000866973,35.02706177634573,39.93506493506494,26.25250501002003,28.96609460025111,-2.6151317676760044,-2.3264697732371187,-0.5773239888777715,-2.6151317676760044,-2.2057905588072346,-0.8186824177375396,40.36870499353024,34.3955,28.42229500646976,27.166793567522188,23.879396740751368,33.741587221063824,24.027065696146256,22.160270612902774,27.76065586263322,2.169763425333363,-108.46069008980614,-73.7385321100917,-0.019677880244187495,-0.05203001852607781,-0.12226890145513214,-0.17086255195268882,-0.24092326259680186,-0.30083506863696796,,86.24690527961337
2024-02-21,30.1,31.48,29.91,30.73,21206540.0,653638121.95,10.4017,1.7887,30.310000000000002,31.419,33.9905,36.032666666666664,39.5465,43.028999999999996,,30.310000000000002,31.419,33.9905,36.032666666666664,39.5465,43.028999999999996,,32.15317154579746,34.708760904023826,50.59808612440193,29.700996677740832,31.41052631578944,-2.5555893582263636,-2.372293690234968,-0.3665913359827915,-2.5555893582263636,-2.25960575871787,-0.5919671990169872,39.79370591977969,33.9905,28.187294080220305,33.03735604923421,26.932049843578984,45.247968460544676,29.04750972744926,24.45601698441827,38.23049521351123,2.060715529818206,-85.2746785676336,-60.91160220994474,0.013856812933025342,-0.0219294057735765,-0.09592386107883076,-0.14716275971803355,-0.22294008319320296,-0.2858304864161379,,119.39729075710358
2024-02-22,30.69,31.75,30.55,31.75,19889011.0,621521072.86,9.7555,3.3192,30.764,31.254999999999995,33.709999999999994,35.70366666666667,39.348166666666664,42.89791666666667,,30.764,31.254999999999995,33.709999999999994,35.70366666666667,39.348166666666664,42.89791666666667,,32.09114515413631,34.48959342965169,39.70802919708031,33.24921135646686,33.018092105263136,-2.3984482755153778,-2.3775246072910496,-0.041847336448656236,-2.3984482755153778,-2.2809661459174864,-0.2349642591957828,39.36795946107388,33.709999999999994,28.052040538926107,43.666275589877344,32.510125092345106,65.97857658494183,39.67091365796196,29.527649208932836,59.95744255602021,1.9042217971239863,-62.158863022059414,-39.08227848101264,0.03205044857625799,0.01583746600543928,-0.05814298427766224,-0.11073559204936943,-0.19310090686139544,-0.25987081734738476,,138.61546740267417
2024-02-23,31.9,32.23,31.2,32.05,18122808.0,575240777.75,8.8892,0.9449,31.072000000000003,31.119,33.419,35.400666666666666,39.165499999999994,42.77766666666666,,31.072000000000003,31.119,33.419,35.400666666666666,39.165499999999994,42.77766666666666,,32.08481513042303,34.30888280523305,87.03170028818444,39.50354609929076,34.23756678997121,-2.2240676748100157,-2.346833220794843,0.24553109196965472,-2.2240676748100157,-2.2722125349778755,0.09628972033571959,38.76622318493171,33.419,28.071776815068283,53.12705409695527,39.38243476054849,80.61629276976882,49.774987969838605,36.27676212923476,76.7714396510463,1.745272379465079,-44.38489200393981,-30.016863406408117,0.031475283213182104,0.029917413798643832,-0.040964720667883536,-0.09464981827084243,-0.1816777521032541,-0.2507772747461681,,109.86087211096599
2024-02-26,31.81,33.07,31.76,32.59,17832582.0,578768874.37,8.7468,1.6849,31.462,31.173000000000002,33.19,35.118,38.984,42.67516666666666,,31.462,31.173000000000002,33.19,35.118,38.984,42.67516666666666,,32.16253587958872,34.18155815299356,84.89932885906043,46.9278033794163,36.487042369395304,-2.0190222734048433,-2.281271031316843,0.5244975158239997,-2.0190222734048433,-2.233260187043563,0.42847582727743916,38.24515266050889,33.19,28.134847339491103,62.55923976834059,47.10803642981253,93.4616464453967,60.32452901692949,44.292684425133004,92.38821820052246,1.6661319468350644,-21.269120186859396,-18.576388888888776,0.035852774775920276,0.04545600359285284,-0.018077734257306247,-0.07198587618884898,-0.16401600656679657,-0.23632401357542035,,118.18524670556442
2024-02-27,32.4,34.55,32.07,34.4,22148002.0,738745038.05,10.8635,5.5539,32.303999999999995,31.55,33.1465,34.93733333333333,38.84316666666667,42.580999999999996,,32.303999999999995,31.55,33.1465,34.93733333333333,38.84316666666667,42.580999999999996,,32.50676112888276,34.19773903054959,90.34334763948499,53.342336259284274,41.411399767351675,-1.6909779016668338,-2.1632124053868416,0.9444690074400155,-1.6909779016668338,-2.1498321431394505,0.9177084829452333,38.14089801967614,33.1465,28.152101980323867,74.28761347964561,56.16789544642356,110.52704954608973,72.7978063120382,53.794391720768076,110.80463549457846,1.8141079565014158,18.58996476480264,-2.25563909774434,0.06488360574541864,0.0903328050713153,0.03781696408368893,-0.015379918329962102,-0.11438734397727622,-0.1921279443883422,,171.6883476973502
2024-02-28,34.27,34.8,32.11,32.14,25314425.0,852089280.28,12.4166,-6.5698,32.586,31.448,32.964000000000006,34.66733333333333,38.66166666666666,42.48358333333333,,32.586,31.448,32.964000000000006,34.66733333333333,38.66166666666666,42.48358333333333,,32.45033633982387,34.04531391717555,65.06955177743433,50.28644175684279,40.1805869074492,-1.5949775773516777,-2.049565439779809,0.9091757248562624,-1.5949775773516777,-2.064469902249024,0.9389846497946923,37.81640862600027,32.964000000000006,28.111591373999747,68.29902201325035,60.21160430203249,84.47385743568607,69.01496266213177,58.86791536788931,89.30905725061666,1.9733610553193395,2.236967143493798,-38.550724637681114,-0.013686859387466948,0.022004578987534985,-0.024996966387574475,-0.07290244418376564,-0.16868560589731418,-0.24347247858486504,,50.684398699731034
2024-02-29,31.94,34.36,31.88,34.24,21973468.0,738804032.34,10.7779,6.5339,33.084,31.924,32.8785,34.49,38.51316666666666,42.399499999999996,,33.084,31.924,32.8785,34.49,38.51316666666666,42.399499999999996,,32.7256692106202,34.05973510849588,71.85554171855543,61.01281269066506,43.556975505857295,-1.334065897875682,-1.9064655313989838,1.1447992670466034,-1.334065897875682,-1.9521000554223558,1.2360683150933474,37.56686533065436,32.8785,28.19013466934565,75.15494774375739,65.19271878260747,95.07940566605723,76.27817434180434,64.671335025861,99.49185297369104,2.0654772270794597,23.037707525155774,-9.195402298850501,0.034941361383145894,0.07254729983711322,0.04141003999574188,-0.007248477819657872,-0.11095339689024086,-0.19244330711447058,,188.31236417764703
2024-03-01,34.25,35.33,34.16,35.0,20112019.0,700749409.11,9.8649,2.2196,33.674,32.373000000000005,32.76350000000001,34.323,38.383500000000005,42.278999999999996,,33.674,32.373000000000005,32.76350000000001,34.323,38.383500000000005,42.278999999999996,,33.07556625514017,34.12938435971841,70.91377091377092,56.29274965800275,46.156571023733605,-1.0538181045782409,-1.7359360460348354,1.364235882913189,-1.0538181045782409,-1.8139028322155688,1.5201694552746559,37.09442320290619,32.76350000000001,28.432576797093823,81.45821456298455,70.61455070939984,103.14554227015398,82.20703229501586,70.51656744891262,105.58796198722234,1.9026631857922855,78.33739047295543,-5.935251798561122,0.03937756132327613,0.08114787013869568,0.06826193782715496,0.019724383066748234,-0.08814985605794168,-0.1721658506587194,,124.54975668416827
2024-03-04,35.2,35.4,34.2,34.76,13168890.0,458396542.44,6.4593,-0.6857,34.108,32.785,32.6595,34.157666666666664,38.2535,42.14258333333333,,34.108,32.785,32.6595,34.157666666666664,38.2535,42.14258333333333,,33.33470990819553,34.1760966293689,67.5745784695201,73.61359570661895,49.04027098231087,-0.8413867211733717,-1.5570261810625428,1.4312789197783422,-0.8413867211733717,-1.6642849689783077,1.645796495609872,36.66599722326092,32.6595,28.653002776739083,83.75295664247543,74.99401935375838,101.27083121990952,84.34879713687855,75.12731067823461,102.79177005416642,1.7749062429209599,86.94711725321973,-11.367673179396103,0.019115749970681398,0.060240963855421735,0.064315130360232,0.01763391332350963,-0.09132497679950866,-0.17518108168499394,,93.35062592114237
2024-03-05,34.59,34.79,33.59,33.91,12896755.0,439927516.07,6.3258,-2.4453,34.01,33.157,32.501999999999995,33.98266666666667,38.10249999999999,41.991,,34.01,33.157,32.501999999999995,33.98266666666667,38.10249999999999,41.991,,33.423216076165446,34.15638576793417,58.22942643391517,65.45454545454544,46.50557620817843,-0.7331696917687225,-1.3922548832037789,1.3181703828701128,-0.7331696917687225,-1.5210364647922177,1.5757335460469903,35.99485948306233,32.501999999999995,29.009140516937663,78.92808793347157,76.30537554699612,84.17351270642249,80.51911308821653,76.92457814822859,87.7081829681924,1.670377835117148,74.43795564716201,-27.140255009107513,-0.0029403116730373838,0.02271013662273427,0.043320411051627636,-0.0021383450386472575,-0.11003215012138301,-0.19244600033340487,,78.06928825930974
2024-03-06,33.59,34.28,33.13,33.73,11107313.0,373612781.68,5.4481,-0.5308,34.327999999999996,33.457,32.438,33.812666666666665,37.943,41.845416666666665,,34.327999999999996,33.457,32.438,33.812666666666665,37.943,41.845416666666665,,33.470413602909225,34.12480163697608,44.75743348982785,63.981900452488674,45.87667161961365,-0.6543880340668551,-1.2446815133763942,1.1805869586190783,-0.6543880340668551,-1.3877059369883158,1.4666358058429214,35.78106257321314,32.438,29.094937426786863,72.69809036834612,75.10294715411278,67.88837679681276,75.53507882857045,76.46141170834255,73.68241306902624,1.5757636832776662,64.8390380816795,-34.4329896907217,-0.017420181775809805,0.008159727411303946,0.03982982921265166,-0.0024448431554250348,-0.11103497351290097,-0.19393800595445543,,94.81684803402437
2024-03-07,33.89,34.33,32.94,33.05,12134310.0,407367403.52,5.9518,-2.016,34.089999999999996,33.587,32.421,33.669,37.77016666666667,41.69050000000001,,34.089999999999996,33.587,32.421,33.669,37.77016666666667,41.69050000000001,,33.405734587077035,34.04518670090378,59.45945945945942,62.677304964539,41.904761904761905,-0.6394521138267422,-1.123635633466464,0.9683670392794435,-0.6394521138267422,-1.2725899641942275,1.2662757007349708,35.74709396328922,32.421,29.094906036710782,60.278580392084194,70.16149156676993,40.51275804271273,65.03925890158663,72.65402743942391,49.80972182591208,1.5419884681362725,53.618993427508805,-55.952380952381,-0.030507480199471963,-0.015988328817697503,0.01940100552111279,-0.018384864415337546,-0.12497076616906652,-0.20725345102601334,,81.57390002972824
2024-03-08,33.19,33.98,32.81,33.77,11482289.0,386001921.34,5.632,2.1785,33.843999999999994,33.759,32.439,33.532333333333334,37.616499999999995,41.553916666666666,,33.843999999999994,33.759,32.439,33.532333333333334,37.616499999999995,41.553916666666666,,33.46177541983442,34.024802500836834,43.14868804664726,63.263525305410134,44.209732176537145,-0.5630270810024172,-1.0115139229736545,0.8969736839424747,-0.5630270810024172,-1.1634264437031798,1.2007987254015253,35.79142190536579,32.439,29.086578094634213,58.083447534116786,66.13547688921889,41.979388823912586,61.76609934098453,69.02471807327746,47.24886187639868,1.4743542012024038,57.24109283684385,-44.780219780219696,-0.0021865027774492073,0.0003258390355165374,0.04103085791793838,0.0070876865115262686,-0.10225565908577333,-0.1873208903292308,,124.04977135721676
2024-03-11,33.5,34.37,33.2,34.3,10824377.0,366489564.68,5.3093,1.5694,33.751999999999995,33.92999999999999,32.551500000000004,33.43666666666667,37.47066666666667,41.410583333333335,,33.751999999999995,33.92999999999999,32.551500000000004,33.43666666666667,37.47066666666667,41.410583333333335,,33.5907330475522,34.045187500774844,39.062499999999964,61.622607110300805,44.854586129753905,-0.4544544532226453,-0.9001020290234527,0.8912951516016148,-0.4544544532226453,-1.0543538297830974,1.1997987531209042,35.998630156490606,32.551500000000004,29.104369843509403,61.638965022744514,64.6366396003941,55.643615867445334,64.09406622732301,67.38116745795932,57.51986376605038,1.4190170737110566,71.37825780699679,-31.250000000000043,0.016236074899265283,0.01090480400825242,0.05371488257069544,0.02581995812979752,-0.08461730064405959,-0.1717093255146129,,116.85050511412555
2024-03-12,34.28,34.89,34.03,34.35,10037518.0,344885045.47,4.9234,0.1458,33.839999999999996,33.925,32.7375,33.406,37.3185,41.29099999999999,,33.839999999999996,33.925,32.7375,33.406,37.3185,41.29099999999999,,33.707543347928784,34.06776620442115,43.18936877076418,60.72761194029852,48.67042707493957,-0.3602228564923635,-0.792126194517235,0.8638066760497429,-0.3602228564923635,-0.9475644492768307,1.1746831855689344,36.149348549732714,32.7375,29.325651450267276,64.48279486364788,64.5853580214787,64.27766854798625,66.11952900003355,66.9606213053174,64.43734438946586,1.3173776057635915,85.0259282794767,-29.829545454545375,0.015070921985815756,0.012527634487840953,0.049255441008018465,0.028258396695204534,-0.07954499778930019,-0.16809958586616913,,101.46732555613266
2024-03-13,34.59,34.79,33.94,34.03,10191158.0,349972941.07,4.9987,-0.9316,33.9,34.114,32.781,33.34733333333334,37.15783333333333,41.16675,,33.9,34.114,32.781,33.34733333333334,37.15783333333333,41.16675,,33.75715206363205,34.064968707797355,52.419354838709765,56.85714285714285,51.36054421768707,-0.30781664416530674,-0.6952642844468494,0.7748952805630853,-0.30781664416530674,-0.8491417100289039,1.0826501317271944,36.23742285424771,32.781,29.324577145752286,58.6899456105143,62.62022055115723,50.82939572922842,64.43953448487088,66.12025903183523,61.078085390942164,1.2323998592611205,70.14741454064165,-38.920454545454476,0.003834808259587096,-0.002462332180336404,0.03810133919038475,0.020471402011155188,-0.08417695685521658,-0.17336199724292053,,91.06512268122464
2024-03-14,33.82,34.16,33.14,33.52,9478920.0,319150820.43,4.6494,-1.4987,33.994,34.042,32.983,33.266333333333336,36.9935,41.03816666666667,,33.994,34.042,32.983,33.266333333333336,36.9935,41.03816666666667,,33.72066713076558,34.02460065536792,46.26334519572965,45.21739130434785,50.22907122032487,-0.3039335246023427,-0.6169981324779481,0.6261292157512108,-0.3039335246023427,-0.7652635276555868,0.9226600061064882,36.08074179210014,32.983,29.88525820789985,48.264339544718695,57.83492688234439,29.123164869467303,52.097398794289745,61.44597228598674,33.40025181089575,1.193781703031825,35.95298260762831,-72.58687258687252,-0.013943637112431507,-0.015333999177486589,0.016281114513537465,0.007625326907083264,-0.09389487342370942,-0.18319937943946485,,85.98458680545869
2024-03-15,33.35,33.74,33.04,33.74,7898546.0,263255840.31,3.8742,0.6563,33.988,33.916000000000004,33.1445,33.147666666666666,36.842333333333336,40.91733333333333,,33.988,33.916000000000004,33.1445,33.147666666666666,36.842333333333336,40.91733333333333,,33.72364141834011,34.00351912534067,64.68085106382989,61.1731843575419,53.69479667686928,-0.2798777070005585,-0.5495740473824702,0.5393926807638234,-0.2798777070005585,-0.6905887860163517,0.8214221580315864,36.02882040704979,33.1445,30.26017959295021,47.08007251699196,54.249975427226914,32.74026669652207,46.70071116530515,56.53088524575955,27.04036300439634,1.1040032115714937,25.53399243256448,-64.09266409266405,-0.007296692950453029,-0.005189291189998877,0.0179667818190047,0.017869533300483777,-0.08420566920300018,-0.17541058394160575,,106.76052061546648
2024-03-18,33.85,34.53,33.73,34.52,10098758.0,345017217.94,4.9534,2.3118,34.032000000000004,33.892,33.338499999999996,33.07033333333333,36.67316666666667,40.81233333333333,,34.032000000000004,33.892,33.338499999999996,33.07033333333333,36.67316666666667,40.81233333333333,,33.84615812321086,34.04177696790802,65.56016597510376,52.397260273972606,58.749437696806126,-0.19561884469715807,-0.47878300684540775,0.5663283242964994,-0.19561884469715807,-0.6144395642749372,0.8376414391555582,36.028968751957684,33.338499999999996,30.648031248042308,58.79056116517417,55.76350400654267,64.84467548243718,58.537653597382956,57.19980802963402,61.21334473288083,1.0487299003766775,67.04891437206955,-17.78846153846143,0.014339445228020671,0.01852944647704473,0.035439506876434365,0.043835864974650175,-0.05871231917978169,-0.1541772503409915,,125.6773711807907
2024-03-19,34.45,34.76,34.06,34.07,7949032.0,272696198.7,3.899,-1.3036,33.976000000000006,33.908,33.532500000000006,32.970666666666666,36.49283333333334,40.71058333333333,,33.976000000000006,33.908,33.532500000000006,32.970666666666666,36.49283333333334,40.71058333333333,,33.88059533502458,34.0438675628778,45.06437768240352,41.59132007233275,52.25806451612903,-0.16327222785321993,-0.4156808510469702,0.5048172463875006,-0.16327222785321993,-0.5450292048254421,0.7635139539444444,35.792112216381106,33.532500000000006,31.272887783618906,59.38601513575712,56.97100771628082,64.2160299747097,59.21741009056298,57.872342049943676,61.9075461718016,0.9853244639445535,69.98505607463501,-39.42307692307697,0.002766658817988994,0.004777633596791289,0.0160292253783641,0.03334276933031383,-0.0663920313120842,-0.16311687992680032,,87.70280128678817
2024-03-20,34.15,34.32,33.86,34.18,6235185.0,212787296.2,3.0583,0.3229,34.00600000000001,33.953,33.705,32.943,36.338,40.607499999999995,,34.00600000000001,33.953,33.705,32.943,36.338,40.607499999999995,,33.926657591174646,34.05395144710908,46.44351464435143,44.62962962962965,64.17370325693605,-0.12729385593443254,-0.3580034520244627,0.46141919218006033,-0.12729385593443254,-0.48076222807297914,0.7069367442770932,35.55306584526059,33.705,31.856934154739406,61.5458049622996,58.495940131620415,67.64553462365797,61.43340159883684,59.05936189957474,66.18148099736104,0.8898109250455439,50.373888874548,-34.13461538461545,0.005116744103981425,0.006685712602715423,0.014092864560154322,0.03754970706978727,-0.05938686774175797,-0.15828356830634724,,103.27596178916139
2024-03-21,34.38,34.87,34.2,34.42,11508631.0,397979410.16,5.6449,0.7022,34.186,34.09,33.838499999999996,32.977333333333334,36.19316666666667,40.506416666666674,,34.186,34.09,33.838499999999996,32.977333333333334,36.19316666666667,40.506416666666674,,34.00255642330162,34.08106615473063,58.44155844155844,55.32359081419629,62.38125395820139,-0.07850973142900841,-0.30210470790537186,0.4471899529527269,-0.07850973142900841,-0.41887722858929133,0.6807349943205658,35.464321573688636,33.838499999999996,32.212678426311356,65.89540150639796,60.96242725654626,75.76135000610137,66.75688311717329,61.62520230544092,77.02024474063802,0.8534816659463537,83.81234567901154,-22.59615384615381,0.006844907271982735,0.009680258140217021,0.01718456787387164,0.04374722031294225,-0.04899175258681431,-0.15025808668173982,,107.24772194190012
2024-03-22,34.35,34.63,33.48,33.48,10242379.0,347925948.73,5.0239,-2.731,34.134,34.06099999999999,33.91,32.97966666666667,36.03600000000001,40.402,,34.134,34.06099999999999,33.91,32.97966666666667,36.03600000000001,40.402,,33.922163127409064,34.036542735861694,49.27007299270062,47.74774774774775,58.55421686746987,-0.11437960845263007,-0.2645596880148235,0.30036015912438685,-0.11437960845263007,-0.37203144087595885,0.5153036648466576,35.31549298337399,33.91,32.504507016626,51.85819559885986,57.9276833706508,39.71922005527799,52.43251667271008,58.56097376119731,40.17560249573562,0.9073940903197448,-4.052098408104018,-76.21621621621635,-0.01915978203550722,-0.017057631895716394,-0.012680625184311406,0.015170963927268221,-0.07092907092907123,-0.17132815207167973,,75.81337546222814
2024-03-25,33.26,33.26,32.21,32.21,9849381.0,321165434.13,4.8311,-3.7933,33.672,33.852000000000004,33.891000000000005,32.985,35.85266666666667,40.292249999999996,,33.672,33.852000000000004,33.891000000000005,32.985,35.85266666666667,40.292249999999996,,33.65875341549997,33.901243273946015,29.81530343007917,43.15960912052121,55.79793340987371,-0.2424898584460422,-0.26014572210106723,0.035311727310050056,-0.2424898584460422,-0.35210196665597165,0.2192242164198589,35.37945239302893,33.891000000000005,32.40254760697108,34.57213039923991,50.14249904684717,3.431393104025389,34.95501111514006,50.692319545844896,3.4803942537303953,0.9733224375343359,-195.13026540053536,-100.0,-0.04341886433832253,-0.04850525818267762,-0.049600188840695295,-0.02349552827042591,-0.10160099667156335,-0.20059068431273994,,67.92861424235291
2024-03-26,32.17,32.48,31.41,31.75,6441971.0,205680794.18,3.1598,-1.4281,33.208,33.592,33.758500000000005,33.02233333333333,35.66683333333334,40.176,,33.208,33.592,33.758500000000005,33.02233333333333,35.66683333333334,40.176,,33.36509904388459,33.741891920320384,10.086455331412125,32.823129251700664,52.94117647058823,-0.3767928764357933,-0.28347515296801246,-0.18663544693556167,-0.3767928764357933,-0.3559005681605596,-0.04178461655046739,35.50551278879356,33.758500000000005,32.01148721120645,26.323616797951853,42.20287163054874,-5.434892867241928,26.578870608551952,42.65450323341392,-5.572394641171982,0.990900176164456,-232.72112131464465,-90.17341040462428,-0.04390508311250296,-0.05483448440104784,-0.059496126901373125,-0.03852948004885569,-0.10981724384465501,-0.2097272003185982,,86.60242400045408
2024-03-27,31.78,31.89,30.5,30.53,7091824.0,220198679.26,3.4785,-3.8425,32.478,33.242000000000004,33.678,32.934666666666665,35.462666666666664,40.03566666666667,,32.478,33.242000000000004,33.678,32.934666666666665,35.462666666666664,40.03566666666667,,32.92892996021004,33.50397400029665,8.254716981132106,21.308980213089868,46.52223489167617,-0.5750440400866097,-0.3417889303917319,-0.46651021938975556,-0.5750440400866097,-0.38961494845687505,-0.3708581832594693,35.838473632282316,33.678,31.517526367717682,17.77791081724633,34.06121802611461,-14.78870360049023,17.94808002431306,34.419028830380306,-14.993817587821425,1.0634637804981915,-273.70689655172487,-99.31350114416473,-0.05997906275016936,-0.08158353889657671,-0.09347348417364441,-0.07301323833043188,-0.1390946347332405,-0.237429958287194,,67.58195435960073
2024-03-28,30.53,31.46,30.53,30.9,7503509.0,232712082.52,3.6804,1.2119,31.774,32.980000000000004,33.510999999999996,32.982,35.28433333333333,39.90508333333333,,31.774,32.980000000000004,33.510999999999996,32.982,35.28433333333333,39.90508333333333,,32.616786889408495,33.311087037311715,13.555555555555543,24.963715529753244,46.73480976717775,-0.6943001479032205,-0.4122911738940297,-0.5640179480183816,-0.6943001479032205,-0.4364895945255436,-0.5156211067553538,35.9825211595499,33.510999999999996,31.039478840450094,14.90304657076528,27.675160874331503,-10.64118203636717,15.016492708809768,27.951516789856797,-10.853555453284287,1.0391976385894293,-212.57217207449028,-90.84668192219682,-0.027506766538679495,-0.06306852637962417,-0.07791471457133471,-0.06312534109514283,-0.12425722464172005,-0.22566256178724095,,112.80198738354765
2024-03-29,30.9,31.13,30.55,31.11,5151267.0,158757586.93,2.5267,0.6796,31.3,32.717,33.3165,33.001999999999995,35.11166666666667,39.77758333333333,,31.3,32.717,33.3165,33.001999999999995,35.11166666666667,39.77758333333333,,32.38497352180719,33.1480435530664,12.975391498881393,28.46607669616519,45.71759259259259,-0.7630700312592111,-0.482446945367066,-0.5612461717842903,-0.7630700312592111,-0.4867327386384155,-0.5526745852415913,35.90416527567708,33.3165,30.72883472432292,14.588301070060147,23.31287427290772,-2.8608453356349983,14.663931828756471,23.522321802823356,-3.052848119377302,0.9557071588458963,-170.2122737000412,-86.04118993135012,-0.006070287539936143,-0.04911819543356663,-0.06622844536490924,-0.05732985879643646,-0.11396971566905602,-0.21790120482432526,,107.00777079171718
2024-04-01,31.15,31.63,31.15,31.56,5155254.0,162219157.02,2.5286,1.4465,31.169999999999998,32.421,33.1565,33.032666666666664,34.931666666666665,39.65358333333334,,31.169999999999998,32.421,33.1565,33.032666666666664,34.931666666666665,39.65358333333334,,32.25805451845224,33.030410697283706,25.879396984924597,35.41666666666664,41.08040201005026,-0.7723561788314655,-0.5404287920599459,-0.46385477354303917,-0.7723561788314655,-0.5306748063604232,-0.48336274494208453,35.76400556339875,33.1565,30.548994436601255,17.810965015432924,21.478904520416123,10.475086005466522,17.861385521230474,21.635343042292398,10.313470479106627,0.8764876754193696,-111.884278002699,-75.74370709382153,0.012512030798845062,-0.026556861293606016,-0.04815043807398255,-0.044582130819996325,-0.09652178061930435,-0.20410723705087613,,115.44359280310901
2024-04-02,31.6,31.62,31.06,31.21,4429989.0,138446331.32,2.1729,-1.109,31.062,32.135000000000005,33.021499999999996,33.06666666666667,34.739000000000004,39.53033333333334,,31.062,32.135000000000005,33.021499999999996,33.06666666666667,34.739000000000004,39.53033333333334,,32.09681536176728,32.89556546044788,33.66013071895422,31.532846715328475,46.68094218415418,-0.7987500986805998,-0.5920930533840767,-0.41331409059304614,-0.7987500986805998,-0.5719171590250658,-0.45366587931106794,35.741881358714174,33.021499999999996,30.301118641285818,17.289689872988856,20.08249963794037,11.704070343085824,17.323303543520556,20.197996542701784,11.573917545158103,0.8189444617067573,-103.31474597273856,-83.75286041189929,0.0047646642199471925,-0.02878481406566062,-0.054858198446466555,-0.05614919354838717,-0.10158611358991344,-0.21047971599868465,,89.44740411668754
2024-04-03,31.6,31.89,31.04,31.16,6860318.0,215140194.01,3.365,-0.1602,31.188,31.833,32.893,33.081,34.55683333333333,39.40933333333333,,31.188,31.833,32.893,33.081,34.55683333333333,39.40933333333333,,31.952689921495388,32.76700505597026,38.86792452830187,22.54901960784312,37.123745819397996,-0.8143151344748709,-0.6365374696022356,-0.3555553297452707,-0.8143151344748709,-0.6092091552481127,-0.41021195845351643,35.713422514073415,32.893,30.072577485926587,16.853336428643093,19.006111901507946,12.54778548291339,16.58319397180547,18.993062352403015,11.763457210610383,0.8245909232146198,-86.78023293784699,-84.8970251716247,-0.000897781197896585,-0.02114158263437308,-0.052685981819840105,-0.05806958677186309,-0.09829700830998202,-0.20932435632845003,,98.40944971995913
2024-04-08,30.88,30.88,30.07,30.07,6687334.0,202845530.66,3.2801,-3.4981,31.022,31.397999999999996,32.744,33.025,34.364333333333335,39.27741666666667,,31.022,31.397999999999996,32.744,33.025,34.364333333333335,39.27741666666667,,31.663045318188402,32.567226903676165,40.873015873015845,20.414201183431942,29.943043124491467,-0.9041815854877626,-0.6900662927793411,-0.4282305854168431,-0.9041815854877626,-0.6545895291311358,-0.4991841127132537,35.8316964672198,32.744,29.6563035327802,11.235557619095397,16.415927140703765,0.8748185758786633,11.055462647870316,16.347195784225452,0.471996375160046,0.8728471189937798,-121.87266751615493,-100.0,-0.03068789891045059,-0.04229568762341538,-0.08166381627168334,-0.08947766843300525,-0.12496483757384112,-0.2344201184310747,,70.04220199060941
2024-04-09,30.07,30.77,30.07,30.75,4919513.0,149699930.79,2.413,2.2614,30.95,31.125,32.593,32.98166666666666,34.19116666666666,39.14116666666666,,30.95,31.125,32.593,32.98166666666666,34.19116666666666,39.14116666666666,,31.522576807697877,32.432617503403854,47.34982332155479,26.60300136425647,34.2498036135114,-0.9100406957059768,-0.7340611733646683,-0.3519590446826171,-0.9100406957059768,-0.6938897086041883,-0.43230197420357697,35.76369542430073,32.593,29.422304575699275,16.89562762434853,16.57582730191869,17.53522826920821,14.475846571934445,15.723412713461784,11.980714288879767,0.8414203700858196,-99.33723196881103,-78.6833855799373,-0.0064620355411954536,-0.012048192771084338,-0.05654588408553994,-0.06766385365607143,-0.10064490341072482,-0.21438212964185185,,125.0595668391613
2024-04-10,30.6,30.69,29.83,30.01,4229638.0,127649940.39,2.0746,-2.4065,30.640000000000004,30.905,32.378499999999995,32.89566666666666,34.00683333333333,39.001083333333334,,30.640000000000004,30.905,32.378499999999995,32.89566666666666,34.00683333333333,39.001083333333334,,31.289872683436663,32.25316435500357,33.630952380952394,21.839080459770102,34.54833597464345,-0.9632916715669069,-0.7799072730051161,-0.36676879712358157,-0.9632916715669069,-0.7353361644446065,-0.4559110142446008,35.64204844012616,32.378499999999995,29.11495155987383,14.17637310878904,15.77600923754214,10.977100851282842,11.9147153246859,14.453846917203158,6.836452139651385,0.8557075755247617,-103.4441178687164,-93.20754716981119,-0.02056135770234995,-0.028959715256430985,-0.07315039300770555,-0.08772178706415218,-0.11753030028278624,-0.2305341945629715,,78.38063058641735
2024-04-11,29.82,30.41,29.19,29.89,6268587.0,187266698.48,3.0747,-0.3999,30.375999999999998,30.719,32.1555,32.745333333333335,33.84133333333333,38.860083333333336,,30.375999999999998,30.719,32.1555,32.745333333333335,33.84133333333333,38.860083333333336,,31.074507655215637,32.07811514352183,22.442244224422453,24.39372325249643,34.71337579617837,-1.0036074883061907,-0.824647316065331,-0.3579203444817194,-1.0036074883061907,-0.7766086758079271,-0.4539976249965272,35.46107089583111,32.1555,28.8499291041689,18.09289071450133,16.548303063195206,21.182066017113577,16.585118858432573,15.164270897612964,19.42681478007179,0.9219425617929866,-107.94391824153473,-74.07407407407409,-0.01599947326836967,-0.02698655555193856,-0.07045451011491044,-0.08719817582149113,-0.11676056892951413,-0.23083026498913842,,96.07252302367633
2024-04-12,29.89,30.28,29.6,29.61,4549146.0,136295660.56,2.2313,-0.9368,30.066000000000003,30.627000000000002,31.934499999999996,32.660999999999994,33.66416666666667,38.731833333333334,,30.066000000000003,30.627000000000002,31.934499999999996,32.660999999999994,33.66416666666667,38.731833333333334,,30.849198785182463,31.89529179955725,22.97297297297297,28.40531561461792,35.85526315789474,-1.0460930143747866,-0.8689364557272222,-0.3543131172951288,-1.0460930143747866,-0.8180678048182133,-0.4560504191131467,35.30281349334809,31.934499999999996,28.566186506651903,17.247112328186052,16.781239484858823,18.178858014840515,16.24193109080688,15.523490962010937,17.678811348398764,0.8779530051033525,-99.68954024562875,-84.44444444444451,-0.015166633406505788,-0.03320599471054961,-0.07278961624575293,-0.0934141636814548,-0.12042973488130308,-0.23551256287894112,,91.01750440927205
2024-04-15,29.43,30.16,29.25,29.79,5378649.0,160081620.12,2.6382,0.6079,30.01,30.516,31.748,32.51266666666667,33.501333333333335,38.58675,,30.01,30.516,31.748,32.51266666666667,33.501333333333335,38.58675,,30.686245125923623,31.739344258849304,27.831715210355966,32.92682926829265,32.874354561101526,-1.0530991329256807,-0.9057689911669139,-0.2946602835175336,-1.0530991329256807,-0.8542264706809005,-0.39774532448956035,35.15945809233919,31.748,28.33654190766081,18.905482292864754,17.4893204208608,21.737806036872662,18.235361467945303,16.427447797322394,21.85118880919112,0.8837797314481975,-96.43203771317661,-77.77777777777784,-0.007330889703432269,-0.023790798269760098,-0.06167317626307175,-0.08374172117533685,-0.11078166043142568,-0.22797333281502077,,106.24804759986387
2024-04-16,29.78,29.78,28.59,28.63,5997828.0,173769907.53,2.9419,-3.8939,29.586000000000002,30.268,31.4925,32.300333333333334,33.31166666666666,38.44358333333333,,29.586000000000002,30.268,31.4925,32.300333333333334,33.31166666666666,38.44358333333333,,30.369899721935376,31.5090224618975,27.2151898734177,33.27464788732392,26.857142857142875,-1.1391227399621258,-0.9524397409259563,-0.37336599807233894,-1.1391227399621258,-0.8980566659549352,-0.4821321480143812,35.038557113559875,31.4925,27.946442886440128,13.007695265950233,15.995445369223944,7.0321950594028095,12.560948049337266,15.138614547994019,7.405615052023759,0.9412743257303432,-120.82756051274285,-98.78787878787881,-0.03231258027445424,-0.0541165587419057,-0.09089465745812497,-0.11363143827205091,-0.14054135187872102,-0.2552723363023304,,67.22153851800886
2024-04-17,28.8,29.79,28.8,29.77,6123930.0,179932909.21,3.0038,3.9818,29.538,30.089000000000006,31.255000000000003,32.134,33.145833333333336,38.30258333333334,,29.538,30.089000000000006,31.255000000000003,32.134,33.145833333333336,38.30258333333334,,30.277607457022242,31.38020598323843,36.46408839779005,41.24031007751939,32.833583208395794,-1.1025985262161875,-0.9824714979840026,-0.24025405646436981,-1.1025985262161875,-0.9295246444566663,-0.3461477635190424,34.57644863766227,31.255000000000003,27.93355136233774,20.590988763158734,17.52729316720221,26.718379955071782,20.29315728541676,16.856795460468266,27.16588093531375,0.9810426301430081,-96.05019370052221,-64.24242424242425,0.007854289389938362,-0.010601881086111407,-0.04751239801631748,-0.0735669384452605,-0.10184789440603402,-0.22276782897585248,,147.76611876097087
2024-04-18,29.61,30.13,29.29,29.7,4969917.0,147828225.36,2.4377,-0.2351,29.5,29.938,31.036499999999997,31.993666666666666,32.988166666666665,38.169250000000005,,29.5,29.938,31.036499999999997,31.993666666666666,32.988166666666665,38.169250000000005,,30.188744771326512,31.25574628077632,44.74576271186437,38.82725832012678,33.46065699006874,-1.0670015094498098,-0.9993775002771641,-0.13524801834529132,-1.0670015094498098,-0.9506749313786884,-0.2326531561422427,34.14645193735022,31.036499999999997,27.926548062649772,29.884531082280493,21.646372472228304,46.36084830238487,24.74089273573238,19.484827885556307,35.25302243608452,0.955398515571552,-78.58567945023262,-66.36363636363639,0.006779661016949128,-0.007949762843209284,-0.04306220095693772,-0.07169127223096239,-0.09967715696032413,-0.22188672819088676,,97.6733642364701
2024-04-19,29.48,29.56,28.91,28.99,4741196.0,138204705.7,2.3255,-2.3906,29.375999999999998,29.721000000000004,30.776999999999997,31.835666666666665,32.82416666666667,38.04516666666667,,29.375999999999998,29.721000000000004,30.776999999999997,31.835666666666665,32.82416666666667,38.04516666666667,,30.00432249881474,31.087913222941037,37.288135593220325,30.441400304414003,32.95711060948081,-1.0835907241262959,-1.0162201450469905,-0.13474115815861065,-1.0835907241262959,-0.9711235148783204,-0.22493441849595097,33.63875580995064,30.776999999999997,27.91524419004936,26.039228672590646,23.110657872349087,31.89637027307377,22.316344793253883,20.428666854788833,26.09170067018399,0.9253260581949059,-104.32939751740838,-82.53275109170312,-0.0131399782135076,-0.024595403923152154,-0.05806283913311886,-0.08938611829499409,-0.11680926146893818,-0.2380109606564128,,78.50867727678462
2024-04-22,28.8,29.25,28.41,29.08,3628537.0,104989489.01,1.7798,0.3105,29.233999999999998,29.622000000000003,30.51,31.703333333333333,32.686166666666665,37.91824999999999,,29.233999999999998,29.622000000000003,30.51,31.703333333333333,32.686166666666665,37.91824999999999,,29.862119037458626,30.93917891013059,42.08955223880596,33.122028526148966,32.29483282674772,-1.0770598726719633,-1.028388090571985,-0.09734356419995649,-1.0770598726719633,-0.9874214160773424,-0.179276913189242,32.897837603575525,30.51,28.12216239642448,27.15480741915397,24.45870772128405,32.547006814893805,24.34084003166076,21.73272458041281,29.557070934156663,0.9098122294321956,-113.36463961310363,-71.6101694915255,-0.005267838817814871,-0.018297211531969653,-0.046869878728285914,-0.08274629376511412,-0.11032699867935977,-0.23308696999465947,,103.1482509815992
2024-04-23,29.12,29.29,28.85,28.92,3357292.0,97506756.17,1.6467,-0.5502,29.292,29.439000000000004,30.282,31.541666666666668,32.537,37.79108333333333,,29.292,29.439000000000004,30.282,31.541666666666668,32.537,37.79108333333333,,29.717177647080376,30.78961010197277,36.936936936936966,32.554517133956395,27.671451355661873,-1.0724324548923931,-1.0371969634360667,-0.07047098291265286,-1.0724324548923931,-1.000500037433504,-0.14386483491777824,32.32113913724621,30.282,28.24286086275379,26.60320494610267,25.173540129556926,29.46253457919417,23.683367038651056,22.382938733158895,26.28422364963538,0.824391824080887,-101.73366355496266,-77.63157894736837,-0.012699713232281848,-0.017629674921023197,-0.04497721418664548,-0.08311756935270803,-0.11116574976180955,-0.23474011726752117,,94.63218424840993
2024-04-24,29.01,29.38,28.68,29.36,5415009.0,157555674.54,2.656,1.5214,29.21,29.373999999999995,30.139499999999998,31.377,32.40683333333333,37.67541666666666,,29.21,29.373999999999995,30.139499999999998,31.377,32.40683333333333,37.67541666666666,,29.662227239837243,30.683713057382196,63.98467432950194,43.84748700173309,31.205107741420576,-1.0214858175449528,-1.0340547342578439,0.02513783342578213,-1.0214858175449528,-1.0037286189891115,-0.035514397111682694,32.00202205921142,30.139499999999998,28.276977940788573,34.669516309879484,28.338865522997782,47.33081788364289,31.622244692434027,25.462707386250607,43.94131930480087,0.8017751287934527,-86.2738616643256,-52.500000000000036,0.005135227661759623,-0.0004766119697690405,-0.025863070057565614,-0.06428275488415079,-0.09401823689448209,-0.22071200274272565,,116.29944071708489
2024-04-25,29.23,30.05,28.91,29.69,6898513.0,204173250.84,3.3837,1.124,29.208,29.353999999999996,30.0365,31.22166666666667,32.313833333333335,37.551833333333335,,29.208,29.353999999999996,30.0365,31.22166666666667,32.313833333333335,37.551833333333335,,29.666499972169976,30.61010468276129,47.77777777777782,40.22140221402215,32.3921568627451,-0.9436047105913126,-1.0159647295245375,0.14472003786644994,-0.9436047105913126,-0.9944787869279116,0.10174815267319803,31.74553820289187,30.0365,28.327461797108132,47.4939632542054,34.72389810006699,73.03409356248221,43.897895748610225,31.607770173703816,68.47814689842306,0.8632705599219159,-46.54300168634083,-31.55080213903741,0.01650232812927975,0.011446480888465138,-0.01153596457643197,-0.049057812416591136,-0.08119845473816684,-0.20935950752515411,,111.8256583115434
2024-04-26,29.53,30.28,29.46,30.16,6804669.0,203987380.73,3.3377,1.583,29.442,29.409,30.018,31.092666666666666,32.22,37.419999999999995,,29.442,29.409,30.018,31.092666666666666,32.22,37.419999999999995,,29.742423053374594,30.57676359514934,60.454545454545496,51.45631067961164,33.59013867488443,-0.8343405417747469,-0.9796398919745795,0.29059870039966507,-0.8343405417747469,-0.9698421338274247,0.2710031841053555,31.71249386947274,30.018,28.32350613052726,62.85693806964851,44.1015780899275,100.36765802909053,60.459559732585056,41.22503335999757,98.92861247776003,0.8554031853906585,-4.872636047857933,-6.41711229946529,0.024386930235717683,0.025536400421639675,0.004730495036311528,-0.0299963549818821,-0.06393544382371194,-0.19401389631213242,,117.00687919747945
2024-04-29,30.2,31.17,30.18,31.05,7407713.0,228157324.83,3.6335,2.9509,29.836000000000002,29.535000000000004,30.0255,31.01033333333333,32.138333333333335,37.30108333333333,,29.836000000000002,29.535000000000004,30.0255,31.01033333333333,32.138333333333335,37.30108333333333,,29.94358873747081,30.611818143656798,93.27731092436989,59.7972972972973,40.6032482598608,-0.6682294061859864,-0.917357794816861,0.4982567772617492,-0.6682294061859864,-0.9234401757287418,0.5104215390855109,31.73766667904693,30.0255,28.31333332095307,73.78868335078016,53.99727984354506,113.37149036525037,72.19043112607119,51.54683261535544,113.47762814750268,0.8835116971378117,77.419986297348,-4.347826086956555,0.04068910041560526,0.05129507364144225,0.03412099715242043,0.0012791435113027581,-0.03386402530726551,-0.16758449821609284,,133.75273556446854
2024-04-30,31.0,31.0,30.29,30.41,5821092.0,178104349.19,2.8552,-2.0612,30.134000000000004,29.713,29.990500000000004,30.899333333333335,32.0235,37.177083333333336,,30.134000000000004,29.713,29.990500000000004,30.899333333333335,32.0235,37.177083333333336,,30.015344316321453,30.59686865153407,72.69624573378846,56.369426751592364,42.68292682926828,-0.5815243352126167,-0.8501911028960121,0.5373335353667907,-0.5815243352126167,-0.8708377387262611,0.5786268070272889,31.636669077456943,29.990500000000004,28.344330922543065,73.34704493916743,60.44720154208586,99.14673173333058,72.28154345602812,58.458402895579674,99.927824576925,0.8610550249309372,58.22379507920445,-27.53623188405801,0.00915908940067685,0.023457745767845695,0.013987762791550515,-0.015836371874258383,-0.05038487360844375,-0.18202297562342398,,81.19852801310928
2024-05-06,30.94,31.13,30.75,31.01,5723464.0,177264775.59,2.8073,1.973,30.464,29.837,29.963,30.782333333333334,31.926333333333332,37.060583333333334,,30.464,29.837,29.963,30.782333333333334,31.926333333333332,37.060583333333334,,30.16836826765661,30.627470973642655,81.00890207715133,59.10447761194032,47.025723472668815,-0.4591027059860444,-0.7719734235140185,0.6257414350559483,-0.4591027059860444,-0.8074938875354586,0.6967823630988284,31.514421758800836,29.963,28.411578241199166,80.29899614301985,67.06446640906385,106.76805561093184,79.58866182092697,65.50182253736212,107.76234038805669,0.8354086567616756,105.41159880134028,-5.797101449275364,0.017922794117647155,0.039313603914602736,0.034943096485665674,0.007396017196010735,-0.028701489888179995,-0.1632619562113386,,121.5775706003547
2024-05-07,31.01,31.18,30.87,31.06,3927803.0,121869070.97,1.9266,0.1612,30.738,29.972999999999995,29.9555,30.682,31.82633333333333,36.931666666666665,,30.738,29.972999999999995,29.9555,30.682,31.82633333333333,36.931666666666665,,30.305542380324823,30.659510160780236,78.5234899328859,71.73524150268338,52.35137533274178,-0.3539677804554131,-0.6883722949022975,0.6688090288937687,-0.3539677804554131,-0.7377206402923746,0.767505719673923,31.48280205884227,29.9555,28.42819794115773,85.42195410738026,73.18362897516933,109.89860437180212,84.94839789265167,71.98401432245863,110.87716503303776,0.7398798100777344,117.20145013797885,-4.332129963898954,0.010475632767258741,0.03626597270877134,0.036871359182787736,0.012319926993025232,-0.024078593198504344,-0.15898731892233403,,101.62413255322538
2024-05-08,31.01,31.22,30.47,30.56,4669792.0,143817892.18,2.2905,-1.6098,30.818,30.129999999999995,29.9255,30.561333333333334,31.752166666666664,36.795,,30.818,30.129999999999995,29.9255,30.561333333333334,31.752166666666664,36.795,,30.344689706428696,30.65213903775948,63.80952380952378,57.97979797979797,48.50877192982456,-0.30744933133078334,-0.6121877021879947,0.6094767417144227,-0.30744933133078334,-0.6715250542982836,0.7281514459350005,31.37476079161127,29.9255,28.47623920838873,81.61988541541886,75.99571445525251,92.86822733575156,82.13641710043919,75.36814858178549,95.67295413774659,0.7417198446090554,94.68200812868491,-23.487544483985783,-0.008371730806671512,0.014271490209094037,0.021202653255584673,-4.362811395668697e-05,-0.037545994236613735,-0.1694523712460933,,85.01958585458038
2024-05-09,30.66,32.49,30.6,32.2,14113497.0,448922193.68,6.9226,5.3665,31.048000000000002,30.442,30.032,30.487333333333332,31.732333333333333,36.6725,,31.048000000000002,30.442,30.032,30.487333333333332,31.732333333333333,36.6725,,30.63012205928582,30.766795405332854,73.61111111111113,69.17177914110432,54.24785658612629,-0.13667334604703285,-0.5170848309598023,0.7608229698255389,-0.13667334604703285,-0.5892401761057835,0.9051336601175013,31.803251118930426,30.032,28.260748881069574,85.20940742480244,79.06694544510249,97.49433138420233,85.55376188148266,78.76335301501788,99.13457961441219,0.957770781952864,177.805695142379,-7.61154855643042,0.03710383921669676,0.05774916234150196,0.07218966435801821,0.05617633552732296,0.014737859386325297,-0.12195787033880964,,168.6650960312857
2024-05-10,31.71,32.26,31.4,31.87,11571565.0,368475740.55,5.6758,-1.0248,31.340000000000003,30.737000000000002,30.088,30.433666666666667,31.706666666666667,36.54858333333333,,31.340000000000003,30.737000000000002,30.088,30.433666666666667,31.706666666666667,36.54858333333333,,30.82087251170339,30.84851426419709,60.90425531914892,73.45276872964172,51.21951219512196,-0.027641752493700267,-0.4191962152665819,0.7831089255457633,-0.027641752493700267,-0.5028404186270015,0.9503973322666024,32.01849325575689,30.088,28.15750674424311,84.36679303180497,80.83356130733665,91.43325648074162,84.94485262790008,80.82385288597862,93.18685211174298,0.9399942761432523,160.21379805964798,-16.272965879265108,0.01691129546904906,0.03686111201483551,0.0592262696091465,0.04719554002694386,0.00515138772077378,-0.12800997758691054,,90.21150283068373
2024-05-13,31.6,31.69,30.95,31.07,6837047.0,213692872.21,3.3535,-2.5102,31.351999999999997,30.908000000000005,30.141000000000002,30.395666666666667,31.690333333333335,36.421,,31.351999999999997,30.908000000000005,30.141000000000002,30.395666666666667,31.690333333333335,36.421,,30.859199817595176,30.864920614997306,58.418367346938766,64.52554744525548,49.46808510638298,-0.005720797402130273,-0.3365011316936916,0.6615606685831227,-0.005720797402130273,-0.4263604769000982,0.8412793589959359,32.12006836136196,30.141000000000002,28.161931638638045,73.95629986498768,78.54114082655367,64.78661794185572,76.7416335955088,79.46311312248869,71.29867454154902,0.9363589532081157,92.98637542059681,-39.66480446927377,-0.008994641490175953,0.005241361459816082,0.030821804186987774,0.022185179905030317,-0.019574844063910173,-0.14692073254441118,,77.55180275776524
2024-05-14,31.26,31.44,31.03,31.23,4530042.0,141403113.63,2.222,0.515,31.386000000000003,31.062,30.208000000000006,30.378333333333334,31.700333333333333,36.314750000000004,,31.386000000000003,31.062,30.208000000000006,30.378333333333334,31.700333333333333,36.314750000000004,,30.91624599950361,30.89196353240491,53.16091954022987,66.86131386861311,50.263752825923135,0.02428246709869697,-0.2643444119352139,0.5772537580678218,0.02428246709869697,-0.35703079320797587,0.7626265206133457,32.24127684707191,30.208000000000006,28.174723152928102,64.45571506150694,73.84599890487144,45.675147374777936,70.633036258392,76.5197541677898,58.85960043959639,0.8406573253520946,81.93247266534058,-41.58415841584162,-0.004970368954310914,0.005408537763183287,0.03383209745762694,0.02803533219948428,-0.014836857656596649,-0.1400188628587558,,105.27065126804614
2024-05-15,31.16,31.25,30.52,30.6,4857839.0,149925776.78,2.3828,-2.0173,31.394,31.106,30.257500000000004,30.38066666666667,31.657666666666668,36.20116666666667,,31.394,31.106,30.257500000000004,30.38066666666667,31.657666666666668,36.20116666666667,,30.867592768810745,30.87033660407862,44.334975369458164,58.80681818181819,52.06869633099142,-0.0027438352678750277,-0.21202429660174615,0.41856092266774225,-0.0027438352678750277,-0.3025251073710373,0.5995625442063246,32.2776393907083,30.257500000000004,28.237360609291702,47.66744640464102,65.11981473812797,12.762709737667109,53.14929689953408,68.7296017450379,21.988687208526443,0.8205378116517138,42.966948501153006,-81.81818181818177,-0.025291456966299197,-0.016266958143123518,0.011319507560108983,0.0072195036316955305,-0.03340949533025174,-0.15472337447688161,,81.56323121961819
2024-05-16,30.78,31.14,30.7,30.93,4384125.0,135752424.66,2.1504,1.0784,31.140000000000004,31.094,30.3145,30.381666666666668,31.681833333333334,36.082166666666666,,31.140000000000004,31.094,30.3145,30.381666666666668,31.681833333333334,36.082166666666666,,30.877193881301398,30.87475611488761,54.75578406169666,58.806818181818166,50.7223113964687,0.0024377664137880117,-0.16913188399863935,0.3431393008248547,0.0024377664137880117,-0.2556077421733719,0.5160910171743198,32.34341181619392,30.3145,28.285588183806077,39.36905667900161,56.53622871841919,5.034712600166458,45.129834296659084,60.8630125955783,13.663477698820657,0.7695309368059474,48.43081357899504,-70.90909090909092,-0.00674373795761093,-0.005274329452627564,0.02030381500602025,0.018048165011794348,-0.02373073948792948,-0.1427898361609844,,111.32300865477464
2024-05-17,30.9,32.32,30.71,32.3,10078108.0,320257899.21,4.9433,4.4294,31.226,31.283000000000005,30.497999999999998,30.421333333333333,31.711666666666666,35.973,,31.226,31.283000000000005,30.497999999999998,30.421333333333333,31.711666666666666,35.973,,31.096087130331952,30.980329736007047,51.38121546961318,63.476070528967234,58.74713521772344,0.1157573943249055,-0.11215402833393039,0.4558228453176718,0.1157573943249055,-0.19847464425056,0.628464077150931,32.54916244320573,30.497999999999998,28.446837556794268,56.4440575879812,56.5055050082732,56.321162747397196,60.284575999752846,60.67020039696982,59.51332720531889,0.9223434937503204,105.28509286030548,-9.405940594059631,0.034394414910651316,0.03250966978870288,0.05908584169453734,0.061754908835904544,0.018552583171282847,-0.10210435604481144,,154.2503021018393
2024-05-20,32.35,32.46,31.88,32.0,5329220.0,171081264.61,2.614,-0.9288,31.412,31.382000000000005,30.609499999999997,30.435999999999996,31.734333333333332,35.870916666666666,,31.412,31.382000000000005,30.609499999999997,30.435999999999996,31.734333333333332,35.870916666666666,,31.235150648742422,31.055860866673193,51.81058495821726,56.46258503401361,57.950263752825926,0.17928978206922963,-0.05386526625329839,0.46631009664505607,0.17928978206922963,-0.14035704020136158,0.6392936445411824,32.73512783294894,30.609499999999997,28.483872167051057,62.87689647779602,58.62930216478081,71.37208510382644,65.43724208564379,62.259214293194475,71.79329767054242,0.8600992221593534,121.84296319572627,-24.257425742574316,0.018718960906659907,0.0196928175387163,0.04542707329423882,0.05138651596793284,0.008371584929046397,-0.10791239885608349,,91.09080915082896
2024-05-21,31.9,32.27,31.5,31.77,6153339.0,195935290.19,3.0182,-0.7188,31.52,31.453000000000003,30.713,30.454666666666665,31.760666666666665,35.766333333333336,,31.52,31.453000000000003,30.713,30.454666666666665,31.760666666666665,35.766333333333336,,31.31743516432051,31.108760061734436,61.58940397350995,59.79827089337176,58.16944024205749,0.20867510258607425,-0.001357192485423861,0.42006459014299624,0.20867510258607425,-0.086659787464833,0.5906697801018145,32.853694427417345,30.713,28.572305572582657,63.068523201779385,60.10904251044701,68.98748458444413,65.07697327161729,63.198467286002085,68.83398524284769,0.8437175454031078,93.71434636100713,-35.64356435643571,0.007931472081218274,0.010078529869964601,0.0344153941327776,0.04318987785123249,0.000293864528452407,-0.11173449892356879,,93.04057057835715
2024-05-22,31.78,32.72,31.7,32.58,7524292.0,243039636.32,3.6906,2.5496,31.915999999999997,31.655,30.892500000000002,30.502,31.7915,35.669000000000004,,31.915999999999997,31.655,30.892500000000002,30.502,31.7915,35.669000000000004,,31.5116759082712,31.217740797902255,68.3923705722071,60.979020979020966,60.072202166064976,0.2939351103689454,0.057701268085449994,0.47246768456699073,0.2939351103689454,-0.028106726259636318,0.6440836732571634,33.02691844661724,30.892500000000002,28.758081553382766,73.2578033466408,64.49196278917827,90.78948446156585,74.59677005986606,66.99790154395674,89.7945070916847,0.8757689007843608,126.07329842931925,-6.363636363636392,0.020804612106780345,0.02922129205496753,0.05462490895848495,0.06812668021769062,0.02480222701036438,-0.08660181109647047,,128.62892836506475
2024-05-23,32.5,32.5,31.9,32.09,5958957.0,191607590.54,2.9228,-1.504,32.148,31.644,31.043,30.569333333333336,31.797166666666666,35.57266666666666,,32.148,31.644,31.043,30.569333333333336,31.797166666666666,35.57266666666666,,31.60064884546025,31.282352590650238,71.10481586402277,56.78524374176552,63.12594840667681,0.31829625481001145,0.1098202654303623,0.4169519787592983,0.31829625481001145,0.025186040058771033,0.5862204295024809,33.06058688588672,31.043,29.025413114113274,72.62641435230606,67.2034466435542,83.47234976980977,73.51905882778956,69.17162063856769,82.21393520623332,0.8401745551872041,105.08626484427509,-28.636363636363438,-0.0018041557795197157,0.014094299077234392,0.03372741036626628,0.04974484232564226,0.009209415933285598,-0.09790288423696078,,85.93822339104882
2024-05-24,32.1,32.29,31.69,31.7,4857416.0,154978351.92,2.3825,-1.2153,32.028000000000006,31.627,31.182,30.601,31.791333333333334,35.47841666666667,,32.028000000000006,31.627,31.182,30.601,31.791333333333334,35.47841666666667,,31.615933638466366,31.313289435787258,60.72423398328692,57.62032085561498,57.763475462590506,0.3026442026791081,0.14838505288011147,0.3085182995979932,0.3026442026791081,0.06787191123113058,0.469544582895955,32.951550641739615,31.182,29.412449358260382,66.29639744699192,66.90109691136678,65.08699851824218,66.89149376398093,68.41157834703877,63.85132459786527,0.7965064542440756,73.76265694613186,-46.36363636363636,-0.010241039090795755,0.0023081544250166124,0.01661214803412227,0.0359138590242149,-0.002872900371170387,-0.10649902170568495,,88.49025594207887
2024-05-27,31.73,33.39,31.59,33.15,11664465.0,381274255.42,5.7214,4.5741,32.258,31.834999999999997,31.371500000000005,30.70566666666667,31.800666666666665,35.39233333333333,,32.258,31.834999999999997,31.371500000000005,30.70566666666667,31.800666666666665,35.39233333333333,,31.85194384793308,31.449342070173387,61.58038147138968,56.51577503429353,62.49094858797973,0.40260177775969197,0.19922839785602758,0.4067467598073288,0.40260177775969197,0.11936881377398617,0.5664659279714116,33.13121618524935,31.371500000000005,29.61178381475066,74.74347518533489,69.51522300268948,85.1999795506257,75.14020606332757,70.65445425246837,84.11170968504595,0.9789598261996983,140.5503294934355,-8.36236933797916,0.027652055304110478,0.04130673786712742,0.056691583124810534,0.07960528458373577,0.042430976289805265,-0.0633564707987606,,156.402145097522
2024-05-28,33.15,34.35,32.8,32.81,11888553.0,398975350.24,5.8313,-1.0256,32.465999999999994,31.993000000000002,31.527499999999996,30.803,31.774166666666666,35.30866666666667,,32.465999999999994,31.993000000000002,31.527499999999996,30.803,31.774166666666666,35.30866666666667,,31.999337102097222,31.55013154645684,60.91644204851757,56.438356164383585,64.21130952380955,0.44920555564038267,0.2492238294128986,0.3999634524549681,0.44920555564038267,0.17011292790727794,0.5581852554662095,33.21110359129712,31.527499999999996,29.84389640870288,69.09838984958401,69.376278618321,68.54261231211004,70.0238449473533,70.44425115076335,69.18303254053319,1.0827853123452085,179.64929612249935,-40.20887728459526,0.010595700117045782,0.025536836182915017,0.04067877250019843,0.06515599129954878,0.032599858375514795,-0.07076638407945164,,90.20424512213928
2024-05-29,32.51,33.28,32.51,32.8,5454524.0,179258018.2,2.6754,-0.0305,32.510000000000005,32.213,31.6595,30.909333333333333,31.78516666666667,35.223416666666665,,32.510000000000005,32.213,31.6595,30.909333333333333,31.78516666666667,35.223416666666665,,32.12251600946688,31.642714394867443,64.75644699140398,63.28725038402457,63.92215568862276,0.4798016145994346,0.29533938645020585,0.3689244562984575,0.4798016145994346,0.21775734124453283,0.5240885467098035,33.30520861397219,31.6595,30.013791386027812,65.20478737225011,67.98578153629737,59.642799044155595,65.86064549001632,68.91638259718101,59.74917127568693,1.0259152555551712,124.49491074625334,-42.46575342465763,0.008920332205474992,0.01822245677211052,0.03602394226061675,0.061168147700802276,0.03192789089250211,-0.0688012945933222,,99.69563255682269
2024-05-30,32.62,34.42,32.41,33.91,13321891.0,451156900.98,6.5343,3.3841,32.873999999999995,32.511,31.802500000000002,31.046666666666667,31.779666666666667,35.146416666666674,,32.873999999999995,32.511,31.802500000000002,31.046666666666667,31.779666666666667,35.146416666666674,,32.39751354647197,31.810661476729113,67.5461741424802,67.96246648793566,67.43535988819006,0.5868520697428572,0.35364192310873616,0.4664202932682421,0.5868520697428572,0.2745411456288904,0.6246218482279335,33.70258171569352,31.802500000000002,29.90241828430648,70.98127377328083,68.98427894862519,74.97526342259212,72.6582200840899,70.16366175948399,77.64733673330173,1.204839754545141,175.60339204174804,-13.746630727762938,0.03151426659366069,0.04303158930823394,0.06626837512774135,0.09222675542194535,0.06703447697164841,-0.03517902488873955,,139.4888393585375
2024-05-31,33.84,34.18,33.4,33.59,7201398.0,242997713.36,3.5323,-0.9437,33.251999999999995,32.64,31.9615,31.211999999999996,31.75616666666667,35.06983333333333,,33.251999999999995,32.64,31.9615,31.211999999999996,31.75616666666667,35.06983333333333,,32.5809730008609,31.942464330304734,70.71823204419891,70.90909090909096,64.9048625792812,0.6385086705561669,0.4106152725982223,0.4557867959158892,0.6385086705561669,0.33053614946385607,0.6159450421846216,33.90271258902433,31.9615,30.020287410975666,71.17929667077172,69.71595152267403,74.1059869669671,72.29726087797778,70.87486146564859,75.14205970263615,1.127596162809661,163.43799730689196,-28.4246575342465,0.01016480211716613,0.029105392156862833,0.05095192653661444,0.07618864539279788,0.057747314169951276,-0.04219675979830695,,90.95407063933315
2024-06-03,33.75,35.08,33.7,34.25,11799176.0,406676506.71,5.7875,1.9649,33.472,32.864999999999995,32.1235,31.36133333333333,31.747666666666667,35.00058333333333,,33.472,32.864999999999995,32.1235,31.36133333333333,31.747666666666667,35.00058333333333,,32.83774638534384,32.113392898430305,82.77634961439598,72.19251336898401,65.70247933884299,0.724353486913536,0.47336291546128506,0.5019811429045018,0.724353486913536,0.39112343214842216,0.6664601095302276,34.26120437619357,32.1235,29.985795623806432,72.85878612817447,70.76356305784086,77.0492322688417,73.80338807135206,71.85103700088308,77.70809021229002,1.1934877695715398,182.7215090528154,-23.184357541899406,0.023243307839388105,0.042142096455195656,0.066197643469734,0.09210917903150385,0.07881944079879884,-0.02144488068056003,,121.48026199023052
2024-06-04,34.25,34.45,33.63,34.4,7328229.0,249044933.01,3.5945,0.438,33.790000000000006,33.128,32.2905,31.518000000000004,31.75583333333333,34.92916666666667,,33.790000000000006,33.128,32.2905,31.518000000000004,31.75583333333333,34.92916666666667,,33.078093095290946,32.28277120225028,74.13127413127424,66.77316293929718,64.92957746478874,0.7953218930406649,0.537754710977161,0.5151343641270079,0.7953218930406649,0.45330781074722876,0.6840281645868723,34.593820029412306,32.2905,29.987179970587697,75.41111052288996,72.31274554619057,81.60784047628874,76.04084515167501,73.24763971781374,81.62725601939758,1.1255809023767143,141.91047761940547,-19.484240687679083,0.018052678307191247,0.03839652257908713,0.06532881187965492,0.09143981217082282,0.08326554176398039,-0.015149707741858576,,104.46689037657573
2024-06-05,34.19,35.5,34.06,35.05,12359340.0,434002586.99,6.0622,1.8895,34.239999999999995,33.375,32.515,31.720000000000002,31.777833333333334,34.860416666666666,,34.239999999999995,33.375,32.515,31.720000000000002,31.777833333333334,34.860416666666666,,33.381463388323105,32.487751113194705,88.62068965517244,73.07110438729201,64.32664756446991,0.8937122751284008,0.608946223807409,0.5695321026419835,0.8937122751284008,0.5210623437289476,0.7452998627989065,34.97787380277964,32.515,30.05212619722036,79.77108987971008,74.79886032403041,89.7155489910694,80.19091296556678,75.56206413373143,89.44861062923749,1.182748011035493,163.3817545295414,-11.508951406649688,0.023656542056074835,0.05018726591760291,0.07796401660771941,0.10498108448928103,0.1029700997026228,0.005438355345723964,,120.58569680876903
2024-06-06,35.99,37.72,35.7,36.38,24603198.0,901751199.99,12.0678,3.7946,34.734,33.803999999999995,32.724000000000004,31.96333333333333,31.833333333333332,34.80175,,34.734,33.803999999999995,32.724000000000004,31.96333333333333,31.833333333333332,34.80175,,33.84277671319647,32.776065845550654,92.41706161137455,79.89623865110252,70.37542662116043,1.066710867645817,0.7004991525750907,0.7324234301414527,1.066710867645817,0.605008270485389,0.9234051943208561,35.7249710709066,32.724000000000004,29.723028929093406,79.2274911324223,76.27507059349438,85.13233221027815,79.5073731896601,76.87716715237431,84.76778526423169,1.4531574635744946,220.72251269227883,-21.859706362153286,0.04738872574422758,0.07620399952668347,0.111722283339445,0.1381791636249871,0.14282722513089016,0.045349730976172294,,145.12650089977132
2024-06-07,36.23,38.03,35.77,36.81,19015327.0,701113122.02,9.327,1.6009,35.378,34.315,32.971000000000004,32.226333333333336,31.884,34.75025,,35.378,34.315,32.971000000000004,32.226333333333336,31.884,34.75025,,34.29927260347394,33.074875782917275,90.9604519774013,78.85402455661671,70.02762430939228,1.224396820556663,0.8052786861714052,0.8382362687705158,1.224396820556663,0.7002988166502003,1.0481960078129255,36.45097519652344,32.971000000000004,29.491024803476567,78.91559907048796,77.15524675249225,82.43630370647938,80.02354900014609,77.92596110163157,84.21872479717513,1.5998561065609498,189.5337542496359,-18.944099378881965,0.04047713268132744,0.07270872796153299,0.11643565557611228,0.14223357709533607,0.15449755363191575,0.059272954870828294,,112.46858396456767
2024-06-11,36.43,38.5,36.43,38.12,17812770.0,671501072.45,8.7371,3.5588,36.152,34.812,33.3235,32.51833333333334,31.94766666666667,34.70916666666666,,36.152,34.812,33.3235,32.51833333333334,31.94766666666667,34.70916666666666,,34.887076818324104,33.448588687886364,100.0,86.99386503067485,72.42693773824652,1.4384881304377402,0.9319205750246722,1.013135110826136,1.4384881304377402,0.8138664033867449,1.2492434541019906,37.37414920072891,33.3235,29.272850799271094,83.86382028891862,79.39143793130104,92.80858500415377,84.60245357535737,80.15145859287351,93.5044435403251,1.6853368144589589,188.46314705787742,-6.239737274220071,0.05443682230581977,0.09502470412501436,0.14393746155115741,0.17226180103531316,0.19320138142587334,0.09826894912487105,,141.8635244370086
2024-06-12,37.75,37.88,36.78,37.7,14475961.0,540132224.13,7.1004,-1.1018,36.812,35.301,33.647,32.785333333333334,32.0035,34.660999999999994,,36.812,35.301,33.647,32.785333333333334,32.0035,34.660999999999994,,35.319834230889626,33.763508044339225,90.20979020979031,86.67481662591697,72.79693486590043,1.5563261865504003,1.056801697329818,0.9990489784411647,1.5563261865504003,0.9280909854119226,1.2564704022769555,38.01470010537854,33.647,29.27929989462146,84.86378385982644,81.21555324080951,92.1602450978603,85.35620605078562,81.88637441217755,92.29586932800177,1.6225483027391474,152.00236733083403,-13.136288998357909,0.024122568727588972,0.06795841477578542,0.12045650429458807,0.1499044288096304,0.17799615667036417,0.08767779348547385,,89.51268460492268
2024-06-13,38.85,39.78,37.61,37.63,22324375.0,862781315.88,10.95,-0.1857,37.328,35.784000000000006,33.99849999999999,33.03433333333333,32.0635,34.61066666666667,,37.328,35.784000000000006,33.99849999999999,33.03433333333333,32.0635,34.61066666666667,,35.675244349214296,34.04991485586965,88.36104513064143,82.94117647058835,69.26898509581267,1.625329493344644,1.1705072565327832,0.9096444736237217,1.625329493344644,1.0353584481708027,1.1799420903476827,38.46413144589023,33.99849999999999,29.53286855410975,78.6761693861748,80.36909195593128,75.29032424666184,80.51336396149165,81.42870426194892,78.6826833605771,1.7220849749683937,157.23383801970687,-29.1723202170963,0.008090441491641651,0.05158730158730148,0.10681353589128963,0.13911788745043058,0.173608620393906,0.08723707527544501,,98.15867358262366
2024-06-14,37.58,38.29,36.56,36.97,20013505.0,747186485.82,9.8166,-1.7539,37.446,36.09,34.3005,33.23166666666667,32.121,34.557249999999996,,37.446,36.09,34.3005,33.23166666666667,32.121,34.557249999999996,,35.87443752625825,34.266217459138566,72.7488151658768,79.21348314606743,67.68377253814148,1.6082200671196816,1.258049818650163,0.7003404969390372,1.6082200671196816,1.1234910049321687,0.9694581243750258,38.70895825777264,34.3005,29.892041742227352,70.5537606205935,77.09731484415202,57.46665217347643,72.32761359188262,78.39500737192682,60.192826031794226,1.7235240704286852,104.10839160839147,-44.04388714733544,-0.012711638092186058,0.024383485730119017,0.0778268538359499,0.11249310396709954,0.1509604308707698,0.06981892367014166,,83.78230849764208
2024-06-17,37.0,38.98,36.79,38.18,15502120.0,590474053.2,7.6037,3.2729,37.720000000000006,36.549,34.5945,33.49066666666666,32.195,34.518666666666675,,37.720000000000006,36.549,34.5945,33.49066666666666,32.195,34.518666666666675,,36.22913944529544,34.556127276980156,71.95121951219511,82.33173076923083,73.97167902899531,1.6730121683152817,1.3410422885831867,0.6639397594641898,1.6730121683152817,1.2080327223757246,0.9299588918791142,39.22014237359727,34.5945,29.968857626402723,71.6970870261951,75.29723890483305,64.49678326891922,72.8796556737212,76.55655680585829,65.52585340944702,1.8083378758052873,111.32537798874806,-26.016260162601657,0.012195121951219344,0.04462502394046349,0.10364364277558581,0.14001910980173596,0.1858984314334524,0.10606821429950916,,137.9954397717149
2024-06-18,38.75,38.97,38.21,38.9,12851755.0,496315830.41,6.3037,1.8858,37.876,37.013999999999996,34.9395,33.75366666666667,32.268,34.47058333333334,,37.876,37.013999999999996,34.9395,33.75366666666667,32.268,34.47058333333334,,36.64004106909614,34.87789562683348,73.80410022779043,81.46279949558645,74.9187784275504,1.7621454422626641,1.4252629193190822,0.6737650458871638,1.7621454422626641,1.2932808331275614,0.9377292182702055,39.77487610794247,34.9395,30.104123892057537,76.00318622259161,75.53255467741924,76.94444931293634,77.1501227526705,76.75441212146237,77.94154401508678,1.6231855347497803,116.99301642644413,-14.30894308943094,0.027035589819410736,0.05095369319716872,0.113353081755606,0.15246738625927053,0.20552869716127425,0.12849845399579818,,120.54155029916012
2024-06-19,38.99,39.57,37.7,38.56,13370154.0,516316074.25,6.558,-0.874,38.048,37.43,35.279,34.00366666666667,32.34283333333334,34.417833333333334,,38.048,37.43,35.279,34.00366666666667,32.34283333333334,34.417833333333334,,36.93541936615828,35.150644098919884,56.43274853801178,81.25786163522017,76.35761589403978,1.7847752672383947,1.4971653889029448,0.5752197566708999,1.7847752672383947,1.3688953614523052,0.8317598115721792,40.130829389111945,35.279,30.427170610888062,74.03480388695651,75.03330441393166,72.0378028330062,77.65719139222324,77.05533854504932,78.86089708657107,1.6680608920680013,100.89708698719899,-21.328671328671316,0.013456686291000853,0.030189687416510888,0.09300150231015614,0.13399535344227587,0.19222702607996608,0.12034943125414639,,91.59552137214149
2024-06-20,38.56,40.3,38.33,38.9,16784836.0,659951103.26,8.2329,0.8817,38.302,37.815000000000005,35.595,34.281666666666666,32.4215,34.37975000000001,,38.302,37.815000000000005,35.595,34.281666666666666,32.4215,34.37975000000001,,37.237662540595466,35.428374165666554,67.96407185628738,80.47182175622547,76.37326273990739,1.8092883749289115,1.5595899861081381,0.49939677764154666,1.8092883749289115,1.4366481327563985,0.745280484345026,40.52922206314418,35.595,30.660777936855816,72.38817683707329,74.15159522164555,68.86134006792878,74.95986672525028,76.35684793844965,72.16590429885156,1.7229589116920008,105.3833444304704,-30.43478260869566,0.015612761735679572,0.028692317863281597,0.09285011939879197,0.13471729301375854,0.19982110636460362,0.1314800136708379,,109.17564363623433
2024-06-21,38.34,38.71,37.5,38.49,9930322.0,378025276.26,4.8708,-1.054,38.606,38.025999999999996,35.915,34.49133333333334,32.489333333333335,34.341249999999995,,38.606,38.025999999999996,35.915,34.49133333333334,32.489333333333335,34.341249999999995,,37.43032984204232,35.65516126450607,61.68478260869567,75.91888466413188,71.87279151943468,1.775168577536249,1.6027057043937605,0.34492574628497685,1.775168577536249,1.488728201184068,0.572880752704362,40.72056913766101,35.915,31.109430862338993,66.0021092781178,71.4350999071363,55.136128020080776,69.98796118695863,74.23388568795265,61.4961121849706,1.6642391095661822,70.7498382322224,-39.95584988962467,-0.003004714293115051,0.01220217745752921,0.07169706250870118,0.11593250478381037,0.1846965157795379,0.1208095220762205,,89.94625746561272
2024-06-24,38.08,39.38,36.83,37.03,12395594.0,469677001.42,6.08,-3.7932,38.376,38.048,36.18150000000001,34.663333333333334,32.5485,34.29225,,38.376,38.048,36.18150000000001,34.663333333333334,32.5485,34.29225,,37.36874063557427,35.757001170838954,50.66964285714289,61.37931034482763,66.42717178314831,1.6117394647353152,1.6045124564620716,0.014454016546487036,1.6117394647353152,1.507653010961183,0.20817290754826434,40.5764888928664,36.18150000000001,31.786511107133613,48.19035449200723,63.68685143542662,17.197360605168456,51.826599447636525,66.76479027451394,21.950217793881706,1.8252865441905133,50.85307271823762,-84.4961240310077,-0.03507400458619962,-0.02675567703952903,0.023451211254370163,0.06827579574959132,0.13768683656696942,0.0798358229629143,,67.92943612108566
2024-06-25,37.22,37.37,35.03,35.53,13729844.0,496462357.21,6.7344,-4.0508,37.702000000000005,37.789,36.3005,34.812,32.603833333333334,34.22825,,37.702000000000005,37.789,36.3005,34.812,32.603833333333334,34.22825,,37.085857460870535,35.74018626929533,22.22222222222217,45.2085682074408,61.33896260554888,1.3456711915752066,1.5527442034846985,-0.4141460238189838,1.3456711915752066,1.4827327310556482,-0.27412307896088306,40.47314008310755,36.3005,32.12785991689245,35.28945833939002,54.22105373674776,-2.5737324553254552,37.713621643142886,57.081067397390264,-1.0212698653518686,1.9188708088831465,-14.620419648865226,-90.51233396584439,-0.0576096758792638,-0.059779300854746094,-0.021225602953127323,0.020625071814317004,0.08974916037480256,0.038031450629231654,,66.13250210072633
2024-06-26,35.83,37.0,35.5,36.63,10074876.0,363739618.4,4.9417,3.096,37.315999999999995,37.682,36.4915,34.992,32.68516666666667,34.176,,37.315999999999995,37.682,36.4915,34.992,32.68516666666667,34.176,,37.01572554381353,35.806098397495674,27.96116504854369,49.056603773584904,62.003556609365766,1.2096271463178567,1.4841207920513302,-0.5489872914669469,1.2096271463178567,1.4407164872498341,-0.46217868186395483,40.327541133635734,36.4915,32.65545886636427,33.64648266269267,47.3628633787294,6.2137212306192,35.26259153186125,49.8082421088806,6.171290377822544,1.8427124799953016,-6.171579434419381,-69.63946869070203,-0.01838353521277717,-0.027917838755904662,0.0037954044092460026,0.04681069958847752,0.12069185308320293,0.07180477528089889,,135.64916093423304
2024-06-27,36.3,36.5,35.3,35.64,8383827.0,300379600.0,4.1122,-2.7027,36.664,37.483000000000004,36.6335,35.16,32.77033333333333,34.1165,,36.664,37.483000000000004,36.6335,35.16,32.77033333333333,34.1165,,36.80407546014991,35.793794812495996,24.827586206896527,36.55097613882864,60.21876799078872,1.0102806476539143,1.3893527631718472,-0.7581442310358657,1.0102806476539143,1.374495588850462,-0.7284298823930953,40.085177090464875,36.6335,33.18182290953512,26.289305962351726,40.338344239936845,-1.8087705928185187,27.366711875130775,42.32773203096399,-2.5553284365356603,1.749492029087066,-39.267492711370316,-88.42504743833017,-0.027929303949378162,-0.04916895659365588,-0.027119985805342035,0.013651877133105917,0.08756904110425082,0.04465581170401414,,76.0339874877684
2024-06-28,35.58,36.79,35.43,35.85,9472839.0,342798435.39,4.6464,0.5892,36.136,37.371,36.7305,35.324,32.852833333333336,34.068583333333336,,36.136,37.371,36.7305,35.324,32.852833333333336,34.068583333333336,,36.65729462012685,35.79795815971852,23.104056437389815,39.73362930077691,62.07097149505528,0.8593364604083291,1.2833495026191435,-0.8480260844216287,0.8593364604083291,1.295240338320903,-0.8718077558251478,39.961927743762175,36.7305,33.499072256237824,22.712794740239552,34.46316107337108,-0.7879379260235169,23.43106534875892,36.02884313689564,-1.7644902275145142,1.678675296525781,-38.832110686145356,-84.4402277039848,-0.007914545052025717,-0.04070000802761502,-0.023971903458978174,0.014890725852111975,0.09123008162664807,0.05228913246074702,,106.05097029911559
2024-07-01,35.61,35.85,33.73,34.98,13475661.0,465410642.4,6.6098,-2.4268,35.726,37.051,36.8,35.413333333333334,32.91733333333333,34.014500000000005,,35.726,37.051,36.8,35.413333333333334,32.91733333333333,34.014500000000005,,36.39924929395349,35.737368666406034,21.37030995106035,36.493374108052976,55.50872968091512,0.661880627547454,1.1590557276048057,-0.9943502001147033,0.661880627547454,1.1978003828172954,-1.0718395105396827,39.79842063689995,36.8,33.801579363100046,21.48382155691262,30.13671456788493,4.178035534968004,21.962668629258864,31.340118301016716,3.2077692857431543,1.7589161517029126,-105.27608222830274,-80.97412480974124,-0.02088115098247781,-0.05589592723543237,-0.04945652173913045,-0.012236445783132637,0.06266202203499671,0.028384953475723337,,78.21795395652525
2024-07-02,34.81,35.26,33.84,34.04,8979964.0,309946903.4,4.4046,-2.6872,35.428,36.565000000000005,36.7895,35.48133333333333,32.958666666666666,33.945166666666665,,35.428,36.565000000000005,36.7895,35.48133333333333,32.958666666666666,33.945166666666665,,36.036287864114485,35.61163765407966,23.351158645276314,35.480673934588694,53.573503776873906,0.4246502100348266,1.01217462409081,-1.1750488281119669,0.4246502100348266,1.0788542023892231,-1.308407984708793,39.82673887766472,36.7895,33.75226112233528,15.89535338700315,25.389594174257674,-3.093128187505897,16.214584768567313,26.29827379020025,-3.952793274698557,1.697295033211473,-130.4872960449747,-95.2815829528158,-0.03917805125889122,-0.0690551073430878,-0.07473599804291979,-0.04062229904926532,0.0328087705813342,0.002793721246520136,,76.15483170279917
2024-07-03,34.04,35.27,33.66,35.07,10956535.0,380237301.39,5.3741,3.0259,35.116,36.216,36.82299999999999,35.59133333333333,33.022999999999996,33.881,,35.116,36.216,36.82299999999999,35.59133333333333,33.022999999999996,33.881,,35.887628192712256,35.57151634637005,45.52529182879377,34.3087790110999,56.22600109709272,0.3161118463422028,0.8729620685410887,-1.1137004443977718,0.3161118463422028,0.9615092245358354,-1.2907947563872653,39.76247435329554,36.82299999999999,33.88352564670445,18.81368547478533,23.197624607766894,10.045807208822204,17.888036432056943,23.494861337485816,6.674386621199197,1.6814232089912062,-119.23542872526576,-78.7650602409638,-0.0013099441849868828,-0.031643472498343296,-0.04760611574287791,-0.014647760690804812,0.06198709990006978,0.03509341518845371,,134.72932833078636
2024-07-04,34.94,36.49,34.9,35.43,11901356.0,425297011.61,5.8376,1.0265,35.074,35.869,36.842,35.68633333333333,33.094166666666666,33.8255,,35.074,35.869,36.842,35.68633333333333,33.094166666666666,33.8255,,35.81722385537191,35.56103365404634,36.363636363636346,31.832460732984288,54.34782608695654,0.25619020132556614,0.7496076950979843,-0.9868349875448363,0.25619020132556614,0.8529986055804094,-1.1936168085096865,39.737808949789724,36.842,33.946191050210274,22.85714229787554,23.084130504469776,22.40316588468707,22.240042936056618,23.076588537009417,20.56695173415101,1.664800807356442,-72.77099519052916,-69.05594405594402,0.010149968637737403,-0.012238980735454015,-0.03832582378806794,-0.00718295519293092,0.07058142170070254,0.047434627721689306,,110.75258319809869
2024-07-05,35.15,35.95,34.7,35.46,10014082.0,353179257.5,4.9119,0.0847,34.995999999999995,35.566,36.79600000000001,35.79866666666667,33.184,33.774166666666666,,34.995999999999995,35.566,36.79600000000001,35.79866666666667,33.184,33.774166666666666,,35.762266339160846,35.553549679672535,47.38372093023257,33.225108225108215,55.43920884235019,0.20871665948831009,0.6414294879760495,-0.8654256569754788,0.20871665948831009,0.7538783061816249,-1.0903232933866296,39.751326324487465,36.79600000000001,33.84067367551255,31.410601603794866,25.859620870911474,42.512563069561644,25.316205780214915,23.82312761807792,28.302362104488907,1.5893824787461797,-78.39052879988381,-68.53146853146849,0.01325865813235815,-0.002980374514986269,-0.03630829437982404,-0.009460315095534333,0.06858727097396346,0.04991487576796866,,100.8499737058553
2024-07-08,35.5,36.5,35.21,35.39,8474149.0,304617311.05,4.1565,-0.1974,35.078,35.402,36.725,35.92166666666666,33.26133333333333,33.72625,,35.078,35.402,36.725,35.92166666666666,33.26133333333333,33.72625,,35.70499459467456,35.541434888585684,43.03030303030303,30.43478260869567,53.43373493975904,0.1635597060888756,0.5458555315986147,-0.7645916510194781,0.1635597060888756,0.6630600600135096,-0.999000707849268,39.74640086017939,36.725,33.70359913982061,38.20587013107284,29.97503729096527,54.66753581128799,32.42104644107772,26.689100559077854,43.884938205077454,1.5349493007923285,-55.39858728557002,-53.369272237196675,0.008894463766463242,-0.0003389639003446261,-0.03635125936010894,-0.014800723797151003,0.0639982361901708,0.049331010711241255,,98.04338875638813
2024-07-09,35.35,37.23,35.33,37.04,12267124.0,448830125.05,6.017,4.6623,35.678000000000004,35.553000000000004,36.671,36.05133333333333,33.3785,33.69266666666667,,35.678000000000004,35.553000000000004,36.671,36.05133333333333,33.3785,33.69266666666667,,35.910380041647706,35.65243971165341,75.24509803921572,42.89911851126346,57.29281767955801,0.25794032999429817,0.48827249127775135,-0.46066432256690637,0.25794032999429817,0.6007339477028616,-0.6855872354171269,39.625282529338705,36.671,33.716717470661294,57.029870470201715,38.99331501737742,93.10298137585029,53.1733213435383,35.517174153898004,88.48561572281888,1.601322155193723,-10.751711580795643,-5.322128851540552,0.038174785582151316,0.04182488116333346,0.010062447165335,0.02742385857203618,0.10969636143026189,0.09934901759037569,,157.7263138448301
2024-07-10,36.8,37.15,36.3,36.49,7954823.0,292773326.8,3.9018,-1.4849,35.962,35.539,36.6105,36.17399999999999,33.4885,33.66491666666666,,35.962,35.539,36.6105,36.17399999999999,33.4885,33.66491666666666,,35.999552342932674,35.714481214493894,83.19783197831984,47.0967741935484,54.000000000000014,0.2850711284387799,0.4476322187099571,-0.3251221805423544,0.2850711284387799,0.552170437046849,-0.5341986172161381,39.52535108403556,36.6105,33.69564891596444,64.44381654129234,47.47681552534906,98.37781857317889,61.872783790183384,44.30237736599313,97.0135966385639,1.4647181269766825,-2.863565808488979,-20.728291316526466,0.014682164506979551,0.026759334815273376,-0.0032914054711080105,0.00873555592414468,0.08962778267166341,0.08391772839677328,,86.10509565711182
2024-07-11,37.0,37.79,36.25,36.86,9531421.0,352806445.52,4.6751,1.014,36.248,35.661,36.572,36.309333333333335,33.60933333333333,33.63675,,36.248,35.661,36.572,36.309333333333335,33.60933333333333,33.63675,,36.13192890555842,35.79933445786472,79.53795379537958,58.13953488372092,51.40845070422534,0.33259444769370106,0.4246246645067059,-0.18406043362600966,0.33259444769370106,0.5183895156079031,-0.37159013582840417,39.45026409672989,36.572,33.69373590327012,68.78982442542977,54.58115182537597,97.20716962553738,67.07580259135713,51.89351910778113,97.44036955850913,1.478405740253649,19.185544536507877,-22.51815980629538,0.01688369013462817,0.03362216426908943,0.007874876955047487,0.015165981198589838,0.0967191653112231,0.09582525065590464,,110.61516594025088
2024-07-12,36.45,36.72,35.71,36.36,7684885.0,277656474.26,3.7694,-1.3565,36.428000000000004,35.711999999999996,36.5415,36.391,33.71883333333333,33.610083333333336,,36.428000000000004,35.711999999999996,36.5415,36.391,33.71883333333333,33.610083333333336,,36.16701676624174,35.84086523876363,64.66876971608835,48.216644649933926,48.684979544126236,0.3261515274781104,0.4049300371009868,-0.15755701924575283,0.3261515274781104,0.4888144405110119,-0.32532582606580307,39.41493018927371,36.5415,33.66806981072629,67.65165050476594,58.937984718505966,85.07898207728589,66.50896928205086,56.76533583253771,85.99623618107715,1.418695605662076,-18.562885915190797,-34.62469733656172,-0.0018666959481718716,0.018145161290322672,-0.004966955379500014,-0.0008518589761204366,0.07832912368458786,0.08181820435831501,,87.23392964465208
2024-07-15,36.1,37.17,36.09,36.55,5997282.0,220315140.33,2.9416,0.5226,36.66,35.869,36.46,36.48966666666667,33.850833333333334,33.58125,,36.66,35.869,36.46,36.48966666666667,33.850833333333334,33.58125,,36.225937263743006,35.89339373959595,66.36636636636635,56.72082717872967,45.090681676047524,0.3325435241470558,0.3904527345102006,-0.11581842072628967,0.3325435241470558,0.46477276107040333,-0.2644584738466951,39.22829417359806,36.46,33.69170582640194,68.42636264482378,62.10077736061191,81.07753321324755,67.66457516301372,60.39841560936305,82.19689427031507,1.3571145864507892,5.743151187406852,-30.024213075060562,-0.003000545553737028,0.01898575371490695,0.00246845858475031,0.001653436132603532,0.07973708180497761,0.08840498790247535,,105.35012795850227
2024-07-16,36.33,37.56,36.04,37.43,8312289.0,307344841.99,4.0771,2.4077,36.738,36.208,36.3865,36.595666666666666,33.978500000000004,33.56216666666667,,36.738,36.208,36.3865,36.595666666666666,33.978500000000004,33.56216666666667,,36.41117768470562,36.00721642555181,74.63768115942031,60.618279569892465,49.17933130699087,0.4039612591538102,0.3931544394389226,0.021613639429775233,0.4039612591538102,0.4554171453909275,-0.10291177247423455,38.95270362649372,36.3865,33.820296373506274,75.06741328425146,66.42298933515843,92.35626118243749,75.5374811014119,65.44477077337933,95.72290175747702,1.3867301161870098,40.11000683236578,-8.716707021791748,0.018836082530350053,0.03374944763588161,0.02867821857007411,0.022798692012715532,0.10157893962358537,0.11524385096313794,,126.85992730769851
2024-07-17,37.27,37.35,36.15,36.15,7077514.0,260562220.13,3.4715,-3.4197,36.67,36.315999999999995,36.266000000000005,36.654,34.086,33.537083333333335,,36.67,36.315999999999995,36.266000000000005,36.654,34.086,33.537083333333335,,36.37099650244322,36.01779298662205,38.19628647214853,57.45222929936307,45.80973952434881,0.35320351582117127,0.38516425471537236,-0.06392147778840218,0.35320351582117127,0.43969197161096496,-0.1729769115795874,38.620037069868225,36.266000000000005,33.911962930131786,65.68679763718164,66.1775921024995,64.7052087065459,66.00017618195527,65.62990590957132,66.74071672672315,1.3673246405166444,17.464934393381693,-53.07443365695801,-0.014180529042814374,-0.0045709879942724095,-0.0031985882093422697,-0.013750204616140254,0.060552719591621194,0.07791126737815095,,70.61301337035158
2024-07-18,35.5,36.38,34.86,35.95,8094099.0,287781971.83,3.9701,-0.5533,36.488,36.368,36.1185,36.684,34.202,33.513083333333334,,36.488,36.368,36.1185,36.684,34.202,33.513083333333334,,36.30622780975965,36.01277128390931,42.10526315789474,63.43178621659638,47.034883720930246,0.2934565258503383,0.36682270894236557,-0.1467323661840545,0.2934565258503383,0.41719421072471474,-0.24747536974875284,38.12106966499441,36.1185,34.11593033500559,56.191653487358906,62.848945897452644,42.87706866717143,57.48447559918918,62.914762472777284,46.62390185201298,1.3950837967863459,-38.0373621426963,-59.54692556634299,-0.014744573558430079,-0.011493620765508118,-0.004665199274609813,-0.020008723149056665,0.05110812233202751,0.07271538230094222,,94.60322265621186
2024-07-19,35.83,39.44,35.73,38.95,19085832.0,729072273.48,9.3615,8.3449,37.006,36.717,36.1415,36.769666666666666,34.3665,33.52633333333333,,37.006,36.717,36.1415,36.769666666666666,34.3665,33.52633333333333,,36.712961992873545,36.23034378139751,67.27272727272731,71.36563876651985,52.02738283307005,0.4826182114760371,0.3899818094490999,0.18527280405387447,0.4826182114760371,0.42725944160953355,0.11071753973300713,38.26562979086001,36.1415,34.01737020913999,67.22820567279535,64.30869915590021,73.06721870658563,68.0900870806822,64.63987067541225,74.99051989122208,1.8159776519161013,173.0596731280879,-10.69868995633177,0.05253202183429721,0.060816515510526574,0.07770845150311974,0.05929706551595981,0.1333711608688694,0.16177333240537298,,222.88747941075502
2024-07-22,39.49,40.3,38.53,39.64,13021867.0,515812378.17,6.3872,1.7715,37.624,37.142,36.272,36.864000000000004,34.54516666666667,33.54108333333333,,37.624,37.142,36.272,36.864000000000004,34.54516666666667,33.54108333333333,,37.16327553243146,36.4829109087014,76.28205128205131,72.36981934112649,51.95147679324896,0.680364623730064,0.4480583723052928,0.4646125028495425,0.680364623730064,0.4661987003973075,0.42833184666551305,38.889396054337425,36.272,33.65460394566257,74.1080194681381,67.57513925997952,87.17377988445526,74.68260707339599,67.98744947474017,88.07292227070761,1.8076180788404457,265.6886715566421,-12.132352941176414,0.05358281947692957,0.06725539820149688,0.09285399205999124,0.07530381944444434,0.1474832465709144,0.18183421823485132,,119.19604296029283
2024-07-23,39.48,39.68,37.47,37.5,10505123.0,404615162.68,5.1527,-5.3986,37.638,37.188,36.3705,36.843333333333334,34.68083333333333,33.54383333333333,,37.638,37.188,36.3705,36.843333333333334,34.68083333333333,33.54383333333333,,37.215079296672776,36.55825084139018,55.799755799755815,58.85416666666668,47.44701348747591,0.6568284552825929,0.48981238890075285,0.33403213276368016,0.6568284552825929,0.4955263549950437,0.3226042005750984,39.01841854700573,36.3705,33.72258145299427,65.58181690032737,66.91069847342881,62.924053754124486,65.96487530383263,67.31325808443766,63.268109742622556,1.8807784281421829,138.65877712031585,-51.47058823529409,-0.0036665072533077774,0.008389803162310357,0.031055388295459237,0.01782321541662896,0.08128889636446647,0.11794020758907504,,57.40850259187634
2024-07-24,37.35,38.17,37.07,37.27,7062729.0,265796492.52,3.4642,-0.6133,37.862,37.266,36.402499999999996,36.82899999999999,34.80716666666667,33.5605,,37.862,37.266,36.402499999999996,36.82899999999999,34.80716666666667,33.5605,,37.2235286356462,36.61097300128721,48.93899204244034,58.04794520547947,46.05326876513318,0.6125556343589835,0.5143610379923991,0.1963891927331689,0.6125556343589835,0.5135308595125729,0.19804954969282118,39.078938127928524,36.402499999999996,33.72606187207147,58.48836812963004,64.10325502549588,47.25859433789836,58.74374039863355,64.45675218916963,47.317716817561376,1.7388187139345133,76.92307692307719,-55.69852941176462,-0.015635729755427572,0.00010733644609040114,0.023830780852963585,0.011974259415135075,0.07075650129523142,0.11053172628536541,,94.0332074976602
2024-07-25,36.9,37.06,35.84,36.05,7008379.0,255332680.47,3.4376,-3.2734,37.882000000000005,37.184999999999995,36.423,36.77633333333333,34.90533333333334,33.562666666666665,,37.882000000000005,37.184999999999995,36.423,36.77633333333333,34.90533333333334,33.562666666666665,,37.04298576862371,36.569419445636306,49.331550802139034,45.59999999999999,44.31500465983223,0.4735663229874021,0.5062020949913997,-0.06527154400799517,0.4735663229874021,0.5073824692779313,-0.0676322925810584,39.081064986730425,36.423,33.76493501326958,46.283912086420024,58.16347404580394,22.52478816765219,46.4541602657557,58.45588821469832,22.450704367870458,1.6826698568555107,-7.637771820077515,-78.12500000000003,-0.04836069901272392,-0.030523060373806594,-0.010240781923509997,-0.019750020393550283,0.03279346040719638,0.07411012235817571,,71.69003014717252
2024-07-26,35.99,36.88,35.81,36.6,5122815.0,186684999.21,2.5127,1.5257,37.412,37.209,36.460499999999996,36.764,34.99783333333333,33.568083333333334,,37.412,37.209,36.460499999999996,36.764,34.99783333333333,33.568083333333334,,36.974834111912365,36.571684671885464,54.15070242656448,50.48888888888889,48.95377128953771,0.4031494400269011,0.4855915639985,-0.16488424794319778,0.4031494400269011,0.49134661862392665,-0.17639435719405105,39.105658238227186,36.460499999999996,33.81534176177281,41.51770609682906,52.61488472947899,19.323348831529202,41.63120488305284,52.84766043748316,19.198293774192194,1.571275337427236,-1.0110238138739778,-68.01470588235289,-0.02170426601090553,-0.0163670079819399,0.0038260583371046834,-0.004460885649004501,0.04577902441579724,0.09032141145979442,,116.34779670130963
2024-07-29,36.86,37.65,34.75,34.88,8632237.0,311306754.95,4.2341,-4.6995,36.46,37.042,36.455499999999994,36.653999999999996,35.07233333333333,33.547916666666666,,36.46,37.042,36.455499999999994,36.653999999999996,35.07233333333333,33.547916666666666,,36.65255194084892,36.44637469619025,18.931297709923683,42.14285714285715,48.435243139143,0.20617724465867582,0.4297087001305352,-0.44706291094371875,0.20617724465867582,0.4474744072446573,-0.482594325171963,39.11279165643638,36.455499999999994,33.79820834356361,28.459251512000172,44.56300699031938,-3.7482594446382507,28.53491736948269,44.74341274814967,-3.882073387851264,1.8128616397131925,-56.078959174517536,-97.65765765765761,-0.04333516182117384,-0.05836617893202308,-0.043217072869662775,-0.04839853767665177,-0.005483904692207448,0.039706886915481694,,61.7950814014315
2024-07-30,34.8,35.43,34.69,35.11,5119175.0,179063338.76,2.5109,0.6594,35.982000000000006,36.81,36.509,36.52766666666667,35.14066666666667,33.5335,,35.982000000000006,36.81,36.509,36.52766666666667,35.14066666666667,33.5335,,36.415236257641396,36.34738397795393,12.807881773399032,44.93106244931062,46.180904522613055,0.06785227968746455,0.3573374160419211,-0.5789702727089131,0.06785227968746455,0.3890710030050892,-0.6424374466352493,38.99936797111932,36.509,34.01863202888068,21.46837801334772,36.86479733132883,-9.324460622614495,21.51882191833607,37.001882471545144,-9.447299188082084,1.6177958870380669,-115.97222222222224,-92.51336898395719,-0.02423433939191837,-0.046183102417821316,-0.038319318524199536,-0.03881076444339,-0.0008726831211702098,0.047012688803733674,,106.79318326514893
2024-07-31,34.89,36.95,34.71,36.9,7502771.0,270770042.42,3.6801,5.0983,35.908,36.885000000000005,36.600500000000004,36.47233333333333,35.23799999999999,33.53216666666667,,35.908,36.885000000000005,36.600500000000004,36.47233333333333,35.23799999999999,33.53216666666667,,36.48981529492733,36.38831849810549,44.773519163763055,51.25628140703518,53.043478260869556,0.10149679682184143,0.3061692921979052,-0.4093449907521275,0.10149679682184143,0.34482881743843563,-0.4866640412331884,39.001109352467815,36.600500000000004,34.19989064753219,27.443565140211618,33.72438660095643,14.881922218721996,27.47719441020385,33.82698645109805,14.777610328415449,1.7309239075766005,-35.895209147488856,-60.60606060606059,0.02762615573131328,0.0004066693777956747,0.008182948320377994,0.0117257830136085,0.04716499233781731,0.1004358998573508,,164.42027374728013
2024-08-01,36.9,37.55,36.52,36.88,6187801.0,229214531.94,3.0351,-0.0542,36.074,36.977999999999994,36.673,36.405,35.343333333333334,33.54775,,36.074,36.977999999999994,36.673,36.405,35.343333333333334,33.54775,,36.54984371109236,36.424739350097674,46.47377938517179,47.895944912012254,52.51097025841054,0.12510436099468336,0.26995630595726083,-0.28970388992515494,0.12510436099468336,0.3110250549086276,-0.37184138782788845,39.01154745740265,36.673,34.334452542597354,31.308187811834514,32.91898700458246,28.08658942633862,31.330607325162667,32.994860075786264,28.002101823915467,1.6034831971081265,27.85095972901726,-60.9625668449197,0.022342961689859858,-0.002650224457785491,0.005644479589889039,0.013047658288696647,0.04347826086956528,0.09932856898003598,,99.4593146354978
2024-08-02,36.45,36.83,35.3,35.48,7255257.0,261186108.8,3.5587,-3.7961,35.85,36.631,36.67399999999999,36.30466666666667,35.398,33.56516666666667,,35.85,36.631,36.67399999999999,36.30466666666667,35.398,33.56516666666667,,36.385252370924306,36.35475865749785,45.008756567425564,47.46019711902955,51.18821292775665,0.030493713426459124,0.2220637874511005,-0.38314014804928276,0.030493713426459124,0.26786638698829396,-0.47474534712366967,39.0103795654136,36.67399999999999,34.337620434586384,26.149346316774107,30.662440108646344,17.123158733029626,25.581070361754314,30.523596837775617,15.696017409711708,1.5992135249066497,-74.69193166965118,-85.9180035650624,-0.01032078103207823,-0.031421473615244014,-0.03255712493864852,-0.02271516976697227,0.002316515057347693,0.05704822956338645,,67.90894566416212
2024-08-05,34.98,35.4,33.2,33.21,9198145.0,314060704.97,4.5117,-6.398,35.516,35.988,36.565,36.17733333333334,35.42033333333334,33.5635,,35.516,35.988,36.565,36.17733333333334,35.42033333333334,33.5635,,35.89675200616672,36.121813571757265,27.187079407806152,41.02228047182175,48.144836835046945,-0.22506156559054347,0.13263871684277173,-0.7154005648666304,-0.22506156559054347,0.1920313173607805,-0.8341857659026479,39.31958278434094,36.565,33.81041721565906,17.49996662566965,26.274948947654114,-0.04999801829927719,17.10548723705431,26.050893637535182,-0.7853255639074348,1.7229928840145303,-222.10202213530837,-99.84567901234571,-0.06492848293726763,-0.0771923974658219,-0.0917544099548748,-0.08202189216083743,-0.06240295122387342,-0.010532274643585944,,51.62411795206025
2024-08-06,33.9,34.05,33.35,33.86,4496430.0,151525518.7,2.2055,1.9572,35.266,35.624,36.406,36.12166666666667,35.466833333333334,33.578583333333334,,35.266,35.624,36.406,36.12166666666667,35.466833333333334,33.578583333333334,,35.58340554367953,35.95427182570117,41.98113207547166,30.28659953524398,47.248749431559794,-0.3708662820216375,0.031937717069889876,-0.8056079981830548,-0.3708662820216375,0.10543168668656233,-0.9525959374163997,39.40169796805143,36.406,33.41030203194857,16.61046464183218,23.053454179046803,3.7244855674029367,15.830217514173006,22.644001596414462,2.202649349690091,1.5624487232846151,-193.60209299559943,-86.72032193158961,-0.03986842851471669,-0.0495171794295981,-0.06993352744053176,-0.06261246712499433,-0.045305238227264,0.008380837984528782,,121.38940473424181
2024-08-07,33.83,34.77,33.75,33.98,3682049.0,126328351.22,0.9406,0.3544,34.682,35.295,36.2805,36.03333333333333,35.51266666666666,33.6065,,34.682,35.295,36.2805,36.03333333333333,35.51266666666666,33.6065,,35.33672776772883,35.80802946824182,40.95999999999997,27.066450567260915,46.66666666666666,-0.4713017005129885,-0.0687101664466858,-0.8051830681326053,-0.4713017005129885,0.016703473271246813,-0.9760103475684706,39.465692549744105,36.2805,33.0953074502559,16.916339723768232,21.007749360620615,8.733520450063466,16.39617497199545,20.561392721608126,8.065739472770098,1.4638216826874129,-139.9356913183282,-82.47191011235967,-0.020241047229110354,-0.03725740189828601,-0.06340871818194364,-0.05698427382053658,-0.04315830971108893,0.011113921414012169,,103.60106206609395
2024-08-08,33.66,34.78,33.58,34.35,3820794.0,130831870.75,0.9761,1.0889,34.176,35.125,36.155,35.99033333333333,35.57516666666667,33.616416666666666,,34.176,35.125,36.155,35.99033333333333,35.57516666666667,33.616416666666666,,35.18492349577055,35.70002728540909,23.60248447204971,35.09933774834437,47.487550928021726,-0.5151037896385446,-0.15798889108505756,-0.7142297971069742,-0.5151037896385446,-0.06511302871487495,-0.8999815218473394,39.44027496245677,36.155,32.86972503754323,19.891792025583314,20.635763582274848,18.403848912200246,19.545015524401457,20.222600322539236,18.189845928125898,1.4158541040169745,-117.87589963042232,-74.15730337078652,0.005091292134831445,-0.02206405693950174,-0.04992393859770432,-0.04557705309759095,-0.034438817339811,0.021822175177306787,,111.43809224847654
2024-08-09,35.2,35.5,33.51,33.54,8333549.0,285189680.16,2.1289,-2.3581,33.788,34.819,36.013999999999996,35.91333333333333,35.61866666666667,33.65025,,33.788,34.819,36.013999999999996,35.91333333333333,35.61866666666667,33.65025,,34.93185834257508,35.540025264267676,20.284697508896784,33.27354260089686,45.948313622426625,-0.6081669216925931,-0.24802449720656466,-0.7202848489720569,-0.6081669216925931,-0.14865978148067777,-0.9190142804238307,39.498264779351516,36.013999999999996,32.529735220648476,15.866558668396515,19.04602861098207,9.507618783225404,15.576826829001696,18.674009158026724,9.38246217095164,1.5202442669229794,-104.80130717169399,-92.35955056179783,-0.007339883982478915,-0.03673281828886537,-0.06869550730271552,-0.06608501949136797,-0.05835891292955015,-0.003276350101410855,,78.77042138438519
2024-08-12,33.3,33.3,31.47,31.77,9949577.0,318147281.44,2.5418,-5.2773,33.5,34.507999999999996,35.775,35.806333333333335,35.609833333333334,33.66075,,33.5,34.507999999999996,35.775,35.806333333333335,35.609833333333334,33.66075,,34.44541859756353,35.26076413358118,19.031719532554277,31.709401709401718,38.51851851851851,-0.8153455360176523,-0.3614887049687822,-0.9077136620977401,-0.8153455360176523,-0.2512268206402123,-1.12823743075488,39.728607280233284,35.775,31.82139271976671,12.222442621036278,16.771499947666804,3.1243279677752227,12.029288061439733,16.459102125831063,3.1696599326570762,1.620199854755165,-177.2934131736527,-95.06578947368419,-0.051641791044776134,-0.07934392025037662,-0.11194968553459117,-0.11272679879723331,-0.10783070219368249,-0.05617076268354094,,58.148908295579204
2024-08-13,31.79,31.94,31.22,31.59,6185573.0,195563984.85,1.5802,-0.5666,33.046,34.156,35.483,35.724666666666664,35.602999999999994,33.66866666666667,,33.046,34.156,35.483,35.724666666666664,35.602999999999994,33.66866666666667,,34.0061234287076,34.98885567924184,29.23076923076924,27.890556045895835,39.1496899911426,-0.9827322505342337,-0.48573741408187254,-0.9939896729047224,-0.9827322505342337,-0.36376611754698485,-1.2379322659744978,39.77049024856929,35.483,31.195509751430706,10.096688972212712,14.546562955848774,1.1969410049405909,9.967919265815016,14.295374505825714,1.3130087857936203,1.45652715389059,-170.31146454605704,-94.15481832543442,-0.04405979543666403,-0.07512589296170509,-0.10971451117436512,-0.11573702577117578,-0.11271522062747508,-0.06173890659960795,,94.4765684943608
2024-08-14,31.78,31.8,31.16,31.2,4794232.0,150745100.37,1.2248,-1.2346,32.49,33.586,35.235499999999995,35.59566666666667,35.5935,33.677083333333336,,32.49,33.586,35.235499999999995,35.59566666666667,35.5935,33.677083333333336,,33.57441213198336,34.7081997030017,13.46153846153851,31.59999999999998,37.477876106194685,-1.1337875710183454,-0.6153474454691672,-1.0368802510983564,-1.1337875710183454,-0.48223095654257875,-1.3031132289515333,39.91448538259354,35.235499999999995,30.55651461740645,6.966281772186484,12.019802561294679,-3.140759806029905,6.8539388741322815,11.814895961927904,-3.067975301458965,1.308067671365028,-149.67141998785723,-99.37402190923319,-0.039704524469067484,-0.07104150538915022,-0.11452938088007822,-0.12348881418150168,-0.12343545872139575,-0.07355397463656056,,88.31809261539672
2024-08-15,31.15,31.87,30.96,31.25,5030701.0,157882884.78,1.2852,0.1603,31.870000000000005,33.023,35.0005,35.45633333333333,35.571333333333335,33.681416666666664,38.84968,31.870000000000005,33.023,35.0005,35.45633333333333,35.571333333333335,33.681416666666664,38.84968,33.21681026552438,34.45203676203862,11.764705882353056,30.346232179226078,38.46501128668172,-1.2352264965142368,-0.7393232556781811,-0.9918064816721113,-1.2352264965142368,-0.5980764242305261,-1.2743001445674214,39.990183989571605,35.0005,30.0108160104284,6.773409580870279,10.271004901153212,-0.22178105969558715,6.216084178439122,9.948625367431644,-1.2489981995459232,1.2356917311168412,-129.21232876712318,-95.0596252129472,-0.019454032005020536,-0.05368985252702671,-0.10715561206268488,-0.11863418853237315,-0.12148359165620261,-0.07218866981545206,-0.1956175700803713,101.61417058269006
2024-08-16,31.4,31.44,30.8,30.88,4325778.0,134498588.42,1.1051,-1.184,31.338,32.563,34.596999999999994,35.303666666666665,35.55116666666667,33.674166666666665,38.76096,31.338,32.563,34.596999999999994,35.303666666666665,35.55116666666667,33.674166666666665,38.76096,32.85730099390525,34.18744144633205,1.4005602240896593,14.166666666666671,37.30407523510973,-1.3301404524268037,-0.8574866950279056,-0.9453075147977961,-1.3301404524268037,-0.7107016593376457,-1.238877586178316,39.54694354034762,34.596999999999994,29.64705645965237,5.082982273771664,8.541664025359363,-1.8343812294037338,4.711432005484225,8.202894246782506,-2.2714924771123375,1.1273841436410519,-124.74587568738544,-98.29787234042556,-0.014614844597613183,-0.05168442711052432,-0.10743706101685105,-0.12530332071267383,-0.13139278129644133,-0.08297656462669205,-0.20332210554124558,88.77132451593846
2024-08-19,30.97,31.41,30.7,31.1,3816984.0,118605444.19,0.9751,0.7124,31.203999999999997,32.352,34.17,35.160666666666664,35.54116666666667,33.666250000000005,38.6718,31.203999999999997,32.352,34.17,35.160666666666664,35.54116666666667,33.666250000000005,38.6718,32.586946994842904,33.95874207993708,9.060402684563854,16.395348837209326,35.394554683894796,-1.3717950850941776,-0.9603483730411602,-0.8228934241060348,-1.3717950850941776,-0.812408340223266,-1.1187734897418231,38.747629816492335,34.17,29.59237018350767,6.166432626958902,7.749920225892543,2.9994574290916205,5.918732448100609,7.441506980555208,2.873183383191412,1.051496117524497,-114.99231521587247,-91.66666666666661,-0.003332906037687337,-0.03869930761622142,-0.08984489318115306,-0.11548889857985238,-0.12495838159505177,-0.07622619091820453,-0.19579642013043086,107.35714995736943
2024-08-20,31.0,31.05,30.34,30.45,4299787.0,131549605.06,1.0985,-2.09,30.976,32.011,33.8175,34.941,35.49616666666667,33.64841666666667,38.58168,30.976,32.011,33.8175,34.941,35.49616666666667,33.64841666666667,38.58168,32.25818591871323,33.698835259201,14.516129032258178,17.961783439490475,36.454372623574145,-1.4406493404877665,-1.0564085665304814,-0.7684815479145701,-1.4406493404877665,-0.90906080180242,-1.063177077370693,38.40120512048674,33.8175,29.23379487951326,4.821549399884743,6.773796617223278,0.917054965207674,4.6564159473125475,6.513143302807655,0.9429612363223328,0.998496823429134,-118.73562509362974,-97.86821705426357,-0.01698088842975206,-0.04876448720752252,-0.09957862053670445,-0.12853095217652621,-0.1421608906126014,-0.09505400204566347,-0.21076531659585584,80.9597352738716
2024-08-21,30.29,30.57,29.8,29.92,3985228.0,120124828.9,1.0181,-1.7406,30.72,31.604999999999997,33.45,34.722,35.448,33.61108333333333,38.48868,30.72,31.604999999999997,33.45,34.722,35.448,33.61108333333333,38.48868,31.898465008141965,33.41892153629722,12.21719457013586,23.076923076923123,35.89143659335518,-1.520456528155254,-1.149218158855436,-0.742476738599636,-1.520456528155254,-1.003121682779779,-1.0346696907509498,38.0467677431221,33.45,28.8532322568779,3.916120652554747,5.821237962333768,0.10588603299670396,3.8060316841732833,5.610772763262865,0.19654952599411857,0.9569519464420186,-119.78438923536568,-97.89473684210525,-0.026041666666666574,-0.05331434899541197,-0.10553064275037372,-0.13829848511030468,-0.15594673888512747,-0.10981744613012072,-0.22262857546686454,83.89632207398058
2024-08-22,30.03,30.07,29.33,29.41,4150160.0,122643496.27,1.0602,-1.7045,30.351999999999997,31.111,33.117999999999995,34.47366666666667,35.39149999999999,33.58833333333333,38.40312,30.351999999999997,31.111,33.117999999999995,34.47366666666667,35.39149999999999,33.58833333333333,38.40312,31.515624237658585,33.12196438546039,11.587982832618124,12.730318257956526,24.735169491525426,-1.6063401478018022,-1.2406425566447092,-0.731395182314186,-1.6063401478018022,-1.095924523552398,-1.0208312484988085,37.880262178065045,33.117999999999995,28.355737821934945,3.282451551745162,4.974975825470899,-0.1025969957063122,2.969553267568801,4.730366264698177,-0.5520727266899517,0.9175061379980156,-119.14513970558409,-98.70340356564017,-0.031035846072746332,-0.05467519526855454,-0.11196328280693264,-0.14688506202802137,-0.16900950793269554,-0.12439835260259012,-0.23417680646780784,84.20431614671853
2024-08-23,29.2,29.73,29.2,29.51,2791385.0,82209434.87,0.7131,0.34,30.078000000000003,30.708,32.76350000000001,34.24533333333333,35.31816666666667,33.54891666666666,38.32556,30.078000000000003,30.708,32.76350000000001,34.24533333333333,35.31816666666667,33.54891666666666,38.32556,31.20706666263419,32.85441146801888,13.445378151260627,12.436974789916093,22.307271733187562,-1.6473448053846909,-1.3219830063927056,-0.6507235979839705,-1.6473448053846909,-1.1807584130650584,-0.933172784639265,37.489817248856596,32.76350000000001,28.037182751143416,5.959590572209695,5.3031807410504985,7.272410234528088,4.500027381631253,4.653586637009203,4.192908870875353,0.847050476543831,-110.15279774263945,-92.43902439024384,-0.018884234324090744,-0.03901263514393633,-0.09930257756344729,-0.13827674817006677,-0.16445266600285977,-0.12038888488699324,-0.23001777403904863,103.45270480657432
2024-08-26,29.5,29.73,29.21,29.49,2889607.0,85263011.16,0.7382,-0.0678,29.756,30.48,32.49400000000001,34.01,35.24983333333333,33.503,38.24972,29.756,30.48,32.49400000000001,34.01,35.24983333333333,33.503,38.24972,30.94290256069047,32.60519580372119,15.76354679802968,6.607142857142918,25.231910946196678,-1.6622932430307173,-1.390045053720308,-0.5444963786208188,-1.6622932430307173,-1.2548406945982367,-0.8149050968649614,37.32568228303639,32.49400000000001,27.662317716963617,7.593534788464378,6.066632090188459,10.647340185016217,6.527998789700628,5.278390687906345,9.027214993289192,0.7875867535358616,-100.24361995287349,-89.41605839416063,-0.008939373571716688,-0.03248031496062999,-0.09244783652366614,-0.13290208762128786,-0.1634002997650106,-0.1197803181804615,-0.22901396402378904,99.32432687782813
2024-08-27,29.49,29.72,28.98,29.63,3672879.0,107954572.1,0.9383,0.4747,29.592000000000002,30.284,32.220000000000006,33.75,35.17283333333333,33.46025,38.174119999999995,29.592000000000002,30.284,32.220000000000006,33.75,35.17283333333333,33.46025,38.174119999999995,30.740917551353476,32.38481092937147,12.307692307692378,10.344827586206975,26.243781094527378,-1.6438933780179923,-1.4408147185798448,-0.406157318876295,-1.6438933780179923,-1.3146949535858914,-0.6583968488642018,37.04857721225767,32.220000000000006,27.39142278774234,12.559473019299189,8.230912399892034,21.216594258113496,11.849115686790022,7.4686323542009045,20.610082351968256,0.778934616529341,-93.24404281641671,-77.50865051903119,0.0012841308461745303,-0.021595562012944127,-0.0803848541278711,-0.1220740740740741,-0.1575884797452579,-0.1144716491956875,-0.22381969774286864,104.85008558102207
2024-08-28,29.36,29.67,29.23,29.3,2917643.0,85764301.14,0.7454,-1.1137,29.468,30.094,31.839999999999996,33.52166666666667,35.087833333333336,33.42183333333334,38.095200000000006,29.468,30.094,31.839999999999996,33.52166666666667,35.087833333333336,33.42183333333334,38.095200000000006,30.51923792806833,32.15630641608469,14.723926380368198,14.613180515759424,27.78143515470707,-1.6370684880163608,-1.480065472467148,-0.3140060310984256,-1.6370684880163608,-1.3642908819598099,-0.545555212113102,36.29995043635397,31.839999999999996,27.380049563646025,12.709025373299733,9.723616724361268,18.679842671176665,11.590298577813883,8.842521095405232,17.085853542631185,0.7173101407967337,-89.274853398515,-88.92733564013841,-0.005701099497760257,-0.026383996809995362,-0.07977386934673354,-0.12593844777009897,-0.16495271390367985,-0.12332756531409121,-0.23087423087423098,89.40456382414516
2024-08-29,29.15,30.34,28.81,30.17,5786011.0,171682685.57,1.4781,2.9693,29.619999999999997,29.986,31.504499999999997,33.329,35.0065,33.39216666666667,38.02044,29.619999999999997,29.986,31.504499999999997,33.329,35.0065,33.39216666666667,38.02044,30.46550901605782,32.00917260748582,56.34517766497459,33.0143540669857,29.27143778207609,-1.543663591428004,-1.4927850962593192,-0.1017569903373694,-1.543663591428004,-1.3918866834164552,-0.3035538160230975,35.33290065548845,31.504499999999997,27.676099344511538,25.908581018097287,15.118604822273273,47.48853340974531,24.96387459053247,14.216305593780978,46.45901258403545,0.865071933379146,-73.35516366170883,-48.288973384030356,0.01856853477380163,0.006136196891882914,-0.04235902807535416,-0.0947823217018212,-0.13816005598960196,-0.09649468687766091,-0.20647946209985993,133.99139178374222
2024-08-30,29.67,31.37,29.65,31.15,7503714.0,230623247.79,1.917,3.2483,29.948,30.012999999999998,31.288,33.068999999999996,34.919333333333334,33.376333333333335,37.95512,29.948,30.012999999999998,31.288,33.068999999999996,34.919333333333334,33.376333333333335,37.95512,30.570815321279692,31.945530192116504,85.65573770491798,49.47589098532494,37.37305348679755,-1.3747148708368115,-1.4691710511748177,0.18891236067601236,-1.3747148708368115,-1.38924486609651,0.029059990519396894,34.62842921918997,31.288,27.94757078081003,47.741137345398165,25.992782329981573,91.23784737623136,46.642583060354966,25.025064749305642,89.8776196824536,1.0205134000374834,-30.134960251433,-10.000000000000055,0.04013623614264719,0.037883583780361864,-0.0044106366658144235,-0.05803017932202356,-0.10794402336814378,-0.06670395190204645,-0.17929386074922177,137.66622645343637
2024-09-02,30.88,30.95,29.88,29.9,4690254.0,142988887.18,1.1982,-4.0128,30.03,29.892999999999994,31.122500000000002,32.74433333333334,34.80416666666667,33.34408333333333,37.8888,30.03,29.892999999999994,31.122500000000002,32.74433333333334,34.80416666666667,33.34408333333333,37.8888,30.46761296415974,31.79400943714491,55.431754874651766,38.69346733668341,33.50221659278024,-1.32639647298517,-1.4406161355368883,0.22843932510343645,-1.32639647298517,-1.3795758825409192,0.10635881911149836,34.38915368776467,31.122500000000002,27.855846312235332,46.02013323026543,32.66856596340953,72.72326776397723,45.2877637069033,31.77929773517153,72.30469565036685,1.065874600030668,-47.39747502543353,-57.42187500000004,-0.004329004329004414,0.00023416853443966829,-0.039280263474978025,-0.08686490283306032,-0.14090745839818034,-0.1032891892364712,-0.2108485885010875,66.39438818468471
2024-09-03,29.68,30.5,29.68,30.06,2307704.0,69584124.87,0.5895,0.5351,30.116000000000003,29.853999999999996,30.932499999999997,32.49633333333333,34.66983333333334,33.308749999999996,37.82948,30.116000000000003,29.853999999999996,30.932499999999997,32.49633333333333,34.66983333333334,33.308749999999996,37.82948,30.404903277365936,31.665564293652697,57.6407506702413,42.88194444444445,25.847457627118658,-1.260661016286761,-1.4046251116868629,0.2879281908002036,-1.260661016286761,-1.361281287732587,0.20124054289165194,33.96219079540908,30.932499999999997,27.90280920459092,46.956130486843605,37.43108747122089,66.00621651808902,46.46788413793552,36.675493202759526,66.0526660082875,1.0211701272978193,-50.89072493206328,-51.17187500000004,-0.0018594766901316405,0.006900247872981949,-0.028206578841024774,-0.07497256100688283,-0.13296381580528713,-0.0975344316433369,-0.2053816230093567,105.48188428885956
2024-09-04,29.8,30.24,29.6,29.81,2390942.0,71487615.51,0.6108,-0.8317,30.217999999999996,29.843,30.724,32.24766666666667,34.53833333333333,33.270916666666665,37.76592000000001,30.217999999999996,29.843,30.724,32.24766666666667,34.53833333333333,33.270916666666665,37.76592000000001,30.313379696232712,31.52811508671546,52.34374999999999,38.860103626942994,25.434329395413485,-1.2147353904827476,-1.3666471674460399,0.30382355392658456,-1.2147353904827476,-1.3387357650787655,0.24800074919203574,33.42696834882206,30.724,28.021031651177942,44.3249203245624,39.72903175566806,53.51669746235106,43.99942275862367,39.11680305471424,53.76466216644255,0.9518664677891242,-56.680792720926696,-60.937500000000036,-0.01350188629293791,-0.0011057869517140117,-0.029748730634032074,-0.0755920324984754,-0.13690102784345884,-0.10402228172252541,-0.21066400606684565,91.98775033391722
2024-09-05,29.79,30.2,29.79,30.06,2121372.0,63645869.77,0.5419,0.8386,30.195999999999998,29.907999999999998,30.509499999999996,32.047999999999995,34.412166666666664,33.237833333333334,37.710840000000005,30.195999999999998,29.907999999999998,30.509499999999996,32.047999999999995,34.412166666666664,33.237833333333334,37.710840000000005,30.274398204504603,31.419365821032834,60.10638297872338,46.38218923933209,29.53172205438068,-1.1449676165282305,-1.322311257262478,0.35468728146849493,-1.1449676165282305,-1.3089252806863756,0.3279153283162901,32.61595599101957,30.509499999999996,28.403044008980427,45.825988549708256,41.7613506870148,53.955264275095175,45.60899017241577,41.28086542728142,54.26523966268449,0.8533452918274652,-42.317939886311585,-51.17187500000004,-0.004503907802357903,0.005082252240203325,-0.01473311591471499,-0.06203195207189205,-0.12647174206797013,-0.09560891955452377,-0.20288171782967457,108.71012676905147
2024-09-06,30.13,30.16,29.15,29.2,3023657.0,89403614.16,0.7724,-2.8609,29.806,29.877,30.2925,31.801333333333336,34.282666666666664,33.20183333333333,37.65032,29.806,29.877,30.2925,31.801333333333336,34.282666666666664,33.20183333333333,37.65032,30.109106173042356,31.254968352808177,37.06666666666662,43.70629370629369,33.0515638207946,-1.145862179765821,-1.2870214417631467,0.2823185239946513,-1.145862179765821,-1.2838386497755212,0.2759529400194003,31.92542279122505,30.2925,28.65957720877495,35.62878403313884,39.717161802389484,27.45202849463756,35.48411844827719,39.34861643428001,27.755122476271538,0.8818279660406536,-78.47783663228327,-84.76562499999999,-0.020331476883848943,-0.02265957090738694,-0.03606503259882813,-0.08179950526183398,-0.14825762289981326,-0.12053049279407263,-0.224442182695924,74.8063994512641
2024-09-09,29.08,29.27,28.4,28.69,3832978.0,110208726.5,0.9792,-1.7466,29.564,29.796999999999997,30.1385,31.595000000000002,34.1245,33.15975,37.56724,29.564,29.796999999999997,30.1385,31.595000000000002,34.1245,33.15975,37.56724,29.890782146420456,31.064970697044608,12.500000000000014,43.706293706293714,27.887082976903358,-1.1741885506241516,-1.2644548635353479,0.1805326258223925,-1.1741885506241516,-1.2669694037522334,0.18556170625616364,31.765654765710956,30.1385,28.511345234289045,27.007292610195847,35.48053873832494,10.060800353937665,26.910848886954742,35.20269391850492,10.32715882385439,0.879677426760535,-140.66922765871473,-90.23569023569016,-0.029562982005141347,-0.03715139107963875,-0.04806144964082483,-0.09194492799493593,-0.1592550806605224,-0.1347944420570119,-0.23630269351701103,83.84496117804613
2024-09-10,28.64,28.81,27.72,28.12,5641084.0,158651428.48,1.4411,-1.9868,29.176,29.645999999999997,29.964999999999996,31.362000000000002,33.944833333333335,33.10641666666667,37.4752,29.176,29.645999999999997,29.964999999999996,31.362000000000002,33.944833333333335,33.10641666666667,37.4752,29.618354123894232,30.84682471948575,15.769230769230774,38.77221324717285,25.86490939044485,-1.2284705955915172,-1.2572580099465818,0.0575748287101292,-1.2284705955915172,-1.2610465101890465,0.06515182919505857,31.67821181902268,29.964999999999996,28.251788180977314,21.657829776660265,30.872969084436715,3.227551161107364,21.593533961166195,30.66630726605868,3.447987351381215,0.9179178946222558,-183.02287998639127,-89.0410958904109,-0.036194132163421905,-0.051474060581528584,-0.06157183380610698,-0.10337350934251645,-0.17159705207959977,-0.15061783088374106,-0.24963709333105627,81.81777804269204
2024-09-11,27.93,28.09,27.5,27.92,4360667.0,120864199.5,1.114,-0.7112,28.798000000000002,29.508,29.801000000000005,31.062666666666665,33.7675,33.055166666666665,37.37848,28.798000000000002,29.508,29.801000000000005,31.062666666666665,33.7675,33.055166666666665,37.37848,29.35706887406435,30.63002288841273,9.469696969696983,37.676609105180546,23.141186299081042,-1.2729540143483788,-1.2603972108269412,-0.02511360704287524,-1.2729540143483788,-1.2628784339058667,-0.020151160885024222,31.63979708963197,29.801000000000005,27.962202910368042,18.056124243871714,26.600687470915048,0.9669977897850472,18.01326036687567,26.448624966331014,1.1425311679649823,0.8637510046909367,-195.55773313735048,-89.14728682170538,-0.03048822834919092,-0.05381591432831766,-0.06311868729237285,-0.10117182469845892,-0.1731694676834233,-0.15535140749555026,-0.25304613777767315,93.110996804192
2024-09-12,27.97,28.16,27.62,27.66,4075934.0,113584470.3,1.0413,-0.9312,28.318,29.256999999999998,29.621500000000005,30.755333333333333,33.58016666666666,33.00083333333333,37.28432,28.318,29.256999999999998,29.621500000000005,30.755333333333333,33.58016666666666,33.00083333333333,37.28432,29.095981354977525,30.41002119297475,9.43396226415095,34.82280431432973,24.255691768826622,-1.3140398379972247,-1.271125736260998,-0.08582820347245335,-1.3140398379972247,-1.2707494191506912,-0.08658083769306701,31.56276681373327,29.621500000000005,27.68023318626674,13.583309882387908,22.261561608072668,-3.773193568981611,13.38696255293865,22.094737495200228,-4.028587331584504,0.8048871856562207,-175.64775075504716,-95.8656330749354,-0.02323610424465009,-0.05458522746693092,-0.06621879378154395,-0.10064379077883509,-0.1762995021863103,-0.16183934749122494,-0.25813317770043814,91.06838150311233
2024-09-13,27.6,27.82,27.05,27.08,4339389.0,118983164.6,1.1086,-2.0969,27.894,28.85,29.4315,30.47533333333333,33.39,32.93966666666667,37.186080000000004,27.894,28.85,29.4315,30.47533333333333,33.39,32.93966666666667,37.186080000000004,28.785830377288676,30.1633529564581,0.0,33.53115727002965,27.0772238514174,-1.377522579169426,-1.292405104842684,-0.17023494865348443,-1.377522579169426,-1.2871760591535735,-0.18069304003170528,31.586242871458698,29.4315,27.276757128541302,9.345394994055685,17.956172736733677,-7.8761604913003005,9.181051958369338,17.790175649589933,-8.037195424071854,0.7985440609914531,-192.1105680896804,-99.23076923076928,-0.029181902918190297,-0.06135181975736579,-0.07989738885208031,-0.11141250847680091,-0.18897873614854754,-0.17789089142776193,-0.2717705119765247,80.9030402789862
2024-09-18,27.18,27.36,26.6,27.21,3446250.0,92925904.42,0.8804,0.4801,27.598000000000003,28.581,29.237000000000002,30.275333333333332,33.226333333333336,32.88741666666667,37.09428,27.598000000000003,28.581,29.237000000000002,30.275333333333332,33.226333333333336,32.88741666666667,37.09428,28.54339493462888,29.94458607079454,5.777777777777885,25.33333333333333,28.487229862475473,-1.4011911361656608,-1.3141623111072795,-0.17405765011676255,-1.4011911361656608,-1.3047168402323561,-0.1929485918666094,31.45882570731392,29.237000000000002,27.015174292686083,11.816343915451043,15.909563129639466,3.629905487074197,11.334376519254771,15.638242606144882,2.726644345474547,0.7915360499020977,-171.78700431118176,-84.35897435897436,-0.01405898978186831,-0.04796893040831317,-0.06932995861408492,-0.10124854116662624,-0.1810712386761505,-0.1726318830150336,-0.2664637243262303,104.90563517969262
2024-09-19,27.3,27.9,27.02,27.67,4600452.0,126881237.67,1.1753,1.6906,27.508,28.342000000000002,29.098000000000003,30.069000000000003,33.095333333333336,32.849583333333335,36.99896,27.508,28.342000000000002,29.098000000000003,30.069000000000003,33.095333333333336,32.849583333333335,36.99896,28.40902648314751,29.776098213698646,26.8181818181819,18.248175182481802,32.78048780487808,-1.3670717305511353,-1.3247441949960508,-0.08465507111016901,-1.3670717305511353,-1.314309900281399,-0.10552366053947271,31.347964678084605,29.098000000000003,26.8480353219154,17.784970017708112,16.53469875899568,20.285512535132973,17.354785811371325,16.2104236745537,19.643510085006575,0.8076204044653524,-114.26922522002569,-70.60439560439558,0.005889195870292373,-0.023710394467574645,-0.049075537837652096,-0.07978316538627825,-0.16393046350945756,-0.15767576960641305,-0.2521411412645111,118.25136800111189
2024-09-20,27.75,27.77,27.27,27.51,2637269.0,72560115.91,0.6737,-0.5782,27.426,28.112000000000002,28.977500000000003,29.853333333333335,32.943333333333335,32.81425,36.914199999999994,27.426,28.112000000000002,28.977500000000003,29.853333333333335,32.943333333333335,32.81425,36.914199999999994,28.27071471650943,29.608239086758005,32.960893854748676,22.779043280182293,31.94980694980697,-1.3375243702485733,-1.3273002300465553,-0.020448280404036012,-1.3375243702485733,-1.3178813571994257,-0.039286026098295235,31.2991044814778,28.977500000000003,26.655895518522204,20.37724592940841,17.815547815799924,25.500642156625382,19.99578313350682,17.472210160871406,25.042929078777647,0.7516894218352883,-99.81871742578724,-74.7222222222222,0.003062787136294144,-0.02141434262948208,-0.05064274005694076,-0.07849486377847253,-0.16492967722351512,-0.1616447122820116,-0.2547583314821937,94.36573186705989
2024-09-23,27.6,27.95,27.48,27.57,2980913.0,82599664.32,0.7615,0.2181,27.407999999999998,27.863,28.8855,29.627333333333333,32.80883333333334,32.78958333333333,36.828720000000004,27.407999999999998,27.863,28.8855,29.627333333333333,32.80883333333334,32.78958333333333,36.828720000000004,28.162912452431055,29.457258413664817,39.39393939393939,20.979020979021016,33.532338308457724,-1.2943459612337627,-1.3207093762839968,0.05272683010046819,-1.2943459612337627,-1.314260527050862,0.03982913163419877,31.27963735700508,28.8855,26.491362642994922,25.694693291266027,20.441929640955294,36.2002205918875,22.41291909274986,19.119113138164224,29.000531001921132,0.700473163319781,-79.4200354350547,-72.75280898876406,0.005910683012259289,-0.010515737716685184,-0.045541880874487205,-0.06944038162957626,-0.15967752586955763,-0.15918419213418894,-0.25139945129779157,102.20255597329577
2024-09-24,27.85,28.89,27.61,28.85,5488889.0,155794381.16,1.4022,4.6427,27.762,27.827999999999996,28.8525,29.471,32.692166666666665,32.7725,36.74832,27.762,27.827999999999996,28.8525,29.471,32.692166666666665,32.7725,36.74832,28.268618228980124,29.412276308948904,72.28464419475654,40.977443609022586,39.87398739873988,-1.1436580799687803,-1.2852991170209536,0.28328207410434647,-1.1436580799687803,-1.2880139967305417,0.2887118335235228,31.228519448794426,28.8525,26.476480551205572,49.88088723056747,30.254915504159353,89.1328306833837,43.0318337022827,27.09001999287038,74.91546112110731,0.8131144063525482,-25.330276231029618,-15.730337078651626,0.039190260067718495,0.0367256001149923,-8.664760419366525e-05,-0.021071561874384942,-0.1175256050124137,-0.11968876344496146,-0.2149300974847285,157.4310941652218
2024-09-25,29.27,30.07,29.08,29.27,6869495.0,203323303.75,1.7549,1.4558,28.174,27.886000000000003,28.841499999999996,29.387666666666668,32.597,32.75716666666667,36.67244,28.174,27.886000000000003,28.841499999999996,29.387666666666668,32.597,32.75716666666667,36.67244,28.422676962983182,29.40173732310084,93.62549800796813,42.80510018214937,44.57720588235295,-0.9790603601176571,-1.2240513656402943,0.4899820110452744,-0.9790603601176571,-1.2404826680208672,0.5228446158064202,31.207106854375933,28.841499999999996,26.47589314562406,58.902339805969085,39.80405693809593,97.09890554171538,54.3363041204459,36.172114702062224,90.66468295721326,0.8870936051975391,41.72536172536166,-23.054755043227694,0.03890111450273302,0.04963063903033768,0.014857063606261923,-0.0040039472341005305,-0.10206460717243923,-0.10645507598846064,-0.20185294460908523,115.54976043789328
2024-09-26,29.12,30.43,29.12,30.39,6845165.0,203946757.38,1.7487,3.8264,28.718,28.113,28.879499999999997,29.347666666666665,32.53616666666667,32.747416666666666,36.60552,28.718,28.113,28.879499999999997,29.347666666666665,32.53616666666667,32.747416666666666,36.60552,28.725342045601153,29.47494196583411,95.42857142857143,60.34782608695652,52.04882301656494,-0.7495999202329564,-1.1291610765588267,0.7591223126517406,-0.7495999202329564,-1.1649622452842654,0.830724650102618,31.3216170712049,28.879499999999997,26.437382928795092,72.25343106298723,50.620514979726366,115.51926322950897,69.20940727263844,47.184545558920966,113.25913070007341,0.9639856769798044,71.28417916799668,-1.0443864229764794,0.05822132460477751,0.08099455767794263,0.05230353711109971,0.03551673614029515,-0.06596249302058732,-0.07198786672740086,-0.16979734204021685,145.5726461461031
2024-09-27,31.0,32.5,30.86,32.33,6937453.0,219134647.37,1.7723,6.3837,29.682,28.554000000000002,29.031,29.385333333333335,32.490500000000004,32.75675,36.54972,29.682,28.554000000000002,29.031,29.385333333333335,32.490500000000004,32.75675,36.54972,29.279904807816358,29.686427746142694,96.7871485943775,75.34818941504176,61.31782945736433,-0.40652293832633646,-0.9846334489123286,1.1562210211719843,-0.40652293832633646,-1.0482792749830456,1.2835126733134183,31.918314541776606,29.031,26.14368545822339,80.54183539792368,60.59428845245881,120.4369292888534,78.51248620435783,57.62719244073325,120.28307373160698,1.1723519175289308,165.84461867426955,-2.8813559322034195,0.0892123172292972,0.13224066680675198,0.11363714649857048,0.10020872090385213,-0.004939905510841817,-0.013027849221916046,-0.11545150003885125,185.67355183703697
2024-09-30,33.71,38.3,33.33,37.76,20608589.0,740277665.85,5.2648,16.7955,31.72,29.564,29.410500000000003,29.602333333333334,32.529333333333334,32.811749999999996,36.514559999999996,31.72,29.564,29.410500000000003,29.602333333333334,32.529333333333334,32.811749999999996,36.514559999999996,30.58453483738307,30.28447013531731,100.0,90.0332225913621,72.62753702687877,0.30006470206576097,-0.7276938187167108,2.0555170415649435,0.30006470206576097,-0.8408417400524599,2.281812884236442,34.25799517520967,29.410500000000003,24.563004824790333,85.48942872682092,68.89266854391285,118.68294909263707,84.13652926444368,66.46363804863674,119.48231169605756,2.0446515688873066,316.5890785487327,-4.61538461538461,0.19041614123581335,0.2772290623731565,0.28389520749392205,0.2755751235826004,0.16079845882690488,0.15080725654681637,0.034108037999088646,472.3487932287866
2024-10-08,45.31,45.31,43.33,45.31,34711066.0,1566872770.77,8.8675,19.9947,35.012,31.387,30.118499999999994,30.083333333333332,32.6935,32.93875,36.5096,35.012,31.387,30.118499999999994,30.083333333333332,32.6935,32.93875,36.5096,32.849991016247216,31.39747234751603,100.0,94.84270242392985,80.70652173913044,1.4525186687311873,-0.29165132122713117,3.488339979916637,1.4525186687311873,-0.48801706177805265,3.8810714610184798,38.71910530305537,30.118499999999994,21.517894696944616,90.32628581788062,76.03720763523543,118.904442183171,89.42435284296246,74.11720964674532,120.03863923539677,3.045624010907797,419.737502689522,-0.0,0.29412772763623907,0.4435912957593909,0.5043909889270718,0.5061495844875348,0.3859023965008336,0.3755834693180526,0.24104345158533655,618.9004030650968
2024-10-09,43.68,50.04,42.08,45.7,56789627.0,2662622372.92,14.5079,0.8607,38.298,33.236000000000004,30.908499999999997,30.57,32.86533333333333,33.06333333333333,36.50836,38.298,33.236000000000004,30.908499999999997,30.57,32.86533333333333,33.06333333333333,36.50836,34.82691547528611,32.456918840292616,100.0,96.20901639344261,80.89196462898886,2.369996634993491,0.2406782700169933,4.258636729952996,2.369996634993491,-0.04832264689012283,4.836638563767228,41.97397837099438,30.908499999999997,19.843021629005612,87.19746824983581,79.75729450676889,102.07781573596964,86.66517817680267,78.2998658234311,103.3958028835458,3.93914691801547,282.3806325634618,-18.853171155516925,0.1932738001984438,0.37501504392827045,0.47855767830855617,0.49492966961072954,0.390522942107185,0.38219578586551073,0.2517680881858292,108.94853101619857
2024-10-10,45.65,45.99,40.7,42.4,29668737.0,1276301429.56,7.5794,-7.221,40.7,34.709,31.5255,30.96833333333333,32.95466666666667,33.166583333333335,36.49643999999999,40.7,34.709,31.5255,30.96833333333333,32.95466666666667,33.166583333333335,36.49643999999999,35.99200540216517,33.19344337064131,83.27420172326404,84.44244604316545,72.60179434092477,2.7985620315238577,0.7522550223183663,4.092614018410983,2.7985620315238577,0.38965961132741267,4.81780484039289,43.7112008091666,31.5255,19.3397991908334,80.17656275757376,79.89705059037053,80.73558709198022,79.92581194805436,78.8418478649722,82.09374011421869,4.184756569285384,172.59695411294143,-33.55292050944225,0.041769041769041663,0.2215851796364054,0.3449429826648268,0.36914051988590507,0.2866159572746398,0.27839517184716533,0.16175714672444783,47.26030991351629
2024-10-11,41.05,42.1,38.5,39.13,18210688.0,727594539.16,4.6522,-7.7123,42.06,35.871,31.991499999999995,31.275333333333332,32.998666666666665,33.24358333333333,36.47016000000001,42.06,35.871,31.991499999999995,31.275333333333332,32.998666666666665,33.24358333333333,36.47016000000001,36.474773801832065,33.633188306149364,69.97257769652651,73.48305752561072,64.27660930529,2.8415854956827005,1.1701211169912331,3.3429287573829347,2.8415854956827005,0.7668789781513031,4.1494130350627945,44.60624538199756,31.991499999999995,19.37675461800243,70.57097050534641,76.78835722869582,58.13619705864761,70.49723160603152,76.06030911199197,59.37107659411063,4.132982647597132,105.61196274913179,-48.359929078014176,-0.06966238706609604,0.09085333556354716,0.22313739587077844,0.25114573785517885,0.18580548709038763,0.1770692589798032,0.07293195313648185,44.81670394453204
2024-10-14,39.29,40.25,37.64,39.81,19556077.0,764354632.27,4.9959,1.7378,42.470000000000006,37.095000000000006,32.479,31.622,33.04783333333333,33.328583333333334,36.43992,42.470000000000006,37.095000000000006,32.479,31.622,33.04783333333333,33.328583333333334,36.43992,36.98788552462713,34.09072991310126,68.13773035887489,73.7109375,63.93178893178894,2.897155611525868,1.51552801589816,2.7632551912554155,2.897155611525868,1.094613844824313,3.6050835334031097,45.525646514072314,32.479,19.432353485927685,64.11156303409862,72.5627591638301,47.20917077463568,65.12863441590986,72.41641754663127,50.55306815446704,3.8560767116703802,83.0486837111411,-45.608559964333466,-0.06263244643277616,0.07319045693489677,0.2257150774346502,0.2589336537853394,0.20461754930983897,0.19447021200521078,0.09248318876660545,118.80187550548509
2024-10-15,39.79,41.49,39.21,39.23,17354964.0,700639499.37,4.4336,-1.4569,41.254000000000005,38.132999999999996,32.9805,31.946,33.095666666666666,33.407250000000005,36.41056,41.254000000000005,38.132999999999996,32.9805,31.946,33.095666666666666,33.407250000000005,36.41056,37.332826213146035,34.471416586204874,54.66074825618263,72.52113758647192,65.34034856954949,2.8614096269411604,1.7847043381067602,2.1534105776688004,2.8614096269411604,1.3664285805345973,2.9899620928131263,46.265357188781266,32.9805,19.695642811218733,58.85002863841119,67.99184898869046,40.56638793785265,59.560947116967895,68.13126073674349,42.420319877416716,3.569517309548493,80.02637420102943,-51.57442748091604,-0.049061909148204,0.028767733983688707,0.1894907596913327,0.22800976648093643,0.18535155659854757,0.17429599862305312,0.07743467829113314,86.34979392491363
2024-10-16,38.0,39.68,37.68,38.71,10083282.0,391217632.08,2.5759,-1.3255,39.856,39.077000000000005,33.4815,32.25333333333334,33.13166666666667,33.49125,36.379760000000005,39.856,39.077000000000005,33.4815,32.25333333333334,33.13166666666667,33.49125,36.379760000000005,37.544699103431256,34.78538572796748,12.24256292906179,71.03474320241692,64.05589860253494,2.759313375463776,1.9796261455781634,1.5593744597712256,2.759313375463776,1.5807185489852402,2.357189652957072,46.84062111039131,33.4815,20.122378889608683,52.87603577632001,62.95324458456698,32.721618159826065,54.9877314750468,63.75008431617793,37.46302579278452,3.2841505259942214,57.99835267469736,-54.158699808795404,-0.028753512645523904,-0.009391713795839097,0.15616086495527393,0.20018602728400153,0.16836863021278736,0.15582428246183705,0.06405319881164681,87.50817605869386
2024-10-17,39.39,39.58,38.2,38.26,10225323.0,398498007.39,2.6122,-1.1625,39.028,39.864,33.9885,32.541,33.1455,33.562,36.34704,39.028,39.864,33.9885,32.541,33.1455,33.562,36.34704,37.654745395211066,35.04276456293285,7.727272727272734,68.34307992202727,63.64223442040684,2.6119808322782134,2.1060970829181738,1.0117674987200793,2.6119808322782134,1.739374284876467,1.7452130948034927,47.260246444391115,33.9885,20.71675355560889,45.08512099829673,56.997203389143564,21.260956216603063,49.51910635006596,59.006424994140616,30.544469061916658,2.9379413394498166,51.6560382459143,-61.418143899895725,-0.019678179768371443,-0.04023680513746737,0.12567486061461952,0.1757475185151041,0.15430450589069405,0.13997973899052502,0.05263042052392707,88.96474611691984
2024-10-18,38.84,44.8,38.37,43.08,32249908.0,1348499342.73,8.2388,12.598,39.818,40.939,34.7465,33.00033333333333,33.260999999999996,33.6735,36.33536,39.818,40.939,34.7465,33.00033333333333,33.260999999999996,33.6735,36.33536,38.48939994979398,35.63811533604894,53.29457364341085,72.9783693843594,68.3173888576252,2.8512846137450367,2.2551345890835464,1.1923000493229807,2.8512846137450367,1.9104374123947085,1.8816944027006564,48.2878507450327,34.7465,21.205149254967296,44.68040324617631,52.891603341487816,28.258003055553317,52.46216904486744,56.8250063443829,43.73649444583651,3.592861095913486,79.76443380751334,-41.65170556552963,0.08192274850570096,0.05229732040352716,0.23983710589555787,0.3054413591781902,0.2952106070172275,0.2793442915051896,0.18562193962024862,327.57238997739535
2024-10-21,43.99,49.24,43.37,44.42,41985459.0,1911736265.48,10.7259,3.1105,40.739999999999995,41.605000000000004,35.5845,33.47533333333333,33.402166666666666,33.802083333333336,36.33032000000001,40.739999999999995,41.605000000000004,35.5845,33.47533333333333,33.402166666666666,33.802083333333336,36.33032000000001,39.40179995751798,36.28862531115642,81.52562574493442,73.17476048893293,71.12715158245419,3.113174646361557,2.4267426005391486,1.372864091644817,3.113174646361557,2.09547390992807,2.0354014728669743,49.35183047547891,35.5845,21.817169524521084,48.01274194906379,51.265316210679806,41.50759342583176,53.200585814857874,55.61686616787456,48.3680251088245,4.059613623929216,106.76897799497249,-45.322580645161274,0.09032891507118329,0.06766013700276403,0.2482963087861289,0.3269472049070959,0.32985385179604126,0.3141201848998459,0.22267021044681115,135.84028868828847
2024-10-22,44.01,48.15,43.32,46.55,32072448.0,1443219390.86,8.1935,4.7951,42.20399999999999,41.729,36.55800000000001,33.98866666666667,33.52883333333333,33.94766666666667,36.33292,42.20399999999999,41.729,36.55800000000001,33.98866666666667,33.52883333333333,33.94766666666667,36.33292,40.50152304097675,37.04872713995965,84.24796747967476,73.34208798424162,73.72476089266736,3.4527959010170974,2.6319532606347384,1.641685280764718,3.4527959010170974,2.3042926777879202,2.2970064464583544,50.5450144288042,36.55800000000001,22.570985571195813,57.61194290857125,53.38085844331029,66.07411183909318,59.41867011313106,56.88413414962673,64.48774204013972,4.199683874123903,101.57243534806892,-28.1451612903226,0.10297602123021525,0.11553116537659656,0.273319109360468,0.36957417178275104,0.3883572845262535,0.3712282631108665,0.2812072357520396,159.73912863134638
2024-10-23,45.8,46.41,44.3,44.55,22383470.0,1017459325.51,5.7182,-4.2965,43.372,41.614,37.425,34.477,33.61066666666667,34.07791666666667,36.322720000000004,43.372,41.614,37.425,34.477,33.61066666666667,34.07791666666667,36.322720000000004,41.12436565005725,37.60437698144412,73.6234458259325,62.56011838697743,71.02636293831583,3.5199886686131308,2.8095603422304167,1.420856652765428,3.5199886686131308,2.491322830222568,2.057331676781126,51.11884725457301,37.425,23.731152745426982,58.26428377812795,55.00866688824951,64.77551755788483,59.46876858116782,57.74567896014044,62.914947823222604,3.8451958970104663,85.15782751377832,-40.43103448275866,0.027160379968643303,0.07055317921853223,0.19038076152304612,0.2921657916872118,0.3254720723579815,0.3072982258794184,0.22650506349744712,64.4585052890839
2024-10-24,43.7,45.35,43.68,44.09,14923343.0,662834327.83,3.8124,-1.0325,44.538,41.783,38.245999999999995,34.94466666666666,33.7205,34.20066666666666,36.3118,44.538,41.783,38.245999999999995,34.94466666666666,33.7205,34.20066666666666,36.3118,41.58061708850998,38.084793501337145,74.01785714285717,46.94082246740221,70.55682684973303,3.4958235871728363,2.9468129912189007,1.098021191907871,3.4958235871728363,2.645861408214917,1.6999243579158385,51.43697203233684,38.245999999999995,25.055027967663154,57.37733861070599,55.79822412906834,60.53556757398131,58.18032847939925,57.89056213322671,58.75986117174435,3.4497057339176544,72.73032669858073,-44.396551724137915,-0.010058826170910085,0.0552138429504823,0.15280029284108165,0.26170898754220984,0.3075132337895346,0.2891561568000626,0.2142058504398021,90.14131814992196
2024-10-25,44.19,46.59,44.13,45.13,17145813.0,775682013.06,4.3802,2.3588,44.948,42.382999999999996,39.126999999999995,35.45533333333333,33.8515,34.32933333333333,36.305080000000004,44.948,42.382999999999996,39.126999999999995,35.45533333333333,33.8515,34.32933333333333,36.305080000000004,42.12667599796998,38.60666064938625,79.13486005089062,48.61583292860612,71.7776115681875,3.5200153485837333,3.0614534626918672,0.9171237717837322,3.5200153485837333,2.7803466298101194,1.479337437547228,51.63478974121824,39.126999999999995,26.61921025878175,59.733681334472976,57.110043197536555,64.98095760834582,60.30987415867996,58.696999475044464,63.53562352595094,3.2770319641144443,79.34819970782848,-35.43103448275861,0.004049123431520916,0.06481372248307121,0.15342346717100744,0.2728691499163269,0.33317578246163393,0.31461917893346814,0.24307672645260658,126.25609329059877
2024-10-28,44.9,45.5,44.2,44.49,12013799.0,536692204.68,3.0691,-1.4181,44.962,42.851,39.973,35.93633333333333,33.99216666666667,34.448750000000004,36.30304,44.962,42.851,39.973,35.93633333333333,33.99216666666667,34.448750000000004,36.30304,42.490264305974605,39.04246356424653,59.26412614980293,55.82822085889571,71.67040079661439,3.4478007417280736,3.138722918499109,0.6181556464579296,3.4478007417280736,2.883031877797497,1.1295377278611536,51.43456983828537,39.973,28.511430161714628,59.459132423674035,57.89307293958238,62.591251391857355,59.84326097314535,59.07908664107809,61.371609637279875,2.9175716070027264,67.29007273070746,-41.08996539792387,-0.010497753658645106,0.03824881566357852,0.1130012758612064,0.23802279958074019,0.30883095615166234,0.2914837258245944,0.22551720186518812,86.69034319754248
2024-10-29,44.55,45.37,43.58,43.6,15320362.0,680641050.09,3.9138,-2.0004,44.372,43.288,40.7105,36.416333333333334,34.10883333333333,34.55333333333333,36.28864,44.372,43.288,40.7105,36.416333333333334,34.10883333333333,34.55333333333333,36.28864,42.6609928742862,39.38005885578382,44.27374301675977,64.37299035369776,70.02198876129978,3.2809340185023785,3.167165138499763,0.22753776000523107,3.2809340185023785,2.944247591752094,0.6733728535005694,50.996432089381436,40.7105,30.42456791061857,55.94376944186965,57.24330510701147,53.344698111586,56.96586487021686,58.374679384124356,54.14823584240186,2.7125585875476848,53.4551827741612,-48.78892733564013,-0.017398359325700857,0.007207540195897356,0.07097677503346797,0.1972649635236936,0.2782612519728518,0.26181748022380885,0.20147792807886988,81.70353274291507
2024-10-30,43.28,43.41,41.3,42.16,17659992.0,746899045.6,4.5115,-3.3028,43.894,43.632999999999996,41.355000000000004,36.865333333333325,34.23016666666667,34.65125,36.27404,43.894,43.632999999999996,41.355000000000004,36.865333333333325,34.23016666666667,34.65125,36.27404,42.58391704747294,39.58598042202206,16.074188562596603,57.20416922133659,67.28704366499642,2.997936625450876,3.133319435889986,-0.27076562087821987,2.997936625450876,2.952507443090368,0.09085836472101594,50.126488501178926,41.355000000000004,32.58351149882108,48.918048073175285,54.46821942906608,37.817705361393706,49.933764985941664,55.5610412513968,38.679212455031404,2.637547935266288,16.135131343811548,-64.13043478260875,-0.039504260263361776,-0.03375885224486052,0.019465602708257587,0.1436218308076243,0.2316621303820702,0.21669492442552576,0.16226370153421008,71.47285482163238
2024-10-31,42.03,43.55,41.73,42.95,12438118.0,533375582.32,3.1775,1.8738,43.666000000000004,44.102,41.983000000000004,37.35966666666666,34.36083333333333,34.750750000000004,36.25908,43.666000000000004,44.102,41.983000000000004,37.35966666666666,34.36083333333333,34.750750000000004,36.25908,42.64023750170787,39.83516705742784,34.790874524714894,61.259079903147715,68.14762576398684,2.805070444280034,3.0676696375679957,-0.5251983865759238,2.805070444280034,2.9298248278887784,-0.24950876721748916,49.08948954718214,41.983000000000004,34.87651045281787,39.53898418984148,49.491807682657885,19.633337204208672,47.33394819976609,52.818676900853234,36.3644907975918,2.488902856126963,15.765128982278585,-57.86568537258506,-0.016397196903769548,-0.026121264341753072,0.023033132458375977,0.14963552494222845,0.2499696844760266,0.2359445479593965,0.18453088164399115,120.39977064844595
2024-11-01,42.8,43.6,41.2,41.22,12134095.0,510440408.25,3.0999,-4.0279,42.884,43.916000000000004,42.427499999999995,37.803,34.432833333333335,34.83541666666667,36.24116,42.884,43.916000000000004,42.427499999999995,37.803,34.432833333333335,34.83541666666667,36.24116,42.421739424522045,39.93774727539615,28.024502297090365,57.07839819514945,65.43768378194977,2.4839921491258963,2.9509341398795756,-0.9338839815073587,2.4839921491258963,2.8612351850021813,-0.7544860717525701,47.920760464088175,42.427499999999995,36.934239535911814,26.455246054618524,41.81295380664477,-4.260169449433974,31.63888420614587,45.75874600261745,3.39916061320271,2.4727387004675148,-15.37857577745024,-99.75124378109457,-0.038802350527003114,-0.06138992622278907,-0.028460314654410374,0.09038965161495124,0.19711322042430424,0.18327851205071463,0.13738081231395458,66.2900265196696
2024-11-04,41.31,41.95,41.03,41.88,7382067.0,306359426.03,1.8859,1.6012,42.362,43.662,42.6335,38.27700000000001,34.51616666666666,34.92975,36.23316,42.362,43.662,42.6335,38.27700000000001,34.51616666666666,34.92975,36.23316,42.3383948976725,40.08161784758903,23.57723577235781,60.0891861761427,64.94608855242026,2.256777050083471,2.812102721920355,-1.1106513436737675,2.256777050083471,2.768241625783918,-1.022929151400894,47.68066814815872,42.6335,37.58633185184127,22.73275396446991,35.45288719258649,-2.7075124917632394,25.071990219827594,38.8631607416875,-2.5103508238922245,2.190422573109785,-38.014592320391785,-88.06179775280897,-0.011378121901704341,-0.04081352205579214,-0.017673894941771035,0.09412963398385436,0.21334447143126187,0.1989779485968266,0.1558472956816354,117.21598884009008
2024-11-05,41.81,44.43,41.67,44.19,17862067.0,779234658.03,4.5632,5.5158,42.480000000000004,43.426,42.5775,38.84733333333333,34.66133333333333,35.02966666666667,36.23268,42.480000000000004,43.426,42.5775,38.84733333333333,34.66133333333333,35.02966666666667,36.23268,42.6232572211075,40.38594245147132,48.08184143222504,53.596889176928066,66.40281442392259,2.2373147696361784,2.6971451314635195,-0.9196607236546823,2.2373147696361784,2.686560570991958,-0.8984916027115597,47.523468586956085,42.5775,37.631531413043916,34.10001343434682,35.00192927317327,32.296181756693926,35.65950427125195,37.79527525154232,31.3879623106712,2.293982105271642,22.427035330261187,-43.16546762589937,0.040254237288135444,0.017593146962649006,0.03787211555398971,0.13752981757649602,0.27490767810432376,0.26150215531597004,0.2196172074491866,171.06977554382175
2024-11-06,44.39,45.8,43.54,44.2,17807031.0,792101205.37,4.5491,0.0226,42.888,43.391000000000005,42.5025,39.413666666666664,34.844500000000004,35.13241666666667,36.23275999999999,42.888,43.391000000000005,42.5025,39.413666666666664,34.844500000000004,35.13241666666667,36.23275999999999,42.86583303324481,40.668465232843815,54.32276657060519,49.21985815602837,65.56231688077528,2.197367800400997,2.5971896652510154,-0.7996437297000369,2.197367800400997,2.611300144747195,-0.8278646886923964,47.29212420237731,42.5025,37.71287579762269,41.7381384526341,37.247332332993544,50.719750691915195,42.777799010570845,39.45611650455183,49.42116402260888,2.2878035406767974,62.42986840763049,-42.98561151079136,0.0305913075918673,0.018644419349634657,0.039938827127816136,0.12143841814599012,0.2684928754896755,0.2580973412494158,0.2198905079270807,100.22652612462059
2024-11-07,44.14,45.75,43.54,45.47,17235935.0,772494975.75,4.4032,2.8733,43.391999999999996,43.528999999999996,42.656,40.007,35.038000000000004,35.252416666666676,36.24168,43.391999999999996,43.528999999999996,42.656,40.007,35.038000000000004,35.252416666666676,36.24168,43.266474105053305,41.02413447485539,74.4460856720827,45.921450151057414,65.03432494279176,2.242339630197918,2.526219658240396,-0.567760056084956,2.242339630197918,2.554536988662691,-0.6243947169295456,47.625203685013965,42.656,37.68679631498603,58.85267930385251,44.449114656613204,87.65980859833113,55.137237709685095,44.68315690626292,76.04539931652943,2.273657442371925,69.9102324193853,-20.143884892086405,0.0478890117994101,0.04459096234694118,0.06596961740435109,0.13655110355687758,0.2977338889206003,0.28984064922262975,0.2546327874425246,132.74765212444174
2024-11-08,47.31,48.93,45.9,46.96,26628851.0,1265803184.94,6.8028,3.2769,44.54,43.712,43.0475,40.65533333333334,35.254333333333335,35.3835,36.251439999999995,44.54,43.712,43.0475,40.65533333333334,35.254333333333335,35.3835,36.251439999999995,43.83470885812203,41.46382821745869,76.84069611780451,59.46582875098194,61.56941649899396,2.370880640663337,2.4951518547249845,-0.24854242812329463,2.370880640663337,2.5262821658935595,-0.31080305046044465,48.080401747500986,43.0475,38.01459825249901,64.25621658231519,51.051481965180535,90.66568581658451,61.7792555195369,50.38185644402092,84.57405367056889,2.489356089213393,131.33959164390785,-24.936708860759484,0.05433318365514148,0.07430453879941429,0.0908879725884198,0.15507600478821953,0.3320348325974112,0.327172269560671,0.2953968173402217,138.04838819850966
2024-11-11,49.38,56.0,49.38,54.0,46545052.0,2481818795.96,11.8907,14.9915,46.964,44.663,43.757,41.53633333333333,35.58183333333333,35.57849999999999,36.283519999999996,46.964,44.663,43.757,41.53633333333333,35.58183333333333,35.57849999999999,36.283519999999996,45.39859980302633,42.392433534683974,100.0,75.66027964785081,61.0700636942675,3.006166268342355,2.597354737448459,0.817623061787792,3.006166268342355,2.60011048934722,0.8121115579902698,50.5583314485976,43.757,36.9556685514024,71.71745990813888,57.94014127949998,99.27209716541665,70.06615253295335,56.94328847366507,96.3118806515299,3.6803822548109575,269.4942903752041,-13.360053440213763,0.14981688101524576,0.20905447462105106,0.2340882601640881,0.30006660835092175,0.5176283777770494,0.5177705636831236,0.48827897624045313,404.2562246794014
2024-11-12,54.0,55.55,52.0,54.5,40004378.0,2161808064.01,10.2198,0.9259,49.025999999999996,45.753,44.5205,42.391333333333336,35.93116666666666,35.77491666666666,36.32024,49.025999999999996,45.753,44.5205,42.391333333333336,35.93116666666666,35.77491666666666,36.32024,46.798815217945354,43.28929030989257,100.0,74.96004262120402,61.17886178861788,3.509524908052782,2.779788771569324,1.4594722729669165,3.509524908052782,2.7400203999173067,1.5390090162709509,52.50714273053839,44.5205,36.533857269461606,77.80495991203915,64.56174749034638,104.2913847554247,76.70408832858215,63.53022175863743,103.05182146847157,3.656676390299874,249.96868964517162,-10.02004008016032,0.11165504018276025,0.19117872052105872,0.22415516447479256,0.28564014657083986,0.5167890457216809,0.523413751254953,0.5005407453254714,109.65474379992992
2024-11-13,53.0,57.17,52.32,54.76,36086678.0,1975050790.98,9.219,0.4771,51.138,47.013,45.323,43.241,36.31433333333333,35.96208333333333,36.35812,51.138,47.013,45.323,43.241,36.31433333333333,35.96208333333333,36.35812,48.02361287672299,44.138972509159785,100.0,77.9227841218053,67.01541850220264,3.8846403675632075,3.000759090768101,1.767762553590213,3.8846403675632075,2.9161157795551373,1.9370491760161404,54.04310405539067,45.323,36.60289594460933,80.22602449319751,69.78317315796343,101.11172716366568,79.49211010422617,68.85085120716701,100.77462789834448,3.87364431933626,217.80555073386176,-14.931846344485772,0.07082795572763893,0.1647842086231468,0.20821657877898633,0.2663906940172521,0.5079445214469953,0.5227148964766131,0.506128479690369,104.87437166547122
2024-11-14,53.4,54.39,50.11,50.77,29634720.0,1548575261.3,7.5707,-7.2863,52.198,47.795,45.9485,43.92033333333333,36.63400000000001,36.118500000000004,36.38124,52.198,47.795,45.9485,43.92033333333333,36.63400000000001,36.118500000000004,36.38124,48.44613397261176,44.63015973070351,72.57731958762888,66.68217775709633,65.71274298056156,3.8159742419082505,3.1638021209961313,1.3043442418242384,3.8159742419082505,3.054555542994078,1.5228373978283454,54.32327232997686,45.9485,37.573727670023146,73.59967101694374,71.05533911095688,78.68833482891748,73.1103947576295,70.27069905732118,78.78978615824616,4.014799897638758,124.10194575429375,-39.65303593556381,-0.027357370014176735,0.062245004707605425,0.10493269638834783,0.15595661842275038,0.38587104875252476,0.40565084375043253,0.39549943872171495,46.92856122204413
2024-11-15,50.01,51.1,47.86,48.16,22788983.0,1126007210.18,5.8218,-5.1408,52.438,48.489,46.2025,44.448,36.916666666666664,36.25508333333333,36.38776,52.438,48.489,46.2025,44.448,36.916666666666664,36.25508333333333,36.38776,48.40211336144072,44.89162938028103,58.46444304594084,63.239187996469546,60.713369258403894,3.5104839811596875,3.233138493028843,0.5546909762616892,3.5104839811596875,3.124698379634941,0.7715712030494934,54.51890072703512,46.2025,37.886099272964884,63.023436591940985,68.37803827128492,52.314233233253105,63.46558328740768,68.00232713401668,54.39209559418967,3.8739271889771656,56.39418473056495,-55.82403965303596,-0.08158205881231179,-0.006785044030604892,0.042367837238244596,0.08351331893448516,0.30455981941309257,0.3283654476038992,0.32352197552143896,58.99200382910757
2024-11-18,48.16,48.66,46.21,46.93,17332685.0,821117716.59,4.4279,-2.554,51.024,48.994,46.328,44.75366666666666,37.178,36.37466666666667,36.38764,51.024,48.994,46.328,44.75366666666666,37.178,36.37466666666667,36.38764,48.17563438275753,45.042619796556515,49.90403071017274,58.614718614718605,59.717314487632514,3.133014586201014,3.2131137116632775,-0.16019825092452677,3.133014586201014,3.1259777960297215,0.014073580342585323,54.60681150890626,46.328,38.049188491093744,50.306159977899526,62.35407884015646,26.21032225338564,53.622216815261034,63.208957027764804,34.4487363902535,3.615031336435862,17.480266713482674,-66.06451612903227,-0.0802367513327062,-0.04212760746213822,0.012994301502331133,0.04862916260120227,0.2623056646403788,0.29018364429456384,0.2897236534163799,77.20417022618611
2024-11-19,47.09,48.58,46.38,48.58,16585979.0,787813708.27,4.2372,3.5159,49.839999999999996,49.433,46.4295,44.86266666666667,37.47299999999999,36.51208333333334,36.39436,49.839999999999996,49.433,46.4295,44.86266666666667,37.47299999999999,36.51208333333334,36.39436,48.23784447771791,45.30464795977455,23.535156249999986,65.9860990443093,62.11042944785275,2.933196517943358,3.157130272919294,-0.4478675099518714,2.933196517943358,3.0963191378625887,-0.3262452398384612,54.76932323427457,46.4295,38.08967676572542,45.86319200287456,56.8571165610625,23.875342886498686,48.07389656111557,58.16393687221506,27.89381593891659,3.3577529116293405,26.982393701636603,-63.022743947175364,-0.025280898876404456,-0.017255679404446455,0.04631753518775781,0.08286028472077737,0.29640007472046564,0.33051843567768646,0.33482220871585594,141.27638141478013
2024-11-20,48.12,48.71,47.28,48.22,14745576.0,707006728.73,3.767,-0.741,48.532000000000004,49.835,46.613,44.94666666666667,37.75833333333333,36.64975,36.40028,48.532000000000004,49.835,46.613,44.94666666666667,37.75833333333333,36.64975,36.40028,48.23509917345362,45.52059996275421,18.910891089108887,63.95246478873239,62.24790949335957,2.714499210699408,3.068604060475317,-0.7082096995518175,2.714499210699408,3.0375776106067147,-0.6461567998146132,54.94019097137101,46.613,38.28580902862899,37.437336520106264,50.383856547410424,11.544296465497936,43.49460553328468,53.274159759238266,23.935497081377505,3.0072523822421875,28.297480148066963,-65.66397652237713,-0.006428748042528737,-0.032406942911608345,0.0344753609508077,0.07282705428656168,0.27706907967336125,0.31569792426960624,0.32471508460923915,92.83183938584074
2024-11-21,47.7,49.85,47.7,48.64,14958807.0,730453867.4,3.8215,0.871,48.106,50.152,46.8405,45.154666666666664,38.0615,36.77883333333333,36.40932000000001,48.106,50.152,46.8405,45.154666666666664,38.0615,36.77883333333333,36.40932000000001,48.29739160830691,45.75166663217983,20.175438596491233,60.68170907345176,57.66685052399338,2.545724976127083,2.9640282436056706,-0.8366065349571752,2.545724976127083,2.961907974532925,-0.8323659968116841,55.125973591266686,46.8405,38.55502640873331,32.34873529564262,44.37214946348783,8.301906959952191,37.100514898557726,47.88294480567809,15.535655084317,2.8513883127436075,37.304306927366696,-75.68766637089618,0.011100486425809648,-0.030148349018982303,0.03841760869333167,0.07718655879052745,0.2779317683223204,0.32249980740734036,0.33592168159141644,109.05952510352196
2024-11-22,51.8,53.78,48.8,48.87,32825892.0,1686504681.56,8.3859,0.4729,48.248000000000005,50.343,47.027499999999996,45.47933333333334,38.37733333333333,36.91266666666666,36.42888,48.248000000000005,50.343,47.027499999999996,45.47933333333334,38.37733333333333,36.91266666666666,36.42888,48.38548520702892,45.98265428905539,35.384615384615344,61.09263657957244,56.33001422475106,2.4028309179735317,2.851788778479243,-0.8979157210114224,2.4028309179735317,2.875896119677634,-0.9461304034082048,55.319243198095116,47.027499999999996,38.73575680190488,29.655847861328645,39.46671559610144,10.034112391783054,32.82370092993872,42.86319684709831,12.744709095619527,3.267499528608406,65.92280093048906,-75.7299270072993,0.01289172608190998,-0.029259281330075798,0.039179203657434505,0.07455400987994534,0.27340791439391304,0.32393577633693965,0.3415180483177083,104.83051699821335
2024-11-25,48.78,48.78,45.76,46.89,19070575.0,894663468.39,4.8719,-4.0516,48.239999999999995,49.632,47.147499999999994,45.715333333333334,38.668666666666674,37.03008333333334,36.439519999999995,48.239999999999995,49.632,47.147499999999994,45.715333333333334,38.668666666666674,37.03008333333334,36.439519999999995,48.1554105597937,46.049865082458695,39.18228279386714,53.262867647058826,50.48571428571428,2.1055454773350064,2.7025401182503956,-1.1939892818307785,2.1055454773350064,2.7573806362403066,-1.3036703178106004,55.35364371899742,47.147499999999994,38.94135628100257,23.071763020611158,34.00173140427135,1.2118262532907806,25.18366506635121,36.970019586849276,1.6109560253550796,3.2388632506796045,-2.393898977463161,-90.09640666082383,-0.027985074626865558,-0.05524661508704057,-0.005461583328914433,0.02569524448398058,0.21260969260210658,0.2662677417685169,0.2867897271972849,66.12701776929573
2024-11-26,46.63,47.38,45.35,45.39,13204562.0,611858453.31,3.3733,-3.199,47.602000000000004,48.721,47.237,45.92066666666667,38.93333333333333,37.12575,36.44024,47.602000000000004,48.721,47.237,45.92066666666667,38.93333333333333,37.12575,36.44024,47.7299627813639,46.000986187461756,37.45928338762215,46.39412034910427,51.21739130434782,1.7289765939021464,2.507827413380746,-1.557701638957199,1.7289765939021464,2.5991646297267437,-1.7403760716491945,55.31833157344746,47.237,39.155668426552545,15.528667972442836,27.844043593661844,-9.102083269995177,16.90191320272258,30.280650792140378,-9.855561976113023,3.019069932374222,-27.65795706117083,-99.66159052453469,-0.0464686357716063,-0.06836887584409179,-0.0391007049558609,-0.011556162076624946,0.16583904109589054,0.2226015636047758,0.245601016897803,72.24362007669993
2024-11-27,45.0,47.22,43.88,47.12,15990460.0,733326847.28,4.085,3.8114,47.382000000000005,47.957,47.485,46.201,39.22716666666667,37.23850000000001,36.44712,47.382000000000005,47.957,47.485,46.201,39.22716666666667,37.23850000000001,36.44712,47.636122353461765,46.08387609950163,38.26366559485528,29.100850546780038,54.23539278725188,1.552246253960135,2.3167111814966237,-1.5289298550729775,1.552246253960135,2.4381002642241887,-1.7717080205281075,55.2067437354388,47.485,39.7632562645612,21.261536224052787,25.649874470458826,12.484859731240704,21.543869823064643,27.368390469115134,9.894828530963665,3.077420853760726,-32.700257534938025,-69.17221693625123,-0.005529525980330242,-0.017453135100193994,-0.007686637885648141,0.019891344343195966,0.20120834625663322,0.26535709010835523,0.29283191648613116,145.36203369507334
2024-11-28,47.02,48.28,46.45,46.72,13304269.0,626474755.61,3.3988,-0.8489,46.998000000000005,47.552,47.6735,46.483,39.51200000000001,37.342416666666665,36.457,46.998000000000005,47.552,47.6735,46.483,39.51200000000001,37.342416666666665,36.457,47.49518045292918,46.130996388427434,38.01916932907347,26.222493887530533,52.263023057216046,1.3641840645017496,2.126205758097649,-1.5240433871917984,1.3641840645017496,2.272882387343813,-1.817396645684127,55.10782515607937,47.6735,40.23917484392062,23.73664704499141,25.012131995303022,21.185677144368185,23.92486944433265,26.220550127520976,19.333508077956004,2.8506170621678666,-14.600744741307684,-71.31313131313135,-0.005915145325333116,-0.017496635262449545,-0.020000629280417806,0.005098638211819415,0.18242559222514654,0.25112416845008695,0.28150972378418404,91.82808409071869
2024-11-29,46.51,49.25,45.99,48.28,17354619.0,829973662.59,4.4335,3.339,46.879999999999995,47.564,48.0265,46.65633333333333,39.82833333333333,37.458083333333335,36.47284,46.879999999999995,47.564,48.0265,46.65633333333333,39.82833333333333,37.458083333333335,36.47284,47.615921921709315,46.290181841136516,47.567567567567565,31.653454133635336,55.25658807212205,1.3257400805727997,1.966112622592679,-1.2807450840397587,1.3257400805727997,2.127168186302119,-1.6028562114586382,54.812812152530114,48.0265,41.24018784746988,30.63924617814242,26.887836722916155,38.14206508859495,30.764727777703246,27.735276010915065,36.82363131127961,2.9250503235918903,-5.58571726874083,-55.55555555555556,0.029863481228669067,0.01505340173240268,0.005278335918711597,0.034800562981803236,0.21220236849813787,0.2889073786921826,0.3237247222865015,138.88145993779344
2024-12-02,48.72,49.63,48.36,48.98,13809122.0,677198462.49,3.5278,1.4499,47.298,47.769,48.3815,46.80833333333333,40.14183333333333,37.57416666666666,36.49172,47.298,47.769,48.3815,46.80833333333333,40.14183333333333,37.57416666666666,36.49172,47.82578008760019,46.48942763068196,50.69885641677255,43.77174669450241,57.501394311210255,1.3363524569182275,1.8401605894577888,-1.0076162650791227,1.3363524569182275,2.0055042279353663,-1.3383035420342777,54.52651689432812,48.3815,42.23648310567189,37.59788129047877,30.45785157877036,51.87794071389558,37.68153569018599,31.050695904005376,50.943215262547206,2.638677537484274,16.090161610433878,-48.484848484848534,0.03556175736817614,0.02535116916828903,0.012370430846501126,0.04639487270785117,0.220173468243852,0.3035551908447737,0.3422222904264309,115.48223850221339
2024-12-03,49.38,49.8,47.92,48.97,11835788.0,576858093.28,3.0237,-0.0204,48.013999999999996,47.808,48.6205,46.889,40.43883333333334,37.67908333333333,36.513,48.013999999999996,47.808,48.6205,46.889,40.43883333333334,37.67908333333333,36.513,48.00181392027708,46.67317373211293,67.6271186440678,53.44095157179271,59.88963113563753,1.328640188164151,1.7378565091990612,-0.8184326420698205,1.328640188164151,1.9013712987397946,-1.1454622211512873,54.442438454537296,48.6205,42.798561545462704,42.203301331699635,34.37300149641345,57.863901002272,42.25907093150445,34.78682091317174,57.203570968169885,2.5007361670325867,6.219435089484873,-48.58585858585862,0.019910859332694698,0.024305555555555535,0.007188325911909566,0.044381411418456265,0.2109647080158096,0.2996600678095053,0.341166159997809,99.79602250761994
2024-12-04,50.66,51.05,48.61,48.8,21360411.0,1072820404.47,5.4569,-0.3472,48.349999999999994,47.866,48.8505,47.03066666666666,40.75383333333333,37.779,36.536159999999995,48.349999999999994,47.866,48.8505,47.03066666666666,40.75383333333333,37.779,36.536159999999995,48.12461177869599,46.83071641862308,87.30853391684903,58.73015873015873,58.65128660159715,1.2938953600729093,1.649064279373831,-0.7103378386018435,1.2938953600729093,1.8079134620218122,-1.028036203897806,54.2878851107039,48.8505,43.4131148892961,44.70119078678964,37.81573125987218,58.47210984062454,44.738370519992856,38.10400411544545,58.00710332908767,2.489693227572116,17.987680125631517,-50.30303030303035,0.009307135470527464,0.01951280658504988,-0.001033766286936665,0.03762084313781084,0.19743337027600671,0.2917229148468724,0.335663080082855,96.58221914332876
2024-12-05,48.01,50.12,47.9,49.9,13372652.0,660086805.36,3.4163,2.2541,48.986,47.992,49.072,47.224333333333334,41.084500000000006,37.87716666666667,36.56184,48.986,47.992,49.072,47.224333333333334,41.084500000000006,37.87716666666667,36.56184,48.39774842812738,47.05807075798434,85.27918781725892,56.49606299212599,63.080168776371316,1.3396776701430397,1.587186957527673,-0.49501857476926636,1.3396776701430397,1.735877186348155,-0.7923990324102306,54.28588672075271,49.072,43.8581132792473,57.787776656558044,44.47307972543413,84.41717051880588,50.094940616022164,42.10098294897102,66.08285595012444,2.4406580952862766,5.070450867804499,-39.191919191919226,0.018658392193688023,0.039756626104350754,0.01687316596022163,0.056658643495937785,0.2145699716438071,0.31741638542129597,0.3648109613739353,124.97042195868231
2024-12-06,49.49,50.92,49.28,50.34,13039194.0,655281829.29,3.3311,0.8818,49.397999999999996,48.138999999999996,49.241,47.398,41.42666666666667,37.9825,36.59179999999999,49.397999999999996,48.138999999999996,49.241,47.398,41.42666666666667,37.9825,36.59179999999999,48.69655636226163,47.301176627763276,95.47738693467338,60.35156250000003,62.833737864077676,1.3953797344983556,1.5488255129218096,-0.30689155684690794,1.3953797344983556,1.6834929629866473,-0.5762264569765834,54.38529638173747,49.241,44.09670361826253,68.5577274409597,52.50129563060932,100.67059106166045,63.42917008060244,49.21037865951483,91.86675292277766,2.2950838961433173,31.140609812094972,-9.902370990237019,0.019069597959431705,0.045721764058248154,0.022318799374505063,0.06207012954133086,0.21515931766977792,0.3253471993681301,0.37571805705103367,109.17586861213971
2024-12-09,50.33,50.34,48.4,49.44,11590267.0,572241199.85,2.9609,-1.7878,49.489999999999995,48.394,49.013,47.563,41.74966666666666,38.08091666666667,36.61744,49.489999999999995,48.394,49.013,47.563,41.74966666666666,38.08091666666667,36.61744,48.81093230652907,47.459607988669696,67.46987951807219,53.73134328358208,58.32012678288431,1.3513243178593726,1.5093252739093224,-0.3160019120998996,1.3513243178593726,1.632390094505528,-0.562131553292311,53.64821577309591,49.013,44.37778422690408,71.55359421215073,58.852061824456456,96.95665898753927,68.13455597191255,55.518437763647405,93.36679238844282,2.230523187753624,10.99631196442131,-22.454672245467233,-0.00101030511214381,0.021614249700376068,0.008711974374145627,0.03946344847885952,0.1842010714656405,0.2982880751732604,0.3501763094306974,83.493469599633
2024-12-10,52.08,52.19,49.35,49.35,14129033.0,712322246.32,3.6095,-0.182,49.565999999999995,48.79,48.7555,47.754666666666665,42.0855,38.184083333333334,36.64224,49.565999999999995,48.79,48.7555,47.754666666666665,42.0855,38.184083333333334,36.64224,48.89386579783229,47.59963702654602,56.82656826568272,52.268431001890384,58.14100537464433,1.2942287712862708,1.4663059733847121,-0.3441544041968827,1.2942287712862708,1.5803652755487192,-0.5722730085248968,52.614463455044316,48.7555,44.89653654495568,65.7669122704661,61.15701197312634,74.9867128651456,67.36447333546678,59.4671162875872,83.15918743122594,2.3413371536166006,63.328675671479424,-34.175691937424766,-0.004357825929064156,0.011477761836441941,0.012193496118386717,0.033406857270493695,0.17261289517767398,0.2924233264732906,0.34680630878461577,98.19445165329968
2024-12-11,50.0,50.6,48.8,49.17,12690858.0,629445050.35,3.2421,-0.3647,49.64,48.995,48.476,47.98833333333334,42.426833333333335,38.275666666666666,36.6678,49.64,48.995,48.476,47.98833333333334,42.426833333333335,38.275666666666666,36.6678,48.93634798278117,47.71596020976484,53.47222222222226,62.98405466970388,56.05762933857237,1.2203877730163342,1.4171223333110365,-0.39346912058940475,1.2203877730163342,1.5249841213129676,-0.6091926965932668,51.12336134769363,48.476,45.82863865230637,60.94138237385913,61.08513544003728,60.653876241502815,62.00642308385959,60.31355188634467,65.39216547888941,2.242912216595401,47.189593423518815,-48.709677419354804,-0.009468170829975803,0.0035717930401062206,0.014316362736199411,0.024624040565415166,0.15893636495771152,0.28462817978350047,0.3409585521902051,96.41187140908853
2024-12-12,49.19,50.28,48.38,50.01,15675507.0,775699943.13,4.0046,1.7084,49.662,49.324,48.438,48.22366666666667,42.791666666666664,38.36825,36.6976,49.662,49.324,48.438,48.22366666666667,42.791666666666664,38.36825,36.6976,49.10152521619945,47.885889083115586,67.04225352112675,78.44827586206895,55.10204081632653,1.215636133083862,1.3768250932656017,-0.3223779203634791,1.215636133083862,1.4773921231238745,-0.5235119800800248,50.96583743647851,48.438,45.910162563521496,57.02230464395581,59.73085850801012,51.6051969158472,62.95051861504617,61.19254079591184,66.46647425331483,2.1805645408507823,59.544553265636736,-35.16129032258066,0.007007369819983065,0.013908036655583489,0.03245385854081497,0.03704266922880187,0.16868549172346642,0.3034214487238796,0.3627594175095918,118.45856370595543
2024-12-13,49.5,51.9,49.3,50.62,30663224.0,1551351559.06,7.8334,1.2198,49.718,49.558,48.561,48.537000000000006,43.169999999999995,38.46875,36.728199999999994,49.718,49.558,48.561,48.537000000000006,43.169999999999995,38.46875,36.728199999999994,49.335136721399536,48.08841581769962,61.764705882352914,75.0,42.79624893435634,1.2467209036999165,1.3508042553524646,-0.20816670330509623,1.2467209036999165,1.4419042432124964,-0.39036667902515987,51.26513250998875,48.561,45.85686749001125,59.149290897058336,59.537002637692865,58.37386741578928,63.10143354445191,61.82883837875853,65.64662387583866,2.2568255334233673,111.62296915581334,-36.59673659673661,0.018142322700028034,0.021429436216150725,0.0424002800601305,0.04291571378535944,0.1725735464442901,0.3158732737611697,0.37823252977276334,112.88932148530664
2024-12-16,50.49,50.49,47.55,48.4,15907704.0,775639391.25,4.0639,-4.3856,49.510000000000005,49.5,48.634499999999996,48.75433333333333,43.51566666666667,38.547916666666666,36.7486,49.510000000000005,49.5,48.634499999999996,48.75433333333333,43.51566666666667,38.547916666666666,36.7486,49.19126953349192,48.11149612749964,29.95867768595035,59.523809523809526,37.88721207307386,1.0797734059922774,1.296598085480427,-0.4336493589762993,1.0797734059922774,1.3861918067170782,-0.6128368014496015,51.22968967971193,48.634499999999996,46.03931032028806,45.539182437119365,54.871062570835036,26.875422169688022,48.17394420204842,57.27720698652183,29.9674186331016,2.4046754364373006,5.634147835139867,-81.68103448275859,-0.022419713189254824,-0.02222222222222225,-0.004821680083068543,-0.007267730047927284,0.1122431001861398,0.2555801761876452,0.3170569763201862,63.86048436445311
2024-12-17,47.8,48.29,46.91,46.99,10085018.0,478825485.41,2.5764,-2.9132,49.038,49.302,48.55499999999999,48.84766666666667,43.847500000000004,38.61875,36.76288,49.038,49.302,48.55499999999999,48.84766666666667,43.847500000000004,38.61875,36.76288,48.852612682185466,48.02842234027745,27.102803738317732,42.56055363321799,35.24496771743259,0.8241903419080145,1.2021165367659445,-0.75585238971586,0.8241903419080145,1.2997300429002991,-0.9510794019845692,51.25261297992739,48.55499999999999,45.85738702007259,30.864505463130122,46.86887686826673,-1.1442373471430898,32.62101330641616,49.05847575981994,-0.2539116003914046,2.238370811630519,-77.65899817606157,-98.48484848484838,-0.041763530323422546,-0.046894649304287814,-0.03223149006281518,-0.03802979330298957,0.07166885227207932,0.21676646706586836,0.2781914801016677,74.40477946595014
2024-12-18,47.39,47.99,46.75,47.54,7421808.0,352120959.46,1.896,1.1705,48.712,49.176,48.521,48.958999999999996,44.18633333333334,38.706333333333326,36.78108,48.712,49.176,48.521,48.958999999999996,44.18633333333334,38.706333333333326,36.78108,48.65067226954155,47.992242907664306,34.42340791738377,41.5492957746479,42.94451725644385,0.6584293618772463,1.093379101788205,-0.8698994798219175,0.6584293618772463,1.2010683996659832,-1.0852780755774738,51.25330883667027,48.521,45.78869116332973,25.417023249929883,39.71825899548779,-3.1854482411859237,26.58802847878724,41.56832666614238,-3.3725678959230407,2.0568488458795158,-71.28485196895674,-85.4779411764706,-0.02405977993102324,-0.033268260940296134,-0.02021804991653102,-0.028983435119181295,0.07589827925678366,0.22822277146720196,0.29251234602137827,112.34075122649946
2024-12-19,46.99,48.06,46.4,47.22,9458091.0,446650619.82,2.4162,-0.6731,48.153999999999996,48.908,48.45,49.01733333333333,44.512166666666666,38.80375,36.797760000000004,48.153999999999996,48.908,48.45,49.01733333333333,44.512166666666666,38.80375,36.797760000000004,48.43056884345823,47.9350397293188,33.6134453781512,40.09060022650056,47.71844660194176,0.4955291141394298,0.97380910425845,-0.9565599802380405,0.4955291141394298,1.0925238942003597,-1.1939895601218597,51.242425845973756,48.45,45.65757415402625,21.665465125744852,33.70066103890681,-2.404926700579054,22.446135278316426,35.1942628702004,-3.050119905451524,1.9846945102650588,-73.16964205936473,-85.83765112262522,-0.019396104165801335,-0.03451378097652741,-0.02538699690402485,-0.036667301362783254,0.06083355487076567,0.2168926972264278,0.28323028358247876,93.46909839710183
2024-12-20,47.29,51.2,47.05,49.29,18499324.0,910732285.64,4.726,4.3837,47.888,48.803,48.471000000000004,49.095,44.875166666666665,38.90925,36.821,47.888,48.803,48.471000000000004,49.095,44.875166666666665,38.90925,36.821,48.56278902138774,48.03540715677667,44.986072423398326,52.28331780055919,55.50373134328358,0.5273818646110655,0.8845236563289732,-0.7142835834358154,0.5273818646110655,1.0055789665712376,-0.9563942039203441,51.28297364665332,48.471000000000004,45.65902635334669,31.081524821884024,32.82761563323255,27.589343199186985,31.601971590265073,33.99683244355529,26.812249883684643,2.3783864174895943,36.57694962042788,-50.08635578583763,0.02927664550618111,0.009978894740077493,0.01689670112025738,0.003971891231286288,0.0983803217072546,0.2667938857726633,0.33863827707015026,153.57776891115137
2024-12-23,49.1,50.99,49.05,49.28,15252422.0,763125918.13,3.8965,-0.0203,48.06400000000001,48.787,48.590500000000006,48.937666666666665,45.237,39.02291666666667,36.84344,48.06400000000001,48.787,48.590500000000006,48.937666666666665,45.237,39.02291666666667,36.84344,48.67312917194347,48.12759921923766,39.81762917933133,46.78423236514524,51.76767676767678,0.5455299527058131,0.8167249156043412,-0.5423899257970564,0.5455299527058131,0.9348021952073261,-0.7785444850030261,51.32154934527279,48.590500000000006,45.85945065472722,38.175562002468155,34.61026442297775,45.306157161448965,37.64829194100575,35.213985609372116,42.51690460427302,2.2986797961278507,64.94054636219441,-50.2590673575129,0.02529960053262304,0.01010515096234657,0.014190016567024321,0.006995293332334385,0.08937374273271877,0.2628476856547969,0.33755154241840607,99.79730421390501
2024-12-24,49.5,50.05,48.6,49.99,10212269.0,504292269.92,2.6089,1.4407,48.664,48.851,48.820499999999996,48.78733333333333,45.58933333333333,39.140750000000004,36.86988,48.664,48.851,48.820499999999996,48.78733333333333,45.58933333333333,39.140750000000004,36.86988,48.87572468395217,48.265554832627465,65.68047337278111,48.234106962663965,54.39205955334989,0.6101698513247058,0.7754139027484142,-0.3304881028474167,0.6101698513247058,0.884858757686923,-0.5493778127244344,51.16395201965396,48.820499999999996,46.47704798034603,47.20795042588789,38.80949309061447,64.00486509643474,46.85643705157962,39.09480275677462,62.3797056411896,2.144374378650059,48.02046001379724,-34.72727272727267,0.027248068387308904,0.02331579701541428,0.02395510082854552,0.02465120728057842,0.09652842770238668,0.2771855419224209,0.3558492731736583,115.37836382645435
2024-12-25,49.66,50.75,49.4,49.55,11771885.0,587976034.66,3.0073,-0.8802,49.065999999999995,48.888999999999996,48.94199999999999,48.61366666666667,45.92733333333333,39.262166666666666,36.89684,49.065999999999995,48.888999999999996,48.94199999999999,48.61366666666667,45.92733333333333,39.262166666666666,36.89684,48.979459347959526,48.360698919099505,81.21951219512188,50.582010582010575,52.255825483391156,0.6187604288600212,0.7440832079707356,-0.25064555822142864,0.6187604288600212,0.8439205532520151,-0.4503202487839877,51.163005936151514,48.94199999999999,46.72099406384847,50.562876041501006,42.72728740757665,66.23405330934973,50.32853379196216,42.839379768503804,65.30684183887885,1.9999426734409576,69.0239672027748,-42.727272727272755,0.009864264460114984,0.013520423817218626,0.012422867884434722,0.01926070172310935,0.07887822792527328,0.2620291799145063,0.3429334327817775,91.53880122452154
2024-12-26,49.6,50.29,48.92,49.81,11311103.0,563707961.07,2.8896,0.5247,49.584,48.869,49.096500000000006,48.58166666666667,46.251,39.39358333333334,36.917399999999994,49.584,48.869,49.096500000000006,48.58166666666667,46.251,39.39358333333334,36.917399999999994,49.10723483288883,48.46805455472176,79.79002624671912,52.3908523908524,52.32673267326734,0.6391802781670677,0.7231026220100021,-0.1678446876858688,0.6391802781670677,0.8124220493927924,-0.3464835424514494,51.084350200858196,49.096500000000006,47.108649799141816,57.3891395832229,47.6145714661254,76.93827581741789,54.21902252797479,46.63259402166081,69.39187954060276,1.8854076419062373,46.6791700157785,-37.999999999999936,0.004557921910293625,0.019255560784955748,0.014532604157119065,0.025283886239665133,0.07694968757432281,0.2644191207112832,0.3492282771809502,105.37287489830544
2024-12-27,49.81,51.86,48.9,50.03,18167616.0,921166129.58,4.6412,0.4417,49.732,48.81,49.184000000000005,48.644,46.546,39.518249999999995,36.93796,49.732,48.81,49.184000000000005,48.644,46.546,39.518249999999995,36.93796,49.24919870475208,48.58375421733496,87.8706199460916,54.45134575569358,58.51409978308027,0.665444487417119,0.7115709950914255,-0.09225301534861297,0.665444487417119,0.7898101167811503,-0.24873125872806257,51.17458203601475,49.184000000000005,47.19341796398526,60.420598549987446,51.88324716074608,77.49530132847016,58.307187179822044,50.52412507438122,73.87331139070369,2.080788070650558,94.79647202237186,-33.51648351648348,0.00599211775114618,0.024994878098750232,0.01720071567989583,0.028492722637941018,0.07485068534353118,0.2659973556521356,0.35443321721069615,104.50561166820857
2024-12-30,49.99,50.2,48.98,49.3,12804084.0,632989531.03,3.271,-1.4591,49.736000000000004,48.9,49.2,48.723,46.73833333333334,39.633833333333335,36.96128000000001,49.736000000000004,48.9,49.2,48.723,46.73833333333334,39.633833333333335,36.96128000000001,49.25701428863638,48.636809460495336,50.21097046413499,46.282722513089,61.06395019807582,0.6202048281410413,0.6932977617013487,-0.14618586712061488,0.6202048281410413,0.7637169954519027,-0.28702433462172294,51.18882139125542,49.2,47.21117860874458,57.98491673784266,53.91713701977828,66.12047617397141,56.57597582439906,52.5414086577205,64.64511015775618,1.9242811487140936,19.13020884082063,-46.88644688644692,-0.008766285990027486,0.00817995910020447,0.0020325203252031365,0.011842456334790514,0.05480868665977235,0.24388674659276782,0.33382826568776797,86.33048165592133
2024-12-31,49.17,49.17,46.08,46.47,16729698.0,790833229.45,4.2739,-5.7404,49.032,48.848,49.075,48.65266666666666,46.757666666666665,39.72558333333334,36.97472,49.032,48.848,49.075,48.65266666666666,46.757666666666665,39.72558333333334,36.97472,48.82824285961539,48.4763050560142,22.928709055876737,32.37043330501275,48.2685135855088,0.35193780360119575,0.6250257700813181,-0.5461759329602447,0.35193780360119575,0.700366350551794,-0.6968570939011964,51.40899138590377,49.075,46.74100861409624,40.90574610665867,49.580006715405084,23.557224889165838,39.966452164362934,48.34975649326799,23.199843506552824,2.1598663944024397,-164.47962230090894,-93.25259515570934,-0.05225159079784626,-0.04868162463151,-0.05308201732042799,-0.04486222063881382,-0.006152288751220831,0.16977514490032639,0.25680464923060947,55.36783372632277
2025-01-02,46.49,46.49,42.91,43.6,14048191.0,625482138.43,3.5888,-6.176,47.842,48.454,48.815000000000005,48.49866666666666,46.72266666666667,39.794,36.97748,47.842,48.454,48.815000000000005,48.49866666666666,46.72266666666667,39.794,36.97748,48.023897804289945,48.11509727408722,6.530612244898009,30.676328502415473,42.65536723163843,-0.09119946979727445,0.48178072210559963,-1.1459603838057482,-0.09119946979727445,0.5785869935750142,-1.3395729267445773,52.19991078946415,48.815000000000005,45.43008921053586,29.84032980667377,43.000114412494646,3.5207605950320158,29.214133845143277,41.97121561055975,3.6999703143103204,2.418072504511088,-272.6968865819247,-92.29050279329604,-0.08866686175327113,-0.10017748792669334,-0.10683191641913352,-0.10100621322922948,-0.06683408481251071,0.09564255917977596,0.17909603358584741,52.86133998589598
2025-01-03,43.8,44.0,42.36,42.51,9978808.0,429071314.21,2.5493,-2.5,46.382,47.983000000000004,48.445499999999996,48.294333333333334,46.7245,39.83958333333333,36.97468,46.382,47.983000000000004,48.445499999999996,48.294333333333334,46.7245,39.83958333333333,36.97468,47.175605834399185,47.69990488341409,6.000000000000043,31.48760330578513,36.10977371208473,-0.5242990490149069,0.28056476788149837,-1.6097276337928106,-0.5242990490149069,0.4089122177919494,-1.8664225336137126,52.80485521548036,48.445499999999996,44.08614478451963,20.419868993922858,35.47336593963739,-9.687124897506209,20.0024050195692,34.64827874689624,-9.289342435084876,2.276604776418163,-248.34287545707517,-98.42105263157896,-0.08348066060109526,-0.11406123001896516,-0.12251911942285658,-0.11977250609112186,-0.09019893203779604,0.06702923181509181,0.14970569048873442,77.63296208564377
2025-01-06,42.51,42.8,41.4,41.69,7484351.0,314208426.57,1.912,-1.929,44.714,47.223,48.013,48.05499999999999,46.76716666666666,39.882916666666674,36.96984,44.714,47.223,48.013,48.05499999999999,46.76716666666666,39.882916666666674,36.96984,46.331666475260846,47.25472674390194,2.570093457943912,26.354082457558633,32.55146002872188,-0.9230602686410947,0.039839760576979744,-1.925800058436149,-0.9230602686410947,0.20399337372532722,-2.254107284732844,53.21574057335968,48.013,42.810259426640314,14.537401509014218,28.494711129429668,-13.377217731816678,14.259092192778445,27.851883228856977,-12.926489879378622,2.1172220897966785,-219.19765343223477,-97.22753346080307,-0.0676298251107036,-0.11716748194735618,-0.13169349967717078,-0.1324523982936218,-0.10856263119068571,0.0453097086262913,0.12767596505692208,82.30152861531448
2025-01-07,41.67,42.47,41.62,42.43,7954257.0,334964521.2,2.0321,1.775,43.339999999999996,46.538,47.6625,47.906333333333336,46.81083333333333,39.92933333333333,36.96844,43.339999999999996,46.538,47.6625,47.906333333333336,46.81083333333333,39.92933333333333,36.96844,45.73141009445148,46.89733957768698,8.149779735682827,31.274433150899156,34.875115633672536,-1.1659294832354945,-0.2013140881855151,-1.9292307900999588,-1.1659294832354945,-0.006763988884029987,-2.318330988702929,53.379546992616746,47.6625,41.94545300738326,12.97394644896678,23.321122902608707,-7.720406458317072,12.788406904809598,22.83072445417452,-7.296228193920243,1.8868180734700097,-170.82695788705223,-90.15296367112809,-0.020996769727734118,-0.0882719498044608,-0.10978232362968794,-0.1143133475740856,-0.09358588645790672,0.06262730824456542,0.1477357443267825,119.23708943404408
2025-01-08,42.02,42.51,40.23,41.94,10827270.0,448531837.22,2.766,-1.1548,42.434000000000005,45.733,47.291999999999994,47.791333333333334,46.855999999999995,39.975833333333334,36.969800000000006,42.434000000000005,45.733,47.291999999999994,47.791333333333334,46.855999999999995,39.975833333333334,36.969800000000006,45.148116233766636,46.53012923859906,8.37104072398192,17.216770740410396,34.36645396536008,-1.382013004832423,-0.4374538715148967,-1.8891182666350528,-1.382013004832423,-0.21834076056839818,-2.3273444885280496,53.48887391478865,47.291999999999994,41.09512608521134,13.550415431440738,20.064220412219385,0.5228054698834441,13.426722402002618,19.696057103450553,0.8880529991067476,1.9583056964754626,-159.11133999195934,-85.29664660361135,-0.01164160814441266,-0.0829379222880633,-0.1131692463841664,-0.1224350300612385,-0.10491719310227073,0.04913385170206993,0.13443946139822208,89.0336019593861
2025-01-09,41.56,42.99,41.56,42.22,7818416.0,332111125.89,1.9973,0.6676,42.158,45.0,46.9445,47.62800000000001,46.9145,40.02308333333333,36.97279999999999,42.158,45.0,46.9445,47.62800000000001,46.9145,40.02308333333333,36.97279999999999,44.69763681318715,46.21086040611024,16.216216216216253,19.25087108013942,31.818181818181827,-1.5132235929230902,-0.6526078157965354,-1.7212315542531096,-1.5132235929230902,-0.41755350400758157,-2.1913401778310173,53.46877201020591,46.9445,40.420227989794085,14.737250299091768,18.288563707843515,7.634623481588271,14.654788279466354,18.01563416212249,7.933096514154087,1.8622501152981057,-118.07976172942529,-82.88907996560619,0.0014706580008538737,-0.061777777777777806,-0.10064011758565965,-0.11354665322919306,-0.10006501188331962,0.05489123984700496,0.1419205469967113,106.88038964925319
2025-01-10,42.18,43.92,41.92,41.93,11812573.0,509036928.67,3.0177,-0.6869,42.041999999999994,44.212,46.540499999999994,47.468333333333334,46.97566666666667,40.06058333333333,36.97108,42.041999999999994,44.212,46.540499999999994,47.468333333333334,46.97566666666667,40.06058333333333,36.97108,44.27184653423529,45.89375963528726,27.49326145552564,13.562386980108542,29.94754411063424,-1.6219131010519732,-0.846468872847623,-1.5508884564087004,-1.6219131010519732,-0.6028395958605649,-2.0381470103828168,53.26316699896295,46.540499999999994,39.81783300103704,15.5085513528549,17.36189292284731,11.801868212870076,14.642315144178495,16.89119448947449,10.144556453586503,1.8872955488802683,-94.27040521204356,-85.38263112639723,-0.00266400266400254,-0.05161494616846113,-0.09906425586317283,-0.11667427407745516,-0.10741021947533125,0.046664739030676625,0.1341297035412544,93.33968573327931
2025-01-13,41.25,45.52,41.0,43.93,15789157.0,683962571.96,4.0336,4.7699,42.489999999999995,43.602,46.206,47.32333333333334,46.98983333333333,40.125416666666666,36.97572,42.489999999999995,43.602,46.206,47.32333333333334,46.98983333333333,40.125416666666666,36.97572,44.21925475973755,45.748295958599314,65.36796536796537,27.733755942947738,37.516991391028554,-1.529041198861762,-0.9829833380504509,-1.0921157216226223,-1.529041198861762,-0.7453321501684413,-1.5674180973866414,52.737015557363534,46.206,39.67498444263647,24.134709104736977,19.619498316810535,33.16513068058987,22.131988096787673,18.63812569191222,29.119712906538588,2.365969085447493,-64.882629107981,-62.888665997993975,0.033890327135796774,0.0075225907068483784,-0.04925767216378832,-0.07170528984996839,-0.06511692245485719,0.09481729161690948,0.18807693264661232,159.35416118875355
2025-01-14,44.0,45.67,43.7,45.1,14034516.0,627044501.45,3.5854,2.6633,43.024,43.182,46.041000000000004,47.193999999999996,47.00116666666667,40.20166666666667,36.98776,43.024,43.182,46.041000000000004,47.193999999999996,47.00116666666667,40.20166666666667,36.98776,44.354754027470236,45.70027403574011,84.30583501006035,32.59423503325944,40.8207343412527,-1.3455200082698724,-1.0554906720943353,-0.5800586723510741,-1.3455200082698724,-0.8376687437225077,-1.0157025290947295,52.50502807445687,46.041000000000004,39.57697192554314,42.021648455341165,27.086881696320745,71.891181973382,32.91274970807471,23.396333697299717,51.945581729624706,2.293974706275221,-30.45354489416275,-45.525727069351206,0.04825213834139086,0.044416655087768035,-0.02043830498903157,-0.04437004703987783,-0.04044935054803608,0.12184403631690228,0.21932228391229963,130.0628859016917
2025-01-15,44.95,45.97,44.12,44.86,10497934.0,471065608.95,2.6819,-0.5322,43.608,43.021,45.9345,47.057,46.97299999999999,40.25091666666667,37.000719999999994,43.608,43.021,45.9345,47.057,46.97299999999999,40.25091666666667,37.000719999999994,44.4324841770902,45.63803151457417,77.18120805369124,30.922509225092256,40.71520896165445,-1.2055473374839707,-1.0855020051722624,-0.24009066462341666,-1.2055473374839707,-0.8942654504550404,-0.6225637740578607,52.40287968810364,45.9345,39.46612031189636,54.90177260553523,36.358511999392235,91.98829381782122,46.59572025266748,31.129462549088974,77.5282356598245,2.213252032406999,-24.09556313993184,-26.038338658146987,0.0287103283801138,0.04274656563073844,-0.02339200383154275,-0.04668805916229259,-0.04498328827198588,0.11450877930316279,0.2124088396117699,94.80413361293914
2025-01-16,45.18,47.0,45.18,45.67,16451951.0,758393241.98,4.2029,1.8056,44.298,43.227999999999994,45.841,46.952666666666666,46.99166666666667,40.30116666666667,37.01884,44.298,43.227999999999994,45.841,46.952666666666666,46.99166666666667,40.30116666666667,37.01884,44.62287122676863,45.64039955053164,88.93528183716074,36.683785766691145,40.63848144952546,-1.0175283237630097,-1.0719072688904119,0.10875789025480431,-1.0175283237630097,-0.9132289694254973,-0.20859870867502495,52.26557747945122,45.841,39.416422520548785,63.38601679364585,45.367680264143445,99.42268985265065,57.84864855840069,40.03585788552621,93.47422990414964,2.199933481060272,-0.4315346889740287,-19.645494830132908,0.030972052914352788,0.05649116313500527,-0.0037302851159442285,-0.027318292180777748,-0.028125554176272362,0.13321781420719833,0.23369613958730218,119.59621179218867
2025-01-17,45.9,48.2,45.46,46.86,16629065.0,777410954.08,4.2482,2.6056,45.284,43.663,45.823,46.85133333333333,47.03783333333333,40.37916666666667,37.042,45.284,43.663,45.823,46.85133333333333,47.03783333333333,40.37916666666667,37.042,44.967044884188844,45.730740324566334,90.7017543859649,51.62635529608007,42.0875420875421,-0.7636954403774894,-1.0102649031878275,0.4931389256206762,-0.7636954403774894,-0.8902238111104191,0.25305674146585955,52.233311101736845,45.823,39.412688898263156,69.98632821793035,53.57389624873908,102.81119215631288,66.29474939443358,48.78882172182867,101.3066047396434,2.2981273935947684,20.934923525840453,-16.813048933500657,0.034802579277449,0.07321988869294375,0.022630556707330357,0.00018498228438899256,-0.0037806446583778064,0.16049943246311,0.2650504832352464,129.33400507434936
2025-01-20,46.95,47.5,46.14,46.52,10647908.0,497230631.27,2.7202,-0.7256,45.80200000000001,44.146,45.6845,46.724000000000004,47.061,40.45625,37.0688,45.80200000000001,44.146,45.6845,46.724000000000004,47.061,40.45625,37.0688,45.2059610558521,45.78920400422809,89.9130434782609,65.43340380549682,45.7038391224863,-0.5832429483759896,-0.9248605122254598,0.6832351276989406,-0.5832429483759896,-0.842995986074353,0.5195060753967269,51.896025704603126,45.6845,39.472974295396874,72.96453667059014,60.03744305602277,98.81872389972489,70.50348412159228,56.02704252174988,99.45636732127707,2.1275587765775374,21.957460746381702,-21.07904642409032,0.015676171346229343,0.05377610655552037,0.0182884785868293,-0.004366064549268055,-0.011495718323027492,0.14988413409547366,0.2549637430939226,92.97671929891361
2025-01-21,46.85,47.72,46.56,47.18,11000418.0,518094630.97,2.8102,1.4187,46.218,44.620999999999995,45.579499999999996,46.64866666666667,47.10583333333333,40.549,37.096560000000004,46.218,44.620999999999995,45.579499999999996,46.64866666666667,47.10583333333333,40.549,37.096560000000004,45.50965935495178,45.892225929840826,86.84807256235831,75.85825027685493,50.449597728348316,-0.3825665748890472,-0.8164017247581774,0.8676702997382604,-0.3825665748890472,-0.7721606920458445,0.7791882343135945,51.60327561265166,45.579499999999996,39.555724387348334,77.25413555817119,65.77634055673892,100.20972556103573,76.0696585904718,62.707914544657186,102.79314668210102,1.9589117262907114,37.637392183433256,-12.797992471769165,0.0208144013155047,0.057349678402546,0.035114470321087415,0.011390107612936325,0.001574468837900549,0.16353054329329947,0.2718160390073903,115.12835648414266
2025-01-22,47.02,47.6,46.26,46.54,9744348.0,456243557.28,2.4894,-1.3565,46.554,45.081,45.407,46.555,47.154833333333336,40.63183333333333,37.12448,46.554,45.081,45.407,46.555,47.154833333333336,40.63183333333333,37.12448,45.66817330034381,45.94020919429706,68.55670103092783,77.40112994350282,47.64373232799246,-0.2720358939532517,-0.7075285585971923,0.8709853292878813,-0.2720358939532517,-0.6952184154162148,0.8463650429259262,51.086748326522,45.407,39.727251673477994,77.15090518692892,69.56786210013559,92.3169913605156,76.36125387512934,67.25902765481457,94.56570631575886,1.8463823215105826,33.86265021922359,-23.0555555555556,-0.00030072603857891694,0.03236396708147548,0.024952099896491792,-0.0003221995489206437,-0.01303860685896469,0.14540733661209806,0.25362025272811906,87.23372623893225
2025-01-23,47.2,48.78,46.65,46.7,13820754.0,659142773.39,3.5307,0.3438,46.760000000000005,45.529,45.2645,46.47266666666667,47.2305,40.73033333333333,37.15124000000001,46.760000000000005,45.529,45.2645,46.47266666666667,47.2305,40.73033333333333,37.15124000000001,45.826915869521684,45.996489994719504,74.21052631578954,75.8162031438936,48.76543209876544,-0.16957412519781911,-0.5999376719173176,0.860727093438997,-0.16957412519781911,-0.6143500630749231,0.889551875754208,50.64152901727612,45.2645,39.887470982723876,75.85553062162015,71.66375160729712,84.23908865026621,75.32909641375376,69.94905057446097,86.08918809233936,1.9179491721450224,55.906869790169594,-26.735218508997406,-0.0012831479897348645,0.025719870851545153,0.03171359453876669,0.004891764334590957,-0.01123214871746004,0.14656562267270118,0.25702399166218926,103.49157971602318
2025-01-24,46.66,47.36,46.61,47.3,8391615.0,394847638.93,2.1438,1.2848,46.848,46.066,45.138999999999996,46.382333333333335,47.303,40.831916666666665,37.18156,46.848,46.066,45.138999999999996,46.382333333333335,47.303,40.831916666666665,37.18156,46.05354419728758,46.09304629140695,72.70194986072424,81.98090692124106,44.92087799897907,-0.03950209411937067,-0.4878505563577283,0.8966969244767152,-0.03950209411937067,-0.5259119140048382,0.972819639770935,50.175723663568974,45.138999999999996,40.10227633643102,74.19240099184123,72.50663473547849,77.5639335045667,77.21168552690695,72.36992889194298,86.8951987968349,1.7055947772095634,54.409862263145705,-19.02313624678668,0.00964822404371581,0.026787652498588863,0.04787434369392325,0.01978483186845556,-6.34209246770842e-05,0.15840753658800405,0.2721359727779039,113.61681267301222
2025-01-27,47.3,47.35,45.85,45.85,7962172.0,371749926.18,2.0341,-3.0655,46.714,46.257999999999996,44.93,46.22333333333333,47.38016666666667,40.9065,37.20832,46.714,46.257999999999996,44.93,46.22333333333333,47.38016666666667,40.9065,37.20832,46.02222970539718,46.075042862413845,36.88311688311686,69.00523560209427,41.844983357108894,-0.052813157016665,-0.40084307648951567,0.6960598389457013,-0.052813157016665,-0.45312748985281154,0.8006286656722931,49.430544996237195,44.93,40.429455003762804,61.83642183433194,68.94989710176297,47.609471299469874,65.5820685664944,70.10730878346013,56.531588132562945,1.6682139086260064,41.553160079106206,-57.67716535433072,-0.018495525966519613,-0.008820095983397341,0.020476296461161846,-0.008076728924785342,-0.03229551042806236,0.1208487648662193,0.23225128143382986,73.24567619013744
2025-02-05,48.3,48.64,47.48,47.6,15841081.0,761749346.06,4.0469,3.8168,46.797999999999995,46.508,44.845,46.19666666666667,47.475500000000004,40.99583333333333,37.2434,46.797999999999995,46.508,44.845,46.19666666666667,47.475500000000004,40.99583333333333,37.2434,46.26496359687454,46.18800265038319,60.26615969581749,75.74931880108994,44.58541005890349,0.07696094649134722,-0.3052822718933431,0.7644864367693807,0.07696094649134722,-0.3715754227229409,0.8970727384285763,49.05271972250477,44.845,40.63728027749523,63.63168863029537,67.17716094460711,56.5407440016719,68.61408290699055,69.60956682463694,66.62311507169775,1.8721750161485504,100.22336321178881,-25.32188841201714,0.017137484507885097,0.023479831426851266,0.06143382762849822,0.030377372104769363,0.0026224052405977314,0.16109360707388976,0.2780788005391559,145.43740841433882
2025-02-06,47.35,49.8,47.2,49.25,17929075.0,876804283.77,4.5803,3.4664,47.339999999999996,46.947,44.983999999999995,46.272000000000006,47.55983333333334,41.11058333333333,37.29096,47.339999999999996,46.947,44.983999999999995,46.272000000000006,47.55983333333334,41.11058333333333,37.29096,46.72419996658615,46.41481726887332,66.56000000000003,74.95309568480303,49.35567010309279,0.30938269771282734,-0.18234927797210904,0.9834639513698727,0.30938269771282734,-0.2668126349635919,1.1523906653528386,49.58320542336538,44.983999999999995,40.38479457663461,71.53018873356099,68.62817020759174,77.33422578549951,75.10780130307307,71.44231165078233,82.43878060765456,2.0045068313942673,122.13663764233084,-11.90476190476185,0.040346430080270466,0.04905531769868143,0.09483371865552209,0.06435857538035948,0.03553769111890628,0.19798835255317473,0.3206954178707119,140.60242824184616
2025-02-07,49.26,50.21,48.32,49.06,17612622.0,868857649.26,4.4994,-0.3858,47.812,47.286,45.257,46.32266666666667,47.64083333333333,41.242666666666665,37.33572,47.812,47.286,45.257,46.32266666666667,47.64083333333333,41.242666666666665,37.33572,47.083553817880585,46.61075673043826,71.72413793103455,70.4545454545455,48.38431710469625,0.4727970874423235,-0.05132000488922252,1.048234184663092,0.4727970874423235,-0.15302652382422033,1.2516472225330877,50.14916387383118,45.257,40.36483612616882,72.22807689271039,69.8281391026313,77.02795247286858,75.3350254301189,72.73988291056119,80.52531046923434,1.9836874075044004,120.37232421279703,-24.210526315789444,0.02610223374884976,0.037516389629065706,0.08403119959343316,0.05909274077485461,0.029788871591247056,0.1895448079658607,0.31402313923502745,96.20842175883755
2025-02-10,49.26,49.52,48.64,49.04,11644096.0,571246217.38,2.9747,-0.0408,48.160000000000004,47.504,45.5835,46.38333333333333,47.70033333333333,41.369166666666665,37.3832,48.160000000000004,47.504,45.5835,46.38333333333333,47.70033333333333,41.369166666666665,37.3832,47.384545538206645,46.790700676331724,70.6713780918728,72.09302325581399,47.84876140808344,0.5938448618749206,0.07771296846360612,1.032263786822629,0.5938448618749206,-0.03812323371666018,1.2639361911831615,50.57435595443233,45.5835,40.592644045567674,72.54043046669989,70.7322362239875,76.15681895212467,74.6117294916389,73.36383177092043,77.10752493307584,1.783016969776328,106.48581228562514,-26.834862385321145,0.01827242524916934,0.032334119232064695,0.07582787631489461,0.05727632051742723,0.0280850588046205,0.18542392683762063,0.31181921290847214,99.59308295781629
2025-02-11,49.01,49.27,47.52,47.72,9452449.0,453748457.51,2.4148,-2.6917,48.534000000000006,47.624,45.885000000000005,46.331,47.712999999999994,41.483666666666664,37.433,48.534000000000006,47.624,45.885000000000005,46.331,47.712999999999994,41.483666666666664,37.433,47.436153916944086,46.85953766327012,53.29153605015676,60.280842527582756,46.652542372881356,0.5766162536739685,0.1774936255056786,0.7982452563365798,0.5766162536739685,0.05645207203574425,1.0403283632764486,50.60680384799552,45.885000000000005,41.16319615200449,62.656923063426824,68.04046517046727,51.88983884934592,64.03778908005283,70.25515087396457,51.60306549222935,1.7770138843624501,74.0591668343729,-57.11009174311932,-0.016771747640829254,0.002015790357802716,0.03999128255421148,0.02997992704668571,0.00014671054010447892,0.15033225928276997,0.2748109956455534,76.12016743204146
2025-02-12,47.8,49.86,47.2,49.69,20731507.0,1011600149.22,5.2962,4.1282,48.952,47.875,46.248000000000005,46.34466666666667,47.64116666666666,41.6115,37.488600000000005,48.952,47.875,46.248000000000005,46.34466666666667,47.64116666666666,41.6115,37.488600000000005,47.78289946818346,47.069201540064924,77.82608695652172,63.16279069767443,57.080035180299035,0.7136979281185347,0.2847344860282498,0.8579268841805698,0.7136979281185347,0.15756681912540432,1.112262217986261,50.967699365983094,46.248000000000005,41.528300634016915,71.12908020742213,69.0700035161189,75.2472335900286,72.04965755183949,70.85331976658955,74.44233312233936,1.9375568144783675,94.59276324705246,-11.92660550458723,0.015075992809282554,0.03791122715404695,0.07442483999308062,0.07218378238416492,0.04300552393413262,0.1941410427405885,0.3254696094279325,149.85996177027906
2025-02-13,49.4,49.47,48.35,48.39,10871283.0,530200437.8,2.7773,-2.6162,48.78,48.059999999999995,46.5705,46.291333333333334,47.53933333333334,41.73525,37.53836,48.78,48.059999999999995,46.5705,46.291333333333334,47.53933333333334,41.73525,37.53836,47.87629955000139,47.167038463023076,56.124031007751945,57.984628522630224,61.31317902692489,0.7092610869783158,0.36963980621826303,0.6792425615201055,0.7092610869783158,0.24244286033354456,0.9336364532895425,50.91750368675133,46.5705,42.223496313248674,66.83834704959641,68.32611802727807,63.862805094233096,67.45206527920797,69.71956827079569,62.917059296032534,1.8289101209368452,85.70407630356463,-41.743119266055054,-0.00799507995079952,0.006866416978776642,0.03906979740393592,0.04533606002563474,0.01789395447979908,0.15945154276061602,0.28908135571186394,76.71252072640515
2025-02-14,47.0,47.8,46.38,46.79,17251722.0,807316771.08,4.4072,-3.3065,48.326,48.069,46.799,46.19933333333333,47.40650000000001,41.860416666666666,37.57632,48.326,48.069,46.799,46.19933333333333,47.40650000000001,41.860416666666666,37.57632,47.70917654230887,47.13910968798432,30.781249999999986,48.45849802371541,59.87084870848709,0.5700668543245442,0.40972521583951926,0.32068327697004984,0.5700668543245442,0.29284655171677526,0.5544406052155378,50.633337381855284,46.799,42.964662618144715,51.745442375571905,62.79922614337602,29.637874839963672,52.154587861979614,63.86457480119033,28.734613983558177,1.861835553493782,4.703637918558135,-78.44036697247712,-0.03178413276497127,-0.026607584929996535,-0.00019231180153422812,0.01278517727528545,-0.013004545790134455,0.11776240481759817,0.24519910411663504,71.445393219797
2025-02-17,46.5,53.8,46.1,51.72,36726771.0,1829850207.2,9.3825,10.5364,48.861999999999995,48.510999999999996,47.2885,46.263,47.42233333333333,42.02816666666667,37.63584,48.861999999999995,48.510999999999996,47.2885,46.263,47.42233333333333,42.02816666666667,37.63584,48.32622630503058,47.47843489628178,61.93895870736085,65.28925619834712,69.44552151996899,0.8477914087487974,0.4973384544213749,0.700905908654845,0.8477914087487974,0.3782226835678556,0.9391374503618837,51.00339335399782,47.2885,43.573606646002176,58.825965912718935,61.47480606649033,53.52828560517614,59.38188457046021,62.370344724280294,53.40496426282003,2.9233199983130937,166.1657052470914,-26.16352201257861,0.058491261102697485,0.06614994537321439,0.09371200186091756,0.11795603397963818,0.09062537341758817,0.23060328589160428,0.374222018161412,272.304432144364
2025-02-18,50.6,53.48,50.52,51.1,32200044.0,1679404359.38,8.226,-1.1988,49.538,49.036,47.647000000000006,46.29866666666667,47.47133333333333,42.193999999999996,37.692,49.538,49.036,47.647000000000006,46.29866666666667,47.47133333333333,42.193999999999996,37.692,48.752960719641266,47.74669897803869,58.77342419080069,62.64367816091954,66.88741721854306,1.0062617416025788,0.5991231118576157,0.8142772594899261,1.0062617416025788,0.4748440771116592,1.062835328981839,51.381043102956255,47.647000000000006,43.912956897043756,60.86233225350095,61.270648128827204,60.04570050284846,61.23294469199514,61.99121138018524,59.716411315614934,2.9299890895288936,195.12314188776898,-35.06493506493503,0.03153134967095977,0.04209152459417571,0.07247045984007378,0.10370349038129245,0.07643911413203776,0.21107266435986174,0.3557253528600234,88.63879415399781
2025-02-19,51.85,61.0,51.85,60.28,71970245.0,4128958284.28,18.386,17.9648,51.65599999999999,50.303999999999995,48.406,46.66466666666667,47.69383333333334,42.435916666666664,37.79308,51.65599999999999,50.303999999999995,48.406,46.66466666666667,47.69383333333334,42.435916666666664,37.79308,50.526351378158,48.67509164633212,82.04081632653063,74.98075442648192,76.68800931315485,1.851259731825877,0.849550435851268,2.003418591949218,1.851259731825877,0.6866003316830773,2.3293188002855993,55.020393873650704,48.406,41.79160612634929,72.29748324730042,64.94625983498494,86.99993007193137,72.54455820629654,65.50899365555568,86.61568730777827,4.19726380052364,349.91466407544425,-4.832214765100664,0.16695059625212968,0.19831424936386782,0.2453001694004876,0.2917696472705973,0.26389505281954684,0.4204948245491733,0.595000989599154,521.8232617216224
2025-02-20,59.6,59.89,56.82,58.23,38347471.0,2220973863.76,9.7965,-3.4008,53.624,51.202,49.0745,47.056666666666665,47.85466666666667,42.66383333333333,37.89243999999999,53.624,51.202,49.0745,47.056666666666665,47.85466666666667,42.66383333333333,37.89243999999999,51.71152808921062,49.38286263549271,71.69715447154472,73.28818660647102,72.15610296152782,2.3286654537179103,1.1453734394245965,2.3665840285866278,2.3286654537179103,0.9392257350730516,2.778879437289717,56.79068251673569,49.0745,41.35831748326431,75.33478748925174,68.40910238640721,89.18615769494079,75.49950412858249,68.8391638132313,88.82018475928487,4.063215836792069,276.23234468521207,-18.59060402684566,0.08589437565269271,0.13726026327096597,0.18656328643185355,0.23744421619324216,0.21680922794015206,0.36485625998601473,0.5367181421940632,70.75146951908602
2025-02-21,58.5,61.94,57.5,59.78,61165692.0,3685289615.26,15.6258,2.6619,56.222,52.274,49.78,47.596000000000004,48.04733333333333,42.902833333333334,37.99792,56.222,52.274,49.78,47.596000000000004,48.04733333333333,42.902833333333334,37.99792,52.952831460101294,50.15302095878954,78.57501254390365,73.08567096285064,73.8700187215833,2.799810501311754,1.476260851802028,2.6470992990194517,2.799810501311754,1.2254695452636213,3.148681912096265,58.67559323189675,49.78,40.884406768103254,79.01107044737995,71.9430917400648,93.14702786201025,79.12088154026713,72.26640305557657,92.82983850964825,4.13172204828442,226.91988846182832,-13.636363636363619,0.06328483511792536,0.14358954738493324,0.2008838891120932,0.255987898142701,0.24418975732264037,0.39338116752195856,0.5732440091457638,130.04426546258188
2025-02-24,58.8,61.94,58.17,59.86,40998376.0,2460798703.18,10.4737,0.1338,57.85,53.35600000000001,50.43,48.17433333333334,48.23433333333333,43.14791666666667,38.10916,57.85,53.35600000000001,50.43,48.17433333333334,48.23433333333333,43.14791666666667,38.10916,54.01547277393187,50.87205644332365,85.4970124932102,71.38250705360741,72.45559627854526,3.1434163306082183,1.809691947563266,2.6674487660899047,3.1434163306082183,1.5205382814704824,3.245756098275472,60.276238929288205,50.43,40.583761070711795,81.63027592114894,75.17215313375951,94.54652149592778,81.70348331640706,75.4120964758534,94.28625699751436,4.065954403141797,179.17228760602262,-13.131313131313124,0.03474503025064819,0.12189819326786096,0.18699186991869918,0.2425703867204527,0.2410247195980733,0.3873207474289025,0.5707509690583575,101.34632803213954
2025-02-25,57.86,59.22,56.28,56.51,35322949.0,2035768284.68,9.0238,-5.5964,58.931999999999995,54.235,50.929500000000004,48.66833333333333,48.36166666666667,43.369499999999995,38.21268,58.931999999999995,54.235,50.929500000000004,48.66833333333333,48.36166666666667,43.369499999999995,38.21268,54.39924619332697,51.28968189196634,64.23054070112893,63.31784054343939,65.1527224435591,3.109564301360628,2.0696664183227385,2.0797957660757787,3.109564301360628,1.765003822992043,2.6891209567371694,60.9525607259354,50.929500000000004,40.90643927406461,76.32674960399828,75.5570186238391,77.86621156431664,76.37555453417036,75.73324916195907,77.66016527859296,3.9775990571160156,108.94185260311022,-34.28030303030304,-0.041098214891739586,0.04194708214252786,0.10957303723775008,0.16112461901989664,0.16848743839818023,0.30298942805427787,0.47882849357857127,56.21936655493356
2025-02-26,57.47,57.85,54.86,57.31,24738070.0,1401231359.42,6.3198,1.4157,58.338,54.997,51.436,49.16433333333334,48.535333333333334,43.602,38.30928,58.338,54.997,51.436,49.16433333333334,48.535333333333334,43.602,38.30928,54.847054471276664,51.73563138145031,68.25396825396824,64.38260869565218,66.2915467155195,3.111423089826353,2.2780177526234615,1.6668106744057827,3.111423089826353,1.97214524865886,2.2785556823349857,61.68258587556179,51.436,41.18941412443821,74.47456707606621,75.19620144124815,73.03129834570234,74.50710369618093,75.3245340066997,72.87224307514342,3.798035592185831,84.43875047412922,-29.229797979797954,-0.017621447427062956,0.042056839463970805,0.11420017108639868,0.16568243916660444,0.18078925319011582,0.314389248199624,0.49598217455405064,115.09355682240346
2025-02-27,57.0,58.25,53.9,55.19,27406532.0,1523080231.7,7.0015,-3.6992,57.73,55.677,51.8685,49.605999999999995,48.69866666666667,43.816,38.41212,57.73,55.677,51.8685,49.605999999999995,48.69866666666667,43.816,38.41212,54.89981532184949,51.99151053837992,24.422110552763854,62.639593908629436,62.044534412955464,2.9083047834695677,2.4040751587926827,1.0084592493537698,2.9083047834695677,2.1161697924758918,1.5842699819873518,61.97420505886855,51.8685,41.762794941131446,68.77849926283201,73.0569673817761,60.22156302494383,68.80019034290851,73.14975278543596,60.10106545785359,3.898392757242953,61.6957243669573,-42.613636363636374,-0.04399792135804607,-0.008746879321802573,0.06403693956833147,0.11256702818207483,0.13329591501478472,0.2595855395289391,0.43678609772123994,68.59616812020991
2025-02-28,54.86,55.19,52.1,52.4,19833437.0,1060750316.19,5.0668,-5.0553,56.254,56.238,52.153499999999994,49.94533333333333,48.78666666666666,44.00691666666667,38.49968,56.254,56.238,52.153499999999994,49.94533333333333,48.78666666666666,44.00691666666667,38.49968,54.51522834925726,52.02176901701844,22.731524789522965,54.46163977609483,56.73638132295721,2.493459332238814,2.421951993481909,0.14301467751380947,2.493459332238814,2.174214337054803,0.6384899903680221,61.962622016615015,52.153499999999994,42.34437798338497,51.339781761911354,65.81790550848785,22.383534268758353,59.12436931951477,68.47462496346223,40.42385803161986,3.7514122559260517,17.831381534283633,-60.22727272727274,-0.06851068368471575,-0.06824567018741778,0.0047264325500686365,0.04914706746042343,0.07406395189942615,0.19072191303261032,0.3610502736646123,59.52630553870232
2025-03-03,52.6,52.88,51.25,51.81,14655390.0,763211286.91,3.744,-1.126,54.644000000000005,56.247,52.379,50.27466666666667,48.8715,44.19174999999999,38.584360000000004,54.644000000000005,56.247,52.379,50.27466666666667,48.8715,44.19174999999999,38.584360000000004,54.099039372448445,52.006082423165225,9.044193216855106,55.765340525960895,56.393521875755376,2.09295694928322,2.356152984642171,-0.5263920707179022,2.09295694928322,2.1617132004745594,-0.13751250238267865,61.9220788367387,52.379,42.8359211632613,35.97270140535283,55.869504140776186,-3.8209040654938917,43.181570206004594,60.043606710976356,9.457497196061055,3.36570093666677,-6.239498837222187,-88.70402802101577,-0.05186296757192012,-0.07888420715771503,-0.010863132171289936,0.030538906274863428,0.06012706792302272,0.17239077429610758,0.3427720454609069,89.29415935507733
2025-03-04,51.1,53.35,50.23,52.27,21782462.0,1129216570.91,5.5647,0.8879,53.79600000000001,56.364,52.7,50.55266666666667,48.938,44.38316666666667,38.67268,53.79600000000001,56.364,52.7,50.55266666666667,48.938,44.38316666666667,38.67268,53.817648699764064,52.02563187330113,12.462908011869487,59.60729312762974,56.181685693466115,1.792016826462934,2.243325753006324,-0.9026178530867801,1.792016826462934,2.1048368352420015,-0.6256400175581351,61.73685320172201,52.7,43.66314679827799,29.7888034988148,47.175937260122396,-4.9854640238003896,34.594716032582646,51.56064315151178,0.662861794724364,3.321028039090994,-12.091688180028504,-82.57899231426127,-0.028366421295263646,-0.07263501525796598,-0.008159392789373809,0.0339711719790582,0.06808614982222405,0.1776987521545331,0.35160014770116793,109.24185800947576
2025-03-05,52.77,54.62,52.45,54.3,23881705.0,1277727722.45,6.101,3.8837,53.194,55.766000000000005,53.035000000000004,50.85933333333334,49.026666666666664,44.584250000000004,38.76696,53.194,55.766000000000005,53.035000000000004,50.85933333333334,49.026666666666664,44.584250000000004,38.76696,53.891856592108056,52.19410358638993,37.42889647326507,55.0351288056206,59.116541353383454,1.697753005718127,2.1342112035486847,-0.8729163956611155,1.697753005718127,2.0422085537767902,-0.6889110961173266,61.76743078234353,53.035000000000004,44.302569217656476,31.444741757536086,41.932205425926966,10.469814420754318,34.64868344671465,45.92332324991274,12.099403840318473,3.144477486528994,15.869801351326497,-65.24338172502135,0.02079181862616074,-0.026288419467058927,0.023852173093240187,0.06765064426064028,0.10756051128637477,0.21791888391079792,0.4006772777643643,146.37715263889845
2025-03-06,54.88,55.88,53.84,54.12,22425552.0,1227729249.03,5.729,-0.3315,52.980000000000004,55.355,53.278499999999994,51.168,49.11249999999999,44.775666666666666,38.85644,52.980000000000004,55.355,53.278499999999994,51.168,49.11249999999999,44.775666666666666,38.85644,53.92695557793758,52.336762579990676,30.477356181150498,55.996822875297845,58.71301080319398,1.5901929979469074,2.025407562428329,-0.8704291289628436,1.5901929979469074,1.9726676990337313,-0.7649494021736478,61.83639023434851,53.278499999999994,44.72060976565148,32.03631801769129,38.633576289848406,18.841801473377075,34.172279143810336,42.006308547878604,18.504220335673807,2.9436633980691767,26.544004321782243,-66.7805294619983,0.02151755379388436,-0.02231054105320205,0.01579436358005581,0.05769230769230766,0.10195978620514143,0.20869222122134787,0.3928193112904836,96.7340973200711
2025-03-07,53.6,56.06,53.28,54.39,20821252.0,1136993904.84,5.3191,0.4989,53.378,54.815999999999995,53.545,51.458666666666666,49.205666666666666,44.979749999999996,38.9458,53.378,54.815999999999995,53.545,51.458666666666666,49.205666666666666,44.979749999999996,38.9458,53.9981931813318,52.4888542407321,43.67088607594938,31.899200983405052,58.39053254437871,1.5093389405996973,1.922193838062603,-0.8257097949258112,1.5093389405996973,1.9013863515823415,-0.7840948219652883,61.87879044360336,53.545,45.211209556396646,36.78209113674786,38.01641457214823,34.313444265947126,34.62325014369594,39.54528907981772,24.77917227145238,2.9139064166020536,21.543647449561444,-64.47480785653285,0.018959121735546487,-0.00777145359019255,0.015781118685218018,0.05696481318339641,0.10536049371007407,0.20921081153185614,0.3965562396972203,105.10241831870562
2025-03-10,54.46,54.46,52.88,53.98,13380933.0,717737492.52,3.4184,-0.7538,53.812,54.227999999999994,53.791999999999994,51.696,49.27366666666667,45.17908333333333,39.03135999999999,53.812,54.227999999999994,53.791999999999994,51.696,49.27366666666667,45.17908333333333,39.03135999999999,53.995394230357675,52.59930948215935,70.05076142131978,35.475051264524964,59.864110652754185,1.3960847481983265,1.8169720200897477,-0.8417745437828423,1.3960847481983265,1.8236476433694162,-0.8551257903421794,61.851924513163546,53.791999999999994,45.73207548683644,40.10742900388344,38.713419382726634,42.89544824619705,36.986504915967856,38.6923610252011,33.574792697501366,2.6713779772198616,1.0182883884966056,-58.286985539488334,0.003121980227458546,-0.00457328317474363,0.003494943486020271,0.044181367997523965,0.09551416916405638,0.19480069132286512,0.3829904978970758,92.71248335581829
2025-03-11,52.86,55.38,52.5,53.81,14572984.0,787423353.83,3.7229,-0.3149,54.120000000000005,53.958000000000006,54.096500000000006,51.939,49.3315,45.379083333333334,39.109,54.120000000000005,53.958000000000006,54.096500000000006,51.939,49.3315,45.379083333333334,39.109,53.96687204107188,52.68899026125866,78.40909090909093,27.47169811320755,57.83497350492052,1.277881779813221,1.7091539720344424,-0.862544384442443,1.277881779813221,1.7396836643607707,-0.9236037690950996,61.633748625467085,54.096500000000006,46.55925137453293,41.61775399926396,39.68153092157241,45.49020015464707,39.537137940653565,38.973953330351925,40.663507161256845,2.7093092540889776,-2.682021335848463,-55.36159600997501,-0.005728011825572843,-0.0027428740872531086,-0.005296091244350443,0.036023027012456965,0.0907837791269271,0.18578860671858735,0.3758981308650183,96.89494449125178
2025-03-12,54.7,54.85,53.4,53.47,12161702.0,656700280.09,3.1069,-0.6319,53.95399999999999,53.574,54.2855,52.14866666666667,49.39866666666667,45.57416666666666,39.19432,53.95399999999999,53.574,54.2855,52.14866666666667,49.39866666666667,45.57416666666666,39.19432,53.89043018859928,52.74684283449876,67.64705882352936,26.350851221317555,55.50626304801669,1.143587354100525,1.596040648447659,-0.904906588694268,1.143587354100525,1.6479765397053483,-1.0087783712096465,61.541842343807,54.2855,47.029157656193,46.27004068790267,41.8777008436825,55.05472037634301,39.824426125024246,39.25744426190937,40.958389851254,2.480343935163709,-8.962566124195552,-59.60099750623441,-0.008970604589094315,-0.0019412401538059358,-0.015022427720109423,0.025337816243304296,0.08241787902507479,0.17325239079156693,0.36422828613942027,93.8581350405023
2025-03-13,53.4,53.93,51.86,52.58,12237852.0,643953153.12,3.1264,-1.6645,53.646,53.313,54.495000000000005,52.35,49.45249999999999,45.769,39.26768,53.646,53.313,54.495000000000005,52.35,49.45249999999999,45.769,39.26768,53.68882554419939,52.73448410601737,11.946902654867358,32.21719457013576,54.51050743208611,0.9543414381820199,1.4677008063945314,-1.026718736425023,0.9543414381820199,1.5412634471632978,-1.1738440179625558,61.259970144252804,54.495000000000005,47.730029855747205,44.282943077241,42.67944825486867,47.48993272198568,39.98586670198871,39.50025174193582,40.9570966220945,2.4057359469521256,-45.444673688782665,-59.69125214408234,-0.01987100622600012,-0.013748991803125018,-0.035140838609046814,0.004393505253104047,0.06324250543450796,0.14881251502108414,0.33901468077564045,84.54812419911218
2025-03-14,52.6,54.1,52.5,53.99,13625932.0,728595768.98,3.481,2.6816,53.565999999999995,53.472,54.855000000000004,52.592999999999996,49.53283333333333,45.97983333333333,39.34364,53.565999999999995,53.472,54.855000000000004,52.592999999999996,49.53283333333333,45.97983333333333,39.34364,53.735160075861025,52.82748528334942,48.13753581661898,35.763293310463126,56.12472160356347,0.9076747925116067,1.3556956036179466,-0.8960416222126799,0.9076747925116067,1.443788269524576,-1.0722269540259388,60.579902205554106,54.855000000000004,49.1300977944459,51.01996090798343,45.45961913924026,62.140644445469775,48.15524332448191,42.38524893611785,59.695232101210024,2.259238502051739,-38.201123918871716,-35.5060034305317,0.007915468767501897,0.0096873129862358,-0.01576884513717987,0.026562470290723207,0.08998408463073329,0.17421043283468485,0.3722675380315599,130.2949120331296
2025-03-17,54.12,54.26,53.02,53.2,9234693.0,493312142.58,2.3592,-1.4632,53.410000000000004,53.611000000000004,54.92900000000001,52.78966666666667,49.586,46.188833333333335,39.4174,53.410000000000004,53.611000000000004,54.92900000000001,52.78966666666667,49.586,46.188833333333335,39.4174,53.652827756497786,52.855078966064276,35.16209476309231,40.36786060019363,56.87061183550652,0.7977487904335092,1.244106240981059,-0.8927149010950997,0.7977487904335092,1.3443975804336425,-1.0932975800002667,60.51997355235726,54.92900000000001,49.33802644764276,44.64822790690961,45.189155395130044,43.56637293046876,49.08462762512632,44.61837516578734,58.01713254380428,2.0739224107696037,-45.94339722601875,-49.056603773584854,-0.003931847968545232,-0.007666337132304963,-0.0314769975786926,0.007772985874760854,0.07288347517444449,0.1517935431724118,0.34965776535235715,86.29448638911424
2025-03-18,53.6,54.33,53.01,53.11,9215516.0,493435156.72,2.3543,-0.1692,53.27,53.69500000000001,55.0295,53.031666666666666,49.627500000000005,46.39875,39.494200000000006,53.27,53.69500000000001,55.0295,53.031666666666666,49.627500000000005,46.39875,39.494200000000006,53.56931579395967,52.87396200561507,38.21138211382119,54.65268676277851,54.50000000000001,0.6953537883445975,1.1343557504537667,-0.8780039242183384,0.6953537883445975,1.2445446893430203,-1.0983818019968457,60.39852804102041,55.0295,49.660471958979585,39.68612019190799,43.35481032738936,32.34873992094525,42.64372000405246,43.960156778542384,40.010846455072624,1.9368456088114938,-50.60160044556949,-70.23809523809526,-0.0030035667354984734,-0.010894869168451586,-0.034881290943948234,0.001477104874446082,0.07017278726512506,0.14464290525068024,0.34475441963630077,98.32109151511538
2025-03-19,52.87,53.24,52.0,52.3,8067371.0,423072310.88,2.0609,-1.5251,53.036,53.495000000000005,54.6305,53.188333333333325,49.6925,46.60408333333333,39.56848,53.036,53.495000000000005,54.6305,53.188333333333325,49.6925,46.60408333333333,39.56848,53.37403644104279,52.83144630149543,32.563510392609686,53.121019108280215,55.2119434817382,0.5425901395473574,1.0160026282724848,-0.9468249774502548,0.5425901395473574,1.136551681682149,-1.1879230842695834,59.521395838725596,54.6305,49.7396041612744,29.949476953335466,38.886365869371396,12.075699121263611,31.921210161431784,39.947174572838854,15.86928133861764,1.8101464072094042,-78.1838777538891,-89.52380952380959,-0.013877366317218571,-0.022338536311804977,-0.04265932034303184,-0.016701657631686056,0.05247270714896603,0.12221926190301644,0.32175913757617164,85.75389882452025
2025-03-20,52.11,52.27,51.33,51.37,8984334.0,464084182.97,2.2952,-1.7782,52.794000000000004,53.220000000000006,54.2875,53.259,49.765499999999996,46.8065,39.64176,52.794000000000004,53.220000000000006,54.2875,53.259,49.765499999999996,46.8065,39.64176,53.06572314242082,52.72319101990318,28.658536585365866,44.591346153846125,56.21606948968512,0.342532122517639,0.8813085271215158,-1.0775528092077535,0.342532122517639,1.0143948264260707,-1.3437254078168634,59.076645072590296,54.2875,49.49835492740971,20.29553607588619,32.68942260487633,-4.492236982094084,21.562695428269528,33.81901485798242,-2.9499434311562567,1.6573925149895121,-104.86587471575626,-99.154334038055,-0.026972762056294397,-0.034761367906802114,-0.05374165323509102,-0.035468183781145024,0.03224121128090749,0.09749714249089331,0.29585568350143887,83.57545864121175
2025-03-21,51.2,51.82,49.54,49.75,12120665.0,611161395.81,3.0964,-3.1536,51.946000000000005,52.75599999999999,53.786,53.282000000000004,49.80233333333333,46.99433333333333,39.705679999999994,51.946000000000005,52.75599999999999,53.786,53.282000000000004,49.80233333333333,46.99433333333333,39.705679999999994,52.555611889740696,52.5029546480585,24.955752212389413,21.2389380530974,47.06233223978526,0.052657241682197764,0.7155782700336523,-1.325842056702909,0.052657241682197764,0.8664351980039364,-1.6275559126434773,58.242500397113595,53.786,49.32949960288641,14.728987520910433,26.70261091022103,-9.218259257710763,15.573760422499326,27.737263379488056,-8.753245491478133,1.77059387590051,-158.0604995239139,-96.40410958904108,-0.04227466984945915,-0.05697930093259522,-0.07503811400736253,-0.06628880297286144,-0.0010508209120053905,0.05863827553676692,0.2529693484660131,72.58304664264122
2025-03-24,49.62,50.0,47.83,48.7,10233614.0,499763662.85,2.6144,-2.1106,51.046,52.227999999999994,53.227999999999994,53.27066666666667,49.827,47.16958333333333,39.76328,51.046,52.227999999999994,53.227999999999994,53.27066666666667,49.827,47.16958333333333,39.76328,51.96244082978059,52.22125430375787,0.0,19.134396355353147,46.466431095406364,-0.25881347397727694,0.5206999212314665,-1.5590267904174868,-0.25881347397727694,0.6933200176991343,-1.9042669833528225,57.256412773498255,53.227999999999994,49.199587226501734,13.95037914499444,22.451866988478834,-3.052596541974353,14.22356655098191,23.23269776998601,-3.7946958870262932,1.8432131711913264,-218.34353481254743,-88.47682119205292,-0.04595854719272806,-0.06754997319445492,-0.08506800931840369,-0.08580081595875155,-0.02261825917675147,0.0324449901507859,0.22474805901324038,80.79021452487206
2025-03-25,48.7,48.76,46.8,47.2,9807247.0,467265846.04,2.5054,-3.0801,49.864,51.56699999999999,52.7625,53.25333333333333,49.79216666666667,47.333666666666666,39.81468,49.864,51.56699999999999,52.7625,53.25333333333333,49.79216666666667,47.333666666666666,39.81468,51.229757625198964,51.84930954051654,0.0,14.085914085914112,25.114155251141568,-0.6195519153175795,0.29264955392165726,-1.8244029384784735,-0.6195519153175795,0.4913397203119476,-2.221783271259054,57.31199332054503,52.7625,48.21300667945498,11.070947761116283,18.65822724602465,-4.103611208700457,11.13869240044759,19.20136264680654,-4.986648092270308,1.8644471400656308,-226.76782703560482,-95.03105590062106,-0.053425316861864164,-0.08468594256016426,-0.10542525467898602,-0.11367050575863785,-0.05205972827051104,-0.002823923775184605,0.1854923862253822,73.13586026856595
2025-03-26,47.1,48.0,47.01,47.08,8747693.0,414937924.25,2.2347,-0.2542,48.82,50.928000000000004,52.251,53.166333333333334,49.7555,47.496249999999996,39.86688,48.82,50.928000000000004,52.251,53.166333333333334,49.7555,47.496249999999996,39.86688,50.59133337516836,51.49602735233014,0.0,14.506172839506206,27.10472279260783,-0.9046939771617772,0.053180847704970335,-1.9157496497334952,-0.9046939771617772,0.27656530531598994,-2.3625185649555345,56.9457536228163,52.251,47.5562463771837,8.620118339194837,15.312190943748048,-4.764026869911586,8.665281432082375,15.68933557523182,-5.3828268542165105,1.7054567509627891,-194.6381824088059,-96.28154050464805,-0.035641130684145886,-0.07555765001570856,-0.09896461311745229,-0.1144772067536474,-0.053772949724151094,-0.00876384977761398,0.18093013549091366,97.4865172663324
2025-03-27,47.09,49.25,46.67,47.76,13620694.0,653406078.31,3.4796,1.4444,48.098,50.446000000000005,51.87949999999999,53.14533333333334,49.718333333333334,47.65383333333333,39.923840000000006,48.098,50.446000000000005,51.87949999999999,53.14533333333334,49.718333333333334,47.65383333333333,39.923840000000006,50.155743625142456,51.21928458549087,11.525423728813564,20.43010752688174,24.403747870528107,-1.063540960348412,-0.17016351390570614,-1.7867548928854118,-1.063540960348412,0.07039511059838963,-2.267872141893603,56.76695967812138,51.87949999999999,46.992040321878605,10.49000056381482,13.704794150436975,4.060413390570513,10.520109292406513,13.966260147623384,3.627807581972771,1.8644646144240997,-147.4120961372982,-85.77023498694521,-0.007027319223252546,-0.05324505411727405,-0.0794051600343102,-0.10133219599086797,-0.039388555529482804,0.0022278725391101815,0.19627771276510456,115.41935406854871
2025-03-28,47.3,47.93,45.81,45.88,12562437.0,585784433.06,3.2093,-3.9363,47.324,49.635000000000005,51.5535,53.115,49.65716666666666,47.792249999999996,39.9724,47.324,49.635000000000005,51.5535,53.115,49.65716666666666,47.792249999999996,39.9724,49.49793691358208,50.82378202360266,9.927007299270088,17.757009345794415,22.349683544303815,-1.3258451100205804,-0.401299833128681,-1.8490905537837987,-1.3258451100205804,-0.14441107718914423,-2.362868065662872,57.11770997371398,51.5535,45.98929002628602,7.267199123920368,11.558929141598107,-1.3162609114351085,7.287271609648163,11.739930634964978,-1.6180464409854665,1.9109255936197174,-158.35463807379713,-99.17840375586854,-0.03051305891302501,-0.07565226150901586,-0.11005072400515964,-0.13621387555304526,-0.07606488489409033,-0.04001171738095598,0.14779197646376005,66.92539006345436
2025-03-31,45.72,46.38,45.01,45.78,8651316.0,393990437.27,2.2101,-0.218,46.739999999999995,48.892999999999994,51.251999999999995,52.917,49.59,47.9205,40.01744,46.739999999999995,48.892999999999994,51.251999999999995,52.917,49.59,47.9205,40.01744,48.925946619184835,50.45016854037283,12.757973733583484,19.034608378870686,25.646845211075828,-1.5242219211879942,-0.6258842507405437,-1.796675340894901,-1.5242219211879942,-0.3566896685735827,-2.335064505228823,57.38236480411875,51.251999999999995,45.12163519588124,7.963470942880905,10.36044307535904,3.1695266779246367,7.612115264801219,10.363992178243727,2.108361437916205,1.8125754856888603,-148.31222529142963,-91.73819742489268,-0.020539152759948522,-0.06366964596158944,-0.10676656520721133,-0.13487159136005442,-0.07683000604960681,-0.044667730929351654,0.14400121547005507,97.84165519692675
2025-04-01,45.95,46.94,45.95,46.2,7955651.0,369324750.88,2.0324,0.9174,46.540000000000006,48.202000000000005,50.948499999999996,52.75366666666666,49.52616666666667,48.03608333333334,40.06596,46.540000000000006,48.202000000000005,50.948499999999996,52.75366666666666,49.52616666666667,48.03608333333334,40.06596,48.50657021623332,50.13534124108595,23.404255319148945,11.011011011011021,24.341801385681308,-1.6287710248526324,-0.8264616055629614,-1.6046188385793418,-1.6287710248526324,-0.5523944926165134,-2.152753064472238,57.45607704121644,50.948499999999996,44.44092295878355,10.772708819588207,10.497864990102096,11.322396478560432,9.894508596947286,10.207497651144914,9.268530488552031,1.693925397381794,-112.02140895326177,-85.54070473876058,-0.007305543618392853,-0.04153354632587864,-0.09320195884079008,-0.12423149101800175,-0.06715978422180865,-0.038223002499856905,0.1530985405067046,109.56248454504502
2025-04-02,46.5,47.22,46.07,46.91,7547281.0,352660143.56,1.9281,1.5368,46.506,47.663,50.579,52.308,49.48633333333333,48.11233333333334,40.116879999999995,46.506,47.663,50.579,52.308,49.48633333333333,48.11233333333334,40.116879999999995,48.26094402912051,49.896427075079586,46.2915601023017,18.264379414732545,29.545454545454533,-1.6354830459590772,-0.9882658936421846,-1.2944343046337852,-1.6354830459590772,-0.7190235008230617,-1.8329190902720311,57.124419933454384,50.579,44.03358006654562,16.481854827351505,12.492528269185232,24.46050794368405,15.319938697322055,11.911644666537295,22.13652675889157,1.5950298705851038,-91.11792448407459,-73.8292011019284,0.008687051133187037,-0.015798418060130503,-0.07253998695110626,-0.10319645178557779,-0.0520615119325874,-0.024990127271593752,0.16933320836515708,116.47549744388583
2025-04-03,46.3,47.99,46.18,46.67,9401616.0,443547728.75,2.4018,-0.5116,46.288,47.193,50.2065,51.922666666666665,49.48966666666667,48.123666666666665,40.165879999999994,46.288,47.193,50.2065,51.922666666666665,49.48966666666667,48.123666666666665,40.165879999999994,48.01618340925582,49.65743247692554,44.91315136476429,17.992047713717668,33.80440927077446,-1.641249067669726,-1.118862528447693,-1.044773078444066,-1.641249067669726,-0.86090435726101,-1.560689420817432,56.75138076365987,50.2065,43.66161923634013,22.07674757361178,15.687268037327417,34.8557066461805,18.33859838754414,14.053962573539577,26.90787001555326,1.6341153486605398,-77.68464870338076,-75.6240822320117,0.008252678880055415,-0.011082152014069802,-0.07043908657245569,-0.10116326845051608,-0.05697485670409318,-0.03020689750711701,0.16193147019310938,95.00001620710849
2025-04-07,44.1,45.38,37.81,40.76,23511025.0,994586570.13,6.0063,-12.6634,45.264,46.294,49.525,51.28866666666667,49.44233333333333,48.082499999999996,40.195,45.264,46.294,49.525,51.28866666666667,49.44233333333333,48.082499999999996,40.195,46.899847500139536,48.998363404560685,12.203023758099306,11.939313984168834,25.98870056497175,-2.0985159044211485,-1.3147932036423842,-1.5674454015575288,-2.0985159044211485,-1.0513061337471852,-2.0944195413479267,57.00710918757106,49.525,42.042890812428936,23.313402811312272,18.229312961989038,33.48158250995874,20.29245361466573,16.133459587248296,28.610441669500602,2.9479125579949867,-175.12349851801787,-75.79983593109108,-0.09950512548603757,-0.11954032920032832,-0.17698132256436144,-0.2052825185551065,-0.17560525056125992,-0.15229033432121872,0.01405647468590615,25.820446289584766
2025-04-08,40.76,42.7,40.71,41.46,17099423.0,713955484.56,4.3683,1.7174,44.4,45.57000000000001,48.899,50.675333333333334,49.42483333333334,48.074666666666666,40.232,44.4,45.57000000000001,48.899,50.675333333333334,49.42483333333334,48.074666666666666,40.232,46.062947884733454,48.43996611533397,22.64851485148513,16.811788345612854,26.75268817204301,-2.3770182306005125,-1.52723820903401,-1.6995600431330051,-2.3770182306005125,-1.2552618409553893,-2.2435127792902465,56.88944139482975,48.899,40.90855860517025,26.17746667607298,20.878697533350355,36.775004961518235,24.16350054497529,18.810139906490626,34.87022182194461,2.773746638359535,-149.44016353729015,-68.0944055944056,-0.06621621621621616,-0.09019091507570783,-0.15212990040696128,-0.18185047294541723,-0.16115043382375266,-0.13759152429554022,0.03052296679260294,118.56355815416192
2025-04-09,40.7,43.83,39.03,43.2,17507165.0,744084576.88,4.4725,4.1968,43.8,45.17,48.3685,50.23166666666667,49.45,48.108583333333335,40.2778,43.8,45.17,48.3685,50.23166666666667,49.45,48.108583333333335,40.2778,45.62249436400523,48.05182047716108,36.728395061728406,28.23920265780731,25.827526132404202,-2.4293261131558523,-1.7076557898583786,-1.4433406465949474,-2.4293261131558523,-1.4358871136016145,-1.9868779991084757,56.3948520585892,48.3685,40.34214794141079,33.15677265584354,24.971389240848083,49.52753948583445,31.814128568445074,23.14480279380878,49.15278011771767,3.1421563404759825,-128.5997924058712,-52.88461538461537,-0.013698630136986172,-0.043613017489484145,-0.10685673527192273,-0.13998473738345663,-0.1263902932254803,-0.10203134229338838,0.07255113238558222,150.84971380875749
2025-04-10,44.1,45.05,43.7,43.7,14169802.0,626389794.3,3.6199,1.1574,43.158,44.832,47.88,49.778,49.471166666666676,48.141,40.33048,43.158,44.832,47.88,49.778,49.471166666666676,48.141,40.33048,45.326726000312114,47.72946340477878,37.24489795918367,32.758620689655174,27.620274914089364,-2.402737404466663,-1.8466721127800356,-1.1121305833732547,-2.402737404466663,-1.5846333121962375,-1.636208184540851,55.78739826797785,47.88,39.972601732022156,41.39069716021528,30.444491880637152,63.28310771937154,38.37142370763472,28.220343098417427,58.6735849260693,2.907218824025803,-80.42347696879658,-48.513986013986,0.01255850595486356,-0.02524982155603136,-0.0873015873015873,-0.12210213347261835,-0.11665717741310605,-0.09224984940071863,0.08354772866576349,112.19587800640245
2025-04-11,43.93,52.44,43.62,52.33,50725160.0,2517015039.44,12.9586,19.7483,44.29,45.289,47.8675,49.68266666666667,49.644333333333336,48.25016666666667,40.416199999999996,44.29,45.289,47.8675,49.68266666666667,49.644333333333336,48.25016666666667,40.416199999999996,46.40415276949487,48.07024389331368,65.29345372460497,61.85852981969486,46.744627054361565,-1.6660911238188092,-1.8105559149877903,0.2889295823379623,-1.6660911238188092,-1.5971652832150944,-0.13785168120742952,55.74434648360712,47.8675,39.99065351639288,60.67650487372748,40.5218295450006,100.98585553118124,58.663655905340434,38.36811403405843,99.25473964790446,3.9822699469302023,34.79841398972451,-0.7518796992481166,0.18153081959810338,0.15546821523990365,0.0932260928605003,0.05328484783425464,0.05409815151779651,0.08455583918535671,0.2947778366100723,606.307551959845
2025-04-14,51.0,53.5,50.88,52.48,31435261.0,1649654816.41,8.0307,0.2866,46.634,45.949,47.791999999999994,49.68533333333333,49.815333333333335,48.364916666666666,40.50168,46.634,45.949,47.791999999999994,49.68533333333333,49.815333333333335,48.364916666666666,40.50168,47.33889849726489,48.39689249380896,66.47759500850822,62.46537396121884,47.60994263862332,-1.0579939965440701,-1.6600435312990462,1.2040990695099523,-1.0579939965440701,-1.5142158544964754,0.9124437159048107,55.44759334563181,47.791999999999994,40.13640665436818,71.61735124150347,50.88700344383489,113.07804683684064,70.27545192924543,49.0038933324541,112.81856912282811,3.7345845020338015,100.50931367311306,-6.500956022944572,0.12535917999742668,0.14213584626433654,0.09809173083361238,0.05624731644482606,0.0534908930315966,0.08508405714197098,0.29574871955928733,102.90368241084337
2025-04-15,52.2,52.78,50.85,51.79,15264827.0,787919701.42,3.8997,-1.3148,48.7,46.55,47.721500000000006,49.684666666666665,49.97966666666667,48.477666666666664,40.582600000000006,48.7,46.55,47.721500000000006,49.684666666666665,49.97966666666667,48.477666666666664,40.582600000000006,48.02368334383953,48.64823379056386,94.4399677679291,59.29856945085372,46.83385579937303,-0.6245504467243279,-1.4529449143841027,1.6567889353195495,-0.6245504467243279,-1.3773442533007605,1.5055876131528652,55.19111078391344,47.721500000000006,40.251889216086575,77.44534697170977,59.73978461979319,112.85647167554292,76.55074743020441,58.1861780317042,113.27988622720483,3.406478228936747,94.5690981393863,-10.898661567877637,0.06344969199178636,0.11256713211600435,0.08525507370891511,0.042373904759348976,0.03622139670132519,0.0683269959362731,0.2761626904141181,87.6033766986568
2025-04-16,52.4,53.78,51.51,51.93,16690342.0,875174649.13,4.2638,0.2703,50.446,47.123,47.6625,49.67333333333333,50.11300000000001,48.55141666666667,40.66548,50.446,47.123,47.6625,49.67333333333333,50.11300000000001,48.55141666666667,40.66548,48.62465513709499,48.89132758385542,94.17721518987344,65.17812343201204,47.570977917981075,-0.2666724467604311,-1.2156904208593684,1.8980359481978746,-0.2666724467604311,-1.2064716676791714,1.8795984418374805,54.9697793554746,47.6625,40.3552206445254,81.10215784338155,66.86057569432265,109.58532214149935,80.50575814904464,65.62603807081769,110.26519830549853,3.1998458236755205,112.06348077280258,-11.584220413274899,0.029417595052134992,0.10200963436114005,0.08953579858379225,0.04543014360488527,0.03625805679165073,0.06958773945834051,0.277004476524069,102.73634613261923
2025-04-17,51.81,54.23,51.62,52.0,19782015.0,1041052448.02,5.0537,0.1348,52.105999999999995,47.632,47.647499999999994,49.59666666666667,50.227999999999994,48.614583333333336,40.74884,52.105999999999995,47.632,47.647499999999994,49.59666666666667,50.227999999999994,48.614583333333336,40.74884,49.1439389621573,49.121599614680946,93.2220039292731,65.62814070351759,49.06088082901555,0.02233934747635402,-0.968084467192224,1.980847629337156,0.02233934747635402,-1.017423819193706,2.07952633334012,54.91582457346677,47.647499999999994,40.379175426533216,82.8744389682633,72.19853011896953,104.22625666685087,82.4768391720387,71.24297177122469,104.9445739736667,3.0926011284617894,116.68431503621376,-13.58099878197319,-0.0020343146662571403,0.091703056768559,0.09134791961802838,0.04845755763156117,0.035279127180059044,0.0696378830083565,0.2761099457064299,101.35617446474316
2025-04-18,51.8,52.16,50.88,52.08,8418383.0,434586912.49,2.1506,0.1538,52.056,48.173,47.683,49.528666666666666,50.348333333333336,48.660666666666664,40.83688000000001,52.056,48.173,47.683,49.528666666666666,50.348333333333336,48.660666666666664,40.83688000000001,49.595640660286946,49.34074038396384,92.93032786885247,65.03067484662577,46.76818950930626,0.25490027632310586,-0.723487518489158,1.9567755896245278,0.25490027632310586,-0.8216816506526579,2.1531638539515274,55.034339584334845,47.683,40.331660415665155,83.8680470314738,76.08836908980429,99.4274029148128,83.95329676024667,75.47974676756536,100.9003967456093,2.763037286923281,94.99944841063464,-13.093788063337389,0.0004610419548179059,0.08110352272019589,0.09221315772916969,0.051512255528784655,0.034393723724717704,0.07026893726623833,0.2753178009681442,101.54915623984489
2025-04-21,52.0,52.23,50.93,51.67,8650423.0,445100619.37,2.2099,-0.7873,51.894000000000005,49.263999999999996,47.779,49.437999999999995,50.44833333333334,48.72,40.92056,51.894000000000005,49.263999999999996,47.779,49.437999999999995,50.44833333333334,48.72,40.92056,49.914772866396646,49.51327813329985,28.57142857142857,62.35721703011425,47.37744257799109,0.40149473309679706,-0.498491068171967,1.799971602537528,0.40149473309679706,-0.6335006685373571,2.0699908032683085,55.292353445699064,47.779,40.26564655430094,83.63132959992991,78.60268925984616,93.68861028009741,83.68816275244517,78.21588542919196,94.63271739895157,2.4970305074826835,89.09405654933623,-16.842105263157865,-0.004316491309207302,0.04883890873660292,0.0814374516000753,0.045147457421416855,0.02421619478674546,0.0605500821018063,0.26269044216403686,92.40061458477399
2025-04-22,51.8,55.2,51.8,53.86,23209499.0,1240173218.15,5.9293,4.2384,52.30799999999999,50.504,48.037,49.434000000000005,50.565000000000005,48.80141666666667,41.01596,52.30799999999999,50.504,48.037,49.434000000000005,50.565000000000005,48.80141666666667,41.01596,50.521730886951005,49.83525753083319,69.27374301675987,66.94955209806695,51.19923249120562,0.6864733561178156,-0.26149818331401053,1.8959430788636522,0.6864733561178156,-0.4304277416673305,2.2338021955702922,56.02302489879718,48.037,40.050975101202816,85.23032796587152,80.81190216185462,94.06717957390532,86.3631247869321,80.931631881772,97.22611059725233,2.684843142485832,118.77843166206142,-8.28695114409402,0.029670413703448934,0.06645018216378905,0.12121906030767951,0.08953351944006138,0.06516365074656372,0.10365648538208415,0.3131473699506241,151.45334698481872
2025-04-23,53.9,54.18,52.83,53.84,12586957.0,674099412.66,3.2156,-0.0371,52.69,51.568,48.369,49.434999999999995,50.687,48.874,41.111760000000004,52.69,51.568,48.369,49.434999999999995,50.687,48.874,41.111760000000004,51.032233827420086,50.13190512114184,85.2233676975947,92.68929503916455,52.52624671916012,0.9003287062782448,-0.029132805395559458,1.8589230233476086,0.9003287062782448,-0.22569598044493427,2.2520493734463582,56.75079204554342,48.369,39.98720795445658,86.23875635260751,82.62085355877225,93.474561940278,86.99395423331455,82.95240599895286,95.07705070203798,2.4421443893065895,102.863690642874,-11.744386873920543,0.021825773391535505,0.04405833074775065,0.11310963633732357,0.08910690806109049,0.06220529918914132,0.10160821704791916,0.3096009511633654,99.62928679736423
2025-04-24,53.5,53.76,52.0,52.46,9565330.0,503400396.78,2.4436,-2.5632,52.782000000000004,52.444,48.638,49.40133333333333,50.775,48.940416666666664,41.203160000000004,52.782000000000004,52.444,48.638,49.40133333333333,50.775,48.940416666666664,41.203160000000004,51.25189016166315,50.30435659364985,56.385542168674725,84.37500000000003,51.76204332363402,0.9475335680132986,0.16620046928621215,1.562666197454173,0.9475335680132986,-0.04519912683597535,1.985465389698548,57.18922176558465,48.638,40.08677823441535,69.82966898602953,78.35712536785802,52.77475622237256,83.44214104903757,83.11565101564777,84.0951211158172,2.3326635912508467,76.82178020732844,-23.661485319516416,-0.006100564586412086,0.0003050873312485363,0.07858053373905183,0.061914658173868466,0.033185622845888774,0.07191567978068578,0.2732033174154603,77.13160178033516
2025-04-25,52.01,52.46,49.5,51.2,14585047.0,739643681.44,3.726,-2.4018,52.605999999999995,52.331,48.81,49.355333333333334,50.85266666666667,49.00375,41.288799999999995,52.605999999999995,52.331,48.81,49.355333333333334,50.85266666666667,49.00375,41.288799999999995,51.24390705986882,50.37070054967579,42.50936329588016,75.7731958762887,52.37160614982009,0.8732065101930289,0.3076016774675755,1.1312096654509067,0.8732065101930289,0.09609404809156377,1.5542249242029302,57.42501015669733,48.81,40.19498984330267,56.494633125189296,71.06962795363512,27.344643468297647,65.56961450052799,77.26697217727451,42.17489914703495,2.4467247564779653,42.05009592293785,-70.17543859649119,-0.026726989316807812,-0.021612428579618204,0.048965375947551744,0.03737522456201968,0.006830189173953476,0.04481799862255453,0.24004572668617177,78.41817794746551
2025-04-28,51.39,51.85,50.81,51.03,5734565.0,294080604.17,1.465,-0.332,52.477999999999994,52.186,49.067499999999995,49.25666666666667,50.92483333333333,49.07766666666667,41.3784,52.477999999999994,52.186,49.067499999999995,49.25666666666667,50.92483333333333,49.07766666666667,41.3784,51.21099828142746,50.4195375459961,40.33149171270719,74.12771560237,53.92388009430784,0.7914607354313574,0.4043734890603319,0.7741744927420511,0.7914607354313574,0.20307353845153203,1.1767743939596507,57.621412924257974,49.067499999999995,40.51358707574202,46.61045717117884,62.9165710261497,13.998229461237116,52.660444754737966,69.06479636976233,19.85174152468923,2.1909566189365166,41.34531046789457,-73.1578947368421,-0.027592514958649214,-0.022151534894416104,0.03999592398226944,0.03600189483657035,0.00206513521562831,0.039780483994756505,0.2332521315468941,96.72886092368856
2025-04-29,50.91,52.37,50.65,51.4,5724103.0,294612048.12,1.4623,0.7251,51.986000000000004,52.147000000000006,49.3485,49.196666666666665,50.99316666666667,49.14808333333333,41.46492,51.986000000000004,52.147000000000006,49.3485,49.196666666666665,50.99316666666667,49.14808333333333,41.46492,51.24007546890016,50.492164394440834,47.495361781076035,43.29004329004327,57.35294117647059,0.7479110744593243,0.4730810061401304,0.5496601366383878,0.7479110744593243,0.2868946978373462,0.9220327532439561,57.81650113119342,49.3485,40.88049886880658,42.18474922523032,56.00596375917658,14.542320157337798,46.218074280936406,61.449222340153696,15.755778162501827,2.1053281427662407,41.93157380254159,-66.66666666666671,-0.011272265609972023,-0.014324889255374363,0.04157167897707118,0.04478623212954807,0.007978193156599376,0.04581901294896206,0.23960205397719322,107.49184237885805
2025-04-30,51.4,52.1,51.03,51.35,7571688.0,390428225.13,1.9343,-0.0973,51.488,52.089,49.606,49.138000000000005,51.08483333333333,49.2325,41.551520000000004,51.488,52.089,49.606,49.138000000000005,51.08483333333333,49.2325,41.551520000000004,51.25698693522321,50.555707772630406,11.384615384615316,41.72767203513911,57.493857493857504,0.7012791625928045,0.5187206374306652,0.36511705032427866,0.7012791625928045,0.35064615395357057,0.7012660172784679,57.983605235010934,49.606,41.22839476498907,38.94187960044595,50.317935706266375,16.189767388805095,41.63076297091668,54.84306921707469,15.206150478600648,1.9170866622632878,38.92228208100748,-67.5438596491228,-0.0026802361715350786,-0.014187256426500743,0.03515703745514655,0.045016077170417924,0.00519071218137163,0.04301020667242166,0.23581520002156353,99.03148452919109
2025-05-06,51.45,52.5,51.45,51.96,7580706.0,394464878.46,1.9366,1.1879,51.388,52.085,49.8585,49.12666666666667,51.1575,49.316500000000005,41.64339999999999,51.388,52.085,49.8585,49.12666666666667,51.1575,49.316500000000005,41.64339999999999,51.36514279134272,50.65972941910223,25.52083333333327,51.259259259259274,57.38916256157636,0.7054133722404927,0.5560591843926307,0.29870837569572406,0.7054133722404927,0.40522572599771245,0.6003752924855605,58.198297485866284,49.8585,41.518702514133714,40.34721797924467,46.994363130592475,27.052927676549047,42.13980689289182,50.608648442347075,25.202123793981315,1.7776163600335988,44.663133989401835,-56.842105263157904,0.011131003347084976,-0.0023999232024575212,0.0421492824693884,0.05767403989686514,0.015686849435566672,0.05360274958685218,0.24773673619349068,112.5348262343733
2025-05-07,52.6,53.36,51.15,51.8,11746623.0,610270884.06,3.0009,-0.3079,51.508,52.056999999999995,50.114999999999995,49.141,51.2,49.37991666666666,41.73428,51.508,52.056999999999995,50.114999999999995,49.141,51.2,49.37991666666666,41.73428,51.432043900366914,50.744193906576136,37.40458015267167,49.039881831610025,61.08614232209737,0.6878499937907776,0.5824173462722602,0.21086529503703488,0.6878499937907776,0.44870638258126094,0.4782872224190333,58.35687127448989,50.114999999999995,41.8731287255101,40.348437717157246,44.779054659447404,31.487203832576924,41.543496992922016,47.58693129253872,29.456628393688604,1.8562315673002172,44.18580044439747,-59.64912280701762,0.005669022287799846,-0.004936896094665423,0.03362266786391305,0.05410960297918233,0.011718749999999889,0.04900946572408833,0.24118590281178923,96.96302891263173
2025-05-08,51.75,52.79,50.7,52.0,10929619.0,562881639.0,2.7922,0.3861,51.702,52.089999999999996,50.677,49.216,51.249,49.444916666666664,41.8266,51.702,52.089999999999996,50.677,49.216,51.249,49.444916666666664,41.8266,51.519421761848925,50.837216580163094,75.64102564102551,50.0,61.6044776119403,0.6822051816858306,0.6023749133549743,0.15966053666171254,0.6822051816858306,0.4846292747511947,0.3951518138692717,57.671440198057965,50.677,43.682559801942034,44.70522628437264,44.754445201089155,44.606788450939604,42.31554770288368,45.82980342932038,35.287036250010274,1.898734918700177,34.50121784748816,-56.140350877193,0.005763800239836019,-0.0017277788443078577,0.026106517749669482,0.056566970091027284,0.01465394446720907,0.05167534916801362,0.24322799366910056,103.92878231624188
2025-05-09,49.5,49.5,45.76,47.15,32263688.0,1514331119.67,8.2423,-9.3269,50.852,51.419000000000004,50.9615,49.164333333333325,51.2175,49.45891666666667,41.897760000000005,50.852,51.419000000000004,50.9615,49.164333333333325,51.2175,49.45891666666667,41.897760000000005,50.84720302925678,50.56408942607694,18.910256410256395,28.87746358183375,51.520973422990714,0.28311360317984224,0.5385226513199479,-0.5108180962802114,0.28311360317984224,0.4536268637402174,-0.34102652112075027,56.73345132561441,50.9615,45.18954867438559,35.59515085624844,41.70134708614225,23.382758396460815,33.713136314986585,41.790914391209114,17.557580162541527,2.6880558425728722,-110.83649145932903,-83.4916864608076,-0.07279949657830564,-0.08302378498220513,-0.07479175455981481,-0.04097143593255259,-0.07941621516083375,-0.046683526900272485,0.12535849171888885,37.56501221416252
2025-05-12,47.15,47.41,46.07,47.19,14591359.0,683070740.84,3.7276,0.0848,50.019999999999996,50.754,51.161,49.164,51.208666666666666,49.46083333333333,41.967760000000006,50.019999999999996,50.754,51.161,49.164,51.208666666666666,49.46083333333333,41.967760000000006,50.28455640937112,50.31415687599716,14.382402707275816,30.176991150442447,50.45811518324607,-0.029600466626042987,0.42489802773074975,-0.9089969887135855,-0.029600466626042987,0.37928419753002346,-0.8177693283121329,56.00456502023685,51.161,46.31743497976315,30.002030395393696,37.80157485589274,14.402941474395618,28.43375754332439,37.33852877524754,10.624215079478091,2.442954780286895,-170.6386808633491,-82.125,-0.05657736905237902,-0.07022106631989597,-0.07761771662008177,-0.0401513302416403,-0.07847629958470574,-0.04591174835307403,0.12443456596206211,100.85160233529542
2025-05-13,47.68,47.7,46.08,46.15,10176229.0,475195574.66,2.5997,-2.2039,48.858,50.123000000000005,51.283500000000004,49.133,51.14966666666667,49.39541666666667,42.03172,48.858,50.123000000000005,51.283500000000004,49.133,51.14966666666667,49.39541666666667,42.03172,49.648470807929414,50.00570081110848,12.318840579710155,12.019704433497523,49.170918367346935,-0.35723000317906894,0.26847242154878603,-1.25140484945571,-0.35723000317906894,0.2659743204978554,-1.2464086473538487,55.40223907633711,51.283500000000004,47.1647609236629,21.711879912718608,32.438343208168035,0.25895332181974595,20.66636467800574,31.781140742833607,-1.5631874516499948,2.293326638416551,-209.75170165851827,-94.86842105263158,-0.05542592820009003,-0.07926500808012302,-0.10010042216307398,-0.06071275924531382,-0.09774583086237126,-0.06570278956380914,0.09798028726875795,80.02345171030915
2025-05-14,46.0,46.8,45.8,46.31,7071565.0,327137843.63,1.8066,0.3467,47.760000000000005,49.634,50.9825,49.084666666666664,51.114999999999995,49.32716666666667,42.092760000000006,47.760000000000005,49.634,50.9825,49.084666666666664,51.114999999999995,49.32716666666667,42.092760000000006,49.134859914401815,49.731945195470814,6.201550387596981,13.411078717201178,60.83561108941821,-0.597085281068999,0.09536088102522901,-1.384892324188456,-0.597085281068999,0.13319592025680085,-1.4605624026515998,55.625719731359155,50.9825,46.33928026864085,16.886867310233477,27.25451790885652,-3.848433887012611,16.189857153758233,26.584046213141818,-4.598520965008937,2.0581763405226328,-187.35096109508126,-92.76315789473679,-0.03036013400335014,-0.06697022202522461,-0.09164909527779139,-0.056528175805071405,-0.09400371710848074,-0.061166429587482245,0.10018920118329129,103.52154770528979
2025-05-15,46.09,46.26,45.05,45.18,6759769.0,308476780.92,1.7269,-2.4401,46.396,49.049,50.6175,49.06133333333334,51.088166666666666,49.24733333333334,42.15184000000001,46.396,49.049,50.6175,49.06133333333334,51.088166666666666,49.24733333333334,42.15184000000001,48.52641992757077,49.39476406988038,5.390835579514899,13.745019920318754,57.14285714285714,-0.8683441423096099,-0.09738012364173879,-1.5419280373357422,-0.8683441423096099,-0.02088716629187773,-1.6949139520354644,55.87246406918446,50.6175,45.36253593081554,11.779371628402753,22.096135815371934,-8.854156745535612,11.31469819075259,21.494263539012078,-9.044432505766387,1.9130533695185186,-167.5730758916594,-98.4356197352587,-0.02620915596172086,-0.07888030337009928,-0.10742332197362572,-0.07911185998478103,-0.11564648043088908,-0.08258992026641045,0.0718393313316807,78.11140613621104
2025-05-16,45.1,46.22,45.0,45.45,6183704.0,282460724.9,1.5797,0.5976,46.056,48.454,50.3005,49.050333333333334,50.983666666666664,49.202999999999996,42.20960000000001,46.056,48.454,50.3005,49.050333333333334,50.983666666666664,49.202999999999996,42.20960000000001,48.05312455409834,49.10255932396332,6.275033377837175,18.232044198895082,54.57875457875458,-1.0494347698649804,-0.2877910528863871,-1.5232874339571865,-1.0494347698649804,-0.17912525914927813,-1.7406190214314046,56.003464972159904,50.3005,44.597535027840095,9.647172792140923,17.946481474294934,-6.951444572167098,9.337390500374148,17.44197252613277,-6.871773551143093,1.7870436659696967,-134.3625087424326,-94.61722488038275,-0.013157894736841988,-0.061996945556610346,-0.09643045297760452,-0.07340079238333409,-0.10853802851893735,-0.07627583683921699,0.07676926575944792,106.13939547335379
2025-05-19,45.4,47.39,45.09,46.68,11529895.0,536556306.99,2.9455,2.7063,45.954,47.987,50.038,49.06633333333333,50.910000000000004,49.190666666666665,42.272079999999995,45.954,47.987,50.038,49.06633333333333,50.910000000000004,49.190666666666665,42.272079999999995,47.8418746226986,48.92311048515122,43.92764857881139,28.486646884273,55.8893280632411,-1.0812358624526226,-0.44648001479963423,-1.2695116953059769,-1.0812358624526226,-0.31791150581133115,-1.526648713282583,55.90607096430366,50.038,44.169929035696335,13.130013121395383,16.34099202332842,6.708055317529315,12.923491593550867,15.935812215272136,6.898850350108333,1.8803084539752057,-95.38525591087735,-79.9043062200957,0.01579840710275491,-0.027236543230458293,-0.06710899716215671,-0.04863484126930209,-0.08308780200353573,-0.05103949258666954,0.1042749729845327,130.60794556622324
2025-05-20,46.43,47.05,46.19,46.55,7210530.0,335753045.55,1.8421,-0.2785,46.034,47.446,49.7655,49.05433333333333,50.68116666666666,49.1875,42.336040000000004,46.034,47.446,49.7655,49.05433333333333,50.68116666666666,49.1875,42.336040000000004,47.64312468074497,48.74732452328817,41.91919191919193,25.43059777102333,32.79761904761904,-1.1041998425432027,-0.5780239803483479,-1.0523517243897096,-1.1041998425432027,-0.43887894223161905,-1.3306418006231673,55.754864169750675,49.7655,43.77613583024933,15.38577682633033,16.02258695766239,14.112156563666211,14.79588434785368,15.555836259465984,13.27598052462907,1.6947978259797136,-78.915280489714,-81.4593301435407,0.011209106312725339,-0.018884626733549736,-0.06461303513478224,-0.05105223459701151,-0.08151285651803594,-0.053621346886912384,0.09953599817082544,97.24972444608866
2025-05-21,46.44,47.97,46.1,47.97,11882809.0,560319577.39,3.0357,3.0505,46.366,47.063,49.559999999999995,49.09766666666667,50.51016666666667,49.18241666666666,42.399119999999996,46.366,47.063,49.559999999999995,49.09766666666667,50.51016666666667,49.18241666666666,42.399119999999996,47.69341319139959,48.68974492897053,70.96774193548382,34.9644128113879,37.5207526286663,-0.9963317375709408,-0.6616855317928665,-0.6692924115561487,-0.9963317375709408,-0.5246409107453609,-0.9433816536511599,55.49680048510966,49.559999999999995,43.62319951489033,32.257184550886876,21.43411948873722,53.90331467518619,22.572523668787348,17.894732062573105,31.92810688121584,1.7266527667106741,-54.02670778670205,-61.87419768934532,0.03459431479963765,0.01927203960648485,-0.03208232445520574,-0.022967826033823805,-0.05029020560217259,-0.024651425221412043,0.1313914062367333,135.05178586687904
2025-05-22,47.44,48.4,47.15,47.21,7472050.0,355859930.39,1.9089,-1.5843,46.772,46.583999999999996,49.337,49.312666666666665,50.30066666666667,49.174,42.460480000000004,46.772,46.583999999999996,49.337,49.312666666666665,50.30066666666667,49.174,42.460480000000004,47.61904193118427,48.58013419349124,59.10931174089067,29.14837576821776,37.37596471885337,-0.9610922623069698,-0.7215668778956872,-0.47905076882256514,-0.9610922623069698,-0.5917872725240699,-0.7386099795657997,55.27514466860327,49.337,43.39885533139674,43.17145636725794,28.679898448244128,72.15457220528555,31.418719482895273,22.40272786934716,49.4507027099915,1.6399886273087334,-43.35602009398805,-50.88888888888887,0.009364577097408757,0.013438090331444377,-0.043111660619818845,-0.04263948410820744,-0.06144385097613028,-0.039939805588319006,0.11185742601119904,85.23987803868704
2025-05-23,47.08,47.7,46.57,46.6,5664511.0,267065973.52,1.4471,-1.2921,47.001999999999995,46.529,48.974000000000004,49.484,50.07966666666667,49.157000000000004,42.5226,47.001999999999995,46.529,48.974000000000004,49.484,50.07966666666667,49.157000000000004,42.5226,47.46226624946362,48.43345758656596,66.06334841628961,28.040540540540576,35.67974207415368,-0.97119133710234,-0.7714917697370178,-0.39939913473064426,-0.97119133710234,-0.6501571286130345,-0.6420684169786108,54.62881964903887,48.974000000000004,43.31918035096114,44.46724542130924,33.94234743926583,65.51704138539606,36.63208749840079,27.145847745698372,55.604567003805634,1.5472634223435096,-52.988481595384826,-52.94117647058817,-0.008552827539253521,0.0015259300651206333,-0.04847470086168175,-0.05828146471586776,-0.06948262435186603,-0.05201700673352731,0.09588783376369282,87.8049828863086
2025-05-26,47.34,49.12,47.3,48.17,10857268.0,524956796.33,2.7737,3.3691,47.3,46.627,48.6905,49.64966666666667,49.940666666666665,49.15116666666667,42.590360000000004,47.3,46.627,48.6905,49.64966666666667,49.940666666666665,49.15116666666667,42.590360000000004,47.57114836493076,48.41394220978329,73.77622377622377,35.50340651021955,40.47737444057683,-0.8427938448525367,-0.7857521847601217,-0.11408332018483014,-0.8427938448525367,-0.6797935464960349,-0.32600059671300374,53.866389346413214,48.6905,43.514610653586786,55.29207947181136,41.05892478344768,83.75838884853874,50.06864085653907,34.78677878264527,80.63236500432666,1.7241246182810523,-15.976547158166534,-23.058252427184378,0.018393234672304536,0.03309241426641215,-0.010689970322752866,-0.029802147043618957,-0.03545540708307185,-0.019962225379526428,0.13100711052923705,139.28594538191717
2025-05-27,48.0,48.16,47.03,47.2,5361417.0,254398390.6,1.3697,-2.0137,47.43,46.732,48.427499999999995,49.766333333333336,49.772166666666664,49.153749999999995,42.656760000000006,47.43,46.732,48.427499999999995,49.766333333333336,49.772166666666664,49.153749999999995,42.656760000000006,47.514048616479876,48.32402056461416,54.761904761904795,50.267952840300126,38.3809523809524,-0.8099719481342831,-0.790596137434954,-0.038751621398658065,-0.8099719481342831,-0.6998209929019192,-0.2203019104647277,53.323917057400024,48.427499999999995,43.531082942599966,54.66073906535001,45.59286287741513,72.79649144121976,51.17844665516848,40.25066807348634,73.03400381853277,1.617920142229952,-32.0130640415338,-46.60194174757271,-0.004849251528568351,0.010014551057091576,-0.02534716844767936,-0.05156765952886488,-0.051678816473731855,-0.03974773033593556,0.10650691707480824,81.5931168008909
2025-05-28,47.2,47.65,46.36,46.56,4539017.0,212352681.16,1.1596,-1.3559,47.148,46.757,48.195499999999996,49.574,49.62833333333333,49.163500000000006,42.71928,47.148,46.757,48.195499999999996,49.574,49.62833333333333,49.163500000000006,42.71928,47.3672719062522,48.19335237464274,50.08375209380239,46.82779456193356,37.965143664625536,-0.8260804683905434,-0.7976930036260719,-0.05677492952894303,-0.8260804683905434,-0.7192455275924768,-0.2136698815961331,52.97715562606861,48.195499999999996,43.41384437393138,49.06185193353434,46.7491925627882,53.68717067502662,46.74032366007998,42.413886602350885,55.39319777553817,1.5582982981881424,-47.04950711340505,-62.135922330097,-0.01247136675998984,-0.004213272878927126,-0.033934703447417155,-0.06079799895106298,-0.06182624173019434,-0.052955953095284176,0.08990600965184818,87.23880944134787
2025-05-29,46.8,50.07,46.4,49.42,13650007.0,659845757.93,3.4871,6.1426,47.59,47.181,48.115,49.472,49.57866666666667,49.18266666666666,42.78775999999999,47.59,47.181,48.115,49.472,49.57866666666667,49.18266666666666,42.78775999999999,47.68307622836725,48.28421516170624,59.78407557354928,63.914893617021285,39.86301369863015,-0.6011389333389943,-0.7583821895686564,0.31448651245932435,-0.6011389333389943,-0.7010752823227103,0.19987269796743212,52.747618902384986,48.115,43.48238109761502,61.69049834390911,51.72962782316184,81.61223938540367,60.220044833215724,48.349272679305834,83.9615891410355,1.942244062153935,16.793139059763604,-12.820512820512791,0.03845345660853117,0.047455543545071206,0.02712251896497973,-0.0010510996119016736,-0.0032003012048193186,0.0048255482961478136,0.15500320652448296,181.50880362706673
2025-05-30,48.9,49.08,47.8,47.88,6543698.0,315565730.57,1.6717,-3.1161,47.846000000000004,47.424,47.939,49.34166666666667,49.51316666666666,49.19233333333333,42.851279999999996,47.846000000000004,47.424,47.939,49.34166666666667,49.51316666666666,49.19233333333333,42.851279999999996,47.71337219323383,48.25427329787615,54.090354090354104,55.97867479055598,37.27583262169087,-0.5409011046423231,-0.7148859725833898,0.3479697358821334,-0.5409011046423231,-0.6764331011411123,0.27106399299757844,52.30598089133224,47.939,43.57201910866776,56.072422909373515,53.1772261852324,61.86281635765573,58.82139535065788,51.83998023642319,72.78422557912725,1.883654232671402,10.1959911063425,-43.97590361445781,0.0007106132174058211,0.00961538461538468,-0.0012307307202903167,-0.02962337442999492,-0.03298449234042112,-0.026677598812823024,0.11735285387040964,72.86416739793468
2025-06-03,47.97,49.49,47.56,48.12,7976599.0,387379142.49,2.0378,0.5013,47.836,47.568,47.7775,49.214666666666666,49.443999999999996,49.190999999999995,42.91668,47.836,47.568,47.7775,49.214666666666666,49.443999999999996,49.190999999999995,42.91668,47.7759303173517,48.2443271276631,59.718670076726326,62.00980392156862,40.260323159784555,-0.4683968103113969,-0.6655881401289914,0.3943826596351889,-0.4683968103113969,-0.6444275179365407,0.35206141525028767,51.84175172759524,47.7775,43.71324827240477,54.34215263647569,53.565535002313496,55.89538790480006,56.174800930665256,53.28492046783721,61.95456185632136,1.8920807358220562,25.084396459578464,-49.118387909319985,0.0059369512501045016,0.011604439959636722,0.007168646329338999,-0.02224269188046928,-0.0267777687889329,-0.021772275416234638,0.12124237009945779,105.12712058838451
2025-06-04,48.29,48.47,47.8,48.27,4043155.0,194662071.27,1.0329,0.3117,48.05,47.74,47.593,49.090333333333334,49.3435,49.18508333333333,42.979440000000004,48.05,47.74,47.593,49.090333333333334,49.3435,49.18508333333333,42.979440000000004,47.85194103775913,48.24622882191027,50.78125000000001,61.633663366336634,43.07982994803968,-0.39428778415113896,-0.6113280689334208,0.43408056956456376,-0.39428778415113896,-0.6059444819695559,0.4233133956368338,51.16274479406225,47.593,44.02325520593776,53.38892835243935,53.506666119022114,53.15345281927384,55.66985049449894,54.07989714339112,58.84975719671456,1.6698842383998642,29.09997728737049,-45.3400503778337,0.004578563995837793,0.011101801424382093,0.014224780955182476,-0.01671068981673236,-0.021755651706911665,-0.01860489545441443,0.12309513572070736,103.16129885799903
2025-06-05,48.38,49.5,47.85,49.06,8546032.0,417383444.64,2.1832,1.6366,48.55,47.849000000000004,47.456,48.98966666666667,49.25916666666667,49.185833333333335,43.04732,48.55,47.849000000000004,47.456,48.98966666666667,49.25916666666667,49.185833333333335,43.04732,48.03779626271927,48.306508168435435,64.95176848874598,60.18835616438358,45.47957778797614,-0.26871190571616665,-0.54280483628997,0.5481858611476067,-0.26871190571616665,-0.5540625471613421,0.5707012828903508,50.52048175407364,47.456,44.39151824592636,59.851379009442965,55.62157041582907,68.31099619667077,61.37199377081603,56.510596019199426,71.09478927404925,1.6662689223271614,88.00241562101607,-27.223719676549806,0.010504634397528427,0.025308783882630744,0.0337997302764666,0.0014356769114574597,-0.004043240682783311,-0.002558324720871509,0.1396760588115591,117.62576217270787
2025-06-06,49.0,49.95,48.71,49.0,6238144.0,307517863.29,1.5936,-0.1223,48.465999999999994,48.028000000000006,47.306000000000004,48.900666666666666,49.169333333333334,49.1875,43.116519999999994,48.465999999999994,48.028000000000006,47.306000000000004,48.900666666666666,49.169333333333334,49.1875,43.116519999999994,48.185827606916305,48.35787793373651,71.63120567375884,60.55124892334196,44.41340782122905,-0.17205032682020516,-0.46865393439601705,0.5932072151516238,-0.17205032682020516,-0.4952914363396287,0.6464822190388471,49.64079312731686,47.306000000000004,44.97120687268315,63.62059588949388,58.28791224038401,74.28596318771362,64.63433906374259,59.21851036738048,75.46599645646681,1.5887654819040413,144.41854441854434,-28.840970350404316,0.011018033260430118,0.020238194386607688,0.03580941106836332,0.0020313288162397366,-0.003443881009843552,-0.0038119440914866584,0.13645535400352363,98.78371653687138
2025-06-09,49.0,50.48,48.9,50.32,8248639.0,411416299.36,2.1073,2.6939,48.954,48.4,47.4645,48.782666666666664,49.108333333333334,49.191,43.185199999999995,48.954,48.4,47.4645,48.782666666666664,49.108333333333334,49.191,43.185199999999995,48.514161821236875,48.50322030901528,60.97560975609755,60.20851433536057,47.73626373626374,0.01094151222159212,-0.3727348450724952,0.7673527145881747,0.01094151222159212,-0.417409444253287,0.8567019129497583,50.157606013508875,47.4645,44.77139398649113,74.45256554445226,63.67613000840676,96.00543661654325,75.12839432728472,64.5218050206819,96.34157294049038,1.587171757921488,164.19017213759707,-3.8834951456309876,0.02790374637414715,0.03966942148760334,0.06016075171970629,0.031513925711318294,0.024673341252333263,0.02295135288975621,0.16521400850291318,130.4504327321893
2025-06-10,50.45,50.5,47.9,48.2,9255119.0,451931142.67,2.3644,-4.213,48.97,48.403,47.515,48.59466666666666,49.01483333333333,49.17316666666667,43.24676,48.97,48.403,47.515,48.59466666666666,49.01483333333333,49.17316666666667,43.24676,48.46582923335428,48.48075954538452,53.41880341880342,53.846153846153854,42.25061830173125,-0.014930312030244863,-0.30117393846404517,0.5724872528676006,-0.014930312030244863,-0.35548957775743434,0.681118531454379,50.22426286342901,47.515,44.80573713657099,64.44985851111635,63.934039509309954,65.48149651472912,64.90041103300466,64.6480070247895,65.40521904943498,1.7713223473903086,83.90466862553126,-55.55555555555548,-0.015723912599550666,-0.004193954920149492,0.014416500052615012,-0.00812160456565862,-0.01662421919894982,-0.01979060395405348,0.11453436049313291,65.02255909165669
2025-06-11,48.0,49.26,47.99,48.2,7058078.0,343691118.09,1.8031,0.0,48.956,48.503,47.6175,48.452666666666666,48.92700000000001,49.16283333333333,43.30836,48.956,48.503,47.6175,48.452666666666666,48.92700000000001,49.16283333333333,43.30836,48.42493242822285,48.45996254202271,50.90090090090096,56.52528548123981,42.53112033195022,-0.035030113799855656,-0.2479451735312073,0.42583011946270327,-0.035030113799855656,-0.30618812176396065,0.54231601592821,50.26370383508901,47.6175,44.97129616491099,57.60071868220768,61.82293256694253,49.15629091273797,58.081755503484615,62.45925651768787,49.32675347507812,1.680172829682979,52.98865619546192,-55.55555555555548,-0.01544243810768854,-0.006247036265797936,0.012232897569171064,-0.0052147112646018,-0.014858871379810816,-0.019584577780640433,0.11294909343138375,100.0
2025-06-12,48.21,48.45,47.0,47.12,8147944.0,387286187.13,2.0815,-2.2407,48.568000000000005,48.559000000000005,47.658,48.31666666666667,48.836000000000006,49.14424999999999,43.3612,48.568000000000005,48.559000000000005,47.658,48.31666666666667,48.836000000000006,49.14424999999999,43.3612,48.224173593111644,48.36070605742844,39.29236499068897,45.53950722175019,40.23218574859888,-0.13653246431679378,-0.2256626316883246,0.17826033474306163,-0.13653246431679378,-0.2800872513874735,0.2871095741413594,50.24405653864148,47.658,45.07194346135852,39.54333626432891,54.39640046607133,9.837207860844075,44.574828872241774,56.49778063587251,20.72892534498031,1.6383232242860741,-14.71168348996421,-82.43902439024393,-0.02981386921429763,-0.02963405341955162,-0.0112887657895842,-0.024767161090031166,-0.03513801294127299,-0.041189966272758165,0.08668579282861177,79.72278016479461
2025-06-13,47.12,47.69,46.01,46.78,11960551.0,560247641.53,3.0555,-0.7216,48.124,48.295,47.738,48.175,48.71583333333333,49.12433333333333,43.413959999999996,48.124,48.295,47.738,48.175,48.71583333333333,49.12433333333333,43.413959999999996,48.00199304032524,48.24361671984114,26.829268292682926,48.11490125673248,49.096238397655114,-0.2416236795159037,-0.22885484125384042,-0.02553767652412653,-0.2416236795159037,-0.27416977879184734,0.0650921985518873,50.089658765077566,47.738,45.38634123492243,32.07863100621187,46.957143979451516,2.321605059732576,35.43295941148712,49.47617356107738,7.346531112306593,1.6459008198704241,-72.90069197680987,-82.8507795100222,-0.02792785304629709,-0.03136970700900715,-0.020067870459591908,-0.02895692786715093,-0.03973725174908899,-0.04772244576686363,0.07753358597096431,93.0142218067597
2025-06-16,46.74,47.78,46.6,47.44,5384816.0,255348372.0,1.3756,1.4109,47.548,48.251,47.8375,48.043,48.61983333333333,49.102916666666665,43.46672,47.548,48.251,47.8375,48.043,48.61983333333333,49.102916666666665,43.46672,47.91553257258289,48.18408955540846,35.86956521739127,53.942652329749095,50.592697961119015,-0.2685569828255723,-0.2367952695681868,-0.06352342651477094,-0.2685569828255723,-0.27330627172011274,0.00949857778908092,49.93636059314844,47.8375,45.738639406851554,32.0019381169846,41.97207535862921,12.06166363369536,34.23815705383476,44.39683472532984,13.920801710844614,1.5611915798939833,-50.80022075055188,-68.15144766146996,-0.0022713889122571735,-0.016807941804314937,-0.008309380715965526,-0.01255125616635101,-0.024266503038883336,-0.033865944826766935,0.09140970379177438,115.03887575980576
2025-06-17,47.42,48.87,47.02,48.66,7489328.0,358799082.8,1.9133,2.5717,47.64,48.30499999999999,47.9365,47.95333333333333,48.54566666666667,49.08658333333333,43.52376,47.64,48.30499999999999,47.9365,47.95333333333333,48.54566666666667,49.08658333333333,43.52376,48.030066022954756,48.219342180933765,34.686346863468586,46.008403361344506,55.90032910202162,-0.18927615797900899,-0.22729144725035128,0.07603057854268458,-0.18927615797900899,-0.26037856191378905,0.14220480786956013,49.991811732022,47.9365,45.881188267978004,41.00797359246633,41.650708103241584,39.72250457091582,42.4987862170331,43.76415188923093,39.96805487263744,1.6137022017314397,18.700898820440155,-40.97995545657022,0.02141057934508808,0.0073491357002381545,0.015092883293523604,0.01473654942305012,0.002355170732712032,-0.008690426270586499,0.11801002486917475,128.906329493686
2025-06-18,48.5,49.82,48.31,49.5,10238911.0,502717327.59,2.6157,1.7263,47.9,48.428,48.083999999999996,47.87133333333333,48.499,49.095749999999995,43.58156,47.9,48.428,48.083999999999996,47.87133333333333,48.499,49.095749999999995,43.58156,48.256209711730946,48.314205723086815,65.7004830917874,59.18367346938774,57.26651480637813,-0.057996011355868404,-0.1934323600714547,0.2708726974311726,-0.057996011355868404,-0.22924278490487818,0.34249354709801955,50.14376391084485,48.083999999999996,46.024236089155146,53.24807742096122,45.5164978758148,68.71123651125406,54.24195250400574,47.25675209415587,68.21235332370549,1.5948472559620865,104.60151802656537,-22.27171492204899,0.03340292275574116,0.022135954406541727,0.029448465185924717,0.034021752753909805,0.02063960081651163,0.008233910267182083,0.13580147199870762,118.66726783314925
2025-06-19,49.03,50.31,49.02,49.57,7586052.0,376313271.02,1.938,0.1414,48.39,48.479,48.164,47.797,48.469,49.117250000000006,43.63432,48.39,48.479,48.164,47.797,48.469,49.117250000000006,43.63432,48.45833129454157,48.40722752137668,66.27078384798097,58.38150289017342,60.50741981809478,0.05110377316488979,-0.14452513342418583,0.3912578131781512,0.05110377316488979,-0.18611254520183695,0.4744326367334535,50.32682855733387,48.164,46.001171442666134,61.92781998813897,50.986938579922864,83.80958280457119,62.59040337683531,52.367969188382354,83.03527175374124,1.5394204821507977,131.2107831745296,-20.71269487750555,0.024385203554453394,0.022504589616122467,0.029191927580765692,0.037094378308262094,0.022715550145453775,0.009217739185316657,0.13603237084936806,101.4231745159243
2025-06-20,50.0,51.97,50.0,51.0,16662603.0,854541679.03,4.2567,2.8848,49.234,48.679,48.353500000000004,47.76366666666666,48.48983333333333,49.14608333333334,43.69108,49.234,48.679,48.353500000000004,47.76366666666666,48.48983333333333,49.14608333333334,43.69108,48.84935724922749,48.59928474201545,92.54385964912288,63.74622356495466,62.58503401360543,0.2500725072120389,-0.06560560529694089,0.6313562250179595,0.2500725072120389,-0.11900715252277913,0.7381593194696361,50.80875237206366,48.353500000000004,45.89824762793635,69.19349073034769,57.05578929673115,93.46889359758077,69.63521298947859,58.1237171220811,92.65820472427356,1.6958894853961068,210.99650775602996,-16.275167785234878,0.035869521062680224,0.04767969761087939,0.05473233581850323,0.06775722131885482,0.05176686521916973,0.03772257199200336,0.16728632022829376,132.89620272744506
2025-06-23,50.82,53.53,50.81,51.98,16714294.0,877113342.22,4.27,1.9216,50.142,48.845,48.6225,47.92466666666667,48.5445,49.18575,43.74652,50.142,48.845,48.6225,47.92466666666667,48.5445,49.18575,43.74652,49.33099459550018,48.84970809445875,100.0,64.4268774703557,62.15596330275229,0.48128650104143134,0.043772815970733556,0.8750273701413955,0.48128650104143134,-0.02665428274366982,1.0158815675702022,51.423393654381734,48.6225,45.82160634561827,72.59175977767859,62.23444612371363,93.3063870856085,72.88624128376586,63.044558509309354,92.56960683267886,1.882091397142269,241.7430016548949,-20.611702127659623,0.03665589725180475,0.06418261848705084,0.06905239343925126,0.08461891579840576,0.07077011813902703,0.0568101533472601,0.18820879923705933,120.96535120091885
2025-06-24,52.03,52.64,51.15,51.95,10677586.0,553185102.66,2.7278,-0.0577,50.8,49.220000000000006,48.8115,48.083333333333336,48.623666666666665,49.20791666666666,43.803520000000006,50.8,49.220000000000006,48.8115,48.083333333333336,48.623666666666665,49.20791666666666,43.803520000000006,49.733918503884766,49.07935934672106,99.34354485776818,64.61843409316157,62.44239631336408,0.6545591571637033,0.1659300842093275,0.9772581459087515,0.6545591571637033,0.07814778493438759,1.1528227444586314,51.971008789269575,48.8115,45.65199121073043,74.72429375249496,66.39772866664075,91.37742392420338,74.92061475655314,67.00324392505729,90.75535641954482,1.8108020522073112,183.9149139579347,-21.01063829787231,0.022637795275590664,0.05546525802519294,0.06429837230980405,0.08041594454072791,0.06840975930788172,0.055724434584543625,0.18597774790701743,99.42435157346789
2025-06-25,51.9,53.28,51.81,52.9,11220195.0,591111204.73,2.8664,1.8287,51.480000000000004,49.69,49.0965,48.30833333333333,48.720666666666666,49.238083333333336,43.864599999999996,51.480000000000004,49.69,49.0965,48.30833333333333,48.720666666666666,49.238083333333336,43.864599999999996,50.221007964825574,49.36236976548246,99.30232558139548,63.271604938271615,61.610927932171464,0.8586381993431118,0.3044717072360844,1.1083329842140548,0.8586381993431118,0.19822323330496056,1.3208299320763026,52.647963893871335,49.0965,45.54503610612866,80.3569759768406,71.05081110337403,98.96930572377374,80.48785664621272,71.49811483210911,98.46734027441994,1.7488380427150725,184.76515975350873,-8.377659574468115,0.027583527583527476,0.06460052324411353,0.0774698807450633,0.09504916336035885,0.0857815300830585,0.07437163306857658,0.20598386854091918,119.86743204761257
2025-06-26,52.9,53.58,51.97,52.1,8972811.0,471725814.24,2.2923,-1.5123,51.986000000000004,50.188,49.3735,48.501333333333335,48.793000000000006,49.25566666666666,43.92512,51.986000000000004,50.188,49.3735,48.501333333333335,48.793000000000006,49.25566666666666,43.92512,50.510083662544716,49.565157190261544,80.51643192488277,73.21428571428575,61.49506346967561,0.9449264722831714,0.43256266024550183,1.0247276240753391,0.9449264722831714,0.3131006546862238,1.2636516351938951,52.956026453422474,49.3735,45.790973546577526,79.83683785275525,73.9794866865011,91.55154018526355,80.47495154661651,74.49039373694491,92.4440671659597,1.7235947622214227,149.91723811775833,-19.55085865257592,0.002192898087946701,0.03809675619670039,0.055221930792834245,0.07419727292720474,0.06777611542639302,0.05774631683664158,0.18610945172147514,85.86585775295438
2025-06-27,52.4,52.59,51.68,52.12,5458891.0,284687957.73,1.3946,0.0384,52.21,50.721999999999994,49.5085,48.73266666666667,48.897000000000006,49.27708333333333,43.98088,52.21,50.721999999999994,49.5085,48.73266666666667,48.897000000000006,49.27708333333333,43.98088,50.75776309907629,49.754404805797726,80.2850356294538,73.27790973871737,63.34622823984527,1.0033582932785663,0.5467217868521147,0.9132730128529032,1.0033582932785663,0.4192941375465842,1.1681283114639642,53.29602675863374,49.5085,45.72097324136626,79.13919271484495,75.69938869594907,86.01880075263671,80.01099921636897,76.3305955634196,87.37180652226769,1.5756684418175284,111.13508847647844,-20.916905444126098,-0.0017238076996744572,0.027562004652813443,0.05274851793126432,0.06950847480813685,0.06591406425752074,0.05769247029975058,0.1850604171630945,100.38454096612107
2025-06-30,53.01,55.9,52.7,54.91,20768653.0,1138386401.93,5.3057,5.353,52.79600000000001,51.468999999999994,49.86,49.048,49.049166666666665,49.319583333333334,44.04492,52.79600000000001,51.468999999999994,49.86,49.048,49.049166666666665,49.319583333333334,44.04492,51.39656877614148,50.13630074610901,85.09874326750459,88.45014807502477,65.38812785388129,1.2602680300324707,0.6894310354881859,1.1416739890885697,1.2602680300324707,0.5486747363905667,1.4231865872838079,54.26558497221046,49.86,45.45441502778954,81.74496905627345,77.71458214939054,89.80574287003927,82.95778326136309,78.53965812940078,91.79403352528772,1.9764559978507052,173.4642968506393,-11.148648648648676,0.04004091219031725,0.0668557772639842,0.1012835940633774,0.11951557657804589,0.11948894816425693,0.11335084947662769,0.2466817966748492,168.44974841622144
2025-07-01,54.83,54.83,53.63,54.51,9533094.0,516888151.07,2.4354,-0.7285,53.30800000000001,52.053999999999995,50.1795,49.309,49.18766666666667,49.35691666666666,44.10872,53.30800000000001,52.053999999999995,50.1795,49.309,49.18766666666667,49.35691666666666,44.10872,51.87555819519663,50.46027846861945,75.35070140280573,87.92934249263992,67.13548992030005,1.4152797265771824,0.8346007737059853,1.1613579057423942,1.4152797265771824,0.6819985810346615,1.4665622910850418,54.964276186813024,50.1795,45.39472381318697,81.09548324681796,78.84154918186636,85.60335137672118,82.53399867841422,79.87110497907193,87.85978607709882,1.8498276346051212,139.56935123042496,-18.313570487483545,0.022548210399939803,0.047181772774426624,0.0863001823453801,0.10547770183942082,0.10820463124224891,0.10440448231673038,0.23581006204668828,92.94956961226171
2025-07-02,54.15,54.29,52.68,53.27,7778615.0,413603597.39,1.9872,-2.2748,53.382000000000005,52.431000000000004,50.429500000000004,49.533,49.293666666666674,49.39,44.166199999999996,53.382000000000005,52.431000000000004,50.429500000000004,49.533,49.293666666666674,49.39,44.166199999999996,52.09008770362792,50.66840598946246,60.64516129032261,77.06592386258133,65.29867761057913,1.4216817141654658,0.9520169617978814,0.9393295047351689,1.4216817141654658,0.7957959861317083,1.251771456067515,55.31561125107617,50.429500000000004,45.54338874892384,72.5382317690651,76.74044337759928,64.13380855199676,75.61375105692733,78.45198700502374,69.9372791607345,1.8462226101314623,95.9338497972947,-38.22674418604647,-0.0020980854969840372,0.016001983559344634,0.05632615830020124,0.07544465305957648,0.08066621134560888,0.07855841263413652,0.20612595151948793,79.4447399113942
2025-07-03,53.0,53.48,52.41,52.67,7558914.0,398567045.65,1.9311,-1.1263,53.495999999999995,52.741,50.61,49.68966666666667,49.393666666666675,49.44166666666667,44.222919999999995,53.495999999999995,52.741,50.61,49.68966666666667,49.393666666666675,49.44166666666667,44.222919999999995,52.179304979992864,50.81667221246524,48.03418803418806,69.75369458128085,58.26131164209457,1.3626327675276215,1.0341401229438294,0.6569852891675843,1.3626327675276215,0.8830016448080027,0.9592622454392377,55.54952053927232,50.61,45.67047946072768,60.53956774126279,71.34015149882045,38.93840022614748,65.49391313399677,74.13262904801475,48.2164813059608,1.7050912264711964,70.08977791778237,-54.745762711864366,-0.015440406759383758,-0.001346201247606188,0.040703418296779335,0.05997893592899934,0.06633104109163777,0.06529580313500755,0.19101135791123716,89.29069754717554
2025-07-04,52.44,54.91,51.73,53.5,11481278.0,612406730.55,2.9331,1.5758,53.772000000000006,52.991,50.835,49.89933333333333,49.606,49.52416666666667,44.2888,53.772000000000006,52.991,50.835,49.89933333333333,49.606,49.52416666666667,44.2888,52.382488829224734,51.01543723376411,61.90476190476192,69.72386587771209,64.82067510548524,1.367051595460623,1.1007224174471881,0.5326583560268698,1.367051595460623,0.9574708679853289,0.8191614549505883,55.874676263620884,50.835,45.79532373637912,56.850939897683986,66.51041429844163,37.531991096168696,61.2788497514137,69.84803594914774,44.14047735594562,1.9732564580218879,78.410217680574,-47.15127701375246,-0.005058394703563296,0.00960540469136269,0.052424510671781235,0.07215861267351606,0.07849856872152558,0.08028067105285284,0.20798034717580963,116.92426178965127
2025-07-07,53.7,55.49,53.7,54.03,10975813.0,600826467.96,2.804,0.9907,53.596000000000004,53.196000000000005,51.0205,50.147000000000006,49.8155,49.62016666666667,44.3628,53.596000000000004,53.196000000000005,51.0205,50.147000000000006,49.8155,49.62016666666667,44.3628,52.63595208626708,51.238738179411214,64.94522691705795,71.03773584905666,65.35064935064938,1.3972139068558675,1.160020715328924,0.47438638305388725,1.3972139068558675,1.025123643196181,0.7441805273193731,56.249904615401014,51.0205,45.79109538459898,56.46302786227908,63.16128548638745,43.06651261406232,61.06309281673196,66.91972157167581,49.349835306844255,1.976300738381545,98.82561489031686,-39.368421052631525,0.008097619225315275,0.01567787051658012,0.05898609382503117,0.07743234889425081,0.08460218205177106,0.08887179607753563,0.21791230490410887,110.36004151513798
2025-07-08,53.94,54.6,53.43,54.09,7288464.0,393916067.91,1.862,0.111,53.512,53.410000000000004,51.315,50.34433333333334,49.997,49.723499999999994,44.43264,53.512,53.410000000000004,51.315,50.34433333333334,49.997,49.723499999999994,44.43264,52.859651765302914,51.44994275871409,38.797814207650354,66.73889490790904,65.18789144050106,1.4097090065888267,1.2099583735809045,0.39950126601584435,1.4097090065888267,1.0842906221796649,0.6508367688183236,56.53900733456391,51.315,46.09099266543608,56.67835348796492,61.00030815357994,48.03444415673488,59.745063457600175,64.52816886698393,50.178852638832666,1.8297006041303552,80.80057834952504,-42.89099526066341,0.010801315592764295,0.012731698183860694,0.05407775504238538,0.07440095873087334,0.08186491189471376,0.08781562038070549,0.21734832771584142,101.11606002324174
2025-07-09,53.96,53.96,52.69,53.09,6496971.0,345007351.41,1.6598,-1.8488,53.476,53.428999999999995,51.5595,50.54066666666667,50.153499999999994,49.812333333333335,44.50243999999999,53.476,53.428999999999995,51.5595,50.54066666666667,50.153499999999994,49.812333333333335,44.50243999999999,52.89508995525631,51.57142848029082,33.333333333333385,56.00000000000005,60.402684563758406,1.3236614749654905,1.2326989938578217,0.1819249622153376,1.3236614749654905,1.121116907223638,0.40508913548370495,56.62497644145603,51.5595,46.49402355854397,48.92300975027049,56.974542019143456,32.819945212524544,50.96748306336066,60.00794026577618,32.88656865852964,1.7515732215612005,52.91353555299587,-66.58767772511838,-0.0072181913381703135,-0.006344868891425846,0.02968415132031931,0.05044122884541828,0.0585502507302583,0.06580030380695548,0.1929682956709792,82.9769445837718
2025-07-10,52.75,53.46,52.3,53.11,5751300.0,304293431.66,1.4693,0.0377,53.564,53.529999999999994,51.859,50.759,50.1665,49.90541666666666,44.57148,53.564,53.529999999999994,51.859,50.759,50.1665,49.90541666666666,44.57148,52.928153039063034,51.68539674101002,47.36842105263152,56.277056277056275,60.63114330056908,1.242756298053017,1.2347104546968608,0.016091686712312203,1.242756298053017,1.1398306596589272,0.2058512767881795,56.51068628167857,51.859,47.20731371832143,43.64651489346572,52.53186631058422,25.875812059228707,45.27374068363065,55.096540405061006,25.628141240769935,1.6440144540046193,39.81057727987584,-66.11374407582939,-0.008475841983421713,-0.007846067625630388,0.02412310302936805,0.04631690931657438,0.058674613536922056,0.06421313651657731,0.19156913793304592,100.37735804808241
2025-07-11,52.9,56.43,52.78,55.55,15156422.0,835790977.77,3.872,4.5942,53.974000000000004,53.873000000000005,52.2975,50.96333333333334,50.217666666666666,50.0165,44.65375999999999,53.974000000000004,53.873000000000005,52.2975,50.96333333333334,50.217666666666666,50.0165,44.65375999999999,53.33151410997641,51.97166364908335,79.50819672131146,62.348555452003744,62.787286063569695,1.359850460893064,1.2597384559361013,0.2002240099139252,1.359850460893064,1.1736798598487943,0.37234120208853927,56.571361190268476,52.2975,48.02363880973152,56.18987517720409,53.751202599457514,61.06722033269722,57.27469237064737,55.82259106025647,60.17889499142919,2.008739098731052,108.89636899451138,-18.723404255319192,0.02919924408048307,0.03112876580105048,0.062192265404656014,0.08999934593498578,0.10618441053281377,0.11063349094798709,0.24401618139211587,156.70311101782983
2025-07-14,55.55,55.76,54.05,54.05,8066087.0,441330328.85,2.0606,-2.7003,53.977999999999994,53.787,52.628,51.169000000000004,50.255333333333326,50.1175,44.7338,53.977999999999994,53.787,52.628,51.169000000000004,50.255333333333326,50.1175,44.7338,53.442050400749274,52.12561448989199,54.954954954954935,58.530183727034114,64.75037821482603,1.3164359108572867,1.2710779469203384,0.0907159278738967,1.3164359108572867,1.1956423292347163,0.24158716324514096,56.300209144370584,52.628,48.95579085562942,53.91381749402258,53.805407564312546,54.130637353442665,54.637028956318105,55.427403692277025,53.05627948440028,1.9544228989617698,95.40132066253807,-50.63829787234045,0.001333876764607854,0.004889657352148254,0.02701983734893967,0.05630362133322896,0.07550774047198981,0.07846560582630813,0.20825863217522309,76.0530000247064
2025-07-15,54.0,54.48,53.18,54.08,5942082.0,320024852.8,1.518,0.0555,53.976,53.74400000000001,52.899,51.367666666666665,50.29116666666667,50.202083333333334,44.80984,53.976,53.74400000000001,52.899,51.367666666666665,50.29116666666667,50.202083333333334,44.80984,53.540196492941696,52.27038378693703,50.495049504950465,58.56643356643358,64.80362537764353,1.2698127060046644,1.2708248987372037,-0.0020243854650785487,1.2698127060046644,1.2070531564300928,0.12551909914914328,56.109141167579466,52.899,49.688858832420536,52.60921166268172,53.40667559710228,51.014283793840605,53.091352637545405,54.64872000736649,49.976617897903225,1.8354369173323566,57.17367853290195,-50.0,0.001926782273603068,0.006251860672819131,0.02232556381027992,0.05280234648254739,0.07533794867886003,0.07724613022367924,0.20687777506012064,100.55643000246495
2025-07-16,53.91,54.59,53.26,53.37,5939779.0,319429537.89,1.5174,-1.3129,54.032,53.754,53.092499999999994,51.537666666666674,50.314,50.271,44.8816,54.032,53.754,53.092499999999994,51.537666666666674,50.314,50.271,44.8816,53.51401241710451,52.35183683975651,43.68421052631573,41.77350427350427,66.03386351975374,1.1621755773480018,1.2490950344593634,-0.17383891422272324,1.1621755773480018,1.2001489134943866,-0.07594667229276952,55.8785016624469,53.092499999999994,50.30649833755309,46.70401344888002,51.172454881028195,37.76713058458368,47.0254407654558,52.107626926729594,36.86106844290819,1.7435392959992018,40.67991558022334,-65.1063829787234,-0.012251998815516713,-0.007143654425717162,0.0052267269388332335,0.03555328465264868,0.06073856183169689,0.0616458793340096,0.18912872981355386,87.62039338960513
2025-07-17,53.37,53.9,52.4,53.25,10597649.0,562524344.07,2.7073,-0.2248,54.06,53.812,53.2765,51.67733333333334,50.3335,50.340916666666665,44.95276,54.06,53.812,53.2765,51.67733333333334,50.3335,50.340916666666665,44.95276,53.47339512216536,52.41836744421899,51.65975103734437,43.06167400881058,66.78775298391284,1.05502767794637,1.210281563156765,-0.3105077704207897,1.05502767794637,1.1778225695639224,-0.2455897832351046,55.515308658757014,53.2765,51.03769134124298,38.80348273508872,47.04946416571504,22.31151987383609,42.13043568760885,48.78189651368935,28.827514035447862,1.6992594239993468,-8.746666666666,-67.65957446808505,-0.014983351831298598,-0.010443767189474422,-0.0004974050472534539,0.030432426853810757,0.05794351674332202,0.05778765119824666,0.18457687581363197,97.7741598996237
2025-07-18,53.28,53.71,52.53,52.93,5386155.0,285527581.39,1.376,-0.6009,53.536,53.754999999999995,53.373000000000005,51.80833333333333,50.3545,50.40141666666667,45.02292,53.536,53.754999999999995,53.373000000000005,51.80833333333333,50.3545,50.40141666666667,45.02292,53.38979587260146,52.45626615205462,48.2421875,47.91666666666664,64.50079239302698,0.9335297205468436,1.1549311946347807,-0.4428029481758742,0.9335297205468436,1.1402390543305256,-0.4134186675673641,55.34968622220416,53.373000000000005,51.39631377779585,30.95373425277103,41.68422086140037,9.492761035512359,33.171702887784456,43.578498638387714,12.358111386577946,1.6048486196358291,-30.9215722009595,-84.74576271186436,-0.011319485953377197,-0.01534740954329822,-0.008300076817866804,0.02165031365610429,0.05114736518086761,0.0501688940621708,0.17562343801779184,94.15054076982965
2025-07-21,52.9,54.4,52.8,53.18,5758402.0,307901411.49,1.4711,0.4723,53.362,53.669999999999995,53.43299999999999,51.903666666666666,50.34316666666666,50.45408333333333,45.08748,53.362,53.669999999999995,53.43299999999999,51.903666666666666,50.34316666666666,50.45408333333333,45.08748,53.357519584508935,52.50987606671724,9.5563139931741,53.265044814340584,62.583518930957716,0.8476435177916954,1.0934736592661636,-0.49166028294893627,0.8476435177916954,1.095224356401475,-0.49516167721955906,55.30154404339431,53.43299999999999,51.56445595660568,27.738324852936962,37.03558885857924,9.143796841652417,29.216970609612574,38.791322628796,10.068266571245715,1.603967052429315,-0.3617469087083268,-78.69249394673119,-0.003410666766612986,-0.009129867710080024,-0.004734901652536692,0.024590427137453363,0.056349918393426554,0.05402767202522433,0.1794848592114707,104.82488389390694
2025-07-22,53.19,55.2,52.94,53.72,10277938.0,555858878.44,2.6257,1.0154,53.29,53.633,53.5215,52.08766666666667,50.34116666666667,50.51408333333333,45.15639999999999,53.29,53.633,53.5215,52.08766666666667,50.34116666666667,50.51408333333333,45.15639999999999,53.41328580227679,52.599514876590035,41.62436548223354,51.4627659574468,61.94790486976219,0.8137709256867538,1.0375331125502818,-0.447524373727056,0.8137709256867538,1.05192382859921,-0.47630580582491255,55.25724525174246,53.5215,51.785754748257546,29.95307209727679,34.67474993814509,20.509716415540197,30.93883593506053,36.17382706421751,20.468853676746576,1.7232457701694404,40.834957251453694,-65.61743341404357,0.008069056108087816,0.0016221356254544066,0.0037087899255438595,0.03133819266237039,0.06711869344837046,0.06346579914182349,0.18964310706787985,110.63096739088493
2025-07-23,53.7,55.28,53.36,54.35,10370283.0,563913398.9,2.6493,1.1727,53.486000000000004,53.75899999999999,53.59400000000001,52.29266666666667,50.37266666666667,50.57383333333334,45.22636,53.486000000000004,53.75899999999999,53.59400000000001,52.29266666666667,50.37266666666667,50.57383333333334,45.22636,53.55739567884959,52.72918044128707,55.252918287937796,52.09973753280841,63.11745334796929,0.8282152375625174,0.9956695375527289,-0.3349085999804231,0.8282152375625174,1.0175071222858727,-0.3785837694467107,55.34153239560341,53.59400000000001,51.84646760439661,36.0977469895824,35.14908228862419,37.99507639149881,37.171491914737715,36.506382014390915,38.50171171543131,1.7590192665022695,72.5239616613424,-50.36319612590792,0.016153759862393844,0.01099350806376622,0.014106056648132123,0.039342673924960776,0.07895816514247146,0.07466641181375074,0.20173279476836078,112.3661353464098
2025-07-24,54.3,58.22,54.04,58.01,21684683.0,1235332698.49,5.5397,6.7341,54.438,54.249,53.8895,52.65566666666666,50.48616666666667,50.66941666666666,45.31296,54.438,54.249,53.8895,52.65566666666666,50.48616666666667,50.66941666666666,45.31296,54.242411728257345,53.12035226045099,92.02898550724642,67.46880570409982,67.13936430317851,1.122059467806352,1.0209475236034535,0.20222388840579697,1.122059467806352,1.0335920985197926,0.1769347385731188,56.40381669068393,53.8895,51.375183309316064,56.19574885216146,42.16463780980328,84.25797093687783,56.911578802265,43.30811427701561,84.11850785276376,2.199197581683675,269.2688971499373,-3.6082474226804266,0.06561593004886285,0.06932846688418211,0.07646201950287161,0.10168579513442688,0.1490276214276517,0.1448720710882469,0.2802076933398304,191.88152899453664
2025-07-25,57.99,59.99,57.61,59.85,17675116.0,1039534400.55,4.5154,3.1719,55.822,54.678999999999995,54.275999999999996,53.09133333333333,50.63316666666667,50.779,45.40616000000001,55.822,54.678999999999995,54.275999999999996,53.09133333333333,50.63316666666667,50.779,45.40616000000001,55.105117616217754,53.61884468560277,95.58011049723757,78.02653399668326,68.46550915063354,1.4862729306149873,1.1140126050057604,0.7445206512184539,1.4862729306149873,1.1032353034575149,0.7660752543149449,57.813387677219815,54.275999999999996,50.73861232278018,70.18232180833601,51.50386580931419,107.53923380637966,70.6595417750717,52.42525677636765,107.1281117724798,2.2320707486502798,353.0603006694772,-1.8445322793148946,0.07215793056501019,0.09457012747124137,0.10269732478443522,0.12730263570953207,0.18203154059098287,0.17863683806297873,0.3181030943819075,136.65102472498887
2025-07-28,60.0,60.88,59.4,60.07,16080449.0,964897830.77,4.108,0.3676,57.2,55.28099999999999,54.534000000000006,53.51233333333334,50.77766666666666,50.885416666666664,45.49672,57.2,55.28099999999999,54.534000000000006,53.51233333333334,50.77766666666666,50.885416666666664,45.49672,55.86894567526117,54.09670804222478,100.0,78.38499184339315,68.88372093023257,1.77223763303639,1.2456576106118864,1.0531600448490073,1.77223763303639,1.2061587387773418,1.1321577885180965,58.91756932191102,54.534000000000006,50.150430678088995,76.93758560807305,59.98177240890048,110.84921200641818,77.25573225256352,60.702081935099606,110.36303288749134,2.095330612532048,286.1114642932825,-9.551886792452853,0.050174825174825126,0.08663012608310286,0.10151465141012934,0.12254495848309103,0.18300040043851312,0.18049539406345963,0.3203149589684706,103.73725981107695
2025-07-29,59.5,60.78,58.95,60.22,14304952.0,857589741.81,3.6544,0.2497,58.5,55.895,54.819500000000005,53.897666666666666,50.92550000000001,51.00516666666667,45.593,58.5,55.895,54.819500000000005,53.897666666666666,50.92550000000001,51.00516666666667,45.593,56.53833864829792,54.550285224282206,100.0,73.42026078234706,67.68115942028987,1.9880534240157175,1.3941367732926526,1.1878333014461298,1.9880534240157175,1.326450228814015,1.323206390403405,59.886925277926444,54.819500000000005,49.752074722073566,82.03071744940718,67.33142075573605,111.42931083674944,82.24281521240083,67.88232636086668,110.9637929154691,2.047088682980766,203.60888541463095,-7.783018867924568,0.029401709401709383,0.0773772251543071,0.0985142148323132,0.11730254247246324,0.1825117082797418,0.18066470390254577,0.3208167920514113,102.52533388603678
2025-07-30,59.99,60.2,57.6,58.48,16781494.0,989113106.08,4.2871,-2.8894,59.326,56.40599999999999,55.080000000000005,54.197,51.03416666666667,51.09583333333333,45.68312,59.326,56.40599999999999,55.080000000000005,54.197,51.03416666666667,51.09583333333333,45.68312,56.837055779329006,54.84137520766871,78.88349514563104,71.69441723800196,64.74121996303143,1.9956805716602943,1.514445532966181,0.9624700773882267,1.9956805716602943,1.429408743098058,1.1325436571244727,60.34388689688119,55.080000000000005,49.81611310311882,78.43963997625147,71.03416049590786,93.2505989369387,78.72791454411626,71.49752242194988,93.18869878844902,2.1512543769842627,126.74392183594638,-28.301886792452883,-0.014260189461618913,0.036769138034960916,0.06172839506172823,0.0790265143827148,0.145898989239235,0.14451602381146536,0.28012272366685975,74.587513203424
2025-07-31,58.0,62.2,57.96,60.02,21202951.0,1273803161.53,5.4167,2.6334,59.727999999999994,57.083000000000006,55.447500000000005,54.54533333333334,51.171166666666664,51.185583333333334,45.767399999999995,59.727999999999994,57.083000000000006,55.447500000000005,54.54533333333334,51.171166666666664,51.185583333333334,45.767399999999995,57.326739505586076,55.224977044137695,80.98360655737704,75.34129692832765,67.0552677029361,2.1017624614483807,1.631908918662621,0.9397070855715195,2.1017624614483807,1.5328477766904154,1.1378293695159307,61.020173458375595,55.447500000000005,49.874826541624415,77.89593019693362,73.32141706291645,87.04495646496795,78.30395957542946,73.76633480644307,87.37920911340223,2.5310263084416698,138.53779429987642,-22.54395036194415,0.004888829359764411,0.05145139533661506,0.0824653951936516,0.10036911193135979,0.1729261595885705,0.1725957992729073,0.31141380108985894,129.68396233796201
2025-08-01,60.13,60.15,58.3,58.67,8788401.0,519938509.81,2.2451,-2.2493,59.492,57.657000000000004,55.705999999999996,54.80100000000001,51.282333333333334,51.26566666666667,45.84352,59.492,57.657000000000004,55.705999999999996,54.80100000000001,51.282333333333334,51.26566666666667,45.84352,57.53339496626514,55.480163929757126,54.82456140350879,71.4401294498382,58.655616942909774,2.0532310365080164,1.7161733422317003,0.6741153885526323,2.0532310365080164,1.6129067397392771,0.8806485935374786,61.37707304429098,55.705999999999996,50.03492695570901,72.55697002329772,73.06660138304355,71.53770730380609,73.01824255383241,73.51697072223952,72.02078621701818,2.4072033432704574,92.91720897602747,-37.553191489361694,-0.013816983796140585,0.01756941915118716,0.053207912971672815,0.07060090144340417,0.1440587076771078,0.14443064559126642,0.2797882885083869,79.65278611711734
2025-08-04,59.6,64.06,59.6,63.1,28407538.0,1776571132.13,7.2572,7.5507,60.098,58.649,56.1595,55.17166666666667,51.54816666666667,51.38283333333333,45.94592,60.098,58.649,56.1595,55.17166666666667,51.54816666666667,51.38283333333333,45.94592,58.389795740685884,56.04459623125659,67.23223753976669,79.54409118176363,66.67961165048544,2.3451995094292926,1.8419785756712188,1.0064418675161475,2.3451995094292926,1.7255671658454332,1.2392646871677186,62.65669121499516,56.1595,49.66230878500484,78.713992476591,74.94906508089271,86.2438472679876,79.13446386082833,75.38946843510246,86.62445471228008,2.9495300081303744,149.70751729041444,-8.633093525179861,0.04995174548237882,0.07589217207454518,0.12358550200767457,0.14370298764462439,0.2240978502306904,0.22803660106974777,0.373353716717393,207.07740324310024
2025-08-05,63.1,66.0,62.62,64.5,26061851.0,1675752880.48,6.6579,2.2187,60.95399999999999,59.727,56.67999999999999,55.59,51.836666666666666,51.52266666666666,46.05484,60.95399999999999,59.727,56.67999999999999,55.59,51.836666666666666,51.52266666666666,46.05484,59.32982716519575,56.6709224363487,70.8765315739868,82.59154929577463,71.67116943265148,2.6589047288470553,2.005363806306386,1.3070818450813384,2.6589047288470553,1.869157560153375,1.5794943373873607,64.08379419088972,56.67999999999999,49.276205809110266,81.62872631103838,77.17561882427461,90.53494128456592,82.13394637135391,77.63762774718629,91.12658361968917,3.0277972793793975,166.4972374114064,-11.867088607594937,0.05817501722610505,0.07991360691144714,0.137967537050106,0.16028062601187257,0.244292971513086,0.2518761968842194,0.4005042683895982,124.53847801709131
2025-08-06,64.5,66.38,62.82,65.37,21449770.0,1385675831.99,5.4797,1.3488,62.33200000000001,60.82900000000001,57.294,56.00566666666666,52.157000000000004,51.653333333333336,46.17212,62.33200000000001,60.82900000000001,57.294,56.00566666666666,52.157000000000004,51.653333333333336,46.17212,60.25908452439641,57.315298552174724,72.72727272727272,83.17909635274904,74.25515660809778,2.943785972221683,2.1930482394894453,1.501475465464475,2.943785972221683,2.034485008163884,1.8186019281155978,65.44345758608316,57.294,49.14454241391684,83.9180119218616,79.42308319013694,92.90786938531096,85.36104258360388,80.21209935932549,95.65892903216064,3.1245614104013244,150.52288702211573,-8.184764991896202,0.048739010460116736,0.07465189301155692,0.14095716828987342,0.16720331871179717,0.25333128822593326,0.26555240061951474,0.41578944176702315,114.33723968064639
2025-08-07,64.0,67.79,64.0,66.8,25035966.0,1654274478.95,6.14,2.1875,63.688,61.70799999999999,57.97850000000001,56.49566666666667,52.49850000000001,51.806749999999994,46.292919999999995,63.688,61.70799999999999,57.97850000000001,56.49566666666667,52.49850000000001,51.806749999999994,46.292919999999995,61.265379212950805,58.01786902979141,87.74954627949182,83.95638629283488,74.8319641523525,3.2475101831593918,2.4039406282234346,1.6871391098719144,3.2475101831593918,2.2211042658555007,2.052811834607782,66.91043271947697,57.97850000000001,49.04656728052304,86.04020552723385,81.62879063583591,94.86303531002972,87.00222596839536,82.47547489568211,96.05572811382189,3.245550244873812,153.00361440270856,-9.715407262021674,0.04886320813968086,0.08251766383613156,0.15215122847262322,0.18239156985491498,0.27241730716115675,0.2894072683578878,0.44298523402714723,124.15944857348894
2025-08-08,65.8,66.28,64.26,64.75,22334082.0,1455259831.27,5.4774,-3.0689,64.904,62.198,58.4385,56.916666666666664,52.824666666666666,51.95641666666666,46.4124,64.904,62.198,58.4385,56.916666666666664,52.824666666666666,51.95641666666666,46.4124,61.80147471865068,58.516545397955014,70.51170858629662,75.14506769825918,68.9399293286219,3.2849293206956673,2.580138366717881,1.4095819079555723,3.2849293206956673,2.384769658907834,1.8003193235756667,67.78195653385299,58.4385,49.095043466147004,80.74908042672638,81.33555389946608,79.57613348124698,81.39042738750072,82.11379239295499,79.94369737659218,3.117268382169481,118.16524465835373,-29.833169774288564,-0.002372735116479668,0.041030258207659404,0.10800242990494285,0.13762811127379215,0.22575312038567844,0.24623682990711776,0.3951013091329042,73.22056955617427
2025-08-11,64.6,64.81,61.4,62.66,25693863.0,1605457525.91,6.3014,-3.2278,64.816,62.456999999999994,58.86899999999999,57.175,53.1115,52.047583333333336,46.5226,64.816,62.456999999999994,58.86899999999999,57.175,53.1115,52.047583333333336,46.5226,61.93355553116596,58.823467961069454,66.25916870415647,62.166405023547874,64.1279261457303,3.1100875700965034,2.6861282073936055,0.8479187254057958,3.1100875700965034,2.496357029859937,1.227461080473133,68.15431812226049,58.86899999999999,49.5836818777395,70.38489561978028,77.68533447290415,55.78401791353255,70.8124602602965,78.34668168206883,55.74401741675183,3.170492312684121,74.17296218855773,-50.343473994111946,-0.03326339175512228,0.003250236162479834,0.06439722094820712,0.09593353738522081,0.1797821564068045,0.20389835583144258,0.3468722728308392,72.02879974031414
2025-08-12,62.82,66.66,62.31,65.99,24310440.0,1567920236.71,5.9621,5.3144,65.114,63.03399999999999,59.4645,57.55766666666667,53.43333333333333,52.17166666666667,46.63896,65.114,63.03399999999999,59.4645,57.55766666666667,53.43333333333333,52.17166666666667,46.63896,62.55762391098658,59.35432218617542,62.93643688451206,64.9029126213592,69.74892835272503,3.203301724811155,2.789562910877115,0.8274776278680793,3.203301724811155,2.6051177521601243,1.196367945302061,68.98138908702508,59.4645,49.94761091297492,74.15283309206102,76.5078340126231,69.44283125093682,74.65351456018456,77.11562597477408,69.72929173100553,3.3849482558324615,100.21942419556727,-17.66437684003936,0.013453328009337323,0.046895326331820975,0.10973774268681304,0.14650234836946122,0.23499688084840922,0.26486279270357466,0.4149114817311535,167.83300794013266
2025-08-13,66.15,68.68,65.56,68.04,21126353.0,1426691614.27,5.1812,3.1065,65.648,63.99000000000001,60.198,58.05,53.791500000000006,52.23633333333334,46.7636,65.648,63.99000000000001,60.198,58.05,53.791500000000006,52.23633333333334,46.7636,63.40106638621941,59.99770572794021,64.97461928934013,67.76638430673205,71.51916978956471,3.4033606582792046,2.912322460357533,0.9820763958433432,3.4033606582792046,2.727924353101521,1.350872610355367,69.99433572741415,60.198,50.401664272585855,80.71332096953073,77.90966299825898,86.3206369120742,81.11229328887926,78.44784841280914,86.44118304101951,3.336775845681106,129.19040371095176,-5.970149253731345,0.0364367535949307,0.06329113924050628,0.1302701086414832,0.17209302325581413,0.26488385711497164,0.3025416536382721,0.4549778032486808,135.78811695890508
2025-08-14,68.4,72.04,67.07,70.5,28940474.0,2035895937.82,7.0976,3.6155,66.388,65.038,61.060500000000005,58.64433333333333,54.167,52.33858333333333,46.90368,66.388,65.038,61.060500000000005,58.64433333333333,54.167,52.33858333333333,46.90368,64.49321001910873,60.77565345179649,69.12751677852347,70.77607113985448,71.53558052434457,3.7175565673122435,3.0733692817484752,1.2883745711275365,3.7175565673122435,2.8801754629800937,1.6747622086642995,71.30824475831534,61.060500000000005,50.81275524168467,83.0157402390655,79.61168874519448,89.8238432268075,83.67214506497821,80.18928063019882,90.63787393453697,3.633725691920907,148.70433989563406,-11.20815138282391,0.06193890462131702,0.08398167225314437,0.15459257621539285,0.20216218674154376,0.3015304521202946,0.3469986291184165,0.5030803553154037,142.64223024216534
2025-08-15,69.99,81.88,68.91,78.5,33788409.0,2522481345.87,8.2866,11.3475,69.138,67.021,62.339,59.477666666666664,54.6885,52.49458333333334,47.08484000000001,69.138,67.021,62.339,59.477666666666664,54.6885,52.49458333333334,47.08484000000001,66.64810078539969,62.08856801092268,79.27927927927928,82.29032258064515,79.66512982285852,4.559532774477013,3.370601980294183,2.3778615883656604,4.559532774477013,3.138538126287312,2.841989296379402,74.51461998853708,62.339,50.16338001146292,83.17585807604368,80.79974518881089,87.92808385050927,84.05791119233139,81.47882415090969,89.21608527517478,5.331230111571651,216.53471414455987,-15.17055655296228,0.13541033874280417,0.17127467510183375,0.25924381205986624,0.3198231268879636,0.43540232407178847,0.49539238175367284,0.6672032866629681,292.95802392211743
2025-08-18,78.5,78.5,78.5,78.5,,,,,72.306,68.561,63.605,60.29333333333333,55.220166666666664,52.64991666666666,47.263400000000004,72.306,68.561,63.605,60.29333333333333,55.220166666666664,52.64991666666666,47.263400000000004,68.4714698953382,63.30422963974322,88.34355828220858,81.36456211812626,79.65031568722681,5.167240255594983,3.7299296353543436,2.8746212404812788,5.167240255594983,3.4506461461808,3.4331882188283664,76.97742016437684,63.605,50.232579835623156,83.2826033006958,81.6273645594392,86.59308078320899,83.87063871155428,82.27609567112455,87.05972479241373,4.3619155458313505,209.80140531229594,-16.503906249999982,0.08566370702293036,0.14496579688160896,0.2341797028535493,0.301968155683326,0.4215820910838734,0.4909805175380146,0.6609046323370725,100.0
2025-08-19,78.5,78.5,78.5,78.5,,,,,74.80799999999999,69.961,64.844,61.10699999999999,55.72566666666667,52.83316666666667,47.441480000000006,74.80799999999999,69.961,64.844,61.10699999999999,55.72566666666667,52.83316666666667,47.441480000000006,70.01432068067079,64.4298422590215,100.0,85.27214514407683,81.04768964665185,5.584478421649294,4.1008393926133335,2.967278058071921,5.584478421649294,3.7789280347144145,3.611100773869759,78.93280167479051,64.844,50.755198325209484,83.35376678379721,82.20283196755855,85.65563641627455,83.7457903910362,82.76599391109511,85.70538335091837,3.568839992043832,181.3766875954924,-16.503906249999982,0.04935301037322222,0.12205371564157176,0.21059774227376485,0.28463187523524325,0.40868660162582165,0.4858091034987491,0.6546701325506706,100.0
2025-08-20,78.5,78.5,78.5,78.5,,,,,76.9,71.274,66.0515,61.95399999999999,56.24733333333334,53.009750000000004,47.61808,76.9,71.274,66.0515,61.95399999999999,56.24733333333334,53.009750000000004,47.61808,71.31980980672144,65.47207616576064,100.0,82.51689189189189,81.28872366790581,5.847733640960797,4.450218242282826,2.795030797355942,5.847733640960797,4.097205820290781,3.5010556413400327,80.48865422461311,66.0515,51.61434577538689,83.40120910586482,82.60229101366065,84.99904529027316,83.66255817735748,83.0648486665159,84.85797719904065,2.9199599934904077,153.62044221643916,-16.503906249999982,0.020806241872561693,0.10138339366388864,0.1884665753238003,0.2670691157955904,0.3956217183629445,0.4808596531770098,0.6485334982006835,100.0
2025-08-21,78.5,78.5,78.5,78.5,,,,,78.5,72.444,67.076,62.800333333333334,56.77966666666667,53.204,47.79792,78.5,72.444,67.076,62.800333333333334,56.77966666666667,53.204,47.79792,72.42445445184121,66.43710756088949,100.0,81.41831238779174,81.93854609043217,5.987346890951727,4.757643972016607,2.459405837870241,5.987346890951727,4.3879967542386185,3.1987002734262173,82.00993648531323,67.076,52.14206351468676,83.43283732057657,82.87913978263262,84.54023239646446,83.607070034905,83.24558912264561,84.3300318594238,2.3890581764921515,129.63736080429604,-16.503906249999982,0.0,0.0835956048810115,0.17031427037986774,0.24999336521568355,0.3825371758669476,0.475452973460642,0.6423308796700777,100.0
2025-08-22,78.5,78.5,78.5,78.5,,,,,78.5,73.819,68.0085,63.56533333333333,57.26433333333333,53.4215,47.984840000000005,78.5,73.819,68.0085,63.56533333333333,57.26433333333333,53.4215,47.984840000000005,73.35915376694257,67.33065514897174,100.0,80.66324147594581,81.82503770739063,6.0284986179708255,5.011814901207451,2.033367433526749,6.0284986179708255,4.640381656351265,2.77623392323912,83.3657081824105,68.0085,52.651291817589495,83.19811365572079,82.98546440699535,83.62341215317167,83.57007793993668,83.35375206174264,84.00272969632476,1.9546839625844874,111.01705996104907,-16.503906249999982,0.0,0.06341185873555585,0.15426748127072354,0.23494986785249833,0.3708358314948805,0.46944582237488647,0.6359333489493764,100.0
2025-08-25,78.5,78.5,78.5,78.5,,,,,78.5,75.403,68.92999999999999,64.38033333333333,57.77466666666667,53.64391666666667,48.17248,78.5,75.403,68.92999999999999,64.38033333333333,57.77466666666667,53.64391666666667,48.17248,74.15005318741294,68.15801402682568,,79.27927927927928,81.5749235474006,5.992039160587254,5.207859753083412,1.5683588150076844,5.992039160587254,4.848328964695264,2.2874203917839804,84.49194278224593,68.92999999999999,53.36805721775406,81.89514766590537,82.6220254932987,80.44139201111872,83.28960740196086,83.33237050848206,83.20408118891848,1.5992868784782168,96.44916450929628,-17.271333673990785,0.0,0.04107263636725321,0.13883650079791104,0.21931645792452162,0.35872700837737415,0.4633532537861546,0.629561110409927,100.0
2025-08-26,78.5,78.5,78.5,78.5,,,,,78.5,76.65400000000001,69.844,65.19433333333333,58.281,53.8625,48.36168,78.5,76.65400000000001,69.844,65.19433333333333,58.281,53.8625,48.36168,74.81927577396479,68.92408706187562,,88.34355828220858,81.27428127428126,5.8951887120891655,5.345325544884562,1.0997263344092065,5.8951887120891655,5.009384310448172,1.7716088032819872,85.39926433144272,69.844,54.288735668557266,80.32262601539765,81.85555900066501,77.25676004486292,81.9561434967321,82.87362817123207,80.12117414773215,1.3085074460276318,85.48041760009467,-20.710784313725473,0.0,0.024082239674380845,0.123933337151366,0.20409238021709455,0.34692266776479475,0.45741471339057793,0.6231859604546409,100.0
2025-08-27,78.5,78.5,78.5,78.5,,,,,78.5,77.7,70.845,66.032,58.78483333333334,54.064166666666665,48.55068,78.5,77.7,70.845,66.032,58.78483333333334,54.064166666666665,48.55068,75.38554103950867,69.63341394618114,,100.0,79.31330472103004,5.75212709332753,5.426685854573156,0.6508824775087483,5.75212709332753,5.12365243089115,1.2569493248727603,85.88939395501481,70.845,55.80060604498519,78.19503774966373,80.63538525033125,73.31434274832867,80.36328990261546,82.03684874835987,77.01617221112664,1.070597001295335,76.28878553568741,-22.822417285617792,0.0,0.01029601029601026,0.10805279130496155,0.18881754300945003,0.33537845646127534,0.45197835904866135,0.6168671581942827,100.0
2025-08-28,78.5,78.5,78.5,78.5,,,,,78.5,78.5,71.76899999999999,66.87366666666667,59.2755,54.26733333333333,48.74116,78.5,78.5,71.76899999999999,66.87366666666667,59.2755,54.26733333333333,48.74116,75.86468857189195,70.29019809831586,,100.0,78.16369676834792,5.574490473576091,5.456246778373743,0.23648739040469557,5.574490473576091,5.193012129765757,0.7629566876206688,86.27437744206762,71.76899999999999,57.263622557932365,78.19503774966373,79.82193608344208,74.94124108210701,78.22214700780893,80.76528150150956,73.13587802040766,0.8759430010598195,68.69797033184499,-26.06013878180413,0.0,0.0,0.09378701110507336,0.17385517966713357,0.3243245523023846,0.4465424257687252,0.6105484563764998,100.0
2025-08-29,78.5,78.5,78.5,78.5,,,,,78.5,78.5,72.76050000000001,67.726,59.76716666666667,54.468250000000005,48.93076,78.5,78.5,72.76050000000001,67.726,59.76716666666667,54.468250000000005,48.93076,76.27012109929319,70.89833157251468,,100.0,78.01763453937366,5.371789526778514,5.439355328054697,-0.13513160255236656,5.371789526778514,5.220516344690796,0.302546364175436,86.16505142656297,72.76050000000001,59.35594857343705,78.19503774966373,79.2796366388493,76.02583997129258,78.22214700780893,79.91757000360936,74.83130101620807,0.7166806372307614,62.55913677178522,,0.0,0.0,0.0788820857470742,0.15908218409473468,0.3134301720844499,0.4412065744722842,0.6043078014729385,100.0
2025-09-01,88.0,93.92,80.76,85.71,77767585.0,6689772809.47,19.0724,9.1847,79.94200000000001,79.22099999999999,73.89099999999999,68.81033333333333,60.357,54.73266666666667,49.151799999999994,79.94200000000001,79.22099999999999,73.89099999999999,68.81033333333333,60.357,54.73266666666667,49.151799999999994,77.72241016094038,71.99549219677286,100.0,100.0,81.90237797246557,5.7269179641675265,5.496867855277263,0.4601002177805267,5.7269179641675265,5.298424286148754,0.8569873560375445,87.67346926161531,73.89099999999999,60.108530738384665,61.55161309528691,73.37029545766184,37.91424837053705,64.73728022458452,74.85747341060109,44.49689385255138,3.3900114304615325,136.78645904047738,-53.242542153048035,0.07215231042505799,0.08191009959480447,0.1599518209254172,0.24559780265560882,0.42005069834484804,0.5659752250331915,0.7437815095276268,240.7788764522307
2025-09-02,83.17,83.26,76.0,76.8,61973222.0,4872722892.94,15.1988,-10.3955,79.602,79.051,74.506,69.57966666666667,60.833666666666666,54.92425000000001,49.33932,79.602,79.051,74.506,69.57966666666667,60.833666666666666,54.92425000000001,49.33932,77.5805009054111,72.35138166367857,44.72704714640197,44.72704714640197,69.43972835314091,5.229119241732533,5.443318132568317,-0.42839778167156695,5.229119241732533,5.287761971623182,-0.11728545978129645,87.60481537432028,74.506,61.40718462567972,42.522503968286514,63.087698294536736,1.3921153157860715,44.64628205448492,64.7870762918957,4.364693579663367,4.539100261286707,47.84694354755159,-95.5357142857143,-0.03520012059998501,-0.02847528810514737,0.030789466620137936,0.10377073761970684,0.26245883584199536,0.3982894623049015,0.5565678651428515,33.365470184923964
2025-09-03,75.6,80.66,74.07,77.89,40014316.0,3114165944.95,9.8134,1.4193,79.47999999999999,78.99,75.132,70.36433333333333,61.32849999999999,55.12775,49.53324,79.47999999999999,78.99,75.132,70.36433333333333,61.32849999999999,55.12775,49.53324,77.62811615073247,72.76164968859128,48.22777454968042,48.22777454968042,69.14506106706664,4.86646646214119,5.327947798482891,-0.9229626726834024,4.86646646214119,5.222947277856721,-0.7129616314310621,87.57257470325916,75.132,62.691425296740846,34.76311347675861,53.64617002194403,-3.002999613612218,36.17896553422422,55.25103937267188,-1.965182142671111,4.911991122870943,30.884711406510974,-80.7556675062972,-0.020005032712631977,-0.013925813394100447,0.03670872597561619,0.10695285964006385,0.27004573729995046,0.41290003673286146,0.5724794097862365,115.13433001535932
2025-09-04,76.0,76.4,68.8,69.35,43313034.0,3122243243.07,10.6224,-10.9642,77.65,78.075,75.25949999999999,70.74233333333333,61.699,55.267500000000005,49.6926,77.65,78.075,75.25949999999999,70.74233333333333,61.699,55.267500000000005,49.6926,76.35455981985055,72.50893489684377,32.23300970873785,32.23300970873785,59.914593390271065,3.845624923006781,5.03148322338767,-2.3717166007617774,3.845624923006781,5.01105153095673,-2.3308532158998982,87.38890485371257,75.25949999999999,63.130095146287395,23.905239133125697,43.732526392337924,-15.74933538529875,24.849140504769434,45.11707308337107,-15.686724652433838,5.6716291005307715,-50.609750681694976,-97.81050955414014,-0.1068898905344496,-0.1117515209734231,-0.07852164842976628,-0.01968175585575832,0.12400525130066932,0.2548061699914052,0.395580025999847,31.307444235815485
2025-09-05,69.98,72.79,67.38,72.15,31707858.0,2236622030.96,7.7763,4.0375,76.38,77.44,75.6295,71.15233333333332,62.121833333333335,55.41883333333333,49.86324,76.38,77.44,75.6295,71.15233333333332,62.121833333333335,55.41883333333333,49.86324,75.70770446295046,72.4823471267072,38.879159369527166,38.879159369527166,58.663603293126556,3.2253573362432633,4.670258045958789,-2.889801419431052,3.2253573362432633,4.736329347154658,-3.02194402182279,86.82454679005775,75.6295,64.43445320994223,21.92778313471883,36.46427863979823,-7.145207875439965,22.557050715814654,37.59706562751893,-7.522979107593898,5.624060173161542,-69.84092526261182,-82.02712886209491,-0.055380989787902464,-0.06831095041322303,-0.04600717973806501,0.014021559377298785,0.1614274101161428,0.3019039857088296,0.44695771875233153,148.5589086130253
2025-09-08,71.02,71.8,68.01,70.05,30287912.0,2111811196.54,7.4281,-2.9106,73.24799999999999,76.595,75.999,71.485,62.498666666666665,55.55925,50.02492000000001,73.24799999999999,76.595,75.999,71.485,62.498666666666665,55.55925,50.02492000000001,74.83728839172731,72.30217326546962,36.21533442088092,36.21533442088092,55.24277347440015,2.5351151262576934,4.24322946201857,-3.416228671521754,2.5351151262576934,4.397681005478202,-3.7251317584410177,85.79164364069723,75.999,66.20635635930276,17.971950876549556,30.300169385382006,-6.684486141115343,18.391462597280107,31.19519795077266,-7.216008109705001,5.354231050768535,-97.09424408781501,-89.939713639789,-0.04365989515072075,-0.08544944186957376,-0.07827734575454938,-0.020074141428271696,0.1208239109100994,0.2608161557256442,0.4003020894386235,74.42486266498494
2025-09-09,69.01,70.49,67.3,67.3,20583927.0,1412313147.95,5.0482,-3.9258,71.348,75.475,76.0645,71.721,62.809333333333335,55.6775,50.176919999999996,71.348,75.475,76.0645,71.721,62.809333333333335,55.6775,50.176919999999996,73.6777055622308,71.93164191247187,14.852997327224173,33.233532934131745,51.76062762269658,1.7460636497589235,3.7437962995666414,-3.995465299615436,1.7460636497589235,3.9897398738290826,-4.487352448140318,85.58911735659115,76.0645,66.53988264340884,11.981300584366371,24.193879785043464,-12.443857816987816,12.260975064853406,24.88379032213291,-12.984655449705599,4.9607344960833455,-133.22624150638686,-100.0,-0.05673599820597637,-0.10831401126200725,-0.11522457914007189,-0.061641639129404305,0.07149680514573199,0.2087468007723047,0.3412541064696678,66.99914275882779
2025-09-10,67.9,69.5,67.19,68.3,19336474.0,1321199231.42,4.7422,1.4859,69.43,74.455,76.0775,72.04833333333333,63.12266666666666,55.810833333333335,50.32944,69.43,74.455,76.0775,72.04833333333333,63.12266666666666,55.810833333333335,50.32944,72.85036624496452,71.66263140043692,26.75054704595189,35.174418604651166,51.37918352335418,1.187734844527597,3.232584008558833,-4.089698328062472,1.187734844527597,3.558662177013469,-4.741854664971744,85.556602500265,76.0775,66.598397499735,9.37174621823452,19.25316859610715,-10.391098537510743,9.558195871892545,19.77525883871946,-10.87593006176128,4.478782769522738,-136.8042335434966,-95.84736251402919,-0.016275385280138405,-0.0826673829830099,-0.10223127731589501,-0.0520252608202827,0.08202019348569986,0.22377674585280627,0.3570586122158323,115.8927836999227
2025-09-11,67.86,74.42,67.08,73.0,33971233.0,2430094238.67,8.3314,6.8814,70.16,73.905,76.2025,72.481,63.51316666666666,55.991083333333336,50.49684,70.16,73.905,76.2025,72.481,63.51316666666666,55.991083333333336,50.49684,72.87338682266228,71.7616957411453,38.830516217450906,42.96675191815857,57.2330352446081,1.1116910815169803,2.8084054231504627,-3.393428683266965,1.1116910815169803,3.182205085398625,-4.141028007763289,85.4346358080864,76.2025,66.9703641919136,13.600041443055503,17.36879287842327,6.062538572319966,13.724341212160855,17.758286296533257,5.656451043416055,4.999004084154968,-85.41646037932858,-77.94336810730253,0.04047890535917907,-0.012245450240173211,-0.04202618024343034,0.007160497233757888,0.14936797881804043,0.30377902433869675,0.44563501399295485,194.54566786213974
2025-09-12,72.9,76.47,72.4,74.8,33135972.0,2487920209.67,8.1265,2.4658,70.68999999999998,73.535,76.01750000000001,73.01866666666666,63.90983333333334,56.19983333333333,50.67644,70.68999999999998,73.535,76.01750000000001,73.01866666666666,63.90983333333334,56.19983333333333,50.67644,73.16978884994501,71.98675531587529,67.98679867986797,45.47677261613692,60.697920338385615,1.1830335340697218,2.4833310453343147,-2.600595022529186,1.1830335340697218,2.874640231348024,-3.3832133945566047,85.2039611478554,76.01750000000001,66.83103885214463,24.971103030434193,19.902896262426914,35.10751656644875,18.737240887590595,18.08460449355237,20.042513675667045,4.830094250672245,-27.921912059843066,-71.23695976154994,0.05814117979912314,0.01720269259536276,-0.016016048936100438,0.024395588342706928,0.1703989213970723,0.33096480120047805,0.47603107084870205,127.58140408873844
2025-09-15,77.9,78.58,73.73,76.86,29091215.0,2222502764.7,7.1346,2.754,72.05199999999999,72.65,75.9355,73.47733333333333,64.3245,56.4345,50.86364,72.05199999999999,72.65,75.9355,73.47733333333333,64.3245,56.4345,50.86364,73.73751364226115,72.34773640358823,66.34281748785563,48.09124767225326,59.79808905714801,1.3897772386729201,2.264620284002036,-1.7496860906582317,1.3897772386729201,2.6461997709364695,-2.5128450645270988,85.05771227784736,75.9355,66.81328772215265,40.65329303648977,26.819695187114533,68.32048873524025,32.639825198237155,22.936344728447295,52.046786137816866,4.833713477822744,6.156300980006941,-39.55500618046973,0.06672958418919679,0.05794907088781821,0.012174806250041083,0.04603687304928502,0.1948790896159317,0.36193286021848337,0.5110990876783496,131.21631062232274
2025-09-16,76.25,77.99,75.57,76.9,23565282.0,1808051189.62,5.7793,0.052,73.97200000000001,72.66,75.8555,73.89066666666666,64.74033333333333,56.682,51.052,73.97200000000001,72.66,75.8555,73.89066666666666,64.74033333333333,56.682,51.052,74.2240500049902,72.68494111443354,77.73279352226723,48.139534883720934,58.28656939768051,1.539108890556662,2.119518005312961,-1.1608182295125982,1.539108890556662,2.4758780970318837,-1.8735384129504435,84.91083509508148,75.8555,66.80016490491853,55.5659634736019,36.401784615943654,93.89432118891838,45.86395808502999,30.57888251397486,76.43410922714025,4.394856481854973,15.582655826558478,-27.687776141384322,0.039582544746660855,0.058353977429122066,0.01376960141321327,0.0407268396549859,0.18782212016208363,0.35669171871140753,0.5063072945232313,100.52164724093926
2025-09-17,76.9,81.6,75.5,80.69,31189019.0,2493580633.87,7.6491,4.9285,76.45,72.94,75.965,74.40133333333333,65.2035,56.96208333333334,51.25452,76.45,72.94,75.965,74.40133333333333,65.2035,56.96208333333334,51.25452,75.21881154268402,73.27790843929031,100.0,43.65841334007075,59.29914217922979,1.9409031033937083,2.0837950249291106,-0.2857838430708046,1.9409031033937083,2.39357425185678,-0.9053422969261433,85.206040041718,75.965,66.72395995828201,68.28823643878329,47.03060189022354,110.80350553590279,61.82023284640201,40.99266595811724,103.47536662297153,4.704882576063158,58.802775137863634,-6.267217630853973,0.05546108567691294,0.10625171373731834,0.06219969722898695,0.08452357484632898,0.23751025635126935,0.41655633498891786,0.5743001787939873,161.78332491835698
2025-09-18,81.11,88.88,80.01,82.49,36611205.0,3065452942.44,8.9788,2.2308,78.348,74.25399999999999,76.1645,74.92433333333334,65.71,57.2515,51.46768,78.348,74.25399999999999,76.1645,74.92433333333334,65.71,57.2515,51.46768,76.33745592073264,73.96028559193549,100.0,58.76193409300892,54.10578308293887,2.377170328797149,2.142470085702718,0.4694004861888619,2.377170328797149,2.3910505713860672,-0.027760485177836358,85.79983294975506,76.1645,66.52916705024495,69.08818209068733,54.38312862371147,98.49828902463904,64.77617969576647,48.92050387066699,96.48753134596544,5.462176653142581,129.18123261915488,-29.311926605504595,0.05286669729922903,0.110916583618391,0.08305050253070644,0.10097743056327928,0.255364480292193,0.44083561129402715,0.6027534172902294,124.68547995743774
2025-09-19,82.9,86.8,81.6,83.0,25389036.0,2136934904.33,6.2266,0.6183,79.98800000000001,75.339,76.3895,75.53266666666667,66.22466666666666,57.560833333333335,51.68492,79.98800000000001,75.339,76.3895,75.53266666666667,66.22466666666666,57.560833333333335,51.68492,77.36246270215838,74.62989406660694,100.0,58.01191596111633,54.58248472505092,2.732568635551445,2.2604897956724637,0.9441576797579625,2.732568635551445,2.4435918120268947,0.5779536470491005,86.45502526932262,76.3895,66.32397473067738,70.40129570571816,59.722517651047035,91.7588518150604,67.52662744243759,55.12254506125719,92.33479220479838,5.414508170753021,118.65905072759404,-26.97247706422017,0.03765564834725191,0.1016870412402607,0.08653676225135656,0.09886230240337508,0.2533094415977934,0.441952716691037,0.6058842695316159,106.35744301432545
2025-09-22,83.1,86.67,80.68,84.66,30606568.0,2548693428.61,7.5062,2.0,81.548,76.8,76.6975,76.266,66.7205,57.88483333333333,51.91108,81.548,76.8,76.6975,76.266,66.7205,57.88483333333333,51.91108,78.48516074798017,75.37286487648791,100.0,80.60775689724107,56.06776989755713,3.1122958714922646,2.430851010836424,1.3628897213116815,3.1122958714922646,2.5464693596369514,1.1316530237106264,87.39225990724842,76.6975,66.0027400927516,73.81493108209958,64.41998879473121,92.60481565683631,71.89848557324586,60.71452523192009,94.26640625589741,5.519143048797925,111.47931926227598,-19.357798165137613,0.038161573551773124,0.10234375,0.10381694318589252,0.11006215089292726,0.268875383128124,0.46255927718544576,0.630865703429788,121.89944199947573
2025-09-23,84.0,84.5,79.12,81.9,28310095.0,2301302793.97,6.943,-3.2601,82.548,78.26,76.8675,76.79633333333332,67.17699999999999,58.182333333333325,52.127,82.548,78.26,76.8675,76.79633333333332,67.17699999999999,58.182333333333325,52.127,79.01052063290629,75.85635636711844,73.86363636363643,69.52342811373649,53.1763826606876,3.1541642657878555,2.5755136618267103,1.1573012079222904,3.1541642657878555,2.639960883660167,1.0284067642553767,87.78859474944339,76.8675,65.94640525055662,71.87050451344867,66.9034940343037,81.80452547173857,70.59287417421285,64.00730821268435,83.76400609726986,5.522935221743755,72.8755039316649,-32.018348623853164,-0.007849978194504968,0.04651162790697675,0.06546980193189578,0.06645716592372054,0.21916727451359863,0.4076437864873074,0.5711627371611642,71.78874749525879
2025-09-24,81.1,87.98,80.33,85.38,30919259.0,2610977669.16,7.5829,4.2491,83.48599999999999,79.96799999999999,77.2115,77.37433333333334,67.71216666666666,58.502916666666664,52.357879999999994,83.48599999999999,79.96799999999999,77.2115,77.37433333333334,67.71216666666666,58.502916666666664,52.357879999999994,79.99044053553608,76.56181145103558,80.2857142857143,79.08918406072108,56.03508771929824,3.4286290845005,2.7461367463614685,1.3649846762780626,3.4286290845005,2.761294453020218,1.3346692629605634,88.76426093681341,77.2115,65.65873906318659,74.1677149830758,69.32490101722775,83.8533429147719,75.0435674922887,67.6860613058858,89.7585798650945,5.909674272335801,102.80333188765036,-16.055045871559635,0.022686438444769252,0.06767707082833142,0.10579382604922835,0.10346669653588815,0.2609255352927711,0.459414416660138,0.6307000971009522,151.60812862905797
2025-09-25,85.3,93.0,84.9,90.38,32335600.0,2888079610.91,7.9303,5.8562,85.064,81.70599999999999,77.80550000000001,78.03699999999999,68.34066666666666,58.86716666666666,52.61108,85.064,81.70599999999999,77.80550000000001,78.03699999999999,68.34066666666666,58.86716666666666,52.61108,81.58883429929976,77.5853809731811,81.85404339250496,90.34965034965037,59.58064516129032,4.00345332611866,2.997600062312907,2.011706527611505,4.00345332611866,2.9523958181122865,2.102115016012746,90.7723183412409,77.80550000000001,64.83868165875911,78.24638878131363,72.29873027192303,90.14170580009483,79.12289612754522,71.49833957977228,94.37200922309108,6.30791531372929,147.4739773605683,-12.718446601941775,0.062494122072792285,0.10616111423885648,0.16161453881794968,0.15816856106718613,0.3224922203470847,0.5353210476694705,0.7178890834402182,176.66961607825345
2025-09-26,89.23,99.88,89.01,95.77,37946352.0,3589402887.22,9.3063,5.9637,87.618,83.803,78.66900000000001,78.61266666666666,69.04516666666667,59.32558333333334,52.88532,87.618,83.803,78.66900000000001,78.61266666666666,69.04516666666667,59.32558333333334,52.88532,83.7705520994075,78.9323897899825,85.31914893617025,91.63382843285846,62.813473809170496,4.838162309425002,3.3657125117353264,2.9448995953793506,4.838162309425002,3.242513739852704,3.191297139144595,93.92806515726599,78.66900000000001,63.40993484273403,79.87823238962062,74.82523097782223,89.9842352132174,80.84292501555915,74.61320139170124,93.30237226327495,7.137385256687599,178.55749416128592,-15.717017208413006,0.09304024287246915,0.14279918380010262,0.21737914553381868,0.21825151163086537,0.38706305775687877,0.6143119817616624,0.8108995085970927,178.47258098471772
2025-09-29,95.39,99.0,92.0,99.0,30549400.0,2881474423.95,7.4922,3.3727,90.486,86.017,79.3335,79.29599999999999,69.79466666666667,59.805083333333336,53.17064,90.486,86.017,79.3335,79.29599999999999,69.79466666666667,59.805083333333336,53.17064,86.11354408411403,80.41887943516898,87.17472118959111,91.24365482233505,64.51430189747947,5.69466464894505,3.8315029391772715,3.7263234195355572,5.69466464894505,3.6197677258669114,4.149793846156277,96.87099820122299,79.3335,61.79600179877701,85.38231626084088,78.34425940549511,99.45842997153244,86.02544467813323,78.41728248717857,101.24176906004254,7.112406119108035,176.9928478051292,-3.609515996718604,0.09409190371991243,0.15093528023530237,0.2478965380324831,0.24848668280871683,0.4184464906583119,0.655377678318872,0.8619298169064732,139.33398933600537
2025-09-30,97.83,117.89,97.0,114.56,42131721.0,4529402196.3,10.3327,15.7172,97.018,89.783,81.2215,80.49799999999999,70.8025,60.39975,53.518840000000004,97.018,89.783,81.2215,80.49799999999999,70.8025,60.39975,53.518840000000004,90.48992191732725,82.94785132886017,92.20779220779224,93.90459363957599,70.9213274541657,7.542070588467084,4.573616469035234,5.936908238863699,7.542070588467084,4.223198935497708,6.637743305938752,104.72569919929215,81.2215,57.71730080070786,87.39183907545012,81.36011929548012,99.45527863539016,88.06508767643419,81.63321755026378,100.92882792877501,9.61742318836112,235.12293369874732,-7.855626326963902,0.1808118081180812,0.2759653832017197,0.4104639781338684,0.4231409476011828,0.6180219625013242,0.8966965922872199,1.1405546159072206,430.50490467042596
2025-10-09,122.0,137.47,120.08,128.35,59370687.0,7775409442.06,14.5606,12.0374,105.612,94.549,83.74449999999999,82.15966666666667,72.05683333333333,61.10516666666667,53.92196,105.612,94.549,83.74449999999999,82.15966666666667,72.05683333333333,61.10516666666667,53.92196,96.31454931466152,86.31097345264831,100.0,95.15874407998598,74.93247974392318,10.003575862013207,5.659608347630829,8.687935028764755,10.003575862013207,5.112487693423169,9.782176337180076,115.22318483509713,83.74449999999999,52.26581516490285,86.38461936649546,83.03495265248523,93.08395279451588,86.8334517671515,83.36662895589302,93.76709738966849,12.034255335931825,284.4251855263591,-15.629820051413892,0.21529750407150702,0.35749717077917254,0.5326379642842218,0.562202053724658,0.7812328694248291,1.1004770464036047,1.3802918143183223,311.6224089088873
2025-10-10,122.05,123.43,113.0,113.1,48422368.0,5629454052.91,11.8755,-11.8816,110.15599999999999,97.60999999999999,85.932,83.313,73.05666666666666,61.61158333333333,54.25896,110.15599999999999,97.60999999999999,85.932,83.313,73.05666666666666,61.61158333333333,54.25896,98.89692634317512,88.29534578948918,73.80625214702852,75.06230960952645,65.01475438291963,10.601580553685949,6.648002788841854,7.90715552968819,10.601580553685949,5.9569635180789815,9.289234071213935,119.22701849890029,85.932,52.63698150109972,77.00134293099126,81.02374941198724,68.95652996899929,77.30056453142862,81.34460748107156,69.21247863214273,12.637118002126037,168.1426004082197,-41.76520994001715,0.026725734413014297,0.15869275688966306,0.31615696131825155,0.35753123762197964,0.5481133366792902,0.8356937751153396,1.0844483565479321,28.227168723010465
2025-10-13,112.0,135.72,111.5,135.72,61170113.0,7626313646.7,15.0019,20.0,118.146,102.88199999999999,89.1105,85.22033333333333,74.39283333333333,62.30525,54.684760000000004,118.146,102.88199999999999,89.1105,85.22033333333333,74.39283333333333,62.30525,54.684760000000004,104.56201459807127,91.8082831384159,79.8918776371308,80.21965952773202,69.14185102962566,12.75373145965537,7.869148523004558,9.769165873301624,12.75373145965537,7.002620124475349,11.502222670360041,128.45378243336577,89.1105,49.76721756663424,83.66784758667055,81.90511547021501,87.19331181958162,83.86732865362879,82.18551453859064,87.23095688370509,14.743096547194028,180.4555632450647,-2.9991431019708656,0.14874815905743738,0.3191811978771798,0.5230528388910397,0.5925776712130517,0.824369282883432,1.1783076065018598,1.481861491208885,619.1736422399997
2025-10-14,135.72,135.72,117.58,122.99,56191356.0,7101744407.83,13.7808,-9.3796,122.94399999999999,106.71499999999999,91.7575,86.70333333333333,75.54183333333332,62.898583333333335,55.05516,122.94399999999999,106.71499999999999,91.7575,86.70333333333333,75.54183333333332,62.898583333333335,55.05516,107.39708927529108,94.11803994297767,66.362106275547,69.85683467346539,67.17738936407586,13.279049332313406,8.951128684866328,8.655841294894156,13.279049332313406,7.968224617988897,10.621649428649018,132.78863471242883,91.7575,50.726365287571156,80.66480936999598,81.49168010347535,79.01106790303726,80.97296346117383,81.78133084611838,79.35622869128474,15.360715356795113,141.39566311920868,-24.815766923736085,0.00037415408641337913,0.15250901935060682,0.3403808952946626,0.4185152435508054,0.6281045160407812,0.9553699540132725,1.2339413780651984,37.34732537980613
2025-10-15,120.53,128.28,116.1,125.07,39958747.0,4898697343.71,9.7998,1.6912,125.04599999999998,111.032,94.646,88.25566666666666,76.725,63.50808333333334,55.426120000000004,125.04599999999998,111.032,94.646,88.25566666666666,76.725,63.50808333333334,55.426120000000004,110.115998617554,96.41077772497934,65.89052785566255,70.31385803959441,67.41730655640873,13.705220892574658,9.901947126407995,7.606547532333327,13.705220892574658,8.85083942946363,9.708762926222057,136.55207613272944,94.646,52.73992386727057,79.24734041697658,80.74356687464243,76.2548875016449,80.08161395603165,81.21475854942281,77.81532476924932,14.782403473741457,113.60739942250176,-21.701085054252722,0.00019192936999196396,0.12643201959795372,0.3214504574942416,0.4171327997824503,0.6301075268817204,0.9693556069634177,1.2565173243229002,118.25880423902062
2025-10-16,123.12,126.12,119.88,121.15,27668381.0,3388382235.58,6.7856,-3.1342,123.606,114.609,97.2885,89.67733333333332,77.85466666666666,64.08433333333333,55.75968,123.606,114.609,97.2885,89.67733333333332,77.85466666666666,64.08433333333333,55.75968,111.81353729177646,98.24331270831419,54.68106265094474,67.24317172289955,69.79819599449627,13.570224583462263,10.635602617818849,5.869243931286828,13.570224583462263,9.576898683924957,7.986651799074611,138.863442997714,97.2885,55.713557002285995,74.93914041280348,78.80875805402945,67.19990513035154,76.3729686851637,79.60082859466978,69.91724886615154,13.229239205788465,96.8453521404887,-31.044321856572182,-0.019869585618821003,0.05707230671238743,0.24526537052169586,0.3509545332897204,0.5561045366580468,0.8904776518441846,1.172716916596365,72.72817441546093
2025-10-17,121.14,124.5,117.37,117.74,32094345.0,3878646343.75,7.8711,-2.8147,124.53399999999999,117.345,99.5255,90.98533333333333,78.92949999999999,64.6315,56.0494,124.53399999999999,117.345,99.5255,90.98533333333333,78.92949999999999,64.6315,56.0494,112.7253007853493,99.68751176695758,41.15980669888352,66.83261318805185,67.34383321920413,13.03778901839172,11.116039897933423,3.8434982409165954,13.03778901839172,10.109343350765997,5.856891335251447,140.4066105395558,99.5255,58.6443894604442,68.82901128319293,75.48217579708395,55.52268225541087,70.67731548332691,76.62632422422216,58.779298001536404,12.120286622917833,76.6908877389996,-40.713990920346696,-0.0545553824658326,0.00336614257105114,0.1830133985762443,0.2940547194419613,0.4917109572466569,0.821712322938505,1.100646929315925,75.16335031803771
2025-10-20,121.5,122.5,114.84,117.18,27213595.0,3221780874.84,6.6741,-0.4756,120.826,119.48600000000002,101.6445,92.27466666666666,80.00033333333333,65.17741666666667,56.33532,120.826,119.48600000000002,101.6445,92.27466666666666,80.00033333333333,65.17741666666667,56.33532,113.4106391260648,100.98325163607183,54.501323918799656,65.3563840061812,68.14227423204251,12.427387489992967,11.378309416345331,2.0981561472952706,12.427387489992967,10.465965526031685,3.922843927922564,141.5101625628994,101.6445,61.778837437100584,62.507373142752954,71.15724157897363,45.20763627031161,65.57726757608496,72.94330534150976,50.845192045235365,11.309325418750953,62.6080559131874,-44.622828238398924,-0.030175624451690752,-0.019299332139330223,0.15284152118412717,0.26990434355402726,0.4647438969004297,0.7978619895183531,1.0800449877625617,95.344275272707
2025-10-21,118.34,120.38,115.4,116.45,30493013.0,3576374885.31,7.4784,-0.623,119.518,121.231,103.624,93.29933333333332,81.05483333333333,65.699,56.63152,119.518,121.231,103.624,93.29933333333332,81.05483333333333,65.699,56.63152,113.87823310667022,102.1289367000665,8.877507469056752,63.13085524327592,69.21873778055838,11.749296406603719,11.452506814397008,0.5935791844134215,11.749296406603719,10.66340104611969,2.1717907209680583,142.21933781498282,103.624,65.02866218501717,48.02506688531111,63.44651668108612,17.182167293761097,59.738275575391796,68.54162875280377,42.131569220567826,10.15853897897805,53.51138232819788,-51.93970842599456,-0.02566977359058885,-0.039437107670480254,0.12377441519339157,0.24813324854053995,0.4366817524762044,0.772477511073228,1.0562753745617282,93.94204110599614
2025-10-22,112.01,115.96,110.28,114.6,27980931.0,3161858923.32,6.8623,-1.5887,117.424,121.23500000000001,105.50899999999999,94.55933333333334,82.0695,66.20533333333334,56.93339999999999,117.424,121.23500000000001,105.50899999999999,94.55933333333334,82.0695,66.20533333333334,56.93339999999999,113.9892741671825,103.05271916672825,16.573705179282854,59.83495247048992,67.98477315102548,10.936555000454248,11.349316451608455,-0.8255229023084141,10.936555000454248,10.70542473140193,0.46226053810463696,142.24657972717498,105.50899999999999,68.771420272825,37.67708861536464,54.85670732584563,3.3178511944026496,45.12158177994122,60.73494642851626,13.894852482791165,9.433350073709315,34.17767124398588,-84.11180581095994,-0.024049598037879923,-0.05472842001072313,0.08616326569297415,0.21193747840861804,0.39637746056695833,0.7309783703226322,1.01287820506065,85.20228608773628
2025-10-23,113.06,115.75,108.8,110.85,23249614.0,2567979892.59,5.7019,-3.2723,115.364,119.48499999999999,107.01700000000001,95.658,83.01116666666665,66.69191666666667,57.21756,115.364,119.48499999999999,107.01700000000001,95.658,83.01116666666665,66.69191666666667,57.21756,113.50630891069288,103.63029552474838,0.0,56.15584415584415,64.81177115128747,9.876013385944503,11.054655838475664,-2.357284905062322,9.876013385944503,10.577822985946941,-1.4036192000048757,141.89392230506726,107.01700000000001,72.14007769493276,27.65644441618663,45.789953022625966,-8.61057279669204,32.61943985923769,51.363110905423405,-4.867902233133748,8.981831878489439,22.148573567089894,-92.3848439821694,-0.03912832426060131,-0.07226848558396445,0.035816739396544325,0.1588157812205983,0.3353625114693406,0.6621204718712785,0.937342312395006,71.69862023276798
2025-10-24,113.06,128.88,113.06,127.5,51776229.0,6328719156.21,12.698,15.0203,117.316,120.925,109.2675,97.59633333333333,84.16933333333333,67.32775,57.57064,117.316,120.925,109.2675,97.59633333333333,84.16933333333333,67.32775,57.57064,115.65918446289398,105.39842178217442,61.781076066790334,56.64680501335525,68.47566961155519,10.260762680719552,10.895877206924443,-1.270229052409782,10.260762680719552,10.52904447745042,-0.5365635934617359,143.2785916118785,109.2675,75.25640838812149,41.59265685199961,44.39085429908385,35.99626195783112,44.90132048070031,49.20918076384905,36.28559991440284,10.626953355127721,66.57435630347094,-30.534918276374434,0.08680827849568684,0.05437254496588797,0.16686114352392067,0.3064015383091578,0.5148034913745309,0.8937213853128912,1.2146705334524683,405.27038893780406
2025-10-27,130.68,136.0,122.23,133.5,51304364.0,6586853394.04,12.5823,4.7059,120.58,120.703,111.79249999999999,99.64133333333334,85.39683333333332,68.015,57.949799999999996,120.58,120.703,111.79249999999999,99.64133333333334,85.39683333333332,68.015,57.949799999999996,118.40392531475644,107.48002016868001,76.67569397427218,52.875488553880515,69.3231441048035,10.923905146076422,10.901482794754838,0.04484470264316798,10.923905146076422,10.589792272623649,0.668225746905545,145.08325476211968,111.79249999999999,78.50174523788031,57.99804574447033,48.926584780879345,76.14096767165229,60.203821496937465,52.87406100821186,74.86334247438869,11.198416381468135,96.33157538611769,-9.191176470588234,0.10714878089235363,0.10602056286919129,0.19417671131784345,0.33980543549530984,0.5632898175381214,0.9628023230169815,1.3037180456187945,158.38381852828996
2025-10-28,127.6,138.35,127.01,134.4,36976752.0,4952897489.98,9.0685,0.6742,124.17,121.84400000000001,114.27950000000001,101.78633333333333,86.63566666666667,68.70666666666666,58.33436,124.17,121.84400000000001,114.27950000000001,101.78633333333333,86.63566666666667,68.70666666666666,58.33436,120.86485988171698,109.47409274877779,78.81526104417668,64.1622340425532,69.50210283543618,11.390767132939189,10.999339662391709,0.7828549410949606,11.390767132939189,10.713019174210654,1.3554959174570698,146.44854787295776,114.27950000000001,82.11045212704227,67.54297240268696,55.132047321481885,92.3648225650971,69.01348957099837,58.2538705291407,90.53272765471371,11.224158857564834,105.6053981955381,-13.367174280879826,0.08238705001208024,0.10304980138537799,0.17606394847719836,0.3204130220494566,0.5513241274763666,0.9561420531729091,1.3039594503136747,106.94981315285843
2025-10-29,132.11,142.09,130.01,140.0,39409885.0,5398338978.58,9.6652,4.1667,129.25,123.33700000000002,117.1845,104.20966666666666,87.96533333333333,69.44541666666666,58.72203999999999,129.25,123.33700000000002,117.1845,104.20966666666666,87.96533333333333,69.44541666666666,58.72203999999999,123.80872759222206,111.73527106368314,83.88489208633092,53.67823994499829,69.87200964953428,12.073456528538912,11.21416303562115,1.7185869858355254,12.073456528538912,10.922317228722694,2.3022785996324373,147.480783930542,117.1845,86.88821606945801,76.2692610650936,62.177785236019126,104.45221272324257,77.24960584396788,64.58578230074977,102.57725293040411,11.379766338007594,125.06966629659142,-6.278161610093131,0.08317214700193423,0.1351013888776278,0.19469725091629012,0.3434454257282594,0.591536059659866,1.0159717763951306,1.384113358459618,150.41379527174448
2025-10-30,137.98,139.74,130.28,133.34,29800760.0,4046255880.08,7.3086,-4.7571,133.748,124.556,119.58249999999998,106.37766666666667,89.21300000000001,70.12358333333333,59.07771999999999,133.748,124.556,119.58249999999998,106.37766666666667,89.21300000000001,70.12358333333333,59.07771999999999,125.27507719341867,113.33562135526218,73.68554095045502,59.930915371329895,66.50009734570706,11.93945583815649,11.359221596128219,1.160468484056544,11.93945583815649,11.078800091712509,1.7213114928879634,146.70531531342814,119.58249999999998,92.4596846865718,75.4181175699803,66.59122934733952,93.07189401526185,76.0716807558965,68.41441511913202,91.38621202942545,11.07799064018803,104.85394645406386,-26.284169420246318,-0.0030505129048657704,0.07052249590545623,0.11504609788221541,0.2534585893655623,0.4946252227814331,0.9015000897225495,1.2570268453149513,61.422027924198005
2025-10-31,134.64,136.28,124.9,125.05,31672522.0,4040121603.56,7.7676,-6.2172,133.25799999999998,125.28699999999999,121.316,108.11266666666667,90.29683333333332,70.734,59.39172,133.25799999999998,125.28699999999999,121.316,108.11266666666667,90.29683333333332,70.734,59.39172,125.24044993289272,114.20335310672424,66.09977324263039,49.98285322359396,62.988818187434354,11.03709682616848,11.294796642136271,-0.5153996319355834,11.03709682616848,11.072384204705735,-0.07057475707451033,144.76283069145387,121.316,97.86916930854613,66.54989754490126,66.57745207986011,66.49478847498355,66.98560633551205,67.93814552459203,65.08052795735207,11.132901432881114,61.572887626077225,-51.18654250525684,-0.061594801062600256,-0.0018916567560879802,0.030779122292195545,0.15666372734616352,0.3848769152111278,0.7678909718098793,1.1055123508798868,52.6298888434282
2025-11-03,123.32,124.8,118.84,122.75,23704217.0,2883285456.66,5.8134,-1.8393,131.108,125.84400000000001,122.665,109.711,91.36483333333332,71.32358333333333,59.70452,131.108,125.84400000000001,122.665,109.711,91.36483333333332,71.32358333333333,59.70452,124.85730378937076,114.8364380617817,42.01680672268908,51.410934744268076,61.719278813611474,10.020865727589054,11.040010459226828,-2.0382894632755466,10.020865727589054,10.910612131303168,-1.7794928074282268,142.7929752949397,122.665,102.53702470506029,58.334756969455555,63.8298870430586,47.34449682224947,58.625229496529414,64.83384018190449,46.20800812577926,10.237828445084546,0.8404340811356753,-58.09552418143586,-0.06374897031454986,-0.024585995359333843,0.0006929441976113296,0.11884861135164206,0.3435147367057713,0.721029626712997,1.05595824235753,83.05734555242108
2025-11-04,122.75,129.33,122.74,124.17,28628460.0,3611757636.79,7.0211,1.1568,129.06199999999998,126.61600000000001,123.92350000000002,111.288,92.38266666666667,71.96541666666667,60.024840000000005,129.06199999999998,126.61600000000001,123.92350000000002,111.288,92.38266666666667,71.96541666666667,60.024840000000005,124.75156474485219,115.52781302016824,31.46603098927295,55.87643940778651,63.113482658062914,9.22375172468395,10.676758712318252,-2.9060139752686034,9.22375172468395,10.651095145669442,-2.8546868419709845,140.68780703984916,123.92350000000002,107.15919296015088,54.27984498874889,60.64653969162203,41.54645558300261,54.473493340131455,61.380391234646815,40.659697551100734,9.57458690961463,21.442775607182593,-53.82997897266446,-0.03790426306736284,-0.019318253617236464,0.001989130390926525,0.11575372007763646,0.34408330567061646,0.7254120902980019,1.0686435815572353,112.18939428473169
2025-11-05,118.8,123.45,118.8,120.97,21363071.0,2593883660.79,5.2393,-2.5771,125.256,127.253,124.244,112.757,93.32383333333334,72.58024999999999,60.328199999999995,125.256,127.253,124.244,112.757,93.32383333333334,72.58024999999999,60.328199999999995,124.16978555333647,115.93093798163727,25.555151073898784,53.30427201394943,61.060351793150595,8.238847571699196,10.18917648419444,-3.900657824990489,8.238847571699196,10.279980134289405,-4.082265125180417,140.49170804889494,124.244,107.99629195110506,45.269121598883466,55.52073366070918,24.765897475232038,48.5015038208266,57.08742876337342,31.329653935732964,8.81011656241197,-35.83653320362644,-63.44247521778313,-0.03421792169636585,-0.049374081554069464,-0.02635137310453624,0.07283804996585572,0.29623908147793604,0.6667068520706392,1.00519823233579,77.0211493804537
2025-11-06,124.58,127.45,118.4,127.26,34092879.0,4220518405.4,8.3612,5.1996,124.04,128.894,124.1895,114.30933333333334,94.35533333333333,73.25616666666666,60.659279999999995,124.04,128.894,124.1895,114.30933333333334,94.35533333333333,73.25616666666666,60.659279999999995,124.64520316051548,116.77012776077525,27.379261363636374,58.591638849149575,61.37008262424467,7.875075399740226,9.726356267303599,-3.7025617351267464,7.875075399740226,9.909994790512608,-4.069838781544764,140.38645029773778,124.1895,107.99254970226221,42.6459966421148,51.22915465451106,25.479680617322288,48.639307748733415,54.27138842516008,37.37514639588008,8.85373173288252,6.869989756016597,-51.085084395452974,0.025959367945823916,-0.012677083494964858,0.024724312441873186,0.11329491905006295,0.3487313912656413,0.7371916357439763,1.0979477501216635,166.01310886700347
2025-11-07,122.25,130.35,119.0,125.76,32805861.0,4051428844.63,8.0456,-1.1787,124.18199999999999,128.72,124.82249999999999,115.75166666666665,95.33800000000001,73.91825,60.987919999999995,124.18199999999999,128.72,124.82249999999999,115.75166666666665,95.33800000000001,73.91825,60.987919999999995,124.81671036659003,117.43604422294004,33.521739130434796,58.91943734015346,59.47311895887296,7.380666143649989,9.257218242572877,-3.7531041978457758,7.380666143649989,9.520867306379897,-4.280402325459814,140.161451964474,124.82249999999999,109.48354803552597,38.786651483092726,47.08165359737162,22.196647254534938,42.78219222083847,50.44165635705288,27.46326394840966,9.307598690540242,10.510570848123772,-68.93203883495146,0.012707155626419428,-0.02299564947172152,0.007510665144505312,0.08646383781371057,0.31909626801485236,0.701338979210141,1.062047697314485,88.81904473596822
2025-11-10,123.2,125.49,115.9,118.85,29433009.0,3513180534.74,7.2184,-5.4946,123.402,127.255,123.979,116.94666666666666,96.23966666666666,74.53216666666667,61.29468,123.402,127.255,123.979,116.94666666666666,96.23966666666666,74.53216666666667,61.29468,123.89875492557618,117.54078168790744,35.661424606845515,56.08642726719415,56.127677965055256,6.357973237668745,8.677369241592052,-4.6387920078466145,6.357973237668745,9.034268218885874,-5.3525899624342586,138.63492590765068,123.979,109.32307409234932,29.6123813756446,41.25856285679595,6.320018413341899,32.27607520080843,44.386462638304735,8.055300325815807,9.408035292260198,-50.805427399932555,-88.73615883925167,-0.036887570703878436,-0.06604848532474167,-0.04136990942014377,0.016275225173868455,0.23493777686955133,0.5946135113921729,0.9389937266986302,56.8285498267056
2025-11-11,120.0,123.6,113.66,114.3,23229460.0,2722590995.56,5.697,-3.8284,121.428,125.24499999999998,123.5445,117.93466666666667,97.10033333333332,75.10591666666666,61.58008,121.428,125.24499999999998,123.5445,117.93466666666667,97.10033333333332,75.10591666666666,61.58008,122.42202339856446,117.30072378509948,32.29995810640972,37.69116001491981,49.913884472708,5.121299613464984,7.966155315966638,-5.689711405003308,5.121299613464984,8.432273048821122,-6.621946870712275,138.8257984774827,123.5445,108.26320152251732,20.559583493783517,34.35890306912514,-7.039055656899734,22.267764520084036,37.01356326556451,-7.223832970876899,9.50475614821289,-81.19398221233054,-97.74885684136476,-0.05870145271271865,-0.08738871811249935,-0.07482728895256367,-0.030819323693344405,0.17713293122920973,0.5218508084693728,0.856119706242668,67.68157294450523
2025-11-12,113.21,114.9,111.11,113.38,16727733.0,1887136396.53,4.1024,-0.8049,119.91,122.583,122.96000000000001,118.984,97.89016666666666,75.66175,61.868719999999996,119.91,122.583,122.96000000000001,118.984,97.89016666666666,75.66175,61.868719999999996,121.03094287570838,117.01029980101804,26.91484809584938,29.27482488669139,44.579621985661525,4.020643074690341,7.177052867711379,-6.312819586042076,4.020643074690341,7.753560745108693,-7.465835340836705,138.87667778083627,122.96000000000001,107.04332221916374,16.71261333700254,28.476806491750942,-6.815772972494258,17.488091703574472,30.505072744901163,-8.545870379078906,8.465709575810546,-117.627350856883,-92.07125392944465,-0.05445750979901594,-0.07507566302015779,-0.07791151594014323,-0.04709876958246487,0.158236867509675,0.4985114671548041,0.8325900390374975,92.23637420737087
2025-11-13,113.55,116.98,112.44,116.35,17374183.0,2001122607.58,4.261,2.6195,117.728,120.88399999999999,122.72,120.01633333333332,98.69533333333332,76.24341666666666,62.166599999999995,117.728,120.88399999999999,122.72,120.01633333333332,98.69533333333332,76.24341666666666,62.166599999999995,120.31079781790709,116.96138870464632,40.01728608470181,32.167555819008086,51.291630236070255,3.349409113260762,6.411524116821257,-6.124230007120989,3.349409113260762,7.075998955593627,-7.453179684665729,138.89426155477042,122.72,106.54573844522957,20.22005130297743,25.724554762159777,9.211044384612741,18.59820601718896,26.536117168997098,2.7223837135726896,7.751944198390448,-83.13179741751163,-79.18156535558207,-0.011704946996466433,-0.03750703153436346,-0.051906779661016984,-0.03054861977119776,0.17888046040677377,0.526033395233031,0.8715837764973475,129.50882098181597
2025-11-14,113.79,116.44,111.17,111.73,14999500.0,1695936892.6,3.6786,-3.9708,114.922,119.55199999999999,122.4195,120.72800000000001,99.3825,76.77475,62.43675999999999,114.922,119.55199999999999,122.4195,120.72800000000001,99.3825,76.77475,62.43675999999999,118.99067507669062,116.57387843022808,13.833255705635764,21.519242393713483,38.873944903070225,2.4167966464625437,5.612578622749514,-6.391563952573941,2.4167966464625437,6.359198600342691,-7.884803907760295,139.19545833014485,122.4195,105.64354166985515,14.554185276136039,22.00109826681853,-0.33964070522894474,13.47295508561039,22.181729807868194,-3.9445943589052206,7.30068161686491,-98.47812404176673,-96.77754677754675,-0.027775360679417285,-0.06542759635974295,-0.08731860528755628,-0.074531177523027,0.1242421955575681,0.45529617484915297,0.7894906782478787,66.68591452590752
2025-11-17,112.49,115.0,111.2,113.1,12147729.0,1380074561.85,2.9792,1.2262,113.772,118.58700000000002,122.21549999999999,121.30566666666667,99.95916666666668,77.32383333333333,62.712360000000004,113.772,118.58700000000002,122.21549999999999,121.30566666666667,99.95916666666668,77.32383333333333,62.712360000000004,118.08441737258437,116.31655410206304,20.337394564198647,27.176364456472697,44.872991187143604,1.7678632705213317,4.843635552303878,-6.151544563565093,1.7678632705213317,5.652839318831713,-7.769952096620763,139.35501479384524,122.21549999999999,105.07598520615474,13.150468631769133,19.050888388468735,1.3496291183699327,12.429648504752034,18.93103604016281,-0.5731265660695186,6.664194050162198,-92.31619106806869,-89.65696465696467,-0.00590654994198934,-0.04626982721546225,-0.07458546583698465,-0.06764454532214768,0.13146201365557586,0.462679682633427,0.803472234181587,112.96087859177477
2025-11-18,113.1,120.36,112.5,116.98,23310371.0,2747290624.08,5.7168,3.4306,114.30799999999999,117.86800000000001,122.242,121.905,100.6005,77.91033333333334,62.998400000000004,114.30799999999999,117.86800000000001,122.242,121.905,100.6005,77.91033333333334,62.998400000000004,117.91450700757139,116.36569824265095,44.89350081922449,39.894815927873786,45.882951653944026,1.5488087649204374,4.18467019482719,-5.271722859813504,1.5488087649204374,5.021450002845363,-6.945282475849851,139.34558238867913,122.242,105.13841761132088,18.936764257631268,19.012847011522915,18.784598749847973,18.456217506286535,18.772763195537387,17.823126127784832,6.88161331376907,-55.17152636590557,-69.49064449064446,0.023375441788851273,-0.0075338514270201,-0.04304576168583629,-0.04040031171814115,0.16281728222026737,0.501469638173798,0.8568725554934729,140.11677119415185
2025-11-19,115.58,117.54,113.82,114.5,13456536.0,1555762129.18,3.3002,-2.12,114.532,117.221,122.237,121.903,101.20049999999999,78.46308333333334,63.26856000000001,114.532,117.221,122.237,121.903,101.20049999999999,78.46308333333334,63.26856000000001,117.38919823717579,116.22749837282495,50.61576354679804,39.71578160059836,46.56543745480838,1.1616998643508367,3.580076128731919,-4.836752528762164,1.1616998643508367,4.42764228923082,-6.531884849759967,139.35004470126188,122.237,105.12395529873811,18.497690378268388,18.841128133771406,17.81081486726235,18.1773258773719,18.574284089482227,17.383409453151245,6.306774529447423,-70.60183374614336,-82.38045738045737,-0.0002793978975307903,-0.02321256430161834,-0.06329507432283184,-0.0607286120932217,0.13141733489459054,0.45928499283633367,0.8097456303731266,80.71210917727198
2025-11-20,117.8,118.64,112.77,112.91,14582235.0,1675283322.04,3.5763,-1.3886,113.84400000000001,115.78599999999999,122.33999999999999,121.38833333333332,101.77399999999999,79.01066666666667,63.504200000000004,113.84400000000001,115.78599999999999,122.33999999999999,121.38833333333332,101.77399999999999,79.01066666666667,63.504200000000004,116.70009081607182,115.9817577526157,48.61028976936724,36.02284011916585,47.45762711864407,0.7183330634561145,3.0077275156767582,-4.5787889044412875,0.7183330634561145,3.856979331419327,-6.277292535926425,139.1872043596812,122.33999999999999,105.49279564031877,16.50425533794619,18.062170535163002,13.388424943512568,15.236720370084381,17.461762849682945,10.78663541088725,6.227360978638801,-79.25576964264611,-90.64449064449066,-0.008204209268824108,-0.02483892698599132,-0.0770802681052803,-0.06984471324811549,0.10941890856210831,0.42904755476053863,0.7779926367074932,86.94992410739194
2025-11-21,110.3,112.0,106.44,106.8,18254200.0,1980961846.78,4.4768,-5.4114,112.85799999999999,113.88999999999999,121.30499999999999,121.17833333333333,102.24566666666666,79.51266666666668,63.7134,112.85799999999999,113.88999999999999,121.30499999999999,121.17833333333333,102.24566666666666,79.51266666666668,63.7134,115.17699992129154,115.30162754871824,26.184538653366587,33.59573975457282,44.83787547244877,-0.12462762742670463,2.3812564870560657,-5.011768228965541,-0.12462762742670463,3.2444244146737833,-6.738104084200976,139.3203495956268,121.30499999999999,103.2896504043732,11.702137591264826,15.942159553863611,3.222093666067252,10.787734839898773,15.237086846421555,1.8890308268532081,6.271477164340837,-127.75354465486328,-98.11023622047244,-0.053678073331088566,-0.062253051189744404,-0.11957462594287124,-0.11865432489306392,0.0445430450190228,0.34318221834676216,0.6762564860767122,57.33085952098948
2025-11-24,108.0,108.5,100.68,104.14,25681219.0,2661213985.38,6.2983,-2.4906,111.06599999999999,112.41900000000001,119.83699999999999,120.12566666666666,102.673,79.96866666666666,63.91092,111.06599999999999,112.41900000000001,119.83699999999999,120.12566666666666,102.673,79.96866666666666,63.91092,113.47899993340053,114.47484032288726,29.021558872305135,20.778564206268953,43.993363911388705,-0.9958403894867303,1.7058371117475066,-5.403355002468474,-0.9958403894867303,2.5920759832644733,-7.175832745502407,138.44342005783054,119.83699999999999,101.23057994216944,13.661858665179253,15.182059257635492,10.621457480266773,12.223818572730648,14.232664088524587,8.20612754114277,6.553026770824319,-148.91114741935235,-84.90401396160561,-0.06235931788306042,-0.07364413488823073,-0.1309862563315169,-0.1330745302835641,0.014288079631451294,0.30226005185364274,0.6294554983717964,77.70754819908635
2025-11-25,106.11,107.66,103.01,104.5,18090404.0,1904197847.5,4.4366,0.3457,108.57000000000001,111.439,118.34199999999998,119.50933333333333,103.10633333333334,80.44049999999999,64.12584,108.57000000000001,111.439,118.34199999999998,119.50933333333333,103.10633333333334,80.44049999999999,64.12584,112.097615328262,113.73596326193265,24.824355971896992,22.332118688183243,44.99900970489206,-1.6383479336706586,1.0370001026638738,-5.350696072669065,-1.6383479336706586,1.941241534505222,-7.159178936351761,136.82605697094877,118.34199999999998,99.8579430290512,15.578095478683181,15.314071331318056,16.106143773413432,14.619402083717443,14.361576753588874,15.135052743974576,6.207021903401714,-130.6164426567095,-80.58943089430896,-0.03748733535967585,-0.06226724934717642,-0.11696608135742159,-0.12559130667618706,0.013516790109886502,0.29909684798080594,0.6296082827141135,103.51115893483427
2025-11-26,104.0,110.99,103.6,108.34,20799150.0,2241976149.24,5.101,3.6746,107.33800000000001,110.93499999999999,116.75899999999999,118.95166666666667,103.60366666666665,80.94233333333334,64.36655999999999,107.33800000000001,110.93499999999999,116.75899999999999,118.95166666666667,103.60366666666665,80.94233333333334,64.36655999999999,111.51952066237553,113.33626227956726,24.647887323943664,35.13437057991514,48.75828633620264,-1.816741617191738,0.4662517586927514,-4.565986751768979,-1.816741617191738,1.3630902803979974,-6.359663795179471,132.6781376386383,116.75899999999999,100.83986236136167,23.359651728336214,17.995931463657442,34.087092257693755,22.720522798359056,17.147892101845603,33.86578419138596,6.422108830055947,-101.54210900290543,-61.07723577235773,0.009334997857235976,-0.0233920764411591,-0.07210579056004233,-0.08920990318196464,0.04571588521641785,0.33848377651579103,0.6831721316161686,143.45821013802387
2025-11-27,110.0,113.5,106.06,106.52,21363205.0,2355061248.17,5.2393,-1.6799,106.05999999999999,109.952,115.418,118.464,104.07066666666667,81.42775,64.60491999999999,106.05999999999999,109.952,115.418,118.464,104.07066666666667,81.42775,64.60491999999999,110.75036363739467,112.83135396256228,25.641025641025635,38.074800735744944,37.836270871985164,-2.0809903251676047,-0.04319665807931983,-4.07558733417657,-2.0809903251676047,0.8332317256955971,-5.8284441017264035,129.9106981251727,115.418,100.92530187482731,25.46470006821329,20.485520998509394,35.42305820762108,25.038614114895182,19.77813277286213,35.55957679896129,6.607179951863956,-85.42518113711297,-70.32520325203257,0.004337167640958024,-0.03121362048894065,-0.07709369422447114,-0.10082387898433282,0.023535290123377656,0.30815354716297566,0.6487908351252506,84.41570758795889
2025-11-28,106.59,110.69,105.4,108.5,14546557.0,1571371060.92,3.5675,1.8588,106.4,109.62899999999999,114.59049999999999,118.15599999999999,104.57066666666667,81.92308333333334,64.8446,106.4,109.62899999999999,114.59049999999999,118.15599999999999,104.57066666666667,81.92308333333334,64.8446,110.40415384702627,112.51051292829841,36.851520572450816,42.75534441805227,34.796886402335204,-2.1063590812721458,-0.45582914271788505,-3.3010598771085213,-2.1063590812721458,0.3809869861620982,-4.974692134868488,128.6510464818561,114.59049999999999,100.52995351814387,30.221724164716715,23.730922053911833,43.203328386326476,29.937666862504646,23.1646441360763,43.48371231536134,6.367692687888689,-85.04270813658232,-60.264227642276445,0.019736842105263105,-0.010298369956854398,-0.053150130246399065,-0.08172246860083274,0.03757586576222777,0.32441304190821263,0.6732310786094756,120.22251367318657
2025-12-01,107.69,109.37,106.21,108.86,12555458.0,1352287409.29,3.0792,0.3318,107.34400000000001,109.205,113.896,117.87866666666667,105.07666666666665,82.42191666666668,65.08716,107.34400000000001,109.205,113.896,117.87866666666667,105.07666666666665,82.42191666666668,65.08716,110.16659171671452,112.24010456323927,59.346642468239565,37.9465722561957,34.365817825661125,-2.07351284652475,-0.7793658834792581,-2.5882939260909836,-2.07351284652475,0.0033716272871984754,-4.153768947623897,127.62790430309973,113.896,100.16409569690028,35.32970178167454,27.59718196316607,50.794741418691466,33.813458125138595,26.714248799097067,48.01187677722165,5.784475835545293,-77.40197166133088,-58.43495934959352,0.014122820092413092,-0.0031591960075088034,-0.04421577579546254,-0.07650804782318549,0.03600545633347092,0.32076520909183726,0.672526501386756,103.36795346617313
2025-12-02,108.0,108.0,105.58,106.18,9536188.0,1013798891.05,2.3387,-2.4619,107.67999999999999,108.125,112.9965,117.53633333333333,105.41783333333333,82.88741666666668,65.31732,107.67999999999999,108.125,112.9965,117.53633333333333,105.41783333333333,82.88741666666668,65.31732,109.55326991414306,111.79120792892525,59.23913043478264,40.473738414006185,28.529710512950743,-2.2379380147821877,-1.071080309739844,-2.3337154100846873,-2.2379380147821877,-0.3414452407234764,-3.7929855481174224,126.2430229201364,112.9965,99.7499770798636,33.76100386038882,29.65178926224032,41.97943305668581,32.75017475603153,28.726224118075223,40.798076031944134,5.329116592718876,-89.84317144902992,-69.37639198218261,-0.013930163447250983,-0.01798843930635832,-0.06032487731920892,-0.09661976863891726,0.007229959510329587,0.281014709711667,0.6256025201278927,77.93704048517097
2025-12-03,106.03,108.86,105.0,105.44,10887096.0,1158734028.21,2.67,-0.6969,107.1,107.21900000000001,112.22,117.231,105.89516666666665,83.36441666666666,65.54360000000001,107.1,107.21900000000001,112.22,117.231,105.89516666666665,83.36441666666666,65.54360000000001,108.92045915812105,111.32074808233818,54.115586690017494,36.561403508771946,30.84843492586492,-2.4002889242171364,-1.3369220326353026,-2.1267337831636675,-2.4002889242171364,-0.6581904227994241,-3.4841970028354243,125.3184064920735,112.22,99.12159350792649,34.883830966728254,31.395803163736304,41.859886572712156,30.667896756433777,29.37344833086141,33.25679360757851,5.0620044849518075,-82.60318676628265,-73.49665924276174,-0.01549953314659194,-0.01659220847051372,-0.06041703796114776,-0.10057919833491138,-0.004298276125287333,0.2648082265315039,0.6087001629449706,93.24525961228822
2025-12-04,105.34,112.08,104.6,111.84,24482412.0,2682156275.85,6.0043,6.0698,108.16400000000002,107.11200000000001,111.449,117.264,106.461,83.89474999999999,65.80340000000001,108.16400000000002,107.11200000000001,111.449,117.264,106.461,83.89474999999999,65.80340000000001,109.36961928764089,111.35921118735017,62.517882689556494,41.715022566086404,40.69062720225512,-1.989591899709282,-1.4674560060500985,-1.0442717873183671,-1.989591899709282,-0.8630214192470946,-2.253140960924375,122.47054044062013,111.449,100.42745955937987,52.27304799757964,38.35488477501742,80.1093744427041,49.46242519071665,36.06977395081316,76.24772767052363,5.5016400331423885,-34.31350873314175,-12.948517940717608,0.033985429532931356,0.0441407125252072,0.0035083311649275035,-0.046254604993859944,0.05052554456561562,0.3330989126256413,0.6996082269305232,180.26757291282823
2025-12-05,110.56,111.25,106.06,109.48,18478506.0,2008421759.59,4.5318,-2.1102,108.36000000000001,107.38,110.63500000000002,116.66333333333334,107.12983333333334,84.41441666666667,66.05976000000001,108.36000000000001,107.38,110.63500000000002,116.66333333333334,107.12983333333334,84.41441666666667,66.05976000000001,109.38660093569614,111.22001035865756,60.19283746556476,41.877022653721696,40.65624559921138,-1.8334094229614237,-1.5406466894323636,-0.5855254670581203,-1.8334094229614237,-1.0123118813569913,-1.6421950832088648,119.37478802585375,110.63500000000002,101.89521197414629,55.4079614550118,44.03924366834888,78.14539702833765,55.85586536375391,42.665137755126736,82.23732058100825,5.552250936207409,-35.63386178723767,-31.357254290171593,0.010335917312661409,0.01955671447196879,-0.01043973426130985,-0.061573187805365893,0.02193755552063773,0.29693486400920854,0.657287280486638,80.7934778715759
2025-12-08,110.0,116.89,109.22,114.81,22347164.0,2543108159.3,5.4806,4.8685,109.55,108.447,110.43300000000002,116.04033333333334,107.84083333333334,84.98133333333334,66.33051999999999,109.55,108.447,110.43300000000002,116.04033333333334,107.84083333333334,84.98133333333334,66.33051999999999,110.22097002251212,111.48593551727552,67.6552881925014,52.74249422632795,43.753336892685525,-1.264965494763402,-1.4855104504985714,0.44108991147033905,-1.264965494763402,-1.0511816680349007,-0.42756765345700254,118.5369538108528,110.43300000000002,102.32904618914725,65.05501919925292,51.044502178650234,93.07605324045832,65.57537998313661,50.301885164463364,96.12236962048313,5.9372962205333355,54.71290958502038,-14.985590778097976,0.048014605203103654,0.058673822235746485,0.03963489174431538,-0.010602635290602987,0.06462456243383381,0.3510025731140956,0.730877430178446,160.86045102707308
2025-12-09,113.0,114.56,111.36,112.82,15961386.0,1802316142.44,3.9145,-1.7333,110.878,109.279,110.359,115.32099999999998,108.55366666666667,85.52616666666667,66.59492,110.878,109.279,110.359,115.32099999999998,108.55366666666667,85.52616666666667,66.59492,110.62082078827949,111.58475510858844,60.15384615384613,59.862385321100895,44.47157780491114,-0.963934320308951,-1.3811952244606474,0.8345218083033927,-0.963934320308951,-1.0377589991539853,0.1476493576900686,118.3403780633101,110.359,102.37762193668989,65.66456121284612,55.91785519004887,85.15797325844062,66.842076748226,55.81528235905091,88.89566552657618,5.485060544072729,48.32036957527503,-30.624529721595223,0.017514745936975714,0.03240329798039877,0.022299948350383736,-0.021687290259362918,0.03930160504328109,0.3191284538649964,0.6941232154044181,83.95832863303927
2025-12-10,111.28,112.62,105.67,111.6,19068051.0,2079641233.26,4.6764,-1.0814,112.10999999999999,109.60499999999999,110.26999999999998,114.37433333333333,109.29199999999999,86.05066666666667,66.84819999999999,112.10999999999999,109.60499999999999,110.26999999999998,114.37433333333333,109.29199999999999,86.05066666666667,66.84819999999999,110.77146374392879,111.58588435980411,65.02217294900217,62.826685006877554,38.59265734265734,-0.8144206158753207,-1.267840302743582,0.9068393737365228,-0.8144206158753207,-1.0033992478803446,0.3779572640100479,118.14857320772533,110.26999999999998,102.39142679227463,62.76199931141192,58.19923656383656,71.88752480656264,63.54700966833184,58.39252479547789,73.85597941403974,5.787776808786777,-7.7466108577503245,-43.043124491456496,-0.004549103559004468,0.018201724373888097,0.012061304071823821,-0.024256607688787967,0.02111773963327606,0.2969103473922339,0.6694540765495557,89.69763493613966
2025-12-11,112.0,112.4,106.7,107.06,13553721.0,1472717537.42,3.324,-4.0681,111.154,109.65899999999999,109.80550000000001,113.49833333333335,109.938,86.53033333333333,67.08051999999999,111.154,109.65899999999999,109.80550000000001,113.49833333333335,109.938,86.53033333333333,67.08051999999999,110.2004693217859,111.25063366648529,53.708791208791226,53.84846662657847,36.95591517857143,-1.0501643446993825,-1.2243051111347423,0.3482815328707196,-1.0501643446993825,-1.0105938781601966,-0.07914093307837167,117.25870976422158,109.80550000000001,102.35229023577844,48.51342400527545,54.97063237764953,35.5990072605273,49.036764243222066,55.27393794472595,36.56241684021428,5.771817389007364,-29.23707901499259,-79.98372660699751,-0.03683178293178828,-0.023700745036886985,-0.025003301291829705,-0.05672623680230264,-0.02617839145700304,0.23725398800420666,0.5959923983892792,66.01314812283732
2025-12-12,105.68,107.5,97.81,105.72,39354882.0,4011386657.02,9.6517,-1.2516,110.402,109.381,109.505,112.854,110.48333333333333,86.99825,67.30752000000001,110.402,109.381,109.505,112.854,110.48333333333333,86.99825,67.30752000000001,109.51116634920345,110.84095709859749,31.764004767580445,45.741222366710005,40.06958100136138,-1.3297907493940357,-1.245402238786601,-0.16877702121486937,-1.3297907493940357,-1.0597010891192489,-0.5401793205495737,117.11449130328373,109.505,101.89550869671626,46.16129035711585,52.03418503747164,34.415500996404276,46.510183849080256,52.352686579510724,34.82517838821933,6.484214227369661,-132.27990970654633,-58.54297693920337,-0.04240865201717362,-0.03347016392243627,-0.034564631751974766,-0.06321441862937956,-0.043113591793634054,0.2151968574080513,0.570701163852122,88.16559730550416
2025-12-15,102.0,104.6,100.28,100.5,19016314.0,1939289107.69,4.6637,-4.9376,107.54,108.545,108.875,112.11233333333332,110.91166666666668,87.41075,67.51432,107.54,108.545,108.875,112.11233333333332,110.91166666666668,87.41075,67.51432,108.12483306471061,110.07496027647915,27.138492871690417,41.188524590163944,39.66756513926326,-1.9501272117685318,-1.3863472333829874,-1.1275599567710888,-1.9501272117685318,-1.1966897233729847,-1.506874976791094,117.27642469121272,108.875,100.47357530878728,35.47370440299687,46.51402482598005,13.393063557030516,35.706300064306475,46.803891074442646,13.511118044034134,6.29435709512063,-160.0588681264772,-85.9014675052411,-0.06546401339036644,-0.07411672578193378,-0.07692307692307693,-0.10357766169050678,-0.09387350293777338,0.1497441676224035,0.4885730908642789,60.26831825683057
2025-12-16,101.75,101.92,97.04,97.5,14699991.0,1452538621.24,3.6051,-2.9851,104.476,107.67699999999999,107.901,111.22333333333333,111.25566666666667,87.79008333333333,67.70472,104.476,107.67699999999999,107.901,111.22333333333333,111.25566666666667,87.79008333333333,67.70472,106.49024336244744,109.1434817374807,0.0,34.36611711199545,38.46935811792043,-2.653238375033254,-1.6397254617130408,-2.027025826640427,-2.653238375033254,-1.4207741313207185,-2.4649284874250714,116.84526932086818,107.901,98.95673067913181,24.42159638621285,39.14988201272432,-5.034974866810089,24.57666016041925,39.39481410310152,-5.059647724945279,6.037201259644151,-204.42923886252422,-97.6826196473552,-0.06677131590030246,-0.09451414879686464,-0.09639391664581419,-0.12338538076542689,-0.12364014417243169,0.11060379826499013,0.4400768513628002,73.85595861031321
2025-12-17,98.2,101.93,97.66,101.6,14078066.0,1406158842.93,3.4526,4.2051,102.476,107.29299999999998,107.256,110.57766666666666,111.66733333333333,88.20383333333332,67.90976,102.476,107.29299999999998,107.256,110.57766666666666,111.66733333333333,88.20383333333332,67.90976,105.73789822976322,108.58470531248213,21.11225540679709,40.67317574511818,39.46278039719961,-2.846807082718911,-1.881141785914215,-1.9313305936093919,-2.846807082718911,-1.6401638161512098,-2.4132865331354023,116.05594114812932,107.256,98.45605885187068,23.938494987953806,34.079419671134154,3.656645621593114,24.04187083742474,34.27716634787593,3.571279816522363,5.7449828487997605,-146.91687305518508,-77.02770780856429,-0.008548343026659947,-0.053060311483507636,-0.052733646602521125,-0.08118878736815449,-0.09015468564366784,0.1518773749440218,0.4961030638305891,150.97009296950534
2025-12-18,100.9,103.5,99.73,99.88,10373167.0,1051047803.34,2.544,-1.6929,101.03999999999999,106.09700000000001,106.6045,109.66499999999999,111.98716666666665,88.59533333333333,68.11151999999998,101.03999999999999,106.09700000000001,106.6045,109.66499999999999,111.98716666666665,88.59533333333333,68.11151999999998,104.83668311749196,107.93991232637234,20.58232931726907,41.70179135932559,41.168579520047686,-3.1032292088803786,-2.125559270507448,-1.9553398767458612,-3.1032292088803786,-1.865250799648005,-2.475956818464747,115.56973924593512,106.6045,97.63926075406488,20.728098253933922,29.62897919873408,2.9263363643336078,20.797015486914546,29.78378272755547,2.8234810056327007,5.385895058108894,-118.38308431482115,-85.69269521410584,-0.01148060174188437,-0.05859732131917031,-0.06307895070095546,-0.08922628003465095,-0.10811209022462388,0.1273731498273047,0.466418602903004,84.30401476947799
2025-12-19,101.0,102.89,99.08,100.09,9944908.0,1001819802.64,2.439,0.2103,99.91400000000002,105.15799999999999,106.269,108.80933333333334,112.2805,88.99524999999998,68.31447999999999,99.91400000000002,105.15799999999999,106.269,108.80933333333334,112.2805,88.99524999999998,68.31447999999999,104.10642417633935,107.35843733923365,27.645926876202694,42.85332620892333,40.1334748976187,-3.2520131628943005,-2.3508500489848183,-1.8023262278189645,-3.2520131628943005,-2.0785988555320505,-2.3468286147245,115.69386051830406,106.269,96.84413948169595,19.621624102318197,26.293194166595455,6.278483973763684,18.98642342284647,26.184662959319137,4.589944349901138,5.099368683907278,-108.70299628388047,-84.63476070528968,0.001761514902816299,-0.048194145951805704,-0.058144896442048025,-0.08013405712745235,-0.1085718357150173,0.12466676592290062,0.4651359418969451,102.12252768595191
2025-12-22,101.1,106.57,101.1,104.58,18235497.0,1895860652.0,4.4722,4.486,100.73,104.13499999999999,106.29100000000001,108.33366666666667,112.64016666666666,89.43241666666667,68.53612000000001,100.73,104.13499999999999,106.29100000000001,108.33366666666667,112.64016666666666,89.43241666666667,68.53612000000001,104.17928199536406,107.15262716595709,46.95837780149413,39.780405405405396,40.68229636308987,-2.9733451705930207,-2.4753490733064587,-0.995992194573124,-2.9733451705930207,-2.2162521347721995,-1.5141860716416424,115.69697100390646,106.29100000000001,96.88502899609357,29.212875631755118,27.26642132164868,33.105784251968004,27.003125508686068,26.45748380910812,28.094408907841967,5.350392559560499,-41.89183081859667,-56.96347031963474,0.03822098679638632,0.00427329908292128,-0.016097317740918916,-0.03464912415654113,-0.07155677148915199,0.1693746395089774,0.5259107168599562,155.088459608375
2025-12-23,104.0,106.64,102.9,105.2,15995313.0,1677298150.11,3.9228,0.5928,102.27,103.373,106.326,108.03033333333333,112.9825,89.8515,68.75688000000001,102.27,103.373,106.326,108.03033333333333,112.9825,89.8515,68.75688000000001,104.33631553453883,107.00798811662693,66.61951909476663,43.664890467732384,42.81076066790352,-2.6716725820881067,-2.5146137750627884,-0.31411761405063654,-2.6716725820881067,-2.2863168189746466,-0.7707115262269202,115.70909207255893,106.326,96.94290792744106,37.1835837545034,30.572142132600256,50.406466998309696,35.46036351841373,29.45844371220999,47.464203130821204,5.057593912367679,-25.61278771719663,-47.62516046213096,0.028649652879632413,0.01767386067928761,-0.010590072042585922,-0.0261994316411131,-0.06888234903635518,0.1708207431150287,0.5300287040365995,106.0891630543221
2025-12-24,107.58,110.49,106.41,110.1,23648288.0,2569146550.74,5.7997,4.6578,103.97,103.223,106.41399999999999,107.92099999999999,113.45250000000001,90.31475,68.9948,103.97,103.223,106.41399999999999,107.92099999999999,113.45250000000001,90.31475,68.9948,105.22303622153285,107.23702603391382,89.27680798004988,42.938530734632664,47.93351963524048,-2.01398981238097,-2.4144889825264246,0.8009983402909091,-2.01398981238097,-2.2444203564217733,0.4608610880816064,115.90896797478106,106.41399999999999,96.91903202521891,57.15584641873957,39.4333768946467,92.60078546692532,51.982256234498024,36.96638121963934,82.01400626421538,5.099849564664463,51.22815694032295,-14.973958333333409,0.058959315187073154,0.06662274880598312,0.03463829947187407,0.020190695045449934,-0.02954981159516115,0.21906997472727313,0.5957724350240887,157.65791962799844
2025-12-25,109.33,112.25,107.8,109.72,15671447.0,1720083832.51,3.8434,-0.3451,105.93800000000002,103.489,106.574,107.7,113.85816666666666,90.78516666666665,69.24008,105.93800000000002,103.489,106.574,107.7,113.85816666666666,90.78516666666665,69.24008,105.91487680283548,107.42095003140169,82.9545454545455,45.116572148708265,52.34500481850306,-1.5060732285662084,-2.2328058317343817,1.4534652063363467,-1.5060732285662084,-2.1308284905978403,1.2495105240632638,116.18364296395812,106.574,96.96435703604187,65.89263309353622,48.25312896094321,101.17164135872223,62.44357297070852,45.458778469995735,96.4131619721341,4.9816950983618336,66.68542487338199,-16.633793556870494,0.035700126489078346,0.06020929760650885,0.029519394974384005,0.018755803156917324,-0.03634492621668184,0.20856747890165625,0.58463132913769,96.60170676100498
2025-12-26,109.81,110.68,107.15,107.4,14023604.0,1521173800.17,3.4393,-2.1145,107.4,103.657,106.519,107.55566666666667,114.14183333333334,91.24125,69.48172,107.4,103.657,106.519,107.55566666666667,114.14183333333334,91.24125,69.48172,106.14335729470695,107.4193981772238,79.10216718266261,43.605359317905005,52.63242894056849,-1.2760408825168525,-2.041452841890876,1.5308239187480472,-1.2760408825168525,-1.9993227047392268,1.4465636444447485,116.0947608465065,106.519,96.94323915349351,66.63278322825713,54.379680383381185,91.138988918009,64.33340981303866,51.75032225101005,89.49958493709588,4.717750535023319,38.0066619259707,-31.886916502301094,0.0,0.03610947644635682,0.00827082492325313,-0.0014473125544291314,-0.059065402547415415,0.17709917389338717,0.5457303014375582,80.75786413598378
2025-12-29,106.88,113.0,106.88,108.0,14485089.0,1591105575.47,3.5524,0.5587,108.08399999999999,104.407,106.476,107.38566666666667,114.34566666666666,91.69541666666666,69.72355999999999,108.08399999999999,104.407,106.476,107.38566666666667,114.34566666666666,91.69541666666666,69.72355999999999,106.4289946339828,107.46240571965167,79.71450037565745,51.62629757785467,52.81531531531532,-1.0334110856688739,-1.8398444906464757,1.6128668099552037,-1.0334110856688739,-1.8507209171899417,1.6346196630421357,116.01515234014187,106.476,96.93684765985813,66.89034744552214,58.54990273742817,83.57123686171008,65.7794996080241,56.42671470334807,84.48506941737617,4.972704983200898,52.77985608852708,-31.328320802005027,-0.0007771733096479496,0.03441340140028929,0.01431308463879185,0.005720813143901897,-0.05549547133399598,0.17781241337944018,0.548974263505765,105.7291501179968
2025-12-30,108.66,112.66,107.06,109.9,21530953.0,2366983348.46,5.2804,1.7593,109.024,105.647,106.66199999999999,107.14966666666666,114.52733333333332,92.161,69.97428,109.024,105.647,106.66199999999999,107.14966666666666,114.52733333333332,92.161,69.97428,106.96299545952391,107.64296825893673,74.81343283582096,57.09436524100477,51.295250747260056,-0.6799727994128233,-1.6078701523997454,1.8557947059738442,-0.6799727994128233,-1.670605822147308,1.9812660454689692,116.32116548645637,106.66199999999999,97.00283451354362,70.5035266495052,62.53444404145385,86.44169186560791,70.45013142056018,61.10118694241878,89.148020376843,5.086758622618914,58.078522541068445,-20.208604954367626,0.008034928089228104,0.04025670392912246,0.030357578144043933,0.025668146424471794,-0.0404037464127921,0.19247838022590905,0.5705770748909459,119.05273293230856
2025-12-31,110.02,111.32,106.0,107.87,15862871.0,1714869751.54,3.8903,-1.8471,108.578,106.274,106.7835,106.92866666666667,114.41583333333332,92.60916666666667,70.20859999999999,108.578,106.274,106.7835,106.92866666666667,114.41583333333332,92.60916666666667,70.20859999999999,107.10253461959715,107.65978542494142,61.00577081615831,64.02740768937954,51.11699487009764,-0.5572508053442675,-1.3977462829886498,1.6809909552887645,-0.5572508053442675,-1.49932043494684,1.8841392592051451,116.4390765724985,106.7835,97.12792342750151,68.0512016743828,64.37336325243018,75.40687851828801,68.01560485508611,63.40599291330789,77.23482873864255,5.12916614577911,29.64301510813141,-36.853448275862036,-0.00652065796017608,0.01501778421815311,0.010174792922127491,0.008803376705965964,-0.05721090466791444,0.16478750303695644,0.5364214640371695,82.99078319321845
2026-01-05,112.6,117.92,111.7,116.49,31246522.0,3592456399.88,7.6632,7.9911,109.93199999999999,107.93499999999999,107.016,107.048,114.21816666666668,93.1375,70.47744,109.93199999999999,107.93499999999999,107.016,107.048,114.21816666666668,93.1375,70.47744,108.54676006273606,108.31387539346429,70.15772870662464,79.77422389463783,55.956463396451475,0.23288466927176898,-1.071620092536566,2.60900952361667,0.23288466927176898,-1.2328273419901308,2.9314240225237995,117.38203847591855,107.016,96.64996152408146,75.86687325260081,68.20453325248707,91.1915532528283,76.14699205484155,67.65299262715244,93.13499091021976,6.023863210182908,137.80965226831594,-7.5902335456475925,0.05965505949132198,0.0792606661416594,0.08852881812065476,0.08820342276361999,0.019890297661346798,0.2507314454435645,0.6528693437219057,215.71466223913544
2026-01-06,116.0,123.52,114.39,119.87,28959600.0,3465902437.65,7.1023,2.9015,112.426,109.91299999999998,107.5355,107.48366666666666,114.331,93.69383333333333,70.75696,112.426,109.91299999999998,107.5355,107.48366666666666,114.331,93.69383333333333,70.75696,110.28879697616128,109.16988462357804,76.92307692307695,79.30702598652553,57.854187473248686,1.1189123525832372,-0.6335136035126053,3.5048519121916852,1.1189123525832372,-0.8710212351326895,3.9798671754318535,119.36024208019654,107.5355,95.71075791980346,78.01082853115516,71.47329834537643,91.08588890271261,78.67129235413464,71.32575920281317,93.36235865677756,6.588615353786015,175.41646763792681,-16.280107047279177,0.0662124419618238,0.09058983013838239,0.11470165666221857,0.11523921464036403,0.048447052855306094,0.2793798240012239,0.6941089611537861,133.11242661773713
2026-01-07,124.77,126.48,118.2,125.37,31576520.0,3876935128.18,7.7441,4.5883,115.9,111.992,108.0635,108.19133333333335,114.1585,94.27566666666667,71.06024,115.9,111.992,108.0635,108.19133333333335,114.1585,94.27566666666667,71.06024,112.60898205675186,110.36989316997966,90.78529278256921,86.46638054363379,63.16006034837471,2.239088886772194,-0.0589931054556454,4.5961639844556785,2.239088886772194,-0.3925427548396304,5.263263283223649,122.00882070171559,108.0635,94.11817929828442,83.53391172910344,75.49350280661878,99.61472957407275,84.21173519113641,75.62108453225426,101.3930365089007,6.8961398349158305,210.88192479881383,-4.707379134860049,0.08170836928386539,0.11945496106864775,0.1601512073919501,0.15878043219728002,0.09820994494496688,0.3298235316995903,0.7642777451919669,156.6142248621555
2026-01-08,123.4,133.33,123.4,126.3,26178095.0,3368811694.6,6.4201,0.7418,119.17999999999999,114.102,108.7375,108.91799999999999,114.21366666666668,94.87775,71.36619999999999,119.17999999999999,114.102,108.7375,108.91799999999999,114.21366666666668,94.87775,71.36619999999999,114.71529250955926,111.5499010833145,90.92128801431126,86.73955705074295,64.26812585499317,3.165391426244767,0.5858838008844371,5.15901525072066,3.165391426244767,0.15483173455796923,6.021119383373596,124.79399221048223,108.7375,92.68100778951776,80.44839145155254,77.14513235493004,87.05490964479753,80.90027375957453,77.38081427469436,87.93919272933488,7.447750774022044,229.12830374664017,-25.722649103549255,0.05974156737707673,0.10690434874060045,0.1615128175652374,0.15958794689582995,0.1058221287003013,0.3311867113206204,0.7697453416323135,107.67062819658837
2026-01-09,124.86,130.0,122.62,128.3,22356242.0,2841571937.71,5.4828,1.5835,123.266,115.922,109.57249999999999,109.58333333333333,114.26749999999998,95.49624999999999,71.67928,123.266,115.922,109.57249999999999,109.58333333333333,114.26749999999998,95.49624999999999,71.67928,116.8052475080886,112.79064915121712,90.96170970614426,85.74442435201931,61.97962154294033,4.014598356871474,1.2716267120818445,5.485943289579259,4.014598356871474,0.7486419841446623,6.531912745453623,127.84041824051438,109.57249999999999,91.3045817594856,80.83069980170585,78.37365483718864,85.74478973074025,81.13195467372051,78.63119440770308,86.13347520575539,7.43543245147258,177.4159542415649,-18.404683497987556,0.0408385118361917,0.10677869601973754,0.1709142348673255,0.17079847908745263,0.1228039468790341,0.3435082529418697,0.7899175326537878,117.01271553039965
2026-01-12,129.01,130.33,124.3,126.79,22943435.0,2889853572.8,5.6268,-1.1769,125.326,117.62900000000002,110.55900000000001,110.259,114.3615,96.10808333333334,71.98924,125.326,117.62900000000002,110.55900000000001,110.259,114.3615,96.10808333333334,71.98924,118.34136327607497,113.82763810297882,93.11759343664538,81.6847666568829,62.75607958732498,4.513725173096148,1.9200464042847052,5.187357537622885,4.513725173096148,1.32788555167566,6.371679242840976,130.32511124334334,110.55900000000001,90.79288875665668,79.24388402440837,78.66373123292855,80.40418960736801,79.44472060575148,78.90236980705255,80.52942220314935,7.179899278477568,144.51046136562383,-23.92974753018662,0.01168153455787317,0.07788045464978863,0.14680849139373542,0.14992880399785963,0.10867730835989384,0.31924387213354405,0.761235429072456,88.83486663059378
2026-01-13,125.0,128.96,120.0,120.96,25869356.0,3192055025.51,6.3444,-4.5982,125.54400000000001,118.98499999999999,111.32099999999998,110.67433333333334,114.41516666666666,96.67233333333334,72.28720000000001,125.54400000000001,118.98499999999999,111.32099999999998,110.67433333333334,114.41516666666666,96.67233333333334,72.28720000000001,118.74423046437113,114.35596120646187,61.67101827676238,65.5142857142857,54.498902706656914,4.388269257909258,2.413690975009616,3.9491565657992833,4.388269257909258,1.7987138141731365,5.179110887472243,131.4729124337333,111.32099999999998,91.16908756626667,71.07538359280596,76.13428201955436,60.957586739309164,71.2092746470347,76.33800475371328,60.951814433677555,7.5035539551180115,95.31872690658618,-45.26161727039888,-0.036513095010514376,0.016598730932470555,0.08658743633276751,0.09293633272393771,0.0572024979205845,0.251236996451932,0.6733252913378852,62.455079160755936
2026-01-14,121.66,129.66,121.66,125.78,26285539.0,3311325452.21,6.4465,3.9848,125.626,120.763,112.585,111.23833333333332,114.55850000000001,97.27941666666668,72.61592,125.626,120.763,112.585,111.23833333333332,114.55850000000001,97.27941666666668,72.61592,119.82665654677557,115.20218630227951,64.35162700339967,70.36004056795132,59.10368080921607,4.624470244496052,2.8558468289069037,3.5372468311782974,4.624470244496052,2.2334455726843543,4.782049343623396,133.04799715661397,112.585,92.122002843386,71.5084823415389,74.5923487935492,65.34074943751827,71.59774304435805,74.75791751726155,65.27739409855107,7.72108959964201,99.38625485690723,-27.62532016099527,0.001225860888669514,0.041544181578794796,0.11720033752276066,0.1307253195091622,0.09795432028177735,0.29297650325137287,0.7321270597411697,147.80806186966916
2026-01-15,123.58,132.7,122.0,131.0,25796127.0,3303838856.97,6.3265,4.1501,126.566,122.873,114.25999999999999,112.06566666666667,114.801,97.92791666666668,72.96988,126.566,122.873,114.25999999999999,112.06566666666667,114.801,97.92791666666668,72.96988,121.54563246265624,116.37239472433288,63.86016740521907,77.86962683042037,62.902367650971,5.173237738323365,3.3193250107901964,3.707825455066338,5.173237738323365,2.6857212904749717,4.9750328956967875,135.00623719845962,114.25999999999999,93.51376280154037,77.41496295415274,75.53322018041706,81.1784485016241,78.22335205274558,75.91306236242289,82.84393143339096,8.262709672434369,106.85650074737579,-8.525429930479369,0.03503310525733607,0.06614146313673464,0.14650796429196578,0.16895748623574863,0.1411050426390014,0.3377186450918404,0.7952612776668948,150.17479667967825
2026-01-16,133.89,142.0,130.33,140.0,35438654.0,4812390989.95,8.6913,6.8702,128.906,126.08600000000001,116.17999999999999,113.21766666666666,115.22433333333333,98.64691666666667,73.36312,128.906,126.08600000000001,116.17999999999999,113.21766666666666,115.22433333333333,98.64691666666667,73.36312,124.3847659299399,118.12258770771562,74.13671599718108,81.53330705557742,70.68056253139126,6.262178222224279,3.9078956530770133,4.708565138294531,6.262178222224279,3.235945433821019,6.052465576806519,138.99723356080736,116.17999999999999,93.36276643919263,82.52872454821096,77.8650549696817,91.85606370526949,83.2820146798282,78.369379801558,93.10728443636859,8.882217004719026,149.96677814509468,-6.6006600660066015,0.08606271236404817,0.1103532509556968,0.20502668273368918,0.23655613228795278,0.2150211326889864,0.41920299924900506,0.908315785915321,194.34232775205956
2026-01-19,139.48,139.48,134.19,135.08,19971950.0,2721315432.41,4.8981,-3.5143,130.56400000000002,127.94500000000001,117.94000000000001,113.99233333333333,115.62816666666667,99.31966666666668,73.73371999999999,130.56400000000002,127.94500000000001,117.94000000000001,113.99233333333333,115.62816666666667,99.31966666666668,73.73371999999999,126.03018655610299,119.37869232195891,60.83067092651756,73.41889880952381,67.63999038692623,6.6514942341440815,4.456615369290427,4.389757729707309,6.6514942341440815,3.7614144800245675,5.780159508239028,140.89323483680892,117.94000000000001,94.98676516319112,78.66060628144038,78.13023874026793,79.72134136378529,80.50021550911644,79.07965837074414,83.34132978586103,8.323632094770112,125.82247580118651,-25.06338283230709,0.03458840109065279,0.05576614951737078,0.14532813294895708,0.18499197314439284,0.1682274647613255,0.3600528931832903,0.8319976260522327,69.92462771894115
2026-01-20,135.0,136.6,129.63,133.21,17566387.0,2335696083.21,4.3081,-1.3844,133.01399999999998,129.27900000000002,119.596,114.78333333333333,115.72333333333334,99.94633333333333,74.0988,133.01399999999998,129.27900000000002,119.596,114.78333333333333,115.72333333333334,99.94633333333333,74.0988,127.13477323977946,120.40323363144344,60.13897662665824,73.63805970149252,70.47702516589459,6.731539608336021,4.911600217099545,3.6398787824729517,6.731539608336021,4.2183568074570985,5.0263656017578455,141.89655878459723,119.596,97.29544121540279,72.45555570277845,76.23867772777145,64.88931165279249,74.6892193029964,77.6161786814949,68.83530054599942,8.077517168448272,95.92094319100549,-36.93277310924367,0.001473529102199967,0.030407104015346516,0.11383323856985186,0.16053434006098455,0.1511075265719964,0.3328152775322758,0.797734916085011,86.9876830460027
2026-01-21,131.0,141.82,130.81,139.52,21084144.0,2911871693.82,5.1709,4.7369,135.762,130.69400000000002,121.343,115.607,115.82366666666667,100.61025,74.488,135.762,130.69400000000002,121.343,115.607,115.82366666666667,100.61025,74.488,129.04019274135186,121.81929039948467,78.8736776602365,72.45077013062975,75.25847559509498,7.220902341867188,5.3734606420530735,3.694883399628228,7.220902341867188,4.6802868896740355,5.081230904386304,144.15892804668687,121.343,98.52707195331315,77.8794613776099,76.78560561105093,80.06717291072783,79.36857044442186,78.20030926913722,81.70509279499115,8.610695865094039,114.27180572847436,-11.272727272727225,0.02768079433125624,0.0675317918190582,0.14979850506415704,0.20684733623396517,0.20458973554627588,0.3867374348041081,0.8730533777252714,158.85335546299405
2026-01-22,142.0,147.0,138.19,140.58,18985228.0,2681267042.08,4.6561,0.7597,137.67800000000003,132.122,123.112,116.53233333333334,115.92666666666666,101.28116666666666,74.8826,137.67800000000003,132.122,123.112,116.53233333333334,115.92666666666666,101.28116666666666,74.8826,130.8155477042208,123.20897259211543,76.07470049330517,71.14559934653869,74.31994010481658,7.606575112105361,5.820083536063532,3.5729831520836584,7.606575112105361,5.130485077740393,4.952180068729936,146.14319038448357,123.112,100.08080961551643,77.32704832581403,76.96608651597197,78.04897194549818,78.31978770368868,78.24013541398772,78.47909228309058,8.646932980531487,135.0272129144107,-23.777777777777732,0.021078167899010635,0.06401659072675253,0.14188706218727679,0.20636046647997555,0.21266317787106806,0.38801718647922384,0.8773386607836803,107.86255760123986
2026-01-23,139.04,140.12,134.04,139.76,17178948.0,2357088430.19,4.2131,-0.5833,137.63000000000002,133.268,124.595,117.47099999999999,115.92266666666666,101.944,75.26592000000001,137.63000000000002,133.268,124.595,117.47099999999999,115.92266666666666,101.944,75.26592000000001,132.19161728818682,124.4349746223291,68.26522101751456,66.2452020772183,75.16405855628469,7.756642665857726,6.20739536202237,3.0984946076707107,7.756642665857726,5.534509322066136,4.444266687583179,147.91622457739913,124.595,101.27377542260085,75.94642727893773,76.62620010362723,74.58688162955875,76.60825353085417,77.69617478627654,74.43241102000943,8.263854256798492,98.4516823090413,-26.814814814814845,0.015476276974496597,0.048713869796200064,0.12171435450860783,0.18974044657830447,0.20563134043385248,0.37094875617986334,0.856882902647041,94.31777129560717
2026-01-26,137.48,145.85,137.1,142.85,18529827.0,2632884457.3,4.5444,2.2109,139.184,134.874,126.25150000000001,118.664,116.08116666666666,102.64708333333333,75.65692,139.184,134.874,126.25150000000001,118.664,116.08116666666666,102.64708333333333,75.65692,133.8313684746196,125.79905057623064,57.88599889319312,67.81485468245423,76.03507062834875,8.032317898388968,6.57237986929569,2.9198760581865546,8.032317898388968,5.918787564577341,4.2270606676232525,149.8290417449923,126.25150000000001,102.67395825500772,78.50519513939179,77.25253178221541,81.01052185374454,79.28204556377932,78.22479837877748,81.396539933783,8.352244391926039,117.27228597645578,-15.370370370370393,0.026339234394757997,0.05913667571214615,0.13147170528666977,0.20381918694802123,0.23060444774992211,0.39166155882006715,0.8881286734908055,124.44387542912072
2026-01-27,141.58,156.28,138.0,153.88,25484925.0,3777934639.66,6.2501,7.7214,143.318,138.166,128.5755,120.26933333333334,116.56166666666668,103.42925,76.093,143.318,138.166,128.5755,120.26933333333334,116.56166666666668,103.42925,76.093,136.91577332467813,127.87912090391725,88.87510339123233,73.05335255948086,77.80284231897133,9.036652420760873,7.065234379588727,3.942836082344293,9.036652420760873,6.398459080913269,5.276386679695209,153.45611048074883,128.5755,103.69488951925118,83.33640780588001,79.28049045677028,91.44824250409948,83.87722737180897,80.10894137645465,91.41379936251761,10.157290866121304,155.10200131614593,-6.932409012131731,0.07369625587853572,0.11373275624972858,0.19680654557050128,0.27946165273497253,0.3201595721863961,0.4877802942591192,1.0222622317427357,210.38720747930194
2026-01-28,154.0,166.5,154.0,163.0,30937010.0,4939058544.92,7.5872,5.9267,148.01399999999998,141.888,131.3255,122.35266666666666,117.23250000000002,104.29866666666666,76.56232000000001,148.01399999999998,141.888,131.3255,122.35266666666666,117.23250000000002,104.29866666666666,76.56232000000001,140.92873127472765,130.48066750362707,97.39102768055992,78.69709938183544,79.7447509263071,10.448063771100578,7.741800257891098,5.41252702641896,10.448063771100578,7.021475187095932,6.853177168009292,158.66703460829973,131.3255,103.98396539170027,85.7266676756676,81.42921619640272,94.32157063419734,86.62976206809738,82.28254827366891,95.32418965695433,10.605056163190158,201.47279742496727,-7.865168539325842,0.1012471793208752,0.14879341452413167,0.24119078168367905,0.33221452740438845,0.39039941995607,0.5628195950092044,1.1289845971229708,177.85016305656652
2026-01-29,160.62,162.0,153.75,154.52,22040684.0,3474900807.55,5.4054,-5.2025,150.802,144.24,133.5565,124.25333333333333,117.73833333333333,105.0605,76.99296000000001,150.802,144.24,133.5565,124.25333333333333,117.73833333333333,105.0605,76.99296000000001,143.01969569400032,132.2613587996547,72.32142857142856,75.52479464557348,72.04685328568593,10.758336894345632,8.345107585182005,4.826458618327255,10.758336894345632,7.596376988211271,6.323919812268722,160.81855481308386,133.5565,106.29444518691614,79.65359799659822,80.83734346313456,77.28610706352555,80.25566092488475,81.60691915740753,77.55314445983919,10.3586823153374,152.85051455359874,-32.49254136154052,0.02465484542645335,0.07127010537992236,0.15696353228783333,0.24358836785062787,0.3124017949407586,0.4707716030287311,1.0069367381121597,58.609895991544455
2026-01-30,153.1,160.03,149.33,155.1,18715481.0,2904735618.45,4.5899,0.3754,153.87,145.75000000000003,135.918,126.03666666666668,118.30716666666667,105.8155,77.42728,153.87,145.75000000000003,135.918,126.03666666666668,118.30716666666667,105.8155,77.42728,144.8782040487695,133.95310999968027,71.92028985507244,73.83739837398373,72.47870021795126,10.925094049089239,8.861104877963452,4.1279783422515735,10.925094049089239,8.10848730526942,5.633213487639637,161.96688408560476,135.918,109.86911591439525,76.12924976285284,79.26797889637399,69.85179149581052,76.53062504837719,79.9148211210641,69.76223290300337,10.420740076185144,127.39499815309757,-30.919446704637927,0.00799376096705004,0.06415094339622616,0.14112921025912673,0.2305942715082911,0.31099412123525894,0.465758797151646,1.0031699421702531,103.81759965049673
2026-02-02,153.0,153.07,135.25,135.5,28817815.0,4066918644.92,7.0675,-12.637,152.4,145.792,136.86849999999998,127.224,118.4445,106.39991666666667,77.78056,152.4,145.792,136.86849999999998,127.224,118.4445,106.39991666666667,77.78056,143.4354034258819,134.0676944441484,45.89595375722544,52.96520822351081,61.884621891388925,9.3677089817335,8.962425698717462,0.810566566032076,9.3677089817335,8.302213717033124,2.1309905294007514,161.2675692445431,136.86849999999998,112.46943075545688,55.13314512069147,71.22303430447982,22.95336675311478,56.327350972491956,72.05233107154005,24.877390774395764,12.135150971424206,33.22439509836825,-84.07919717927854,-0.1108923884514436,-0.07059372256365233,-0.00999864833763783,0.06505061937999117,0.14399571107143003,0.27349723801475406,0.7420805404332395,25.89852163536423
2026-02-03,139.3,142.16,135.28,139.96,17373357.0,2420216062.36,4.2608,3.2915,149.616,146.467,137.873,128.553,118.68116666666667,107.00958333333332,78.15423999999999,149.616,146.467,137.873,128.553,118.68116666666667,107.00958333333332,78.15423999999999,142.9007259757462,134.50416152235962,47.28740379200302,49.97196523689375,63.08977719528178,8.396564453386588,8.849253449651288,-0.9053779925293988,8.396564453386588,8.316729214933657,0.15967047690586256,160.94347427249608,137.873,114.8025257275039,42.834707139405346,61.76025858278834,4.983604252639367,46.09737846657772,63.40068020321928,11.490774993294622,11.179668976619803,12.11685703486631,-74.36256654525076,-0.06453855202652126,-0.044426389562153966,0.015137118942795309,0.08873382962669102,0.17929410310818766,0.3079202407884031,0.7908177470601727,138.2440301320929
2026-02-04,136.88,137.34,130.98,133.79,19480845.0,2600598873.84,4.7776,-4.4084,143.774,145.894,138.294,129.52666666666667,118.93016666666668,107.58491666666667,78.5026,143.774,145.894,138.294,129.52666666666667,118.93016666666668,107.58491666666667,78.5026,141.49907582563142,134.4512606688515,29.250154926668046,49.11144785783164,59.453897902651356,7.047815156779933,8.488965791077018,-2.882301268594169,7.047815156779933,8.121511667525391,-2.1473930214909167,160.7015799205257,138.294,115.88642007947433,31.19348343828225,51.57133353461964,-9.562216754392523,33.368597656397164,53.389986020945244,-6.6741790726989905,10.779729162688932,-33.19416756538871,-92.08896396396395,-0.06944231919540396,-0.08296434397576331,-0.03256829652768753,0.032914715116578216,0.12494587159691734,0.2435758110453834,0.7042747628740957,63.70847350885525
2026-02-05,130.87,132.79,128.01,130.99,13640327.0,1770850017.04,3.3453,-2.0928,139.06799999999998,144.935,138.5285,130.38633333333334,119.20833333333333,108.15433333333334,78.83736,139.06799999999998,144.935,138.5285,130.38633333333334,119.20833333333333,108.15433333333334,78.83736,139.88229492938044,134.1948709896773,11.974340698503184,48.49020674646354,59.09376966645689,5.687423939703137,7.928657420802242,-4.48246696219821,5.687423939703137,7.7470366324758135,-4.119225385545352,160.5015258319271,138.5285,116.55547416807292,23.37641253207733,42.17302653377221,-14.216815471312415,24.826488677487276,43.8688202397926,-13.258174447123366,9.87068749674549,-63.40003094503936,-92.25772928033251,-0.058086691402766816,-0.09621554489943764,-0.05441840487697477,0.0046298308360538986,0.09883257602236992,0.21113963687693205,0.6615218977398534,80.93658649066893
2026-02-06,128.5,133.6,127.5,130.26,11675027.0,1529129518.84,2.8633,-0.5573,134.1,143.985,138.62650000000002,131.05833333333334,119.48966666666666,108.68991666666668,79.175,134.1,143.985,138.62650000000002,131.05833333333334,119.48966666666666,108.68991666666668,79.175,138.4019418633219,133.903399064516,14.676761793826415,43.18516337945245,55.77455338421538,4.498542798805886,7.242634496402972,-5.488183395194172,4.498542798805886,7.247268350372748,-5.497451103133724,160.42422878077002,138.62650000000002,116.82877121923002,17.94324938035924,34.096434149301224,-14.363120157524726,18.909966810632536,35.54920243007258,-14.368504428247562,9.18510795188267,-67.19328137476509,-92.92307692307695,-0.02863534675615215,-0.09532242941973137,-0.06035281854479504,-0.006091435111591628,0.09013610660893963,0.19845523848808402,0.6452162930217872,94.56475832381518
2026-02-09,135.0,136.66,132.1,135.88,14133615.0,1901585572.82,3.4662,4.3144,134.176,143.28799999999998,139.081,131.93033333333332,119.81516666666668,109.25524999999999,79.52812000000002,134.176,143.28799999999998,139.081,131.93033333333332,119.81516666666668,109.25524999999999,79.52812000000002,138.01395080742623,134.04981394862594,25.596749619096002,46.75862068965516,56.59010455256441,3.9641368588002877,6.586934968882435,-5.245596220164295,3.9641368588002877,6.742171197823139,-5.556068678045703,160.20832717795176,139.081,117.95367282204822,19.124559415965987,29.10580923818948,-0.8379402284810027,19.76903770281485,30.289147520986674,-1.2711819335288013,8.678724687904003,-34.469590561134964,-78.51282051282053,0.01269973765800149,-0.05170007258109533,-0.023015365146928722,0.029937517528190433,0.13408013175850003,0.24369309483983614,0.7085780476138499,152.56139233561345
2026-02-10,136.0,138.69,134.4,135.09,11206924.0,1525733056.74,2.7485,-0.5814,133.202,141.40900000000002,139.7875,132.85333333333332,120.20450000000001,109.7935,79.87148,133.202,141.40900000000002,139.7875,132.85333333333332,120.20450000000001,109.7935,79.87148,137.56411222166835,134.12686476724625,49.00340301409822,46.77797709396993,54.16238437821172,3.4372474544221063,5.956997465990369,-5.039500023136526,3.4372474544221063,6.233721391146057,-5.592947873447901,159.24218892202185,139.7875,120.33281107797814,20.083039610643997,26.098219362340984,8.052680107250026,19.666537955722724,26.74827766589869,5.503058535370791,7.880774744648727,-31.708850134494835,-80.53846153846152,0.014173961351931693,-0.04468598179748118,-0.033604578377894954,0.016835608189482227,0.12383479819807072,0.23040070678136693,0.691342141149757,94.33582130451667
2026-02-11,134.9,135.47,131.18,131.46,11986591.0,1587242615.41,2.9397,-2.6871,132.73600000000002,138.255,140.0715,133.63533333333334,120.5105,110.23483333333334,80.20108,132.73600000000002,138.255,140.0715,133.63533333333334,120.5105,110.23483333333334,80.20108,136.62501803371939,133.92931922893172,28.470111448834857,42.19969867141488,52.15971873430437,2.6956988047876678,5.304737733749829,-5.218077857924323,2.6956988047876678,5.689410224013997,-5.987422838452659,158.81816260824513,140.0715,121.32483739175484,17.446485880402697,23.21430820169489,5.91084123781831,16.937112260336896,23.477889197378097,3.8555583862544935,7.2279066092580475,-68.81159054629073,-88.52173913043477,-0.009613066538090723,-0.04914831290007586,-0.061479315920797445,-0.016278130035469615,0.09085930271636095,0.1925450061913279,0.639130046627801,76.15602409812792
2026-02-12,133.0,134.24,128.87,129.5,12746745.0,1667917458.96,3.1261,-1.4909,132.43800000000002,135.753,139.9965,134.28866666666667,120.71916666666667,110.65983333333334,80.52292,132.43800000000002,135.753,139.9965,134.28866666666667,120.71916666666667,110.65983333333334,80.52292,135.52886141314718,133.6012215082701,36.188023180940135,30.935251798561154,50.50242840395243,1.9276399048770827,4.6293181679752795,-5.403356526196394,1.9276399048770827,5.110676328762164,-6.3660728477701625,158.9072569221443,139.9965,121.08574307785567,14.238212591888853,20.222276331759545,2.27008511214747,13.340798479941782,20.09885895823266,-0.1753224766399768,6.890105407574767,-88.76156529466512,-93.85182908084845,-0.02218396532717208,-0.046061597165440074,-0.07497687442186053,-0.03565949968475874,0.07273769009339859,0.17025298248837648,0.6082377539214922,86.05208642561884
2026-02-13,128.55,137.13,128.01,131.79,17139281.0,2285365233.65,4.2034,1.7683,132.744,133.42199999999997,139.586,135.08599999999998,121.00733333333334,111.10391666666666,80.85920000000002,132.744,133.42199999999997,139.586,135.08599999999998,121.00733333333334,111.10391666666666,80.85920000000002,134.9536519649707,133.46705695210193,52.663115845539224,22.675538434599886,52.07986688851913,1.4865950128687757,4.000773536953979,-5.028357048170406,1.4865950128687757,4.553125357086258,-6.1330606884349645,158.8495782870437,139.586,120.32242171295631,19.246575561486594,19.897042741668564,17.945641201122655,14.486356853920245,18.22802492346186,7.003020714837021,7.295540788015719,-70.24265339522653,-83.22252639812284,-0.007186765503525642,-0.012231865809236684,-0.0558508732967491,-0.024399271575144668,0.089107547200996,0.18618680559566228,0.6298701941152023,119.15901256152274
2026-02-24,132.0,132.88,123.5,128.76,19115533.0,2427772123.07,4.6881,-2.2991,131.32,132.748,139.27,135.495,121.2715,111.52275,81.17548,131.32,132.748,139.27,135.495,121.2715,111.52275,81.17548,134.0007824318983,133.11838606676105,45.66974595842956,25.06775067750675,53.321976149914825,0.8823963651372537,3.377098102590634,-4.98940347490676,0.8823963651372537,3.9883978198633345,-6.212002909452162,159.04535414547505,139.27,119.49464585452499,24.373731963088915,21.38927248214201,30.34265092498272,19.053784169137238,18.503278005353653,20.154796496704407,7.67453337201286,-100.1162573120942,-71.81136120042876,-0.01949436491014318,-0.030041883870190134,-0.075464924247864,-0.0497066312410053,0.06174987527984718,0.15456263408138687,0.5861932691990241,79.24741419225604
2026-02-25,130.94,134.31,129.0,131.8,16348317.0,2158217739.26,4.0094,2.361,130.66199999999998,131.932,139.1995,135.89266666666668,121.68816666666666,111.96691666666668,81.50912,130.66199999999998,131.932,139.1995,135.89266666666668,121.68816666666666,111.96691666666668,81.50912,133.66220051929855,133.02072783959358,36.16010854816832,28.4737620103474,52.60335582079226,0.6414726797049752,2.8299730180135025,-4.377000676617055,0.6414726797049752,3.4734862598389715,-5.664027160267993,159.07561576477522,139.1995,119.3233842352248,34.46289174980563,25.74714557136322,51.89438410669044,30.91625988717118,22.64093863262616,47.46690239626122,7.288254577101433,-68.39251022582474,-45.358788676760945,0.008709494726852748,-0.0010005154170328397,-0.05315751852556934,-0.030116905989530998,0.08309627476788363,0.17713342408434635,0.6169969691735111,126.28286389571737
2026-02-26,133.0,133.69,128.39,128.73,15600893.0,2032419534.84,3.8261,-2.3293,130.11599999999999,131.426,138.66000000000003,136.00466666666665,122.098,112.38550000000001,81.83688,130.11599999999999,131.426,138.66000000000003,136.00466666666665,122.098,112.38550000000001,81.83688,132.90340043940645,132.70289614777184,31.316098707403057,40.99494546421921,48.99973561293734,0.20050429163461558,2.304079272737725,-4.207149962206219,0.20050429163461558,2.969950572422917,-5.538892561576603,159.07785286922902,138.66000000000003,118.24214713077103,34.45210997057481,28.648800371100418,46.058729169523595,32.08768872881851,25.789855331356947,44.68335552374165,6.926753744901173,-75.35735661725897,-65.56945358788683,-0.010652033570045159,-0.020513444828268366,-0.07161401990480336,-0.053488360693505585,0.054317024029877564,0.14543246237281482,0.5730071820919859,79.00300123164934
2026-02-27,126.48,127.85,125.13,126.78,13082950.0,1654990208.28,3.2086,-1.5148,129.57199999999997,131.005,137.97,136.02066666666667,122.46933333333332,112.78783333333332,82.13712000000001,129.57199999999997,131.005,137.97,136.02066666666667,122.46933333333332,112.78783333333332,82.13712000000001,131.96133883334392,132.26416309978873,34.745762711864415,31.21436716077538,43.78876151099418,-0.30282426644481575,1.782698564901217,-4.171045662692066,-0.30282426644481575,2.4664467510586503,-5.538542035006932,159.0370478535358,137.97,116.90295214646422,30.165791110512682,29.154463950904507,32.18844542972903,28.589510282675153,26.723073648463014,32.322383551099435,6.321889427646413,-98.08076837625842,-78.40684660961158,-0.0215478652795355,-0.032250677455058926,-0.081104587953903,-0.06793575486078098,0.03519792710011767,0.12405741162980059,0.5435165002133017,85.84396757446365
2026-03-02,123.11,126.57,123.11,124.0,12820866.0,1597450746.99,3.1443,-2.1928,128.01399999999998,130.379,137.182,135.87733333333333,122.73033333333335,113.16699999999999,82.42872,128.01399999999998,130.379,137.182,135.87733333333333,122.73033333333335,113.16699999999999,82.42872,130.73651747436793,131.65200287017475,32.98267326732676,34.553486904386276,44.6873801304181,-0.9154853958068259,1.2430617727596087,-4.317094337132869,-0.9154853958068259,1.9461494976947307,-5.7232697870031135,159.12779600072122,137.182,115.23620399927876,22.014678027462033,26.774535309757017,12.494963462872072,20.963824142237012,24.803323813054348,13.284824800602337,5.839727713528884,-103.44327304381473,-94.28754813863928,-0.03135594544346698,-0.04892659093872473,-0.09609132393462691,-0.08741217568787528,0.010345174108003603,0.095725785785609,0.5043300441884819,80.11417730476434
2026-03-03,124.5,125.16,114.71,115.3,16987553.0,2011716114.85,4.1662,-7.0161,125.322,128.321,135.80450000000002,135.49433333333334,122.87666666666668,113.47366666666667,82.64880000000001,125.322,128.321,135.80450000000002,135.49433333333334,122.87666666666668,113.47366666666667,82.64880000000001,128.3616686321575,130.44074339830996,13.469206911829929,29.130087789305676,41.94041940419404,-2.0790747661524733,0.5786344649771924,-5.3154184622593315,-2.0790747661524733,1.3268842263336225,-6.811917984972192,159.63031923261556,135.80450000000002,111.97868076738447,15.553645000764169,23.034238540092737,0.5924579221070303,14.796010645839416,21.46755275731604,1.452926422886172,6.677959038341814,-139.43171937673455,-97.53961634695578,-0.07996999728698875,-0.10147208952548688,-0.15098542389979727,-0.14904190335143175,-0.06166074383528211,0.016094776761715553,0.39505957739253306,48.31435892394871
2026-03-04,113.73,117.8,113.06,114.7,17816790.0,2047264872.43,4.3695,-0.5204,121.902,126.282,133.8455,135.28566666666669,122.98,113.77533333333332,82.87468000000001,121.902,126.282,133.8455,135.28566666666669,122.98,113.77533333333332,82.87468000000001,126.25987345797942,129.27476240584255,15.094339622641598,29.23117992525364,38.225806451612904,-3.0148889478631276,-0.14007021759087168,-5.749637460544512,-3.0148889478631276,0.6589191226110453,-7.347616140948346,157.85582012763652,133.8455,109.83517987236344,12.640250247012704,19.569575775732726,-1.2184008104273403,12.135160677062869,18.35675539723165,-0.30802876327469875,6.325602849552391,-156.042803711773,-93.18653926049024,-0.05908024478679594,-0.09171536719405769,-0.14304179072139134,-0.15216443230004667,-0.06732802081639291,0.00812712773125998,0.38401741038396753,94.91636681893849
2026-03-05,117.35,118.8,114.98,116.18,13208333.0,1545985479.72,3.2393,1.2903,119.39200000000001,124.75399999999999,131.5045,134.96566666666666,123.10200000000002,114.08933333333333,83.10028,119.39200000000001,124.75399999999999,131.5045,134.96566666666666,123.10200000000002,114.08933333333333,83.10028,124.70912369521336,128.30478000540978,7.965554359526394,20.43817527010809,38.47098847098847,-3.595656310196418,-0.8311874361119809,-5.5289377481688735,-3.595656310196418,0.0043690560252817034,-7.200050732443399,152.4848562008799,131.5045,110.52414379912011,12.747564698673205,17.295572083379554,3.6515499292605114,12.410838318706649,16.37478303772332,4.482948880673305,5.920947785997409,-145.83066025594667,-87.03780639800578,-0.026902975073706807,-0.06872725523830887,-0.11653213388135006,-0.13918848497272138,-0.056229793179639734,0.01832482148491835,0.39806989820010247,113.67881619833116
2026-03-06,115.22,119.49,115.01,117.79,12185767.0,1432179750.27,2.9885,1.3858,117.59400000000001,123.58300000000001,129.668,134.52533333333335,123.2955,114.35666666666667,83.332,117.59400000000001,123.58300000000001,129.668,134.52533333333335,123.2955,114.35666666666667,83.332,123.644643126719,127.52590741241646,18.04906542056078,24.66315172817812,39.696088547040624,-3.881264285697455,-1.4412028060290756,-4.8801229593367585,-3.881264285697455,-0.5934206888551394,-6.575687193684631,148.48430043619823,129.668,110.85169956380179,15.9179843089194,16.836376158559503,14.081200609639197,14.824231500658339,15.857932525368327,12.75682945123836,5.658957279452424,-132.02620406518193,-80.34898213543829,0.001666751705018946,-0.04687537929974192,-0.09160317117561773,-0.12440283862271301,-0.04465288676391269,0.03002302737050751,0.41350261604185684,114.75470382633719
2026-03-09,112.4,115.3,110.11,114.71,13981011.0,1580619266.12,3.4288,-2.6148,115.73600000000002,121.875,127.64850000000001,133.68233333333333,123.45,114.67258333333332,83.5648,115.73600000000002,121.875,127.64850000000001,133.68233333333333,123.45,114.67258333333332,83.5648,122.2700826456853,126.57658093742265,16.931506849315085,25.066984221494508,36.80112570356473,-4.306498291737341,-2.0142619031707287,-4.584472777133225,-4.306498291737341,-1.1646633969908629,-6.283669789492957,143.3907666394449,127.64850000000001,111.90623336055512,16.948077693549564,16.87361000355619,17.09701307353631,16.218909154708857,15.978258068481837,16.7002113271629,6.0264195922792565,-151.29969516202212,-80.99173553719011,-0.00886500311052762,-0.05878974358974364,-0.10136037634598148,-0.1419210217256332,-0.0707978938841637,0.00032629130328309307,0.3727071685685837,76.72353063112416
2026-03-10,118.05,119.21,115.43,118.46,14404974.0,1692650863.96,3.5328,3.2691,116.36800000000001,120.845,126.7965,133.12833333333333,123.56033333333333,115.01066666666667,83.80940000000001,116.36800000000001,120.845,126.7965,133.12833333333333,123.56033333333333,115.01066666666667,83.80940000000001,121.68391608481065,125.97535271983578,35.587929240374606,34.39796495195026,32.1687474828836,-4.291436635025136,-2.4696968495416103,-3.6434795709670507,-4.291436635025136,-1.6457054336115202,-5.29146240282723,142.593931203572,126.7965,110.99906879642799,23.102506983712143,18.94990899694151,31.407702957253406,22.31398351360755,18.09016655019041,30.761617440441825,5.748888757319391,-93.68892535302417,-65.49586776859508,0.017977450845593157,-0.019736025487194383,-0.06574708292421322,-0.11018190467844313,-0.041278080074241774,0.029991421085580425,0.4134452698623302,137.94453051249593
2026-03-11,120.33,128.88,120.3,123.75,25644914.0,3209874859.4,6.2894,4.4656,118.178,120.03999999999999,125.98599999999999,132.813,123.79816666666666,115.464,84.08364,118.178,120.03999999999999,125.98599999999999,132.813,123.79816666666666,115.464,84.08364,122.00177514868594,125.81051177762573,76.72359266287158,39.52579468473165,29.448109749712017,-3.8087366289397977,-2.737504805421248,-2.1424636470370997,-3.8087366289397977,-1.9784794636620244,-3.6605143305555465,140.55539604282356,125.98599999999999,111.41660395717642,39.62472229033128,25.84151342807143,67.19114001485097,34.15786630621618,23.446066468865666,55.5814659809172,6.598181710534048,-21.305499980592806,-42.15436810856657,0.04714921559004216,0.030906364545151683,-0.01774800374644794,-0.06823880192451032,-0.0003890741516096211,0.07176262731240908,0.471748844364968,154.7871104694932
2026-03-12,122.99,130.66,122.5,126.6,20303044.0,2573654543.82,4.9793,2.303,120.26199999999999,119.827,125.62650000000001,132.38233333333332,123.99466666666667,115.91775000000001,84.38044000000001,120.26199999999999,119.827,125.62650000000001,132.38233333333332,123.99466666666667,115.91775000000001,84.38044000000001,122.70919435658041,125.8689923866905,82.94573643410848,47.17277486910996,34.46472290229245,-3.159798030110082,-2.8219634503590147,-0.6756691595021342,-3.159798030110082,-2.1602207815771104,-1.999154497065943,139.73256032507834,125.62650000000001,111.52043967492169,53.16425119436521,34.94909268350269,89.59456821609025,49.519680538288476,32.13727115867327,84.28449929751889,6.882148672255129,7.07245797082107,-19.756690997566924,0.05270160150338435,0.05652315421399181,0.007749161204045222,-0.043679040758207874,0.021011656415329583,0.09215370381153862,0.5003477109149939,125.56973587633719
2026-03-13,124.77,125.0,118.23,119.12,18031035.0,2169666245.65,4.4221,-5.9084,120.52799999999999,119.06099999999999,125.03299999999999,131.667,124.09966666666666,116.32666666666665,84.64968,120.52799999999999,119.06099999999999,125.03299999999999,131.667,124.09966666666666,116.32666666666665,84.64968,122.15701060941419,125.36906702471342,56.109725685785534,35.131332082551594,31.40760644894587,-3.21205641529923,-2.899982043347058,-0.6241487439043443,-3.21205641529923,-2.3220416483035904,-1.7800295339912795,139.18764974747506,125.03299999999999,110.87835025252492,50.057594875724426,39.98526008090994,70.20226446535341,47.62788110500661,37.30080780745105,68.28202770011771,7.152667095481467,-51.31694344381549,-56.15571776155714,-0.011681932828886127,0.0004955443008206862,-0.0472915150400293,-0.09529342963688697,-0.04012635005734633,0.02401283741188622,0.40721146258320173,54.38883928681722
2026-03-16,118.8,139.33,116.5,133.65,37995286.0,4903906612.73,9.3183,12.1978,124.31599999999999,120.026,125.20250000000001,131.46333333333334,124.46716666666667,116.87958333333333,84.9752,124.31599999999999,120.026,125.20250000000001,131.46333333333334,124.46716666666667,116.87958333333333,84.9752,123.92516282335046,125.98246946732725,71.44402379664683,54.54713493530501,48.991165885047444,-2.057306643976787,-2.7314469634730036,1.3482806389924331,-2.057306643976787,-2.281313186099467,0.44801308424535957,139.69778834520164,125.20250000000001,110.70721165479839,60.225483054270306,46.73200107203006,87.2124470187508,58.60567387379176,44.402429829564625,87.01216196224601,10.003091259939385,48.49490492032837,-19.438740588637934,0.07508285337366082,0.11350873977304926,0.06747069747009836,0.016633281776921326,0.07377715408213412,0.1434845692325792,0.5728118321580885,316.1133108903484
2026-03-17,129.99,132.39,125.25,126.78,29216580.0,3744731248.11,7.1653,-5.1403,125.97999999999999,121.174,124.74749999999999,130.92766666666665,124.79583333333333,117.36691666666667,85.26512,125.97999999999999,121.174,124.74749999999999,130.92766666666665,124.79583333333333,117.36691666666667,85.26512,124.364368542835,126.0415458030808,64.80255089526614,50.0,42.99681190223167,-1.6771772602457986,-2.520593022827563,1.6868315251635284,-1.6771772602457986,-2.188369197506595,1.0223838745215925,138.37701576542656,124.74749999999999,111.1179842345734,59.166977295135254,50.87699314639846,75.74694559260882,58.08710450814956,48.9639880557596,76.33333741292947,9.71162012176859,35.389515858345064,-42.95003422313486,0.006350214319733382,0.04626405004373871,0.016292911681596932,-0.03167906961350149,0.01589930219358285,0.08020218644805499,0.48689170905992984,58.99535834539837
2026-03-18,129.0,129.78,123.0,127.6,22167843.0,2801846485.82,5.4366,0.6468,126.75,122.46399999999998,124.37299999999998,130.05166666666668,125.16049999999998,117.82191666666668,85.55904000000001,126.75,122.46399999999998,124.37299999999998,130.05166666666668,125.16049999999998,117.82191666666668,85.55904000000001,124.86215799778346,126.15698685470444,62.077167019027485,53.1545741324921,46.51267605633803,-1.2948288569209865,-2.2754401896462477,1.9612226654505225,-1.2948288569209865,-2.0509014528011167,1.5121451917602604,137.1935593112252,124.37299999999998,111.55244068877477,59.39673914131535,53.71690847803743,70.75640046787119,58.67682394999155,52.201600020503584,71.62727180896748,9.178598281447028,27.104069991207595,-40.14373716632448,0.006706114398422046,0.04193885550039204,0.025946145867672393,-0.01885148210326677,0.019490973589910632,0.08299036045217942,0.4913678320841372,106.65943271561422
2026-03-19,123.0,123.9,119.53,120.9,20623404.0,2496983245.56,5.0579,-5.2508,125.60999999999999,122.936,123.845,128.64833333333334,125.5005,118.20608333333332,85.82507999999999,125.60999999999999,122.936,123.845,128.64833333333334,125.5005,118.20608333333332,85.82507999999999,124.25259522889368,125.76758042102264,46.369426751592364,55.085361423901205,44.55477603885591,-1.514985192128961,-2.1233491901427906,1.2167279960276591,-1.514985192128961,-1.9684527973130928,0.9069352103682635,136.30126031570646,123.845,111.38873968429354,51.906746924691646,53.113521293588846,49.493198186897246,51.42680346380911,51.943334501605435,50.393741388216455,8.977034957547568,-33.89666140836309,-63.07323750855578,-0.03749701456890359,-0.016561462874991877,-0.02377972465581972,-0.06022878907616371,-0.036657224473209245,0.02279000023264466,0.40867914134190175,58.31177544143089
2026-03-20,122.83,123.32,115.91,116.0,17239881.0,2051821380.06,4.2281,-4.0529,124.98599999999999,122.75699999999999,123.17,127.36433333333335,125.80883333333333,118.53225,86.07315999999999,124.98599999999999,122.75699999999999,123.17,127.36433333333335,125.80883333333333,118.53225,86.07315999999999,122.98296519367926,125.04405594539134,37.16707021791767,51.09501347708894,42.63581904565173,-2.0610907517120722,-2.110897502456647,0.09961350148914949,-2.0610907517120722,-1.9827047902975512,-0.15677192282904207,135.79791394199088,123.17,110.54208605800912,35.399477029292335,47.20883987215668,11.780751343563637,41.003677782626106,48.296782261945665,26.41746882398698,8.692119510720737,-65.00257827125562,-79.8425735797399,-0.071896052357864,-0.05504370422867935,-0.058212227003328745,-0.0892269683035283,-0.07796617354637254,-0.021363384226655655,0.3476907319308367,66.11756999523645
